ccn,date,updateDate,city,state,postalCode,blocksizedAddress,incidentType,parentIncidentType,narrative
TB24012771,"04/01/2024, 4:26:49 AM","04/01/2024, 1:04:43 PM",THUNDER BAY,ON,P7B 7A5,1000 Block OLIVER RD, TBPS] ASSAULT SUSP PRESENT OR IN AREA,Assault,ASSAULT
TB24012776,"04/01/2024, 6:26:13 AM","04/01/2024, 1:04:43 PM",THUNDER BAY,ON,P7B 6V4,900 Block OLIVER RD," TBPS] SEXUAL ASSAULT JUST OCCURRED, ACCUSED NOT PRESENT",Other,SEXUAL ASSAULT
TB24012702,"03/31/2024, 10:52:51 AM","04/01/2024, 1:04:44 PM",THUNDER BAY,ON,P7E 3J8,900 Block HOLT PL, TBPS] LIQUOR LICENCE ACT LIQUOR LICENCE ACT VIOLATION IN PROGRESS,Quality of Life,LIQUOR LICENCE ACT
TB24012748,"03/31/2024, 10:46:47 PM","04/01/2024, 1:04:44 PM",THUNDER BAY,ON,P7E 5M8,900 Block ARTHUR ST E, TBPS] THEFT SUSP STILL PRESENT OR MAY BE IN AREA,Other Theft,THEFT
TB24012751,"04/01/2024, 12:20:50 AM","04/01/2024, 1:04:44 PM",THUNDER BAY,ON,P7B 1L4,200 Block AMBROSE ST, TBPS] ASSAULT ACCUSED NOT PRESENT,Assault,ASSAULT
TB24012756,"04/01/2024, 1:13:08 AM","04/01/2024, 1:04:44 PM",THUNDER BAY,ON,P7C 4T4,500 Block JAMES ST N, TBPS] B-E BUS/RES/OTH 11-10,Breaking & Entering,B-E BUS/RES/OTH
TB24012773,"04/01/2024, 5:21:30 AM","04/01/2024, 1:04:44 PM",THUNDER BAY,ON,P7A 1L6,400 Block ARUNDEL ST, TBPS] LIQUOR LICENCE ACT LIQUOR LICENCE ACT VIOLATION IN PROGRESS,Quality of Life,LIQUOR LICENCE ACT
TB24012685,"03/31/2024, 7:40:44 AM","04/01/2024, 1:04:45 PM",THUNDER BAY,ON,P7B 7A4,GOLF LINKS RD AND OLIVER RD, TBPS] LIQUOR LICENCE ACT LIQUOR LICENCE ACT VIOLATION IN PROGRESS,Quality of Life,LIQUOR LICENCE ACT
TB24012697,"03/31/2024, 9:25:52 AM","04/01/2024, 1:04:45 PM",THUNDER BAY,ON,P7B 5J4,1000 Block DAWSON RD, TBPS] ASSAULT SUSP PRESENT OR IN AREA,Assault,ASSAULT
TB24012699,"03/31/2024, 10:08:18 AM","04/01/2024, 1:04:45 PM",THUNDER BAY,ON,P7B 5J4,1000 Block DAWSON RD, TBPS] LIQUOR LICENCE ACT LIQUOR LICENCE ACT VIOLATION IN PROGRESS,Quality of Life,LIQUOR LICENCE ACT
TB24012705,"03/31/2024, 12:01:09 PM","04/01/2024, 1:04:45 PM",THUNDER BAY,ON,P7B 6J8,1 Block PICTON AV, TBPS] B-E BUS/RES/OTH SUSP PRESENT OR MAY STILL BE IN AREA,Breaking & Entering,B-E BUS/RES/OTH
TB24012709,"03/31/2024, 1:21:14 PM","04/01/2024, 1:04:45 PM",THUNDER BAY,ON,P7B 5J4,1000 Block DAWSON RD, TBPS] LIQUOR LICENCE ACT LIQUOR LICENCE ACT VIOLATION IN PROGRESS,Quality of Life,LIQUOR LICENCE ACT
TB24012710,"03/31/2024, 1:24:16 PM","04/01/2024, 1:04:45 PM",THUNDER BAY,ON,P7A 1G4,300 Block MORSE ST," TBPS] MISCHIEF IP/SUSP IN AREA, UNDER 5,000",Other Property Crime,MISCHIEF
TB24012692,"03/31/2024, 8:42:26 AM","04/01/2024, 1:04:46 PM",THUNDER BAY,ON,P7A 7W6,COADY AV AND LAIDLAW DR, TBPS] LIQUOR LICENCE ACT LIQUOR LICENCE ACT VIOLATION IN PROGRESS,Quality of Life,LIQUOR LICENCE ACT
TB24012727,"03/31/2024, 6:18:57 PM","04/01/2024, 1:04:46 PM",THUNDER BAY,ON,P7C,HARBOUR EXPRESSWAY AND GOLF LINKS RD, TBPS] MOTOR VEHICLE COLLISION MVC - AMB ENR - DUAL RESP,Other,MOTOR VEHICLE COLLISION
TB24012728,"03/31/2024, 6:19:01 PM","04/01/2024, 1:04:46 PM",THUNDER BAY,ON,P7C,GOLF LINKS RD AND HARBOUR EXPRESSWAY, TBPS] MOTOR VEHICLE COLLISION MVC - AMB ENR - DUAL RESP,Other,MOTOR VEHICLE COLLISION
TB24012719,"03/31/2024, 4:11:21 PM","04/01/2024, 1:06:31 PM",THUNDER BAY,ON,P7B 6C5,1100 Block ALLOY DR, TBPS] MOTOR VEHICLE COLLISION MVC NO INJURIES,Traffic,MOTOR VEHICLE COLLISION
TB24012739,"03/31/2024, 9:01:43 PM","04/01/2024, 1:06:31 PM",THUNDER BAY,ON,P7B 5L4,1 Block CUMBERLAND ST S, TBPS] ASSAULT SUSP PRESENT OR IN AREA,Assault,ASSAULT
TB24012754,"04/01/2024, 1:04:47 AM","04/01/2024, 1:06:31 PM",THUNDER BAY,ON,P7E 3V7,100 Block FREDERICA ST W, TBPS] B-E BUS/RES/OTH SUSP PRESENT OR MAY STILL BE IN AREA,Breaking & Entering,B-E BUS/RES/OTH
TB24012767,"04/01/2024, 3:09:30 AM","04/01/2024, 1:06:31 PM",THUNDER BAY,ON,P7B 5J4,1000 Block DAWSON RD, TBPS] LIQUOR LICENCE ACT LIQUOR LICENCE ACT VIOLATION IN PROGRESS,Quality of Life,LIQUOR LICENCE ACT
TB24012879,"04/02/2024, 12:43:42 AM","04/02/2024, 1:04:50 PM",THUNDER BAY,ON,P7C 2K2,300 Block PRUDEN ST," TBPS] THEFT NOT IN PROGRESS, UNDER 5000",Other Theft,THEFT
TB24012888,"04/02/2024, 1:44:18 AM","04/02/2024, 1:04:52 PM",THUNDER BAY,ON,P7C 2L5,1100 Block ROSEDALE AV, TBPS] ROBBERY NO WEAPONS - SUSP STILL IN AREA,Robbery,ROBBERY
TB24012890,"04/02/2024, 1:59:13 AM","04/02/2024, 1:04:52 PM",THUNDER BAY,ON,P7G 2G1,2000 Block DAWSON RD, TBPS] MOTOR VEHICLE COLLISION MVC - AMB ENR - DUAL RESP,Other,MOTOR VEHICLE COLLISION
TB24012897,"04/02/2024, 2:52:10 AM","04/02/2024, 1:04:53 PM",THUNDER BAY,ON,P7B 1K3,900 Block RED RIVER RD, TBPS] LIQUOR LICENCE ACT LIQUOR LICENCE ACT VIOLATION IN PROGRESS,Quality of Life,LIQUOR LICENCE ACT
TB24012904,"04/02/2024, 4:33:42 AM","04/02/2024, 1:04:54 PM",THUNDER BAY,ON,P7E 5V3,500 Block DONALD ST E, TBPS] ASSAULT SUSP PRESENT OR IN AREA,Assault,ASSAULT
TB24012907,"04/02/2024, 4:47:12 AM","04/02/2024, 1:04:54 PM",THUNDER BAY,ON,P7B 4N1,200 Block WINDEMERE AV S," TBPS] MISCHIEF 11-10, MICHIEF UNDER 5000",Other Property Crime,MISCHIEF
TB24012910,"04/02/2024, 5:38:22 AM","04/02/2024, 1:04:55 PM",THUNDER BAY,ON,P7B 5R7,100 Block CUMBERLAND ST S, TBPS] DRUG OFFENCES SUSP PRESENT OR MAY STILL BE IN AREA,Quality of Life,DRUG OFFENCES
TB24012793,"04/01/2024, 11:21:50 AM","04/02/2024, 1:05:14 PM",THUNDER BAY,ON,P7E 6T7,600 Block DOCK ST," TBPS] MISCHIEF IP/SUSP IN AREA, UNDER 5,000",Other Property Crime,MISCHIEF
TB24012797,"04/01/2024, 1:41:05 PM","04/02/2024, 1:05:15 PM",THUNDER BAY,ON,P7B 1K3,900 Block RED RIVER RD, TBPS] THEFT SUSP STILL PRESENT OR MAY BE IN AREA,Other Theft,THEFT
TB24012800,"04/01/2024, 2:20:05 PM","04/02/2024, 1:05:15 PM",THUNDER BAY,ON,P7C,CHAPPLES DR AND REDWOOD AV E, TBPS] MOTOR VEHICLE COLLISION MVC - AMB ENR - DUAL RESP,Other,MOTOR VEHICLE COLLISION
TB24012802,"04/01/2024, 2:32:11 PM","04/02/2024, 1:05:15 PM",THUNDER BAY,ON,P7B 5R4,300 Block MOONEY AV, TBPS] B-E BUS/RES/OTH 11-10,Breaking & Entering,B-E BUS/RES/OTH
TB24012808,"04/01/2024, 3:39:09 PM","04/02/2024, 1:05:16 PM",THUNDER BAY,ON,P7A 4P8,300 Block CUMBERLAND ST N, TBPS] ASSAULT ACCUSED NOT PRESENT,Assault,ASSAULT
TB24012811,"04/01/2024, 4:23:37 PM","04/02/2024, 1:05:17 PM",THUNDER BAY,ON,P7C 2M7,300 Block HERON ST, TBPS] B-E BUS/RES/OTH 11-10,Breaking & Entering,B-E BUS/RES/OTH
TB24012819,"04/01/2024, 6:03:30 PM","04/02/2024, 1:05:18 PM",THUNDER BAY,ON,P7B 3Z7,700 Block MEMORIAL AV," TBPS] THEFT NOT IN PROGRESS, UNDER 5000",Other Theft,THEFT
TB24012820,"04/01/2024, 6:06:32 PM","04/02/2024, 1:05:18 PM",THUNDER BAY,ON,P7B 5R8,100 Block CUMBERLAND ST S, TBPS] B-E BUS/RES/OTH SUSP PRESENT OR MAY STILL BE IN AREA,Breaking & Entering,B-E BUS/RES/OTH
TB24012822,"04/01/2024, 6:12:48 PM","04/02/2024, 1:05:18 PM",THUNDER BAY,ON,P7A 4K8,1000 Block DAWSON RD," TBPS] THEFT NOT IN PROGRESS, OVER 5000",Other Theft,THEFT
TB24012831,"04/01/2024, 7:19:46 PM","04/02/2024, 1:05:21 PM",THUNDER BAY,ON,P7C 5P4,600 Block DALHOUSIE DR," TBPS] THEFT NOT IN PROGRESS, UNDER 5000",Other Theft,THEFT
TB24012833,"04/01/2024, 7:29:43 PM","04/02/2024, 1:05:21 PM",THUNDER BAY,ON,P7B 7C6,900 Block CARRICK ST, TBPS] THEFT SUSP STILL PRESENT OR MAY BE IN AREA,Other Theft,THEFT
TB24012839,"04/01/2024, 8:41:04 PM","04/02/2024, 1:05:22 PM",THUNDER BAY,ON,P7B 1C4,200 Block PARK AV," TBPS] THEFT NOT IN PROGRESS, UNDER 5000",Other Theft,THEFT
TB24012848,"04/01/2024, 9:43:24 PM","04/02/2024, 1:05:25 PM",THUNDER BAY,ON,P7E 1K7,300 Block CATHERINE ST," TBPS] THEFT NOT IN PROGRESS, UNDER 5000",Other Theft,THEFT
TB24013012,"04/02/2024, 11:56:58 PM","04/03/2024, 1:08:03 PM",THUNDER BAY,ON,P7E 2V3,500 Block ARTHUR ST W, TBPS] MOTOR VEHICLE COLLISION MVC NO INJURIES,Traffic,MOTOR VEHICLE COLLISION
TB24013014,"04/03/2024, 12:00:03 AM","04/03/2024, 1:08:03 PM",THUNDER BAY,ON,P7E 6G6,300 Block EUCLID AV, TBPS] MOTOR VEHICLE COLLISION MVC - AMB ENR - DUAL RESP,Other,MOTOR VEHICLE COLLISION
TB24013022,"04/03/2024, 1:03:10 AM","04/03/2024, 1:08:06 PM",THUNDER BAY,ON,P7B 5L6,300 Block MAIN ST, TBPS] THEFT SUSP STILL PRESENT OR MAY BE IN AREA,Other Theft,THEFT
TB24013026,"04/03/2024, 1:27:04 AM","04/03/2024, 1:08:07 PM",THUNDER BAY,ON,P7A 4K8,1 Block CUMBERLAND ST N, TBPS] ASSAULT SUSP PRESENT OR IN AREA,Assault,ASSAULT
TB24013038,"04/03/2024, 2:49:17 AM","04/03/2024, 1:08:09 PM",THUNDER BAY,ON,P7E 3B4,900 Block HOME AV, TBPS] LIQUOR LICENCE ACT LIQUOR LICENCE ACT VIOLATION IN PROGRESS,Quality of Life,LIQUOR LICENCE ACT
TB24013039,"04/03/2024, 2:53:15 AM","04/03/2024, 1:08:10 PM",THUNDER BAY,ON,P7B 4A2,900 Block MEMORIAL AV, TBPS] LIQUOR LICENCE ACT LIQUOR LICENCE ACT VIOLATION IN PROGRESS,Quality of Life,LIQUOR LICENCE ACT
TB24013041,"04/03/2024, 3:04:45 AM","04/03/2024, 1:08:10 PM",THUNDER BAY,ON,P7C 2G7,100 Block CAMERON ST, TBPS] B-E BUS/RES/OTH SUSP PRESENT OR MAY STILL BE IN AREA,Breaking & Entering,B-E BUS/RES/OTH
TB24013057,"04/03/2024, 5:23:22 AM","04/03/2024, 1:08:13 PM",THUNDER BAY,ON,P7B 2V6,1 Block LAKE ST, TBPS] LIQUOR LICENCE ACT LIQUOR LICENCE ACT VIOLATION IN PROGRESS,Quality of Life,LIQUOR LICENCE ACT
TB24013060,"04/03/2024, 5:49:29 AM","04/03/2024, 1:08:14 PM",THUNDER BAY,ON,P7B 2T1,1 Block CUMBERLAND ST S, TBPS] ASSAULT SUSP PRESENT OR IN AREA,Assault,ASSAULT
TB24013068,"04/03/2024, 7:00:37 AM","04/03/2024, 1:08:14 PM",THUNDER BAY,ON,P7E 5N3,1300 Block ARTHUR ST E, TBPS] ASSAULT SUSP PRESENT OR IN AREA,Assault,ASSAULT
TB24013069,"04/03/2024, 7:07:47 AM","04/03/2024, 1:08:15 PM",THUNDER BAY,ON,P7E 5N3,1300 Block ARTHUR ST E, TBPS] ROBBERY NO WEAPONS - SUSP STILL IN AREA,Robbery,ROBBERY
TB24012883,"04/02/2024, 1:19:57 AM","04/03/2024, 1:08:28 PM",THUNDER BAY,ON,P7B 5R8,100 Block CUMBERLAND ST S, TBPS] ASSAULT SUSP PRESENT OR IN AREA,Assault,ASSAULT
TB24012929,"04/02/2024, 9:17:20 AM","04/03/2024, 1:08:35 PM",THUNDER BAY,ON,P7E 2M6,1400 Block BROWN ST, TBPS] ASSAULT ACCUSED NOT PRESENT,Assault,ASSAULT
TB24012933,"04/02/2024, 10:27:34 AM","04/03/2024, 1:08:36 PM",THUNDER BAY,ON,P7B 1Z7,700 Block JOHN ST, TBPS] LIQUOR LICENCE ACT LIQUOR LICENCE ACT VIOLATION IN PROGRESS,Quality of Life,LIQUOR LICENCE ACT
TB24012940,"04/02/2024, 2:26:57 PM","04/03/2024, 1:08:36 PM",THUNDER BAY,ON,P7E 5R8,600 Block ARTHUR ST W, TBPS] MOTOR VEHICLE COLLISION 11-10 MVC ANY TYPE,Other,MOTOR VEHICLE COLLISION
TB24012942,"04/02/2024, 2:40:15 PM","04/03/2024, 1:08:37 PM",THUNDER BAY,ON,P7E 6S2,100 Block PRINCESS ST, TBPS] MOTOR VEHICLE COLLISION 11-10 MVC ANY TYPE,Other,MOTOR VEHICLE COLLISION
TB24012943,"04/02/2024, 2:43:56 PM","04/03/2024, 1:08:37 PM",THUNDER BAY,ON,P7C 3R3,MAY ST N AND DEASE ST, TBPS] MOTOR VEHICLE COLLISION 11-10 MVC ANY TYPE,Other,MOTOR VEHICLE COLLISION
TB24012945,"04/02/2024, 2:56:44 PM","04/03/2024, 1:08:37 PM",THUNDER BAY,ON,P7C 1G9,JAMES ST N AND VICTORIA AV W, TBPS] MOTOR VEHICLE COLLISION 11-10 MVC ANY TYPE,Other,MOTOR VEHICLE COLLISION
TB24012946,"04/02/2024, 3:03:32 PM","04/03/2024, 1:08:37 PM",THUNDER BAY,ON,P7E 5E5,ISABELLA ST W AND LELAND AV S, TBPS] MOTOR VEHICLE COLLISION 11-10 MVC ANY TYPE,Other,MOTOR VEHICLE COLLISION
TB24012961,"04/02/2024, 5:11:54 PM","04/03/2024, 1:08:39 PM",THUNDER BAY,ON,P7E 5V3,500 Block DONALD ST E, TBPS] ASSAULT SUSP PRESENT OR IN AREA,Assault,ASSAULT
TB24012962,"04/02/2024, 5:20:43 PM","04/03/2024, 1:08:39 PM",THUNDER BAY,ON,P7C 3P8,200 Block MAY ST N, TBPS] ASSAULT ACCUSED NOT PRESENT,Assault,ASSAULT
TB24012968,"04/02/2024, 5:47:42 PM","04/03/2024, 1:08:39 PM",THUNDER BAY,ON,P7B 6S5,100 Block MAIN ST, TBPS] B-E BUS/RES/OTH 11-10,Breaking & Entering,B-E BUS/RES/OTH
TB24012969,"04/02/2024, 5:48:09 PM","04/03/2024, 1:08:39 PM",THUNDER BAY,ON,P7B 1K3,800 Block RED RIVER RD, TBPS] MOTOR VEHICLE COLLISION 11-10 MVC ANY TYPE,Other,MOTOR VEHICLE COLLISION
TB24012990,"04/02/2024, 8:52:47 PM","04/03/2024, 1:08:41 PM",THUNDER BAY,ON,P7B 2Z2,300 Block FORT WILLIAM RD, TBPS] THEFT SUSP STILL PRESENT OR MAY BE IN AREA,Other Theft,THEFT
TB24012993,"04/02/2024, 9:42:19 PM","04/03/2024, 1:08:42 PM",THUNDER BAY,ON,P7B 5L6,300 Block MAIN ST, TBPS] DRUG OFFENCES SUSP PRESENT OR MAY STILL BE IN AREA,Quality of Life,DRUG OFFENCES
TB24012994,"04/02/2024, 9:43:40 PM","04/03/2024, 1:08:42 PM",THUNDER BAY,ON,P7B 6S2,700 Block MEMORIAL AV, TBPS] LIQUOR LICENCE ACT LIQUOR LICENCE ACT VIOLATION IN PROGRESS,Quality of Life,LIQUOR LICENCE ACT
TB24012997,"04/02/2024, 10:14:17 PM","04/03/2024, 1:08:42 PM",THUNDER BAY,ON,P7C 2H6,MCKENZIE ST AND DEASE ST, TBPS] INDECENT ACTS SUSP PRESENT OR MAY STILL BE IN AREA,Sexual Offense,INDECENT ACTS
TB24013003,"04/02/2024, 10:33:19 PM","04/03/2024, 1:08:42 PM",THUNDER BAY,ON,P7B 4J1,RAVENWOOD AV AND ACADEMY DR, TBPS] MOTOR VEHICLE COLLISION MVC NO INJURIES,Traffic,MOTOR VEHICLE COLLISION
TB24013004,"04/02/2024, 10:36:06 PM","04/03/2024, 1:08:43 PM",THUNDER BAY,ON,P7C 3L4,700 Block MCKENZIE ST," TBPS] ASSAULT JUST OCCURRED, ACCUSED NOT PRESENT",Assault,ASSAULT
TB24013150,"04/03/2024, 8:57:32 PM","04/04/2024, 1:04:33 PM",THUNDER BAY,ON,P7E 6E2,1100 Block ARTHUR ST W, TBPS] ASSAULT SUSP PRESENT OR IN AREA,Assault,ASSAULT
TB24013157,"04/03/2024, 9:54:25 PM","04/04/2024, 1:04:34 PM",THUNDER BAY,ON,P7B 5L6,300 Block MAIN ST, TBPS] SHOPLIFT IN CUSTODY - NO PROBLEMS,Theft,SHOPLIFT
TB24013176,"04/03/2024, 11:45:47 PM","04/04/2024, 1:04:37 PM",THUNDER BAY,ON,P7B,MEMORIAL AV AND HARBOUR EXPRESSWAY, TBPS] MOTOR VEHICLE COLLISION MVC NO INJURIES,Traffic,MOTOR VEHICLE COLLISION
TB24013205,"04/04/2024, 3:55:29 AM","04/04/2024, 1:04:41 PM",THUNDER BAY,ON,P7A 4B6,200 Block VAN NORMAN ST, TBPS] B-E BUS/RES/OTH SUSP PRESENT OR MAY STILL BE IN AREA,Breaking & Entering,B-E BUS/RES/OTH
TB24013037,"04/03/2024, 2:48:08 AM","04/04/2024, 1:05:18 PM",THUNDER BAY,ON,P7E 5Y8,400 Block GEORGE ST, TBPS] ASSAULT ACCUSED PRESENT,Assault,ASSAULT
TB24013076,"04/03/2024, 10:08:31 AM","04/04/2024, 1:05:23 PM",THUNDER BAY,ON,P7B 6P4,500 Block HARBOUR EXPRESSWAY, TBPS] B-E BUS/RES/OTH SUSP PRESENT OR MAY STILL BE IN AREA,Breaking & Entering,B-E BUS/RES/OTH
TB24013081,"04/03/2024, 1:32:52 PM","04/04/2024, 1:05:24 PM",THUNDER BAY,ON,P7B 1M8,200 Block WILSON ST, TBPS] B-E BUS/RES/OTH SUSP PRESENT OR MAY STILL BE IN AREA,Breaking & Entering,B-E BUS/RES/OTH
TB24013085,"04/03/2024, 2:21:42 PM","04/04/2024, 1:05:24 PM",THUNDER BAY,ON,P7J,MOUNTAIN RD AND CHIPPEWA RD, TBPS] MOTOR VEHICLE COLLISION 11-10 MVC ANY TYPE,Other,MOTOR VEHICLE COLLISION
TB24013086,"04/03/2024, 2:23:51 PM","04/04/2024, 1:05:24 PM",THUNDER BAY,ON,P7B 5E1,900 Block OLIVER RD, TBPS] MOTOR VEHICLE COLLISION 11-10 MVC ANY TYPE,Other,MOTOR VEHICLE COLLISION
TB24013087,"04/03/2024, 2:33:08 PM","04/04/2024, 1:05:25 PM",THUNDER BAY,ON,P7B 3Z9,900 Block MEMORIAL AV, TBPS] MOTOR VEHICLE COLLISION 11-10 MVC ANY TYPE,Other,MOTOR VEHICLE COLLISION
TB24013088,"04/03/2024, 2:35:48 PM","04/04/2024, 1:05:25 PM",THUNDER BAY,ON,P7B 3Y7,400 Block MEMORIAL AV, TBPS] MOTOR VEHICLE COLLISION 11-10 MVC ANY TYPE,Other,MOTOR VEHICLE COLLISION
TB24013090,"04/03/2024, 2:39:04 PM","04/04/2024, 1:05:25 PM",THUNDER BAY,ON,P7A 8C4,600 Block ARUNDEL ST, TBPS] MOTOR VEHICLE COLLISION 11-10 MVC ANY TYPE,Other,MOTOR VEHICLE COLLISION
TB24013091,"04/03/2024, 2:45:44 PM","04/04/2024, 1:05:25 PM",THUNDER BAY,ON,P7C 4P5,400 Block EDWARD ST N, TBPS] MOTOR VEHICLE COLLISION 11-10 MVC ANY TYPE,Other,MOTOR VEHICLE COLLISION
TB24013093,"04/03/2024, 2:50:43 PM","04/04/2024, 1:05:26 PM",THUNDER BAY,ON,P7B 3Z5,700 Block MEMORIAL AV, TBPS] MOTOR VEHICLE COLLISION 11-10 MVC ANY TYPE,Other,MOTOR VEHICLE COLLISION
TB24013094,"04/03/2024, 2:55:18 PM","04/04/2024, 1:05:26 PM",THUNDER BAY,ON,P7B 2K2,300 Block QUEEN ST," TBPS] MISCHIEF 11-10, MICHIEF UNDER 5000",Other Property Crime,MISCHIEF
TB24013097,"04/03/2024, 3:28:35 PM","04/04/2024, 1:05:26 PM",THUNDER BAY,ON,P7B 7C6,900 Block CARRICK ST, TBPS] THEFT SUSP STILL PRESENT OR MAY BE IN AREA,Other Theft,THEFT
TB24013102,"04/03/2024, 4:10:52 PM","04/04/2024, 1:05:27 PM",THUNDER BAY,ON,P7A 4B6,200 Block VAN NORMAN ST, TBPS] B-E BUS/RES/OTH 11-10,Breaking & Entering,B-E BUS/RES/OTH
TB24013103,"04/03/2024, 4:13:33 PM","04/04/2024, 1:05:27 PM",THUNDER BAY,ON,P7C 2G7,100 Block CAMERON ST, TBPS] B-E BUS/RES/OTH SUSP PRESENT OR MAY STILL BE IN AREA,Breaking & Entering,B-E BUS/RES/OTH
TB24013120,"04/03/2024, 5:35:56 PM","04/04/2024, 1:05:29 PM",THUNDER BAY,ON,P7B 6S2,700 Block MEMORIAL AV, TBPS] THEFT SUSP STILL PRESENT OR MAY BE IN AREA,Other Theft,THEFT
TB24013141,"04/03/2024, 7:22:05 PM","04/04/2024, 1:05:32 PM",THUNDER BAY,ON,P7B 7C6,900 Block CARRICK ST, TBPS] ROBBERY NO WEAPONS - SUSP STILL IN AREA,Robbery,ROBBERY
TB24012900,"04/02/2024, 3:39:35 AM","04/05/2024, 1:05:58 PM",THUNDER BAY,ON,P7E 5M8,900 Block ARTHUR ST E," TBPS] THEFT NOT IN PROGRESS, OVER 5000",Other Theft,THEFT
TB24012716,"03/31/2024, 3:02:19 PM","04/05/2024, 1:06:18 PM",THUNDER BAY,ON,P7J 1E8,2300 Block 61 HWY, TBPS] ASSAULT ACCUSED NOT PRESENT,Assault,ASSAULT
TB24013244,"04/04/2024, 1:27:29 PM","04/06/2024, 1:05:57 PM",THUNDER BAY,ON,P7B 1K3,900 Block RED RIVER RD," TBPS] MISCHIEF 11-10, MICHIEF OVER 5000",Other Property Crime,MISCHIEF
TB24013246,"04/04/2024, 1:52:24 PM","04/06/2024, 1:05:58 PM",THUNDER BAY,ON,P7E 6H9,ARTHUR ST E AND WATERLOO ST S, TBPS] MOTOR VEHICLE COLLISION 11-10 MVC ANY TYPE,Other,MOTOR VEHICLE COLLISION
TB24013517,"04/05/2024, 11:13:25 PM","04/06/2024, 1:05:59 PM",THUNDER BAY,ON,P7C,SIMPSON ST AND MCKENZIE ST, TBPS] MOTOR VEHICLE COLLISION MVC - AMB ENR - DUAL RESP,Other,MOTOR VEHICLE COLLISION
TB24013252,"04/04/2024, 3:23:33 PM","04/06/2024, 1:06:05 PM",THUNDER BAY,ON,P7C 1G9,JAMES ST N AND VICTORIA AV W, TBPS] MOTOR VEHICLE COLLISION 11-10 MVC ANY TYPE,Other,MOTOR VEHICLE COLLISION
TB24013539,"04/06/2024, 1:55:12 AM","04/06/2024, 1:06:10 PM",THUNDER BAY,ON,P7E 1T9,600 Block SELKIRK ST S, TBPS] ASSAULT ACCUSED NOT PRESENT,Assault,ASSAULT
TB24013541,"04/06/2024, 2:09:57 AM","04/06/2024, 1:06:11 PM",THUNDER BAY,ON,P7B 5J4,1000 Block DAWSON RD, TBPS] ASSAULT SUSP PRESENT OR IN AREA,Assault,ASSAULT
TB24013542,"04/06/2024, 2:10:20 AM","04/06/2024, 1:06:12 PM",THUNDER BAY,ON,P7C 4E6,100 Block MARKS ST N, TBPS] B-E BUS/RES/OTH SUSP PRESENT OR MAY STILL BE IN AREA,Breaking & Entering,B-E BUS/RES/OTH
TB24013273,"04/04/2024, 4:55:16 PM","04/06/2024, 1:06:15 PM",THUNDER BAY,ON,P7C,PACIFIC AV AND WILEY ST, TBPS] MOTOR VEHICLE COLLISION 11-10 MVC ANY TYPE,Other,MOTOR VEHICLE COLLISION
TB24013551,"04/06/2024, 2:52:12 AM","04/06/2024, 1:06:17 PM",THUNDER BAY,ON,P7B 5E3,1000 Block DAWSON RD, TBPS] THEFT SUSP STILL PRESENT OR MAY BE IN AREA,Other Theft,THEFT
TB24013283,"04/04/2024, 5:31:17 PM","04/06/2024, 1:06:19 PM",THUNDER BAY,ON,P7C 3X8,100 Block CENTENNIAL SQ, TBPS] THEFT SUSP STILL PRESENT OR MAY BE IN AREA,Other Theft,THEFT
TB24013560,"04/06/2024, 4:14:53 AM","04/06/2024, 1:06:19 PM",THUNDER BAY,ON,P7B 7C6,900 Block CARRICK ST, TBPS] ROBBERY NO WEAPONS - SUSP STILL IN AREA,Robbery,ROBBERY
TB24013289,"04/04/2024, 6:00:03 PM","04/06/2024, 1:06:20 PM",THUNDER BAY,ON,P7J,CITY RD, TBPS] MOTOR VEHICLE COLLISION 11-10 MVC ANY TYPE,Other,MOTOR VEHICLE COLLISION
TB24013561,"04/06/2024, 4:15:36 AM","04/06/2024, 1:06:20 PM",THUNDER BAY,ON,P7C 3P8,200 Block MAY ST N," TBPS] MISCHIEF IP/SUSP IN AREA, MICHIEF OVER 5000",Other Property Crime,MISCHIEF
TB24013571,"04/06/2024, 6:04:46 AM","04/06/2024, 1:06:21 PM",THUNDER BAY,ON,P7C 4P5,400 Block EDWARD ST N, TBPS] B-E BUS/RES/OTH SUSP PRESENT OR MAY STILL BE IN AREA,Breaking & Entering,B-E BUS/RES/OTH
TB24013321,"04/04/2024, 8:48:41 PM","04/06/2024, 1:06:25 PM",THUNDER BAY,ON,P7B 3A6,900 Block FORT WILLIAM RD, TBPS] LIQUOR LICENCE ACT LIQUOR LICENCE ACT VIOLATION IN PROGRESS,Quality of Life,LIQUOR LICENCE ACT
TB24013322,"04/04/2024, 8:59:20 PM","04/06/2024, 1:06:26 PM",THUNDER BAY,ON,P7B 6S2,700 Block MEMORIAL AV, TBPS] THEFT SUSP STILL PRESENT OR MAY BE IN AREA,Other Theft,THEFT
TB24013327,"04/04/2024, 9:31:08 PM","04/06/2024, 1:06:27 PM",THUNDER BAY,ON,P7B 3E6,100 Block SECORD ST, TBPS] STOLEN VEHICLE SUSP NOT IN AREA,Theft of Vehicle,STOLEN VEHICLE
TB24013336,"04/04/2024, 10:34:30 PM","04/06/2024, 1:06:30 PM",THUNDER BAY,ON,P7E 2V5,ISABELLA ST W AND JAMES ST S, TBPS] MOTOR VEHICLE COLLISION MVC - AMB ENR - DUAL RESP,Other,MOTOR VEHICLE COLLISION
TB24013337,"04/04/2024, 10:36:21 PM","04/06/2024, 1:06:31 PM",THUNDER BAY,ON,P7A 4N7,200 Block CUMBERLAND ST N," TBPS] THEFT NOT IN PROGRESS, UNDER 5000",Other Theft,THEFT
TB24013338,"04/04/2024, 10:44:55 PM","04/06/2024, 1:06:31 PM",THUNDER BAY,ON,P7B 6S2,700 Block MEMORIAL AV, TBPS] MOTOR VEHICLE COLLISION 11-10 MVC ANY TYPE,Other,MOTOR VEHICLE COLLISION
TB24013355,"04/04/2024, 11:41:59 PM","04/06/2024, 1:06:35 PM",THUNDER BAY,ON,P7E,ARTHUR ST W AND 61 HWY, TBPS] MOTOR VEHICLE COLLISION MVC - AMB ENR - DUAL RESP,Other,MOTOR VEHICLE COLLISION
TB24013359,"04/05/2024, 12:03:37 AM","04/06/2024, 1:06:36 PM",THUNDER BAY,ON,P7C 1J9,900 Block MILES ST E," TBPS] THEFT NOT IN PROGRESS, UNDER 5000",Other Theft,THEFT
TB24013360,"04/05/2024, 12:07:42 AM","04/06/2024, 1:06:36 PM",THUNDER BAY,ON,P7B 5Z5,1200 Block BALMORAL ST," TBPS] MISCHIEF 11-10, MICHIEF UNDER 5000",Other Property Crime,MISCHIEF
TB24013362,"04/05/2024, 12:19:23 AM","04/06/2024, 1:06:37 PM",THUNDER BAY,ON,P7B 6S2,700 Block MEMORIAL AV, TBPS] ROBBERY NO WEAPONS - SUSP STILL IN AREA,Robbery,ROBBERY
TB24013377,"04/05/2024, 2:36:18 AM","04/06/2024, 1:06:43 PM",THUNDER BAY,ON,P7E 2V9,700 Block JAMES ST S, TBPS] TROUBLE WITH YOUTH YOUTHS STILL IN AREA,Quality of Life,TROUBLE WITH YOUTH
TB24013380,"04/05/2024, 2:45:53 AM","04/06/2024, 1:06:44 PM",THUNDER BAY,ON,P7B 7C6,900 Block CARRICK ST," TBPS] THEFT NOT IN PROGRESS, UNDER 5000",Other Theft,THEFT
TB24013264,"04/04/2024, 4:14:42 PM","04/06/2024, 1:06:45 PM",THUNDER BAY,ON,P7B,MEMORIAL AV AND HIGH ST S, TBPS] MOTOR VEHICLE COLLISION 11-10 MVC ANY TYPE,Other,MOTOR VEHICLE COLLISION
TB24013299,"04/04/2024, 6:49:28 PM","04/06/2024, 1:06:45 PM",THUNDER BAY,ON,P7C 3V9,200 Block SYNDICATE AV N, TBPS] B-E BUS/RES/OTH SUSP PRESENT OR MAY STILL BE IN AREA,Breaking & Entering,B-E BUS/RES/OTH
TB24013384,"04/05/2024, 3:10:41 AM","04/06/2024, 1:06:46 PM",THUNDER BAY,ON,P7A 4K8,1 Block CUMBERLAND ST N, TBPS] ASSAULT SUSP PRESENT OR IN AREA,Assault,ASSAULT
TB24013389,"04/05/2024, 3:56:36 AM","04/06/2024, 1:06:49 PM",THUNDER BAY,ON,P7B 6S2,700 Block MEMORIAL AV, TBPS] THEFT SUSP STILL PRESENT OR MAY BE IN AREA,Other Theft,THEFT
TB24013390,"04/05/2024, 4:08:00 AM","04/06/2024, 1:06:50 PM",THUNDER BAY,ON,P7C 1J9,900 Block MILES ST E," TBPS] THEFT IN PROGRESS, OVER 50000",Other Theft,THEFT
TB24013395,"04/05/2024, 5:14:07 AM","04/06/2024, 1:06:52 PM",THUNDER BAY,ON,P7B 1Z7,700 Block JOHN ST, TBPS] ASSAULT SUSP PRESENT OR IN AREA,Assault,ASSAULT
TB24013399,"04/05/2024, 6:52:49 AM","04/06/2024, 1:06:54 PM",THUNDER BAY,ON,P7E 5R5,500 Block ARTHUR ST W, TBPS] ASSAULT SUSP PRESENT OR IN AREA,Assault,ASSAULT
TB24013412,"04/05/2024, 2:33:30 PM","04/06/2024, 1:06:58 PM",THUNDER BAY,ON,P7J 1K3,CITY RD AND MISSION RD, TBPS] MOTOR VEHICLE COLLISION 11-10 MVC ANY TYPE,Other,MOTOR VEHICLE COLLISION
TB24013415,"04/05/2024, 3:16:42 PM","04/06/2024, 1:06:58 PM",THUNDER BAY,ON,P7C 1Z4,100 Block REDWOOD AV W, TBPS] LIQUOR LICENCE ACT LIQUOR LICENCE ACT VIOLATION IN PROGRESS,Quality of Life,LIQUOR LICENCE ACT
TB24013418,"04/05/2024, 3:35:17 PM","04/06/2024, 1:06:59 PM",THUNDER BAY,ON,P7E,ROSSLYN RD AND NEEBING AV, TBPS] MOTOR VEHICLE COLLISION 11-10 MVC ANY TYPE,Other,MOTOR VEHICLE COLLISION
TB24013421,"04/05/2024, 4:13:48 PM","04/06/2024, 1:06:59 PM",THUNDER BAY,ON,P7E 4C7,JAMES ST S AND FRANCIS ST W, TBPS] MOTOR VEHICLE COLLISION 11-10 MVC ANY TYPE,Other,MOTOR VEHICLE COLLISION
TB24013461,"04/05/2024, 7:18:36 PM","04/06/2024, 1:07:11 PM",THUNDER BAY,ON,P7B 1E7,300 Block PEARL ST, TBPS] MOTOR VEHICLE COLLISION 11-10 MVC ANY TYPE,Other,MOTOR VEHICLE COLLISION
TB24013464,"04/05/2024, 7:27:52 PM","04/06/2024, 1:07:12 PM",THUNDER BAY,ON,P7C 5G8,400 Block BALMORAL ST, TBPS] MOTOR VEHICLE COLLISION 11-10 MVC ANY TYPE,Other,MOTOR VEHICLE COLLISION
TB24013466,"04/05/2024, 7:32:55 PM","04/06/2024, 1:07:13 PM",THUNDER BAY,ON,P7E 6E7,1200 Block ARTHUR ST W, TBPS] MOTOR VEHICLE COLLISION MVC NO INJURIES,Traffic,MOTOR VEHICLE COLLISION
TB24013468,"04/05/2024, 7:34:24 PM","04/06/2024, 1:07:14 PM",THUNDER BAY,ON,P7B 6V4,900 Block OLIVER RD, TBPS] MOTOR VEHICLE COLLISION 11-10 MVC ANY TYPE,Other,MOTOR VEHICLE COLLISION
TB24013469,"04/05/2024, 7:37:00 PM","04/06/2024, 1:07:14 PM",THUNDER BAY,ON,P7B 6S2,700 Block MEMORIAL AV, TBPS] MOTOR VEHICLE COLLISION 11-10 MVC ANY TYPE,Other,MOTOR VEHICLE COLLISION
TB24013471,"04/05/2024, 7:39:48 PM","04/06/2024, 1:07:15 PM",THUNDER BAY,ON,P7B 7A4,GOLF LINKS RD AND OLIVER RD, TBPS] MOTOR VEHICLE COLLISION 11-10 MVC ANY TYPE,Other,MOTOR VEHICLE COLLISION
TB24013476,"04/05/2024, 7:47:24 PM","04/06/2024, 1:07:16 PM",THUNDER BAY,ON,P7C 6B3,100 Block LYNX CR, TBPS] MOTOR VEHICLE COLLISION 11-10 MVC ANY TYPE,Other,MOTOR VEHICLE COLLISION
TB24013498,"04/05/2024, 9:37:26 PM","04/06/2024, 1:07:19 PM",THUNDER BAY,ON,P7B 5R8,100 Block CUMBERLAND ST S, TBPS] INDECENT ACTS SUSP PRESENT OR MAY STILL BE IN AREA,Sexual Offense,INDECENT ACTS
TB24013508,"04/05/2024, 10:38:39 PM","04/06/2024, 1:07:20 PM",THUNDER BAY,ON,P7B 1E3,200 Block PEARL ST," TBPS] MISCHIEF IP/SUSP IN AREA, UNDER 5,000",Other Property Crime,MISCHIEF
TB24013515,"04/05/2024, 10:56:24 PM","04/06/2024, 1:07:20 PM",THUNDER BAY,ON,P7B 5J4,1000 Block DAWSON RD, TBPS] ASSAULT SUSP PRESENT OR IN AREA,Assault,ASSAULT
TB24013214,"04/04/2024, 5:11:12 AM","04/06/2024, 1:08:21 PM",THUNDER BAY,ON,P7B 1V8,200 Block WINDSOR ST, TBPS] ASSAULT SUSP PRESENT OR IN AREA,Assault,ASSAULT
TB24013122,"04/03/2024, 5:41:17 PM","04/06/2024, 1:08:47 PM",THUNDER BAY,ON,P7C 3A7,800 Block MCINTOSH ST, TBPS] MOTOR VEHICLE COLLISION 11-10 MVC ANY TYPE,Other,MOTOR VEHICLE COLLISION
TB24013670,"04/06/2024, 11:37:27 PM","04/07/2024, 1:07:03 PM",THUNDER BAY,ON,P7J 1H8,1000 Block GREENGATE CIR," TBPS] THEFT NOT IN PROGRESS, FROM MOTOR VEHICLE",Theft from Vehicle,THEFT
TB24013685,"04/07/2024, 1:51:42 AM","04/07/2024, 1:07:05 PM",THUNDER BAY,ON,P7E 1B6,300 Block MAY ST S," TBPS] THEFT IN PROGRESS, OVER 50000",Other Theft,THEFT
TB24013688,"04/07/2024, 2:13:25 AM","04/07/2024, 1:07:06 PM",THUNDER BAY,ON,P7C 4P5,400 Block EDWARD ST N, TBPS] B-E BUS/RES/OTH 11-10,Breaking & Entering,B-E BUS/RES/OTH
TB24013692,"04/07/2024, 2:39:57 AM","04/07/2024, 1:07:06 PM",THUNDER BAY,ON,P7B 6V4,900 Block OLIVER RD, TBPS] LIQUOR LICENCE ACT LIQUOR LICENCE ACT VIOLATION IN PROGRESS,Quality of Life,LIQUOR LICENCE ACT
TB24013694,"04/07/2024, 2:58:40 AM","04/07/2024, 1:07:07 PM",THUNDER BAY,ON,P7E 5P4,2800 Block ARTHUR ST E, TBPS] THEFT SUSP STILL PRESENT OR MAY BE IN AREA,Other Theft,THEFT
TB24013703,"04/07/2024, 3:54:56 AM","04/07/2024, 1:07:08 PM",THUNDER BAY,ON,P7E 3K2,900 Block HOLT PL, TBPS] THEFT SUSP STILL PRESENT OR MAY BE IN AREA,Other Theft,THEFT
TB24013704,"04/07/2024, 4:04:37 AM","04/07/2024, 1:07:08 PM",THUNDER BAY,ON,P7B 6B9,1000 Block FORT WILLIAM RD, TBPS] ROBBERY NO WEAPONS - SUSP STILL IN AREA,Robbery,ROBBERY
TB24013714,"04/07/2024, 5:08:18 AM","04/07/2024, 1:07:09 PM",THUNDER BAY,ON,P7E 5V3,500 Block DONALD ST E, TBPS] ASSAULT SUSP PRESENT OR IN AREA,Assault,ASSAULT
TB24013586,"04/06/2024, 9:28:27 AM","04/07/2024, 1:07:24 PM",THUNDER BAY,ON,P7A 6L4,1000 Block HURON AV, TBPS] B-E BUS/RES/OTH SUSP PRESENT OR MAY STILL BE IN AREA,Breaking & Entering,B-E BUS/RES/OTH
TB24013591,"04/06/2024, 10:52:30 AM","04/07/2024, 1:07:25 PM",THUNDER BAY,ON,P7A 5M7,1 Block BALSAM ST, TBPS] ASSAULT SUSP PRESENT OR IN AREA,Assault,ASSAULT
TB24013592,"04/06/2024, 11:00:15 AM","04/07/2024, 1:07:25 PM",THUNDER BAY,ON,P7A 4B6,200 Block VAN NORMAN ST," TBPS] MISCHIEF IP/SUSP IN AREA, UNDER 5,000",Other Property Crime,MISCHIEF
TB24013596,"04/06/2024, 12:12:49 PM","04/07/2024, 1:07:25 PM",THUNDER BAY,ON,P7B 3Y7,400 Block MEMORIAL AV, TBPS] ASSAULT SUSP PRESENT OR IN AREA,Assault,ASSAULT
TB24013600,"04/06/2024, 1:51:44 PM","04/07/2024, 1:07:26 PM",THUNDER BAY,ON,P7E 1N2,700 Block MARKS ST S, TBPS] ASSAULT SUSP PRESENT OR IN AREA,Assault,ASSAULT
TB24013601,"04/06/2024, 1:56:53 PM","04/07/2024, 1:07:26 PM",THUNDER BAY,ON,P7B 1K3,900 Block RED RIVER RD, TBPS] ARSON SUSP MAY BE PRESENT OR IN AREA,Property Crime,ARSON
TB24013619,"04/06/2024, 5:04:25 PM","04/07/2024, 1:07:29 PM",THUNDER BAY,ON,P7E 5V7,1100 Block LINCOLN ST," TBPS] THEFT NOT IN PROGRESS, UNDER 5000",Other Theft,THEFT
TB24013625,"04/06/2024, 5:55:20 PM","04/07/2024, 1:07:29 PM",THUNDER BAY,ON,P7B 2Z2,300 Block FORT WILLIAM RD, TBPS] THEFT SUSP STILL PRESENT OR MAY BE IN AREA,Other Theft,THEFT
TB24013635,"04/06/2024, 7:36:57 PM","04/07/2024, 1:07:31 PM",THUNDER BAY,ON,P7A 4L9,100 Block CUMBERLAND ST N, TBPS] LIQUOR LICENCE ACT LIQUOR LICENCE ACT VIOLATION IN PROGRESS,Quality of Life,LIQUOR LICENCE ACT
TB24013650,"04/06/2024, 9:03:10 PM","04/07/2024, 1:07:33 PM",THUNDER BAY,ON,P7B 2Z2,300 Block FORT WILLIAM RD, TBPS] THEFT SUSP STILL PRESENT OR MAY BE IN AREA,Other Theft,THEFT
TB24013654,"04/06/2024, 9:41:46 PM","04/07/2024, 1:07:33 PM",THUNDER BAY,ON,P7C 4Z3,OGDEN ST AND MCKENZIE ST, TBPS] DRUG OFFENCES SUSP PRESENT OR MAY STILL BE IN AREA,Quality of Life,DRUG OFFENCES
TB24013665,"04/06/2024, 11:06:55 PM","04/07/2024, 1:07:36 PM",THUNDER BAY,ON,P7C 3J2,SIMPSON ST AND PRUDEN ST, TBPS] ASSAULT SUSP PRESENT OR IN AREA,Assault,ASSAULT
TB24013798,"04/07/2024, 9:08:47 PM","04/08/2024, 1:05:16 PM",THUNDER BAY,ON,P7C 4C2,MILES ST E AND HAROLD ST N, TBPS] ASSAULT SUSP PRESENT OR IN AREA,Assault,ASSAULT
TB24013821,"04/08/2024, 12:36:01 AM","04/08/2024, 1:05:20 PM",THUNDER BAY,ON,P7C 2W1,700 Block NORTHERN AV, TBPS] DRUG OFFENCES SUSP PRESENT OR MAY STILL BE IN AREA,Quality of Life,DRUG OFFENCES
TB24013841,"04/08/2024, 3:22:55 AM","04/08/2024, 1:05:23 PM",THUNDER BAY,ON,P7B 2K2,300 Block QUEEN ST, TBPS] B-E BUS/RES/OTH SUSP PRESENT OR MAY STILL BE IN AREA,Breaking & Entering,B-E BUS/RES/OTH
TB24013853,"04/08/2024, 5:35:19 AM","04/08/2024, 1:05:25 PM",THUNDER BAY,ON,P7B 3A6,900 Block FORT WILLIAM RD, TBPS] THEFT SUSP STILL PRESENT OR MAY BE IN AREA,Other Theft,THEFT
TB24013660,"04/06/2024, 10:09:09 PM","04/08/2024, 1:05:31 PM",THUNDER BAY,ON,P7C 3L8,800 Block MINNESOTA ST," TBPS] THEFT NOT IN PROGRESS, UNDER 5000",Other Theft,THEFT
TB24013726,"04/07/2024, 7:05:16 AM","04/08/2024, 1:05:38 PM",THUNDER BAY,ON,P7C 3K2,700 Block SIMPSON ST, TBPS] ASSAULT ACCUSED NOT PRESENT,Assault,ASSAULT
TB24013732,"04/07/2024, 8:16:59 AM","04/08/2024, 1:05:38 PM",THUNDER BAY,ON,P7B 1K7,1000 Block DAWSON RD, TBPS] ASSAULT SUSP PRESENT OR IN AREA,Assault,ASSAULT
TB24013733,"04/07/2024, 8:23:53 AM","04/08/2024, 1:05:39 PM",THUNDER BAY,ON,P7E 6T6,FREDERICA ST W AND NEEBING AV, TBPS] LIQUOR LICENCE ACT LIQUOR LICENCE ACT VIOLATION IN PROGRESS,Quality of Life,LIQUOR LICENCE ACT
TB24013734,"04/07/2024, 9:13:52 AM","04/08/2024, 1:05:39 PM",THUNDER BAY,ON,P7B 0A1,1200 Block GOLF LINKS RD, TBPS] MOTOR VEHICLE COLLISION MVC - AMB ENR - DUAL RESP,Other,MOTOR VEHICLE COLLISION
TB24013748,"04/07/2024, 1:35:57 PM","04/08/2024, 1:05:39 PM",THUNDER BAY,ON,P7B 1K3,800 Block RED RIVER RD, TBPS] LIQUOR LICENCE ACT LIQUOR LICENCE ACT VIOLATION IN PROGRESS,Quality of Life,LIQUOR LICENCE ACT
TB24013759,"04/07/2024, 3:39:26 PM","04/08/2024, 1:05:40 PM",THUNDER BAY,ON,P7C 3J7,600 Block SIMPSON ST, TBPS] B-E BUS/RES/OTH SUSP PRESENT OR MAY STILL BE IN AREA,Breaking & Entering,B-E BUS/RES/OTH
TB24013766,"04/07/2024, 4:44:27 PM","04/08/2024, 1:05:40 PM",THUNDER BAY,ON,P7E 6P5,1900 Block FREDERICA ST W, TBPS] ASSAULT SUSP PRESENT OR IN AREA,Assault,ASSAULT
TB24013776,"04/07/2024, 5:33:17 PM","04/08/2024, 1:05:40 PM",THUNDER BAY,ON,P7C 3J7,600 Block SIMPSON ST, TBPS] B-E BUS/RES/OTH SUSP PRESENT OR MAY STILL BE IN AREA,Breaking & Entering,B-E BUS/RES/OTH
TB24013814,"04/07/2024, 11:50:10 PM","04/08/2024, 1:05:46 PM",THUNDER BAY,ON,P7C 4C5,200 Block HAROLD ST N, TBPS] ASSAULT SUSP PRESENT OR IN AREA,Assault,ASSAULT
TB24013842,"04/08/2024, 3:43:58 AM","04/08/2024, 1:05:46 PM",THUNDER BAY,ON,P7C 1A1,100 Block SIMPSON ST, TBPS] ASSAULT SUSP PRESENT OR IN AREA,Assault,ASSAULT
TB24013848,"04/08/2024, 4:40:53 AM","04/08/2024, 1:05:46 PM",THUNDER BAY,ON,P7B 3B6,1 Block ALGOMA ST S, TBPS] B-E BUS/RES/OTH SUSP PRESENT OR MAY STILL BE IN AREA,Breaking & Entering,B-E BUS/RES/OTH
TB24013937,"04/08/2024, 10:18:16 PM","04/09/2024, 1:04:54 PM",THUNDER BAY,ON,P7E 3W5,400 Block FREDERICA ST W, TBPS] ASSAULT SUSP PRESENT OR IN AREA,Assault,ASSAULT
TB24013942,"04/08/2024, 10:36:11 PM","04/09/2024, 1:04:54 PM",THUNDER BAY,ON,P7E 5V3,500 Block DONALD ST E, TBPS] LIQUOR LICENCE ACT LIQUOR LICENCE ACT VIOLATION IN PROGRESS,Quality of Life,LIQUOR LICENCE ACT
TB24013944,"04/08/2024, 10:54:39 PM","04/09/2024, 1:04:55 PM",THUNDER BAY,ON,P7B 5R8,100 Block CUMBERLAND ST S, TBPS] B-E BUS/RES/OTH 11-10,Breaking & Entering,B-E BUS/RES/OTH
TB24013945,"04/08/2024, 11:18:04 PM","04/09/2024, 1:04:55 PM",THUNDER BAY,ON,P7C 3R2,300 Block MAY ST N, TBPS] ROBBERY NO WEAPONS - SUSP STILL IN AREA,Robbery,ROBBERY
TB24013952,"04/09/2024, 12:03:52 AM","04/09/2024, 1:04:56 PM",THUNDER BAY,ON,P7B 3K1,HIGH ST N AND RED RIVER RD, TBPS] MOTOR VEHICLE COLLISION MVC - AMB ENR - DUAL RESP,Other,MOTOR VEHICLE COLLISION
TB24013953,"04/09/2024, 12:07:14 AM","04/09/2024, 1:04:56 PM",THUNDER BAY,ON,P7E 5V7,1100 Block LINCOLN ST, TBPS] ASSAULT SUSP PRESENT OR IN AREA,Assault,ASSAULT
TB24013978,"04/09/2024, 5:20:34 AM","04/09/2024, 1:05:00 PM",THUNDER BAY,ON,P7C 2V5,200 Block NORTHERN AV, TBPS] TROUBLE WITH YOUTH YOUTHS STILL IN AREA,Quality of Life,TROUBLE WITH YOUTH
TB24013982,"04/09/2024, 5:44:08 AM","04/09/2024, 1:05:00 PM",THUNDER BAY,ON,P7C 1E1,WATERLOO ST N AND VICTORIA AV E, TBPS] MOTOR VEHICLE COLLISION MVC - AMB ENR - DUAL RESP,Other,MOTOR VEHICLE COLLISION
TB24013986,"04/09/2024, 6:21:27 AM","04/09/2024, 1:05:01 PM",THUNDER BAY,ON,P7E 5R5,500 Block ARTHUR ST W," TBPS] THEFT NOT IN PROGRESS, UNDER 5000",Other Theft,THEFT
TB24013800,"04/07/2024, 9:24:38 PM","04/09/2024, 1:05:21 PM",THUNDER BAY,ON,P7A 1H1,400 Block MORSE ST, TBPS] MOTOR VEHICLE COLLISION 11-10 MVC ANY TYPE,Other,MOTOR VEHICLE COLLISION
TB24013865,"04/08/2024, 9:50:34 AM","04/09/2024, 1:05:31 PM",THUNDER BAY,ON,P7E 2A6,300 Block KINGSWAY," TBPS] MISCHIEF IP/SUSP IN AREA, UNDER 5,000",Other Property Crime,MISCHIEF
TB24013870,"04/08/2024, 1:50:52 PM","04/09/2024, 1:05:32 PM",THUNDER BAY,ON,P7E 5S6,SELKIRK ST S AND ARTHUR ST E, TBPS] MOTOR VEHICLE COLLISION 11-10 MVC ANY TYPE,Other,MOTOR VEHICLE COLLISION
TB24013883,"04/08/2024, 3:49:19 PM","04/09/2024, 1:05:33 PM",THUNDER BAY,ON,P7C 3Y9,100 Block MCKELLAR ST N," TBPS] THEFT NOT IN PROGRESS, UNDER 5000",Other Theft,THEFT
TB24013886,"04/08/2024, 4:06:44 PM","04/09/2024, 1:05:33 PM",THUNDER BAY,ON,P7C 2H6,MCKENZIE ST AND DEASE ST, TBPS] MOTOR VEHICLE COLLISION 11-10 MVC ANY TYPE,Other,MOTOR VEHICLE COLLISION
TB24013887,"04/08/2024, 4:19:31 PM","04/09/2024, 1:05:33 PM",THUNDER BAY,ON,P7B,FORT WILLIAM RD AND CENTRAL AV, TBPS] MOTOR VEHICLE COLLISION 11-10 MVC ANY TYPE,Other,MOTOR VEHICLE COLLISION
TB24013888,"04/08/2024, 4:24:00 PM","04/09/2024, 1:05:33 PM",THUNDER BAY,ON,P7E 4W9,JAMES ST S AND WALSH ST W, TBPS] MOTOR VEHICLE COLLISION 11-10 MVC ANY TYPE,Other,MOTOR VEHICLE COLLISION
TB24013906,"04/08/2024, 6:01:54 PM","04/09/2024, 1:05:35 PM",THUNDER BAY,ON,P7B 4H9,RAVENWOOD AV AND TRILLIUM WAY, TBPS] MOTOR VEHICLE COLLISION 11-10 MVC ANY TYPE,Other,MOTOR VEHICLE COLLISION
TB24013910,"04/08/2024, 6:41:04 PM","04/09/2024, 1:05:35 PM",THUNDER BAY,ON,P7C 2W1,700 Block NORTHERN AV, TBPS] DRUG OFFENCES SUSP PRESENT OR MAY STILL BE IN AREA,Quality of Life,DRUG OFFENCES
TB24013911,"04/08/2024, 6:44:24 PM","04/09/2024, 1:05:35 PM",THUNDER BAY,ON,P7E,JAMES ST S AND FREDERICA ST W, TBPS] MOTOR VEHICLE COLLISION MVC NO INJURIES,Traffic,MOTOR VEHICLE COLLISION
TB24013920,"04/08/2024, 7:57:28 PM","04/09/2024, 1:05:36 PM",THUNDER BAY,ON,P7B 5R7,100 Block CUMBERLAND ST S, TBPS] DRUG OFFENCES SUSP PRESENT OR MAY STILL BE IN AREA,Quality of Life,DRUG OFFENCES
TB24013922,"04/08/2024, 8:09:42 PM","04/09/2024, 1:05:36 PM",THUNDER BAY,ON,P7E 5R2,ARTHUR ST W AND JAMES ST S, TBPS] MOTOR VEHICLE COLLISION MVC NO INJURIES,Traffic,MOTOR VEHICLE COLLISION
TB24013927,"04/08/2024, 8:00:00 PM","04/09/2024, 1:05:37 PM",THUNDER BAY,ON,P7A 2J6,200 Block GIBSON AV, TBPS] TROUBLE WITH YOUTH YOUTHS STILL IN AREA,Quality of Life,TROUBLE WITH YOUTH
TB24013928,"04/08/2024, 8:42:23 PM","04/09/2024, 1:05:37 PM",THUNDER BAY,ON,P7B 1E3,200 Block PEARL ST," TBPS] THEFT NOT IN PROGRESS, UNDER 5000",Other Theft,THEFT
TB24014078,"04/10/2024, 12:15:14 AM","04/10/2024, 1:07:51 PM",THUNDER BAY,ON,P7E 2V3,500 Block ARTHUR ST W, TBPS] MOTOR VEHICLE COLLISION MVC NO INJURIES,Traffic,MOTOR VEHICLE COLLISION
TB24014105,"04/10/2024, 5:12:14 AM","04/10/2024, 1:07:51 PM",THUNDER BAY,ON,.,UNKNOWN STREET AND UNKNOWN STREET, TBPS] LIQUOR LICENCE ACT LIQUOR LICENCE ACT VIOLATION IN PROGRESS,Quality of Life,LIQUOR LICENCE ACT
TB24014106,"04/10/2024, 5:16:15 AM","04/10/2024, 1:07:51 PM",THUNDER BAY,ON,P7E 5N3,1300 Block ARTHUR ST E, TBPS] THEFT SUSP STILL PRESENT OR MAY BE IN AREA,Other Theft,THEFT
TB24014053,"04/09/2024, 8:09:37 PM","04/10/2024, 1:07:52 PM",THUNDER BAY,ON,P7B 5Z5,1200 Block BALMORAL ST," TBPS] THEFT NOT IN PROGRESS, UNDER 5000",Other Theft,THEFT
TB24014059,"04/09/2024, 8:47:46 PM","04/10/2024, 1:07:52 PM",THUNDER BAY,ON,P7C 4S3,100 Block LIMBRICK ST, TBPS] ROBBERY WEAPONS - SUSP STILL IN AREA,Robbery,ROBBERY
TB24014073,"04/09/2024, 10:58:14 PM","04/10/2024, 1:07:52 PM",THUNDER BAY,ON,P7E 3V7,100 Block FREDERICA ST W," TBPS] THEFT NOT IN PROGRESS, UNDER 5000",Other Theft,THEFT
TB24014086,"04/10/2024, 1:31:45 AM","04/10/2024, 1:07:52 PM",THUNDER BAY,ON,P7C 4S3,100 Block LIMBRICK ST, TBPS] MISCHIEF IP PROGRESS/SUPECT IN AREA,Other Property Crime,MISCHIEF
TB24014019,"04/09/2024, 4:20:47 PM","04/10/2024, 1:07:53 PM",THUNDER BAY,ON,P7E,ARTHUR ST W AND 61 HWY, TBPS] MOTOR VEHICLE COLLISION MVC NO INJURIES,Traffic,MOTOR VEHICLE COLLISION
TB24014038,"04/09/2024, 6:20:26 PM","04/10/2024, 1:07:53 PM",THUNDER BAY,ON,P7A 5S3,300 Block HIGH ST N, TBPS] TROUBLE WITH YOUTH YOUTHS STILL IN AREA,Quality of Life,TROUBLE WITH YOUTH
TB24014046,"04/09/2024, 7:28:30 PM","04/10/2024, 1:07:53 PM",THUNDER BAY,ON,P7B 6M3,1100 Block CARRICK ST, TBPS] TRESPASS AT NIGHT SUSP NOT IN AREA - REPORTED AFTER THE FA,Other Property Crime,TRESPASS AT NIGHT
TB24013991,"04/09/2024, 7:12:15 AM","04/10/2024, 1:07:54 PM",THUNDER BAY,ON,P7E 6E7,1200 Block ARTHUR ST E," TBPS] MISCHIEF IP/SUSP IN AREA, UNDER 5,000",Other Property Crime,MISCHIEF
TB24013997,"04/09/2024, 9:26:38 AM","04/10/2024, 1:07:54 PM",THUNDER BAY,ON,P7E 5R9,700 Block ARTHUR ST W, TBPS] TROUBLE WITH YOUTH YOUTHS STILL IN AREA,Quality of Life,TROUBLE WITH YOUTH
TB24014003,"04/09/2024, 11:37:45 AM","04/10/2024, 1:07:54 PM",THUNDER BAY,ON,P7B 5J4,1000 Block DAWSON RD, TBPS] ASSAULT SUSP PRESENT OR IN AREA,Assault,ASSAULT
TB24014004,"04/09/2024, 11:38:15 AM","04/10/2024, 1:07:54 PM",THUNDER BAY,ON,P7B 5J4,1000 Block DAWSON RD, TBPS] LIQUOR LICENCE ACT LIQUOR LICENCE ACT VIOLATION IN PROGRESS,Quality of Life,LIQUOR LICENCE ACT
TB24014006,"04/09/2024, 12:54:35 PM","04/10/2024, 1:07:54 PM",THUNDER BAY,ON,P7J 1E8,2300 Block 61 HWY, TBPS] ASSAULT ACCUSED NOT PRESENT,Assault,ASSAULT
TB24014029,"04/09/2024, 4:51:01 PM","04/10/2024, 1:07:54 PM",THUNDER BAY,ON,P7G 1B7,400 Block TUSCANY DR, TBPS] MOTOR VEHICLE COLLISION 11-10 MVC ANY TYPE,Other,MOTOR VEHICLE COLLISION
TB24014030,"04/09/2024, 4:58:18 PM","04/10/2024, 1:07:54 PM",THUNDER BAY,ON,P7C 3K3,SIMPSON ST AND ATLANTIC AV, TBPS] MOTOR VEHICLE COLLISION 11-10 MVC ANY TYPE,Other,MOTOR VEHICLE COLLISION
TB24014267,"04/11/2024, 1:47:46 AM","04/11/2024, 1:08:34 PM",THUNDER BAY,ON,.,100 Block PEARL ST, TBPS] MOTOR VEHICLE COLLISION MVC - AMB ENR - DUAL RESP,Other,MOTOR VEHICLE COLLISION
TB24014273,"04/11/2024, 2:29:14 AM","04/11/2024, 1:08:36 PM",THUNDER BAY,ON,P7A 4K8,1000 Block DAWSON RD," TBPS] THEFT NOT IN PROGRESS, UNDER 5000",Other Theft,THEFT
TB24014276,"04/11/2024, 2:44:50 AM","04/11/2024, 1:08:39 PM",THUNDER BAY,ON,P7B 1L2,1 Block WALKOVER ST, TBPS] LIQUOR LICENCE ACT LIQUOR LICENCE ACT VIOLATION IN PROGRESS,Quality of Life,LIQUOR LICENCE ACT
TB24014288,"04/11/2024, 4:21:09 AM","04/11/2024, 1:08:47 PM",THUNDER BAY,ON,P7E 5R8,1000 Block ARTHUR ST W, TBPS] LIQUOR LICENCE ACT LIQUOR LICENCE ACT VIOLATION IN PROGRESS,Quality of Life,LIQUOR LICENCE ACT
TB24014296,"04/11/2024, 5:41:18 AM","04/11/2024, 1:08:52 PM",THUNDER BAY,ON,P7B 2A7,100 Block VALLEY ST, TBPS] LIQUOR LICENCE ACT LIQUOR LICENCE ACT VIOLATION IN PROGRESS,Quality of Life,LIQUOR LICENCE ACT
TB24014299,"04/11/2024, 5:56:07 AM","04/11/2024, 1:08:53 PM",THUNDER BAY,ON,P7E 6J1,1 Block VALHALLA INN RD, TBPS] LIQUOR LICENCE ACT LIQUOR LICENCE ACT VIOLATION IN PROGRESS,Quality of Life,LIQUOR LICENCE ACT
TB24014314,"04/11/2024, 7:23:12 AM","04/11/2024, 1:09:00 PM",THUNDER BAY,ON,P7B 1K3,900 Block RED RIVER RD, TBPS] ASSAULT SUSP PRESENT OR IN AREA,Assault,ASSAULT
TB24014114,"04/10/2024, 6:39:31 AM","04/11/2024, 1:09:11 PM",THUNDER BAY,ON,P7B 7A4,1100 Block OLIVER RD, TBPS] MOTOR VEHICLE COLLISION MVC - AMB ENR - DUAL RESP,Other,MOTOR VEHICLE COLLISION
TB24014123,"04/10/2024, 8:44:22 AM","04/11/2024, 1:09:13 PM",THUNDER BAY,ON,P7C 3Y3,300 Block ARCHIBALD ST N, TBPS] B-E BUS/RES/OTH SUSP PRESENT OR MAY STILL BE IN AREA,Breaking & Entering,B-E BUS/RES/OTH
TB24014130,"04/10/2024, 10:59:32 AM","04/11/2024, 1:09:15 PM",THUNDER BAY,ON,P7C 2V8,600 Block NORTHERN AV," TBPS] MISCHIEF 11-10, MICHIEF UNDER 5000",Other Property Crime,MISCHIEF
TB24014134,"04/10/2024, 11:52:28 AM","04/11/2024, 1:09:16 PM",THUNDER BAY,ON,P7B 1V8,200 Block WINDSOR ST," TBPS] MISCHIEF IP/SUSP IN AREA, MICHIEF OVER 5000",Other Property Crime,MISCHIEF
TB24014142,"04/10/2024, 2:53:46 PM","04/11/2024, 1:09:19 PM",THUNDER BAY,ON,P7B 4A6,700 Block MACDONELL ST, TBPS] MOTOR VEHICLE COLLISION 11-10 MVC ANY TYPE,Other,MOTOR VEHICLE COLLISION
TB24014144,"04/10/2024, 2:55:40 PM","04/11/2024, 1:09:19 PM",THUNDER BAY,ON,P7A 7C4,1 Block MELVIN AV," TBPS] MISCHIEF 11-10, MICHIEF UNDER 5000",Other Property Crime,MISCHIEF
TB24014145,"04/10/2024, 2:59:39 PM","04/11/2024, 1:09:19 PM",THUNDER BAY,ON,P7B 5K7,500 Block LANGWORTHY CR, TBPS] MOTOR VEHICLE COLLISION 11-10 MVC ANY TYPE,Other,MOTOR VEHICLE COLLISION
TB24014148,"04/10/2024, 3:21:24 PM","04/11/2024, 1:09:20 PM",THUNDER BAY,ON,P7E 6N7,1500 Block JAMES ST S, TBPS] ASSAULT SUSP PRESENT OR IN AREA,Assault,ASSAULT
TB24014149,"04/10/2024, 3:25:12 PM","04/11/2024, 1:09:20 PM",THUNDER BAY,ON,P7A 3S4,600 Block RIVER ST, TBPS] MOTOR VEHICLE COLLISION 11-10 MVC ANY TYPE,Other,MOTOR VEHICLE COLLISION
TB24014150,"04/10/2024, 3:38:51 PM","04/11/2024, 1:09:20 PM",THUNDER BAY,ON,P7A 5J7,100 Block COLLEGE ST," TBPS] THEFT NOT IN PROGRESS, FROM MOTOR VEHICLE",Theft from Vehicle,THEFT
TB24014151,"04/10/2024, 3:41:05 PM","04/11/2024, 1:09:20 PM",THUNDER BAY,ON,P7A 5G3,100 Block JEAN ST, TBPS] MOTOR VEHICLE COLLISION 11-10 MVC ANY TYPE,Other,MOTOR VEHICLE COLLISION
TB24014154,"04/10/2024, 4:01:03 PM","04/11/2024, 1:09:21 PM",THUNDER BAY,ON,P7B 6B9,1000 Block FORT WILLIAM RD, TBPS] MOTOR VEHICLE COLLISION 11-10 MVC ANY TYPE,Other,MOTOR VEHICLE COLLISION
TB24014156,"04/10/2024, 4:15:49 PM","04/11/2024, 1:09:21 PM",THUNDER BAY,ON,P7G 1H8,1400 Block DAWSON RD, TBPS] MOTOR VEHICLE COLLISION 11-10 MVC ANY TYPE,Other,MOTOR VEHICLE COLLISION
TB24014157,"04/10/2024, 4:22:07 PM","04/11/2024, 1:09:21 PM",THUNDER BAY,ON,P7B 6V4,900 Block OLIVER RD, TBPS] MOTOR VEHICLE COLLISION 11-10 MVC ANY TYPE,Other,MOTOR VEHICLE COLLISION
TB24014160,"04/10/2024, 4:31:43 PM","04/11/2024, 1:09:22 PM",THUNDER BAY,ON,P7B 1K3,800 Block RED RIVER RD, TBPS] ASSAULT ACCUSED NOT PRESENT,Assault,ASSAULT
TB24014161,"04/10/2024, 4:33:20 PM","04/11/2024, 1:09:22 PM",THUNDER BAY,ON,P7A 3S4,600 Block RIVER ST, TBPS] MOTOR VEHICLE COLLISION 11-10 MVC ANY TYPE,Other,MOTOR VEHICLE COLLISION
TB24014163,"04/10/2024, 4:33:48 PM","04/11/2024, 1:09:22 PM",THUNDER BAY,ON,P7E 1G6,300 Block ARCHIBALD ST S, TBPS] THEFT SUSP STILL PRESENT OR MAY BE IN AREA,Other Theft,THEFT
TB24014164,"04/10/2024, 4:39:09 PM","04/11/2024, 1:09:22 PM",THUNDER BAY,ON,P7B 3A6,900 Block FORT WILLIAM RD, TBPS] MOTOR VEHICLE COLLISION 11-10 MVC ANY TYPE,Other,MOTOR VEHICLE COLLISION
TB24014165,"04/10/2024, 4:45:26 PM","04/11/2024, 1:09:22 PM",THUNDER BAY,ON,P7A 3R8,500 Block RIVER ST, TBPS] MOTOR VEHICLE COLLISION 11-10 MVC ANY TYPE,Other,MOTOR VEHICLE COLLISION
TB24014167,"04/10/2024, 4:46:43 PM","04/11/2024, 1:09:22 PM",THUNDER BAY,ON,P7C 2V3,600 Block SOUTHERN AV, TBPS] THEFT SUSP STILL PRESENT OR MAY BE IN AREA,Other Theft,THEFT
TB24014170,"04/10/2024, 4:54:39 PM","04/11/2024, 1:09:22 PM",THUNDER BAY,ON,P7C 3M8,600 Block PRINCE ARTHUR BLVD, TBPS] MOTOR VEHICLE COLLISION 11-10 MVC ANY TYPE,Other,MOTOR VEHICLE COLLISION
TB24014172,"04/10/2024, 5:13:28 PM","04/11/2024, 1:09:23 PM",THUNDER BAY,ON,P7B 5L6,300 Block MAIN ST, TBPS] MOTOR VEHICLE COLLISION 11-10 MVC ANY TYPE,Other,MOTOR VEHICLE COLLISION
TB24014177,"04/10/2024, 5:59:42 PM","04/11/2024, 1:09:23 PM",THUNDER BAY,ON,P7E 5R2,ARTHUR ST W AND JAMES ST S, TBPS] MOTOR VEHICLE COLLISION 11-10 MVC ANY TYPE,Other,MOTOR VEHICLE COLLISION
TB24014183,"04/10/2024, 6:18:36 PM","04/11/2024, 1:09:24 PM",THUNDER BAY,ON,P7A 5G6,1 Block REGENT ST," TBPS] MISCHIEF 11-10, MICHIEF UNDER 5000",Other Property Crime,MISCHIEF
TB24014184,"04/10/2024, 6:26:15 PM","04/11/2024, 1:09:24 PM",THUNDER BAY,ON,P7E 1G9,400 Block ARCHIBALD ST S, TBPS] MOTOR VEHICLE COLLISION 11-10 MVC ANY TYPE,Other,MOTOR VEHICLE COLLISION
TB24014189,"04/10/2024, 6:44:51 PM","04/11/2024, 1:09:24 PM",THUNDER BAY,ON,P7E 1N8,300 Block NORAH ST S," TBPS] THEFT NOT IN PROGRESS, OVER 5000",Other Theft,THEFT
TB24014193,"04/10/2024, 7:08:16 PM","04/11/2024, 1:09:24 PM",THUNDER BAY,ON,P7B 7C6,900 Block CARRICK ST, TBPS] THEFT SUSP STILL PRESENT OR MAY BE IN AREA,Other Theft,THEFT
TB24014198,"04/10/2024, 7:26:36 PM","04/11/2024, 1:09:24 PM",THUNDER BAY,ON,P7B 1A9,200 Block RED RIVER RD, TBPS] MOTOR VEHICLE COLLISION MVC NO INJURIES,Traffic,MOTOR VEHICLE COLLISION
TB24014200,"04/10/2024, 7:40:21 PM","04/11/2024, 1:09:24 PM",THUNDER BAY,ON,P7B 4S6,100 Block ALGONQUIN AV S, TBPS] MOTOR VEHICLE COLLISION 11-10 MVC ANY TYPE,Other,MOTOR VEHICLE COLLISION
TB24014201,"04/10/2024, 7:49:31 PM","04/11/2024, 1:09:24 PM",THUNDER BAY,ON,P7A 5R4,100 Block HIGH ST N, TBPS] MOTOR VEHICLE COLLISION 11-10 MVC ANY TYPE,Other,MOTOR VEHICLE COLLISION
TB24014202,"04/10/2024, 7:53:51 PM","04/11/2024, 1:09:24 PM",THUNDER BAY,ON,P7B 5K5,1100 Block MEMORIAL AV, TBPS] MOTOR VEHICLE COLLISION 11-10 MVC ANY TYPE,Other,MOTOR VEHICLE COLLISION
TB24014203,"04/10/2024, 7:56:27 PM","04/11/2024, 1:09:24 PM",THUNDER BAY,ON,P7C 2K7,200 Block FINLAYSON ST," TBPS] THEFT NOT IN PROGRESS, FROM MOTOR VEHICLE",Theft from Vehicle,THEFT
TB24014209,"04/10/2024, 8:29:35 PM","04/11/2024, 1:09:25 PM",THUNDER BAY,ON,P7E 6G6,300 Block EUCLID AV, TBPS] MOTOR VEHICLE COLLISION 11-10 MVC ANY TYPE,Other,MOTOR VEHICLE COLLISION
TB24014210,"04/10/2024, 8:31:16 PM","04/11/2024, 1:09:25 PM",THUNDER BAY,ON,P7B 4Y7,100 Block BLUCHER AV, TBPS] ASSAULT ACCUSED NOT PRESENT,Assault,ASSAULT
TB24014211,"04/10/2024, 8:38:06 PM","04/11/2024, 1:09:25 PM",THUNDER BAY,ON,P7B 7C8,RED RIVER RD AND MARTHA ST, TBPS] MOTOR VEHICLE COLLISION 11-10 MVC ANY TYPE,Other,MOTOR VEHICLE COLLISION
TB24014214,"04/10/2024, 8:54:04 PM","04/11/2024, 1:09:25 PM",THUNDER BAY,ON,P7B 5P7,400 Block CHELSEA CR, TBPS] MOTOR VEHICLE COLLISION 11-10 MVC ANY TYPE,Other,MOTOR VEHICLE COLLISION
TB24014216,"04/10/2024, 8:58:59 PM","04/11/2024, 1:09:25 PM",THUNDER BAY,ON,P7A 2Y3,200 Block ANGUS ST, TBPS] MOTOR VEHICLE COLLISION 11-10 MVC ANY TYPE,Other,MOTOR VEHICLE COLLISION
TB24014220,"04/10/2024, 9:18:35 PM","04/11/2024, 1:09:25 PM",THUNDER BAY,ON,P7E 3Z5,100 Block AMELIA ST E, TBPS] MOTOR VEHICLE COLLISION 11-10 MVC ANY TYPE,Other,MOTOR VEHICLE COLLISION
TB24014224,"04/10/2024, 9:34:26 PM","04/11/2024, 1:09:25 PM",THUNDER BAY,ON,P7E 4S8,500 Block EMPIRE AV E, TBPS] MOTOR VEHICLE COLLISION 11-10 MVC ANY TYPE,Other,MOTOR VEHICLE COLLISION
TB24014231,"04/10/2024, 10:07:04 PM","04/11/2024, 1:09:25 PM",THUNDER BAY,ON,P7C,EDWARD ST N AND REDWOOD AV E, TBPS] MOTOR VEHICLE COLLISION 11-10 MVC ANY TYPE,Other,MOTOR VEHICLE COLLISION
TB24014234,"04/10/2024, 10:16:04 PM","04/11/2024, 1:09:26 PM",THUNDER BAY,ON,P7E 6E7,1200 Block ARTHUR ST E, TBPS] MOTOR VEHICLE COLLISION 11-10 MVC ANY TYPE,Other,MOTOR VEHICLE COLLISION
TB24014235,"04/10/2024, 10:19:39 PM","04/11/2024, 1:09:26 PM",THUNDER BAY,ON,P7E 6L5,1100 Block ARTHUR ST W, TBPS] MOTOR VEHICLE COLLISION 11-10 MVC ANY TYPE,Other,MOTOR VEHICLE COLLISION
TB24014239,"04/10/2024, 10:29:31 PM","04/11/2024, 1:09:26 PM",THUNDER BAY,ON,P7B 2Z8,500 Block FORT WILLIAM RD, TBPS] MOTOR VEHICLE COLLISION MVC NO INJURIES,Traffic,MOTOR VEHICLE COLLISION
TB24014242,"04/10/2024, 10:38:25 PM","04/11/2024, 1:09:26 PM",THUNDER BAY,ON,P7E 5S2,1100 Block ARTHUR ST W, TBPS] THEFT SUSP STILL PRESENT OR MAY BE IN AREA,Other Theft,THEFT
TB24014250,"04/10/2024, 11:24:04 PM","04/11/2024, 1:09:26 PM",THUNDER BAY,ON,P7E 2T6,1100 Block YONGE ST, TBPS] STOLEN VEHICLE SUSP NOT IN AREA,Theft of Vehicle,STOLEN VEHICLE
TB24014418,"04/11/2024, 10:26:48 PM","04/12/2024, 1:08:53 PM",THUNDER BAY,ON,P7B 5R7,100 Block CUMBERLAND ST S," TBPS] ASSAULT JUST OCCURRED, ACCUSED NOT PRESENT",Assault,ASSAULT
TB24014419,"04/11/2024, 10:29:32 PM","04/12/2024, 1:08:53 PM",THUNDER BAY,ON,P7C 3C3,500 Block MCTAVISH ST, TBPS] MOTOR VEHICLE COLLISION MVC NO INJURIES,Traffic,MOTOR VEHICLE COLLISION
TB24014420,"04/11/2024, 10:34:29 PM","04/12/2024, 1:08:53 PM",THUNDER BAY,ON,P7C 4P7,400 Block EDWARD ST N, TBPS] THEFT SUSP STILL PRESENT OR MAY BE IN AREA,Other Theft,THEFT
TB24014426,"04/11/2024, 11:55:00 PM","04/12/2024, 1:08:54 PM",THUNDER BAY,ON,P7A 4L9,100 Block CUMBERLAND ST N, TBPS] ASSAULT SUSP PRESENT OR IN AREA,Assault,ASSAULT
TB24014429,"04/12/2024, 12:19:44 AM","04/12/2024, 1:08:55 PM",THUNDER BAY,ON,P7B,FORT WILLIAM RD AND SECOND AV, TBPS] MOTOR VEHICLE COLLISION MVC - AMB ENR - DUAL RESP,Other,MOTOR VEHICLE COLLISION
TB24014451,"04/12/2024, 3:59:28 AM","04/12/2024, 1:08:58 PM",THUNDER BAY,ON,P7B 5R7,100 Block CUMBERLAND ST S," TBPS] MISCHIEF IP/SUSP IN AREA, UNDER 5,000",Other Property Crime,MISCHIEF
TB24014454,"04/12/2024, 4:21:19 AM","04/12/2024, 1:08:58 PM",THUNDER BAY,ON,P7B 6S2,700 Block MEMORIAL AV, TBPS] LIQUOR LICENCE ACT LIQUOR LICENCE ACT VIOLATION IN PROGRESS,Quality of Life,LIQUOR LICENCE ACT
TB24014460,"04/12/2024, 5:12:30 AM","04/12/2024, 1:08:59 PM",THUNDER BAY,ON,P7E 5P3,2200 Block ARTHUR ST E, TBPS] B-E BUS/RES/OTH SUSP PRESENT OR MAY STILL BE IN AREA,Breaking & Entering,B-E BUS/RES/OTH
TB24014472,"04/12/2024, 6:47:48 AM","04/12/2024, 1:09:00 PM",THUNDER BAY,ON,P7A 3S5,600 Block RIVER ST, TBPS] LIQUOR LICENCE ACT LIQUOR LICENCE ACT VIOLATION IN PROGRESS,Quality of Life,LIQUOR LICENCE ACT
TB24014476,"04/12/2024, 7:36:52 AM","04/12/2024, 1:09:00 PM",THUNDER BAY,ON,P7G 1C6,1500 Block HUTTON PARK DR, TBPS] B-E BUS/RES/OTH SUSP PRESENT OR MAY STILL BE IN AREA,Breaking & Entering,B-E BUS/RES/OTH
TB24014321,"04/11/2024, 8:30:49 AM","04/12/2024, 1:09:13 PM",THUNDER BAY,ON,P7C 4B4,400 Block VICKERS ST N, TBPS] DRUG OFFENCES SUSP PRESENT OR MAY STILL BE IN AREA,Quality of Life,DRUG OFFENCES
TB24014326,"04/11/2024, 10:03:34 AM","04/12/2024, 1:09:13 PM",THUNDER BAY,ON,P7A 7S6,400 Block WENTWORTH CR, TBPS] LIQUOR LICENCE ACT LIQUOR LICENCE ACT VIOLATION IN PROGRESS,Quality of Life,LIQUOR LICENCE ACT
TB24014338,"04/11/2024, 2:36:39 PM","04/12/2024, 1:09:15 PM",THUNDER BAY,ON,P7B 7C6,900 Block CARRICK ST, TBPS] THEFT SUSP STILL PRESENT OR MAY BE IN AREA,Other Theft,THEFT
TB24014352,"04/11/2024, 4:20:28 PM","04/12/2024, 1:09:17 PM",THUNDER BAY,ON,P7A 8A4,100 Block EAST AV, TBPS] MOTOR VEHICLE COLLISION 11-10 MVC ANY TYPE,Other,MOTOR VEHICLE COLLISION
TB24014353,"04/11/2024, 4:27:44 PM","04/12/2024, 1:09:17 PM",THUNDER BAY,ON,P7E 6J1,1 Block VALHALLA INN RD, TBPS] MOTOR VEHICLE COLLISION 11-10 MVC ANY TYPE,Other,MOTOR VEHICLE COLLISION
TB24014356,"04/11/2024, 4:39:14 PM","04/12/2024, 1:09:18 PM",THUNDER BAY,ON,P7K,BROADWAY AV AND 61 HWY, TBPS] MOTOR VEHICLE COLLISION 11-10 MVC ANY TYPE,Other,MOTOR VEHICLE COLLISION
TB24014358,"04/11/2024, 4:45:44 PM","04/12/2024, 1:09:18 PM",THUNDER BAY,ON,P7A 4K8,1 Block CUMBERLAND ST N, TBPS] ASSAULT SUSP PRESENT OR IN AREA,Assault,ASSAULT
TB24014359,"04/11/2024, 4:50:45 PM","04/12/2024, 1:09:18 PM",THUNDER BAY,ON,P7B 3A6,900 Block FORT WILLIAM RD, TBPS] MOTOR VEHICLE COLLISION 11-10 MVC ANY TYPE,Other,MOTOR VEHICLE COLLISION
TB24014364,"04/11/2024, 5:01:25 PM","04/12/2024, 1:09:19 PM",THUNDER BAY,ON,P7A 4K8,1000 Block DAWSON RD, TBPS] MOTOR VEHICLE COLLISION 11-10 MVC ANY TYPE,Other,MOTOR VEHICLE COLLISION
TB24014365,"04/11/2024, 5:06:09 PM","04/12/2024, 1:09:19 PM",THUNDER BAY,ON,P7E 5R8,ARTHUR ST W AND MOUNTDALE AV, TBPS] MOTOR VEHICLE COLLISION 11-10 MVC ANY TYPE,Other,MOTOR VEHICLE COLLISION
TB24014366,"04/11/2024, 5:08:19 PM","04/12/2024, 1:09:19 PM",THUNDER BAY,ON,P7B,QUEEN ST AND MEMORIAL AV, TBPS] MOTOR VEHICLE COLLISION 11-10 MVC ANY TYPE,Other,MOTOR VEHICLE COLLISION
TB24014367,"04/11/2024, 5:15:51 PM","04/12/2024, 1:09:20 PM",THUNDER BAY,ON,P7B 6S2,700 Block MEMORIAL AV, TBPS] MOTOR VEHICLE COLLISION 11-10 MVC ANY TYPE,Other,MOTOR VEHICLE COLLISION
TB24014370,"04/11/2024, 5:22:04 PM","04/12/2024, 1:09:20 PM",THUNDER BAY,ON,P7B 6S2,700 Block MEMORIAL AV, TBPS] MOTOR VEHICLE COLLISION 11-10 MVC ANY TYPE,Other,MOTOR VEHICLE COLLISION
TB24014373,"04/11/2024, 5:27:02 PM","04/12/2024, 1:09:21 PM",THUNDER BAY,ON,P7B 5K5,1100 Block MEMORIAL AV, TBPS] MOTOR VEHICLE COLLISION 11-10 MVC ANY TYPE,Other,MOTOR VEHICLE COLLISION
TB24014376,"04/11/2024, 5:31:28 PM","04/12/2024, 1:09:21 PM",THUNDER BAY,ON,P7C 5V4,100 Block MAY ST N, TBPS] MOTOR VEHICLE COLLISION 11-10 MVC ANY TYPE,Other,MOTOR VEHICLE COLLISION
TB24014377,"04/11/2024, 5:37:04 PM","04/12/2024, 1:09:21 PM",THUNDER BAY,ON,P7B 1J3,RED RIVER RD AND EMPRESS AV N, TBPS] MOTOR VEHICLE COLLISION 11-10 MVC ANY TYPE,Other,MOTOR VEHICLE COLLISION
TB24014380,"04/11/2024, 5:42:04 PM","04/12/2024, 1:09:22 PM",THUNDER BAY,ON,P7A 4B1,ST. PAUL ST AND CAMELOT ST, TBPS] MOTOR VEHICLE COLLISION 11-10 MVC ANY TYPE,Other,MOTOR VEHICLE COLLISION
TB24014383,"04/11/2024, 6:18:00 PM","04/12/2024, 1:09:22 PM",THUNDER BAY,ON,P7E 1R2,200 Block FRANKLIN ST S, TBPS] ASSAULT ACCUSED NOT PRESENT,Assault,ASSAULT
TB24014390,"04/11/2024, 7:27:41 PM","04/12/2024, 1:09:23 PM",THUNDER BAY,ON,P7B 5R7,100 Block CUMBERLAND ST S, TBPS] ASSAULT SUSP PRESENT OR IN AREA,Assault,ASSAULT
TB24014394,"04/11/2024, 7:55:52 PM","04/12/2024, 1:09:24 PM",THUNDER BAY,ON,P7C 3N6,600 Block WILEY ST," TBPS] THEFT NOT IN PROGRESS, UNDER 5000",Other Theft,THEFT
TB24014403,"04/11/2024, 8:47:54 PM","04/12/2024, 1:09:25 PM",THUNDER BAY,ON,P7B 7C6,900 Block CARRICK ST, TBPS] THEFT SUSP STILL PRESENT OR MAY BE IN AREA,Other Theft,THEFT
TB24014581,"04/12/2024, 9:07:54 PM","04/13/2024, 1:08:13 PM",THUNDER BAY,ON,P7B 5K5,1100 Block MEMORIAL AV, TBPS] ROBBERY NO WEAPONS - SUSP STILL IN AREA,Robbery,ROBBERY
TB24014586,"04/12/2024, 9:39:44 PM","04/13/2024, 1:08:14 PM",THUNDER BAY,ON,P7E 4J6,100 Block MARY ST E, TBPS] MOTOR VEHICLE COLLISION MVC NO INJURIES,Traffic,MOTOR VEHICLE COLLISION
TB24014587,"04/12/2024, 9:53:54 PM","04/13/2024, 1:08:14 PM",THUNDER BAY,ON,P7E 1R2,FRANKLIN ST S AND DONALD ST E, TBPS] MOTOR VEHICLE COLLISION MVC NO INJURIES,Traffic,MOTOR VEHICLE COLLISION
TB24014591,"04/12/2024, 10:38:45 PM","04/13/2024, 1:08:15 PM",THUNDER BAY,ON,P7A 4S3,500 Block CUMBERLAND ST N, TBPS] ASSAULT ACCUSED NOT PRESENT,Assault,ASSAULT
TB24014596,"04/12/2024, 11:15:08 PM","04/13/2024, 1:08:15 PM",THUNDER BAY,ON,P7E 3V8,100 Block FREDERICA ST W, TBPS] THEFT SUSP STILL PRESENT OR MAY BE IN AREA,Other Theft,THEFT
TB24014601,"04/13/2024, 12:05:10 AM","04/13/2024, 1:08:16 PM",THUNDER BAY,ON,P7E 4H4,200 Block BROCK ST E, TBPS] ASSAULT SUSP PRESENT OR IN AREA,Assault,ASSAULT
TB24014602,"04/13/2024, 12:07:11 AM","04/13/2024, 1:08:16 PM",THUNDER BAY,ON,P7B 5L6,300 Block MAIN ST, TBPS] ASSAULT SUSP PRESENT OR IN AREA,Assault,ASSAULT
TB24014606,"04/13/2024, 12:44:04 AM","04/13/2024, 1:08:16 PM",THUNDER BAY,ON,P7B 6B9,1000 Block FORT WILLIAM RD," TBPS] THEFT NOT IN PROGRESS, UNDER 5000",Other Theft,THEFT
TB24014632,"04/13/2024, 5:24:47 AM","04/13/2024, 1:08:20 PM",THUNDER BAY,ON,P7B,FORT WILLIAM RD AND CENTRAL AV, TBPS] LIQUOR LICENCE ACT LIQUOR LICENCE ACT VIOLATION IN PROGRESS,Quality of Life,LIQUOR LICENCE ACT
TB24014487,"04/12/2024, 10:34:09 AM","04/13/2024, 1:08:57 PM",THUNDER BAY,ON,P7C 4P8,400 Block EDWARD ST N, TBPS] B-E BUS/RES/OTH SUSP PRESENT OR MAY STILL BE IN AREA,Breaking & Entering,B-E BUS/RES/OTH
TB24014504,"04/12/2024, 3:56:07 PM","04/13/2024, 1:09:01 PM",THUNDER BAY,ON,P7C 3J9,SIMPSON ST AND ROWAND ST, TBPS] MOTOR VEHICLE COLLISION MVC NO INJURIES,Traffic,MOTOR VEHICLE COLLISION
TB24014505,"04/12/2024, 3:59:03 PM","04/13/2024, 1:09:01 PM",THUNDER BAY,ON,P7E 5R5,500 Block ARTHUR ST W," TBPS] MISCHIEF 11-10, MICHIEF UNDER 5000",Other Property Crime,MISCHIEF
TB24014506,"04/12/2024, 4:14:22 PM","04/13/2024, 1:09:02 PM",THUNDER BAY,ON,P7C 0A3,100 Block BRODIE ST N, TBPS] LIQUOR LICENCE ACT LIQUOR LICENCE ACT VIOLATION IN PROGRESS,Quality of Life,LIQUOR LICENCE ACT
TB24014508,"04/12/2024, 4:25:10 PM","04/13/2024, 1:09:02 PM",THUNDER BAY,ON,P7E 5N4,ARTHUR ST E AND FRANKLIN ST S, TBPS] MOTOR VEHICLE COLLISION 11-10 MVC ANY TYPE,Other,MOTOR VEHICLE COLLISION
TB24014517,"04/12/2024, 5:07:23 PM","04/13/2024, 1:09:04 PM",THUNDER BAY,ON,P7E 6J1,1 Block VALHALLA INN RD, TBPS] MOTOR VEHICLE COLLISION 11-10 MVC ANY TYPE,Other,MOTOR VEHICLE COLLISION
TB24014521,"04/12/2024, 5:39:03 PM","04/13/2024, 1:09:05 PM",THUNDER BAY,ON,P7B 6S2,700 Block MEMORIAL AV, TBPS] MOTOR VEHICLE COLLISION 11-10 MVC ANY TYPE,Other,MOTOR VEHICLE COLLISION
TB24014524,"04/12/2024, 5:47:19 PM","04/13/2024, 1:09:05 PM",THUNDER BAY,ON,P7E 5S2,1100 Block ARTHUR ST W, TBPS] MOTOR VEHICLE COLLISION 11-10 MVC ANY TYPE,Other,MOTOR VEHICLE COLLISION
TB24014526,"04/12/2024, 5:53:08 PM","04/13/2024, 1:09:05 PM",THUNDER BAY,ON,P7B 4A2,1000 Block MEMORIAL AV, TBPS] MOTOR VEHICLE COLLISION 11-10 MVC ANY TYPE,Other,MOTOR VEHICLE COLLISION
TB24014529,"04/12/2024, 5:58:57 PM","04/13/2024, 1:09:06 PM",THUNDER BAY,ON,P7A 4V7,100 Block COURT ST N, TBPS] MOTOR VEHICLE COLLISION 11-10 MVC ANY TYPE,Other,MOTOR VEHICLE COLLISION
TB24014531,"04/12/2024, 6:05:52 PM","04/13/2024, 1:09:07 PM",THUNDER BAY,ON,P7C 4P7,400 Block EDWARD ST N, TBPS] MOTOR VEHICLE COLLISION 11-10 MVC ANY TYPE,Other,MOTOR VEHICLE COLLISION
TB24014532,"04/12/2024, 6:16:57 PM","04/13/2024, 1:09:07 PM",THUNDER BAY,ON,P7B 6B5,700 Block HEWITSON ST, TBPS] MOTOR VEHICLE COLLISION 11-10 MVC ANY TYPE,Other,MOTOR VEHICLE COLLISION
TB24014539,"04/12/2024, 6:38:41 PM","04/13/2024, 1:09:09 PM",THUNDER BAY,ON,P7B 3A3,300 Block MAIN ST, TBPS] MOTOR VEHICLE COLLISION 11-10 MVC ANY TYPE,Other,MOTOR VEHICLE COLLISION
TB24014541,"04/12/2024, 6:44:57 PM","04/13/2024, 1:09:09 PM",THUNDER BAY,ON,P7C 5G8,BALMORAL ST AND HAROLD CR, TBPS] MOTOR VEHICLE COLLISION 11-10 MVC ANY TYPE,Other,MOTOR VEHICLE COLLISION
TB24014542,"04/12/2024, 6:45:21 PM","04/13/2024, 1:09:10 PM",THUNDER BAY,ON,P7B 2Z2,300 Block FORT WILLIAM RD, TBPS] THEFT SUSP STILL PRESENT OR MAY BE IN AREA,Other Theft,THEFT
TB24014544,"04/12/2024, 6:51:37 PM","04/13/2024, 1:09:10 PM",THUNDER BAY,ON,P7B 1K2,JUNOT AV N AND RED RIVER RD, TBPS] MOTOR VEHICLE COLLISION 11-10 MVC ANY TYPE,Other,MOTOR VEHICLE COLLISION
TB24014546,"04/12/2024, 6:54:08 PM","04/13/2024, 1:09:11 PM",THUNDER BAY,ON,P7G 1A2,1 Block WASCO DR," TBPS] THEFT NOT IN PROGRESS, UNDER 5000",Other Theft,THEFT
TB24014566,"04/12/2024, 8:13:56 PM","04/13/2024, 1:09:16 PM",THUNDER BAY,ON,P7B 3Y8,500 Block MEMORIAL AV, TBPS] MOTOR VEHICLE COLLISION 11-10 MVC ANY TYPE,Other,MOTOR VEHICLE COLLISION
TB24014568,"04/12/2024, 8:21:05 PM","04/13/2024, 1:09:17 PM",THUNDER BAY,ON,P7B 5L6,300 Block MAIN ST, TBPS] MOTOR VEHICLE COLLISION 11-10 MVC ANY TYPE,Other,MOTOR VEHICLE COLLISION
TB24014571,"04/12/2024, 8:26:24 PM","04/13/2024, 1:09:18 PM",THUNDER BAY,ON,P7B 2Z8,500 Block FORT WILLIAM RD, TBPS] MOTOR VEHICLE COLLISION 11-10 MVC ANY TYPE,Other,MOTOR VEHICLE COLLISION
TB24014577,"04/12/2024, 8:43:57 PM","04/13/2024, 1:09:18 PM",THUNDER BAY,ON,P7B 1K3,900 Block RED RIVER RD," TBPS] MISCHIEF IP/SUSP IN AREA, UNDER 5,000",Other Property Crime,MISCHIEF
TB24014579,"04/12/2024, 8:55:11 PM","04/13/2024, 1:09:18 PM",THUNDER BAY,ON,P7B 3Z7,700 Block MEMORIAL AV, TBPS] THEFT SUSP STILL PRESENT OR MAY BE IN AREA,Other Theft,THEFT
TB24014738,"04/13/2024, 9:21:04 PM","04/14/2024, 1:05:56 PM",THUNDER BAY,ON,P7A 3S4,600 Block RIVER ST, TBPS] MOTOR VEHICLE COLLISION MVC NO INJURIES,Traffic,MOTOR VEHICLE COLLISION
TB24014740,"04/13/2024, 9:40:02 PM","04/14/2024, 1:05:57 PM",THUNDER BAY,ON,P7C,1 Block LIMBRICK ST, TBPS] DRUG OFFENCES SUSP PRESENT OR MAY STILL BE IN AREA,Quality of Life,DRUG OFFENCES
TB24014751,"04/13/2024, 10:35:15 PM","04/14/2024, 1:05:58 PM",THUNDER BAY,ON,P7K 1J9,1 Block TAYLOR DR, TBPS] ASSAULT SUSP PRESENT OR IN AREA,Assault,ASSAULT
TB24014760,"04/14/2024, 12:11:38 AM","04/14/2024, 1:05:59 PM",THUNDER BAY,ON,P7B 2X3,1 Block COURT ST S, TBPS] ASSAULT SUSP PRESENT OR IN AREA,Assault,ASSAULT
TB24014768,"04/14/2024, 1:35:29 AM","04/14/2024, 1:06:00 PM",THUNDER BAY,ON,P7E 5V3,500 Block DONALD ST E," TBPS] MISCHIEF IP/SUSP IN AREA, UNDER 5,000",Other Property Crime,MISCHIEF
TB24014770,"04/14/2024, 1:51:35 AM","04/14/2024, 1:06:01 PM",THUNDER BAY,ON,P7C 1A6,MAY ST N AND VICTORIA AV E, TBPS] ASSAULT SUSP PRESENT OR IN AREA,Assault,ASSAULT
TB24014782,"04/14/2024, 4:00:09 AM","04/14/2024, 1:06:02 PM",THUNDER BAY,ON,P7B 3Z9,MEMORIAL AV AND 11TH AV, TBPS] MOTOR VEHICLE COLLISION MVC - AMB ENR - DUAL RESP,Other,MOTOR VEHICLE COLLISION
TB24014785,"04/14/2024, 4:27:14 AM","04/14/2024, 1:06:02 PM",THUNDER BAY,ON,P7B 5R7,100 Block CUMBERLAND ST S," TBPS] THEFT NOT IN PROGRESS, UNDER 5000",Other Theft,THEFT
TB24014790,"04/14/2024, 4:48:56 AM","04/14/2024, 1:06:03 PM",THUNDER BAY,ON,P7B 1K3,800 Block RED RIVER RD, TBPS] THEFT SUSP STILL PRESENT OR MAY BE IN AREA,Other Theft,THEFT
TB24014806,"04/14/2024, 8:42:49 AM","04/14/2024, 1:06:05 PM",THUNDER BAY,ON,P7B 3G5,100 Block ONTARIO ST," TBPS] MISCHIEF 11-10, MICHIEF UNDER 5000",Other Property Crime,MISCHIEF
TB24014653,"04/13/2024, 7:51:38 AM","04/14/2024, 1:06:22 PM",THUNDER BAY,ON,P7C 3R3,MAY ST N AND DEASE ST, TBPS] MISCHIEF IP PROGRESS/SUPECT IN AREA,Other Property Crime,MISCHIEF
TB24014658,"04/13/2024, 8:27:18 AM","04/14/2024, 1:06:23 PM",THUNDER BAY,ON,P7B 5K5,1100 Block MEMORIAL AV, TBPS] THEFT SUSP STILL PRESENT OR MAY BE IN AREA,Other Theft,THEFT
TB24014664,"04/13/2024, 10:09:50 AM","04/14/2024, 1:06:24 PM",THUNDER BAY,ON,.,ARUNDEL ST AND ALGOMA ST N, TBPS] MOTOR VEHICLE COLLISION MVC - AMB ENR - DUAL RESP,Other,MOTOR VEHICLE COLLISION
TB24014679,"04/13/2024, 1:49:32 PM","04/14/2024, 1:06:26 PM",THUNDER BAY,ON,P7E 2J5,1400 Block EDWARD ST S, TBPS] B-E BUS/RES/OTH SUSP PRESENT OR MAY STILL BE IN AREA,Breaking & Entering,B-E BUS/RES/OTH
TB24014680,"04/13/2024, 1:57:17 PM","04/14/2024, 1:06:26 PM",THUNDER BAY,ON,P7B 5R7,100 Block CUMBERLAND ST S, TBPS] DRUG OFFENCES SUSP PRESENT OR MAY STILL BE IN AREA,Quality of Life,DRUG OFFENCES
TB24014703,"04/13/2024, 4:59:03 PM","04/14/2024, 1:06:28 PM",THUNDER BAY,ON,P7C 4E6,MARKS ST N AND MILES ST E, TBPS] MOTOR VEHICLE COLLISION MVC - AMB ENR - DUAL RESP,Other,MOTOR VEHICLE COLLISION
TB24014705,"04/13/2024, 5:10:10 PM","04/14/2024, 1:06:28 PM",THUNDER BAY,ON,P7E,ARTHUR ST W AND 61 HWY, TBPS] MOTOR VEHICLE COLLISION MVC NO INJURIES,Traffic,MOTOR VEHICLE COLLISION
TB24014717,"04/13/2024, 6:48:41 PM","04/14/2024, 1:06:29 PM",THUNDER BAY,ON,P7E 3V7,100 Block FREDERICA ST W, TBPS] THEFT SUSP STILL PRESENT OR MAY BE IN AREA,Other Theft,THEFT
TB24014723,"04/13/2024, 7:28:27 PM","04/14/2024, 1:06:30 PM",THUNDER BAY,ON,P7C 4Z1,500 Block FORD ST N, TBPS] THEFT SUSP STILL PRESENT OR MAY BE IN AREA,Other Theft,THEFT
TB24014727,"04/13/2024, 7:45:16 PM","04/14/2024, 1:06:31 PM",THUNDER BAY,ON,P7E 6J1,1 Block VALHALLA INN RD, TBPS] LIQUOR LICENCE ACT LIQUOR LICENCE ACT VIOLATION IN PROGRESS,Quality of Life,LIQUOR LICENCE ACT
TB24014913,"04/15/2024, 3:27:09 AM","04/15/2024, 1:08:27 PM",THUNDER BAY,ON,P7C 4E3,600 Block HAROLD ST N, TBPS] ASSAULT SUSP PRESENT OR IN AREA,Assault,ASSAULT
TB24014917,"04/15/2024, 4:33:51 AM","04/15/2024, 1:08:27 PM",THUNDER BAY,ON,P7C 2N4,300 Block OGDEN ST, TBPS] B-E BUS/RES/OTH SUSP PRESENT OR MAY STILL BE IN AREA,Breaking & Entering,B-E BUS/RES/OTH
TB24014882,"04/14/2024, 11:55:07 PM","04/15/2024, 1:08:28 PM",THUNDER BAY,ON,P7C 2J5,1000 Block DEASE ST, TBPS] B-E BUS/RES/OTH SUSP PRESENT OR MAY STILL BE IN AREA,Breaking & Entering,B-E BUS/RES/OTH
TB24014889,"04/15/2024, 12:48:23 AM","04/15/2024, 1:08:28 PM",THUNDER BAY,ON,P7B 6S2,700 Block MEMORIAL AV, TBPS] THEFT SUSP STILL PRESENT OR MAY BE IN AREA,Other Theft,THEFT
TB24014891,"04/15/2024, 12:57:06 AM","04/15/2024, 1:08:28 PM",THUNDER BAY,ON,P7A 4M9,100 Block CUMBERLAND ST N, TBPS] ASSAULT SUSP PRESENT OR IN AREA,Assault,ASSAULT
TB24014902,"04/15/2024, 1:46:44 AM","04/15/2024, 1:08:28 PM",THUNDER BAY,ON,P7C 4P7,400 Block EDWARD ST N, TBPS] ASSAULT SUSP PRESENT OR IN AREA,Assault,ASSAULT
TB24014912,"04/15/2024, 3:23:56 AM","04/15/2024, 1:08:28 PM",THUNDER BAY,ON,P7C 5A8,MCGILL CR AND JAMES ST N, TBPS] DRUG OFFENCES SUSP PRESENT OR MAY STILL BE IN AREA,Quality of Life,DRUG OFFENCES
TB24014921,"04/15/2024, 5:20:48 AM","04/15/2024, 1:08:28 PM",THUNDER BAY,ON,P7B 7C6,900 Block CARRICK ST, TBPS] THEFT SUSP STILL PRESENT OR MAY BE IN AREA,Other Theft,THEFT
TB24014923,"04/15/2024, 5:22:45 AM","04/15/2024, 1:08:28 PM",THUNDER BAY,ON,P7B 5R8,100 Block CUMBERLAND ST S, TBPS] B-E BUS/RES/OTH SUSP PRESENT OR MAY STILL BE IN AREA,Breaking & Entering,B-E BUS/RES/OTH
TB24014926,"04/15/2024, 5:41:43 AM","04/15/2024, 1:08:28 PM",THUNDER BAY,ON,P7B 6J8,1 Block PICTON AV, TBPS] B-E BUS/RES/OTH SUSP PRESENT OR MAY STILL BE IN AREA,Breaking & Entering,B-E BUS/RES/OTH
TB24014931,"04/15/2024, 6:26:56 AM","04/15/2024, 1:08:28 PM",THUNDER BAY,ON,P7B 3N3,FORT WILLIAM RD AND SIXTH AV, TBPS] STOLEN VEHICLE SUSP PRESENT OR MAY STILL BE IN AREA,Theft of Vehicle,STOLEN VEHICLE
TB24014843,"04/14/2024, 5:20:53 PM","04/15/2024, 1:08:29 PM",THUNDER BAY,ON,P7E 3V7,100 Block FREDERICA ST W, TBPS] THEFT SUSP STILL PRESENT OR MAY BE IN AREA,Other Theft,THEFT
TB24014861,"04/14/2024, 8:08:09 PM","04/15/2024, 1:08:29 PM",THUNDER BAY,ON,P7B 0B5,BALMORAL ST AND BEVERLY ST, TBPS] MOTOR VEHICLE COLLISION MVC NO INJURIES,Traffic,MOTOR VEHICLE COLLISION
TB24014863,"04/14/2024, 9:13:45 PM","04/15/2024, 1:08:29 PM",THUNDER BAY,ON,P7E 5A2,EDWARD ST S AND MOODIE ST E, TBPS] MOTOR VEHICLE COLLISION MVC INJURIES FIRE NOT REQ,Traffic,MOTOR VEHICLE COLLISION
TB24014867,"04/14/2024, 10:15:43 PM","04/15/2024, 1:08:29 PM",THUNDER BAY,ON,P7C 2V5,NORTHERN AV AND SIMPSON ST, TBPS] MOTOR VEHICLE COLLISION MVC NO INJURIES,Traffic,MOTOR VEHICLE COLLISION
TB24014873,"04/14/2024, 11:00:00 PM","04/15/2024, 1:08:29 PM",THUNDER BAY,ON,P7C 4S7,100 Block LIMBRICK ST, TBPS] THEFT SUSP STILL PRESENT OR MAY BE IN AREA,Other Theft,THEFT
TB24014881,"04/14/2024, 11:53:50 PM","04/15/2024, 1:08:29 PM",THUNDER BAY,ON,P7B 2K2,300 Block QUEEN ST, TBPS] ASSAULT SUSP PRESENT OR IN AREA,Assault,ASSAULT
TB24014909,"04/15/2024, 3:01:13 AM","04/15/2024, 1:08:29 PM",THUNDER BAY,ON,P7A 4Z5,ST. GEORGE AV AND ALGOMA ST N, TBPS] ASSAULT SUSP PRESENT OR IN AREA,Assault,ASSAULT
TB24014850,"04/14/2024, 6:56:36 PM","04/15/2024, 1:08:30 PM",THUNDER BAY,ON,P7C,200 Block KENSINGTON DR, TBPS] DRUG OFFENCES SUSP PRESENT OR MAY STILL BE IN AREA,Quality of Life,DRUG OFFENCES
TB24014860,"04/14/2024, 8:04:59 PM","04/15/2024, 1:08:30 PM",THUNDER BAY,ON,P7A 3R8,500 Block RIVER ST, TBPS] MOTOR VEHICLE COLLISION MVC NO INJURIES,Traffic,MOTOR VEHICLE COLLISION
TB24014862,"04/14/2024, 8:26:04 PM","04/15/2024, 1:08:30 PM",THUNDER BAY,ON,P7C 4S8,1 Block LIMBRICK ST, TBPS] DRUG OFFENCES SUSP PRESENT OR MAY STILL BE IN AREA,Quality of Life,DRUG OFFENCES
TB24014739,"04/13/2024, 9:30:27 PM","04/15/2024, 1:08:31 PM",THUNDER BAY,ON,P7B 2Z5,400 Block FORT WILLIAM RD, TBPS] B-E BUS/RES/OTH 11-10,Breaking & Entering,B-E BUS/RES/OTH
TB24014771,"04/14/2024, 2:13:16 AM","04/15/2024, 1:08:31 PM",THUNDER BAY,ON,P7E 4N6,100 Block CHRISTINA ST E, TBPS] B-E BUS/RES/OTH 11-10,Breaking & Entering,B-E BUS/RES/OTH
TB24014683,"04/13/2024, 2:48:39 PM","04/16/2024, 1:04:35 PM",THUNDER BAY,ON,P7J 1E8,2300 Block 61 HWY, TBPS] ASSAULT ACCUSED PRESENT,Assault,ASSAULT
TB24015023,"04/16/2024, 12:03:57 AM","04/16/2024, 1:04:36 PM",THUNDER BAY,ON,P7E 5S9,2000 Block SILLS ST," TBPS] MISCHIEF 11-10, MICHIEF UNDER 5000",Other Property Crime,MISCHIEF
TB24015032,"04/16/2024, 1:13:16 AM","04/16/2024, 1:04:38 PM",THUNDER BAY,ON,P7B 6S2,700 Block MEMORIAL AV, TBPS] THEFT SUSP STILL PRESENT OR MAY BE IN AREA,Other Theft,THEFT
TB24015033,"04/16/2024, 1:23:24 AM","04/16/2024, 1:04:38 PM",THUNDER BAY,ON,P7A 6X2,1 Block KEITH ST," TBPS] THEFT NOT IN PROGRESS, UNDER 5000",Other Theft,THEFT
TB24015040,"04/16/2024, 1:42:02 AM","04/16/2024, 1:04:39 PM",THUNDER BAY,ON,P7C 2N4,300 Block OGDEN ST, TBPS] DRUG OFFENCES SUSP PRESENT OR MAY STILL BE IN AREA,Quality of Life,DRUG OFFENCES
TB24015042,"04/16/2024, 2:16:26 AM","04/16/2024, 1:04:40 PM",THUNDER BAY,ON,P7A 4K8,1000 Block DAWSON RD, TBPS] MOTOR VEHICLE COLLISION MVC NO INJURIES,Traffic,MOTOR VEHICLE COLLISION
TB24015047,"04/16/2024, 4:01:16 AM","04/16/2024, 1:04:41 PM",THUNDER BAY,ON,P7A 4L8,1 Block CUMBERLAND ST N," TBPS] MISCHIEF IP/SUSP IN AREA, UNDER 5,000",Other Property Crime,MISCHIEF
TB24015050,"04/16/2024, 4:21:11 AM","04/16/2024, 1:04:41 PM",THUNDER BAY,ON,P7E 5V7,1100 Block LINCOLN ST, TBPS] DRUG OFFENCES SUSP PRESENT OR MAY STILL BE IN AREA,Quality of Life,DRUG OFFENCES
TB24015059,"04/16/2024, 5:38:13 AM","04/16/2024, 1:04:42 PM",THUNDER BAY,ON,P7C 2J8,200 Block PRUDEN ST, TBPS] LIQUOR LICENCE ACT LIQUOR LICENCE ACT VIOLATION IN PROGRESS,Quality of Life,LIQUOR LICENCE ACT
TB24014938,"04/15/2024, 8:44:48 AM","04/16/2024, 1:05:02 PM",THUNDER BAY,ON,P7A 8B2,1 Block FRONT ST, TBPS] THEFT SUSP STILL PRESENT OR MAY BE IN AREA,Other Theft,THEFT
TB24014941,"04/15/2024, 9:46:49 AM","04/16/2024, 1:05:02 PM",THUNDER BAY,ON,P7E 2M6,1400 Block BROWN ST, TBPS] LIQUOR LICENCE ACT LIQUOR LICENCE ACT VIOLATION IN PROGRESS,Quality of Life,LIQUOR LICENCE ACT
TB24014944,"04/15/2024, 10:26:24 AM","04/16/2024, 1:05:03 PM",THUNDER BAY,ON,P7B 3Z7,700 Block MEMORIAL AV, TBPS] B-E BUS/RES/OTH SUSP PRESENT OR MAY STILL BE IN AREA,Breaking & Entering,B-E BUS/RES/OTH
TB24014961,"04/15/2024, 3:26:34 PM","04/16/2024, 1:05:04 PM",THUNDER BAY,ON,P7E 5V7,1100 Block LINCOLN ST, TBPS] ASSAULT SUSP PRESENT OR IN AREA,Assault,ASSAULT
TB24014973,"04/15/2024, 5:30:56 PM","04/16/2024, 1:05:05 PM",THUNDER BAY,ON,P7C 3N5,600 Block WILEY ST, TBPS] ASSAULT ACCUSED NOT PRESENT,Assault,ASSAULT
TB24014982,"04/15/2024, 6:32:01 PM","04/16/2024, 1:05:05 PM",THUNDER BAY,ON,P7B 2X7,100 Block COURT ST S, TBPS] MOTOR VEHICLE COLLISION 11-10 MVC ANY TYPE,Other,MOTOR VEHICLE COLLISION
TB24014983,"04/15/2024, 6:36:49 PM","04/16/2024, 1:05:06 PM",THUNDER BAY,ON,P7C 5G5,600 Block MOHAWK CR, TBPS] MOTOR VEHICLE COLLISION 11-10 MVC ANY TYPE,Other,MOTOR VEHICLE COLLISION
TB24014991,"04/15/2024, 7:13:59 PM","04/16/2024, 1:05:06 PM",THUNDER BAY,ON,P7B 1Y6,JOHN ST AND MARLBOROUGH ST, TBPS] MOTOR VEHICLE COLLISION 11-10 MVC ANY TYPE,Other,MOTOR VEHICLE COLLISION
TB24015001,"04/15/2024, 8:38:40 PM","04/16/2024, 1:05:07 PM",THUNDER BAY,ON,P7E 1K9,400 Block CATHERINE ST, TBPS] B-E BUS/RES/OTH SUSP PRESENT OR MAY STILL BE IN AREA,Breaking & Entering,B-E BUS/RES/OTH
TB24015003,"04/15/2024, 8:45:40 PM","04/16/2024, 1:05:07 PM",THUNDER BAY,ON,P7C 3R3,300 Block MAY ST N, TBPS] LIQUOR LICENCE ACT LIQUOR LICENCE ACT VIOLATION IN PROGRESS,Quality of Life,LIQUOR LICENCE ACT
TB24014812,"04/14/2024, 10:21:10 AM","04/17/2024, 1:03:20 PM",THUNDER BAY,ON,P7C 4S3,100 Block LIMBRICK ST, TBPS] ASSAULT ACCUSED NOT PRESENT,Assault,ASSAULT
TB24014875,"04/14/2024, 11:34:55 PM","04/17/2024, 1:03:20 PM",THUNDER BAY,ON,P7B 5L6,300 Block MAIN ST, TBPS] ASSAULT ACCUSED NOT PRESENT,Assault,ASSAULT
TB24015164,"04/16/2024, 9:00:00 PM","04/17/2024, 1:06:34 PM",THUNDER BAY,ON,P7A 5S3,300 Block HIGH ST N, TBPS] ASSAULT ACCUSED NOT PRESENT,Assault,ASSAULT
TB24015166,"04/16/2024, 9:41:12 PM","04/17/2024, 1:06:35 PM",THUNDER BAY,ON,P7B 4A3,1000 Block MEMORIAL AV, TBPS] ASSAULT ACCUSED PRESENT,Assault,ASSAULT
TB24015175,"04/16/2024, 11:01:30 PM","04/17/2024, 1:06:36 PM",THUNDER BAY,ON,P7E 5V3,500 Block DONALD ST E, TBPS] ASSAULT SUSP PRESENT OR IN AREA,Assault,ASSAULT
TB24015178,"04/16/2024, 11:23:28 PM","04/17/2024, 1:06:36 PM",THUNDER BAY,ON,P7E 4N5,100 Block CHRISTINA ST E, TBPS] DRUG OFFENCES SUSP PRESENT OR MAY STILL BE IN AREA,Quality of Life,DRUG OFFENCES
TB24015193,"04/17/2024, 2:07:00 AM","04/17/2024, 1:06:38 PM",THUNDER BAY,ON,P7B 3A6,900 Block FORT WILLIAM RD, TBPS] THEFT SUSP STILL PRESENT OR MAY BE IN AREA,Other Theft,THEFT
TB24015196,"04/17/2024, 2:51:55 AM","04/17/2024, 1:06:39 PM",THUNDER BAY,ON,P7A 4K8,1 Block CUMBERLAND ST N, TBPS] ASSAULT SUSP PRESENT OR IN AREA,Assault,ASSAULT
TB24015199,"04/17/2024, 3:08:58 AM","04/17/2024, 1:06:39 PM",THUNDER BAY,ON,P7A 3R8,500 Block RIVER ST, TBPS] MOTOR VEHICLE COLLISION MVC NO INJURIES,Traffic,MOTOR VEHICLE COLLISION
TB24015221,"04/17/2024, 6:47:00 AM","04/17/2024, 1:06:41 PM",THUNDER BAY,ON,P7B 5L4,1 Block CUMBERLAND ST S, TBPS] ASSAULT SUSP PRESENT OR IN AREA,Assault,ASSAULT
TB24015229,"04/17/2024, 7:35:43 AM","04/17/2024, 1:06:42 PM",THUNDER BAY,ON,P7C 3H4,200 Block SIMPSON ST, TBPS] THEFT SUSP STILL PRESENT OR MAY BE IN AREA,Other Theft,THEFT
TB24015079,"04/16/2024, 9:19:59 AM","04/17/2024, 1:06:56 PM",THUNDER BAY,ON,P7C 5H5,600 Block HAROLD CR, TBPS] B-E BUS/RES/OTH SUSP PRESENT OR MAY STILL BE IN AREA,Breaking & Entering,B-E BUS/RES/OTH
TB24015081,"04/16/2024, 9:41:18 AM","04/17/2024, 1:06:57 PM",THUNDER BAY,ON,P7A 0E7,2200 Block SLEEPING GIANT PKWY, TBPS] MOTOR VEHICLE COLLISION MVC NO INJURIES,Traffic,MOTOR VEHICLE COLLISION
TB24015084,"04/16/2024, 11:36:59 AM","04/17/2024, 1:06:57 PM",THUNDER BAY,ON,P7G 2J4,DOG LAKE RD AND GOREVALE RD, TBPS] MOTOR VEHICLE COLLISION MVC - AMB ENR - DUAL RESP,Other,MOTOR VEHICLE COLLISION
TB24015093,"04/16/2024, 2:11:59 PM","04/17/2024, 1:06:59 PM",THUNDER BAY,ON,P7B 2A3,1100 Block JOHN ST. RD, TBPS] MOTOR VEHICLE COLLISION 11-10 MVC ANY TYPE,Other,MOTOR VEHICLE COLLISION
TB24015097,"04/16/2024, 3:03:24 PM","04/17/2024, 1:07:00 PM",THUNDER BAY,ON,P7E 4W9,WALSH ST W AND HOLLY CR, TBPS] LIQUOR LICENCE ACT LIQUOR LICENCE ACT VIOLATION IN PROGRESS,Quality of Life,LIQUOR LICENCE ACT
TB24015120,"04/16/2024, 5:36:12 PM","04/17/2024, 1:07:07 PM",THUNDER BAY,ON,P7C 5A9,500 Block MCGILL CR," TBPS] THEFT NOT IN PROGRESS, UNDER 5000",Other Theft,THEFT
TB24015124,"04/16/2024, 5:53:04 PM","04/17/2024, 1:07:08 PM",THUNDER BAY,ON,P7B 1B8,400 Block WAVERLY ST, TBPS] MOTOR VEHICLE COLLISION 11-10 MVC ANY TYPE,Other,MOTOR VEHICLE COLLISION
TB24015125,"04/16/2024, 5:00:00 PM","04/17/2024, 1:07:09 PM",THUNDER BAY,ON,P7E 1R2,200 Block FRANKLIN ST S, TBPS] ASSAULT ACCUSED NOT PRESENT,Assault,ASSAULT
TB24015126,"04/16/2024, 5:54:59 PM","04/17/2024, 1:07:09 PM",THUNDER BAY,ON,P7B 3Z7,700 Block MEMORIAL AV, TBPS] MOTOR VEHICLE COLLISION 11-10 MVC ANY TYPE,Other,MOTOR VEHICLE COLLISION
TB24015128,"04/16/2024, 5:56:53 PM","04/17/2024, 1:07:09 PM",THUNDER BAY,ON,P7B 1K3,800 Block RED RIVER RD, TBPS] MOTOR VEHICLE COLLISION 11-10 MVC ANY TYPE,Other,MOTOR VEHICLE COLLISION
TB24015129,"04/16/2024, 6:08:27 PM","04/17/2024, 1:07:09 PM",THUNDER BAY,ON,P7E,1100 Block ARTHUR ST E, TBPS] MOTOR VEHICLE COLLISION 11-10 MVC ANY TYPE,Other,MOTOR VEHICLE COLLISION
TB24015130,"04/16/2024, 6:11:48 PM","04/17/2024, 1:07:10 PM",THUNDER BAY,ON,P7A 4M2,100 Block CUMBERLAND ST N, TBPS] MOTOR VEHICLE COLLISION 11-10 MVC ANY TYPE,Other,MOTOR VEHICLE COLLISION
TB24015131,"04/16/2024, 6:13:59 PM","04/17/2024, 1:07:10 PM",THUNDER BAY,ON,P7E,ARTHUR ST W AND 61 HWY, TBPS] MOTOR VEHICLE COLLISION 11-10 MVC ANY TYPE,Other,MOTOR VEHICLE COLLISION
TB24015136,"04/16/2024, 6:32:22 PM","04/17/2024, 1:07:10 PM",THUNDER BAY,ON,P7B 5R8,100 Block CUMBERLAND ST S, TBPS] DRUG OFFENCES SUSP PRESENT OR MAY STILL BE IN AREA,Quality of Life,DRUG OFFENCES
TB24015140,"04/16/2024, 6:54:12 PM","04/17/2024, 1:07:11 PM",THUNDER BAY,ON,P7B 5P9,1200 Block CARRICK ST, TBPS] B-E BUS/RES/OTH 11-10,Breaking & Entering,B-E BUS/RES/OTH
TB24015244,"04/17/2024, 11:22:41 AM","04/18/2024, 1:06:59 PM",THUNDER BAY,ON,P7A 3S6,700 Block RIVER ST," TBPS] MISCHIEF IP/SUSP IN AREA, UNDER 5,000",Other Property Crime,MISCHIEF
TB24015312,"04/17/2024, 10:04:31 PM","04/18/2024, 1:07:15 PM",THUNDER BAY,ON,P7C 6B2,100 Block COUGAR CR," TBPS] THEFT NOT IN PROGRESS, UNDER 5000",Other Theft,THEFT
TB24015318,"04/17/2024, 10:42:52 PM","04/18/2024, 1:07:17 PM",THUNDER BAY,ON,P7C 3X3,700 Block SYNDICATE AV N, TBPS] DRUG OFFENCES SUSP PRESENT OR MAY STILL BE IN AREA,Quality of Life,DRUG OFFENCES
TB24015329,"04/18/2024, 12:12:55 AM","04/18/2024, 1:07:21 PM",THUNDER BAY,ON,P7B 6S2,700 Block MEMORIAL AV, TBPS] THEFT SUSP STILL PRESENT OR MAY BE IN AREA,Other Theft,THEFT
TB24015332,"04/18/2024, 12:35:40 AM","04/18/2024, 1:07:22 PM",THUNDER BAY,ON,P7A 4R4,400 Block CUMBERLAND ST N, TBPS] INDECENT ACTS SUSP PRESENT OR MAY STILL BE IN AREA,Sexual Offense,INDECENT ACTS
TB24015334,"04/18/2024, 12:53:52 AM","04/18/2024, 1:07:23 PM",THUNDER BAY,ON,P7C 2T6,200 Block SOUTHERN AV, TBPS] B-E BUS/RES/OTH SUSP PRESENT OR MAY STILL BE IN AREA,Breaking & Entering,B-E BUS/RES/OTH
TB24015345,"04/18/2024, 2:41:37 AM","04/18/2024, 1:07:27 PM",THUNDER BAY,ON,P7E 5R5,500 Block ARTHUR ST W, TBPS] ASSAULT SUSP PRESENT OR IN AREA,Assault,ASSAULT
TB24015159,"04/16/2024, 8:59:35 PM","04/18/2024, 1:07:34 PM",THUNDER BAY,ON,P7B 5E1,900 Block OLIVER RD, TBPS] ASSAULT ACCUSED NOT PRESENT,Assault,ASSAULT
TB24015237,"04/17/2024, 9:13:19 AM","04/18/2024, 1:07:44 PM",THUNDER BAY,ON,P7E 5S3,1000 Block LINCOLN ST, TBPS] THEFT SUSP STILL PRESENT OR MAY BE IN AREA,Other Theft,THEFT
TB24015250,"04/17/2024, 1:55:53 PM","04/18/2024, 1:07:45 PM",THUNDER BAY,ON,.,RIVER ST AND ROCKWOOD AV N, TBPS] MOTOR VEHICLE COLLISION 11-10 MVC ANY TYPE,Other,MOTOR VEHICLE COLLISION
TB24015253,"04/17/2024, 2:23:59 PM","04/18/2024, 1:07:45 PM",THUNDER BAY,ON,P7E 1R2,FRANKLIN ST S AND DONALD ST E, TBPS] MOTOR VEHICLE COLLISION 11-10 MVC ANY TYPE,Other,MOTOR VEHICLE COLLISION
TB24015254,"04/17/2024, 2:33:04 PM","04/18/2024, 1:07:45 PM",THUNDER BAY,ON,P7C 2V3,600 Block SOUTHERN AV," TBPS] THEFT NOT IN PROGRESS, UNDER 5000",Other Theft,THEFT
TB24015255,"04/17/2024, 3:09:32 PM","04/18/2024, 1:07:45 PM",THUNDER BAY,ON,P7B 1R8,MACHAR AV AND BAY ST, TBPS] MOTOR VEHICLE COLLISION 11-10 MVC ANY TYPE,Other,MOTOR VEHICLE COLLISION
TB24015258,"04/17/2024, 3:56:15 PM","04/18/2024, 1:07:46 PM",THUNDER BAY,ON,P7B 1K1,RED RIVER RD AND ALGONQUIN AV S, TBPS] MOTOR VEHICLE COLLISION 11-10 MVC ANY TYPE,Other,MOTOR VEHICLE COLLISION
TB24015260,"04/17/2024, 4:02:48 PM","04/18/2024, 1:07:46 PM",THUNDER BAY,ON,P7A 3K1,100 Block PENFOLD ST, TBPS] MOTOR VEHICLE COLLISION 11-10 MVC ANY TYPE,Other,MOTOR VEHICLE COLLISION
TB24015262,"04/17/2024, 4:08:19 PM","04/18/2024, 1:07:46 PM",THUNDER BAY,ON,P7E,1100 Block ARTHUR ST E, TBPS] MOTOR VEHICLE COLLISION MVC NO INJURIES,Traffic,MOTOR VEHICLE COLLISION
TB24015263,"04/17/2024, 4:13:58 PM","04/18/2024, 1:07:46 PM",THUNDER BAY,ON,P7A 4K8,1000 Block DAWSON RD, TBPS] MOTOR VEHICLE COLLISION 11-10 MVC ANY TYPE,Other,MOTOR VEHICLE COLLISION
TB24015265,"04/17/2024, 4:19:00 PM","04/18/2024, 1:07:46 PM",THUNDER BAY,ON,P7B 5V1,EAST AV AND DAWSON RD, TBPS] MOTOR VEHICLE COLLISION 11-10 MVC ANY TYPE,Other,MOTOR VEHICLE COLLISION
TB24015268,"04/17/2024, 4:38:29 PM","04/18/2024, 1:07:46 PM",THUNDER BAY,ON,P7E 1R3,300 Block FRANKLIN ST S, TBPS] ASSAULT ACCUSED PRESENT,Assault,ASSAULT
TB24015273,"04/17/2024, 5:12:53 PM","04/18/2024, 1:07:46 PM",THUNDER BAY,ON,P7E 5V7,1100 Block LINCOLN ST, TBPS] DRUG OFFENCES SUSP PRESENT OR MAY STILL BE IN AREA,Quality of Life,DRUG OFFENCES
TB24015275,"04/17/2024, 5:49:06 PM","04/18/2024, 1:07:46 PM",THUNDER BAY,ON,P7E 6L4,1100 Block ARTHUR ST W," TBPS] THEFT NOT IN PROGRESS, UNDER 5000",Other Theft,THEFT
TB24015292,"04/17/2024, 7:23:04 PM","04/18/2024, 1:07:47 PM",THUNDER BAY,ON,P7B 5Z5,1200 Block BALMORAL ST," TBPS] THEFT NOT IN PROGRESS, UNDER 5000",Other Theft,THEFT
TB24015294,"04/17/2024, 7:30:22 PM","04/18/2024, 1:07:47 PM",THUNDER BAY,ON,P7B 1S1,BAY ST AND ALGOMA ST S, TBPS] MOTOR VEHICLE COLLISION 11-10 MVC ANY TYPE,Other,MOTOR VEHICLE COLLISION
TB24015303,"04/17/2024, 8:46:00 PM","04/18/2024, 1:07:47 PM",THUNDER BAY,ON,P7B 3A6,900 Block FORT WILLIAM RD, TBPS] MOTOR VEHICLE COLLISION MVC NO INJURIES,Traffic,MOTOR VEHICLE COLLISION
TB24015304,"04/17/2024, 9:02:34 PM","04/18/2024, 1:07:47 PM",THUNDER BAY,ON,P7B 1K3,800 Block RED RIVER RD, TBPS] ARSON SUSP MAY BE PRESENT OR IN AREA,Property Crime,ARSON
TB24015492,"04/19/2024, 12:47:28 AM","04/19/2024, 1:07:33 PM",THUNDER BAY,ON,P7B 5Z5,1200 Block BALMORAL ST," TBPS] MISCHIEF 11-10, MICHIEF UNDER 5000",Other Property Crime,MISCHIEF
TB24015522,"04/19/2024, 5:18:19 AM","04/19/2024, 1:07:33 PM",THUNDER BAY,ON,P7B 5X8,400 Block BRITTANY DR, TBPS] MOTOR VEHICLE COLLISION MVC - AMB ENR - DUAL RESP,Other,MOTOR VEHICLE COLLISION
TB24015525,"04/19/2024, 5:46:32 AM","04/19/2024, 1:07:33 PM",THUNDER BAY,ON,P7C 2V7,400 Block NORTHERN AV, TBPS] LIQUOR LICENCE ACT LIQUOR LICENCE ACT VIOLATION IN PROGRESS,Quality of Life,LIQUOR LICENCE ACT
TB24015533,"04/19/2024, 7:07:38 AM","04/19/2024, 1:07:33 PM",THUNDER BAY,ON,P7B 1R9,300 Block BAY ST, TBPS] ASSAULT SUSP PRESENT OR IN AREA,Assault,ASSAULT
TB24015527,"04/19/2024, 6:13:16 AM","04/19/2024, 1:07:33 PM",THUNDER BAY,ON,P7B 3Y7,400 Block MEMORIAL AV, TBPS] ASSAULT ACCUSED NOT PRESENT,Assault,ASSAULT
TB24015498,"04/19/2024, 1:34:58 AM","04/19/2024, 1:07:34 PM",THUNDER BAY,ON,P7E 1A9,100 Block MAY ST S, TBPS] ASSAULT SUSP PRESENT OR IN AREA,Assault,ASSAULT
TB24015520,"04/19/2024, 5:03:33 AM","04/19/2024, 1:07:34 PM",THUNDER BAY,ON,P7B 2B4,FRANKWOOD AV AND MONTGOMERY ST, TBPS] MOTOR VEHICLE COLLISION VEHICLE LEAKING FLUIDS - DUAL RESP,Traffic,MOTOR VEHICLE COLLISION
TB24015459,"04/18/2024, 10:06:50 PM","04/19/2024, 1:07:35 PM",THUNDER BAY,ON,P7B 5R8,100 Block CUMBERLAND ST S, TBPS] DRUG OFFENCES SUSP PRESENT OR MAY STILL BE IN AREA,Quality of Life,DRUG OFFENCES
TB24015448,"04/18/2024, 9:17:53 PM","04/19/2024, 1:07:35 PM",THUNDER BAY,ON,P7E 5R5,500 Block ARTHUR ST W, TBPS] MOTOR VEHICLE COLLISION MVC NO INJURIES,Traffic,MOTOR VEHICLE COLLISION
TB24015468,"04/18/2024, 11:02:03 PM","04/19/2024, 1:07:35 PM",THUNDER BAY,ON,P7B 6A7,1 Block CUMBERLAND ST S, TBPS] INDECENT ACTS SUSP PRESENT OR MAY STILL BE IN AREA,Sexual Offense,INDECENT ACTS
TB24015470,"04/18/2024, 11:03:35 PM","04/19/2024, 1:07:35 PM",THUNDER BAY,ON,P7E 5P7,200 Block ARTHUR ST W, TBPS] MOTOR VEHICLE COLLISION MVC - AMB ENR - DUAL RESP,Other,MOTOR VEHICLE COLLISION
TB24015474,"04/18/2024, 11:23:59 PM","04/19/2024, 1:07:35 PM",THUNDER BAY,ON,P7B 3Z7,700 Block MEMORIAL AV, TBPS] THEFT SUSP STILL PRESENT OR MAY BE IN AREA,Other Theft,THEFT
TB24015475,"04/18/2024, 11:25:28 PM","04/19/2024, 1:07:35 PM",THUNDER BAY,ON,P7E 1C9,SYNDICATE AV S AND DONALD ST E, TBPS] ASSAULT ACCUSED NOT PRESENT,Assault,ASSAULT
TB24015479,"04/18/2024, 11:40:03 PM","04/19/2024, 1:07:35 PM",THUNDER BAY,ON,P7A 1C1,400 Block ADAMS ST, TBPS] ASSAULT ACCUSED PRESENT,Assault,ASSAULT
TB24015410,"04/18/2024, 5:18:13 PM","04/19/2024, 1:07:36 PM",THUNDER BAY,ON,P7B 6S2,700 Block MEMORIAL AV, TBPS] LIQUOR LICENCE ACT LIQUOR LICENCE ACT VIOLATION IN PROGRESS,Quality of Life,LIQUOR LICENCE ACT
TB24015420,"04/18/2024, 6:27:50 PM","04/19/2024, 1:07:36 PM",THUNDER BAY,ON,P7B 5Z5,1200 Block BALMORAL ST, TBPS] ASSAULT ACCUSED NOT PRESENT,Assault,ASSAULT
TB24015434,"04/18/2024, 7:45:13 PM","04/19/2024, 1:07:36 PM",THUNDER BAY,ON,P7B 3J6,1 Block CROWN ST," TBPS] MISCHIEF 11-10, MICHIEF UNDER 5000",Other Property Crime,MISCHIEF
TB24015402,"04/18/2024, 4:08:49 PM","04/19/2024, 1:07:37 PM",THUNDER BAY,ON,P7B,CENTRAL AV AND FIELD ST, TBPS] MOTOR VEHICLE COLLISION 11-10 MVC ANY TYPE,Other,MOTOR VEHICLE COLLISION
TB24015407,"04/18/2024, 4:41:11 PM","04/19/2024, 1:07:37 PM",THUNDER BAY,ON,P7E 2N7,300 Block ARTHUR ST W," TBPS] MISCHIEF 11-10, MICHIEF UNDER 5000",Other Property Crime,MISCHIEF
TB24015383,"04/18/2024, 2:31:07 PM","04/19/2024, 1:07:38 PM",THUNDER BAY,ON,P7B,FORT WILLIAM RD AND MAIN ST, TBPS] MOTOR VEHICLE COLLISION 11-10 MVC ANY TYPE,Other,MOTOR VEHICLE COLLISION
TB24015682,"04/20/2024, 4:00:11 AM","04/20/2024, 1:05:39 PM",THUNDER BAY,ON,P7B 5V2,500 Block BEVERLY ST," TBPS] THEFT NOT IN PROGRESS, UNDER 5000",Other Theft,THEFT
TB24015694,"04/20/2024, 6:15:05 AM","04/20/2024, 1:05:39 PM",THUNDER BAY,ON,P7A 8C5,500 Block ALGOMA ST N, TBPS] B-E BUS/RES/OTH SUSP PRESENT OR MAY STILL BE IN AREA,Breaking & Entering,B-E BUS/RES/OTH
TB24015696,"04/20/2024, 6:33:36 AM","04/20/2024, 1:05:39 PM",THUNDER BAY,ON,P7C 3G5,1000 Block ALEXANDRA ST, TBPS] B-E BUS/RES/OTH SUSP PRESENT OR MAY STILL BE IN AREA,Breaking & Entering,B-E BUS/RES/OTH
TB24015698,"04/20/2024, 7:00:00 AM","04/20/2024, 1:05:39 PM",THUNDER BAY,ON,P7B 5Z5,1200 Block BALMORAL ST, TBPS] ASSAULT SUSP PRESENT OR IN AREA,Assault,ASSAULT
TB24015640,"04/19/2024, 11:54:37 PM","04/20/2024, 1:05:40 PM",THUNDER BAY,ON,P7A 4K8,1000 Block DAWSON RD, TBPS] ASSAULT SUSP PRESENT OR IN AREA,Assault,ASSAULT
TB24015651,"04/20/2024, 1:39:08 AM","04/20/2024, 1:05:40 PM",THUNDER BAY,ON,P7E 6E2,1100 Block ARTHUR ST W, TBPS] MOTOR VEHICLE COLLISION MVC NO INJURIES,Traffic,MOTOR VEHICLE COLLISION
TB24015678,"04/20/2024, 3:36:57 AM","04/20/2024, 1:05:40 PM",THUNDER BAY,ON,P7B 5V7,JOHN ST AND JUNOT AV S, TBPS] ASSAULT SUSP PRESENT OR IN AREA,Assault,ASSAULT
TB24015588,"04/19/2024, 6:47:20 PM","04/20/2024, 1:05:41 PM",THUNDER BAY,ON,P7A 4P8,300 Block CUMBERLAND ST N, TBPS] MOTOR VEHICLE COLLISION 11-10 MVC ANY TYPE,Other,MOTOR VEHICLE COLLISION
TB24015595,"04/19/2024, 7:17:57 PM","04/20/2024, 1:05:41 PM",THUNDER BAY,ON,P7A 4K8,1000 Block DAWSON RD, TBPS] ASSAULT SUSP PRESENT OR IN AREA,Assault,ASSAULT
TB24015611,"04/19/2024, 9:03:33 PM","04/20/2024, 1:05:41 PM",THUNDER BAY,ON,P7C 3K3,800 Block SIMPSON ST, TBPS] B-E BUS/RES/OTH 11-10,Breaking & Entering,B-E BUS/RES/OTH
TB24015630,"04/19/2024, 10:48:43 PM","04/20/2024, 1:05:41 PM",THUNDER BAY,ON,P7E 3Z5,100 Block AMELIA ST E, TBPS] B-E BUS/RES/OTH SUSP PRESENT OR MAY STILL BE IN AREA,Breaking & Entering,B-E BUS/RES/OTH
TB24015638,"04/19/2024, 11:41:52 PM","04/20/2024, 1:05:41 PM",THUNDER BAY,ON,P7A 6X3,1 Block SIMCOE ST, TBPS] MOTOR VEHICLE COLLISION MVC NO INJURIES,Traffic,MOTOR VEHICLE COLLISION
TB24015564,"04/19/2024, 4:29:06 PM","04/20/2024, 1:05:42 PM",THUNDER BAY,ON,P7C 5L5,600 Block THORNLOE DR," TBPS] THEFT NOT IN PROGRESS, UNDER 5000",Other Theft,THEFT
TB24015566,"04/19/2024, 4:35:16 PM","04/20/2024, 1:05:42 PM",THUNDER BAY,ON,P7A 4V7,100 Block COURT ST N, TBPS] MOTOR VEHICLE COLLISION 11-10 MVC ANY TYPE,Other,MOTOR VEHICLE COLLISION
TB24015579,"04/19/2024, 6:29:32 PM","04/20/2024, 1:05:42 PM",THUNDER BAY,ON,P7A 0E7,2200 Block SLEEPING GIANT PKWY, TBPS] MOTOR VEHICLE COLLISION 11-10 MVC ANY TYPE,Other,MOTOR VEHICLE COLLISION
TB24015580,"04/19/2024, 6:31:26 PM","04/20/2024, 1:05:42 PM",THUNDER BAY,ON,P7B 1K3,800 Block RED RIVER RD, TBPS] MOTOR VEHICLE COLLISION 11-10 MVC ANY TYPE,Other,MOTOR VEHICLE COLLISION
TB24015586,"04/19/2024, 6:43:15 PM","04/20/2024, 1:05:42 PM",THUNDER BAY,ON,P7B 5H8,200 Block DENNIS ST, TBPS] MOTOR VEHICLE COLLISION 11-10 MVC ANY TYPE,Other,MOTOR VEHICLE COLLISION
TB24015600,"04/19/2024, 8:01:13 PM","04/20/2024, 1:05:42 PM",THUNDER BAY,ON,P7C 1H8,500 Block FERNDALE CR," TBPS] THEFT NOT IN PROGRESS, UNDER 5000",Other Theft,THEFT
TB24015602,"04/19/2024, 8:05:57 PM","04/20/2024, 1:05:42 PM",THUNDER BAY,ON,P7A 3C6,100 Block SHIPLEY ST," TBPS] THEFT NOT IN PROGRESS, FROM MOTOR VEHICLE",Theft from Vehicle,THEFT
TB24015556,"04/19/2024, 3:38:44 PM","04/20/2024, 1:05:43 PM",THUNDER BAY,ON,P7A,JEAN ST AND DAWSON ST, TBPS] MOTOR VEHICLE COLLISION 11-10 MVC ANY TYPE,Other,MOTOR VEHICLE COLLISION
TB24015559,"04/19/2024, 3:48:57 PM","04/20/2024, 1:05:43 PM",THUNDER BAY,ON,P0T 1X0,5500 Block 102 HWY, TBPS] THEFT SUSP STILL PRESENT OR MAY BE IN AREA,Other Theft,THEFT
TB24015581,"04/19/2024, 6:34:29 PM","04/20/2024, 1:05:43 PM",THUNDER BAY,ON,P7A 7J6,100 Block BLANCHARD ST, TBPS] MOTOR VEHICLE COLLISION MVC NO INJURIES,Traffic,MOTOR VEHICLE COLLISION
TB24015582,"04/19/2024, 6:36:25 PM","04/20/2024, 1:05:43 PM",THUNDER BAY,ON,P7A 6V4,1 Block GERTRUDE AV, TBPS] MOTOR VEHICLE COLLISION 11-10 MVC ANY TYPE,Other,MOTOR VEHICLE COLLISION
TB24015583,"04/19/2024, 6:38:19 PM","04/20/2024, 1:05:43 PM",THUNDER BAY,ON,P7C 5Y2,200 Block LILLIE ST N, TBPS] MOTOR VEHICLE COLLISION 11-10 MVC ANY TYPE,Other,MOTOR VEHICLE COLLISION
TB24015585,"04/19/2024, 6:40:32 PM","04/20/2024, 1:05:43 PM",THUNDER BAY,ON,P7C 3S5,CUMMING ST AND MAY ST N, TBPS] MOTOR VEHICLE COLLISION 11-10 MVC ANY TYPE,Other,MOTOR VEHICLE COLLISION
TB24015589,"04/19/2024, 6:49:14 PM","04/20/2024, 1:05:43 PM",THUNDER BAY,ON,P7B 6M4,1200 Block AMBER DR, TBPS] MOTOR VEHICLE COLLISION 11-10 MVC ANY TYPE,Other,MOTOR VEHICLE COLLISION
TB24015495,"04/19/2024, 1:06:05 AM","04/20/2024, 1:05:44 PM",THUNDER BAY,ON,P7E 2M8,FREDERICA ST W AND BROWN ST, TBPS] ASSAULT ACCUSED NOT PRESENT,Assault,ASSAULT
TB24015537,"04/19/2024, 8:12:14 AM","04/20/2024, 1:05:44 PM",THUNDER BAY,ON,P7C 1A1,100 Block SIMPSON ST," TBPS] MISCHIEF IP/SUSP IN AREA, UNDER 5,000",Other Property Crime,MISCHIEF
TB24015790,"04/21/2024, 12:29:03 AM","04/21/2024, 1:08:57 PM",THUNDER BAY,ON,P7B 2Z2,300 Block FORT WILLIAM RD, TBPS] THEFT SUSP STILL PRESENT OR MAY BE IN AREA,Other Theft,THEFT
TB24015804,"04/21/2024, 2:05:55 AM","04/21/2024, 1:08:59 PM",THUNDER BAY,ON,P7A 4K8,1000 Block DAWSON RD, TBPS] LIQUOR LICENCE ACT LIQUOR LICENCE ACT VIOLATION IN PROGRESS,Quality of Life,LIQUOR LICENCE ACT
TB24015826,"04/21/2024, 4:14:46 AM","04/21/2024, 1:09:02 PM",THUNDER BAY,ON,P7A 2M5,200 Block CLAVET ST, TBPS] LIQUOR LICENCE ACT LIQUOR LICENCE ACT VIOLATION IN PROGRESS,Quality of Life,LIQUOR LICENCE ACT
TB24015840,"04/21/2024, 6:13:02 AM","04/21/2024, 1:09:04 PM",THUNDER BAY,ON,P7C 3R4,400 Block MAY ST N, TBPS] B-E BUS/RES/OTH 11-10,Breaking & Entering,B-E BUS/RES/OTH
TB24015842,"04/21/2024, 6:20:32 AM","04/21/2024, 1:09:04 PM",THUNDER BAY,ON,P7E 2V9,700 Block JAMES ST S, TBPS] TROUBLE WITH YOUTH YOUTHS STILL IN AREA,Quality of Life,TROUBLE WITH YOUTH
TB24015719,"04/20/2024, 1:29:47 PM","04/21/2024, 1:09:29 PM",THUNDER BAY,ON,P7B 6V4,900 Block OLIVER RD, TBPS] ASSAULT ACCUSED NOT PRESENT,Assault,ASSAULT
TB24015736,"04/20/2024, 5:48:07 PM","04/21/2024, 1:09:34 PM",THUNDER BAY,ON,P7E 5X9,100 Block DONALD ST W, TBPS] LIQUOR LICENCE ACT LIQUOR LICENCE ACT VIOLATION IN PROGRESS,Quality of Life,LIQUOR LICENCE ACT
TB24015740,"04/20/2024, 6:26:07 PM","04/21/2024, 1:09:34 PM",THUNDER BAY,ON,P7B 2Z2,300 Block FORT WILLIAM RD, TBPS] THEFT SUSP STILL PRESENT OR MAY BE IN AREA,Other Theft,THEFT
TB24015747,"04/20/2024, 7:21:44 PM","04/21/2024, 1:09:37 PM",THUNDER BAY,ON,P7B 3K1,HIGH ST N AND RED RIVER RD, TBPS] MOTOR VEHICLE COLLISION MVC NO INJURIES,Traffic,MOTOR VEHICLE COLLISION
TB24015756,"04/20/2024, 8:08:26 PM","04/21/2024, 1:09:40 PM",THUNDER BAY,ON,P7B 1R3,COURT ST S AND BAY ST, TBPS] MOTOR VEHICLE COLLISION MVC - AMB ENR - DUAL RESP,Other,MOTOR VEHICLE COLLISION
TB24015764,"04/20/2024, 8:54:18 PM","04/21/2024, 1:09:42 PM",THUNDER BAY,ON,P7B 3A6,ACCESS TO THE THUNDER CENTRE AND MAIN ST, TBPS] LIQUOR LICENCE ACT LIQUOR LICENCE ACT VIOLATION IN PROGRESS,Quality of Life,LIQUOR LICENCE ACT
TB24015776,"04/20/2024, 10:36:45 PM","04/21/2024, 1:09:47 PM",THUNDER BAY,ON,P7E 5N3,1300 Block ARTHUR ST E, TBPS] ASSAULT SUSP PRESENT OR IN AREA,Assault,ASSAULT
TB24015778,"04/20/2024, 10:56:26 PM","04/21/2024, 1:09:48 PM",THUNDER BAY,ON,P7B 5Z5,1200 Block BALMORAL ST, TBPS] MOTOR VEHICLE COLLISION 11-10 MVC ANY TYPE,Other,MOTOR VEHICLE COLLISION
TB24015780,"04/20/2024, 11:15:56 PM","04/21/2024, 1:09:48 PM",THUNDER BAY,ON,P7C 5N5,500 Block CANDY MOUNTAIN DR, TBPS] B-E BUS/RES/OTH SUSP PRESENT OR MAY STILL BE IN AREA,Breaking & Entering,B-E BUS/RES/OTH
TB24015782,"04/20/2024, 11:43:58 PM","04/21/2024, 1:09:49 PM",THUNDER BAY,ON,P7E 5N2,1300 Block ARTHUR ST E, TBPS] B-E BUS/RES/OTH SUSP PRESENT OR MAY STILL BE IN AREA,Breaking & Entering,B-E BUS/RES/OTH
TB24015933,"04/21/2024, 9:45:22 PM","04/22/2024, 1:07:25 PM",THUNDER BAY,ON,P7B 2Z2,300 Block FORT WILLIAM RD, TBPS] THEFT SUSP STILL PRESENT OR MAY BE IN AREA,Other Theft,THEFT
TB24015940,"04/21/2024, 10:10:00 PM","04/22/2024, 1:07:26 PM",THUNDER BAY,ON,P7C 3J6,500 Block SIMPSON ST, TBPS] ASSAULT ACCUSED PRESENT,Assault,ASSAULT
TB24015943,"04/21/2024, 10:17:42 PM","04/22/2024, 1:07:26 PM",THUNDER BAY,ON,P7E 3V7,100 Block FREDERICA ST W, TBPS] ROBBERY NO WEAPONS - SUSP STILL IN AREA,Robbery,ROBBERY
TB24015955,"04/22/2024, 12:03:53 AM","04/22/2024, 1:07:28 PM",THUNDER BAY,ON,P7B 6C5,1100 Block ALLOY DR, TBPS] ROBBERY NO WEAPONS - SUSP STILL IN AREA,Robbery,ROBBERY
TB24015958,"04/22/2024, 12:53:14 AM","04/22/2024, 1:07:28 PM",THUNDER BAY,ON,P7B 7C6,900 Block CARRICK ST, TBPS] MOTOR VEHICLE COLLISION MVC NO INJURIES,Traffic,MOTOR VEHICLE COLLISION
TB24015961,"04/22/2024, 1:27:30 AM","04/22/2024, 1:07:29 PM",THUNDER BAY,ON,P7B 5L6,300 Block MAIN ST, TBPS] THEFT SUSP STILL PRESENT OR MAY BE IN AREA,Other Theft,THEFT
TB24015969,"04/22/2024, 2:46:56 AM","04/22/2024, 1:07:30 PM",THUNDER BAY,ON,P7B 5N5,200 Block RAVENWOOD AV, TBPS] DRUG OFFENCES SUSP PRESENT OR MAY STILL BE IN AREA,Quality of Life,DRUG OFFENCES
TB24015982,"04/22/2024, 5:41:29 AM","04/22/2024, 1:07:32 PM",THUNDER BAY,ON,P7C 4R6,100 Block SHERBROOKE ST, TBPS] TROUBLE WITH YOUTH YOUTHS STILL IN AREA,Quality of Life,TROUBLE WITH YOUTH
TB24015812,"04/21/2024, 2:39:10 AM","04/22/2024, 1:07:52 PM",THUNDER BAY,ON,P7B 3J2,200 Block BANNING ST, TBPS] MOTOR VEHICLE COLLISION 11-10 MVC ANY TYPE,Other,MOTOR VEHICLE COLLISION
TB24015867,"04/21/2024, 11:01:57 AM","04/22/2024, 1:08:11 PM",THUNDER BAY,ON,P7A 4S2,500 Block CUMBERLAND ST N, TBPS] ASSAULT SUSP PRESENT OR IN AREA,Assault,ASSAULT
TB24015875,"04/21/2024, 2:32:14 PM","04/22/2024, 1:08:14 PM",THUNDER BAY,ON,P7B 2K2,300 Block QUEEN ST," TBPS] MISCHIEF 11-10, MICHIEF UNDER 5000",Other Property Crime,MISCHIEF
TB24015878,"04/21/2024, 3:10:39 PM","04/22/2024, 1:08:15 PM",THUNDER BAY,ON,P7B 5V2,500 Block BEVERLY ST, TBPS] THEFT SUSP STILL PRESENT OR MAY BE IN AREA,Other Theft,THEFT
TB24015879,"04/21/2024, 3:16:25 PM","04/22/2024, 1:08:16 PM",THUNDER BAY,ON,P7B 1C2,200 Block PARK AV," TBPS] THEFT NOT IN PROGRESS, UNDER 5000",Other Theft,THEFT
TB24015883,"04/21/2024, 3:51:22 PM","04/22/2024, 1:08:16 PM",THUNDER BAY,ON,P7B 2K2,300 Block QUEEN ST," TBPS] MISCHIEF 11-10, MICHIEF UNDER 5000",Other Property Crime,MISCHIEF
TB24015896,"04/21/2024, 5:48:00 PM","04/22/2024, 1:08:18 PM",THUNDER BAY,ON,P7B 1C2,200 Block PARK AV," TBPS] THEFT NOT IN PROGRESS, UNDER 5000",Other Theft,THEFT
TB24015898,"04/21/2024, 5:49:04 PM","04/22/2024, 1:08:19 PM",THUNDER BAY,ON,P7B 1C2,200 Block PARK AV," TBPS] THEFT NOT IN PROGRESS, UNDER 5000",Other Theft,THEFT
TB24015906,"04/21/2024, 6:42:01 PM","04/22/2024, 1:08:19 PM",THUNDER BAY,ON,P7B 3Y2,300 Block MEMORIAL AV, TBPS] INDECENT ACTS SUSP PRESENT OR MAY STILL BE IN AREA,Sexual Offense,INDECENT ACTS
TB24015911,"04/21/2024, 7:20:22 PM","04/22/2024, 1:08:19 PM",THUNDER BAY,ON,P7B 2Z2,300 Block FORT WILLIAM RD, TBPS] ROBBERY NO WEAPONS - SUSP STILL IN AREA,Robbery,ROBBERY
TB24015916,"04/21/2024, 7:53:08 PM","04/22/2024, 1:08:20 PM",THUNDER BAY,ON,P7B 6J7,100 Block PICTON AV, TBPS] LIQUOR LICENCE ACT LIQUOR LICENCE ACT VIOLATION IN PROGRESS,Quality of Life,LIQUOR LICENCE ACT
TB24016062,"04/22/2024, 9:47:10 PM","04/23/2024, 1:09:41 PM",THUNDER BAY,ON,P7B 7C6,900 Block CARRICK ST," TBPS] MISCHIEF 11-10, MICHIEF UNDER 5000",Other Property Crime,MISCHIEF
TB24016063,"04/22/2024, 10:05:41 PM","04/23/2024, 1:09:41 PM",THUNDER BAY,ON,P7B 6J6,100 Block PICTON AV, TBPS] B-E BUS/RES/OTH 11-10,Breaking & Entering,B-E BUS/RES/OTH
TB24016071,"04/22/2024, 10:56:44 PM","04/23/2024, 1:09:42 PM",THUNDER BAY,ON,P7B 1V6,200 Block WINDSOR ST, TBPS] ASSAULT SUSP PRESENT OR IN AREA,Assault,ASSAULT
TB24016077,"04/22/2024, 11:41:09 PM","04/23/2024, 1:09:43 PM",THUNDER BAY,ON,P7C 4S8,1 Block LIMBRICK ST, TBPS] DRUG OFFENCES SUSP PRESENT OR MAY STILL BE IN AREA,Quality of Life,DRUG OFFENCES
TB24016078,"04/22/2024, 11:48:00 PM","04/23/2024, 1:09:43 PM",THUNDER BAY,ON,P7J 1E8,2300 Block 61 HWY, TBPS] ASSAULT ACCUSED PRESENT,Assault,ASSAULT
TB24016082,"04/23/2024, 12:28:36 AM","04/23/2024, 1:09:44 PM",THUNDER BAY,ON,P7B,CENTRAL AV AND 11TH AV, TBPS] MOTOR VEHICLE COLLISION MVC NO INJURIES,Traffic,MOTOR VEHICLE COLLISION
TB24016097,"04/23/2024, 3:20:40 AM","04/23/2024, 1:09:46 PM",THUNDER BAY,ON,P7J 1E8,2300 Block 61 HWY, TBPS] ASSAULT ACCUSED PRESENT,Assault,ASSAULT
TB24016104,"04/23/2024, 4:04:53 AM","04/23/2024, 1:09:47 PM",THUNDER BAY,ON,P7B 6S2,700 Block MEMORIAL AV, TBPS] THEFT SUSP STILL PRESENT OR MAY BE IN AREA,Other Theft,THEFT
TB24015445,"04/18/2024, 9:00:25 PM","04/23/2024, 1:09:50 PM",THUNDER BAY,ON,P7A 7N7,200 Block PERTH CR, TBPS] MOTOR VEHICLE COLLISION 11-10 MVC ANY TYPE,Other,MOTOR VEHICLE COLLISION
TB24015998,"04/22/2024, 9:29:27 AM","04/23/2024, 1:10:14 PM",THUNDER BAY,ON,P7C 4E4,600 Block HAROLD ST N, TBPS] B-E BUS/RES/OTH SUSP PRESENT OR MAY STILL BE IN AREA,Breaking & Entering,B-E BUS/RES/OTH
TB24016008,"04/22/2024, 2:37:49 PM","04/23/2024, 1:10:15 PM",THUNDER BAY,ON,P7B 3Y2,JOHN ST AND SECORD ST, TBPS] MOTOR VEHICLE COLLISION 11-10 MVC ANY TYPE,Other,MOTOR VEHICLE COLLISION
TB24016009,"04/22/2024, 2:40:40 PM","04/23/2024, 1:10:15 PM",THUNDER BAY,ON,P7B 5L6,300 Block MAIN ST, TBPS] MOTOR VEHICLE COLLISION 11-10 MVC ANY TYPE,Other,MOTOR VEHICLE COLLISION
TB24016011,"04/22/2024, 3:06:52 PM","04/23/2024, 1:10:15 PM",THUNDER BAY,ON,P7B 7A4,OLIVER RD AND GOLF LINKS RD, TBPS] MOTOR VEHICLE COLLISION 11-10 MVC ANY TYPE,Other,MOTOR VEHICLE COLLISION
TB24016015,"04/22/2024, 3:57:37 PM","04/23/2024, 1:10:16 PM",THUNDER BAY,ON,P7E,JAMES ST S AND FREDERICA ST W, TBPS] MOTOR VEHICLE COLLISION 11-10 MVC ANY TYPE,Other,MOTOR VEHICLE COLLISION
TB24016016,"04/22/2024, 4:09:02 PM","04/23/2024, 1:10:17 PM",THUNDER BAY,ON,P7B 7C6,900 Block CARRICK ST, TBPS] MOTOR VEHICLE COLLISION 11-10 MVC ANY TYPE,Other,MOTOR VEHICLE COLLISION
TB24016017,"04/22/2024, 4:12:08 PM","04/23/2024, 1:10:17 PM",THUNDER BAY,ON,P7C 2R5,200 Block PACIFIC AV, TBPS] MOTOR VEHICLE COLLISION 11-10 MVC ANY TYPE,Other,MOTOR VEHICLE COLLISION
TB24016018,"04/22/2024, 4:13:32 PM","04/23/2024, 1:10:17 PM",THUNDER BAY,ON,P7C 4B4,400 Block VICKERS ST N, TBPS] MOTOR VEHICLE COLLISION 11-10 MVC ANY TYPE,Other,MOTOR VEHICLE COLLISION
TB24016019,"04/22/2024, 4:19:30 PM","04/23/2024, 1:10:18 PM",THUNDER BAY,ON,P7C 6A8,100 Block WATERLOO ST N, TBPS] MOTOR VEHICLE COLLISION 11-10 MVC ANY TYPE,Other,MOTOR VEHICLE COLLISION
TB24016021,"04/22/2024, 4:28:58 PM","04/23/2024, 1:10:18 PM",THUNDER BAY,ON,.,MONTGOMERY ST AND BALMORAL ST, TBPS] MOTOR VEHICLE COLLISION 11-10 MVC ANY TYPE,Other,MOTOR VEHICLE COLLISION
TB24016023,"04/22/2024, 4:41:18 PM","04/23/2024, 1:10:20 PM",THUNDER BAY,ON,P7B 5L4,1 Block CUMBERLAND ST S, TBPS] MOTOR VEHICLE COLLISION 11-10 MVC ANY TYPE,Other,MOTOR VEHICLE COLLISION
TB24016024,"04/22/2024, 5:00:55 PM","04/23/2024, 1:10:20 PM",THUNDER BAY,ON,P7G 2J8,3300 Block DAWSON RD, TBPS] B-E BUS/RES/OTH 11-10,Breaking & Entering,B-E BUS/RES/OTH
TB24016025,"04/22/2024, 5:06:54 PM","04/23/2024, 1:10:20 PM",THUNDER BAY,ON,P7B,JOHN ST AND THUNDER BAY EXPRESSWAY, TBPS] MOTOR VEHICLE COLLISION 11-10 MVC ANY TYPE,Other,MOTOR VEHICLE COLLISION
TB24016027,"04/22/2024, 5:11:02 PM","04/23/2024, 1:10:21 PM",THUNDER BAY,ON,P7G 1A2,1 Block WASCO DR, TBPS] MOTOR VEHICLE COLLISION 11-10 MVC ANY TYPE,Other,MOTOR VEHICLE COLLISION
TB24016029,"04/22/2024, 5:17:10 PM","04/23/2024, 1:10:23 PM",THUNDER BAY,ON,P7B 1K3,900 Block RED RIVER RD, TBPS] MOTOR VEHICLE COLLISION 11-10 MVC ANY TYPE,Other,MOTOR VEHICLE COLLISION
TB24016030,"04/22/2024, 5:21:18 PM","04/23/2024, 1:10:23 PM",THUNDER BAY,ON,P7B 5E1,900 Block OLIVER RD, TBPS] MOTOR VEHICLE COLLISION 11-10 MVC ANY TYPE,Other,MOTOR VEHICLE COLLISION
TB24016031,"04/22/2024, 5:25:23 PM","04/23/2024, 1:10:24 PM",THUNDER BAY,ON,P7E 2G9,300 Block EDWARD ST S, TBPS] MOTOR VEHICLE COLLISION 11-10 MVC ANY TYPE,Other,MOTOR VEHICLE COLLISION
TB24016033,"04/22/2024, 5:30:07 PM","04/23/2024, 1:10:24 PM",THUNDER BAY,ON,P7E 1G7,ARTHUR ST E AND ARCHIBALD ST S, TBPS] MOTOR VEHICLE COLLISION 11-10 MVC ANY TYPE,Other,MOTOR VEHICLE COLLISION
TB24016034,"04/22/2024, 5:36:08 PM","04/23/2024, 1:10:25 PM",THUNDER BAY,ON,P7B 1K1,RED RIVER RD AND CLARKSON ST N, TBPS] MOTOR VEHICLE COLLISION 11-10 MVC ANY TYPE,Other,MOTOR VEHICLE COLLISION
TB24016036,"04/22/2024, 5:42:55 PM","04/23/2024, 1:10:26 PM",THUNDER BAY,ON,P7B,FORT WILLIAM RD AND MAIN ST, TBPS] MOTOR VEHICLE COLLISION 11-10 MVC ANY TYPE,Other,MOTOR VEHICLE COLLISION
TB24016039,"04/22/2024, 6:11:35 PM","04/23/2024, 1:10:27 PM",THUNDER BAY,ON,P7A 4Y7,MCVICAR ST AND COURT ST N, TBPS] DRUG OFFENCES SUSP PRESENT OR MAY STILL BE IN AREA,Quality of Life,DRUG OFFENCES
TB24016042,"04/22/2024, 6:33:32 PM","04/23/2024, 1:10:28 PM",THUNDER BAY,ON,P7A 2J6,200 Block GIBSON AV, TBPS] TROUBLE WITH YOUTH YOUTHS STILL IN AREA,Quality of Life,TROUBLE WITH YOUTH
TB24016057,"04/22/2024, 8:29:48 PM","04/23/2024, 1:10:31 PM",THUNDER BAY,ON,P7B 2B9,500 Block FAIRCREST ST," TBPS] THEFT NOT IN PROGRESS, FROM MOTOR VEHICLE",Theft from Vehicle,THEFT
TB24016251,"04/24/2024, 3:38:24 AM","04/24/2024, 1:05:24 PM",THUNDER BAY,ON,P7E 5P7,200 Block ARTHUR ST W, TBPS] ASSAULT SUSP PRESENT OR IN AREA,Assault,ASSAULT
TB24016189,"04/23/2024, 7:54:32 PM","04/24/2024, 1:05:25 PM",THUNDER BAY,ON,P7B 2Z2,300 Block FORT WILLIAM RD, TBPS] ROBBERY NO WEAPONS - SUSP STILL IN AREA,Robbery,ROBBERY
TB24016205,"04/23/2024, 9:39:42 PM","04/24/2024, 1:05:25 PM",THUNDER BAY,ON,P7B 6K7,200 Block SKYLINE AV, TBPS] ASSAULT ACCUSED NOT PRESENT,Assault,ASSAULT
TB24016208,"04/23/2024, 10:15:31 PM","04/24/2024, 1:05:25 PM",THUNDER BAY,ON,P7J 1E8,2300 Block 61 HWY, TBPS] ASSAULT ACCUSED NOT PRESENT,Assault,ASSAULT
TB24016210,"04/23/2024, 10:33:50 PM","04/24/2024, 1:05:25 PM",THUNDER BAY,ON,P7E 2V9,JAMES ST S AND GORDON ST, TBPS] MOTOR VEHICLE COLLISION MVC NO INJURIES,Traffic,MOTOR VEHICLE COLLISION
TB24016227,"04/24/2024, 12:27:52 AM","04/24/2024, 1:05:25 PM",THUNDER BAY,ON,P7B 3Z7,700 Block MEMORIAL AV," TBPS] THEFT NOT IN PROGRESS, UNDER 5000",Other Theft,THEFT
TB24016241,"04/24/2024, 2:11:49 AM","04/24/2024, 1:05:25 PM",THUNDER BAY,ON,P7A 2H1,ARUNDEL ST AND DEWE AV, TBPS] MOTOR VEHICLE COLLISION MVC NO INJURIES,Traffic,MOTOR VEHICLE COLLISION
TB24016170,"04/23/2024, 5:29:44 PM","04/24/2024, 1:05:26 PM",THUNDER BAY,ON,P7E 5V7,1100 Block LINCOLN ST, TBPS] ASSAULT SUSP PRESENT OR IN AREA,Assault,ASSAULT
TB24016223,"04/23/2024, 11:00:00 PM","04/24/2024, 1:05:26 PM",THUNDER BAY,ON,P7B 5P9,1200 Block CARRICK ST, TBPS] B-E BUS/RES/OTH 11-10,Breaking & Entering,B-E BUS/RES/OTH
TB24016215,"04/23/2024, 11:01:05 PM","04/24/2024, 1:05:26 PM",THUNDER BAY,ON,P7C 5G2,600 Block REDWOOD AV W," TBPS] THEFT NOT IN PROGRESS, FROM MOTOR VEHICLE",Theft from Vehicle,THEFT
TB24016148,"04/23/2024, 3:15:06 PM","04/24/2024, 1:05:27 PM",THUNDER BAY,ON,P7A 3R8,500 Block RIVER ST, TBPS] MOTOR VEHICLE COLLISION 11-10 MVC ANY TYPE,Other,MOTOR VEHICLE COLLISION
TB24016150,"04/23/2024, 3:22:43 PM","04/24/2024, 1:05:27 PM",THUNDER BAY,ON,P7B 2Z3,300 Block FORT WILLIAM RD, TBPS] MOTOR VEHICLE COLLISION 11-10 MVC ANY TYPE,Other,MOTOR VEHICLE COLLISION
TB24016108,"04/23/2024, 4:23:56 AM","04/24/2024, 1:05:28 PM",THUNDER BAY,ON,P7B 1V8,200 Block WINDSOR ST," TBPS] MISCHIEF IP/SUSP IN AREA, UNDER 5,000",Other Property Crime,MISCHIEF
TB24016115,"04/23/2024, 5:47:51 AM","04/24/2024, 1:05:28 PM",THUNDER BAY,ON,P7A 7B8,100 Block KENWOOD AV," TBPS] MISCHIEF IP/SUSP IN AREA, UNDER 5,000",Other Property Crime,MISCHIEF
TB24016120,"04/23/2024, 6:57:19 AM","04/24/2024, 1:05:28 PM",THUNDER BAY,ON,P7C 4V1,3100 Block ARTHUR ST W, TBPS] ROBBERY WEAPONS - SUSP STILL IN AREA,Robbery,ROBBERY
TB24016122,"04/23/2024, 7:02:35 AM","04/24/2024, 1:05:28 PM",THUNDER BAY,ON,P7B 4A4,1000 Block MEMORIAL AV, TBPS] LIQUOR LICENCE ACT LIQUOR LICENCE ACT VIOLATION IN PROGRESS,Quality of Life,LIQUOR LICENCE ACT
TB24016126,"04/23/2024, 8:18:04 AM","04/24/2024, 1:05:28 PM",THUNDER BAY,ON,P7B 1R8,200 Block BAY ST, TBPS] B-E BUS/RES/OTH SUSP PRESENT OR MAY STILL BE IN AREA,Breaking & Entering,B-E BUS/RES/OTH
TB24016128,"04/23/2024, 8:48:55 AM","04/24/2024, 1:05:28 PM",THUNDER BAY,ON,P7B 6V4,900 Block OLIVER RD, TBPS] ASSAULT SUSP PRESENT OR IN AREA,Assault,ASSAULT
TB24016142,"04/23/2024, 11:33:33 AM","04/24/2024, 1:05:28 PM",THUNDER BAY,ON,P7B 6N3,700 Block ATHENS DR, TBPS] LIQUOR LICENCE ACT LIQUOR LICENCE ACT VIOLATION IN PROGRESS,Quality of Life,LIQUOR LICENCE ACT
TB24016149,"04/23/2024, 3:19:11 PM","04/24/2024, 1:05:28 PM",THUNDER BAY,ON,P7B,PARK AV AND COURT ST S, TBPS] MOTOR VEHICLE COLLISION 11-10 MVC ANY TYPE,Other,MOTOR VEHICLE COLLISION
TB24016151,"04/23/2024, 3:26:29 PM","04/24/2024, 1:05:28 PM",THUNDER BAY,ON,P7B 5Z3,900 Block TUNGSTEN ST, TBPS] MOTOR VEHICLE COLLISION 11-10 MVC ANY TYPE,Other,MOTOR VEHICLE COLLISION
TB24016222,"04/23/2024, 11:39:49 PM","04/24/2024, 1:08:27 PM",THUNDER BAY,ON,P7E 1E9,700 Block SYNDICATE AV S," TBPS] THEFT NOT IN PROGRESS, UNDER 5000",Other Theft,THEFT
TB24016244,"04/24/2024, 3:00:48 AM","04/24/2024, 1:08:27 PM",THUNDER BAY,ON,P7C 4C2,HAROLD ST N AND MILES ST E, TBPS] INDECENT ACTS SUSP PRESENT OR MAY STILL BE IN AREA,Sexual Offense,INDECENT ACTS
TB24016258,"04/24/2024, 4:40:05 AM","04/24/2024, 1:08:27 PM",THUNDER BAY,ON,P7E 1M7,500 Block MARKS ST S, TBPS] B-E BUS/RES/OTH SUSP PRESENT OR MAY STILL BE IN AREA,Breaking & Entering,B-E BUS/RES/OTH
TB24016358,"04/24/2024, 9:24:46 PM","04/25/2024, 1:08:06 PM",THUNDER BAY,ON,P7B 2Z2,300 Block FORT WILLIAM RD," TBPS] THEFT NOT IN PROGRESS, UNDER 5000",Other Theft,THEFT
TB24016374,"04/24/2024, 11:08:38 PM","04/25/2024, 1:08:06 PM",THUNDER BAY,ON,P7B 1E3,200 Block PEARL ST," TBPS] MISCHIEF 11-10, MICHIEF UNDER 5000",Other Property Crime,MISCHIEF
TB24016383,"04/25/2024, 1:00:58 AM","04/25/2024, 1:08:06 PM",THUNDER BAY,ON,P7B 2X5,100 Block COURT ST S, TBPS] DRUG OFFENCES SUSP PRESENT OR MAY STILL BE IN AREA,Quality of Life,DRUG OFFENCES
TB24016400,"04/25/2024, 3:49:53 AM","04/25/2024, 1:08:06 PM",THUNDER BAY,ON,P7B 1V6,WINDSOR ST AND JUNOT AV S, TBPS] LIQUOR LICENCE ACT LIQUOR LICENCE ACT VIOLATION IN PROGRESS,Quality of Life,LIQUOR LICENCE ACT
TB24016337,"04/24/2024, 6:38:20 PM","04/25/2024, 1:08:07 PM",THUNDER BAY,ON,P7E 6V7,2000 Block NEEBING AV," TBPS] THEFT NOT IN PROGRESS, UNDER 5000",Other Theft,THEFT
TB24016344,"04/24/2024, 7:10:28 PM","04/25/2024, 1:08:07 PM",THUNDER BAY,ON,P7B 1K3,800 Block RED RIVER RD," TBPS] THEFT NOT IN PROGRESS, UNDER 5000",Other Theft,THEFT
TB24016350,"04/24/2024, 8:12:05 PM","04/25/2024, 1:08:07 PM",THUNDER BAY,ON,P7E 1C9,SYNDICATE AV S AND DONALD ST E, TBPS] MOTOR VEHICLE COLLISION 11-10 MVC ANY TYPE,Other,MOTOR VEHICLE COLLISION
TB24016361,"04/24/2024, 9:43:41 PM","04/25/2024, 1:08:07 PM",THUNDER BAY,ON,P7E 6P9,1100 Block ARTHUR ST W, TBPS] STOLEN VEHICLE SUSP NOT IN AREA,Theft of Vehicle,STOLEN VEHICLE
TB24016368,"04/24/2024, 10:41:25 PM","04/25/2024, 1:08:07 PM",THUNDER BAY,ON,P7E 5V7,1100 Block LINCOLN ST, TBPS] ASSAULT SUSP PRESENT OR IN AREA,Assault,ASSAULT
TB24016387,"04/25/2024, 1:11:07 AM","04/25/2024, 1:08:07 PM",THUNDER BAY,ON,P7A 2L1,200 Block POWLEY ST," TBPS] THEFT NOT IN PROGRESS, UNDER 5000",Other Theft,THEFT
TB24016388,"04/25/2024, 1:50:09 AM","04/25/2024, 1:08:07 PM",THUNDER BAY,ON,P7B 5V1,STRAND AV AND DAWSON RD, TBPS] MOTOR VEHICLE COLLISION MVC - AMB ENR - DUAL RESP,Other,MOTOR VEHICLE COLLISION
TB24016308,"04/24/2024, 4:10:41 PM","04/25/2024, 1:08:08 PM",THUNDER BAY,ON,P7B 6S2,700 Block MEMORIAL AV, TBPS] MOTOR VEHICLE COLLISION 11-10 MVC ANY TYPE,Other,MOTOR VEHICLE COLLISION
TB24016316,"04/24/2024, 4:26:31 PM","04/25/2024, 1:08:08 PM",THUNDER BAY,ON,P7B 4A2,900 Block MEMORIAL AV, TBPS] MOTOR VEHICLE COLLISION MVC NO INJURIES,Traffic,MOTOR VEHICLE COLLISION
TB24016330,"04/24/2024, 5:57:40 PM","04/25/2024, 1:08:08 PM",THUNDER BAY,ON,P7B 5Z5,1200 Block BALMORAL ST, TBPS] STOLEN VEHICLE SUSP NOT IN AREA,Theft of Vehicle,STOLEN VEHICLE
TB24016339,"04/24/2024, 6:40:58 PM","04/25/2024, 1:08:08 PM",THUNDER BAY,ON,P7A 3N2,100 Block ELM ST, TBPS] TROUBLE WITH YOUTH YOUTHS STILL IN AREA,Quality of Life,TROUBLE WITH YOUTH
TB24016342,"04/24/2024, 6:56:56 PM","04/25/2024, 1:08:08 PM",THUNDER BAY,ON,P7A 4X8,500 Block COURT ST N, TBPS] ASSAULT ACCUSED NOT PRESENT,Assault,ASSAULT
TB24016364,"04/24/2024, 10:08:35 PM","04/25/2024, 1:08:08 PM",THUNDER BAY,ON,P7A 4X8,500 Block COURT ST N, TBPS] ASSAULT ACCUSED NOT PRESENT,Assault,ASSAULT
TB24016259,"04/24/2024, 4:46:48 AM","04/25/2024, 1:08:09 PM",THUNDER BAY,ON,P7E 2V3,500 Block ARTHUR ST W, TBPS] MOTOR VEHICLE COLLISION 11-10 MVC ANY TYPE,Other,MOTOR VEHICLE COLLISION
TB24016271,"04/24/2024, 6:48:10 AM","04/25/2024, 1:08:09 PM",THUNDER BAY,ON,P7C 2V5,100 Block NORTHERN AV, TBPS] ASSAULT SUSP PRESENT OR IN AREA,Assault,ASSAULT
TB24016303,"04/24/2024, 3:41:13 PM","04/25/2024, 1:08:09 PM",THUNDER BAY,ON,P7E 5S6,ARTHUR ST E AND SELKIRK ST S, TBPS] MOTOR VEHICLE COLLISION MVC NO INJURIES,Traffic,MOTOR VEHICLE COLLISION
TB24016309,"04/24/2024, 4:12:56 PM","04/25/2024, 1:08:09 PM",THUNDER BAY,ON,P7C 4G8,100 Block NORAH ST N, TBPS] MOTOR VEHICLE COLLISION 11-10 MVC ANY TYPE,Other,MOTOR VEHICLE COLLISION
TB24016310,"04/24/2024, 4:15:44 PM","04/25/2024, 1:08:09 PM",THUNDER BAY,ON,P7A 2Y3,200 Block ANGUS ST, TBPS] MOTOR VEHICLE COLLISION 11-10 MVC ANY TYPE,Other,MOTOR VEHICLE COLLISION
TB24016312,"04/24/2024, 4:17:38 PM","04/25/2024, 1:08:09 PM",THUNDER BAY,ON,P7E 3W5,400 Block FREDERICA ST W, TBPS] MOTOR VEHICLE COLLISION 11-10 MVC ANY TYPE,Other,MOTOR VEHICLE COLLISION
TB24016313,"04/24/2024, 4:18:06 PM","04/25/2024, 1:08:09 PM",THUNDER BAY,ON,P7A 1K6,300 Block DACRE ST," TBPS] MISCHIEF 11-10, MICHIEF UNDER 5000",Other Property Crime,MISCHIEF
TB24016320,"04/24/2024, 4:47:30 PM","04/25/2024, 1:08:09 PM",THUNDER BAY,ON,P7C 5H4,1600 Block DEASE ST, TBPS] B-E BUS/RES/OTH 11-10,Breaking & Entering,B-E BUS/RES/OTH
TB24016295,"04/24/2024, 2:04:55 PM","04/25/2024, 1:08:10 PM",THUNDER BAY,ON,P7B 3Y2,SECORD ST AND JOHN ST, TBPS] MOTOR VEHICLE COLLISION 11-10 MVC ANY TYPE,Other,MOTOR VEHICLE COLLISION
TB24016517,"04/25/2024, 11:58:24 PM","04/26/2024, 1:04:57 PM",THUNDER BAY,ON,P7A 5L7,200 Block PROSPECT AV," TBPS] THEFT NOT IN PROGRESS, FROM MOTOR VEHICLE",Theft from Vehicle,THEFT
TB24016527,"04/26/2024, 1:15:25 AM","04/26/2024, 1:04:57 PM",THUNDER BAY,ON,P7E 2E4,2600 Block WALSH ST E," TBPS] SEXUAL ASSAULT JUST OCCURRED, ACCUSED NOT PRESENT",Other,SEXUAL ASSAULT
TB24016535,"04/26/2024, 2:13:56 AM","04/26/2024, 1:04:57 PM",THUNDER BAY,ON,P7C 4J1,200 Block FRANKLIN ST N, TBPS] TROUBLE WITH YOUTH YOUTHS STILL IN AREA,Quality of Life,TROUBLE WITH YOUTH
TB24016546,"04/26/2024, 4:05:28 AM","04/26/2024, 1:04:57 PM",THUNDER BAY,ON,P7E 1G6,300 Block ARCHIBALD ST S, TBPS] ASSAULT SUSP PRESENT OR IN AREA,Assault,ASSAULT
TB24016558,"04/26/2024, 5:17:35 AM","04/26/2024, 1:04:57 PM",THUNDER BAY,ON,P7C 4R1,500 Block EDWARD ST N, TBPS] ROBBERY NO WEAPONS - SUSP STILL IN AREA,Robbery,ROBBERY
TB24016479,"04/25/2024, 7:30:32 PM","04/26/2024, 1:04:58 PM",THUNDER BAY,ON,P7E 1B3,100 Block MAY ST S, TBPS] ASSAULT ACCUSED NOT PRESENT,Assault,ASSAULT
TB24016483,"04/25/2024, 7:46:49 PM","04/26/2024, 1:04:58 PM",THUNDER BAY,ON,P7B 6B9,1000 Block FORT WILLIAM RD, TBPS] MOTOR VEHICLE COLLISION 11-10 MVC ANY TYPE,Other,MOTOR VEHICLE COLLISION
TB24016484,"04/25/2024, 8:15:08 PM","04/26/2024, 1:04:58 PM",THUNDER BAY,ON,P7E 2V9,700 Block JAMES ST S, TBPS] ASSAULT ACCUSED NOT PRESENT,Assault,ASSAULT
TB24016507,"04/25/2024, 10:48:51 PM","04/26/2024, 1:04:58 PM",THUNDER BAY,ON,P7A 3T2,200 Block HARRINGTON AV, TBPS] MOTOR VEHICLE COLLISION MVC NO INJURIES,Traffic,MOTOR VEHICLE COLLISION
TB24016519,"04/26/2024, 12:06:59 AM","04/26/2024, 1:04:58 PM",THUNDER BAY,ON,P7E 1Z4,1100 Block TARBUTT ST S, TBPS] TROUBLE WITH YOUTH YOUTHS STILL IN AREA,Quality of Life,TROUBLE WITH YOUTH
TB24016461,"04/25/2024, 6:08:47 PM","04/26/2024, 1:04:59 PM",THUNDER BAY,ON,P7C 2V7,400 Block NORTHERN AV, TBPS] MOTOR VEHICLE COLLISION 11-10 MVC ANY TYPE,Other,MOTOR VEHICLE COLLISION
TB24016471,"04/25/2024, 6:44:43 PM","04/26/2024, 1:04:59 PM",THUNDER BAY,ON,P7C 0A2,800 Block VICTORIA AV E," TBPS] ASSAULT JUST OCCURRED, ACCUSED NOT PRESENT",Assault,ASSAULT
TB24016473,"04/25/2024, 6:48:59 PM","04/26/2024, 1:04:59 PM",THUNDER BAY,ON,P7A 4R1,400 Block CUMBERLAND ST N, TBPS] MOTOR VEHICLE COLLISION MVC - AMB ENR - DUAL RESP,Other,MOTOR VEHICLE COLLISION
TB24016487,"04/25/2024, 8:32:49 PM","04/26/2024, 1:04:59 PM",THUNDER BAY,ON,P7B 4W8,100 Block CLARKSON ST S, TBPS] DRUG OFFENCES SUSP PRESENT OR MAY STILL BE IN AREA,Quality of Life,DRUG OFFENCES
TB24016489,"04/25/2024, 8:45:48 PM","04/26/2024, 1:04:59 PM",THUNDER BAY,ON,P7E 3W4,300 Block FREDERICA ST W, TBPS] MOTOR VEHICLE COLLISION MVC NO INJURIES,Traffic,MOTOR VEHICLE COLLISION
TB24016501,"04/25/2024, 9:24:58 PM","04/26/2024, 1:04:59 PM",THUNDER BAY,ON,P7C 3Y7,300 Block ARCHIBALD ST N," TBPS] THEFT NOT IN PROGRESS, UNDER 5000",Other Theft,THEFT
TB24016432,"04/25/2024, 1:16:27 PM","04/26/2024, 1:05:00 PM",THUNDER BAY,ON,P7B 5J4,1000 Block DAWSON RD," TBPS] ASSAULT JUST OCCURRED, ACCUSED NOT PRESENT",Assault,ASSAULT
TB24016438,"04/25/2024, 3:11:32 PM","04/26/2024, 1:05:00 PM",THUNDER BAY,ON,P7B 1K1,RED RIVER RD AND CLARKSON ST N, TBPS] MOTOR VEHICLE COLLISION 11-10 MVC ANY TYPE,Other,MOTOR VEHICLE COLLISION
TB24016460,"04/25/2024, 6:06:48 PM","04/26/2024, 1:05:00 PM",THUNDER BAY,ON,P7B 3Y6,500 Block MEMORIAL AV, TBPS] MOTOR VEHICLE COLLISION 11-10 MVC ANY TYPE,Other,MOTOR VEHICLE COLLISION
TB24016462,"04/25/2024, 6:10:48 PM","04/26/2024, 1:05:00 PM",THUNDER BAY,ON,P7E 3V8,100 Block FREDERICA ST W, TBPS] MOTOR VEHICLE COLLISION 11-10 MVC ANY TYPE,Other,MOTOR VEHICLE COLLISION
TB24016474,"04/25/2024, 6:54:50 PM","04/26/2024, 1:05:00 PM",THUNDER BAY,ON,P7B 1E7,300 Block PEARL ST, TBPS] ASSAULT ACCUSED NOT PRESENT,Assault,ASSAULT
TB24016216,"04/23/2024, 11:16:04 PM","04/26/2024, 1:05:01 PM",THUNDER BAY,ON,P7C 2N4,300 Block OGDEN ST," TBPS] MISCHIEF 11-10, MICHIEF OVER 5000",Other Property Crime,MISCHIEF
TB24016429,"04/25/2024, 11:47:58 AM","04/26/2024, 1:05:01 PM",THUNDER BAY,ON,P7A 3B9,300 Block MCINTYRE ST, TBPS] LIQUOR LICENCE ACT LIQUOR LICENCE ACT VIOLATION IN PROGRESS,Quality of Life,LIQUOR LICENCE ACT
TB24016434,"04/25/2024, 2:04:35 PM","04/26/2024, 1:05:01 PM",THUNDER BAY,ON,.,RIVER ST AND BALSAM ST, TBPS] MOTOR VEHICLE COLLISION 11-10 MVC ANY TYPE,Other,MOTOR VEHICLE COLLISION
TB24016701,"04/27/2024, 12:39:42 AM","04/27/2024, 1:03:48 PM",THUNDER BAY,ON,P7C 3P6,200 Block MAY ST N, TBPS] DRUG OFFENCES SUSP PRESENT OR MAY STILL BE IN AREA,Quality of Life,DRUG OFFENCES
TB24016705,"04/27/2024, 1:09:42 AM","04/27/2024, 1:03:48 PM",THUNDER BAY,ON,P7A 4L9,100 Block CUMBERLAND ST N, TBPS] ASSAULT SUSP PRESENT OR IN AREA,Assault,ASSAULT
TB24016736,"04/27/2024, 5:23:01 AM","04/27/2024, 1:03:48 PM",THUNDER BAY,ON,P7A,1 Block NORTH WATER ST, TBPS] ASSAULT SUSP PRESENT OR IN AREA,Assault,ASSAULT
TB24016745,"04/27/2024, 6:06:49 AM","04/27/2024, 1:03:48 PM",THUNDER BAY,ON,P7A,1 Block NORTH WATER ST, TBPS] LIQUOR LICENCE ACT LIQUOR LICENCE ACT VIOLATION IN PROGRESS,Quality of Life,LIQUOR LICENCE ACT
TB24016751,"04/27/2024, 7:22:20 AM","04/27/2024, 1:03:48 PM",THUNDER BAY,ON,P7B 1A9,200 Block RED RIVER RD," TBPS] THEFT NOT IN PROGRESS, UNDER 5000",Other Theft,THEFT
TB24016642,"04/26/2024, 6:56:02 PM","04/27/2024, 1:03:49 PM",THUNDER BAY,ON,P7B 4J6,1 Block TRILLIUM WAY, TBPS] B-E BUS/RES/OTH SUSP PRESENT OR MAY STILL BE IN AREA,Breaking & Entering,B-E BUS/RES/OTH
TB24016658,"04/26/2024, 8:49:35 PM","04/27/2024, 1:03:49 PM",THUNDER BAY,ON,P7E 1A9,100 Block MAY ST S," TBPS] THEFT NOT IN PROGRESS, UNDER 5000",Other Theft,THEFT
TB24016675,"04/26/2024, 10:53:30 PM","04/27/2024, 1:03:49 PM",THUNDER BAY,ON,P7E 1R3,300 Block FRANKLIN ST S, TBPS] ASSAULT ACCUSED NOT PRESENT,Assault,ASSAULT
TB24016677,"04/26/2024, 11:07:42 PM","04/27/2024, 1:03:49 PM",THUNDER BAY,ON,P7E 5S2,1100 Block ARTHUR ST W, TBPS] ASSAULT SUSP PRESENT OR IN AREA,Assault,ASSAULT
TB24016680,"04/26/2024, 11:15:13 PM","04/27/2024, 1:03:49 PM",THUNDER BAY,ON,P7E 5E1,2800 Block ISABELLA ST E, TBPS] B-E BUS/RES/OTH SUSP PRESENT OR MAY STILL BE IN AREA,Breaking & Entering,B-E BUS/RES/OTH
TB24016699,"04/27/2024, 12:37:53 AM","04/27/2024, 1:03:49 PM",THUNDER BAY,ON,P7C 4C2,100 Block HAROLD ST N, TBPS] B-E BUS/RES/OTH SUSP PRESENT OR MAY STILL BE IN AREA,Breaking & Entering,B-E BUS/RES/OTH
TB24016715,"04/27/2024, 2:35:43 AM","04/27/2024, 1:03:49 PM",THUNDER BAY,ON,P7B 6J7,100 Block PICTON AV, TBPS] LIQUOR LICENCE ACT LIQUOR LICENCE ACT VIOLATION IN PROGRESS,Quality of Life,LIQUOR LICENCE ACT
TB24016639,"04/26/2024, 6:35:00 PM","04/27/2024, 1:03:50 PM",THUNDER BAY,ON,P7B,FORT WILLIAM RD AND CENTRAL AV, TBPS] MOTOR VEHICLE COLLISION 11-10 MVC ANY TYPE,Other,MOTOR VEHICLE COLLISION
TB24016644,"04/26/2024, 7:03:57 PM","04/27/2024, 1:03:50 PM",THUNDER BAY,ON,P7B 2Z2,300 Block FORT WILLIAM RD, TBPS] THEFT SUSP STILL PRESENT OR MAY BE IN AREA,Other Theft,THEFT
TB24016654,"04/26/2024, 8:32:51 PM","04/27/2024, 1:03:50 PM",THUNDER BAY,ON,P7B 1J3,RED RIVER RD AND EMPRESS AV S, TBPS] MOTOR VEHICLE COLLISION MVC NO INJURIES,Traffic,MOTOR VEHICLE COLLISION
TB24016678,"04/26/2024, 11:07:55 PM","04/27/2024, 1:03:50 PM",THUNDER BAY,ON,P7K 1K2,HAWKER RD AND ARTHUR ST W, TBPS] MOTOR VEHICLE COLLISION MVC NO INJURIES,Traffic,MOTOR VEHICLE COLLISION
TB24016605,"04/26/2024, 3:57:27 PM","04/27/2024, 1:03:51 PM",THUNDER BAY,ON,P7E 5P4,2800 Block ARTHUR ST E, TBPS] MOTOR VEHICLE COLLISION 11-10 MVC ANY TYPE,Other,MOTOR VEHICLE COLLISION
TB24016636,"04/26/2024, 6:07:12 PM","04/27/2024, 1:03:51 PM",THUNDER BAY,ON,P7B 3E9,1 Block ONTARIO ST, TBPS] DRUG OFFENCES SUSP PRESENT OR MAY STILL BE IN AREA,Quality of Life,DRUG OFFENCES
TB24016602,"04/26/2024, 3:52:52 PM","04/27/2024, 1:03:52 PM",THUNDER BAY,ON,P7B,JOHN ST AND ALGONQUIN AV S, TBPS] MOTOR VEHICLE COLLISION 11-10 MVC ANY TYPE,Other,MOTOR VEHICLE COLLISION
TB24016604,"04/26/2024, 3:55:18 PM","04/27/2024, 1:03:52 PM",THUNDER BAY,ON,P7B 5L6,300 Block MAIN ST, TBPS] MOTOR VEHICLE COLLISION 11-10 MVC ANY TYPE,Other,MOTOR VEHICLE COLLISION
TB24016877,"04/28/2024, 4:13:18 AM","04/28/2024, 1:04:12 PM",THUNDER BAY,ON,P7B 3A6,900 Block FORT WILLIAM RD, TBPS] LIQUOR LICENCE ACT LIQUOR LICENCE ACT VIOLATION IN PROGRESS,Quality of Life,LIQUOR LICENCE ACT
TB24016859,"04/28/2024, 2:03:42 AM","04/28/2024, 1:04:13 PM",THUNDER BAY,ON,P7A 5V2,1 Block HILL ST N, TBPS] B-E BUS/RES/OTH 11-10,Breaking & Entering,B-E BUS/RES/OTH
TB24016893,"04/28/2024, 6:28:43 AM","04/28/2024, 1:04:13 PM",THUNDER BAY,ON,P7E 2P9,200 Block HEATH ST, TBPS] TROUBLE WITH YOUTH YOUTHS STILL IN AREA,Quality of Life,TROUBLE WITH YOUTH
TB24016896,"04/28/2024, 7:33:12 AM","04/28/2024, 1:04:13 PM",THUNDER BAY,ON,P7B 5E1,900 Block OLIVER RD, TBPS] TROUBLE WITH YOUTH YOUTHS STILL IN AREA,Quality of Life,TROUBLE WITH YOUTH
TB24016809,"04/27/2024, 7:39:04 PM","04/28/2024, 1:04:14 PM",THUNDER BAY,ON,P7B 2S4,800 Block FORT WILLIAM RD, TBPS] THEFT SUSP STILL PRESENT OR MAY BE IN AREA,Other Theft,THEFT
TB24016819,"04/27/2024, 8:49:33 PM","04/28/2024, 1:04:14 PM",THUNDER BAY,ON,P7B 5V2,500 Block BEVERLY ST, TBPS] THEFT SUSP STILL PRESENT OR MAY BE IN AREA,Other Theft,THEFT
TB24016853,"04/28/2024, 1:17:24 AM","04/28/2024, 1:04:14 PM",THUNDER BAY,ON,P7C 2V3,600 Block SOUTHERN AV, TBPS] MOTOR VEHICLE COLLISION MVC NO INJURIES,Traffic,MOTOR VEHICLE COLLISION
TB24016891,"04/28/2024, 6:16:10 AM","04/28/2024, 1:04:14 PM",THUNDER BAY,ON,P7A 2N9,200 Block FITZGERALD ST, TBPS] TROUBLE WITH YOUTH YOUTHS STILL IN AREA,Quality of Life,TROUBLE WITH YOUTH
TB24016797,"04/27/2024, 5:22:57 PM","04/28/2024, 1:04:15 PM",THUNDER BAY,ON,P7B 5R8,100 Block CUMBERLAND ST S, TBPS] ASSAULT SUSP PRESENT OR IN AREA,Assault,ASSAULT
TB24016835,"04/27/2024, 11:34:45 PM","04/28/2024, 1:04:15 PM",THUNDER BAY,ON,P7B 3C2,MEMORIAL AV AND JOHN ST, TBPS] THEFT SUSP STILL PRESENT OR MAY BE IN AREA,Other Theft,THEFT
TB24016840,"04/27/2024, 11:50:50 PM","04/28/2024, 1:04:15 PM",THUNDER BAY,ON,P7G 1M6,600 Block COMMUNITY HALL RD, TBPS] ASSAULT ACCUSED NOT PRESENT,Assault,ASSAULT
TB24016844,"04/28/2024, 12:11:52 AM","04/28/2024, 1:04:15 PM",THUNDER BAY,ON,P7B 7C6,900 Block CARRICK ST," TBPS] MISCHIEF IP/SUSP IN AREA, UNDER 5,000",Other Property Crime,MISCHIEF
TB24016728,"04/27/2024, 4:23:40 AM","04/28/2024, 1:04:17 PM",THUNDER BAY,ON,P7B 3B9,200 Block ALGOMA ST S, TBPS] ASSAULT ACCUSED NOT PRESENT,Assault,ASSAULT
TB24016753,"04/27/2024, 7:31:14 AM","04/28/2024, 1:04:17 PM",THUNDER BAY,ON,P7A,1 Block NORTH WATER ST, TBPS] LIQUOR LICENCE ACT LIQUOR LICENCE ACT VIOLATION IN PROGRESS,Quality of Life,LIQUOR LICENCE ACT
TB24016779,"04/27/2024, 2:19:06 PM","04/28/2024, 1:04:17 PM",THUNDER BAY,ON,P7A 7S5,300 Block COUNTY BLVD, TBPS] LIQUOR LICENCE ACT LIQUOR LICENCE ACT VIOLATION IN PROGRESS,Quality of Life,LIQUOR LICENCE ACT
TB24016733,"04/27/2024, 5:08:35 AM","04/28/2024, 1:04:18 PM",THUNDER BAY,ON,P7K 1B3,2100 Block ARTHUR ST W, TBPS] MOTOR VEHICLE COLLISION MVC NO INJURIES,Traffic,MOTOR VEHICLE COLLISION
TB24016982,"04/28/2024, 10:22:32 PM","04/29/2024, 1:06:35 PM",THUNDER BAY,ON,P7B 4A4,1000 Block MEMORIAL AV, TBPS] LIQUOR LICENCE ACT LIQUOR LICENCE ACT VIOLATION IN PROGRESS,Quality of Life,LIQUOR LICENCE ACT
TB24017000,"04/29/2024, 12:32:35 AM","04/29/2024, 1:06:35 PM",THUNDER BAY,ON,P7B 7C6,900 Block CARRICK ST, TBPS] THEFT SUSP STILL PRESENT OR MAY BE IN AREA,Other Theft,THEFT
TB24017044,"04/29/2024, 8:02:35 AM","04/29/2024, 1:06:35 PM",THUNDER BAY,ON,P7E 1A8,100 Block MAY ST S, TBPS] MISCHIEF IP PROGRESS/SUPECT IN AREA,Other Property Crime,MISCHIEF
TB24016961,"04/28/2024, 7:09:46 PM","04/29/2024, 1:06:36 PM",THUNDER BAY,ON,P7C 4R1,500 Block EDWARD ST N, TBPS] THEFT SUSP STILL PRESENT OR MAY BE IN AREA,Other Theft,THEFT
TB24016967,"04/28/2024, 8:06:14 PM","04/29/2024, 1:06:36 PM",THUNDER BAY,ON,P7B 1E3,AMBROSE ST AND CUMBERLAND ST S, TBPS] ASSAULT SUSP PRESENT OR IN AREA,Assault,ASSAULT
TB24016971,"04/28/2024, 8:29:19 PM","04/29/2024, 1:06:36 PM",THUNDER BAY,ON,P7C 3R2,300 Block MAY ST N, TBPS] ASSAULT SUSP PRESENT OR IN AREA,Assault,ASSAULT
TB24016992,"04/28/2024, 11:36:19 PM","04/29/2024, 1:06:36 PM",THUNDER BAY,ON,P7B 6S2,700 Block MEMORIAL AV, TBPS] THEFT SUSP STILL PRESENT OR MAY BE IN AREA,Other Theft,THEFT
TB24017017,"04/29/2024, 3:31:19 AM","04/29/2024, 1:06:36 PM",THUNDER BAY,ON,P7C 4A2,500 Block MCKELLAR ST N, TBPS] B-E BUS/RES/OTH SUSP PRESENT OR MAY STILL BE IN AREA,Breaking & Entering,B-E BUS/RES/OTH
TB24017019,"04/29/2024, 3:56:53 AM","04/29/2024, 1:06:36 PM",THUNDER BAY,ON,P7E 1B6,300 Block MAY ST S, TBPS] B-E BUS/RES/OTH SUSP PRESENT OR MAY STILL BE IN AREA,Breaking & Entering,B-E BUS/RES/OTH
TB24017024,"04/29/2024, 5:03:16 AM","04/29/2024, 1:06:36 PM",THUNDER BAY,ON,P7C 4S8,1 Block LIMBRICK ST," TBPS] MISCHIEF IP/SUSP IN AREA, UNDER 5,000",Other Property Crime,MISCHIEF
TB24016928,"04/28/2024, 3:12:15 PM","04/29/2024, 1:06:37 PM",THUNDER BAY,ON,P7C 1K8,2700 Block WILLOW PL," TBPS] THEFT NOT IN PROGRESS, UNDER 5000",Other Theft,THEFT
TB24016949,"04/28/2024, 5:50:15 PM","04/29/2024, 1:06:37 PM",THUNDER BAY,ON,P7B 6S2,700 Block MEMORIAL AV, TBPS] ASSAULT SUSP PRESENT OR IN AREA,Assault,ASSAULT
TB24016954,"04/28/2024, 6:24:05 PM","04/29/2024, 1:06:37 PM",THUNDER BAY,ON,P7A 4K8,1000 Block DAWSON RD, TBPS] MOTOR VEHICLE COLLISION MVC NO INJURIES,Traffic,MOTOR VEHICLE COLLISION
TB24016962,"04/28/2024, 7:11:10 PM","04/29/2024, 1:06:37 PM",THUNDER BAY,ON,P7A 5S3,300 Block HIGH ST N, TBPS] LIQUOR LICENCE ACT LIQUOR LICENCE ACT VIOLATION IN PROGRESS,Quality of Life,LIQUOR LICENCE ACT
TB24016970,"04/28/2024, 8:25:10 PM","04/29/2024, 1:06:37 PM",THUNDER BAY,ON,P7C 4E6,MILES ST E AND MARKS ST N, TBPS] MOTOR VEHICLE COLLISION MVC NO INJURIES,Traffic,MOTOR VEHICLE COLLISION
TB24016904,"04/28/2024, 9:15:03 AM","04/29/2024, 1:06:38 PM",THUNDER BAY,ON,P7E 5Y8,400 Block GEORGE ST, TBPS] ASSAULT ACCUSED NOT PRESENT,Assault,ASSAULT
TB24016908,"04/28/2024, 9:42:55 AM","04/29/2024, 1:06:38 PM",THUNDER BAY,ON,P7B 5J4,1000 Block DAWSON RD, TBPS] LIQUOR LICENCE ACT LIQUOR LICENCE ACT VIOLATION IN PROGRESS,Quality of Life,LIQUOR LICENCE ACT
TB24016910,"04/28/2024, 10:10:47 AM","04/29/2024, 1:06:38 PM",THUNDER BAY,ON,P7A 6Z1,ALBANY ST AND CLAVET ST, TBPS] ASSAULT SUSP PRESENT OR IN AREA,Assault,ASSAULT
TB24016914,"04/28/2024, 10:46:10 AM","04/29/2024, 1:06:38 PM",THUNDER BAY,ON,P7B 3Z8,700 Block MEMORIAL AV," TBPS] MISCHIEF IP/SUSP IN AREA, UNDER 5,000",Other Property Crime,MISCHIEF
TB24016919,"04/28/2024, 11:56:29 AM","04/29/2024, 1:06:38 PM",THUNDER BAY,ON,P7C 3S2,800 Block MAY ST N, TBPS] B-E BUS/RES/OTH SUSP PRESENT OR MAY STILL BE IN AREA,Breaking & Entering,B-E BUS/RES/OTH
TB24016921,"04/28/2024, 1:35:22 PM","04/29/2024, 1:06:38 PM",THUNDER BAY,ON,P7E 1J2,100 Block VICKERS ST S, TBPS] ASSAULT ACCUSED NOT PRESENT,Assault,ASSAULT
TB24016943,"04/28/2024, 5:12:48 PM","04/29/2024, 1:06:38 PM",THUNDER BAY,ON,P7B 3J2,100 Block BANNING ST," TBPS] MISCHIEF 11-10, MICHIEF UNDER 5000",Other Property Crime,MISCHIEF
TB24016960,"04/28/2024, 7:04:40 PM","04/29/2024, 1:06:38 PM",THUNDER BAY,ON,P7B 1Y8,JOHN ST AND HODGE ST, TBPS] MOTOR VEHICLE COLLISION MVC NO INJURIES,Traffic,MOTOR VEHICLE COLLISION
TB24016944,"04/28/2024, 5:13:36 PM","04/29/2024, 1:06:39 PM",THUNDER BAY,ON,P7G,BALSAM ST AND THUNDER BAY EXPRESSWAY, TBPS] LIQUOR LICENCE ACT LIQUOR LICENCE ACT VIOLATION IN PROGRESS,Quality of Life,LIQUOR LICENCE ACT
TB24017113,"04/29/2024, 9:38:50 PM","04/30/2024, 1:04:04 PM",THUNDER BAY,ON,P7B 6Z8,1400 Block NAKINA DR, TBPS] MOTOR VEHICLE COLLISION MVC - AMB ENR - DUAL RESP,Other,MOTOR VEHICLE COLLISION
TB24017116,"04/29/2024, 9:56:25 PM","04/30/2024, 1:04:04 PM",THUNDER BAY,ON,P7B 5L6,300 Block MAIN ST, TBPS] THEFT SUSP STILL PRESENT OR MAY BE IN AREA,Other Theft,THEFT
TB24017129,"04/30/2024, 1:39:58 AM","04/30/2024, 1:04:04 PM",THUNDER BAY,ON,P7E,1100 Block DONALD ST E, TBPS] B-E BUS/RES/OTH SUSP PRESENT OR MAY STILL BE IN AREA,Breaking & Entering,B-E BUS/RES/OTH
TB24017130,"04/30/2024, 1:42:31 AM","04/30/2024, 1:04:04 PM",THUNDER BAY,ON,P7A 3S4,600 Block RIVER ST, TBPS] THEFT SUSP STILL PRESENT OR MAY BE IN AREA,Other Theft,THEFT
TB24017143,"04/30/2024, 4:26:49 AM","04/30/2024, 1:04:04 PM",THUNDER BAY,ON,P7B 2X7,100 Block COURT ST S, TBPS] LIQUOR LICENCE ACT LIQUOR LICENCE ACT VIOLATION IN PROGRESS,Quality of Life,LIQUOR LICENCE ACT
TB24017067,"04/29/2024, 3:56:27 PM","04/30/2024, 1:04:05 PM",THUNDER BAY,ON,P7C 4A2,500 Block MCKELLAR ST N," TBPS] MISCHIEF IP/SUSP IN AREA, UNDER 5,000",Other Property Crime,MISCHIEF
TB24017077,"04/29/2024, 5:51:14 PM","04/30/2024, 1:04:05 PM",THUNDER BAY,ON,P7B 5Z5,1200 Block BALMORAL ST," TBPS] THEFT NOT IN PROGRESS, UNDER 5000",Other Theft,THEFT
TB24017079,"04/29/2024, 5:53:24 PM","04/30/2024, 1:04:05 PM",THUNDER BAY,ON,P7A,1 Block MARTHA ST, TBPS] MOTOR VEHICLE COLLISION 11-10 MVC ANY TYPE,Other,MOTOR VEHICLE COLLISION
TB24017080,"04/29/2024, 5:56:01 PM","04/30/2024, 1:04:05 PM",THUNDER BAY,ON,P7B,HARBOUR EXPRESSWAY AND MEMORIAL AV, TBPS] MOTOR VEHICLE COLLISION 11-10 MVC ANY TYPE,Other,MOTOR VEHICLE COLLISION
TB24017083,"04/29/2024, 6:42:42 PM","04/30/2024, 1:04:05 PM",THUNDER BAY,ON,P7C 3X2,500 Block SYNDICATE AV N, TBPS] MOTOR VEHICLE COLLISION 11-10 MVC ANY TYPE,Other,MOTOR VEHICLE COLLISION
TB24017084,"04/29/2024, 6:44:57 PM","04/30/2024, 1:04:05 PM",THUNDER BAY,ON,P7B 3M5,500 Block HIGH ST S, TBPS] MOTOR VEHICLE COLLISION 11-10 MVC ANY TYPE,Other,MOTOR VEHICLE COLLISION
TB24017092,"04/29/2024, 7:47:08 PM","04/30/2024, 1:04:05 PM",THUNDER BAY,ON,P7A 6A5,TUPPER ST AND ROCKWOOD AV N, TBPS] MOTOR VEHICLE COLLISION 11-10 MVC ANY TYPE,Other,MOTOR VEHICLE COLLISION
TB24017095,"04/29/2024, 8:05:52 PM","04/30/2024, 1:04:05 PM",THUNDER BAY,ON,P7B 1A8,200 Block RED RIVER RD, TBPS] ASSAULT SUSP PRESENT OR IN AREA,Assault,ASSAULT
TB24017098,"04/29/2024, 8:18:36 PM","04/30/2024, 1:04:05 PM",THUNDER BAY,ON,P7B 2Z2,300 Block FORT WILLIAM RD, TBPS] THEFT SUSP STILL PRESENT OR MAY BE IN AREA,Other Theft,THEFT
TB24017103,"04/29/2024, 8:42:23 PM","04/30/2024, 1:04:05 PM",THUNDER BAY,ON,P7B 6B9,1000 Block FORT WILLIAM RD, TBPS] ASSAULT ACCUSED NOT PRESENT,Assault,ASSAULT
TB24017104,"04/29/2024, 8:44:39 PM","04/30/2024, 1:04:05 PM",THUNDER BAY,ON,P7A 3S4,600 Block RIVER ST, TBPS] MOTOR VEHICLE COLLISION 11-10 MVC ANY TYPE,Other,MOTOR VEHICLE COLLISION
TB24017124,"04/30/2024, 12:36:52 AM","04/30/2024, 1:04:05 PM",THUNDER BAY,ON,P7E 5S2,1100 Block ARTHUR ST W, TBPS] ASSAULT SUSP PRESENT OR IN AREA,Assault,ASSAULT
TB24017056,"04/29/2024, 1:58:00 PM","04/30/2024, 1:04:06 PM",THUNDER BAY,ON,P7B 1E5,200 Block PEARL ST, TBPS] ASSAULT SUSP PRESENT OR IN AREA,Assault,ASSAULT
TB24017057,"04/29/2024, 2:26:47 PM","04/30/2024, 1:04:06 PM",THUNDER BAY,ON,P7A 4V3,100 Block COURT ST N, TBPS] MOTOR VEHICLE COLLISION 11-10 MVC ANY TYPE,Other,MOTOR VEHICLE COLLISION
TB24017062,"04/29/2024, 3:01:30 PM","04/30/2024, 1:04:06 PM",THUNDER BAY,ON,P7G,BALSAM ST AND THUNDER BAY EXPRESSWAY, TBPS] MOTOR VEHICLE COLLISION JAWS REQD - DUAL RESP,Traffic,MOTOR VEHICLE COLLISION
TB24017073,"04/29/2024, 4:40:15 PM","04/30/2024, 1:04:06 PM",THUNDER BAY,ON,P7B 2Z2,300 Block FORT WILLIAM RD, TBPS] THEFT SUSP STILL PRESENT OR MAY BE IN AREA,Other Theft,THEFT
TB24017074,"04/29/2024, 5:08:24 PM","04/30/2024, 1:04:06 PM",THUNDER BAY,ON,P7E 6V1,1800 Block NEEBING AV," TBPS] THEFT NOT IN PROGRESS, OVER 5000",Other Theft,THEFT
TB24017078,"04/29/2024, 5:51:34 PM","04/30/2024, 1:04:06 PM",THUNDER BAY,ON,P7E 1H6,MCKELLAR ST S AND DONALD ST E, TBPS] MOTOR VEHICLE COLLISION 11-10 MVC ANY TYPE,Other,MOTOR VEHICLE COLLISION
TB24017099,"04/29/2024, 8:26:45 PM","04/30/2024, 1:04:06 PM",THUNDER BAY,ON,.,EUCLID AV AND ARTHUR ST W, TBPS] MOTOR VEHICLE COLLISION MVC - AMB ENR - DUAL RESP,Other,MOTOR VEHICLE COLLISION
TB24017105,"04/29/2024, 8:45:13 PM","04/30/2024, 1:04:06 PM",THUNDER BAY,ON,P7C 3X8,100 Block CENTENNIAL SQ, TBPS] THEFT SUSP STILL PRESENT OR MAY BE IN AREA,Other Theft,THEFT
TB24017110,"04/29/2024, 9:12:04 PM","04/30/2024, 1:04:06 PM",THUNDER BAY,ON,P7C 1A5,400 Block VICTORIA AV E, TBPS] B-E BUS/RES/OTH SUSP PRESENT OR MAY STILL BE IN AREA,Breaking & Entering,B-E BUS/RES/OTH
TB24016995,"04/29/2024, 12:06:10 AM","04/30/2024, 1:04:07 PM",THUNDER BAY,ON,P7J 1E8,2300 Block 61 HWY, TBPS] ASSAULT ACCUSED PRESENT,Assault,ASSAULT
TB24017049,"04/29/2024, 9:33:01 AM","04/30/2024, 1:04:07 PM",THUNDER BAY,ON,P7B 5T2,200 Block SEQUOIA DR, TBPS] B-E BUS/RES/OTH SUSP PRESENT OR MAY STILL BE IN AREA,Breaking & Entering,B-E BUS/RES/OTH
TB24017060,"04/29/2024, 2:53:18 PM","04/30/2024, 1:04:07 PM",THUNDER BAY,ON,P7G 2E8,DAWSON RD AND GOVERNMENT RD, TBPS] MOTOR VEHICLE COLLISION MVC NO INJURIES,Traffic,MOTOR VEHICLE COLLISION
TB24017065,"04/29/2024, 3:46:35 PM","04/30/2024, 1:04:07 PM",THUNDER BAY,ON,P7E 5P1,ARTHUR ST E AND LILLIE ST S, TBPS] MOTOR VEHICLE COLLISION MVC NO INJURIES,Traffic,MOTOR VEHICLE COLLISION
TB24017134,"04/30/2024, 3:07:14 AM","04/30/2024, 1:05:51 PM",THUNDER BAY,ON,P7B 6S2,700 Block MEMORIAL AV," TBPS] MISCHIEF IP/SUSP IN AREA, UNDER 5,000",Other Property Crime,MISCHIEF
TB24017287,"05/01/2024, 5:29:47 AM","05/01/2024, 1:07:35 PM",THUNDER BAY,ON,P7C 2L4,1000 Block ROSEDALE AV, TBPS] LIQUOR LICENCE ACT LIQUOR LICENCE ACT VIOLATION IN PROGRESS,Quality of Life,LIQUOR LICENCE ACT
TB24017288,"05/01/2024, 5:32:57 AM","05/01/2024, 1:07:35 PM",THUNDER BAY,ON,P7B 2G1,HIGH ST S AND OLIVER RD, TBPS] MOTOR VEHICLE COLLISION MVC NO INJURIES,Traffic,MOTOR VEHICLE COLLISION
TB24017234,"04/30/2024, 9:57:34 PM","05/01/2024, 1:07:36 PM",THUNDER BAY,ON,P7B 1Z7,700 Block JOHN ST," TBPS] THEFT NOT IN PROGRESS, UNDER 5000",Other Theft,THEFT
TB24017235,"04/30/2024, 9:59:27 PM","05/01/2024, 1:07:36 PM",THUNDER BAY,ON,P7B 2V9,100 Block JOHNSON AV, TBPS] ARSON 11-10 ARSON,Other Property Crime,ARSON
TB24017291,"05/01/2024, 6:25:36 AM","05/01/2024, 1:07:36 PM",THUNDER BAY,ON,P7C 4A2,500 Block MCKELLAR ST N, TBPS] B-E BUS/RES/OTH SUSP PRESENT OR MAY STILL BE IN AREA,Breaking & Entering,B-E BUS/RES/OTH
TB24017218,"04/30/2024, 7:47:19 PM","05/01/2024, 1:07:37 PM",THUNDER BAY,ON,P7B 5L4,1 Block CUMBERLAND ST S, TBPS] MOTOR VEHICLE COLLISION 11-10 MVC ANY TYPE,Other,MOTOR VEHICLE COLLISION
TB24017227,"04/30/2024, 9:12:38 PM","05/01/2024, 1:07:37 PM",THUNDER BAY,ON,P7B 3Y7,400 Block MEMORIAL AV, TBPS] THEFT SUSP STILL PRESENT OR MAY BE IN AREA,Other Theft,THEFT
TB24017242,"04/30/2024, 10:31:38 PM","05/01/2024, 1:07:37 PM",THUNDER BAY,ON,P7C 2N6,ROBERTSON ST AND MCKENZIE ST, TBPS] DRUG OFFENCES SUSP PRESENT OR MAY STILL BE IN AREA,Quality of Life,DRUG OFFENCES
TB24017205,"04/30/2024, 6:38:21 PM","05/01/2024, 1:07:38 PM",THUNDER BAY,ON,P7B 3K1,RED RIVER RD AND HIGH ST N, TBPS] MOTOR VEHICLE COLLISION 11-10 MVC ANY TYPE,Other,MOTOR VEHICLE COLLISION
TB24017221,"04/30/2024, 8:04:32 PM","05/01/2024, 1:07:38 PM",THUNDER BAY,ON,P7E 4A3,200 Block AMELIA ST W, TBPS] STOLEN VEHICLE SUSP PRESENT OR MAY STILL BE IN AREA,Theft of Vehicle,STOLEN VEHICLE
TB24017245,"04/30/2024, 10:53:11 PM","05/01/2024, 1:07:38 PM",THUNDER BAY,ON,P7E 5T8,400 Block MARQUETTE ST," TBPS] THEFT NOT IN PROGRESS, UNDER 5000",Other Theft,THEFT
TB24017259,"05/01/2024, 1:18:55 AM","05/01/2024, 1:07:38 PM",THUNDER BAY,ON,P7B 1J9,800 Block RED RIVER RD, TBPS] LIQUOR LICENCE ACT LIQUOR LICENCE ACT VIOLATION IN PROGRESS,Quality of Life,LIQUOR LICENCE ACT
TB24017271,"05/01/2024, 2:50:01 AM","05/01/2024, 1:07:38 PM",THUNDER BAY,ON,P7A 4K7,100 Block FRONT ST, TBPS] B-E BUS/RES/OTH 11-10,Breaking & Entering,B-E BUS/RES/OTH
TB24017272,"05/01/2024, 2:51:29 AM","05/01/2024, 1:07:38 PM",THUNDER BAY,ON,P7A 4K7,100 Block FRONT ST, TBPS] B-E BUS/RES/OTH 11-10,Breaking & Entering,B-E BUS/RES/OTH
TB24017163,"04/30/2024, 9:00:00 AM","05/01/2024, 1:07:39 PM",THUNDER BAY,ON,P7E 5V3,500 Block DONALD ST E, TBPS] ASSAULT SUSP PRESENT OR IN AREA,Assault,ASSAULT
TB24017171,"04/30/2024, 3:08:22 PM","05/01/2024, 1:07:39 PM",THUNDER BAY,ON,P7B 1J3,RED RIVER RD AND EMPRESS AV N, TBPS] MOTOR VEHICLE COLLISION 11-10 MVC ANY TYPE,Other,MOTOR VEHICLE COLLISION
TB24017172,"04/30/2024, 3:38:38 PM","05/01/2024, 1:07:39 PM",THUNDER BAY,ON,P7E 6H2,200 Block AMELIA ST W, TBPS] ASSAULT SUSP PRESENT OR IN AREA,Assault,ASSAULT
TB24017182,"04/30/2024, 4:30:33 PM","05/01/2024, 1:07:39 PM",THUNDER BAY,ON,P7B 6Z8,600 Block SIBLEY DR, TBPS] MOTOR VEHICLE COLLISION 11-10 MVC ANY TYPE,Other,MOTOR VEHICLE COLLISION
TB24017184,"04/30/2024, 4:34:13 PM","05/01/2024, 1:07:39 PM",THUNDER BAY,ON,P7B 7C6,900 Block CARRICK ST, TBPS] MOTOR VEHICLE COLLISION 11-10 MVC ANY TYPE,Other,MOTOR VEHICLE COLLISION
TB24017185,"04/30/2024, 4:35:56 PM","05/01/2024, 1:07:39 PM",THUNDER BAY,ON,P7B 2G7,OLIVER RD AND RAY BLVD, TBPS] MOTOR VEHICLE COLLISION 11-10 MVC ANY TYPE,Other,MOTOR VEHICLE COLLISION
TB24017190,"04/30/2024, 5:02:49 PM","05/01/2024, 1:07:39 PM",THUNDER BAY,ON,P7G 2C4,100 Block WARDROPE AV, TBPS] B-E BUS/RES/OTH 11-10,Breaking & Entering,B-E BUS/RES/OTH
TB24017200,"04/30/2024, 5:35:28 PM","05/01/2024, 1:07:39 PM",THUNDER BAY,ON,P7E 1J6,ARTHUR ST E AND VICKERS ST S, TBPS] MOTOR VEHICLE COLLISION 11-10 MVC ANY TYPE,Other,MOTOR VEHICLE COLLISION
TB24017199,"04/30/2024, 5:35:33 PM","05/01/2024, 1:07:39 PM",THUNDER BAY,ON,P7B 1E5,200 Block PEARL ST, TBPS] B-E BUS/RES/OTH SUSP PRESENT OR MAY STILL BE IN AREA,Breaking & Entering,B-E BUS/RES/OTH
TB24017161,"04/30/2024, 9:38:00 AM","05/01/2024, 1:07:40 PM",THUNDER BAY,ON,P7A 2W4,900 Block HUDSON AV, TBPS] B-E BUS/RES/OTH SUSP PRESENT OR MAY STILL BE IN AREA,Breaking & Entering,B-E BUS/RES/OTH
TB24017175,"04/30/2024, 3:53:47 PM","05/01/2024, 1:07:40 PM",THUNDER BAY,ON,P7C 2V9,700 Block NORTHERN AV, TBPS] MOTOR VEHICLE COLLISION 11-10 MVC ANY TYPE,Other,MOTOR VEHICLE COLLISION
TB24017181,"04/30/2024, 4:28:06 PM","05/01/2024, 1:07:40 PM",THUNDER BAY,ON,P7B 4A8,600 Block SQUIER ST, TBPS] MOTOR VEHICLE COLLISION 11-10 MVC ANY TYPE,Other,MOTOR VEHICLE COLLISION
TB24017183,"04/30/2024, 4:32:25 PM","05/01/2024, 1:07:40 PM",THUNDER BAY,ON,.,100 Block CURRENT BA, TBPS] MOTOR VEHICLE COLLISION 11-10 MVC ANY TYPE,Other,MOTOR VEHICLE COLLISION
TB24017186,"04/30/2024, 4:37:41 PM","05/01/2024, 1:07:40 PM",THUNDER BAY,ON,P7C 2K6,100 Block FINLAYSON ST, TBPS] MOTOR VEHICLE COLLISION 11-10 MVC ANY TYPE,Other,MOTOR VEHICLE COLLISION
TB24017277,"05/01/2024, 4:10:18 AM","05/01/2024, 1:07:48 PM",THUNDER BAY,ON,P7B 6L9,CARRICK ST AND HARBOUR EXPRESSWAY, TBPS] MOTOR VEHICLE COLLISION MVC NO INJURIES,Traffic,MOTOR VEHICLE COLLISION
TB24017266,"05/01/2024, 2:15:44 AM","05/01/2024, 1:07:49 PM",THUNDER BAY,ON,P7C 4E3,600 Block HAROLD ST N, TBPS] ASSAULT ACCUSED NOT PRESENT,Assault,ASSAULT
TB24017267,"05/01/2024, 2:17:28 AM","05/01/2024, 1:07:49 PM",THUNDER BAY,ON,P7E 5S2,1100 Block ARTHUR ST W, TBPS] THEFT SUSP STILL PRESENT OR MAY BE IN AREA,Other Theft,THEFT
TB24017425,"05/02/2024, 4:26:36 AM","05/02/2024, 1:09:20 PM",THUNDER BAY,ON,P7B 6S2,700 Block MEMORIAL AV, TBPS] THEFT SUSP STILL PRESENT OR MAY BE IN AREA,Other Theft,THEFT
TB24017433,"05/02/2024, 4:58:09 AM","05/02/2024, 1:09:20 PM",THUNDER BAY,ON,P7E 2B3,700 Block KINGSWAY," TBPS] THEFT NOT IN PROGRESS, UNDER 5000",Other Theft,THEFT
TB24017434,"05/02/2024, 5:12:49 AM","05/02/2024, 1:09:20 PM",THUNDER BAY,ON,P7C 6A5,800 Block MAY ST N, TBPS] ASSAULT SUSP PRESENT OR IN AREA,Assault,ASSAULT
TB24017445,"05/02/2024, 6:31:08 AM","05/02/2024, 1:09:20 PM",THUNDER BAY,ON,P7J 1E8,2300 Block 61 HWY, TBPS] ASSAULT ACCUSED PRESENT,Assault,ASSAULT
TB24017410,"05/02/2024, 2:21:01 AM","05/02/2024, 1:09:21 PM",THUNDER BAY,ON,P7A,PETER ST AND TUPPER ST, TBPS] MOTOR VEHICLE COLLISION MVC NO INJURIES,Traffic,MOTOR VEHICLE COLLISION
TB24017420,"05/02/2024, 3:21:44 AM","05/02/2024, 1:09:21 PM",THUNDER BAY,ON,P7E 1E3,300 Block SYNDICATE AV S," TBPS] THEFT NOT IN PROGRESS, UNDER 5000",Other Theft,THEFT
TB24017349,"05/01/2024, 6:10:31 PM","05/02/2024, 1:09:22 PM",THUNDER BAY,ON,P7E 6E7,1200 Block ARTHUR ST E, TBPS] MOTOR VEHICLE COLLISION MVC NO INJURIES,Traffic,MOTOR VEHICLE COLLISION
TB24017353,"05/01/2024, 6:17:43 PM","05/02/2024, 1:09:22 PM",THUNDER BAY,ON,P7B 1K3,900 Block RED RIVER RD, TBPS] MOTOR VEHICLE COLLISION 11-10 MVC ANY TYPE,Other,MOTOR VEHICLE COLLISION
TB24017359,"05/01/2024, 6:36:42 PM","05/02/2024, 1:09:22 PM",THUNDER BAY,ON,P7B 1E3,200 Block PEARL ST," TBPS] MISCHIEF IP/SUSP IN AREA, UNDER 5,000",Other Property Crime,MISCHIEF
TB24017364,"05/01/2024, 7:00:11 PM","05/02/2024, 1:09:22 PM",THUNDER BAY,ON,P7B 1E3,200 Block PEARL ST," TBPS] MISCHIEF 11-10, MICHIEF UNDER 5000",Other Property Crime,MISCHIEF
TB24017365,"05/01/2024, 7:07:15 PM","05/02/2024, 1:09:22 PM",THUNDER BAY,ON,P7A 4L8,1 Block CUMBERLAND ST N, TBPS] ASSAULT SUSP PRESENT OR IN AREA,Assault,ASSAULT
TB24017380,"05/01/2024, 9:23:55 PM","05/02/2024, 1:09:22 PM",THUNDER BAY,ON,P7E 5P4,2600 Block ARTHUR ST E, TBPS] MOTOR VEHICLE COLLISION MVC NO INJURIES,Traffic,MOTOR VEHICLE COLLISION
TB24017406,"05/02/2024, 1:35:16 AM","05/02/2024, 1:09:22 PM",THUNDER BAY,ON,P7A 6R1,LOGAN AV AND BLOOR ST, TBPS] MOTOR VEHICLE COLLISION MVC NO INJURIES,Traffic,MOTOR VEHICLE COLLISION
TB24017355,"05/01/2024, 6:31:06 PM","05/02/2024, 1:09:23 PM",THUNDER BAY,ON,P7B 3Z9,900 Block MEMORIAL AV, TBPS] MOTOR VEHICLE COLLISION 11-10 MVC ANY TYPE,Other,MOTOR VEHICLE COLLISION
TB24017358,"05/01/2024, 6:35:24 PM","05/02/2024, 1:09:23 PM",THUNDER BAY,ON,P7B 5L6,300 Block MAIN ST, TBPS] MOTOR VEHICLE COLLISION 11-10 MVC ANY TYPE,Other,MOTOR VEHICLE COLLISION
TB24017298,"05/01/2024, 8:26:34 AM","05/02/2024, 1:09:24 PM",THUNDER BAY,ON,P7B 5J4,1000 Block DAWSON RD, TBPS] ASSAULT SUSP PRESENT OR IN AREA,Assault,ASSAULT
TB24017326,"05/01/2024, 3:44:04 PM","05/02/2024, 1:09:24 PM",THUNDER BAY,ON,P7C,GOLF LINKS RD AND ATIKOKAN DR, TBPS] MOTOR VEHICLE COLLISION 11-10 MVC ANY TYPE,Other,MOTOR VEHICLE COLLISION
TB24017329,"05/01/2024, 3:53:09 PM","05/02/2024, 1:09:24 PM",THUNDER BAY,ON,P7C 4A2,500 Block MCKELLAR ST N," TBPS] MISCHIEF IP/SUSP IN AREA, UNDER 5,000",Other Property Crime,MISCHIEF
TB24017330,"05/01/2024, 4:04:04 PM","05/02/2024, 1:09:24 PM",THUNDER BAY,ON,P7J 1E8,2300 Block 61 HWY, TBPS] ASSAULT ACCUSED NOT PRESENT,Assault,ASSAULT
TB24017334,"05/01/2024, 5:01:42 PM","05/02/2024, 1:09:24 PM",THUNDER BAY,ON,P7B 1H8,RED RIVER RD AND ROCKWOOD AV S, TBPS] MOTOR VEHICLE COLLISION MVC - AMB ENR - DUAL RESP,Other,MOTOR VEHICLE COLLISION
TB24017310,"05/01/2024, 10:08:16 AM","05/02/2024, 1:09:25 PM",THUNDER BAY,ON,P7A,DAWSON RD AND RED RIVER RD, TBPS] ASSAULT SUSP PRESENT OR IN AREA,Assault,ASSAULT
TB24017573,"05/03/2024, 12:30:13 AM","05/03/2024, 1:08:03 PM",THUNDER BAY,ON,P7B 6B9,1000 Block FORT WILLIAM RD," TBPS] ASSAULT JUST OCCURRED, ACCUSED NOT PRESENT",Assault,ASSAULT
TB24017610,"05/03/2024, 5:28:17 AM","05/03/2024, 1:08:03 PM",THUNDER BAY,ON,P7B 1K3,900 Block RED RIVER RD, TBPS] MOTOR VEHICLE COLLISION MVC NO INJURIES,Traffic,MOTOR VEHICLE COLLISION
TB24017620,"05/03/2024, 6:25:28 AM","05/03/2024, 1:08:03 PM",THUNDER BAY,ON,P7C 5M9,200 Block BLINDLINE RD, TBPS] STOLEN VEHICLE SUSP NOT IN AREA,Theft of Vehicle,STOLEN VEHICLE
TB24017541,"05/02/2024, 9:20:37 PM","05/03/2024, 1:08:04 PM",THUNDER BAY,ON,P7E 5X9,100 Block DONALD ST W," TBPS] MISCHIEF IP/SUSP IN AREA, UNDER 5,000",Other Property Crime,MISCHIEF
TB24017513,"05/02/2024, 6:40:18 PM","05/03/2024, 1:08:05 PM",THUNDER BAY,ON,P7J,JAMES ST S AND CITY RD, TBPS] MOTOR VEHICLE COLLISION MVC NO INJURIES,Traffic,MOTOR VEHICLE COLLISION
TB24017479,"05/02/2024, 2:58:56 PM","05/03/2024, 1:08:06 PM",THUNDER BAY,ON,P7B 1K3,900 Block RED RIVER RD, TBPS] MOTOR VEHICLE COLLISION 11-10 MVC ANY TYPE,Other,MOTOR VEHICLE COLLISION
TB24017481,"05/02/2024, 3:03:43 PM","05/03/2024, 1:08:06 PM",THUNDER BAY,ON,P7A 3B4,200 Block MCINTYRE ST, TBPS] INDECENT ACTS SUSP PRESENT OR MAY STILL BE IN AREA,Sexual Offense,INDECENT ACTS
TB24017485,"05/02/2024, 3:27:38 PM","05/03/2024, 1:08:06 PM",THUNDER BAY,ON,P7B 3Z7,700 Block MEMORIAL AV, TBPS] MOTOR VEHICLE COLLISION 11-10 MVC ANY TYPE,Other,MOTOR VEHICLE COLLISION
TB24017487,"05/02/2024, 3:41:30 PM","05/03/2024, 1:08:06 PM",THUNDER BAY,ON,P7C 3R1,300 Block MAY ST N, TBPS] MOTOR VEHICLE COLLISION 11-10 MVC ANY TYPE,Other,MOTOR VEHICLE COLLISION
TB24017496,"05/02/2024, 4:06:18 PM","05/03/2024, 1:08:06 PM",THUNDER BAY,ON,P7E 3G8,1300 Block STANLEY AV, TBPS] MOTOR VEHICLE COLLISION 11-10 MVC ANY TYPE,Other,MOTOR VEHICLE COLLISION
TB24017456,"05/02/2024, 8:50:22 AM","05/03/2024, 1:08:07 PM",THUNDER BAY,ON,P7E 5R5,500 Block ARTHUR ST W, TBPS] ASSAULT SUSP PRESENT OR IN AREA,Assault,ASSAULT
TB24017605,"05/03/2024, 4:28:33 AM","05/03/2024, 1:08:16 PM",THUNDER BAY,ON,P7A 2Z7,SHUNIAH ST AND MARGARET ST, TBPS] MOTOR VEHICLE COLLISION MVC - AMB ENR - DUAL RESP,Other,MOTOR VEHICLE COLLISION
TB24017588,"05/03/2024, 1:37:02 AM","05/03/2024, 1:08:16 PM",THUNDER BAY,ON,P7B 2A4,1200 Block JOHN ST. RD, TBPS] MOTOR VEHICLE COLLISION MVC NO INJURIES,Traffic,MOTOR VEHICLE COLLISION
TB24017770,"05/04/2024, 2:58:08 AM","05/04/2024, 1:06:32 PM",THUNDER BAY,ON,P7E,EDWARD ST S AND WALSH ST E, TBPS] LIQUOR LICENCE ACT LIQUOR LICENCE ACT VIOLATION IN PROGRESS,Quality of Life,LIQUOR LICENCE ACT
TB24017773,"05/04/2024, 3:06:07 AM","05/04/2024, 1:06:32 PM",THUNDER BAY,ON,P7B 5J4,1000 Block DAWSON RD, TBPS] ASSAULT SUSP PRESENT OR IN AREA,Assault,ASSAULT
TB24017762,"05/04/2024, 2:07:58 AM","05/04/2024, 1:06:32 PM",THUNDER BAY,ON,P7E 5V7,1100 Block LINCOLN ST, TBPS] ROBBERY NO WEAPONS - SUSP STILL IN AREA,Robbery,ROBBERY
TB24017792,"05/04/2024, 5:03:04 AM","05/04/2024, 1:06:32 PM",THUNDER BAY,ON,P7A 3S5,600 Block RIVER ST," TBPS] MISCHIEF IP/SUSP IN AREA, UNDER 5,000",Other Property Crime,MISCHIEF
TB24017810,"05/04/2024, 6:11:38 AM","05/04/2024, 1:06:32 PM",THUNDER BAY,ON,P7E 6H2,200 Block AMELIA ST W, TBPS] ASSAULT SUSP PRESENT OR IN AREA,Assault,ASSAULT
TB24017801,"05/04/2024, 5:46:13 AM","05/04/2024, 1:06:32 PM",THUNDER BAY,ON,P7G 2H8,200 Block BEAVER AV, TBPS] B-E BUS/RES/OTH SUSP PRESENT OR MAY STILL BE IN AREA,Breaking & Entering,B-E BUS/RES/OTH
TB24017759,"05/04/2024, 1:49:54 AM","05/04/2024, 1:06:33 PM",THUNDER BAY,ON,P7E 2H2,600 Block EDWARD ST S, TBPS] LIQUOR LICENCE ACT LIQUOR LICENCE ACT VIOLATION IN PROGRESS,Quality of Life,LIQUOR LICENCE ACT
TB24017754,"05/04/2024, 1:18:11 AM","05/04/2024, 1:06:33 PM",THUNDER BAY,ON,P7C 6A8,100 Block WATERLOO ST N, TBPS] ASSAULT SUSP PRESENT OR IN AREA,Assault,ASSAULT
TB24017786,"05/04/2024, 4:50:24 AM","05/04/2024, 1:06:33 PM",THUNDER BAY,ON,P7B 4Y8,BLUCHER CR AND PICTON AV, TBPS] ASSAULT SUSP PRESENT OR IN AREA,Assault,ASSAULT
TB24017781,"05/04/2024, 4:09:33 AM","05/04/2024, 1:06:33 PM",THUNDER BAY,ON,P7B 1A4,100 Block RED RIVER RD," TBPS] MISCHIEF 11-10, MICHIEF UNDER 5000",Other Property Crime,MISCHIEF
TB24017749,"05/04/2024, 12:57:09 AM","05/04/2024, 1:06:33 PM",THUNDER BAY,ON,P7E 5S2,1100 Block ARTHUR ST W, TBPS] THEFT SUSP STILL PRESENT OR MAY BE IN AREA,Other Theft,THEFT
TB24017722,"05/03/2024, 10:35:39 PM","05/04/2024, 1:06:33 PM",THUNDER BAY,ON,P7A 4M2,100 Block CUMBERLAND ST N, TBPS] LIQUOR LICENCE ACT LIQUOR LICENCE ACT VIOLATION IN PROGRESS,Quality of Life,LIQUOR LICENCE ACT
TB24017685,"05/03/2024, 6:03:33 PM","05/04/2024, 1:06:34 PM",THUNDER BAY,ON,P7B 1K1,RED RIVER RD AND ALGONQUIN AV S, TBPS] MOTOR VEHICLE COLLISION MVC NO INJURIES,Traffic,MOTOR VEHICLE COLLISION
TB24017717,"05/03/2024, 10:05:00 PM","05/04/2024, 1:06:34 PM",THUNDER BAY,ON,P7E 2V3,500 Block ARTHUR ST W, TBPS] MOTOR VEHICLE COLLISION MVC - AMB ENR - DUAL RESP,Other,MOTOR VEHICLE COLLISION
TB24017723,"05/03/2024, 10:38:54 PM","05/04/2024, 1:06:34 PM",THUNDER BAY,ON,P7E 6J1,1 Block VALHALLA INN RD, TBPS] MOTOR VEHICLE COLLISION MVC NO INJURIES,Traffic,MOTOR VEHICLE COLLISION
TB24017730,"05/03/2024, 11:00:15 PM","05/04/2024, 1:06:34 PM",THUNDER BAY,ON,P7E 2A6,300 Block KINGSWAY, TBPS] ASSAULT SUSP PRESENT OR IN AREA,Assault,ASSAULT
TB24017737,"05/03/2024, 11:50:59 PM","05/04/2024, 1:06:34 PM",THUNDER BAY,ON,P7B,FORT WILLIAM RD AND FIRST AV, TBPS] MOTOR VEHICLE COLLISION MVC - AMB ENR - DUAL RESP,Other,MOTOR VEHICLE COLLISION
TB24017739,"05/04/2024, 12:03:01 AM","05/04/2024, 1:06:34 PM",THUNDER BAY,ON,P7B 1N7,300 Block DUFFERIN ST, TBPS] STOLEN VEHICLE SUSP NOT IN AREA,Theft of Vehicle,STOLEN VEHICLE
TB24017686,"05/03/2024, 6:12:40 PM","05/04/2024, 1:06:35 PM",THUNDER BAY,ON,P7G 2C4,100 Block WARDROPE AV," TBPS] MISCHIEF 11-10, MICHIEF UNDER 5000",Other Property Crime,MISCHIEF
TB24017692,"05/03/2024, 7:31:28 PM","05/04/2024, 1:06:35 PM",THUNDER BAY,ON,P7E 5P7,200 Block ARTHUR ST W, TBPS] LIQUOR LICENCE ACT LIQUOR LICENCE ACT VIOLATION IN PROGRESS,Quality of Life,LIQUOR LICENCE ACT
TB24017659,"05/03/2024, 3:15:13 PM","05/04/2024, 1:06:36 PM",THUNDER BAY,ON,P7B 6S2,700 Block MEMORIAL AV, TBPS] MOTOR VEHICLE COLLISION 11-10 MVC ANY TYPE,Other,MOTOR VEHICLE COLLISION
TB24017523,"05/02/2024, 7:35:57 PM","05/04/2024, 1:06:37 PM",THUNDER BAY,ON,P7B 6V4,900 Block OLIVER RD, TBPS] ASSAULT ACCUSED PRESENT,Assault,ASSAULT
TB24017626,"05/03/2024, 7:49:05 AM","05/04/2024, 1:06:37 PM",THUNDER BAY,ON,P7A 2B3,300 Block GRENVILLE AV, TBPS] ASSAULT SUSP PRESENT OR IN AREA,Assault,ASSAULT
TB24017639,"05/03/2024, 11:44:17 AM","05/04/2024, 1:06:37 PM",THUNDER BAY,ON,P7B 1N7,300 Block DUFFERIN ST, TBPS] STOLEN VEHICLE SUSP PRESENT OR MAY STILL BE IN AREA,Theft of Vehicle,STOLEN VEHICLE
TB24017641,"05/03/2024, 12:14:56 PM","05/04/2024, 1:06:37 PM",THUNDER BAY,ON,P7C 4A2,500 Block MCKELLAR ST N, TBPS] B-E BUS/RES/OTH SUSP PRESENT OR MAY STILL BE IN AREA,Breaking & Entering,B-E BUS/RES/OTH
TB24017652,"05/03/2024, 2:53:20 PM","05/04/2024, 1:06:37 PM",THUNDER BAY,ON,P7E 5R2,400 Block ARTHUR ST W, TBPS] MOTOR VEHICLE COLLISION 11-10 MVC ANY TYPE,Other,MOTOR VEHICLE COLLISION
TB24017660,"05/03/2024, 3:20:54 PM","05/04/2024, 1:06:37 PM",THUNDER BAY,ON,P7E 5R8,ARTHUR ST W AND MOUNTDALE AV, TBPS] MOTOR VEHICLE COLLISION 11-10 MVC ANY TYPE,Other,MOTOR VEHICLE COLLISION
TB24017954,"05/05/2024, 4:36:25 AM","05/05/2024, 1:05:00 PM",THUNDER BAY,ON,P7C 1N7,100 Block CUMMING ST," TBPS] SEXUAL ASSAULT JUST OCCURRED, ACCUSED NOT PRESENT",Other,SEXUAL ASSAULT
TB24017983,"05/05/2024, 8:22:37 AM","05/05/2024, 1:05:00 PM",THUNDER BAY,ON,P7B 4A1,900 Block MEMORIAL AV, TBPS] ARSON SUSP MAY BE PRESENT OR IN AREA,Property Crime,ARSON
TB24017968,"05/05/2024, 6:31:47 AM","05/05/2024, 1:05:00 PM",THUNDER BAY,ON,P7B 3Y6,400 Block MEMORIAL AV," TBPS] THEFT NOT IN PROGRESS, FROM MOTOR VEHICLE",Theft from Vehicle,THEFT
TB24017657,"05/03/2024, 3:12:21 PM","05/05/2024, 1:05:01 PM",THUNDER BAY,ON,P7C 1A1,100 Block SIMPSON ST, TBPS] ASSAULT ACCUSED NOT PRESENT,Assault,ASSAULT
TB24017960,"05/05/2024, 5:23:59 AM","05/05/2024, 1:05:01 PM",THUNDER BAY,ON,P7E 2S8,600 Block THISTLE CR, TBPS] MOTOR VEHICLE COLLISION 11-10 MVC ANY TYPE,Other,MOTOR VEHICLE COLLISION
TB24017891,"05/04/2024, 8:41:04 PM","05/05/2024, 1:05:02 PM",THUNDER BAY,ON,P7C 4P7,400 Block EDWARD ST N, TBPS] THEFT SUSP STILL PRESENT OR MAY BE IN AREA,Other Theft,THEFT
TB24017912,"05/04/2024, 11:27:28 PM","05/05/2024, 1:05:02 PM",THUNDER BAY,ON,P7C 3Z7,300 Block MCKELLAR ST N," TBPS] THEFT NOT IN PROGRESS, FROM MOTOR VEHICLE",Theft from Vehicle,THEFT
TB24017918,"05/04/2024, 11:52:55 PM","05/05/2024, 1:05:02 PM",THUNDER BAY,ON,P7C 4H8,100 Block FRANKLIN ST N," TBPS] MISCHIEF 11-10, MICHIEF UNDER 5000",Other Property Crime,MISCHIEF
TB24017885,"05/04/2024, 8:17:22 PM","05/05/2024, 1:05:02 PM",THUNDER BAY,ON,P7C 5V4,100 Block MAY ST N, TBPS] DRUG OFFENCES SUSP PRESENT OR MAY STILL BE IN AREA,Quality of Life,DRUG OFFENCES
TB24017933,"05/05/2024, 1:49:45 AM","05/05/2024, 1:05:02 PM",THUNDER BAY,ON,P7A 7L9,CASTLEGREEN DR AND SUPERIORVIEW DR, TBPS] TROUBLE WITH YOUTH YOUTHS STILL IN AREA,Quality of Life,TROUBLE WITH YOUTH
TB24017905,"05/04/2024, 10:48:44 PM","05/05/2024, 1:05:02 PM",THUNDER BAY,ON,P7B 6B9,1000 Block FORT WILLIAM RD, TBPS] LIQUOR LICENCE ACT LIQUOR LICENCE ACT VIOLATION IN PROGRESS,Quality of Life,LIQUOR LICENCE ACT
TB24017866,"05/04/2024, 4:02:17 PM","05/05/2024, 1:05:03 PM",THUNDER BAY,ON,P7E 5V3,500 Block DONALD ST E, TBPS] ASSAULT SUSP PRESENT OR IN AREA,Assault,ASSAULT
TB24017876,"05/04/2024, 6:49:00 PM","05/05/2024, 1:05:03 PM",THUNDER BAY,ON,P7B 3Y2,200 Block MEMORIAL AV, TBPS] LIQUOR LICENCE ACT LIQUOR LICENCE ACT VIOLATION IN PROGRESS,Quality of Life,LIQUOR LICENCE ACT
TB24017871,"05/04/2024, 6:05:18 PM","05/05/2024, 1:05:03 PM",THUNDER BAY,ON,P7B 5J4,1000 Block DAWSON RD, TBPS] TROUBLE WITH YOUTH YOUTHS STILL IN AREA,Quality of Life,TROUBLE WITH YOUTH
TB24017914,"05/04/2024, 11:30:53 PM","05/05/2024, 1:05:03 PM",THUNDER BAY,ON,P7C 3Z7,300 Block MCKELLAR ST N," TBPS] THEFT NOT IN PROGRESS, FROM MOTOR VEHICLE",Theft from Vehicle,THEFT
TB24017772,"05/04/2024, 3:05:35 AM","05/05/2024, 1:05:04 PM",THUNDER BAY,ON,P7C 2P2,100 Block ROWAND ST, TBPS] ASSAULT ACCUSED NOT PRESENT,Assault,ASSAULT
TB24017814,"05/04/2024, 7:03:12 AM","05/05/2024, 1:05:04 PM",THUNDER BAY,ON,P7E 5P7,200 Block ARTHUR ST W, TBPS] LIQUOR LICENCE ACT LIQUOR LICENCE ACT VIOLATION IN PROGRESS,Quality of Life,LIQUOR LICENCE ACT
TB24017834,"05/04/2024, 10:37:37 AM","05/05/2024, 1:05:04 PM",THUNDER BAY,ON,P7B 1K3,900 Block RED RIVER RD," TBPS] MISCHIEF IP/SUSP IN AREA, MICHIEF OVER 5000",Other Property Crime,MISCHIEF
TB24017852,"05/04/2024, 2:24:22 PM","05/05/2024, 1:05:04 PM",THUNDER BAY,ON,P7C 2W4,900 Block NORTHERN AV, TBPS] B-E BUS/RES/OTH 11-10,Breaking & Entering,B-E BUS/RES/OTH
TB24017846,"05/04/2024, 12:41:57 PM","05/05/2024, 1:05:04 PM",THUNDER BAY,ON,P7C 3J6,500 Block SIMPSON ST, TBPS] B-E BUS/RES/OTH SUSP PRESENT OR MAY STILL BE IN AREA,Breaking & Entering,B-E BUS/RES/OTH
TB24017750,"05/04/2024, 1:01:18 AM","05/05/2024, 1:05:05 PM",THUNDER BAY,ON,P7C 3K7,1000 Block SIMPSON ST, TBPS] B-E BUS/RES/OTH 11-10,Breaking & Entering,B-E BUS/RES/OTH
TB24018044,"05/05/2024, 8:55:15 PM","05/06/2024, 1:09:01 PM",THUNDER BAY,ON,P7B 5E3,1000 Block DAWSON RD," TBPS] THEFT NOT IN PROGRESS, UNDER 5000",Other Theft,THEFT
TB24018045,"05/05/2024, 9:03:33 PM","05/06/2024, 1:09:02 PM",THUNDER BAY,ON,P7E 3V7,100 Block FREDERICA ST W, TBPS] THEFT SUSP STILL PRESENT OR MAY BE IN AREA,Other Theft,THEFT
TB24018046,"05/05/2024, 9:17:26 PM","05/06/2024, 1:09:02 PM",THUNDER BAY,ON,P7A 2N9,200 Block FITZGERALD ST, TBPS] LIQUOR LICENCE ACT LIQUOR LICENCE ACT VIOLATION IN PROGRESS,Quality of Life,LIQUOR LICENCE ACT
TB24018049,"05/05/2024, 10:08:23 PM","05/06/2024, 1:09:03 PM",THUNDER BAY,ON,P7E 1E3,300 Block SYNDICATE AV S, TBPS] ASSAULT SUSP PRESENT OR IN AREA,Assault,ASSAULT
TB24018047,"05/05/2024, 9:46:52 PM","05/06/2024, 1:09:03 PM",THUNDER BAY,ON,P7B 2A2,800 Block JOHN ST," TBPS] THEFT NOT IN PROGRESS, FROM MOTOR VEHICLE",Theft from Vehicle,THEFT
TB24017795,"05/04/2024, 5:24:43 AM","05/06/2024, 1:09:07 PM",THUNDER BAY,ON,P7C 3B5,600 Block MCLAUGHLIN ST, TBPS] B-E BUS/RES/OTH 11-10,Breaking & Entering,B-E BUS/RES/OTH
TB24018071,"05/06/2024, 1:02:40 AM","05/06/2024, 1:09:09 PM",THUNDER BAY,ON,P7B 6A9,600 Block SHERRINGTON DR, TBPS] TROUBLE WITH YOUTH YOUTHS STILL IN AREA,Quality of Life,TROUBLE WITH YOUTH
TB24018090,"05/06/2024, 3:11:02 AM","05/06/2024, 1:09:14 PM",THUNDER BAY,ON,P7C 2M3,100 Block HERON ST, TBPS] B-E BUS/RES/OTH SUSP PRESENT OR MAY STILL BE IN AREA,Breaking & Entering,B-E BUS/RES/OTH
TB24018095,"05/06/2024, 4:06:19 AM","05/06/2024, 1:09:16 PM",THUNDER BAY,ON,P7B 1H8,600 Block RED RIVER RD, TBPS] LIQUOR LICENCE ACT LIQUOR LICENCE ACT VIOLATION IN PROGRESS,Quality of Life,LIQUOR LICENCE ACT
TB24017586,"05/03/2024, 1:33:24 AM","05/06/2024, 1:09:49 PM",THUNDER BAY,ON,P7E 6N3,700 Block JAMES ST S, TBPS] ASSAULT ACCUSED NOT PRESENT,Assault,ASSAULT
TB24018002,"05/05/2024, 1:22:55 PM","05/06/2024, 1:09:57 PM",THUNDER BAY,ON,P7B 1A7,200 Block RED RIVER RD, TBPS] ASSAULT SUSP PRESENT OR IN AREA,Assault,ASSAULT
TB24018003,"05/05/2024, 1:36:58 PM","05/06/2024, 1:09:57 PM",THUNDER BAY,ON,P7B 4L3,300 Block MCBEAN ST," TBPS] THEFT IN PROGRESS, OVER 50000",Other Theft,THEFT
TB24018011,"05/05/2024, 4:23:34 PM","05/06/2024, 1:09:58 PM",THUNDER BAY,ON,P7B 2G3,300 Block OLIVER RD, TBPS] THEFT SUSP STILL PRESENT OR MAY BE IN AREA,Other Theft,THEFT
TB24018018,"05/05/2024, 5:19:13 PM","05/06/2024, 1:09:58 PM",THUNDER BAY,ON,P7C 1C1,1200 Block VICTORIA AV E," TBPS] MISCHIEF IP/SUSP IN AREA, UNDER 5,000",Other Property Crime,MISCHIEF
TB24018022,"05/05/2024, 6:11:38 PM","05/06/2024, 1:09:59 PM",THUNDER BAY,ON,P7C 2T6,200 Block SOUTHERN AV, TBPS] B-E BUS/RES/OTH SUSP PRESENT OR MAY STILL BE IN AREA,Breaking & Entering,B-E BUS/RES/OTH
TB24018035,"05/05/2024, 7:55:34 PM","05/06/2024, 1:09:59 PM",THUNDER BAY,ON,P7A 2K6,200 Block MACDOUGALL ST, TBPS] ASSAULT ACCUSED NOT PRESENT,Assault,ASSAULT
TB24018033,"05/05/2024, 7:43:44 PM","05/06/2024, 1:09:59 PM",THUNDER BAY,ON,P7B 4Y7,100 Block BLUCHER AV," TBPS] MISCHIEF 11-10, MICHIEF UNDER 5000",Other Property Crime,MISCHIEF
TB24018036,"05/05/2024, 8:00:18 PM","05/06/2024, 1:09:59 PM",THUNDER BAY,ON,P7A 4M9,100 Block CUMBERLAND ST N, TBPS] THEFT SUSP STILL PRESENT OR MAY BE IN AREA,Other Theft,THEFT
TB24018040,"05/05/2024, 8:11:45 PM","05/06/2024, 1:10:00 PM",THUNDER BAY,ON,P7B 3G2,1 Block ONTARIO ST," TBPS] THEFT NOT IN PROGRESS, FROM MOTOR VEHICLE",Theft from Vehicle,THEFT
TB24018204,"05/07/2024, 12:37:59 AM","05/07/2024, 1:06:07 PM",THUNDER BAY,ON,P7E 5R8,MOUNTDALE AV AND ARTHUR ST W," TBPS] MISCHIEF IP/SUSP IN AREA, UNDER 5,000",Other Property Crime,MISCHIEF
TB24018209,"05/07/2024, 1:33:10 AM","05/07/2024, 1:06:08 PM",THUNDER BAY,ON,P7A 4L9,1 Block CUMBERLAND ST N, TBPS] LIQUOR LICENCE ACT LIQUOR LICENCE ACT VIOLATION IN PROGRESS,Quality of Life,LIQUOR LICENCE ACT
TB24018215,"05/07/2024, 2:01:00 AM","05/07/2024, 1:06:09 PM",THUNDER BAY,ON,P7E 4J3,200 Block BROCK ST W, TBPS] ASSAULT SUSP PRESENT OR IN AREA,Assault,ASSAULT
TB24018217,"05/07/2024, 2:05:35 AM","05/07/2024, 1:06:09 PM",THUNDER BAY,ON,P7B 5K5,1100 Block MEMORIAL AV, TBPS] LIQUOR LICENCE ACT LIQUOR LICENCE ACT VIOLATION IN PROGRESS,Quality of Life,LIQUOR LICENCE ACT
TB24018237,"05/07/2024, 3:56:14 AM","05/07/2024, 1:06:11 PM",THUNDER BAY,ON,P7B 5R7,100 Block CUMBERLAND ST S," TBPS] ASSAULT JUST OCCURRED, ACCUSED NOT PRESENT",Assault,ASSAULT
TB24018251,"05/07/2024, 6:23:10 AM","05/07/2024, 1:06:12 PM",THUNDER BAY,ON,P7C 1N7,200 Block CUMMING ST, TBPS] MOTOR VEHICLE COLLISION MVC NO INJURIES,Traffic,MOTOR VEHICLE COLLISION
TB24018249,"05/07/2024, 6:09:12 AM","05/07/2024, 1:06:12 PM",THUNDER BAY,ON,.,RIVER ST AND ROCKWOOD AV N, TBPS] LIQUOR LICENCE ACT LIQUOR LICENCE ACT VIOLATION IN PROGRESS,Quality of Life,LIQUOR LICENCE ACT
TB24018256,"05/07/2024, 7:10:02 AM","05/07/2024, 1:06:13 PM",THUNDER BAY,ON,P7C 5A3,500 Block REDWOOD AV W, TBPS] MOTOR VEHICLE COLLISION MVC - AMB ENR - DUAL RESP,Other,MOTOR VEHICLE COLLISION
TB24018121,"05/06/2024, 10:43:21 AM","05/07/2024, 1:06:37 PM",THUNDER BAY,ON,P7B 4A1,1000 Block MEMORIAL AV, TBPS] MOTOR VEHICLE COLLISION MVC NO INJURIES,Traffic,MOTOR VEHICLE COLLISION
TB24018126,"05/06/2024, 1:58:28 PM","05/07/2024, 1:06:38 PM",THUNDER BAY,ON,P7E 6N7,1500 Block JAMES ST S, TBPS] MOTOR VEHICLE COLLISION 11-10 MVC ANY TYPE,Other,MOTOR VEHICLE COLLISION
TB24018128,"05/06/2024, 2:05:08 PM","05/07/2024, 1:06:39 PM",THUNDER BAY,ON,P7A 3S4,600 Block RIVER ST, TBPS] MOTOR VEHICLE COLLISION 11-10 MVC ANY TYPE,Other,MOTOR VEHICLE COLLISION
TB24018130,"05/06/2024, 2:14:15 PM","05/07/2024, 1:06:39 PM",THUNDER BAY,ON,P7B 2K3,400 Block QUEEN ST, TBPS] MOTOR VEHICLE COLLISION 11-10 MVC ANY TYPE,Other,MOTOR VEHICLE COLLISION
TB24018132,"05/06/2024, 2:15:20 PM","05/07/2024, 1:06:39 PM",THUNDER BAY,ON,P7B 5J4,1000 Block DAWSON RD," TBPS] THEFT NOT IN PROGRESS, UNDER 5000",Other Theft,THEFT
TB24018133,"05/06/2024, 2:20:12 PM","05/07/2024, 1:06:40 PM",THUNDER BAY,ON,P7B 6K4,200 Block KUSZNIER CR, TBPS] MOTOR VEHICLE COLLISION 11-10 MVC ANY TYPE,Other,MOTOR VEHICLE COLLISION
TB24018134,"05/06/2024, 2:27:57 PM","05/07/2024, 1:06:40 PM",THUNDER BAY,ON,P7B 7C6,900 Block CARRICK ST, TBPS] MOTOR VEHICLE COLLISION 11-10 MVC ANY TYPE,Other,MOTOR VEHICLE COLLISION
TB24018135,"05/06/2024, 2:33:02 PM","05/07/2024, 1:06:40 PM",THUNDER BAY,ON,P7B 5J4,1000 Block DAWSON RD," TBPS] THEFT IN PROGRESS, OVER 50000",Other Theft,THEFT
TB24018144,"05/06/2024, 3:47:39 PM","05/07/2024, 1:06:41 PM",THUNDER BAY,ON,P7C 3X8,100 Block CENTENNIAL SQ, TBPS] THEFT SUSP STILL PRESENT OR MAY BE IN AREA,Other Theft,THEFT
TB24018152,"05/06/2024, 5:19:02 PM","05/07/2024, 1:06:42 PM",THUNDER BAY,ON,P7A 4L3,1 Block CUMBERLAND ST N, TBPS] MOTOR VEHICLE COLLISION 11-10 MVC ANY TYPE,Other,MOTOR VEHICLE COLLISION
TB24018164,"05/06/2024, 6:37:44 PM","05/07/2024, 1:06:42 PM",THUNDER BAY,ON,P7E 1J6,ARTHUR ST E AND VICKERS ST S, TBPS] MOTOR VEHICLE COLLISION 11-10 MVC ANY TYPE,Other,MOTOR VEHICLE COLLISION
TB24018158,"05/06/2024, 6:03:57 PM","05/07/2024, 1:06:42 PM",THUNDER BAY,ON,P7C 2S1,SIMPSON ST AND PACIFIC AV, TBPS] MOTOR VEHICLE COLLISION 11-10 MVC ANY TYPE,Other,MOTOR VEHICLE COLLISION
TB24018154,"05/06/2024, 5:27:40 PM","05/07/2024, 1:06:42 PM",THUNDER BAY,ON,P7B 3A8,ALGOMA ST S AND WAVERLY ST, TBPS] MOTOR VEHICLE COLLISION 11-10 MVC ANY TYPE,Other,MOTOR VEHICLE COLLISION
TB24018176,"05/06/2024, 8:57:59 PM","05/07/2024, 1:06:43 PM",THUNDER BAY,ON,P7C 4R3,GOLF LINKS RD AND JAMES ST N, TBPS] MOTOR VEHICLE COLLISION MVC NO INJURIES,Traffic,MOTOR VEHICLE COLLISION
TB24018168,"05/06/2024, 7:14:50 PM","05/07/2024, 1:06:43 PM",THUNDER BAY,ON,P7B 5L4,1 Block CUMBERLAND ST S," TBPS] MISCHIEF 11-10, MICHIEF UNDER 5000",Other Property Crime,MISCHIEF
TB24018175,"05/06/2024, 8:54:06 PM","05/07/2024, 1:06:43 PM",THUNDER BAY,ON,P7A 4R2,400 Block CUMBERLAND ST N, TBPS] LIQUOR LICENCE ACT LIQUOR LICENCE ACT VIOLATION IN PROGRESS,Quality of Life,LIQUOR LICENCE ACT
TB24018198,"05/06/2024, 11:46:36 PM","05/07/2024, 1:07:13 PM",THUNDER BAY,ON,P7B 1K1,CLARKSON ST N AND RED RIVER RD, TBPS] MOTOR VEHICLE COLLISION MVC - AMB ENR - DUAL RESP,Other,MOTOR VEHICLE COLLISION
TB24018381,"05/08/2024, 5:25:17 AM","05/08/2024, 1:09:35 PM",THUNDER BAY,ON,P7C 3H4,200 Block SIMPSON ST, TBPS] ASSAULT SUSP PRESENT OR IN AREA,Assault,ASSAULT
TB24018395,"05/08/2024, 6:46:01 AM","05/08/2024, 1:09:35 PM",THUNDER BAY,ON,P7C 3A3,600 Block MCINTOSH ST," TBPS] MISCHIEF 11-10, MICHIEF UNDER 5000",Other Property Crime,MISCHIEF
TB24018034,"05/05/2024, 7:48:00 PM","05/08/2024, 1:09:35 PM",THUNDER BAY,ON,P7E 5R8,600 Block ARTHUR ST W, TBPS] ASSAULT ACCUSED NOT PRESENT,Assault,ASSAULT
TB24018343,"05/07/2024, 11:22:49 PM","05/08/2024, 1:09:36 PM",THUNDER BAY,ON,P7B 5L6,300 Block MAIN ST, TBPS] THEFT SUSP STILL PRESENT OR MAY BE IN AREA,Other Theft,THEFT
TB24018346,"05/07/2024, 11:41:51 PM","05/08/2024, 1:09:36 PM",THUNDER BAY,ON,P7B 5L6,300 Block MAIN ST, TBPS] LIQUOR LICENCE ACT LIQUOR LICENCE ACT VIOLATION IN PROGRESS,Quality of Life,LIQUOR LICENCE ACT
TB24018363,"05/08/2024, 2:09:20 AM","05/08/2024, 1:09:36 PM",THUNDER BAY,ON,P7B 6E6,800 Block ALLOY PL, TBPS] TRESPASS AT NIGHT SUSP NOT IN AREA - REPORTED AFTER THE FA,Other Property Crime,TRESPASS AT NIGHT
TB24018352,"05/08/2024, 12:11:44 AM","05/08/2024, 1:09:36 PM",THUNDER BAY,ON,P7B 3V8,200 Block HILL ST S," TBPS] THEFT NOT IN PROGRESS, FROM MOTOR VEHICLE",Theft from Vehicle,THEFT
TB24018390,"05/08/2024, 6:18:31 AM","05/08/2024, 1:09:36 PM",THUNDER BAY,ON,P7E 1E7,500 Block SYNDICATE AV S, TBPS] B-E BUS/RES/OTH SUSP PRESENT OR MAY STILL BE IN AREA,Breaking & Entering,B-E BUS/RES/OTH
TB24018370,"05/08/2024, 3:29:18 AM","05/08/2024, 1:09:36 PM",THUNDER BAY,ON,P7C 4S8,1 Block LIMBRICK ST, TBPS] INDECENT ACTS SUSP PRESENT OR MAY STILL BE IN AREA,Sexual Offense,INDECENT ACTS
TB24018304,"05/07/2024, 5:14:33 PM","05/08/2024, 1:09:37 PM",THUNDER BAY,ON,P7A 2R6,300 Block TOLEDO ST, TBPS] MOTOR VEHICLE COLLISION 11-10 MVC ANY TYPE,Other,MOTOR VEHICLE COLLISION
TB24018302,"05/07/2024, 5:03:07 PM","05/08/2024, 1:09:37 PM",THUNDER BAY,ON,P7B 5L4,1 Block CUMBERLAND ST S, TBPS] MOTOR VEHICLE COLLISION 11-10 MVC ANY TYPE,Other,MOTOR VEHICLE COLLISION
TB24018305,"05/07/2024, 5:23:46 PM","05/08/2024, 1:09:37 PM",THUNDER BAY,ON,P7E 5S2,1100 Block ARTHUR ST W, TBPS] MOTOR VEHICLE COLLISION 11-10 MVC ANY TYPE,Other,MOTOR VEHICLE COLLISION
TB24018311,"05/07/2024, 6:13:21 PM","05/08/2024, 1:09:37 PM",THUNDER BAY,ON,P7C 5A3,JAMES ST N AND REDWOOD AV W, TBPS] MOTOR VEHICLE COLLISION 11-10 MVC ANY TYPE,Other,MOTOR VEHICLE COLLISION
TB24018317,"05/07/2024, 7:27:30 PM","05/08/2024, 1:09:37 PM",THUNDER BAY,ON,P7B 6B9,1000 Block FORT WILLIAM RD, TBPS] MOTOR VEHICLE COLLISION 11-10 MVC ANY TYPE,Other,MOTOR VEHICLE COLLISION
TB24018327,"05/07/2024, 8:27:28 PM","05/08/2024, 1:09:37 PM",THUNDER BAY,ON,P7B 1R8,200 Block BAY ST, TBPS] ROBBERY NO WEAPONS - SUSP STILL IN AREA,Robbery,ROBBERY
TB24018284,"05/07/2024, 3:12:45 PM","05/08/2024, 1:09:38 PM",THUNDER BAY,ON,P7C 4S8,1 Block LIMBRICK ST, TBPS] MOTOR VEHICLE COLLISION 11-10 MVC ANY TYPE,Other,MOTOR VEHICLE COLLISION
TB24018288,"05/07/2024, 3:18:12 PM","05/08/2024, 1:09:38 PM",THUNDER BAY,ON,P7G 1J4,FASSINA ST AND VALLEY ST, TBPS] MOTOR VEHICLE COLLISION 11-10 MVC ANY TYPE,Other,MOTOR VEHICLE COLLISION
TB24018293,"05/07/2024, 3:45:13 PM","05/08/2024, 1:09:38 PM",THUNDER BAY,ON,P7A 5V8,VAN NORMAN ST AND HILL ST N, TBPS] MOTOR VEHICLE COLLISION MVC - AMB ENR - DUAL RESP,Other,MOTOR VEHICLE COLLISION
TB24018300,"05/07/2024, 4:41:41 PM","05/08/2024, 1:09:38 PM",THUNDER BAY,ON,P7A 4K8,1 Block CUMBERLAND ST N, TBPS] MOTOR VEHICLE COLLISION 11-10 MVC ANY TYPE,Other,MOTOR VEHICLE COLLISION
TB24018306,"05/07/2024, 5:32:08 PM","05/08/2024, 1:09:38 PM",THUNDER BAY,ON,P7B 4A3,1000 Block MEMORIAL AV, TBPS] MOTOR VEHICLE COLLISION 11-10 MVC ANY TYPE,Other,MOTOR VEHICLE COLLISION
TB24018313,"05/07/2024, 6:19:50 PM","05/08/2024, 1:09:38 PM",THUNDER BAY,ON,P7E 3V7,100 Block FREDERICA ST W, TBPS] ASSAULT SUSP PRESENT OR IN AREA,Assault,ASSAULT
TB24018315,"05/07/2024, 6:38:06 PM","05/08/2024, 1:09:38 PM",THUNDER BAY,ON,.,CENTRAL AV AND GOLF LINKS RD, TBPS] MOTOR VEHICLE COLLISION MVC NO INJURIES,Traffic,MOTOR VEHICLE COLLISION
TB24018318,"05/07/2024, 7:35:07 PM","05/08/2024, 1:09:38 PM",THUNDER BAY,ON,P7B 2B5,600 Block MONTGOMERY ST, TBPS] MOTOR VEHICLE COLLISION 11-10 MVC ANY TYPE,Other,MOTOR VEHICLE COLLISION
TB24018320,"05/07/2024, 7:52:03 PM","05/08/2024, 1:09:38 PM",THUNDER BAY,ON,P7B 2X8,JOHN ST AND COURT ST S, TBPS] MOTOR VEHICLE COLLISION MVC - AMB ENR - DUAL RESP,Other,MOTOR VEHICLE COLLISION
TB24018264,"05/07/2024, 9:42:41 AM","05/08/2024, 1:09:39 PM",THUNDER BAY,ON,P7B 1V6,200 Block WINDSOR ST," TBPS] MISCHIEF IP/SUSP IN AREA, UNDER 5,000",Other Property Crime,MISCHIEF
TB24018344,"05/07/2024, 11:31:11 PM","05/08/2024, 1:10:04 PM",THUNDER BAY,ON,P7B 5V1,DAWSON RD AND EAST AV, TBPS] LIQUOR LICENCE ACT LIQUOR LICENCE ACT VIOLATION IN PROGRESS,Quality of Life,LIQUOR LICENCE ACT
TB24018550,"05/09/2024, 3:15:57 AM","05/09/2024, 1:04:46 PM",THUNDER BAY,ON,P7B 7C6,900 Block CARRICK ST, TBPS] THEFT SUSP STILL PRESENT OR MAY BE IN AREA,Other Theft,THEFT
TB24018555,"05/09/2024, 3:50:29 AM","05/09/2024, 1:04:46 PM",THUNDER BAY,ON,P7E 5H5,800 Block RIDGEWAY ST E, TBPS] DRUG OFFENCES SUSP PRESENT OR MAY STILL BE IN AREA,Quality of Life,DRUG OFFENCES
TB24018564,"05/09/2024, 4:43:45 AM","05/09/2024, 1:04:46 PM",THUNDER BAY,ON,P7E 5V3,500 Block DONALD ST E, TBPS] LIQUOR LICENCE ACT LIQUOR LICENCE ACT VIOLATION IN PROGRESS,Quality of Life,LIQUOR LICENCE ACT
TB24018557,"05/09/2024, 4:03:15 AM","05/09/2024, 1:04:46 PM",THUNDER BAY,ON,P7B 5E3,1000 Block DAWSON RD, TBPS] THEFT SUSP STILL PRESENT OR MAY BE IN AREA,Other Theft,THEFT
TB24018568,"05/09/2024, 4:53:53 AM","05/09/2024, 1:04:46 PM",THUNDER BAY,ON,P7E 2H4,700 Block EDWARD ST S," TBPS] MISCHIEF IP/SUSP IN AREA, UNDER 5,000",Other Property Crime,MISCHIEF
TB24018511,"05/08/2024, 10:53:17 PM","05/09/2024, 1:04:47 PM",THUNDER BAY,ON,P7B 5Z5,1200 Block BALMORAL ST," TBPS] THEFT NOT IN PROGRESS, UNDER 5000",Other Theft,THEFT
TB24018541,"05/09/2024, 2:04:46 AM","05/09/2024, 1:04:47 PM",THUNDER BAY,ON,P7B 3K5,100 Block HIGH ST S, TBPS] LIQUOR LICENCE ACT LIQUOR LICENCE ACT VIOLATION IN PROGRESS,Quality of Life,LIQUOR LICENCE ACT
TB24018480,"05/08/2024, 7:57:42 PM","05/09/2024, 1:04:48 PM",THUNDER BAY,ON,P7B 5J4,1000 Block DAWSON RD, TBPS] ASSAULT SUSP PRESENT OR IN AREA,Assault,ASSAULT
TB24018486,"05/08/2024, 8:27:52 PM","05/09/2024, 1:04:48 PM",THUNDER BAY,ON,P7B 4A8,600 Block SQUIER ST," TBPS] THEFT NOT IN PROGRESS, UNDER 5000",Other Theft,THEFT
TB24018494,"05/08/2024, 9:16:21 PM","05/09/2024, 1:04:48 PM",THUNDER BAY,ON,P7B 5J4,1000 Block DAWSON RD," TBPS] THEFT NOT IN PROGRESS, UNDER 5000",Other Theft,THEFT
TB24018498,"05/08/2024, 9:55:00 PM","05/09/2024, 1:04:48 PM",THUNDER BAY,ON,P7B 6B9,1000 Block FORT WILLIAM RD," TBPS] THEFT NOT IN PROGRESS, FROM MOTOR VEHICLE",Theft from Vehicle,THEFT
TB24018501,"05/08/2024, 10:14:07 PM","05/09/2024, 1:04:48 PM",THUNDER BAY,ON,P7B 3C2,200 Block ALGOMA ST S, TBPS] B-E BUS/RES/OTH 11-10,Breaking & Entering,B-E BUS/RES/OTH
TB24018520,"05/08/2024, 11:31:41 PM","05/09/2024, 1:04:48 PM",THUNDER BAY,ON,P7B 3Y2,300 Block MEMORIAL AV, TBPS] ASSAULT ACCUSED NOT PRESENT,Assault,ASSAULT
TB24018522,"05/08/2024, 11:33:56 PM","05/09/2024, 1:04:48 PM",THUNDER BAY,ON,P7B 3Y2,200 Block MEMORIAL AV, TBPS] ROBBERY NO WEAPONS - SUSP STILL IN AREA,Robbery,ROBBERY
TB24018575,"05/09/2024, 5:51:06 AM","05/09/2024, 1:04:48 PM",THUNDER BAY,ON,P7B 5L6,300 Block MAIN ST, TBPS] STOLEN VEHICLE SUSP PRESENT OR MAY STILL BE IN AREA,Theft of Vehicle,STOLEN VEHICLE
TB24018451,"05/08/2024, 5:08:43 PM","05/09/2024, 1:04:49 PM",THUNDER BAY,ON,P7E 6T7,600 Block DOCK ST, TBPS] B-E BUS/RES/OTH 11-10,Breaking & Entering,B-E BUS/RES/OTH
TB24018482,"05/08/2024, 8:04:07 PM","05/09/2024, 1:04:49 PM",THUNDER BAY,ON,P7C 3B9,800 Block MCLAUGHLIN ST, TBPS] B-E BUS/RES/OTH 11-10,Breaking & Entering,B-E BUS/RES/OTH
TB24018485,"05/08/2024, 8:25:40 PM","05/09/2024, 1:04:49 PM",THUNDER BAY,ON,P7A 3N9,200 Block ST. JAMES ST, TBPS] MOTOR VEHICLE COLLISION 11-10 MVC ANY TYPE,Other,MOTOR VEHICLE COLLISION
TB24018517,"05/08/2024, 11:15:25 PM","05/09/2024, 1:04:49 PM",THUNDER BAY,ON,P7E 1J3,VICKERS ST S AND LINCOLN ST, TBPS] MOTOR VEHICLE COLLISION MVC NO INJURIES,Traffic,MOTOR VEHICLE COLLISION
TB24018430,"05/08/2024, 2:05:49 PM","05/09/2024, 1:04:50 PM",THUNDER BAY,ON,P7C 4Y7,300 Block LILLIE ST N, TBPS] ASSAULT ACCUSED NOT PRESENT,Assault,ASSAULT
TB24018435,"05/08/2024, 2:53:08 PM","05/09/2024, 1:04:50 PM",THUNDER BAY,ON,P7E 5R2,ARTHUR ST W AND JAMES ST S, TBPS] MOTOR VEHICLE COLLISION 11-10 MVC ANY TYPE,Other,MOTOR VEHICLE COLLISION
TB24018442,"05/08/2024, 4:22:27 PM","05/09/2024, 1:04:50 PM",THUNDER BAY,ON,P7C 5G8,BALMORAL ST AND DEASE ST, TBPS] MOTOR VEHICLE COLLISION MVC NO INJURIES,Traffic,MOTOR VEHICLE COLLISION
TB24018469,"05/08/2024, 6:54:17 PM","05/09/2024, 1:04:50 PM",THUNDER BAY,ON,P7B 2A4,1200 Block JOHN ST. RD, TBPS] MOTOR VEHICLE COLLISION 11-10 MVC ANY TYPE,Other,MOTOR VEHICLE COLLISION
TB24018478,"05/08/2024, 7:00:00 PM","05/09/2024, 1:04:50 PM",THUNDER BAY,ON,P7E 1R2,200 Block FRANKLIN ST S, TBPS] ASSAULT ACCUSED NOT PRESENT,Assault,ASSAULT
TB24018472,"05/08/2024, 7:21:53 PM","05/09/2024, 1:04:50 PM",THUNDER BAY,ON,P7A 6X9,1 Block MONA ST," TBPS] THEFT NOT IN PROGRESS, OVER 5000",Other Theft,THEFT
TB24018470,"05/08/2024, 7:13:01 PM","05/09/2024, 1:04:50 PM",THUNDER BAY,ON,P7B 1N5,DUFFERIN ST AND BANNING ST, TBPS] MOTOR VEHICLE COLLISION MVC - AMB ENR - DUAL RESP,Other,MOTOR VEHICLE COLLISION
TB24018412,"05/08/2024, 8:50:46 AM","05/09/2024, 1:04:51 PM",THUNDER BAY,ON,P7C 5N3,700 Block JAMES ST N," TBPS] MISCHIEF IP/SUSP IN AREA, UNDER 5,000",Other Property Crime,MISCHIEF
TB24018419,"05/08/2024, 10:59:10 AM","05/09/2024, 1:04:51 PM",THUNDER BAY,ON,P7B 1N5,300 Block DUFFERIN ST, TBPS] B-E BUS/RES/OTH SUSP PRESENT OR MAY STILL BE IN AREA,Breaking & Entering,B-E BUS/RES/OTH
TB24018440,"05/08/2024, 3:57:28 PM","05/09/2024, 1:04:51 PM",THUNDER BAY,ON,P7A 6V6,1 Block GERTRUDE AV," TBPS] THEFT NOT IN PROGRESS, OVER 5000",Other Theft,THEFT
TB24018468,"05/08/2024, 6:51:29 PM","05/09/2024, 1:04:51 PM",THUNDER BAY,ON,P7J 1B2,1000 Block BROOKVIEW PL, TBPS] MOTOR VEHICLE COLLISION 11-10 MVC ANY TYPE,Other,MOTOR VEHICLE COLLISION
TB24018406,"05/08/2024, 8:04:19 AM","05/09/2024, 1:04:52 PM",THUNDER BAY,ON,P7E 1K2,600 Block VICKERS ST S, TBPS] LIQUOR LICENCE ACT LIQUOR LICENCE ACT VIOLATION IN PROGRESS,Quality of Life,LIQUOR LICENCE ACT
TB24018732,"05/10/2024, 3:27:21 AM","05/10/2024, 1:04:02 PM",THUNDER BAY,ON,P7B 2G3,300 Block OLIVER RD, TBPS] THEFT SUSP STILL PRESENT OR MAY BE IN AREA,Other Theft,THEFT
TB24018735,"05/10/2024, 3:42:21 AM","05/10/2024, 1:04:02 PM",THUNDER BAY,ON,P7A 4L8,1 Block CUMBERLAND ST N, TBPS] MOTOR VEHICLE COLLISION MVC NO INJURIES,Traffic,MOTOR VEHICLE COLLISION
TB24018724,"05/10/2024, 2:50:16 AM","05/10/2024, 1:04:03 PM",THUNDER BAY,ON,P7E 5N2,1300 Block ARTHUR ST E, TBPS] ASSAULT SUSP PRESENT OR IN AREA,Assault,ASSAULT
TB24018731,"05/10/2024, 3:18:56 AM","05/10/2024, 1:04:03 PM",THUNDER BAY,ON,P7A 7M4,1000 Block CASTLEGREEN DR, TBPS] ASSAULT SUSP PRESENT OR IN AREA,Assault,ASSAULT
TB24018744,"05/10/2024, 4:54:55 AM","05/10/2024, 1:04:03 PM",THUNDER BAY,ON,P7B 7C6,900 Block CARRICK ST, TBPS] THEFT SUSP STILL PRESENT OR MAY BE IN AREA,Other Theft,THEFT
TB24018751,"05/10/2024, 6:17:26 AM","05/10/2024, 1:04:03 PM",THUNDER BAY,ON,P7E 5N7,2000 Block ARTHUR ST E, TBPS] LIQUOR LICENCE ACT LIQUOR LICENCE ACT VIOLATION IN PROGRESS,Quality of Life,LIQUOR LICENCE ACT
TB24018654,"05/09/2024, 6:32:22 PM","05/10/2024, 1:04:04 PM",THUNDER BAY,ON,P7B 3Y9,500 Block MEMORIAL AV," TBPS] MISCHIEF 11-10, MICHIEF UNDER 5000",Other Property Crime,MISCHIEF
TB24018675,"05/09/2024, 9:35:38 PM","05/10/2024, 1:04:04 PM",THUNDER BAY,ON,P7E 2H4,700 Block EDWARD ST S," TBPS] MISCHIEF 11-10, MICHIEF UNDER 5000",Other Property Crime,MISCHIEF
TB24018680,"05/09/2024, 9:59:10 PM","05/10/2024, 1:04:04 PM",THUNDER BAY,ON,P7C 3K7,1000 Block SIMPSON ST, TBPS] B-E BUS/RES/OTH 11-10,Breaking & Entering,B-E BUS/RES/OTH
TB24018721,"05/10/2024, 1:50:06 AM","05/10/2024, 1:04:04 PM",THUNDER BAY,ON,P7C 6A8,100 Block WATERLOO ST N, TBPS] LIQUOR LICENCE ACT LIQUOR LICENCE ACT VIOLATION IN PROGRESS,Quality of Life,LIQUOR LICENCE ACT
TB24018716,"05/10/2024, 12:52:41 AM","05/10/2024, 1:04:04 PM",THUNDER BAY,ON,P7B 7C6,900 Block CARRICK ST, TBPS] ASSAULT SUSP PRESENT OR IN AREA,Assault,ASSAULT
TB24018739,"05/10/2024, 4:11:50 AM","05/10/2024, 1:04:04 PM",THUNDER BAY,ON,P7B 1J5,RED RIVER RD AND KENOGAMI AV N, TBPS] LIQUOR LICENCE ACT LIQUOR LICENCE ACT VIOLATION IN PROGRESS,Quality of Life,LIQUOR LICENCE ACT
TB24018632,"05/09/2024, 4:05:46 PM","05/10/2024, 1:04:05 PM",THUNDER BAY,ON,P7B,JOHN ST AND ALGONQUIN AV S, TBPS] MOTOR VEHICLE COLLISION 11-10 MVC ANY TYPE,Other,MOTOR VEHICLE COLLISION
TB24018636,"05/09/2024, 4:17:40 PM","05/10/2024, 1:04:05 PM",THUNDER BAY,ON,P7E 5S2,1100 Block ARTHUR ST W, TBPS] MOTOR VEHICLE COLLISION 11-10 MVC ANY TYPE,Other,MOTOR VEHICLE COLLISION
TB24018644,"05/09/2024, 5:00:41 PM","05/10/2024, 1:04:05 PM",THUNDER BAY,ON,P7B,MEMORIAL AV AND HARBOUR EXPRESSWAY, TBPS] MOTOR VEHICLE COLLISION 11-10 MVC ANY TYPE,Other,MOTOR VEHICLE COLLISION
TB24018649,"05/09/2024, 5:30:45 PM","05/10/2024, 1:04:05 PM",THUNDER BAY,ON,P7E 5Y8,400 Block GEORGE ST," TBPS] THEFT NOT IN PROGRESS, UNDER 5000",Other Theft,THEFT
TB24018657,"05/09/2024, 7:10:18 PM","05/10/2024, 1:04:05 PM",THUNDER BAY,ON,P7E 5V3,500 Block DONALD ST E, TBPS] LIQUOR LICENCE ACT LIQUOR LICENCE ACT VIOLATION IN PROGRESS,Quality of Life,LIQUOR LICENCE ACT
TB24018661,"05/09/2024, 7:29:19 PM","05/10/2024, 1:04:05 PM",THUNDER BAY,ON,P7B 5L6,300 Block MAIN ST," TBPS] MISCHIEF 11-10, MICHIEF UNDER 5000",Other Property Crime,MISCHIEF
TB24018713,"05/10/2024, 12:34:38 AM","05/10/2024, 1:04:05 PM",THUNDER BAY,ON,P7B 5K7,500 Block LANGWORTHY CR," TBPS] THEFT NOT IN PROGRESS, UNDER 5000",Other Theft,THEFT
TB24018722,"05/10/2024, 1:56:26 AM","05/10/2024, 1:04:05 PM",THUNDER BAY,ON,P7B 1K2,800 Block RED RIVER RD, TBPS] STOLEN VEHICLE SUSP NOT IN AREA,Theft of Vehicle,STOLEN VEHICLE
TB24018615,"05/09/2024, 2:04:51 PM","05/10/2024, 1:04:06 PM",THUNDER BAY,ON,P7C 2J9,200 Block PRUDEN ST," TBPS] THEFT NOT IN PROGRESS, FROM MOTOR VEHICLE",Theft from Vehicle,THEFT
TB24018623,"05/09/2024, 3:10:22 PM","05/10/2024, 1:04:06 PM",THUNDER BAY,ON,P7B 3Y9,500 Block MEMORIAL AV, TBPS] B-E BUS/RES/OTH SUSP PRESENT OR MAY STILL BE IN AREA,Breaking & Entering,B-E BUS/RES/OTH
TB24018616,"05/09/2024, 2:39:44 PM","05/10/2024, 1:04:06 PM",THUNDER BAY,ON,P7C 5H8,700 Block HAROLD CR, TBPS] MOTOR VEHICLE COLLISION MVC NO INJURIES,Traffic,MOTOR VEHICLE COLLISION
TB24018642,"05/09/2024, 4:56:10 PM","05/10/2024, 1:04:06 PM",THUNDER BAY,ON,P0T 1W0,4700 Block 11-17 HWY, TBPS] MOTOR VEHICLE COLLISION 11-10 MVC ANY TYPE,Other,MOTOR VEHICLE COLLISION
TB24018650,"05/09/2024, 5:39:13 PM","05/10/2024, 1:04:06 PM",THUNDER BAY,ON,P7B 4B9,200 Block MCKIBBIN ST, TBPS] MOTOR VEHICLE COLLISION 11-10 MVC ANY TYPE,Other,MOTOR VEHICLE COLLISION
TB24018658,"05/09/2024, 7:12:59 PM","05/10/2024, 1:04:06 PM",THUNDER BAY,ON,P7B 1S3,300 Block BAY ST, TBPS] B-E BUS/RES/OTH 11-10,Breaking & Entering,B-E BUS/RES/OTH
TB24018182,"05/06/2024, 9:37:45 PM","05/10/2024, 1:04:07 PM",THUNDER BAY,ON,P7A 4S1,500 Block CUMBERLAND ST N, TBPS] ASSAULT ACCUSED NOT PRESENT,Assault,ASSAULT
TB24017787,"05/04/2024, 4:50:48 AM","05/10/2024, 1:04:07 PM",THUNDER BAY,ON,P7G 0A2,300 Block HILLDALE RD," TBPS] THEFT NOT IN PROGRESS, UNDER 5000",Other Theft,THEFT
TB24018591,"05/09/2024, 8:12:42 AM","05/10/2024, 1:04:07 PM",THUNDER BAY,ON,P7C 3B5,600 Block MCLAUGHLIN ST, TBPS] B-E BUS/RES/OTH SUSP PRESENT OR MAY STILL BE IN AREA,Breaking & Entering,B-E BUS/RES/OTH
TB24018612,"05/09/2024, 1:07:45 PM","05/10/2024, 1:04:07 PM",THUNDER BAY,ON,P7C 4G1,300 Block MARKS ST N, TBPS] B-E BUS/RES/OTH SUSP PRESENT OR MAY STILL BE IN AREA,Breaking & Entering,B-E BUS/RES/OTH
TB24018634,"05/09/2024, 4:13:33 PM","05/10/2024, 1:04:07 PM",THUNDER BAY,ON,P7B 6M9,1100 Block ALLOY DR, TBPS] MOTOR VEHICLE COLLISION 11-10 MVC ANY TYPE,Other,MOTOR VEHICLE COLLISION
TB24018638,"05/09/2024, 4:27:40 PM","05/10/2024, 1:04:08 PM",THUNDER BAY,ON,P7B 5Z5,BALMORAL ST AND CENTRAL AV, TBPS] MOTOR VEHICLE COLLISION 11-10 MVC ANY TYPE,Other,MOTOR VEHICLE COLLISION
TB24018979,"05/11/2024, 10:59:38 PM","05/12/2024, 1:05:47 PM",THUNDER BAY,ON,P7J 1B3,3200 Block GLENN CT, TBPS] MOTOR VEHICLE COLLISION MVC NO INJURIES,Traffic,MOTOR VEHICLE COLLISION
TB24019002,"05/12/2024, 1:54:48 AM","05/12/2024, 1:05:53 PM",THUNDER BAY,ON,P7A 8C5,500 Block ALGOMA ST N, TBPS] B-E BUS/RES/OTH SUSP PRESENT OR MAY STILL BE IN AREA,Breaking & Entering,B-E BUS/RES/OTH
TB24019006,"05/12/2024, 2:20:57 AM","05/12/2024, 1:05:53 PM",THUNDER BAY,ON,P7B 2M1,1 Block TRILLIUM CT, TBPS] ASSAULT SUSP PRESENT OR IN AREA,Assault,ASSAULT
TB24019013,"05/12/2024, 3:07:38 AM","05/12/2024, 1:05:55 PM",THUNDER BAY,ON,J4Y 0K7,500 Block ARTHUR ST W, TBPS] ROBBERY NO WEAPONS - SUSP STILL IN AREA,Robbery,ROBBERY
TB24019015,"05/12/2024, 3:33:00 AM","05/12/2024, 1:05:55 PM",THUNDER BAY,ON,P7A 4P6,300 Block CUMBERLAND ST N, TBPS] ASSAULT SUSP PRESENT OR IN AREA,Assault,ASSAULT
TB24019018,"05/12/2024, 3:52:06 AM","05/12/2024, 1:05:56 PM",THUNDER BAY,ON,P7A 6C5,1 Block KENOGAMI AV N, TBPS] B-E BUS/RES/OTH SUSP PRESENT OR MAY STILL BE IN AREA,Breaking & Entering,B-E BUS/RES/OTH
TB24018914,"05/11/2024, 8:12:15 AM","05/12/2024, 1:06:03 PM",THUNDER BAY,ON,P7B 6P4,500 Block HARBOUR EXPRESSWAY, TBPS] ASSAULT SUSP PRESENT OR IN AREA,Assault,ASSAULT
TB24018920,"05/11/2024, 9:15:40 AM","05/12/2024, 1:06:03 PM",THUNDER BAY,ON,P7B 2L9,1 Block ACADEMY DR, TBPS] THEFT SUSP STILL PRESENT OR MAY BE IN AREA,Other Theft,THEFT
TB24018926,"05/11/2024, 11:14:41 AM","05/12/2024, 1:06:04 PM",THUNDER BAY,ON,P7E 6J1,1 Block VALHALLA INN RD, TBPS] ASSAULT SUSP PRESENT OR IN AREA,Assault,ASSAULT
TB24018931,"05/11/2024, 12:33:55 PM","05/12/2024, 1:06:04 PM",THUNDER BAY,ON,P7B 4A3,1000 Block MEMORIAL AV," TBPS] MISCHIEF 11-10, MICHIEF UNDER 5000",Other Property Crime,MISCHIEF
TB24018935,"05/11/2024, 2:17:21 PM","05/12/2024, 1:06:04 PM",THUNDER BAY,ON,P7B 4A3,1000 Block MEMORIAL AV," TBPS] MISCHIEF 11-10, MICHIEF UNDER 5000",Other Property Crime,MISCHIEF
TB24018951,"05/11/2024, 5:29:54 PM","05/12/2024, 1:06:04 PM",THUNDER BAY,ON,P7B 3A3,FORT WILLIAM RD AND 11TH AV, TBPS] MOTOR VEHICLE COLLISION MVC NO INJURIES,Traffic,MOTOR VEHICLE COLLISION
TB24018950,"05/11/2024, 5:29:55 PM","05/12/2024, 1:06:04 PM",THUNDER BAY,ON,P7B 6J6,100 Block PICTON AV, TBPS] ASSAULT SUSP PRESENT OR IN AREA,Assault,ASSAULT
TB24018952,"05/11/2024, 5:45:10 PM","05/12/2024, 1:06:05 PM",THUNDER BAY,ON,P7B 5Z5,1200 Block BALMORAL ST," TBPS] THEFT NOT IN PROGRESS, UNDER 5000",Other Theft,THEFT
TB24019150,"05/13/2024, 3:17:13 AM","05/13/2024, 1:04:23 PM",THUNDER BAY,ON,P7B 6S2,700 Block MEMORIAL AV, TBPS] MOTOR VEHICLE COLLISION MVC NO INJURIES,Traffic,MOTOR VEHICLE COLLISION
TB24019170,"05/13/2024, 5:25:45 AM","05/13/2024, 1:04:23 PM",THUNDER BAY,ON,P7C 3H4,200 Block SIMPSON ST, TBPS] LIQUOR LICENCE ACT LIQUOR LICENCE ACT VIOLATION IN PROGRESS,Quality of Life,LIQUOR LICENCE ACT
TB24019175,"05/13/2024, 5:49:18 AM","05/13/2024, 1:04:23 PM",THUNDER BAY,ON,P7E 5P7,100 Block ARTHUR ST W, TBPS] THEFT SUSP STILL PRESENT OR MAY BE IN AREA,Other Theft,THEFT
TB24019134,"05/13/2024, 1:45:29 AM","05/13/2024, 1:04:24 PM",THUNDER BAY,ON,P7A 4K8,1000 Block DAWSON RD, TBPS] ASSAULT ACCUSED NOT PRESENT,Assault,ASSAULT
TB24019138,"05/13/2024, 2:03:29 AM","05/13/2024, 1:04:24 PM",THUNDER BAY,ON,P7A,1 Block NORTH WATER ST, TBPS] THEFT SUSP STILL PRESENT OR MAY BE IN AREA,Other Theft,THEFT
TB24019112,"05/12/2024, 10:30:03 PM","05/13/2024, 1:04:25 PM",THUNDER BAY,ON,P7B 2G3,300 Block OLIVER RD, TBPS] THEFT SUSP STILL PRESENT OR MAY BE IN AREA,Other Theft,THEFT
TB24019114,"05/12/2024, 10:42:32 PM","05/13/2024, 1:04:25 PM",THUNDER BAY,ON,P7K 1G5,2300 Block FINCH ST, TBPS] MOTOR VEHICLE COLLISION MVC - AMB ENR - DUAL RESP,Other,MOTOR VEHICLE COLLISION
TB24019126,"05/13/2024, 12:48:06 AM","05/13/2024, 1:04:25 PM",THUNDER BAY,ON,P7B 3G2,100 Block ONTARIO ST," TBPS] THEFT NOT IN PROGRESS, FROM MOTOR VEHICLE",Theft from Vehicle,THEFT
TB24019153,"05/13/2024, 3:26:00 AM","05/13/2024, 1:04:25 PM",THUNDER BAY,ON,P7C 6A5,800 Block MAY ST N, TBPS] ROBBERY NO WEAPONS - SUSP STILL IN AREA,Robbery,ROBBERY
TB24019156,"05/13/2024, 3:35:59 AM","05/13/2024, 1:04:25 PM",THUNDER BAY,ON,P7A 4L8,1 Block CUMBERLAND ST N, TBPS] THEFT SUSP STILL PRESENT OR MAY BE IN AREA,Other Theft,THEFT
TB24019158,"05/13/2024, 3:49:28 AM","05/13/2024, 1:04:25 PM",THUNDER BAY,ON,P7C 5V4,100 Block MAY ST N, TBPS] DRUG OFFENCES SUSP PRESENT OR MAY STILL BE IN AREA,Quality of Life,DRUG OFFENCES
TB24019096,"05/12/2024, 7:39:02 PM","05/13/2024, 1:04:26 PM",THUNDER BAY,ON,P7B 7C6,900 Block CARRICK ST," TBPS] THEFT IN PROGRESS, OVER 50000",Other Theft,THEFT
TB24019098,"05/12/2024, 8:03:50 PM","05/13/2024, 1:04:26 PM",THUNDER BAY,ON,P7E 5N4,1400 Block ARTHUR ST E," TBPS] THEFT NOT IN PROGRESS, FROM MOTOR VEHICLE",Theft from Vehicle,THEFT
TB24019151,"05/13/2024, 3:19:44 AM","05/13/2024, 1:04:26 PM",THUNDER BAY,ON,P7E 1E6,SYNDICATE AV S AND DUNCAN ST, TBPS] ASSAULT SUSP PRESENT OR IN AREA,Assault,ASSAULT
TB24019159,"05/13/2024, 3:56:01 AM","05/13/2024, 1:04:26 PM",THUNDER BAY,ON,P7E 1P7,700 Block NORAH ST S, TBPS] MOTOR VEHICLE COLLISION MVC NO INJURIES,Traffic,MOTOR VEHICLE COLLISION
TB24019024,"05/12/2024, 4:40:41 AM","05/13/2024, 1:04:27 PM",THUNDER BAY,ON,P7A 4Z6,1 Block ALGOMA ST N, TBPS] ASSAULT ACCUSED NOT PRESENT,Assault,ASSAULT
TB24019060,"05/12/2024, 11:13:33 AM","05/13/2024, 1:04:27 PM",THUNDER BAY,ON,P7E 5R8,600 Block ARTHUR ST W, TBPS] ASSAULT SUSP PRESENT OR IN AREA,Assault,ASSAULT
TB24019075,"05/12/2024, 5:01:00 PM","05/13/2024, 1:04:27 PM",THUNDER BAY,ON,P7E 4Y8,FRANKLIN ST S AND MOODIE ST E, TBPS] MOTOR VEHICLE COLLISION MVC NO INJURIES,Traffic,MOTOR VEHICLE COLLISION
TB24019022,"05/12/2024, 4:32:08 AM","05/13/2024, 1:04:28 PM",THUNDER BAY,ON,P7C 3M3,400 Block PRINCE ARTHUR BLVD, TBPS] ASSAULT ACCUSED NOT PRESENT,Assault,ASSAULT
TB24019043,"05/12/2024, 7:40:19 AM","05/13/2024, 1:04:28 PM",THUNDER BAY,ON,.,WILLIAM ST AND BALMORAL ST, TBPS] MOTOR VEHICLE COLLISION MVC NO INJURIES,Traffic,MOTOR VEHICLE COLLISION
TB24019285,"05/13/2024, 11:32:50 PM","05/14/2024, 1:08:37 PM",THUNDER BAY,ON,P7A 5M6,1 Block BALSAM ST, TBPS] THEFT SUSP STILL PRESENT OR MAY BE IN AREA,Other Theft,THEFT
TB24019297,"05/14/2024, 1:13:52 AM","05/14/2024, 1:08:38 PM",THUNDER BAY,ON,P7E 2E4,600 Block GREY ST, TBPS] B-E BUS/RES/OTH SUSP PRESENT OR MAY STILL BE IN AREA,Breaking & Entering,B-E BUS/RES/OTH
TB24019307,"05/14/2024, 2:22:08 AM","05/14/2024, 1:08:40 PM",THUNDER BAY,ON,P7C 2Y1,500 Block MCBAIN ST, TBPS] ASSAULT SUSP PRESENT OR IN AREA,Assault,ASSAULT
TB24019311,"05/14/2024, 2:35:32 AM","05/14/2024, 1:08:40 PM",THUNDER BAY,ON,P7A 8C5,500 Block ALGOMA ST N, TBPS] TROUBLE WITH YOUTH YOUTHS STILL IN AREA,Quality of Life,TROUBLE WITH YOUTH
TB24019083,"05/12/2024, 6:28:02 PM","05/14/2024, 1:08:41 PM",THUNDER BAY,ON,P7E 1R2,200 Block FRANKLIN ST S, TBPS] ASSAULT ACCUSED NOT PRESENT,Assault,ASSAULT
TB24019314,"05/14/2024, 2:38:33 AM","05/14/2024, 1:08:41 PM",THUNDER BAY,ON,P7E 5S2,1100 Block ARTHUR ST W, TBPS] MOTOR VEHICLE COLLISION MVC NO INJURIES,Traffic,MOTOR VEHICLE COLLISION
TB24019321,"05/14/2024, 3:18:06 AM","05/14/2024, 1:08:42 PM",THUNDER BAY,ON,P7B 5E1,900 Block OLIVER RD, TBPS] MOTOR VEHICLE COLLISION 11-10 MVC ANY TYPE,Other,MOTOR VEHICLE COLLISION
TB24019335,"05/14/2024, 6:54:35 AM","05/14/2024, 1:08:44 PM",THUNDER BAY,ON,P7G 1E3,400 Block JAMESON ST, TBPS] MOTOR VEHICLE COLLISION MVC - AMB ENR - DUAL RESP,Other,MOTOR VEHICLE COLLISION
TB24018876,"05/11/2024, 3:56:05 AM","05/14/2024, 1:08:51 PM",THUNDER BAY,ON,P7B 3Z8,700 Block MEMORIAL AV, TBPS] MOTOR VEHICLE COLLISION 11-10 MVC ANY TYPE,Other,MOTOR VEHICLE COLLISION
TB24019176,"05/13/2024, 5:50:50 AM","05/14/2024, 1:08:57 PM",THUNDER BAY,ON,P7C,1 Block LIMBRICK ST, TBPS] ASSAULT SUSP PRESENT OR IN AREA,Assault,ASSAULT
TB24019194,"05/13/2024, 2:21:12 PM","05/14/2024, 1:09:00 PM",THUNDER BAY,ON,P7B 3V8,300 Block HILL ST S," TBPS] THEFT NOT IN PROGRESS, UNDER 5000",Other Theft,THEFT
TB24019195,"05/13/2024, 2:51:51 PM","05/14/2024, 1:09:01 PM",THUNDER BAY,ON,P7B 5Z5,1200 Block BALMORAL ST, TBPS] MOTOR VEHICLE COLLISION MVC NO INJURIES,Traffic,MOTOR VEHICLE COLLISION
TB24019207,"05/13/2024, 3:50:03 PM","05/14/2024, 1:09:03 PM",THUNDER BAY,ON,P7E 2V9,700 Block JAMES ST S, TBPS] ASSAULT ACCUSED NOT PRESENT,Assault,ASSAULT
TB24019212,"05/13/2024, 4:17:52 PM","05/14/2024, 1:09:05 PM",THUNDER BAY,ON,P7E 5M8,900 Block ARTHUR ST E, TBPS] MOTOR VEHICLE COLLISION 11-10 MVC ANY TYPE,Other,MOTOR VEHICLE COLLISION
TB24019216,"05/13/2024, 4:30:23 PM","05/14/2024, 1:09:06 PM",THUNDER BAY,ON,P7B 2E4,500 Block HARTLAND ST, TBPS] MOTOR VEHICLE COLLISION 11-10 MVC ANY TYPE,Other,MOTOR VEHICLE COLLISION
TB24019219,"05/13/2024, 4:44:09 PM","05/14/2024, 1:09:07 PM",THUNDER BAY,ON,P7E 5H1,EDWARD ST S AND PINEDALE PL, TBPS] MOTOR VEHICLE COLLISION 11-10 MVC ANY TYPE,Other,MOTOR VEHICLE COLLISION
TB24019234,"05/13/2024, 6:26:38 PM","05/14/2024, 1:09:12 PM",THUNDER BAY,ON,P7B 5L6,300 Block MAIN ST, TBPS] MOTOR VEHICLE COLLISION 11-10 MVC ANY TYPE,Other,MOTOR VEHICLE COLLISION
TB24019240,"05/13/2024, 6:46:51 PM","05/14/2024, 1:09:15 PM",THUNDER BAY,ON,P7B 4X3,200 Block CLARKSON ST S, TBPS] B-E BUS/RES/OTH SUSP PRESENT OR MAY STILL BE IN AREA,Breaking & Entering,B-E BUS/RES/OTH
TB24019246,"05/13/2024, 7:26:12 PM","05/14/2024, 1:09:16 PM",THUNDER BAY,ON,P7E 6B3,500 Block THORNDALE CR," TBPS] THEFT NOT IN PROGRESS, FROM MOTOR VEHICLE",Theft from Vehicle,THEFT
TB24019257,"05/13/2024, 8:29:23 PM","05/14/2024, 1:09:19 PM",THUNDER BAY,ON,P7B,OLIVER RD AND THUNDER BAY EXPRESSWAY, TBPS] MOTOR VEHICLE COLLISION 11-10 MVC ANY TYPE,Other,MOTOR VEHICLE COLLISION
TB24019260,"05/13/2024, 8:40:15 PM","05/14/2024, 1:09:20 PM",THUNDER BAY,ON,P7J 1E8,2300 Block 61 HWY, TBPS] MOTOR VEHICLE COLLISION 11-10 MVC ANY TYPE,Other,MOTOR VEHICLE COLLISION
TB24019262,"05/13/2024, 8:44:38 PM","05/14/2024, 1:09:21 PM",THUNDER BAY,ON,P7B 7A4,1100 Block OLIVER RD, TBPS] MOTOR VEHICLE COLLISION 11-10 MVC ANY TYPE,Other,MOTOR VEHICLE COLLISION
TB24019264,"05/13/2024, 9:17:12 PM","05/14/2024, 1:09:21 PM",THUNDER BAY,ON,P7E 1E3,300 Block SYNDICATE AV S, TBPS] ASSAULT SUSP PRESENT OR IN AREA,Assault,ASSAULT
TB24019042,"05/12/2024, 7:31:49 AM","05/15/2024, 1:07:42 PM",THUNDER BAY,ON,P7C 2P4,200 Block ROWAND ST," TBPS] MISCHIEF 11-10, MICHIEF OVER 5000",Other Property Crime,MISCHIEF
TB24019434,"05/14/2024, 10:47:49 PM","05/15/2024, 1:07:43 PM",THUNDER BAY,ON,P7A 4K8,1000 Block DAWSON RD, TBPS] ASSAULT ACCUSED NOT PRESENT,Assault,ASSAULT
TB24019439,"05/14/2024, 11:11:03 PM","05/15/2024, 1:07:43 PM",THUNDER BAY,ON,P7G 1N2,1200 Block CENTRAL AV," TBPS] THEFT NOT IN PROGRESS, UNDER 5000",Other Theft,THEFT
TB24019445,"05/14/2024, 11:50:09 PM","05/15/2024, 1:07:43 PM",THUNDER BAY,ON,P7B 5L6,300 Block MAIN ST, TBPS] THEFT SUSP STILL PRESENT OR MAY BE IN AREA,Other Theft,THEFT
TB24019457,"05/15/2024, 1:51:02 AM","05/15/2024, 1:07:43 PM",THUNDER BAY,ON,P7B 2S4,800 Block FORT WILLIAM RD, TBPS] INDECENT ACTS SUSP PRESENT OR MAY STILL BE IN AREA,Sexual Offense,INDECENT ACTS
TB24019459,"05/15/2024, 1:59:27 AM","05/15/2024, 1:07:43 PM",THUNDER BAY,ON,P7C 1N7,200 Block CUMMING ST, TBPS] B-E BUS/RES/OTH SUSP PRESENT OR MAY STILL BE IN AREA,Breaking & Entering,B-E BUS/RES/OTH
TB24019468,"05/15/2024, 3:50:59 AM","05/15/2024, 1:07:43 PM",THUNDER BAY,ON,P7C 3B6,600 Block MCLAUGHLIN ST, TBPS] ASSAULT SUSP PRESENT OR IN AREA,Assault,ASSAULT
TB24019471,"05/15/2024, 4:05:53 AM","05/15/2024, 1:07:43 PM",THUNDER BAY,ON,P7A 4K8,1 Block CUMBERLAND ST N, TBPS] ASSAULT SUSP PRESENT OR IN AREA,Assault,ASSAULT
TB24019474,"05/15/2024, 4:34:30 AM","05/15/2024, 1:07:43 PM",THUNDER BAY,ON,P7C 3S5,MAY ST N AND CUMMING ST, TBPS] ASSAULT SUSP PRESENT OR IN AREA,Assault,ASSAULT
TB24019480,"05/15/2024, 5:12:28 AM","05/15/2024, 1:07:43 PM",THUNDER BAY,ON,P7E 5S2,1100 Block ARTHUR ST W," TBPS] MISCHIEF IP/SUSP IN AREA, UNDER 5,000",Other Property Crime,MISCHIEF
TB24019486,"05/15/2024, 5:32:36 AM","05/15/2024, 1:07:43 PM",THUNDER BAY,ON,P7B 2X5,100 Block COURT ST S, TBPS] ASSAULT SUSP PRESENT OR IN AREA,Assault,ASSAULT
TB24019427,"05/14/2024, 10:07:35 PM","05/15/2024, 1:07:44 PM",THUNDER BAY,ON,P7C 3L4,MCKENZIE ST AND ROWAND ST, TBPS] DRUG OFFENCES SUSP PRESENT OR MAY STILL BE IN AREA,Quality of Life,DRUG OFFENCES
TB24019441,"05/14/2024, 11:35:42 PM","05/15/2024, 1:07:44 PM",THUNDER BAY,ON,P7B 5K2,JOHN ST AND SEQUOIA ST, TBPS] DRUG OFFENCES SUSP PRESENT OR MAY STILL BE IN AREA,Quality of Life,DRUG OFFENCES
TB24019448,"05/15/2024, 12:04:32 AM","05/15/2024, 1:07:44 PM",THUNDER BAY,ON,P7E 2B9,FORD ST S AND AMELIA ST E, TBPS] MOTOR VEHICLE COLLISION MVC NO INJURIES,Traffic,MOTOR VEHICLE COLLISION
TB24019473,"05/15/2024, 4:27:19 AM","05/15/2024, 1:07:44 PM",THUNDER BAY,ON,P7B 2X2,MANITOU ST AND COURT ST S," TBPS] ASSAULT JUST OCCURRED, ACCUSED NOT PRESENT",Assault,ASSAULT
TB24019388,"05/14/2024, 6:36:45 PM","05/15/2024, 1:07:45 PM",THUNDER BAY,ON,P7C 5T8,900 Block SIMPSON ST, TBPS] ASSAULT SUSP PRESENT OR IN AREA,Assault,ASSAULT
TB24019393,"05/14/2024, 7:05:39 PM","05/15/2024, 1:07:45 PM",THUNDER BAY,ON,P7B 5R8,100 Block CUMBERLAND ST S, TBPS] DRUG OFFENCES SUSP PRESENT OR MAY STILL BE IN AREA,Quality of Life,DRUG OFFENCES
TB24019396,"05/14/2024, 7:28:32 PM","05/15/2024, 1:07:45 PM",THUNDER BAY,ON,P7C 6B2,300 Block COUGAR CR, TBPS] MOTOR VEHICLE COLLISION MVC NO INJURIES,Traffic,MOTOR VEHICLE COLLISION
TB24019410,"05/14/2024, 8:40:42 PM","05/15/2024, 1:07:45 PM",THUNDER BAY,ON,P7G 1C3,200 Block PIONEER DR," TBPS] THEFT NOT IN PROGRESS, UNDER 5000",Other Theft,THEFT
TB24019413,"05/14/2024, 8:50:43 PM","05/15/2024, 1:07:45 PM",THUNDER BAY,ON,P7B 0B5,BALMORAL ST AND BEVERLY ST, TBPS] MOTOR VEHICLE COLLISION 11-10 MVC ANY TYPE,Other,MOTOR VEHICLE COLLISION
TB24019418,"05/14/2024, 9:18:16 PM","05/15/2024, 1:07:45 PM",THUNDER BAY,ON,P7E 1R2,200 Block FRANKLIN ST S, TBPS] ASSAULT ACCUSED NOT PRESENT,Assault,ASSAULT
TB24019370,"05/14/2024, 4:46:07 PM","05/15/2024, 1:07:46 PM",THUNDER BAY,ON,P7E 5R2,ARTHUR ST W AND JAMES ST S, TBPS] MOTOR VEHICLE COLLISION MVC NO INJURIES,Traffic,MOTOR VEHICLE COLLISION
TB24019374,"05/14/2024, 5:16:29 PM","05/15/2024, 1:07:46 PM",THUNDER BAY,ON,P7C 0A2,800 Block VICTORIA AV E," TBPS] THEFT IN PROGRESS, OVER 50000",Other Theft,THEFT
TB24019377,"05/14/2024, 5:24:19 PM","05/15/2024, 1:07:46 PM",THUNDER BAY,ON,P7E 5P7,100 Block ARTHUR ST W, TBPS] MOTOR VEHICLE COLLISION MVC NO INJURIES,Traffic,MOTOR VEHICLE COLLISION
TB24019398,"05/14/2024, 7:38:18 PM","05/15/2024, 1:07:46 PM",THUNDER BAY,ON,P7E 1N9,400 Block NORAH ST S, TBPS] B-E BUS/RES/OTH 11-10,Breaking & Entering,B-E BUS/RES/OTH
TB24019405,"05/14/2024, 8:05:20 PM","05/15/2024, 1:07:46 PM",THUNDER BAY,ON,P7E 2L8,100 Block MARY ST W, TBPS] DRUG OFFENCES SUSP PRESENT OR MAY STILL BE IN AREA,Quality of Life,DRUG OFFENCES
TB24019412,"05/14/2024, 8:46:42 PM","05/15/2024, 1:07:46 PM",THUNDER BAY,ON,P7G 1S4,OLIVER RD AND GRATTON RD, TBPS] MOTOR VEHICLE COLLISION 11-10 MVC ANY TYPE,Other,MOTOR VEHICLE COLLISION
TB24019420,"05/14/2024, 9:24:24 PM","05/15/2024, 1:07:46 PM",THUNDER BAY,ON,P7A 2W4,HURON AV AND HUDSON AV, TBPS] MOTOR VEHICLE COLLISION MVC - AMB ENR - DUAL RESP,Other,MOTOR VEHICLE COLLISION
TB24019344,"05/14/2024, 9:14:17 AM","05/15/2024, 1:07:47 PM",THUNDER BAY,ON,P7E 3V7,100 Block FREDERICA ST W, TBPS] ASSAULT SUSP PRESENT OR IN AREA,Assault,ASSAULT
TB24019358,"05/14/2024, 3:41:47 PM","05/15/2024, 1:07:47 PM",THUNDER BAY,ON,P7B 6S2,700 Block MEMORIAL AV, TBPS] MOTOR VEHICLE COLLISION 11-10 MVC ANY TYPE,Other,MOTOR VEHICLE COLLISION
TB24019365,"05/14/2024, 3:55:26 PM","05/15/2024, 1:07:47 PM",THUNDER BAY,ON,J4Y 0K7,500 Block ARTHUR ST W, TBPS] MOTOR VEHICLE COLLISION 11-10 MVC ANY TYPE,Other,MOTOR VEHICLE COLLISION
TB24019366,"05/14/2024, 4:01:28 PM","05/15/2024, 1:07:47 PM",THUNDER BAY,ON,P7E 2S4,400 Block SHAMROCK CR, TBPS] MOTOR VEHICLE COLLISION 11-10 MVC ANY TYPE,Other,MOTOR VEHICLE COLLISION
TB24019368,"05/14/2024, 4:11:00 PM","05/15/2024, 1:07:47 PM",THUNDER BAY,ON,P7A 6A2,1 Block ROCKWOOD AV N, TBPS] B-E BUS/RES/OTH 11-10,Breaking & Entering,B-E BUS/RES/OTH
TB24019373,"05/14/2024, 5:14:45 PM","05/15/2024, 1:07:47 PM",THUNDER BAY,ON,P7A 5C1,CLAVET ST AND ALGOMA ST N, TBPS] MOTOR VEHICLE COLLISION 11-10 MVC ANY TYPE,Other,MOTOR VEHICLE COLLISION
TB24019360,"05/14/2024, 3:46:54 PM","05/15/2024, 1:07:48 PM",THUNDER BAY,ON,P7E,WALSH ST E AND TARBUTT ST S, TBPS] MOTOR VEHICLE COLLISION 11-10 MVC ANY TYPE,Other,MOTOR VEHICLE COLLISION
TB24019364,"05/14/2024, 3:51:52 PM","05/15/2024, 1:07:48 PM",THUNDER BAY,ON,P7B 1K2,JUNOT AV N AND RED RIVER RD, TBPS] MOTOR VEHICLE COLLISION 11-10 MVC ANY TYPE,Other,MOTOR VEHICLE COLLISION
TB24019125,"05/13/2024, 12:18:55 AM","05/16/2024, 1:03:25 PM",THUNDER BAY,ON,P7G 0A3,800 Block WOODCREST RD, TBPS] ASSAULT ACCUSED NOT PRESENT,Assault,ASSAULT
TB24019628,"05/16/2024, 2:20:57 AM","05/16/2024, 1:03:25 PM",THUNDER BAY,ON,P7B 5E3,1000 Block DAWSON RD, TBPS] THEFT SUSP STILL PRESENT OR MAY BE IN AREA,Other Theft,THEFT
TB24019664,"05/16/2024, 7:02:00 AM","05/16/2024, 1:03:25 PM",THUNDER BAY,ON,P7B 6V4,900 Block OLIVER RD, TBPS] LIQUOR LICENCE ACT LIQUOR LICENCE ACT VIOLATION IN PROGRESS,Quality of Life,LIQUOR LICENCE ACT
TB24019593,"05/15/2024, 10:02:03 PM","05/16/2024, 1:03:26 PM",THUNDER BAY,ON,P7A 3R8,500 Block RIVER ST, TBPS] ASSAULT SUSP PRESENT OR IN AREA,Assault,ASSAULT
TB24019611,"05/16/2024, 12:22:06 AM","05/16/2024, 1:03:26 PM",THUNDER BAY,ON,P7A 6G4,1 Block WISHART CR, TBPS] ASSAULT ACCUSED PRESENT,Assault,ASSAULT
TB24019613,"05/16/2024, 12:40:13 AM","05/16/2024, 1:03:26 PM",THUNDER BAY,ON,P7B 5N5,200 Block RAVENWOOD AV, TBPS] THEFT SUSP STILL PRESENT OR MAY BE IN AREA,Other Theft,THEFT
TB24019631,"05/16/2024, 2:50:42 AM","05/16/2024, 1:03:26 PM",THUNDER BAY,ON,P7B 6B9,1000 Block FORT WILLIAM RD, TBPS] ASSAULT SUSP PRESENT OR IN AREA,Assault,ASSAULT
TB24019635,"05/16/2024, 3:32:28 AM","05/16/2024, 1:03:26 PM",THUNDER BAY,ON,P7E 1H6,200 Block MCKELLAR ST S, TBPS] ROBBERY NO WEAPONS - SUSP STILL IN AREA,Robbery,ROBBERY
TB24019643,"05/16/2024, 4:16:39 AM","05/16/2024, 1:03:26 PM",THUNDER BAY,ON,P7C 3S6,200 Block BRODIE ST N, TBPS] LIQUOR LICENCE ACT LIQUOR LICENCE ACT VIOLATION IN PROGRESS,Quality of Life,LIQUOR LICENCE ACT
TB24019567,"05/15/2024, 6:58:22 PM","05/16/2024, 1:03:27 PM",THUNDER BAY,ON,.,MAIN ST AND ISLAND DR, TBPS] MOTOR VEHICLE COLLISION MVC - AMB ENR - DUAL RESP,Other,MOTOR VEHICLE COLLISION
TB24019571,"05/15/2024, 7:14:46 PM","05/16/2024, 1:03:27 PM",THUNDER BAY,ON,P7B 2Z2,300 Block FORT WILLIAM RD," TBPS] THEFT IN PROGRESS, OVER 50000",Other Theft,THEFT
TB24019574,"05/15/2024, 7:28:54 PM","05/16/2024, 1:03:27 PM",THUNDER BAY,ON,P7B 2Z2,300 Block FORT WILLIAM RD, TBPS] THEFT SUSP STILL PRESENT OR MAY BE IN AREA,Other Theft,THEFT
TB24019589,"05/15/2024, 9:39:44 PM","05/16/2024, 1:03:27 PM",THUNDER BAY,ON,P7B 3A6,900 Block FORT WILLIAM RD, TBPS] LIQUOR LICENCE ACT LIQUOR LICENCE ACT VIOLATION IN PROGRESS,Quality of Life,LIQUOR LICENCE ACT
TB24019596,"05/15/2024, 10:33:57 PM","05/16/2024, 1:03:27 PM",THUNDER BAY,ON,P7B 2Z2,300 Block FORT WILLIAM RD, TBPS] THEFT SUSP STILL PRESENT OR MAY BE IN AREA,Other Theft,THEFT
TB24019598,"05/15/2024, 10:38:40 PM","05/16/2024, 1:03:27 PM",THUNDER BAY,ON,P7B 1Z7,700 Block JOHN ST," TBPS] MISCHIEF IP/SUSP IN AREA, UNDER 5,000",Other Property Crime,MISCHIEF
TB24019601,"05/15/2024, 11:12:41 PM","05/16/2024, 1:03:27 PM",THUNDER BAY,ON,P7E 1E6,500 Block SYNDICATE AV S, TBPS] MOTOR VEHICLE COLLISION MVC NO INJURIES,Traffic,MOTOR VEHICLE COLLISION
TB24019607,"05/15/2024, 11:42:38 PM","05/16/2024, 1:03:27 PM",THUNDER BAY,ON,P7E 1C9,DONALD ST E AND SYNDICATE AV S, TBPS] MOTOR VEHICLE COLLISION MVC - AMB ENR - DUAL RESP,Other,MOTOR VEHICLE COLLISION
TB24019540,"05/15/2024, 4:13:37 PM","05/16/2024, 1:03:28 PM",THUNDER BAY,ON,P7B 5T1,100 Block VALLEY ST, TBPS] STOLEN VEHICLE SUSP NOT IN AREA,Theft of Vehicle,STOLEN VEHICLE
TB24019550,"05/15/2024, 4:51:39 PM","05/16/2024, 1:03:28 PM",THUNDER BAY,ON,P7E 6H2,200 Block AMELIA ST W," TBPS] THEFT NOT IN PROGRESS, UNDER 5000",Other Theft,THEFT
TB24019554,"05/15/2024, 5:18:40 PM","05/16/2024, 1:03:28 PM",THUNDER BAY,ON,P7C 4H7,100 Block FRANKLIN ST N," TBPS] THEFT NOT IN PROGRESS, UNDER 5000",Other Theft,THEFT
TB24019592,"05/15/2024, 9:56:00 PM","05/16/2024, 1:03:28 PM",THUNDER BAY,ON,P7C 5N2,700 Block JAMES ST N, TBPS] LIQUOR LICENCE ACT LIQUOR LICENCE ACT VIOLATION IN PROGRESS,Quality of Life,LIQUOR LICENCE ACT
TB24019505,"05/15/2024, 10:00:29 AM","05/16/2024, 1:03:29 PM",THUNDER BAY,ON,P7B 2Y3,1 Block MACHAR AV, TBPS] MISCHIEF NIP GRAFFITTI,Other Property Crime,MISCHIEF
TB24019520,"05/15/2024, 2:53:01 PM","05/16/2024, 1:03:29 PM",THUNDER BAY,ON,P7E 5R8,600 Block ARTHUR ST W, TBPS] MOTOR VEHICLE COLLISION MVC NO INJURIES,Traffic,MOTOR VEHICLE COLLISION
TB24019527,"05/15/2024, 3:08:17 PM","05/16/2024, 1:03:29 PM",THUNDER BAY,ON,P7B 6S2,700 Block MEMORIAL AV, TBPS] MOTOR VEHICLE COLLISION 11-10 MVC ANY TYPE,Other,MOTOR VEHICLE COLLISION
TB24019528,"05/15/2024, 3:21:08 PM","05/16/2024, 1:03:29 PM",THUNDER BAY,ON,P7B 6S2,700 Block MEMORIAL AV, TBPS] MOTOR VEHICLE COLLISION 11-10 MVC ANY TYPE,Other,MOTOR VEHICLE COLLISION
TB24019529,"05/15/2024, 3:31:02 PM","05/16/2024, 1:03:29 PM",THUNDER BAY,ON,P7B 5L6,300 Block MAIN ST, TBPS] MOTOR VEHICLE COLLISION 11-10 MVC ANY TYPE,Other,MOTOR VEHICLE COLLISION
TB24019530,"05/15/2024, 3:31:04 PM","05/16/2024, 1:03:29 PM",THUNDER BAY,ON,P7E 6H2,200 Block AMELIA ST W, TBPS] ROBBERY NO WEAPONS - SUSP STILL IN AREA,Robbery,ROBBERY
TB24019532,"05/15/2024, 3:36:14 PM","05/16/2024, 1:03:29 PM",THUNDER BAY,ON,P7C,EDWARD ST N AND REDWOOD AV E, TBPS] MOTOR VEHICLE COLLISION 11-10 MVC ANY TYPE,Other,MOTOR VEHICLE COLLISION
TB24019533,"05/15/2024, 3:43:22 PM","05/16/2024, 1:03:29 PM",THUNDER BAY,ON,P7E 5V7,1100 Block LINCOLN ST, TBPS] DRUG OFFENCES SUSP PRESENT OR MAY STILL BE IN AREA,Quality of Life,DRUG OFFENCES
TB24019536,"05/15/2024, 3:59:11 PM","05/16/2024, 1:03:29 PM",THUNDER BAY,ON,P7E 2A6,600 Block KINGSWAY," TBPS] MISCHIEF 11-10, MICHIEF UNDER 5000",Other Property Crime,MISCHIEF
TB24019545,"05/15/2024, 4:34:03 PM","05/16/2024, 1:03:29 PM",THUNDER BAY,ON,P7B 4R9,100 Block KENOGAMI AV S," TBPS] THEFT NOT IN PROGRESS, FROM MOTOR VEHICLE",Theft from Vehicle,THEFT
TB24019523,"05/15/2024, 3:03:38 PM","05/16/2024, 1:03:30 PM",THUNDER BAY,ON,P7G 1H9,1400 Block JOHN ST. RD, TBPS] MOTOR VEHICLE COLLISION 11-10 MVC ANY TYPE,Other,MOTOR VEHICLE COLLISION
TB24019539,"05/15/2024, 4:13:18 PM","05/16/2024, 1:03:30 PM",THUNDER BAY,ON,P7B,MEMORIAL AV AND CENTRAL AV, TBPS] MOTOR VEHICLE COLLISION 11-10 MVC ANY TYPE,Other,MOTOR VEHICLE COLLISION
TB24019796,"05/17/2024, 3:51:32 AM","05/17/2024, 1:08:15 PM",THUNDER BAY,ON,P7B 3A6,900 Block FORT WILLIAM RD," TBPS] THEFT NOT IN PROGRESS, UNDER 5000",Other Theft,THEFT
TB24019798,"05/17/2024, 4:12:25 AM","05/17/2024, 1:08:15 PM",THUNDER BAY,ON,P7C 5A7,500 Block MCGILL CR," TBPS] THEFT NOT IN PROGRESS, FROM MOTOR VEHICLE",Theft from Vehicle,THEFT
TB24019802,"05/17/2024, 4:41:06 AM","05/17/2024, 1:08:15 PM",THUNDER BAY,ON,P7B 7C6,900 Block CARRICK ST, TBPS] THEFT SUSP STILL PRESENT OR MAY BE IN AREA,Other Theft,THEFT
TB24019804,"05/17/2024, 5:00:52 AM","05/17/2024, 1:08:15 PM",THUNDER BAY,ON,P7E 5S2,1100 Block ARTHUR ST W, TBPS] THEFT SUSP STILL PRESENT OR MAY BE IN AREA,Other Theft,THEFT
TB24019810,"05/17/2024, 5:32:21 AM","05/17/2024, 1:08:15 PM",THUNDER BAY,ON,P7B 6S2,700 Block MEMORIAL AV, TBPS] THEFT SUSP STILL PRESENT OR MAY BE IN AREA,Other Theft,THEFT
TB24019812,"05/17/2024, 5:46:22 AM","05/17/2024, 1:08:15 PM",THUNDER BAY,ON,P7B 3Z5,700 Block MEMORIAL AV, TBPS] ROBBERY NO WEAPONS - SUSP STILL IN AREA,Robbery,ROBBERY
TB24019772,"05/17/2024, 12:43:41 AM","05/17/2024, 1:08:16 PM",THUNDER BAY,ON,P7C 2N4,300 Block OGDEN ST, TBPS] B-E BUS/RES/OTH SUSP PRESENT OR MAY STILL BE IN AREA,Breaking & Entering,B-E BUS/RES/OTH
TB24019808,"05/17/2024, 5:25:10 AM","05/17/2024, 1:08:16 PM",THUNDER BAY,ON,P7C 2N9,300 Block ROBERTSON ST," TBPS] MISCHIEF 11-10, MICHIEF UNDER 5000",Other Property Crime,MISCHIEF
TB24019711,"05/16/2024, 5:20:34 PM","05/17/2024, 1:08:17 PM",THUNDER BAY,ON,P7B 6B9,FORT WILLIAM RD AND ISABEL ST, TBPS] MOTOR VEHICLE COLLISION 11-10 MVC ANY TYPE,Other,MOTOR VEHICLE COLLISION
TB24019720,"05/16/2024, 6:11:59 PM","05/17/2024, 1:08:17 PM",THUNDER BAY,ON,P7E 6L5,1100 Block ARTHUR ST W, TBPS] LIQUOR LICENCE ACT LIQUOR LICENCE ACT VIOLATION IN PROGRESS,Quality of Life,LIQUOR LICENCE ACT
TB24019729,"05/16/2024, 8:18:52 PM","05/17/2024, 1:08:17 PM",THUNDER BAY,ON,P7B 5J2,300 Block VISTA LN, TBPS] MOTOR VEHICLE COLLISION 11-10 MVC ANY TYPE,Other,MOTOR VEHICLE COLLISION
TB24019739,"05/16/2024, 9:18:16 PM","05/17/2024, 1:08:17 PM",THUNDER BAY,ON,P7B 3A6,900 Block FORT WILLIAM RD, TBPS] ROBBERY NO WEAPONS - SUSP STILL IN AREA,Robbery,ROBBERY
TB24019741,"05/16/2024, 9:23:11 PM","05/17/2024, 1:08:17 PM",THUNDER BAY,ON,P7A 6G7,100 Block STARDUST CR," TBPS] THEFT NOT IN PROGRESS, UNDER 5000",Other Theft,THEFT
TB24019757,"05/16/2024, 10:56:10 PM","05/17/2024, 1:08:17 PM",THUNDER BAY,ON,P7E 2X8,1300 Block CENTRE AV, TBPS] B-E BUS/RES/OTH SUSP PRESENT OR MAY STILL BE IN AREA,Breaking & Entering,B-E BUS/RES/OTH
TB24019697,"05/16/2024, 3:32:52 PM","05/17/2024, 1:08:18 PM",THUNDER BAY,ON,P7E 2A6,300 Block KINGSWAY, TBPS] MOTOR VEHICLE COLLISION 11-10 MVC ANY TYPE,Other,MOTOR VEHICLE COLLISION
TB24019708,"05/16/2024, 5:06:17 PM","05/17/2024, 1:08:18 PM",THUNDER BAY,ON,P7B 6S2,700 Block MEMORIAL AV, TBPS] MOTOR VEHICLE COLLISION 11-10 MVC ANY TYPE,Other,MOTOR VEHICLE COLLISION
TB24019710,"05/16/2024, 5:20:13 PM","05/17/2024, 1:08:18 PM",THUNDER BAY,ON,P7E 5R2,400 Block ARTHUR ST W, TBPS] ASSAULT ACCUSED NOT PRESENT,Assault,ASSAULT
TB24019719,"05/16/2024, 6:04:47 PM","05/17/2024, 1:08:18 PM",THUNDER BAY,ON,P7A 4W6,COURT ST N AND MCINTYRE ST, TBPS] MOTOR VEHICLE COLLISION MVC - AMB ENR - DUAL RESP,Other,MOTOR VEHICLE COLLISION
TB24019721,"05/16/2024, 6:21:06 PM","05/17/2024, 1:08:18 PM",THUNDER BAY,ON,P7E 1E1,100 Block SYNDICATE AV S, TBPS] MOTOR VEHICLE COLLISION 11-10 MVC ANY TYPE,Other,MOTOR VEHICLE COLLISION
TB24019681,"05/16/2024, 11:24:12 AM","05/17/2024, 1:08:19 PM",THUNDER BAY,ON,P7C 2J3,700 Block DEASE ST, TBPS] MOTOR VEHICLE COLLISION MVC NO INJURIES,Traffic,MOTOR VEHICLE COLLISION
TB24019685,"05/16/2024, 12:19:12 PM","05/17/2024, 1:08:19 PM",THUNDER BAY,ON,P7C 3C9,500 Block MCDONALD ST, TBPS] MOTOR VEHICLE COLLISION MVC NO INJURIES,Traffic,MOTOR VEHICLE COLLISION
TB24019692,"05/16/2024, 2:58:55 PM","05/17/2024, 1:08:19 PM",THUNDER BAY,ON,P7E 2V9,700 Block JAMES ST S, TBPS] MOTOR VEHICLE COLLISION 11-10 MVC ANY TYPE,Other,MOTOR VEHICLE COLLISION
TB24019694,"05/16/2024, 3:14:41 PM","05/17/2024, 1:08:19 PM",THUNDER BAY,ON,P7C 3L6,800 Block SPRING ST, TBPS] MOTOR VEHICLE COLLISION 11-10 MVC ANY TYPE,Other,MOTOR VEHICLE COLLISION
TB24019705,"05/16/2024, 4:33:49 PM","05/17/2024, 1:08:19 PM",THUNDER BAY,ON,P7G 1R7,JOHN ST. RD AND MAPLEWARD RD, TBPS] MOTOR VEHICLE COLLISION 11-10 MVC ANY TYPE,Other,MOTOR VEHICLE COLLISION
TB24019669,"05/16/2024, 7:57:25 AM","05/17/2024, 1:08:20 PM",THUNDER BAY,ON,P7C 4G1,1100 Block CAMERON ST," TBPS] MISCHIEF IP/SUSP IN AREA, UNDER 5,000",Other Property Crime,MISCHIEF
TB24019595,"05/15/2024, 10:33:18 PM","05/18/2024, 1:07:39 PM",THUNDER BAY,ON,P7A 2K6,200 Block MACDOUGALL ST, TBPS] ASSAULT ACCUSED NOT PRESENT,Assault,ASSAULT
TB24019609,"05/16/2024, 12:09:14 AM","05/18/2024, 1:07:39 PM",THUNDER BAY,ON,P7E 5V7,1100 Block LINCOLN ST," TBPS] THEFT NOT IN PROGRESS, UNDER 5000",Other Theft,THEFT
TB24019917,"05/18/2024, 12:40:08 AM","05/18/2024, 1:07:41 PM",THUNDER BAY,ON,P7B 5L6,300 Block MAIN ST," TBPS] THEFT IN PROGRESS, OVER 50000",Other Theft,THEFT
TB24019931,"05/18/2024, 2:45:13 AM","05/18/2024, 1:07:41 PM",THUNDER BAY,ON,P7B 6S2,700 Block MEMORIAL AV, TBPS] LIQUOR LICENCE ACT LIQUOR LICENCE ACT VIOLATION IN PROGRESS,Quality of Life,LIQUOR LICENCE ACT
TB24019932,"05/18/2024, 3:03:43 AM","05/18/2024, 1:07:41 PM",THUNDER BAY,ON,P7A 6E8,1 Block CLARKSON ST N," TBPS] THEFT NOT IN PROGRESS, UNDER 5000",Other Theft,THEFT
TB24019937,"05/18/2024, 3:52:40 AM","05/18/2024, 1:07:41 PM",THUNDER BAY,ON,P7C 4R6,100 Block SHERBROOKE ST, TBPS] LIQUOR LICENCE ACT LIQUOR LICENCE ACT VIOLATION IN PROGRESS,Quality of Life,LIQUOR LICENCE ACT
TB24019938,"05/18/2024, 3:55:54 AM","05/18/2024, 1:07:41 PM",THUNDER BAY,ON,P7B 5L6,300 Block MAIN ST, TBPS] THEFT SUSP STILL PRESENT OR MAY BE IN AREA,Other Theft,THEFT
TB24019876,"05/17/2024, 7:56:38 PM","05/18/2024, 1:07:42 PM",THUNDER BAY,ON,P7C 3R2,300 Block MAY ST N, TBPS] ASSAULT ACCUSED NOT PRESENT,Assault,ASSAULT
TB24019882,"05/17/2024, 8:33:18 PM","05/18/2024, 1:07:42 PM",THUNDER BAY,ON,P7E 5R8,1000 Block ARTHUR ST W, TBPS] LIQUOR LICENCE ACT LIQUOR LICENCE ACT VIOLATION IN PROGRESS,Quality of Life,LIQUOR LICENCE ACT
TB24019888,"05/17/2024, 9:06:24 PM","05/18/2024, 1:07:42 PM",THUNDER BAY,ON,P7B 5L6,300 Block MAIN ST, TBPS] THEFT SUSP STILL PRESENT OR MAY BE IN AREA,Other Theft,THEFT
TB24019899,"05/17/2024, 10:38:47 PM","05/18/2024, 1:07:42 PM",THUNDER BAY,ON,P7B 6B9,1000 Block FORT WILLIAM RD," TBPS] THEFT NOT IN PROGRESS, UNDER 5000",Other Theft,THEFT
TB24019922,"05/18/2024, 1:03:12 AM","05/18/2024, 1:07:42 PM",THUNDER BAY,ON,P7E 3Z2,1600 Block FREDERICA ST W, TBPS] TRESPASS AT NIGHT SUSP NOT IN AREA - REPORTED AFTER THE FA,Other Property Crime,TRESPASS AT NIGHT
TB24019928,"05/18/2024, 2:37:28 AM","05/18/2024, 1:07:42 PM",THUNDER BAY,ON,P7C 2H6,100 Block DEASE ST, TBPS] LIQUOR LICENCE ACT LIQUOR LICENCE ACT VIOLATION IN PROGRESS,Quality of Life,LIQUOR LICENCE ACT
TB24019942,"05/18/2024, 4:08:14 AM","05/18/2024, 1:07:42 PM",THUNDER BAY,ON,P7B,HILLDALE RD AND DAWSON RD, TBPS] MOTOR VEHICLE COLLISION MVC NO INJURIES,Traffic,MOTOR VEHICLE COLLISION
TB24019846,"05/17/2024, 4:26:50 PM","05/18/2024, 1:07:43 PM",THUNDER BAY,ON,P7E 1C9,DONALD ST E AND SYNDICATE AV S, TBPS] DRUG OFFENCES SUSP PRESENT OR MAY STILL BE IN AREA,Quality of Life,DRUG OFFENCES
TB24019850,"05/17/2024, 4:35:31 PM","05/18/2024, 1:07:43 PM",THUNDER BAY,ON,P7B 4A2,900 Block MEMORIAL AV, TBPS] ASSAULT SUSP PRESENT OR IN AREA,Assault,ASSAULT
TB24019851,"05/17/2024, 4:51:07 PM","05/18/2024, 1:07:43 PM",THUNDER BAY,ON,P7B 3Z8,700 Block MEMORIAL AV, TBPS] LIQUOR LICENCE ACT LIQUOR LICENCE ACT VIOLATION IN PROGRESS,Quality of Life,LIQUOR LICENCE ACT
TB24019872,"05/17/2024, 7:48:02 PM","05/18/2024, 1:07:43 PM",THUNDER BAY,ON,P7C 3R2,300 Block MAY ST N, TBPS] ASSAULT SUSP PRESENT OR IN AREA,Assault,ASSAULT
TB24019873,"05/17/2024, 7:50:46 PM","05/18/2024, 1:07:43 PM",THUNDER BAY,ON,P7B 7C6,900 Block CARRICK ST, TBPS] THEFT SUSP STILL PRESENT OR MAY BE IN AREA,Other Theft,THEFT
TB24019874,"05/17/2024, 7:51:07 PM","05/18/2024, 1:07:43 PM",THUNDER BAY,ON,P7C 0A3,100 Block BRODIE ST N, TBPS] MOTOR VEHICLE COLLISION 11-10 MVC ANY TYPE,Other,MOTOR VEHICLE COLLISION
TB24019884,"05/17/2024, 8:40:42 PM","05/18/2024, 1:07:43 PM",THUNDER BAY,ON,P7C 2A3,100 Block KENSINGTON DR," TBPS] THEFT NOT IN PROGRESS, UNDER 5000",Other Theft,THEFT
TB24019862,"05/17/2024, 6:41:38 PM","05/18/2024, 1:07:44 PM",THUNDER BAY,ON,P7B 2A2,800 Block JOHN ST, TBPS] STOLEN VEHICLE SUSP NOT IN AREA,Theft of Vehicle,STOLEN VEHICLE
TB24019870,"05/17/2024, 7:41:42 PM","05/18/2024, 1:07:44 PM",THUNDER BAY,ON,P7B 6V4,900 Block OLIVER RD," TBPS] MISCHIEF 11-10, MICHIEF UNDER 5000",Other Property Crime,MISCHIEF
TB24019875,"05/17/2024, 7:52:41 PM","05/18/2024, 1:07:44 PM",THUNDER BAY,ON,P7A 5L5,100 Block PROSPECT AV, TBPS] TRESPASS AT NIGHT SUSP NOT IN AREA - REPORTED AFTER THE FA,Other Property Crime,TRESPASS AT NIGHT
TB24019880,"05/17/2024, 8:25:03 PM","05/18/2024, 1:07:44 PM",THUNDER BAY,ON,P7C 1E7,2600 Block VICTORIA AV E," TBPS] THEFT NOT IN PROGRESS, UNDER 5000",Other Theft,THEFT
TB24019820,"05/17/2024, 9:00:05 AM","05/18/2024, 1:07:45 PM",THUNDER BAY,ON,P7B 5K5,1100 Block MEMORIAL AV, TBPS] ROBBERY NO WEAPONS - SUSP STILL IN AREA,Robbery,ROBBERY
TB24020057,"05/19/2024, 1:03:20 AM","05/19/2024, 1:05:53 PM",THUNDER BAY,ON,P7A 4T8,1 Block COURT ST N, TBPS] THEFT SUSP STILL PRESENT OR MAY BE IN AREA,Other Theft,THEFT
TB24020090,"05/19/2024, 4:58:08 AM","05/19/2024, 1:05:53 PM",THUNDER BAY,ON,P7B 6S2,700 Block MEMORIAL AV, TBPS] ROBBERY NO WEAPONS - SUSP STILL IN AREA,Robbery,ROBBERY
TB24020096,"05/19/2024, 5:21:07 AM","05/19/2024, 1:05:53 PM",THUNDER BAY,ON,P7E 1G6,300 Block ARCHIBALD ST S, TBPS] MOTOR VEHICLE COLLISION MVC NO INJURIES,Traffic,MOTOR VEHICLE COLLISION
TB24020105,"05/19/2024, 6:39:51 AM","05/19/2024, 1:05:53 PM",THUNDER BAY,ON,P7C 3V4,100 Block ARCHIBALD ST N, TBPS] ASSAULT SUSP PRESENT OR IN AREA,Assault,ASSAULT
TB24020066,"05/19/2024, 2:30:50 AM","05/19/2024, 1:05:54 PM",THUNDER BAY,ON,P7A 5M6,1 Block BALSAM ST, TBPS] THEFT SUSP STILL PRESENT OR MAY BE IN AREA,Other Theft,THEFT
TB24020082,"05/19/2024, 4:10:34 AM","05/19/2024, 1:05:54 PM",THUNDER BAY,ON,P7G 1M9,2200 Block GRANITE RD," TBPS] THEFT NOT IN PROGRESS, UNDER 5000",Other Theft,THEFT
TB24020031,"05/18/2024, 9:12:57 PM","05/19/2024, 1:05:54 PM",THUNDER BAY,ON,P7A,1 Block NORTH WATER ST, TBPS] ASSAULT SUSP PRESENT OR IN AREA,Assault,ASSAULT
TB24020035,"05/18/2024, 9:53:30 PM","05/19/2024, 1:05:54 PM",THUNDER BAY,ON,P7A 4L9,100 Block CUMBERLAND ST N, TBPS] ASSAULT ACCUSED NOT PRESENT,Assault,ASSAULT
TB24020040,"05/18/2024, 10:18:10 PM","05/19/2024, 1:05:54 PM",THUNDER BAY,ON,.,BROADWAY AV, TBPS] MOTOR VEHICLE COLLISION MVC NO INJURIES,Traffic,MOTOR VEHICLE COLLISION
TB24020041,"05/18/2024, 10:30:49 PM","05/19/2024, 1:05:54 PM",THUNDER BAY,ON,P7C 3V8,200 Block SYNDICATE AV N," TBPS] THEFT NOT IN PROGRESS, UNDER 5000",Other Theft,THEFT
TB24020043,"05/18/2024, 10:43:03 PM","05/19/2024, 1:05:54 PM",THUNDER BAY,ON,P7B 5J4,1000 Block DAWSON RD, TBPS] LIQUOR LICENCE ACT LIQUOR LICENCE ACT VIOLATION IN PROGRESS,Quality of Life,LIQUOR LICENCE ACT
TB24020005,"05/18/2024, 5:00:56 PM","05/19/2024, 1:05:55 PM",THUNDER BAY,ON,P7E 4X6,1400 Block WALSH ST W, TBPS] DRUG OFFENCES SUSP PRESENT OR MAY STILL BE IN AREA,Quality of Life,DRUG OFFENCES
TB24020015,"05/18/2024, 6:14:47 PM","05/19/2024, 1:05:55 PM",THUNDER BAY,ON,P7C 1E3,2000 Block VICTORIA AV E," TBPS] MISCHIEF 11-10, MICHIEF UNDER 5000",Other Property Crime,MISCHIEF
TB24020030,"05/18/2024, 9:11:47 PM","05/19/2024, 1:05:55 PM",THUNDER BAY,ON,P7C 2K8,200 Block FINLAYSON ST, TBPS] ASSAULT SUSP PRESENT OR IN AREA,Assault,ASSAULT
TB24019981,"05/18/2024, 11:16:17 AM","05/19/2024, 1:05:56 PM",THUNDER BAY,ON,P7E 5V7,1100 Block LINCOLN ST, TBPS] ASSAULT SUSP PRESENT OR IN AREA,Assault,ASSAULT
TB24019984,"05/18/2024, 11:46:14 AM","05/19/2024, 1:05:56 PM",THUNDER BAY,ON,P7E 5H5,800 Block RIDGEWAY ST E, TBPS] B-E BUS/RES/OTH SUSP PRESENT OR MAY STILL BE IN AREA,Breaking & Entering,B-E BUS/RES/OTH
TB24019962,"05/18/2024, 8:07:24 AM","05/19/2024, 1:05:57 PM",THUNDER BAY,ON,P7A 1R4,300 Block RONA ST, TBPS] ASSAULT ACCUSED PRESENT,Assault,ASSAULT
TB24020176,"05/19/2024, 10:35:34 PM","05/20/2024, 1:04:08 PM",THUNDER BAY,ON,P7J,600 Block CITY RD, TBPS] MOTOR VEHICLE COLLISION MVC INJURIES FIRE NOT REQ,Traffic,MOTOR VEHICLE COLLISION
TB24020181,"05/19/2024, 11:52:12 PM","05/20/2024, 1:04:09 PM",THUNDER BAY,ON,.,100 Block PEARL ST, TBPS] LIQUOR LICENCE ACT LIQUOR LICENCE ACT VIOLATION IN PROGRESS,Quality of Life,LIQUOR LICENCE ACT
TB24020182,"05/20/2024, 12:00:33 AM","05/20/2024, 1:04:09 PM",THUNDER BAY,ON,P7B 3A6,900 Block FORT WILLIAM RD, TBPS] LIQUOR LICENCE ACT LIQUOR LICENCE ACT VIOLATION IN PROGRESS,Quality of Life,LIQUOR LICENCE ACT
TB24020183,"05/20/2024, 12:00:42 AM","05/20/2024, 1:04:09 PM",THUNDER BAY,ON,P7A 5P7,300 Block MADELINE ST, TBPS] TROUBLE WITH YOUTH YOUTHS STILL IN AREA,Quality of Life,TROUBLE WITH YOUTH
TB24019934,"05/18/2024, 3:29:39 AM","05/20/2024, 1:04:11 PM",THUNDER BAY,ON,P7E 6H2,200 Block AMELIA ST W, TBPS] B-E BUS/RES/OTH 11-10,Breaking & Entering,B-E BUS/RES/OTH
TB24020196,"05/20/2024, 1:18:40 AM","05/20/2024, 1:04:12 PM",THUNDER BAY,ON,P7C 2G5,300 Block BETHUNE ST, TBPS] LIQUOR LICENCE ACT LIQUOR LICENCE ACT VIOLATION IN PROGRESS,Quality of Life,LIQUOR LICENCE ACT
TB24020197,"05/20/2024, 1:46:24 AM","05/20/2024, 1:04:12 PM",THUNDER BAY,ON,P7A 4L2,1 Block CUMBERLAND ST N, TBPS] ASSAULT SUSP PRESENT OR IN AREA,Assault,ASSAULT
TB24020214,"05/20/2024, 3:50:32 AM","05/20/2024, 1:04:15 PM",THUNDER BAY,ON,P7B 7C6,900 Block CARRICK ST, TBPS] THEFT SUSP STILL PRESENT OR MAY BE IN AREA,Other Theft,THEFT
TB24020215,"05/20/2024, 4:14:59 AM","05/20/2024, 1:04:15 PM",THUNDER BAY,ON,P7C 3R1,300 Block MAY ST N, TBPS] ASSAULT SUSP PRESENT OR IN AREA,Assault,ASSAULT
TB24020221,"05/20/2024, 5:15:32 AM","05/20/2024, 1:04:16 PM",THUNDER BAY,ON,P7G 1B6,600 Block VIENNA ST, TBPS] ASSAULT SUSP PRESENT OR IN AREA,Assault,ASSAULT
TB24020122,"05/19/2024, 12:43:15 PM","05/20/2024, 1:04:38 PM",THUNDER BAY,ON,P7B 5Z5,1200 Block BALMORAL ST," TBPS] THEFT NOT IN PROGRESS, UNDER 5000",Other Theft,THEFT
TB24020124,"05/19/2024, 1:40:45 PM","05/20/2024, 1:04:39 PM",THUNDER BAY,ON,P7A 1S6,200 Block STRATHCONA AV, TBPS] LIQUOR LICENCE ACT LIQUOR LICENCE ACT VIOLATION IN PROGRESS,Quality of Life,LIQUOR LICENCE ACT
TB24020137,"05/19/2024, 4:16:56 PM","05/20/2024, 1:04:41 PM",THUNDER BAY,ON,P7E 5V3,500 Block DONALD ST E, TBPS] DRUG OFFENCES SUSP PRESENT OR MAY STILL BE IN AREA,Quality of Life,DRUG OFFENCES
TB24020149,"05/19/2024, 6:29:56 PM","05/20/2024, 1:04:44 PM",THUNDER BAY,ON,P7E,1100 Block DONALD ST E, TBPS] ASSAULT ACCUSED NOT PRESENT,Assault,ASSAULT
TB24020155,"05/19/2024, 7:37:22 PM","05/20/2024, 1:04:45 PM",THUNDER BAY,ON,P0T 2G0,900 Block MUD LAKE RD, TBPS] MOTOR VEHICLE COLLISION MVC NO INJURIES,Traffic,MOTOR VEHICLE COLLISION
TB24020158,"05/19/2024, 8:06:08 PM","05/20/2024, 1:04:45 PM",THUNDER BAY,ON,P7E 5N3,1300 Block ARTHUR ST E, TBPS] ASSAULT SUSP PRESENT OR IN AREA,Assault,ASSAULT
TB24020169,"05/19/2024, 9:59:51 PM","05/20/2024, 1:04:47 PM",THUNDER BAY,ON,P7C 2H8,300 Block DEASE ST, TBPS] DRUG OFFENCES SUSP PRESENT OR MAY STILL BE IN AREA,Quality of Life,DRUG OFFENCES
TB24020009,"05/18/2024, 5:30:37 PM","05/21/2024, 1:05:25 PM",THUNDER BAY,ON,P7E,1100 Block DONALD ST E," TBPS] MISCHIEF 11-10, MICHIEF UNDER 5000",Other Property Crime,MISCHIEF
TB24020297,"05/20/2024, 9:11:10 PM","05/21/2024, 1:07:37 PM",THUNDER BAY,ON,P7B 5Z5,1200 Block BALMORAL ST," TBPS] THEFT NOT IN PROGRESS, FROM MOTOR VEHICLE",Theft from Vehicle,THEFT
TB24020316,"05/20/2024, 11:39:44 PM","05/21/2024, 1:07:41 PM",THUNDER BAY,ON,P7C 3H6,200 Block SIMPSON ST," TBPS] MISCHIEF 11-10, MICHIEF UNDER 5000",Other Property Crime,MISCHIEF
TB24020320,"05/20/2024, 11:55:32 PM","05/21/2024, 1:07:41 PM",THUNDER BAY,ON,P7C 1E7,2600 Block VICTORIA AV E," TBPS] THEFT NOT IN PROGRESS, UNDER 5000",Other Theft,THEFT
TB24020323,"05/21/2024, 12:06:35 AM","05/21/2024, 1:07:42 PM",THUNDER BAY,ON,P7B 4Y7,100 Block BLUCHER AV," TBPS] THEFT NOT IN PROGRESS, FROM MOTOR VEHICLE",Theft from Vehicle,THEFT
TB24020329,"05/21/2024, 1:29:37 AM","05/21/2024, 1:07:42 PM",THUNDER BAY,ON,P7B 2G3,300 Block OLIVER RD, TBPS] THEFT SUSP STILL PRESENT OR MAY BE IN AREA,Other Theft,THEFT
TB24020330,"05/21/2024, 1:48:08 AM","05/21/2024, 1:07:43 PM",THUNDER BAY,ON,P7B 2G3,300 Block OLIVER RD, TBPS] THEFT SUSP STILL PRESENT OR MAY BE IN AREA,Other Theft,THEFT
TB24020334,"05/21/2024, 2:14:59 AM","05/21/2024, 1:07:43 PM",THUNDER BAY,ON,P7B 1N7,300 Block DUFFERIN ST, TBPS] B-E BUS/RES/OTH SUSP PRESENT OR MAY STILL BE IN AREA,Breaking & Entering,B-E BUS/RES/OTH
TB24020339,"05/21/2024, 3:45:59 AM","05/21/2024, 1:07:44 PM",THUNDER BAY,ON,P7B 1K3,800 Block RED RIVER RD, TBPS] MOTOR VEHICLE COLLISION MVC NO INJURIES,Traffic,MOTOR VEHICLE COLLISION
TB24020340,"05/21/2024, 3:53:07 AM","05/21/2024, 1:07:44 PM",THUNDER BAY,ON,P7C 1H8,500 Block RIVERVIEW DR W, TBPS] LIQUOR LICENCE ACT LIQUOR LICENCE ACT VIOLATION IN PROGRESS,Quality of Life,LIQUOR LICENCE ACT
TB24020232,"05/20/2024, 7:11:23 AM","05/21/2024, 1:08:07 PM",THUNDER BAY,ON,P7G 1R7,JOHN ST. RD AND MAPLEWARD RD, TBPS] MOTOR VEHICLE COLLISION MVC NO INJURIES,Traffic,MOTOR VEHICLE COLLISION
TB24020237,"05/20/2024, 8:08:59 AM","05/21/2024, 1:08:08 PM",THUNDER BAY,ON,P7E 5V7,1100 Block LINCOLN ST, TBPS] ASSAULT SUSP PRESENT OR IN AREA,Assault,ASSAULT
TB24020239,"05/20/2024, 9:01:15 AM","05/21/2024, 1:08:08 PM",THUNDER BAY,ON,P7A 1V5,500 Block HODDER AV," TBPS] MISCHIEF IP/SUSP IN AREA, UNDER 5,000",Other Property Crime,MISCHIEF
TB24020249,"05/20/2024, 11:32:57 AM","05/21/2024, 1:08:10 PM",THUNDER BAY,ON,P7B 1N7,300 Block DUFFERIN ST," TBPS] MISCHIEF 11-10, MICHIEF UNDER 5000",Other Property Crime,MISCHIEF
TB24020256,"05/20/2024, 2:36:33 PM","05/21/2024, 1:08:11 PM",THUNDER BAY,ON,P7E 6N7,1500 Block JAMES ST S, TBPS] THEFT SUSP STILL PRESENT OR MAY BE IN AREA,Other Theft,THEFT
TB24020258,"05/20/2024, 2:57:16 PM","05/21/2024, 1:08:11 PM",THUNDER BAY,ON,P7E 1J2,100 Block VICKERS ST S, TBPS] ASSAULT SUSP PRESENT OR IN AREA,Assault,ASSAULT
TB24020276,"05/20/2024, 6:04:38 PM","05/21/2024, 1:08:14 PM",THUNDER BAY,ON,P7E 1L4,600 Block CATHERINE ST, TBPS] ASSAULT ACCUSED NOT PRESENT,Assault,ASSAULT
TB24020280,"05/20/2024, 6:45:46 PM","05/21/2024, 1:08:14 PM",THUNDER BAY,ON,P7B 1R8,200 Block BAY ST," TBPS] THEFT NOT IN PROGRESS, UNDER 5000",Other Theft,THEFT
TB24020281,"05/20/2024, 6:47:42 PM","05/21/2024, 1:08:14 PM",THUNDER BAY,ON,P7B 4J3,1 Block TRILLIUM WAY, TBPS] B-E BUS/RES/OTH SUSP PRESENT OR MAY STILL BE IN AREA,Breaking & Entering,B-E BUS/RES/OTH
TB24020284,"05/20/2024, 7:28:49 PM","05/21/2024, 1:08:15 PM",THUNDER BAY,ON,P7B 2G3,300 Block OLIVER RD, TBPS] THEFT SUSP STILL PRESENT OR MAY BE IN AREA,Other Theft,THEFT
TB24020643,"05/22/2024, 10:50:14 PM","05/23/2024, 1:07:19 PM",THUNDER BAY,ON,P7E 5S2,1100 Block ARTHUR ST W, TBPS] LIQUOR LICENCE ACT LIQUOR LICENCE ACT VIOLATION IN PROGRESS,Quality of Life,LIQUOR LICENCE ACT
TB24020648,"05/22/2024, 11:25:35 PM","05/23/2024, 1:07:20 PM",THUNDER BAY,ON,P7B 3A6,900 Block FORT WILLIAM RD, TBPS] ASSAULT SUSP PRESENT OR IN AREA,Assault,ASSAULT
TB24020650,"05/22/2024, 11:33:38 PM","05/23/2024, 1:07:20 PM",THUNDER BAY,ON,P7A 4T8,1 Block COURT ST N, TBPS] SHOPLIFT IN CUSTODY - NO PROBLEMS,Theft,SHOPLIFT
TB24020655,"05/23/2024, 12:04:43 AM","05/23/2024, 1:07:21 PM",THUNDER BAY,ON,P7C 4R3,600 Block EDWARD ST N, TBPS] MOTOR VEHICLE COLLISION MVC NO INJURIES,Traffic,MOTOR VEHICLE COLLISION
TB24020656,"05/23/2024, 12:05:50 AM","05/23/2024, 1:07:21 PM",THUNDER BAY,ON,P7B 3A7,RED RIVER RD AND ALGOMA ST N, TBPS] MOTOR VEHICLE COLLISION MVC - AMB ENR - DUAL RESP,Other,MOTOR VEHICLE COLLISION
TB24020663,"05/23/2024, 12:46:37 AM","05/23/2024, 1:07:22 PM",THUNDER BAY,ON,P7E 6H2,200 Block AMELIA ST W, TBPS] B-E BUS/RES/OTH SUSP PRESENT OR MAY STILL BE IN AREA,Breaking & Entering,B-E BUS/RES/OTH
TB24020664,"05/23/2024, 1:00:28 AM","05/23/2024, 1:07:22 PM",THUNDER BAY,ON,P7B 5Z5,1200 Block BALMORAL ST," TBPS] THEFT NOT IN PROGRESS, UNDER 5000",Other Theft,THEFT
TB24020683,"05/23/2024, 4:21:13 AM","05/23/2024, 1:07:25 PM",THUNDER BAY,ON,P7E 5V3,500 Block DONALD ST E, TBPS] MISCHIEF IP PROGRESS/SUPECT IN AREA,Other Property Crime,MISCHIEF
TB24020688,"05/23/2024, 4:49:30 AM","05/23/2024, 1:07:26 PM",THUNDER BAY,ON,P7B 6S2,700 Block MEMORIAL AV, TBPS] THEFT SUSP STILL PRESENT OR MAY BE IN AREA,Other Theft,THEFT
TB24020692,"05/23/2024, 5:33:46 AM","05/23/2024, 1:07:26 PM",THUNDER BAY,ON,P7E 6H2,200 Block AMELIA ST W," TBPS] THEFT IN PROGRESS, OVER 50000",Other Theft,THEFT
TB24020558,"05/22/2024, 2:35:42 PM","05/23/2024, 1:07:40 PM",THUNDER BAY,ON,P7E 2M6,1400 Block BROWN ST, TBPS] MOTOR VEHICLE COLLISION 11-10 MVC ANY TYPE,Other,MOTOR VEHICLE COLLISION
TB24020560,"05/22/2024, 2:40:21 PM","05/23/2024, 1:07:40 PM",THUNDER BAY,ON,P7B 3Z9,800 Block MEMORIAL AV, TBPS] MOTOR VEHICLE COLLISION 11-10 MVC ANY TYPE,Other,MOTOR VEHICLE COLLISION
TB24020561,"05/22/2024, 2:44:46 PM","05/23/2024, 1:07:40 PM",THUNDER BAY,ON,P7E 1G6,300 Block ARCHIBALD ST S, TBPS] MOTOR VEHICLE COLLISION 11-10 MVC ANY TYPE,Other,MOTOR VEHICLE COLLISION
TB24020568,"05/22/2024, 4:22:35 PM","05/23/2024, 1:07:42 PM",THUNDER BAY,ON,P7A 4T3,1 Block COURT ST N, TBPS] MOTOR VEHICLE COLLISION 11-10 MVC ANY TYPE,Other,MOTOR VEHICLE COLLISION
TB24020571,"05/22/2024, 4:34:25 PM","05/23/2024, 1:07:42 PM",THUNDER BAY,ON,P7B 6N7,JASPER DR AND BALMORAL ST, TBPS] MOTOR VEHICLE COLLISION 11-10 MVC ANY TYPE,Other,MOTOR VEHICLE COLLISION
TB24020586,"05/22/2024, 5:59:21 PM","05/23/2024, 1:07:44 PM",THUNDER BAY,ON,P7B 2T3,1 Block CUMBERLAND ST S, TBPS] MOTOR VEHICLE COLLISION 11-10 MVC ANY TYPE,Other,MOTOR VEHICLE COLLISION
TB24020589,"05/22/2024, 6:17:23 PM","05/23/2024, 1:07:45 PM",THUNDER BAY,ON,P7B,CENTRAL AV AND FORT WILLIAM RD, TBPS] MOTOR VEHICLE COLLISION 11-10 MVC ANY TYPE,Other,MOTOR VEHICLE COLLISION
TB24020602,"05/22/2024, 7:32:57 PM","05/23/2024, 1:07:48 PM",THUNDER BAY,ON,P7A 7T8,300 Block ADELAIDE ST, TBPS] STOLEN VEHICLE SUSP NOT IN AREA,Theft of Vehicle,STOLEN VEHICLE
TB24020604,"05/22/2024, 7:35:48 PM","05/23/2024, 1:07:49 PM",THUNDER BAY,ON,P7B 2Z2,300 Block FORT WILLIAM RD, TBPS] THEFT SUSP STILL PRESENT OR MAY BE IN AREA,Other Theft,THEFT
TB24020605,"05/22/2024, 7:40:26 PM","05/23/2024, 1:07:49 PM",THUNDER BAY,ON,P7B 1M9,200 Block WILSON ST, TBPS] B-E BUS/RES/OTH SUSP PRESENT OR MAY STILL BE IN AREA,Breaking & Entering,B-E BUS/RES/OTH
TB24020606,"05/22/2024, 7:41:26 PM","05/23/2024, 1:07:49 PM",THUNDER BAY,ON,P7B 5L6,300 Block MAIN ST, TBPS] SHOPLIFT IN CUSTODY - NO PROBLEMS,Theft,SHOPLIFT
TB24020607,"05/22/2024, 7:54:01 PM","05/23/2024, 1:07:50 PM",THUNDER BAY,ON,P7E 1R2,200 Block FRANKLIN ST S, TBPS] ASSAULT ACCUSED NOT PRESENT,Assault,ASSAULT
TB24020608,"05/22/2024, 7:55:53 PM","05/23/2024, 1:07:50 PM",THUNDER BAY,ON,P7E 5R2,JAMES ST S AND ARTHUR ST W, TBPS] MOTOR VEHICLE COLLISION 11-10 MVC ANY TYPE,Other,MOTOR VEHICLE COLLISION
TB24020611,"05/22/2024, 8:15:38 PM","05/23/2024, 1:07:51 PM",THUNDER BAY,ON,P7B 1K3,900 Block RED RIVER RD, TBPS] SHOPLIFT IN CUSTODY - NO PROBLEMS,Theft,SHOPLIFT
TB24020616,"05/22/2024, 8:53:05 PM","05/23/2024, 1:07:53 PM",THUNDER BAY,ON,P7E 1C6,100 Block SYNDICATE AV S, TBPS] ASSAULT SUSP PRESENT OR IN AREA,Assault,ASSAULT
TB24020626,"05/22/2024, 9:47:52 PM","05/23/2024, 1:07:56 PM",THUNDER BAY,ON,P7B 5L6,300 Block MAIN ST, TBPS] THEFT SUSP STILL PRESENT OR MAY BE IN AREA,Other Theft,THEFT
TB24020802,"05/24/2024, 12:45:42 AM","05/24/2024, 1:08:15 PM",THUNDER BAY,ON,P7A 4K8,1000 Block DAWSON RD, TBPS] LIQUOR LICENCE ACT LIQUOR LICENCE ACT VIOLATION IN PROGRESS,Quality of Life,LIQUOR LICENCE ACT
TB24020819,"05/24/2024, 2:46:53 AM","05/24/2024, 1:08:15 PM",THUNDER BAY,ON,P7B 5L6,300 Block MAIN ST, TBPS] THEFT SUSP STILL PRESENT OR MAY BE IN AREA,Other Theft,THEFT
TB24020821,"05/24/2024, 3:04:34 AM","05/24/2024, 1:08:15 PM",THUNDER BAY,ON,P7E 2V3,500 Block ARTHUR ST W, TBPS] MOTOR VEHICLE COLLISION MVC NO INJURIES,Traffic,MOTOR VEHICLE COLLISION
TB24020824,"05/24/2024, 3:27:16 AM","05/24/2024, 1:08:15 PM",THUNDER BAY,ON,P7E 5S2,1100 Block ARTHUR ST W, TBPS] ASSAULT SUSP PRESENT OR IN AREA,Assault,ASSAULT
TB24020829,"05/24/2024, 3:52:40 AM","05/24/2024, 1:08:15 PM",THUNDER BAY,ON,P7E 2C5,600 Block WATERLOO ST S, TBPS] ROBBERY NO WEAPONS - SUSP STILL IN AREA,Robbery,ROBBERY
TB24020796,"05/23/2024, 11:53:22 PM","05/24/2024, 1:08:16 PM",THUNDER BAY,ON,P7C 4G7,400 Block RIVER RD, TBPS] ASSAULT SUSP PRESENT OR IN AREA,Assault,ASSAULT
TB24020839,"05/24/2024, 6:09:35 AM","05/24/2024, 1:08:16 PM",THUNDER BAY,ON,P7C 2N1,200 Block OGDEN ST, TBPS] STOLEN VEHICLE SUSP NOT IN AREA,Theft of Vehicle,STOLEN VEHICLE
TB24020754,"05/23/2024, 6:28:35 PM","05/24/2024, 1:08:17 PM",THUNDER BAY,ON,P7B,FORT WILLIAM RD AND MAIN ST, TBPS] MOTOR VEHICLE COLLISION 11-10 MVC ANY TYPE,Other,MOTOR VEHICLE COLLISION
TB24020761,"05/23/2024, 7:19:32 PM","05/24/2024, 1:08:17 PM",THUNDER BAY,ON,P7A 4T8,1 Block COURT ST N, TBPS] SHOPLIFT IN CUSTODY - NO PROBLEMS,Theft,SHOPLIFT
TB24020777,"05/23/2024, 9:32:09 PM","05/24/2024, 1:08:17 PM",THUNDER BAY,ON,P7B 2G4,OLIVER RD AND HILL ST S, TBPS] MOTOR VEHICLE COLLISION MVC NO INJURIES,Traffic,MOTOR VEHICLE COLLISION
TB24020778,"05/23/2024, 9:44:03 PM","05/24/2024, 1:08:17 PM",THUNDER BAY,ON,P7E 6H2,200 Block AMELIA ST W, TBPS] LIQUOR LICENCE ACT LIQUOR LICENCE ACT VIOLATION IN PROGRESS,Quality of Life,LIQUOR LICENCE ACT
TB24020780,"05/23/2024, 9:50:57 PM","05/24/2024, 1:08:17 PM",THUNDER BAY,ON,P7B 7A5,1000 Block OLIVER RD, TBPS] MOTOR VEHICLE COLLISION MVC NO INJURIES,Traffic,MOTOR VEHICLE COLLISION
TB24020785,"05/23/2024, 10:19:31 PM","05/24/2024, 1:08:17 PM",THUNDER BAY,ON,P7B 4A1,900 Block MEMORIAL AV, TBPS] ROBBERY NO WEAPONS - SUSP STILL IN AREA,Robbery,ROBBERY
TB24020709,"05/23/2024, 11:16:04 AM","05/24/2024, 1:08:18 PM",THUNDER BAY,ON,P7E,1100 Block DONALD ST E, TBPS] ASSAULT SUSP PRESENT OR IN AREA,Assault,ASSAULT
TB24020714,"05/23/2024, 1:26:36 PM","05/24/2024, 1:08:18 PM",THUNDER BAY,ON,P7B 4Y7,100 Block BLUCHER AV, TBPS] ARSON 11-10 ARSON,Other Property Crime,ARSON
TB24020725,"05/23/2024, 3:13:08 PM","05/24/2024, 1:08:18 PM",THUNDER BAY,ON,P7E 6L5,1100 Block ARTHUR ST W, TBPS] MOTOR VEHICLE COLLISION 11-10 MVC ANY TYPE,Other,MOTOR VEHICLE COLLISION
TB24020738,"05/23/2024, 5:04:11 PM","05/24/2024, 1:08:18 PM",THUNDER BAY,ON,P7E,1100 Block DONALD ST E, TBPS] ASSAULT ACCUSED NOT PRESENT,Assault,ASSAULT
TB24020743,"05/23/2024, 5:29:41 PM","05/24/2024, 1:08:18 PM",THUNDER BAY,ON,P7C 3C5,600 Block MCTAVISH ST, TBPS] B-E BUS/RES/OTH 11-10,Breaking & Entering,B-E BUS/RES/OTH
TB24020765,"05/23/2024, 7:25:52 PM","05/24/2024, 1:08:18 PM",THUNDER BAY,ON,P7E 4K9,MARY ST W AND HEATH ST, TBPS] MOTOR VEHICLE COLLISION 11-10 MVC ANY TYPE,Other,MOTOR VEHICLE COLLISION
TB24020772,"05/23/2024, 8:40:05 PM","05/24/2024, 1:08:18 PM",THUNDER BAY,ON,P7E 3N5,700 Block CONFEDERATION DR, TBPS] MOTOR VEHICLE COLLISION 11-10 MVC ANY TYPE,Other,MOTOR VEHICLE COLLISION
TB24020695,"05/23/2024, 6:11:57 AM","05/24/2024, 1:08:19 PM",THUNDER BAY,ON,P7B 6V4,900 Block OLIVER RD, TBPS] ASSAULT SUSP PRESENT OR IN AREA,Assault,ASSAULT
TB24020722,"05/23/2024, 2:47:34 PM","05/24/2024, 1:08:19 PM",THUNDER BAY,ON,P7E 5R2,JAMES ST S AND ARTHUR ST W, TBPS] MOTOR VEHICLE COLLISION 11-10 MVC ANY TYPE,Other,MOTOR VEHICLE COLLISION
TB24020724,"05/23/2024, 3:02:00 PM","05/24/2024, 1:08:19 PM",THUNDER BAY,ON,P7B 4L9,1 Block ENNISKILLEN AV, TBPS] MOTOR VEHICLE COLLISION 11-10 MVC ANY TYPE,Other,MOTOR VEHICLE COLLISION
TB24020928,"05/24/2024, 9:36:00 PM","05/25/2024, 1:08:54 PM",THUNDER BAY,ON,P7E 5R5,500 Block ARTHUR ST W, TBPS] ASSAULT SUSP PRESENT OR IN AREA,Assault,ASSAULT
TB24020938,"05/24/2024, 10:51:42 PM","05/25/2024, 1:08:56 PM",THUNDER BAY,ON,P7B 6B9,1000 Block FORT WILLIAM RD, TBPS] ASSAULT SUSP PRESENT OR IN AREA,Assault,ASSAULT
TB24020939,"05/24/2024, 10:56:29 PM","05/25/2024, 1:08:56 PM",THUNDER BAY,ON,P7B 6S2,700 Block MEMORIAL AV, TBPS] THEFT SUSP STILL PRESENT OR MAY BE IN AREA,Other Theft,THEFT
TB24020953,"05/24/2024, 11:49:16 PM","05/25/2024, 1:08:58 PM",THUNDER BAY,ON,P7C,UNIVERSITY DR AND KENSINGTON DR, TBPS] MOTOR VEHICLE COLLISION MVC - AMB ENR - DUAL RESP,Other,MOTOR VEHICLE COLLISION
TB24020958,"05/25/2024, 12:06:36 AM","05/25/2024, 1:08:59 PM",THUNDER BAY,ON,P7C 1W9,400 Block SYCAMORE PL," TBPS] THEFT NOT IN PROGRESS, UNDER 5000",Other Theft,THEFT
TB24020960,"05/25/2024, 12:36:40 AM","05/25/2024, 1:08:59 PM",THUNDER BAY,ON,P0L 1G0,HARBOUR EXPRESSWAY AND 11-17 HWY, TBPS] MOTOR VEHICLE COLLISION MVC - AMB ENR - DUAL RESP,Other,MOTOR VEHICLE COLLISION
TB24020964,"05/25/2024, 1:01:12 AM","05/25/2024, 1:09:00 PM",THUNDER BAY,ON,P7E 1W1,SPRAGUE ST AND MARY ST E, TBPS] MOTOR VEHICLE COLLISION MVC NO INJURIES,Traffic,MOTOR VEHICLE COLLISION
TB24020969,"05/25/2024, 2:20:25 AM","05/25/2024, 1:09:01 PM",THUNDER BAY,ON,P7E 4Z1,1700 Block MOODIE ST E, TBPS] ASSAULT ACCUSED NOT PRESENT,Assault,ASSAULT
TB24020976,"05/25/2024, 2:59:38 AM","05/25/2024, 1:09:02 PM",THUNDER BAY,ON,P7B 5L6,300 Block MAIN ST, TBPS] THEFT SUSP STILL PRESENT OR MAY BE IN AREA,Other Theft,THEFT
TB24020977,"05/25/2024, 3:06:52 AM","05/25/2024, 1:09:02 PM",THUNDER BAY,ON,P7B 6V4,900 Block OLIVER RD, TBPS] MOTOR VEHICLE COLLISION MVC NO INJURIES,Traffic,MOTOR VEHICLE COLLISION
TB24020987,"05/25/2024, 5:25:02 AM","05/25/2024, 1:09:03 PM",THUNDER BAY,ON,P7B 4Y7,100 Block BLUCHER AV, TBPS] B-E BUS/RES/OTH SUSP PRESENT OR MAY STILL BE IN AREA,Breaking & Entering,B-E BUS/RES/OTH
TB24020990,"05/25/2024, 6:05:34 AM","05/25/2024, 1:09:03 PM",THUNDER BAY,ON,P7K 1E9,POLE LINE RD AND 25TH SIDE RD, TBPS] LIQUOR LICENCE ACT LIQUOR LICENCE ACT VIOLATION IN PROGRESS,Quality of Life,LIQUOR LICENCE ACT
TB24020996,"05/25/2024, 7:19:33 AM","05/25/2024, 1:09:04 PM",THUNDER BAY,ON,P7C 4B5,400 Block VICKERS ST N, TBPS] LIQUOR LICENCE ACT LIQUOR LICENCE ACT VIOLATION IN PROGRESS,Quality of Life,LIQUOR LICENCE ACT
TB24020865,"05/24/2024, 12:34:27 PM","05/25/2024, 1:09:23 PM",THUNDER BAY,ON,P7B 0A1,1200 Block GOLF LINKS RD, TBPS] THEFT SUSP STILL PRESENT OR MAY BE IN AREA,Other Theft,THEFT
TB24020869,"05/24/2024, 2:21:47 PM","05/25/2024, 1:09:24 PM",THUNDER BAY,ON,P7C 1N2,100 Block GLENDALE CR, TBPS] B-E BUS/RES/OTH SUSP PRESENT OR MAY STILL BE IN AREA,Breaking & Entering,B-E BUS/RES/OTH
TB24020873,"05/24/2024, 2:52:33 PM","05/25/2024, 1:09:24 PM",THUNDER BAY,ON,P7E 1R5,FRANKLIN ST S AND ISABELLA ST E, TBPS] MOTOR VEHICLE COLLISION 11-10 MVC ANY TYPE,Other,MOTOR VEHICLE COLLISION
TB24020875,"05/24/2024, 2:56:51 PM","05/25/2024, 1:09:24 PM",THUNDER BAY,ON,P7E 5P4,ARTHUR ST E AND FORD ST S, TBPS] MOTOR VEHICLE COLLISION 11-10 MVC ANY TYPE,Other,MOTOR VEHICLE COLLISION
TB24020886,"05/24/2024, 4:44:42 PM","05/25/2024, 1:09:25 PM",THUNDER BAY,ON,P7C 0A6,LILLIE ST N AND WALNUT ST, TBPS] MOTOR VEHICLE COLLISION 11-10 MVC ANY TYPE,Other,MOTOR VEHICLE COLLISION
TB24020900,"05/24/2024, 6:37:50 PM","05/25/2024, 1:09:27 PM",THUNDER BAY,ON,P7E 6H9,WATERLOO ST S AND ARTHUR ST E, TBPS] MOTOR VEHICLE COLLISION 11-10 MVC ANY TYPE,Other,MOTOR VEHICLE COLLISION
TB24020907,"05/24/2024, 6:57:02 PM","05/25/2024, 1:09:27 PM",THUNDER BAY,ON,P7C 5A3,JAMES ST N AND REDWOOD AV W, TBPS] MOTOR VEHICLE COLLISION 11-10 MVC ANY TYPE,Other,MOTOR VEHICLE COLLISION
TB24020910,"05/24/2024, 7:05:09 PM","05/25/2024, 1:09:27 PM",THUNDER BAY,ON,P7E 6N8,800 Block GORDON ST," TBPS] MISCHIEF IP/SUSP IN AREA, UNDER 5,000",Other Property Crime,MISCHIEF
TB24020916,"05/24/2024, 8:09:03 PM","05/25/2024, 1:09:28 PM",THUNDER BAY,ON,P7K 1H7,2000 Block ROSSLYN RD, TBPS] MOTOR VEHICLE COLLISION 11-10 MVC ANY TYPE,Other,MOTOR VEHICLE COLLISION
TB24020919,"05/24/2024, 8:33:36 PM","05/25/2024, 1:09:28 PM",THUNDER BAY,ON,P7B 2Y3,1 Block MACHAR AV, TBPS] MOTOR VEHICLE COLLISION 11-10 MVC ANY TYPE,Other,MOTOR VEHICLE COLLISION
TB24021122,"05/26/2024, 5:56:53 AM","05/26/2024, 1:08:26 PM",THUNDER BAY,ON,P7A 1S7,1 Block GRESLEY CT, TBPS] B-E BUS/RES/OTH SUSP PRESENT OR MAY STILL BE IN AREA,Breaking & Entering,B-E BUS/RES/OTH
TB24021103,"05/26/2024, 3:13:04 AM","05/26/2024, 1:08:27 PM",THUNDER BAY,ON,P7A 4K8,1000 Block DAWSON RD, TBPS] LIQUOR LICENCE ACT LIQUOR LICENCE ACT VIOLATION IN PROGRESS,Quality of Life,LIQUOR LICENCE ACT
TB24021121,"05/26/2024, 5:55:30 AM","05/26/2024, 1:08:27 PM",THUNDER BAY,ON,P7C,200 Block LEGION TRACK DR, TBPS] B-E BUS/RES/OTH SUSP PRESENT OR MAY STILL BE IN AREA,Breaking & Entering,B-E BUS/RES/OTH
TB24021069,"05/25/2024, 10:07:22 PM","05/26/2024, 1:08:28 PM",THUNDER BAY,ON,P7E 3V7,100 Block FREDERICA ST W, TBPS] THEFT SUSP STILL PRESENT OR MAY BE IN AREA,Other Theft,THEFT
TB24021088,"05/26/2024, 12:55:35 AM","05/26/2024, 1:08:28 PM",THUNDER BAY,ON,P7B 6S2,700 Block MEMORIAL AV," TBPS] THEFT IN PROGRESS, OVER 50000",Other Theft,THEFT
TB24021115,"05/26/2024, 4:35:46 AM","05/26/2024, 1:08:28 PM",THUNDER BAY,ON,P7E 5X3,FORD ST S AND DONALD ST E, TBPS] LIQUOR LICENCE ACT LIQUOR LICENCE ACT VIOLATION IN PROGRESS,Quality of Life,LIQUOR LICENCE ACT
TB24021120,"05/26/2024, 5:22:29 AM","05/26/2024, 1:08:28 PM",THUNDER BAY,ON,P7C 1G5,200 Block VICTORIA AV W, TBPS] TROUBLE WITH YOUTH YOUTHS STILL IN AREA,Quality of Life,TROUBLE WITH YOUTH
TB24021043,"05/25/2024, 6:24:07 PM","05/26/2024, 1:08:29 PM",THUNDER BAY,ON,P7B 0A9,800 Block FORT WILLIAM RD," TBPS] MISCHIEF IP/SUSP IN AREA, UNDER 5,000",Other Property Crime,MISCHIEF
TB24021074,"05/25/2024, 10:38:09 PM","05/26/2024, 1:08:29 PM",THUNDER BAY,ON,P7E 6L4,SIFTON AV AND ARTHUR ST W, TBPS] ASSAULT SUSP PRESENT OR IN AREA,Assault,ASSAULT
TB24021031,"05/25/2024, 5:05:07 PM","05/26/2024, 1:08:30 PM",THUNDER BAY,ON,P7C 3P8,200 Block MAY ST N, TBPS] ASSAULT SUSP PRESENT OR IN AREA,Assault,ASSAULT
TB24021034,"05/25/2024, 5:29:20 PM","05/26/2024, 1:08:30 PM",THUNDER BAY,ON,P7A 2A4,GRENVILLE AV AND ADELAIDE ST, TBPS] ASSAULT ACCUSED NOT PRESENT,Assault,ASSAULT
TB24021058,"05/25/2024, 8:31:31 PM","05/26/2024, 1:08:30 PM",THUNDER BAY,ON,P7B,HARBOUR EXPRESSWAY AND FORT WILLIAM RD, TBPS] MOTOR VEHICLE COLLISION 11-10 MVC ANY TYPE,Other,MOTOR VEHICLE COLLISION
TB24020995,"05/25/2024, 7:11:04 AM","05/26/2024, 1:08:31 PM",THUNDER BAY,ON,P7B 6P4,500 Block HARBOUR EXPRESSWAY, TBPS] ASSAULT SUSP PRESENT OR IN AREA,Assault,ASSAULT
TB24021022,"05/25/2024, 4:03:42 PM","05/26/2024, 1:08:31 PM",THUNDER BAY,ON,P7C 3Z5,300 Block MCKELLAR ST N," TBPS] MISCHIEF 11-10, MICHIEF UNDER 5000",Other Property Crime,MISCHIEF
TB24021230,"05/27/2024, 2:45:24 AM","05/27/2024, 1:03:27 PM",THUNDER BAY,ON,P7C 2V3,600 Block SOUTHERN AV, TBPS] MOTOR VEHICLE COLLISION MVC NO INJURIES,Traffic,MOTOR VEHICLE COLLISION
TB24021208,"05/26/2024, 11:11:49 PM","05/27/2024, 1:03:28 PM",THUNDER BAY,ON,P7B 5K5,1100 Block MEMORIAL AV, TBPS] TROUBLE WITH YOUTH YOUTHS STILL IN AREA,Quality of Life,TROUBLE WITH YOUTH
TB24021236,"05/27/2024, 3:25:12 AM","05/27/2024, 1:03:28 PM",THUNDER BAY,ON,P7A 3S4,600 Block RIVER ST, TBPS] ROBBERY NO WEAPONS - SUSP STILL IN AREA,Robbery,ROBBERY
TB24021154,"05/26/2024, 3:49:39 PM","05/27/2024, 1:03:29 PM",THUNDER BAY,ON,P7B 6V4,900 Block OLIVER RD, TBPS] STOLEN VEHICLE SUSP NOT IN AREA,Theft of Vehicle,STOLEN VEHICLE
TB24021169,"05/26/2024, 5:37:30 PM","05/27/2024, 1:03:29 PM",THUNDER BAY,ON,P7A 4L8,1 Block CUMBERLAND ST N, TBPS] THEFT SUSP STILL PRESENT OR MAY BE IN AREA,Other Theft,THEFT
TB24021196,"05/26/2024, 8:58:23 PM","05/27/2024, 1:03:29 PM",THUNDER BAY,ON,P7A 7X3,300 Block ADELAIDE ST, TBPS] B-E BUS/RES/OTH SUSP PRESENT OR MAY STILL BE IN AREA,Breaking & Entering,B-E BUS/RES/OTH
TB24021209,"05/26/2024, 11:25:52 PM","05/27/2024, 1:03:29 PM",THUNDER BAY,ON,P7B 6V4,900 Block OLIVER RD," TBPS] MISCHIEF 11-10, MICHIEF UNDER 5000",Other Property Crime,MISCHIEF
TB24021249,"05/27/2024, 4:50:16 AM","05/27/2024, 1:03:29 PM",THUNDER BAY,ON,P7C 3R6,500 Block MAY ST N, TBPS] LIQUOR LICENCE ACT LIQUOR LICENCE ACT VIOLATION IN PROGRESS,Quality of Life,LIQUOR LICENCE ACT
TB24021258,"05/27/2024, 6:11:45 AM","05/27/2024, 1:03:29 PM",THUNDER BAY,ON,P7C 6A7,700 Block PORCUPINE BLVD, TBPS] B-E BUS/RES/OTH SUSP PRESENT OR MAY STILL BE IN AREA,Breaking & Entering,B-E BUS/RES/OTH
TB24021265,"05/27/2024, 6:49:06 AM","05/27/2024, 1:03:29 PM",THUNDER BAY,ON,P7B 3B6,200 Block WILSON ST, TBPS] ASSAULT SUSP PRESENT OR IN AREA,Assault,ASSAULT
TB24021140,"05/26/2024, 10:34:24 AM","05/27/2024, 1:03:30 PM",THUNDER BAY,ON,P7B 3Z7,700 Block MEMORIAL AV, TBPS] B-E BUS/RES/OTH SUSP PRESENT OR MAY STILL BE IN AREA,Breaking & Entering,B-E BUS/RES/OTH
TB24021150,"05/26/2024, 2:29:18 PM","05/27/2024, 1:03:30 PM",THUNDER BAY,ON,P7A 7T2,300 Block COUNTY BLVD, TBPS] B-E BUS/RES/OTH SUSP PRESENT OR MAY STILL BE IN AREA,Breaking & Entering,B-E BUS/RES/OTH
TB24021159,"05/26/2024, 4:43:06 PM","05/27/2024, 1:03:30 PM",THUNDER BAY,ON,P7C 3X8,100 Block CENTENNIAL SQ, TBPS] THEFT SUSP STILL PRESENT OR MAY BE IN AREA,Other Theft,THEFT
TB24021166,"05/26/2024, 5:24:43 PM","05/27/2024, 1:03:30 PM",THUNDER BAY,ON,P7B 7C6,900 Block CARRICK ST, TBPS] THEFT SUSP STILL PRESENT OR MAY BE IN AREA,Other Theft,THEFT
TB24021173,"05/26/2024, 6:09:55 PM","05/27/2024, 1:03:30 PM",THUNDER BAY,ON,P7B 4S3,200 Block KENOGAMI AV S, TBPS] STOLEN VEHICLE SUSP NOT IN AREA,Theft of Vehicle,STOLEN VEHICLE
TB24021177,"05/26/2024, 6:52:36 PM","05/27/2024, 1:03:30 PM",THUNDER BAY,ON,P7B 3E1,1 Block SECORD ST, TBPS] MOTOR VEHICLE COLLISION 11-10 MVC ANY TYPE,Other,MOTOR VEHICLE COLLISION
TB24020984,"05/25/2024, 4:23:36 AM","05/27/2024, 1:03:31 PM",THUNDER BAY,ON,P7C 3N5,600 Block WILEY ST, TBPS] MOTOR VEHICLE COLLISION 11-10 MVC ANY TYPE,Other,MOTOR VEHICLE COLLISION
TB24021255,"05/27/2024, 5:49:01 AM","05/27/2024, 1:03:38 PM",THUNDER BAY,ON,P7C 3H4,200 Block SIMPSON ST," TBPS] MISCHIEF IP/SUSP IN AREA, UNDER 5,000",Other Property Crime,MISCHIEF
TB24021347,"05/27/2024, 9:09:53 PM","05/28/2024, 1:07:37 PM",THUNDER BAY,ON,P7E 6H8,100 Block SYNDICATE AV S, TBPS] STOLEN VEHICLE SUSP NOT IN AREA,Theft of Vehicle,STOLEN VEHICLE
TB24021360,"05/27/2024, 10:54:15 PM","05/28/2024, 1:07:39 PM",THUNDER BAY,ON,P7B 2J2,400 Block MARKLAND ST," TBPS] THEFT NOT IN PROGRESS, FROM MOTOR VEHICLE",Theft from Vehicle,THEFT
TB24021361,"05/27/2024, 11:09:51 PM","05/28/2024, 1:07:39 PM",THUNDER BAY,ON,P0T 2G0,MAKI RD AND EVERETT DR, TBPS] MOTOR VEHICLE COLLISION MVC NO INJURIES,Traffic,MOTOR VEHICLE COLLISION
TB24021371,"05/28/2024, 12:27:40 AM","05/28/2024, 1:07:40 PM",THUNDER BAY,ON,P7E 2N5,200 Block DONALD ST W," TBPS] MISCHIEF 11-10, MICHIEF OVER 5000",Other Property Crime,MISCHIEF
TB24021372,"05/28/2024, 12:31:58 AM","05/28/2024, 1:07:40 PM",THUNDER BAY,ON,P7A,1 Block NORTH WATER ST, TBPS] ASSAULT ACCUSED NOT PRESENT,Assault,ASSAULT
TB24021135,"05/26/2024, 8:26:44 AM","05/28/2024, 1:07:41 PM",THUNDER BAY,ON,P7A 1V1,400 Block HODDER AV, TBPS] ASSAULT ACCUSED NOT PRESENT,Assault,ASSAULT
TB24021378,"05/28/2024, 1:08:20 AM","05/28/2024, 1:07:41 PM",THUNDER BAY,ON,P7A 7P5,300 Block COUNTY BLVD," TBPS] MISCHIEF 11-10, MICHIEF UNDER 5000",Other Property Crime,MISCHIEF
TB24021379,"05/28/2024, 1:10:10 AM","05/28/2024, 1:07:41 PM",THUNDER BAY,ON,P7A 6C5,1 Block KENOGAMI AV N, TBPS] B-E BUS/RES/OTH SUSP PRESENT OR MAY STILL BE IN AREA,Breaking & Entering,B-E BUS/RES/OTH
TB24021381,"05/28/2024, 1:25:45 AM","05/28/2024, 1:07:41 PM",THUNDER BAY,ON,P7C 2J7,MCKENZIE ST AND PRUDEN ST," TBPS] MISCHIEF 11-10, MICHIEF UNDER 5000",Other Property Crime,MISCHIEF
TB24021383,"05/28/2024, 2:17:59 AM","05/28/2024, 1:07:41 PM",THUNDER BAY,ON,P7A 7W6,100 Block COADY AV, TBPS] ASSAULT SUSP PRESENT OR IN AREA,Assault,ASSAULT
TB24021392,"05/28/2024, 3:19:57 AM","05/28/2024, 1:07:42 PM",THUNDER BAY,ON,P7C,200 Block PACIFIC AV, TBPS] TROUBLE WITH YOUTH YOUTHS STILL IN AREA,Quality of Life,TROUBLE WITH YOUTH
TB24021397,"05/28/2024, 3:51:24 AM","05/28/2024, 1:07:43 PM",THUNDER BAY,ON,P7C 4P7,400 Block EDWARD ST N, TBPS] THEFT SUSP STILL PRESENT OR MAY BE IN AREA,Other Theft,THEFT
TB24021398,"05/28/2024, 3:51:54 AM","05/28/2024, 1:07:43 PM",THUNDER BAY,ON,P7A 4K8,1000 Block DAWSON RD," TBPS] THEFT IN PROGRESS, OVER 50000",Other Theft,THEFT
TB24021401,"05/28/2024, 4:20:27 AM","05/28/2024, 1:07:43 PM",THUNDER BAY,ON,P7B 7C6,900 Block CARRICK ST," TBPS] THEFT IN PROGRESS, OVER 50000",Other Theft,THEFT
TB24021402,"05/28/2024, 4:23:01 AM","05/28/2024, 1:07:44 PM",THUNDER BAY,ON,P7A 8C5,500 Block ALGOMA ST N, TBPS] TROUBLE WITH YOUTH YOUTHS STILL IN AREA,Quality of Life,TROUBLE WITH YOUTH
TB24021405,"05/28/2024, 4:56:52 AM","05/28/2024, 1:07:44 PM",THUNDER BAY,ON,P7B 1K7,1000 Block DAWSON RD, TBPS] LIQUOR LICENCE ACT LIQUOR LICENCE ACT VIOLATION IN PROGRESS,Quality of Life,LIQUOR LICENCE ACT
TB24021407,"05/28/2024, 5:01:16 AM","05/28/2024, 1:07:44 PM",THUNDER BAY,ON,P7B 7C6,900 Block CARRICK ST," TBPS] THEFT IN PROGRESS, OVER 50000",Other Theft,THEFT
TB24021412,"05/28/2024, 5:48:00 AM","05/28/2024, 1:07:45 PM",THUNDER BAY,ON,P7E 2N5,200 Block LELAND AV S," TBPS] MISCHIEF 11-10, MICHIEF UNDER 5000",Other Property Crime,MISCHIEF
TB24021165,"05/26/2024, 5:16:51 PM","05/28/2024, 1:07:46 PM",THUNDER BAY,ON,P7C 4B1,300 Block VICKERS ST N," TBPS] MISCHIEF 11-10, MICHIEF UNDER 5000",Other Property Crime,MISCHIEF
TB24021091,"05/26/2024, 1:25:09 AM","05/28/2024, 1:07:54 PM",THUNDER BAY,ON,P7E 5Y8,400 Block GEORGE ST, TBPS] ASSAULT ACCUSED NOT PRESENT,Assault,ASSAULT
TB24021215,"05/27/2024, 1:09:43 AM","05/28/2024, 1:07:55 PM",THUNDER BAY,ON,P7C 0A2,800 Block VICTORIA AV E, TBPS] ASSAULT ACCUSED NOT PRESENT,Assault,ASSAULT
TB24021264,"05/27/2024, 6:45:28 AM","05/28/2024, 1:08:04 PM",THUNDER BAY,ON,P7B 3A7,RED RIVER RD AND ALGOMA ST N," TBPS] THEFT IN PROGRESS, OVER 50000",Other Theft,THEFT
TB24021277,"05/27/2024, 9:48:37 AM","05/28/2024, 1:08:07 PM",THUNDER BAY,ON,P7B 6V4,900 Block OLIVER RD, TBPS] LIQUOR LICENCE ACT LIQUOR LICENCE ACT VIOLATION IN PROGRESS,Quality of Life,LIQUOR LICENCE ACT
TB24021284,"05/27/2024, 10:37:26 AM","05/28/2024, 1:08:09 PM",THUNDER BAY,ON,P7E 1E6,SYNDICATE AV S AND DUNCAN ST, TBPS] LIQUOR LICENCE ACT LIQUOR LICENCE ACT VIOLATION IN PROGRESS,Quality of Life,LIQUOR LICENCE ACT
TB24021291,"05/27/2024, 12:14:56 PM","05/28/2024, 1:08:10 PM",THUNDER BAY,ON,P7C 2V2,MAY ST N AND SOUTHERN AV, TBPS] LIQUOR LICENCE ACT LIQUOR LICENCE ACT VIOLATION IN PROGRESS,Quality of Life,LIQUOR LICENCE ACT
TB24021292,"05/27/2024, 1:05:11 PM","05/28/2024, 1:08:11 PM",THUNDER BAY,ON,P7E 1N4,NORAH ST S AND DONALD ST E, TBPS] DRUG OFFENCES SUSP PRESENT OR MAY STILL BE IN AREA,Quality of Life,DRUG OFFENCES
TB24021301,"05/27/2024, 2:56:54 PM","05/28/2024, 1:08:13 PM",THUNDER BAY,ON,P7B 4A4,1000 Block MEMORIAL AV, TBPS] MOTOR VEHICLE COLLISION 11-10 MVC ANY TYPE,Other,MOTOR VEHICLE COLLISION
TB24021302,"05/27/2024, 3:00:21 PM","05/28/2024, 1:08:13 PM",THUNDER BAY,ON,P7E 5S2,1100 Block ARTHUR ST W, TBPS] MOTOR VEHICLE COLLISION 11-10 MVC ANY TYPE,Other,MOTOR VEHICLE COLLISION
TB24021303,"05/27/2024, 3:04:05 PM","05/28/2024, 1:08:13 PM",THUNDER BAY,ON,P7B 1E7,ALGOMA ST S AND PEARL ST, TBPS] MOTOR VEHICLE COLLISION 11-10 MVC ANY TYPE,Other,MOTOR VEHICLE COLLISION
TB24021328,"05/27/2024, 6:52:41 PM","05/28/2024, 1:08:21 PM",THUNDER BAY,ON,P7C 3H1,1 Block SIMPSON ST, TBPS] INDECENT ACTS SUSP PRESENT OR MAY STILL BE IN AREA,Sexual Offense,INDECENT ACTS
TB24021331,"05/27/2024, 7:00:00 PM","05/28/2024, 1:08:22 PM",THUNDER BAY,ON,P7E 1V3,700 Block SELKIRK ST S, TBPS] TROUBLE WITH YOUTH YOUTHS STILL IN AREA,Quality of Life,TROUBLE WITH YOUTH
TB24021333,"05/27/2024, 7:21:45 PM","05/28/2024, 1:08:23 PM",THUNDER BAY,ON,P7E 2T2,700 Block HOLLY CR, TBPS] MOTOR VEHICLE COLLISION MVC NO INJURIES,Traffic,MOTOR VEHICLE COLLISION
TB24021335,"05/27/2024, 7:32:55 PM","05/28/2024, 1:08:24 PM",THUNDER BAY,ON,P7B 3A9,SECORD ST AND PEARL ST, TBPS] MOTOR VEHICLE COLLISION MVC - AMB ENR - DUAL RESP,Other,MOTOR VEHICLE COLLISION
TB24021336,"05/27/2024, 7:41:25 PM","05/28/2024, 1:08:24 PM",THUNDER BAY,ON,P7E 5Y8,400 Block GEORGE ST," TBPS] THEFT NOT IN PROGRESS, UNDER 5000",Other Theft,THEFT
TB24021338,"05/27/2024, 7:57:52 PM","05/28/2024, 1:08:25 PM",THUNDER BAY,ON,P0T 1W0,1100 Block HARSTONE DR, TBPS] MOTOR VEHICLE COLLISION 11-10 MVC ANY TYPE,Other,MOTOR VEHICLE COLLISION
TB24021567,"05/29/2024, 5:25:47 AM","05/29/2024, 1:05:00 PM",THUNDER BAY,ON,P7E 6B9,1100 Block ARTHUR ST W," TBPS] THEFT IN PROGRESS, OVER 50000",Other Theft,THEFT
TB24021568,"05/29/2024, 5:28:38 AM","05/29/2024, 1:05:00 PM",THUNDER BAY,ON,P7B 6L9,1000 Block CARRICK ST, TBPS] TROUBLE WITH YOUTH YOUTHS STILL IN AREA,Quality of Life,TROUBLE WITH YOUTH
TB24021556,"05/29/2024, 2:51:53 AM","05/29/2024, 1:05:01 PM",THUNDER BAY,ON,P7B 3A6,900 Block FORT WILLIAM RD, TBPS] TROUBLE WITH YOUTH YOUTHS STILL IN AREA,Quality of Life,TROUBLE WITH YOUTH
TB24021559,"05/29/2024, 3:26:56 AM","05/29/2024, 1:05:01 PM",THUNDER BAY,ON,P7B 6J6,100 Block PICTON AV, TBPS] B-E BUS/RES/OTH SUSP PRESENT OR MAY STILL BE IN AREA,Breaking & Entering,B-E BUS/RES/OTH
TB24021513,"05/28/2024, 8:45:14 PM","05/29/2024, 1:05:02 PM",THUNDER BAY,ON,P7C 3R1,300 Block MAY ST N, TBPS] MOTOR VEHICLE COLLISION 11-10 MVC ANY TYPE,Other,MOTOR VEHICLE COLLISION
TB24021518,"05/28/2024, 9:10:38 PM","05/29/2024, 1:05:02 PM",THUNDER BAY,ON,P7E 2A6,300 Block KINGSWAY, TBPS] LIQUOR LICENCE ACT LIQUOR LICENCE ACT VIOLATION IN PROGRESS,Quality of Life,LIQUOR LICENCE ACT
TB24021527,"05/28/2024, 10:05:32 PM","05/29/2024, 1:05:02 PM",THUNDER BAY,ON,P7B 6S2,700 Block MEMORIAL AV, TBPS] THEFT SUSP STILL PRESENT OR MAY BE IN AREA,Other Theft,THEFT
TB24021551,"05/29/2024, 2:03:40 AM","05/29/2024, 1:05:02 PM",THUNDER BAY,ON,P7A 5P6,100 Block PARSONS AV, TBPS] TROUBLE WITH YOUTH YOUTHS STILL IN AREA,Quality of Life,TROUBLE WITH YOUTH
TB24021554,"05/29/2024, 2:23:09 AM","05/29/2024, 1:05:02 PM",THUNDER BAY,ON,P7E 5P4,2600 Block ARTHUR ST E," TBPS] THEFT NOT IN PROGRESS, UNDER 5000",Other Theft,THEFT
TB24021464,"05/28/2024, 3:58:46 PM","05/29/2024, 1:05:03 PM",THUNDER BAY,ON,P7B,HARBOUR EXPRESSWAY AND BALMORAL ST, TBPS] MOTOR VEHICLE COLLISION MVC NO INJURIES,Traffic,MOTOR VEHICLE COLLISION
TB24021484,"05/28/2024, 5:56:22 PM","05/29/2024, 1:05:03 PM",THUNDER BAY,ON,P7B 5L6,300 Block MAIN ST, TBPS] ASSAULT SUSP PRESENT OR IN AREA,Assault,ASSAULT
TB24021485,"05/28/2024, 5:59:01 PM","05/29/2024, 1:05:03 PM",THUNDER BAY,ON,P7B 6E4,600 Block HEWITSON ST," TBPS] MISCHIEF 11-10, MICHIEF UNDER 5000",Other Property Crime,MISCHIEF
TB24021496,"05/28/2024, 7:02:20 PM","05/29/2024, 1:05:03 PM",THUNDER BAY,ON,P7B 5V1,DAWSON RD AND STRAND AV, TBPS] MOTOR VEHICLE COLLISION 11-10 MVC ANY TYPE,Other,MOTOR VEHICLE COLLISION
TB24021501,"05/28/2024, 7:29:49 PM","05/29/2024, 1:05:03 PM",THUNDER BAY,ON,P7B 5L6,300 Block MAIN ST, TBPS] THEFT SUSP STILL PRESENT OR MAY BE IN AREA,Other Theft,THEFT
TB24021452,"05/28/2024, 3:08:14 PM","05/29/2024, 1:05:04 PM",THUNDER BAY,ON,P7E 5R5,500 Block ARTHUR ST W, TBPS] MOTOR VEHICLE COLLISION 11-10 MVC ANY TYPE,Other,MOTOR VEHICLE COLLISION
TB24021453,"05/28/2024, 3:13:36 PM","05/29/2024, 1:05:04 PM",THUNDER BAY,ON,P7E 3V4,100 Block FREDERICA ST E, TBPS] MOTOR VEHICLE COLLISION 11-10 MVC ANY TYPE,Other,MOTOR VEHICLE COLLISION
TB24021456,"05/28/2024, 3:29:05 PM","05/29/2024, 1:05:04 PM",THUNDER BAY,ON,P7B,FORT WILLIAM RD AND CENTRAL AV, TBPS] MOTOR VEHICLE COLLISION 11-10 MVC ANY TYPE,Other,MOTOR VEHICLE COLLISION
TB24021468,"05/28/2024, 4:24:59 PM","05/29/2024, 1:05:04 PM",THUNDER BAY,ON,P7E 1N7,300 Block NORAH ST S, TBPS] MOTOR VEHICLE COLLISION 11-10 MVC ANY TYPE,Other,MOTOR VEHICLE COLLISION
TB24021470,"05/28/2024, 4:34:32 PM","05/29/2024, 1:05:04 PM",THUNDER BAY,ON,P7A 3S4,600 Block RIVER ST, TBPS] MOTOR VEHICLE COLLISION 11-10 MVC ANY TYPE,Other,MOTOR VEHICLE COLLISION
TB24021479,"05/28/2024, 5:33:57 PM","05/29/2024, 1:05:04 PM",THUNDER BAY,ON,P7B 3Y8,500 Block MEMORIAL AV, TBPS] MOTOR VEHICLE COLLISION 11-10 MVC ANY TYPE,Other,MOTOR VEHICLE COLLISION
TB24021483,"05/28/2024, 5:50:44 PM","05/29/2024, 1:05:04 PM",THUNDER BAY,ON,P7B 3C2,ALGOMA ST S AND CORNWALL AV, TBPS] MOTOR VEHICLE COLLISION 11-10 MVC ANY TYPE,Other,MOTOR VEHICLE COLLISION
TB24021394,"05/28/2024, 3:33:35 AM","05/29/2024, 1:05:05 PM",THUNDER BAY,ON,P7E 5S2,1100 Block ARTHUR ST W," TBPS] THEFT NOT IN PROGRESS, UNDER 5000",Other Theft,THEFT
TB24021433,"05/28/2024, 9:26:30 AM","05/29/2024, 1:05:05 PM",THUNDER BAY,ON,P7B 3Z8,800 Block MEMORIAL AV, TBPS] ASSAULT SUSP PRESENT OR IN AREA,Assault,ASSAULT
TB24021451,"05/28/2024, 3:01:27 PM","05/29/2024, 1:05:05 PM",THUNDER BAY,ON,P7A 2K6,200 Block MACDOUGALL ST, TBPS] ASSAULT ACCUSED PRESENT,Assault,ASSAULT
TB24021467,"05/28/2024, 4:08:45 PM","05/29/2024, 1:05:05 PM",THUNDER BAY,ON,P7A 6C2,1 Block EMPRESS AV N," TBPS] THEFT NOT IN PROGRESS, UNDER 5000",Other Theft,THEFT
TB24021350,"05/27/2024, 10:12:50 PM","05/29/2024, 1:05:06 PM",THUNDER BAY,ON,P7B 5L4,1 Block CUMBERLAND ST S, TBPS] ROBBERY NO WEAPONS - SUSP STILL IN AREA,Robbery,ROBBERY
TB24021404,"05/28/2024, 4:32:28 AM","05/29/2024, 1:05:06 PM",THUNDER BAY,ON,P7A 0A2,900 Block STRATHCONA AV, TBPS] B-E BUS/RES/OTH 11-10,Breaking & Entering,B-E BUS/RES/OTH
TB24021444,"05/28/2024, 12:19:36 PM","05/29/2024, 1:05:06 PM",THUNDER BAY,ON,P7E 6T4,1700 Block FREDERICA ST W," TBPS] MISCHIEF 11-10, MICHIEF OVER 5000",Other Property Crime,MISCHIEF
TB24021846,"05/30/2024, 11:43:52 PM","05/31/2024, 1:07:29 PM",THUNDER BAY,ON,P7C 4B5,400 Block VICKERS ST N, TBPS] LIQUOR LICENCE ACT LIQUOR LICENCE ACT VIOLATION IN PROGRESS,Quality of Life,LIQUOR LICENCE ACT
TB24021857,"05/31/2024, 1:11:52 AM","05/31/2024, 1:07:29 PM",THUNDER BAY,ON,P7E 5V3,DONALD ST E AND MAY ST S, TBPS] MOTOR VEHICLE COLLISION MVC NO INJURIES,Traffic,MOTOR VEHICLE COLLISION
TB24021880,"05/31/2024, 4:14:42 AM","05/31/2024, 1:07:29 PM",THUNDER BAY,ON,P7B 2X7,COURT ST S AND CORNWALL AV," TBPS] MISCHIEF IP/SUSP IN AREA, UNDER 5,000",Other Property Crime,MISCHIEF
TB24021886,"05/31/2024, 4:53:41 AM","05/31/2024, 1:07:29 PM",THUNDER BAY,ON,P7B 5M6,1100 Block RUSSELL ST, TBPS] STOLEN VEHICLE SUSP NOT IN AREA,Theft of Vehicle,STOLEN VEHICLE
TB24021894,"05/31/2024, 6:01:32 AM","05/31/2024, 1:07:29 PM",THUNDER BAY,ON,P7C 2V5,100 Block NORTHERN AV, TBPS] ARSON SUSP MAY BE PRESENT OR IN AREA,Property Crime,ARSON
TB24021800,"05/30/2024, 6:50:17 PM","05/31/2024, 1:07:30 PM",THUNDER BAY,ON,P7E 5P7,100 Block ARTHUR ST W, TBPS] MOTOR VEHICLE COLLISION 11-10 MVC ANY TYPE,Other,MOTOR VEHICLE COLLISION
TB24021801,"05/30/2024, 6:54:05 PM","05/31/2024, 1:07:30 PM",THUNDER BAY,ON,P7B 1J9,800 Block RED RIVER RD, TBPS] MOTOR VEHICLE COLLISION 11-10 MVC ANY TYPE,Other,MOTOR VEHICLE COLLISION
TB24021804,"05/30/2024, 7:10:44 PM","05/31/2024, 1:07:30 PM",THUNDER BAY,ON,P7C 2J7,MCKENZIE ST AND PRUDEN ST, TBPS] ASSAULT SUSP PRESENT OR IN AREA,Assault,ASSAULT
TB24021806,"05/30/2024, 7:19:29 PM","05/31/2024, 1:07:30 PM",THUNDER BAY,ON,P7C 3X8,100 Block CENTENNIAL SQ, TBPS] DRUG OFFENCES SUSP PRESENT OR MAY STILL BE IN AREA,Quality of Life,DRUG OFFENCES
TB24021817,"05/30/2024, 8:52:36 PM","05/31/2024, 1:07:30 PM",THUNDER BAY,ON,P7C 3R1,300 Block MAY ST N, TBPS] MOTOR VEHICLE COLLISION 11-10 MVC ANY TYPE,Other,MOTOR VEHICLE COLLISION
TB24021766,"05/30/2024, 2:57:10 PM","05/31/2024, 1:07:31 PM",THUNDER BAY,ON,P7B 1K2,800 Block RED RIVER RD, TBPS] MOTOR VEHICLE COLLISION 11-10 MVC ANY TYPE,Other,MOTOR VEHICLE COLLISION
TB24021772,"05/30/2024, 3:43:26 PM","05/31/2024, 1:07:31 PM",THUNDER BAY,ON,P7B 5J4,1000 Block DAWSON RD, TBPS] MOTOR VEHICLE COLLISION 11-10 MVC ANY TYPE,Other,MOTOR VEHICLE COLLISION
TB24021773,"05/30/2024, 3:54:19 PM","05/31/2024, 1:07:31 PM",THUNDER BAY,ON,P7E 1J2,100 Block VICKERS ST S, TBPS] ASSAULT SUSP PRESENT OR IN AREA,Assault,ASSAULT
TB24021783,"05/30/2024, 4:47:11 PM","05/31/2024, 1:07:31 PM",THUNDER BAY,ON,P7E 5P4,2600 Block ARTHUR ST E, TBPS] MOTOR VEHICLE COLLISION MVC NO INJURIES,Traffic,MOTOR VEHICLE COLLISION
TB24021803,"05/30/2024, 7:04:11 PM","05/31/2024, 1:07:31 PM",THUNDER BAY,ON,P7B 7A4,DONALD CADDO DR AND GOLF LINKS RD, TBPS] MOTOR VEHICLE COLLISION 11-10 MVC ANY TYPE,Other,MOTOR VEHICLE COLLISION
TB24021807,"05/30/2024, 7:31:22 PM","05/31/2024, 1:07:31 PM",THUNDER BAY,ON,P7B 3A6,900 Block FORT WILLIAM RD, TBPS] ASSAULT SUSP PRESENT OR IN AREA,Assault,ASSAULT
TB24021819,"05/30/2024, 9:15:11 PM","05/31/2024, 1:07:31 PM",THUNDER BAY,ON,P7A 5S3,300 Block HIGH ST N, TBPS] ASSAULT ACCUSED NOT PRESENT,Assault,ASSAULT
TB24021777,"05/30/2024, 4:16:02 PM","05/31/2024, 1:07:32 PM",THUNDER BAY,ON,P7B 4H7,100 Block RAVENWOOD AV," TBPS] THEFT NOT IN PROGRESS, UNDER 5000",Other Theft,THEFT
TB24021782,"05/30/2024, 4:37:06 PM","05/31/2024, 1:07:32 PM",THUNDER BAY,ON,P7E 1H6,200 Block MCKELLAR ST S, TBPS] MOTOR VEHICLE COLLISION 11-10 MVC ANY TYPE,Other,MOTOR VEHICLE COLLISION
TB24021724,"05/30/2024, 5:25:05 AM","05/31/2024, 1:07:33 PM",THUNDER BAY,ON,P7A 8C4,600 Block ARUNDEL ST, TBPS] TROUBLE WITH YOUTH YOUTHS STILL IN AREA,Quality of Life,TROUBLE WITH YOUTH
TB24022027,"06/01/2024, 2:42:12 AM","06/01/2024, 1:04:34 PM",THUNDER BAY,ON,P7A 7P5,300 Block COUNTY BLVD, TBPS] TROUBLE WITH YOUTH YOUTHS STILL IN AREA,Quality of Life,TROUBLE WITH YOUTH
TB24022029,"06/01/2024, 2:51:21 AM","06/01/2024, 1:04:34 PM",THUNDER BAY,ON,P7E 5R6,600 Block ARTHUR ST W," TBPS] THEFT NOT IN PROGRESS, UNDER 5000",Other Theft,THEFT
TB24022050,"06/01/2024, 4:50:45 AM","06/01/2024, 1:04:34 PM",THUNDER BAY,ON,P7B 2X7,100 Block COURT ST S, TBPS] ASSAULT SUSP PRESENT OR IN AREA,Assault,ASSAULT
TB24022052,"06/01/2024, 5:16:25 AM","06/01/2024, 1:04:34 PM",THUNDER BAY,ON,P7E 2A6,600 Block KINGSWAY, TBPS] STOLEN VEHICLE SUSP PRESENT OR MAY STILL BE IN AREA,Theft of Vehicle,STOLEN VEHICLE
TB24022074,"06/01/2024, 7:35:31 AM","06/01/2024, 1:04:34 PM",THUNDER BAY,ON,P7B 1A5,200 Block RED RIVER RD," TBPS] MISCHIEF IP/SUSP IN AREA, UNDER 5,000",Other Property Crime,MISCHIEF
TB24022075,"06/01/2024, 7:38:58 AM","06/01/2024, 1:04:34 PM",THUNDER BAY,ON,P7A 3H4,FARRAND ST AND WOLSELEY ST, TBPS] ASSAULT SUSP PRESENT OR IN AREA,Assault,ASSAULT
TB24021992,"05/31/2024, 9:30:57 PM","06/01/2024, 1:04:35 PM",THUNDER BAY,ON,P7A 5L5,100 Block PROSPECT AV," TBPS] MISCHIEF IP/SUSP IN AREA, UNDER 5,000",Other Property Crime,MISCHIEF
TB24022004,"05/31/2024, 11:35:17 PM","06/01/2024, 1:04:35 PM",THUNDER BAY,ON,P7C 4B5,400 Block VICKERS ST N, TBPS] LIQUOR LICENCE ACT LIQUOR LICENCE ACT VIOLATION IN PROGRESS,Quality of Life,LIQUOR LICENCE ACT
TB24022016,"06/01/2024, 12:57:53 AM","06/01/2024, 1:04:35 PM",THUNDER BAY,ON,P7B 6B9,1000 Block FORT WILLIAM RD," TBPS] THEFT NOT IN PROGRESS, UNDER 5000",Other Theft,THEFT
TB24021967,"05/31/2024, 7:47:12 PM","06/01/2024, 1:04:36 PM",THUNDER BAY,ON,P7E 5P7,200 Block ARTHUR ST W, TBPS] MOTOR VEHICLE COLLISION 11-10 MVC ANY TYPE,Other,MOTOR VEHICLE COLLISION
TB24021968,"05/31/2024, 7:53:17 PM","06/01/2024, 1:04:36 PM",THUNDER BAY,ON,P7B,BALMORAL ST AND HARBOUR EXPRESSWAY, TBPS] MOTOR VEHICLE COLLISION 11-10 MVC ANY TYPE,Other,MOTOR VEHICLE COLLISION
TB24021971,"05/31/2024, 8:00:41 PM","06/01/2024, 1:04:36 PM",THUNDER BAY,ON,P7B 6B9,ISABEL ST AND FORT WILLIAM RD, TBPS] MOTOR VEHICLE COLLISION 11-10 MVC ANY TYPE,Other,MOTOR VEHICLE COLLISION
TB24021977,"05/31/2024, 8:25:45 PM","06/01/2024, 1:04:36 PM",THUNDER BAY,ON,P7E 5R2,JAMES ST S AND ARTHUR ST W, TBPS] MOTOR VEHICLE COLLISION MVC NO INJURIES,Traffic,MOTOR VEHICLE COLLISION
TB24021978,"05/31/2024, 8:26:47 PM","06/01/2024, 1:04:36 PM",THUNDER BAY,ON,P7B 5L6,300 Block MAIN ST, TBPS] THEFT SUSP STILL PRESENT OR MAY BE IN AREA,Other Theft,THEFT
TB24021979,"05/31/2024, 8:35:39 PM","06/01/2024, 1:04:36 PM",THUNDER BAY,ON,P7E 2V3,500 Block ARTHUR ST W, TBPS] MOTOR VEHICLE COLLISION MVC NO INJURIES,Traffic,MOTOR VEHICLE COLLISION
TB24022005,"05/31/2024, 11:52:50 PM","06/01/2024, 1:04:36 PM",THUNDER BAY,ON,P7E 5N4,ARTHUR ST E AND FRANKLIN ST S, TBPS] LIQUOR LICENCE ACT LIQUOR LICENCE ACT VIOLATION IN PROGRESS,Quality of Life,LIQUOR LICENCE ACT
TB24021924,"05/31/2024, 12:05:45 PM","06/01/2024, 1:04:37 PM",THUNDER BAY,ON,P7B 1E3,200 Block PEARL ST," TBPS] THEFT NOT IN PROGRESS, UNDER 5000",Other Theft,THEFT
TB24021928,"05/31/2024, 2:38:49 PM","06/01/2024, 1:04:37 PM",THUNDER BAY,ON,P7B 3A6,900 Block FORT WILLIAM RD, TBPS] MOTOR VEHICLE COLLISION 11-10 MVC ANY TYPE,Other,MOTOR VEHICLE COLLISION
TB24021930,"05/31/2024, 2:52:23 PM","06/01/2024, 1:04:37 PM",THUNDER BAY,ON,P7C 3K8,100 Block SOUTHERN AV, TBPS] MOTOR VEHICLE COLLISION 11-10 MVC ANY TYPE,Other,MOTOR VEHICLE COLLISION
TB24021932,"05/31/2024, 2:59:31 PM","06/01/2024, 1:04:37 PM",THUNDER BAY,ON,P7E 6V7,2000 Block NEEBING AV, TBPS] MOTOR VEHICLE COLLISION 11-10 MVC ANY TYPE,Other,MOTOR VEHICLE COLLISION
TB24021903,"05/31/2024, 7:48:11 AM","06/01/2024, 1:04:38 PM",THUNDER BAY,ON,P7B 1E5,200 Block PEARL ST," TBPS] MISCHIEF 11-10, MICHIEF UNDER 5000",Other Property Crime,MISCHIEF
TB24021931,"05/31/2024, 2:57:03 PM","06/01/2024, 1:04:38 PM",THUNDER BAY,ON,P7C 4S4,100 Block LIMBRICK ST, TBPS] LIQUOR LICENCE ACT LIQUOR LICENCE ACT VIOLATION IN PROGRESS,Quality of Life,LIQUOR LICENCE ACT
TB24021934,"05/31/2024, 3:26:52 PM","06/01/2024, 1:04:38 PM",THUNDER BAY,ON,P7E 2A6,400 Block KINGSWAY, TBPS] ASSAULT SUSP PRESENT OR IN AREA,Assault,ASSAULT
TB24021943,"05/31/2024, 4:11:13 PM","06/01/2024, 1:04:38 PM",THUNDER BAY,ON,P7E 6T1,400 Block JAMES ST S, TBPS] MOTOR VEHICLE COLLISION 11-10 MVC ANY TYPE,Other,MOTOR VEHICLE COLLISION
TB24022193,"06/02/2024, 2:14:41 AM","06/02/2024, 1:08:32 PM",THUNDER BAY,ON,P7B 1K2,JUNOT AV N AND RED RIVER RD, TBPS] ASSAULT SUSP PRESENT OR IN AREA,Assault,ASSAULT
TB24022194,"06/02/2024, 2:14:54 AM","06/02/2024, 1:08:32 PM",THUNDER BAY,ON,P7B 1K3,900 Block RED RIVER RD, TBPS] ASSAULT SUSP PRESENT OR IN AREA,Assault,ASSAULT
TB24022202,"06/02/2024, 3:19:26 AM","06/02/2024, 1:08:32 PM",THUNDER BAY,ON,P7B 2Y3,1 Block MACHAR AV, TBPS] LIQUOR LICENCE ACT LIQUOR LICENCE ACT VIOLATION IN PROGRESS,Quality of Life,LIQUOR LICENCE ACT
TB24022204,"06/02/2024, 3:27:53 AM","06/02/2024, 1:08:32 PM",THUNDER BAY,ON,P7C,800 Block MINNESOTA ST, TBPS] DRUG OFFENCES SUSP PRESENT OR MAY STILL BE IN AREA,Quality of Life,DRUG OFFENCES
TB24022207,"06/02/2024, 3:31:23 AM","06/02/2024, 1:08:32 PM",THUNDER BAY,ON,P7C 0A2,800 Block VICTORIA AV E, TBPS] ASSAULT SUSP PRESENT OR IN AREA,Assault,ASSAULT
TB24022226,"06/02/2024, 5:49:28 AM","06/02/2024, 1:08:32 PM",THUNDER BAY,ON,P7B 6S2,700 Block MEMORIAL AV, TBPS] THEFT SUSP STILL PRESENT OR MAY BE IN AREA,Other Theft,THEFT
TB24022190,"06/02/2024, 1:59:34 AM","06/02/2024, 1:08:33 PM",THUNDER BAY,ON,P7B 6J8,1 Block PICTON AV, TBPS] B-E BUS/RES/OTH SUSP PRESENT OR MAY STILL BE IN AREA,Breaking & Entering,B-E BUS/RES/OTH
TB24022195,"06/02/2024, 2:25:09 AM","06/02/2024, 1:08:33 PM",THUNDER BAY,ON,P7A 6L7,1000 Block HURON AV," TBPS] MISCHIEF 11-10, MICHIEF OVER 5000",Other Property Crime,MISCHIEF
TB24022203,"06/02/2024, 3:22:09 AM","06/02/2024, 1:08:33 PM",THUNDER BAY,ON,P7E 5V7,1100 Block LINCOLN ST, TBPS] DRUG OFFENCES SUSP PRESENT OR MAY STILL BE IN AREA,Quality of Life,DRUG OFFENCES
TB24022234,"06/02/2024, 7:47:35 AM","06/02/2024, 1:08:33 PM",THUNDER BAY,ON,P7E 3Y6,1300 Block FREDERICA ST W, TBPS] B-E BUS/RES/OTH SUSP PRESENT OR MAY STILL BE IN AREA,Breaking & Entering,B-E BUS/RES/OTH
TB24022142,"06/01/2024, 8:31:22 PM","06/02/2024, 1:08:34 PM",THUNDER BAY,ON,P7E 5M8,900 Block ARTHUR ST E, TBPS] THEFT SUSP STILL PRESENT OR MAY BE IN AREA,Other Theft,THEFT
TB24022152,"06/01/2024, 9:18:26 PM","06/02/2024, 1:08:34 PM",THUNDER BAY,ON,P7B 2X3,1 Block COURT ST S," TBPS] MISCHIEF 11-10, MICHIEF UNDER 5000",Other Property Crime,MISCHIEF
TB24022163,"06/01/2024, 10:56:56 PM","06/02/2024, 1:08:34 PM",THUNDER BAY,ON,P7B 3Z2,MEMORIAL AV AND THIRD AV, TBPS] MOTOR VEHICLE COLLISION JAWS REQD - DUAL RESP,Traffic,MOTOR VEHICLE COLLISION
TB24022167,"06/01/2024, 11:07:42 PM","06/02/2024, 1:08:34 PM",THUNDER BAY,ON,P7B 6S2,700 Block MEMORIAL AV, TBPS] ASSAULT ACCUSED NOT PRESENT,Assault,ASSAULT
TB24022175,"06/02/2024, 12:39:55 AM","06/02/2024, 1:08:34 PM",THUNDER BAY,ON,P7A 4L9,100 Block CUMBERLAND ST N, TBPS] ASSAULT SUSP PRESENT OR IN AREA,Assault,ASSAULT
TB24022120,"06/01/2024, 5:11:56 PM","06/02/2024, 1:08:35 PM",THUNDER BAY,ON,P7A 2K3,100 Block MACDOUGALL ST, TBPS] ARSON 11-10 ARSON,Other Property Crime,ARSON
TB24022123,"06/01/2024, 5:45:29 PM","06/02/2024, 1:08:35 PM",THUNDER BAY,ON,P7B 2Z2,300 Block FORT WILLIAM RD," TBPS] THEFT IN PROGRESS, OVER 50000",Other Theft,THEFT
TB24022145,"06/01/2024, 8:49:55 PM","06/02/2024, 1:08:35 PM",THUNDER BAY,ON,P7B 3Z7,700 Block MEMORIAL AV, TBPS] THEFT SUSP STILL PRESENT OR MAY BE IN AREA,Other Theft,THEFT
TB24022168,"06/01/2024, 11:09:04 PM","06/02/2024, 1:08:35 PM",THUNDER BAY,ON,P7E 4G9,1600 Block FRANCIS ST W," TBPS] THEFT NOT IN PROGRESS, UNDER 5000",Other Theft,THEFT
TB24022082,"06/01/2024, 7:59:29 AM","06/02/2024, 1:08:36 PM",THUNDER BAY,ON,P7E 3B1,1900 Block MOUNTDALE AV, TBPS] B-E BUS/RES/OTH 11-10,Breaking & Entering,B-E BUS/RES/OTH
TB24022092,"06/01/2024, 9:37:46 AM","06/02/2024, 1:08:36 PM",THUNDER BAY,ON,P7E 6B9,1100 Block ARTHUR ST W," TBPS] THEFT NOT IN PROGRESS, UNDER 5000",Other Theft,THEFT
TB24022112,"06/01/2024, 2:19:25 PM","06/02/2024, 1:08:36 PM",THUNDER BAY,ON,P7C 2J6,100 Block PRUDEN ST," TBPS] THEFT NOT IN PROGRESS, UNDER 5000",Other Theft,THEFT
TB24022133,"06/01/2024, 6:55:01 PM","06/02/2024, 1:08:36 PM",THUNDER BAY,ON,P7A 3Z6,HILL ST N AND TUPPER ST, TBPS] MOTOR VEHICLE COLLISION MVC NO INJURIES,Traffic,MOTOR VEHICLE COLLISION
TB24022333,"06/03/2024, 4:00:40 AM","06/03/2024, 1:04:35 PM",THUNDER BAY,ON,P7B 6S2,700 Block MEMORIAL AV, TBPS] THEFT SUSP STILL PRESENT OR MAY BE IN AREA,Other Theft,THEFT
TB24022345,"06/03/2024, 5:12:47 AM","06/03/2024, 1:04:35 PM",THUNDER BAY,ON,P0T 2G0,4500 Block OLIVER RD," TBPS] MISCHIEF 11-10, MICHIEF OVER 5000",Other Property Crime,MISCHIEF
TB24022349,"06/03/2024, 5:47:36 AM","06/03/2024, 1:04:35 PM",THUNDER BAY,ON,P7E 5V3,500 Block DONALD ST E, TBPS] DRUG OFFENCES SUSP PRESENT OR MAY STILL BE IN AREA,Quality of Life,DRUG OFFENCES
TB24022285,"06/02/2024, 7:37:19 PM","06/03/2024, 1:04:36 PM",THUNDER BAY,ON,P7A 2K6,200 Block MACDOUGALL ST, TBPS] ASSAULT ACCUSED NOT PRESENT,Assault,ASSAULT
TB24022297,"06/02/2024, 10:10:09 PM","06/03/2024, 1:04:36 PM",THUNDER BAY,ON,P7C 4P7,400 Block EDWARD ST N, TBPS] INDECENT ACTS SUSP PRESENT OR MAY STILL BE IN AREA,Sexual Offense,INDECENT ACTS
TB24022298,"06/02/2024, 10:27:12 PM","06/03/2024, 1:04:36 PM",THUNDER BAY,ON,P7B 3A6,900 Block FORT WILLIAM RD, TBPS] MOTOR VEHICLE COLLISION MVC NO INJURIES,Traffic,MOTOR VEHICLE COLLISION
TB24022301,"06/02/2024, 10:35:35 PM","06/03/2024, 1:04:36 PM",THUNDER BAY,ON,P7C 3X8,100 Block CENTENNIAL SQ, TBPS] THEFT SUSP STILL PRESENT OR MAY BE IN AREA,Other Theft,THEFT
TB24022335,"06/03/2024, 4:15:12 AM","06/03/2024, 1:04:36 PM",THUNDER BAY,ON,P7B 6S2,700 Block MEMORIAL AV, TBPS] ASSAULT SUSP PRESENT OR IN AREA,Assault,ASSAULT
TB24022253,"06/02/2024, 12:07:24 PM","06/03/2024, 1:04:37 PM",THUNDER BAY,ON,P7E 4A5,300 Block AMELIA ST W, TBPS] B-E BUS/RES/OTH SUSP PRESENT OR MAY STILL BE IN AREA,Breaking & Entering,B-E BUS/RES/OTH
TB24022267,"06/02/2024, 4:11:54 PM","06/03/2024, 1:04:37 PM",THUNDER BAY,ON,P7E 3W2,200 Block FREDERICA ST W, TBPS] DRUG OFFENCES SUSP PRESENT OR MAY STILL BE IN AREA,Quality of Life,DRUG OFFENCES
TB24022274,"06/02/2024, 5:17:57 PM","06/03/2024, 1:04:37 PM",THUNDER BAY,ON,P7G 1H7,1100 Block DAWSON RD, TBPS] MOTOR VEHICLE COLLISION MVC NO INJURIES,Traffic,MOTOR VEHICLE COLLISION
TB24022278,"06/02/2024, 5:56:09 PM","06/03/2024, 1:04:37 PM",THUNDER BAY,ON,P7G 2G1,200 Block LYDIA AV, TBPS] ASSAULT SUSP PRESENT OR IN AREA,Assault,ASSAULT
TB24022281,"06/02/2024, 6:50:48 PM","06/03/2024, 1:04:37 PM",THUNDER BAY,ON,P7C 3T7,500 Block BRODIE ST N, TBPS] ASSAULT SUSP PRESENT OR IN AREA,Assault,ASSAULT
TB24022295,"06/02/2024, 9:44:30 PM","06/03/2024, 1:04:37 PM",THUNDER BAY,ON,P7E 6H2,200 Block AMELIA ST W," TBPS] THEFT NOT IN PROGRESS, UNDER 5000",Other Theft,THEFT
TB24022014,"06/01/2024, 12:54:00 AM","06/03/2024, 1:04:38 PM",THUNDER BAY,ON,P7A 4K8,1000 Block DAWSON RD, TBPS] ASSAULT ACCUSED NOT PRESENT,Assault,ASSAULT
TB24022076,"06/01/2024, 7:41:27 AM","06/03/2024, 1:04:38 PM",THUNDER BAY,ON,P7B 3Y6,400 Block MEMORIAL AV, TBPS] ASSAULT ACCUSED NOT PRESENT,Assault,ASSAULT
TB24022119,"06/01/2024, 5:10:24 PM","06/03/2024, 1:04:38 PM",THUNDER BAY,ON,P7E 6H2,200 Block AMELIA ST W, TBPS] ASSAULT ACCUSED NOT PRESENT,Assault,ASSAULT
TB24022189,"06/02/2024, 1:54:15 AM","06/03/2024, 1:04:38 PM",THUNDER BAY,ON,P7E 5N6,1700 Block ARTHUR ST E, TBPS] ASSAULT ACCUSED NOT PRESENT,Assault,ASSAULT
TB24022232,"06/02/2024, 7:29:24 AM","06/03/2024, 1:04:38 PM",THUNDER BAY,ON,P7E 3L5,800 Block NEEBING AV, TBPS] MOTOR VEHICLE COLLISION MVC NO INJURIES,Traffic,MOTOR VEHICLE COLLISION
TB24022233,"06/02/2024, 7:36:05 AM","06/03/2024, 1:04:38 PM",THUNDER BAY,ON,P7E 4W9,WALSH ST W AND JAMES ST S, TBPS] MOTOR VEHICLE COLLISION MVC - AMB ENR - DUAL RESP,Other,MOTOR VEHICLE COLLISION
TB24022241,"06/02/2024, 8:58:21 AM","06/03/2024, 1:04:38 PM",THUNDER BAY,ON,P7E 4W7,200 Block WALSH ST W, TBPS] ARSON SUSP MAY BE PRESENT OR IN AREA,Property Crime,ARSON
TB24022257,"06/02/2024, 2:05:56 PM","06/03/2024, 1:04:38 PM",THUNDER BAY,ON,P7C 1C7,VICTORIA AV E AND SELKIRK ST N, TBPS] MOTOR VEHICLE COLLISION MVC NO INJURIES,Traffic,MOTOR VEHICLE COLLISION
TB24022289,"06/02/2024, 8:02:43 PM","06/03/2024, 1:04:38 PM",THUNDER BAY,ON,P7C 3H7,300 Block SIMPSON ST," TBPS] MISCHIEF IP/SUSP IN AREA, UNDER 5,000",Other Property Crime,MISCHIEF
TB24022093,"06/01/2024, 10:07:48 AM","06/03/2024, 1:04:39 PM",THUNDER BAY,ON,P7C 3V8,200 Block SYNDICATE AV N, TBPS] ASSAULT ACCUSED NOT PRESENT,Assault,ASSAULT
TB24022320,"06/03/2024, 2:04:59 AM","06/03/2024, 1:05:22 PM",THUNDER BAY,ON,P7B 5J4,1000 Block DAWSON RD, TBPS] LIQUOR LICENCE ACT LIQUOR LICENCE ACT VIOLATION IN PROGRESS,Quality of Life,LIQUOR LICENCE ACT
TB24022327,"06/03/2024, 3:38:17 AM","06/03/2024, 1:05:22 PM",THUNDER BAY,ON,P7C,1 Block LIMBRICK ST, TBPS] ROBBERY NO WEAPONS - SUSP STILL IN AREA,Robbery,ROBBERY
TB24022435,"06/03/2024, 10:43:39 PM","06/04/2024, 1:07:59 PM",THUNDER BAY,ON,P7B 6B9,1000 Block FORT WILLIAM RD," TBPS] THEFT NOT IN PROGRESS, OVER 5000",Other Theft,THEFT
TB24022466,"06/04/2024, 2:42:57 AM","06/04/2024, 1:08:04 PM",THUNDER BAY,ON,P7E 5V3,500 Block DONALD ST E, TBPS] ASSAULT SUSP PRESENT OR IN AREA,Assault,ASSAULT
TB24022479,"06/04/2024, 4:28:03 AM","06/04/2024, 1:08:05 PM",THUNDER BAY,ON,P7B 5L4,1 Block CUMBERLAND ST S, TBPS] ROBBERY NO WEAPONS - SUSP STILL IN AREA,Robbery,ROBBERY
TB24022483,"06/04/2024, 5:06:57 AM","06/04/2024, 1:08:06 PM",THUNDER BAY,ON,P7E 5H5,800 Block RIDGEWAY ST E, TBPS] ROBBERY NO WEAPONS - SUSP STILL IN AREA,Robbery,ROBBERY
TB24021962,"05/31/2024, 7:10:28 PM","06/04/2024, 1:08:13 PM",THUNDER BAY,ON,P7C 1C5,1500 Block VICTORIA AV E, TBPS] ARSON 11-10 ARSON,Other Property Crime,ARSON
TB24022313,"06/03/2024, 12:31:11 AM","06/04/2024, 1:08:24 PM",THUNDER BAY,ON,P7E 4X8,1400 Block HAMILTON AV, TBPS] ASSAULT ACCUSED NOT PRESENT,Assault,ASSAULT
TB24022336,"06/03/2024, 4:17:22 AM","06/04/2024, 1:08:27 PM",THUNDER BAY,ON,P7B 5T1,100 Block VALLEY ST, TBPS] ASSAULT ACCUSED PRESENT,Assault,ASSAULT
TB24022355,"06/03/2024, 6:42:25 AM","06/04/2024, 1:08:29 PM",THUNDER BAY,ON,P7B 1V8,200 Block WINDSOR ST, TBPS] ASSAULT SUSP PRESENT OR IN AREA,Assault,ASSAULT
TB24022364,"06/03/2024, 9:15:17 AM","06/04/2024, 1:08:30 PM",THUNDER BAY,ON,P7E 5R5,500 Block ARTHUR ST W, TBPS] THEFT SUSP STILL PRESENT OR MAY BE IN AREA,Other Theft,THEFT
TB24022368,"06/03/2024, 10:14:04 AM","06/04/2024, 1:08:30 PM",THUNDER BAY,ON,P7E 5R8,600 Block ARTHUR ST W," TBPS] MISCHIEF IP/SUSP IN AREA, UNDER 5,000",Other Property Crime,MISCHIEF
TB24022378,"06/03/2024, 2:47:42 PM","06/04/2024, 1:08:31 PM",THUNDER BAY,ON,P7B 1B8,400 Block WAVERLY ST, TBPS] MOTOR VEHICLE COLLISION 11-10 MVC ANY TYPE,Other,MOTOR VEHICLE COLLISION
TB24022381,"06/03/2024, 3:47:33 PM","06/04/2024, 1:08:31 PM",THUNDER BAY,ON,P7B 6L6,100 Block HAWTHORNE DR, TBPS] MOTOR VEHICLE COLLISION 11-10 MVC ANY TYPE,Other,MOTOR VEHICLE COLLISION
TB24022384,"06/03/2024, 3:56:32 PM","06/04/2024, 1:08:32 PM",THUNDER BAY,ON,P7B 6V4,900 Block OLIVER RD, TBPS] MOTOR VEHICLE COLLISION 11-10 MVC ANY TYPE,Other,MOTOR VEHICLE COLLISION
TB24022386,"06/03/2024, 4:07:23 PM","06/04/2024, 1:08:32 PM",THUNDER BAY,ON,P7B 3J9,JOHN ST AND BANNING ST, TBPS] MOTOR VEHICLE COLLISION 11-10 MVC ANY TYPE,Other,MOTOR VEHICLE COLLISION
TB24022387,"06/03/2024, 4:07:56 PM","06/04/2024, 1:08:32 PM",THUNDER BAY,ON,P7E 5M8,900 Block ARTHUR ST E, TBPS] THEFT SUSP STILL PRESENT OR MAY BE IN AREA,Other Theft,THEFT
TB24022393,"06/03/2024, 5:10:39 PM","06/04/2024, 1:08:32 PM",THUNDER BAY,ON,P7A 3V6,400 Block DAWSON ST, TBPS] MOTOR VEHICLE COLLISION 11-10 MVC ANY TYPE,Other,MOTOR VEHICLE COLLISION
TB24022396,"06/03/2024, 5:27:04 PM","06/04/2024, 1:08:32 PM",THUNDER BAY,ON,P7B 6V4,900 Block OLIVER RD, TBPS] THEFT SUSP STILL PRESENT OR MAY BE IN AREA,Other Theft,THEFT
TB24022398,"06/03/2024, 5:44:33 PM","06/04/2024, 1:08:33 PM",THUNDER BAY,ON,P7A 4B3,200 Block CAMELOT ST, TBPS] THEFT SUSP STILL PRESENT OR MAY BE IN AREA,Other Theft,THEFT
TB24022399,"06/03/2024, 5:53:39 PM","06/04/2024, 1:08:33 PM",THUNDER BAY,ON,P7C 5N5,1 Block KINGSWOOD CT," TBPS] MISCHIEF 11-10, MICHIEF UNDER 5000",Other Property Crime,MISCHIEF
TB24022401,"06/03/2024, 6:26:31 PM","06/04/2024, 1:08:33 PM",THUNDER BAY,ON,P7B 1E5,200 Block PEARL ST," TBPS] MISCHIEF IP/SUSP IN AREA, MICHIEF OVER 5000",Other Property Crime,MISCHIEF
TB24022402,"06/03/2024, 6:30:59 PM","06/04/2024, 1:08:33 PM",THUNDER BAY,ON,P7E 3W7,500 Block FREDERICA ST W, TBPS] ASSAULT SUSP PRESENT OR IN AREA,Assault,ASSAULT
TB24022403,"06/03/2024, 6:34:45 PM","06/04/2024, 1:08:33 PM",THUNDER BAY,ON,P7E 1G7,300 Block ARCHIBALD ST S, TBPS] B-E BUS/RES/OTH SUSP PRESENT OR MAY STILL BE IN AREA,Breaking & Entering,B-E BUS/RES/OTH
TB24022411,"06/03/2024, 7:13:40 PM","06/04/2024, 1:08:33 PM",THUNDER BAY,ON,P7B 6S7,1 Block WALKOVER ST," TBPS] THEFT NOT IN PROGRESS, FROM MOTOR VEHICLE",Theft from Vehicle,THEFT
TB24022415,"06/03/2024, 7:49:40 PM","06/04/2024, 1:08:34 PM",THUNDER BAY,ON,P7B 2G1,OLIVER RD AND HIGH ST S, TBPS] MOTOR VEHICLE COLLISION 11-10 MVC ANY TYPE,Other,MOTOR VEHICLE COLLISION
TB24022421,"06/03/2024, 9:30:12 PM","06/04/2024, 1:08:34 PM",THUNDER BAY,ON,P7C 5H8,800 Block HAROLD CR," TBPS] MISCHIEF 11-10, MICHIEF UNDER 5000",Other Property Crime,MISCHIEF
TB24022621,"06/05/2024, 3:00:32 AM","06/05/2024, 1:06:58 PM",THUNDER BAY,ON,P7A 4V4,COURT ST N AND RAY CT, TBPS] DRUG OFFENCES SUSP PRESENT OR MAY STILL BE IN AREA,Quality of Life,DRUG OFFENCES
TB24022596,"06/04/2024, 11:50:20 PM","06/05/2024, 1:06:59 PM",THUNDER BAY,ON,P7E 5H5,800 Block RIDGEWAY ST E, TBPS] DRUG OFFENCES SUSP PRESENT OR MAY STILL BE IN AREA,Quality of Life,DRUG OFFENCES
TB24022598,"06/04/2024, 11:56:44 PM","06/05/2024, 1:06:59 PM",THUNDER BAY,ON,P7B 6V4,900 Block OLIVER RD, TBPS] LIQUOR LICENCE ACT LIQUOR LICENCE ACT VIOLATION IN PROGRESS,Quality of Life,LIQUOR LICENCE ACT
TB24022600,"06/05/2024, 12:13:43 AM","06/05/2024, 1:06:59 PM",THUNDER BAY,ON,P7B 1V6,BLUCHER CR AND JUNOT AV S, TBPS] HYDRO WIRES DOWN-POSS FIRE HYDRO WIRES DOWN - FIRE/HYDRO,Emergency,HYDRO WIRES DOWN-POSS FIRE
TB24022552,"06/04/2024, 7:24:06 PM","06/05/2024, 1:06:59 PM",THUNDER BAY,ON,P7B 5L6,300 Block MAIN ST, TBPS] THEFT SUSP STILL PRESENT OR MAY BE IN AREA,Other Theft,THEFT
TB24022558,"06/04/2024, 8:03:01 PM","06/05/2024, 1:06:59 PM",THUNDER BAY,ON,P7B 6S2,700 Block MEMORIAL AV, TBPS] MOTOR VEHICLE COLLISION 11-10 MVC ANY TYPE,Other,MOTOR VEHICLE COLLISION
TB24022560,"06/04/2024, 8:06:53 PM","06/05/2024, 1:06:59 PM",THUNDER BAY,ON,P7C,MAY ST N AND MILES ST E, TBPS] MOTOR VEHICLE COLLISION 11-10 MVC ANY TYPE,Other,MOTOR VEHICLE COLLISION
TB24022563,"06/04/2024, 8:17:08 PM","06/05/2024, 1:06:59 PM",THUNDER BAY,ON,P7C 1A1,100 Block SIMPSON ST, TBPS] LIQUOR LICENCE ACT LIQUOR LICENCE ACT VIOLATION IN PROGRESS,Quality of Life,LIQUOR LICENCE ACT
TB24022570,"06/04/2024, 9:10:57 PM","06/05/2024, 1:06:59 PM",THUNDER BAY,ON,P7E 5R5,500 Block ARTHUR ST W, TBPS] LIQUOR LICENCE ACT LIQUOR LICENCE ACT VIOLATION IN PROGRESS,Quality of Life,LIQUOR LICENCE ACT
TB24022572,"06/04/2024, 9:28:05 PM","06/05/2024, 1:06:59 PM",THUNDER BAY,ON,P7B 6V4,900 Block OLIVER RD, TBPS] THEFT SUSP STILL PRESENT OR MAY BE IN AREA,Other Theft,THEFT
TB24022595,"06/04/2024, 11:48:40 PM","06/05/2024, 1:07:00 PM",THUNDER BAY,ON,P7A 3W8,500 Block DAWSON ST," TBPS] THEFT NOT IN PROGRESS, OVER 5000",Other Theft,THEFT
TB24022544,"06/04/2024, 6:49:24 PM","06/05/2024, 1:07:00 PM",THUNDER BAY,ON,P7B 3A6,900 Block FORT WILLIAM RD, TBPS] MOTOR VEHICLE COLLISION 11-10 MVC ANY TYPE,Other,MOTOR VEHICLE COLLISION
TB24022547,"06/04/2024, 7:14:39 PM","06/05/2024, 1:07:00 PM",THUNDER BAY,ON,P7B 3G2,100 Block ONTARIO ST, TBPS] MOTOR VEHICLE COLLISION 11-10 MVC ANY TYPE,Other,MOTOR VEHICLE COLLISION
TB24022573,"06/04/2024, 9:29:24 PM","06/05/2024, 1:07:00 PM",THUNDER BAY,ON,P7B 4L9,1 Block ENNISKILLEN AV," TBPS] THEFT NOT IN PROGRESS, UNDER 5000",Other Theft,THEFT
TB24022592,"06/04/2024, 11:18:05 PM","06/05/2024, 1:07:01 PM",THUNDER BAY,ON,P7B 2T2,200 Block PARK AV," TBPS] MISCHIEF 11-10, MICHIEF UNDER 5000",Other Property Crime,MISCHIEF
TB24022517,"06/04/2024, 3:56:53 PM","06/05/2024, 1:07:01 PM",THUNDER BAY,ON,P7B 3Y6,500 Block MEMORIAL AV, TBPS] MOTOR VEHICLE COLLISION 11-10 MVC ANY TYPE,Other,MOTOR VEHICLE COLLISION
TB24022518,"06/04/2024, 3:59:35 PM","06/05/2024, 1:07:01 PM",THUNDER BAY,ON,P7B 3Y7,400 Block MEMORIAL AV," TBPS] THEFT NOT IN PROGRESS, FROM MOTOR VEHICLE",Theft from Vehicle,THEFT
TB24022527,"06/04/2024, 4:33:05 PM","06/05/2024, 1:07:01 PM",THUNDER BAY,ON,P7B 4H7,1 Block RAVENWOOD AV," TBPS] THEFT NOT IN PROGRESS, FROM MOTOR VEHICLE",Theft from Vehicle,THEFT
TB24022531,"06/04/2024, 4:43:43 PM","06/05/2024, 1:07:01 PM",THUNDER BAY,ON,P7B 5T1,100 Block VALLEY ST, TBPS] ASSAULT ACCUSED NOT PRESENT,Assault,ASSAULT
TB24022543,"06/04/2024, 6:47:17 PM","06/05/2024, 1:07:01 PM",THUNDER BAY,ON,P7B 6C8,400 Block PARK AV," TBPS] MISCHIEF 11-10, MICHIEF UNDER 5000",Other Property Crime,MISCHIEF
TB24022586,"06/04/2024, 10:35:14 PM","06/05/2024, 1:07:02 PM",THUNDER BAY,ON,P7B 1E7,300 Block PEARL ST," TBPS] THEFT NOT IN PROGRESS, UNDER 5000",Other Theft,THEFT
TB24022587,"06/04/2024, 10:40:56 PM","06/05/2024, 1:07:02 PM",THUNDER BAY,ON,P7A 7V9,1 Block REGENT ST, TBPS] B-E BUS/RES/OTH 11-10,Breaking & Entering,B-E BUS/RES/OTH
TB24022591,"06/04/2024, 11:13:53 PM","06/05/2024, 1:07:02 PM",THUNDER BAY,ON,P7C 2M5,HERON ST AND MCMURRAY ST, TBPS] ASSAULT ACCUSED NOT PRESENT,Assault,ASSAULT
TB24022470,"06/04/2024, 3:42:27 AM","06/05/2024, 1:07:02 PM",THUNDER BAY,ON,P7E 5P4,2800 Block ARTHUR ST E, TBPS] ASSAULT ACCUSED NOT PRESENT,Assault,ASSAULT
TB24022510,"06/04/2024, 2:36:20 PM","06/05/2024, 1:07:02 PM",THUNDER BAY,ON,P7B 1K3,800 Block RED RIVER RD, TBPS] MOTOR VEHICLE COLLISION MVC NO INJURIES,Traffic,MOTOR VEHICLE COLLISION
TB24022516,"06/04/2024, 3:51:57 PM","06/05/2024, 1:07:02 PM",THUNDER BAY,ON,P7B 6S2,700 Block MEMORIAL AV, TBPS] MOTOR VEHICLE COLLISION 11-10 MVC ANY TYPE,Other,MOTOR VEHICLE COLLISION
TB24022395,"06/03/2024, 5:19:22 PM","06/05/2024, 1:07:03 PM",THUNDER BAY,ON,P7B 5N5,200 Block RAVENWOOD AV, TBPS] B-E BUS/RES/OTH 11-10,Breaking & Entering,B-E BUS/RES/OTH
TB24022410,"06/03/2024, 7:06:51 PM","06/05/2024, 1:07:03 PM",THUNDER BAY,ON,P7B 6G2,200 Block BLUCHER AV, TBPS] ASSAULT ACCUSED NOT PRESENT,Assault,ASSAULT
TB24022477,"06/04/2024, 4:16:29 AM","06/05/2024, 1:07:03 PM",THUNDER BAY,ON,P7A 7S3,400 Block COUNTY BLVD, TBPS] B-E BUS/RES/OTH SUSP PRESENT OR MAY STILL BE IN AREA,Breaking & Entering,B-E BUS/RES/OTH
TB24022486,"06/04/2024, 5:39:35 AM","06/05/2024, 1:07:03 PM",THUNDER BAY,ON,P7G 1J3,WOODCREST RD AND LOUIS ST, TBPS] MOTOR VEHICLE COLLISION MVC - AMB ENR - DUAL RESP,Other,MOTOR VEHICLE COLLISION
TB24022490,"06/04/2024, 6:26:44 AM","06/05/2024, 1:07:03 PM",THUNDER BAY,ON,P7C 3V8,200 Block SYNDICATE AV N, TBPS] ASSAULT ACCUSED NOT PRESENT,Assault,ASSAULT
TB24022492,"06/04/2024, 7:49:02 AM","06/05/2024, 1:07:03 PM",THUNDER BAY,ON,P7E 4H5,300 Block BROCK ST E, TBPS] MOTOR VEHICLE COLLISION MVC NO INJURIES,Traffic,MOTOR VEHICLE COLLISION
TB24022500,"06/04/2024, 11:47:10 AM","06/05/2024, 1:07:03 PM",THUNDER BAY,ON,P7C 2E8,100 Block INGLEWOOD CR, TBPS] B-E BUS/RES/OTH SUSP PRESENT OR MAY STILL BE IN AREA,Breaking & Entering,B-E BUS/RES/OTH
TB24022795,"06/06/2024, 7:00:01 AM","06/06/2024, 1:04:09 PM",THUNDER BAY,ON,P7C 1N7,200 Block CUMMING ST, TBPS] ASSAULT SUSP PRESENT OR IN AREA,Assault,ASSAULT
TB24022717,"06/05/2024, 8:23:47 PM","06/06/2024, 1:04:10 PM",THUNDER BAY,ON,P7B 2W9,PEARL ST AND COURT ST S, TBPS] MOTOR VEHICLE COLLISION MVC NO INJURIES,Traffic,MOTOR VEHICLE COLLISION
TB24022749,"06/06/2024, 12:37:27 AM","06/06/2024, 1:04:10 PM",THUNDER BAY,ON,P7E 5P7,200 Block ARTHUR ST W, TBPS] MOTOR VEHICLE COLLISION MVC - AMB ENR - DUAL RESP,Other,MOTOR VEHICLE COLLISION
TB24022750,"06/06/2024, 12:37:28 AM","06/06/2024, 1:04:10 PM",THUNDER BAY,ON,P7E 5P7,200 Block ARTHUR ST W, TBPS] MOTOR VEHICLE COLLISION MVC INJURIES FIRE NOT REQ,Traffic,MOTOR VEHICLE COLLISION
TB24022690,"06/05/2024, 5:09:57 PM","06/06/2024, 1:04:11 PM",THUNDER BAY,ON,P7A,RED RIVER RD AND THUNDER BAY EXPRESSWAY, TBPS] MOTOR VEHICLE COLLISION 11-10 MVC ANY TYPE,Other,MOTOR VEHICLE COLLISION
TB24022703,"06/05/2024, 6:40:48 PM","06/06/2024, 1:04:11 PM",THUNDER BAY,ON,P7E 5V3,500 Block DONALD ST E, TBPS] ASSAULT SUSP PRESENT OR IN AREA,Assault,ASSAULT
TB24022707,"06/05/2024, 7:16:12 PM","06/06/2024, 1:04:11 PM",THUNDER BAY,ON,P7B 5L6,300 Block MAIN ST, TBPS] THEFT SUSP STILL PRESENT OR MAY BE IN AREA,Other Theft,THEFT
TB24022711,"06/05/2024, 7:45:30 PM","06/06/2024, 1:04:11 PM",THUNDER BAY,ON,P7G 1N6,BELROSE RD AND OLIVER RD, TBPS] MOTOR VEHICLE COLLISION MVC - AMB ENR - DUAL RESP,Other,MOTOR VEHICLE COLLISION
TB24022716,"06/05/2024, 8:23:34 PM","06/06/2024, 1:04:11 PM",THUNDER BAY,ON,P7B 2W9,PEARL ST AND COURT ST S, TBPS] MOTOR VEHICLE COLLISION MVC NO INJURIES,Traffic,MOTOR VEHICLE COLLISION
TB24022774,"06/06/2024, 3:47:46 AM","06/06/2024, 1:04:11 PM",THUNDER BAY,ON,P7B 5R7,100 Block CUMBERLAND ST S, TBPS] ROBBERY WEAPONS - SUSP STILL IN AREA,Robbery,ROBBERY
TB24022660,"06/05/2024, 11:00:00 AM","06/06/2024, 1:04:12 PM",THUNDER BAY,ON,P7C 3H1,1 Block SIMPSON ST, TBPS] STOLEN VEHICLE SUSP NOT IN AREA,Theft of Vehicle,STOLEN VEHICLE
TB24022666,"06/05/2024, 2:22:42 PM","06/06/2024, 1:04:12 PM",THUNDER BAY,ON,P7B 1K2,800 Block RED RIVER RD, TBPS] MOTOR VEHICLE COLLISION 11-10 MVC ANY TYPE,Other,MOTOR VEHICLE COLLISION
TB24022670,"06/05/2024, 2:39:12 PM","06/06/2024, 1:04:12 PM",THUNDER BAY,ON,P7A 4P8,300 Block CUMBERLAND ST N, TBPS] MOTOR VEHICLE COLLISION 11-10 MVC ANY TYPE,Other,MOTOR VEHICLE COLLISION
TB24022673,"06/05/2024, 3:01:40 PM","06/06/2024, 1:04:12 PM",THUNDER BAY,ON,P7E 6H2,200 Block AMELIA ST W, TBPS] ASSAULT SUSP PRESENT OR IN AREA,Assault,ASSAULT
TB24022687,"06/05/2024, 5:04:19 PM","06/06/2024, 1:04:12 PM",THUNDER BAY,ON,P7C 4P7,400 Block EDWARD ST N, TBPS] MOTOR VEHICLE COLLISION 11-10 MVC ANY TYPE,Other,MOTOR VEHICLE COLLISION
TB24022571,"06/04/2024, 9:12:55 PM","06/06/2024, 1:04:13 PM",THUNDER BAY,ON,P7B 7C6,900 Block CARRICK ST," TBPS] THEFT NOT IN PROGRESS, UNDER 5000",Other Theft,THEFT
TB24022640,"06/05/2024, 6:05:03 AM","06/06/2024, 1:04:13 PM",THUNDER BAY,ON,P7E 1H4,100 Block MCKELLAR ST S, TBPS] ASSAULT SUSP PRESENT OR IN AREA,Assault,ASSAULT
TB24022652,"06/05/2024, 8:13:36 AM","06/06/2024, 1:04:13 PM",THUNDER BAY,ON,P7B 5J4,1000 Block DAWSON RD, TBPS] ASSAULT SUSP PRESENT OR IN AREA,Assault,ASSAULT
TB24022667,"06/05/2024, 2:25:26 PM","06/06/2024, 1:04:13 PM",THUNDER BAY,ON,P7B 2B6,600 Block MONTGOMERY ST, TBPS] MOTOR VEHICLE COLLISION 11-10 MVC ANY TYPE,Other,MOTOR VEHICLE COLLISION
TB24022669,"06/05/2024, 2:33:17 PM","06/06/2024, 1:04:13 PM",THUNDER BAY,ON,P7E 3C9,1100 Block CRAWFORD AV, TBPS] MOTOR VEHICLE COLLISION 11-10 MVC ANY TYPE,Other,MOTOR VEHICLE COLLISION
TB24022671,"06/05/2024, 2:46:04 PM","06/06/2024, 1:04:13 PM",THUNDER BAY,ON,P7B 3A6,900 Block FORT WILLIAM RD, TBPS] MOTOR VEHICLE COLLISION 11-10 MVC ANY TYPE,Other,MOTOR VEHICLE COLLISION
TB24022672,"06/05/2024, 2:56:18 PM","06/06/2024, 1:04:13 PM",THUNDER BAY,ON,P7A 5S3,300 Block HIGH ST N, TBPS] MOTOR VEHICLE COLLISION 11-10 MVC ANY TYPE,Other,MOTOR VEHICLE COLLISION
TB24022550,"06/04/2024, 7:22:44 PM","06/06/2024, 1:04:14 PM",THUNDER BAY,ON,P7B 5R7,100 Block CUMBERLAND ST S, TBPS] DRUG OFFENCES SUSP PRESENT OR MAY STILL BE IN AREA,Quality of Life,DRUG OFFENCES
TB24022760,"06/06/2024, 1:57:16 AM","06/06/2024, 1:04:22 PM",THUNDER BAY,ON,P7B 3Z7,700 Block MEMORIAL AV, TBPS] THEFT SUSP STILL PRESENT OR MAY BE IN AREA,Other Theft,THEFT
TB24022780,"06/06/2024, 4:28:12 AM","06/06/2024, 1:04:22 PM",THUNDER BAY,ON,P7C 2P4,200 Block ROWAND ST, TBPS] DRUG OFFENCES SUSP PRESENT OR MAY STILL BE IN AREA,Quality of Life,DRUG OFFENCES
TB24022938,"06/07/2024, 4:37:11 AM","06/07/2024, 1:08:33 PM",THUNDER BAY,ON,P7B 6S2,700 Block MEMORIAL AV, TBPS] THEFT SUSP STILL PRESENT OR MAY BE IN AREA,Other Theft,THEFT
TB24022939,"06/07/2024, 4:40:45 AM","06/07/2024, 1:08:33 PM",THUNDER BAY,ON,P7B 3J2,100 Block BANNING ST," TBPS] THEFT NOT IN PROGRESS, UNDER 5000",Other Theft,THEFT
TB24022932,"06/07/2024, 3:49:43 AM","06/07/2024, 1:08:33 PM",THUNDER BAY,ON,P7B 5J4,1000 Block DAWSON RD, TBPS] LIQUOR LICENCE ACT LIQUOR LICENCE ACT VIOLATION IN PROGRESS,Quality of Life,LIQUOR LICENCE ACT
TB24022941,"06/07/2024, 5:01:52 AM","06/07/2024, 1:08:33 PM",THUNDER BAY,ON,P7B 2G3,300 Block OLIVER RD, TBPS] ROBBERY NO WEAPONS - SUSP STILL IN AREA,Robbery,ROBBERY
TB24022928,"06/07/2024, 3:19:25 AM","06/07/2024, 1:08:34 PM",THUNDER BAY,ON,P7C 2G2,600 Block VALE CR, TBPS] B-E BUS/RES/OTH 11-10,Breaking & Entering,B-E BUS/RES/OTH
TB24022929,"06/07/2024, 3:22:20 AM","06/07/2024, 1:08:34 PM",THUNDER BAY,ON,P7B 5Z5,1200 Block BALMORAL ST, TBPS] STOLEN VEHICLE SUSP NOT IN AREA,Theft of Vehicle,STOLEN VEHICLE
TB24022942,"06/07/2024, 5:10:45 AM","06/07/2024, 1:08:34 PM",THUNDER BAY,ON,P7G 1C4,300 Block CANTERBURY CR," TBPS] THEFT NOT IN PROGRESS, UNDER 5000",Other Theft,THEFT
TB24022888,"06/06/2024, 9:58:34 PM","06/07/2024, 1:08:35 PM",THUNDER BAY,ON,P7E 6H2,200 Block AMELIA ST W, TBPS] DRUG OFFENCES SUSP PRESENT OR MAY STILL BE IN AREA,Quality of Life,DRUG OFFENCES
TB24022895,"06/06/2024, 10:20:45 PM","06/07/2024, 1:08:35 PM",THUNDER BAY,ON,P7E 5P4,ARTHUR ST E AND FORD ST S, TBPS] MOTOR VEHICLE COLLISION MVC - AMB ENR - DUAL RESP,Other,MOTOR VEHICLE COLLISION
TB24022870,"06/06/2024, 8:00:00 PM","06/07/2024, 1:08:36 PM",THUNDER BAY,ON,P7B 3Y6,400 Block MEMORIAL AV, TBPS] MOTOR VEHICLE COLLISION MVC NO INJURIES,Traffic,MOTOR VEHICLE COLLISION
TB24022877,"06/06/2024, 8:44:10 PM","06/07/2024, 1:08:36 PM",THUNDER BAY,ON,P7E 5R8,1000 Block ARTHUR ST W, TBPS] ASSAULT SUSP PRESENT OR IN AREA,Assault,ASSAULT
TB24022863,"06/06/2024, 7:14:23 PM","06/07/2024, 1:08:36 PM",THUNDER BAY,ON,P7B 7C6,900 Block CARRICK ST, TBPS] MOTOR VEHICLE COLLISION 11-10 MVC ANY TYPE,Other,MOTOR VEHICLE COLLISION
TB24022873,"06/06/2024, 8:18:02 PM","06/07/2024, 1:08:36 PM",THUNDER BAY,ON,P7E 5V3,MAY ST S AND DONALD ST E, TBPS] MOTOR VEHICLE COLLISION 11-10 MVC ANY TYPE,Other,MOTOR VEHICLE COLLISION
TB24022901,"06/06/2024, 11:11:06 PM","06/07/2024, 1:08:36 PM",THUNDER BAY,ON,P7B 2X5,100 Block COURT ST S, TBPS] DRUG OFFENCES SUSP PRESENT OR MAY STILL BE IN AREA,Quality of Life,DRUG OFFENCES
TB24022828,"06/06/2024, 2:32:02 PM","06/07/2024, 1:08:37 PM",THUNDER BAY,ON,P7E 5S2,1100 Block ARTHUR ST W, TBPS] MOTOR VEHICLE COLLISION 11-10 MVC ANY TYPE,Other,MOTOR VEHICLE COLLISION
TB24022834,"06/06/2024, 3:58:35 PM","06/07/2024, 1:08:37 PM",THUNDER BAY,ON,P7E 5V3,500 Block DONALD ST E, TBPS] LIQUOR LICENCE ACT LIQUOR LICENCE ACT VIOLATION IN PROGRESS,Quality of Life,LIQUOR LICENCE ACT
TB24022842,"06/06/2024, 4:42:15 PM","06/07/2024, 1:08:37 PM",THUNDER BAY,ON,P7B 5L6,300 Block MAIN ST, TBPS] THEFT SUSP STILL PRESENT OR MAY BE IN AREA,Other Theft,THEFT
TB24022858,"06/06/2024, 6:36:09 PM","06/07/2024, 1:08:37 PM",THUNDER BAY,ON,P7E 5R5,500 Block ARTHUR ST W," TBPS] THEFT NOT IN PROGRESS, UNDER 5000",Other Theft,THEFT
TB24022821,"06/06/2024, 12:37:48 PM","06/07/2024, 1:08:38 PM",THUNDER BAY,ON,P7B 7A6,GOLF LINKS RD AND CENTRAL AV, TBPS] MOTOR VEHICLE COLLISION MVC NO INJURIES,Traffic,MOTOR VEHICLE COLLISION
TB24022846,"06/06/2024, 5:10:21 PM","06/07/2024, 1:08:38 PM",THUNDER BAY,ON,P7A 5S3,300 Block HIGH ST N, TBPS] ASSAULT ACCUSED PRESENT,Assault,ASSAULT
TB24022730,"06/05/2024, 10:06:44 PM","06/07/2024, 1:08:38 PM",THUNDER BAY,ON,P7B,MEMORIAL AV AND CENTRAL AV, TBPS] MOTOR VEHICLE COLLISION 11-10 MVC ANY TYPE,Other,MOTOR VEHICLE COLLISION
TB24022776,"06/06/2024, 4:02:50 AM","06/07/2024, 1:08:38 PM",THUNDER BAY,ON,P7E 3N4,NEEBING AV AND CONFEDERATION DR, TBPS] LIQUOR LICENCE ACT LIQUOR LICENCE ACT VIOLATION IN PROGRESS,Quality of Life,LIQUOR LICENCE ACT
TB24023066,"06/07/2024, 11:28:39 PM","06/08/2024, 1:02:34 PM",THUNDER BAY,ON,P7B 3E3,100 Block SECORD ST, TBPS] B-E BUS/RES/OTH SUSP PRESENT OR MAY STILL BE IN AREA,Breaking & Entering,B-E BUS/RES/OTH
TB24023064,"06/07/2024, 11:16:43 PM","06/08/2024, 1:02:34 PM",THUNDER BAY,ON,.,PACIFIC AV AND SIMPSON ST, TBPS] DRUG OFFENCES SUSP PRESENT OR MAY STILL BE IN AREA,Quality of Life,DRUG OFFENCES
TB24023096,"06/08/2024, 2:57:09 AM","06/08/2024, 1:02:34 PM",THUNDER BAY,ON,P7C 2N4,300 Block OGDEN ST, TBPS] MOTOR VEHICLE COLLISION MVC - AMB ENR - DUAL RESP,Other,MOTOR VEHICLE COLLISION
TB24023104,"06/08/2024, 3:46:41 AM","06/08/2024, 1:02:34 PM",THUNDER BAY,ON,P7B 5C9,PICCADILLY AV AND TOKIO ST, TBPS] ASSAULT SUSP PRESENT OR IN AREA,Assault,ASSAULT
TB24023087,"06/08/2024, 1:57:22 AM","06/08/2024, 1:02:34 PM",THUNDER BAY,ON,P7A 4K8,1000 Block DAWSON RD," TBPS] THEFT NOT IN PROGRESS, UNDER 5000",Other Theft,THEFT
TB24023100,"06/08/2024, 3:22:41 AM","06/08/2024, 1:02:34 PM",THUNDER BAY,ON,P7B 5L6,300 Block MAIN ST, TBPS] THEFT SUSP STILL PRESENT OR MAY BE IN AREA,Other Theft,THEFT
TB24023109,"06/08/2024, 4:27:51 AM","06/08/2024, 1:02:34 PM",THUNDER BAY,ON,P7B 3K1,1 Block HIGH ST S, TBPS] ASSAULT SUSP PRESENT OR IN AREA,Assault,ASSAULT
TB24023114,"06/08/2024, 4:56:48 AM","06/08/2024, 1:02:34 PM",THUNDER BAY,ON,P7C 5M9,HARSTONE DR AND 588 HWY, TBPS] MOTOR VEHICLE COLLISION MVC - AMB ENR,Traffic,MOTOR VEHICLE COLLISION
TB24023120,"06/08/2024, 5:52:19 AM","06/08/2024, 1:02:34 PM",THUNDER BAY,ON,P7C 2K7,FINLAYSON ST AND MCMURRAY ST, TBPS] LIQUOR LICENCE ACT LIQUOR LICENCE ACT VIOLATION IN PROGRESS,Quality of Life,LIQUOR LICENCE ACT
TB24023123,"06/08/2024, 6:01:09 AM","06/08/2024, 1:02:34 PM",THUNDER BAY,ON,P7A 4B4,CAMELOT ST AND COURT ST N, TBPS] LIQUOR LICENCE ACT LIQUOR LICENCE ACT VIOLATION IN PROGRESS,Quality of Life,LIQUOR LICENCE ACT
TB24023033,"06/07/2024, 7:41:38 PM","06/08/2024, 1:02:35 PM",THUNDER BAY,ON,P7B 5J4,1000 Block DAWSON RD, TBPS] ASSAULT SUSP PRESENT OR IN AREA,Assault,ASSAULT
TB24023044,"06/07/2024, 8:46:54 PM","06/08/2024, 1:02:35 PM",THUNDER BAY,ON,P7B 6B9,1000 Block FORT WILLIAM RD, TBPS] ASSAULT SUSP PRESENT OR IN AREA,Assault,ASSAULT
TB24023039,"06/07/2024, 8:31:41 PM","06/08/2024, 1:02:35 PM",THUNDER BAY,ON,P7B 7C6,900 Block CARRICK ST, TBPS] THEFT SUSP STILL PRESENT OR MAY BE IN AREA,Other Theft,THEFT
TB24023038,"06/07/2024, 8:12:57 PM","06/08/2024, 1:02:35 PM",THUNDER BAY,ON,P7B 5L6,300 Block MAIN ST, TBPS] THEFT SUSP STILL PRESENT OR MAY BE IN AREA,Other Theft,THEFT
TB24023043,"06/07/2024, 8:40:11 PM","06/08/2024, 1:02:35 PM",THUNDER BAY,ON,P7B,FORT WILLIAM RD AND HARBOUR EXPRESSWAY, TBPS] MOTOR VEHICLE COLLISION 11-10 MVC ANY TYPE,Other,MOTOR VEHICLE COLLISION
TB24023045,"06/07/2024, 8:50:30 PM","06/08/2024, 1:02:35 PM",THUNDER BAY,ON,P7B 7C6,900 Block CARRICK ST, TBPS] THEFT SUSP STILL PRESENT OR MAY BE IN AREA,Other Theft,THEFT
TB24023061,"06/07/2024, 11:01:45 PM","06/08/2024, 1:02:35 PM",THUNDER BAY,ON,P7E 5V3,500 Block DONALD ST E, TBPS] ASSAULT SUSP PRESENT OR IN AREA,Assault,ASSAULT
TB24023053,"06/07/2024, 9:58:39 PM","06/08/2024, 1:02:35 PM",THUNDER BAY,ON,P7E 5S2,1100 Block ARTHUR ST W, TBPS] LIQUOR LICENCE ACT LIQUOR LICENCE ACT VIOLATION IN PROGRESS,Quality of Life,LIQUOR LICENCE ACT
TB24023067,"06/07/2024, 11:29:48 PM","06/08/2024, 1:02:35 PM",THUNDER BAY,ON,P7C 3J4,SIMPSON ST AND HERON ST, TBPS] MOTOR VEHICLE COLLISION MVC - AMB ENR - DUAL RESP,Other,MOTOR VEHICLE COLLISION
TB24022984,"06/07/2024, 3:06:58 PM","06/08/2024, 1:02:36 PM",THUNDER BAY,ON,P7B 7A4,GOLF LINKS RD AND OLIVER RD, TBPS] MOTOR VEHICLE COLLISION 11-10 MVC ANY TYPE,Other,MOTOR VEHICLE COLLISION
TB24022994,"06/07/2024, 3:49:16 PM","06/08/2024, 1:02:36 PM",THUNDER BAY,ON,P7B 5Z5,1200 Block BALMORAL ST, TBPS] ASSAULT ACCUSED PRESENT,Assault,ASSAULT
TB24023011,"06/07/2024, 5:27:23 PM","06/08/2024, 1:02:36 PM",THUNDER BAY,ON,P7C 2Z6,700 Block MCLEOD ST," TBPS] MISCHIEF 11-10, MICHIEF OVER 5000",Other Property Crime,MISCHIEF
TB24023031,"06/07/2024, 7:34:20 PM","06/08/2024, 1:02:36 PM",THUNDER BAY,ON,P7A 4T3,1 Block COURT ST N, TBPS] MOTOR VEHICLE COLLISION 11-10 MVC ANY TYPE,Other,MOTOR VEHICLE COLLISION
TB24023014,"06/07/2024, 5:40:07 PM","06/08/2024, 1:02:36 PM",THUNDER BAY,ON,P7B,WILSON ST AND SOUTH WATER ST, TBPS] MOTOR VEHICLE COLLISION MVC NO INJURIES,Traffic,MOTOR VEHICLE COLLISION
TB24022773,"06/06/2024, 3:46:08 AM","06/08/2024, 1:02:37 PM",THUNDER BAY,ON,P7C 1B9,1200 Block VICTORIA AV E, TBPS] ASSAULT ACCUSED PRESENT,Assault,ASSAULT
TB24022979,"06/07/2024, 2:30:37 PM","06/08/2024, 1:02:37 PM",THUNDER BAY,ON,P7A 2T4,200 Block OTTO ST, TBPS] MOTOR VEHICLE COLLISION 11-10 MVC ANY TYPE,Other,MOTOR VEHICLE COLLISION
TB24022975,"06/07/2024, 1:04:26 PM","06/08/2024, 1:02:37 PM",THUNDER BAY,ON,P7E 5V3,500 Block DONALD ST E, TBPS] ASSAULT ACCUSED PRESENT,Assault,ASSAULT
TB24022980,"06/07/2024, 2:46:10 PM","06/08/2024, 1:02:37 PM",THUNDER BAY,ON,P7B 6S2,700 Block MEMORIAL AV, TBPS] MOTOR VEHICLE COLLISION 11-10 MVC ANY TYPE,Other,MOTOR VEHICLE COLLISION
TB24022982,"06/07/2024, 3:02:54 PM","06/08/2024, 1:02:37 PM",THUNDER BAY,ON,P7E 3Z7,200 Block AMELIA ST E, TBPS] MOTOR VEHICLE COLLISION 11-10 MVC ANY TYPE,Other,MOTOR VEHICLE COLLISION
TB24022990,"06/07/2024, 3:28:54 PM","06/08/2024, 1:02:37 PM",THUNDER BAY,ON,P7B 3W3,800 Block FIELD ST, TBPS] MOTOR VEHICLE COLLISION 11-10 MVC ANY TYPE,Other,MOTOR VEHICLE COLLISION
TB24022991,"06/07/2024, 3:38:39 PM","06/08/2024, 1:02:37 PM",THUNDER BAY,ON,P7C 3T4,400 Block BRODIE ST N, TBPS] MOTOR VEHICLE COLLISION 11-10 MVC ANY TYPE,Other,MOTOR VEHICLE COLLISION
TB24022993,"06/07/2024, 3:48:11 PM","06/08/2024, 1:02:37 PM",THUNDER BAY,ON,P7C,HARBOUR EXPRESSWAY AND GOLF LINKS RD, TBPS] MOTOR VEHICLE COLLISION 11-10 MVC ANY TYPE,Other,MOTOR VEHICLE COLLISION
TB24022995,"06/07/2024, 3:56:45 PM","06/08/2024, 1:02:37 PM",THUNDER BAY,ON,P7E 4S3,SPRAGUE ST AND EMPIRE AV E, TBPS] MOTOR VEHICLE COLLISION 11-10 MVC ANY TYPE,Other,MOTOR VEHICLE COLLISION
TB24022998,"06/07/2024, 4:21:16 PM","06/08/2024, 1:02:37 PM",THUNDER BAY,ON,P7E 5S6,ARTHUR ST E AND SELKIRK ST S, TBPS] MOTOR VEHICLE COLLISION MVC - AMB ENR - DUAL RESP,Other,MOTOR VEHICLE COLLISION
TB24023002,"06/07/2024, 4:31:26 PM","06/08/2024, 1:02:37 PM",THUNDER BAY,ON,P7B 3H9,BANNING ST AND CORNWALL AV, TBPS] MOTOR VEHICLE COLLISION 11-10 MVC ANY TYPE,Other,MOTOR VEHICLE COLLISION
TB24023032,"06/07/2024, 7:38:44 PM","06/08/2024, 1:02:37 PM",THUNDER BAY,ON,P7E 6G6,ARTHUR ST W AND EUCLID AV, TBPS] MOTOR VEHICLE COLLISION 11-10 MVC ANY TYPE,Other,MOTOR VEHICLE COLLISION
TB24023034,"06/07/2024, 7:48:45 PM","06/08/2024, 1:02:37 PM",THUNDER BAY,ON,P7B 3Z7,800 Block MEMORIAL AV, TBPS] MOTOR VEHICLE COLLISION 11-10 MVC ANY TYPE,Other,MOTOR VEHICLE COLLISION
TB24022637,"06/05/2024, 4:35:31 AM","06/08/2024, 1:02:38 PM",THUNDER BAY,ON,P7C 2K7,FINLAYSON ST AND MCMURRAY ST," TBPS] THEFT NOT IN PROGRESS, UNDER 5000",Other Theft,THEFT
TB24022971,"06/07/2024, 12:00:03 PM","06/08/2024, 1:02:38 PM",THUNDER BAY,ON,P7B 3T2,600 Block WINNIPEG AV, TBPS] B-E BUS/RES/OTH SUSP PRESENT OR MAY STILL BE IN AREA,Breaking & Entering,B-E BUS/RES/OTH
TB24023098,"06/08/2024, 3:04:07 AM","06/08/2024, 1:02:38 PM",THUNDER BAY,ON,P7E 1E6,SYNDICATE AV S AND ISABELLA ST E, TBPS] MOTOR VEHICLE COLLISION MVC - AMB ENR - DUAL RESP,Other,MOTOR VEHICLE COLLISION
TB24022954,"06/07/2024, 7:21:33 AM","06/08/2024, 1:02:39 PM",THUNDER BAY,ON,P7B 6Z8,1400 Block NAKINA DR, TBPS] LIQUOR LICENCE ACT LIQUOR LICENCE ACT VIOLATION IN PROGRESS,Quality of Life,LIQUOR LICENCE ACT
TB24022956,"06/07/2024, 8:14:22 AM","06/08/2024, 1:02:39 PM",THUNDER BAY,ON,P7B 5J4,1000 Block DAWSON RD, TBPS] LIQUOR LICENCE ACT LIQUOR LICENCE ACT VIOLATION IN PROGRESS,Quality of Life,LIQUOR LICENCE ACT
TB24023084,"06/08/2024, 1:43:00 AM","06/08/2024, 1:02:39 PM",THUNDER BAY,ON,P7C 1N7,CUMMING ST AND MCKENZIE ST, TBPS] MOTOR VEHICLE COLLISION MVC NO INJURIES,Traffic,MOTOR VEHICLE COLLISION
TB24023085,"06/08/2024, 1:43:50 AM","06/08/2024, 1:02:39 PM",THUNDER BAY,ON,P7E 5M8,900 Block ARTHUR ST E, TBPS] THEFT SUSP STILL PRESENT OR MAY BE IN AREA,Other Theft,THEFT
TB24022487,"06/04/2024, 5:53:32 AM","06/09/2024, 1:05:29 PM",THUNDER BAY,ON,P7A 1J8,300 Block SURREY ST, TBPS] MOTOR VEHICLE COLLISION 11-10 MVC ANY TYPE,Other,MOTOR VEHICLE COLLISION
TB24022561,"06/04/2024, 8:08:05 PM","06/09/2024, 1:05:48 PM",THUNDER BAY,ON,P7B 2Z3,300 Block FORT WILLIAM RD, TBPS] MOTOR VEHICLE COLLISION 11-10 MVC ANY TYPE,Other,MOTOR VEHICLE COLLISION
TB24023251,"06/09/2024, 2:49:19 AM","06/09/2024, 1:06:38 PM",THUNDER BAY,ON,P7C 4P7,400 Block EDWARD ST N, TBPS] ASSAULT SUSP PRESENT OR IN AREA,Assault,ASSAULT
TB24023254,"06/09/2024, 3:08:29 AM","06/09/2024, 1:06:39 PM",THUNDER BAY,ON,P7E 2L8,100 Block MARY ST W, TBPS] TROUBLE WITH YOUTH YOUTHS STILL IN AREA,Quality of Life,TROUBLE WITH YOUTH
TB24023256,"06/09/2024, 3:18:39 AM","06/09/2024, 1:06:39 PM",THUNDER BAY,ON,P7E 5R8,ARTHUR ST W AND MOUNTDALE AV, TBPS] MOTOR VEHICLE COLLISION MVC NO INJURIES,Traffic,MOTOR VEHICLE COLLISION
TB24023258,"06/09/2024, 3:27:09 AM","06/09/2024, 1:06:40 PM",THUNDER BAY,ON,P7E 1T9,600 Block SELKIRK ST S," TBPS] THEFT NOT IN PROGRESS, UNDER 5000",Other Theft,THEFT
TB24023260,"06/09/2024, 3:34:41 AM","06/09/2024, 1:06:40 PM",THUNDER BAY,ON,P7E,1 Block 105TH ST," TBPS] MISCHIEF IP/SUSP IN AREA, UNDER 5,000",Other Property Crime,MISCHIEF
TB24023262,"06/09/2024, 3:40:34 AM","06/09/2024, 1:06:41 PM",THUNDER BAY,ON,P7B 3Z8,700 Block MEMORIAL AV," TBPS] THEFT NOT IN PROGRESS, UNDER 5000",Other Theft,THEFT
TB24023264,"06/09/2024, 4:03:02 AM","06/09/2024, 1:06:42 PM",THUNDER BAY,ON,P7C 2Z5,600 Block MCLEOD ST, TBPS] ASSAULT SUSP PRESENT OR IN AREA,Assault,ASSAULT
TB24023275,"06/09/2024, 5:31:43 AM","06/09/2024, 1:06:43 PM",THUNDER BAY,ON,P7C 2G9,300 Block CAMERON ST, TBPS] DRUG OFFENCES SUSP PRESENT OR MAY STILL BE IN AREA,Quality of Life,DRUG OFFENCES
TB24023279,"06/09/2024, 5:55:57 AM","06/09/2024, 1:06:44 PM",THUNDER BAY,ON,P7B 7C6,900 Block CARRICK ST, TBPS] THEFT SUSP STILL PRESENT OR MAY BE IN AREA,Other Theft,THEFT
TB24023291,"06/09/2024, 7:38:19 AM","06/09/2024, 1:06:45 PM",THUNDER BAY,ON,P7B 3E4,100 Block SECORD ST, TBPS] STOLEN VEHICLE SUSP NOT IN AREA,Theft of Vehicle,STOLEN VEHICLE
TB24023148,"06/08/2024, 11:54:14 AM","06/09/2024, 1:06:52 PM",THUNDER BAY,ON,P7A 5R1,1 Block HIGH ST N, TBPS] LIQUOR LICENCE ACT LIQUOR LICENCE ACT VIOLATION IN PROGRESS,Quality of Life,LIQUOR LICENCE ACT
TB24023152,"06/08/2024, 1:09:10 PM","06/09/2024, 1:06:52 PM",THUNDER BAY,ON,P7B 4N6,100 Block EMPRESS AV S, TBPS] MISCHIEF IP PROGRESS/SUPECT IN AREA,Other Property Crime,MISCHIEF
TB24023155,"06/08/2024, 1:49:15 PM","06/09/2024, 1:06:52 PM",THUNDER BAY,ON,P7B 1B1,300 Block RED RIVER RD, TBPS] ASSAULT SUSP PRESENT OR IN AREA,Assault,ASSAULT
TB24023161,"06/08/2024, 3:20:10 PM","06/09/2024, 1:06:52 PM",THUNDER BAY,ON,P7B 3A6,900 Block FORT WILLIAM RD," TBPS] THEFT NOT IN PROGRESS, UNDER 5000",Other Theft,THEFT
TB24023166,"06/08/2024, 4:18:23 PM","06/09/2024, 1:06:52 PM",THUNDER BAY,ON,P7C 4P7,400 Block EDWARD ST N, TBPS] ROBBERY NO WEAPONS - SUSP STILL IN AREA,Robbery,ROBBERY
TB24023181,"06/08/2024, 6:23:04 PM","06/09/2024, 1:06:53 PM",THUNDER BAY,ON,P7C 2K5,MCKENZIE ST AND FINLAYSON ST, TBPS] ROBBERY NO WEAPONS - SUSP STILL IN AREA,Robbery,ROBBERY
TB24023176,"06/08/2024, 5:47:27 PM","06/09/2024, 1:06:53 PM",THUNDER BAY,ON,P7B 3Z9,MEMORIAL AV AND 10TH AV, TBPS] MOTOR VEHICLE COLLISION MVC NO INJURIES,Traffic,MOTOR VEHICLE COLLISION
TB24023196,"06/08/2024, 8:41:04 PM","06/09/2024, 1:06:54 PM",THUNDER BAY,ON,P7C,400 Block RIVER RD," TBPS] THEFT NOT IN PROGRESS, OVER 5000",Other Theft,THEFT
TB24023215,"06/08/2024, 11:06:19 PM","06/09/2024, 1:06:54 PM",THUNDER BAY,ON,P7A 4T8,1 Block COURT ST N, TBPS] THEFT SUSP STILL PRESENT OR MAY BE IN AREA,Other Theft,THEFT
TB24023373,"06/10/2024, 12:13:40 AM","06/10/2024, 1:03:45 PM",THUNDER BAY,ON,P7B 2Z2,300 Block FORT WILLIAM RD, TBPS] THEFT SUSP STILL PRESENT OR MAY BE IN AREA,Other Theft,THEFT
TB24023390,"06/10/2024, 2:49:34 AM","06/10/2024, 1:03:48 PM",THUNDER BAY,ON,P7E 6H2,200 Block AMELIA ST W, TBPS] LIQUOR LICENCE ACT LIQUOR LICENCE ACT VIOLATION IN PROGRESS,Quality of Life,LIQUOR LICENCE ACT
TB24023393,"06/10/2024, 3:12:58 AM","06/10/2024, 1:03:48 PM",THUNDER BAY,ON,P7A 1H7,400 Block RITA ST, TBPS] ARSON SUSP MAY BE PRESENT OR IN AREA,Property Crime,ARSON
TB24023397,"06/10/2024, 3:55:58 AM","06/10/2024, 1:03:49 PM",THUNDER BAY,ON,P7C 6B2,600 Block PORCUPINE BLVD, TBPS] MOTOR VEHICLE COLLISION MVC - AMB ENR - DUAL RESP,Other,MOTOR VEHICLE COLLISION
TB24023410,"06/10/2024, 6:13:48 AM","06/10/2024, 1:03:51 PM",THUNDER BAY,ON,P7B 1V7,300 Block WINDSOR ST, TBPS] ARSON SUSP MAY BE PRESENT OR IN AREA,Property Crime,ARSON
TB24023274,"06/09/2024, 5:21:25 AM","06/10/2024, 1:03:57 PM",THUNDER BAY,ON,P7E 2L8,100 Block MARY ST W, TBPS] LIQUOR LICENCE ACT LIQUOR LICENCE ACT VIOLATION IN PROGRESS,Quality of Life,LIQUOR LICENCE ACT
TB24023296,"06/09/2024, 8:21:44 AM","06/10/2024, 1:03:58 PM",THUNDER BAY,ON,P7B 3Y4,300 Block MEMORIAL AV, TBPS] ASSAULT SUSP PRESENT OR IN AREA,Assault,ASSAULT
TB24023305,"06/09/2024, 9:21:33 AM","06/10/2024, 1:03:58 PM",THUNDER BAY,ON,P7A 2W5,100 Block EGAN ST, TBPS] LIQUOR LICENCE ACT LIQUOR LICENCE ACT VIOLATION IN PROGRESS,Quality of Life,LIQUOR LICENCE ACT
TB24023323,"06/09/2024, 2:56:48 PM","06/10/2024, 1:03:58 PM",THUNDER BAY,ON,P7C 4T8,700 Block NORAH CR, TBPS] B-E BUS/RES/OTH SUSP PRESENT OR MAY STILL BE IN AREA,Breaking & Entering,B-E BUS/RES/OTH
TB24023315,"06/09/2024, 11:42:29 AM","06/10/2024, 1:03:58 PM",THUNDER BAY,ON,P7E 5G5,2100 Block MCGREGOR AV, TBPS] ASSAULT SUSP PRESENT OR IN AREA,Assault,ASSAULT
TB24023344,"06/09/2024, 6:56:36 PM","06/10/2024, 1:03:59 PM",THUNDER BAY,ON,P7G 1H8,HAZELWOOD DR AND DAWSON RD, TBPS] MOTOR VEHICLE COLLISION MVC NO INJURIES,Traffic,MOTOR VEHICLE COLLISION
TB24023343,"06/09/2024, 6:51:00 PM","06/10/2024, 1:03:59 PM",THUNDER BAY,ON,P7B,QUEEN ST AND HIGH ST S, TBPS] MOTOR VEHICLE COLLISION MVC - AMB ENR - DUAL RESP,Other,MOTOR VEHICLE COLLISION
TB24023350,"06/09/2024, 7:25:43 PM","06/10/2024, 1:03:59 PM",THUNDER BAY,ON,P7A 6L9,800 Block ST. CLAIR AV, TBPS] STOLEN VEHICLE SUSP NOT IN AREA,Theft of Vehicle,STOLEN VEHICLE
TB24023347,"06/09/2024, 7:08:01 PM","06/10/2024, 1:03:59 PM",THUNDER BAY,ON,P7E 5R8,600 Block ARTHUR ST W, TBPS] MOTOR VEHICLE COLLISION MVC NO INJURIES,Traffic,MOTOR VEHICLE COLLISION
TB24023356,"06/09/2024, 8:57:11 PM","06/10/2024, 1:03:59 PM",THUNDER BAY,ON,P7A 2N8,200 Block FITZGERALD ST, TBPS] ASSAULT ACCUSED NOT PRESENT,Assault,ASSAULT
TB24023365,"06/09/2024, 10:12:24 PM","06/10/2024, 1:04:52 PM",THUNDER BAY,ON,P7A 4M9,100 Block CUMBERLAND ST N, TBPS] THEFT SUSP STILL PRESENT OR MAY BE IN AREA,Other Theft,THEFT
TB24023407,"06/10/2024, 5:34:24 AM","06/10/2024, 1:04:52 PM",THUNDER BAY,ON,P7C 2P2,100 Block ROWAND ST, TBPS] B-E BUS/RES/OTH SUSP PRESENT OR MAY STILL BE IN AREA,Breaking & Entering,B-E BUS/RES/OTH
TB24023408,"06/10/2024, 5:49:54 AM","06/10/2024, 1:04:52 PM",THUNDER BAY,ON,P7B 4A1,900 Block MEMORIAL AV, TBPS] THEFT SUSP STILL PRESENT OR MAY BE IN AREA,Other Theft,THEFT
TB24023512,"06/11/2024, 12:17:59 AM","06/11/2024, 1:05:16 PM",THUNDER BAY,ON,P7E 5V3,500 Block DONALD ST E, TBPS] LIQUOR LICENCE ACT LIQUOR LICENCE ACT VIOLATION IN PROGRESS,Quality of Life,LIQUOR LICENCE ACT
TB24023513,"06/11/2024, 12:20:21 AM","06/11/2024, 1:05:16 PM",THUNDER BAY,ON,P7E 5H5,800 Block RIDGEWAY ST E, TBPS] DRUG OFFENCES SUSP PRESENT OR MAY STILL BE IN AREA,Quality of Life,DRUG OFFENCES
TB24023517,"06/11/2024, 1:03:35 AM","06/11/2024, 1:05:16 PM",THUNDER BAY,ON,P7C 3R2,300 Block MAY ST N, TBPS] THEFT SUSP STILL PRESENT OR MAY BE IN AREA,Other Theft,THEFT
TB24023520,"06/11/2024, 1:25:15 AM","06/11/2024, 1:05:16 PM",THUNDER BAY,ON,P7A 3R8,500 Block RIVER ST, TBPS] MOTOR VEHICLE COLLISION MVC - AMB ENR - DUAL RESP,Other,MOTOR VEHICLE COLLISION
TB24023522,"06/11/2024, 1:30:56 AM","06/11/2024, 1:05:16 PM",THUNDER BAY,ON,P7A 4T8,1 Block COURT ST N, TBPS] THEFT SUSP STILL PRESENT OR MAY BE IN AREA,Other Theft,THEFT
TB24023574,"06/11/2024, 6:23:36 AM","06/11/2024, 1:05:16 PM",THUNDER BAY,ON,P7C 2G7,100 Block CAMERON ST, TBPS] DRUG OFFENCES SUSP PRESENT OR MAY STILL BE IN AREA,Quality of Life,DRUG OFFENCES
TB24023540,"06/11/2024, 3:06:15 AM","06/11/2024, 1:05:16 PM",THUNDER BAY,ON,P7B 4W8,1 Block CLARKSON ST S, TBPS] THEFT SUSP STILL PRESENT OR MAY BE IN AREA,Other Theft,THEFT
TB24023492,"06/10/2024, 9:51:09 PM","06/11/2024, 1:05:17 PM",THUNDER BAY,ON,P7B 4A1,900 Block MEMORIAL AV, TBPS] MOTOR VEHICLE COLLISION MVC NO INJURIES,Traffic,MOTOR VEHICLE COLLISION
TB24023494,"06/10/2024, 9:59:30 PM","06/11/2024, 1:05:17 PM",THUNDER BAY,ON,P7B 2Z2,300 Block FORT WILLIAM RD," TBPS] THEFT IN PROGRESS, OVER 50000",Other Theft,THEFT
TB24023495,"06/10/2024, 9:59:55 PM","06/11/2024, 1:05:17 PM",THUNDER BAY,ON,P7B 4A2,MEMORIAL AV AND 13TH AV, TBPS] MOTOR VEHICLE COLLISION MVC NO INJURIES,Traffic,MOTOR VEHICLE COLLISION
TB24023514,"06/11/2024, 12:22:32 AM","06/11/2024, 1:05:17 PM",THUNDER BAY,ON,P7B 6B9,1000 Block FORT WILLIAM RD, TBPS] ASSAULT SUSP PRESENT OR IN AREA,Assault,ASSAULT
TB24023524,"06/11/2024, 1:36:09 AM","06/11/2024, 1:05:17 PM",THUNDER BAY,ON,P7B 3Y2,300 Block MEMORIAL AV, TBPS] THEFT SUSP STILL PRESENT OR MAY BE IN AREA,Other Theft,THEFT
TB24023528,"06/11/2024, 1:52:27 AM","06/11/2024, 1:05:17 PM",THUNDER BAY,ON,P7B 2Z2,300 Block FORT WILLIAM RD, TBPS] THEFT SUSP STILL PRESENT OR MAY BE IN AREA,Other Theft,THEFT
TB24023529,"06/11/2024, 1:58:58 AM","06/11/2024, 1:05:17 PM",THUNDER BAY,ON,P7B 5L4,1 Block CUMBERLAND ST S, TBPS] ASSAULT SUSP PRESENT OR IN AREA,Assault,ASSAULT
TB24023533,"06/11/2024, 2:18:22 AM","06/11/2024, 1:05:17 PM",THUNDER BAY,ON,P7A 7X2,600 Block COURT ST N, TBPS] B-E BUS/RES/OTH SUSP PRESENT OR MAY STILL BE IN AREA,Breaking & Entering,B-E BUS/RES/OTH
TB24023450,"06/10/2024, 5:21:59 PM","06/11/2024, 1:05:18 PM",THUNDER BAY,ON,P7E 5V7,1100 Block LINCOLN ST, TBPS] ASSAULT SUSP PRESENT OR IN AREA,Assault,ASSAULT
TB24023456,"06/10/2024, 6:25:02 PM","06/11/2024, 1:05:18 PM",THUNDER BAY,ON,P7G 1B8,500 Block TUSCANY CT, TBPS] MOTOR VEHICLE COLLISION MVC NO INJURIES,Traffic,MOTOR VEHICLE COLLISION
TB24023470,"06/10/2024, 8:04:56 PM","06/11/2024, 1:05:18 PM",THUNDER BAY,ON,P7B 2Z2,300 Block FORT WILLIAM RD, TBPS] THEFT SUSP STILL PRESENT OR MAY BE IN AREA,Other Theft,THEFT
TB24023490,"06/10/2024, 9:30:20 PM","06/11/2024, 1:05:18 PM",THUNDER BAY,ON,P7A 6X8,1 Block MONA ST, TBPS] ASSAULT ACCUSED NOT PRESENT,Assault,ASSAULT
TB24023526,"06/11/2024, 1:42:04 AM","06/11/2024, 1:05:18 PM",THUNDER BAY,ON,.,PACIFIC AV AND SIMPSON ST, TBPS] DRUG OFFENCES SUSP PRESENT OR MAY STILL BE IN AREA,Quality of Life,DRUG OFFENCES
TB24023532,"06/11/2024, 2:15:52 AM","06/11/2024, 1:05:18 PM",THUNDER BAY,ON,P7C 2V9,MAY ST N AND NORTHERN AV, TBPS] MOTOR VEHICLE COLLISION MVC NO INJURIES,Traffic,MOTOR VEHICLE COLLISION
TB24023439,"06/10/2024, 2:42:31 PM","06/11/2024, 1:05:19 PM",THUNDER BAY,ON,P7E 5X9,100 Block DONALD ST W, TBPS] DRUG OFFENCES SUSP PRESENT OR MAY STILL BE IN AREA,Quality of Life,DRUG OFFENCES
TB24023469,"06/10/2024, 8:04:52 PM","06/11/2024, 1:05:19 PM",THUNDER BAY,ON,P7A 1J4,300 Block LILLIAN ST," TBPS] MISCHIEF 11-10, MICHIEF OVER 5000",Other Property Crime,MISCHIEF
TB24023462,"06/10/2024, 7:08:24 PM","06/11/2024, 1:05:19 PM",THUNDER BAY,ON,P7A 4K8,1000 Block DAWSON RD, TBPS] MOTOR VEHICLE COLLISION MVC NO INJURIES,Traffic,MOTOR VEHICLE COLLISION
TB24022814,"06/06/2024, 9:52:44 AM","06/11/2024, 1:05:20 PM",THUNDER BAY,ON,P7E 5Y8,400 Block GEORGE ST, TBPS] ASSAULT ACCUSED NOT PRESENT,Assault,ASSAULT
TB24023530,"06/11/2024, 1:59:42 AM","06/11/2024, 1:05:51 PM",THUNDER BAY,ON,P7B 5L4,1 Block CUMBERLAND ST S, TBPS] ASSAULT SUSP PRESENT OR IN AREA,Assault,ASSAULT
TB24023531,"06/11/2024, 2:10:11 AM","06/11/2024, 1:05:51 PM",THUNDER BAY,ON,P7B 2X6,100 Block COURT ST S, TBPS] B-E BUS/RES/OTH SUSP PRESENT OR MAY STILL BE IN AREA,Breaking & Entering,B-E BUS/RES/OTH
TB24023669,"06/11/2024, 11:15:22 PM","06/12/2024, 1:06:57 PM",THUNDER BAY,ON,P7G 1B8,400 Block TUSCANY DR," TBPS] THEFT NOT IN PROGRESS, UNDER 5000",Other Theft,THEFT
TB24023679,"06/12/2024, 12:04:54 AM","06/12/2024, 1:06:59 PM",THUNDER BAY,ON,P7A 4K8,1000 Block DAWSON RD, TBPS] ASSAULT SUSP PRESENT OR IN AREA,Assault,ASSAULT
TB24023683,"06/12/2024, 12:30:49 AM","06/12/2024, 1:07:00 PM",THUNDER BAY,ON,P7B 1M8,200 Block WILSON ST," TBPS] THEFT NOT IN PROGRESS, UNDER 5000",Other Theft,THEFT
TB24023684,"06/12/2024, 12:36:46 AM","06/12/2024, 1:07:01 PM",THUNDER BAY,ON,P7B 3Z8,700 Block MEMORIAL AV, TBPS] MOTOR VEHICLE COLLISION MVC NO INJURIES,Traffic,MOTOR VEHICLE COLLISION
TB24023688,"06/12/2024, 1:27:08 AM","06/12/2024, 1:07:02 PM",THUNDER BAY,ON,P7E 5R9,700 Block ARTHUR ST W, TBPS] ASSAULT SUSP PRESENT OR IN AREA,Assault,ASSAULT
TB24023690,"06/12/2024, 1:33:00 AM","06/12/2024, 1:07:03 PM",THUNDER BAY,ON,P7B,ANDREW ST AND MCBEAN ST, TBPS] STOLEN VEHICLE SUSP PRESENT OR MAY STILL BE IN AREA,Theft of Vehicle,STOLEN VEHICLE
TB24023691,"06/12/2024, 1:33:01 AM","06/12/2024, 1:07:03 PM",THUNDER BAY,ON,P7E 6J1,1 Block VALHALLA INN RD, TBPS] ASSAULT SUSP PRESENT OR IN AREA,Assault,ASSAULT
TB24023694,"06/12/2024, 2:02:04 AM","06/12/2024, 1:07:04 PM",THUNDER BAY,ON,P7E 2C3,200 Block WATERLOO ST S, TBPS] STOLEN VEHICLE SUSP NOT IN AREA,Theft of Vehicle,STOLEN VEHICLE
TB24023703,"06/12/2024, 2:42:03 AM","06/12/2024, 1:07:05 PM",THUNDER BAY,ON,P7E 6J1,1 Block VALHALLA INN RD, TBPS] LIQUOR LICENCE ACT LIQUOR LICENCE ACT VIOLATION IN PROGRESS,Quality of Life,LIQUOR LICENCE ACT
TB24023704,"06/12/2024, 2:42:25 AM","06/12/2024, 1:07:05 PM",THUNDER BAY,ON,P7E 4S3,SPRAGUE ST AND EMPIRE AV E, TBPS] LIQUOR LICENCE ACT LIQUOR LICENCE ACT VIOLATION IN PROGRESS,Quality of Life,LIQUOR LICENCE ACT
TB24023731,"06/12/2024, 6:19:35 AM","06/12/2024, 1:07:11 PM",THUNDER BAY,ON,P7A,1 Block NORTH WATER ST, TBPS] ASSAULT SUSP PRESENT OR IN AREA,Assault,ASSAULT
TB24023537,"06/11/2024, 2:43:44 AM","06/12/2024, 1:07:27 PM",THUNDER BAY,ON,P7E 6C7,1900 Block 108TH AV, TBPS] B-E BUS/RES/OTH SUSP PRESENT OR MAY STILL BE IN AREA,Breaking & Entering,B-E BUS/RES/OTH
TB24023585,"06/11/2024, 9:05:32 AM","06/12/2024, 1:07:33 PM",THUNDER BAY,ON,P7B 6V4,900 Block OLIVER RD, TBPS] LIQUOR LICENCE ACT LIQUOR LICENCE ACT VIOLATION IN PROGRESS,Quality of Life,LIQUOR LICENCE ACT
TB24023589,"06/11/2024, 10:27:51 AM","06/12/2024, 1:07:33 PM",THUNDER BAY,ON,P7B 4W8,1 Block CLARKSON ST S," TBPS] THEFT NOT IN PROGRESS, UNDER 5000",Other Theft,THEFT
TB24023593,"06/11/2024, 12:58:26 PM","06/12/2024, 1:07:33 PM",THUNDER BAY,ON,P7E 3P7,200 Block KINGSTON ST, TBPS] MISCHIEF IP PROGRESS/SUPECT IN AREA,Other Property Crime,MISCHIEF
TB24023638,"06/11/2024, 7:32:44 PM","06/12/2024, 1:07:36 PM",THUNDER BAY,ON,P7B 1H1,500 Block RED RIVER RD," TBPS] THEFT NOT IN PROGRESS, UNDER 5000",Other Theft,THEFT
TB24023650,"06/11/2024, 8:48:03 PM","06/12/2024, 1:07:36 PM",THUNDER BAY,ON,P7C 3R4,400 Block MAY ST N," TBPS] MISCHIEF 11-10, MICHIEF UNDER 5000",Other Property Crime,MISCHIEF
TB24023641,"06/11/2024, 7:44:24 PM","06/12/2024, 1:07:36 PM",THUNDER BAY,ON,P7B 2G7,OLIVER RD AND RAY BLVD, TBPS] MOTOR VEHICLE COLLISION MVC NO INJURIES,Traffic,MOTOR VEHICLE COLLISION
TB24023654,"06/11/2024, 9:11:33 PM","06/12/2024, 1:07:36 PM",THUNDER BAY,ON,P7C 3R3,DEASE ST AND MAY ST N, TBPS] MOTOR VEHICLE COLLISION MVC - AMB ENR - DUAL RESP,Other,MOTOR VEHICLE COLLISION
TB24023657,"06/11/2024, 9:38:51 PM","06/12/2024, 1:07:36 PM",THUNDER BAY,ON,P7A 4S5,1 Block ST. PAUL ST," TBPS] MISCHIEF 11-10, MICHIEF UNDER 5000",Other Property Crime,MISCHIEF
TB24023662,"06/11/2024, 10:14:11 PM","06/12/2024, 1:07:37 PM",THUNDER BAY,ON,P7E 2A7,400 Block KINGSWAY," TBPS] MISCHIEF 11-10, MICHIEF OVER 5000",Other Property Crime,MISCHIEF
TB24023829,"06/12/2024, 11:14:10 PM","06/13/2024, 1:05:30 PM",THUNDER BAY,ON,P7C 3R2,300 Block MAY ST N, TBPS] ROBBERY NO WEAPONS - SUSP STILL IN AREA,Robbery,ROBBERY
TB24023835,"06/12/2024, 11:55:40 PM","06/13/2024, 1:05:30 PM",THUNDER BAY,ON,P7B 2K2,HIGH ST S AND QUEEN ST, TBPS] ASSAULT ACCUSED NOT PRESENT,Assault,ASSAULT
TB24023852,"06/13/2024, 2:03:58 AM","06/13/2024, 1:05:30 PM",THUNDER BAY,ON,P7G 2G6,400 Block GUS WOURI RD, TBPS] ASSAULT SUSP PRESENT OR IN AREA,Assault,ASSAULT
TB24023851,"06/13/2024, 2:02:18 AM","06/13/2024, 1:05:30 PM",THUNDER BAY,ON,P7A 4Z6,1 Block ALGOMA ST N, TBPS] LIQUOR LICENCE ACT LIQUOR LICENCE ACT VIOLATION IN PROGRESS,Quality of Life,LIQUOR LICENCE ACT
TB24023873,"06/13/2024, 4:57:23 AM","06/13/2024, 1:05:30 PM",THUNDER BAY,ON,P7B 7C6,900 Block CARRICK ST, TBPS] THEFT SUSP STILL PRESENT OR MAY BE IN AREA,Other Theft,THEFT
TB24023885,"06/13/2024, 5:55:52 AM","06/13/2024, 1:05:30 PM",THUNDER BAY,ON,P7A 4N3,200 Block CUMBERLAND ST N, TBPS] B-E BUS/RES/OTH SUSP PRESENT OR MAY STILL BE IN AREA,Breaking & Entering,B-E BUS/RES/OTH
TB24023808,"06/12/2024, 9:21:13 PM","06/13/2024, 1:05:31 PM",THUNDER BAY,ON,P7E 2V9,700 Block JAMES ST S, TBPS] ASSAULT ACCUSED NOT PRESENT,Assault,ASSAULT
TB24023819,"06/12/2024, 10:18:34 PM","06/13/2024, 1:05:31 PM",THUNDER BAY,ON,P7B 5L6,300 Block MAIN ST, TBPS] THEFT SUSP STILL PRESENT OR MAY BE IN AREA,Other Theft,THEFT
TB24023821,"06/12/2024, 10:31:53 PM","06/13/2024, 1:05:31 PM",THUNDER BAY,ON,P7B 2Z2,300 Block FORT WILLIAM RD, TBPS] THEFT SUSP STILL PRESENT OR MAY BE IN AREA,Other Theft,THEFT
TB24023828,"06/12/2024, 11:13:42 PM","06/13/2024, 1:05:31 PM",THUNDER BAY,ON,P7B 2K3,400 Block QUEEN ST, TBPS] ASSAULT SUSP PRESENT OR IN AREA,Assault,ASSAULT
TB24023830,"06/12/2024, 11:30:15 PM","06/13/2024, 1:05:31 PM",THUNDER BAY,ON,P7G 2G7,LAW RD AND DAWSON RD, TBPS] MOTOR VEHICLE COLLISION MVC - AMB ENR - DUAL RESP,Other,MOTOR VEHICLE COLLISION
TB24023880,"06/13/2024, 5:28:16 AM","06/13/2024, 1:05:31 PM",THUNDER BAY,ON,P7E 6J1,1 Block VALHALLA INN RD, TBPS] ASSAULT SUSP PRESENT OR IN AREA,Assault,ASSAULT
TB24023805,"06/12/2024, 9:09:02 PM","06/13/2024, 1:05:32 PM",THUNDER BAY,ON,P7B 5R7,100 Block CUMBERLAND ST S, TBPS] ASSAULT SUSP PRESENT OR IN AREA,Assault,ASSAULT
TB24023790,"06/12/2024, 7:21:02 PM","06/13/2024, 1:05:32 PM",THUNDER BAY,ON,P7E 6M4,100 Block MAY ST S," TBPS] MISCHIEF 11-10, MICHIEF UNDER 5000",Other Property Crime,MISCHIEF
TB24023806,"06/12/2024, 9:11:35 PM","06/13/2024, 1:05:32 PM",THUNDER BAY,ON,P7B 2K7,400 Block QUEEN ST," TBPS] THEFT NOT IN PROGRESS, UNDER 5000",Other Theft,THEFT
TB24023809,"06/12/2024, 9:33:17 PM","06/13/2024, 1:05:32 PM",THUNDER BAY,ON,P7E 1A9,100 Block MAY ST S, TBPS] ASSAULT SUSP PRESENT OR IN AREA,Assault,ASSAULT
TB24023877,"06/13/2024, 5:19:09 AM","06/13/2024, 1:05:32 PM",THUNDER BAY,ON,P0T 2G0,4200 Block OLIVER RD, TBPS] MOTOR VEHICLE COLLISION MVC NO INJURIES,Traffic,MOTOR VEHICLE COLLISION
TB24023811,"06/12/2024, 9:42:47 PM","06/13/2024, 1:05:33 PM",THUNDER BAY,ON,P7B 2L7,400 Block INCHIQUIN ST," TBPS] THEFT NOT IN PROGRESS, UNDER 5000",Other Theft,THEFT
TB24023872,"06/13/2024, 4:51:46 AM","06/13/2024, 1:05:33 PM",THUNDER BAY,ON,P7B 7C6,900 Block CARRICK ST, TBPS] THEFT SUSP STILL PRESENT OR MAY BE IN AREA,Other Theft,THEFT
TB24023718,"06/12/2024, 4:39:57 AM","06/13/2024, 1:05:34 PM",THUNDER BAY,ON,P7B 6G2,200 Block BLUCHER AV, TBPS] ASSAULT SUSP PRESENT OR IN AREA,Assault,ASSAULT
TB24023725,"06/12/2024, 5:28:59 AM","06/13/2024, 1:05:34 PM",THUNDER BAY,ON,P7A 4S2,500 Block CUMBERLAND ST N, TBPS] ASSAULT SUSP PRESENT OR IN AREA,Assault,ASSAULT
TB24023738,"06/12/2024, 8:05:48 AM","06/13/2024, 1:05:34 PM",THUNDER BAY,ON,P7E 3V7,100 Block FREDERICA ST W," TBPS] MISCHIEF IP/SUSP IN AREA, MICHIEF OVER 5000",Other Property Crime,MISCHIEF
TB24023769,"06/12/2024, 4:54:25 PM","06/13/2024, 1:05:34 PM",THUNDER BAY,ON,.,UNKNOWN STREET AND UNKNOWN STREET, TBPS] MOTOR VEHICLE COLLISION MVC NO INJURIES,Traffic,MOTOR VEHICLE COLLISION
TB24023782,"06/12/2024, 6:38:24 PM","06/13/2024, 1:05:34 PM",THUNDER BAY,ON,P7E 1G7,300 Block ARCHIBALD ST S, TBPS] ASSAULT SUSP PRESENT OR IN AREA,Assault,ASSAULT
TB24023616,"06/11/2024, 4:58:02 PM","06/13/2024, 1:05:35 PM",THUNDER BAY,ON,P7B,VALLEY ST AND JOHN ST, TBPS] MOTOR VEHICLE COLLISION 11-10 MVC ANY TYPE,Other,MOTOR VEHICLE COLLISION
TB24023653,"06/11/2024, 8:52:15 PM","06/13/2024, 1:05:35 PM",THUNDER BAY,ON,P7E 1G7,300 Block ARCHIBALD ST S," TBPS] ASSAULT JUST OCCURRED, ACCUSED NOT PRESENT",Assault,ASSAULT
TB24023692,"06/12/2024, 1:37:39 AM","06/13/2024, 1:05:35 PM",THUNDER BAY,ON,P7E,1100 Block DONALD ST E, TBPS] ASSAULT ACCUSED NOT PRESENT,Assault,ASSAULT
TB24023739,"06/12/2024, 8:12:13 AM","06/13/2024, 1:05:35 PM",THUNDER BAY,ON,P7E 3V7,100 Block FREDERICA ST W, TBPS] B-E BUS/RES/OTH SUSP PRESENT OR MAY STILL BE IN AREA,Breaking & Entering,B-E BUS/RES/OTH
TB24023755,"06/12/2024, 2:23:35 PM","06/13/2024, 1:05:35 PM",THUNDER BAY,ON,P7B 4N7,100 Block EMPRESS AV S, TBPS] STOLEN VEHICLE SUSP NOT IN AREA,Theft of Vehicle,STOLEN VEHICLE
TB24023740,"06/12/2024, 8:15:21 AM","06/13/2024, 1:05:35 PM",THUNDER BAY,ON,P7E 4M8,1200 Block MARY ST W, TBPS] B-E BUS/RES/OTH SUSP PRESENT OR MAY STILL BE IN AREA,Breaking & Entering,B-E BUS/RES/OTH
TB24023894,"06/13/2024, 8:11:13 AM","06/13/2024, 1:06:27 PM",THUNDER BAY,ON,P7C 4S8,1 Block LIMBRICK ST," TBPS] MISCHIEF IP/SUSP IN AREA, UNDER 5,000",Other Property Crime,MISCHIEF
TB24022891,"06/06/2024, 10:04:47 PM","06/14/2024, 1:03:37 PM",THUNDER BAY,ON,P7C 1G2,2800 Block VICTORIA AV E, TBPS] MOTOR VEHICLE COLLISION 11-10 MVC ANY TYPE,Other,MOTOR VEHICLE COLLISION
TB24023978,"06/13/2024, 11:00:24 PM","06/14/2024, 1:05:06 PM",THUNDER BAY,ON,P7C 4P5,400 Block EDWARD ST N," TBPS] MISCHIEF IP/SUSP IN AREA, MICHIEF OVER 5000",Other Property Crime,MISCHIEF
TB24023982,"06/13/2024, 11:17:26 PM","06/14/2024, 1:05:07 PM",THUNDER BAY,ON,P7B 1E3,200 Block PEARL ST," TBPS] THEFT NOT IN PROGRESS, UNDER 5000",Other Theft,THEFT
TB24023998,"06/14/2024, 1:37:06 AM","06/14/2024, 1:05:12 PM",THUNDER BAY,ON,P7B 4Y8,BLUCHER AV AND BLUCHER CR, TBPS] ASSAULT SUSP PRESENT OR IN AREA,Assault,ASSAULT
TB24024014,"06/14/2024, 3:33:55 AM","06/14/2024, 1:05:16 PM",THUNDER BAY,ON,P7B 1E3,200 Block PEARL ST, TBPS] B-E BUS/RES/OTH 11-10,Breaking & Entering,B-E BUS/RES/OTH
TB24024023,"06/14/2024, 4:26:58 AM","06/14/2024, 1:05:17 PM",THUNDER BAY,ON,P7E 1G7,300 Block ARCHIBALD ST S, TBPS] DRUG OFFENCES SUSP PRESENT OR MAY STILL BE IN AREA,Quality of Life,DRUG OFFENCES
TB24024019,"06/14/2024, 4:09:24 AM","06/14/2024, 1:05:17 PM",THUNDER BAY,ON,P7E 5S2,1100 Block ARTHUR ST W, TBPS] DRUG OFFENCES SUSP PRESENT OR MAY STILL BE IN AREA,Quality of Life,DRUG OFFENCES
TB24024024,"06/14/2024, 4:43:08 AM","06/14/2024, 1:05:17 PM",THUNDER BAY,ON,.,1 Block 588 HWY, TBPS] TROUBLE WITH YOUTH YOUTHS STILL IN AREA,Quality of Life,TROUBLE WITH YOUTH
TB24023875,"06/13/2024, 5:08:34 AM","06/14/2024, 1:05:32 PM",THUNDER BAY,ON,P7C 3R2,300 Block MAY ST N, TBPS] ASSAULT SUSP PRESENT OR IN AREA,Assault,ASSAULT
TB24023892,"06/13/2024, 7:47:13 AM","06/14/2024, 1:05:33 PM",THUNDER BAY,ON,P7C 4T4,400 Block VALE AV, TBPS] B-E BUS/RES/OTH SUSP PRESENT OR MAY STILL BE IN AREA,Breaking & Entering,B-E BUS/RES/OTH
TB24023907,"06/13/2024, 11:56:45 AM","06/14/2024, 1:05:34 PM",THUNDER BAY,ON,P7B 3T2,600 Block WINNIPEG AV, TBPS] B-E BUS/RES/OTH SUSP PRESENT OR MAY STILL BE IN AREA,Breaking & Entering,B-E BUS/RES/OTH
TB24023910,"06/13/2024, 2:37:14 PM","06/14/2024, 1:05:34 PM",THUNDER BAY,ON,P7C 1G3,EDWARD ST N AND VICTORIA AV E, TBPS] MOTOR VEHICLE COLLISION MVC - AMB ENR - DUAL RESP,Other,MOTOR VEHICLE COLLISION
TB24023915,"06/13/2024, 3:42:11 PM","06/14/2024, 1:05:34 PM",THUNDER BAY,ON,P7A 1K4,300 Block CONYERS ST, TBPS] MOTOR VEHICLE COLLISION MVC NO INJURIES,Traffic,MOTOR VEHICLE COLLISION
TB24023917,"06/13/2024, 3:42:48 PM","06/14/2024, 1:05:34 PM",THUNDER BAY,ON,P7B 1K2,JUNOT AV N AND RED RIVER RD, TBPS] MOTOR VEHICLE COLLISION MVC NO INJURIES,Traffic,MOTOR VEHICLE COLLISION
TB24023918,"06/13/2024, 3:51:22 PM","06/14/2024, 1:05:34 PM",THUNDER BAY,ON,P7B 4C5,BAY ST AND RAY BLVD, TBPS] MOTOR VEHICLE COLLISION MVC NO INJURIES,Traffic,MOTOR VEHICLE COLLISION
TB24023920,"06/13/2024, 4:01:56 PM","06/14/2024, 1:05:34 PM",THUNDER BAY,ON,P7B,FORT WILLIAM RD AND HARBOUR EXPRESSWAY, TBPS] MOTOR VEHICLE COLLISION MVC - AMB ENR - DUAL RESP,Other,MOTOR VEHICLE COLLISION
TB24023919,"06/13/2024, 4:00:19 PM","06/14/2024, 1:05:34 PM",THUNDER BAY,ON,P7E 3W5,400 Block FREDERICA ST W," TBPS] MISCHIEF 11-10, MICHIEF UNDER 5000",Other Property Crime,MISCHIEF
TB24023927,"06/13/2024, 4:49:02 PM","06/14/2024, 1:05:35 PM",THUNDER BAY,ON,P7E 5R7,500 Block ARTHUR ST W, TBPS] THEFT SUSP STILL PRESENT OR MAY BE IN AREA,Other Theft,THEFT
TB24023941,"06/13/2024, 6:07:16 PM","06/14/2024, 1:05:36 PM",THUNDER BAY,ON,P7E 5R7,500 Block ARTHUR ST W," TBPS] THEFT NOT IN PROGRESS, UNDER 5000",Other Theft,THEFT
TB24023950,"06/13/2024, 6:57:39 PM","06/14/2024, 1:05:36 PM",THUNDER BAY,ON,P7E 6J2,400 Block GORE ST W, TBPS] MOTOR VEHICLE COLLISION MVC - AMB ENR - DUAL RESP,Other,MOTOR VEHICLE COLLISION
TB24023953,"06/13/2024, 7:16:13 PM","06/14/2024, 1:05:36 PM",THUNDER BAY,ON,P7C 3M6,600 Block PRINCE ARTHUR BLVD," TBPS] THEFT NOT IN PROGRESS, UNDER 5000",Other Theft,THEFT
TB24023966,"06/13/2024, 9:01:00 PM","06/14/2024, 1:05:37 PM",THUNDER BAY,ON,P7E 1V2,700 Block SELKIRK ST S," TBPS] MISCHIEF 11-10, MICHIEF UNDER 5000",Other Property Crime,MISCHIEF
TB24023970,"06/13/2024, 9:58:20 PM","06/14/2024, 1:05:37 PM",THUNDER BAY,ON,P7E 2J4,1300 Block EDWARD ST S, TBPS] ASSAULT SUSP PRESENT OR IN AREA,Assault,ASSAULT
TB24024107,"06/14/2024, 9:12:42 PM","06/15/2024, 1:04:59 PM",THUNDER BAY,ON,P7B 7C6,900 Block CARRICK ST, TBPS] THEFT SUSP STILL PRESENT OR MAY BE IN AREA,Other Theft,THEFT
TB24024116,"06/14/2024, 10:32:32 PM","06/15/2024, 1:05:00 PM",THUNDER BAY,ON,P7B 6V4,900 Block OLIVER RD, TBPS] ASSAULT ACCUSED NOT PRESENT,Assault,ASSAULT
TB24024118,"06/14/2024, 11:09:12 PM","06/15/2024, 1:05:01 PM",THUNDER BAY,ON,P7B 2W3,1 Block COURT ST S, TBPS] THEFT SUSP STILL PRESENT OR MAY BE IN AREA,Other Theft,THEFT
TB24024122,"06/15/2024, 12:25:10 AM","06/15/2024, 1:05:01 PM",THUNDER BAY,ON,P7B 7C6,900 Block CARRICK ST, TBPS] THEFT SUSP STILL PRESENT OR MAY BE IN AREA,Other Theft,THEFT
TB24024126,"06/15/2024, 12:39:17 AM","06/15/2024, 1:05:02 PM",THUNDER BAY,ON,P7E 1C2,200 Block BRODIE ST S, TBPS] ASSAULT SUSP PRESENT OR IN AREA,Assault,ASSAULT
TB24024140,"06/15/2024, 3:20:41 AM","06/15/2024, 1:05:05 PM",THUNDER BAY,ON,P7A,1 Block NORTH WATER ST, TBPS] ASSAULT SUSP PRESENT OR IN AREA,Assault,ASSAULT
TB24024141,"06/15/2024, 3:25:44 AM","06/15/2024, 1:05:05 PM",THUNDER BAY,ON,P7C 2V9,NORTHERN AV AND MAY ST N, TBPS] ASSAULT SUSP PRESENT OR IN AREA,Assault,ASSAULT
TB24024152,"06/15/2024, 4:41:12 AM","06/15/2024, 1:05:06 PM",THUNDER BAY,ON,J4Y 0K7,500 Block ARTHUR ST W, TBPS] STOLEN VEHICLE SUSP PRESENT OR MAY STILL BE IN AREA,Theft of Vehicle,STOLEN VEHICLE
TB24023916,"06/13/2024, 3:42:35 PM","06/15/2024, 1:05:09 PM",THUNDER BAY,ON,P7B,MEMORIAL AV, TBPS] MOTOR VEHICLE COLLISION 11-10 MVC ANY TYPE,Other,MOTOR VEHICLE COLLISION
TB24024000,"06/14/2024, 1:56:21 AM","06/15/2024, 1:05:15 PM",THUNDER BAY,ON,P7E 3E2,1300 Block CRAWFORD AV, TBPS] THEFT SUSP STILL PRESENT OR MAY BE IN AREA,Other Theft,THEFT
TB24024040,"06/14/2024, 7:28:42 AM","06/15/2024, 1:05:18 PM",THUNDER BAY,ON,P7B 4Z5,1 Block CARL AV, TBPS] MOTOR VEHICLE COLLISION MVC NO INJURIES,Traffic,MOTOR VEHICLE COLLISION
TB24024051,"06/14/2024, 10:44:41 AM","06/15/2024, 1:05:18 PM",THUNDER BAY,ON,P7B 3K1,1 Block HIGH ST S," TBPS] MISCHIEF IP/SUSP IN AREA, UNDER 5,000",Other Property Crime,MISCHIEF
TB24024041,"06/14/2024, 7:35:59 AM","06/15/2024, 1:05:18 PM",THUNDER BAY,ON,P7B 6J6,100 Block PICTON AV, TBPS] B-E BUS/RES/OTH SUSP PRESENT OR MAY STILL BE IN AREA,Breaking & Entering,B-E BUS/RES/OTH
TB24024063,"06/14/2024, 2:20:45 PM","06/15/2024, 1:05:19 PM",THUNDER BAY,ON,P7G 2E8,1900 Block DAWSON RD, TBPS] MOTOR VEHICLE COLLISION 11-10 MVC ANY TYPE,Other,MOTOR VEHICLE COLLISION
TB24024059,"06/14/2024, 12:35:22 PM","06/15/2024, 1:05:19 PM",THUNDER BAY,ON,P7G 2G6,DENBURY RD AND DAWSON RD, TBPS] MOTOR VEHICLE COLLISION MVC NO INJURIES,Traffic,MOTOR VEHICLE COLLISION
TB24024066,"06/14/2024, 2:53:12 PM","06/15/2024, 1:05:19 PM",THUNDER BAY,ON,P7B 7C6,900 Block CARRICK ST, TBPS] THEFT SUSP STILL PRESENT OR MAY BE IN AREA,Other Theft,THEFT
TB24024069,"06/14/2024, 3:18:04 PM","06/15/2024, 1:05:20 PM",THUNDER BAY,ON,P7B 4P5,300 Block FRANKWOOD AV," TBPS] THEFT NOT IN PROGRESS, FROM MOTOR VEHICLE",Theft from Vehicle,THEFT
TB24024071,"06/14/2024, 3:42:28 PM","06/15/2024, 1:05:20 PM",THUNDER BAY,ON,P7B 2E1,500 Block HARTLAND ST," TBPS] THEFT NOT IN PROGRESS, FROM MOTOR VEHICLE",Theft from Vehicle,THEFT
TB24023647,"06/11/2024, 8:15:43 PM","06/15/2024, 1:06:03 PM",THUNDER BAY,ON,P7E 2M4,FRANCIS ST W AND BROWN ST, TBPS] MOTOR VEHICLE COLLISION 11-10 MVC ANY TYPE,Other,MOTOR VEHICLE COLLISION
TB24024252,"06/15/2024, 11:20:03 PM","06/16/2024, 1:04:32 PM",THUNDER BAY,ON,P7E 5N3,1300 Block ARTHUR ST E, TBPS] DRUG OFFENCES SUSP PRESENT OR MAY STILL BE IN AREA,Quality of Life,DRUG OFFENCES
TB24024255,"06/16/2024, 12:14:03 AM","06/16/2024, 1:04:33 PM",THUNDER BAY,ON,P7B 3A8,ALGOMA ST S AND WAVERLY ST," TBPS] ASSAULT JUST OCCURRED, ACCUSED NOT PRESENT",Assault,ASSAULT
TB24024260,"06/16/2024, 12:46:56 AM","06/16/2024, 1:04:33 PM",THUNDER BAY,ON,P7B 5L6,300 Block MAIN ST, TBPS] THEFT SUSP STILL PRESENT OR MAY BE IN AREA,Other Theft,THEFT
TB24024263,"06/16/2024, 1:14:14 AM","06/16/2024, 1:04:34 PM",THUNDER BAY,ON,P7E 1L8,100 Block MARKS ST S, TBPS] DRUG OFFENCES SUSP PRESENT OR MAY STILL BE IN AREA,Quality of Life,DRUG OFFENCES
TB24024275,"06/16/2024, 2:27:52 AM","06/16/2024, 1:04:35 PM",THUNDER BAY,ON,P7A 6A6,100 Block ROCKWOOD AV N," TBPS] MISCHIEF 11-10, MICHIEF UNDER 5000",Other Property Crime,MISCHIEF
TB24024271,"06/16/2024, 2:22:14 AM","06/16/2024, 1:04:35 PM",THUNDER BAY,ON,P7B 3A6,900 Block FORT WILLIAM RD, TBPS] LIQUOR LICENCE ACT LIQUOR LICENCE ACT VIOLATION IN PROGRESS,Quality of Life,LIQUOR LICENCE ACT
TB24024281,"06/16/2024, 3:25:24 AM","06/16/2024, 1:04:36 PM",THUNDER BAY,ON,P7C 3R7,500 Block MAY ST N, TBPS] STOLEN VEHICLE SUSP NOT IN AREA,Theft of Vehicle,STOLEN VEHICLE
TB24024283,"06/16/2024, 3:34:42 AM","06/16/2024, 1:04:37 PM",THUNDER BAY,ON,P7B,FORT WILLIAM RD AND HARBOUR EXPRESSWAY, TBPS] ASSAULT SUSP PRESENT OR IN AREA,Assault,ASSAULT
TB24024288,"06/16/2024, 3:50:57 AM","06/16/2024, 1:04:37 PM",THUNDER BAY,ON,P7C 1M9,100 Block SYNDICATE AV N, TBPS] ASSAULT SUSP PRESENT OR IN AREA,Assault,ASSAULT
TB24024290,"06/16/2024, 4:01:05 AM","06/16/2024, 1:04:38 PM",THUNDER BAY,ON,P7B 5L6,300 Block MAIN ST, TBPS] THEFT SUSP STILL PRESENT OR MAY BE IN AREA,Other Theft,THEFT
TB24024293,"06/16/2024, 4:14:19 AM","06/16/2024, 1:04:38 PM",THUNDER BAY,ON,P7A 8C5,500 Block ALGOMA ST N, TBPS] B-E BUS/RES/OTH SUSP PRESENT OR MAY STILL BE IN AREA,Breaking & Entering,B-E BUS/RES/OTH
TB24024300,"06/16/2024, 5:23:12 AM","06/16/2024, 1:04:39 PM",THUNDER BAY,ON,P7B 6S2,700 Block MEMORIAL AV, TBPS] THEFT SUSP STILL PRESENT OR MAY BE IN AREA,Other Theft,THEFT
TB24024302,"06/16/2024, 5:31:42 AM","06/16/2024, 1:04:39 PM",THUNDER BAY,ON,P7E 5P7,100 Block ARTHUR ST W," TBPS] THEFT IN PROGRESS, OVER 50000",Other Theft,THEFT
TB24024314,"06/16/2024, 7:29:25 AM","06/16/2024, 1:04:40 PM",THUNDER BAY,ON,P7C 3J7,600 Block SIMPSON ST, TBPS] B-E BUS/RES/OTH SUSP PRESENT OR MAY STILL BE IN AREA,Breaking & Entering,B-E BUS/RES/OTH
TB24024291,"06/16/2024, 4:02:19 AM","06/16/2024, 1:04:41 PM",THUNDER BAY,ON,P7E 5V3,500 Block DONALD ST E, TBPS] ASSAULT SUSP PRESENT OR IN AREA,Assault,ASSAULT
TB24024256,"06/16/2024, 12:21:14 AM","06/16/2024, 1:04:42 PM",THUNDER BAY,ON,P7A 4M9,CUMBERLAND ST N AND RIVER ST, TBPS] MOTOR VEHICLE COLLISION MVC - AMB ENR - DUAL RESP,Other,MOTOR VEHICLE COLLISION
TB24024163,"06/15/2024, 6:07:47 AM","06/16/2024, 1:04:58 PM",THUNDER BAY,ON,P7E 4C8,600 Block FRANCIS ST W, TBPS] B-E BUS/RES/OTH SUSP PRESENT OR MAY STILL BE IN AREA,Breaking & Entering,B-E BUS/RES/OTH
TB24024184,"06/15/2024, 10:36:01 AM","06/16/2024, 1:05:01 PM",THUNDER BAY,ON,.,100 Block PEARL ST, TBPS] THEFT SUSP STILL PRESENT OR MAY BE IN AREA,Other Theft,THEFT
TB24024198,"06/15/2024, 3:05:48 PM","06/16/2024, 1:05:03 PM",THUNDER BAY,ON,P7A 6G2,100 Block CLARKSON ST N," TBPS] THEFT NOT IN PROGRESS, UNDER 5000",Other Theft,THEFT
TB24024201,"06/15/2024, 4:00:38 PM","06/16/2024, 1:05:03 PM",THUNDER BAY,ON,P7B 6A7,CUMBERLAND ST S AND SOUTH WATER ST, TBPS] ASSAULT SUSP PRESENT OR IN AREA,Assault,ASSAULT
TB24024231,"06/15/2024, 8:21:13 PM","06/16/2024, 1:05:05 PM",THUNDER BAY,ON,P7E 5R7,500 Block ARTHUR ST W," TBPS] THEFT NOT IN PROGRESS, UNDER 5000",Other Theft,THEFT
TB24024411,"06/17/2024, 1:22:53 AM","06/17/2024, 1:07:35 PM",THUNDER BAY,ON,P7C,200 Block LEGION TRACK DR, TBPS] INDECENT ACTS SUSP PRESENT OR MAY STILL BE IN AREA,Sexual Offense,INDECENT ACTS
TB24024410,"06/17/2024, 1:21:27 AM","06/17/2024, 1:07:35 PM",THUNDER BAY,ON,P7C 1A7,500 Block VICTORIA AV E," TBPS] MISCHIEF IP/SUSP IN AREA, UNDER 5,000",Other Property Crime,MISCHIEF
TB24024413,"06/17/2024, 2:14:55 AM","06/17/2024, 1:07:35 PM",THUNDER BAY,ON,P7B,HARBOUR EXPRESSWAY AND MEMORIAL AV, TBPS] LIQUOR LICENCE ACT LIQUOR LICENCE ACT VIOLATION IN PROGRESS,Quality of Life,LIQUOR LICENCE ACT
TB24024432,"06/17/2024, 4:48:33 AM","06/17/2024, 1:07:35 PM",THUNDER BAY,ON,P7E 5K8,400 Block HEATHER CR, TBPS] TROUBLE WITH YOUTH YOUTHS STILL IN AREA,Quality of Life,TROUBLE WITH YOUTH
TB24024374,"06/16/2024, 8:04:08 PM","06/17/2024, 1:07:36 PM",THUNDER BAY,ON,P7E 6T6,NEEBING AV AND FREDERICA ST W," TBPS] MISCHIEF IP/SUSP IN AREA, UNDER 5,000",Other Property Crime,MISCHIEF
TB24024424,"06/17/2024, 3:09:35 AM","06/17/2024, 1:07:36 PM",THUNDER BAY,ON,P7E,BROWN ST AND GORE ST W, TBPS] ASSAULT SUSP PRESENT OR IN AREA,Assault,ASSAULT
TB24023949,"06/13/2024, 6:46:32 PM","06/17/2024, 1:07:36 PM",THUNDER BAY,ON,P7G 1M1,6000 Block TOWNLINE RD," TBPS] THEFT NOT IN PROGRESS, OVER 5000",Other Theft,THEFT
TB24024340,"06/16/2024, 2:34:27 PM","06/17/2024, 1:07:37 PM",THUNDER BAY,ON,P7B 3Y2,SECORD ST AND JOHN ST, TBPS] LIQUOR LICENCE ACT LIQUOR LICENCE ACT VIOLATION IN PROGRESS,Quality of Life,LIQUOR LICENCE ACT
TB24024335,"06/16/2024, 12:48:13 PM","06/17/2024, 1:07:37 PM",THUNDER BAY,ON,P7B 5K5,1100 Block MEMORIAL AV, TBPS] ROBBERY NO WEAPONS - SUSP STILL IN AREA,Robbery,ROBBERY
TB24024353,"06/16/2024, 5:33:43 PM","06/17/2024, 1:07:37 PM",THUNDER BAY,ON,P7B 2X3,1 Block COURT ST S, TBPS] INDECENT ACTS SUSP PRESENT OR MAY STILL BE IN AREA,Sexual Offense,INDECENT ACTS
TB24024267,"06/16/2024, 1:47:08 AM","06/17/2024, 1:07:38 PM",THUNDER BAY,ON,P7A 3G7,200 Block WOLSELEY ST, TBPS] THEFT SUSP STILL PRESENT OR MAY BE IN AREA,Other Theft,THEFT
TB24024308,"06/16/2024, 6:27:55 AM","06/17/2024, 1:07:38 PM",THUNDER BAY,ON,P7A 7P5,300 Block COUNTY BLVD, TBPS] B-E BUS/RES/OTH SUSP PRESENT OR MAY STILL BE IN AREA,Breaking & Entering,B-E BUS/RES/OTH
TB24024324,"06/16/2024, 9:35:24 AM","06/17/2024, 1:07:38 PM",THUNDER BAY,ON,P7B 3Y8,500 Block MEMORIAL AV, TBPS] B-E BUS/RES/OTH SUSP PRESENT OR MAY STILL BE IN AREA,Breaking & Entering,B-E BUS/RES/OTH
TB24024368,"06/16/2024, 7:07:11 PM","06/17/2024, 1:07:38 PM",THUNDER BAY,ON,P7B 2G6,OLIVER RD AND RUPERT ST, TBPS] MOTOR VEHICLE COLLISION MVC NO INJURIES,Traffic,MOTOR VEHICLE COLLISION
TB24023477,"06/10/2024, 8:27:42 PM","06/17/2024, 1:07:39 PM",THUNDER BAY,ON,P7B 3Z5,700 Block MEMORIAL AV, TBPS] MOTOR VEHICLE COLLISION 11-10 MVC ANY TYPE,Other,MOTOR VEHICLE COLLISION
TB24024316,"06/16/2024, 7:51:45 AM","06/17/2024, 1:07:39 PM",THUNDER BAY,ON,P7A 6A9,1 Block WINDEMERE AV N, TBPS] MISCHIEF IP PROGRESS/SUPECT IN AREA,Other Property Crime,MISCHIEF
TB24024272,"06/16/2024, 2:23:40 AM","06/18/2024, 1:05:54 PM",THUNDER BAY,ON,P7E 4W8,400 Block WALSH ST W, TBPS] MOTOR VEHICLE COLLISION 11-10 MVC ANY TYPE,Other,MOTOR VEHICLE COLLISION
TB24024166,"06/15/2024, 6:35:47 AM","06/18/2024, 1:06:18 PM",THUNDER BAY,ON,P7B 5R8,100 Block CUMBERLAND ST S, TBPS] ASSAULT ACCUSED NOT PRESENT,Assault,ASSAULT
TB24024541,"06/17/2024, 11:13:20 PM","06/18/2024, 1:07:05 PM",THUNDER BAY,ON,P7C 3Y6,300 Block ARCHIBALD ST N, TBPS] ASSAULT SUSP PRESENT OR IN AREA,Assault,ASSAULT
TB24024543,"06/17/2024, 11:21:09 PM","06/18/2024, 1:07:05 PM",THUNDER BAY,ON,P7B 1V6,200 Block WINDSOR ST, TBPS] ASSAULT SUSP PRESENT OR IN AREA,Assault,ASSAULT
TB24024545,"06/17/2024, 11:38:12 PM","06/18/2024, 1:07:06 PM",THUNDER BAY,ON,P7E 3R9,500 Block GORE ST W, TBPS] B-E BUS/RES/OTH SUSP PRESENT OR MAY STILL BE IN AREA,Breaking & Entering,B-E BUS/RES/OTH
TB24024549,"06/17/2024, 11:00:00 PM","06/18/2024, 1:07:07 PM",THUNDER BAY,ON,P7A 4M1,TUPPER ST AND CUMBERLAND ST N," TBPS] THEFT NOT IN PROGRESS, UNDER 5000",Other Theft,THEFT
TB24024553,"06/18/2024, 12:41:10 AM","06/18/2024, 1:07:08 PM",THUNDER BAY,ON,P7A 6L7,900 Block HURON AV, TBPS] MOTOR VEHICLE COLLISION MVC - AMB ENR - DUAL RESP,Other,MOTOR VEHICLE COLLISION
TB24024554,"06/18/2024, 12:46:39 AM","06/18/2024, 1:07:09 PM",THUNDER BAY,ON,P7B 5Z5,1200 Block BALMORAL ST," TBPS] THEFT NOT IN PROGRESS, UNDER 5000",Other Theft,THEFT
TB24024558,"06/18/2024, 1:28:51 AM","06/18/2024, 1:07:10 PM",THUNDER BAY,ON,P7E 5M8,900 Block ARTHUR ST E, TBPS] THEFT SUSP STILL PRESENT OR MAY BE IN AREA,Other Theft,THEFT
TB24024559,"06/18/2024, 1:29:13 AM","06/18/2024, 1:07:11 PM",THUNDER BAY,ON,P7E 1J6,ARTHUR ST E AND VICKERS ST S, TBPS] MOTOR VEHICLE COLLISION MVC - AMB ENR - DUAL RESP,Other,MOTOR VEHICLE COLLISION
TB24024567,"06/18/2024, 2:16:06 AM","06/18/2024, 1:07:13 PM",THUNDER BAY,ON,P7B 6S2,700 Block MEMORIAL AV, TBPS] ASSAULT SUSP PRESENT OR IN AREA,Assault,ASSAULT
TB24024568,"06/18/2024, 2:22:11 AM","06/18/2024, 1:07:14 PM",THUNDER BAY,ON,P7A 4Z6,1 Block ALGOMA ST N," TBPS] THEFT NOT IN PROGRESS, FROM MOTOR VEHICLE",Theft from Vehicle,THEFT
TB24024349,"06/16/2024, 4:32:29 PM","06/18/2024, 1:07:15 PM",THUNDER BAY,ON,P7A 4P6,300 Block CUMBERLAND ST N, TBPS] B-E BUS/RES/OTH 11-10,Breaking & Entering,B-E BUS/RES/OTH
TB24024574,"06/18/2024, 2:50:56 AM","06/18/2024, 1:07:15 PM",THUNDER BAY,ON,P7C 3P8,200 Block MAY ST N, TBPS] ASSAULT SUSP PRESENT OR IN AREA,Assault,ASSAULT
TB24024576,"06/18/2024, 3:01:34 AM","06/18/2024, 1:07:16 PM",THUNDER BAY,ON,P7A 3X4,600 Block DAWSON ST, TBPS] TROUBLE WITH YOUTH YOUTHS STILL IN AREA,Quality of Life,TROUBLE WITH YOUTH
TB24024359,"06/16/2024, 6:18:33 PM","06/18/2024, 1:07:17 PM",THUNDER BAY,ON,P7E 5R8,600 Block ARTHUR ST W, TBPS] ASSAULT ACCUSED NOT PRESENT,Assault,ASSAULT
TB24024579,"06/18/2024, 3:06:43 AM","06/18/2024, 1:07:17 PM",THUNDER BAY,ON,P7B 5K5,1100 Block MEMORIAL AV, TBPS] THEFT SUSP STILL PRESENT OR MAY BE IN AREA,Other Theft,THEFT
TB24024586,"06/18/2024, 3:42:48 AM","06/18/2024, 1:07:19 PM",THUNDER BAY,ON,P7B 5V1,1000 Block DAWSON RD," TBPS] THEFT NOT IN PROGRESS, OVER 5000",Other Theft,THEFT
TB24024590,"06/18/2024, 3:54:34 AM","06/18/2024, 1:07:20 PM",THUNDER BAY,ON,P7C 3Y7,300 Block ARCHIBALD ST N, TBPS] TROUBLE WITH YOUTH YOUTHS STILL IN AREA,Quality of Life,TROUBLE WITH YOUTH
TB24023473,"06/10/2024, 8:15:45 PM","06/18/2024, 1:07:25 PM",THUNDER BAY,ON,P7E 5P5,2600 Block ARTHUR ST E, TBPS] MOTOR VEHICLE COLLISION 11-10 MVC ANY TYPE,Other,MOTOR VEHICLE COLLISION
TB24024443,"06/17/2024, 10:41:16 AM","06/18/2024, 1:07:34 PM",THUNDER BAY,ON,P7E 6J1,1 Block VALHALLA INN RD, TBPS] THEFT SUSP STILL PRESENT OR MAY BE IN AREA,Other Theft,THEFT
TB24024449,"06/17/2024, 2:49:44 PM","06/18/2024, 1:07:34 PM",THUNDER BAY,ON,P7B 0A6,900 Block BALMORAL ST, TBPS] MOTOR VEHICLE COLLISION 11-10 MVC ANY TYPE,Other,MOTOR VEHICLE COLLISION
TB24024450,"06/17/2024, 2:52:51 PM","06/18/2024, 1:07:34 PM",THUNDER BAY,ON,P7B 3A6,900 Block FORT WILLIAM RD, TBPS] MOTOR VEHICLE COLLISION 11-10 MVC ANY TYPE,Other,MOTOR VEHICLE COLLISION
TB24024451,"06/17/2024, 2:54:36 PM","06/18/2024, 1:07:34 PM",THUNDER BAY,ON,P7E 5R5,500 Block ARTHUR ST W, TBPS] LIQUOR LICENCE ACT LIQUOR LICENCE ACT VIOLATION IN PROGRESS,Quality of Life,LIQUOR LICENCE ACT
TB24024452,"06/17/2024, 2:56:57 PM","06/18/2024, 1:07:34 PM",THUNDER BAY,ON,P7E 3V8,100 Block FREDERICA ST W, TBPS] MOTOR VEHICLE COLLISION 11-10 MVC ANY TYPE,Other,MOTOR VEHICLE COLLISION
TB24024460,"06/17/2024, 3:47:03 PM","06/18/2024, 1:07:35 PM",THUNDER BAY,ON,P7B 5V1,DAWSON RD AND STRAND AV, TBPS] MOTOR VEHICLE COLLISION 11-10 MVC ANY TYPE,Other,MOTOR VEHICLE COLLISION
TB24024459,"06/17/2024, 3:41:52 PM","06/18/2024, 1:07:35 PM",THUNDER BAY,ON,P7B 3Z9,MEMORIAL AV AND 11TH AV, TBPS] MOTOR VEHICLE COLLISION 11-10 MVC ANY TYPE,Other,MOTOR VEHICLE COLLISION
TB24024461,"06/17/2024, 3:52:20 PM","06/18/2024, 1:07:35 PM",THUNDER BAY,ON,P7C 2S1,SIMPSON ST AND PACIFIC AV, TBPS] MOTOR VEHICLE COLLISION 11-10 MVC ANY TYPE,Other,MOTOR VEHICLE COLLISION
TB24024464,"06/17/2024, 4:19:21 PM","06/18/2024, 1:07:36 PM",THUNDER BAY,ON,P7A 4K8,1000 Block DAWSON RD, TBPS] MOTOR VEHICLE COLLISION 11-10 MVC ANY TYPE,Other,MOTOR VEHICLE COLLISION
TB24024465,"06/17/2024, 4:21:57 PM","06/18/2024, 1:07:36 PM",THUNDER BAY,ON,P7E 2X1,JAMES ST S AND MONTREAL ST, TBPS] MOTOR VEHICLE COLLISION 11-10 MVC ANY TYPE,Other,MOTOR VEHICLE COLLISION
TB24024470,"06/17/2024, 4:30:22 PM","06/18/2024, 1:07:36 PM",THUNDER BAY,ON,P7B 6B9,ISABEL ST AND FORT WILLIAM RD, TBPS] MOTOR VEHICLE COLLISION 11-10 MVC ANY TYPE,Other,MOTOR VEHICLE COLLISION
TB24024466,"06/17/2024, 4:26:40 PM","06/18/2024, 1:07:36 PM",THUNDER BAY,ON,P7A 7X5,400 Block HODDER AV, TBPS] MOTOR VEHICLE COLLISION 11-10 MVC ANY TYPE,Other,MOTOR VEHICLE COLLISION
TB24024472,"06/17/2024, 4:39:52 PM","06/18/2024, 1:07:36 PM",THUNDER BAY,ON,P7E 5R7,500 Block ARTHUR ST W, TBPS] MOTOR VEHICLE COLLISION 11-10 MVC ANY TYPE,Other,MOTOR VEHICLE COLLISION
TB24024475,"06/17/2024, 4:43:47 PM","06/18/2024, 1:07:36 PM",THUNDER BAY,ON,P7B 5J4,1000 Block DAWSON RD, TBPS] MOTOR VEHICLE COLLISION 11-10 MVC ANY TYPE,Other,MOTOR VEHICLE COLLISION
TB24024477,"06/17/2024, 4:46:39 PM","06/18/2024, 1:07:37 PM",THUNDER BAY,ON,P7B,HARBOUR EXPRESSWAY AND BALMORAL ST, TBPS] MOTOR VEHICLE COLLISION 11-10 MVC ANY TYPE,Other,MOTOR VEHICLE COLLISION
TB24024481,"06/17/2024, 4:51:22 PM","06/18/2024, 1:07:37 PM",THUNDER BAY,ON,P7A 3S4,600 Block RIVER ST, TBPS] MOTOR VEHICLE COLLISION 11-10 MVC ANY TYPE,Other,MOTOR VEHICLE COLLISION
TB24024479,"06/17/2024, 4:49:00 PM","06/18/2024, 1:07:37 PM",THUNDER BAY,ON,P7B 3A6,900 Block FORT WILLIAM RD, TBPS] MOTOR VEHICLE COLLISION 11-10 MVC ANY TYPE,Other,MOTOR VEHICLE COLLISION
TB24024483,"06/17/2024, 5:01:31 PM","06/18/2024, 1:07:37 PM",THUNDER BAY,ON,P7E 6L4,1100 Block ARTHUR ST W, TBPS] MOTOR VEHICLE COLLISION 11-10 MVC ANY TYPE,Other,MOTOR VEHICLE COLLISION
TB24024484,"06/17/2024, 5:07:55 PM","06/18/2024, 1:07:37 PM",THUNDER BAY,ON,P7K 1K2,1200 Block ARTHUR ST W, TBPS] MOTOR VEHICLE COLLISION 11-10 MVC ANY TYPE,Other,MOTOR VEHICLE COLLISION
TB24024486,"06/17/2024, 5:18:28 PM","06/18/2024, 1:07:37 PM",THUNDER BAY,ON,P7E 5R6,600 Block ARTHUR ST W, TBPS] MOTOR VEHICLE COLLISION 11-10 MVC ANY TYPE,Other,MOTOR VEHICLE COLLISION
TB24024495,"06/17/2024, 5:42:01 PM","06/18/2024, 1:07:38 PM",THUNDER BAY,ON,P7G 1E2,JAMESON ST AND TOIVO ST, TBPS] MOTOR VEHICLE COLLISION 11-10 MVC ANY TYPE,Other,MOTOR VEHICLE COLLISION
TB24024490,"06/17/2024, 5:24:18 PM","06/18/2024, 1:07:38 PM",THUNDER BAY,ON,P7B,OLIVER RD AND THUNDER BAY EXPRESSWAY, TBPS] MOTOR VEHICLE COLLISION 11-10 MVC ANY TYPE,Other,MOTOR VEHICLE COLLISION
TB24024491,"06/17/2024, 5:28:01 PM","06/18/2024, 1:07:38 PM",THUNDER BAY,ON,P7A,DAWSON RD AND THUNDER BAY EXPRESSWAY, TBPS] MOTOR VEHICLE COLLISION 11-10 MVC ANY TYPE,Other,MOTOR VEHICLE COLLISION
TB24024489,"06/17/2024, 5:21:41 PM","06/18/2024, 1:07:38 PM",THUNDER BAY,ON,P7B 5E3,1000 Block DAWSON RD, TBPS] MOTOR VEHICLE COLLISION 11-10 MVC ANY TYPE,Other,MOTOR VEHICLE COLLISION
TB24024493,"06/17/2024, 5:31:59 PM","06/18/2024, 1:07:38 PM",THUNDER BAY,ON,P7B,PARK AV AND ALGOMA ST S, TBPS] MOTOR VEHICLE COLLISION 11-10 MVC ANY TYPE,Other,MOTOR VEHICLE COLLISION
TB24024498,"06/17/2024, 6:02:44 PM","06/18/2024, 1:07:40 PM",THUNDER BAY,ON,P7C 3R3,MAY ST N AND DEASE ST, TBPS] MOTOR VEHICLE COLLISION 11-10 MVC ANY TYPE,Other,MOTOR VEHICLE COLLISION
TB24024499,"06/17/2024, 6:08:00 PM","06/18/2024, 1:07:40 PM",THUNDER BAY,ON,P7B 2C1,FRANKWOOD AV AND FAIRCREST ST, TBPS] MOTOR VEHICLE COLLISION 11-10 MVC ANY TYPE,Other,MOTOR VEHICLE COLLISION
TB24024504,"06/17/2024, 7:01:47 PM","06/18/2024, 1:07:41 PM",THUNDER BAY,ON,P7B,BALMORAL ST AND HARBOUR EXPRESSWAY, TBPS] MOTOR VEHICLE COLLISION 11-10 MVC ANY TYPE,Other,MOTOR VEHICLE COLLISION
TB24024507,"06/17/2024, 7:36:44 PM","06/18/2024, 1:07:42 PM",THUNDER BAY,ON,P7C 0A2,800 Block VICTORIA AV E, TBPS] THEFT SUSP STILL PRESENT OR MAY BE IN AREA,Other Theft,THEFT
TB24024511,"06/17/2024, 8:01:09 PM","06/18/2024, 1:07:43 PM",THUNDER BAY,ON,P7A,CUMBERLAND ST N AND BECK ST, TBPS] MOTOR VEHICLE COLLISION 11-10 MVC ANY TYPE,Other,MOTOR VEHICLE COLLISION
TB24024514,"06/17/2024, 8:09:54 PM","06/18/2024, 1:07:43 PM",THUNDER BAY,ON,P7E,300 Block SYNDICATE AV S, TBPS] MOTOR VEHICLE COLLISION 11-10 MVC ANY TYPE,Other,MOTOR VEHICLE COLLISION
TB24024515,"06/17/2024, 8:15:23 PM","06/18/2024, 1:07:44 PM",THUNDER BAY,ON,P7B 3A6,900 Block FORT WILLIAM RD," TBPS] THEFT NOT IN PROGRESS, UNDER 5000",Other Theft,THEFT
TB24024518,"06/17/2024, 8:35:00 PM","06/18/2024, 1:07:44 PM",THUNDER BAY,ON,P7E 2V9,700 Block JAMES ST S, TBPS] MOTOR VEHICLE COLLISION MVC NO INJURIES,Traffic,MOTOR VEHICLE COLLISION
TB24024520,"06/17/2024, 8:38:58 PM","06/18/2024, 1:07:45 PM",THUNDER BAY,ON,P7B 5L6,300 Block MAIN ST, TBPS] THEFT SUSP STILL PRESENT OR MAY BE IN AREA,Other Theft,THEFT
TB24024519,"06/17/2024, 8:37:57 PM","06/18/2024, 1:07:45 PM",THUNDER BAY,ON,P7B 4A1,900 Block MEMORIAL AV, TBPS] MOTOR VEHICLE COLLISION 11-10 MVC ANY TYPE,Other,MOTOR VEHICLE COLLISION
TB24023884,"06/13/2024, 5:47:39 AM","06/19/2024, 1:07:40 PM",THUNDER BAY,ON,P7A 4L2,1 Block CUMBERLAND ST N, TBPS] ASSAULT ACCUSED NOT PRESENT,Assault,ASSAULT
TB24024735,"06/19/2024, 1:47:54 AM","06/19/2024, 1:08:27 PM",THUNDER BAY,ON,P7B 3Z7,700 Block MEMORIAL AV, TBPS] THEFT SUSP STILL PRESENT OR MAY BE IN AREA,Other Theft,THEFT
TB24024720,"06/19/2024, 12:26:26 AM","06/19/2024, 1:08:27 PM",THUNDER BAY,ON,P7B 6V4,900 Block OLIVER RD, TBPS] ASSAULT SUSP PRESENT OR IN AREA,Assault,ASSAULT
TB24024740,"06/19/2024, 2:20:10 AM","06/19/2024, 1:08:27 PM",THUNDER BAY,ON,P7C 1H3,600 Block VICTORIA AV W," TBPS] MISCHIEF IP/SUSP IN AREA, UNDER 5,000",Other Property Crime,MISCHIEF
TB24024744,"06/19/2024, 2:55:12 AM","06/19/2024, 1:08:27 PM",THUNDER BAY,ON,P7B 6J4,100 Block PARK AV," TBPS] MISCHIEF 11-10, MICHIEF UNDER 5000",Other Property Crime,MISCHIEF
TB24024757,"06/19/2024, 4:45:07 AM","06/19/2024, 1:08:27 PM",THUNDER BAY,ON,P7B 5V2,500 Block BEVERLY ST, TBPS] THEFT SUSP STILL PRESENT OR MAY BE IN AREA,Other Theft,THEFT
TB24024759,"06/19/2024, 5:39:02 AM","06/19/2024, 1:08:27 PM",THUNDER BAY,ON,P7E 6N5,200 Block ROSS ST," TBPS] THEFT NOT IN PROGRESS, UNDER 5000",Other Theft,THEFT
TB24024663,"06/18/2024, 5:33:10 PM","06/19/2024, 1:08:28 PM",THUNDER BAY,ON,P7A 4M3,VILLA ST AND CUMBERLAND ST N, TBPS] MOTOR VEHICLE COLLISION MVC INJURIES FIRE NOT REQ,Traffic,MOTOR VEHICLE COLLISION
TB24024687,"06/18/2024, 8:11:20 PM","06/19/2024, 1:08:28 PM",THUNDER BAY,ON,P7J 1J2,CHIPPEWA RD AND MOUNTAIN RD, TBPS] MOTOR VEHICLE COLLISION 11-10 MVC ANY TYPE,Other,MOTOR VEHICLE COLLISION
TB24024718,"06/19/2024, 12:19:06 AM","06/19/2024, 1:08:28 PM",THUNDER BAY,ON,P7E 1K4,100 Block HAROLD ST S, TBPS] DRUG OFFENCES SUSP PRESENT OR MAY STILL BE IN AREA,Quality of Life,DRUG OFFENCES
TB24024648,"06/18/2024, 3:46:26 PM","06/19/2024, 1:08:29 PM",THUNDER BAY,ON,P7B 5E1,900 Block OLIVER RD, TBPS] MOTOR VEHICLE COLLISION 11-10 MVC ANY TYPE,Other,MOTOR VEHICLE COLLISION
TB24024643,"06/18/2024, 3:41:37 PM","06/19/2024, 1:08:29 PM",THUNDER BAY,ON,P7C 4Y7,300 Block LILLIE ST N, TBPS] MOTOR VEHICLE COLLISION 11-10 MVC ANY TYPE,Other,MOTOR VEHICLE COLLISION
TB24024649,"06/18/2024, 3:50:29 PM","06/19/2024, 1:08:29 PM",THUNDER BAY,ON,P7G 1S4,OLIVER RD AND GRATTON RD, TBPS] MOTOR VEHICLE COLLISION 11-10 MVC ANY TYPE,Other,MOTOR VEHICLE COLLISION
TB24024654,"06/18/2024, 4:06:11 PM","06/19/2024, 1:08:29 PM",THUNDER BAY,ON,P7B 6B9,1000 Block FORT WILLIAM RD, TBPS] MOTOR VEHICLE COLLISION 11-10 MVC ANY TYPE,Other,MOTOR VEHICLE COLLISION
TB24024684,"06/18/2024, 8:08:04 PM","06/19/2024, 1:08:29 PM",THUNDER BAY,ON,P7B 2W3,1 Block COURT ST S," TBPS] THEFT NOT IN PROGRESS, UNDER 5000",Other Theft,THEFT
TB24024680,"06/18/2024, 7:14:36 PM","06/19/2024, 1:08:29 PM",THUNDER BAY,ON,P7E 5N4,FRANKLIN ST S AND ARTHUR ST E, TBPS] MOTOR VEHICLE COLLISION VEHICLE LEAKING FLUIDS - DUAL RESP,Traffic,MOTOR VEHICLE COLLISION
TB24024688,"06/18/2024, 8:22:43 PM","06/19/2024, 1:08:29 PM",THUNDER BAY,ON,P7A 4L3,ST. PAUL ST AND VAN NORMAN ST, TBPS] MOTOR VEHICLE COLLISION MVC NO INJURIES,Traffic,MOTOR VEHICLE COLLISION
TB24024652,"06/18/2024, 3:59:04 PM","06/19/2024, 1:08:30 PM",THUNDER BAY,ON,P7A 4L3,ST. PAUL ST AND VAN NORMAN ST, TBPS] MOTOR VEHICLE COLLISION 11-10 MVC ANY TYPE,Other,MOTOR VEHICLE COLLISION
TB24024650,"06/18/2024, 3:53:07 PM","06/19/2024, 1:08:30 PM",THUNDER BAY,ON,P7J 1J8,300 Block SANDY BEACH RD, TBPS] MOTOR VEHICLE COLLISION 11-10 MVC ANY TYPE,Other,MOTOR VEHICLE COLLISION
TB24024646,"06/18/2024, 3:44:02 PM","06/19/2024, 1:08:30 PM",THUNDER BAY,ON,P7B 2X7,100 Block COURT ST S, TBPS] ASSAULT SUSP PRESENT OR IN AREA,Assault,ASSAULT
TB24024651,"06/18/2024, 3:55:56 PM","06/19/2024, 1:08:30 PM",THUNDER BAY,ON,P7B 5L6,300 Block MAIN ST, TBPS] MOTOR VEHICLE COLLISION 11-10 MVC ANY TYPE,Other,MOTOR VEHICLE COLLISION
TB24024571,"06/18/2024, 2:43:32 AM","06/19/2024, 1:08:31 PM",THUNDER BAY,ON,P7K 1A4,4500 Block MAPLEWARD RD, TBPS] B-E BUS/RES/OTH 11-10,Breaking & Entering,B-E BUS/RES/OTH
TB24024862,"06/20/2024, 2:49:48 AM","06/20/2024, 1:03:48 PM",THUNDER BAY,ON,P7C 4P7,400 Block EDWARD ST N, TBPS] ROBBERY NO WEAPONS - SUSP STILL IN AREA,Robbery,ROBBERY
TB24024882,"06/20/2024, 5:00:44 AM","06/20/2024, 1:03:48 PM",THUNDER BAY,ON,P7E,1 Block HWY AND ARTHUR ST W, TBPS] MOTOR VEHICLE COLLISION MVC NO INJURIES,Traffic,MOTOR VEHICLE COLLISION
TB24024887,"06/20/2024, 5:33:10 AM","06/20/2024, 1:03:48 PM",THUNDER BAY,ON,P7A 4P6,300 Block CUMBERLAND ST N, TBPS] ASSAULT SUSP PRESENT OR IN AREA,Assault,ASSAULT
TB24024892,"06/20/2024, 6:56:25 AM","06/20/2024, 1:03:48 PM",THUNDER BAY,ON,P7E 5R8,600 Block ARTHUR ST W, TBPS] THEFT SUSP STILL PRESENT OR MAY BE IN AREA,Other Theft,THEFT
TB24024850,"06/19/2024, 11:46:32 PM","06/20/2024, 1:03:49 PM",THUNDER BAY,ON,P7A 4K8,1000 Block DAWSON RD, TBPS] THEFT SUSP STILL PRESENT OR MAY BE IN AREA,Other Theft,THEFT
TB24024881,"06/20/2024, 5:00:33 AM","06/20/2024, 1:03:49 PM",THUNDER BAY,ON,P7B,1 Block HWY AND HARBOUR EXPRESSWAY, TBPS] MOTOR VEHICLE COLLISION MVC - AMB ENR - DUAL RESP,Other,MOTOR VEHICLE COLLISION
TB24024880,"06/20/2024, 4:58:14 AM","06/20/2024, 1:03:49 PM",THUNDER BAY,ON,P7C 2H8,300 Block DEASE ST," TBPS] MISCHIEF 11-10, MICHIEF UNDER 5000",Other Property Crime,MISCHIEF
TB24024898,"06/20/2024, 7:47:13 AM","06/20/2024, 1:03:49 PM",THUNDER BAY,ON,P7C 1B9,MARKS ST N AND VICTORIA AV E, TBPS] ASSAULT SUSP PRESENT OR IN AREA,Assault,ASSAULT
TB24024819,"06/19/2024, 7:05:47 PM","06/20/2024, 1:03:50 PM",THUNDER BAY,ON,P7A 7X5,400 Block HODDER AV, TBPS] MOTOR VEHICLE COLLISION 11-10 MVC ANY TYPE,Other,MOTOR VEHICLE COLLISION
TB24024859,"06/20/2024, 2:28:59 AM","06/20/2024, 1:03:50 PM",THUNDER BAY,ON,P7B 4G4,1 Block MARLBOROUGH ST, TBPS] TROUBLE WITH YOUTH YOUTHS STILL IN AREA,Quality of Life,TROUBLE WITH YOUTH
TB24024884,"06/20/2024, 5:22:41 AM","06/20/2024, 1:03:50 PM",THUNDER BAY,ON,P7B 1R2,JOHNSON AV AND BAY ST, TBPS] B-E BUS/RES/OTH SUSP PRESENT OR MAY STILL BE IN AREA,Breaking & Entering,B-E BUS/RES/OTH
TB24024795,"06/19/2024, 4:32:42 PM","06/20/2024, 1:03:51 PM",THUNDER BAY,ON,P7E 5R2,ARTHUR ST W AND JAMES ST S, TBPS] MOTOR VEHICLE COLLISION 11-10 MVC ANY TYPE,Other,MOTOR VEHICLE COLLISION
TB24024816,"06/19/2024, 6:51:17 PM","06/20/2024, 1:03:51 PM",THUNDER BAY,ON,P7B 2X7,100 Block COURT ST S, TBPS] MOTOR VEHICLE COLLISION 11-10 MVC ANY TYPE,Other,MOTOR VEHICLE COLLISION
TB24024808,"06/19/2024, 6:15:43 PM","06/20/2024, 1:03:51 PM",THUNDER BAY,ON,P7E 5B1,2000 Block MURRAY AV," TBPS] THEFT NOT IN PROGRESS, UNDER 5000",Other Theft,THEFT
TB24024824,"06/19/2024, 7:37:25 PM","06/20/2024, 1:03:51 PM",THUNDER BAY,ON,P7A 3C3,1 Block SHIPLEY ST, TBPS] MOTOR VEHICLE COLLISION 11-10 MVC ANY TYPE,Other,MOTOR VEHICLE COLLISION
TB24024818,"06/19/2024, 6:59:51 PM","06/20/2024, 1:03:51 PM",THUNDER BAY,ON,P7A 2Z2,1 Block SHUNIAH ST, TBPS] MOTOR VEHICLE COLLISION 11-10 MVC ANY TYPE,Other,MOTOR VEHICLE COLLISION
TB24024833,"06/19/2024, 8:56:59 PM","06/20/2024, 1:03:51 PM",THUNDER BAY,ON,P7B 1Z7,700 Block JOHN ST, TBPS] ASSAULT ACCUSED NOT PRESENT,Assault,ASSAULT
TB24024842,"06/19/2024, 9:57:22 PM","06/20/2024, 1:03:51 PM",THUNDER BAY,ON,P7B 1A8,200 Block RED RIVER RD, TBPS] THEFT SUSP STILL PRESENT OR MAY BE IN AREA,Other Theft,THEFT
TB24024781,"06/19/2024, 2:37:50 PM","06/20/2024, 1:03:52 PM",THUNDER BAY,ON,P7B 4Z6,200 Block CARL AV, TBPS] B-E BUS/RES/OTH SUSP PRESENT OR MAY STILL BE IN AREA,Breaking & Entering,B-E BUS/RES/OTH
TB24024786,"06/19/2024, 3:22:52 PM","06/20/2024, 1:03:52 PM",THUNDER BAY,ON,P7C,EDWARD ST N AND REDWOOD AV E, TBPS] MOTOR VEHICLE COLLISION 11-10 MVC ANY TYPE,Other,MOTOR VEHICLE COLLISION
TB24024772,"06/19/2024, 8:43:53 AM","06/20/2024, 1:03:53 PM",THUNDER BAY,ON,P7A 1B9,400 Block ADAMS ST, TBPS] B-E BUS/RES/OTH SUSP PRESENT OR MAY STILL BE IN AREA,Breaking & Entering,B-E BUS/RES/OTH
TB24024784,"06/19/2024, 3:12:10 PM","06/20/2024, 1:03:53 PM",THUNDER BAY,ON,P7C 1N7,CUMMING ST AND MCKENZIE ST, TBPS] MOTOR VEHICLE COLLISION 11-10 MVC ANY TYPE,Other,MOTOR VEHICLE COLLISION
TB24024799,"06/19/2024, 5:01:10 PM","06/20/2024, 1:03:53 PM",THUNDER BAY,ON,P7G 2J9,6400 Block MAPLEWARD RD, TBPS] MOTOR VEHICLE COLLISION 11-10 MVC ANY TYPE,Other,MOTOR VEHICLE COLLISION
TB24024540,"06/17/2024, 11:11:18 PM","06/21/2024, 1:08:19 PM",THUNDER BAY,ON,P7C 3C2,1000 Block MCLAUGHLIN ST, TBPS] TRESPASS AT NIGHT SUSP NOT IN AREA - REPORTED AFTER THE FA,Other Property Crime,TRESPASS AT NIGHT
TB24024914,"06/20/2024, 10:00:00 AM","06/22/2024, 1:03:55 PM",THUNDER BAY,ON,P7B 4X9,200 Block JUNOT AV S, TBPS] THEFT SUSP STILL PRESENT OR MAY BE IN AREA,Other Theft,THEFT
TB24024916,"06/20/2024, 10:26:21 AM","06/22/2024, 1:03:55 PM",THUNDER BAY,ON,P7A 1B9,400 Block ADAMS ST, TBPS] B-E BUS/RES/OTH SUSP PRESENT OR MAY STILL BE IN AREA,Breaking & Entering,B-E BUS/RES/OTH
TB24024923,"06/20/2024, 11:46:43 AM","06/22/2024, 1:03:57 PM",THUNDER BAY,ON,P7B 6G7,1 Block CUMBERLAND ST S, TBPS] ROBBERY NO WEAPONS - SUSP STILL IN AREA,Robbery,ROBBERY
TB24025184,"06/22/2024, 1:26:17 AM","06/22/2024, 1:03:58 PM",THUNDER BAY,ON,.,100 Block PEARL ST, TBPS] ASSAULT SUSP PRESENT OR IN AREA,Assault,ASSAULT
TB24024937,"06/20/2024, 3:52:17 PM","06/22/2024, 1:03:59 PM",THUNDER BAY,ON,P7C 3Z3,VICKERS ST N AND BETHUNE ST, TBPS] MOTOR VEHICLE COLLISION 11-10 MVC ANY TYPE,Other,MOTOR VEHICLE COLLISION
TB24025195,"06/22/2024, 3:03:26 AM","06/22/2024, 1:03:59 PM",THUNDER BAY,ON,P7B 2S4,800 Block FORT WILLIAM RD, TBPS] ROBBERY NO WEAPONS - SUSP STILL IN AREA,Robbery,ROBBERY
TB24024941,"06/20/2024, 4:09:25 PM","06/22/2024, 1:04:00 PM",THUNDER BAY,ON,P7E 6L4,ARTHUR ST W AND SIFTON AV, TBPS] MOTOR VEHICLE COLLISION 11-10 MVC ANY TYPE,Other,MOTOR VEHICLE COLLISION
TB24024943,"06/20/2024, 4:14:06 PM","06/22/2024, 1:04:00 PM",THUNDER BAY,ON,P7B 6S1,GORHAM ST AND DUNLOP ST, TBPS] MOTOR VEHICLE COLLISION 11-10 MVC ANY TYPE,Other,MOTOR VEHICLE COLLISION
TB24025204,"06/22/2024, 4:13:55 AM","06/22/2024, 1:04:00 PM",THUNDER BAY,ON,P7E 6E2,1100 Block ARTHUR ST W, TBPS] MOTOR VEHICLE COLLISION MVC NO INJURIES,Traffic,MOTOR VEHICLE COLLISION
TB24025208,"06/22/2024, 4:46:35 AM","06/22/2024, 1:04:00 PM",THUNDER BAY,ON,P7E 6P5,1900 Block FREDERICA ST W," TBPS] THEFT NOT IN PROGRESS, FROM MOTOR VEHICLE",Theft from Vehicle,THEFT
TB24025211,"06/22/2024, 5:01:54 AM","06/22/2024, 1:04:01 PM",THUNDER BAY,ON,P7E 6P5,1900 Block FREDERICA ST W," TBPS] THEFT NOT IN PROGRESS, FROM MOTOR VEHICLE",Theft from Vehicle,THEFT
TB24024955,"06/20/2024, 6:09:14 PM","06/22/2024, 1:04:02 PM",THUNDER BAY,ON,P7B 6B9,ISABEL ST AND FORT WILLIAM RD, TBPS] MOTOR VEHICLE COLLISION 11-10 MVC ANY TYPE,Other,MOTOR VEHICLE COLLISION
TB24025222,"06/22/2024, 5:53:54 AM","06/22/2024, 1:04:02 PM",THUNDER BAY,ON,P7E 6N5,200 Block ROSS ST," TBPS] THEFT NOT IN PROGRESS, UNDER 5000",Other Theft,THEFT
TB24024963,"06/20/2024, 6:30:13 PM","06/22/2024, 1:04:03 PM",THUNDER BAY,ON,P7B 2L9,1 Block ACADEMY DR, TBPS] ASSAULT ACCUSED NOT PRESENT,Assault,ASSAULT
TB24024968,"06/20/2024, 6:53:23 PM","06/22/2024, 1:04:04 PM",THUNDER BAY,ON,P7A 4S2,500 Block CUMBERLAND ST N," TBPS] MISCHIEF 11-10, MICHIEF UNDER 5000",Other Property Crime,MISCHIEF
TB24024969,"06/20/2024, 6:59:33 PM","06/22/2024, 1:04:04 PM",THUNDER BAY,ON,P7B,FORT WILLIAM RD AND CENTRAL AV, TBPS] MOTOR VEHICLE COLLISION 11-10 MVC ANY TYPE,Other,MOTOR VEHICLE COLLISION
TB24024976,"06/20/2024, 7:43:32 PM","06/22/2024, 1:04:05 PM",THUNDER BAY,ON,P7B,FORT WILLIAM RD AND MAIN ST, TBPS] MOTOR VEHICLE COLLISION 11-10 MVC ANY TYPE,Other,MOTOR VEHICLE COLLISION
TB24024974,"06/20/2024, 7:32:04 PM","06/22/2024, 1:04:05 PM",THUNDER BAY,ON,P7C 3G9,400 Block HARDISTY ST N, TBPS] B-E BUS/RES/OTH SUSP PRESENT OR MAY STILL BE IN AREA,Breaking & Entering,B-E BUS/RES/OTH
TB24024978,"06/20/2024, 7:50:34 PM","06/22/2024, 1:04:05 PM",THUNDER BAY,ON,P7B 5P9,1200 Block CARRICK ST, TBPS] ASSAULT ACCUSED NOT PRESENT,Assault,ASSAULT
TB24024988,"06/20/2024, 8:33:13 PM","06/22/2024, 1:04:06 PM",THUNDER BAY,ON,P7K 1A5,BRUNETTI ST AND GALLIANO CR, TBPS] MOTOR VEHICLE COLLISION MVC - AMB ENR - DUAL RESP,Other,MOTOR VEHICLE COLLISION
TB24025001,"06/20/2024, 10:23:02 PM","06/22/2024, 1:04:08 PM",THUNDER BAY,ON,P7A 4K8,1000 Block DAWSON RD, TBPS] ASSAULT SUSP PRESENT OR IN AREA,Assault,ASSAULT
TB24025005,"06/20/2024, 10:40:36 PM","06/22/2024, 1:04:08 PM",THUNDER BAY,ON,P7B 3Y7,BEVERLY ST AND HIGH ST S, TBPS] MOTOR VEHICLE COLLISION MVC NO INJURIES,Traffic,MOTOR VEHICLE COLLISION
TB24025010,"06/20/2024, 10:56:43 PM","06/22/2024, 1:04:09 PM",THUNDER BAY,ON,P7A 4K8,1000 Block DAWSON RD, TBPS] LIQUOR LICENCE ACT LIQUOR LICENCE ACT VIOLATION IN PROGRESS,Quality of Life,LIQUOR LICENCE ACT
TB24025036,"06/21/2024, 2:28:29 AM","06/22/2024, 1:04:12 PM",THUNDER BAY,ON,P7B 5R8,100 Block CUMBERLAND ST S, TBPS] ASSAULT SUSP PRESENT OR IN AREA,Assault,ASSAULT
TB24025032,"06/21/2024, 1:59:33 AM","06/22/2024, 1:04:12 PM",THUNDER BAY,ON,P7B 2G1,OLIVER RD AND HIGH ST S, TBPS] MOTOR VEHICLE COLLISION MVC NO INJURIES,Traffic,MOTOR VEHICLE COLLISION
TB24025050,"06/21/2024, 5:17:39 AM","06/22/2024, 1:04:13 PM",THUNDER BAY,ON,P7E 5P5,2600 Block ARTHUR ST E," TBPS] MISCHIEF IP/SUSP IN AREA, UNDER 5,000",Other Property Crime,MISCHIEF
TB24025054,"06/21/2024, 5:52:12 AM","06/22/2024, 1:04:14 PM",THUNDER BAY,ON,P7C 4T5,LIMBRICK ST AND JAMES ST N, TBPS] MOTOR VEHICLE COLLISION MVC - AMB ENR - DUAL RESP,Other,MOTOR VEHICLE COLLISION
TB24025053,"06/21/2024, 5:48:42 AM","06/22/2024, 1:04:14 PM",THUNDER BAY,ON,P7C 5M6,600 Block JAMES ST N, TBPS] STOLEN VEHICLE SUSP PRESENT OR MAY STILL BE IN AREA,Theft of Vehicle,STOLEN VEHICLE
TB24025065,"06/21/2024, 7:48:57 AM","06/22/2024, 1:04:15 PM",THUNDER BAY,ON,P7A 2W6,200 Block EGAN ST, TBPS] B-E BUS/RES/OTH SUSP PRESENT OR MAY STILL BE IN AREA,Breaking & Entering,B-E BUS/RES/OTH
TB24025074,"06/21/2024, 10:39:10 AM","06/22/2024, 1:04:16 PM",THUNDER BAY,ON,P7B,HARBOUR EXPRESSWAY AND BALMORAL ST, TBPS] MOTOR VEHICLE COLLISION MVC - AMB ENR - DUAL RESP,Other,MOTOR VEHICLE COLLISION
TB24025089,"06/21/2024, 3:11:09 PM","06/22/2024, 1:04:18 PM",THUNDER BAY,ON,P7B 5K5,1100 Block MEMORIAL AV, TBPS] MOTOR VEHICLE COLLISION 11-10 MVC ANY TYPE,Other,MOTOR VEHICLE COLLISION
TB24025090,"06/21/2024, 3:21:09 PM","06/22/2024, 1:04:18 PM",THUNDER BAY,ON,P7B 2Z6,400 Block FORT WILLIAM RD, TBPS] MOTOR VEHICLE COLLISION 11-10 MVC ANY TYPE,Other,MOTOR VEHICLE COLLISION
TB24025096,"06/21/2024, 3:38:43 PM","06/22/2024, 1:04:18 PM",THUNDER BAY,ON,P7B 7C6,900 Block CARRICK ST, TBPS] MOTOR VEHICLE COLLISION 11-10 MVC ANY TYPE,Other,MOTOR VEHICLE COLLISION
TB24025103,"06/21/2024, 4:00:57 PM","06/22/2024, 1:04:18 PM",THUNDER BAY,ON,P7B 2W1,100 Block JOHNSON AV, TBPS] MOTOR VEHICLE COLLISION 11-10 MVC ANY TYPE,Other,MOTOR VEHICLE COLLISION
TB24025104,"06/21/2024, 4:07:34 PM","06/22/2024, 1:04:19 PM",THUNDER BAY,ON,P7B 3Y4,300 Block MEMORIAL AV, TBPS] MOTOR VEHICLE COLLISION 11-10 MVC ANY TYPE,Other,MOTOR VEHICLE COLLISION
TB24025117,"06/21/2024, 5:50:58 PM","06/22/2024, 1:04:19 PM",THUNDER BAY,ON,P7A 5M6,BALSAM ST AND RIVER ST, TBPS] MOTOR VEHICLE COLLISION MVC - AMB ENR - DUAL RESP,Other,MOTOR VEHICLE COLLISION
TB24025124,"06/21/2024, 6:29:36 PM","06/22/2024, 1:04:19 PM",THUNDER BAY,ON,P7E 2V3,500 Block ARTHUR ST W, TBPS] MOTOR VEHICLE COLLISION 11-10 MVC ANY TYPE,Other,MOTOR VEHICLE COLLISION
TB24025133,"06/21/2024, 7:14:36 PM","06/22/2024, 1:04:20 PM",THUNDER BAY,ON,P7E 5J6,1400 Block RIDGEWAY ST E," TBPS] THEFT NOT IN PROGRESS, FROM MOTOR VEHICLE",Theft from Vehicle,THEFT
TB24025135,"06/21/2024, 7:22:30 PM","06/22/2024, 1:04:20 PM",THUNDER BAY,ON,P7E 1A9,100 Block MAY ST S, TBPS] ASSAULT SUSP PRESENT OR IN AREA,Assault,ASSAULT
TB24025139,"06/21/2024, 7:48:28 PM","06/22/2024, 1:04:20 PM",THUNDER BAY,ON,P7B 3K5,100 Block HIGH ST S, TBPS] MOTOR VEHICLE COLLISION 11-10 MVC ANY TYPE,Other,MOTOR VEHICLE COLLISION
TB24025142,"06/21/2024, 8:38:01 PM","06/22/2024, 1:04:20 PM",THUNDER BAY,ON,P7C 4C1,800 Block VICKERS ST N, TBPS] STOLEN VEHICLE SUSP NOT IN AREA,Theft of Vehicle,STOLEN VEHICLE
TB24025144,"06/21/2024, 8:56:58 PM","06/22/2024, 1:04:20 PM",THUNDER BAY,ON,P7B 7C6,900 Block CARRICK ST," TBPS] THEFT IN PROGRESS, OVER 50000",Other Theft,THEFT
TB24025151,"06/21/2024, 9:42:56 PM","06/22/2024, 1:04:21 PM",THUNDER BAY,ON,P7A 4K8,1000 Block DAWSON RD, TBPS] ROBBERY NO WEAPONS - SUSP STILL IN AREA,Robbery,ROBBERY
TB24025302,"06/22/2024, 10:24:06 PM","06/23/2024, 1:08:28 PM",THUNDER BAY,ON,P7B 6B9,1000 Block FORT WILLIAM RD, TBPS] ASSAULT SUSP PRESENT OR IN AREA,Assault,ASSAULT
TB24025303,"06/22/2024, 10:29:03 PM","06/23/2024, 1:08:29 PM",THUNDER BAY,ON,P7C 3K8,100 Block SOUTHERN AV," TBPS] THEFT NOT IN PROGRESS, FROM MOTOR VEHICLE",Theft from Vehicle,THEFT
TB24025307,"06/22/2024, 10:52:51 PM","06/23/2024, 1:08:30 PM",THUNDER BAY,ON,P7C 4T5,600 Block JAMES ST N, TBPS] DRUG OFFENCES SUSP PRESENT OR MAY STILL BE IN AREA,Quality of Life,DRUG OFFENCES
TB24025308,"06/22/2024, 11:05:22 PM","06/23/2024, 1:08:30 PM",THUNDER BAY,ON,P7B 5L6,300 Block MAIN ST, TBPS] ROBBERY WEAPONS - SUSP STILL IN AREA,Robbery,ROBBERY
TB24025319,"06/23/2024, 12:08:41 AM","06/23/2024, 1:08:33 PM",THUNDER BAY,ON,P7K 1K2,1200 Block ARTHUR ST W, TBPS] THEFT SUSP STILL PRESENT OR MAY BE IN AREA,Other Theft,THEFT
TB24025320,"06/23/2024, 12:23:47 AM","06/23/2024, 1:08:33 PM",THUNDER BAY,ON,P7B 6B9,1000 Block FORT WILLIAM RD, TBPS] LIQUOR LICENCE ACT LIQUOR LICENCE ACT VIOLATION IN PROGRESS,Quality of Life,LIQUOR LICENCE ACT
TB24025330,"06/23/2024, 1:41:15 AM","06/23/2024, 1:08:34 PM",THUNDER BAY,ON,P7B 3A6,900 Block FORT WILLIAM RD, TBPS] LIQUOR LICENCE ACT LIQUOR LICENCE ACT VIOLATION IN PROGRESS,Quality of Life,LIQUOR LICENCE ACT
TB24025348,"06/23/2024, 4:41:03 AM","06/23/2024, 1:08:37 PM",THUNDER BAY,ON,P7B 5Z5,1200 Block BALMORAL ST," TBPS] THEFT NOT IN PROGRESS, UNDER 5000",Other Theft,THEFT
TB24025353,"06/23/2024, 5:22:48 AM","06/23/2024, 1:08:37 PM",THUNDER BAY,ON,P7C 4L8,600 Block FORD ST N, TBPS] TROUBLE WITH YOUTH YOUTHS STILL IN AREA,Quality of Life,TROUBLE WITH YOUTH
TB24025370,"06/23/2024, 8:01:37 AM","06/23/2024, 1:08:39 PM",THUNDER BAY,ON,P7B 3A6,900 Block FORT WILLIAM RD, TBPS] ROBBERY NO WEAPONS - SUSP STILL IN AREA,Robbery,ROBBERY
TB24025188,"06/22/2024, 2:12:00 AM","06/23/2024, 1:08:45 PM",THUNDER BAY,ON,P7E 2L8,100 Block MARY ST W, TBPS] TROUBLE WITH YOUTH YOUTHS STILL IN AREA,Quality of Life,TROUBLE WITH YOUTH
TB24025213,"06/22/2024, 5:19:27 AM","06/23/2024, 1:08:48 PM",THUNDER BAY,ON,P7C 4R6,100 Block SHERBROOKE ST, TBPS] TROUBLE WITH YOUTH YOUTHS STILL IN AREA,Quality of Life,TROUBLE WITH YOUTH
TB24025214,"06/22/2024, 5:24:13 AM","06/23/2024, 1:08:49 PM",THUNDER BAY,ON,P7E 5K8,400 Block HEATHER CR, TBPS] TROUBLE WITH YOUTH YOUTHS STILL IN AREA,Quality of Life,TROUBLE WITH YOUTH
TB24025226,"06/22/2024, 6:40:48 AM","06/23/2024, 1:08:50 PM",THUNDER BAY,ON,P7C 1K6,2700 Block WILLOW PL, TBPS] ASSAULT ACCUSED NOT PRESENT,Assault,ASSAULT
TB24025233,"06/22/2024, 7:42:48 AM","06/23/2024, 1:08:51 PM",THUNDER BAY,ON,P7B 6R9,100 Block MAIN ST, TBPS] B-E BUS/RES/OTH SUSP PRESENT OR MAY STILL BE IN AREA,Breaking & Entering,B-E BUS/RES/OTH
TB24025241,"06/22/2024, 8:30:55 AM","06/23/2024, 1:08:53 PM",THUNDER BAY,ON,P7B 1K3,800 Block RED RIVER RD, TBPS] ASSAULT SUSP PRESENT OR IN AREA,Assault,ASSAULT
TB24025245,"06/22/2024, 9:06:12 AM","06/23/2024, 1:08:53 PM",THUNDER BAY,ON,P7A 4L2,1 Block CUMBERLAND ST N," TBPS] ASSAULT JUST OCCURRED, ACCUSED NOT PRESENT",Assault,ASSAULT
TB24025251,"06/22/2024, 11:05:40 AM","06/23/2024, 1:08:54 PM",THUNDER BAY,ON,P7B 5J4,1000 Block DAWSON RD, TBPS] ASSAULT SUSP PRESENT OR IN AREA,Assault,ASSAULT
TB24025254,"06/22/2024, 11:17:23 AM","06/23/2024, 1:08:55 PM",THUNDER BAY,ON,P7B 4M7,100 Block WINDEMERE AV S, TBPS] THEFT SUSP STILL PRESENT OR MAY BE IN AREA,Other Theft,THEFT
TB24025259,"06/22/2024, 12:54:44 PM","06/23/2024, 1:08:55 PM",THUNDER BAY,ON,P7E 2M6,1400 Block BROWN ST, TBPS] LIQUOR LICENCE ACT LIQUOR LICENCE ACT VIOLATION IN PROGRESS,Quality of Life,LIQUOR LICENCE ACT
TB24025260,"06/22/2024, 1:20:47 PM","06/23/2024, 1:08:56 PM",THUNDER BAY,ON,P7E 3W5,400 Block FREDERICA ST W, TBPS] B-E BUS/RES/OTH SUSP PRESENT OR MAY STILL BE IN AREA,Breaking & Entering,B-E BUS/RES/OTH
TB24025261,"06/22/2024, 1:43:15 PM","06/23/2024, 1:08:56 PM",THUNDER BAY,ON,P7C 4C4,CUMMING ST AND VICKERS ST N, TBPS] ASSAULT SUSP PRESENT OR IN AREA,Assault,ASSAULT
TB24025271,"06/22/2024, 4:19:59 PM","06/23/2024, 1:08:58 PM",THUNDER BAY,ON,P7C 1B6,1000 Block VICTORIA AV E, TBPS] B-E BUS/RES/OTH SUSP PRESENT OR MAY STILL BE IN AREA,Breaking & Entering,B-E BUS/RES/OTH
TB24025274,"06/22/2024, 4:29:17 PM","06/23/2024, 1:08:58 PM",THUNDER BAY,ON,P7E 3R5,200 Block GORE ST W, TBPS] DRUG OFFENCES SUSP PRESENT OR MAY STILL BE IN AREA,Quality of Life,DRUG OFFENCES
TB24025280,"06/22/2024, 5:59:28 PM","06/23/2024, 1:08:59 PM",THUNDER BAY,ON,P7C 1A9,600 Block VICTORIA AV E," TBPS] THEFT NOT IN PROGRESS, UNDER 5000",Other Theft,THEFT
TB24025287,"06/22/2024, 6:55:05 PM","06/23/2024, 1:09:00 PM",THUNDER BAY,ON,P7C 4V1,TWIN CITY CROSSROAD AND ARTHUR ST W, TBPS] MOTOR VEHICLE COLLISION MVC - AMB ENR,Traffic,MOTOR VEHICLE COLLISION
TB24025282,"06/22/2024, 6:05:43 PM","06/23/2024, 1:09:00 PM",THUNDER BAY,ON,P7B 6M3,1100 Block CARRICK ST, TBPS] STOLEN VEHICLE SUSP NOT IN AREA,Theft of Vehicle,STOLEN VEHICLE
TB24025292,"06/22/2024, 7:48:24 PM","06/23/2024, 1:09:01 PM",THUNDER BAY,ON,P7E 3V7,100 Block FREDERICA ST W, TBPS] THEFT SUSP STILL PRESENT OR MAY BE IN AREA,Other Theft,THEFT
TB24025300,"06/22/2024, 9:36:27 PM","06/23/2024, 1:09:02 PM",THUNDER BAY,ON,P7C 5W6,200 Block SYNDICATE AV N, TBPS] DRUG OFFENCES SUSP PRESENT OR MAY STILL BE IN AREA,Quality of Life,DRUG OFFENCES
TB24025435,"06/23/2024, 7:56:15 PM","06/24/2024, 1:08:12 PM",THUNDER BAY,ON,P7C 3B6,600 Block MCLAUGHLIN ST," TBPS] MISCHIEF IP/SUSP IN AREA, UNDER 5,000",Other Property Crime,MISCHIEF
TB24025466,"06/24/2024, 1:23:34 AM","06/24/2024, 1:08:12 PM",THUNDER BAY,ON,P7B 6V4,900 Block OLIVER RD, TBPS] ASSAULT SUSP PRESENT OR IN AREA,Assault,ASSAULT
TB24025468,"06/24/2024, 1:44:31 AM","06/24/2024, 1:08:12 PM",THUNDER BAY,ON,P7B 6S2,700 Block MEMORIAL AV, TBPS] LIQUOR LICENCE ACT LIQUOR LICENCE ACT VIOLATION IN PROGRESS,Quality of Life,LIQUOR LICENCE ACT
TB24025469,"06/24/2024, 1:54:19 AM","06/24/2024, 1:08:12 PM",THUNDER BAY,ON,P7C 3B9,800 Block MCLAUGHLIN ST, TBPS] B-E BUS/RES/OTH SUSP PRESENT OR MAY STILL BE IN AREA,Breaking & Entering,B-E BUS/RES/OTH
TB24025501,"06/24/2024, 5:41:38 AM","06/24/2024, 1:08:12 PM",THUNDER BAY,ON,P7B 6S2,700 Block MEMORIAL AV, TBPS] THEFT SUSP STILL PRESENT OR MAY BE IN AREA,Other Theft,THEFT
TB24025515,"06/24/2024, 8:31:31 AM","06/24/2024, 1:08:12 PM",THUNDER BAY,ON,P7E 2H4,700 Block EDWARD ST S," TBPS] MISCHIEF IP/SUSP IN AREA, UNDER 5,000",Other Property Crime,MISCHIEF
TB24025412,"06/23/2024, 5:12:58 PM","06/24/2024, 1:08:13 PM",THUNDER BAY,ON,P7B 6S2,700 Block MEMORIAL AV, TBPS] THEFT SUSP STILL PRESENT OR MAY BE IN AREA,Other Theft,THEFT
TB24025430,"06/23/2024, 7:19:27 PM","06/24/2024, 1:08:13 PM",THUNDER BAY,ON,P7B 4J3,1 Block TRILLIUM WAY, TBPS] ASSAULT ACCUSED NOT PRESENT,Assault,ASSAULT
TB24025442,"06/23/2024, 9:07:01 PM","06/24/2024, 1:08:13 PM",THUNDER BAY,ON,P7E 5K8,400 Block HEATHER CR," TBPS] MISCHIEF 11-10, MICHIEF UNDER 5000",Other Property Crime,MISCHIEF
TB24025452,"06/23/2024, 10:35:04 PM","06/24/2024, 1:08:13 PM",THUNDER BAY,ON,P7E 5S2,1100 Block ARTHUR ST W, TBPS] ASSAULT SUSP PRESENT OR IN AREA,Assault,ASSAULT
TB24025455,"06/23/2024, 11:02:38 PM","06/24/2024, 1:08:13 PM",THUNDER BAY,ON,P7E 5P7,200 Block ARTHUR ST W, TBPS] LIQUOR LICENCE ACT LIQUOR LICENCE ACT VIOLATION IN PROGRESS,Quality of Life,LIQUOR LICENCE ACT
TB24025480,"06/24/2024, 2:55:56 AM","06/24/2024, 1:08:13 PM",THUNDER BAY,ON,P7E,ARTHUR ST W AND 61 HWY, TBPS] LIQUOR LICENCE ACT LIQUOR LICENCE ACT VIOLATION IN PROGRESS,Quality of Life,LIQUOR LICENCE ACT
TB24025484,"06/24/2024, 3:49:41 AM","06/24/2024, 1:08:13 PM",THUNDER BAY,ON,P7B 1K3,900 Block RED RIVER RD," TBPS] MISCHIEF IP/SUSP IN AREA, UNDER 5,000",Other Property Crime,MISCHIEF
TB24025502,"06/24/2024, 5:42:47 AM","06/24/2024, 1:08:13 PM",THUNDER BAY,ON,P7E 1N3,100 Block NORAH ST S, TBPS] ASSAULT SUSP PRESENT OR IN AREA,Assault,ASSAULT
TB24025418,"06/23/2024, 6:00:26 PM","06/24/2024, 1:08:14 PM",THUNDER BAY,ON,P7C,100 Block CENTENNIAL SQ, TBPS] THEFT SUSP STILL PRESENT OR MAY BE IN AREA,Other Theft,THEFT
TB24025349,"06/23/2024, 4:41:52 AM","06/24/2024, 1:08:15 PM",THUNDER BAY,ON,P7E 5V7,1100 Block LINCOLN ST, TBPS] DRUG OFFENCES SUSP PRESENT OR MAY STILL BE IN AREA,Quality of Life,DRUG OFFENCES
TB24025375,"06/23/2024, 9:07:53 AM","06/24/2024, 1:08:15 PM",THUNDER BAY,ON,P7B 3A3,FORT WILLIAM RD AND 11TH AV, TBPS] DRUG OFFENCES SUSP PRESENT OR MAY STILL BE IN AREA,Quality of Life,DRUG OFFENCES
TB24025379,"06/23/2024, 9:53:06 AM","06/24/2024, 1:08:15 PM",THUNDER BAY,ON,.,UNKNOWN STREET AND UNKNOWN STREET, TBPS] MOTOR VEHICLE COLLISION MVC - AMB ENR - DUAL RESP,Other,MOTOR VEHICLE COLLISION
TB24025403,"06/23/2024, 4:21:09 PM","06/24/2024, 1:08:15 PM",THUNDER BAY,ON,.,1 Block HWY AND FLORENCE ST, TBPS] MOTOR VEHICLE COLLISION MVC NO INJURIES,Traffic,MOTOR VEHICLE COLLISION
TB24025360,"06/23/2024, 6:10:37 AM","06/24/2024, 1:08:16 PM",THUNDER BAY,ON,P7E 5V7,1100 Block LINCOLN ST, TBPS] B-E BUS/RES/OTH SUSP PRESENT OR MAY STILL BE IN AREA,Breaking & Entering,B-E BUS/RES/OTH
TB24025653,"06/25/2024, 1:16:50 AM","06/25/2024, 1:06:30 PM",THUNDER BAY,ON,P7A 3G7,COURT ST N AND WOLSELEY ST, TBPS] LIQUOR LICENCE ACT LIQUOR LICENCE ACT VIOLATION IN PROGRESS,Quality of Life,LIQUOR LICENCE ACT
TB24025655,"06/25/2024, 1:35:38 AM","06/25/2024, 1:06:30 PM",THUNDER BAY,ON,P7B 6Z8,1400 Block NAKINA DR, TBPS] THEFT SUSP STILL PRESENT OR MAY BE IN AREA,Other Theft,THEFT
TB24025648,"06/25/2024, 12:32:11 AM","06/25/2024, 1:06:30 PM",THUNDER BAY,ON,P7B,HARBOUR EXPRESSWAY AND MEMORIAL AV, TBPS] MOTOR VEHICLE COLLISION MVC NO INJURIES,Traffic,MOTOR VEHICLE COLLISION
TB24025656,"06/25/2024, 1:37:59 AM","06/25/2024, 1:06:30 PM",THUNDER BAY,ON,P7B 5E3,1000 Block DAWSON RD, TBPS] THEFT SUSP STILL PRESENT OR MAY BE IN AREA,Other Theft,THEFT
TB24025658,"06/25/2024, 1:55:59 AM","06/25/2024, 1:06:30 PM",THUNDER BAY,ON,P7B 3G2,100 Block ONTARIO ST, TBPS] THEFT SUSP STILL PRESENT OR MAY BE IN AREA,Other Theft,THEFT
TB24025659,"06/25/2024, 2:10:30 AM","06/25/2024, 1:06:30 PM",THUNDER BAY,ON,P7B 5V1,DAWSON RD AND STRAND AV, TBPS] ASSAULT SUSP PRESENT OR IN AREA,Assault,ASSAULT
TB24025665,"06/25/2024, 3:44:21 AM","06/25/2024, 1:06:30 PM",THUNDER BAY,ON,P7B 3A6,900 Block FORT WILLIAM RD, TBPS] ROBBERY NO WEAPONS - SUSP STILL IN AREA,Robbery,ROBBERY
TB24025634,"06/24/2024, 10:41:11 PM","06/25/2024, 1:06:31 PM",THUNDER BAY,ON,P7A 4P7,300 Block CUMBERLAND ST N, TBPS] B-E BUS/RES/OTH 11-10,Breaking & Entering,B-E BUS/RES/OTH
TB24025640,"06/24/2024, 10:57:20 PM","06/25/2024, 1:06:31 PM",THUNDER BAY,ON,P7C 3V8,200 Block SYNDICATE AV N, TBPS] B-E BUS/RES/OTH SUSP PRESENT OR MAY STILL BE IN AREA,Breaking & Entering,B-E BUS/RES/OTH
TB24025690,"06/25/2024, 7:03:26 AM","06/25/2024, 1:06:31 PM",THUNDER BAY,ON,P7A 4R8,500 Block CUMBERLAND ST N, TBPS] LIQUOR LICENCE ACT LIQUOR LICENCE ACT VIOLATION IN PROGRESS,Quality of Life,LIQUOR LICENCE ACT
TB24025623,"06/24/2024, 9:42:27 PM","06/25/2024, 1:06:32 PM",THUNDER BAY,ON,P7B 3A6,900 Block FORT WILLIAM RD, TBPS] LIQUOR LICENCE ACT LIQUOR LICENCE ACT VIOLATION IN PROGRESS,Quality of Life,LIQUOR LICENCE ACT
TB24025626,"06/24/2024, 9:59:44 PM","06/25/2024, 1:06:32 PM",THUNDER BAY,ON,P7E 3A7,1600 Block MOUNTDALE AV, TBPS] THEFT SUSP STILL PRESENT OR MAY BE IN AREA,Other Theft,THEFT
TB24025554,"06/24/2024, 4:25:58 PM","06/25/2024, 1:06:34 PM",THUNDER BAY,ON,P7A 3R8,500 Block RIVER ST, TBPS] TROUBLE WITH YOUTH YOUTHS STILL IN AREA,Quality of Life,TROUBLE WITH YOUTH
TB24025578,"06/24/2024, 6:03:55 PM","06/25/2024, 1:06:34 PM",THUNDER BAY,ON,P7A 5S3,300 Block HIGH ST N, TBPS] TROUBLE WITH YOUTH YOUTHS STILL IN AREA,Quality of Life,TROUBLE WITH YOUTH
TB24025589,"06/24/2024, 6:48:16 PM","06/25/2024, 1:06:34 PM",THUNDER BAY,ON,P7C 5K8,600 Block STRACHAN CR, TBPS] ASSAULT SUSP PRESENT OR IN AREA,Assault,ASSAULT
TB24025591,"06/24/2024, 6:58:07 PM","06/25/2024, 1:06:34 PM",THUNDER BAY,ON,P7C 4S5,100 Block LIMBRICK ST, TBPS] STOLEN VEHICLE SUSP NOT IN AREA,Theft of Vehicle,STOLEN VEHICLE
TB24025536,"06/24/2024, 2:18:06 PM","06/25/2024, 1:06:35 PM",THUNDER BAY,ON,P7C 3H4,200 Block SIMPSON ST," TBPS] MISCHIEF IP/SUSP IN AREA, UNDER 5,000",Other Property Crime,MISCHIEF
TB24025429,"06/23/2024, 7:19:34 PM","06/25/2024, 1:06:36 PM",THUNDER BAY,ON,P7A 4L2,1 Block CUMBERLAND ST N, TBPS] ASSAULT ACCUSED NOT PRESENT,Assault,ASSAULT
TB24025521,"06/24/2024, 9:12:56 AM","06/25/2024, 1:06:36 PM",THUNDER BAY,ON,P7B 4J2,1 Block TRILLIUM WAY, TBPS] ASSAULT SUSP PRESENT OR IN AREA,Assault,ASSAULT
TB24025421,"06/23/2024, 6:29:07 PM","06/25/2024, 1:06:37 PM",THUNDER BAY,ON,P7E 6P8,700 Block MONTREAL ST," TBPS] THEFT NOT IN PROGRESS, UNDER 5000",Other Theft,THEFT
TB24025512,"06/24/2024, 7:57:58 AM","06/25/2024, 1:06:37 PM",THUNDER BAY,ON,P7B 3C2,300 Block JOHN ST, TBPS] B-E BUS/RES/OTH SUSP PRESENT OR MAY STILL BE IN AREA,Breaking & Entering,B-E BUS/RES/OTH
TB24025808,"06/26/2024, 2:39:53 AM","06/26/2024, 1:04:07 PM",THUNDER BAY,ON,P7C 2H1,200 Block CAMERON ST, TBPS] THEFT SUSP STILL PRESENT OR MAY BE IN AREA,Other Theft,THEFT
TB24025818,"06/26/2024, 4:12:07 AM","06/26/2024, 1:04:08 PM",THUNDER BAY,ON,P7E 5V3,500 Block DONALD ST E, TBPS] ASSAULT SUSP PRESENT OR IN AREA,Assault,ASSAULT
TB24025756,"06/25/2024, 7:07:32 PM","06/26/2024, 1:04:09 PM",THUNDER BAY,ON,P7A 4Z6,1 Block ALGOMA ST N," TBPS] THEFT NOT IN PROGRESS, UNDER 5000",Other Theft,THEFT
TB24025770,"06/25/2024, 8:55:28 PM","06/26/2024, 1:04:09 PM",THUNDER BAY,ON,P7C 4K7,200 Block DUNDAS ST," TBPS] THEFT NOT IN PROGRESS, UNDER 5000",Other Theft,THEFT
TB24025768,"06/25/2024, 8:31:57 PM","06/26/2024, 1:04:09 PM",THUNDER BAY,ON,P7C 1Z4,100 Block REDWOOD AV W," TBPS] THEFT NOT IN PROGRESS, UNDER 5000",Other Theft,THEFT
TB24025733,"06/25/2024, 4:46:35 PM","06/26/2024, 1:04:10 PM",THUNDER BAY,ON,P7A 5M6,1 Block BALSAM ST, TBPS] THEFT SUSP STILL PRESENT OR MAY BE IN AREA,Other Theft,THEFT
TB24025736,"06/25/2024, 5:12:31 PM","06/26/2024, 1:04:10 PM",THUNDER BAY,ON,P7A 7P5,300 Block COUNTY BLVD," TBPS] MISCHIEF 11-10, MICHIEF UNDER 5000",Other Property Crime,MISCHIEF
TB24025739,"06/25/2024, 5:22:53 PM","06/26/2024, 1:04:10 PM",THUNDER BAY,ON,P7B 3L5,300 Block HIGH ST S," TBPS] THEFT NOT IN PROGRESS, UNDER 5000",Other Theft,THEFT
TB24025741,"06/25/2024, 5:36:22 PM","06/26/2024, 1:04:10 PM",THUNDER BAY,ON,P7B,QUEEN ST AND HIGH ST S, TBPS] ASSAULT SUSP PRESENT OR IN AREA,Assault,ASSAULT
TB24025776,"06/25/2024, 9:51:53 PM","06/26/2024, 1:04:10 PM",THUNDER BAY,ON,P7B 5Z5,1200 Block BALMORAL ST," TBPS] THEFT IN PROGRESS, OVER 50000",Other Theft,THEFT
TB24025687,"06/25/2024, 6:35:31 AM","06/26/2024, 1:04:11 PM",THUNDER BAY,ON,P7J 1M9,1400 Block RIVERDALE RD, TBPS] LIQUOR LICENCE ACT LIQUOR LICENCE ACT VIOLATION IN PROGRESS,Quality of Life,LIQUOR LICENCE ACT
TB24025706,"06/25/2024, 12:32:25 PM","06/26/2024, 1:04:11 PM",THUNDER BAY,ON,P7A 4K8,1000 Block DAWSON RD, TBPS] TROUBLE WITH YOUTH YOUTHS STILL IN AREA,Quality of Life,TROUBLE WITH YOUTH
TB24025712,"06/25/2024, 2:25:46 PM","06/26/2024, 1:04:11 PM",THUNDER BAY,ON,P7B 2L9,1 Block ACADEMY DR, TBPS] ASSAULT ACCUSED NOT PRESENT,Assault,ASSAULT
TB24025734,"06/25/2024, 4:48:15 PM","06/26/2024, 1:04:11 PM",THUNDER BAY,ON,P7A 6P3,1 Block HULL AV," TBPS] THEFT NOT IN PROGRESS, UNDER 5000",Other Theft,THEFT
TB24025699,"06/25/2024, 9:51:05 AM","06/26/2024, 1:04:12 PM",THUNDER BAY,ON,P7J 1M9,1400 Block RIVERDALE RD, TBPS] ASSAULT ACCUSED NOT PRESENT,Assault,ASSAULT
TB24025816,"06/26/2024, 3:50:39 AM","06/26/2024, 1:06:50 PM",THUNDER BAY,ON,P7C 4S8,1 Block LIMBRICK ST," TBPS] MISCHIEF IP/SUSP IN AREA, UNDER 5,000",Other Property Crime,MISCHIEF
TB24025804,"06/26/2024, 1:48:00 AM","06/26/2024, 1:06:51 PM",THUNDER BAY,ON,P7C 1G3,EDWARD ST N AND VICTORIA AV E, TBPS] MOTOR VEHICLE COLLISION MVC - AMB ENR - DUAL RESP,Other,MOTOR VEHICLE COLLISION
TB24025924,"06/26/2024, 9:43:30 PM","06/27/2024, 1:04:32 PM",THUNDER BAY,ON,P7B 5R8,100 Block CUMBERLAND ST S," TBPS] THEFT NOT IN PROGRESS, UNDER 5000",Other Theft,THEFT
TB24025930,"06/26/2024, 10:06:47 PM","06/27/2024, 1:04:33 PM",THUNDER BAY,ON,P7E 5V3,500 Block DONALD ST E, TBPS] LIQUOR LICENCE ACT LIQUOR LICENCE ACT VIOLATION IN PROGRESS,Quality of Life,LIQUOR LICENCE ACT
TB24025935,"06/26/2024, 10:42:31 PM","06/27/2024, 1:04:34 PM",THUNDER BAY,ON,P7B 6T3,1 Block SOUTH WATER ST, TBPS] MOTOR VEHICLE COLLISION MVC - AMB ENR - DUAL RESP,Other,MOTOR VEHICLE COLLISION
TB24025939,"06/26/2024, 11:48:24 PM","06/27/2024, 1:04:34 PM",THUNDER BAY,ON,P7B 6A3,600 Block SHERRINGTON DR, TBPS] LIQUOR LICENCE ACT LIQUOR LICENCE ACT VIOLATION IN PROGRESS,Quality of Life,LIQUOR LICENCE ACT
TB24025936,"06/26/2024, 11:08:00 PM","06/27/2024, 1:04:34 PM",THUNDER BAY,ON,P7B 2G3,300 Block OLIVER RD, TBPS] THEFT SUSP STILL PRESENT OR MAY BE IN AREA,Other Theft,THEFT
TB24025954,"06/27/2024, 1:46:01 AM","06/27/2024, 1:04:37 PM",THUNDER BAY,ON,P7B 1K1,CLARKSON ST N AND RED RIVER RD, TBPS] ASSAULT SUSP PRESENT OR IN AREA,Assault,ASSAULT
TB24025956,"06/27/2024, 1:48:02 AM","06/27/2024, 1:04:37 PM",THUNDER BAY,ON,P7A,1 Block NORTH WATER ST, TBPS] ASSAULT SUSP PRESENT OR IN AREA,Assault,ASSAULT
TB24025980,"06/27/2024, 5:21:17 AM","06/27/2024, 1:04:40 PM",THUNDER BAY,ON,P7B 2G3,300 Block OLIVER RD, TBPS] THEFT SUSP STILL PRESENT OR MAY BE IN AREA,Other Theft,THEFT
TB24025982,"06/27/2024, 5:55:49 AM","06/27/2024, 1:04:40 PM",THUNDER BAY,ON,P7C 2N4,300 Block OGDEN ST, TBPS] LIQUOR LICENCE ACT LIQUOR LICENCE ACT VIOLATION IN PROGRESS,Quality of Life,LIQUOR LICENCE ACT
TB24025810,"06/26/2024, 3:03:59 AM","06/27/2024, 1:04:51 PM",THUNDER BAY,ON,P7C 3W1,300 Block SYNDICATE AV N, TBPS] ASSAULT ACCUSED NOT PRESENT,Assault,ASSAULT
TB24025851,"06/26/2024, 9:49:02 AM","06/27/2024, 1:04:58 PM",THUNDER BAY,ON,P7B 3X9,400 Block RUPERT ST, TBPS] LIQUOR LICENCE ACT LIQUOR LICENCE ACT VIOLATION IN PROGRESS,Quality of Life,LIQUOR LICENCE ACT
TB24025856,"06/26/2024, 11:02:58 AM","06/27/2024, 1:04:58 PM",THUNDER BAY,ON,P7E 3J8,900 Block HOLT PL, TBPS] LIQUOR LICENCE ACT LIQUOR LICENCE ACT VIOLATION IN PROGRESS,Quality of Life,LIQUOR LICENCE ACT
TB24025857,"06/26/2024, 11:15:46 AM","06/27/2024, 1:04:59 PM",THUNDER BAY,ON,P7A 2X2,400 Block EGAN ST, TBPS] B-E BUS/RES/OTH 11-10,Breaking & Entering,B-E BUS/RES/OTH
TB24025859,"06/26/2024, 11:38:44 AM","06/27/2024, 1:04:59 PM",THUNDER BAY,ON,P7B 1E3,AMBROSE ST AND CUMBERLAND ST S, TBPS] MOTOR VEHICLE COLLISION MVC NO INJURIES,Traffic,MOTOR VEHICLE COLLISION
TB24025866,"06/26/2024, 2:13:43 PM","06/27/2024, 1:05:00 PM",THUNDER BAY,ON,P7B 3Y6,400 Block MEMORIAL AV, TBPS] ASSAULT SUSP PRESENT OR IN AREA,Assault,ASSAULT
TB24025876,"06/26/2024, 4:37:18 PM","06/27/2024, 1:05:02 PM",THUNDER BAY,ON,P7B 4A1,900 Block MEMORIAL AV, TBPS] THEFT SUSP STILL PRESENT OR MAY BE IN AREA,Other Theft,THEFT
TB24025449,"06/23/2024, 10:07:15 PM","06/27/2024, 1:05:03 PM",THUNDER BAY,ON,P7A 5X1,1 Block PINE ST," TBPS] THEFT NOT IN PROGRESS, UNDER 5000",Other Theft,THEFT
TB24025904,"06/26/2024, 7:11:07 PM","06/27/2024, 1:05:07 PM",THUNDER BAY,ON,P7C 3X8,100 Block CENTENNIAL SQ," TBPS] THEFT NOT IN PROGRESS, UNDER 5000",Other Theft,THEFT
TB24025915,"06/26/2024, 8:57:17 PM","06/27/2024, 1:05:08 PM",THUNDER BAY,ON,P7B 7A4,OLIVER RD AND CONSERVATION RD, TBPS] MOTOR VEHICLE COLLISION MVC NO INJURIES,Traffic,MOTOR VEHICLE COLLISION
TB24026093,"06/28/2024, 12:30:02 AM","06/28/2024, 1:07:24 PM",THUNDER BAY,ON,P7C 2W2,NORTHERN AV AND SYNDICATE AV N, TBPS] LIQUOR LICENCE ACT LIQUOR LICENCE ACT VIOLATION IN PROGRESS,Quality of Life,LIQUOR LICENCE ACT
TB24026094,"06/28/2024, 12:30:25 AM","06/28/2024, 1:07:25 PM",THUNDER BAY,ON,P7B 2X8,200 Block COURT ST S," TBPS] THEFT NOT IN PROGRESS, UNDER 5000",Other Theft,THEFT
TB24026095,"06/28/2024, 12:34:31 AM","06/28/2024, 1:07:26 PM",THUNDER BAY,ON,P7B 3A6,900 Block FORT WILLIAM RD," TBPS] THEFT NOT IN PROGRESS, UNDER 5000",Other Theft,THEFT
TB24026100,"06/28/2024, 1:05:15 AM","06/28/2024, 1:07:28 PM",THUNDER BAY,ON,P7A 4Y7,MCVICAR ST AND COURT ST N, TBPS] LIQUOR LICENCE ACT LIQUOR LICENCE ACT VIOLATION IN PROGRESS,Quality of Life,LIQUOR LICENCE ACT
TB24026105,"06/28/2024, 1:46:06 AM","06/28/2024, 1:07:30 PM",THUNDER BAY,ON,P7C 4P7,400 Block EDWARD ST N, TBPS] INDECENT ACTS SUSP PRESENT OR MAY STILL BE IN AREA,Sexual Offense,INDECENT ACTS
TB24026107,"06/28/2024, 2:05:36 AM","06/28/2024, 1:07:31 PM",THUNDER BAY,ON,P7A 4E7,VAN NORMAN ST AND MADELINE ST, TBPS] B-E BUS/RES/OTH SUSP PRESENT OR MAY STILL BE IN AREA,Breaking & Entering,B-E BUS/RES/OTH
TB24026110,"06/28/2024, 2:45:34 AM","06/28/2024, 1:07:31 PM",THUNDER BAY,ON,P7B 5R7,100 Block CUMBERLAND ST S, TBPS] ASSAULT SUSP PRESENT OR IN AREA,Assault,ASSAULT
TB24026137,"06/28/2024, 6:03:31 AM","06/28/2024, 1:07:36 PM",THUNDER BAY,ON,P7B 2X3,1 Block COURT ST S, TBPS] MOTOR VEHICLE COLLISION MVC NO INJURIES,Traffic,MOTOR VEHICLE COLLISION
TB24025943,"06/27/2024, 12:06:40 AM","06/28/2024, 1:07:41 PM",THUNDER BAY,ON,P7B 3A6,900 Block FORT WILLIAM RD, TBPS] ASSAULT ACCUSED NOT PRESENT,Assault,ASSAULT
TB24025988,"06/27/2024, 6:48:27 AM","06/28/2024, 1:07:51 PM",THUNDER BAY,ON,P7C 2V3,600 Block SOUTHERN AV, TBPS] ASSAULT SUSP PRESENT OR IN AREA,Assault,ASSAULT
TB24025989,"06/27/2024, 6:52:48 AM","06/28/2024, 1:07:52 PM",THUNDER BAY,ON,P7B 6G2,200 Block BLUCHER AV, TBPS] B-E BUS/RES/OTH SUSP PRESENT OR MAY STILL BE IN AREA,Breaking & Entering,B-E BUS/RES/OTH
TB24026013,"06/27/2024, 1:09:28 PM","06/28/2024, 1:07:58 PM",THUNDER BAY,ON,P7B 1R9,300 Block BAY ST, TBPS] B-E BUS/RES/OTH SUSP PRESENT OR MAY STILL BE IN AREA,Breaking & Entering,B-E BUS/RES/OTH
TB24026014,"06/27/2024, 1:42:46 PM","06/28/2024, 1:07:58 PM",THUNDER BAY,ON,P7C 5K8,600 Block STRACHAN CR," TBPS] THEFT NOT IN PROGRESS, UNDER 5000",Other Theft,THEFT
TB24026033,"06/27/2024, 5:52:20 PM","06/28/2024, 1:08:01 PM",THUNDER BAY,ON,P7K 1B6,3100 Block LLOYD ST," TBPS] THEFT NOT IN PROGRESS, UNDER 5000",Other Theft,THEFT
TB24026043,"06/27/2024, 7:34:23 PM","06/28/2024, 1:08:03 PM",THUNDER BAY,ON,P7C 3K5,900 Block SIMPSON ST," TBPS] MISCHIEF 11-10, MICHIEF UNDER 5000",Other Property Crime,MISCHIEF
TB24026072,"06/27/2024, 10:25:28 PM","06/28/2024, 1:08:06 PM",THUNDER BAY,ON,P7C,800 Block MINNESOTA ST, TBPS] DRUG OFFENCES SUSP PRESENT OR MAY STILL BE IN AREA,Quality of Life,DRUG OFFENCES
TB24026076,"06/27/2024, 10:43:57 PM","06/28/2024, 1:08:07 PM",THUNDER BAY,ON,P7B 6J6,100 Block PICTON AV, TBPS] ASSAULT SUSP PRESENT OR IN AREA,Assault,ASSAULT
TB24026221,"06/28/2024, 11:45:37 PM","06/29/2024, 1:04:29 PM",THUNDER BAY,ON,P7E,EDWARD ST S AND ARTHUR ST E, TBPS] MOTOR VEHICLE COLLISION MVC NO INJURIES,Traffic,MOTOR VEHICLE COLLISION
TB24026222,"06/28/2024, 11:53:49 PM","06/29/2024, 1:04:29 PM",THUNDER BAY,ON,P7E 1H3,100 Block CENTENNIAL SQ, TBPS] ASSAULT SUSP PRESENT OR IN AREA,Assault,ASSAULT
TB24026225,"06/29/2024, 12:10:58 AM","06/29/2024, 1:04:29 PM",THUNDER BAY,ON,P7A 4L9,100 Block CUMBERLAND ST N," TBPS] MISCHIEF 11-10, MICHIEF UNDER 5000",Other Property Crime,MISCHIEF
TB24026209,"06/28/2024, 10:12:00 PM","06/29/2024, 1:04:30 PM",THUNDER BAY,ON,P7B 5V7,JUNOT AV S AND JOHN ST, TBPS] MOTOR VEHICLE COLLISION MVC - AMB ENR - DUAL RESP,Other,MOTOR VEHICLE COLLISION
TB24026223,"06/29/2024, 12:00:02 AM","06/29/2024, 1:04:30 PM",THUNDER BAY,ON,P7C 2V2,OGDEN ST AND MAY ST N, TBPS] MOTOR VEHICLE COLLISION MVC NO INJURIES,Traffic,MOTOR VEHICLE COLLISION
TB24026226,"06/29/2024, 12:27:29 AM","06/29/2024, 1:04:30 PM",THUNDER BAY,ON,P7A 5R4,100 Block HIGH ST N," TBPS] THEFT NOT IN PROGRESS, UNDER 5000",Other Theft,THEFT
TB24026174,"06/28/2024, 4:23:41 PM","06/29/2024, 1:04:31 PM",THUNDER BAY,ON,P7B 7C6,900 Block CARRICK ST, TBPS] THEFT SUSP STILL PRESENT OR MAY BE IN AREA,Other Theft,THEFT
TB24026183,"06/28/2024, 6:48:59 PM","06/29/2024, 1:04:31 PM",THUNDER BAY,ON,P7C 5A3,JAMES ST N AND REDWOOD AV W, TBPS] MOTOR VEHICLE COLLISION MVC NO INJURIES,Traffic,MOTOR VEHICLE COLLISION
TB24026195,"06/28/2024, 8:19:09 PM","06/29/2024, 1:04:31 PM",THUNDER BAY,ON,P7C 4S8,LIMBRICK ST AND KENSINGTON DR, TBPS] ASSAULT SUSP PRESENT OR IN AREA,Assault,ASSAULT
TB24026196,"06/28/2024, 8:20:59 PM","06/29/2024, 1:04:31 PM",THUNDER BAY,ON,P7C 3G8,200 Block HARDISTY ST N, TBPS] STOLEN VEHICLE SUSP NOT IN AREA,Theft of Vehicle,STOLEN VEHICLE
TB24026219,"06/28/2024, 11:24:08 PM","06/29/2024, 1:04:31 PM",THUNDER BAY,ON,P7B 2Y8,100 Block MACHAR AV," TBPS] THEFT NOT IN PROGRESS, UNDER 5000",Other Theft,THEFT
TB24026230,"06/29/2024, 1:04:53 AM","06/29/2024, 1:04:31 PM",THUNDER BAY,ON,P7C 3W2,300 Block SYNDICATE AV N, TBPS] DRUG OFFENCES SUSP PRESENT OR MAY STILL BE IN AREA,Quality of Life,DRUG OFFENCES
TB24026131,"06/28/2024, 5:31:07 AM","06/29/2024, 1:04:32 PM",THUNDER BAY,ON,P7C 3N2,400 Block WILEY ST, TBPS] MOTOR VEHICLE COLLISION 11-10 MVC ANY TYPE,Other,MOTOR VEHICLE COLLISION
TB24026138,"06/28/2024, 6:04:36 AM","06/29/2024, 1:04:32 PM",THUNDER BAY,ON,P7B 2X4,1 Block COURT ST S, TBPS] MOTOR VEHICLE COLLISION MVC - AMB ENR - DUAL RESP,Other,MOTOR VEHICLE COLLISION
TB24026146,"06/28/2024, 7:25:51 AM","06/29/2024, 1:04:32 PM",THUNDER BAY,ON,P7C 5S4,100 Block CONESTOGA ST, TBPS] TROUBLE WITH YOUTH YOUTHS STILL IN AREA,Quality of Life,TROUBLE WITH YOUTH
TB24026147,"06/28/2024, 7:37:18 AM","06/29/2024, 1:04:32 PM",THUNDER BAY,ON,P7B 1V8,200 Block WINDSOR ST, TBPS] DRUG OFFENCES SUSP PRESENT OR MAY STILL BE IN AREA,Quality of Life,DRUG OFFENCES
TB24026199,"06/28/2024, 8:45:53 PM","06/29/2024, 1:04:32 PM",THUNDER BAY,ON,P7E 2E6,700 Block GREY CR, TBPS] B-E BUS/RES/OTH SUSP PRESENT OR MAY STILL BE IN AREA,Breaking & Entering,B-E BUS/RES/OTH
TB24025908,"06/26/2024, 7:41:15 PM","06/29/2024, 1:05:21 PM",THUNDER BAY,ON,P7B 1Y8,JOHN ST AND HODGE ST, TBPS] MOTOR VEHICLE COLLISION 11-10 MVC ANY TYPE,Other,MOTOR VEHICLE COLLISION
TB24026204,"06/28/2024, 9:30:19 PM","06/29/2024, 1:06:49 PM",THUNDER BAY,ON,P7C 1Y6,400 Block PINEVIEW BA," TBPS] THEFT NOT IN PROGRESS, FROM MOTOR VEHICLE",Theft from Vehicle,THEFT
TB24026371,"06/29/2024, 11:45:39 PM","06/30/2024, 1:06:31 PM",THUNDER BAY,ON,P7A 4Y7,MCVICAR ST AND COURT ST N, TBPS] LIQUOR LICENCE ACT LIQUOR LICENCE ACT VIOLATION IN PROGRESS,Quality of Life,LIQUOR LICENCE ACT
TB24026380,"06/30/2024, 12:46:13 AM","06/30/2024, 1:06:34 PM",THUNDER BAY,ON,P7C 3Y7,300 Block ARCHIBALD ST N, TBPS] LIQUOR LICENCE ACT LIQUOR LICENCE ACT VIOLATION IN PROGRESS,Quality of Life,LIQUOR LICENCE ACT
TB24026387,"06/30/2024, 1:47:51 AM","06/30/2024, 1:06:36 PM",THUNDER BAY,ON,P7E 5Y8,400 Block GEORGE ST, TBPS] ASSAULT SUSP PRESENT OR IN AREA,Assault,ASSAULT
TB24026388,"06/30/2024, 1:49:33 AM","06/30/2024, 1:06:36 PM",THUNDER BAY,ON,P7B 5J4,1000 Block DAWSON RD, TBPS] ASSAULT SUSP PRESENT OR IN AREA,Assault,ASSAULT
TB24026392,"06/30/2024, 2:34:32 AM","06/30/2024, 1:06:37 PM",THUNDER BAY,ON,P7A 7X3,300 Block ADELAIDE ST, TBPS] B-E BUS/RES/OTH SUSP PRESENT OR MAY STILL BE IN AREA,Breaking & Entering,B-E BUS/RES/OTH
TB24026402,"06/30/2024, 3:50:00 AM","06/30/2024, 1:06:39 PM",THUNDER BAY,ON,P7E 6J1,1 Block VALHALLA INN RD, TBPS] LIQUOR LICENCE ACT LIQUOR LICENCE ACT VIOLATION IN PROGRESS,Quality of Life,LIQUOR LICENCE ACT
TB24026412,"06/30/2024, 5:20:03 AM","06/30/2024, 1:06:40 PM",THUNDER BAY,ON,P7C 2G4,100 Block BETHUNE ST, TBPS] B-E BUS/RES/OTH SUSP PRESENT OR MAY STILL BE IN AREA,Breaking & Entering,B-E BUS/RES/OTH
TB24026213,"06/28/2024, 10:49:26 PM","06/30/2024, 1:06:50 PM",THUNDER BAY,ON,P7C 3K1,700 Block SIMPSON ST," TBPS] THEFT NOT IN PROGRESS, UNDER 5000",Other Theft,THEFT
TB24026251,"06/29/2024, 4:12:31 AM","06/30/2024, 1:06:57 PM",THUNDER BAY,ON,P7E 5V7,1100 Block LINCOLN ST," TBPS] MISCHIEF 11-10, MICHIEF UNDER 5000",Other Property Crime,MISCHIEF
TB24026308,"06/29/2024, 1:46:03 PM","06/30/2024, 1:07:14 PM",THUNDER BAY,ON,P7A,1 Block NORTH WATER ST, TBPS] ASSAULT SUSP PRESENT OR IN AREA,Assault,ASSAULT
TB24026325,"06/29/2024, 5:29:08 PM","06/30/2024, 1:07:17 PM",THUNDER BAY,ON,P7B,OLIVER RD AND THUNDER BAY EXPRESSWAY, TBPS] LIQUOR LICENCE ACT LIQUOR LICENCE ACT VIOLATION IN PROGRESS,Quality of Life,LIQUOR LICENCE ACT
TB24026328,"06/29/2024, 5:53:07 PM","06/30/2024, 1:07:18 PM",THUNDER BAY,ON,P7B,HARBOUR EXPRESSWAY AND MAIN ST, TBPS] MOTOR VEHICLE COLLISION MVC INJURIES FIRE NOT REQ,Traffic,MOTOR VEHICLE COLLISION
TB24026330,"06/29/2024, 5:55:42 PM","06/30/2024, 1:07:18 PM",THUNDER BAY,ON,P7A 0E7,2200 Block SLEEPING GIANT PKWY," TBPS] THEFT NOT IN PROGRESS, FROM MOTOR VEHICLE",Theft from Vehicle,THEFT
TB24026360,"06/29/2024, 10:19:39 PM","06/30/2024, 1:07:20 PM",THUNDER BAY,ON,P7E 3W5,400 Block FREDERICA ST W, TBPS] MOTOR VEHICLE COLLISION MVC NO INJURIES,Traffic,MOTOR VEHICLE COLLISION
