ccn,date,updateDate,city,state,postalCode,blocksizedAddress,incidentType,parentIncidentType,narrative
TB23053023,"12/31/2023, 9:02:02 PM","01/01/2024, 2:02:29 PM",THUNDER BAY,ON,P7E 1B4,200 Block MAY ST S, TBPS] B-E BUS/RES/OTH SUSP PRESENT OR MAY STILL BE IN AREA,Breaking & Entering,B-E BUS/RES/OTH
TB23053040,"01/01/2024, 12:39:16 AM","01/01/2024, 2:02:29 PM",THUNDER BAY,ON,P7E 5R6,600 Block ARTHUR ST W, TBPS] MOTOR VEHICLE COLLISION MVC NO INJURIES,Traffic,MOTOR VEHICLE COLLISION
TB23053038,"12/31/2023, 11:51:00 PM","01/01/2024, 2:02:29 PM",THUNDER BAY,ON,P7B 6B9,1000 Block FORT WILLIAM RD, TBPS] LIQUOR LICENCE ACT LIQUOR LICENCE ACT VIOLATION IN PROGRESS,Quality of Life,LIQUOR LICENCE ACT
TB23053048,"01/01/2024, 1:51:11 AM","01/01/2024, 2:02:29 PM",THUNDER BAY,ON,P7C 1G9,JAMES ST N AND VICTORIA AV W, TBPS] MOTOR VEHICLE COLLISION MVC - AMB ENR - DUAL RESP,Other,MOTOR VEHICLE COLLISION
TB23053044,"01/01/2024, 1:05:33 AM","01/01/2024, 2:02:29 PM",THUNDER BAY,ON,P7E 5M8,900 Block ARTHUR ST E, TBPS] THEFT SUSP STILL PRESENT OR MAY BE IN AREA,Other Theft,THEFT
TB23052922,"12/30/2023, 10:31:41 PM","01/01/2024, 2:02:30 PM",THUNDER BAY,ON,J4Y 0B5,400 Block LYON BLVD W, TBPS] MOTOR VEHICLE COLLISION 11-10 MVC ANY TYPE,Other,MOTOR VEHICLE COLLISION
TB23052984,"12/31/2023, 8:06:31 AM","01/01/2024, 2:02:30 PM",THUNDER BAY,ON,P7B 3Y6,400 Block MEMORIAL AV," TBPS] MISCHIEF IP/SUSP IN AREA, UNDER 5,000",Other Property Crime,MISCHIEF
TB23052990,"12/31/2023, 8:50:56 AM","01/01/2024, 2:02:30 PM",THUNDER BAY,ON,P7B 4J3,1 Block TRILLIUM WAY, TBPS] LIQUOR LICENCE ACT LIQUOR LICENCE ACT VIOLATION IN PROGRESS,Quality of Life,LIQUOR LICENCE ACT
TB23052992,"12/31/2023, 9:42:14 AM","01/01/2024, 2:02:30 PM",THUNDER BAY,ON,P7C 2J6,100 Block PRUDEN ST, TBPS] ASSAULT ACCUSED NOT PRESENT,Assault,ASSAULT
TB23053007,"12/31/2023, 5:11:14 PM","01/01/2024, 2:02:30 PM",THUNDER BAY,ON,P7E 4W9,JAMES ST S AND WALSH ST W, TBPS] MOTOR VEHICLE COLLISION MVC NO INJURIES,Traffic,MOTOR VEHICLE COLLISION
TB23052999,"12/31/2023, 11:07:36 AM","01/01/2024, 2:02:30 PM",THUNDER BAY,ON,P7B 2V7,1 Block JOHNSON AV, TBPS] ROBBERY NO WEAPONS - SUSP STILL IN AREA,Robbery,ROBBERY
TB23053027,"12/31/2023, 10:16:56 PM","01/01/2024, 2:02:30 PM",THUNDER BAY,ON,P7C 4P4,EDWARD ST N AND CHURCHILL DR E, TBPS] LIQUOR LICENCE ACT LIQUOR LICENCE ACT VIOLATION IN PROGRESS,Quality of Life,LIQUOR LICENCE ACT
TB23053008,"12/31/2023, 5:16:21 PM","01/01/2024, 2:02:30 PM",THUNDER BAY,ON,P7B 6B9,1000 Block FORT WILLIAM RD, TBPS] ROBBERY NO WEAPONS - SUSP STILL IN AREA,Robbery,ROBBERY
TB23053018,"12/31/2023, 8:00:52 PM","01/01/2024, 2:02:30 PM",THUNDER BAY,ON,P0T 2G0,5100 Block OLIVER RD, TBPS] MOTOR VEHICLE COLLISION MVC - AMB ENR,Traffic,MOTOR VEHICLE COLLISION
TB23053035,"12/31/2023, 11:34:24 PM","01/01/2024, 2:02:30 PM",THUNDER BAY,ON,P7B 6J8,PICTON AV AND WALKOVER ST, TBPS] MOTOR VEHICLE COLLISION MVC - AMB ENR - DUAL RESP,Other,MOTOR VEHICLE COLLISION
TB23052895,"12/30/2023, 6:50:02 PM","01/01/2024, 2:02:31 PM",THUNDER BAY,ON,P7B 2X3,1 Block COURT ST S, TBPS] MOTOR VEHICLE COLLISION 11-10 MVC ANY TYPE,Other,MOTOR VEHICLE COLLISION
TB23052825,"12/30/2023, 2:12:45 AM","01/02/2024, 2:03:02 PM",THUNDER BAY,ON,P7A 8C5,500 Block ALGOMA ST N, TBPS] ARSON 11-10 ARSON,Other Property Crime,ARSON
TB24000025,"01/01/2024, 9:07:02 AM","01/02/2024, 2:03:03 PM",THUNDER BAY,ON,P7A 4L2,1 Block CUMBERLAND ST N, TBPS] ASSAULT SUSP PRESENT OR IN AREA,Assault,ASSAULT
TB24000029,"01/01/2024, 9:28:51 AM","01/02/2024, 2:03:03 PM",THUNDER BAY,ON,P7A 3E6,200 Block VAN HORNE ST, TBPS] ASSAULT SUSP PRESENT OR IN AREA,Assault,ASSAULT
TB24000069,"01/01/2024, 8:01:08 PM","01/02/2024, 2:03:03 PM",THUNDER BAY,ON,P7B 5Z5,1200 Block BALMORAL ST," TBPS] THEFT NOT IN PROGRESS, UNDER 5000",Other Theft,THEFT
TB24000061,"01/01/2024, 5:11:26 PM","01/02/2024, 2:03:03 PM",THUNDER BAY,ON,P7E 2A6,500 Block KINGSWAY," TBPS] MISCHIEF 11-10, MICHIEF UNDER 5000",Other Property Crime,MISCHIEF
TB24000109,"01/02/2024, 4:11:48 AM","01/02/2024, 2:03:03 PM",THUNDER BAY,ON,P7K 1G1,2200 Block 25TH SIDE RD," TBPS] MISCHIEF 11-10, MICHIEF OVER 5000",Other Property Crime,MISCHIEF
TB24000070,"01/01/2024, 8:07:45 PM","01/02/2024, 2:03:03 PM",THUNDER BAY,ON,P7E 4H8,400 Block BROCK ST E," TBPS] THEFT NOT IN PROGRESS, UNDER 5000",Other Theft,THEFT
TB24000113,"01/02/2024, 4:49:54 AM","01/02/2024, 2:03:03 PM",THUNDER BAY,ON,P7B 3Y2,300 Block MEMORIAL AV," TBPS] THEFT IN PROGRESS, OVER 50000",Other Theft,THEFT
TB24000016,"01/01/2024, 8:27:30 AM","01/02/2024, 2:03:04 PM",THUNDER BAY,ON,P7A 5X8,200 Block PINE ST, TBPS] LIQUOR LICENCE ACT LIQUOR LICENCE ACT VIOLATION IN PROGRESS,Quality of Life,LIQUOR LICENCE ACT
TB24000014,"01/01/2024, 8:02:16 AM","01/02/2024, 2:03:04 PM",THUNDER BAY,ON,P7A 4L2,1 Block CUMBERLAND ST N, TBPS] ASSAULT ACCUSED NOT PRESENT,Assault,ASSAULT
TB24000048,"01/01/2024, 12:02:40 PM","01/02/2024, 2:03:04 PM",THUNDER BAY,ON,P7A 4K8,1 Block CUMBERLAND ST N, TBPS] ASSAULT SUSP PRESENT OR IN AREA,Assault,ASSAULT
TB24000038,"01/01/2024, 10:10:20 AM","01/02/2024, 2:03:04 PM",THUNDER BAY,ON,P7B 5Z5,1200 Block BALMORAL ST," TBPS] THEFT NOT IN PROGRESS, UNDER 5000",Other Theft,THEFT
TB24000242,"01/03/2024, 12:26:41 AM","01/03/2024, 2:02:30 PM",THUNDER BAY,ON,P7C 4P7,400 Block EDWARD ST N, TBPS] ASSAULT SUSP PRESENT OR IN AREA,Assault,ASSAULT
TB24000258,"01/03/2024, 2:54:27 AM","01/03/2024, 2:02:30 PM",THUNDER BAY,ON,P7C 5L1,600 Block THORNLOE DR, TBPS] THEFT SUSP STILL PRESENT OR MAY BE IN AREA,Other Theft,THEFT
TB24000222,"01/02/2024, 10:26:39 PM","01/03/2024, 2:02:30 PM",THUNDER BAY,ON,P7B 5Z5,1200 Block BALMORAL ST," TBPS] THEFT NOT IN PROGRESS, UNDER 5000",Other Theft,THEFT
TB24000227,"01/02/2024, 10:54:17 PM","01/03/2024, 2:02:30 PM",THUNDER BAY,ON,P7C 2B7,100 Block ASHLAND PL, TBPS] INDECENT ACTS SUSP PRESENT OR MAY STILL BE IN AREA,Sexual Offense,INDECENT ACTS
TB24000251,"01/03/2024, 1:41:41 AM","01/03/2024, 2:02:30 PM",THUNDER BAY,ON,P7B 6B9,1000 Block FORT WILLIAM RD, TBPS] MOTOR VEHICLE COLLISION MVC NO INJURIES,Traffic,MOTOR VEHICLE COLLISION
TB24000238,"01/02/2024, 11:44:15 PM","01/03/2024, 2:02:30 PM",THUNDER BAY,ON,P7E 6H2,200 Block AMELIA ST W, TBPS] B-E BUS/RES/OTH 11-10,Breaking & Entering,B-E BUS/RES/OTH
TB24000158,"01/02/2024, 5:11:17 PM","01/03/2024, 2:02:31 PM",THUNDER BAY,ON,P7B,MEMORIAL AV AND HARBOUR EXPRESSWAY, TBPS] MOTOR VEHICLE COLLISION 11-10 MVC ANY TYPE,Other,MOTOR VEHICLE COLLISION
TB24000163,"01/02/2024, 5:17:59 PM","01/03/2024, 2:02:31 PM",THUNDER BAY,ON,P7B 2G4,OLIVER RD AND HILL ST S, TBPS] MOTOR VEHICLE COLLISION 11-10 MVC ANY TYPE,Other,MOTOR VEHICLE COLLISION
TB24000159,"01/02/2024, 5:12:58 PM","01/03/2024, 2:02:31 PM",THUNDER BAY,ON,P7E 3A7,1600 Block MOUNTDALE AV, TBPS] MOTOR VEHICLE COLLISION 11-10 MVC ANY TYPE,Other,MOTOR VEHICLE COLLISION
TB24000165,"01/02/2024, 5:21:23 PM","01/03/2024, 2:02:31 PM",THUNDER BAY,ON,P7B 1K1,RED RIVER RD AND CLARKSON ST N, TBPS] MOTOR VEHICLE COLLISION 11-10 MVC ANY TYPE,Other,MOTOR VEHICLE COLLISION
TB24000177,"01/02/2024, 6:19:01 PM","01/03/2024, 2:02:31 PM",THUNDER BAY,ON,P7B 6B9,1000 Block FORT WILLIAM RD, TBPS] MOTOR VEHICLE COLLISION 11-10 MVC ANY TYPE,Other,MOTOR VEHICLE COLLISION
TB24000178,"01/02/2024, 6:21:56 PM","01/03/2024, 2:02:31 PM",THUNDER BAY,ON,P7B 6B9,1000 Block FORT WILLIAM RD, TBPS] MOTOR VEHICLE COLLISION 11-10 MVC ANY TYPE,Other,MOTOR VEHICLE COLLISION
TB24000184,"01/02/2024, 6:35:26 PM","01/03/2024, 2:02:31 PM",THUNDER BAY,ON,P7A 1C4,200 Block MARION ST, TBPS] MOTOR VEHICLE COLLISION 11-10 MVC ANY TYPE,Other,MOTOR VEHICLE COLLISION
TB24000181,"01/02/2024, 6:28:12 PM","01/03/2024, 2:02:31 PM",THUNDER BAY,ON,P7B 1K2,RED RIVER RD AND JUNOT AV N, TBPS] MOTOR VEHICLE COLLISION 11-10 MVC ANY TYPE,Other,MOTOR VEHICLE COLLISION
TB24000182,"01/02/2024, 6:32:40 PM","01/03/2024, 2:02:31 PM",THUNDER BAY,ON,P7A 4N4,200 Block CUMBERLAND ST N, TBPS] MOTOR VEHICLE COLLISION 11-10 MVC ANY TYPE,Other,MOTOR VEHICLE COLLISION
TB24000187,"01/02/2024, 6:48:44 PM","01/03/2024, 2:02:31 PM",THUNDER BAY,ON,P7B,HARBOUR EXPRESSWAY AND MEMORIAL AV, TBPS] MOTOR VEHICLE COLLISION 11-10 MVC ANY TYPE,Other,MOTOR VEHICLE COLLISION
TB24000188,"01/02/2024, 6:53:14 PM","01/03/2024, 2:02:31 PM",THUNDER BAY,ON,P7C 0B3,200 Block COUGAR CR, TBPS] ASSAULT ACCUSED NOT PRESENT,Assault,ASSAULT
TB24000186,"01/02/2024, 6:46:40 PM","01/03/2024, 2:02:31 PM",THUNDER BAY,ON,P7C 4Y7,300 Block LILLIE ST N," TBPS] THEFT NOT IN PROGRESS, FROM MOTOR VEHICLE",Theft from Vehicle,THEFT
TB24000193,"01/02/2024, 7:05:17 PM","01/03/2024, 2:02:31 PM",THUNDER BAY,ON,P7C 1B2,ARCHIBALD ST N AND JUSTICE AV, TBPS] MOTOR VEHICLE COLLISION 11-10 MVC ANY TYPE,Other,MOTOR VEHICLE COLLISION
TB24000196,"01/02/2024, 7:28:31 PM","01/03/2024, 2:02:31 PM",THUNDER BAY,ON,P7C 2V2,MAY ST N AND OGDEN ST, TBPS] MOTOR VEHICLE COLLISION 11-10 MVC ANY TYPE,Other,MOTOR VEHICLE COLLISION
TB24000197,"01/02/2024, 7:30:23 PM","01/03/2024, 2:02:31 PM",THUNDER BAY,ON,P7B 1R3,BAY ST AND COURT ST S, TBPS] MOTOR VEHICLE COLLISION 11-10 MVC ANY TYPE,Other,MOTOR VEHICLE COLLISION
TB24000185,"01/02/2024, 6:37:14 PM","01/03/2024, 2:02:31 PM",THUNDER BAY,ON,P7A 3S4,600 Block RIVER ST, TBPS] MOTOR VEHICLE COLLISION 11-10 MVC ANY TYPE,Other,MOTOR VEHICLE COLLISION
TB24000191,"01/02/2024, 6:58:57 PM","01/03/2024, 2:02:31 PM",THUNDER BAY,ON,P7B,MEMORIAL AV AND HARBOUR EXPRESSWAY, TBPS] MOTOR VEHICLE COLLISION 11-10 MVC ANY TYPE,Other,MOTOR VEHICLE COLLISION
TB24000198,"01/02/2024, 7:31:55 PM","01/03/2024, 2:02:31 PM",THUNDER BAY,ON,P7E 1B7,MAY ST S AND ARTHUR ST E, TBPS] MOTOR VEHICLE COLLISION 11-10 MVC ANY TYPE,Other,MOTOR VEHICLE COLLISION
TB24000131,"01/02/2024, 3:30:19 PM","01/03/2024, 2:02:32 PM",THUNDER BAY,ON,P7B 3B7,BAY ST AND ALGOMA ST S, TBPS] MOTOR VEHICLE COLLISION 11-10 MVC ANY TYPE,Other,MOTOR VEHICLE COLLISION
TB24000133,"01/02/2024, 3:46:29 PM","01/03/2024, 2:02:32 PM",THUNDER BAY,ON,P7C,EDWARD ST N AND REDWOOD AV E, TBPS] MOTOR VEHICLE COLLISION 11-10 MVC ANY TYPE,Other,MOTOR VEHICLE COLLISION
TB24000135,"01/02/2024, 3:49:06 PM","01/03/2024, 2:02:32 PM",THUNDER BAY,ON,P7E 6L2,ARTHUR ST W AND WILLARD AV, TBPS] MOTOR VEHICLE COLLISION 11-10 MVC ANY TYPE,Other,MOTOR VEHICLE COLLISION
TB24000138,"01/02/2024, 4:06:36 PM","01/03/2024, 2:02:32 PM",THUNDER BAY,ON,P7E 5R5,500 Block ARTHUR ST W, TBPS] MOTOR VEHICLE COLLISION 11-10 MVC ANY TYPE,Other,MOTOR VEHICLE COLLISION
TB24000139,"01/02/2024, 4:08:25 PM","01/03/2024, 2:02:32 PM",THUNDER BAY,ON,P7J,JAMES ST S AND CITY RD, TBPS] MOTOR VEHICLE COLLISION 11-10 MVC ANY TYPE,Other,MOTOR VEHICLE COLLISION
TB24000142,"01/02/2024, 4:13:09 PM","01/03/2024, 2:02:32 PM",THUNDER BAY,ON,P7B 1K2,RED RIVER RD AND JUNOT AV N, TBPS] MOTOR VEHICLE COLLISION 11-10 MVC ANY TYPE,Other,MOTOR VEHICLE COLLISION
TB24000140,"01/02/2024, 4:10:11 PM","01/03/2024, 2:02:32 PM",THUNDER BAY,ON,P7G 1N6,OLIVER RD AND BELROSE RD, TBPS] MOTOR VEHICLE COLLISION 11-10 MVC ANY TYPE,Other,MOTOR VEHICLE COLLISION
TB24000143,"01/02/2024, 4:16:54 PM","01/03/2024, 2:02:32 PM",THUNDER BAY,ON,P7E 6L4,ARTHUR ST W AND SIFTON AV, TBPS] MOTOR VEHICLE COLLISION 11-10 MVC ANY TYPE,Other,MOTOR VEHICLE COLLISION
TB24000144,"01/02/2024, 4:18:28 PM","01/03/2024, 2:02:32 PM",THUNDER BAY,ON,P7B 6S4,100 Block MAIN ST, TBPS] MOTOR VEHICLE COLLISION 11-10 MVC ANY TYPE,Other,MOTOR VEHICLE COLLISION
TB24000145,"01/02/2024, 4:20:20 PM","01/03/2024, 2:02:32 PM",THUNDER BAY,ON,P7C 3X7,100 Block ARCHIBALD ST N, TBPS] MOTOR VEHICLE COLLISION MVC NO INJURIES,Traffic,MOTOR VEHICLE COLLISION
TB24000151,"01/02/2024, 4:46:01 PM","01/03/2024, 2:02:32 PM",THUNDER BAY,ON,P7G 1A1,400 Block RANDALL CT, TBPS] MOTOR VEHICLE COLLISION 11-10 MVC ANY TYPE,Other,MOTOR VEHICLE COLLISION
TB24000146,"01/02/2024, 4:22:10 PM","01/03/2024, 2:02:32 PM",THUNDER BAY,ON,P7A 5M6,RIVER ST AND BALSAM ST, TBPS] MOTOR VEHICLE COLLISION 11-10 MVC ANY TYPE,Other,MOTOR VEHICLE COLLISION
TB24000156,"01/02/2024, 5:02:57 PM","01/03/2024, 2:02:32 PM",THUNDER BAY,ON,P7E 3R9,JAMES ST S AND GORE ST W, TBPS] MOTOR VEHICLE COLLISION 11-10 MVC ANY TYPE,Other,MOTOR VEHICLE COLLISION
TB24000157,"01/02/2024, 5:07:20 PM","01/03/2024, 2:02:32 PM",THUNDER BAY,ON,P7B,MEMORIAL AV AND DUNLOP ST, TBPS] MOTOR VEHICLE COLLISION 11-10 MVC ANY TYPE,Other,MOTOR VEHICLE COLLISION
TB24000161,"01/02/2024, 5:14:33 PM","01/03/2024, 2:02:32 PM",THUNDER BAY,ON,P7B 2R5,CARRICK ST AND 11TH AV, TBPS] MOTOR VEHICLE COLLISION 11-10 MVC ANY TYPE,Other,MOTOR VEHICLE COLLISION
TB24000164,"01/02/2024, 5:19:50 PM","01/03/2024, 2:02:32 PM",THUNDER BAY,ON,P7A 4K8,SOUTH WATER ST AND RED RIVER RD, TBPS] MOTOR VEHICLE COLLISION 11-10 MVC ANY TYPE,Other,MOTOR VEHICLE COLLISION
TB24000162,"01/02/2024, 5:16:05 PM","01/03/2024, 2:02:32 PM",THUNDER BAY,ON,P7B 4A6,700 Block MACDONELL ST, TBPS] MOTOR VEHICLE COLLISION 11-10 MVC ANY TYPE,Other,MOTOR VEHICLE COLLISION
TB24000167,"01/02/2024, 5:22:55 PM","01/03/2024, 2:02:32 PM",THUNDER BAY,ON,P7B,CENTRAL AV AND CARRICK ST, TBPS] MOTOR VEHICLE COLLISION 11-10 MVC ANY TYPE,Other,MOTOR VEHICLE COLLISION
TB24000174,"01/02/2024, 6:09:18 PM","01/03/2024, 2:02:32 PM",THUNDER BAY,ON,P7C 3A6,800 Block MCINTOSH ST," TBPS] THEFT NOT IN PROGRESS, UNDER 5000",Other Theft,THEFT
TB24000200,"01/02/2024, 7:33:42 PM","01/03/2024, 2:02:32 PM",THUNDER BAY,ON,P7A 7S3,400 Block COUNTY BLVD, TBPS] MOTOR VEHICLE COLLISION 11-10 MVC ANY TYPE,Other,MOTOR VEHICLE COLLISION
TB24000137,"01/02/2024, 4:03:26 PM","01/03/2024, 2:02:33 PM",THUNDER BAY,ON,P7A 6G7,MELON ST AND STARDUST CR, TBPS] MOTOR VEHICLE COLLISION 11-10 MVC ANY TYPE,Other,MOTOR VEHICLE COLLISION
TB24000357,"01/03/2024, 8:30:56 PM","01/04/2024, 2:02:43 PM",THUNDER BAY,ON,P7B 5L4,1 Block CUMBERLAND ST S, TBPS] MOTOR VEHICLE COLLISION 11-10 MVC ANY TYPE,Other,MOTOR VEHICLE COLLISION
TB24000425,"01/04/2024, 5:59:19 AM","01/04/2024, 2:02:43 PM",THUNDER BAY,ON,P7B 6S2,700 Block MEMORIAL AV, TBPS] THEFT SUSP STILL PRESENT OR MAY BE IN AREA,Other Theft,THEFT
TB24000363,"01/03/2024, 9:00:45 PM","01/04/2024, 2:02:43 PM",THUNDER BAY,ON,P7B 1Z7,700 Block JOHN ST, TBPS] MOTOR VEHICLE COLLISION 11-10 MVC ANY TYPE,Other,MOTOR VEHICLE COLLISION
TB24000405,"01/04/2024, 2:33:21 AM","01/04/2024, 2:02:43 PM",THUNDER BAY,ON,P7C 2V6,400 Block NORTHERN AV, TBPS] MOTOR VEHICLE COLLISION MVC NO INJURIES,Traffic,MOTOR VEHICLE COLLISION
TB24000332,"01/03/2024, 6:23:57 PM","01/04/2024, 2:02:44 PM",THUNDER BAY,ON,P7A 1L1,400 Block DACRE ST, TBPS] MOTOR VEHICLE COLLISION 11-10 MVC ANY TYPE,Other,MOTOR VEHICLE COLLISION
TB24000330,"01/03/2024, 6:21:15 PM","01/04/2024, 2:02:44 PM",THUNDER BAY,ON,P7B 6V4,900 Block OLIVER RD, TBPS] MOTOR VEHICLE COLLISION MVC NO INJURIES,Traffic,MOTOR VEHICLE COLLISION
TB24000328,"01/03/2024, 6:18:37 PM","01/04/2024, 2:02:44 PM",THUNDER BAY,ON,P7G 1L4,5400 Block MAPLEWARD RD, TBPS] MOTOR VEHICLE COLLISION 11-10 MVC ANY TYPE,Other,MOTOR VEHICLE COLLISION
TB24000334,"01/03/2024, 6:33:50 PM","01/04/2024, 2:02:44 PM",THUNDER BAY,ON,P7B 7A3,1100 Block GOLF LINKS RD, TBPS] MOTOR VEHICLE COLLISION 11-10 MVC ANY TYPE,Other,MOTOR VEHICLE COLLISION
TB24000352,"01/03/2024, 8:20:09 PM","01/04/2024, 2:02:44 PM",THUNDER BAY,ON,P7A 4S4,ST. PAUL ST AND COOKE ST, TBPS] MOTOR VEHICLE COLLISION MVC NO INJURIES,Traffic,MOTOR VEHICLE COLLISION
TB24000342,"01/03/2024, 7:33:28 PM","01/04/2024, 2:02:44 PM",THUNDER BAY,ON,P7B 5R8,100 Block CUMBERLAND ST S," TBPS] THEFT NOT IN PROGRESS, UNDER 5000",Other Theft,THEFT
TB24000350,"01/03/2024, 8:07:18 PM","01/04/2024, 2:02:44 PM",THUNDER BAY,ON,P7A 1X9,400 Block GRENVILLE AV, TBPS] MOTOR VEHICLE COLLISION 11-10 MVC ANY TYPE,Other,MOTOR VEHICLE COLLISION
TB24000353,"01/03/2024, 8:24:32 PM","01/04/2024, 2:02:44 PM",THUNDER BAY,ON,P7E 5S4,1500 Block SILLS ST, TBPS] MOTOR VEHICLE COLLISION 11-10 MVC ANY TYPE,Other,MOTOR VEHICLE COLLISION
TB24000358,"01/03/2024, 8:36:19 PM","01/04/2024, 2:02:44 PM",THUNDER BAY,ON,P7J 1G6,2000 Block JAMES ST S, TBPS] MOTOR VEHICLE COLLISION 11-10 MVC ANY TYPE,Other,MOTOR VEHICLE COLLISION
TB24000370,"01/03/2024, 9:20:43 PM","01/04/2024, 2:02:44 PM",THUNDER BAY,ON,P7B 5Z5,1200 Block BALMORAL ST, TBPS] ASSAULT ACCUSED NOT PRESENT,Assault,ASSAULT
TB24000390,"01/03/2024, 10:58:17 PM","01/04/2024, 2:02:44 PM",THUNDER BAY,ON,.,MUSKRAT DR AND PARKDALE BLVD, TBPS] MOTOR VEHICLE COLLISION MVC NO INJURIES,Traffic,MOTOR VEHICLE COLLISION
TB24000277,"01/03/2024, 8:12:28 AM","01/04/2024, 2:02:45 PM",THUNDER BAY,ON,P7E 3L2,1300 Block ALPINE AV, TBPS] ASSAULT SUSP PRESENT OR IN AREA,Assault,ASSAULT
TB24000280,"01/03/2024, 8:42:38 AM","01/04/2024, 2:02:45 PM",THUNDER BAY,ON,P7E 1G7,ARTHUR ST E AND ARCHIBALD ST S, TBPS] LIQUOR LICENCE ACT LIQUOR LICENCE ACT VIOLATION IN PROGRESS,Quality of Life,LIQUOR LICENCE ACT
TB24000297,"01/03/2024, 2:48:12 PM","01/04/2024, 2:02:45 PM",THUNDER BAY,ON,P7C 4P7,400 Block EDWARD ST N, TBPS] MOTOR VEHICLE COLLISION 11-10 MVC ANY TYPE,Other,MOTOR VEHICLE COLLISION
TB24000294,"01/03/2024, 1:59:33 PM","01/04/2024, 2:02:45 PM",THUNDER BAY,ON,P7E 5R6,600 Block ARTHUR ST W, TBPS] LIQUOR LICENCE ACT LIQUOR LICENCE ACT VIOLATION IN PROGRESS,Quality of Life,LIQUOR LICENCE ACT
TB24000292,"01/03/2024, 11:42:43 AM","01/04/2024, 2:02:45 PM",THUNDER BAY,ON,P7A 1R3,300 Block RONA ST, TBPS] THEFT SUSP STILL PRESENT OR MAY BE IN AREA,Other Theft,THEFT
TB24000303,"01/03/2024, 3:19:08 PM","01/04/2024, 2:02:45 PM",THUNDER BAY,ON,P7C 4P7,400 Block EDWARD ST N, TBPS] MOTOR VEHICLE COLLISION 11-10 MVC ANY TYPE,Other,MOTOR VEHICLE COLLISION
TB24000300,"01/03/2024, 2:56:19 PM","01/04/2024, 2:02:45 PM",THUNDER BAY,ON,P7B 6S2,700 Block MEMORIAL AV, TBPS] MOTOR VEHICLE COLLISION 11-10 MVC ANY TYPE,Other,MOTOR VEHICLE COLLISION
TB24000299,"01/03/2024, 2:51:52 PM","01/04/2024, 2:02:45 PM",THUNDER BAY,ON,P7B 5L4,1 Block CUMBERLAND ST S, TBPS] MOTOR VEHICLE COLLISION 11-10 MVC ANY TYPE,Other,MOTOR VEHICLE COLLISION
TB24000307,"01/03/2024, 3:40:08 PM","01/04/2024, 2:02:45 PM",THUNDER BAY,ON,P7G 2G2,DOG LAKE RD AND DAWSON RD, TBPS] MOTOR VEHICLE COLLISION 11-10 MVC ANY TYPE,Other,MOTOR VEHICLE COLLISION
TB24000305,"01/03/2024, 3:29:52 PM","01/04/2024, 2:02:45 PM",THUNDER BAY,ON,P7B 1E7,PEARL ST AND ALGOMA ST S, TBPS] MOTOR VEHICLE COLLISION 11-10 MVC ANY TYPE,Other,MOTOR VEHICLE COLLISION
TB24000310,"01/03/2024, 4:22:27 PM","01/04/2024, 2:02:45 PM",THUNDER BAY,ON,P7A 6H1,100 Block JUNOT AV N, TBPS] MOTOR VEHICLE COLLISION 11-10 MVC ANY TYPE,Other,MOTOR VEHICLE COLLISION
TB24000316,"01/03/2024, 4:50:12 PM","01/04/2024, 2:02:45 PM",THUNDER BAY,ON,P7B 5L6,300 Block MAIN ST, TBPS] MOTOR VEHICLE COLLISION 11-10 MVC ANY TYPE,Other,MOTOR VEHICLE COLLISION
TB24000311,"01/03/2024, 4:23:20 PM","01/04/2024, 2:02:45 PM",THUNDER BAY,ON,P7C 4J1,200 Block FRANKLIN ST N, TBPS] STOLEN VEHICLE SUSP NOT IN AREA,Theft of Vehicle,STOLEN VEHICLE
TB24000341,"01/03/2024, 6:58:43 PM","01/04/2024, 2:02:45 PM",THUNDER BAY,ON,P7B 3Z7,700 Block MEMORIAL AV, TBPS] MOTOR VEHICLE COLLISION 11-10 MVC ANY TYPE,Other,MOTOR VEHICLE COLLISION
TB24000283,"01/03/2024, 9:15:24 AM","01/04/2024, 2:02:46 PM",THUNDER BAY,ON,P7E 5B9,1300 Block ISABELLA ST E, TBPS] LIQUOR LICENCE ACT LIQUOR LICENCE ACT VIOLATION IN PROGRESS,Quality of Life,LIQUOR LICENCE ACT
TB24000293,"01/03/2024, 12:16:24 PM","01/04/2024, 2:02:46 PM",THUNDER BAY,ON,P7C 4L2,BRUNSWICK ST N AND WATERLOO ST N, TBPS] MOTOR VEHICLE COLLISION MVC - AMB ENR - DUAL RESP,Other,MOTOR VEHICLE COLLISION
TB24000573,"01/05/2024, 6:09:18 AM","01/08/2024, 2:02:11 PM",THUNDER BAY,ON,P7B 5L4,1 Block CUMBERLAND ST S, TBPS] ASSAULT SUSP PRESENT OR IN AREA,Assault,ASSAULT
TB24000581,"01/05/2024, 10:39:41 AM","01/08/2024, 2:02:11 PM",THUNDER BAY,ON,P7C 5M9,HARSTONE DR AND 588 HWY, TBPS] MOTOR VEHICLE COLLISION MVC NO INJURIES,Traffic,MOTOR VEHICLE COLLISION
TB24000586,"01/05/2024, 2:27:16 PM","01/08/2024, 2:02:11 PM",THUNDER BAY,ON,.,PACIFIC AV AND SIMPSON ST, TBPS] MOTOR VEHICLE COLLISION MVC NO INJURIES,Traffic,MOTOR VEHICLE COLLISION
TB24000587,"01/05/2024, 2:36:03 PM","01/08/2024, 2:02:11 PM",THUNDER BAY,ON,P7A 3N2,BALSAM ST AND MARGARET ST, TBPS] MOTOR VEHICLE COLLISION 11-10 MVC ANY TYPE,Other,MOTOR VEHICLE COLLISION
TB24000589,"01/05/2024, 2:42:06 PM","01/08/2024, 2:02:11 PM",THUNDER BAY,ON,P7E 6L4,1100 Block ARTHUR ST W, TBPS] MOTOR VEHICLE COLLISION 11-10 MVC ANY TYPE,Other,MOTOR VEHICLE COLLISION
TB24000590,"01/05/2024, 2:49:28 PM","01/08/2024, 2:02:11 PM",THUNDER BAY,ON,P7E 5S2,1100 Block ARTHUR ST W, TBPS] MOTOR VEHICLE COLLISION 11-10 MVC ANY TYPE,Other,MOTOR VEHICLE COLLISION
TB24000544,"01/05/2024, 1:06:43 AM","01/08/2024, 2:02:12 PM",THUNDER BAY,ON,P7C 4P7,400 Block EDWARD ST N," TBPS] THEFT IN PROGRESS, OVER 50000",Other Theft,THEFT
TB24000552,"01/05/2024, 2:43:03 AM","01/08/2024, 2:02:12 PM",THUNDER BAY,ON,P7B 1V7,300 Block WINDSOR ST, TBPS] B-E BUS/RES/OTH SUSP PRESENT OR MAY STILL BE IN AREA,Breaking & Entering,B-E BUS/RES/OTH
TB24000571,"01/05/2024, 5:52:57 AM","01/08/2024, 2:02:12 PM",THUNDER BAY,ON,P7B 3Y7,400 Block MEMORIAL AV, TBPS] LIQUOR LICENCE ACT LIQUOR LICENCE ACT VIOLATION IN PROGRESS,Quality of Life,LIQUOR LICENCE ACT
TB24000580,"01/05/2024, 9:54:47 AM","01/08/2024, 2:02:12 PM",THUNDER BAY,ON,P7E 5K4,2800 Block RIDGEWAY ST E, TBPS] MOTOR VEHICLE COLLISION MVC NO INJURIES,Traffic,MOTOR VEHICLE COLLISION
TB24000582,"01/05/2024, 10:55:45 AM","01/08/2024, 2:02:12 PM",THUNDER BAY,ON,P7B 5K5,1100 Block MEMORIAL AV, TBPS] THEFT SUSP STILL PRESENT OR MAY BE IN AREA,Other Theft,THEFT
TB24000453,"01/04/2024, 3:37:05 PM","01/08/2024, 2:02:13 PM",THUNDER BAY,ON,P7C,HARBOUR EXPRESSWAY AND GOLF LINKS RD, TBPS] MOTOR VEHICLE COLLISION 11-10 MVC ANY TYPE,Other,MOTOR VEHICLE COLLISION
TB24000458,"01/04/2024, 4:09:40 PM","01/08/2024, 2:02:13 PM",THUNDER BAY,ON,P7B 6R6,GOLF LINKS RD AND RIVIERA DR, TBPS] MOTOR VEHICLE COLLISION 11-10 MVC ANY TYPE,Other,MOTOR VEHICLE COLLISION
TB24000462,"01/04/2024, 4:35:55 PM","01/08/2024, 2:02:13 PM",THUNDER BAY,ON,P7B 4W8,1 Block CLARKSON ST S, TBPS] MOTOR VEHICLE COLLISION 11-10 MVC ANY TYPE,Other,MOTOR VEHICLE COLLISION
TB24000466,"01/04/2024, 4:56:15 PM","01/08/2024, 2:02:13 PM",THUNDER BAY,ON,P7B,MEMORIAL AV AND DUNLOP ST, TBPS] MOTOR VEHICLE COLLISION 11-10 MVC ANY TYPE,Other,MOTOR VEHICLE COLLISION
TB24000467,"01/04/2024, 5:03:45 PM","01/08/2024, 2:02:13 PM",THUNDER BAY,ON,P7B 6S2,700 Block MEMORIAL AV, TBPS] LIQUOR LICENCE ACT LIQUOR LICENCE ACT VIOLATION IN PROGRESS,Quality of Life,LIQUOR LICENCE ACT
TB24000469,"01/04/2024, 5:04:40 PM","01/08/2024, 2:02:13 PM",THUNDER BAY,ON,P7B 2X7,100 Block COURT ST S, TBPS] MOTOR VEHICLE COLLISION 11-10 MVC ANY TYPE,Other,MOTOR VEHICLE COLLISION
TB24000472,"01/04/2024, 5:14:13 PM","01/08/2024, 2:02:13 PM",THUNDER BAY,ON,P7C 1A1,SIMPSON ST AND VICTORIA AV E, TBPS] MOTOR VEHICLE COLLISION 11-10 MVC ANY TYPE,Other,MOTOR VEHICLE COLLISION
TB24000473,"01/04/2024, 5:19:40 PM","01/08/2024, 2:02:13 PM",THUNDER BAY,ON,P7E 5R2,ARTHUR ST W AND JAMES ST S, TBPS] MOTOR VEHICLE COLLISION 11-10 MVC ANY TYPE,Other,MOTOR VEHICLE COLLISION
TB24000488,"01/04/2024, 7:22:03 PM","01/08/2024, 2:02:13 PM",THUNDER BAY,ON,P7A 1T9,HODDER AV AND TALBOT ST, TBPS] MOTOR VEHICLE COLLISION 11-10 MVC ANY TYPE,Other,MOTOR VEHICLE COLLISION
TB24000491,"01/04/2024, 7:36:14 PM","01/08/2024, 2:02:13 PM",THUNDER BAY,ON,P7B 5E1,900 Block OLIVER RD, TBPS] MOTOR VEHICLE COLLISION 11-10 MVC ANY TYPE,Other,MOTOR VEHICLE COLLISION
TB24000492,"01/04/2024, 7:39:25 PM","01/08/2024, 2:02:13 PM",THUNDER BAY,ON,P7A 3R8,500 Block RIVER ST, TBPS] MOTOR VEHICLE COLLISION 11-10 MVC ANY TYPE,Other,MOTOR VEHICLE COLLISION
TB24000494,"01/04/2024, 7:43:18 PM","01/08/2024, 2:02:13 PM",THUNDER BAY,ON,P7C 4P7,400 Block EDWARD ST N, TBPS] MOTOR VEHICLE COLLISION 11-10 MVC ANY TYPE,Other,MOTOR VEHICLE COLLISION
TB24000500,"01/04/2024, 8:16:30 PM","01/08/2024, 2:02:13 PM",THUNDER BAY,ON,P7A 5P2,300 Block BALSAM ST, TBPS] ASSAULT ACCUSED NOT PRESENT,Assault,ASSAULT
TB24000440,"01/04/2024, 10:42:42 AM","01/08/2024, 2:02:14 PM",THUNDER BAY,ON,P7C 4S8,1 Block LIMBRICK ST, TBPS] B-E BUS/RES/OTH SUSP PRESENT OR MAY STILL BE IN AREA,Breaking & Entering,B-E BUS/RES/OTH
TB24000598,"01/05/2024, 3:36:55 PM","01/08/2024, 2:02:17 PM",THUNDER BAY,ON,P7A 2R7,200 Block TOLEDO ST, TBPS] MOTOR VEHICLE COLLISION 11-10 MVC ANY TYPE,Other,MOTOR VEHICLE COLLISION
TB24000602,"01/05/2024, 4:10:49 PM","01/08/2024, 2:02:17 PM",THUNDER BAY,ON,P7G 2H4,ONION LAKE RD AND GOREVALE RD, TBPS] MOTOR VEHICLE COLLISION 11-10 MVC ANY TYPE,Other,MOTOR VEHICLE COLLISION
TB24000604,"01/05/2024, 4:15:10 PM","01/08/2024, 2:02:17 PM",THUNDER BAY,ON,P7C 2L7,1200 Block ROSEDALE AV, TBPS] MOTOR VEHICLE COLLISION 11-10 MVC ANY TYPE,Other,MOTOR VEHICLE COLLISION
TB24000607,"01/05/2024, 4:37:09 PM","01/08/2024, 2:02:17 PM",THUNDER BAY,ON,P7C 6A3,200 Block VICKERS ST N, TBPS] MOTOR VEHICLE COLLISION 11-10 MVC ANY TYPE,Other,MOTOR VEHICLE COLLISION
TB24000609,"01/05/2024, 4:53:00 PM","01/08/2024, 2:02:17 PM",THUNDER BAY,ON,P7K 1H7,2000 Block ROSSLYN RD, TBPS] MOTOR VEHICLE COLLISION 11-10 MVC ANY TYPE,Other,MOTOR VEHICLE COLLISION
TB24000611,"01/05/2024, 5:03:21 PM","01/08/2024, 2:02:17 PM",THUNDER BAY,ON,P7E 3W5,400 Block FREDERICA ST W, TBPS] MOTOR VEHICLE COLLISION 11-10 MVC ANY TYPE,Other,MOTOR VEHICLE COLLISION
TB24000613,"01/05/2024, 5:08:36 PM","01/08/2024, 2:02:17 PM",THUNDER BAY,ON,P7E 3W5,400 Block FREDERICA ST W, TBPS] MOTOR VEHICLE COLLISION 11-10 MVC ANY TYPE,Other,MOTOR VEHICLE COLLISION
TB24000616,"01/05/2024, 5:16:51 PM","01/08/2024, 2:02:17 PM",THUNDER BAY,ON,P7C 5N5,1000 Block CANDY MOUNTAIN DR, TBPS] MOTOR VEHICLE COLLISION 11-10 MVC ANY TYPE,Other,MOTOR VEHICLE COLLISION
TB24000619,"01/05/2024, 5:29:44 PM","01/08/2024, 2:02:17 PM",THUNDER BAY,ON,P7A 1V3,400 Block HODDER AV, TBPS] MOTOR VEHICLE COLLISION 11-10 MVC ANY TYPE,Other,MOTOR VEHICLE COLLISION
TB24000634,"01/05/2024, 7:12:20 PM","01/08/2024, 2:02:17 PM",THUNDER BAY,ON,P7B 3Z7,700 Block MEMORIAL AV, TBPS] MOTOR VEHICLE COLLISION MVC - AMB ENR - DUAL RESP,Other,MOTOR VEHICLE COLLISION
TB24000636,"01/05/2024, 7:22:07 PM","01/08/2024, 2:02:17 PM",THUNDER BAY,ON,P7A 7V9,1 Block REGENT ST," TBPS] THEFT NOT IN PROGRESS, OVER 5000",Other Theft,THEFT
TB24000643,"01/05/2024, 7:51:58 PM","01/08/2024, 2:02:17 PM",THUNDER BAY,ON,P7A 4M2,100 Block CUMBERLAND ST N, TBPS] ARSON SUSP MAY BE PRESENT OR IN AREA,Property Crime,ARSON
TB24000896,"01/08/2024, 12:22:40 AM","01/08/2024, 2:02:17 PM",THUNDER BAY,ON,P7B 5B4,100 Block REGINA AV, TBPS] ASSAULT SUSP PRESENT OR IN AREA,Assault,ASSAULT
TB24000912,"01/08/2024, 4:43:50 AM","01/08/2024, 2:02:17 PM",THUNDER BAY,ON,P7E 2N6,200 Block LELAND AV S, TBPS] LIQUOR LICENCE ACT LIQUOR LICENCE ACT VIOLATION IN PROGRESS,Quality of Life,LIQUOR LICENCE ACT
TB24000595,"01/05/2024, 3:08:16 PM","01/08/2024, 2:02:18 PM",THUNDER BAY,ON,P7A 7N4,100 Block ESSEX CT, TBPS] MOTOR VEHICLE COLLISION 11-10 MVC ANY TYPE,Other,MOTOR VEHICLE COLLISION
TB24000853,"01/07/2024, 4:22:37 PM","01/08/2024, 2:02:18 PM",THUNDER BAY,ON,P7B 5Z5,1200 Block BALMORAL ST," TBPS] MISCHIEF 11-10, MICHIEF UNDER 5000",Other Property Crime,MISCHIEF
TB24000854,"01/07/2024, 4:27:34 PM","01/08/2024, 2:02:18 PM",THUNDER BAY,ON,P7C 4P7,400 Block EDWARD ST N," TBPS] THEFT NOT IN PROGRESS, UNDER 5000",Other Theft,THEFT
TB24000857,"01/07/2024, 5:23:06 PM","01/08/2024, 2:02:18 PM",THUNDER BAY,ON,P7B 5Z5,1200 Block BALMORAL ST," TBPS] THEFT NOT IN PROGRESS, UNDER 5000",Other Theft,THEFT
TB24000861,"01/07/2024, 5:36:50 PM","01/08/2024, 2:02:18 PM",THUNDER BAY,ON,P7B 5R8,100 Block CUMBERLAND ST S, TBPS] DRUG OFFENCES SUSP PRESENT OR MAY STILL BE IN AREA,Quality of Life,DRUG OFFENCES
TB24000874,"01/07/2024, 8:03:15 PM","01/08/2024, 2:02:18 PM",THUNDER BAY,ON,P7A 5V6,UNKNOWN STREET AND UNKNOWN STREET, TBPS] MOTOR VEHICLE COLLISION MVC - AMB ENR - DUAL RESP,Other,MOTOR VEHICLE COLLISION
TB24000875,"01/07/2024, 8:25:35 PM","01/08/2024, 2:02:18 PM",THUNDER BAY,ON,P7E 6L5,1100 Block ARTHUR ST W, TBPS] LIQUOR LICENCE ACT LIQUOR LICENCE ACT VIOLATION IN PROGRESS,Quality of Life,LIQUOR LICENCE ACT
TB24000878,"01/07/2024, 8:58:52 PM","01/08/2024, 2:02:18 PM",THUNDER BAY,ON,P7E 5P7,100 Block ARTHUR ST W, TBPS] MOTOR VEHICLE COLLISION MVC NO INJURIES,Traffic,MOTOR VEHICLE COLLISION
TB24000881,"01/07/2024, 9:15:39 PM","01/08/2024, 2:02:18 PM",THUNDER BAY,ON,P7A 6A9,1 Block CARRIE ST, TBPS] ASSAULT ACCUSED PRESENT,Assault,ASSAULT
TB24000884,"01/07/2024, 9:54:09 PM","01/08/2024, 2:02:18 PM",THUNDER BAY,ON,P7B 7A4,OLIVER RD AND GOLF LINKS RD, TBPS] MOTOR VEHICLE COLLISION MVC - AMB ENR - DUAL RESP,Other,MOTOR VEHICLE COLLISION
TB24000784,"01/06/2024, 10:23:50 PM","01/08/2024, 2:02:19 PM",THUNDER BAY,ON,P7E 5V3,500 Block DONALD ST E, TBPS] ASSAULT SUSP PRESENT OR IN AREA,Assault,ASSAULT
TB24000792,"01/06/2024, 11:15:54 PM","01/08/2024, 2:02:19 PM",THUNDER BAY,ON,P7A,STRATHCONA AV AND ARUNDEL ST, TBPS] MOTOR VEHICLE COLLISION MVC NO INJURIES,Traffic,MOTOR VEHICLE COLLISION
TB24000795,"01/06/2024, 11:33:17 PM","01/08/2024, 2:02:19 PM",THUNDER BAY,ON,P7B 6S2,700 Block MEMORIAL AV, TBPS] THEFT SUSP STILL PRESENT OR MAY BE IN AREA,Other Theft,THEFT
TB24000802,"01/07/2024, 1:18:50 AM","01/08/2024, 2:02:19 PM",THUNDER BAY,ON,P7C 4R1,500 Block EDWARD ST N, TBPS] THEFT SUSP STILL PRESENT OR MAY BE IN AREA,Other Theft,THEFT
TB24000807,"01/07/2024, 1:49:07 AM","01/08/2024, 2:02:19 PM",THUNDER BAY,ON,P7B 6S2,700 Block MEMORIAL AV," TBPS] THEFT IN PROGRESS, OVER 50000",Other Theft,THEFT
TB24000811,"01/07/2024, 2:19:55 AM","01/08/2024, 2:02:19 PM",THUNDER BAY,ON,P7E 5P7,100 Block ARTHUR ST W, TBPS] ASSAULT SUSP PRESENT OR IN AREA,Assault,ASSAULT
TB24000732,"01/06/2024, 10:12:05 AM","01/08/2024, 2:02:20 PM",THUNDER BAY,ON,P7E 5Y8,400 Block GEORGE ST, TBPS] ASSAULT ACCUSED PRESENT,Assault,ASSAULT
TB24000757,"01/06/2024, 5:56:22 PM","01/08/2024, 2:02:20 PM",THUNDER BAY,ON,P7C 5K2,500 Block YALE CT, TBPS] STOLEN VEHICLE SUSP NOT IN AREA,Theft of Vehicle,STOLEN VEHICLE
TB24000763,"01/06/2024, 6:53:50 PM","01/08/2024, 2:02:20 PM",THUNDER BAY,ON,P7C 5A6,400 Block MARKS ST N," TBPS] THEFT NOT IN PROGRESS, FROM MOTOR VEHICLE",Theft from Vehicle,THEFT
TB24000772,"01/06/2024, 8:15:19 PM","01/08/2024, 2:02:20 PM",THUNDER BAY,ON,P7E 5M8,900 Block ARTHUR ST E, TBPS] ROBBERY NO WEAPONS - SUSP STILL IN AREA,Robbery,ROBBERY
TB24000777,"01/06/2024, 9:16:12 PM","01/08/2024, 2:02:20 PM",THUNDER BAY,ON,P7E 5S2,1100 Block ARTHUR ST W, TBPS] ASSAULT SUSP PRESENT OR IN AREA,Assault,ASSAULT
TB24000782,"01/06/2024, 9:45:04 PM","01/08/2024, 2:02:20 PM",THUNDER BAY,ON,P7E 5P7,200 Block ARTHUR ST W, TBPS] ASSAULT SUSP PRESENT OR IN AREA,Assault,ASSAULT
TB24000804,"01/07/2024, 1:39:53 AM","01/08/2024, 2:02:20 PM",THUNDER BAY,ON,P7B 2T2,1 Block CUMBERLAND ST S, TBPS] ROBBERY NO WEAPONS - SUSP STILL IN AREA,Robbery,ROBBERY
TB24000685,"01/06/2024, 12:43:08 AM","01/08/2024, 2:02:21 PM",THUNDER BAY,ON,P7B 3Z7,700 Block MEMORIAL AV," TBPS] THEFT NOT IN PROGRESS, FROM MOTOR VEHICLE",Theft from Vehicle,THEFT
TB24000696,"01/06/2024, 2:22:35 AM","01/08/2024, 2:02:21 PM",THUNDER BAY,ON,P7E,ARTHUR ST E AND EDWARD ST S, TBPS] MOTOR VEHICLE COLLISION MVC NO INJURIES,Traffic,MOTOR VEHICLE COLLISION
TB24000697,"01/06/2024, 2:24:28 AM","01/08/2024, 2:02:21 PM",THUNDER BAY,ON,P7B 5R8,100 Block CUMBERLAND ST S, TBPS] LIQUOR LICENCE ACT LIQUOR LICENCE ACT VIOLATION IN PROGRESS,Quality of Life,LIQUOR LICENCE ACT
TB24000713,"01/06/2024, 5:49:19 AM","01/08/2024, 2:02:21 PM",THUNDER BAY,ON,P7A 5P2,300 Block BALSAM ST, TBPS] ASSAULT SUSP PRESENT OR IN AREA,Assault,ASSAULT
TB24000714,"01/06/2024, 5:51:00 AM","01/08/2024, 2:02:21 PM",THUNDER BAY,ON,P7C 3R2,300 Block MAY ST N, TBPS] ROBBERY NO WEAPONS - SUSP STILL IN AREA,Robbery,ROBBERY
TB24000729,"01/06/2024, 9:48:02 AM","01/08/2024, 2:02:21 PM",THUNDER BAY,ON,P7B 1A6,200 Block RED RIVER RD, TBPS] ASSAULT ACCUSED NOT PRESENT,Assault,ASSAULT
TB24000737,"01/06/2024, 11:34:45 AM","01/08/2024, 2:02:21 PM",THUNDER BAY,ON,P7E 2M6,1400 Block BROWN ST, TBPS] ASSAULT ACCUSED NOT PRESENT,Assault,ASSAULT
TB24000764,"01/06/2024, 6:58:56 PM","01/08/2024, 2:02:21 PM",THUNDER BAY,ON,P7E 4K2,400 Block MARY ST E," TBPS] THEFT NOT IN PROGRESS, UNDER 5000",Other Theft,THEFT
TB24000667,"01/05/2024, 10:08:56 PM","01/08/2024, 2:02:22 PM",THUNDER BAY,ON,P7B 4E6,300 Block RAY BLVD, TBPS] STOLEN VEHICLE SUSP NOT IN AREA,Theft of Vehicle,STOLEN VEHICLE
TB24001031,"01/09/2024, 12:39:15 AM","01/09/2024, 2:02:32 PM",THUNDER BAY,ON,P7C 4P7,400 Block EDWARD ST N, TBPS] THEFT SUSP STILL PRESENT OR MAY BE IN AREA,Other Theft,THEFT
TB24001033,"01/09/2024, 1:14:34 AM","01/09/2024, 2:02:32 PM",THUNDER BAY,ON,P7B 2R5,900 Block CARRICK ST, TBPS] THEFT SUSP STILL PRESENT OR MAY BE IN AREA,Other Theft,THEFT
TB24001056,"01/09/2024, 4:41:53 AM","01/09/2024, 2:02:32 PM",THUNDER BAY,ON,P7E 5R8,ARTHUR ST W AND MOUNTDALE AV, TBPS] ASSAULT SUSP PRESENT OR IN AREA,Assault,ASSAULT
TB24001057,"01/09/2024, 4:42:26 AM","01/09/2024, 2:02:32 PM",THUNDER BAY,ON,P7E 5R8,600 Block ARTHUR ST W, TBPS] ASSAULT SUSP PRESENT OR IN AREA,Assault,ASSAULT
TB24001062,"01/09/2024, 5:03:12 AM","01/09/2024, 2:02:32 PM",THUNDER BAY,ON,P7B,MEMORIAL AV AND DUNLOP ST, TBPS] MOTOR VEHICLE COLLISION MVC NO INJURIES,Traffic,MOTOR VEHICLE COLLISION
TB24001076,"01/09/2024, 7:29:02 AM","01/09/2024, 2:02:32 PM",THUNDER BAY,ON,P7B 1K2,800 Block RED RIVER RD, TBPS] LIQUOR LICENCE ACT LIQUOR LICENCE ACT VIOLATION IN PROGRESS,Quality of Life,LIQUOR LICENCE ACT
TB24000949,"01/08/2024, 3:07:11 PM","01/09/2024, 2:02:33 PM",THUNDER BAY,ON,P7B 3Z5,700 Block MEMORIAL AV, TBPS] MOTOR VEHICLE COLLISION 11-10 MVC ANY TYPE,Other,MOTOR VEHICLE COLLISION
TB24000955,"01/08/2024, 3:37:44 PM","01/09/2024, 2:02:33 PM",THUNDER BAY,ON,P7B 6B9,ISABEL ST AND FORT WILLIAM RD, TBPS] MOTOR VEHICLE COLLISION 11-10 MVC ANY TYPE,Other,MOTOR VEHICLE COLLISION
TB24000961,"01/08/2024, 4:28:28 PM","01/09/2024, 2:02:33 PM",THUNDER BAY,ON,P7B 3Y6,400 Block MEMORIAL AV, TBPS] MOTOR VEHICLE COLLISION 11-10 MVC ANY TYPE,Other,MOTOR VEHICLE COLLISION
TB24000965,"01/08/2024, 4:39:55 PM","01/09/2024, 2:02:33 PM",THUNDER BAY,ON,P7B 5L6,300 Block MAIN ST, TBPS] MOTOR VEHICLE COLLISION 11-10 MVC ANY TYPE,Other,MOTOR VEHICLE COLLISION
TB24000972,"01/08/2024, 5:12:05 PM","01/09/2024, 2:02:33 PM",THUNDER BAY,ON,P7A 6H1,1 Block JUNOT AV N, TBPS] ASSAULT ACCUSED NOT PRESENT,Assault,ASSAULT
TB24000975,"01/08/2024, 5:16:40 PM","01/09/2024, 2:02:33 PM",THUNDER BAY,ON,P7C 3T7,500 Block BRODIE ST N," TBPS] THEFT IN PROGRESS, OVER 50000",Other Theft,THEFT
TB24000980,"01/08/2024, 5:46:03 PM","01/09/2024, 2:02:33 PM",THUNDER BAY,ON,P7B 5M4,BALMORAL ST AND WILLIAM ST, TBPS] MOTOR VEHICLE COLLISION 11-10 MVC ANY TYPE,Other,MOTOR VEHICLE COLLISION
TB24000988,"01/08/2024, 6:31:01 PM","01/09/2024, 2:02:33 PM",THUNDER BAY,ON,P7E 3V4,100 Block FREDERICA ST E, TBPS] THEFT SUSP STILL PRESENT OR MAY BE IN AREA,Other Theft,THEFT
TB24000999,"01/08/2024, 8:17:01 PM","01/09/2024, 2:02:33 PM",THUNDER BAY,ON,P7K 1J4,2000 Block DEREK BURNEY DR, TBPS] MOTOR VEHICLE COLLISION 11-10 MVC ANY TYPE,Other,MOTOR VEHICLE COLLISION
TB24001001,"01/08/2024, 8:21:48 PM","01/09/2024, 2:02:33 PM",THUNDER BAY,ON,P7B 6V4,900 Block OLIVER RD, TBPS] MOTOR VEHICLE COLLISION 11-10 MVC ANY TYPE,Other,MOTOR VEHICLE COLLISION
TB24001003,"01/08/2024, 8:45:48 PM","01/09/2024, 2:02:33 PM",THUNDER BAY,ON,P7B 6B9,FORT WILLIAM RD AND ISABEL ST, TBPS] MOTOR VEHICLE COLLISION 11-10 MVC ANY TYPE,Other,MOTOR VEHICLE COLLISION
TB24001008,"01/08/2024, 9:10:53 PM","01/09/2024, 2:02:33 PM",THUNDER BAY,ON,P7B 1E3,200 Block PEARL ST, TBPS] THEFT SUSP STILL PRESENT OR MAY BE IN AREA,Other Theft,THEFT
TB24001016,"01/08/2024, 10:01:32 PM","01/09/2024, 2:02:33 PM",THUNDER BAY,ON,P7E 1L3,600 Block CATHERINE ST," TBPS] THEFT NOT IN PROGRESS, UNDER 5000",Other Theft,THEFT
TB24000940,"01/08/2024, 11:27:49 AM","01/09/2024, 2:02:34 PM",THUNDER BAY,ON,P7B 6P4,500 Block HARBOUR EXPRESSWAY, TBPS] TROUBLE WITH YOUTH YOUTHS STILL IN AREA,Quality of Life,TROUBLE WITH YOUTH
TB24000943,"01/08/2024, 1:44:04 PM","01/09/2024, 2:02:34 PM",THUNDER BAY,ON,P7C 4C9,400 Block HAROLD ST N, TBPS] STOLEN VEHICLE SUSP PRESENT OR MAY STILL BE IN AREA,Theft of Vehicle,STOLEN VEHICLE
TB24000947,"01/08/2024, 2:53:55 PM","01/09/2024, 2:02:34 PM",THUNDER BAY,ON,P7B 6S2,700 Block MEMORIAL AV, TBPS] MOTOR VEHICLE COLLISION 11-10 MVC ANY TYPE,Other,MOTOR VEHICLE COLLISION
TB24000948,"01/08/2024, 2:59:00 PM","01/09/2024, 2:02:34 PM",THUNDER BAY,ON,P7E 5P7,100 Block ARTHUR ST W, TBPS] MOTOR VEHICLE COLLISION 11-10 MVC ANY TYPE,Other,MOTOR VEHICLE COLLISION
TB24000951,"01/08/2024, 3:17:25 PM","01/09/2024, 2:02:34 PM",THUNDER BAY,ON,P7E 2H4,700 Block EDWARD ST S, TBPS] MOTOR VEHICLE COLLISION 11-10 MVC ANY TYPE,Other,MOTOR VEHICLE COLLISION
TB24000952,"01/08/2024, 3:28:22 PM","01/09/2024, 2:02:34 PM",THUNDER BAY,ON,P7B 5L4,1 Block CUMBERLAND ST S, TBPS] MOTOR VEHICLE COLLISION 11-10 MVC ANY TYPE,Other,MOTOR VEHICLE COLLISION
TB24000966,"01/08/2024, 4:44:54 PM","01/09/2024, 2:02:34 PM",THUNDER BAY,ON,P7G 1K1,KEMBEL RD AND BELROSE RD, TBPS] MOTOR VEHICLE COLLISION 11-10 MVC ANY TYPE,Other,MOTOR VEHICLE COLLISION
TB24000969,"01/08/2024, 4:49:49 PM","01/09/2024, 2:02:34 PM",THUNDER BAY,ON,P7E 1E3,300 Block SYNDICATE AV S, TBPS] MOTOR VEHICLE COLLISION 11-10 MVC ANY TYPE,Other,MOTOR VEHICLE COLLISION
TB24000970,"01/08/2024, 4:54:55 PM","01/09/2024, 2:02:34 PM",THUNDER BAY,ON,P7B 6L5,200 Block MASTERS ST, TBPS] MOTOR VEHICLE COLLISION 11-10 MVC ANY TYPE,Other,MOTOR VEHICLE COLLISION
TB24000976,"01/08/2024, 5:22:15 PM","01/09/2024, 2:02:34 PM",THUNDER BAY,ON,P7C 5G4,600 Block MOHAWK CR, TBPS] MOTOR VEHICLE COLLISION MVC NO INJURIES,Traffic,MOTOR VEHICLE COLLISION
TB24001002,"01/08/2024, 8:36:53 PM","01/09/2024, 2:02:34 PM",THUNDER BAY,ON,P7G 2J1,200 Block FISHER RD, TBPS] MOTOR VEHICLE COLLISION 11-10 MVC ANY TYPE,Other,MOTOR VEHICLE COLLISION
TB24001073,"01/09/2024, 6:55:39 AM","01/11/2024, 2:02:42 PM",THUNDER BAY,ON,P7B 3C2,JOHN ST AND MEMORIAL AV, TBPS] ASSAULT ACCUSED NOT PRESENT,Assault,ASSAULT
TB24001094,"01/09/2024, 2:51:13 PM","01/11/2024, 2:02:46 PM",THUNDER BAY,ON,P7B 1V6,200 Block WINDSOR ST, TBPS] MOTOR VEHICLE COLLISION 11-10 MVC ANY TYPE,Other,MOTOR VEHICLE COLLISION
TB24001095,"01/09/2024, 3:05:45 PM","01/11/2024, 2:02:46 PM",THUNDER BAY,ON,P7B 6S2,700 Block MEMORIAL AV, TBPS] MOTOR VEHICLE COLLISION 11-10 MVC ANY TYPE,Other,MOTOR VEHICLE COLLISION
TB24001097,"01/09/2024, 3:21:12 PM","01/11/2024, 2:02:46 PM",THUNDER BAY,ON,P7B 5E1,900 Block OLIVER RD, TBPS] MOTOR VEHICLE COLLISION 11-10 MVC ANY TYPE,Other,MOTOR VEHICLE COLLISION
TB24001099,"01/09/2024, 3:27:19 PM","01/11/2024, 2:02:47 PM",THUNDER BAY,ON,P7B 2R5,900 Block CARRICK ST, TBPS] THEFT SUSP STILL PRESENT OR MAY BE IN AREA,Other Theft,THEFT
TB24001100,"01/09/2024, 3:28:11 PM","01/11/2024, 2:02:47 PM",THUNDER BAY,ON,P7A 6A9,1 Block CARRIE ST, TBPS] MOTOR VEHICLE COLLISION 11-10 MVC ANY TYPE,Other,MOTOR VEHICLE COLLISION
TB24001101,"01/09/2024, 3:38:12 PM","01/11/2024, 2:02:47 PM",THUNDER BAY,ON,P7A 7Z5,300 Block SOUTHGATE CT, TBPS] MOTOR VEHICLE COLLISION MVC NO INJURIES,Traffic,MOTOR VEHICLE COLLISION
TB24001102,"01/09/2024, 3:44:33 PM","01/11/2024, 2:02:47 PM",THUNDER BAY,ON,P7B 3Z9,900 Block MEMORIAL AV, TBPS] MOTOR VEHICLE COLLISION 11-10 MVC ANY TYPE,Other,MOTOR VEHICLE COLLISION
TB24001103,"01/09/2024, 3:49:54 PM","01/11/2024, 2:02:47 PM",THUNDER BAY,ON,P7A 4W8,200 Block ANGUS ST, TBPS] MOTOR VEHICLE COLLISION 11-10 MVC ANY TYPE,Other,MOTOR VEHICLE COLLISION
TB24001104,"01/09/2024, 3:50:29 PM","01/11/2024, 2:02:48 PM",THUNDER BAY,ON,P7E 5M8,900 Block ARTHUR ST E," TBPS] THEFT IN PROGRESS, OVER 50000",Other Theft,THEFT
TB24001105,"01/09/2024, 3:53:08 PM","01/11/2024, 2:02:48 PM",THUNDER BAY,ON,P7E 1B4,200 Block MAY ST S, TBPS] ASSAULT SUSP PRESENT OR IN AREA,Assault,ASSAULT
TB24001106,"01/09/2024, 3:54:57 PM","01/11/2024, 2:02:48 PM",THUNDER BAY,ON,P7A 4T8,1 Block COURT ST N, TBPS] MOTOR VEHICLE COLLISION 11-10 MVC ANY TYPE,Other,MOTOR VEHICLE COLLISION
TB24001107,"01/09/2024, 4:00:19 PM","01/11/2024, 2:02:48 PM",THUNDER BAY,ON,P7B 5W2,BALMORAL ST AND ACADEMY DR, TBPS] MOTOR VEHICLE COLLISION MVC NO INJURIES,Traffic,MOTOR VEHICLE COLLISION
TB24001050,"01/09/2024, 3:34:15 AM","01/11/2024, 2:02:49 PM",THUNDER BAY,ON,P7B 5E1,900 Block OLIVER RD, TBPS] MOTOR VEHICLE COLLISION MVC NO INJURIES,Traffic,MOTOR VEHICLE COLLISION
TB24001128,"01/09/2024, 7:35:54 PM","01/11/2024, 2:02:50 PM",THUNDER BAY,ON,P7C 4P1,EDWARD ST N AND PARK RW, TBPS] MOTOR VEHICLE COLLISION MVC NO INJURIES,Traffic,MOTOR VEHICLE COLLISION
TB24001129,"01/09/2024, 7:42:44 PM","01/11/2024, 2:02:50 PM",THUNDER BAY,ON,P7A 2K6,200 Block MACDOUGALL ST, TBPS] MOTOR VEHICLE COLLISION 11-10 MVC ANY TYPE,Other,MOTOR VEHICLE COLLISION
TB24001148,"01/09/2024, 9:44:32 PM","01/11/2024, 2:02:51 PM",THUNDER BAY,ON,P7C 2Z2,500 Block MCLEOD ST, TBPS] THEFT SUSP STILL PRESENT OR MAY BE IN AREA,Other Theft,THEFT
TB24001154,"01/09/2024, 10:51:05 PM","01/11/2024, 2:02:51 PM",THUNDER BAY,ON,P7C 4V1,ARTHUR ST W AND HANIAK RD, TBPS] MOTOR VEHICLE COLLISION MVC NO INJURIES,Traffic,MOTOR VEHICLE COLLISION
TB24001164,"01/09/2024, 11:27:05 PM","01/11/2024, 2:02:51 PM",THUNDER BAY,ON,P7C 4E6,100 Block MARKS ST N, TBPS] ASSAULT SUSP PRESENT OR IN AREA,Assault,ASSAULT
TB24001165,"01/09/2024, 11:28:33 PM","01/11/2024, 2:02:51 PM",THUNDER BAY,ON,P7B 3Y7,400 Block MEMORIAL AV, TBPS] MOTOR VEHICLE COLLISION MVC NO INJURIES,Traffic,MOTOR VEHICLE COLLISION
TB24001169,"01/10/2024, 12:03:45 AM","01/11/2024, 2:02:51 PM",THUNDER BAY,ON,P7C,HARBOUR EXPRESSWAY AND GOLF LINKS RD, TBPS] MOTOR VEHICLE COLLISION MVC NO INJURIES,Traffic,MOTOR VEHICLE COLLISION
TB24001173,"01/10/2024, 1:10:23 AM","01/11/2024, 2:02:52 PM",THUNDER BAY,ON,P7B,HARBOUR EXPRESSWAY AND BALMORAL ST, TBPS] MOTOR VEHICLE COLLISION MVC NO INJURIES,Traffic,MOTOR VEHICLE COLLISION
TB24001176,"01/10/2024, 1:47:11 AM","01/11/2024, 2:02:52 PM",THUNDER BAY,ON,P7E 5R5,500 Block ARTHUR ST W, TBPS] ASSAULT SUSP PRESENT OR IN AREA,Assault,ASSAULT
TB24001177,"01/10/2024, 1:57:42 AM","01/11/2024, 2:02:52 PM",THUNDER BAY,ON,P7E 1G9,400 Block ARCHIBALD ST S, TBPS] B-E BUS/RES/OTH SUSP PRESENT OR MAY STILL BE IN AREA,Breaking & Entering,B-E BUS/RES/OTH
TB24001185,"01/10/2024, 4:03:26 AM","01/11/2024, 2:02:52 PM",THUNDER BAY,ON,P7B 1N5,300 Block DUFFERIN ST, TBPS] ASSAULT SUSP PRESENT OR IN AREA,Assault,ASSAULT
TB24001193,"01/10/2024, 5:00:15 AM","01/11/2024, 2:02:52 PM",THUNDER BAY,ON,P7B 5J4,1000 Block DAWSON RD, TBPS] LIQUOR LICENCE ACT LIQUOR LICENCE ACT VIOLATION IN PROGRESS,Quality of Life,LIQUOR LICENCE ACT
TB24001308,"01/10/2024, 9:13:39 PM","01/12/2024, 2:02:59 PM",THUNDER BAY,ON,P7A 3B4,200 Block MCINTYRE ST, TBPS] ASSAULT SUSP PRESENT OR IN AREA,Assault,ASSAULT
TB24001329,"01/10/2024, 11:30:07 PM","01/12/2024, 2:03:04 PM",THUNDER BAY,ON,P7B 3C2,JOHN ST AND ALGOMA ST S, TBPS] MOTOR VEHICLE COLLISION VEHICLE LEAKING FLUIDS - DUAL RESP,Traffic,MOTOR VEHICLE COLLISION
TB24001338,"01/11/2024, 12:52:03 AM","01/12/2024, 2:03:06 PM",THUNDER BAY,ON,P7E 5R6,600 Block ARTHUR ST W, TBPS] LIQUOR LICENCE ACT LIQUOR LICENCE ACT VIOLATION IN PROGRESS,Quality of Life,LIQUOR LICENCE ACT
TB24001347,"01/11/2024, 1:59:35 AM","01/12/2024, 2:03:07 PM",THUNDER BAY,ON,P7B 3Y2,300 Block MEMORIAL AV, TBPS] THEFT SUSP STILL PRESENT OR MAY BE IN AREA,Other Theft,THEFT
TB24001354,"01/11/2024, 3:44:31 AM","01/12/2024, 2:03:07 PM",THUNDER BAY,ON,P7B 3Y2,300 Block MEMORIAL AV, TBPS] LIQUOR LICENCE ACT LIQUOR LICENCE ACT VIOLATION IN PROGRESS,Quality of Life,LIQUOR LICENCE ACT
TB24001358,"01/11/2024, 4:43:23 AM","01/12/2024, 2:03:08 PM",THUNDER BAY,ON,P7E 5R8,600 Block ARTHUR ST W, TBPS] LIQUOR LICENCE ACT LIQUOR LICENCE ACT VIOLATION IN PROGRESS,Quality of Life,LIQUOR LICENCE ACT
TB24001205,"01/10/2024, 9:38:38 AM","01/12/2024, 2:03:13 PM",THUNDER BAY,ON,P7E 3Z5,100 Block AMELIA ST E, TBPS] LIQUOR LICENCE ACT LIQUOR LICENCE ACT VIOLATION IN PROGRESS,Quality of Life,LIQUOR LICENCE ACT
TB24001210,"01/10/2024, 11:39:06 AM","01/12/2024, 2:03:14 PM",THUNDER BAY,ON,P7B 3P3,100 Block SUMMIT AV, TBPS] B-E BUS/RES/OTH SUSP PRESENT OR MAY STILL BE IN AREA,Breaking & Entering,B-E BUS/RES/OTH
TB24001213,"01/10/2024, 12:58:57 PM","01/12/2024, 2:03:14 PM",THUNDER BAY,ON,P7C 5G8,BALMORAL ST AND CAMERON ST, TBPS] MOTOR VEHICLE COLLISION MVC NO INJURIES,Traffic,MOTOR VEHICLE COLLISION
TB24001218,"01/10/2024, 2:32:34 PM","01/12/2024, 2:03:14 PM",THUNDER BAY,ON,P7B 5L6,300 Block MAIN ST, TBPS] MOTOR VEHICLE COLLISION 11-10 MVC ANY TYPE,Other,MOTOR VEHICLE COLLISION
TB24001220,"01/10/2024, 2:46:08 PM","01/12/2024, 2:03:14 PM",THUNDER BAY,ON,P7B 1H8,RED RIVER RD AND HODGE ST, TBPS] MOTOR VEHICLE COLLISION 11-10 MVC ANY TYPE,Other,MOTOR VEHICLE COLLISION
TB24001221,"01/10/2024, 2:50:58 PM","01/12/2024, 2:03:14 PM",THUNDER BAY,ON,P7C 5R6,400 Block RYERSON CR, TBPS] MOTOR VEHICLE COLLISION 11-10 MVC ANY TYPE,Other,MOTOR VEHICLE COLLISION
TB24001223,"01/10/2024, 3:01:31 PM","01/12/2024, 2:03:14 PM",THUNDER BAY,ON,P7A 4G4,600 Block VAN NORMAN ST, TBPS] MOTOR VEHICLE COLLISION 11-10 MVC ANY TYPE,Other,MOTOR VEHICLE COLLISION
TB24001224,"01/10/2024, 3:03:36 PM","01/12/2024, 2:03:14 PM",THUNDER BAY,ON,P7E 3T8,GORE ST W AND STANLEY AV, TBPS] MOTOR VEHICLE COLLISION MVC NO INJURIES,Traffic,MOTOR VEHICLE COLLISION
TB24001231,"01/10/2024, 3:25:55 PM","01/12/2024, 2:03:15 PM",THUNDER BAY,ON,P7B 3N3,FORT WILLIAM RD AND SIXTH AV, TBPS] MOTOR VEHICLE COLLISION 11-10 MVC ANY TYPE,Other,MOTOR VEHICLE COLLISION
TB24001233,"01/10/2024, 3:30:47 PM","01/12/2024, 2:03:15 PM",THUNDER BAY,ON,P7E 6L5,1100 Block ARTHUR ST W, TBPS] MOTOR VEHICLE COLLISION 11-10 MVC ANY TYPE,Other,MOTOR VEHICLE COLLISION
TB24001237,"01/10/2024, 3:48:39 PM","01/12/2024, 2:03:15 PM",THUNDER BAY,ON,P7C 2S1,SIMPSON ST AND PACIFIC AV, TBPS] MOTOR VEHICLE COLLISION 11-10 MVC ANY TYPE,Other,MOTOR VEHICLE COLLISION
TB24001247,"01/10/2024, 4:38:25 PM","01/12/2024, 2:03:16 PM",THUNDER BAY,ON,P7C 3P8,200 Block MAY ST N," TBPS] THEFT NOT IN PROGRESS, UNDER 5000",Other Theft,THEFT
TB24001251,"01/10/2024, 5:00:47 PM","01/12/2024, 2:03:16 PM",THUNDER BAY,ON,P7E 5R8,ARTHUR ST W AND MOUNTDALE AV, TBPS] MOTOR VEHICLE COLLISION 11-10 MVC ANY TYPE,Other,MOTOR VEHICLE COLLISION
TB24001259,"01/10/2024, 5:41:32 PM","01/12/2024, 2:03:16 PM",THUNDER BAY,ON,P7B 5E1,900 Block OLIVER RD, TBPS] MOTOR VEHICLE COLLISION 11-10 MVC ANY TYPE,Other,MOTOR VEHICLE COLLISION
TB24001279,"01/10/2024, 7:15:58 PM","01/12/2024, 2:03:17 PM",THUNDER BAY,ON,P7A 4M2,100 Block CUMBERLAND ST N, TBPS] ASSAULT ACCUSED NOT PRESENT,Assault,ASSAULT
TB24001287,"01/10/2024, 8:13:03 PM","01/12/2024, 2:03:18 PM",THUNDER BAY,ON,P7B 1A5,200 Block RED RIVER RD, TBPS] MOTOR VEHICLE COLLISION 11-10 MVC ANY TYPE,Other,MOTOR VEHICLE COLLISION
TB24001288,"01/10/2024, 8:15:16 PM","01/12/2024, 2:03:18 PM",THUNDER BAY,ON,P7B 1K3,800 Block RED RIVER RD, TBPS] MOTOR VEHICLE COLLISION 11-10 MVC ANY TYPE,Other,MOTOR VEHICLE COLLISION
TB24001293,"01/10/2024, 8:21:30 PM","01/12/2024, 2:03:18 PM",THUNDER BAY,ON,P7B 5E3,1000 Block DAWSON RD, TBPS] MOTOR VEHICLE COLLISION 11-10 MVC ANY TYPE,Other,MOTOR VEHICLE COLLISION
TB24001660,"01/13/2024, 5:18:54 AM","01/13/2024, 2:02:41 PM",THUNDER BAY,ON,P7B 6Z8,600 Block SIBLEY DR, TBPS] MOTOR VEHICLE COLLISION MVC NO INJURIES,Traffic,MOTOR VEHICLE COLLISION
TB24001600,"01/12/2024, 9:49:34 PM","01/13/2024, 2:02:42 PM",THUNDER BAY,ON,P7J 1E8,2300 Block 61 HWY, TBPS] ASSAULT ACCUSED NOT PRESENT,Assault,ASSAULT
TB24001616,"01/13/2024, 12:16:40 AM","01/13/2024, 2:02:42 PM",THUNDER BAY,ON,P7A 2J6,200 Block GIBSON AV, TBPS] ASSAULT ACCUSED NOT PRESENT,Assault,ASSAULT
TB24001624,"01/13/2024, 12:39:37 AM","01/13/2024, 2:02:42 PM",THUNDER BAY,ON,P7E,ARTHUR ST W AND 61 HWY, TBPS] MOTOR VEHICLE COLLISION MVC - AMB ENR - DUAL RESP,Other,MOTOR VEHICLE COLLISION
TB24001628,"01/13/2024, 12:55:27 AM","01/13/2024, 2:02:42 PM",THUNDER BAY,ON,P7B 6L3,200 Block VALLEY ST, TBPS] MOTOR VEHICLE COLLISION MVC NO INJURIES,Traffic,MOTOR VEHICLE COLLISION
TB24001639,"01/13/2024, 2:50:16 AM","01/13/2024, 2:02:42 PM",THUNDER BAY,ON,P7B 3A7,ALGOMA ST N AND RED RIVER RD, TBPS] MOTOR VEHICLE COLLISION MVC NO INJURIES,Traffic,MOTOR VEHICLE COLLISION
TB24001648,"01/13/2024, 3:33:01 AM","01/13/2024, 2:02:42 PM",THUNDER BAY,ON,P7C,GOLF LINKS RD AND HARBOUR EXPRESSWAY, TBPS] MOTOR VEHICLE COLLISION MVC NO INJURIES,Traffic,MOTOR VEHICLE COLLISION
TB24001649,"01/13/2024, 3:39:04 AM","01/13/2024, 2:02:42 PM",THUNDER BAY,ON,P7C 5N4,400 Block BALMORAL ST, TBPS] LIQUOR LICENCE ACT LIQUOR LICENCE ACT VIOLATION IN PROGRESS,Quality of Life,LIQUOR LICENCE ACT
TB24001652,"01/13/2024, 3:59:22 AM","01/13/2024, 2:02:42 PM",THUNDER BAY,ON,P7B 6B9,1000 Block FORT WILLIAM RD, TBPS] LIQUOR LICENCE ACT LIQUOR LICENCE ACT VIOLATION IN PROGRESS,Quality of Life,LIQUOR LICENCE ACT
TB24001526,"01/12/2024, 1:59:49 PM","01/13/2024, 2:02:43 PM",THUNDER BAY,ON,P7B 5Z5,1200 Block BALMORAL ST, TBPS] STOLEN VEHICLE SUSP NOT IN AREA,Theft of Vehicle,STOLEN VEHICLE
TB24001534,"01/12/2024, 3:03:27 PM","01/13/2024, 2:02:43 PM",THUNDER BAY,ON,P7B 5J2,100 Block ACADEMY DR, TBPS] MOTOR VEHICLE COLLISION 11-10 MVC ANY TYPE,Other,MOTOR VEHICLE COLLISION
TB24001544,"01/12/2024, 3:47:16 PM","01/13/2024, 2:02:43 PM",THUNDER BAY,ON,P7A 4K8,RED RIVER RD AND NORTH WATER ST, TBPS] MOTOR VEHICLE COLLISION 11-10 MVC ANY TYPE,Other,MOTOR VEHICLE COLLISION
TB24001564,"01/12/2024, 5:16:55 PM","01/13/2024, 2:02:43 PM",THUNDER BAY,ON,P7A 4N3,200 Block CUMBERLAND ST N, TBPS] ASSAULT SUSP PRESENT OR IN AREA,Assault,ASSAULT
TB24001574,"01/12/2024, 6:33:07 PM","01/13/2024, 2:02:43 PM",THUNDER BAY,ON,P7B 4A3,1000 Block MEMORIAL AV, TBPS] ASSAULT SUSP PRESENT OR IN AREA,Assault,ASSAULT
TB24001576,"01/12/2024, 6:47:55 PM","01/13/2024, 2:02:43 PM",THUNDER BAY,ON,P7B 5Z5,1200 Block BALMORAL ST," TBPS] SEXUAL ASSAULT JUST OCCURRED, ACCUSED NOT PRESENT",Other,SEXUAL ASSAULT
TB24001581,"01/12/2024, 7:36:04 PM","01/13/2024, 2:02:43 PM",THUNDER BAY,ON,P7C 5N4,400 Block BALMORAL ST, TBPS] LIQUOR LICENCE ACT LIQUOR LICENCE ACT VIOLATION IN PROGRESS,Quality of Life,LIQUOR LICENCE ACT
TB24001583,"01/12/2024, 7:56:27 PM","01/13/2024, 2:02:43 PM",THUNDER BAY,ON,P7B 2R5,900 Block CARRICK ST, TBPS] THEFT SUSP STILL PRESENT OR MAY BE IN AREA,Other Theft,THEFT
TB24001584,"01/12/2024, 7:56:51 PM","01/13/2024, 2:02:43 PM",THUNDER BAY,ON,P7B 3A6,900 Block FORT WILLIAM RD, TBPS] INDECENT ACTS SUSP PRESENT OR MAY STILL BE IN AREA,Sexual Offense,INDECENT ACTS
TB24001498,"01/12/2024, 4:48:47 AM","01/13/2024, 2:02:44 PM",THUNDER BAY,ON,P7B 2R5,900 Block CARRICK ST," TBPS] THEFT IN PROGRESS, OVER 50000",Other Theft,THEFT
TB24001499,"01/12/2024, 5:05:52 AM","01/13/2024, 2:02:44 PM",THUNDER BAY,ON,P7A 5R3,1 Block HIGH ST N, TBPS] STOLEN VEHICLE SUSP NOT IN AREA,Theft of Vehicle,STOLEN VEHICLE
TB24001500,"01/12/2024, 5:07:37 AM","01/13/2024, 2:02:44 PM",THUNDER BAY,ON,P7A 4P6,300 Block CUMBERLAND ST N, TBPS] MOTOR VEHICLE COLLISION MVC NO INJURIES,Traffic,MOTOR VEHICLE COLLISION
TB24001502,"01/12/2024, 5:51:24 AM","01/13/2024, 2:02:44 PM",THUNDER BAY,ON,P7A 1X6,300 Block LESLIE AV, TBPS] ASSAULT ACCUSED NOT PRESENT,Assault,ASSAULT
TB24001506,"01/12/2024, 6:29:10 AM","01/13/2024, 2:02:44 PM",THUNDER BAY,ON,P7G 1S5,OLIVER RD AND TWIN CITY CROSSROAD, TBPS] MOTOR VEHICLE COLLISION MVC NO INJURIES,Traffic,MOTOR VEHICLE COLLISION
TB24001519,"01/12/2024, 10:48:42 AM","01/13/2024, 2:02:44 PM",THUNDER BAY,ON,P7B 5J4,1000 Block DAWSON RD, TBPS] ASSAULT SUSP PRESENT OR IN AREA,Assault,ASSAULT
TB24001520,"01/12/2024, 10:58:04 AM","01/13/2024, 2:02:44 PM",THUNDER BAY,ON,P7A 1V5,500 Block HODDER AV, TBPS] B-E BUS/RES/OTH SUSP PRESENT OR MAY STILL BE IN AREA,Breaking & Entering,B-E BUS/RES/OTH
TB24001524,"01/12/2024, 1:39:03 PM","01/13/2024, 2:02:44 PM",THUNDER BAY,ON,P7B 5L4,1 Block CUMBERLAND ST S, TBPS] MOTOR VEHICLE COLLISION 11-10 MVC ANY TYPE,Other,MOTOR VEHICLE COLLISION
TB24001525,"01/12/2024, 1:51:10 PM","01/13/2024, 2:02:44 PM",THUNDER BAY,ON,P7C 4Y7,300 Block LILLIE ST N, TBPS] MOTOR VEHICLE COLLISION 11-10 MVC ANY TYPE,Other,MOTOR VEHICLE COLLISION
TB24001536,"01/12/2024, 3:14:43 PM","01/13/2024, 2:02:44 PM",THUNDER BAY,ON,P7B 5E3,1000 Block DAWSON RD, TBPS] MOTOR VEHICLE COLLISION 11-10 MVC ANY TYPE,Other,MOTOR VEHICLE COLLISION
TB24001539,"01/12/2024, 3:32:33 PM","01/13/2024, 2:02:44 PM",THUNDER BAY,ON,P7B 6H2,TUNGSTEN ST AND LITHIUM DR, TBPS] MOTOR VEHICLE COLLISION 11-10 MVC ANY TYPE,Other,MOTOR VEHICLE COLLISION
TB24001439,"01/11/2024, 8:48:10 PM","01/13/2024, 2:02:45 PM",THUNDER BAY,ON,P7E 3A7,1600 Block MOUNTDALE AV, TBPS] MOTOR VEHICLE COLLISION 11-10 MVC ANY TYPE,Other,MOTOR VEHICLE COLLISION
TB24001447,"01/11/2024, 9:43:00 PM","01/13/2024, 2:02:45 PM",THUNDER BAY,ON,P7B 2Y7,JOHN ST AND MACHAR AV, TBPS] MOTOR VEHICLE COLLISION MVC NO INJURIES,Traffic,MOTOR VEHICLE COLLISION
TB24001465,"01/11/2024, 11:17:58 PM","01/13/2024, 2:02:45 PM",THUNDER BAY,ON,P7E 2V3,500 Block ARTHUR ST W, TBPS] ASSAULT SUSP PRESENT OR IN AREA,Assault,ASSAULT
TB24001473,"01/12/2024, 12:25:15 AM","01/13/2024, 2:02:45 PM",THUNDER BAY,ON,P7B 1A6,200 Block RED RIVER RD, TBPS] ASSAULT ACCUSED NOT PRESENT,Assault,ASSAULT
TB24001479,"01/12/2024, 1:05:58 AM","01/13/2024, 2:02:45 PM",THUNDER BAY,ON,P7B 2G1,OLIVER RD AND HIGH ST S, TBPS] MOTOR VEHICLE COLLISION MVC NO INJURIES,Traffic,MOTOR VEHICLE COLLISION
TB24001505,"01/12/2024, 6:29:21 AM","01/13/2024, 2:02:45 PM",THUNDER BAY,ON,P7J,CHIPPEWA RD AND 61 HWY, TBPS] MOTOR VEHICLE COLLISION MVC NO INJURIES,Traffic,MOTOR VEHICLE COLLISION
TB24001386,"01/11/2024, 2:57:22 PM","01/13/2024, 2:02:46 PM",THUNDER BAY,ON,J4Y 0K7,500 Block ARTHUR ST W, TBPS] MOTOR VEHICLE COLLISION 11-10 MVC ANY TYPE,Other,MOTOR VEHICLE COLLISION
TB24001390,"01/11/2024, 3:14:01 PM","01/13/2024, 2:02:46 PM",THUNDER BAY,ON,P7C 1C2,VICTORIA AV E AND NORAH ST N, TBPS] MOTOR VEHICLE COLLISION 11-10 MVC ANY TYPE,Other,MOTOR VEHICLE COLLISION
TB24001394,"01/11/2024, 3:28:54 PM","01/13/2024, 2:02:46 PM",THUNDER BAY,ON,P7E 1B4,200 Block MAY ST S," TBPS] MISCHIEF 11-10, MICHIEF UNDER 5000",Other Property Crime,MISCHIEF
TB24001397,"01/11/2024, 3:34:40 PM","01/13/2024, 2:02:46 PM",THUNDER BAY,ON,P7J 1E8,2400 Block 61 HWY, TBPS] ASSAULT ACCUSED NOT PRESENT,Assault,ASSAULT
TB24001414,"01/11/2024, 5:16:05 PM","01/13/2024, 2:02:46 PM",THUNDER BAY,ON,P7C 5B8,500 Block ACADIA CT, TBPS] MOTOR VEHICLE COLLISION 11-10 MVC ANY TYPE,Other,MOTOR VEHICLE COLLISION
TB24001423,"01/11/2024, 5:59:23 PM","01/13/2024, 2:02:46 PM",THUNDER BAY,ON,P7E,ARTHUR ST E AND KINGSWAY, TBPS] MOTOR VEHICLE COLLISION 11-10 MVC ANY TYPE,Other,MOTOR VEHICLE COLLISION
TB24001378,"01/11/2024, 11:01:50 AM","01/13/2024, 2:02:47 PM",THUNDER BAY,ON,P7A 4L2,1 Block CUMBERLAND ST N, TBPS] DRUG OFFENCES SUSP PRESENT OR MAY STILL BE IN AREA,Quality of Life,DRUG OFFENCES
TB24001383,"01/11/2024, 1:46:05 PM","01/13/2024, 2:02:47 PM",THUNDER BAY,ON,P7B 1A7,200 Block RED RIVER RD, TBPS] MOTOR VEHICLE COLLISION 11-10 MVC ANY TYPE,Other,MOTOR VEHICLE COLLISION
TB24001389,"01/11/2024, 3:03:40 PM","01/13/2024, 2:02:47 PM",THUNDER BAY,ON,P7E 6E7,1200 Block ARTHUR ST E, TBPS] MOTOR VEHICLE COLLISION MVC - AMB ENR - DUAL RESP,Other,MOTOR VEHICLE COLLISION
TB24001793,"01/13/2024, 11:40:23 PM","01/14/2024, 2:02:45 PM",THUNDER BAY,ON,P7C 1A1,100 Block SIMPSON ST, TBPS] ASSAULT ACCUSED NOT PRESENT,Assault,ASSAULT
TB24001801,"01/14/2024, 1:09:28 AM","01/14/2024, 2:02:45 PM",THUNDER BAY,ON,P7B 7A4,GOLF LINKS RD AND OLIVER RD, TBPS] MOTOR VEHICLE COLLISION MVC - AMB ENR - DUAL RESP,Other,MOTOR VEHICLE COLLISION
TB24001811,"01/14/2024, 3:03:32 AM","01/14/2024, 2:02:45 PM",THUNDER BAY,ON,P7B 5E1,900 Block OLIVER RD, TBPS] ROBBERY NO WEAPONS - SUSP STILL IN AREA,Robbery,ROBBERY
TB24001689,"01/13/2024, 9:36:57 AM","01/14/2024, 2:02:46 PM",THUNDER BAY,ON,P7B 5Z5,1200 Block BALMORAL ST, TBPS] ASSAULT SUSP PRESENT OR IN AREA,Assault,ASSAULT
TB24001728,"01/13/2024, 6:21:15 PM","01/14/2024, 2:02:46 PM",THUNDER BAY,ON,P7C 5P5,400 Block RYERSON CR," TBPS] THEFT NOT IN PROGRESS, FROM MOTOR VEHICLE",Theft from Vehicle,THEFT
TB24001744,"01/13/2024, 7:38:28 PM","01/14/2024, 2:02:46 PM",THUNDER BAY,ON,P7E 3W2,200 Block FREDERICA ST W, TBPS] ASSAULT ACCUSED NOT PRESENT,Assault,ASSAULT
TB24001611,"01/12/2024, 11:10:06 PM","01/14/2024, 2:02:47 PM",THUNDER BAY,ON,P7B 5Z1,700 Block HEWITSON ST, TBPS] ASSAULT ACCUSED NOT PRESENT,Assault,ASSAULT
TB24001691,"01/13/2024, 9:48:47 AM","01/14/2024, 2:02:47 PM",THUNDER BAY,ON,P7B 3B9,200 Block ALGOMA ST S, TBPS] LIQUOR LICENCE ACT LIQUOR LICENCE ACT VIOLATION IN PROGRESS,Quality of Life,LIQUOR LICENCE ACT
TB24001695,"01/13/2024, 10:53:08 AM","01/14/2024, 2:02:47 PM",THUNDER BAY,ON,P7C 3H6,200 Block SIMPSON ST, TBPS] ASSAULT SUSP PRESENT OR IN AREA,Assault,ASSAULT
TB24001702,"01/13/2024, 12:19:16 PM","01/14/2024, 2:02:47 PM",THUNDER BAY,ON,P7C 3R9,700 Block MAY ST N, TBPS] LIQUOR LICENCE ACT LIQUOR LICENCE ACT VIOLATION IN PROGRESS,Quality of Life,LIQUOR LICENCE ACT
TB24001705,"01/13/2024, 1:57:27 PM","01/14/2024, 2:02:47 PM",THUNDER BAY,ON,P7E 1X1,300 Block HARVARD ST, TBPS] ASSAULT SUSP PRESENT OR IN AREA,Assault,ASSAULT
TB24001936,"01/14/2024, 10:53:15 PM","01/15/2024, 2:03:08 PM",THUNDER BAY,ON,P7C 4R1,500 Block EDWARD ST N, TBPS] THEFT SUSP STILL PRESENT OR MAY BE IN AREA,Other Theft,THEFT
TB24001945,"01/15/2024, 12:03:03 AM","01/15/2024, 2:03:08 PM",THUNDER BAY,ON,P7E 6L5,1100 Block ARTHUR ST W, TBPS] LIQUOR LICENCE ACT LIQUOR LICENCE ACT VIOLATION IN PROGRESS,Quality of Life,LIQUOR LICENCE ACT
TB24001946,"01/15/2024, 12:18:42 AM","01/15/2024, 2:03:08 PM",THUNDER BAY,ON,P7C 3R7,500 Block MAY ST N, TBPS] MOTOR VEHICLE COLLISION MVC NO INJURIES,Traffic,MOTOR VEHICLE COLLISION
TB24001952,"01/15/2024, 12:53:29 AM","01/15/2024, 2:03:08 PM",THUNDER BAY,ON,P7B 3Y7,400 Block MEMORIAL AV, TBPS] LIQUOR LICENCE ACT LIQUOR LICENCE ACT VIOLATION IN PROGRESS,Quality of Life,LIQUOR LICENCE ACT
TB24001958,"01/15/2024, 1:36:53 AM","01/15/2024, 2:03:08 PM",THUNDER BAY,ON,P7C 1A7,500 Block VICTORIA AV E, TBPS] ASSAULT SUSP PRESENT OR IN AREA,Assault,ASSAULT
TB24001966,"01/15/2024, 3:44:55 AM","01/15/2024, 2:03:08 PM",THUNDER BAY,ON,P7E 5Y8,400 Block GEORGE ST, TBPS] THEFT SUSP STILL PRESENT OR MAY BE IN AREA,Other Theft,THEFT
TB24001975,"01/15/2024, 4:15:16 AM","01/15/2024, 2:03:08 PM",THUNDER BAY,ON,P7A 4T8,1 Block COURT ST N, TBPS] SHOPLIFT IN CUSTODY - NO PROBLEMS,Theft,SHOPLIFT
TB24001995,"01/15/2024, 6:51:29 AM","01/15/2024, 2:03:08 PM",THUNDER BAY,ON,P7B 2K3,400 Block QUEEN ST, TBPS] B-E BUS/RES/OTH 11-10,Breaking & Entering,B-E BUS/RES/OTH
TB24001999,"01/15/2024, 7:51:16 AM","01/15/2024, 2:03:08 PM",THUNDER BAY,ON,P7B 3A6,900 Block FORT WILLIAM RD, TBPS] LIQUOR LICENCE ACT LIQUOR LICENCE ACT VIOLATION IN PROGRESS,Quality of Life,LIQUOR LICENCE ACT
TB24001858,"01/14/2024, 12:07:54 PM","01/15/2024, 2:03:09 PM",THUNDER BAY,ON,P7B 6V4,900 Block OLIVER RD, TBPS] ASSAULT ACCUSED NOT PRESENT,Assault,ASSAULT
TB24001865,"01/14/2024, 2:32:32 PM","01/15/2024, 2:03:09 PM",THUNDER BAY,ON,P7B 6Z8,600 Block SIBLEY DR," TBPS] THEFT NOT IN PROGRESS, UNDER 5000",Other Theft,THEFT
TB24001870,"01/14/2024, 2:59:11 PM","01/15/2024, 2:03:09 PM",THUNDER BAY,ON,P7C 0A3,100 Block BRODIE ST N, TBPS] ASSAULT SUSP PRESENT OR IN AREA,Assault,ASSAULT
TB24001873,"01/14/2024, 3:49:08 PM","01/15/2024, 2:03:09 PM",THUNDER BAY,ON,P7E 1J3,900 Block DONALD ST E, TBPS] MOTOR VEHICLE COLLISION MVC NO INJURIES,Traffic,MOTOR VEHICLE COLLISION
TB24001839,"01/14/2024, 8:52:54 AM","01/15/2024, 2:03:10 PM",THUNDER BAY,ON,P7C 4S8,1 Block LIMBRICK ST, TBPS] B-E BUS/RES/OTH SUSP PRESENT OR MAY STILL BE IN AREA,Breaking & Entering,B-E BUS/RES/OTH
TB24001840,"01/14/2024, 9:12:48 AM","01/15/2024, 2:03:10 PM",THUNDER BAY,ON,P7B 4Y7,100 Block BLUCHER AV, TBPS] ASSAULT SUSP PRESENT OR IN AREA,Assault,ASSAULT
TB24001847,"01/14/2024, 10:23:05 AM","01/15/2024, 2:03:10 PM",THUNDER BAY,ON,P7E 1A9,100 Block MAY ST S, TBPS] ASSAULT SUSP PRESENT OR IN AREA,Assault,ASSAULT
TB24001892,"01/14/2024, 5:46:29 PM","01/15/2024, 2:03:10 PM",THUNDER BAY,ON,P7A 5Z9,100 Block DOROTHY ST," TBPS] MISCHIEF 11-10, MICHIEF UNDER 5000",Other Property Crime,MISCHIEF
TB24002032,"01/15/2024, 5:09:57 PM","01/16/2024, 2:03:23 PM",THUNDER BAY,ON,P7A 4S2,500 Block CUMBERLAND ST N, TBPS] ASSAULT SUSP PRESENT OR IN AREA,Assault,ASSAULT
TB24002040,"01/15/2024, 6:01:08 PM","01/16/2024, 2:03:23 PM",THUNDER BAY,ON,P7E 5N3,1300 Block ARTHUR ST E, TBPS] THEFT SUSP STILL PRESENT OR MAY BE IN AREA,Other Theft,THEFT
TB24002054,"01/15/2024, 7:06:03 PM","01/16/2024, 2:03:23 PM",THUNDER BAY,ON,P7B 2R5,900 Block CARRICK ST, TBPS] THEFT SUSP STILL PRESENT OR MAY BE IN AREA,Other Theft,THEFT
TB24002057,"01/15/2024, 7:28:58 PM","01/16/2024, 2:03:23 PM",THUNDER BAY,ON,P7C,MAY ST N AND MILES ST E, TBPS] MOTOR VEHICLE COLLISION 11-10 MVC ANY TYPE,Other,MOTOR VEHICLE COLLISION
TB24002063,"01/15/2024, 8:09:29 PM","01/16/2024, 2:03:23 PM",THUNDER BAY,ON,P7B 5K5,1100 Block MEMORIAL AV, TBPS] MOTOR VEHICLE COLLISION MVC NO INJURIES,Traffic,MOTOR VEHICLE COLLISION
TB24002064,"01/15/2024, 8:14:10 PM","01/16/2024, 2:03:23 PM",THUNDER BAY,ON,P7B 5Z5,1200 Block BALMORAL ST," TBPS] THEFT NOT IN PROGRESS, UNDER 5000",Other Theft,THEFT
TB24002071,"01/15/2024, 9:21:05 PM","01/16/2024, 2:03:23 PM",THUNDER BAY,ON,P7E 3V7,100 Block FREDERICA ST W, TBPS] THEFT SUSP STILL PRESENT OR MAY BE IN AREA,Other Theft,THEFT
TB24002077,"01/15/2024, 10:01:30 PM","01/16/2024, 2:03:23 PM",THUNDER BAY,ON,P7A 3S6,RIVER ST AND PINE ST, TBPS] MOTOR VEHICLE COLLISION MVC NO INJURIES,Traffic,MOTOR VEHICLE COLLISION
TB24002080,"01/15/2024, 10:23:57 PM","01/16/2024, 2:03:23 PM",THUNDER BAY,ON,P7C 5M3,700 Block JAMES ST N, TBPS] MOTOR VEHICLE COLLISION 11-10 MVC ANY TYPE,Other,MOTOR VEHICLE COLLISION
TB24002087,"01/16/2024, 12:56:01 AM","01/16/2024, 2:03:23 PM",THUNDER BAY,ON,P7E 3X6,900 Block FREDERICA ST W," TBPS] THEFT NOT IN PROGRESS, UNDER 5000",Other Theft,THEFT
TB24002106,"01/16/2024, 5:44:57 AM","01/16/2024, 2:03:23 PM",THUNDER BAY,ON,P7A 6B9,1 Block EMPRESS AV N, TBPS] ASSAULT SUSP PRESENT OR IN AREA,Assault,ASSAULT
TB24001986,"01/15/2024, 5:45:45 AM","01/16/2024, 2:03:24 PM",THUNDER BAY,ON,P7E 6P3,1900 Block FREDERICA ST W, TBPS] ASSAULT ACCUSED NOT PRESENT,Assault,ASSAULT
TB24002008,"01/15/2024, 12:20:46 PM","01/16/2024, 2:03:24 PM",THUNDER BAY,ON,P7B 2J1,300 Block MARKLAND ST, TBPS] STOLEN VEHICLE SUSP NOT IN AREA,Theft of Vehicle,STOLEN VEHICLE
TB24002012,"01/15/2024, 2:52:08 PM","01/16/2024, 2:03:24 PM",THUNDER BAY,ON,P7B 6B9,1000 Block FORT WILLIAM RD, TBPS] MOTOR VEHICLE COLLISION 11-10 MVC ANY TYPE,Other,MOTOR VEHICLE COLLISION
TB24002014,"01/15/2024, 3:05:23 PM","01/16/2024, 2:03:24 PM",THUNDER BAY,ON,P7C 3X1,FINLAYSON ST AND SYNDICATE AV N, TBPS] MOTOR VEHICLE COLLISION 11-10 MVC ANY TYPE,Other,MOTOR VEHICLE COLLISION
TB24002018,"01/15/2024, 3:32:17 PM","01/16/2024, 2:03:24 PM",THUNDER BAY,ON,P7B 5Z5,1200 Block BALMORAL ST," TBPS] THEFT NOT IN PROGRESS, UNDER 5000",Other Theft,THEFT
TB24002019,"01/15/2024, 3:39:57 PM","01/16/2024, 2:03:24 PM",THUNDER BAY,ON,P7E 1M3,ARTHUR ST E AND MARKS ST S, TBPS] MOTOR VEHICLE COLLISION 11-10 MVC ANY TYPE,Other,MOTOR VEHICLE COLLISION
TB24002021,"01/15/2024, 3:53:38 PM","01/16/2024, 2:03:24 PM",THUNDER BAY,ON,P7C 4R1,500 Block EDWARD ST N, TBPS] THEFT SUSP STILL PRESENT OR MAY BE IN AREA,Other Theft,THEFT
TB24002025,"01/15/2024, 4:28:16 PM","01/16/2024, 2:03:24 PM",THUNDER BAY,ON,P7B 3C2,JOHN ST AND MEMORIAL AV, TBPS] MOTOR VEHICLE COLLISION 11-10 MVC ANY TYPE,Other,MOTOR VEHICLE COLLISION
TB24002041,"01/15/2024, 6:11:26 PM","01/16/2024, 2:03:24 PM",THUNDER BAY,ON,P7B 6L9,HARBOUR EXPRESSWAY AND CARRICK ST, TBPS] MOTOR VEHICLE COLLISION 11-10 MVC ANY TYPE,Other,MOTOR VEHICLE COLLISION
TB24002042,"01/15/2024, 6:15:19 PM","01/16/2024, 2:03:24 PM",THUNDER BAY,ON,P7B 2K3,400 Block QUEEN ST, TBPS] B-E BUS/RES/OTH 11-10,Breaking & Entering,B-E BUS/RES/OTH
TB24001770,"01/13/2024, 10:22:32 PM","01/16/2024, 2:03:25 PM",THUNDER BAY,ON,P7B 5V1,1000 Block DAWSON RD, TBPS] MOTOR VEHICLE COLLISION 11-10 MVC ANY TYPE,Other,MOTOR VEHICLE COLLISION
TB24002259,"01/17/2024, 4:50:41 AM","01/17/2024, 2:02:51 PM",THUNDER BAY,ON,P7K 1C7,MAPLEWARD RD AND ARTHUR ST W, TBPS] MOTOR VEHICLE COLLISION MVC NO INJURIES,Traffic,MOTOR VEHICLE COLLISION
TB24002169,"01/16/2024, 6:02:07 PM","01/17/2024, 2:02:52 PM",THUNDER BAY,ON,P7E 5S6,SELKIRK ST S AND ARTHUR ST E, TBPS] MOTOR VEHICLE COLLISION MVC NO INJURIES,Traffic,MOTOR VEHICLE COLLISION
TB24002171,"01/16/2024, 6:09:16 PM","01/17/2024, 2:02:52 PM",THUNDER BAY,ON,P7B 7A4,GOLF LINKS RD AND DONALD CADDO DR, TBPS] MOTOR VEHICLE COLLISION MVC - AMB ENR - DUAL RESP,Other,MOTOR VEHICLE COLLISION
TB24002218,"01/16/2024, 11:03:24 PM","01/17/2024, 2:02:52 PM",THUNDER BAY,ON,P7E 1W5,1300 Block SPRAGUE ST, TBPS] MOTOR VEHICLE COLLISION MVC NO INJURIES,Traffic,MOTOR VEHICLE COLLISION
TB24002250,"01/17/2024, 3:37:29 AM","01/17/2024, 2:02:52 PM",THUNDER BAY,ON,P7A 4R1,400 Block CUMBERLAND ST N, TBPS] MOTOR VEHICLE COLLISION MVC NO INJURIES,Traffic,MOTOR VEHICLE COLLISION
TB24002256,"01/17/2024, 4:36:47 AM","01/17/2024, 2:02:52 PM",THUNDER BAY,ON,P7A 4P6,300 Block CUMBERLAND ST N, TBPS] ASSAULT SUSP PRESENT OR IN AREA,Assault,ASSAULT
TB24002257,"01/17/2024, 4:38:34 AM","01/17/2024, 2:02:52 PM",THUNDER BAY,ON,P7A 4P6,300 Block CUMBERLAND ST N, TBPS] ASSAULT SUSP PRESENT OR IN AREA,Assault,ASSAULT
TB24002260,"01/17/2024, 5:04:21 AM","01/17/2024, 2:02:52 PM",THUNDER BAY,ON,P7E 6S2,100 Block PRINCESS ST, TBPS] STOLEN VEHICLE SUSP NOT IN AREA,Theft of Vehicle,STOLEN VEHICLE
TB24002270,"01/17/2024, 6:52:42 AM","01/17/2024, 2:02:52 PM",THUNDER BAY,ON,P7E 5Y8,400 Block GEORGE ST, TBPS] LIQUOR LICENCE ACT LIQUOR LICENCE ACT VIOLATION IN PROGRESS,Quality of Life,LIQUOR LICENCE ACT
TB24002132,"01/16/2024, 3:25:22 PM","01/17/2024, 2:02:53 PM",THUNDER BAY,ON,P7C 4C4,CUMMING ST AND VICKERS ST N, TBPS] MOTOR VEHICLE COLLISION 11-10 MVC ANY TYPE,Other,MOTOR VEHICLE COLLISION
TB24002135,"01/16/2024, 3:31:56 PM","01/17/2024, 2:02:53 PM",THUNDER BAY,ON,P7B 1K3,800 Block RED RIVER RD, TBPS] MOTOR VEHICLE COLLISION 11-10 MVC ANY TYPE,Other,MOTOR VEHICLE COLLISION
TB24002139,"01/16/2024, 3:57:05 PM","01/17/2024, 2:02:53 PM",THUNDER BAY,ON,P7B 5V1,1000 Block DAWSON RD, TBPS] MOTOR VEHICLE COLLISION 11-10 MVC ANY TYPE,Other,MOTOR VEHICLE COLLISION
TB24002148,"01/16/2024, 4:34:22 PM","01/17/2024, 2:02:53 PM",THUNDER BAY,ON,P7K 1K2,1200 Block HAWKER RD, TBPS] MOTOR VEHICLE COLLISION 11-10 MVC ANY TYPE,Other,MOTOR VEHICLE COLLISION
TB24002151,"01/16/2024, 4:41:23 PM","01/17/2024, 2:02:53 PM",THUNDER BAY,ON,P7A 8A4,100 Block EAST AV, TBPS] MOTOR VEHICLE COLLISION 11-10 MVC ANY TYPE,Other,MOTOR VEHICLE COLLISION
TB24002152,"01/16/2024, 4:45:38 PM","01/17/2024, 2:02:53 PM",THUNDER BAY,ON,P7B 5K5,1100 Block MEMORIAL AV, TBPS] MOTOR VEHICLE COLLISION 11-10 MVC ANY TYPE,Other,MOTOR VEHICLE COLLISION
TB24002156,"01/16/2024, 5:03:10 PM","01/17/2024, 2:02:53 PM",THUNDER BAY,ON,P7A 6H1,100 Block JUNOT AV N, TBPS] MOTOR VEHICLE COLLISION 11-10 MVC ANY TYPE,Other,MOTOR VEHICLE COLLISION
TB24002157,"01/16/2024, 5:13:53 PM","01/17/2024, 2:02:53 PM",THUNDER BAY,ON,P7B 3Z9,MEMORIAL AV AND 11TH AV, TBPS] MOTOR VEHICLE COLLISION 11-10 MVC ANY TYPE,Other,MOTOR VEHICLE COLLISION
TB24002161,"01/16/2024, 5:18:07 PM","01/17/2024, 2:02:53 PM",THUNDER BAY,ON,P7E 5R7,500 Block ARTHUR ST W, TBPS] MOTOR VEHICLE COLLISION MVC NO INJURIES,Traffic,MOTOR VEHICLE COLLISION
TB24002180,"01/16/2024, 6:48:57 PM","01/17/2024, 2:02:53 PM",THUNDER BAY,ON,P7E 2N7,ARTHUR ST W AND LELAND AV S, TBPS] MOTOR VEHICLE COLLISION MVC NO INJURIES,Traffic,MOTOR VEHICLE COLLISION
TB24002115,"01/16/2024, 8:17:47 AM","01/17/2024, 2:02:54 PM",THUNDER BAY,ON,P7A 4R2,CUMBERLAND ST N AND CLARKE ST, TBPS] MOTOR VEHICLE COLLISION MVC NO INJURIES,Traffic,MOTOR VEHICLE COLLISION
TB24002130,"01/16/2024, 3:06:22 PM","01/17/2024, 2:02:54 PM",THUNDER BAY,ON,P7B 6M3,DUNLOP ST AND CARRICK ST, TBPS] MOTOR VEHICLE COLLISION 11-10 MVC ANY TYPE,Other,MOTOR VEHICLE COLLISION
TB24002131,"01/16/2024, 3:15:14 PM","01/17/2024, 2:02:54 PM",THUNDER BAY,ON,P7E 1E3,ARTHUR ST E AND SYNDICATE AV S, TBPS] MOTOR VEHICLE COLLISION 11-10 MVC ANY TYPE,Other,MOTOR VEHICLE COLLISION
TB24002133,"01/16/2024, 3:29:08 PM","01/17/2024, 2:02:54 PM",THUNDER BAY,ON,P7B,CENTRAL AV AND MEMORIAL AV, TBPS] MOTOR VEHICLE COLLISION MVC NO INJURIES,Traffic,MOTOR VEHICLE COLLISION
TB24002367,"01/17/2024, 11:41:25 PM","01/18/2024, 2:03:10 PM",THUNDER BAY,ON,P7B 7A4,OLIVER RD AND BURWOOD RD, TBPS] MOTOR VEHICLE COLLISION MVC - AMB ENR - DUAL RESP,Other,MOTOR VEHICLE COLLISION
TB24002368,"01/17/2024, 11:42:04 PM","01/18/2024, 2:03:10 PM",THUNDER BAY,ON,P7E,WALSH ST E AND KINGSWAY, TBPS] MOTOR VEHICLE COLLISION MVC NO INJURIES,Traffic,MOTOR VEHICLE COLLISION
TB24002373,"01/18/2024, 12:04:54 AM","01/18/2024, 2:03:10 PM",THUNDER BAY,ON,P7C,HARBOUR EXPRESSWAY AND GOLF LINKS RD, TBPS] MOTOR VEHICLE COLLISION MVC NO INJURIES,Traffic,MOTOR VEHICLE COLLISION
TB24002384,"01/18/2024, 2:19:35 AM","01/18/2024, 2:03:10 PM",THUNDER BAY,ON,P7B 2R5,900 Block CARRICK ST, TBPS] THEFT SUSP STILL PRESENT OR MAY BE IN AREA,Other Theft,THEFT
TB24002393,"01/18/2024, 3:50:38 AM","01/18/2024, 2:03:10 PM",THUNDER BAY,ON,P7E,ARTHUR ST W AND 61 HWY, TBPS] MOTOR VEHICLE COLLISION MVC NO INJURIES,Traffic,MOTOR VEHICLE COLLISION
TB24002396,"01/18/2024, 3:54:28 AM","01/18/2024, 2:03:10 PM",THUNDER BAY,ON,P7B 6J7,100 Block PICTON AV, TBPS] LIQUOR LICENCE ACT LIQUOR LICENCE ACT VIOLATION IN PROGRESS,Quality of Life,LIQUOR LICENCE ACT
TB24002339,"01/17/2024, 9:18:08 PM","01/18/2024, 2:03:11 PM",THUNDER BAY,ON,P7C 5G8,400 Block BALMORAL ST, TBPS] MOTOR VEHICLE COLLISION 11-10 MVC ANY TYPE,Other,MOTOR VEHICLE COLLISION
TB24002340,"01/17/2024, 9:28:17 PM","01/18/2024, 2:03:11 PM",THUNDER BAY,ON,P7B 5E1,900 Block OLIVER RD, TBPS] MOTOR VEHICLE COLLISION 11-10 MVC ANY TYPE,Other,MOTOR VEHICLE COLLISION
TB24002341,"01/17/2024, 9:31:29 PM","01/18/2024, 2:03:11 PM",THUNDER BAY,ON,P7B 6V4,900 Block OLIVER RD, TBPS] MOTOR VEHICLE COLLISION 11-10 MVC ANY TYPE,Other,MOTOR VEHICLE COLLISION
TB24002342,"01/17/2024, 9:33:54 PM","01/18/2024, 2:03:11 PM",THUNDER BAY,ON,P7B 0A9,300 Block MAIN ST, TBPS] MOTOR VEHICLE COLLISION MVC NO INJURIES,Traffic,MOTOR VEHICLE COLLISION
TB24002355,"01/17/2024, 10:47:48 PM","01/18/2024, 2:03:11 PM",THUNDER BAY,ON,.,RIVER ST AND ROCKWOOD AV N, TBPS] MOTOR VEHICLE COLLISION MVC - AMB ENR - DUAL RESP,Other,MOTOR VEHICLE COLLISION
TB24002372,"01/18/2024, 12:01:20 AM","01/18/2024, 2:03:11 PM",THUNDER BAY,ON,P7E 2G9,EDWARD ST S AND BEGIN BA, TBPS] MOTOR VEHICLE COLLISION MVC NO INJURIES,Traffic,MOTOR VEHICLE COLLISION
TB24002287,"01/17/2024, 3:07:02 PM","01/18/2024, 2:03:12 PM",THUNDER BAY,ON,P7E 6T1,400 Block JAMES ST S, TBPS] MOTOR VEHICLE COLLISION 11-10 MVC ANY TYPE,Other,MOTOR VEHICLE COLLISION
TB24002288,"01/17/2024, 3:12:29 PM","01/18/2024, 2:03:12 PM",THUNDER BAY,ON,P7E 6L4,1100 Block ARTHUR ST W, TBPS] MOTOR VEHICLE COLLISION 11-10 MVC ANY TYPE,Other,MOTOR VEHICLE COLLISION
TB24002298,"01/17/2024, 4:00:43 PM","01/18/2024, 2:03:12 PM",THUNDER BAY,ON,P7B 2R5,900 Block CARRICK ST, TBPS] MOTOR VEHICLE COLLISION 11-10 MVC ANY TYPE,Other,MOTOR VEHICLE COLLISION
TB24002305,"01/17/2024, 4:32:26 PM","01/18/2024, 2:03:12 PM",THUNDER BAY,ON,P7C 1G9,JAMES ST N AND VICTORIA AV W, TBPS] MOTOR VEHICLE COLLISION VEHICLE LEAKING FLUIDS - DUAL RESP,Traffic,MOTOR VEHICLE COLLISION
TB24002310,"01/17/2024, 5:21:38 PM","01/18/2024, 2:03:12 PM",THUNDER BAY,ON,P7B 3A6,900 Block FORT WILLIAM RD, TBPS] MOTOR VEHICLE COLLISION 11-10 MVC ANY TYPE,Other,MOTOR VEHICLE COLLISION
TB24002312,"01/17/2024, 5:43:10 PM","01/18/2024, 2:03:12 PM",THUNDER BAY,ON,.,HURON AV AND BALSAM ST, TBPS] MOTOR VEHICLE COLLISION 11-10 MVC ANY TYPE,Other,MOTOR VEHICLE COLLISION
TB24002313,"01/17/2024, 6:00:42 PM","01/18/2024, 2:03:12 PM",THUNDER BAY,ON,P7E 6H2,200 Block AMELIA ST W, TBPS] ASSAULT ACCUSED NOT PRESENT,Assault,ASSAULT
TB24002314,"01/17/2024, 6:08:40 PM","01/18/2024, 2:03:12 PM",THUNDER BAY,ON,P7B 5K5,1100 Block MEMORIAL AV, TBPS] MOTOR VEHICLE COLLISION 11-10 MVC ANY TYPE,Other,MOTOR VEHICLE COLLISION
TB24002318,"01/17/2024, 6:54:04 PM","01/18/2024, 2:03:12 PM",THUNDER BAY,ON,P7E 1B7,ARTHUR ST E AND MAY ST S, TBPS] MOTOR VEHICLE COLLISION MVC NO INJURIES,Traffic,MOTOR VEHICLE COLLISION
TB24002322,"01/17/2024, 7:13:01 PM","01/18/2024, 2:03:12 PM",THUNDER BAY,ON,P7E 5P1,FORD ST S AND ARTHUR ST E, TBPS] MOTOR VEHICLE COLLISION MVC - AMB ENR - DUAL RESP,Other,MOTOR VEHICLE COLLISION
TB24002326,"01/17/2024, 7:55:25 PM","01/18/2024, 2:03:12 PM",THUNDER BAY,ON,P7E 6S2,100 Block PRINCESS ST, TBPS] STOLEN VEHICLE SUSP NOT IN AREA,Theft of Vehicle,STOLEN VEHICLE
TB24002262,"01/17/2024, 5:17:56 AM","01/18/2024, 2:03:13 PM",THUNDER BAY,ON,P7E 5V7,1100 Block LINCOLN ST, TBPS] ASSAULT ACCUSED NOT PRESENT,Assault,ASSAULT
TB24002264,"01/17/2024, 5:37:41 AM","01/18/2024, 2:03:13 PM",THUNDER BAY,ON,P7C 4S8,1 Block LIMBRICK ST, TBPS] ASSAULT SUSP PRESENT OR IN AREA,Assault,ASSAULT
TB24002295,"01/17/2024, 3:55:28 PM","01/18/2024, 2:03:13 PM",THUNDER BAY,ON,P7C 1B3,900 Block VICTORIA AV E," TBPS] THEFT NOT IN PROGRESS, UNDER 5000",Other Theft,THEFT
TB24002301,"01/17/2024, 4:25:28 PM","01/18/2024, 2:03:13 PM",THUNDER BAY,ON,P7B,BALMORAL ST AND HARBOUR EXPRESSWAY, TBPS] MOTOR VEHICLE COLLISION 11-10 MVC ANY TYPE,Other,MOTOR VEHICLE COLLISION
TB24002307,"01/17/2024, 4:51:35 PM","01/18/2024, 2:03:13 PM",THUNDER BAY,ON,P7B 6V4,900 Block OLIVER RD, TBPS] MOTOR VEHICLE COLLISION 11-10 MVC ANY TYPE,Other,MOTOR VEHICLE COLLISION
TB24002481,"01/18/2024, 7:33:49 PM","01/19/2024, 2:02:31 PM",THUNDER BAY,ON,P7A 7L7,600 Block STRATHCONA AV, TBPS] MOTOR VEHICLE COLLISION MVC - AMB ENR - DUAL RESP,Other,MOTOR VEHICLE COLLISION
TB24002498,"01/18/2024, 9:37:58 PM","01/19/2024, 2:02:31 PM",THUNDER BAY,ON,P7B 3Z7,700 Block MEMORIAL AV, TBPS] THEFT SUSP STILL PRESENT OR MAY BE IN AREA,Other Theft,THEFT
TB24002505,"01/18/2024, 9:55:32 PM","01/19/2024, 2:02:31 PM",THUNDER BAY,ON,P7E 5R8,1000 Block ARTHUR ST W, TBPS] ASSAULT SUSP PRESENT OR IN AREA,Assault,ASSAULT
TB24002513,"01/18/2024, 10:30:52 PM","01/19/2024, 2:02:31 PM",THUNDER BAY,ON,P7C 5Y3,CAMERON ST AND WATERLOO ST N, TBPS] MOTOR VEHICLE COLLISION 11-10 MVC ANY TYPE,Other,MOTOR VEHICLE COLLISION
TB24002524,"01/19/2024, 12:02:32 AM","01/19/2024, 2:02:31 PM",THUNDER BAY,ON,.,CENTRAL AV AND BALMORAL ST, TBPS] MOTOR VEHICLE COLLISION MVC NO INJURIES,Traffic,MOTOR VEHICLE COLLISION
TB24002530,"01/19/2024, 12:28:37 AM","01/19/2024, 2:02:31 PM",THUNDER BAY,ON,P7E 1W6,1300 Block SPRAGUE ST, TBPS] MOTOR VEHICLE COLLISION 11-10 MVC ANY TYPE,Other,MOTOR VEHICLE COLLISION
TB24002543,"01/19/2024, 2:15:47 AM","01/19/2024, 2:02:31 PM",THUNDER BAY,ON,P7B 2H6,BALMORAL ST AND OLIVER RD, TBPS] MOTOR VEHICLE COLLISION MVC - AMB ENR - DUAL RESP,Other,MOTOR VEHICLE COLLISION
TB24002547,"01/19/2024, 2:37:19 AM","01/19/2024, 2:02:31 PM",THUNDER BAY,ON,P7C 4B7,600 Block VICKERS ST N, TBPS] ASSAULT SUSP PRESENT OR IN AREA,Assault,ASSAULT
TB24002565,"01/19/2024, 5:37:18 AM","01/19/2024, 2:02:31 PM",THUNDER BAY,ON,P7A 4R5,400 Block CUMBERLAND ST N, TBPS] ASSAULT SUSP PRESENT OR IN AREA,Assault,ASSAULT
TB24002299,"01/17/2024, 4:12:14 PM","01/19/2024, 2:02:32 PM",THUNDER BAY,ON,P7E 2B3,700 Block KINGSWAY, TBPS] MOTOR VEHICLE COLLISION 11-10 MVC ANY TYPE,Other,MOTOR VEHICLE COLLISION
TB24002432,"01/18/2024, 2:09:13 PM","01/19/2024, 2:02:32 PM",THUNDER BAY,ON,P7E 5R8,ARTHUR ST W AND MOUNTDALE AV, TBPS] MOTOR VEHICLE COLLISION 11-10 MVC ANY TYPE,Other,MOTOR VEHICLE COLLISION
TB24002434,"01/18/2024, 2:28:41 PM","01/19/2024, 2:02:32 PM",THUNDER BAY,ON,P7C 5T4,GOLF LINKS RD AND FANSHAW ST, TBPS] MOTOR VEHICLE COLLISION 11-10 MVC ANY TYPE,Other,MOTOR VEHICLE COLLISION
TB24002436,"01/18/2024, 2:38:38 PM","01/19/2024, 2:02:32 PM",THUNDER BAY,ON,P7E 6T8,1100 Block MONTREAL ST, TBPS] MOTOR VEHICLE COLLISION 11-10 MVC ANY TYPE,Other,MOTOR VEHICLE COLLISION
TB24002438,"01/18/2024, 2:47:09 PM","01/19/2024, 2:02:32 PM",THUNDER BAY,ON,P7E 1C3,ARTHUR ST E AND BRODIE ST S, TBPS] MOTOR VEHICLE COLLISION 11-10 MVC ANY TYPE,Other,MOTOR VEHICLE COLLISION
TB24002440,"01/18/2024, 3:55:46 PM","01/19/2024, 2:02:32 PM",THUNDER BAY,ON,P7A 5R1,HIGH ST N AND ELIZABETH ST, TBPS] MOTOR VEHICLE COLLISION 11-10 MVC ANY TYPE,Other,MOTOR VEHICLE COLLISION
TB24002441,"01/18/2024, 4:04:20 PM","01/19/2024, 2:02:32 PM",THUNDER BAY,ON,P7B 2B5,BALMORAL ST AND MONTGOMERY ST, TBPS] MOTOR VEHICLE COLLISION VEHICLE LEAKING FLUIDS - DUAL RESP,Traffic,MOTOR VEHICLE COLLISION
TB24002458,"01/18/2024, 5:33:41 PM","01/19/2024, 2:02:32 PM",THUNDER BAY,ON,P7B 3Z2,MEMORIAL AV AND THIRD AV, TBPS] MOTOR VEHICLE COLLISION 11-10 MVC ANY TYPE,Other,MOTOR VEHICLE COLLISION
TB24002462,"01/18/2024, 5:52:32 PM","01/19/2024, 2:02:32 PM",THUNDER BAY,ON,P7C 3P8,200 Block MAY ST N, TBPS] THEFT SUSP STILL PRESENT OR MAY BE IN AREA,Other Theft,THEFT
TB24002465,"01/18/2024, 6:06:49 PM","01/19/2024, 2:02:32 PM",THUNDER BAY,ON,P7J 1L2,CITY RD AND BACK ST, TBPS] MOTOR VEHICLE COLLISION MVC NO INJURIES,Traffic,MOTOR VEHICLE COLLISION
TB24002472,"01/18/2024, 6:43:27 PM","01/19/2024, 2:02:32 PM",THUNDER BAY,ON,P7C 2L3,900 Block FINLAYSON ST, TBPS] B-E BUS/RES/OTH 11-10,Breaking & Entering,B-E BUS/RES/OTH
TB24002485,"01/18/2024, 8:01:10 PM","01/19/2024, 2:02:32 PM",THUNDER BAY,ON,P7E 4J9,300 Block MARY ST E," TBPS] MISCHIEF 11-10, MICHIEF UNDER 5000",Other Property Crime,MISCHIEF
TB24002416,"01/18/2024, 8:27:59 AM","01/19/2024, 2:02:33 PM",THUNDER BAY,ON,P7A 3S5,600 Block RIVER ST," TBPS] MISCHIEF IP/SUSP IN AREA, UNDER 5,000",Other Property Crime,MISCHIEF
TB24002428,"01/18/2024, 1:02:35 PM","01/19/2024, 2:02:33 PM",THUNDER BAY,ON,P7E 1L6,700 Block CATHERINE ST, TBPS] B-E BUS/RES/OTH SUSP PRESENT OR MAY STILL BE IN AREA,Breaking & Entering,B-E BUS/RES/OTH
TB24002656,"01/19/2024, 10:17:59 PM","01/20/2024, 2:02:43 PM",THUNDER BAY,ON,P7B 5E4,1 Block SIDE RD AND ARTHUR ST W, TBPS] MOTOR VEHICLE COLLISION MVC NO INJURIES,Traffic,MOTOR VEHICLE COLLISION
TB24002659,"01/19/2024, 10:51:35 PM","01/20/2024, 2:02:43 PM",THUNDER BAY,ON,P7A 4K9,1 Block CUMBERLAND ST N, TBPS] ASSAULT SUSP PRESENT OR IN AREA,Assault,ASSAULT
TB24002661,"01/19/2024, 10:59:38 PM","01/20/2024, 2:02:43 PM",THUNDER BAY,ON,P7B 6Z8,600 Block SIBLEY DR, TBPS] LIQUOR LICENCE ACT LIQUOR LICENCE ACT VIOLATION IN PROGRESS,Quality of Life,LIQUOR LICENCE ACT
TB24002673,"01/20/2024, 12:42:33 AM","01/20/2024, 2:02:43 PM",THUNDER BAY,ON,P7B 5Z5,1200 Block BALMORAL ST," TBPS] MISCHIEF 11-10, MICHIEF UNDER 5000",Other Property Crime,MISCHIEF
TB24002680,"01/20/2024, 1:42:41 AM","01/20/2024, 2:02:43 PM",THUNDER BAY,ON,P7A 2B3,300 Block GRENVILLE AV, TBPS] STOLEN VEHICLE SUSP PRESENT OR MAY STILL BE IN AREA,Theft of Vehicle,STOLEN VEHICLE
TB24002688,"01/20/2024, 2:50:12 AM","01/20/2024, 2:02:43 PM",THUNDER BAY,ON,P7B 6B9,1000 Block FORT WILLIAM RD, TBPS] LIQUOR LICENCE ACT LIQUOR LICENCE ACT VIOLATION IN PROGRESS,Quality of Life,LIQUOR LICENCE ACT
TB24002698,"01/20/2024, 5:15:03 AM","01/20/2024, 2:02:43 PM",THUNDER BAY,ON,P7C 3P4,MAY ST N AND LEITH ST, TBPS] LIQUOR LICENCE ACT LIQUOR LICENCE ACT VIOLATION IN PROGRESS,Quality of Life,LIQUOR LICENCE ACT
TB24002699,"01/20/2024, 5:24:19 AM","01/20/2024, 2:02:43 PM",THUNDER BAY,ON,P7B 6Z8,600 Block SIBLEY DR, TBPS] LIQUOR LICENCE ACT LIQUOR LICENCE ACT VIOLATION IN PROGRESS,Quality of Life,LIQUOR LICENCE ACT
TB24002702,"01/20/2024, 6:18:56 AM","01/20/2024, 2:02:43 PM",THUNDER BAY,ON,P7E 6H9,300 Block WATERLOO ST S, TBPS] MOTOR VEHICLE COLLISION MVC NO INJURIES,Traffic,MOTOR VEHICLE COLLISION
TB24002708,"01/20/2024, 6:56:59 AM","01/20/2024, 2:02:43 PM",THUNDER BAY,ON,P7C 6A8,100 Block WATERLOO ST N, TBPS] MOTOR VEHICLE COLLISION MVC NO INJURIES,Traffic,MOTOR VEHICLE COLLISION
TB24002597,"01/19/2024, 2:44:47 PM","01/20/2024, 2:02:44 PM",THUNDER BAY,ON,P7E 5R4,500 Block ARTHUR ST W, TBPS] MOTOR VEHICLE COLLISION MVC NO INJURIES,Traffic,MOTOR VEHICLE COLLISION
TB24002600,"01/19/2024, 2:57:29 PM","01/20/2024, 2:02:44 PM",THUNDER BAY,ON,P7K 1K2,1200 Block ARTHUR ST W, TBPS] MOTOR VEHICLE COLLISION 11-10 MVC ANY TYPE,Other,MOTOR VEHICLE COLLISION
TB24002601,"01/19/2024, 3:01:38 PM","01/20/2024, 2:02:44 PM",THUNDER BAY,ON,P7E 2N5,200 Block LELAND AV S, TBPS] MOTOR VEHICLE COLLISION 11-10 MVC ANY TYPE,Other,MOTOR VEHICLE COLLISION
TB24002603,"01/19/2024, 3:07:54 PM","01/20/2024, 2:02:44 PM",THUNDER BAY,ON,P7E,ARTHUR ST W AND 61 HWY, TBPS] MOTOR VEHICLE COLLISION MVC - AMB ENR - DUAL RESP,Other,MOTOR VEHICLE COLLISION
TB24002604,"01/19/2024, 3:11:33 PM","01/20/2024, 2:02:44 PM",THUNDER BAY,ON,P7A 4M6,100 Block CUMBERLAND ST N, TBPS] MOTOR VEHICLE COLLISION 11-10 MVC ANY TYPE,Other,MOTOR VEHICLE COLLISION
TB24002607,"01/19/2024, 3:28:28 PM","01/20/2024, 2:02:44 PM",THUNDER BAY,ON,J4Y 0K7,500 Block ARTHUR ST W, TBPS] MOTOR VEHICLE COLLISION 11-10 MVC ANY TYPE,Other,MOTOR VEHICLE COLLISION
TB24002608,"01/19/2024, 3:36:20 PM","01/20/2024, 2:02:44 PM",THUNDER BAY,ON,P7E 5M8,900 Block ARTHUR ST E, TBPS] ROBBERY NO WEAPONS - SUSP STILL IN AREA,Robbery,ROBBERY
TB24002610,"01/19/2024, 3:42:25 PM","01/20/2024, 2:02:44 PM",THUNDER BAY,ON,P7B 6C5,1100 Block ALLOY DR, TBPS] MOTOR VEHICLE COLLISION 11-10 MVC ANY TYPE,Other,MOTOR VEHICLE COLLISION
TB24002633,"01/19/2024, 7:13:23 PM","01/20/2024, 2:02:44 PM",THUNDER BAY,ON,P7E 5V6,VICKERS ST S AND DONALD ST E, TBPS] MOTOR VEHICLE COLLISION MVC NO INJURIES,Traffic,MOTOR VEHICLE COLLISION
TB24002634,"01/19/2024, 7:18:33 PM","01/20/2024, 2:02:44 PM",THUNDER BAY,ON,P7E 5K5,200 Block RIDGEWAY ST W," TBPS] THEFT NOT IN PROGRESS, FROM MOTOR VEHICLE",Theft from Vehicle,THEFT
TB24002637,"01/19/2024, 7:51:31 PM","01/20/2024, 2:02:44 PM",THUNDER BAY,ON,P7B 3Y2,300 Block MEMORIAL AV," TBPS] ASSAULT JUST OCCURRED, ACCUSED NOT PRESENT",Assault,ASSAULT
TB24002649,"01/19/2024, 9:35:09 PM","01/20/2024, 2:02:44 PM",THUNDER BAY,ON,P7G 0A1,100 Block LOXLEY BA, TBPS] MOTOR VEHICLE COLLISION 11-10 MVC ANY TYPE,Other,MOTOR VEHICLE COLLISION
TB24002651,"01/19/2024, 9:50:31 PM","01/20/2024, 2:02:44 PM",THUNDER BAY,ON,P7B,HARBOUR EXPRESSWAY AND MEMORIAL AV, TBPS] MOTOR VEHICLE COLLISION MVC NO INJURIES,Traffic,MOTOR VEHICLE COLLISION
TB24002655,"01/19/2024, 10:12:44 PM","01/20/2024, 2:02:44 PM",THUNDER BAY,ON,P7B 5E4,1 Block SIDE RD AND ARTHUR ST W, TBPS] MOTOR VEHICLE COLLISION MVC NO INJURIES,Traffic,MOTOR VEHICLE COLLISION
TB24002568,"01/19/2024, 7:18:06 AM","01/20/2024, 2:02:45 PM",THUNDER BAY,ON,P7E 1E3,300 Block SYNDICATE AV S, TBPS] ASSAULT SUSP PRESENT OR IN AREA,Assault,ASSAULT
TB24002587,"01/19/2024, 12:02:11 PM","01/20/2024, 2:02:45 PM",THUNDER BAY,ON,P7E 6H2,200 Block AMELIA ST W, TBPS] DRUG OFFENCES SUSP PRESENT OR MAY STILL BE IN AREA,Quality of Life,DRUG OFFENCES
TB24002590,"01/19/2024, 1:23:23 PM","01/20/2024, 2:02:45 PM",THUNDER BAY,ON,P7A 4B8,200 Block VAN NORMAN ST, TBPS] LIQUOR LICENCE ACT LIQUOR LICENCE ACT VIOLATION IN PROGRESS,Quality of Life,LIQUOR LICENCE ACT
TB24002593,"01/19/2024, 2:04:18 PM","01/20/2024, 2:02:45 PM",THUNDER BAY,ON,P7B,CENTRAL AV AND TUNGSTEN ST, TBPS] MOTOR VEHICLE COLLISION 11-10 MVC ANY TYPE,Other,MOTOR VEHICLE COLLISION
TB24002594,"01/19/2024, 2:28:29 PM","01/20/2024, 2:02:45 PM",THUNDER BAY,ON,P7B 5E1,900 Block OLIVER RD, TBPS] MOTOR VEHICLE COLLISION 11-10 MVC ANY TYPE,Other,MOTOR VEHICLE COLLISION
TB24002598,"01/19/2024, 2:47:30 PM","01/20/2024, 2:02:45 PM",THUNDER BAY,ON,P7B 2P6,400 Block SIXTH AV, TBPS] MOTOR VEHICLE COLLISION 11-10 MVC ANY TYPE,Other,MOTOR VEHICLE COLLISION
TB24002605,"01/19/2024, 3:14:50 PM","01/20/2024, 2:02:45 PM",THUNDER BAY,ON,P7B 7A5,1000 Block OLIVER RD, TBPS] MOTOR VEHICLE COLLISION MVC NO INJURIES,Traffic,MOTOR VEHICLE COLLISION
TB24002629,"01/19/2024, 6:36:25 PM","01/20/2024, 2:02:45 PM",THUNDER BAY,ON,P7B 3Y7,HIGH ST S AND BEVERLY ST, TBPS] MOTOR VEHICLE COLLISION MVC - AMB ENR - DUAL RESP,Other,MOTOR VEHICLE COLLISION
TB24002804,"01/21/2024, 4:38:06 AM","01/21/2024, 2:02:40 PM",THUNDER BAY,ON,P7B 6S2,700 Block MEMORIAL AV, TBPS] LIQUOR LICENCE ACT LIQUOR LICENCE ACT VIOLATION IN PROGRESS,Quality of Life,LIQUOR LICENCE ACT
TB24002726,"01/20/2024, 12:11:25 PM","01/21/2024, 2:02:41 PM",THUNDER BAY,ON,P7E 5R8,600 Block ARTHUR ST W, TBPS] LIQUOR LICENCE ACT LIQUOR LICENCE ACT VIOLATION IN PROGRESS,Quality of Life,LIQUOR LICENCE ACT
TB24002727,"01/20/2024, 1:30:47 PM","01/21/2024, 2:02:41 PM",THUNDER BAY,ON,P7E 1B6,300 Block MAY ST S, TBPS] MOTOR VEHICLE COLLISION 11-10 MVC ANY TYPE,Other,MOTOR VEHICLE COLLISION
TB24002730,"01/20/2024, 2:28:28 PM","01/21/2024, 2:02:41 PM",THUNDER BAY,ON,P7B 6J8,1 Block PICTON AV, TBPS] ASSAULT ACCUSED PRESENT,Assault,ASSAULT
TB24002734,"01/20/2024, 3:15:26 PM","01/21/2024, 2:02:41 PM",THUNDER BAY,ON,P7E 2C3,200 Block WATERLOO ST S," TBPS] MISCHIEF 11-10, MICHIEF UNDER 5000",Other Property Crime,MISCHIEF
TB24002739,"01/20/2024, 4:23:36 PM","01/21/2024, 2:02:41 PM",THUNDER BAY,ON,P7C 5N3,JAMES ST N AND BRESCIA CT, TBPS] MOTOR VEHICLE COLLISION MVC NO INJURIES,Traffic,MOTOR VEHICLE COLLISION
TB24002752,"01/20/2024, 7:01:50 PM","01/21/2024, 2:02:41 PM",THUNDER BAY,ON,P7E 5Y8,400 Block GEORGE ST, TBPS] ASSAULT ACCUSED NOT PRESENT,Assault,ASSAULT
TB24002754,"01/20/2024, 8:12:16 PM","01/21/2024, 2:02:41 PM",THUNDER BAY,ON,P7B 3A6,900 Block FORT WILLIAM RD, TBPS] MOTOR VEHICLE COLLISION MVC NO INJURIES,Traffic,MOTOR VEHICLE COLLISION
TB24002757,"01/20/2024, 8:36:49 PM","01/21/2024, 2:02:41 PM",THUNDER BAY,ON,P7B 2S4,800 Block FORT WILLIAM RD, TBPS] SHOPLIFT IN CUSTODY - NO PROBLEMS,Theft,SHOPLIFT
TB24002775,"01/21/2024, 12:20:00 AM","01/21/2024, 2:02:41 PM",THUNDER BAY,ON,P7B 6S2,700 Block MEMORIAL AV, TBPS] THEFT SUSP STILL PRESENT OR MAY BE IN AREA,Other Theft,THEFT
TB24002782,"01/21/2024, 2:03:29 AM","01/21/2024, 2:02:41 PM",THUNDER BAY,ON,P7B 5J4,1000 Block DAWSON RD, TBPS] ASSAULT SUSP PRESENT OR IN AREA,Assault,ASSAULT
TB24002784,"01/21/2024, 2:15:53 AM","01/21/2024, 2:02:41 PM",THUNDER BAY,ON,P7E 5R8,ARTHUR ST W AND MOUNTDALE AV, TBPS] MOTOR VEHICLE COLLISION MVC NO INJURIES,Traffic,MOTOR VEHICLE COLLISION
TB24002795,"01/21/2024, 3:35:24 AM","01/21/2024, 2:02:41 PM",THUNDER BAY,ON,P7E 5P7,200 Block ARTHUR ST W, TBPS] LIQUOR LICENCE ACT LIQUOR LICENCE ACT VIOLATION IN PROGRESS,Quality of Life,LIQUOR LICENCE ACT
TB24002574,"01/19/2024, 8:10:36 AM","01/21/2024, 2:02:42 PM",THUNDER BAY,ON,P7A 5M4,1 Block STOKES ST, TBPS] ASSAULT ACCUSED NOT PRESENT,Assault,ASSAULT
TB24002732,"01/20/2024, 2:41:46 PM","01/21/2024, 2:02:42 PM",THUNDER BAY,ON,P7G 1S4,GRATTON RD AND OLIVER RD, TBPS] MOTOR VEHICLE COLLISION 11-10 MVC ANY TYPE,Other,MOTOR VEHICLE COLLISION
TB24002735,"01/20/2024, 3:50:54 PM","01/21/2024, 2:02:42 PM",THUNDER BAY,ON,P7E 1L3,600 Block CATHERINE ST," TBPS] THEFT NOT IN PROGRESS, FROM MOTOR VEHICLE",Theft from Vehicle,THEFT
TB24002759,"01/20/2024, 9:24:36 PM","01/21/2024, 2:02:42 PM",THUNDER BAY,ON,.,SANDY BEACH RD, TBPS] POSSESSION OF STOLEN PROPERTY ACCUSED PRESENT,Theft,POSSESSION OF STOLEN PROPERTY
TB24002871,"01/21/2024, 9:54:45 PM","01/22/2024, 2:02:33 PM",THUNDER BAY,ON,P7B 6S2,700 Block MEMORIAL AV, TBPS] THEFT SUSP STILL PRESENT OR MAY BE IN AREA,Other Theft,THEFT
TB24002883,"01/22/2024, 12:18:50 AM","01/22/2024, 2:02:33 PM",THUNDER BAY,ON,P7A 2K6,200 Block MACDOUGALL ST, TBPS] ASSAULT ACCUSED PRESENT,Assault,ASSAULT
TB24002888,"01/22/2024, 12:41:13 AM","01/22/2024, 2:02:33 PM",THUNDER BAY,ON,P7A 8A4,100 Block EAST AV, TBPS] LIQUOR LICENCE ACT LIQUOR LICENCE ACT VIOLATION IN PROGRESS,Quality of Life,LIQUOR LICENCE ACT
TB24002893,"01/22/2024, 1:31:01 AM","01/22/2024, 2:02:33 PM",THUNDER BAY,ON,P7B 2R5,900 Block CARRICK ST, TBPS] THEFT SUSP STILL PRESENT OR MAY BE IN AREA,Other Theft,THEFT
TB24002894,"01/22/2024, 1:36:46 AM","01/22/2024, 2:02:33 PM",THUNDER BAY,ON,P7C,400 Block CHAPPLES DR, TBPS] LIQUOR LICENCE ACT LIQUOR LICENCE ACT VIOLATION IN PROGRESS,Quality of Life,LIQUOR LICENCE ACT
TB24002898,"01/22/2024, 2:54:54 AM","01/22/2024, 2:02:33 PM",THUNDER BAY,ON,P7C 2L1,300 Block FINLAYSON ST," TBPS] MISCHIEF IP/SUSP IN AREA, UNDER 5,000",Other Property Crime,MISCHIEF
TB24002912,"01/22/2024, 5:38:04 AM","01/22/2024, 2:02:33 PM",THUNDER BAY,ON,P7B 6S2,700 Block MEMORIAL AV, TBPS] THEFT SUSP STILL PRESENT OR MAY BE IN AREA,Other Theft,THEFT
TB24002810,"01/21/2024, 6:13:11 AM","01/22/2024, 2:02:34 PM",THUNDER BAY,ON,P7B 5J4,1000 Block DAWSON RD," TBPS] MISCHIEF IP/SUSP IN AREA, UNDER 5,000",Other Property Crime,MISCHIEF
TB24002825,"01/21/2024, 10:32:09 AM","01/22/2024, 2:02:34 PM",THUNDER BAY,ON,P7C 6B2,200 Block LYNX CR, TBPS] ASSAULT SUSP PRESENT OR IN AREA,Assault,ASSAULT
TB24002826,"01/21/2024, 11:13:23 AM","01/22/2024, 2:02:34 PM",THUNDER BAY,ON,P7G 1N6,BELROSE RD AND OLIVER RD, TBPS] MOTOR VEHICLE COLLISION MVC NO INJURIES,Traffic,MOTOR VEHICLE COLLISION
TB24002835,"01/21/2024, 3:50:28 PM","01/22/2024, 2:02:34 PM",THUNDER BAY,ON,P7C 2W3,800 Block NORTHERN AV, TBPS] THEFT SUSP STILL PRESENT OR MAY BE IN AREA,Other Theft,THEFT
TB24002858,"01/21/2024, 6:33:46 PM","01/22/2024, 2:02:34 PM",THUNDER BAY,ON,P7C 4G8,100 Block NORAH ST N, TBPS] DRUG OFFENCES SUSP PRESENT OR MAY STILL BE IN AREA,Quality of Life,DRUG OFFENCES
TB24002860,"01/21/2024, 6:38:20 PM","01/22/2024, 2:02:34 PM",THUNDER BAY,ON,P7C,700 Block PORCUPINE BLVD, TBPS] MOTOR VEHICLE COLLISION MVC NO INJURIES,Traffic,MOTOR VEHICLE COLLISION
TB24002862,"01/21/2024, 7:23:59 PM","01/22/2024, 2:02:34 PM",THUNDER BAY,ON,P7B 2R5,900 Block CARRICK ST, TBPS] THEFT SUSP STILL PRESENT OR MAY BE IN AREA,Other Theft,THEFT
TB24002863,"01/21/2024, 7:35:43 PM","01/22/2024, 2:02:34 PM",THUNDER BAY,ON,P7C 4P6,400 Block EDWARD ST N, TBPS] ASSAULT SUSP PRESENT OR IN AREA,Assault,ASSAULT
TB24002865,"01/21/2024, 9:09:46 PM","01/22/2024, 2:02:34 PM",THUNDER BAY,ON,P7E,WATERLOO ST S AND WALSH ST E, TBPS] MOTOR VEHICLE COLLISION MVC NO INJURIES,Traffic,MOTOR VEHICLE COLLISION
TB24002880,"01/21/2024, 11:35:58 PM","01/22/2024, 2:02:34 PM",THUNDER BAY,ON,P7E 1E6,500 Block SYNDICATE AV S, TBPS] LIQUOR LICENCE ACT LIQUOR LICENCE ACT VIOLATION IN PROGRESS,Quality of Life,LIQUOR LICENCE ACT
TB24002820,"01/21/2024, 8:59:03 AM","01/22/2024, 2:02:35 PM",THUNDER BAY,ON,P7B 5J4,1000 Block DAWSON RD, TBPS] LIQUOR LICENCE ACT LIQUOR LICENCE ACT VIOLATION IN PROGRESS,Quality of Life,LIQUOR LICENCE ACT
TB24003063,"01/23/2024, 4:00:00 AM","01/23/2024, 2:03:54 PM",THUNDER BAY,ON,P7B,PARK AV AND CUMBERLAND ST S, TBPS] MOTOR VEHICLE COLLISION 11-10 MVC ANY TYPE,Other,MOTOR VEHICLE COLLISION
TB24003060,"01/23/2024, 3:50:29 AM","01/23/2024, 2:03:54 PM",THUNDER BAY,ON,P7E,EDWARD ST S AND ARTHUR ST E, TBPS] MOTOR VEHICLE COLLISION MVC NO INJURIES,Traffic,MOTOR VEHICLE COLLISION
TB24003046,"01/23/2024, 2:23:43 AM","01/23/2024, 2:03:54 PM",THUNDER BAY,ON,P7B 0B5,BEVERLY ST AND BALMORAL ST, TBPS] MOTOR VEHICLE COLLISION MVC NO INJURIES,Traffic,MOTOR VEHICLE COLLISION
TB24003055,"01/23/2024, 3:31:20 AM","01/23/2024, 2:03:54 PM",THUNDER BAY,ON,P7B 2R5,900 Block CARRICK ST, TBPS] THEFT SUSP STILL PRESENT OR MAY BE IN AREA,Other Theft,THEFT
TB24003058,"01/23/2024, 3:39:49 AM","01/23/2024, 2:03:54 PM",THUNDER BAY,ON,P7B 3Z5,700 Block MEMORIAL AV, TBPS] LIQUOR LICENCE ACT LIQUOR LICENCE ACT VIOLATION IN PROGRESS,Quality of Life,LIQUOR LICENCE ACT
TB24003064,"01/23/2024, 4:25:37 AM","01/23/2024, 2:03:54 PM",THUNDER BAY,ON,P7C 3H4,200 Block SIMPSON ST, TBPS] STOLEN VEHICLE SUSP NOT IN AREA,Theft of Vehicle,STOLEN VEHICLE
TB24003065,"01/23/2024, 5:18:18 AM","01/23/2024, 2:03:54 PM",THUNDER BAY,ON,P7B 3Y2,300 Block MEMORIAL AV, TBPS] LIQUOR LICENCE ACT LIQUOR LICENCE ACT VIOLATION IN PROGRESS,Quality of Life,LIQUOR LICENCE ACT
TB24002975,"01/22/2024, 5:44:47 PM","01/23/2024, 2:03:55 PM",THUNDER BAY,ON,P7G 1J1,1500 Block JOHN ST. RD, TBPS] MOTOR VEHICLE COLLISION MVC NO INJURIES,Traffic,MOTOR VEHICLE COLLISION
TB24003006,"01/22/2024, 8:39:33 PM","01/23/2024, 2:03:55 PM",THUNDER BAY,ON,P7B 4A2,MEMORIAL AV AND 13TH AV, TBPS] INDECENT ACTS SUSP PRESENT OR MAY STILL BE IN AREA,Sexual Offense,INDECENT ACTS
TB24003007,"01/22/2024, 8:41:42 PM","01/23/2024, 2:03:55 PM",THUNDER BAY,ON,P7C,HARBOUR EXPRESSWAY AND GOLF LINKS RD, TBPS] MOTOR VEHICLE COLLISION 11-10 MVC ANY TYPE,Other,MOTOR VEHICLE COLLISION
TB24003008,"01/22/2024, 8:51:18 PM","01/23/2024, 2:03:55 PM",THUNDER BAY,ON,P7A 4T8,1 Block COURT ST N, TBPS] THEFT SUSP STILL PRESENT OR MAY BE IN AREA,Other Theft,THEFT
TB24003019,"01/22/2024, 10:34:35 PM","01/23/2024, 2:03:55 PM",THUNDER BAY,ON,P7B 4A4,1000 Block MEMORIAL AV, TBPS] ASSAULT SUSP PRESENT OR IN AREA,Assault,ASSAULT
TB24003027,"01/22/2024, 11:28:59 PM","01/23/2024, 2:03:55 PM",THUNDER BAY,ON,P7E 5R8,MOUNTDALE AV AND ARTHUR ST W, TBPS] MOTOR VEHICLE COLLISION MVC NO INJURIES,Traffic,MOTOR VEHICLE COLLISION
TB24003031,"01/23/2024, 12:04:30 AM","01/23/2024, 2:03:55 PM",THUNDER BAY,ON,P7B 5V1,1000 Block DAWSON RD, TBPS] THEFT SUSP STILL PRESENT OR MAY BE IN AREA,Other Theft,THEFT
TB24002935,"01/22/2024, 12:11:04 PM","01/23/2024, 2:03:56 PM",THUNDER BAY,ON,P7C 2G8,100 Block CAMERON ST, TBPS] B-E BUS/RES/OTH SUSP PRESENT OR MAY STILL BE IN AREA,Breaking & Entering,B-E BUS/RES/OTH
TB24002944,"01/22/2024, 3:21:15 PM","01/23/2024, 2:03:56 PM",THUNDER BAY,ON,P7A 5A3,ALGOMA ST N AND RIVER ST, TBPS] MOTOR VEHICLE COLLISION MVC NO INJURIES,Traffic,MOTOR VEHICLE COLLISION
TB24002966,"01/22/2024, 5:11:16 PM","01/23/2024, 2:03:56 PM",THUNDER BAY,ON,P7B 0B5,BALMORAL ST AND BEVERLY ST, TBPS] MOTOR VEHICLE COLLISION 11-10 MVC ANY TYPE,Other,MOTOR VEHICLE COLLISION
TB24002970,"01/22/2024, 5:26:58 PM","01/23/2024, 2:03:56 PM",THUNDER BAY,ON,J4Y 0K7,500 Block ARTHUR ST W, TBPS] MOTOR VEHICLE COLLISION 11-10 MVC ANY TYPE,Other,MOTOR VEHICLE COLLISION
TB24002943,"01/22/2024, 2:55:06 PM","01/23/2024, 2:03:56 PM",THUNDER BAY,ON,P7C 2V2,MAY ST N AND SOUTHERN AV, TBPS] MOTOR VEHICLE COLLISION MVC NO INJURIES,Traffic,MOTOR VEHICLE COLLISION
TB24002982,"01/22/2024, 6:12:57 PM","01/23/2024, 2:03:56 PM",THUNDER BAY,ON,P7E 6P8,MONTREAL ST AND BAILEY AV, TBPS] MOTOR VEHICLE COLLISION 11-10 MVC ANY TYPE,Other,MOTOR VEHICLE COLLISION
TB24002977,"01/22/2024, 5:56:50 PM","01/23/2024, 2:03:56 PM",THUNDER BAY,ON,P7B 5M4,BALMORAL ST AND WILLIAM ST, TBPS] MOTOR VEHICLE COLLISION 11-10 MVC ANY TYPE,Other,MOTOR VEHICLE COLLISION
TB24003010,"01/22/2024, 9:19:57 PM","01/23/2024, 2:03:56 PM",THUNDER BAY,ON,P7K 1G5,2300 Block FINCH ST, TBPS] B-E BUS/RES/OTH 11-10,Breaking & Entering,B-E BUS/RES/OTH
TB24003012,"01/22/2024, 9:42:11 PM","01/23/2024, 2:03:56 PM",THUNDER BAY,ON,P7K 1G5,2300 Block FINCH ST, TBPS] B-E BUS/RES/OTH 11-10,Breaking & Entering,B-E BUS/RES/OTH
TB24002940,"01/22/2024, 2:18:21 PM","01/23/2024, 2:03:57 PM",THUNDER BAY,ON,P7B 3R1,WINNIPEG AV AND BERESFORD ST, TBPS] MOTOR VEHICLE COLLISION 11-10 MVC ANY TYPE,Other,MOTOR VEHICLE COLLISION
TB24002941,"01/22/2024, 2:25:41 PM","01/23/2024, 2:03:57 PM",THUNDER BAY,ON,P7A 7E8,JUNOT AV N AND MCCOMBER CR, TBPS] MOTOR VEHICLE COLLISION MVC NO INJURIES,Traffic,MOTOR VEHICLE COLLISION
TB24002942,"01/22/2024, 2:39:25 PM","01/23/2024, 2:03:57 PM",THUNDER BAY,ON,P7B,HARBOUR EXPRESSWAY AND 16TH AV, TBPS] MOTOR VEHICLE COLLISION 11-10 MVC ANY TYPE,Other,MOTOR VEHICLE COLLISION
TB24002949,"01/22/2024, 3:51:56 PM","01/23/2024, 2:03:57 PM",THUNDER BAY,ON,P7B 3V3,100 Block HILL ST S, TBPS] MOTOR VEHICLE COLLISION 11-10 MVC ANY TYPE,Other,MOTOR VEHICLE COLLISION
TB24002968,"01/22/2024, 5:11:44 PM","01/23/2024, 2:03:57 PM",THUNDER BAY,ON,P7B,VALLEY ST AND THUNDER BAY EXPRESSWAY, TBPS] MOTOR VEHICLE COLLISION 11-10 MVC ANY TYPE,Other,MOTOR VEHICLE COLLISION
TB24003161,"01/23/2024, 10:45:57 PM","01/24/2024, 2:02:57 PM",THUNDER BAY,ON,P7E 1G9,400 Block ARCHIBALD ST S," TBPS] THEFT NOT IN PROGRESS, UNDER 5000",Other Theft,THEFT
TB24003178,"01/24/2024, 1:08:02 AM","01/24/2024, 2:02:57 PM",THUNDER BAY,ON,P7B 3Z1,500 Block MEMORIAL AV, TBPS] MOTOR VEHICLE COLLISION MVC NO INJURIES,Traffic,MOTOR VEHICLE COLLISION
TB24003164,"01/23/2024, 10:54:31 PM","01/24/2024, 2:02:57 PM",THUNDER BAY,ON,P7B 5B4,100 Block REGINA AV, TBPS] DRUG OFFENCES SUSP PRESENT OR MAY STILL BE IN AREA,Quality of Life,DRUG OFFENCES
TB24003177,"01/24/2024, 1:05:26 AM","01/24/2024, 2:02:57 PM",THUNDER BAY,ON,P7E 1H3,100 Block CENTENNIAL SQ, TBPS] THEFT SUSP STILL PRESENT OR MAY BE IN AREA,Other Theft,THEFT
TB24003189,"01/24/2024, 2:04:04 AM","01/24/2024, 2:02:57 PM",THUNDER BAY,ON,P7B 5K5,1100 Block MEMORIAL AV, TBPS] MOTOR VEHICLE COLLISION MVC NO INJURIES,Traffic,MOTOR VEHICLE COLLISION
TB24003184,"01/24/2024, 1:47:43 AM","01/24/2024, 2:02:57 PM",THUNDER BAY,ON,P7B 5J4,1000 Block DAWSON RD, TBPS] ASSAULT SUSP PRESENT OR IN AREA,Assault,ASSAULT
TB24003191,"01/24/2024, 2:12:00 AM","01/24/2024, 2:02:57 PM",THUNDER BAY,ON,P7C 4P7,400 Block EDWARD ST N, TBPS] ASSAULT SUSP PRESENT OR IN AREA,Assault,ASSAULT
TB24003190,"01/24/2024, 2:09:03 AM","01/24/2024, 2:02:57 PM",THUNDER BAY,ON,P7B 7A3,1100 Block GOLF LINKS RD, TBPS] MOTOR VEHICLE COLLISION MVC NO INJURIES,Traffic,MOTOR VEHICLE COLLISION
TB24003208,"01/24/2024, 4:15:52 AM","01/24/2024, 2:02:57 PM",THUNDER BAY,ON,P7G 1R6,100 Block RICHMOND RD," TBPS] MISCHIEF IP/SUSP IN AREA, UNDER 5,000",Other Property Crime,MISCHIEF
TB24003217,"01/24/2024, 6:21:52 AM","01/24/2024, 2:02:57 PM",THUNDER BAY,ON,P7E 5V3,500 Block DONALD ST E, TBPS] ASSAULT SUSP PRESENT OR IN AREA,Assault,ASSAULT
TB24003197,"01/24/2024, 2:46:32 AM","01/24/2024, 2:02:57 PM",THUNDER BAY,ON,P7E 6H9,ARTHUR ST E AND WATERLOO ST S, TBPS] MOTOR VEHICLE COLLISION MVC NO INJURIES,Traffic,MOTOR VEHICLE COLLISION
TB24003149,"01/23/2024, 9:04:26 PM","01/24/2024, 2:02:58 PM",THUNDER BAY,ON,P7B 5R8,100 Block CUMBERLAND ST S, TBPS] ASSAULT SUSP PRESENT OR IN AREA,Assault,ASSAULT
TB24003122,"01/23/2024, 6:38:01 PM","01/24/2024, 2:02:58 PM",THUNDER BAY,ON,P7B 6V4,900 Block OLIVER RD, TBPS] ASSAULT ACCUSED NOT PRESENT,Assault,ASSAULT
TB24003147,"01/23/2024, 8:59:58 PM","01/24/2024, 2:02:58 PM",THUNDER BAY,ON,P7B 5Z5,1200 Block BALMORAL ST," TBPS] THEFT NOT IN PROGRESS, UNDER 5000",Other Theft,THEFT
TB24003135,"01/23/2024, 7:57:53 PM","01/24/2024, 2:02:58 PM",THUNDER BAY,ON,P7B 2R5,900 Block CARRICK ST, TBPS] MOTOR VEHICLE COLLISION MVC NO INJURIES,Traffic,MOTOR VEHICLE COLLISION
TB24003156,"01/23/2024, 9:53:39 PM","01/24/2024, 2:02:58 PM",THUNDER BAY,ON,P7E 2V3,500 Block ARTHUR ST W, TBPS] ASSAULT SUSP PRESENT OR IN AREA,Assault,ASSAULT
TB24003024,"01/22/2024, 11:02:24 PM","01/24/2024, 2:02:59 PM",THUNDER BAY,ON,P7E 1B5,200 Block MAY ST S, TBPS] MOTOR VEHICLE COLLISION 11-10 MVC ANY TYPE,Other,MOTOR VEHICLE COLLISION
TB24003087,"01/23/2024, 2:57:08 PM","01/24/2024, 2:03:00 PM",THUNDER BAY,ON,P7C,ATLANTIC AV AND ATHABASCA ST, TBPS] MOTOR VEHICLE COLLISION 11-10 MVC ANY TYPE,Other,MOTOR VEHICLE COLLISION
TB24003090,"01/23/2024, 3:24:27 PM","01/24/2024, 2:03:00 PM",THUNDER BAY,ON,P7K 1A4,4300 Block MAPLEWARD RD, TBPS] MOTOR VEHICLE COLLISION 11-10 MVC ANY TYPE,Other,MOTOR VEHICLE COLLISION
TB24003351,"01/24/2024, 11:57:59 PM","01/25/2024, 2:02:25 PM",THUNDER BAY,ON,P7A 4M2,MARINA PARK OVERPASS AND CUMBERLAND ST N, TBPS] MOTOR VEHICLE COLLISION MVC - AMB ENR - DUAL RESP,Other,MOTOR VEHICLE COLLISION
TB24003364,"01/25/2024, 2:40:34 AM","01/25/2024, 2:02:25 PM",THUNDER BAY,ON,P7B 5L4,1 Block CUMBERLAND ST S, TBPS] LIQUOR LICENCE ACT LIQUOR LICENCE ACT VIOLATION IN PROGRESS,Quality of Life,LIQUOR LICENCE ACT
TB24003367,"01/25/2024, 2:58:44 AM","01/25/2024, 2:02:25 PM",THUNDER BAY,ON,P7E 1B4,200 Block MAY ST S, TBPS] LIQUOR LICENCE ACT LIQUOR LICENCE ACT VIOLATION IN PROGRESS,Quality of Life,LIQUOR LICENCE ACT
TB24003385,"01/25/2024, 6:46:36 AM","01/25/2024, 2:02:25 PM",THUNDER BAY,ON,P7E 5V3,500 Block DONALD ST E, TBPS] ASSAULT SUSP PRESENT OR IN AREA,Assault,ASSAULT
TB24003375,"01/25/2024, 4:31:55 AM","01/25/2024, 2:02:25 PM",THUNDER BAY,ON,P7E 5S2,1100 Block ARTHUR ST W, TBPS] THEFT SUSP STILL PRESENT OR MAY BE IN AREA,Other Theft,THEFT
TB24003282,"01/24/2024, 6:08:49 PM","01/25/2024, 2:02:26 PM",THUNDER BAY,ON,P7J 1L2,CITY RD AND BACK ST, TBPS] MOTOR VEHICLE COLLISION 11-10 MVC ANY TYPE,Other,MOTOR VEHICLE COLLISION
TB24003285,"01/24/2024, 6:25:39 PM","01/25/2024, 2:02:26 PM",THUNDER BAY,ON,P7E 6L5,1100 Block ARTHUR ST W, TBPS] MOTOR VEHICLE COLLISION 11-10 MVC ANY TYPE,Other,MOTOR VEHICLE COLLISION
TB24003324,"01/24/2024, 9:30:04 PM","01/25/2024, 2:02:26 PM",THUNDER BAY,ON,P7A 6S7,100 Block CLAYTE ST, TBPS] ASSAULT ACCUSED NOT PRESENT,Assault,ASSAULT
TB24003288,"01/24/2024, 6:59:20 PM","01/25/2024, 2:02:26 PM",THUNDER BAY,ON,P7B,MAY ST N AND ISABEL ST, TBPS] MOTOR VEHICLE COLLISION 11-10 MVC ANY TYPE,Other,MOTOR VEHICLE COLLISION
TB24003313,"01/24/2024, 8:41:22 PM","01/25/2024, 2:02:26 PM",THUNDER BAY,ON,P7E 5P7,100 Block ARTHUR ST W, TBPS] THEFT SUSP STILL PRESENT OR MAY BE IN AREA,Other Theft,THEFT
TB24003228,"01/24/2024, 8:32:20 AM","01/25/2024, 2:02:27 PM",THUNDER BAY,ON,P7A 4K8,1 Block CUMBERLAND ST N, TBPS] LIQUOR LICENCE ACT LIQUOR LICENCE ACT VIOLATION IN PROGRESS,Quality of Life,LIQUOR LICENCE ACT
TB24003241,"01/24/2024, 2:11:17 PM","01/25/2024, 2:02:27 PM",THUNDER BAY,ON,P7B,CENTRAL AV AND MEMORIAL AV, TBPS] MOTOR VEHICLE COLLISION 11-10 MVC ANY TYPE,Other,MOTOR VEHICLE COLLISION
TB24003245,"01/24/2024, 2:37:52 PM","01/25/2024, 2:02:27 PM",THUNDER BAY,ON,P7B,HARBOUR EXPRESSWAY AND MEMORIAL AV, TBPS] MOTOR VEHICLE COLLISION 11-10 MVC ANY TYPE,Other,MOTOR VEHICLE COLLISION
TB24003248,"01/24/2024, 3:01:31 PM","01/25/2024, 2:02:27 PM",THUNDER BAY,ON,P0T 2G0,OLIVER RD AND MINING RD, TBPS] MOTOR VEHICLE COLLISION 11-10 MVC ANY TYPE,Other,MOTOR VEHICLE COLLISION
TB24003247,"01/24/2024, 2:51:38 PM","01/25/2024, 2:02:27 PM",THUNDER BAY,ON,P7C 5G8,400 Block BALMORAL ST, TBPS] MOTOR VEHICLE COLLISION 11-10 MVC ANY TYPE,Other,MOTOR VEHICLE COLLISION
TB24003251,"01/24/2024, 3:27:50 PM","01/25/2024, 2:02:27 PM",THUNDER BAY,ON,P7B 2Z3,300 Block FORT WILLIAM RD, TBPS] MOTOR VEHICLE COLLISION 11-10 MVC ANY TYPE,Other,MOTOR VEHICLE COLLISION
TB24003249,"01/24/2024, 3:14:15 PM","01/25/2024, 2:02:27 PM",THUNDER BAY,ON,P7B 3K1,RED RIVER RD AND HIGH ST N, TBPS] MOTOR VEHICLE COLLISION 11-10 MVC ANY TYPE,Other,MOTOR VEHICLE COLLISION
TB24003253,"01/24/2024, 3:37:17 PM","01/25/2024, 2:02:27 PM",THUNDER BAY,ON,P7A 4L3,ST. PAUL ST AND VAN NORMAN ST, TBPS] MOTOR VEHICLE COLLISION 11-10 MVC ANY TYPE,Other,MOTOR VEHICLE COLLISION
TB24003258,"01/24/2024, 4:32:26 PM","01/25/2024, 2:02:27 PM",THUNDER BAY,ON,P7B 5Z5,1200 Block BALMORAL ST," TBPS] THEFT NOT IN PROGRESS, UNDER 5000",Other Theft,THEFT
TB24003259,"01/24/2024, 4:35:53 PM","01/25/2024, 2:02:27 PM",THUNDER BAY,ON,P7B 2L4,RAVENWOOD AV AND CROOKS ST, TBPS] MOTOR VEHICLE COLLISION 11-10 MVC ANY TYPE,Other,MOTOR VEHICLE COLLISION
TB24003263,"01/24/2024, 4:49:26 PM","01/25/2024, 2:02:27 PM",THUNDER BAY,ON,P7C 4P6,400 Block EDWARD ST N, TBPS] LIQUOR LICENCE ACT LIQUOR LICENCE ACT VIOLATION IN PROGRESS,Quality of Life,LIQUOR LICENCE ACT
TB24003260,"01/24/2024, 4:41:47 PM","01/25/2024, 2:02:27 PM",THUNDER BAY,ON,P7E 4X5,WALSH ST W AND MOUNTDALE AV, TBPS] MOTOR VEHICLE COLLISION 11-10 MVC ANY TYPE,Other,MOTOR VEHICLE COLLISION
TB24003264,"01/24/2024, 4:52:24 PM","01/25/2024, 2:02:27 PM",THUNDER BAY,ON,P7B 4K5,200 Block ROCKWOOD AV S, TBPS] MOTOR VEHICLE COLLISION 11-10 MVC ANY TYPE,Other,MOTOR VEHICLE COLLISION
TB24003280,"01/24/2024, 5:55:48 PM","01/25/2024, 2:02:27 PM",THUNDER BAY,ON,P7B 2B4,500 Block MONTGOMERY ST, TBPS] MOTOR VEHICLE COLLISION 11-10 MVC ANY TYPE,Other,MOTOR VEHICLE COLLISION
TB24003287,"01/24/2024, 6:41:05 PM","01/25/2024, 2:02:27 PM",THUNDER BAY,ON,P7B 5V1,1000 Block DAWSON RD, TBPS] MOTOR VEHICLE COLLISION MVC NO INJURIES,Traffic,MOTOR VEHICLE COLLISION
TB24001326,"01/10/2024, 11:09:20 PM","01/25/2024, 2:02:28 PM",THUNDER BAY,ON,P7E 2T9,1300 Block YONGE ST, TBPS] MOTOR VEHICLE COLLISION 11-10 MVC ANY TYPE,Other,MOTOR VEHICLE COLLISION
TB24003131,"01/23/2024, 7:45:38 PM","01/25/2024, 2:02:28 PM",THUNDER BAY,ON,P7K 1A2,4100 Block MAPLEWARD RD, TBPS] MOTOR VEHICLE COLLISION 11-10 MVC ANY TYPE,Other,MOTOR VEHICLE COLLISION
TB24003230,"01/24/2024, 9:19:33 AM","01/25/2024, 2:02:28 PM",THUNDER BAY,ON,P7E 5R5,500 Block ARTHUR ST W, TBPS] LIQUOR LICENCE ACT LIQUOR LICENCE ACT VIOLATION IN PROGRESS,Quality of Life,LIQUOR LICENCE ACT
TB24003242,"01/24/2024, 2:15:41 PM","01/25/2024, 2:02:28 PM",THUNDER BAY,ON,P7B,CENTRAL AV AND MEMORIAL AV, TBPS] MOTOR VEHICLE COLLISION 11-10 MVC ANY TYPE,Other,MOTOR VEHICLE COLLISION
TB24003079,"01/23/2024, 8:52:29 AM","01/25/2024, 2:02:52 PM",THUNDER BAY,ON,P7B 5L4,1 Block CUMBERLAND ST S, TBPS] ASSAULT ACCUSED NOT PRESENT,Assault,ASSAULT
TB24003051,"01/23/2024, 3:01:43 AM","01/26/2024, 2:02:52 PM",THUNDER BAY,ON,P7B 5L6,300 Block MAIN ST, TBPS] ASSAULT ACCUSED NOT PRESENT,Assault,ASSAULT
TB24003508,"01/25/2024, 11:23:45 PM","01/26/2024, 2:02:53 PM",THUNDER BAY,ON,P7A 4Z3,VAN NORMAN ST AND ALGOMA ST N, TBPS] MOTOR VEHICLE COLLISION MVC NO INJURIES,Traffic,MOTOR VEHICLE COLLISION
TB24003525,"01/26/2024, 1:29:05 AM","01/26/2024, 2:02:53 PM",THUNDER BAY,ON,P7B 2S4,800 Block FORT WILLIAM RD, TBPS] ROBBERY NO WEAPONS - SUSP STILL IN AREA,Robbery,ROBBERY
TB24003520,"01/26/2024, 12:20:17 AM","01/26/2024, 2:02:53 PM",THUNDER BAY,ON,P7B 5K5,1100 Block MEMORIAL AV, TBPS] ASSAULT SUSP PRESENT OR IN AREA,Assault,ASSAULT
TB24003522,"01/26/2024, 1:16:07 AM","01/26/2024, 2:02:53 PM",THUNDER BAY,ON,P7B 2R5,900 Block CARRICK ST," TBPS] THEFT IN PROGRESS, OVER 50000",Other Theft,THEFT
TB24003569,"01/26/2024, 8:38:49 AM","01/26/2024, 2:02:53 PM",THUNDER BAY,ON,P7B 5Z5,1200 Block BALMORAL ST," TBPS] THEFT NOT IN PROGRESS, UNDER 5000",Other Theft,THEFT
TB24003526,"01/26/2024, 1:32:38 AM","01/26/2024, 2:02:53 PM",THUNDER BAY,ON,P7E 6B9,1100 Block ARTHUR ST W," TBPS] MISCHIEF IP/SUSP IN AREA, UNDER 5,000",Other Property Crime,MISCHIEF
TB24003448,"01/25/2024, 5:33:17 PM","01/26/2024, 2:02:54 PM",THUNDER BAY,ON,P7B 1V6,JUNOT AV S AND WINDSOR ST, TBPS] MOTOR VEHICLE COLLISION 11-10 MVC ANY TYPE,Other,MOTOR VEHICLE COLLISION
TB24003473,"01/25/2024, 8:21:56 PM","01/26/2024, 2:02:54 PM",THUNDER BAY,ON,P7E 4L5,600 Block MARY ST W, TBPS] LIQUOR LICENCE ACT LIQUOR LICENCE ACT VIOLATION IN PROGRESS,Quality of Life,LIQUOR LICENCE ACT
TB24003494,"01/25/2024, 10:02:43 PM","01/26/2024, 2:02:54 PM",THUNDER BAY,ON,P7E 5V3,500 Block DONALD ST E, TBPS] LIQUOR LICENCE ACT LIQUOR LICENCE ACT VIOLATION IN PROGRESS,Quality of Life,LIQUOR LICENCE ACT
TB24003495,"01/25/2024, 10:08:01 PM","01/26/2024, 2:02:54 PM",THUNDER BAY,ON,P7B 7A5,900 Block OLIVER RD, TBPS] LIQUOR LICENCE ACT LIQUOR LICENCE ACT VIOLATION IN PROGRESS,Quality of Life,LIQUOR LICENCE ACT
TB24003474,"01/25/2024, 8:25:18 PM","01/26/2024, 2:02:54 PM",THUNDER BAY,ON,P7B 5N5,BEVERLY ST AND RAVENWOOD AV, TBPS] MOTOR VEHICLE COLLISION 11-10 MVC ANY TYPE,Other,MOTOR VEHICLE COLLISION
TB24003475,"01/25/2024, 8:30:06 PM","01/26/2024, 2:02:54 PM",THUNDER BAY,ON,P7B,HARBOUR EXPRESSWAY AND FORT WILLIAM RD, TBPS] MOTOR VEHICLE COLLISION 11-10 MVC ANY TYPE,Other,MOTOR VEHICLE COLLISION
TB24003396,"01/25/2024, 9:29:26 AM","01/26/2024, 2:02:55 PM",THUNDER BAY,ON,P7B 3Z8,700 Block MEMORIAL AV, TBPS] LIQUOR LICENCE ACT LIQUOR LICENCE ACT VIOLATION IN PROGRESS,Quality of Life,LIQUOR LICENCE ACT
TB24003398,"01/25/2024, 10:05:34 AM","01/26/2024, 2:02:55 PM",THUNDER BAY,ON,P7C 4B5,400 Block VICKERS ST N, TBPS] ROBBERY NO WEAPONS - SUSP STILL IN AREA,Robbery,ROBBERY
TB24003405,"01/25/2024, 1:24:58 PM","01/26/2024, 2:02:55 PM",THUNDER BAY,ON,P7B 5W4,1000 Block ALLOY DR, TBPS] MOTOR VEHICLE COLLISION 11-10 MVC ANY TYPE,Other,MOTOR VEHICLE COLLISION
TB24003410,"01/25/2024, 2:20:06 PM","01/26/2024, 2:02:55 PM",THUNDER BAY,ON,P7C 0A3,100 Block BRODIE ST N," TBPS] MISCHIEF 11-10, MICHIEF UNDER 5000",Other Property Crime,MISCHIEF
TB24003416,"01/25/2024, 2:57:59 PM","01/26/2024, 2:02:55 PM",THUNDER BAY,ON,P7G 1S5,OLIVER RD AND TWIN CITY CROSSROAD, TBPS] MOTOR VEHICLE COLLISION MVC NO INJURIES,Traffic,MOTOR VEHICLE COLLISION
TB24003426,"01/25/2024, 3:56:17 PM","01/26/2024, 2:02:55 PM",THUNDER BAY,ON,P7E 6H9,ARTHUR ST E AND WATERLOO ST S, TBPS] MOTOR VEHICLE COLLISION MVC - AMB ENR - DUAL RESP,Other,MOTOR VEHICLE COLLISION
TB24003429,"01/25/2024, 4:05:00 PM","01/26/2024, 2:02:55 PM",THUNDER BAY,ON,P7E 1M6,1200 Block ISABELLA ST E, TBPS] B-E BUS/RES/OTH 11-10,Breaking & Entering,B-E BUS/RES/OTH
TB24003417,"01/25/2024, 3:19:30 PM","01/26/2024, 2:02:55 PM",THUNDER BAY,ON,P7B 5S1,400 Block NEWTON ST, TBPS] MOTOR VEHICLE COLLISION 11-10 MVC ANY TYPE,Other,MOTOR VEHICLE COLLISION
TB24003404,"01/25/2024, 1:08:33 PM","01/26/2024, 2:02:56 PM",THUNDER BAY,ON,P7B 1B7,300 Block WAVERLY ST, TBPS] MOTOR VEHICLE COLLISION 11-10 MVC ANY TYPE,Other,MOTOR VEHICLE COLLISION
TB24003650,"01/26/2024, 9:47:20 PM","01/27/2024, 2:02:34 PM",THUNDER BAY,ON,P7B,WATER ST AND JOHN ST, TBPS] MOTOR VEHICLE COLLISION 11-10 MVC ANY TYPE,Other,MOTOR VEHICLE COLLISION
TB24003648,"01/26/2024, 9:40:01 PM","01/27/2024, 2:02:34 PM",THUNDER BAY,ON,P7E 5P4,2800 Block ARTHUR ST E, TBPS] MOTOR VEHICLE COLLISION 11-10 MVC ANY TYPE,Other,MOTOR VEHICLE COLLISION
TB24003663,"01/26/2024, 11:32:51 PM","01/27/2024, 2:02:34 PM",THUNDER BAY,ON,P7J 1E8,2300 Block 61 HWY, TBPS] ASSAULT ACCUSED NOT PRESENT,Assault,ASSAULT
TB24003669,"01/27/2024, 12:00:52 AM","01/27/2024, 2:02:34 PM",THUNDER BAY,ON,J4Y 0K7,500 Block ARTHUR ST W, TBPS] MOTOR VEHICLE COLLISION MVC NO INJURIES,Traffic,MOTOR VEHICLE COLLISION
TB24003652,"01/26/2024, 10:21:20 PM","01/27/2024, 2:02:34 PM",THUNDER BAY,ON,P7B 3C3,200 Block ALGOMA ST S, TBPS] MOTOR VEHICLE COLLISION MVC NO INJURIES,Traffic,MOTOR VEHICLE COLLISION
TB24003659,"01/26/2024, 11:15:05 PM","01/27/2024, 2:02:34 PM",THUNDER BAY,ON,P7B 2G1,HIGH ST S AND OLIVER RD, TBPS] MOTOR VEHICLE COLLISION MVC - AMB ENR - DUAL RESP,Other,MOTOR VEHICLE COLLISION
TB24003675,"01/27/2024, 12:41:12 AM","01/27/2024, 2:02:34 PM",THUNDER BAY,ON,P7B 2Z2,300 Block FORT WILLIAM RD," TBPS] THEFT IN PROGRESS, OVER 50000",Other Theft,THEFT
TB24003679,"01/27/2024, 2:11:31 AM","01/27/2024, 2:02:34 PM",THUNDER BAY,ON,P7A 5A1,100 Block ALGOMA ST N," TBPS] THEFT NOT IN PROGRESS, UNDER 5000",Other Theft,THEFT
TB24003687,"01/27/2024, 3:06:10 AM","01/27/2024, 2:02:34 PM",THUNDER BAY,ON,P7E 2M1,1100 Block BROWN ST, TBPS] LIQUOR LICENCE ACT LIQUOR LICENCE ACT VIOLATION IN PROGRESS,Quality of Life,LIQUOR LICENCE ACT
TB24003705,"01/27/2024, 5:08:17 AM","01/27/2024, 2:02:34 PM",THUNDER BAY,ON,P7E 5R2,400 Block ARTHUR ST W, TBPS] STOLEN VEHICLE SUSP PRESENT OR MAY STILL BE IN AREA,Theft of Vehicle,STOLEN VEHICLE
TB24003689,"01/27/2024, 3:14:30 AM","01/27/2024, 2:02:34 PM",THUNDER BAY,ON,P7B 3M1,HIGH ST S AND SECOND AV, TBPS] LIQUOR LICENCE ACT LIQUOR LICENCE ACT VIOLATION IN PROGRESS,Quality of Life,LIQUOR LICENCE ACT
TB24003561,"01/26/2024, 6:24:35 AM","01/27/2024, 2:02:35 PM",THUNDER BAY,ON,P7C 3H4,200 Block SIMPSON ST, TBPS] MISCHIEF IP PROGRESS/SUPECT IN AREA,Other Property Crime,MISCHIEF
TB24003562,"01/26/2024, 6:50:54 AM","01/27/2024, 2:02:35 PM",THUNDER BAY,ON,P7C 3J2,SIMPSON ST AND PRUDEN ST, TBPS] MOTOR VEHICLE COLLISION MVC INJURIES FIRE NOT REQ,Traffic,MOTOR VEHICLE COLLISION
TB24003572,"01/26/2024, 8:58:57 AM","01/27/2024, 2:02:35 PM",THUNDER BAY,ON,P7C 5M8,600 Block JAMES ST N, TBPS] ARSON SUSP MAY BE PRESENT OR IN AREA,Property Crime,ARSON
TB24003578,"01/26/2024, 11:12:19 AM","01/27/2024, 2:02:35 PM",THUNDER BAY,ON,P7B 5R8,100 Block CUMBERLAND ST S, TBPS] ASSAULT SUSP PRESENT OR IN AREA,Assault,ASSAULT
TB24003580,"01/26/2024, 12:56:28 PM","01/27/2024, 2:02:35 PM",THUNDER BAY,ON,P7C 1B8,1100 Block VICTORIA AV E," TBPS] MISCHIEF IP/SUSP IN AREA, UNDER 5,000",Other Property Crime,MISCHIEF
TB24003592,"01/26/2024, 3:49:33 PM","01/27/2024, 2:02:35 PM",THUNDER BAY,ON,P7B,CENTRAL AV AND FORT WILLIAM RD, TBPS] MOTOR VEHICLE COLLISION 11-10 MVC ANY TYPE,Other,MOTOR VEHICLE COLLISION
TB24003601,"01/26/2024, 4:16:29 PM","01/27/2024, 2:02:35 PM",THUNDER BAY,ON,P7E 5S2,1100 Block ARTHUR ST W, TBPS] MOTOR VEHICLE COLLISION 11-10 MVC ANY TYPE,Other,MOTOR VEHICLE COLLISION
TB24003595,"01/26/2024, 4:00:43 PM","01/27/2024, 2:02:35 PM",THUNDER BAY,ON,P7B 5E1,900 Block OLIVER RD, TBPS] MOTOR VEHICLE COLLISION 11-10 MVC ANY TYPE,Other,MOTOR VEHICLE COLLISION
TB24003605,"01/26/2024, 4:40:11 PM","01/27/2024, 2:02:35 PM",THUNDER BAY,ON,P7B 4W6,1 Block CLARKSON ST S, TBPS] MOTOR VEHICLE COLLISION MVC NO INJURIES,Traffic,MOTOR VEHICLE COLLISION
TB24003593,"01/26/2024, 3:56:43 PM","01/27/2024, 2:02:35 PM",THUNDER BAY,ON,P7A 4B4,CAMELOT ST AND ROYSTON CT, TBPS] MOTOR VEHICLE COLLISION 11-10 MVC ANY TYPE,Other,MOTOR VEHICLE COLLISION
TB24003610,"01/26/2024, 5:26:56 PM","01/27/2024, 2:02:35 PM",THUNDER BAY,ON,P7C 1G4,100 Block VICTORIA AV W, TBPS] MOTOR VEHICLE COLLISION 11-10 MVC ANY TYPE,Other,MOTOR VEHICLE COLLISION
TB24003613,"01/26/2024, 6:06:18 PM","01/27/2024, 2:02:35 PM",THUNDER BAY,ON,P7B 2B5,BALMORAL ST AND MONTGOMERY ST, TBPS] MOTOR VEHICLE COLLISION MVC - AMB ENR - DUAL RESP,Other,MOTOR VEHICLE COLLISION
TB24003606,"01/26/2024, 5:03:04 PM","01/27/2024, 2:02:35 PM",THUNDER BAY,ON,P7A 7E1,RIVER ST AND HIGH ST N, TBPS] MOTOR VEHICLE COLLISION 11-10 MVC ANY TYPE,Other,MOTOR VEHICLE COLLISION
TB24003640,"01/26/2024, 9:06:46 PM","01/27/2024, 2:02:35 PM",THUNDER BAY,ON,P7B 4A4,1000 Block MEMORIAL AV, TBPS] ASSAULT ACCUSED NOT PRESENT,Assault,ASSAULT
TB24003645,"01/26/2024, 9:31:14 PM","01/27/2024, 2:02:35 PM",THUNDER BAY,ON,P7E 5S2,1100 Block ARTHUR ST W, TBPS] MOTOR VEHICLE COLLISION 11-10 MVC ANY TYPE,Other,MOTOR VEHICLE COLLISION
TB24003786,"01/27/2024, 9:58:37 PM","01/28/2024, 2:02:41 PM",THUNDER BAY,ON,P7C 2B4,100 Block HUNTINGTON CT, TBPS] STOLEN VEHICLE SUSP NOT IN AREA,Theft of Vehicle,STOLEN VEHICLE
TB24003821,"01/28/2024, 5:30:07 AM","01/28/2024, 2:02:41 PM",THUNDER BAY,ON,P7E 5V7,1100 Block LINCOLN ST, TBPS] THEFT SUSP STILL PRESENT OR MAY BE IN AREA,Other Theft,THEFT
TB24003796,"01/28/2024, 12:07:43 AM","01/28/2024, 2:02:41 PM",THUNDER BAY,ON,P7A 5R5,HIGH ST N AND VAN NORMAN ST, TBPS] MOTOR VEHICLE COLLISION MVC NO INJURIES,Traffic,MOTOR VEHICLE COLLISION
TB24003726,"01/27/2024, 9:02:34 AM","01/28/2024, 2:02:42 PM",THUNDER BAY,ON,P7B 4Y7,100 Block BLUCHER AV, TBPS] ASSAULT SUSP PRESENT OR IN AREA,Assault,ASSAULT
TB24003729,"01/27/2024, 9:45:32 AM","01/28/2024, 2:02:42 PM",THUNDER BAY,ON,P7B 1A5,200 Block RED RIVER RD, TBPS] ASSAULT SUSP PRESENT OR IN AREA,Assault,ASSAULT
TB24003747,"01/27/2024, 4:21:02 PM","01/28/2024, 2:02:42 PM",THUNDER BAY,ON,P7B 1A6,200 Block RED RIVER RD," TBPS] MISCHIEF IP/SUSP IN AREA, UNDER 5,000",Other Property Crime,MISCHIEF
TB24003749,"01/27/2024, 4:39:19 PM","01/28/2024, 2:02:42 PM",THUNDER BAY,ON,P7E 1B4,200 Block MAY ST S," TBPS] THEFT NOT IN PROGRESS, UNDER 5000",Other Theft,THEFT
TB24003770,"01/27/2024, 7:41:24 PM","01/28/2024, 2:02:42 PM",THUNDER BAY,ON,P7B,FORT WILLIAM RD AND MAIN ST, TBPS] ASSAULT SUSP PRESENT OR IN AREA,Assault,ASSAULT
TB24003774,"01/27/2024, 8:08:48 PM","01/28/2024, 2:02:42 PM",THUNDER BAY,ON,P7E 5C9,2600 Block ISABELLA ST E," TBPS] THEFT NOT IN PROGRESS, FROM MOTOR VEHICLE",Theft from Vehicle,THEFT
TB24003795,"01/27/2024, 11:59:06 PM","01/28/2024, 2:02:42 PM",THUNDER BAY,ON,P7C 3X9,200 Block ARCHIBALD ST N," TBPS] MISCHIEF 11-10, MICHIEF UNDER 5000",Other Property Crime,MISCHIEF
TB24003728,"01/27/2024, 9:30:39 AM","01/28/2024, 2:02:43 PM",THUNDER BAY,ON,P7A 5V6,UNKNOWN STREET AND UNKNOWN STREET, TBPS] MOTOR VEHICLE COLLISION MVC - AMB ENR,Traffic,MOTOR VEHICLE COLLISION
TB24003759,"01/27/2024, 5:48:42 PM","01/28/2024, 2:02:43 PM",THUNDER BAY,ON,P7E 5P7,200 Block ARTHUR ST W, TBPS] MOTOR VEHICLE COLLISION 11-10 MVC ANY TYPE,Other,MOTOR VEHICLE COLLISION
TB24003897,"01/29/2024, 12:06:50 AM","01/29/2024, 2:03:09 PM",THUNDER BAY,ON,P7B 2Z2,300 Block FORT WILLIAM RD, TBPS] THEFT SUSP STILL PRESENT OR MAY BE IN AREA,Other Theft,THEFT
TB24003907,"01/29/2024, 1:30:04 AM","01/29/2024, 2:03:09 PM",THUNDER BAY,ON,P7E 1B4,200 Block MAY ST S, TBPS] ROBBERY NO WEAPONS - SUSP STILL IN AREA,Robbery,ROBBERY
TB24003913,"01/29/2024, 1:48:06 AM","01/29/2024, 2:03:09 PM",THUNDER BAY,ON,P7E 2C5,600 Block WATERLOO ST S," TBPS] THEFT NOT IN PROGRESS, UNDER 5000",Other Theft,THEFT
TB24003914,"01/29/2024, 2:08:01 AM","01/29/2024, 2:03:09 PM",THUNDER BAY,ON,P7A 4S2,500 Block CUMBERLAND ST N, TBPS] ASSAULT SUSP PRESENT OR IN AREA,Assault,ASSAULT
TB24003922,"01/29/2024, 3:46:01 AM","01/29/2024, 2:03:09 PM",THUNDER BAY,ON,P7B 5Z5,1200 Block BALMORAL ST," TBPS] MISCHIEF 11-10, MICHIEF UNDER 5000",Other Property Crime,MISCHIEF
TB24003902,"01/29/2024, 1:04:15 AM","01/29/2024, 2:03:09 PM",THUNDER BAY,ON,P7A,1 Block NORTH WATER ST, TBPS] LIQUOR LICENCE ACT LIQUOR LICENCE ACT VIOLATION IN PROGRESS,Quality of Life,LIQUOR LICENCE ACT
TB24003936,"01/29/2024, 5:38:56 AM","01/29/2024, 2:03:09 PM",THUNDER BAY,ON,P7B 6S2,700 Block MEMORIAL AV, TBPS] TROUBLE WITH YOUTH YOUTHS STILL IN AREA,Quality of Life,TROUBLE WITH YOUTH
TB24003860,"01/28/2024, 3:57:22 PM","01/29/2024, 2:03:10 PM",THUNDER BAY,ON,P7B 2R5,900 Block CARRICK ST, TBPS] SHOPLIFT IN CUSTODY - NO PROBLEMS,Theft,SHOPLIFT
TB24003864,"01/28/2024, 4:50:04 PM","01/29/2024, 2:03:10 PM",THUNDER BAY,ON,P7B 2R5,900 Block CARRICK ST, TBPS] THEFT SUSP STILL PRESENT OR MAY BE IN AREA,Other Theft,THEFT
TB24003841,"01/28/2024, 8:53:51 AM","01/29/2024, 2:03:10 PM",THUNDER BAY,ON,P7B 5J4,1000 Block DAWSON RD, TBPS] ASSAULT SUSP PRESENT OR IN AREA,Assault,ASSAULT
TB24003875,"01/28/2024, 8:19:20 PM","01/29/2024, 2:03:10 PM",THUNDER BAY,ON,P7B 2R5,900 Block CARRICK ST, TBPS] THEFT SUSP STILL PRESENT OR MAY BE IN AREA,Other Theft,THEFT
TB24003877,"01/28/2024, 8:44:04 PM","01/29/2024, 2:03:10 PM",THUNDER BAY,ON,P7A 5B6,400 Block ALGOMA ST N, TBPS] B-E BUS/RES/OTH SUSP PRESENT OR MAY STILL BE IN AREA,Breaking & Entering,B-E BUS/RES/OTH
TB24003885,"01/28/2024, 10:01:05 PM","01/29/2024, 2:03:10 PM",THUNDER BAY,ON,P7A 2G5,300 Block DEWE AV, TBPS] MOTOR VEHICLE COLLISION MVC NO INJURIES,Traffic,MOTOR VEHICLE COLLISION
TB24003879,"01/28/2024, 8:59:42 PM","01/29/2024, 2:03:10 PM",THUNDER BAY,ON,P7B,FORT WILLIAM RD AND MAIN ST, TBPS] MOTOR VEHICLE COLLISION 11-10 MVC ANY TYPE,Other,MOTOR VEHICLE COLLISION
TB24003880,"01/28/2024, 9:26:05 PM","01/29/2024, 2:03:10 PM",THUNDER BAY,ON,P7A 7V9,1 Block REGENT ST, TBPS] MOTOR VEHICLE COLLISION MVC NO INJURIES,Traffic,MOTOR VEHICLE COLLISION
TB24003881,"01/28/2024, 9:45:04 PM","01/29/2024, 2:03:10 PM",THUNDER BAY,ON,P7G 2J8,MAPLEWARD RD AND DAWSON RD, TBPS] MOTOR VEHICLE COLLISION MVC NO INJURIES,Traffic,MOTOR VEHICLE COLLISION
TB24004049,"01/30/2024, 1:52:40 AM","01/30/2024, 2:02:16 PM",THUNDER BAY,ON,P7E 5S6,SELKIRK ST S AND ARTHUR ST E, TBPS] MOTOR VEHICLE COLLISION VEHICLE LEAKING FLUIDS - DUAL RESP,Traffic,MOTOR VEHICLE COLLISION
TB24004064,"01/30/2024, 4:13:42 AM","01/30/2024, 2:02:16 PM",THUNDER BAY,ON,P7B 2R5,900 Block CARRICK ST, TBPS] ROBBERY NO WEAPONS - SUSP STILL IN AREA,Robbery,ROBBERY
TB24004048,"01/30/2024, 1:45:38 AM","01/30/2024, 2:02:16 PM",THUNDER BAY,ON,P7E 2M6,1400 Block BROWN ST, TBPS] ROBBERY NO WEAPONS - SUSP STILL IN AREA,Robbery,ROBBERY
TB24004047,"01/30/2024, 1:31:18 AM","01/30/2024, 2:02:16 PM",THUNDER BAY,ON,P7C 5V3,700 Block BALMORAL ST, TBPS] MOTOR VEHICLE COLLISION MVC NO INJURIES,Traffic,MOTOR VEHICLE COLLISION
TB24004043,"01/30/2024, 12:23:44 AM","01/30/2024, 2:02:16 PM",THUNDER BAY,ON,P7B 5K1,1 Block WALKOVER ST," TBPS] MISCHIEF 11-10, MICHIEF UNDER 5000",Other Property Crime,MISCHIEF
TB24004067,"01/30/2024, 4:40:09 AM","01/30/2024, 2:02:16 PM",THUNDER BAY,ON,P7B 2R5,900 Block CARRICK ST, TBPS] THEFT SUSP STILL PRESENT OR MAY BE IN AREA,Other Theft,THEFT
TB24003971,"01/29/2024, 3:26:02 PM","01/30/2024, 2:02:17 PM",THUNDER BAY,ON,P7C 3J7,OGDEN ST AND SIMPSON ST, TBPS] MOTOR VEHICLE COLLISION 11-10 MVC ANY TYPE,Other,MOTOR VEHICLE COLLISION
TB24003973,"01/29/2024, 3:35:29 PM","01/30/2024, 2:02:17 PM",THUNDER BAY,ON,P7B 2A4,VALLEY ST AND JOHN ST. RD, TBPS] MOTOR VEHICLE COLLISION 11-10 MVC ANY TYPE,Other,MOTOR VEHICLE COLLISION
TB24003976,"01/29/2024, 3:50:36 PM","01/30/2024, 2:02:17 PM",THUNDER BAY,ON,P7B 1K1,RED RIVER RD AND CLARKSON ST N, TBPS] MOTOR VEHICLE COLLISION 11-10 MVC ANY TYPE,Other,MOTOR VEHICLE COLLISION
TB24003992,"01/29/2024, 5:55:09 PM","01/30/2024, 2:02:17 PM",THUNDER BAY,ON,P7C 6B3,100 Block LYNX CR, TBPS] MOTOR VEHICLE COLLISION 11-10 MVC ANY TYPE,Other,MOTOR VEHICLE COLLISION
TB24004001,"01/29/2024, 6:34:02 PM","01/30/2024, 2:02:17 PM",THUNDER BAY,ON,P7C 4B2,CAMERON ST AND VICKERS ST N, TBPS] MOTOR VEHICLE COLLISION MVC - AMB ENR - DUAL RESP,Other,MOTOR VEHICLE COLLISION
TB24003998,"01/29/2024, 6:16:02 PM","01/30/2024, 2:02:17 PM",THUNDER BAY,ON,P7E 4N5,100 Block CHRISTINA ST E," TBPS] THEFT NOT IN PROGRESS, FROM MOTOR VEHICLE",Theft from Vehicle,THEFT
TB24003994,"01/29/2024, 6:05:34 PM","01/30/2024, 2:02:17 PM",THUNDER BAY,ON,P7E 6H9,ARTHUR ST E AND WATERLOO ST S, TBPS] MOTOR VEHICLE COLLISION 11-10 MVC ANY TYPE,Other,MOTOR VEHICLE COLLISION
TB24004000,"01/29/2024, 6:33:30 PM","01/30/2024, 2:02:17 PM",THUNDER BAY,ON,P7C 4P5,400 Block EDWARD ST N, TBPS] MOTOR VEHICLE COLLISION 11-10 MVC ANY TYPE,Other,MOTOR VEHICLE COLLISION
TB24004002,"01/29/2024, 6:42:57 PM","01/30/2024, 2:02:17 PM",THUNDER BAY,ON,P7B 5R8,100 Block CUMBERLAND ST S, TBPS] DRUG OFFENCES SUSP PRESENT OR MAY STILL BE IN AREA,Quality of Life,DRUG OFFENCES
TB24004003,"01/29/2024, 6:48:27 PM","01/30/2024, 2:02:17 PM",THUNDER BAY,ON,P7B 1J3,EMPRESS AV N AND RED RIVER RD, TBPS] MOTOR VEHICLE COLLISION 11-10 MVC ANY TYPE,Other,MOTOR VEHICLE COLLISION
TB24004011,"01/29/2024, 8:43:33 PM","01/30/2024, 2:02:17 PM",THUNDER BAY,ON,P7B 5J4,1000 Block DAWSON RD," TBPS] MISCHIEF 11-10, MICHIEF UNDER 5000",Other Property Crime,MISCHIEF
TB24004009,"01/29/2024, 8:15:44 PM","01/30/2024, 2:02:17 PM",THUNDER BAY,ON,P7B 3C2,JOHN ST AND MEMORIAL AV, TBPS] MOTOR VEHICLE COLLISION MVC - AMB ENR - DUAL RESP,Other,MOTOR VEHICLE COLLISION
TB24004014,"01/29/2024, 9:09:09 PM","01/30/2024, 2:02:17 PM",THUNDER BAY,ON,P7B 2R5,900 Block CARRICK ST, TBPS] THEFT SUSP STILL PRESENT OR MAY BE IN AREA,Other Theft,THEFT
TB24004033,"01/29/2024, 11:41:08 PM","01/30/2024, 2:02:17 PM",THUNDER BAY,ON,P7A 4T8,1 Block COURT ST N, TBPS] ASSAULT SUSP PRESENT OR IN AREA,Assault,ASSAULT
TB24004036,"01/29/2024, 11:54:31 PM","01/30/2024, 2:02:17 PM",THUNDER BAY,ON,P7B 7A5,1000 Block OLIVER RD, TBPS] MOTOR VEHICLE COLLISION 11-10 MVC ANY TYPE,Other,MOTOR VEHICLE COLLISION
TB24004038,"01/30/2024, 12:05:03 AM","01/30/2024, 2:02:17 PM",THUNDER BAY,ON,P7C 5M9,HARSTONE DR AND FRASER RD, TBPS] MOTOR VEHICLE COLLISION MVC NO INJURIES,Traffic,MOTOR VEHICLE COLLISION
TB24003917,"01/29/2024, 2:46:59 AM","01/30/2024, 2:02:18 PM",THUNDER BAY,ON,P7C 3H1,SIMPSON ST AND LEITH ST, TBPS] MOTOR VEHICLE COLLISION MVC - AMB ENR - DUAL RESP,Other,MOTOR VEHICLE COLLISION
TB24003960,"01/29/2024, 12:21:45 PM","01/30/2024, 2:02:18 PM",THUNDER BAY,ON,P7A 4R5,400 Block CUMBERLAND ST N, TBPS] LIQUOR LICENCE ACT LIQUOR LICENCE ACT VIOLATION IN PROGRESS,Quality of Life,LIQUOR LICENCE ACT
TB24003963,"01/29/2024, 2:05:48 PM","01/30/2024, 2:02:18 PM",THUNDER BAY,ON,P7B 6Z8,1400 Block NAKINA DR, TBPS] MOTOR VEHICLE COLLISION 11-10 MVC ANY TYPE,Other,MOTOR VEHICLE COLLISION
TB24003964,"01/29/2024, 2:30:10 PM","01/30/2024, 2:02:18 PM",THUNDER BAY,ON,P7B 1K1,ALGONQUIN AV S AND RED RIVER RD, TBPS] MOTOR VEHICLE COLLISION 11-10 MVC ANY TYPE,Other,MOTOR VEHICLE COLLISION
TB24003965,"01/29/2024, 2:46:43 PM","01/30/2024, 2:02:18 PM",THUNDER BAY,ON,P7A 4X8,COURT ST N AND CLAVET ST, TBPS] MOTOR VEHICLE COLLISION 11-10 MVC ANY TYPE,Other,MOTOR VEHICLE COLLISION
TB24003968,"01/29/2024, 3:02:43 PM","01/30/2024, 2:02:18 PM",THUNDER BAY,ON,P7B 6B7,400 Block WINNIPEG AV, TBPS] MOTOR VEHICLE COLLISION 11-10 MVC ANY TYPE,Other,MOTOR VEHICLE COLLISION
TB24004208,"01/31/2024, 2:15:26 AM","01/31/2024, 2:02:15 PM",THUNDER BAY,ON,P7E 5V3,500 Block DONALD ST E, TBPS] LIQUOR LICENCE ACT LIQUOR LICENCE ACT VIOLATION IN PROGRESS,Quality of Life,LIQUOR LICENCE ACT
TB24004230,"01/31/2024, 6:54:31 AM","01/31/2024, 2:02:15 PM",THUNDER BAY,ON,P7E 5G8,2600 Block MCGREGOR PL, TBPS] LIQUOR LICENCE ACT LIQUOR LICENCE ACT VIOLATION IN PROGRESS,Quality of Life,LIQUOR LICENCE ACT
TB24004229,"01/31/2024, 6:46:34 AM","01/31/2024, 2:02:15 PM",THUNDER BAY,ON,P7C 5Y2,200 Block LILLIE ST N, TBPS] LIQUOR LICENCE ACT LIQUOR LICENCE ACT VIOLATION IN PROGRESS,Quality of Life,LIQUOR LICENCE ACT
TB24004120,"01/30/2024, 4:54:04 PM","01/31/2024, 2:02:16 PM",THUNDER BAY,ON,P7B 5E1,900 Block OLIVER RD, TBPS] MOTOR VEHICLE COLLISION 11-10 MVC ANY TYPE,Other,MOTOR VEHICLE COLLISION
TB24004137,"01/30/2024, 6:36:23 PM","01/31/2024, 2:02:16 PM",THUNDER BAY,ON,P7B,CENTRAL AV AND FORT WILLIAM RD, TBPS] MOTOR VEHICLE COLLISION 11-10 MVC ANY TYPE,Other,MOTOR VEHICLE COLLISION
TB24004161,"01/30/2024, 10:06:53 PM","01/31/2024, 2:02:16 PM",THUNDER BAY,ON,P7E 1G6,300 Block ARCHIBALD ST S, TBPS] ASSAULT SUSP PRESENT OR IN AREA,Assault,ASSAULT
TB24004159,"01/30/2024, 9:10:23 PM","01/31/2024, 2:02:16 PM",THUNDER BAY,ON,P7E 2H1,600 Block EDWARD ST S, TBPS] TRESPASS AT NIGHT SUSP NOT IN AREA - REPORTED AFTER THE FA,Other Property Crime,TRESPASS AT NIGHT
TB24004144,"01/30/2024, 7:15:13 PM","01/31/2024, 2:02:16 PM",THUNDER BAY,ON,P7C 3N9,100 Block MAY ST N, TBPS] ASSAULT SUSP PRESENT OR IN AREA,Assault,ASSAULT
TB24004146,"01/30/2024, 7:30:21 PM","01/31/2024, 2:02:16 PM",THUNDER BAY,ON,P7B 3Y2,200 Block MEMORIAL AV," TBPS] THEFT NOT IN PROGRESS, UNDER 5000",Other Theft,THEFT
TB24004156,"01/30/2024, 8:28:00 PM","01/31/2024, 2:02:16 PM",THUNDER BAY,ON,P7E,BROWN ST AND WALSH ST W, TBPS] MOTOR VEHICLE COLLISION MVC NO INJURIES,Traffic,MOTOR VEHICLE COLLISION
TB24004166,"01/30/2024, 10:36:35 PM","01/31/2024, 2:02:16 PM",THUNDER BAY,ON,P7B 2R5,900 Block CARRICK ST, TBPS] THEFT SUSP STILL PRESENT OR MAY BE IN AREA,Other Theft,THEFT
TB24004196,"01/31/2024, 12:56:53 AM","01/31/2024, 2:02:16 PM",THUNDER BAY,ON,P7B 7A5,OLIVER RD AND AGORA CIR, TBPS] MOTOR VEHICLE COLLISION MVC NO INJURIES,Traffic,MOTOR VEHICLE COLLISION
TB24004008,"01/29/2024, 7:35:21 PM","01/31/2024, 2:02:17 PM",THUNDER BAY,ON,P7A,DAWSON RD AND RED RIVER RD, TBPS] MOTOR VEHICLE COLLISION 11-10 MVC ANY TYPE,Other,MOTOR VEHICLE COLLISION
TB24004105,"01/30/2024, 3:11:15 PM","01/31/2024, 2:02:17 PM",THUNDER BAY,ON,P7B,MEMORIAL AV AND HARBOUR EXPRESSWAY, TBPS] MOTOR VEHICLE COLLISION 11-10 MVC ANY TYPE,Other,MOTOR VEHICLE COLLISION
TB24004109,"01/30/2024, 3:27:52 PM","01/31/2024, 2:02:17 PM",THUNDER BAY,ON,P7A 4G7,200 Block COOKE ST, TBPS] MOTOR VEHICLE COLLISION 11-10 MVC ANY TYPE,Other,MOTOR VEHICLE COLLISION
TB24004115,"01/30/2024, 4:20:21 PM","01/31/2024, 2:02:17 PM",THUNDER BAY,ON,P7B 5L6,300 Block MAIN ST, TBPS] THEFT SUSP STILL PRESENT OR MAY BE IN AREA,Other Theft,THEFT
TB24004112,"01/30/2024, 3:42:07 PM","01/31/2024, 2:02:17 PM",THUNDER BAY,ON,P7A 5Y3,1 Block MADELINE ST, TBPS] MOTOR VEHICLE COLLISION 11-10 MVC ANY TYPE,Other,MOTOR VEHICLE COLLISION
TB24004118,"01/30/2024, 4:40:42 PM","01/31/2024, 2:02:17 PM",THUNDER BAY,ON,P7A 6J6,900 Block HUDSON AV, TBPS] MOTOR VEHICLE COLLISION 11-10 MVC ANY TYPE,Other,MOTOR VEHICLE COLLISION
TB24004116,"01/30/2024, 4:24:07 PM","01/31/2024, 2:02:17 PM",THUNDER BAY,ON,P7B 7A4,1100 Block OLIVER RD, TBPS] MOTOR VEHICLE COLLISION 11-10 MVC ANY TYPE,Other,MOTOR VEHICLE COLLISION
TB24004119,"01/30/2024, 4:41:10 PM","01/31/2024, 2:02:17 PM",THUNDER BAY,ON,P7E 5R8,ARTHUR ST W AND MOUNTDALE AV, TBPS] MOTOR VEHICLE COLLISION 11-10 MVC ANY TYPE,Other,MOTOR VEHICLE COLLISION
TB24004123,"01/30/2024, 5:19:20 PM","01/31/2024, 2:02:17 PM",THUNDER BAY,ON,P7B 1K2,800 Block RED RIVER RD, TBPS] MOTOR VEHICLE COLLISION 11-10 MVC ANY TYPE,Other,MOTOR VEHICLE COLLISION
TB24003995,"01/29/2024, 6:07:16 PM","01/31/2024, 2:02:18 PM",THUNDER BAY,ON,P7E,NEEBING AV AND ROSSLYN RD, TBPS] MOTOR VEHICLE COLLISION 11-10 MVC ANY TYPE,Other,MOTOR VEHICLE COLLISION
TB24004106,"01/30/2024, 3:14:10 PM","01/31/2024, 2:02:18 PM",THUNDER BAY,ON,P7C 3L6,800 Block SPRING ST, TBPS] B-E BUS/RES/OTH 11-10,Breaking & Entering,B-E BUS/RES/OTH
TB24004361,"02/01/2024, 3:21:56 AM","02/01/2024, 2:02:29 PM",THUNDER BAY,ON,P7C 6A5,800 Block MAY ST N, TBPS] ASSAULT SUSP PRESENT OR IN AREA,Assault,ASSAULT
TB24004358,"02/01/2024, 3:11:49 AM","02/01/2024, 2:02:29 PM",THUNDER BAY,ON,P7E 6T6,1300 Block NEEBING AV, TBPS] ASSAULT SUSP PRESENT OR IN AREA,Assault,ASSAULT
TB24004354,"02/01/2024, 2:21:04 AM","02/01/2024, 2:02:29 PM",THUNDER BAY,ON,P7B 1V8,200 Block WINDSOR ST, TBPS] B-E BUS/RES/OTH SUSP PRESENT OR MAY STILL BE IN AREA,Breaking & Entering,B-E BUS/RES/OTH
TB24004370,"02/01/2024, 4:31:21 AM","02/01/2024, 2:02:29 PM",THUNDER BAY,ON,P7B 1N5,300 Block DUFFERIN ST, TBPS] B-E BUS/RES/OTH SUSP PRESENT OR MAY STILL BE IN AREA,Breaking & Entering,B-E BUS/RES/OTH
TB24004371,"02/01/2024, 4:32:15 AM","02/01/2024, 2:02:29 PM",THUNDER BAY,ON,P7B 6S2,700 Block MEMORIAL AV, TBPS] ASSAULT SUSP PRESENT OR IN AREA,Assault,ASSAULT
TB24004374,"02/01/2024, 4:47:36 AM","02/01/2024, 2:02:29 PM",THUNDER BAY,ON,P7E 5M8,900 Block ARTHUR ST E, TBPS] THEFT SUSP STILL PRESENT OR MAY BE IN AREA,Other Theft,THEFT
TB24004382,"02/01/2024, 5:34:33 AM","02/01/2024, 2:02:29 PM",THUNDER BAY,ON,P7B 2R5,900 Block CARRICK ST, TBPS] THEFT SUSP STILL PRESENT OR MAY BE IN AREA,Other Theft,THEFT
TB24004263,"01/31/2024, 3:56:12 PM","02/01/2024, 2:02:30 PM",THUNDER BAY,ON,P7A 4V7,100 Block COURT ST N, TBPS] MOTOR VEHICLE COLLISION 11-10 MVC ANY TYPE,Other,MOTOR VEHICLE COLLISION
TB24004272,"01/31/2024, 4:20:28 PM","02/01/2024, 2:02:30 PM",THUNDER BAY,ON,P7E 6B9,1100 Block ARTHUR ST W, TBPS] MOTOR VEHICLE COLLISION 11-10 MVC ANY TYPE,Other,MOTOR VEHICLE COLLISION
TB24004305,"01/31/2024, 7:03:14 PM","02/01/2024, 2:02:30 PM",THUNDER BAY,ON,P7E 5V3,500 Block DONALD ST E, TBPS] ASSAULT SUSP PRESENT OR IN AREA,Assault,ASSAULT
TB24004292,"01/31/2024, 5:56:11 PM","02/01/2024, 2:02:30 PM",THUNDER BAY,ON,P7A 4L8,1 Block CUMBERLAND ST N, TBPS] ASSAULT SUSP PRESENT OR IN AREA,Assault,ASSAULT
TB24004311,"01/31/2024, 7:37:19 PM","02/01/2024, 2:02:30 PM",THUNDER BAY,ON,P7E,200 Block BROCK ST E, TBPS] B-E BUS/RES/OTH 11-10,Breaking & Entering,B-E BUS/RES/OTH
TB24004326,"01/31/2024, 9:51:01 PM","02/01/2024, 2:02:30 PM",THUNDER BAY,ON,P7A 5V6,UNKNOWN STREET AND UNKNOWN STREET, TBPS] MOTOR VEHICLE COLLISION MVC - AMB ENR - DUAL RESP,Other,MOTOR VEHICLE COLLISION
TB24004321,"01/31/2024, 8:24:11 PM","02/01/2024, 2:02:30 PM",THUNDER BAY,ON,P7C 3L6,800 Block SPRING ST, TBPS] B-E BUS/RES/OTH 11-10,Breaking & Entering,B-E BUS/RES/OTH
TB24004344,"02/01/2024, 12:42:27 AM","02/01/2024, 2:02:30 PM",THUNDER BAY,ON,P7E 5V3,500 Block DONALD ST E, TBPS] ROBBERY NO WEAPONS - SUSP STILL IN AREA,Robbery,ROBBERY
TB24004245,"01/31/2024, 1:13:09 PM","02/01/2024, 2:02:31 PM",THUNDER BAY,ON,P7B 4E7,400 Block RAY BLVD, TBPS] B-E BUS/RES/OTH SUSP PRESENT OR MAY STILL BE IN AREA,Breaking & Entering,B-E BUS/RES/OTH
TB24004250,"01/31/2024, 2:19:53 PM","02/01/2024, 2:02:31 PM",THUNDER BAY,ON,P7C,EDWARD ST N AND REDWOOD AV E, TBPS] MOTOR VEHICLE COLLISION 11-10 MVC ANY TYPE,Other,MOTOR VEHICLE COLLISION
TB24004252,"01/31/2024, 2:32:28 PM","02/01/2024, 2:02:31 PM",THUNDER BAY,ON,P7B 4A1,900 Block MEMORIAL AV, TBPS] MOTOR VEHICLE COLLISION 11-10 MVC ANY TYPE,Other,MOTOR VEHICLE COLLISION
TB24004257,"01/31/2024, 3:20:51 PM","02/01/2024, 2:02:31 PM",THUNDER BAY,ON,P7C,PARKWAY DR E AND EDWARD ST N, TBPS] MOTOR VEHICLE COLLISION 11-10 MVC ANY TYPE,Other,MOTOR VEHICLE COLLISION
TB24004254,"01/31/2024, 3:11:08 PM","02/01/2024, 2:02:31 PM",THUNDER BAY,ON,P7C 4Z3,600 Block MCKENZIE ST, TBPS] B-E BUS/RES/OTH SUSP PRESENT OR MAY STILL BE IN AREA,Breaking & Entering,B-E BUS/RES/OTH
TB24004259,"01/31/2024, 3:42:56 PM","02/01/2024, 2:02:31 PM",THUNDER BAY,ON,P7C 2G2,600 Block VALE CR, TBPS] MOTOR VEHICLE COLLISION 11-10 MVC ANY TYPE,Other,MOTOR VEHICLE COLLISION
TB24004267,"01/31/2024, 4:08:22 PM","02/01/2024, 2:02:31 PM",THUNDER BAY,ON,P7B 2X7,100 Block COURT ST S, TBPS] MOTOR VEHICLE COLLISION 11-10 MVC ANY TYPE,Other,MOTOR VEHICLE COLLISION
TB24004265,"01/31/2024, 4:02:57 PM","02/01/2024, 2:02:31 PM",THUNDER BAY,ON,J4Y 0K7,500 Block ARTHUR ST W, TBPS] MOTOR VEHICLE COLLISION 11-10 MVC ANY TYPE,Other,MOTOR VEHICLE COLLISION
TB24004261,"01/31/2024, 3:53:28 PM","02/01/2024, 2:02:31 PM",THUNDER BAY,ON,P7B 7A6,1000 Block CENTRAL AV, TBPS] MOTOR VEHICLE COLLISION 11-10 MVC ANY TYPE,Other,MOTOR VEHICLE COLLISION
TB24004271,"01/31/2024, 4:17:24 PM","02/01/2024, 2:02:31 PM",THUNDER BAY,ON,P7B 5V1,1000 Block DAWSON RD, TBPS] MOTOR VEHICLE COLLISION 11-10 MVC ANY TYPE,Other,MOTOR VEHICLE COLLISION
TB24004270,"01/31/2024, 4:14:45 PM","02/01/2024, 2:02:31 PM",THUNDER BAY,ON,P7B 6Z8,1000 Block RED LAKE RD, TBPS] MOTOR VEHICLE COLLISION 11-10 MVC ANY TYPE,Other,MOTOR VEHICLE COLLISION
TB24004247,"01/31/2024, 2:15:27 PM","02/01/2024, 2:02:32 PM",THUNDER BAY,ON,P7G 2C9,COUNTY BLVD AND WARDROPE AV, TBPS] MOTOR VEHICLE COLLISION 11-10 MVC ANY TYPE,Other,MOTOR VEHICLE COLLISION
TB24004251,"01/31/2024, 2:24:26 PM","02/01/2024, 2:02:32 PM",THUNDER BAY,ON,P7B,HIGH ST S AND CORNWALL AV, TBPS] MOTOR VEHICLE COLLISION 11-10 MVC ANY TYPE,Other,MOTOR VEHICLE COLLISION
TB24004253,"01/31/2024, 2:49:54 PM","02/01/2024, 2:02:32 PM",THUNDER BAY,ON,P7E 1T8,600 Block SELKIRK ST S, TBPS] MOTOR VEHICLE COLLISION 11-10 MVC ANY TYPE,Other,MOTOR VEHICLE COLLISION
TB24004237,"01/31/2024, 8:45:49 AM","02/02/2024, 2:04:35 PM",THUNDER BAY,ON,P7E 5N3,1300 Block ARTHUR ST E," TBPS] THEFT NOT IN PROGRESS, UNDER 5000",Other Theft,THEFT
TB24004518,"02/01/2024, 11:21:58 PM","02/02/2024, 2:04:35 PM",THUNDER BAY,ON,P7B 1A8,200 Block RED RIVER RD, TBPS] MOTOR VEHICLE COLLISION MVC NO INJURIES,Traffic,MOTOR VEHICLE COLLISION
TB24004533,"02/02/2024, 1:19:25 AM","02/02/2024, 2:04:35 PM",THUNDER BAY,ON,P7A 3S4,600 Block RIVER ST, TBPS] LIQUOR LICENCE ACT LIQUOR LICENCE ACT VIOLATION IN PROGRESS,Quality of Life,LIQUOR LICENCE ACT
TB24004574,"02/02/2024, 6:23:18 AM","02/02/2024, 2:04:35 PM",THUNDER BAY,ON,P7C 5T8,900 Block SIMPSON ST, TBPS] THEFT SUSP STILL PRESENT OR MAY BE IN AREA,Other Theft,THEFT
TB24004566,"02/02/2024, 4:51:46 AM","02/02/2024, 2:04:35 PM",THUNDER BAY,ON,P7B 5R8,100 Block CUMBERLAND ST S, TBPS] ASSAULT SUSP PRESENT OR IN AREA,Assault,ASSAULT
TB24004570,"02/02/2024, 5:55:06 AM","02/02/2024, 2:04:35 PM",THUNDER BAY,ON,P7B 1K3,900 Block RED RIVER RD, TBPS] THEFT SUSP STILL PRESENT OR MAY BE IN AREA,Other Theft,THEFT
TB24004468,"02/01/2024, 7:07:57 PM","02/02/2024, 2:04:36 PM",THUNDER BAY,ON,P7B 5J2,100 Block ACADEMY DR, TBPS] MOTOR VEHICLE COLLISION 11-10 MVC ANY TYPE,Other,MOTOR VEHICLE COLLISION
TB24004470,"02/01/2024, 7:13:27 PM","02/02/2024, 2:04:36 PM",THUNDER BAY,ON,P7B 4A1,900 Block MEMORIAL AV, TBPS] MOTOR VEHICLE COLLISION 11-10 MVC ANY TYPE,Other,MOTOR VEHICLE COLLISION
TB24004474,"02/01/2024, 7:20:34 PM","02/02/2024, 2:04:36 PM",THUNDER BAY,ON,P7E 1B4,200 Block MAY ST S, TBPS] ASSAULT ACCUSED NOT PRESENT,Assault,ASSAULT
TB24004479,"02/01/2024, 7:43:59 PM","02/02/2024, 2:04:36 PM",THUNDER BAY,ON,P7B 6S2,700 Block MEMORIAL AV, TBPS] THEFT SUSP STILL PRESENT OR MAY BE IN AREA,Other Theft,THEFT
TB24004481,"02/01/2024, 7:47:35 PM","02/02/2024, 2:04:36 PM",THUNDER BAY,ON,P7C,HARBOUR EXPRESSWAY AND GOLF LINKS RD, TBPS] MOTOR VEHICLE COLLISION MVC NO INJURIES,Traffic,MOTOR VEHICLE COLLISION
TB24004482,"02/01/2024, 7:53:18 PM","02/02/2024, 2:04:36 PM",THUNDER BAY,ON,P7C 2G3,100 Block BETHUNE ST, TBPS] DRUG OFFENCES SUSP PRESENT OR MAY STILL BE IN AREA,Quality of Life,DRUG OFFENCES
TB24004483,"02/01/2024, 7:56:21 PM","02/02/2024, 2:04:36 PM",THUNDER BAY,ON,P7B 1A9,200 Block RED RIVER RD, TBPS] ASSAULT SUSP PRESENT OR IN AREA,Assault,ASSAULT
TB24004508,"02/01/2024, 10:23:36 PM","02/02/2024, 2:04:36 PM",THUNDER BAY,ON,P7E 2V7,600 Block JAMES ST S, TBPS] MOTOR VEHICLE COLLISION 11-10 MVC ANY TYPE,Other,MOTOR VEHICLE COLLISION
TB24004498,"02/01/2024, 9:26:17 PM","02/02/2024, 2:04:36 PM",THUNDER BAY,ON,P7A 2X2,400 Block EGAN ST, TBPS] B-E BUS/RES/OTH 11-10,Breaking & Entering,B-E BUS/RES/OTH
TB24004514,"02/01/2024, 10:58:28 PM","02/02/2024, 2:04:36 PM",THUNDER BAY,ON,P7C 2J2,600 Block DEASE ST, TBPS] B-E BUS/RES/OTH SUSP PRESENT OR MAY STILL BE IN AREA,Breaking & Entering,B-E BUS/RES/OTH
TB24004538,"02/02/2024, 1:48:18 AM","02/02/2024, 2:04:36 PM",THUNDER BAY,ON,P7B 6B9,FORT WILLIAM RD AND ISABEL ST, TBPS] ASSAULT SUSP PRESENT OR IN AREA,Assault,ASSAULT
TB24004540,"02/02/2024, 1:54:43 AM","02/02/2024, 2:04:36 PM",THUNDER BAY,ON,P7B 5L6,300 Block MAIN ST, TBPS] THEFT SUSP STILL PRESENT OR MAY BE IN AREA,Other Theft,THEFT
TB24004414,"02/01/2024, 2:17:32 PM","02/02/2024, 2:04:37 PM",THUNDER BAY,ON,P7B,JOHN ST AND WATER ST, TBPS] MOTOR VEHICLE COLLISION 11-10 MVC ANY TYPE,Other,MOTOR VEHICLE COLLISION
TB24004425,"02/01/2024, 4:15:14 PM","02/02/2024, 2:04:37 PM",THUNDER BAY,ON,P7E 6H9,WATERLOO ST S AND ARTHUR ST E, TBPS] MOTOR VEHICLE COLLISION 11-10 MVC ANY TYPE,Other,MOTOR VEHICLE COLLISION
TB24004436,"02/01/2024, 4:00:00 PM","02/02/2024, 2:04:37 PM",THUNDER BAY,ON,P7B 4W8,100 Block CLARKSON ST S, TBPS] ASSAULT ACCUSED NOT PRESENT,Assault,ASSAULT
TB24004439,"02/01/2024, 5:06:50 PM","02/02/2024, 2:04:37 PM",THUNDER BAY,ON,P7B 6S2,700 Block MEMORIAL AV, TBPS] MOTOR VEHICLE COLLISION 11-10 MVC ANY TYPE,Other,MOTOR VEHICLE COLLISION
TB24004431,"02/01/2024, 4:42:36 PM","02/02/2024, 2:04:37 PM",THUNDER BAY,ON,P7B,FORT WILLIAM RD AND CENTRAL AV, TBPS] MOTOR VEHICLE COLLISION 11-10 MVC ANY TYPE,Other,MOTOR VEHICLE COLLISION
TB24004441,"02/01/2024, 5:12:36 PM","02/02/2024, 2:04:37 PM",THUNDER BAY,ON,P7A 2K6,200 Block MACDOUGALL ST, TBPS] ASSAULT ACCUSED PRESENT,Assault,ASSAULT
TB24004442,"02/01/2024, 5:15:21 PM","02/02/2024, 2:04:37 PM",THUNDER BAY,ON,P7B 3Z7,700 Block MEMORIAL AV, TBPS] MOTOR VEHICLE COLLISION 11-10 MVC ANY TYPE,Other,MOTOR VEHICLE COLLISION
TB24004445,"02/01/2024, 5:30:35 PM","02/02/2024, 2:04:37 PM",THUNDER BAY,ON,P7B 4K6,200 Block ROCKWOOD AV S, TBPS] MOTOR VEHICLE COLLISION 11-10 MVC ANY TYPE,Other,MOTOR VEHICLE COLLISION
TB24004444,"02/01/2024, 5:23:28 PM","02/02/2024, 2:04:37 PM",THUNDER BAY,ON,P7B 2R5,900 Block CARRICK ST, TBPS] MOTOR VEHICLE COLLISION 11-10 MVC ANY TYPE,Other,MOTOR VEHICLE COLLISION
TB24004449,"02/01/2024, 5:33:46 PM","02/02/2024, 2:04:37 PM",THUNDER BAY,ON,P7B 5E1,900 Block OLIVER RD, TBPS] MOTOR VEHICLE COLLISION 11-10 MVC ANY TYPE,Other,MOTOR VEHICLE COLLISION
TB24004473,"02/01/2024, 7:20:09 PM","02/02/2024, 2:04:37 PM",THUNDER BAY,ON,P7E 5G9,2600 Block MCGREGOR PL, TBPS] MOTOR VEHICLE COLLISION 11-10 MVC ANY TYPE,Other,MOTOR VEHICLE COLLISION
TB24004486,"02/01/2024, 8:28:43 PM","02/02/2024, 2:04:37 PM",THUNDER BAY,ON,P7C 1B6,VICTORIA AV E AND VICKERS ST N, TBPS] MOTOR VEHICLE COLLISION MVC NO INJURIES,Traffic,MOTOR VEHICLE COLLISION
TB24004385,"02/01/2024, 6:20:35 AM","02/02/2024, 2:04:38 PM",THUNDER BAY,ON,P7E 5R8,600 Block ARTHUR ST W, TBPS] LIQUOR LICENCE ACT LIQUOR LICENCE ACT VIOLATION IN PROGRESS,Quality of Life,LIQUOR LICENCE ACT
TB24004391,"02/01/2024, 9:10:12 AM","02/02/2024, 2:04:38 PM",THUNDER BAY,ON,P7B 1Z7,700 Block JOHN ST, TBPS] LIQUOR LICENCE ACT LIQUOR LICENCE ACT VIOLATION IN PROGRESS,Quality of Life,LIQUOR LICENCE ACT
TB24004392,"02/01/2024, 9:17:41 AM","02/02/2024, 2:04:38 PM",THUNDER BAY,ON,P7G,THUNDER BAY EXPRESSWAY AND BALSAM ST, TBPS] MOTOR VEHICLE COLLISION MVC NO INJURIES,Traffic,MOTOR VEHICLE COLLISION
TB24004411,"02/01/2024, 1:47:26 PM","02/02/2024, 2:04:38 PM",THUNDER BAY,ON,P7E 5R6,600 Block ARTHUR ST W, TBPS] MOTOR VEHICLE COLLISION 11-10 MVC ANY TYPE,Other,MOTOR VEHICLE COLLISION
TB24004415,"02/01/2024, 2:33:18 PM","02/02/2024, 2:04:38 PM",THUNDER BAY,ON,P7E 5P7,200 Block ARTHUR ST W, TBPS] MOTOR VEHICLE COLLISION 11-10 MVC ANY TYPE,Other,MOTOR VEHICLE COLLISION
TB24004417,"02/01/2024, 2:56:51 PM","02/02/2024, 2:04:38 PM",THUNDER BAY,ON,P7A 7Z4,200 Block DOWNING ST, TBPS] MOTOR VEHICLE COLLISION 11-10 MVC ANY TYPE,Other,MOTOR VEHICLE COLLISION
TB24004421,"02/01/2024, 3:32:18 PM","02/02/2024, 2:04:38 PM",THUNDER BAY,ON,P7E 3E3,1300 Block CRAWFORD AV, TBPS] MOTOR VEHICLE COLLISION 11-10 MVC ANY TYPE,Other,MOTOR VEHICLE COLLISION
TB24004419,"02/01/2024, 3:08:17 PM","02/02/2024, 2:04:38 PM",THUNDER BAY,ON,P7A 7V9,1 Block REGENT ST, TBPS] MOTOR VEHICLE COLLISION 11-10 MVC ANY TYPE,Other,MOTOR VEHICLE COLLISION
TB24004427,"02/01/2024, 4:25:49 PM","02/02/2024, 2:04:38 PM",THUNDER BAY,ON,P7E 2V9,700 Block JAMES ST S, TBPS] MOTOR VEHICLE COLLISION 11-10 MVC ANY TYPE,Other,MOTOR VEHICLE COLLISION
TB24004406,"02/01/2024, 1:12:35 PM","02/02/2024, 2:04:39 PM",THUNDER BAY,ON,P7E 5N3,1300 Block ARTHUR ST E, TBPS] ASSAULT ACCUSED NOT PRESENT,Assault,ASSAULT
TB24004420,"02/01/2024, 3:31:03 PM","02/02/2024, 2:04:39 PM",THUNDER BAY,ON,P7B 7A5,1000 Block OLIVER RD, TBPS] MOTOR VEHICLE COLLISION MVC NO INJURIES,Traffic,MOTOR VEHICLE COLLISION
TB24004681,"02/02/2024, 11:20:32 PM","02/03/2024, 2:03:03 PM",THUNDER BAY,ON,P7B,HARBOUR EXPRESSWAY AND MEMORIAL AV, TBPS] MOTOR VEHICLE COLLISION MVC NO INJURIES,Traffic,MOTOR VEHICLE COLLISION
TB24004683,"02/02/2024, 11:31:23 PM","02/03/2024, 2:03:03 PM",THUNDER BAY,ON,P7E 1B4,200 Block MAY ST S, TBPS] B-E BUS/RES/OTH SUSP PRESENT OR MAY STILL BE IN AREA,Breaking & Entering,B-E BUS/RES/OTH
TB24004710,"02/03/2024, 3:56:05 AM","02/03/2024, 2:03:03 PM",THUNDER BAY,ON,P7B 5K5,1100 Block MEMORIAL AV, TBPS] THEFT SUSP STILL PRESENT OR MAY BE IN AREA,Other Theft,THEFT
TB24004724,"02/03/2024, 6:27:26 AM","02/03/2024, 2:03:03 PM",THUNDER BAY,ON,P7E 6N7,1500 Block JAMES ST S, TBPS] LIQUOR LICENCE ACT LIQUOR LICENCE ACT VIOLATION IN PROGRESS,Quality of Life,LIQUOR LICENCE ACT
TB24004729,"02/03/2024, 7:03:54 AM","02/03/2024, 2:03:03 PM",THUNDER BAY,ON,P7B 5E1,900 Block OLIVER RD, TBPS] STOLEN VEHICLE SUSP NOT IN AREA,Theft of Vehicle,STOLEN VEHICLE
TB24004648,"02/02/2024, 7:52:09 PM","02/03/2024, 2:03:04 PM",THUNDER BAY,ON,P7B 1A9,200 Block RED RIVER RD," TBPS] THEFT NOT IN PROGRESS, UNDER 5000",Other Theft,THEFT
TB24004665,"02/02/2024, 9:29:53 PM","02/03/2024, 2:03:04 PM",THUNDER BAY,ON,P7A 6Z1,1 Block ALBANY ST, TBPS] B-E BUS/RES/OTH SUSP PRESENT OR MAY STILL BE IN AREA,Breaking & Entering,B-E BUS/RES/OTH
TB24004678,"02/02/2024, 10:40:05 PM","02/03/2024, 2:03:04 PM",THUNDER BAY,ON,P7B 5J2,100 Block ACADEMY DR," TBPS] THEFT NOT IN PROGRESS, UNDER 5000",Other Theft,THEFT
TB24004705,"02/03/2024, 2:52:55 AM","02/03/2024, 2:03:04 PM",THUNDER BAY,ON,P7B 5A1,300 Block DUBLIN AV, TBPS] MOTOR VEHICLE COLLISION MVC - AMB ENR - DUAL RESP,Other,MOTOR VEHICLE COLLISION
TB24004601,"02/02/2024, 12:44:32 PM","02/03/2024, 2:03:05 PM",THUNDER BAY,ON,P7C 3H6,200 Block SIMPSON ST, TBPS] THEFT SUSP STILL PRESENT OR MAY BE IN AREA,Other Theft,THEFT
TB24004614,"02/02/2024, 3:38:30 PM","02/03/2024, 2:03:05 PM",THUNDER BAY,ON,P7B 3A6,900 Block FORT WILLIAM RD, TBPS] MOTOR VEHICLE COLLISION 11-10 MVC ANY TYPE,Other,MOTOR VEHICLE COLLISION
TB24004624,"02/02/2024, 5:02:27 PM","02/03/2024, 2:03:05 PM",THUNDER BAY,ON,P7B 6S2,700 Block MEMORIAL AV, TBPS] MOTOR VEHICLE COLLISION 11-10 MVC ANY TYPE,Other,MOTOR VEHICLE COLLISION
TB24004558,"02/02/2024, 3:44:18 AM","02/03/2024, 2:03:06 PM",THUNDER BAY,ON,P7C 4P7,400 Block EDWARD ST N, TBPS] ASSAULT ACCUSED NOT PRESENT,Assault,ASSAULT
TB24004587,"02/02/2024, 9:37:35 AM","02/03/2024, 2:03:06 PM",THUNDER BAY,ON,P7A 4R1,400 Block CUMBERLAND ST N, TBPS] ASSAULT SUSP PRESENT OR IN AREA,Assault,ASSAULT
TB24004628,"02/02/2024, 5:24:02 PM","02/03/2024, 2:03:06 PM",THUNDER BAY,ON,P7C 4R9,100 Block LELAND AV N, TBPS] MOTOR VEHICLE COLLISION 11-10 MVC ANY TYPE,Other,MOTOR VEHICLE COLLISION
TB24004823,"02/04/2024, 12:32:02 AM","02/04/2024, 2:02:43 PM",THUNDER BAY,ON,P7B 6B9,1000 Block FORT WILLIAM RD," TBPS] THEFT NOT IN PROGRESS, OVER 5000",Other Theft,THEFT
TB24004827,"02/04/2024, 1:05:55 AM","02/04/2024, 2:02:43 PM",THUNDER BAY,ON,P7E 2L7,BROWN ST AND MARY ST W, TBPS] MOTOR VEHICLE COLLISION MVC - AMB ENR - DUAL RESP,Other,MOTOR VEHICLE COLLISION
TB24004748,"02/03/2024, 9:39:01 AM","02/04/2024, 2:02:44 PM",THUNDER BAY,ON,P7A 5T1,100 Block DUKE ST, TBPS] B-E BUS/RES/OTH SUSP PRESENT OR MAY STILL BE IN AREA,Breaking & Entering,B-E BUS/RES/OTH
TB24004769,"02/03/2024, 3:20:56 PM","02/04/2024, 2:02:44 PM",THUNDER BAY,ON,P7A 2K6,200 Block MACDOUGALL ST, TBPS] ASSAULT SUSP PRESENT OR IN AREA,Assault,ASSAULT
TB24004777,"02/03/2024, 4:14:19 PM","02/04/2024, 2:02:44 PM",THUNDER BAY,ON,P7A 5X4,100 Block PINE ST, TBPS] DRUG OFFENCES SUSP PRESENT OR MAY STILL BE IN AREA,Quality of Life,DRUG OFFENCES
TB24004786,"02/03/2024, 6:22:20 PM","02/04/2024, 2:02:44 PM",THUNDER BAY,ON,P7B 3E1,100 Block SECORD ST, TBPS] POSSESSION OF STOLEN PROPERTY ACCUSED PRESENT,Theft,POSSESSION OF STOLEN PROPERTY
TB24004781,"02/03/2024, 4:34:22 PM","02/04/2024, 2:02:44 PM",THUNDER BAY,ON,P7A 0E7,2200 Block SLEEPING GIANT PKWY, TBPS] DRUG OFFENCES SUSP PRESENT OR MAY STILL BE IN AREA,Quality of Life,DRUG OFFENCES
TB24004814,"02/03/2024, 11:46:51 PM","02/04/2024, 2:02:44 PM",THUNDER BAY,ON,P7A 4M8,100 Block CUMBERLAND ST N, TBPS] MOTOR VEHICLE COLLISION MVC - AMB ENR - DUAL RESP,Other,MOTOR VEHICLE COLLISION
TB24004800,"02/03/2024, 8:51:31 PM","02/04/2024, 2:02:44 PM",THUNDER BAY,ON,P7E 5H5,800 Block RIDGEWAY ST E, TBPS] DRUG OFFENCES SUSP PRESENT OR MAY STILL BE IN AREA,Quality of Life,DRUG OFFENCES
TB24004816,"02/03/2024, 11:57:52 PM","02/04/2024, 2:02:44 PM",THUNDER BAY,ON,P7C 3R4,FINLAYSON ST AND MAY ST N, TBPS] MOTOR VEHICLE COLLISION MVC - AMB ENR - DUAL RESP,Other,MOTOR VEHICLE COLLISION
TB24004719,"02/03/2024, 5:36:44 AM","02/04/2024, 2:02:45 PM",THUNDER BAY,ON,P7A 5P9,200 Block THERESA ST, TBPS] DRUG OFFENCES SUSP PRESENT OR MAY STILL BE IN AREA,Quality of Life,DRUG OFFENCES
TB24004732,"02/03/2024, 7:41:59 AM","02/04/2024, 2:02:45 PM",THUNDER BAY,ON,P7E 5R6,600 Block ARTHUR ST W, TBPS] ASSAULT SUSP PRESENT OR IN AREA,Assault,ASSAULT
TB24004735,"02/03/2024, 7:50:45 AM","02/04/2024, 2:02:45 PM",THUNDER BAY,ON,P7B 5J4,1000 Block DAWSON RD, TBPS] LIQUOR LICENCE ACT LIQUOR LICENCE ACT VIOLATION IN PROGRESS,Quality of Life,LIQUOR LICENCE ACT
TB24004741,"02/03/2024, 8:29:59 AM","02/04/2024, 2:02:45 PM",THUNDER BAY,ON,P7E 6H2,200 Block AMELIA ST W, TBPS] ASSAULT SUSP PRESENT OR IN AREA,Assault,ASSAULT
TB24004738,"02/03/2024, 7:59:30 AM","02/04/2024, 2:02:45 PM",THUNDER BAY,ON,P0T 2G0,200 Block EVERETT DR, TBPS] MOTOR VEHICLE COLLISION MVC - AMB ENR,Traffic,MOTOR VEHICLE COLLISION
TB24004745,"02/03/2024, 8:49:54 AM","02/04/2024, 2:02:45 PM",THUNDER BAY,ON,P7C 5Y2,200 Block LILLIE ST N, TBPS] LIQUOR LICENCE ACT LIQUOR LICENCE ACT VIOLATION IN PROGRESS,Quality of Life,LIQUOR LICENCE ACT
TB24004749,"02/03/2024, 9:44:25 AM","02/04/2024, 2:02:45 PM",THUNDER BAY,ON,P7A 7E8,JUNOT AV N AND MCCOMBER CR, TBPS] MOTOR VEHICLE COLLISION MVC NO INJURIES,Traffic,MOTOR VEHICLE COLLISION
TB24004776,"02/03/2024, 4:13:42 PM","02/04/2024, 2:02:45 PM",THUNDER BAY,ON,P7E 5K7,400 Block LELAND AV S, TBPS] DRUG OFFENCES SUSP PRESENT OR MAY STILL BE IN AREA,Quality of Life,DRUG OFFENCES
TB24004778,"02/03/2024, 4:14:59 PM","02/04/2024, 2:02:45 PM",THUNDER BAY,ON,P7E 2W8,1600 Block EUCLID AV, TBPS] DRUG OFFENCES SUSP PRESENT OR MAY STILL BE IN AREA,Quality of Life,DRUG OFFENCES
TB24004911,"02/04/2024, 10:01:57 PM","02/05/2024, 2:02:41 PM",THUNDER BAY,ON,P7E 6P9,NEEBING AV AND ARTHUR ST W," TBPS] MISCHIEF IP/SUSP IN AREA, UNDER 5,000",Other Property Crime,MISCHIEF
TB24004928,"02/05/2024, 12:27:13 AM","02/05/2024, 2:02:41 PM",THUNDER BAY,ON,P7B 3C2,200 Block ALGOMA ST S, TBPS] MOTOR VEHICLE COLLISION MVC - AMB ENR - DUAL RESP,Other,MOTOR VEHICLE COLLISION
TB24004939,"02/05/2024, 1:58:31 AM","02/05/2024, 2:02:41 PM",THUNDER BAY,ON,P7E 1E3,SYNDICATE AV S AND ARTHUR ST E, TBPS] MOTOR VEHICLE COLLISION JAWS REQD - DUAL RESP,Traffic,MOTOR VEHICLE COLLISION
TB24004941,"02/05/2024, 2:11:29 AM","02/05/2024, 2:02:41 PM",THUNDER BAY,ON,P7A 6G7,100 Block STARDUST CR, TBPS] ASSAULT SUSP PRESENT OR IN AREA,Assault,ASSAULT
TB24004950,"02/05/2024, 3:43:53 AM","02/05/2024, 2:02:41 PM",THUNDER BAY,ON,P7C 5T8,900 Block SIMPSON ST, TBPS] ASSAULT SUSP PRESENT OR IN AREA,Assault,ASSAULT
TB24004942,"02/05/2024, 2:14:06 AM","02/05/2024, 2:02:41 PM",THUNDER BAY,ON,P7A 4R5,400 Block CUMBERLAND ST N, TBPS] THEFT SUSP STILL PRESENT OR MAY BE IN AREA,Other Theft,THEFT
TB24004944,"02/05/2024, 2:48:25 AM","02/05/2024, 2:02:41 PM",THUNDER BAY,ON,P7B 5V1,1000 Block DAWSON RD, TBPS] ASSAULT SUSP PRESENT OR IN AREA,Assault,ASSAULT
TB24004902,"02/04/2024, 7:51:38 PM","02/05/2024, 2:02:42 PM",THUNDER BAY,ON,P7A 5V8,VAN NORMAN ST AND HILL ST N, TBPS] MOTOR VEHICLE COLLISION MVC - AMB ENR - DUAL RESP,Other,MOTOR VEHICLE COLLISION
TB24004916,"02/04/2024, 10:39:32 PM","02/05/2024, 2:02:42 PM",THUNDER BAY,ON,P7C 2G4,100 Block BETHUNE ST, TBPS] STOLEN VEHICLE SUSP PRESENT OR MAY STILL BE IN AREA,Theft of Vehicle,STOLEN VEHICLE
TB24005125,"02/06/2024, 5:45:45 AM","02/06/2024, 2:03:06 PM",THUNDER BAY,ON,P7C 1A1,100 Block SIMPSON ST, TBPS] LIQUOR LICENCE ACT LIQUOR LICENCE ACT VIOLATION IN PROGRESS,Quality of Life,LIQUOR LICENCE ACT
TB24005132,"02/06/2024, 6:49:40 AM","02/06/2024, 2:03:06 PM",THUNDER BAY,ON,P7B 4J4,1 Block TRILLIUM WAY," TBPS] MISCHIEF IP/SUSP IN AREA, UNDER 5,000",Other Property Crime,MISCHIEF
TB24005063,"02/05/2024, 9:32:09 PM","02/06/2024, 2:03:07 PM",THUNDER BAY,ON,P7C 5A6,400 Block MARKS ST N," TBPS] MISCHIEF 11-10, MICHIEF UNDER 5000",Other Property Crime,MISCHIEF
TB24005076,"02/05/2024, 11:14:41 PM","02/06/2024, 2:03:07 PM",THUNDER BAY,ON,P7B 2Z2,300 Block FORT WILLIAM RD, TBPS] THEFT SUSP STILL PRESENT OR MAY BE IN AREA,Other Theft,THEFT
TB24005083,"02/06/2024, 12:36:15 AM","02/06/2024, 2:03:07 PM",THUNDER BAY,ON,P7C 2N3,300 Block OGDEN ST, TBPS] B-E BUS/RES/OTH SUSP PRESENT OR MAY STILL BE IN AREA,Breaking & Entering,B-E BUS/RES/OTH
TB24005064,"02/05/2024, 9:32:50 PM","02/06/2024, 2:03:07 PM",THUNDER BAY,ON,P7A 4M2,100 Block CUMBERLAND ST N, TBPS] ASSAULT SUSP PRESENT OR IN AREA,Assault,ASSAULT
TB24005035,"02/05/2024, 6:42:00 PM","02/06/2024, 2:03:08 PM",THUNDER BAY,ON,P7B 7A5,1000 Block OLIVER RD, TBPS] MOTOR VEHICLE COLLISION 11-10 MVC ANY TYPE,Other,MOTOR VEHICLE COLLISION
TB24005037,"02/05/2024, 6:46:53 PM","02/06/2024, 2:03:08 PM",THUNDER BAY,ON,P7C 1G3,VICTORIA AV E AND EDWARD ST N, TBPS] MOTOR VEHICLE COLLISION MVC NO INJURIES,Traffic,MOTOR VEHICLE COLLISION
TB24005039,"02/05/2024, 7:12:35 PM","02/06/2024, 2:03:08 PM",THUNDER BAY,ON,.,MARGARET ST AND BALSAM ST, TBPS] MOTOR VEHICLE COLLISION 11-10 MVC ANY TYPE,Other,MOTOR VEHICLE COLLISION
TB24005045,"02/05/2024, 7:52:53 PM","02/06/2024, 2:03:08 PM",THUNDER BAY,ON,P7B 2A3,1300 Block JOHN ST. RD, TBPS] MOTOR VEHICLE COLLISION MVC NO INJURIES,Traffic,MOTOR VEHICLE COLLISION
TB24005046,"02/05/2024, 7:53:10 PM","02/06/2024, 2:03:08 PM",THUNDER BAY,ON,P7B 3Y8,500 Block MEMORIAL AV, TBPS] MOTOR VEHICLE COLLISION MVC - AMB ENR - DUAL RESP,Other,MOTOR VEHICLE COLLISION
TB24004966,"02/05/2024, 8:04:28 AM","02/06/2024, 2:03:09 PM",THUNDER BAY,ON,P7B 5J4,1000 Block DAWSON RD," TBPS] MISCHIEF IP/SUSP IN AREA, UNDER 5,000",Other Property Crime,MISCHIEF
TB24004983,"02/05/2024, 2:54:47 PM","02/06/2024, 2:03:09 PM",THUNDER BAY,ON,P7C 2V7,400 Block NORTHERN AV, TBPS] MOTOR VEHICLE COLLISION 11-10 MVC ANY TYPE,Other,MOTOR VEHICLE COLLISION
TB24004993,"02/05/2024, 3:30:37 PM","02/06/2024, 2:03:09 PM",THUNDER BAY,ON,P7J 1E8,2300 Block 61 HWY, TBPS] ASSAULT ACCUSED PRESENT,Assault,ASSAULT
TB24004986,"02/05/2024, 3:07:32 PM","02/06/2024, 2:03:09 PM",THUNDER BAY,ON,P7B 6M9,1100 Block ALLOY DR, TBPS] MOTOR VEHICLE COLLISION 11-10 MVC ANY TYPE,Other,MOTOR VEHICLE COLLISION
TB24004990,"02/05/2024, 3:15:38 PM","02/06/2024, 2:03:09 PM",THUNDER BAY,ON,P7E 2E2,700 Block RUSKIN CR, TBPS] MOTOR VEHICLE COLLISION 11-10 MVC ANY TYPE,Other,MOTOR VEHICLE COLLISION
TB24004995,"02/05/2024, 3:40:44 PM","02/06/2024, 2:03:09 PM",THUNDER BAY,ON,P7A 5P4,1 Block BIRCH ST, TBPS] MOTOR VEHICLE COLLISION 11-10 MVC ANY TYPE,Other,MOTOR VEHICLE COLLISION
TB24004994,"02/05/2024, 3:31:06 PM","02/06/2024, 2:03:09 PM",THUNDER BAY,ON,P7J 1E8,2300 Block 61 HWY, TBPS] ASSAULT ACCUSED PRESENT,Assault,ASSAULT
TB24005002,"02/05/2024, 4:18:07 PM","02/06/2024, 2:03:09 PM",THUNDER BAY,ON,P7C,HARBOUR EXPRESSWAY AND GOLF LINKS RD, TBPS] MOTOR VEHICLE COLLISION 11-10 MVC ANY TYPE,Other,MOTOR VEHICLE COLLISION
TB24004996,"02/05/2024, 3:54:32 PM","02/06/2024, 2:03:09 PM",THUNDER BAY,ON,P7C 4C6,HAROLD ST N AND CAMERON ST, TBPS] MOTOR VEHICLE COLLISION 11-10 MVC ANY TYPE,Other,MOTOR VEHICLE COLLISION
TB24005005,"02/05/2024, 4:36:57 PM","02/06/2024, 2:03:09 PM",THUNDER BAY,ON,P7B 6V4,900 Block OLIVER RD, TBPS] MOTOR VEHICLE COLLISION 11-10 MVC ANY TYPE,Other,MOTOR VEHICLE COLLISION
TB24005012,"02/05/2024, 5:18:41 PM","02/06/2024, 2:03:09 PM",THUNDER BAY,ON,P7C 3W6,300 Block SYNDICATE AV N," TBPS] THEFT NOT IN PROGRESS, FROM MOTOR VEHICLE",Theft from Vehicle,THEFT
TB24005007,"02/05/2024, 4:48:49 PM","02/06/2024, 2:03:09 PM",THUNDER BAY,ON,P7A 1M4,300 Block MONTCLAIR ST, TBPS] MOTOR VEHICLE COLLISION 11-10 MVC ANY TYPE,Other,MOTOR VEHICLE COLLISION
TB24004976,"02/05/2024, 10:58:31 AM","02/06/2024, 2:03:10 PM",THUNDER BAY,ON,P7C 3H6,200 Block SIMPSON ST, TBPS] ASSAULT SUSP PRESENT OR IN AREA,Assault,ASSAULT
TB24004982,"02/05/2024, 2:47:48 PM","02/06/2024, 2:03:10 PM",THUNDER BAY,ON,P7E 5P4,2600 Block ARTHUR ST E, TBPS] MOTOR VEHICLE COLLISION 11-10 MVC ANY TYPE,Other,MOTOR VEHICLE COLLISION
TB24005000,"02/05/2024, 4:10:17 PM","02/06/2024, 2:03:10 PM",THUNDER BAY,ON,P7B 3A6,900 Block FORT WILLIAM RD, TBPS] MOTOR VEHICLE COLLISION 11-10 MVC ANY TYPE,Other,MOTOR VEHICLE COLLISION
TB24004743,"02/03/2024, 8:43:12 AM","02/07/2024, 2:02:21 PM",THUNDER BAY,ON,P7C 3H6,200 Block SIMPSON ST, TBPS] ASSAULT ACCUSED NOT PRESENT,Assault,ASSAULT
TB24005223,"02/06/2024, 10:26:26 PM","02/07/2024, 2:02:21 PM",THUNDER BAY,ON,P7B 4N5,100 Block EMPRESS AV S, TBPS] B-E BUS/RES/OTH 11-10,Breaking & Entering,B-E BUS/RES/OTH
TB24005222,"02/06/2024, 10:23:31 PM","02/07/2024, 2:02:21 PM",THUNDER BAY,ON,P7E 1B4,200 Block MAY ST S, TBPS] B-E BUS/RES/OTH SUSP PRESENT OR MAY STILL BE IN AREA,Breaking & Entering,B-E BUS/RES/OTH
TB24005227,"02/06/2024, 10:55:04 PM","02/07/2024, 2:02:21 PM",THUNDER BAY,ON,P7E 5R3,400 Block ARTHUR ST W, TBPS] MOTOR VEHICLE COLLISION MVC - AMB ENR - DUAL RESP,Other,MOTOR VEHICLE COLLISION
TB24005251,"02/07/2024, 3:53:44 AM","02/07/2024, 2:02:21 PM",THUNDER BAY,ON,P0L 1G0,MAPLEWARD RD AND 11-17 HWY, TBPS] MOTOR VEHICLE COLLISION MVC NO INJURIES,Traffic,MOTOR VEHICLE COLLISION
TB24005260,"02/07/2024, 5:27:02 AM","02/07/2024, 2:02:21 PM",THUNDER BAY,ON,P7C 2H9,200 Block DEASE ST, TBPS] DRUG OFFENCES SUSP PRESENT OR MAY STILL BE IN AREA,Quality of Life,DRUG OFFENCES
TB24005238,"02/07/2024, 1:47:56 AM","02/07/2024, 2:02:21 PM",THUNDER BAY,ON,.,SECORD ST AND CORNWALL AV, TBPS] MOTOR VEHICLE COLLISION 11-10 MVC ANY TYPE,Other,MOTOR VEHICLE COLLISION
TB24005245,"02/07/2024, 2:50:47 AM","02/07/2024, 2:02:21 PM",THUNDER BAY,ON,P7E 1C3,300 Block BRODIE ST S, TBPS] B-E BUS/RES/OTH SUSP PRESENT OR MAY STILL BE IN AREA,Breaking & Entering,B-E BUS/RES/OTH
TB24005209,"02/06/2024, 8:42:51 PM","02/07/2024, 2:02:22 PM",THUNDER BAY,ON,P7B 2H6,BALMORAL ST AND OLIVER RD, TBPS] MOTOR VEHICLE COLLISION MVC - AMB ENR - DUAL RESP,Other,MOTOR VEHICLE COLLISION
TB24005182,"02/06/2024, 6:43:26 PM","02/07/2024, 2:02:22 PM",THUNDER BAY,ON,P7E 2X4,900 Block CENTRE AV, TBPS] B-E BUS/RES/OTH 11-10,Breaking & Entering,B-E BUS/RES/OTH
TB24005205,"02/06/2024, 8:06:16 PM","02/07/2024, 2:02:22 PM",THUNDER BAY,ON,P7A 5S3,300 Block HIGH ST N, TBPS] ASSAULT SUSP PRESENT OR IN AREA,Assault,ASSAULT
TB24005243,"02/07/2024, 2:40:54 AM","02/07/2024, 2:02:22 PM",THUNDER BAY,ON,P7B 7A4,OLIVER RD AND GOLF LINKS RD, TBPS] MOTOR VEHICLE COLLISION 11-10 MVC ANY TYPE,Other,MOTOR VEHICLE COLLISION
TB24005239,"02/07/2024, 1:50:51 AM","02/07/2024, 2:02:22 PM",THUNDER BAY,ON,P7B 6Z8,600 Block SIBLEY DR, TBPS] LIQUOR LICENCE ACT LIQUOR LICENCE ACT VIOLATION IN PROGRESS,Quality of Life,LIQUOR LICENCE ACT
TB24005122,"02/06/2024, 5:36:11 AM","02/07/2024, 2:02:23 PM",THUNDER BAY,ON,P7C 3W9,400 Block SYNDICATE AV N, TBPS] B-E BUS/RES/OTH 11-10,Breaking & Entering,B-E BUS/RES/OTH
TB24005139,"02/06/2024, 9:01:23 AM","02/07/2024, 2:02:23 PM",THUNDER BAY,ON,P7A 4K8,1000 Block DAWSON RD, TBPS] ROBBERY NO WEAPONS - SUSP STILL IN AREA,Robbery,ROBBERY
TB24005150,"02/06/2024, 2:32:14 PM","02/07/2024, 2:02:23 PM",THUNDER BAY,ON,P7C 1E1,WATERLOO ST N AND VICTORIA AV E, TBPS] MOTOR VEHICLE COLLISION 11-10 MVC ANY TYPE,Other,MOTOR VEHICLE COLLISION
TB24005147,"02/06/2024, 1:12:23 PM","02/07/2024, 2:02:23 PM",THUNDER BAY,ON,P7E 2A6,300 Block KINGSWAY, TBPS] ASSAULT SUSP PRESENT OR IN AREA,Assault,ASSAULT
TB24005151,"02/06/2024, 2:34:55 PM","02/07/2024, 2:02:23 PM",THUNDER BAY,ON,P7J 1G6,2000 Block JAMES ST S, TBPS] MOTOR VEHICLE COLLISION 11-10 MVC ANY TYPE,Other,MOTOR VEHICLE COLLISION
TB24005152,"02/06/2024, 2:41:27 PM","02/07/2024, 2:02:23 PM",THUNDER BAY,ON,P7B 7A5,1000 Block OLIVER RD, TBPS] MOTOR VEHICLE COLLISION 11-10 MVC ANY TYPE,Other,MOTOR VEHICLE COLLISION
TB24005154,"02/06/2024, 2:46:23 PM","02/07/2024, 2:02:23 PM",THUNDER BAY,ON,P7B 6B9,1000 Block FORT WILLIAM RD, TBPS] MOTOR VEHICLE COLLISION 11-10 MVC ANY TYPE,Other,MOTOR VEHICLE COLLISION
TB24005195,"02/06/2024, 7:37:54 PM","02/07/2024, 2:02:23 PM",THUNDER BAY,ON,P7C 2E8,100 Block INGLEWOOD CR," TBPS] THEFT NOT IN PROGRESS, UNDER 5000",Other Theft,THEFT
TB24005414,"02/08/2024, 4:28:16 AM","02/08/2024, 2:02:23 PM",THUNDER BAY,ON,P7C 1A1,100 Block SIMPSON ST, TBPS] ASSAULT SUSP PRESENT OR IN AREA,Assault,ASSAULT
TB24005361,"02/07/2024, 10:10:02 PM","02/08/2024, 2:02:24 PM",THUNDER BAY,ON,P7E 6S2,100 Block PRINCESS ST, TBPS] LIQUOR LICENCE ACT LIQUOR LICENCE ACT VIOLATION IN PROGRESS,Quality of Life,LIQUOR LICENCE ACT
TB24005368,"02/07/2024, 10:47:50 PM","02/08/2024, 2:02:24 PM",THUNDER BAY,ON,P7B 2G1,300 Block OLIVER RD, TBPS] MOTOR VEHICLE COLLISION MVC NO INJURIES,Traffic,MOTOR VEHICLE COLLISION
TB24005374,"02/07/2024, 11:35:17 PM","02/08/2024, 2:02:24 PM",THUNDER BAY,ON,P7B 3Y6,500 Block MEMORIAL AV, TBPS] ASSAULT SUSP PRESENT OR IN AREA,Assault,ASSAULT
TB24005404,"02/08/2024, 2:55:49 AM","02/08/2024, 2:02:24 PM",THUNDER BAY,ON,P7C 6A5,800 Block MAY ST N, TBPS] ASSAULT SUSP PRESENT OR IN AREA,Assault,ASSAULT
TB24005381,"02/08/2024, 12:29:59 AM","02/08/2024, 2:02:24 PM",THUNDER BAY,ON,P7E 6B9,1100 Block ARTHUR ST W, TBPS] ASSAULT SUSP PRESENT OR IN AREA,Assault,ASSAULT
TB24005287,"02/07/2024, 2:41:57 PM","02/08/2024, 2:02:25 PM",THUNDER BAY,ON,P7E 5S2,1100 Block ARTHUR ST W, TBPS] MOTOR VEHICLE COLLISION 11-10 MVC ANY TYPE,Other,MOTOR VEHICLE COLLISION
TB24005288,"02/07/2024, 2:42:59 PM","02/08/2024, 2:02:25 PM",THUNDER BAY,ON,P7J 1E8,2300 Block 61 HWY, TBPS] ASSAULT ACCUSED PRESENT,Assault,ASSAULT
TB24005306,"02/07/2024, 4:41:00 PM","02/08/2024, 2:02:25 PM",THUNDER BAY,ON,P7E 2V3,500 Block ARTHUR ST W, TBPS] MOTOR VEHICLE COLLISION 11-10 MVC ANY TYPE,Other,MOTOR VEHICLE COLLISION
TB24005300,"02/07/2024, 4:08:18 PM","02/08/2024, 2:02:25 PM",THUNDER BAY,ON,P7B 6L9,CARRICK ST AND HARBOUR EXPRESSWAY, TBPS] MOTOR VEHICLE COLLISION 11-10 MVC ANY TYPE,Other,MOTOR VEHICLE COLLISION
TB24005304,"02/07/2024, 4:24:49 PM","02/08/2024, 2:02:25 PM",THUNDER BAY,ON,P7B 3K5,100 Block HIGH ST S, TBPS] MOTOR VEHICLE COLLISION 11-10 MVC ANY TYPE,Other,MOTOR VEHICLE COLLISION
TB24005320,"02/07/2024, 5:42:49 PM","02/08/2024, 2:02:25 PM",THUNDER BAY,ON,P7B 3Z7,700 Block MEMORIAL AV, TBPS] THEFT SUSP STILL PRESENT OR MAY BE IN AREA,Other Theft,THEFT
TB24005321,"02/07/2024, 6:00:06 PM","02/08/2024, 2:02:25 PM",THUNDER BAY,ON,P7C 2N8,200 Block ROBERTSON ST," TBPS] THEFT NOT IN PROGRESS, UNDER 5000",Other Theft,THEFT
TB24005354,"02/07/2024, 9:06:26 PM","02/08/2024, 2:02:25 PM",THUNDER BAY,ON,P7E 1K2,600 Block VICKERS ST S, TBPS] ASSAULT SUSP PRESENT OR IN AREA,Assault,ASSAULT
TB24005357,"02/07/2024, 9:13:20 PM","02/08/2024, 2:02:25 PM",THUNDER BAY,ON,P7B 2Z2,300 Block FORT WILLIAM RD, TBPS] THEFT SUSP STILL PRESENT OR MAY BE IN AREA,Other Theft,THEFT
TB24005336,"02/07/2024, 7:01:28 PM","02/08/2024, 2:02:25 PM",THUNDER BAY,ON,P7E 6P9,ARTHUR ST W AND VALHALLA INN RD, TBPS] MOTOR VEHICLE COLLISION 11-10 MVC ANY TYPE,Other,MOTOR VEHICLE COLLISION
TB24005370,"02/07/2024, 10:51:30 PM","02/08/2024, 2:02:25 PM",THUNDER BAY,ON,P7C 4P5,400 Block EDWARD ST N, TBPS] ASSAULT SUSP PRESENT OR IN AREA,Assault,ASSAULT
TB24005194,"02/06/2024, 7:34:27 PM","02/08/2024, 2:02:26 PM",THUNDER BAY,ON,P7C 5A6,400 Block MARKS ST N," TBPS] THEFT IN PROGRESS, OVER 50000",Other Theft,THEFT
TB24005273,"02/07/2024, 8:06:59 AM","02/08/2024, 2:02:26 PM",THUNDER BAY,ON,P7B 5J4,1000 Block DAWSON RD, TBPS] TROUBLE WITH YOUTH YOUTHS STILL IN AREA,Quality of Life,TROUBLE WITH YOUTH
TB24005281,"02/07/2024, 1:11:03 PM","02/08/2024, 2:02:26 PM",THUNDER BAY,ON,P7E 5P7,200 Block ARTHUR ST W, TBPS] LIQUOR LICENCE ACT LIQUOR LICENCE ACT VIOLATION IN PROGRESS,Quality of Life,LIQUOR LICENCE ACT
TB24005284,"02/07/2024, 2:00:18 PM","02/08/2024, 2:02:26 PM",THUNDER BAY,ON,P7B,OLIVER RD AND THUNDER BAY EXPRESSWAY, TBPS] MOTOR VEHICLE COLLISION 11-10 MVC ANY TYPE,Other,MOTOR VEHICLE COLLISION
TB24005282,"02/07/2024, 1:18:10 PM","02/08/2024, 2:02:26 PM",THUNDER BAY,ON,P7E 5Y8,400 Block GEORGE ST, TBPS] ASSAULT SUSP PRESENT OR IN AREA,Assault,ASSAULT
TB24005286,"02/07/2024, 2:33:48 PM","02/08/2024, 2:02:26 PM",THUNDER BAY,ON,P7A 4S2,600 Block CUMBERLAND ST N, TBPS] MOTOR VEHICLE COLLISION 11-10 MVC ANY TYPE,Other,MOTOR VEHICLE COLLISION
TB24005285,"02/07/2024, 2:26:47 PM","02/08/2024, 2:02:26 PM",THUNDER BAY,ON,P7A 3H7,1 Block FARRAND ST, TBPS] MOTOR VEHICLE COLLISION 11-10 MVC ANY TYPE,Other,MOTOR VEHICLE COLLISION
TB24005289,"02/07/2024, 2:49:09 PM","02/08/2024, 2:02:26 PM",THUNDER BAY,ON,P7E 5R8,600 Block ARTHUR ST W, TBPS] MOTOR VEHICLE COLLISION 11-10 MVC ANY TYPE,Other,MOTOR VEHICLE COLLISION
TB24005295,"02/07/2024, 3:58:24 PM","02/08/2024, 2:02:26 PM",THUNDER BAY,ON,P7B 1E7,300 Block PEARL ST, TBPS] MOTOR VEHICLE COLLISION 11-10 MVC ANY TYPE,Other,MOTOR VEHICLE COLLISION
TB24005290,"02/07/2024, 2:54:41 PM","02/08/2024, 2:02:26 PM",THUNDER BAY,ON,P7B,HARBOUR EXPRESSWAY AND BALMORAL ST, TBPS] MOTOR VEHICLE COLLISION 11-10 MVC ANY TYPE,Other,MOTOR VEHICLE COLLISION
TB24005311,"02/07/2024, 5:17:22 PM","02/08/2024, 2:02:26 PM",THUNDER BAY,ON,J4Y 0K7,500 Block ARTHUR ST W, TBPS] MOTOR VEHICLE COLLISION 11-10 MVC ANY TYPE,Other,MOTOR VEHICLE COLLISION
TB24005315,"02/07/2024, 5:32:44 PM","02/08/2024, 2:02:26 PM",THUNDER BAY,ON,P7C 4B5,400 Block VICKERS ST N, TBPS] MOTOR VEHICLE COLLISION 11-10 MVC ANY TYPE,Other,MOTOR VEHICLE COLLISION
TB24005577,"02/09/2024, 4:24:13 AM","02/09/2024, 2:02:35 PM",THUNDER BAY,ON,P7B 7C6,900 Block CARRICK ST, TBPS] THEFT SUSP STILL PRESENT OR MAY BE IN AREA,Other Theft,THEFT
TB24005580,"02/09/2024, 5:03:27 AM","02/09/2024, 2:02:35 PM",THUNDER BAY,ON,P7E 5R6,600 Block ARTHUR ST W, TBPS] ASSAULT SUSP PRESENT OR IN AREA,Assault,ASSAULT
TB24005524,"02/08/2024, 9:08:10 PM","02/09/2024, 2:02:36 PM",THUNDER BAY,ON,P7E 5S2,1100 Block ARTHUR ST W, TBPS] THEFT SUSP STILL PRESENT OR MAY BE IN AREA,Other Theft,THEFT
TB24005525,"02/08/2024, 9:15:03 PM","02/09/2024, 2:02:36 PM",THUNDER BAY,ON,P7B 2Z2,300 Block FORT WILLIAM RD, TBPS] THEFT SUSP STILL PRESENT OR MAY BE IN AREA,Other Theft,THEFT
TB24005545,"02/08/2024, 11:16:38 PM","02/09/2024, 2:02:36 PM",THUNDER BAY,ON,P7B 5L6,300 Block MAIN ST, TBPS] THEFT SUSP STILL PRESENT OR MAY BE IN AREA,Other Theft,THEFT
TB24005539,"02/08/2024, 10:49:33 PM","02/09/2024, 2:02:36 PM",THUNDER BAY,ON,P7B 7C6,900 Block CARRICK ST, TBPS] THEFT SUSP STILL PRESENT OR MAY BE IN AREA,Other Theft,THEFT
TB24005553,"02/08/2024, 11:52:29 PM","02/09/2024, 2:02:36 PM",THUNDER BAY,ON,P7B 6S2,700 Block MEMORIAL AV, TBPS] MOTOR VEHICLE COLLISION MVC NO INJURIES,Traffic,MOTOR VEHICLE COLLISION
TB24005561,"02/09/2024, 12:59:50 AM","02/09/2024, 2:02:36 PM",THUNDER BAY,ON,P7E 5K1,2100 Block RIDGEWAY ST E, TBPS] LIQUOR LICENCE ACT LIQUOR LICENCE ACT VIOLATION IN PROGRESS,Quality of Life,LIQUOR LICENCE ACT
TB24005563,"02/09/2024, 1:50:07 AM","02/09/2024, 2:02:36 PM",THUNDER BAY,ON,P7C 4P7,400 Block EDWARD ST N, TBPS] ASSAULT SUSP PRESENT OR IN AREA,Assault,ASSAULT
TB24005514,"02/08/2024, 8:17:12 PM","02/09/2024, 2:02:37 PM",THUNDER BAY,ON,P7E 1T9,600 Block SELKIRK ST S, TBPS] ASSAULT ACCUSED NOT PRESENT,Assault,ASSAULT
TB24005506,"02/08/2024, 7:41:27 PM","02/09/2024, 2:02:37 PM",THUNDER BAY,ON,P7B 4S2,WINDSOR ST AND KENOGAMI AV S, TBPS] MOTOR VEHICLE COLLISION 11-10 MVC ANY TYPE,Other,MOTOR VEHICLE COLLISION
TB24005442,"02/08/2024, 11:20:52 AM","02/09/2024, 2:02:38 PM",THUNDER BAY,ON,P7E 5R5,500 Block ARTHUR ST W, TBPS] ASSAULT SUSP PRESENT OR IN AREA,Assault,ASSAULT
TB24005449,"02/08/2024, 2:41:15 PM","02/09/2024, 2:02:38 PM",THUNDER BAY,ON,P7G 2G6,200 Block GUS WOURI RD, TBPS] MOTOR VEHICLE COLLISION 11-10 MVC ANY TYPE,Other,MOTOR VEHICLE COLLISION
TB24005450,"02/08/2024, 2:42:36 PM","02/09/2024, 2:02:38 PM",THUNDER BAY,ON,P7B 5L4,1 Block CUMBERLAND ST S, TBPS] MOTOR VEHICLE COLLISION 11-10 MVC ANY TYPE,Other,MOTOR VEHICLE COLLISION
TB24005452,"02/08/2024, 2:53:12 PM","02/09/2024, 2:02:38 PM",THUNDER BAY,ON,P7E 5P7,100 Block ARTHUR ST W, TBPS] MOTOR VEHICLE COLLISION 11-10 MVC ANY TYPE,Other,MOTOR VEHICLE COLLISION
TB24005453,"02/08/2024, 3:01:44 PM","02/09/2024, 2:02:38 PM",THUNDER BAY,ON,P7A 4N4,200 Block CUMBERLAND ST N, TBPS] MOTOR VEHICLE COLLISION 11-10 MVC ANY TYPE,Other,MOTOR VEHICLE COLLISION
TB24005495,"02/08/2024, 6:36:35 PM","02/09/2024, 2:02:38 PM",THUNDER BAY,ON,P7C 1E1,1800 Block VICTORIA AV E, TBPS] THEFT SUSP STILL PRESENT OR MAY BE IN AREA,Other Theft,THEFT
TB24005461,"02/08/2024, 4:06:08 PM","02/09/2024, 2:02:38 PM",THUNDER BAY,ON,P7B 5T2,200 Block SEQUOIA DR, TBPS] MOTOR VEHICLE COLLISION MVC NO INJURIES,Traffic,MOTOR VEHICLE COLLISION
TB24005460,"02/08/2024, 4:04:02 PM","02/09/2024, 2:02:38 PM",THUNDER BAY,ON,P7B 5Z5,1200 Block BALMORAL ST," TBPS] MISCHIEF 11-10, MICHIEF UNDER 5000",Other Property Crime,MISCHIEF
TB24004933,"02/05/2024, 12:45:57 AM","02/09/2024, 2:02:39 PM",THUNDER BAY,ON,P7C 4S8,1 Block LIMBRICK ST, TBPS] ASSAULT ACCUSED NOT PRESENT,Assault,ASSAULT
TB24005429,"02/08/2024, 7:34:29 AM","02/09/2024, 2:02:39 PM",THUNDER BAY,ON,P7E 5N3,1300 Block ARTHUR ST E," TBPS] SEXUAL ASSAULT JUST OCCURRED, ACCUSED NOT PRESENT",Other,SEXUAL ASSAULT
TB24005432,"02/08/2024, 7:57:07 AM","02/09/2024, 2:02:39 PM",THUNDER BAY,ON,P7E 5R5,500 Block ARTHUR ST W, TBPS] LIQUOR LICENCE ACT LIQUOR LICENCE ACT VIOLATION IN PROGRESS,Quality of Life,LIQUOR LICENCE ACT
TB24005446,"02/08/2024, 1:41:52 PM","02/09/2024, 2:02:39 PM",THUNDER BAY,ON,P7B 7A4,GOLF LINKS RD AND OLIVER RD, TBPS] MOTOR VEHICLE COLLISION 11-10 MVC ANY TYPE,Other,MOTOR VEHICLE COLLISION
TB24005448,"02/08/2024, 2:12:00 PM","02/09/2024, 2:02:39 PM",THUNDER BAY,ON,P7C,EDWARD ST N AND REDWOOD AV E, TBPS] MOTOR VEHICLE COLLISION 11-10 MVC ANY TYPE,Other,MOTOR VEHICLE COLLISION
TB24005458,"02/08/2024, 3:46:24 PM","02/09/2024, 2:02:39 PM",THUNDER BAY,ON,P7C 4P4,CHURCHILL DR E AND EDWARD ST N, TBPS] MOTOR VEHICLE COLLISION 11-10 MVC ANY TYPE,Other,MOTOR VEHICLE COLLISION
TB24005397,"02/08/2024, 2:13:03 AM","02/09/2024, 2:02:40 PM",THUNDER BAY,ON,P7C 0B4,EDWARD ST N AND RIVERVIEW DR E, TBPS] ASSAULT ACCUSED NOT PRESENT,Assault,ASSAULT
TB24005708,"02/10/2024, 1:11:57 AM","02/10/2024, 2:02:27 PM",THUNDER BAY,ON,P7A 4T8,1 Block COURT ST N, TBPS] THEFT SUSP STILL PRESENT OR MAY BE IN AREA,Other Theft,THEFT
TB24005692,"02/09/2024, 11:12:55 PM","02/10/2024, 2:02:28 PM",THUNDER BAY,ON,P7A,100 Block NORTH WATER ST, TBPS] MARINE ICE RESCUE - DUAL RESPONSE,Emergency,MARINE
TB24005682,"02/09/2024, 9:45:47 PM","02/10/2024, 2:02:28 PM",THUNDER BAY,ON,P7A 4X8,CLAVET ST AND COURT ST N, TBPS] MOTOR VEHICLE COLLISION MVC NO INJURIES,Traffic,MOTOR VEHICLE COLLISION
TB24005684,"02/09/2024, 10:02:18 PM","02/10/2024, 2:02:28 PM",THUNDER BAY,ON,P7B 7C6,900 Block CARRICK ST, TBPS] THEFT SUSP STILL PRESENT OR MAY BE IN AREA,Other Theft,THEFT
TB24005723,"02/10/2024, 3:19:52 AM","02/10/2024, 2:02:28 PM",THUNDER BAY,ON,P7B 5L6,300 Block MAIN ST, TBPS] THEFT SUSP STILL PRESENT OR MAY BE IN AREA,Other Theft,THEFT
TB24005709,"02/10/2024, 1:13:51 AM","02/10/2024, 2:02:28 PM",THUNDER BAY,ON,P7A 4L9,100 Block CUMBERLAND ST N, TBPS] THEFT SUSP STILL PRESENT OR MAY BE IN AREA,Other Theft,THEFT
TB24005736,"02/10/2024, 5:15:10 AM","02/10/2024, 2:02:28 PM",THUNDER BAY,ON,P7B 0B5,BEVERLY ST AND BALMORAL ST, TBPS] MOTOR VEHICLE COLLISION MVC NO INJURIES,Traffic,MOTOR VEHICLE COLLISION
TB24005733,"02/10/2024, 4:52:11 AM","02/10/2024, 2:02:28 PM",THUNDER BAY,ON,P7C 5N4,400 Block BALMORAL ST, TBPS] ASSAULT SUSP PRESENT OR IN AREA,Assault,ASSAULT
TB24005610,"02/09/2024, 2:16:24 PM","02/10/2024, 2:02:29 PM",THUNDER BAY,ON,P7C 5N4,400 Block BALMORAL ST, TBPS] ASSAULT SUSP PRESENT OR IN AREA,Assault,ASSAULT
TB24005649,"02/09/2024, 6:45:05 PM","02/10/2024, 2:02:29 PM",THUNDER BAY,ON,P7E 1H3,100 Block CENTENNIAL SQ, TBPS] ROBBERY NO WEAPONS - SUSP STILL IN AREA,Robbery,ROBBERY
TB24005628,"02/09/2024, 4:39:25 PM","02/10/2024, 2:02:29 PM",THUNDER BAY,ON,P7B 5Z7,200 Block WAVERLY ST, TBPS] ASSAULT SUSP PRESENT OR IN AREA,Assault,ASSAULT
TB24005656,"02/09/2024, 7:07:42 PM","02/10/2024, 2:02:29 PM",THUNDER BAY,ON,P7B 5L6,300 Block MAIN ST, TBPS] SHOPLIFT IN CUSTODY - NO PROBLEMS,Theft,SHOPLIFT
TB24005661,"02/09/2024, 7:22:15 PM","02/10/2024, 2:02:29 PM",THUNDER BAY,ON,P7E 5P7,100 Block ARTHUR ST W, TBPS] ASSAULT ACCUSED NOT PRESENT,Assault,ASSAULT
TB24005662,"02/09/2024, 7:27:38 PM","02/10/2024, 2:02:29 PM",THUNDER BAY,ON,P7B 2S4,800 Block FORT WILLIAM RD, TBPS] SHOPLIFT IN CUSTODY - NO PROBLEMS,Theft,SHOPLIFT
TB24005669,"02/09/2024, 8:16:57 PM","02/10/2024, 2:02:29 PM",THUNDER BAY,ON,P7B,MEMORIAL AV AND HARBOUR EXPRESSWAY, TBPS] MOTOR VEHICLE COLLISION 11-10 MVC ANY TYPE,Other,MOTOR VEHICLE COLLISION
TB24005613,"02/09/2024, 2:52:21 PM","02/10/2024, 2:02:30 PM",THUNDER BAY,ON,P7B,FORT WILLIAM RD AND CENTRAL AV, TBPS] MOTOR VEHICLE COLLISION 11-10 MVC ANY TYPE,Other,MOTOR VEHICLE COLLISION
TB24005615,"02/09/2024, 3:04:50 PM","02/10/2024, 2:02:30 PM",THUNDER BAY,ON,P7B 3Z1,500 Block MEMORIAL AV, TBPS] MOTOR VEHICLE COLLISION 11-10 MVC ANY TYPE,Other,MOTOR VEHICLE COLLISION
TB24005616,"02/09/2024, 3:15:45 PM","02/10/2024, 2:02:30 PM",THUNDER BAY,ON,P7C 3E7,800 Block ALBERTA ST, TBPS] MOTOR VEHICLE COLLISION 11-10 MVC ANY TYPE,Other,MOTOR VEHICLE COLLISION
TB24005618,"02/09/2024, 3:32:19 PM","02/10/2024, 2:02:30 PM",THUNDER BAY,ON,P7B 6C7,1 Block PAUL SHAFFER DR, TBPS] MOTOR VEHICLE COLLISION 11-10 MVC ANY TYPE,Other,MOTOR VEHICLE COLLISION
TB24005624,"02/09/2024, 3:54:18 PM","02/10/2024, 2:02:30 PM",THUNDER BAY,ON,P7C 5P3,600 Block DALHOUSIE DR, TBPS] INDECENT ACTS SUSP PRESENT OR MAY STILL BE IN AREA,Sexual Offense,INDECENT ACTS
TB24005617,"02/09/2024, 3:27:56 PM","02/10/2024, 2:02:30 PM",THUNDER BAY,ON,P7K,BROADWAY AV AND KING RD, TBPS] MOTOR VEHICLE COLLISION 11-10 MVC ANY TYPE,Other,MOTOR VEHICLE COLLISION
TB24005619,"02/09/2024, 3:37:09 PM","02/10/2024, 2:02:30 PM",THUNDER BAY,ON,P7B,JOHN ST AND WATER ST, TBPS] MOTOR VEHICLE COLLISION 11-10 MVC ANY TYPE,Other,MOTOR VEHICLE COLLISION
TB24005648,"02/09/2024, 6:42:57 PM","02/10/2024, 2:02:30 PM",THUNDER BAY,ON,P7B 3Z7,700 Block MEMORIAL AV, TBPS] THEFT SUSP STILL PRESENT OR MAY BE IN AREA,Other Theft,THEFT
TB24005651,"02/09/2024, 6:52:39 PM","02/10/2024, 2:02:30 PM",THUNDER BAY,ON,P7B 5L6,300 Block MAIN ST, TBPS] THEFT SUSP STILL PRESENT OR MAY BE IN AREA,Other Theft,THEFT
TB24005807,"02/10/2024, 7:08:04 PM","02/11/2024, 2:03:20 PM",THUNDER BAY,ON,P7B 1K7,1000 Block DAWSON RD, TBPS] MOTOR VEHICLE COLLISION MVC NO INJURIES,Traffic,MOTOR VEHICLE COLLISION
TB24005810,"02/10/2024, 8:10:57 PM","02/11/2024, 2:03:20 PM",THUNDER BAY,ON,P7C 4P7,400 Block EDWARD ST N, TBPS] ASSAULT SUSP PRESENT OR IN AREA,Assault,ASSAULT
TB24005827,"02/10/2024, 10:45:54 PM","02/11/2024, 2:03:20 PM",THUNDER BAY,ON,P7B 3A6,900 Block FORT WILLIAM RD, TBPS] ASSAULT SUSP PRESENT OR IN AREA,Assault,ASSAULT
TB24005830,"02/10/2024, 11:03:46 PM","02/11/2024, 2:03:20 PM",THUNDER BAY,ON,P7B 2S4,800 Block FORT WILLIAM RD, TBPS] SHOPLIFT IN CUSTODY - NO PROBLEMS,Theft,SHOPLIFT
TB24005845,"02/11/2024, 2:43:16 AM","02/11/2024, 2:03:20 PM",THUNDER BAY,ON,P7A,1 Block NORTH WATER ST, TBPS] ASSAULT SUSP PRESENT OR IN AREA,Assault,ASSAULT
TB24005849,"02/11/2024, 3:12:07 AM","02/11/2024, 2:03:20 PM",THUNDER BAY,ON,P7C 3B9,800 Block MCLAUGHLIN ST," TBPS] MISCHIEF IP/SUSP IN AREA, UNDER 5,000",Other Property Crime,MISCHIEF
TB24005853,"02/11/2024, 4:09:13 AM","02/11/2024, 2:03:20 PM",THUNDER BAY,ON,P7C 1S7,300 Block SILLESDALE CR, TBPS] ASSAULT SUSP PRESENT OR IN AREA,Assault,ASSAULT
TB24005862,"02/11/2024, 5:23:52 AM","02/11/2024, 2:03:20 PM",THUNDER BAY,ON,P7B 6S2,700 Block MEMORIAL AV, TBPS] ASSAULT SUSP PRESENT OR IN AREA,Assault,ASSAULT
TB24005870,"02/11/2024, 7:30:56 AM","02/11/2024, 2:03:20 PM",THUNDER BAY,ON,P7B 4R8,100 Block KENOGAMI AV S, TBPS] B-E BUS/RES/OTH SUSP PRESENT OR MAY STILL BE IN AREA,Breaking & Entering,B-E BUS/RES/OTH
TB24005866,"02/11/2024, 6:23:33 AM","02/11/2024, 2:03:20 PM",THUNDER BAY,ON,P7A 4L8,1 Block CUMBERLAND ST N, TBPS] ASSAULT SUSP PRESENT OR IN AREA,Assault,ASSAULT
TB24005871,"02/11/2024, 7:34:32 AM","02/11/2024, 2:03:20 PM",THUNDER BAY,ON,P7B 4Y5,BLUCHER AV AND WALKOVER ST, TBPS] MOTOR VEHICLE COLLISION MVC NO INJURIES,Traffic,MOTOR VEHICLE COLLISION
TB24005874,"02/11/2024, 8:06:32 AM","02/11/2024, 2:03:20 PM",THUNDER BAY,ON,P7E 2M6,1400 Block BROWN ST, TBPS] STOLEN VEHICLE SUSP PRESENT OR MAY STILL BE IN AREA,Theft of Vehicle,STOLEN VEHICLE
TB24005706,"02/10/2024, 12:49:12 AM","02/11/2024, 2:03:21 PM",THUNDER BAY,ON,P7E 6G5,100 Block DONALD ST W, TBPS] ASSAULT ACCUSED NOT PRESENT,Assault,ASSAULT
TB24005755,"02/10/2024, 8:05:21 AM","02/11/2024, 2:03:21 PM",THUNDER BAY,ON,P7E 5N3,1300 Block ARTHUR ST E, TBPS] LIQUOR LICENCE ACT LIQUOR LICENCE ACT VIOLATION IN PROGRESS,Quality of Life,LIQUOR LICENCE ACT
TB24005761,"02/10/2024, 8:34:53 AM","02/11/2024, 2:03:21 PM",THUNDER BAY,ON,P7B 3Y7,400 Block MEMORIAL AV, TBPS] LIQUOR LICENCE ACT LIQUOR LICENCE ACT VIOLATION IN PROGRESS,Quality of Life,LIQUOR LICENCE ACT
TB24005779,"02/10/2024, 1:18:14 PM","02/11/2024, 2:03:21 PM",THUNDER BAY,ON,P7B 3Z8,800 Block MEMORIAL AV, TBPS] STOLEN VEHICLE SUSP NOT IN AREA,Theft of Vehicle,STOLEN VEHICLE
TB24005781,"02/10/2024, 2:18:20 PM","02/11/2024, 2:03:21 PM",THUNDER BAY,ON,P7C 4N9,200 Block EDWARD ST N, TBPS] B-E BUS/RES/OTH SUSP PRESENT OR MAY STILL BE IN AREA,Breaking & Entering,B-E BUS/RES/OTH
TB24005833,"02/10/2024, 11:31:36 PM","02/11/2024, 2:03:21 PM",THUNDER BAY,ON,P7A 4M1,TUPPER ST AND CUMBERLAND ST N, TBPS] ASSAULT SUSP PRESENT OR IN AREA,Assault,ASSAULT
TB24005861,"02/11/2024, 5:20:22 AM","02/11/2024, 2:03:21 PM",THUNDER BAY,ON,P7E 6E2,1100 Block ARTHUR ST W," TBPS] MISCHIEF IP/SUSP IN AREA, UNDER 5,000",Other Property Crime,MISCHIEF
TB24005936,"02/11/2024, 11:10:40 PM","02/12/2024, 2:03:01 PM",THUNDER BAY,ON,P7B 6B9,1000 Block FORT WILLIAM RD, TBPS] LIQUOR LICENCE ACT LIQUOR LICENCE ACT VIOLATION IN PROGRESS,Quality of Life,LIQUOR LICENCE ACT
TB24005933,"02/11/2024, 10:36:31 PM","02/12/2024, 2:03:01 PM",THUNDER BAY,ON,P7E 4V5,1500 Block WALSH ST E, TBPS] MOTOR VEHICLE COLLISION MVC NO INJURIES,Traffic,MOTOR VEHICLE COLLISION
TB24005959,"02/12/2024, 3:51:45 AM","02/12/2024, 2:03:01 PM",THUNDER BAY,ON,P7B 5L4,1 Block CUMBERLAND ST S, TBPS] ASSAULT SUSP PRESENT OR IN AREA,Assault,ASSAULT
TB24005945,"02/12/2024, 12:28:10 AM","02/12/2024, 2:03:01 PM",THUNDER BAY,ON,P7B 6B9,1000 Block FORT WILLIAM RD, TBPS] ASSAULT ACCUSED NOT PRESENT,Assault,ASSAULT
TB24005956,"02/12/2024, 3:24:43 AM","02/12/2024, 2:03:01 PM",THUNDER BAY,ON,P7E 5V3,500 Block DONALD ST E, TBPS] ASSAULT SUSP PRESENT OR IN AREA,Assault,ASSAULT
TB24005817,"02/10/2024, 9:23:33 PM","02/12/2024, 2:03:02 PM",THUNDER BAY,ON,P7C 3L5,700 Block MCKENZIE ST," TBPS] MISCHIEF 11-10, MICHIEF UNDER 5000",Other Property Crime,MISCHIEF
TB24005856,"02/11/2024, 5:06:47 AM","02/12/2024, 2:03:02 PM",THUNDER BAY,ON,P7E 5P4,2800 Block ARTHUR ST E, TBPS] MOTOR VEHICLE COLLISION MVC NO INJURIES,Traffic,MOTOR VEHICLE COLLISION
TB24005880,"02/11/2024, 9:12:22 AM","02/12/2024, 2:03:02 PM",THUNDER BAY,ON,P7E 6J1,1 Block VALHALLA INN RD, TBPS] ASSAULT SUSP PRESENT OR IN AREA,Assault,ASSAULT
TB24005891,"02/11/2024, 11:38:17 AM","02/12/2024, 2:03:02 PM",THUNDER BAY,ON,P7E 2V5,400 Block JAMES ST S, TBPS] LIQUOR LICENCE ACT LIQUOR LICENCE ACT VIOLATION IN PROGRESS,Quality of Life,LIQUOR LICENCE ACT
TB24005883,"02/11/2024, 9:45:48 AM","02/12/2024, 2:03:02 PM",THUNDER BAY,ON,P7B 1M8,200 Block WILSON ST, TBPS] ASSAULT SUSP PRESENT OR IN AREA,Assault,ASSAULT
TB24005905,"02/11/2024, 4:48:53 PM","02/12/2024, 2:03:02 PM",THUNDER BAY,ON,P7E 6L4,1100 Block ARTHUR ST W, TBPS] MOTOR VEHICLE COLLISION MVC NO INJURIES,Traffic,MOTOR VEHICLE COLLISION
TB24005932,"02/11/2024, 10:26:50 PM","02/12/2024, 2:03:02 PM",THUNDER BAY,ON,P7G,BALSAM ST AND THUNDER BAY EXPRESSWAY, TBPS] MOTOR VEHICLE COLLISION MVC NO INJURIES,Traffic,MOTOR VEHICLE COLLISION
TB24005872,"02/11/2024, 8:03:58 AM","02/12/2024, 2:03:03 PM",THUNDER BAY,ON,P7B 1A6,200 Block RED RIVER RD, TBPS] ASSAULT SUSP PRESENT OR IN AREA,Assault,ASSAULT
TB24006035,"02/12/2024, 7:08:06 PM","02/13/2024, 2:02:27 PM",THUNDER BAY,ON,P7B 5Z5,1200 Block BALMORAL ST," TBPS] THEFT NOT IN PROGRESS, UNDER 5000",Other Theft,THEFT
TB24006045,"02/12/2024, 8:32:38 PM","02/13/2024, 2:02:27 PM",THUNDER BAY,ON,P7B 5L6,300 Block MAIN ST, TBPS] THEFT SUSP STILL PRESENT OR MAY BE IN AREA,Other Theft,THEFT
TB24006051,"02/12/2024, 8:50:37 PM","02/13/2024, 2:02:27 PM",THUNDER BAY,ON,P7J 1E8,2400 Block 61 HWY, TBPS] ASSAULT ACCUSED PRESENT,Assault,ASSAULT
TB24006059,"02/12/2024, 9:46:01 PM","02/13/2024, 2:02:27 PM",THUNDER BAY,ON,P7B 5L6,300 Block MAIN ST, TBPS] THEFT SUSP STILL PRESENT OR MAY BE IN AREA,Other Theft,THEFT
TB24006116,"02/13/2024, 7:07:35 AM","02/13/2024, 2:02:27 PM",THUNDER BAY,ON,P7C,800 Block MINNESOTA ST, TBPS] MISCHIEF IP PROGRESS/SUPECT IN AREA,Other Property Crime,MISCHIEF
TB24006109,"02/13/2024, 4:44:38 AM","02/13/2024, 2:02:27 PM",THUNDER BAY,ON,P7C 2V2,OGDEN ST AND MAY ST N, TBPS] ASSAULT SUSP PRESENT OR IN AREA,Assault,ASSAULT
TB24006089,"02/13/2024, 1:00:01 AM","02/13/2024, 2:02:27 PM",THUNDER BAY,ON,P7B 5L6,300 Block MAIN ST, TBPS] THEFT SUSP STILL PRESENT OR MAY BE IN AREA,Other Theft,THEFT
TB24006063,"02/12/2024, 10:10:56 PM","02/13/2024, 2:02:27 PM",THUNDER BAY,ON,P7B 6B9,1000 Block FORT WILLIAM RD, TBPS] ASSAULT SUSP PRESENT OR IN AREA,Assault,ASSAULT
TB24006098,"02/13/2024, 2:28:07 AM","02/13/2024, 2:02:27 PM",THUNDER BAY,ON,P7A 4C3,VAN NORMAN ST AND PETER ST, TBPS] LIQUOR LICENCE ACT LIQUOR LICENCE ACT VIOLATION IN PROGRESS,Quality of Life,LIQUOR LICENCE ACT
TB24006073,"02/12/2024, 11:11:28 PM","02/13/2024, 2:02:27 PM",THUNDER BAY,ON,P7E 1B3,100 Block MAY ST S, TBPS] B-E BUS/RES/OTH SUSP PRESENT OR MAY STILL BE IN AREA,Breaking & Entering,B-E BUS/RES/OTH
TB24005979,"02/12/2024, 1:35:02 PM","02/13/2024, 2:02:28 PM",THUNDER BAY,ON,P7A 7V9,1 Block REGENT ST," TBPS] MISCHIEF IP/SUSP IN AREA, UNDER 5,000",Other Property Crime,MISCHIEF
TB24005980,"02/12/2024, 1:36:20 PM","02/13/2024, 2:02:28 PM",THUNDER BAY,ON,P7A 6W6,100 Block MARGARET ST, TBPS] MOTOR VEHICLE COLLISION 11-10 MVC ANY TYPE,Other,MOTOR VEHICLE COLLISION
TB24005982,"02/12/2024, 1:50:36 PM","02/13/2024, 2:02:28 PM",THUNDER BAY,ON,P7A 5M6,1 Block BALSAM ST, TBPS] THEFT SUSP STILL PRESENT OR MAY BE IN AREA,Other Theft,THEFT
TB24005994,"02/12/2024, 3:00:00 PM","02/13/2024, 2:02:28 PM",THUNDER BAY,ON,P7B 4T1,100 Block ALGONQUIN AV S, TBPS] ASSAULT ACCUSED NOT PRESENT,Assault,ASSAULT
TB24005984,"02/12/2024, 2:35:07 PM","02/13/2024, 2:02:28 PM",THUNDER BAY,ON,P7C 5N5,BARRIE DR AND RIVER RD, TBPS] MOTOR VEHICLE COLLISION MVC NO INJURIES,Traffic,MOTOR VEHICLE COLLISION
TB24005988,"02/12/2024, 3:14:51 PM","02/13/2024, 2:02:28 PM",THUNDER BAY,ON,P7E 2V3,500 Block ARTHUR ST W, TBPS] MOTOR VEHICLE COLLISION 11-10 MVC ANY TYPE,Other,MOTOR VEHICLE COLLISION
TB24005989,"02/12/2024, 3:22:02 PM","02/13/2024, 2:02:28 PM",THUNDER BAY,ON,P7A 4K8,1000 Block DAWSON RD, TBPS] MOTOR VEHICLE COLLISION 11-10 MVC ANY TYPE,Other,MOTOR VEHICLE COLLISION
TB24005987,"02/12/2024, 3:11:31 PM","02/13/2024, 2:02:28 PM",THUNDER BAY,ON,P7B 4W8,1 Block CLARKSON ST S, TBPS] MOTOR VEHICLE COLLISION 11-10 MVC ANY TYPE,Other,MOTOR VEHICLE COLLISION
TB24005990,"02/12/2024, 3:23:27 PM","02/13/2024, 2:02:28 PM",THUNDER BAY,ON,P7E 1J2,100 Block VICKERS ST S, TBPS] ASSAULT SUSP PRESENT OR IN AREA,Assault,ASSAULT
TB24005992,"02/12/2024, 3:30:53 PM","02/13/2024, 2:02:28 PM",THUNDER BAY,ON,P7B 2G1,300 Block OLIVER RD, TBPS] MOTOR VEHICLE COLLISION 11-10 MVC ANY TYPE,Other,MOTOR VEHICLE COLLISION
TB24006008,"02/12/2024, 4:32:07 PM","02/13/2024, 2:02:28 PM",THUNDER BAY,ON,P7B 4G4,100 Block MARLBOROUGH ST, TBPS] TROUBLE WITH YOUTH YOUTHS STILL IN AREA,Quality of Life,TROUBLE WITH YOUTH
TB24006024,"02/12/2024, 6:21:18 PM","02/13/2024, 2:02:28 PM",THUNDER BAY,ON,P7C 2Y3,600 Block MCBAIN ST, TBPS] MOTOR VEHICLE COLLISION MVC NO INJURIES,Traffic,MOTOR VEHICLE COLLISION
TB24005995,"02/12/2024, 3:38:06 PM","02/13/2024, 2:02:29 PM",THUNDER BAY,ON,P7C 3C3,500 Block MCTAVISH ST, TBPS] MOTOR VEHICLE COLLISION 11-10 MVC ANY TYPE,Other,MOTOR VEHICLE COLLISION
TB24005999,"02/12/2024, 3:53:03 PM","02/13/2024, 2:02:29 PM",THUNDER BAY,ON,P7B 3Z8,700 Block MEMORIAL AV, TBPS] MOTOR VEHICLE COLLISION 11-10 MVC ANY TYPE,Other,MOTOR VEHICLE COLLISION
TB24006004,"02/12/2024, 4:00:00 PM","02/13/2024, 2:02:29 PM",THUNDER BAY,ON,P7A 6G3,1 Block WISHART CR, TBPS] ASSAULT ACCUSED NOT PRESENT,Assault,ASSAULT
TB24006253,"02/14/2024, 2:25:38 AM","02/14/2024, 2:03:05 PM",THUNDER BAY,ON,P7A 2K6,200 Block MACDOUGALL ST, TBPS] ASSAULT SUSP PRESENT OR IN AREA,Assault,ASSAULT
TB24006267,"02/14/2024, 4:38:51 AM","02/14/2024, 2:03:05 PM",THUNDER BAY,ON,P7E 5M8,900 Block ARTHUR ST E, TBPS] ROBBERY WEAPONS - SUSP STILL IN AREA,Robbery,ROBBERY
TB24006281,"02/14/2024, 7:10:45 AM","02/14/2024, 2:03:05 PM",THUNDER BAY,ON,P7E 2A6,300 Block KINGSWAY, TBPS] LIQUOR LICENCE ACT LIQUOR LICENCE ACT VIOLATION IN PROGRESS,Quality of Life,LIQUOR LICENCE ACT
TB24006201,"02/13/2024, 8:18:17 PM","02/14/2024, 2:03:06 PM",THUNDER BAY,ON,P7E 5Y8,400 Block GEORGE ST," TBPS] MISCHIEF 11-10, MICHIEF UNDER 5000",Other Property Crime,MISCHIEF
TB24006258,"02/14/2024, 3:07:33 AM","02/14/2024, 2:03:06 PM",THUNDER BAY,ON,P7B 5N3,SIBLEY DR AND BARTON ST, TBPS] MOTOR VEHICLE COLLISION MVC NO INJURIES,Traffic,MOTOR VEHICLE COLLISION
TB24006274,"02/14/2024, 5:50:16 AM","02/14/2024, 2:03:06 PM",THUNDER BAY,ON,P7B 5M4,BALMORAL ST AND WILLIAM ST, TBPS] TROUBLE WITH YOUTH YOUTHS STILL IN AREA,Quality of Life,TROUBLE WITH YOUTH
TB24006198,"02/13/2024, 7:56:19 PM","02/14/2024, 2:03:07 PM",THUNDER BAY,ON,P7E 5V7,1100 Block LINCOLN ST, TBPS] DRUG OFFENCES SUSP PRESENT OR MAY STILL BE IN AREA,Quality of Life,DRUG OFFENCES
TB24006211,"02/13/2024, 9:07:01 PM","02/14/2024, 2:03:07 PM",THUNDER BAY,ON,P7B,MEMORIAL AV AND CENTRAL AV, TBPS] MOTOR VEHICLE COLLISION 11-10 MVC ANY TYPE,Other,MOTOR VEHICLE COLLISION
TB24006212,"02/13/2024, 9:11:12 PM","02/14/2024, 2:03:07 PM",THUNDER BAY,ON,P7E 1B7,MAY ST S AND ARTHUR ST E, TBPS] MOTOR VEHICLE COLLISION 11-10 MVC ANY TYPE,Other,MOTOR VEHICLE COLLISION
TB24006118,"02/13/2024, 7:43:31 AM","02/14/2024, 2:03:08 PM",THUNDER BAY,ON,P7E 1B6,300 Block MAY ST S," TBPS] THEFT NOT IN PROGRESS, UNDER 5000",Other Theft,THEFT
TB24006134,"02/13/2024, 1:51:15 PM","02/14/2024, 2:03:08 PM",THUNDER BAY,ON,P7A 7S8,400 Block WENTWORTH CR," TBPS] MISCHIEF 11-10, MICHIEF UNDER 5000",Other Property Crime,MISCHIEF
TB24006158,"02/13/2024, 5:03:27 PM","02/14/2024, 2:03:08 PM",THUNDER BAY,ON,P7E 1B3,100 Block MAY ST S, TBPS] ASSAULT SUSP PRESENT OR IN AREA,Assault,ASSAULT
TB24006131,"02/13/2024, 12:58:42 PM","02/14/2024, 2:03:09 PM",THUNDER BAY,ON,P7C 3V8,200 Block SYNDICATE AV N, TBPS] ASSAULT SUSP PRESENT OR IN AREA,Assault,ASSAULT
TB24006402,"02/14/2024, 10:42:07 PM","02/15/2024, 2:02:38 PM",THUNDER BAY,ON,P7B 1A9,200 Block RED RIVER RD, TBPS] ASSAULT SUSP PRESENT OR IN AREA,Assault,ASSAULT
TB24006447,"02/15/2024, 4:43:55 AM","02/15/2024, 2:02:38 PM",THUNDER BAY,ON,P7B 5J4,1000 Block DAWSON RD, TBPS] LIQUOR LICENCE ACT LIQUOR LICENCE ACT VIOLATION IN PROGRESS,Quality of Life,LIQUOR LICENCE ACT
TB24006458,"02/15/2024, 7:06:45 AM","02/15/2024, 2:02:38 PM",THUNDER BAY,ON,P7E 5R6,600 Block ARTHUR ST W, TBPS] TROUBLE WITH YOUTH YOUTHS STILL IN AREA,Quality of Life,TROUBLE WITH YOUTH
TB24006386,"02/14/2024, 8:56:17 PM","02/15/2024, 2:02:39 PM",THUNDER BAY,ON,P7E 4Y9,1400 Block MOODIE ST E," TBPS] THEFT NOT IN PROGRESS, FROM MOTOR VEHICLE",Theft from Vehicle,THEFT
TB24006394,"02/14/2024, 10:14:11 PM","02/15/2024, 2:02:39 PM",THUNDER BAY,ON,P7B 6S2,700 Block MEMORIAL AV, TBPS] ROBBERY WEAPONS - SUSP STILL IN AREA,Robbery,ROBBERY
TB24006357,"02/14/2024, 6:29:50 PM","02/15/2024, 2:02:39 PM",THUNDER BAY,ON,P7B 6S2,700 Block MEMORIAL AV, TBPS] LIQUOR LICENCE ACT LIQUOR LICENCE ACT VIOLATION IN PROGRESS,Quality of Life,LIQUOR LICENCE ACT
TB24006384,"02/14/2024, 8:46:23 PM","02/15/2024, 2:02:39 PM",THUNDER BAY,ON,P7C 4H2,200 Block NORAH ST N, TBPS] DRUG OFFENCES SUSP PRESENT OR MAY STILL BE IN AREA,Quality of Life,DRUG OFFENCES
TB24006366,"02/14/2024, 7:11:42 PM","02/15/2024, 2:02:39 PM",THUNDER BAY,ON,P7B 6B9,1000 Block FORT WILLIAM RD, TBPS] MOTOR VEHICLE COLLISION 11-10 MVC ANY TYPE,Other,MOTOR VEHICLE COLLISION
TB24006382,"02/14/2024, 8:41:31 PM","02/15/2024, 2:02:39 PM",THUNDER BAY,ON,P7E 5V3,MAY ST S AND DONALD ST E, TBPS] ROBBERY NO WEAPONS - SUSP STILL IN AREA,Robbery,ROBBERY
TB24006412,"02/15/2024, 12:10:48 AM","02/15/2024, 2:02:39 PM",THUNDER BAY,ON,P7A,RED RIVER RD AND THUNDER BAY EXPRESSWAY, TBPS] LIQUOR LICENCE ACT LIQUOR LICENCE ACT VIOLATION IN PROGRESS,Quality of Life,LIQUOR LICENCE ACT
TB24006408,"02/14/2024, 11:27:37 PM","02/15/2024, 2:02:39 PM",THUNDER BAY,ON,P7A 1V5,400 Block HODDER AV," TBPS] THEFT IN PROGRESS, OVER 50000",Other Theft,THEFT
TB24006331,"02/14/2024, 5:04:57 PM","02/15/2024, 2:02:40 PM",THUNDER BAY,ON,P7C 1A7,500 Block VICTORIA AV E, TBPS] B-E BUS/RES/OTH SUSP PRESENT OR MAY STILL BE IN AREA,Breaking & Entering,B-E BUS/RES/OTH
TB24006338,"02/14/2024, 5:30:52 PM","02/15/2024, 2:02:40 PM",THUNDER BAY,ON,P7E 5R9,700 Block ARTHUR ST W, TBPS] LIQUOR LICENCE ACT LIQUOR LICENCE ACT VIOLATION IN PROGRESS,Quality of Life,LIQUOR LICENCE ACT
TB24006340,"02/14/2024, 5:38:51 PM","02/15/2024, 2:02:40 PM",THUNDER BAY,ON,P7C 5B8,500 Block ACADIA CT, TBPS] MOTOR VEHICLE COLLISION 11-10 MVC ANY TYPE,Other,MOTOR VEHICLE COLLISION
TB24006349,"02/14/2024, 5:56:21 PM","02/15/2024, 2:02:40 PM",THUNDER BAY,ON,P7B 2A7,100 Block VALLEY ST, TBPS] MOTOR VEHICLE COLLISION 11-10 MVC ANY TYPE,Other,MOTOR VEHICLE COLLISION
TB24006360,"02/14/2024, 6:46:00 PM","02/15/2024, 2:02:40 PM",THUNDER BAY,ON,P7C 1A1,VICTORIA AV E AND SIMPSON ST," TBPS] MISCHIEF IP/SUSP IN AREA, UNDER 5,000",Other Property Crime,MISCHIEF
TB24006373,"02/14/2024, 7:38:00 PM","02/15/2024, 2:02:40 PM",THUNDER BAY,ON,P7B,HARBOUR EXPRESSWAY AND BALMORAL ST, TBPS] MOTOR VEHICLE COLLISION 11-10 MVC ANY TYPE,Other,MOTOR VEHICLE COLLISION
TB24006283,"02/14/2024, 8:19:00 AM","02/15/2024, 2:02:41 PM",THUNDER BAY,ON,P7A 7M2,600 Block CASTLEGREEN DR, TBPS] LIQUOR LICENCE ACT LIQUOR LICENCE ACT VIOLATION IN PROGRESS,Quality of Life,LIQUOR LICENCE ACT
TB24006293,"02/14/2024, 1:44:34 PM","02/15/2024, 2:02:41 PM",THUNDER BAY,ON,P7B 7A5,800 Block OLIVER RD, TBPS] MOTOR VEHICLE COLLISION 11-10 MVC ANY TYPE,Other,MOTOR VEHICLE COLLISION
TB24006294,"02/14/2024, 1:47:36 PM","02/15/2024, 2:02:41 PM",THUNDER BAY,ON,P7B 5E1,900 Block OLIVER RD, TBPS] MOTOR VEHICLE COLLISION 11-10 MVC ANY TYPE,Other,MOTOR VEHICLE COLLISION
TB24006297,"02/14/2024, 2:25:58 PM","02/15/2024, 2:02:41 PM",THUNDER BAY,ON,P7B 5K5,1100 Block MEMORIAL AV, TBPS] MOTOR VEHICLE COLLISION 11-10 MVC ANY TYPE,Other,MOTOR VEHICLE COLLISION
TB24006295,"02/14/2024, 2:16:11 PM","02/15/2024, 2:02:41 PM",THUNDER BAY,ON,P7C 4C5,200 Block HAROLD ST N, TBPS] MOTOR VEHICLE COLLISION 11-10 MVC ANY TYPE,Other,MOTOR VEHICLE COLLISION
TB24006296,"02/14/2024, 2:19:11 PM","02/15/2024, 2:02:41 PM",THUNDER BAY,ON,P7B 6S2,700 Block MEMORIAL AV, TBPS] MOTOR VEHICLE COLLISION 11-10 MVC ANY TYPE,Other,MOTOR VEHICLE COLLISION
TB24006315,"02/14/2024, 4:06:29 PM","02/15/2024, 2:02:41 PM",THUNDER BAY,ON,P7B 1K3,900 Block RED RIVER RD, TBPS] THEFT SUSP STILL PRESENT OR MAY BE IN AREA,Other Theft,THEFT
TB24006593,"02/16/2024, 12:56:36 AM","02/16/2024, 2:02:15 PM",THUNDER BAY,ON,P7B 2G3,300 Block OLIVER RD, TBPS] MOTOR VEHICLE COLLISION MVC - AMB ENR - DUAL RESP,Other,MOTOR VEHICLE COLLISION
TB24006600,"02/16/2024, 2:25:49 AM","02/16/2024, 2:02:15 PM",THUNDER BAY,ON,P7B 1N5,300 Block DUFFERIN ST, TBPS] B-E BUS/RES/OTH SUSP PRESENT OR MAY STILL BE IN AREA,Breaking & Entering,B-E BUS/RES/OTH
TB24006616,"02/16/2024, 4:49:12 AM","02/16/2024, 2:02:15 PM",THUNDER BAY,ON,P7B 7C6,900 Block CARRICK ST, TBPS] THEFT SUSP STILL PRESENT OR MAY BE IN AREA,Other Theft,THEFT
TB24006541,"02/15/2024, 8:10:08 PM","02/16/2024, 2:02:16 PM",THUNDER BAY,ON,P7E 6A8,400 Block CABOT CT," TBPS] THEFT NOT IN PROGRESS, FROM MOTOR VEHICLE",Theft from Vehicle,THEFT
TB24006584,"02/16/2024, 12:15:55 AM","02/16/2024, 2:02:16 PM",THUNDER BAY,ON,P7B 5L6,300 Block MAIN ST, TBPS] THEFT SUSP STILL PRESENT OR MAY BE IN AREA,Other Theft,THEFT
TB24006557,"02/15/2024, 9:18:42 PM","02/16/2024, 2:02:16 PM",THUNDER BAY,ON,P7B 3Y7,400 Block MEMORIAL AV, TBPS] ASSAULT ACCUSED NOT PRESENT,Assault,ASSAULT
TB24006588,"02/16/2024, 12:33:28 AM","02/16/2024, 2:02:16 PM",THUNDER BAY,ON,P7B 3A6,900 Block FORT WILLIAM RD, TBPS] LIQUOR LICENCE ACT LIQUOR LICENCE ACT VIOLATION IN PROGRESS,Quality of Life,LIQUOR LICENCE ACT
TB24006609,"02/16/2024, 3:38:03 AM","02/16/2024, 2:02:16 PM",THUNDER BAY,ON,P7C 0A2,800 Block VICTORIA AV E, TBPS] THEFT SUSP STILL PRESENT OR MAY BE IN AREA,Other Theft,THEFT
TB24006483,"02/15/2024, 2:59:06 PM","02/16/2024, 2:02:17 PM",THUNDER BAY,ON,P7C 2V7,400 Block NORTHERN AV, TBPS] MOTOR VEHICLE COLLISION 11-10 MVC ANY TYPE,Other,MOTOR VEHICLE COLLISION
TB24006519,"02/15/2024, 6:12:29 PM","02/16/2024, 2:02:17 PM",THUNDER BAY,ON,P7A 7X9,500 Block COUNTY BLVD," TBPS] MISCHIEF 11-10, MICHIEF UNDER 5000",Other Property Crime,MISCHIEF
TB24006495,"02/15/2024, 4:07:41 PM","02/16/2024, 2:02:17 PM",THUNDER BAY,ON,P7E 4Z1,1700 Block MOODIE ST E, TBPS] MOTOR VEHICLE COLLISION 11-10 MVC ANY TYPE,Other,MOTOR VEHICLE COLLISION
TB24006061,"02/12/2024, 10:03:22 PM","02/16/2024, 2:02:18 PM",THUNDER BAY,ON,P7B 1J3,700 Block RED RIVER RD," TBPS] MISCHIEF 11-10, MICHIEF UNDER 5000",Other Property Crime,MISCHIEF
TB24006466,"02/15/2024, 9:55:17 AM","02/16/2024, 2:02:18 PM",THUNDER BAY,ON,P7E 5V7,1100 Block LINCOLN ST, TBPS] DRUG OFFENCES SUSP PRESENT OR MAY STILL BE IN AREA,Quality of Life,DRUG OFFENCES
TB24006482,"02/15/2024, 2:49:44 PM","02/16/2024, 2:02:18 PM",THUNDER BAY,ON,P7B 2M1,1 Block TRILLIUM CT, TBPS] MOTOR VEHICLE COLLISION 11-10 MVC ANY TYPE,Other,MOTOR VEHICLE COLLISION
TB24006481,"02/15/2024, 2:38:13 PM","02/16/2024, 2:02:18 PM",THUNDER BAY,ON,P7E 2A5,300 Block KINGSWAY, TBPS] MOTOR VEHICLE COLLISION 11-10 MVC ANY TYPE,Other,MOTOR VEHICLE COLLISION
TB24006492,"02/15/2024, 3:54:11 PM","02/16/2024, 2:02:18 PM",THUNDER BAY,ON,P7C 2V7,400 Block NORTHERN AV, TBPS] MOTOR VEHICLE COLLISION 11-10 MVC ANY TYPE,Other,MOTOR VEHICLE COLLISION
TB24006489,"02/15/2024, 3:41:47 PM","02/16/2024, 2:02:18 PM",THUNDER BAY,ON,P7C 3C3,MCTAVISH ST AND CHRISTIE ST, TBPS] MOTOR VEHICLE COLLISION 11-10 MVC ANY TYPE,Other,MOTOR VEHICLE COLLISION
TB24006502,"02/15/2024, 4:46:28 PM","02/16/2024, 2:02:18 PM",THUNDER BAY,ON,P7J 1C8,1900 Block MOUNTAIN RD, TBPS] MOTOR VEHICLE COLLISION 11-10 MVC ANY TYPE,Other,MOTOR VEHICLE COLLISION
TB24006505,"02/15/2024, 5:05:14 PM","02/16/2024, 2:02:18 PM",THUNDER BAY,ON,P7E 6H9,ARTHUR ST E AND WATERLOO ST S, TBPS] MOTOR VEHICLE COLLISION 11-10 MVC ANY TYPE,Other,MOTOR VEHICLE COLLISION
TB24006728,"02/16/2024, 10:33:25 PM","02/17/2024, 2:03:03 PM",THUNDER BAY,ON,P7E 5M8,900 Block ARTHUR ST E, TBPS] THEFT SUSP STILL PRESENT OR MAY BE IN AREA,Other Theft,THEFT
TB24006731,"02/16/2024, 11:31:18 PM","02/17/2024, 2:03:03 PM",THUNDER BAY,ON,P7B 5L6,300 Block MAIN ST, TBPS] THEFT SUSP STILL PRESENT OR MAY BE IN AREA,Other Theft,THEFT
TB24006737,"02/17/2024, 12:22:42 AM","02/17/2024, 2:03:03 PM",THUNDER BAY,ON,P7C 3X8,100 Block CENTENNIAL SQ, TBPS] ROBBERY NO WEAPONS - SUSP STILL IN AREA,Robbery,ROBBERY
TB24006748,"02/17/2024, 1:47:27 AM","02/17/2024, 2:03:03 PM",THUNDER BAY,ON,P7J 1E9,2000 Block 61 HWY, TBPS] LIQUOR LICENCE ACT LIQUOR LICENCE ACT VIOLATION IN PROGRESS,Quality of Life,LIQUOR LICENCE ACT
TB24006751,"02/17/2024, 2:52:13 AM","02/17/2024, 2:03:03 PM",THUNDER BAY,ON,P7A 4K9,1 Block CUMBERLAND ST N, TBPS] ASSAULT SUSP PRESENT OR IN AREA,Assault,ASSAULT
TB24006766,"02/17/2024, 6:14:23 AM","02/17/2024, 2:03:03 PM",THUNDER BAY,ON,P7C 3H6,200 Block SIMPSON ST, TBPS] LIQUOR LICENCE ACT LIQUOR LICENCE ACT VIOLATION IN PROGRESS,Quality of Life,LIQUOR LICENCE ACT
TB24006653,"02/16/2024, 2:46:16 PM","02/17/2024, 2:03:04 PM",THUNDER BAY,ON,P7B 6V4,900 Block OLIVER RD, TBPS] MOTOR VEHICLE COLLISION 11-10 MVC ANY TYPE,Other,MOTOR VEHICLE COLLISION
TB24006681,"02/16/2024, 6:14:48 PM","02/17/2024, 2:03:04 PM",THUNDER BAY,ON,.,100 Block PEARL ST, TBPS] MARINE ICE RESCUE - DUAL RESPONSE,Emergency,MARINE
TB24006674,"02/16/2024, 5:13:40 PM","02/17/2024, 2:03:04 PM",THUNDER BAY,ON,P7E 5P7,100 Block ARTHUR ST W, TBPS] MOTOR VEHICLE COLLISION 11-10 MVC ANY TYPE,Other,MOTOR VEHICLE COLLISION
TB24006714,"02/16/2024, 9:15:33 PM","02/17/2024, 2:03:04 PM",THUNDER BAY,ON,P7E 5V3,ARTHUR ST E AND MAY ST S, TBPS] LIQUOR LICENCE ACT LIQUOR LICENCE ACT VIOLATION IN PROGRESS,Quality of Life,LIQUOR LICENCE ACT
TB24006713,"02/16/2024, 9:14:20 PM","02/17/2024, 2:03:04 PM",THUNDER BAY,ON,P7E 5R2,ARTHUR ST W AND JAMES ST S, TBPS] MOTOR VEHICLE COLLISION 11-10 MVC ANY TYPE,Other,MOTOR VEHICLE COLLISION
TB24006719,"02/16/2024, 9:35:55 PM","02/17/2024, 2:03:04 PM",THUNDER BAY,ON,P7K 1K2,ARTHUR ST W AND PARKDALE BLVD, TBPS] MOTOR VEHICLE COLLISION 11-10 MVC ANY TYPE,Other,MOTOR VEHICLE COLLISION
TB24006720,"02/16/2024, 9:46:34 PM","02/17/2024, 2:03:04 PM",THUNDER BAY,ON,P7A 5B1,ALGOMA ST N AND MCINTYRE ST, TBPS] MOTOR VEHICLE COLLISION 11-10 MVC ANY TYPE,Other,MOTOR VEHICLE COLLISION
TB24006729,"02/16/2024, 10:46:11 PM","02/17/2024, 2:03:04 PM",THUNDER BAY,ON,P7A 2R7,200 Block TOLEDO ST, TBPS] B-E BUS/RES/OTH 11-10,Breaking & Entering,B-E BUS/RES/OTH
TB24006734,"02/16/2024, 11:45:43 PM","02/17/2024, 2:03:04 PM",THUNDER BAY,ON,P7E 5V6,DONALD ST E AND VICKERS ST S, TBPS] MOTOR VEHICLE COLLISION MVC NO INJURIES,Traffic,MOTOR VEHICLE COLLISION
TB24006746,"02/17/2024, 1:39:16 AM","02/17/2024, 2:03:04 PM",THUNDER BAY,ON,P7A 7L6,STRATHCONA AV AND AUDREY ST, TBPS] MOTOR VEHICLE COLLISION MVC - AMB ENR - DUAL RESP,Other,MOTOR VEHICLE COLLISION
TB24006740,"02/17/2024, 12:27:13 AM","02/17/2024, 2:03:04 PM",THUNDER BAY,ON,P7E 4S4,500 Block EMPIRE AV E, TBPS] STOLEN VEHICLE SUSP PRESENT OR MAY STILL BE IN AREA,Theft of Vehicle,STOLEN VEHICLE
TB24006752,"02/17/2024, 2:54:25 AM","02/17/2024, 2:03:04 PM",THUNDER BAY,ON,P7E 5N3,1300 Block ARTHUR ST E, TBPS] THEFT SUSP STILL PRESENT OR MAY BE IN AREA,Other Theft,THEFT
TB24006640,"02/16/2024, 10:46:00 AM","02/17/2024, 2:03:05 PM",THUNDER BAY,ON,P7B 6V4,900 Block OLIVER RD," TBPS] THEFT NOT IN PROGRESS, UNDER 5000",Other Theft,THEFT
TB24006645,"02/16/2024, 1:31:44 PM","02/17/2024, 2:03:05 PM",THUNDER BAY,ON,P7B 1R2,BAY ST AND VIGARS ST, TBPS] MOTOR VEHICLE COLLISION 11-10 MVC ANY TYPE,Other,MOTOR VEHICLE COLLISION
TB24006646,"02/16/2024, 1:47:12 PM","02/17/2024, 2:03:05 PM",THUNDER BAY,ON,P7B,BALMORAL ST AND HARBOUR EXPRESSWAY, TBPS] MOTOR VEHICLE COLLISION 11-10 MVC ANY TYPE,Other,MOTOR VEHICLE COLLISION
TB24006647,"02/16/2024, 1:58:57 PM","02/17/2024, 2:03:05 PM",THUNDER BAY,ON,P7E 4C4,400 Block FRANCIS ST W, TBPS] MOTOR VEHICLE COLLISION 11-10 MVC ANY TYPE,Other,MOTOR VEHICLE COLLISION
TB24006648,"02/16/2024, 2:05:02 PM","02/17/2024, 2:03:05 PM",THUNDER BAY,ON,P7C 4P3,300 Block EDWARD ST N, TBPS] MOTOR VEHICLE COLLISION 11-10 MVC ANY TYPE,Other,MOTOR VEHICLE COLLISION
TB24006649,"02/16/2024, 2:16:22 PM","02/17/2024, 2:03:05 PM",THUNDER BAY,ON,P7B 5V2,500 Block BEVERLY ST, TBPS] MOTOR VEHICLE COLLISION 11-10 MVC ANY TYPE,Other,MOTOR VEHICLE COLLISION
TB24006652,"02/16/2024, 2:37:41 PM","02/17/2024, 2:03:05 PM",THUNDER BAY,ON,P7B 3A7,WAVERLY ST AND SECORD ST, TBPS] MOTOR VEHICLE COLLISION 11-10 MVC ANY TYPE,Other,MOTOR VEHICLE COLLISION
TB24006668,"02/16/2024, 4:41:14 PM","02/17/2024, 2:03:05 PM",THUNDER BAY,ON,P7A 5H7,100 Block PETER ST, TBPS] MOTOR VEHICLE COLLISION 11-10 MVC ANY TYPE,Other,MOTOR VEHICLE COLLISION
TB24006709,"02/16/2024, 8:53:25 PM","02/17/2024, 2:03:05 PM",THUNDER BAY,ON,P7E 5P7,200 Block ARTHUR ST W, TBPS] MOTOR VEHICLE COLLISION MVC INJURIES FIRE NOT REQ,Traffic,MOTOR VEHICLE COLLISION
TB24006822,"02/17/2024, 9:34:18 PM","02/18/2024, 2:02:32 PM",THUNDER BAY,ON,P7A 4L8,1 Block CUMBERLAND ST N, TBPS] LIQUOR LICENCE ACT LIQUOR LICENCE ACT VIOLATION IN PROGRESS,Quality of Life,LIQUOR LICENCE ACT
TB24006824,"02/17/2024, 9:56:38 PM","02/18/2024, 2:02:32 PM",THUNDER BAY,ON,P7E 5V3,500 Block DONALD ST E, TBPS] ASSAULT SUSP PRESENT OR IN AREA,Assault,ASSAULT
TB24006573,"02/15/2024, 10:56:58 PM","02/18/2024, 2:02:32 PM",THUNDER BAY,ON,P7B 3A6,900 Block FORT WILLIAM RD, TBPS] MOTOR VEHICLE COLLISION 11-10 MVC ANY TYPE,Other,MOTOR VEHICLE COLLISION
TB24006735,"02/17/2024, 12:07:44 AM","02/18/2024, 2:02:33 PM",THUNDER BAY,ON,P7E 5R4,500 Block ARTHUR ST W, TBPS] MOTOR VEHICLE COLLISION 11-10 MVC ANY TYPE,Other,MOTOR VEHICLE COLLISION
TB24006783,"02/17/2024, 10:47:43 AM","02/18/2024, 2:02:33 PM",THUNDER BAY,ON,P7B 5J4,1000 Block DAWSON RD, TBPS] LIQUOR LICENCE ACT LIQUOR LICENCE ACT VIOLATION IN PROGRESS,Quality of Life,LIQUOR LICENCE ACT
TB24006911,"02/18/2024, 6:19:28 PM","02/19/2024, 2:02:57 PM",THUNDER BAY,ON,P7C 2K5,100 Block FINLAYSON ST, TBPS] ASSAULT SUSP PRESENT OR IN AREA,Assault,ASSAULT
TB24006923,"02/18/2024, 7:53:24 PM","02/19/2024, 2:02:57 PM",THUNDER BAY,ON,P7C 3X8,100 Block CENTENNIAL SQ, TBPS] THEFT SUSP STILL PRESENT OR MAY BE IN AREA,Other Theft,THEFT
TB24006943,"02/19/2024, 12:43:41 AM","02/19/2024, 2:02:57 PM",THUNDER BAY,ON,P7C 2G3,100 Block BETHUNE ST," TBPS] THEFT NOT IN PROGRESS, UNDER 5000",Other Theft,THEFT
TB24006947,"02/19/2024, 1:26:47 AM","02/19/2024, 2:02:57 PM",THUNDER BAY,ON,P7B 3Y2,300 Block MEMORIAL AV, TBPS] THEFT SUSP STILL PRESENT OR MAY BE IN AREA,Other Theft,THEFT
TB24006948,"02/19/2024, 1:34:15 AM","02/19/2024, 2:02:57 PM",THUNDER BAY,ON,P7E 5R6,600 Block ARTHUR ST W, TBPS] LIQUOR LICENCE ACT LIQUOR LICENCE ACT VIOLATION IN PROGRESS,Quality of Life,LIQUOR LICENCE ACT
TB24006961,"02/19/2024, 4:04:17 AM","02/19/2024, 2:02:57 PM",THUNDER BAY,ON,P7E,ARTHUR ST W AND 61 HWY, TBPS] MOTOR VEHICLE COLLISION MVC NO INJURIES,Traffic,MOTOR VEHICLE COLLISION
TB24006969,"02/19/2024, 5:01:47 AM","02/19/2024, 2:02:57 PM",THUNDER BAY,ON,P7B 3Y2,300 Block MEMORIAL AV, TBPS] LIQUOR LICENCE ACT LIQUOR LICENCE ACT VIOLATION IN PROGRESS,Quality of Life,LIQUOR LICENCE ACT
TB24006966,"02/19/2024, 4:40:25 AM","02/19/2024, 2:02:57 PM",THUNDER BAY,ON,P7G 1K8,1800 Block JOHN ST. RD, TBPS] LIQUOR LICENCE ACT LIQUOR LICENCE ACT VIOLATION IN PROGRESS,Quality of Life,LIQUOR LICENCE ACT
TB24006972,"02/19/2024, 5:23:50 AM","02/19/2024, 2:02:57 PM",THUNDER BAY,ON,P7C 2K5,100 Block FINLAYSON ST, TBPS] ASSAULT SUSP PRESENT OR IN AREA,Assault,ASSAULT
TB24006881,"02/18/2024, 7:37:22 AM","02/19/2024, 2:02:58 PM",THUNDER BAY,ON,P7B 3Y4,300 Block MEMORIAL AV, TBPS] MOTOR VEHICLE COLLISION 11-10 MVC ANY TYPE,Other,MOTOR VEHICLE COLLISION
TB24006886,"02/18/2024, 9:04:12 AM","02/19/2024, 2:02:58 PM",THUNDER BAY,ON,P7B 4K4,100 Block ROCKWOOD AV S, TBPS] MOTOR VEHICLE COLLISION MVC NO INJURIES,Traffic,MOTOR VEHICLE COLLISION
TB24006888,"02/18/2024, 9:26:04 AM","02/19/2024, 2:02:58 PM",THUNDER BAY,ON,P7B 1A7,200 Block RED RIVER RD, TBPS] ASSAULT ACCUSED NOT PRESENT,Assault,ASSAULT
TB24006890,"02/18/2024, 10:37:01 AM","02/19/2024, 2:02:58 PM",THUNDER BAY,ON,P7E 4Z3,2000 Block MOODIE ST E," TBPS] MISCHIEF IP/SUSP IN AREA, UNDER 5,000",Other Property Crime,MISCHIEF
TB24006896,"02/18/2024, 2:33:17 PM","02/19/2024, 2:02:58 PM",THUNDER BAY,ON,P7B,THUNDER BAY EXPRESSWAY AND JOHN ST, TBPS] MOTOR VEHICLE COLLISION MVC NO INJURIES,Traffic,MOTOR VEHICLE COLLISION
TB24006910,"02/18/2024, 6:11:24 PM","02/19/2024, 2:02:58 PM",THUNDER BAY,ON,P7E 4Z3,2000 Block MOODIE ST E," TBPS] MISCHIEF 11-10, MICHIEF UNDER 5000",Other Property Crime,MISCHIEF
TB24006894,"02/18/2024, 1:30:42 PM","02/19/2024, 2:02:58 PM",THUNDER BAY,ON,P7G 2G1,DAWSON RD AND WILLOW PARK DR, TBPS] MOTOR VEHICLE COLLISION MVC NO INJURIES,Traffic,MOTOR VEHICLE COLLISION
TB24006918,"02/18/2024, 7:41:21 PM","02/19/2024, 2:02:58 PM",THUNDER BAY,ON,P7G 1J1,JOHN ST. RD AND WOODCREST RD, TBPS] MOTOR VEHICLE COLLISION MVC - AMB ENR - DUAL RESP,Other,MOTOR VEHICLE COLLISION
TB24006946,"02/19/2024, 1:18:24 AM","02/19/2024, 2:02:58 PM",THUNDER BAY,ON,P7B,MEMORIAL AV AND HARBOUR EXPRESSWAY, TBPS] MOTOR VEHICLE COLLISION MVC - AMB ENR - DUAL RESP,Other,MOTOR VEHICLE COLLISION
TB24006953,"02/19/2024, 2:37:21 AM","02/19/2024, 2:02:58 PM",THUNDER BAY,ON,P7B 7A4,1100 Block OLIVER RD, TBPS] LIQUOR LICENCE ACT LIQUOR LICENCE ACT VIOLATION IN PROGRESS,Quality of Life,LIQUOR LICENCE ACT
TB24007049,"02/19/2024, 11:50:35 PM","02/20/2024, 2:03:01 PM",THUNDER BAY,ON,P7B 5Z5,1200 Block BALMORAL ST," TBPS] THEFT NOT IN PROGRESS, UNDER 5000",Other Theft,THEFT
TB24007052,"02/19/2024, 11:58:17 PM","02/20/2024, 2:03:01 PM",THUNDER BAY,ON,P7C 2V7,400 Block NORTHERN AV, TBPS] ASSAULT SUSP PRESENT OR IN AREA,Assault,ASSAULT
TB24006983,"02/19/2024, 8:59:06 AM","02/20/2024, 2:03:02 PM",THUNDER BAY,ON,P7C 3H6,200 Block SIMPSON ST, TBPS] THEFT SUSP STILL PRESENT OR MAY BE IN AREA,Other Theft,THEFT
TB24006985,"02/19/2024, 9:43:13 AM","02/20/2024, 2:03:02 PM",THUNDER BAY,ON,P7E 2M6,1400 Block BROWN ST, TBPS] ROBBERY NO WEAPONS - SUSP STILL IN AREA,Robbery,ROBBERY
TB24006988,"02/19/2024, 10:09:26 AM","02/20/2024, 2:03:02 PM",THUNDER BAY,ON,P7E 5N3,1300 Block ARTHUR ST E, TBPS] LIQUOR LICENCE ACT LIQUOR LICENCE ACT VIOLATION IN PROGRESS,Quality of Life,LIQUOR LICENCE ACT
TB24007022,"02/19/2024, 6:27:15 PM","02/20/2024, 2:03:02 PM",THUNDER BAY,ON,P7B 2K2,300 Block QUEEN ST, TBPS] ASSAULT SUSP PRESENT OR IN AREA,Assault,ASSAULT
TB24006990,"02/19/2024, 10:23:42 AM","02/20/2024, 2:03:02 PM",THUNDER BAY,ON,P7B 2T5,1 Block CUMBERLAND ST S, TBPS] B-E BUS/RES/OTH SUSP PRESENT OR MAY STILL BE IN AREA,Breaking & Entering,B-E BUS/RES/OTH
TB24006991,"02/19/2024, 11:11:39 AM","02/20/2024, 2:03:02 PM",THUNDER BAY,ON,P7A 3Y1,200 Block VILLA ST, TBPS] ASSAULT SUSP PRESENT OR IN AREA,Assault,ASSAULT
TB24007043,"02/19/2024, 9:34:21 PM","02/20/2024, 2:03:02 PM",THUNDER BAY,ON,P7B 3W1,300 Block HILL ST S, TBPS] ASSAULT ACCUSED NOT PRESENT,Assault,ASSAULT
TB24006982,"02/19/2024, 8:24:09 AM","02/20/2024, 2:03:03 PM",THUNDER BAY,ON,P7B 1M1,300 Block AMBROSE ST, TBPS] B-E BUS/RES/OTH SUSP PRESENT OR MAY STILL BE IN AREA,Breaking & Entering,B-E BUS/RES/OTH
TB24007118,"02/20/2024, 5:00:00 PM","02/24/2024, 2:02:40 PM",THUNDER BAY,ON,P7B 1Z7,700 Block JOHN ST, TBPS] ASSAULT ACCUSED NOT PRESENT,Assault,ASSAULT
TB24007111,"02/20/2024, 3:56:14 PM","02/24/2024, 2:02:40 PM",THUNDER BAY,ON,P7A 2Z1,1 Block SHUNIAH ST," TBPS] MISCHIEF 11-10, MICHIEF UNDER 5000",Other Property Crime,MISCHIEF
TB24007137,"02/20/2024, 7:06:01 PM","02/24/2024, 2:02:40 PM",THUNDER BAY,ON,P7B 5Z5,1200 Block BALMORAL ST, TBPS] STOLEN VEHICLE SUSP NOT IN AREA,Theft of Vehicle,STOLEN VEHICLE
TB24007083,"02/20/2024, 9:47:23 AM","02/24/2024, 2:02:41 PM",THUNDER BAY,ON,P7A 8C5,500 Block ALGOMA ST N, TBPS] B-E BUS/RES/OTH SUSP PRESENT OR MAY STILL BE IN AREA,Breaking & Entering,B-E BUS/RES/OTH
TB24007682,"02/23/2024, 11:09:41 PM","02/24/2024, 2:02:41 PM",THUNDER BAY,ON,P7B 5L6,300 Block MAIN ST, TBPS] LIQUOR LICENCE ACT LIQUOR LICENCE ACT VIOLATION IN PROGRESS,Quality of Life,LIQUOR LICENCE ACT
TB24007680,"02/23/2024, 10:58:08 PM","02/24/2024, 2:02:41 PM",THUNDER BAY,ON,P7B 5E1,900 Block OLIVER RD," TBPS] THEFT NOT IN PROGRESS, UNDER 5000",Other Theft,THEFT
TB24007676,"02/23/2024, 10:21:16 PM","02/24/2024, 2:02:41 PM",THUNDER BAY,ON,P7C 2E3,100 Block NEWBERRY CR," TBPS] THEFT NOT IN PROGRESS, UNDER 5000",Other Theft,THEFT
TB24007714,"02/24/2024, 3:05:34 AM","02/24/2024, 2:02:41 PM",THUNDER BAY,ON,P7B 5X1,600 Block BEVERLY ST, TBPS] B-E BUS/RES/OTH SUSP PRESENT OR MAY STILL BE IN AREA,Breaking & Entering,B-E BUS/RES/OTH
TB24007713,"02/24/2024, 3:00:39 AM","02/24/2024, 2:02:41 PM",THUNDER BAY,ON,P7E,EDWARD ST S AND ARTHUR ST E, TBPS] MOTOR VEHICLE COLLISION MVC NO INJURIES,Traffic,MOTOR VEHICLE COLLISION
TB24007749,"02/24/2024, 6:47:15 AM","02/24/2024, 2:02:41 PM",THUNDER BAY,ON,P7B 1B1,300 Block RED RIVER RD, TBPS] LIQUOR LICENCE ACT LIQUOR LICENCE ACT VIOLATION IN PROGRESS,Quality of Life,LIQUOR LICENCE ACT
TB24007684,"02/23/2024, 11:42:11 PM","02/24/2024, 2:02:41 PM",THUNDER BAY,ON,P7C 4P7,400 Block EDWARD ST N, TBPS] ASSAULT SUSP PRESENT OR IN AREA,Assault,ASSAULT
TB24007716,"02/24/2024, 3:19:57 AM","02/24/2024, 2:02:41 PM",THUNDER BAY,ON,P7B 7C6,900 Block CARRICK ST, TBPS] THEFT SUSP STILL PRESENT OR MAY BE IN AREA,Other Theft,THEFT
TB24007653,"02/23/2024, 8:09:38 PM","02/24/2024, 2:02:42 PM",THUNDER BAY,ON,P7E 5R6,600 Block ARTHUR ST W, TBPS] MOTOR VEHICLE COLLISION MVC NO INJURIES,Traffic,MOTOR VEHICLE COLLISION
TB24007644,"02/23/2024, 6:59:26 PM","02/24/2024, 2:02:42 PM",THUNDER BAY,ON,P7C,ATIKOKAN DR AND GOLF LINKS RD, TBPS] MOTOR VEHICLE COLLISION MVC NO INJURIES,Traffic,MOTOR VEHICLE COLLISION
TB24007657,"02/23/2024, 8:32:24 PM","02/24/2024, 2:02:42 PM",THUNDER BAY,ON,P7E 4K4,100 Block MARY ST W," TBPS] THEFT NOT IN PROGRESS, FROM MOTOR VEHICLE",Theft from Vehicle,THEFT
TB24007632,"02/23/2024, 5:38:10 PM","02/24/2024, 2:02:42 PM",THUNDER BAY,ON,P7B 7C6,900 Block CARRICK ST, TBPS] THEFT SUSP STILL PRESENT OR MAY BE IN AREA,Other Theft,THEFT
TB24007650,"02/23/2024, 7:50:04 PM","02/24/2024, 2:02:42 PM",THUNDER BAY,ON,P7B 1C1,200 Block PARK AV," TBPS] THEFT NOT IN PROGRESS, UNDER 5000",Other Theft,THEFT
TB24007663,"02/23/2024, 8:50:04 PM","02/24/2024, 2:02:42 PM",THUNDER BAY,ON,P7B 6J6,100 Block PICTON AV," TBPS] MISCHIEF 11-10, MICHIEF UNDER 5000",Other Property Crime,MISCHIEF
TB24007696,"02/24/2024, 12:38:42 AM","02/24/2024, 2:02:42 PM",THUNDER BAY,ON,P7E 6J2,400 Block GORE ST W, TBPS] ASSAULT ACCUSED NOT PRESENT,Assault,ASSAULT
TB24007572,"02/23/2024, 4:50:32 AM","02/24/2024, 2:02:43 PM",THUNDER BAY,ON,P7B 7C6,900 Block CARRICK ST, TBPS] THEFT SUSP STILL PRESENT OR MAY BE IN AREA,Other Theft,THEFT
TB24007575,"02/23/2024, 5:08:54 AM","02/24/2024, 2:02:43 PM",THUNDER BAY,ON,P7B 6S2,700 Block MEMORIAL AV, TBPS] THEFT SUSP STILL PRESENT OR MAY BE IN AREA,Other Theft,THEFT
TB24007579,"02/23/2024, 6:27:25 AM","02/24/2024, 2:02:43 PM",THUNDER BAY,ON,P7C 4S8,1 Block LIMBRICK ST," TBPS] THEFT NOT IN PROGRESS, UNDER 5000",Other Theft,THEFT
TB24007581,"02/23/2024, 6:41:16 AM","02/24/2024, 2:02:43 PM",THUNDER BAY,ON,P7E 5V3,500 Block DONALD ST E," TBPS] MISCHIEF IP/SUSP IN AREA, UNDER 5,000",Other Property Crime,MISCHIEF
TB24007590,"02/23/2024, 8:04:54 AM","02/24/2024, 2:02:43 PM",THUNDER BAY,ON,P7E 2H4,700 Block EDWARD ST S," TBPS] MISCHIEF IP/SUSP IN AREA, UNDER 5,000",Other Property Crime,MISCHIEF
TB24007589,"02/23/2024, 7:54:47 AM","02/24/2024, 2:02:43 PM",THUNDER BAY,ON,P7E 5R9,700 Block ARTHUR ST W, TBPS] STOLEN VEHICLE SUSP PRESENT OR MAY STILL BE IN AREA,Theft of Vehicle,STOLEN VEHICLE
TB24007594,"02/23/2024, 9:10:37 AM","02/24/2024, 2:02:43 PM",THUNDER BAY,ON,P7C 4V1,3100 Block ARTHUR ST W, TBPS] STOLEN VEHICLE SUSP PRESENT OR MAY STILL BE IN AREA,Theft of Vehicle,STOLEN VEHICLE
TB24007602,"02/23/2024, 2:50:45 PM","02/24/2024, 2:02:43 PM",THUNDER BAY,ON,P7B,CENTRAL AV AND MEMORIAL AV, TBPS] MOTOR VEHICLE COLLISION MVC NO INJURIES,Traffic,MOTOR VEHICLE COLLISION
TB24007612,"02/23/2024, 4:16:34 PM","02/24/2024, 2:02:43 PM",THUNDER BAY,ON,P7B 3Z5,700 Block MEMORIAL AV, TBPS] MOTOR VEHICLE COLLISION 11-10 MVC ANY TYPE,Other,MOTOR VEHICLE COLLISION
TB24007614,"02/23/2024, 4:30:17 PM","02/24/2024, 2:02:43 PM",THUNDER BAY,ON,P7B 3W6,1 Block RUPERT ST, TBPS] MOTOR VEHICLE COLLISION 11-10 MVC ANY TYPE,Other,MOTOR VEHICLE COLLISION
TB24007616,"02/23/2024, 4:32:16 PM","02/24/2024, 2:02:43 PM",THUNDER BAY,ON,P7B 7C6,900 Block CARRICK ST, TBPS] MOTOR VEHICLE COLLISION 11-10 MVC ANY TYPE,Other,MOTOR VEHICLE COLLISION
TB24007617,"02/23/2024, 4:34:01 PM","02/24/2024, 2:02:43 PM",THUNDER BAY,ON,P7E 3N7,700 Block CONFEDERATION DR, TBPS] MOTOR VEHICLE COLLISION 11-10 MVC ANY TYPE,Other,MOTOR VEHICLE COLLISION
TB24007619,"02/23/2024, 4:36:28 PM","02/24/2024, 2:02:43 PM",THUNDER BAY,ON,P7E 6M4,100 Block MAY ST S, TBPS] MOTOR VEHICLE COLLISION 11-10 MVC ANY TYPE,Other,MOTOR VEHICLE COLLISION
TB24007622,"02/23/2024, 4:44:57 PM","02/24/2024, 2:02:43 PM",THUNDER BAY,ON,P7B 6N7,BALMORAL ST AND JASPER DR, TBPS] MOTOR VEHICLE COLLISION MVC - AMB ENR - DUAL RESP,Other,MOTOR VEHICLE COLLISION
TB24007626,"02/23/2024, 5:10:46 PM","02/24/2024, 2:02:43 PM",THUNDER BAY,ON,P7B 5N3,SIBLEY DR AND BARTON ST, TBPS] MOTOR VEHICLE COLLISION 11-10 MVC ANY TYPE,Other,MOTOR VEHICLE COLLISION
TB24007512,"02/22/2024, 9:02:30 PM","02/24/2024, 2:02:44 PM",THUNDER BAY,ON,P7B 3G2,100 Block ONTARIO ST, TBPS] MOTOR VEHICLE COLLISION 11-10 MVC ANY TYPE,Other,MOTOR VEHICLE COLLISION
TB24007528,"02/22/2024, 9:36:52 PM","02/24/2024, 2:02:44 PM",THUNDER BAY,ON,P7E,1100 Block ARTHUR ST E, TBPS] MOTOR VEHICLE COLLISION 11-10 MVC ANY TYPE,Other,MOTOR VEHICLE COLLISION
TB24007537,"02/22/2024, 10:00:00 PM","02/24/2024, 2:02:44 PM",THUNDER BAY,ON,P7E 5R5,500 Block ARTHUR ST W, TBPS] ASSAULT SUSP PRESENT OR IN AREA,Assault,ASSAULT
TB24007564,"02/23/2024, 2:38:22 AM","02/24/2024, 2:02:44 PM",THUNDER BAY,ON,P7E 4N1,1600 Block MARY ST W, TBPS] ASSAULT SUSP PRESENT OR IN AREA,Assault,ASSAULT
TB24007567,"02/23/2024, 3:08:08 AM","02/24/2024, 2:02:44 PM",THUNDER BAY,ON,P7C 4E6,100 Block MARKS ST N, TBPS] ASSAULT ACCUSED NOT PRESENT,Assault,ASSAULT
TB24007486,"02/22/2024, 7:19:48 PM","02/24/2024, 2:02:45 PM",THUNDER BAY,ON,.,UNKNOWN STREET AND UNKNOWN STREET," TBPS] MISCHIEF 11-10, MICHIEF OVER 5000",Other Property Crime,MISCHIEF
TB24007493,"02/22/2024, 7:52:33 PM","02/24/2024, 2:02:45 PM",THUNDER BAY,ON,P7E 3C3,1600 Block HOME AV," TBPS] THEFT NOT IN PROGRESS, FROM MOTOR VEHICLE",Theft from Vehicle,THEFT
TB24007461,"02/22/2024, 5:07:14 PM","02/24/2024, 2:02:45 PM",THUNDER BAY,ON,P7C 1A5,400 Block VICTORIA AV E, TBPS] DRUG OFFENCES SUSP PRESENT OR MAY STILL BE IN AREA,Quality of Life,DRUG OFFENCES
TB24007500,"02/22/2024, 8:18:37 PM","02/24/2024, 2:02:45 PM",THUNDER BAY,ON,P7C 5M9,100 Block TWIN CITY CROSSROAD, TBPS] MOTOR VEHICLE COLLISION 11-10 MVC ANY TYPE,Other,MOTOR VEHICLE COLLISION
TB24007498,"02/22/2024, 8:06:17 PM","02/24/2024, 2:02:45 PM",THUNDER BAY,ON,.,100 Block PEARL ST, TBPS] MARINE ICE RESCUE - DUAL RESPONSE,Emergency,MARINE
TB24007504,"02/22/2024, 8:35:25 PM","02/24/2024, 2:02:45 PM",THUNDER BAY,ON,P7B 3Z7,700 Block MEMORIAL AV, TBPS] THEFT SUSP STILL PRESENT OR MAY BE IN AREA,Other Theft,THEFT
TB24007510,"02/22/2024, 8:56:09 PM","02/24/2024, 2:02:45 PM",THUNDER BAY,ON,P7B 0A9,300 Block MAIN ST, TBPS] MOTOR VEHICLE COLLISION 11-10 MVC ANY TYPE,Other,MOTOR VEHICLE COLLISION
TB24007514,"02/22/2024, 9:06:19 PM","02/24/2024, 2:02:45 PM",THUNDER BAY,ON,P7B 3B8,DUFFERIN ST AND ALGOMA ST S, TBPS] MOTOR VEHICLE COLLISION 11-10 MVC ANY TYPE,Other,MOTOR VEHICLE COLLISION
TB24007511,"02/22/2024, 9:00:22 PM","02/24/2024, 2:02:45 PM",THUNDER BAY,ON,P7B 6B7,400 Block WINNIPEG AV, TBPS] MOTOR VEHICLE COLLISION 11-10 MVC ANY TYPE,Other,MOTOR VEHICLE COLLISION
TB24007513,"02/22/2024, 9:04:28 PM","02/24/2024, 2:02:45 PM",THUNDER BAY,ON,P7B 6Z8,1400 Block NAKINA DR, TBPS] MOTOR VEHICLE COLLISION 11-10 MVC ANY TYPE,Other,MOTOR VEHICLE COLLISION
TB24007517,"02/22/2024, 9:23:21 PM","02/24/2024, 2:02:45 PM",THUNDER BAY,ON,P7A 1L4,300 Block ARUNDEL ST, TBPS] MOTOR VEHICLE COLLISION 11-10 MVC ANY TYPE,Other,MOTOR VEHICLE COLLISION
TB24007519,"02/22/2024, 9:27:34 PM","02/24/2024, 2:02:45 PM",THUNDER BAY,ON,P7A 3S4,600 Block RIVER ST, TBPS] MOTOR VEHICLE COLLISION 11-10 MVC ANY TYPE,Other,MOTOR VEHICLE COLLISION
TB24007521,"02/22/2024, 9:29:27 PM","02/24/2024, 2:02:45 PM",THUNDER BAY,ON,P7C 3T3,300 Block BRODIE ST N, TBPS] MOTOR VEHICLE COLLISION 11-10 MVC ANY TYPE,Other,MOTOR VEHICLE COLLISION
TB24007518,"02/22/2024, 9:25:25 PM","02/24/2024, 2:02:45 PM",THUNDER BAY,ON,P7K 1H1,2100 Block ALMIRA AV, TBPS] MOTOR VEHICLE COLLISION 11-10 MVC ANY TYPE,Other,MOTOR VEHICLE COLLISION
TB24007522,"02/22/2024, 9:31:13 PM","02/24/2024, 2:02:45 PM",THUNDER BAY,ON,P7A 4S8,1 Block NUGENT ST, TBPS] DRUG OFFENCES SUSP PRESENT OR MAY STILL BE IN AREA,Quality of Life,DRUG OFFENCES
TB24007525,"02/22/2024, 9:33:32 PM","02/24/2024, 2:02:45 PM",THUNDER BAY,ON,P7B 0A6,900 Block BALMORAL ST, TBPS] MOTOR VEHICLE COLLISION 11-10 MVC ANY TYPE,Other,MOTOR VEHICLE COLLISION
TB24007523,"02/22/2024, 9:31:24 PM","02/24/2024, 2:02:45 PM",THUNDER BAY,ON,P7A 4P1,300 Block CUMBERLAND ST N, TBPS] MOTOR VEHICLE COLLISION 11-10 MVC ANY TYPE,Other,MOTOR VEHICLE COLLISION
TB24007527,"02/22/2024, 9:35:13 PM","02/24/2024, 2:02:45 PM",THUNDER BAY,ON,P7A 6P9,1 Block LOGAN AV, TBPS] MOTOR VEHICLE COLLISION 11-10 MVC ANY TYPE,Other,MOTOR VEHICLE COLLISION
TB24007529,"02/22/2024, 9:38:38 PM","02/24/2024, 2:02:45 PM",THUNDER BAY,ON,P7A 1R8,1 Block STRATHCONA AV, TBPS] MOTOR VEHICLE COLLISION 11-10 MVC ANY TYPE,Other,MOTOR VEHICLE COLLISION
TB24007530,"02/22/2024, 10:12:22 PM","02/24/2024, 2:02:45 PM",THUNDER BAY,ON,P7A 7S7,300 Block WENTWORTH CR, TBPS] LIQUOR LICENCE ACT LIQUOR LICENCE ACT VIOLATION IN PROGRESS,Quality of Life,LIQUOR LICENCE ACT
TB24007158,"02/20/2024, 9:02:45 PM","02/24/2024, 2:02:46 PM",THUNDER BAY,ON,P7J 1E8,2400 Block 61 HWY, TBPS] ASSAULT ACCUSED PRESENT,Assault,ASSAULT
TB24007162,"02/20/2024, 9:24:56 PM","02/24/2024, 2:02:46 PM",THUNDER BAY,ON,P7B 6B9,1000 Block FORT WILLIAM RD, TBPS] ASSAULT SUSP PRESENT OR IN AREA,Assault,ASSAULT
TB24007165,"02/20/2024, 9:42:18 PM","02/24/2024, 2:02:46 PM",THUNDER BAY,ON,P7A 4P1,300 Block CUMBERLAND ST N, TBPS] MOTOR VEHICLE COLLISION MVC NO INJURIES,Traffic,MOTOR VEHICLE COLLISION
TB24007187,"02/21/2024, 12:36:44 AM","02/24/2024, 2:02:46 PM",THUNDER BAY,ON,P7E 5R2,ARTHUR ST W AND JAMES ST S, TBPS] MOTOR VEHICLE COLLISION MVC - AMB ENR - DUAL RESP,Other,MOTOR VEHICLE COLLISION
TB24007453,"02/22/2024, 4:26:02 PM","02/24/2024, 2:02:46 PM",THUNDER BAY,ON,P7B 0B5,BALMORAL ST AND BEVERLY ST, TBPS] MOTOR VEHICLE COLLISION 11-10 MVC ANY TYPE,Other,MOTOR VEHICLE COLLISION
TB24007457,"02/22/2024, 4:41:52 PM","02/24/2024, 2:02:46 PM",THUNDER BAY,ON,P7A,RIVER ST AND CUMBERLAND ST N, TBPS] MOTOR VEHICLE COLLISION MVC NO INJURIES,Traffic,MOTOR VEHICLE COLLISION
TB24007465,"02/22/2024, 5:16:34 PM","02/24/2024, 2:02:46 PM",THUNDER BAY,ON,P7E 1H3,100 Block CENTENNIAL SQ, TBPS] DRUG OFFENCES SUSP PRESENT OR MAY STILL BE IN AREA,Quality of Life,DRUG OFFENCES
TB24007170,"02/20/2024, 10:39:00 PM","02/24/2024, 2:02:47 PM",THUNDER BAY,ON,P7B 2H6,OLIVER RD AND BALMORAL ST, TBPS] MOTOR VEHICLE COLLISION MVC - AMB ENR - DUAL RESP,Other,MOTOR VEHICLE COLLISION
TB24007412,"02/22/2024, 7:04:34 AM","02/24/2024, 2:02:47 PM",THUNDER BAY,ON,P7B 1V8,200 Block WINDSOR ST, TBPS] TROUBLE WITH YOUTH YOUTHS STILL IN AREA,Quality of Life,TROUBLE WITH YOUTH
TB24007416,"02/22/2024, 7:19:56 AM","02/24/2024, 2:02:47 PM",THUNDER BAY,ON,P7E 5R8,600 Block ARTHUR ST W," TBPS] MISCHIEF IP/SUSP IN AREA, UNDER 5,000",Other Property Crime,MISCHIEF
TB24007439,"02/22/2024, 2:59:43 PM","02/24/2024, 2:02:47 PM",THUNDER BAY,ON,P7A,1 Block NORTH WATER ST, TBPS] ASSAULT SUSP PRESENT OR IN AREA,Assault,ASSAULT
TB24007426,"02/22/2024, 9:19:28 AM","02/24/2024, 2:02:47 PM",THUNDER BAY,ON,P7B 5J4,1000 Block DAWSON RD, TBPS] LIQUOR LICENCE ACT LIQUOR LICENCE ACT VIOLATION IN PROGRESS,Quality of Life,LIQUOR LICENCE ACT
TB24007363,"02/22/2024, 12:36:54 AM","02/24/2024, 2:02:48 PM",THUNDER BAY,ON,.,100 Block PEARL ST, TBPS] ASSAULT SUSP PRESENT OR IN AREA,Assault,ASSAULT
TB24007365,"02/22/2024, 12:57:52 AM","02/24/2024, 2:02:48 PM",THUNDER BAY,ON,P7E 1B4,200 Block MAY ST S, TBPS] ASSAULT SUSP PRESENT OR IN AREA,Assault,ASSAULT
TB24007384,"02/22/2024, 2:42:59 AM","02/24/2024, 2:02:48 PM",THUNDER BAY,ON,P7E 6R2,900 Block EDWARD ST S, TBPS] ASSAULT SUSP PRESENT OR IN AREA,Assault,ASSAULT
TB24007398,"02/22/2024, 3:56:49 AM","02/24/2024, 2:02:48 PM",THUNDER BAY,ON,P7C 1A7,500 Block VICTORIA AV E, TBPS] ROBBERY NO WEAPONS - SUSP STILL IN AREA,Robbery,ROBBERY
TB24007395,"02/22/2024, 3:50:19 AM","02/24/2024, 2:02:48 PM",THUNDER BAY,ON,P7B 1V8,200 Block WINDSOR ST," TBPS] MISCHIEF IP/SUSP IN AREA, UNDER 5,000",Other Property Crime,MISCHIEF
TB24007396,"02/22/2024, 3:54:15 AM","02/24/2024, 2:02:48 PM",THUNDER BAY,ON,P7C 2M4,200 Block HERON ST, TBPS] B-E BUS/RES/OTH SUSP PRESENT OR MAY STILL BE IN AREA,Breaking & Entering,B-E BUS/RES/OTH
TB24007357,"02/22/2024, 12:13:00 AM","02/24/2024, 2:02:49 PM",THUNDER BAY,ON,P7A 2R6,200 Block TOLEDO ST," TBPS] THEFT NOT IN PROGRESS, FROM MOTOR VEHICLE",Theft from Vehicle,THEFT
TB24007322,"02/21/2024, 9:55:14 PM","02/24/2024, 2:02:49 PM",THUNDER BAY,ON,P7C 1E1,1800 Block VICTORIA AV E," TBPS] THEFT NOT IN PROGRESS, UNDER 5000",Other Theft,THEFT
TB24007323,"02/21/2024, 9:56:46 PM","02/24/2024, 2:02:49 PM",THUNDER BAY,ON,P7A 4K8,1 Block CUMBERLAND ST N, TBPS] MOTOR VEHICLE COLLISION MVC NO INJURIES,Traffic,MOTOR VEHICLE COLLISION
TB24007360,"02/22/2024, 12:33:33 AM","02/24/2024, 2:02:49 PM",THUNDER BAY,ON,P7C 4E3,600 Block HAROLD ST N, TBPS] ASSAULT SUSP PRESENT OR IN AREA,Assault,ASSAULT
TB24007370,"02/22/2024, 1:11:03 AM","02/24/2024, 2:02:49 PM",THUNDER BAY,ON,P7C 4C5,200 Block HAROLD ST N," TBPS] THEFT NOT IN PROGRESS, UNDER 5000",Other Theft,THEFT
TB24007296,"02/21/2024, 7:29:08 PM","02/24/2024, 2:02:50 PM",THUNDER BAY,ON,P7C 4L4,200 Block BRUNSWICK ST N," TBPS] MISCHIEF IP/SUSP IN AREA, UNDER 5,000",Other Property Crime,MISCHIEF
TB24007210,"02/21/2024, 4:31:10 AM","02/24/2024, 2:02:51 PM",THUNDER BAY,ON,P7E 5V3,500 Block DONALD ST E, TBPS] LIQUOR LICENCE ACT LIQUOR LICENCE ACT VIOLATION IN PROGRESS,Quality of Life,LIQUOR LICENCE ACT
TB24007206,"02/21/2024, 3:42:44 AM","02/24/2024, 2:02:51 PM",THUNDER BAY,ON,P7C 3X8,100 Block CENTENNIAL SQ, TBPS] THEFT SUSP STILL PRESENT OR MAY BE IN AREA,Other Theft,THEFT
TB24007223,"02/21/2024, 6:40:11 AM","02/24/2024, 2:02:51 PM",THUNDER BAY,ON,P7B 5L4,1 Block CUMBERLAND ST S, TBPS] ROBBERY NO WEAPONS - SUSP STILL IN AREA,Robbery,ROBBERY
TB24007212,"02/21/2024, 4:37:25 AM","02/24/2024, 2:02:51 PM",THUNDER BAY,ON,P7C 1E1,1800 Block VICTORIA AV E," TBPS] THEFT IN PROGRESS, OVER 50000",Other Theft,THEFT
TB24007238,"02/21/2024, 11:42:16 AM","02/24/2024, 2:02:51 PM",THUNDER BAY,ON,P7E 5R5,500 Block ARTHUR ST W, TBPS] ASSAULT SUSP PRESENT OR IN AREA,Assault,ASSAULT
TB24007243,"02/21/2024, 12:47:23 PM","02/24/2024, 2:02:51 PM",THUNDER BAY,ON,.,UNKNOWN STREET AND UNKNOWN STREET, TBPS] MOTOR VEHICLE COLLISION MVC - AMB ENR - DUAL RESP,Other,MOTOR VEHICLE COLLISION
TB24007245,"02/21/2024, 1:46:41 PM","02/24/2024, 2:02:51 PM",THUNDER BAY,ON,P7A 4N4,200 Block CUMBERLAND ST N, TBPS] DRUG OFFENCES SUSP PRESENT OR MAY STILL BE IN AREA,Quality of Life,DRUG OFFENCES
TB24007251,"02/21/2024, 3:38:41 PM","02/24/2024, 2:02:51 PM",THUNDER BAY,ON,P7B 1K3,900 Block RED RIVER RD, TBPS] THEFT SUSP STILL PRESENT OR MAY BE IN AREA,Other Theft,THEFT
TB24007248,"02/21/2024, 2:54:22 PM","02/24/2024, 2:02:51 PM",THUNDER BAY,ON,P7A 2G6,400 Block DEWE AV," TBPS] THEFT NOT IN PROGRESS, OVER 5000",Other Theft,THEFT
TB24007253,"02/21/2024, 3:46:16 PM","02/24/2024, 2:02:51 PM",THUNDER BAY,ON,P7B 5M6,1100 Block RUSSELL ST," TBPS] THEFT NOT IN PROGRESS, FROM MOTOR VEHICLE",Theft from Vehicle,THEFT
TB24007284,"02/21/2024, 6:22:45 PM","02/24/2024, 2:02:51 PM",THUNDER BAY,ON,P7E 1K1,500 Block VICKERS ST S," TBPS] THEFT NOT IN PROGRESS, UNDER 5000",Other Theft,THEFT
TB24007221,"02/21/2024, 6:26:46 AM","02/24/2024, 2:02:52 PM",THUNDER BAY,ON,P7B 4Y8,100 Block BLUCHER AV, TBPS] ASSAULT SUSP PRESENT OR IN AREA,Assault,ASSAULT
TB24007241,"02/21/2024, 12:19:19 PM","02/24/2024, 2:02:52 PM",THUNDER BAY,ON,P7A 1V3,400 Block HODDER AV, TBPS] B-E BUS/RES/OTH SUSP PRESENT OR MAY STILL BE IN AREA,Breaking & Entering,B-E BUS/RES/OTH
TB24007837,"02/25/2024, 12:50:03 AM","02/25/2024, 2:02:52 PM",THUNDER BAY,ON,P7E 3J8,900 Block HOLT PL, TBPS] LIQUOR LICENCE ACT LIQUOR LICENCE ACT VIOLATION IN PROGRESS,Quality of Life,LIQUOR LICENCE ACT
TB24007867,"02/25/2024, 6:53:05 AM","02/25/2024, 2:02:52 PM",THUNDER BAY,ON,P7B,WILSON ST AND LAKE ST, TBPS] LIQUOR LICENCE ACT LIQUOR LICENCE ACT VIOLATION IN PROGRESS,Quality of Life,LIQUOR LICENCE ACT
TB24007853,"02/25/2024, 4:33:03 AM","02/25/2024, 2:02:52 PM",THUNDER BAY,ON,P7E 5N3,1300 Block ARTHUR ST E, TBPS] ASSAULT SUSP PRESENT OR IN AREA,Assault,ASSAULT
TB24007802,"02/24/2024, 5:02:46 PM","02/25/2024, 2:02:53 PM",THUNDER BAY,ON,P7B 7C6,900 Block CARRICK ST, TBPS] THEFT SUSP STILL PRESENT OR MAY BE IN AREA,Other Theft,THEFT
TB24007826,"02/24/2024, 10:14:09 PM","02/25/2024, 2:02:53 PM",THUNDER BAY,ON,.,MAIN ST AND ISLAND DR, TBPS] MOTOR VEHICLE COLLISION MVC NO INJURIES,Traffic,MOTOR VEHICLE COLLISION
TB24007824,"02/24/2024, 9:41:37 PM","02/25/2024, 2:02:53 PM",THUNDER BAY,ON,P7E 1H3,100 Block CENTENNIAL SQ, TBPS] THEFT SUSP STILL PRESENT OR MAY BE IN AREA,Other Theft,THEFT
TB24007830,"02/24/2024, 11:37:11 PM","02/25/2024, 2:02:53 PM",THUNDER BAY,ON,P7E 6H8,100 Block SYNDICATE AV S, TBPS] LIQUOR LICENCE ACT LIQUOR LICENCE ACT VIOLATION IN PROGRESS,Quality of Life,LIQUOR LICENCE ACT
TB24007847,"02/25/2024, 3:06:28 AM","02/25/2024, 2:02:53 PM",THUNDER BAY,ON,P7E 6H2,200 Block AMELIA ST W, TBPS] ASSAULT SUSP PRESENT OR IN AREA,Assault,ASSAULT
TB24007755,"02/24/2024, 7:26:11 AM","02/25/2024, 2:02:54 PM",THUNDER BAY,ON,P7B 2L9,1 Block ACADEMY DR, TBPS] MOTOR VEHICLE COLLISION MVC - AMB ENR - DUAL RESP,Other,MOTOR VEHICLE COLLISION
TB24007777,"02/24/2024, 10:49:10 AM","02/25/2024, 2:02:54 PM",THUNDER BAY,ON,P7B 1N5,300 Block DUFFERIN ST, TBPS] B-E BUS/RES/OTH SUSP PRESENT OR MAY STILL BE IN AREA,Breaking & Entering,B-E BUS/RES/OTH
TB24007925,"02/25/2024, 9:26:03 PM","02/26/2024, 2:02:21 PM",THUNDER BAY,ON,P7C 3X8,100 Block CENTENNIAL SQ, TBPS] THEFT SUSP STILL PRESENT OR MAY BE IN AREA,Other Theft,THEFT
TB24007929,"02/25/2024, 9:56:05 PM","02/26/2024, 2:02:21 PM",THUNDER BAY,ON,P7B 7C6,900 Block CARRICK ST, TBPS] THEFT SUSP STILL PRESENT OR MAY BE IN AREA,Other Theft,THEFT
TB24007938,"02/25/2024, 11:19:40 PM","02/26/2024, 2:02:21 PM",THUNDER BAY,ON,P7E,KINGSWAY AND WALSH ST E, TBPS] MOTOR VEHICLE COLLISION MVC - AMB ENR - DUAL RESP,Other,MOTOR VEHICLE COLLISION
TB24007942,"02/26/2024, 12:07:45 AM","02/26/2024, 2:02:21 PM",THUNDER BAY,ON,P7B,FORT WILLIAM RD AND MAIN ST, TBPS] MOTOR VEHICLE COLLISION MVC NO INJURIES,Traffic,MOTOR VEHICLE COLLISION
TB24007945,"02/26/2024, 12:32:50 AM","02/26/2024, 2:02:21 PM",THUNDER BAY,ON,P7B 2H4,500 Block OLIVER RD," TBPS] THEFT NOT IN PROGRESS, UNDER 5000",Other Theft,THEFT
TB24007944,"02/26/2024, 12:28:22 AM","02/26/2024, 2:02:21 PM",THUNDER BAY,ON,P7E 1B8,100 Block BRODIE ST S," TBPS] MISCHIEF 11-10, MICHIEF UNDER 5000",Other Property Crime,MISCHIEF
TB24007947,"02/26/2024, 1:04:00 AM","02/26/2024, 2:02:21 PM",THUNDER BAY,ON,P7B 3Y2,300 Block MEMORIAL AV, TBPS] THEFT SUSP STILL PRESENT OR MAY BE IN AREA,Other Theft,THEFT
TB24007952,"02/26/2024, 2:28:11 AM","02/26/2024, 2:02:21 PM",THUNDER BAY,ON,P7B 1K3,900 Block RED RIVER RD, TBPS] THEFT SUSP STILL PRESENT OR MAY BE IN AREA,Other Theft,THEFT
TB24007954,"02/26/2024, 2:47:53 AM","02/26/2024, 2:02:21 PM",THUNDER BAY,ON,P7B,FORT WILLIAM RD AND CENTRAL AV, TBPS] MOTOR VEHICLE COLLISION MVC - AMB ENR - DUAL RESP,Other,MOTOR VEHICLE COLLISION
TB24007766,"02/24/2024, 8:36:56 AM","02/26/2024, 2:02:22 PM",THUNDER BAY,ON,P7B 1V7,300 Block WINDSOR ST," TBPS] MISCHIEF 11-10, MICHIEF UNDER 5000",Other Property Crime,MISCHIEF
TB24007869,"02/25/2024, 7:17:53 AM","02/26/2024, 2:02:22 PM",THUNDER BAY,ON,P7C 5Y2,200 Block LILLIE ST N, TBPS] LIQUOR LICENCE ACT LIQUOR LICENCE ACT VIOLATION IN PROGRESS,Quality of Life,LIQUOR LICENCE ACT
TB24007876,"02/25/2024, 9:46:02 AM","02/26/2024, 2:02:22 PM",THUNDER BAY,ON,P7E 5R9,700 Block ARTHUR ST W, TBPS] LIQUOR LICENCE ACT LIQUOR LICENCE ACT VIOLATION IN PROGRESS,Quality of Life,LIQUOR LICENCE ACT
TB24007901,"02/25/2024, 4:51:25 PM","02/26/2024, 2:02:22 PM",THUNDER BAY,ON,P7G 1K4,1300 Block OLIVER RD, TBPS] B-E BUS/RES/OTH 11-10,Breaking & Entering,B-E BUS/RES/OTH
TB24007879,"02/25/2024, 11:10:34 AM","02/26/2024, 2:02:22 PM",THUNDER BAY,ON,P7E 5R5,500 Block ARTHUR ST W, TBPS] ASSAULT SUSP PRESENT OR IN AREA,Assault,ASSAULT
TB24007902,"02/25/2024, 4:55:00 PM","02/26/2024, 2:02:22 PM",THUNDER BAY,ON,P7C 1G8,400 Block VICTORIA AV W, TBPS] B-E BUS/RES/OTH 11-10,Breaking & Entering,B-E BUS/RES/OTH
TB24007953,"02/26/2024, 2:36:27 AM","02/26/2024, 2:02:22 PM",THUNDER BAY,ON,P7C 3M1,800 Block MCMILLAN ST, TBPS] MOTOR VEHICLE COLLISION MVC NO INJURIES,Traffic,MOTOR VEHICLE COLLISION
TB24007829,"02/24/2024, 11:20:30 PM","02/26/2024, 2:02:23 PM",THUNDER BAY,ON,P7E 6A4,EDWARD ST S AND DONALD ST E, TBPS] MOTOR VEHICLE COLLISION MVC NO INJURIES,Traffic,MOTOR VEHICLE COLLISION
TB24008106,"02/27/2024, 6:56:16 AM","02/27/2024, 2:02:55 PM",THUNDER BAY,ON,P7E 5L2,1400 Block CUTHBERTSON PL, TBPS] ASSAULT SUSP PRESENT OR IN AREA,Assault,ASSAULT
TB24008100,"02/27/2024, 6:01:10 AM","02/27/2024, 2:02:55 PM",THUNDER BAY,ON,P7E 5N3,1300 Block ARTHUR ST E, TBPS] THEFT SUSP STILL PRESENT OR MAY BE IN AREA,Other Theft,THEFT
TB24008039,"02/26/2024, 8:36:46 PM","02/27/2024, 2:02:56 PM",THUNDER BAY,ON,P7C,GOLF LINKS RD AND HARBOUR EXPRESSWAY, TBPS] MOTOR VEHICLE COLLISION 11-10 MVC ANY TYPE,Other,MOTOR VEHICLE COLLISION
TB24008073,"02/27/2024, 1:24:49 AM","02/27/2024, 2:02:56 PM",THUNDER BAY,ON,P7B 3A6,900 Block FORT WILLIAM RD, TBPS] THEFT SUSP STILL PRESENT OR MAY BE IN AREA,Other Theft,THEFT
TB24008089,"02/27/2024, 3:45:12 AM","02/27/2024, 2:02:56 PM",THUNDER BAY,ON,P7C 6A8,100 Block WATERLOO ST N, TBPS] LIQUOR LICENCE ACT LIQUOR LICENCE ACT VIOLATION IN PROGRESS,Quality of Life,LIQUOR LICENCE ACT
TB24007999,"02/26/2024, 4:32:05 PM","02/27/2024, 2:02:57 PM",THUNDER BAY,ON,P7E 5V3,500 Block DONALD ST E, TBPS] ASSAULT SUSP PRESENT OR IN AREA,Assault,ASSAULT
TB24008001,"02/26/2024, 4:55:25 PM","02/27/2024, 2:02:57 PM",THUNDER BAY,ON,P7B 2Z2,300 Block FORT WILLIAM RD," TBPS] THEFT IN PROGRESS, OVER 50000",Other Theft,THEFT
TB24007969,"02/26/2024, 6:31:31 AM","02/27/2024, 2:02:58 PM",THUNDER BAY,ON,P7E 1B7,ARTHUR ST E AND MAY ST S, TBPS] LIQUOR LICENCE ACT LIQUOR LICENCE ACT VIOLATION IN PROGRESS,Quality of Life,LIQUOR LICENCE ACT
TB24008195,"02/27/2024, 9:07:14 PM","02/28/2024, 2:02:10 PM",THUNDER BAY,ON,P7A 1V5,400 Block HODDER AV, TBPS] MOTOR VEHICLE COLLISION 11-10 MVC ANY TYPE,Other,MOTOR VEHICLE COLLISION
TB24008202,"02/27/2024, 9:35:45 PM","02/28/2024, 2:02:10 PM",THUNDER BAY,ON,P7K 1K2,ARTHUR ST W AND PARKDALE BLVD, TBPS] MOTOR VEHICLE COLLISION 11-10 MVC ANY TYPE,Other,MOTOR VEHICLE COLLISION
TB24008209,"02/27/2024, 10:20:03 PM","02/28/2024, 2:02:10 PM",THUNDER BAY,ON,P7B 7A4,1100 Block OLIVER RD, TBPS] MOTOR VEHICLE COLLISION 11-10 MVC ANY TYPE,Other,MOTOR VEHICLE COLLISION
TB24008206,"02/27/2024, 9:54:01 PM","02/28/2024, 2:02:10 PM",THUNDER BAY,ON,P7B 5Z6,900 Block TUNGSTEN ST, TBPS] MOTOR VEHICLE COLLISION 11-10 MVC ANY TYPE,Other,MOTOR VEHICLE COLLISION
TB24008211,"02/27/2024, 10:31:30 PM","02/28/2024, 2:02:10 PM",THUNDER BAY,ON,P7A 7X2,600 Block COURT ST N, TBPS] MOTOR VEHICLE COLLISION 11-10 MVC ANY TYPE,Other,MOTOR VEHICLE COLLISION
TB24008203,"02/27/2024, 9:44:48 PM","02/28/2024, 2:02:10 PM",THUNDER BAY,ON,P7A 3S4,600 Block RIVER ST, TBPS] MOTOR VEHICLE COLLISION 11-10 MVC ANY TYPE,Other,MOTOR VEHICLE COLLISION
TB24008212,"02/27/2024, 10:49:15 PM","02/28/2024, 2:02:10 PM",THUNDER BAY,ON,P7E 5M8,900 Block ARTHUR ST E, TBPS] THEFT SUSP STILL PRESENT OR MAY BE IN AREA,Other Theft,THEFT
TB24008236,"02/28/2024, 2:09:52 AM","02/28/2024, 2:02:10 PM",THUNDER BAY,ON,P7B 5L6,300 Block MAIN ST, TBPS] THEFT SUSP STILL PRESENT OR MAY BE IN AREA,Other Theft,THEFT
TB24008225,"02/28/2024, 1:04:48 AM","02/28/2024, 2:02:10 PM",THUNDER BAY,ON,P7E 3V4,100 Block FREDERICA ST E, TBPS] THEFT SUSP STILL PRESENT OR MAY BE IN AREA,Other Theft,THEFT
TB24008243,"02/28/2024, 3:42:02 AM","02/28/2024, 2:02:10 PM",THUNDER BAY,ON,P7C 4A4,600 Block MCKELLAR ST N, TBPS] ASSAULT SUSP PRESENT OR IN AREA,Assault,ASSAULT
TB24008246,"02/28/2024, 4:07:02 AM","02/28/2024, 2:02:10 PM",THUNDER BAY,ON,P7E 1L7,100 Block MARKS ST S, TBPS] ASSAULT SUSP PRESENT OR IN AREA,Assault,ASSAULT
TB24008252,"02/28/2024, 4:37:02 AM","02/28/2024, 2:02:10 PM",THUNDER BAY,ON,P7B 3Z8,700 Block MEMORIAL AV, TBPS] LIQUOR LICENCE ACT LIQUOR LICENCE ACT VIOLATION IN PROGRESS,Quality of Life,LIQUOR LICENCE ACT
TB24008167,"02/27/2024, 6:18:18 PM","02/28/2024, 2:02:11 PM",THUNDER BAY,ON,P7B 1K2,800 Block RED RIVER RD, TBPS] MOTOR VEHICLE COLLISION 11-10 MVC ANY TYPE,Other,MOTOR VEHICLE COLLISION
TB24008173,"02/27/2024, 7:23:57 PM","02/28/2024, 2:02:11 PM",THUNDER BAY,ON,P7B 5A6,300 Block STRAND AV," TBPS] THEFT NOT IN PROGRESS, UNDER 5000",Other Theft,THEFT
TB24008182,"02/27/2024, 8:23:29 PM","02/28/2024, 2:02:11 PM",THUNDER BAY,ON,P7E 5V3,500 Block DONALD ST E," TBPS] MISCHIEF 11-10, MICHIEF UNDER 5000",Other Property Crime,MISCHIEF
TB24008218,"02/27/2024, 11:44:23 PM","02/28/2024, 2:02:11 PM",THUNDER BAY,ON,P7A 4Z5,ALGOMA ST N AND DAWSON ST, TBPS] MOTOR VEHICLE COLLISION MVC - AMB ENR - DUAL RESP,Other,MOTOR VEHICLE COLLISION
TB24008069,"02/27/2024, 12:12:31 AM","02/28/2024, 2:02:12 PM",THUNDER BAY,ON,P7C 3R3,300 Block MAY ST N," TBPS] THEFT NOT IN PROGRESS, OVER 5000",Other Theft,THEFT
TB24008101,"02/27/2024, 6:11:51 AM","02/28/2024, 2:02:12 PM",THUNDER BAY,ON,P7B 5R7,100 Block CUMBERLAND ST S, TBPS] DRUG OFFENCES SUSP PRESENT OR MAY STILL BE IN AREA,Quality of Life,DRUG OFFENCES
TB24008115,"02/27/2024, 9:04:11 AM","02/28/2024, 2:02:12 PM",THUNDER BAY,ON,P7B 4E7,400 Block RAY BLVD, TBPS] LIQUOR LICENCE ACT LIQUOR LICENCE ACT VIOLATION IN PROGRESS,Quality of Life,LIQUOR LICENCE ACT
TB24008125,"02/27/2024, 12:34:17 PM","02/28/2024, 2:02:12 PM",THUNDER BAY,ON,P7B 5X6,600 Block LANGWORTHY CR," TBPS] SEXUAL ASSAULT JUST OCCURRED, ACCUSED NOT PRESENT",Other,SEXUAL ASSAULT
TB24008120,"02/27/2024, 10:42:51 AM","02/28/2024, 2:02:13 PM",THUNDER BAY,ON,P7B 4Y7,100 Block BLUCHER AV, TBPS] B-E BUS/RES/OTH SUSP PRESENT OR MAY STILL BE IN AREA,Breaking & Entering,B-E BUS/RES/OTH
TB24008381,"02/29/2024, 12:03:21 AM","02/29/2024, 2:02:29 PM",THUNDER BAY,ON,P7B 5R8,100 Block CUMBERLAND ST S, TBPS] ROBBERY NO WEAPONS - SUSP STILL IN AREA,Robbery,ROBBERY
TB24008395,"02/29/2024, 2:56:10 AM","02/29/2024, 2:02:29 PM",THUNDER BAY,ON,P7C 5T8,900 Block SIMPSON ST, TBPS] ASSAULT SUSP PRESENT OR IN AREA,Assault,ASSAULT
TB24008341,"02/28/2024, 7:43:30 PM","02/29/2024, 2:02:30 PM",THUNDER BAY,ON,P7E 5V3,ARTHUR ST E AND MAY ST S, TBPS] MOTOR VEHICLE COLLISION 11-10 MVC ANY TYPE,Other,MOTOR VEHICLE COLLISION
TB24008371,"02/28/2024, 9:57:51 PM","02/29/2024, 2:02:30 PM",THUNDER BAY,ON,P7B 1K1,RED RIVER RD AND CLARKSON ST N, TBPS] MOTOR VEHICLE COLLISION 11-10 MVC ANY TYPE,Other,MOTOR VEHICLE COLLISION
TB24008380,"02/28/2024, 11:51:36 PM","02/29/2024, 2:02:30 PM",THUNDER BAY,ON,P7E 5P4,ARTHUR ST E AND FORD ST S, TBPS] MOTOR VEHICLE COLLISION MVC NO INJURIES,Traffic,MOTOR VEHICLE COLLISION
TB24008389,"02/29/2024, 1:59:31 AM","02/29/2024, 2:02:30 PM",THUNDER BAY,ON,P7B 7C6,900 Block CARRICK ST," TBPS] THEFT IN PROGRESS, OVER 50000",Other Theft,THEFT
TB24008390,"02/29/2024, 2:01:44 AM","02/29/2024, 2:02:30 PM",THUNDER BAY,ON,P7A 2K6,200 Block MACDOUGALL ST, TBPS] ASSAULT SUSP PRESENT OR IN AREA,Assault,ASSAULT
TB24008393,"02/29/2024, 2:31:02 AM","02/29/2024, 2:02:30 PM",THUNDER BAY,ON,P7C 2V5,100 Block NORTHERN AV, TBPS] B-E BUS/RES/OTH SUSP PRESENT OR MAY STILL BE IN AREA,Breaking & Entering,B-E BUS/RES/OTH
TB24008401,"02/29/2024, 4:11:41 AM","02/29/2024, 2:02:30 PM",THUNDER BAY,ON,P7E 5V7,1100 Block LINCOLN ST, TBPS] THEFT SUSP STILL PRESENT OR MAY BE IN AREA,Other Theft,THEFT
TB24008266,"02/28/2024, 8:54:06 AM","02/29/2024, 2:02:31 PM",THUNDER BAY,ON,P7E 2A6,300 Block KINGSWAY, TBPS] ASSAULT SUSP PRESENT OR IN AREA,Assault,ASSAULT
TB24008286,"02/28/2024, 3:19:47 PM","02/29/2024, 2:02:31 PM",THUNDER BAY,ON,P7J 1E8,2300 Block 61 HWY, TBPS] ASSAULT ACCUSED NOT PRESENT,Assault,ASSAULT
TB24008287,"02/28/2024, 3:20:10 PM","02/29/2024, 2:02:31 PM",THUNDER BAY,ON,P7E 3S6,800 Block GORE ST W," TBPS] THEFT NOT IN PROGRESS, UNDER 5000",Other Theft,THEFT
TB24008294,"02/28/2024, 3:57:12 PM","02/29/2024, 2:02:31 PM",THUNDER BAY,ON,P7A 3S4,600 Block RIVER ST, TBPS] MOTOR VEHICLE COLLISION 11-10 MVC ANY TYPE,Other,MOTOR VEHICLE COLLISION
TB24008295,"02/28/2024, 3:57:23 PM","02/29/2024, 2:02:31 PM",THUNDER BAY,ON,P7E 1W1,1000 Block SPRAGUE ST, TBPS] MOTOR VEHICLE COLLISION MVC NO INJURIES,Traffic,MOTOR VEHICLE COLLISION
TB24008296,"02/28/2024, 3:57:47 PM","02/29/2024, 2:02:31 PM",THUNDER BAY,ON,P7E 1V9,1000 Block SPRAGUE ST, TBPS] MOTOR VEHICLE COLLISION MVC NO INJURIES,Traffic,MOTOR VEHICLE COLLISION
TB24008297,"02/28/2024, 4:02:34 PM","02/29/2024, 2:02:31 PM",THUNDER BAY,ON,P7B 7C6,900 Block CARRICK ST," TBPS] THEFT NOT IN PROGRESS, UNDER 5000",Other Theft,THEFT
TB24008298,"02/28/2024, 4:05:48 PM","02/29/2024, 2:02:31 PM",THUNDER BAY,ON,P7B 3B8,100 Block ALGOMA ST S, TBPS] MOTOR VEHICLE COLLISION 11-10 MVC ANY TYPE,Other,MOTOR VEHICLE COLLISION
TB24008300,"02/28/2024, 4:14:59 PM","02/29/2024, 2:02:31 PM",THUNDER BAY,ON,P7E 6L5,1100 Block ARTHUR ST W, TBPS] MOTOR VEHICLE COLLISION MVC NO INJURIES,Traffic,MOTOR VEHICLE COLLISION
TB24008302,"02/28/2024, 4:23:42 PM","02/29/2024, 2:02:31 PM",THUNDER BAY,ON,P7A 8A4,100 Block EAST AV, TBPS] MOTOR VEHICLE COLLISION 11-10 MVC ANY TYPE,Other,MOTOR VEHICLE COLLISION
TB24008304,"02/28/2024, 4:40:05 PM","02/29/2024, 2:02:31 PM",THUNDER BAY,ON,P7A 5B1,ALGOMA ST N AND MCINTYRE ST, TBPS] MOTOR VEHICLE COLLISION 11-10 MVC ANY TYPE,Other,MOTOR VEHICLE COLLISION
TB24008320,"02/28/2024, 6:21:25 PM","02/29/2024, 2:02:31 PM",THUNDER BAY,ON,P7B 1K1,RED RIVER RD AND CLARKSON ST N, TBPS] MOTOR VEHICLE COLLISION MVC NO INJURIES,Traffic,MOTOR VEHICLE COLLISION
TB24008330,"02/28/2024, 7:05:01 PM","02/29/2024, 2:02:31 PM",THUNDER BAY,ON,P7A 3G7,200 Block WOLSELEY ST," TBPS] MISCHIEF 11-10, MICHIEF UNDER 5000",Other Property Crime,MISCHIEF
TB24008337,"02/28/2024, 7:27:20 PM","02/29/2024, 2:02:31 PM",THUNDER BAY,ON,P7C 3A3,600 Block MCINTOSH ST," TBPS] MISCHIEF 11-10, MICHIEF UNDER 5000",Other Property Crime,MISCHIEF
TB24008251,"02/28/2024, 4:36:27 AM","02/29/2024, 2:02:32 PM",THUNDER BAY,ON,P7B 4C2,1 Block RAY BLVD, TBPS] MOTOR VEHICLE COLLISION 11-10 MVC ANY TYPE,Other,MOTOR VEHICLE COLLISION
TB24008277,"02/28/2024, 2:10:07 PM","02/29/2024, 2:02:32 PM",THUNDER BAY,ON,P7B 5N5,RAVENWOOD AV AND BEVERLY ST, TBPS] MOTOR VEHICLE COLLISION MVC NO INJURIES,Traffic,MOTOR VEHICLE COLLISION
TB24008280,"02/28/2024, 2:54:52 PM","02/29/2024, 2:02:32 PM",THUNDER BAY,ON,P7C 5A3,JAMES ST N AND REDWOOD AV W, TBPS] MOTOR VEHICLE COLLISION MVC NO INJURIES,Traffic,MOTOR VEHICLE COLLISION
TB24008284,"02/28/2024, 3:14:51 PM","02/29/2024, 2:02:32 PM",THUNDER BAY,ON,P7E 3M4,600 Block AVONDALE PL, TBPS] MOTOR VEHICLE COLLISION 11-10 MVC ANY TYPE,Other,MOTOR VEHICLE COLLISION
TB24008544,"03/01/2024, 3:03:56 AM","03/01/2024, 2:02:43 PM",THUNDER BAY,ON,P7B,JOHN ST AND BALMORAL ST, TBPS] MOTOR VEHICLE COLLISION MVC NO INJURIES,Traffic,MOTOR VEHICLE COLLISION
TB24008467,"02/29/2024, 6:52:24 PM","03/01/2024, 2:02:44 PM",THUNDER BAY,ON,P7B 5Z5,1200 Block BALMORAL ST, TBPS] STOLEN VEHICLE SUSP NOT IN AREA,Theft of Vehicle,STOLEN VEHICLE
TB24008500,"02/29/2024, 10:03:59 PM","03/01/2024, 2:02:44 PM",THUNDER BAY,ON,P7E 2V3,500 Block ARTHUR ST W, TBPS] MOTOR VEHICLE COLLISION 11-10 MVC ANY TYPE,Other,MOTOR VEHICLE COLLISION
TB24008504,"02/29/2024, 10:11:29 PM","03/01/2024, 2:02:44 PM",THUNDER BAY,ON,P7C,GOLF LINKS RD AND HARBOUR EXPRESSWAY, TBPS] MOTOR VEHICLE COLLISION 11-10 MVC ANY TYPE,Other,MOTOR VEHICLE COLLISION
TB24008505,"02/29/2024, 10:13:26 PM","03/01/2024, 2:02:44 PM",THUNDER BAY,ON,P7A 4P8,300 Block CUMBERLAND ST N, TBPS] MOTOR VEHICLE COLLISION 11-10 MVC ANY TYPE,Other,MOTOR VEHICLE COLLISION
TB24008506,"02/29/2024, 10:15:36 PM","03/01/2024, 2:02:44 PM",THUNDER BAY,ON,P7E 5R3,400 Block ARTHUR ST W, TBPS] MOTOR VEHICLE COLLISION 11-10 MVC ANY TYPE,Other,MOTOR VEHICLE COLLISION
TB24008508,"02/29/2024, 10:20:41 PM","03/01/2024, 2:02:44 PM",THUNDER BAY,ON,P7B,PARK AV AND MOSS ST, TBPS] MOTOR VEHICLE COLLISION 11-10 MVC ANY TYPE,Other,MOTOR VEHICLE COLLISION
TB24008510,"02/29/2024, 10:28:10 PM","03/01/2024, 2:02:44 PM",THUNDER BAY,ON,P7B 4A4,1000 Block MEMORIAL AV, TBPS] THEFT SUSP STILL PRESENT OR MAY BE IN AREA,Other Theft,THEFT
TB24008516,"02/29/2024, 11:18:35 PM","03/01/2024, 2:02:44 PM",THUNDER BAY,ON,P7E 5L2,1400 Block CUTHBERTSON PL, TBPS] ASSAULT SUSP PRESENT OR IN AREA,Assault,ASSAULT
TB24008519,"02/29/2024, 11:34:27 PM","03/01/2024, 2:02:44 PM",THUNDER BAY,ON,.,100 Block PEARL ST, TBPS] ROBBERY NO WEAPONS - SUSP STILL IN AREA,Robbery,ROBBERY
TB24008548,"03/01/2024, 3:25:48 AM","03/01/2024, 2:02:44 PM",THUNDER BAY,ON,P7E 1B7,ARTHUR ST E AND MAY ST S, TBPS] ASSAULT SUSP PRESENT OR IN AREA,Assault,ASSAULT
TB24008550,"03/01/2024, 3:56:23 AM","03/01/2024, 2:02:44 PM",THUNDER BAY,ON,P7B,ALGONQUIN AV S AND JOHN ST, TBPS] MOTOR VEHICLE COLLISION MVC - AMB ENR - DUAL RESP,Other,MOTOR VEHICLE COLLISION
TB24008465,"02/29/2024, 6:41:53 PM","03/01/2024, 2:02:45 PM",THUNDER BAY,ON,P7B 1K4,RED RIVER RD AND PICTON AV, TBPS] MOTOR VEHICLE COLLISION 11-10 MVC ANY TYPE,Other,MOTOR VEHICLE COLLISION
TB24008484,"02/29/2024, 8:38:15 PM","03/01/2024, 2:02:45 PM",THUNDER BAY,ON,P7B 7A4,GOLF LINKS RD AND DONALD CADDO DR, TBPS] MOTOR VEHICLE COLLISION MVC NO INJURIES,Traffic,MOTOR VEHICLE COLLISION
TB24008495,"02/29/2024, 9:19:23 PM","03/01/2024, 2:02:45 PM",THUNDER BAY,ON,P7C 1C5,FRANKLIN ST N AND VICTORIA AV E, TBPS] MOTOR VEHICLE COLLISION 11-10 MVC ANY TYPE,Other,MOTOR VEHICLE COLLISION
TB24008498,"02/29/2024, 9:59:57 PM","03/01/2024, 2:02:45 PM",THUNDER BAY,ON,P7C 4Z3,MCKENZIE ST AND OGDEN ST, TBPS] MOTOR VEHICLE COLLISION 11-10 MVC ANY TYPE,Other,MOTOR VEHICLE COLLISION
TB24008499,"02/29/2024, 10:02:00 PM","03/01/2024, 2:02:45 PM",THUNDER BAY,ON,P7C 4Z8,400 Block SIMON FRASER DR, TBPS] MOTOR VEHICLE COLLISION 11-10 MVC ANY TYPE,Other,MOTOR VEHICLE COLLISION
TB24008501,"02/29/2024, 10:05:45 PM","03/01/2024, 2:02:45 PM",THUNDER BAY,ON,P7B 4A1,900 Block MEMORIAL AV, TBPS] MOTOR VEHICLE COLLISION 11-10 MVC ANY TYPE,Other,MOTOR VEHICLE COLLISION
TB24008502,"02/29/2024, 10:07:30 PM","03/01/2024, 2:02:45 PM",THUNDER BAY,ON,P7B 2Z3,300 Block FORT WILLIAM RD, TBPS] MOTOR VEHICLE COLLISION 11-10 MVC ANY TYPE,Other,MOTOR VEHICLE COLLISION
TB24008503,"02/29/2024, 10:09:35 PM","03/01/2024, 2:02:45 PM",THUNDER BAY,ON,P7C 4V1,HANIAK RD AND ARTHUR ST W, TBPS] MOTOR VEHICLE COLLISION 11-10 MVC ANY TYPE,Other,MOTOR VEHICLE COLLISION
TB24008428,"02/29/2024, 10:38:34 AM","03/01/2024, 2:02:46 PM",THUNDER BAY,ON,P7C 3Z6,300 Block MCKELLAR ST N, TBPS] B-E BUS/RES/OTH SUSP PRESENT OR MAY STILL BE IN AREA,Breaking & Entering,B-E BUS/RES/OTH
TB24008652,"03/01/2024, 8:35:46 PM","03/02/2024, 2:02:54 PM",THUNDER BAY,ON,P7E 5V3,500 Block DONALD ST E, TBPS] LIQUOR LICENCE ACT LIQUOR LICENCE ACT VIOLATION IN PROGRESS,Quality of Life,LIQUOR LICENCE ACT
TB24008689,"03/02/2024, 12:56:35 AM","03/02/2024, 2:02:54 PM",THUNDER BAY,ON,P7A,1 Block NORTH WATER ST, TBPS] DRUG OFFENCES SUSP PRESENT OR MAY STILL BE IN AREA,Quality of Life,DRUG OFFENCES
TB24008692,"03/02/2024, 1:14:15 AM","03/02/2024, 2:02:54 PM",THUNDER BAY,ON,P7C 4P7,400 Block EDWARD ST N, TBPS] ROBBERY NO WEAPONS - SUSP STILL IN AREA,Robbery,ROBBERY
TB24008704,"03/02/2024, 2:39:36 AM","03/02/2024, 2:02:54 PM",THUNDER BAY,ON,P7B 3A6,900 Block FORT WILLIAM RD, TBPS] THEFT SUSP STILL PRESENT OR MAY BE IN AREA,Other Theft,THEFT
TB24008722,"03/02/2024, 5:55:09 AM","03/02/2024, 2:02:54 PM",THUNDER BAY,ON,P7C 1M9,100 Block SYNDICATE AV N, TBPS] LIQUOR LICENCE ACT LIQUOR LICENCE ACT VIOLATION IN PROGRESS,Quality of Life,LIQUOR LICENCE ACT
TB24008729,"03/02/2024, 6:54:22 AM","03/02/2024, 2:02:54 PM",THUNDER BAY,ON,P7E 5R9,700 Block ARTHUR ST W, TBPS] ROBBERY NO WEAPONS - SUSP STILL IN AREA,Robbery,ROBBERY
TB24008606,"03/01/2024, 4:38:36 PM","03/02/2024, 2:02:55 PM",THUNDER BAY,ON,P7B 6S2,700 Block MEMORIAL AV, TBPS] MOTOR VEHICLE COLLISION 11-10 MVC ANY TYPE,Other,MOTOR VEHICLE COLLISION
TB24008610,"03/01/2024, 4:53:23 PM","03/02/2024, 2:02:55 PM",THUNDER BAY,ON,P7E 1G6,300 Block ARCHIBALD ST S, TBPS] MOTOR VEHICLE COLLISION 11-10 MVC ANY TYPE,Other,MOTOR VEHICLE COLLISION
TB24008632,"03/01/2024, 6:54:35 PM","03/02/2024, 2:02:55 PM",THUNDER BAY,ON,P7B,HARBOUR EXPRESSWAY AND BALMORAL ST, TBPS] MOTOR VEHICLE COLLISION MVC NO INJURIES,Traffic,MOTOR VEHICLE COLLISION
TB24008645,"03/01/2024, 8:07:55 PM","03/02/2024, 2:02:55 PM",THUNDER BAY,ON,P7B 5K5,1100 Block MEMORIAL AV, TBPS] ASSAULT ACCUSED NOT PRESENT,Assault,ASSAULT
TB24008656,"03/01/2024, 8:48:41 PM","03/02/2024, 2:02:55 PM",THUNDER BAY,ON,P7C 2V9,NORTHERN AV AND MAY ST N, TBPS] MOTOR VEHICLE COLLISION MVC NO INJURIES,Traffic,MOTOR VEHICLE COLLISION
TB24008668,"03/01/2024, 10:51:32 PM","03/02/2024, 2:02:55 PM",THUNDER BAY,ON,P7B 7A4,GOLF LINKS RD AND DONALD CADDO DR, TBPS] MOTOR VEHICLE COLLISION MVC NO INJURIES,Traffic,MOTOR VEHICLE COLLISION
TB24008669,"03/01/2024, 10:53:49 PM","03/02/2024, 2:02:55 PM",THUNDER BAY,ON,P7B 2Z2,300 Block FORT WILLIAM RD, TBPS] THEFT SUSP STILL PRESENT OR MAY BE IN AREA,Other Theft,THEFT
TB24008695,"03/02/2024, 1:39:09 AM","03/02/2024, 2:02:55 PM",THUNDER BAY,ON,P7E 5R9,700 Block ARTHUR ST W, TBPS] ASSAULT SUSP PRESENT OR IN AREA,Assault,ASSAULT
TB24008594,"03/01/2024, 3:40:51 PM","03/02/2024, 2:02:56 PM",THUNDER BAY,ON,P7K,BROADWAY AV AND KING RD, TBPS] MOTOR VEHICLE COLLISION 11-10 MVC ANY TYPE,Other,MOTOR VEHICLE COLLISION
TB24008595,"03/01/2024, 3:44:34 PM","03/02/2024, 2:02:56 PM",THUNDER BAY,ON,P7G 2H9,WARDROPE AV AND BELTON ST, TBPS] MOTOR VEHICLE COLLISION 11-10 MVC ANY TYPE,Other,MOTOR VEHICLE COLLISION
TB24008601,"03/01/2024, 4:27:15 PM","03/02/2024, 2:02:56 PM",THUNDER BAY,ON,P7B 5E1,900 Block OLIVER RD, TBPS] MOTOR VEHICLE COLLISION 11-10 MVC ANY TYPE,Other,MOTOR VEHICLE COLLISION
TB24008602,"03/01/2024, 4:29:13 PM","03/02/2024, 2:02:56 PM",THUNDER BAY,ON,P7B 1H4,500 Block RED RIVER RD, TBPS] MOTOR VEHICLE COLLISION 11-10 MVC ANY TYPE,Other,MOTOR VEHICLE COLLISION
TB24008603,"03/01/2024, 4:31:14 PM","03/02/2024, 2:02:56 PM",THUNDER BAY,ON,P7B 6S2,700 Block MEMORIAL AV, TBPS] MOTOR VEHICLE COLLISION 11-10 MVC ANY TYPE,Other,MOTOR VEHICLE COLLISION
TB24008605,"03/01/2024, 4:32:53 PM","03/02/2024, 2:02:56 PM",THUNDER BAY,ON,P7C 2E3,100 Block NEWBERRY CR, TBPS] MOTOR VEHICLE COLLISION 11-10 MVC ANY TYPE,Other,MOTOR VEHICLE COLLISION
TB24008608,"03/01/2024, 4:40:44 PM","03/02/2024, 2:02:56 PM",THUNDER BAY,ON,P7A 1V3,400 Block HODDER AV, TBPS] MOTOR VEHICLE COLLISION 11-10 MVC ANY TYPE,Other,MOTOR VEHICLE COLLISION
TB24008611,"03/01/2024, 4:55:14 PM","03/02/2024, 2:02:56 PM",THUNDER BAY,ON,P7A 4M2,CUMBERLAND ST N AND MARINA PARK OVERPASS, TBPS] MOTOR VEHICLE COLLISION 11-10 MVC ANY TYPE,Other,MOTOR VEHICLE COLLISION
TB24008618,"03/01/2024, 5:47:23 PM","03/02/2024, 2:02:56 PM",THUNDER BAY,ON,P7B 3Y2,300 Block MEMORIAL AV, TBPS] MOTOR VEHICLE COLLISION 11-10 MVC ANY TYPE,Other,MOTOR VEHICLE COLLISION
TB24008620,"03/01/2024, 5:57:43 PM","03/02/2024, 2:02:56 PM",THUNDER BAY,ON,P7C 2W2,NORTHERN AV AND SYNDICATE AV N, TBPS] MOTOR VEHICLE COLLISION MVC NO INJURIES,Traffic,MOTOR VEHICLE COLLISION
TB24008628,"03/01/2024, 6:44:30 PM","03/02/2024, 2:02:56 PM",THUNDER BAY,ON,P7B 1K2,RED RIVER RD AND JUNOT AV N, TBPS] MOTOR VEHICLE COLLISION MVC NO INJURIES,Traffic,MOTOR VEHICLE COLLISION
TB24008635,"03/01/2024, 7:07:01 PM","03/02/2024, 2:02:56 PM",THUNDER BAY,ON,P7B 3J3,100 Block BANNING ST, TBPS] MOTOR VEHICLE COLLISION 11-10 MVC ANY TYPE,Other,MOTOR VEHICLE COLLISION
TB24008642,"03/01/2024, 7:40:29 PM","03/02/2024, 2:02:56 PM",THUNDER BAY,ON,P7E 1H5,100 Block MCKELLAR ST S," TBPS] THEFT NOT IN PROGRESS, UNDER 5000",Other Theft,THEFT
TB24008646,"03/01/2024, 8:11:09 PM","03/02/2024, 2:02:56 PM",THUNDER BAY,ON,P7G 2C7,WARDROPE AV AND ONION LAKE RD, TBPS] MOTOR VEHICLE COLLISION MVC - AMB ENR - DUAL RESP,Other,MOTOR VEHICLE COLLISION
TB24008568,"03/01/2024, 8:13:50 AM","03/02/2024, 2:02:57 PM",THUNDER BAY,ON,P7A,WEAVER AV, TBPS] MOTOR VEHICLE COLLISION MVC NO INJURIES,Traffic,MOTOR VEHICLE COLLISION
TB24008600,"03/01/2024, 4:25:24 PM","03/02/2024, 2:02:57 PM",THUNDER BAY,ON,P7B 2X7,100 Block COURT ST S, TBPS] MOTOR VEHICLE COLLISION 11-10 MVC ANY TYPE,Other,MOTOR VEHICLE COLLISION
TB24008818,"03/03/2024, 12:33:21 AM","03/03/2024, 2:02:35 PM",THUNDER BAY,ON,P7E 2A6,300 Block KINGSWAY, TBPS] ASSAULT SUSP PRESENT OR IN AREA,Assault,ASSAULT
TB24008824,"03/03/2024, 1:24:26 AM","03/03/2024, 2:02:35 PM",THUNDER BAY,ON,P7B 3J2,100 Block BANNING ST, TBPS] MOTOR VEHICLE COLLISION MVC NO INJURIES,Traffic,MOTOR VEHICLE COLLISION
TB24008826,"03/03/2024, 1:24:34 AM","03/03/2024, 2:02:35 PM",THUNDER BAY,ON,P7C 4S3,100 Block LIMBRICK ST, TBPS] ASSAULT SUSP PRESENT OR IN AREA,Assault,ASSAULT
TB24008829,"03/03/2024, 1:50:24 AM","03/03/2024, 2:02:35 PM",THUNDER BAY,ON,P7E 5P7,200 Block ARTHUR ST W," TBPS] THEFT NOT IN PROGRESS, UNDER 5000",Other Theft,THEFT
TB24008830,"03/03/2024, 2:00:34 AM","03/03/2024, 2:02:35 PM",THUNDER BAY,ON,P7B 5V1,1000 Block DAWSON RD, TBPS] ROBBERY NO WEAPONS - SUSP STILL IN AREA,Robbery,ROBBERY
TB24008860,"03/03/2024, 5:34:39 AM","03/03/2024, 2:02:35 PM",THUNDER BAY,ON,P7E 1A9,100 Block MAY ST S," TBPS] MISCHIEF IP/SUSP IN AREA, UNDER 5,000",Other Property Crime,MISCHIEF
TB24008863,"03/03/2024, 5:46:33 AM","03/03/2024, 2:02:35 PM",THUNDER BAY,ON,P7E 5V7,1100 Block LINCOLN ST, TBPS] DRUG OFFENCES SUSP PRESENT OR MAY STILL BE IN AREA,Quality of Life,DRUG OFFENCES
TB24008870,"03/03/2024, 6:27:36 AM","03/03/2024, 2:02:35 PM",THUNDER BAY,ON,P7B 5Z5,1200 Block BALMORAL ST," TBPS] THEFT NOT IN PROGRESS, UNDER 5000",Other Theft,THEFT
TB24008788,"03/02/2024, 8:29:50 PM","03/03/2024, 2:02:36 PM",THUNDER BAY,ON,P7B,WILSON ST AND SOUTH WATER ST, TBPS] MOTOR VEHICLE COLLISION MVC - AMB ENR - DUAL RESP,Other,MOTOR VEHICLE COLLISION
TB24008811,"03/02/2024, 11:56:07 PM","03/03/2024, 2:02:36 PM",THUNDER BAY,ON,P7E 5V3,ARTHUR ST E AND MAY ST S," TBPS] MISCHIEF IP/SUSP IN AREA, UNDER 5,000",Other Property Crime,MISCHIEF
TB24008739,"03/02/2024, 9:08:43 AM","03/03/2024, 2:02:37 PM",THUNDER BAY,ON,P7A 4B1,200 Block CAMELOT ST, TBPS] MOTOR VEHICLE COLLISION MVC - AMB ENR - DUAL RESP,Other,MOTOR VEHICLE COLLISION
TB24008979,"03/04/2024, 3:19:01 AM","03/04/2024, 2:02:55 PM",THUNDER BAY,ON,P7A,1 Block NORTH WATER ST, TBPS] ASSAULT SUSP PRESENT OR IN AREA,Assault,ASSAULT
TB24008981,"03/04/2024, 3:47:43 AM","03/04/2024, 2:02:55 PM",THUNDER BAY,ON,P7E 4H6,300 Block BROCK ST E, TBPS] ASSAULT SUSP PRESENT OR IN AREA,Assault,ASSAULT
TB24008983,"03/04/2024, 3:54:57 AM","03/04/2024, 2:02:55 PM",THUNDER BAY,ON,P7E 4H6,300 Block BROCK ST E, TBPS] ASSAULT SUSP PRESENT OR IN AREA,Assault,ASSAULT
TB24008990,"03/04/2024, 4:34:28 AM","03/04/2024, 2:02:55 PM",THUNDER BAY,ON,P7E 1A9,100 Block MAY ST S," TBPS] MISCHIEF 11-10, MICHIEF OVER 5000",Other Property Crime,MISCHIEF
TB24008966,"03/04/2024, 12:32:48 AM","03/04/2024, 2:02:56 PM",THUNDER BAY,ON,P7E 4C4,YONGE ST AND FRANCIS ST W, TBPS] MOTOR VEHICLE COLLISION MVC NO INJURIES,Traffic,MOTOR VEHICLE COLLISION
TB24008898,"03/03/2024, 2:06:32 PM","03/04/2024, 2:02:57 PM",THUNDER BAY,ON,P7C 2G8,MCKENZIE ST AND CAMERON ST, TBPS] MOTOR VEHICLE COLLISION MVC NO INJURIES,Traffic,MOTOR VEHICLE COLLISION
TB24008901,"03/03/2024, 2:58:10 PM","03/04/2024, 2:02:57 PM",THUNDER BAY,ON,P7E 1H7,200 Block MCKELLAR ST S," TBPS] MISCHIEF IP/SUSP IN AREA, UNDER 5,000",Other Property Crime,MISCHIEF
TB24008925,"03/03/2024, 6:05:23 PM","03/04/2024, 2:02:57 PM",THUNDER BAY,ON,P7B 2X6,100 Block COURT ST S," TBPS] MISCHIEF 11-10, MICHIEF UNDER 5000",Other Property Crime,MISCHIEF
TB24009130,"03/05/2024, 4:00:51 AM","03/05/2024, 2:02:38 PM",THUNDER BAY,ON,P7B 1K3,800 Block RED RIVER RD, TBPS] LIQUOR LICENCE ACT LIQUOR LICENCE ACT VIOLATION IN PROGRESS,Quality of Life,LIQUOR LICENCE ACT
TB24009142,"03/05/2024, 6:44:15 AM","03/05/2024, 2:02:38 PM",THUNDER BAY,ON,P7A 4R4,400 Block CUMBERLAND ST N, TBPS] B-E BUS/RES/OTH SUSP PRESENT OR MAY STILL BE IN AREA,Breaking & Entering,B-E BUS/RES/OTH
TB24009143,"03/05/2024, 6:50:39 AM","03/05/2024, 2:02:38 PM",THUNDER BAY,ON,P7E 5Z1,1500 Block RANKIN ST, TBPS] B-E BUS/RES/OTH SUSP PRESENT OR MAY STILL BE IN AREA,Breaking & Entering,B-E BUS/RES/OTH
TB24008679,"03/02/2024, 12:21:28 AM","03/05/2024, 2:02:38 PM",THUNDER BAY,ON,P7B 6B9,1000 Block FORT WILLIAM RD, TBPS] ASSAULT ACCUSED NOT PRESENT,Assault,ASSAULT
TB24009055,"03/04/2024, 7:13:40 PM","03/05/2024, 2:02:39 PM",THUNDER BAY,ON,P7B 2Y7,100 Block MACHAR AV," TBPS] THEFT NOT IN PROGRESS, UNDER 5000",Other Theft,THEFT
TB24009004,"03/04/2024, 9:08:19 AM","03/05/2024, 2:02:40 PM",THUNDER BAY,ON,P7B 6Z8,600 Block SIBLEY DR, TBPS] LIQUOR LICENCE ACT LIQUOR LICENCE ACT VIOLATION IN PROGRESS,Quality of Life,LIQUOR LICENCE ACT
TB24009016,"03/04/2024, 3:26:52 PM","03/05/2024, 2:02:40 PM",THUNDER BAY,ON,P7A,MARGARET ST AND SHUNIAH ST, TBPS] MOTOR VEHICLE COLLISION MVC NO INJURIES,Traffic,MOTOR VEHICLE COLLISION
TB24009032,"03/04/2024, 4:51:52 PM","03/05/2024, 2:02:40 PM",THUNDER BAY,ON,P7C,EDWARD ST N AND REDWOOD AV E, TBPS] MOTOR VEHICLE COLLISION 11-10 MVC ANY TYPE,Other,MOTOR VEHICLE COLLISION
TB24009046,"03/04/2024, 6:11:01 PM","03/05/2024, 2:02:40 PM",THUNDER BAY,ON,P7B 7A4,OLIVER RD AND GOLF LINKS RD, TBPS] MOTOR VEHICLE COLLISION 11-10 MVC ANY TYPE,Other,MOTOR VEHICLE COLLISION
TB24009299,"03/06/2024, 7:00:15 AM","03/06/2024, 2:02:38 PM",THUNDER BAY,ON,P7A 4Z3,ALGOMA ST N AND VAN NORMAN ST," TBPS] MISCHIEF IP/SUSP IN AREA, UNDER 5,000",Other Property Crime,MISCHIEF
TB24009221,"03/05/2024, 7:33:28 PM","03/06/2024, 2:02:40 PM",THUNDER BAY,ON,P7B 2T5,1 Block CUMBERLAND ST S, TBPS] B-E BUS/RES/OTH 11-10,Breaking & Entering,B-E BUS/RES/OTH
TB24009231,"03/05/2024, 9:13:33 PM","03/06/2024, 2:02:40 PM",THUNDER BAY,ON,P0T 2G0,1 Block SIDE RD AND ARTHUR ST W, TBPS] MOTOR VEHICLE COLLISION MVC - AMB ENR - DUAL RESP,Other,MOTOR VEHICLE COLLISION
TB24009237,"03/05/2024, 9:58:28 PM","03/06/2024, 2:02:40 PM",THUNDER BAY,ON,P7B 5L6,300 Block MAIN ST, TBPS] THEFT SUSP STILL PRESENT OR MAY BE IN AREA,Other Theft,THEFT
TB24009255,"03/06/2024, 1:24:43 AM","03/06/2024, 2:02:40 PM",THUNDER BAY,ON,P7B 3G7,100 Block ONTARIO ST, TBPS] ASSAULT SUSP PRESENT OR IN AREA,Assault,ASSAULT
TB24009183,"03/05/2024, 4:37:20 PM","03/06/2024, 2:02:41 PM",THUNDER BAY,ON,P7E 2V3,500 Block ARTHUR ST W, TBPS] MOTOR VEHICLE COLLISION 11-10 MVC ANY TYPE,Other,MOTOR VEHICLE COLLISION
TB24009195,"03/05/2024, 5:35:29 PM","03/06/2024, 2:02:41 PM",THUNDER BAY,ON,P7B 5L4,1 Block CUMBERLAND ST S, TBPS] MOTOR VEHICLE COLLISION 11-10 MVC ANY TYPE,Other,MOTOR VEHICLE COLLISION
TB24009220,"03/05/2024, 7:31:12 PM","03/06/2024, 2:02:41 PM",THUNDER BAY,ON,P7A 5A1,100 Block ALGOMA ST N," TBPS] THEFT NOT IN PROGRESS, UNDER 5000",Other Theft,THEFT
TB24009239,"03/05/2024, 10:53:48 PM","03/06/2024, 2:02:41 PM",THUNDER BAY,ON,P7E 5R8,1000 Block ARTHUR ST W, TBPS] ASSAULT SUSP PRESENT OR IN AREA,Assault,ASSAULT
TB24009155,"03/05/2024, 9:42:54 AM","03/06/2024, 2:02:42 PM",THUNDER BAY,ON,P7C 4B1,300 Block VICKERS ST N, TBPS] LIQUOR LICENCE ACT LIQUOR LICENCE ACT VIOLATION IN PROGRESS,Quality of Life,LIQUOR LICENCE ACT
TB24009159,"03/05/2024, 11:25:14 AM","03/06/2024, 2:02:42 PM",THUNDER BAY,ON,P7C 3X1,500 Block SYNDICATE AV N, TBPS] ASSAULT SUSP PRESENT OR IN AREA,Assault,ASSAULT
TB24009176,"03/05/2024, 4:11:25 PM","03/06/2024, 2:02:42 PM",THUNDER BAY,ON,P7C 4C4,CUMMING ST AND HAROLD ST N, TBPS] MOTOR VEHICLE COLLISION 11-10 MVC ANY TYPE,Other,MOTOR VEHICLE COLLISION
TB24009178,"03/05/2024, 4:14:02 PM","03/06/2024, 2:02:42 PM",THUNDER BAY,ON,P7B 0B5,BALMORAL ST AND BEVERLY ST, TBPS] MOTOR VEHICLE COLLISION 11-10 MVC ANY TYPE,Other,MOTOR VEHICLE COLLISION
TB24009180,"03/05/2024, 4:19:53 PM","03/06/2024, 2:02:42 PM",THUNDER BAY,ON,P7A 5K6,400 Block COLLEGE ST, TBPS] MOTOR VEHICLE COLLISION 11-10 MVC ANY TYPE,Other,MOTOR VEHICLE COLLISION
TB24009181,"03/05/2024, 4:25:35 PM","03/06/2024, 2:02:42 PM",THUNDER BAY,ON,P7B 4A4,1000 Block MEMORIAL AV, TBPS] MOTOR VEHICLE COLLISION 11-10 MVC ANY TYPE,Other,MOTOR VEHICLE COLLISION
TB24009182,"03/05/2024, 4:32:32 PM","03/06/2024, 2:02:42 PM",THUNDER BAY,ON,P7C 1G8,VICTORIA AV W AND FRONTENAC ST, TBPS] MOTOR VEHICLE COLLISION 11-10 MVC ANY TYPE,Other,MOTOR VEHICLE COLLISION
TB24009186,"03/05/2024, 4:52:00 PM","03/06/2024, 2:02:42 PM",THUNDER BAY,ON,P7B 5V1,EAST AV AND MARKET ST, TBPS] MOTOR VEHICLE COLLISION 11-10 MVC ANY TYPE,Other,MOTOR VEHICLE COLLISION
TB24009187,"03/05/2024, 4:52:08 PM","03/06/2024, 2:02:42 PM",THUNDER BAY,ON,P7E 6S2,100 Block PRINCESS ST, TBPS] TRESPASS AT NIGHT SUSP NOT IN AREA - REPORTED AFTER THE FA,Other Property Crime,TRESPASS AT NIGHT
TB24009191,"03/05/2024, 5:12:29 PM","03/06/2024, 2:02:42 PM",THUNDER BAY,ON,P7B 1A9,200 Block RED RIVER RD, TBPS] MOTOR VEHICLE COLLISION 11-10 MVC ANY TYPE,Other,MOTOR VEHICLE COLLISION
TB24009194,"03/05/2024, 5:25:51 PM","03/06/2024, 2:02:42 PM",THUNDER BAY,ON,P7B 2X9,200 Block COURT ST S, TBPS] MOTOR VEHICLE COLLISION 11-10 MVC ANY TYPE,Other,MOTOR VEHICLE COLLISION
TB24009172,"03/05/2024, 3:19:58 PM","03/06/2024, 2:02:43 PM",THUNDER BAY,ON,P7B 3Y2,SECORD ST AND JOHN ST, TBPS] MOTOR VEHICLE COLLISION MVC NO INJURIES,Traffic,MOTOR VEHICLE COLLISION
TB24009425,"03/07/2024, 4:12:33 AM","03/07/2024, 2:02:24 PM",THUNDER BAY,ON,P7B 6S2,700 Block MEMORIAL AV, TBPS] THEFT SUSP STILL PRESENT OR MAY BE IN AREA,Other Theft,THEFT
TB24009431,"03/07/2024, 5:16:13 AM","03/07/2024, 2:02:24 PM",THUNDER BAY,ON,P7B 7C6,900 Block CARRICK ST, TBPS] THEFT SUSP STILL PRESENT OR MAY BE IN AREA,Other Theft,THEFT
TB24009434,"03/07/2024, 5:39:44 AM","03/07/2024, 2:02:24 PM",THUNDER BAY,ON,P7B 5R8,100 Block CUMBERLAND ST S, TBPS] DRUG OFFENCES SUSP PRESENT OR MAY STILL BE IN AREA,Quality of Life,DRUG OFFENCES
TB24009387,"03/06/2024, 9:21:11 PM","03/07/2024, 2:02:25 PM",THUNDER BAY,ON,P7B 1K3,800 Block RED RIVER RD, TBPS] MOTOR VEHICLE COLLISION 11-10 MVC ANY TYPE,Other,MOTOR VEHICLE COLLISION
TB24009393,"03/06/2024, 10:59:41 PM","03/07/2024, 2:02:25 PM",THUNDER BAY,ON,P7B 5L6,300 Block MAIN ST, TBPS] THEFT SUSP STILL PRESENT OR MAY BE IN AREA,Other Theft,THEFT
TB24009397,"03/06/2024, 11:52:56 PM","03/07/2024, 2:02:25 PM",THUNDER BAY,ON,P7B 6V4,900 Block OLIVER RD, TBPS] LIQUOR LICENCE ACT LIQUOR LICENCE ACT VIOLATION IN PROGRESS,Quality of Life,LIQUOR LICENCE ACT
TB24009416,"03/07/2024, 3:00:32 AM","03/07/2024, 2:02:25 PM",THUNDER BAY,ON,P7A 4K8,1000 Block DAWSON RD, TBPS] STOLEN VEHICLE SUSP NOT IN AREA,Theft of Vehicle,STOLEN VEHICLE
TB24009428,"03/07/2024, 4:49:17 AM","03/07/2024, 2:02:25 PM",THUNDER BAY,ON,P7C 3Y5,300 Block ARCHIBALD ST N, TBPS] LIQUOR LICENCE ACT LIQUOR LICENCE ACT VIOLATION IN PROGRESS,Quality of Life,LIQUOR LICENCE ACT
TB24009342,"03/06/2024, 4:33:15 PM","03/07/2024, 2:02:26 PM",THUNDER BAY,ON,P7A 5S3,300 Block HIGH ST N, TBPS] ASSAULT ACCUSED NOT PRESENT,Assault,ASSAULT
TB24009369,"03/06/2024, 7:26:13 PM","03/07/2024, 2:02:26 PM",THUNDER BAY,ON,P7E 4J6,100 Block MARY ST E," TBPS] THEFT NOT IN PROGRESS, UNDER 5000",Other Theft,THEFT
TB24009370,"03/06/2024, 7:30:46 PM","03/07/2024, 2:02:26 PM",THUNDER BAY,ON,P7B 5V2,500 Block BEVERLY ST, TBPS] ASSAULT SUSP PRESENT OR IN AREA,Assault,ASSAULT
TB24009371,"03/06/2024, 7:37:03 PM","03/07/2024, 2:02:26 PM",THUNDER BAY,ON,P7B 1K1,RED RIVER RD AND ALGONQUIN AV S," TBPS] MISCHIEF 11-10, MICHIEF UNDER 5000",Other Property Crime,MISCHIEF
TB24009396,"03/06/2024, 11:43:20 PM","03/07/2024, 2:02:26 PM",THUNDER BAY,ON,P7B 6B9,ISABEL ST AND FORT WILLIAM RD, TBPS] MARINE ICE RESCUE - DUAL RESPONSE,Emergency,MARINE
TB24009334,"03/06/2024, 3:58:55 PM","03/07/2024, 2:02:27 PM",THUNDER BAY,ON,P7B 5Z5,1200 Block BALMORAL ST," TBPS] THEFT NOT IN PROGRESS, FROM MOTOR VEHICLE",Theft from Vehicle,THEFT
TB24009336,"03/06/2024, 4:00:00 PM","03/07/2024, 2:02:27 PM",THUNDER BAY,ON,P7C 4Y7,300 Block LILLIE ST N, TBPS] ASSAULT SUSP PRESENT OR IN AREA,Assault,ASSAULT
TB24009185,"03/05/2024, 4:45:17 PM","03/07/2024, 2:02:28 PM",THUNDER BAY,ON,P7C 3C2,1000 Block MCLAUGHLIN ST," TBPS] MISCHIEF 11-10, MICHIEF UNDER 5000",Other Property Crime,MISCHIEF
TB24009305,"03/06/2024, 7:49:46 AM","03/07/2024, 2:02:28 PM",THUNDER BAY,ON,P7A,300 Block CUMBERLAND ST N," TBPS] THEFT NOT IN PROGRESS, UNDER 5000",Other Theft,THEFT
TB24009549,"03/07/2024, 10:13:14 PM","03/08/2024, 2:02:20 PM",THUNDER BAY,ON,P7A 4L7,1 Block CUMBERLAND ST N, TBPS] MOTOR VEHICLE COLLISION 11-10 MVC ANY TYPE,Other,MOTOR VEHICLE COLLISION
TB24009558,"03/07/2024, 11:00:00 PM","03/08/2024, 2:02:20 PM",THUNDER BAY,ON,P7B 5L6,300 Block MAIN ST, TBPS] THEFT SUSP STILL PRESENT OR MAY BE IN AREA,Other Theft,THEFT
TB24009559,"03/07/2024, 11:27:49 PM","03/08/2024, 2:02:20 PM",THUNDER BAY,ON,P7E,100 Block ST, TBPS] MARINE ICE RESCUE - DUAL RESPONSE,Emergency,MARINE
TB24009562,"03/08/2024, 12:00:39 AM","03/08/2024, 2:02:20 PM",THUNDER BAY,ON,P7B 5L6,300 Block MAIN ST, TBPS] THEFT SUSP STILL PRESENT OR MAY BE IN AREA,Other Theft,THEFT
TB24009571,"03/08/2024, 1:23:02 AM","03/08/2024, 2:02:20 PM",THUNDER BAY,ON,P7B 3G7,300 Block HESTER ST, TBPS] LIQUOR LICENCE ACT LIQUOR LICENCE ACT VIOLATION IN PROGRESS,Quality of Life,LIQUOR LICENCE ACT
TB24009572,"03/08/2024, 1:27:43 AM","03/08/2024, 2:02:20 PM",THUNDER BAY,ON,P7A 7R4,300 Block BRANT ST, TBPS] TROUBLE WITH YOUTH YOUTHS STILL IN AREA,Quality of Life,TROUBLE WITH YOUTH
TB24009574,"03/08/2024, 1:50:05 AM","03/08/2024, 2:02:20 PM",THUNDER BAY,ON,P7C 2P4,200 Block ROWAND ST, TBPS] LIQUOR LICENCE ACT LIQUOR LICENCE ACT VIOLATION IN PROGRESS,Quality of Life,LIQUOR LICENCE ACT
TB24009578,"03/08/2024, 2:32:45 AM","03/08/2024, 2:02:20 PM",THUNDER BAY,ON,P7E 5V7,1100 Block LINCOLN ST, TBPS] DRUG OFFENCES SUSP PRESENT OR MAY STILL BE IN AREA,Quality of Life,DRUG OFFENCES
TB24009581,"03/08/2024, 3:30:06 AM","03/08/2024, 2:02:20 PM",THUNDER BAY,ON,P7B 1K1,RED RIVER RD AND CLARKSON ST N, TBPS] MOTOR VEHICLE COLLISION MVC - AMB ENR - DUAL RESP,Other,MOTOR VEHICLE COLLISION
TB24009591,"03/08/2024, 5:04:08 AM","03/08/2024, 2:02:20 PM",THUNDER BAY,ON,P7C 6A5,800 Block MAY ST N, TBPS] LIQUOR LICENCE ACT LIQUOR LICENCE ACT VIOLATION IN PROGRESS,Quality of Life,LIQUOR LICENCE ACT
TB24009600,"03/08/2024, 6:39:25 AM","03/08/2024, 2:02:20 PM",THUNDER BAY,ON,P7B 5E3,1000 Block DAWSON RD, TBPS] ASSAULT SUSP PRESENT OR IN AREA,Assault,ASSAULT
TB24009510,"03/07/2024, 6:08:36 PM","03/08/2024, 2:02:21 PM",THUNDER BAY,ON,P7E 5V3,500 Block DONALD ST E, TBPS] LIQUOR LICENCE ACT LIQUOR LICENCE ACT VIOLATION IN PROGRESS,Quality of Life,LIQUOR LICENCE ACT
TB24009543,"03/07/2024, 9:00:18 PM","03/08/2024, 2:02:21 PM",THUNDER BAY,ON,P7A 1A7,400 Block ROBERTA ST," TBPS] THEFT NOT IN PROGRESS, UNDER 5000",Other Theft,THEFT
TB24009546,"03/07/2024, 9:41:31 PM","03/08/2024, 2:02:21 PM",THUNDER BAY,ON,P7A 2W9,RUTTAN ST AND EGAN ST, TBPS] MOTOR VEHICLE COLLISION 11-10 MVC ANY TYPE,Other,MOTOR VEHICLE COLLISION
TB24009551,"03/07/2024, 10:29:57 PM","03/08/2024, 2:02:21 PM",THUNDER BAY,ON,P7A 4B8,200 Block VAN NORMAN ST, TBPS] LIQUOR LICENCE ACT LIQUOR LICENCE ACT VIOLATION IN PROGRESS,Quality of Life,LIQUOR LICENCE ACT
TB24009557,"03/07/2024, 11:10:23 PM","03/08/2024, 2:02:21 PM",THUNDER BAY,ON,P7E 3N4,NEEBING AV AND CONFEDERATION DR, TBPS] LIQUOR LICENCE ACT LIQUOR LICENCE ACT VIOLATION IN PROGRESS,Quality of Life,LIQUOR LICENCE ACT
TB24009564,"03/08/2024, 12:13:25 AM","03/08/2024, 2:02:21 PM",THUNDER BAY,ON,P7B 1R3,COURT ST S AND BAY ST, TBPS] ASSAULT SUSP PRESENT OR IN AREA,Assault,ASSAULT
TB24009466,"03/07/2024, 12:36:08 PM","03/08/2024, 2:02:22 PM",THUNDER BAY,ON,P7B 5R8,100 Block CUMBERLAND ST S," TBPS] THEFT IN PROGRESS, OVER 50000",Other Theft,THEFT
TB24009467,"03/07/2024, 12:37:30 PM","03/08/2024, 2:02:22 PM",THUNDER BAY,ON,P7J 1E8,2300 Block 61 HWY, TBPS] ASSAULT ACCUSED PRESENT,Assault,ASSAULT
TB24009469,"03/07/2024, 1:04:03 PM","03/08/2024, 2:02:22 PM",THUNDER BAY,ON,P7B 6V4,900 Block OLIVER RD, TBPS] ASSAULT SUSP PRESENT OR IN AREA,Assault,ASSAULT
TB24009473,"03/07/2024, 2:26:07 PM","03/08/2024, 2:02:22 PM",THUNDER BAY,ON,P7B 6S2,700 Block MEMORIAL AV, TBPS] MOTOR VEHICLE COLLISION 11-10 MVC ANY TYPE,Other,MOTOR VEHICLE COLLISION
TB24009478,"03/07/2024, 3:25:58 PM","03/08/2024, 2:02:22 PM",THUNDER BAY,ON,P7E,ARTHUR ST W AND 61 HWY, TBPS] MOTOR VEHICLE COLLISION 11-10 MVC ANY TYPE,Other,MOTOR VEHICLE COLLISION
TB24009479,"03/07/2024, 3:29:35 PM","03/08/2024, 2:02:22 PM",THUNDER BAY,ON,P7A 4K8,1000 Block DAWSON RD, TBPS] MOTOR VEHICLE COLLISION 11-10 MVC ANY TYPE,Other,MOTOR VEHICLE COLLISION
TB24009482,"03/07/2024, 3:48:38 PM","03/08/2024, 2:02:22 PM",THUNDER BAY,ON,P7A 8C1,100 Block MARTHA ST, TBPS] MOTOR VEHICLE COLLISION 11-10 MVC ANY TYPE,Other,MOTOR VEHICLE COLLISION
TB24009486,"03/07/2024, 4:06:23 PM","03/08/2024, 2:02:22 PM",THUNDER BAY,ON,P7C 3N8,100 Block MAY ST N, TBPS] MOTOR VEHICLE COLLISION 11-10 MVC ANY TYPE,Other,MOTOR VEHICLE COLLISION
TB24009488,"03/07/2024, 4:25:55 PM","03/08/2024, 2:02:22 PM",THUNDER BAY,ON,P7B 3A7,1 Block ALGOMA ST S, TBPS] MOTOR VEHICLE COLLISION 11-10 MVC ANY TYPE,Other,MOTOR VEHICLE COLLISION
TB24009491,"03/07/2024, 4:40:53 PM","03/08/2024, 2:02:22 PM",THUNDER BAY,ON,P7J 1E6,6200 Block LOCH LOMOND RD, TBPS] MOTOR VEHICLE COLLISION 11-10 MVC ANY TYPE,Other,MOTOR VEHICLE COLLISION
TB24009492,"03/07/2024, 4:47:27 PM","03/08/2024, 2:02:22 PM",THUNDER BAY,ON,P7B 1K1,RED RIVER RD AND CLARKSON ST N, TBPS] MOTOR VEHICLE COLLISION 11-10 MVC ANY TYPE,Other,MOTOR VEHICLE COLLISION
TB24009494,"03/07/2024, 4:51:17 PM","03/08/2024, 2:02:22 PM",THUNDER BAY,ON,P7B,BEVERLY ST AND RAVENWOOD AV, TBPS] MOTOR VEHICLE COLLISION 11-10 MVC ANY TYPE,Other,MOTOR VEHICLE COLLISION
TB24009497,"03/07/2024, 5:01:03 PM","03/08/2024, 2:02:22 PM",THUNDER BAY,ON,P7C 2V7,400 Block NORTHERN AV, TBPS] MOTOR VEHICLE COLLISION 11-10 MVC ANY TYPE,Other,MOTOR VEHICLE COLLISION
TB24009506,"03/07/2024, 5:42:51 PM","03/08/2024, 2:02:22 PM",THUNDER BAY,ON,P7G 1J6,500 Block WOODCREST RD, TBPS] ASSAULT ACCUSED NOT PRESENT,Assault,ASSAULT
TB24009517,"03/07/2024, 6:34:01 PM","03/08/2024, 2:02:22 PM",THUNDER BAY,ON,P7C 2V2,MAY ST N AND OGDEN ST, TBPS] MOTOR VEHICLE COLLISION 11-10 MVC ANY TYPE,Other,MOTOR VEHICLE COLLISION
TB24009451,"03/07/2024, 9:03:41 AM","03/08/2024, 2:02:23 PM",THUNDER BAY,ON,P7E 3V7,100 Block FREDERICA ST W, TBPS] MISCHIEF IP PROGRESS/SUPECT IN AREA,Other Property Crime,MISCHIEF
TB24009459,"03/07/2024, 10:41:44 AM","03/08/2024, 2:02:23 PM",THUNDER BAY,ON,P7B 2Z8,500 Block FORT WILLIAM RD, TBPS] LIQUOR LICENCE ACT LIQUOR LICENCE ACT VIOLATION IN PROGRESS,Quality of Life,LIQUOR LICENCE ACT
TB24009477,"03/07/2024, 3:04:06 PM","03/08/2024, 2:02:23 PM",THUNDER BAY,ON,P7B 2W9,COURT ST S AND PEARL ST, TBPS] MOTOR VEHICLE COLLISION 11-10 MVC ANY TYPE,Other,MOTOR VEHICLE COLLISION
TB24009483,"03/07/2024, 3:53:16 PM","03/08/2024, 2:02:23 PM",THUNDER BAY,ON,P7C 4T8,800 Block NORAH CR, TBPS] MOTOR VEHICLE COLLISION 11-10 MVC ANY TYPE,Other,MOTOR VEHICLE COLLISION
TB24009763,"03/09/2024, 4:22:26 AM","03/09/2024, 2:02:50 PM",THUNDER BAY,ON,P7B,OLIVER RD AND THUNDER BAY EXPRESSWAY, TBPS] MOTOR VEHICLE COLLISION MVC - AMB ENR - DUAL RESP,Other,MOTOR VEHICLE COLLISION
TB24009768,"03/09/2024, 5:33:31 AM","03/09/2024, 2:02:50 PM",THUNDER BAY,ON,P7B 6S2,700 Block MEMORIAL AV, TBPS] ASSAULT SUSP PRESENT OR IN AREA,Assault,ASSAULT
TB24009769,"03/09/2024, 5:34:38 AM","03/09/2024, 2:02:50 PM",THUNDER BAY,ON,P7E 2A6,300 Block KINGSWAY, TBPS] LIQUOR LICENCE ACT LIQUOR LICENCE ACT VIOLATION IN PROGRESS,Quality of Life,LIQUOR LICENCE ACT
TB24009772,"03/09/2024, 6:22:09 AM","03/09/2024, 2:02:50 PM",THUNDER BAY,ON,P7E 5K1,2100 Block RIDGEWAY ST E, TBPS] ASSAULT SUSP PRESENT OR IN AREA,Assault,ASSAULT
TB24009731,"03/08/2024, 10:48:29 PM","03/09/2024, 2:02:51 PM",THUNDER BAY,ON,P7E,100 Block ST, TBPS] MARINE ICE RESCUE - DUAL RESPONSE,Emergency,MARINE
TB24009755,"03/09/2024, 3:09:15 AM","03/09/2024, 2:02:51 PM",THUNDER BAY,ON,P7B 4J4,1 Block TRILLIUM WAY, TBPS] ASSAULT SUSP PRESENT OR IN AREA,Assault,ASSAULT
TB24009776,"03/09/2024, 6:55:45 AM","03/09/2024, 2:02:51 PM",THUNDER BAY,ON,P7A 8A4,100 Block EAST AV, TBPS] B-E BUS/RES/OTH SUSP PRESENT OR MAY STILL BE IN AREA,Breaking & Entering,B-E BUS/RES/OTH
TB24009718,"03/08/2024, 9:22:54 PM","03/09/2024, 2:02:52 PM",THUNDER BAY,ON,P7B 5L6,300 Block MAIN ST, TBPS] THEFT SUSP STILL PRESENT OR MAY BE IN AREA,Other Theft,THEFT
TB24009723,"03/08/2024, 9:34:32 PM","03/09/2024, 2:02:52 PM",THUNDER BAY,ON,.,100 Block PEARL ST, TBPS] ASSAULT SUSP PRESENT OR IN AREA,Assault,ASSAULT
TB24009743,"03/09/2024, 12:20:27 AM","03/09/2024, 2:02:52 PM",THUNDER BAY,ON,P7E 5V3,500 Block DONALD ST E, TBPS] TROUBLE WITH YOUTH YOUTHS STILL IN AREA,Quality of Life,TROUBLE WITH YOUTH
TB24009759,"03/09/2024, 3:48:26 AM","03/09/2024, 2:02:52 PM",THUNDER BAY,ON,P7J,LOCH LOMOND RD, TBPS] MOTOR VEHICLE COLLISION MVC NO INJURIES,Traffic,MOTOR VEHICLE COLLISION
TB24009698,"03/08/2024, 7:55:30 PM","03/09/2024, 2:02:53 PM",THUNDER BAY,ON,P7B 5L6,300 Block MAIN ST, TBPS] MOTOR VEHICLE COLLISION MVC - AMB ENR - DUAL RESP,Other,MOTOR VEHICLE COLLISION
TB24009719,"03/08/2024, 9:25:13 PM","03/09/2024, 2:02:53 PM",THUNDER BAY,ON,P7E 2P1,400 Block LELAND AV S, TBPS] B-E BUS/RES/OTH SUSP PRESENT OR MAY STILL BE IN AREA,Breaking & Entering,B-E BUS/RES/OTH
TB24009730,"03/08/2024, 10:39:22 PM","03/09/2024, 2:02:53 PM",THUNDER BAY,ON,P7A 4R1,400 Block CUMBERLAND ST N, TBPS] ASSAULT SUSP PRESENT OR IN AREA,Assault,ASSAULT
TB24009669,"03/08/2024, 5:20:16 PM","03/09/2024, 2:02:54 PM",THUNDER BAY,ON,P7A 4T3,1 Block COURT ST N, TBPS] MOTOR VEHICLE COLLISION 11-10 MVC ANY TYPE,Other,MOTOR VEHICLE COLLISION
TB24009671,"03/08/2024, 5:33:22 PM","03/09/2024, 2:02:54 PM",THUNDER BAY,ON,P7B 1K2,800 Block RED RIVER RD, TBPS] MOTOR VEHICLE COLLISION 11-10 MVC ANY TYPE,Other,MOTOR VEHICLE COLLISION
TB24009672,"03/08/2024, 5:43:42 PM","03/09/2024, 2:02:54 PM",THUNDER BAY,ON,P7K 1A3,2200 Block MAGNOLIA DR, TBPS] MOTOR VEHICLE COLLISION 11-10 MVC ANY TYPE,Other,MOTOR VEHICLE COLLISION
TB24009675,"03/08/2024, 5:55:29 PM","03/09/2024, 2:02:54 PM",THUNDER BAY,ON,P7J 0A1,1000 Block FOXBOROUGH PL, TBPS] MOTOR VEHICLE COLLISION 11-10 MVC ANY TYPE,Other,MOTOR VEHICLE COLLISION
TB24009697,"03/08/2024, 7:52:42 PM","03/09/2024, 2:02:54 PM",THUNDER BAY,ON,P7E 4L2,MARY ST W AND JAMES ST S, TBPS] MOTOR VEHICLE COLLISION VEHICLE LEAKING FLUIDS - DUAL RESP,Traffic,MOTOR VEHICLE COLLISION
TB24009699,"03/08/2024, 7:56:56 PM","03/09/2024, 2:02:54 PM",THUNDER BAY,ON,P7A 4N2,CUMBERLAND ST N AND ST. JAMES ST, TBPS] LIQUOR LICENCE ACT LIQUOR LICENCE ACT VIOLATION IN PROGRESS,Quality of Life,LIQUOR LICENCE ACT
TB24009641,"03/08/2024, 3:31:43 PM","03/09/2024, 2:02:55 PM",THUNDER BAY,ON,P7B 1K3,800 Block RED RIVER RD, TBPS] MOTOR VEHICLE COLLISION 11-10 MVC ANY TYPE,Other,MOTOR VEHICLE COLLISION
TB24009647,"03/08/2024, 3:59:22 PM","03/09/2024, 2:02:55 PM",THUNDER BAY,ON,P7B 3Y6,400 Block MEMORIAL AV," TBPS] THEFT NOT IN PROGRESS, FROM MOTOR VEHICLE",Theft from Vehicle,THEFT
TB24009649,"03/08/2024, 4:05:02 PM","03/09/2024, 2:02:55 PM",THUNDER BAY,ON,P7E 5W2,1300 Block DONALD ST E," TBPS] THEFT NOT IN PROGRESS, FROM MOTOR VEHICLE",Theft from Vehicle,THEFT
TB24009655,"03/08/2024, 4:33:20 PM","03/09/2024, 2:02:55 PM",THUNDER BAY,ON,P7B 4G7,200 Block MARLBOROUGH ST, TBPS] MOTOR VEHICLE COLLISION 11-10 MVC ANY TYPE,Other,MOTOR VEHICLE COLLISION
TB24009658,"03/08/2024, 4:37:08 PM","03/09/2024, 2:02:55 PM",THUNDER BAY,ON,P7B 6S2,700 Block MEMORIAL AV, TBPS] MOTOR VEHICLE COLLISION 11-10 MVC ANY TYPE,Other,MOTOR VEHICLE COLLISION
TB24009677,"03/08/2024, 5:57:45 PM","03/09/2024, 2:02:55 PM",THUNDER BAY,ON,P7A 4X8,COURT ST N AND CLAVET ST, TBPS] MOTOR VEHICLE COLLISION MVC - AMB ENR - DUAL RESP,Other,MOTOR VEHICLE COLLISION
TB24009605,"03/08/2024, 7:11:32 AM","03/09/2024, 2:02:56 PM",THUNDER BAY,ON,P7B 4Z6,200 Block CARL AV, TBPS] B-E BUS/RES/OTH SUSP PRESENT OR MAY STILL BE IN AREA,Breaking & Entering,B-E BUS/RES/OTH
TB24009612,"03/08/2024, 8:10:29 AM","03/09/2024, 2:02:56 PM",THUNDER BAY,ON,P7E 5Y8,400 Block GEORGE ST, TBPS] ASSAULT SUSP PRESENT OR IN AREA,Assault,ASSAULT
TB24009637,"03/08/2024, 3:01:05 PM","03/09/2024, 2:02:56 PM",THUNDER BAY,ON,P7E 1E6,500 Block SYNDICATE AV S, TBPS] MISCHIEF NIP GRAFFITTI,Other Property Crime,MISCHIEF
TB24009642,"03/08/2024, 3:32:08 PM","03/09/2024, 2:02:56 PM",THUNDER BAY,ON,P7E 4R5,EMPIRE AV E AND KINGSWAY, TBPS] MOTOR VEHICLE COLLISION VEHICLE LEAKING FLUIDS - DUAL RESP,Traffic,MOTOR VEHICLE COLLISION
TB24009651,"03/08/2024, 4:06:41 PM","03/09/2024, 2:02:56 PM",THUNDER BAY,ON,P7B 3Y4,300 Block MEMORIAL AV, TBPS] MOTOR VEHICLE COLLISION 11-10 MVC ANY TYPE,Other,MOTOR VEHICLE COLLISION
TB24009668,"03/08/2024, 5:11:18 PM","03/09/2024, 2:02:56 PM",THUNDER BAY,ON,P7E 2P5,LELAND AV S AND WALSH ST W, TBPS] MOTOR VEHICLE COLLISION 11-10 MVC ANY TYPE,Other,MOTOR VEHICLE COLLISION
TB24009875,"03/10/2024, 3:01:25 AM","03/10/2024, 2:02:25 PM",THUNDER BAY,ON,P7B 6S2,700 Block MEMORIAL AV, TBPS] ASSAULT SUSP PRESENT OR IN AREA,Assault,ASSAULT
TB24009876,"03/10/2024, 3:03:36 AM","03/10/2024, 2:02:25 PM",THUNDER BAY,ON,P7C 3P8,200 Block MAY ST N," TBPS] THEFT IN PROGRESS, OVER 50000",Other Theft,THEFT
TB24009881,"03/10/2024, 3:48:34 AM","03/10/2024, 2:02:25 PM",THUNDER BAY,ON,P7C 6A5,800 Block MAY ST N, TBPS] MOTOR VEHICLE COLLISION MVC - AMB ENR - DUAL RESP,Other,MOTOR VEHICLE COLLISION
TB24009888,"03/10/2024, 4:45:21 AM","03/10/2024, 2:02:25 PM",THUNDER BAY,ON,P7B 1K2,800 Block RED RIVER RD, TBPS] ASSAULT SUSP PRESENT OR IN AREA,Assault,ASSAULT
TB24009813,"03/09/2024, 5:01:46 PM","03/10/2024, 2:02:26 PM",THUNDER BAY,ON,P7C 4R3,GOLF LINKS RD AND JAMES ST N, TBPS] MOTOR VEHICLE COLLISION MVC NO INJURIES,Traffic,MOTOR VEHICLE COLLISION
TB24009832,"03/09/2024, 8:15:46 PM","03/10/2024, 2:02:26 PM",THUNDER BAY,ON,P7A 4K8,1 Block CUMBERLAND ST N," TBPS] THEFT NOT IN PROGRESS, UNDER 5000",Other Theft,THEFT
TB24009839,"03/09/2024, 9:32:25 PM","03/10/2024, 2:02:26 PM",THUNDER BAY,ON,.,100 Block PEARL ST, TBPS] TROUBLE WITH YOUTH YOUTHS STILL IN AREA,Quality of Life,TROUBLE WITH YOUTH
TB24009850,"03/09/2024, 11:31:43 PM","03/10/2024, 2:02:26 PM",THUNDER BAY,ON,P7B 3A6,900 Block FORT WILLIAM RD, TBPS] THEFT SUSP STILL PRESENT OR MAY BE IN AREA,Other Theft,THEFT
TB24009867,"03/10/2024, 1:00:02 AM","03/10/2024, 2:02:26 PM",THUNDER BAY,ON,P7B,VALLEY ST AND REGINA AV, TBPS] MOTOR VEHICLE COLLISION MVC NO INJURIES,Traffic,MOTOR VEHICLE COLLISION
TB24009770,"03/09/2024, 5:42:52 AM","03/10/2024, 2:02:27 PM",THUNDER BAY,ON,P7B 1V8,200 Block WINDSOR ST, TBPS] ASSAULT SUSP PRESENT OR IN AREA,Assault,ASSAULT
TB24009793,"03/09/2024, 9:29:44 AM","03/10/2024, 2:02:27 PM",THUNDER BAY,ON,P7C 5Y2,200 Block LILLIE ST N, TBPS] LIQUOR LICENCE ACT LIQUOR LICENCE ACT VIOLATION IN PROGRESS,Quality of Life,LIQUOR LICENCE ACT
TB24009794,"03/09/2024, 9:44:24 AM","03/10/2024, 2:02:27 PM",THUNDER BAY,ON,P7E 2A6,600 Block KINGSWAY, TBPS] ASSAULT SUSP PRESENT OR IN AREA,Assault,ASSAULT
TB24009797,"03/09/2024, 11:09:10 AM","03/10/2024, 2:02:27 PM",THUNDER BAY,ON,P7E 1G3,200 Block ARCHIBALD ST S, TBPS] B-E BUS/RES/OTH SUSP PRESENT OR MAY STILL BE IN AREA,Breaking & Entering,B-E BUS/RES/OTH
TB24009826,"03/09/2024, 7:28:04 PM","03/10/2024, 2:02:27 PM",THUNDER BAY,ON,P7C 3W5,300 Block SYNDICATE AV N, TBPS] STOLEN VEHICLE SUSP NOT IN AREA,Theft of Vehicle,STOLEN VEHICLE
TB24009864,"03/10/2024, 12:45:01 AM","03/10/2024, 2:02:27 PM",THUNDER BAY,ON,P7E 4W9,JAMES ST S AND WALSH ST W, TBPS] MOTOR VEHICLE COLLISION MVC NO INJURIES,Traffic,MOTOR VEHICLE COLLISION
TB24009721,"03/08/2024, 9:27:33 PM","03/10/2024, 2:02:28 PM",THUNDER BAY,ON,P7B 5K2,SEQUOIA ST AND JOHN ST, TBPS] ASSAULT ACCUSED NOT PRESENT,Assault,ASSAULT
TB24009729,"03/08/2024, 10:24:41 PM","03/10/2024, 2:02:28 PM",THUNDER BAY,ON,P7E 1H7,200 Block MCKELLAR ST S, TBPS] ASSAULT ACCUSED NOT PRESENT,Assault,ASSAULT
TB24010008,"03/11/2024, 5:41:30 AM","03/11/2024, 1:02:16 PM",THUNDER BAY,ON,P7B 6S2,700 Block MEMORIAL AV, TBPS] THEFT SUSP STILL PRESENT OR MAY BE IN AREA,Other Theft,THEFT
TB24010011,"03/11/2024, 6:00:52 AM","03/11/2024, 1:02:16 PM",THUNDER BAY,ON,P7B 7C6,900 Block CARRICK ST," TBPS] THEFT NOT IN PROGRESS, UNDER 5000",Other Theft,THEFT
TB24009964,"03/10/2024, 9:19:32 PM","03/11/2024, 1:02:18 PM",THUNDER BAY,ON,J4Y 0B5,400 Block LYON BLVD W, TBPS] MARINE ICE RESCUE - DUAL RESPONSE,Emergency,MARINE
TB24009972,"03/10/2024, 10:51:06 PM","03/11/2024, 1:02:18 PM",THUNDER BAY,ON,P7C 3R7,500 Block MAY ST N, TBPS] ASSAULT SUSP PRESENT OR IN AREA,Assault,ASSAULT
TB24009974,"03/10/2024, 11:02:56 PM","03/11/2024, 1:02:18 PM",THUNDER BAY,ON,P7B 5C3,600 Block REGINA AV," TBPS] MISCHIEF 11-10, MICHIEF UNDER 5000",Other Property Crime,MISCHIEF
TB24009824,"03/09/2024, 7:11:56 PM","03/11/2024, 1:02:21 PM",THUNDER BAY,ON,P7E 5Y8,400 Block GEORGE ST, TBPS] ASSAULT ACCUSED NOT PRESENT,Assault,ASSAULT
TB24009846,"03/09/2024, 10:34:38 PM","03/11/2024, 1:02:21 PM",THUNDER BAY,ON,P7B 1A8,RED RIVER RD AND COURT ST S, TBPS] ASSAULT ACCUSED NOT PRESENT,Assault,ASSAULT
TB24009915,"03/10/2024, 8:49:29 AM","03/11/2024, 1:02:21 PM",THUNDER BAY,ON,P7B 2T1,1 Block CUMBERLAND ST S, TBPS] ASSAULT SUSP PRESENT OR IN AREA,Assault,ASSAULT
TB24009907,"03/10/2024, 7:44:12 AM","03/11/2024, 1:02:22 PM",THUNDER BAY,ON,P7B 2T2,RED RIVER RD AND CUMBERLAND ST N, TBPS] ASSAULT SUSP PRESENT OR IN AREA,Assault,ASSAULT
TB24009951,"03/10/2024, 5:49:32 PM","03/11/2024, 1:02:22 PM",THUNDER BAY,ON,P7E 2A6,300 Block KINGSWAY, TBPS] THEFT SUSP STILL PRESENT OR MAY BE IN AREA,Other Theft,THEFT
TB24010128,"03/12/2024, 12:29:28 AM","03/12/2024, 1:05:22 PM",THUNDER BAY,ON,P7E 1S1,700 Block FRANKLIN ST S, TBPS] B-E BUS/RES/OTH 11-10,Breaking & Entering,B-E BUS/RES/OTH
TB24010131,"03/12/2024, 12:37:35 AM","03/12/2024, 1:05:22 PM",THUNDER BAY,ON,P7E,RIVERVIEW DR W AND ARTHUR ST W, TBPS] LIQUOR LICENCE ACT LIQUOR LICENCE ACT VIOLATION IN PROGRESS,Quality of Life,LIQUOR LICENCE ACT
TB24010136,"03/12/2024, 1:55:47 AM","03/12/2024, 1:05:23 PM",THUNDER BAY,ON,P7B 5L6,300 Block MAIN ST, TBPS] THEFT SUSP STILL PRESENT OR MAY BE IN AREA,Other Theft,THEFT
TB24010158,"03/12/2024, 4:56:28 AM","03/12/2024, 1:05:26 PM",THUNDER BAY,ON,P7E 4R9,300 Block EMPIRE AV E," TBPS] MISCHIEF IP/SUSP IN AREA, UNDER 5,000",Other Property Crime,MISCHIEF
TB24010162,"03/12/2024, 5:20:32 AM","03/12/2024, 1:05:27 PM",THUNDER BAY,ON,P7B 4W8,1 Block CLARKSON ST S," TBPS] MISCHIEF IP/SUSP IN AREA, UNDER 5,000",Other Property Crime,MISCHIEF
TB24010165,"03/12/2024, 5:32:27 AM","03/12/2024, 1:05:27 PM",THUNDER BAY,ON,P7B 6S2,700 Block MEMORIAL AV, TBPS] THEFT SUSP STILL PRESENT OR MAY BE IN AREA,Other Theft,THEFT
TB24010019,"03/11/2024, 8:15:57 AM","03/12/2024, 1:05:41 PM",THUNDER BAY,ON,P7B 5K5,1100 Block MEMORIAL AV, TBPS] ASSAULT SUSP PRESENT OR IN AREA,Assault,ASSAULT
TB24010029,"03/11/2024, 12:45:26 PM","03/12/2024, 1:05:42 PM",THUNDER BAY,ON,P7A 4T2,500 Block HELEN ST, TBPS] STOLEN VEHICLE SUSP NOT IN AREA,Theft of Vehicle,STOLEN VEHICLE
TB24010033,"03/11/2024, 1:48:20 PM","03/12/2024, 1:05:43 PM",THUNDER BAY,ON,P0T 1W0,4700 Block 11-17 HWY, TBPS] MOTOR VEHICLE COLLISION MVC - AMB ENR,Traffic,MOTOR VEHICLE COLLISION
TB24010035,"03/11/2024, 2:31:05 PM","03/12/2024, 1:05:43 PM",THUNDER BAY,ON,P7B 7A4,OLIVER RD AND BURWOOD RD, TBPS] MOTOR VEHICLE COLLISION 11-10 MVC ANY TYPE,Other,MOTOR VEHICLE COLLISION
TB24010036,"03/11/2024, 2:32:18 PM","03/12/2024, 1:05:43 PM",THUNDER BAY,ON,P7E 5V7,1100 Block LINCOLN ST, TBPS] DRUG OFFENCES SUSP PRESENT OR MAY STILL BE IN AREA,Quality of Life,DRUG OFFENCES
TB24010038,"03/11/2024, 3:01:38 PM","03/12/2024, 1:05:43 PM",THUNDER BAY,ON,P7B,OLIVER RD AND THUNDER BAY EXPRESSWAY, TBPS] MOTOR VEHICLE COLLISION MVC NO INJURIES,Traffic,MOTOR VEHICLE COLLISION
TB24010039,"03/11/2024, 3:02:10 PM","03/12/2024, 1:05:43 PM",THUNDER BAY,ON,P7B,OLIVER RD AND THUNDER BAY EXPRESSWAY, TBPS] MOTOR VEHICLE COLLISION MVC NO INJURIES,Traffic,MOTOR VEHICLE COLLISION
TB24010040,"03/11/2024, 3:11:17 PM","03/12/2024, 1:05:43 PM",THUNDER BAY,ON,P7E 1B7,MAY ST S AND ARTHUR ST E, TBPS] MOTOR VEHICLE COLLISION 11-10 MVC ANY TYPE,Other,MOTOR VEHICLE COLLISION
TB24010041,"03/11/2024, 3:16:27 PM","03/12/2024, 1:05:44 PM",THUNDER BAY,ON,P7C 2V9,MAY ST N AND NORTHERN AV, TBPS] MOTOR VEHICLE COLLISION 11-10 MVC ANY TYPE,Other,MOTOR VEHICLE COLLISION
TB24010042,"03/11/2024, 3:19:44 PM","03/12/2024, 1:05:44 PM",THUNDER BAY,ON,P7B 5M1,GOLF LINKS RD AND ANTEN ST, TBPS] MOTOR VEHICLE COLLISION 11-10 MVC ANY TYPE,Other,MOTOR VEHICLE COLLISION
TB24010043,"03/11/2024, 3:21:06 PM","03/12/2024, 1:05:44 PM",THUNDER BAY,ON,P7B 3C2,ALGOMA ST S AND CORNWALL AV, TBPS] MOTOR VEHICLE COLLISION 11-10 MVC ANY TYPE,Other,MOTOR VEHICLE COLLISION
TB24010044,"03/11/2024, 3:24:56 PM","03/12/2024, 1:05:44 PM",THUNDER BAY,ON,P7B 6B9,1000 Block FORT WILLIAM RD, TBPS] MOTOR VEHICLE COLLISION 11-10 MVC ANY TYPE,Other,MOTOR VEHICLE COLLISION
TB24010045,"03/11/2024, 3:27:19 PM","03/12/2024, 1:05:44 PM",THUNDER BAY,ON,P7A 7M3,800 Block CASTLEGREEN DR, TBPS] MOTOR VEHICLE COLLISION 11-10 MVC ANY TYPE,Other,MOTOR VEHICLE COLLISION
TB24010046,"03/11/2024, 3:40:22 PM","03/12/2024, 1:05:44 PM",THUNDER BAY,ON,P7B 1K2,800 Block RED RIVER RD, TBPS] MOTOR VEHICLE COLLISION 11-10 MVC ANY TYPE,Other,MOTOR VEHICLE COLLISION
TB24010048,"03/11/2024, 3:56:29 PM","03/12/2024, 1:05:45 PM",THUNDER BAY,ON,P7B 3Z5,700 Block MEMORIAL AV, TBPS] MOTOR VEHICLE COLLISION 11-10 MVC ANY TYPE,Other,MOTOR VEHICLE COLLISION
TB24010050,"03/11/2024, 4:01:38 PM","03/12/2024, 1:05:45 PM",THUNDER BAY,ON,P7B 5B4,100 Block REGINA AV, TBPS] MOTOR VEHICLE COLLISION 11-10 MVC ANY TYPE,Other,MOTOR VEHICLE COLLISION
TB24010052,"03/11/2024, 4:24:32 PM","03/12/2024, 1:05:45 PM",THUNDER BAY,ON,P7B,CENTRAL AV AND MAUREEN ST, TBPS] MOTOR VEHICLE COLLISION 11-10 MVC ANY TYPE,Other,MOTOR VEHICLE COLLISION
TB24010053,"03/11/2024, 4:34:02 PM","03/12/2024, 1:05:45 PM",THUNDER BAY,ON,P7B 6B9,1000 Block FORT WILLIAM RD, TBPS] MOTOR VEHICLE COLLISION 11-10 MVC ANY TYPE,Other,MOTOR VEHICLE COLLISION
TB24010058,"03/11/2024, 4:45:02 PM","03/12/2024, 1:05:46 PM",THUNDER BAY,ON,P7E 1B7,MAY ST S AND ARTHUR ST E, TBPS] MOTOR VEHICLE COLLISION 11-10 MVC ANY TYPE,Other,MOTOR VEHICLE COLLISION
TB24010057,"03/11/2024, 4:45:16 PM","03/12/2024, 1:05:46 PM",THUNDER BAY,ON,P7B 5J4,1000 Block DAWSON RD, TBPS] ASSAULT ACCUSED NOT PRESENT,Assault,ASSAULT
TB24010059,"03/11/2024, 4:46:31 PM","03/12/2024, 1:05:46 PM",THUNDER BAY,ON,P7E 2A6,600 Block KINGSWAY, TBPS] ASSAULT ACCUSED NOT PRESENT,Assault,ASSAULT
TB24010064,"03/11/2024, 5:07:25 PM","03/12/2024, 1:05:47 PM",THUNDER BAY,ON,P7B 5L6,300 Block MAIN ST, TBPS] MOTOR VEHICLE COLLISION 11-10 MVC ANY TYPE,Other,MOTOR VEHICLE COLLISION
TB24010066,"03/11/2024, 5:24:23 PM","03/12/2024, 1:05:47 PM",THUNDER BAY,ON,P7A 4T3,COURT ST N AND COOKE ST, TBPS] MOTOR VEHICLE COLLISION 11-10 MVC ANY TYPE,Other,MOTOR VEHICLE COLLISION
TB24010067,"03/11/2024, 5:28:53 PM","03/12/2024, 1:05:47 PM",THUNDER BAY,ON,P7B 0B5,BALMORAL ST AND BEVERLY ST, TBPS] MOTOR VEHICLE COLLISION 11-10 MVC ANY TYPE,Other,MOTOR VEHICLE COLLISION
TB24010070,"03/11/2024, 5:33:11 PM","03/12/2024, 1:05:48 PM",THUNDER BAY,ON,P7B 3A3,800 Block FORT WILLIAM RD, TBPS] MOTOR VEHICLE COLLISION 11-10 MVC ANY TYPE,Other,MOTOR VEHICLE COLLISION
TB24010072,"03/11/2024, 5:57:30 PM","03/12/2024, 1:05:48 PM",THUNDER BAY,ON,P7C 2V7,400 Block NORTHERN AV, TBPS] MOTOR VEHICLE COLLISION 11-10 MVC ANY TYPE,Other,MOTOR VEHICLE COLLISION
TB24010075,"03/11/2024, 6:05:58 PM","03/12/2024, 1:05:48 PM",THUNDER BAY,ON,P7E 5Y6,500 Block DONALD ST W, TBPS] MOTOR VEHICLE COLLISION 11-10 MVC ANY TYPE,Other,MOTOR VEHICLE COLLISION
TB24010091,"03/11/2024, 8:04:11 PM","03/12/2024, 1:05:49 PM",THUNDER BAY,ON,P7A 4P8,CLAVET ST AND CUMBERLAND ST N, TBPS] MOTOR VEHICLE COLLISION MVC NO INJURIES,Traffic,MOTOR VEHICLE COLLISION
TB24010092,"03/11/2024, 8:06:12 PM","03/12/2024, 1:05:50 PM",THUNDER BAY,ON,P7B 1B1,300 Block RED RIVER RD, TBPS] B-E BUS/RES/OTH 11-10,Breaking & Entering,B-E BUS/RES/OTH
TB24010096,"03/11/2024, 8:50:10 PM","03/12/2024, 1:05:50 PM",THUNDER BAY,ON,P7C 3X8,100 Block CENTENNIAL SQ, TBPS] THEFT SUSP STILL PRESENT OR MAY BE IN AREA,Other Theft,THEFT
TB24010097,"03/11/2024, 8:56:34 PM","03/12/2024, 1:05:50 PM",THUNDER BAY,ON,P7A 4L8,1 Block CUMBERLAND ST N, TBPS] DRUG OFFENCES SUSP PRESENT OR MAY STILL BE IN AREA,Quality of Life,DRUG OFFENCES
TB24010099,"03/11/2024, 9:16:04 PM","03/12/2024, 1:05:50 PM",THUNDER BAY,ON,P7B 5E1,900 Block OLIVER RD," TBPS] THEFT NOT IN PROGRESS, UNDER 5000",Other Theft,THEFT
TB24010101,"03/11/2024, 9:21:34 PM","03/12/2024, 1:05:50 PM",THUNDER BAY,ON,P7E,1100 Block DONALD ST E, TBPS] ASSAULT ACCUSED NOT PRESENT,Assault,ASSAULT
TB24010103,"03/11/2024, 9:42:49 PM","03/12/2024, 1:05:50 PM",THUNDER BAY,ON,P7A 4M3,CUMBERLAND ST N AND VILLA ST, TBPS] LIQUOR LICENCE ACT LIQUOR LICENCE ACT VIOLATION IN PROGRESS,Quality of Life,LIQUOR LICENCE ACT
TB24010326,"03/13/2024, 5:22:19 AM","03/13/2024, 1:03:21 PM",THUNDER BAY,ON,P7B 6S2,700 Block MEMORIAL AV, TBPS] THEFT SUSP STILL PRESENT OR MAY BE IN AREA,Other Theft,THEFT
TB24010253,"03/12/2024, 7:24:36 PM","03/13/2024, 1:03:22 PM",THUNDER BAY,ON,P7E 5S2,1100 Block ARTHUR ST W, TBPS] MOTOR VEHICLE COLLISION 11-10 MVC ANY TYPE,Other,MOTOR VEHICLE COLLISION
TB24010269,"03/12/2024, 9:08:30 PM","03/13/2024, 1:03:22 PM",THUNDER BAY,ON,P7B 6B9,ISABEL ST AND FORT WILLIAM RD, TBPS] MOTOR VEHICLE COLLISION 11-10 MVC ANY TYPE,Other,MOTOR VEHICLE COLLISION
TB24010300,"03/13/2024, 12:52:43 AM","03/13/2024, 1:03:22 PM",THUNDER BAY,ON,P7B 6B9,1000 Block FORT WILLIAM RD, TBPS] ASSAULT SUSP PRESENT OR IN AREA,Assault,ASSAULT
TB24010314,"03/13/2024, 2:25:17 AM","03/13/2024, 1:03:22 PM",THUNDER BAY,ON,P7B 6B9,1000 Block FORT WILLIAM RD, TBPS] ASSAULT ACCUSED NOT PRESENT,Assault,ASSAULT
TB24010325,"03/13/2024, 5:02:38 AM","03/13/2024, 1:03:22 PM",THUNDER BAY,ON,P7A 4S2,500 Block CUMBERLAND ST N," TBPS] MISCHIEF IP/SUSP IN AREA, UNDER 5,000",Other Property Crime,MISCHIEF
TB24010248,"03/12/2024, 7:06:18 PM","03/13/2024, 1:03:23 PM",THUNDER BAY,ON,P7C 3R9,700 Block MAY ST N, TBPS] MOTOR VEHICLE COLLISION 11-10 MVC ANY TYPE,Other,MOTOR VEHICLE COLLISION
TB24010250,"03/12/2024, 7:09:38 PM","03/13/2024, 1:03:23 PM",THUNDER BAY,ON,P7C,ATIKOKAN DR AND GOLF LINKS RD, TBPS] MOTOR VEHICLE COLLISION 11-10 MVC ANY TYPE,Other,MOTOR VEHICLE COLLISION
TB24010259,"03/12/2024, 8:10:46 PM","03/13/2024, 1:03:23 PM",THUNDER BAY,ON,P7C 2N6,MCKENZIE ST AND ROBERTSON ST, TBPS] MOTOR VEHICLE COLLISION 11-10 MVC ANY TYPE,Other,MOTOR VEHICLE COLLISION
TB24010261,"03/12/2024, 8:33:06 PM","03/13/2024, 1:03:23 PM",THUNDER BAY,ON,P7E 5R7,500 Block ARTHUR ST W, TBPS] MOTOR VEHICLE COLLISION MVC NO INJURIES,Traffic,MOTOR VEHICLE COLLISION
TB24010263,"03/12/2024, 8:47:12 PM","03/13/2024, 1:03:23 PM",THUNDER BAY,ON,P7B 5Z5,1200 Block BALMORAL ST, TBPS] STOLEN VEHICLE SUSP NOT IN AREA,Theft of Vehicle,STOLEN VEHICLE
TB24010304,"03/13/2024, 1:08:11 AM","03/13/2024, 1:03:23 PM",THUNDER BAY,ON,P7E 1B4,200 Block MAY ST S, TBPS] B-E BUS/RES/OTH SUSP PRESENT OR MAY STILL BE IN AREA,Breaking & Entering,B-E BUS/RES/OTH
TB24010218,"03/12/2024, 4:18:50 PM","03/13/2024, 1:03:24 PM",THUNDER BAY,ON,P7C 2V5,SIMPSON ST AND NORTHERN AV, TBPS] MOTOR VEHICLE COLLISION 11-10 MVC ANY TYPE,Other,MOTOR VEHICLE COLLISION
TB24010220,"03/12/2024, 4:40:01 PM","03/13/2024, 1:03:24 PM",THUNDER BAY,ON,P7E 1E3,ARTHUR ST E AND SYNDICATE AV S, TBPS] MOTOR VEHICLE COLLISION 11-10 MVC ANY TYPE,Other,MOTOR VEHICLE COLLISION
TB24010222,"03/12/2024, 4:55:43 PM","03/13/2024, 1:03:24 PM",THUNDER BAY,ON,P7B 6Z8,1400 Block NAKINA DR, TBPS] MOTOR VEHICLE COLLISION 11-10 MVC ANY TYPE,Other,MOTOR VEHICLE COLLISION
TB24010239,"03/12/2024, 6:13:49 PM","03/13/2024, 1:03:24 PM",THUNDER BAY,ON,P7A 3G7,COURT ST N AND WOLSELEY ST, TBPS] MOTOR VEHICLE COLLISION MVC NO INJURIES,Traffic,MOTOR VEHICLE COLLISION
TB24010245,"03/12/2024, 7:03:09 PM","03/13/2024, 1:03:24 PM",THUNDER BAY,ON,P7B 3B8,100 Block ALGOMA ST S, TBPS] ARSON 11-10 ARSON,Other Property Crime,ARSON
TB24010161,"03/12/2024, 5:19:19 AM","03/13/2024, 1:03:25 PM",THUNDER BAY,ON,P7B 4W8,1 Block CLARKSON ST S," TBPS] MISCHIEF IP/SUSP IN AREA, UNDER 5,000",Other Property Crime,MISCHIEF
TB24010186,"03/12/2024, 8:30:23 AM","03/13/2024, 1:03:25 PM",THUNDER BAY,ON,P7B 1V8,200 Block WINDSOR ST, TBPS] LIQUOR LICENCE ACT LIQUOR LICENCE ACT VIOLATION IN PROGRESS,Quality of Life,LIQUOR LICENCE ACT
TB24010191,"03/12/2024, 9:45:47 AM","03/13/2024, 1:03:25 PM",THUNDER BAY,ON,P7B 5E1,900 Block OLIVER RD, TBPS] MOTOR VEHICLE COLLISION MVC NO INJURIES,Traffic,MOTOR VEHICLE COLLISION
TB24010204,"03/12/2024, 3:28:01 PM","03/13/2024, 1:03:25 PM",THUNDER BAY,ON,P7B 4S9,PHYLLIS ST AND ALGONQUIN AV S, TBPS] MOTOR VEHICLE COLLISION 11-10 MVC ANY TYPE,Other,MOTOR VEHICLE COLLISION
TB24010205,"03/12/2024, 3:30:28 PM","03/13/2024, 1:03:25 PM",THUNDER BAY,ON,P7A 6B1,1 Block WINDEMERE AV N, TBPS] MOTOR VEHICLE COLLISION 11-10 MVC ANY TYPE,Other,MOTOR VEHICLE COLLISION
TB24010206,"03/12/2024, 3:32:29 PM","03/13/2024, 1:03:25 PM",THUNDER BAY,ON,P7B 5J3,100 Block ACADEMY DR, TBPS] MOTOR VEHICLE COLLISION 11-10 MVC ANY TYPE,Other,MOTOR VEHICLE COLLISION
TB24010207,"03/12/2024, 3:36:11 PM","03/13/2024, 1:03:25 PM",THUNDER BAY,ON,P7C 3K1,700 Block SIMPSON ST, TBPS] MOTOR VEHICLE COLLISION 11-10 MVC ANY TYPE,Other,MOTOR VEHICLE COLLISION
TB24010208,"03/12/2024, 3:39:20 PM","03/13/2024, 1:03:25 PM",THUNDER BAY,ON,P7C 3L6,800 Block SPRING ST, TBPS] MOTOR VEHICLE COLLISION 11-10 MVC ANY TYPE,Other,MOTOR VEHICLE COLLISION
TB24010209,"03/12/2024, 3:42:41 PM","03/13/2024, 1:03:25 PM",THUNDER BAY,ON,P7G 1R3,OLIVER RD AND TOMLINSON RD, TBPS] MOTOR VEHICLE COLLISION 11-10 MVC ANY TYPE,Other,MOTOR VEHICLE COLLISION
TB24010214,"03/12/2024, 4:05:45 PM","03/13/2024, 1:03:25 PM",THUNDER BAY,ON,P7C 4E6,100 Block MARKS ST N," TBPS] MISCHIEF 11-10, MICHIEF UNDER 5000",Other Property Crime,MISCHIEF
TB24010215,"03/12/2024, 4:05:55 PM","03/13/2024, 1:03:25 PM",THUNDER BAY,ON,P7B 3K1,RED RIVER RD AND HIGH ST N, TBPS] MOTOR VEHICLE COLLISION 11-10 MVC ANY TYPE,Other,MOTOR VEHICLE COLLISION
TB24010182,"03/12/2024, 8:04:58 AM","03/13/2024, 1:03:26 PM",THUNDER BAY,ON,P7A 3S6,700 Block RIVER ST, TBPS] MOTOR VEHICLE COLLISION MVC INJURIES FIRE NOT REQ,Traffic,MOTOR VEHICLE COLLISION
TB24010289,"03/12/2024, 10:57:11 PM","03/13/2024, 1:04:19 PM",THUNDER BAY,ON,P7B 6Y9,1 Block SOUTH WATER ST," TBPS] THEFT NOT IN PROGRESS, UNDER 5000",Other Theft,THEFT
TB24010294,"03/12/2024, 11:51:49 PM","03/13/2024, 1:04:19 PM",THUNDER BAY,ON,P7B 3Y3,MEMORIAL AV AND QUEEN ST, TBPS] MOTOR VEHICLE COLLISION MVC - AMB ENR - DUAL RESP,Other,MOTOR VEHICLE COLLISION
TB24010295,"03/12/2024, 11:55:57 PM","03/13/2024, 1:04:19 PM",THUNDER BAY,ON,P7C 0A3,100 Block BRODIE ST N, TBPS] ASSAULT SUSP PRESENT OR IN AREA,Assault,ASSAULT
TB24010319,"03/13/2024, 3:57:31 AM","03/13/2024, 1:04:19 PM",THUNDER BAY,ON,P7C 3J6,500 Block SIMPSON ST, TBPS] ASSAULT SUSP PRESENT OR IN AREA,Assault,ASSAULT
TB24010434,"03/13/2024, 10:54:06 PM","03/14/2024, 1:05:23 PM",THUNDER BAY,ON,P7E 5R8,600 Block ARTHUR ST W, TBPS] DRUG OFFENCES SUSP PRESENT OR MAY STILL BE IN AREA,Quality of Life,DRUG OFFENCES
TB24010443,"03/13/2024, 11:53:31 PM","03/14/2024, 1:05:27 PM",THUNDER BAY,ON,P7B 2X5,100 Block COURT ST S, TBPS] DRUG OFFENCES SUSP PRESENT OR MAY STILL BE IN AREA,Quality of Life,DRUG OFFENCES
TB24010446,"03/14/2024, 12:21:53 AM","03/14/2024, 1:05:28 PM",THUNDER BAY,ON,P7A 7M9,RENFREW RD AND COUNTY BLVD, TBPS] LIQUOR LICENCE ACT LIQUOR LICENCE ACT VIOLATION IN PROGRESS,Quality of Life,LIQUOR LICENCE ACT
TB24010448,"03/14/2024, 12:31:16 AM","03/14/2024, 1:05:29 PM",THUNDER BAY,ON,P7B 3G1,1 Block ONTARIO ST, TBPS] B-E BUS/RES/OTH SUSP PRESENT OR MAY STILL BE IN AREA,Breaking & Entering,B-E BUS/RES/OTH
TB24010460,"03/14/2024, 1:43:22 AM","03/14/2024, 1:05:34 PM",THUNDER BAY,ON,P7B 5R7,100 Block CUMBERLAND ST S, TBPS] DRUG OFFENCES SUSP PRESENT OR MAY STILL BE IN AREA,Quality of Life,DRUG OFFENCES
TB24010462,"03/14/2024, 1:55:01 AM","03/14/2024, 1:05:34 PM",THUNDER BAY,ON,P7E 5R8,1000 Block ARTHUR ST W, TBPS] THEFT SUSP STILL PRESENT OR MAY BE IN AREA,Other Theft,THEFT
TB24010465,"03/14/2024, 2:34:10 AM","03/14/2024, 1:05:34 PM",THUNDER BAY,ON,P7C 2P2,100 Block ROWAND ST, TBPS] MOTOR VEHICLE COLLISION 11-10 MVC ANY TYPE,Other,MOTOR VEHICLE COLLISION
TB24010466,"03/14/2024, 2:39:46 AM","03/14/2024, 1:05:35 PM",THUNDER BAY,ON,P7B 6S2,700 Block MEMORIAL AV, TBPS] THEFT SUSP STILL PRESENT OR MAY BE IN AREA,Other Theft,THEFT
TB24010469,"03/14/2024, 2:52:24 AM","03/14/2024, 1:05:35 PM",THUNDER BAY,ON,P7B 5L6,300 Block MAIN ST, TBPS] SHOPLIFT IN CUSTODY - NO PROBLEMS,Theft,SHOPLIFT
TB24010337,"03/13/2024, 9:27:31 AM","03/14/2024, 1:05:38 PM",THUNDER BAY,ON,P7C 1Z9,1 Block LIMBRICK ST, TBPS] ASSAULT SUSP PRESENT OR IN AREA,Assault,ASSAULT
TB24010488,"03/14/2024, 5:10:25 AM","03/14/2024, 1:05:39 PM",THUNDER BAY,ON,P7C 2N4,300 Block OGDEN ST, TBPS] ASSAULT SUSP PRESENT OR IN AREA,Assault,ASSAULT
TB24010490,"03/14/2024, 5:15:36 AM","03/14/2024, 1:05:39 PM",THUNDER BAY,ON,P7B 5R7,100 Block CUMBERLAND ST S, TBPS] ASSAULT SUSP PRESENT OR IN AREA,Assault,ASSAULT
TB24010346,"03/13/2024, 11:17:38 AM","03/14/2024, 1:05:40 PM",THUNDER BAY,ON,P7B 2X6,100 Block COURT ST S," TBPS] MISCHIEF IP/SUSP IN AREA, UNDER 5,000",Other Property Crime,MISCHIEF
TB24010349,"03/13/2024, 12:51:47 PM","03/14/2024, 1:05:40 PM",THUNDER BAY,ON,P7B 5K5,1100 Block MEMORIAL AV, TBPS] THEFT SUSP STILL PRESENT OR MAY BE IN AREA,Other Theft,THEFT
TB24010361,"03/13/2024, 4:18:31 PM","03/14/2024, 1:05:42 PM",THUNDER BAY,ON,P7B 1V8,200 Block WINDSOR ST, TBPS] DRUG OFFENCES SUSP PRESENT OR MAY STILL BE IN AREA,Quality of Life,DRUG OFFENCES
TB24010370,"03/13/2024, 5:37:05 PM","03/14/2024, 1:05:43 PM",THUNDER BAY,ON,P7B 1K1,RED RIVER RD AND CLARKSON ST N, TBPS] MOTOR VEHICLE COLLISION 11-10 MVC ANY TYPE,Other,MOTOR VEHICLE COLLISION
TB24010374,"03/13/2024, 5:52:08 PM","03/14/2024, 1:05:44 PM",THUNDER BAY,ON,P7B 5V1,DAWSON RD AND STRAND AV, TBPS] MOTOR VEHICLE COLLISION 11-10 MVC ANY TYPE,Other,MOTOR VEHICLE COLLISION
TB24010084,"03/11/2024, 7:29:54 PM","03/14/2024, 1:05:46 PM",THUNDER BAY,ON,P7A 8A4,100 Block MARKET ST, TBPS] MOTOR VEHICLE COLLISION 11-10 MVC ANY TYPE,Other,MOTOR VEHICLE COLLISION
TB24010389,"03/13/2024, 7:01:24 PM","03/14/2024, 1:05:46 PM",THUNDER BAY,ON,P7B 3A3,1 Block AV AND FORT WILLIAM RD, TBPS] MOTOR VEHICLE COLLISION 11-10 MVC ANY TYPE,Other,MOTOR VEHICLE COLLISION
TB24010391,"03/13/2024, 7:07:31 PM","03/14/2024, 1:05:46 PM",THUNDER BAY,ON,P7B 5V1,DAWSON RD AND STRAND AV, TBPS] MOTOR VEHICLE COLLISION MVC - AMB ENR - DUAL RESP,Other,MOTOR VEHICLE COLLISION
TB24010392,"03/13/2024, 7:22:50 PM","03/14/2024, 1:05:47 PM",THUNDER BAY,ON,P7B 7A5,800 Block OLIVER RD, TBPS] MOTOR VEHICLE COLLISION 11-10 MVC ANY TYPE,Other,MOTOR VEHICLE COLLISION
TB24010395,"03/13/2024, 7:26:58 PM","03/14/2024, 1:05:47 PM",THUNDER BAY,ON,P7G 2J3,1600 Block MELBOURNE RD, TBPS] MOTOR VEHICLE COLLISION 11-10 MVC ANY TYPE,Other,MOTOR VEHICLE COLLISION
TB24010400,"03/13/2024, 7:37:19 PM","03/14/2024, 1:05:48 PM",THUNDER BAY,ON,P7B,SLEEPING GIANT PKWY AND SAUL LASKIN DR, TBPS] MOTOR VEHICLE COLLISION 11-10 MVC ANY TYPE,Other,MOTOR VEHICLE COLLISION
TB24010401,"03/13/2024, 7:41:32 PM","03/14/2024, 1:05:48 PM",THUNDER BAY,ON,P7E 5P7,200 Block ARTHUR ST W, TBPS] MOTOR VEHICLE COLLISION MVC NO INJURIES,Traffic,MOTOR VEHICLE COLLISION
TB24010402,"03/13/2024, 7:43:22 PM","03/14/2024, 1:05:48 PM",THUNDER BAY,ON,P7A 4K8,1000 Block DAWSON RD, TBPS] MOTOR VEHICLE COLLISION 11-10 MVC ANY TYPE,Other,MOTOR VEHICLE COLLISION
TB24010405,"03/13/2024, 7:57:07 PM","03/14/2024, 1:05:48 PM",THUNDER BAY,ON,P7B 6T3,1 Block SOUTH WATER ST," TBPS] THEFT NOT IN PROGRESS, FROM MOTOR VEHICLE",Theft from Vehicle,THEFT
TB24010407,"03/13/2024, 8:15:14 PM","03/14/2024, 1:05:49 PM",THUNDER BAY,ON,P7E 5M4,100 Block BEGIN ST W, TBPS] MOTOR VEHICLE COLLISION 11-10 MVC ANY TYPE,Other,MOTOR VEHICLE COLLISION
TB24010412,"03/13/2024, 9:04:46 PM","03/14/2024, 1:05:49 PM",THUNDER BAY,ON,P7A 4R1,400 Block CUMBERLAND ST N," TBPS] THEFT NOT IN PROGRESS, UNDER 5000",Other Theft,THEFT
TB24010415,"03/13/2024, 9:13:36 PM","03/14/2024, 1:05:49 PM",THUNDER BAY,ON,P7E 5N2,1300 Block ARTHUR ST E," TBPS] THEFT NOT IN PROGRESS, UNDER 5000",Other Theft,THEFT
TB24010419,"03/13/2024, 9:21:56 PM","03/14/2024, 1:05:50 PM",THUNDER BAY,ON,P7B 2A2,CLARKSON ST S AND JOHN ST, TBPS] MOTOR VEHICLE COLLISION 11-10 MVC ANY TYPE,Other,MOTOR VEHICLE COLLISION
TB24010423,"03/13/2024, 9:33:16 PM","03/14/2024, 1:05:50 PM",THUNDER BAY,ON,P7B 5B8,300 Block REGINA AV, TBPS] MOTOR VEHICLE COLLISION 11-10 MVC ANY TYPE,Other,MOTOR VEHICLE COLLISION
TB24010427,"03/13/2024, 9:39:50 PM","03/14/2024, 1:05:51 PM",THUNDER BAY,ON,P7B 5L6,300 Block MAIN ST, TBPS] THEFT SUSP STILL PRESENT OR MAY BE IN AREA,Other Theft,THEFT
TB24010569,"03/14/2024, 10:18:57 PM","03/15/2024, 1:03:50 PM",THUNDER BAY,ON,P7A 4W6,MCINTYRE ST AND COURT ST N, TBPS] MOTOR VEHICLE COLLISION MVC NO INJURIES,Traffic,MOTOR VEHICLE COLLISION
TB24010579,"03/15/2024, 12:16:16 AM","03/15/2024, 1:03:50 PM",THUNDER BAY,ON,P7A 4W6,MCINTYRE ST AND COURT ST N, TBPS] MOTOR VEHICLE COLLISION VEHICLE LEAKING FLUIDS - DUAL RESP,Traffic,MOTOR VEHICLE COLLISION
TB24010573,"03/14/2024, 11:15:59 PM","03/15/2024, 1:03:50 PM",THUNDER BAY,ON,P7A 4L8,1 Block CUMBERLAND ST N, TBPS] LIQUOR LICENCE ACT LIQUOR LICENCE ACT VIOLATION IN PROGRESS,Quality of Life,LIQUOR LICENCE ACT
TB24010607,"03/15/2024, 6:14:54 AM","03/15/2024, 1:03:50 PM",THUNDER BAY,ON,P7J 1E8,2300 Block 61 HWY, TBPS] ASSAULT ACCUSED PRESENT,Assault,ASSAULT
TB24010548,"03/14/2024, 7:38:36 PM","03/15/2024, 1:03:51 PM",THUNDER BAY,ON,P7B 7C6,900 Block CARRICK ST, TBPS] THEFT SUSP STILL PRESENT OR MAY BE IN AREA,Other Theft,THEFT
TB24010566,"03/14/2024, 10:06:29 PM","03/15/2024, 1:03:51 PM",THUNDER BAY,ON,P7E 2M8,BROWN ST AND FREDERICA ST W, TBPS] MOTOR VEHICLE COLLISION 11-10 MVC ANY TYPE,Other,MOTOR VEHICLE COLLISION
TB24010597,"03/15/2024, 3:39:53 AM","03/15/2024, 1:03:51 PM",THUNDER BAY,ON,P7B 6S2,700 Block MEMORIAL AV," TBPS] THEFT NOT IN PROGRESS, UNDER 5000",Other Theft,THEFT
TB24010580,"03/15/2024, 12:24:14 AM","03/15/2024, 1:03:51 PM",THUNDER BAY,ON,P7E 6H2,200 Block AMELIA ST W, TBPS] B-E BUS/RES/OTH SUSP PRESENT OR MAY STILL BE IN AREA,Breaking & Entering,B-E BUS/RES/OTH
TB24010594,"03/15/2024, 3:05:25 AM","03/15/2024, 1:03:51 PM",THUNDER BAY,ON,P7B 6S2,700 Block MEMORIAL AV, TBPS] ASSAULT SUSP PRESENT OR IN AREA,Assault,ASSAULT
TB24010517,"03/14/2024, 1:40:26 PM","03/15/2024, 1:03:52 PM",THUNDER BAY,ON,P7B 4A1,900 Block MEMORIAL AV, TBPS] MOTOR VEHICLE COLLISION 11-10 MVC ANY TYPE,Other,MOTOR VEHICLE COLLISION
TB24010525,"03/14/2024, 4:19:33 PM","03/15/2024, 1:03:52 PM",THUNDER BAY,ON,P7A 1V3,400 Block HODDER AV, TBPS] MOTOR VEHICLE COLLISION 11-10 MVC ANY TYPE,Other,MOTOR VEHICLE COLLISION
TB24010603,"03/15/2024, 5:14:57 AM","03/15/2024, 1:03:52 PM",THUNDER BAY,ON,P7E 5P7,100 Block ARTHUR ST W, TBPS] TROUBLE WITH YOUTH YOUTHS STILL IN AREA,Quality of Life,TROUBLE WITH YOUTH
TB24010487,"03/14/2024, 5:09:48 AM","03/15/2024, 1:03:53 PM",THUNDER BAY,ON,P7C 2N4,300 Block OGDEN ST, TBPS] ASSAULT SUSP PRESENT OR IN AREA,Assault,ASSAULT
TB24010491,"03/14/2024, 6:21:58 AM","03/15/2024, 1:03:53 PM",THUNDER BAY,ON,P7B 5J4,1000 Block DAWSON RD, TBPS] ASSAULT SUSP PRESENT OR IN AREA,Assault,ASSAULT
TB24010497,"03/14/2024, 7:12:33 AM","03/15/2024, 1:03:53 PM",THUNDER BAY,ON,P7C 4E7,100 Block MARKS ST N, TBPS] ASSAULT SUSP PRESENT OR IN AREA,Assault,ASSAULT
TB24010498,"03/14/2024, 7:22:22 AM","03/15/2024, 1:03:53 PM",THUNDER BAY,ON,P7C 2V5,100 Block NORTHERN AV, TBPS] ASSAULT ACCUSED NOT PRESENT,Assault,ASSAULT
TB24010500,"03/14/2024, 8:02:36 AM","03/15/2024, 1:03:53 PM",THUNDER BAY,ON,P7A 4T2,600 Block HELEN ST," TBPS] MISCHIEF IP/SUSP IN AREA, UNDER 5,000",Other Property Crime,MISCHIEF
TB24010509,"03/14/2024, 9:55:18 AM","03/15/2024, 1:03:53 PM",THUNDER BAY,ON,P7A 4T2,600 Block HELEN ST, TBPS] STOLEN VEHICLE SUSP NOT IN AREA,Theft of Vehicle,STOLEN VEHICLE
TB24010516,"03/14/2024, 1:26:11 PM","03/15/2024, 1:03:53 PM",THUNDER BAY,ON,P7B 6V4,900 Block OLIVER RD, TBPS] MOTOR VEHICLE COLLISION 11-10 MVC ANY TYPE,Other,MOTOR VEHICLE COLLISION
TB24010716,"03/16/2024, 12:04:59 AM","03/16/2024, 1:03:15 PM",THUNDER BAY,ON,P7A 4T8,1 Block COURT ST N, TBPS] THEFT SUSP STILL PRESENT OR MAY BE IN AREA,Other Theft,THEFT
TB24010735,"03/16/2024, 4:11:23 AM","03/16/2024, 1:03:15 PM",THUNDER BAY,ON,P7C 1A7,500 Block VICTORIA AV E," TBPS] MISCHIEF IP/SUSP IN AREA, UNDER 5,000",Other Property Crime,MISCHIEF
TB24010742,"03/16/2024, 5:12:14 AM","03/16/2024, 1:03:15 PM",THUNDER BAY,ON,P7B 5E3,1000 Block DAWSON RD, TBPS] THEFT SUSP STILL PRESENT OR MAY BE IN AREA,Other Theft,THEFT
TB24010751,"03/16/2024, 7:28:44 AM","03/16/2024, 1:03:15 PM",THUNDER BAY,ON,P7B 1R8,200 Block BAY ST, TBPS] B-E BUS/RES/OTH SUSP PRESENT OR MAY STILL BE IN AREA,Breaking & Entering,B-E BUS/RES/OTH
TB24010671,"03/15/2024, 7:27:33 PM","03/16/2024, 1:03:16 PM",THUNDER BAY,ON,P7B 1E7,300 Block PEARL ST, TBPS] MOTOR VEHICLE COLLISION 11-10 MVC ANY TYPE,Other,MOTOR VEHICLE COLLISION
TB24010674,"03/15/2024, 7:41:22 PM","03/16/2024, 1:03:16 PM",THUNDER BAY,ON,P7B 5E1,900 Block OLIVER RD, TBPS] MOTOR VEHICLE COLLISION 11-10 MVC ANY TYPE,Other,MOTOR VEHICLE COLLISION
TB24010706,"03/15/2024, 10:44:42 PM","03/16/2024, 1:03:16 PM",THUNDER BAY,ON,P7C 1X5,400 Block SYCAMORE PL, TBPS] B-E BUS/RES/OTH SUSP PRESENT OR MAY STILL BE IN AREA,Breaking & Entering,B-E BUS/RES/OTH
TB24010678,"03/15/2024, 7:51:05 PM","03/16/2024, 1:03:16 PM",THUNDER BAY,ON,J4Y 0K7,500 Block ARTHUR ST W, TBPS] MOTOR VEHICLE COLLISION 11-10 MVC ANY TYPE,Other,MOTOR VEHICLE COLLISION
TB24010644,"03/15/2024, 3:19:04 PM","03/16/2024, 1:03:17 PM",THUNDER BAY,ON,P7B 7C6,900 Block CARRICK ST, TBPS] MOTOR VEHICLE COLLISION 11-10 MVC ANY TYPE,Other,MOTOR VEHICLE COLLISION
TB24010653,"03/15/2024, 4:40:40 PM","03/16/2024, 1:03:17 PM",THUNDER BAY,ON,P7A 5P5,100 Block BIRCH ST, TBPS] STOLEN VEHICLE SUSP NOT IN AREA,Theft of Vehicle,STOLEN VEHICLE
TB24010676,"03/15/2024, 7:44:43 PM","03/16/2024, 1:03:17 PM",THUNDER BAY,ON,P7C 1C5,1500 Block VICTORIA AV E, TBPS] MOTOR VEHICLE COLLISION 11-10 MVC ANY TYPE,Other,MOTOR VEHICLE COLLISION
TB24010636,"03/15/2024, 1:56:55 PM","03/16/2024, 1:03:18 PM",THUNDER BAY,ON,P7A 3S4,600 Block RIVER ST, TBPS] MOTOR VEHICLE COLLISION 11-10 MVC ANY TYPE,Other,MOTOR VEHICLE COLLISION
TB24010638,"03/15/2024, 2:09:05 PM","03/16/2024, 1:03:18 PM",THUNDER BAY,ON,P7A 3R4,300 Block RIVER ST, TBPS] MOTOR VEHICLE COLLISION 11-10 MVC ANY TYPE,Other,MOTOR VEHICLE COLLISION
TB24010639,"03/15/2024, 2:13:58 PM","03/16/2024, 1:03:18 PM",THUNDER BAY,ON,P7B 1B1,300 Block RED RIVER RD, TBPS] MOTOR VEHICLE COLLISION 11-10 MVC ANY TYPE,Other,MOTOR VEHICLE COLLISION
TB24010647,"03/15/2024, 3:48:25 PM","03/16/2024, 1:03:18 PM",THUNDER BAY,ON,P7B 3Y3,MEMORIAL AV AND QUEEN ST, TBPS] MOTOR VEHICLE COLLISION 11-10 MVC ANY TYPE,Other,MOTOR VEHICLE COLLISION
TB24010648,"03/15/2024, 3:52:13 PM","03/16/2024, 1:03:18 PM",THUNDER BAY,ON,P7B 2G1,HIGH ST S AND OLIVER RD, TBPS] MOTOR VEHICLE COLLISION 11-10 MVC ANY TYPE,Other,MOTOR VEHICLE COLLISION
TB24010663,"03/15/2024, 6:16:11 PM","03/16/2024, 1:03:18 PM",THUNDER BAY,ON,P7B 1A3,1 Block CUMBERLAND ST S," TBPS] THEFT NOT IN PROGRESS, UNDER 5000",Other Theft,THEFT
TB24010645,"03/15/2024, 3:21:52 PM","03/16/2024, 1:03:18 PM",THUNDER BAY,ON,P7C 4A8,800 Block MCKELLAR ST N, TBPS] MOTOR VEHICLE COLLISION 11-10 MVC ANY TYPE,Other,MOTOR VEHICLE COLLISION
TB24010677,"03/15/2024, 7:47:33 PM","03/16/2024, 1:03:18 PM",THUNDER BAY,ON,P7B 5W2,100 Block ACADEMY DR, TBPS] MOTOR VEHICLE COLLISION MVC NO INJURIES,Traffic,MOTOR VEHICLE COLLISION
TB24010610,"03/15/2024, 6:41:10 AM","03/16/2024, 1:03:19 PM",THUNDER BAY,ON,P7E 6H2,200 Block AMELIA ST W," TBPS] SEXUAL ASSAULT JUST OCCURRED, ACCUSED NOT PRESENT",Other,SEXUAL ASSAULT
TB24010615,"03/15/2024, 8:11:40 AM","03/16/2024, 1:03:19 PM",THUNDER BAY,ON,P7K 1H6,2000 Block 20TH SIDE RD, TBPS] ASSAULT ACCUSED NOT PRESENT,Assault,ASSAULT
TB24010637,"03/15/2024, 2:00:31 PM","03/16/2024, 1:03:19 PM",THUNDER BAY,ON,P7E 2A7,400 Block KINGSWAY, TBPS] MOTOR VEHICLE COLLISION 11-10 MVC ANY TYPE,Other,MOTOR VEHICLE COLLISION
TB24010807,"03/16/2024, 9:13:24 PM","03/17/2024, 1:03:15 PM",THUNDER BAY,ON,P7C 2V7,400 Block NORTHERN AV, TBPS] ASSAULT ACCUSED NOT PRESENT,Assault,ASSAULT
TB24010804,"03/16/2024, 8:59:28 PM","03/17/2024, 1:03:15 PM",THUNDER BAY,ON,P7B 1L4,200 Block AMBROSE ST, TBPS] ROBBERY NO WEAPONS - SUSP STILL IN AREA,Robbery,ROBBERY
TB24010850,"03/17/2024, 4:55:12 AM","03/17/2024, 1:03:15 PM",THUNDER BAY,ON,P7C 3S6,200 Block BRODIE ST N, TBPS] ASSAULT SUSP PRESENT OR IN AREA,Assault,ASSAULT
TB24010866,"03/17/2024, 6:57:26 AM","03/17/2024, 1:03:15 PM",THUNDER BAY,ON,P7C 2Y6,500 Block MCPHERSON ST, TBPS] B-E BUS/RES/OTH SUSP PRESENT OR MAY STILL BE IN AREA,Breaking & Entering,B-E BUS/RES/OTH
TB24010762,"03/16/2024, 9:35:12 AM","03/17/2024, 1:03:16 PM",THUNDER BAY,ON,P7B 4M9,200 Block WINDEMERE AV S, TBPS] LIQUOR LICENCE ACT LIQUOR LICENCE ACT VIOLATION IN PROGRESS,Quality of Life,LIQUOR LICENCE ACT
TB24010777,"03/16/2024, 4:26:03 PM","03/17/2024, 1:03:16 PM",THUNDER BAY,ON,P7C 6A5,800 Block MAY ST N, TBPS] LIQUOR LICENCE ACT LIQUOR LICENCE ACT VIOLATION IN PROGRESS,Quality of Life,LIQUOR LICENCE ACT
TB24010803,"03/16/2024, 8:56:44 PM","03/17/2024, 1:03:16 PM",THUNDER BAY,ON,P7A 6X7,1 Block LAWRENCE AV," TBPS] THEFT NOT IN PROGRESS, UNDER 5000",Other Theft,THEFT
TB24010820,"03/16/2024, 11:47:36 PM","03/17/2024, 1:03:16 PM",THUNDER BAY,ON,P7B 2Y5,CORNWALL AV AND MACHAR AV, TBPS] MOTOR VEHICLE COLLISION MVC - AMB ENR - DUAL RESP,Other,MOTOR VEHICLE COLLISION
TB24010752,"03/16/2024, 7:30:40 AM","03/17/2024, 1:03:17 PM",THUNDER BAY,ON,P7B 4S6,1 Block ALGONQUIN AV S, TBPS] MOTOR VEHICLE COLLISION MVC NO INJURIES,Traffic,MOTOR VEHICLE COLLISION
TB24010759,"03/16/2024, 8:48:36 AM","03/17/2024, 1:03:18 PM",THUNDER BAY,ON,P7B 1Y2,RAY BLVD AND JOHN ST, TBPS] LIQUOR LICENCE ACT LIQUOR LICENCE ACT VIOLATION IN PROGRESS,Quality of Life,LIQUOR LICENCE ACT
TB24010865,"03/17/2024, 6:52:11 AM","03/17/2024, 1:04:21 PM",THUNDER BAY,ON,P7E 5N6,1700 Block ARTHUR ST E, TBPS] DRUG OFFENCES SUSP PRESENT OR MAY STILL BE IN AREA,Quality of Life,DRUG OFFENCES
TB24010870,"03/17/2024, 7:49:26 AM","03/17/2024, 1:04:21 PM",THUNDER BAY,ON,P7E 4A7,AMELIA ST W AND YONGE ST, TBPS] MOTOR VEHICLE COLLISION MVC NO INJURIES,Traffic,MOTOR VEHICLE COLLISION
TB24010930,"03/17/2024, 10:41:26 PM","03/18/2024, 1:03:51 PM",THUNDER BAY,ON,P7A 5N3,100 Block BALSAM ST, TBPS] STOLEN VEHICLE SUSP NOT IN AREA,Theft of Vehicle,STOLEN VEHICLE
TB24010939,"03/18/2024, 12:07:16 AM","03/18/2024, 1:03:52 PM",THUNDER BAY,ON,P7E 5V3,500 Block DONALD ST E, TBPS] LIQUOR LICENCE ACT LIQUOR LICENCE ACT VIOLATION IN PROGRESS,Quality of Life,LIQUOR LICENCE ACT
TB24010941,"03/18/2024, 1:14:25 AM","03/18/2024, 1:03:52 PM",THUNDER BAY,ON,P7B 5L4,1 Block CUMBERLAND ST S, TBPS] ASSAULT SUSP PRESENT OR IN AREA,Assault,ASSAULT
TB24010974,"03/18/2024, 8:01:06 AM","03/18/2024, 1:03:56 PM",THUNDER BAY,ON,P7B 1A6,200 Block RED RIVER RD, TBPS] MISCHIEF IP PROGRESS/SUPECT IN AREA,Other Property Crime,MISCHIEF
TB24010862,"03/17/2024, 6:26:58 AM","03/18/2024, 1:04:12 PM",THUNDER BAY,ON,P7C 5V4,100 Block MAY ST N, TBPS] B-E BUS/RES/OTH 11-10,Breaking & Entering,B-E BUS/RES/OTH
TB24010874,"03/17/2024, 8:27:52 AM","03/18/2024, 1:04:12 PM",THUNDER BAY,ON,P7C 5M9,1 Block ROSSDALE ST, TBPS] STOLEN VEHICLE SUSP PRESENT OR MAY STILL BE IN AREA,Theft of Vehicle,STOLEN VEHICLE
TB24010877,"03/17/2024, 8:38:17 AM","03/18/2024, 1:04:13 PM",THUNDER BAY,ON,P7B 4L9,1 Block ENNISKILLEN AV, TBPS] B-E BUS/RES/OTH SUSP PRESENT OR MAY STILL BE IN AREA,Breaking & Entering,B-E BUS/RES/OTH
TB24010879,"03/17/2024, 9:13:04 AM","03/18/2024, 1:04:13 PM",THUNDER BAY,ON,P7A 6P2,1 Block HULL AV," TBPS] THEFT NOT IN PROGRESS, FROM MOTOR VEHICLE",Theft from Vehicle,THEFT
TB24010890,"03/17/2024, 12:47:59 PM","03/18/2024, 1:04:13 PM",THUNDER BAY,ON,P7A 1R3,300 Block RONA ST, TBPS] LIQUOR LICENCE ACT LIQUOR LICENCE ACT VIOLATION IN PROGRESS,Quality of Life,LIQUOR LICENCE ACT
TB24010900,"03/17/2024, 5:14:03 PM","03/18/2024, 1:04:14 PM",THUNDER BAY,ON,P7E 1C6,100 Block SYNDICATE AV S, TBPS] ASSAULT SUSP PRESENT OR IN AREA,Assault,ASSAULT
TB24010913,"03/17/2024, 7:23:36 PM","03/18/2024, 1:05:55 PM",THUNDER BAY,ON,P7A 4N3,200 Block CUMBERLAND ST N, TBPS] ASSAULT ACCUSED NOT PRESENT,Assault,ASSAULT
TB24010917,"03/17/2024, 8:23:03 PM","03/18/2024, 1:05:55 PM",THUNDER BAY,ON,P7B 4V6,1 Block MAPLE ST," TBPS] THEFT NOT IN PROGRESS, FROM MOTOR VEHICLE",Theft from Vehicle,THEFT
TB24011087,"03/19/2024, 12:42:34 AM","03/19/2024, 1:06:43 PM",THUNDER BAY,ON,P7E 1B3,100 Block MAY ST S," TBPS] MISCHIEF IP/SUSP IN AREA, UNDER 5,000",Other Property Crime,MISCHIEF
TB24011101,"03/19/2024, 3:07:21 AM","03/19/2024, 1:06:47 PM",THUNDER BAY,ON,P7B 3G7,300 Block HESTER ST, TBPS] LIQUOR LICENCE ACT LIQUOR LICENCE ACT VIOLATION IN PROGRESS,Quality of Life,LIQUOR LICENCE ACT
TB24011107,"03/19/2024, 4:11:02 AM","03/19/2024, 1:06:48 PM",THUNDER BAY,ON,P7B 6G2,200 Block BLUCHER AV, TBPS] LIQUOR LICENCE ACT LIQUOR LICENCE ACT VIOLATION IN PROGRESS,Quality of Life,LIQUOR LICENCE ACT
TB24011112,"03/19/2024, 5:48:05 AM","03/19/2024, 1:06:49 PM",THUNDER BAY,ON,P7C 4P6,400 Block EDWARD ST N, TBPS] LIQUOR LICENCE ACT LIQUOR LICENCE ACT VIOLATION IN PROGRESS,Quality of Life,LIQUOR LICENCE ACT
TB24011118,"03/19/2024, 6:56:43 AM","03/19/2024, 1:06:51 PM",THUNDER BAY,ON,P7E 5R5,500 Block ARTHUR ST W, TBPS] LIQUOR LICENCE ACT LIQUOR LICENCE ACT VIOLATION IN PROGRESS,Quality of Life,LIQUOR LICENCE ACT
TB24010990,"03/18/2024, 2:11:22 PM","03/19/2024, 1:07:05 PM",THUNDER BAY,ON,P7B 5J4,1000 Block DAWSON RD, TBPS] LIQUOR LICENCE ACT LIQUOR LICENCE ACT VIOLATION IN PROGRESS,Quality of Life,LIQUOR LICENCE ACT
TB24010997,"03/18/2024, 4:06:52 PM","03/19/2024, 1:07:05 PM",THUNDER BAY,ON,P7E 4L5,600 Block MARY ST W, TBPS] STOLEN VEHICLE SUSP PRESENT OR MAY STILL BE IN AREA,Theft of Vehicle,STOLEN VEHICLE
TB24010999,"03/18/2024, 4:27:58 PM","03/19/2024, 1:07:06 PM",THUNDER BAY,ON,P7J 1E8,2300 Block 61 HWY, TBPS] ASSAULT ACCUSED PRESENT,Assault,ASSAULT
TB24011001,"03/18/2024, 4:44:12 PM","03/19/2024, 1:07:07 PM",THUNDER BAY,ON,P7A 4M2,100 Block CUMBERLAND ST N," TBPS] THEFT NOT IN PROGRESS, UNDER 5000",Other Theft,THEFT
TB24011002,"03/18/2024, 5:08:31 PM","03/19/2024, 1:07:07 PM",THUNDER BAY,ON,P7B 4G4,100 Block MARLBOROUGH ST," TBPS] MISCHIEF 11-10, MICHIEF UNDER 5000",Other Property Crime,MISCHIEF
TB24011006,"03/18/2024, 5:19:42 PM","03/19/2024, 1:07:07 PM",THUNDER BAY,ON,P7E 5V6,DONALD ST E AND VICKERS ST S, TBPS] MOTOR VEHICLE COLLISION 11-10 MVC ANY TYPE,Other,MOTOR VEHICLE COLLISION
TB24011007,"03/18/2024, 5:20:18 PM","03/19/2024, 1:07:08 PM",THUNDER BAY,ON,P7A 5X7,100 Block PINE ST," TBPS] THEFT NOT IN PROGRESS, UNDER 5000",Other Theft,THEFT
TB24011014,"03/18/2024, 5:40:16 PM","03/19/2024, 1:07:10 PM",THUNDER BAY,ON,P7J 1E8,2300 Block 61 HWY, TBPS] MOTOR VEHICLE COLLISION 11-10 MVC ANY TYPE,Other,MOTOR VEHICLE COLLISION
TB24011029,"03/18/2024, 7:31:12 PM","03/19/2024, 1:07:16 PM",THUNDER BAY,ON,P7A 4L9,100 Block CUMBERLAND ST N, TBPS] ROBBERY NO WEAPONS - SUSP STILL IN AREA,Robbery,ROBBERY
TB24011035,"03/18/2024, 7:53:44 PM","03/19/2024, 1:07:18 PM",THUNDER BAY,ON,P7E 4L5,600 Block MARY ST W," TBPS] THEFT NOT IN PROGRESS, UNDER 5000",Other Theft,THEFT
TB24011036,"03/18/2024, 7:58:22 PM","03/19/2024, 1:07:19 PM",THUNDER BAY,ON,P7C 1E1,WATERLOO ST N AND VICTORIA AV E, TBPS] MOTOR VEHICLE COLLISION MVC - AMB ENR - DUAL RESP,Other,MOTOR VEHICLE COLLISION
TB24011037,"03/18/2024, 8:00:22 PM","03/19/2024, 1:07:19 PM",THUNDER BAY,ON,P7A 1V3,400 Block HODDER AV," TBPS] THEFT NOT IN PROGRESS, UNDER 5000",Other Theft,THEFT
TB24011041,"03/18/2024, 8:26:31 PM","03/19/2024, 1:07:20 PM",THUNDER BAY,ON,P7A 5X9,200 Block PINE ST," TBPS] MISCHIEF 11-10, MICHIEF UNDER 5000",Other Property Crime,MISCHIEF
TB24011047,"03/18/2024, 9:06:55 PM","03/19/2024, 1:07:21 PM",THUNDER BAY,ON,P7C 4C7,300 Block HAROLD ST N," TBPS] THEFT NOT IN PROGRESS, FROM MOTOR VEHICLE",Theft from Vehicle,THEFT
TB24011050,"03/18/2024, 9:10:18 PM","03/19/2024, 1:07:22 PM",THUNDER BAY,ON,P7B 5W2,BALMORAL ST AND ACADEMY DR, TBPS] MOTOR VEHICLE COLLISION 11-10 MVC ANY TYPE,Other,MOTOR VEHICLE COLLISION
TB24011100,"03/19/2024, 3:06:54 AM","03/19/2024, 1:08:27 PM",THUNDER BAY,ON,P7E 5V3,500 Block DONALD ST E, TBPS] LIQUOR LICENCE ACT LIQUOR LICENCE ACT VIOLATION IN PROGRESS,Quality of Life,LIQUOR LICENCE ACT
TB24011116,"03/19/2024, 6:22:32 AM","03/19/2024, 1:08:27 PM",THUNDER BAY,ON,P7B 6J6,100 Block PICTON AV, TBPS] B-E BUS/RES/OTH SUSP PRESENT OR MAY STILL BE IN AREA,Breaking & Entering,B-E BUS/RES/OTH
TB24011217,"03/19/2024, 11:22:25 PM","03/20/2024, 1:08:43 PM",THUNDER BAY,ON,P7E 5N7,2000 Block ARTHUR ST E, TBPS] MOTOR VEHICLE COLLISION MVC NO INJURIES,Traffic,MOTOR VEHICLE COLLISION
TB24011229,"03/20/2024, 1:51:30 AM","03/20/2024, 1:08:45 PM",THUNDER BAY,ON,P7A 4K8,1000 Block DAWSON RD, TBPS] DRUG OFFENCES SUSP PRESENT OR MAY STILL BE IN AREA,Quality of Life,DRUG OFFENCES
TB24011243,"03/20/2024, 4:48:42 AM","03/20/2024, 1:08:46 PM",THUNDER BAY,ON,P7B 7C6,900 Block CARRICK ST, TBPS] THEFT SUSP STILL PRESENT OR MAY BE IN AREA,Other Theft,THEFT
TB24011240,"03/20/2024, 4:13:21 AM","03/20/2024, 1:08:46 PM",THUNDER BAY,ON,P7B 1K2,800 Block RED RIVER RD, TBPS] LIQUOR LICENCE ACT LIQUOR LICENCE ACT VIOLATION IN PROGRESS,Quality of Life,LIQUOR LICENCE ACT
TB24011253,"03/20/2024, 6:38:06 AM","03/20/2024, 1:08:48 PM",THUNDER BAY,ON,P7B 4R8,100 Block KENOGAMI AV S, TBPS] LIQUOR LICENCE ACT LIQUOR LICENCE ACT VIOLATION IN PROGRESS,Quality of Life,LIQUOR LICENCE ACT
TB24011126,"03/19/2024, 9:17:55 AM","03/20/2024, 1:09:05 PM",THUNDER BAY,ON,P7C 1N7,200 Block CUMMING ST, TBPS] ASSAULT SUSP PRESENT OR IN AREA,Assault,ASSAULT
TB24011134,"03/19/2024, 12:22:14 PM","03/20/2024, 1:09:05 PM",THUNDER BAY,ON,P7B 5Z5,1200 Block BALMORAL ST, TBPS] LIQUOR LICENCE ACT LIQUOR LICENCE ACT VIOLATION IN PROGRESS,Quality of Life,LIQUOR LICENCE ACT
TB24011137,"03/19/2024, 1:52:08 PM","03/20/2024, 1:09:05 PM",THUNDER BAY,ON,P7E 6V7,2000 Block NEEBING AV, TBPS] MOTOR VEHICLE COLLISION 11-10 MVC ANY TYPE,Other,MOTOR VEHICLE COLLISION
TB24011138,"03/19/2024, 1:57:20 PM","03/20/2024, 1:09:05 PM",THUNDER BAY,ON,P7E 2K8,600 Block BROWN ST, TBPS] LIQUOR LICENCE ACT LIQUOR LICENCE ACT VIOLATION IN PROGRESS,Quality of Life,LIQUOR LICENCE ACT
TB24011139,"03/19/2024, 2:06:22 PM","03/20/2024, 1:09:05 PM",THUNDER BAY,ON,P7B 6S2,700 Block MEMORIAL AV, TBPS] MOTOR VEHICLE COLLISION 11-10 MVC ANY TYPE,Other,MOTOR VEHICLE COLLISION
TB24011141,"03/19/2024, 2:12:09 PM","03/20/2024, 1:09:05 PM",THUNDER BAY,ON,P7E 6H9,ARTHUR ST E AND WATERLOO ST S, TBPS] MOTOR VEHICLE COLLISION 11-10 MVC ANY TYPE,Other,MOTOR VEHICLE COLLISION
TB24011146,"03/19/2024, 2:43:52 PM","03/20/2024, 1:09:05 PM",THUNDER BAY,ON,P7B 6Z8,1400 Block NAKINA DR, TBPS] MOTOR VEHICLE COLLISION 11-10 MVC ANY TYPE,Other,MOTOR VEHICLE COLLISION
TB24011143,"03/19/2024, 2:26:56 PM","03/20/2024, 1:09:05 PM",THUNDER BAY,ON,P7E 5P7,200 Block ARTHUR ST W, TBPS] MOTOR VEHICLE COLLISION 11-10 MVC ANY TYPE,Other,MOTOR VEHICLE COLLISION
TB24011147,"03/19/2024, 2:50:30 PM","03/20/2024, 1:09:05 PM",THUNDER BAY,ON,P7B 1K3,800 Block RED RIVER RD, TBPS] MOTOR VEHICLE COLLISION 11-10 MVC ANY TYPE,Other,MOTOR VEHICLE COLLISION
TB24011149,"03/19/2024, 2:57:52 PM","03/20/2024, 1:09:05 PM",THUNDER BAY,ON,P7B 3Y8,500 Block MEMORIAL AV, TBPS] MOTOR VEHICLE COLLISION 11-10 MVC ANY TYPE,Other,MOTOR VEHICLE COLLISION
TB24011151,"03/19/2024, 3:11:14 PM","03/20/2024, 1:09:05 PM",THUNDER BAY,ON,P7B 6S2,700 Block MEMORIAL AV, TBPS] MOTOR VEHICLE COLLISION 11-10 MVC ANY TYPE,Other,MOTOR VEHICLE COLLISION
TB24011152,"03/19/2024, 3:13:53 PM","03/20/2024, 1:09:05 PM",THUNDER BAY,ON,P7C 1G3,EDWARD ST N AND VICTORIA AV E, TBPS] MOTOR VEHICLE COLLISION 11-10 MVC ANY TYPE,Other,MOTOR VEHICLE COLLISION
TB24011154,"03/19/2024, 3:20:24 PM","03/20/2024, 1:09:05 PM",THUNDER BAY,ON,P7E 4N7,200 Block CHRISTINA ST E, TBPS] MOTOR VEHICLE COLLISION 11-10 MVC ANY TYPE,Other,MOTOR VEHICLE COLLISION
TB24011186,"03/19/2024, 7:40:49 PM","03/20/2024, 1:09:06 PM",THUNDER BAY,ON,P7B 5Z5,1200 Block BALMORAL ST," TBPS] THEFT NOT IN PROGRESS, UNDER 5000",Other Theft,THEFT
TB24011162,"03/19/2024, 4:25:14 PM","03/20/2024, 1:09:06 PM",THUNDER BAY,ON,P7C 5M9,WING RD AND 11-17 HWY, TBPS] MOTOR VEHICLE COLLISION MVC - AMB ENR,Traffic,MOTOR VEHICLE COLLISION
TB24011336,"03/20/2024, 8:17:54 PM","03/21/2024, 1:04:32 PM",THUNDER BAY,ON,P7C,1 Block LIMBRICK ST, TBPS] B-E BUS/RES/OTH 11-10,Breaking & Entering,B-E BUS/RES/OTH
TB24011351,"03/20/2024, 10:13:00 PM","03/21/2024, 1:04:34 PM",THUNDER BAY,ON,P7A 3P1,200 Block ST. JAMES ST, TBPS] TROUBLE WITH YOUTH YOUTHS STILL IN AREA,Quality of Life,TROUBLE WITH YOUTH
TB24011371,"03/21/2024, 1:52:59 AM","03/21/2024, 1:04:36 PM",THUNDER BAY,ON,P7B 2Y6,100 Block MACHAR AV, TBPS] DRUG OFFENCES SUSP PRESENT OR MAY STILL BE IN AREA,Quality of Life,DRUG OFFENCES
TB24011375,"03/21/2024, 2:20:18 AM","03/21/2024, 1:04:37 PM",THUNDER BAY,ON,P7C 2K7,200 Block FINLAYSON ST, TBPS] DRUG OFFENCES SUSP PRESENT OR MAY STILL BE IN AREA,Quality of Life,DRUG OFFENCES
TB24011383,"03/21/2024, 3:38:59 AM","03/21/2024, 1:04:38 PM",THUNDER BAY,ON,P7C 3B7,700 Block MCLAUGHLIN ST, TBPS] B-E BUS/RES/OTH SUSP PRESENT OR MAY STILL BE IN AREA,Breaking & Entering,B-E BUS/RES/OTH
TB24011384,"03/21/2024, 3:49:16 AM","03/21/2024, 1:04:38 PM",THUNDER BAY,ON,P7B 6J7,100 Block PICTON AV," TBPS] MISCHIEF IP/SUSP IN AREA, UNDER 5,000",Other Property Crime,MISCHIEF
TB24011388,"03/21/2024, 4:54:58 AM","03/21/2024, 1:04:39 PM",THUNDER BAY,ON,P7B 4Y7,100 Block BLUCHER AV, TBPS] ASSAULT SUSP PRESENT OR IN AREA,Assault,ASSAULT
TB24011402,"03/21/2024, 7:36:44 AM","03/21/2024, 1:04:40 PM",THUNDER BAY,ON,P7E 6T5,GORE ST W AND NEEBING AV," TBPS] MISCHIEF IP/SUSP IN AREA, UNDER 5,000",Other Property Crime,MISCHIEF
TB24011264,"03/20/2024, 9:29:22 AM","03/21/2024, 1:04:50 PM",THUNDER BAY,ON,P7B 5N5,200 Block RAVENWOOD AV, TBPS] B-E BUS/RES/OTH SUSP PRESENT OR MAY STILL BE IN AREA,Breaking & Entering,B-E BUS/RES/OTH
TB24011276,"03/20/2024, 2:01:51 PM","03/21/2024, 1:04:51 PM",THUNDER BAY,ON,P7E 2V3,500 Block ARTHUR ST W, TBPS] MOTOR VEHICLE COLLISION 11-10 MVC ANY TYPE,Other,MOTOR VEHICLE COLLISION
TB24011277,"03/20/2024, 2:06:03 PM","03/21/2024, 1:04:51 PM",THUNDER BAY,ON,P7B 3Z9,MEMORIAL AV AND 11TH AV, TBPS] MOTOR VEHICLE COLLISION 11-10 MVC ANY TYPE,Other,MOTOR VEHICLE COLLISION
TB24011279,"03/20/2024, 2:13:13 PM","03/21/2024, 1:04:51 PM",THUNDER BAY,ON,P7B 6B9,1000 Block FORT WILLIAM RD, TBPS] MOTOR VEHICLE COLLISION 11-10 MVC ANY TYPE,Other,MOTOR VEHICLE COLLISION
TB24011284,"03/20/2024, 3:10:16 PM","03/21/2024, 1:04:52 PM",THUNDER BAY,ON,P7A 4V3,100 Block COURT ST N, TBPS] MOTOR VEHICLE COLLISION 11-10 MVC ANY TYPE,Other,MOTOR VEHICLE COLLISION
TB24011282,"03/20/2024, 2:58:11 PM","03/21/2024, 1:04:52 PM",THUNDER BAY,ON,P7J 1G6,2000 Block JAMES ST S, TBPS] MOTOR VEHICLE COLLISION 11-10 MVC ANY TYPE,Other,MOTOR VEHICLE COLLISION
TB24011285,"03/20/2024, 3:14:49 PM","03/21/2024, 1:04:52 PM",THUNDER BAY,ON,P7B 5N9,200 Block VARSITY PL, TBPS] MOTOR VEHICLE COLLISION 11-10 MVC ANY TYPE,Other,MOTOR VEHICLE COLLISION
TB24011290,"03/20/2024, 3:32:00 PM","03/21/2024, 1:04:52 PM",THUNDER BAY,ON,P7E 6L4,ARTHUR ST W AND SIFTON AV, TBPS] MOTOR VEHICLE COLLISION 11-10 MVC ANY TYPE,Other,MOTOR VEHICLE COLLISION
TB24011288,"03/20/2024, 3:23:07 PM","03/21/2024, 1:04:52 PM",THUNDER BAY,ON,P7A 4K8,1000 Block DAWSON RD, TBPS] MOTOR VEHICLE COLLISION 11-10 MVC ANY TYPE,Other,MOTOR VEHICLE COLLISION
TB24011287,"03/20/2024, 3:18:23 PM","03/21/2024, 1:04:52 PM",THUNDER BAY,ON,P7C 6A8,100 Block WATERLOO ST N, TBPS] MOTOR VEHICLE COLLISION 11-10 MVC ANY TYPE,Other,MOTOR VEHICLE COLLISION
TB24011293,"03/20/2024, 3:49:17 PM","03/21/2024, 1:04:52 PM",THUNDER BAY,ON,P7G 1G8,1400 Block JOHN ST. RD, TBPS] MOTOR VEHICLE COLLISION 11-10 MVC ANY TYPE,Other,MOTOR VEHICLE COLLISION
TB24011292,"03/20/2024, 3:40:53 PM","03/21/2024, 1:04:52 PM",THUNDER BAY,ON,P7B 5Z5,BALMORAL ST AND CENTRAL AV, TBPS] MOTOR VEHICLE COLLISION 11-10 MVC ANY TYPE,Other,MOTOR VEHICLE COLLISION
TB24011295,"03/20/2024, 4:05:17 PM","03/21/2024, 1:04:53 PM",THUNDER BAY,ON,P7B 1A5,RED RIVER RD AND ST. PAUL ST, TBPS] MOTOR VEHICLE COLLISION 11-10 MVC ANY TYPE,Other,MOTOR VEHICLE COLLISION
TB24011298,"03/20/2024, 4:43:17 PM","03/21/2024, 1:04:53 PM",THUNDER BAY,ON,P7B 6Z8,1400 Block NAKINA DR, TBPS] THEFT SUSP STILL PRESENT OR MAY BE IN AREA,Other Theft,THEFT
TB24011313,"03/20/2024, 6:05:04 PM","03/21/2024, 1:04:54 PM",THUNDER BAY,ON,P7C 4E8,200 Block MARKS ST N," TBPS] THEFT NOT IN PROGRESS, UNDER 5000",Other Theft,THEFT
TB24011321,"03/20/2024, 6:31:35 PM","03/21/2024, 1:04:54 PM",THUNDER BAY,ON,P7C 1B6,1000 Block VICTORIA AV E," TBPS] THEFT NOT IN PROGRESS, UNDER 5000",Other Theft,THEFT
TB24011329,"03/20/2024, 7:17:42 PM","03/21/2024, 1:04:55 PM",THUNDER BAY,ON,P7B 1R3,200 Block BAY ST, TBPS] LIQUOR LICENCE ACT LIQUOR LICENCE ACT VIOLATION IN PROGRESS,Quality of Life,LIQUOR LICENCE ACT
TB24011516,"03/22/2024, 7:59:52 AM","03/22/2024, 1:05:46 PM",THUNDER BAY,ON,P7B 3Y6,400 Block MEMORIAL AV," TBPS] THEFT NOT IN PROGRESS, UNDER 5000",Other Theft,THEFT
TB24011495,"03/22/2024, 4:44:20 AM","03/22/2024, 1:05:47 PM",THUNDER BAY,ON,P7C 2P4,200 Block ROWAND ST, TBPS] ASSAULT SUSP PRESENT OR IN AREA,Assault,ASSAULT
TB24011503,"03/22/2024, 5:37:11 AM","03/22/2024, 1:05:47 PM",THUNDER BAY,ON,P7C 1A1,100 Block SIMPSON ST, TBPS] LIQUOR LICENCE ACT LIQUOR LICENCE ACT VIOLATION IN PROGRESS,Quality of Life,LIQUOR LICENCE ACT
TB24011474,"03/21/2024, 11:47:38 PM","03/22/2024, 1:05:48 PM",THUNDER BAY,ON,P7E 5V3,500 Block DONALD ST E, TBPS] ASSAULT SUSP PRESENT OR IN AREA,Assault,ASSAULT
TB24011470,"03/21/2024, 10:35:53 PM","03/22/2024, 1:05:49 PM",THUNDER BAY,ON,P7B 6B9,FORT WILLIAM RD AND ISABEL ST, TBPS] MOTOR VEHICLE COLLISION MVC NO INJURIES,Traffic,MOTOR VEHICLE COLLISION
TB24011473,"03/21/2024, 11:39:33 PM","03/22/2024, 1:05:49 PM",THUNDER BAY,ON,P7C 1C6,1500 Block VICTORIA AV E, TBPS] ASSAULT SUSP PRESENT OR IN AREA,Assault,ASSAULT
TB24011419,"03/21/2024, 3:27:59 PM","03/22/2024, 1:05:50 PM",THUNDER BAY,ON,P7B 6S2,700 Block MEMORIAL AV, TBPS] MOTOR VEHICLE COLLISION 11-10 MVC ANY TYPE,Other,MOTOR VEHICLE COLLISION
TB24011430,"03/21/2024, 4:58:05 PM","03/22/2024, 1:05:50 PM",THUNDER BAY,ON,P7B 6S2,700 Block MEMORIAL AV, TBPS] THEFT SUSP STILL PRESENT OR MAY BE IN AREA,Other Theft,THEFT
TB24011392,"03/21/2024, 5:26:41 AM","03/22/2024, 1:05:51 PM",THUNDER BAY,ON,P7C 3J2,DEASE ST AND SIMPSON ST, TBPS] MOTOR VEHICLE COLLISION 11-10 MVC ANY TYPE,Other,MOTOR VEHICLE COLLISION
TB24011421,"03/21/2024, 3:46:18 PM","03/22/2024, 1:05:51 PM",THUNDER BAY,ON,P7B 6H9,CRYSTAL ST AND GOLF LINKS RD, TBPS] MOTOR VEHICLE COLLISION 11-10 MVC ANY TYPE,Other,MOTOR VEHICLE COLLISION
TB24011422,"03/21/2024, 3:59:55 PM","03/22/2024, 1:05:51 PM",THUNDER BAY,ON,P7E 5R2,ARTHUR ST W AND JAMES ST S, TBPS] MOTOR VEHICLE COLLISION 11-10 MVC ANY TYPE,Other,MOTOR VEHICLE COLLISION
TB24011424,"03/21/2024, 4:07:29 PM","03/22/2024, 1:05:51 PM",THUNDER BAY,ON,P7C 1E1,VICTORIA AV E AND WATERLOO ST N, TBPS] MOTOR VEHICLE COLLISION 11-10 MVC ANY TYPE,Other,MOTOR VEHICLE COLLISION
TB24011427,"03/21/2024, 4:27:28 PM","03/22/2024, 1:05:51 PM",THUNDER BAY,ON,P7B 7A3,1100 Block GOLF LINKS RD, TBPS] MOTOR VEHICLE COLLISION MVC - AMB ENR - DUAL RESP,Other,MOTOR VEHICLE COLLISION
TB24011601,"03/22/2024, 11:28:02 PM","03/23/2024, 1:07:35 PM",THUNDER BAY,ON,P7C 5Y2,200 Block LILLIE ST N, TBPS] TROUBLE WITH YOUTH YOUTHS STILL IN AREA,Quality of Life,TROUBLE WITH YOUTH
TB24011614,"03/23/2024, 1:30:50 AM","03/23/2024, 1:07:38 PM",THUNDER BAY,ON,P7A 3Y3,200 Block TUPPER ST, TBPS] TROUBLE WITH YOUTH YOUTHS STILL IN AREA,Quality of Life,TROUBLE WITH YOUTH
TB24011616,"03/23/2024, 2:23:53 AM","03/23/2024, 1:07:39 PM",THUNDER BAY,ON,P7C 5T8,900 Block SIMPSON ST, TBPS] ASSAULT ACCUSED NOT PRESENT,Assault,ASSAULT
TB24011629,"03/23/2024, 4:14:13 AM","03/23/2024, 1:07:41 PM",THUNDER BAY,ON,P7B 5H8,200 Block DENNIS ST, TBPS] MOTOR VEHICLE COLLISION MVC NO INJURIES,Traffic,MOTOR VEHICLE COLLISION
TB24011633,"03/23/2024, 4:35:22 AM","03/23/2024, 1:07:41 PM",THUNDER BAY,ON,P7B 5E3,1000 Block DAWSON RD, TBPS] THEFT SUSP STILL PRESENT OR MAY BE IN AREA,Other Theft,THEFT
TB24011628,"03/23/2024, 4:12:41 AM","03/23/2024, 1:07:41 PM",THUNDER BAY,ON,P7B 5H7,200 Block DENNIS ST, TBPS] MOTOR VEHICLE COLLISION MVC NO INJURIES,Traffic,MOTOR VEHICLE COLLISION
TB24011645,"03/23/2024, 6:19:09 AM","03/23/2024, 1:07:43 PM",THUNDER BAY,ON,P7B 6B9,1000 Block FORT WILLIAM RD, TBPS] ASSAULT SUSP PRESENT OR IN AREA,Assault,ASSAULT
TB24011650,"03/23/2024, 6:39:34 AM","03/23/2024, 1:07:43 PM",THUNDER BAY,ON,P7A 5R4,100 Block HIGH ST N, TBPS] LIQUOR LICENCE ACT LIQUOR LICENCE ACT VIOLATION IN PROGRESS,Quality of Life,LIQUOR LICENCE ACT
TB24011652,"03/23/2024, 7:14:49 AM","03/23/2024, 1:07:43 PM",THUNDER BAY,ON,P7A 7B8,100 Block KENWOOD AV, TBPS] ASSAULT SUSP PRESENT OR IN AREA,Assault,ASSAULT
TB24011524,"03/22/2024, 11:14:04 AM","03/23/2024, 1:08:02 PM",THUNDER BAY,ON,P7B 5J4,1000 Block DAWSON RD, TBPS] LIQUOR LICENCE ACT LIQUOR LICENCE ACT VIOLATION IN PROGRESS,Quality of Life,LIQUOR LICENCE ACT
TB24011529,"03/22/2024, 1:43:41 PM","03/23/2024, 1:08:03 PM",THUNDER BAY,ON,P7E 5P7,100 Block ARTHUR ST W, TBPS] MOTOR VEHICLE COLLISION 11-10 MVC ANY TYPE,Other,MOTOR VEHICLE COLLISION
TB24011530,"03/22/2024, 1:51:39 PM","03/23/2024, 1:08:03 PM",THUNDER BAY,ON,P7E 6L5,1100 Block ARTHUR ST W, TBPS] MOTOR VEHICLE COLLISION 11-10 MVC ANY TYPE,Other,MOTOR VEHICLE COLLISION
TB24011531,"03/22/2024, 2:02:54 PM","03/23/2024, 1:08:03 PM",THUNDER BAY,ON,P7B 1K3,800 Block RED RIVER RD, TBPS] MOTOR VEHICLE COLLISION 11-10 MVC ANY TYPE,Other,MOTOR VEHICLE COLLISION
TB24011536,"03/22/2024, 2:55:27 PM","03/23/2024, 1:08:04 PM",THUNDER BAY,ON,P7A 5X1,RED RIVER RD AND MCKIBBIN ST, TBPS] MOTOR VEHICLE COLLISION 11-10 MVC ANY TYPE,Other,MOTOR VEHICLE COLLISION
TB24011544,"03/22/2024, 4:27:03 PM","03/23/2024, 1:08:05 PM",THUNDER BAY,ON,P7A 1A5,300 Block ROBERTA ST," TBPS] THEFT NOT IN PROGRESS, FROM MOTOR VEHICLE",Theft from Vehicle,THEFT
TB24011565,"03/22/2024, 6:30:08 PM","03/23/2024, 1:08:07 PM",THUNDER BAY,ON,P7B 4A2,900 Block MEMORIAL AV, TBPS] LIQUOR LICENCE ACT LIQUOR LICENCE ACT VIOLATION IN PROGRESS,Quality of Life,LIQUOR LICENCE ACT
TB24011573,"03/22/2024, 7:41:54 PM","03/23/2024, 1:08:08 PM",THUNDER BAY,ON,P7A 4Y7,1 Block ROYSTON CT, TBPS] MOTOR VEHICLE COLLISION MVC NO INJURIES,Traffic,MOTOR VEHICLE COLLISION
TB24011577,"03/22/2024, 8:17:43 PM","03/23/2024, 1:08:09 PM",THUNDER BAY,ON,P7C 6A8,100 Block WATERLOO ST N, TBPS] MOTOR VEHICLE COLLISION MVC - AMB ENR - DUAL RESP,Other,MOTOR VEHICLE COLLISION
TB24011748,"03/24/2024, 5:05:14 AM","03/24/2024, 1:08:41 PM",THUNDER BAY,ON,P7B 5V2,500 Block BEVERLY ST, TBPS] THEFT SUSP STILL PRESENT OR MAY BE IN AREA,Other Theft,THEFT
TB24011739,"03/24/2024, 3:10:15 AM","03/24/2024, 1:08:42 PM",THUNDER BAY,ON,P7A 4L8,1 Block CUMBERLAND ST N, TBPS] ASSAULT SUSP PRESENT OR IN AREA,Assault,ASSAULT
TB24011760,"03/24/2024, 6:51:52 AM","03/24/2024, 1:08:42 PM",THUNDER BAY,ON,P7C 2T4,700 Block ATLANTIC AV, TBPS] LIQUOR LICENCE ACT LIQUOR LICENCE ACT VIOLATION IN PROGRESS,Quality of Life,LIQUOR LICENCE ACT
TB24011699,"03/23/2024, 8:32:41 PM","03/24/2024, 1:08:43 PM",THUNDER BAY,ON,P7A 6K9,800 Block HURON AV," TBPS] MISCHIEF 11-10, MICHIEF UNDER 5000",Other Property Crime,MISCHIEF
TB24011707,"03/23/2024, 10:40:24 PM","03/24/2024, 1:08:43 PM",THUNDER BAY,ON,P7B 5V1,DAWSON RD AND STRAND AV, TBPS] ASSAULT SUSP PRESENT OR IN AREA,Assault,ASSAULT
TB24011722,"03/24/2024, 1:04:56 AM","03/24/2024, 1:08:43 PM",THUNDER BAY,ON,P7C 4B2,CAMERON ST AND VICKERS ST N, TBPS] MOTOR VEHICLE COLLISION MVC - AMB ENR - DUAL RESP,Other,MOTOR VEHICLE COLLISION
TB24011734,"03/24/2024, 2:22:43 AM","03/24/2024, 1:08:43 PM",THUNDER BAY,ON,P7E 6A9,400 Block CARTIER CT, TBPS] LIQUOR LICENCE ACT LIQUOR LICENCE ACT VIOLATION IN PROGRESS,Quality of Life,LIQUOR LICENCE ACT
TB24011672,"03/23/2024, 1:28:22 PM","03/24/2024, 1:08:44 PM",THUNDER BAY,ON,P7B 5R7,100 Block CUMBERLAND ST S, TBPS] DRUG OFFENCES SUSP PRESENT OR MAY STILL BE IN AREA,Quality of Life,DRUG OFFENCES
TB24011683,"03/23/2024, 4:20:58 PM","03/24/2024, 1:08:44 PM",THUNDER BAY,ON,P7E 5R9,700 Block ARTHUR ST W, TBPS] STOLEN VEHICLE SUSP PRESENT OR MAY STILL BE IN AREA,Theft of Vehicle,STOLEN VEHICLE
TB24011695,"03/23/2024, 7:11:10 PM","03/24/2024, 1:08:44 PM",THUNDER BAY,ON,P7B 5K5,1100 Block MEMORIAL AV, TBPS] LIQUOR LICENCE ACT LIQUOR LICENCE ACT VIOLATION IN PROGRESS,Quality of Life,LIQUOR LICENCE ACT
TB24011658,"03/23/2024, 9:17:29 AM","03/24/2024, 1:08:45 PM",THUNDER BAY,ON,P7E 5V3,500 Block DONALD ST E, TBPS] LIQUOR LICENCE ACT LIQUOR LICENCE ACT VIOLATION IN PROGRESS,Quality of Life,LIQUOR LICENCE ACT
TB24011651,"03/23/2024, 6:56:20 AM","03/24/2024, 1:08:46 PM",THUNDER BAY,ON,P7E 1E5,400 Block SYNDICATE AV S, TBPS] MOTOR VEHICLE COLLISION MVC - AMB ENR - DUAL RESP,Other,MOTOR VEHICLE COLLISION
TB24011800,"03/24/2024, 6:16:40 PM","03/25/2024, 1:05:27 PM",THUNDER BAY,ON,P7A 5W8,100 Block BRUCE ST," TBPS] MISCHIEF 11-10, MICHIEF UNDER 5000",Other Property Crime,MISCHIEF
TB24011804,"03/24/2024, 6:52:34 PM","03/25/2024, 1:05:28 PM",THUNDER BAY,ON,P7C 3K6,900 Block SIMPSON ST, TBPS] B-E BUS/RES/OTH SUSP PRESENT OR MAY STILL BE IN AREA,Breaking & Entering,B-E BUS/RES/OTH
TB24011808,"03/24/2024, 8:27:50 PM","03/25/2024, 1:05:28 PM",THUNDER BAY,ON,P7A 5E5,1 Block LEYS ST," TBPS] MISCHIEF 11-10, MICHIEF UNDER 5000",Other Property Crime,MISCHIEF
TB24011826,"03/25/2024, 12:50:29 AM","03/25/2024, 1:05:30 PM",THUNDER BAY,ON,P7B 5K5,1100 Block MEMORIAL AV, TBPS] TROUBLE WITH YOUTH YOUTHS STILL IN AREA,Quality of Life,TROUBLE WITH YOUTH
TB24011830,"03/25/2024, 1:25:31 AM","03/25/2024, 1:05:31 PM",THUNDER BAY,ON,P7A 4K8,1000 Block DAWSON RD, TBPS] ASSAULT SUSP PRESENT OR IN AREA,Assault,ASSAULT
TB24011831,"03/25/2024, 1:51:54 AM","03/25/2024, 1:05:31 PM",THUNDER BAY,ON,P7E 5M8,900 Block ARTHUR ST E, TBPS] SHOPLIFT IN CUSTODY - NO PROBLEMS,Theft,SHOPLIFT
TB24011840,"03/25/2024, 3:16:22 AM","03/25/2024, 1:05:32 PM",THUNDER BAY,ON,P7G 1V5,GOVERNMENT RD AND MAPLEWARD RD, TBPS] MOTOR VEHICLE COLLISION MVC NO INJURIES,Traffic,MOTOR VEHICLE COLLISION
TB24011841,"03/25/2024, 3:20:45 AM","03/25/2024, 1:05:32 PM",THUNDER BAY,ON,P7A 4W1,200 Block COURT ST N, TBPS] STOLEN VEHICLE SUSP NOT IN AREA,Theft of Vehicle,STOLEN VEHICLE
TB24011856,"03/25/2024, 5:35:13 AM","03/25/2024, 1:05:34 PM",THUNDER BAY,ON,P7B 3Y7,400 Block MEMORIAL AV, TBPS] TROUBLE WITH YOUTH YOUTHS STILL IN AREA,Quality of Life,TROUBLE WITH YOUTH
TB24011858,"03/25/2024, 7:16:56 AM","03/25/2024, 1:05:34 PM",THUNDER BAY,ON,P7C 1N7,200 Block CUMMING ST, TBPS] ROBBERY NO WEAPONS - SUSP STILL IN AREA,Robbery,ROBBERY
TB24011770,"03/24/2024, 8:32:16 AM","03/25/2024, 1:05:46 PM",THUNDER BAY,ON,P7B 1T7,100 Block WINDSOR ST, TBPS] ASSAULT ACCUSED NOT PRESENT,Assault,ASSAULT
TB24011775,"03/24/2024, 9:32:03 AM","03/25/2024, 1:05:46 PM",THUNDER BAY,ON,P7B 1E5,200 Block PEARL ST, TBPS] ASSAULT ACCUSED NOT PRESENT,Assault,ASSAULT
TB24011782,"03/24/2024, 11:39:54 AM","03/25/2024, 1:05:46 PM",THUNDER BAY,ON,P7A 6L4,1000 Block HURON AV, TBPS] B-E BUS/RES/OTH SUSP PRESENT OR MAY STILL BE IN AREA,Breaking & Entering,B-E BUS/RES/OTH
TB24011962,"03/26/2024, 2:36:04 AM","03/26/2024, 1:03:32 PM",THUNDER BAY,ON,P7E 5S2,1100 Block ARTHUR ST W, TBPS] SHOPLIFT IN CUSTODY - NO PROBLEMS,Theft,SHOPLIFT
TB24011968,"03/26/2024, 3:23:39 AM","03/26/2024, 1:03:32 PM",THUNDER BAY,ON,P7E 5V3,500 Block DONALD ST E, TBPS] ASSAULT SUSP PRESENT OR IN AREA,Assault,ASSAULT
TB24011924,"03/25/2024, 9:33:26 PM","03/26/2024, 1:03:33 PM",THUNDER BAY,ON,P7C 3H4,200 Block SIMPSON ST, TBPS] ASSAULT SUSP PRESENT OR IN AREA,Assault,ASSAULT
TB24011925,"03/25/2024, 9:38:34 PM","03/26/2024, 1:03:33 PM",THUNDER BAY,ON,P7C 3P8,200 Block MAY ST N," TBPS] THEFT NOT IN PROGRESS, UNDER 5000",Other Theft,THEFT
TB24011927,"03/25/2024, 9:46:40 PM","03/26/2024, 1:03:33 PM",THUNDER BAY,ON,P7B 3A6,900 Block FORT WILLIAM RD, TBPS] SHOPLIFT IN CUSTODY - NO PROBLEMS,Theft,SHOPLIFT
TB24011955,"03/26/2024, 1:51:17 AM","03/26/2024, 1:03:33 PM",THUNDER BAY,ON,P7A 4T8,1 Block COURT ST N," TBPS] THEFT IN PROGRESS, OVER 50000",Other Theft,THEFT
TB24011930,"03/25/2024, 10:05:21 PM","03/26/2024, 1:03:33 PM",THUNDER BAY,ON,P7A 4T4,1 Block COURT ST N, TBPS] THEFT SUSP STILL PRESENT OR MAY BE IN AREA,Other Theft,THEFT
TB24011933,"03/25/2024, 10:42:14 PM","03/26/2024, 1:03:33 PM",THUNDER BAY,ON,P7E 3J8,900 Block HOLT PL, TBPS] ASSAULT SUSP PRESENT OR IN AREA,Assault,ASSAULT
TB24011964,"03/26/2024, 2:49:50 AM","03/26/2024, 1:03:33 PM",THUNDER BAY,ON,P7B 1H4,500 Block RED RIVER RD, TBPS] B-E BUS/RES/OTH SUSP PRESENT OR MAY STILL BE IN AREA,Breaking & Entering,B-E BUS/RES/OTH
TB24011986,"03/26/2024, 5:37:32 AM","03/26/2024, 1:03:33 PM",THUNDER BAY,ON,P7A 4V1,100 Block COURT ST N, TBPS] STOLEN VEHICLE SUSP NOT IN AREA,Theft of Vehicle,STOLEN VEHICLE
TB24011884,"03/25/2024, 4:18:43 PM","03/26/2024, 1:03:34 PM",THUNDER BAY,ON,P7E,EDWARD ST S AND WALSH ST E, TBPS] MOTOR VEHICLE COLLISION MVC NO INJURIES,Traffic,MOTOR VEHICLE COLLISION
TB24011902,"03/25/2024, 7:08:44 PM","03/26/2024, 1:03:34 PM",THUNDER BAY,ON,P7B 3A6,900 Block FORT WILLIAM RD," TBPS] THEFT NOT IN PROGRESS, OVER 5000",Other Theft,THEFT
TB24011903,"03/25/2024, 7:09:35 PM","03/26/2024, 1:03:34 PM",THUNDER BAY,ON,P7B 3B6,1 Block ALGOMA ST S," TBPS] MISCHIEF IP/SUSP IN AREA, UNDER 5,000",Other Property Crime,MISCHIEF
TB24011915,"03/25/2024, 8:41:44 PM","03/26/2024, 1:03:34 PM",THUNDER BAY,ON,P7A 2K7,100 Block POWLEY ST," TBPS] THEFT NOT IN PROGRESS, OVER 5000",Other Theft,THEFT
TB24011920,"03/25/2024, 9:13:27 PM","03/26/2024, 1:03:34 PM",THUNDER BAY,ON,P7E 1K4,100 Block HAROLD ST S," TBPS] MISCHIEF 11-10, MICHIEF OVER 5000",Other Property Crime,MISCHIEF
TB24011929,"03/25/2024, 10:04:45 PM","03/26/2024, 1:03:34 PM",THUNDER BAY,ON,P7C 2G5,300 Block BETHUNE ST, TBPS] ASSAULT ACCUSED NOT PRESENT,Assault,ASSAULT
TB24011870,"03/25/2024, 11:37:21 AM","03/26/2024, 1:03:35 PM",THUNDER BAY,ON,P7B 1E3,200 Block PEARL ST, TBPS] ASSAULT SUSP PRESENT OR IN AREA,Assault,ASSAULT
TB24011871,"03/25/2024, 1:54:51 PM","03/26/2024, 1:03:35 PM",THUNDER BAY,ON,P7B,1 Block HWY AND HARBOUR EXPRESSWAY, TBPS] MOTOR VEHICLE COLLISION JAWS REQD - DUAL RESP,Traffic,MOTOR VEHICLE COLLISION
TB24011878,"03/25/2024, 3:28:52 PM","03/26/2024, 1:03:35 PM",THUNDER BAY,ON,P7E 2A5,300 Block KINGSWAY, TBPS] MOTOR VEHICLE COLLISION MVC NO INJURIES,Traffic,MOTOR VEHICLE COLLISION
TB24011880,"03/25/2024, 3:53:38 PM","03/26/2024, 1:03:35 PM",THUNDER BAY,ON,P7E 1C9,DONALD ST E AND SYNDICATE AV S, TBPS] MOTOR VEHICLE COLLISION MVC NO INJURIES,Traffic,MOTOR VEHICLE COLLISION
TB24011912,"03/25/2024, 8:22:50 PM","03/26/2024, 1:03:35 PM",THUNDER BAY,ON,P7A 7L9,SUPERIORVIEW DR AND CASTLEGREEN DR, TBPS] MOTOR VEHICLE COLLISION MVC NO INJURIES,Traffic,MOTOR VEHICLE COLLISION
TB24011921,"03/25/2024, 9:15:02 PM","03/26/2024, 1:03:35 PM",THUNDER BAY,ON,P7B 1V7,300 Block WINDSOR ST," TBPS] MISCHIEF 11-10, MICHIEF UNDER 5000",Other Property Crime,MISCHIEF
TB24011922,"03/25/2024, 9:17:23 PM","03/26/2024, 1:03:35 PM",THUNDER BAY,ON,P7C 2J5,1000 Block DEASE ST, TBPS] B-E BUS/RES/OTH SUSP PRESENT OR MAY STILL BE IN AREA,Breaking & Entering,B-E BUS/RES/OTH
TB24011876,"03/25/2024, 2:51:30 PM","03/26/2024, 1:03:36 PM",THUNDER BAY,ON,P7B 3Y1,400 Block RUPERT ST, TBPS] B-E BUS/RES/OTH SUSP PRESENT OR MAY STILL BE IN AREA,Breaking & Entering,B-E BUS/RES/OTH
TB24011883,"03/25/2024, 4:11:05 PM","03/26/2024, 1:03:36 PM",THUNDER BAY,ON,P7B 3E5,100 Block SECORD ST, TBPS] B-E BUS/RES/OTH SUSP PRESENT OR MAY STILL BE IN AREA,Breaking & Entering,B-E BUS/RES/OTH
TB24012121,"03/27/2024, 7:56:21 AM","03/27/2024, 1:04:07 PM",THUNDER BAY,ON,P7C 4P5,400 Block EDWARD ST N, TBPS] TROUBLE WITH YOUTH YOUTHS STILL IN AREA,Quality of Life,TROUBLE WITH YOUTH
TB24012083,"03/27/2024, 1:09:54 AM","03/27/2024, 1:04:08 PM",THUNDER BAY,ON,P7E,EDWARD ST S AND ARTHUR ST E, TBPS] MOTOR VEHICLE COLLISION MVC - AMB ENR - DUAL RESP,Other,MOTOR VEHICLE COLLISION
TB24012090,"03/27/2024, 2:39:43 AM","03/27/2024, 1:04:08 PM",THUNDER BAY,ON,P7E 5V7,1100 Block LINCOLN ST, TBPS] DRUG OFFENCES SUSP PRESENT OR MAY STILL BE IN AREA,Quality of Life,DRUG OFFENCES
TB24012096,"03/27/2024, 3:18:55 AM","03/27/2024, 1:04:08 PM",THUNDER BAY,ON,P7B 6S2,700 Block MEMORIAL AV, TBPS] THEFT SUSP STILL PRESENT OR MAY BE IN AREA,Other Theft,THEFT
TB24012104,"03/27/2024, 4:24:46 AM","03/27/2024, 1:04:08 PM",THUNDER BAY,ON,P7E 1E2,300 Block SYNDICATE AV S, TBPS] ASSAULT SUSP PRESENT OR IN AREA,Assault,ASSAULT
TB24012107,"03/27/2024, 4:42:20 AM","03/27/2024, 1:04:08 PM",THUNDER BAY,ON,P7C 1A5,400 Block VICTORIA AV E, TBPS] MOTOR VEHICLE COLLISION MVC NO INJURIES,Traffic,MOTOR VEHICLE COLLISION
TB24012071,"03/26/2024, 11:17:12 PM","03/27/2024, 1:04:09 PM",THUNDER BAY,ON,P7B,CENTRAL AV AND FORT WILLIAM RD, TBPS] MOTOR VEHICLE COLLISION MVC - AMB ENR - DUAL RESP,Other,MOTOR VEHICLE COLLISION
TB24012088,"03/27/2024, 2:32:31 AM","03/27/2024, 1:04:09 PM",THUNDER BAY,ON,P7B 3Z7,700 Block MEMORIAL AV, TBPS] ASSAULT SUSP PRESENT OR IN AREA,Assault,ASSAULT
TB24012033,"03/26/2024, 6:13:50 PM","03/27/2024, 1:04:10 PM",THUNDER BAY,ON,P7C 2P1,300 Block ROBERTSON ST," TBPS] THEFT NOT IN PROGRESS, UNDER 5000",Other Theft,THEFT
TB24012051,"03/26/2024, 8:12:25 PM","03/27/2024, 1:04:10 PM",THUNDER BAY,ON,P7A,RIVER ST AND HIGH ST N, TBPS] MOTOR VEHICLE COLLISION MVC - AMB ENR - DUAL RESP,Other,MOTOR VEHICLE COLLISION
TB24012019,"03/26/2024, 4:05:53 PM","03/27/2024, 1:04:11 PM",THUNDER BAY,ON,P0T 2N0,4700 Block 11-17 HWY, TBPS] MOTOR VEHICLE COLLISION 11-10 MVC ANY TYPE,Other,MOTOR VEHICLE COLLISION
TB24011932,"03/25/2024, 10:27:16 PM","03/27/2024, 1:04:12 PM",THUNDER BAY,ON,P7A 4K7,100 Block FRONT ST, TBPS] B-E BUS/RES/OTH 11-10,Breaking & Entering,B-E BUS/RES/OTH
TB24011834,"03/25/2024, 2:02:13 AM","03/27/2024, 1:04:13 PM",THUNDER BAY,ON,P7G 2H6,100 Block EDITH AV, TBPS] ASSAULT ACCUSED NOT PRESENT,Assault,ASSAULT
TB24012239,"03/28/2024, 4:13:41 AM","03/28/2024, 1:07:17 PM",THUNDER BAY,ON,P7E 5S2,1100 Block ARTHUR ST W, TBPS] LIQUOR LICENCE ACT LIQUOR LICENCE ACT VIOLATION IN PROGRESS,Quality of Life,LIQUOR LICENCE ACT
TB24012259,"03/28/2024, 8:04:04 AM","03/28/2024, 1:07:17 PM",THUNDER BAY,ON,P7A 4K8,1 Block CUMBERLAND ST N, TBPS] ASSAULT SUSP PRESENT OR IN AREA,Assault,ASSAULT
TB24012212,"03/27/2024, 11:19:27 PM","03/28/2024, 1:07:18 PM",THUNDER BAY,ON,P7C 2H8,300 Block DEASE ST, TBPS] B-E BUS/RES/OTH SUSP PRESENT OR MAY STILL BE IN AREA,Breaking & Entering,B-E BUS/RES/OTH
TB24012213,"03/27/2024, 11:22:36 PM","03/28/2024, 1:07:18 PM",THUNDER BAY,ON,P7E 5S2,1100 Block ARTHUR ST W, TBPS] ASSAULT SUSP PRESENT OR IN AREA,Assault,ASSAULT
TB24012216,"03/27/2024, 11:47:43 PM","03/28/2024, 1:07:18 PM",THUNDER BAY,ON,P7B 4B3,1 Block MCKIBBIN ST, TBPS] MOTOR VEHICLE COLLISION MVC NO INJURIES,Traffic,MOTOR VEHICLE COLLISION
TB24012222,"03/28/2024, 1:31:01 AM","03/28/2024, 1:07:18 PM",THUNDER BAY,ON,P7E 6H2,200 Block AMELIA ST W, TBPS] DRUG OFFENCES SUSP PRESENT OR MAY STILL BE IN AREA,Quality of Life,DRUG OFFENCES
TB24012223,"03/28/2024, 1:55:44 AM","03/28/2024, 1:07:18 PM",THUNDER BAY,ON,P7E 6H2,200 Block AMELIA ST W, TBPS] DRUG OFFENCES SUSP PRESENT OR MAY STILL BE IN AREA,Quality of Life,DRUG OFFENCES
TB24012151,"03/27/2024, 4:05:33 PM","03/28/2024, 1:07:19 PM",THUNDER BAY,ON,P7A 4K8,1000 Block DAWSON RD, TBPS] MOTOR VEHICLE COLLISION 11-10 MVC ANY TYPE,Other,MOTOR VEHICLE COLLISION
TB24012152,"03/27/2024, 4:07:56 PM","03/28/2024, 1:07:19 PM",THUNDER BAY,ON,P7E 5P7,100 Block ARTHUR ST W, TBPS] MOTOR VEHICLE COLLISION 11-10 MVC ANY TYPE,Other,MOTOR VEHICLE COLLISION
TB24012164,"03/27/2024, 4:57:19 PM","03/28/2024, 1:07:19 PM",THUNDER BAY,ON,P7E 4C7,JAMES ST S AND FRANCIS ST W, TBPS] MOTOR VEHICLE COLLISION 11-10 MVC ANY TYPE,Other,MOTOR VEHICLE COLLISION
TB24012166,"03/27/2024, 5:06:05 PM","03/28/2024, 1:07:19 PM",THUNDER BAY,ON,P7B 5E1,900 Block OLIVER RD, TBPS] MOTOR VEHICLE COLLISION 11-10 MVC ANY TYPE,Other,MOTOR VEHICLE COLLISION
TB24012191,"03/27/2024, 7:56:30 PM","03/28/2024, 1:07:19 PM",THUNDER BAY,ON,P7B,MEMORIAL AV AND HARBOUR EXPRESSWAY, TBPS] MOTOR VEHICLE COLLISION MVC NO INJURIES,Traffic,MOTOR VEHICLE COLLISION
TB24012132,"03/27/2024, 12:23:02 PM","03/28/2024, 1:07:20 PM",THUNDER BAY,ON,P7C 6B2,100 Block LYNX CR, TBPS] LIQUOR LICENCE ACT LIQUOR LICENCE ACT VIOLATION IN PROGRESS,Quality of Life,LIQUOR LICENCE ACT
TB24012143,"03/27/2024, 3:18:18 PM","03/28/2024, 1:07:20 PM",THUNDER BAY,ON,P7B 6B9,1000 Block FORT WILLIAM RD, TBPS] MOTOR VEHICLE COLLISION 11-10 MVC ANY TYPE,Other,MOTOR VEHICLE COLLISION
TB24012144,"03/27/2024, 3:26:35 PM","03/28/2024, 1:07:20 PM",THUNDER BAY,ON,P7B 5E1,900 Block OLIVER RD, TBPS] MOTOR VEHICLE COLLISION 11-10 MVC ANY TYPE,Other,MOTOR VEHICLE COLLISION
TB24012147,"03/27/2024, 3:39:26 PM","03/28/2024, 1:07:20 PM",THUNDER BAY,ON,P7A 4B1,ST. PAUL ST AND CAMELOT ST, TBPS] MOTOR VEHICLE COLLISION 11-10 MVC ANY TYPE,Other,MOTOR VEHICLE COLLISION
TB24012149,"03/27/2024, 3:44:59 PM","03/28/2024, 1:07:20 PM",THUNDER BAY,ON,P7B 3Y7,400 Block MEMORIAL AV, TBPS] MOTOR VEHICLE COLLISION 11-10 MVC ANY TYPE,Other,MOTOR VEHICLE COLLISION
TB24012150,"03/27/2024, 3:59:11 PM","03/28/2024, 1:07:20 PM",THUNDER BAY,ON,P7A 3S4,600 Block RIVER ST, TBPS] MOTOR VEHICLE COLLISION 11-10 MVC ANY TYPE,Other,MOTOR VEHICLE COLLISION
TB24012156,"03/27/2024, 4:28:15 PM","03/28/2024, 1:07:20 PM",THUNDER BAY,ON,P7G 1L8,1000 Block GRATTON RD, TBPS] MOTOR VEHICLE COLLISION 11-10 MVC ANY TYPE,Other,MOTOR VEHICLE COLLISION
TB24012159,"03/27/2024, 4:37:09 PM","03/28/2024, 1:07:20 PM",THUNDER BAY,ON,P7C 5H8,800 Block HAROLD CR, TBPS] MOTOR VEHICLE COLLISION 11-10 MVC ANY TYPE,Other,MOTOR VEHICLE COLLISION
TB24012171,"03/27/2024, 5:41:43 PM","03/28/2024, 1:07:20 PM",THUNDER BAY,ON,P7B 3Z7,700 Block MEMORIAL AV, TBPS] THEFT SUSP STILL PRESENT OR MAY BE IN AREA,Other Theft,THEFT
TB24012176,"03/27/2024, 6:14:40 PM","03/28/2024, 1:07:20 PM",THUNDER BAY,ON,P7C 4K7,200 Block DUNDAS ST," TBPS] THEFT NOT IN PROGRESS, OVER 5000",Other Theft,THEFT
TB24012182,"03/27/2024, 7:03:41 PM","03/28/2024, 1:07:20 PM",THUNDER BAY,ON,P7C 2G9,200 Block CAMERON ST," TBPS] MISCHIEF 11-10, MICHIEF UNDER 5000",Other Property Crime,MISCHIEF
TB24012120,"03/27/2024, 7:36:45 AM","03/28/2024, 1:07:21 PM",THUNDER BAY,ON,P7E 5R8,600 Block ARTHUR ST W, TBPS] ASSAULT ACCUSED NOT PRESENT,Assault,ASSAULT
TB24012135,"03/27/2024, 2:40:42 PM","03/28/2024, 1:07:21 PM",THUNDER BAY,ON,P7B 6B9,1000 Block FORT WILLIAM RD, TBPS] MOTOR VEHICLE COLLISION 11-10 MVC ANY TYPE,Other,MOTOR VEHICLE COLLISION
TB24012136,"03/27/2024, 2:43:19 PM","03/28/2024, 1:07:21 PM",THUNDER BAY,ON,P7B 6S2,700 Block MEMORIAL AV, TBPS] MOTOR VEHICLE COLLISION 11-10 MVC ANY TYPE,Other,MOTOR VEHICLE COLLISION
TB24012137,"03/27/2024, 2:47:51 PM","03/28/2024, 1:07:21 PM",THUNDER BAY,ON,P7B 6L9,900 Block CARRICK ST, TBPS] MOTOR VEHICLE COLLISION 11-10 MVC ANY TYPE,Other,MOTOR VEHICLE COLLISION
TB24012138,"03/27/2024, 2:47:56 PM","03/28/2024, 1:07:21 PM",THUNDER BAY,ON,P7B,BALMORAL ST AND HARBOUR EXPRESSWAY, TBPS] ASSAULT SUSP PRESENT OR IN AREA,Assault,ASSAULT
TB24012146,"03/27/2024, 3:32:27 PM","03/28/2024, 1:07:21 PM",THUNDER BAY,ON,P7B 1K2,800 Block RED RIVER RD, TBPS] MOTOR VEHICLE COLLISION 11-10 MVC ANY TYPE,Other,MOTOR VEHICLE COLLISION
TB24012155,"03/27/2024, 4:26:18 PM","03/28/2024, 1:07:21 PM",THUNDER BAY,ON,P7B,MEMORIAL AV AND ISABEL ST, TBPS] MOTOR VEHICLE COLLISION MVC NO INJURIES,Traffic,MOTOR VEHICLE COLLISION
TB24012347,"03/28/2024, 9:33:27 PM","03/29/2024, 1:09:55 PM",THUNDER BAY,ON,P7B 3J9,JOHN ST AND BANNING ST, TBPS] MOTOR VEHICLE COLLISION 11-10 MVC ANY TYPE,Other,MOTOR VEHICLE COLLISION
TB24012354,"03/28/2024, 10:12:30 PM","03/29/2024, 1:09:56 PM",THUNDER BAY,ON,P7E 5M8,900 Block ARTHUR ST E, TBPS] ASSAULT SUSP PRESENT OR IN AREA,Assault,ASSAULT
TB24012365,"03/28/2024, 11:23:28 PM","03/29/2024, 1:09:57 PM",THUNDER BAY,ON,P7C 1A7,500 Block VICTORIA AV E, TBPS] ASSAULT SUSP PRESENT OR IN AREA,Assault,ASSAULT
TB24012372,"03/29/2024, 12:13:47 AM","03/29/2024, 1:09:58 PM",THUNDER BAY,ON,P7E 5P7,200 Block ARTHUR ST W," TBPS] THEFT NOT IN PROGRESS, UNDER 5000",Other Theft,THEFT
TB24012374,"03/29/2024, 12:44:33 AM","03/29/2024, 1:09:58 PM",THUNDER BAY,ON,P7A 7J8,100 Block IBBETSON ST," TBPS] THEFT NOT IN PROGRESS, UNDER 5000",Other Theft,THEFT
TB24012383,"03/29/2024, 2:29:47 AM","03/29/2024, 1:09:59 PM",THUNDER BAY,ON,P7G 1G8,1400 Block JOHN ST. RD, TBPS] MOTOR VEHICLE COLLISION MVC NO INJURIES,Traffic,MOTOR VEHICLE COLLISION
TB24012377,"03/29/2024, 12:59:09 AM","03/29/2024, 1:09:59 PM",THUNDER BAY,ON,P7B 6G2,200 Block BLUCHER AV, TBPS] B-E BUS/RES/OTH SUSP PRESENT OR MAY STILL BE IN AREA,Breaking & Entering,B-E BUS/RES/OTH
TB24012398,"03/29/2024, 4:53:46 AM","03/29/2024, 1:10:01 PM",THUNDER BAY,ON,P7G 1H9,1400 Block JOHN ST. RD, TBPS] TROUBLE WITH YOUTH YOUTHS STILL IN AREA,Quality of Life,TROUBLE WITH YOUTH
TB24012399,"03/29/2024, 4:59:11 AM","03/29/2024, 1:10:01 PM",THUNDER BAY,ON,P7E 5R5,500 Block ARTHUR ST W, TBPS] LIQUOR LICENCE ACT LIQUOR LICENCE ACT VIOLATION IN PROGRESS,Quality of Life,LIQUOR LICENCE ACT
TB24012401,"03/29/2024, 5:20:11 AM","03/29/2024, 1:10:01 PM",THUNDER BAY,ON,P7B 6S2,700 Block MEMORIAL AV, TBPS] ASSAULT SUSP PRESENT OR IN AREA,Assault,ASSAULT
TB24012411,"03/29/2024, 6:13:36 AM","03/29/2024, 1:10:03 PM",THUNDER BAY,ON,P7C 4E6,100 Block MARKS ST N, TBPS] LIQUOR LICENCE ACT LIQUOR LICENCE ACT VIOLATION IN PROGRESS,Quality of Life,LIQUOR LICENCE ACT
TB24012219,"03/28/2024, 12:37:54 AM","03/29/2024, 1:10:13 PM",THUNDER BAY,ON,P7E,1100 Block DONALD ST E, TBPS] ASSAULT ACCUSED NOT PRESENT,Assault,ASSAULT
TB24012267,"03/28/2024, 10:06:29 AM","03/29/2024, 1:10:27 PM",THUNDER BAY,ON,P7B 6J6,100 Block PICTON AV, TBPS] ASSAULT SUSP PRESENT OR IN AREA,Assault,ASSAULT
TB24012273,"03/28/2024, 12:52:50 PM","03/29/2024, 1:10:28 PM",THUNDER BAY,ON,P7C 4N9,200 Block EDWARD ST N," TBPS] MISCHIEF 11-10, MICHIEF OVER 5000",Other Property Crime,MISCHIEF
TB24012275,"03/28/2024, 1:03:17 PM","03/29/2024, 1:10:29 PM",THUNDER BAY,ON,P7C 1G7,400 Block VICTORIA AV W, TBPS] LIQUOR LICENCE ACT LIQUOR LICENCE ACT VIOLATION IN PROGRESS,Quality of Life,LIQUOR LICENCE ACT
TB24012279,"03/28/2024, 2:29:55 PM","03/29/2024, 1:10:30 PM",THUNDER BAY,ON,P7K 1K2,PARKDALE BLVD AND ARTHUR ST W, TBPS] MOTOR VEHICLE COLLISION MVC NO INJURIES,Traffic,MOTOR VEHICLE COLLISION
TB24012283,"03/28/2024, 2:57:43 PM","03/29/2024, 1:10:30 PM",THUNDER BAY,ON,P7B 0A6,BARTON ST AND WILLIAM ST, TBPS] MOTOR VEHICLE COLLISION 11-10 MVC ANY TYPE,Other,MOTOR VEHICLE COLLISION
TB24012285,"03/28/2024, 3:01:12 PM","03/29/2024, 1:10:31 PM",THUNDER BAY,ON,P7B 3A6,900 Block FORT WILLIAM RD, TBPS] MOTOR VEHICLE COLLISION 11-10 MVC ANY TYPE,Other,MOTOR VEHICLE COLLISION
TB24012286,"03/28/2024, 3:26:01 PM","03/29/2024, 1:10:32 PM",THUNDER BAY,ON,P7C,MILES ST E AND MAY ST N, TBPS] MOTOR VEHICLE COLLISION 11-10 MVC ANY TYPE,Other,MOTOR VEHICLE COLLISION
TB24012288,"03/28/2024, 3:30:02 PM","03/29/2024, 1:10:32 PM",THUNDER BAY,ON,P7A 4L7,CUMBERLAND ST N AND CAMELOT ST, TBPS] MOTOR VEHICLE COLLISION 11-10 MVC ANY TYPE,Other,MOTOR VEHICLE COLLISION
TB24012289,"03/28/2024, 3:53:39 PM","03/29/2024, 1:10:33 PM",THUNDER BAY,ON,P7E 5V7,1100 Block LINCOLN ST, TBPS] DRUG OFFENCES SUSP PRESENT OR MAY STILL BE IN AREA,Quality of Life,DRUG OFFENCES
TB24012303,"03/28/2024, 4:57:50 PM","03/29/2024, 1:10:37 PM",THUNDER BAY,ON,P7B 3K3,HIGH ST S AND DUFFERIN ST, TBPS] MOTOR VEHICLE COLLISION 11-10 MVC ANY TYPE,Other,MOTOR VEHICLE COLLISION
TB24012306,"03/28/2024, 5:14:14 PM","03/29/2024, 1:10:38 PM",THUNDER BAY,ON,P7C 1C1,1200 Block VICTORIA AV E, TBPS] B-E BUS/RES/OTH 11-10,Breaking & Entering,B-E BUS/RES/OTH
TB24012307,"03/28/2024, 5:22:40 PM","03/29/2024, 1:10:39 PM",THUNDER BAY,ON,P7B 5M4,BALMORAL ST AND WILLIAM ST, TBPS] MOTOR VEHICLE COLLISION MVC INJURIES FIRE NOT REQ,Traffic,MOTOR VEHICLE COLLISION
TB24012311,"03/28/2024, 5:38:59 PM","03/29/2024, 1:10:41 PM",THUNDER BAY,ON,P7B 3G7,100 Block ONTARIO ST," TBPS] THEFT NOT IN PROGRESS, UNDER 5000",Other Theft,THEFT
TB24012314,"03/28/2024, 6:26:52 PM","03/29/2024, 1:10:41 PM",THUNDER BAY,ON,P7B 1E5,200 Block PEARL ST," TBPS] THEFT IN PROGRESS, OVER 50000",Other Theft,THEFT
TB24012318,"03/28/2024, 6:42:59 PM","03/29/2024, 1:10:43 PM",THUNDER BAY,ON,P7C 1C1,1200 Block VICTORIA AV E, TBPS] B-E BUS/RES/OTH 11-10,Breaking & Entering,B-E BUS/RES/OTH
TB24012321,"03/28/2024, 6:50:49 PM","03/29/2024, 1:10:43 PM",THUNDER BAY,ON,P7B 3A6,900 Block FORT WILLIAM RD," TBPS] MISCHIEF IP/SUSP IN AREA, UNDER 5,000",Other Property Crime,MISCHIEF
TB24012331,"03/28/2024, 8:19:43 PM","03/29/2024, 1:10:46 PM",THUNDER BAY,ON,P7B 2T4,1 Block CUMBERLAND ST S, TBPS] ASSAULT ACCUSED NOT PRESENT,Assault,ASSAULT
TB24012336,"03/28/2024, 8:42:37 PM","03/29/2024, 1:10:48 PM",THUNDER BAY,ON,P7G 1R8,OLIVER RD AND MAPLEWARD RD, TBPS] MOTOR VEHICLE COLLISION 11-10 MVC ANY TYPE,Other,MOTOR VEHICLE COLLISION
TB24012337,"03/28/2024, 8:44:45 PM","03/29/2024, 1:10:48 PM",THUNDER BAY,ON,P7C 0A7,WEILER BLVD AND REINDEER AV, TBPS] MOTOR VEHICLE COLLISION 11-10 MVC ANY TYPE,Other,MOTOR VEHICLE COLLISION
TB24012339,"03/28/2024, 8:47:25 PM","03/29/2024, 1:10:48 PM",THUNDER BAY,ON,P7B 2S4,800 Block FORT WILLIAM RD, TBPS] SHOPLIFT IN CUSTODY - NO PROBLEMS,Theft,SHOPLIFT
TB24012247,"03/28/2024, 5:09:18 AM","03/30/2024, 1:08:00 PM",THUNDER BAY,ON,P7G 1L7,6100 Block MAPLEWARD RD, TBPS] MOTOR VEHICLE COLLISION 11-10 MVC ANY TYPE,Other,MOTOR VEHICLE COLLISION
TB24012504,"03/29/2024, 10:59:21 PM","03/30/2024, 1:08:01 PM",THUNDER BAY,ON,P7E 5V3,500 Block DONALD ST E, TBPS] ASSAULT ACCUSED NOT PRESENT,Assault,ASSAULT
TB24012516,"03/30/2024, 12:50:56 AM","03/30/2024, 1:08:03 PM",THUNDER BAY,ON,P7E 4N5,100 Block CHRISTINA ST E, TBPS] ASSAULT ACCUSED NOT PRESENT,Assault,ASSAULT
TB24012531,"03/30/2024, 3:38:39 AM","03/30/2024, 1:08:06 PM",THUNDER BAY,ON,P7B 6Z8,1400 Block NAKINA DR, TBPS] ASSAULT SUSP PRESENT OR IN AREA,Assault,ASSAULT
TB24012538,"03/30/2024, 5:00:08 AM","03/30/2024, 1:08:07 PM",THUNDER BAY,ON,P7B 3Y2,300 Block MEMORIAL AV, TBPS] ASSAULT SUSP PRESENT OR IN AREA,Assault,ASSAULT
TB24012541,"03/30/2024, 5:09:47 AM","03/30/2024, 1:08:07 PM",THUNDER BAY,ON,P7B 5L4,1 Block CUMBERLAND ST S, TBPS] MOTOR VEHICLE COLLISION MVC NO INJURIES,Traffic,MOTOR VEHICLE COLLISION
TB24012545,"03/30/2024, 5:37:07 AM","03/30/2024, 1:08:08 PM",THUNDER BAY,ON,P7C 3H1,100 Block SIMPSON ST, TBPS] ASSAULT SUSP PRESENT OR IN AREA,Assault,ASSAULT
TB24012547,"03/30/2024, 5:49:48 AM","03/30/2024, 1:08:08 PM",THUNDER BAY,ON,P7C 3H4,200 Block SIMPSON ST, TBPS] B-E BUS/RES/OTH SUSP PRESENT OR MAY STILL BE IN AREA,Breaking & Entering,B-E BUS/RES/OTH
TB24012414,"03/29/2024, 6:43:48 AM","03/30/2024, 1:08:27 PM",THUNDER BAY,ON,P7E 5R9,700 Block ARTHUR ST W, TBPS] LIQUOR LICENCE ACT LIQUOR LICENCE ACT VIOLATION IN PROGRESS,Quality of Life,LIQUOR LICENCE ACT
TB24012415,"03/29/2024, 6:57:54 AM","03/30/2024, 1:08:28 PM",THUNDER BAY,ON,P7A 4K8,1 Block CUMBERLAND ST N," TBPS] THEFT NOT IN PROGRESS, UNDER 5000",Other Theft,THEFT
TB24012421,"03/29/2024, 8:42:35 AM","03/30/2024, 1:08:29 PM",THUNDER BAY,ON,P7E 5R5,500 Block ARTHUR ST W, TBPS] ASSAULT SUSP PRESENT OR IN AREA,Assault,ASSAULT
TB24012423,"03/29/2024, 9:18:31 AM","03/30/2024, 1:08:29 PM",THUNDER BAY,ON,P7A 8C3,100 Block LOMBARD CT, TBPS] B-E BUS/RES/OTH SUSP PRESENT OR MAY STILL BE IN AREA,Breaking & Entering,B-E BUS/RES/OTH
TB24012442,"03/29/2024, 1:49:29 PM","03/30/2024, 1:08:31 PM",THUNDER BAY,ON,P7B 4K8,300 Block ROCKWOOD AV S, TBPS] B-E BUS/RES/OTH SUSP PRESENT OR MAY STILL BE IN AREA,Breaking & Entering,B-E BUS/RES/OTH
TB24012468,"03/29/2024, 5:19:34 PM","03/30/2024, 1:08:33 PM",THUNDER BAY,ON,P7E 3J4,1500 Block GEORGINA AV," TBPS] MISCHIEF 11-10, MICHIEF UNDER 5000",Other Property Crime,MISCHIEF
TB24012482,"03/29/2024, 7:08:14 PM","03/30/2024, 1:08:34 PM",THUNDER BAY,ON,P7E 1B4,200 Block MAY ST S, TBPS] ROBBERY NO WEAPONS - SUSP STILL IN AREA,Robbery,ROBBERY
TB24012486,"03/29/2024, 7:56:58 PM","03/30/2024, 1:08:35 PM",THUNDER BAY,ON,P7E 5V3,500 Block DONALD ST E, TBPS] ASSAULT ACCUSED NOT PRESENT,Assault,ASSAULT
TB24012656,"03/31/2024, 3:47:00 AM","03/31/2024, 1:05:34 PM",THUNDER BAY,ON,P7B 6Z8,600 Block SIBLEY DR, TBPS] ASSAULT SUSP PRESENT OR IN AREA,Assault,ASSAULT
TB24012676,"03/31/2024, 6:24:08 AM","03/31/2024, 1:05:34 PM",THUNDER BAY,ON,P7J 1E8,2300 Block 61 HWY, TBPS] ASSAULT ACCUSED NOT PRESENT,Assault,ASSAULT
TB24012677,"03/31/2024, 6:34:27 AM","03/31/2024, 1:05:34 PM",THUNDER BAY,ON,P7B 2T2,1 Block CUMBERLAND ST S, TBPS] ASSAULT SUSP PRESENT OR IN AREA,Assault,ASSAULT
TB24012605,"03/30/2024, 7:36:44 PM","03/31/2024, 1:05:35 PM",THUNDER BAY,ON,P7B 7C6,900 Block CARRICK ST, TBPS] THEFT SUSP STILL PRESENT OR MAY BE IN AREA,Other Theft,THEFT
TB24012613,"03/30/2024, 8:48:30 PM","03/31/2024, 1:05:35 PM",THUNDER BAY,ON,P7E 5V3,500 Block DONALD ST E, TBPS] LIQUOR LICENCE ACT LIQUOR LICENCE ACT VIOLATION IN PROGRESS,Quality of Life,LIQUOR LICENCE ACT
TB24012630,"03/30/2024, 11:09:20 PM","03/31/2024, 1:05:35 PM",THUNDER BAY,ON,P7B 3B4,1 Block ALGOMA ST S, TBPS] ASSAULT SUSP PRESENT OR IN AREA,Assault,ASSAULT
TB24012586,"03/30/2024, 4:18:45 PM","03/31/2024, 1:05:36 PM",THUNDER BAY,ON,P7C 3K7,SOUTHERN AV AND SIMPSON ST, TBPS] MOTOR VEHICLE COLLISION MVC NO INJURIES,Traffic,MOTOR VEHICLE COLLISION
TB24012587,"03/30/2024, 4:33:39 PM","03/31/2024, 1:05:36 PM",THUNDER BAY,ON,P7B 6S2,700 Block MEMORIAL AV, TBPS] THEFT SUSP STILL PRESENT OR MAY BE IN AREA,Other Theft,THEFT
TB24012591,"03/30/2024, 5:14:38 PM","03/31/2024, 1:05:36 PM",THUNDER BAY,ON,P7J 1G6,2000 Block JAMES ST S, TBPS] LIQUOR LICENCE ACT LIQUOR LICENCE ACT VIOLATION IN PROGRESS,Quality of Life,LIQUOR LICENCE ACT
TB24012595,"03/30/2024, 5:45:11 PM","03/31/2024, 1:05:36 PM",THUNDER BAY,ON,P7C,HARBOUR EXPRESSWAY AND GOLF LINKS RD, TBPS] MOTOR VEHICLE COLLISION MVC NO INJURIES,Traffic,MOTOR VEHICLE COLLISION
TB24012636,"03/31/2024, 12:14:27 AM","03/31/2024, 1:05:36 PM",THUNDER BAY,ON,P7E 5E5,ISABELLA ST W AND LELAND AV S, TBPS] MOTOR VEHICLE COLLISION MVC - AMB ENR - DUAL RESP,Other,MOTOR VEHICLE COLLISION
TB24012565,"03/30/2024, 10:28:04 AM","03/31/2024, 1:05:37 PM",THUNDER BAY,ON,P7E 1G4,200 Block ARCHIBALD ST S," TBPS] SEXUAL ASSAULT JUST OCCURRED, ACCUSED NOT PRESENT",Other,SEXUAL ASSAULT
TB24012582,"03/30/2024, 3:34:31 PM","03/31/2024, 1:05:37 PM",THUNDER BAY,ON,P7B 1P4,300 Block LARK ST," TBPS] THEFT NOT IN PROGRESS, FROM MOTOR VEHICLE",Theft from Vehicle,THEFT
TB24012597,"03/30/2024, 5:53:49 PM","03/31/2024, 1:05:37 PM",THUNDER BAY,ON,P7C 3P1,200 Block VIOLET ST," TBPS] MISCHIEF 11-10, MICHIEF UNDER 5000",Other Property Crime,MISCHIEF
TB24012604,"03/30/2024, 7:33:17 PM","03/31/2024, 1:05:37 PM",THUNDER BAY,ON,P7E 4L2,JAMES ST S AND MARY ST W, TBPS] MOTOR VEHICLE COLLISION MVC NO INJURIES,Traffic,MOTOR VEHICLE COLLISION
TB24012646,"03/31/2024, 1:49:43 AM","03/31/2024, 1:05:37 PM",THUNDER BAY,ON,P7B 1V8,200 Block WINDSOR ST, TBPS] B-E BUS/RES/OTH SUSP PRESENT OR MAY STILL BE IN AREA,Breaking & Entering,B-E BUS/RES/OTH
TB24012556,"03/30/2024, 7:42:02 AM","03/31/2024, 1:05:38 PM",THUNDER BAY,ON,P7A 6C7,CLARKSON ST N AND MELON ST, TBPS] MOTOR VEHICLE COLLISION MVC NO INJURIES,Traffic,MOTOR VEHICLE COLLISION
TB24012562,"03/30/2024, 9:48:16 AM","03/31/2024, 1:05:38 PM",THUNDER BAY,ON,P7C 1A1,100 Block SIMPSON ST, TBPS] ASSAULT SUSP PRESENT OR IN AREA,Assault,ASSAULT
TB24012568,"03/30/2024, 11:54:30 AM","03/31/2024, 1:05:38 PM",THUNDER BAY,ON,P7A 3S6,700 Block RIVER ST, TBPS] B-E BUS/RES/OTH SUSP PRESENT OR MAY STILL BE IN AREA,Breaking & Entering,B-E BUS/RES/OTH
TB24012569,"03/30/2024, 12:50:28 PM","03/31/2024, 1:05:38 PM",THUNDER BAY,ON,P7B 6J6,100 Block PICTON AV, TBPS] B-E BUS/RES/OTH SUSP PRESENT OR MAY STILL BE IN AREA,Breaking & Entering,B-E BUS/RES/OTH
