ccn,date,updateDate,city,state,postalCode,blocksizedAddress,incidentType,parentIncidentType,narrative
TB24026564,"07/01/2024, 6:54:37 AM","07/01/2024, 1:03:27 PM",THUNDER BAY,ON,P7C 2E8,100 Block INGLEWOOD CR, TBPS] B-E BUS/RES/OTH SUSP PRESENT OR MAY STILL BE IN AREA,Breaking & Entering,B-E BUS/RES/OTH
TB24026541,"07/01/2024, 3:37:19 AM","07/01/2024, 1:03:29 PM",THUNDER BAY,ON,P7A 1V2,400 Block HODDER AV," TBPS] MISCHIEF IP/SUSP IN AREA, UNDER 5,000",Other Property Crime,MISCHIEF
TB24026549,"07/01/2024, 4:37:54 AM","07/01/2024, 1:03:29 PM",THUNDER BAY,ON,P7E 6N7,1500 Block JAMES ST S, TBPS] ROBBERY NO WEAPONS - SUSP STILL IN AREA,Robbery,ROBBERY
TB24026525,"07/01/2024, 1:56:24 AM","07/01/2024, 1:03:30 PM",THUNDER BAY,ON,P7E 4A5,300 Block AMELIA ST W, TBPS] ASSAULT SUSP PRESENT OR IN AREA,Assault,ASSAULT
TB24026537,"07/01/2024, 3:11:00 AM","07/01/2024, 1:03:30 PM",THUNDER BAY,ON,P7E 1Z4,1200 Block TARBUTT ST S, TBPS] LIQUOR LICENCE ACT LIQUOR LICENCE ACT VIOLATION IN PROGRESS,Quality of Life,LIQUOR LICENCE ACT
TB24026515,"06/30/2024, 10:55:53 PM","07/01/2024, 1:03:31 PM",THUNDER BAY,ON,P7A 3S4,600 Block RIVER ST," TBPS] MISCHIEF 11-10, MICHIEF UNDER 5000",Other Property Crime,MISCHIEF
TB24026494,"06/30/2024, 8:26:59 PM","07/01/2024, 1:03:32 PM",THUNDER BAY,ON,P7C 3J7,600 Block SIMPSON ST," TBPS] MISCHIEF 11-10, MICHIEF UNDER 5000",Other Property Crime,MISCHIEF
TB24026500,"06/30/2024, 9:13:09 PM","07/01/2024, 1:03:32 PM",THUNDER BAY,ON,P7C 4Y7,300 Block LILLIE ST N, TBPS] LIQUOR LICENCE ACT LIQUOR LICENCE ACT VIOLATION IN PROGRESS,Quality of Life,LIQUOR LICENCE ACT
TB24026502,"06/30/2024, 9:52:53 PM","07/01/2024, 1:03:32 PM",THUNDER BAY,ON,P7C 2K7,200 Block FINLAYSON ST," TBPS] THEFT NOT IN PROGRESS, UNDER 5000",Other Theft,THEFT
TB24026487,"06/30/2024, 7:15:17 PM","07/01/2024, 1:03:33 PM",THUNDER BAY,ON,P7C 2K7,MCMURRAY ST AND FINLAYSON ST, TBPS] ROBBERY NO WEAPONS - SUSP STILL IN AREA,Robbery,ROBBERY
TB24026489,"06/30/2024, 7:50:29 PM","07/01/2024, 1:03:33 PM",THUNDER BAY,ON,P7C 2S1,300 Block PACIFIC AV," TBPS] MISCHIEF 11-10, MICHIEF UNDER 5000",Other Property Crime,MISCHIEF
TB24026467,"06/30/2024, 5:08:37 PM","07/01/2024, 1:03:34 PM",THUNDER BAY,ON,P7C 3A3,600 Block MCINTOSH ST," TBPS] MISCHIEF 11-10, MICHIEF UNDER 5000",Other Property Crime,MISCHIEF
TB24026472,"06/30/2024, 5:43:55 PM","07/01/2024, 1:03:34 PM",THUNDER BAY,ON,P7A 4L8,1 Block CUMBERLAND ST N, TBPS] LIQUOR LICENCE ACT LIQUOR LICENCE ACT VIOLATION IN PROGRESS,Quality of Life,LIQUOR LICENCE ACT
TB24026473,"06/30/2024, 5:49:20 PM","07/01/2024, 1:03:34 PM",THUNDER BAY,ON,P7B 2T6,1 Block CUMBERLAND ST S," TBPS] THEFT NOT IN PROGRESS, UNDER 5000",Other Theft,THEFT
TB24026474,"06/30/2024, 6:09:32 PM","07/01/2024, 1:03:34 PM",THUNDER BAY,ON,P7B 5R7,100 Block CUMBERLAND ST S," TBPS] THEFT IN PROGRESS, OVER 50000",Other Theft,THEFT
TB24026456,"06/30/2024, 2:58:00 PM","07/01/2024, 1:03:35 PM",THUNDER BAY,ON,P7E 2A6,300 Block KINGSWAY, TBPS] ASSAULT SUSP PRESENT OR IN AREA,Assault,ASSAULT
TB24026437,"06/30/2024, 10:51:14 AM","07/01/2024, 1:03:36 PM",THUNDER BAY,ON,P7C 3G6,1000 Block ALEXANDRA ST, TBPS] STOLEN VEHICLE SUSP PRESENT OR MAY STILL BE IN AREA,Theft of Vehicle,STOLEN VEHICLE
TB24026438,"06/30/2024, 11:08:26 AM","07/01/2024, 1:03:36 PM",THUNDER BAY,ON,P7E 5Y8,400 Block GEORGE ST, TBPS] ASSAULT SUSP PRESENT OR IN AREA,Assault,ASSAULT
TB24026417,"06/30/2024, 5:36:09 AM","07/01/2024, 1:03:37 PM",THUNDER BAY,ON,P7G 2G7,3500 Block DAWSON RD, TBPS] ASSAULT ACCUSED NOT PRESENT,Assault,ASSAULT
TB24026350,"06/29/2024, 8:10:24 PM","07/01/2024, 1:03:38 PM",THUNDER BAY,ON,P7B 5R8,100 Block CUMBERLAND ST S, TBPS] ASSAULT ACCUSED NOT PRESENT,Assault,ASSAULT
TB24026663,"07/01/2024, 11:36:09 PM","07/02/2024, 1:04:49 PM",THUNDER BAY,ON,P7C 3P4,MAY ST N AND LEITH ST, TBPS] ASSAULT SUSP PRESENT OR IN AREA,Assault,ASSAULT
TB24026678,"07/02/2024, 1:14:44 AM","07/02/2024, 1:04:49 PM",THUNDER BAY,ON,P7A 4L8,1 Block CUMBERLAND ST N, TBPS] MOTOR VEHICLE COLLISION MVC NO INJURIES,Traffic,MOTOR VEHICLE COLLISION
TB24026686,"07/02/2024, 2:00:30 AM","07/02/2024, 1:04:49 PM",THUNDER BAY,ON,P7B 6E8,PEARL ST AND SOUTH WATER ST, TBPS] MOTOR VEHICLE COLLISION 11-10 MVC ANY TYPE,Other,MOTOR VEHICLE COLLISION
TB24026716,"07/02/2024, 7:32:14 AM","07/02/2024, 1:04:49 PM",THUNDER BAY,ON,P7A 4S3,500 Block CUMBERLAND ST N, TBPS] LIQUOR LICENCE ACT LIQUOR LICENCE ACT VIOLATION IN PROGRESS,Quality of Life,LIQUOR LICENCE ACT
TB24026627,"07/01/2024, 7:40:48 PM","07/02/2024, 1:04:50 PM",THUNDER BAY,ON,P7C,HARBOUR EXPRESSWAY AND GOLF LINKS RD, TBPS] MOTOR VEHICLE COLLISION VEHICLE LEAKING FLUIDS - DUAL RESP,Traffic,MOTOR VEHICLE COLLISION
TB24026635,"07/01/2024, 8:12:57 PM","07/02/2024, 1:04:50 PM",THUNDER BAY,ON,P7B 6G2,200 Block BLUCHER AV," TBPS] SEXUAL ASSAULT JUST OCCURRED, ACCUSED NOT PRESENT",Other,SEXUAL ASSAULT
TB24026639,"07/01/2024, 8:43:46 PM","07/02/2024, 1:04:50 PM",THUNDER BAY,ON,J4Y 0B5,400 Block LYON BLVD W, TBPS] INDECENT ACTS SUSP PRESENT OR MAY STILL BE IN AREA,Sexual Offense,INDECENT ACTS
TB24026642,"07/01/2024, 9:00:43 PM","07/02/2024, 1:04:50 PM",THUNDER BAY,ON,P7C 3H6,200 Block SIMPSON ST, TBPS] ASSAULT SUSP PRESENT OR IN AREA,Assault,ASSAULT
TB24026645,"07/01/2024, 9:33:51 PM","07/02/2024, 1:04:50 PM",THUNDER BAY,ON,P7G 2E6,1800 Block DAWSON RD, TBPS] MOTOR VEHICLE COLLISION MVC - AMB ENR - DUAL RESP,Other,MOTOR VEHICLE COLLISION
TB24026646,"07/01/2024, 9:39:19 PM","07/02/2024, 1:04:50 PM",THUNDER BAY,ON,P7E 6S6,2100 Block MOUNTDALE AV, TBPS] B-E BUS/RES/OTH SUSP PRESENT OR MAY STILL BE IN AREA,Breaking & Entering,B-E BUS/RES/OTH
TB24026659,"07/01/2024, 11:09:16 PM","07/02/2024, 1:04:50 PM",THUNDER BAY,ON,P7B 1R3,200 Block BAY ST, TBPS] ASSAULT SUSP PRESENT OR IN AREA,Assault,ASSAULT
TB24026662,"07/01/2024, 11:29:04 PM","07/02/2024, 1:04:50 PM",THUNDER BAY,ON,P7B 5R8,100 Block CUMBERLAND ST S, TBPS] B-E BUS/RES/OTH SUSP PRESENT OR MAY STILL BE IN AREA,Breaking & Entering,B-E BUS/RES/OTH
TB24026589,"07/01/2024, 2:06:05 PM","07/02/2024, 1:04:51 PM",THUNDER BAY,ON,P7C 2A7,200 Block KENSINGTON DR, TBPS] B-E BUS/RES/OTH 11-10,Breaking & Entering,B-E BUS/RES/OTH
TB24026581,"07/01/2024, 10:53:40 AM","07/02/2024, 1:04:52 PM",THUNDER BAY,ON,P7E 5R6,600 Block ARTHUR ST W, TBPS] ASSAULT SUSP PRESENT OR IN AREA,Assault,ASSAULT
TB24026583,"07/01/2024, 11:36:38 AM","07/02/2024, 1:04:52 PM",THUNDER BAY,ON,P7B 4X6,100 Block JUNOT AV S, TBPS] LIQUOR LICENCE ACT LIQUOR LICENCE ACT VIOLATION IN PROGRESS,Quality of Life,LIQUOR LICENCE ACT
TB24026595,"07/01/2024, 4:22:49 PM","07/02/2024, 1:04:52 PM",THUNDER BAY,ON,P7C 4M9,500 Block WILTSHIRE CR," TBPS] THEFT NOT IN PROGRESS, FROM MOTOR VEHICLE",Theft from Vehicle,THEFT
TB24026611,"07/01/2024, 6:03:02 PM","07/02/2024, 1:04:52 PM",THUNDER BAY,ON,P7B 2X4,1 Block COURT ST S," TBPS] THEFT NOT IN PROGRESS, UNDER 5000",Other Theft,THEFT
TB24026629,"07/01/2024, 7:45:54 PM","07/02/2024, 1:04:52 PM",THUNDER BAY,ON,P7E 3R5,200 Block GORE ST W, TBPS] DRUG OFFENCES SUSP PRESENT OR MAY STILL BE IN AREA,Quality of Life,DRUG OFFENCES
TB24026651,"07/01/2024, 10:12:04 PM","07/02/2024, 1:05:46 PM",THUNDER BAY,ON,P7C 4P7,400 Block EDWARD ST N," TBPS] THEFT NOT IN PROGRESS, UNDER 5000",Other Theft,THEFT
TB24026653,"07/01/2024, 10:36:17 PM","07/02/2024, 1:05:46 PM",THUNDER BAY,ON,P7A 4K8,1 Block CUMBERLAND ST N, TBPS] DRUG OFFENCES SUSP PRESENT OR MAY STILL BE IN AREA,Quality of Life,DRUG OFFENCES
TB24026833,"07/02/2024, 11:49:53 PM","07/03/2024, 1:08:25 PM",THUNDER BAY,ON,.,UNKNOWN STREET AND UNKNOWN STREET, TBPS] MOTOR VEHICLE COLLISION MVC NO INJURIES,Traffic,MOTOR VEHICLE COLLISION
TB24026842,"07/03/2024, 12:41:30 AM","07/03/2024, 1:08:26 PM",THUNDER BAY,ON,P7C 3P4,200 Block MAY ST N, TBPS] DRUG OFFENCES SUSP PRESENT OR MAY STILL BE IN AREA,Quality of Life,DRUG OFFENCES
TB24026850,"07/03/2024, 2:00:31 AM","07/03/2024, 1:08:29 PM",THUNDER BAY,ON,P7B 1L4,200 Block AMBROSE ST, TBPS] DRUG OFFENCES SUSP PRESENT OR MAY STILL BE IN AREA,Quality of Life,DRUG OFFENCES
TB24026857,"07/03/2024, 2:21:24 AM","07/03/2024, 1:08:30 PM",THUNDER BAY,ON,P7C 1B6,1000 Block VICTORIA AV E, TBPS] MOTOR VEHICLE COLLISION MVC - AMB ENR - DUAL RESP,Other,MOTOR VEHICLE COLLISION
TB24026865,"07/03/2024, 3:03:01 AM","07/03/2024, 1:08:32 PM",THUNDER BAY,ON,P7B 1K3,900 Block RED RIVER RD, TBPS] SHOPLIFT IN CUSTODY - NO PROBLEMS,Theft,SHOPLIFT
TB24026891,"07/03/2024, 6:52:58 AM","07/03/2024, 1:08:37 PM",THUNDER BAY,ON,P7C 2K7,200 Block FINLAYSON ST, TBPS] DRUG OFFENCES SUSP PRESENT OR MAY STILL BE IN AREA,Quality of Life,DRUG OFFENCES
TB24026892,"07/03/2024, 6:55:45 AM","07/03/2024, 1:08:38 PM",THUNDER BAY,ON,P7E 2M6,1400 Block BROWN ST," TBPS] MISCHIEF IP/SUSP IN AREA, UNDER 5,000",Other Property Crime,MISCHIEF
TB24026717,"07/02/2024, 8:47:57 AM","07/03/2024, 1:08:58 PM",THUNDER BAY,ON,P7B 1K3,800 Block RED RIVER RD, TBPS] THEFT SUSP STILL PRESENT OR MAY BE IN AREA,Other Theft,THEFT
TB24026719,"07/02/2024, 9:43:06 AM","07/03/2024, 1:08:58 PM",THUNDER BAY,ON,P7C 1E1,1800 Block VICTORIA AV E, TBPS] B-E BUS/RES/OTH SUSP PRESENT OR MAY STILL BE IN AREA,Breaking & Entering,B-E BUS/RES/OTH
TB24026723,"07/02/2024, 11:00:49 AM","07/03/2024, 1:08:59 PM",THUNDER BAY,ON,P7C 1B6,1000 Block VICTORIA AV E," TBPS] MISCHIEF 11-10, MICHIEF OVER 5000",Other Property Crime,MISCHIEF
TB24026730,"07/02/2024, 11:53:05 AM","07/03/2024, 1:09:01 PM",THUNDER BAY,ON,P7B 1A8,COURT ST N AND RED RIVER RD," TBPS] MISCHIEF IP/SUSP IN AREA, UNDER 5,000",Other Property Crime,MISCHIEF
TB24026741,"07/02/2024, 3:27:39 PM","07/03/2024, 1:09:03 PM",THUNDER BAY,ON,P7C,GOLF LINKS RD AND HARBOUR EXPRESSWAY, TBPS] MOTOR VEHICLE COLLISION 11-10 MVC ANY TYPE,Other,MOTOR VEHICLE COLLISION
TB24026743,"07/02/2024, 3:33:19 PM","07/03/2024, 1:09:04 PM",THUNDER BAY,ON,P7A 2W4,900 Block HUDSON AV, TBPS] MOTOR VEHICLE COLLISION 11-10 MVC ANY TYPE,Other,MOTOR VEHICLE COLLISION
TB24026744,"07/02/2024, 3:39:02 PM","07/03/2024, 1:09:04 PM",THUNDER BAY,ON,P7C 0A4,400 Block VICTORIA AV W, TBPS] MOTOR VEHICLE COLLISION 11-10 MVC ANY TYPE,Other,MOTOR VEHICLE COLLISION
TB24026745,"07/02/2024, 3:44:26 PM","07/03/2024, 1:09:05 PM",THUNDER BAY,ON,P7A 1L8,ARUNDEL ST AND BLACK BAY RD, TBPS] MOTOR VEHICLE COLLISION 11-10 MVC ANY TYPE,Other,MOTOR VEHICLE COLLISION
TB24026750,"07/02/2024, 4:03:30 PM","07/03/2024, 1:09:06 PM",THUNDER BAY,ON,P7C 4R1,500 Block EDWARD ST N, TBPS] MOTOR VEHICLE COLLISION 11-10 MVC ANY TYPE,Other,MOTOR VEHICLE COLLISION
TB24026752,"07/02/2024, 4:19:38 PM","07/03/2024, 1:09:06 PM",THUNDER BAY,ON,P7B 1B8,400 Block WAVERLY ST, TBPS] MOTOR VEHICLE COLLISION 11-10 MVC ANY TYPE,Other,MOTOR VEHICLE COLLISION
TB24026756,"07/02/2024, 4:43:54 PM","07/03/2024, 1:09:07 PM",THUNDER BAY,ON,P7E 5S2,1100 Block ARTHUR ST W, TBPS] MOTOR VEHICLE COLLISION 11-10 MVC ANY TYPE,Other,MOTOR VEHICLE COLLISION
TB24026761,"07/02/2024, 5:09:53 PM","07/03/2024, 1:09:08 PM",THUNDER BAY,ON,P7C 2K6,100 Block FINLAYSON ST, TBPS] MOTOR VEHICLE COLLISION 11-10 MVC ANY TYPE,Other,MOTOR VEHICLE COLLISION
TB24026768,"07/02/2024, 5:42:15 PM","07/03/2024, 1:09:11 PM",THUNDER BAY,ON,P7K 1A2,1100 Block MAHOGANY PL, TBPS] MOTOR VEHICLE COLLISION 11-10 MVC ANY TYPE,Other,MOTOR VEHICLE COLLISION
TB24026769,"07/02/2024, 5:43:35 PM","07/03/2024, 1:09:11 PM",THUNDER BAY,ON,P7C 2N9,300 Block ROBERTSON ST, TBPS] ASSAULT ACCUSED NOT PRESENT,Assault,ASSAULT
TB24026770,"07/02/2024, 5:45:13 PM","07/03/2024, 1:09:12 PM",THUNDER BAY,ON,P7A 7T5,HODDER AV AND GRENVILLE AV, TBPS] MOTOR VEHICLE COLLISION 11-10 MVC ANY TYPE,Other,MOTOR VEHICLE COLLISION
TB24026771,"07/02/2024, 5:55:18 PM","07/03/2024, 1:09:13 PM",THUNDER BAY,ON,P7E,100 Block WATERLOO ST S, TBPS] MOTOR VEHICLE COLLISION 11-10 MVC ANY TYPE,Other,MOTOR VEHICLE COLLISION
TB24026772,"07/02/2024, 6:00:47 PM","07/03/2024, 1:09:14 PM",THUNDER BAY,ON,P7A 4R1,400 Block CUMBERLAND ST N, TBPS] MOTOR VEHICLE COLLISION 11-10 MVC ANY TYPE,Other,MOTOR VEHICLE COLLISION
TB24026774,"07/02/2024, 6:11:50 PM","07/03/2024, 1:09:14 PM",THUNDER BAY,ON,P7C 1E3,2100 Block VICTORIA AV E, TBPS] MOTOR VEHICLE COLLISION 11-10 MVC ANY TYPE,Other,MOTOR VEHICLE COLLISION
TB24026780,"07/02/2024, 6:19:27 PM","07/03/2024, 1:09:16 PM",THUNDER BAY,ON,P7E 5P7,100 Block ARTHUR ST W, TBPS] MOTOR VEHICLE COLLISION 11-10 MVC ANY TYPE,Other,MOTOR VEHICLE COLLISION
TB24026782,"07/02/2024, 6:27:33 PM","07/03/2024, 1:09:17 PM",THUNDER BAY,ON,P7B 2Z8,500 Block FORT WILLIAM RD, TBPS] MOTOR VEHICLE COLLISION 11-10 MVC ANY TYPE,Other,MOTOR VEHICLE COLLISION
TB24026783,"07/02/2024, 6:29:30 PM","07/03/2024, 1:09:18 PM",THUNDER BAY,ON,P7A 3S4,600 Block RIVER ST, TBPS] MOTOR VEHICLE COLLISION 11-10 MVC ANY TYPE,Other,MOTOR VEHICLE COLLISION
TB24026784,"07/02/2024, 6:31:49 PM","07/03/2024, 1:09:18 PM",THUNDER BAY,ON,P7E 5R8,ARTHUR ST W AND MOUNTDALE AV, TBPS] MOTOR VEHICLE COLLISION 11-10 MVC ANY TYPE,Other,MOTOR VEHICLE COLLISION
TB24026785,"07/02/2024, 6:31:58 PM","07/03/2024, 1:09:19 PM",THUNDER BAY,ON,P7B 5Z5,1200 Block BALMORAL ST," TBPS] MISCHIEF 11-10, MICHIEF UNDER 5000",Other Property Crime,MISCHIEF
TB24026792,"07/02/2024, 7:24:16 PM","07/03/2024, 1:09:22 PM",THUNDER BAY,ON,P7C 6A5,800 Block MAY ST N, TBPS] MOTOR VEHICLE COLLISION 11-10 MVC ANY TYPE,Other,MOTOR VEHICLE COLLISION
TB24026793,"07/02/2024, 7:28:35 PM","07/03/2024, 1:09:23 PM",THUNDER BAY,ON,P7B 2X6,100 Block COURT ST S, TBPS] MOTOR VEHICLE COLLISION 11-10 MVC ANY TYPE,Other,MOTOR VEHICLE COLLISION
TB24026794,"07/02/2024, 7:28:51 PM","07/03/2024, 1:09:23 PM",THUNDER BAY,ON,P7A 5G2,100 Block JEAN ST," TBPS] THEFT NOT IN PROGRESS, UNDER 5000",Other Theft,THEFT
TB24026795,"07/02/2024, 7:32:42 PM","07/03/2024, 1:09:24 PM",THUNDER BAY,ON,P7B 3K1,HIGH ST N AND RED RIVER RD, TBPS] MOTOR VEHICLE COLLISION 11-10 MVC ANY TYPE,Other,MOTOR VEHICLE COLLISION
TB24026797,"07/02/2024, 7:47:29 PM","07/03/2024, 1:09:24 PM",THUNDER BAY,ON,P7J 1G6,2000 Block JAMES ST S, TBPS] MOTOR VEHICLE COLLISION MVC INJURIES FIRE NOT REQ,Traffic,MOTOR VEHICLE COLLISION
TB24026798,"07/02/2024, 7:49:14 PM","07/03/2024, 1:09:25 PM",THUNDER BAY,ON,P7A 7X9,500 Block COUNTY BLVD, TBPS] MOTOR VEHICLE COLLISION 11-10 MVC ANY TYPE,Other,MOTOR VEHICLE COLLISION
TB24026802,"07/02/2024, 8:15:33 PM","07/03/2024, 1:09:25 PM",THUNDER BAY,ON,P7C 5K6,600 Block CHURCHILL DR W, TBPS] MOTOR VEHICLE COLLISION 11-10 MVC ANY TYPE,Other,MOTOR VEHICLE COLLISION
TB24026804,"07/02/2024, 8:26:37 PM","07/03/2024, 1:09:26 PM",THUNDER BAY,ON,P7C 4Y7,300 Block LILLIE ST N, TBPS] MOTOR VEHICLE COLLISION 11-10 MVC ANY TYPE,Other,MOTOR VEHICLE COLLISION
TB24026806,"07/02/2024, 8:40:37 PM","07/03/2024, 1:09:26 PM",THUNDER BAY,ON,P7B 4R9,100 Block KENOGAMI AV S, TBPS] MOTOR VEHICLE COLLISION 11-10 MVC ANY TYPE,Other,MOTOR VEHICLE COLLISION
TB24026807,"07/02/2024, 8:48:17 PM","07/03/2024, 1:09:27 PM",THUNDER BAY,ON,P7E 4W9,JAMES ST S AND WALSH ST W, TBPS] MOTOR VEHICLE COLLISION 11-10 MVC ANY TYPE,Other,MOTOR VEHICLE COLLISION
TB24026829,"07/02/2024, 11:36:14 PM","07/03/2024, 1:09:31 PM",THUNDER BAY,ON,P7C 4S8,1 Block LIMBRICK ST, TBPS] B-E BUS/RES/OTH SUSP PRESENT OR MAY STILL BE IN AREA,Breaking & Entering,B-E BUS/RES/OTH
TB24027017,"07/04/2024, 3:35:55 AM","07/04/2024, 1:06:58 PM",THUNDER BAY,ON,P7C 3X8,100 Block CENTENNIAL SQ, TBPS] THEFT SUSP STILL PRESENT OR MAY BE IN AREA,Other Theft,THEFT
TB24027024,"07/04/2024, 4:26:31 AM","07/04/2024, 1:06:58 PM",THUNDER BAY,ON,P7E 6H2,200 Block AMELIA ST W, TBPS] THEFT SUSP STILL PRESENT OR MAY BE IN AREA,Other Theft,THEFT
TB24027027,"07/04/2024, 5:07:48 AM","07/04/2024, 1:06:58 PM",THUNDER BAY,ON,P7B 3Z7,700 Block MEMORIAL AV," TBPS] THEFT NOT IN PROGRESS, UNDER 5000",Other Theft,THEFT
TB24027038,"07/04/2024, 6:34:07 AM","07/04/2024, 1:06:58 PM",THUNDER BAY,ON,P7B 2X7,COURT ST S AND CORNWALL AV," TBPS] MISCHIEF IP/SUSP IN AREA, UNDER 5,000",Other Property Crime,MISCHIEF
TB24027040,"07/04/2024, 6:43:11 AM","07/04/2024, 1:06:58 PM",THUNDER BAY,ON,P7B 3M5,500 Block HIGH ST S," TBPS] THEFT NOT IN PROGRESS, UNDER 5000",Other Theft,THEFT
TB24027000,"07/04/2024, 1:18:12 AM","07/04/2024, 1:06:59 PM",THUNDER BAY,ON,P7E 4L2,MARY ST W AND JAMES ST S, TBPS] MOTOR VEHICLE COLLISION MVC NO INJURIES,Traffic,MOTOR VEHICLE COLLISION
TB24027001,"07/04/2024, 1:19:32 AM","07/04/2024, 1:06:59 PM",THUNDER BAY,ON,P7C 3J7,600 Block SIMPSON ST, TBPS] ASSAULT SUSP PRESENT OR IN AREA,Assault,ASSAULT
TB24027016,"07/04/2024, 3:32:36 AM","07/04/2024, 1:06:59 PM",THUNDER BAY,ON,P7B 6B9,1000 Block FORT WILLIAM RD, TBPS] SHOPLIFT IN CUSTODY - NO PROBLEMS,Theft,SHOPLIFT
TB24027020,"07/04/2024, 3:42:51 AM","07/04/2024, 1:06:59 PM",THUNDER BAY,ON,P7B 3Y6,500 Block MEMORIAL AV, TBPS] TROUBLE WITH YOUTH YOUTHS STILL IN AREA,Quality of Life,TROUBLE WITH YOUTH
TB24027022,"07/04/2024, 4:02:03 AM","07/04/2024, 1:06:59 PM",THUNDER BAY,ON,P7C 2M8,100 Block OGDEN ST, TBPS] DRUG OFFENCES SUSP PRESENT OR MAY STILL BE IN AREA,Quality of Life,DRUG OFFENCES
TB24027048,"07/04/2024, 7:39:23 AM","07/04/2024, 1:06:59 PM",THUNDER BAY,ON,P7B 4Z3,1 Block CARL AV, TBPS] B-E BUS/RES/OTH SUSP PRESENT OR MAY STILL BE IN AREA,Breaking & Entering,B-E BUS/RES/OTH
TB24026961,"07/03/2024, 8:43:14 PM","07/04/2024, 1:07:00 PM",THUNDER BAY,ON,P7E,ARTHUR ST W AND 61 HWY, TBPS] MOTOR VEHICLE COLLISION 11-10 MVC ANY TYPE,Other,MOTOR VEHICLE COLLISION
TB24026981,"07/03/2024, 10:42:09 PM","07/04/2024, 1:07:00 PM",THUNDER BAY,ON,P7B 4Y7,100 Block BLUCHER AV, TBPS] B-E BUS/RES/OTH SUSP PRESENT OR MAY STILL BE IN AREA,Breaking & Entering,B-E BUS/RES/OTH
TB24026995,"07/04/2024, 12:46:49 AM","07/04/2024, 1:07:00 PM",THUNDER BAY,ON,P7E 1C3,BRODIE ST S AND ARTHUR ST E, TBPS] MOTOR VEHICLE COLLISION MVC - AMB ENR - DUAL RESP,Other,MOTOR VEHICLE COLLISION
TB24027002,"07/04/2024, 1:26:28 AM","07/04/2024, 1:07:00 PM",THUNDER BAY,ON,P7B 4E8,1 Block DALTON AV," TBPS] THEFT NOT IN PROGRESS, FROM MOTOR VEHICLE",Theft from Vehicle,THEFT
TB24027005,"07/04/2024, 1:54:15 AM","07/04/2024, 1:07:00 PM",THUNDER BAY,ON,P7B 4Y7,100 Block BLUCHER AV, TBPS] ASSAULT SUSP PRESENT OR IN AREA,Assault,ASSAULT
TB24026936,"07/03/2024, 4:38:17 PM","07/04/2024, 1:07:01 PM",THUNDER BAY,ON,P7E 5R7,500 Block ARTHUR ST W, TBPS] MOTOR VEHICLE COLLISION 11-10 MVC ANY TYPE,Other,MOTOR VEHICLE COLLISION
TB24026937,"07/03/2024, 4:43:08 PM","07/04/2024, 1:07:01 PM",THUNDER BAY,ON,P7B 1K3,800 Block RED RIVER RD, TBPS] MOTOR VEHICLE COLLISION 11-10 MVC ANY TYPE,Other,MOTOR VEHICLE COLLISION
TB24026939,"07/03/2024, 4:57:57 PM","07/04/2024, 1:07:01 PM",THUNDER BAY,ON,P7B 3Y6,500 Block MEMORIAL AV, TBPS] MOTOR VEHICLE COLLISION 11-10 MVC ANY TYPE,Other,MOTOR VEHICLE COLLISION
TB24026948,"07/03/2024, 5:40:12 PM","07/04/2024, 1:07:01 PM",THUNDER BAY,ON,P7A 8A4,100 Block EAST AV, TBPS] MOTOR VEHICLE COLLISION 11-10 MVC ANY TYPE,Other,MOTOR VEHICLE COLLISION
TB24026959,"07/03/2024, 8:39:16 PM","07/04/2024, 1:07:01 PM",THUNDER BAY,ON,P7B 2C2,BALMORAL ST AND FAIRCREST ST, TBPS] MOTOR VEHICLE COLLISION 11-10 MVC ANY TYPE,Other,MOTOR VEHICLE COLLISION
TB24026899,"07/03/2024, 8:50:08 AM","07/04/2024, 1:07:02 PM",THUNDER BAY,ON,.,PACIFIC AV AND SIMPSON ST, TBPS] ASSAULT SUSP PRESENT OR IN AREA,Assault,ASSAULT
TB24026901,"07/03/2024, 9:43:13 AM","07/04/2024, 1:07:02 PM",THUNDER BAY,ON,P7E 6N7,1500 Block JAMES ST S, TBPS] ASSAULT SUSP PRESENT OR IN AREA,Assault,ASSAULT
TB24026908,"07/03/2024, 11:17:25 AM","07/04/2024, 1:07:02 PM",THUNDER BAY,ON,P7C 1E8,2600 Block VICTORIA AV E," TBPS] MISCHIEF IP/SUSP IN AREA, UNDER 5,000",Other Property Crime,MISCHIEF
TB24026910,"07/03/2024, 11:41:48 AM","07/04/2024, 1:07:02 PM",THUNDER BAY,ON,P7B 6J6,100 Block PICTON AV, TBPS] B-E BUS/RES/OTH SUSP PRESENT OR MAY STILL BE IN AREA,Breaking & Entering,B-E BUS/RES/OTH
TB24026918,"07/03/2024, 3:00:13 PM","07/04/2024, 1:07:02 PM",THUNDER BAY,ON,P7E 5P7,200 Block ARTHUR ST W, TBPS] MOTOR VEHICLE COLLISION 11-10 MVC ANY TYPE,Other,MOTOR VEHICLE COLLISION
TB24026922,"07/03/2024, 3:18:57 PM","07/04/2024, 1:07:02 PM",THUNDER BAY,ON,P7A 4K8,1 Block CUMBERLAND ST N, TBPS] MOTOR VEHICLE COLLISION 11-10 MVC ANY TYPE,Other,MOTOR VEHICLE COLLISION
TB24026923,"07/03/2024, 3:24:08 PM","07/04/2024, 1:07:02 PM",THUNDER BAY,ON,P7B 4A1,900 Block MEMORIAL AV, TBPS] MOTOR VEHICLE COLLISION 11-10 MVC ANY TYPE,Other,MOTOR VEHICLE COLLISION
TB24026926,"07/03/2024, 3:45:48 PM","07/04/2024, 1:07:02 PM",THUNDER BAY,ON,P7B 5L6,300 Block MAIN ST, TBPS] MOTOR VEHICLE COLLISION 11-10 MVC ANY TYPE,Other,MOTOR VEHICLE COLLISION
TB24026933,"07/03/2024, 4:31:48 PM","07/04/2024, 1:07:02 PM",THUNDER BAY,ON,P7C 3X4,700 Block SYNDICATE AV N, TBPS] ASSAULT ACCUSED NOT PRESENT,Assault,ASSAULT
TB24026934,"07/03/2024, 4:35:32 PM","07/04/2024, 1:07:02 PM",THUNDER BAY,ON,P7C 2R4,CONNOLLY ST AND MCLEOD ST, TBPS] MOTOR VEHICLE COLLISION 11-10 MVC ANY TYPE,Other,MOTOR VEHICLE COLLISION
TB24026942,"07/03/2024, 5:16:45 PM","07/04/2024, 1:07:02 PM",THUNDER BAY,ON,P7A 4L7,1 Block CUMBERLAND ST N, TBPS] B-E BUS/RES/OTH 11-10,Breaking & Entering,B-E BUS/RES/OTH
TB24026944,"07/03/2024, 5:22:07 PM","07/04/2024, 1:07:02 PM",THUNDER BAY,ON,P7B 5L6,300 Block MAIN ST, TBPS] THEFT SUSP STILL PRESENT OR MAY BE IN AREA,Other Theft,THEFT
TB24026962,"07/03/2024, 8:47:05 PM","07/04/2024, 1:07:02 PM",THUNDER BAY,ON,P7C 2C8,400 Block UNIVERSITY DR, TBPS] MOTOR VEHICLE COLLISION 11-10 MVC ANY TYPE,Other,MOTOR VEHICLE COLLISION
TB24026904,"07/03/2024, 10:04:25 AM","07/04/2024, 1:07:03 PM",THUNDER BAY,ON,P7C 1E1,1800 Block VICTORIA AV E, TBPS] B-E BUS/RES/OTH SUSP PRESENT OR MAY STILL BE IN AREA,Breaking & Entering,B-E BUS/RES/OTH
TB24026917,"07/03/2024, 2:52:04 PM","07/04/2024, 1:07:03 PM",THUNDER BAY,ON,P7B 4Y8,100 Block BLUCHER AV, TBPS] ROBBERY NO WEAPONS - SUSP STILL IN AREA,Robbery,ROBBERY
TB24026919,"07/03/2024, 3:06:14 PM","07/04/2024, 1:07:03 PM",THUNDER BAY,ON,P7C 4L7,500 Block CHAPPLES DR, TBPS] MOTOR VEHICLE COLLISION 11-10 MVC ANY TYPE,Other,MOTOR VEHICLE COLLISION
TB24027133,"07/05/2024, 12:28:27 AM","07/05/2024, 1:07:17 PM",THUNDER BAY,ON,P7B 7C6,900 Block CARRICK ST, TBPS] THEFT SUSP STILL PRESENT OR MAY BE IN AREA,Other Theft,THEFT
TB24027137,"07/05/2024, 12:51:30 AM","07/05/2024, 1:07:17 PM",THUNDER BAY,ON,P7C 2V9,NORTHERN AV AND MAY ST N, TBPS] STOLEN VEHICLE SUSP PRESENT OR MAY STILL BE IN AREA,Theft of Vehicle,STOLEN VEHICLE
TB24027141,"07/05/2024, 1:53:17 AM","07/05/2024, 1:07:18 PM",THUNDER BAY,ON,P7B 3A6,900 Block FORT WILLIAM RD," TBPS] THEFT IN PROGRESS, OVER 50000",Other Theft,THEFT
TB24027152,"07/05/2024, 2:44:46 AM","07/05/2024, 1:07:19 PM",THUNDER BAY,ON,P7E 2N4,100 Block LELAND AV S," TBPS] THEFT NOT IN PROGRESS, FROM MOTOR VEHICLE",Theft from Vehicle,THEFT
TB24027155,"07/05/2024, 2:54:28 AM","07/05/2024, 1:07:19 PM",THUNDER BAY,ON,P7B 3A6,900 Block FORT WILLIAM RD, TBPS] LIQUOR LICENCE ACT LIQUOR LICENCE ACT VIOLATION IN PROGRESS,Quality of Life,LIQUOR LICENCE ACT
TB24027157,"07/05/2024, 3:02:39 AM","07/05/2024, 1:07:20 PM",THUNDER BAY,ON,P7E 1A2,SIMPSON ST AND GEORGE ST, TBPS] ASSAULT SUSP PRESENT OR IN AREA,Assault,ASSAULT
TB24027160,"07/05/2024, 3:16:20 AM","07/05/2024, 1:07:20 PM",THUNDER BAY,ON,P7B 3A6,900 Block FORT WILLIAM RD, TBPS] THEFT SUSP STILL PRESENT OR MAY BE IN AREA,Other Theft,THEFT
TB24027181,"07/05/2024, 5:34:59 AM","07/05/2024, 1:07:23 PM",THUNDER BAY,ON,P7B 5J4,1000 Block DAWSON RD, TBPS] LIQUOR LICENCE ACT LIQUOR LICENCE ACT VIOLATION IN PROGRESS,Quality of Life,LIQUOR LICENCE ACT
TB24027189,"07/05/2024, 7:05:39 AM","07/05/2024, 1:07:24 PM",THUNDER BAY,ON,P7E 3V7,100 Block FREDERICA ST W, TBPS] STOLEN VEHICLE SUSP NOT IN AREA,Theft of Vehicle,STOLEN VEHICLE
TB24027192,"07/05/2024, 8:12:52 AM","07/05/2024, 1:07:25 PM",THUNDER BAY,ON,P7C 3W9,400 Block SYNDICATE AV N, TBPS] B-E BUS/RES/OTH SUSP PRESENT OR MAY STILL BE IN AREA,Breaking & Entering,B-E BUS/RES/OTH
TB24026955,"07/03/2024, 7:53:03 PM","07/05/2024, 1:07:28 PM",THUNDER BAY,ON,P7B 1A8,200 Block RED RIVER RD, TBPS] ASSAULT ACCUSED NOT PRESENT,Assault,ASSAULT
TB24027034,"07/04/2024, 6:01:05 AM","07/05/2024, 1:07:46 PM",THUNDER BAY,ON,P7E 5R8,ARTHUR ST W AND MOUNTDALE AV, TBPS] MOTOR VEHICLE COLLISION MVC - AMB ENR - DUAL RESP,Other,MOTOR VEHICLE COLLISION
TB24027050,"07/04/2024, 8:22:46 AM","07/05/2024, 1:07:48 PM",THUNDER BAY,ON,P7E 1E5,400 Block SYNDICATE AV S, TBPS] LIQUOR LICENCE ACT LIQUOR LICENCE ACT VIOLATION IN PROGRESS,Quality of Life,LIQUOR LICENCE ACT
TB24027051,"07/04/2024, 8:46:21 AM","07/05/2024, 1:07:48 PM",THUNDER BAY,ON,P7E 2M6,1400 Block BROWN ST, TBPS] ASSAULT SUSP PRESENT OR IN AREA,Assault,ASSAULT
TB24027054,"07/04/2024, 9:20:38 AM","07/05/2024, 1:07:49 PM",THUNDER BAY,ON,P7E 1E9,CHRISTINA ST E AND SYNDICATE AV S, TBPS] MOTOR VEHICLE COLLISION MVC - AMB ENR - DUAL RESP,Other,MOTOR VEHICLE COLLISION
TB24027067,"07/04/2024, 2:09:25 PM","07/05/2024, 1:07:51 PM",THUNDER BAY,ON,P7E 5P4,2600 Block ARTHUR ST E," TBPS] MISCHIEF 11-10, MICHIEF UNDER 5000",Other Property Crime,MISCHIEF
TB24027069,"07/04/2024, 2:58:46 PM","07/05/2024, 1:07:52 PM",THUNDER BAY,ON,P7E 2S2,200 Block MADISON ST," TBPS] THEFT NOT IN PROGRESS, FROM MOTOR VEHICLE",Theft from Vehicle,THEFT
TB24027070,"07/04/2024, 3:00:20 PM","07/05/2024, 1:07:52 PM",THUNDER BAY,ON,P7A 5M7,1 Block BALSAM ST, TBPS] MOTOR VEHICLE COLLISION 11-10 MVC ANY TYPE,Other,MOTOR VEHICLE COLLISION
TB24027071,"07/04/2024, 3:03:13 PM","07/05/2024, 1:07:52 PM",THUNDER BAY,ON,P7B 5R8,100 Block CUMBERLAND ST S, TBPS] ASSAULT SUSP PRESENT OR IN AREA,Assault,ASSAULT
TB24027072,"07/04/2024, 3:04:22 PM","07/05/2024, 1:07:53 PM",THUNDER BAY,ON,P7B 1K3,800 Block RED RIVER RD, TBPS] MOTOR VEHICLE COLLISION 11-10 MVC ANY TYPE,Other,MOTOR VEHICLE COLLISION
TB24027074,"07/04/2024, 3:12:05 PM","07/05/2024, 1:07:53 PM",THUNDER BAY,ON,P7B 6B9,1000 Block FORT WILLIAM RD, TBPS] MOTOR VEHICLE COLLISION 11-10 MVC ANY TYPE,Other,MOTOR VEHICLE COLLISION
TB24027075,"07/04/2024, 3:21:07 PM","07/05/2024, 1:07:54 PM",THUNDER BAY,ON,P7E 4K9,300 Block MARY ST W, TBPS] MOTOR VEHICLE COLLISION 11-10 MVC ANY TYPE,Other,MOTOR VEHICLE COLLISION
TB24027080,"07/04/2024, 3:43:00 PM","07/05/2024, 1:07:56 PM",THUNDER BAY,ON,P7C 2V9,MAY ST N AND NORTHERN AV, TBPS] MOTOR VEHICLE COLLISION 11-10 MVC ANY TYPE,Other,MOTOR VEHICLE COLLISION
TB24027086,"07/04/2024, 4:34:03 PM","07/05/2024, 1:07:58 PM",THUNDER BAY,ON,P7E 6T5,NEEBING AV AND GORE ST W, TBPS] MOTOR VEHICLE COLLISION 11-10 MVC ANY TYPE,Other,MOTOR VEHICLE COLLISION
TB24027091,"07/04/2024, 5:30:28 PM","07/05/2024, 1:07:58 PM",THUNDER BAY,ON,P7C,EDWARD ST N AND REDWOOD AV E, TBPS] MOTOR VEHICLE COLLISION 11-10 MVC ANY TYPE,Other,MOTOR VEHICLE COLLISION
TB24027094,"07/04/2024, 6:25:14 PM","07/05/2024, 1:07:59 PM",THUNDER BAY,ON,P7B 6R6,GOLF LINKS RD AND RIVIERA DR, TBPS] MOTOR VEHICLE COLLISION 11-10 MVC ANY TYPE,Other,MOTOR VEHICLE COLLISION
TB24027104,"07/04/2024, 7:39:30 PM","07/05/2024, 1:07:59 PM",THUNDER BAY,ON,P7B,WILSON ST AND SOUTH WATER ST, TBPS] MOTOR VEHICLE COLLISION MVC - AMB ENR - DUAL RESP,Other,MOTOR VEHICLE COLLISION
TB24027107,"07/04/2024, 8:01:04 PM","07/05/2024, 1:08:00 PM",THUNDER BAY,ON,P7C 3X3,700 Block SYNDICATE AV N," TBPS] THEFT NOT IN PROGRESS, UNDER 5000",Other Theft,THEFT
TB24027108,"07/04/2024, 8:20:48 PM","07/05/2024, 1:08:00 PM",THUNDER BAY,ON,P7C 4S9,300 Block JAMES ST N, TBPS] MOTOR VEHICLE COLLISION 11-10 MVC ANY TYPE,Other,MOTOR VEHICLE COLLISION
TB24027109,"07/04/2024, 8:45:31 PM","07/05/2024, 1:08:00 PM",THUNDER BAY,ON,P7B 6S2,700 Block MEMORIAL AV, TBPS] MOTOR VEHICLE COLLISION MVC INJURIES FIRE NOT REQ,Traffic,MOTOR VEHICLE COLLISION
TB24027112,"07/04/2024, 9:02:37 PM","07/05/2024, 1:08:00 PM",THUNDER BAY,ON,P7B 5E1,OLIVER RD AND SANDERS DR, TBPS] MOTOR VEHICLE COLLISION VEHICLE LEAKING FLUIDS - DUAL RESP,Traffic,MOTOR VEHICLE COLLISION
TB24027348,"07/06/2024, 7:31:11 AM","07/06/2024, 1:05:24 PM",THUNDER BAY,ON,P7B 6V4,900 Block OLIVER RD, TBPS] ASSAULT SUSP PRESENT OR IN AREA,Assault,ASSAULT
TB24027343,"07/06/2024, 7:02:36 AM","07/06/2024, 1:05:25 PM",THUNDER BAY,ON,P7C 3Y5,300 Block ARCHIBALD ST N, TBPS] B-E BUS/RES/OTH SUSP PRESENT OR MAY STILL BE IN AREA,Breaking & Entering,B-E BUS/RES/OTH
TB24027267,"07/05/2024, 10:40:10 PM","07/06/2024, 1:05:26 PM",THUNDER BAY,ON,P7B 4G4,100 Block MARLBOROUGH ST, TBPS] ASSAULT ACCUSED NOT PRESENT,Assault,ASSAULT
TB24027270,"07/05/2024, 11:12:38 PM","07/06/2024, 1:05:26 PM",THUNDER BAY,ON,P7B 6B9,1000 Block FORT WILLIAM RD, TBPS] THEFT SUSP STILL PRESENT OR MAY BE IN AREA,Other Theft,THEFT
TB24027276,"07/05/2024, 11:39:56 PM","07/06/2024, 1:05:26 PM",THUNDER BAY,ON,P7C 2S1,SIMPSON ST AND PACIFIC AV, TBPS] DRUG OFFENCES SUSP PRESENT OR MAY STILL BE IN AREA,Quality of Life,DRUG OFFENCES
TB24027278,"07/05/2024, 11:51:53 PM","07/06/2024, 1:05:26 PM",THUNDER BAY,ON,P7A 7L2,500 Block COURT ST N, TBPS] LIQUOR LICENCE ACT LIQUOR LICENCE ACT VIOLATION IN PROGRESS,Quality of Life,LIQUOR LICENCE ACT
TB24027282,"07/06/2024, 12:02:33 AM","07/06/2024, 1:05:26 PM",THUNDER BAY,ON,P7B 5K5,1100 Block MEMORIAL AV, TBPS] THEFT SUSP STILL PRESENT OR MAY BE IN AREA,Other Theft,THEFT
TB24027284,"07/06/2024, 12:26:36 AM","07/06/2024, 1:05:26 PM",THUNDER BAY,ON,P7B 5Z5,1200 Block BALMORAL ST," TBPS] THEFT NOT IN PROGRESS, UNDER 5000",Other Theft,THEFT
TB24027286,"07/06/2024, 12:41:56 AM","07/06/2024, 1:05:26 PM",THUNDER BAY,ON,P7B 6S2,700 Block MEMORIAL AV, TBPS] TROUBLE WITH YOUTH YOUTHS STILL IN AREA,Quality of Life,TROUBLE WITH YOUTH
TB24027297,"07/06/2024, 1:34:53 AM","07/06/2024, 1:05:26 PM",THUNDER BAY,ON,P7E 5R2,JAMES ST S AND ARTHUR ST W, TBPS] MOTOR VEHICLE COLLISION MVC NO INJURIES,Traffic,MOTOR VEHICLE COLLISION
TB24027226,"07/05/2024, 5:27:45 PM","07/06/2024, 1:05:27 PM",THUNDER BAY,ON,P7B 6V4,900 Block OLIVER RD, TBPS] MOTOR VEHICLE COLLISION 11-10 MVC ANY TYPE,Other,MOTOR VEHICLE COLLISION
TB24027231,"07/05/2024, 5:56:48 PM","07/06/2024, 1:05:27 PM",THUNDER BAY,ON,P7A 2J6,200 Block GIBSON AV, TBPS] MOTOR VEHICLE COLLISION 11-10 MVC ANY TYPE,Other,MOTOR VEHICLE COLLISION
TB24027250,"07/05/2024, 8:11:09 PM","07/06/2024, 1:05:27 PM",THUNDER BAY,ON,P7E 1G7,ARTHUR ST E AND ARCHIBALD ST S, TBPS] MOTOR VEHICLE COLLISION MVC - AMB ENR - DUAL RESP,Other,MOTOR VEHICLE COLLISION
TB24027252,"07/05/2024, 8:16:46 PM","07/06/2024, 1:05:27 PM",THUNDER BAY,ON,P7E 2V3,500 Block ARTHUR ST W, TBPS] MOTOR VEHICLE COLLISION 11-10 MVC ANY TYPE,Other,MOTOR VEHICLE COLLISION
TB24027255,"07/05/2024, 8:39:26 PM","07/06/2024, 1:05:27 PM",THUNDER BAY,ON,P7B 5L6,300 Block MAIN ST, TBPS] ASSAULT SUSP PRESENT OR IN AREA,Assault,ASSAULT
TB24027258,"07/05/2024, 8:47:14 PM","07/06/2024, 1:05:27 PM",THUNDER BAY,ON,P7E,ARTHUR ST E AND EDWARD ST S, TBPS] MOTOR VEHICLE COLLISION MVC NO INJURIES,Traffic,MOTOR VEHICLE COLLISION
TB24027262,"07/05/2024, 9:20:07 PM","07/06/2024, 1:05:27 PM",THUNDER BAY,ON,P7A 4K8,1000 Block DAWSON RD," TBPS] THEFT NOT IN PROGRESS, UNDER 5000",Other Theft,THEFT
TB24027227,"07/05/2024, 5:36:23 PM","07/06/2024, 1:05:28 PM",THUNDER BAY,ON,P7E 5R5,500 Block ARTHUR ST W, TBPS] MOTOR VEHICLE COLLISION 11-10 MVC ANY TYPE,Other,MOTOR VEHICLE COLLISION
TB24027229,"07/05/2024, 5:42:48 PM","07/06/2024, 1:05:28 PM",THUNDER BAY,ON,P7B 6B9,1000 Block FORT WILLIAM RD, TBPS] INDECENT ACTS SUSP PRESENT OR MAY STILL BE IN AREA,Sexual Offense,INDECENT ACTS
TB24027228,"07/05/2024, 5:42:48 PM","07/06/2024, 1:05:28 PM",THUNDER BAY,ON,P7B 3A6,900 Block FORT WILLIAM RD, TBPS] MOTOR VEHICLE COLLISION 11-10 MVC ANY TYPE,Other,MOTOR VEHICLE COLLISION
TB24027230,"07/05/2024, 5:49:59 PM","07/06/2024, 1:05:28 PM",THUNDER BAY,ON,P7B 0A1,1200 Block GOLF LINKS RD, TBPS] MOTOR VEHICLE COLLISION 11-10 MVC ANY TYPE,Other,MOTOR VEHICLE COLLISION
TB24027248,"07/05/2024, 7:55:18 PM","07/06/2024, 1:05:28 PM",THUNDER BAY,ON,P7E 5M8,900 Block ARTHUR ST E, TBPS] MOTOR VEHICLE COLLISION 11-10 MVC ANY TYPE,Other,MOTOR VEHICLE COLLISION
TB24027249,"07/05/2024, 7:59:46 PM","07/06/2024, 1:05:28 PM",THUNDER BAY,ON,P7E 5M8,ARTHUR ST E AND MCKELLAR ST S, TBPS] MOTOR VEHICLE COLLISION MVC NO INJURIES,Traffic,MOTOR VEHICLE COLLISION
TB24027259,"07/05/2024, 8:55:14 PM","07/06/2024, 1:05:28 PM",THUNDER BAY,ON,P7B 6N3,700 Block ATHENS DR," TBPS] MISCHIEF 11-10, MICHIEF OVER 5000",Other Property Crime,MISCHIEF
TB24027193,"07/05/2024, 8:52:06 AM","07/06/2024, 1:05:29 PM",THUNDER BAY,ON,P7B 4A2,900 Block MEMORIAL AV, TBPS] LIQUOR LICENCE ACT LIQUOR LICENCE ACT VIOLATION IN PROGRESS,Quality of Life,LIQUOR LICENCE ACT
TB24027199,"07/05/2024, 9:24:18 AM","07/06/2024, 1:05:29 PM",THUNDER BAY,ON,P7A 1V3,400 Block HODDER AV, TBPS] ASSAULT ACCUSED NOT PRESENT,Assault,ASSAULT
TB24027209,"07/05/2024, 2:16:55 PM","07/06/2024, 1:05:29 PM",THUNDER BAY,ON,P7B 1L4,200 Block AMBROSE ST, TBPS] B-E BUS/RES/OTH SUSP PRESENT OR MAY STILL BE IN AREA,Breaking & Entering,B-E BUS/RES/OTH
TB24027218,"07/05/2024, 4:11:12 PM","07/06/2024, 1:05:29 PM",THUNDER BAY,ON,P7B 4H1,1 Block HODGE ST, TBPS] STOLEN VEHICLE SUSP PRESENT OR MAY STILL BE IN AREA,Theft of Vehicle,STOLEN VEHICLE
TB24027161,"07/05/2024, 3:16:22 AM","07/06/2024, 1:05:30 PM",THUNDER BAY,ON,P7B 2S4,800 Block FORT WILLIAM RD, TBPS] STOLEN VEHICLE SUSP NOT IN AREA,Theft of Vehicle,STOLEN VEHICLE
TB24027200,"07/05/2024, 9:28:24 AM","07/06/2024, 1:05:30 PM",THUNDER BAY,ON,P7C 4A6,700 Block MCKELLAR ST N, TBPS] LIQUOR LICENCE ACT LIQUOR LICENCE ACT VIOLATION IN PROGRESS,Quality of Life,LIQUOR LICENCE ACT
TB24027402,"07/06/2024, 5:47:36 PM","07/07/2024, 1:03:48 PM",THUNDER BAY,ON,P7B 2G1,OLIVER RD AND HIGH ST S, TBPS] MOTOR VEHICLE COLLISION MVC NO INJURIES,Traffic,MOTOR VEHICLE COLLISION
TB24027412,"07/06/2024, 7:38:25 PM","07/07/2024, 1:03:48 PM",THUNDER BAY,ON,P7B 0A9,300 Block MAIN ST, TBPS] ASSAULT SUSP PRESENT OR IN AREA,Assault,ASSAULT
TB24027418,"07/06/2024, 8:30:58 PM","07/07/2024, 1:03:48 PM",THUNDER BAY,ON,P7C 3X8,100 Block CENTENNIAL SQ, TBPS] ROBBERY NO WEAPONS - SUSP STILL IN AREA,Robbery,ROBBERY
TB24027428,"07/06/2024, 10:26:40 PM","07/07/2024, 1:03:48 PM",THUNDER BAY,ON,P7B 2K2,300 Block QUEEN ST," TBPS] MISCHIEF 11-10, MICHIEF UNDER 5000",Other Property Crime,MISCHIEF
TB24027443,"07/06/2024, 11:56:07 PM","07/07/2024, 1:03:48 PM",THUNDER BAY,ON,P7E 1H1,500 Block LUCI CT, TBPS] ASSAULT SUSP PRESENT OR IN AREA,Assault,ASSAULT
TB24027469,"07/07/2024, 3:39:06 AM","07/07/2024, 1:03:48 PM",THUNDER BAY,ON,P7B 3Y7,400 Block MEMORIAL AV, TBPS] B-E BUS/RES/OTH SUSP PRESENT OR MAY STILL BE IN AREA,Breaking & Entering,B-E BUS/RES/OTH
TB24027394,"07/06/2024, 4:27:38 PM","07/07/2024, 1:03:49 PM",THUNDER BAY,ON,P7A 4S2,500 Block CUMBERLAND ST N, TBPS] ASSAULT ACCUSED PRESENT,Assault,ASSAULT
TB24027411,"07/06/2024, 7:33:56 PM","07/07/2024, 1:03:49 PM",THUNDER BAY,ON,P7C 1M7,200 Block LEITH ST, TBPS] ASSAULT SUSP PRESENT OR IN AREA,Assault,ASSAULT
TB24027417,"07/06/2024, 8:15:36 PM","07/07/2024, 1:03:49 PM",THUNDER BAY,ON,P7B 4S2,200 Block KENOGAMI AV S," TBPS] MISCHIEF 11-10, MICHIEF UNDER 5000",Other Property Crime,MISCHIEF
TB24027421,"07/06/2024, 9:35:19 PM","07/07/2024, 1:03:49 PM",THUNDER BAY,ON,P7C 4T4,500 Block JAMES ST N, TBPS] ASSAULT ACCUSED NOT PRESENT,Assault,ASSAULT
TB24027423,"07/06/2024, 9:58:49 PM","07/07/2024, 1:03:49 PM",THUNDER BAY,ON,P7B 6V4,900 Block OLIVER RD, TBPS] ASSAULT ACCUSED NOT PRESENT,Assault,ASSAULT
TB24027308,"07/06/2024, 2:29:13 AM","07/07/2024, 1:03:50 PM",THUNDER BAY,ON,P7B 3Y7,400 Block MEMORIAL AV, TBPS] ASSAULT ACCUSED NOT PRESENT,Assault,ASSAULT
TB24027365,"07/06/2024, 11:25:52 AM","07/07/2024, 1:03:50 PM",THUNDER BAY,ON,P7A 7W6,100 Block COADY AV, TBPS] ASSAULT SUSP PRESENT OR IN AREA,Assault,ASSAULT
TB24027369,"07/06/2024, 12:14:42 PM","07/07/2024, 1:03:50 PM",THUNDER BAY,ON,P7B 5J4,1000 Block DAWSON RD, TBPS] ASSAULT SUSP PRESENT OR IN AREA,Assault,ASSAULT
TB24027373,"07/06/2024, 1:17:07 PM","07/07/2024, 1:03:50 PM",THUNDER BAY,ON,P7C 5V4,100 Block MAY ST N, TBPS] DRUG OFFENCES SUSP PRESENT OR MAY STILL BE IN AREA,Quality of Life,DRUG OFFENCES
TB24027375,"07/06/2024, 1:29:24 PM","07/07/2024, 1:03:50 PM",THUNDER BAY,ON,P7A,1 Block NORTH WATER ST, TBPS] ASSAULT SUSP PRESENT OR IN AREA,Assault,ASSAULT
TB24027387,"07/06/2024, 3:20:16 PM","07/07/2024, 1:03:51 PM",THUNDER BAY,ON,P7B,CENTRAL AV AND RIVERSIDE DR, TBPS] MOTOR VEHICLE COLLISION MVC - AMB ENR - DUAL RESP,Other,MOTOR VEHICLE COLLISION
TB24027457,"07/07/2024, 1:28:25 AM","07/07/2024, 1:06:07 PM",THUNDER BAY,ON,P7C 4B1,300 Block VICKERS ST N," TBPS] SEXUAL ASSAULT JUST OCCURRED, ACCUSED NOT PRESENT",Other,SEXUAL ASSAULT
TB24027465,"07/07/2024, 2:39:00 AM","07/07/2024, 1:06:07 PM",THUNDER BAY,ON,P7B 1R3,200 Block BAY ST, TBPS] ASSAULT SUSP PRESENT OR IN AREA,Assault,ASSAULT
TB24027472,"07/07/2024, 3:49:10 AM","07/07/2024, 1:06:07 PM",THUNDER BAY,ON,P7C 4J1,200 Block FRANKLIN ST N, TBPS] ASSAULT SUSP PRESENT OR IN AREA,Assault,ASSAULT
TB24027483,"07/07/2024, 5:34:41 AM","07/07/2024, 1:06:07 PM",THUNDER BAY,ON,P7B 6S2,700 Block MEMORIAL AV," TBPS] THEFT NOT IN PROGRESS, OVER 5000",Other Theft,THEFT
TB24027494,"07/07/2024, 7:38:37 AM","07/07/2024, 1:06:07 PM",THUNDER BAY,ON,P7B 3Y2,300 Block MEMORIAL AV, TBPS] ASSAULT SUSP PRESENT OR IN AREA,Assault,ASSAULT
TB24027025,"07/04/2024, 4:48:59 AM","07/07/2024, 1:07:25 PM",THUNDER BAY,ON,P7C 2H4,1300 Block CAMERON ST, TBPS] ASSAULT ACCUSED NOT PRESENT,Assault,ASSAULT
TB24027543,"07/07/2024, 8:53:08 PM","07/08/2024, 1:07:00 PM",THUNDER BAY,ON,P7E 1H3,100 Block CENTENNIAL SQ," TBPS] THEFT NOT IN PROGRESS, UNDER 5000",Other Theft,THEFT
TB24027544,"07/07/2024, 9:01:06 PM","07/08/2024, 1:07:00 PM",THUNDER BAY,ON,P7A 4N1,200 Block CUMBERLAND ST N, TBPS] LIQUOR LICENCE ACT LIQUOR LICENCE ACT VIOLATION IN PROGRESS,Quality of Life,LIQUOR LICENCE ACT
TB24027545,"07/07/2024, 9:13:36 PM","07/08/2024, 1:07:00 PM",THUNDER BAY,ON,P7C,800 Block MINNESOTA ST, TBPS] DRUG OFFENCES SUSP PRESENT OR MAY STILL BE IN AREA,Quality of Life,DRUG OFFENCES
TB24027546,"07/07/2024, 9:28:16 PM","07/08/2024, 1:07:01 PM",THUNDER BAY,ON,P7J,MOUNTAIN RD AND 15TH SIDE RD, TBPS] MOTOR VEHICLE COLLISION 11-10 MVC ANY TYPE,Other,MOTOR VEHICLE COLLISION
TB24027555,"07/07/2024, 11:16:51 PM","07/08/2024, 1:07:02 PM",THUNDER BAY,ON,P7E 6S6,2200 Block MOUNTDALE AV," TBPS] MISCHIEF IP/SUSP IN AREA, UNDER 5,000",Other Property Crime,MISCHIEF
TB24027559,"07/08/2024, 12:18:38 AM","07/08/2024, 1:07:02 PM",THUNDER BAY,ON,P7B 2T2,1 Block CUMBERLAND ST S, TBPS] ASSAULT SUSP PRESENT OR IN AREA,Assault,ASSAULT
TB24027560,"07/08/2024, 12:28:59 AM","07/08/2024, 1:07:03 PM",THUNDER BAY,ON,P7B 6B9,1000 Block FORT WILLIAM RD, TBPS] ASSAULT ACCUSED NOT PRESENT,Assault,ASSAULT
TB24027561,"07/08/2024, 1:24:08 AM","07/08/2024, 1:07:03 PM",THUNDER BAY,ON,P7B 1V6,200 Block WINDSOR ST, TBPS] LIQUOR LICENCE ACT LIQUOR LICENCE ACT VIOLATION IN PROGRESS,Quality of Life,LIQUOR LICENCE ACT
TB24027562,"07/08/2024, 1:52:21 AM","07/08/2024, 1:07:03 PM",THUNDER BAY,ON,P7E 1A9,100 Block MAY ST S, TBPS] ASSAULT SUSP PRESENT OR IN AREA,Assault,ASSAULT
TB24027568,"07/08/2024, 3:13:21 AM","07/08/2024, 1:07:04 PM",THUNDER BAY,ON,P7A 1H7,400 Block RITA ST, TBPS] LIQUOR LICENCE ACT LIQUOR LICENCE ACT VIOLATION IN PROGRESS,Quality of Life,LIQUOR LICENCE ACT
TB24027576,"07/08/2024, 5:32:15 AM","07/08/2024, 1:07:05 PM",THUNDER BAY,ON,P7B 6J6,100 Block PICTON AV, TBPS] TROUBLE WITH YOUTH YOUTHS STILL IN AREA,Quality of Life,TROUBLE WITH YOUTH
TB24027581,"07/08/2024, 6:15:06 AM","07/08/2024, 1:07:05 PM",THUNDER BAY,ON,P7E 5V3,500 Block DONALD ST E, TBPS] ASSAULT SUSP PRESENT OR IN AREA,Assault,ASSAULT
TB24027495,"07/07/2024, 7:45:48 AM","07/08/2024, 1:07:28 PM",THUNDER BAY,ON,P7C 2M6,300 Block HERON ST, TBPS] ASSAULT ACCUSED NOT PRESENT,Assault,ASSAULT
TB24027500,"07/07/2024, 9:04:05 AM","07/08/2024, 1:07:28 PM",THUNDER BAY,ON,P7A 7L2,500 Block COURT ST N, TBPS] ASSAULT SUSP PRESENT OR IN AREA,Assault,ASSAULT
TB24027513,"07/07/2024, 12:14:07 PM","07/08/2024, 1:07:30 PM",THUNDER BAY,ON,P7C 1N7,200 Block CUMMING ST," TBPS] MISCHIEF 11-10, MICHIEF UNDER 5000",Other Property Crime,MISCHIEF
TB24027520,"07/07/2024, 3:09:54 PM","07/08/2024, 1:07:31 PM",THUNDER BAY,ON,P7C 2P2,100 Block ROWAND ST, TBPS] ASSAULT SUSP PRESENT OR IN AREA,Assault,ASSAULT
TB24027532,"07/07/2024, 6:35:39 PM","07/08/2024, 1:07:33 PM",THUNDER BAY,ON,P7B 1A7,200 Block RED RIVER RD, TBPS] ASSAULT SUSP PRESENT OR IN AREA,Assault,ASSAULT
TB24027533,"07/07/2024, 6:40:40 PM","07/08/2024, 1:07:33 PM",THUNDER BAY,ON,P7A 4M2,100 Block CUMBERLAND ST N, TBPS] MOTOR VEHICLE COLLISION MVC NO INJURIES,Traffic,MOTOR VEHICLE COLLISION
TB24027534,"07/07/2024, 6:47:05 PM","07/08/2024, 1:07:33 PM",THUNDER BAY,ON,P7E 5S2,1100 Block ARTHUR ST W, TBPS] THEFT SUSP STILL PRESENT OR MAY BE IN AREA,Other Theft,THEFT
TB24027537,"07/07/2024, 7:38:07 PM","07/08/2024, 1:07:34 PM",THUNDER BAY,ON,P7C 4S8,LIMBRICK ST AND VALE AV, TBPS] MOTOR VEHICLE COLLISION MVC NO INJURIES,Traffic,MOTOR VEHICLE COLLISION
TB24027739,"07/09/2024, 6:47:26 AM","07/09/2024, 1:05:37 PM",THUNDER BAY,ON,P7B 5J4,1000 Block DAWSON RD, TBPS] ASSAULT SUSP PRESENT OR IN AREA,Assault,ASSAULT
TB24027678,"07/08/2024, 9:43:39 PM","07/09/2024, 1:05:38 PM",THUNDER BAY,ON,P7E 1J2,100 Block VICKERS ST S, TBPS] ROBBERY WEAPONS - SUSP STILL IN AREA,Robbery,ROBBERY
TB24027661,"07/08/2024, 7:54:06 PM","07/09/2024, 1:05:39 PM",THUNDER BAY,ON,P7B 1E5,200 Block PEARL ST, TBPS] ROBBERY NO WEAPONS - SUSP STILL IN AREA,Robbery,ROBBERY
TB24027672,"07/08/2024, 9:03:35 PM","07/09/2024, 1:05:39 PM",THUNDER BAY,ON,P7B 0A1,1200 Block GOLF LINKS RD, TBPS] ASSAULT SUSP PRESENT OR IN AREA,Assault,ASSAULT
TB24027682,"07/08/2024, 10:24:40 PM","07/09/2024, 1:05:39 PM",THUNDER BAY,ON,.,THUNDER BAY EXPRESSWAY, TBPS] MOTOR VEHICLE COLLISION MVC - AMB ENR - DUAL RESP,Other,MOTOR VEHICLE COLLISION
TB24027691,"07/08/2024, 11:12:42 PM","07/09/2024, 1:05:39 PM",THUNDER BAY,ON,P7A 5S4,300 Block HIGH ST N," TBPS] MISCHIEF 11-10, MICHIEF UNDER 5000",Other Property Crime,MISCHIEF
TB24027710,"07/09/2024, 2:29:34 AM","07/09/2024, 1:05:39 PM",THUNDER BAY,ON,P7B 6S2,700 Block MEMORIAL AV, TBPS] THEFT SUSP STILL PRESENT OR MAY BE IN AREA,Other Theft,THEFT
TB24027633,"07/08/2024, 4:05:37 PM","07/09/2024, 1:05:40 PM",THUNDER BAY,ON,P7B 5L6,300 Block MAIN ST, TBPS] MOTOR VEHICLE COLLISION 11-10 MVC ANY TYPE,Other,MOTOR VEHICLE COLLISION
TB24027634,"07/08/2024, 4:10:32 PM","07/09/2024, 1:05:40 PM",THUNDER BAY,ON,P7C 4P7,400 Block EDWARD ST N, TBPS] MOTOR VEHICLE COLLISION 11-10 MVC ANY TYPE,Other,MOTOR VEHICLE COLLISION
TB24027636,"07/08/2024, 4:15:36 PM","07/09/2024, 1:05:40 PM",THUNDER BAY,ON,P7E 5R6,600 Block ARTHUR ST W, TBPS] MOTOR VEHICLE COLLISION 11-10 MVC ANY TYPE,Other,MOTOR VEHICLE COLLISION
TB24027637,"07/08/2024, 4:28:37 PM","07/09/2024, 1:05:40 PM",THUNDER BAY,ON,P7C 4L7,500 Block CHAPPLES DR, TBPS] MOTOR VEHICLE COLLISION 11-10 MVC ANY TYPE,Other,MOTOR VEHICLE COLLISION
TB24027638,"07/08/2024, 4:32:58 PM","07/09/2024, 1:05:40 PM",THUNDER BAY,ON,P7E 5R6,600 Block ARTHUR ST W, TBPS] MOTOR VEHICLE COLLISION 11-10 MVC ANY TYPE,Other,MOTOR VEHICLE COLLISION
TB24027639,"07/08/2024, 4:42:09 PM","07/09/2024, 1:05:40 PM",THUNDER BAY,ON,P7G 2N2,AQUAMARINE DR AND TUSCANY CT, TBPS] MOTOR VEHICLE COLLISION 11-10 MVC ANY TYPE,Other,MOTOR VEHICLE COLLISION
TB24027642,"07/08/2024, 4:56:35 PM","07/09/2024, 1:05:40 PM",THUNDER BAY,ON,P7B 3Z7,700 Block MEMORIAL AV, TBPS] THEFT SUSP STILL PRESENT OR MAY BE IN AREA,Other Theft,THEFT
TB24027646,"07/08/2024, 5:36:26 PM","07/09/2024, 1:05:40 PM",THUNDER BAY,ON,P7C 3X8,100 Block CENTENNIAL SQ, TBPS] THEFT SUSP STILL PRESENT OR MAY BE IN AREA,Other Theft,THEFT
TB24027648,"07/08/2024, 5:48:30 PM","07/09/2024, 1:05:40 PM",THUNDER BAY,ON,P7C 2M3,100 Block HERON ST," TBPS] MISCHIEF 11-10, MICHIEF UNDER 5000",Other Property Crime,MISCHIEF
TB24027660,"07/08/2024, 7:38:15 PM","07/09/2024, 1:05:40 PM",THUNDER BAY,ON,P7E 6T6,NEEBING AV AND FREDERICA ST W, TBPS] ASSAULT SUSP PRESENT OR IN AREA,Assault,ASSAULT
TB24027662,"07/08/2024, 8:07:50 PM","07/09/2024, 1:05:40 PM",THUNDER BAY,ON,P7B 1S2,SECORD ST AND BAY ST, TBPS] ASSAULT SUSP PRESENT OR IN AREA,Assault,ASSAULT
TB24027664,"07/08/2024, 8:16:05 PM","07/09/2024, 1:05:40 PM",THUNDER BAY,ON,P7G 1B9,300 Block EMERALD DR," TBPS] THEFT NOT IN PROGRESS, UNDER 5000",Other Theft,THEFT
TB24027666,"07/08/2024, 8:32:43 PM","07/09/2024, 1:05:40 PM",THUNDER BAY,ON,P7B,PEARL ST AND ALGOMA ST S, TBPS] MOTOR VEHICLE COLLISION MVC NO INJURIES,Traffic,MOTOR VEHICLE COLLISION
TB24027456,"07/07/2024, 1:18:43 AM","07/09/2024, 1:05:41 PM",THUNDER BAY,ON,P7A 2K6,200 Block MACDOUGALL ST, TBPS] ASSAULT ACCUSED NOT PRESENT,Assault,ASSAULT
TB24027622,"07/08/2024, 2:11:50 PM","07/09/2024, 1:05:41 PM",THUNDER BAY,ON,P7A 2W8,300 Block EGAN ST, TBPS] STOLEN VEHICLE SUSP NOT IN AREA,Theft of Vehicle,STOLEN VEHICLE
TB24027624,"07/08/2024, 2:39:49 PM","07/09/2024, 1:05:41 PM",THUNDER BAY,ON,P7C 3V1,800 Block BRODIE ST N," TBPS] THEFT NOT IN PROGRESS, FROM MOTOR VEHICLE",Theft from Vehicle,THEFT
TB24027627,"07/08/2024, 3:04:16 PM","07/09/2024, 1:05:41 PM",THUNDER BAY,ON,P7B,2200 Block SLEEPING GIANT PKWY, TBPS] MOTOR VEHICLE COLLISION 11-10 MVC ANY TYPE,Other,MOTOR VEHICLE COLLISION
TB24027628,"07/08/2024, 3:04:21 PM","07/09/2024, 1:05:41 PM",THUNDER BAY,ON,P7C 1H1,500 Block VICTORIA AV W," TBPS] THEFT NOT IN PROGRESS, FROM MOTOR VEHICLE",Theft from Vehicle,THEFT
TB24027631,"07/08/2024, 3:54:41 PM","07/09/2024, 1:05:41 PM",THUNDER BAY,ON,P7E 5R8,600 Block ARTHUR ST W, TBPS] MOTOR VEHICLE COLLISION 11-10 MVC ANY TYPE,Other,MOTOR VEHICLE COLLISION
TB24027632,"07/08/2024, 4:01:55 PM","07/09/2024, 1:05:41 PM",THUNDER BAY,ON,P7E 4Y2,2000 Block HAMILTON AV, TBPS] MOTOR VEHICLE COLLISION 11-10 MVC ANY TYPE,Other,MOTOR VEHICLE COLLISION
TB24027635,"07/08/2024, 4:13:09 PM","07/09/2024, 1:05:41 PM",THUNDER BAY,ON,P7A 8C7,100 Block HIGH ST N, TBPS] MOTOR VEHICLE COLLISION 11-10 MVC ANY TYPE,Other,MOTOR VEHICLE COLLISION
TB24027650,"07/08/2024, 5:00:00 PM","07/09/2024, 1:05:41 PM",THUNDER BAY,ON,P7C,SYNDICATE AV N, TBPS] ASSAULT ACCUSED NOT PRESENT,Assault,ASSAULT
TB24027615,"07/08/2024, 11:35:55 AM","07/09/2024, 1:05:42 PM",THUNDER BAY,ON,P7E 3S7,800 Block GORE ST W," TBPS] MISCHIEF IP/SUSP IN AREA, UNDER 5,000",Other Property Crime,MISCHIEF
TB24027616,"07/08/2024, 12:09:02 PM","07/09/2024, 1:05:43 PM",THUNDER BAY,ON,P7C 3W2,300 Block SYNDICATE AV N, TBPS] B-E BUS/RES/OTH SUSP PRESENT OR MAY STILL BE IN AREA,Breaking & Entering,B-E BUS/RES/OTH
TB24027743,"07/09/2024, 7:11:17 AM","07/09/2024, 1:08:14 PM",THUNDER BAY,ON,P7B 1K3,800 Block RED RIVER RD, TBPS] ASSAULT SUSP PRESENT OR IN AREA,Assault,ASSAULT
TB24027853,"07/10/2024, 1:28:07 AM","07/10/2024, 1:07:46 PM",THUNDER BAY,ON,P7B 3A6,900 Block FORT WILLIAM RD, TBPS] ASSAULT SUSP PRESENT OR IN AREA,Assault,ASSAULT
TB24027821,"07/09/2024, 10:07:04 PM","07/10/2024, 1:07:47 PM",THUNDER BAY,ON,P7B 1R2,JOHNSON AV AND BAY ST, TBPS] DRUG OFFENCES SUSP PRESENT OR MAY STILL BE IN AREA,Quality of Life,DRUG OFFENCES
TB24027859,"07/10/2024, 2:25:55 AM","07/10/2024, 1:07:47 PM",THUNDER BAY,ON,P7C,100 Block CENTENNIAL SQ, TBPS] DRUG OFFENCES SUSP PRESENT OR MAY STILL BE IN AREA,Quality of Life,DRUG OFFENCES
TB24027864,"07/10/2024, 3:04:27 AM","07/10/2024, 1:07:47 PM",THUNDER BAY,ON,P7B 3B6,200 Block WILSON ST, TBPS] DRUG OFFENCES SUSP PRESENT OR MAY STILL BE IN AREA,Quality of Life,DRUG OFFENCES
TB24027876,"07/10/2024, 4:01:04 AM","07/10/2024, 1:07:47 PM",THUNDER BAY,ON,P7C 3M3,400 Block PRINCE ARTHUR BLVD, TBPS] DRUG OFFENCES SUSP PRESENT OR MAY STILL BE IN AREA,Quality of Life,DRUG OFFENCES
TB24027881,"07/10/2024, 4:31:05 AM","07/10/2024, 1:07:47 PM",THUNDER BAY,ON,P7C 5N5,KING GEORGE'S PARK DR AND 130 HWY, TBPS] MOTOR VEHICLE COLLISION MVC NO INJURIES,Traffic,MOTOR VEHICLE COLLISION
TB24027783,"07/09/2024, 5:08:43 PM","07/10/2024, 1:07:48 PM",THUNDER BAY,ON,P7B 7A4,OLIVER RD AND GOLF LINKS RD, TBPS] MOTOR VEHICLE COLLISION 11-10 MVC ANY TYPE,Other,MOTOR VEHICLE COLLISION
TB24027784,"07/09/2024, 5:21:34 PM","07/10/2024, 1:07:48 PM",THUNDER BAY,ON,P7C 3P6,200 Block MAY ST N, TBPS] DRUG OFFENCES SUSP PRESENT OR MAY STILL BE IN AREA,Quality of Life,DRUG OFFENCES
TB24027817,"07/09/2024, 9:08:43 PM","07/10/2024, 1:07:48 PM",THUNDER BAY,ON,P7C 4N3,100 Block MAPLEWOOD ST N," TBPS] THEFT NOT IN PROGRESS, UNDER 5000",Other Theft,THEFT
TB24027819,"07/09/2024, 9:41:53 PM","07/10/2024, 1:07:48 PM",THUNDER BAY,ON,P7C 3X8,100 Block CENTENNIAL SQ, TBPS] THEFT SUSP STILL PRESENT OR MAY BE IN AREA,Other Theft,THEFT
TB24027835,"07/09/2024, 10:44:31 PM","07/10/2024, 1:07:48 PM",THUNDER BAY,ON,P7E 1J7,400 Block VICKERS ST S," TBPS] THEFT IN PROGRESS, OVER 50000",Other Theft,THEFT
TB24027846,"07/10/2024, 12:39:03 AM","07/10/2024, 1:07:48 PM",THUNDER BAY,ON,P7C 2J7,PRUDEN ST AND MCKENZIE ST, TBPS] DRUG OFFENCES SUSP PRESENT OR MAY STILL BE IN AREA,Quality of Life,DRUG OFFENCES
TB24027770,"07/09/2024, 3:48:28 PM","07/10/2024, 1:07:49 PM",THUNDER BAY,ON,P7B 6S2,700 Block MEMORIAL AV, TBPS] MOTOR VEHICLE COLLISION 11-10 MVC ANY TYPE,Other,MOTOR VEHICLE COLLISION
TB24027777,"07/09/2024, 4:32:12 PM","07/10/2024, 1:07:49 PM",THUNDER BAY,ON,P7B 1K2,JUNOT AV N AND RED RIVER RD, TBPS] MOTOR VEHICLE COLLISION 11-10 MVC ANY TYPE,Other,MOTOR VEHICLE COLLISION
TB24027790,"07/09/2024, 6:23:05 PM","07/10/2024, 1:07:49 PM",THUNDER BAY,ON,P7A 4L3,ST. PAUL ST AND VAN NORMAN ST, TBPS] MOTOR VEHICLE COLLISION 11-10 MVC ANY TYPE,Other,MOTOR VEHICLE COLLISION
TB24027801,"07/09/2024, 7:28:27 PM","07/10/2024, 1:07:49 PM",THUNDER BAY,ON,.,RIVER ST AND COURT ST N, TBPS] MOTOR VEHICLE COLLISION MVC NO INJURIES,Traffic,MOTOR VEHICLE COLLISION
TB24027752,"07/09/2024, 11:10:35 AM","07/10/2024, 1:07:50 PM",THUNDER BAY,ON,P7C 2G3,100 Block BETHUNE ST, TBPS] ROBBERY NO WEAPONS - SUSP STILL IN AREA,Robbery,ROBBERY
TB24027765,"07/09/2024, 3:36:09 PM","07/10/2024, 1:07:50 PM",THUNDER BAY,ON,P7G 2J8,3100 Block DAWSON RD, TBPS] MOTOR VEHICLE COLLISION 11-10 MVC ANY TYPE,Other,MOTOR VEHICLE COLLISION
TB24027767,"07/09/2024, 3:39:19 PM","07/10/2024, 1:07:50 PM",THUNDER BAY,ON,P7A 3G7,WOLSELEY ST AND COURT ST N, TBPS] MOTOR VEHICLE COLLISION 11-10 MVC ANY TYPE,Other,MOTOR VEHICLE COLLISION
TB24027768,"07/09/2024, 3:44:11 PM","07/10/2024, 1:07:50 PM",THUNDER BAY,ON,P7B 1C2,200 Block PARK AV, TBPS] MOTOR VEHICLE COLLISION 11-10 MVC ANY TYPE,Other,MOTOR VEHICLE COLLISION
TB24027771,"07/09/2024, 3:52:57 PM","07/10/2024, 1:07:50 PM",THUNDER BAY,ON,P7B 6P8,800 Block CENTRAL AV, TBPS] MOTOR VEHICLE COLLISION 11-10 MVC ANY TYPE,Other,MOTOR VEHICLE COLLISION
TB24027772,"07/09/2024, 3:57:23 PM","07/10/2024, 1:07:50 PM",THUNDER BAY,ON,P7E 4H7,400 Block BROCK ST E," TBPS] MISCHIEF 11-10, MICHIEF UNDER 5000",Other Property Crime,MISCHIEF
TB24027773,"07/09/2024, 4:03:29 PM","07/10/2024, 1:07:50 PM",THUNDER BAY,ON,P7C 3W1,BETHUNE ST AND SYNDICATE AV N, TBPS] MOTOR VEHICLE COLLISION 11-10 MVC ANY TYPE,Other,MOTOR VEHICLE COLLISION
TB24027786,"07/09/2024, 5:36:50 PM","07/10/2024, 1:07:50 PM",THUNDER BAY,ON,P7B,SOUTH WATER ST AND PARK AV, TBPS] MOTOR VEHICLE COLLISION 11-10 MVC ANY TYPE,Other,MOTOR VEHICLE COLLISION
TB24027977,"07/10/2024, 8:49:39 PM","07/11/2024, 1:07:45 PM",THUNDER BAY,ON,P7B 6R6,200 Block LINDEN CT, TBPS] B-E BUS/RES/OTH 11-10,Breaking & Entering,B-E BUS/RES/OTH
TB24027979,"07/10/2024, 9:00:34 PM","07/11/2024, 1:07:45 PM",THUNDER BAY,ON,P7B 6S2,700 Block MEMORIAL AV," TBPS] MISCHIEF IP/SUSP IN AREA, UNDER 5,000",Other Property Crime,MISCHIEF
TB24027981,"07/10/2024, 9:11:22 PM","07/11/2024, 1:07:46 PM",THUNDER BAY,ON,P7B 1X2,JOHN ST AND ONTARIO ST, TBPS] MOTOR VEHICLE COLLISION MVC - AMB ENR - DUAL RESP,Other,MOTOR VEHICLE COLLISION
TB24027990,"07/10/2024, 10:45:24 PM","07/11/2024, 1:07:47 PM",THUNDER BAY,ON,P7B 7C1,200 Block SUMMERHILL DR," TBPS] THEFT NOT IN PROGRESS, FROM MOTOR VEHICLE",Theft from Vehicle,THEFT
TB24027998,"07/10/2024, 11:10:55 PM","07/11/2024, 1:07:48 PM",THUNDER BAY,ON,P7B 7C6,900 Block CARRICK ST, TBPS] ROBBERY WEAPONS - SUSP STILL IN AREA,Robbery,ROBBERY
TB24028022,"07/11/2024, 3:20:53 AM","07/11/2024, 1:07:51 PM",THUNDER BAY,ON,P7B 1L4,200 Block AMBROSE ST, TBPS] ASSAULT SUSP PRESENT OR IN AREA,Assault,ASSAULT
TB24027849,"07/10/2024, 1:07:23 AM","07/11/2024, 1:08:04 PM",THUNDER BAY,ON,P7E 5N2,1300 Block ARTHUR ST E," TBPS] THEFT NOT IN PROGRESS, UNDER 5000",Other Theft,THEFT
TB24027909,"07/10/2024, 8:46:44 AM","07/11/2024, 1:08:20 PM",THUNDER BAY,ON,P7E 4H1,BROCK ST E AND FORD ST S, TBPS] ASSAULT SUSP PRESENT OR IN AREA,Assault,ASSAULT
TB24027916,"07/10/2024, 10:54:08 AM","07/11/2024, 1:08:22 PM",THUNDER BAY,ON,P7C 3W2,300 Block SYNDICATE AV N, TBPS] THEFT SUSP STILL PRESENT OR MAY BE IN AREA,Other Theft,THEFT
TB24027920,"07/10/2024, 12:39:12 PM","07/11/2024, 1:08:23 PM",THUNDER BAY,ON,P7E 5N4,ARTHUR ST E AND FRANKLIN ST S," TBPS] ASSAULT JUST OCCURRED, ACCUSED NOT PRESENT",Assault,ASSAULT
TB24027926,"07/10/2024, 2:48:52 PM","07/11/2024, 1:08:25 PM",THUNDER BAY,ON,P7E 5N3,1300 Block ARTHUR ST E," TBPS] THEFT NOT IN PROGRESS, FROM MOTOR VEHICLE",Theft from Vehicle,THEFT
TB24027929,"07/10/2024, 3:14:07 PM","07/11/2024, 1:08:26 PM",THUNDER BAY,ON,P7B 5E6,BALMORAL ST AND ALLOY DR, TBPS] MOTOR VEHICLE COLLISION 11-10 MVC ANY TYPE,Other,MOTOR VEHICLE COLLISION
TB24027938,"07/10/2024, 4:08:06 PM","07/11/2024, 1:08:30 PM",THUNDER BAY,ON,P7B 2X2,MANITOU ST AND COURT ST S, TBPS] MOTOR VEHICLE COLLISION MVC - AMB ENR - DUAL RESP,Other,MOTOR VEHICLE COLLISION
TB24027941,"07/10/2024, 4:35:30 PM","07/11/2024, 1:08:30 PM",THUNDER BAY,ON,P7B 5Z5,1200 Block BALMORAL ST," TBPS] MISCHIEF 11-10, MICHIEF UNDER 5000",Other Property Crime,MISCHIEF
TB24027947,"07/10/2024, 5:34:26 PM","07/11/2024, 1:08:32 PM",THUNDER BAY,ON,P7G 1H7,1100 Block DAWSON RD, TBPS] MOTOR VEHICLE COLLISION 11-10 MVC ANY TYPE,Other,MOTOR VEHICLE COLLISION
TB24027948,"07/10/2024, 5:37:08 PM","07/11/2024, 1:08:32 PM",THUNDER BAY,ON,P7B 3A6,900 Block FORT WILLIAM RD, TBPS] MOTOR VEHICLE COLLISION 11-10 MVC ANY TYPE,Other,MOTOR VEHICLE COLLISION
TB24027950,"07/10/2024, 5:41:50 PM","07/11/2024, 1:08:33 PM",THUNDER BAY,ON,P7A 7W2,500 Block LANARK CR, TBPS] MOTOR VEHICLE COLLISION 11-10 MVC ANY TYPE,Other,MOTOR VEHICLE COLLISION
TB24027951,"07/10/2024, 5:44:10 PM","07/11/2024, 1:08:33 PM",THUNDER BAY,ON,P7B 6S2,700 Block MEMORIAL AV, TBPS] THEFT SUSP STILL PRESENT OR MAY BE IN AREA,Other Theft,THEFT
TB24027955,"07/10/2024, 6:43:24 PM","07/11/2024, 1:08:33 PM",THUNDER BAY,ON,P7C 4P6,400 Block EDWARD ST N, TBPS] MOTOR VEHICLE COLLISION 11-10 MVC ANY TYPE,Other,MOTOR VEHICLE COLLISION
TB24027952,"07/10/2024, 5:59:24 PM","07/11/2024, 1:08:33 PM",THUNDER BAY,ON,P7A 2K7,100 Block POWLEY ST, TBPS] MOTOR VEHICLE COLLISION 11-10 MVC ANY TYPE,Other,MOTOR VEHICLE COLLISION
TB24027954,"07/10/2024, 6:36:27 PM","07/11/2024, 1:08:33 PM",THUNDER BAY,ON,P7A 4K8,1000 Block DAWSON RD, TBPS] MOTOR VEHICLE COLLISION 11-10 MVC ANY TYPE,Other,MOTOR VEHICLE COLLISION
TB24027957,"07/10/2024, 6:49:56 PM","07/11/2024, 1:08:33 PM",THUNDER BAY,ON,P7A 1V4,MADELINE ST AND RIVER ST, TBPS] MOTOR VEHICLE COLLISION 11-10 MVC ANY TYPE,Other,MOTOR VEHICLE COLLISION
TB24027962,"07/10/2024, 7:16:54 PM","07/11/2024, 1:08:34 PM",THUNDER BAY,ON,P7B 5E3,1000 Block DAWSON RD, TBPS] LIQUOR LICENCE ACT LIQUOR LICENCE ACT VIOLATION IN PROGRESS,Quality of Life,LIQUOR LICENCE ACT
TB24027968,"07/10/2024, 8:12:28 PM","07/11/2024, 1:08:34 PM",THUNDER BAY,ON,P7B 3Y2,300 Block MEMORIAL AV, TBPS] MOTOR VEHICLE COLLISION 11-10 MVC ANY TYPE,Other,MOTOR VEHICLE COLLISION
TB24027969,"07/10/2024, 8:17:50 PM","07/11/2024, 1:08:35 PM",THUNDER BAY,ON,P7B 3Z8,700 Block MEMORIAL AV, TBPS] MOTOR VEHICLE COLLISION 11-10 MVC ANY TYPE,Other,MOTOR VEHICLE COLLISION
TB24027974,"07/10/2024, 8:44:51 PM","07/11/2024, 1:08:35 PM",THUNDER BAY,ON,P7B 3Z2,500 Block MEMORIAL AV, TBPS] ASSAULT SUSP PRESENT OR IN AREA,Assault,ASSAULT
TB24028131,"07/12/2024, 12:05:34 AM","07/12/2024, 1:06:15 PM",THUNDER BAY,ON,P7C 4P7,400 Block EDWARD ST N, TBPS] ASSAULT ACCUSED NOT PRESENT,Assault,ASSAULT
TB24028132,"07/12/2024, 12:06:21 AM","07/12/2024, 1:06:15 PM",THUNDER BAY,ON,P7E 3W5,400 Block FREDERICA ST W, TBPS] TROUBLE WITH YOUTH YOUTHS STILL IN AREA,Quality of Life,TROUBLE WITH YOUTH
TB24028147,"07/12/2024, 2:46:28 AM","07/12/2024, 1:06:17 PM",THUNDER BAY,ON,P7B 5L6,300 Block MAIN ST, TBPS] ROBBERY NO WEAPONS - SUSP STILL IN AREA,Robbery,ROBBERY
TB24028151,"07/12/2024, 3:16:58 AM","07/12/2024, 1:06:18 PM",THUNDER BAY,ON,P7A 3G6,200 Block WOLSELEY ST, TBPS] LIQUOR LICENCE ACT LIQUOR LICENCE ACT VIOLATION IN PROGRESS,Quality of Life,LIQUOR LICENCE ACT
TB24028158,"07/12/2024, 4:23:04 AM","07/12/2024, 1:06:19 PM",THUNDER BAY,ON,P7E 1E2,300 Block SYNDICATE AV S, TBPS] INDECENT ACTS SUSP PRESENT OR MAY STILL BE IN AREA,Sexual Offense,INDECENT ACTS
TB24028165,"07/12/2024, 4:47:41 AM","07/12/2024, 1:06:19 PM",THUNDER BAY,ON,P7B 5K5,1100 Block MEMORIAL AV, TBPS] LIQUOR LICENCE ACT LIQUOR LICENCE ACT VIOLATION IN PROGRESS,Quality of Life,LIQUOR LICENCE ACT
TB24028167,"07/12/2024, 5:04:09 AM","07/12/2024, 1:06:19 PM",THUNDER BAY,ON,P7C 4S8,VALE AV AND LIMBRICK ST, TBPS] LIQUOR LICENCE ACT LIQUOR LICENCE ACT VIOLATION IN PROGRESS,Quality of Life,LIQUOR LICENCE ACT
TB24028172,"07/12/2024, 5:49:35 AM","07/12/2024, 1:06:20 PM",THUNDER BAY,ON,P7A 6E5,1 Block CLARKSON ST N, TBPS] INDECENT ACTS SUSP PRESENT OR MAY STILL BE IN AREA,Sexual Offense,INDECENT ACTS
TB24028040,"07/11/2024, 6:38:37 AM","07/12/2024, 1:06:39 PM",THUNDER BAY,ON,P7B 1S1,ALGOMA ST S AND BAY ST, TBPS] MOTOR VEHICLE COLLISION MVC NO INJURIES,Traffic,MOTOR VEHICLE COLLISION
TB24027806,"07/09/2024, 7:52:46 PM","07/12/2024, 1:06:41 PM",THUNDER BAY,ON,P7B 3Y6,400 Block MEMORIAL AV, TBPS] MOTOR VEHICLE COLLISION 11-10 MVC ANY TYPE,Other,MOTOR VEHICLE COLLISION
TB24028058,"07/11/2024, 3:03:36 PM","07/12/2024, 1:06:44 PM",THUNDER BAY,ON,P7A,NORTH WATER ST AND TUPPER ST, TBPS] MOTOR VEHICLE COLLISION 11-10 MVC ANY TYPE,Other,MOTOR VEHICLE COLLISION
TB24028060,"07/11/2024, 3:07:18 PM","07/12/2024, 1:06:45 PM",THUNDER BAY,ON,P7B,JOHN ST AND BALMORAL ST, TBPS] MOTOR VEHICLE COLLISION 11-10 MVC ANY TYPE,Other,MOTOR VEHICLE COLLISION
TB24028061,"07/11/2024, 3:17:29 PM","07/12/2024, 1:06:46 PM",THUNDER BAY,ON,P7B 3A6,900 Block FORT WILLIAM RD, TBPS] MOTOR VEHICLE COLLISION 11-10 MVC ANY TYPE,Other,MOTOR VEHICLE COLLISION
TB24028064,"07/11/2024, 3:50:53 PM","07/12/2024, 1:06:47 PM",THUNDER BAY,ON,P7C 4Y7,300 Block LILLIE ST N, TBPS] MOTOR VEHICLE COLLISION 11-10 MVC ANY TYPE,Other,MOTOR VEHICLE COLLISION
TB24028065,"07/11/2024, 3:52:33 PM","07/12/2024, 1:06:47 PM",THUNDER BAY,ON,P7B 6S2,700 Block MEMORIAL AV, TBPS] ROBBERY NO WEAPONS - SUSP STILL IN AREA,Robbery,ROBBERY
TB24028066,"07/11/2024, 3:59:40 PM","07/12/2024, 1:06:48 PM",THUNDER BAY,ON,P7B 6K2,300 Block RIVIERA DR, TBPS] MOTOR VEHICLE COLLISION 11-10 MVC ANY TYPE,Other,MOTOR VEHICLE COLLISION
TB24028078,"07/11/2024, 6:03:14 PM","07/12/2024, 1:06:53 PM",THUNDER BAY,ON,.,100 Block PEARL ST, TBPS] INDECENT ACTS SUSP PRESENT OR MAY STILL BE IN AREA,Sexual Offense,INDECENT ACTS
TB24028083,"07/11/2024, 6:18:28 PM","07/12/2024, 1:06:55 PM",THUNDER BAY,ON,P7J 1G9,2200 Block SCOTLAND ST, TBPS] MOTOR VEHICLE COLLISION 11-10 MVC ANY TYPE,Other,MOTOR VEHICLE COLLISION
TB24028084,"07/11/2024, 6:21:38 PM","07/12/2024, 1:06:55 PM",THUNDER BAY,ON,P7A 3S4,600 Block RIVER ST, TBPS] MOTOR VEHICLE COLLISION 11-10 MVC ANY TYPE,Other,MOTOR VEHICLE COLLISION
TB24028087,"07/11/2024, 6:34:55 PM","07/12/2024, 1:06:56 PM",THUNDER BAY,ON,P7B 3A7,ALGOMA ST N AND RED RIVER RD, TBPS] MOTOR VEHICLE COLLISION 11-10 MVC ANY TYPE,Other,MOTOR VEHICLE COLLISION
TB24028090,"07/11/2024, 6:56:13 PM","07/12/2024, 1:06:58 PM",THUNDER BAY,ON,P7B 5T3,200 Block SEQUOIA DR, TBPS] MOTOR VEHICLE COLLISION 11-10 MVC ANY TYPE,Other,MOTOR VEHICLE COLLISION
TB24028101,"07/11/2024, 8:00:00 PM","07/12/2024, 1:07:01 PM",THUNDER BAY,ON,P7B 5N5,200 Block RAVENWOOD AV, TBPS] B-E BUS/RES/OTH SUSP PRESENT OR MAY STILL BE IN AREA,Breaking & Entering,B-E BUS/RES/OTH
TB24028102,"07/11/2024, 8:50:12 PM","07/12/2024, 1:07:01 PM",THUNDER BAY,ON,P7E 5M8,900 Block ARTHUR ST E, TBPS] ROBBERY NO WEAPONS - SUSP STILL IN AREA,Robbery,ROBBERY
TB24028108,"07/11/2024, 9:41:15 PM","07/12/2024, 1:07:02 PM",THUNDER BAY,ON,P7B 5E3,1000 Block DAWSON RD, TBPS] LIQUOR LICENCE ACT LIQUOR LICENCE ACT VIOLATION IN PROGRESS,Quality of Life,LIQUOR LICENCE ACT
TB24028111,"07/11/2024, 9:46:22 PM","07/12/2024, 1:07:04 PM",THUNDER BAY,ON,P7B 3Z7,700 Block MEMORIAL AV, TBPS] MOTOR VEHICLE COLLISION MVC NO INJURIES,Traffic,MOTOR VEHICLE COLLISION
TB24028267,"07/13/2024, 12:14:39 AM","07/13/2024, 1:08:34 PM",THUNDER BAY,ON,P7B 0A1,1200 Block GOLF LINKS RD, TBPS] ASSAULT SUSP PRESENT OR IN AREA,Assault,ASSAULT
TB24028262,"07/12/2024, 11:27:45 PM","07/13/2024, 1:08:34 PM",THUNDER BAY,ON,P7J,CITY RD AND JAMES ST S, TBPS] MOTOR VEHICLE COLLISION MVC INJURIES FIRE NOT REQ,Traffic,MOTOR VEHICLE COLLISION
TB24028274,"07/13/2024, 1:42:17 AM","07/13/2024, 1:08:35 PM",THUNDER BAY,ON,P7A 8C5,500 Block ALGOMA ST N, TBPS] TROUBLE WITH YOUTH YOUTHS STILL IN AREA,Quality of Life,TROUBLE WITH YOUTH
TB24028280,"07/13/2024, 2:53:27 AM","07/13/2024, 1:08:37 PM",THUNDER BAY,ON,P7E 5V3,500 Block DONALD ST E, TBPS] ASSAULT SUSP PRESENT OR IN AREA,Assault,ASSAULT
TB24028283,"07/13/2024, 3:04:05 AM","07/13/2024, 1:08:37 PM",THUNDER BAY,ON,P7B 4A2,900 Block MEMORIAL AV, TBPS] ASSAULT ACCUSED NOT PRESENT,Assault,ASSAULT
TB24028289,"07/13/2024, 3:59:35 AM","07/13/2024, 1:08:38 PM",THUNDER BAY,ON,P7B 6L9,HARBOUR EXPRESSWAY AND CARRICK ST, TBPS] MOTOR VEHICLE COLLISION MVC - AMB ENR - DUAL RESP,Other,MOTOR VEHICLE COLLISION
TB24028300,"07/13/2024, 4:59:32 AM","07/13/2024, 1:08:39 PM",THUNDER BAY,ON,P7E 5M8,900 Block ARTHUR ST E, TBPS] ROBBERY NO WEAPONS - SUSP STILL IN AREA,Robbery,ROBBERY
TB24028301,"07/13/2024, 5:01:06 AM","07/13/2024, 1:08:40 PM",THUNDER BAY,ON,P7E 5P7,200 Block ARTHUR ST W, TBPS] LIQUOR LICENCE ACT LIQUOR LICENCE ACT VIOLATION IN PROGRESS,Quality of Life,LIQUOR LICENCE ACT
TB24028313,"07/13/2024, 6:20:10 AM","07/13/2024, 1:08:40 PM",THUNDER BAY,ON,P7B 4Z7,200 Block CARL AV, TBPS] ASSAULT SUSP PRESENT OR IN AREA,Assault,ASSAULT
TB24028319,"07/13/2024, 7:36:53 AM","07/13/2024, 1:08:41 PM",THUNDER BAY,ON,P7E 5N3,1300 Block ARTHUR ST E, TBPS] ROBBERY NO WEAPONS - SUSP STILL IN AREA,Robbery,ROBBERY
TB24028188,"07/12/2024, 9:46:24 AM","07/13/2024, 1:09:15 PM",THUNDER BAY,ON,P7C 3B6,600 Block MCLAUGHLIN ST, TBPS] MOTOR VEHICLE COLLISION MVC NO INJURIES,Traffic,MOTOR VEHICLE COLLISION
TB24028190,"07/12/2024, 12:07:33 PM","07/13/2024, 1:09:15 PM",THUNDER BAY,ON,P7E 6P5,1900 Block FREDERICA ST W," TBPS] ASSAULT JUST OCCURRED, ACCUSED NOT PRESENT",Assault,ASSAULT
TB24028197,"07/12/2024, 2:00:58 PM","07/13/2024, 1:09:16 PM",THUNDER BAY,ON,P7C 2X7,HARGRAVE ST AND PACIFIC AV, TBPS] MOTOR VEHICLE COLLISION 11-10 MVC ANY TYPE,Other,MOTOR VEHICLE COLLISION
TB24028206,"07/12/2024, 3:15:59 PM","07/13/2024, 1:09:16 PM",THUNDER BAY,ON,P7A 5P3,BALSAM ST AND HURON AV, TBPS] MOTOR VEHICLE COLLISION 11-10 MVC ANY TYPE,Other,MOTOR VEHICLE COLLISION
TB24028207,"07/12/2024, 3:22:37 PM","07/13/2024, 1:09:16 PM",THUNDER BAY,ON,.,MONTGOMERY ST AND BALMORAL ST, TBPS] MOTOR VEHICLE COLLISION 11-10 MVC ANY TYPE,Other,MOTOR VEHICLE COLLISION
TB24028209,"07/12/2024, 3:35:44 PM","07/13/2024, 1:09:16 PM",THUNDER BAY,ON,P7B 7C6,900 Block CARRICK ST, TBPS] MOTOR VEHICLE COLLISION 11-10 MVC ANY TYPE,Other,MOTOR VEHICLE COLLISION
TB24028211,"07/12/2024, 3:44:45 PM","07/13/2024, 1:09:16 PM",THUNDER BAY,ON,P7B,MCBEAN ST AND JOHN ST, TBPS] MOTOR VEHICLE COLLISION 11-10 MVC ANY TYPE,Other,MOTOR VEHICLE COLLISION
TB24028213,"07/12/2024, 3:55:32 PM","07/13/2024, 1:09:16 PM",THUNDER BAY,ON,P7A 5S3,300 Block HIGH ST N, TBPS] LIQUOR LICENCE ACT LIQUOR LICENCE ACT VIOLATION IN PROGRESS,Quality of Life,LIQUOR LICENCE ACT
TB24028221,"07/12/2024, 5:08:12 PM","07/13/2024, 1:09:16 PM",THUNDER BAY,ON,P7C 2G5,200 Block BETHUNE ST, TBPS] DRUG OFFENCES SUSP PRESENT OR MAY STILL BE IN AREA,Quality of Life,DRUG OFFENCES
TB24028222,"07/12/2024, 5:24:56 PM","07/13/2024, 1:09:16 PM",THUNDER BAY,ON,P7B 4A4,1000 Block MEMORIAL AV, TBPS] STOLEN VEHICLE SUSP PRESENT OR MAY STILL BE IN AREA,Theft of Vehicle,STOLEN VEHICLE
TB24028227,"07/12/2024, 5:52:51 PM","07/13/2024, 1:09:16 PM",THUNDER BAY,ON,P7B 2T3,1 Block CUMBERLAND ST S, TBPS] B-E BUS/RES/OTH SUSP PRESENT OR MAY STILL BE IN AREA,Breaking & Entering,B-E BUS/RES/OTH
TB24028225,"07/12/2024, 5:47:38 PM","07/13/2024, 1:09:16 PM",THUNDER BAY,ON,P7B 5R5,SQUIER ST AND CENTRAL AV, TBPS] MOTOR VEHICLE COLLISION MVC NO INJURIES,Traffic,MOTOR VEHICLE COLLISION
TB24028231,"07/12/2024, 6:25:17 PM","07/13/2024, 1:09:17 PM",THUNDER BAY,ON,P7K 1B8,2400 Block VERADALE ST, TBPS] MOTOR VEHICLE COLLISION MVC NO INJURIES,Traffic,MOTOR VEHICLE COLLISION
TB24028232,"07/12/2024, 6:28:10 PM","07/13/2024, 1:09:17 PM",THUNDER BAY,ON,P7E,JAMES ST S AND KINGSTON ST, TBPS] MOTOR VEHICLE COLLISION 11-10 MVC ANY TYPE,Other,MOTOR VEHICLE COLLISION
TB24028243,"07/12/2024, 8:26:49 PM","07/13/2024, 1:09:17 PM",THUNDER BAY,ON,P7A 1L1,400 Block DACRE ST," TBPS] MISCHIEF 11-10, MICHIEF UNDER 5000",Other Property Crime,MISCHIEF
TB24028238,"07/12/2024, 7:26:43 PM","07/13/2024, 1:09:17 PM",THUNDER BAY,ON,P7C 1K2,2200 Block MILES ST E," TBPS] THEFT NOT IN PROGRESS, UNDER 5000",Other Theft,THEFT
TB24028247,"07/12/2024, 8:40:24 PM","07/13/2024, 1:09:17 PM",THUNDER BAY,ON,P7C 2N1,200 Block OGDEN ST," TBPS] MISCHIEF IP/SUSP IN AREA, UNDER 5,000",Other Property Crime,MISCHIEF
TB24028252,"07/12/2024, 9:32:48 PM","07/13/2024, 1:09:17 PM",THUNDER BAY,ON,P7C 3P4,200 Block MAY ST N, TBPS] DRUG OFFENCES SUSP PRESENT OR MAY STILL BE IN AREA,Quality of Life,DRUG OFFENCES
TB24028385,"07/13/2024, 9:57:56 PM","07/14/2024, 1:04:11 PM",THUNDER BAY,ON,P7E 5P7,100 Block ARTHUR ST W, TBPS] MOTOR VEHICLE COLLISION MVC NO INJURIES,Traffic,MOTOR VEHICLE COLLISION
TB24028382,"07/13/2024, 9:48:17 PM","07/14/2024, 1:04:11 PM",THUNDER BAY,ON,P7B 2V9,100 Block JOHNSON AV, TBPS] ASSAULT SUSP PRESENT OR IN AREA,Assault,ASSAULT
TB24028388,"07/13/2024, 10:24:28 PM","07/14/2024, 1:04:12 PM",THUNDER BAY,ON,P7B 3Z7,700 Block MEMORIAL AV, TBPS] THEFT SUSP STILL PRESENT OR MAY BE IN AREA,Other Theft,THEFT
TB24028393,"07/13/2024, 11:02:24 PM","07/14/2024, 1:04:13 PM",THUNDER BAY,ON,P7C 4P7,400 Block EDWARD ST N, TBPS] ROBBERY NO WEAPONS - SUSP STILL IN AREA,Robbery,ROBBERY
TB24028397,"07/13/2024, 11:51:17 PM","07/14/2024, 1:04:13 PM",THUNDER BAY,ON,P7A 4K8,1000 Block DAWSON RD, TBPS] ASSAULT SUSP PRESENT OR IN AREA,Assault,ASSAULT
TB24028410,"07/14/2024, 1:55:03 AM","07/14/2024, 1:04:15 PM",THUNDER BAY,ON,P7E 5P7,100 Block ARTHUR ST W, TBPS] ROBBERY WEAPONS - SUSP STILL IN AREA,Robbery,ROBBERY
TB24028420,"07/14/2024, 3:28:11 AM","07/14/2024, 1:04:16 PM",THUNDER BAY,ON,.,UNKNOWN STREET AND UNKNOWN STREET, TBPS] MOTOR VEHICLE COLLISION MVC - AMB ENR - DUAL RESP,Other,MOTOR VEHICLE COLLISION
TB24028418,"07/14/2024, 3:24:19 AM","07/14/2024, 1:04:16 PM",THUNDER BAY,ON,P7E 6R2,900 Block EDWARD ST S, TBPS] TROUBLE WITH YOUTH YOUTHS STILL IN AREA,Quality of Life,TROUBLE WITH YOUTH
TB24028430,"07/14/2024, 5:20:17 AM","07/14/2024, 1:04:17 PM",THUNDER BAY,ON,P7E 3Y4,1200 Block FREDERICA ST W, TBPS] STOLEN VEHICLE SUSP NOT IN AREA,Theft of Vehicle,STOLEN VEHICLE
TB24028435,"07/14/2024, 6:28:41 AM","07/14/2024, 1:04:17 PM",THUNDER BAY,ON,P7E 3W5,400 Block FREDERICA ST W, TBPS] B-E BUS/RES/OTH SUSP PRESENT OR MAY STILL BE IN AREA,Breaking & Entering,B-E BUS/RES/OTH
TB24028307,"07/13/2024, 5:44:28 AM","07/14/2024, 1:04:29 PM",THUNDER BAY,ON,P7A 8C5,500 Block ALGOMA ST N, TBPS] B-E BUS/RES/OTH SUSP PRESENT OR MAY STILL BE IN AREA,Breaking & Entering,B-E BUS/RES/OTH
TB24028339,"07/13/2024, 2:22:20 PM","07/14/2024, 1:04:31 PM",THUNDER BAY,ON,P7G 2B5,300 Block ONION LAKE RD, TBPS] MOTOR VEHICLE COLLISION MVC NO INJURIES,Traffic,MOTOR VEHICLE COLLISION
TB24028341,"07/13/2024, 2:35:31 PM","07/14/2024, 1:04:32 PM",THUNDER BAY,ON,P7E 5V3,500 Block DONALD ST E, TBPS] ASSAULT SUSP PRESENT OR IN AREA,Assault,ASSAULT
TB24028373,"07/13/2024, 7:45:52 PM","07/14/2024, 1:04:33 PM",THUNDER BAY,ON,P7B,HARBOUR EXPRESSWAY AND BALMORAL ST, TBPS] MOTOR VEHICLE COLLISION MVC NO INJURIES,Traffic,MOTOR VEHICLE COLLISION
TB24028378,"07/13/2024, 8:39:25 PM","07/14/2024, 1:04:33 PM",THUNDER BAY,ON,P7E 1K8,400 Block CATHERINE ST," TBPS] THEFT NOT IN PROGRESS, FROM MOTOR VEHICLE",Theft from Vehicle,THEFT
TB24028374,"07/13/2024, 7:47:25 PM","07/14/2024, 1:04:33 PM",THUNDER BAY,ON,P7C 4A2,500 Block MCKELLAR ST N," TBPS] THEFT NOT IN PROGRESS, FROM MOTOR VEHICLE",Theft from Vehicle,THEFT
TB24028528,"07/15/2024, 12:46:54 AM","07/15/2024, 1:04:25 PM",THUNDER BAY,ON,P0T 2G0,100 Block MORROW RD, TBPS] STOLEN VEHICLE SUSP PRESENT OR MAY STILL BE IN AREA,Theft of Vehicle,STOLEN VEHICLE
TB24028540,"07/15/2024, 3:18:39 AM","07/15/2024, 1:04:25 PM",THUNDER BAY,ON,P7B 6J6,100 Block PICTON AV, TBPS] ASSAULT SUSP PRESENT OR IN AREA,Assault,ASSAULT
TB24028546,"07/15/2024, 3:47:26 AM","07/15/2024, 1:04:25 PM",THUNDER BAY,ON,P7A 4S2,500 Block CUMBERLAND ST N, TBPS] ASSAULT SUSP PRESENT OR IN AREA,Assault,ASSAULT
TB24028560,"07/15/2024, 6:25:17 AM","07/15/2024, 1:04:25 PM",THUNDER BAY,ON,P7A 7R3,400 Block BRANT ST, TBPS] B-E BUS/RES/OTH SUSP PRESENT OR MAY STILL BE IN AREA,Breaking & Entering,B-E BUS/RES/OTH
TB24028551,"07/15/2024, 4:49:19 AM","07/15/2024, 1:04:25 PM",THUNDER BAY,ON,P7A 8C5,500 Block ALGOMA ST N, TBPS] TROUBLE WITH YOUTH YOUTHS STILL IN AREA,Quality of Life,TROUBLE WITH YOUTH
TB24028459,"07/14/2024, 12:40:32 PM","07/15/2024, 1:04:26 PM",THUNDER BAY,ON,P7B 3A6,900 Block FORT WILLIAM RD, TBPS] LIQUOR LICENCE ACT LIQUOR LICENCE ACT VIOLATION IN PROGRESS,Quality of Life,LIQUOR LICENCE ACT
TB24028486,"07/14/2024, 6:30:58 PM","07/15/2024, 1:04:26 PM",THUNDER BAY,ON,P7C 2K7,200 Block FINLAYSON ST, TBPS] DRUG OFFENCES SUSP PRESENT OR MAY STILL BE IN AREA,Quality of Life,DRUG OFFENCES
TB24028477,"07/14/2024, 4:59:26 PM","07/15/2024, 1:04:26 PM",THUNDER BAY,ON,P7C 3H8,300 Block SIMPSON ST, TBPS] DRUG OFFENCES SUSP PRESENT OR MAY STILL BE IN AREA,Quality of Life,DRUG OFFENCES
TB24028462,"07/14/2024, 2:20:59 PM","07/15/2024, 1:04:27 PM",THUNDER BAY,ON,P7C 2K5,MCKENZIE ST AND FINLAYSON ST, TBPS] THEFT SUSP STILL PRESENT OR MAY BE IN AREA,Other Theft,THEFT
TB24028471,"07/14/2024, 4:23:31 PM","07/15/2024, 1:04:27 PM",THUNDER BAY,ON,P7E 3Y7,1400 Block FREDERICA ST W, TBPS] B-E BUS/RES/OTH 11-10,Breaking & Entering,B-E BUS/RES/OTH
TB24028508,"07/14/2024, 9:56:25 PM","07/15/2024, 1:04:27 PM",THUNDER BAY,ON,P7E,BROWN ST AND GORDON ST, TBPS] MOTOR VEHICLE COLLISION MVC - AMB ENR - DUAL RESP,Other,MOTOR VEHICLE COLLISION
TB24028311,"07/13/2024, 6:16:35 AM","07/16/2024, 1:03:28 PM",THUNDER BAY,ON,P7B 6E8,SOUTH WATER ST AND PEARL ST, TBPS] MOTOR VEHICLE COLLISION 11-10 MVC ANY TYPE,Other,MOTOR VEHICLE COLLISION
TB24028653,"07/15/2024, 10:18:34 PM","07/16/2024, 1:04:10 PM",THUNDER BAY,ON,P7A 4S5,1 Block ST. PAUL ST," TBPS] MISCHIEF 11-10, MICHIEF UNDER 5000",Other Property Crime,MISCHIEF
TB24028650,"07/15/2024, 10:09:56 PM","07/16/2024, 1:04:10 PM",THUNDER BAY,ON,P7A 4P6,300 Block CUMBERLAND ST N, TBPS] B-E BUS/RES/OTH 11-10,Breaking & Entering,B-E BUS/RES/OTH
TB24028663,"07/16/2024, 12:19:25 AM","07/16/2024, 1:04:11 PM",THUNDER BAY,ON,P7B 3C1,100 Block ALGOMA ST S, TBPS] THEFT SUSP STILL PRESENT OR MAY BE IN AREA,Other Theft,THEFT
TB24028664,"07/16/2024, 12:39:34 AM","07/16/2024, 1:04:11 PM",THUNDER BAY,ON,P7B 3C2,JOHN ST AND MEMORIAL AV, TBPS] MOTOR VEHICLE COLLISION MVC NO INJURIES,Traffic,MOTOR VEHICLE COLLISION
TB24028666,"07/16/2024, 1:00:38 AM","07/16/2024, 1:04:12 PM",THUNDER BAY,ON,P7E 4N8,200 Block CHRISTINA ST E, TBPS] THEFT SUSP STILL PRESENT OR MAY BE IN AREA,Other Theft,THEFT
TB24028667,"07/16/2024, 1:12:51 AM","07/16/2024, 1:04:12 PM",THUNDER BAY,ON,P7B 4E7,300 Block RAY BLVD, TBPS] ASSAULT SUSP PRESENT OR IN AREA,Assault,ASSAULT
TB24028673,"07/16/2024, 1:41:46 AM","07/16/2024, 1:04:12 PM",THUNDER BAY,ON,P7C 5N5,100 Block HWY AND CANDY MOUNTAIN DR, TBPS] MOTOR VEHICLE COLLISION MVC NO INJURIES,Traffic,MOTOR VEHICLE COLLISION
TB24028680,"07/16/2024, 2:28:30 AM","07/16/2024, 1:04:13 PM",THUNDER BAY,ON,P7B 5Y7,500 Block NOBEL RD," TBPS] THEFT NOT IN PROGRESS, FROM MOTOR VEHICLE",Theft from Vehicle,THEFT
TB24028695,"07/16/2024, 4:34:02 AM","07/16/2024, 1:04:16 PM",THUNDER BAY,ON,P7B 6S2,700 Block MEMORIAL AV, TBPS] THEFT SUSP STILL PRESENT OR MAY BE IN AREA,Other Theft,THEFT
TB24028704,"07/16/2024, 5:38:42 AM","07/16/2024, 1:04:17 PM",THUNDER BAY,ON,P7C 1Z7,400 Block REDWOOD AV W, TBPS] ASSAULT SUSP PRESENT OR IN AREA,Assault,ASSAULT
TB24028502,"07/14/2024, 9:22:08 PM","07/16/2024, 1:04:25 PM",THUNDER BAY,ON,P7B 3G2,1 Block ONTARIO ST, TBPS] MOTOR VEHICLE COLLISION 11-10 MVC ANY TYPE,Other,MOTOR VEHICLE COLLISION
TB24028529,"07/15/2024, 12:49:45 AM","07/16/2024, 1:04:28 PM",THUNDER BAY,ON,P7A 2K6,200 Block MACDOUGALL ST, TBPS] ASSAULT ACCUSED NOT PRESENT,Assault,ASSAULT
TB24028548,"07/15/2024, 4:30:18 AM","07/16/2024, 1:04:31 PM",THUNDER BAY,ON,P7B 5R7,100 Block CUMBERLAND ST S, TBPS] ASSAULT SUSP PRESENT OR IN AREA,Assault,ASSAULT
TB24028567,"07/15/2024, 7:36:47 AM","07/16/2024, 1:04:33 PM",THUNDER BAY,ON,P7E 1H7,200 Block MCKELLAR ST S, TBPS] ASSAULT ACCUSED NOT PRESENT,Assault,ASSAULT
TB24028572,"07/15/2024, 9:30:15 AM","07/16/2024, 1:04:33 PM",THUNDER BAY,ON,P7C 2L1,300 Block FINLAYSON ST, TBPS] B-E BUS/RES/OTH SUSP PRESENT OR MAY STILL BE IN AREA,Breaking & Entering,B-E BUS/RES/OTH
TB24028574,"07/15/2024, 9:41:42 AM","07/16/2024, 1:04:33 PM",THUNDER BAY,ON,P7C 2G5,200 Block BETHUNE ST, TBPS] B-E BUS/RES/OTH SUSP PRESENT OR MAY STILL BE IN AREA,Breaking & Entering,B-E BUS/RES/OTH
TB24028585,"07/15/2024, 1:00:18 PM","07/16/2024, 1:04:34 PM",THUNDER BAY,ON,P7C 3X8,100 Block CENTENNIAL SQ," TBPS] MISCHIEF IP/SUSP IN AREA, UNDER 5,000",Other Property Crime,MISCHIEF
TB24028584,"07/15/2024, 12:46:11 PM","07/16/2024, 1:04:34 PM",THUNDER BAY,ON,P7B 1R5,200 Block BAY ST, TBPS] B-E BUS/RES/OTH SUSP PRESENT OR MAY STILL BE IN AREA,Breaking & Entering,B-E BUS/RES/OTH
TB24028590,"07/15/2024, 2:57:23 PM","07/16/2024, 1:04:35 PM",THUNDER BAY,ON,P7E 5P4,ARTHUR ST E AND FORD ST S, TBPS] MOTOR VEHICLE COLLISION 11-10 MVC ANY TYPE,Other,MOTOR VEHICLE COLLISION
TB24028592,"07/15/2024, 3:36:30 PM","07/16/2024, 1:04:35 PM",THUNDER BAY,ON,P7E 1C6,100 Block SYNDICATE AV S," TBPS] THEFT NOT IN PROGRESS, UNDER 5000",Other Theft,THEFT
TB24028594,"07/15/2024, 3:43:04 PM","07/16/2024, 1:04:35 PM",THUNDER BAY,ON,P7B 6B7,400 Block WINNIPEG AV, TBPS] MOTOR VEHICLE COLLISION 11-10 MVC ANY TYPE,Other,MOTOR VEHICLE COLLISION
TB24028597,"07/15/2024, 3:48:29 PM","07/16/2024, 1:04:35 PM",THUNDER BAY,ON,P7A 4N1,200 Block CUMBERLAND ST N, TBPS] MOTOR VEHICLE COLLISION 11-10 MVC ANY TYPE,Other,MOTOR VEHICLE COLLISION
TB24028598,"07/15/2024, 3:53:27 PM","07/16/2024, 1:04:35 PM",THUNDER BAY,ON,P7A 7M8,200 Block COUNTY BLVD, TBPS] MOTOR VEHICLE COLLISION 11-10 MVC ANY TYPE,Other,MOTOR VEHICLE COLLISION
TB24028601,"07/15/2024, 4:07:10 PM","07/16/2024, 1:04:35 PM",THUNDER BAY,ON,P7B,BALMORAL ST AND HARBOUR EXPRESSWAY, TBPS] MOTOR VEHICLE COLLISION 11-10 MVC ANY TYPE,Other,MOTOR VEHICLE COLLISION
TB24028600,"07/15/2024, 4:02:07 PM","07/16/2024, 1:04:35 PM",THUNDER BAY,ON,P7E 6H9,ARTHUR ST E AND WATERLOO ST S, TBPS] MOTOR VEHICLE COLLISION 11-10 MVC ANY TYPE,Other,MOTOR VEHICLE COLLISION
TB24028603,"07/15/2024, 4:17:35 PM","07/16/2024, 1:04:35 PM",THUNDER BAY,ON,P7B,MEMORIAL AV AND DUNLOP ST, TBPS] MOTOR VEHICLE COLLISION 11-10 MVC ANY TYPE,Other,MOTOR VEHICLE COLLISION
TB24028606,"07/15/2024, 4:00:00 PM","07/16/2024, 1:04:36 PM",THUNDER BAY,ON,P7B 6J8,1 Block PICTON AV, TBPS] ASSAULT ACCUSED NOT PRESENT,Assault,ASSAULT
TB24028609,"07/15/2024, 4:40:07 PM","07/16/2024, 1:04:36 PM",THUNDER BAY,ON,P7C 3P9,300 Block MAY ST N, TBPS] THEFT SUSP STILL PRESENT OR MAY BE IN AREA,Other Theft,THEFT
TB24028611,"07/15/2024, 4:59:27 PM","07/16/2024, 1:04:36 PM",THUNDER BAY,ON,P7J 1C3,1000 Block FOXBOROUGH PL," TBPS] THEFT NOT IN PROGRESS, FROM MOTOR VEHICLE",Theft from Vehicle,THEFT
TB24028616,"07/15/2024, 5:26:38 PM","07/16/2024, 1:04:36 PM",THUNDER BAY,ON,P7B 3Y6,400 Block MEMORIAL AV," TBPS] THEFT NOT IN PROGRESS, FROM MOTOR VEHICLE",Theft from Vehicle,THEFT
TB24028617,"07/15/2024, 5:45:03 PM","07/16/2024, 1:04:36 PM",THUNDER BAY,ON,P7C 3X8,100 Block CENTENNIAL SQ," TBPS] MISCHIEF IP/SUSP IN AREA, UNDER 5,000",Other Property Crime,MISCHIEF
TB24028623,"07/15/2024, 6:50:59 PM","07/16/2024, 1:04:36 PM",THUNDER BAY,ON,P7C 3R3,300 Block MAY ST N, TBPS] DRUG OFFENCES SUSP PRESENT OR MAY STILL BE IN AREA,Quality of Life,DRUG OFFENCES
TB24028637,"07/15/2024, 8:31:59 PM","07/16/2024, 1:04:37 PM",THUNDER BAY,ON,P7B,FORT WILLIAM RD AND HARBOUR EXPRESSWAY, TBPS] MOTOR VEHICLE COLLISION 11-10 MVC ANY TYPE,Other,MOTOR VEHICLE COLLISION
TB24028638,"07/15/2024, 8:35:06 PM","07/16/2024, 1:04:37 PM",THUNDER BAY,ON,P7C 2V2,MAY ST N AND SOUTHERN AV, TBPS] MOTOR VEHICLE COLLISION 11-10 MVC ANY TYPE,Other,MOTOR VEHICLE COLLISION
TB24028648,"07/15/2024, 9:31:17 PM","07/16/2024, 1:04:37 PM",THUNDER BAY,ON,P7B 2M5,300 Block SPOFFORD ST," TBPS] THEFT NOT IN PROGRESS, FROM MOTOR VEHICLE",Theft from Vehicle,THEFT
TB24028643,"07/15/2024, 9:09:49 PM","07/16/2024, 1:04:37 PM",THUNDER BAY,ON,P7C 3X8,100 Block CENTENNIAL SQ," TBPS] MISCHIEF IP/SUSP IN AREA, UNDER 5,000",Other Property Crime,MISCHIEF
TB24028795,"07/16/2024, 10:11:01 PM","07/17/2024, 1:07:50 PM",THUNDER BAY,ON,P7C 4N1,500 Block WILTSHIRE CR, TBPS] STOLEN VEHICLE SUSP NOT IN AREA,Theft of Vehicle,STOLEN VEHICLE
TB24028797,"07/16/2024, 10:20:09 PM","07/17/2024, 1:07:50 PM",THUNDER BAY,ON,P7G 1N2,1200 Block CENTRAL AV," TBPS] THEFT NOT IN PROGRESS, FROM MOTOR VEHICLE",Theft from Vehicle,THEFT
TB24028804,"07/16/2024, 10:46:18 PM","07/17/2024, 1:07:51 PM",THUNDER BAY,ON,P7B 1A6,200 Block RED RIVER RD, TBPS] DRUG OFFENCES SUSP PRESENT OR MAY STILL BE IN AREA,Quality of Life,DRUG OFFENCES
TB24028805,"07/16/2024, 10:00:00 PM","07/17/2024, 1:07:52 PM",THUNDER BAY,ON,P7E 2V9,700 Block JAMES ST S, TBPS] ASSAULT SUSP PRESENT OR IN AREA,Assault,ASSAULT
TB24028809,"07/16/2024, 11:46:10 PM","07/17/2024, 1:07:53 PM",THUNDER BAY,ON,P7C 2H8,200 Block DEASE ST," TBPS] THEFT NOT IN PROGRESS, FROM MOTOR VEHICLE",Theft from Vehicle,THEFT
TB24028813,"07/17/2024, 12:43:50 AM","07/17/2024, 1:07:54 PM",THUNDER BAY,ON,P7B 3L7,INCHIQUIN ST AND HIGH ST S, TBPS] MOTOR VEHICLE COLLISION MVC INJURIES FIRE NOT REQ,Traffic,MOTOR VEHICLE COLLISION
TB24028827,"07/17/2024, 1:55:31 AM","07/17/2024, 1:07:55 PM",THUNDER BAY,ON,P7E 5M8,900 Block ARTHUR ST E, TBPS] THEFT SUSP STILL PRESENT OR MAY BE IN AREA,Other Theft,THEFT
TB24028830,"07/17/2024, 2:29:45 AM","07/17/2024, 1:07:56 PM",THUNDER BAY,ON,P7C 3J9,SIMPSON ST AND ROWAND ST, TBPS] DRUG OFFENCES SUSP PRESENT OR MAY STILL BE IN AREA,Quality of Life,DRUG OFFENCES
TB24028836,"07/17/2024, 3:30:32 AM","07/17/2024, 1:07:57 PM",THUNDER BAY,ON,P7G 2A6,ONION LAKE RD AND MELBOURNE RD, TBPS] MOTOR VEHICLE COLLISION MVC NO INJURIES,Traffic,MOTOR VEHICLE COLLISION
TB24028842,"07/17/2024, 4:15:40 AM","07/17/2024, 1:07:58 PM",THUNDER BAY,ON,P7A 8C5,500 Block ALGOMA ST N, TBPS] B-E BUS/RES/OTH SUSP PRESENT OR MAY STILL BE IN AREA,Breaking & Entering,B-E BUS/RES/OTH
TB24028848,"07/17/2024, 4:51:53 AM","07/17/2024, 1:08:00 PM",THUNDER BAY,ON,P7E 5V3,500 Block DONALD ST E, TBPS] ROBBERY NO WEAPONS - SUSP STILL IN AREA,Robbery,ROBBERY
TB24028859,"07/17/2024, 7:11:14 AM","07/17/2024, 1:08:04 PM",THUNDER BAY,ON,P7C 2J6,100 Block PRUDEN ST, TBPS] DRUG OFFENCES SUSP PRESENT OR MAY STILL BE IN AREA,Quality of Life,DRUG OFFENCES
TB24028668,"07/16/2024, 1:17:50 AM","07/17/2024, 1:08:14 PM",THUNDER BAY,ON,P7C 1Y5,400 Block PINEVIEW BA, TBPS] MOTOR VEHICLE COLLISION 11-10 MVC ANY TYPE,Other,MOTOR VEHICLE COLLISION
TB24028703,"07/16/2024, 5:20:31 AM","07/17/2024, 1:08:23 PM",THUNDER BAY,ON,P7B 3Z7,700 Block MEMORIAL AV," TBPS] MISCHIEF 11-10, MICHIEF UNDER 5000",Other Property Crime,MISCHIEF
TB24028718,"07/16/2024, 8:49:24 AM","07/17/2024, 1:08:25 PM",THUNDER BAY,ON,P7E 5V3,500 Block DONALD ST E, TBPS] ROBBERY NO WEAPONS - SUSP STILL IN AREA,Robbery,ROBBERY
TB24028725,"07/16/2024, 11:44:02 AM","07/17/2024, 1:08:27 PM",THUNDER BAY,ON,P7E 5N9,2000 Block ARTHUR ST E, TBPS] B-E BUS/RES/OTH SUSP PRESENT OR MAY STILL BE IN AREA,Breaking & Entering,B-E BUS/RES/OTH
TB24028730,"07/16/2024, 2:19:09 PM","07/17/2024, 1:08:29 PM",THUNDER BAY,ON,P7A 4M6,100 Block CUMBERLAND ST N," TBPS] MISCHIEF IP/SUSP IN AREA, UNDER 5,000",Other Property Crime,MISCHIEF
TB24028741,"07/16/2024, 4:03:10 PM","07/17/2024, 1:08:33 PM",THUNDER BAY,ON,P7C 3L1,400 Block MCKENZIE ST, TBPS] B-E BUS/RES/OTH 11-10,Breaking & Entering,B-E BUS/RES/OTH
TB24028742,"07/16/2024, 4:08:33 PM","07/17/2024, 1:08:33 PM",THUNDER BAY,ON,P7B 1B2,300 Block RED RIVER RD," TBPS] THEFT NOT IN PROGRESS, FROM MOTOR VEHICLE",Theft from Vehicle,THEFT
TB24028751,"07/16/2024, 6:04:07 PM","07/17/2024, 1:08:35 PM",THUNDER BAY,ON,P7E 4R2,1500 Block WOODWARD AV, TBPS] B-E BUS/RES/OTH 11-10,Breaking & Entering,B-E BUS/RES/OTH
TB24028763,"07/16/2024, 7:24:22 PM","07/17/2024, 1:08:38 PM",THUNDER BAY,ON,P7A 3G7,200 Block WOLSELEY ST, TBPS] MOTOR VEHICLE COLLISION 11-10 MVC ANY TYPE,Other,MOTOR VEHICLE COLLISION
TB24028761,"07/16/2024, 7:18:03 PM","07/17/2024, 1:08:38 PM",THUNDER BAY,ON,P7G 2H2,400 Block BEAVER AV, TBPS] MOTOR VEHICLE COLLISION 11-10 MVC ANY TYPE,Other,MOTOR VEHICLE COLLISION
TB24028765,"07/16/2024, 7:49:54 PM","07/17/2024, 1:08:38 PM",THUNDER BAY,ON,P7A 8A4,100 Block EAST AV, TBPS] MOTOR VEHICLE COLLISION 11-10 MVC ANY TYPE,Other,MOTOR VEHICLE COLLISION
TB24028764,"07/16/2024, 7:29:12 PM","07/17/2024, 1:08:38 PM",THUNDER BAY,ON,P7A 1L3,300 Block ARUNDEL ST, TBPS] MOTOR VEHICLE COLLISION 11-10 MVC ANY TYPE,Other,MOTOR VEHICLE COLLISION
TB24028769,"07/16/2024, 8:02:25 PM","07/17/2024, 1:08:39 PM",THUNDER BAY,ON,P7A 7T5,CUMBERLAND ST N AND GRENVILLE AV, TBPS] MOTOR VEHICLE COLLISION 11-10 MVC ANY TYPE,Other,MOTOR VEHICLE COLLISION
TB24028773,"07/16/2024, 8:21:27 PM","07/17/2024, 1:08:39 PM",THUNDER BAY,ON,P7A 7T5,GRENVILLE AV AND CUMBERLAND ST N, TBPS] MOTOR VEHICLE COLLISION 11-10 MVC ANY TYPE,Other,MOTOR VEHICLE COLLISION
TB24028780,"07/16/2024, 8:00:00 PM","07/17/2024, 1:08:40 PM",THUNDER BAY,ON,P7K 1J6,200 Block DAMON CR, TBPS] ASSAULT ACCUSED NOT PRESENT,Assault,ASSAULT
TB24028783,"07/16/2024, 9:12:02 PM","07/17/2024, 1:08:40 PM",THUNDER BAY,ON,.,100 Block PEARL ST, TBPS] DRUG OFFENCES SUSP PRESENT OR MAY STILL BE IN AREA,Quality of Life,DRUG OFFENCES
TB24028775,"07/16/2024, 8:36:55 PM","07/17/2024, 1:08:40 PM",THUNDER BAY,ON,P7B 3Y4,300 Block MEMORIAL AV, TBPS] MOTOR VEHICLE COLLISION 11-10 MVC ANY TYPE,Other,MOTOR VEHICLE COLLISION
TB24028992,"07/18/2024, 6:05:54 AM","07/18/2024, 1:02:39 PM",THUNDER BAY,ON,P7B 3Z5,MEMORIAL AV AND SIXTH AV," TBPS] ASSAULT JUST OCCURRED, ACCUSED NOT PRESENT",Assault,ASSAULT
TB24028990,"07/18/2024, 5:39:13 AM","07/18/2024, 1:02:40 PM",THUNDER BAY,ON,P7B 4L4,300 Block MCBEAN ST, TBPS] DRUG OFFENCES SUSP PRESENT OR MAY STILL BE IN AREA,Quality of Life,DRUG OFFENCES
TB24028967,"07/18/2024, 2:41:28 AM","07/18/2024, 1:02:42 PM",THUNDER BAY,ON,P7E 4W9,WALSH ST W AND JAMES ST S, TBPS] MOTOR VEHICLE COLLISION MVC NO INJURIES,Traffic,MOTOR VEHICLE COLLISION
TB24028953,"07/17/2024, 11:51:09 PM","07/18/2024, 1:02:44 PM",THUNDER BAY,ON,P7B 2W8,1 Block COURT ST S," TBPS] MISCHIEF 11-10, MICHIEF UNDER 5000",Other Property Crime,MISCHIEF
TB24028948,"07/17/2024, 11:04:59 PM","07/18/2024, 1:02:45 PM",THUNDER BAY,ON,P7B 5Z5,1200 Block BALMORAL ST," TBPS] THEFT IN PROGRESS, OVER 50000",Other Theft,THEFT
TB24028983,"07/18/2024, 4:57:46 AM","07/18/2024, 1:02:45 PM",THUNDER BAY,ON,P7B 6S2,700 Block MEMORIAL AV, TBPS] THEFT SUSP STILL PRESENT OR MAY BE IN AREA,Other Theft,THEFT
TB24028921,"07/17/2024, 8:32:19 PM","07/18/2024, 1:02:48 PM",THUNDER BAY,ON,P7A 4K8,1000 Block DAWSON RD, TBPS] MOTOR VEHICLE COLLISION 11-10 MVC ANY TYPE,Other,MOTOR VEHICLE COLLISION
TB24028963,"07/18/2024, 1:37:45 AM","07/18/2024, 1:02:48 PM",THUNDER BAY,ON,P7B 6J6,100 Block PICTON AV," TBPS] MISCHIEF IP/SUSP IN AREA, MICHIEF OVER 5000",Other Property Crime,MISCHIEF
TB24028907,"07/17/2024, 6:47:07 PM","07/18/2024, 1:02:49 PM",THUNDER BAY,ON,P7B 6P4,500 Block HARBOUR EXPRESSWAY, TBPS] MOTOR VEHICLE COLLISION 11-10 MVC ANY TYPE,Other,MOTOR VEHICLE COLLISION
TB24028904,"07/17/2024, 6:40:38 PM","07/18/2024, 1:02:49 PM",THUNDER BAY,ON,P7B 4A8,600 Block SQUIER ST, TBPS] MOTOR VEHICLE COLLISION 11-10 MVC ANY TYPE,Other,MOTOR VEHICLE COLLISION
TB24028910,"07/17/2024, 6:56:51 PM","07/18/2024, 1:02:49 PM",THUNDER BAY,ON,P7E 5R8,600 Block ARTHUR ST W, TBPS] MOTOR VEHICLE COLLISION 11-10 MVC ANY TYPE,Other,MOTOR VEHICLE COLLISION
TB24028927,"07/17/2024, 9:15:34 PM","07/18/2024, 1:02:49 PM",THUNDER BAY,ON,P7B,1400 Block BALMORAL ST, TBPS] MOTOR VEHICLE COLLISION MVC - AMB ENR - DUAL RESP,Other,MOTOR VEHICLE COLLISION
TB24028908,"07/17/2024, 6:49:12 PM","07/18/2024, 1:02:49 PM",THUNDER BAY,ON,P7B 4A1,900 Block MEMORIAL AV," TBPS] MISCHIEF 11-10, MICHIEF UNDER 5000",Other Property Crime,MISCHIEF
TB24028929,"07/17/2024, 9:18:41 PM","07/18/2024, 1:02:49 PM",THUNDER BAY,ON,P7G 2C1,700 Block ONION LAKE RD, TBPS] MOTOR VEHICLE COLLISION MVC NO INJURIES,Traffic,MOTOR VEHICLE COLLISION
TB24028881,"07/17/2024, 3:49:21 PM","07/18/2024, 1:02:50 PM",THUNDER BAY,ON,P7E 5L7,2100 Block BEGIN ST E," TBPS] THEFT NOT IN PROGRESS, FROM MOTOR VEHICLE",Theft from Vehicle,THEFT
TB24028883,"07/17/2024, 4:16:42 PM","07/18/2024, 1:02:50 PM",THUNDER BAY,ON,P7B,HIGH ST S AND MEMORIAL AV, TBPS] MOTOR VEHICLE COLLISION 11-10 MVC ANY TYPE,Other,MOTOR VEHICLE COLLISION
TB24028886,"07/17/2024, 4:35:22 PM","07/18/2024, 1:02:50 PM",THUNDER BAY,ON,P7A 4B4,COURT ST N AND CAMELOT ST, TBPS] MOTOR VEHICLE COLLISION MVC NO INJURIES,Traffic,MOTOR VEHICLE COLLISION
TB24028892,"07/17/2024, 5:29:48 PM","07/18/2024, 1:02:50 PM",THUNDER BAY,ON,P7B 5L6,300 Block MAIN ST," TBPS] MISCHIEF 11-10, MICHIEF OVER 5000",Other Property Crime,MISCHIEF
TB24028897,"07/17/2024, 6:06:48 PM","07/18/2024, 1:02:50 PM",THUNDER BAY,ON,P7C 2M3,HERON ST AND MCKENZIE ST, TBPS] ASSAULT SUSP PRESENT OR IN AREA,Assault,ASSAULT
TB24028884,"07/17/2024, 4:25:11 PM","07/18/2024, 1:02:51 PM",THUNDER BAY,ON,P7B 2V9,100 Block JOHNSON AV," TBPS] THEFT NOT IN PROGRESS, FROM MOTOR VEHICLE",Theft from Vehicle,THEFT
TB24028885,"07/17/2024, 4:25:52 PM","07/18/2024, 1:02:51 PM",THUNDER BAY,ON,P7A 4K8,1000 Block DAWSON RD, TBPS] MOTOR VEHICLE COLLISION 11-10 MVC ANY TYPE,Other,MOTOR VEHICLE COLLISION
TB24028891,"07/17/2024, 5:09:28 PM","07/18/2024, 1:02:51 PM",THUNDER BAY,ON,P7E 1H8,400 Block MCKELLAR ST S," TBPS] THEFT NOT IN PROGRESS, FROM MOTOR VEHICLE",Theft from Vehicle,THEFT
TB24028974,"07/18/2024, 3:25:21 AM","07/18/2024, 1:02:54 PM",THUNDER BAY,ON,P7C 2H8,200 Block DEASE ST, TBPS] DRUG OFFENCES SUSP PRESENT OR MAY STILL BE IN AREA,Quality of Life,DRUG OFFENCES
TB24028976,"07/18/2024, 4:02:05 AM","07/18/2024, 1:02:54 PM",THUNDER BAY,ON,P7C 3V8,200 Block SYNDICATE AV N, TBPS] STOLEN VEHICLE SUSP PRESENT OR MAY STILL BE IN AREA,Theft of Vehicle,STOLEN VEHICLE
TB24028978,"07/18/2024, 4:33:47 AM","07/18/2024, 1:02:54 PM",THUNDER BAY,ON,P7B 6S2,700 Block MEMORIAL AV, TBPS] TROUBLE WITH YOUTH YOUTHS STILL IN AREA,Quality of Life,TROUBLE WITH YOUTH
TB24029117,"07/19/2024, 2:24:06 AM","07/19/2024, 1:09:16 PM",THUNDER BAY,ON,P7E 5M8,900 Block ARTHUR ST E, TBPS] ROBBERY NO WEAPONS - SUSP STILL IN AREA,Robbery,ROBBERY
TB24029119,"07/19/2024, 2:25:48 AM","07/19/2024, 1:09:16 PM",THUNDER BAY,ON,P7B 3A6,900 Block FORT WILLIAM RD, TBPS] ASSAULT SUSP PRESENT OR IN AREA,Assault,ASSAULT
TB24029146,"07/19/2024, 7:02:46 AM","07/19/2024, 1:09:16 PM",THUNDER BAY,ON,.,100 Block PEARL ST, TBPS] LIQUOR LICENCE ACT LIQUOR LICENCE ACT VIOLATION IN PROGRESS,Quality of Life,LIQUOR LICENCE ACT
TB24028709,"07/16/2024, 7:02:26 AM","07/19/2024, 1:09:16 PM",THUNDER BAY,ON,P7E 1J4,200 Block VICKERS ST S, TBPS] MOTOR VEHICLE COLLISION MVC INJURIES FIRE NOT REQ,Traffic,MOTOR VEHICLE COLLISION
TB24029088,"07/18/2024, 10:26:14 PM","07/19/2024, 1:09:17 PM",THUNDER BAY,ON,P7B 6S2,700 Block MEMORIAL AV, TBPS] THEFT SUSP STILL PRESENT OR MAY BE IN AREA,Other Theft,THEFT
TB24029106,"07/19/2024, 12:57:31 AM","07/19/2024, 1:09:17 PM",THUNDER BAY,ON,P7B 6B9,1000 Block FORT WILLIAM RD, TBPS] MOTOR VEHICLE COLLISION MVC NO INJURIES,Traffic,MOTOR VEHICLE COLLISION
TB24029108,"07/19/2024, 1:04:53 AM","07/19/2024, 1:09:17 PM",THUNDER BAY,ON,P7E 5V7,1100 Block LINCOLN ST, TBPS] DRUG OFFENCES SUSP PRESENT OR MAY STILL BE IN AREA,Quality of Life,DRUG OFFENCES
TB24029121,"07/19/2024, 3:20:38 AM","07/19/2024, 1:09:17 PM",THUNDER BAY,ON,P7A 4K8,1000 Block DAWSON RD," TBPS] MISCHIEF 11-10, MICHIEF UNDER 5000",Other Property Crime,MISCHIEF
TB24029122,"07/19/2024, 3:36:15 AM","07/19/2024, 1:09:17 PM",THUNDER BAY,ON,P7B 7C6,900 Block CARRICK ST, TBPS] THEFT SUSP STILL PRESENT OR MAY BE IN AREA,Other Theft,THEFT
TB24029132,"07/19/2024, 4:44:19 AM","07/19/2024, 1:09:17 PM",THUNDER BAY,ON,P7E 6T2,900 Block KINGSWAY, TBPS] ASSAULT SUSP PRESENT OR IN AREA,Assault,ASSAULT
TB24029079,"07/18/2024, 9:15:54 PM","07/19/2024, 1:09:18 PM",THUNDER BAY,ON,P7C 2E4,100 Block NEWBERRY CR, TBPS] B-E BUS/RES/OTH SUSP PRESENT OR MAY STILL BE IN AREA,Breaking & Entering,B-E BUS/RES/OTH
TB24029066,"07/18/2024, 7:23:33 PM","07/19/2024, 1:09:18 PM",THUNDER BAY,ON,P7E 1M3,MARKS ST S AND ARTHUR ST E, TBPS] MOTOR VEHICLE COLLISION MVC - AMB ENR - DUAL RESP,Other,MOTOR VEHICLE COLLISION
TB24029086,"07/18/2024, 10:18:39 PM","07/19/2024, 1:09:18 PM",THUNDER BAY,ON,P7C 3N1,400 Block WILEY ST," TBPS] THEFT NOT IN PROGRESS, FROM MOTOR VEHICLE",Theft from Vehicle,THEFT
TB24029091,"07/18/2024, 10:54:28 PM","07/19/2024, 1:09:18 PM",THUNDER BAY,ON,P7G 1P7,2100 Block OLIVER RD, TBPS] ASSAULT SUSP PRESENT OR IN AREA,Assault,ASSAULT
TB24029101,"07/19/2024, 12:05:32 AM","07/19/2024, 1:09:18 PM",THUNDER BAY,ON,P7B 5T8,500 Block OLIVER RD," TBPS] MISCHIEF 11-10, MICHIEF UNDER 5000",Other Property Crime,MISCHIEF
TB24029115,"07/19/2024, 2:09:46 AM","07/19/2024, 1:09:18 PM",THUNDER BAY,ON,P7B 2A4,JOHN ST. RD AND VALLEY ST, TBPS] MOTOR VEHICLE COLLISION MVC NO INJURIES,Traffic,MOTOR VEHICLE COLLISION
TB24029042,"07/18/2024, 4:53:58 PM","07/19/2024, 1:09:19 PM",THUNDER BAY,ON,P7E 6G6,ARTHUR ST W AND EUCLID AV, TBPS] MOTOR VEHICLE COLLISION 11-10 MVC ANY TYPE,Other,MOTOR VEHICLE COLLISION
TB24029072,"07/18/2024, 7:58:40 PM","07/19/2024, 1:09:19 PM",THUNDER BAY,ON,P7C 5R7,300 Block RYERSON CR, TBPS] MOTOR VEHICLE COLLISION 11-10 MVC ANY TYPE,Other,MOTOR VEHICLE COLLISION
TB24028972,"07/18/2024, 3:21:23 AM","07/19/2024, 1:09:20 PM",THUNDER BAY,ON,P7A 2K6,200 Block MACDOUGALL ST, TBPS] ASSAULT ACCUSED NOT PRESENT,Assault,ASSAULT
TB24029007,"07/18/2024, 11:22:37 AM","07/19/2024, 1:09:20 PM",THUNDER BAY,ON,P7B 3A6,900 Block FORT WILLIAM RD," TBPS] MISCHIEF IP/SUSP IN AREA, UNDER 5,000",Other Property Crime,MISCHIEF
TB24029016,"07/18/2024, 3:08:17 PM","07/19/2024, 1:09:20 PM",THUNDER BAY,ON,P7B 5N3,SIBLEY DR AND BARTON ST, TBPS] MOTOR VEHICLE COLLISION 11-10 MVC ANY TYPE,Other,MOTOR VEHICLE COLLISION
TB24029018,"07/18/2024, 3:21:39 PM","07/19/2024, 1:09:20 PM",THUNDER BAY,ON,P7C 3H7,300 Block SIMPSON ST, TBPS] MOTOR VEHICLE COLLISION 11-10 MVC ANY TYPE,Other,MOTOR VEHICLE COLLISION
TB24029021,"07/18/2024, 3:33:25 PM","07/19/2024, 1:09:20 PM",THUNDER BAY,ON,P7B,BALMORAL ST AND HARBOUR EXPRESSWAY, TBPS] MOTOR VEHICLE COLLISION 11-10 MVC ANY TYPE,Other,MOTOR VEHICLE COLLISION
TB24029020,"07/18/2024, 3:26:48 PM","07/19/2024, 1:09:20 PM",THUNDER BAY,ON,P7B 3Z7,700 Block MEMORIAL AV, TBPS] MOTOR VEHICLE COLLISION 11-10 MVC ANY TYPE,Other,MOTOR VEHICLE COLLISION
TB24029025,"07/18/2024, 3:58:15 PM","07/19/2024, 1:09:20 PM",THUNDER BAY,ON,P7B 5L6,300 Block MAIN ST, TBPS] MOTOR VEHICLE COLLISION 11-10 MVC ANY TYPE,Other,MOTOR VEHICLE COLLISION
TB24029032,"07/18/2024, 4:24:53 PM","07/19/2024, 1:09:20 PM",THUNDER BAY,ON,P7E 5R8,ARTHUR ST W AND MOUNTDALE AV, TBPS] MOTOR VEHICLE COLLISION 11-10 MVC ANY TYPE,Other,MOTOR VEHICLE COLLISION
TB24029034,"07/18/2024, 4:35:40 PM","07/19/2024, 1:09:20 PM",THUNDER BAY,ON,P7B 3Y2,300 Block MEMORIAL AV, TBPS] MOTOR VEHICLE COLLISION 11-10 MVC ANY TYPE,Other,MOTOR VEHICLE COLLISION
TB24029049,"07/18/2024, 5:22:52 PM","07/19/2024, 1:09:20 PM",THUNDER BAY,ON,P7K,1 Block HWY AND BROADWAY AV, TBPS] MOTOR VEHICLE COLLISION MVC - AMB ENR - DUAL RESP,Other,MOTOR VEHICLE COLLISION
TB24029061,"07/18/2024, 6:15:22 PM","07/19/2024, 1:09:20 PM",THUNDER BAY,ON,P7C 4H3,300 Block NORAH ST N," TBPS] ASSAULT JUST OCCURRED, ACCUSED NOT PRESENT",Assault,ASSAULT
TB24029004,"07/18/2024, 10:15:50 AM","07/19/2024, 1:09:21 PM",THUNDER BAY,ON,P7E 1E1,100 Block SYNDICATE AV S," TBPS] MISCHIEF 11-10, MICHIEF UNDER 5000",Other Property Crime,MISCHIEF
TB24029027,"07/18/2024, 4:04:59 PM","07/19/2024, 1:09:21 PM",THUNDER BAY,ON,P7C 4L7,400 Block CHAPPLES DR, TBPS] MOTOR VEHICLE COLLISION 11-10 MVC ANY TYPE,Other,MOTOR VEHICLE COLLISION
TB24029204,"07/19/2024, 8:16:02 PM","07/20/2024, 1:08:38 PM",THUNDER BAY,ON,P7B 2G1,OLIVER RD AND HIGH ST S, TBPS] MOTOR VEHICLE COLLISION 11-10 MVC ANY TYPE,Other,MOTOR VEHICLE COLLISION
TB24029224,"07/19/2024, 10:15:52 PM","07/20/2024, 1:08:38 PM",THUNDER BAY,ON,P7G 1R3,OLIVER RD AND TOMLINSON RD, TBPS] MOTOR VEHICLE COLLISION MVC - AMB ENR - DUAL RESP,Other,MOTOR VEHICLE COLLISION
TB24029239,"07/20/2024, 12:38:19 AM","07/20/2024, 1:08:38 PM",THUNDER BAY,ON,P7B 6B9,1000 Block FORT WILLIAM RD, TBPS] THEFT SUSP STILL PRESENT OR MAY BE IN AREA,Other Theft,THEFT
TB24029243,"07/20/2024, 1:12:24 AM","07/20/2024, 1:08:38 PM",THUNDER BAY,ON,P7A 4R1,400 Block CUMBERLAND ST N," TBPS] THEFT NOT IN PROGRESS, UNDER 5000",Other Theft,THEFT
TB24029256,"07/20/2024, 4:01:09 AM","07/20/2024, 1:08:38 PM",THUNDER BAY,ON,P7K 1L7,1300 Block KING RD, TBPS] LIQUOR LICENCE ACT LIQUOR LICENCE ACT VIOLATION IN PROGRESS,Quality of Life,LIQUOR LICENCE ACT
TB24029259,"07/20/2024, 4:28:42 AM","07/20/2024, 1:08:38 PM",THUNDER BAY,ON,P7A 4K9,1 Block CUMBERLAND ST N," TBPS] MISCHIEF 11-10, MICHIEF UNDER 5000",Other Property Crime,MISCHIEF
TB24029260,"07/20/2024, 4:31:32 AM","07/20/2024, 1:08:38 PM",THUNDER BAY,ON,P7C 2K6,100 Block FINLAYSON ST," TBPS] THEFT NOT IN PROGRESS, FROM MOTOR VEHICLE",Theft from Vehicle,THEFT
TB24029269,"07/20/2024, 6:07:25 AM","07/20/2024, 1:08:38 PM",THUNDER BAY,ON,P7E 5V3,500 Block DONALD ST E, TBPS] LIQUOR LICENCE ACT LIQUOR LICENCE ACT VIOLATION IN PROGRESS,Quality of Life,LIQUOR LICENCE ACT
TB24029194,"07/19/2024, 6:48:03 PM","07/20/2024, 1:08:39 PM",THUNDER BAY,ON,P7B 5Z5,1200 Block BALMORAL ST, TBPS] MOTOR VEHICLE COLLISION MVC NO INJURIES,Traffic,MOTOR VEHICLE COLLISION
TB24029200,"07/19/2024, 7:28:58 PM","07/20/2024, 1:08:39 PM",THUNDER BAY,ON,P7E 5P4,ARTHUR ST E AND FORD ST S, TBPS] MOTOR VEHICLE COLLISION 11-10 MVC ANY TYPE,Other,MOTOR VEHICLE COLLISION
TB24029227,"07/19/2024, 10:32:48 PM","07/20/2024, 1:08:39 PM",THUNDER BAY,ON,P7E 4Z7,2600 Block MOODIE ST E, TBPS] B-E BUS/RES/OTH SUSP PRESENT OR MAY STILL BE IN AREA,Breaking & Entering,B-E BUS/RES/OTH
TB24029248,"07/20/2024, 1:58:09 AM","07/20/2024, 1:08:39 PM",THUNDER BAY,ON,P7E 4B7,400 Block FRANCIS ST E, TBPS] LIQUOR LICENCE ACT LIQUOR LICENCE ACT VIOLATION IN PROGRESS,Quality of Life,LIQUOR LICENCE ACT
TB24029163,"07/19/2024, 2:32:24 PM","07/20/2024, 1:08:40 PM",THUNDER BAY,ON,P7A 4P8,400 Block CUMBERLAND ST N, TBPS] MOTOR VEHICLE COLLISION 11-10 MVC ANY TYPE,Other,MOTOR VEHICLE COLLISION
TB24029164,"07/19/2024, 2:43:37 PM","07/20/2024, 1:08:40 PM",THUNDER BAY,ON,P7A 4K8,1000 Block DAWSON RD, TBPS] MOTOR VEHICLE COLLISION 11-10 MVC ANY TYPE,Other,MOTOR VEHICLE COLLISION
TB24029166,"07/19/2024, 2:44:30 PM","07/20/2024, 1:08:40 PM",THUNDER BAY,ON,P7B 6S2,700 Block MEMORIAL AV, TBPS] ROBBERY NO WEAPONS - SUSP STILL IN AREA,Robbery,ROBBERY
TB24029167,"07/19/2024, 2:58:56 PM","07/20/2024, 1:08:40 PM",THUNDER BAY,ON,P7B 3S7,MEMORIAL AV AND WINNIPEG AV, TBPS] MOTOR VEHICLE COLLISION 11-10 MVC ANY TYPE,Other,MOTOR VEHICLE COLLISION
TB24029172,"07/19/2024, 3:39:50 PM","07/20/2024, 1:08:40 PM",THUNDER BAY,ON,P7B 5V2,500 Block BEVERLY ST, TBPS] THEFT SUSP STILL PRESENT OR MAY BE IN AREA,Other Theft,THEFT
TB24029175,"07/19/2024, 4:38:17 PM","07/20/2024, 1:08:40 PM",THUNDER BAY,ON,P7B 6B9,1000 Block FORT WILLIAM RD, TBPS] MOTOR VEHICLE COLLISION 11-10 MVC ANY TYPE,Other,MOTOR VEHICLE COLLISION
TB24029210,"07/19/2024, 9:17:19 PM","07/20/2024, 1:08:40 PM",THUNDER BAY,ON,P7E 3V7,100 Block FREDERICA ST W, TBPS] B-E BUS/RES/OTH SUSP PRESENT OR MAY STILL BE IN AREA,Breaking & Entering,B-E BUS/RES/OTH
TB24029306,"07/20/2024, 6:00:38 PM","07/21/2024, 1:08:56 PM",THUNDER BAY,ON,P7C 3C6,600 Block MCTAVISH ST, TBPS] MOTOR VEHICLE COLLISION 11-10 MVC ANY TYPE,Other,MOTOR VEHICLE COLLISION
TB24029320,"07/20/2024, 8:06:06 PM","07/21/2024, 1:08:58 PM",THUNDER BAY,ON,P7B 2H1,500 Block OLIVER RD, TBPS] STOLEN VEHICLE SUSP NOT IN AREA,Theft of Vehicle,STOLEN VEHICLE
TB24029326,"07/20/2024, 9:20:22 PM","07/21/2024, 1:08:59 PM",THUNDER BAY,ON,P7A 5G2,100 Block JEAN ST," TBPS] THEFT NOT IN PROGRESS, UNDER 5000",Other Theft,THEFT
TB24029333,"07/20/2024, 10:15:47 PM","07/21/2024, 1:09:00 PM",THUNDER BAY,ON,P7B 5L6,300 Block MAIN ST, TBPS] THEFT SUSP STILL PRESENT OR MAY BE IN AREA,Other Theft,THEFT
TB24029338,"07/20/2024, 11:14:14 PM","07/21/2024, 1:09:00 PM",THUNDER BAY,ON,P7K 1N6,1400 Block VICTOR ST, TBPS] MOTOR VEHICLE COLLISION MVC - AMB ENR - DUAL RESP,Other,MOTOR VEHICLE COLLISION
TB24029341,"07/20/2024, 11:36:46 PM","07/21/2024, 1:09:01 PM",THUNDER BAY,ON,P7E 5L3,1400 Block CUTHBERTSON PL," TBPS] MISCHIEF IP/SUSP IN AREA, UNDER 5,000",Other Property Crime,MISCHIEF
TB24029342,"07/20/2024, 11:45:09 PM","07/21/2024, 1:09:01 PM",THUNDER BAY,ON,P7A 3S4,600 Block RIVER ST, TBPS] ROBBERY NO WEAPONS - SUSP STILL IN AREA,Robbery,ROBBERY
TB24029356,"07/21/2024, 2:43:50 AM","07/21/2024, 1:09:02 PM",THUNDER BAY,ON,P7C 3X8,100 Block CENTENNIAL SQ, TBPS] ROBBERY WEAPONS - SUSP STILL IN AREA,Robbery,ROBBERY
TB24029358,"07/21/2024, 2:49:28 AM","07/21/2024, 1:09:03 PM",THUNDER BAY,ON,P7C 3V8,200 Block SYNDICATE AV N," TBPS] MISCHIEF 11-10, MICHIEF UNDER 5000",Other Property Crime,MISCHIEF
TB24029359,"07/21/2024, 2:51:43 AM","07/21/2024, 1:09:03 PM",THUNDER BAY,ON,P7E 5S2,1100 Block ARTHUR ST W, TBPS] ASSAULT SUSP PRESENT OR IN AREA,Assault,ASSAULT
TB24029372,"07/21/2024, 5:52:38 AM","07/21/2024, 1:09:04 PM",THUNDER BAY,ON,P7B 2X6,100 Block COURT ST S, TBPS] LIQUOR LICENCE ACT LIQUOR LICENCE ACT VIOLATION IN PROGRESS,Quality of Life,LIQUOR LICENCE ACT
TB24029265,"07/20/2024, 5:13:24 AM","07/21/2024, 1:09:34 PM",THUNDER BAY,ON,P7K 1L7,1300 Block KING RD, TBPS] LIQUOR LICENCE ACT LIQUOR LICENCE ACT VIOLATION IN PROGRESS,Quality of Life,LIQUOR LICENCE ACT
TB24029277,"07/20/2024, 6:51:22 AM","07/21/2024, 1:09:36 PM",THUNDER BAY,ON,P7C 3P4,200 Block MAY ST N, TBPS] DRUG OFFENCES SUSP PRESENT OR MAY STILL BE IN AREA,Quality of Life,DRUG OFFENCES
TB24029305,"07/20/2024, 5:54:51 PM","07/21/2024, 1:09:39 PM",THUNDER BAY,ON,P7E 4Z2,1800 Block MOODIE ST E," TBPS] MISCHIEF 11-10, MICHIEF OVER 5000",Other Property Crime,MISCHIEF
TB24029450,"07/22/2024, 2:24:53 AM","07/22/2024, 1:06:24 PM",THUNDER BAY,ON,P7K 1L7,1300 Block KING RD, TBPS] ASSAULT SUSP PRESENT OR IN AREA,Assault,ASSAULT
TB24029475,"07/22/2024, 5:35:35 AM","07/22/2024, 1:06:24 PM",THUNDER BAY,ON,P7E 4J1,100 Block BROCK ST W, TBPS] B-E BUS/RES/OTH SUSP PRESENT OR MAY STILL BE IN AREA,Breaking & Entering,B-E BUS/RES/OTH
TB24029419,"07/21/2024, 7:48:50 PM","07/22/2024, 1:06:25 PM",THUNDER BAY,ON,P7B 2W9,PEARL ST AND COURT ST S, TBPS] MOTOR VEHICLE COLLISION MVC NO INJURIES,Traffic,MOTOR VEHICLE COLLISION
TB24029459,"07/22/2024, 3:35:37 AM","07/22/2024, 1:06:25 PM",THUNDER BAY,ON,P7E 5N3,1300 Block ARTHUR ST E, TBPS] DRUG OFFENCES SUSP PRESENT OR MAY STILL BE IN AREA,Quality of Life,DRUG OFFENCES
TB24029390,"07/21/2024, 10:09:23 AM","07/22/2024, 1:06:26 PM",THUNDER BAY,ON,P7B 6S2,700 Block MEMORIAL AV, TBPS] B-E BUS/RES/OTH SUSP PRESENT OR MAY STILL BE IN AREA,Breaking & Entering,B-E BUS/RES/OTH
TB24029396,"07/21/2024, 12:59:45 PM","07/22/2024, 1:06:26 PM",THUNDER BAY,ON,P7E 5R5,500 Block ARTHUR ST W, TBPS] B-E BUS/RES/OTH SUSP PRESENT OR MAY STILL BE IN AREA,Breaking & Entering,B-E BUS/RES/OTH
TB24029405,"07/21/2024, 4:30:00 PM","07/22/2024, 1:06:26 PM",THUNDER BAY,ON,P7E 1A9,100 Block MAY ST S," TBPS] THEFT NOT IN PROGRESS, UNDER 5000",Other Theft,THEFT
TB24029411,"07/21/2024, 6:12:10 PM","07/22/2024, 1:06:26 PM",THUNDER BAY,ON,P7B 6G2,200 Block BLUCHER AV, TBPS] B-E BUS/RES/OTH SUSP PRESENT OR MAY STILL BE IN AREA,Breaking & Entering,B-E BUS/RES/OTH
TB24029424,"07/21/2024, 8:59:35 PM","07/22/2024, 1:06:26 PM",THUNDER BAY,ON,P7A 6P1,1 Block HULL AV, TBPS] ASSAULT SUSP PRESENT OR IN AREA,Assault,ASSAULT
TB24029314,"07/20/2024, 7:06:49 PM","07/22/2024, 1:06:27 PM",THUNDER BAY,ON,P7B 3Y2,300 Block MEMORIAL AV, TBPS] MOTOR VEHICLE COLLISION 11-10 MVC ANY TYPE,Other,MOTOR VEHICLE COLLISION
TB24029345,"07/21/2024, 12:30:18 AM","07/22/2024, 1:06:27 PM",THUNDER BAY,ON,P7G 1H9,1400 Block JOHN ST. RD," TBPS] MISCHIEF IP/SUSP IN AREA, UNDER 5,000",Other Property Crime,MISCHIEF
TB24029371,"07/21/2024, 5:35:36 AM","07/22/2024, 1:06:27 PM",THUNDER BAY,ON,P7E 6H2,200 Block AMELIA ST W, TBPS] B-E BUS/RES/OTH 11-10,Breaking & Entering,B-E BUS/RES/OTH
TB24029381,"07/21/2024, 8:32:53 AM","07/22/2024, 1:06:27 PM",THUNDER BAY,ON,P7E 5Y8,400 Block GEORGE ST, TBPS] ASSAULT SUSP PRESENT OR IN AREA,Assault,ASSAULT
TB24029388,"07/21/2024, 9:46:37 AM","07/22/2024, 1:06:27 PM",THUNDER BAY,ON,P7B 3Z8,800 Block MEMORIAL AV, TBPS] ASSAULT ACCUSED NOT PRESENT,Assault,ASSAULT
TB24029389,"07/21/2024, 9:53:24 AM","07/22/2024, 1:06:27 PM",THUNDER BAY,ON,P7E 5R8,600 Block ARTHUR ST W," TBPS] THEFT NOT IN PROGRESS, UNDER 5000",Other Theft,THEFT
TB24029430,"07/21/2024, 10:51:31 PM","07/22/2024, 1:06:27 PM",THUNDER BAY,ON,P7G 2H3,BALSAM ST AND LANCASTER AV, TBPS] MOTOR VEHICLE COLLISION MVC - AMB ENR - DUAL RESP,Other,MOTOR VEHICLE COLLISION
TB24029456,"07/22/2024, 2:59:04 AM","07/22/2024, 1:06:51 PM",THUNDER BAY,ON,P7C 3H1,1 Block SIMPSON ST, TBPS] ASSAULT SUSP PRESENT OR IN AREA,Assault,ASSAULT
TB24029426,"07/21/2024, 9:35:35 PM","07/22/2024, 1:06:52 PM",THUNDER BAY,ON,P7B 1E5,200 Block PEARL ST, TBPS] ASSAULT SUSP PRESENT OR IN AREA,Assault,ASSAULT
TB24029458,"07/22/2024, 3:28:46 AM","07/22/2024, 1:06:52 PM",THUNDER BAY,ON,P7B 6S2,700 Block MEMORIAL AV, TBPS] TROUBLE WITH YOUTH YOUTHS STILL IN AREA,Quality of Life,TROUBLE WITH YOUTH
TB24029463,"07/22/2024, 4:01:32 AM","07/22/2024, 1:06:52 PM",THUNDER BAY,ON,P7K 1L7,1300 Block KING RD, TBPS] ASSAULT SUSP PRESENT OR IN AREA,Assault,ASSAULT
TB24029576,"07/22/2024, 11:40:06 PM","07/23/2024, 1:05:24 PM",THUNDER BAY,ON,P7B 3J2,100 Block BANNING ST, TBPS] ASSAULT SUSP PRESENT OR IN AREA,Assault,ASSAULT
TB24029567,"07/22/2024, 9:40:03 PM","07/23/2024, 1:05:25 PM",THUNDER BAY,ON,P7E 2A6,600 Block KINGSWAY," TBPS] MISCHIEF 11-10, MICHIEF UNDER 5000",Other Property Crime,MISCHIEF
TB24029595,"07/23/2024, 3:20:28 AM","07/23/2024, 1:05:25 PM",THUNDER BAY,ON,P7A,MARGARET ST AND SHUNIAH ST, TBPS] TROUBLE WITH YOUTH YOUTHS STILL IN AREA,Quality of Life,TROUBLE WITH YOUTH
TB24029538,"07/22/2024, 6:08:45 PM","07/23/2024, 1:05:26 PM",THUNDER BAY,ON,P7B 2X5,100 Block COURT ST S, TBPS] DRUG OFFENCES SUSP PRESENT OR MAY STILL BE IN AREA,Quality of Life,DRUG OFFENCES
TB24029546,"07/22/2024, 7:02:56 PM","07/23/2024, 1:05:26 PM",THUNDER BAY,ON,P7A 2B2,300 Block GRENVILLE AV, TBPS] DRUG OFFENCES SUSP PRESENT OR MAY STILL BE IN AREA,Quality of Life,DRUG OFFENCES
TB24029547,"07/22/2024, 7:06:31 PM","07/23/2024, 1:05:26 PM",THUNDER BAY,ON,P7B 3E7,200 Block SECORD ST, TBPS] DRUG OFFENCES SUSP PRESENT OR MAY STILL BE IN AREA,Quality of Life,DRUG OFFENCES
TB24029495,"07/22/2024, 9:01:07 AM","07/23/2024, 1:05:27 PM",THUNDER BAY,ON,P7B 5J4,1000 Block DAWSON RD, TBPS] ASSAULT SUSP PRESENT OR IN AREA,Assault,ASSAULT
TB24029505,"07/22/2024, 11:02:50 AM","07/23/2024, 1:05:27 PM",THUNDER BAY,ON,P7B 1K2,800 Block RED RIVER RD," TBPS] MISCHIEF IP/SUSP IN AREA, UNDER 5,000",Other Property Crime,MISCHIEF
TB24029518,"07/22/2024, 3:46:26 PM","07/23/2024, 1:05:27 PM",THUNDER BAY,ON,P7E 3V7,100 Block FREDERICA ST W, TBPS] B-E BUS/RES/OTH SUSP PRESENT OR MAY STILL BE IN AREA,Breaking & Entering,B-E BUS/RES/OTH
TB24029729,"07/24/2024, 1:05:52 AM","07/24/2024, 1:08:43 PM",THUNDER BAY,ON,P7E 5S2,1100 Block ARTHUR ST W, TBPS] MOTOR VEHICLE COLLISION MVC NO INJURIES,Traffic,MOTOR VEHICLE COLLISION
TB24029671,"07/23/2024, 7:18:48 PM","07/24/2024, 1:08:44 PM",THUNDER BAY,ON,P7B 1K2,800 Block RED RIVER RD, TBPS] LIQUOR LICENCE ACT LIQUOR LICENCE ACT VIOLATION IN PROGRESS,Quality of Life,LIQUOR LICENCE ACT
TB24029682,"07/23/2024, 8:14:58 PM","07/24/2024, 1:08:44 PM",THUNDER BAY,ON,P7B 7A4,GOLF LINKS RD AND OLIVER RD, TBPS] MOTOR VEHICLE COLLISION MVC - AMB ENR - DUAL RESP,Other,MOTOR VEHICLE COLLISION
TB24029702,"07/23/2024, 10:28:08 PM","07/24/2024, 1:08:44 PM",THUNDER BAY,ON,P7C 5G8,400 Block BALMORAL ST," TBPS] THEFT NOT IN PROGRESS, FROM MOTOR VEHICLE",Theft from Vehicle,THEFT
TB24029706,"07/23/2024, 10:38:08 PM","07/24/2024, 1:08:44 PM",THUNDER BAY,ON,P7B 5Z5,1200 Block BALMORAL ST," TBPS] THEFT NOT IN PROGRESS, UNDER 5000",Other Theft,THEFT
TB24029709,"07/23/2024, 10:39:54 PM","07/24/2024, 1:08:44 PM",THUNDER BAY,ON,P7B 1V6,200 Block WINDSOR ST, TBPS] LIQUOR LICENCE ACT LIQUOR LICENCE ACT VIOLATION IN PROGRESS,Quality of Life,LIQUOR LICENCE ACT
TB24029727,"07/24/2024, 12:37:26 AM","07/24/2024, 1:08:44 PM",THUNDER BAY,ON,P7B 3A6,800 Block FORT WILLIAM RD, TBPS] LIQUOR LICENCE ACT LIQUOR LICENCE ACT VIOLATION IN PROGRESS,Quality of Life,LIQUOR LICENCE ACT
TB24029753,"07/24/2024, 4:33:14 AM","07/24/2024, 1:08:44 PM",THUNDER BAY,ON,P7A 5M6,1 Block BALSAM ST, TBPS] TROUBLE WITH YOUTH YOUTHS STILL IN AREA,Quality of Life,TROUBLE WITH YOUTH
TB24029666,"07/23/2024, 6:55:41 PM","07/24/2024, 1:08:45 PM",THUNDER BAY,ON,P7B 3Y3,300 Block MEMORIAL AV, TBPS] STOLEN VEHICLE SUSP NOT IN AREA,Theft of Vehicle,STOLEN VEHICLE
TB24029677,"07/23/2024, 7:52:45 PM","07/24/2024, 1:08:45 PM",THUNDER BAY,ON,P7C 2A9,200 Block KENSINGTON DR," TBPS] THEFT NOT IN PROGRESS, FROM MOTOR VEHICLE",Theft from Vehicle,THEFT
TB24029681,"07/23/2024, 8:03:21 PM","07/24/2024, 1:08:45 PM",THUNDER BAY,ON,P7E 1G4,200 Block ARCHIBALD ST S," TBPS] THEFT NOT IN PROGRESS, UNDER 5000",Other Theft,THEFT
TB24029688,"07/23/2024, 9:08:50 PM","07/24/2024, 1:08:45 PM",THUNDER BAY,ON,P7A 0E7,2200 Block SLEEPING GIANT PKWY," TBPS] THEFT NOT IN PROGRESS, UNDER 5000",Other Theft,THEFT
TB24029638,"07/23/2024, 4:08:50 PM","07/24/2024, 1:08:46 PM",THUNDER BAY,ON,P7B 5L6,300 Block MAIN ST," TBPS] THEFT NOT IN PROGRESS, UNDER 5000",Other Theft,THEFT
TB24029642,"07/23/2024, 4:37:23 PM","07/24/2024, 1:08:46 PM",THUNDER BAY,ON,P7E 5T5,2800 Block VALOUR PL," TBPS] MISCHIEF 11-10, MICHIEF UNDER 5000",Other Property Crime,MISCHIEF
TB24029643,"07/23/2024, 4:40:34 PM","07/24/2024, 1:08:46 PM",THUNDER BAY,ON,P7B 1E4,200 Block PEARL ST, TBPS] MOTOR VEHICLE COLLISION MVC NO INJURIES,Traffic,MOTOR VEHICLE COLLISION
TB24029664,"07/23/2024, 6:46:26 PM","07/24/2024, 1:08:46 PM",THUNDER BAY,ON,P7G 1Y1,1400 Block PAQUETTE RD," TBPS] THEFT NOT IN PROGRESS, UNDER 5000",Other Theft,THEFT
TB24029651,"07/23/2024, 5:23:59 PM","07/24/2024, 1:08:46 PM",THUNDER BAY,ON,P7B 3S7,500 Block WINNIPEG AV," TBPS] THEFT NOT IN PROGRESS, UNDER 5000",Other Theft,THEFT
TB24029665,"07/23/2024, 6:51:24 PM","07/24/2024, 1:08:46 PM",THUNDER BAY,ON,P7B 4Y8,BLUCHER CR AND PICTON AV, TBPS] THEFT SUSP STILL PRESENT OR MAY BE IN AREA,Other Theft,THEFT
TB24029620,"07/23/2024, 8:51:51 AM","07/24/2024, 1:08:47 PM",THUNDER BAY,ON,P7E 1L7,100 Block MARKS ST S, TBPS] B-E BUS/RES/OTH SUSP PRESENT OR MAY STILL BE IN AREA,Breaking & Entering,B-E BUS/RES/OTH
TB24029920,"07/25/2024, 6:14:13 AM","07/25/2024, 1:04:34 PM",THUNDER BAY,ON,P7B 5J4,1000 Block DAWSON RD, TBPS] ASSAULT SUSP PRESENT OR IN AREA,Assault,ASSAULT
TB24029913,"07/25/2024, 5:18:45 AM","07/25/2024, 1:04:35 PM",THUNDER BAY,ON,P7E 5N2,1300 Block ARTHUR ST E, TBPS] THEFT SUSP STILL PRESENT OR MAY BE IN AREA,Other Theft,THEFT
TB24029916,"07/25/2024, 5:47:39 AM","07/25/2024, 1:04:35 PM",THUNDER BAY,ON,P7B 5R2,100 Block DUBLIN AV," TBPS] THEFT IN PROGRESS, OVER 50000",Other Theft,THEFT
TB24029870,"07/24/2024, 10:36:59 PM","07/25/2024, 1:04:36 PM",THUNDER BAY,ON,P7B 5L6,300 Block MAIN ST, TBPS] THEFT SUSP STILL PRESENT OR MAY BE IN AREA,Other Theft,THEFT
TB24029880,"07/24/2024, 11:56:11 PM","07/25/2024, 1:04:36 PM",THUNDER BAY,ON,P7E 1G9,400 Block ARCHIBALD ST S, TBPS] DRUG OFFENCES SUSP PRESENT OR MAY STILL BE IN AREA,Quality of Life,DRUG OFFENCES
TB24029902,"07/25/2024, 4:04:18 AM","07/25/2024, 1:04:36 PM",THUNDER BAY,ON,P7A 8C1,100 Block MARTHA ST, TBPS] TROUBLE WITH YOUTH YOUTHS STILL IN AREA,Quality of Life,TROUBLE WITH YOUTH
TB24029844,"07/24/2024, 7:52:50 PM","07/25/2024, 1:04:37 PM",THUNDER BAY,ON,P7B 3Z7,700 Block MEMORIAL AV, TBPS] THEFT SUSP STILL PRESENT OR MAY BE IN AREA,Other Theft,THEFT
TB24029841,"07/24/2024, 7:39:05 PM","07/25/2024, 1:04:37 PM",THUNDER BAY,ON,P7C 3X8,100 Block CENTENNIAL SQ, TBPS] THEFT SUSP STILL PRESENT OR MAY BE IN AREA,Other Theft,THEFT
TB24029849,"07/24/2024, 8:39:22 PM","07/25/2024, 1:04:37 PM",THUNDER BAY,ON,P7B 0A9,300 Block MAIN ST, TBPS] ASSAULT SUSP PRESENT OR IN AREA,Assault,ASSAULT
TB24029884,"07/25/2024, 12:57:18 AM","07/25/2024, 1:04:37 PM",THUNDER BAY,ON,P7C 2M3,100 Block HERON ST, TBPS] DRUG OFFENCES SUSP PRESENT OR MAY STILL BE IN AREA,Quality of Life,DRUG OFFENCES
TB24029802,"07/24/2024, 2:39:24 PM","07/25/2024, 1:04:38 PM",THUNDER BAY,ON,P7B 5K5,1100 Block MEMORIAL AV, TBPS] ASSAULT SUSP PRESENT OR IN AREA,Assault,ASSAULT
TB24029803,"07/24/2024, 3:11:59 PM","07/25/2024, 1:04:38 PM",THUNDER BAY,ON,P7B 1L4,200 Block AMBROSE ST, TBPS] ASSAULT SUSP PRESENT OR IN AREA,Assault,ASSAULT
TB24029810,"07/24/2024, 4:03:30 PM","07/25/2024, 1:04:38 PM",THUNDER BAY,ON,P7E 5R8,600 Block ARTHUR ST W, TBPS] STOLEN VEHICLE SUSP NOT IN AREA,Theft of Vehicle,STOLEN VEHICLE
TB24029825,"07/24/2024, 5:48:54 PM","07/25/2024, 1:04:38 PM",THUNDER BAY,ON,P7A,RIVER ST AND MADELINE ST, TBPS] MOTOR VEHICLE COLLISION MVC NO INJURIES,Traffic,MOTOR VEHICLE COLLISION
TB24029820,"07/24/2024, 5:06:19 PM","07/25/2024, 1:04:38 PM",THUNDER BAY,ON,P7E 5H5,800 Block RIDGEWAY ST E, TBPS] DRUG OFFENCES SUSP PRESENT OR MAY STILL BE IN AREA,Quality of Life,DRUG OFFENCES
TB24029831,"07/24/2024, 6:12:45 PM","07/25/2024, 1:04:38 PM",THUNDER BAY,ON,P7C 3P4,MAY ST N AND LEITH ST," TBPS] THEFT NOT IN PROGRESS, UNDER 5000",Other Theft,THEFT
TB24029836,"07/24/2024, 7:14:47 PM","07/25/2024, 1:04:38 PM",THUNDER BAY,ON,P7B 3A4,MOONEY AV AND FORT WILLIAM RD, TBPS] MOTOR VEHICLE COLLISION MVC NO INJURIES,Traffic,MOTOR VEHICLE COLLISION
TB24029730,"07/24/2024, 1:23:24 AM","07/25/2024, 1:04:39 PM",THUNDER BAY,ON,P7C,800 Block MINNESOTA ST, TBPS] ASSAULT ACCUSED NOT PRESENT,Assault,ASSAULT
TB24029747,"07/24/2024, 4:09:20 AM","07/25/2024, 1:04:39 PM",THUNDER BAY,ON,P7E 5N2,1300 Block ARTHUR ST E, TBPS] ASSAULT ACCUSED NOT PRESENT,Assault,ASSAULT
TB24029773,"07/24/2024, 7:42:43 AM","07/25/2024, 1:04:39 PM",THUNDER BAY,ON,P7C 3M2,800 Block MCMILLAN ST, TBPS] B-E BUS/RES/OTH SUSP PRESENT OR MAY STILL BE IN AREA,Breaking & Entering,B-E BUS/RES/OTH
TB24029785,"07/24/2024, 10:21:15 AM","07/25/2024, 1:04:39 PM",THUNDER BAY,ON,P7C 3W5,300 Block SYNDICATE AV N," TBPS] THEFT IN PROGRESS, OVER 50000",Other Theft,THEFT
TB24029801,"07/24/2024, 2:03:28 PM","07/25/2024, 1:04:39 PM",THUNDER BAY,ON,P7B 6S2,700 Block MEMORIAL AV, TBPS] ASSAULT SUSP PRESENT OR IN AREA,Assault,ASSAULT
TB24029793,"07/24/2024, 12:00:21 PM","07/25/2024, 1:04:39 PM",THUNDER BAY,ON,P7C 4L4,200 Block BRUNSWICK ST N, TBPS] LIQUOR LICENCE ACT LIQUOR LICENCE ACT VIOLATION IN PROGRESS,Quality of Life,LIQUOR LICENCE ACT
TB24029748,"07/24/2024, 4:11:59 AM","07/25/2024, 1:04:40 PM",THUNDER BAY,ON,P7B 3A6,900 Block FORT WILLIAM RD, TBPS] LIQUOR LICENCE ACT LIQUOR LICENCE ACT VIOLATION IN PROGRESS,Quality of Life,LIQUOR LICENCE ACT
TB24030022,"07/26/2024, 12:41:52 AM","07/26/2024, 1:04:36 PM",THUNDER BAY,ON,P7E 5S2,1100 Block ARTHUR ST W," TBPS] THEFT IN PROGRESS, OVER 50000",Other Theft,THEFT
TB24030026,"07/26/2024, 1:33:07 AM","07/26/2024, 1:04:36 PM",THUNDER BAY,ON,P7E 5S2,1100 Block ARTHUR ST W, TBPS] THEFT SUSP STILL PRESENT OR MAY BE IN AREA,Other Theft,THEFT
TB24030042,"07/26/2024, 4:09:17 AM","07/26/2024, 1:04:36 PM",THUNDER BAY,ON,P7B 1H1,RED RIVER RD AND HILL ST N, TBPS] MOTOR VEHICLE COLLISION MVC NO INJURIES,Traffic,MOTOR VEHICLE COLLISION
TB24030003,"07/25/2024, 10:49:48 PM","07/26/2024, 1:04:37 PM",THUNDER BAY,ON,P7B 3Y4,300 Block MEMORIAL AV," TBPS] MISCHIEF 11-10, MICHIEF UNDER 5000",Other Property Crime,MISCHIEF
TB24029928,"07/25/2024, 7:25:56 AM","07/26/2024, 1:04:38 PM",THUNDER BAY,ON,P7A 3S4,600 Block RIVER ST, TBPS] LIQUOR LICENCE ACT LIQUOR LICENCE ACT VIOLATION IN PROGRESS,Quality of Life,LIQUOR LICENCE ACT
TB24029958,"07/25/2024, 4:25:01 PM","07/26/2024, 1:04:38 PM",THUNDER BAY,ON,P7E 5X9,100 Block DONALD ST W, TBPS] INDECENT ACTS SUSP PRESENT OR MAY STILL BE IN AREA,Sexual Offense,INDECENT ACTS
TB24029971,"07/25/2024, 5:48:40 PM","07/26/2024, 1:04:38 PM",THUNDER BAY,ON,P7B 4V6,1 Block MAPLE ST," TBPS] THEFT NOT IN PROGRESS, UNDER 5000",Other Theft,THEFT
TB24029982,"07/25/2024, 8:11:01 PM","07/26/2024, 1:04:38 PM",THUNDER BAY,ON,P7C 3W5,300 Block SYNDICATE AV N, TBPS] MOTOR VEHICLE COLLISION MVC NO INJURIES,Traffic,MOTOR VEHICLE COLLISION
TB24030000,"07/25/2024, 10:41:27 PM","07/26/2024, 1:04:38 PM",THUNDER BAY,ON,P7B 5L6,300 Block MAIN ST," TBPS] MISCHIEF IP/SUSP IN AREA, UNDER 5,000",Other Property Crime,MISCHIEF
TB24029990,"07/25/2024, 9:32:08 PM","07/26/2024, 1:04:38 PM",THUNDER BAY,ON,P7E 4J9,300 Block MARY ST E," TBPS] MISCHIEF 11-10, MICHIEF UNDER 5000",Other Property Crime,MISCHIEF
TB24029774,"07/24/2024, 8:11:13 AM","07/26/2024, 1:04:39 PM",THUNDER BAY,ON,P7B 4Y7,100 Block BLUCHER AV," TBPS] MISCHIEF 11-10, MICHIEF UNDER 5000",Other Property Crime,MISCHIEF
TB24029887,"07/25/2024, 1:21:48 AM","07/26/2024, 1:04:39 PM",THUNDER BAY,ON,P7E 6L4,1100 Block ARTHUR ST W, TBPS] MOTOR VEHICLE COLLISION 11-10 MVC ANY TYPE,Other,MOTOR VEHICLE COLLISION
TB24029932,"07/25/2024, 8:45:06 AM","07/26/2024, 1:04:39 PM",THUNDER BAY,ON,P7B 5R2,100 Block DUBLIN AV, TBPS] THEFT SUSP STILL PRESENT OR MAY BE IN AREA,Other Theft,THEFT
TB24029930,"07/25/2024, 7:54:22 AM","07/26/2024, 1:04:39 PM",THUNDER BAY,ON,P7B 4Y4,100 Block BLUCHER AV," TBPS] MISCHIEF IP/SUSP IN AREA, UNDER 5,000",Other Property Crime,MISCHIEF
TB24029938,"07/25/2024, 11:00:03 AM","07/26/2024, 1:04:39 PM",THUNDER BAY,ON,P7C 4S3,100 Block LIMBRICK ST, TBPS] ASSAULT SUSP PRESENT OR IN AREA,Assault,ASSAULT
TB24030185,"07/27/2024, 2:16:43 AM","07/27/2024, 1:04:55 PM",THUNDER BAY,ON,P7B 5L6,300 Block MAIN ST, TBPS] THEFT SUSP STILL PRESENT OR MAY BE IN AREA,Other Theft,THEFT
TB24030215,"07/27/2024, 6:15:04 AM","07/27/2024, 1:04:55 PM",THUNDER BAY,ON,P7E 1H6,200 Block MCKELLAR ST S, TBPS] B-E BUS/RES/OTH SUSP PRESENT OR MAY STILL BE IN AREA,Breaking & Entering,B-E BUS/RES/OTH
TB24030165,"07/26/2024, 11:31:48 PM","07/27/2024, 1:04:56 PM",THUNDER BAY,ON,P7B 3C2,200 Block ALGOMA ST S," TBPS] MISCHIEF 11-10, MICHIEF UNDER 5000",Other Property Crime,MISCHIEF
TB24030171,"07/27/2024, 12:06:17 AM","07/27/2024, 1:04:56 PM",THUNDER BAY,ON,P7E 1P5,MOODIE ST E AND NORAH ST S, TBPS] MOTOR VEHICLE COLLISION MVC NO INJURIES,Traffic,MOTOR VEHICLE COLLISION
TB24030180,"07/27/2024, 1:46:19 AM","07/27/2024, 1:04:56 PM",THUNDER BAY,ON,P7B 3A6,900 Block FORT WILLIAM RD, TBPS] ROBBERY NO WEAPONS - SUSP STILL IN AREA,Robbery,ROBBERY
TB24030188,"07/27/2024, 2:52:28 AM","07/27/2024, 1:04:56 PM",THUNDER BAY,ON,P7C 3P4,200 Block MAY ST N, TBPS] ASSAULT SUSP PRESENT OR IN AREA,Assault,ASSAULT
TB24030203,"07/27/2024, 4:37:17 AM","07/27/2024, 1:04:56 PM",THUNDER BAY,ON,P7C 3R2,300 Block MAY ST N," TBPS] ASSAULT JUST OCCURRED, ACCUSED NOT PRESENT",Assault,ASSAULT
TB24030110,"07/26/2024, 3:42:24 PM","07/27/2024, 1:04:57 PM",THUNDER BAY,ON,P7B 2X9,200 Block COURT ST S," TBPS] THEFT NOT IN PROGRESS, FROM MOTOR VEHICLE",Theft from Vehicle,THEFT
TB24030114,"07/26/2024, 4:17:05 PM","07/27/2024, 1:04:57 PM",THUNDER BAY,ON,P7A 3E6,200 Block VAN HORNE ST, TBPS] STOLEN VEHICLE SUSP NOT IN AREA,Theft of Vehicle,STOLEN VEHICLE
TB24030120,"07/26/2024, 5:30:48 PM","07/27/2024, 1:04:57 PM",THUNDER BAY,ON,P7C 2S1,SIMPSON ST AND PACIFIC AV, TBPS] MOTOR VEHICLE COLLISION MVC NO INJURIES,Traffic,MOTOR VEHICLE COLLISION
TB24030122,"07/26/2024, 5:33:55 PM","07/27/2024, 1:04:57 PM",THUNDER BAY,ON,P7A 1L8,ARUNDEL ST AND LYON BLVD E, TBPS] MOTOR VEHICLE COLLISION MVC - AMB ENR - DUAL RESP,Other,MOTOR VEHICLE COLLISION
TB24030124,"07/26/2024, 5:47:15 PM","07/27/2024, 1:04:57 PM",THUNDER BAY,ON,P7B 3Z7,700 Block MEMORIAL AV," TBPS] THEFT NOT IN PROGRESS, UNDER 5000",Other Theft,THEFT
TB24030149,"07/26/2024, 9:34:07 PM","07/27/2024, 1:04:57 PM",THUNDER BAY,ON,P7A 4K8,1000 Block DAWSON RD," TBPS] MISCHIEF IP/SUSP IN AREA, UNDER 5,000",Other Property Crime,MISCHIEF
TB24030082,"07/26/2024, 9:42:45 AM","07/27/2024, 1:04:58 PM",THUNDER BAY,ON,P7B 2X6,100 Block COURT ST S, TBPS] ASSAULT SUSP PRESENT OR IN AREA,Assault,ASSAULT
TB24030106,"07/26/2024, 3:05:05 PM","07/27/2024, 1:04:58 PM",THUNDER BAY,ON,P7C 4E7,100 Block MARKS ST N, TBPS] MOTOR VEHICLE COLLISION 11-10 MVC ANY TYPE,Other,MOTOR VEHICLE COLLISION
TB24030107,"07/26/2024, 3:08:07 PM","07/27/2024, 1:04:58 PM",THUNDER BAY,ON,P7B 5W2,BALMORAL ST AND ACADEMY DR, TBPS] MOTOR VEHICLE COLLISION 11-10 MVC ANY TYPE,Other,MOTOR VEHICLE COLLISION
TB24030113,"07/26/2024, 4:11:25 PM","07/27/2024, 1:04:58 PM",THUNDER BAY,ON,P7B 2X6,100 Block COURT ST S, TBPS] ASSAULT SUSP PRESENT OR IN AREA,Assault,ASSAULT
TB24030115,"07/26/2024, 4:20:06 PM","07/27/2024, 1:04:58 PM",THUNDER BAY,ON,P0T 1W0,1 Block CLERGUE ST, TBPS] STOLEN VEHICLE SUSP NOT IN AREA,Theft of Vehicle,STOLEN VEHICLE
TB24030147,"07/26/2024, 8:48:47 PM","07/27/2024, 1:04:58 PM",THUNDER BAY,ON,P7C 2W5,900 Block NORTHERN AV," TBPS] THEFT NOT IN PROGRESS, OVER 5000",Other Theft,THEFT
TB24030128,"07/26/2024, 6:13:21 PM","07/27/2024, 1:04:58 PM",THUNDER BAY,ON,P7B 3Z7,700 Block MEMORIAL AV, TBPS] ROBBERY NO WEAPONS - SUSP STILL IN AREA,Robbery,ROBBERY
TB24030070,"07/26/2024, 7:57:56 AM","07/27/2024, 1:04:59 PM",THUNDER BAY,ON,P7E 2X5,1100 Block CENTRE AV, TBPS] TROUBLE WITH YOUTH YOUTHS STILL IN AREA,Quality of Life,TROUBLE WITH YOUTH
TB24030290,"07/27/2024, 10:29:48 PM","07/28/2024, 1:07:38 PM",THUNDER BAY,ON,P7B 3Z7,700 Block MEMORIAL AV, TBPS] ROBBERY NO WEAPONS - SUSP STILL IN AREA,Robbery,ROBBERY
TB24030307,"07/28/2024, 1:01:01 AM","07/28/2024, 1:07:41 PM",THUNDER BAY,ON,P7E 4W9,WALSH ST W AND JAMES ST S, TBPS] MOTOR VEHICLE COLLISION MVC NO INJURIES,Traffic,MOTOR VEHICLE COLLISION
TB24030315,"07/28/2024, 2:05:45 AM","07/28/2024, 1:07:43 PM",THUNDER BAY,ON,P7C 3H7,CAMERON ST AND SIMPSON ST, TBPS] THEFT SUSP STILL PRESENT OR MAY BE IN AREA,Other Theft,THEFT
TB24030318,"07/28/2024, 2:00:00 AM","07/28/2024, 1:07:44 PM",THUNDER BAY,ON,P7C 1S3,300 Block BOLTON CR, TBPS] ASSAULT ACCUSED NOT PRESENT,Assault,ASSAULT
TB24030324,"07/28/2024, 4:11:00 AM","07/28/2024, 1:07:46 PM",THUNDER BAY,ON,P0T,TOWNLINE RD AND INTOLA RD, TBPS] MOTOR VEHICLE COLLISION MVC - AMB ENR,Traffic,MOTOR VEHICLE COLLISION
TB24030331,"07/28/2024, 5:20:11 AM","07/28/2024, 1:07:47 PM",THUNDER BAY,ON,P7B 6S2,700 Block MEMORIAL AV, TBPS] THEFT SUSP STILL PRESENT OR MAY BE IN AREA,Other Theft,THEFT
TB24030333,"07/28/2024, 5:31:27 AM","07/28/2024, 1:07:47 PM",THUNDER BAY,ON,P7E 4W1,2000 Block WALSH ST E," TBPS] MISCHIEF 11-10, MICHIEF UNDER 5000",Other Property Crime,MISCHIEF
TB24030125,"07/26/2024, 5:55:06 PM","07/28/2024, 1:07:57 PM",THUNDER BAY,ON,P7E 6T6,NEEBING AV AND FREDERICA ST W, TBPS] MOTOR VEHICLE COLLISION 11-10 MVC ANY TYPE,Other,MOTOR VEHICLE COLLISION
TB24030184,"07/27/2024, 2:14:38 AM","07/28/2024, 1:08:07 PM",THUNDER BAY,ON,P7E 5V7,1100 Block LINCOLN ST, TBPS] INDECENT ACTS SUSP PRESENT OR MAY STILL BE IN AREA,Sexual Offense,INDECENT ACTS
TB24030220,"07/27/2024, 6:35:45 AM","07/28/2024, 1:08:15 PM",THUNDER BAY,ON,P7B 3Y7,400 Block MEMORIAL AV, TBPS] STOLEN VEHICLE SUSP PRESENT OR MAY STILL BE IN AREA,Theft of Vehicle,STOLEN VEHICLE
TB24030239,"07/27/2024, 11:06:16 AM","07/28/2024, 1:08:22 PM",THUNDER BAY,ON,P7B 5X5,1000 Block GORHAM ST, TBPS] B-E BUS/RES/OTH SUSP PRESENT OR MAY STILL BE IN AREA,Breaking & Entering,B-E BUS/RES/OTH
TB24030244,"07/27/2024, 1:04:30 PM","07/28/2024, 1:08:24 PM",THUNDER BAY,ON,P7B 6C7,1 Block PAUL SHAFFER DR, TBPS] ASSAULT SUSP PRESENT OR IN AREA,Assault,ASSAULT
TB24030255,"07/27/2024, 4:42:10 PM","07/28/2024, 1:08:26 PM",THUNDER BAY,ON,P7B 2J9,300 Block QUEEN ST, TBPS] MOTOR VEHICLE COLLISION MVC NO INJURIES,Traffic,MOTOR VEHICLE COLLISION
TB24030429,"07/29/2024, 12:45:08 AM","07/29/2024, 1:04:02 PM",THUNDER BAY,ON,P7E 6N7,1500 Block JAMES ST S, TBPS] THEFT SUSP STILL PRESENT OR MAY BE IN AREA,Other Theft,THEFT
TB24030453,"07/29/2024, 3:15:02 AM","07/29/2024, 1:04:02 PM",THUNDER BAY,ON,P7A 4T8,1 Block COURT ST N, TBPS] ASSAULT SUSP PRESENT OR IN AREA,Assault,ASSAULT
TB24030454,"07/29/2024, 3:21:16 AM","07/29/2024, 1:04:02 PM",THUNDER BAY,ON,P7A 0E7,2200 Block SLEEPING GIANT PKWY," TBPS] THEFT NOT IN PROGRESS, UNDER 5000",Other Theft,THEFT
TB24030474,"07/29/2024, 6:42:38 AM","07/29/2024, 1:04:02 PM",THUNDER BAY,ON,P7C,800 Block MINNESOTA ST, TBPS] B-E BUS/RES/OTH SUSP PRESENT OR MAY STILL BE IN AREA,Breaking & Entering,B-E BUS/RES/OTH
TB24030468,"07/29/2024, 5:25:05 AM","07/29/2024, 1:04:02 PM",THUNDER BAY,ON,P7B 7C6,900 Block CARRICK ST, TBPS] THEFT SUSP STILL PRESENT OR MAY BE IN AREA,Other Theft,THEFT
TB24030460,"07/29/2024, 3:53:17 AM","07/29/2024, 1:04:02 PM",THUNDER BAY,ON,P7B 7C6,900 Block CARRICK ST, TBPS] THEFT SUSP STILL PRESENT OR MAY BE IN AREA,Other Theft,THEFT
TB24030394,"07/28/2024, 7:07:10 PM","07/29/2024, 1:04:03 PM",THUNDER BAY,ON,.,UNKNOWN STREET AND UNKNOWN STREET, TBPS] MOTOR VEHICLE COLLISION MVC - AMB ENR - DUAL RESP,Other,MOTOR VEHICLE COLLISION
TB24030408,"07/28/2024, 8:40:04 PM","07/29/2024, 1:04:03 PM",THUNDER BAY,ON,P7B 6S2,700 Block MEMORIAL AV, TBPS] THEFT SUSP STILL PRESENT OR MAY BE IN AREA,Other Theft,THEFT
TB24030422,"07/28/2024, 10:54:17 PM","07/29/2024, 1:04:03 PM",THUNDER BAY,ON,P7B 4Y9,200 Block BLUCHER AV, TBPS] B-E BUS/RES/OTH SUSP PRESENT OR MAY STILL BE IN AREA,Breaking & Entering,B-E BUS/RES/OTH
TB24030419,"07/28/2024, 10:42:04 PM","07/29/2024, 1:04:03 PM",THUNDER BAY,ON,P7C 3X4,700 Block SYNDICATE AV N, TBPS] DRUG OFFENCES SUSP PRESENT OR MAY STILL BE IN AREA,Quality of Life,DRUG OFFENCES
TB24030431,"07/29/2024, 1:05:31 AM","07/29/2024, 1:04:03 PM",THUNDER BAY,ON,P7C 4T4,500 Block JAMES ST N, TBPS] ASSAULT SUSP PRESENT OR IN AREA,Assault,ASSAULT
TB24030442,"07/29/2024, 2:25:44 AM","07/29/2024, 1:04:03 PM",THUNDER BAY,ON,P7E 6S1,700 Block GORDON ST, TBPS] B-E BUS/RES/OTH SUSP PRESENT OR MAY STILL BE IN AREA,Breaking & Entering,B-E BUS/RES/OTH
TB24030441,"07/29/2024, 2:14:38 AM","07/29/2024, 1:04:03 PM",THUNDER BAY,ON,P7E 5R4,500 Block ARTHUR ST W, TBPS] LIQUOR LICENCE ACT LIQUOR LICENCE ACT VIOLATION IN PROGRESS,Quality of Life,LIQUOR LICENCE ACT
TB24030368,"07/28/2024, 2:51:25 PM","07/29/2024, 1:04:04 PM",THUNDER BAY,ON,P7A 7X5,400 Block HODDER AV, TBPS] ROBBERY NO WEAPONS - SUSP STILL IN AREA,Robbery,ROBBERY
TB24030372,"07/28/2024, 3:26:09 PM","07/29/2024, 1:04:04 PM",THUNDER BAY,ON,P7B 2T5,1 Block CUMBERLAND ST S, TBPS] LIQUOR LICENCE ACT LIQUOR LICENCE ACT VIOLATION IN PROGRESS,Quality of Life,LIQUOR LICENCE ACT
TB24030397,"07/28/2024, 7:31:39 PM","07/29/2024, 1:04:04 PM",THUNDER BAY,ON,P7B 2H4,500 Block OLIVER RD, TBPS] B-E BUS/RES/OTH SUSP PRESENT OR MAY STILL BE IN AREA,Breaking & Entering,B-E BUS/RES/OTH
TB24030395,"07/28/2024, 7:25:55 PM","07/29/2024, 1:04:04 PM",THUNDER BAY,ON,P7B 6S2,700 Block MEMORIAL AV, TBPS] THEFT SUSP STILL PRESENT OR MAY BE IN AREA,Other Theft,THEFT
TB24030400,"07/28/2024, 7:41:03 PM","07/29/2024, 1:04:04 PM",THUNDER BAY,ON,P7E 5H3,RIDGEWAY ST E AND ARCHIBALD ST S, TBPS] MOTOR VEHICLE COLLISION MVC NO INJURIES,Traffic,MOTOR VEHICLE COLLISION
TB24030416,"07/28/2024, 10:25:26 PM","07/29/2024, 1:04:04 PM",THUNDER BAY,ON,P7E,300 Block FRANKLIN ST S, TBPS] DRUG OFFENCES SUSP PRESENT OR MAY STILL BE IN AREA,Quality of Life,DRUG OFFENCES
TB24030352,"07/28/2024, 9:25:12 AM","07/29/2024, 1:04:05 PM",THUNDER BAY,ON,P7J,2400 Block CITY RD, TBPS] LIQUOR LICENCE ACT LIQUOR LICENCE ACT VIOLATION IN PROGRESS,Quality of Life,LIQUOR LICENCE ACT
TB24030355,"07/28/2024, 10:38:58 AM","07/29/2024, 1:04:05 PM",THUNDER BAY,ON,P7B 3Z7,800 Block MEMORIAL AV," TBPS] MISCHIEF 11-10, MICHIEF UNDER 5000",Other Property Crime,MISCHIEF
TB24030365,"07/28/2024, 1:55:38 PM","07/29/2024, 1:04:05 PM",THUNDER BAY,ON,P7B 1K4,900 Block RED RIVER RD, TBPS] ASSAULT SUSP PRESENT OR IN AREA,Assault,ASSAULT
TB24030364,"07/28/2024, 1:47:11 PM","07/29/2024, 1:04:05 PM",THUNDER BAY,ON,P7B 1K2,RED RIVER RD AND JUNOT AV N, TBPS] ASSAULT SUSP PRESENT OR IN AREA,Assault,ASSAULT
TB24030403,"07/28/2024, 7:58:50 PM","07/29/2024, 1:04:05 PM",THUNDER BAY,ON,P7B 2X8,200 Block COURT ST S, TBPS] ASSAULT SUSP PRESENT OR IN AREA,Assault,ASSAULT
TB24030328,"07/28/2024, 5:03:02 AM","07/29/2024, 1:04:06 PM",THUNDER BAY,ON,P7E 3C1,1500 Block HOME AV, TBPS] B-E BUS/RES/OTH 11-10,Breaking & Entering,B-E BUS/RES/OTH
TB24030329,"07/28/2024, 5:04:28 AM","07/29/2024, 1:04:06 PM",THUNDER BAY,ON,P7B 6E8,SOUTH WATER ST AND PEARL ST, TBPS] MOTOR VEHICLE COLLISION MVC - AMB ENR - DUAL RESP,Other,MOTOR VEHICLE COLLISION
TB24030347,"07/28/2024, 8:11:10 AM","07/29/2024, 1:04:06 PM",THUNDER BAY,ON,P7B 6V4,900 Block OLIVER RD, TBPS] DRUG OFFENCES SUSP PRESENT OR MAY STILL BE IN AREA,Quality of Life,DRUG OFFENCES
TB24030357,"07/28/2024, 11:47:39 AM","07/29/2024, 1:04:06 PM",THUNDER BAY,ON,P7E 6R2,EDWARD ST S AND EMPIRE AV E, TBPS] LIQUOR LICENCE ACT LIQUOR LICENCE ACT VIOLATION IN PROGRESS,Quality of Life,LIQUOR LICENCE ACT
TB24030561,"07/30/2024, 12:59:10 AM","07/30/2024, 1:05:19 PM",THUNDER BAY,ON,P7B 3A6,900 Block FORT WILLIAM RD, TBPS] ASSAULT ACCUSED NOT PRESENT,Assault,ASSAULT
TB24030565,"07/30/2024, 1:36:50 AM","07/30/2024, 1:05:20 PM",THUNDER BAY,ON,P7B 3Y2,300 Block MEMORIAL AV, TBPS] INDECENT ACTS SUSP PRESENT OR MAY STILL BE IN AREA,Sexual Offense,INDECENT ACTS
TB24030568,"07/30/2024, 1:57:21 AM","07/30/2024, 1:05:21 PM",THUNDER BAY,ON,P7E 1J6,VICKERS ST S AND ARTHUR ST E, TBPS] ASSAULT SUSP PRESENT OR IN AREA,Assault,ASSAULT
TB24030574,"07/30/2024, 2:54:51 AM","07/30/2024, 1:05:21 PM",THUNDER BAY,ON,P7B 5J4,1000 Block DAWSON RD, TBPS] THEFT SUSP STILL PRESENT OR MAY BE IN AREA,Other Theft,THEFT
TB24030575,"07/30/2024, 3:15:38 AM","07/30/2024, 1:05:21 PM",THUNDER BAY,ON,P7E 1K8,400 Block CATHERINE ST," TBPS] THEFT NOT IN PROGRESS, UNDER 5000",Other Theft,THEFT
TB24030581,"07/30/2024, 3:42:27 AM","07/30/2024, 1:05:22 PM",THUNDER BAY,ON,P7B,1 Block AV AND MEMORIAL AV, TBPS] MOTOR VEHICLE COLLISION MVC NO INJURIES,Traffic,MOTOR VEHICLE COLLISION
TB24030585,"07/30/2024, 4:05:09 AM","07/30/2024, 1:05:23 PM",THUNDER BAY,ON,P7B 6M8,1100 Block ALLOY DR, TBPS] MOTOR VEHICLE COLLISION MVC NO INJURIES,Traffic,MOTOR VEHICLE COLLISION
TB24030589,"07/30/2024, 5:25:26 AM","07/30/2024, 1:05:24 PM",THUNDER BAY,ON,P7B 6S2,700 Block MEMORIAL AV, TBPS] SHOPLIFT IN CUSTODY - NO PROBLEMS,Theft,SHOPLIFT
TB24030594,"07/30/2024, 5:34:33 AM","07/30/2024, 1:05:24 PM",THUNDER BAY,ON,P7B 5E1,900 Block OLIVER RD," TBPS] MISCHIEF IP/SUSP IN AREA, UNDER 5,000",Other Property Crime,MISCHIEF
TB24030469,"07/29/2024, 5:29:48 AM","07/30/2024, 1:05:46 PM",THUNDER BAY,ON,P7A 7X2,600 Block COURT ST N, TBPS] MOTOR VEHICLE COLLISION MVC NO INJURIES,Traffic,MOTOR VEHICLE COLLISION
TB24030483,"07/29/2024, 1:05:41 PM","07/30/2024, 1:05:46 PM",THUNDER BAY,ON,P7E 5E5,LELAND AV S AND ISABELLA ST W, TBPS] MOTOR VEHICLE COLLISION MVC - AMB ENR - DUAL RESP,Other,MOTOR VEHICLE COLLISION
TB24030485,"07/29/2024, 2:28:11 PM","07/30/2024, 1:05:47 PM",THUNDER BAY,ON,P7B 5L6,300 Block MAIN ST, TBPS] THEFT SUSP STILL PRESENT OR MAY BE IN AREA,Other Theft,THEFT
TB24030491,"07/29/2024, 3:18:47 PM","07/30/2024, 1:05:47 PM",THUNDER BAY,ON,P7E 3R5,200 Block GORE ST W," TBPS] THEFT NOT IN PROGRESS, UNDER 5000",Other Theft,THEFT
TB24030507,"07/29/2024, 5:37:04 PM","07/30/2024, 1:05:48 PM",THUNDER BAY,ON,P7B 3Y4,300 Block MEMORIAL AV," TBPS] MISCHIEF 11-10, MICHIEF UNDER 5000",Other Property Crime,MISCHIEF
TB24030508,"07/29/2024, 5:41:04 PM","07/30/2024, 1:05:48 PM",THUNDER BAY,ON,P7E 1G4,200 Block ARCHIBALD ST S, TBPS] ASSAULT SUSP PRESENT OR IN AREA,Assault,ASSAULT
TB24030513,"07/29/2024, 6:34:11 PM","07/30/2024, 1:05:49 PM",THUNDER BAY,ON,P7B 6S2,700 Block MEMORIAL AV," TBPS] MISCHIEF 11-10, MICHIEF UNDER 5000",Other Property Crime,MISCHIEF
TB24030515,"07/29/2024, 6:42:40 PM","07/30/2024, 1:05:49 PM",THUNDER BAY,ON,P7A 7T2,300 Block COUNTY BLVD," TBPS] THEFT NOT IN PROGRESS, OVER 5000",Other Theft,THEFT
TB24030527,"07/29/2024, 8:44:40 PM","07/30/2024, 1:05:50 PM",THUNDER BAY,ON,P7B 3A6,900 Block FORT WILLIAM RD, TBPS] ROBBERY NO WEAPONS - SUSP STILL IN AREA,Robbery,ROBBERY
TB24030535,"07/29/2024, 9:11:42 PM","07/30/2024, 1:05:50 PM",THUNDER BAY,ON,P7A 4K8,1000 Block DAWSON RD, TBPS] THEFT SUSP STILL PRESENT OR MAY BE IN AREA,Other Theft,THEFT
TB24030540,"07/29/2024, 10:15:14 PM","07/30/2024, 1:05:50 PM",THUNDER BAY,ON,P7A 2G6,400 Block DEWE AV," TBPS] THEFT NOT IN PROGRESS, UNDER 5000",Other Theft,THEFT
TB24030731,"07/31/2024, 12:29:57 AM","07/31/2024, 1:06:22 PM",THUNDER BAY,ON,P7C 1N7,200 Block CUMMING ST, TBPS] ASSAULT SUSP PRESENT OR IN AREA,Assault,ASSAULT
TB24030752,"07/31/2024, 2:45:38 AM","07/31/2024, 1:06:22 PM",THUNDER BAY,ON,P7B 1K2,RED RIVER RD AND JUNOT AV N, TBPS] MOTOR VEHICLE COLLISION MVC - AMB ENR - DUAL RESP,Other,MOTOR VEHICLE COLLISION
TB24030767,"07/31/2024, 4:56:21 AM","07/31/2024, 1:06:22 PM",THUNDER BAY,ON,P7B 6S2,700 Block MEMORIAL AV, TBPS] THEFT SUSP STILL PRESENT OR MAY BE IN AREA,Other Theft,THEFT
TB24030779,"07/31/2024, 5:59:12 AM","07/31/2024, 1:06:22 PM",THUNDER BAY,ON,P7C 3H1,1 Block SIMPSON ST, TBPS] LIQUOR LICENCE ACT LIQUOR LICENCE ACT VIOLATION IN PROGRESS,Quality of Life,LIQUOR LICENCE ACT
TB24030781,"07/31/2024, 6:14:31 AM","07/31/2024, 1:06:22 PM",THUNDER BAY,ON,P7C 3P9,300 Block MAY ST N, TBPS] LIQUOR LICENCE ACT LIQUOR LICENCE ACT VIOLATION IN PROGRESS,Quality of Life,LIQUOR LICENCE ACT
TB24030688,"07/30/2024, 7:51:52 PM","07/31/2024, 1:06:23 PM",THUNDER BAY,ON,P7B 6S2,700 Block MEMORIAL AV, TBPS] MOTOR VEHICLE COLLISION 11-10 MVC ANY TYPE,Other,MOTOR VEHICLE COLLISION
TB24030692,"07/30/2024, 7:59:54 PM","07/31/2024, 1:06:23 PM",THUNDER BAY,ON,P7C 4P7,400 Block EDWARD ST N, TBPS] ROBBERY NO WEAPONS - SUSP STILL IN AREA,Robbery,ROBBERY
TB24030725,"07/30/2024, 11:49:08 PM","07/31/2024, 1:06:23 PM",THUNDER BAY,ON,P7C,100 Block CENTENNIAL SQ," TBPS] MISCHIEF IP/SUSP IN AREA, UNDER 5,000",Other Property Crime,MISCHIEF
TB24030701,"07/30/2024, 9:30:46 PM","07/31/2024, 1:06:23 PM",THUNDER BAY,ON,P7C 3Y2,200 Block ARCHIBALD ST N," TBPS] THEFT NOT IN PROGRESS, UNDER 5000",Other Theft,THEFT
TB24030726,"07/30/2024, 11:55:38 PM","07/31/2024, 1:06:23 PM",THUNDER BAY,ON,P7B 7C6,900 Block CARRICK ST, TBPS] THEFT SUSP STILL PRESENT OR MAY BE IN AREA,Other Theft,THEFT
TB24030727,"07/31/2024, 12:00:17 AM","07/31/2024, 1:06:23 PM",THUNDER BAY,ON,P7C 0A7,REINDEER AV AND WEILER BLVD, TBPS] ASSAULT ACCUSED NOT PRESENT,Assault,ASSAULT
TB24030676,"07/30/2024, 6:30:19 PM","07/31/2024, 1:06:24 PM",THUNDER BAY,ON,P7G 2J1,500 Block HILLDALE RD, TBPS] MOTOR VEHICLE COLLISION 11-10 MVC ANY TYPE,Other,MOTOR VEHICLE COLLISION
TB24030683,"07/30/2024, 7:29:13 PM","07/31/2024, 1:06:24 PM",THUNDER BAY,ON,P7B 3A6,900 Block FORT WILLIAM RD, TBPS] MOTOR VEHICLE COLLISION 11-10 MVC ANY TYPE,Other,MOTOR VEHICLE COLLISION
TB24030686,"07/30/2024, 7:39:44 PM","07/31/2024, 1:06:24 PM",THUNDER BAY,ON,P7K 1L7,1300 Block KING RD, TBPS] MOTOR VEHICLE COLLISION 11-10 MVC ANY TYPE,Other,MOTOR VEHICLE COLLISION
TB24030687,"07/30/2024, 7:44:11 PM","07/31/2024, 1:06:24 PM",THUNDER BAY,ON,P7A 2R6,200 Block TOLEDO ST, TBPS] MOTOR VEHICLE COLLISION 11-10 MVC ANY TYPE,Other,MOTOR VEHICLE COLLISION
TB24030695,"07/30/2024, 8:28:38 PM","07/31/2024, 1:06:24 PM",THUNDER BAY,ON,P7B 3Y7,400 Block MEMORIAL AV, TBPS] MOTOR VEHICLE COLLISION 11-10 MVC ANY TYPE,Other,MOTOR VEHICLE COLLISION
TB24030722,"07/30/2024, 11:18:36 PM","07/31/2024, 1:06:24 PM",THUNDER BAY,ON,P7E 1H7,200 Block MCKELLAR ST S, TBPS] B-E BUS/RES/OTH 11-10,Breaking & Entering,B-E BUS/RES/OTH
TB24030702,"07/30/2024, 9:35:09 PM","07/31/2024, 1:06:24 PM",THUNDER BAY,ON,P7J 1B7,1 Block HWY AND 15TH SIDE RD, TBPS] MOTOR VEHICLE COLLISION MVC NO INJURIES,Traffic,MOTOR VEHICLE COLLISION
TB24030736,"07/31/2024, 12:59:24 AM","07/31/2024, 1:06:24 PM",THUNDER BAY,ON,P7A 4L9,100 Block CUMBERLAND ST N," TBPS] ASSAULT JUST OCCURRED, ACCUSED NOT PRESENT",Assault,ASSAULT
TB24030740,"07/31/2024, 1:15:59 AM","07/31/2024, 1:06:24 PM",THUNDER BAY,ON,P7C 1Z7,400 Block REDWOOD AV W," TBPS] MISCHIEF 11-10, MICHIEF UNDER 5000",Other Property Crime,MISCHIEF
TB24030632,"07/30/2024, 2:44:11 PM","07/31/2024, 1:06:25 PM",THUNDER BAY,ON,P7A 3S4,600 Block RIVER ST, TBPS] MOTOR VEHICLE COLLISION 11-10 MVC ANY TYPE,Other,MOTOR VEHICLE COLLISION
TB24030633,"07/30/2024, 2:49:02 PM","07/31/2024, 1:06:25 PM",THUNDER BAY,ON,P7E 2V3,500 Block ARTHUR ST W, TBPS] MOTOR VEHICLE COLLISION 11-10 MVC ANY TYPE,Other,MOTOR VEHICLE COLLISION
TB24030635,"07/30/2024, 2:55:59 PM","07/31/2024, 1:06:25 PM",THUNDER BAY,ON,P7A 3S4,600 Block RIVER ST, TBPS] MOTOR VEHICLE COLLISION 11-10 MVC ANY TYPE,Other,MOTOR VEHICLE COLLISION
TB24030650,"07/30/2024, 4:25:17 PM","07/31/2024, 1:06:25 PM",THUNDER BAY,ON,P7E 6M6,300 Block HECTOR DOUGALL WAY, TBPS] MOTOR VEHICLE COLLISION MVC NO INJURIES,Traffic,MOTOR VEHICLE COLLISION
TB24030651,"07/30/2024, 4:33:34 PM","07/31/2024, 1:06:25 PM",THUNDER BAY,ON,P7B 6H1,500 Block BEVERLY ST, TBPS] MOTOR VEHICLE COLLISION 11-10 MVC ANY TYPE,Other,MOTOR VEHICLE COLLISION
TB24030659,"07/30/2024, 5:00:02 PM","07/31/2024, 1:06:25 PM",THUNDER BAY,ON,P7A 3S4,600 Block RIVER ST, TBPS] MOTOR VEHICLE COLLISION 11-10 MVC ANY TYPE,Other,MOTOR VEHICLE COLLISION
TB24030664,"07/30/2024, 5:28:15 PM","07/31/2024, 1:06:25 PM",THUNDER BAY,ON,P7B 1J9,800 Block RED RIVER RD, TBPS] MOTOR VEHICLE COLLISION 11-10 MVC ANY TYPE,Other,MOTOR VEHICLE COLLISION
TB24030665,"07/30/2024, 5:38:34 PM","07/31/2024, 1:06:25 PM",THUNDER BAY,ON,P7B 6V4,900 Block OLIVER RD, TBPS] ASSAULT SUSP PRESENT OR IN AREA,Assault,ASSAULT
TB24030666,"07/30/2024, 5:45:37 PM","07/31/2024, 1:06:25 PM",THUNDER BAY,ON,P7B 6B9,1000 Block FORT WILLIAM RD, TBPS] MOTOR VEHICLE COLLISION 11-10 MVC ANY TYPE,Other,MOTOR VEHICLE COLLISION
TB24030667,"07/30/2024, 6:03:09 PM","07/31/2024, 1:06:25 PM",THUNDER BAY,ON,P7B 1K3,800 Block RED RIVER RD, TBPS] MOTOR VEHICLE COLLISION 11-10 MVC ANY TYPE,Other,MOTOR VEHICLE COLLISION
TB24030671,"07/30/2024, 6:18:32 PM","07/31/2024, 1:06:25 PM",THUNDER BAY,ON,P7C 1N2,100 Block GLENDALE CR, TBPS] MOTOR VEHICLE COLLISION 11-10 MVC ANY TYPE,Other,MOTOR VEHICLE COLLISION
TB24030634,"07/30/2024, 2:53:17 PM","07/31/2024, 1:06:26 PM",THUNDER BAY,ON,P7J 1G6,2000 Block JAMES ST S, TBPS] MOTOR VEHICLE COLLISION 11-10 MVC ANY TYPE,Other,MOTOR VEHICLE COLLISION
TB24030636,"07/30/2024, 3:00:31 PM","07/31/2024, 1:06:26 PM",THUNDER BAY,ON,P7B 5V5,600 Block HEWITSON ST," TBPS] THEFT NOT IN PROGRESS, UNDER 5000",Other Theft,THEFT
TB24030646,"07/30/2024, 3:56:06 PM","07/31/2024, 1:06:26 PM",THUNDER BAY,ON,P7A 6V8,1 Block MARGARET ST, TBPS] MOTOR VEHICLE COLLISION 11-10 MVC ANY TYPE,Other,MOTOR VEHICLE COLLISION
TB24030653,"07/30/2024, 4:39:17 PM","07/31/2024, 1:06:26 PM",THUNDER BAY,ON,P7A 2P1,200 Block FITZGERALD ST, TBPS] MOTOR VEHICLE COLLISION 11-10 MVC ANY TYPE,Other,MOTOR VEHICLE COLLISION
TB24030654,"07/30/2024, 4:43:26 PM","07/31/2024, 1:06:26 PM",THUNDER BAY,ON,P7C 2T6,200 Block SOUTHERN AV, TBPS] MOTOR VEHICLE COLLISION 11-10 MVC ANY TYPE,Other,MOTOR VEHICLE COLLISION
TB24030656,"07/30/2024, 4:45:59 PM","07/31/2024, 1:06:26 PM",THUNDER BAY,ON,P7J,2400 Block CITY RD, TBPS] MOTOR VEHICLE COLLISION 11-10 MVC ANY TYPE,Other,MOTOR VEHICLE COLLISION
TB24030663,"07/30/2024, 5:21:28 PM","07/31/2024, 1:06:26 PM",THUNDER BAY,ON,P7G 1E3,400 Block JAMESON ST, TBPS] MOTOR VEHICLE COLLISION 11-10 MVC ANY TYPE,Other,MOTOR VEHICLE COLLISION
TB24030608,"07/30/2024, 6:37:24 AM","07/31/2024, 1:06:27 PM",THUNDER BAY,ON,P7E 3C1,1500 Block HOME AV, TBPS] B-E BUS/RES/OTH 11-10,Breaking & Entering,B-E BUS/RES/OTH
TB24030613,"07/30/2024, 7:13:08 AM","07/31/2024, 1:06:27 PM",THUNDER BAY,ON,P7C 4P5,400 Block EDWARD ST N, TBPS] ASSAULT SUSP PRESENT OR IN AREA,Assault,ASSAULT
TB24030780,"07/31/2024, 6:04:03 AM","07/31/2024, 1:07:42 PM",THUNDER BAY,ON,P7C 2V7,400 Block NORTHERN AV, TBPS] LIQUOR LICENCE ACT LIQUOR LICENCE ACT VIOLATION IN PROGRESS,Quality of Life,LIQUOR LICENCE ACT
TB24030738,"07/31/2024, 1:09:17 AM","07/31/2024, 1:07:43 PM",THUNDER BAY,ON,P7C 1Z6,SPRUCE CT AND REDWOOD AV W, TBPS] LIQUOR LICENCE ACT LIQUOR LICENCE ACT VIOLATION IN PROGRESS,Quality of Life,LIQUOR LICENCE ACT
TB24030277,"07/27/2024, 8:23:30 PM","08/01/2024, 1:09:41 PM",THUNDER BAY,ON,P7E 6H2,200 Block AMELIA ST W, TBPS] ASSAULT ACCUSED NOT PRESENT,Assault,ASSAULT
TB24030898,"07/31/2024, 10:50:39 PM","08/01/2024, 1:10:15 PM",THUNDER BAY,ON,P7B 6J7,100 Block PICTON AV, TBPS] TROUBLE WITH YOUTH YOUTHS STILL IN AREA,Quality of Life,TROUBLE WITH YOUTH
TB24030902,"07/31/2024, 11:25:39 PM","08/01/2024, 1:10:15 PM",THUNDER BAY,ON,P7B,HARBOUR EXPRESSWAY AND MEMORIAL AV, TBPS] MOTOR VEHICLE COLLISION MVC NO INJURIES,Traffic,MOTOR VEHICLE COLLISION
TB24030911,"08/01/2024, 12:17:07 AM","08/01/2024, 1:10:16 PM",THUNDER BAY,ON,P7C 3P8,200 Block MAY ST N, TBPS] ASSAULT ACCUSED NOT PRESENT,Assault,ASSAULT
TB24030909,"08/01/2024, 12:10:16 AM","08/01/2024, 1:10:16 PM",THUNDER BAY,ON,P7B 3A6,800 Block FORT WILLIAM RD, TBPS] LIQUOR LICENCE ACT LIQUOR LICENCE ACT VIOLATION IN PROGRESS,Quality of Life,LIQUOR LICENCE ACT
TB24030948,"08/01/2024, 4:13:01 AM","08/01/2024, 1:10:19 PM",THUNDER BAY,ON,P7A 7T4,300 Block HASTINGS PL, TBPS] TROUBLE WITH YOUTH YOUTHS STILL IN AREA,Quality of Life,TROUBLE WITH YOUTH
TB24030943,"08/01/2024, 3:59:01 AM","08/01/2024, 1:10:19 PM",THUNDER BAY,ON,P7B 6S2,700 Block MEMORIAL AV, TBPS] ROBBERY WEAPONS - SUSP STILL IN AREA,Robbery,ROBBERY
TB24030790,"07/31/2024, 8:33:29 AM","08/01/2024, 1:10:28 PM",THUNDER BAY,ON,P7B 6R6,200 Block LINDEN CT, TBPS] ASSAULT SUSP PRESENT OR IN AREA,Assault,ASSAULT
TB24030797,"07/31/2024, 10:22:44 AM","08/01/2024, 1:10:29 PM",THUNDER BAY,ON,P7B 4M9,200 Block WINDEMERE AV S, TBPS] LIQUOR LICENCE ACT LIQUOR LICENCE ACT VIOLATION IN PROGRESS,Quality of Life,LIQUOR LICENCE ACT
TB24030798,"07/31/2024, 10:30:57 AM","08/01/2024, 1:10:29 PM",THUNDER BAY,ON,P7C 2E8,100 Block INGLEWOOD CR, TBPS] B-E BUS/RES/OTH SUSP PRESENT OR MAY STILL BE IN AREA,Breaking & Entering,B-E BUS/RES/OTH
TB24030804,"07/31/2024, 2:40:56 PM","08/01/2024, 1:10:29 PM",THUNDER BAY,ON,P7E 5Y8,400 Block GEORGE ST, TBPS] MOTOR VEHICLE COLLISION 11-10 MVC ANY TYPE,Other,MOTOR VEHICLE COLLISION
TB24030805,"07/31/2024, 2:44:02 PM","08/01/2024, 1:10:29 PM",THUNDER BAY,ON,P7A 3S4,600 Block RIVER ST, TBPS] MOTOR VEHICLE COLLISION 11-10 MVC ANY TYPE,Other,MOTOR VEHICLE COLLISION
TB24030806,"07/31/2024, 2:48:24 PM","08/01/2024, 1:10:30 PM",THUNDER BAY,ON,P7B 3C3,200 Block ALGOMA ST S, TBPS] MOTOR VEHICLE COLLISION 11-10 MVC ANY TYPE,Other,MOTOR VEHICLE COLLISION
TB24030807,"07/31/2024, 2:51:55 PM","08/01/2024, 1:10:30 PM",THUNDER BAY,ON,P7A 4K8,1000 Block DAWSON RD, TBPS] MOTOR VEHICLE COLLISION 11-10 MVC ANY TYPE,Other,MOTOR VEHICLE COLLISION
TB24030810,"07/31/2024, 3:15:49 PM","08/01/2024, 1:10:30 PM",THUNDER BAY,ON,P7B 5L6,300 Block MAIN ST, TBPS] MOTOR VEHICLE COLLISION 11-10 MVC ANY TYPE,Other,MOTOR VEHICLE COLLISION
TB24030811,"07/31/2024, 3:20:17 PM","08/01/2024, 1:10:30 PM",THUNDER BAY,ON,P7B 1H3,500 Block RED RIVER RD, TBPS] MOTOR VEHICLE COLLISION 11-10 MVC ANY TYPE,Other,MOTOR VEHICLE COLLISION
TB24030812,"07/31/2024, 3:25:02 PM","08/01/2024, 1:10:30 PM",THUNDER BAY,ON,P7B,FORT WILLIAM RD AND HARBOUR EXPRESSWAY, TBPS] MOTOR VEHICLE COLLISION 11-10 MVC ANY TYPE,Other,MOTOR VEHICLE COLLISION
TB24030815,"07/31/2024, 3:32:02 PM","08/01/2024, 1:10:31 PM",THUNDER BAY,ON,P7E 2V5,JAMES ST S AND ISABELLA ST W, TBPS] MOTOR VEHICLE COLLISION MVC NO INJURIES,Traffic,MOTOR VEHICLE COLLISION
TB24030816,"07/31/2024, 3:36:11 PM","08/01/2024, 1:10:31 PM",THUNDER BAY,ON,P7B 7B9,300 Block SUMMERHILL DR, TBPS] MOTOR VEHICLE COLLISION 11-10 MVC ANY TYPE,Other,MOTOR VEHICLE COLLISION
TB24030819,"07/31/2024, 3:47:32 PM","08/01/2024, 1:10:32 PM",THUNDER BAY,ON,P7B 7A6,GOLF LINKS RD AND CENTRAL AV, TBPS] MOTOR VEHICLE COLLISION MVC - AMB ENR - DUAL RESP,Other,MOTOR VEHICLE COLLISION
TB24030820,"07/31/2024, 3:48:07 PM","08/01/2024, 1:10:32 PM",THUNDER BAY,ON,P7A 4K8,1000 Block DAWSON RD, TBPS] MOTOR VEHICLE COLLISION 11-10 MVC ANY TYPE,Other,MOTOR VEHICLE COLLISION
TB24030822,"07/31/2024, 3:51:57 PM","08/01/2024, 1:10:32 PM",THUNDER BAY,ON,P7E 6L4,ARTHUR ST W AND SIFTON AV, TBPS] MOTOR VEHICLE COLLISION 11-10 MVC ANY TYPE,Other,MOTOR VEHICLE COLLISION
TB24030826,"07/31/2024, 4:15:13 PM","08/01/2024, 1:10:32 PM",THUNDER BAY,ON,P7B 6L6,MASTERS ST AND DAWSON RD, TBPS] MOTOR VEHICLE COLLISION 11-10 MVC ANY TYPE,Other,MOTOR VEHICLE COLLISION
TB24030827,"07/31/2024, 4:16:57 PM","08/01/2024, 1:10:32 PM",THUNDER BAY,ON,P7B 6V4,900 Block OLIVER RD, TBPS] MOTOR VEHICLE COLLISION 11-10 MVC ANY TYPE,Other,MOTOR VEHICLE COLLISION
TB24030837,"07/31/2024, 5:19:10 PM","08/01/2024, 1:10:33 PM",THUNDER BAY,ON,P7G 1K9,7000 Block JOHN ST. RD," TBPS] MISCHIEF IP/SUSP IN AREA, UNDER 5,000",Other Property Crime,MISCHIEF
TB24030840,"07/31/2024, 5:43:02 PM","08/01/2024, 1:10:33 PM",THUNDER BAY,ON,P7E 5S2,1100 Block ARTHUR ST W, TBPS] MOTOR VEHICLE COLLISION 11-10 MVC ANY TYPE,Other,MOTOR VEHICLE COLLISION
TB24030842,"07/31/2024, 5:47:23 PM","08/01/2024, 1:10:33 PM",THUNDER BAY,ON,P7C 4K3,100 Block WELLINGTON ST, TBPS] MOTOR VEHICLE COLLISION 11-10 MVC ANY TYPE,Other,MOTOR VEHICLE COLLISION
TB24030851,"07/31/2024, 6:03:16 PM","08/01/2024, 1:10:34 PM",THUNDER BAY,ON,.,PACIFIC AV AND SIMPSON ST, TBPS] MOTOR VEHICLE COLLISION MVC - AMB ENR - DUAL RESP,Other,MOTOR VEHICLE COLLISION
TB24030852,"07/31/2024, 6:05:17 PM","08/01/2024, 1:10:34 PM",THUNDER BAY,ON,P7B 3A6,900 Block FORT WILLIAM RD, TBPS] MOTOR VEHICLE COLLISION 11-10 MVC ANY TYPE,Other,MOTOR VEHICLE COLLISION
TB24030853,"07/31/2024, 6:10:18 PM","08/01/2024, 1:10:34 PM",THUNDER BAY,ON,P7C 3R7,500 Block MAY ST N, TBPS] MOTOR VEHICLE COLLISION 11-10 MVC ANY TYPE,Other,MOTOR VEHICLE COLLISION
TB24030856,"07/31/2024, 6:19:43 PM","08/01/2024, 1:10:34 PM",THUNDER BAY,ON,P7E 1K4,100 Block HAROLD ST S, TBPS] DRUG OFFENCES SUSP PRESENT OR MAY STILL BE IN AREA,Quality of Life,DRUG OFFENCES
TB24030857,"07/31/2024, 6:24:14 PM","08/01/2024, 1:10:34 PM",THUNDER BAY,ON,P7C 3Y3,CUMMING ST AND ARCHIBALD ST N, TBPS] MOTOR VEHICLE COLLISION JAWS REQD - DUAL RESP,Traffic,MOTOR VEHICLE COLLISION
TB24030859,"07/31/2024, 6:29:14 PM","08/01/2024, 1:10:35 PM",THUNDER BAY,ON,P7E 5H3,ARCHIBALD ST S AND RIDGEWAY ST E, TBPS] MOTOR VEHICLE COLLISION 11-10 MVC ANY TYPE,Other,MOTOR VEHICLE COLLISION
TB24030858,"07/31/2024, 6:25:46 PM","08/01/2024, 1:10:35 PM",THUNDER BAY,ON,P7B,MEMORIAL AV AND HARBOUR EXPRESSWAY, TBPS] MOTOR VEHICLE COLLISION 11-10 MVC ANY TYPE,Other,MOTOR VEHICLE COLLISION
TB24030863,"07/31/2024, 6:33:00 PM","08/01/2024, 1:10:35 PM",THUNDER BAY,ON,P7E 5R6,600 Block ARTHUR ST W, TBPS] MOTOR VEHICLE COLLISION 11-10 MVC ANY TYPE,Other,MOTOR VEHICLE COLLISION
TB24030865,"07/31/2024, 6:36:20 PM","08/01/2024, 1:10:35 PM",THUNDER BAY,ON,P7B 5V1,DAWSON RD AND STRAND AV, TBPS] MOTOR VEHICLE COLLISION 11-10 MVC ANY TYPE,Other,MOTOR VEHICLE COLLISION
TB24030866,"07/31/2024, 6:38:33 PM","08/01/2024, 1:10:35 PM",THUNDER BAY,ON,P7B 5L6,300 Block MAIN ST, TBPS] MOTOR VEHICLE COLLISION 11-10 MVC ANY TYPE,Other,MOTOR VEHICLE COLLISION
TB24030867,"07/31/2024, 6:38:50 PM","08/01/2024, 1:10:35 PM",THUNDER BAY,ON,P7E 1M3,300 Block MARKS ST S," TBPS] MISCHIEF 11-10, MICHIEF UNDER 5000",Other Property Crime,MISCHIEF
TB24030868,"07/31/2024, 6:51:01 PM","08/01/2024, 1:10:36 PM",THUNDER BAY,ON,P7E 3Z4,100 Block AMELIA ST E, TBPS] MOTOR VEHICLE COLLISION 11-10 MVC ANY TYPE,Other,MOTOR VEHICLE COLLISION
TB24030869,"07/31/2024, 6:57:06 PM","08/01/2024, 1:10:36 PM",THUNDER BAY,ON,P7B 1K2,800 Block RED RIVER RD, TBPS] MOTOR VEHICLE COLLISION 11-10 MVC ANY TYPE,Other,MOTOR VEHICLE COLLISION
TB24030871,"07/31/2024, 7:19:46 PM","08/01/2024, 1:10:36 PM",THUNDER BAY,ON,P7C 3A7,800 Block MCINTOSH ST, TBPS] LIQUOR LICENCE ACT LIQUOR LICENCE ACT VIOLATION IN PROGRESS,Quality of Life,LIQUOR LICENCE ACT
TB24030874,"07/31/2024, 7:54:55 PM","08/01/2024, 1:10:36 PM",THUNDER BAY,ON,P7A 4P1,CUMBERLAND ST N AND EGAN ST, TBPS] MOTOR VEHICLE COLLISION 11-10 MVC ANY TYPE,Other,MOTOR VEHICLE COLLISION
TB24030873,"07/31/2024, 7:51:18 PM","08/01/2024, 1:10:36 PM",THUNDER BAY,ON,P7B 3Z7,700 Block MEMORIAL AV, TBPS] MOTOR VEHICLE COLLISION 11-10 MVC ANY TYPE,Other,MOTOR VEHICLE COLLISION
TB24030875,"07/31/2024, 8:05:31 PM","08/01/2024, 1:10:36 PM",THUNDER BAY,ON,P7J 1J8,300 Block SANDY BEACH RD, TBPS] MOTOR VEHICLE COLLISION JAWS REQD - DUAL RESP,Traffic,MOTOR VEHICLE COLLISION
TB24030876,"07/31/2024, 8:06:18 PM","08/01/2024, 1:10:36 PM",THUNDER BAY,ON,.,100 Block PEARL ST, TBPS] LIQUOR LICENCE ACT LIQUOR LICENCE ACT VIOLATION IN PROGRESS,Quality of Life,LIQUOR LICENCE ACT
TB24030882,"07/31/2024, 8:47:08 PM","08/01/2024, 1:10:37 PM",THUNDER BAY,ON,P7A 4Z6,ALGOMA ST N AND CAMELOT ST, TBPS] MOTOR VEHICLE COLLISION MVC - AMB ENR - DUAL RESP,Other,MOTOR VEHICLE COLLISION
TB24030879,"07/31/2024, 8:39:18 PM","08/01/2024, 1:10:37 PM",THUNDER BAY,ON,P7E 6E9,900 Block COMMERCE ST, TBPS] B-E BUS/RES/OTH 11-10,Breaking & Entering,B-E BUS/RES/OTH
TB24030893,"07/31/2024, 10:30:11 PM","08/01/2024, 1:10:38 PM",THUNDER BAY,ON,P7A 0E7,2200 Block SLEEPING GIANT PKWY," TBPS] THEFT NOT IN PROGRESS, UNDER 5000",Other Theft,THEFT
TB24030895,"07/31/2024, 10:37:04 PM","08/01/2024, 1:10:38 PM",THUNDER BAY,ON,P7C 3X8,100 Block CENTENNIAL SQ, TBPS] THEFT SUSP STILL PRESENT OR MAY BE IN AREA,Other Theft,THEFT
TB24031126,"08/02/2024, 2:03:39 AM","08/02/2024, 1:08:27 PM",THUNDER BAY,ON,J4Y 0B5,400 Block LYON BLVD W, TBPS] INDECENT ACTS SUSP PRESENT OR MAY STILL BE IN AREA,Sexual Offense,INDECENT ACTS
TB24031129,"08/02/2024, 2:23:19 AM","08/02/2024, 1:08:27 PM",THUNDER BAY,ON,P7A,RIVER ST AND MADELINE ST, TBPS] MOTOR VEHICLE COLLISION MVC - AMB ENR - DUAL RESP,Other,MOTOR VEHICLE COLLISION
TB24031136,"08/02/2024, 3:22:13 AM","08/02/2024, 1:08:27 PM",THUNDER BAY,ON,P7B 1E3,200 Block PEARL ST, TBPS] ASSAULT SUSP PRESENT OR IN AREA,Assault,ASSAULT
TB24031167,"08/02/2024, 8:43:29 AM","08/02/2024, 1:08:27 PM",THUNDER BAY,ON,P7E 1E1,100 Block SYNDICATE AV S," TBPS] MISCHIEF 11-10, MICHIEF UNDER 5000",Other Property Crime,MISCHIEF
TB24031102,"08/01/2024, 11:49:11 PM","08/02/2024, 1:08:28 PM",THUNDER BAY,ON,P7E 5R5,500 Block ARTHUR ST W, TBPS] MOTOR VEHICLE COLLISION MVC NO INJURIES,Traffic,MOTOR VEHICLE COLLISION
TB24031109,"08/02/2024, 12:26:40 AM","08/02/2024, 1:08:28 PM",THUNDER BAY,ON,P7E 5S2,1100 Block ARTHUR ST W, TBPS] THEFT SUSP STILL PRESENT OR MAY BE IN AREA,Other Theft,THEFT
TB24031122,"08/02/2024, 1:43:16 AM","08/02/2024, 1:08:28 PM",THUNDER BAY,ON,P7A 2M5,200 Block CLAVET ST, TBPS] ASSAULT SUSP PRESENT OR IN AREA,Assault,ASSAULT
TB24031140,"08/02/2024, 4:03:15 AM","08/02/2024, 1:08:28 PM",THUNDER BAY,ON,P7C 3X3,700 Block SYNDICATE AV N, TBPS] ROBBERY NO WEAPONS - SUSP STILL IN AREA,Robbery,ROBBERY
TB24031132,"08/02/2024, 2:38:47 AM","08/02/2024, 1:08:28 PM",THUNDER BAY,ON,P7B 5V7,JUNOT AV S AND JOHN ST, TBPS] MOTOR VEHICLE COLLISION MVC NO INJURIES,Traffic,MOTOR VEHICLE COLLISION
TB24031141,"08/02/2024, 4:04:09 AM","08/02/2024, 1:08:28 PM",THUNDER BAY,ON,P7B 1G7,500 Block RED RIVER RD," TBPS] THEFT NOT IN PROGRESS, FROM MOTOR VEHICLE",Theft from Vehicle,THEFT
TB24031144,"08/02/2024, 5:07:55 AM","08/02/2024, 1:08:28 PM",THUNDER BAY,ON,P7C 1N7,200 Block CUMMING ST, TBPS] ASSAULT SUSP PRESENT OR IN AREA,Assault,ASSAULT
TB24031152,"08/02/2024, 6:04:04 AM","08/02/2024, 1:08:28 PM",THUNDER BAY,ON,P7A 6B6,WINDEMERE AV N AND WISHART CR," TBPS] MISCHIEF IP/SUSP IN AREA, UNDER 5,000",Other Property Crime,MISCHIEF
TB24031055,"08/01/2024, 7:48:02 PM","08/02/2024, 1:08:29 PM",THUNDER BAY,ON,P7B 1R3,200 Block BAY ST, TBPS] DRUG OFFENCES SUSP PRESENT OR MAY STILL BE IN AREA,Quality of Life,DRUG OFFENCES
TB24031067,"08/01/2024, 8:56:33 PM","08/02/2024, 1:08:29 PM",THUNDER BAY,ON,P7E 5P7,200 Block ARTHUR ST W, TBPS] THEFT SUSP STILL PRESENT OR MAY BE IN AREA,Other Theft,THEFT
TB24031065,"08/01/2024, 8:51:55 PM","08/02/2024, 1:08:29 PM",THUNDER BAY,ON,P7E 1G3,DONALD ST E AND ARCHIBALD ST S, TBPS] DRUG OFFENCES SUSP PRESENT OR MAY STILL BE IN AREA,Quality of Life,DRUG OFFENCES
TB24031111,"08/02/2024, 12:31:51 AM","08/02/2024, 1:08:29 PM",THUNDER BAY,ON,P7B 4W9,100 Block CLARKSON ST S," TBPS] THEFT NOT IN PROGRESS, FROM MOTOR VEHICLE",Theft from Vehicle,THEFT
TB24031049,"08/01/2024, 7:12:33 PM","08/02/2024, 1:08:30 PM",THUNDER BAY,ON,P7B 2G6,OLIVER RD AND RUPERT ST, TBPS] MOTOR VEHICLE COLLISION 11-10 MVC ANY TYPE,Other,MOTOR VEHICLE COLLISION
TB24031058,"08/01/2024, 8:08:40 PM","08/02/2024, 1:08:30 PM",THUNDER BAY,ON,P7E 1K4,100 Block HAROLD ST S, TBPS] DRUG OFFENCES SUSP PRESENT OR MAY STILL BE IN AREA,Quality of Life,DRUG OFFENCES
TB24031061,"08/01/2024, 8:24:42 PM","08/02/2024, 1:08:30 PM",THUNDER BAY,ON,P7E 6B9,1100 Block ARTHUR ST W, TBPS] ASSAULT SUSP PRESENT OR IN AREA,Assault,ASSAULT
TB24031009,"08/01/2024, 2:39:08 PM","08/02/2024, 1:08:31 PM",THUNDER BAY,ON,P7A 3S4,600 Block RIVER ST, TBPS] MOTOR VEHICLE COLLISION 11-10 MVC ANY TYPE,Other,MOTOR VEHICLE COLLISION
TB24031010,"08/01/2024, 2:46:15 PM","08/02/2024, 1:08:31 PM",THUNDER BAY,ON,P7E 5S2,1100 Block ARTHUR ST W, TBPS] MOTOR VEHICLE COLLISION 11-10 MVC ANY TYPE,Other,MOTOR VEHICLE COLLISION
TB24031014,"08/01/2024, 3:00:20 PM","08/02/2024, 1:08:31 PM",THUNDER BAY,ON,P7J 1G6,2000 Block JAMES ST S, TBPS] MOTOR VEHICLE COLLISION 11-10 MVC ANY TYPE,Other,MOTOR VEHICLE COLLISION
TB24031018,"08/01/2024, 3:35:26 PM","08/02/2024, 1:08:31 PM",THUNDER BAY,ON,P7E,ARTHUR ST E AND EDWARD ST S, TBPS] MOTOR VEHICLE COLLISION 11-10 MVC ANY TYPE,Other,MOTOR VEHICLE COLLISION
TB24031024,"08/01/2024, 4:19:29 PM","08/02/2024, 1:08:31 PM",THUNDER BAY,ON,P7C 4P7,400 Block EDWARD ST N, TBPS] MOTOR VEHICLE COLLISION 11-10 MVC ANY TYPE,Other,MOTOR VEHICLE COLLISION
TB24030979,"08/01/2024, 7:45:02 AM","08/02/2024, 1:08:32 PM",THUNDER BAY,ON,P7A 7B7,1 Block KENWOOD AV," TBPS] MISCHIEF 11-10, MICHIEF UNDER 5000",Other Property Crime,MISCHIEF
TB24030990,"08/01/2024, 8:32:15 AM","08/02/2024, 1:08:32 PM",THUNDER BAY,ON,P7E 5R3,400 Block ARTHUR ST W, TBPS] LIQUOR LICENCE ACT LIQUOR LICENCE ACT VIOLATION IN PROGRESS,Quality of Life,LIQUOR LICENCE ACT
TB24031012,"08/01/2024, 2:52:59 PM","08/02/2024, 1:08:32 PM",THUNDER BAY,ON,P7B 3V8,200 Block HILL ST S, TBPS] MOTOR VEHICLE COLLISION 11-10 MVC ANY TYPE,Other,MOTOR VEHICLE COLLISION
TB24030940,"08/01/2024, 3:23:33 AM","08/02/2024, 1:08:33 PM",THUNDER BAY,ON,P7E 5E3,100 Block ISABELLA ST W, TBPS] TROUBLE WITH YOUTH YOUTHS STILL IN AREA,Quality of Life,TROUBLE WITH YOUTH
TB24030997,"08/01/2024, 10:26:27 AM","08/02/2024, 1:08:33 PM",THUNDER BAY,ON,P7A 7S3,400 Block COUNTY BLVD, TBPS] MOTOR VEHICLE COLLISION MVC - AMB ENR - DUAL RESP,Other,MOTOR VEHICLE COLLISION
TB24030999,"08/01/2024, 11:08:37 AM","08/02/2024, 1:08:33 PM",THUNDER BAY,ON,P7A 4N3,200 Block CUMBERLAND ST N, TBPS] B-E BUS/RES/OTH 11-10,Breaking & Entering,B-E BUS/RES/OTH
TB24031083,"08/01/2024, 9:50:56 PM","08/03/2024, 1:06:34 PM",THUNDER BAY,ON,P7E 5S2,1100 Block ARTHUR ST W, TBPS] ASSAULT ACCUSED NOT PRESENT,Assault,ASSAULT
TB24031278,"08/03/2024, 2:47:35 AM","08/03/2024, 1:06:34 PM",THUNDER BAY,ON,P7B 1G7,500 Block RED RIVER RD, TBPS] MOTOR VEHICLE COLLISION MVC NO INJURIES,Traffic,MOTOR VEHICLE COLLISION
TB24031277,"08/03/2024, 2:32:48 AM","08/03/2024, 1:06:34 PM",THUNDER BAY,ON,P7A 6J6,900 Block HUDSON AV, TBPS] LIQUOR LICENCE ACT LIQUOR LICENCE ACT VIOLATION IN PROGRESS,Quality of Life,LIQUOR LICENCE ACT
TB24031296,"08/03/2024, 5:12:52 AM","08/03/2024, 1:06:36 PM",THUNDER BAY,ON,P7C 1M3,200 Block MILES ST W, TBPS] LIQUOR LICENCE ACT LIQUOR LICENCE ACT VIOLATION IN PROGRESS,Quality of Life,LIQUOR LICENCE ACT
TB24031299,"08/03/2024, 5:52:44 AM","08/03/2024, 1:06:36 PM",THUNDER BAY,ON,P7B 3G9,300 Block ONTARIO ST, TBPS] ASSAULT SUSP PRESENT OR IN AREA,Assault,ASSAULT
TB24031302,"08/03/2024, 5:54:06 AM","08/03/2024, 1:06:37 PM",THUNDER BAY,ON,P7C 2B4,100 Block HUNTINGTON CT, TBPS] STOLEN VEHICLE SUSP NOT IN AREA,Theft of Vehicle,STOLEN VEHICLE
TB24031175,"08/02/2024, 11:26:24 AM","08/03/2024, 1:06:50 PM",THUNDER BAY,ON,P7C 3T4,400 Block BRODIE ST N, TBPS] B-E BUS/RES/OTH SUSP PRESENT OR MAY STILL BE IN AREA,Breaking & Entering,B-E BUS/RES/OTH
TB24031180,"08/02/2024, 1:07:17 PM","08/03/2024, 1:06:51 PM",THUNDER BAY,ON,P7E 6S2,100 Block PRINCESS ST, TBPS] LIQUOR LICENCE ACT LIQUOR LICENCE ACT VIOLATION IN PROGRESS,Quality of Life,LIQUOR LICENCE ACT
TB24031190,"08/02/2024, 2:49:43 PM","08/03/2024, 1:06:52 PM",THUNDER BAY,ON,P7B 2G1,OLIVER RD AND HIGH ST S, TBPS] MOTOR VEHICLE COLLISION 11-10 MVC ANY TYPE,Other,MOTOR VEHICLE COLLISION
TB24031192,"08/02/2024, 3:03:08 PM","08/03/2024, 1:06:53 PM",THUNDER BAY,ON,P7B 3C2,MEMORIAL AV AND JOHN ST, TBPS] MOTOR VEHICLE COLLISION 11-10 MVC ANY TYPE,Other,MOTOR VEHICLE COLLISION
TB24031198,"08/02/2024, 4:00:02 PM","08/03/2024, 1:06:54 PM",THUNDER BAY,ON,P7E 1X4,700 Block BESSIE AV," TBPS] THEFT NOT IN PROGRESS, UNDER 5000",Other Theft,THEFT
TB24031199,"08/02/2024, 4:16:16 PM","08/03/2024, 1:06:54 PM",THUNDER BAY,ON,P7E 1S3,700 Block HARKNESS ST," TBPS] MISCHIEF 11-10, MICHIEF UNDER 5000",Other Property Crime,MISCHIEF
TB24031210,"08/02/2024, 6:17:38 PM","08/03/2024, 1:06:56 PM",THUNDER BAY,ON,P7E 3V7,100 Block FREDERICA ST W, TBPS] THEFT SUSP STILL PRESENT OR MAY BE IN AREA,Other Theft,THEFT
TB24031222,"08/02/2024, 7:46:33 PM","08/03/2024, 1:06:57 PM",THUNDER BAY,ON,P7E 5M8,900 Block ARTHUR ST E, TBPS] MOTOR VEHICLE COLLISION MVC NO INJURIES,Traffic,MOTOR VEHICLE COLLISION
TB24031223,"08/02/2024, 7:56:57 PM","08/03/2024, 1:06:58 PM",THUNDER BAY,ON,P7B 5V1,DAWSON RD AND STRAND AV, TBPS] MOTOR VEHICLE COLLISION 11-10 MVC ANY TYPE,Other,MOTOR VEHICLE COLLISION
TB24031228,"08/02/2024, 8:36:13 PM","08/03/2024, 1:06:58 PM",THUNDER BAY,ON,.,UNKNOWN STREET AND UNKNOWN STREET, TBPS] MOTOR VEHICLE COLLISION MVC - AMB ENR - DUAL RESP,Other,MOTOR VEHICLE COLLISION
TB24031242,"08/02/2024, 9:58:24 PM","08/03/2024, 1:07:00 PM",THUNDER BAY,ON,P7A 4R1,400 Block CUMBERLAND ST N," TBPS] THEFT NOT IN PROGRESS, UNDER 5000",Other Theft,THEFT
TB24031247,"08/02/2024, 10:55:46 PM","08/03/2024, 1:07:01 PM",THUNDER BAY,ON,P7B 5L6,300 Block MAIN ST, TBPS] THEFT SUSP STILL PRESENT OR MAY BE IN AREA,Other Theft,THEFT
TB24031246,"08/02/2024, 10:54:41 PM","08/03/2024, 1:07:01 PM",THUNDER BAY,ON,P7A 7M2,600 Block CASTLEGREEN DR, TBPS] ASSAULT ACCUSED NOT PRESENT,Assault,ASSAULT
TB24031251,"08/02/2024, 11:28:36 PM","08/03/2024, 1:07:01 PM",THUNDER BAY,ON,P7B 5L6,300 Block MAIN ST," TBPS] THEFT NOT IN PROGRESS, UNDER 5000",Other Theft,THEFT
TB24031253,"08/02/2024, 11:34:21 PM","08/03/2024, 1:07:01 PM",THUNDER BAY,ON,P7B 6J7,100 Block PICTON AV, TBPS] LIQUOR LICENCE ACT LIQUOR LICENCE ACT VIOLATION IN PROGRESS,Quality of Life,LIQUOR LICENCE ACT
TB24031256,"08/02/2024, 11:47:18 PM","08/03/2024, 1:07:01 PM",THUNDER BAY,ON,P7B 3Z7,700 Block MEMORIAL AV, TBPS] THEFT SUSP STILL PRESENT OR MAY BE IN AREA,Other Theft,THEFT
TB24031381,"08/03/2024, 9:52:59 PM","08/04/2024, 1:06:07 PM",THUNDER BAY,ON,.,UNKNOWN STREET AND UNKNOWN STREET, TBPS] MOTOR VEHICLE COLLISION MVC - AMB ENR - DUAL RESP,Other,MOTOR VEHICLE COLLISION
TB24031386,"08/03/2024, 10:44:20 PM","08/04/2024, 1:06:08 PM",THUNDER BAY,ON,P7B 5Z5,1200 Block BALMORAL ST, TBPS] DRUG OFFENCES SUSP PRESENT OR MAY STILL BE IN AREA,Quality of Life,DRUG OFFENCES
TB24031390,"08/03/2024, 11:23:50 PM","08/04/2024, 1:06:08 PM",THUNDER BAY,ON,P7B 2T5,1 Block CUMBERLAND ST S," TBPS] MISCHIEF IP/SUSP IN AREA, UNDER 5,000",Other Property Crime,MISCHIEF
TB24031394,"08/03/2024, 11:33:09 PM","08/04/2024, 1:06:09 PM",THUNDER BAY,ON,P7A 7R2,200 Block CASTLEGREEN DR, TBPS] LIQUOR LICENCE ACT LIQUOR LICENCE ACT VIOLATION IN PROGRESS,Quality of Life,LIQUOR LICENCE ACT
TB24031398,"08/04/2024, 12:02:42 AM","08/04/2024, 1:06:10 PM",THUNDER BAY,ON,P7E 5P5,2600 Block ARTHUR ST E, TBPS] STOLEN VEHICLE SUSP NOT IN AREA,Theft of Vehicle,STOLEN VEHICLE
TB24031402,"08/04/2024, 12:33:52 AM","08/04/2024, 1:06:10 PM",THUNDER BAY,ON,P7E 4N5,100 Block CHRISTINA ST E, TBPS] B-E BUS/RES/OTH 11-10,Breaking & Entering,B-E BUS/RES/OTH
TB24031404,"08/04/2024, 12:35:31 AM","08/04/2024, 1:06:11 PM",THUNDER BAY,ON,P7C 2V6,400 Block NORTHERN AV," TBPS] THEFT NOT IN PROGRESS, FROM MOTOR VEHICLE",Theft from Vehicle,THEFT
TB24031411,"08/04/2024, 1:38:22 AM","08/04/2024, 1:06:12 PM",THUNDER BAY,ON,P7B 3A6,900 Block FORT WILLIAM RD, TBPS] ASSAULT SUSP PRESENT OR IN AREA,Assault,ASSAULT
TB24031435,"08/04/2024, 5:59:02 AM","08/04/2024, 1:06:14 PM",THUNDER BAY,ON,P7B 3Z8,800 Block MEMORIAL AV, TBPS] MOTOR VEHICLE COLLISION MVC NO INJURIES,Traffic,MOTOR VEHICLE COLLISION
TB24031432,"08/04/2024, 5:39:27 AM","08/04/2024, 1:06:14 PM",THUNDER BAY,ON,P7C 4P7,400 Block EDWARD ST N, TBPS] LIQUOR LICENCE ACT LIQUOR LICENCE ACT VIOLATION IN PROGRESS,Quality of Life,LIQUOR LICENCE ACT
TB24031430,"08/04/2024, 4:58:33 AM","08/04/2024, 1:06:14 PM",THUNDER BAY,ON,P7B 4A3,1000 Block MEMORIAL AV, TBPS] ASSAULT SUSP PRESENT OR IN AREA,Assault,ASSAULT
TB24030914,"08/01/2024, 12:40:09 AM","08/04/2024, 1:06:20 PM",THUNDER BAY,ON,P7B 6B9,1000 Block FORT WILLIAM RD, TBPS] ASSAULT ACCUSED NOT PRESENT,Assault,ASSAULT
TB24031332,"08/03/2024, 8:58:53 AM","08/04/2024, 1:06:31 PM",THUNDER BAY,ON,P7A 4L2,1 Block CUMBERLAND ST N, TBPS] ASSAULT SUSP PRESENT OR IN AREA,Assault,ASSAULT
TB24031353,"08/03/2024, 2:25:14 PM","08/04/2024, 1:06:32 PM",THUNDER BAY,ON,P7E 1E2,300 Block SYNDICATE AV S," TBPS] SEXUAL ASSAULT JUST OCCURRED, ACCUSED NOT PRESENT",Other,SEXUAL ASSAULT
TB24031366,"08/03/2024, 6:31:15 PM","08/04/2024, 1:06:33 PM",THUNDER BAY,ON,P7B 3A6,900 Block FORT WILLIAM RD, TBPS] THEFT SUSP STILL PRESENT OR MAY BE IN AREA,Other Theft,THEFT
TB24031367,"08/03/2024, 6:43:09 PM","08/04/2024, 1:06:33 PM",THUNDER BAY,ON,.,PACIFIC AV AND SIMPSON ST, TBPS] DRUG OFFENCES SUSP PRESENT OR MAY STILL BE IN AREA,Quality of Life,DRUG OFFENCES
TB24031375,"08/03/2024, 8:24:28 PM","08/04/2024, 1:06:33 PM",THUNDER BAY,ON,P7A,1 Block NORTH WATER ST," TBPS] THEFT NOT IN PROGRESS, UNDER 5000",Other Theft,THEFT
TB24031531,"08/04/2024, 11:13:43 PM","08/05/2024, 1:09:33 PM",THUNDER BAY,ON,P7B 3Y2,300 Block MEMORIAL AV, TBPS] THEFT SUSP STILL PRESENT OR MAY BE IN AREA,Other Theft,THEFT
TB24031532,"08/04/2024, 11:16:02 PM","08/05/2024, 1:09:33 PM",THUNDER BAY,ON,P7B 6S6,600 Block OLIVER RD, TBPS] MOTOR VEHICLE COLLISION MVC NO INJURIES,Traffic,MOTOR VEHICLE COLLISION
TB24031535,"08/05/2024, 12:04:03 AM","08/05/2024, 1:09:34 PM",THUNDER BAY,ON,P7E 3W1,200 Block FREDERICA ST W, TBPS] ASSAULT SUSP PRESENT OR IN AREA,Assault,ASSAULT
TB24031536,"08/05/2024, 12:41:08 AM","08/05/2024, 1:09:34 PM",THUNDER BAY,ON,P7E 2A1,700 Block TARBUTT ST S," TBPS] THEFT NOT IN PROGRESS, UNDER 5000",Other Theft,THEFT
TB24031546,"08/05/2024, 2:11:33 AM","08/05/2024, 1:09:35 PM",THUNDER BAY,ON,P7C 4P7,400 Block EDWARD ST N, TBPS] LIQUOR LICENCE ACT LIQUOR LICENCE ACT VIOLATION IN PROGRESS,Quality of Life,LIQUOR LICENCE ACT
TB24031565,"08/05/2024, 4:07:38 AM","08/05/2024, 1:09:37 PM",THUNDER BAY,ON,P7B 1Z7,700 Block JOHN ST, TBPS] ASSAULT ACCUSED NOT PRESENT,Assault,ASSAULT
TB24031566,"08/05/2024, 4:10:46 AM","08/05/2024, 1:09:37 PM",THUNDER BAY,ON,P7C 2N1,200 Block OGDEN ST," TBPS] THEFT NOT IN PROGRESS, FROM MOTOR VEHICLE",Theft from Vehicle,THEFT
TB24031568,"08/05/2024, 4:41:02 AM","08/05/2024, 1:09:37 PM",THUNDER BAY,ON,P7B 1E5,200 Block PEARL ST," TBPS] MISCHIEF IP/SUSP IN AREA, UNDER 5,000",Other Property Crime,MISCHIEF
TB24031570,"08/05/2024, 4:46:34 AM","08/05/2024, 1:09:37 PM",THUNDER BAY,ON,P7C 3X3,700 Block SYNDICATE AV N, TBPS] B-E BUS/RES/OTH SUSP PRESENT OR MAY STILL BE IN AREA,Breaking & Entering,B-E BUS/RES/OTH
TB24031325,"08/03/2024, 8:36:21 AM","08/05/2024, 1:09:38 PM",THUNDER BAY,ON,P7C 5V4,100 Block MAY ST N, TBPS] ASSAULT ACCUSED NOT PRESENT,Assault,ASSAULT
TB24031575,"08/05/2024, 5:24:35 AM","08/05/2024, 1:09:38 PM",THUNDER BAY,ON,P7B 3E9,1 Block ONTARIO ST, TBPS] STOLEN VEHICLE SUSP NOT IN AREA,Theft of Vehicle,STOLEN VEHICLE
TB24031588,"08/05/2024, 7:23:12 AM","08/05/2024, 1:09:39 PM",THUNDER BAY,ON,P7B 1V8,200 Block WINDSOR ST, TBPS] B-E BUS/RES/OTH 11-10,Breaking & Entering,B-E BUS/RES/OTH
TB24031365,"08/03/2024, 6:27:20 PM","08/05/2024, 1:09:41 PM",THUNDER BAY,ON,P7A,1 Block NORTH WATER ST, TBPS] ASSAULT ACCUSED NOT PRESENT,Assault,ASSAULT
TB24031418,"08/04/2024, 3:22:09 AM","08/05/2024, 1:09:43 PM",THUNDER BAY,ON,P7A 4K8,1 Block CUMBERLAND ST N, TBPS] ASSAULT ACCUSED NOT PRESENT,Assault,ASSAULT
TB24031449,"08/04/2024, 9:24:32 AM","08/05/2024, 1:09:44 PM",THUNDER BAY,ON,P7E 4M7,1300 Block MARY ST W, TBPS] B-E BUS/RES/OTH 11-10,Breaking & Entering,B-E BUS/RES/OTH
TB24031452,"08/04/2024, 10:21:40 AM","08/05/2024, 1:09:44 PM",THUNDER BAY,ON,P7C 2N7,200 Block ROBERTSON ST, TBPS] ASSAULT SUSP PRESENT OR IN AREA,Assault,ASSAULT
TB24031480,"08/04/2024, 4:25:35 PM","08/05/2024, 1:09:45 PM",THUNDER BAY,ON,P7B 6B9,1000 Block FORT WILLIAM RD, TBPS] MOTOR VEHICLE COLLISION MVC - AMB ENR - DUAL RESP,Other,MOTOR VEHICLE COLLISION
TB24031489,"08/04/2024, 5:38:57 PM","08/05/2024, 1:09:45 PM",THUNDER BAY,ON,P7E 5N3,1300 Block ARTHUR ST E," TBPS] ASSAULT JUST OCCURRED, ACCUSED NOT PRESENT",Assault,ASSAULT
TB24031500,"08/04/2024, 7:13:51 PM","08/05/2024, 1:09:46 PM",THUNDER BAY,ON,P7C 3W7,400 Block SYNDICATE AV N, TBPS] STOLEN VEHICLE SUSP NOT IN AREA,Theft of Vehicle,STOLEN VEHICLE
TB24031492,"08/04/2024, 5:51:39 PM","08/05/2024, 1:09:46 PM",THUNDER BAY,ON,P7E 6B9,1100 Block ARTHUR ST W," TBPS] THEFT IN PROGRESS, OVER 50000",Other Theft,THEFT
TB24031502,"08/04/2024, 7:39:42 PM","08/05/2024, 1:09:46 PM",THUNDER BAY,ON,P7G 1H6,1100 Block DAWSON RD, TBPS] STOLEN VEHICLE SUSP NOT IN AREA,Theft of Vehicle,STOLEN VEHICLE
TB24031504,"08/04/2024, 7:55:24 PM","08/05/2024, 1:09:46 PM",THUNDER BAY,ON,P7B 2A4,JOHN ST. RD AND VALLEY ST, TBPS] MOTOR VEHICLE COLLISION MVC NO INJURIES,Traffic,MOTOR VEHICLE COLLISION
TB24031508,"08/04/2024, 8:17:20 PM","08/05/2024, 1:09:46 PM",THUNDER BAY,ON,P7B 3A6,900 Block FORT WILLIAM RD, TBPS] ROBBERY WEAPONS - SUSP STILL IN AREA,Robbery,ROBBERY
TB24031513,"08/04/2024, 8:29:45 PM","08/05/2024, 1:09:46 PM",THUNDER BAY,ON,P7B 6B9,FORT WILLIAM RD AND ISABEL ST, TBPS] ASSAULT SUSP PRESENT OR IN AREA,Assault,ASSAULT
TB24031091,"08/01/2024, 10:45:38 PM","08/05/2024, 1:09:51 PM",THUNDER BAY,ON,P7E 4P2,500 Block CHRISTINA ST E, TBPS] MOTOR VEHICLE COLLISION 11-10 MVC ANY TYPE,Other,MOTOR VEHICLE COLLISION
TB24031338,"08/03/2024, 10:42:21 AM","08/06/2024, 1:07:50 PM",THUNDER BAY,ON,P7C 4T4,500 Block JAMES ST N, TBPS] ASSAULT ACCUSED NOT PRESENT,Assault,ASSAULT
TB24031343,"08/03/2024, 11:16:26 AM","08/06/2024, 1:07:50 PM",THUNDER BAY,ON,P7B 4A1,900 Block MEMORIAL AV, TBPS] B-E BUS/RES/OTH 11-10,Breaking & Entering,B-E BUS/RES/OTH
TB24031354,"08/03/2024, 2:36:00 PM","08/06/2024, 1:07:50 PM",THUNDER BAY,ON,P7C 4Y7,300 Block LILLIE ST N, TBPS] ASSAULT ACCUSED NOT PRESENT,Assault,ASSAULT
TB24031681,"08/06/2024, 12:28:01 AM","08/06/2024, 1:08:27 PM",THUNDER BAY,ON,P7C 3T2,300 Block BRODIE ST N," TBPS] THEFT NOT IN PROGRESS, UNDER 5000",Other Theft,THEFT
TB24031442,"08/04/2024, 6:56:42 AM","08/06/2024, 1:08:28 PM",THUNDER BAY,ON,P7B 2T2,RED RIVER RD AND CUMBERLAND ST N, TBPS] MOTOR VEHICLE COLLISION 11-10 MVC ANY TYPE,Other,MOTOR VEHICLE COLLISION
TB24031692,"08/06/2024, 2:04:13 AM","08/06/2024, 1:08:29 PM",THUNDER BAY,ON,P7B 5K5,1100 Block MEMORIAL AV, TBPS] ROBBERY NO WEAPONS - SUSP STILL IN AREA,Robbery,ROBBERY
TB24031694,"08/06/2024, 2:04:42 AM","08/06/2024, 1:08:29 PM",THUNDER BAY,ON,P7B 6V4,900 Block OLIVER RD," TBPS] THEFT NOT IN PROGRESS, UNDER 5000",Other Theft,THEFT
TB24031700,"08/06/2024, 2:40:19 AM","08/06/2024, 1:08:30 PM",THUNDER BAY,ON,P7C 2K8,200 Block FINLAYSON ST, TBPS] B-E BUS/RES/OTH SUSP PRESENT OR MAY STILL BE IN AREA,Breaking & Entering,B-E BUS/RES/OTH
TB24031703,"08/06/2024, 3:10:06 AM","08/06/2024, 1:08:30 PM",THUNDER BAY,ON,P7E 1R2,200 Block FRANKLIN ST S, TBPS] ASSAULT SUSP PRESENT OR IN AREA,Assault,ASSAULT
TB24031710,"08/06/2024, 3:41:56 AM","08/06/2024, 1:08:31 PM",THUNDER BAY,ON,P7B 5E3,1000 Block DAWSON RD, TBPS] ROBBERY NO WEAPONS - SUSP STILL IN AREA,Robbery,ROBBERY
TB24031721,"08/06/2024, 5:52:56 AM","08/06/2024, 1:08:33 PM",THUNDER BAY,ON,P7C 3H1,SIMPSON ST AND MILES ST E, TBPS] ASSAULT SUSP PRESENT OR IN AREA,Assault,ASSAULT
TB24031732,"08/06/2024, 7:35:13 AM","08/06/2024, 1:08:34 PM",THUNDER BAY,ON,P7B 5J4,1000 Block DAWSON RD, TBPS] TROUBLE WITH YOUTH YOUTHS STILL IN AREA,Quality of Life,TROUBLE WITH YOUTH
TB24031523,"08/04/2024, 10:23:04 PM","08/06/2024, 1:08:42 PM",THUNDER BAY,ON,P7E 6J1,1 Block VALHALLA INN RD, TBPS] B-E BUS/RES/OTH 11-10,Breaking & Entering,B-E BUS/RES/OTH
TB24031530,"08/04/2024, 11:12:56 PM","08/06/2024, 1:08:43 PM",THUNDER BAY,ON,P7B 4K2,100 Block ROCKWOOD AV S, TBPS] ASSAULT ACCUSED NOT PRESENT,Assault,ASSAULT
TB24031580,"08/05/2024, 5:52:51 AM","08/06/2024, 1:08:56 PM",THUNDER BAY,ON,P7E 4N5,100 Block CHRISTINA ST E, TBPS] B-E BUS/RES/OTH SUSP PRESENT OR MAY STILL BE IN AREA,Breaking & Entering,B-E BUS/RES/OTH
TB24031621,"08/05/2024, 3:53:44 PM","08/06/2024, 1:09:10 PM",THUNDER BAY,ON,P7E 5N6,1700 Block ARTHUR ST E, TBPS] STOLEN VEHICLE SUSP NOT IN AREA,Theft of Vehicle,STOLEN VEHICLE
TB24031629,"08/05/2024, 5:37:07 PM","08/06/2024, 1:09:12 PM",THUNDER BAY,ON,P7C 2K7,200 Block FINLAYSON ST," TBPS] MISCHIEF 11-10, MICHIEF UNDER 5000",Other Property Crime,MISCHIEF
TB24031631,"08/05/2024, 5:50:18 PM","08/06/2024, 1:09:12 PM",THUNDER BAY,ON,P7E 5R8,600 Block ARTHUR ST W," TBPS] THEFT NOT IN PROGRESS, FROM MOTOR VEHICLE",Theft from Vehicle,THEFT
TB24031632,"08/05/2024, 6:00:26 PM","08/06/2024, 1:09:13 PM",THUNDER BAY,ON,.,CENTRAL AV AND GOLF LINKS RD, TBPS] MOTOR VEHICLE COLLISION MVC NO INJURIES,Traffic,MOTOR VEHICLE COLLISION
TB24031640,"08/05/2024, 7:49:34 PM","08/06/2024, 1:09:15 PM",THUNDER BAY,ON,P7E 4M7,1300 Block MARY ST W, TBPS] ASSAULT ACCUSED NOT PRESENT,Assault,ASSAULT
TB24031646,"08/05/2024, 8:55:47 PM","08/06/2024, 1:09:17 PM",THUNDER BAY,ON,P7C 2L1,300 Block FINLAYSON ST, TBPS] TRESPASS AT NIGHT SUSP NOT IN AREA - REPORTED AFTER THE FA,Other Property Crime,TRESPASS AT NIGHT
TB24031649,"08/05/2024, 9:22:31 PM","08/06/2024, 1:09:18 PM",THUNDER BAY,ON,P7B 5L6,300 Block MAIN ST," TBPS] THEFT IN PROGRESS, OVER 50000",Other Theft,THEFT
TB24031650,"08/05/2024, 9:31:13 PM","08/06/2024, 1:09:18 PM",THUNDER BAY,ON,P7B 6B9,1000 Block FORT WILLIAM RD," TBPS] THEFT NOT IN PROGRESS, OVER 5000",Other Theft,THEFT
TB24031652,"08/05/2024, 9:53:09 PM","08/06/2024, 1:09:19 PM",THUNDER BAY,ON,P7B 4A2,900 Block MEMORIAL AV, TBPS] LIQUOR LICENCE ACT LIQUOR LICENCE ACT VIOLATION IN PROGRESS,Quality of Life,LIQUOR LICENCE ACT
TB24031656,"08/05/2024, 10:15:49 PM","08/06/2024, 1:09:20 PM",THUNDER BAY,ON,P7B 5L6,300 Block MAIN ST, TBPS] ROBBERY NO WEAPONS - SUSP STILL IN AREA,Robbery,ROBBERY
TB24031907,"08/07/2024, 7:40:41 AM","08/07/2024, 1:03:18 PM",THUNDER BAY,ON,P7B 6P2,200 Block BAY ST, TBPS] ASSAULT SUSP PRESENT OR IN AREA,Assault,ASSAULT
TB24031904,"08/07/2024, 7:02:57 AM","08/07/2024, 1:03:18 PM",THUNDER BAY,ON,.,100 Block PEARL ST," TBPS] MISCHIEF 11-10, MICHIEF UNDER 5000",Other Property Crime,MISCHIEF
TB24031910,"08/07/2024, 8:08:28 AM","08/07/2024, 1:03:18 PM",THUNDER BAY,ON,P7B 6B9,1000 Block FORT WILLIAM RD," TBPS] MISCHIEF IP/SUSP IN AREA, UNDER 5,000",Other Property Crime,MISCHIEF
TB24031857,"08/07/2024, 2:00:46 AM","08/07/2024, 1:03:19 PM",THUNDER BAY,ON,P7B 5V1,DAWSON RD AND STRAND AV, TBPS] ASSAULT SUSP PRESENT OR IN AREA,Assault,ASSAULT
TB24031858,"08/07/2024, 2:04:02 AM","08/07/2024, 1:03:19 PM",THUNDER BAY,ON,P7E 5S2,1100 Block ARTHUR ST W, TBPS] THEFT SUSP STILL PRESENT OR MAY BE IN AREA,Other Theft,THEFT
TB24031860,"08/07/2024, 2:14:21 AM","08/07/2024, 1:03:20 PM",THUNDER BAY,ON,P7B 2T5,1 Block CUMBERLAND ST S, TBPS] LIQUOR LICENCE ACT LIQUOR LICENCE ACT VIOLATION IN PROGRESS,Quality of Life,LIQUOR LICENCE ACT
TB24031825,"08/06/2024, 11:51:48 PM","08/07/2024, 1:03:21 PM",THUNDER BAY,ON,.,RIVER ST AND COURT ST N, TBPS] MOTOR VEHICLE COLLISION 11-10 MVC ANY TYPE,Other,MOTOR VEHICLE COLLISION
TB24031872,"08/07/2024, 3:55:13 AM","08/07/2024, 1:03:21 PM",THUNDER BAY,ON,P7B 6B9,1000 Block FORT WILLIAM RD, TBPS] THEFT SUSP STILL PRESENT OR MAY BE IN AREA,Other Theft,THEFT
TB24031871,"08/07/2024, 3:51:07 AM","08/07/2024, 1:03:21 PM",THUNDER BAY,ON,P7B 6B9,1000 Block FORT WILLIAM RD," TBPS] THEFT NOT IN PROGRESS, UNDER 5000",Other Theft,THEFT
TB24031775,"08/06/2024, 6:22:46 PM","08/07/2024, 1:03:22 PM",THUNDER BAY,ON,P7E 5Y8,400 Block GEORGE ST, TBPS] B-E BUS/RES/OTH 11-10,Breaking & Entering,B-E BUS/RES/OTH
TB24031790,"08/06/2024, 8:35:39 PM","08/07/2024, 1:03:22 PM",THUNDER BAY,ON,P7B 2H6,OLIVER RD AND LANGWORTHY CR, TBPS] MOTOR VEHICLE COLLISION 11-10 MVC ANY TYPE,Other,MOTOR VEHICLE COLLISION
TB24031789,"08/06/2024, 8:24:21 PM","08/07/2024, 1:03:22 PM",THUNDER BAY,ON,P7C 4T5,600 Block JAMES ST N, TBPS] B-E BUS/RES/OTH 11-10,Breaking & Entering,B-E BUS/RES/OTH
TB24031805,"08/06/2024, 9:51:21 PM","08/07/2024, 1:03:22 PM",THUNDER BAY,ON,P7C 5N5,1300 Block CANDY MOUNTAIN DR, TBPS] STOLEN VEHICLE SUSP NOT IN AREA,Theft of Vehicle,STOLEN VEHICLE
TB24031866,"08/07/2024, 3:19:27 AM","08/07/2024, 1:03:22 PM",THUNDER BAY,ON,P7A 1M1,300 Block HALLAM ST, TBPS] DRUG OFFENCES SUSP PRESENT OR MAY STILL BE IN AREA,Quality of Life,DRUG OFFENCES
TB24031747,"08/06/2024, 2:46:44 PM","08/07/2024, 1:03:23 PM",THUNDER BAY,ON,P7C 3L7,800 Block MINNESOTA ST, TBPS] MOTOR VEHICLE COLLISION MVC NO INJURIES,Traffic,MOTOR VEHICLE COLLISION
TB24031751,"08/06/2024, 3:27:39 PM","08/07/2024, 1:03:23 PM",THUNDER BAY,ON,P7A 4B2,200 Block CAMELOT ST, TBPS] ASSAULT SUSP PRESENT OR IN AREA,Assault,ASSAULT
TB24031756,"08/06/2024, 4:14:45 PM","08/07/2024, 1:03:23 PM",THUNDER BAY,ON,P7A 4K8,1000 Block DAWSON RD, TBPS] MOTOR VEHICLE COLLISION 11-10 MVC ANY TYPE,Other,MOTOR VEHICLE COLLISION
TB24031768,"08/06/2024, 5:45:47 PM","08/07/2024, 1:03:23 PM",THUNDER BAY,ON,P7B,PARK AV AND CUMBERLAND ST S, TBPS] MOTOR VEHICLE COLLISION 11-10 MVC ANY TYPE,Other,MOTOR VEHICLE COLLISION
TB24031766,"08/06/2024, 5:40:00 PM","08/07/2024, 1:03:23 PM",THUNDER BAY,ON,P7C 2L4,1000 Block ROSEDALE AV," TBPS] THEFT NOT IN PROGRESS, FROM MOTOR VEHICLE",Theft from Vehicle,THEFT
TB24031773,"08/06/2024, 6:01:46 PM","08/07/2024, 1:03:23 PM",THUNDER BAY,ON,P7A 3R8,500 Block RIVER ST, TBPS] MOTOR VEHICLE COLLISION 11-10 MVC ANY TYPE,Other,MOTOR VEHICLE COLLISION
TB24031786,"08/06/2024, 7:39:24 PM","08/07/2024, 1:03:23 PM",THUNDER BAY,ON,P7E 4Z2,1800 Block MOODIE ST E," TBPS] THEFT NOT IN PROGRESS, UNDER 5000",Other Theft,THEFT
TB24031736,"08/06/2024, 8:13:36 AM","08/07/2024, 1:03:24 PM",THUNDER BAY,ON,P7B 1E5,200 Block PEARL ST," TBPS] MISCHIEF IP/SUSP IN AREA, UNDER 5,000",Other Property Crime,MISCHIEF
TB24031738,"08/06/2024, 9:53:07 AM","08/07/2024, 1:03:24 PM",THUNDER BAY,ON,P7B 2T1,1 Block CUMBERLAND ST S, TBPS] LIQUOR LICENCE ACT LIQUOR LICENCE ACT VIOLATION IN PROGRESS,Quality of Life,LIQUOR LICENCE ACT
TB24031741,"08/06/2024, 10:58:11 AM","08/07/2024, 1:03:24 PM",THUNDER BAY,ON,P7B 5A1,300 Block DUBLIN AV, TBPS] TROUBLE WITH YOUTH YOUTHS STILL IN AREA,Quality of Life,TROUBLE WITH YOUTH
TB24031743,"08/06/2024, 11:35:03 AM","08/07/2024, 1:03:24 PM",THUNDER BAY,ON,P7B,HARBOUR EXPRESSWAY AND THUNDER BAY EXPRESSWAY, TBPS] MOTOR VEHICLE COLLISION MVC NO INJURIES,Traffic,MOTOR VEHICLE COLLISION
TB24031750,"08/06/2024, 3:14:27 PM","08/07/2024, 1:03:24 PM",THUNDER BAY,ON,P7C 3Z3,300 Block MCKELLAR ST N," TBPS] THEFT NOT IN PROGRESS, FROM MOTOR VEHICLE",Theft from Vehicle,THEFT
TB24031753,"08/06/2024, 3:46:10 PM","08/07/2024, 1:03:24 PM",THUNDER BAY,ON,P7E 1K6,300 Block CATHERINE ST," TBPS] THEFT NOT IN PROGRESS, UNDER 5000",Other Theft,THEFT
TB24031754,"08/06/2024, 3:53:28 PM","08/07/2024, 1:03:24 PM",THUNDER BAY,ON,P7E 5S6,ARTHUR ST E AND SELKIRK ST S, TBPS] MOTOR VEHICLE COLLISION MVC NO INJURIES,Traffic,MOTOR VEHICLE COLLISION
TB24031755,"08/06/2024, 4:10:47 PM","08/07/2024, 1:03:24 PM",THUNDER BAY,ON,P7E 5N3,1300 Block ARTHUR ST E, TBPS] MOTOR VEHICLE COLLISION 11-10 MVC ANY TYPE,Other,MOTOR VEHICLE COLLISION
TB24031757,"08/06/2024, 4:19:12 PM","08/07/2024, 1:03:24 PM",THUNDER BAY,ON,P7B 5E1,900 Block OLIVER RD, TBPS] MOTOR VEHICLE COLLISION 11-10 MVC ANY TYPE,Other,MOTOR VEHICLE COLLISION
TB24031764,"08/06/2024, 5:24:24 PM","08/07/2024, 1:03:24 PM",THUNDER BAY,ON,P7B,CENTRAL AV AND MEMORIAL AV, TBPS] MOTOR VEHICLE COLLISION 11-10 MVC ANY TYPE,Other,MOTOR VEHICLE COLLISION
TB24032044,"08/07/2024, 11:04:22 PM","08/08/2024, 1:06:35 PM",THUNDER BAY,ON,P7B 5L6,300 Block MAIN ST," TBPS] THEFT NOT IN PROGRESS, UNDER 5000",Other Theft,THEFT
TB24032047,"08/07/2024, 11:10:04 PM","08/08/2024, 1:06:35 PM",THUNDER BAY,ON,P7B 3A6,900 Block FORT WILLIAM RD, TBPS] ASSAULT SUSP PRESENT OR IN AREA,Assault,ASSAULT
TB24032084,"08/08/2024, 2:45:59 AM","08/08/2024, 1:06:35 PM",THUNDER BAY,ON,P7B 1K4,900 Block RED RIVER RD," TBPS] THEFT NOT IN PROGRESS, UNDER 5000",Other Theft,THEFT
TB24032087,"08/08/2024, 3:02:41 AM","08/08/2024, 1:06:35 PM",THUNDER BAY,ON,P7C 4B1,300 Block VICKERS ST N," TBPS] THEFT NOT IN PROGRESS, UNDER 5000",Other Theft,THEFT
TB24032098,"08/08/2024, 4:18:32 AM","08/08/2024, 1:06:35 PM",THUNDER BAY,ON,P7C 2P3,100 Block ROWAND ST, TBPS] ASSAULT SUSP PRESENT OR IN AREA,Assault,ASSAULT
TB24032015,"08/07/2024, 8:31:13 PM","08/08/2024, 1:06:36 PM",THUNDER BAY,ON,P7E 5S2,1100 Block ARTHUR ST W, TBPS] MOTOR VEHICLE COLLISION MVC NO INJURIES,Traffic,MOTOR VEHICLE COLLISION
TB24032030,"08/07/2024, 10:05:31 PM","08/08/2024, 1:06:36 PM",THUNDER BAY,ON,P7B 1E3,200 Block PEARL ST," TBPS] THEFT NOT IN PROGRESS, UNDER 5000",Other Theft,THEFT
TB24032025,"08/07/2024, 9:33:10 PM","08/08/2024, 1:06:36 PM",THUNDER BAY,ON,P7B 3Z8,700 Block MEMORIAL AV," TBPS] THEFT NOT IN PROGRESS, UNDER 5000",Other Theft,THEFT
TB24032038,"08/07/2024, 10:45:43 PM","08/08/2024, 1:06:36 PM",THUNDER BAY,ON,P7B 5L6,300 Block MAIN ST, TBPS] THEFT SUSP STILL PRESENT OR MAY BE IN AREA,Other Theft,THEFT
TB24032033,"08/07/2024, 10:13:45 PM","08/08/2024, 1:06:36 PM",THUNDER BAY,ON,P7A 4T8,1 Block COURT ST N, TBPS] THEFT SUSP STILL PRESENT OR MAY BE IN AREA,Other Theft,THEFT
TB24032043,"08/07/2024, 11:03:32 PM","08/08/2024, 1:06:36 PM",THUNDER BAY,ON,P7B 5L6,300 Block MAIN ST," TBPS] THEFT NOT IN PROGRESS, UNDER 5000",Other Theft,THEFT
TB24032060,"08/07/2024, 11:51:06 PM","08/08/2024, 1:06:36 PM",THUNDER BAY,ON,P7B 5L4,PEARL ST AND CUMBERLAND ST S, TBPS] MOTOR VEHICLE COLLISION MVC NO INJURIES,Traffic,MOTOR VEHICLE COLLISION
TB24032053,"08/07/2024, 11:28:06 PM","08/08/2024, 1:06:36 PM",THUNDER BAY,ON,P7B 3Z7,800 Block MEMORIAL AV," TBPS] MISCHIEF 11-10, MICHIEF UNDER 5000",Other Property Crime,MISCHIEF
TB24032050,"08/07/2024, 11:22:53 PM","08/08/2024, 1:06:36 PM",THUNDER BAY,ON,.,RIVER ST AND HILL ST N, TBPS] MOTOR VEHICLE COLLISION MVC - AMB ENR - DUAL RESP,Other,MOTOR VEHICLE COLLISION
TB24032004,"08/07/2024, 7:41:47 PM","08/08/2024, 1:06:37 PM",THUNDER BAY,ON,P7B 1V6,200 Block WINDSOR ST, TBPS] ASSAULT ACCUSED NOT PRESENT,Assault,ASSAULT
TB24032008,"08/07/2024, 8:17:14 PM","08/08/2024, 1:06:37 PM",THUNDER BAY,ON,P7B 3W5,1 Block RUPERT ST, TBPS] MOTOR VEHICLE COLLISION 11-10 MVC ANY TYPE,Other,MOTOR VEHICLE COLLISION
TB24032012,"08/07/2024, 8:23:08 PM","08/08/2024, 1:06:37 PM",THUNDER BAY,ON,P7B 6B9,1000 Block FORT WILLIAM RD, TBPS] ASSAULT SUSP PRESENT OR IN AREA,Assault,ASSAULT
TB24032013,"08/07/2024, 8:24:05 PM","08/08/2024, 1:06:37 PM",THUNDER BAY,ON,P7B 6B9,1000 Block FORT WILLIAM RD, TBPS] ASSAULT SUSP PRESENT OR IN AREA,Assault,ASSAULT
TB24032023,"08/07/2024, 9:30:44 PM","08/08/2024, 1:06:37 PM",THUNDER BAY,ON,P7B 3Y2,JOHN ST AND SECORD ST, TBPS] MOTOR VEHICLE COLLISION MVC - AMB ENR - DUAL RESP,Other,MOTOR VEHICLE COLLISION
TB24031972,"08/07/2024, 5:41:32 PM","08/08/2024, 1:06:38 PM",THUNDER BAY,ON,P7B 1K1,RED RIVER RD AND CLARKSON ST N, TBPS] MOTOR VEHICLE COLLISION 11-10 MVC ANY TYPE,Other,MOTOR VEHICLE COLLISION
TB24031980,"08/07/2024, 5:59:11 PM","08/08/2024, 1:06:38 PM",THUNDER BAY,ON,P7B 2G1,OLIVER RD AND HIGH ST S, TBPS] MOTOR VEHICLE COLLISION 11-10 MVC ANY TYPE,Other,MOTOR VEHICLE COLLISION
TB24032001,"08/07/2024, 7:33:02 PM","08/08/2024, 1:06:38 PM",THUNDER BAY,ON,P7E 6L4,ARTHUR ST W AND SIFTON AV, TBPS] MOTOR VEHICLE COLLISION 11-10 MVC ANY TYPE,Other,MOTOR VEHICLE COLLISION
TB24032002,"08/07/2024, 7:35:40 PM","08/08/2024, 1:06:38 PM",THUNDER BAY,ON,P7B 1L4,200 Block AMBROSE ST, TBPS] ASSAULT SUSP PRESENT OR IN AREA,Assault,ASSAULT
TB24032022,"08/07/2024, 9:18:59 PM","08/08/2024, 1:06:38 PM",THUNDER BAY,ON,P7E 4A2,100 Block AMELIA ST W, TBPS] B-E BUS/RES/OTH 11-10,Breaking & Entering,B-E BUS/RES/OTH
TB24031944,"08/07/2024, 2:57:55 PM","08/08/2024, 1:06:39 PM",THUNDER BAY,ON,P7E 3W5,400 Block FREDERICA ST W, TBPS] MOTOR VEHICLE COLLISION MVC NO INJURIES,Traffic,MOTOR VEHICLE COLLISION
TB24031949,"08/07/2024, 3:31:51 PM","08/08/2024, 1:06:39 PM",THUNDER BAY,ON,P7B 3A6,900 Block FORT WILLIAM RD, TBPS] MOTOR VEHICLE COLLISION 11-10 MVC ANY TYPE,Other,MOTOR VEHICLE COLLISION
TB24031948,"08/07/2024, 3:25:19 PM","08/08/2024, 1:06:39 PM",THUNDER BAY,ON,P7B 5L6,300 Block MAIN ST, TBPS] MOTOR VEHICLE COLLISION 11-10 MVC ANY TYPE,Other,MOTOR VEHICLE COLLISION
TB24031965,"08/07/2024, 5:25:56 PM","08/08/2024, 1:06:39 PM",THUNDER BAY,ON,P7B 3Z8,800 Block MEMORIAL AV, TBPS] MOTOR VEHICLE COLLISION 11-10 MVC ANY TYPE,Other,MOTOR VEHICLE COLLISION
TB24031939,"08/07/2024, 2:19:59 PM","08/08/2024, 1:06:40 PM",THUNDER BAY,ON,P7B 2V8,1 Block JOHNSON AV, TBPS] LIQUOR LICENCE ACT LIQUOR LICENCE ACT VIOLATION IN PROGRESS,Quality of Life,LIQUOR LICENCE ACT
TB24031946,"08/07/2024, 3:18:58 PM","08/08/2024, 1:06:40 PM",THUNDER BAY,ON,P7E 2H9,1100 Block EDWARD ST S, TBPS] MOTOR VEHICLE COLLISION 11-10 MVC ANY TYPE,Other,MOTOR VEHICLE COLLISION
TB24031945,"08/07/2024, 3:13:07 PM","08/08/2024, 1:06:40 PM",THUNDER BAY,ON,P7B 3Z7,700 Block MEMORIAL AV, TBPS] MOTOR VEHICLE COLLISION 11-10 MVC ANY TYPE,Other,MOTOR VEHICLE COLLISION
TB24031950,"08/07/2024, 3:39:14 PM","08/08/2024, 1:06:40 PM",THUNDER BAY,ON,P7B 5W3,700 Block CENTRAL AV, TBPS] MOTOR VEHICLE COLLISION 11-10 MVC ANY TYPE,Other,MOTOR VEHICLE COLLISION
TB24031879,"08/07/2024, 4:49:12 AM","08/08/2024, 1:06:41 PM",THUNDER BAY,ON,P7A 4N4,200 Block CUMBERLAND ST N, TBPS] B-E BUS/RES/OTH 11-10,Breaking & Entering,B-E BUS/RES/OTH
TB24031916,"08/07/2024, 9:01:09 AM","08/08/2024, 1:06:41 PM",THUNDER BAY,ON,P7A 7P6,300 Block PRESCOTT CR, TBPS] LIQUOR LICENCE ACT LIQUOR LICENCE ACT VIOLATION IN PROGRESS,Quality of Life,LIQUOR LICENCE ACT
TB24031930,"08/07/2024, 11:58:38 AM","08/08/2024, 1:06:41 PM",THUNDER BAY,ON,P7C 2W4,900 Block NORTHERN AV, TBPS] ASSAULT SUSP PRESENT OR IN AREA,Assault,ASSAULT
TB24031900,"08/07/2024, 6:29:52 AM","08/08/2024, 1:06:42 PM",THUNDER BAY,ON,P7B 1S3,300 Block BAY ST, TBPS] MOTOR VEHICLE COLLISION MVC NO INJURIES,Traffic,MOTOR VEHICLE COLLISION
TB24032220,"08/08/2024, 11:36:24 PM","08/09/2024, 1:03:48 PM",THUNDER BAY,ON,P7C 3X2,500 Block SYNDICATE AV N, TBPS] B-E BUS/RES/OTH 11-10,Breaking & Entering,B-E BUS/RES/OTH
TB24032228,"08/09/2024, 12:00:00 AM","08/09/2024, 1:03:49 PM",THUNDER BAY,ON,P7B 3A6,900 Block FORT WILLIAM RD, TBPS] ASSAULT ACCUSED PRESENT,Assault,ASSAULT
TB24032232,"08/09/2024, 12:30:33 AM","08/09/2024, 1:03:49 PM",THUNDER BAY,ON,P7C 3J7,600 Block SIMPSON ST, TBPS] DRUG OFFENCES SUSP PRESENT OR MAY STILL BE IN AREA,Quality of Life,DRUG OFFENCES
TB24032237,"08/09/2024, 1:02:58 AM","08/09/2024, 1:03:50 PM",THUNDER BAY,ON,P7E 1K4,100 Block HAROLD ST S, TBPS] DRUG OFFENCES SUSP PRESENT OR MAY STILL BE IN AREA,Quality of Life,DRUG OFFENCES
TB24032238,"08/09/2024, 1:09:23 AM","08/09/2024, 1:03:50 PM",THUNDER BAY,ON,P7A 4L8,1 Block CUMBERLAND ST N, TBPS] LIQUOR LICENCE ACT LIQUOR LICENCE ACT VIOLATION IN PROGRESS,Quality of Life,LIQUOR LICENCE ACT
TB24032242,"08/09/2024, 1:21:48 AM","08/09/2024, 1:03:50 PM",THUNDER BAY,ON,P7C 5M9,MUD LAKE RD AND POLE LINE RD, TBPS] MOTOR VEHICLE COLLISION MVC NO INJURIES,Traffic,MOTOR VEHICLE COLLISION
TB24032263,"08/09/2024, 3:10:18 AM","08/09/2024, 1:03:53 PM",THUNDER BAY,ON,P7E 5V7,1100 Block LINCOLN ST, TBPS] DRUG OFFENCES SUSP PRESENT OR MAY STILL BE IN AREA,Quality of Life,DRUG OFFENCES
TB24032273,"08/09/2024, 4:40:21 AM","08/09/2024, 1:03:54 PM",THUNDER BAY,ON,P7E 2W6,1500 Block EUCLID AV," TBPS] ASSAULT JUST OCCURRED, ACCUSED NOT PRESENT",Assault,ASSAULT
TB24032274,"08/09/2024, 4:47:08 AM","08/09/2024, 1:03:54 PM",THUNDER BAY,ON,P7E 5V3,500 Block DONALD ST E, TBPS] ASSAULT SUSP PRESENT OR IN AREA,Assault,ASSAULT
TB24032275,"08/09/2024, 4:57:29 AM","08/09/2024, 1:03:54 PM",THUNDER BAY,ON,P7B 6V1,900 Block WILLIAM ST, TBPS] ASSAULT ACCUSED NOT PRESENT,Assault,ASSAULT
TB24032277,"08/09/2024, 5:32:44 AM","08/09/2024, 1:03:55 PM",THUNDER BAY,ON,P7B 6S2,700 Block MEMORIAL AV, TBPS] THEFT SUSP STILL PRESENT OR MAY BE IN AREA,Other Theft,THEFT
TB24032037,"08/07/2024, 10:30:27 PM","08/09/2024, 1:03:57 PM",THUNDER BAY,ON,P7A 2V7,300 Block OTTO ST, TBPS] MOTOR VEHICLE COLLISION 11-10 MVC ANY TYPE,Other,MOTOR VEHICLE COLLISION
TB24032102,"08/08/2024, 5:27:20 AM","08/09/2024, 1:04:09 PM",THUNDER BAY,ON,P7C 2V7,400 Block NORTHERN AV, TBPS] ASSAULT ACCUSED NOT PRESENT,Assault,ASSAULT
TB24032119,"08/08/2024, 9:54:54 AM","08/09/2024, 1:04:13 PM",THUNDER BAY,ON,P7A 4K8,1 Block CUMBERLAND ST N, TBPS] LIQUOR LICENCE ACT LIQUOR LICENCE ACT VIOLATION IN PROGRESS,Quality of Life,LIQUOR LICENCE ACT
TB24032123,"08/08/2024, 10:24:03 AM","08/09/2024, 1:04:14 PM",THUNDER BAY,ON,P7C 1B4,VICTORIA AV E AND MCKELLAR ST N, TBPS] LIQUOR LICENCE ACT LIQUOR LICENCE ACT VIOLATION IN PROGRESS,Quality of Life,LIQUOR LICENCE ACT
TB24032134,"08/08/2024, 2:07:00 PM","08/09/2024, 1:04:15 PM",THUNDER BAY,ON,P7C 5T8,900 Block SIMPSON ST, TBPS] THEFT SUSP STILL PRESENT OR MAY BE IN AREA,Other Theft,THEFT
TB24032138,"08/08/2024, 2:55:57 PM","08/09/2024, 1:04:16 PM",THUNDER BAY,ON,P7G 1H8,1400 Block DAWSON RD, TBPS] MOTOR VEHICLE COLLISION MVC - AMB ENR - DUAL RESP,Other,MOTOR VEHICLE COLLISION
TB24032140,"08/08/2024, 3:14:15 PM","08/09/2024, 1:04:16 PM",THUNDER BAY,ON,P7E 1B5,200 Block MAY ST S, TBPS] LIQUOR LICENCE ACT LIQUOR LICENCE ACT VIOLATION IN PROGRESS,Quality of Life,LIQUOR LICENCE ACT
TB24031962,"08/07/2024, 5:14:27 PM","08/09/2024, 1:04:17 PM",THUNDER BAY,ON,P7E 5S2,1100 Block ARTHUR ST W, TBPS] MOTOR VEHICLE COLLISION 11-10 MVC ANY TYPE,Other,MOTOR VEHICLE COLLISION
TB24032142,"08/08/2024, 3:25:55 PM","08/09/2024, 1:04:17 PM",THUNDER BAY,ON,P7A,500 Block RIVER ST, TBPS] MOTOR VEHICLE COLLISION 11-10 MVC ANY TYPE,Other,MOTOR VEHICLE COLLISION
TB24032145,"08/08/2024, 3:37:18 PM","08/09/2024, 1:04:17 PM",THUNDER BAY,ON,P7B 4A1,900 Block MEMORIAL AV, TBPS] MOTOR VEHICLE COLLISION 11-10 MVC ANY TYPE,Other,MOTOR VEHICLE COLLISION
TB24032146,"08/08/2024, 3:45:34 PM","08/09/2024, 1:04:18 PM",THUNDER BAY,ON,P7E 5R5,500 Block ARTHUR ST W, TBPS] MOTOR VEHICLE COLLISION 11-10 MVC ANY TYPE,Other,MOTOR VEHICLE COLLISION
TB24032149,"08/08/2024, 4:08:18 PM","08/09/2024, 1:04:19 PM",THUNDER BAY,ON,P7A 4P8,300 Block CUMBERLAND ST N, TBPS] MOTOR VEHICLE COLLISION 11-10 MVC ANY TYPE,Other,MOTOR VEHICLE COLLISION
TB24032150,"08/08/2024, 4:17:15 PM","08/09/2024, 1:04:19 PM",THUNDER BAY,ON,P7B 1H3,500 Block RED RIVER RD, TBPS] MOTOR VEHICLE COLLISION 11-10 MVC ANY TYPE,Other,MOTOR VEHICLE COLLISION
TB24032157,"08/08/2024, 5:22:18 PM","08/09/2024, 1:04:21 PM",THUNDER BAY,ON,P7E 5L7,2200 Block BEGIN ST E," TBPS] MISCHIEF 11-10, MICHIEF UNDER 5000",Other Property Crime,MISCHIEF
TB24032159,"08/08/2024, 5:46:46 PM","08/09/2024, 1:04:21 PM",THUNDER BAY,ON,P7C 2V6,400 Block NORTHERN AV, TBPS] MOTOR VEHICLE COLLISION 11-10 MVC ANY TYPE,Other,MOTOR VEHICLE COLLISION
TB24032171,"08/08/2024, 7:07:19 PM","08/09/2024, 1:04:23 PM",THUNDER BAY,ON,P7C 3K3,800 Block SIMPSON ST, TBPS] B-E BUS/RES/OTH 11-10,Breaking & Entering,B-E BUS/RES/OTH
TB24032174,"08/08/2024, 7:22:11 PM","08/09/2024, 1:04:24 PM",THUNDER BAY,ON,P7K 1E2,4000 Block GARDEN AV," TBPS] THEFT NOT IN PROGRESS, UNDER 5000",Other Theft,THEFT
TB24032182,"08/08/2024, 7:54:41 PM","08/09/2024, 1:04:26 PM",THUNDER BAY,ON,P7B 2G6,OLIVER RD AND RUPERT ST, TBPS] MOTOR VEHICLE COLLISION MVC - AMB ENR - DUAL RESP,Other,MOTOR VEHICLE COLLISION
TB24032186,"08/08/2024, 8:24:10 PM","08/09/2024, 1:04:26 PM",THUNDER BAY,ON,P7B 5Z6,900 Block TUNGSTEN ST, TBPS] B-E BUS/RES/OTH 11-10,Breaking & Entering,B-E BUS/RES/OTH
TB24032188,"08/08/2024, 8:29:44 PM","08/09/2024, 1:04:26 PM",THUNDER BAY,ON,P7B 6B9,1000 Block FORT WILLIAM RD, TBPS] MOTOR VEHICLE COLLISION 11-10 MVC ANY TYPE,Other,MOTOR VEHICLE COLLISION
TB24032191,"08/08/2024, 8:36:09 PM","08/09/2024, 1:04:27 PM",THUNDER BAY,ON,P7B,HARBOUR EXPRESSWAY AND BALMORAL ST, TBPS] MOTOR VEHICLE COLLISION MVC NO INJURIES,Traffic,MOTOR VEHICLE COLLISION
TB24032192,"08/08/2024, 8:45:30 PM","08/09/2024, 1:04:27 PM",THUNDER BAY,ON,P7B 6B9,1000 Block FORT WILLIAM RD," TBPS] THEFT NOT IN PROGRESS, UNDER 5000",Other Theft,THEFT
TB24032193,"08/08/2024, 8:47:45 PM","08/09/2024, 1:04:27 PM",THUNDER BAY,ON,P7G 2G1,DAWSON RD AND WILLOW PARK DR, TBPS] MOTOR VEHICLE COLLISION 11-10 MVC ANY TYPE,Other,MOTOR VEHICLE COLLISION
TB24032194,"08/08/2024, 9:03:50 PM","08/09/2024, 1:04:27 PM",THUNDER BAY,ON,P7E 2A6,600 Block KINGSWAY, TBPS] MOTOR VEHICLE COLLISION 11-10 MVC ANY TYPE,Other,MOTOR VEHICLE COLLISION
TB24032196,"08/08/2024, 9:13:30 PM","08/09/2024, 1:04:27 PM",THUNDER BAY,ON,P7A 4P8,300 Block CUMBERLAND ST N, TBPS] MOTOR VEHICLE COLLISION 11-10 MVC ANY TYPE,Other,MOTOR VEHICLE COLLISION
TB24032198,"08/08/2024, 9:24:50 PM","08/09/2024, 1:04:27 PM",THUNDER BAY,ON,P7E 1C9,DONALD ST E AND SYNDICATE AV S, TBPS] DRUG OFFENCES SUSP PRESENT OR MAY STILL BE IN AREA,Quality of Life,DRUG OFFENCES
TB24032201,"08/08/2024, 9:31:01 PM","08/09/2024, 1:04:28 PM",THUNDER BAY,ON,P7A,RIVER ST AND MADELINE ST, TBPS] MOTOR VEHICLE COLLISION 11-10 MVC ANY TYPE,Other,MOTOR VEHICLE COLLISION
TB24032202,"08/08/2024, 9:48:45 PM","08/09/2024, 1:04:28 PM",THUNDER BAY,ON,P7A 4K8,1000 Block DAWSON RD, TBPS] ASSAULT SUSP PRESENT OR IN AREA,Assault,ASSAULT
TB24032441,"08/10/2024, 3:01:24 AM","08/10/2024, 1:08:38 PM",THUNDER BAY,ON,J4Y 0B5,400 Block LYON BLVD W, TBPS] ASSAULT ACCUSED NOT PRESENT,Assault,ASSAULT
TB24032447,"08/10/2024, 3:45:54 AM","08/10/2024, 1:08:38 PM",THUNDER BAY,ON,P7E 5P7,100 Block ARTHUR ST W, TBPS] ASSAULT SUSP PRESENT OR IN AREA,Assault,ASSAULT
TB24032417,"08/09/2024, 11:12:25 PM","08/10/2024, 1:08:39 PM",THUNDER BAY,ON,P7B 5L6,300 Block MAIN ST, TBPS] THEFT SUSP STILL PRESENT OR MAY BE IN AREA,Other Theft,THEFT
TB24032425,"08/10/2024, 12:22:11 AM","08/10/2024, 1:08:39 PM",THUNDER BAY,ON,P7C 1B9,1200 Block VICTORIA AV E," TBPS] THEFT NOT IN PROGRESS, UNDER 5000",Other Theft,THEFT
TB24032450,"08/10/2024, 4:24:30 AM","08/10/2024, 1:08:39 PM",THUNDER BAY,ON,P7A 2Y7,1 Block SHUNIAH ST," TBPS] ASSAULT JUST OCCURRED, ACCUSED NOT PRESENT",Assault,ASSAULT
TB24032452,"08/10/2024, 4:54:18 AM","08/10/2024, 1:08:39 PM",THUNDER BAY,ON,P7E 5Y8,400 Block GEORGE ST, TBPS] ASSAULT SUSP PRESENT OR IN AREA,Assault,ASSAULT
TB24032367,"08/09/2024, 6:54:40 PM","08/10/2024, 1:08:40 PM",THUNDER BAY,ON,P7B,BALMORAL ST AND HARBOUR EXPRESSWAY, TBPS] MOTOR VEHICLE COLLISION MVC NO INJURIES,Traffic,MOTOR VEHICLE COLLISION
TB24032383,"08/09/2024, 8:11:34 PM","08/10/2024, 1:08:40 PM",THUNDER BAY,ON,P7B 6E8,SOUTH WATER ST AND PEARL ST, TBPS] MOTOR VEHICLE COLLISION 11-10 MVC ANY TYPE,Other,MOTOR VEHICLE COLLISION
TB24032384,"08/09/2024, 8:13:35 PM","08/10/2024, 1:08:40 PM",THUNDER BAY,ON,P7B 5L6,300 Block MAIN ST, TBPS] THEFT SUSP STILL PRESENT OR MAY BE IN AREA,Other Theft,THEFT
TB24032390,"08/09/2024, 8:42:01 PM","08/10/2024, 1:08:40 PM",THUNDER BAY,ON,P7B 1E5,200 Block PEARL ST, TBPS] ASSAULT SUSP PRESENT OR IN AREA,Assault,ASSAULT
TB24032392,"08/09/2024, 8:50:43 PM","08/10/2024, 1:08:40 PM",THUNDER BAY,ON,P7B 6Z8,600 Block SIBLEY DR," TBPS] THEFT NOT IN PROGRESS, UNDER 5000",Other Theft,THEFT
TB24032395,"08/09/2024, 9:27:56 PM","08/10/2024, 1:08:40 PM",THUNDER BAY,ON,P7E 1E3,SYNDICATE AV S AND ARTHUR ST E, TBPS] ASSAULT SUSP PRESENT OR IN AREA,Assault,ASSAULT
TB24032436,"08/10/2024, 2:34:02 AM","08/10/2024, 1:08:40 PM",THUNDER BAY,ON,P7B 2X6,100 Block COURT ST S," TBPS] MISCHIEF IP/SUSP IN AREA, UNDER 5,000",Other Property Crime,MISCHIEF
TB24032358,"08/09/2024, 6:07:05 PM","08/10/2024, 1:08:41 PM",THUNDER BAY,ON,P7B 5K5,1100 Block MEMORIAL AV, TBPS] LIQUOR LICENCE ACT LIQUOR LICENCE ACT VIOLATION IN PROGRESS,Quality of Life,LIQUOR LICENCE ACT
TB24032375,"08/09/2024, 7:44:41 PM","08/10/2024, 1:08:41 PM",THUNDER BAY,ON,P7B,HARBOUR EXPRESSWAY AND BALMORAL ST, TBPS] MOTOR VEHICLE COLLISION 11-10 MVC ANY TYPE,Other,MOTOR VEHICLE COLLISION
TB24032376,"08/09/2024, 7:48:54 PM","08/10/2024, 1:08:41 PM",THUNDER BAY,ON,P7B 5L6,300 Block MAIN ST, TBPS] MOTOR VEHICLE COLLISION 11-10 MVC ANY TYPE,Other,MOTOR VEHICLE COLLISION
TB24032388,"08/09/2024, 8:37:00 PM","08/10/2024, 1:08:41 PM",THUNDER BAY,ON,P7B 3Y2,SECORD ST AND JOHN ST, TBPS] MOTOR VEHICLE COLLISION 11-10 MVC ANY TYPE,Other,MOTOR VEHICLE COLLISION
TB24032391,"08/09/2024, 8:44:51 PM","08/10/2024, 1:08:41 PM",THUNDER BAY,ON,P7A 4M9,100 Block CUMBERLAND ST N, TBPS] LIQUOR LICENCE ACT LIQUOR LICENCE ACT VIOLATION IN PROGRESS,Quality of Life,LIQUOR LICENCE ACT
TB24032318,"08/09/2024, 1:17:34 PM","08/10/2024, 1:08:42 PM",THUNDER BAY,ON,P7C 1B6,1000 Block VICTORIA AV E," TBPS] MISCHIEF 11-10, MICHIEF UNDER 5000",Other Property Crime,MISCHIEF
TB24032324,"08/09/2024, 3:12:28 PM","08/10/2024, 1:08:42 PM",THUNDER BAY,ON,P7E 5R7,500 Block ARTHUR ST W, TBPS] MOTOR VEHICLE COLLISION 11-10 MVC ANY TYPE,Other,MOTOR VEHICLE COLLISION
TB24032333,"08/09/2024, 3:47:48 PM","08/10/2024, 1:08:42 PM",THUNDER BAY,ON,P7J 1J7,2400 Block CITY RD, TBPS] B-E BUS/RES/OTH 11-10,Breaking & Entering,B-E BUS/RES/OTH
TB24032337,"08/09/2024, 4:18:31 PM","08/10/2024, 1:08:42 PM",THUNDER BAY,ON,P7B 3A6,900 Block FORT WILLIAM RD, TBPS] MOTOR VEHICLE COLLISION 11-10 MVC ANY TYPE,Other,MOTOR VEHICLE COLLISION
TB24032340,"08/09/2024, 4:27:33 PM","08/10/2024, 1:08:42 PM",THUNDER BAY,ON,P7E 1R3,300 Block FRANKLIN ST S," TBPS] MISCHIEF 11-10, MICHIEF UNDER 5000",Other Property Crime,MISCHIEF
TB24032345,"08/09/2024, 4:58:08 PM","08/10/2024, 1:08:42 PM",THUNDER BAY,ON,P7B 5R1,1100 Block WATERFORD ST, TBPS] STOLEN VEHICLE SUSP NOT IN AREA,Theft of Vehicle,STOLEN VEHICLE
TB24032351,"08/09/2024, 5:28:27 PM","08/10/2024, 1:08:42 PM",THUNDER BAY,ON,P7E 5V3,500 Block DONALD ST E, TBPS] DRUG OFFENCES SUSP PRESENT OR MAY STILL BE IN AREA,Quality of Life,DRUG OFFENCES
TB24032300,"08/09/2024, 9:40:42 AM","08/10/2024, 1:08:43 PM",THUNDER BAY,ON,P7B 3Z5,600 Block MEMORIAL AV, TBPS] MOTOR VEHICLE COLLISION MVC NO INJURIES,Traffic,MOTOR VEHICLE COLLISION
TB24032305,"08/09/2024, 9:56:12 AM","08/10/2024, 1:08:43 PM",THUNDER BAY,ON,P7B 5K5,1100 Block MEMORIAL AV," TBPS] ASSAULT JUST OCCURRED, ACCUSED NOT PRESENT",Assault,ASSAULT
TB24032319,"08/09/2024, 2:28:36 PM","08/10/2024, 1:08:43 PM",THUNDER BAY,ON,P7E 1M6,500 Block MARKS ST S," TBPS] MISCHIEF 11-10, MICHIEF UNDER 5000",Other Property Crime,MISCHIEF
TB24032328,"08/09/2024, 3:28:51 PM","08/10/2024, 1:08:43 PM",THUNDER BAY,ON,P7A,HUDSON AV AND HURON AV, TBPS] MOTOR VEHICLE COLLISION 11-10 MVC ANY TYPE,Other,MOTOR VEHICLE COLLISION
TB24032341,"08/09/2024, 4:40:43 PM","08/10/2024, 1:08:43 PM",THUNDER BAY,ON,P7A 5A1,100 Block ALGOMA ST N, TBPS] MISCHIEF NIP GRAFFITTI,Other Property Crime,MISCHIEF
TB24032634,"08/11/2024, 6:48:05 AM","08/11/2024, 1:05:36 PM",THUNDER BAY,ON,P7E 5A4,200 Block MOODIE ST W, TBPS] B-E BUS/RES/OTH SUSP PRESENT OR MAY STILL BE IN AREA,Breaking & Entering,B-E BUS/RES/OTH
TB24032624,"08/11/2024, 5:54:00 AM","08/11/2024, 1:05:36 PM",THUNDER BAY,ON,P7B 5J4,1000 Block DAWSON RD," TBPS] MISCHIEF 11-10, MICHIEF UNDER 5000",Other Property Crime,MISCHIEF
TB24032615,"08/11/2024, 4:32:04 AM","08/11/2024, 1:05:36 PM",THUNDER BAY,ON,P7A 8C5,500 Block ALGOMA ST N, TBPS] TROUBLE WITH YOUTH YOUTHS STILL IN AREA,Quality of Life,TROUBLE WITH YOUTH
TB24032579,"08/10/2024, 11:31:00 PM","08/11/2024, 1:05:37 PM",THUNDER BAY,ON,P7E 5R5,500 Block ARTHUR ST W," TBPS] THEFT NOT IN PROGRESS, UNDER 5000",Other Theft,THEFT
TB24032594,"08/11/2024, 1:50:48 AM","08/11/2024, 1:05:37 PM",THUNDER BAY,ON,P7E 1A8,100 Block MAY ST S, TBPS] THEFT SUSP STILL PRESENT OR MAY BE IN AREA,Other Theft,THEFT
TB24032590,"08/11/2024, 12:58:48 AM","08/11/2024, 1:05:37 PM",THUNDER BAY,ON,P7B 6B9,1000 Block FORT WILLIAM RD, TBPS] ASSAULT SUSP PRESENT OR IN AREA,Assault,ASSAULT
TB24032596,"08/11/2024, 2:01:40 AM","08/11/2024, 1:05:37 PM",THUNDER BAY,ON,P7B 6V4,900 Block OLIVER RD, TBPS] ASSAULT ACCUSED NOT PRESENT,Assault,ASSAULT
TB24032606,"08/11/2024, 3:16:17 AM","08/11/2024, 1:05:37 PM",THUNDER BAY,ON,P7E 5Y8,400 Block GEORGE ST, TBPS] ARSON SUSP MAY BE PRESENT OR IN AREA,Property Crime,ARSON
TB24032611,"08/11/2024, 4:22:49 AM","08/11/2024, 1:05:37 PM",THUNDER BAY,ON,P7B 7A4,1100 Block OLIVER RD, TBPS] LIQUOR LICENCE ACT LIQUOR LICENCE ACT VIOLATION IN PROGRESS,Quality of Life,LIQUOR LICENCE ACT
TB24032554,"08/10/2024, 7:59:16 PM","08/11/2024, 1:05:38 PM",THUNDER BAY,ON,P7B 6B9,1000 Block FORT WILLIAM RD," TBPS] THEFT NOT IN PROGRESS, FROM MOTOR VEHICLE",Theft from Vehicle,THEFT
TB24032573,"08/10/2024, 10:18:04 PM","08/11/2024, 1:05:38 PM",THUNDER BAY,ON,P7A 4K8,1000 Block DAWSON RD, TBPS] ROBBERY NO WEAPONS - SUSP STILL IN AREA,Robbery,ROBBERY
TB24032574,"08/10/2024, 10:25:42 PM","08/11/2024, 1:05:38 PM",THUNDER BAY,ON,P7B 3B8,100 Block ALGOMA ST S, TBPS] STOLEN VEHICLE SUSP NOT IN AREA,Theft of Vehicle,STOLEN VEHICLE
TB24032605,"08/11/2024, 3:15:50 AM","08/11/2024, 1:05:38 PM",THUNDER BAY,ON,P7E 5Y8,400 Block GEORGE ST, TBPS] ARSON SUSP MAY BE PRESENT OR IN AREA,Property Crime,ARSON
TB24032531,"08/10/2024, 4:30:31 PM","08/11/2024, 1:05:39 PM",THUNDER BAY,ON,P7E 5V7,1100 Block LINCOLN ST, TBPS] B-E BUS/RES/OTH SUSP PRESENT OR MAY STILL BE IN AREA,Breaking & Entering,B-E BUS/RES/OTH
TB24032532,"08/10/2024, 4:35:27 PM","08/11/2024, 1:05:39 PM",THUNDER BAY,ON,P7C 2V7,400 Block NORTHERN AV, TBPS] LIQUOR LICENCE ACT LIQUOR LICENCE ACT VIOLATION IN PROGRESS,Quality of Life,LIQUOR LICENCE ACT
TB24032542,"08/10/2024, 5:57:49 PM","08/11/2024, 1:05:39 PM",THUNDER BAY,ON,P7C 3H6,200 Block SIMPSON ST," TBPS] THEFT NOT IN PROGRESS, UNDER 5000",Other Theft,THEFT
TB24032555,"08/10/2024, 8:06:52 PM","08/11/2024, 1:05:39 PM",THUNDER BAY,ON,P7B 3A6,900 Block FORT WILLIAM RD, TBPS] THEFT SUSP STILL PRESENT OR MAY BE IN AREA,Other Theft,THEFT
TB24032558,"08/10/2024, 8:22:58 PM","08/11/2024, 1:05:39 PM",THUNDER BAY,ON,P7B 4W6,1 Block CLARKSON ST S, TBPS] MOTOR VEHICLE COLLISION MVC NO INJURIES,Traffic,MOTOR VEHICLE COLLISION
TB24032553,"08/10/2024, 7:48:50 PM","08/11/2024, 1:05:39 PM",THUNDER BAY,ON,P7B 5V2,500 Block BEVERLY ST, TBPS] THEFT SUSP STILL PRESENT OR MAY BE IN AREA,Other Theft,THEFT
TB24032513,"08/10/2024, 12:44:53 PM","08/11/2024, 1:05:40 PM",THUNDER BAY,ON,P7E 1G3,200 Block ARCHIBALD ST S, TBPS] MOTOR VEHICLE COLLISION MVC - AMB ENR - DUAL RESP,Other,MOTOR VEHICLE COLLISION
TB24032463,"08/10/2024, 6:54:44 AM","08/11/2024, 1:05:41 PM",THUNDER BAY,ON,P7C 4T4,500 Block JAMES ST N, TBPS] ASSAULT ACCUSED NOT PRESENT,Assault,ASSAULT
TB24032474,"08/10/2024, 8:24:48 AM","08/11/2024, 1:05:41 PM",THUNDER BAY,ON,P7B 6B9,1000 Block FORT WILLIAM RD, TBPS] ASSAULT SUSP PRESENT OR IN AREA,Assault,ASSAULT
TB24032476,"08/10/2024, 8:42:27 AM","08/11/2024, 1:05:41 PM",THUNDER BAY,ON,P7A 4T3,1 Block COURT ST N, TBPS] DRUG OFFENCES SUSP PRESENT OR MAY STILL BE IN AREA,Quality of Life,DRUG OFFENCES
TB24032472,"08/10/2024, 8:15:02 AM","08/11/2024, 1:05:42 PM",THUNDER BAY,ON,P7E 6T7,600 Block DOCK ST, TBPS] B-E BUS/RES/OTH SUSP PRESENT OR MAY STILL BE IN AREA,Breaking & Entering,B-E BUS/RES/OTH
TB24032475,"08/10/2024, 8:33:25 AM","08/11/2024, 1:05:42 PM",THUNDER BAY,ON,P7B 2G1,HIGH ST S AND OLIVER RD, TBPS] MISCHIEF IP PROGRESS/SUPECT IN AREA,Other Property Crime,MISCHIEF
TB24032627,"08/11/2024, 5:59:52 AM","08/11/2024, 1:07:50 PM",THUNDER BAY,ON,P7C 2V7,400 Block NORTHERN AV, TBPS] ASSAULT SUSP PRESENT OR IN AREA,Assault,ASSAULT
TB24032732,"08/12/2024, 1:13:09 AM","08/12/2024, 1:07:39 PM",THUNDER BAY,ON,P7B 1K3,800 Block RED RIVER RD, TBPS] ROBBERY NO WEAPONS - SUSP STILL IN AREA,Robbery,ROBBERY
TB24032756,"08/12/2024, 3:44:11 AM","08/12/2024, 1:07:39 PM",THUNDER BAY,ON,P7B 6S2,700 Block MEMORIAL AV, TBPS] THEFT SUSP STILL PRESENT OR MAY BE IN AREA,Other Theft,THEFT
TB24032762,"08/12/2024, 5:11:20 AM","08/12/2024, 1:07:39 PM",THUNDER BAY,ON,P7C 2V7,400 Block NORTHERN AV, TBPS] ASSAULT SUSP PRESENT OR IN AREA,Assault,ASSAULT
TB24032768,"08/12/2024, 5:48:09 AM","08/12/2024, 1:07:39 PM",THUNDER BAY,ON,P7B 6S2,700 Block MEMORIAL AV, TBPS] THEFT SUSP STILL PRESENT OR MAY BE IN AREA,Other Theft,THEFT
TB24032691,"08/11/2024, 6:58:02 PM","08/12/2024, 1:07:40 PM",THUNDER BAY,ON,P7A 4R1,400 Block CUMBERLAND ST N, TBPS] THEFT SUSP STILL PRESENT OR MAY BE IN AREA,Other Theft,THEFT
TB24032694,"08/11/2024, 7:56:37 PM","08/12/2024, 1:07:40 PM",THUNDER BAY,ON,P7C 2V7,400 Block NORTHERN AV," TBPS] THEFT NOT IN PROGRESS, UNDER 5000",Other Theft,THEFT
TB24032696,"08/11/2024, 8:00:52 PM","08/12/2024, 1:07:40 PM",THUNDER BAY,ON,P7E 5V3,500 Block DONALD ST E," TBPS] THEFT NOT IN PROGRESS, UNDER 5000",Other Theft,THEFT
TB24032705,"08/11/2024, 9:48:33 PM","08/12/2024, 1:07:40 PM",THUNDER BAY,ON,P7A 2R3,400 Block CONMEE ST, TBPS] B-E BUS/RES/OTH SUSP PRESENT OR MAY STILL BE IN AREA,Breaking & Entering,B-E BUS/RES/OTH
TB24032723,"08/12/2024, 12:34:07 AM","08/12/2024, 1:07:40 PM",THUNDER BAY,ON,P7C 3R7,500 Block MAY ST N, TBPS] STOLEN VEHICLE SUSP PRESENT OR MAY STILL BE IN AREA,Theft of Vehicle,STOLEN VEHICLE
TB24032711,"08/11/2024, 10:58:13 PM","08/12/2024, 1:07:40 PM",THUNDER BAY,ON,P7C 2V7,400 Block NORTHERN AV, TBPS] ASSAULT ACCUSED NOT PRESENT,Assault,ASSAULT
TB24032763,"08/12/2024, 5:15:49 AM","08/12/2024, 1:07:40 PM",THUNDER BAY,ON,P7C 5M9,1 Block ROSSDALE ST, TBPS] ASSAULT SUSP PRESENT OR IN AREA,Assault,ASSAULT
TB24032680,"08/11/2024, 5:22:09 PM","08/12/2024, 1:07:41 PM",THUNDER BAY,ON,P7E 3V7,100 Block FREDERICA ST W, TBPS] THEFT SUSP STILL PRESENT OR MAY BE IN AREA,Other Theft,THEFT
TB24032677,"08/11/2024, 4:54:48 PM","08/12/2024, 1:07:41 PM",THUNDER BAY,ON,P7J 1J1,1000 Block CHIPPEWA RD, TBPS] STOLEN VEHICLE SUSP NOT IN AREA,Theft of Vehicle,STOLEN VEHICLE
TB24032700,"08/11/2024, 9:04:32 PM","08/12/2024, 1:07:41 PM",THUNDER BAY,ON,P7B 2G4,HILL ST S AND OLIVER RD, TBPS] MOTOR VEHICLE COLLISION MVC NO INJURIES,Traffic,MOTOR VEHICLE COLLISION
TB24032576,"08/10/2024, 10:31:12 PM","08/12/2024, 1:07:42 PM",THUNDER BAY,ON,P7E 3V7,100 Block FREDERICA ST W," TBPS] THEFT NOT IN PROGRESS, UNDER 5000",Other Theft,THEFT
TB24032618,"08/11/2024, 5:10:50 AM","08/12/2024, 1:07:42 PM",THUNDER BAY,ON,P7C 2K6,100 Block FINLAYSON ST, TBPS] B-E BUS/RES/OTH SUSP PRESENT OR MAY STILL BE IN AREA,Breaking & Entering,B-E BUS/RES/OTH
TB24032631,"08/11/2024, 6:19:35 AM","08/12/2024, 1:07:42 PM",THUNDER BAY,ON,P7C 2V7,400 Block NORTHERN AV, TBPS] ASSAULT ACCUSED NOT PRESENT,Assault,ASSAULT
TB24032644,"08/11/2024, 7:46:52 AM","08/12/2024, 1:07:42 PM",THUNDER BAY,ON,P7A 4R1,400 Block CUMBERLAND ST N, TBPS] LIQUOR LICENCE ACT LIQUOR LICENCE ACT VIOLATION IN PROGRESS,Quality of Life,LIQUOR LICENCE ACT
TB24032663,"08/11/2024, 2:20:19 PM","08/12/2024, 1:07:42 PM",THUNDER BAY,ON,P7A 4Y5,500 Block COURT ST N, TBPS] B-E BUS/RES/OTH 11-10,Breaking & Entering,B-E BUS/RES/OTH
TB24032672,"08/11/2024, 4:07:00 PM","08/12/2024, 1:07:42 PM",THUNDER BAY,ON,P7C 4N1,500 Block WILTSHIRE CR," TBPS] THEFT NOT IN PROGRESS, FROM MOTOR VEHICLE",Theft from Vehicle,THEFT
TB24032572,"08/10/2024, 10:16:05 PM","08/12/2024, 1:07:43 PM",THUNDER BAY,ON,P7A 4K8,1000 Block DAWSON RD, TBPS] THEFT SUSP STILL PRESENT OR MAY BE IN AREA,Other Theft,THEFT
TB24032588,"08/11/2024, 12:40:52 AM","08/13/2024, 1:07:49 PM",THUNDER BAY,ON,P7A 8C1,100 Block MARTHA ST, TBPS] ASSAULT ACCUSED NOT PRESENT,Assault,ASSAULT
TB24032905,"08/13/2024, 4:59:39 AM","08/13/2024, 1:07:50 PM",THUNDER BAY,ON,P7A 4M9,100 Block CUMBERLAND ST N, TBPS] ROBBERY NO WEAPONS - SUSP STILL IN AREA,Robbery,ROBBERY
TB24032920,"08/13/2024, 7:17:53 AM","08/13/2024, 1:07:50 PM",THUNDER BAY,ON,P7E 2L7,1000 Block BROWN ST," TBPS] MISCHIEF IP/SUSP IN AREA, UNDER 5,000",Other Property Crime,MISCHIEF
TB24032860,"08/13/2024, 12:05:59 AM","08/13/2024, 1:07:51 PM",THUNDER BAY,ON,P7G 1B6,1300 Block JOHN ST. RD, TBPS] MOTOR VEHICLE COLLISION VEHICLE LEAKING FLUIDS - DUAL RESP,Traffic,MOTOR VEHICLE COLLISION
TB24032853,"08/12/2024, 11:01:33 PM","08/13/2024, 1:07:51 PM",THUNDER BAY,ON,P7E 1M1,200 Block MARKS ST S, TBPS] ASSAULT SUSP PRESENT OR IN AREA,Assault,ASSAULT
TB24032894,"08/13/2024, 3:28:46 AM","08/13/2024, 1:07:51 PM",THUNDER BAY,ON,P7C 3S7,300 Block BRODIE ST N," TBPS] THEFT NOT IN PROGRESS, FROM MOTOR VEHICLE",Theft from Vehicle,THEFT
TB24032878,"08/13/2024, 2:02:18 AM","08/13/2024, 1:07:51 PM",THUNDER BAY,ON,P7E 5P4,2800 Block ARTHUR ST E, TBPS] THEFT SUSP STILL PRESENT OR MAY BE IN AREA,Other Theft,THEFT
TB24032898,"08/13/2024, 3:54:29 AM","08/13/2024, 1:07:51 PM",THUNDER BAY,ON,P7A 5N4,200 Block BALSAM ST," TBPS] THEFT NOT IN PROGRESS, UNDER 5000",Other Theft,THEFT
TB24032901,"08/13/2024, 4:25:17 AM","08/13/2024, 1:07:51 PM",THUNDER BAY,ON,P7B 6S2,700 Block MEMORIAL AV, TBPS] THEFT SUSP STILL PRESENT OR MAY BE IN AREA,Other Theft,THEFT
TB24032815,"08/12/2024, 4:00:00 PM","08/13/2024, 1:07:52 PM",THUNDER BAY,ON,P7B 5Z5,1200 Block BALMORAL ST, TBPS] MOTOR VEHICLE COLLISION 11-10 MVC ANY TYPE,Other,MOTOR VEHICLE COLLISION
TB24032832,"08/12/2024, 7:38:12 PM","08/13/2024, 1:07:52 PM",THUNDER BAY,ON,P7B 3A6,900 Block FORT WILLIAM RD, TBPS] MOTOR VEHICLE COLLISION MVC NO INJURIES,Traffic,MOTOR VEHICLE COLLISION
TB24032842,"08/12/2024, 9:15:05 PM","08/13/2024, 1:07:52 PM",THUNDER BAY,ON,P7E 6L4,1100 Block ARTHUR ST W," TBPS] THEFT NOT IN PROGRESS, UNDER 5000",Other Theft,THEFT
TB24032835,"08/12/2024, 7:41:50 PM","08/13/2024, 1:07:52 PM",THUNDER BAY,ON,P7A 4Z6,1 Block ALGOMA ST N, TBPS] DRUG OFFENCES SUSP PRESENT OR MAY STILL BE IN AREA,Quality of Life,DRUG OFFENCES
TB24032847,"08/12/2024, 9:48:38 PM","08/13/2024, 1:07:52 PM",THUNDER BAY,ON,P7B 3Z6,600 Block MEMORIAL AV, TBPS] STOLEN VEHICLE SUSP NOT IN AREA,Theft of Vehicle,STOLEN VEHICLE
TB24032904,"08/13/2024, 4:48:16 AM","08/13/2024, 1:07:52 PM",THUNDER BAY,ON,P7C 1X7,100 Block SPRUCE CT, TBPS] ASSAULT SUSP PRESENT OR IN AREA,Assault,ASSAULT
TB24032683,"08/11/2024, 5:50:07 PM","08/13/2024, 1:07:53 PM",THUNDER BAY,ON,P7B 5L4,1 Block CUMBERLAND ST S, TBPS] MOTOR VEHICLE COLLISION 11-10 MVC ANY TYPE,Other,MOTOR VEHICLE COLLISION
TB24032773,"08/12/2024, 6:31:18 AM","08/13/2024, 1:07:53 PM",THUNDER BAY,ON,.,WILLIAM ST AND SYNDICATE AV N, TBPS] LIQUOR LICENCE ACT LIQUOR LICENCE ACT VIOLATION IN PROGRESS,Quality of Life,LIQUOR LICENCE ACT
TB24032786,"08/12/2024, 9:12:17 AM","08/13/2024, 1:07:53 PM",THUNDER BAY,ON,P7B 6V4,900 Block OLIVER RD, TBPS] ASSAULT SUSP PRESENT OR IN AREA,Assault,ASSAULT
TB24032790,"08/12/2024, 9:55:53 AM","08/13/2024, 1:07:53 PM",THUNDER BAY,ON,P7B 4A1,900 Block MEMORIAL AV, TBPS] THEFT SUSP STILL PRESENT OR MAY BE IN AREA,Other Theft,THEFT
TB24032804,"08/12/2024, 3:02:09 PM","08/13/2024, 1:07:53 PM",THUNDER BAY,ON,P7C 4Y7,300 Block LILLIE ST N, TBPS] ASSAULT ACCUSED NOT PRESENT,Assault,ASSAULT
TB24032791,"08/12/2024, 10:00:30 AM","08/13/2024, 1:07:53 PM",THUNDER BAY,ON,P7A 5N8,300 Block BALSAM ST, TBPS] B-E BUS/RES/OTH 11-10,Breaking & Entering,B-E BUS/RES/OTH
TB24032793,"08/12/2024, 11:08:06 AM","08/13/2024, 1:07:53 PM",THUNDER BAY,ON,P7C 5N5,300 Block 130 HWY, TBPS] B-E BUS/RES/OTH SUSP PRESENT OR MAY STILL BE IN AREA,Breaking & Entering,B-E BUS/RES/OTH
TB24032817,"08/12/2024, 5:00:29 PM","08/13/2024, 1:07:53 PM",THUNDER BAY,ON,P7B 2X7,100 Block COURT ST S, TBPS] ASSAULT ACCUSED NOT PRESENT,Assault,ASSAULT
TB24032810,"08/12/2024, 4:00:44 PM","08/13/2024, 1:07:53 PM",THUNDER BAY,ON,P7E 3R5,200 Block GORE ST W," TBPS] THEFT NOT IN PROGRESS, UNDER 5000",Other Theft,THEFT
TB24032660,"08/11/2024, 1:31:53 PM","08/13/2024, 1:07:54 PM",THUNDER BAY,ON,P7B 3Y7,400 Block MEMORIAL AV, TBPS] ASSAULT ACCUSED NOT PRESENT,Assault,ASSAULT
TB24032661,"08/11/2024, 1:33:51 PM","08/13/2024, 1:07:54 PM",THUNDER BAY,ON,P7B 1K3,900 Block RED RIVER RD, TBPS] ASSAULT ACCUSED NOT PRESENT,Assault,ASSAULT
TB24032757,"08/12/2024, 3:46:17 AM","08/13/2024, 1:07:54 PM",THUNDER BAY,ON,P7A 3S5,600 Block RIVER ST, TBPS] LIQUOR LICENCE ACT LIQUOR LICENCE ACT VIOLATION IN PROGRESS,Quality of Life,LIQUOR LICENCE ACT
TB24032779,"08/12/2024, 7:17:13 AM","08/13/2024, 1:07:54 PM",THUNDER BAY,ON,P7G 2H3,100 Block LANCASTER AV, TBPS] MOTOR VEHICLE COLLISION MVC - AMB ENR - DUAL RESP,Other,MOTOR VEHICLE COLLISION
TB24032788,"08/12/2024, 9:27:17 AM","08/13/2024, 1:07:54 PM",THUNDER BAY,ON,P7B 4X5,JUNOT AV S AND WALKOVER ST, TBPS] LIQUOR LICENCE ACT LIQUOR LICENCE ACT VIOLATION IN PROGRESS,Quality of Life,LIQUOR LICENCE ACT
TB24033037,"08/14/2024, 1:50:30 AM","08/14/2024, 1:05:04 PM",THUNDER BAY,ON,P7B 3Z7,700 Block MEMORIAL AV, TBPS] THEFT SUSP STILL PRESENT OR MAY BE IN AREA,Other Theft,THEFT
TB24033039,"08/14/2024, 1:53:26 AM","08/14/2024, 1:05:04 PM",THUNDER BAY,ON,P7A 6H5,1 Block JEWELL ST," TBPS] THEFT NOT IN PROGRESS, FROM MOTOR VEHICLE",Theft from Vehicle,THEFT
TB24033041,"08/14/2024, 2:10:56 AM","08/14/2024, 1:05:05 PM",THUNDER BAY,ON,P7B 5L6,300 Block MAIN ST, TBPS] THEFT SUSP STILL PRESENT OR MAY BE IN AREA,Other Theft,THEFT
TB24033042,"08/14/2024, 2:23:08 AM","08/14/2024, 1:05:05 PM",THUNDER BAY,ON,P7E 1G7,300 Block ARCHIBALD ST S," TBPS] THEFT NOT IN PROGRESS, UNDER 5000",Other Theft,THEFT
TB24033047,"08/14/2024, 2:53:45 AM","08/14/2024, 1:05:06 PM",THUNDER BAY,ON,P7E 4B8,100 Block FRANCIS ST W," TBPS] THEFT NOT IN PROGRESS, FROM MOTOR VEHICLE",Theft from Vehicle,THEFT
TB24033050,"08/14/2024, 3:26:49 AM","08/14/2024, 1:05:08 PM",THUNDER BAY,ON,P7B 3H9,100 Block BANNING ST, TBPS] TROUBLE WITH YOUTH YOUTHS STILL IN AREA,Quality of Life,TROUBLE WITH YOUTH
TB24033054,"08/14/2024, 3:43:44 AM","08/14/2024, 1:05:09 PM",THUNDER BAY,ON,P7A,RIVER ST AND HIGH ST N, TBPS] MOTOR VEHICLE COLLISION JAWS REQD - DUAL RESP,Traffic,MOTOR VEHICLE COLLISION
TB24033068,"08/14/2024, 5:22:03 AM","08/14/2024, 1:05:13 PM",THUNDER BAY,ON,P7A 6N7,1 Block MINOT AV, TBPS] LIQUOR LICENCE ACT LIQUOR LICENCE ACT VIOLATION IN PROGRESS,Quality of Life,LIQUOR LICENCE ACT
TB24033070,"08/14/2024, 5:38:44 AM","08/14/2024, 1:05:13 PM",THUNDER BAY,ON,P7B 2X5,100 Block COURT ST S, TBPS] MOTOR VEHICLE COLLISION MVC - AMB ENR - DUAL RESP,Other,MOTOR VEHICLE COLLISION
TB24033072,"08/14/2024, 5:45:41 AM","08/14/2024, 1:05:14 PM",THUNDER BAY,ON,P7B 6S2,700 Block MEMORIAL AV, TBPS] THEFT SUSP STILL PRESENT OR MAY BE IN AREA,Other Theft,THEFT
TB24032870,"08/13/2024, 1:21:04 AM","08/14/2024, 1:05:15 PM",THUNDER BAY,ON,P7B 1L4,200 Block AMBROSE ST, TBPS] ASSAULT ACCUSED NOT PRESENT,Assault,ASSAULT
TB24032909,"08/13/2024, 5:10:14 AM","08/14/2024, 1:05:21 PM",THUNDER BAY,ON,P7C 2B6,100 Block HUNTINGTON CT, TBPS] ASSAULT ACCUSED PRESENT,Assault,ASSAULT
TB24032913,"08/13/2024, 5:31:52 AM","08/14/2024, 1:05:22 PM",THUNDER BAY,ON,P7A 4N4,CUMBERLAND ST N AND WOLSELEY ST, TBPS] MOTOR VEHICLE COLLISION MVC - AMB ENR - DUAL RESP,Other,MOTOR VEHICLE COLLISION
TB24032924,"08/13/2024, 8:23:25 AM","08/14/2024, 1:05:23 PM",THUNDER BAY,ON,P7E 5N9,2000 Block ARTHUR ST E," TBPS] THEFT NOT IN PROGRESS, FROM MOTOR VEHICLE",Theft from Vehicle,THEFT
TB24032925,"08/13/2024, 8:49:17 AM","08/14/2024, 1:05:23 PM",THUNDER BAY,ON,P7E 5N3,1300 Block ARTHUR ST E, TBPS] THEFT SUSP STILL PRESENT OR MAY BE IN AREA,Other Theft,THEFT
TB24032927,"08/13/2024, 9:01:34 AM","08/14/2024, 1:05:24 PM",THUNDER BAY,ON,P7A 1L1,400 Block DACRE ST, TBPS] LIQUOR LICENCE ACT LIQUOR LICENCE ACT VIOLATION IN PROGRESS,Quality of Life,LIQUOR LICENCE ACT
TB24032928,"08/13/2024, 9:09:58 AM","08/14/2024, 1:05:24 PM",THUNDER BAY,ON,P7B 4X6,100 Block JUNOT AV S, TBPS] ASSAULT SUSP PRESENT OR IN AREA,Assault,ASSAULT
TB24032931,"08/13/2024, 10:05:16 AM","08/14/2024, 1:05:25 PM",THUNDER BAY,ON,P7E 5R8,600 Block ARTHUR ST W, TBPS] THEFT SUSP STILL PRESENT OR MAY BE IN AREA,Other Theft,THEFT
TB24032932,"08/13/2024, 10:24:22 AM","08/14/2024, 1:05:25 PM",THUNDER BAY,ON,P7E 5R5,500 Block ARTHUR ST W, TBPS] ASSAULT SUSP PRESENT OR IN AREA,Assault,ASSAULT
TB24032938,"08/13/2024, 11:07:35 AM","08/14/2024, 1:05:26 PM",THUNDER BAY,ON,P7C 1B6,1000 Block VICTORIA AV E, TBPS] B-E BUS/RES/OTH SUSP PRESENT OR MAY STILL BE IN AREA,Breaking & Entering,B-E BUS/RES/OTH
TB24032944,"08/13/2024, 1:36:25 PM","08/14/2024, 1:05:26 PM",THUNDER BAY,ON,P7C 3B5,600 Block MCLAUGHLIN ST, TBPS] DRUG OFFENCES SUSP PRESENT OR MAY STILL BE IN AREA,Quality of Life,DRUG OFFENCES
TB24032953,"08/13/2024, 3:39:26 PM","08/14/2024, 1:05:27 PM",THUNDER BAY,ON,P7B 1R3,BAY ST AND COURT ST S, TBPS] DRUG OFFENCES SUSP PRESENT OR MAY STILL BE IN AREA,Quality of Life,DRUG OFFENCES
TB24032951,"08/13/2024, 3:13:06 PM","08/14/2024, 1:05:27 PM",THUNDER BAY,ON,P7C 2G4,100 Block BETHUNE ST, TBPS] ARSON SUSP MAY BE PRESENT OR IN AREA,Property Crime,ARSON
TB24032954,"08/13/2024, 3:46:27 PM","08/14/2024, 1:05:27 PM",THUNDER BAY,ON,P7E 3Y7,1400 Block FREDERICA ST W," TBPS] THEFT NOT IN PROGRESS, UNDER 5000",Other Theft,THEFT
TB24032957,"08/13/2024, 4:15:17 PM","08/14/2024, 1:05:28 PM",THUNDER BAY,ON,.,100 Block PEARL ST," TBPS] THEFT NOT IN PROGRESS, UNDER 5000",Other Theft,THEFT
TB24032962,"08/13/2024, 4:39:25 PM","08/14/2024, 1:05:29 PM",THUNDER BAY,ON,P7E 5R8,600 Block ARTHUR ST W," TBPS] MISCHIEF 11-10, MICHIEF UNDER 5000",Other Property Crime,MISCHIEF
TB24032980,"08/13/2024, 6:21:09 PM","08/14/2024, 1:05:31 PM",THUNDER BAY,ON,P7B 1E3,200 Block PEARL ST," TBPS] ASSAULT JUST OCCURRED, ACCUSED NOT PRESENT",Assault,ASSAULT
TB24032991,"08/13/2024, 7:08:12 PM","08/14/2024, 1:05:33 PM",THUNDER BAY,ON,P7B 6S2,700 Block MEMORIAL AV," TBPS] THEFT NOT IN PROGRESS, FROM MOTOR VEHICLE",Theft from Vehicle,THEFT
TB24032993,"08/13/2024, 7:34:09 PM","08/14/2024, 1:05:33 PM",THUNDER BAY,ON,P7C 3X8,100 Block CENTENNIAL SQ, TBPS] THEFT SUSP STILL PRESENT OR MAY BE IN AREA,Other Theft,THEFT
TB24032999,"08/13/2024, 8:31:39 PM","08/14/2024, 1:05:34 PM",THUNDER BAY,ON,P7E 5P1,2100 Block ARTHUR ST E, TBPS] THEFT SUSP STILL PRESENT OR MAY BE IN AREA,Other Theft,THEFT
TB24033010,"08/13/2024, 9:51:59 PM","08/14/2024, 1:05:36 PM",THUNDER BAY,ON,P7B 6H6,100 Block CRYSTAL PL," TBPS] MISCHIEF 11-10, MICHIEF UNDER 5000",Other Property Crime,MISCHIEF
TB24032984,"08/13/2024, 6:29:55 PM","08/15/2024, 1:08:17 PM",THUNDER BAY,ON,P7B 3Y2,300 Block MEMORIAL AV, TBPS] ASSAULT ACCUSED NOT PRESENT,Assault,ASSAULT
TB24033205,"08/15/2024, 1:32:17 AM","08/15/2024, 1:08:20 PM",THUNDER BAY,ON,P7B 6B9,1000 Block FORT WILLIAM RD," TBPS] MISCHIEF IP/SUSP IN AREA, UNDER 5,000",Other Property Crime,MISCHIEF
TB24033211,"08/15/2024, 1:55:44 AM","08/15/2024, 1:08:20 PM",THUNDER BAY,ON,P7B 5E1,900 Block OLIVER RD," TBPS] THEFT NOT IN PROGRESS, UNDER 5000",Other Theft,THEFT
TB24033220,"08/15/2024, 2:32:22 AM","08/15/2024, 1:08:22 PM",THUNDER BAY,ON,P7B 3A6,900 Block FORT WILLIAM RD, TBPS] THEFT SUSP STILL PRESENT OR MAY BE IN AREA,Other Theft,THEFT
TB24033225,"08/15/2024, 3:12:12 AM","08/15/2024, 1:08:22 PM",THUNDER BAY,ON,P7A 4K8,1 Block CUMBERLAND ST N, TBPS] ASSAULT SUSP PRESENT OR IN AREA,Assault,ASSAULT
TB24033229,"08/15/2024, 3:39:42 AM","08/15/2024, 1:08:23 PM",THUNDER BAY,ON,P7C 2G2,600 Block VALE CR, TBPS] B-E BUS/RES/OTH SUSP PRESENT OR MAY STILL BE IN AREA,Breaking & Entering,B-E BUS/RES/OTH
TB24033235,"08/15/2024, 4:46:03 AM","08/15/2024, 1:08:24 PM",THUNDER BAY,ON,P7B 6V4,900 Block OLIVER RD, TBPS] ASSAULT ACCUSED NOT PRESENT,Assault,ASSAULT
TB24033247,"08/15/2024, 6:21:31 AM","08/15/2024, 1:08:25 PM",THUNDER BAY,ON,P7C 2V3,600 Block SOUTHERN AV, TBPS] DRUG OFFENCES SUSP PRESENT OR MAY STILL BE IN AREA,Quality of Life,DRUG OFFENCES
TB24033086,"08/14/2024, 7:54:49 AM","08/15/2024, 1:08:33 PM",THUNDER BAY,ON,P7E 2M6,1400 Block BROWN ST, TBPS] ASSAULT ACCUSED NOT PRESENT,Assault,ASSAULT
TB24033092,"08/14/2024, 8:26:40 AM","08/15/2024, 1:08:34 PM",THUNDER BAY,ON,P7A 5E9,1 Block JEAN ST, TBPS] ASSAULT SUSP PRESENT OR IN AREA,Assault,ASSAULT
TB24033095,"08/14/2024, 9:07:20 AM","08/15/2024, 1:08:34 PM",THUNDER BAY,ON,P7C 1A1,100 Block SIMPSON ST, TBPS] ASSAULT ACCUSED NOT PRESENT,Assault,ASSAULT
TB24033100,"08/14/2024, 10:43:15 AM","08/15/2024, 1:08:35 PM",THUNDER BAY,ON,P7A 8C5,500 Block ALGOMA ST N, TBPS] ARSON SUSP MAY BE PRESENT OR IN AREA,Property Crime,ARSON
TB24033101,"08/14/2024, 10:58:17 AM","08/15/2024, 1:08:35 PM",THUNDER BAY,ON,P7A 6V7,1 Block MARGARET ST, TBPS] B-E BUS/RES/OTH SUSP PRESENT OR MAY STILL BE IN AREA,Breaking & Entering,B-E BUS/RES/OTH
TB24033107,"08/14/2024, 12:40:33 PM","08/15/2024, 1:08:36 PM",THUNDER BAY,ON,P7E 2A6,300 Block KINGSWAY," TBPS] THEFT NOT IN PROGRESS, FROM MOTOR VEHICLE",Theft from Vehicle,THEFT
TB24033108,"08/14/2024, 12:47:12 PM","08/15/2024, 1:08:36 PM",THUNDER BAY,ON,P7C 2G7,100 Block CAMERON ST," TBPS] THEFT NOT IN PROGRESS, OVER 5000",Other Theft,THEFT
TB24033123,"08/14/2024, 4:46:58 PM","08/15/2024, 1:08:39 PM",THUNDER BAY,ON,P7E 4X9,1800 Block HAMILTON AV," TBPS] THEFT NOT IN PROGRESS, UNDER 5000",Other Theft,THEFT
TB24033144,"08/14/2024, 6:38:13 PM","08/15/2024, 1:08:42 PM",THUNDER BAY,ON,P7B 6B9,1000 Block FORT WILLIAM RD, TBPS] ROBBERY WEAPONS - SUSP STILL IN AREA,Robbery,ROBBERY
TB24033166,"08/14/2024, 8:00:00 PM","08/15/2024, 1:08:44 PM",THUNDER BAY,ON,P7B 3A6,900 Block FORT WILLIAM RD, TBPS] ROBBERY NO WEAPONS - SUSP STILL IN AREA,Robbery,ROBBERY
TB24033186,"08/14/2024, 11:01:26 PM","08/15/2024, 1:08:47 PM",THUNDER BAY,ON,P7B 6L9,HARBOUR EXPRESSWAY AND CARRICK ST, TBPS] MOTOR VEHICLE COLLISION MVC NO INJURIES,Traffic,MOTOR VEHICLE COLLISION
TB24032917,"08/13/2024, 6:23:01 AM","08/16/2024, 1:03:49 PM",THUNDER BAY,ON,P7B 6J7,100 Block PICTON AV, TBPS] ASSAULT SUSP PRESENT OR IN AREA,Assault,ASSAULT
TB24033431,"08/16/2024, 3:32:03 AM","08/16/2024, 1:03:51 PM",THUNDER BAY,ON,P7G 1M2,2300 Block JOHN ST. RD, TBPS] MOTOR VEHICLE COLLISION MVC - AMB ENR - DUAL RESP,Other,MOTOR VEHICLE COLLISION
TB24033432,"08/16/2024, 3:35:24 AM","08/16/2024, 1:03:51 PM",THUNDER BAY,ON,P7E 3W7,500 Block FREDERICA ST W, TBPS] ASSAULT SUSP PRESENT OR IN AREA,Assault,ASSAULT
TB24033453,"08/16/2024, 5:32:21 AM","08/16/2024, 1:03:51 PM",THUNDER BAY,ON,P7A 4M9,100 Block CUMBERLAND ST N, TBPS] LIQUOR LICENCE ACT LIQUOR LICENCE ACT VIOLATION IN PROGRESS,Quality of Life,LIQUOR LICENCE ACT
TB24033423,"08/16/2024, 2:57:12 AM","08/16/2024, 1:03:52 PM",THUNDER BAY,ON,P7C 1C1,1200 Block VICTORIA AV E, TBPS] B-E BUS/RES/OTH SUSP PRESENT OR MAY STILL BE IN AREA,Breaking & Entering,B-E BUS/RES/OTH
TB24033428,"08/16/2024, 3:16:26 AM","08/16/2024, 1:03:52 PM",THUNDER BAY,ON,P7E 4R5,EMPIRE AV E AND KINGSWAY," TBPS] THEFT IN PROGRESS, OVER 50000",Other Theft,THEFT
TB24033452,"08/16/2024, 5:25:20 AM","08/16/2024, 1:03:52 PM",THUNDER BAY,ON,P7B 5J4,1000 Block DAWSON RD, TBPS] LIQUOR LICENCE ACT LIQUOR LICENCE ACT VIOLATION IN PROGRESS,Quality of Life,LIQUOR LICENCE ACT
TB24033379,"08/15/2024, 10:10:16 PM","08/16/2024, 1:03:53 PM",THUNDER BAY,ON,P7B,700 Block FORT WILLIAM RD, TBPS] MOTOR VEHICLE COLLISION MVC NO INJURIES,Traffic,MOTOR VEHICLE COLLISION
TB24033405,"08/16/2024, 12:22:18 AM","08/16/2024, 1:03:53 PM",THUNDER BAY,ON,P7E 5R2,JAMES ST S AND ARTHUR ST W, TBPS] MOTOR VEHICLE COLLISION MVC - AMB ENR - DUAL RESP,Other,MOTOR VEHICLE COLLISION
TB24033339,"08/15/2024, 6:49:10 PM","08/16/2024, 1:03:54 PM",THUNDER BAY,ON,P7E 5R8,600 Block ARTHUR ST W," TBPS] THEFT NOT IN PROGRESS, FROM MOTOR VEHICLE",Theft from Vehicle,THEFT
TB24033363,"08/15/2024, 9:14:21 PM","08/16/2024, 1:03:54 PM",THUNDER BAY,ON,P7C 3X8,100 Block CENTENNIAL SQ, TBPS] THEFT SUSP STILL PRESENT OR MAY BE IN AREA,Other Theft,THEFT
TB24033356,"08/15/2024, 8:31:21 PM","08/16/2024, 1:03:54 PM",THUNDER BAY,ON,P7B 3Y6,400 Block MEMORIAL AV, TBPS] ASSAULT ACCUSED NOT PRESENT,Assault,ASSAULT
TB24033302,"08/15/2024, 3:02:26 PM","08/16/2024, 1:03:55 PM",THUNDER BAY,ON,P7E 5R8,600 Block ARTHUR ST W," TBPS] THEFT NOT IN PROGRESS, FROM MOTOR VEHICLE",Theft from Vehicle,THEFT
TB24033327,"08/15/2024, 6:04:32 PM","08/16/2024, 1:03:55 PM",THUNDER BAY,ON,P7C 2V7,400 Block NORTHERN AV, TBPS] ASSAULT ACCUSED NOT PRESENT,Assault,ASSAULT
TB24033266,"08/15/2024, 8:46:25 AM","08/16/2024, 1:03:56 PM",THUNDER BAY,ON,P7E 6T7,600 Block DOCK ST," TBPS] THEFT IN PROGRESS, OVER 50000",Other Theft,THEFT
TB24033292,"08/15/2024, 2:12:52 PM","08/16/2024, 1:03:56 PM",THUNDER BAY,ON,P7E 5M3,100 Block BEGIN ST W," TBPS] THEFT NOT IN PROGRESS, UNDER 5000",Other Theft,THEFT
TB24033297,"08/15/2024, 2:42:20 PM","08/16/2024, 1:03:56 PM",THUNDER BAY,ON,P7B 5P9,1200 Block CARRICK ST, TBPS] B-E BUS/RES/OTH 11-10,Breaking & Entering,B-E BUS/RES/OTH
TB24033301,"08/15/2024, 2:59:37 PM","08/16/2024, 1:03:56 PM",THUNDER BAY,ON,P7B 1E6,200 Block PEARL ST, TBPS] B-E BUS/RES/OTH SUSP PRESENT OR MAY STILL BE IN AREA,Breaking & Entering,B-E BUS/RES/OTH
TB24033320,"08/15/2024, 4:59:32 PM","08/16/2024, 1:03:56 PM",THUNDER BAY,ON,P7G 1S9,3300 Block OLIVER RD, TBPS] STOLEN VEHICLE SUSP PRESENT OR MAY STILL BE IN AREA,Theft of Vehicle,STOLEN VEHICLE
TB24033230,"08/15/2024, 3:44:28 AM","08/16/2024, 1:03:57 PM",THUNDER BAY,ON,P7B 1E5,200 Block PEARL ST, TBPS] B-E BUS/RES/OTH 11-10,Breaking & Entering,B-E BUS/RES/OTH
TB24033243,"08/15/2024, 6:02:43 AM","08/16/2024, 1:03:57 PM",THUNDER BAY,ON,P7E 4A1,100 Block AMELIA ST W," TBPS] MISCHIEF IP/SUSP IN AREA, MICHIEF OVER 5000",Other Property Crime,MISCHIEF
TB24033283,"08/15/2024, 12:32:26 PM","08/16/2024, 1:03:57 PM",THUNDER BAY,ON,P7A 2A1,700 Block LESLIE AV, TBPS] B-E BUS/RES/OTH SUSP PRESENT OR MAY STILL BE IN AREA,Breaking & Entering,B-E BUS/RES/OTH
TB24033212,"08/15/2024, 1:58:51 AM","08/16/2024, 1:03:58 PM",THUNDER BAY,ON,P7C 3K7,1000 Block SIMPSON ST, TBPS] ASSAULT ACCUSED NOT PRESENT,Assault,ASSAULT
TB24033579,"08/17/2024, 2:22:10 AM","08/17/2024, 1:03:38 PM",THUNDER BAY,ON,P7C 3M2,800 Block MCMILLAN ST, TBPS] ASSAULT SUSP PRESENT OR IN AREA,Assault,ASSAULT
TB24033594,"08/17/2024, 4:39:12 AM","08/17/2024, 1:03:38 PM",THUNDER BAY,ON,P7B 3M5,500 Block HIGH ST S," TBPS] THEFT NOT IN PROGRESS, FROM MOTOR VEHICLE",Theft from Vehicle,THEFT
TB24033575,"08/17/2024, 2:11:46 AM","08/17/2024, 1:03:39 PM",THUNDER BAY,ON,P7B 3A6,900 Block FORT WILLIAM RD, TBPS] ASSAULT SUSP PRESENT OR IN AREA,Assault,ASSAULT
TB24033545,"08/16/2024, 9:43:58 PM","08/17/2024, 1:03:40 PM",THUNDER BAY,ON,P7E 5V7,1100 Block LINCOLN ST, TBPS] B-E BUS/RES/OTH SUSP PRESENT OR MAY STILL BE IN AREA,Breaking & Entering,B-E BUS/RES/OTH
TB24033548,"08/16/2024, 10:14:23 PM","08/17/2024, 1:03:40 PM",THUNDER BAY,ON,P7E 5P7,100 Block ARTHUR ST W, TBPS] THEFT SUSP STILL PRESENT OR MAY BE IN AREA,Other Theft,THEFT
TB24033558,"08/16/2024, 11:53:25 PM","08/17/2024, 1:03:40 PM",THUNDER BAY,ON,P7E,BROWN ST AND MOODIE ST W, TBPS] MOTOR VEHICLE COLLISION MVC NO INJURIES,Traffic,MOTOR VEHICLE COLLISION
TB24033574,"08/17/2024, 2:09:28 AM","08/17/2024, 1:03:40 PM",THUNDER BAY,ON,P7B 5W2,ACADEMY DR AND BALMORAL ST, TBPS] MOTOR VEHICLE COLLISION MVC - AMB ENR - DUAL RESP,Other,MOTOR VEHICLE COLLISION
TB24033495,"08/16/2024, 3:32:40 PM","08/17/2024, 1:03:41 PM",THUNDER BAY,ON,P7C 4A9,100 Block VICKERS ST N, TBPS] STOLEN VEHICLE SUSP NOT IN AREA,Theft of Vehicle,STOLEN VEHICLE
TB24033510,"08/16/2024, 5:00:00 PM","08/17/2024, 1:03:41 PM",THUNDER BAY,ON,P7B 5Z5,1200 Block BALMORAL ST," TBPS] THEFT NOT IN PROGRESS, UNDER 5000",Other Theft,THEFT
TB24033518,"08/16/2024, 6:30:47 PM","08/17/2024, 1:03:41 PM",THUNDER BAY,ON,P7G 1H7,1100 Block DAWSON RD, TBPS] MOTOR VEHICLE COLLISION MVC - AMB ENR - DUAL RESP,Other,MOTOR VEHICLE COLLISION
TB24033513,"08/16/2024, 5:20:27 PM","08/17/2024, 1:03:41 PM",THUNDER BAY,ON,P7B 3Y7,400 Block MEMORIAL AV, TBPS] ASSAULT SUSP PRESENT OR IN AREA,Assault,ASSAULT
TB24033530,"08/16/2024, 7:00:00 PM","08/17/2024, 1:03:41 PM",THUNDER BAY,ON,P7B 5M4,1100 Block ROLAND ST, TBPS] B-E BUS/RES/OTH 11-10,Breaking & Entering,B-E BUS/RES/OTH
TB24033465,"08/16/2024, 7:59:03 AM","08/17/2024, 1:03:42 PM",THUNDER BAY,ON,P7G 2H3,BALSAM ST AND LANCASTER AV, TBPS] MOTOR VEHICLE COLLISION MVC - AMB ENR - DUAL RESP,Other,MOTOR VEHICLE COLLISION
TB24033484,"08/16/2024, 12:58:52 PM","08/17/2024, 1:03:42 PM",THUNDER BAY,ON,P7B 6V4,900 Block OLIVER RD, TBPS] ASSAULT SUSP PRESENT OR IN AREA,Assault,ASSAULT
TB24033509,"08/16/2024, 5:00:00 PM","08/17/2024, 1:03:42 PM",THUNDER BAY,ON,P7B 5Z5,1200 Block BALMORAL ST," TBPS] MISCHIEF 11-10, MICHIEF UNDER 5000",Other Property Crime,MISCHIEF
TB24033508,"08/16/2024, 5:08:38 PM","08/17/2024, 1:03:42 PM",THUNDER BAY,ON,P7A 5V8,HILL ST N AND VAN NORMAN ST, TBPS] MOTOR VEHICLE COLLISION MVC - AMB ENR - DUAL RESP,Other,MOTOR VEHICLE COLLISION
TB24033397,"08/15/2024, 11:37:59 PM","08/17/2024, 1:03:43 PM",THUNDER BAY,ON,P7E 5R2,ARTHUR ST W AND JAMES ST S, TBPS] MOTOR VEHICLE COLLISION MVC - AMB ENR - DUAL RESP,Other,MOTOR VEHICLE COLLISION
TB24033473,"08/16/2024, 9:44:13 AM","08/17/2024, 1:03:43 PM",THUNDER BAY,ON,P7E,BROWN ST AND AMELIA ST W, TBPS] LIQUOR LICENCE ACT LIQUOR LICENCE ACT VIOLATION IN PROGRESS,Quality of Life,LIQUOR LICENCE ACT
TB24033475,"08/16/2024, 9:48:38 AM","08/17/2024, 1:03:43 PM",THUNDER BAY,ON,P7B 4K4,200 Block ROCKWOOD AV S, TBPS] B-E BUS/RES/OTH SUSP PRESENT OR MAY STILL BE IN AREA,Breaking & Entering,B-E BUS/RES/OTH
TB24033458,"08/16/2024, 6:35:06 AM","08/17/2024, 1:03:44 PM",THUNDER BAY,ON,P7G 1A8,WARDROPE AV AND HILLDALE RD, TBPS] MOTOR VEHICLE COLLISION MVC - AMB ENR - DUAL RESP,Other,MOTOR VEHICLE COLLISION
TB24033692,"08/17/2024, 11:50:48 PM","08/18/2024, 1:08:12 PM",THUNDER BAY,ON,P7A 3R8,500 Block RIVER ST, TBPS] MOTOR VEHICLE COLLISION MVC NO INJURIES,Traffic,MOTOR VEHICLE COLLISION
TB24033695,"08/18/2024, 12:06:10 AM","08/18/2024, 1:08:12 PM",THUNDER BAY,ON,P7A 4N4,200 Block CUMBERLAND ST N, TBPS] LIQUOR LICENCE ACT LIQUOR LICENCE ACT VIOLATION IN PROGRESS,Quality of Life,LIQUOR LICENCE ACT
TB24033700,"08/18/2024, 1:21:34 AM","08/18/2024, 1:08:12 PM",THUNDER BAY,ON,P7B 6B9,FORT WILLIAM RD AND ISABEL ST, TBPS] LIQUOR LICENCE ACT LIQUOR LICENCE ACT VIOLATION IN PROGRESS,Quality of Life,LIQUOR LICENCE ACT
TB24033704,"08/18/2024, 1:54:46 AM","08/18/2024, 1:08:12 PM",THUNDER BAY,ON,P7A 3T8,200 Block MCVICAR ST," TBPS] MISCHIEF IP/SUSP IN AREA, UNDER 5,000",Other Property Crime,MISCHIEF
TB24033708,"08/18/2024, 2:13:12 AM","08/18/2024, 1:08:12 PM",THUNDER BAY,ON,P7B 5K5,1100 Block MEMORIAL AV," TBPS] THEFT NOT IN PROGRESS, UNDER 5000",Other Theft,THEFT
TB24033731,"08/18/2024, 4:51:26 AM","08/18/2024, 1:08:12 PM",THUNDER BAY,ON,P7C 1N8,200 Block CUMMING ST, TBPS] ROBBERY WEAPONS - SUSP STILL IN AREA,Robbery,ROBBERY
TB24033738,"08/18/2024, 5:44:31 AM","08/18/2024, 1:08:12 PM",THUNDER BAY,ON,P7B 6S2,700 Block MEMORIAL AV, TBPS] ROBBERY WEAPONS - SUSP STILL IN AREA,Robbery,ROBBERY
TB24033669,"08/17/2024, 7:25:08 PM","08/18/2024, 1:08:13 PM",THUNDER BAY,ON,P7C 3P8,200 Block MAY ST N, TBPS] ASSAULT SUSP PRESENT OR IN AREA,Assault,ASSAULT
TB24033667,"08/17/2024, 6:54:04 PM","08/18/2024, 1:08:13 PM",THUNDER BAY,ON,P7E 5Y8,400 Block GEORGE ST, TBPS] ASSAULT ACCUSED NOT PRESENT,Assault,ASSAULT
TB24033718,"08/18/2024, 3:19:49 AM","08/18/2024, 1:08:13 PM",THUNDER BAY,ON,P7B 1E3,200 Block PEARL ST, TBPS] B-E BUS/RES/OTH 11-10,Breaking & Entering,B-E BUS/RES/OTH
TB24033593,"08/17/2024, 4:38:49 AM","08/18/2024, 1:08:14 PM",THUNDER BAY,ON,P7E 6H2,200 Block AMELIA ST W, TBPS] ROBBERY NO WEAPONS - SUSP STILL IN AREA,Robbery,ROBBERY
TB24033643,"08/17/2024, 2:20:34 PM","08/18/2024, 1:08:14 PM",THUNDER BAY,ON,P7C 3P8,200 Block MAY ST N, TBPS] ASSAULT SUSP PRESENT OR IN AREA,Assault,ASSAULT
TB24033644,"08/17/2024, 2:24:22 PM","08/18/2024, 1:08:14 PM",THUNDER BAY,ON,P7B 2X7,100 Block COURT ST S," TBPS] MISCHIEF IP/SUSP IN AREA, UNDER 5,000",Other Property Crime,MISCHIEF
TB24033664,"08/17/2024, 6:48:03 PM","08/18/2024, 1:08:14 PM",THUNDER BAY,ON,P7B 1B8,400 Block WAVERLY ST, TBPS] B-E BUS/RES/OTH SUSP PRESENT OR MAY STILL BE IN AREA,Breaking & Entering,B-E BUS/RES/OTH
TB24033422,"08/16/2024, 2:43:41 AM","08/18/2024, 1:08:15 PM",THUNDER BAY,ON,P7A 2K6,200 Block MACDOUGALL ST, TBPS] ASSAULT ACCUSED NOT PRESENT,Assault,ASSAULT
TB24033584,"08/17/2024, 2:47:48 AM","08/18/2024, 1:08:15 PM",THUNDER BAY,ON,P7C 2J6,100 Block PRUDEN ST, TBPS] DRUG OFFENCES SUSP PRESENT OR MAY STILL BE IN AREA,Quality of Life,DRUG OFFENCES
TB24033612,"08/17/2024, 7:09:24 AM","08/18/2024, 1:08:15 PM",THUNDER BAY,ON,P7E 3T2,1000 Block GORE ST W, TBPS] MOTOR VEHICLE COLLISION MVC NO INJURIES,Traffic,MOTOR VEHICLE COLLISION
TB24033621,"08/17/2024, 8:55:50 AM","08/18/2024, 1:08:15 PM",THUNDER BAY,ON,P7B 5E1,900 Block OLIVER RD," TBPS] MISCHIEF 11-10, MICHIEF OVER 5000",Other Property Crime,MISCHIEF
TB24033624,"08/17/2024, 9:15:53 AM","08/18/2024, 1:08:15 PM",THUNDER BAY,ON,P7B 5Z8,900 Block ALLOY DR, TBPS] B-E BUS/RES/OTH SUSP PRESENT OR MAY STILL BE IN AREA,Breaking & Entering,B-E BUS/RES/OTH
TB24033634,"08/17/2024, 10:06:45 AM","08/18/2024, 1:08:15 PM",THUNDER BAY,ON,P7E 3T2,1000 Block GORE ST W," TBPS] THEFT NOT IN PROGRESS, UNDER 5000",Other Theft,THEFT
TB24033641,"08/17/2024, 1:11:07 PM","08/18/2024, 1:08:15 PM",THUNDER BAY,ON,P7J,QUARRY RD AND CHIPPEWA RD, TBPS] MOTOR VEHICLE COLLISION MVC - AMB ENR - DUAL RESP,Other,MOTOR VEHICLE COLLISION
TB24033660,"08/17/2024, 6:38:14 PM","08/18/2024, 1:08:15 PM",THUNDER BAY,ON,P7A 2W7,200 Block EGAN ST, TBPS] B-E BUS/RES/OTH 11-10,Breaking & Entering,B-E BUS/RES/OTH
TB24033834,"08/19/2024, 1:03:26 AM","08/19/2024, 1:08:23 PM",THUNDER BAY,ON,P7C 1N8,200 Block CUMMING ST, TBPS] ASSAULT SUSP PRESENT OR IN AREA,Assault,ASSAULT
TB24033846,"08/19/2024, 1:53:29 AM","08/19/2024, 1:08:25 PM",THUNDER BAY,ON,P7B,CENTRAL AV AND FORT WILLIAM RD, TBPS] MOTOR VEHICLE COLLISION MVC - AMB ENR - DUAL RESP,Other,MOTOR VEHICLE COLLISION
TB24033855,"08/19/2024, 2:52:45 AM","08/19/2024, 1:08:26 PM",THUNDER BAY,ON,P7A 4K8,1000 Block DAWSON RD, TBPS] ASSAULT ACCUSED NOT PRESENT,Assault,ASSAULT
TB24033857,"08/19/2024, 3:04:01 AM","08/19/2024, 1:08:26 PM",THUNDER BAY,ON,P7B 3Z7,700 Block MEMORIAL AV, TBPS] LIQUOR LICENCE ACT LIQUOR LICENCE ACT VIOLATION IN PROGRESS,Quality of Life,LIQUOR LICENCE ACT
TB24033860,"08/19/2024, 3:26:49 AM","08/19/2024, 1:08:27 PM",THUNDER BAY,ON,P7B 2R8,500 Block 16TH AV," TBPS] MISCHIEF IP/SUSP IN AREA, UNDER 5,000",Other Property Crime,MISCHIEF
TB24033875,"08/19/2024, 5:00:08 AM","08/19/2024, 1:08:32 PM",THUNDER BAY,ON,P7B 4Y8,PICTON AV AND BLUCHER CR," TBPS] MISCHIEF IP/SUSP IN AREA, UNDER 5,000",Other Property Crime,MISCHIEF
TB24033895,"08/19/2024, 7:45:00 AM","08/19/2024, 1:08:37 PM",THUNDER BAY,ON,P7B,CENTRAL AV AND CARRICK ST, TBPS] MOTOR VEHICLE COLLISION MVC NO INJURIES,Traffic,MOTOR VEHICLE COLLISION
TB24033899,"08/19/2024, 8:13:57 AM","08/19/2024, 1:08:38 PM",THUNDER BAY,ON,P7B 5R8,100 Block CUMBERLAND ST S, TBPS] ASSAULT SUSP PRESENT OR IN AREA,Assault,ASSAULT
TB24033690,"08/17/2024, 11:13:28 PM","08/19/2024, 1:08:53 PM",THUNDER BAY,ON,P7A 4T8,1 Block COURT ST N, TBPS] ASSAULT ACCUSED NOT PRESENT,Assault,ASSAULT
TB24033714,"08/18/2024, 3:13:05 AM","08/19/2024, 1:08:54 PM",THUNDER BAY,ON,P7B 5J4,1000 Block DAWSON RD, TBPS] ASSAULT SUSP PRESENT OR IN AREA,Assault,ASSAULT
TB24033755,"08/18/2024, 8:26:23 AM","08/19/2024, 1:08:55 PM",THUNDER BAY,ON,P7G 2H7,WARDROPE AV AND BALSAM ST, TBPS] MOTOR VEHICLE COLLISION MVC - AMB ENR - DUAL RESP,Other,MOTOR VEHICLE COLLISION
TB24033762,"08/18/2024, 9:57:53 AM","08/19/2024, 1:08:56 PM",THUNDER BAY,ON,P7C 4E7,100 Block MARKS ST N," TBPS] MISCHIEF IP/SUSP IN AREA, UNDER 5,000",Other Property Crime,MISCHIEF
TB24033759,"08/18/2024, 9:16:29 AM","08/19/2024, 1:08:56 PM",THUNDER BAY,ON,P7C 4Z3,OGDEN ST AND MCKENZIE ST, TBPS] MOTOR VEHICLE COLLISION MVC - AMB ENR - DUAL RESP,Other,MOTOR VEHICLE COLLISION
TB24033782,"08/18/2024, 4:14:59 PM","08/19/2024, 1:08:56 PM",THUNDER BAY,ON,P7C 4A8,800 Block MCKELLAR ST N," TBPS] MISCHIEF IP/SUSP IN AREA, UNDER 5,000",Other Property Crime,MISCHIEF
TB24033775,"08/18/2024, 2:10:40 PM","08/19/2024, 1:08:56 PM",THUNDER BAY,ON,P7G 1S9,3200 Block OLIVER RD, TBPS] MOTOR VEHICLE COLLISION MVC NO INJURIES,Traffic,MOTOR VEHICLE COLLISION
TB24033784,"08/18/2024, 4:28:50 PM","08/19/2024, 1:08:56 PM",THUNDER BAY,ON,P7C 3L6,800 Block SPRING ST," TBPS] MISCHIEF 11-10, MICHIEF UNDER 5000",Other Property Crime,MISCHIEF
TB24033786,"08/18/2024, 4:52:38 PM","08/19/2024, 1:08:56 PM",THUNDER BAY,ON,P7B 4L7,1 Block ENNISKILLEN AV," TBPS] THEFT NOT IN PROGRESS, FROM MOTOR VEHICLE",Theft from Vehicle,THEFT
TB24033788,"08/18/2024, 5:08:31 PM","08/19/2024, 1:08:56 PM",THUNDER BAY,ON,P7J,CHIPPEWA RD AND JAMES ST S, TBPS] MOTOR VEHICLE COLLISION MVC - AMB ENR - DUAL RESP,Other,MOTOR VEHICLE COLLISION
TB24033809,"08/18/2024, 8:48:07 PM","08/19/2024, 1:08:57 PM",THUNDER BAY,ON,P7C 3K1,700 Block SIMPSON ST," TBPS] THEFT NOT IN PROGRESS, UNDER 5000",Other Theft,THEFT
TB24033795,"08/18/2024, 6:50:08 PM","08/19/2024, 1:08:57 PM",THUNDER BAY,ON,P7C 1A6,400 Block VICTORIA AV E," TBPS] MISCHIEF 11-10, MICHIEF UNDER 5000",Other Property Crime,MISCHIEF
TB24033816,"08/18/2024, 10:05:46 PM","08/19/2024, 1:08:57 PM",THUNDER BAY,ON,P7B 5J4,1000 Block DAWSON RD," TBPS] THEFT NOT IN PROGRESS, FROM MOTOR VEHICLE",Theft from Vehicle,THEFT
TB24033823,"08/18/2024, 11:14:57 PM","08/19/2024, 1:08:57 PM",THUNDER BAY,ON,P7G,DAWSON RD AND PAQUETTE RD, TBPS] MOTOR VEHICLE COLLISION MVC NO INJURIES,Traffic,MOTOR VEHICLE COLLISION
TB24034015,"08/20/2024, 12:04:06 AM","08/20/2024, 1:06:44 PM",THUNDER BAY,ON,P7E 6T6,1300 Block NEEBING AV, TBPS] ASSAULT SUSP PRESENT OR IN AREA,Assault,ASSAULT
TB24034019,"08/20/2024, 12:21:52 AM","08/20/2024, 1:06:47 PM",THUNDER BAY,ON,P7C 3R3,MAY ST N AND DEASE ST, TBPS] MOTOR VEHICLE COLLISION MVC NO INJURIES,Traffic,MOTOR VEHICLE COLLISION
TB24034029,"08/20/2024, 12:56:39 AM","08/20/2024, 1:06:52 PM",THUNDER BAY,ON,P7B 6S2,700 Block MEMORIAL AV, TBPS] THEFT SUSP STILL PRESENT OR MAY BE IN AREA,Other Theft,THEFT
TB24034032,"08/20/2024, 1:42:45 AM","08/20/2024, 1:06:53 PM",THUNDER BAY,ON,P7C 3P9,300 Block MAY ST N, TBPS] DRUG OFFENCES SUSP PRESENT OR MAY STILL BE IN AREA,Quality of Life,DRUG OFFENCES
TB24034034,"08/20/2024, 2:14:09 AM","08/20/2024, 1:06:54 PM",THUNDER BAY,ON,P7C 3P8,200 Block MAY ST N, TBPS] B-E BUS/RES/OTH SUSP PRESENT OR MAY STILL BE IN AREA,Breaking & Entering,B-E BUS/RES/OTH
TB24034040,"08/20/2024, 2:42:04 AM","08/20/2024, 1:06:55 PM",THUNDER BAY,ON,P7C 2K7,200 Block FINLAYSON ST, TBPS] DRUG OFFENCES SUSP PRESENT OR MAY STILL BE IN AREA,Quality of Life,DRUG OFFENCES
TB24034046,"08/20/2024, 2:55:43 AM","08/20/2024, 1:06:57 PM",THUNDER BAY,ON,P7J,CITY RD AND JAMES ST S, TBPS] MOTOR VEHICLE COLLISION MVC - AMB ENR - DUAL RESP,Other,MOTOR VEHICLE COLLISION
TB24034053,"08/20/2024, 3:41:00 AM","08/20/2024, 1:06:59 PM",THUNDER BAY,ON,P7A 8C5,500 Block ALGOMA ST N, TBPS] B-E BUS/RES/OTH SUSP PRESENT OR MAY STILL BE IN AREA,Breaking & Entering,B-E BUS/RES/OTH
TB24034056,"08/20/2024, 4:15:28 AM","08/20/2024, 1:06:59 PM",THUNDER BAY,ON,P7C 3P4,LEITH ST AND MAY ST N," TBPS] SEXUAL ASSAULT JUST OCCURRED, ACCUSED NOT PRESENT",Other,SEXUAL ASSAULT
TB24034061,"08/20/2024, 4:39:47 AM","08/20/2024, 1:06:59 PM",THUNDER BAY,ON,P7B 5K5,1100 Block MEMORIAL AV, TBPS] ASSAULT SUSP PRESENT OR IN AREA,Assault,ASSAULT
TB24034074,"08/20/2024, 6:38:43 AM","08/20/2024, 1:07:00 PM",THUNDER BAY,ON,P7B 3Z5,700 Block MEMORIAL AV," TBPS] THEFT NOT IN PROGRESS, FROM MOTOR VEHICLE",Theft from Vehicle,THEFT
TB24033576,"08/17/2024, 2:12:27 AM","08/20/2024, 1:07:02 PM",THUNDER BAY,ON,P7E 2J5,1400 Block EDWARD ST S, TBPS] B-E BUS/RES/OTH 11-10,Breaking & Entering,B-E BUS/RES/OTH
TB24033887,"08/19/2024, 6:16:25 AM","08/20/2024, 1:07:08 PM",THUNDER BAY,ON,P7B 3Y6,400 Block MEMORIAL AV, TBPS] ASSAULT SUSP PRESENT OR IN AREA,Assault,ASSAULT
TB24033915,"08/19/2024, 12:32:54 PM","08/20/2024, 1:07:15 PM",THUNDER BAY,ON,P7E 5M8,900 Block ARTHUR ST E, TBPS] ROBBERY NO WEAPONS - SUSP STILL IN AREA,Robbery,ROBBERY
TB24033923,"08/19/2024, 2:51:31 PM","08/20/2024, 1:07:17 PM",THUNDER BAY,ON,P7A 4P5,MUNRO ST AND CUMBERLAND ST N, TBPS] MOTOR VEHICLE COLLISION 11-10 MVC ANY TYPE,Other,MOTOR VEHICLE COLLISION
TB24033924,"08/19/2024, 2:59:47 PM","08/20/2024, 1:07:17 PM",THUNDER BAY,ON,P7K 1K2,ARTHUR ST W AND PARKDALE BLVD, TBPS] MOTOR VEHICLE COLLISION 11-10 MVC ANY TYPE,Other,MOTOR VEHICLE COLLISION
TB24033926,"08/19/2024, 3:07:35 PM","08/20/2024, 1:07:18 PM",THUNDER BAY,ON,P7B,MEMORIAL AV AND HARBOUR EXPRESSWAY, TBPS] MOTOR VEHICLE COLLISION 11-10 MVC ANY TYPE,Other,MOTOR VEHICLE COLLISION
TB24033927,"08/19/2024, 3:16:21 PM","08/20/2024, 1:07:18 PM",THUNDER BAY,ON,P7A 3S4,600 Block RIVER ST, TBPS] MOTOR VEHICLE COLLISION 11-10 MVC ANY TYPE,Other,MOTOR VEHICLE COLLISION
TB24033929,"08/19/2024, 3:20:13 PM","08/20/2024, 1:07:19 PM",THUNDER BAY,ON,P7A 1L8,LYON BLVD E AND ARUNDEL ST, TBPS] MOTOR VEHICLE COLLISION 11-10 MVC ANY TYPE,Other,MOTOR VEHICLE COLLISION
TB24033933,"08/19/2024, 3:52:17 PM","08/20/2024, 1:07:20 PM",THUNDER BAY,ON,.,CENTRAL AV AND BALMORAL ST, TBPS] MOTOR VEHICLE COLLISION MVC NO INJURIES,Traffic,MOTOR VEHICLE COLLISION
TB24033934,"08/19/2024, 4:06:38 PM","08/20/2024, 1:07:20 PM",THUNDER BAY,ON,P7B 1K3,800 Block RED RIVER RD, TBPS] MOTOR VEHICLE COLLISION 11-10 MVC ANY TYPE,Other,MOTOR VEHICLE COLLISION
TB24033941,"08/19/2024, 4:31:18 PM","08/20/2024, 1:07:22 PM",THUNDER BAY,ON,.,1 Block 588 HWY," TBPS] THEFT NOT IN PROGRESS, OVER 5000",Other Theft,THEFT
TB24033943,"08/19/2024, 4:42:05 PM","08/20/2024, 1:07:23 PM",THUNDER BAY,ON,P7B 5L6,300 Block MAIN ST, TBPS] MOTOR VEHICLE COLLISION 11-10 MVC ANY TYPE,Other,MOTOR VEHICLE COLLISION
TB24033945,"08/19/2024, 4:50:22 PM","08/20/2024, 1:07:23 PM",THUNDER BAY,ON,P7J 1G6,2000 Block JAMES ST S, TBPS] MOTOR VEHICLE COLLISION 11-10 MVC ANY TYPE,Other,MOTOR VEHICLE COLLISION
TB24033948,"08/19/2024, 4:53:35 PM","08/20/2024, 1:07:24 PM",THUNDER BAY,ON,P7B 6S2,700 Block MEMORIAL AV, TBPS] ROBBERY NO WEAPONS - SUSP STILL IN AREA,Robbery,ROBBERY
TB24033949,"08/19/2024, 4:55:54 PM","08/20/2024, 1:07:24 PM",THUNDER BAY,ON,P7E 5S2,1100 Block ARTHUR ST W, TBPS] MOTOR VEHICLE COLLISION 11-10 MVC ANY TYPE,Other,MOTOR VEHICLE COLLISION
TB24033950,"08/19/2024, 4:59:02 PM","08/20/2024, 1:07:25 PM",THUNDER BAY,ON,P7B 2A3,1100 Block JOHN ST. RD, TBPS] MOTOR VEHICLE COLLISION 11-10 MVC ANY TYPE,Other,MOTOR VEHICLE COLLISION
TB24033956,"08/19/2024, 5:49:02 PM","08/20/2024, 1:07:26 PM",THUNDER BAY,ON,P7B 5W3,700 Block CENTRAL AV, TBPS] MOTOR VEHICLE COLLISION 11-10 MVC ANY TYPE,Other,MOTOR VEHICLE COLLISION
TB24033958,"08/19/2024, 5:58:34 PM","08/20/2024, 1:07:26 PM",THUNDER BAY,ON,P7A 3S4,600 Block RIVER ST, TBPS] MOTOR VEHICLE COLLISION 11-10 MVC ANY TYPE,Other,MOTOR VEHICLE COLLISION
TB24033960,"08/19/2024, 6:05:40 PM","08/20/2024, 1:07:27 PM",THUNDER BAY,ON,P7B 1K7,1000 Block DAWSON RD, TBPS] LIQUOR LICENCE ACT LIQUOR LICENCE ACT VIOLATION IN PROGRESS,Quality of Life,LIQUOR LICENCE ACT
TB24033965,"08/19/2024, 6:22:20 PM","08/20/2024, 1:07:28 PM",THUNDER BAY,ON,P7B 3Y6,400 Block MEMORIAL AV, TBPS] MOTOR VEHICLE COLLISION 11-10 MVC ANY TYPE,Other,MOTOR VEHICLE COLLISION
TB24033968,"08/19/2024, 7:15:06 PM","08/20/2024, 1:07:29 PM",THUNDER BAY,ON,P7E 6V3,200 Block KELNER PL, TBPS] MOTOR VEHICLE COLLISION 11-10 MVC ANY TYPE,Other,MOTOR VEHICLE COLLISION
TB24033971,"08/19/2024, 7:19:39 PM","08/20/2024, 1:07:29 PM",THUNDER BAY,ON,P7A,RIVER ST AND MADELINE ST, TBPS] MOTOR VEHICLE COLLISION 11-10 MVC ANY TYPE,Other,MOTOR VEHICLE COLLISION
TB24033973,"08/19/2024, 7:29:33 PM","08/20/2024, 1:07:30 PM",THUNDER BAY,ON,P7A 3S4,600 Block RIVER ST, TBPS] MOTOR VEHICLE COLLISION 11-10 MVC ANY TYPE,Other,MOTOR VEHICLE COLLISION
TB24033972,"08/19/2024, 7:22:15 PM","08/20/2024, 1:07:30 PM",THUNDER BAY,ON,P7B,FORT WILLIAM RD AND SECOND AV, TBPS] MOTOR VEHICLE COLLISION 11-10 MVC ANY TYPE,Other,MOTOR VEHICLE COLLISION
TB24033974,"08/19/2024, 7:36:11 PM","08/20/2024, 1:07:31 PM",THUNDER BAY,ON,P7A,RIVER ST AND CUMBERLAND ST N, TBPS] MOTOR VEHICLE COLLISION 11-10 MVC ANY TYPE,Other,MOTOR VEHICLE COLLISION
TB24033976,"08/19/2024, 7:41:49 PM","08/20/2024, 1:07:31 PM",THUNDER BAY,ON,P7B 6S2,700 Block MEMORIAL AV, TBPS] MOTOR VEHICLE COLLISION 11-10 MVC ANY TYPE,Other,MOTOR VEHICLE COLLISION
TB24033978,"08/19/2024, 7:59:17 PM","08/20/2024, 1:07:32 PM",THUNDER BAY,ON,P7B 6N7,JASPER DR AND BALMORAL ST, TBPS] MOTOR VEHICLE COLLISION 11-10 MVC ANY TYPE,Other,MOTOR VEHICLE COLLISION
TB24033981,"08/19/2024, 8:24:37 PM","08/20/2024, 1:07:33 PM",THUNDER BAY,ON,P7E 1H3,100 Block CENTENNIAL SQ, TBPS] MOTOR VEHICLE COLLISION 11-10 MVC ANY TYPE,Other,MOTOR VEHICLE COLLISION
TB24033982,"08/19/2024, 8:46:19 PM","08/20/2024, 1:07:33 PM",THUNDER BAY,ON,P7C 2N1,200 Block OGDEN ST, TBPS] DRUG OFFENCES SUSP PRESENT OR MAY STILL BE IN AREA,Quality of Life,DRUG OFFENCES
TB24033988,"08/19/2024, 9:28:50 PM","08/20/2024, 1:07:35 PM",THUNDER BAY,ON,P7B 2V9,100 Block JOHNSON AV, TBPS] ROBBERY NO WEAPONS - SUSP STILL IN AREA,Robbery,ROBBERY
TB24033991,"08/19/2024, 9:45:22 PM","08/20/2024, 1:07:36 PM",THUNDER BAY,ON,.,PRINCESS ST AND 61 HWY, TBPS] MOTOR VEHICLE COLLISION MVC - AMB ENR - DUAL RESP,Other,MOTOR VEHICLE COLLISION
TB24033994,"08/19/2024, 10:05:43 PM","08/20/2024, 1:07:36 PM",THUNDER BAY,ON,P7C 5A3,REDWOOD AV W AND JAMES ST N, TBPS] MOTOR VEHICLE COLLISION JAWS REQD - DUAL RESP,Traffic,MOTOR VEHICLE COLLISION
TB24033997,"08/19/2024, 10:52:19 PM","08/20/2024, 1:07:37 PM",THUNDER BAY,ON,P7C 3X5,800 Block SYNDICATE AV N, TBPS] DRUG OFFENCES SUSP PRESENT OR MAY STILL BE IN AREA,Quality of Life,DRUG OFFENCES
TB24034181,"08/20/2024, 10:44:39 PM","08/21/2024, 1:04:24 PM",THUNDER BAY,ON,P7E 5T5,2800 Block VALOUR PL," TBPS] THEFT NOT IN PROGRESS, UNDER 5000",Other Theft,THEFT
TB24034185,"08/21/2024, 12:15:04 AM","08/21/2024, 1:04:24 PM",THUNDER BAY,ON,P7B 1K3,900 Block RED RIVER RD, TBPS] ROBBERY WEAPONS - SUSP STILL IN AREA,Robbery,ROBBERY
TB24034190,"08/21/2024, 12:43:40 AM","08/21/2024, 1:04:25 PM",THUNDER BAY,ON,P7A 4N4,200 Block CUMBERLAND ST N, TBPS] MOTOR VEHICLE COLLISION MVC - AMB ENR - DUAL RESP,Other,MOTOR VEHICLE COLLISION
TB24034189,"08/21/2024, 12:36:18 AM","08/21/2024, 1:04:25 PM",THUNDER BAY,ON,P7B 6S2,700 Block MEMORIAL AV," TBPS] THEFT IN PROGRESS, OVER 50000",Other Theft,THEFT
TB24034198,"08/21/2024, 1:47:06 AM","08/21/2024, 1:04:27 PM",THUNDER BAY,ON,P7B 5L6,300 Block MAIN ST," TBPS] THEFT NOT IN PROGRESS, FROM MOTOR VEHICLE",Theft from Vehicle,THEFT
TB24034197,"08/21/2024, 1:47:22 AM","08/21/2024, 1:04:27 PM",THUNDER BAY,ON,P7E 4X3,400 Block WALSH ST W, TBPS] B-E BUS/RES/OTH 11-10,Breaking & Entering,B-E BUS/RES/OTH
TB24034210,"08/21/2024, 3:55:32 AM","08/21/2024, 1:04:30 PM",THUNDER BAY,ON,P7B 3Y6,400 Block MEMORIAL AV, TBPS] ASSAULT ACCUSED NOT PRESENT,Assault,ASSAULT
TB24034214,"08/21/2024, 4:36:41 AM","08/21/2024, 1:04:30 PM",THUNDER BAY,ON,P7E 2Y4,900 Block BROADMORE AV, TBPS] B-E BUS/RES/OTH SUSP PRESENT OR MAY STILL BE IN AREA,Breaking & Entering,B-E BUS/RES/OTH
TB24034227,"08/21/2024, 6:16:35 AM","08/21/2024, 1:04:33 PM",THUNDER BAY,ON,P7J 1G4,2100 Block 61 HWY, TBPS] ASSAULT SUSP PRESENT OR IN AREA,Assault,ASSAULT
TB24034065,"08/20/2024, 5:14:16 AM","08/21/2024, 1:04:39 PM",THUNDER BAY,ON,P7E 2B4,900 Block KINGSWAY, TBPS] THEFT SUSP STILL PRESENT OR MAY BE IN AREA,Other Theft,THEFT
TB24034081,"08/20/2024, 8:46:53 AM","08/21/2024, 1:04:41 PM",THUNDER BAY,ON,P7C 3X8,100 Block CENTENNIAL SQ, TBPS] B-E BUS/RES/OTH SUSP PRESENT OR MAY STILL BE IN AREA,Breaking & Entering,B-E BUS/RES/OTH
TB24034092,"08/20/2024, 12:53:45 PM","08/21/2024, 1:04:42 PM",THUNDER BAY,ON,P7C 3T4,400 Block BRODIE ST N, TBPS] B-E BUS/RES/OTH SUSP PRESENT OR MAY STILL BE IN AREA,Breaking & Entering,B-E BUS/RES/OTH
TB24034097,"08/20/2024, 2:50:18 PM","08/21/2024, 1:04:43 PM",THUNDER BAY,ON,P7E 4H1,BROCK ST E AND FORD ST S, TBPS] MOTOR VEHICLE COLLISION MVC - AMB ENR - DUAL RESP,Other,MOTOR VEHICLE COLLISION
TB24034098,"08/20/2024, 2:53:53 PM","08/21/2024, 1:04:43 PM",THUNDER BAY,ON,P7J 1H7,1000 Block DEEPWOOD DR, TBPS] MOTOR VEHICLE COLLISION 11-10 MVC ANY TYPE,Other,MOTOR VEHICLE COLLISION
TB24034100,"08/20/2024, 2:59:01 PM","08/21/2024, 1:04:43 PM",THUNDER BAY,ON,P7B 3M5,500 Block HIGH ST S, TBPS] MOTOR VEHICLE COLLISION MVC NO INJURIES,Traffic,MOTOR VEHICLE COLLISION
TB24034101,"08/20/2024, 3:13:08 PM","08/21/2024, 1:04:43 PM",THUNDER BAY,ON,P7B 5L6,300 Block MAIN ST, TBPS] MOTOR VEHICLE COLLISION 11-10 MVC ANY TYPE,Other,MOTOR VEHICLE COLLISION
TB24034103,"08/20/2024, 3:21:02 PM","08/21/2024, 1:04:44 PM",THUNDER BAY,ON,P7B,1 Block AV AND CARRICK ST, TBPS] MOTOR VEHICLE COLLISION 11-10 MVC ANY TYPE,Other,MOTOR VEHICLE COLLISION
TB24034109,"08/20/2024, 3:48:05 PM","08/21/2024, 1:04:44 PM",THUNDER BAY,ON,P7A 7S2,400 Block YORK ST, TBPS] MOTOR VEHICLE COLLISION 11-10 MVC ANY TYPE,Other,MOTOR VEHICLE COLLISION
TB24034108,"08/20/2024, 3:41:34 PM","08/21/2024, 1:04:44 PM",THUNDER BAY,ON,P7B 6S2,700 Block MEMORIAL AV, TBPS] MOTOR VEHICLE COLLISION 11-10 MVC ANY TYPE,Other,MOTOR VEHICLE COLLISION
TB24034106,"08/20/2024, 3:26:48 PM","08/21/2024, 1:04:44 PM",THUNDER BAY,ON,P7C 2E9,100 Block INGLEWOOD CR, TBPS] MOTOR VEHICLE COLLISION 11-10 MVC ANY TYPE,Other,MOTOR VEHICLE COLLISION
TB24034112,"08/20/2024, 4:00:43 PM","08/21/2024, 1:04:45 PM",THUNDER BAY,ON,P7B,FORT WILLIAM RD AND HARBOUR EXPRESSWAY, TBPS] MOTOR VEHICLE COLLISION 11-10 MVC ANY TYPE,Other,MOTOR VEHICLE COLLISION
TB24034114,"08/20/2024, 4:12:24 PM","08/21/2024, 1:04:45 PM",THUNDER BAY,ON,P7C 2Y1,500 Block MCBAIN ST, TBPS] MOTOR VEHICLE COLLISION 11-10 MVC ANY TYPE,Other,MOTOR VEHICLE COLLISION
TB24034113,"08/20/2024, 4:08:03 PM","08/21/2024, 1:04:45 PM",THUNDER BAY,ON,P7B 6C7,1 Block PAUL SHAFFER DR, TBPS] MOTOR VEHICLE COLLISION 11-10 MVC ANY TYPE,Other,MOTOR VEHICLE COLLISION
TB24034119,"08/20/2024, 4:30:11 PM","08/21/2024, 1:04:45 PM",THUNDER BAY,ON,P7C 5A3,JAMES ST N AND REDWOOD AV W, TBPS] MOTOR VEHICLE COLLISION 11-10 MVC ANY TYPE,Other,MOTOR VEHICLE COLLISION
TB24034117,"08/20/2024, 4:22:09 PM","08/21/2024, 1:04:45 PM",THUNDER BAY,ON,P7C 3R8,600 Block MAY ST N, TBPS] MOTOR VEHICLE COLLISION 11-10 MVC ANY TYPE,Other,MOTOR VEHICLE COLLISION
TB24034121,"08/20/2024, 4:55:13 PM","08/21/2024, 1:04:46 PM",THUNDER BAY,ON,P7B 7A4,1100 Block OLIVER RD, TBPS] MOTOR VEHICLE COLLISION 11-10 MVC ANY TYPE,Other,MOTOR VEHICLE COLLISION
TB24034123,"08/20/2024, 4:57:08 PM","08/21/2024, 1:04:46 PM",THUNDER BAY,ON,P7E 2Y5,900 Block BROADMORE AV, TBPS] B-E BUS/RES/OTH SUSP PRESENT OR MAY STILL BE IN AREA,Breaking & Entering,B-E BUS/RES/OTH
TB24034124,"08/20/2024, 5:01:44 PM","08/21/2024, 1:04:46 PM",THUNDER BAY,ON,P7B,PEARL ST AND ALGOMA ST S, TBPS] MOTOR VEHICLE COLLISION 11-10 MVC ANY TYPE,Other,MOTOR VEHICLE COLLISION
TB24034126,"08/20/2024, 5:04:48 PM","08/21/2024, 1:04:46 PM",THUNDER BAY,ON,P7A 4Z3,1 Block ALGOMA ST N, TBPS] MOTOR VEHICLE COLLISION 11-10 MVC ANY TYPE,Other,MOTOR VEHICLE COLLISION
TB24034127,"08/20/2024, 5:07:57 PM","08/21/2024, 1:04:46 PM",THUNDER BAY,ON,P7C 4Y7,300 Block LILLIE ST N, TBPS] MOTOR VEHICLE COLLISION 11-10 MVC ANY TYPE,Other,MOTOR VEHICLE COLLISION
TB24034131,"08/20/2024, 5:27:54 PM","08/21/2024, 1:04:47 PM",THUNDER BAY,ON,P7B 1K2,JUNOT AV N AND RED RIVER RD, TBPS] MOTOR VEHICLE COLLISION 11-10 MVC ANY TYPE,Other,MOTOR VEHICLE COLLISION
TB24034134,"08/20/2024, 5:47:38 PM","08/21/2024, 1:04:47 PM",THUNDER BAY,ON,P7B 6S2,700 Block MEMORIAL AV," TBPS] THEFT IN PROGRESS, OVER 50000",Other Theft,THEFT
TB24034141,"08/20/2024, 6:34:24 PM","08/21/2024, 1:04:47 PM",THUNDER BAY,ON,P7B,1 Block AV AND FIELD ST, TBPS] MOTOR VEHICLE COLLISION 11-10 MVC ANY TYPE,Other,MOTOR VEHICLE COLLISION
TB24034139,"08/20/2024, 6:26:15 PM","08/21/2024, 1:04:47 PM",THUNDER BAY,ON,P7B 6S2,700 Block MEMORIAL AV, TBPS] MOTOR VEHICLE COLLISION 11-10 MVC ANY TYPE,Other,MOTOR VEHICLE COLLISION
TB24034143,"08/20/2024, 6:53:56 PM","08/21/2024, 1:04:48 PM",THUNDER BAY,ON,P7B 3A6,900 Block FORT WILLIAM RD, TBPS] MOTOR VEHICLE COLLISION 11-10 MVC ANY TYPE,Other,MOTOR VEHICLE COLLISION
TB24034145,"08/20/2024, 7:06:02 PM","08/21/2024, 1:04:48 PM",THUNDER BAY,ON,P7B 3Z5,600 Block MEMORIAL AV," TBPS] THEFT NOT IN PROGRESS, FROM MOTOR VEHICLE",Theft from Vehicle,THEFT
TB24034150,"08/20/2024, 7:51:44 PM","08/21/2024, 1:04:48 PM",THUNDER BAY,ON,.,100 Block PEARL ST, TBPS] B-E BUS/RES/OTH 11-10,Breaking & Entering,B-E BUS/RES/OTH
TB24034153,"08/20/2024, 8:13:35 PM","08/21/2024, 1:04:48 PM",THUNDER BAY,ON,P7E 5X9,100 Block DONALD ST W, TBPS] STOLEN VEHICLE SUSP NOT IN AREA,Theft of Vehicle,STOLEN VEHICLE
TB24034156,"08/20/2024, 8:30:30 PM","08/21/2024, 1:04:48 PM",THUNDER BAY,ON,P7E 4J7,200 Block MARY ST E, TBPS] MOTOR VEHICLE COLLISION 11-10 MVC ANY TYPE,Other,MOTOR VEHICLE COLLISION
TB24034178,"08/20/2024, 10:22:08 PM","08/21/2024, 1:04:49 PM",THUNDER BAY,ON,P7C 2M2,100 Block HERON ST, TBPS] ASSAULT SUSP PRESENT OR IN AREA,Assault,ASSAULT
TB24034179,"08/20/2024, 10:27:55 PM","08/21/2024, 1:04:49 PM",THUNDER BAY,ON,P7B 5T9,BALMORAL ST AND HEWITSON ST, TBPS] MOTOR VEHICLE COLLISION MVC - AMB ENR - DUAL RESP,Other,MOTOR VEHICLE COLLISION
TB24034415,"08/22/2024, 4:28:15 AM","08/22/2024, 1:06:12 PM",THUNDER BAY,ON,P7A 4L8,1 Block CUMBERLAND ST N, TBPS] MOTOR VEHICLE COLLISION MVC - AMB ENR - DUAL RESP,Other,MOTOR VEHICLE COLLISION
TB24034414,"08/22/2024, 4:28:29 AM","08/22/2024, 1:06:12 PM",THUNDER BAY,ON,P7B 6P4,500 Block HARBOUR EXPRESSWAY, TBPS] ASSAULT SUSP PRESENT OR IN AREA,Assault,ASSAULT
TB24034439,"08/22/2024, 8:14:03 AM","08/22/2024, 1:06:12 PM",THUNDER BAY,ON,P7E 5Y8,400 Block GEORGE ST, TBPS] ASSAULT SUSP PRESENT OR IN AREA,Assault,ASSAULT
TB24033962,"08/19/2024, 6:10:06 PM","08/22/2024, 1:06:12 PM",THUNDER BAY,ON,P7J 1E8,2300 Block 61 HWY, TBPS] ASSAULT ACCUSED NOT PRESENT,Assault,ASSAULT
TB24034140,"08/20/2024, 6:29:46 PM","08/22/2024, 1:06:12 PM",THUNDER BAY,ON,P7C 3J6,500 Block SIMPSON ST, TBPS] DRUG OFFENCES SUSP PRESENT OR MAY STILL BE IN AREA,Quality of Life,DRUG OFFENCES
TB24034394,"08/22/2024, 2:19:29 AM","08/22/2024, 1:06:13 PM",THUNDER BAY,ON,P7B 3Y2,300 Block MEMORIAL AV, TBPS] INDECENT ACTS SUSP PRESENT OR MAY STILL BE IN AREA,Sexual Offense,INDECENT ACTS
TB24034400,"08/22/2024, 3:06:17 AM","08/22/2024, 1:06:13 PM",THUNDER BAY,ON,P7A 4T8,1 Block COURT ST N, TBPS] THEFT SUSP STILL PRESENT OR MAY BE IN AREA,Other Theft,THEFT
TB24034407,"08/22/2024, 3:37:53 AM","08/22/2024, 1:06:13 PM",THUNDER BAY,ON,P7B 2H2,500 Block OLIVER RD, TBPS] ASSAULT SUSP PRESENT OR IN AREA,Assault,ASSAULT
TB24034440,"08/22/2024, 8:28:39 AM","08/22/2024, 1:06:13 PM",THUNDER BAY,ON,P7A,THUNDER BAY EXPRESSWAY AND RED RIVER RD, TBPS] MOTOR VEHICLE COLLISION MVC INJURIES FIRE NOT REQ,Traffic,MOTOR VEHICLE COLLISION
TB24034369,"08/22/2024, 12:19:06 AM","08/22/2024, 1:06:14 PM",THUNDER BAY,ON,P7B 3Z7,700 Block MEMORIAL AV, TBPS] THEFT SUSP STILL PRESENT OR MAY BE IN AREA,Other Theft,THEFT
TB24034379,"08/22/2024, 1:19:36 AM","08/22/2024, 1:06:14 PM",THUNDER BAY,ON,P7E 1E3,300 Block SYNDICATE AV S," TBPS] THEFT NOT IN PROGRESS, FROM MOTOR VEHICLE",Theft from Vehicle,THEFT
TB24034388,"08/22/2024, 2:06:12 AM","08/22/2024, 1:06:14 PM",THUNDER BAY,ON,P7C 4A6,700 Block MCKELLAR ST N, TBPS] DRUG OFFENCES SUSP PRESENT OR MAY STILL BE IN AREA,Quality of Life,DRUG OFFENCES
TB24034402,"08/22/2024, 3:18:54 AM","08/22/2024, 1:06:14 PM",THUNDER BAY,ON,P7B 1K3,800 Block RED RIVER RD," TBPS] THEFT NOT IN PROGRESS, UNDER 5000",Other Theft,THEFT
TB24034342,"08/21/2024, 9:22:24 PM","08/22/2024, 1:06:15 PM",THUNDER BAY,ON,P7B 1E3,200 Block PEARL ST, TBPS] B-E BUS/RES/OTH 11-10,Breaking & Entering,B-E BUS/RES/OTH
TB24034349,"08/21/2024, 10:06:55 PM","08/22/2024, 1:06:15 PM",THUNDER BAY,ON,P7C 5G9,600 Block BALMORAL ST, TBPS] MOTOR VEHICLE COLLISION MVC - AMB ENR - DUAL RESP,Other,MOTOR VEHICLE COLLISION
TB24034351,"08/21/2024, 10:17:41 PM","08/22/2024, 1:06:15 PM",THUNDER BAY,ON,P7B 3J2,100 Block BANNING ST, TBPS] B-E BUS/RES/OTH SUSP PRESENT OR MAY STILL BE IN AREA,Breaking & Entering,B-E BUS/RES/OTH
TB24034355,"08/21/2024, 10:56:04 PM","08/22/2024, 1:06:15 PM",THUNDER BAY,ON,P7E 5V3,500 Block DONALD ST E," TBPS] THEFT NOT IN PROGRESS, UNDER 5000",Other Theft,THEFT
TB24034356,"08/21/2024, 11:10:52 PM","08/22/2024, 1:06:15 PM",THUNDER BAY,ON,P7E,1 Block HWY AND ARTHUR ST W, TBPS] MOTOR VEHICLE COLLISION JAWS REQD - DUAL RESP,Traffic,MOTOR VEHICLE COLLISION
TB24034357,"08/21/2024, 11:21:22 PM","08/22/2024, 1:06:15 PM",THUNDER BAY,ON,P7A 4P7,300 Block CUMBERLAND ST N, TBPS] TRESPASS AT NIGHT SUSP NOT IN AREA - REPORTED AFTER THE FA,Other Property Crime,TRESPASS AT NIGHT
TB24034297,"08/21/2024, 5:55:42 PM","08/22/2024, 1:06:16 PM",THUNDER BAY,ON,P7A 4K8,1 Block CUMBERLAND ST N," TBPS] MISCHIEF 11-10, MICHIEF UNDER 5000",Other Property Crime,MISCHIEF
TB24034315,"08/21/2024, 7:14:09 PM","08/22/2024, 1:06:16 PM",THUNDER BAY,ON,P7C 3K3,800 Block SIMPSON ST, TBPS] STOLEN VEHICLE SUSP NOT IN AREA,Theft of Vehicle,STOLEN VEHICLE
TB24034320,"08/21/2024, 7:42:32 PM","08/22/2024, 1:06:16 PM",THUNDER BAY,ON,P7C 3J6,500 Block SIMPSON ST, TBPS] ROBBERY NO WEAPONS - SUSP STILL IN AREA,Robbery,ROBBERY
TB24034318,"08/21/2024, 7:26:03 PM","08/22/2024, 1:06:16 PM",THUNDER BAY,ON,P7B 3Z7,700 Block MEMORIAL AV, TBPS] THEFT SUSP STILL PRESENT OR MAY BE IN AREA,Other Theft,THEFT
TB24034289,"08/21/2024, 5:30:10 PM","08/22/2024, 1:06:17 PM",THUNDER BAY,ON,P7E 5R6,600 Block ARTHUR ST W, TBPS] MOTOR VEHICLE COLLISION 11-10 MVC ANY TYPE,Other,MOTOR VEHICLE COLLISION
TB24034291,"08/21/2024, 5:40:44 PM","08/22/2024, 1:06:17 PM",THUNDER BAY,ON,P7E 5R8,600 Block ARTHUR ST W, TBPS] MOTOR VEHICLE COLLISION 11-10 MVC ANY TYPE,Other,MOTOR VEHICLE COLLISION
TB24034293,"08/21/2024, 5:46:21 PM","08/22/2024, 1:06:17 PM",THUNDER BAY,ON,P7B 2B5,BALMORAL ST AND MONTGOMERY ST, TBPS] MOTOR VEHICLE COLLISION 11-10 MVC ANY TYPE,Other,MOTOR VEHICLE COLLISION
TB24034294,"08/21/2024, 5:48:17 PM","08/22/2024, 1:06:17 PM",THUNDER BAY,ON,P7C 3J3,400 Block SIMPSON ST, TBPS] MISCHIEF NIP GRAFFITTI,Other Property Crime,MISCHIEF
TB24034304,"08/21/2024, 6:26:15 PM","08/22/2024, 1:06:17 PM",THUNDER BAY,ON,P7E 2M6,1400 Block BROWN ST," TBPS] THEFT NOT IN PROGRESS, UNDER 5000",Other Theft,THEFT
TB24034305,"08/21/2024, 6:29:30 PM","08/22/2024, 1:06:17 PM",THUNDER BAY,ON,P0T 1T0,4700 Block 11-17 HWY," TBPS] THEFT NOT IN PROGRESS, UNDER 5000",Other Theft,THEFT
TB24034317,"08/21/2024, 7:19:20 PM","08/22/2024, 1:06:17 PM",THUNDER BAY,ON,P7E 5R5,500 Block ARTHUR ST W, TBPS] MOTOR VEHICLE COLLISION MVC NO INJURIES,Traffic,MOTOR VEHICLE COLLISION
TB24034254,"08/21/2024, 12:22:25 PM","08/22/2024, 1:06:18 PM",THUNDER BAY,ON,P7C 4L4,200 Block BRUNSWICK ST N," TBPS] MISCHIEF 11-10, MICHIEF UNDER 5000",Other Property Crime,MISCHIEF
TB24034257,"08/21/2024, 2:25:35 PM","08/22/2024, 1:06:18 PM",THUNDER BAY,ON,P7C,200 Block LEGION TRACK DR," TBPS] MISCHIEF IP/SUSP IN AREA, UNDER 5,000",Other Property Crime,MISCHIEF
TB24034258,"08/21/2024, 2:35:14 PM","08/22/2024, 1:06:18 PM",THUNDER BAY,ON,P7E 6G6,ARTHUR ST W AND EUCLID AV, TBPS] MOTOR VEHICLE COLLISION 11-10 MVC ANY TYPE,Other,MOTOR VEHICLE COLLISION
TB24034260,"08/21/2024, 2:45:16 PM","08/22/2024, 1:06:18 PM",THUNDER BAY,ON,P7E 2V3,500 Block ARTHUR ST W, TBPS] MOTOR VEHICLE COLLISION 11-10 MVC ANY TYPE,Other,MOTOR VEHICLE COLLISION
TB24034263,"08/21/2024, 2:53:59 PM","08/22/2024, 1:06:18 PM",THUNDER BAY,ON,P7C 5Y2,200 Block LILLIE ST N, TBPS] MOTOR VEHICLE COLLISION 11-10 MVC ANY TYPE,Other,MOTOR VEHICLE COLLISION
TB24034264,"08/21/2024, 2:58:43 PM","08/22/2024, 1:06:18 PM",THUNDER BAY,ON,P7B 3M5,500 Block HIGH ST S, TBPS] MOTOR VEHICLE COLLISION 11-10 MVC ANY TYPE,Other,MOTOR VEHICLE COLLISION
TB24034266,"08/21/2024, 3:00:15 PM","08/22/2024, 1:06:18 PM",THUNDER BAY,ON,P7J 1E8,2300 Block 61 HWY, TBPS] ASSAULT ACCUSED PRESENT,Assault,ASSAULT
TB24034268,"08/21/2024, 3:22:26 PM","08/22/2024, 1:06:18 PM",THUNDER BAY,ON,P7B 4A6,700 Block MACDONELL ST, TBPS] MOTOR VEHICLE COLLISION 11-10 MVC ANY TYPE,Other,MOTOR VEHICLE COLLISION
TB24034270,"08/21/2024, 3:48:17 PM","08/22/2024, 1:06:18 PM",THUNDER BAY,ON,P7B 4T7,700 Block CENTRAL AV, TBPS] STOLEN VEHICLE SUSP NOT IN AREA,Theft of Vehicle,STOLEN VEHICLE
TB24034278,"08/21/2024, 4:34:07 PM","08/22/2024, 1:06:18 PM",THUNDER BAY,ON,P7J,CITY RD AND JAMES ST S, TBPS] MOTOR VEHICLE COLLISION 11-10 MVC ANY TYPE,Other,MOTOR VEHICLE COLLISION
TB24034279,"08/21/2024, 4:35:36 PM","08/22/2024, 1:06:18 PM",THUNDER BAY,ON,P7B 2Z6,400 Block FORT WILLIAM RD, TBPS] MISCHIEF IP PROGRESS/SUPECT IN AREA,Other Property Crime,MISCHIEF
TB24034281,"08/21/2024, 4:50:38 PM","08/22/2024, 1:06:18 PM",THUNDER BAY,ON,P7B,MEMORIAL AV AND ISABEL ST, TBPS] MOTOR VEHICLE COLLISION 11-10 MVC ANY TYPE,Other,MOTOR VEHICLE COLLISION
TB24034287,"08/21/2024, 5:21:53 PM","08/22/2024, 1:06:18 PM",THUNDER BAY,ON,P7A 2W4,900 Block HUDSON AV, TBPS] MOTOR VEHICLE COLLISION 11-10 MVC ANY TYPE,Other,MOTOR VEHICLE COLLISION
TB24034244,"08/21/2024, 9:22:01 AM","08/22/2024, 1:06:19 PM",THUNDER BAY,ON,P7B 2T1,1 Block CUMBERLAND ST S," TBPS] MISCHIEF IP/SUSP IN AREA, UNDER 5,000",Other Property Crime,MISCHIEF
TB24034262,"08/21/2024, 2:48:27 PM","08/22/2024, 1:06:19 PM",THUNDER BAY,ON,P7C 2S3,600 Block PACIFIC AV," TBPS] MISCHIEF 11-10, MICHIEF UNDER 5000",Other Property Crime,MISCHIEF
TB24034545,"08/23/2024, 12:31:52 AM","08/23/2024, 1:05:48 PM",THUNDER BAY,ON,P7G 1S7,200 Block OWEN DR," TBPS] THEFT NOT IN PROGRESS, UNDER 5000",Other Theft,THEFT
TB24034546,"08/23/2024, 12:45:19 AM","08/23/2024, 1:05:48 PM",THUNDER BAY,ON,P7B 2X5,100 Block COURT ST S, TBPS] DRUG OFFENCES SUSP PRESENT OR MAY STILL BE IN AREA,Quality of Life,DRUG OFFENCES
TB24034558,"08/23/2024, 2:26:10 AM","08/23/2024, 1:05:50 PM",THUNDER BAY,ON,P7B 2Y3,1 Block MACHAR AV, TBPS] ASSAULT SUSP PRESENT OR IN AREA,Assault,ASSAULT
TB24034560,"08/23/2024, 2:36:51 AM","08/23/2024, 1:05:51 PM",THUNDER BAY,ON,P7E 2L9,1100 Block BROWN ST," TBPS] MISCHIEF IP/SUSP IN AREA, UNDER 5,000",Other Property Crime,MISCHIEF
TB24034566,"08/23/2024, 3:37:32 AM","08/23/2024, 1:05:51 PM",THUNDER BAY,ON,P7E 5P7,200 Block ARTHUR ST W," TBPS] THEFT NOT IN PROGRESS, UNDER 5000",Other Theft,THEFT
TB24034567,"08/23/2024, 3:50:45 AM","08/23/2024, 1:05:51 PM",THUNDER BAY,ON,P7B 6B9,ISABEL ST AND FORT WILLIAM RD, TBPS] ASSAULT SUSP PRESENT OR IN AREA,Assault,ASSAULT
TB24034575,"08/23/2024, 4:37:48 AM","08/23/2024, 1:05:52 PM",THUNDER BAY,ON,P7C,MAY ST N AND MILES ST E, TBPS] MOTOR VEHICLE COLLISION MVC - AMB ENR - DUAL RESP,Other,MOTOR VEHICLE COLLISION
TB24034581,"08/23/2024, 5:06:53 AM","08/23/2024, 1:05:53 PM",THUNDER BAY,ON,P7E 5X9,100 Block DONALD ST W," TBPS] THEFT NOT IN PROGRESS, UNDER 5000",Other Theft,THEFT
TB24034442,"08/22/2024, 8:30:33 AM","08/23/2024, 1:05:59 PM",THUNDER BAY,ON,P7B 1K3,800 Block RED RIVER RD," TBPS] MISCHIEF IP/SUSP IN AREA, MICHIEF OVER 5000",Other Property Crime,MISCHIEF
TB24034455,"08/22/2024, 11:43:16 AM","08/23/2024, 1:05:59 PM",THUNDER BAY,ON,P7E,ARTHUR ST W AND 61 HWY, TBPS] LIQUOR LICENCE ACT LIQUOR LICENCE ACT VIOLATION IN PROGRESS,Quality of Life,LIQUOR LICENCE ACT
TB24034471,"08/22/2024, 2:52:46 PM","08/23/2024, 1:06:00 PM",THUNDER BAY,ON,P7B,MAIN ST AND HAMMOND AV, TBPS] MOTOR VEHICLE COLLISION 11-10 MVC ANY TYPE,Other,MOTOR VEHICLE COLLISION
TB24034487,"08/22/2024, 5:04:01 PM","08/23/2024, 1:06:01 PM",THUNDER BAY,ON,P7B 5L6,300 Block MAIN ST, TBPS] THEFT SUSP STILL PRESENT OR MAY BE IN AREA,Other Theft,THEFT
TB24034495,"08/22/2024, 5:38:55 PM","08/23/2024, 1:06:01 PM",THUNDER BAY,ON,P7E 6P9,ARTHUR ST W AND VALHALLA INN RD, TBPS] MOTOR VEHICLE COLLISION MVC NO INJURIES,Traffic,MOTOR VEHICLE COLLISION
TB24034491,"08/22/2024, 5:14:07 PM","08/23/2024, 1:06:01 PM",THUNDER BAY,ON,P7B,MEMORIAL AV AND ISABEL ST, TBPS] MOTOR VEHICLE COLLISION 11-10 MVC ANY TYPE,Other,MOTOR VEHICLE COLLISION
TB24034498,"08/22/2024, 6:28:31 PM","08/23/2024, 1:06:01 PM",THUNDER BAY,ON,P7G 2J2,1800 Block PAQUETTE RD," TBPS] MISCHIEF 11-10, MICHIEF OVER 5000",Other Property Crime,MISCHIEF
TB24034502,"08/22/2024, 6:00:00 PM","08/23/2024, 1:06:02 PM",THUNDER BAY,ON,P7A 7V4,100 Block LAIDLAW DR, TBPS] ASSAULT ACCUSED NOT PRESENT,Assault,ASSAULT
TB24034506,"08/22/2024, 7:58:42 PM","08/23/2024, 1:06:02 PM",THUNDER BAY,ON,P7E,JAMES ST S AND KINGSTON ST, TBPS] MOTOR VEHICLE COLLISION MVC NO INJURIES,Traffic,MOTOR VEHICLE COLLISION
TB24034514,"08/22/2024, 9:04:22 PM","08/23/2024, 1:06:02 PM",THUNDER BAY,ON,P7B 5K5,1100 Block MEMORIAL AV," TBPS] ASSAULT JUST OCCURRED, ACCUSED NOT PRESENT",Assault,ASSAULT
TB24034511,"08/22/2024, 8:37:53 PM","08/23/2024, 1:06:02 PM",THUNDER BAY,ON,P7E,KINGSWAY AND ARTHUR ST E, TBPS] MOTOR VEHICLE COLLISION 11-10 MVC ANY TYPE,Other,MOTOR VEHICLE COLLISION
TB24034515,"08/22/2024, 9:12:28 PM","08/23/2024, 1:06:02 PM",THUNDER BAY,ON,P7E 1M3,ARTHUR ST E AND MARKS ST S, TBPS] MOTOR VEHICLE COLLISION MVC - AMB ENR - DUAL RESP,Other,MOTOR VEHICLE COLLISION
TB24034519,"08/22/2024, 10:13:26 PM","08/23/2024, 1:06:03 PM",THUNDER BAY,ON,P7E 1E5,400 Block SYNDICATE AV S," TBPS] MISCHIEF IP/SUSP IN AREA, UNDER 5,000",Other Property Crime,MISCHIEF
TB24034524,"08/22/2024, 10:47:52 PM","08/23/2024, 1:06:03 PM",THUNDER BAY,ON,P7A 7S8,500 Block WENTWORTH CR, TBPS] LIQUOR LICENCE ACT LIQUOR LICENCE ACT VIOLATION IN PROGRESS,Quality of Life,LIQUOR LICENCE ACT
TB24034533,"08/22/2024, 11:27:56 PM","08/23/2024, 1:06:03 PM",THUNDER BAY,ON,P7B 6K2,300 Block RIVIERA DR," TBPS] THEFT NOT IN PROGRESS, FROM MOTOR VEHICLE",Theft from Vehicle,THEFT
TB24034532,"08/22/2024, 11:25:52 PM","08/23/2024, 1:06:03 PM",THUNDER BAY,ON,P7B 0B5,BEVERLY ST AND BALMORAL ST, TBPS] MOTOR VEHICLE COLLISION MVC NO INJURIES,Traffic,MOTOR VEHICLE COLLISION
TB24034714,"08/23/2024, 10:49:13 PM","08/24/2024, 1:08:20 PM",THUNDER BAY,ON,P7B 3Y2,300 Block MEMORIAL AV, TBPS] THEFT SUSP STILL PRESENT OR MAY BE IN AREA,Other Theft,THEFT
TB24034726,"08/24/2024, 12:01:36 AM","08/24/2024, 1:08:20 PM",THUNDER BAY,ON,P7B 5L6,300 Block MAIN ST, TBPS] THEFT SUSP STILL PRESENT OR MAY BE IN AREA,Other Theft,THEFT
TB24034729,"08/24/2024, 12:08:47 AM","08/24/2024, 1:08:20 PM",THUNDER BAY,ON,P7B 5L6,300 Block MAIN ST, TBPS] THEFT SUSP STILL PRESENT OR MAY BE IN AREA,Other Theft,THEFT
TB24034749,"08/24/2024, 3:30:24 AM","08/24/2024, 1:08:20 PM",THUNDER BAY,ON,P7B 4M7,100 Block WINDEMERE AV S, TBPS] B-E BUS/RES/OTH SUSP PRESENT OR MAY STILL BE IN AREA,Breaking & Entering,B-E BUS/RES/OTH
TB24034752,"08/24/2024, 3:55:07 AM","08/24/2024, 1:08:20 PM",THUNDER BAY,ON,P7B 6S2,700 Block MEMORIAL AV, TBPS] THEFT SUSP STILL PRESENT OR MAY BE IN AREA,Other Theft,THEFT
TB24034767,"08/24/2024, 5:33:17 AM","08/24/2024, 1:08:20 PM",THUNDER BAY,ON,P7B 2Y5,CORNWALL AV AND MACHAR AV, TBPS] ASSAULT SUSP PRESENT OR IN AREA,Assault,ASSAULT
TB24034769,"08/24/2024, 6:08:25 AM","08/24/2024, 1:08:20 PM",THUNDER BAY,ON,P7B 3Z5,600 Block MEMORIAL AV, TBPS] MOTOR VEHICLE COLLISION MVC - AMB ENR - DUAL RESP,Other,MOTOR VEHICLE COLLISION
TB24034691,"08/23/2024, 8:11:37 PM","08/24/2024, 1:08:21 PM",THUNDER BAY,ON,P7C 3H4,200 Block SIMPSON ST," TBPS] THEFT NOT IN PROGRESS, UNDER 5000",Other Theft,THEFT
TB24034693,"08/23/2024, 8:27:55 PM","08/24/2024, 1:08:21 PM",THUNDER BAY,ON,P7A 4M2,100 Block CUMBERLAND ST N," TBPS] ASSAULT JUST OCCURRED, ACCUSED NOT PRESENT",Assault,ASSAULT
TB24034713,"08/23/2024, 10:32:46 PM","08/24/2024, 1:08:21 PM",THUNDER BAY,ON,P7C 2G4,MCKENZIE ST AND BETHUNE ST, TBPS] MOTOR VEHICLE COLLISION MVC NO INJURIES,Traffic,MOTOR VEHICLE COLLISION
TB24034718,"08/23/2024, 11:11:08 PM","08/24/2024, 1:08:21 PM",THUNDER BAY,ON,P7B 2H6,OLIVER RD AND BALMORAL ST, TBPS] MOTOR VEHICLE COLLISION MVC - AMB ENR - DUAL RESP,Other,MOTOR VEHICLE COLLISION
TB24034724,"08/23/2024, 11:41:31 PM","08/24/2024, 1:08:21 PM",THUNDER BAY,ON,P7B 6B9,1000 Block FORT WILLIAM RD," TBPS] THEFT NOT IN PROGRESS, FROM MOTOR VEHICLE",Theft from Vehicle,THEFT
TB24034751,"08/24/2024, 3:48:16 AM","08/24/2024, 1:08:21 PM",THUNDER BAY,ON,P7B 2T5,1 Block CUMBERLAND ST S, TBPS] ASSAULT SUSP PRESENT OR IN AREA,Assault,ASSAULT
TB24034683,"08/23/2024, 7:16:23 PM","08/24/2024, 1:08:22 PM",THUNDER BAY,ON,P7A 4M2,100 Block CUMBERLAND ST N, TBPS] ASSAULT ACCUSED NOT PRESENT,Assault,ASSAULT
TB24034684,"08/23/2024, 7:17:13 PM","08/24/2024, 1:08:22 PM",THUNDER BAY,ON,P7E 5R8,600 Block ARTHUR ST W, TBPS] MOTOR VEHICLE COLLISION MVC NO INJURIES,Traffic,MOTOR VEHICLE COLLISION
TB24034690,"08/23/2024, 8:04:24 PM","08/24/2024, 1:08:22 PM",THUNDER BAY,ON,P7B 3H2,ONTARIO ST AND FIRST AV, TBPS] MOTOR VEHICLE COLLISION 11-10 MVC ANY TYPE,Other,MOTOR VEHICLE COLLISION
TB24034694,"08/23/2024, 8:33:30 PM","08/24/2024, 1:08:22 PM",THUNDER BAY,ON,P7B 3X9,400 Block RUPERT ST, TBPS] B-E BUS/RES/OTH SUSP PRESENT OR MAY STILL BE IN AREA,Breaking & Entering,B-E BUS/RES/OTH
TB24034711,"08/23/2024, 10:20:40 PM","08/24/2024, 1:08:22 PM",THUNDER BAY,ON,P7A 3V7,COLLEGE ST AND DAWSON ST, TBPS] MOTOR VEHICLE COLLISION 11-10 MVC ANY TYPE,Other,MOTOR VEHICLE COLLISION
TB24034742,"08/24/2024, 2:47:23 AM","08/24/2024, 1:08:22 PM",THUNDER BAY,ON,P7B 3X9,400 Block RUPERT ST, TBPS] B-E BUS/RES/OTH SUSP PRESENT OR MAY STILL BE IN AREA,Breaking & Entering,B-E BUS/RES/OTH
TB24034745,"08/24/2024, 3:00:17 AM","08/24/2024, 1:08:22 PM",THUNDER BAY,ON,P7C 2K7,200 Block FINLAYSON ST, TBPS] ASSAULT SUSP PRESENT OR IN AREA,Assault,ASSAULT
TB24034638,"08/23/2024, 3:32:24 PM","08/24/2024, 1:08:23 PM",THUNDER BAY,ON,P7C 1B9,1200 Block VICTORIA AV E, TBPS] DRUG OFFENCES SUSP PRESENT OR MAY STILL BE IN AREA,Quality of Life,DRUG OFFENCES
TB24034661,"08/23/2024, 5:50:20 PM","08/24/2024, 1:08:23 PM",THUNDER BAY,ON,P7B 3Y3,MEMORIAL AV AND QUEEN ST, TBPS] MOTOR VEHICLE COLLISION 11-10 MVC ANY TYPE,Other,MOTOR VEHICLE COLLISION
TB24034672,"08/23/2024, 6:23:37 PM","08/24/2024, 1:08:23 PM",THUNDER BAY,ON,P7J 1B7,1 Block SIDE RD AND 61 HWY, TBPS] MOTOR VEHICLE COLLISION 11-10 MVC ANY TYPE,Other,MOTOR VEHICLE COLLISION
TB24034605,"08/23/2024, 10:28:38 AM","08/24/2024, 1:08:24 PM",THUNDER BAY,ON,P7B 2T1,1 Block CUMBERLAND ST S, TBPS] LIQUOR LICENCE ACT LIQUOR LICENCE ACT VIOLATION IN PROGRESS,Quality of Life,LIQUOR LICENCE ACT
TB24034608,"08/23/2024, 11:05:19 AM","08/24/2024, 1:08:24 PM",THUNDER BAY,ON,P7E 5R5,500 Block ARTHUR ST W, TBPS] ASSAULT SUSP PRESENT OR IN AREA,Assault,ASSAULT
TB24034617,"08/23/2024, 1:02:37 PM","08/24/2024, 1:08:24 PM",THUNDER BAY,ON,P7B 5M6,1100 Block RUSSELL ST, TBPS] B-E BUS/RES/OTH SUSP PRESENT OR MAY STILL BE IN AREA,Breaking & Entering,B-E BUS/RES/OTH
TB24034623,"08/23/2024, 1:41:43 PM","08/24/2024, 1:08:24 PM",THUNDER BAY,ON,P7B 2Z8,500 Block FORT WILLIAM RD, TBPS] MOTOR VEHICLE COLLISION MVC NO INJURIES,Traffic,MOTOR VEHICLE COLLISION
TB24034627,"08/23/2024, 2:25:24 PM","08/24/2024, 1:08:24 PM",THUNDER BAY,ON,P7B 4E8,1 Block DALTON AV, TBPS] B-E BUS/RES/OTH SUSP PRESENT OR MAY STILL BE IN AREA,Breaking & Entering,B-E BUS/RES/OTH
TB24034632,"08/23/2024, 3:05:39 PM","08/24/2024, 1:08:24 PM",THUNDER BAY,ON,P7E 5P4,ARTHUR ST E AND FORD ST S, TBPS] MOTOR VEHICLE COLLISION 11-10 MVC ANY TYPE,Other,MOTOR VEHICLE COLLISION
TB24034633,"08/23/2024, 3:08:47 PM","08/24/2024, 1:08:24 PM",THUNDER BAY,ON,P7C 5Y3,300 Block WATERLOO ST N, TBPS] MOTOR VEHICLE COLLISION 11-10 MVC ANY TYPE,Other,MOTOR VEHICLE COLLISION
TB24034634,"08/23/2024, 3:15:26 PM","08/24/2024, 1:08:24 PM",THUNDER BAY,ON,P7B 1H3,RED RIVER RD AND RUPERT ST, TBPS] MOTOR VEHICLE COLLISION 11-10 MVC ANY TYPE,Other,MOTOR VEHICLE COLLISION
TB24034636,"08/23/2024, 3:26:38 PM","08/24/2024, 1:08:24 PM",THUNDER BAY,ON,P7B 6M4,1200 Block AMBER DR, TBPS] STOLEN VEHICLE SUSP NOT IN AREA,Theft of Vehicle,STOLEN VEHICLE
TB24034652,"08/23/2024, 5:08:03 PM","08/24/2024, 1:08:24 PM",THUNDER BAY,ON,P7B,FORT WILLIAM RD AND SECOND AV, TBPS] MOTOR VEHICLE COLLISION 11-10 MVC ANY TYPE,Other,MOTOR VEHICLE COLLISION
TB24034598,"08/23/2024, 8:36:04 AM","08/24/2024, 1:08:25 PM",THUNDER BAY,ON,P7C 3X8,100 Block CENTENNIAL SQ, TBPS] B-E BUS/RES/OTH SUSP PRESENT OR MAY STILL BE IN AREA,Breaking & Entering,B-E BUS/RES/OTH
TB24034619,"08/23/2024, 1:07:15 PM","08/24/2024, 1:08:25 PM",THUNDER BAY,ON,P7C 4B4,400 Block VICKERS ST N, TBPS] ASSAULT SUSP PRESENT OR IN AREA,Assault,ASSAULT
TB24034630,"08/23/2024, 2:50:29 PM","08/24/2024, 1:08:25 PM",THUNDER BAY,ON,P7B 4A3,1000 Block MEMORIAL AV, TBPS] MOTOR VEHICLE COLLISION 11-10 MVC ANY TYPE,Other,MOTOR VEHICLE COLLISION
TB24034746,"08/24/2024, 3:00:55 AM","08/24/2024, 1:08:26 PM",THUNDER BAY,ON,P7B 5R8,100 Block CUMBERLAND ST S, TBPS] INDECENT ACTS SUSP PRESENT OR MAY STILL BE IN AREA,Sexual Offense,INDECENT ACTS
TB24034857,"08/24/2024, 10:13:43 PM","08/25/2024, 1:06:01 PM",THUNDER BAY,ON,P7A 4N5,VAN HORNE ST AND CUMBERLAND ST N, TBPS] ASSAULT SUSP PRESENT OR IN AREA,Assault,ASSAULT
TB24034858,"08/24/2024, 10:36:58 PM","08/25/2024, 1:06:01 PM",THUNDER BAY,ON,P7J,MOUNTAIN RD AND MONTROSE PL, TBPS] MOTOR VEHICLE COLLISION MVC - AMB ENR - DUAL RESP,Other,MOTOR VEHICLE COLLISION
TB24034860,"08/24/2024, 10:44:19 PM","08/25/2024, 1:06:02 PM",THUNDER BAY,ON,P7C 3H4,200 Block SIMPSON ST, TBPS] ASSAULT SUSP PRESENT OR IN AREA,Assault,ASSAULT
TB24034867,"08/24/2024, 11:20:45 PM","08/25/2024, 1:06:04 PM",THUNDER BAY,ON,P7B 1L4,200 Block AMBROSE ST, TBPS] ASSAULT SUSP PRESENT OR IN AREA,Assault,ASSAULT
TB24034868,"08/24/2024, 11:24:51 PM","08/25/2024, 1:06:04 PM",THUNDER BAY,ON,P7A 4Y6,1 Block ROYSTON CT, TBPS] ASSAULT ACCUSED NOT PRESENT,Assault,ASSAULT
TB24034869,"08/24/2024, 11:42:40 PM","08/25/2024, 1:06:04 PM",THUNDER BAY,ON,P7B 6B9,1000 Block FORT WILLIAM RD," TBPS] THEFT IN PROGRESS, OVER 50000",Other Theft,THEFT
TB24034874,"08/25/2024, 12:40:10 AM","08/25/2024, 1:06:05 PM",THUNDER BAY,ON,P7A 4L8,1 Block CUMBERLAND ST N, TBPS] ASSAULT SUSP PRESENT OR IN AREA,Assault,ASSAULT
TB24034879,"08/25/2024, 1:20:29 AM","08/25/2024, 1:06:05 PM",THUNDER BAY,ON,P7A 5T9,100 Block BRENT ST," TBPS] THEFT NOT IN PROGRESS, UNDER 5000",Other Theft,THEFT
TB24034889,"08/25/2024, 2:52:41 AM","08/25/2024, 1:06:07 PM",THUNDER BAY,ON,P7E 5P5,2600 Block ARTHUR ST E," TBPS] THEFT NOT IN PROGRESS, UNDER 5000",Other Theft,THEFT
TB24034912,"08/25/2024, 6:46:30 AM","08/25/2024, 1:06:09 PM",THUNDER BAY,ON,P7B 3Z8,800 Block MEMORIAL AV, TBPS] ASSAULT ACCUSED NOT PRESENT,Assault,ASSAULT
TB24034429,"08/22/2024, 6:15:40 AM","08/25/2024, 1:06:12 PM",THUNDER BAY,ON,P7B 1V8,200 Block WINDSOR ST," TBPS] MISCHIEF 11-10, MICHIEF UNDER 5000",Other Property Crime,MISCHIEF
TB24034770,"08/24/2024, 6:12:07 AM","08/25/2024, 1:06:15 PM",THUNDER BAY,ON,P7B 3A6,900 Block FORT WILLIAM RD," TBPS] SEXUAL ASSAULT JUST OCCURRED, ACCUSED NOT PRESENT",Other,SEXUAL ASSAULT
TB24034777,"08/24/2024, 7:23:22 AM","08/25/2024, 1:06:15 PM",THUNDER BAY,ON,P7B 1E3,200 Block PEARL ST, TBPS] ROBBERY NO WEAPONS - SUSP STILL IN AREA,Robbery,ROBBERY
TB24034779,"08/24/2024, 7:50:37 AM","08/25/2024, 1:06:15 PM",THUNDER BAY,ON,P7E 5V7,1100 Block LINCOLN ST, TBPS] B-E BUS/RES/OTH SUSP PRESENT OR MAY STILL BE IN AREA,Breaking & Entering,B-E BUS/RES/OTH
TB24034786,"08/24/2024, 9:20:42 AM","08/25/2024, 1:06:16 PM",THUNDER BAY,ON,P7C 3B5,600 Block MCLAUGHLIN ST," TBPS] MISCHIEF IP/SUSP IN AREA, MICHIEF OVER 5000",Other Property Crime,MISCHIEF
TB24034790,"08/24/2024, 10:01:16 AM","08/25/2024, 1:06:16 PM",THUNDER BAY,ON,P7E 2B7,1200 Block FORD ST S, TBPS] ASSAULT SUSP PRESENT OR IN AREA,Assault,ASSAULT
TB24034796,"08/24/2024, 11:07:42 AM","08/25/2024, 1:06:17 PM",THUNDER BAY,ON,P7B 3E9,1 Block ONTARIO ST, TBPS] ASSAULT SUSP PRESENT OR IN AREA,Assault,ASSAULT
TB24034798,"08/24/2024, 12:09:15 PM","08/25/2024, 1:06:17 PM",THUNDER BAY,ON,P7A 4K8,1 Block CUMBERLAND ST N," TBPS] SEXUAL ASSAULT JUST OCCURRED, ACCUSED NOT PRESENT",Other,SEXUAL ASSAULT
TB24034801,"08/24/2024, 1:39:03 PM","08/25/2024, 1:06:17 PM",THUNDER BAY,ON,P0T 1X0,100 Block HWY AND MUD LAKE RD, TBPS] MOTOR VEHICLE COLLISION MVC NO INJURIES,Traffic,MOTOR VEHICLE COLLISION
TB24034805,"08/24/2024, 2:58:09 PM","08/25/2024, 1:06:17 PM",THUNDER BAY,ON,P7A 4K8,1 Block CUMBERLAND ST N, TBPS] ASSAULT ACCUSED PRESENT,Assault,ASSAULT
TB24034811,"08/24/2024, 3:46:56 PM","08/25/2024, 1:06:18 PM",THUNDER BAY,ON,P7B 6J8,1 Block PICTON AV, TBPS] LIQUOR LICENCE ACT LIQUOR LICENCE ACT VIOLATION IN PROGRESS,Quality of Life,LIQUOR LICENCE ACT
TB24034825,"08/24/2024, 5:52:56 PM","08/25/2024, 1:06:18 PM",THUNDER BAY,ON,P7B 1H8,ROCKWOOD AV N AND RED RIVER RD, TBPS] MOTOR VEHICLE COLLISION MVC NO INJURIES,Traffic,MOTOR VEHICLE COLLISION
TB24034836,"08/24/2024, 7:08:17 PM","08/25/2024, 1:06:19 PM",THUNDER BAY,ON,P7E 1B8,100 Block BRODIE ST S, TBPS] DRUG OFFENCES SUSP PRESENT OR MAY STILL BE IN AREA,Quality of Life,DRUG OFFENCES
TB24034844,"08/24/2024, 8:12:04 PM","08/25/2024, 1:06:20 PM",THUNDER BAY,ON,P7B 6B9,1000 Block FORT WILLIAM RD," TBPS] THEFT NOT IN PROGRESS, UNDER 5000",Other Theft,THEFT
TB24034853,"08/24/2024, 10:03:45 PM","08/25/2024, 1:06:20 PM",THUNDER BAY,ON,P7B 6S2,700 Block MEMORIAL AV, TBPS] THEFT SUSP STILL PRESENT OR MAY BE IN AREA,Other Theft,THEFT
TB24034979,"08/25/2024, 8:00:00 PM","08/26/2024, 1:08:33 PM",THUNDER BAY,ON,P7B 4E9,1 Block DALTON AV," TBPS] THEFT NOT IN PROGRESS, UNDER 5000",Other Theft,THEFT
TB24034984,"08/25/2024, 8:41:48 PM","08/26/2024, 1:08:34 PM",THUNDER BAY,ON,P7A 6T9,100 Block BLAQUIER AV, TBPS] B-E BUS/RES/OTH SUSP PRESENT OR MAY STILL BE IN AREA,Breaking & Entering,B-E BUS/RES/OTH
TB24034993,"08/25/2024, 9:29:38 PM","08/26/2024, 1:08:35 PM",THUNDER BAY,ON,P7E 2B9,FORD ST S AND AMELIA ST E, TBPS] MOTOR VEHICLE COLLISION MVC NO INJURIES,Traffic,MOTOR VEHICLE COLLISION
TB24034996,"08/25/2024, 10:10:10 PM","08/26/2024, 1:08:36 PM",THUNDER BAY,ON,P7C 3J6,500 Block SIMPSON ST, TBPS] ASSAULT SUSP PRESENT OR IN AREA,Assault,ASSAULT
TB24034997,"08/25/2024, 10:11:55 PM","08/26/2024, 1:08:36 PM",THUNDER BAY,ON,P7B 6S2,700 Block MEMORIAL AV, TBPS] THEFT SUSP STILL PRESENT OR MAY BE IN AREA,Other Theft,THEFT
TB24035007,"08/25/2024, 11:45:46 PM","08/26/2024, 1:08:37 PM",THUNDER BAY,ON,P7B 0A1,1200 Block GOLF LINKS RD, TBPS] THEFT SUSP STILL PRESENT OR MAY BE IN AREA,Other Theft,THEFT
TB24035011,"08/26/2024, 12:07:36 AM","08/26/2024, 1:08:38 PM",THUNDER BAY,ON,P7B 3A6,900 Block FORT WILLIAM RD," TBPS] ASSAULT JUST OCCURRED, ACCUSED NOT PRESENT",Assault,ASSAULT
TB24035020,"08/26/2024, 1:12:04 AM","08/26/2024, 1:08:40 PM",THUNDER BAY,ON,P7B 6S2,700 Block MEMORIAL AV," TBPS] THEFT NOT IN PROGRESS, UNDER 5000",Other Theft,THEFT
TB24035023,"08/26/2024, 1:43:08 AM","08/26/2024, 1:08:41 PM",THUNDER BAY,ON,P7E 2A6,400 Block KINGSWAY," TBPS] MISCHIEF 11-10, MICHIEF UNDER 5000",Other Property Crime,MISCHIEF
TB24035024,"08/26/2024, 2:02:06 AM","08/26/2024, 1:08:41 PM",THUNDER BAY,ON,P7C 4B5,400 Block VICKERS ST N, TBPS] LIQUOR LICENCE ACT LIQUOR LICENCE ACT VIOLATION IN PROGRESS,Quality of Life,LIQUOR LICENCE ACT
TB24035046,"08/26/2024, 5:26:53 AM","08/26/2024, 1:08:44 PM",THUNDER BAY,ON,P7C 1G9,JAMES ST N AND VICTORIA AV W, TBPS] LIQUOR LICENCE ACT LIQUOR LICENCE ACT VIOLATION IN PROGRESS,Quality of Life,LIQUOR LICENCE ACT
TB24034919,"08/25/2024, 7:36:32 AM","08/26/2024, 1:09:16 PM",THUNDER BAY,ON,P7B 2T2,1 Block CUMBERLAND ST S, TBPS] LIQUOR LICENCE ACT LIQUOR LICENCE ACT VIOLATION IN PROGRESS,Quality of Life,LIQUOR LICENCE ACT
TB24034926,"08/25/2024, 9:24:49 AM","08/26/2024, 1:09:18 PM",THUNDER BAY,ON,P7B 5J4,1000 Block DAWSON RD, TBPS] ASSAULT SUSP PRESENT OR IN AREA,Assault,ASSAULT
TB24034933,"08/25/2024, 10:19:10 AM","08/26/2024, 1:09:19 PM",THUNDER BAY,ON,P7A 7J6,BLANCHARD ST AND HINTON AV, TBPS] ASSAULT SUSP PRESENT OR IN AREA,Assault,ASSAULT
TB24034951,"08/25/2024, 3:13:05 PM","08/26/2024, 1:09:21 PM",THUNDER BAY,ON,P7A 4K8,1000 Block DAWSON RD, TBPS] THEFT SUSP STILL PRESENT OR MAY BE IN AREA,Other Theft,THEFT
TB24034954,"08/25/2024, 3:39:38 PM","08/26/2024, 1:09:22 PM",THUNDER BAY,ON,P7A 7R6,300 Block COUNTY BLVD, TBPS] MOTOR VEHICLE COLLISION MVC NO INJURIES,Traffic,MOTOR VEHICLE COLLISION
TB24034962,"08/25/2024, 4:00:00 PM","08/26/2024, 1:09:22 PM",THUNDER BAY,ON,P7B 5Z5,1200 Block BALMORAL ST, TBPS] MOTOR VEHICLE COLLISION 11-10 MVC ANY TYPE,Other,MOTOR VEHICLE COLLISION
TB24034960,"08/25/2024, 4:42:25 PM","08/26/2024, 1:09:22 PM",THUNDER BAY,ON,P7C 3V8,200 Block SYNDICATE AV N, TBPS] B-E BUS/RES/OTH SUSP PRESENT OR MAY STILL BE IN AREA,Breaking & Entering,B-E BUS/RES/OTH
TB24034963,"08/25/2024, 5:00:00 PM","08/26/2024, 1:09:22 PM",THUNDER BAY,ON,P7B 5Z5,1200 Block BALMORAL ST," TBPS] MISCHIEF 11-10, MICHIEF UNDER 5000",Other Property Crime,MISCHIEF
TB24034972,"08/25/2024, 6:28:49 PM","08/26/2024, 1:09:23 PM",THUNDER BAY,ON,P7E 5S2,1100 Block ARTHUR ST W," TBPS] MISCHIEF IP/SUSP IN AREA, UNDER 5,000",Other Property Crime,MISCHIEF
TB24034977,"08/25/2024, 7:49:57 PM","08/26/2024, 1:09:24 PM",THUNDER BAY,ON,P7E 4P2,400 Block CHRISTINA ST E, TBPS] MOTOR VEHICLE COLLISION MVC NO INJURIES,Traffic,MOTOR VEHICLE COLLISION
TB24035156,"08/26/2024, 10:18:49 PM","08/27/2024, 1:03:16 PM",THUNDER BAY,ON,P7A 4K8,1 Block CUMBERLAND ST N, TBPS] ASSAULT SUSP PRESENT OR IN AREA,Assault,ASSAULT
TB24035162,"08/26/2024, 10:52:38 PM","08/27/2024, 1:03:16 PM",THUNDER BAY,ON,P7E 5S2,1100 Block ARTHUR ST W, TBPS] MOTOR VEHICLE COLLISION MVC - AMB ENR - DUAL RESP,Other,MOTOR VEHICLE COLLISION
TB24035164,"08/26/2024, 10:56:51 PM","08/27/2024, 1:03:16 PM",THUNDER BAY,ON,P7B 5L6,300 Block MAIN ST, TBPS] THEFT SUSP STILL PRESENT OR MAY BE IN AREA,Other Theft,THEFT
TB24035169,"08/26/2024, 11:45:02 PM","08/27/2024, 1:03:16 PM",THUNDER BAY,ON,P7B 3Y2,300 Block MEMORIAL AV, TBPS] THEFT SUSP STILL PRESENT OR MAY BE IN AREA,Other Theft,THEFT
TB24035171,"08/27/2024, 12:08:05 AM","08/27/2024, 1:03:16 PM",THUNDER BAY,ON,P7B 7C6,900 Block CARRICK ST, TBPS] ASSAULT SUSP PRESENT OR IN AREA,Assault,ASSAULT
TB24035184,"08/27/2024, 1:06:00 AM","08/27/2024, 1:03:16 PM",THUNDER BAY,ON,P7B 1A5,ST. PAUL ST AND RED RIVER RD, TBPS] ASSAULT ACCUSED NOT PRESENT,Assault,ASSAULT
TB24035132,"08/26/2024, 8:24:14 PM","08/27/2024, 1:03:18 PM",THUNDER BAY,ON,P7B 5L6,300 Block MAIN ST," TBPS] THEFT NOT IN PROGRESS, OVER 5000",Other Theft,THEFT
TB24035135,"08/26/2024, 8:42:53 PM","08/27/2024, 1:03:18 PM",THUNDER BAY,ON,P7E 2B9,FORD ST S AND AMELIA ST E, TBPS] MOTOR VEHICLE COLLISION 11-10 MVC ANY TYPE,Other,MOTOR VEHICLE COLLISION
TB24035137,"08/26/2024, 8:53:46 PM","08/27/2024, 1:03:18 PM",THUNDER BAY,ON,P7C 2W4,900 Block NORTHERN AV," TBPS] THEFT NOT IN PROGRESS, UNDER 5000",Other Theft,THEFT
TB24035117,"08/26/2024, 7:07:09 PM","08/27/2024, 1:03:20 PM",THUNDER BAY,ON,P7B 3J2,100 Block BANNING ST, TBPS] ASSAULT SUSP PRESENT OR IN AREA,Assault,ASSAULT
TB24035121,"08/26/2024, 7:16:36 PM","08/27/2024, 1:03:20 PM",THUNDER BAY,ON,P7C 3J9,SIMPSON ST AND ROWAND ST, TBPS] ASSAULT ACCUSED NOT PRESENT,Assault,ASSAULT
TB24035108,"08/26/2024, 5:49:11 PM","08/27/2024, 1:03:21 PM",THUNDER BAY,ON,P7B,MEMORIAL AV AND HIGH ST S, TBPS] MOTOR VEHICLE COLLISION 11-10 MVC ANY TYPE,Other,MOTOR VEHICLE COLLISION
TB24035115,"08/26/2024, 6:44:34 PM","08/27/2024, 1:03:21 PM",THUNDER BAY,ON,P7C 3L1,400 Block MCKENZIE ST, TBPS] MOTOR VEHICLE COLLISION 11-10 MVC ANY TYPE,Other,MOTOR VEHICLE COLLISION
TB24035118,"08/26/2024, 7:09:21 PM","08/27/2024, 1:03:21 PM",THUNDER BAY,ON,P7E 5X7,2800 Block DONALD ST E," TBPS] THEFT NOT IN PROGRESS, FROM MOTOR VEHICLE",Theft from Vehicle,THEFT
TB24035119,"08/26/2024, 7:09:24 PM","08/27/2024, 1:03:21 PM",THUNDER BAY,ON,P7E,BROWN ST AND FREDERICA ST W, TBPS] MOTOR VEHICLE COLLISION MVC NO INJURIES,Traffic,MOTOR VEHICLE COLLISION
TB24035102,"08/26/2024, 4:56:51 PM","08/27/2024, 1:03:22 PM",THUNDER BAY,ON,P7B 3E5,100 Block SECORD ST, TBPS] ASSAULT SUSP PRESENT OR IN AREA,Assault,ASSAULT
TB24035085,"08/26/2024, 3:21:59 PM","08/27/2024, 1:03:23 PM",THUNDER BAY,ON,P7B 3X9,400 Block RUPERT ST, TBPS] B-E BUS/RES/OTH SUSP PRESENT OR MAY STILL BE IN AREA,Breaking & Entering,B-E BUS/RES/OTH
TB24035087,"08/26/2024, 3:29:01 PM","08/27/2024, 1:03:23 PM",THUNDER BAY,ON,P7C 3K8,100 Block SOUTHERN AV, TBPS] B-E BUS/RES/OTH SUSP PRESENT OR MAY STILL BE IN AREA,Breaking & Entering,B-E BUS/RES/OTH
TB24035092,"08/26/2024, 3:35:34 PM","08/27/2024, 1:03:23 PM",THUNDER BAY,ON,P7B 7A5,1000 Block OLIVER RD, TBPS] MOTOR VEHICLE COLLISION 11-10 MVC ANY TYPE,Other,MOTOR VEHICLE COLLISION
TB24035099,"08/26/2024, 4:52:15 PM","08/27/2024, 1:03:23 PM",THUNDER BAY,ON,P7A 4B8,200 Block VAN NORMAN ST, TBPS] ASSAULT SUSP PRESENT OR IN AREA,Assault,ASSAULT
TB24035072,"08/26/2024, 1:09:09 PM","08/27/2024, 1:03:24 PM",THUNDER BAY,ON,P7B 6V4,900 Block OLIVER RD, TBPS] ASSAULT SUSP PRESENT OR IN AREA,Assault,ASSAULT
TB24035079,"08/26/2024, 2:56:59 PM","08/27/2024, 1:03:24 PM",THUNDER BAY,ON,P7A 4T3,1 Block COURT ST N, TBPS] MOTOR VEHICLE COLLISION 11-10 MVC ANY TYPE,Other,MOTOR VEHICLE COLLISION
TB24035081,"08/26/2024, 2:57:17 PM","08/27/2024, 1:03:24 PM",THUNDER BAY,ON,P7C 5N4,400 Block BALMORAL ST, TBPS] MOTOR VEHICLE COLLISION MVC - AMB ENR - DUAL RESP,Other,MOTOR VEHICLE COLLISION
TB24035083,"08/26/2024, 3:00:42 PM","08/27/2024, 1:03:24 PM",THUNDER BAY,ON,P7B 6L9,HEWITSON ST AND CARRICK ST, TBPS] MOTOR VEHICLE COLLISION 11-10 MVC ANY TYPE,Other,MOTOR VEHICLE COLLISION
TB24035088,"08/26/2024, 3:29:08 PM","08/27/2024, 1:03:24 PM",THUNDER BAY,ON,P7B 4B2,1 Block MCKIBBIN ST, TBPS] MOTOR VEHICLE COLLISION 11-10 MVC ANY TYPE,Other,MOTOR VEHICLE COLLISION
TB24035065,"08/26/2024, 11:57:44 AM","08/27/2024, 1:03:25 PM",THUNDER BAY,ON,P7B 2X9,200 Block COURT ST S," TBPS] MISCHIEF 11-10, MICHIEF OVER 5000",Other Property Crime,MISCHIEF
TB24035063,"08/26/2024, 11:35:11 AM","08/27/2024, 1:03:26 PM",THUNDER BAY,ON,P7E 5R9,700 Block ARTHUR ST W, TBPS] B-E BUS/RES/OTH SUSP PRESENT OR MAY STILL BE IN AREA,Breaking & Entering,B-E BUS/RES/OTH
TB24035066,"08/26/2024, 12:04:58 PM","08/27/2024, 1:03:26 PM",THUNDER BAY,ON,P7E 4H9,BROCK ST E AND EDWARD ST S, TBPS] LIQUOR LICENCE ACT LIQUOR LICENCE ACT VIOLATION IN PROGRESS,Quality of Life,LIQUOR LICENCE ACT
TB24035067,"08/26/2024, 12:07:34 PM","08/27/2024, 1:03:26 PM",THUNDER BAY,ON,P7A,MARGARET ST AND GIBBON ST, TBPS] MOTOR VEHICLE COLLISION MVC NO INJURIES,Traffic,MOTOR VEHICLE COLLISION
TB24035199,"08/27/2024, 2:45:05 AM","08/27/2024, 1:03:28 PM",THUNDER BAY,ON,P7E 5V7,1100 Block LINCOLN ST, TBPS] ASSAULT SUSP PRESENT OR IN AREA,Assault,ASSAULT
TB24035204,"08/27/2024, 3:24:16 AM","08/27/2024, 1:03:28 PM",THUNDER BAY,ON,P7A 3S6,ROCKWOOD AV N AND RIVER ST, TBPS] MOTOR VEHICLE COLLISION MVC - AMB ENR - DUAL RESP,Other,MOTOR VEHICLE COLLISION
TB24035217,"08/27/2024, 4:00:00 AM","08/27/2024, 1:03:28 PM",THUNDER BAY,ON,P7B 5Z5,1200 Block BALMORAL ST," TBPS] THEFT NOT IN PROGRESS, UNDER 5000",Other Theft,THEFT
TB24035212,"08/27/2024, 4:06:39 AM","08/27/2024, 1:03:28 PM",THUNDER BAY,ON,P7B 1R3,200 Block BAY ST, TBPS] ASSAULT SUSP PRESENT OR IN AREA,Assault,ASSAULT
TB24035222,"08/27/2024, 5:08:34 AM","08/27/2024, 1:03:28 PM",THUNDER BAY,ON,P7B 6J8,1 Block PICTON AV, TBPS] B-E BUS/RES/OTH SUSP PRESENT OR MAY STILL BE IN AREA,Breaking & Entering,B-E BUS/RES/OTH
TB24035227,"08/27/2024, 5:50:45 AM","08/27/2024, 1:03:28 PM",THUNDER BAY,ON,P7C 2M3,100 Block HERON ST, TBPS] ROBBERY NO WEAPONS - SUSP STILL IN AREA,Robbery,ROBBERY
TB24034386,"08/22/2024, 2:04:51 AM","08/28/2024, 1:05:19 PM",THUNDER BAY,ON,P7B 5R8,100 Block CUMBERLAND ST S," TBPS] THEFT NOT IN PROGRESS, UNDER 5000",Other Theft,THEFT
TB24035228,"08/27/2024, 6:12:46 AM","08/29/2024, 1:05:23 PM",THUNDER BAY,ON,P7C 4P6,400 Block EDWARD ST N," TBPS] THEFT NOT IN PROGRESS, UNDER 5000",Other Theft,THEFT
TB24035233,"08/27/2024, 6:36:32 AM","08/29/2024, 1:05:24 PM",THUNDER BAY,ON,P7E 5S7,1700 Block SILLS ST, TBPS] MOTOR VEHICLE COLLISION MVC NO INJURIES,Traffic,MOTOR VEHICLE COLLISION
TB24035235,"08/27/2024, 6:49:33 AM","08/29/2024, 1:05:25 PM",THUNDER BAY,ON,P7B 5K5,1100 Block MEMORIAL AV, TBPS] ASSAULT SUSP PRESENT OR IN AREA,Assault,ASSAULT
TB24035252,"08/27/2024, 9:56:16 AM","08/29/2024, 1:05:31 PM",THUNDER BAY,ON,P7A 7N1,100 Block COUNTY BLVD, TBPS] LIQUOR LICENCE ACT LIQUOR LICENCE ACT VIOLATION IN PROGRESS,Quality of Life,LIQUOR LICENCE ACT
TB24035259,"08/27/2024, 1:06:07 PM","08/29/2024, 1:05:32 PM",THUNDER BAY,ON,P7B 2M5,300 Block SPOFFORD ST, TBPS] B-E BUS/RES/OTH SUSP PRESENT OR MAY STILL BE IN AREA,Breaking & Entering,B-E BUS/RES/OTH
TB24035508,"08/28/2024, 9:42:45 PM","08/29/2024, 1:05:32 PM",THUNDER BAY,ON,P7E 1J4,200 Block VICKERS ST S, TBPS] DRUG OFFENCES SUSP PRESENT OR MAY STILL BE IN AREA,Quality of Life,DRUG OFFENCES
TB24035268,"08/27/2024, 2:46:05 PM","08/29/2024, 1:05:33 PM",THUNDER BAY,ON,P7B,OLIVER RD AND THUNDER BAY EXPRESSWAY, TBPS] MOTOR VEHICLE COLLISION MVC - AMB ENR - DUAL RESP,Other,MOTOR VEHICLE COLLISION
TB24035270,"08/27/2024, 3:05:19 PM","08/29/2024, 1:05:33 PM",THUNDER BAY,ON,P7C 5J3,700 Block VICKERS ST N, TBPS] B-E BUS/RES/OTH 11-10,Breaking & Entering,B-E BUS/RES/OTH
TB24035271,"08/27/2024, 3:08:40 PM","08/29/2024, 1:05:33 PM",THUNDER BAY,ON,P7B 5B2,STRAND AV AND TOKIO ST, TBPS] MOTOR VEHICLE COLLISION 11-10 MVC ANY TYPE,Other,MOTOR VEHICLE COLLISION
TB24035274,"08/27/2024, 3:15:12 PM","08/29/2024, 1:05:33 PM",THUNDER BAY,ON,P7G 1Z4,HILLDALE RD AND FENWOOD DR, TBPS] MOTOR VEHICLE COLLISION 11-10 MVC ANY TYPE,Other,MOTOR VEHICLE COLLISION
TB24035275,"08/27/2024, 3:17:44 PM","08/29/2024, 1:05:34 PM",THUNDER BAY,ON,P7B 7C6,900 Block CARRICK ST, TBPS] MOTOR VEHICLE COLLISION 11-10 MVC ANY TYPE,Other,MOTOR VEHICLE COLLISION
TB24035277,"08/27/2024, 3:21:39 PM","08/29/2024, 1:05:34 PM",THUNDER BAY,ON,P7A 4Z3,VAN NORMAN ST AND ALGOMA ST N, TBPS] MOTOR VEHICLE COLLISION 11-10 MVC ANY TYPE,Other,MOTOR VEHICLE COLLISION
TB24035279,"08/27/2024, 3:27:25 PM","08/29/2024, 1:05:34 PM",THUNDER BAY,ON,P7A 3K2,100 Block PENFOLD ST, TBPS] MOTOR VEHICLE COLLISION 11-10 MVC ANY TYPE,Other,MOTOR VEHICLE COLLISION
TB24035281,"08/27/2024, 3:34:01 PM","08/29/2024, 1:05:34 PM",THUNDER BAY,ON,P7B 6S2,700 Block MEMORIAL AV, TBPS] MOTOR VEHICLE COLLISION 11-10 MVC ANY TYPE,Other,MOTOR VEHICLE COLLISION
TB24035525,"08/28/2024, 11:48:25 PM","08/29/2024, 1:05:34 PM",THUNDER BAY,ON,P7A 7A8,1 Block PARSONS AV," TBPS] THEFT NOT IN PROGRESS, UNDER 5000",Other Theft,THEFT
TB24035526,"08/28/2024, 11:53:08 PM","08/29/2024, 1:05:34 PM",THUNDER BAY,ON,P7C 4P7,400 Block EDWARD ST N, TBPS] LIQUOR LICENCE ACT LIQUOR LICENCE ACT VIOLATION IN PROGRESS,Quality of Life,LIQUOR LICENCE ACT
TB24035285,"08/27/2024, 4:01:20 PM","08/29/2024, 1:05:35 PM",THUNDER BAY,ON,P7C 4J6,100 Block BALMORAL ST, TBPS] MOTOR VEHICLE COLLISION 11-10 MVC ANY TYPE,Other,MOTOR VEHICLE COLLISION
TB24035287,"08/27/2024, 4:07:15 PM","08/29/2024, 1:05:35 PM",THUNDER BAY,ON,P7B 2H1,500 Block OLIVER RD, TBPS] MOTOR VEHICLE COLLISION 11-10 MVC ANY TYPE,Other,MOTOR VEHICLE COLLISION
TB24035289,"08/27/2024, 4:20:22 PM","08/29/2024, 1:05:35 PM",THUNDER BAY,ON,P7C 2M3,100 Block HERON ST, TBPS] ASSAULT ACCUSED PRESENT,Assault,ASSAULT
TB24035535,"08/29/2024, 1:11:26 AM","08/29/2024, 1:05:35 PM",THUNDER BAY,ON,P7B 6B7,400 Block WINNIPEG AV," TBPS] THEFT NOT IN PROGRESS, UNDER 5000",Other Theft,THEFT
TB24035537,"08/29/2024, 1:21:17 AM","08/29/2024, 1:05:35 PM",THUNDER BAY,ON,P7C 5V4,400 Block MAY ST N," TBPS] THEFT NOT IN PROGRESS, UNDER 5000",Other Theft,THEFT
TB24035544,"08/29/2024, 2:13:27 AM","08/29/2024, 1:05:36 PM",THUNDER BAY,ON,P7A 1L3,300 Block ARUNDEL ST, TBPS] ASSAULT SUSP PRESENT OR IN AREA,Assault,ASSAULT
TB24035547,"08/29/2024, 2:38:50 AM","08/29/2024, 1:05:36 PM",THUNDER BAY,ON,P7E 5S2,1100 Block ARTHUR ST W, TBPS] THEFT SUSP STILL PRESENT OR MAY BE IN AREA,Other Theft,THEFT
TB24035296,"08/27/2024, 5:23:23 PM","08/29/2024, 1:05:37 PM",THUNDER BAY,ON,P7A 4Y7,COURT ST N AND MCVICAR ST, TBPS] DRUG OFFENCES SUSP PRESENT OR MAY STILL BE IN AREA,Quality of Life,DRUG OFFENCES
TB24035549,"08/29/2024, 3:20:37 AM","08/29/2024, 1:05:37 PM",THUNDER BAY,ON,P7C 4S8,1 Block LIMBRICK ST, TBPS] B-E BUS/RES/OTH SUSP PRESENT OR MAY STILL BE IN AREA,Breaking & Entering,B-E BUS/RES/OTH
TB24035307,"08/27/2024, 6:23:15 PM","08/29/2024, 1:05:38 PM",THUNDER BAY,ON,P7B 4X3,200 Block CLARKSON ST S," TBPS] MISCHIEF IP/SUSP IN AREA, UNDER 5,000",Other Property Crime,MISCHIEF
TB24035559,"08/29/2024, 5:38:05 AM","08/29/2024, 1:05:38 PM",THUNDER BAY,ON,P7B 5K5,1100 Block MEMORIAL AV, TBPS] LIQUOR LICENCE ACT LIQUOR LICENCE ACT VIOLATION IN PROGRESS,Quality of Life,LIQUOR LICENCE ACT
TB24035562,"08/29/2024, 5:49:44 AM","08/29/2024, 1:05:38 PM",THUNDER BAY,ON,P7C 5N4,400 Block BALMORAL ST, TBPS] ASSAULT ACCUSED NOT PRESENT,Assault,ASSAULT
TB24035312,"08/27/2024, 6:52:20 PM","08/29/2024, 1:05:39 PM",THUNDER BAY,ON,P7B 3Y5,400 Block MEMORIAL AV, TBPS] MOTOR VEHICLE COLLISION MVC NO INJURIES,Traffic,MOTOR VEHICLE COLLISION
TB24035313,"08/27/2024, 6:57:00 PM","08/29/2024, 1:05:39 PM",THUNDER BAY,ON,P7B 3Y5,400 Block MEMORIAL AV, TBPS] MOTOR VEHICLE COLLISION 11-10 MVC ANY TYPE,Other,MOTOR VEHICLE COLLISION
TB24035566,"08/29/2024, 6:23:39 AM","08/29/2024, 1:05:39 PM",THUNDER BAY,ON,P7B 3Z7,700 Block MEMORIAL AV, TBPS] STOLEN VEHICLE SUSP PRESENT OR MAY STILL BE IN AREA,Theft of Vehicle,STOLEN VEHICLE
TB24035318,"08/27/2024, 7:44:11 PM","08/29/2024, 1:05:40 PM",THUNDER BAY,ON,P7B 5L6,300 Block MAIN ST, TBPS] THEFT SUSP STILL PRESENT OR MAY BE IN AREA,Other Theft,THEFT
TB24035326,"08/27/2024, 8:20:38 PM","08/29/2024, 1:05:41 PM",THUNDER BAY,ON,P7B 3Y3,MEMORIAL AV AND QUEEN ST, TBPS] MOTOR VEHICLE COLLISION MVC - AMB ENR - DUAL RESP,Other,MOTOR VEHICLE COLLISION
TB24035329,"08/27/2024, 8:26:51 PM","08/29/2024, 1:05:41 PM",THUNDER BAY,ON,P7C 4H1,200 Block NORAH ST N, TBPS] B-E BUS/RES/OTH SUSP PRESENT OR MAY STILL BE IN AREA,Breaking & Entering,B-E BUS/RES/OTH
TB24035336,"08/27/2024, 8:54:04 PM","08/29/2024, 1:05:42 PM",THUNDER BAY,ON,P7B 6H3,300 Block TAMARACK PL," TBPS] THEFT NOT IN PROGRESS, FROM MOTOR VEHICLE",Theft from Vehicle,THEFT
TB24035340,"08/27/2024, 9:11:57 PM","08/29/2024, 1:05:43 PM",THUNDER BAY,ON,P7B 5L6,300 Block MAIN ST, TBPS] THEFT SUSP STILL PRESENT OR MAY BE IN AREA,Other Theft,THEFT
TB24035344,"08/27/2024, 9:29:21 PM","08/29/2024, 1:05:43 PM",THUNDER BAY,ON,P7B 6P4,500 Block HARBOUR EXPRESSWAY," TBPS] THEFT NOT IN PROGRESS, UNDER 5000",Other Theft,THEFT
TB24035347,"08/27/2024, 9:47:18 PM","08/29/2024, 1:05:44 PM",THUNDER BAY,ON,P7B 6S2,700 Block MEMORIAL AV, TBPS] THEFT SUSP STILL PRESENT OR MAY BE IN AREA,Other Theft,THEFT
TB24035363,"08/27/2024, 11:25:54 PM","08/29/2024, 1:05:46 PM",THUNDER BAY,ON,P7B 5V7,900 Block JOHN ST, TBPS] B-E BUS/RES/OTH SUSP PRESENT OR MAY STILL BE IN AREA,Breaking & Entering,B-E BUS/RES/OTH
TB24035371,"08/28/2024, 12:15:14 AM","08/29/2024, 1:05:47 PM",THUNDER BAY,ON,P7A 4M3,VILLA ST AND CUMBERLAND ST N," TBPS] ASSAULT JUST OCCURRED, ACCUSED NOT PRESENT",Assault,ASSAULT
TB24035373,"08/28/2024, 12:25:19 AM","08/29/2024, 1:05:47 PM",THUNDER BAY,ON,P7C 3R2,300 Block MAY ST N," TBPS] MISCHIEF IP/SUSP IN AREA, UNDER 5,000",Other Property Crime,MISCHIEF
TB24035388,"08/28/2024, 2:34:08 AM","08/29/2024, 1:05:49 PM",THUNDER BAY,ON,P7E 6P9,NEEBING AV AND ARTHUR ST W, TBPS] MOTOR VEHICLE COLLISION MVC NO INJURIES,Traffic,MOTOR VEHICLE COLLISION
TB24035390,"08/28/2024, 2:42:50 AM","08/29/2024, 1:05:49 PM",THUNDER BAY,ON,P7C 2J5,1000 Block DEASE ST, TBPS] B-E BUS/RES/OTH SUSP PRESENT OR MAY STILL BE IN AREA,Breaking & Entering,B-E BUS/RES/OTH
TB24035402,"08/28/2024, 4:50:35 AM","08/29/2024, 1:05:51 PM",THUNDER BAY,ON,P7C 3R2,300 Block MAY ST N, TBPS] ASSAULT SUSP PRESENT OR IN AREA,Assault,ASSAULT
TB24035404,"08/28/2024, 5:16:47 AM","08/29/2024, 1:05:51 PM",THUNDER BAY,ON,P7A 4M9,100 Block CUMBERLAND ST N," TBPS] MISCHIEF IP/SUSP IN AREA, UNDER 5,000",Other Property Crime,MISCHIEF
TB24035406,"08/28/2024, 5:33:26 AM","08/29/2024, 1:05:52 PM",THUNDER BAY,ON,P7E 5X9,100 Block DONALD ST W, TBPS] ASSAULT SUSP PRESENT OR IN AREA,Assault,ASSAULT
TB24035408,"08/28/2024, 5:45:03 AM","08/29/2024, 1:05:52 PM",THUNDER BAY,ON,P7C 3H7,300 Block SIMPSON ST," TBPS] THEFT NOT IN PROGRESS, UNDER 5000",Other Theft,THEFT
TB24035410,"08/28/2024, 6:19:49 AM","08/29/2024, 1:05:52 PM",THUNDER BAY,ON,P7B 3G2,1 Block ONTARIO ST, TBPS] ASSAULT ACCUSED PRESENT,Assault,ASSAULT
TB24035412,"08/28/2024, 6:29:00 AM","08/29/2024, 1:05:52 PM",THUNDER BAY,ON,P7E 5R8,600 Block ARTHUR ST W," TBPS] MISCHIEF 11-10, MICHIEF UNDER 5000",Other Property Crime,MISCHIEF
TB24035416,"08/28/2024, 7:28:47 AM","08/29/2024, 1:05:53 PM",THUNDER BAY,ON,P7A,DAWSON RD AND THUNDER BAY EXPRESSWAY," TBPS] MISCHIEF IP/SUSP IN AREA, UNDER 5,000",Other Property Crime,MISCHIEF
TB24035421,"08/28/2024, 7:43:14 AM","08/29/2024, 1:05:54 PM",THUNDER BAY,ON,P7A 4L2,1 Block CUMBERLAND ST N, TBPS] ASSAULT SUSP PRESENT OR IN AREA,Assault,ASSAULT
TB24035427,"08/28/2024, 8:23:55 AM","08/29/2024, 1:05:55 PM",THUNDER BAY,ON,P7B 6M3,1100 Block CARRICK ST, TBPS] B-E BUS/RES/OTH SUSP PRESENT OR MAY STILL BE IN AREA,Breaking & Entering,B-E BUS/RES/OTH
TB24035433,"08/28/2024, 9:29:24 AM","08/29/2024, 1:05:55 PM",THUNDER BAY,ON,P7B 2X8,200 Block COURT ST S, TBPS] B-E BUS/RES/OTH SUSP PRESENT OR MAY STILL BE IN AREA,Breaking & Entering,B-E BUS/RES/OTH
TB24035448,"08/28/2024, 2:53:19 PM","08/29/2024, 1:05:58 PM",THUNDER BAY,ON,P7B 3H7,BAY ST AND DIXON ST, TBPS] MOTOR VEHICLE COLLISION 11-10 MVC ANY TYPE,Other,MOTOR VEHICLE COLLISION
TB24035449,"08/28/2024, 2:56:03 PM","08/29/2024, 1:05:58 PM",THUNDER BAY,ON,P7B,DAWSON RD AND HILLDALE RD, TBPS] MOTOR VEHICLE COLLISION 11-10 MVC ANY TYPE,Other,MOTOR VEHICLE COLLISION
TB24035450,"08/28/2024, 2:58:18 PM","08/29/2024, 1:05:58 PM",THUNDER BAY,ON,P7A 4L8,1 Block CUMBERLAND ST N, TBPS] MOTOR VEHICLE COLLISION 11-10 MVC ANY TYPE,Other,MOTOR VEHICLE COLLISION
TB24035452,"08/28/2024, 3:11:38 PM","08/29/2024, 1:05:58 PM",THUNDER BAY,ON,P7B 6E8,SOUTH WATER ST AND PEARL ST, TBPS] MOTOR VEHICLE COLLISION 11-10 MVC ANY TYPE,Other,MOTOR VEHICLE COLLISION
TB24035473,"08/28/2024, 6:07:19 PM","08/29/2024, 1:06:01 PM",THUNDER BAY,ON,P7A 4T8,1 Block COURT ST N, TBPS] MOTOR VEHICLE COLLISION 11-10 MVC ANY TYPE,Other,MOTOR VEHICLE COLLISION
TB24035474,"08/28/2024, 6:12:45 PM","08/29/2024, 1:06:01 PM",THUNDER BAY,ON,P7B 1L4,200 Block AMBROSE ST, TBPS] ASSAULT SUSP PRESENT OR IN AREA,Assault,ASSAULT
TB24035478,"08/28/2024, 6:56:41 PM","08/29/2024, 1:06:02 PM",THUNDER BAY,ON,P7C 3L4,700 Block MCKENZIE ST," TBPS] MISCHIEF 11-10, MICHIEF UNDER 5000",Other Property Crime,MISCHIEF
TB24035485,"08/28/2024, 7:34:39 PM","08/29/2024, 1:06:03 PM",THUNDER BAY,ON,P7B 6B9,1000 Block FORT WILLIAM RD, TBPS] THEFT SUSP STILL PRESENT OR MAY BE IN AREA,Other Theft,THEFT
TB24035488,"08/28/2024, 8:06:16 PM","08/29/2024, 1:06:03 PM",THUNDER BAY,ON,P7B 5A4,600 Block DUBLIN AV, TBPS] MOTOR VEHICLE COLLISION 11-10 MVC ANY TYPE,Other,MOTOR VEHICLE COLLISION
TB24035682,"08/30/2024, 12:26:27 AM","08/30/2024, 1:04:41 PM",THUNDER BAY,ON,P7C 3S5,MAY ST N AND CUMMING ST, TBPS] MOTOR VEHICLE COLLISION MVC - AMB ENR - DUAL RESP,Other,MOTOR VEHICLE COLLISION
TB24035704,"08/30/2024, 2:57:01 AM","08/30/2024, 1:04:41 PM",THUNDER BAY,ON,P7E 5N6,1700 Block ARTHUR ST E, TBPS] INDECENT ACTS SUSP PRESENT OR MAY STILL BE IN AREA,Sexual Offense,INDECENT ACTS
TB24035705,"08/30/2024, 3:00:22 AM","08/30/2024, 1:04:41 PM",THUNDER BAY,ON,P7B 2X4,100 Block COURT ST S, TBPS] INDECENT ACTS SUSP PRESENT OR MAY STILL BE IN AREA,Sexual Offense,INDECENT ACTS
TB24035710,"08/30/2024, 4:03:21 AM","08/30/2024, 1:04:41 PM",THUNDER BAY,ON,P7B 6S2,700 Block MEMORIAL AV, TBPS] THEFT SUSP STILL PRESENT OR MAY BE IN AREA,Other Theft,THEFT
TB24035719,"08/30/2024, 5:12:03 AM","08/30/2024, 1:04:41 PM",THUNDER BAY,ON,P7E 4J6,100 Block MARY ST E," TBPS] MISCHIEF IP/SUSP IN AREA, UNDER 5,000",Other Property Crime,MISCHIEF
TB24035720,"08/30/2024, 5:35:06 AM","08/30/2024, 1:04:41 PM",THUNDER BAY,ON,P7B 3C2,JOHN ST AND ALGOMA ST S, TBPS] ASSAULT SUSP PRESENT OR IN AREA,Assault,ASSAULT
TB24035722,"08/30/2024, 5:38:22 AM","08/30/2024, 1:04:41 PM",THUNDER BAY,ON,P7B 5R8,100 Block CUMBERLAND ST S," TBPS] MISCHIEF IP/SUSP IN AREA, UNDER 5,000",Other Property Crime,MISCHIEF
TB24035676,"08/29/2024, 11:07:18 PM","08/30/2024, 1:04:42 PM",THUNDER BAY,ON,P7B 2G1,HIGH ST S AND OLIVER RD, TBPS] MOTOR VEHICLE COLLISION MVC NO INJURIES,Traffic,MOTOR VEHICLE COLLISION
TB24035678,"08/29/2024, 11:33:44 PM","08/30/2024, 1:04:42 PM",THUNDER BAY,ON,P7C 3T4,400 Block BRODIE ST N, TBPS] B-E BUS/RES/OTH SUSP PRESENT OR MAY STILL BE IN AREA,Breaking & Entering,B-E BUS/RES/OTH
TB24035684,"08/30/2024, 12:33:40 AM","08/30/2024, 1:04:42 PM",THUNDER BAY,ON,P7C 5M8,600 Block JAMES ST N, TBPS] B-E BUS/RES/OTH SUSP PRESENT OR MAY STILL BE IN AREA,Breaking & Entering,B-E BUS/RES/OTH
TB24035709,"08/30/2024, 3:51:10 AM","08/30/2024, 1:04:42 PM",THUNDER BAY,ON,P7B 7B8,500 Block MANOR CT," TBPS] MISCHIEF IP/SUSP IN AREA, UNDER 5,000",Other Property Crime,MISCHIEF
TB24035724,"08/30/2024, 5:57:34 AM","08/30/2024, 1:04:42 PM",THUNDER BAY,ON,P7A 3R8,500 Block RIVER ST, TBPS] MOTOR VEHICLE COLLISION MVC NO INJURIES,Traffic,MOTOR VEHICLE COLLISION
TB24035623,"08/29/2024, 5:38:34 PM","08/30/2024, 1:04:43 PM",THUNDER BAY,ON,P7A 2W8,300 Block EGAN ST, TBPS] STOLEN VEHICLE SUSP NOT IN AREA,Theft of Vehicle,STOLEN VEHICLE
TB24035635,"08/29/2024, 6:45:27 PM","08/30/2024, 1:04:43 PM",THUNDER BAY,ON,P7B 5S3,500 Block EDISON RD, TBPS] MOTOR VEHICLE COLLISION 11-10 MVC ANY TYPE,Other,MOTOR VEHICLE COLLISION
TB24035609,"08/29/2024, 4:12:36 PM","08/30/2024, 1:04:44 PM",THUNDER BAY,ON,P7C 3N1,400 Block WILEY ST, TBPS] MOTOR VEHICLE COLLISION 11-10 MVC ANY TYPE,Other,MOTOR VEHICLE COLLISION
TB24035617,"08/29/2024, 5:07:08 PM","08/30/2024, 1:04:44 PM",THUNDER BAY,ON,P7A 8C1,100 Block MARTHA ST," TBPS] MISCHIEF 11-10, MICHIEF UNDER 5000",Other Property Crime,MISCHIEF
TB24035632,"08/29/2024, 6:33:43 PM","08/30/2024, 1:04:44 PM",THUNDER BAY,ON,P7C 5L6,1000 Block NORTHERN AV, TBPS] B-E BUS/RES/OTH SUSP PRESENT OR MAY STILL BE IN AREA,Breaking & Entering,B-E BUS/RES/OTH
TB24035650,"08/29/2024, 8:15:16 PM","08/30/2024, 1:04:44 PM",THUNDER BAY,ON,.,DAWSON ST AND COLLEGE ST, TBPS] MOTOR VEHICLE COLLISION 11-10 MVC ANY TYPE,Other,MOTOR VEHICLE COLLISION
TB24035596,"08/29/2024, 2:28:37 PM","08/30/2024, 1:04:45 PM",THUNDER BAY,ON,P7C 5G8,400 Block BALMORAL ST, TBPS] MOTOR VEHICLE COLLISION 11-10 MVC ANY TYPE,Other,MOTOR VEHICLE COLLISION
TB24035597,"08/29/2024, 2:37:07 PM","08/30/2024, 1:04:45 PM",THUNDER BAY,ON,P7J 1B7,1 Block SIDE RD AND 61 HWY, TBPS] MOTOR VEHICLE COLLISION 11-10 MVC ANY TYPE,Other,MOTOR VEHICLE COLLISION
TB24035602,"08/29/2024, 2:54:11 PM","08/30/2024, 1:04:45 PM",THUNDER BAY,ON,P7E 2E7,700 Block GREY CR," TBPS] MISCHIEF IP/SUSP IN AREA, UNDER 5,000",Other Property Crime,MISCHIEF
TB24035608,"08/29/2024, 3:54:31 PM","08/30/2024, 1:04:45 PM",THUNDER BAY,ON,P7E 3T3,CRAWFORD AV AND GORE ST W, TBPS] MOTOR VEHICLE COLLISION 11-10 MVC ANY TYPE,Other,MOTOR VEHICLE COLLISION
TB24035610,"08/29/2024, 4:13:21 PM","08/30/2024, 1:04:45 PM",THUNDER BAY,ON,P7E 2H6,900 Block EDWARD ST S," TBPS] MISCHIEF 11-10, MICHIEF UNDER 5000",Other Property Crime,MISCHIEF
TB24035630,"08/29/2024, 6:27:51 PM","08/30/2024, 1:04:45 PM",THUNDER BAY,ON,P7E 1E7,500 Block SYNDICATE AV S, TBPS] MOTOR VEHICLE COLLISION 11-10 MVC ANY TYPE,Other,MOTOR VEHICLE COLLISION
TB24035538,"08/29/2024, 1:22:14 AM","08/30/2024, 1:04:46 PM",THUNDER BAY,ON,P7C 4Y7,300 Block LILLIE ST N, TBPS] ASSAULT ACCUSED PRESENT,Assault,ASSAULT
TB24035568,"08/29/2024, 6:28:32 AM","08/30/2024, 1:04:46 PM",THUNDER BAY,ON,P7C 5N5,200 Block 130 HWY, TBPS] ASSAULT ACCUSED NOT PRESENT,Assault,ASSAULT
TB24035575,"08/29/2024, 8:32:09 AM","08/30/2024, 1:04:46 PM",THUNDER BAY,ON,P7C 4S8,1 Block LIMBRICK ST, TBPS] ASSAULT SUSP PRESENT OR IN AREA,Assault,ASSAULT
TB24035372,"08/28/2024, 12:17:10 AM","08/30/2024, 1:04:47 PM",THUNDER BAY,ON,P7C 5H3,1600 Block DEASE ST, TBPS] ASSAULT SUSP PRESENT OR IN AREA,Assault,ASSAULT
TB24035708,"08/30/2024, 3:08:37 AM","08/30/2024, 1:05:49 PM",THUNDER BAY,ON,P7B 3B6,200 Block WILSON ST, TBPS] ROBBERY NO WEAPONS - SUSP STILL IN AREA,Robbery,ROBBERY
TB24035820,"08/31/2024, 12:00:00 AM","08/31/2024, 1:08:26 PM",THUNDER BAY,ON,P7B 5Z5,1200 Block BALMORAL ST, TBPS] MOTOR VEHICLE COLLISION MVC NO INJURIES,Traffic,MOTOR VEHICLE COLLISION
TB24035830,"08/31/2024, 2:01:42 AM","08/31/2024, 1:08:28 PM",THUNDER BAY,ON,P7B 4A1,900 Block MEMORIAL AV, TBPS] THEFT SUSP STILL PRESENT OR MAY BE IN AREA,Other Theft,THEFT
TB24035840,"08/31/2024, 3:43:04 AM","08/31/2024, 1:08:32 PM",THUNDER BAY,ON,P7E 5P7,100 Block ARTHUR ST W," TBPS] MISCHIEF IP/SUSP IN AREA, MICHIEF OVER 5000",Other Property Crime,MISCHIEF
TB24035845,"08/31/2024, 4:08:04 AM","08/31/2024, 1:08:34 PM",THUNDER BAY,ON,P7E 5P7,100 Block ARTHUR ST W, TBPS] THEFT SUSP STILL PRESENT OR MAY BE IN AREA,Other Theft,THEFT
TB24035847,"08/31/2024, 4:26:01 AM","08/31/2024, 1:08:34 PM",THUNDER BAY,ON,P7C 1X8,100 Block SPRUCE CT, TBPS] LIQUOR LICENCE ACT LIQUOR LICENCE ACT VIOLATION IN PROGRESS,Quality of Life,LIQUOR LICENCE ACT
TB24035852,"08/31/2024, 4:56:20 AM","08/31/2024, 1:08:36 PM",THUNDER BAY,ON,P7E 5N2,1300 Block ARTHUR ST E, TBPS] ASSAULT ACCUSED NOT PRESENT,Assault,ASSAULT
TB24035858,"08/31/2024, 5:16:30 AM","08/31/2024, 1:08:37 PM",THUNDER BAY,ON,P7E 6G3,300 Block YONGE CT, TBPS] ASSAULT SUSP PRESENT OR IN AREA,Assault,ASSAULT
TB24035859,"08/31/2024, 5:26:13 AM","08/31/2024, 1:08:37 PM",THUNDER BAY,ON,P7B 1E5,200 Block PEARL ST, TBPS] ASSAULT SUSP PRESENT OR IN AREA,Assault,ASSAULT
TB24035864,"08/31/2024, 6:00:54 AM","08/31/2024, 1:08:39 PM",THUNDER BAY,ON,P7B 6S2,700 Block MEMORIAL AV, TBPS] THEFT SUSP STILL PRESENT OR MAY BE IN AREA,Other Theft,THEFT
TB24035850,"08/31/2024, 4:46:15 AM","08/31/2024, 1:08:40 PM",THUNDER BAY,ON,P7E 6E7,1200 Block ARTHUR ST E, TBPS] DRUG OFFENCES SUSP PRESENT OR MAY STILL BE IN AREA,Quality of Life,DRUG OFFENCES
TB24035688,"08/30/2024, 1:22:02 AM","08/31/2024, 1:09:05 PM",THUNDER BAY,ON,P7E 5P4,2800 Block ARTHUR ST E, TBPS] ASSAULT ACCUSED NOT PRESENT,Assault,ASSAULT
TB24035750,"08/30/2024, 3:42:18 PM","08/31/2024, 1:09:28 PM",THUNDER BAY,ON,P7B 5L6,300 Block MAIN ST, TBPS] MOTOR VEHICLE COLLISION 11-10 MVC ANY TYPE,Other,MOTOR VEHICLE COLLISION
TB24035751,"08/30/2024, 3:56:52 PM","08/31/2024, 1:09:29 PM",THUNDER BAY,ON,P7B 5J4,1000 Block DAWSON RD, TBPS] MOTOR VEHICLE COLLISION 11-10 MVC ANY TYPE,Other,MOTOR VEHICLE COLLISION
TB24035753,"08/30/2024, 4:28:29 PM","08/31/2024, 1:09:30 PM",THUNDER BAY,ON,P7B,1 Block AV AND CARRICK ST, TBPS] MOTOR VEHICLE COLLISION 11-10 MVC ANY TYPE,Other,MOTOR VEHICLE COLLISION
TB24035770,"08/30/2024, 7:13:46 PM","08/31/2024, 1:09:36 PM",THUNDER BAY,ON,P7B 3Y7,400 Block MEMORIAL AV, TBPS] ASSAULT ACCUSED NOT PRESENT,Assault,ASSAULT
TB24035771,"08/30/2024, 7:21:21 PM","08/31/2024, 1:09:36 PM",THUNDER BAY,ON,P7B,MEMORIAL AV AND DUNLOP ST, TBPS] MOTOR VEHICLE COLLISION 11-10 MVC ANY TYPE,Other,MOTOR VEHICLE COLLISION
TB24035781,"08/30/2024, 8:30:52 PM","08/31/2024, 1:09:39 PM",THUNDER BAY,ON,P7B,MEMORIAL AV AND CENTRAL AV, TBPS] MOTOR VEHICLE COLLISION 11-10 MVC ANY TYPE,Other,MOTOR VEHICLE COLLISION
TB24036001,"09/01/2024, 2:34:26 AM","09/01/2024, 1:06:25 PM",THUNDER BAY,ON,P7C 3R2,300 Block MAY ST N, TBPS] ROBBERY NO WEAPONS - SUSP STILL IN AREA,Robbery,ROBBERY
TB24036037,"09/01/2024, 6:23:02 AM","09/01/2024, 1:06:25 PM",THUNDER BAY,ON,P7A 4P6,300 Block CUMBERLAND ST N, TBPS] LIQUOR LICENCE ACT LIQUOR LICENCE ACT VIOLATION IN PROGRESS,Quality of Life,LIQUOR LICENCE ACT
TB24035982,"09/01/2024, 12:56:49 AM","09/01/2024, 1:06:26 PM",THUNDER BAY,ON,P7A 4K8,1000 Block DAWSON RD, TBPS] ASSAULT ACCUSED NOT PRESENT,Assault,ASSAULT
TB24035994,"09/01/2024, 2:09:25 AM","09/01/2024, 1:06:26 PM",THUNDER BAY,ON,P7E 5P7,100 Block ARTHUR ST W, TBPS] SHOPLIFT IN CUSTODY - NO PROBLEMS,Theft,SHOPLIFT
TB24036003,"09/01/2024, 2:42:11 AM","09/01/2024, 1:06:26 PM",THUNDER BAY,ON,P7E 4N8,200 Block CHRISTINA ST E, TBPS] B-E BUS/RES/OTH SUSP PRESENT OR MAY STILL BE IN AREA,Breaking & Entering,B-E BUS/RES/OTH
TB24036026,"09/01/2024, 5:19:08 AM","09/01/2024, 1:06:26 PM",THUNDER BAY,ON,P7C 4B4,400 Block VICKERS ST N, TBPS] B-E BUS/RES/OTH SUSP PRESENT OR MAY STILL BE IN AREA,Breaking & Entering,B-E BUS/RES/OTH
TB24036034,"09/01/2024, 5:59:50 AM","09/01/2024, 1:06:26 PM",THUNDER BAY,ON,P7C 3T4,400 Block BRODIE ST N, TBPS] B-E BUS/RES/OTH SUSP PRESENT OR MAY STILL BE IN AREA,Breaking & Entering,B-E BUS/RES/OTH
TB24036035,"09/01/2024, 6:02:49 AM","09/01/2024, 1:06:26 PM",THUNDER BAY,ON,P7B 6S2,700 Block MEMORIAL AV, TBPS] THEFT SUSP STILL PRESENT OR MAY BE IN AREA,Other Theft,THEFT
TB24035952,"08/31/2024, 8:30:33 PM","09/01/2024, 1:06:27 PM",THUNDER BAY,ON,P7A 8C1,100 Block MARTHA ST, TBPS] LIQUOR LICENCE ACT LIQUOR LICENCE ACT VIOLATION IN PROGRESS,Quality of Life,LIQUOR LICENCE ACT
TB24035965,"08/31/2024, 10:53:56 PM","09/01/2024, 1:06:27 PM",THUNDER BAY,ON,P7C 3B5,600 Block MCLAUGHLIN ST, TBPS] MOTOR VEHICLE COLLISION VEHICLE LEAKING FLUIDS - DUAL RESP,Traffic,MOTOR VEHICLE COLLISION
TB24035986,"09/01/2024, 1:37:32 AM","09/01/2024, 1:06:27 PM",THUNDER BAY,ON,P7A 7S8,400 Block WENTWORTH CR, TBPS] DRUG OFFENCES SUSP PRESENT OR MAY STILL BE IN AREA,Quality of Life,DRUG OFFENCES
TB24035919,"08/31/2024, 4:24:35 PM","09/01/2024, 1:06:28 PM",THUNDER BAY,ON,P7B 5J4,1000 Block DAWSON RD, TBPS] ROBBERY NO WEAPONS - SUSP STILL IN AREA,Robbery,ROBBERY
TB24035938,"08/31/2024, 6:35:59 PM","09/01/2024, 1:06:28 PM",THUNDER BAY,ON,P7B 1L4,200 Block AMBROSE ST, TBPS] ASSAULT ACCUSED NOT PRESENT,Assault,ASSAULT
TB24035889,"08/31/2024, 9:06:44 AM","09/01/2024, 1:06:29 PM",THUNDER BAY,ON,P7B 1A6,200 Block RED RIVER RD, TBPS] ASSAULT SUSP PRESENT OR IN AREA,Assault,ASSAULT
TB24035890,"08/31/2024, 9:16:19 AM","09/01/2024, 1:06:29 PM",THUNDER BAY,ON,P7A 4S4,1 Block ST. PAUL ST," TBPS] MISCHIEF IP/SUSP IN AREA, UNDER 5,000",Other Property Crime,MISCHIEF
TB24035891,"08/31/2024, 9:22:50 AM","09/01/2024, 1:06:30 PM",THUNDER BAY,ON,P7E 5Y8,400 Block GEORGE ST, TBPS] ASSAULT SUSP PRESENT OR IN AREA,Assault,ASSAULT
TB24035867,"08/31/2024, 6:21:17 AM","09/01/2024, 1:06:31 PM",THUNDER BAY,ON,P7A 1B9,400 Block ADAMS ST, TBPS] B-E BUS/RES/OTH SUSP PRESENT OR MAY STILL BE IN AREA,Breaking & Entering,B-E BUS/RES/OTH
TB24035880,"08/31/2024, 8:05:32 AM","09/02/2024, 1:03:23 PM",THUNDER BAY,ON,P7E 5Y8,400 Block GEORGE ST," TBPS] THEFT NOT IN PROGRESS, UNDER 5000",Other Theft,THEFT
TB24036137,"09/02/2024, 12:37:07 AM","09/02/2024, 1:05:01 PM",THUNDER BAY,ON,P7E 4S9,500 Block EMPIRE AV E," TBPS] MISCHIEF 11-10, MICHIEF UNDER 5000",Other Property Crime,MISCHIEF
TB24036145,"09/02/2024, 1:49:57 AM","09/02/2024, 1:05:02 PM",THUNDER BAY,ON,P7A 8A6,500 Block TOLEDO ST," TBPS] THEFT NOT IN PROGRESS, UNDER 5000",Other Theft,THEFT
TB24036147,"09/02/2024, 2:02:17 AM","09/02/2024, 1:05:03 PM",THUNDER BAY,ON,P7E 4S9,500 Block EMPIRE AV E," TBPS] MISCHIEF 11-10, MICHIEF UNDER 5000",Other Property Crime,MISCHIEF
TB24036148,"09/02/2024, 2:04:29 AM","09/02/2024, 1:05:03 PM",THUNDER BAY,ON,P7C 3K5,900 Block SIMPSON ST, TBPS] MOTOR VEHICLE COLLISION MVC NO INJURIES,Traffic,MOTOR VEHICLE COLLISION
TB24036156,"09/02/2024, 2:55:44 AM","09/02/2024, 1:05:04 PM",THUNDER BAY,ON,P7B 1Z7,700 Block JOHN ST, TBPS] ASSAULT SUSP PRESENT OR IN AREA,Assault,ASSAULT
TB24036185,"09/02/2024, 6:59:26 AM","09/02/2024, 1:05:08 PM",THUNDER BAY,ON,P7C 3A9,900 Block MCINTOSH ST, TBPS] B-E BUS/RES/OTH SUSP PRESENT OR MAY STILL BE IN AREA,Breaking & Entering,B-E BUS/RES/OTH
TB24035992,"09/01/2024, 2:04:38 AM","09/02/2024, 1:05:15 PM",THUNDER BAY,ON,P7C 2A8,200 Block KENSINGTON DR, TBPS] ASSAULT ACCUSED NOT PRESENT,Assault,ASSAULT
TB24036043,"09/01/2024, 7:48:26 AM","09/02/2024, 1:05:21 PM",THUNDER BAY,ON,P7B 2T1,1 Block CUMBERLAND ST S, TBPS] LIQUOR LICENCE ACT LIQUOR LICENCE ACT VIOLATION IN PROGRESS,Quality of Life,LIQUOR LICENCE ACT
TB24036071,"09/01/2024, 2:09:59 PM","09/02/2024, 1:05:24 PM",THUNDER BAY,ON,P7E 1R7,600 Block FRANKLIN ST S," TBPS] THEFT NOT IN PROGRESS, FROM MOTOR VEHICLE",Theft from Vehicle,THEFT
TB24036082,"09/01/2024, 4:07:15 PM","09/02/2024, 1:05:24 PM",THUNDER BAY,ON,P7E 4V6,1500 Block WALSH ST E," TBPS] MISCHIEF 11-10, MICHIEF UNDER 5000",Other Property Crime,MISCHIEF
TB24036088,"09/01/2024, 5:26:27 PM","09/02/2024, 1:05:25 PM",THUNDER BAY,ON,P7B 3Y2,300 Block MEMORIAL AV, TBPS] ASSAULT SUSP PRESENT OR IN AREA,Assault,ASSAULT
TB24036090,"09/01/2024, 5:38:13 PM","09/02/2024, 1:05:25 PM",THUNDER BAY,ON,P7B 5V2,500 Block BEVERLY ST, TBPS] THEFT SUSP STILL PRESENT OR MAY BE IN AREA,Other Theft,THEFT
TB24036092,"09/01/2024, 5:58:12 PM","09/02/2024, 1:05:25 PM",THUNDER BAY,ON,P7B 6S2,700 Block MEMORIAL AV, TBPS] LIQUOR LICENCE ACT LIQUOR LICENCE ACT VIOLATION IN PROGRESS,Quality of Life,LIQUOR LICENCE ACT
TB24036099,"09/01/2024, 7:04:07 PM","09/02/2024, 1:05:26 PM",THUNDER BAY,ON,P7C 2Z4,600 Block MCLEOD ST, TBPS] B-E BUS/RES/OTH SUSP PRESENT OR MAY STILL BE IN AREA,Breaking & Entering,B-E BUS/RES/OTH
TB24036103,"09/01/2024, 7:34:30 PM","09/02/2024, 1:05:26 PM",THUNDER BAY,ON,P7A 5M7,KNIGHT ST AND RIVER ST, TBPS] MOTOR VEHICLE COLLISION MVC NO INJURIES,Traffic,MOTOR VEHICLE COLLISION
TB24036104,"09/01/2024, 7:44:42 PM","09/02/2024, 1:05:26 PM",THUNDER BAY,ON,P7E 1V1,600 Block SELKIRK ST S," TBPS] THEFT NOT IN PROGRESS, FROM MOTOR VEHICLE",Theft from Vehicle,THEFT
TB24036105,"09/01/2024, 7:45:22 PM","09/02/2024, 1:05:26 PM",THUNDER BAY,ON,P7B 3C2,CORNWALL AV AND ALGOMA ST S, TBPS] MOTOR VEHICLE COLLISION MVC NO INJURIES,Traffic,MOTOR VEHICLE COLLISION
TB24036106,"09/01/2024, 7:59:01 PM","09/02/2024, 1:05:27 PM",THUNDER BAY,ON,P7A 5M7,KNIGHT ST AND RIVER ST, TBPS] MOTOR VEHICLE COLLISION MVC NO INJURIES,Traffic,MOTOR VEHICLE COLLISION
TB24036107,"09/01/2024, 8:02:15 PM","09/02/2024, 1:05:27 PM",THUNDER BAY,ON,P7C 1A9,600 Block VICTORIA AV E," TBPS] MISCHIEF 11-10, MICHIEF UNDER 5000",Other Property Crime,MISCHIEF
TB24036111,"09/01/2024, 8:31:44 PM","09/02/2024, 1:05:27 PM",THUNDER BAY,ON,P7C 3T6,500 Block BRODIE ST N," TBPS] THEFT NOT IN PROGRESS, FROM MOTOR VEHICLE",Theft from Vehicle,THEFT
TB24036112,"09/01/2024, 8:40:39 PM","09/02/2024, 1:05:27 PM",THUNDER BAY,ON,P7A 7L2,500 Block COURT ST N, TBPS] ASSAULT ACCUSED PRESENT,Assault,ASSAULT
TB24036114,"09/01/2024, 9:29:24 PM","09/02/2024, 1:05:27 PM",THUNDER BAY,ON,P7E 1R7,600 Block FRANKLIN ST S," TBPS] MISCHIEF 11-10, MICHIEF UNDER 5000",Other Property Crime,MISCHIEF
TB24036117,"09/01/2024, 10:11:23 PM","09/02/2024, 1:05:28 PM",THUNDER BAY,ON,P7B 5R7,100 Block CUMBERLAND ST S," TBPS] MISCHIEF IP/SUSP IN AREA, MICHIEF OVER 5000",Other Property Crime,MISCHIEF
TB24036120,"09/01/2024, 10:53:04 PM","09/02/2024, 1:05:28 PM",THUNDER BAY,ON,P7C 3L4,700 Block MCKENZIE ST, TBPS] STOLEN VEHICLE SUSP NOT IN AREA,Theft of Vehicle,STOLEN VEHICLE
TB24036123,"09/01/2024, 11:03:09 PM","09/02/2024, 1:05:28 PM",THUNDER BAY,ON,P7C 3E9,900 Block ALBERTA ST," TBPS] THEFT NOT IN PROGRESS, FROM MOTOR VEHICLE",Theft from Vehicle,THEFT
TB24036025,"09/01/2024, 5:18:21 AM","09/03/2024, 1:04:33 PM",THUNDER BAY,ON,P7B 1Z7,700 Block JOHN ST, TBPS] ASSAULT ACCUSED NOT PRESENT,Assault,ASSAULT
TB24036030,"09/01/2024, 5:33:49 AM","09/03/2024, 1:04:34 PM",THUNDER BAY,ON,P7A 3S4,600 Block RIVER ST, TBPS] ASSAULT ACCUSED NOT PRESENT,Assault,ASSAULT
TB24036294,"09/03/2024, 12:34:55 AM","09/03/2024, 1:04:38 PM",THUNDER BAY,ON,P7B 1V8,200 Block WINDSOR ST, TBPS] DRUG OFFENCES SUSP PRESENT OR MAY STILL BE IN AREA,Quality of Life,DRUG OFFENCES
TB24036304,"09/03/2024, 2:49:12 AM","09/03/2024, 1:04:39 PM",THUNDER BAY,ON,P7B 4J3,1 Block TRILLIUM WAY, TBPS] B-E BUS/RES/OTH SUSP PRESENT OR MAY STILL BE IN AREA,Breaking & Entering,B-E BUS/RES/OTH
TB24036317,"09/03/2024, 4:36:47 AM","09/03/2024, 1:04:41 PM",THUNDER BAY,ON,P7C 5T8,900 Block SIMPSON ST," TBPS] MISCHIEF IP/SUSP IN AREA, UNDER 5,000",Other Property Crime,MISCHIEF
TB24036323,"09/03/2024, 5:14:59 AM","09/03/2024, 1:04:42 PM",THUNDER BAY,ON,P7B 6P4,500 Block HARBOUR EXPRESSWAY, TBPS] ROBBERY NO WEAPONS - SUSP STILL IN AREA,Robbery,ROBBERY
TB24036324,"09/03/2024, 5:15:21 AM","09/03/2024, 1:04:42 PM",THUNDER BAY,ON,P7E 6R2,900 Block EDWARD ST S, TBPS] ASSAULT SUSP PRESENT OR IN AREA,Assault,ASSAULT
TB24036175,"09/02/2024, 5:20:27 AM","09/03/2024, 1:05:03 PM",THUNDER BAY,ON,P7C 3A9,900 Block MCINTOSH ST, TBPS] B-E BUS/RES/OTH SUSP PRESENT OR MAY STILL BE IN AREA,Breaking & Entering,B-E BUS/RES/OTH
TB24036198,"09/02/2024, 9:05:58 AM","09/03/2024, 1:05:06 PM",THUNDER BAY,ON,P7B 1L2,1 Block WALKOVER ST, TBPS] B-E BUS/RES/OTH SUSP PRESENT OR MAY STILL BE IN AREA,Breaking & Entering,B-E BUS/RES/OTH
TB24036201,"09/02/2024, 9:55:49 AM","09/03/2024, 1:05:07 PM",THUNDER BAY,ON,P7C 3P8,200 Block MAY ST N, TBPS] ASSAULT SUSP PRESENT OR IN AREA,Assault,ASSAULT
TB24036220,"09/02/2024, 2:39:27 PM","09/03/2024, 1:05:09 PM",THUNDER BAY,ON,P7C 4S8,1 Block LIMBRICK ST, TBPS] LIQUOR LICENCE ACT LIQUOR LICENCE ACT VIOLATION IN PROGRESS,Quality of Life,LIQUOR LICENCE ACT
TB24036238,"09/02/2024, 6:00:00 PM","09/03/2024, 1:05:10 PM",THUNDER BAY,ON,P7E 2W4,1300 Block EUCLID AV," TBPS] THEFT NOT IN PROGRESS, UNDER 5000",Other Theft,THEFT
TB24036243,"09/02/2024, 7:15:06 PM","09/03/2024, 1:05:11 PM",THUNDER BAY,ON,P7B 2T2,1 Block CUMBERLAND ST S," TBPS] THEFT NOT IN PROGRESS, UNDER 5000",Other Theft,THEFT
TB24036249,"09/02/2024, 8:15:07 PM","09/03/2024, 1:05:11 PM",THUNDER BAY,ON,P7B 1V7,300 Block WINDSOR ST, TBPS] B-E BUS/RES/OTH SUSP PRESENT OR MAY STILL BE IN AREA,Breaking & Entering,B-E BUS/RES/OTH
TB24036266,"09/02/2024, 9:54:18 PM","09/03/2024, 1:05:13 PM",THUNDER BAY,ON,P7C 2Z9,CHRISTIE ST AND MCINTOSH ST, TBPS] DRUG OFFENCES SUSP PRESENT OR MAY STILL BE IN AREA,Quality of Life,DRUG OFFENCES
TB24036277,"09/02/2024, 10:46:07 PM","09/03/2024, 1:07:08 PM",THUNDER BAY,ON,P7C 3K1,700 Block SIMPSON ST, TBPS] ASSAULT SUSP PRESENT OR IN AREA,Assault,ASSAULT
TB24036293,"09/03/2024, 12:25:19 AM","09/03/2024, 1:07:08 PM",THUNDER BAY,ON,P7B 1K2,800 Block RED RIVER RD, TBPS] ROBBERY NO WEAPONS - SUSP STILL IN AREA,Robbery,ROBBERY
TB24036297,"09/03/2024, 12:46:56 AM","09/03/2024, 1:07:08 PM",THUNDER BAY,ON,P7C 3L6,800 Block SPRING ST, TBPS] DRUG OFFENCES SUSP PRESENT OR MAY STILL BE IN AREA,Quality of Life,DRUG OFFENCES
TB24036302,"09/03/2024, 2:11:55 AM","09/03/2024, 1:07:08 PM",THUNDER BAY,ON,P7C,1 Block LIMBRICK ST," TBPS] MISCHIEF IP/SUSP IN AREA, UNDER 5,000",Other Property Crime,MISCHIEF
TB24036315,"09/03/2024, 4:20:33 AM","09/03/2024, 1:07:08 PM",THUNDER BAY,ON,P7B 4A1,900 Block MEMORIAL AV, TBPS] THEFT SUSP STILL PRESENT OR MAY BE IN AREA,Other Theft,THEFT
TB24035796,"08/30/2024, 9:13:42 PM","09/03/2024, 1:07:32 PM",THUNDER BAY,ON,P7A 2K6,200 Block MACDOUGALL ST, TBPS] ASSAULT ACCUSED NOT PRESENT,Assault,ASSAULT
TB24035922,"08/31/2024, 4:59:33 PM","09/03/2024, 1:07:56 PM",THUNDER BAY,ON,P7C 6A5,800 Block MAY ST N, TBPS] ASSAULT ACCUSED NOT PRESENT,Assault,ASSAULT
TB24036474,"09/04/2024, 4:24:25 AM","09/04/2024, 1:06:36 PM",THUNDER BAY,ON,P7E 5M8,900 Block ARTHUR ST E, TBPS] THEFT SUSP STILL PRESENT OR MAY BE IN AREA,Other Theft,THEFT
TB24036488,"09/04/2024, 5:37:47 AM","09/04/2024, 1:06:36 PM",THUNDER BAY,ON,P7E 5R5,500 Block ARTHUR ST W, TBPS] LIQUOR LICENCE ACT LIQUOR LICENCE ACT VIOLATION IN PROGRESS,Quality of Life,LIQUOR LICENCE ACT
TB24036494,"09/04/2024, 6:27:19 AM","09/04/2024, 1:06:36 PM",THUNDER BAY,ON,P7A 4L7,1 Block CUMBERLAND ST N, TBPS] ROBBERY NO WEAPONS - SUSP STILL IN AREA,Robbery,ROBBERY
TB24036446,"09/04/2024, 12:36:23 AM","09/04/2024, 1:06:37 PM",THUNDER BAY,ON,P7E 5V3,500 Block DONALD ST E, TBPS] ASSAULT SUSP PRESENT OR IN AREA,Assault,ASSAULT
TB24036460,"09/04/2024, 2:33:28 AM","09/04/2024, 1:06:37 PM",THUNDER BAY,ON,P7B 1R3,200 Block BAY ST, TBPS] ROBBERY NO WEAPONS - SUSP STILL IN AREA,Robbery,ROBBERY
TB24036413,"09/03/2024, 9:26:45 PM","09/04/2024, 1:06:38 PM",THUNDER BAY,ON,P7E 6G6,300 Block EUCLID AV, TBPS] MOTOR VEHICLE COLLISION MVC NO INJURIES,Traffic,MOTOR VEHICLE COLLISION
TB24036420,"09/03/2024, 9:45:54 PM","09/04/2024, 1:06:38 PM",THUNDER BAY,ON,P7C,800 Block MINNESOTA ST, TBPS] LIQUOR LICENCE ACT LIQUOR LICENCE ACT VIOLATION IN PROGRESS,Quality of Life,LIQUOR LICENCE ACT
TB24036423,"09/03/2024, 10:11:57 PM","09/04/2024, 1:06:38 PM",THUNDER BAY,ON,P7B 5L6,300 Block MAIN ST," TBPS] MISCHIEF IP/SUSP IN AREA, UNDER 5,000",Other Property Crime,MISCHIEF
TB24036444,"09/04/2024, 12:27:50 AM","09/04/2024, 1:06:38 PM",THUNDER BAY,ON,P7E 2R2,1300 Block HEATH ST, TBPS] B-E BUS/RES/OTH 11-10,Breaking & Entering,B-E BUS/RES/OTH
TB24036449,"09/04/2024, 12:52:11 AM","09/04/2024, 1:06:38 PM",THUNDER BAY,ON,P7C,PACIFIC AV AND MCKENZIE ST, TBPS] MOTOR VEHICLE COLLISION MVC - AMB ENR - DUAL RESP,Other,MOTOR VEHICLE COLLISION
TB24036450,"09/04/2024, 1:01:14 AM","09/04/2024, 1:06:38 PM",THUNDER BAY,ON,P7B 4J1,RAVENWOOD AV AND ACADEMY DR, TBPS] B-E BUS/RES/OTH SUSP PRESENT OR MAY STILL BE IN AREA,Breaking & Entering,B-E BUS/RES/OTH
TB24036378,"09/03/2024, 5:11:33 PM","09/04/2024, 1:06:39 PM",THUNDER BAY,ON,P7B 2G2,400 Block OLIVER RD, TBPS] ASSAULT SUSP PRESENT OR IN AREA,Assault,ASSAULT
TB24036394,"09/03/2024, 6:51:31 PM","09/04/2024, 1:06:39 PM",THUNDER BAY,ON,P7E 1B7,MAY ST S AND ARTHUR ST E, TBPS] MOTOR VEHICLE COLLISION MVC NO INJURIES,Traffic,MOTOR VEHICLE COLLISION
TB24036395,"09/03/2024, 7:03:26 PM","09/04/2024, 1:06:39 PM",THUNDER BAY,ON,P7B 1E5,200 Block PEARL ST, TBPS] B-E BUS/RES/OTH 11-10,Breaking & Entering,B-E BUS/RES/OTH
TB24036400,"09/03/2024, 7:41:48 PM","09/04/2024, 1:06:39 PM",THUNDER BAY,ON,P7A 2W8,300 Block EGAN ST, TBPS] DRUG OFFENCES SUSP PRESENT OR MAY STILL BE IN AREA,Quality of Life,DRUG OFFENCES
TB24036401,"09/03/2024, 7:59:02 PM","09/04/2024, 1:06:39 PM",THUNDER BAY,ON,P7C 3H1,1 Block SIMPSON ST, TBPS] ASSAULT SUSP PRESENT OR IN AREA,Assault,ASSAULT
TB24036409,"09/03/2024, 8:59:46 PM","09/04/2024, 1:06:39 PM",THUNDER BAY,ON,P7B 4B2,1 Block MCKIBBIN ST, TBPS] DRUG OFFENCES SUSP PRESENT OR MAY STILL BE IN AREA,Quality of Life,DRUG OFFENCES
TB24036355,"09/03/2024, 3:05:18 PM","09/04/2024, 1:06:40 PM",THUNDER BAY,ON,P7E 5P7,200 Block ARTHUR ST W, TBPS] MOTOR VEHICLE COLLISION 11-10 MVC ANY TYPE,Other,MOTOR VEHICLE COLLISION
TB24036358,"09/03/2024, 3:10:42 PM","09/04/2024, 1:06:40 PM",THUNDER BAY,ON,P7B 4A3,1000 Block MEMORIAL AV, TBPS] MOTOR VEHICLE COLLISION 11-10 MVC ANY TYPE,Other,MOTOR VEHICLE COLLISION
TB24036367,"09/03/2024, 4:14:37 PM","09/04/2024, 1:06:40 PM",THUNDER BAY,ON,P7B 5V2,500 Block BEVERLY ST," TBPS] THEFT NOT IN PROGRESS, UNDER 5000",Other Theft,THEFT
TB24036371,"09/03/2024, 4:32:19 PM","09/04/2024, 1:06:40 PM",THUNDER BAY,ON,P7E 5R8,ARTHUR ST W AND MOUNTDALE AV, TBPS] MOTOR VEHICLE COLLISION 11-10 MVC ANY TYPE,Other,MOTOR VEHICLE COLLISION
TB24036373,"09/03/2024, 4:39:32 PM","09/04/2024, 1:06:40 PM",THUNDER BAY,ON,P7B 6B9,1000 Block FORT WILLIAM RD, TBPS] ROBBERY NO WEAPONS - SUSP STILL IN AREA,Robbery,ROBBERY
TB24036389,"09/03/2024, 6:26:47 PM","09/04/2024, 1:06:40 PM",THUNDER BAY,ON,P7C 2H8,200 Block DEASE ST," TBPS] MISCHIEF 11-10, MICHIEF UNDER 5000",Other Property Crime,MISCHIEF
TB24036343,"09/03/2024, 9:46:04 AM","09/04/2024, 1:06:41 PM",THUNDER BAY,ON,.,PACIFIC AV AND SIMPSON ST, TBPS] MOTOR VEHICLE COLLISION MVC - AMB ENR - DUAL RESP,Other,MOTOR VEHICLE COLLISION
TB24036344,"09/03/2024, 9:46:12 AM","09/04/2024, 1:06:41 PM",THUNDER BAY,ON,.,PACIFIC AV AND SIMPSON ST, TBPS] MOTOR VEHICLE COLLISION MVC NO INJURIES,Traffic,MOTOR VEHICLE COLLISION
TB24036361,"09/03/2024, 3:42:33 PM","09/04/2024, 1:06:41 PM",THUNDER BAY,ON,P7B 5E1,900 Block OLIVER RD, TBPS] MOTOR VEHICLE COLLISION MVC NO INJURIES,Traffic,MOTOR VEHICLE COLLISION
TB24036613,"09/05/2024, 12:46:12 AM","09/05/2024, 1:06:34 PM",THUNDER BAY,ON,P7E 1B7,300 Block MAY ST S, TBPS] B-E BUS/RES/OTH SUSP PRESENT OR MAY STILL BE IN AREA,Breaking & Entering,B-E BUS/RES/OTH
TB24036630,"09/05/2024, 3:26:39 AM","09/05/2024, 1:06:34 PM",THUNDER BAY,ON,P7C 4A8,800 Block MCKELLAR ST N," TBPS] MISCHIEF IP/SUSP IN AREA, UNDER 5,000",Other Property Crime,MISCHIEF
TB24036632,"09/05/2024, 3:49:01 AM","09/05/2024, 1:06:34 PM",THUNDER BAY,ON,P7B 6J8,1 Block PICTON AV, TBPS] DRUG OFFENCES SUSP PRESENT OR MAY STILL BE IN AREA,Quality of Life,DRUG OFFENCES
TB24036666,"09/05/2024, 7:40:58 AM","09/05/2024, 1:06:34 PM",THUNDER BAY,ON,P7B 5J4,1000 Block DAWSON RD, TBPS] ASSAULT SUSP PRESENT OR IN AREA,Assault,ASSAULT
TB24036585,"09/04/2024, 9:43:14 PM","09/05/2024, 1:06:35 PM",THUNDER BAY,ON,P7C 3B5,600 Block MCLAUGHLIN ST, TBPS] ASSAULT SUSP PRESENT OR IN AREA,Assault,ASSAULT
TB24036596,"09/04/2024, 10:55:39 PM","09/05/2024, 1:06:35 PM",THUNDER BAY,ON,P7B 2X7,100 Block COURT ST S, TBPS] ASSAULT SUSP PRESENT OR IN AREA,Assault,ASSAULT
TB24036605,"09/04/2024, 11:27:17 PM","09/05/2024, 1:06:35 PM",THUNDER BAY,ON,P7E 3X6,MOUNTDALE AV AND FREDERICA ST W, TBPS] LIQUOR LICENCE ACT LIQUOR LICENCE ACT VIOLATION IN PROGRESS,Quality of Life,LIQUOR LICENCE ACT
TB24036610,"09/05/2024, 12:23:38 AM","09/05/2024, 1:06:35 PM",THUNDER BAY,ON,P7B 2G3,300 Block OLIVER RD, TBPS] DRUG OFFENCES SUSP PRESENT OR MAY STILL BE IN AREA,Quality of Life,DRUG OFFENCES
TB24036643,"09/05/2024, 4:37:45 AM","09/05/2024, 1:06:35 PM",THUNDER BAY,ON,P7B 2B6,600 Block MONTGOMERY ST, TBPS] B-E BUS/RES/OTH 11-10,Breaking & Entering,B-E BUS/RES/OTH
TB24036558,"09/04/2024, 7:07:02 PM","09/05/2024, 1:06:36 PM",THUNDER BAY,ON,P7A 4M3,VILLA ST AND CUMBERLAND ST N, TBPS] MOTOR VEHICLE COLLISION MVC NO INJURIES,Traffic,MOTOR VEHICLE COLLISION
TB24036570,"09/04/2024, 8:43:30 PM","09/05/2024, 1:06:36 PM",THUNDER BAY,ON,P7A 4M3,VILLA ST AND CUMBERLAND ST N, TBPS] LIQUOR LICENCE ACT LIQUOR LICENCE ACT VIOLATION IN PROGRESS,Quality of Life,LIQUOR LICENCE ACT
TB24036572,"09/04/2024, 8:50:37 PM","09/05/2024, 1:06:36 PM",THUNDER BAY,ON,P7C 1G3,EDWARD ST N AND VICTORIA AV E, TBPS] MOTOR VEHICLE COLLISION MVC NO INJURIES,Traffic,MOTOR VEHICLE COLLISION
TB24036575,"09/04/2024, 8:58:39 PM","09/05/2024, 1:06:36 PM",THUNDER BAY,ON,P7E 5V3,500 Block DONALD ST E, TBPS] ASSAULT SUSP PRESENT OR IN AREA,Assault,ASSAULT
TB24036577,"09/04/2024, 9:05:15 PM","09/05/2024, 1:06:36 PM",THUNDER BAY,ON,P7B 5V2,500 Block BEVERLY ST, TBPS] THEFT SUSP STILL PRESENT OR MAY BE IN AREA,Other Theft,THEFT
TB24036584,"09/04/2024, 9:43:00 PM","09/05/2024, 1:06:36 PM",THUNDER BAY,ON,P7C 2G5,300 Block BETHUNE ST, TBPS] STOLEN VEHICLE SUSP NOT IN AREA,Theft of Vehicle,STOLEN VEHICLE
TB24036586,"09/04/2024, 9:51:12 PM","09/05/2024, 1:06:36 PM",THUNDER BAY,ON,P7A 6W1,FARRAND ST AND MARGARET ST, TBPS] LIQUOR LICENCE ACT LIQUOR LICENCE ACT VIOLATION IN PROGRESS,Quality of Life,LIQUOR LICENCE ACT
TB24036522,"09/04/2024, 12:27:24 PM","09/05/2024, 1:06:37 PM",THUNDER BAY,ON,P7E 1K4,100 Block HAROLD ST S, TBPS] ASSAULT SUSP PRESENT OR IN AREA,Assault,ASSAULT
TB24036523,"09/04/2024, 12:37:47 PM","09/05/2024, 1:06:37 PM",THUNDER BAY,ON,P7E 5Y8,400 Block GEORGE ST," TBPS] MISCHIEF IP/SUSP IN AREA, UNDER 5,000",Other Property Crime,MISCHIEF
TB24036524,"09/04/2024, 12:48:43 PM","09/05/2024, 1:06:37 PM",THUNDER BAY,ON,P7B 1E5,200 Block PEARL ST, TBPS] ASSAULT SUSP PRESENT OR IN AREA,Assault,ASSAULT
TB24036547,"09/04/2024, 5:29:26 PM","09/05/2024, 1:06:37 PM",THUNDER BAY,ON,P7E 1G6,300 Block ARCHIBALD ST S," TBPS] MISCHIEF 11-10, MICHIEF UNDER 5000",Other Property Crime,MISCHIEF
TB24036550,"09/04/2024, 5:58:24 PM","09/05/2024, 1:06:37 PM",THUNDER BAY,ON,P7A 4K8,1000 Block DAWSON RD, TBPS] ROBBERY NO WEAPONS - SUSP STILL IN AREA,Robbery,ROBBERY
TB24036554,"09/04/2024, 6:30:52 PM","09/05/2024, 1:06:37 PM",THUNDER BAY,ON,P7K 0P3,3100 Block ARTHUR ST W," TBPS] MISCHIEF IP/SUSP IN AREA, MICHIEF OVER 5000",Other Property Crime,MISCHIEF
TB24036561,"09/04/2024, 7:00:00 PM","09/05/2024, 1:06:37 PM",THUNDER BAY,ON,P7B 5L6,300 Block MAIN ST, TBPS] THEFT SUSP STILL PRESENT OR MAY BE IN AREA,Other Theft,THEFT
TB24036559,"09/04/2024, 7:13:01 PM","09/05/2024, 1:06:37 PM",THUNDER BAY,ON,P7C 3V2,800 Block BRODIE ST N, TBPS] B-E BUS/RES/OTH 11-10,Breaking & Entering,B-E BUS/RES/OTH
TB24036464,"09/04/2024, 3:04:42 AM","09/05/2024, 1:06:38 PM",THUNDER BAY,ON,P7B 1K7,1000 Block DAWSON RD, TBPS] ASSAULT ACCUSED NOT PRESENT,Assault,ASSAULT
TB24036491,"09/04/2024, 5:59:44 AM","09/05/2024, 1:06:38 PM",THUNDER BAY,ON,P7C 0A2,800 Block VICTORIA AV E, TBPS] B-E BUS/RES/OTH SUSP PRESENT OR MAY STILL BE IN AREA,Breaking & Entering,B-E BUS/RES/OTH
TB24036499,"09/04/2024, 7:14:44 AM","09/05/2024, 1:06:38 PM",THUNDER BAY,ON,P7B 6S2,700 Block MEMORIAL AV," TBPS] MISCHIEF IP/SUSP IN AREA, UNDER 5,000",Other Property Crime,MISCHIEF
TB24036517,"09/04/2024, 10:46:06 AM","09/05/2024, 1:06:38 PM",THUNDER BAY,ON,P7C 5L8,300 Block LAMBTON CR, TBPS] ASSAULT SUSP PRESENT OR IN AREA,Assault,ASSAULT
TB24036519,"09/04/2024, 10:52:44 AM","09/05/2024, 1:06:38 PM",THUNDER BAY,ON,P7E 1B8,100 Block BRODIE ST S, TBPS] B-E BUS/RES/OTH SUSP PRESENT OR MAY STILL BE IN AREA,Breaking & Entering,B-E BUS/RES/OTH
TB24036545,"09/04/2024, 5:13:34 PM","09/05/2024, 1:06:38 PM",THUNDER BAY,ON,P7C 4R1,EDWARD ST N AND WOODLAWN AV, TBPS] MOTOR VEHICLE COLLISION MVC NO INJURIES,Traffic,MOTOR VEHICLE COLLISION
TB24036478,"09/04/2024, 4:48:21 AM","09/05/2024, 1:06:39 PM",THUNDER BAY,ON,P7E 5P7,100 Block ARTHUR ST W, TBPS] ROBBERY NO WEAPONS - SUSP STILL IN AREA,Robbery,ROBBERY
TB24036783,"09/05/2024, 11:09:40 PM","09/06/2024, 1:08:34 PM",THUNDER BAY,ON,P7A 4Z3,VAN NORMAN ST AND ALGOMA ST N, TBPS] MOTOR VEHICLE COLLISION MVC NO INJURIES,Traffic,MOTOR VEHICLE COLLISION
TB24036789,"09/06/2024, 12:15:03 AM","09/06/2024, 1:08:34 PM",THUNDER BAY,ON,P7C 2V3,600 Block SOUTHERN AV," TBPS] MISCHIEF IP/SUSP IN AREA, UNDER 5,000",Other Property Crime,MISCHIEF
TB24036795,"09/06/2024, 1:30:30 AM","09/06/2024, 1:08:34 PM",THUNDER BAY,ON,P7E 5Y8,400 Block GEORGE ST, TBPS] ASSAULT SUSP PRESENT OR IN AREA,Assault,ASSAULT
TB24036781,"09/05/2024, 10:46:24 PM","09/06/2024, 1:08:35 PM",THUNDER BAY,ON,P7J 1E8,2300 Block 61 HWY, TBPS] DRUG OFFENCES SUSP PRESENT OR MAY STILL BE IN AREA,Quality of Life,DRUG OFFENCES
TB24036782,"09/05/2024, 11:08:45 PM","09/06/2024, 1:08:35 PM",THUNDER BAY,ON,P7B 5L6,300 Block MAIN ST, TBPS] LIQUOR LICENCE ACT LIQUOR LICENCE ACT VIOLATION IN PROGRESS,Quality of Life,LIQUOR LICENCE ACT
TB24036788,"09/06/2024, 12:13:42 AM","09/06/2024, 1:08:35 PM",THUNDER BAY,ON,P7C 4P8,400 Block EDWARD ST N, TBPS] ASSAULT SUSP PRESENT OR IN AREA,Assault,ASSAULT
TB24036808,"09/06/2024, 3:57:52 AM","09/06/2024, 1:08:35 PM",THUNDER BAY,ON,P7B 3A6,900 Block FORT WILLIAM RD, TBPS] MOTOR VEHICLE COLLISION MVC - AMB ENR - DUAL RESP,Other,MOTOR VEHICLE COLLISION
TB24036817,"09/06/2024, 4:58:40 AM","09/06/2024, 1:08:35 PM",THUNDER BAY,ON,P7C 3T9,700 Block BRODIE ST N, TBPS] B-E BUS/RES/OTH SUSP PRESENT OR MAY STILL BE IN AREA,Breaking & Entering,B-E BUS/RES/OTH
TB24036823,"09/06/2024, 6:04:28 AM","09/06/2024, 1:08:35 PM",THUNDER BAY,ON,P7E 5Y8,400 Block GEORGE ST, TBPS] ASSAULT SUSP PRESENT OR IN AREA,Assault,ASSAULT
TB24036743,"09/05/2024, 7:16:21 PM","09/06/2024, 1:08:36 PM",THUNDER BAY,ON,P7C 3J6,500 Block SIMPSON ST, TBPS] DRUG OFFENCES SUSP PRESENT OR MAY STILL BE IN AREA,Quality of Life,DRUG OFFENCES
TB24036748,"09/05/2024, 7:31:41 PM","09/06/2024, 1:08:36 PM",THUNDER BAY,ON,P7B 1V8,200 Block WINDSOR ST, TBPS] B-E BUS/RES/OTH SUSP PRESENT OR MAY STILL BE IN AREA,Breaking & Entering,B-E BUS/RES/OTH
TB24036758,"09/05/2024, 8:33:42 PM","09/06/2024, 1:08:36 PM",THUNDER BAY,ON,P7B 1L4,200 Block AMBROSE ST, TBPS] ASSAULT SUSP PRESENT OR IN AREA,Assault,ASSAULT
TB24036792,"09/06/2024, 1:06:16 AM","09/06/2024, 1:08:36 PM",THUNDER BAY,ON,P7B 5Z5,1200 Block BALMORAL ST," TBPS] THEFT NOT IN PROGRESS, UNDER 5000",Other Theft,THEFT
TB24036801,"09/06/2024, 3:09:40 AM","09/06/2024, 1:08:36 PM",THUNDER BAY,ON,.,RIVER ST AND ALGOMA ST N," TBPS] MISCHIEF IP/SUSP IN AREA, UNDER 5,000",Other Property Crime,MISCHIEF
TB24036718,"09/05/2024, 4:16:50 PM","09/06/2024, 1:08:37 PM",THUNDER BAY,ON,P7B 5E1,900 Block OLIVER RD, TBPS] MOTOR VEHICLE COLLISION 11-10 MVC ANY TYPE,Other,MOTOR VEHICLE COLLISION
TB24036720,"09/05/2024, 4:32:08 PM","09/06/2024, 1:08:37 PM",THUNDER BAY,ON,P7E 4W9,JAMES ST S AND WALSH ST W, TBPS] MOTOR VEHICLE COLLISION 11-10 MVC ANY TYPE,Other,MOTOR VEHICLE COLLISION
TB24036727,"09/05/2024, 5:41:39 PM","09/06/2024, 1:08:37 PM",THUNDER BAY,ON,P7B 1W8,200 Block JOHN ST, TBPS] MOTOR VEHICLE COLLISION 11-10 MVC ANY TYPE,Other,MOTOR VEHICLE COLLISION
TB24036730,"09/05/2024, 6:05:54 PM","09/06/2024, 1:08:37 PM",THUNDER BAY,ON,P7B 5E1,900 Block OLIVER RD, TBPS] MOTOR VEHICLE COLLISION 11-10 MVC ANY TYPE,Other,MOTOR VEHICLE COLLISION
TB24036731,"09/05/2024, 6:12:06 PM","09/06/2024, 1:08:37 PM",THUNDER BAY,ON,P7B 6S2,700 Block MEMORIAL AV, TBPS] MOTOR VEHICLE COLLISION 11-10 MVC ANY TYPE,Other,MOTOR VEHICLE COLLISION
TB24036732,"09/05/2024, 6:16:07 PM","09/06/2024, 1:08:37 PM",THUNDER BAY,ON,P7B 3A6,900 Block FORT WILLIAM RD, TBPS] MOTOR VEHICLE COLLISION 11-10 MVC ANY TYPE,Other,MOTOR VEHICLE COLLISION
TB24036736,"09/05/2024, 6:30:03 PM","09/06/2024, 1:08:37 PM",THUNDER BAY,ON,P7B 7A5,1000 Block OLIVER RD, TBPS] MOTOR VEHICLE COLLISION MVC NO INJURIES,Traffic,MOTOR VEHICLE COLLISION
TB24036742,"09/05/2024, 6:57:41 PM","09/06/2024, 1:08:37 PM",THUNDER BAY,ON,P7B 4Y4,100 Block BLUCHER AV, TBPS] B-E BUS/RES/OTH 11-10,Breaking & Entering,B-E BUS/RES/OTH
TB24036749,"09/05/2024, 7:51:22 PM","09/06/2024, 1:08:37 PM",THUNDER BAY,ON,P7B 6B9,1000 Block FORT WILLIAM RD, TBPS] MOTOR VEHICLE COLLISION 11-10 MVC ANY TYPE,Other,MOTOR VEHICLE COLLISION
TB24036691,"09/05/2024, 12:35:58 PM","09/06/2024, 1:08:38 PM",THUNDER BAY,ON,P7B 5L6,300 Block MAIN ST, TBPS] B-E BUS/RES/OTH 11-10,Breaking & Entering,B-E BUS/RES/OTH
TB24036700,"09/05/2024, 2:50:38 PM","09/06/2024, 1:08:38 PM",THUNDER BAY,ON,P7A 3S4,600 Block RIVER ST, TBPS] MOTOR VEHICLE COLLISION 11-10 MVC ANY TYPE,Other,MOTOR VEHICLE COLLISION
TB24036701,"09/05/2024, 2:53:14 PM","09/06/2024, 1:08:38 PM",THUNDER BAY,ON,P7B 5Z5,1200 Block BALMORAL ST, TBPS] MISCHIEF IP PROGRESS/SUPECT IN AREA,Other Property Crime,MISCHIEF
TB24036705,"09/05/2024, 3:40:09 PM","09/06/2024, 1:08:38 PM",THUNDER BAY,ON,P7E 5S2,1100 Block ARTHUR ST W, TBPS] MOTOR VEHICLE COLLISION 11-10 MVC ANY TYPE,Other,MOTOR VEHICLE COLLISION
TB24036710,"09/05/2024, 4:00:27 PM","09/06/2024, 1:08:38 PM",THUNDER BAY,ON,P7C 3T4,400 Block BRODIE ST N, TBPS] B-E BUS/RES/OTH SUSP PRESENT OR MAY STILL BE IN AREA,Breaking & Entering,B-E BUS/RES/OTH
TB24036712,"09/05/2024, 4:03:32 PM","09/06/2024, 1:08:38 PM",THUNDER BAY,ON,P7C,MAY ST N AND MILES ST E, TBPS] MOTOR VEHICLE COLLISION 11-10 MVC ANY TYPE,Other,MOTOR VEHICLE COLLISION
TB24036722,"09/05/2024, 5:05:09 PM","09/06/2024, 1:08:38 PM",THUNDER BAY,ON,P7E 2Z9,900 Block MOUNTDALE AV, TBPS] MOTOR VEHICLE COLLISION MVC NO INJURIES,Traffic,MOTOR VEHICLE COLLISION
TB24036682,"09/05/2024, 10:40:35 AM","09/06/2024, 1:08:39 PM",THUNDER BAY,ON,P7B 6A3,600 Block SHERRINGTON DR, TBPS] LIQUOR LICENCE ACT LIQUOR LICENCE ACT VIOLATION IN PROGRESS,Quality of Life,LIQUOR LICENCE ACT
TB24036684,"09/05/2024, 10:53:20 AM","09/06/2024, 1:08:39 PM",THUNDER BAY,ON,P7B 1H9,600 Block RED RIVER RD, TBPS] ASSAULT ACCUSED NOT PRESENT,Assault,ASSAULT
TB24036704,"09/05/2024, 3:33:31 PM","09/06/2024, 1:08:39 PM",THUNDER BAY,ON,P7B 4B9,200 Block MCKIBBIN ST, TBPS] MOTOR VEHICLE COLLISION 11-10 MVC ANY TYPE,Other,MOTOR VEHICLE COLLISION
TB24036503,"09/04/2024, 7:51:28 AM","09/06/2024, 1:08:40 PM",THUNDER BAY,ON,P7B 1S6,BAY ST AND CROWN ST, TBPS] MOTOR VEHICLE COLLISION 11-10 MVC ANY TYPE,Other,MOTOR VEHICLE COLLISION
TB24036661,"09/05/2024, 6:39:18 AM","09/06/2024, 1:08:40 PM",THUNDER BAY,ON,P7B 3B6,1 Block ALGOMA ST S, TBPS] B-E BUS/RES/OTH 11-10,Breaking & Entering,B-E BUS/RES/OTH
TB24036673,"09/05/2024, 9:13:03 AM","09/06/2024, 1:08:40 PM",THUNDER BAY,ON,P7K 1K2,PARKDALE BLVD AND ARTHUR ST W, TBPS] MOTOR VEHICLE COLLISION MVC NO INJURIES,Traffic,MOTOR VEHICLE COLLISION
TB24036702,"09/05/2024, 3:23:17 PM","09/06/2024, 1:08:40 PM",THUNDER BAY,ON,P7C 4B1,300 Block VICKERS ST N, TBPS] MOTOR VEHICLE COLLISION 11-10 MVC ANY TYPE,Other,MOTOR VEHICLE COLLISION
TB24036920,"09/07/2024, 12:19:54 AM","09/07/2024, 1:07:36 PM",THUNDER BAY,ON,P7B 3A6,900 Block FORT WILLIAM RD, TBPS] SHOPLIFT IN CUSTODY - NO PROBLEMS,Theft,SHOPLIFT
TB24036925,"09/07/2024, 12:50:07 AM","09/07/2024, 1:07:37 PM",THUNDER BAY,ON,P7C,1 Block LIMBRICK ST, TBPS] TROUBLE WITH YOUTH YOUTHS STILL IN AREA,Quality of Life,TROUBLE WITH YOUTH
TB24036933,"09/07/2024, 1:50:38 AM","09/07/2024, 1:07:38 PM",THUNDER BAY,ON,P7B 5V2,500 Block BEVERLY ST, TBPS] MOTOR VEHICLE COLLISION MVC - AMB ENR - DUAL RESP,Other,MOTOR VEHICLE COLLISION
TB24036935,"09/07/2024, 2:11:26 AM","09/07/2024, 1:07:38 PM",THUNDER BAY,ON,P7B 3A7,RED RIVER RD AND ALGOMA ST N, TBPS] MOTOR VEHICLE COLLISION MVC NO INJURIES,Traffic,MOTOR VEHICLE COLLISION
TB24036936,"09/07/2024, 2:14:20 AM","09/07/2024, 1:07:38 PM",THUNDER BAY,ON,P7C 3X8,100 Block CENTENNIAL SQ, TBPS] THEFT SUSP STILL PRESENT OR MAY BE IN AREA,Other Theft,THEFT
TB24036938,"09/07/2024, 2:20:32 AM","09/07/2024, 1:07:39 PM",THUNDER BAY,ON,P7B 2X7,100 Block COURT ST S, TBPS] THEFT SUSP STILL PRESENT OR MAY BE IN AREA,Other Theft,THEFT
TB24036959,"09/07/2024, 4:41:20 AM","09/07/2024, 1:07:41 PM",THUNDER BAY,ON,P7E 5P7,100 Block ARTHUR ST W, TBPS] ROBBERY NO WEAPONS - SUSP STILL IN AREA,Robbery,ROBBERY
TB24036966,"09/07/2024, 5:09:17 AM","09/07/2024, 1:07:42 PM",THUNDER BAY,ON,P7E 5N3,1300 Block ARTHUR ST E," TBPS] MISCHIEF IP/SUSP IN AREA, UNDER 5,000",Other Property Crime,MISCHIEF
TB24036967,"09/07/2024, 5:13:36 AM","09/07/2024, 1:07:42 PM",THUNDER BAY,ON,P7B 6S2,700 Block MEMORIAL AV, TBPS] THEFT SUSP STILL PRESENT OR MAY BE IN AREA,Other Theft,THEFT
TB24036982,"09/07/2024, 7:41:40 AM","09/07/2024, 1:07:44 PM",THUNDER BAY,ON,P7B 1A6,200 Block RED RIVER RD, TBPS] LIQUOR LICENCE ACT LIQUOR LICENCE ACT VIOLATION IN PROGRESS,Quality of Life,LIQUOR LICENCE ACT
TB24036761,"09/05/2024, 8:48:55 PM","09/07/2024, 1:07:50 PM",THUNDER BAY,ON,P7C 1N8,200 Block CUMMING ST, TBPS] ASSAULT ACCUSED NOT PRESENT,Assault,ASSAULT
TB24036853,"09/06/2024, 3:07:13 PM","09/07/2024, 1:08:03 PM",THUNDER BAY,ON,P7B 3Y6,400 Block MEMORIAL AV, TBPS] ASSAULT SUSP PRESENT OR IN AREA,Assault,ASSAULT
TB24036856,"09/06/2024, 3:30:16 PM","09/07/2024, 1:08:03 PM",THUNDER BAY,ON,P7C 5N3,JAMES ST N AND CONESTOGA ST, TBPS] MOTOR VEHICLE COLLISION MVC - AMB ENR - DUAL RESP,Other,MOTOR VEHICLE COLLISION
TB24036866,"09/06/2024, 5:17:39 PM","09/07/2024, 1:08:04 PM",THUNDER BAY,ON,P7B,FORT WILLIAM RD AND MAIN ST, TBPS] MOTOR VEHICLE COLLISION 11-10 MVC ANY TYPE,Other,MOTOR VEHICLE COLLISION
TB24036869,"09/06/2024, 5:28:50 PM","09/07/2024, 1:08:05 PM",THUNDER BAY,ON,P7E 5S2,1100 Block ARTHUR ST W, TBPS] MOTOR VEHICLE COLLISION 11-10 MVC ANY TYPE,Other,MOTOR VEHICLE COLLISION
TB24036872,"09/06/2024, 5:53:35 PM","09/07/2024, 1:08:05 PM",THUNDER BAY,ON,P7E,ARTHUR ST W AND 61 HWY, TBPS] MOTOR VEHICLE COLLISION 11-10 MVC ANY TYPE,Other,MOTOR VEHICLE COLLISION
TB24036875,"09/06/2024, 6:13:18 PM","09/07/2024, 1:08:06 PM",THUNDER BAY,ON,P7E 1W2,1100 Block SPRAGUE ST, TBPS] MOTOR VEHICLE COLLISION 11-10 MVC ANY TYPE,Other,MOTOR VEHICLE COLLISION
TB24036876,"09/06/2024, 6:20:13 PM","09/07/2024, 1:08:06 PM",THUNDER BAY,ON,P7E 5S2,1100 Block ARTHUR ST W, TBPS] MOTOR VEHICLE COLLISION 11-10 MVC ANY TYPE,Other,MOTOR VEHICLE COLLISION
TB24036879,"09/06/2024, 6:47:55 PM","09/07/2024, 1:08:06 PM",THUNDER BAY,ON,P7B 3P4,100 Block SUMMIT AV, TBPS] MOTOR VEHICLE COLLISION 11-10 MVC ANY TYPE,Other,MOTOR VEHICLE COLLISION
TB24036890,"09/06/2024, 7:50:13 PM","09/07/2024, 1:08:07 PM",THUNDER BAY,ON,P7B 5N3,SIBLEY DR AND BARTON ST, TBPS] MOTOR VEHICLE COLLISION 11-10 MVC ANY TYPE,Other,MOTOR VEHICLE COLLISION
TB24036891,"09/06/2024, 8:01:09 PM","09/07/2024, 1:08:08 PM",THUNDER BAY,ON,P7B 6B9,1000 Block FORT WILLIAM RD, TBPS] MOTOR VEHICLE COLLISION 11-10 MVC ANY TYPE,Other,MOTOR VEHICLE COLLISION
TB24036894,"09/06/2024, 8:31:22 PM","09/07/2024, 1:08:08 PM",THUNDER BAY,ON,P7B 5S3,500 Block EDISON RD, TBPS] MOTOR VEHICLE COLLISION 11-10 MVC ANY TYPE,Other,MOTOR VEHICLE COLLISION
TB24036912,"09/06/2024, 11:10:43 PM","09/07/2024, 1:08:11 PM",THUNDER BAY,ON,P7B 3A6,900 Block FORT WILLIAM RD, TBPS] ASSAULT SUSP PRESENT OR IN AREA,Assault,ASSAULT
TB24036916,"09/06/2024, 11:50:59 PM","09/07/2024, 1:08:11 PM",THUNDER BAY,ON,P7B 5Z5,1200 Block BALMORAL ST, TBPS] THEFT SUSP STILL PRESENT OR MAY BE IN AREA,Other Theft,THEFT
TB24037098,"09/08/2024, 2:19:16 AM","09/08/2024, 1:03:49 PM",THUNDER BAY,ON,P7A 4K8,1000 Block DAWSON RD, TBPS] THEFT SUSP STILL PRESENT OR MAY BE IN AREA,Other Theft,THEFT
TB24037101,"09/08/2024, 2:38:24 AM","09/08/2024, 1:03:50 PM",THUNDER BAY,ON,P7B 5L6,300 Block MAIN ST, TBPS] THEFT SUSP STILL PRESENT OR MAY BE IN AREA,Other Theft,THEFT
TB24037103,"09/08/2024, 2:44:29 AM","09/08/2024, 1:03:50 PM",THUNDER BAY,ON,P7C 3T4,400 Block BRODIE ST N, TBPS] B-E BUS/RES/OTH SUSP PRESENT OR MAY STILL BE IN AREA,Breaking & Entering,B-E BUS/RES/OTH
TB24037109,"09/08/2024, 3:08:05 AM","09/08/2024, 1:03:51 PM",THUNDER BAY,ON,P7B 5J4,1000 Block DAWSON RD, TBPS] ASSAULT SUSP PRESENT OR IN AREA,Assault,ASSAULT
TB24037113,"09/08/2024, 3:29:23 AM","09/08/2024, 1:03:52 PM",THUNDER BAY,ON,P7E 5S2,1100 Block ARTHUR ST W, TBPS] ASSAULT SUSP PRESENT OR IN AREA,Assault,ASSAULT
TB24037115,"09/08/2024, 3:46:56 AM","09/08/2024, 1:03:52 PM",THUNDER BAY,ON,P7B 6S2,700 Block MEMORIAL AV, TBPS] THEFT SUSP STILL PRESENT OR MAY BE IN AREA,Other Theft,THEFT
TB24037117,"09/08/2024, 4:15:21 AM","09/08/2024, 1:03:53 PM",THUNDER BAY,ON,P7C 4A8,800 Block MCKELLAR ST N, TBPS] DRUG OFFENCES SUSP PRESENT OR MAY STILL BE IN AREA,Quality of Life,DRUG OFFENCES
TB24037123,"09/08/2024, 4:49:37 AM","09/08/2024, 1:03:54 PM",THUNDER BAY,ON,P7B 6P6,300 Block WATER ST, TBPS] B-E BUS/RES/OTH SUSP PRESENT OR MAY STILL BE IN AREA,Breaking & Entering,B-E BUS/RES/OTH
TB24037132,"09/08/2024, 5:45:10 AM","09/08/2024, 1:03:55 PM",THUNDER BAY,ON,.,MARGARET ST AND BALSAM ST, TBPS] MOTOR VEHICLE COLLISION MVC - AMB ENR - DUAL RESP,Other,MOTOR VEHICLE COLLISION
TB24037149,"09/08/2024, 7:51:36 AM","09/08/2024, 1:03:57 PM",THUNDER BAY,ON,P7B 6P6,300 Block WATER ST, TBPS] B-E BUS/RES/OTH 11-10,Breaking & Entering,B-E BUS/RES/OTH
TB24036947,"09/07/2024, 2:54:33 AM","09/08/2024, 1:04:08 PM",THUNDER BAY,ON,P7E 5N6,1700 Block ARTHUR ST E, TBPS] ASSAULT ACCUSED NOT PRESENT,Assault,ASSAULT
TB24036956,"09/07/2024, 4:20:08 AM","09/08/2024, 1:04:10 PM",THUNDER BAY,ON,P7E 5N3,1300 Block ARTHUR ST E, TBPS] THEFT SUSP STILL PRESENT OR MAY BE IN AREA,Other Theft,THEFT
TB24036964,"09/07/2024, 5:03:37 AM","09/08/2024, 1:04:12 PM",THUNDER BAY,ON,P7E 2T6,400 Block MARY ST W, TBPS] B-E BUS/RES/OTH 11-10,Breaking & Entering,B-E BUS/RES/OTH
TB24036990,"09/07/2024, 9:07:52 AM","09/08/2024, 1:04:16 PM",THUNDER BAY,ON,P7E 2M6,1400 Block BROWN ST, TBPS] ASSAULT SUSP PRESENT OR IN AREA,Assault,ASSAULT
TB24036992,"09/07/2024, 9:20:20 AM","09/08/2024, 1:04:16 PM",THUNDER BAY,ON,P7B 3Y4,300 Block MEMORIAL AV, TBPS] ASSAULT ACCUSED NOT PRESENT,Assault,ASSAULT
TB24036998,"09/07/2024, 11:03:27 AM","09/08/2024, 1:04:18 PM",THUNDER BAY,ON,P7E 5R5,500 Block ARTHUR ST W, TBPS] ASSAULT SUSP PRESENT OR IN AREA,Assault,ASSAULT
TB24037009,"09/07/2024, 2:28:53 PM","09/08/2024, 1:04:21 PM",THUNDER BAY,ON,P7A 2R6,300 Block TOLEDO ST, TBPS] STOLEN VEHICLE SUSP NOT IN AREA,Theft of Vehicle,STOLEN VEHICLE
TB24037014,"09/07/2024, 2:46:16 PM","09/08/2024, 1:04:23 PM",THUNDER BAY,ON,P7B 6P4,500 Block HARBOUR EXPRESSWAY," TBPS] THEFT NOT IN PROGRESS, FROM MOTOR VEHICLE",Theft from Vehicle,THEFT
TB24037018,"09/07/2024, 3:00:49 PM","09/08/2024, 1:04:24 PM",THUNDER BAY,ON,P7B 5R7,100 Block CUMBERLAND ST S," TBPS] THEFT NOT IN PROGRESS, FROM MOTOR VEHICLE",Theft from Vehicle,THEFT
TB24037028,"09/07/2024, 4:57:21 PM","09/08/2024, 1:04:25 PM",THUNDER BAY,ON,P7C 2G8,100 Block CAMERON ST," TBPS] MISCHIEF IP/SUSP IN AREA, UNDER 5,000",Other Property Crime,MISCHIEF
TB24037035,"09/07/2024, 5:53:45 PM","09/08/2024, 1:04:27 PM",THUNDER BAY,ON,P7B 5Z5,1200 Block BALMORAL ST, TBPS] STOLEN VEHICLE SUSP NOT IN AREA,Theft of Vehicle,STOLEN VEHICLE
TB24037038,"09/07/2024, 6:00:00 PM","09/08/2024, 1:04:28 PM",THUNDER BAY,ON,P7B 5Z5,1200 Block BALMORAL ST, TBPS] POSSESSION OF STOLEN PROPERTY ACCUSED PRESENT,Theft,POSSESSION OF STOLEN PROPERTY
TB24037046,"09/07/2024, 7:27:19 PM","09/08/2024, 1:04:28 PM",THUNDER BAY,ON,P7E 4Z1,1700 Block MOODIE ST E, TBPS] ASSAULT SUSP PRESENT OR IN AREA,Assault,ASSAULT
TB24037052,"09/07/2024, 7:59:04 PM","09/08/2024, 1:04:29 PM",THUNDER BAY,ON,P7A,RIVER ST AND MADELINE ST, TBPS] MOTOR VEHICLE COLLISION MVC NO INJURIES,Traffic,MOTOR VEHICLE COLLISION
TB24037058,"09/07/2024, 8:48:11 PM","09/08/2024, 1:04:30 PM",THUNDER BAY,ON,P7B 6K5,300 Block WADE CR, TBPS] STOLEN VEHICLE SUSP NOT IN AREA,Theft of Vehicle,STOLEN VEHICLE
TB24037061,"09/07/2024, 9:07:39 PM","09/08/2024, 1:04:31 PM",THUNDER BAY,ON,P7C 3R3,CAMERON ST AND MAY ST N, TBPS] ASSAULT SUSP PRESENT OR IN AREA,Assault,ASSAULT
TB24037071,"09/07/2024, 10:51:59 PM","09/08/2024, 1:04:33 PM",THUNDER BAY,ON,P7C 2S1,SIMPSON ST AND PACIFIC AV, TBPS] MOTOR VEHICLE COLLISION MVC - AMB ENR - DUAL RESP,Other,MOTOR VEHICLE COLLISION
TB24037270,"09/09/2024, 4:37:39 AM","09/09/2024, 1:08:26 PM",THUNDER BAY,ON,P7B,HARBOUR EXPRESSWAY AND BALMORAL ST, TBPS] MOTOR VEHICLE COLLISION MVC NO INJURIES,Traffic,MOTOR VEHICLE COLLISION
TB24037219,"09/08/2024, 11:13:09 PM","09/09/2024, 1:08:27 PM",THUNDER BAY,ON,P7B 5J4,1000 Block DAWSON RD, TBPS] ASSAULT SUSP PRESENT OR IN AREA,Assault,ASSAULT
TB24037222,"09/09/2024, 12:03:30 AM","09/09/2024, 1:08:27 PM",THUNDER BAY,ON,P7E 5P7,200 Block ARTHUR ST W, TBPS] ASSAULT ACCUSED NOT PRESENT,Assault,ASSAULT
TB24037236,"09/09/2024, 1:09:01 AM","09/09/2024, 1:08:27 PM",THUNDER BAY,ON,P7C 1M8,200 Block LEITH ST," TBPS] MISCHIEF IP/SUSP IN AREA, UNDER 5,000",Other Property Crime,MISCHIEF
TB24037239,"09/09/2024, 1:21:45 AM","09/09/2024, 1:08:27 PM",THUNDER BAY,ON,P7B 6B9,FORT WILLIAM RD AND ISABEL ST, TBPS] ASSAULT SUSP PRESENT OR IN AREA,Assault,ASSAULT
TB24037241,"09/09/2024, 1:25:20 AM","09/09/2024, 1:08:27 PM",THUNDER BAY,ON,P7E 4E9,1100 Block FRANCIS ST W, TBPS] ASSAULT ACCUSED NOT PRESENT,Assault,ASSAULT
TB24037250,"09/09/2024, 2:11:32 AM","09/09/2024, 1:08:27 PM",THUNDER BAY,ON,P7A 4K8,1000 Block DAWSON RD, TBPS] ASSAULT SUSP PRESENT OR IN AREA,Assault,ASSAULT
TB24037252,"09/09/2024, 2:34:40 AM","09/09/2024, 1:08:27 PM",THUNDER BAY,ON,P7B 1L4,200 Block AMBROSE ST, TBPS] ASSAULT SUSP PRESENT OR IN AREA,Assault,ASSAULT
TB24037264,"09/09/2024, 4:13:31 AM","09/09/2024, 1:08:27 PM",THUNDER BAY,ON,P7E 5V7,1100 Block LINCOLN ST, TBPS] THEFT SUSP STILL PRESENT OR MAY BE IN AREA,Other Theft,THEFT
TB24037283,"09/09/2024, 5:42:21 AM","09/09/2024, 1:08:27 PM",THUNDER BAY,ON,P7B,HARBOUR EXPRESSWAY AND BALMORAL ST, TBPS] MOTOR VEHICLE COLLISION MVC NO INJURIES,Traffic,MOTOR VEHICLE COLLISION
TB24037205,"09/08/2024, 9:05:42 PM","09/09/2024, 1:08:28 PM",THUNDER BAY,ON,P7E 3V4,100 Block FREDERICA ST E, TBPS] ROBBERY NO WEAPONS - SUSP STILL IN AREA,Robbery,ROBBERY
TB24037209,"09/08/2024, 9:43:11 PM","09/09/2024, 1:08:28 PM",THUNDER BAY,ON,P7C 1V8,400 Block CHURCHILL DR W," TBPS] THEFT NOT IN PROGRESS, FROM MOTOR VEHICLE",Theft from Vehicle,THEFT
TB24037070,"09/07/2024, 10:31:57 PM","09/09/2024, 1:08:29 PM",THUNDER BAY,ON,P7B 3A6,900 Block FORT WILLIAM RD, TBPS] ASSAULT ACCUSED NOT PRESENT,Assault,ASSAULT
TB24037159,"09/08/2024, 9:14:23 AM","09/09/2024, 1:08:29 PM",THUNDER BAY,ON,P7B 1A8,COURT ST N AND RED RIVER RD, TBPS] ASSAULT SUSP PRESENT OR IN AREA,Assault,ASSAULT
TB24037184,"09/08/2024, 5:40:33 PM","09/09/2024, 1:08:29 PM",THUNDER BAY,ON,P7B 4A1,900 Block MEMORIAL AV, TBPS] ROBBERY NO WEAPONS - SUSP STILL IN AREA,Robbery,ROBBERY
TB24037203,"09/08/2024, 8:46:07 PM","09/09/2024, 1:08:29 PM",THUNDER BAY,ON,P7B 1K2,RED RIVER RD AND JUNOT AV N, TBPS] MOTOR VEHICLE COLLISION MVC NO INJURIES,Traffic,MOTOR VEHICLE COLLISION
TB24037207,"09/08/2024, 9:20:27 PM","09/09/2024, 1:08:29 PM",THUNDER BAY,ON,P7C 2J9,200 Block PRUDEN ST, TBPS] DRUG OFFENCES SUSP PRESENT OR MAY STILL BE IN AREA,Quality of Life,DRUG OFFENCES
TB24037150,"09/08/2024, 7:54:24 AM","09/09/2024, 1:08:30 PM",THUNDER BAY,ON,P7B 6J8,1 Block PICTON AV, TBPS] B-E BUS/RES/OTH SUSP PRESENT OR MAY STILL BE IN AREA,Breaking & Entering,B-E BUS/RES/OTH
TB24037155,"09/08/2024, 8:42:49 AM","09/09/2024, 1:08:30 PM",THUNDER BAY,ON,.,UNKNOWN STREET AND UNKNOWN STREET, TBPS] MOTOR VEHICLE COLLISION MVC - AMB ENR - DUAL RESP,Other,MOTOR VEHICLE COLLISION
TB24037229,"09/09/2024, 12:29:47 AM","09/09/2024, 1:08:46 PM",THUNDER BAY,ON,P7A 4T8,1 Block COURT ST N, TBPS] ASSAULT ACCUSED NOT PRESENT,Assault,ASSAULT
TB24036887,"09/06/2024, 7:36:48 PM","09/09/2024, 1:08:46 PM",THUNDER BAY,ON,.,UNKNOWN STREET AND UNKNOWN STREET, TBPS] MOTOR VEHICLE COLLISION 11-10 MVC ANY TYPE,Other,MOTOR VEHICLE COLLISION
TB24037405,"09/09/2024, 10:29:58 PM","09/10/2024, 1:04:06 PM",THUNDER BAY,ON,P7A 3Y6,300 Block TUPPER ST, TBPS] ASSAULT SUSP PRESENT OR IN AREA,Assault,ASSAULT
TB24037421,"09/10/2024, 1:10:28 AM","09/10/2024, 1:04:06 PM",THUNDER BAY,ON,P7B 6S2,700 Block MEMORIAL AV, TBPS] THEFT SUSP STILL PRESENT OR MAY BE IN AREA,Other Theft,THEFT
TB24037424,"09/10/2024, 1:26:13 AM","09/10/2024, 1:04:06 PM",THUNDER BAY,ON,P7B 7A4,OLIVER RD AND GOLF LINKS RD, TBPS] MOTOR VEHICLE COLLISION MVC NO INJURIES,Traffic,MOTOR VEHICLE COLLISION
TB24037426,"09/10/2024, 1:38:26 AM","09/10/2024, 1:04:06 PM",THUNDER BAY,ON,P7B 1Z7,700 Block JOHN ST, TBPS] TROUBLE WITH YOUTH YOUTHS STILL IN AREA,Quality of Life,TROUBLE WITH YOUTH
TB24037427,"09/10/2024, 1:40:07 AM","09/10/2024, 1:04:06 PM",THUNDER BAY,ON,P7B 1G7,500 Block RED RIVER RD, TBPS] ASSAULT ACCUSED NOT PRESENT,Assault,ASSAULT
TB24037439,"09/10/2024, 3:17:33 AM","09/10/2024, 1:04:06 PM",THUNDER BAY,ON,P7C 1N8,200 Block CUMMING ST, TBPS] ASSAULT SUSP PRESENT OR IN AREA,Assault,ASSAULT
TB24037449,"09/10/2024, 4:51:19 AM","09/10/2024, 1:04:06 PM",THUNDER BAY,ON,P7B 6S2,700 Block MEMORIAL AV, TBPS] THEFT SUSP STILL PRESENT OR MAY BE IN AREA,Other Theft,THEFT
TB24037451,"09/10/2024, 5:10:02 AM","09/10/2024, 1:04:06 PM",THUNDER BAY,ON,P7E 5R9,700 Block ARTHUR ST W, TBPS] ASSAULT SUSP PRESENT OR IN AREA,Assault,ASSAULT
TB24037473,"09/10/2024, 7:09:21 AM","09/10/2024, 1:04:06 PM",THUNDER BAY,ON,P7A 1L3,300 Block ARUNDEL ST, TBPS] STOLEN VEHICLE SUSP NOT IN AREA,Theft of Vehicle,STOLEN VEHICLE
TB24037476,"09/10/2024, 7:26:12 AM","09/10/2024, 1:04:06 PM",THUNDER BAY,ON,P7A 4P9,100 Block CLAVET ST, TBPS] STOLEN VEHICLE SUSP PRESENT OR MAY STILL BE IN AREA,Theft of Vehicle,STOLEN VEHICLE
TB24037350,"09/09/2024, 5:09:50 PM","09/10/2024, 1:04:07 PM",THUNDER BAY,ON,P7E 5S2,1100 Block ARTHUR ST W, TBPS] MOTOR VEHICLE COLLISION 11-10 MVC ANY TYPE,Other,MOTOR VEHICLE COLLISION
TB24037362,"09/09/2024, 5:44:06 PM","09/10/2024, 1:04:07 PM",THUNDER BAY,ON,P7B 6T2,400 Block MAUREEN ST, TBPS] ASSAULT ACCUSED NOT PRESENT,Assault,ASSAULT
TB24037367,"09/09/2024, 6:44:33 PM","09/10/2024, 1:04:07 PM",THUNDER BAY,ON,P7E 1E6,500 Block SYNDICATE AV S," TBPS] THEFT NOT IN PROGRESS, FROM MOTOR VEHICLE",Theft from Vehicle,THEFT
TB24037373,"09/09/2024, 7:28:31 PM","09/10/2024, 1:04:07 PM",THUNDER BAY,ON,P7C 2K7,200 Block FINLAYSON ST, TBPS] DRUG OFFENCES SUSP PRESENT OR MAY STILL BE IN AREA,Quality of Life,DRUG OFFENCES
TB24037375,"09/09/2024, 7:49:48 PM","09/10/2024, 1:04:07 PM",THUNDER BAY,ON,P7C 2K8,200 Block FINLAYSON ST, TBPS] THEFT SUSP STILL PRESENT OR MAY BE IN AREA,Other Theft,THEFT
TB24037385,"09/09/2024, 8:17:13 PM","09/10/2024, 1:04:07 PM",THUNDER BAY,ON,P7C 2L3,VICKERS ST N AND WEIGAND AV, TBPS] MOTOR VEHICLE COLLISION MVC - AMB ENR - DUAL RESP,Other,MOTOR VEHICLE COLLISION
TB24037413,"09/09/2024, 11:41:54 PM","09/10/2024, 1:04:07 PM",THUNDER BAY,ON,P7E 4J8,200 Block MARY ST E, TBPS] STOLEN VEHICLE SUSP NOT IN AREA,Theft of Vehicle,STOLEN VEHICLE
TB24037417,"09/10/2024, 12:11:35 AM","09/10/2024, 1:04:07 PM",THUNDER BAY,ON,P7K 1L8,1300 Block BROADWAY AV, TBPS] MOTOR VEHICLE COLLISION MVC NO INJURIES,Traffic,MOTOR VEHICLE COLLISION
TB24037419,"09/10/2024, 12:37:28 AM","09/10/2024, 1:04:07 PM",THUNDER BAY,ON,P7E 2S4,SHAMROCK CR AND ISABELLA ST W, TBPS] LIQUOR LICENCE ACT LIQUOR LICENCE ACT VIOLATION IN PROGRESS,Quality of Life,LIQUOR LICENCE ACT
TB24037434,"09/10/2024, 2:49:59 AM","09/10/2024, 1:04:07 PM",THUNDER BAY,ON,P7A,ARUNDEL ST AND LYON BLVD W, TBPS] MOTOR VEHICLE COLLISION MVC NO INJURIES,Traffic,MOTOR VEHICLE COLLISION
TB24037330,"09/09/2024, 3:07:41 PM","09/10/2024, 1:04:08 PM",THUNDER BAY,ON,P7B 3A6,900 Block FORT WILLIAM RD, TBPS] MOTOR VEHICLE COLLISION 11-10 MVC ANY TYPE,Other,MOTOR VEHICLE COLLISION
TB24037331,"09/09/2024, 3:11:41 PM","09/10/2024, 1:04:08 PM",THUNDER BAY,ON,P7B 1J9,800 Block RED RIVER RD, TBPS] MOTOR VEHICLE COLLISION 11-10 MVC ANY TYPE,Other,MOTOR VEHICLE COLLISION
TB24037335,"09/09/2024, 3:33:47 PM","09/10/2024, 1:04:08 PM",THUNDER BAY,ON,P7B 4A1,900 Block MEMORIAL AV, TBPS] MOTOR VEHICLE COLLISION 11-10 MVC ANY TYPE,Other,MOTOR VEHICLE COLLISION
TB24037349,"09/09/2024, 5:03:45 PM","09/10/2024, 1:04:08 PM",THUNDER BAY,ON,P7C 3X8,100 Block CENTENNIAL SQ, TBPS] THEFT SUSP STILL PRESENT OR MAY BE IN AREA,Other Theft,THEFT
TB24037353,"09/09/2024, 5:17:46 PM","09/10/2024, 1:04:08 PM",THUNDER BAY,ON,P7B 5L6,300 Block MAIN ST, TBPS] MOTOR VEHICLE COLLISION 11-10 MVC ANY TYPE,Other,MOTOR VEHICLE COLLISION
TB24037361,"09/09/2024, 5:42:20 PM","09/10/2024, 1:04:08 PM",THUNDER BAY,ON,P7E 3S4,700 Block GORE ST W, TBPS] MOTOR VEHICLE COLLISION 11-10 MVC ANY TYPE,Other,MOTOR VEHICLE COLLISION
TB24037365,"09/09/2024, 6:32:38 PM","09/10/2024, 1:04:08 PM",THUNDER BAY,ON,P7B 6R6,1500 Block GOLF LINKS RD, TBPS] MOTOR VEHICLE COLLISION MVC NO INJURIES,Traffic,MOTOR VEHICLE COLLISION
TB24037391,"09/09/2024, 8:43:32 PM","09/10/2024, 1:04:08 PM",THUNDER BAY,ON,P7B 7C6,900 Block CARRICK ST, TBPS] ROBBERY NO WEAPONS - SUSP STILL IN AREA,Robbery,ROBBERY
TB24037294,"09/09/2024, 9:11:16 AM","09/10/2024, 1:04:09 PM",THUNDER BAY,ON,P7B 2Y6,1 Block MACHAR AV, TBPS] ASSAULT SUSP PRESENT OR IN AREA,Assault,ASSAULT
TB24037329,"09/09/2024, 3:01:30 PM","09/10/2024, 1:04:09 PM",THUNDER BAY,ON,P7G 1C5,JOHN ST. RD AND MERCIER ST, TBPS] MOTOR VEHICLE COLLISION MVC - AMB ENR - DUAL RESP,Other,MOTOR VEHICLE COLLISION
TB24037332,"09/09/2024, 3:13:47 PM","09/10/2024, 1:04:09 PM",THUNDER BAY,ON,P7B 2A4,JOHN ST. RD AND CHERCOVER DR, TBPS] MOTOR VEHICLE COLLISION MVC NO INJURIES,Traffic,MOTOR VEHICLE COLLISION
TB24037352,"09/09/2024, 5:14:22 PM","09/10/2024, 1:04:09 PM",THUNDER BAY,ON,P7E 5E3,ISABELLA ST E AND EDWARD ST S, TBPS] MOTOR VEHICLE COLLISION 11-10 MVC ANY TYPE,Other,MOTOR VEHICLE COLLISION
TB24037272,"09/09/2024, 4:39:13 AM","09/10/2024, 1:04:10 PM",THUNDER BAY,ON,.,WILLIAM ST AND BALMORAL ST, TBPS] MOTOR VEHICLE COLLISION MVC NO INJURIES,Traffic,MOTOR VEHICLE COLLISION
TB24037277,"09/09/2024, 5:00:56 AM","09/10/2024, 1:04:10 PM",THUNDER BAY,ON,P7A 6G4,1 Block WISHART CR, TBPS] ASSAULT ACCUSED NOT PRESENT,Assault,ASSAULT
TB24037316,"09/09/2024, 1:05:31 PM","09/10/2024, 1:04:10 PM",THUNDER BAY,ON,P7C 3X6,800 Block SYNDICATE AV N," TBPS] MISCHIEF 11-10, MICHIEF UNDER 5000",Other Property Crime,MISCHIEF
TB24037611,"09/11/2024, 1:20:36 AM","09/11/2024, 1:08:30 PM",THUNDER BAY,ON,P7B 5E3,1000 Block DAWSON RD, TBPS] THEFT SUSP STILL PRESENT OR MAY BE IN AREA,Other Theft,THEFT
TB24037623,"09/11/2024, 2:51:48 AM","09/11/2024, 1:08:30 PM",THUNDER BAY,ON,P7C,PACIFIC AV AND MCINTOSH ST, TBPS] MOTOR VEHICLE COLLISION MVC NO INJURIES,Traffic,MOTOR VEHICLE COLLISION
TB24037626,"09/11/2024, 3:17:35 AM","09/11/2024, 1:08:30 PM",THUNDER BAY,ON,P7A 6Z1,1 Block ALBANY ST, TBPS] B-E BUS/RES/OTH 11-10,Breaking & Entering,B-E BUS/RES/OTH
TB24037634,"09/11/2024, 4:26:51 AM","09/11/2024, 1:08:30 PM",THUNDER BAY,ON,P7C 3S5,MAY ST N AND CUMMING ST, TBPS] ASSAULT SUSP PRESENT OR IN AREA,Assault,ASSAULT
TB24037641,"09/11/2024, 5:22:03 AM","09/11/2024, 1:08:30 PM",THUNDER BAY,ON,P7A 7P7,300 Block PRESCOTT CR, TBPS] TROUBLE WITH YOUTH YOUTHS STILL IN AREA,Quality of Life,TROUBLE WITH YOUTH
TB24037647,"09/11/2024, 6:25:10 AM","09/11/2024, 1:08:30 PM",THUNDER BAY,ON,P7E 5Y8,400 Block GEORGE ST, TBPS] ASSAULT SUSP PRESENT OR IN AREA,Assault,ASSAULT
TB24037336,"09/09/2024, 3:38:29 PM","09/11/2024, 1:08:30 PM",THUNDER BAY,ON,P7E 4Y6,200 Block HENRY ST, TBPS] MOTOR VEHICLE COLLISION 11-10 MVC ANY TYPE,Other,MOTOR VEHICLE COLLISION
TB24037578,"09/10/2024, 9:55:22 PM","09/11/2024, 1:08:31 PM",THUNDER BAY,ON,P7B 5L6,300 Block MAIN ST, TBPS] THEFT SUSP STILL PRESENT OR MAY BE IN AREA,Other Theft,THEFT
TB24037615,"09/11/2024, 1:27:32 AM","09/11/2024, 1:08:31 PM",THUNDER BAY,ON,P7A 5X1,1 Block PINE ST, TBPS] DRUG OFFENCES SUSP PRESENT OR MAY STILL BE IN AREA,Quality of Life,DRUG OFFENCES
TB24037640,"09/11/2024, 5:18:21 AM","09/11/2024, 1:08:31 PM",THUNDER BAY,ON,P7B 3G1,100 Block ONTARIO ST, TBPS] ASSAULT ACCUSED NOT PRESENT,Assault,ASSAULT
TB24037565,"09/10/2024, 8:20:32 PM","09/11/2024, 1:08:32 PM",THUNDER BAY,ON,P7E 5P4,ARTHUR ST E AND FORD ST S, TBPS] MOTOR VEHICLE COLLISION 11-10 MVC ANY TYPE,Other,MOTOR VEHICLE COLLISION
TB24037569,"09/10/2024, 8:43:33 PM","09/11/2024, 1:08:32 PM",THUNDER BAY,ON,P7E 1A9,100 Block MAY ST S," TBPS] MISCHIEF IP/SUSP IN AREA, UNDER 5,000",Other Property Crime,MISCHIEF
TB24037580,"09/10/2024, 10:02:25 PM","09/11/2024, 1:08:32 PM",THUNDER BAY,ON,P7B 2W3,COURT ST S AND PARK AV, TBPS] ASSAULT SUSP PRESENT OR IN AREA,Assault,ASSAULT
TB24037600,"09/11/2024, 12:13:46 AM","09/11/2024, 1:08:32 PM",THUNDER BAY,ON,P7B 0A9,800 Block FORT WILLIAM RD, TBPS] ASSAULT SUSP PRESENT OR IN AREA,Assault,ASSAULT
TB24037539,"09/10/2024, 6:08:59 PM","09/11/2024, 1:08:33 PM",THUNDER BAY,ON,P7B 5L4,1 Block CUMBERLAND ST S, TBPS] MOTOR VEHICLE COLLISION 11-10 MVC ANY TYPE,Other,MOTOR VEHICLE COLLISION
TB24037547,"09/10/2024, 6:29:10 PM","09/11/2024, 1:08:33 PM",THUNDER BAY,ON,P7C 1T3,400 Block AMETHYST CR, TBPS] MOTOR VEHICLE COLLISION 11-10 MVC ANY TYPE,Other,MOTOR VEHICLE COLLISION
TB24037564,"09/10/2024, 8:12:51 PM","09/11/2024, 1:08:33 PM",THUNDER BAY,ON,P7A 7N2,100 Block COUNTY BLVD, TBPS] ASSAULT ACCUSED NOT PRESENT,Assault,ASSAULT
TB24037571,"09/10/2024, 8:50:31 PM","09/11/2024, 1:08:33 PM",THUNDER BAY,ON,P7B 2X8,100 Block COURT ST S, TBPS] DRUG OFFENCES SUSP PRESENT OR MAY STILL BE IN AREA,Quality of Life,DRUG OFFENCES
TB24037573,"09/10/2024, 8:51:41 PM","09/11/2024, 1:08:33 PM",THUNDER BAY,ON,P7C 3M5,500 Block PRINCE ARTHUR BLVD," TBPS] THEFT NOT IN PROGRESS, UNDER 5000",Other Theft,THEFT
TB24037575,"09/10/2024, 9:18:36 PM","09/11/2024, 1:08:33 PM",THUNDER BAY,ON,P7E 4J2,200 Block BROCK ST W, TBPS] B-E BUS/RES/OTH 11-10,Breaking & Entering,B-E BUS/RES/OTH
TB24037509,"09/10/2024, 2:45:04 PM","09/11/2024, 1:08:34 PM",THUNDER BAY,ON,P7B 4A4,1000 Block MEMORIAL AV, TBPS] MOTOR VEHICLE COLLISION 11-10 MVC ANY TYPE,Other,MOTOR VEHICLE COLLISION
TB24037510,"09/10/2024, 2:52:30 PM","09/11/2024, 1:08:34 PM",THUNDER BAY,ON,P7E 5S2,1100 Block ARTHUR ST W, TBPS] MOTOR VEHICLE COLLISION 11-10 MVC ANY TYPE,Other,MOTOR VEHICLE COLLISION
TB24037511,"09/10/2024, 3:02:17 PM","09/11/2024, 1:08:34 PM",THUNDER BAY,ON,P7J 1G6,2000 Block JAMES ST S, TBPS] MOTOR VEHICLE COLLISION 11-10 MVC ANY TYPE,Other,MOTOR VEHICLE COLLISION
TB24037515,"09/10/2024, 4:01:50 PM","09/11/2024, 1:08:34 PM",THUNDER BAY,ON,P7C 2K5,100 Block FINLAYSON ST, TBPS] THEFT SUSP STILL PRESENT OR MAY BE IN AREA,Other Theft,THEFT
TB24037524,"09/10/2024, 5:20:09 PM","09/11/2024, 1:08:34 PM",THUNDER BAY,ON,P7C 3X8,100 Block CENTENNIAL SQ, TBPS] THEFT SUSP STILL PRESENT OR MAY BE IN AREA,Other Theft,THEFT
TB24037528,"09/10/2024, 5:33:44 PM","09/11/2024, 1:08:34 PM",THUNDER BAY,ON,P7C 4C5,200 Block HAROLD ST N," TBPS] THEFT NOT IN PROGRESS, OVER 5000",Other Theft,THEFT
TB24037532,"09/10/2024, 5:42:45 PM","09/11/2024, 1:08:34 PM",THUNDER BAY,ON,P7B 3C2,200 Block ALGOMA ST S, TBPS] MOTOR VEHICLE COLLISION 11-10 MVC ANY TYPE,Other,MOTOR VEHICLE COLLISION
TB24037538,"09/10/2024, 6:02:13 PM","09/11/2024, 1:08:34 PM",THUNDER BAY,ON,P7E 4H6,SPRAGUE ST AND BROCK ST E, TBPS] MOTOR VEHICLE COLLISION 11-10 MVC ANY TYPE,Other,MOTOR VEHICLE COLLISION
TB24037489,"09/10/2024, 10:42:25 AM","09/11/2024, 1:08:35 PM",THUNDER BAY,ON,P7C 4S3,100 Block LIMBRICK ST, TBPS] MISCHIEF IP PROGRESS/SUPECT IN AREA,Other Property Crime,MISCHIEF
TB24037501,"09/10/2024, 2:11:32 PM","09/11/2024, 1:08:35 PM",THUNDER BAY,ON,P7C 3G3,1000 Block ALBERTA ST," TBPS] MISCHIEF 11-10, MICHIEF UNDER 5000",Other Property Crime,MISCHIEF
TB24037503,"09/10/2024, 2:32:07 PM","09/11/2024, 1:08:35 PM",THUNDER BAY,ON,P7C 6A5,800 Block MAY ST N, TBPS] MOTOR VEHICLE COLLISION 11-10 MVC ANY TYPE,Other,MOTOR VEHICLE COLLISION
TB24037506,"09/10/2024, 2:37:59 PM","09/11/2024, 1:08:35 PM",THUNDER BAY,ON,P7G 2E3,GOVERNMENT RD AND CADILLAC CIR, TBPS] MOTOR VEHICLE COLLISION 11-10 MVC ANY TYPE,Other,MOTOR VEHICLE COLLISION
TB24037513,"09/10/2024, 3:09:58 PM","09/11/2024, 1:08:35 PM",THUNDER BAY,ON,P7B 5L6,300 Block MAIN ST, TBPS] MOTOR VEHICLE COLLISION 11-10 MVC ANY TYPE,Other,MOTOR VEHICLE COLLISION
TB24037396,"09/09/2024, 9:49:08 PM","09/11/2024, 1:08:36 PM",THUNDER BAY,ON,P7J 1E8,2400 Block 61 HWY, TBPS] ASSAULT ACCUSED PRESENT,Assault,ASSAULT
TB24037407,"09/09/2024, 10:33:49 PM","09/11/2024, 1:08:36 PM",THUNDER BAY,ON,P7E 5V3,500 Block DONALD ST E, TBPS] ASSAULT ACCUSED NOT PRESENT,Assault,ASSAULT
TB24037442,"09/10/2024, 3:44:58 AM","09/11/2024, 1:08:36 PM",THUNDER BAY,ON,P7B 5V1,EAST AV AND DAWSON RD, TBPS] MOTOR VEHICLE COLLISION MVC - AMB ENR - DUAL RESP,Other,MOTOR VEHICLE COLLISION
TB24037431,"09/10/2024, 2:16:27 AM","09/12/2024, 1:06:33 PM",THUNDER BAY,ON,P7B,200 Block AMBROSE ST, TBPS] ASSAULT ACCUSED NOT PRESENT,Assault,ASSAULT
TB24037802,"09/12/2024, 2:05:04 AM","09/12/2024, 1:07:00 PM",THUNDER BAY,ON,P7B 6H3,300 Block TAMARACK PL," TBPS] MISCHIEF 11-10, MICHIEF UNDER 5000",Other Property Crime,MISCHIEF
TB24037803,"09/12/2024, 2:12:54 AM","09/12/2024, 1:07:00 PM",THUNDER BAY,ON,P7C 2N4,300 Block OGDEN ST, TBPS] ASSAULT SUSP PRESENT OR IN AREA,Assault,ASSAULT
TB24037805,"09/12/2024, 2:13:27 AM","09/12/2024, 1:07:01 PM",THUNDER BAY,ON,.,PACIFIC AV, TBPS] ASSAULT SUSP PRESENT OR IN AREA,Assault,ASSAULT
TB24037804,"09/12/2024, 2:13:35 AM","09/12/2024, 1:07:01 PM",THUNDER BAY,ON,P7C 3A6,MCINTOSH ST AND PACIFIC AV, TBPS] ASSAULT SUSP PRESENT OR IN AREA,Assault,ASSAULT
TB24037813,"09/12/2024, 2:53:01 AM","09/12/2024, 1:07:02 PM",THUNDER BAY,ON,P7B 1Z7,700 Block JOHN ST, TBPS] MOTOR VEHICLE COLLISION MVC - AMB ENR - DUAL RESP,Other,MOTOR VEHICLE COLLISION
TB24037814,"09/12/2024, 3:07:23 AM","09/12/2024, 1:07:02 PM",THUNDER BAY,ON,P7E 4C7,JAMES ST S AND FRANCIS ST W, TBPS] DRUG OFFENCES SUSP PRESENT OR MAY STILL BE IN AREA,Quality of Life,DRUG OFFENCES
TB24037816,"09/12/2024, 3:31:55 AM","09/12/2024, 1:07:02 PM",THUNDER BAY,ON,P7C 2H6,100 Block DEASE ST, TBPS] ASSAULT ACCUSED NOT PRESENT,Assault,ASSAULT
TB24037818,"09/12/2024, 3:45:34 AM","09/12/2024, 1:07:03 PM",THUNDER BAY,ON,P7B 6B9,1000 Block FORT WILLIAM RD, TBPS] LIQUOR LICENCE ACT LIQUOR LICENCE ACT VIOLATION IN PROGRESS,Quality of Life,LIQUOR LICENCE ACT
TB24037822,"09/12/2024, 4:02:13 AM","09/12/2024, 1:07:03 PM",THUNDER BAY,ON,P7B 5K5,1100 Block MEMORIAL AV, TBPS] THEFT SUSP STILL PRESENT OR MAY BE IN AREA,Other Theft,THEFT
TB24037824,"09/12/2024, 4:08:16 AM","09/12/2024, 1:07:03 PM",THUNDER BAY,ON,P7E 5P4,2800 Block ARTHUR ST E, TBPS] LIQUOR LICENCE ACT LIQUOR LICENCE ACT VIOLATION IN PROGRESS,Quality of Life,LIQUOR LICENCE ACT
TB24037830,"09/12/2024, 4:49:05 AM","09/12/2024, 1:07:04 PM",THUNDER BAY,ON,P7K 1K8,1900 Block KING GEORGE'S PARK DR, TBPS] MOTOR VEHICLE COLLISION MVC - AMB ENR - DUAL RESP,Other,MOTOR VEHICLE COLLISION
TB24037832,"09/12/2024, 5:06:05 AM","09/12/2024, 1:07:05 PM",THUNDER BAY,ON,P7B 7C6,900 Block CARRICK ST, TBPS] THEFT SUSP STILL PRESENT OR MAY BE IN AREA,Other Theft,THEFT
TB24037836,"09/12/2024, 5:25:38 AM","09/12/2024, 1:07:05 PM",THUNDER BAY,ON,P7B 3Z7,800 Block MEMORIAL AV," TBPS] MISCHIEF 11-10, MICHIEF UNDER 5000",Other Property Crime,MISCHIEF
TB24037691,"09/11/2024, 2:23:58 PM","09/12/2024, 1:07:22 PM",THUNDER BAY,ON,P7E 5R2,ARTHUR ST W AND JAMES ST S, TBPS] MOTOR VEHICLE COLLISION 11-10 MVC ANY TYPE,Other,MOTOR VEHICLE COLLISION
TB24037696,"09/11/2024, 2:50:23 PM","09/12/2024, 1:07:23 PM",THUNDER BAY,ON,P7B 2G1,300 Block OLIVER RD, TBPS] MOTOR VEHICLE COLLISION 11-10 MVC ANY TYPE,Other,MOTOR VEHICLE COLLISION
TB24037697,"09/11/2024, 2:52:34 PM","09/12/2024, 1:07:23 PM",THUNDER BAY,ON,P7B 5L6,300 Block MAIN ST, TBPS] MOTOR VEHICLE COLLISION 11-10 MVC ANY TYPE,Other,MOTOR VEHICLE COLLISION
TB24037698,"09/11/2024, 2:56:42 PM","09/12/2024, 1:07:23 PM",THUNDER BAY,ON,P7E 6L5,1100 Block ARTHUR ST W, TBPS] MOTOR VEHICLE COLLISION 11-10 MVC ANY TYPE,Other,MOTOR VEHICLE COLLISION
TB24037699,"09/11/2024, 3:00:15 PM","09/12/2024, 1:07:24 PM",THUNDER BAY,ON,P7B 3Z7,700 Block MEMORIAL AV, TBPS] MOTOR VEHICLE COLLISION 11-10 MVC ANY TYPE,Other,MOTOR VEHICLE COLLISION
TB24037700,"09/11/2024, 3:05:33 PM","09/12/2024, 1:07:24 PM",THUNDER BAY,ON,P7A 7X5,400 Block HODDER AV, TBPS] MOTOR VEHICLE COLLISION 11-10 MVC ANY TYPE,Other,MOTOR VEHICLE COLLISION
TB24037702,"09/11/2024, 3:12:33 PM","09/12/2024, 1:07:24 PM",THUNDER BAY,ON,P7A 2N5,300 Block MUNRO ST, TBPS] MOTOR VEHICLE COLLISION 11-10 MVC ANY TYPE,Other,MOTOR VEHICLE COLLISION
TB24037710,"09/11/2024, 4:04:03 PM","09/12/2024, 1:07:24 PM",THUNDER BAY,ON,P7C 2N5,100 Block ROBERTSON ST," TBPS] THEFT NOT IN PROGRESS, UNDER 5000",Other Theft,THEFT
TB24037712,"09/11/2024, 4:18:13 PM","09/12/2024, 1:07:25 PM",THUNDER BAY,ON,P7B 5V7,JUNOT AV S AND JOHN ST, TBPS] MOTOR VEHICLE COLLISION MVC NO INJURIES,Traffic,MOTOR VEHICLE COLLISION
TB24037724,"09/11/2024, 5:31:14 PM","09/12/2024, 1:07:26 PM",THUNDER BAY,ON,P7B 6T2,400 Block MAUREEN ST, TBPS] ASSAULT ACCUSED NOT PRESENT,Assault,ASSAULT
TB24037734,"09/11/2024, 6:19:43 PM","09/12/2024, 1:07:26 PM",THUNDER BAY,ON,P7E 5R5,500 Block ARTHUR ST W, TBPS] MOTOR VEHICLE COLLISION 11-10 MVC ANY TYPE,Other,MOTOR VEHICLE COLLISION
TB24037735,"09/11/2024, 6:26:18 PM","09/12/2024, 1:07:26 PM",THUNDER BAY,ON,P7B 5Z5,1200 Block BALMORAL ST, TBPS] ASSAULT ACCUSED NOT PRESENT,Assault,ASSAULT
TB24037760,"09/11/2024, 9:19:09 PM","09/12/2024, 1:07:27 PM",THUNDER BAY,ON,P7B 2H3,OLIVER RD AND ENNISKILLEN AV, TBPS] MOTOR VEHICLE COLLISION MVC - AMB ENR - DUAL RESP,Other,MOTOR VEHICLE COLLISION
TB24037763,"09/11/2024, 9:38:40 PM","09/12/2024, 1:07:27 PM",THUNDER BAY,ON,P7C 1E1,VICTORIA AV E AND WATERLOO ST N, TBPS] MOTOR VEHICLE COLLISION MVC - AMB ENR - DUAL RESP,Other,MOTOR VEHICLE COLLISION
TB24037765,"09/11/2024, 9:55:01 PM","09/12/2024, 1:07:27 PM",THUNDER BAY,ON,P7E 6M3,100 Block BRODIE ST S," TBPS] THEFT NOT IN PROGRESS, FROM MOTOR VEHICLE",Theft from Vehicle,THEFT
TB24037768,"09/11/2024, 10:00:00 PM","09/12/2024, 1:07:27 PM",THUNDER BAY,ON,P7J 1E8,2400 Block 61 HWY, TBPS] ASSAULT SUSP PRESENT OR IN AREA,Assault,ASSAULT
TB24037766,"09/11/2024, 10:03:44 PM","09/12/2024, 1:07:27 PM",THUNDER BAY,ON,P7E 5N3,1300 Block ARTHUR ST E, TBPS] ASSAULT SUSP PRESENT OR IN AREA,Assault,ASSAULT
TB24037769,"09/11/2024, 10:25:23 PM","09/12/2024, 1:07:27 PM",THUNDER BAY,ON,P7E 5R5,500 Block ARTHUR ST W, TBPS] B-E BUS/RES/OTH 11-10,Breaking & Entering,B-E BUS/RES/OTH
TB24037775,"09/11/2024, 10:51:33 PM","09/12/2024, 1:07:27 PM",THUNDER BAY,ON,P7B 1E3,200 Block PEARL ST, TBPS] ASSAULT SUSP PRESENT OR IN AREA,Assault,ASSAULT
TB24037784,"09/12/2024, 12:07:34 AM","09/12/2024, 1:07:28 PM",THUNDER BAY,ON,P7E 2M6,1400 Block BROWN ST, TBPS] ROBBERY NO WEAPONS - SUSP STILL IN AREA,Robbery,ROBBERY
TB24037981,"09/13/2024, 12:56:34 AM","09/13/2024, 1:07:03 PM",THUNDER BAY,ON,P7C,800 Block MINNESOTA ST, TBPS] ASSAULT ACCUSED NOT PRESENT,Assault,ASSAULT
TB24037990,"09/13/2024, 1:57:26 AM","09/13/2024, 1:07:03 PM",THUNDER BAY,ON,P7B 2S4,800 Block FORT WILLIAM RD, TBPS] THEFT SUSP STILL PRESENT OR MAY BE IN AREA,Other Theft,THEFT
TB24037994,"09/13/2024, 2:27:39 AM","09/13/2024, 1:07:03 PM",THUNDER BAY,ON,P7B 5L6,300 Block MAIN ST, TBPS] THEFT SUSP STILL PRESENT OR MAY BE IN AREA,Other Theft,THEFT
TB24038003,"09/13/2024, 3:04:29 AM","09/13/2024, 1:07:03 PM",THUNDER BAY,ON,P7B 5L6,300 Block MAIN ST, TBPS] THEFT SUSP STILL PRESENT OR MAY BE IN AREA,Other Theft,THEFT
TB24038015,"09/13/2024, 4:37:28 AM","09/13/2024, 1:07:03 PM",THUNDER BAY,ON,P7C 2V3,600 Block SOUTHERN AV, TBPS] ASSAULT SUSP PRESENT OR IN AREA,Assault,ASSAULT
TB24038021,"09/13/2024, 5:10:36 AM","09/13/2024, 1:07:03 PM",THUNDER BAY,ON,P7B 7C6,900 Block CARRICK ST, TBPS] THEFT SUSP STILL PRESENT OR MAY BE IN AREA,Other Theft,THEFT
TB24038032,"09/13/2024, 6:48:05 AM","09/13/2024, 1:07:03 PM",THUNDER BAY,ON,.,UNKNOWN STREET AND UNKNOWN STREET, TBPS] MOTOR VEHICLE COLLISION MVC - AMB ENR - DUAL RESP,Other,MOTOR VEHICLE COLLISION
TB24037949,"09/12/2024, 10:02:29 PM","09/13/2024, 1:07:04 PM",THUNDER BAY,ON,P7E 5S2,1100 Block ARTHUR ST W, TBPS] ASSAULT ACCUSED NOT PRESENT,Assault,ASSAULT
TB24037957,"09/12/2024, 10:38:04 PM","09/13/2024, 1:07:04 PM",THUNDER BAY,ON,P7C 3X8,100 Block CENTENNIAL SQ, TBPS] ASSAULT SUSP PRESENT OR IN AREA,Assault,ASSAULT
TB24037969,"09/12/2024, 11:49:15 PM","09/13/2024, 1:07:04 PM",THUNDER BAY,ON,P7E 6M2,400 Block SIFTON AV, TBPS] LIQUOR LICENCE ACT LIQUOR LICENCE ACT VIOLATION IN PROGRESS,Quality of Life,LIQUOR LICENCE ACT
TB24037971,"09/13/2024, 12:04:49 AM","09/13/2024, 1:07:04 PM",THUNDER BAY,ON,P7B 1N1,MACHAR AV AND WILSON ST, TBPS] ASSAULT SUSP PRESENT OR IN AREA,Assault,ASSAULT
TB24037978,"09/13/2024, 12:49:23 AM","09/13/2024, 1:07:04 PM",THUNDER BAY,ON,P7B 6S2,700 Block MEMORIAL AV, TBPS] THEFT SUSP STILL PRESENT OR MAY BE IN AREA,Other Theft,THEFT
TB24038011,"09/13/2024, 4:23:38 AM","09/13/2024, 1:07:04 PM",THUNDER BAY,ON,P7E 2M8,FREDERICA ST W AND BROWN ST, TBPS] MOTOR VEHICLE COLLISION MVC INJURIES FIRE NOT REQ,Traffic,MOTOR VEHICLE COLLISION
TB24038041,"09/13/2024, 7:42:46 AM","09/13/2024, 1:07:04 PM",THUNDER BAY,ON,P7E 1A9,MAY ST S AND GEORGE ST, TBPS] ROBBERY NO WEAPONS - SUSP STILL IN AREA,Robbery,ROBBERY
TB24037915,"09/12/2024, 6:12:44 PM","09/13/2024, 1:07:05 PM",THUNDER BAY,ON,P7B 4A1,900 Block MEMORIAL AV," TBPS] MISCHIEF IP/SUSP IN AREA, UNDER 5,000",Other Property Crime,MISCHIEF
TB24037918,"09/12/2024, 6:21:06 PM","09/13/2024, 1:07:05 PM",THUNDER BAY,ON,P7C 1A9,600 Block VICTORIA AV E, TBPS] MOTOR VEHICLE COLLISION MVC - AMB ENR - DUAL RESP,Other,MOTOR VEHICLE COLLISION
TB24037922,"09/12/2024, 6:41:57 PM","09/13/2024, 1:07:05 PM",THUNDER BAY,ON,P7B 5L4,1 Block CUMBERLAND ST S, TBPS] MOTOR VEHICLE COLLISION 11-10 MVC ANY TYPE,Other,MOTOR VEHICLE COLLISION
TB24037923,"09/12/2024, 6:48:20 PM","09/13/2024, 1:07:05 PM",THUNDER BAY,ON,P7J 1J7,2400 Block CITY RD, TBPS] MOTOR VEHICLE COLLISION 11-10 MVC ANY TYPE,Other,MOTOR VEHICLE COLLISION
TB24037931,"09/12/2024, 8:07:13 PM","09/13/2024, 1:07:05 PM",THUNDER BAY,ON,P7B 7C6,900 Block CARRICK ST, TBPS] ROBBERY NO WEAPONS - SUSP STILL IN AREA,Robbery,ROBBERY
TB24037934,"09/12/2024, 8:19:31 PM","09/13/2024, 1:07:05 PM",THUNDER BAY,ON,P7C 2H8,300 Block DEASE ST, TBPS] ASSAULT ACCUSED NOT PRESENT,Assault,ASSAULT
TB24037939,"09/12/2024, 8:47:40 PM","09/13/2024, 1:07:05 PM",THUNDER BAY,ON,P7E 5P4,2600 Block ARTHUR ST E, TBPS] ROBBERY NO WEAPONS - SUSP STILL IN AREA,Robbery,ROBBERY
TB24037877,"09/12/2024, 2:37:53 PM","09/13/2024, 1:07:06 PM",THUNDER BAY,ON,P7B 1E7,300 Block PEARL ST, TBPS] MOTOR VEHICLE COLLISION 11-10 MVC ANY TYPE,Other,MOTOR VEHICLE COLLISION
TB24037881,"09/12/2024, 2:46:16 PM","09/13/2024, 1:07:06 PM",THUNDER BAY,ON,P7C,EDWARD ST N AND REDWOOD AV E, TBPS] MOTOR VEHICLE COLLISION 11-10 MVC ANY TYPE,Other,MOTOR VEHICLE COLLISION
TB24037884,"09/12/2024, 3:11:46 PM","09/13/2024, 1:07:06 PM",THUNDER BAY,ON,P7A 4K8,1000 Block DAWSON RD, TBPS] MOTOR VEHICLE COLLISION 11-10 MVC ANY TYPE,Other,MOTOR VEHICLE COLLISION
TB24037885,"09/12/2024, 3:14:18 PM","09/13/2024, 1:07:06 PM",THUNDER BAY,ON,P7E 6E7,1200 Block ARTHUR ST E, TBPS] MOTOR VEHICLE COLLISION 11-10 MVC ANY TYPE,Other,MOTOR VEHICLE COLLISION
TB24037897,"09/12/2024, 4:18:10 PM","09/13/2024, 1:07:06 PM",THUNDER BAY,ON,P7E 5P7,200 Block ARTHUR ST W, TBPS] MOTOR VEHICLE COLLISION 11-10 MVC ANY TYPE,Other,MOTOR VEHICLE COLLISION
TB24037901,"09/12/2024, 5:03:27 PM","09/13/2024, 1:07:06 PM",THUNDER BAY,ON,P7E 5C4,2000 Block ISABELLA ST E, TBPS] LIQUOR LICENCE ACT LIQUOR LICENCE ACT VIOLATION IN PROGRESS,Quality of Life,LIQUOR LICENCE ACT
TB24037924,"09/12/2024, 6:51:17 PM","09/13/2024, 1:07:06 PM",THUNDER BAY,ON,P7A 1W2,700 Block HODDER AV, TBPS] MOTOR VEHICLE COLLISION 11-10 MVC ANY TYPE,Other,MOTOR VEHICLE COLLISION
TB24037928,"09/12/2024, 7:20:35 PM","09/13/2024, 1:07:06 PM",THUNDER BAY,ON,P7A 5A3,ALGOMA ST N AND RIVER ST, TBPS] MOTOR VEHICLE COLLISION MVC - AMB ENR - DUAL RESP,Other,MOTOR VEHICLE COLLISION
TB24037930,"09/12/2024, 8:02:47 PM","09/13/2024, 1:07:06 PM",THUNDER BAY,ON,P7G 2H7,WARDROPE AV AND BALSAM ST, TBPS] MOTOR VEHICLE COLLISION 11-10 MVC ANY TYPE,Other,MOTOR VEHICLE COLLISION
TB24037938,"09/12/2024, 8:47:31 PM","09/13/2024, 1:07:06 PM",THUNDER BAY,ON,P7E 5T3,2200 Block SILLS ST, TBPS] ROBBERY NO WEAPONS - SUSP STILL IN AREA,Robbery,ROBBERY
TB24037940,"09/12/2024, 8:56:32 PM","09/13/2024, 1:07:06 PM",THUNDER BAY,ON,P7A 7V5,100 Block LAIDLAW DR, TBPS] ASSAULT ACCUSED NOT PRESENT,Assault,ASSAULT
TB24037828,"09/12/2024, 4:40:27 AM","09/13/2024, 1:07:07 PM",THUNDER BAY,ON,P7A 3V1,300 Block DAWSON ST, TBPS] ASSAULT ACCUSED NOT PRESENT,Assault,ASSAULT
TB24037846,"09/12/2024, 8:02:11 AM","09/13/2024, 1:07:07 PM",THUNDER BAY,ON,P7A 4M9,100 Block CUMBERLAND ST N, TBPS] B-E BUS/RES/OTH SUSP PRESENT OR MAY STILL BE IN AREA,Breaking & Entering,B-E BUS/RES/OTH
TB24037854,"09/12/2024, 8:28:48 AM","09/13/2024, 1:07:07 PM",THUNDER BAY,ON,P7B 2T1,1 Block CUMBERLAND ST S, TBPS] ASSAULT SUSP PRESENT OR IN AREA,Assault,ASSAULT
TB24037871,"09/12/2024, 12:59:37 PM","09/13/2024, 1:07:07 PM",THUNDER BAY,ON,P7B 4A1,900 Block MEMORIAL AV, TBPS] ARSON SUSP MAY BE PRESENT OR IN AREA,Property Crime,ARSON
TB24037873,"09/12/2024, 1:45:37 PM","09/13/2024, 1:07:07 PM",THUNDER BAY,ON,P7B 2Z6,400 Block FORT WILLIAM RD, TBPS] MOTOR VEHICLE COLLISION MVC - AMB ENR - DUAL RESP,Other,MOTOR VEHICLE COLLISION
TB24037882,"09/12/2024, 2:59:15 PM","09/13/2024, 1:07:07 PM",THUNDER BAY,ON,.,RIVER ST AND PINE ST, TBPS] MOTOR VEHICLE COLLISION 11-10 MVC ANY TYPE,Other,MOTOR VEHICLE COLLISION
TB24037883,"09/12/2024, 3:03:19 PM","09/13/2024, 1:07:07 PM",THUNDER BAY,ON,P7B 1V3,WINDSOR ST AND CLARKSON ST S, TBPS] MOTOR VEHICLE COLLISION 11-10 MVC ANY TYPE,Other,MOTOR VEHICLE COLLISION
TB24037887,"09/12/2024, 3:40:34 PM","09/13/2024, 1:07:07 PM",THUNDER BAY,ON,P7B 6L2,200 Block SHERWOOD DR, TBPS] MOTOR VEHICLE COLLISION 11-10 MVC ANY TYPE,Other,MOTOR VEHICLE COLLISION
TB24037891,"09/12/2024, 3:59:10 PM","09/13/2024, 1:07:07 PM",THUNDER BAY,ON,P7A 7S1,400 Block YORK ST, TBPS] MOTOR VEHICLE COLLISION 11-10 MVC ANY TYPE,Other,MOTOR VEHICLE COLLISION
TB24037851,"09/12/2024, 8:20:13 AM","09/13/2024, 1:07:08 PM",THUNDER BAY,ON,P7C 2P4,200 Block ROWAND ST, TBPS] ASSAULT ACCUSED NOT PRESENT,Assault,ASSAULT
TB24037874,"09/12/2024, 2:12:09 PM","09/13/2024, 1:07:08 PM",THUNDER BAY,ON,P7A 7S7,300 Block WENTWORTH CR, TBPS] MOTOR VEHICLE COLLISION 11-10 MVC ANY TYPE,Other,MOTOR VEHICLE COLLISION
TB24038258,"09/14/2024, 5:03:41 AM","09/14/2024, 1:07:26 PM",THUNDER BAY,ON,P7B 2A3,1100 Block JOHN ST. RD, TBPS] ROBBERY NO WEAPONS - SUSP STILL IN AREA,Robbery,ROBBERY
TB24038171,"09/13/2024, 9:10:59 PM","09/14/2024, 1:07:27 PM",THUNDER BAY,ON,P7C 4P7,400 Block EDWARD ST N, TBPS] LIQUOR LICENCE ACT LIQUOR LICENCE ACT VIOLATION IN PROGRESS,Quality of Life,LIQUOR LICENCE ACT
TB24038175,"09/13/2024, 9:44:15 PM","09/14/2024, 1:07:27 PM",THUNDER BAY,ON,P7B 5L6,300 Block MAIN ST, TBPS] THEFT SUSP STILL PRESENT OR MAY BE IN AREA,Other Theft,THEFT
TB24038178,"09/13/2024, 9:49:00 PM","09/14/2024, 1:07:27 PM",THUNDER BAY,ON,P7A,1 Block NORTH WATER ST, TBPS] ASSAULT SUSP PRESENT OR IN AREA,Assault,ASSAULT
TB24038203,"09/13/2024, 10:56:28 PM","09/14/2024, 1:07:27 PM",THUNDER BAY,ON,P7A 5M7,1 Block BALSAM ST, TBPS] MOTOR VEHICLE COLLISION MVC - AMB ENR - DUAL RESP,Other,MOTOR VEHICLE COLLISION
TB24038207,"09/13/2024, 11:29:23 PM","09/14/2024, 1:07:27 PM",THUNDER BAY,ON,P7A 4N1,200 Block CUMBERLAND ST N, TBPS] ROBBERY NO WEAPONS - SUSP STILL IN AREA,Robbery,ROBBERY
TB24038211,"09/13/2024, 11:47:03 PM","09/14/2024, 1:07:27 PM",THUNDER BAY,ON,P7B 1Z7,700 Block JOHN ST, TBPS] TROUBLE WITH YOUTH YOUTHS STILL IN AREA,Quality of Life,TROUBLE WITH YOUTH
TB24038216,"09/14/2024, 12:40:30 AM","09/14/2024, 1:07:27 PM",THUNDER BAY,ON,P7B 3Y2,200 Block MEMORIAL AV, TBPS] ASSAULT SUSP PRESENT OR IN AREA,Assault,ASSAULT
TB24038221,"09/14/2024, 1:10:31 AM","09/14/2024, 1:07:27 PM",THUNDER BAY,ON,P7B 6S2,700 Block MEMORIAL AV, TBPS] ROBBERY NO WEAPONS - SUSP STILL IN AREA,Robbery,ROBBERY
TB24038228,"09/14/2024, 1:41:40 AM","09/14/2024, 1:07:27 PM",THUNDER BAY,ON,P7B 5V7,900 Block JOHN ST, TBPS] B-E BUS/RES/OTH 11-10,Breaking & Entering,B-E BUS/RES/OTH
TB24038230,"09/14/2024, 1:50:05 AM","09/14/2024, 1:07:27 PM",THUNDER BAY,ON,P7C 2S4,700 Block PACIFIC AV," TBPS] THEFT NOT IN PROGRESS, FROM MOTOR VEHICLE",Theft from Vehicle,THEFT
TB24038126,"09/13/2024, 5:50:43 PM","09/14/2024, 1:07:28 PM",THUNDER BAY,ON,P7B 3Y3,MEMORIAL AV AND QUEEN ST, TBPS] MOTOR VEHICLE COLLISION MVC NO INJURIES,Traffic,MOTOR VEHICLE COLLISION
TB24038151,"09/13/2024, 7:41:46 PM","09/14/2024, 1:07:28 PM",THUNDER BAY,ON,P7B 5L6,300 Block MAIN ST, TBPS] THEFT SUSP STILL PRESENT OR MAY BE IN AREA,Other Theft,THEFT
TB24038155,"09/13/2024, 8:03:23 PM","09/14/2024, 1:07:28 PM",THUNDER BAY,ON,P7E,ARTHUR ST W AND 61 HWY, TBPS] MOTOR VEHICLE COLLISION 11-10 MVC ANY TYPE,Other,MOTOR VEHICLE COLLISION
TB24038159,"09/13/2024, 8:21:13 PM","09/14/2024, 1:07:28 PM",THUNDER BAY,ON,P7E,JAMES ST S AND FREDERICA ST W, TBPS] MOTOR VEHICLE COLLISION 11-10 MVC ANY TYPE,Other,MOTOR VEHICLE COLLISION
TB24038172,"09/13/2024, 9:12:28 PM","09/14/2024, 1:07:28 PM",THUNDER BAY,ON,P7K 1K2,ARTHUR ST W AND HAWKER RD, TBPS] INDECENT ACTS SUSP PRESENT OR MAY STILL BE IN AREA,Sexual Offense,INDECENT ACTS
TB24038185,"09/13/2024, 10:05:24 PM","09/14/2024, 1:07:28 PM",THUNDER BAY,ON,P7A 1T6,HODDER AV AND RITA ST, TBPS] MOTOR VEHICLE COLLISION MVC NO INJURIES,Traffic,MOTOR VEHICLE COLLISION
TB24038061,"09/13/2024, 1:34:02 PM","09/14/2024, 1:07:29 PM",THUNDER BAY,ON,P7A 3V1,300 Block DAWSON ST, TBPS] LIQUOR LICENCE ACT LIQUOR LICENCE ACT VIOLATION IN PROGRESS,Quality of Life,LIQUOR LICENCE ACT
TB24038064,"09/13/2024, 2:38:38 PM","09/14/2024, 1:07:29 PM",THUNDER BAY,ON,P7B 4A8,600 Block SQUIER ST, TBPS] MOTOR VEHICLE COLLISION 11-10 MVC ANY TYPE,Other,MOTOR VEHICLE COLLISION
TB24038074,"09/13/2024, 3:07:06 PM","09/14/2024, 1:07:29 PM",THUNDER BAY,ON,P7B 7A4,1000 Block OLIVER RD, TBPS] MOTOR VEHICLE COLLISION 11-10 MVC ANY TYPE,Other,MOTOR VEHICLE COLLISION
TB24038080,"09/13/2024, 3:15:45 PM","09/14/2024, 1:07:29 PM",THUNDER BAY,ON,P7B 7A4,GOLF LINKS RD AND OLIVER RD, TBPS] MOTOR VEHICLE COLLISION 11-10 MVC ANY TYPE,Other,MOTOR VEHICLE COLLISION
TB24038104,"09/13/2024, 4:32:20 PM","09/14/2024, 1:07:29 PM",THUNDER BAY,ON,P7C 3E7,800 Block ALBERTA ST," TBPS] MISCHIEF 11-10, MICHIEF UNDER 5000",Other Property Crime,MISCHIEF
TB24038128,"09/13/2024, 5:55:32 PM","09/14/2024, 1:07:29 PM",THUNDER BAY,ON,P7B 3Y4,300 Block MEMORIAL AV, TBPS] MOTOR VEHICLE COLLISION MVC - AMB ENR - DUAL RESP,Other,MOTOR VEHICLE COLLISION
TB24038130,"09/13/2024, 6:05:32 PM","09/14/2024, 1:07:29 PM",THUNDER BAY,ON,P7B 1K2,RED RIVER RD AND JUNOT AV N, TBPS] MOTOR VEHICLE COLLISION MVC - AMB ENR - DUAL RESP,Other,MOTOR VEHICLE COLLISION
TB24038140,"09/13/2024, 6:43:13 PM","09/14/2024, 1:07:29 PM",THUNDER BAY,ON,P7J 1G3,RIVERDALE RD AND 61 HWY, TBPS] MOTOR VEHICLE COLLISION JAWS REQD - DUAL RESP,Traffic,MOTOR VEHICLE COLLISION
TB24038065,"09/13/2024, 2:43:23 PM","09/14/2024, 1:07:30 PM",THUNDER BAY,ON,P7C 4P5,400 Block EDWARD ST N, TBPS] MOTOR VEHICLE COLLISION 11-10 MVC ANY TYPE,Other,MOTOR VEHICLE COLLISION
TB24038071,"09/13/2024, 3:01:31 PM","09/14/2024, 1:07:30 PM",THUNDER BAY,ON,P7B 6S2,700 Block MEMORIAL AV, TBPS] MOTOR VEHICLE COLLISION 11-10 MVC ANY TYPE,Other,MOTOR VEHICLE COLLISION
TB24038077,"09/13/2024, 3:10:38 PM","09/14/2024, 1:07:30 PM",THUNDER BAY,ON,P7E 6J1,1 Block VALHALLA INN RD, TBPS] MOTOR VEHICLE COLLISION 11-10 MVC ANY TYPE,Other,MOTOR VEHICLE COLLISION
TB24037985,"09/13/2024, 1:29:25 AM","09/14/2024, 1:07:31 PM",THUNDER BAY,ON,P7B 3Z7,700 Block MEMORIAL AV, TBPS] THEFT SUSP STILL PRESENT OR MAY BE IN AREA,Other Theft,THEFT
TB24037992,"09/13/2024, 2:14:18 AM","09/14/2024, 1:07:31 PM",THUNDER BAY,ON,P7E 5V7,1100 Block LINCOLN ST, TBPS] ASSAULT ACCUSED NOT PRESENT,Assault,ASSAULT
TB24037997,"09/13/2024, 2:53:23 AM","09/14/2024, 1:07:31 PM",THUNDER BAY,ON,P7B 6B9,1000 Block FORT WILLIAM RD, TBPS] ASSAULT ACCUSED NOT PRESENT,Assault,ASSAULT
TB24038063,"09/13/2024, 2:33:24 PM","09/14/2024, 1:07:31 PM",THUNDER BAY,ON,P7G 2C3,900 Block ONION LAKE RD, TBPS] MOTOR VEHICLE COLLISION 11-10 MVC ANY TYPE,Other,MOTOR VEHICLE COLLISION
TB24038273,"09/14/2024, 7:09:06 AM","09/14/2024, 1:08:22 PM",THUNDER BAY,ON,P7A 1L1,400 Block DACRE ST, TBPS] LIQUOR LICENCE ACT LIQUOR LICENCE ACT VIOLATION IN PROGRESS,Quality of Life,LIQUOR LICENCE ACT
TB24037598,"09/11/2024, 12:11:56 AM","09/14/2024, 1:09:20 PM",THUNDER BAY,ON,P7A 3S4,600 Block RIVER ST," TBPS] THEFT NOT IN PROGRESS, UNDER 5000",Other Theft,THEFT
TB24038386,"09/15/2024, 2:11:07 AM","09/15/2024, 1:03:55 PM",THUNDER BAY,ON,P7B 1V7,300 Block WINDSOR ST, TBPS] B-E BUS/RES/OTH SUSP PRESENT OR MAY STILL BE IN AREA,Breaking & Entering,B-E BUS/RES/OTH
TB24038400,"09/15/2024, 3:39:53 AM","09/15/2024, 1:03:55 PM",THUNDER BAY,ON,P7B 5L6,300 Block MAIN ST, TBPS] LIQUOR LICENCE ACT LIQUOR LICENCE ACT VIOLATION IN PROGRESS,Quality of Life,LIQUOR LICENCE ACT
TB24038057,"09/13/2024, 11:48:08 AM","09/15/2024, 1:03:55 PM",THUNDER BAY,ON,P7B 3C1,200 Block ALGOMA ST S," TBPS] THEFT NOT IN PROGRESS, UNDER 5000",Other Theft,THEFT
TB24038352,"09/14/2024, 9:50:19 PM","09/15/2024, 1:03:56 PM",THUNDER BAY,ON,P7B,HARBOUR EXPRESSWAY AND MEMORIAL AV, TBPS] MOTOR VEHICLE COLLISION JAWS REQD - DUAL RESP,Traffic,MOTOR VEHICLE COLLISION
TB24038365,"09/14/2024, 11:13:07 PM","09/15/2024, 1:03:56 PM",THUNDER BAY,ON,P7A 4K8,1 Block CUMBERLAND ST N, TBPS] LIQUOR LICENCE ACT LIQUOR LICENCE ACT VIOLATION IN PROGRESS,Quality of Life,LIQUOR LICENCE ACT
TB24038373,"09/15/2024, 12:47:51 AM","09/15/2024, 1:03:56 PM",THUNDER BAY,ON,P7B 5E3,1000 Block DAWSON RD, TBPS] THEFT SUSP STILL PRESENT OR MAY BE IN AREA,Other Theft,THEFT
TB24038375,"09/15/2024, 1:17:28 AM","09/15/2024, 1:03:56 PM",THUNDER BAY,ON,P7E 1G4,200 Block ARCHIBALD ST S," TBPS] THEFT NOT IN PROGRESS, FROM MOTOR VEHICLE",Theft from Vehicle,THEFT
TB24038391,"09/15/2024, 2:31:07 AM","09/15/2024, 1:03:56 PM",THUNDER BAY,ON,P7A 4R1,400 Block CUMBERLAND ST N, TBPS] ROBBERY NO WEAPONS - SUSP STILL IN AREA,Robbery,ROBBERY
TB24038397,"09/15/2024, 3:16:21 AM","09/15/2024, 1:03:56 PM",THUNDER BAY,ON,P7C 2J8,200 Block PRUDEN ST, TBPS] DRUG OFFENCES SUSP PRESENT OR MAY STILL BE IN AREA,Quality of Life,DRUG OFFENCES
TB24038421,"09/15/2024, 6:32:43 AM","09/15/2024, 1:03:56 PM",THUNDER BAY,ON,P7E 5N3,1300 Block ARTHUR ST E, TBPS] ROBBERY WEAPONS - SUSP STILL IN AREA,Robbery,ROBBERY
TB24037964,"09/12/2024, 11:14:37 PM","09/15/2024, 1:03:56 PM",THUNDER BAY,ON,P7E,BEGIN BA AND EDWARD ST S, TBPS] MOTOR VEHICLE COLLISION 11-10 MVC ANY TYPE,Other,MOTOR VEHICLE COLLISION
TB24038005,"09/13/2024, 3:06:09 AM","09/15/2024, 1:03:56 PM",THUNDER BAY,ON,P7B 2C3,600 Block FAIRCREST ST, TBPS] MOTOR VEHICLE COLLISION 11-10 MVC ANY TYPE,Other,MOTOR VEHICLE COLLISION
TB24038325,"09/14/2024, 6:20:55 PM","09/15/2024, 1:03:57 PM",THUNDER BAY,ON,P7E 5S2,1100 Block ARTHUR ST W, TBPS] MOTOR VEHICLE COLLISION MVC NO INJURIES,Traffic,MOTOR VEHICLE COLLISION
TB24038330,"09/14/2024, 6:58:28 PM","09/15/2024, 1:03:57 PM",THUNDER BAY,ON,P7B 0A9,300 Block MAIN ST, TBPS] DRUG OFFENCES SUSP PRESENT OR MAY STILL BE IN AREA,Quality of Life,DRUG OFFENCES
TB24038357,"09/14/2024, 10:02:57 PM","09/15/2024, 1:03:57 PM",THUNDER BAY,ON,P7J 1K5,CITY RD AND BACK ST, TBPS] MOTOR VEHICLE COLLISION MVC NO INJURIES,Traffic,MOTOR VEHICLE COLLISION
TB24038360,"09/14/2024, 10:14:42 PM","09/15/2024, 1:03:57 PM",THUNDER BAY,ON,P7E 4P7,200 Block HEATH CT, TBPS] ASSAULT SUSP PRESENT OR IN AREA,Assault,ASSAULT
TB24038359,"09/14/2024, 10:14:44 PM","09/15/2024, 1:03:57 PM",THUNDER BAY,ON,P7C 2K9,300 Block FINLAYSON ST, TBPS] DRUG OFFENCES SUSP PRESENT OR MAY STILL BE IN AREA,Quality of Life,DRUG OFFENCES
TB24038363,"09/14/2024, 10:51:26 PM","09/15/2024, 1:03:57 PM",THUNDER BAY,ON,P7B 6E8,SOUTH WATER ST AND PEARL ST, TBPS] MOTOR VEHICLE COLLISION MVC NO INJURIES,Traffic,MOTOR VEHICLE COLLISION
TB24038364,"09/14/2024, 11:06:13 PM","09/15/2024, 1:03:57 PM",THUNDER BAY,ON,P7B 3Z7,700 Block MEMORIAL AV, TBPS] THEFT SUSP STILL PRESENT OR MAY BE IN AREA,Other Theft,THEFT
TB24038318,"09/14/2024, 5:34:04 PM","09/15/2024, 1:03:58 PM",THUNDER BAY,ON,P7E 5V7,1100 Block LINCOLN ST, TBPS] THEFT SUSP STILL PRESENT OR MAY BE IN AREA,Other Theft,THEFT
TB24038336,"09/14/2024, 7:50:59 PM","09/15/2024, 1:03:58 PM",THUNDER BAY,ON,P7E 6R4,1700 Block FREDERICA ST W, TBPS] LIQUOR LICENCE ACT LIQUOR LICENCE ACT VIOLATION IN PROGRESS,Quality of Life,LIQUOR LICENCE ACT
TB24038342,"09/14/2024, 8:07:53 PM","09/15/2024, 1:03:58 PM",THUNDER BAY,ON,P7G 1A8,300 Block HILLDALE RD, TBPS] STOLEN VEHICLE SUSP NOT IN AREA,Theft of Vehicle,STOLEN VEHICLE
TB24038260,"09/14/2024, 5:32:54 AM","09/15/2024, 1:03:59 PM",THUNDER BAY,ON,P7C 3J1,400 Block SIMPSON ST, TBPS] ASSAULT ACCUSED NOT PRESENT,Assault,ASSAULT
TB24038278,"09/14/2024, 7:31:31 AM","09/15/2024, 1:03:59 PM",THUNDER BAY,ON,P7C 1L1,2200 Block WALNUT ST," TBPS] MISCHIEF IP/SUSP IN AREA, UNDER 5,000",Other Property Crime,MISCHIEF
TB24038289,"09/14/2024, 8:57:09 AM","09/15/2024, 1:03:59 PM",THUNDER BAY,ON,P7C 3K2,700 Block SIMPSON ST, TBPS] B-E BUS/RES/OTH SUSP PRESENT OR MAY STILL BE IN AREA,Breaking & Entering,B-E BUS/RES/OTH
TB24038291,"09/14/2024, 9:25:25 AM","09/15/2024, 1:03:59 PM",THUNDER BAY,ON,P7K 1A1,MAPLEWARD RD AND LAVAL ST, TBPS] MOTOR VEHICLE COLLISION MVC NO INJURIES,Traffic,MOTOR VEHICLE COLLISION
TB24038297,"09/14/2024, 12:03:15 PM","09/15/2024, 1:03:59 PM",THUNDER BAY,ON,P7B 1K2,800 Block RED RIVER RD, TBPS] TROUBLE WITH YOUTH YOUTHS STILL IN AREA,Quality of Life,TROUBLE WITH YOUTH
TB24038394,"09/15/2024, 3:03:52 AM","09/15/2024, 1:04:04 PM",THUNDER BAY,ON,P7A 4M6,100 Block CUMBERLAND ST N, TBPS] LIQUOR LICENCE ACT LIQUOR LICENCE ACT VIOLATION IN PROGRESS,Quality of Life,LIQUOR LICENCE ACT
TB24038395,"09/15/2024, 3:07:18 AM","09/15/2024, 1:04:04 PM",THUNDER BAY,ON,.,100 Block PEARL ST," TBPS] MISCHIEF IP/SUSP IN AREA, UNDER 5,000",Other Property Crime,MISCHIEF
TB24038499,"09/15/2024, 8:51:04 PM","09/16/2024, 1:04:17 PM",THUNDER BAY,ON,P7A 4T8,1 Block COURT ST N, TBPS] THEFT SUSP STILL PRESENT OR MAY BE IN AREA,Other Theft,THEFT
TB24038531,"09/16/2024, 12:33:16 AM","09/16/2024, 1:04:17 PM",THUNDER BAY,ON,P7C 4P7,400 Block EDWARD ST N, TBPS] ASSAULT SUSP PRESENT OR IN AREA,Assault,ASSAULT
TB24038533,"09/16/2024, 12:37:53 AM","09/16/2024, 1:04:17 PM",THUNDER BAY,ON,P7E 5V3,500 Block DONALD ST E," TBPS] ASSAULT JUST OCCURRED, ACCUSED NOT PRESENT",Assault,ASSAULT
TB24038474,"09/15/2024, 5:54:56 PM","09/16/2024, 1:04:18 PM",THUNDER BAY,ON,P7E 5V7,1100 Block LINCOLN ST," TBPS] MISCHIEF IP/SUSP IN AREA, UNDER 5,000",Other Property Crime,MISCHIEF
TB24038479,"09/15/2024, 6:15:09 PM","09/16/2024, 1:04:18 PM",THUNDER BAY,ON,P7B 2M1,1 Block TRILLIUM CT, TBPS] STOLEN VEHICLE SUSP NOT IN AREA,Theft of Vehicle,STOLEN VEHICLE
TB24038483,"09/15/2024, 6:35:48 PM","09/16/2024, 1:04:18 PM",THUNDER BAY,ON,P7C 3T5,400 Block BRODIE ST N, TBPS] B-E BUS/RES/OTH SUSP PRESENT OR MAY STILL BE IN AREA,Breaking & Entering,B-E BUS/RES/OTH
TB24038505,"09/15/2024, 9:46:21 PM","09/16/2024, 1:04:18 PM",THUNDER BAY,ON,P7E 2R6,1800 Block ARTHUR ST E, TBPS] INDECENT ACTS SUSP PRESENT OR MAY STILL BE IN AREA,Sexual Offense,INDECENT ACTS
TB24038542,"09/16/2024, 2:11:23 AM","09/16/2024, 1:04:18 PM",THUNDER BAY,ON,P7E,1100 Block DONALD ST E, TBPS] INDECENT ACTS SUSP PRESENT OR MAY STILL BE IN AREA,Sexual Offense,INDECENT ACTS
TB24037594,"09/10/2024, 11:17:56 PM","09/16/2024, 1:04:18 PM",THUNDER BAY,ON,P7B 4B8,MCKIBBIN ST AND JOHN ST, TBPS] MOTOR VEHICLE COLLISION 11-10 MVC ANY TYPE,Other,MOTOR VEHICLE COLLISION
TB24038445,"09/15/2024, 9:38:49 AM","09/16/2024, 1:04:19 PM",THUNDER BAY,ON,P7B 4M9,200 Block WINDEMERE AV S, TBPS] LIQUOR LICENCE ACT LIQUOR LICENCE ACT VIOLATION IN PROGRESS,Quality of Life,LIQUOR LICENCE ACT
TB24038452,"09/15/2024, 10:38:10 AM","09/16/2024, 1:04:19 PM",THUNDER BAY,ON,P7C 3B6,600 Block MCLAUGHLIN ST," TBPS] MISCHIEF IP/SUSP IN AREA, UNDER 5,000",Other Property Crime,MISCHIEF
TB24038472,"09/15/2024, 5:44:24 PM","09/16/2024, 1:04:19 PM",THUNDER BAY,ON,P7A 4T8,1 Block COURT ST N, TBPS] ASSAULT ACCUSED NOT PRESENT,Assault,ASSAULT
TB24038485,"09/15/2024, 7:11:44 PM","09/16/2024, 1:04:19 PM",THUNDER BAY,ON,P7E 4S3,300 Block EMPIRE AV E, TBPS] ASSAULT ACCUSED NOT PRESENT,Assault,ASSAULT
TB24038488,"09/15/2024, 7:54:45 PM","09/16/2024, 1:04:19 PM",THUNDER BAY,ON,P7B 5J4,1000 Block DAWSON RD, TBPS] ASSAULT ACCUSED NOT PRESENT,Assault,ASSAULT
TB24038076,"09/13/2024, 3:10:11 PM","09/16/2024, 1:04:20 PM",THUNDER BAY,ON,P7B 5J4,1000 Block DAWSON RD, TBPS] ASSAULT ACCUSED NOT PRESENT,Assault,ASSAULT
TB24038343,"09/14/2024, 8:15:22 PM","09/16/2024, 1:04:20 PM",THUNDER BAY,ON,P7A 1X1,300 Block LESLIE AV, TBPS] ASSAULT ACCUSED NOT PRESENT,Assault,ASSAULT
TB24038371,"09/15/2024, 12:25:05 AM","09/16/2024, 1:04:20 PM",THUNDER BAY,ON,P7B 1R9,300 Block BAY ST, TBPS] B-E BUS/RES/OTH 11-10,Breaking & Entering,B-E BUS/RES/OTH
TB24038417,"09/15/2024, 6:18:39 AM","09/16/2024, 1:04:20 PM",THUNDER BAY,ON,P7B 2X8,100 Block COURT ST S, TBPS] B-E BUS/RES/OTH SUSP PRESENT OR MAY STILL BE IN AREA,Breaking & Entering,B-E BUS/RES/OTH
TB24038425,"09/15/2024, 6:59:07 AM","09/16/2024, 1:04:20 PM",THUNDER BAY,ON,P7C 1N7,200 Block CUMMING ST, TBPS] ASSAULT ACCUSED NOT PRESENT,Assault,ASSAULT
TB24038443,"09/15/2024, 9:09:53 AM","09/16/2024, 1:04:20 PM",THUNDER BAY,ON,P7B 6V1,900 Block WILLIAM ST, TBPS] THEFT SUSP STILL PRESENT OR MAY BE IN AREA,Other Theft,THEFT
TB24038447,"09/15/2024, 10:07:43 AM","09/16/2024, 1:04:20 PM",THUNDER BAY,ON,P7B 5K5,1100 Block MEMORIAL AV, TBPS] LIQUOR LICENCE ACT LIQUOR LICENCE ACT VIOLATION IN PROGRESS,Quality of Life,LIQUOR LICENCE ACT
TB24038470,"09/15/2024, 5:03:21 PM","09/16/2024, 1:04:20 PM",THUNDER BAY,ON,P7B 1R3,200 Block BAY ST, TBPS] POSSESSION OF STOLEN PROPERTY ACCUSED PRESENT,Theft,POSSESSION OF STOLEN PROPERTY
TB24038492,"09/15/2024, 8:14:33 PM","09/16/2024, 1:04:20 PM",THUNDER BAY,ON,P7C 2K6,100 Block FINLAYSON ST, TBPS] MOTOR VEHICLE COLLISION 11-10 MVC ANY TYPE,Other,MOTOR VEHICLE COLLISION
TB24037906,"09/12/2024, 5:20:20 PM","09/16/2024, 1:04:21 PM",THUNDER BAY,ON,P7A 4S5,1 Block ST. PAUL ST, TBPS] MOTOR VEHICLE COLLISION 11-10 MVC ANY TYPE,Other,MOTOR VEHICLE COLLISION
TB24038508,"09/15/2024, 9:55:30 PM","09/16/2024, 1:06:24 PM",THUNDER BAY,ON,P7B 2X8,100 Block COURT ST S, TBPS] DRUG OFFENCES SUSP PRESENT OR MAY STILL BE IN AREA,Quality of Life,DRUG OFFENCES
TB24038519,"09/15/2024, 11:29:41 PM","09/16/2024, 1:06:24 PM",THUNDER BAY,ON,P7B 2S4,800 Block FORT WILLIAM RD, TBPS] THEFT SUSP STILL PRESENT OR MAY BE IN AREA,Other Theft,THEFT
TB24038721,"09/17/2024, 5:19:26 AM","09/17/2024, 1:08:09 PM",THUNDER BAY,ON,P7C 4T4,500 Block JAMES ST N, TBPS] ASSAULT SUSP PRESENT OR IN AREA,Assault,ASSAULT
TB24038733,"09/17/2024, 6:40:12 AM","09/17/2024, 1:08:09 PM",THUNDER BAY,ON,P7B 5J4,1000 Block DAWSON RD, TBPS] LIQUOR LICENCE ACT LIQUOR LICENCE ACT VIOLATION IN PROGRESS,Quality of Life,LIQUOR LICENCE ACT
TB24038675,"09/16/2024, 11:10:58 PM","09/17/2024, 1:08:10 PM",THUNDER BAY,ON,P7A 4M2,100 Block CUMBERLAND ST N, TBPS] ASSAULT SUSP PRESENT OR IN AREA,Assault,ASSAULT
TB24038682,"09/17/2024, 12:46:58 AM","09/17/2024, 1:08:10 PM",THUNDER BAY,ON,P7B 3A6,900 Block FORT WILLIAM RD, TBPS] ROBBERY NO WEAPONS - SUSP STILL IN AREA,Robbery,ROBBERY
TB24038694,"09/17/2024, 1:55:59 AM","09/17/2024, 1:08:10 PM",THUNDER BAY,ON,P7B,LINCOLN ST AND COURT ST S, TBPS] ASSAULT SUSP PRESENT OR IN AREA,Assault,ASSAULT
TB24038705,"09/17/2024, 2:52:11 AM","09/17/2024, 1:08:10 PM",THUNDER BAY,ON,P7C 3X8,100 Block CENTENNIAL SQ, TBPS] THEFT SUSP STILL PRESENT OR MAY BE IN AREA,Other Theft,THEFT
TB24038716,"09/17/2024, 4:29:08 AM","09/17/2024, 1:08:10 PM",THUNDER BAY,ON,P7E 2N5,200 Block LELAND AV S, TBPS] ROBBERY NO WEAPONS - SUSP STILL IN AREA,Robbery,ROBBERY
TB24038638,"09/16/2024, 6:59:39 PM","09/17/2024, 1:08:11 PM",THUNDER BAY,ON,P7A,600 Block CUMBERLAND ST N, TBPS] ASSAULT SUSP PRESENT OR IN AREA,Assault,ASSAULT
TB24038642,"09/16/2024, 7:15:54 PM","09/17/2024, 1:08:11 PM",THUNDER BAY,ON,P7B 6B9,1000 Block FORT WILLIAM RD, TBPS] ASSAULT SUSP PRESENT OR IN AREA,Assault,ASSAULT
TB24038643,"09/16/2024, 7:31:12 PM","09/17/2024, 1:08:11 PM",THUNDER BAY,ON,P7E 5R8,600 Block ARTHUR ST W, TBPS] STOLEN VEHICLE SUSP PRESENT OR MAY STILL BE IN AREA,Theft of Vehicle,STOLEN VEHICLE
TB24038648,"09/16/2024, 8:10:16 PM","09/17/2024, 1:08:11 PM",THUNDER BAY,ON,P7B 3M5,500 Block HIGH ST S, TBPS] MOTOR VEHICLE COLLISION 11-10 MVC ANY TYPE,Other,MOTOR VEHICLE COLLISION
TB24038670,"09/16/2024, 10:30:30 PM","09/17/2024, 1:08:11 PM",THUNDER BAY,ON,P7E 6E7,1200 Block ARTHUR ST E, TBPS] ASSAULT ACCUSED NOT PRESENT,Assault,ASSAULT
TB24038672,"09/16/2024, 10:38:04 PM","09/17/2024, 1:08:11 PM",THUNDER BAY,ON,P7E 3X6,MOUNTDALE AV AND FREDERICA ST W, TBPS] MOTOR VEHICLE COLLISION MVC - AMB ENR - DUAL RESP,Other,MOTOR VEHICLE COLLISION
TB24038695,"09/17/2024, 2:02:32 AM","09/17/2024, 1:08:11 PM",THUNDER BAY,ON,P7A 7T8,300 Block ADELAIDE ST, TBPS] LIQUOR LICENCE ACT LIQUOR LICENCE ACT VIOLATION IN PROGRESS,Quality of Life,LIQUOR LICENCE ACT
TB24038602,"09/16/2024, 2:59:39 PM","09/17/2024, 1:08:12 PM",THUNDER BAY,ON,P7B 6Z8,1400 Block NAKINA DR, TBPS] MOTOR VEHICLE COLLISION 11-10 MVC ANY TYPE,Other,MOTOR VEHICLE COLLISION
TB24038609,"09/16/2024, 3:45:44 PM","09/17/2024, 1:08:12 PM",THUNDER BAY,ON,P7C 2G4,MCKENZIE ST AND BETHUNE ST, TBPS] MOTOR VEHICLE COLLISION 11-10 MVC ANY TYPE,Other,MOTOR VEHICLE COLLISION
TB24038614,"09/16/2024, 4:13:18 PM","09/17/2024, 1:08:12 PM",THUNDER BAY,ON,P7A 5X7,100 Block PINE ST," TBPS] THEFT NOT IN PROGRESS, UNDER 5000",Other Theft,THEFT
TB24038618,"09/16/2024, 4:28:34 PM","09/17/2024, 1:08:12 PM",THUNDER BAY,ON,P7E 5S2,1100 Block ARTHUR ST W, TBPS] THEFT SUSP STILL PRESENT OR MAY BE IN AREA,Other Theft,THEFT
TB24038582,"09/16/2024, 9:01:00 AM","09/17/2024, 1:08:13 PM",THUNDER BAY,ON,P7C 4E4,600 Block HAROLD ST N, TBPS] THEFT SUSP STILL PRESENT OR MAY BE IN AREA,Other Theft,THEFT
TB24038586,"09/16/2024, 10:51:33 AM","09/17/2024, 1:08:13 PM",THUNDER BAY,ON,P7B 6H3,300 Block TAMARACK PL, TBPS] TROUBLE WITH YOUTH YOUTHS STILL IN AREA,Quality of Life,TROUBLE WITH YOUTH
TB24038594,"09/16/2024, 2:23:20 PM","09/17/2024, 1:08:13 PM",THUNDER BAY,ON,P7C 3R2,300 Block MAY ST N, TBPS] THEFT SUSP STILL PRESENT OR MAY BE IN AREA,Other Theft,THEFT
TB24038595,"09/16/2024, 2:37:45 PM","09/17/2024, 1:08:13 PM",THUNDER BAY,ON,P7C 3W5,300 Block SYNDICATE AV N, TBPS] MOTOR VEHICLE COLLISION 11-10 MVC ANY TYPE,Other,MOTOR VEHICLE COLLISION
TB24038597,"09/16/2024, 2:42:48 PM","09/17/2024, 1:08:13 PM",THUNDER BAY,ON,P7A 7N1,200 Block COUNTY BLVD, TBPS] MOTOR VEHICLE COLLISION 11-10 MVC ANY TYPE,Other,MOTOR VEHICLE COLLISION
TB24038599,"09/16/2024, 2:47:02 PM","09/17/2024, 1:08:13 PM",THUNDER BAY,ON,P0L 1G0,HARBOUR EXPRESSWAY AND 11-17 HWY, TBPS] MOTOR VEHICLE COLLISION 11-10 MVC ANY TYPE,Other,MOTOR VEHICLE COLLISION
TB24038601,"09/16/2024, 2:54:51 PM","09/17/2024, 1:08:13 PM",THUNDER BAY,ON,P7A 7S3,400 Block COUNTY BLVD, TBPS] B-E BUS/RES/OTH SUSP PRESENT OR MAY STILL BE IN AREA,Breaking & Entering,B-E BUS/RES/OTH
TB24038606,"09/16/2024, 3:27:49 PM","09/17/2024, 1:08:13 PM",THUNDER BAY,ON,P7C,GOLF LINKS RD AND HARBOUR EXPRESSWAY, TBPS] MOTOR VEHICLE COLLISION 11-10 MVC ANY TYPE,Other,MOTOR VEHICLE COLLISION
TB24038610,"09/16/2024, 4:01:17 PM","09/17/2024, 1:08:13 PM",THUNDER BAY,ON,P7B 6S2,700 Block MEMORIAL AV, TBPS] SHOPLIFT IN CUSTODY - NO PROBLEMS,Theft,SHOPLIFT
TB24038617,"09/16/2024, 4:25:41 PM","09/17/2024, 1:08:13 PM",THUNDER BAY,ON,P7B 2W7,1 Block COURT ST S, TBPS] MOTOR VEHICLE COLLISION MVC NO INJURIES,Traffic,MOTOR VEHICLE COLLISION
TB24038623,"09/16/2024, 4:50:26 PM","09/17/2024, 1:08:13 PM",THUNDER BAY,ON,P7B 6K2,300 Block RIVIERA DR, TBPS] MOTOR VEHICLE COLLISION 11-10 MVC ANY TYPE,Other,MOTOR VEHICLE COLLISION
TB24038514,"09/15/2024, 10:36:42 PM","09/17/2024, 1:08:14 PM",THUNDER BAY,ON,P7E 1G7,300 Block ARCHIBALD ST S, TBPS] ASSAULT ACCUSED NOT PRESENT,Assault,ASSAULT
TB24038608,"09/16/2024, 3:43:02 PM","09/17/2024, 1:08:14 PM",THUNDER BAY,ON,P7B 4E7,400 Block RAY BLVD, TBPS] STOLEN VEHICLE SUSP NOT IN AREA,Theft of Vehicle,STOLEN VEHICLE
TB24038837,"09/17/2024, 10:22:01 PM","09/18/2024, 1:04:15 PM",THUNDER BAY,ON,P7A 7T8,300 Block ADELAIDE ST, TBPS] B-E BUS/RES/OTH 11-10,Breaking & Entering,B-E BUS/RES/OTH
TB24038846,"09/17/2024, 11:20:21 PM","09/18/2024, 1:04:15 PM",THUNDER BAY,ON,P7B 1S3,300 Block BAY ST, TBPS] ASSAULT SUSP PRESENT OR IN AREA,Assault,ASSAULT
TB24038856,"09/18/2024, 12:03:16 AM","09/18/2024, 1:04:15 PM",THUNDER BAY,ON,P7B 3J2,200 Block BANNING ST," TBPS] THEFT NOT IN PROGRESS, FROM MOTOR VEHICLE",Theft from Vehicle,THEFT
TB24038861,"09/18/2024, 12:43:03 AM","09/18/2024, 1:04:15 PM",THUNDER BAY,ON,P7E 1B6,300 Block MAY ST S, TBPS] MOTOR VEHICLE COLLISION MVC - AMB ENR - DUAL RESP,Other,MOTOR VEHICLE COLLISION
TB24038870,"09/18/2024, 2:26:10 AM","09/18/2024, 1:04:15 PM",THUNDER BAY,ON,P7C 2G7,100 Block CAMERON ST, TBPS] ASSAULT ACCUSED NOT PRESENT,Assault,ASSAULT
TB24038814,"09/17/2024, 7:39:13 PM","09/18/2024, 1:04:16 PM",THUNDER BAY,ON,P7A 4K8,1000 Block DAWSON RD, TBPS] MOTOR VEHICLE COLLISION 11-10 MVC ANY TYPE,Other,MOTOR VEHICLE COLLISION
TB24038815,"09/17/2024, 7:42:48 PM","09/18/2024, 1:04:16 PM",THUNDER BAY,ON,P7C 1B9,1200 Block VICTORIA AV E, TBPS] MOTOR VEHICLE COLLISION 11-10 MVC ANY TYPE,Other,MOTOR VEHICLE COLLISION
TB24038823,"09/17/2024, 8:23:50 PM","09/18/2024, 1:04:16 PM",THUNDER BAY,ON,P7A 6P1,1 Block HULL AV, TBPS] MOTOR VEHICLE COLLISION 11-10 MVC ANY TYPE,Other,MOTOR VEHICLE COLLISION
TB24038827,"09/17/2024, 8:52:41 PM","09/18/2024, 1:04:16 PM",THUNDER BAY,ON,P7B 6B9,1000 Block FORT WILLIAM RD, TBPS] THEFT SUSP STILL PRESENT OR MAY BE IN AREA,Other Theft,THEFT
TB24038831,"09/17/2024, 9:06:22 PM","09/18/2024, 1:04:16 PM",THUNDER BAY,ON,P7B 3B9,200 Block ALGOMA ST S," TBPS] MISCHIEF 11-10, MICHIEF UNDER 5000",Other Property Crime,MISCHIEF
TB24038839,"09/17/2024, 10:40:34 PM","09/18/2024, 1:04:16 PM",THUNDER BAY,ON,P7B 5L6,300 Block MAIN ST, TBPS] THEFT SUSP STILL PRESENT OR MAY BE IN AREA,Other Theft,THEFT
TB24038853,"09/17/2024, 11:59:13 PM","09/18/2024, 1:04:16 PM",THUNDER BAY,ON,P7A 5V8,VAN NORMAN ST AND HILL ST N, TBPS] MOTOR VEHICLE COLLISION MVC NO INJURIES,Traffic,MOTOR VEHICLE COLLISION
TB24038854,"09/18/2024, 12:00:32 AM","09/18/2024, 1:04:16 PM",THUNDER BAY,ON,P7A 7L2,MACDOUGALL ST AND COURT ST N, TBPS] MOTOR VEHICLE COLLISION MVC NO INJURIES,Traffic,MOTOR VEHICLE COLLISION
TB24038859,"09/18/2024, 12:36:28 AM","09/18/2024, 1:04:16 PM",THUNDER BAY,ON,P7A 5M6,1 Block BALSAM ST, TBPS] TROUBLE WITH YOUTH YOUTHS STILL IN AREA,Quality of Life,TROUBLE WITH YOUTH
TB24038860,"09/18/2024, 12:38:39 AM","09/18/2024, 1:04:16 PM",THUNDER BAY,ON,P7B 5K5,1100 Block MEMORIAL AV, TBPS] MOTOR VEHICLE COLLISION MVC INJURIES FIRE NOT REQ,Traffic,MOTOR VEHICLE COLLISION
TB24038863,"09/18/2024, 1:22:08 AM","09/18/2024, 1:04:16 PM",THUNDER BAY,ON,P7B,RAY BLVD AND DULUTH RD, TBPS] ASSAULT SUSP PRESENT OR IN AREA,Assault,ASSAULT
TB24038874,"09/18/2024, 2:38:01 AM","09/18/2024, 1:04:16 PM",THUNDER BAY,ON,P7E 5S2,1100 Block ARTHUR ST W, TBPS] THEFT SUSP STILL PRESENT OR MAY BE IN AREA,Other Theft,THEFT
TB24038883,"09/18/2024, 3:20:24 AM","09/18/2024, 1:04:16 PM",THUNDER BAY,ON,P7E 4A5,HEATH ST AND AMELIA ST W, TBPS] MISCHIEF IP PROGRESS/SUPECT IN AREA,Other Property Crime,MISCHIEF
TB24038796,"09/17/2024, 6:40:59 PM","09/18/2024, 1:04:17 PM",THUNDER BAY,ON,P7B 1Z7,700 Block JOHN ST," TBPS] MISCHIEF 11-10, MICHIEF UNDER 5000",Other Property Crime,MISCHIEF
TB24038800,"09/17/2024, 7:13:59 PM","09/18/2024, 1:04:17 PM",THUNDER BAY,ON,P7B 5V2,500 Block BEVERLY ST, TBPS] THEFT SUSP STILL PRESENT OR MAY BE IN AREA,Other Theft,THEFT
TB24038802,"09/17/2024, 7:15:14 PM","09/18/2024, 1:04:17 PM",THUNDER BAY,ON,P7A 3S4,600 Block RIVER ST, TBPS] THEFT SUSP STILL PRESENT OR MAY BE IN AREA,Other Theft,THEFT
TB24038805,"09/17/2024, 7:24:25 PM","09/18/2024, 1:04:17 PM",THUNDER BAY,ON,P7J 1G6,2000 Block JAMES ST S, TBPS] MOTOR VEHICLE COLLISION 11-10 MVC ANY TYPE,Other,MOTOR VEHICLE COLLISION
TB24038807,"09/17/2024, 7:28:24 PM","09/18/2024, 1:04:17 PM",THUNDER BAY,ON,P7A 4K8,1000 Block DAWSON RD, TBPS] MOTOR VEHICLE COLLISION 11-10 MVC ANY TYPE,Other,MOTOR VEHICLE COLLISION
TB24038816,"09/17/2024, 7:46:00 PM","09/18/2024, 1:04:17 PM",THUNDER BAY,ON,P7A 3S4,600 Block RIVER ST, TBPS] MOTOR VEHICLE COLLISION 11-10 MVC ANY TYPE,Other,MOTOR VEHICLE COLLISION
TB24038817,"09/17/2024, 7:48:40 PM","09/18/2024, 1:04:17 PM",THUNDER BAY,ON,P7E 1L9,DONALD ST E AND MARKS ST S, TBPS] MOTOR VEHICLE COLLISION 11-10 MVC ANY TYPE,Other,MOTOR VEHICLE COLLISION
TB24038820,"09/17/2024, 8:08:39 PM","09/18/2024, 1:04:17 PM",THUNDER BAY,ON,P7C 4P7,400 Block EDWARD ST N, TBPS] MOTOR VEHICLE COLLISION 11-10 MVC ANY TYPE,Other,MOTOR VEHICLE COLLISION
TB24038825,"09/17/2024, 8:28:02 PM","09/18/2024, 1:04:17 PM",THUNDER BAY,ON,P7A 1V5,400 Block HODDER AV, TBPS] MOTOR VEHICLE COLLISION 11-10 MVC ANY TYPE,Other,MOTOR VEHICLE COLLISION
TB24038840,"09/17/2024, 10:44:32 PM","09/18/2024, 1:04:17 PM",THUNDER BAY,ON,P7B 5K9,500 Block LANGWORTHY CR, TBPS] ASSAULT ACCUSED NOT PRESENT,Assault,ASSAULT
TB24038771,"09/17/2024, 3:37:52 PM","09/18/2024, 1:04:18 PM",THUNDER BAY,ON,P7B 5V2,500 Block BEVERLY ST, TBPS] ASSAULT SUSP PRESENT OR IN AREA,Assault,ASSAULT
TB24038775,"09/17/2024, 4:11:59 PM","09/18/2024, 1:04:18 PM",THUNDER BAY,ON,P7A 4M9,100 Block CUMBERLAND ST N, TBPS] THEFT SUSP STILL PRESENT OR MAY BE IN AREA,Other Theft,THEFT
TB24038790,"09/17/2024, 6:19:30 PM","09/18/2024, 1:04:18 PM",THUNDER BAY,ON,P7A 4P1,300 Block CUMBERLAND ST N, TBPS] STOLEN VEHICLE SUSP NOT IN AREA,Theft of Vehicle,STOLEN VEHICLE
TB24038798,"09/17/2024, 7:06:55 PM","09/18/2024, 1:04:18 PM",THUNDER BAY,ON,P7B 1W8,200 Block JOHN ST, TBPS] B-E BUS/RES/OTH 11-10,Breaking & Entering,B-E BUS/RES/OTH
TB24038809,"09/17/2024, 7:32:30 PM","09/18/2024, 1:04:18 PM",THUNDER BAY,ON,P7A 3W1,HIGH ST N AND DAWSON ST, TBPS] MOTOR VEHICLE COLLISION 11-10 MVC ANY TYPE,Other,MOTOR VEHICLE COLLISION
TB24038732,"09/17/2024, 6:36:23 AM","09/18/2024, 1:04:19 PM",THUNDER BAY,ON,P7E 5N2,1300 Block ARTHUR ST E, TBPS] B-E BUS/RES/OTH SUSP PRESENT OR MAY STILL BE IN AREA,Breaking & Entering,B-E BUS/RES/OTH
TB24038740,"09/17/2024, 8:26:10 AM","09/18/2024, 1:04:19 PM",THUNDER BAY,ON,P7A 4C2,300 Block VAN NORMAN ST," TBPS] THEFT NOT IN PROGRESS, UNDER 5000",Other Theft,THEFT
TB24038755,"09/17/2024, 12:47:40 PM","09/18/2024, 1:04:19 PM",THUNDER BAY,ON,P7E 1E4,400 Block SYNDICATE AV S, TBPS] ASSAULT SUSP PRESENT OR IN AREA,Assault,ASSAULT
TB24038760,"09/17/2024, 2:33:54 PM","09/18/2024, 1:04:19 PM",THUNDER BAY,ON,P7B 3Z2,MEMORIAL AV AND THIRD AV, TBPS] MOTOR VEHICLE COLLISION 11-10 MVC ANY TYPE,Other,MOTOR VEHICLE COLLISION
TB24038766,"09/17/2024, 3:07:55 PM","09/18/2024, 1:04:19 PM",THUNDER BAY,ON,P7B 5V2,500 Block BEVERLY ST, TBPS] THEFT SUSP STILL PRESENT OR MAY BE IN AREA,Other Theft,THEFT
TB24038774,"09/17/2024, 4:05:18 PM","09/18/2024, 1:04:19 PM",THUNDER BAY,ON,P7C 2J7,100 Block PRUDEN ST, TBPS] STOLEN VEHICLE SUSP NOT IN AREA,Theft of Vehicle,STOLEN VEHICLE
TB24038779,"09/17/2024, 4:27:29 PM","09/18/2024, 1:04:19 PM",THUNDER BAY,ON,P7A 7J8,100 Block IBBETSON ST," TBPS] THEFT NOT IN PROGRESS, FROM MOTOR VEHICLE",Theft from Vehicle,THEFT
TB24038780,"09/17/2024, 4:45:07 PM","09/18/2024, 1:04:19 PM",THUNDER BAY,ON,P7B 6S2,700 Block MEMORIAL AV, TBPS] THEFT SUSP STILL PRESENT OR MAY BE IN AREA,Other Theft,THEFT
TB24038787,"09/17/2024, 5:36:25 PM","09/18/2024, 1:04:19 PM",THUNDER BAY,ON,P7E 1C4,300 Block BRODIE ST S," TBPS] MISCHIEF 11-10, MICHIEF UNDER 5000",Other Property Crime,MISCHIEF
TB24038743,"09/17/2024, 9:12:40 AM","09/18/2024, 1:04:20 PM",THUNDER BAY,ON,P7C 2G3,100 Block BETHUNE ST, TBPS] B-E BUS/RES/OTH SUSP PRESENT OR MAY STILL BE IN AREA,Breaking & Entering,B-E BUS/RES/OTH
TB24038728,"09/17/2024, 6:03:14 AM","09/18/2024, 1:04:21 PM",THUNDER BAY,ON,P7C 2L1,300 Block FINLAYSON ST, TBPS] B-E BUS/RES/OTH 11-10,Breaking & Entering,B-E BUS/RES/OTH
TB24039014,"09/18/2024, 11:57:25 PM","09/19/2024, 1:05:39 PM",THUNDER BAY,ON,P7A 3S7,700 Block RIVER ST, TBPS] B-E BUS/RES/OTH 11-10,Breaking & Entering,B-E BUS/RES/OTH
TB24039017,"09/19/2024, 12:10:35 AM","09/19/2024, 1:05:40 PM",THUNDER BAY,ON,.,UNKNOWN STREET AND UNKNOWN STREET, TBPS] ASSAULT SUSP PRESENT OR IN AREA,Assault,ASSAULT
TB24039032,"09/19/2024, 1:18:39 AM","09/19/2024, 1:05:41 PM",THUNDER BAY,ON,P7C 2H8,300 Block DEASE ST, TBPS] THEFT SUSP STILL PRESENT OR MAY BE IN AREA,Other Theft,THEFT
TB24039035,"09/19/2024, 1:45:05 AM","09/19/2024, 1:05:42 PM",THUNDER BAY,ON,P7E 5R8,600 Block ARTHUR ST W, TBPS] THEFT SUSP STILL PRESENT OR MAY BE IN AREA,Other Theft,THEFT
TB24039038,"09/19/2024, 2:18:16 AM","09/19/2024, 1:05:42 PM",THUNDER BAY,ON,P7A 4P8,CLAVET ST AND CUMBERLAND ST N, TBPS] ASSAULT SUSP PRESENT OR IN AREA,Assault,ASSAULT
TB24039039,"09/19/2024, 2:18:59 AM","09/19/2024, 1:05:42 PM",THUNDER BAY,ON,P7C 4S8,1 Block LIMBRICK ST, TBPS] ASSAULT SUSP PRESENT OR IN AREA,Assault,ASSAULT
TB24039057,"09/19/2024, 3:53:48 AM","09/19/2024, 1:05:44 PM",THUNDER BAY,ON,P7E 5R8,600 Block ARTHUR ST W, TBPS] ASSAULT SUSP PRESENT OR IN AREA,Assault,ASSAULT
TB24039081,"09/19/2024, 8:12:28 AM","09/19/2024, 1:05:45 PM",THUNDER BAY,ON,P7C 1M8,200 Block LEITH ST," TBPS] MISCHIEF 11-10, MICHIEF UNDER 5000",Other Property Crime,MISCHIEF
TB24038891,"09/18/2024, 4:13:24 AM","09/19/2024, 1:05:48 PM",THUNDER BAY,ON,P7C 2T2,600 Block ATLANTIC AV," TBPS] MISCHIEF IP/SUSP IN AREA, UNDER 5,000",Other Property Crime,MISCHIEF
TB24038928,"09/18/2024, 9:51:24 AM","09/19/2024, 1:05:50 PM",THUNDER BAY,ON,P7C 4S8,1 Block LIMBRICK ST, TBPS] ROBBERY NO WEAPONS - SUSP STILL IN AREA,Robbery,ROBBERY
TB24038933,"09/18/2024, 11:15:54 AM","09/19/2024, 1:05:50 PM",THUNDER BAY,ON,P7C 3B7,700 Block MCLAUGHLIN ST," TBPS] MISCHIEF IP/SUSP IN AREA, UNDER 5,000",Other Property Crime,MISCHIEF
TB24038936,"09/18/2024, 1:10:54 PM","09/19/2024, 1:05:50 PM",THUNDER BAY,ON,P7E 4H8,400 Block BROCK ST E, TBPS] B-E BUS/RES/OTH SUSP PRESENT OR MAY STILL BE IN AREA,Breaking & Entering,B-E BUS/RES/OTH
TB24038943,"09/18/2024, 2:49:45 PM","09/19/2024, 1:05:50 PM",THUNDER BAY,ON,P7B 5L6,300 Block MAIN ST, TBPS] MOTOR VEHICLE COLLISION 11-10 MVC ANY TYPE,Other,MOTOR VEHICLE COLLISION
TB24038944,"09/18/2024, 3:00:11 PM","09/19/2024, 1:05:50 PM",THUNDER BAY,ON,P7E 5P5,2500 Block ARTHUR ST E, TBPS] MOTOR VEHICLE COLLISION 11-10 MVC ANY TYPE,Other,MOTOR VEHICLE COLLISION
TB24038946,"09/18/2024, 3:08:30 PM","09/19/2024, 1:05:50 PM",THUNDER BAY,ON,P7A 7C6,1 Block CAMPBELL ST, TBPS] MOTOR VEHICLE COLLISION 11-10 MVC ANY TYPE,Other,MOTOR VEHICLE COLLISION
TB24038948,"09/18/2024, 3:22:54 PM","09/19/2024, 1:05:50 PM",THUNDER BAY,ON,P7B 6L9,CARRICK ST AND HARBOUR EXPRESSWAY, TBPS] MOTOR VEHICLE COLLISION MVC - AMB ENR - DUAL RESP,Other,MOTOR VEHICLE COLLISION
TB24038954,"09/18/2024, 4:21:34 PM","09/19/2024, 1:05:50 PM",THUNDER BAY,ON,P7E 5V7,1100 Block LINCOLN ST, TBPS] ASSAULT SUSP PRESENT OR IN AREA,Assault,ASSAULT
TB24038959,"09/18/2024, 5:06:58 PM","09/19/2024, 1:05:51 PM",THUNDER BAY,ON,P7E 5N4,ARTHUR ST E AND FRANKLIN ST S, TBPS] LIQUOR LICENCE ACT LIQUOR LICENCE ACT VIOLATION IN PROGRESS,Quality of Life,LIQUOR LICENCE ACT
TB24038964,"09/18/2024, 5:42:30 PM","09/19/2024, 1:05:51 PM",THUNDER BAY,ON,P7B 2W9,COURT ST S AND PEARL ST, TBPS] MOTOR VEHICLE COLLISION 11-10 MVC ANY TYPE,Other,MOTOR VEHICLE COLLISION
TB24038966,"09/18/2024, 5:48:43 PM","09/19/2024, 1:05:51 PM",THUNDER BAY,ON,P7C 2G8,100 Block CAMERON ST," TBPS] MISCHIEF 11-10, MICHIEF UNDER 5000",Other Property Crime,MISCHIEF
TB24038975,"09/18/2024, 7:19:08 PM","09/19/2024, 1:05:51 PM",THUNDER BAY,ON,P7E 6N7,1500 Block JAMES ST S, TBPS] THEFT SUSP STILL PRESENT OR MAY BE IN AREA,Other Theft,THEFT
TB24038978,"09/18/2024, 8:08:01 PM","09/19/2024, 1:05:51 PM",THUNDER BAY,ON,P7C 3T5,400 Block BRODIE ST N," TBPS] MISCHIEF 11-10, MICHIEF UNDER 5000",Other Property Crime,MISCHIEF
TB24038980,"09/18/2024, 8:13:49 PM","09/19/2024, 1:05:51 PM",THUNDER BAY,ON,P7B 6B9,1000 Block FORT WILLIAM RD, TBPS] MOTOR VEHICLE COLLISION 11-10 MVC ANY TYPE,Other,MOTOR VEHICLE COLLISION
TB24038981,"09/18/2024, 8:17:45 PM","09/19/2024, 1:05:51 PM",THUNDER BAY,ON,P7B 5L6,300 Block MAIN ST, TBPS] MOTOR VEHICLE COLLISION 11-10 MVC ANY TYPE,Other,MOTOR VEHICLE COLLISION
TB24038982,"09/18/2024, 8:22:32 PM","09/19/2024, 1:05:51 PM",THUNDER BAY,ON,.,FIELD ST AND CENTRAL AV, TBPS] MOTOR VEHICLE COLLISION 11-10 MVC ANY TYPE,Other,MOTOR VEHICLE COLLISION
TB24038984,"09/18/2024, 8:26:35 PM","09/19/2024, 1:05:51 PM",THUNDER BAY,ON,P7B 6C9,LITHIUM DR AND BALMORAL ST, TBPS] MOTOR VEHICLE COLLISION 11-10 MVC ANY TYPE,Other,MOTOR VEHICLE COLLISION
TB24038985,"09/18/2024, 8:31:47 PM","09/19/2024, 1:05:51 PM",THUNDER BAY,ON,P7B 5L4,1 Block CUMBERLAND ST S, TBPS] MOTOR VEHICLE COLLISION 11-10 MVC ANY TYPE,Other,MOTOR VEHICLE COLLISION
TB24038989,"09/18/2024, 8:39:38 PM","09/19/2024, 1:05:52 PM",THUNDER BAY,ON,P7A 4P8,300 Block CUMBERLAND ST N, TBPS] MOTOR VEHICLE COLLISION 11-10 MVC ANY TYPE,Other,MOTOR VEHICLE COLLISION
TB24039190,"09/20/2024, 1:24:22 AM","09/20/2024, 1:03:35 PM",THUNDER BAY,ON,P7C,1 Block LIMBRICK ST, TBPS] MISCHIEF IP PROGRESS/SUPECT IN AREA,Other Property Crime,MISCHIEF
TB24039203,"09/20/2024, 3:10:09 AM","09/20/2024, 1:03:35 PM",THUNDER BAY,ON,P7C 3X8,100 Block CENTENNIAL SQ, TBPS] ROBBERY NO WEAPONS - SUSP STILL IN AREA,Robbery,ROBBERY
TB24039207,"09/20/2024, 3:22:17 AM","09/20/2024, 1:03:35 PM",THUNDER BAY,ON,P7B 5L6,300 Block MAIN ST, TBPS] THEFT SUSP STILL PRESENT OR MAY BE IN AREA,Other Theft,THEFT
TB24039221,"09/20/2024, 5:12:46 AM","09/20/2024, 1:03:35 PM",THUNDER BAY,ON,P7E 5N3,1300 Block ARTHUR ST E, TBPS] THEFT SUSP STILL PRESENT OR MAY BE IN AREA,Other Theft,THEFT
TB24039234,"09/20/2024, 7:33:39 AM","09/20/2024, 1:03:35 PM",THUNDER BAY,ON,P7B 1S1,BAY ST AND ALGOMA ST S, TBPS] THEFT SUSP STILL PRESENT OR MAY BE IN AREA,Other Theft,THEFT
TB24039181,"09/20/2024, 12:36:51 AM","09/20/2024, 1:03:36 PM",THUNDER BAY,ON,P7E 3C4,1900 Block HOME AV," TBPS] THEFT NOT IN PROGRESS, FROM MOTOR VEHICLE",Theft from Vehicle,THEFT
TB24039202,"09/20/2024, 2:48:33 AM","09/20/2024, 1:03:36 PM",THUNDER BAY,ON,P7B 1Z7,700 Block JOHN ST," TBPS] ASSAULT JUST OCCURRED, ACCUSED NOT PRESENT",Assault,ASSAULT
TB24039219,"09/20/2024, 4:58:41 AM","09/20/2024, 1:03:36 PM",THUNDER BAY,ON,P7C 4B5,VICKERS ST N AND DEASE ST, TBPS] ASSAULT SUSP PRESENT OR IN AREA,Assault,ASSAULT
TB24039154,"09/19/2024, 9:25:41 PM","09/20/2024, 1:03:37 PM",THUNDER BAY,ON,P7B 6B9,1000 Block FORT WILLIAM RD, TBPS] MOTOR VEHICLE COLLISION MVC NO INJURIES,Traffic,MOTOR VEHICLE COLLISION
TB24039161,"09/19/2024, 10:23:06 PM","09/20/2024, 1:03:37 PM",THUNDER BAY,ON,P7E 6H2,200 Block AMELIA ST W, TBPS] ASSAULT SUSP PRESENT OR IN AREA,Assault,ASSAULT
TB24039171,"09/19/2024, 11:35:51 PM","09/20/2024, 1:03:37 PM",THUNDER BAY,ON,P7B 5V1,DAWSON RD AND EAST AV, TBPS] MOTOR VEHICLE COLLISION MVC NO INJURIES,Traffic,MOTOR VEHICLE COLLISION
TB24039093,"09/19/2024, 1:12:39 PM","09/20/2024, 1:03:38 PM",THUNDER BAY,ON,P7B 6V4,900 Block OLIVER RD, TBPS] ASSAULT SUSP PRESENT OR IN AREA,Assault,ASSAULT
TB24039106,"09/19/2024, 3:05:12 PM","09/20/2024, 1:03:38 PM",THUNDER BAY,ON,P7B 4A4,1000 Block MEMORIAL AV, TBPS] MOTOR VEHICLE COLLISION 11-10 MVC ANY TYPE,Other,MOTOR VEHICLE COLLISION
TB24039107,"09/19/2024, 3:08:41 PM","09/20/2024, 1:03:38 PM",THUNDER BAY,ON,P7J 1G6,2000 Block JAMES ST S, TBPS] MOTOR VEHICLE COLLISION 11-10 MVC ANY TYPE,Other,MOTOR VEHICLE COLLISION
TB24039108,"09/19/2024, 3:11:46 PM","09/20/2024, 1:03:38 PM",THUNDER BAY,ON,P7B 6E8,PEARL ST AND SOUTH WATER ST, TBPS] MOTOR VEHICLE COLLISION 11-10 MVC ANY TYPE,Other,MOTOR VEHICLE COLLISION
TB24039117,"09/19/2024, 4:00:00 PM","09/20/2024, 1:03:38 PM",THUNDER BAY,ON,P7C 2V3,600 Block SOUTHERN AV," TBPS] THEFT NOT IN PROGRESS, UNDER 5000",Other Theft,THEFT
TB24039120,"09/19/2024, 4:14:32 PM","09/20/2024, 1:03:38 PM",THUNDER BAY,ON,P7A 7X5,400 Block HODDER AV, TBPS] MOTOR VEHICLE COLLISION 11-10 MVC ANY TYPE,Other,MOTOR VEHICLE COLLISION
TB24039121,"09/19/2024, 4:26:39 PM","09/20/2024, 1:03:38 PM",THUNDER BAY,ON,P7E 5R5,500 Block ARTHUR ST W, TBPS] MOTOR VEHICLE COLLISION 11-10 MVC ANY TYPE,Other,MOTOR VEHICLE COLLISION
TB24039146,"09/19/2024, 8:47:02 PM","09/20/2024, 1:03:38 PM",THUNDER BAY,ON,P7C 3Z8,300 Block MCKELLAR ST N," TBPS] THEFT NOT IN PROGRESS, UNDER 5000",Other Theft,THEFT
TB24039159,"09/19/2024, 10:15:33 PM","09/20/2024, 1:03:38 PM",THUNDER BAY,ON,P7E 2M4,AMELIA ST W AND BROWN ST, TBPS] DRUG OFFENCES SUSP PRESENT OR MAY STILL BE IN AREA,Quality of Life,DRUG OFFENCES
TB24039068,"09/19/2024, 5:56:26 AM","09/20/2024, 1:03:39 PM",THUNDER BAY,ON,P7B 3C1,100 Block ALGOMA ST S, TBPS] DRUG OFFENCES SUSP PRESENT OR MAY STILL BE IN AREA,Quality of Life,DRUG OFFENCES
TB24039070,"09/19/2024, 6:51:21 AM","09/20/2024, 1:03:39 PM",THUNDER BAY,ON,P7C 2G3,100 Block BETHUNE ST, TBPS] B-E BUS/RES/OTH SUSP PRESENT OR MAY STILL BE IN AREA,Breaking & Entering,B-E BUS/RES/OTH
TB24039089,"09/19/2024, 10:38:56 AM","09/20/2024, 1:03:39 PM",THUNDER BAY,ON,.,100 Block PEARL ST, TBPS] B-E BUS/RES/OTH SUSP PRESENT OR MAY STILL BE IN AREA,Breaking & Entering,B-E BUS/RES/OTH
TB24039095,"09/19/2024, 1:34:43 PM","09/20/2024, 1:03:39 PM",THUNDER BAY,ON,P7B 5V1,EAST AV AND DAWSON RD, TBPS] MOTOR VEHICLE COLLISION MVC - AMB ENR - DUAL RESP,Other,MOTOR VEHICLE COLLISION
TB24039097,"09/19/2024, 1:56:11 PM","09/20/2024, 1:03:39 PM",THUNDER BAY,ON,P7A 4R1,400 Block CUMBERLAND ST N, TBPS] DRUG OFFENCES SUSP PRESENT OR MAY STILL BE IN AREA,Quality of Life,DRUG OFFENCES
TB24039102,"09/19/2024, 2:50:08 PM","09/20/2024, 1:03:39 PM",THUNDER BAY,ON,P7B 4A1,900 Block MEMORIAL AV, TBPS] MOTOR VEHICLE COLLISION 11-10 MVC ANY TYPE,Other,MOTOR VEHICLE COLLISION
TB24039103,"09/19/2024, 2:55:37 PM","09/20/2024, 1:03:39 PM",THUNDER BAY,ON,P7B 6S2,700 Block MEMORIAL AV, TBPS] MOTOR VEHICLE COLLISION 11-10 MVC ANY TYPE,Other,MOTOR VEHICLE COLLISION
TB24039104,"09/19/2024, 3:01:11 PM","09/20/2024, 1:03:39 PM",THUNDER BAY,ON,P7G 1N6,1500 Block OLIVER RD, TBPS] MOTOR VEHICLE COLLISION MVC - AMB ENR - DUAL RESP,Other,MOTOR VEHICLE COLLISION
TB24039105,"09/19/2024, 3:01:48 PM","09/20/2024, 1:03:39 PM",THUNDER BAY,ON,P7B 4R6,1 Block KENOGAMI AV S, TBPS] STOLEN VEHICLE SUSP NOT IN AREA,Theft of Vehicle,STOLEN VEHICLE
TB24039115,"09/19/2024, 4:01:02 PM","09/20/2024, 1:03:39 PM",THUNDER BAY,ON,P7C 5G4,600 Block MOHAWK CR," TBPS] THEFT NOT IN PROGRESS, FROM MOTOR VEHICLE",Theft from Vehicle,THEFT
TB24038997,"09/18/2024, 10:02:56 PM","09/20/2024, 1:03:40 PM",THUNDER BAY,ON,P7B 2X8,100 Block COURT ST S," TBPS] MISCHIEF IP/SUSP IN AREA, UNDER 5,000",Other Property Crime,MISCHIEF
TB24039086,"09/19/2024, 9:19:00 AM","09/20/2024, 1:03:40 PM",THUNDER BAY,ON,P7B 1E5,200 Block PEARL ST, TBPS] ASSAULT SUSP PRESENT OR IN AREA,Assault,ASSAULT
TB24039375,"09/21/2024, 4:11:50 AM","09/21/2024, 1:06:44 PM",THUNDER BAY,ON,P7B,PEARL ST AND CUMBERLAND ST S, TBPS] ROBBERY NO WEAPONS - SUSP STILL IN AREA,Robbery,ROBBERY
TB24039382,"09/21/2024, 4:43:35 AM","09/21/2024, 1:06:44 PM",THUNDER BAY,ON,P7B 2T1,1 Block CUMBERLAND ST S, TBPS] ASSAULT SUSP PRESENT OR IN AREA,Assault,ASSAULT
TB24039342,"09/20/2024, 11:27:27 PM","09/21/2024, 1:06:45 PM",THUNDER BAY,ON,P7E,1100 Block DONALD ST E, TBPS] B-E BUS/RES/OTH SUSP PRESENT OR MAY STILL BE IN AREA,Breaking & Entering,B-E BUS/RES/OTH
TB24039360,"09/21/2024, 1:35:19 AM","09/21/2024, 1:06:45 PM",THUNDER BAY,ON,P7E 5N2,1300 Block ARTHUR ST E, TBPS] B-E BUS/RES/OTH SUSP PRESENT OR MAY STILL BE IN AREA,Breaking & Entering,B-E BUS/RES/OTH
TB24039372,"09/21/2024, 3:26:39 AM","09/21/2024, 1:06:45 PM",THUNDER BAY,ON,P7A 4T8,1 Block COURT ST N, TBPS] ASSAULT SUSP PRESENT OR IN AREA,Assault,ASSAULT
TB24039299,"09/20/2024, 6:47:58 PM","09/21/2024, 1:06:46 PM",THUNDER BAY,ON,P7B,HARBOUR EXPRESSWAY AND BALMORAL ST, TBPS] MOTOR VEHICLE COLLISION 11-10 MVC ANY TYPE,Other,MOTOR VEHICLE COLLISION
TB24039313,"09/20/2024, 8:14:58 PM","09/21/2024, 1:06:46 PM",THUNDER BAY,ON,P7B 1K3,900 Block RED RIVER RD, TBPS] MOTOR VEHICLE COLLISION 11-10 MVC ANY TYPE,Other,MOTOR VEHICLE COLLISION
TB24039335,"09/20/2024, 10:20:47 PM","09/21/2024, 1:06:46 PM",THUNDER BAY,ON,P7B,DAWSON RD AND HILLDALE RD, TBPS] MOTOR VEHICLE COLLISION MVC NO INJURIES,Traffic,MOTOR VEHICLE COLLISION
TB24039348,"09/21/2024, 12:16:01 AM","09/21/2024, 1:06:46 PM",THUNDER BAY,ON,P7E,WALSH ST W AND BROWN ST, TBPS] MOTOR VEHICLE COLLISION MVC - AMB ENR - DUAL RESP,Other,MOTOR VEHICLE COLLISION
TB24039355,"09/21/2024, 12:59:03 AM","09/21/2024, 1:06:46 PM",THUNDER BAY,ON,P7E,JAMES ST S AND FREDERICA ST W, TBPS] MOTOR VEHICLE COLLISION MVC - AMB ENR - DUAL RESP,Other,MOTOR VEHICLE COLLISION
TB24039276,"09/20/2024, 4:18:11 PM","09/21/2024, 1:06:47 PM",THUNDER BAY,ON,P7B 3B9,100 Block ALGOMA ST S," TBPS] MISCHIEF IP/SUSP IN AREA, UNDER 5,000",Other Property Crime,MISCHIEF
TB24039305,"09/20/2024, 7:21:25 PM","09/21/2024, 1:06:47 PM",THUNDER BAY,ON,P7B 6B9,1000 Block FORT WILLIAM RD, TBPS] ASSAULT SUSP PRESENT OR IN AREA,Assault,ASSAULT
TB24039328,"09/20/2024, 9:20:10 PM","09/21/2024, 1:06:47 PM",THUNDER BAY,ON,P7A 1B2,400 Block CUYLER ST," TBPS] THEFT NOT IN PROGRESS, OVER 5000",Other Theft,THEFT
TB24039267,"09/20/2024, 3:07:45 PM","09/21/2024, 1:06:48 PM",THUNDER BAY,ON,P7A,MARGARET ST AND SHUNIAH ST, TBPS] MOTOR VEHICLE COLLISION 11-10 MVC ANY TYPE,Other,MOTOR VEHICLE COLLISION
TB24039269,"09/20/2024, 3:17:42 PM","09/21/2024, 1:06:48 PM",THUNDER BAY,ON,P7C 1G2,2800 Block VICTORIA AV E, TBPS] MOTOR VEHICLE COLLISION 11-10 MVC ANY TYPE,Other,MOTOR VEHICLE COLLISION
TB24039270,"09/20/2024, 3:24:50 PM","09/21/2024, 1:06:48 PM",THUNDER BAY,ON,P7K 1K2,1200 Block ARTHUR ST W, TBPS] MOTOR VEHICLE COLLISION 11-10 MVC ANY TYPE,Other,MOTOR VEHICLE COLLISION
TB24039296,"09/20/2024, 6:16:32 PM","09/21/2024, 1:06:48 PM",THUNDER BAY,ON,P7C 4Z6,400 Block ERINDALE CR," TBPS] THEFT NOT IN PROGRESS, FROM MOTOR VEHICLE",Theft from Vehicle,THEFT
TB24039297,"09/20/2024, 6:27:06 PM","09/21/2024, 1:06:48 PM",THUNDER BAY,ON,P7B 3Z9,800 Block MEMORIAL AV, TBPS] THEFT SUSP STILL PRESENT OR MAY BE IN AREA,Other Theft,THEFT
TB24039208,"09/20/2024, 3:29:04 AM","09/21/2024, 1:06:49 PM",THUNDER BAY,ON,P7E 5N2,1300 Block ARTHUR ST E," TBPS] MISCHIEF 11-10, MICHIEF UNDER 5000",Other Property Crime,MISCHIEF
TB24039233,"09/20/2024, 7:33:21 AM","09/21/2024, 1:06:49 PM",THUNDER BAY,ON,P7A 4J6,1 Block ELIZABETH ST," TBPS] MISCHIEF IP/SUSP IN AREA, UNDER 5,000",Other Property Crime,MISCHIEF
TB24039251,"09/20/2024, 10:17:24 AM","09/21/2024, 1:06:49 PM",THUNDER BAY,ON,P7C 4A6,700 Block MCKELLAR ST N, TBPS] MISCHIEF IP PROGRESS/SUPECT IN AREA,Other Property Crime,MISCHIEF
TB24039515,"09/22/2024, 2:03:23 AM","09/22/2024, 1:06:43 PM",THUNDER BAY,ON,P7A 7N1,100 Block COUNTY BLVD, TBPS] LIQUOR LICENCE ACT LIQUOR LICENCE ACT VIOLATION IN PROGRESS,Quality of Life,LIQUOR LICENCE ACT
TB24039545,"09/22/2024, 4:51:55 AM","09/22/2024, 1:06:43 PM",THUNDER BAY,ON,.,1 Block FLORENCE ST, TBPS] TROUBLE WITH YOUTH YOUTHS STILL IN AREA,Quality of Life,TROUBLE WITH YOUTH
TB24039548,"09/22/2024, 5:32:56 AM","09/22/2024, 1:06:43 PM",THUNDER BAY,ON,P7A 7P7,300 Block PRESCOTT CR, TBPS] ASSAULT SUSP PRESENT OR IN AREA,Assault,ASSAULT
TB24039489,"09/21/2024, 9:31:44 PM","09/22/2024, 1:06:44 PM",THUNDER BAY,ON,P7B 5S3,500 Block EDISON RD," TBPS] THEFT NOT IN PROGRESS, FROM MOTOR VEHICLE",Theft from Vehicle,THEFT
TB24039510,"09/22/2024, 1:18:31 AM","09/22/2024, 1:06:44 PM",THUNDER BAY,ON,P7E 5T8,200 Block JAMES ST S," TBPS] MISCHIEF 11-10, MICHIEF UNDER 5000",Other Property Crime,MISCHIEF
TB24039521,"09/22/2024, 2:32:51 AM","09/22/2024, 1:06:44 PM",THUNDER BAY,ON,P7A,DAWSON RD AND RED RIVER RD, TBPS] ASSAULT SUSP PRESENT OR IN AREA,Assault,ASSAULT
TB24039529,"09/22/2024, 3:14:43 AM","09/22/2024, 1:06:44 PM",THUNDER BAY,ON,P7E 4X6,WALSH ST W AND BEAVERHALL PL, TBPS] MOTOR VEHICLE COLLISION MVC - AMB ENR - DUAL RESP,Other,MOTOR VEHICLE COLLISION
TB24039531,"09/22/2024, 3:28:20 AM","09/22/2024, 1:06:44 PM",THUNDER BAY,ON,P7E 4X5,MOUNTDALE AV AND WALSH ST W, TBPS] MOTOR VEHICLE COLLISION MVC - AMB ENR - DUAL RESP,Other,MOTOR VEHICLE COLLISION
TB24039541,"09/22/2024, 4:30:37 AM","09/22/2024, 1:06:44 PM",THUNDER BAY,ON,P7C 3R3,300 Block MAY ST N, TBPS] ROBBERY NO WEAPONS - SUSP STILL IN AREA,Robbery,ROBBERY
TB24039486,"09/21/2024, 9:08:22 PM","09/22/2024, 1:06:45 PM",THUNDER BAY,ON,P7A 5G7,1 Block REGENT ST," TBPS] THEFT NOT IN PROGRESS, UNDER 5000",Other Theft,THEFT
TB24039493,"09/21/2024, 10:17:36 PM","09/22/2024, 1:06:45 PM",THUNDER BAY,ON,P7E 1A2,SIMPSON ST AND DONALD ST E, TBPS] MOTOR VEHICLE COLLISION MVC - AMB ENR - DUAL RESP,Other,MOTOR VEHICLE COLLISION
TB24039439,"09/21/2024, 11:55:17 AM","09/22/2024, 1:06:46 PM",THUNDER BAY,ON,P7B 2X6,100 Block COURT ST S, TBPS] ASSAULT SUSP PRESENT OR IN AREA,Assault,ASSAULT
TB24039465,"09/21/2024, 6:11:42 PM","09/22/2024, 1:06:46 PM",THUNDER BAY,ON,P7E 5N4,1400 Block ARTHUR ST E, TBPS] B-E BUS/RES/OTH SUSP PRESENT OR MAY STILL BE IN AREA,Breaking & Entering,B-E BUS/RES/OTH
TB24039418,"09/21/2024, 8:22:02 AM","09/22/2024, 1:06:47 PM",THUNDER BAY,ON,P7E 1K4,100 Block HAROLD ST S," TBPS] MISCHIEF IP/SUSP IN AREA, UNDER 5,000",Other Property Crime,MISCHIEF
TB24039420,"09/21/2024, 8:30:45 AM","09/22/2024, 1:06:47 PM",THUNDER BAY,ON,P7C 3H1,1 Block SIMPSON ST," TBPS] MISCHIEF 11-10, MICHIEF UNDER 5000",Other Property Crime,MISCHIEF
TB24039431,"09/21/2024, 10:05:15 AM","09/22/2024, 1:06:47 PM",THUNDER BAY,ON,P7A 4K8,1 Block CUMBERLAND ST N, TBPS] ASSAULT SUSP PRESENT OR IN AREA,Assault,ASSAULT
TB24039052,"09/19/2024, 3:07:56 AM","09/22/2024, 1:06:48 PM",THUNDER BAY,ON,P7E 5V3,500 Block DONALD ST E, TBPS] ASSAULT ACCUSED NOT PRESENT,Assault,ASSAULT
TB24039428,"09/21/2024, 9:09:41 AM","09/22/2024, 1:06:48 PM",THUNDER BAY,ON,P7E 2W2,1100 Block EUCLID AV, TBPS] ASSAULT SUSP PRESENT OR IN AREA,Assault,ASSAULT
TB24038849,"09/17/2024, 11:33:50 PM","09/22/2024, 1:06:49 PM",THUNDER BAY,ON,P7E,TARBUTT ST S, TBPS] MOTOR VEHICLE COLLISION 11-10 MVC ANY TYPE,Other,MOTOR VEHICLE COLLISION
TB24039632,"09/23/2024, 12:00:03 AM","09/23/2024, 1:03:38 PM",THUNDER BAY,ON,P7A,1 Block NORTH WATER ST, TBPS] INDECENT ACTS SUSP PRESENT OR MAY STILL BE IN AREA,Sexual Offense,INDECENT ACTS
TB24039638,"09/23/2024, 12:50:12 AM","09/23/2024, 1:03:38 PM",THUNDER BAY,ON,P7B 3A6,900 Block FORT WILLIAM RD, TBPS] THEFT SUSP STILL PRESENT OR MAY BE IN AREA,Other Theft,THEFT
TB24039639,"09/23/2024, 1:19:40 AM","09/23/2024, 1:03:38 PM",THUNDER BAY,ON,P7E 5N3,1300 Block ARTHUR ST E, TBPS] ASSAULT SUSP PRESENT OR IN AREA,Assault,ASSAULT
TB24039640,"09/23/2024, 1:27:44 AM","09/23/2024, 1:03:38 PM",THUNDER BAY,ON,P7C 4S8,1 Block LIMBRICK ST, TBPS] LIQUOR LICENCE ACT LIQUOR LICENCE ACT VIOLATION IN PROGRESS,Quality of Life,LIQUOR LICENCE ACT
TB24039654,"09/23/2024, 3:23:57 AM","09/23/2024, 1:03:38 PM",THUNDER BAY,ON,P7B 6S2,700 Block MEMORIAL AV, TBPS] THEFT SUSP STILL PRESENT OR MAY BE IN AREA,Other Theft,THEFT
TB24039662,"09/23/2024, 4:23:45 AM","09/23/2024, 1:03:38 PM",THUNDER BAY,ON,P7B 4A1,900 Block MEMORIAL AV, TBPS] LIQUOR LICENCE ACT LIQUOR LICENCE ACT VIOLATION IN PROGRESS,Quality of Life,LIQUOR LICENCE ACT
TB24039663,"09/23/2024, 4:45:12 AM","09/23/2024, 1:03:38 PM",THUNDER BAY,ON,P7A 1R3,300 Block RONA ST," TBPS] ASSAULT JUST OCCURRED, ACCUSED NOT PRESENT",Assault,ASSAULT
TB24039678,"09/23/2024, 7:13:26 AM","09/23/2024, 1:03:38 PM",THUNDER BAY,ON,P7E 3A3,1300 Block MOUNTDALE AV, TBPS] LIQUOR LICENCE ACT LIQUOR LICENCE ACT VIOLATION IN PROGRESS,Quality of Life,LIQUOR LICENCE ACT
TB24039581,"09/22/2024, 10:59:50 AM","09/23/2024, 1:03:39 PM",THUNDER BAY,ON,P7C 1N8,200 Block CUMMING ST, TBPS] ASSAULT SUSP PRESENT OR IN AREA,Assault,ASSAULT
TB24039596,"09/22/2024, 5:44:21 PM","09/23/2024, 1:03:39 PM",THUNDER BAY,ON,P7E 2T6,400 Block MARY ST W, TBPS] ASSAULT SUSP PRESENT OR IN AREA,Assault,ASSAULT
TB24039597,"09/22/2024, 5:47:25 PM","09/23/2024, 1:03:39 PM",THUNDER BAY,ON,P7C 1M8,200 Block LEITH ST," TBPS] MISCHIEF 11-10, MICHIEF UNDER 5000",Other Property Crime,MISCHIEF
TB24039607,"09/22/2024, 7:09:45 PM","09/23/2024, 1:03:39 PM",THUNDER BAY,ON,P7A 4P6,300 Block CUMBERLAND ST N," TBPS] THEFT NOT IN PROGRESS, FROM MOTOR VEHICLE",Theft from Vehicle,THEFT
TB24039609,"09/22/2024, 8:10:22 PM","09/23/2024, 1:03:39 PM",THUNDER BAY,ON,P7B 6B9,1000 Block FORT WILLIAM RD, TBPS] ASSAULT SUSP PRESENT OR IN AREA,Assault,ASSAULT
TB24039615,"09/22/2024, 9:47:43 PM","09/23/2024, 1:03:39 PM",THUNDER BAY,ON,P7B 6B9,1000 Block FORT WILLIAM RD, TBPS] LIQUOR LICENCE ACT LIQUOR LICENCE ACT VIOLATION IN PROGRESS,Quality of Life,LIQUOR LICENCE ACT
TB24039616,"09/22/2024, 9:48:32 PM","09/23/2024, 1:03:39 PM",THUNDER BAY,ON,P7A 4Y7,COURT ST N AND MCVICAR ST, TBPS] DRUG OFFENCES SUSP PRESENT OR MAY STILL BE IN AREA,Quality of Life,DRUG OFFENCES
TB24039623,"09/22/2024, 10:23:13 PM","09/23/2024, 1:03:39 PM",THUNDER BAY,ON,P7C 3X8,100 Block CENTENNIAL SQ, TBPS] THEFT SUSP STILL PRESENT OR MAY BE IN AREA,Other Theft,THEFT
TB24039629,"09/22/2024, 11:44:12 PM","09/23/2024, 1:03:39 PM",THUNDER BAY,ON,P7A 5E9,1 Block JEAN ST, TBPS] B-E BUS/RES/OTH SUSP PRESENT OR MAY STILL BE IN AREA,Breaking & Entering,B-E BUS/RES/OTH
TB24039633,"09/23/2024, 12:03:55 AM","09/23/2024, 1:03:39 PM",THUNDER BAY,ON,P7E 1B7,SIMPSON ST AND MAY ST S, TBPS] INDECENT ACTS SUSP PRESENT OR MAY STILL BE IN AREA,Sexual Offense,INDECENT ACTS
TB24039522,"09/22/2024, 2:37:27 AM","09/23/2024, 1:03:40 PM",THUNDER BAY,ON,P7A,600 Block CUMBERLAND ST N, TBPS] ASSAULT ACCUSED NOT PRESENT,Assault,ASSAULT
TB24039539,"09/22/2024, 4:26:49 AM","09/23/2024, 1:03:40 PM",THUNDER BAY,ON,P7A 1V3,400 Block HODDER AV, TBPS] ASSAULT SUSP PRESENT OR IN AREA,Assault,ASSAULT
TB24039565,"09/22/2024, 8:40:30 AM","09/23/2024, 1:03:40 PM",THUNDER BAY,ON,P7E 5N3,1300 Block ARTHUR ST E, TBPS] ROBBERY NO WEAPONS - SUSP STILL IN AREA,Robbery,ROBBERY
TB24039566,"09/22/2024, 8:46:42 AM","09/23/2024, 1:03:40 PM",THUNDER BAY,ON,P7B 2T1,1 Block CUMBERLAND ST S, TBPS] ASSAULT SUSP PRESENT OR IN AREA,Assault,ASSAULT
TB24039567,"09/22/2024, 9:03:51 AM","09/23/2024, 1:03:40 PM",THUNDER BAY,ON,P7B 5J4,1000 Block DAWSON RD, TBPS] ASSAULT SUSP PRESENT OR IN AREA,Assault,ASSAULT
TB24039570,"09/22/2024, 9:25:20 AM","09/23/2024, 1:03:40 PM",THUNDER BAY,ON,P7E 3P6,200 Block KINGSTON ST, TBPS] B-E BUS/RES/OTH SUSP PRESENT OR MAY STILL BE IN AREA,Breaking & Entering,B-E BUS/RES/OTH
TB24039573,"09/22/2024, 9:43:55 AM","09/23/2024, 1:03:40 PM",THUNDER BAY,ON,P7C 3B6,600 Block MCLAUGHLIN ST, TBPS] ASSAULT SUSP PRESENT OR IN AREA,Assault,ASSAULT
TB24039576,"09/22/2024, 9:59:19 AM","09/23/2024, 1:03:40 PM",THUNDER BAY,ON,P7A 4L3,ST. PAUL ST AND VAN NORMAN ST, TBPS] MOTOR VEHICLE COLLISION MVC NO INJURIES,Traffic,MOTOR VEHICLE COLLISION
TB24039621,"09/22/2024, 10:09:46 PM","09/23/2024, 1:03:40 PM",THUNDER BAY,ON,P7B 2G1,OLIVER RD AND HIGH ST S, TBPS] MOTOR VEHICLE COLLISION MVC - AMB ENR - DUAL RESP,Other,MOTOR VEHICLE COLLISION
TB24038703,"09/17/2024, 2:46:11 AM","09/23/2024, 1:03:41 PM",THUNDER BAY,ON,P7A 3Y6,300 Block TUPPER ST, TBPS] B-E BUS/RES/OTH 11-10,Breaking & Entering,B-E BUS/RES/OTH
TB24039312,"09/20/2024, 8:09:06 PM","09/23/2024, 1:03:41 PM",THUNDER BAY,ON,P7B 4X3,200 Block CLARKSON ST S, TBPS] B-E BUS/RES/OTH 11-10,Breaking & Entering,B-E BUS/RES/OTH
TB24039351,"09/21/2024, 12:32:36 AM","09/23/2024, 1:03:41 PM",THUNDER BAY,ON,P7A 7L9,400 Block CASTLEGREEN DR, TBPS] ASSAULT ACCUSED NOT PRESENT,Assault,ASSAULT
TB24039484,"09/21/2024, 8:54:10 PM","09/23/2024, 1:03:41 PM",THUNDER BAY,ON,P7C 2K9,300 Block FINLAYSON ST, TBPS] B-E BUS/RES/OTH SUSP PRESENT OR MAY STILL BE IN AREA,Breaking & Entering,B-E BUS/RES/OTH
TB24039516,"09/22/2024, 2:13:11 AM","09/23/2024, 1:03:41 PM",THUNDER BAY,ON,P7C 3C7,CONNOLLY ST AND MCTAVISH ST, TBPS] DRUG OFFENCES SUSP PRESENT OR MAY STILL BE IN AREA,Quality of Life,DRUG OFFENCES
TB24039176,"09/20/2024, 12:03:11 AM","09/24/2024, 1:04:18 PM",THUNDER BAY,ON,P7E 6S2,100 Block PRINCESS ST, TBPS] ASSAULT ACCUSED NOT PRESENT,Assault,ASSAULT
TB24039809,"09/24/2024, 1:02:23 AM","09/24/2024, 1:04:18 PM",THUNDER BAY,ON,P7C 3B2,1000 Block MCINTOSH ST," TBPS] THEFT NOT IN PROGRESS, UNDER 5000",Other Theft,THEFT
TB24039810,"09/24/2024, 1:15:44 AM","09/24/2024, 1:04:18 PM",THUNDER BAY,ON,P7A 4Z3,ALGOMA ST N AND VAN NORMAN ST, TBPS] MOTOR VEHICLE COLLISION MVC - AMB ENR - DUAL RESP,Other,MOTOR VEHICLE COLLISION
TB24039813,"09/24/2024, 1:26:37 AM","09/24/2024, 1:04:18 PM",THUNDER BAY,ON,P7B 1Z7,700 Block JOHN ST, TBPS] TROUBLE WITH YOUTH YOUTHS STILL IN AREA,Quality of Life,TROUBLE WITH YOUTH
TB24039821,"09/24/2024, 2:44:52 AM","09/24/2024, 1:04:18 PM",THUNDER BAY,ON,P7A 4K8,1000 Block DAWSON RD, TBPS] MOTOR VEHICLE COLLISION VEHICLE LEAKING FLUIDS - DUAL RESP,Traffic,MOTOR VEHICLE COLLISION
TB24039824,"09/24/2024, 3:01:03 AM","09/24/2024, 1:04:18 PM",THUNDER BAY,ON,P7A 4K8,1000 Block DAWSON RD," TBPS] MISCHIEF 11-10, MICHIEF OVER 5000",Other Property Crime,MISCHIEF
TB24039847,"09/24/2024, 6:34:53 AM","09/24/2024, 1:04:18 PM",THUNDER BAY,ON,P7E 5V7,1100 Block LINCOLN ST, TBPS] DRUG OFFENCES SUSP PRESENT OR MAY STILL BE IN AREA,Quality of Life,DRUG OFFENCES
TB24039448,"09/21/2024, 3:00:50 PM","09/24/2024, 1:04:19 PM",THUNDER BAY,ON,P7C 5S9,100 Block CONESTOGA ST, TBPS] ASSAULT ACCUSED NOT PRESENT,Assault,ASSAULT
TB24039758,"09/23/2024, 7:35:49 PM","09/24/2024, 1:04:19 PM",THUNDER BAY,ON,P7B 5L4,1 Block CUMBERLAND ST S, TBPS] MOTOR VEHICLE COLLISION 11-10 MVC ANY TYPE,Other,MOTOR VEHICLE COLLISION
TB24039777,"09/23/2024, 9:13:44 PM","09/24/2024, 1:04:19 PM",THUNDER BAY,ON,P7B 6E8,SOUTH WATER ST AND PEARL ST, TBPS] MOTOR VEHICLE COLLISION 11-10 MVC ANY TYPE,Other,MOTOR VEHICLE COLLISION
TB24039787,"09/23/2024, 9:56:59 PM","09/24/2024, 1:04:19 PM",THUNDER BAY,ON,P7C,200 Block LEGION TRACK DR, TBPS] THEFT SUSP STILL PRESENT OR MAY BE IN AREA,Other Theft,THEFT
TB24039793,"09/23/2024, 10:44:20 PM","09/24/2024, 1:04:19 PM",THUNDER BAY,ON,P7E 1K4,100 Block HAROLD ST S, TBPS] DRUG OFFENCES SUSP PRESENT OR MAY STILL BE IN AREA,Quality of Life,DRUG OFFENCES
TB24039797,"09/23/2024, 11:22:52 PM","09/24/2024, 1:04:19 PM",THUNDER BAY,ON,P7A 6B4,100 Block WINDEMERE AV N, TBPS] TROUBLE WITH YOUTH YOUTHS STILL IN AREA,Quality of Life,TROUBLE WITH YOUTH
TB24039802,"09/24/2024, 12:13:39 AM","09/24/2024, 1:04:19 PM",THUNDER BAY,ON,P7C 4B8,700 Block VICKERS ST N," TBPS] THEFT NOT IN PROGRESS, OVER 5000",Other Theft,THEFT
TB24039831,"09/24/2024, 4:00:22 AM","09/24/2024, 1:04:19 PM",THUNDER BAY,ON,P7E 5R8,600 Block ARTHUR ST W, TBPS] MOTOR VEHICLE COLLISION MVC - AMB ENR - DUAL RESP,Other,MOTOR VEHICLE COLLISION
TB24039837,"09/24/2024, 4:39:25 AM","09/24/2024, 1:04:19 PM",THUNDER BAY,ON,P7B 3Z5,700 Block MEMORIAL AV, TBPS] THEFT SUSP STILL PRESENT OR MAY BE IN AREA,Other Theft,THEFT
TB24039751,"09/23/2024, 7:00:52 PM","09/24/2024, 1:04:20 PM",THUNDER BAY,ON,P7C,500 Block LEITH ST, TBPS] INDECENT ACTS SUSP PRESENT OR MAY STILL BE IN AREA,Sexual Offense,INDECENT ACTS
TB24039752,"09/23/2024, 7:00:53 PM","09/24/2024, 1:04:20 PM",THUNDER BAY,ON,P7E 5N2,1300 Block ARTHUR ST E, TBPS] ASSAULT ACCUSED NOT PRESENT,Assault,ASSAULT
TB24039764,"09/23/2024, 7:59:32 PM","09/24/2024, 1:04:20 PM",THUNDER BAY,ON,P7A 4P7,400 Block CUMBERLAND ST N, TBPS] MOTOR VEHICLE COLLISION 11-10 MVC ANY TYPE,Other,MOTOR VEHICLE COLLISION
TB24039772,"09/23/2024, 8:53:06 PM","09/24/2024, 1:04:20 PM",THUNDER BAY,ON,P7A 4T3,VAN NORMAN ST AND COURT ST N, TBPS] MOTOR VEHICLE COLLISION 11-10 MVC ANY TYPE,Other,MOTOR VEHICLE COLLISION
TB24039798,"09/23/2024, 11:23:48 PM","09/24/2024, 1:04:20 PM",THUNDER BAY,ON,P7E 1N3,100 Block NORAH ST S, TBPS] ROBBERY WEAPONS - SUSP STILL IN AREA,Robbery,ROBBERY
TB24039801,"09/23/2024, 11:50:55 PM","09/24/2024, 1:04:20 PM",THUNDER BAY,ON,P7A 8B8,100 Block OLYMPIA PL, TBPS] MOTOR VEHICLE COLLISION MVC NO INJURIES,Traffic,MOTOR VEHICLE COLLISION
TB24039719,"09/23/2024, 3:16:13 PM","09/24/2024, 1:04:21 PM",THUNDER BAY,ON,P7E 5R7,500 Block ARTHUR ST W, TBPS] MOTOR VEHICLE COLLISION 11-10 MVC ANY TYPE,Other,MOTOR VEHICLE COLLISION
TB24039721,"09/23/2024, 3:22:12 PM","09/24/2024, 1:04:21 PM",THUNDER BAY,ON,P7B 6S2,700 Block MEMORIAL AV, TBPS] THEFT SUSP STILL PRESENT OR MAY BE IN AREA,Other Theft,THEFT
TB24039727,"09/23/2024, 4:13:55 PM","09/24/2024, 1:04:21 PM",THUNDER BAY,ON,.,UNKNOWN STREET AND UNKNOWN STREET, TBPS] MOTOR VEHICLE COLLISION MVC - AMB ENR - DUAL RESP,Other,MOTOR VEHICLE COLLISION
TB24039760,"09/23/2024, 7:41:43 PM","09/24/2024, 1:04:21 PM",THUNDER BAY,ON,P7E,ARTHUR ST E AND KINGSWAY, TBPS] MOTOR VEHICLE COLLISION 11-10 MVC ANY TYPE,Other,MOTOR VEHICLE COLLISION
TB24039706,"09/23/2024, 2:38:21 PM","09/24/2024, 1:04:22 PM",THUNDER BAY,ON,P7B 6V4,900 Block OLIVER RD, TBPS] MOTOR VEHICLE COLLISION 11-10 MVC ANY TYPE,Other,MOTOR VEHICLE COLLISION
TB24039707,"09/23/2024, 2:41:43 PM","09/24/2024, 1:04:22 PM",THUNDER BAY,ON,P7B 6S2,700 Block MEMORIAL AV, TBPS] MOTOR VEHICLE COLLISION 11-10 MVC ANY TYPE,Other,MOTOR VEHICLE COLLISION
TB24039708,"09/23/2024, 2:47:43 PM","09/24/2024, 1:04:22 PM",THUNDER BAY,ON,P7J 1C8,2000 Block MOUNTAIN RD, TBPS] MOTOR VEHICLE COLLISION 11-10 MVC ANY TYPE,Other,MOTOR VEHICLE COLLISION
TB24039712,"09/23/2024, 2:56:53 PM","09/24/2024, 1:04:22 PM",THUNDER BAY,ON,P7E,ROSSLYN RD AND NEEBING AV, TBPS] MOTOR VEHICLE COLLISION 11-10 MVC ANY TYPE,Other,MOTOR VEHICLE COLLISION
TB24039716,"09/23/2024, 3:02:57 PM","09/24/2024, 1:04:22 PM",THUNDER BAY,ON,P7G 2H7,WARDROPE AV AND BALSAM ST, TBPS] MOTOR VEHICLE COLLISION 11-10 MVC ANY TYPE,Other,MOTOR VEHICLE COLLISION
TB24039723,"09/23/2024, 3:39:43 PM","09/24/2024, 1:04:22 PM",THUNDER BAY,ON,P7A 1R9,1 Block STRATHCONA AV, TBPS] MOTOR VEHICLE COLLISION 11-10 MVC ANY TYPE,Other,MOTOR VEHICLE COLLISION
TB24039734,"09/23/2024, 5:25:56 PM","09/24/2024, 1:04:22 PM",THUNDER BAY,ON,P7C 5L8,300 Block LAMBTON CR," TBPS] MISCHIEF IP/SUSP IN AREA, MICHIEF OVER 5000",Other Property Crime,MISCHIEF
TB24039741,"09/23/2024, 6:09:19 PM","09/24/2024, 1:04:22 PM",THUNDER BAY,ON,P7B 3J2,100 Block BANNING ST," TBPS] THEFT NOT IN PROGRESS, UNDER 5000",Other Theft,THEFT
TB24038681,"09/17/2024, 12:24:01 AM","09/24/2024, 1:04:23 PM",THUNDER BAY,ON,P7B 5E1,900 Block OLIVER RD, TBPS] ASSAULT ACCUSED NOT PRESENT,Assault,ASSAULT
TB24039560,"09/22/2024, 7:29:30 AM","09/24/2024, 1:04:23 PM",THUNDER BAY,ON,P7E 2E4,2600 Block WALSH ST E, TBPS] ASSAULT ACCUSED NOT PRESENT,Assault,ASSAULT
TB24037935,"09/12/2024, 8:22:48 PM","09/24/2024, 1:04:24 PM",THUNDER BAY,ON,P7A 2K6,200 Block MACDOUGALL ST, TBPS] ASSAULT ACCUSED PRESENT,Assault,ASSAULT
TB24039972,"09/25/2024, 1:06:45 AM","09/25/2024, 1:04:43 PM",THUNDER BAY,ON,P7B 3Z7,700 Block MEMORIAL AV, TBPS] THEFT SUSP STILL PRESENT OR MAY BE IN AREA,Other Theft,THEFT
TB24039983,"09/25/2024, 2:29:57 AM","09/25/2024, 1:04:43 PM",THUNDER BAY,ON,P7C 6A5,800 Block MAY ST N, TBPS] LIQUOR LICENCE ACT LIQUOR LICENCE ACT VIOLATION IN PROGRESS,Quality of Life,LIQUOR LICENCE ACT
TB24039992,"09/25/2024, 3:44:36 AM","09/25/2024, 1:04:43 PM",THUNDER BAY,ON,P7A 7X3,300 Block ADELAIDE ST, TBPS] B-E BUS/RES/OTH SUSP PRESENT OR MAY STILL BE IN AREA,Breaking & Entering,B-E BUS/RES/OTH
TB24039996,"09/25/2024, 4:24:00 AM","09/25/2024, 1:04:43 PM",THUNDER BAY,ON,P7E 5C9,2800 Block ISABELLA ST E, TBPS] ASSAULT SUSP PRESENT OR IN AREA,Assault,ASSAULT
TB24039997,"09/25/2024, 4:30:08 AM","09/25/2024, 1:04:43 PM",THUNDER BAY,ON,P7B 5K5,1100 Block MEMORIAL AV, TBPS] LIQUOR LICENCE ACT LIQUOR LICENCE ACT VIOLATION IN PROGRESS,Quality of Life,LIQUOR LICENCE ACT
TB24040001,"09/25/2024, 5:06:59 AM","09/25/2024, 1:04:43 PM",THUNDER BAY,ON,P7K 1M3,1500 Block BROADWAY AV, TBPS] B-E BUS/RES/OTH SUSP PRESENT OR MAY STILL BE IN AREA,Breaking & Entering,B-E BUS/RES/OTH
TB24040015,"09/25/2024, 7:22:59 AM","09/25/2024, 1:04:43 PM",THUNDER BAY,ON,P7A 7X3,300 Block ADELAIDE ST, TBPS] B-E BUS/RES/OTH SUSP PRESENT OR MAY STILL BE IN AREA,Breaking & Entering,B-E BUS/RES/OTH
TB24039966,"09/25/2024, 12:29:30 AM","09/25/2024, 1:04:44 PM",THUNDER BAY,ON,P7C 4P5,400 Block EDWARD ST N," TBPS] THEFT NOT IN PROGRESS, UNDER 5000",Other Theft,THEFT
TB24039969,"09/25/2024, 12:54:22 AM","09/25/2024, 1:04:44 PM",THUNDER BAY,ON,P7B 1A6,200 Block RED RIVER RD," TBPS] THEFT NOT IN PROGRESS, UNDER 5000",Other Theft,THEFT
TB24039977,"09/25/2024, 1:37:32 AM","09/25/2024, 1:04:44 PM",THUNDER BAY,ON,P7B 5L6,300 Block MAIN ST, TBPS] LIQUOR LICENCE ACT LIQUOR LICENCE ACT VIOLATION IN PROGRESS,Quality of Life,LIQUOR LICENCE ACT
TB24040003,"09/25/2024, 5:19:41 AM","09/25/2024, 1:04:44 PM",THUNDER BAY,ON,P7B 2X8,COURT ST S AND JOHN ST, TBPS] DRUG OFFENCES SUSP PRESENT OR MAY STILL BE IN AREA,Quality of Life,DRUG OFFENCES
TB24039921,"09/24/2024, 8:08:20 PM","09/25/2024, 1:04:45 PM",THUNDER BAY,ON,.,UNKNOWN STREET AND UNKNOWN STREET, TBPS] ASSAULT ACCUSED PRESENT,Assault,ASSAULT
TB24039928,"09/24/2024, 8:40:28 PM","09/25/2024, 1:04:45 PM",THUNDER BAY,ON,P7B 3A6,900 Block FORT WILLIAM RD, TBPS] MOTOR VEHICLE COLLISION 11-10 MVC ANY TYPE,Other,MOTOR VEHICLE COLLISION
TB24039934,"09/24/2024, 9:29:27 PM","09/25/2024, 1:04:45 PM",THUNDER BAY,ON,P7B 1E3,200 Block PEARL ST, TBPS] THEFT SUSP STILL PRESENT OR MAY BE IN AREA,Other Theft,THEFT
TB24039945,"09/24/2024, 10:23:41 PM","09/25/2024, 1:04:45 PM",THUNDER BAY,ON,P7C 4S8,1 Block LIMBRICK ST, TBPS] LIQUOR LICENCE ACT LIQUOR LICENCE ACT VIOLATION IN PROGRESS,Quality of Life,LIQUOR LICENCE ACT
TB24039956,"09/24/2024, 11:37:33 PM","09/25/2024, 1:04:45 PM",THUNDER BAY,ON,P7E 6H2,200 Block AMELIA ST W, TBPS] ASSAULT ACCUSED NOT PRESENT,Assault,ASSAULT
TB24039878,"09/24/2024, 3:06:38 PM","09/25/2024, 1:04:46 PM",THUNDER BAY,ON,P7A 4M2,100 Block CUMBERLAND ST N, TBPS] ASSAULT ACCUSED NOT PRESENT,Assault,ASSAULT
TB24039885,"09/24/2024, 3:32:20 PM","09/25/2024, 1:04:46 PM",THUNDER BAY,ON,P7B 6S2,700 Block MEMORIAL AV, TBPS] MOTOR VEHICLE COLLISION 11-10 MVC ANY TYPE,Other,MOTOR VEHICLE COLLISION
TB24039892,"09/24/2024, 4:02:53 PM","09/25/2024, 1:04:46 PM",THUNDER BAY,ON,P7B,MAY ST N AND ISABEL ST, TBPS] MOTOR VEHICLE COLLISION 11-10 MVC ANY TYPE,Other,MOTOR VEHICLE COLLISION
TB24039901,"09/24/2024, 5:16:26 PM","09/25/2024, 1:04:46 PM",THUNDER BAY,ON,P7B 7C6,900 Block CARRICK ST, TBPS] THEFT SUSP STILL PRESENT OR MAY BE IN AREA,Other Theft,THEFT
TB24039908,"09/24/2024, 5:52:02 PM","09/25/2024, 1:04:46 PM",THUNDER BAY,ON,P7C 3X8,100 Block CENTENNIAL SQ, TBPS] THEFT SUSP STILL PRESENT OR MAY BE IN AREA,Other Theft,THEFT
TB24039926,"09/24/2024, 8:35:56 PM","09/25/2024, 1:04:46 PM",THUNDER BAY,ON,P7A 7P5,300 Block COUNTY BLVD, TBPS] B-E BUS/RES/OTH 11-10,Breaking & Entering,B-E BUS/RES/OTH
TB24039872,"09/24/2024, 2:48:12 PM","09/25/2024, 1:04:47 PM",THUNDER BAY,ON,P7C 4T4,500 Block JAMES ST N, TBPS] MOTOR VEHICLE COLLISION 11-10 MVC ANY TYPE,Other,MOTOR VEHICLE COLLISION
TB24039873,"09/24/2024, 2:53:02 PM","09/25/2024, 1:04:47 PM",THUNDER BAY,ON,P7A,RED RIVER RD AND THUNDER BAY EXPRESSWAY, TBPS] MOTOR VEHICLE COLLISION 11-10 MVC ANY TYPE,Other,MOTOR VEHICLE COLLISION
TB24039875,"09/24/2024, 2:59:53 PM","09/25/2024, 1:04:47 PM",THUNDER BAY,ON,P7B 1V3,CLARKSON ST S AND WINDSOR ST, TBPS] MOTOR VEHICLE COLLISION 11-10 MVC ANY TYPE,Other,MOTOR VEHICLE COLLISION
TB24039879,"09/24/2024, 3:16:26 PM","09/25/2024, 1:04:47 PM",THUNDER BAY,ON,P7B 6S2,700 Block MEMORIAL AV, TBPS] MOTOR VEHICLE COLLISION 11-10 MVC ANY TYPE,Other,MOTOR VEHICLE COLLISION
TB24039881,"09/24/2024, 3:18:44 PM","09/25/2024, 1:04:47 PM",THUNDER BAY,ON,P7C 5H4,1500 Block DEASE ST, TBPS] MOTOR VEHICLE COLLISION 11-10 MVC ANY TYPE,Other,MOTOR VEHICLE COLLISION
TB24039882,"09/24/2024, 3:23:11 PM","09/25/2024, 1:04:47 PM",THUNDER BAY,ON,P7B,1 Block RAVENWOOD AV, TBPS] LIQUOR LICENCE ACT LIQUOR LICENCE ACT VIOLATION IN PROGRESS,Quality of Life,LIQUOR LICENCE ACT
TB24039886,"09/24/2024, 3:35:20 PM","09/25/2024, 1:04:47 PM",THUNDER BAY,ON,P7A 8C7,TUPPER ST AND HIGH ST N, TBPS] MOTOR VEHICLE COLLISION MVC - AMB ENR - DUAL RESP,Other,MOTOR VEHICLE COLLISION
TB24039900,"09/24/2024, 5:06:50 PM","09/25/2024, 1:04:47 PM",THUNDER BAY,ON,P7E 6P7,1800 Block BAILEY AV, TBPS] MOTOR VEHICLE COLLISION MVC NO INJURIES,Traffic,MOTOR VEHICLE COLLISION
TB24038430,"09/15/2024, 7:19:29 AM","09/25/2024, 1:04:48 PM",THUNDER BAY,ON,P7B 4P6,300 Block FRANKWOOD AV, TBPS] MOTOR VEHICLE COLLISION 11-10 MVC ANY TYPE,Other,MOTOR VEHICLE COLLISION
TB24039748,"09/23/2024, 6:38:20 PM","09/25/2024, 1:04:48 PM",THUNDER BAY,ON,P7A 7S4,300 Block COUNTY BLVD, TBPS] MOTOR VEHICLE COLLISION 11-10 MVC ANY TYPE,Other,MOTOR VEHICLE COLLISION
TB24039862,"09/24/2024, 11:39:15 AM","09/25/2024, 1:04:48 PM",THUNDER BAY,ON,P7E 6R2,900 Block EDWARD ST S, TBPS] TROUBLE WITH YOUTH YOUTHS STILL IN AREA,Quality of Life,TROUBLE WITH YOUTH
TB24039883,"09/24/2024, 3:26:40 PM","09/25/2024, 1:04:48 PM",THUNDER BAY,ON,P7A 4B1,ST. PAUL ST AND CAMELOT ST, TBPS] MOTOR VEHICLE COLLISION 11-10 MVC ANY TYPE,Other,MOTOR VEHICLE COLLISION
TB24039544,"09/22/2024, 4:50:58 AM","09/25/2024, 1:04:50 PM",THUNDER BAY,ON,P7B 6E8,1 Block SOUTH WATER ST, TBPS] MOTOR VEHICLE COLLISION 11-10 MVC ANY TYPE,Other,MOTOR VEHICLE COLLISION
TB24039580,"09/22/2024, 10:46:15 AM","09/25/2024, 1:04:50 PM",THUNDER BAY,ON,P7C 1E1,1800 Block VICTORIA AV E, TBPS] B-E BUS/RES/OTH 11-10,Breaking & Entering,B-E BUS/RES/OTH
TB24039425,"09/21/2024, 8:57:16 AM","09/25/2024, 1:04:51 PM",THUNDER BAY,ON,P7B 1A6,200 Block RED RIVER RD, TBPS] ASSAULT ACCUSED NOT PRESENT,Assault,ASSAULT
TB24039626,"09/22/2024, 11:06:02 PM","09/25/2024, 1:04:51 PM",THUNDER BAY,ON,P7B 5L6,300 Block MAIN ST, TBPS] THEFT SUSP STILL PRESENT OR MAY BE IN AREA,Other Theft,THEFT
TB24039608,"09/22/2024, 7:52:23 PM","09/25/2024, 1:04:52 PM",THUNDER BAY,ON,P7C 1N7,200 Block CUMMING ST, TBPS] ASSAULT ACCUSED NOT PRESENT,Assault,ASSAULT
TB24039600,"09/22/2024, 6:17:25 PM","09/25/2024, 1:04:53 PM",THUNDER BAY,ON,P7C 1M8,200 Block LEITH ST," TBPS] MISCHIEF 11-10, MICHIEF OVER 5000",Other Property Crime,MISCHIEF
TB24039603,"09/22/2024, 6:41:36 PM","09/25/2024, 1:04:53 PM",THUNDER BAY,ON,P7C 4B1,300 Block VICKERS ST N, TBPS] ASSAULT ACCUSED NOT PRESENT,Assault,ASSAULT
TB24039860,"09/24/2024, 11:11:45 AM","09/25/2024, 1:04:53 PM",THUNDER BAY,ON,P7E 5C2,1700 Block ISABELLA ST E, TBPS] B-E BUS/RES/OTH SUSP PRESENT OR MAY STILL BE IN AREA,Breaking & Entering,B-E BUS/RES/OTH
TB24040122,"09/25/2024, 11:46:32 PM","09/26/2024, 1:04:58 PM",THUNDER BAY,ON,P7B 3Z7,700 Block MEMORIAL AV, TBPS] THEFT SUSP STILL PRESENT OR MAY BE IN AREA,Other Theft,THEFT
TB24040123,"09/25/2024, 11:48:05 PM","09/26/2024, 1:04:58 PM",THUNDER BAY,ON,P7B 6Y9,1 Block SOUTH WATER ST, TBPS] MOTOR VEHICLE COLLISION VEHICLE LEAKING FLUIDS - DUAL RESP,Traffic,MOTOR VEHICLE COLLISION
TB24040137,"09/26/2024, 1:28:50 AM","09/26/2024, 1:05:00 PM",THUNDER BAY,ON,P7B 3B5,ALGOMA ST S AND AMBROSE ST, TBPS] MOTOR VEHICLE COLLISION MVC NO INJURIES,Traffic,MOTOR VEHICLE COLLISION
TB24040139,"09/26/2024, 1:31:41 AM","09/26/2024, 1:05:00 PM",THUNDER BAY,ON,P7B 6B9,1000 Block FORT WILLIAM RD, TBPS] THEFT SUSP STILL PRESENT OR MAY BE IN AREA,Other Theft,THEFT
TB24040140,"09/26/2024, 1:38:51 AM","09/26/2024, 1:05:00 PM",THUNDER BAY,ON,P7B 2Z2,300 Block FORT WILLIAM RD, TBPS] THEFT SUSP STILL PRESENT OR MAY BE IN AREA,Other Theft,THEFT
TB24040147,"09/26/2024, 2:13:42 AM","09/26/2024, 1:05:02 PM",THUNDER BAY,ON,P7C 3R2,300 Block MAY ST N, TBPS] THEFT SUSP STILL PRESENT OR MAY BE IN AREA,Other Theft,THEFT
TB24040152,"09/26/2024, 3:10:08 AM","09/26/2024, 1:05:02 PM",THUNDER BAY,ON,P7B 6S2,700 Block MEMORIAL AV, TBPS] THEFT SUSP STILL PRESENT OR MAY BE IN AREA,Other Theft,THEFT
TB24040154,"09/26/2024, 3:24:20 AM","09/26/2024, 1:05:03 PM",THUNDER BAY,ON,P7A 6R1,100 Block LOGAN AV, TBPS] LIQUOR LICENCE ACT LIQUOR LICENCE ACT VIOLATION IN PROGRESS,Quality of Life,LIQUOR LICENCE ACT
TB24040172,"09/26/2024, 5:50:40 AM","09/26/2024, 1:05:04 PM",THUNDER BAY,ON,P7C 3J7,600 Block SIMPSON ST, TBPS] B-E BUS/RES/OTH SUSP PRESENT OR MAY STILL BE IN AREA,Breaking & Entering,B-E BUS/RES/OTH
TB24040175,"09/26/2024, 6:08:25 AM","09/26/2024, 1:05:05 PM",THUNDER BAY,ON,P7B 6C7,1 Block PAUL SHAFFER DR, TBPS] LIQUOR LICENCE ACT LIQUOR LICENCE ACT VIOLATION IN PROGRESS,Quality of Life,LIQUOR LICENCE ACT
TB24040179,"09/26/2024, 6:25:41 AM","09/26/2024, 1:05:05 PM",THUNDER BAY,ON,P7A 4R2,400 Block CUMBERLAND ST N," TBPS] MISCHIEF IP/SUSP IN AREA, UNDER 5,000",Other Property Crime,MISCHIEF
TB24040186,"09/26/2024, 7:45:22 AM","09/26/2024, 1:05:06 PM",THUNDER BAY,ON,P7B 5L4,1 Block CUMBERLAND ST S, TBPS] MOTOR VEHICLE COLLISION MVC NO INJURIES,Traffic,MOTOR VEHICLE COLLISION
TB24039981,"09/25/2024, 2:22:39 AM","09/26/2024, 1:05:14 PM",THUNDER BAY,ON,P7E 5V7,1100 Block LINCOLN ST," TBPS] THEFT NOT IN PROGRESS, UNDER 5000",Other Theft,THEFT
TB24040021,"09/25/2024, 8:20:17 AM","09/26/2024, 1:05:20 PM",THUNDER BAY,ON,P7B 1E3,200 Block PEARL ST, TBPS] B-E BUS/RES/OTH SUSP PRESENT OR MAY STILL BE IN AREA,Breaking & Entering,B-E BUS/RES/OTH
TB24040023,"09/25/2024, 8:39:15 AM","09/26/2024, 1:05:21 PM",THUNDER BAY,ON,P7C 2G3,100 Block BETHUNE ST," TBPS] MISCHIEF 11-10, MICHIEF UNDER 5000",Other Property Crime,MISCHIEF
TB24040038,"09/25/2024, 2:28:01 PM","09/26/2024, 1:05:22 PM",THUNDER BAY,ON,P7B 1A9,200 Block RED RIVER RD, TBPS] MOTOR VEHICLE COLLISION 11-10 MVC ANY TYPE,Other,MOTOR VEHICLE COLLISION
TB24040041,"09/25/2024, 2:38:32 PM","09/26/2024, 1:05:23 PM",THUNDER BAY,ON,P7B 6L9,HARBOUR EXPRESSWAY AND CARRICK ST, TBPS] MOTOR VEHICLE COLLISION 11-10 MVC ANY TYPE,Other,MOTOR VEHICLE COLLISION
TB24040050,"09/25/2024, 4:06:33 PM","09/26/2024, 1:05:24 PM",THUNDER BAY,ON,P7A 4Z3,ALGOMA ST N AND VAN NORMAN ST, TBPS] MOTOR VEHICLE COLLISION 11-10 MVC ANY TYPE,Other,MOTOR VEHICLE COLLISION
TB24040057,"09/25/2024, 5:00:00 PM","09/26/2024, 1:05:25 PM",THUNDER BAY,ON,P7C 3E7,800 Block ALBERTA ST, TBPS] ASSAULT ACCUSED NOT PRESENT,Assault,ASSAULT
TB24040060,"09/25/2024, 5:06:17 PM","09/26/2024, 1:05:25 PM",THUNDER BAY,ON,P7B,MEMORIAL AV AND ISABEL ST, TBPS] MOTOR VEHICLE COLLISION 11-10 MVC ANY TYPE,Other,MOTOR VEHICLE COLLISION
TB24040062,"09/25/2024, 5:29:27 PM","09/26/2024, 1:05:25 PM",THUNDER BAY,ON,P7E 6N8,800 Block GORDON ST," TBPS] THEFT NOT IN PROGRESS, UNDER 5000",Other Theft,THEFT
TB24040073,"09/25/2024, 6:11:02 PM","09/26/2024, 1:05:26 PM",THUNDER BAY,ON,P7A,RIVER ST AND CUMBERLAND ST N, TBPS] MOTOR VEHICLE COLLISION MVC - AMB ENR - DUAL RESP,Other,MOTOR VEHICLE COLLISION
TB24040082,"09/25/2024, 6:35:08 PM","09/26/2024, 1:05:26 PM",THUNDER BAY,ON,P7E 5R8,ARTHUR ST W AND MOUNTDALE AV, TBPS] MOTOR VEHICLE COLLISION 11-10 MVC ANY TYPE,Other,MOTOR VEHICLE COLLISION
TB24040085,"09/25/2024, 7:10:15 PM","09/26/2024, 1:05:26 PM",THUNDER BAY,ON,P7B 1R3,200 Block BAY ST," TBPS] ASSAULT JUST OCCURRED, ACCUSED NOT PRESENT",Assault,ASSAULT
TB24040086,"09/25/2024, 7:13:00 PM","09/26/2024, 1:05:26 PM",THUNDER BAY,ON,P7B 4H2,HODGE ST AND BERESFORD ST, TBPS] ASSAULT SUSP PRESENT OR IN AREA,Assault,ASSAULT
TB24040090,"09/25/2024, 7:44:52 PM","09/26/2024, 1:05:26 PM",THUNDER BAY,ON,P7E 2G6,100 Block EDWARD ST S, TBPS] B-E BUS/RES/OTH SUSP PRESENT OR MAY STILL BE IN AREA,Breaking & Entering,B-E BUS/RES/OTH
TB24040096,"09/25/2024, 8:10:20 PM","09/26/2024, 1:05:27 PM",THUNDER BAY,ON,P7A 2E7,200 Block DEWE AV, TBPS] ASSAULT ACCUSED NOT PRESENT,Assault,ASSAULT
TB24040103,"09/25/2024, 9:05:02 PM","09/26/2024, 1:05:27 PM",THUNDER BAY,ON,P7E 1J3,200 Block VICKERS ST S, TBPS] DRUG OFFENCES SUSP PRESENT OR MAY STILL BE IN AREA,Quality of Life,DRUG OFFENCES
TB24040110,"09/25/2024, 9:40:07 PM","09/26/2024, 1:05:27 PM",THUNDER BAY,ON,P7E 4C1,200 Block FRANCIS ST W, TBPS] ASSAULT ACCUSED NOT PRESENT,Assault,ASSAULT
TB24040118,"09/25/2024, 10:56:31 PM","09/26/2024, 1:05:28 PM",THUNDER BAY,ON,P7B 3A6,900 Block FORT WILLIAM RD, TBPS] LIQUOR LICENCE ACT LIQUOR LICENCE ACT VIOLATION IN PROGRESS,Quality of Life,LIQUOR LICENCE ACT
TB24040120,"09/25/2024, 11:25:09 PM","09/26/2024, 1:05:28 PM",THUNDER BAY,ON,P7B 4A1,900 Block MEMORIAL AV, TBPS] MOTOR VEHICLE COLLISION MVC - AMB ENR - DUAL RESP,Other,MOTOR VEHICLE COLLISION
TB24037937,"09/12/2024, 8:35:39 PM","09/27/2024, 1:08:24 PM",THUNDER BAY,ON,P7J 1E8,2300 Block 61 HWY, TBPS] ASSAULT ACCUSED NOT PRESENT,Assault,ASSAULT
TB24040291,"09/26/2024, 11:09:42 PM","09/27/2024, 1:08:54 PM",THUNDER BAY,ON,P7A 3A3,300 Block SHUNIAH ST, TBPS] DRUG OFFENCES SUSP PRESENT OR MAY STILL BE IN AREA,Quality of Life,DRUG OFFENCES
TB24040294,"09/26/2024, 11:18:40 PM","09/27/2024, 1:08:54 PM",THUNDER BAY,ON,P7E 5N3,1300 Block ARTHUR ST E, TBPS] THEFT SUSP STILL PRESENT OR MAY BE IN AREA,Other Theft,THEFT
TB24040296,"09/26/2024, 11:39:15 PM","09/27/2024, 1:08:55 PM",THUNDER BAY,ON,P7B 5Z5,1200 Block BALMORAL ST," TBPS] THEFT NOT IN PROGRESS, FROM MOTOR VEHICLE",Theft from Vehicle,THEFT
TB24040297,"09/26/2024, 11:40:41 PM","09/27/2024, 1:08:55 PM",THUNDER BAY,ON,P7E 5V7,1100 Block LINCOLN ST, TBPS] DRUG OFFENCES SUSP PRESENT OR MAY STILL BE IN AREA,Quality of Life,DRUG OFFENCES
TB24040299,"09/26/2024, 11:48:48 PM","09/27/2024, 1:08:55 PM",THUNDER BAY,ON,P7A 4K8,1000 Block DAWSON RD, TBPS] LIQUOR LICENCE ACT LIQUOR LICENCE ACT VIOLATION IN PROGRESS,Quality of Life,LIQUOR LICENCE ACT
TB24040300,"09/26/2024, 11:49:24 PM","09/27/2024, 1:08:55 PM",THUNDER BAY,ON,P7A 4K8,1000 Block DAWSON RD, TBPS] MOTOR VEHICLE COLLISION MVC - AMB ENR - DUAL RESP,Other,MOTOR VEHICLE COLLISION
TB24040301,"09/26/2024, 11:51:00 PM","09/27/2024, 1:08:55 PM",THUNDER BAY,ON,P7E 1L9,200 Block MARKS ST S, TBPS] DRUG OFFENCES SUSP PRESENT OR MAY STILL BE IN AREA,Quality of Life,DRUG OFFENCES
TB24040310,"09/27/2024, 1:21:24 AM","09/27/2024, 1:08:56 PM",THUNDER BAY,ON,P7B 6B9,1000 Block FORT WILLIAM RD, TBPS] ASSAULT SUSP PRESENT OR IN AREA,Assault,ASSAULT
TB24040314,"09/27/2024, 2:05:46 AM","09/27/2024, 1:08:57 PM",THUNDER BAY,ON,P7B 6J1,GOLF LINKS RD AND CASCADE CR, TBPS] ASSAULT SUSP PRESENT OR IN AREA,Assault,ASSAULT
TB24040316,"09/27/2024, 2:12:45 AM","09/27/2024, 1:08:57 PM",THUNDER BAY,ON,P0T 2G0,JOHN ST. RD AND NICHOLETTS RD, TBPS] MOTOR VEHICLE COLLISION MVC NO INJURIES,Traffic,MOTOR VEHICLE COLLISION
TB24040325,"09/27/2024, 3:09:16 AM","09/27/2024, 1:08:59 PM",THUNDER BAY,ON,P7A,1 Block NORTH WATER ST, TBPS] ASSAULT SUSP PRESENT OR IN AREA,Assault,ASSAULT
TB24040176,"09/26/2024, 6:21:44 AM","09/27/2024, 1:09:22 PM",THUNDER BAY,ON,P7C 3T6,500 Block BRODIE ST N, TBPS] TROUBLE WITH YOUTH YOUTHS STILL IN AREA,Quality of Life,TROUBLE WITH YOUTH
TB24040188,"09/26/2024, 8:04:30 AM","09/27/2024, 1:09:25 PM",THUNDER BAY,ON,P7C 1N7,200 Block CUMMING ST, TBPS] ASSAULT SUSP PRESENT OR IN AREA,Assault,ASSAULT
TB24040190,"09/26/2024, 8:37:20 AM","09/27/2024, 1:09:25 PM",THUNDER BAY,ON,P7B 1E3,200 Block PEARL ST, TBPS] B-E BUS/RES/OTH SUSP PRESENT OR MAY STILL BE IN AREA,Breaking & Entering,B-E BUS/RES/OTH
TB24040191,"09/26/2024, 8:47:46 AM","09/27/2024, 1:09:25 PM",THUNDER BAY,ON,P7A 4K8,1 Block CUMBERLAND ST N, TBPS] LIQUOR LICENCE ACT LIQUOR LICENCE ACT VIOLATION IN PROGRESS,Quality of Life,LIQUOR LICENCE ACT
TB24040192,"09/26/2024, 8:50:32 AM","09/27/2024, 1:09:25 PM",THUNDER BAY,ON,P7E 6H2,200 Block AMELIA ST W, TBPS] ASSAULT SUSP PRESENT OR IN AREA,Assault,ASSAULT
TB24040193,"09/26/2024, 9:04:54 AM","09/27/2024, 1:09:26 PM",THUNDER BAY,ON,P7B 1B1,300 Block RED RIVER RD," TBPS] ASSAULT JUST OCCURRED, ACCUSED NOT PRESENT",Assault,ASSAULT
TB24040201,"09/26/2024, 11:29:04 AM","09/27/2024, 1:09:27 PM",THUNDER BAY,ON,P7B 5J4,1000 Block DAWSON RD, TBPS] ASSAULT SUSP PRESENT OR IN AREA,Assault,ASSAULT
TB24040208,"09/26/2024, 2:31:14 PM","09/27/2024, 1:09:27 PM",THUNDER BAY,ON,P7G 2J4,DOG LAKE RD AND GOREVALE RD, TBPS] MOTOR VEHICLE COLLISION 11-10 MVC ANY TYPE,Other,MOTOR VEHICLE COLLISION
TB24040211,"09/26/2024, 2:42:25 PM","09/27/2024, 1:09:27 PM",THUNDER BAY,ON,P7E,ARTHUR ST E AND EDWARD ST S, TBPS] MOTOR VEHICLE COLLISION 11-10 MVC ANY TYPE,Other,MOTOR VEHICLE COLLISION
TB24040215,"09/26/2024, 2:57:03 PM","09/27/2024, 1:09:28 PM",THUNDER BAY,ON,P7B 6R6,200 Block LINDEN CT, TBPS] MOTOR VEHICLE COLLISION 11-10 MVC ANY TYPE,Other,MOTOR VEHICLE COLLISION
TB24040216,"09/26/2024, 3:00:56 PM","09/27/2024, 1:09:28 PM",THUNDER BAY,ON,P7C 3P8,200 Block MAY ST N, TBPS] MOTOR VEHICLE COLLISION 11-10 MVC ANY TYPE,Other,MOTOR VEHICLE COLLISION
TB24040217,"09/26/2024, 3:06:34 PM","09/27/2024, 1:09:28 PM",THUNDER BAY,ON,P7B 6Z8,600 Block SIBLEY DR, TBPS] MOTOR VEHICLE COLLISION 11-10 MVC ANY TYPE,Other,MOTOR VEHICLE COLLISION
TB24040220,"09/26/2024, 3:35:47 PM","09/27/2024, 1:09:28 PM",THUNDER BAY,ON,P7B 5J4,1000 Block DAWSON RD, TBPS] MOTOR VEHICLE COLLISION 11-10 MVC ANY TYPE,Other,MOTOR VEHICLE COLLISION
TB24040222,"09/26/2024, 3:39:35 PM","09/27/2024, 1:09:28 PM",THUNDER BAY,ON,P7A,RED RIVER RD AND THUNDER BAY EXPRESSWAY, TBPS] MOTOR VEHICLE COLLISION 11-10 MVC ANY TYPE,Other,MOTOR VEHICLE COLLISION
TB24040223,"09/26/2024, 3:43:04 PM","09/27/2024, 1:09:28 PM",THUNDER BAY,ON,P7B 1J5,RED RIVER RD AND KENOGAMI AV N, TBPS] MOTOR VEHICLE COLLISION 11-10 MVC ANY TYPE,Other,MOTOR VEHICLE COLLISION
TB24040224,"09/26/2024, 3:47:41 PM","09/27/2024, 1:09:28 PM",THUNDER BAY,ON,P7E 5R7,500 Block ARTHUR ST W, TBPS] MOTOR VEHICLE COLLISION 11-10 MVC ANY TYPE,Other,MOTOR VEHICLE COLLISION
TB24040225,"09/26/2024, 3:52:17 PM","09/27/2024, 1:09:28 PM",THUNDER BAY,ON,P7G 2H7,WARDROPE AV AND BALSAM ST, TBPS] MOTOR VEHICLE COLLISION 11-10 MVC ANY TYPE,Other,MOTOR VEHICLE COLLISION
TB24040229,"09/26/2024, 4:02:16 PM","09/27/2024, 1:09:29 PM",THUNDER BAY,ON,P7A 4K8,1 Block CUMBERLAND ST N," TBPS] MISCHIEF 11-10, MICHIEF UNDER 5000",Other Property Crime,MISCHIEF
TB24040232,"09/26/2024, 4:53:49 PM","09/27/2024, 1:09:29 PM",THUNDER BAY,ON,P7B 3J9,HIGH ST S AND JOHN ST, TBPS] MOTOR VEHICLE COLLISION 11-10 MVC ANY TYPE,Other,MOTOR VEHICLE COLLISION
TB24040234,"09/26/2024, 5:05:51 PM","09/27/2024, 1:09:29 PM",THUNDER BAY,ON,P7A 4Z3,VAN NORMAN ST AND ALGOMA ST N, TBPS] MOTOR VEHICLE COLLISION 11-10 MVC ANY TYPE,Other,MOTOR VEHICLE COLLISION
TB24040235,"09/26/2024, 5:10:03 PM","09/27/2024, 1:09:29 PM",THUNDER BAY,ON,P7A,ALBANY ST AND SHUNIAH ST, TBPS] MOTOR VEHICLE COLLISION 11-10 MVC ANY TYPE,Other,MOTOR VEHICLE COLLISION
TB24040238,"09/26/2024, 5:36:27 PM","09/27/2024, 1:09:30 PM",THUNDER BAY,ON,P7B 6N8,1200 Block JASPER DR, TBPS] B-E BUS/RES/OTH 11-10,Breaking & Entering,B-E BUS/RES/OTH
TB24040241,"09/26/2024, 5:48:39 PM","09/27/2024, 1:09:30 PM",THUNDER BAY,ON,P7A 7W5,100 Block VILLA ST, TBPS] LIQUOR LICENCE ACT LIQUOR LICENCE ACT VIOLATION IN PROGRESS,Quality of Life,LIQUOR LICENCE ACT
TB24040243,"09/26/2024, 6:07:57 PM","09/27/2024, 1:09:30 PM",THUNDER BAY,ON,P7B 2X5,100 Block COURT ST S, TBPS] B-E BUS/RES/OTH 11-10,Breaking & Entering,B-E BUS/RES/OTH
TB24040247,"09/26/2024, 7:01:57 PM","09/27/2024, 1:09:30 PM",THUNDER BAY,ON,P7A 4P5,CUMBERLAND ST N AND MUNRO ST, TBPS] MOTOR VEHICLE COLLISION 11-10 MVC ANY TYPE,Other,MOTOR VEHICLE COLLISION
TB24040249,"09/26/2024, 7:07:34 PM","09/27/2024, 1:09:30 PM",THUNDER BAY,ON,P7E 5R7,500 Block ARTHUR ST W, TBPS] MOTOR VEHICLE COLLISION 11-10 MVC ANY TYPE,Other,MOTOR VEHICLE COLLISION
TB24040252,"09/26/2024, 7:26:59 PM","09/27/2024, 1:09:30 PM",THUNDER BAY,ON,P7C 4M3,400 Block WESTVIEW PL, TBPS] MOTOR VEHICLE COLLISION 11-10 MVC ANY TYPE,Other,MOTOR VEHICLE COLLISION
TB24040258,"09/26/2024, 7:50:36 PM","09/27/2024, 1:09:31 PM",THUNDER BAY,ON,P7B 7C6,900 Block CARRICK ST, TBPS] MOTOR VEHICLE COLLISION 11-10 MVC ANY TYPE,Other,MOTOR VEHICLE COLLISION
TB24040267,"09/26/2024, 8:00:00 PM","09/27/2024, 1:09:31 PM",THUNDER BAY,ON,P7B 5L6,300 Block MAIN ST," TBPS] THEFT NOT IN PROGRESS, UNDER 5000",Other Theft,THEFT
TB24040261,"09/26/2024, 8:12:08 PM","09/27/2024, 1:09:31 PM",THUNDER BAY,ON,P7B 6S2,700 Block MEMORIAL AV, TBPS] MOTOR VEHICLE COLLISION 11-10 MVC ANY TYPE,Other,MOTOR VEHICLE COLLISION
TB24040274,"09/26/2024, 9:29:29 PM","09/27/2024, 1:09:31 PM",THUNDER BAY,ON,P7B 5L6,300 Block MAIN ST, TBPS] THEFT SUSP STILL PRESENT OR MAY BE IN AREA,Other Theft,THEFT
TB24039240,"09/20/2024, 8:18:05 AM","09/28/2024, 1:09:19 PM",THUNDER BAY,ON,P7E 5N3,1300 Block ARTHUR ST E," TBPS] THEFT NOT IN PROGRESS, UNDER 5000",Other Theft,THEFT
TB24038613,"09/16/2024, 4:13:13 PM","09/28/2024, 1:09:20 PM",THUNDER BAY,ON,P7G 2E4,2000 Block COMMUNITY HALL RD, TBPS] MOTOR VEHICLE COLLISION 11-10 MVC ANY TYPE,Other,MOTOR VEHICLE COLLISION
TB24040136,"09/26/2024, 1:26:32 AM","09/28/2024, 1:09:20 PM",THUNDER BAY,ON,P7B,1 Block CUMBERLAND ST S, TBPS] MOTOR VEHICLE COLLISION 11-10 MVC ANY TYPE,Other,MOTOR VEHICLE COLLISION
TB24040451,"09/28/2024, 1:06:25 AM","09/28/2024, 1:11:14 PM",THUNDER BAY,ON,P7A 8C5,500 Block ALGOMA ST N, TBPS] B-E BUS/RES/OTH SUSP PRESENT OR MAY STILL BE IN AREA,Breaking & Entering,B-E BUS/RES/OTH
TB24040453,"09/28/2024, 1:24:39 AM","09/28/2024, 1:11:14 PM",THUNDER BAY,ON,P7C 4V1,3100 Block ARTHUR ST W, TBPS] MOTOR VEHICLE COLLISION MVC NO INJURIES,Traffic,MOTOR VEHICLE COLLISION
TB24040461,"09/28/2024, 2:29:19 AM","09/28/2024, 1:11:14 PM",THUNDER BAY,ON,P7B 6B7,400 Block WINNIPEG AV, TBPS] THEFT SUSP STILL PRESENT OR MAY BE IN AREA,Other Theft,THEFT
TB24040470,"09/28/2024, 3:06:56 AM","09/28/2024, 1:11:14 PM",THUNDER BAY,ON,P7A 4M9,100 Block CUMBERLAND ST N, TBPS] THEFT SUSP STILL PRESENT OR MAY BE IN AREA,Other Theft,THEFT
TB24040476,"09/28/2024, 3:58:20 AM","09/28/2024, 1:11:14 PM",THUNDER BAY,ON,P7B,HARBOUR EXPRESSWAY AND MEMORIAL AV, TBPS] LIQUOR LICENCE ACT LIQUOR LICENCE ACT VIOLATION IN PROGRESS,Quality of Life,LIQUOR LICENCE ACT
TB24040480,"09/28/2024, 4:20:21 AM","09/28/2024, 1:11:14 PM",THUNDER BAY,ON,P7B 5Z5,1200 Block BALMORAL ST," TBPS] MISCHIEF 11-10, MICHIEF UNDER 5000",Other Property Crime,MISCHIEF
TB24040494,"09/28/2024, 5:50:51 AM","09/28/2024, 1:11:14 PM",THUNDER BAY,ON,P7B 1V8,200 Block WINDSOR ST, TBPS] B-E BUS/RES/OTH SUSP PRESENT OR MAY STILL BE IN AREA,Breaking & Entering,B-E BUS/RES/OTH
TB24040504,"09/28/2024, 7:01:56 AM","09/28/2024, 1:11:14 PM",THUNDER BAY,ON,P7E 6T1,400 Block JAMES ST S, TBPS] B-E BUS/RES/OTH SUSP PRESENT OR MAY STILL BE IN AREA,Breaking & Entering,B-E BUS/RES/OTH
TB24040428,"09/27/2024, 10:16:36 PM","09/28/2024, 1:11:15 PM",THUNDER BAY,ON,P7A 3S4,600 Block RIVER ST, TBPS] STOLEN VEHICLE SUSP NOT IN AREA,Theft of Vehicle,STOLEN VEHICLE
TB24040431,"09/27/2024, 10:39:18 PM","09/28/2024, 1:11:15 PM",THUNDER BAY,ON,P7C 4S8,1 Block LIMBRICK ST, TBPS] LIQUOR LICENCE ACT LIQUOR LICENCE ACT VIOLATION IN PROGRESS,Quality of Life,LIQUOR LICENCE ACT
TB24040438,"09/27/2024, 11:28:52 PM","09/28/2024, 1:11:15 PM",THUNDER BAY,ON,P7C 5H5,NORTHERN AV AND HAROLD CR, TBPS] MOTOR VEHICLE COLLISION MVC - AMB ENR - DUAL RESP,Other,MOTOR VEHICLE COLLISION
TB24040440,"09/27/2024, 11:39:37 PM","09/28/2024, 1:11:15 PM",THUNDER BAY,ON,P7E 5C2,1700 Block ISABELLA ST E, TBPS] B-E BUS/RES/OTH 11-10,Breaking & Entering,B-E BUS/RES/OTH
TB24040452,"09/28/2024, 1:21:52 AM","09/28/2024, 1:11:15 PM",THUNDER BAY,ON,P7C 4P5,400 Block EDWARD ST N, TBPS] ASSAULT SUSP PRESENT OR IN AREA,Assault,ASSAULT
TB24040393,"09/27/2024, 6:14:14 PM","09/28/2024, 1:11:16 PM",THUNDER BAY,ON,P7A 4N1,200 Block CUMBERLAND ST N, TBPS] MOTOR VEHICLE COLLISION MVC NO INJURIES,Traffic,MOTOR VEHICLE COLLISION
TB24040399,"09/27/2024, 6:58:34 PM","09/28/2024, 1:11:16 PM",THUNDER BAY,ON,P7C 1N8,200 Block CUMMING ST, TBPS] B-E BUS/RES/OTH 11-10,Breaking & Entering,B-E BUS/RES/OTH
TB24040403,"09/27/2024, 7:37:00 PM","09/28/2024, 1:11:16 PM",THUNDER BAY,ON,P7C 3J8,600 Block SIMPSON ST, TBPS] B-E BUS/RES/OTH 11-10,Breaking & Entering,B-E BUS/RES/OTH
TB24040408,"09/27/2024, 7:55:52 PM","09/28/2024, 1:11:16 PM",THUNDER BAY,ON,P7E 5V3,500 Block DONALD ST E," TBPS] MISCHIEF IP/SUSP IN AREA, UNDER 5,000",Other Property Crime,MISCHIEF
TB24040419,"09/27/2024, 9:06:28 PM","09/28/2024, 1:11:16 PM",THUNDER BAY,ON,P7A 4Z6,1 Block ALGOMA ST N," TBPS] MISCHIEF IP/SUSP IN AREA, UNDER 5,000",Other Property Crime,MISCHIEF
TB24040364,"09/27/2024, 12:41:53 PM","09/28/2024, 1:11:17 PM",THUNDER BAY,ON,P7E 3W4,300 Block FREDERICA ST W, TBPS] B-E BUS/RES/OTH SUSP PRESENT OR MAY STILL BE IN AREA,Breaking & Entering,B-E BUS/RES/OTH
TB24040380,"09/27/2024, 4:11:03 PM","09/28/2024, 1:11:17 PM",THUNDER BAY,ON,P7E 6G5,100 Block DONALD ST W," TBPS] THEFT NOT IN PROGRESS, UNDER 5000",Other Theft,THEFT
TB24040341,"09/27/2024, 6:33:26 AM","09/28/2024, 1:11:18 PM",THUNDER BAY,ON,P7C 2V5,100 Block NORTHERN AV, TBPS] ASSAULT SUSP PRESENT OR IN AREA,Assault,ASSAULT
TB24040344,"09/27/2024, 7:11:29 AM","09/28/2024, 1:11:18 PM",THUNDER BAY,ON,P7E 2A6,300 Block KINGSWAY," TBPS] ASSAULT JUST OCCURRED, ACCUSED NOT PRESENT",Assault,ASSAULT
TB24040348,"09/27/2024, 7:38:03 AM","09/28/2024, 1:11:18 PM",THUNDER BAY,ON,P7C 4B7,600 Block VICKERS ST N, TBPS] ASSAULT SUSP PRESENT OR IN AREA,Assault,ASSAULT
TB24040349,"09/27/2024, 8:09:45 AM","09/28/2024, 1:11:18 PM",THUNDER BAY,ON,P7A 4P6,300 Block CUMBERLAND ST N, TBPS] ASSAULT SUSP PRESENT OR IN AREA,Assault,ASSAULT
TB24039666,"09/23/2024, 4:52:46 AM","09/28/2024, 1:11:27 PM",THUNDER BAY,ON,P7A 7S7,400 Block WENTWORTH CR, TBPS] ASSAULT ACCUSED NOT PRESENT,Assault,ASSAULT
TB24040629,"09/29/2024, 3:38:44 AM","09/29/2024, 1:08:10 PM",THUNDER BAY,ON,P7A 4K8,1000 Block DAWSON RD, TBPS] ASSAULT SUSP PRESENT OR IN AREA,Assault,ASSAULT
TB24040630,"09/29/2024, 3:42:03 AM","09/29/2024, 1:08:10 PM",THUNDER BAY,ON,P7B 3A6,900 Block FORT WILLIAM RD, TBPS] ASSAULT SUSP PRESENT OR IN AREA,Assault,ASSAULT
TB24040640,"09/29/2024, 4:29:47 AM","09/29/2024, 1:08:10 PM",THUNDER BAY,ON,P7B 3C2,MEMORIAL AV AND JOHN ST, TBPS] MOTOR VEHICLE COLLISION MVC NO INJURIES,Traffic,MOTOR VEHICLE COLLISION
TB24040664,"09/29/2024, 6:27:40 AM","09/29/2024, 1:08:10 PM",THUNDER BAY,ON,P7E 1R1,200 Block FRANKLIN ST S, TBPS] ASSAULT SUSP PRESENT OR IN AREA,Assault,ASSAULT
TB24040600,"09/28/2024, 11:51:06 PM","09/29/2024, 1:08:11 PM",THUNDER BAY,ON,P7C 1A5,400 Block VICTORIA AV E, TBPS] LIQUOR LICENCE ACT LIQUOR LICENCE ACT VIOLATION IN PROGRESS,Quality of Life,LIQUOR LICENCE ACT
TB24040615,"09/29/2024, 1:35:01 AM","09/29/2024, 1:08:11 PM",THUNDER BAY,ON,P7C 4P7,400 Block EDWARD ST N, TBPS] LIQUOR LICENCE ACT LIQUOR LICENCE ACT VIOLATION IN PROGRESS,Quality of Life,LIQUOR LICENCE ACT
TB24040622,"09/29/2024, 2:13:36 AM","09/29/2024, 1:08:11 PM",THUNDER BAY,ON,P7B 5V1,DAWSON RD AND EAST AV, TBPS] MOTOR VEHICLE COLLISION MVC NO INJURIES,Traffic,MOTOR VEHICLE COLLISION
TB24040626,"09/29/2024, 3:13:01 AM","09/29/2024, 1:08:11 PM",THUNDER BAY,ON,P7B 3J9,1 Block CROWN ST, TBPS] LIQUOR LICENCE ACT LIQUOR LICENCE ACT VIOLATION IN PROGRESS,Quality of Life,LIQUOR LICENCE ACT
TB24040639,"09/29/2024, 4:29:51 AM","09/29/2024, 1:08:11 PM",THUNDER BAY,ON,P7B 5R8,100 Block CUMBERLAND ST S, TBPS] ASSAULT ACCUSED NOT PRESENT,Assault,ASSAULT
TB24040576,"09/28/2024, 8:25:18 PM","09/29/2024, 1:08:12 PM",THUNDER BAY,ON,P7B 5R7,100 Block CUMBERLAND ST S, TBPS] ASSAULT SUSP PRESENT OR IN AREA,Assault,ASSAULT
TB24040584,"09/28/2024, 9:47:36 PM","09/29/2024, 1:08:12 PM",THUNDER BAY,ON,P7C 3X8,100 Block CENTENNIAL SQ, TBPS] THEFT SUSP STILL PRESENT OR MAY BE IN AREA,Other Theft,THEFT
TB24040606,"09/29/2024, 12:20:03 AM","09/29/2024, 1:08:12 PM",THUNDER BAY,ON,P7C 3K1,700 Block SIMPSON ST, TBPS] ASSAULT SUSP PRESENT OR IN AREA,Assault,ASSAULT
TB24040547,"09/28/2024, 3:14:26 PM","09/29/2024, 1:08:13 PM",THUNDER BAY,ON,P7C 3H1,1 Block SIMPSON ST, TBPS] ROBBERY WEAPONS - SUSP STILL IN AREA,Robbery,ROBBERY
TB24040563,"09/28/2024, 5:57:34 PM","09/29/2024, 1:08:13 PM",THUNDER BAY,ON,P7E 1J2,100 Block VICKERS ST S, TBPS] DRUG OFFENCES SUSP PRESENT OR MAY STILL BE IN AREA,Quality of Life,DRUG OFFENCES
TB24040565,"09/28/2024, 6:34:10 PM","09/29/2024, 1:08:13 PM",THUNDER BAY,ON,P7E 4L2,MARY ST W AND JAMES ST S, TBPS] MOTOR VEHICLE COLLISION MVC - AMB ENR - DUAL RESP,Other,MOTOR VEHICLE COLLISION
TB24040567,"09/28/2024, 7:08:29 PM","09/29/2024, 1:08:13 PM",THUNDER BAY,ON,P7B 6S2,700 Block MEMORIAL AV, TBPS] ROBBERY WEAPONS - SUSP STILL IN AREA,Robbery,ROBBERY
TB24040514,"09/28/2024, 8:42:23 AM","09/29/2024, 1:08:14 PM",THUNDER BAY,ON,P7B 5R7,100 Block CUMBERLAND ST S, TBPS] ASSAULT ACCUSED NOT PRESENT,Assault,ASSAULT
TB24040521,"09/28/2024, 9:37:40 AM","09/29/2024, 1:08:14 PM",THUNDER BAY,ON,P7C 1N7,200 Block CUMMING ST," TBPS] ASSAULT JUST OCCURRED, ACCUSED NOT PRESENT",Assault,ASSAULT
TB24040509,"09/28/2024, 7:35:18 AM","09/29/2024, 1:08:15 PM",THUNDER BAY,ON,P7A,RIVER ST AND WHALEN ST, TBPS] MOTOR VEHICLE COLLISION MVC - AMB ENR - DUAL RESP,Other,MOTOR VEHICLE COLLISION
TB24040510,"09/28/2024, 8:02:10 AM","09/29/2024, 1:08:15 PM",THUNDER BAY,ON,P7E 4W9,400 Block WALSH ST W, TBPS] ASSAULT SUSP PRESENT OR IN AREA,Assault,ASSAULT
TB24040515,"09/28/2024, 8:45:54 AM","09/29/2024, 1:08:15 PM",THUNDER BAY,ON,P7E 2V7,600 Block JAMES ST S, TBPS] B-E BUS/RES/OTH SUSP PRESENT OR MAY STILL BE IN AREA,Breaking & Entering,B-E BUS/RES/OTH
TB24040763,"09/30/2024, 12:25:20 AM","09/30/2024, 1:03:58 PM",THUNDER BAY,ON,P7B 3Y2,300 Block MEMORIAL AV, TBPS] THEFT SUSP STILL PRESENT OR MAY BE IN AREA,Other Theft,THEFT
TB24040766,"09/30/2024, 12:49:55 AM","09/30/2024, 1:03:58 PM",THUNDER BAY,ON,P7C 3X8,100 Block CENTENNIAL SQ, TBPS] THEFT SUSP STILL PRESENT OR MAY BE IN AREA,Other Theft,THEFT
TB24040772,"09/30/2024, 1:41:47 AM","09/30/2024, 1:03:59 PM",THUNDER BAY,ON,P7B 3Z7,700 Block MEMORIAL AV, TBPS] ASSAULT SUSP PRESENT OR IN AREA,Assault,ASSAULT
TB24040773,"09/30/2024, 2:07:57 AM","09/30/2024, 1:03:59 PM",THUNDER BAY,ON,P7B 2X9,200 Block COURT ST S, TBPS] STOLEN VEHICLE SUSP NOT IN AREA,Theft of Vehicle,STOLEN VEHICLE
TB24040777,"09/30/2024, 2:40:36 AM","09/30/2024, 1:04:00 PM",THUNDER BAY,ON,P7E,BROWN ST AND AMELIA ST W, TBPS] DRUG OFFENCES SUSP PRESENT OR MAY STILL BE IN AREA,Quality of Life,DRUG OFFENCES
TB24040799,"09/30/2024, 5:03:37 AM","09/30/2024, 1:04:03 PM",THUNDER BAY,ON,P7B 1E5,200 Block PEARL ST, TBPS] MISCHIEF IP PROGRESS/SUPECT IN AREA,Other Property Crime,MISCHIEF
TB24040810,"09/30/2024, 5:58:18 AM","09/30/2024, 1:04:04 PM",THUNDER BAY,ON,P7B 7C6,900 Block CARRICK ST, TBPS] THEFT SUSP STILL PRESENT OR MAY BE IN AREA,Other Theft,THEFT
TB24040812,"09/30/2024, 6:03:20 AM","09/30/2024, 1:04:04 PM",THUNDER BAY,ON,P7B 3Y6,400 Block MEMORIAL AV, TBPS] ASSAULT SUSP PRESENT OR IN AREA,Assault,ASSAULT
TB24040633,"09/29/2024, 3:54:29 AM","09/30/2024, 1:04:13 PM",THUNDER BAY,ON,P7C 1C5,FRANKLIN ST N AND VICTORIA AV E, TBPS] MOTOR VEHICLE COLLISION MVC NO INJURIES,Traffic,MOTOR VEHICLE COLLISION
TB24040665,"09/29/2024, 6:29:00 AM","09/30/2024, 1:04:18 PM",THUNDER BAY,ON,P7B 3K3,HIGH ST S AND DUFFERIN ST, TBPS] MOTOR VEHICLE COLLISION MVC - AMB ENR - DUAL RESP,Other,MOTOR VEHICLE COLLISION
TB24040666,"09/29/2024, 6:37:30 AM","09/30/2024, 1:04:18 PM",THUNDER BAY,ON,P7C 2J9,200 Block PRUDEN ST, TBPS] B-E BUS/RES/OTH SUSP PRESENT OR MAY STILL BE IN AREA,Breaking & Entering,B-E BUS/RES/OTH
TB24040311,"09/27/2024, 1:35:35 AM","09/30/2024, 1:04:18 PM",THUNDER BAY,ON,P7A 3S6,700 Block RIVER ST, TBPS] ASSAULT ACCUSED NOT PRESENT,Assault,ASSAULT
TB24040669,"09/29/2024, 6:39:25 AM","09/30/2024, 1:04:19 PM",THUNDER BAY,ON,P7J 1J7,SANDY BEACH RD AND CITY RD, TBPS] LIQUOR LICENCE ACT LIQUOR LICENCE ACT VIOLATION IN PROGRESS,Quality of Life,LIQUOR LICENCE ACT
TB24039637,"09/23/2024, 12:40:15 AM","09/30/2024, 1:04:22 PM",THUNDER BAY,ON,P7B 0A9,800 Block FORT WILLIAM RD, TBPS] ASSAULT ACCUSED NOT PRESENT,Assault,ASSAULT
TB24040692,"09/29/2024, 10:02:54 AM","09/30/2024, 1:04:22 PM",THUNDER BAY,ON,P7E 1H6,200 Block MCKELLAR ST S, TBPS] ASSAULT ACCUSED NOT PRESENT,Assault,ASSAULT
TB24040703,"09/29/2024, 1:13:40 PM","09/30/2024, 1:04:24 PM",THUNDER BAY,ON,.,UNKNOWN STREET AND UNKNOWN STREET, TBPS] LIQUOR LICENCE ACT LIQUOR LICENCE ACT VIOLATION IN PROGRESS,Quality of Life,LIQUOR LICENCE ACT
TB24040708,"09/29/2024, 2:09:17 PM","09/30/2024, 1:04:25 PM",THUNDER BAY,ON,P7B 2X8,200 Block COURT ST S," TBPS] THEFT NOT IN PROGRESS, UNDER 5000",Other Theft,THEFT
TB24040711,"09/29/2024, 3:05:06 PM","09/30/2024, 1:04:25 PM",THUNDER BAY,ON,P7C 3J7,600 Block SIMPSON ST, TBPS] B-E BUS/RES/OTH SUSP PRESENT OR MAY STILL BE IN AREA,Breaking & Entering,B-E BUS/RES/OTH
TB24040712,"09/29/2024, 3:29:04 PM","09/30/2024, 1:04:26 PM",THUNDER BAY,ON,P7C 5V4,100 Block MAY ST N, TBPS] ROBBERY NO WEAPONS - SUSP STILL IN AREA,Robbery,ROBBERY
TB24040717,"09/29/2024, 4:52:39 PM","09/30/2024, 1:04:26 PM",THUNDER BAY,ON,P7B,PEARL ST AND COURT ST S, TBPS] MOTOR VEHICLE COLLISION MVC NO INJURIES,Traffic,MOTOR VEHICLE COLLISION
TB24040737,"09/29/2024, 8:15:01 PM","09/30/2024, 1:04:29 PM",THUNDER BAY,ON,P7A 3V1,300 Block DAWSON ST, TBPS] ASSAULT ACCUSED NOT PRESENT,Assault,ASSAULT
TB24040743,"09/29/2024, 9:03:36 PM","09/30/2024, 1:04:29 PM",THUNDER BAY,ON,P7B 4L6,300 Block MCBEAN ST," TBPS] MISCHIEF 11-10, MICHIEF OVER 5000",Other Property Crime,MISCHIEF
TB24040746,"09/29/2024, 9:39:35 PM","09/30/2024, 1:04:30 PM",THUNDER BAY,ON,P7B 7C6,900 Block CARRICK ST," TBPS] MISCHIEF 11-10, MICHIEF UNDER 5000",Other Property Crime,MISCHIEF
TB24040749,"09/29/2024, 10:18:30 PM","09/30/2024, 1:04:30 PM",THUNDER BAY,ON,P7B 3W2,300 Block HILL ST S," TBPS] THEFT NOT IN PROGRESS, FROM MOTOR VEHICLE",Theft from Vehicle,THEFT
