ccn,date,updateDate,city,state,postalCode,blocksizedAddress,incidentType,parentIncidentType,narrative
TB23040352,"09/30/2023, 11:56:17 PM","10/01/2023, 1:05:47 PM",THUNDER BAY,ON,P7A 4L8,1 Block CUMBERLAND ST N, TBPS] ASSAULT SUSP PRESENT OR IN AREA,Assault,ASSAULT
TB23040379,"10/01/2023, 3:16:22 AM","10/01/2023, 1:05:47 PM",THUNDER BAY,ON,P7E 5P4,2600 Block ARTHUR ST E, TBPS] MOTOR VEHICLE COLLISION MVC NO INJURIES,Traffic,MOTOR VEHICLE COLLISION
TB23040381,"10/01/2023, 3:31:50 AM","10/01/2023, 1:05:47 PM",THUNDER BAY,ON,P7E 1Z4,1100 Block TARBUTT ST S, TBPS] TROUBLE WITH YOUTH YOUTHS STILL IN AREA,Quality of Life,TROUBLE WITH YOUTH
TB23040389,"10/01/2023, 5:21:12 AM","10/01/2023, 1:05:47 PM",THUNDER BAY,ON,P7E 3Y2,1100 Block FREDERICA ST W, TBPS] B-E BUS/RES/OTH SUSP PRESENT OR MAY STILL BE IN AREA,Breaking & Entering,B-E BUS/RES/OTH
TB23040390,"10/01/2023, 5:27:15 AM","10/01/2023, 1:05:47 PM",THUNDER BAY,ON,P7B 2Z8,500 Block FORT WILLIAM RD, TBPS] LIQUOR LICENCE ACT LIQUOR LICENCE ACT VIOLATION IN PROGRESS,Quality of Life,LIQUOR LICENCE ACT
TB23040394,"10/01/2023, 6:02:52 AM","10/01/2023, 1:05:47 PM",THUNDER BAY,ON,P7E 5Y8,400 Block GEORGE ST, TBPS] ASSAULT SUSP PRESENT OR IN AREA,Assault,ASSAULT
TB23040329,"09/30/2023, 9:51:48 PM","10/01/2023, 1:05:48 PM",THUNDER BAY,ON,P7A 4L8,1 Block CUMBERLAND ST N, TBPS] ASSAULT SUSP PRESENT OR IN AREA,Assault,ASSAULT
TB23040350,"09/30/2023, 11:40:52 PM","10/01/2023, 1:05:48 PM",THUNDER BAY,ON,P7B 3Z9,900 Block MEMORIAL AV," TBPS] ASSAULT JUST OCCURRED, ACCUSED NOT PRESENT",Assault,ASSAULT
TB23040354,"10/01/2023, 12:06:36 AM","10/01/2023, 1:05:48 PM",THUNDER BAY,ON,P7C 1N7,200 Block CUMMING ST, TBPS] ASSAULT ACCUSED NOT PRESENT,Assault,ASSAULT
TB23040398,"10/01/2023, 6:35:55 AM","10/01/2023, 1:05:48 PM",THUNDER BAY,ON,P7B 1R3,200 Block BAY ST, TBPS] ASSAULT SUSP PRESENT OR IN AREA,Assault,ASSAULT
TB23040303,"09/30/2023, 6:09:00 PM","10/01/2023, 1:05:49 PM",THUNDER BAY,ON,P7B 5L6,300 Block MAIN ST, TBPS] THEFT SUSP STILL PRESENT OR MAY BE IN AREA,Other Theft,THEFT
TB23040316,"09/30/2023, 8:22:53 PM","10/01/2023, 1:05:49 PM",THUNDER BAY,ON,P7B 5C7,600 Block PICCADILLY AV," TBPS] THEFT NOT IN PROGRESS, FROM MOTOR VEHICLE",Theft from Vehicle,THEFT
TB23040336,"09/30/2023, 10:52:10 PM","10/01/2023, 1:05:49 PM",THUNDER BAY,ON,P7C,100 Block JAMES ST N," TBPS] THEFT NOT IN PROGRESS, UNDER 5000",Other Theft,THEFT
TB23040357,"10/01/2023, 12:20:37 AM","10/01/2023, 1:05:49 PM",THUNDER BAY,ON,P7B 2V8,1 Block JOHNSON AV, TBPS] DRUG OFFENCES SUSP PRESENT OR MAY STILL BE IN AREA,Quality of Life,DRUG OFFENCES
TB23040022,"09/28/2023, 8:42:11 PM","10/01/2023, 1:05:50 PM",THUNDER BAY,ON,P7C 1C5,1500 Block VICTORIA AV E, TBPS] B-E BUS/RES/OTH 11-10,Breaking & Entering,B-E BUS/RES/OTH
TB23040256,"09/30/2023, 8:34:41 AM","10/01/2023, 1:05:50 PM",THUNDER BAY,ON,P7B 2G4,HILL ST S AND OLIVER RD, TBPS] MOTOR VEHICLE COLLISION MVC - AMB ENR - DUAL RESP,Other,MOTOR VEHICLE COLLISION
TB23040263,"09/30/2023, 10:06:33 AM","10/01/2023, 1:05:50 PM",THUNDER BAY,ON,P7A 4B1,200 Block CAMELOT ST, TBPS] ASSAULT SUSP PRESENT OR IN AREA,Assault,ASSAULT
TB23040276,"09/30/2023, 12:24:43 PM","10/01/2023, 1:05:50 PM",THUNDER BAY,ON,P7E 4A8,400 Block AMELIA ST W," TBPS] MISCHIEF IP/SUSP IN AREA, UNDER 5,000",Other Property Crime,MISCHIEF
TB23040288,"09/30/2023, 4:16:22 PM","10/01/2023, 1:05:50 PM",THUNDER BAY,ON,P7E 4A8,400 Block AMELIA ST W," TBPS] MISCHIEF 11-10, MICHIEF UNDER 5000",Other Property Crime,MISCHIEF
TB23040291,"09/30/2023, 4:33:09 PM","10/01/2023, 1:05:50 PM",THUNDER BAY,ON,P7B 5J4,1000 Block DAWSON RD," TBPS] THEFT NOT IN PROGRESS, UNDER 5000",Other Theft,THEFT
TB23040293,"09/30/2023, 4:49:03 PM","10/01/2023, 1:05:50 PM",THUNDER BAY,ON,P7B 5J4,1000 Block DAWSON RD," TBPS] ASSAULT JUST OCCURRED, ACCUSED NOT PRESENT",Assault,ASSAULT
TB23040177,"09/29/2023, 9:19:03 PM","10/01/2023, 1:05:51 PM",THUNDER BAY,ON,P7C 3J4,500 Block SIMPSON ST," TBPS] THEFT NOT IN PROGRESS, OVER 5000",Other Theft,THEFT
TB23040259,"09/30/2023, 9:16:13 AM","10/01/2023, 1:05:51 PM",THUNDER BAY,ON,P7C 2W2,800 Block NORTHERN AV, TBPS] ASSAULT SUSP PRESENT OR IN AREA,Assault,ASSAULT
TB23040260,"09/30/2023, 9:20:54 AM","10/01/2023, 1:05:51 PM",THUNDER BAY,ON,P7E 5Y8,400 Block GEORGE ST, TBPS] ASSAULT SUSP PRESENT OR IN AREA,Assault,ASSAULT
TB23040277,"09/30/2023, 12:25:13 PM","10/01/2023, 1:05:51 PM",THUNDER BAY,ON,P7C 2V9,NORTHERN AV AND MAY ST N, TBPS] LIQUOR LICENCE ACT LIQUOR LICENCE ACT VIOLATION IN PROGRESS,Quality of Life,LIQUOR LICENCE ACT
TB23040279,"09/30/2023, 1:07:12 PM","10/01/2023, 1:05:51 PM",THUNDER BAY,ON,P7A,ELM ST AND AUTUMNWOOD DR, TBPS] LIQUOR LICENCE ACT LIQUOR LICENCE ACT VIOLATION IN PROGRESS,Quality of Life,LIQUOR LICENCE ACT
TB23040509,"10/01/2023, 11:45:46 PM","10/02/2023, 1:02:57 PM",THUNDER BAY,ON,P7E 3E1,1100 Block CRAWFORD AV," TBPS] THEFT NOT IN PROGRESS, UNDER 5000",Other Theft,THEFT
TB23040516,"10/02/2023, 12:42:10 AM","10/02/2023, 1:02:57 PM",THUNDER BAY,ON,P7C 2N1,200 Block OGDEN ST, TBPS] ASSAULT ACCUSED NOT PRESENT,Assault,ASSAULT
TB23040532,"10/02/2023, 2:29:09 AM","10/02/2023, 1:02:57 PM",THUNDER BAY,ON,P7B 1B8,400 Block WAVERLY ST, TBPS] B-E BUS/RES/OTH SUSP PRESENT OR MAY STILL BE IN AREA,Breaking & Entering,B-E BUS/RES/OTH
TB23040544,"10/02/2023, 5:18:27 AM","10/02/2023, 1:02:57 PM",THUNDER BAY,ON,P7A,RED RIVER RD AND THUNDER BAY EXPRESSWAY, TBPS] LIQUOR LICENCE ACT LIQUOR LICENCE ACT VIOLATION IN PROGRESS,Quality of Life,LIQUOR LICENCE ACT
TB23040465,"10/01/2023, 7:05:46 PM","10/02/2023, 1:02:58 PM",THUNDER BAY,ON,P7E 3W2,200 Block FREDERICA ST W, TBPS] ASSAULT SUSP PRESENT OR IN AREA,Assault,ASSAULT
TB23040493,"10/01/2023, 9:42:25 PM","10/02/2023, 1:02:58 PM",THUNDER BAY,ON,.,1 Block CLERGUE ST," TBPS] MISCHIEF 11-10, MICHIEF UNDER 5000",Other Property Crime,MISCHIEF
TB23040495,"10/01/2023, 9:51:30 PM","10/02/2023, 1:02:58 PM",THUNDER BAY,ON,P7B 2G1,300 Block OLIVER RD, TBPS] MISCHIEF IP PROGRESS/SUPECT IN AREA,Other Property Crime,MISCHIEF
TB23040499,"10/01/2023, 10:53:20 PM","10/02/2023, 1:02:58 PM",THUNDER BAY,ON,P7A,RED RIVER RD AND THUNDER BAY EXPRESSWAY, TBPS] MOTOR VEHICLE COLLISION MVC - AMB ENR - DUAL RESP,Other,MOTOR VEHICLE COLLISION
TB23040501,"10/01/2023, 11:04:17 PM","10/02/2023, 1:02:58 PM",THUNDER BAY,ON,P7B 2K2,300 Block QUEEN ST, TBPS] ASSAULT ACCUSED NOT PRESENT,Assault,ASSAULT
TB23040506,"10/01/2023, 11:41:51 PM","10/02/2023, 1:02:58 PM",THUNDER BAY,ON,P7E 5X9,100 Block DONALD ST W, TBPS] ASSAULT ACCUSED NOT PRESENT,Assault,ASSAULT
TB23040513,"10/02/2023, 12:28:59 AM","10/02/2023, 1:02:58 PM",THUNDER BAY,ON,P7E,JAMES ST S AND KINGSTON ST, TBPS] MOTOR VEHICLE COLLISION MVC - AMB ENR - DUAL RESP,Other,MOTOR VEHICLE COLLISION
TB23040519,"10/02/2023, 1:00:22 AM","10/02/2023, 1:02:58 PM",THUNDER BAY,ON,P7A 1T1,200 Block HODDER AV, TBPS] B-E BUS/RES/OTH SUSP PRESENT OR MAY STILL BE IN AREA,Breaking & Entering,B-E BUS/RES/OTH
TB23040524,"10/02/2023, 1:50:01 AM","10/02/2023, 1:02:58 PM",THUNDER BAY,ON,P7A 4M3,100 Block CUMBERLAND ST N, TBPS] ASSAULT SUSP PRESENT OR IN AREA,Assault,ASSAULT
TB23040445,"10/01/2023, 4:58:27 PM","10/02/2023, 1:02:59 PM",THUNDER BAY,ON,P7E 5M8,900 Block ARTHUR ST E, TBPS] THEFT SUSP STILL PRESENT OR MAY BE IN AREA,Other Theft,THEFT
TB23040448,"10/01/2023, 5:44:00 PM","10/02/2023, 1:02:59 PM",THUNDER BAY,ON,P7B 5R8,100 Block CUMBERLAND ST S, TBPS] ASSAULT SUSP PRESENT OR IN AREA,Assault,ASSAULT
TB23040463,"10/01/2023, 6:40:57 PM","10/02/2023, 1:02:59 PM",THUNDER BAY,ON,P7E 5V3,500 Block DONALD ST E," TBPS] MISCHIEF IP/SUSP IN AREA, UNDER 5,000",Other Property Crime,MISCHIEF
TB23040422,"10/01/2023, 12:12:05 PM","10/02/2023, 1:03:00 PM",THUNDER BAY,ON,P7E 1E2,300 Block SYNDICATE AV S, TBPS] ASSAULT SUSP PRESENT OR IN AREA,Assault,ASSAULT
TB23040431,"10/01/2023, 2:56:24 PM","10/02/2023, 1:03:00 PM",THUNDER BAY,ON,P7G 2C4,100 Block WARDROPE AV, TBPS] ASSAULT SUSP PRESENT OR IN AREA,Assault,ASSAULT
TB23040680,"10/03/2023, 3:54:39 AM","10/03/2023, 1:02:51 PM",THUNDER BAY,ON,P7E 1W7,BRUNSWICK ST S AND ARTHUR ST E, TBPS] TROUBLE WITH YOUTH YOUTHS STILL IN AREA,Quality of Life,TROUBLE WITH YOUTH
TB23040682,"10/03/2023, 4:01:24 AM","10/03/2023, 1:02:51 PM",THUNDER BAY,ON,P7B 2R5,900 Block CARRICK ST," TBPS] THEFT IN PROGRESS, OVER 50000",Other Theft,THEFT
TB23040684,"10/03/2023, 4:16:14 AM","10/03/2023, 1:02:51 PM",THUNDER BAY,ON,P7B 2R5,900 Block CARRICK ST, TBPS] THEFT SUSP STILL PRESENT OR MAY BE IN AREA,Other Theft,THEFT
TB23040696,"10/03/2023, 5:31:49 AM","10/03/2023, 1:02:51 PM",THUNDER BAY,ON,P7C 1A1,100 Block SIMPSON ST, TBPS] LIQUOR LICENCE ACT LIQUOR LICENCE ACT VIOLATION IN PROGRESS,Quality of Life,LIQUOR LICENCE ACT
TB23040701,"10/03/2023, 6:08:21 AM","10/03/2023, 1:02:51 PM",THUNDER BAY,ON,P7B 4E7,400 Block RAY BLVD, TBPS] TROUBLE WITH YOUTH YOUTHS STILL IN AREA,Quality of Life,TROUBLE WITH YOUTH
TB23040704,"10/03/2023, 6:12:32 AM","10/03/2023, 1:02:51 PM",THUNDER BAY,ON,P7A 7W6,100 Block COADY AV, TBPS] ASSAULT SUSP PRESENT OR IN AREA,Assault,ASSAULT
TB23040713,"10/03/2023, 8:06:10 AM","10/03/2023, 1:02:51 PM",THUNDER BAY,ON,P7E 5V3,500 Block DONALD ST E," TBPS] MISCHIEF IP/SUSP IN AREA, UNDER 5,000",Other Property Crime,MISCHIEF
TB23040646,"10/02/2023, 10:29:50 PM","10/03/2023, 1:02:52 PM",THUNDER BAY,ON,P7B,FORT WILLIAM RD AND SECOND AV, TBPS] MOTOR VEHICLE COLLISION MVC - AMB ENR - DUAL RESP,Other,MOTOR VEHICLE COLLISION
TB23040654,"10/02/2023, 11:31:14 PM","10/03/2023, 1:02:52 PM",THUNDER BAY,ON,P7B 2R5,900 Block CARRICK ST, TBPS] THEFT SUSP STILL PRESENT OR MAY BE IN AREA,Other Theft,THEFT
TB23040663,"10/03/2023, 2:03:54 AM","10/03/2023, 1:02:52 PM",THUNDER BAY,ON,P7E 4A8,400 Block AMELIA ST W," TBPS] THEFT NOT IN PROGRESS, UNDER 5000",Other Theft,THEFT
TB23040600,"10/02/2023, 5:18:33 PM","10/03/2023, 1:02:53 PM",THUNDER BAY,ON,P7B 1A6,200 Block RED RIVER RD, TBPS] MOTOR VEHICLE COLLISION 11-10 MVC ANY TYPE,Other,MOTOR VEHICLE COLLISION
TB23040614,"10/02/2023, 7:01:02 PM","10/03/2023, 1:02:53 PM",THUNDER BAY,ON,P7C 1P5,1400 Block CUMMING ST, TBPS] B-E BUS/RES/OTH 11-10,Breaking & Entering,B-E BUS/RES/OTH
TB23040617,"10/02/2023, 7:12:27 PM","10/03/2023, 1:02:53 PM",THUNDER BAY,ON,P7C 5N5,1 Block ASPEN RD," TBPS] MISCHIEF 11-10, MICHIEF UNDER 5000",Other Property Crime,MISCHIEF
TB23040630,"10/02/2023, 8:28:06 PM","10/03/2023, 1:02:53 PM",THUNDER BAY,ON,P7B 3W4,1 Block RUPERT ST, TBPS] MOTOR VEHICLE COLLISION 11-10 MVC ANY TYPE,Other,MOTOR VEHICLE COLLISION
TB23040631,"10/02/2023, 8:31:21 PM","10/03/2023, 1:02:53 PM",THUNDER BAY,ON,P7B 2C9,600 Block ANDREW ST, TBPS] ASSAULT ACCUSED NOT PRESENT,Assault,ASSAULT
TB23040636,"10/02/2023, 9:42:12 PM","10/03/2023, 1:02:53 PM",THUNDER BAY,ON,P7C 5A3,REDWOOD AV W AND JAMES ST N, TBPS] MOTOR VEHICLE COLLISION MVC NO INJURIES,Traffic,MOTOR VEHICLE COLLISION
TB23040640,"10/02/2023, 10:03:08 PM","10/03/2023, 1:02:53 PM",THUNDER BAY,ON,P7G,PAQUETTE RD AND DAWSON RD, TBPS] MOTOR VEHICLE COLLISION MVC NO INJURIES,Traffic,MOTOR VEHICLE COLLISION
TB23040642,"10/02/2023, 10:08:21 PM","10/03/2023, 1:02:53 PM",THUNDER BAY,ON,P7A 1V8,500 Block HODDER AV, TBPS] ASSAULT SUSP PRESENT OR IN AREA,Assault,ASSAULT
TB23040653,"10/02/2023, 11:26:26 PM","10/03/2023, 1:02:53 PM",THUNDER BAY,ON,P7C 2V5,NORTHERN AV AND SIMPSON ST, TBPS] INDECENT ACTS SUSP PRESENT OR MAY STILL BE IN AREA,Sexual Offense,INDECENT ACTS
TB23040571,"10/02/2023, 9:33:01 AM","10/03/2023, 1:02:54 PM",THUNDER BAY,ON,P7E 6R2,900 Block EDWARD ST S, TBPS] TROUBLE WITH YOUTH YOUTHS STILL IN AREA,Quality of Life,TROUBLE WITH YOUTH
TB23040581,"10/02/2023, 12:13:30 PM","10/03/2023, 1:02:54 PM",THUNDER BAY,ON,P7B 5J4,1000 Block DAWSON RD, TBPS] LIQUOR LICENCE ACT LIQUOR LICENCE ACT VIOLATION IN PROGRESS,Quality of Life,LIQUOR LICENCE ACT
TB23040572,"10/02/2023, 9:56:59 AM","10/03/2023, 1:02:54 PM",THUNDER BAY,ON,P7E 5R5,500 Block ARTHUR ST W, TBPS] LIQUOR LICENCE ACT LIQUOR LICENCE ACT VIOLATION IN PROGRESS,Quality of Life,LIQUOR LICENCE ACT
TB23040590,"10/02/2023, 3:24:23 PM","10/03/2023, 1:02:54 PM",THUNDER BAY,ON,P7B 5E1,900 Block OLIVER RD, TBPS] MOTOR VEHICLE COLLISION MVC NO INJURIES,Traffic,MOTOR VEHICLE COLLISION
TB23040594,"10/02/2023, 3:59:36 PM","10/03/2023, 1:02:54 PM",THUNDER BAY,ON,P7A 7V1,100 Block COURT ST N, TBPS] MOTOR VEHICLE COLLISION 11-10 MVC ANY TYPE,Other,MOTOR VEHICLE COLLISION
TB23040602,"10/02/2023, 5:29:24 PM","10/03/2023, 1:02:54 PM",THUNDER BAY,ON,P7C 3E7,800 Block ALBERTA ST," TBPS] THEFT NOT IN PROGRESS, UNDER 5000",Other Theft,THEFT
TB23040374,"10/01/2023, 2:13:19 AM","10/03/2023, 1:02:55 PM",THUNDER BAY,ON,P7A 7N1,100 Block COUNTY BLVD, TBPS] ASSAULT ACCUSED NOT PRESENT,Assault,ASSAULT
TB23040439,"10/01/2023, 3:52:10 PM","10/03/2023, 1:02:55 PM",THUNDER BAY,ON,P7C 3L6,800 Block SPRING ST, TBPS] B-E BUS/RES/OTH 11-10,Breaking & Entering,B-E BUS/RES/OTH
TB23040462,"10/01/2023, 6:37:19 PM","10/03/2023, 1:02:55 PM",THUNDER BAY,ON,P7B 4T6,1400 Block BALMORAL ST, TBPS] ASSAULT ACCUSED NOT PRESENT,Assault,ASSAULT
TB23040469,"10/01/2023, 7:21:57 PM","10/03/2023, 1:02:55 PM",THUNDER BAY,ON,P7E 3W2,200 Block FREDERICA ST W, TBPS] ASSAULT ACCUSED NOT PRESENT,Assault,ASSAULT
TB23040542,"10/02/2023, 5:07:07 AM","10/03/2023, 1:02:55 PM",THUNDER BAY,ON,P7B 5A5,200 Block STRAND AV, TBPS] ROBBERY NO WEAPONS - SUSP STILL IN AREA,Robbery,ROBBERY
TB23040563,"10/02/2023, 7:32:36 AM","10/03/2023, 1:02:55 PM",THUNDER BAY,ON,P7A 1V5,400 Block HODDER AV, TBPS] ASSAULT ACCUSED NOT PRESENT,Assault,ASSAULT
TB23040001,"09/28/2023, 7:06:52 PM","10/03/2023, 1:03:33 PM",THUNDER BAY,ON,P7B 6V4,900 Block OLIVER RD, TBPS] ASSAULT ACCUSED PRESENT,Assault,ASSAULT
TB23040824,"10/04/2023, 1:27:01 AM","10/04/2023, 1:04:34 PM",THUNDER BAY,ON,P7C 3K8,100 Block SOUTHERN AV, TBPS] DRUG OFFENCES SUSP PRESENT OR MAY STILL BE IN AREA,Quality of Life,DRUG OFFENCES
TB23040838,"10/04/2023, 3:57:14 AM","10/04/2023, 1:04:34 PM",THUNDER BAY,ON,P7G 1S5,3000 Block OLIVER RD, TBPS] MOTOR VEHICLE COLLISION MVC NO INJURIES,Traffic,MOTOR VEHICLE COLLISION
TB23040843,"10/04/2023, 4:36:20 AM","10/04/2023, 1:04:34 PM",THUNDER BAY,ON,P0T 2G0,1 Block MUD LAKE RD," TBPS] THEFT NOT IN PROGRESS, OVER 5000",Other Theft,THEFT
TB23040772,"10/03/2023, 6:40:31 PM","10/04/2023, 1:04:35 PM",THUNDER BAY,ON,P7C 3P6,200 Block MAY ST N, TBPS] B-E BUS/RES/OTH 11-10,Breaking & Entering,B-E BUS/RES/OTH
TB23040786,"10/03/2023, 8:25:33 PM","10/04/2023, 1:04:35 PM",THUNDER BAY,ON,P7C 1C5,FRANKLIN ST N AND VICTORIA AV E, TBPS] MOTOR VEHICLE COLLISION MVC INJURIES FIRE NOT REQ,Traffic,MOTOR VEHICLE COLLISION
TB23040796,"10/03/2023, 9:33:57 PM","10/04/2023, 1:04:35 PM",THUNDER BAY,ON,P7B 3Y4,300 Block MEMORIAL AV, TBPS] MOTOR VEHICLE COLLISION MVC NO INJURIES,Traffic,MOTOR VEHICLE COLLISION
TB23040799,"10/03/2023, 9:51:35 PM","10/04/2023, 1:04:35 PM",THUNDER BAY,ON,P7A 6G4,1 Block WISHART CR, TBPS] ASSAULT ACCUSED NOT PRESENT,Assault,ASSAULT
TB23040801,"10/03/2023, 9:53:59 PM","10/04/2023, 1:04:35 PM",THUNDER BAY,ON,P7E 1T9,600 Block SELKIRK ST S, TBPS] ASSAULT ACCUSED NOT PRESENT,Assault,ASSAULT
TB23040804,"10/03/2023, 10:05:08 PM","10/04/2023, 1:04:35 PM",THUNDER BAY,ON,P7C 6A8,WATERLOO ST N AND DUNDAS ST, TBPS] ASSAULT SUSP PRESENT OR IN AREA,Assault,ASSAULT
TB23040808,"10/03/2023, 10:47:13 PM","10/04/2023, 1:04:35 PM",THUNDER BAY,ON,P7B 2T2,RED RIVER RD AND CUMBERLAND ST N, TBPS] ASSAULT SUSP PRESENT OR IN AREA,Assault,ASSAULT
TB23040809,"10/03/2023, 10:48:59 PM","10/04/2023, 1:04:35 PM",THUNDER BAY,ON,P7B,HARBOUR EXPRESSWAY AND FORT WILLIAM RD, TBPS] MOTOR VEHICLE COLLISION MVC NO INJURIES,Traffic,MOTOR VEHICLE COLLISION
TB23040815,"10/04/2023, 12:05:08 AM","10/04/2023, 1:04:35 PM",THUNDER BAY,ON,P7B 1A7,200 Block RED RIVER RD," TBPS] MISCHIEF 11-10, MICHIEF UNDER 5000",Other Property Crime,MISCHIEF
TB23040817,"10/04/2023, 12:28:34 AM","10/04/2023, 1:04:35 PM",THUNDER BAY,ON,P7A,1 Block NORTH WATER ST, TBPS] ASSAULT SUSP PRESENT OR IN AREA,Assault,ASSAULT
TB23040821,"10/04/2023, 12:56:40 AM","10/04/2023, 1:04:35 PM",THUNDER BAY,ON,P7A 4S5,1 Block ST. PAUL ST," TBPS] MISCHIEF IP/SUSP IN AREA, UNDER 5,000",Other Property Crime,MISCHIEF
TB23040707,"10/03/2023, 6:36:44 AM","10/04/2023, 1:04:36 PM",THUNDER BAY,ON,P7B 1E7,PEARL ST AND ALGOMA ST S, TBPS] MOTOR VEHICLE COLLISION MVC NO INJURIES,Traffic,MOTOR VEHICLE COLLISION
TB23040731,"10/03/2023, 2:22:06 PM","10/04/2023, 1:04:36 PM",THUNDER BAY,ON,P7C 4Y7,300 Block LILLIE ST N, TBPS] MOTOR VEHICLE COLLISION 11-10 MVC ANY TYPE,Other,MOTOR VEHICLE COLLISION
TB23040732,"10/03/2023, 2:29:50 PM","10/04/2023, 1:04:36 PM",THUNDER BAY,ON,P7B 0A1,1200 Block GOLF LINKS RD, TBPS] ASSAULT SUSP PRESENT OR IN AREA,Assault,ASSAULT
TB23040733,"10/03/2023, 2:38:12 PM","10/04/2023, 1:04:36 PM",THUNDER BAY,ON,P7B 3B8,100 Block ALGOMA ST S, TBPS] B-E BUS/RES/OTH SUSP PRESENT OR MAY STILL BE IN AREA,Breaking & Entering,B-E BUS/RES/OTH
TB23040739,"10/03/2023, 2:57:51 PM","10/04/2023, 1:04:36 PM",THUNDER BAY,ON,P7B 1N4,300 Block DUFFERIN ST, TBPS] MOTOR VEHICLE COLLISION 11-10 MVC ANY TYPE,Other,MOTOR VEHICLE COLLISION
TB23040745,"10/03/2023, 3:50:22 PM","10/04/2023, 1:04:36 PM",THUNDER BAY,ON,P7G 1B4,100 Block NOTTINGHAM CR, TBPS] MOTOR VEHICLE COLLISION 11-10 MVC ANY TYPE,Other,MOTOR VEHICLE COLLISION
TB23040747,"10/03/2023, 4:01:55 PM","10/04/2023, 1:04:36 PM",THUNDER BAY,ON,P7E,WALSH ST E AND KINGSWAY, TBPS] MOTOR VEHICLE COLLISION MVC NO INJURIES,Traffic,MOTOR VEHICLE COLLISION
TB23040758,"10/03/2023, 4:51:02 PM","10/04/2023, 1:04:36 PM",THUNDER BAY,ON,P7C 3L7,800 Block MINNESOTA ST, TBPS] ASSAULT SUSP PRESENT OR IN AREA,Assault,ASSAULT
TB23040761,"10/03/2023, 5:17:22 PM","10/04/2023, 1:04:36 PM",THUNDER BAY,ON,P7B 4B2,1 Block MCKIBBIN ST, TBPS] MOTOR VEHICLE COLLISION MVC NO INJURIES,Traffic,MOTOR VEHICLE COLLISION
TB23040762,"10/03/2023, 5:18:09 PM","10/04/2023, 1:04:36 PM",THUNDER BAY,ON,P7B 5V1,1000 Block DAWSON RD, TBPS] ASSAULT SUSP PRESENT OR IN AREA,Assault,ASSAULT
TB23040763,"10/03/2023, 5:30:10 PM","10/04/2023, 1:04:36 PM",THUNDER BAY,ON,P7B 2X5,100 Block COURT ST S, TBPS] THEFT SUSP STILL PRESENT OR MAY BE IN AREA,Other Theft,THEFT
TB23040771,"10/03/2023, 6:39:46 PM","10/04/2023, 1:04:36 PM",THUNDER BAY,ON,P7B 6V4,900 Block OLIVER RD, TBPS] MOTOR VEHICLE COLLISION MVC NO INJURIES,Traffic,MOTOR VEHICLE COLLISION
TB23040440,"10/01/2023, 3:58:44 PM","10/04/2023, 1:04:37 PM",THUNDER BAY,ON,P7J 1A4,2000 Block MONTROSE PL, TBPS] B-E BUS/RES/OTH 11-10,Breaking & Entering,B-E BUS/RES/OTH
TB23040725,"10/03/2023, 11:12:53 AM","10/04/2023, 1:04:37 PM",THUNDER BAY,ON,P7C 5C5,500 Block CHURCHILL DR W, TBPS] ASSAULT ACCUSED NOT PRESENT,Assault,ASSAULT
TB23040728,"10/03/2023, 12:52:03 PM","10/04/2023, 1:04:37 PM",THUNDER BAY,ON,P7B 4Y7,100 Block BLUCHER AV," TBPS] MISCHIEF IP/SUSP IN AREA, UNDER 5,000",Other Property Crime,MISCHIEF
TB23040734,"10/03/2023, 2:40:46 PM","10/04/2023, 1:04:37 PM",THUNDER BAY,ON,P7G 2H9,WARDROPE AV AND CASTLEGREEN DR, TBPS] MOTOR VEHICLE COLLISION MVC NO INJURIES,Traffic,MOTOR VEHICLE COLLISION
TB23040741,"10/03/2023, 3:29:41 PM","10/04/2023, 1:04:37 PM",THUNDER BAY,ON,P7A 6A5,100 Block ROCKWOOD AV N, TBPS] B-E BUS/RES/OTH SUSP PRESENT OR MAY STILL BE IN AREA,Breaking & Entering,B-E BUS/RES/OTH
TB23040970,"10/04/2023, 11:36:58 PM","10/05/2023, 1:05:46 PM",THUNDER BAY,ON,P7B 3L7,LISGAR ST AND HIGH ST S, TBPS] MOTOR VEHICLE COLLISION MVC NO INJURIES,Traffic,MOTOR VEHICLE COLLISION
TB23040971,"10/04/2023, 11:39:18 PM","10/05/2023, 1:05:46 PM",THUNDER BAY,ON,P7A 4M2,100 Block CUMBERLAND ST N, TBPS] MOTOR VEHICLE COLLISION MVC - AMB ENR - DUAL RESP,Other,MOTOR VEHICLE COLLISION
TB23040987,"10/05/2023, 1:27:06 AM","10/05/2023, 1:05:46 PM",THUNDER BAY,ON,P7C 4P7,400 Block EDWARD ST N, TBPS] SHOPLIFT IN CUSTODY - NO PROBLEMS,Theft,SHOPLIFT
TB23040993,"10/05/2023, 2:01:08 AM","10/05/2023, 1:05:46 PM",THUNDER BAY,ON,P7B 3A6,900 Block FORT WILLIAM RD, TBPS] ASSAULT SUSP PRESENT OR IN AREA,Assault,ASSAULT
TB23040995,"10/05/2023, 2:19:18 AM","10/05/2023, 1:05:46 PM",THUNDER BAY,ON,P7B 3A6,900 Block FORT WILLIAM RD, TBPS] LIQUOR LICENCE ACT LIQUOR LICENCE ACT VIOLATION IN PROGRESS,Quality of Life,LIQUOR LICENCE ACT
TB23040996,"10/05/2023, 2:24:31 AM","10/05/2023, 1:05:46 PM",THUNDER BAY,ON,P7B 1V7,300 Block WINDSOR ST, TBPS] ASSAULT SUSP PRESENT OR IN AREA,Assault,ASSAULT
TB23041003,"10/05/2023, 3:08:08 AM","10/05/2023, 1:05:46 PM",THUNDER BAY,ON,P7E 3B6,1100 Block HOME AV, TBPS] STOLEN VEHICLE SUSP NOT IN AREA,Theft of Vehicle,STOLEN VEHICLE
TB23041005,"10/05/2023, 3:34:06 AM","10/05/2023, 1:05:46 PM",THUNDER BAY,ON,P7C 4S8,1 Block LIMBRICK ST," TBPS] MISCHIEF IP/SUSP IN AREA, UNDER 5,000",Other Property Crime,MISCHIEF
TB23041007,"10/05/2023, 3:40:12 AM","10/05/2023, 1:05:46 PM",THUNDER BAY,ON,P7C 4B4,400 Block VICKERS ST N, TBPS] ASSAULT SUSP PRESENT OR IN AREA,Assault,ASSAULT
TB23041021,"10/05/2023, 5:29:19 AM","10/05/2023, 1:05:46 PM",THUNDER BAY,ON,P7C 1N8,200 Block CUMMING ST, TBPS] STOLEN VEHICLE SUSP NOT IN AREA,Theft of Vehicle,STOLEN VEHICLE
TB23041022,"10/05/2023, 5:34:58 AM","10/05/2023, 1:05:46 PM",THUNDER BAY,ON,P7B 5J4,1000 Block DAWSON RD, TBPS] ROBBERY NO WEAPONS - SUSP STILL IN AREA,Robbery,ROBBERY
TB23040924,"10/04/2023, 6:31:56 PM","10/05/2023, 1:05:47 PM",THUNDER BAY,ON,P7C 3P4,MAY ST N AND LEITH ST, TBPS] ASSAULT ACCUSED NOT PRESENT,Assault,ASSAULT
TB23040939,"10/04/2023, 7:58:58 PM","10/05/2023, 1:05:47 PM",THUNDER BAY,ON,P7B 6T2,700 Block HAMMOND AV, TBPS] B-E BUS/RES/OTH 11-10,Breaking & Entering,B-E BUS/RES/OTH
TB23040940,"10/04/2023, 8:14:34 PM","10/05/2023, 1:05:47 PM",THUNDER BAY,ON,P7E 1E2,300 Block SYNDICATE AV S, TBPS] DRUG OFFENCES SUSP PRESENT OR MAY STILL BE IN AREA,Quality of Life,DRUG OFFENCES
TB23040944,"10/04/2023, 8:49:12 PM","10/05/2023, 1:05:47 PM",THUNDER BAY,ON,P7B 1K3,800 Block RED RIVER RD," TBPS] THEFT NOT IN PROGRESS, UNDER 5000",Other Theft,THEFT
TB23040948,"10/04/2023, 9:18:48 PM","10/05/2023, 1:05:47 PM",THUNDER BAY,ON,P7E 3R3,100 Block GORE ST W, TBPS] LIQUOR LICENCE ACT LIQUOR LICENCE ACT VIOLATION IN PROGRESS,Quality of Life,LIQUOR LICENCE ACT
TB23040955,"10/04/2023, 10:13:15 PM","10/05/2023, 1:05:47 PM",THUNDER BAY,ON,P7G 2E6,1800 Block DAWSON RD, TBPS] B-E BUS/RES/OTH SUSP PRESENT OR MAY STILL BE IN AREA,Breaking & Entering,B-E BUS/RES/OTH
TB23040956,"10/04/2023, 10:14:22 PM","10/05/2023, 1:05:47 PM",THUNDER BAY,ON,P7E 2V4,100 Block JAMES ST S, TBPS] B-E BUS/RES/OTH SUSP PRESENT OR MAY STILL BE IN AREA,Breaking & Entering,B-E BUS/RES/OTH
TB23040960,"10/04/2023, 10:30:07 PM","10/05/2023, 1:05:47 PM",THUNDER BAY,ON,P7B 6S7,STRAND AV AND WALKOVER ST, TBPS] MOTOR VEHICLE COLLISION MVC NO INJURIES,Traffic,MOTOR VEHICLE COLLISION
TB23040962,"10/04/2023, 10:38:17 PM","10/05/2023, 1:05:47 PM",THUNDER BAY,ON,P7B 4P1,EMPRESS AV S AND WINDSOR ST, TBPS] MOTOR VEHICLE COLLISION MVC NO INJURIES,Traffic,MOTOR VEHICLE COLLISION
TB23040873,"10/04/2023, 10:20:36 AM","10/05/2023, 1:05:48 PM",THUNDER BAY,ON,P7B 3Y2,300 Block MEMORIAL AV," TBPS] MISCHIEF IP/SUSP IN AREA, UNDER 5,000",Other Property Crime,MISCHIEF
TB23040877,"10/04/2023, 11:00:44 AM","10/05/2023, 1:05:48 PM",THUNDER BAY,ON,P7B 1R9,300 Block BAY ST," TBPS] MISCHIEF IP/SUSP IN AREA, UNDER 5,000",Other Property Crime,MISCHIEF
TB23040648,"10/02/2023, 10:40:42 PM","10/05/2023, 1:05:49 PM",THUNDER BAY,ON,P7E 2A6,300 Block KINGSWAY, TBPS] B-E BUS/RES/OTH 11-10,Breaking & Entering,B-E BUS/RES/OTH
TB23040685,"10/03/2023, 4:31:02 AM","10/05/2023, 1:05:49 PM",THUNDER BAY,ON,P7E 6H2,200 Block AMELIA ST W, TBPS] B-E BUS/RES/OTH 11-10,Breaking & Entering,B-E BUS/RES/OTH
TB23040834,"10/04/2023, 2:38:05 AM","10/05/2023, 1:05:49 PM",THUNDER BAY,ON,P7E 1T9,600 Block SELKIRK ST S, TBPS] ASSAULT ACCUSED NOT PRESENT,Assault,ASSAULT
TB23040846,"10/04/2023, 5:00:55 AM","10/05/2023, 1:05:49 PM",THUNDER BAY,ON,P7A 6L4,900 Block HURON AV, TBPS] ASSAULT ACCUSED NOT PRESENT,Assault,ASSAULT
TB23040460,"10/01/2023, 6:26:18 PM","10/05/2023, 1:05:50 PM",THUNDER BAY,ON,P7A 7L2,500 Block COURT ST N, TBPS] ASSAULT ACCUSED NOT PRESENT,Assault,ASSAULT
TB23041140,"10/06/2023, 12:22:01 AM","10/06/2023, 1:05:06 PM",THUNDER BAY,ON,P7C,GOLF LINKS RD AND HARBOUR EXPRESSWAY, TBPS] MOTOR VEHICLE COLLISION MVC - AMB ENR - DUAL RESP,Other,MOTOR VEHICLE COLLISION
TB23041150,"10/06/2023, 1:53:09 AM","10/06/2023, 1:05:10 PM",THUNDER BAY,ON,P7A 5Y5,100 Block MADELINE ST, TBPS] LIQUOR LICENCE ACT LIQUOR LICENCE ACT VIOLATION IN PROGRESS,Quality of Life,LIQUOR LICENCE ACT
TB23041153,"10/06/2023, 2:17:24 AM","10/06/2023, 1:05:11 PM",THUNDER BAY,ON,P7B 2Z2,300 Block FORT WILLIAM RD, TBPS] THEFT SUSP STILL PRESENT OR MAY BE IN AREA,Other Theft,THEFT
TB23041170,"10/06/2023, 4:28:58 AM","10/06/2023, 1:05:18 PM",THUNDER BAY,ON,P7B 3L2,300 Block HIGH ST S, TBPS] MOTOR VEHICLE COLLISION MVC - AMB ENR - DUAL RESP,Other,MOTOR VEHICLE COLLISION
TB23041173,"10/06/2023, 4:35:56 AM","10/06/2023, 1:05:18 PM",THUNDER BAY,ON,P7A,1 Block NORTH WATER ST," TBPS] MISCHIEF IP/SUSP IN AREA, UNDER 5,000",Other Property Crime,MISCHIEF
TB23040963,"10/04/2023, 10:40:59 PM","10/06/2023, 1:05:20 PM",THUNDER BAY,ON,P7B 1W8,200 Block JOHN ST, TBPS] MOTOR VEHICLE COLLISION 11-10 MVC ANY TYPE,Other,MOTOR VEHICLE COLLISION
TB23041178,"10/06/2023, 5:17:47 AM","10/06/2023, 1:05:20 PM",THUNDER BAY,ON,P7A,COLLEGE ST AND VAN NORMAN ST, TBPS] MOTOR VEHICLE COLLISION MVC NO INJURIES,Traffic,MOTOR VEHICLE COLLISION
TB23041185,"10/06/2023, 6:02:38 AM","10/06/2023, 1:05:23 PM",THUNDER BAY,ON,P7C 3J7,600 Block SIMPSON ST, TBPS] B-E BUS/RES/OTH SUSP PRESENT OR MAY STILL BE IN AREA,Breaking & Entering,B-E BUS/RES/OTH
TB23041036,"10/05/2023, 9:48:58 AM","10/06/2023, 1:05:24 PM",THUNDER BAY,ON,P7B 5C9,600 Block PICCADILLY AV," TBPS] THEFT NOT IN PROGRESS, UNDER 5000",Other Theft,THEFT
TB23041038,"10/05/2023, 11:07:39 AM","10/06/2023, 1:05:24 PM",THUNDER BAY,ON,P7A 2K6,200 Block MACDOUGALL ST, TBPS] ASSAULT ACCUSED NOT PRESENT,Assault,ASSAULT
TB23041040,"10/05/2023, 12:18:40 PM","10/06/2023, 1:05:25 PM",THUNDER BAY,ON,P7B 5J4,1000 Block DAWSON RD, TBPS] ASSAULT ACCUSED NOT PRESENT,Assault,ASSAULT
TB23041048,"10/05/2023, 3:21:55 PM","10/06/2023, 1:05:25 PM",THUNDER BAY,ON,P7E 2L8,100 Block MARY ST W, TBPS] ASSAULT ACCUSED NOT PRESENT,Assault,ASSAULT
TB23041051,"10/05/2023, 3:30:30 PM","10/06/2023, 1:05:25 PM",THUNDER BAY,ON,P7A,PROSPECT AV AND DAWSON ST, TBPS] MOTOR VEHICLE COLLISION MVC - AMB ENR - DUAL RESP,Other,MOTOR VEHICLE COLLISION
TB23041056,"10/05/2023, 4:13:54 PM","10/06/2023, 1:05:25 PM",THUNDER BAY,ON,P7B 5V1,1000 Block DAWSON RD, TBPS] MOTOR VEHICLE COLLISION 11-10 MVC ANY TYPE,Other,MOTOR VEHICLE COLLISION
TB23041060,"10/05/2023, 5:01:42 PM","10/06/2023, 1:05:26 PM",THUNDER BAY,ON,P7E 4K1,300 Block MARY ST E," TBPS] MISCHIEF IP/SUSP IN AREA, UNDER 5,000",Other Property Crime,MISCHIEF
TB23041063,"10/05/2023, 5:26:38 PM","10/06/2023, 1:05:26 PM",THUNDER BAY,ON,P7B,HARBOUR EXPRESSWAY AND MEMORIAL AV, TBPS] MOTOR VEHICLE COLLISION MVC - AMB ENR - DUAL RESP,Other,MOTOR VEHICLE COLLISION
TB23041068,"10/05/2023, 5:46:59 PM","10/06/2023, 1:05:26 PM",THUNDER BAY,ON,P7K 1A1,1100 Block MAHOGANY PL, TBPS] B-E BUS/RES/OTH 11-10,Breaking & Entering,B-E BUS/RES/OTH
TB23041079,"10/05/2023, 6:51:21 PM","10/06/2023, 1:05:26 PM",THUNDER BAY,ON,P7E,ARTHUR ST E AND EDWARD ST S, TBPS] MOTOR VEHICLE COLLISION MVC INJURIES FIRE NOT REQ,Traffic,MOTOR VEHICLE COLLISION
TB23041080,"10/05/2023, 6:55:03 PM","10/06/2023, 1:05:26 PM",THUNDER BAY,ON,P7C 3H4,SIMPSON ST AND CUMMING ST, TBPS] MOTOR VEHICLE COLLISION MVC INJURIES FIRE NOT REQ,Traffic,MOTOR VEHICLE COLLISION
TB23041081,"10/05/2023, 7:03:13 PM","10/06/2023, 1:05:26 PM",THUNDER BAY,ON,P7B 3Y4,300 Block MEMORIAL AV, TBPS] MOTOR VEHICLE COLLISION MVC - AMB ENR - DUAL RESP,Other,MOTOR VEHICLE COLLISION
TB23041084,"10/05/2023, 7:29:20 PM","10/06/2023, 1:05:26 PM",THUNDER BAY,ON,P7C 2N4,PRINCE ARTHUR BLVD AND PACIFIC AV, TBPS] MOTOR VEHICLE COLLISION MVC NO INJURIES,Traffic,MOTOR VEHICLE COLLISION
TB23041087,"10/05/2023, 7:48:09 PM","10/06/2023, 1:05:27 PM",THUNDER BAY,ON,P7E 3C3,1600 Block HOME AV," TBPS] THEFT NOT IN PROGRESS, UNDER 5000",Other Theft,THEFT
TB23041101,"10/05/2023, 8:57:06 PM","10/06/2023, 1:05:27 PM",THUNDER BAY,ON,P7B 6Z8,600 Block SIBLEY DR, TBPS] MOTOR VEHICLE COLLISION 11-10 MVC ANY TYPE,Other,MOTOR VEHICLE COLLISION
TB23041114,"10/05/2023, 10:03:24 PM","10/06/2023, 1:05:28 PM",THUNDER BAY,ON,P7E 4K1,300 Block MARY ST E," TBPS] MISCHIEF 11-10, MICHIEF UNDER 5000",Other Property Crime,MISCHIEF
TB23041116,"10/05/2023, 10:14:38 PM","10/06/2023, 1:05:28 PM",THUNDER BAY,ON,P7E 3S3,600 Block GORE ST W," TBPS] THEFT NOT IN PROGRESS, FROM MOTOR VEHICLE",Theft from Vehicle,THEFT
TB23041122,"10/05/2023, 10:57:32 PM","10/06/2023, 1:05:28 PM",THUNDER BAY,ON,P7B 2B7,500 Block FAIRCREST ST, TBPS] DRUG OFFENCES SUSP PRESENT OR MAY STILL BE IN AREA,Quality of Life,DRUG OFFENCES
TB23041126,"10/05/2023, 11:08:24 PM","10/06/2023, 1:05:28 PM",THUNDER BAY,ON,P7B 3A7,RED RIVER RD AND ALGOMA ST N, TBPS] MOTOR VEHICLE COLLISION MVC NO INJURIES,Traffic,MOTOR VEHICLE COLLISION
TB23041127,"10/05/2023, 11:14:12 PM","10/06/2023, 1:05:28 PM",THUNDER BAY,ON,P7C 4P7,400 Block EDWARD ST N, TBPS] ASSAULT SUSP PRESENT OR IN AREA,Assault,ASSAULT
TB23041128,"10/05/2023, 11:23:57 PM","10/06/2023, 1:05:28 PM",THUNDER BAY,ON,P7B 3A6,900 Block FORT WILLIAM RD, TBPS] ASSAULT SUSP PRESENT OR IN AREA,Assault,ASSAULT
TB23041131,"10/05/2023, 11:39:42 PM","10/06/2023, 1:05:28 PM",THUNDER BAY,ON,P7C 2V3,600 Block SOUTHERN AV, TBPS] ASSAULT SUSP PRESENT OR IN AREA,Assault,ASSAULT
TB23041135,"10/05/2023, 11:50:10 PM","10/06/2023, 1:05:29 PM",THUNDER BAY,ON,P7B 1B4,400 Block RED RIVER RD," TBPS] MISCHIEF IP/SUSP IN AREA, UNDER 5,000",Other Property Crime,MISCHIEF
TB23041282,"10/06/2023, 9:00:00 PM","10/07/2023, 1:03:32 PM",THUNDER BAY,ON,P7B 5Z5,1200 Block BALMORAL ST," TBPS] THEFT NOT IN PROGRESS, UNDER 5000",Other Theft,THEFT
TB23041281,"10/06/2023, 9:00:00 PM","10/07/2023, 1:03:32 PM",THUNDER BAY,ON,P7B 4Y2,200 Block PICTON AV," TBPS] MISCHIEF IP/SUSP IN AREA, UNDER 5,000",Other Property Crime,MISCHIEF
TB23041290,"10/06/2023, 9:43:39 PM","10/07/2023, 1:03:33 PM",THUNDER BAY,ON,P7B 5V5,900 Block HARBOUR EXPRESSWAY, TBPS] MOTOR VEHICLE COLLISION 11-10 MVC ANY TYPE,Other,MOTOR VEHICLE COLLISION
TB23041312,"10/07/2023, 1:00:00 AM","10/07/2023, 1:03:39 PM",THUNDER BAY,ON,P7B 5K7,500 Block LANGWORTHY CR," TBPS] THEFT NOT IN PROGRESS, UNDER 5000",Other Theft,THEFT
TB23041318,"10/07/2023, 2:41:46 AM","10/07/2023, 1:03:40 PM",THUNDER BAY,ON,P7B 3B7,100 Block ALGOMA ST S, TBPS] LIQUOR LICENCE ACT LIQUOR LICENCE ACT VIOLATION IN PROGRESS,Quality of Life,LIQUOR LICENCE ACT
TB23041335,"10/07/2023, 5:49:21 AM","10/07/2023, 1:03:43 PM",THUNDER BAY,ON,P7B 6V4,900 Block OLIVER RD," TBPS] MISCHIEF IP/SUSP IN AREA, UNDER 5,000",Other Property Crime,MISCHIEF
TB23041214,"10/06/2023, 1:26:08 PM","10/07/2023, 1:03:58 PM",THUNDER BAY,ON,P7E 2A6,300 Block KINGSWAY, TBPS] ASSAULT SUSP PRESENT OR IN AREA,Assault,ASSAULT
TB23041223,"10/06/2023, 3:34:24 PM","10/07/2023, 1:04:00 PM",THUNDER BAY,ON,P7A 7L1,1 Block JUNOT AV N, TBPS] MOTOR VEHICLE COLLISION 11-10 MVC ANY TYPE,Other,MOTOR VEHICLE COLLISION
TB23041225,"10/06/2023, 3:45:52 PM","10/07/2023, 1:04:00 PM",THUNDER BAY,ON,P7C 3Y3,CUMMING ST AND ARCHIBALD ST N, TBPS] MOTOR VEHICLE COLLISION MVC NO INJURIES,Traffic,MOTOR VEHICLE COLLISION
TB23041236,"10/06/2023, 4:25:46 PM","10/07/2023, 1:04:02 PM",THUNDER BAY,ON,P7C 2J7,MCKENZIE ST AND PRUDEN ST, TBPS] ASSAULT SUSP PRESENT OR IN AREA,Assault,ASSAULT
TB23041237,"10/06/2023, 4:41:56 PM","10/07/2023, 1:04:02 PM",THUNDER BAY,ON,P7B 1R9,300 Block BAY ST, TBPS] DRUG OFFENCES SUSP PRESENT OR MAY STILL BE IN AREA,Quality of Life,DRUG OFFENCES
TB23041246,"10/06/2023, 5:00:00 PM","10/07/2023, 1:04:03 PM",THUNDER BAY,ON,P7B 5Z5,1200 Block BALMORAL ST, TBPS] THEFT SUSP STILL PRESENT OR MAY BE IN AREA,Other Theft,THEFT
TB23041244,"10/06/2023, 5:04:35 PM","10/07/2023, 1:04:03 PM",THUNDER BAY,ON,J4Y 0K7,500 Block ARTHUR ST W, TBPS] MOTOR VEHICLE COLLISION 11-10 MVC ANY TYPE,Other,MOTOR VEHICLE COLLISION
TB23041247,"10/06/2023, 5:23:29 PM","10/07/2023, 1:04:03 PM",THUNDER BAY,ON,P7B 5Z8,900 Block ALLOY DR, TBPS] MOTOR VEHICLE COLLISION 11-10 MVC ANY TYPE,Other,MOTOR VEHICLE COLLISION
TB23041251,"10/06/2023, 5:00:00 PM","10/07/2023, 1:04:04 PM",THUNDER BAY,ON,P7B 5Z5,1200 Block BALMORAL ST, TBPS] THEFT SUSP STILL PRESENT OR MAY BE IN AREA,Other Theft,THEFT
TB23041254,"10/06/2023, 5:00:00 PM","10/07/2023, 1:04:04 PM",THUNDER BAY,ON,P7B 5Z5,1200 Block BALMORAL ST," TBPS] THEFT NOT IN PROGRESS, OVER 5000",Other Theft,THEFT
TB23041253,"10/06/2023, 5:54:33 PM","10/07/2023, 1:04:04 PM",THUNDER BAY,ON,P7B 5Z5,1200 Block BALMORAL ST," TBPS] THEFT NOT IN PROGRESS, UNDER 5000",Other Theft,THEFT
TB23041270,"10/06/2023, 7:26:42 PM","10/07/2023, 1:04:07 PM",THUNDER BAY,ON,P7E 2A6,600 Block KINGSWAY," TBPS] MISCHIEF IP/SUSP IN AREA, UNDER 5,000",Other Property Crime,MISCHIEF
TB23041275,"10/06/2023, 8:00:27 PM","10/07/2023, 1:04:08 PM",THUNDER BAY,ON,P7A 5S3,300 Block HIGH ST N, TBPS] MOTOR VEHICLE COLLISION MVC NO INJURIES,Traffic,MOTOR VEHICLE COLLISION
TB23041322,"10/07/2023, 3:12:43 AM","10/07/2023, 1:04:31 PM",THUNDER BAY,ON,P7B 1K1,RED RIVER RD AND CLARKSON ST N, TBPS] MOTOR VEHICLE COLLISION MVC NO INJURIES,Traffic,MOTOR VEHICLE COLLISION
TB23041334,"10/07/2023, 5:41:13 AM","10/07/2023, 1:04:31 PM",THUNDER BAY,ON,P7E 5R5,500 Block ARTHUR ST W, TBPS] LIQUOR LICENCE ACT LIQUOR LICENCE ACT VIOLATION IN PROGRESS,Quality of Life,LIQUOR LICENCE ACT
TB23041303,"10/07/2023, 12:09:00 AM","10/07/2023, 1:04:32 PM",THUNDER BAY,ON,P7B 5Z5,1200 Block BALMORAL ST," TBPS] THEFT NOT IN PROGRESS, UNDER 5000",Other Theft,THEFT
TB23041328,"10/07/2023, 5:02:07 AM","10/07/2023, 1:04:32 PM",THUNDER BAY,ON,P7C 5A4,500 Block REDWOOD AV W, TBPS] LIQUOR LICENCE ACT LIQUOR LICENCE ACT VIOLATION IN PROGRESS,Quality of Life,LIQUOR LICENCE ACT
TB23041384,"10/07/2023, 7:49:40 PM","10/08/2023, 1:07:15 PM",THUNDER BAY,ON,P7B 4A1,900 Block MEMORIAL AV, TBPS] THEFT SUSP STILL PRESENT OR MAY BE IN AREA,Other Theft,THEFT
TB23041399,"10/07/2023, 10:43:12 PM","10/08/2023, 1:07:15 PM",THUNDER BAY,ON,P7B 6S2,700 Block MEMORIAL AV, TBPS] STOLEN VEHICLE SUSP PRESENT OR MAY STILL BE IN AREA,Theft of Vehicle,STOLEN VEHICLE
TB23041405,"10/07/2023, 11:00:00 PM","10/08/2023, 1:07:15 PM",THUNDER BAY,ON,P7B 1S1,300 Block BAY ST, TBPS] ASSAULT SUSP PRESENT OR IN AREA,Assault,ASSAULT
TB23041419,"10/08/2023, 1:00:06 AM","10/08/2023, 1:07:15 PM",THUNDER BAY,ON,P7E 5K1,2100 Block RIDGEWAY ST E, TBPS] ASSAULT SUSP PRESENT OR IN AREA,Assault,ASSAULT
TB23041420,"10/08/2023, 1:00:15 AM","10/08/2023, 1:07:15 PM",THUNDER BAY,ON,P7B 5Z5,1200 Block BALMORAL ST," TBPS] THEFT NOT IN PROGRESS, UNDER 5000",Other Theft,THEFT
TB23041426,"10/08/2023, 2:07:30 AM","10/08/2023, 1:07:15 PM",THUNDER BAY,ON,P7A 1W1,BLACK BAY RD AND HODDER AV, TBPS] ASSAULT SUSP PRESENT OR IN AREA,Assault,ASSAULT
TB23041437,"10/08/2023, 3:12:54 AM","10/08/2023, 1:07:15 PM",THUNDER BAY,ON,P7A 4S7,1 Block BENDELL ST, TBPS] B-E BUS/RES/OTH SUSP PRESENT OR MAY STILL BE IN AREA,Breaking & Entering,B-E BUS/RES/OTH
TB23041439,"10/08/2023, 3:43:26 AM","10/08/2023, 1:07:15 PM",THUNDER BAY,ON,P7B 4Y8,100 Block BLUCHER AV," TBPS] MISCHIEF IP/SUSP IN AREA, MICHIEF OVER 5000",Other Property Crime,MISCHIEF
TB23041440,"10/08/2023, 3:47:10 AM","10/08/2023, 1:07:15 PM",THUNDER BAY,ON,P7B 4X8,100 Block JUNOT AV S," TBPS] MISCHIEF IP/SUSP IN AREA, MICHIEF OVER 5000",Other Property Crime,MISCHIEF
TB23041449,"10/08/2023, 5:40:43 AM","10/08/2023, 1:07:15 PM",THUNDER BAY,ON,P7E 5R5,500 Block ARTHUR ST W, TBPS] ASSAULT SUSP PRESENT OR IN AREA,Assault,ASSAULT
TB23041451,"10/08/2023, 5:48:37 AM","10/08/2023, 1:07:15 PM",THUNDER BAY,ON,P7C 3H9,300 Block SIMPSON ST, TBPS] B-E BUS/RES/OTH SUSP PRESENT OR MAY STILL BE IN AREA,Breaking & Entering,B-E BUS/RES/OTH
TB23041458,"10/08/2023, 6:31:43 AM","10/08/2023, 1:07:15 PM",THUNDER BAY,ON,P7G 1C3,WOODCREST RD AND PIONEER DR, TBPS] ASSAULT SUSP PRESENT OR IN AREA,Assault,ASSAULT
TB23041338,"10/07/2023, 6:09:57 AM","10/08/2023, 1:07:16 PM",THUNDER BAY,ON,P7B 1S1,300 Block BAY ST, TBPS] ASSAULT SUSP PRESENT OR IN AREA,Assault,ASSAULT
TB23041352,"10/07/2023, 10:07:58 AM","10/08/2023, 1:07:16 PM",THUNDER BAY,ON,P7C 2P4,200 Block ROWAND ST, TBPS] LIQUOR LICENCE ACT LIQUOR LICENCE ACT VIOLATION IN PROGRESS,Quality of Life,LIQUOR LICENCE ACT
TB23041353,"10/07/2023, 10:31:37 AM","10/08/2023, 1:07:16 PM",THUNDER BAY,ON,P7B 1S1,300 Block BAY ST, TBPS] ASSAULT SUSP PRESENT OR IN AREA,Assault,ASSAULT
TB23041354,"10/07/2023, 10:45:38 AM","10/08/2023, 1:07:16 PM",THUNDER BAY,ON,P7E 6N7,1500 Block JAMES ST S, TBPS] B-E BUS/RES/OTH SUSP PRESENT OR MAY STILL BE IN AREA,Breaking & Entering,B-E BUS/RES/OTH
TB23041366,"10/07/2023, 3:29:42 PM","10/08/2023, 1:07:16 PM",THUNDER BAY,ON,P7C 3J1,400 Block SIMPSON ST," TBPS] THEFT NOT IN PROGRESS, UNDER 5000",Other Theft,THEFT
TB23041368,"10/07/2023, 3:51:26 PM","10/08/2023, 1:07:16 PM",THUNDER BAY,ON,P7B 2R5,900 Block CARRICK ST, TBPS] THEFT SUSP STILL PRESENT OR MAY BE IN AREA,Other Theft,THEFT
TB23041381,"10/07/2023, 6:56:05 PM","10/08/2023, 1:07:16 PM",THUNDER BAY,ON,P7B 2X5,100 Block COURT ST S, TBPS] DRUG OFFENCES SUSP PRESENT OR MAY STILL BE IN AREA,Quality of Life,DRUG OFFENCES
TB23041386,"10/07/2023, 8:54:37 PM","10/08/2023, 1:07:16 PM",THUNDER BAY,ON,P7A 4L9,100 Block CUMBERLAND ST N, TBPS] ROBBERY NO WEAPONS - SUSP STILL IN AREA,Robbery,ROBBERY
TB23041391,"10/07/2023, 9:45:24 PM","10/08/2023, 1:07:16 PM",THUNDER BAY,ON,P7B 1R7,200 Block BAY ST, TBPS] DRUG OFFENCES SUSP PRESENT OR MAY STILL BE IN AREA,Quality of Life,DRUG OFFENCES
TB23041394,"10/07/2023, 10:08:22 PM","10/08/2023, 1:07:16 PM",THUNDER BAY,ON,P7B 5V1,1000 Block DAWSON RD," TBPS] THEFT NOT IN PROGRESS, UNDER 5000",Other Theft,THEFT
TB23041522,"10/08/2023, 9:47:01 PM","10/09/2023, 1:03:21 PM",THUNDER BAY,ON,P7A 7T9,100 Block CASTLEGREEN DR, TBPS] ASSAULT SUSP PRESENT OR IN AREA,Assault,ASSAULT
TB23041551,"10/09/2023, 2:42:33 AM","10/09/2023, 1:03:21 PM",THUNDER BAY,ON,P7A 8C5,500 Block ALGOMA ST N," TBPS] MISCHIEF IP/SUSP IN AREA, UNDER 5,000",Other Property Crime,MISCHIEF
TB23041560,"10/09/2023, 4:38:11 AM","10/09/2023, 1:03:21 PM",THUNDER BAY,ON,P7B 0B5,BEVERLY ST AND BALMORAL ST, TBPS] LIQUOR LICENCE ACT LIQUOR LICENCE ACT VIOLATION IN PROGRESS,Quality of Life,LIQUOR LICENCE ACT
TB23041461,"10/08/2023, 6:44:31 AM","10/09/2023, 1:03:22 PM",THUNDER BAY,ON,P7B 3Z5,700 Block MEMORIAL AV, TBPS] DRUG OFFENCES SUSP PRESENT OR MAY STILL BE IN AREA,Quality of Life,DRUG OFFENCES
TB23041521,"10/08/2023, 9:07:30 PM","10/09/2023, 1:03:22 PM",THUNDER BAY,ON,P7B 6J8,100 Block PICTON AV, TBPS] TROUBLE WITH YOUTH YOUTHS STILL IN AREA,Quality of Life,TROUBLE WITH YOUTH
TB23041550,"10/09/2023, 2:41:59 AM","10/09/2023, 1:03:22 PM",THUNDER BAY,ON,P7E 5Y8,400 Block GEORGE ST, TBPS] ASSAULT ACCUSED NOT PRESENT,Assault,ASSAULT
TB23041514,"10/08/2023, 8:21:10 PM","10/09/2023, 1:03:23 PM",THUNDER BAY,ON,P7C,WILLIAM ST AND SYNDICATE AV N, TBPS] LIQUOR LICENCE ACT LIQUOR LICENCE ACT VIOLATION IN PROGRESS,Quality of Life,LIQUOR LICENCE ACT
TB23041552,"10/09/2023, 2:56:57 AM","10/09/2023, 1:04:25 PM",THUNDER BAY,ON,P7C 3B9,800 Block MCLAUGHLIN ST, TBPS] B-E BUS/RES/OTH 11-10,Breaking & Entering,B-E BUS/RES/OTH
TB23041557,"10/09/2023, 4:04:04 AM","10/09/2023, 1:04:26 PM",THUNDER BAY,ON,P7E 5S6,ARTHUR ST E AND SELKIRK ST S, TBPS] MOTOR VEHICLE COLLISION MVC NO INJURIES,Traffic,MOTOR VEHICLE COLLISION
TB23041648,"10/10/2023, 2:15:56 AM","10/10/2023, 1:02:19 PM",THUNDER BAY,ON,P7C 2R7,200 Block PACIFIC AV, TBPS] B-E BUS/RES/OTH SUSP PRESENT OR MAY STILL BE IN AREA,Breaking & Entering,B-E BUS/RES/OTH
TB23041503,"10/08/2023, 6:27:23 PM","10/10/2023, 1:02:20 PM",THUNDER BAY,ON,P7E 6S2,100 Block PRINCESS ST, TBPS] DRUG OFFENCES SUSP PRESENT OR MAY STILL BE IN AREA,Quality of Life,DRUG OFFENCES
TB23041581,"10/09/2023, 12:10:12 PM","10/10/2023, 1:02:20 PM",THUNDER BAY,ON,P7B 6T2,700 Block HAMMOND AV, TBPS] B-E BUS/RES/OTH SUSP PRESENT OR MAY STILL BE IN AREA,Breaking & Entering,B-E BUS/RES/OTH
TB23041607,"10/09/2023, 6:04:21 PM","10/10/2023, 1:02:20 PM",THUNDER BAY,ON,P7A 4C6,400 Block VAN NORMAN ST," TBPS] THEFT NOT IN PROGRESS, UNDER 5000",Other Theft,THEFT
TB23041611,"10/09/2023, 6:26:11 PM","10/10/2023, 1:02:20 PM",THUNDER BAY,ON,P7A 3T3,200 Block HARRINGTON AV," TBPS] THEFT NOT IN PROGRESS, FROM MOTOR VEHICLE",Theft from Vehicle,THEFT
TB23041618,"10/09/2023, 7:59:42 PM","10/10/2023, 1:02:20 PM",THUNDER BAY,ON,P7E 1V3,700 Block SELKIRK ST S," TBPS] MISCHIEF 11-10, MICHIEF OVER 5000",Other Property Crime,MISCHIEF
TB23041631,"10/09/2023, 10:30:44 PM","10/10/2023, 1:02:20 PM",THUNDER BAY,ON,P7G,BALSAM ST AND THUNDER BAY EXPRESSWAY, TBPS] MOTOR VEHICLE COLLISION MVC - AMB ENR - DUAL RESP,Other,MOTOR VEHICLE COLLISION
TB23041634,"10/09/2023, 11:08:14 PM","10/10/2023, 1:02:20 PM",THUNDER BAY,ON,P7B 6S2,700 Block MEMORIAL AV," TBPS] MISCHIEF IP/SUSP IN AREA, UNDER 5,000",Other Property Crime,MISCHIEF
TB23041647,"10/10/2023, 1:00:00 AM","10/10/2023, 1:02:20 PM",THUNDER BAY,ON,P7B 5Z5,1200 Block BALMORAL ST, TBPS] ASSAULT ACCUSED PRESENT,Assault,ASSAULT
TB23041738,"10/10/2023, 8:03:19 PM","10/11/2023, 1:02:45 PM",THUNDER BAY,ON,P7A 4M2,100 Block CUMBERLAND ST N, TBPS] MOTOR VEHICLE COLLISION MVC NO INJURIES,Traffic,MOTOR VEHICLE COLLISION
TB23041761,"10/10/2023, 10:28:31 PM","10/11/2023, 1:02:45 PM",THUNDER BAY,ON,P7C 2N7,200 Block ROBERTSON ST, TBPS] B-E BUS/RES/OTH 11-10,Breaking & Entering,B-E BUS/RES/OTH
TB23041764,"10/10/2023, 10:49:02 PM","10/11/2023, 1:02:45 PM",THUNDER BAY,ON,P7B 2R5,900 Block CARRICK ST," TBPS] THEFT IN PROGRESS, OVER 50000",Other Theft,THEFT
TB23041766,"10/10/2023, 11:00:00 PM","10/11/2023, 1:02:45 PM",THUNDER BAY,ON,P7B 4Y7,BLUCHER AV AND WINDSOR ST," TBPS] MISCHIEF 11-10, MICHIEF UNDER 5000",Other Property Crime,MISCHIEF
TB23041768,"10/10/2023, 11:19:14 PM","10/11/2023, 1:02:45 PM",THUNDER BAY,ON,P7E 4H6,300 Block BROCK ST E, TBPS] MOTOR VEHICLE COLLISION MVC NO INJURIES,Traffic,MOTOR VEHICLE COLLISION
TB23041770,"10/10/2023, 11:38:49 PM","10/11/2023, 1:02:45 PM",THUNDER BAY,ON,P7C 4P7,400 Block EDWARD ST N," TBPS] THEFT IN PROGRESS, OVER 50000",Other Theft,THEFT
TB23041771,"10/10/2023, 11:39:39 PM","10/11/2023, 1:02:45 PM",THUNDER BAY,ON,P7A 4P8,300 Block CUMBERLAND ST N, TBPS] ASSAULT SUSP PRESENT OR IN AREA,Assault,ASSAULT
TB23041772,"10/10/2023, 11:41:03 PM","10/11/2023, 1:02:45 PM",THUNDER BAY,ON,P7A 4R1,400 Block CUMBERLAND ST N, TBPS] ASSAULT SUSP PRESENT OR IN AREA,Assault,ASSAULT
TB23041778,"10/11/2023, 12:39:05 AM","10/11/2023, 1:02:45 PM",THUNDER BAY,ON,P7C 3B9,800 Block MCLAUGHLIN ST, TBPS] DRUG OFFENCES SUSP PRESENT OR MAY STILL BE IN AREA,Quality of Life,DRUG OFFENCES
TB23041783,"10/11/2023, 1:02:20 AM","10/11/2023, 1:02:45 PM",THUNDER BAY,ON,P7C 4P7,400 Block EDWARD ST N, TBPS] THEFT SUSP STILL PRESENT OR MAY BE IN AREA,Other Theft,THEFT
TB23041802,"10/11/2023, 3:13:04 AM","10/11/2023, 1:02:45 PM",THUNDER BAY,ON,P7C 3B3,500 Block MCLAUGHLIN ST," TBPS] THEFT NOT IN PROGRESS, UNDER 5000",Other Theft,THEFT
TB23041806,"10/11/2023, 3:42:56 AM","10/11/2023, 1:02:45 PM",THUNDER BAY,ON,P7B 3B8,100 Block ALGOMA ST S, TBPS] ASSAULT SUSP PRESENT OR IN AREA,Assault,ASSAULT
TB23041807,"10/11/2023, 3:42:56 AM","10/11/2023, 1:02:45 PM",THUNDER BAY,ON,P7E 5V3,500 Block DONALD ST E, TBPS] ASSAULT SUSP PRESENT OR IN AREA,Assault,ASSAULT
TB23041812,"10/11/2023, 5:00:00 AM","10/11/2023, 1:02:45 PM",THUNDER BAY,ON,P7A 4Z6,1 Block ALGOMA ST N," TBPS] ASSAULT JUST OCCURRED, ACCUSED NOT PRESENT",Assault,ASSAULT
TB23041811,"10/11/2023, 5:05:47 AM","10/11/2023, 1:02:45 PM",THUNDER BAY,ON,P7B 2R5,900 Block CARRICK ST," TBPS] THEFT NOT IN PROGRESS, UNDER 5000",Other Theft,THEFT
TB23041810,"10/11/2023, 5:01:20 AM","10/11/2023, 1:02:45 PM",THUNDER BAY,ON,P7E 5V3,500 Block DONALD ST E, TBPS] THEFT SUSP STILL PRESENT OR MAY BE IN AREA,Other Theft,THEFT
TB23041813,"10/11/2023, 5:22:20 AM","10/11/2023, 1:02:45 PM",THUNDER BAY,ON,P7B 3Y7,400 Block MEMORIAL AV, TBPS] ASSAULT SUSP PRESENT OR IN AREA,Assault,ASSAULT
TB23041692,"10/10/2023, 3:15:42 PM","10/11/2023, 1:02:46 PM",THUNDER BAY,ON,P7B 4A4,1000 Block MEMORIAL AV," TBPS] MISCHIEF IP/SUSP IN AREA, UNDER 5,000",Other Property Crime,MISCHIEF
TB23041702,"10/10/2023, 4:20:53 PM","10/11/2023, 1:02:46 PM",THUNDER BAY,ON,P7B 2R5,900 Block CARRICK ST, TBPS] THEFT SUSP STILL PRESENT OR MAY BE IN AREA,Other Theft,THEFT
TB23041705,"10/10/2023, 4:52:28 PM","10/11/2023, 1:02:46 PM",THUNDER BAY,ON,P7B 5Z5,1200 Block BALMORAL ST, TBPS] MOTOR VEHICLE COLLISION MVC NO INJURIES,Traffic,MOTOR VEHICLE COLLISION
TB23041713,"10/10/2023, 5:30:59 PM","10/11/2023, 1:02:46 PM",THUNDER BAY,ON,P7G 1P7,OLIVER RD AND JACKPINE RD, TBPS] MOTOR VEHICLE COLLISION MVC - AMB ENR - DUAL RESP,Other,MOTOR VEHICLE COLLISION
TB23041753,"10/10/2023, 9:50:08 PM","10/11/2023, 1:02:46 PM",THUNDER BAY,ON,P7A 3V5,300 Block DAWSON ST," TBPS] THEFT NOT IN PROGRESS, FROM MOTOR VEHICLE",Theft from Vehicle,THEFT
TB23041683,"10/10/2023, 12:41:47 PM","10/11/2023, 1:02:47 PM",THUNDER BAY,ON,P7E 1J2,100 Block VICKERS ST S, TBPS] ASSAULT SUSP PRESENT OR IN AREA,Assault,ASSAULT
TB23041688,"10/10/2023, 2:52:45 PM","10/11/2023, 1:02:47 PM",THUNDER BAY,ON,P7C,GOLF LINKS RD AND HARBOUR EXPRESSWAY, TBPS] MOTOR VEHICLE COLLISION MVC NO INJURIES,Traffic,MOTOR VEHICLE COLLISION
TB23041689,"10/10/2023, 2:53:10 PM","10/11/2023, 1:02:47 PM",THUNDER BAY,ON,P7C,GOLF LINKS RD AND HARBOUR EXPRESSWAY, TBPS] MOTOR VEHICLE COLLISION MVC NO INJURIES,Traffic,MOTOR VEHICLE COLLISION
TB23041694,"10/10/2023, 3:40:33 PM","10/11/2023, 1:02:47 PM",THUNDER BAY,ON,P7G 1M2,JOHN ST. RD AND TOMS RD, TBPS] MOTOR VEHICLE COLLISION MVC - AMB ENR - DUAL RESP,Other,MOTOR VEHICLE COLLISION
TB23041709,"10/10/2023, 5:03:55 PM","10/11/2023, 1:02:47 PM",THUNDER BAY,ON,P7B 5L5,300 Block MOONEY AV," TBPS] MISCHIEF 11-10, MICHIEF OVER 5000",Other Property Crime,MISCHIEF
TB23041714,"10/10/2023, 5:38:13 PM","10/11/2023, 1:02:47 PM",THUNDER BAY,ON,P7A 6H1,100 Block JUNOT AV N," TBPS] MISCHIEF 11-10, MICHIEF UNDER 5000",Other Property Crime,MISCHIEF
TB23041875,"10/11/2023, 6:57:11 PM","10/12/2023, 1:04:17 PM",THUNDER BAY,ON,P7B 2L1,300 Block HESTER ST, TBPS] MOTOR VEHICLE COLLISION 11-10 MVC ANY TYPE,Other,MOTOR VEHICLE COLLISION
TB23041880,"10/11/2023, 7:11:05 PM","10/12/2023, 1:04:17 PM",THUNDER BAY,ON,P7B 3A6,900 Block FORT WILLIAM RD, TBPS] LIQUOR LICENCE ACT LIQUOR LICENCE ACT VIOLATION IN PROGRESS,Quality of Life,LIQUOR LICENCE ACT
TB23041881,"10/11/2023, 7:13:50 PM","10/12/2023, 1:04:17 PM",THUNDER BAY,ON,P7A 4Z6,1 Block ALGOMA ST N, TBPS] MOTOR VEHICLE COLLISION 11-10 MVC ANY TYPE,Other,MOTOR VEHICLE COLLISION
TB23041885,"10/11/2023, 7:33:29 PM","10/12/2023, 1:04:17 PM",THUNDER BAY,ON,P7E 1B4,200 Block MAY ST S, TBPS] ASSAULT SUSP PRESENT OR IN AREA,Assault,ASSAULT
TB23041901,"10/11/2023, 8:45:43 PM","10/12/2023, 1:04:17 PM",THUNDER BAY,ON,P7C 3H7,300 Block SIMPSON ST, TBPS] LIQUOR LICENCE ACT LIQUOR LICENCE ACT VIOLATION IN PROGRESS,Quality of Life,LIQUOR LICENCE ACT
TB23041917,"10/11/2023, 9:54:25 PM","10/12/2023, 1:04:17 PM",THUNDER BAY,ON,P7C 3B9,800 Block MCLAUGHLIN ST, TBPS] B-E BUS/RES/OTH 11-10,Breaking & Entering,B-E BUS/RES/OTH
TB23041907,"10/11/2023, 9:01:00 PM","10/12/2023, 1:04:17 PM",THUNDER BAY,ON,P7B 2R5,900 Block CARRICK ST," TBPS] MISCHIEF IP/SUSP IN AREA, UNDER 5,000",Other Property Crime,MISCHIEF
TB23041922,"10/11/2023, 10:49:16 PM","10/12/2023, 1:04:17 PM",THUNDER BAY,ON,P7B 1R3,BAY ST AND COURT ST S, TBPS] LIQUOR LICENCE ACT LIQUOR LICENCE ACT VIOLATION IN PROGRESS,Quality of Life,LIQUOR LICENCE ACT
TB23041926,"10/11/2023, 11:17:33 PM","10/12/2023, 1:04:17 PM",THUNDER BAY,ON,P7A 7V7,500 Block LANARK CR, TBPS] MOTOR VEHICLE COLLISION MVC NO INJURIES,Traffic,MOTOR VEHICLE COLLISION
TB23041966,"10/12/2023, 4:11:15 AM","10/12/2023, 1:04:17 PM",THUNDER BAY,ON,P7E 4V5,1600 Block WALSH ST E, TBPS] B-E BUS/RES/OTH SUSP PRESENT OR MAY STILL BE IN AREA,Breaking & Entering,B-E BUS/RES/OTH
TB23041861,"10/11/2023, 5:38:12 PM","10/12/2023, 1:04:18 PM",THUNDER BAY,ON,P7C 4V1,ARTHUR ST W AND TWIN CITY CROSSROAD, TBPS] MOTOR VEHICLE COLLISION MVC NO INJURIES,Traffic,MOTOR VEHICLE COLLISION
TB23041887,"10/11/2023, 7:00:00 PM","10/12/2023, 1:04:18 PM",THUNDER BAY,ON,P7J,2400 Block CITY RD, TBPS] MOTOR VEHICLE COLLISION 11-10 MVC ANY TYPE,Other,MOTOR VEHICLE COLLISION
TB23041877,"10/11/2023, 7:01:53 PM","10/12/2023, 1:04:18 PM",THUNDER BAY,ON,P7E,100 Block WATERLOO ST S, TBPS] MOTOR VEHICLE COLLISION 11-10 MVC ANY TYPE,Other,MOTOR VEHICLE COLLISION
TB23041862,"10/11/2023, 5:40:13 PM","10/12/2023, 1:04:18 PM",THUNDER BAY,ON,P7C 1N8,200 Block CUMMING ST, TBPS] STOLEN VEHICLE SUSP PRESENT OR MAY STILL BE IN AREA,Theft of Vehicle,STOLEN VEHICLE
TB23041871,"10/11/2023, 6:44:13 PM","10/12/2023, 1:04:18 PM",THUNDER BAY,ON,P7B 6V4,900 Block OLIVER RD, TBPS] MOTOR VEHICLE COLLISION 11-10 MVC ANY TYPE,Other,MOTOR VEHICLE COLLISION
TB23041893,"10/11/2023, 8:06:42 PM","10/12/2023, 1:04:18 PM",THUNDER BAY,ON,P7C 4S8,1 Block LIMBRICK ST, TBPS] THEFT SUSP STILL PRESENT OR MAY BE IN AREA,Other Theft,THEFT
TB23041821,"10/11/2023, 6:39:05 AM","10/12/2023, 1:04:19 PM",THUNDER BAY,ON,P7A 4P8,300 Block CUMBERLAND ST N, TBPS] ASSAULT SUSP PRESENT OR IN AREA,Assault,ASSAULT
TB23041827,"10/11/2023, 7:57:18 AM","10/12/2023, 1:04:19 PM",THUNDER BAY,ON,P7B 5W7,500 Block FULTON BLVD, TBPS] B-E BUS/RES/OTH SUSP PRESENT OR MAY STILL BE IN AREA,Breaking & Entering,B-E BUS/RES/OTH
TB23041832,"10/11/2023, 9:49:07 AM","10/12/2023, 1:04:19 PM",THUNDER BAY,ON,P7B 3Y2,200 Block MEMORIAL AV, TBPS] ROBBERY NO WEAPONS - SUSP STILL IN AREA,Robbery,ROBBERY
TB23041833,"10/11/2023, 10:14:50 AM","10/12/2023, 1:04:19 PM",THUNDER BAY,ON,P7E 2A6,300 Block KINGSWAY," TBPS] SEXUAL ASSAULT JUST OCCURRED, ACCUSED NOT PRESENT",Other,SEXUAL ASSAULT
TB23041839,"10/11/2023, 1:13:51 PM","10/12/2023, 1:04:19 PM",THUNDER BAY,ON,P7B 5R8,100 Block CUMBERLAND ST S," TBPS] THEFT NOT IN PROGRESS, UNDER 5000",Other Theft,THEFT
TB23041847,"10/11/2023, 3:48:45 PM","10/12/2023, 1:04:19 PM",THUNDER BAY,ON,P7C 3X8,100 Block CENTENNIAL SQ, TBPS] THEFT SUSP STILL PRESENT OR MAY BE IN AREA,Other Theft,THEFT
TB23041857,"10/11/2023, 4:48:42 PM","10/12/2023, 1:04:19 PM",THUNDER BAY,ON,P7E 5R8,600 Block ARTHUR ST W, TBPS] MOTOR VEHICLE COLLISION 11-10 MVC ANY TYPE,Other,MOTOR VEHICLE COLLISION
TB23041979,"10/12/2023, 6:45:20 AM","10/12/2023, 1:04:20 PM",THUNDER BAY,ON,P7C 1N7,200 Block CUMMING ST, TBPS] ASSAULT SUSP PRESENT OR IN AREA,Assault,ASSAULT
TB23041959,"10/12/2023, 2:46:36 AM","10/12/2023, 1:04:21 PM",THUNDER BAY,ON,P7A 4T8,1 Block COURT ST N," TBPS] MISCHIEF IP/SUSP IN AREA, UNDER 5,000",Other Property Crime,MISCHIEF
TB23041961,"10/12/2023, 3:10:09 AM","10/12/2023, 1:04:24 PM",THUNDER BAY,ON,P7C 4V2,800 Block 130 HWY, TBPS] ASSAULT SUSP PRESENT OR IN AREA,Assault,ASSAULT
TB23041977,"10/12/2023, 6:25:23 AM","10/12/2023, 1:04:24 PM",THUNDER BAY,ON,P7C 3H4,200 Block SIMPSON ST, TBPS] ASSAULT SUSP PRESENT OR IN AREA,Assault,ASSAULT
TB23042095,"10/13/2023, 6:00:56 AM","10/13/2023, 1:03:11 PM",THUNDER BAY,ON,P7B 2R5,900 Block CARRICK ST, TBPS] THEFT SUSP STILL PRESENT OR MAY BE IN AREA,Other Theft,THEFT
TB23041679,"10/10/2023, 9:30:54 AM","10/13/2023, 1:03:11 PM",THUNDER BAY,ON,P7E 5Y8,400 Block GEORGE ST, TBPS] ASSAULT ACCUSED NOT PRESENT,Assault,ASSAULT
TB23042041,"10/12/2023, 9:59:28 PM","10/13/2023, 1:03:12 PM",THUNDER BAY,ON,P7A 5A1,100 Block ALGOMA ST N, TBPS] MOTOR VEHICLE COLLISION MVC - AMB ENR - DUAL RESP,Other,MOTOR VEHICLE COLLISION
TB23042044,"10/12/2023, 10:05:08 PM","10/13/2023, 1:03:12 PM",THUNDER BAY,ON,P7B 3A9,SECORD ST AND PEARL ST, TBPS] MOTOR VEHICLE COLLISION MVC - AMB ENR - DUAL RESP,Other,MOTOR VEHICLE COLLISION
TB23042082,"10/13/2023, 2:50:16 AM","10/13/2023, 1:03:12 PM",THUNDER BAY,ON,P7B 2H6,OLIVER RD AND BALMORAL ST, TBPS] MOTOR VEHICLE COLLISION MVC NO INJURIES,Traffic,MOTOR VEHICLE COLLISION
TB23042083,"10/13/2023, 2:50:46 AM","10/13/2023, 1:03:12 PM",THUNDER BAY,ON,P7B 2H6,OLIVER RD AND BALMORAL ST, TBPS] MOTOR VEHICLE COLLISION MVC NO INJURIES,Traffic,MOTOR VEHICLE COLLISION
TB23041790,"10/11/2023, 1:52:33 AM","10/13/2023, 1:03:12 PM",THUNDER BAY,ON,P7E,BEGIN BA AND EDWARD ST S, TBPS] ASSAULT ACCUSED NOT PRESENT,Assault,ASSAULT
TB23042001,"10/12/2023, 4:26:38 PM","10/13/2023, 1:03:13 PM",THUNDER BAY,ON,P7B 5R6,400 Block 11TH AV, TBPS] MOTOR VEHICLE COLLISION 11-10 MVC ANY TYPE,Other,MOTOR VEHICLE COLLISION
TB23042002,"10/12/2023, 4:28:29 PM","10/13/2023, 1:03:13 PM",THUNDER BAY,ON,P7C,HARBOUR EXPRESSWAY AND GOLF LINKS RD, TBPS] MOTOR VEHICLE COLLISION 11-10 MVC ANY TYPE,Other,MOTOR VEHICLE COLLISION
TB23042008,"10/12/2023, 5:15:19 PM","10/13/2023, 1:03:13 PM",THUNDER BAY,ON,P7B 1E7,300 Block PEARL ST, TBPS] MOTOR VEHICLE COLLISION 11-10 MVC ANY TYPE,Other,MOTOR VEHICLE COLLISION
TB23042009,"10/12/2023, 5:18:57 PM","10/13/2023, 1:03:13 PM",THUNDER BAY,ON,P7E 2V3,500 Block ARTHUR ST W, TBPS] MOTOR VEHICLE COLLISION 11-10 MVC ANY TYPE,Other,MOTOR VEHICLE COLLISION
TB23042016,"10/12/2023, 5:48:29 PM","10/13/2023, 1:03:13 PM",THUNDER BAY,ON,P7B 5E3,1000 Block DAWSON RD, TBPS] MOTOR VEHICLE COLLISION 11-10 MVC ANY TYPE,Other,MOTOR VEHICLE COLLISION
TB23042017,"10/12/2023, 5:52:50 PM","10/13/2023, 1:03:13 PM",THUNDER BAY,ON,P7E 4K3,500 Block MARY ST E, TBPS] MOTOR VEHICLE COLLISION 11-10 MVC ANY TYPE,Other,MOTOR VEHICLE COLLISION
TB23042031,"10/12/2023, 8:34:14 PM","10/13/2023, 1:03:13 PM",THUNDER BAY,ON,P7B 2Z2,300 Block FORT WILLIAM RD, TBPS] THEFT SUSP STILL PRESENT OR MAY BE IN AREA,Other Theft,THEFT
TB23042037,"10/12/2023, 9:23:36 PM","10/13/2023, 1:03:13 PM",THUNDER BAY,ON,P7E 5R5,500 Block ARTHUR ST W," TBPS] THEFT NOT IN PROGRESS, UNDER 5000",Other Theft,THEFT
TB23041902,"10/11/2023, 8:46:00 PM","10/13/2023, 1:03:14 PM",THUNDER BAY,ON,P7E 6H2,200 Block AMELIA ST W," TBPS] THEFT NOT IN PROGRESS, UNDER 5000",Other Theft,THEFT
TB23041986,"10/12/2023, 10:40:36 AM","10/13/2023, 1:03:14 PM",THUNDER BAY,ON,P7C 3T8,700 Block BRODIE ST N, TBPS] THEFT SUSP STILL PRESENT OR MAY BE IN AREA,Other Theft,THEFT
TB23041990,"10/12/2023, 1:02:31 PM","10/13/2023, 1:03:14 PM",THUNDER BAY,ON,P7A 7T4,300 Block HASTINGS PL, TBPS] LIQUOR LICENCE ACT LIQUOR LICENCE ACT VIOLATION IN PROGRESS,Quality of Life,LIQUOR LICENCE ACT
TB23041991,"10/12/2023, 1:20:03 PM","10/13/2023, 1:03:14 PM",THUNDER BAY,ON,P7E,NEEBING AV AND WALSH ST W, TBPS] MOTOR VEHICLE COLLISION MVC NO INJURIES,Traffic,MOTOR VEHICLE COLLISION
TB23042003,"10/12/2023, 4:34:06 PM","10/13/2023, 1:03:14 PM",THUNDER BAY,ON,P7E 1E6,VICKERS ST S AND SYNDICATE AV S, TBPS] MOTOR VEHICLE COLLISION 11-10 MVC ANY TYPE,Other,MOTOR VEHICLE COLLISION
TB23042010,"10/12/2023, 5:28:36 PM","10/13/2023, 1:03:14 PM",THUNDER BAY,ON,P7E 4H4,200 Block BROCK ST E, TBPS] MOTOR VEHICLE COLLISION 11-10 MVC ANY TYPE,Other,MOTOR VEHICLE COLLISION
TB23042223,"10/14/2023, 4:29:29 AM","10/14/2023, 1:02:42 PM",THUNDER BAY,ON,P7E 5R5,500 Block ARTHUR ST W, TBPS] LIQUOR LICENCE ACT LIQUOR LICENCE ACT VIOLATION IN PROGRESS,Quality of Life,LIQUOR LICENCE ACT
TB23042234,"10/14/2023, 6:32:39 AM","10/14/2023, 1:02:42 PM",THUNDER BAY,ON,P7B 5R8,100 Block CUMBERLAND ST S, TBPS] ASSAULT SUSP PRESENT OR IN AREA,Assault,ASSAULT
TB23042235,"10/14/2023, 6:44:10 AM","10/14/2023, 1:02:42 PM",THUNDER BAY,ON,P7E 6N3,700 Block JAMES ST S," TBPS] MISCHIEF IP/SUSP IN AREA, UNDER 5,000",Other Property Crime,MISCHIEF
TB23042178,"10/13/2023, 9:45:04 PM","10/14/2023, 1:02:43 PM",THUNDER BAY,ON,P7A 5P6,100 Block THERESA ST, TBPS] ASSAULT ACCUSED NOT PRESENT,Assault,ASSAULT
TB23042193,"10/13/2023, 11:54:57 PM","10/14/2023, 1:02:43 PM",THUNDER BAY,ON,P7B 1K3,800 Block RED RIVER RD," TBPS] MISCHIEF IP/SUSP IN AREA, UNDER 5,000",Other Property Crime,MISCHIEF
TB23042197,"10/14/2023, 12:19:53 AM","10/14/2023, 1:02:43 PM",THUNDER BAY,ON,P7C 1A1,100 Block SIMPSON ST, TBPS] ASSAULT SUSP PRESENT OR IN AREA,Assault,ASSAULT
TB23042204,"10/14/2023, 2:27:09 AM","10/14/2023, 1:02:43 PM",THUNDER BAY,ON,P7A 4R2,400 Block CUMBERLAND ST N, TBPS] STOLEN VEHICLE SUSP NOT IN AREA,Theft of Vehicle,STOLEN VEHICLE
TB23042206,"10/14/2023, 2:45:31 AM","10/14/2023, 1:02:43 PM",THUNDER BAY,ON,P7B 5B4,100 Block REGINA AV, TBPS] LIQUOR LICENCE ACT LIQUOR LICENCE ACT VIOLATION IN PROGRESS,Quality of Life,LIQUOR LICENCE ACT
TB23042216,"10/14/2023, 3:24:05 AM","10/14/2023, 1:02:43 PM",THUNDER BAY,ON,P7B 5P8,400 Block CHELSEA CR, TBPS] LIQUOR LICENCE ACT LIQUOR LICENCE ACT VIOLATION IN PROGRESS,Quality of Life,LIQUOR LICENCE ACT
TB23042219,"10/14/2023, 3:45:33 AM","10/14/2023, 1:02:43 PM",THUNDER BAY,ON,P7E 5R2,JAMES ST S AND ARTHUR ST W, TBPS] MOTOR VEHICLE COLLISION 11-10 MVC ANY TYPE,Other,MOTOR VEHICLE COLLISION
TB23042231,"10/14/2023, 6:09:36 AM","10/14/2023, 1:02:43 PM",THUNDER BAY,ON,.,PROSPECT AV AND ST. PATRICK'S SQ, TBPS] LIQUOR LICENCE ACT LIQUOR LICENCE ACT VIOLATION IN PROGRESS,Quality of Life,LIQUOR LICENCE ACT
TB23042111,"10/13/2023, 10:58:41 AM","10/14/2023, 1:02:44 PM",THUNDER BAY,ON,P7A 4S2,500 Block CUMBERLAND ST N, TBPS] ASSAULT SUSP PRESENT OR IN AREA,Assault,ASSAULT
TB23042119,"10/13/2023, 1:50:00 PM","10/14/2023, 1:02:44 PM",THUNDER BAY,ON,P7A 1L3,300 Block ARUNDEL ST, TBPS] MOTOR VEHICLE COLLISION 11-10 MVC ANY TYPE,Other,MOTOR VEHICLE COLLISION
TB23042121,"10/13/2023, 2:27:02 PM","10/14/2023, 1:02:44 PM",THUNDER BAY,ON,P7B 6Z8,1400 Block NAKINA DR, TBPS] MOTOR VEHICLE COLLISION 11-10 MVC ANY TYPE,Other,MOTOR VEHICLE COLLISION
TB23042136,"10/13/2023, 4:53:52 PM","10/14/2023, 1:02:44 PM",THUNDER BAY,ON,P7A 8A4,100 Block EAST AV, TBPS] MOTOR VEHICLE COLLISION 11-10 MVC ANY TYPE,Other,MOTOR VEHICLE COLLISION
TB23042146,"10/13/2023, 5:23:34 PM","10/14/2023, 1:02:44 PM",THUNDER BAY,ON,P7C 3J7,600 Block SIMPSON ST," TBPS] MISCHIEF 11-10, MICHIEF UNDER 5000",Other Property Crime,MISCHIEF
TB23042149,"10/13/2023, 5:40:01 PM","10/14/2023, 1:02:44 PM",THUNDER BAY,ON,P7E 5Y8,400 Block GEORGE ST," TBPS] THEFT NOT IN PROGRESS, UNDER 5000",Other Theft,THEFT
TB23042158,"10/13/2023, 6:00:00 PM","10/14/2023, 1:02:44 PM",THUNDER BAY,ON,P7E 1T9,600 Block SELKIRK ST S, TBPS] ASSAULT ACCUSED PRESENT,Assault,ASSAULT
TB23042164,"10/13/2023, 7:32:44 PM","10/14/2023, 1:02:44 PM",THUNDER BAY,ON,P7B 6Z8,1400 Block NAKINA DR, TBPS] MOTOR VEHICLE COLLISION 11-10 MVC ANY TYPE,Other,MOTOR VEHICLE COLLISION
TB23042190,"10/13/2023, 11:29:41 PM","10/14/2023, 1:02:44 PM",THUNDER BAY,ON,P7A 5S4,1 Block PARSONS AV, TBPS] B-E BUS/RES/OTH SUSP PRESENT OR MAY STILL BE IN AREA,Breaking & Entering,B-E BUS/RES/OTH
TB23042198,"10/14/2023, 12:25:38 AM","10/14/2023, 1:02:44 PM",THUNDER BAY,ON,P7A 7A3,MEEK ST AND FARRAND ST, TBPS] MOTOR VEHICLE COLLISION MVC NO INJURIES,Traffic,MOTOR VEHICLE COLLISION
TB23042200,"10/14/2023, 1:04:00 AM","10/14/2023, 1:02:44 PM",THUNDER BAY,ON,P7B 4Y2,200 Block PICTON AV, TBPS] TROUBLE WITH YOUTH YOUTHS STILL IN AREA,Quality of Life,TROUBLE WITH YOUTH
TB23042028,"10/12/2023, 8:02:53 PM","10/14/2023, 1:02:45 PM",THUNDER BAY,ON,P7E 5V6,1000 Block DONALD ST E," TBPS] THEFT NOT IN PROGRESS, OVER 5000",Other Theft,THEFT
TB23042125,"10/13/2023, 2:52:21 PM","10/14/2023, 1:02:45 PM",THUNDER BAY,ON,P7A 8C5,500 Block ALGOMA ST N," TBPS] MISCHIEF IP/SUSP IN AREA, UNDER 5,000",Other Property Crime,MISCHIEF
TB23042134,"10/13/2023, 4:44:26 PM","10/14/2023, 1:04:55 PM",THUNDER BAY,ON,P7J 1G3,1700 Block HIGHWAY 61, TBPS] MOTOR VEHICLE COLLISION 11-10 MVC ANY TYPE,Other,MOTOR VEHICLE COLLISION
TB23042323,"10/15/2023, 1:03:41 AM","10/15/2023, 1:02:56 PM",THUNDER BAY,ON,P7B 6H3,300 Block TAMARACK PL, TBPS] B-E BUS/RES/OTH SUSP PRESENT OR MAY STILL BE IN AREA,Breaking & Entering,B-E BUS/RES/OTH
TB23042365,"10/15/2023, 6:55:58 AM","10/15/2023, 1:02:56 PM",THUNDER BAY,ON,P7C 3M2,800 Block MCMILLAN ST, TBPS] ASSAULT SUSP PRESENT OR IN AREA,Assault,ASSAULT
TB23042280,"10/14/2023, 6:13:46 PM","10/15/2023, 1:02:57 PM",THUNDER BAY,ON,P7E 1E3,SYNDICATE AV S AND ARTHUR ST E, TBPS] MOTOR VEHICLE COLLISION MVC NO INJURIES,Traffic,MOTOR VEHICLE COLLISION
TB23042290,"10/14/2023, 8:14:32 PM","10/15/2023, 1:02:57 PM",THUNDER BAY,ON,P7B 1E7,300 Block PEARL ST, TBPS] ASSAULT ACCUSED NOT PRESENT,Assault,ASSAULT
TB23042306,"10/14/2023, 10:07:13 PM","10/15/2023, 1:02:57 PM",THUNDER BAY,ON,P7A 3S4,600 Block RIVER ST, TBPS] MOTOR VEHICLE COLLISION MVC NO INJURIES,Traffic,MOTOR VEHICLE COLLISION
TB23042317,"10/14/2023, 11:41:34 PM","10/15/2023, 1:02:57 PM",THUNDER BAY,ON,P7E 5R5,500 Block ARTHUR ST W," TBPS] MISCHIEF IP/SUSP IN AREA, UNDER 5,000",Other Property Crime,MISCHIEF
TB23042222,"10/14/2023, 4:15:38 AM","10/15/2023, 1:02:58 PM",THUNDER BAY,ON,P7E 5P7,200 Block ARTHUR ST W, TBPS] ASSAULT ACCUSED NOT PRESENT,Assault,ASSAULT
TB23042241,"10/14/2023, 7:26:00 AM","10/15/2023, 1:02:58 PM",THUNDER BAY,ON,.,ATLANTIC AV AND ISLAND DR, TBPS] MOTOR VEHICLE COLLISION MVC - AMB ENR - DUAL RESP,Other,MOTOR VEHICLE COLLISION
TB23042255,"10/14/2023, 9:40:20 AM","10/15/2023, 1:02:58 PM",THUNDER BAY,ON,P7C 5N4,400 Block BALMORAL ST, TBPS] LIQUOR LICENCE ACT LIQUOR LICENCE ACT VIOLATION IN PROGRESS,Quality of Life,LIQUOR LICENCE ACT
TB23042256,"10/14/2023, 10:08:14 AM","10/15/2023, 1:02:58 PM",THUNDER BAY,ON,P7E 5R8,600 Block ARTHUR ST W, TBPS] THEFT SUSP STILL PRESENT OR MAY BE IN AREA,Other Theft,THEFT
TB23042259,"10/14/2023, 10:55:26 AM","10/15/2023, 1:02:58 PM",THUNDER BAY,ON,P7B 5E6,BALMORAL ST AND ALLOY DR, TBPS] LIQUOR LICENCE ACT LIQUOR LICENCE ACT VIOLATION IN PROGRESS,Quality of Life,LIQUOR LICENCE ACT
TB23042264,"10/14/2023, 2:11:33 PM","10/15/2023, 1:02:58 PM",THUNDER BAY,ON,P7A 4K8,1 Block CUMBERLAND ST N," TBPS] ASSAULT JUST OCCURRED, ACCUSED NOT PRESENT",Assault,ASSAULT
TB23042265,"10/14/2023, 2:39:28 PM","10/15/2023, 1:02:58 PM",THUNDER BAY,ON,P7B 6V4,900 Block OLIVER RD, TBPS] LIQUOR LICENCE ACT LIQUOR LICENCE ACT VIOLATION IN PROGRESS,Quality of Life,LIQUOR LICENCE ACT
TB23042276,"10/14/2023, 5:00:59 PM","10/15/2023, 1:02:58 PM",THUNDER BAY,ON,P7E 6T7,600 Block DOCK ST, TBPS] B-E BUS/RES/OTH SUSP PRESENT OR MAY STILL BE IN AREA,Breaking & Entering,B-E BUS/RES/OTH
TB23042287,"10/14/2023, 7:41:03 PM","10/15/2023, 1:02:58 PM",THUNDER BAY,ON,P7C 3C5,600 Block MCTAVISH ST, TBPS] STOLEN VEHICLE SUSP NOT IN AREA,Theft of Vehicle,STOLEN VEHICLE
TB23042439,"10/15/2023, 8:47:29 PM","10/16/2023, 1:03:47 PM",THUNDER BAY,ON,P7B 5R1,1100 Block WATERFORD ST, TBPS] STOLEN VEHICLE SUSP NOT IN AREA,Theft of Vehicle,STOLEN VEHICLE
TB23042441,"10/15/2023, 8:59:27 PM","10/16/2023, 1:03:47 PM",THUNDER BAY,ON,P7C 3W7,400 Block SYNDICATE AV N, TBPS] ROBBERY NO WEAPONS - SUSP STILL IN AREA,Robbery,ROBBERY
TB23042446,"10/15/2023, 10:18:45 PM","10/16/2023, 1:03:47 PM",THUNDER BAY,ON,P7C 5A3,REDWOOD AV W AND JAMES ST N, TBPS] ASSAULT SUSP PRESENT OR IN AREA,Assault,ASSAULT
TB23042455,"10/15/2023, 11:25:48 PM","10/16/2023, 1:03:47 PM",THUNDER BAY,ON,P7A 6C5,1 Block KENOGAMI AV N, TBPS] STOLEN VEHICLE SUSP NOT IN AREA,Theft of Vehicle,STOLEN VEHICLE
TB23042458,"10/16/2023, 12:11:09 AM","10/16/2023, 1:03:47 PM",THUNDER BAY,ON,P7B 1K7,1000 Block DAWSON RD, TBPS] MOTOR VEHICLE COLLISION MVC NO INJURIES,Traffic,MOTOR VEHICLE COLLISION
TB23042051,"10/12/2023, 10:32:45 PM","10/16/2023, 1:03:47 PM",THUNDER BAY,ON,P7E 5R8,1000 Block ARTHUR ST W, TBPS] ASSAULT ACCUSED NOT PRESENT,Assault,ASSAULT
TB23042382,"10/15/2023, 9:25:30 AM","10/16/2023, 1:03:48 PM",THUNDER BAY,ON,P7B 3Y4,300 Block MEMORIAL AV," TBPS] MISCHIEF 11-10, MICHIEF UNDER 5000",Other Property Crime,MISCHIEF
TB23042391,"10/15/2023, 11:16:07 AM","10/16/2023, 1:03:48 PM",THUNDER BAY,ON,P7E 6H2,200 Block AMELIA ST W, TBPS] B-E BUS/RES/OTH SUSP PRESENT OR MAY STILL BE IN AREA,Breaking & Entering,B-E BUS/RES/OTH
TB23042396,"10/15/2023, 12:46:20 PM","10/16/2023, 1:03:48 PM",THUNDER BAY,ON,P7C 3M2,800 Block MCMILLAN ST, TBPS] ASSAULT ACCUSED NOT PRESENT,Assault,ASSAULT
TB23042438,"10/15/2023, 8:24:27 PM","10/16/2023, 1:03:48 PM",THUNDER BAY,ON,P7E 5N2,1300 Block ARTHUR ST E, TBPS] B-E BUS/RES/OTH SUSP PRESENT OR MAY STILL BE IN AREA,Breaking & Entering,B-E BUS/RES/OTH
TB23042304,"10/14/2023, 10:00:49 PM","10/16/2023, 1:03:49 PM",THUNDER BAY,ON,P7J 1E8,2300 Block 61 HWY, TBPS] ASSAULT ACCUSED NOT PRESENT,Assault,ASSAULT
TB23042305,"10/14/2023, 10:04:08 PM","10/16/2023, 1:03:49 PM",THUNDER BAY,ON,P7J 1E8,2300 Block 61 HWY, TBPS] ASSAULT ACCUSED NOT PRESENT,Assault,ASSAULT
TB23042357,"10/15/2023, 5:53:00 AM","10/16/2023, 1:03:49 PM",THUNDER BAY,ON,P7E 6T8,1000 Block MONTREAL ST, TBPS] MOTOR VEHICLE COLLISION MVC NO INJURIES,Traffic,MOTOR VEHICLE COLLISION
TB23042415,"10/15/2023, 5:39:49 PM","10/16/2023, 1:03:49 PM",THUNDER BAY,ON,P7B 6G3,1100 Block LITHIUM DR," TBPS] THEFT NOT IN PROGRESS, UNDER 5000",Other Theft,THEFT
TB23042419,"10/15/2023, 5:53:59 PM","10/16/2023, 1:03:49 PM",THUNDER BAY,ON,P7E 4W7,200 Block WALSH ST W," TBPS] THEFT NOT IN PROGRESS, FROM MOTOR VEHICLE",Theft from Vehicle,THEFT
TB23042486,"10/16/2023, 6:06:10 AM","10/16/2023, 1:05:59 PM",THUNDER BAY,ON,P7C 2C8,400 Block UNIVERSITY DR, TBPS] B-E BUS/RES/OTH SUSP PRESENT OR MAY STILL BE IN AREA,Breaking & Entering,B-E BUS/RES/OTH
TB23042591,"10/17/2023, 1:27:46 AM","10/17/2023, 1:02:56 PM",THUNDER BAY,ON,P7A 8C5,500 Block ALGOMA ST N, TBPS] B-E BUS/RES/OTH SUSP PRESENT OR MAY STILL BE IN AREA,Breaking & Entering,B-E BUS/RES/OTH
TB23042610,"10/17/2023, 4:16:47 AM","10/17/2023, 1:02:56 PM",THUNDER BAY,ON,P7A 4T8,1 Block COURT ST N, TBPS] ROBBERY NO WEAPONS - SUSP STILL IN AREA,Robbery,ROBBERY
TB23042611,"10/17/2023, 4:21:52 AM","10/17/2023, 1:02:56 PM",THUNDER BAY,ON,P7E 5V3,500 Block DONALD ST E, TBPS] ASSAULT SUSP PRESENT OR IN AREA,Assault,ASSAULT
TB23042619,"10/17/2023, 5:37:14 AM","10/17/2023, 1:02:56 PM",THUNDER BAY,ON,P7C 4S8,1 Block LIMBRICK ST, TBPS] B-E BUS/RES/OTH SUSP PRESENT OR MAY STILL BE IN AREA,Breaking & Entering,B-E BUS/RES/OTH
TB23042625,"10/17/2023, 6:57:44 AM","10/17/2023, 1:02:56 PM",THUNDER BAY,ON,P7C 4B1,300 Block VICKERS ST N, TBPS] B-E BUS/RES/OTH SUSP PRESENT OR MAY STILL BE IN AREA,Breaking & Entering,B-E BUS/RES/OTH
TB23042532,"10/16/2023, 6:21:13 PM","10/17/2023, 1:02:57 PM",THUNDER BAY,ON,P7B 4A3,1000 Block MEMORIAL AV, TBPS] MOTOR VEHICLE COLLISION 11-10 MVC ANY TYPE,Other,MOTOR VEHICLE COLLISION
TB23042535,"10/16/2023, 6:40:21 PM","10/17/2023, 1:02:57 PM",THUNDER BAY,ON,P7A 7V1,100 Block COURT ST N, TBPS] MOTOR VEHICLE COLLISION 11-10 MVC ANY TYPE,Other,MOTOR VEHICLE COLLISION
TB23042539,"10/16/2023, 7:09:40 PM","10/17/2023, 1:02:57 PM",THUNDER BAY,ON,P7B 5V1,1000 Block DAWSON RD, TBPS] MOTOR VEHICLE COLLISION 11-10 MVC ANY TYPE,Other,MOTOR VEHICLE COLLISION
TB23042540,"10/16/2023, 7:16:12 PM","10/17/2023, 1:02:57 PM",THUNDER BAY,ON,P7B 3N3,FORT WILLIAM RD AND SIXTH AV, TBPS] MOTOR VEHICLE COLLISION 11-10 MVC ANY TYPE,Other,MOTOR VEHICLE COLLISION
TB23042542,"10/16/2023, 7:30:38 PM","10/17/2023, 1:02:57 PM",THUNDER BAY,ON,P7J 1G6,2000 Block JAMES ST S, TBPS] MOTOR VEHICLE COLLISION 11-10 MVC ANY TYPE,Other,MOTOR VEHICLE COLLISION
TB23042562,"10/16/2023, 10:06:43 PM","10/17/2023, 1:02:57 PM",THUNDER BAY,ON,P7B 1Z7,700 Block JOHN ST," TBPS] MISCHIEF 11-10, MICHIEF UNDER 5000",Other Property Crime,MISCHIEF
TB23042567,"10/16/2023, 10:40:56 PM","10/17/2023, 1:02:57 PM",THUNDER BAY,ON,P7C 4R1,WILLIAM ST AND EDWARD ST N, TBPS] MOTOR VEHICLE COLLISION MVC NO INJURIES,Traffic,MOTOR VEHICLE COLLISION
TB23042571,"10/16/2023, 11:01:49 PM","10/17/2023, 1:02:57 PM",THUNDER BAY,ON,P7B 5Z5,1200 Block BALMORAL ST," TBPS] THEFT NOT IN PROGRESS, OVER 5000",Other Theft,THEFT
TB23042572,"10/16/2023, 11:05:17 PM","10/17/2023, 1:02:57 PM",THUNDER BAY,ON,P7E 5N6,1700 Block ARTHUR ST E," TBPS] ASSAULT JUST OCCURRED, ACCUSED NOT PRESENT",Assault,ASSAULT
TB23042589,"10/17/2023, 1:14:04 AM","10/17/2023, 1:02:57 PM",THUNDER BAY,ON,P7C 3B5,600 Block MCLAUGHLIN ST," TBPS] THEFT NOT IN PROGRESS, UNDER 5000",Other Theft,THEFT
TB23042613,"10/17/2023, 4:31:34 AM","10/17/2023, 1:02:57 PM",THUNDER BAY,ON,P7C 2N3,OGDEN ST AND PRINCE ARTHUR BLVD, TBPS] MOTOR VEHICLE COLLISION MVC INJURIES FIRE NOT REQ,Traffic,MOTOR VEHICLE COLLISION
TB23042507,"10/16/2023, 3:35:51 PM","10/17/2023, 1:02:58 PM",THUNDER BAY,ON,P7C 3S1,700 Block MAY ST N, TBPS] MOTOR VEHICLE COLLISION MVC NO INJURIES,Traffic,MOTOR VEHICLE COLLISION
TB23042517,"10/16/2023, 5:06:53 PM","10/17/2023, 1:02:58 PM",THUNDER BAY,ON,P7E 4C7,JAMES ST S AND FRANCIS ST W, TBPS] MOTOR VEHICLE COLLISION MVC NO INJURIES,Traffic,MOTOR VEHICLE COLLISION
TB23042518,"10/16/2023, 5:11:22 PM","10/17/2023, 1:02:58 PM",THUNDER BAY,ON,P7E 1A9,100 Block MAY ST S," TBPS] THEFT NOT IN PROGRESS, FROM MOTOR VEHICLE",Theft from Vehicle,THEFT
TB23042521,"10/16/2023, 5:38:08 PM","10/17/2023, 1:02:58 PM",THUNDER BAY,ON,P7B,1 Block AV AND MEMORIAL AV, TBPS] MOTOR VEHICLE COLLISION 11-10 MVC ANY TYPE,Other,MOTOR VEHICLE COLLISION
TB23042523,"10/16/2023, 5:44:58 PM","10/17/2023, 1:02:58 PM",THUNDER BAY,ON,P7B,PARK AV AND CUMBERLAND ST S, TBPS] MOTOR VEHICLE COLLISION 11-10 MVC ANY TYPE,Other,MOTOR VEHICLE COLLISION
TB23042524,"10/16/2023, 5:50:40 PM","10/17/2023, 1:02:58 PM",THUNDER BAY,ON,P7B 4S2,KENOGAMI AV S AND WINDSOR ST, TBPS] MOTOR VEHICLE COLLISION 11-10 MVC ANY TYPE,Other,MOTOR VEHICLE COLLISION
TB23042526,"10/16/2023, 5:54:31 PM","10/17/2023, 1:02:58 PM",THUNDER BAY,ON,P7C 1B2,100 Block ARCHIBALD ST N, TBPS] MOTOR VEHICLE COLLISION 11-10 MVC ANY TYPE,Other,MOTOR VEHICLE COLLISION
TB23042577,"10/16/2023, 11:58:22 PM","10/17/2023, 1:02:58 PM",THUNDER BAY,ON,P7A 8C5,500 Block ALGOMA ST N," TBPS] MISCHIEF 11-10, MICHIEF UNDER 5000",Other Property Crime,MISCHIEF
TB23042434,"10/15/2023, 7:58:41 PM","10/17/2023, 1:02:59 PM",THUNDER BAY,ON,P7B 6H2,800 Block TUNGSTEN ST," TBPS] THEFT NOT IN PROGRESS, OVER 5000",Other Theft,THEFT
TB23042738,"10/18/2023, 1:10:56 AM","10/18/2023, 1:03:22 PM",THUNDER BAY,ON,P7E 5B7,MARKS ST S AND ISABELLA ST E, TBPS] MOTOR VEHICLE COLLISION MVC - AMB ENR - DUAL RESP,Other,MOTOR VEHICLE COLLISION
TB23042745,"10/18/2023, 2:30:39 AM","10/18/2023, 1:03:22 PM",THUNDER BAY,ON,P7E 2M6,1400 Block BROWN ST, TBPS] ASSAULT ACCUSED NOT PRESENT,Assault,ASSAULT
TB23042761,"10/18/2023, 5:40:35 AM","10/18/2023, 1:03:22 PM",THUNDER BAY,ON,P7E,700 Block RUSKIN CR, TBPS] B-E BUS/RES/OTH SUSP PRESENT OR MAY STILL BE IN AREA,Breaking & Entering,B-E BUS/RES/OTH
TB23042767,"10/18/2023, 8:09:48 AM","10/18/2023, 1:03:22 PM",THUNDER BAY,ON,P7A 4K8,1 Block CUMBERLAND ST N, TBPS] MOTOR VEHICLE COLLISION MVC NO INJURIES,Traffic,MOTOR VEHICLE COLLISION
TB23042652,"10/17/2023, 3:29:51 PM","10/18/2023, 1:03:23 PM",THUNDER BAY,ON,P7E 6S2,100 Block PRINCESS ST, TBPS] MOTOR VEHICLE COLLISION 11-10 MVC ANY TYPE,Other,MOTOR VEHICLE COLLISION
TB23042677,"10/17/2023, 7:16:23 PM","10/18/2023, 1:03:23 PM",THUNDER BAY,ON,P7C 3V9,200 Block SYNDICATE AV N, TBPS] MOTOR VEHICLE COLLISION 11-10 MVC ANY TYPE,Other,MOTOR VEHICLE COLLISION
TB23042687,"10/17/2023, 7:50:58 PM","10/18/2023, 1:03:23 PM",THUNDER BAY,ON,P7B 2R5,900 Block CARRICK ST, TBPS] THEFT SUSP STILL PRESENT OR MAY BE IN AREA,Other Theft,THEFT
TB23042688,"10/17/2023, 7:51:07 PM","10/18/2023, 1:03:23 PM",THUNDER BAY,ON,P7B 2X7,100 Block COURT ST S, TBPS] DRUG OFFENCES SUSP PRESENT OR MAY STILL BE IN AREA,Quality of Life,DRUG OFFENCES
TB23042689,"10/17/2023, 7:56:37 PM","10/18/2023, 1:03:23 PM",THUNDER BAY,ON,P7B 5L6,300 Block MAIN ST, TBPS] MOTOR VEHICLE COLLISION 11-10 MVC ANY TYPE,Other,MOTOR VEHICLE COLLISION
TB23042690,"10/17/2023, 8:03:04 PM","10/18/2023, 1:03:23 PM",THUNDER BAY,ON,P7E 6P9,ARTHUR ST W AND VALHALLA INN RD, TBPS] MOTOR VEHICLE COLLISION 11-10 MVC ANY TYPE,Other,MOTOR VEHICLE COLLISION
TB23042691,"10/17/2023, 8:03:49 PM","10/18/2023, 1:03:23 PM",THUNDER BAY,ON,P7B 5L6,300 Block MAIN ST, TBPS] MOTOR VEHICLE COLLISION 11-10 MVC ANY TYPE,Other,MOTOR VEHICLE COLLISION
TB23042693,"10/17/2023, 8:17:10 PM","10/18/2023, 1:03:23 PM",THUNDER BAY,ON,P7B 1K2,800 Block RED RIVER RD, TBPS] MOTOR VEHICLE COLLISION 11-10 MVC ANY TYPE,Other,MOTOR VEHICLE COLLISION
TB23042699,"10/17/2023, 8:53:34 PM","10/18/2023, 1:03:23 PM",THUNDER BAY,ON,P7B 6E7,900 Block BALMORAL ST," TBPS] THEFT NOT IN PROGRESS, UNDER 5000",Other Theft,THEFT
TB23042705,"10/17/2023, 9:31:17 PM","10/18/2023, 1:03:23 PM",THUNDER BAY,ON,P7C 3S2,WILLIAM ST AND MAY ST N, TBPS] MOTOR VEHICLE COLLISION MVC - AMB ENR - DUAL RESP,Other,MOTOR VEHICLE COLLISION
TB23042709,"10/17/2023, 9:48:00 PM","10/18/2023, 1:03:23 PM",THUNDER BAY,ON,P7B 6J8,1 Block PICTON AV," TBPS] MISCHIEF IP/SUSP IN AREA, UNDER 5,000",Other Property Crime,MISCHIEF
TB23042731,"10/18/2023, 12:06:47 AM","10/18/2023, 1:03:23 PM",THUNDER BAY,ON,P7E 5V3,500 Block DONALD ST E," TBPS] ASSAULT JUST OCCURRED, ACCUSED NOT PRESENT",Assault,ASSAULT
TB23042748,"10/18/2023, 2:42:08 AM","10/18/2023, 1:03:23 PM",THUNDER BAY,ON,P7B 6J6,100 Block PICTON AV," TBPS] MISCHIEF IP/SUSP IN AREA, UNDER 5,000",Other Property Crime,MISCHIEF
TB23042759,"10/18/2023, 5:10:58 AM","10/18/2023, 1:03:23 PM",THUNDER BAY,ON,P7C 2E1,100 Block BAYBERRY CR, TBPS] LIQUOR LICENCE ACT LIQUOR LICENCE ACT VIOLATION IN PROGRESS,Quality of Life,LIQUOR LICENCE ACT
TB23042642,"10/17/2023, 12:14:02 PM","10/18/2023, 1:03:24 PM",THUNDER BAY,ON,P7C 2V3,600 Block SOUTHERN AV, TBPS] B-E BUS/RES/OTH SUSP PRESENT OR MAY STILL BE IN AREA,Breaking & Entering,B-E BUS/RES/OTH
TB23042646,"10/17/2023, 2:43:38 PM","10/18/2023, 1:03:24 PM",THUNDER BAY,ON,P7E,ISLAND DR AND 104TH ST, TBPS] MOTOR VEHICLE COLLISION 11-10 MVC ANY TYPE,Other,MOTOR VEHICLE COLLISION
TB23042653,"10/17/2023, 4:01:51 PM","10/18/2023, 1:03:24 PM",THUNDER BAY,ON,P7B 5L6,300 Block MAIN ST, TBPS] MOTOR VEHICLE COLLISION 11-10 MVC ANY TYPE,Other,MOTOR VEHICLE COLLISION
TB23042654,"10/17/2023, 4:13:28 PM","10/18/2023, 1:03:24 PM",THUNDER BAY,ON,P7A 0E7,2200 Block SLEEPING GIANT PKWY, TBPS] MOTOR VEHICLE COLLISION 11-10 MVC ANY TYPE,Other,MOTOR VEHICLE COLLISION
TB23042658,"10/17/2023, 4:24:51 PM","10/18/2023, 1:03:24 PM",THUNDER BAY,ON,P7B 2R5,900 Block CARRICK ST, TBPS] THEFT SUSP STILL PRESENT OR MAY BE IN AREA,Other Theft,THEFT
TB23042662,"10/17/2023, 4:57:12 PM","10/18/2023, 1:03:24 PM",THUNDER BAY,ON,P7B 0B5,600 Block BEVERLY ST," TBPS] MISCHIEF 11-10, MICHIEF UNDER 5000",Other Property Crime,MISCHIEF
TB23042679,"10/17/2023, 7:27:20 PM","10/18/2023, 1:03:24 PM",THUNDER BAY,ON,P7J 1K3,CITY RD AND MISSION RD, TBPS] MOTOR VEHICLE COLLISION 11-10 MVC ANY TYPE,Other,MOTOR VEHICLE COLLISION
TB23042681,"10/17/2023, 7:34:24 PM","10/18/2023, 1:03:24 PM",THUNDER BAY,ON,P7B 3X9,400 Block RUPERT ST, TBPS] MOTOR VEHICLE COLLISION 11-10 MVC ANY TYPE,Other,MOTOR VEHICLE COLLISION
TB23042682,"10/17/2023, 7:40:59 PM","10/18/2023, 1:03:24 PM",THUNDER BAY,ON,P7C 2R8,ROBERTSON ST AND PACIFIC AV, TBPS] ASSAULT ACCUSED NOT PRESENT,Assault,ASSAULT
TB23042684,"10/17/2023, 7:45:11 PM","10/18/2023, 1:03:24 PM",THUNDER BAY,ON,P7E 1J7,400 Block VICKERS ST S, TBPS] B-E BUS/RES/OTH 11-10,Breaking & Entering,B-E BUS/RES/OTH
TB23042685,"10/17/2023, 7:48:04 PM","10/18/2023, 1:03:24 PM",THUNDER BAY,ON,P7B 3A6,900 Block FORT WILLIAM RD, TBPS] MOTOR VEHICLE COLLISION 11-10 MVC ANY TYPE,Other,MOTOR VEHICLE COLLISION
TB23042694,"10/17/2023, 8:36:11 PM","10/18/2023, 1:03:24 PM",THUNDER BAY,ON,P7B 5V1,1000 Block DAWSON RD," TBPS] THEFT NOT IN PROGRESS, UNDER 5000",Other Theft,THEFT
TB23042697,"10/17/2023, 8:48:51 PM","10/18/2023, 1:03:24 PM",THUNDER BAY,ON,P7B 6P2,200 Block BAY ST," TBPS] THEFT NOT IN PROGRESS, UNDER 5000",Other Theft,THEFT
TB23042704,"10/17/2023, 9:21:44 PM","10/18/2023, 1:03:24 PM",THUNDER BAY,ON,P7G 2H5,300 Block BELTON ST, TBPS] MOTOR VEHICLE COLLISION MVC NO INJURIES,Traffic,MOTOR VEHICLE COLLISION
TB23042861,"10/18/2023, 10:42:13 PM","10/19/2023, 1:02:48 PM",THUNDER BAY,ON,P7B 2X8,100 Block COURT ST S, TBPS] DRUG OFFENCES SUSP PRESENT OR MAY STILL BE IN AREA,Quality of Life,DRUG OFFENCES
TB23042868,"10/18/2023, 11:56:43 PM","10/19/2023, 1:02:48 PM",THUNDER BAY,ON,P7B 2G1,OLIVER RD AND HIGH ST S, TBPS] MOTOR VEHICLE COLLISION MVC - AMB ENR - DUAL RESP,Other,MOTOR VEHICLE COLLISION
TB23042876,"10/19/2023, 1:46:06 AM","10/19/2023, 1:02:48 PM",THUNDER BAY,ON,P7E 4B1,100 Block FRANCIS ST E, TBPS] B-E BUS/RES/OTH SUSP PRESENT OR MAY STILL BE IN AREA,Breaking & Entering,B-E BUS/RES/OTH
TB23042877,"10/19/2023, 1:47:27 AM","10/19/2023, 1:02:48 PM",THUNDER BAY,ON,P7E 1B4,200 Block MAY ST S, TBPS] ASSAULT SUSP PRESENT OR IN AREA,Assault,ASSAULT
TB23042887,"10/19/2023, 3:30:14 AM","10/19/2023, 1:02:48 PM",THUNDER BAY,ON,P7B 2R5,900 Block CARRICK ST, TBPS] THEFT SUSP STILL PRESENT OR MAY BE IN AREA,Other Theft,THEFT
TB23042898,"10/19/2023, 4:32:06 AM","10/19/2023, 1:02:48 PM",THUNDER BAY,ON,P7B 2R5,900 Block CARRICK ST, TBPS] THEFT SUSP STILL PRESENT OR MAY BE IN AREA,Other Theft,THEFT
TB23042906,"10/19/2023, 5:59:24 AM","10/19/2023, 1:02:48 PM",THUNDER BAY,ON,P7B 2R5,900 Block CARRICK ST," TBPS] THEFT NOT IN PROGRESS, UNDER 5000",Other Theft,THEFT
TB23042801,"10/18/2023, 4:55:15 PM","10/19/2023, 1:02:49 PM",THUNDER BAY,ON,P7B 5V1,1000 Block DAWSON RD, TBPS] MOTOR VEHICLE COLLISION 11-10 MVC ANY TYPE,Other,MOTOR VEHICLE COLLISION
TB23042810,"10/18/2023, 5:39:50 PM","10/19/2023, 1:02:49 PM",THUNDER BAY,ON,P7C 6A8,100 Block WATERLOO ST N, TBPS] MOTOR VEHICLE COLLISION 11-10 MVC ANY TYPE,Other,MOTOR VEHICLE COLLISION
TB23042828,"10/18/2023, 7:16:52 PM","10/19/2023, 1:02:49 PM",THUNDER BAY,ON,P7B 3Z8,700 Block MEMORIAL AV, TBPS] THEFT SUSP STILL PRESENT OR MAY BE IN AREA,Other Theft,THEFT
TB23042829,"10/18/2023, 7:35:03 PM","10/19/2023, 1:02:49 PM",THUNDER BAY,ON,P7A 1W3,800 Block HODDER AV, TBPS] MOTOR VEHICLE COLLISION 11-10 MVC ANY TYPE,Other,MOTOR VEHICLE COLLISION
TB23042834,"10/18/2023, 7:44:02 PM","10/19/2023, 1:02:49 PM",THUNDER BAY,ON,P7A 4S4,1 Block ST. PAUL ST, TBPS] MOTOR VEHICLE COLLISION 11-10 MVC ANY TYPE,Other,MOTOR VEHICLE COLLISION
TB23042850,"10/18/2023, 9:34:29 PM","10/19/2023, 1:02:49 PM",THUNDER BAY,ON,P7B 4T4,200 Block ALGONQUIN AV S," TBPS] THEFT NOT IN PROGRESS, UNDER 5000",Other Theft,THEFT
TB23042858,"10/18/2023, 10:33:00 PM","10/19/2023, 1:02:49 PM",THUNDER BAY,ON,P7B 1V3,100 Block WINDSOR ST, TBPS] THEFT SUSP STILL PRESENT OR MAY BE IN AREA,Other Theft,THEFT
TB23042768,"10/18/2023, 8:10:46 AM","10/19/2023, 1:02:50 PM",THUNDER BAY,ON,P7A 4K8,1 Block CUMBERLAND ST N, TBPS] MOTOR VEHICLE COLLISION MVC - AMB ENR - DUAL RESP,Other,MOTOR VEHICLE COLLISION
TB23042769,"10/18/2023, 8:19:25 AM","10/19/2023, 1:02:50 PM",THUNDER BAY,ON,P7A 3S3,500 Block RIVER ST, TBPS] LIQUOR LICENCE ACT LIQUOR LICENCE ACT VIOLATION IN PROGRESS,Quality of Life,LIQUOR LICENCE ACT
TB23042799,"10/18/2023, 4:46:17 PM","10/19/2023, 1:02:50 PM",THUNDER BAY,ON,P7A 2S9,100 Block OTTO ST, TBPS] B-E BUS/RES/OTH 11-10,Breaking & Entering,B-E BUS/RES/OTH
TB23042814,"10/18/2023, 6:00:12 PM","10/19/2023, 1:02:50 PM",THUNDER BAY,ON,P7B 5Z5,BALMORAL ST AND CENTRAL AV, TBPS] MOTOR VEHICLE COLLISION 11-10 MVC ANY TYPE,Other,MOTOR VEHICLE COLLISION
TB23042830,"10/18/2023, 7:35:06 PM","10/19/2023, 1:02:50 PM",THUNDER BAY,ON,P7A 3Y7,300 Block TUPPER ST," TBPS] THEFT NOT IN PROGRESS, UNDER 5000",Other Theft,THEFT
TB23042985,"10/19/2023, 9:35:46 PM","10/20/2023, 1:03:37 PM",THUNDER BAY,ON,P7A 8A6,500 Block TOLEDO ST, TBPS] MOTOR VEHICLE COLLISION MVC NO INJURIES,Traffic,MOTOR VEHICLE COLLISION
TB23043015,"10/20/2023, 2:23:28 AM","10/20/2023, 1:03:37 PM",THUNDER BAY,ON,P7C 4P7,400 Block EDWARD ST N, TBPS] LIQUOR LICENCE ACT LIQUOR LICENCE ACT VIOLATION IN PROGRESS,Quality of Life,LIQUOR LICENCE ACT
TB23043021,"10/20/2023, 3:10:16 AM","10/20/2023, 1:03:37 PM",THUNDER BAY,ON,P7B 5K5,1100 Block MEMORIAL AV, TBPS] TROUBLE WITH YOUTH YOUTHS STILL IN AREA,Quality of Life,TROUBLE WITH YOUTH
TB23042933,"10/19/2023, 3:59:51 PM","10/20/2023, 1:03:38 PM",THUNDER BAY,ON,P7C 4B1,300 Block VICKERS ST N, TBPS] ASSAULT SUSP PRESENT OR IN AREA,Assault,ASSAULT
TB23042948,"10/19/2023, 5:07:29 PM","10/20/2023, 1:03:38 PM",THUNDER BAY,ON,P7B 6C9,700 Block CENTRAL AV, TBPS] MOTOR VEHICLE COLLISION MVC NO INJURIES,Traffic,MOTOR VEHICLE COLLISION
TB23042957,"10/19/2023, 6:04:47 PM","10/20/2023, 1:03:38 PM",THUNDER BAY,ON,P7E 3R3,EDWARD ST S AND GORE ST E, TBPS] MOTOR VEHICLE COLLISION MVC NO INJURIES,Traffic,MOTOR VEHICLE COLLISION
TB23042966,"10/19/2023, 7:25:31 PM","10/20/2023, 1:03:38 PM",THUNDER BAY,ON,P7E 4Z1,1700 Block MOODIE ST E," TBPS] MISCHIEF IP/SUSP IN AREA, UNDER 5,000",Other Property Crime,MISCHIEF
TB23042967,"10/19/2023, 7:33:57 PM","10/20/2023, 1:03:38 PM",THUNDER BAY,ON,P7B 2M3,200 Block LISGAR ST, TBPS] MOTOR VEHICLE COLLISION MVC NO INJURIES,Traffic,MOTOR VEHICLE COLLISION
TB23042975,"10/19/2023, 8:16:12 PM","10/20/2023, 1:03:38 PM",THUNDER BAY,ON,P7A 4M2,100 Block CUMBERLAND ST N, TBPS] ASSAULT SUSP PRESENT OR IN AREA,Assault,ASSAULT
TB23042979,"10/19/2023, 8:30:10 PM","10/20/2023, 1:03:38 PM",THUNDER BAY,ON,P7B 5Z5,1200 Block BALMORAL ST," TBPS] THEFT NOT IN PROGRESS, UNDER 5000",Other Theft,THEFT
TB23042987,"10/19/2023, 10:14:14 PM","10/20/2023, 1:03:38 PM",THUNDER BAY,ON,P7E 4B9,100 Block FRANCIS ST W, TBPS] B-E BUS/RES/OTH SUSP PRESENT OR MAY STILL BE IN AREA,Breaking & Entering,B-E BUS/RES/OTH
TB23043001,"10/19/2023, 11:59:32 PM","10/20/2023, 1:03:38 PM",THUNDER BAY,ON,P7B 1K3,800 Block RED RIVER RD, TBPS] DRUG OFFENCES SUSP PRESENT OR MAY STILL BE IN AREA,Quality of Life,DRUG OFFENCES
TB23042875,"10/19/2023, 1:45:44 AM","10/20/2023, 1:03:39 PM",THUNDER BAY,ON,P7G 1K1,BELROSE RD AND KEMBEL RD, TBPS] MISCHIEF NIP GRAFFITTI,Other Property Crime,MISCHIEF
TB23042916,"10/19/2023, 12:50:22 PM","10/20/2023, 1:03:39 PM",THUNDER BAY,ON,P7B 5N5,200 Block RAVENWOOD AV, TBPS] ASSAULT SUSP PRESENT OR IN AREA,Assault,ASSAULT
TB23042919,"10/19/2023, 2:06:06 PM","10/20/2023, 1:03:39 PM",THUNDER BAY,ON,P0T 2G0,100 Block SAARI RD, TBPS] MOTOR VEHICLE COLLISION 11-10 MVC ANY TYPE,Other,MOTOR VEHICLE COLLISION
TB23042920,"10/19/2023, 2:12:54 PM","10/20/2023, 1:03:39 PM",THUNDER BAY,ON,P0T 2G0,6300 Block TOWNLINE RD, TBPS] MOTOR VEHICLE COLLISION 11-10 MVC ANY TYPE,Other,MOTOR VEHICLE COLLISION
TB23042921,"10/19/2023, 2:28:00 PM","10/20/2023, 1:03:39 PM",THUNDER BAY,ON,P7B,QUEEN ST AND MEMORIAL AV, TBPS] MOTOR VEHICLE COLLISION 11-10 MVC ANY TYPE,Other,MOTOR VEHICLE COLLISION
TB23042923,"10/19/2023, 2:57:05 PM","10/20/2023, 1:03:39 PM",THUNDER BAY,ON,P7E 5P1,ARTHUR ST E AND FORD ST S, TBPS] MOTOR VEHICLE COLLISION 11-10 MVC ANY TYPE,Other,MOTOR VEHICLE COLLISION
TB23042927,"10/19/2023, 3:35:02 PM","10/20/2023, 1:03:39 PM",THUNDER BAY,ON,P7C 5V3,BALMORAL ST AND NORAH CR, TBPS] MOTOR VEHICLE COLLISION 11-10 MVC ANY TYPE,Other,MOTOR VEHICLE COLLISION
TB23042930,"10/19/2023, 3:40:54 PM","10/20/2023, 1:03:39 PM",THUNDER BAY,ON,P7B,PARK AV AND COURT ST S, TBPS] MOTOR VEHICLE COLLISION 11-10 MVC ANY TYPE,Other,MOTOR VEHICLE COLLISION
TB23042937,"10/19/2023, 4:10:58 PM","10/20/2023, 1:03:39 PM",THUNDER BAY,ON,P7B 6L9,HARBOUR EXPRESSWAY AND CARRICK ST, TBPS] MOTOR VEHICLE COLLISION 11-10 MVC ANY TYPE,Other,MOTOR VEHICLE COLLISION
TB23042912,"10/19/2023, 10:16:42 AM","10/20/2023, 1:03:58 PM",THUNDER BAY,ON,P7C 2X1,1200 Block FOREST ST, TBPS] ASSAULT ACCUSED NOT PRESENT,Assault,ASSAULT
TB23043029,"10/20/2023, 4:22:14 AM","10/20/2023, 1:03:58 PM",THUNDER BAY,ON,P7C 2N3,300 Block OGDEN ST, TBPS] B-E BUS/RES/OTH SUSP PRESENT OR MAY STILL BE IN AREA,Breaking & Entering,B-E BUS/RES/OTH
TB23043030,"10/20/2023, 4:58:03 AM","10/20/2023, 1:03:58 PM",THUNDER BAY,ON,P7B,DAWSON RD AND HILLDALE RD, TBPS] MOTOR VEHICLE COLLISION MVC NO INJURIES,Traffic,MOTOR VEHICLE COLLISION
TB23043171,"10/21/2023, 6:30:13 AM","10/21/2023, 1:04:34 PM",THUNDER BAY,ON,P7B 1V8,200 Block WINDSOR ST, TBPS] ASSAULT SUSP PRESENT OR IN AREA,Assault,ASSAULT
TB23043149,"10/21/2023, 3:10:30 AM","10/21/2023, 1:04:35 PM",THUNDER BAY,ON,P7A 5V6,UNKNOWN STREET AND UNKNOWN STREET, TBPS] MOTOR VEHICLE COLLISION MVC NO INJURIES,Traffic,MOTOR VEHICLE COLLISION
TB23043151,"10/21/2023, 3:26:25 AM","10/21/2023, 1:04:35 PM",THUNDER BAY,ON,P7K,TOWNLINE RD AND POLE LINE RD, TBPS] MOTOR VEHICLE COLLISION MVC NO INJURIES,Traffic,MOTOR VEHICLE COLLISION
TB23043154,"10/21/2023, 3:44:03 AM","10/21/2023, 1:04:35 PM",THUNDER BAY,ON,P7B 1Y5,500 Block JOHN ST, TBPS] ASSAULT SUSP PRESENT OR IN AREA,Assault,ASSAULT
TB23043153,"10/21/2023, 3:42:43 AM","10/21/2023, 1:04:35 PM",THUNDER BAY,ON,P7B 5K5,1100 Block MEMORIAL AV," TBPS] ASSAULT JUST OCCURRED, ACCUSED NOT PRESENT",Assault,ASSAULT
TB23043112,"10/20/2023, 8:27:51 PM","10/21/2023, 1:04:36 PM",THUNDER BAY,ON,P7C 2N4,300 Block OGDEN ST, TBPS] STOLEN VEHICLE SUSP PRESENT OR MAY STILL BE IN AREA,Theft of Vehicle,STOLEN VEHICLE
TB23043134,"10/21/2023, 12:40:31 AM","10/21/2023, 1:04:36 PM",THUNDER BAY,ON,P7C 3G4,900 Block ALEXANDRA ST, TBPS] POSSESSION OF STOLEN PROPERTY ACCUSED PRESENT,Theft,POSSESSION OF STOLEN PROPERTY
TB23043084,"10/20/2023, 5:53:46 PM","10/21/2023, 1:04:36 PM",THUNDER BAY,ON,P7B 5L6,300 Block MAIN ST, TBPS] MOTOR VEHICLE COLLISION 11-10 MVC ANY TYPE,Other,MOTOR VEHICLE COLLISION
TB23043131,"10/20/2023, 11:49:25 PM","10/21/2023, 1:04:36 PM",THUNDER BAY,ON,P7B,THUNDER BAY EXPRESSWAY AND OLIVER RD, TBPS] MOTOR VEHICLE COLLISION MVC - AMB ENR - DUAL RESP,Other,MOTOR VEHICLE COLLISION
TB23043111,"10/20/2023, 8:26:19 PM","10/21/2023, 1:04:36 PM",THUNDER BAY,ON,P7A 5S3,300 Block HIGH ST N, TBPS] ASSAULT ACCUSED NOT PRESENT,Assault,ASSAULT
TB23043119,"10/20/2023, 9:19:58 PM","10/21/2023, 1:04:36 PM",THUNDER BAY,ON,P7C 2N4,300 Block OGDEN ST, TBPS] STOLEN VEHICLE SUSP NOT IN AREA,Theft of Vehicle,STOLEN VEHICLE
TB23043122,"10/20/2023, 9:53:14 PM","10/21/2023, 1:04:36 PM",THUNDER BAY,ON,P7A 3P1,COURT ST N AND RIVER ST, TBPS] MOTOR VEHICLE COLLISION VEHICLE LEAKING FLUIDS - DUAL RESP,Traffic,MOTOR VEHICLE COLLISION
TB23042879,"10/19/2023, 1:57:18 AM","10/21/2023, 1:04:37 PM",THUNDER BAY,ON,P7E 5P5,2800 Block ARTHUR ST E, TBPS] MOTOR VEHICLE COLLISION 11-10 MVC ANY TYPE,Other,MOTOR VEHICLE COLLISION
TB23043045,"10/20/2023, 9:29:36 AM","10/21/2023, 1:04:37 PM",THUNDER BAY,ON,P7E 5Y8,400 Block GEORGE ST," TBPS] SEXUAL ASSAULT JUST OCCURRED, ACCUSED NOT PRESENT",Other,SEXUAL ASSAULT
TB23043049,"10/20/2023, 10:36:20 AM","10/21/2023, 1:04:37 PM",THUNDER BAY,ON,P7B,CENTRAL AV AND FORT WILLIAM RD, TBPS] ASSAULT ACCUSED NOT PRESENT,Assault,ASSAULT
TB23043056,"10/20/2023, 2:01:23 PM","10/21/2023, 1:04:37 PM",THUNDER BAY,ON,P7A 4N9,200 Block CUMBERLAND ST N, TBPS] MOTOR VEHICLE COLLISION 11-10 MVC ANY TYPE,Other,MOTOR VEHICLE COLLISION
TB23043058,"10/20/2023, 3:10:14 PM","10/21/2023, 1:04:37 PM",THUNDER BAY,ON,P7C 5K8,600 Block STRACHAN CR, TBPS] MOTOR VEHICLE COLLISION 11-10 MVC ANY TYPE,Other,MOTOR VEHICLE COLLISION
TB23043059,"10/20/2023, 3:15:16 PM","10/21/2023, 1:04:37 PM",THUNDER BAY,ON,P7B 0B5,BALMORAL ST AND BEVERLY ST, TBPS] MOTOR VEHICLE COLLISION MVC NO INJURIES,Traffic,MOTOR VEHICLE COLLISION
TB23043060,"10/20/2023, 3:22:30 PM","10/21/2023, 1:04:37 PM",THUNDER BAY,ON,P7B 7A4,BURWOOD RD AND OLIVER RD, TBPS] MOTOR VEHICLE COLLISION MVC NO INJURIES,Traffic,MOTOR VEHICLE COLLISION
TB23043065,"10/20/2023, 4:21:42 PM","10/21/2023, 1:04:37 PM",THUNDER BAY,ON,P7A 5A6,WOLSELEY ST AND ALGOMA ST N, TBPS] MOTOR VEHICLE COLLISION MVC NO INJURIES,Traffic,MOTOR VEHICLE COLLISION
TB23043082,"10/20/2023, 5:49:50 PM","10/21/2023, 1:04:37 PM",THUNDER BAY,ON,P7B 1Z7,700 Block JOHN ST," TBPS] MISCHIEF 11-10, MICHIEF UNDER 5000",Other Property Crime,MISCHIEF
TB23043073,"10/20/2023, 5:19:39 PM","10/21/2023, 1:04:37 PM",THUNDER BAY,ON,P7A 4T8,1 Block COURT ST N, TBPS] MOTOR VEHICLE COLLISION 11-10 MVC ANY TYPE,Other,MOTOR VEHICLE COLLISION
TB23043101,"10/20/2023, 7:20:10 PM","10/21/2023, 1:04:37 PM",THUNDER BAY,ON,P7B 5E1,900 Block OLIVER RD, TBPS] LIQUOR LICENCE ACT LIQUOR LICENCE ACT VIOLATION IN PROGRESS,Quality of Life,LIQUOR LICENCE ACT
TB23043152,"10/21/2023, 3:26:26 AM","10/21/2023, 1:04:37 PM",THUNDER BAY,ON,P7K,TOWNLINE RD AND POLE LINE RD, TBPS] MOTOR VEHICLE COLLISION MVC NO INJURIES,Traffic,MOTOR VEHICLE COLLISION
TB23043257,"10/21/2023, 10:26:10 PM","10/22/2023, 1:04:20 PM",THUNDER BAY,ON,P7C 1C2,1300 Block VICTORIA AV E, TBPS] B-E BUS/RES/OTH SUSP PRESENT OR MAY STILL BE IN AREA,Breaking & Entering,B-E BUS/RES/OTH
TB23043258,"10/21/2023, 10:26:51 PM","10/22/2023, 1:04:20 PM",THUNDER BAY,ON,P7C 1C2,1300 Block VICTORIA AV E, TBPS] B-E BUS/RES/OTH SUSP PRESENT OR MAY STILL BE IN AREA,Breaking & Entering,B-E BUS/RES/OTH
TB23043261,"10/21/2023, 10:56:28 PM","10/22/2023, 1:04:21 PM",THUNDER BAY,ON,P7A 2M3,100 Block CLAVET ST, TBPS] B-E BUS/RES/OTH SUSP PRESENT OR MAY STILL BE IN AREA,Breaking & Entering,B-E BUS/RES/OTH
TB23043271,"10/21/2023, 11:51:01 PM","10/22/2023, 1:04:22 PM",THUNDER BAY,ON,P7B 6J6,100 Block PICTON AV, TBPS] ASSAULT SUSP PRESENT OR IN AREA,Assault,ASSAULT
TB23043280,"10/22/2023, 12:54:02 AM","10/22/2023, 1:04:24 PM",THUNDER BAY,ON,P7B 5E3,1000 Block DAWSON RD, TBPS] THEFT SUSP STILL PRESENT OR MAY BE IN AREA,Other Theft,THEFT
TB23043288,"10/22/2023, 2:02:09 AM","10/22/2023, 1:04:25 PM",THUNDER BAY,ON,P7E 2P7,700 Block LELAND AV S, TBPS] THEFT SUSP STILL PRESENT OR MAY BE IN AREA,Other Theft,THEFT
TB23043298,"10/22/2023, 4:06:09 AM","10/22/2023, 1:04:28 PM",THUNDER BAY,ON,P7B 2G4,OLIVER RD AND HILL ST S, TBPS] MOTOR VEHICLE COLLISION MVC NO INJURIES,Traffic,MOTOR VEHICLE COLLISION
TB23043305,"10/22/2023, 4:55:16 AM","10/22/2023, 1:04:29 PM",THUNDER BAY,ON,P7C 2T3,900 Block ATLANTIC AV, TBPS] B-E BUS/RES/OTH SUSP PRESENT OR MAY STILL BE IN AREA,Breaking & Entering,B-E BUS/RES/OTH
TB23043306,"10/22/2023, 4:57:56 AM","10/22/2023, 1:04:30 PM",THUNDER BAY,ON,P7C 2N3,300 Block OGDEN ST, TBPS] B-E BUS/RES/OTH SUSP PRESENT OR MAY STILL BE IN AREA,Breaking & Entering,B-E BUS/RES/OTH
TB23043313,"10/22/2023, 5:47:17 AM","10/22/2023, 1:04:31 PM",THUNDER BAY,ON,P7B 1E6,300 Block PEARL ST, TBPS] ASSAULT SUSP PRESENT OR IN AREA,Assault,ASSAULT
TB23043096,"10/20/2023, 6:46:45 PM","10/22/2023, 1:04:35 PM",THUNDER BAY,ON,P7C 4R5,100 Block SHERBROOKE ST, TBPS] MOTOR VEHICLE COLLISION 11-10 MVC ANY TYPE,Other,MOTOR VEHICLE COLLISION
TB23043113,"10/20/2023, 8:29:40 PM","10/22/2023, 1:04:36 PM",THUNDER BAY,ON,P7E 1B4,200 Block MAY ST S, TBPS] ASSAULT ACCUSED NOT PRESENT,Assault,ASSAULT
TB23043145,"10/21/2023, 2:33:35 AM","10/22/2023, 1:04:37 PM",THUNDER BAY,ON,P7E 5X5,2600 Block DONALD ST E, TBPS] ASSAULT ACCUSED NOT PRESENT,Assault,ASSAULT
TB23043183,"10/21/2023, 9:32:25 AM","10/22/2023, 1:04:39 PM",THUNDER BAY,ON,P7B 4Y7,100 Block BLUCHER AV," TBPS] MISCHIEF 11-10, MICHIEF UNDER 5000",Other Property Crime,MISCHIEF
TB23043184,"10/21/2023, 9:57:01 AM","10/22/2023, 1:04:39 PM",THUNDER BAY,ON,P7E 2M6,1400 Block BROWN ST, TBPS] ASSAULT SUSP PRESENT OR IN AREA,Assault,ASSAULT
TB23043193,"10/21/2023, 11:01:04 AM","10/22/2023, 1:04:39 PM",THUNDER BAY,ON,P7E 5R3,400 Block ARTHUR ST W, TBPS] ASSAULT SUSP PRESENT OR IN AREA,Assault,ASSAULT
TB23043198,"10/21/2023, 12:13:53 PM","10/22/2023, 1:04:39 PM",THUNDER BAY,ON,P7A 7W6,100 Block COADY AV, TBPS] ASSAULT SUSP PRESENT OR IN AREA,Assault,ASSAULT
TB23043206,"10/21/2023, 3:40:44 PM","10/22/2023, 1:04:40 PM",THUNDER BAY,ON,P7B 6J7,100 Block PICTON AV, TBPS] B-E BUS/RES/OTH SUSP PRESENT OR MAY STILL BE IN AREA,Breaking & Entering,B-E BUS/RES/OTH
TB23043203,"10/21/2023, 3:12:25 PM","10/22/2023, 1:04:40 PM",THUNDER BAY,ON,P7B 2R5,900 Block CARRICK ST, TBPS] THEFT SUSP STILL PRESENT OR MAY BE IN AREA,Other Theft,THEFT
TB23043214,"10/21/2023, 5:00:55 PM","10/22/2023, 1:04:40 PM",THUNDER BAY,ON,P7C 1J6,200 Block MILES ST E," TBPS] MISCHIEF 11-10, MICHIEF UNDER 5000",Other Property Crime,MISCHIEF
TB23043219,"10/21/2023, 5:56:07 PM","10/22/2023, 1:04:40 PM",THUNDER BAY,ON,P7A 1T3,300 Block HODDER AV, TBPS] B-E BUS/RES/OTH SUSP PRESENT OR MAY STILL BE IN AREA,Breaking & Entering,B-E BUS/RES/OTH
TB23043222,"10/21/2023, 6:16:42 PM","10/22/2023, 1:04:41 PM",THUNDER BAY,ON,P7E 2V3,500 Block ARTHUR ST W, TBPS] MOTOR VEHICLE COLLISION MVC NO INJURIES,Traffic,MOTOR VEHICLE COLLISION
TB23043233,"10/21/2023, 8:10:07 PM","10/22/2023, 1:04:41 PM",THUNDER BAY,ON,P7A 5J3,VAN NORMAN ST AND COLLEGE ST, TBPS] MOTOR VEHICLE COLLISION MVC - AMB ENR - DUAL RESP,Other,MOTOR VEHICLE COLLISION
TB23043234,"10/21/2023, 8:17:13 PM","10/22/2023, 1:04:41 PM",THUNDER BAY,ON,P7A 4M2,100 Block CUMBERLAND ST N, TBPS] ASSAULT SUSP PRESENT OR IN AREA,Assault,ASSAULT
TB23043238,"10/21/2023, 8:36:06 PM","10/22/2023, 1:04:41 PM",THUNDER BAY,ON,P7B 5V1,1000 Block DAWSON RD, TBPS] ASSAULT SUSP PRESENT OR IN AREA,Assault,ASSAULT
TB23042994,"10/19/2023, 11:09:40 PM","10/23/2023, 1:03:40 PM",THUNDER BAY,ON,P7C 1B7,1100 Block VICTORIA AV E, TBPS] MOTOR VEHICLE COLLISION 11-10 MVC ANY TYPE,Other,MOTOR VEHICLE COLLISION
TB23043399,"10/23/2023, 2:00:36 AM","10/23/2023, 1:03:41 PM",THUNDER BAY,ON,P0T 1W0,300 Block HARSTONE DR, TBPS] MOTOR VEHICLE COLLISION 11-10 MVC ANY TYPE,Other,MOTOR VEHICLE COLLISION
TB23043409,"10/23/2023, 3:50:23 AM","10/23/2023, 1:03:41 PM",THUNDER BAY,ON,P7B 3Y2,300 Block MEMORIAL AV, TBPS] ROBBERY WEAPONS - SUSP STILL IN AREA,Robbery,ROBBERY
TB23043417,"10/23/2023, 4:43:05 AM","10/23/2023, 1:03:41 PM",THUNDER BAY,ON,P7A 7P5,300 Block COUNTY BLVD, TBPS] TROUBLE WITH YOUTH YOUTHS STILL IN AREA,Quality of Life,TROUBLE WITH YOUTH
TB23043424,"10/23/2023, 6:03:27 AM","10/23/2023, 1:03:41 PM",THUNDER BAY,ON,P7A 3R8,500 Block RIVER ST, TBPS] LIQUOR LICENCE ACT LIQUOR LICENCE ACT VIOLATION IN PROGRESS,Quality of Life,LIQUOR LICENCE ACT
TB23043420,"10/23/2023, 5:29:03 AM","10/23/2023, 1:03:41 PM",THUNDER BAY,ON,P7E 5P5,2800 Block ARTHUR ST E, TBPS] DRUG OFFENCES SUSP PRESENT OR MAY STILL BE IN AREA,Quality of Life,DRUG OFFENCES
TB23043422,"10/23/2023, 5:32:55 AM","10/23/2023, 1:03:41 PM",THUNDER BAY,ON,P7C 3P8,200 Block MAY ST N, TBPS] LIQUOR LICENCE ACT LIQUOR LICENCE ACT VIOLATION IN PROGRESS,Quality of Life,LIQUOR LICENCE ACT
TB23043329,"10/22/2023, 9:48:38 AM","10/23/2023, 1:03:42 PM",THUNDER BAY,ON,P7E 1W5,1300 Block SPRAGUE ST, TBPS] LIQUOR LICENCE ACT LIQUOR LICENCE ACT VIOLATION IN PROGRESS,Quality of Life,LIQUOR LICENCE ACT
TB23043334,"10/22/2023, 11:21:15 AM","10/23/2023, 1:03:42 PM",THUNDER BAY,ON,P7G 1H7,1100 Block DAWSON RD, TBPS] THEFT SUSP STILL PRESENT OR MAY BE IN AREA,Other Theft,THEFT
TB23043382,"10/22/2023, 9:48:48 PM","10/23/2023, 1:03:42 PM",THUNDER BAY,ON,P7B,GOLF LINKS RD AND SUNRISE BLVD, TBPS] MOTOR VEHICLE COLLISION MVC - AMB ENR - DUAL RESP,Other,MOTOR VEHICLE COLLISION
TB23043282,"10/22/2023, 1:18:10 AM","10/23/2023, 1:03:43 PM",THUNDER BAY,ON,P7A 4R2,400 Block CUMBERLAND ST N, TBPS] ASSAULT ACCUSED NOT PRESENT,Assault,ASSAULT
TB23043527,"10/23/2023, 11:16:37 PM","10/24/2023, 1:03:33 PM",THUNDER BAY,ON,P7B 6S2,700 Block MEMORIAL AV, TBPS] ASSAULT ACCUSED NOT PRESENT,Assault,ASSAULT
TB23043529,"10/23/2023, 11:36:59 PM","10/24/2023, 1:03:34 PM",THUNDER BAY,ON,P7A 3V1,300 Block DAWSON ST, TBPS] MOTOR VEHICLE COLLISION MVC NO INJURIES,Traffic,MOTOR VEHICLE COLLISION
TB23043539,"10/24/2023, 12:37:10 AM","10/24/2023, 1:03:34 PM",THUNDER BAY,ON,P7J 1C8,1600 Block MOUNTAIN RD, TBPS] MOTOR VEHICLE COLLISION MVC NO INJURIES,Traffic,MOTOR VEHICLE COLLISION
TB23043546,"10/24/2023, 1:03:48 AM","10/24/2023, 1:03:35 PM",THUNDER BAY,ON,P7E 5V3,500 Block DONALD ST E, TBPS] ASSAULT SUSP PRESENT OR IN AREA,Assault,ASSAULT
TB23043551,"10/24/2023, 2:04:23 AM","10/24/2023, 1:03:35 PM",THUNDER BAY,ON,P7A,1 Block NORTH WATER ST, TBPS] ASSAULT SUSP PRESENT OR IN AREA,Assault,ASSAULT
TB23043552,"10/24/2023, 2:10:18 AM","10/24/2023, 1:03:36 PM",THUNDER BAY,ON,P7B 2R5,900 Block CARRICK ST, TBPS] ASSAULT SUSP PRESENT OR IN AREA,Assault,ASSAULT
TB23043559,"10/24/2023, 2:41:31 AM","10/24/2023, 1:03:36 PM",THUNDER BAY,ON,P7B 6V4,900 Block OLIVER RD, TBPS] ASSAULT ACCUSED PRESENT,Assault,ASSAULT
TB23043390,"10/22/2023, 11:23:23 PM","10/24/2023, 1:03:49 PM",THUNDER BAY,ON,P7B 6V4,900 Block OLIVER RD, TBPS] ASSAULT ACCUSED NOT PRESENT,Assault,ASSAULT
TB23043431,"10/23/2023, 7:49:56 AM","10/24/2023, 1:03:54 PM",THUNDER BAY,ON,P7C 6A5,800 Block MAY ST N, TBPS] LIQUOR LICENCE ACT LIQUOR LICENCE ACT VIOLATION IN PROGRESS,Quality of Life,LIQUOR LICENCE ACT
TB23043432,"10/23/2023, 7:53:33 AM","10/24/2023, 1:03:54 PM",THUNDER BAY,ON,P7E 2H4,700 Block EDWARD ST S, TBPS] MOTOR VEHICLE COLLISION MVC - AMB ENR - DUAL RESP,Other,MOTOR VEHICLE COLLISION
TB23043442,"10/23/2023, 2:20:46 PM","10/24/2023, 1:03:55 PM",THUNDER BAY,ON,P7B 1L4,200 Block AMBROSE ST, TBPS] B-E BUS/RES/OTH SUSP PRESENT OR MAY STILL BE IN AREA,Breaking & Entering,B-E BUS/RES/OTH
TB23043443,"10/23/2023, 2:28:15 PM","10/24/2023, 1:03:55 PM",THUNDER BAY,ON,P7E,RIVERVIEW DR W AND DONALD ST W, TBPS] MOTOR VEHICLE COLLISION 11-10 MVC ANY TYPE,Other,MOTOR VEHICLE COLLISION
TB23043444,"10/23/2023, 2:29:44 PM","10/24/2023, 1:03:55 PM",THUNDER BAY,ON,P7B 7A4,1100 Block OLIVER RD, TBPS] MOTOR VEHICLE COLLISION 11-10 MVC ANY TYPE,Other,MOTOR VEHICLE COLLISION
TB23043445,"10/23/2023, 2:32:07 PM","10/24/2023, 1:03:56 PM",THUNDER BAY,ON,P7A 3H5,1 Block FARRAND ST, TBPS] MOTOR VEHICLE COLLISION 11-10 MVC ANY TYPE,Other,MOTOR VEHICLE COLLISION
TB23043446,"10/23/2023, 2:37:46 PM","10/24/2023, 1:03:56 PM",THUNDER BAY,ON,P7C 1A5,400 Block VICTORIA AV E, TBPS] MOTOR VEHICLE COLLISION 11-10 MVC ANY TYPE,Other,MOTOR VEHICLE COLLISION
TB23043448,"10/23/2023, 3:20:58 PM","10/24/2023, 1:03:56 PM",THUNDER BAY,ON,P7B 6S2,700 Block MEMORIAL AV, TBPS] MOTOR VEHICLE COLLISION 11-10 MVC ANY TYPE,Other,MOTOR VEHICLE COLLISION
TB23043450,"10/23/2023, 3:37:21 PM","10/24/2023, 1:03:56 PM",THUNDER BAY,ON,P7B 5L6,300 Block MAIN ST, TBPS] MOTOR VEHICLE COLLISION 11-10 MVC ANY TYPE,Other,MOTOR VEHICLE COLLISION
TB23043451,"10/23/2023, 3:42:44 PM","10/24/2023, 1:03:57 PM",THUNDER BAY,ON,P7E 6P9,ARTHUR ST W AND VALHALLA INN RD, TBPS] MOTOR VEHICLE COLLISION 11-10 MVC ANY TYPE,Other,MOTOR VEHICLE COLLISION
TB23043453,"10/23/2023, 4:01:47 PM","10/24/2023, 1:03:57 PM",THUNDER BAY,ON,P7B,MEMORIAL AV AND HARBOUR EXPRESSWAY, TBPS] MOTOR VEHICLE COLLISION 11-10 MVC ANY TYPE,Other,MOTOR VEHICLE COLLISION
TB23043454,"10/23/2023, 4:08:03 PM","10/24/2023, 1:03:57 PM",THUNDER BAY,ON,P7B 6V4,900 Block OLIVER RD, TBPS] MOTOR VEHICLE COLLISION 11-10 MVC ANY TYPE,Other,MOTOR VEHICLE COLLISION
TB23043455,"10/23/2023, 4:13:00 PM","10/24/2023, 1:03:57 PM",THUNDER BAY,ON,P7A 3S4,600 Block RIVER ST, TBPS] MOTOR VEHICLE COLLISION 11-10 MVC ANY TYPE,Other,MOTOR VEHICLE COLLISION
TB23043459,"10/23/2023, 4:43:06 PM","10/24/2023, 1:03:57 PM",THUNDER BAY,ON,P7B 2H6,BALMORAL ST AND OLIVER RD, TBPS] MOTOR VEHICLE COLLISION 11-10 MVC ANY TYPE,Other,MOTOR VEHICLE COLLISION
TB23043465,"10/23/2023, 5:24:57 PM","10/24/2023, 1:03:59 PM",THUNDER BAY,ON,P7B 6E8,SOUTH WATER ST AND PEARL ST, TBPS] MOTOR VEHICLE COLLISION 11-10 MVC ANY TYPE,Other,MOTOR VEHICLE COLLISION
TB23043467,"10/23/2023, 5:39:29 PM","10/24/2023, 1:03:59 PM",THUNDER BAY,ON,P7B 6S2,700 Block MEMORIAL AV, TBPS] MOTOR VEHICLE COLLISION 11-10 MVC ANY TYPE,Other,MOTOR VEHICLE COLLISION
TB23043469,"10/23/2023, 5:42:28 PM","10/24/2023, 1:03:59 PM",THUNDER BAY,ON,P7C 4P5,400 Block EDWARD ST N," TBPS] THEFT NOT IN PROGRESS, UNDER 5000",Other Theft,THEFT
TB23043470,"10/23/2023, 5:44:45 PM","10/24/2023, 1:03:59 PM",THUNDER BAY,ON,P7A 4L8,1 Block CUMBERLAND ST N, TBPS] MOTOR VEHICLE COLLISION 11-10 MVC ANY TYPE,Other,MOTOR VEHICLE COLLISION
TB23043472,"10/23/2023, 5:57:13 PM","10/24/2023, 1:04:00 PM",THUNDER BAY,ON,P7B 5V1,DAWSON RD AND STRAND AV, TBPS] MOTOR VEHICLE COLLISION 11-10 MVC ANY TYPE,Other,MOTOR VEHICLE COLLISION
TB23043471,"10/23/2023, 5:50:23 PM","10/24/2023, 1:04:00 PM",THUNDER BAY,ON,P7B 5P1,100 Block VARSITY RW, TBPS] MOTOR VEHICLE COLLISION 11-10 MVC ANY TYPE,Other,MOTOR VEHICLE COLLISION
TB23043481,"10/23/2023, 7:05:39 PM","10/24/2023, 1:04:01 PM",THUNDER BAY,ON,P7E 6H9,ARTHUR ST E AND WATERLOO ST S, TBPS] TROUBLE WITH YOUTH YOUTHS STILL IN AREA,Quality of Life,TROUBLE WITH YOUTH
TB23043483,"10/23/2023, 7:13:23 PM","10/24/2023, 1:04:01 PM",THUNDER BAY,ON,P7B 2J1,300 Block MARKLAND ST," TBPS] THEFT NOT IN PROGRESS, UNDER 5000",Other Theft,THEFT
TB23043526,"10/23/2023, 11:15:27 PM","10/24/2023, 1:04:35 PM",THUNDER BAY,ON,P7C 3K8,100 Block SOUTHERN AV, TBPS] ASSAULT ACCUSED NOT PRESENT,Assault,ASSAULT
TB23043688,"10/24/2023, 8:49:42 PM","10/25/2023, 1:02:26 PM",THUNDER BAY,ON,P7C 2W5,900 Block NORTHERN AV, TBPS] B-E BUS/RES/OTH 11-10,Breaking & Entering,B-E BUS/RES/OTH
TB23043702,"10/24/2023, 10:09:32 PM","10/25/2023, 1:02:26 PM",THUNDER BAY,ON,P7E 5M8,900 Block ARTHUR ST E, TBPS] ROBBERY NO WEAPONS - SUSP STILL IN AREA,Robbery,ROBBERY
TB23043704,"10/24/2023, 10:33:54 PM","10/25/2023, 1:02:26 PM",THUNDER BAY,ON,P7B 2R5,900 Block CARRICK ST, TBPS] THEFT SUSP STILL PRESENT OR MAY BE IN AREA,Other Theft,THEFT
TB23043711,"10/24/2023, 11:58:02 PM","10/25/2023, 1:02:26 PM",THUNDER BAY,ON,P7E 6P3,1900 Block FREDERICA ST W, TBPS] LIQUOR LICENCE ACT LIQUOR LICENCE ACT VIOLATION IN PROGRESS,Quality of Life,LIQUOR LICENCE ACT
TB23043707,"10/24/2023, 11:01:32 PM","10/25/2023, 1:02:26 PM",THUNDER BAY,ON,P7B 5V1,1000 Block DAWSON RD, TBPS] ASSAULT SUSP PRESENT OR IN AREA,Assault,ASSAULT
TB23043759,"10/25/2023, 7:59:17 AM","10/25/2023, 1:02:26 PM",THUNDER BAY,ON,P7E 1N1,700 Block MARKS ST S, TBPS] MISCHIEF NIP GRAFFITTI,Other Property Crime,MISCHIEF
TB23043758,"10/25/2023, 7:55:31 AM","10/25/2023, 1:02:26 PM",THUNDER BAY,ON,P7B 3Z8,700 Block MEMORIAL AV, TBPS] LIQUOR LICENCE ACT LIQUOR LICENCE ACT VIOLATION IN PROGRESS,Quality of Life,LIQUOR LICENCE ACT
TB23043752,"10/25/2023, 6:44:24 AM","10/25/2023, 1:02:26 PM",THUNDER BAY,ON,P7B 5R8,100 Block CUMBERLAND ST S, TBPS] LIQUOR LICENCE ACT LIQUOR LICENCE ACT VIOLATION IN PROGRESS,Quality of Life,LIQUOR LICENCE ACT
TB23043714,"10/25/2023, 12:37:49 AM","10/25/2023, 1:02:26 PM",THUNDER BAY,ON,P7A 1B6,300 Block ADAMS ST," TBPS] MISCHIEF 11-10, MICHIEF UNDER 5000",Other Property Crime,MISCHIEF
TB23043740,"10/25/2023, 4:19:31 AM","10/25/2023, 1:02:26 PM",THUNDER BAY,ON,P7C 6A6,100 Block REINDEER AV, TBPS] TROUBLE WITH YOUTH YOUTHS STILL IN AREA,Quality of Life,TROUBLE WITH YOUTH
TB23043626,"10/24/2023, 4:20:20 PM","10/25/2023, 1:02:27 PM",THUNDER BAY,ON,P7B 6N7,JASPER DR AND BALMORAL ST, TBPS] MOTOR VEHICLE COLLISION 11-10 MVC ANY TYPE,Other,MOTOR VEHICLE COLLISION
TB23043637,"10/24/2023, 4:49:30 PM","10/25/2023, 1:02:27 PM",THUNDER BAY,ON,P7B 5V1,1000 Block DAWSON RD, TBPS] MOTOR VEHICLE COLLISION 11-10 MVC ANY TYPE,Other,MOTOR VEHICLE COLLISION
TB23043640,"10/24/2023, 5:03:06 PM","10/25/2023, 1:02:27 PM",THUNDER BAY,ON,P7B 0A9,300 Block MAIN ST, TBPS] MOTOR VEHICLE COLLISION 11-10 MVC ANY TYPE,Other,MOTOR VEHICLE COLLISION
TB23043646,"10/24/2023, 5:17:22 PM","10/25/2023, 1:02:27 PM",THUNDER BAY,ON,P7J 1G6,2000 Block JAMES ST S, TBPS] MOTOR VEHICLE COLLISION 11-10 MVC ANY TYPE,Other,MOTOR VEHICLE COLLISION
TB23043652,"10/24/2023, 5:44:11 PM","10/25/2023, 1:02:27 PM",THUNDER BAY,ON,P7A 1V5,HODDER AV AND ARUNDEL ST, TBPS] MOTOR VEHICLE COLLISION 11-10 MVC ANY TYPE,Other,MOTOR VEHICLE COLLISION
TB23043653,"10/24/2023, 5:52:39 PM","10/25/2023, 1:02:27 PM",THUNDER BAY,ON,P7E 6S2,100 Block PRINCESS ST, TBPS] MOTOR VEHICLE COLLISION 11-10 MVC ANY TYPE,Other,MOTOR VEHICLE COLLISION
TB23043660,"10/24/2023, 6:05:26 PM","10/25/2023, 1:02:27 PM",THUNDER BAY,ON,P7A 4P7,400 Block CUMBERLAND ST N, TBPS] MOTOR VEHICLE COLLISION 11-10 MVC ANY TYPE,Other,MOTOR VEHICLE COLLISION
TB23043656,"10/24/2023, 5:57:12 PM","10/25/2023, 1:02:27 PM",THUNDER BAY,ON,P7E 5M8,900 Block ARTHUR ST E, TBPS] MOTOR VEHICLE COLLISION 11-10 MVC ANY TYPE,Other,MOTOR VEHICLE COLLISION
TB23043661,"10/24/2023, 6:09:43 PM","10/25/2023, 1:02:27 PM",THUNDER BAY,ON,P7A 4L8,1 Block CUMBERLAND ST N, TBPS] MOTOR VEHICLE COLLISION 11-10 MVC ANY TYPE,Other,MOTOR VEHICLE COLLISION
TB23043678,"10/24/2023, 7:57:37 PM","10/25/2023, 1:02:27 PM",THUNDER BAY,ON,P7E 5S6,ARTHUR ST E AND SELKIRK ST S, TBPS] MOTOR VEHICLE COLLISION MVC - AMB ENR - DUAL RESP,Other,MOTOR VEHICLE COLLISION
TB23043662,"10/24/2023, 6:15:51 PM","10/25/2023, 1:02:27 PM",THUNDER BAY,ON,P7B 7A4,GOLF LINKS RD AND OLIVER RD, TBPS] MOTOR VEHICLE COLLISION 11-10 MVC ANY TYPE,Other,MOTOR VEHICLE COLLISION
TB23043664,"10/24/2023, 6:20:37 PM","10/25/2023, 1:02:27 PM",THUNDER BAY,ON,P7E 4A1,100 Block AMELIA ST W, TBPS] MOTOR VEHICLE COLLISION 11-10 MVC ANY TYPE,Other,MOTOR VEHICLE COLLISION
TB23043671,"10/24/2023, 7:19:55 PM","10/25/2023, 1:02:27 PM",THUNDER BAY,ON,P7A 4T3,1 Block COURT ST N, TBPS] MOTOR VEHICLE COLLISION 11-10 MVC ANY TYPE,Other,MOTOR VEHICLE COLLISION
TB23043682,"10/24/2023, 8:21:34 PM","10/25/2023, 1:02:27 PM",THUNDER BAY,ON,P7J 1K3,600 Block CITY RD, TBPS] MOTOR VEHICLE COLLISION MVC INJURIES FIRE NOT REQ,Traffic,MOTOR VEHICLE COLLISION
TB23043681,"10/24/2023, 8:20:15 PM","10/25/2023, 1:02:27 PM",THUNDER BAY,ON,P7A 4Z3,ALGOMA ST N AND VAN NORMAN ST, TBPS] MOTOR VEHICLE COLLISION 11-10 MVC ANY TYPE,Other,MOTOR VEHICLE COLLISION
TB23043557,"10/24/2023, 2:34:28 AM","10/25/2023, 1:02:28 PM",THUNDER BAY,ON,P7C 4S8,1 Block LIMBRICK ST, TBPS] ASSAULT SUSP PRESENT OR IN AREA,Assault,ASSAULT
TB23043603,"10/24/2023, 10:53:55 AM","10/25/2023, 1:02:28 PM",THUNDER BAY,ON,P7E 5R5,500 Block ARTHUR ST W, TBPS] ASSAULT SUSP PRESENT OR IN AREA,Assault,ASSAULT
TB23043604,"10/24/2023, 11:17:33 AM","10/25/2023, 1:02:28 PM",THUNDER BAY,ON,P7B 5J4,1000 Block DAWSON RD, TBPS] LIQUOR LICENCE ACT LIQUOR LICENCE ACT VIOLATION IN PROGRESS,Quality of Life,LIQUOR LICENCE ACT
TB23043612,"10/24/2023, 2:26:24 PM","10/25/2023, 1:02:28 PM",THUNDER BAY,ON,P7B 3Y2,200 Block MEMORIAL AV, TBPS] THEFT SUSP STILL PRESENT OR MAY BE IN AREA,Other Theft,THEFT
TB23043613,"10/24/2023, 3:22:52 PM","10/25/2023, 1:02:28 PM",THUNDER BAY,ON,P7B 0B5,BALMORAL ST AND BEVERLY ST, TBPS] MOTOR VEHICLE COLLISION 11-10 MVC ANY TYPE,Other,MOTOR VEHICLE COLLISION
TB23043616,"10/24/2023, 3:38:30 PM","10/25/2023, 1:02:28 PM",THUNDER BAY,ON,P7B 4B8,MCKIBBIN ST AND JOHN ST, TBPS] MOTOR VEHICLE COLLISION 11-10 MVC ANY TYPE,Other,MOTOR VEHICLE COLLISION
TB23043620,"10/24/2023, 3:50:01 PM","10/25/2023, 1:02:28 PM",THUNDER BAY,ON,P7A 4M2,MARINA PARK OVERPASS AND CUMBERLAND ST N, TBPS] MOTOR VEHICLE COLLISION 11-10 MVC ANY TYPE,Other,MOTOR VEHICLE COLLISION
TB23043630,"10/24/2023, 4:39:35 PM","10/25/2023, 1:02:28 PM",THUNDER BAY,ON,P7B 6S2,700 Block MEMORIAL AV, TBPS] MOTOR VEHICLE COLLISION 11-10 MVC ANY TYPE,Other,MOTOR VEHICLE COLLISION
TB23043633,"10/24/2023, 4:45:23 PM","10/25/2023, 1:02:28 PM",THUNDER BAY,ON,P7C 4N6,2800 Block REDWOOD AV E, TBPS] MOTOR VEHICLE COLLISION 11-10 MVC ANY TYPE,Other,MOTOR VEHICLE COLLISION
TB23043634,"10/24/2023, 4:45:34 PM","10/25/2023, 1:02:28 PM",THUNDER BAY,ON,P7E 6H9,ARTHUR ST E AND WATERLOO ST S, TBPS] MOTOR VEHICLE COLLISION 11-10 MVC ANY TYPE,Other,MOTOR VEHICLE COLLISION
TB23043639,"10/24/2023, 4:58:53 PM","10/25/2023, 1:02:28 PM",THUNDER BAY,ON,P7J 1C8,1600 Block MOUNTAIN RD, TBPS] MOTOR VEHICLE COLLISION MVC NO INJURIES,Traffic,MOTOR VEHICLE COLLISION
TB23043644,"10/24/2023, 5:10:52 PM","10/25/2023, 1:02:28 PM",THUNDER BAY,ON,P7C 6A8,100 Block WATERLOO ST N, TBPS] MOTOR VEHICLE COLLISION 11-10 MVC ANY TYPE,Other,MOTOR VEHICLE COLLISION
TB23043650,"10/24/2023, 5:37:35 PM","10/25/2023, 1:02:28 PM",THUNDER BAY,ON,P7B 3Y7,400 Block MEMORIAL AV," TBPS] THEFT NOT IN PROGRESS, FROM MOTOR VEHICLE",Theft from Vehicle,THEFT
TB23043676,"10/24/2023, 7:40:49 PM","10/25/2023, 1:02:28 PM",THUNDER BAY,ON,P7C 4P7,400 Block EDWARD ST N, TBPS] MOTOR VEHICLE COLLISION 11-10 MVC ANY TYPE,Other,MOTOR VEHICLE COLLISION
TB23043673,"10/24/2023, 7:27:00 PM","10/25/2023, 1:02:28 PM",THUNDER BAY,ON,P7B 3Z7,700 Block MEMORIAL AV, TBPS] STOLEN VEHICLE SUSP NOT IN AREA,Theft of Vehicle,STOLEN VEHICLE
TB23043679,"10/24/2023, 7:58:09 PM","10/25/2023, 1:02:28 PM",THUNDER BAY,ON,P7B 5V1,1000 Block DAWSON RD, TBPS] MOTOR VEHICLE COLLISION 11-10 MVC ANY TYPE,Other,MOTOR VEHICLE COLLISION
TB23043675,"10/24/2023, 7:31:48 PM","10/25/2023, 1:02:28 PM",THUNDER BAY,ON,P7A 1X9,400 Block GRENVILLE AV, TBPS] MOTOR VEHICLE COLLISION 11-10 MVC ANY TYPE,Other,MOTOR VEHICLE COLLISION
TB23043536,"10/24/2023, 12:29:17 AM","10/25/2023, 1:02:29 PM",THUNDER BAY,ON,P7C 4A9,100 Block VICKERS ST N, TBPS] MOTOR VEHICLE COLLISION MVC NO INJURIES,Traffic,MOTOR VEHICLE COLLISION
TB23043617,"10/24/2023, 3:43:24 PM","10/25/2023, 1:02:29 PM",THUNDER BAY,ON,P7J 1E9,2000 Block HIGHWAY 61, TBPS] MOTOR VEHICLE COLLISION 11-10 MVC ANY TYPE,Other,MOTOR VEHICLE COLLISION
TB23043720,"10/25/2023, 1:21:46 AM","10/25/2023, 1:04:48 PM",THUNDER BAY,ON,P7B 2X5,100 Block COURT ST S, TBPS] LIQUOR LICENCE ACT LIQUOR LICENCE ACT VIOLATION IN PROGRESS,Quality of Life,LIQUOR LICENCE ACT
TB23043812,"10/25/2023, 7:59:16 PM","10/26/2023, 1:03:32 PM",THUNDER BAY,ON,P7B 2Z2,300 Block FORT WILLIAM RD," TBPS] THEFT IN PROGRESS, OVER 50000",Other Theft,THEFT
TB23043818,"10/25/2023, 8:59:40 PM","10/26/2023, 1:03:33 PM",THUNDER BAY,ON,P7E 3W4,300 Block FREDERICA ST W," TBPS] ASSAULT JUST OCCURRED, ACCUSED NOT PRESENT",Assault,ASSAULT
TB23043844,"10/26/2023, 12:44:06 AM","10/26/2023, 1:03:38 PM",THUNDER BAY,ON,P7B 5V1,1000 Block DAWSON RD, TBPS] ROBBERY NO WEAPONS - SUSP STILL IN AREA,Robbery,ROBBERY
TB23043850,"10/26/2023, 1:21:10 AM","10/26/2023, 1:03:39 PM",THUNDER BAY,ON,P7B 5Z5,1200 Block BALMORAL ST," TBPS] THEFT NOT IN PROGRESS, UNDER 5000",Other Theft,THEFT
TB23043852,"10/26/2023, 1:43:37 AM","10/26/2023, 1:03:39 PM",THUNDER BAY,ON,P7B 3Z7,700 Block MEMORIAL AV, TBPS] THEFT SUSP STILL PRESENT OR MAY BE IN AREA,Other Theft,THEFT
TB23043853,"10/26/2023, 1:58:54 AM","10/26/2023, 1:03:39 PM",THUNDER BAY,ON,P7B 3Y9,500 Block MEMORIAL AV, TBPS] ASSAULT SUSP PRESENT OR IN AREA,Assault,ASSAULT
TB23043855,"10/26/2023, 2:22:34 AM","10/26/2023, 1:03:40 PM",THUNDER BAY,ON,P7B 5L6,300 Block MAIN ST, TBPS] THEFT SUSP STILL PRESENT OR MAY BE IN AREA,Other Theft,THEFT
TB23043859,"10/26/2023, 2:42:00 AM","10/26/2023, 1:03:40 PM",THUNDER BAY,ON,P7E 5S2,1100 Block ARTHUR ST W," TBPS] ASSAULT JUST OCCURRED, ACCUSED NOT PRESENT",Assault,ASSAULT
TB23043877,"10/26/2023, 7:10:56 AM","10/26/2023, 1:03:42 PM",THUNDER BAY,ON,P7B 2J5,400 Block MARKLAND ST, TBPS] TROUBLE WITH YOUTH YOUTHS STILL IN AREA,Quality of Life,TROUBLE WITH YOUTH
TB23043762,"10/25/2023, 9:50:35 AM","10/26/2023, 1:03:59 PM",THUNDER BAY,ON,P7E 2L8,100 Block MARY ST W, TBPS] ASSAULT SUSP PRESENT OR IN AREA,Assault,ASSAULT
TB23043771,"10/25/2023, 3:44:52 PM","10/26/2023, 1:04:01 PM",THUNDER BAY,ON,P7E 6S2,100 Block PRINCESS ST, TBPS] MOTOR VEHICLE COLLISION 11-10 MVC ANY TYPE,Other,MOTOR VEHICLE COLLISION
TB23043772,"10/25/2023, 3:50:19 PM","10/26/2023, 1:04:01 PM",THUNDER BAY,ON,P7B 2G4,HILL ST S AND OLIVER RD, TBPS] MOTOR VEHICLE COLLISION 11-10 MVC ANY TYPE,Other,MOTOR VEHICLE COLLISION
TB23043775,"10/25/2023, 4:02:14 PM","10/26/2023, 1:04:02 PM",THUNDER BAY,ON,P7A 4E6,500 Block VAN NORMAN ST, TBPS] MOTOR VEHICLE COLLISION MVC NO INJURIES,Traffic,MOTOR VEHICLE COLLISION
TB23043776,"10/25/2023, 4:08:05 PM","10/26/2023, 1:04:02 PM",THUNDER BAY,ON,P7B 7A4,1100 Block OLIVER RD, TBPS] MOTOR VEHICLE COLLISION 11-10 MVC ANY TYPE,Other,MOTOR VEHICLE COLLISION
TB23043784,"10/25/2023, 4:39:03 PM","10/26/2023, 1:04:03 PM",THUNDER BAY,ON,P7B 5M4,BALMORAL ST AND WILLIAM ST, TBPS] MOTOR VEHICLE COLLISION 11-10 MVC ANY TYPE,Other,MOTOR VEHICLE COLLISION
TB23043788,"10/25/2023, 4:53:10 PM","10/26/2023, 1:04:03 PM",THUNDER BAY,ON,P7C 2W5,900 Block NORTHERN AV, TBPS] MOTOR VEHICLE COLLISION 11-10 MVC ANY TYPE,Other,MOTOR VEHICLE COLLISION
TB23043795,"10/25/2023, 5:44:27 PM","10/26/2023, 1:04:04 PM",THUNDER BAY,ON,P7B 5V1,1000 Block DAWSON RD, TBPS] MOTOR VEHICLE COLLISION 11-10 MVC ANY TYPE,Other,MOTOR VEHICLE COLLISION
TB23043797,"10/25/2023, 5:48:41 PM","10/26/2023, 1:04:04 PM",THUNDER BAY,ON,P7C 4S7,200 Block LIMBRICK ST, TBPS] MOTOR VEHICLE COLLISION 11-10 MVC ANY TYPE,Other,MOTOR VEHICLE COLLISION
TB23043809,"10/25/2023, 7:48:46 PM","10/26/2023, 1:04:06 PM",THUNDER BAY,ON,P0T,200 Block COPENHAGEN RD, TBPS] MOTOR VEHICLE COLLISION MVC - AMB ENR - DUAL RESP,Other,MOTOR VEHICLE COLLISION
TB23043871,"10/26/2023, 5:05:47 AM","10/28/2023, 1:03:07 PM",THUNDER BAY,ON,P7B 4Y7,100 Block BLUCHER AV, TBPS] B-E BUS/RES/OTH SUSP PRESENT OR MAY STILL BE IN AREA,Breaking & Entering,B-E BUS/RES/OTH
TB23043876,"10/26/2023, 7:09:30 AM","10/28/2023, 1:03:08 PM",THUNDER BAY,ON,P7B 3S6,WINNIPEG AV AND SECOND AV, TBPS] ASSAULT SUSP PRESENT OR IN AREA,Assault,ASSAULT
TB23044092,"10/28/2023, 2:37:26 AM","10/28/2023, 1:03:08 PM",THUNDER BAY,ON,P7E 5M8,900 Block ARTHUR ST E," TBPS] THEFT NOT IN PROGRESS, UNDER 5000",Other Theft,THEFT
TB23043381,"10/22/2023, 9:44:58 PM","10/28/2023, 1:03:08 PM",THUNDER BAY,ON,P7E 2A6,400 Block KINGSWAY, TBPS] ASSAULT ACCUSED NOT PRESENT,Assault,ASSAULT
TB23044107,"10/28/2023, 4:13:12 AM","10/28/2023, 1:03:08 PM",THUNDER BAY,ON,P7A 5J9,ELM ST AND RIVER ST, TBPS] MOTOR VEHICLE COLLISION MVC - AMB ENR - DUAL RESP,Other,MOTOR VEHICLE COLLISION
TB23044110,"10/28/2023, 4:36:29 AM","10/28/2023, 1:03:08 PM",THUNDER BAY,ON,P7B 1Z7,700 Block JOHN ST, TBPS] LIQUOR LICENCE ACT LIQUOR LICENCE ACT VIOLATION IN PROGRESS,Quality of Life,LIQUOR LICENCE ACT
TB23044039,"10/27/2023, 6:17:35 PM","10/28/2023, 1:03:09 PM",THUNDER BAY,ON,P7B 2Z2,300 Block FORT WILLIAM RD, TBPS] THEFT SUSP STILL PRESENT OR MAY BE IN AREA,Other Theft,THEFT
TB23044071,"10/27/2023, 11:00:07 PM","10/28/2023, 1:03:09 PM",THUNDER BAY,ON,P7B 1A5,200 Block RED RIVER RD, TBPS] ASSAULT SUSP PRESENT OR IN AREA,Assault,ASSAULT
TB23044075,"10/27/2023, 11:46:08 PM","10/28/2023, 1:03:09 PM",THUNDER BAY,ON,P7E,ARTHUR ST E AND EDWARD ST S, TBPS] MOTOR VEHICLE COLLISION MVC NO INJURIES,Traffic,MOTOR VEHICLE COLLISION
TB23044101,"10/28/2023, 3:39:24 AM","10/28/2023, 1:03:09 PM",THUNDER BAY,ON,P7K,MAGNOLIA DR AND HICKORY ST, TBPS] MISCHIEF IP PROGRESS/SUPECT IN AREA,Other Property Crime,MISCHIEF
TB23044088,"10/28/2023, 1:51:51 AM","10/28/2023, 1:03:09 PM",THUNDER BAY,ON,P7J 1G4,2100 Block 61 HWY, TBPS] MOTOR VEHICLE COLLISION MVC NO INJURIES,Traffic,MOTOR VEHICLE COLLISION
TB23044096,"10/28/2023, 3:08:55 AM","10/28/2023, 1:03:09 PM",THUNDER BAY,ON,P7A 5L8,200 Block PROSPECT AV, TBPS] B-E BUS/RES/OTH SUSP PRESENT OR MAY STILL BE IN AREA,Breaking & Entering,B-E BUS/RES/OTH
TB23044012,"10/27/2023, 2:41:04 PM","10/28/2023, 1:03:10 PM",THUNDER BAY,ON,P7B 5K5,1100 Block MEMORIAL AV, TBPS] THEFT SUSP STILL PRESENT OR MAY BE IN AREA,Other Theft,THEFT
TB23044031,"10/27/2023, 5:17:22 PM","10/28/2023, 1:03:10 PM",THUNDER BAY,ON,P7B 2X8,JOHN ST AND COURT ST S, TBPS] MOTOR VEHICLE COLLISION MVC NO INJURIES,Traffic,MOTOR VEHICLE COLLISION
TB23044016,"10/27/2023, 3:24:22 PM","10/28/2023, 1:03:10 PM",THUNDER BAY,ON,P7C 4B5,400 Block VICKERS ST N, TBPS] MOTOR VEHICLE COLLISION MVC NO INJURIES,Traffic,MOTOR VEHICLE COLLISION
TB23044034,"10/27/2023, 5:47:28 PM","10/28/2023, 1:03:10 PM",THUNDER BAY,ON,P7B 3A3,1 Block AV AND FORT WILLIAM RD, TBPS] MOTOR VEHICLE COLLISION 11-10 MVC ANY TYPE,Other,MOTOR VEHICLE COLLISION
TB23044051,"10/27/2023, 8:39:02 PM","10/28/2023, 1:03:10 PM",THUNDER BAY,ON,P7B 5Z5,1200 Block BALMORAL ST, TBPS] MOTOR VEHICLE COLLISION 11-10 MVC ANY TYPE,Other,MOTOR VEHICLE COLLISION
TB23043955,"10/26/2023, 11:30:34 PM","10/28/2023, 1:03:11 PM",THUNDER BAY,ON,P7A 5S3,300 Block HIGH ST N, TBPS] TROUBLE WITH YOUTH YOUTHS STILL IN AREA,Quality of Life,TROUBLE WITH YOUTH
TB23043962,"10/27/2023, 12:51:58 AM","10/28/2023, 1:03:11 PM",THUNDER BAY,ON,P7E 6H2,200 Block AMELIA ST W, TBPS] ASSAULT SUSP PRESENT OR IN AREA,Assault,ASSAULT
TB23043969,"10/27/2023, 1:55:54 AM","10/28/2023, 1:03:11 PM",THUNDER BAY,ON,P7A 4L2,1 Block CUMBERLAND ST N, TBPS] ASSAULT SUSP PRESENT OR IN AREA,Assault,ASSAULT
TB23043988,"10/27/2023, 6:51:42 AM","10/28/2023, 1:03:11 PM",THUNDER BAY,ON,P7C 3P2,100 Block MAY ST N," TBPS] MISCHIEF 11-10, MICHIEF UNDER 5000",Other Property Crime,MISCHIEF
TB23043900,"10/26/2023, 4:00:35 PM","10/28/2023, 1:03:12 PM",THUNDER BAY,ON,P7C 2N9,MCMURRAY ST AND ROBERTSON ST, TBPS] MOTOR VEHICLE COLLISION MVC NO INJURIES,Traffic,MOTOR VEHICLE COLLISION
TB23043914,"10/26/2023, 5:42:55 PM","10/28/2023, 1:03:12 PM",THUNDER BAY,ON,P7E 5V3,500 Block DONALD ST E, TBPS] ASSAULT SUSP PRESENT OR IN AREA,Assault,ASSAULT
TB23043937,"10/26/2023, 8:14:15 PM","10/28/2023, 1:03:12 PM",THUNDER BAY,ON,P7A 2X1,300 Block EGAN ST, TBPS] ASSAULT ACCUSED NOT PRESENT,Assault,ASSAULT
TB23043938,"10/26/2023, 8:25:18 PM","10/28/2023, 1:03:12 PM",THUNDER BAY,ON,P7C 5G8,400 Block BALMORAL ST, TBPS] MOTOR VEHICLE COLLISION MVC NO INJURIES,Traffic,MOTOR VEHICLE COLLISION
TB23043952,"10/26/2023, 10:17:12 PM","10/28/2023, 1:03:12 PM",THUNDER BAY,ON,P7B 3Z7,700 Block MEMORIAL AV, TBPS] STOLEN VEHICLE SUSP NOT IN AREA,Theft of Vehicle,STOLEN VEHICLE
TB23043945,"10/26/2023, 8:54:24 PM","10/28/2023, 1:03:12 PM",THUNDER BAY,ON,P7G 1M6,600 Block COMMUNITY HALL RD, TBPS] THEFT SUSP STILL PRESENT OR MAY BE IN AREA,Other Theft,THEFT
TB23043939,"10/26/2023, 8:27:06 PM","10/28/2023, 1:03:12 PM",THUNDER BAY,ON,P7B 1R7,200 Block BAY ST," TBPS] THEFT NOT IN PROGRESS, UNDER 5000",Other Theft,THEFT
TB23043967,"10/27/2023, 1:48:55 AM","10/28/2023, 1:03:12 PM",THUNDER BAY,ON,P7E 5X7,2800 Block DONALD ST E, TBPS] TROUBLE WITH YOUTH YOUTHS STILL IN AREA,Quality of Life,TROUBLE WITH YOUTH
TB23043971,"10/27/2023, 2:02:07 AM","10/28/2023, 1:03:12 PM",THUNDER BAY,ON,P7C 3L7,800 Block MINNESOTA ST, TBPS] ASSAULT SUSP PRESENT OR IN AREA,Assault,ASSAULT
TB23043973,"10/27/2023, 2:09:13 AM","10/28/2023, 1:03:12 PM",THUNDER BAY,ON,P7A 3X4,600 Block DAWSON ST, TBPS] TROUBLE WITH YOUTH YOUTHS STILL IN AREA,Quality of Life,TROUBLE WITH YOUTH
TB23043882,"10/26/2023, 12:13:00 PM","10/28/2023, 1:03:13 PM",THUNDER BAY,ON,P7C 2Y7,600 Block MCPHERSON ST, TBPS] B-E BUS/RES/OTH SUSP PRESENT OR MAY STILL BE IN AREA,Breaking & Entering,B-E BUS/RES/OTH
TB23043888,"10/26/2023, 2:28:14 PM","10/28/2023, 1:03:13 PM",THUNDER BAY,ON,P7C 0A3,100 Block BRODIE ST N," TBPS] MISCHIEF 11-10, MICHIEF UNDER 5000",Other Property Crime,MISCHIEF
TB23043893,"10/26/2023, 3:39:35 PM","10/28/2023, 1:03:13 PM",THUNDER BAY,ON,P7C 4P7,400 Block EDWARD ST N, TBPS] MOTOR VEHICLE COLLISION 11-10 MVC ANY TYPE,Other,MOTOR VEHICLE COLLISION
TB23043890,"10/26/2023, 3:31:45 PM","10/28/2023, 1:03:13 PM",THUNDER BAY,ON,P7B 1V5,200 Block WINDSOR ST," TBPS] MISCHIEF 11-10, MICHIEF UNDER 5000",Other Property Crime,MISCHIEF
TB23043906,"10/26/2023, 4:00:00 PM","10/28/2023, 1:03:13 PM",THUNDER BAY,ON,P7A 3W2,500 Block DAWSON ST," TBPS] MISCHIEF 11-10, MICHIEF UNDER 5000",Other Property Crime,MISCHIEF
TB23043902,"10/26/2023, 4:11:18 PM","10/28/2023, 1:03:13 PM",THUNDER BAY,ON,P7C 1X3,400 Block SYCAMORE PL, TBPS] MOTOR VEHICLE COLLISION 11-10 MVC ANY TYPE,Other,MOTOR VEHICLE COLLISION
TB23043912,"10/26/2023, 5:35:22 PM","10/28/2023, 1:03:13 PM",THUNDER BAY,ON,P7E 6E7,1200 Block ARTHUR ST E, TBPS] DRUG OFFENCES SUSP PRESENT OR MAY STILL BE IN AREA,Quality of Life,DRUG OFFENCES
TB23043920,"10/26/2023, 5:54:28 PM","10/28/2023, 1:03:13 PM",THUNDER BAY,ON,P7B 5Z1,700 Block HEWITSON ST, TBPS] MOTOR VEHICLE COLLISION 11-10 MVC ANY TYPE,Other,MOTOR VEHICLE COLLISION
TB23044213,"10/29/2023, 2:21:11 AM","10/29/2023, 1:02:41 PM",THUNDER BAY,ON,.,WILLIAM ST AND GOLF LINKS RD, TBPS] MOTOR VEHICLE COLLISION MVC NO INJURIES,Traffic,MOTOR VEHICLE COLLISION
TB23044239,"10/29/2023, 5:36:22 AM","10/29/2023, 1:02:41 PM",THUNDER BAY,ON,P7B 1M8,200 Block WILSON ST," TBPS] MISCHIEF IP/SUSP IN AREA, UNDER 5,000",Other Property Crime,MISCHIEF
TB23044145,"10/28/2023, 2:02:47 PM","10/29/2023, 1:02:42 PM",THUNDER BAY,ON,P7A 3R2,RIVER ST AND FARRAND ST, TBPS] ROBBERY NO WEAPONS - SUSP STILL IN AREA,Robbery,ROBBERY
TB23044164,"10/28/2023, 5:53:03 PM","10/29/2023, 1:02:42 PM",THUNDER BAY,ON,P7E 2B3,700 Block KINGSWAY, TBPS] MOTOR VEHICLE COLLISION MVC NO INJURIES,Traffic,MOTOR VEHICLE COLLISION
TB23044173,"10/28/2023, 7:46:02 PM","10/29/2023, 1:02:42 PM",THUNDER BAY,ON,P7C 3B9,800 Block MCLAUGHLIN ST, TBPS] B-E BUS/RES/OTH SUSP PRESENT OR MAY STILL BE IN AREA,Breaking & Entering,B-E BUS/RES/OTH
TB23044168,"10/28/2023, 6:33:58 PM","10/29/2023, 1:02:42 PM",THUNDER BAY,ON,P7B 5R7,100 Block CUMBERLAND ST S, TBPS] LIQUOR LICENCE ACT LIQUOR LICENCE ACT VIOLATION IN PROGRESS,Quality of Life,LIQUOR LICENCE ACT
TB23044229,"10/29/2023, 4:08:10 AM","10/29/2023, 1:02:42 PM",THUNDER BAY,ON,P7C 6A5,800 Block MAY ST N, TBPS] LIQUOR LICENCE ACT LIQUOR LICENCE ACT VIOLATION IN PROGRESS,Quality of Life,LIQUOR LICENCE ACT
TB23044180,"10/28/2023, 9:22:38 PM","10/29/2023, 1:02:42 PM",THUNDER BAY,ON,P7B 5Z5,1200 Block BALMORAL ST," TBPS] MISCHIEF 11-10, MICHIEF UNDER 5000",Other Property Crime,MISCHIEF
TB23044202,"10/28/2023, 11:43:44 PM","10/29/2023, 1:02:42 PM",THUNDER BAY,ON,P7C 3T2,300 Block BRODIE ST N, TBPS] ASSAULT SUSP PRESENT OR IN AREA,Assault,ASSAULT
TB23043693,"10/24/2023, 9:25:31 PM","10/29/2023, 1:02:43 PM",THUNDER BAY,ON,P7E 5P4,2800 Block ARTHUR ST E, TBPS] ASSAULT ACCUSED NOT PRESENT,Assault,ASSAULT
TB23044127,"10/28/2023, 7:45:35 AM","10/29/2023, 1:02:43 PM",THUNDER BAY,ON,P7C 3A5,700 Block MCINTOSH ST, TBPS] ASSAULT SUSP PRESENT OR IN AREA,Assault,ASSAULT
TB23043727,"10/25/2023, 2:15:31 AM","10/29/2023, 1:02:44 PM",THUNDER BAY,ON,P7A 2K6,200 Block MACDOUGALL ST, TBPS] ASSAULT ACCUSED NOT PRESENT,Assault,ASSAULT
TB23044119,"10/28/2023, 6:15:46 AM","10/29/2023, 1:02:44 PM",THUNDER BAY,ON,P7A 4K8,1 Block CUMBERLAND ST N, TBPS] ASSAULT SUSP PRESENT OR IN AREA,Assault,ASSAULT
TB23044226,"10/29/2023, 3:34:45 AM","10/29/2023, 1:07:18 PM",THUNDER BAY,ON,P7C 5S9,100 Block CONESTOGA ST, TBPS] TROUBLE WITH YOUTH YOUTHS STILL IN AREA,Quality of Life,TROUBLE WITH YOUTH
TB23044363,"10/30/2023, 5:34:55 AM","10/30/2023, 1:03:32 PM",THUNDER BAY,ON,P7C 3T8,700 Block BRODIE ST N," TBPS] MISCHIEF IP/SUSP IN AREA, UNDER 5,000",Other Property Crime,MISCHIEF
TB23044368,"10/30/2023, 6:35:27 AM","10/30/2023, 1:03:32 PM",THUNDER BAY,ON,P7B 6V4,900 Block OLIVER RD, TBPS] ASSAULT SUSP PRESENT OR IN AREA,Assault,ASSAULT
TB23044372,"10/30/2023, 7:19:15 AM","10/30/2023, 1:03:32 PM",THUNDER BAY,ON,P7A 6A9,1 Block CARRIE ST, TBPS] B-E BUS/RES/OTH SUSP PRESENT OR MAY STILL BE IN AREA,Breaking & Entering,B-E BUS/RES/OTH
TB23044298,"10/29/2023, 6:02:11 PM","10/30/2023, 1:03:33 PM",THUNDER BAY,ON,P7B 3Y2,300 Block MEMORIAL AV, TBPS] THEFT SUSP STILL PRESENT OR MAY BE IN AREA,Other Theft,THEFT
TB23044304,"10/29/2023, 6:51:58 PM","10/30/2023, 1:03:33 PM",THUNDER BAY,ON,P7B 3Y2,300 Block MEMORIAL AV," TBPS] THEFT NOT IN PROGRESS, UNDER 5000",Other Theft,THEFT
TB23044327,"10/30/2023, 12:18:01 AM","10/30/2023, 1:03:33 PM",THUNDER BAY,ON,P7B 2K2,300 Block QUEEN ST, TBPS] ASSAULT ACCUSED NOT PRESENT,Assault,ASSAULT
TB23044333,"10/30/2023, 1:03:18 AM","10/30/2023, 1:03:33 PM",THUNDER BAY,ON,P7E 1B4,200 Block MAY ST S," TBPS] MISCHIEF IP/SUSP IN AREA, MICHIEF OVER 5000",Other Property Crime,MISCHIEF
TB23044336,"10/30/2023, 1:36:01 AM","10/30/2023, 1:03:33 PM",THUNDER BAY,ON,P7E 5Y8,400 Block GEORGE ST, TBPS] ASSAULT SUSP PRESENT OR IN AREA,Assault,ASSAULT
TB23044334,"10/30/2023, 1:25:05 AM","10/30/2023, 1:03:33 PM",THUNDER BAY,ON,P7B 1K3,800 Block RED RIVER RD, TBPS] LIQUOR LICENCE ACT LIQUOR LICENCE ACT VIOLATION IN PROGRESS,Quality of Life,LIQUOR LICENCE ACT
TB23044347,"10/30/2023, 3:23:41 AM","10/30/2023, 1:03:33 PM",THUNDER BAY,ON,P7C 2G7,100 Block CAMERON ST, TBPS] ASSAULT SUSP PRESENT OR IN AREA,Assault,ASSAULT
TB23044354,"10/30/2023, 4:03:52 AM","10/30/2023, 1:03:33 PM",THUNDER BAY,ON,P7B 5J4,1000 Block DAWSON RD, TBPS] LIQUOR LICENCE ACT LIQUOR LICENCE ACT VIOLATION IN PROGRESS,Quality of Life,LIQUOR LICENCE ACT
TB23044253,"10/29/2023, 7:03:48 AM","10/30/2023, 1:03:34 PM",THUNDER BAY,ON,P7C 4P4,EDWARD ST N AND CHURCHILL DR E, TBPS] MOTOR VEHICLE COLLISION MVC - AMB ENR - DUAL RESP,Other,MOTOR VEHICLE COLLISION
TB23044270,"10/29/2023, 9:34:45 AM","10/30/2023, 1:03:34 PM",THUNDER BAY,ON,P7C 1N7,200 Block CUMMING ST, TBPS] ASSAULT SUSP PRESENT OR IN AREA,Assault,ASSAULT
TB23044274,"10/29/2023, 9:49:47 AM","10/30/2023, 1:03:34 PM",THUNDER BAY,ON,P7B 2T1,1 Block CUMBERLAND ST S, TBPS] ROBBERY NO WEAPONS - SUSP STILL IN AREA,Robbery,ROBBERY
TB23044283,"10/29/2023, 3:31:45 PM","10/30/2023, 1:03:34 PM",THUNDER BAY,ON,P7C,HARBOUR EXPRESSWAY AND GOLF LINKS RD, TBPS] MOTOR VEHICLE COLLISION MVC NO INJURIES,Traffic,MOTOR VEHICLE COLLISION
TB23044316,"10/29/2023, 8:51:52 PM","10/30/2023, 1:03:34 PM",THUNDER BAY,ON,P7A 3K3,100 Block HURON CR, TBPS] STOLEN VEHICLE SUSP NOT IN AREA,Theft of Vehicle,STOLEN VEHICLE
TB23044072,"10/27/2023, 11:06:56 PM","10/30/2023, 1:03:35 PM",THUNDER BAY,ON,P7B 5Z5,1200 Block BALMORAL ST, TBPS] MOTOR VEHICLE COLLISION 11-10 MVC ANY TYPE,Other,MOTOR VEHICLE COLLISION
TB23044424,"10/30/2023, 7:15:18 PM","10/31/2023, 1:04:23 PM",THUNDER BAY,ON,P7C 3K8,1000 Block SIMPSON ST," TBPS] MISCHIEF 11-10, MICHIEF UNDER 5000",Other Property Crime,MISCHIEF
TB23044425,"10/30/2023, 7:19:06 PM","10/31/2023, 1:04:23 PM",THUNDER BAY,ON,P7C 4B7,600 Block VICKERS ST N," TBPS] MISCHIEF 11-10, MICHIEF UNDER 5000",Other Property Crime,MISCHIEF
TB23044436,"10/30/2023, 8:37:33 PM","10/31/2023, 1:04:23 PM",THUNDER BAY,ON,P7C 3Y6,300 Block ARCHIBALD ST N," TBPS] MISCHIEF 11-10, MICHIEF UNDER 5000",Other Property Crime,MISCHIEF
TB23044438,"10/30/2023, 8:44:03 PM","10/31/2023, 1:04:23 PM",THUNDER BAY,ON,P7B 5Z5,1200 Block BALMORAL ST, TBPS] TROUBLE WITH YOUTH YOUTHS STILL IN AREA,Quality of Life,TROUBLE WITH YOUTH
TB23044441,"10/30/2023, 9:15:03 PM","10/31/2023, 1:04:23 PM",THUNDER BAY,ON,P7B,1 Block AV AND MEMORIAL AV, TBPS] MOTOR VEHICLE COLLISION MVC NO INJURIES,Traffic,MOTOR VEHICLE COLLISION
TB23044476,"10/31/2023, 3:37:28 AM","10/31/2023, 1:04:23 PM",THUNDER BAY,ON,P7B 1H8,RED RIVER RD AND ROCKWOOD AV N, TBPS] MOTOR VEHICLE COLLISION MVC - AMB ENR - DUAL RESP,Other,MOTOR VEHICLE COLLISION
TB23044481,"10/31/2023, 4:35:11 AM","10/31/2023, 1:04:23 PM",THUNDER BAY,ON,P7E 5V7,1100 Block LINCOLN ST, TBPS] LIQUOR LICENCE ACT LIQUOR LICENCE ACT VIOLATION IN PROGRESS,Quality of Life,LIQUOR LICENCE ACT
TB23044392,"10/30/2023, 3:11:37 PM","10/31/2023, 1:04:24 PM",THUNDER BAY,ON,P7B 7A4,GOLF LINKS RD AND OLIVER RD, TBPS] MOTOR VEHICLE COLLISION MVC - AMB ENR - DUAL RESP,Other,MOTOR VEHICLE COLLISION
TB23044399,"10/30/2023, 3:43:00 PM","10/31/2023, 1:04:24 PM",THUNDER BAY,ON,P7G 1P7,2100 Block OLIVER RD, TBPS] MOTOR VEHICLE COLLISION MVC - AMB ENR - DUAL RESP,Other,MOTOR VEHICLE COLLISION
TB23044401,"10/30/2023, 4:06:11 PM","10/31/2023, 1:04:24 PM",THUNDER BAY,ON,P7K 1K2,1200 Block ARTHUR ST W, TBPS] MOTOR VEHICLE COLLISION 11-10 MVC ANY TYPE,Other,MOTOR VEHICLE COLLISION
TB23044403,"10/30/2023, 4:25:47 PM","10/31/2023, 1:04:24 PM",THUNDER BAY,ON,P7C 5Y2,200 Block LILLIE ST N, TBPS] ASSAULT ACCUSED NOT PRESENT,Assault,ASSAULT
TB23044408,"10/30/2023, 5:13:19 PM","10/31/2023, 1:04:24 PM",THUNDER BAY,ON,P7B 6V4,900 Block OLIVER RD, TBPS] MOTOR VEHICLE COLLISION 11-10 MVC ANY TYPE,Other,MOTOR VEHICLE COLLISION
TB23044411,"10/30/2023, 5:32:53 PM","10/31/2023, 1:04:24 PM",THUNDER BAY,ON,P7A 7X5,400 Block HODDER AV, TBPS] MOTOR VEHICLE COLLISION 11-10 MVC ANY TYPE,Other,MOTOR VEHICLE COLLISION
TB23044419,"10/30/2023, 6:42:56 PM","10/31/2023, 1:04:24 PM",THUNDER BAY,ON,P7C 1S3,300 Block BOLTON CR," TBPS] THEFT NOT IN PROGRESS, FROM MOTOR VEHICLE",Theft from Vehicle,THEFT
TB23044417,"10/30/2023, 6:34:36 PM","10/31/2023, 1:04:24 PM",THUNDER BAY,ON,P7E 5S6,ARTHUR ST E AND SELKIRK ST S, TBPS] MOTOR VEHICLE COLLISION MVC NO INJURIES,Traffic,MOTOR VEHICLE COLLISION
TB23044468,"10/31/2023, 2:47:37 AM","10/31/2023, 1:04:24 PM",THUNDER BAY,ON,P7G 2J8,3400 Block DAWSON RD, TBPS] MOTOR VEHICLE COLLISION MVC NO INJURIES,Traffic,MOTOR VEHICLE COLLISION
TB23043959,"10/27/2023, 12:31:49 AM","10/31/2023, 1:04:25 PM",THUNDER BAY,ON,P7E 1R2,200 Block FRANKLIN ST S, TBPS] ASSAULT ACCUSED NOT PRESENT,Assault,ASSAULT
TB23044362,"10/30/2023, 5:29:12 AM","10/31/2023, 1:04:25 PM",THUNDER BAY,ON,P7C 3R2,300 Block MAY ST N, TBPS] ASSAULT SUSP PRESENT OR IN AREA,Assault,ASSAULT
TB23044370,"10/30/2023, 6:38:56 AM","10/31/2023, 1:04:25 PM",THUNDER BAY,ON,P7E 1A9,100 Block MAY ST S," TBPS] MISCHIEF IP/SUSP IN AREA, UNDER 5,000",Other Property Crime,MISCHIEF
TB23044406,"10/30/2023, 5:10:43 PM","10/31/2023, 1:04:25 PM",THUNDER BAY,ON,P7G 2G1,DAWSON RD AND WILLOW PARK DR, TBPS] MOTOR VEHICLE COLLISION 11-10 MVC ANY TYPE,Other,MOTOR VEHICLE COLLISION
TB23044429,"10/30/2023, 7:49:11 PM","10/31/2023, 1:05:06 PM",THUNDER BAY,ON,P7B 4N8,100 Block EMPRESS AV S," TBPS] MISCHIEF 11-10, MICHIEF UNDER 5000",Other Property Crime,MISCHIEF
TB23044614,"11/01/2023, 3:37:49 AM","11/01/2023, 1:04:49 PM",THUNDER BAY,ON,P7G 1S9,3300 Block OLIVER RD, TBPS] B-E BUS/RES/OTH 11-10,Breaking & Entering,B-E BUS/RES/OTH
TB23044618,"11/01/2023, 4:21:54 AM","11/01/2023, 1:04:49 PM",THUNDER BAY,ON,P7C 3R3,300 Block MAY ST N, TBPS] ASSAULT SUSP PRESENT OR IN AREA,Assault,ASSAULT
TB23044573,"10/31/2023, 9:54:40 PM","11/01/2023, 1:04:50 PM",THUNDER BAY,ON,P7A 6L4,1000 Block HURON AV," TBPS] MISCHIEF 11-10, MICHIEF OVER 5000",Other Property Crime,MISCHIEF
TB23044587,"10/31/2023, 11:30:37 PM","11/01/2023, 1:04:50 PM",THUNDER BAY,ON,P7E 1C2,200 Block BRODIE ST S, TBPS] ASSAULT SUSP PRESENT OR IN AREA,Assault,ASSAULT
TB23044617,"11/01/2023, 4:20:10 AM","11/01/2023, 1:04:50 PM",THUNDER BAY,ON,P7C 3R3,300 Block MAY ST N, TBPS] ASSAULT ACCUSED NOT PRESENT,Assault,ASSAULT
TB23044626,"11/01/2023, 5:16:35 AM","11/01/2023, 1:04:50 PM",THUNDER BAY,ON,P7G 0A1,100 Block LOXLEY BA," TBPS] MISCHIEF IP/SUSP IN AREA, UNDER 5,000",Other Property Crime,MISCHIEF
TB23044620,"11/01/2023, 4:28:18 AM","11/01/2023, 1:04:50 PM",THUNDER BAY,ON,P7C 6A6,100 Block REINDEER AV, TBPS] TROUBLE WITH YOUTH YOUTHS STILL IN AREA,Quality of Life,TROUBLE WITH YOUTH
TB23044625,"11/01/2023, 5:12:35 AM","11/01/2023, 1:04:50 PM",THUNDER BAY,ON,P7A 4R1,400 Block CUMBERLAND ST N, TBPS] MOTOR VEHICLE COLLISION MVC NO INJURIES,Traffic,MOTOR VEHICLE COLLISION
TB23044524,"10/31/2023, 3:56:33 PM","11/01/2023, 1:04:51 PM",THUNDER BAY,ON,P7A 6S6,BALSAM ST AND CLAYTE ST, TBPS] MOTOR VEHICLE COLLISION 11-10 MVC ANY TYPE,Other,MOTOR VEHICLE COLLISION
TB23044539,"10/31/2023, 5:08:51 PM","11/01/2023, 1:04:51 PM",THUNDER BAY,ON,P7E 5R7,500 Block ARTHUR ST W, TBPS] B-E BUS/RES/OTH 11-10,Breaking & Entering,B-E BUS/RES/OTH
TB23044541,"10/31/2023, 5:37:39 PM","11/01/2023, 1:04:51 PM",THUNDER BAY,ON,P7E 4H9,100 Block BROCK ST W, TBPS] MOTOR VEHICLE COLLISION 11-10 MVC ANY TYPE,Other,MOTOR VEHICLE COLLISION
TB23044600,"11/01/2023, 1:19:25 AM","11/01/2023, 1:04:51 PM",THUNDER BAY,ON,P7C 2R5,200 Block PACIFIC AV," TBPS] MISCHIEF 11-10, MICHIEF UNDER 5000",Other Property Crime,MISCHIEF
TB23044428,"10/30/2023, 7:36:45 PM","11/01/2023, 1:04:52 PM",THUNDER BAY,ON,P7J 1E8,2400 Block 61 HWY, TBPS] ASSAULT ACCUSED NOT PRESENT,Assault,ASSAULT
TB23044489,"10/31/2023, 6:24:10 AM","11/01/2023, 1:04:52 PM",THUNDER BAY,ON,P7E 5V3,500 Block DONALD ST E," TBPS] MISCHIEF IP/SUSP IN AREA, UNDER 5,000",Other Property Crime,MISCHIEF
TB23044491,"10/31/2023, 7:22:18 AM","11/01/2023, 1:04:52 PM",THUNDER BAY,ON,P7E 2J8,ARTHUR ST W AND BROWN ST, TBPS] ASSAULT SUSP PRESENT OR IN AREA,Assault,ASSAULT
TB23044498,"10/31/2023, 10:46:27 AM","11/01/2023, 1:04:52 PM",THUNDER BAY,ON,P7B 4J3,1 Block TRILLIUM WAY, TBPS] LIQUOR LICENCE ACT LIQUOR LICENCE ACT VIOLATION IN PROGRESS,Quality of Life,LIQUOR LICENCE ACT
TB23044501,"10/31/2023, 11:31:19 AM","11/01/2023, 1:04:52 PM",THUNDER BAY,ON,P7G 1R6,200 Block RICHMOND RD, TBPS] B-E BUS/RES/OTH SUSP PRESENT OR MAY STILL BE IN AREA,Breaking & Entering,B-E BUS/RES/OTH
TB23044757,"11/01/2023, 11:53:43 PM","11/02/2023, 1:03:27 PM",THUNDER BAY,ON,P7C 4T4,500 Block JAMES ST N, TBPS] LIQUOR LICENCE ACT LIQUOR LICENCE ACT VIOLATION IN PROGRESS,Quality of Life,LIQUOR LICENCE ACT
TB23044759,"11/02/2023, 12:33:30 AM","11/02/2023, 1:03:27 PM",THUNDER BAY,ON,P7C 2P2,100 Block ROWAND ST, TBPS] ASSAULT ACCUSED NOT PRESENT,Assault,ASSAULT
TB23044775,"11/02/2023, 3:13:32 AM","11/02/2023, 1:03:27 PM",THUNDER BAY,ON,P7B 2A3,1100 Block JOHN ST. RD, TBPS] MOTOR VEHICLE COLLISION MVC - AMB ENR - DUAL RESP,Other,MOTOR VEHICLE COLLISION
TB23044794,"11/02/2023, 5:28:59 AM","11/02/2023, 1:03:27 PM",THUNDER BAY,ON,P7B 1K3,900 Block RED RIVER RD, TBPS] THEFT SUSP STILL PRESENT OR MAY BE IN AREA,Other Theft,THEFT
TB23044776,"11/02/2023, 3:13:36 AM","11/02/2023, 1:03:27 PM",THUNDER BAY,ON,P7B 2T1,1 Block CUMBERLAND ST S," TBPS] MISCHIEF IP/SUSP IN AREA, UNDER 5,000",Other Property Crime,MISCHIEF
TB23044788,"11/02/2023, 4:33:18 AM","11/02/2023, 1:03:27 PM",THUNDER BAY,ON,P7A 5E7,1 Block JEAN ST, TBPS] ASSAULT SUSP PRESENT OR IN AREA,Assault,ASSAULT
TB23044806,"11/02/2023, 7:25:06 AM","11/02/2023, 1:03:27 PM",THUNDER BAY,ON,P7C 2G5,300 Block BETHUNE ST, TBPS] B-E BUS/RES/OTH SUSP PRESENT OR MAY STILL BE IN AREA,Breaking & Entering,B-E BUS/RES/OTH
TB23044706,"11/01/2023, 6:58:26 PM","11/02/2023, 1:03:28 PM",THUNDER BAY,ON,P7B 7A6,GOLF LINKS RD AND CENTRAL AV, TBPS] MOTOR VEHICLE COLLISION 11-10 MVC ANY TYPE,Other,MOTOR VEHICLE COLLISION
TB23044708,"11/01/2023, 6:59:36 PM","11/02/2023, 1:03:28 PM",THUNDER BAY,ON,P7B 3A6,900 Block FORT WILLIAM RD, TBPS] MOTOR VEHICLE COLLISION 11-10 MVC ANY TYPE,Other,MOTOR VEHICLE COLLISION
TB23044726,"11/01/2023, 8:54:27 PM","11/02/2023, 1:03:28 PM",THUNDER BAY,ON,P7B 3L7,HIGH ST S AND INCHIQUIN ST, TBPS] MOTOR VEHICLE COLLISION MVC - AMB ENR - DUAL RESP,Other,MOTOR VEHICLE COLLISION
TB23044727,"11/01/2023, 8:58:34 PM","11/02/2023, 1:03:28 PM",THUNDER BAY,ON,P7E 2V3,500 Block ARTHUR ST W, TBPS] MOTOR VEHICLE COLLISION MVC - AMB ENR - DUAL RESP,Other,MOTOR VEHICLE COLLISION
TB23044752,"11/01/2023, 11:33:35 PM","11/02/2023, 1:03:28 PM",THUNDER BAY,ON,P7E 1A1,SIMPSON ST AND GEORGE ST, TBPS] MOTOR VEHICLE COLLISION MVC NO INJURIES,Traffic,MOTOR VEHICLE COLLISION
TB23044666,"11/01/2023, 3:16:58 PM","11/02/2023, 1:03:29 PM",THUNDER BAY,ON,P7C,HARBOUR EXPRESSWAY AND GOLF LINKS RD, TBPS] MOTOR VEHICLE COLLISION 11-10 MVC ANY TYPE,Other,MOTOR VEHICLE COLLISION
TB23044667,"11/01/2023, 3:17:54 PM","11/02/2023, 1:03:29 PM",THUNDER BAY,ON,P7B,JOHN ST AND JUNOT AV S, TBPS] MOTOR VEHICLE COLLISION MVC NO INJURIES,Traffic,MOTOR VEHICLE COLLISION
TB23044690,"11/01/2023, 6:06:34 PM","11/02/2023, 1:03:29 PM",THUNDER BAY,ON,P7B 5R8,100 Block CUMBERLAND ST S, TBPS] ASSAULT ACCUSED NOT PRESENT,Assault,ASSAULT
TB23044676,"11/01/2023, 4:01:41 PM","11/02/2023, 1:03:29 PM",THUNDER BAY,ON,P7E 5Y8,400 Block GEORGE ST, TBPS] ASSAULT SUSP PRESENT OR IN AREA,Assault,ASSAULT
TB23044695,"11/01/2023, 6:42:35 PM","11/02/2023, 1:03:29 PM",THUNDER BAY,ON,P7C 1A7,500 Block VICTORIA AV E, TBPS] ASSAULT SUSP PRESENT OR IN AREA,Assault,ASSAULT
TB23044696,"11/01/2023, 6:43:49 PM","11/02/2023, 1:03:29 PM",THUNDER BAY,ON,P7A 2K8,100 Block POWLEY ST, TBPS] LIQUOR LICENCE ACT LIQUOR LICENCE ACT VIOLATION IN PROGRESS,Quality of Life,LIQUOR LICENCE ACT
TB23044697,"11/01/2023, 6:45:48 PM","11/02/2023, 1:03:29 PM",THUNDER BAY,ON,P7A 1A7,CUYLER ST AND CURRENT AV, TBPS] MOTOR VEHICLE COLLISION 11-10 MVC ANY TYPE,Other,MOTOR VEHICLE COLLISION
TB23044700,"11/01/2023, 6:47:43 PM","11/02/2023, 1:03:29 PM",THUNDER BAY,ON,P7B 6S2,700 Block MEMORIAL AV, TBPS] MOTOR VEHICLE COLLISION 11-10 MVC ANY TYPE,Other,MOTOR VEHICLE COLLISION
TB23044701,"11/01/2023, 6:49:46 PM","11/02/2023, 1:03:29 PM",THUNDER BAY,ON,P7B 6Z8,1400 Block NAKINA DR, TBPS] MOTOR VEHICLE COLLISION 11-10 MVC ANY TYPE,Other,MOTOR VEHICLE COLLISION
TB23044703,"11/01/2023, 6:51:45 PM","11/02/2023, 1:03:29 PM",THUNDER BAY,ON,P7C 4P7,400 Block EDWARD ST N, TBPS] MOTOR VEHICLE COLLISION 11-10 MVC ANY TYPE,Other,MOTOR VEHICLE COLLISION
TB23044704,"11/01/2023, 6:55:33 PM","11/02/2023, 1:03:29 PM",THUNDER BAY,ON,P7G 1H8,400 Block SILVERSTONE PL, TBPS] MOTOR VEHICLE COLLISION 11-10 MVC ANY TYPE,Other,MOTOR VEHICLE COLLISION
TB23044718,"11/01/2023, 8:29:22 PM","11/02/2023, 1:03:29 PM",THUNDER BAY,ON,P7B 3V2,HILL ST S AND CORNWALL AV, TBPS] MOTOR VEHICLE COLLISION MVC NO INJURIES,Traffic,MOTOR VEHICLE COLLISION
TB23044591,"11/01/2023, 12:04:35 AM","11/02/2023, 1:03:30 PM",THUNDER BAY,ON,P7B 3A9,1 Block ALGOMA ST S, TBPS] ASSAULT ACCUSED NOT PRESENT,Assault,ASSAULT
TB23044638,"11/01/2023, 6:55:30 AM","11/02/2023, 1:03:30 PM",THUNDER BAY,ON,P7E 5Y8,400 Block GEORGE ST, TBPS] ASSAULT ACCUSED NOT PRESENT,Assault,ASSAULT
TB23044656,"11/01/2023, 12:32:37 PM","11/02/2023, 1:03:30 PM",THUNDER BAY,ON,P7B 2Y6,1 Block MACHAR AV," TBPS] MISCHIEF IP/SUSP IN AREA, UNDER 5,000",Other Property Crime,MISCHIEF
TB23044663,"11/01/2023, 3:03:04 PM","11/02/2023, 1:03:30 PM",THUNDER BAY,ON,P7E 6G8,400 Block MOUNTDALE AV, TBPS] MOTOR VEHICLE COLLISION 11-10 MVC ANY TYPE,Other,MOTOR VEHICLE COLLISION
TB23044665,"11/01/2023, 3:16:12 PM","11/02/2023, 1:03:30 PM",THUNDER BAY,ON,P7B 2Y8,100 Block MACHAR AV, TBPS] MOTOR VEHICLE COLLISION MVC NO INJURIES,Traffic,MOTOR VEHICLE COLLISION
TB23044668,"11/01/2023, 3:25:15 PM","11/02/2023, 1:03:30 PM",THUNDER BAY,ON,P7E 6M3,100 Block BRODIE ST S, TBPS] B-E BUS/RES/OTH SUSP PRESENT OR MAY STILL BE IN AREA,Breaking & Entering,B-E BUS/RES/OTH
TB23044673,"11/01/2023, 3:33:43 PM","11/02/2023, 1:03:30 PM",THUNDER BAY,ON,P7B 5R1,1100 Block WATERFORD ST," TBPS] THEFT NOT IN PROGRESS, OVER 5000",Other Theft,THEFT
TB23044674,"11/01/2023, 3:42:10 PM","11/02/2023, 1:03:30 PM",THUNDER BAY,ON,P7C 3S2,800 Block MAY ST N, TBPS] MOTOR VEHICLE COLLISION 11-10 MVC ANY TYPE,Other,MOTOR VEHICLE COLLISION
TB23044854,"11/02/2023, 6:36:11 PM","11/03/2023, 1:03:32 PM",THUNDER BAY,ON,P7E 6H9,WATERLOO ST S AND ARTHUR ST E, TBPS] MOTOR VEHICLE COLLISION MVC NO INJURIES,Traffic,MOTOR VEHICLE COLLISION
TB23044855,"11/02/2023, 6:52:29 PM","11/03/2023, 1:03:33 PM",THUNDER BAY,ON,.,MEMORIAL AV AND QUEEN ST, TBPS] MOTOR VEHICLE COLLISION MVC NO INJURIES,Traffic,MOTOR VEHICLE COLLISION
TB23044857,"11/02/2023, 7:07:24 PM","11/03/2023, 1:03:33 PM",THUNDER BAY,ON,P7B 3Z9,900 Block MEMORIAL AV, TBPS] MOTOR VEHICLE COLLISION MVC NO INJURIES,Traffic,MOTOR VEHICLE COLLISION
TB23044880,"11/02/2023, 10:28:34 PM","11/03/2023, 1:03:35 PM",THUNDER BAY,ON,P7B 2R5,900 Block CARRICK ST, TBPS] THEFT SUSP STILL PRESENT OR MAY BE IN AREA,Other Theft,THEFT
TB23044882,"11/02/2023, 10:52:08 PM","11/03/2023, 1:03:35 PM",THUNDER BAY,ON,P7C 2V5,100 Block NORTHERN AV," TBPS] THEFT NOT IN PROGRESS, OVER 5000",Other Theft,THEFT
TB23044908,"11/03/2023, 2:01:12 AM","11/03/2023, 1:03:37 PM",THUNDER BAY,ON,P7A 8C5,500 Block ALGOMA ST N, TBPS] B-E BUS/RES/OTH SUSP PRESENT OR MAY STILL BE IN AREA,Breaking & Entering,B-E BUS/RES/OTH
TB23044707,"11/01/2023, 6:59:01 PM","11/03/2023, 1:03:44 PM",THUNDER BAY,ON,P7E 1T9,600 Block SELKIRK ST S, TBPS] ASSAULT ACCUSED NOT PRESENT,Assault,ASSAULT
TB23044804,"11/02/2023, 7:05:59 AM","11/03/2023, 1:03:51 PM",THUNDER BAY,ON,P7C 4S8,1 Block LIMBRICK ST, TBPS] B-E BUS/RES/OTH SUSP PRESENT OR MAY STILL BE IN AREA,Breaking & Entering,B-E BUS/RES/OTH
TB23044810,"11/02/2023, 8:20:17 AM","11/03/2023, 1:03:51 PM",THUNDER BAY,ON,P7A 6N7,1 Block MINOT AV," TBPS] ASSAULT JUST OCCURRED, ACCUSED NOT PRESENT",Assault,ASSAULT
TB23044824,"11/02/2023, 2:58:27 PM","11/03/2023, 1:03:52 PM",THUNDER BAY,ON,P7C 5G9,600 Block BALMORAL ST, TBPS] MOTOR VEHICLE COLLISION MVC NO INJURIES,Traffic,MOTOR VEHICLE COLLISION
TB23044818,"11/02/2023, 11:40:19 AM","11/03/2023, 1:03:52 PM",THUNDER BAY,ON,P7B 2H7,600 Block OLIVER RD, TBPS] B-E BUS/RES/OTH SUSP PRESENT OR MAY STILL BE IN AREA,Breaking & Entering,B-E BUS/RES/OTH
TB23044831,"11/02/2023, 3:53:46 PM","11/03/2023, 1:03:52 PM",THUNDER BAY,ON,P7B,VALLEY ST AND STRAND AV, TBPS] MOTOR VEHICLE COLLISION MVC NO INJURIES,Traffic,MOTOR VEHICLE COLLISION
TB23044834,"11/02/2023, 4:13:13 PM","11/03/2023, 1:03:52 PM",THUNDER BAY,ON,P7E 6P9,ARTHUR ST W AND NEEBING AV, TBPS] MOTOR VEHICLE COLLISION MVC NO INJURIES,Traffic,MOTOR VEHICLE COLLISION
TB23044836,"11/02/2023, 4:35:54 PM","11/03/2023, 1:03:52 PM",THUNDER BAY,ON,P7B 5R1,1100 Block WATERFORD ST, TBPS] B-E BUS/RES/OTH 11-10,Breaking & Entering,B-E BUS/RES/OTH
TB23045020,"11/03/2023, 11:48:23 PM","11/04/2023, 1:02:25 PM",THUNDER BAY,ON,P7B 5J3,100 Block ACADEMY DR, TBPS] B-E BUS/RES/OTH 11-10,Breaking & Entering,B-E BUS/RES/OTH
TB23045047,"11/04/2023, 3:49:57 AM","11/04/2023, 1:02:25 PM",THUNDER BAY,ON,P7A 6B4,100 Block WINDEMERE AV N," TBPS] MISCHIEF 11-10, MICHIEF OVER 5000",Other Property Crime,MISCHIEF
TB23045049,"11/04/2023, 4:17:59 AM","11/04/2023, 1:02:25 PM",THUNDER BAY,ON,P7E 5V3,500 Block DONALD ST E, TBPS] LIQUOR LICENCE ACT LIQUOR LICENCE ACT VIOLATION IN PROGRESS,Quality of Life,LIQUOR LICENCE ACT
TB23045011,"11/03/2023, 10:34:35 PM","11/04/2023, 1:02:26 PM",THUNDER BAY,ON,P7B 3A6,900 Block FORT WILLIAM RD, TBPS] MOTOR VEHICLE COLLISION MVC INJURIES FIRE NOT REQ,Traffic,MOTOR VEHICLE COLLISION
TB23044986,"11/03/2023, 8:04:40 PM","11/04/2023, 1:02:26 PM",THUNDER BAY,ON,P7B 2X8,JOHN ST AND COURT ST S, TBPS] MOTOR VEHICLE COLLISION MVC NO INJURIES,Traffic,MOTOR VEHICLE COLLISION
TB23045032,"11/04/2023, 1:41:10 AM","11/04/2023, 1:02:26 PM",THUNDER BAY,ON,P7A,RIVER ST AND FARRAND ST, TBPS] MOTOR VEHICLE COLLISION MVC NO INJURIES,Traffic,MOTOR VEHICLE COLLISION
TB23045015,"11/03/2023, 10:49:14 PM","11/04/2023, 1:02:26 PM",THUNDER BAY,ON,P7C 3C5,MCGILLIVRAY ST AND MCTAVISH ST, TBPS] LIQUOR LICENCE ACT LIQUOR LICENCE ACT VIOLATION IN PROGRESS,Quality of Life,LIQUOR LICENCE ACT
TB23045042,"11/04/2023, 3:19:22 AM","11/04/2023, 1:02:26 PM",THUNDER BAY,ON,P7E 1E2,300 Block SYNDICATE AV S, TBPS] B-E BUS/RES/OTH SUSP PRESENT OR MAY STILL BE IN AREA,Breaking & Entering,B-E BUS/RES/OTH
TB23045065,"11/04/2023, 7:11:52 AM","11/04/2023, 1:02:26 PM",THUNDER BAY,ON,P7G 2H7,WARDROPE AV AND BALSAM ST, TBPS] MOTOR VEHICLE COLLISION MVC NO INJURIES,Traffic,MOTOR VEHICLE COLLISION
TB23044949,"11/03/2023, 2:34:44 PM","11/04/2023, 1:02:27 PM",THUNDER BAY,ON,P7B 1S3,BAY ST AND ONTARIO ST, TBPS] MOTOR VEHICLE COLLISION 11-10 MVC ANY TYPE,Other,MOTOR VEHICLE COLLISION
TB23044959,"11/03/2023, 4:22:36 PM","11/04/2023, 1:02:27 PM",THUNDER BAY,ON,P7B 1E3,200 Block PEARL ST," TBPS] MISCHIEF 11-10, MICHIEF UNDER 5000",Other Property Crime,MISCHIEF
TB23045000,"11/03/2023, 9:14:03 PM","11/04/2023, 1:02:27 PM",THUNDER BAY,ON,P7E 1K4,100 Block HAROLD ST S," TBPS] THEFT NOT IN PROGRESS, UNDER 5000",Other Theft,THEFT
TB23044963,"11/03/2023, 5:19:43 PM","11/04/2023, 1:02:27 PM",THUNDER BAY,ON,P7B 3Y6,400 Block MEMORIAL AV," TBPS] THEFT NOT IN PROGRESS, UNDER 5000",Other Theft,THEFT
TB23044997,"11/03/2023, 8:59:52 PM","11/04/2023, 1:02:27 PM",THUNDER BAY,ON,P7B 2R5,900 Block CARRICK ST, TBPS] MOTOR VEHICLE COLLISION MVC NO INJURIES,Traffic,MOTOR VEHICLE COLLISION
TB23045005,"11/03/2023, 9:57:01 PM","11/04/2023, 1:02:27 PM",THUNDER BAY,ON,P7B 6B9,1000 Block FORT WILLIAM RD, TBPS] MISCHIEF IP PROGRESS/SUPECT IN AREA,Other Property Crime,MISCHIEF
TB23044717,"11/01/2023, 8:08:05 PM","11/04/2023, 1:02:28 PM",THUNDER BAY,ON,P7B 6S2,700 Block MEMORIAL AV, TBPS] MOTOR VEHICLE COLLISION 11-10 MVC ANY TYPE,Other,MOTOR VEHICLE COLLISION
TB23044938,"11/03/2023, 9:05:43 AM","11/04/2023, 1:02:28 PM",THUNDER BAY,ON,P7A 7S7,400 Block WENTWORTH CR, TBPS] MISCHIEF IP PROGRESS/SUPECT IN AREA,Other Property Crime,MISCHIEF
TB23044934,"11/03/2023, 8:56:44 AM","11/04/2023, 1:02:28 PM",THUNDER BAY,ON,P7C 3N3,500 Block WILEY ST, TBPS] ASSAULT SUSP PRESENT OR IN AREA,Assault,ASSAULT
TB23044937,"11/03/2023, 9:05:50 AM","11/04/2023, 1:02:28 PM",THUNDER BAY,ON,P7B 1E3,200 Block PEARL ST," TBPS] MISCHIEF IP/SUSP IN AREA, UNDER 5,000",Other Property Crime,MISCHIEF
TB23044955,"11/03/2023, 4:07:58 PM","11/04/2023, 1:02:28 PM",THUNDER BAY,ON,P7A 7S6,400 Block WENTWORTH CR, TBPS] MOTOR VEHICLE COLLISION 11-10 MVC ANY TYPE,Other,MOTOR VEHICLE COLLISION
TB23045003,"11/03/2023, 9:50:47 PM","11/04/2023, 1:04:05 PM",THUNDER BAY,ON,P7C 3H4,200 Block SIMPSON ST, TBPS] STOLEN VEHICLE SUSP PRESENT OR MAY STILL BE IN AREA,Theft of Vehicle,STOLEN VEHICLE
TB23045129,"11/04/2023, 8:15:51 PM","11/05/2023, 2:02:40 PM",THUNDER BAY,ON,P7E 6L4,ARTHUR ST W AND SIFTON AV, TBPS] MOTOR VEHICLE COLLISION VEHICLE LEAKING FLUIDS - DUAL RESP,Traffic,MOTOR VEHICLE COLLISION
TB23045134,"11/04/2023, 9:12:04 PM","11/05/2023, 2:02:40 PM",THUNDER BAY,ON,P7C 2N8,200 Block ROBERTSON ST, TBPS] B-E BUS/RES/OTH SUSP PRESENT OR MAY STILL BE IN AREA,Breaking & Entering,B-E BUS/RES/OTH
TB23045135,"11/04/2023, 9:20:20 PM","11/05/2023, 2:02:40 PM",THUNDER BAY,ON,P7B 5Z5,1200 Block BALMORAL ST," TBPS] THEFT NOT IN PROGRESS, UNDER 5000",Other Theft,THEFT
TB23045151,"11/04/2023, 11:24:40 PM","11/05/2023, 2:02:40 PM",THUNDER BAY,ON,P7A 4Y7,COURT ST N AND MCVICAR ST, TBPS] LIQUOR LICENCE ACT LIQUOR LICENCE ACT VIOLATION IN PROGRESS,Quality of Life,LIQUOR LICENCE ACT
TB23045141,"11/04/2023, 10:21:26 PM","11/05/2023, 2:02:40 PM",THUNDER BAY,ON,P7E 6P9,NEEBING AV AND ARTHUR ST W, TBPS] TROUBLE WITH YOUTH YOUTHS STILL IN AREA,Quality of Life,TROUBLE WITH YOUTH
TB23045154,"11/05/2023, 12:00:54 AM","11/05/2023, 2:02:40 PM",THUNDER BAY,ON,P7B 5Z5,1200 Block BALMORAL ST," TBPS] THEFT NOT IN PROGRESS, UNDER 5000",Other Theft,THEFT
TB23045155,"11/05/2023, 12:05:44 AM","11/05/2023, 2:02:40 PM",THUNDER BAY,ON,P7B 2V7,1 Block JOHNSON AV, TBPS] ASSAULT SUSP PRESENT OR IN AREA,Assault,ASSAULT
TB23045162,"11/05/2023, 1:19:53 AM","11/05/2023, 2:02:40 PM",THUNDER BAY,ON,P7B 6S2,700 Block MEMORIAL AV, TBPS] THEFT SUSP STILL PRESENT OR MAY BE IN AREA,Other Theft,THEFT
TB23045184,"11/05/2023, 4:55:12 AM","11/05/2023, 2:02:40 PM",THUNDER BAY,ON,P7B 1A7,200 Block RED RIVER RD, TBPS] LIQUOR LICENCE ACT LIQUOR LICENCE ACT VIOLATION IN PROGRESS,Quality of Life,LIQUOR LICENCE ACT
TB23044978,"11/03/2023, 7:26:42 PM","11/05/2023, 2:02:41 PM",THUNDER BAY,ON,P7A 4M2,100 Block CUMBERLAND ST N, TBPS] ASSAULT ACCUSED NOT PRESENT,Assault,ASSAULT
TB23044982,"11/03/2023, 7:44:53 PM","11/05/2023, 2:02:41 PM",THUNDER BAY,ON,P7C 2P2,100 Block ROWAND ST, TBPS] ASSAULT ACCUSED NOT PRESENT,Assault,ASSAULT
TB23045074,"11/04/2023, 8:57:14 AM","11/05/2023, 2:02:41 PM",THUNDER BAY,ON,P7B,PARK AV AND CUMBERLAND ST S," TBPS] ASSAULT JUST OCCURRED, ACCUSED NOT PRESENT",Assault,ASSAULT
TB23045079,"11/04/2023, 9:26:28 AM","11/05/2023, 2:02:41 PM",THUNDER BAY,ON,P0T 2G0,10400 Block JOHN ST. RD, TBPS] MOTOR VEHICLE COLLISION MVC - AMB ENR,Traffic,MOTOR VEHICLE COLLISION
TB23045085,"11/04/2023, 10:18:02 AM","11/05/2023, 2:02:41 PM",THUNDER BAY,ON,P7B 3Y6,400 Block MEMORIAL AV," TBPS] MISCHIEF IP/SUSP IN AREA, UNDER 5,000",Other Property Crime,MISCHIEF
TB23045095,"11/04/2023, 3:16:23 PM","11/05/2023, 2:02:41 PM",THUNDER BAY,ON,P7E 1B4,200 Block MAY ST S, TBPS] DRUG OFFENCES SUSP PRESENT OR MAY STILL BE IN AREA,Quality of Life,DRUG OFFENCES
TB23045086,"11/04/2023, 11:02:28 AM","11/05/2023, 2:02:41 PM",THUNDER BAY,ON,P7C 5T3,100 Block ELRON CR," TBPS] SEXUAL ASSAULT JUST OCCURRED, ACCUSED NOT PRESENT",Other,SEXUAL ASSAULT
TB23045102,"11/04/2023, 4:45:49 PM","11/05/2023, 2:02:41 PM",THUNDER BAY,ON,P7B 5Z5,1200 Block BALMORAL ST, TBPS] STOLEN VEHICLE SUSP NOT IN AREA,Theft of Vehicle,STOLEN VEHICLE
TB23045123,"11/04/2023, 7:33:13 PM","11/05/2023, 2:02:41 PM",THUNDER BAY,ON,P7B 5J4,1000 Block DAWSON RD, TBPS] MOTOR VEHICLE COLLISION MVC NO INJURIES,Traffic,MOTOR VEHICLE COLLISION
TB23045145,"11/04/2023, 10:51:02 PM","11/05/2023, 2:02:41 PM",THUNDER BAY,ON,P7C 4P7,400 Block EDWARD ST N," TBPS] THEFT NOT IN PROGRESS, UNDER 5000",Other Theft,THEFT
TB23045306,"11/06/2023, 6:02:36 AM","11/06/2023, 2:03:17 PM",THUNDER BAY,ON,P7E 1B4,200 Block MAY ST S, TBPS] DRUG OFFENCES SUSP PRESENT OR MAY STILL BE IN AREA,Quality of Life,DRUG OFFENCES
TB23045295,"11/06/2023, 2:58:35 AM","11/06/2023, 2:03:17 PM",THUNDER BAY,ON,P7C 3V8,200 Block SYNDICATE AV N, TBPS] ASSAULT SUSP PRESENT OR IN AREA,Assault,ASSAULT
TB23045309,"11/06/2023, 6:42:49 AM","11/06/2023, 2:03:17 PM",THUNDER BAY,ON,P7A 2K8,100 Block POWLEY ST, TBPS] B-E BUS/RES/OTH SUSP PRESENT OR MAY STILL BE IN AREA,Breaking & Entering,B-E BUS/RES/OTH
TB23045233,"11/05/2023, 4:20:23 PM","11/06/2023, 2:03:18 PM",THUNDER BAY,ON,P7E 1A9,100 Block MAY ST S, TBPS] B-E BUS/RES/OTH SUSP PRESENT OR MAY STILL BE IN AREA,Breaking & Entering,B-E BUS/RES/OTH
TB23045242,"11/05/2023, 6:22:59 PM","11/06/2023, 2:03:18 PM",THUNDER BAY,ON,P7C 4P7,400 Block EDWARD ST N, TBPS] THEFT SUSP STILL PRESENT OR MAY BE IN AREA,Other Theft,THEFT
TB23045259,"11/05/2023, 8:13:29 PM","11/06/2023, 2:03:18 PM",THUNDER BAY,ON,P7B,JOHN ST AND THUNDER BAY EXPRESSWAY, TBPS] MOTOR VEHICLE COLLISION MVC - AMB ENR - DUAL RESP,Other,MOTOR VEHICLE COLLISION
TB23045273,"11/05/2023, 10:23:33 PM","11/06/2023, 2:03:18 PM",THUNDER BAY,ON,P7C 3W8,400 Block SYNDICATE AV N," TBPS] THEFT NOT IN PROGRESS, UNDER 5000",Other Theft,THEFT
TB23045282,"11/05/2023, 11:59:58 PM","11/06/2023, 2:03:18 PM",THUNDER BAY,ON,P7E 5R2,JAMES ST S AND ARTHUR ST W, TBPS] MOTOR VEHICLE COLLISION 11-10 MVC ANY TYPE,Other,MOTOR VEHICLE COLLISION
TB23045010,"11/03/2023, 10:29:21 PM","11/06/2023, 2:03:19 PM",THUNDER BAY,ON,P7B 5L6,300 Block MAIN ST, TBPS] MOTOR VEHICLE COLLISION 11-10 MVC ANY TYPE,Other,MOTOR VEHICLE COLLISION
TB23045127,"11/04/2023, 8:11:09 PM","11/06/2023, 2:03:19 PM",THUNDER BAY,ON,P7A 7T8,300 Block ADELAIDE ST, TBPS] ASSAULT ACCUSED NOT PRESENT,Assault,ASSAULT
TB23045214,"11/05/2023, 9:09:57 AM","11/06/2023, 2:03:19 PM",THUNDER BAY,ON,P7C 1A1,100 Block SIMPSON ST, TBPS] ASSAULT ACCUSED NOT PRESENT,Assault,ASSAULT
TB23045219,"11/05/2023, 10:20:41 AM","11/06/2023, 2:03:19 PM",THUNDER BAY,ON,P7A 4N4,200 Block CUMBERLAND ST N, TBPS] LIQUOR LICENCE ACT LIQUOR LICENCE ACT VIOLATION IN PROGRESS,Quality of Life,LIQUOR LICENCE ACT
TB23045246,"11/05/2023, 7:01:06 PM","11/06/2023, 2:03:19 PM",THUNDER BAY,ON,P7B 5Z5,1200 Block BALMORAL ST," TBPS] MISCHIEF 11-10, MICHIEF UNDER 5000",Other Property Crime,MISCHIEF
TB23045045,"11/04/2023, 3:43:01 AM","11/06/2023, 2:03:20 PM",THUNDER BAY,ON,P7E 2Y8,1300 Block BROADMORE AV, TBPS] ASSAULT ACCUSED NOT PRESENT,Assault,ASSAULT
TB23045402,"11/06/2023, 11:16:35 PM","11/07/2023, 2:03:39 PM",THUNDER BAY,ON,P7C 2W4,VICKERS ST N AND NORTHERN AV, TBPS] MOTOR VEHICLE COLLISION MVC NO INJURIES,Traffic,MOTOR VEHICLE COLLISION
TB23045401,"11/06/2023, 11:14:13 PM","11/07/2023, 2:03:39 PM",THUNDER BAY,ON,P7B 1C4,200 Block PARK AV," TBPS] THEFT NOT IN PROGRESS, UNDER 5000",Other Theft,THEFT
TB23045403,"11/06/2023, 11:24:38 PM","11/07/2023, 2:03:39 PM",THUNDER BAY,ON,P7A 5V6,UNKNOWN STREET AND UNKNOWN STREET, TBPS] MOTOR VEHICLE COLLISION MVC - AMB ENR - DUAL RESP,Other,MOTOR VEHICLE COLLISION
TB23045407,"11/06/2023, 11:53:17 PM","11/07/2023, 2:03:39 PM",THUNDER BAY,ON,P7E 6L4,1100 Block ARTHUR ST W," TBPS] THEFT NOT IN PROGRESS, UNDER 5000",Other Theft,THEFT
TB23045408,"11/07/2023, 12:19:22 AM","11/07/2023, 2:03:39 PM",THUNDER BAY,ON,P7E 5Y8,400 Block GEORGE ST," TBPS] MISCHIEF IP/SUSP IN AREA, MICHIEF OVER 5000",Other Property Crime,MISCHIEF
TB23045411,"11/07/2023, 1:03:49 AM","11/07/2023, 2:03:39 PM",THUNDER BAY,ON,P7C 5A3,JAMES ST N AND REDWOOD AV W, TBPS] MOTOR VEHICLE COLLISION MVC INJURIES FIRE NOT REQ,Traffic,MOTOR VEHICLE COLLISION
TB23045428,"11/07/2023, 2:41:42 AM","11/07/2023, 2:03:39 PM",THUNDER BAY,ON,P7B 5Z5,1200 Block BALMORAL ST," TBPS] THEFT NOT IN PROGRESS, UNDER 5000",Other Theft,THEFT
TB23045414,"11/07/2023, 1:20:58 AM","11/07/2023, 2:03:39 PM",THUNDER BAY,ON,P7B 5V1,1000 Block DAWSON RD, TBPS] MOTOR VEHICLE COLLISION MVC NO INJURIES,Traffic,MOTOR VEHICLE COLLISION
TB23045429,"11/07/2023, 2:50:16 AM","11/07/2023, 2:03:39 PM",THUNDER BAY,ON,P7A 4T8,1 Block COURT ST N, TBPS] THEFT SUSP STILL PRESENT OR MAY BE IN AREA,Other Theft,THEFT
TB23045437,"11/07/2023, 4:15:02 AM","11/07/2023, 2:03:39 PM",THUNDER BAY,ON,P7A 4T8,1 Block COURT ST N, TBPS] THEFT SUSP STILL PRESENT OR MAY BE IN AREA,Other Theft,THEFT
TB23045440,"11/07/2023, 5:10:21 AM","11/07/2023, 2:03:39 PM",THUNDER BAY,ON,P7C 2V5,100 Block NORTHERN AV," TBPS] MISCHIEF IP/SUSP IN AREA, UNDER 5,000",Other Property Crime,MISCHIEF
TB23045344,"11/06/2023, 4:32:23 PM","11/07/2023, 2:03:40 PM",THUNDER BAY,ON,P7B 3Z7,700 Block MEMORIAL AV, TBPS] MOTOR VEHICLE COLLISION 11-10 MVC ANY TYPE,Other,MOTOR VEHICLE COLLISION
TB23045351,"11/06/2023, 5:04:10 PM","11/07/2023, 2:03:40 PM",THUNDER BAY,ON,P7A 1X9,400 Block GRENVILLE AV, TBPS] ASSAULT ACCUSED NOT PRESENT,Assault,ASSAULT
TB23045397,"11/06/2023, 10:49:32 PM","11/07/2023, 2:03:40 PM",THUNDER BAY,ON,P7C 4B4,400 Block VICKERS ST N, TBPS] B-E BUS/RES/OTH SUSP PRESENT OR MAY STILL BE IN AREA,Breaking & Entering,B-E BUS/RES/OTH
TB23045248,"11/05/2023, 7:07:39 PM","11/07/2023, 2:03:41 PM",THUNDER BAY,ON,P7C 3B5,600 Block MCLAUGHLIN ST, TBPS] MOTOR VEHICLE COLLISION 11-10 MVC ANY TYPE,Other,MOTOR VEHICLE COLLISION
TB23045325,"11/06/2023, 1:06:44 PM","11/07/2023, 2:03:41 PM",THUNDER BAY,ON,P7E 5R2,JAMES ST S AND ARTHUR ST W, TBPS] ASSAULT SUSP PRESENT OR IN AREA,Assault,ASSAULT
TB23045326,"11/06/2023, 2:27:23 PM","11/07/2023, 2:03:41 PM",THUNDER BAY,ON,P7B 6H2,800 Block TUNGSTEN ST, TBPS] MOTOR VEHICLE COLLISION 11-10 MVC ANY TYPE,Other,MOTOR VEHICLE COLLISION
TB23045329,"11/06/2023, 2:44:17 PM","11/07/2023, 2:03:41 PM",THUNDER BAY,ON,P7C 2B9,100 Block ASHLAND PL, TBPS] MOTOR VEHICLE COLLISION 11-10 MVC ANY TYPE,Other,MOTOR VEHICLE COLLISION
TB23045330,"11/06/2023, 2:51:09 PM","11/07/2023, 2:03:41 PM",THUNDER BAY,ON,P7B 5V1,DAWSON RD AND STRAND AV, TBPS] MOTOR VEHICLE COLLISION 11-10 MVC ANY TYPE,Other,MOTOR VEHICLE COLLISION
TB23045335,"11/06/2023, 3:51:47 PM","11/07/2023, 2:03:41 PM",THUNDER BAY,ON,.,HURON AV AND BALSAM ST, TBPS] MOTOR VEHICLE COLLISION 11-10 MVC ANY TYPE,Other,MOTOR VEHICLE COLLISION
TB23045333,"11/06/2023, 3:26:30 PM","11/07/2023, 2:03:41 PM",THUNDER BAY,ON,P7B 1T7,1 Block WINDSOR ST," TBPS] MISCHIEF IP/SUSP IN AREA, UNDER 5,000",Other Property Crime,MISCHIEF
TB23045337,"11/06/2023, 4:00:32 PM","11/07/2023, 2:03:41 PM",THUNDER BAY,ON,P7A 3S6,ROCKWOOD AV N AND RIVER ST, TBPS] MOTOR VEHICLE COLLISION MVC NO INJURIES,Traffic,MOTOR VEHICLE COLLISION
TB23045338,"11/06/2023, 4:03:23 PM","11/07/2023, 2:03:41 PM",THUNDER BAY,ON,P7B 0A9,300 Block MAIN ST, TBPS] MOTOR VEHICLE COLLISION 11-10 MVC ANY TYPE,Other,MOTOR VEHICLE COLLISION
TB23045336,"11/06/2023, 3:58:16 PM","11/07/2023, 2:03:41 PM",THUNDER BAY,ON,P7B 0A9,800 Block FORT WILLIAM RD, TBPS] MOTOR VEHICLE COLLISION 11-10 MVC ANY TYPE,Other,MOTOR VEHICLE COLLISION
TB23045339,"11/06/2023, 4:08:41 PM","11/07/2023, 2:03:41 PM",THUNDER BAY,ON,P7A 2Z7,SHUNIAH ST AND MARGARET ST, TBPS] MOTOR VEHICLE COLLISION 11-10 MVC ANY TYPE,Other,MOTOR VEHICLE COLLISION
TB23045341,"11/06/2023, 4:21:17 PM","11/07/2023, 2:03:41 PM",THUNDER BAY,ON,P7E 4P5,200 Block CHRISTINA ST W," TBPS] MISCHIEF 11-10, MICHIEF UNDER 5000",Other Property Crime,MISCHIEF
TB23045349,"11/06/2023, 4:53:49 PM","11/07/2023, 2:03:41 PM",THUNDER BAY,ON,P7B 3Z5,600 Block MEMORIAL AV, TBPS] MOTOR VEHICLE COLLISION 11-10 MVC ANY TYPE,Other,MOTOR VEHICLE COLLISION
TB23045352,"11/06/2023, 5:04:39 PM","11/07/2023, 2:03:41 PM",THUNDER BAY,ON,P7C,1 Block PINEVIEW RD," TBPS] THEFT NOT IN PROGRESS, UNDER 5000",Other Theft,THEFT
TB23045373,"11/06/2023, 7:14:09 PM","11/07/2023, 2:03:41 PM",THUNDER BAY,ON,P7C,200 Block LEGION TRACK DR, TBPS] ASSAULT ACCUSED NOT PRESENT,Assault,ASSAULT
TB23045331,"11/06/2023, 3:15:58 PM","11/07/2023, 2:03:42 PM",THUNDER BAY,ON,P7B 4H7,100 Block RAVENWOOD AV, TBPS] MOTOR VEHICLE COLLISION 11-10 MVC ANY TYPE,Other,MOTOR VEHICLE COLLISION
TB23045548,"11/07/2023, 9:38:44 PM","11/08/2023, 2:02:48 PM",THUNDER BAY,ON,P7B 1Z7,700 Block JOHN ST, TBPS] MOTOR VEHICLE COLLISION MVC INJURIES FIRE NOT REQ,Traffic,MOTOR VEHICLE COLLISION
TB23045550,"11/07/2023, 9:59:54 PM","11/08/2023, 2:02:48 PM",THUNDER BAY,ON,P7B 2R5,900 Block CARRICK ST, TBPS] ROBBERY NO WEAPONS - SUSP STILL IN AREA,Robbery,ROBBERY
TB23045579,"11/08/2023, 2:10:36 AM","11/08/2023, 2:02:48 PM",THUNDER BAY,ON,P7B 2Z2,300 Block FORT WILLIAM RD, TBPS] THEFT SUSP STILL PRESENT OR MAY BE IN AREA,Other Theft,THEFT
TB23045586,"11/08/2023, 3:06:05 AM","11/08/2023, 2:02:48 PM",THUNDER BAY,ON,P7A 3S4,600 Block RIVER ST, TBPS] THEFT SUSP STILL PRESENT OR MAY BE IN AREA,Other Theft,THEFT
TB23045590,"11/08/2023, 3:44:08 AM","11/08/2023, 2:02:48 PM",THUNDER BAY,ON,P7E 5V3,500 Block DONALD ST E, TBPS] LIQUOR LICENCE ACT LIQUOR LICENCE ACT VIOLATION IN PROGRESS,Quality of Life,LIQUOR LICENCE ACT
TB23045614,"11/08/2023, 8:16:36 AM","11/08/2023, 2:02:48 PM",THUNDER BAY,ON,P7E 1E2,300 Block SYNDICATE AV S," TBPS] ASSAULT JUST OCCURRED, ACCUSED NOT PRESENT",Assault,ASSAULT
TB23045509,"11/07/2023, 5:19:20 PM","11/08/2023, 2:02:49 PM",THUNDER BAY,ON,P7B 5V1,1000 Block DAWSON RD, TBPS] MOTOR VEHICLE COLLISION 11-10 MVC ANY TYPE,Other,MOTOR VEHICLE COLLISION
TB23045531,"11/07/2023, 7:21:11 PM","11/08/2023, 2:02:49 PM",THUNDER BAY,ON,P7B 1K3,900 Block RED RIVER RD, TBPS] ROBBERY WEAPONS - SUSP STILL IN AREA,Robbery,ROBBERY
TB23045546,"11/07/2023, 9:28:03 PM","11/08/2023, 2:02:49 PM",THUNDER BAY,ON,P7C 2G9,300 Block CAMERON ST, TBPS] B-E BUS/RES/OTH SUSP PRESENT OR MAY STILL BE IN AREA,Breaking & Entering,B-E BUS/RES/OTH
TB23045555,"11/07/2023, 10:37:24 PM","11/08/2023, 2:02:49 PM",THUNDER BAY,ON,P7B 3B7,BAY ST AND ALGOMA ST S, TBPS] ASSAULT SUSP PRESENT OR IN AREA,Assault,ASSAULT
TB23045569,"11/07/2023, 11:35:49 PM","11/08/2023, 2:02:49 PM",THUNDER BAY,ON,P7B 5V5,600 Block HEWITSON ST, TBPS] MOTOR VEHICLE COLLISION MVC INJURIES FIRE NOT REQ,Traffic,MOTOR VEHICLE COLLISION
TB23045473,"11/07/2023, 2:08:34 PM","11/08/2023, 2:02:50 PM",THUNDER BAY,ON,P7J 1G3,1700 Block HIGHWAY 61, TBPS] MOTOR VEHICLE COLLISION 11-10 MVC ANY TYPE,Other,MOTOR VEHICLE COLLISION
TB23045477,"11/07/2023, 2:42:00 PM","11/08/2023, 2:02:50 PM",THUNDER BAY,ON,P7B 6M9,1100 Block ALLOY DR, TBPS] MOTOR VEHICLE COLLISION 11-10 MVC ANY TYPE,Other,MOTOR VEHICLE COLLISION
TB23045479,"11/07/2023, 2:47:27 PM","11/08/2023, 2:02:50 PM",THUNDER BAY,ON,P7B 5M4,WILLIAM ST AND BALMORAL ST, TBPS] MOTOR VEHICLE COLLISION 11-10 MVC ANY TYPE,Other,MOTOR VEHICLE COLLISION
TB23045487,"11/07/2023, 3:55:16 PM","11/08/2023, 2:02:50 PM",THUNDER BAY,ON,P7C 4V1,ARTHUR ST W AND HANIAK RD, TBPS] MOTOR VEHICLE COLLISION MVC NO INJURIES,Traffic,MOTOR VEHICLE COLLISION
TB23045488,"11/07/2023, 4:01:13 PM","11/08/2023, 2:02:50 PM",THUNDER BAY,ON,J4Y 0K7,500 Block ARTHUR ST W, TBPS] MOTOR VEHICLE COLLISION 11-10 MVC ANY TYPE,Other,MOTOR VEHICLE COLLISION
TB23045490,"11/07/2023, 4:21:20 PM","11/08/2023, 2:02:50 PM",THUNDER BAY,ON,P7C 5M9,FRASER RD AND 11-17 HWY, TBPS] MOTOR VEHICLE COLLISION MVC NO INJURIES,Traffic,MOTOR VEHICLE COLLISION
TB23045547,"11/07/2023, 9:32:47 PM","11/08/2023, 2:02:50 PM",THUNDER BAY,ON,P7A 6L7,900 Block HURON AV, TBPS] MOTOR VEHICLE COLLISION 11-10 MVC ANY TYPE,Other,MOTOR VEHICLE COLLISION
TB23045109,"11/04/2023, 5:36:15 PM","11/08/2023, 2:02:51 PM",THUNDER BAY,ON,P7C 4S8,1 Block LIMBRICK ST, TBPS] MISCHIEF IP PROGRESS/SUPECT IN AREA,Other Property Crime,MISCHIEF
TB23045425,"11/07/2023, 2:11:28 AM","11/08/2023, 2:02:51 PM",THUNDER BAY,ON,P7E 1R2,200 Block FRANKLIN ST S, TBPS] ASSAULT ACCUSED NOT PRESENT,Assault,ASSAULT
TB23045472,"11/07/2023, 1:47:13 PM","11/08/2023, 2:02:51 PM",THUNDER BAY,ON,P7B 4A1,900 Block MEMORIAL AV, TBPS] MOTOR VEHICLE COLLISION 11-10 MVC ANY TYPE,Other,MOTOR VEHICLE COLLISION
TB23045475,"11/07/2023, 2:35:04 PM","11/08/2023, 2:02:51 PM",THUNDER BAY,ON,P7B 4J8,1 Block MAPLELEAF CR, TBPS] MOTOR VEHICLE COLLISION 11-10 MVC ANY TYPE,Other,MOTOR VEHICLE COLLISION
TB23045481,"11/07/2023, 3:09:32 PM","11/08/2023, 2:02:51 PM",THUNDER BAY,ON,P7B 2G4,400 Block OLIVER RD, TBPS] MOTOR VEHICLE COLLISION 11-10 MVC ANY TYPE,Other,MOTOR VEHICLE COLLISION
TB23045500,"11/07/2023, 4:55:51 PM","11/08/2023, 2:02:51 PM",THUNDER BAY,ON,P7E 3K9,1500 Block WALLBRIDGE AV, TBPS] ASSAULT ACCUSED NOT PRESENT,Assault,ASSAULT
TB23045660,"11/08/2023, 5:17:40 PM","11/09/2023, 2:02:56 PM",THUNDER BAY,ON,P7E 5R8,600 Block ARTHUR ST W, TBPS] MOTOR VEHICLE COLLISION 11-10 MVC ANY TYPE,Other,MOTOR VEHICLE COLLISION
TB23045683,"11/08/2023, 8:00:00 PM","11/09/2023, 2:02:56 PM",THUNDER BAY,ON,P7B 5Z5,1200 Block BALMORAL ST, TBPS] MOTOR VEHICLE COLLISION MVC NO INJURIES,Traffic,MOTOR VEHICLE COLLISION
TB23045697,"11/08/2023, 10:33:31 PM","11/09/2023, 2:02:56 PM",THUNDER BAY,ON,P7A 5T6,100 Block BRENT ST," TBPS] THEFT NOT IN PROGRESS, OVER 5000",Other Theft,THEFT
TB23045708,"11/08/2023, 11:38:25 PM","11/09/2023, 2:02:56 PM",THUNDER BAY,ON,P7A 1R3,300 Block RONA ST, TBPS] ASSAULT SUSP PRESENT OR IN AREA,Assault,ASSAULT
TB23045720,"11/09/2023, 1:25:49 AM","11/09/2023, 2:02:56 PM",THUNDER BAY,ON,P7B 1P9,300 Block FOLEY ST," TBPS] MISCHIEF 11-10, MICHIEF UNDER 5000",Other Property Crime,MISCHIEF
TB23045727,"11/09/2023, 2:37:04 AM","11/09/2023, 2:02:56 PM",THUNDER BAY,ON,P7E 6L4,1100 Block ARTHUR ST W," TBPS] THEFT NOT IN PROGRESS, UNDER 5000",Other Theft,THEFT
TB23045732,"11/09/2023, 3:45:10 AM","11/09/2023, 2:02:56 PM",THUNDER BAY,ON,P7A 7P6,300 Block PRESCOTT CR," TBPS] MISCHIEF 11-10, MICHIEF UNDER 5000",Other Property Crime,MISCHIEF
TB23045730,"11/09/2023, 3:19:29 AM","11/09/2023, 2:02:56 PM",THUNDER BAY,ON,P7C 3R2,300 Block MAY ST N," TBPS] ASSAULT JUST OCCURRED, ACCUSED NOT PRESENT",Assault,ASSAULT
TB23045736,"11/09/2023, 4:08:10 AM","11/09/2023, 2:02:56 PM",THUNDER BAY,ON,P7B 2R5,900 Block CARRICK ST, TBPS] ROBBERY NO WEAPONS - SUSP STILL IN AREA,Robbery,ROBBERY
TB23045740,"11/09/2023, 5:02:49 AM","11/09/2023, 2:02:56 PM",THUNDER BAY,ON,P7E 5V3,500 Block DONALD ST E, TBPS] LIQUOR LICENCE ACT LIQUOR LICENCE ACT VIOLATION IN PROGRESS,Quality of Life,LIQUOR LICENCE ACT
TB23045631,"11/08/2023, 2:28:46 PM","11/09/2023, 2:02:57 PM",THUNDER BAY,ON,P7B 6V4,900 Block OLIVER RD, TBPS] MOTOR VEHICLE COLLISION MVC - AMB ENR - DUAL RESP,Other,MOTOR VEHICLE COLLISION
TB23045639,"11/08/2023, 3:50:42 PM","11/09/2023, 2:02:57 PM",THUNDER BAY,ON,P7B 1K3,800 Block RED RIVER RD, TBPS] MOTOR VEHICLE COLLISION 11-10 MVC ANY TYPE,Other,MOTOR VEHICLE COLLISION
TB23045638,"11/08/2023, 3:43:47 PM","11/09/2023, 2:02:57 PM",THUNDER BAY,ON,P7B 2H6,OLIVER RD AND LANGWORTHY CR, TBPS] MOTOR VEHICLE COLLISION 11-10 MVC ANY TYPE,Other,MOTOR VEHICLE COLLISION
TB23045644,"11/08/2023, 4:17:34 PM","11/09/2023, 2:02:57 PM",THUNDER BAY,ON,P7C 3S3,100 Block BRODIE ST N, TBPS] MOTOR VEHICLE COLLISION 11-10 MVC ANY TYPE,Other,MOTOR VEHICLE COLLISION
TB23045650,"11/08/2023, 4:46:03 PM","11/09/2023, 2:02:57 PM",THUNDER BAY,ON,P7A 3S4,600 Block RIVER ST, TBPS] MOTOR VEHICLE COLLISION 11-10 MVC ANY TYPE,Other,MOTOR VEHICLE COLLISION
TB23045652,"11/08/2023, 4:54:31 PM","11/09/2023, 2:02:57 PM",THUNDER BAY,ON,P7B 6S2,700 Block MEMORIAL AV, TBPS] MOTOR VEHICLE COLLISION 11-10 MVC ANY TYPE,Other,MOTOR VEHICLE COLLISION
TB23045656,"11/08/2023, 4:59:17 PM","11/09/2023, 2:02:57 PM",THUNDER BAY,ON,P7B 6V4,900 Block OLIVER RD, TBPS] MOTOR VEHICLE COLLISION 11-10 MVC ANY TYPE,Other,MOTOR VEHICLE COLLISION
TB23045657,"11/08/2023, 5:02:31 PM","11/09/2023, 2:02:57 PM",THUNDER BAY,ON,P7E 5S2,1100 Block ARTHUR ST W, TBPS] MOTOR VEHICLE COLLISION 11-10 MVC ANY TYPE,Other,MOTOR VEHICLE COLLISION
TB23045678,"11/08/2023, 7:38:42 PM","11/09/2023, 2:02:57 PM",THUNDER BAY,ON,P7B,MEMORIAL AV AND HARBOUR EXPRESSWAY, TBPS] MOTOR VEHICLE COLLISION 11-10 MVC ANY TYPE,Other,MOTOR VEHICLE COLLISION
TB23045679,"11/08/2023, 7:42:51 PM","11/09/2023, 2:02:57 PM",THUNDER BAY,ON,P7E 3R9,JAMES ST S AND GORE ST W, TBPS] MOTOR VEHICLE COLLISION 11-10 MVC ANY TYPE,Other,MOTOR VEHICLE COLLISION
TB23045686,"11/08/2023, 8:50:30 PM","11/09/2023, 2:02:57 PM",THUNDER BAY,ON,P7C 3N4,500 Block WILEY ST," TBPS] THEFT NOT IN PROGRESS, UNDER 5000",Other Theft,THEFT
TB23045689,"11/08/2023, 9:07:25 PM","11/09/2023, 2:02:57 PM",THUNDER BAY,ON,P7C 2W5,900 Block NORTHERN AV, TBPS] B-E BUS/RES/OTH 11-10,Breaking & Entering,B-E BUS/RES/OTH
TB23045687,"11/08/2023, 8:51:12 PM","11/09/2023, 2:02:57 PM",THUNDER BAY,ON,P7B 3Z2,MEMORIAL AV AND THIRD AV, TBPS] MOTOR VEHICLE COLLISION MVC NO INJURIES,Traffic,MOTOR VEHICLE COLLISION
TB23045719,"11/09/2023, 1:03:07 AM","11/09/2023, 2:02:57 PM",THUNDER BAY,ON,P7C 5M9,HARSTONE DR AND ROSSLYN RD, TBPS] MOTOR VEHICLE COLLISION MVC NO INJURIES,Traffic,MOTOR VEHICLE COLLISION
TB23045581,"11/08/2023, 2:52:12 AM","11/09/2023, 2:02:58 PM",THUNDER BAY,ON,P7E 5M8,900 Block ARTHUR ST E," TBPS] THEFT NOT IN PROGRESS, UNDER 5000",Other Theft,THEFT
TB23045630,"11/08/2023, 2:11:05 PM","11/09/2023, 2:02:58 PM",THUNDER BAY,ON,P7E 6H2,200 Block AMELIA ST W, TBPS] ASSAULT SUSP PRESENT OR IN AREA,Assault,ASSAULT
TB23045637,"11/08/2023, 3:32:48 PM","11/09/2023, 2:02:58 PM",THUNDER BAY,ON,P7B,BALMORAL ST AND HARBOUR EXPRESSWAY, TBPS] MOTOR VEHICLE COLLISION 11-10 MVC ANY TYPE,Other,MOTOR VEHICLE COLLISION
TB23045640,"11/08/2023, 3:53:16 PM","11/09/2023, 2:02:58 PM",THUNDER BAY,ON,P7E 1B5,200 Block MAY ST S," TBPS] MISCHIEF 11-10, MICHIEF UNDER 5000",Other Property Crime,MISCHIEF
TB23045849,"11/09/2023, 10:13:19 PM","11/10/2023, 2:03:09 PM",THUNDER BAY,ON,P7C 3B6,600 Block MCLAUGHLIN ST, TBPS] MOTOR VEHICLE COLLISION 11-10 MVC ANY TYPE,Other,MOTOR VEHICLE COLLISION
TB23045856,"11/09/2023, 10:57:54 PM","11/10/2023, 2:03:09 PM",THUNDER BAY,ON,P7B 5V1,1000 Block DAWSON RD, TBPS] ASSAULT ACCUSED NOT PRESENT,Assault,ASSAULT
TB23045858,"11/09/2023, 11:15:29 PM","11/10/2023, 2:03:09 PM",THUNDER BAY,ON,P7B 1B1,300 Block RED RIVER RD," TBPS] THEFT NOT IN PROGRESS, UNDER 5000",Other Theft,THEFT
TB23045804,"11/09/2023, 4:48:40 PM","11/10/2023, 2:03:10 PM",THUNDER BAY,ON,P7B 6M4,1200 Block AMBER DR, TBPS] MOTOR VEHICLE COLLISION 11-10 MVC ANY TYPE,Other,MOTOR VEHICLE COLLISION
TB23045827,"11/09/2023, 7:33:00 PM","11/10/2023, 2:03:10 PM",THUNDER BAY,ON,P7E 5P7,200 Block ARTHUR ST W, TBPS] MOTOR VEHICLE COLLISION 11-10 MVC ANY TYPE,Other,MOTOR VEHICLE COLLISION
TB23045830,"11/09/2023, 7:44:35 PM","11/10/2023, 2:03:10 PM",THUNDER BAY,ON,P7B 5L6,300 Block MAIN ST, TBPS] MOTOR VEHICLE COLLISION 11-10 MVC ANY TYPE,Other,MOTOR VEHICLE COLLISION
TB23045832,"11/09/2023, 7:49:51 PM","11/10/2023, 2:03:10 PM",THUNDER BAY,ON,P7C,HARBOUR EXPRESSWAY AND GOLF LINKS RD, TBPS] MOTOR VEHICLE COLLISION 11-10 MVC ANY TYPE,Other,MOTOR VEHICLE COLLISION
TB23045835,"11/09/2023, 8:01:40 PM","11/10/2023, 2:03:10 PM",THUNDER BAY,ON,P7A 5S3,300 Block HIGH ST N, TBPS] ASSAULT ACCUSED NOT PRESENT,Assault,ASSAULT
TB23045842,"11/09/2023, 9:16:29 PM","11/10/2023, 2:03:10 PM",THUNDER BAY,ON,P7G 2G2,DOG LAKE RD AND DAWSON RD, TBPS] MOTOR VEHICLE COLLISION MVC NO INJURIES,Traffic,MOTOR VEHICLE COLLISION
TB23045844,"11/09/2023, 9:27:51 PM","11/10/2023, 2:03:10 PM",THUNDER BAY,ON,P7B 6M2,500 Block SQUIER PL, TBPS] MOTOR VEHICLE COLLISION 11-10 MVC ANY TYPE,Other,MOTOR VEHICLE COLLISION
TB23045845,"11/09/2023, 9:41:23 PM","11/10/2023, 2:03:10 PM",THUNDER BAY,ON,P7B,HARBOUR EXPRESSWAY AND FORT WILLIAM RD, TBPS] MOTOR VEHICLE COLLISION MVC - AMB ENR - DUAL RESP,Other,MOTOR VEHICLE COLLISION
TB23045848,"11/09/2023, 10:01:59 PM","11/10/2023, 2:03:10 PM",THUNDER BAY,ON,P7C 1A6,400 Block VICTORIA AV E," TBPS] THEFT IN PROGRESS, OVER 50000",Other Theft,THEFT
TB23045851,"11/09/2023, 10:21:10 PM","11/10/2023, 2:03:10 PM",THUNDER BAY,ON,P7B 5J4,1000 Block DAWSON RD, TBPS] LIQUOR LICENCE ACT LIQUOR LICENCE ACT VIOLATION IN PROGRESS,Quality of Life,LIQUOR LICENCE ACT
TB23045870,"11/10/2023, 1:11:29 AM","11/10/2023, 2:03:10 PM",THUNDER BAY,ON,P7E 1B5,200 Block MAY ST S, TBPS] MISCHIEF IP PROGRESS/SUPECT IN AREA,Other Property Crime,MISCHIEF
TB23045893,"11/10/2023, 3:47:33 AM","11/10/2023, 2:03:10 PM",THUNDER BAY,ON,P7B 5L6,300 Block MAIN ST, TBPS] THEFT SUSP STILL PRESENT OR MAY BE IN AREA,Other Theft,THEFT
TB23045896,"11/10/2023, 3:52:35 AM","11/10/2023, 2:03:10 PM",THUNDER BAY,ON,P7B 3B7,BAY ST AND ALGOMA ST S, TBPS] ASSAULT SUSP PRESENT OR IN AREA,Assault,ASSAULT
TB23045864,"11/09/2023, 11:59:27 PM","11/10/2023, 2:03:10 PM",THUNDER BAY,ON,P7E 1K2,600 Block VICKERS ST S," TBPS] THEFT IN PROGRESS, OVER 50000",Other Theft,THEFT
TB23045862,"11/09/2023, 11:53:11 PM","11/10/2023, 2:03:10 PM",THUNDER BAY,ON,P7A 5M6,BALSAM ST AND RIVER ST, TBPS] DRUG OFFENCES SUSP PRESENT OR MAY STILL BE IN AREA,Quality of Life,DRUG OFFENCES
TB23045772,"11/09/2023, 2:14:53 PM","11/10/2023, 2:03:11 PM",THUNDER BAY,ON,P7A 4N4,200 Block CUMBERLAND ST N, TBPS] MOTOR VEHICLE COLLISION 11-10 MVC ANY TYPE,Other,MOTOR VEHICLE COLLISION
TB23045776,"11/09/2023, 2:33:47 PM","11/10/2023, 2:03:11 PM",THUNDER BAY,ON,P7C,HARBOUR EXPRESSWAY AND GOLF LINKS RD, TBPS] MOTOR VEHICLE COLLISION 11-10 MVC ANY TYPE,Other,MOTOR VEHICLE COLLISION
TB23045786,"11/09/2023, 4:00:36 PM","11/10/2023, 2:03:11 PM",THUNDER BAY,ON,P7B 5E1,900 Block OLIVER RD, TBPS] MOTOR VEHICLE COLLISION 11-10 MVC ANY TYPE,Other,MOTOR VEHICLE COLLISION
TB23045787,"11/09/2023, 4:06:52 PM","11/10/2023, 2:03:11 PM",THUNDER BAY,ON,P7A,1 Block NORTH WATER ST, TBPS] MOTOR VEHICLE COLLISION 11-10 MVC ANY TYPE,Other,MOTOR VEHICLE COLLISION
TB23045793,"11/09/2023, 4:22:52 PM","11/10/2023, 2:03:11 PM",THUNDER BAY,ON,P7B 6M1,WILLIAM ST AND BARTON ST, TBPS] MOTOR VEHICLE COLLISION 11-10 MVC ANY TYPE,Other,MOTOR VEHICLE COLLISION
TB23045794,"11/09/2023, 4:27:52 PM","11/10/2023, 2:03:11 PM",THUNDER BAY,ON,P7G 1V5,MAPLEWARD RD AND GOVERNMENT RD, TBPS] MOTOR VEHICLE COLLISION 11-10 MVC ANY TYPE,Other,MOTOR VEHICLE COLLISION
TB23045795,"11/09/2023, 4:35:05 PM","11/10/2023, 2:03:11 PM",THUNDER BAY,ON,P7K 1K2,1200 Block ARTHUR ST W, TBPS] MOTOR VEHICLE COLLISION 11-10 MVC ANY TYPE,Other,MOTOR VEHICLE COLLISION
TB23045799,"11/09/2023, 4:39:15 PM","11/10/2023, 2:03:11 PM",THUNDER BAY,ON,P7J 1G6,2000 Block JAMES ST S, TBPS] MOTOR VEHICLE COLLISION 11-10 MVC ANY TYPE,Other,MOTOR VEHICLE COLLISION
TB23045801,"11/09/2023, 4:43:35 PM","11/10/2023, 2:03:11 PM",THUNDER BAY,ON,P7B 1Z7,800 Block JOHN ST, TBPS] MOTOR VEHICLE COLLISION 11-10 MVC ANY TYPE,Other,MOTOR VEHICLE COLLISION
TB23045802,"11/09/2023, 4:46:14 PM","11/10/2023, 2:03:11 PM",THUNDER BAY,ON,P7B 5L6,300 Block MAIN ST, TBPS] MOTOR VEHICLE COLLISION 11-10 MVC ANY TYPE,Other,MOTOR VEHICLE COLLISION
TB23045824,"11/09/2023, 7:21:26 PM","11/10/2023, 2:03:11 PM",THUNDER BAY,ON,P7A 4K8,1 Block CUMBERLAND ST N, TBPS] MOTOR VEHICLE COLLISION 11-10 MVC ANY TYPE,Other,MOTOR VEHICLE COLLISION
TB23045826,"11/09/2023, 7:26:40 PM","11/10/2023, 2:03:11 PM",THUNDER BAY,ON,P7B 5Z6,900 Block TUNGSTEN ST, TBPS] MOTOR VEHICLE COLLISION 11-10 MVC ANY TYPE,Other,MOTOR VEHICLE COLLISION
TB23045829,"11/09/2023, 7:37:46 PM","11/10/2023, 2:03:11 PM",THUNDER BAY,ON,P7B 6Z8,600 Block SIBLEY DR, TBPS] MOTOR VEHICLE COLLISION 11-10 MVC ANY TYPE,Other,MOTOR VEHICLE COLLISION
TB23045608,"11/08/2023, 6:42:03 AM","11/10/2023, 2:03:12 PM",THUNDER BAY,ON,P7C 3H6,200 Block SIMPSON ST, TBPS] ASSAULT ACCUSED NOT PRESENT,Assault,ASSAULT
TB23045616,"11/08/2023, 8:36:59 AM","11/10/2023, 2:03:12 PM",THUNDER BAY,ON,P7C 4S8,1 Block LIMBRICK ST, TBPS] ASSAULT SUSP PRESENT OR IN AREA,Assault,ASSAULT
TB23045714,"11/09/2023, 12:11:04 AM","11/10/2023, 2:03:12 PM",THUNDER BAY,ON,P7B 6B7,400 Block WINNIPEG AV, TBPS] ASSAULT ACCUSED NOT PRESENT,Assault,ASSAULT
TB23045777,"11/09/2023, 2:43:18 PM","11/10/2023, 2:03:12 PM",THUNDER BAY,ON,P7B 2H6,BALMORAL ST AND OLIVER RD, TBPS] MOTOR VEHICLE COLLISION 11-10 MVC ANY TYPE,Other,MOTOR VEHICLE COLLISION
TB23045781,"11/09/2023, 3:09:51 PM","11/10/2023, 2:03:12 PM",THUNDER BAY,ON,P7K 1J9,1 Block TAYLOR DR, TBPS] MOTOR VEHICLE COLLISION 11-10 MVC ANY TYPE,Other,MOTOR VEHICLE COLLISION
TB23045805,"11/09/2023, 4:53:00 PM","11/10/2023, 2:03:12 PM",THUNDER BAY,ON,P7B,100 Block HIGH ST S, TBPS] MOTOR VEHICLE COLLISION 11-10 MVC ANY TYPE,Other,MOTOR VEHICLE COLLISION
TB23045724,"11/09/2023, 2:17:17 AM","11/10/2023, 2:03:13 PM",THUNDER BAY,ON,P7E 5S2,1100 Block ARTHUR ST W, TBPS] ASSAULT ACCUSED NOT PRESENT,Assault,ASSAULT
TB23046025,"11/11/2023, 6:25:43 AM","11/11/2023, 2:02:23 PM",THUNDER BAY,ON,P7A 4L2,1 Block CUMBERLAND ST N, TBPS] ASSAULT SUSP PRESENT OR IN AREA,Assault,ASSAULT
TB23045937,"11/10/2023, 5:14:31 PM","11/11/2023, 2:02:24 PM",THUNDER BAY,ON,P7E 3P2,700 Block MONTREAL ST," TBPS] THEFT NOT IN PROGRESS, UNDER 5000",Other Theft,THEFT
TB23045970,"11/10/2023, 10:32:00 PM","11/11/2023, 2:02:24 PM",THUNDER BAY,ON,P7B 1A6,200 Block RED RIVER RD, TBPS] ASSAULT SUSP PRESENT OR IN AREA,Assault,ASSAULT
TB23045996,"11/11/2023, 1:25:54 AM","11/11/2023, 2:02:24 PM",THUNDER BAY,ON,P7E 5V3,500 Block DONALD ST E, TBPS] LIQUOR LICENCE ACT LIQUOR LICENCE ACT VIOLATION IN PROGRESS,Quality of Life,LIQUOR LICENCE ACT
TB23045995,"11/11/2023, 1:15:58 AM","11/11/2023, 2:02:24 PM",THUNDER BAY,ON,P7A 4K8,1 Block CUMBERLAND ST N, TBPS] LIQUOR LICENCE ACT LIQUOR LICENCE ACT VIOLATION IN PROGRESS,Quality of Life,LIQUOR LICENCE ACT
TB23045997,"11/11/2023, 1:29:41 AM","11/11/2023, 2:02:24 PM",THUNDER BAY,ON,P7B 6B7,400 Block WINNIPEG AV, TBPS] LIQUOR LICENCE ACT LIQUOR LICENCE ACT VIOLATION IN PROGRESS,Quality of Life,LIQUOR LICENCE ACT
TB23045889,"11/10/2023, 3:24:39 AM","11/11/2023, 2:02:25 PM",THUNDER BAY,ON,P7E 2M6,1400 Block BROWN ST, TBPS] ASSAULT ACCUSED NOT PRESENT,Assault,ASSAULT
TB23045921,"11/10/2023, 12:38:05 PM","11/11/2023, 2:02:25 PM",THUNDER BAY,ON,P7B 5P7,400 Block CHELSEA CR, TBPS] STOLEN VEHICLE SUSP NOT IN AREA,Theft of Vehicle,STOLEN VEHICLE
TB23045953,"11/10/2023, 8:14:32 PM","11/11/2023, 2:02:25 PM",THUNDER BAY,ON,P7E 1A3,200 Block ROSS ST," TBPS] THEFT NOT IN PROGRESS, FROM MOTOR VEHICLE",Theft from Vehicle,THEFT
TB23045992,"11/11/2023, 12:43:58 AM","11/11/2023, 2:02:25 PM",THUNDER BAY,ON,P7E 4A1,100 Block AMELIA ST W, TBPS] B-E BUS/RES/OTH SUSP PRESENT OR MAY STILL BE IN AREA,Breaking & Entering,B-E BUS/RES/OTH
TB23046069,"11/11/2023, 6:15:34 PM","11/12/2023, 2:02:31 PM",THUNDER BAY,ON,P7B 5K5,1100 Block MEMORIAL AV, TBPS] ROBBERY NO WEAPONS - SUSP STILL IN AREA,Robbery,ROBBERY
TB23046071,"11/11/2023, 6:21:16 PM","11/12/2023, 2:02:31 PM",THUNDER BAY,ON,P7A 4L8,1 Block CUMBERLAND ST N, TBPS] ASSAULT SUSP PRESENT OR IN AREA,Assault,ASSAULT
TB23046082,"11/11/2023, 8:01:47 PM","11/12/2023, 2:02:31 PM",THUNDER BAY,ON,P7E 5N6,1700 Block ARTHUR ST E, TBPS] TROUBLE WITH YOUTH YOUTHS STILL IN AREA,Quality of Life,TROUBLE WITH YOUTH
TB23046104,"11/11/2023, 11:41:11 PM","11/12/2023, 2:02:31 PM",THUNDER BAY,ON,P7A 4T8,1 Block COURT ST N, TBPS] THEFT SUSP STILL PRESENT OR MAY BE IN AREA,Other Theft,THEFT
TB23046114,"11/12/2023, 2:02:27 AM","11/12/2023, 2:02:31 PM",THUNDER BAY,ON,P7B 3A6,900 Block FORT WILLIAM RD, TBPS] ROBBERY NO WEAPONS - SUSP STILL IN AREA,Robbery,ROBBERY
TB23046111,"11/12/2023, 1:24:11 AM","11/12/2023, 2:02:31 PM",THUNDER BAY,ON,P7A 7S7,400 Block WENTWORTH CR, TBPS] THEFT SUSP STILL PRESENT OR MAY BE IN AREA,Other Theft,THEFT
TB23046116,"11/12/2023, 2:45:13 AM","11/12/2023, 2:02:31 PM",THUNDER BAY,ON,P7B 4B7,100 Block MCKIBBIN ST, TBPS] MOTOR VEHICLE COLLISION MVC - AMB ENR - DUAL RESP,Other,MOTOR VEHICLE COLLISION
TB23046121,"11/12/2023, 3:18:12 AM","11/12/2023, 2:02:31 PM",THUNDER BAY,ON,P7B 1A6,200 Block RED RIVER RD, TBPS] MOTOR VEHICLE COLLISION MVC NO INJURIES,Traffic,MOTOR VEHICLE COLLISION
TB23046133,"11/12/2023, 6:41:51 AM","11/12/2023, 2:02:31 PM",THUNDER BAY,ON,P7B 7A4,OLIVER RD AND GOLF LINKS RD, TBPS] MOTOR VEHICLE COLLISION MVC NO INJURIES,Traffic,MOTOR VEHICLE COLLISION
TB23045690,"11/08/2023, 9:11:41 PM","11/12/2023, 2:02:32 PM",THUNDER BAY,ON,P7E 6H2,200 Block AMELIA ST W," TBPS] THEFT NOT IN PROGRESS, UNDER 5000",Other Theft,THEFT
TB23045950,"11/10/2023, 7:58:14 PM","11/12/2023, 2:02:32 PM",THUNDER BAY,ON,P7B 5R7,100 Block CUMBERLAND ST S, TBPS] B-E BUS/RES/OTH 11-10,Breaking & Entering,B-E BUS/RES/OTH
TB23046055,"11/11/2023, 3:13:23 PM","11/12/2023, 2:02:32 PM",THUNDER BAY,ON,P7E 1E6,ISABELLA ST E AND SYNDICATE AV S, TBPS] MOTOR VEHICLE COLLISION MVC - AMB ENR - DUAL RESP,Other,MOTOR VEHICLE COLLISION
TB23046098,"11/11/2023, 10:51:27 PM","11/13/2023, 2:02:17 PM",THUNDER BAY,ON,P7C 2V6,400 Block NORTHERN AV, TBPS] MOTOR VEHICLE COLLISION 11-10 MVC ANY TYPE,Other,MOTOR VEHICLE COLLISION
TB23046101,"11/11/2023, 11:17:28 PM","11/13/2023, 2:02:17 PM",THUNDER BAY,ON,P7A 1V3,400 Block HODDER AV, TBPS] ASSAULT ACCUSED NOT PRESENT,Assault,ASSAULT
TB23046150,"11/12/2023, 12:23:43 PM","11/13/2023, 2:02:17 PM",THUNDER BAY,ON,P7E 5R5,500 Block ARTHUR ST W, TBPS] LIQUOR LICENCE ACT LIQUOR LICENCE ACT VIOLATION IN PROGRESS,Quality of Life,LIQUOR LICENCE ACT
TB23046156,"11/12/2023, 3:10:53 PM","11/13/2023, 2:02:17 PM",THUNDER BAY,ON,P7K 1G5,2300 Block ROSSLYN RD, TBPS] MOTOR VEHICLE COLLISION MVC NO INJURIES,Traffic,MOTOR VEHICLE COLLISION
TB23046166,"11/12/2023, 7:15:46 PM","11/13/2023, 2:02:17 PM",THUNDER BAY,ON,P7B 5Z5,1200 Block BALMORAL ST," TBPS] THEFT IN PROGRESS, OVER 50000",Other Theft,THEFT
TB23046172,"11/12/2023, 7:43:19 PM","11/13/2023, 2:02:17 PM",THUNDER BAY,ON,P7B,THUNDER BAY EXPRESSWAY AND HARBOUR EXPRESSWAY, TBPS] MOTOR VEHICLE COLLISION MVC NO INJURIES,Traffic,MOTOR VEHICLE COLLISION
TB23046173,"11/12/2023, 7:50:03 PM","11/13/2023, 2:02:17 PM",THUNDER BAY,ON,P7E 5V7,1100 Block LINCOLN ST, TBPS] B-E BUS/RES/OTH SUSP PRESENT OR MAY STILL BE IN AREA,Breaking & Entering,B-E BUS/RES/OTH
TB23046188,"11/12/2023, 11:14:54 PM","11/13/2023, 2:02:17 PM",THUNDER BAY,ON,P7B 3Y2,300 Block MEMORIAL AV, TBPS] LIQUOR LICENCE ACT LIQUOR LICENCE ACT VIOLATION IN PROGRESS,Quality of Life,LIQUOR LICENCE ACT
TB23046203,"11/13/2023, 1:05:49 AM","11/13/2023, 2:02:17 PM",THUNDER BAY,ON,P7C 5C5,500 Block CHURCHILL DR W, TBPS] ASSAULT ACCUSED NOT PRESENT,Assault,ASSAULT
TB23046305,"11/13/2023, 11:24:24 PM","11/14/2023, 2:02:35 PM",THUNDER BAY,ON,P7B 4A6,700 Block MACDONELL ST, TBPS] MOTOR VEHICLE COLLISION MVC NO INJURIES,Traffic,MOTOR VEHICLE COLLISION
TB23046326,"11/14/2023, 4:08:46 AM","11/14/2023, 2:02:35 PM",THUNDER BAY,ON,P7B 3Y2,300 Block MEMORIAL AV, TBPS] THEFT SUSP STILL PRESENT OR MAY BE IN AREA,Other Theft,THEFT
TB23046322,"11/14/2023, 3:05:51 AM","11/14/2023, 2:02:35 PM",THUNDER BAY,ON,P7A 5A1,ALGOMA ST N AND HARRINGTON AV, TBPS] MOTOR VEHICLE COLLISION MVC NO INJURIES,Traffic,MOTOR VEHICLE COLLISION
TB23046333,"11/14/2023, 5:34:09 AM","11/14/2023, 2:02:35 PM",THUNDER BAY,ON,P7C 6A5,800 Block MAY ST N," TBPS] THEFT NOT IN PROGRESS, UNDER 5000",Other Theft,THEFT
TB23046335,"11/14/2023, 5:42:35 AM","11/14/2023, 2:02:35 PM",THUNDER BAY,ON,P7B 5R8,100 Block CUMBERLAND ST S, TBPS] LIQUOR LICENCE ACT LIQUOR LICENCE ACT VIOLATION IN PROGRESS,Quality of Life,LIQUOR LICENCE ACT
TB23046207,"11/13/2023, 1:16:23 AM","11/14/2023, 2:02:36 PM",THUNDER BAY,ON,P7A 4K8,1 Block CUMBERLAND ST N, TBPS] ROBBERY NO WEAPONS - SUSP STILL IN AREA,Robbery,ROBBERY
TB23046244,"11/13/2023, 11:58:45 AM","11/14/2023, 2:02:36 PM",THUNDER BAY,ON,P7A 3S5,600 Block RIVER ST, TBPS] TROUBLE WITH YOUTH YOUTHS STILL IN AREA,Quality of Life,TROUBLE WITH YOUTH
TB23046254,"11/13/2023, 4:15:26 PM","11/14/2023, 2:02:36 PM",THUNDER BAY,ON,P7A 4X8,CLAVET ST AND COURT ST N, TBPS] MOTOR VEHICLE COLLISION MVC NO INJURIES,Traffic,MOTOR VEHICLE COLLISION
TB23046269,"11/13/2023, 6:45:25 PM","11/14/2023, 2:02:36 PM",THUNDER BAY,ON,P7E 1C2,200 Block BRODIE ST S, TBPS] ASSAULT SUSP PRESENT OR IN AREA,Assault,ASSAULT
TB23046270,"11/13/2023, 7:10:17 PM","11/14/2023, 2:02:36 PM",THUNDER BAY,ON,P7B 5Z5,1200 Block BALMORAL ST," TBPS] THEFT NOT IN PROGRESS, UNDER 5000",Other Theft,THEFT
TB23046275,"11/13/2023, 7:43:31 PM","11/14/2023, 2:02:36 PM",THUNDER BAY,ON,P7B 5Z5,1200 Block BALMORAL ST, TBPS] STOLEN VEHICLE SUSP NOT IN AREA,Theft of Vehicle,STOLEN VEHICLE
TB23046284,"11/13/2023, 8:23:03 PM","11/14/2023, 2:02:36 PM",THUNDER BAY,ON,P7B 6S2,700 Block MEMORIAL AV, TBPS] SHOPLIFT IN CUSTODY - NO PROBLEMS,Theft,SHOPLIFT
TB23046294,"11/13/2023, 9:24:40 PM","11/14/2023, 2:02:36 PM",THUNDER BAY,ON,P7B 5Z5,1200 Block BALMORAL ST," TBPS] THEFT NOT IN PROGRESS, UNDER 5000",Other Theft,THEFT
TB23046448,"11/14/2023, 10:45:35 PM","11/15/2023, 2:02:45 PM",THUNDER BAY,ON,P7E 5M8,900 Block ARTHUR ST E, TBPS] ASSAULT SUSP PRESENT OR IN AREA,Assault,ASSAULT
TB23046454,"11/14/2023, 11:07:36 PM","11/15/2023, 2:02:45 PM",THUNDER BAY,ON,P7E 2C3,200 Block WATERLOO ST S, TBPS] STOLEN VEHICLE SUSP NOT IN AREA,Theft of Vehicle,STOLEN VEHICLE
TB23046469,"11/14/2023, 11:59:22 PM","11/15/2023, 2:02:45 PM",THUNDER BAY,ON,P7B 5Z5,1200 Block BALMORAL ST," TBPS] THEFT NOT IN PROGRESS, UNDER 5000",Other Theft,THEFT
TB23046474,"11/15/2023, 12:16:26 AM","11/15/2023, 2:02:45 PM",THUNDER BAY,ON,P7A 5S3,300 Block HIGH ST N, TBPS] ASSAULT ACCUSED NOT PRESENT,Assault,ASSAULT
TB23046485,"11/15/2023, 1:38:24 AM","11/15/2023, 2:02:45 PM",THUNDER BAY,ON,P7B 2R5,900 Block CARRICK ST, TBPS] THEFT SUSP STILL PRESENT OR MAY BE IN AREA,Other Theft,THEFT
TB23046476,"11/15/2023, 12:25:51 AM","11/15/2023, 2:02:45 PM",THUNDER BAY,ON,P7B 4Y5,100 Block BLUCHER AV, TBPS] ASSAULT SUSP PRESENT OR IN AREA,Assault,ASSAULT
TB23046503,"11/15/2023, 3:51:07 AM","11/15/2023, 2:02:45 PM",THUNDER BAY,ON,P7C 4S8,1 Block LIMBRICK ST, TBPS] ASSAULT ACCUSED NOT PRESENT,Assault,ASSAULT
TB23046492,"11/15/2023, 2:14:35 AM","11/15/2023, 2:02:45 PM",THUNDER BAY,ON,P7B 1Z5,JOHN ST AND KENOGAMI AV S, TBPS] DRUG OFFENCES SUSP PRESENT OR MAY STILL BE IN AREA,Quality of Life,DRUG OFFENCES
TB23046501,"11/15/2023, 3:36:58 AM","11/15/2023, 2:02:45 PM",THUNDER BAY,ON,P7B 6S2,700 Block MEMORIAL AV, TBPS] THEFT SUSP STILL PRESENT OR MAY BE IN AREA,Other Theft,THEFT
TB23046477,"11/15/2023, 12:25:52 AM","11/15/2023, 2:02:45 PM",THUNDER BAY,ON,P7E 1K2,600 Block VICKERS ST S," TBPS] THEFT NOT IN PROGRESS, FROM MOTOR VEHICLE",Theft from Vehicle,THEFT
TB23046504,"11/15/2023, 4:08:49 AM","11/15/2023, 2:02:45 PM",THUNDER BAY,ON,P7C 6A5,800 Block MAY ST N, TBPS] LIQUOR LICENCE ACT LIQUOR LICENCE ACT VIOLATION IN PROGRESS,Quality of Life,LIQUOR LICENCE ACT
TB23046505,"11/15/2023, 4:26:20 AM","11/15/2023, 2:02:45 PM",THUNDER BAY,ON,P7B 2R5,900 Block CARRICK ST, TBPS] THEFT SUSP STILL PRESENT OR MAY BE IN AREA,Other Theft,THEFT
TB23046510,"11/15/2023, 5:16:12 AM","11/15/2023, 2:02:45 PM",THUNDER BAY,ON,P7B 1K3,900 Block RED RIVER RD," TBPS] THEFT IN PROGRESS, OVER 50000",Other Theft,THEFT
TB23046512,"11/15/2023, 5:27:01 AM","11/15/2023, 2:02:45 PM",THUNDER BAY,ON,P7B 1L9,300 Block AMBROSE ST, TBPS] LIQUOR LICENCE ACT LIQUOR LICENCE ACT VIOLATION IN PROGRESS,Quality of Life,LIQUOR LICENCE ACT
TB23046408,"11/14/2023, 7:12:07 PM","11/15/2023, 2:02:46 PM",THUNDER BAY,ON,P7C 4S8,1 Block LIMBRICK ST, TBPS] ASSAULT ACCUSED NOT PRESENT,Assault,ASSAULT
TB23046425,"11/14/2023, 8:48:09 PM","11/15/2023, 2:02:46 PM",THUNDER BAY,ON,P7B 2T3,1 Block CUMBERLAND ST S," TBPS] MISCHIEF 11-10, MICHIEF UNDER 5000",Other Property Crime,MISCHIEF
TB23046419,"11/14/2023, 8:22:38 PM","11/15/2023, 2:02:46 PM",THUNDER BAY,ON,P7B 7A3,1000 Block GOLF LINKS RD, TBPS] MOTOR VEHICLE COLLISION VEHICLE LEAKING FLUIDS - DUAL RESP,Traffic,MOTOR VEHICLE COLLISION
TB23046397,"11/14/2023, 6:05:35 PM","11/15/2023, 2:02:46 PM",THUNDER BAY,ON,P7B 5X5,1000 Block GORHAM ST, TBPS] B-E BUS/RES/OTH 11-10,Breaking & Entering,B-E BUS/RES/OTH
TB23046430,"11/14/2023, 9:09:15 PM","11/15/2023, 2:02:46 PM",THUNDER BAY,ON,P7B 3C2,JOHN ST AND MEMORIAL AV, TBPS] MOTOR VEHICLE COLLISION 11-10 MVC ANY TYPE,Other,MOTOR VEHICLE COLLISION
TB23046438,"11/14/2023, 9:50:58 PM","11/15/2023, 2:02:46 PM",THUNDER BAY,ON,P7E 6P9,ARTHUR ST W AND NEEBING AV, TBPS] MOTOR VEHICLE COLLISION 11-10 MVC ANY TYPE,Other,MOTOR VEHICLE COLLISION
TB23046431,"11/14/2023, 9:10:59 PM","11/15/2023, 2:02:46 PM",THUNDER BAY,ON,P7C 1C3,900 Block VICTORIA AV E," TBPS] MISCHIEF 11-10, MICHIEF UNDER 5000",Other Property Crime,MISCHIEF
TB23046443,"11/14/2023, 10:31:15 PM","11/15/2023, 2:02:46 PM",THUNDER BAY,ON,P7A 4L9,100 Block CUMBERLAND ST N, TBPS] MOTOR VEHICLE COLLISION MVC NO INJURIES,Traffic,MOTOR VEHICLE COLLISION
TB23046352,"11/14/2023, 2:49:08 PM","11/15/2023, 2:02:47 PM",THUNDER BAY,ON,P7A 5M7,1 Block BALSAM ST, TBPS] LIQUOR LICENCE ACT LIQUOR LICENCE ACT VIOLATION IN PROGRESS,Quality of Life,LIQUOR LICENCE ACT
TB23046354,"11/14/2023, 2:54:26 PM","11/15/2023, 2:02:47 PM",THUNDER BAY,ON,P7E 4P2,400 Block CHRISTINA ST E," TBPS] THEFT NOT IN PROGRESS, UNDER 5000",Other Theft,THEFT
TB23046356,"11/14/2023, 3:12:20 PM","11/15/2023, 2:02:47 PM",THUNDER BAY,ON,P7J 1E8,2300 Block 61 HWY, TBPS] MOTOR VEHICLE COLLISION MVC - AMB ENR - DUAL RESP,Other,MOTOR VEHICLE COLLISION
TB23046358,"11/14/2023, 3:25:07 PM","11/15/2023, 2:02:47 PM",THUNDER BAY,ON,P7E 3T2,1000 Block GORE ST W, TBPS] MOTOR VEHICLE COLLISION 11-10 MVC ANY TYPE,Other,MOTOR VEHICLE COLLISION
TB23046359,"11/14/2023, 3:29:02 PM","11/15/2023, 2:02:47 PM",THUNDER BAY,ON,P7B 3V4,HILL ST S AND JOHN ST, TBPS] MOTOR VEHICLE COLLISION 11-10 MVC ANY TYPE,Other,MOTOR VEHICLE COLLISION
TB23046364,"11/14/2023, 4:08:42 PM","11/15/2023, 2:02:47 PM",THUNDER BAY,ON,P7B 7A4,1000 Block OLIVER RD, TBPS] MOTOR VEHICLE COLLISION 11-10 MVC ANY TYPE,Other,MOTOR VEHICLE COLLISION
TB23046368,"11/14/2023, 4:22:19 PM","11/15/2023, 2:02:47 PM",THUNDER BAY,ON,P7A 3S4,600 Block RIVER ST, TBPS] MOTOR VEHICLE COLLISION 11-10 MVC ANY TYPE,Other,MOTOR VEHICLE COLLISION
TB23046371,"11/14/2023, 4:37:00 PM","11/15/2023, 2:02:47 PM",THUNDER BAY,ON,P7B 5L6,300 Block MAIN ST, TBPS] MOTOR VEHICLE COLLISION 11-10 MVC ANY TYPE,Other,MOTOR VEHICLE COLLISION
TB23046372,"11/14/2023, 4:40:31 PM","11/15/2023, 2:02:47 PM",THUNDER BAY,ON,J4Y 0K7,500 Block ARTHUR ST W, TBPS] MOTOR VEHICLE COLLISION 11-10 MVC ANY TYPE,Other,MOTOR VEHICLE COLLISION
TB23046373,"11/14/2023, 4:48:39 PM","11/15/2023, 2:02:47 PM",THUNDER BAY,ON,P7B 5L6,300 Block MAIN ST, TBPS] MOTOR VEHICLE COLLISION 11-10 MVC ANY TYPE,Other,MOTOR VEHICLE COLLISION
TB23046375,"11/14/2023, 4:50:53 PM","11/15/2023, 2:02:47 PM",THUNDER BAY,ON,P7J 1G6,2000 Block JAMES ST S, TBPS] MOTOR VEHICLE COLLISION 11-10 MVC ANY TYPE,Other,MOTOR VEHICLE COLLISION
TB23046388,"11/14/2023, 5:17:58 PM","11/15/2023, 2:02:47 PM",THUNDER BAY,ON,P7B 3C1,100 Block ALGOMA ST S, TBPS] ASSAULT SUSP PRESENT OR IN AREA,Assault,ASSAULT
TB23046382,"11/14/2023, 5:02:10 PM","11/15/2023, 2:02:47 PM",THUNDER BAY,ON,P7C 1J6,200 Block MILES ST E, TBPS] MOTOR VEHICLE COLLISION 11-10 MVC ANY TYPE,Other,MOTOR VEHICLE COLLISION
TB23046621,"11/15/2023, 10:22:28 PM","11/16/2023, 2:02:50 PM",THUNDER BAY,ON,P7B 5L6,300 Block MAIN ST, TBPS] SHOPLIFT IN CUSTODY - NO PROBLEMS,Theft,SHOPLIFT
TB23046639,"11/15/2023, 11:42:49 PM","11/16/2023, 2:02:50 PM",THUNDER BAY,ON,P7B 7A6,GOLF LINKS RD AND CENTRAL AV, TBPS] MOTOR VEHICLE COLLISION MVC NO INJURIES,Traffic,MOTOR VEHICLE COLLISION
TB23046635,"11/15/2023, 11:33:46 PM","11/16/2023, 2:02:50 PM",THUNDER BAY,ON,P7B 3C7,1 Block SECORD ST," TBPS] MISCHIEF 11-10, MICHIEF UNDER 5000",Other Property Crime,MISCHIEF
TB23046646,"11/16/2023, 12:01:06 AM","11/16/2023, 2:02:50 PM",THUNDER BAY,ON,P7A 4L2,1 Block CUMBERLAND ST N," TBPS] THEFT NOT IN PROGRESS, UNDER 5000",Other Theft,THEFT
TB23046652,"11/16/2023, 12:29:10 AM","11/16/2023, 2:02:50 PM",THUNDER BAY,ON,P7C 3R5,400 Block MAY ST N, TBPS] MISCHIEF NIP GRAFFITTI,Other Property Crime,MISCHIEF
TB23046656,"11/16/2023, 12:55:27 AM","11/16/2023, 2:02:50 PM",THUNDER BAY,ON,P7B,JOHN ST AND THUNDER BAY EXPRESSWAY, TBPS] MOTOR VEHICLE COLLISION MVC NO INJURIES,Traffic,MOTOR VEHICLE COLLISION
TB23046662,"11/16/2023, 1:34:11 AM","11/16/2023, 2:02:50 PM",THUNDER BAY,ON,P7A 4L8,1 Block CUMBERLAND ST N, TBPS] ROBBERY NO WEAPONS - SUSP STILL IN AREA,Robbery,ROBBERY
TB23046665,"11/16/2023, 2:29:06 AM","11/16/2023, 2:02:50 PM",THUNDER BAY,ON,P7B 2M6,300 Block SPOFFORD ST, TBPS] ASSAULT ACCUSED NOT PRESENT,Assault,ASSAULT
TB23046659,"11/16/2023, 1:06:02 AM","11/16/2023, 2:02:50 PM",THUNDER BAY,ON,P7A 4L8,1 Block CUMBERLAND ST N, TBPS] ROBBERY NO WEAPONS - SUSP STILL IN AREA,Robbery,ROBBERY
TB23046672,"11/16/2023, 3:15:30 AM","11/16/2023, 2:02:50 PM",THUNDER BAY,ON,P7A 4P8,300 Block CUMBERLAND ST N," TBPS] MISCHIEF IP/SUSP IN AREA, UNDER 5,000",Other Property Crime,MISCHIEF
TB23046676,"11/16/2023, 4:20:48 AM","11/16/2023, 2:02:50 PM",THUNDER BAY,ON,P7B 3A6,900 Block FORT WILLIAM RD, TBPS] ROBBERY NO WEAPONS - SUSP STILL IN AREA,Robbery,ROBBERY
TB23046680,"11/16/2023, 4:58:15 AM","11/16/2023, 2:02:50 PM",THUNDER BAY,ON,.,NORTHERN AV AND MAY ST N, TBPS] MOTOR VEHICLE COLLISION VEHICLE LEAKING FLUIDS - DUAL RESP,Traffic,MOTOR VEHICLE COLLISION
TB23046690,"11/16/2023, 6:11:59 AM","11/16/2023, 2:02:50 PM",THUNDER BAY,ON,P7C 4S8,1 Block LIMBRICK ST, TBPS] ROBBERY NO WEAPONS - SUSP STILL IN AREA,Robbery,ROBBERY
TB23046691,"11/16/2023, 6:13:56 AM","11/16/2023, 2:02:50 PM",THUNDER BAY,ON,P7C 3Y3,300 Block ARCHIBALD ST N, TBPS] ASSAULT SUSP PRESENT OR IN AREA,Assault,ASSAULT
TB23046700,"11/16/2023, 7:36:23 AM","11/16/2023, 2:02:50 PM",THUNDER BAY,ON,P7B 3K1,1 Block HIGH ST S," TBPS] MISCHIEF 11-10, MICHIEF UNDER 5000",Other Property Crime,MISCHIEF
TB23046561,"11/15/2023, 4:32:47 PM","11/16/2023, 2:02:51 PM",THUNDER BAY,ON,P7A 8A4,100 Block EAST AV, TBPS] MOTOR VEHICLE COLLISION 11-10 MVC ANY TYPE,Other,MOTOR VEHICLE COLLISION
TB23046587,"11/15/2023, 6:45:18 PM","11/16/2023, 2:02:51 PM",THUNDER BAY,ON,P7B,FORT WILLIAM RD AND MAIN ST, TBPS] MOTOR VEHICLE COLLISION 11-10 MVC ANY TYPE,Other,MOTOR VEHICLE COLLISION
TB23046600,"11/15/2023, 7:59:48 PM","11/16/2023, 2:02:51 PM",THUNDER BAY,ON,P7C 2V7,400 Block NORTHERN AV, TBPS] MOTOR VEHICLE COLLISION 11-10 MVC ANY TYPE,Other,MOTOR VEHICLE COLLISION
TB23046589,"11/15/2023, 6:51:51 PM","11/16/2023, 2:02:51 PM",THUNDER BAY,ON,P7B 5V1,1000 Block DAWSON RD, TBPS] MOTOR VEHICLE COLLISION 11-10 MVC ANY TYPE,Other,MOTOR VEHICLE COLLISION
TB23046609,"11/15/2023, 8:20:03 PM","11/16/2023, 2:02:51 PM",THUNDER BAY,ON,P7A 3R8,500 Block RIVER ST, TBPS] MOTOR VEHICLE COLLISION 11-10 MVC ANY TYPE,Other,MOTOR VEHICLE COLLISION
TB23046607,"11/15/2023, 8:16:53 PM","11/16/2023, 2:02:51 PM",THUNDER BAY,ON,P7A 3S6,700 Block RIVER ST, TBPS] MOTOR VEHICLE COLLISION MVC NO INJURIES,Traffic,MOTOR VEHICLE COLLISION
TB23046601,"11/15/2023, 8:04:39 PM","11/16/2023, 2:02:51 PM",THUNDER BAY,ON,P7B 3A6,900 Block FORT WILLIAM RD, TBPS] MOTOR VEHICLE COLLISION 11-10 MVC ANY TYPE,Other,MOTOR VEHICLE COLLISION
TB23046523,"11/15/2023, 9:22:56 AM","11/16/2023, 2:02:52 PM",THUNDER BAY,ON,P7C 4L2,100 Block BRUNSWICK ST N, TBPS] TROUBLE WITH YOUTH YOUTHS STILL IN AREA,Quality of Life,TROUBLE WITH YOUTH
TB23046539,"11/15/2023, 2:33:51 PM","11/16/2023, 2:02:52 PM",THUNDER BAY,ON,P7C 6A5,800 Block MAY ST N, TBPS] MOTOR VEHICLE COLLISION 11-10 MVC ANY TYPE,Other,MOTOR VEHICLE COLLISION
TB23046547,"11/15/2023, 3:27:48 PM","11/16/2023, 2:02:52 PM",THUNDER BAY,ON,P7E 5S7,1700 Block SILLS ST," TBPS] THEFT NOT IN PROGRESS, FROM MOTOR VEHICLE",Theft from Vehicle,THEFT
TB23046554,"11/15/2023, 3:46:35 PM","11/16/2023, 2:02:52 PM",THUNDER BAY,ON,P7B 1E3,200 Block PEARL ST, TBPS] ASSAULT SUSP PRESENT OR IN AREA,Assault,ASSAULT
TB23046551,"11/15/2023, 3:42:26 PM","11/16/2023, 2:02:52 PM",THUNDER BAY,ON,P7E 2V9,700 Block JAMES ST S, TBPS] ASSAULT ACCUSED NOT PRESENT,Assault,ASSAULT
TB23046560,"11/15/2023, 4:26:17 PM","11/16/2023, 2:02:52 PM",THUNDER BAY,ON,P7B,MAIN ST AND FORT WILLIAM RD, TBPS] MOTOR VEHICLE COLLISION 11-10 MVC ANY TYPE,Other,MOTOR VEHICLE COLLISION
TB23046571,"11/15/2023, 5:28:08 PM","11/16/2023, 2:02:52 PM",THUNDER BAY,ON,P7C,EDWARD ST N AND REDWOOD AV E, TBPS] MOTOR VEHICLE COLLISION 11-10 MVC ANY TYPE,Other,MOTOR VEHICLE COLLISION
TB23046577,"11/15/2023, 5:59:20 PM","11/16/2023, 2:02:52 PM",THUNDER BAY,ON,P7J 1G6,2000 Block JAMES ST S, TBPS] MOTOR VEHICLE COLLISION MVC NO INJURIES,Traffic,MOTOR VEHICLE COLLISION
TB23046588,"11/15/2023, 6:48:45 PM","11/16/2023, 2:02:52 PM",THUNDER BAY,ON,P7A 6E8,1 Block CLARKSON ST N, TBPS] MOTOR VEHICLE COLLISION 11-10 MVC ANY TYPE,Other,MOTOR VEHICLE COLLISION
TB23046461,"11/14/2023, 11:33:06 PM","11/16/2023, 2:02:53 PM",THUNDER BAY,ON,P7A 5X3,1 Block PINE ST, TBPS] ASSAULT ACCUSED NOT PRESENT,Assault,ASSAULT
TB23046521,"11/15/2023, 8:44:21 AM","11/16/2023, 2:02:53 PM",THUNDER BAY,ON,P7B 5R8,100 Block CUMBERLAND ST S, TBPS] DRUG OFFENCES SUSP PRESENT OR MAY STILL BE IN AREA,Quality of Life,DRUG OFFENCES
TB23046540,"11/15/2023, 2:42:26 PM","11/16/2023, 2:02:53 PM",THUNDER BAY,ON,P7A 1T5,300 Block HODDER AV, TBPS] MOTOR VEHICLE COLLISION 11-10 MVC ANY TYPE,Other,MOTOR VEHICLE COLLISION
TB23046941,"11/17/2023, 6:47:32 AM","11/17/2023, 2:03:34 PM",THUNDER BAY,ON,P7A 4K8,1 Block CUMBERLAND ST N, TBPS] ASSAULT SUSP PRESENT OR IN AREA,Assault,ASSAULT
TB23046933,"11/17/2023, 5:52:11 AM","11/17/2023, 2:03:34 PM",THUNDER BAY,ON,P7E 5N3,1300 Block ARTHUR ST E, TBPS] ASSAULT ACCUSED NOT PRESENT,Assault,ASSAULT
TB23046853,"11/16/2023, 10:28:47 PM","11/17/2023, 2:03:35 PM",THUNDER BAY,ON,P7B,CENTRAL AV AND MACDONELL ST, TBPS] MOTOR VEHICLE COLLISION 11-10 MVC ANY TYPE,Other,MOTOR VEHICLE COLLISION
TB23046859,"11/16/2023, 11:13:12 PM","11/17/2023, 2:03:35 PM",THUNDER BAY,ON,P7E 6J1,1 Block VALHALLA INN RD," TBPS] THEFT NOT IN PROGRESS, UNDER 5000",Other Theft,THEFT
TB23046871,"11/16/2023, 11:40:53 PM","11/17/2023, 2:03:35 PM",THUNDER BAY,ON,P7B 6B9,1000 Block FORT WILLIAM RD, TBPS] ASSAULT SUSP PRESENT OR IN AREA,Assault,ASSAULT
TB23046874,"11/16/2023, 11:51:52 PM","11/17/2023, 2:03:35 PM",THUNDER BAY,ON,P7A 4L9,100 Block CUMBERLAND ST N, TBPS] ASSAULT SUSP PRESENT OR IN AREA,Assault,ASSAULT
TB23046882,"11/17/2023, 1:16:42 AM","11/17/2023, 2:03:35 PM",THUNDER BAY,ON,P7B 3A6,900 Block FORT WILLIAM RD, TBPS] ASSAULT SUSP PRESENT OR IN AREA,Assault,ASSAULT
TB23046888,"11/17/2023, 1:46:53 AM","11/17/2023, 2:03:35 PM",THUNDER BAY,ON,P7B 6E7,900 Block BALMORAL ST, TBPS] MOTOR VEHICLE COLLISION MVC NO INJURIES,Traffic,MOTOR VEHICLE COLLISION
TB23046887,"11/17/2023, 1:37:34 AM","11/17/2023, 2:03:35 PM",THUNDER BAY,ON,P7B 5M4,WILLIAM ST AND BALMORAL ST, TBPS] MOTOR VEHICLE COLLISION MVC NO INJURIES,Traffic,MOTOR VEHICLE COLLISION
TB23046890,"11/17/2023, 1:57:29 AM","11/17/2023, 2:03:35 PM",THUNDER BAY,ON,P7A 4T8,1 Block COURT ST N, TBPS] ASSAULT SUSP PRESENT OR IN AREA,Assault,ASSAULT
TB23046892,"11/17/2023, 2:18:04 AM","11/17/2023, 2:03:35 PM",THUNDER BAY,ON,P7A 4K8,1 Block CUMBERLAND ST N," TBPS] MISCHIEF 11-10, MICHIEF UNDER 5000",Other Property Crime,MISCHIEF
TB23046917,"11/17/2023, 4:23:45 AM","11/17/2023, 2:03:35 PM",THUNDER BAY,ON,P7E 5V6,DONALD ST E AND HAROLD ST S, TBPS] TROUBLE WITH YOUTH YOUTHS STILL IN AREA,Quality of Life,TROUBLE WITH YOUTH
TB23046921,"11/17/2023, 4:34:21 AM","11/17/2023, 2:03:35 PM",THUNDER BAY,ON,P7B 1V7,300 Block WINDSOR ST, TBPS] STOLEN VEHICLE SUSP NOT IN AREA,Theft of Vehicle,STOLEN VEHICLE
TB23046922,"11/17/2023, 4:41:23 AM","11/17/2023, 2:03:35 PM",THUNDER BAY,ON,P7B 3K1,1 Block HIGH ST S," TBPS] MISCHIEF 11-10, MICHIEF UNDER 5000",Other Property Crime,MISCHIEF
TB23046916,"11/17/2023, 4:11:27 AM","11/17/2023, 2:03:35 PM",THUNDER BAY,ON,P7B 2R5,900 Block CARRICK ST, TBPS] SHOPLIFT IN CUSTODY - NO PROBLEMS,Theft,SHOPLIFT
TB23046923,"11/17/2023, 4:46:22 AM","11/17/2023, 2:03:35 PM",THUNDER BAY,ON,P7B 3K3,1 Block HIGH ST S," TBPS] MISCHIEF 11-10, MICHIEF UNDER 5000",Other Property Crime,MISCHIEF
TB23046926,"11/17/2023, 5:04:43 AM","11/17/2023, 2:03:35 PM",THUNDER BAY,ON,P7B 3K4,1 Block HIGH ST S," TBPS] MISCHIEF 11-10, MICHIEF UNDER 5000",Other Property Crime,MISCHIEF
TB23046906,"11/17/2023, 3:20:30 AM","11/17/2023, 2:03:35 PM",THUNDER BAY,ON,P7B 6Y9,1 Block SOUTH WATER ST," TBPS] MISCHIEF 11-10, MICHIEF UNDER 5000",Other Property Crime,MISCHIEF
TB23046944,"11/17/2023, 7:15:00 AM","11/17/2023, 2:03:35 PM",THUNDER BAY,ON,P7B 6Y9,1 Block SOUTH WATER ST," TBPS] MISCHIEF IP/SUSP IN AREA, UNDER 5,000",Other Property Crime,MISCHIEF
TB23046813,"11/16/2023, 7:00:00 PM","11/17/2023, 2:03:36 PM",THUNDER BAY,ON,P7B 1A8,200 Block RED RIVER RD," TBPS] MISCHIEF 11-10, MICHIEF UNDER 5000",Other Property Crime,MISCHIEF
TB23046821,"11/16/2023, 8:00:50 PM","11/17/2023, 2:03:36 PM",THUNDER BAY,ON,P7E 5A1,2800 Block MOODIE ST E, TBPS] B-E BUS/RES/OTH SUSP PRESENT OR MAY STILL BE IN AREA,Breaking & Entering,B-E BUS/RES/OTH
TB23046823,"11/16/2023, 8:03:54 PM","11/17/2023, 2:03:36 PM",THUNDER BAY,ON,P7E 2K1,400 Block BROWN ST," TBPS] THEFT NOT IN PROGRESS, FROM MOTOR VEHICLE",Theft from Vehicle,THEFT
TB23046836,"11/16/2023, 8:54:27 PM","11/17/2023, 2:03:36 PM",THUNDER BAY,ON,P7B 2S4,800 Block FORT WILLIAM RD, TBPS] ROBBERY NO WEAPONS - SUSP STILL IN AREA,Robbery,ROBBERY
TB23046851,"11/16/2023, 10:27:47 PM","11/17/2023, 2:03:36 PM",THUNDER BAY,ON,P7B 2Z8,500 Block FORT WILLIAM RD," TBPS] MISCHIEF 11-10, MICHIEF UNDER 5000",Other Property Crime,MISCHIEF
TB23046842,"11/16/2023, 9:13:39 PM","11/17/2023, 2:03:36 PM",THUNDER BAY,ON,P7G 1H8,DAWSON RD AND HAZELWOOD DR, TBPS] MOTOR VEHICLE COLLISION MVC NO INJURIES,Traffic,MOTOR VEHICLE COLLISION
TB23046900,"11/17/2023, 2:53:43 AM","11/17/2023, 2:03:36 PM",THUNDER BAY,ON,P7A 5K8,1 Block PROSPECT AV," TBPS] MISCHIEF 11-10, MICHIEF UNDER 5000",Other Property Crime,MISCHIEF
TB23046766,"11/16/2023, 4:30:04 PM","11/17/2023, 2:03:37 PM",THUNDER BAY,ON,P7C 3X3,700 Block SYNDICATE AV N, TBPS] ASSAULT SUSP PRESENT OR IN AREA,Assault,ASSAULT
TB23046781,"11/16/2023, 5:10:23 PM","11/17/2023, 2:03:37 PM",THUNDER BAY,ON,P7B 1A9,200 Block RED RIVER RD," TBPS] MISCHIEF 11-10, MICHIEF UNDER 5000",Other Property Crime,MISCHIEF
TB23046784,"11/16/2023, 5:14:11 PM","11/17/2023, 2:03:37 PM",THUNDER BAY,ON,P7K 1C5,1 Block SIDE RD AND ARTHUR ST W, TBPS] MOTOR VEHICLE COLLISION 11-10 MVC ANY TYPE,Other,MOTOR VEHICLE COLLISION
TB23046788,"11/16/2023, 5:42:44 PM","11/17/2023, 2:03:37 PM",THUNDER BAY,ON,P7E 2V9,700 Block JAMES ST S, TBPS] MOTOR VEHICLE COLLISION 11-10 MVC ANY TYPE,Other,MOTOR VEHICLE COLLISION
TB23046776,"11/16/2023, 4:54:00 PM","11/17/2023, 2:03:37 PM",THUNDER BAY,ON,P7B 1K2,800 Block RED RIVER RD, TBPS] MOTOR VEHICLE COLLISION 11-10 MVC ANY TYPE,Other,MOTOR VEHICLE COLLISION
TB23046803,"11/16/2023, 6:43:51 PM","11/17/2023, 2:03:37 PM",THUNDER BAY,ON,P7B 3N3,SIXTH AV AND FORT WILLIAM RD, TBPS] MOTOR VEHICLE COLLISION MVC NO INJURIES,Traffic,MOTOR VEHICLE COLLISION
TB23046806,"11/16/2023, 6:56:05 PM","11/17/2023, 2:03:37 PM",THUNDER BAY,ON,P7B 3Z9,900 Block MEMORIAL AV," TBPS] THEFT NOT IN PROGRESS, UNDER 5000",Other Theft,THEFT
TB23046815,"11/16/2023, 7:00:00 PM","11/17/2023, 2:03:37 PM",THUNDER BAY,ON,P7B 1A8,200 Block RED RIVER RD," TBPS] MISCHIEF 11-10, MICHIEF UNDER 5000",Other Property Crime,MISCHIEF
TB23046812,"11/16/2023, 7:00:00 PM","11/17/2023, 2:03:37 PM",THUNDER BAY,ON,P7B 1A8,200 Block RED RIVER RD," TBPS] MISCHIEF 11-10, MICHIEF UNDER 5000",Other Property Crime,MISCHIEF
TB23046818,"11/16/2023, 7:55:24 PM","11/17/2023, 2:03:37 PM",THUNDER BAY,ON,P7C 4N6,400 Block WESTBURY CR, TBPS] MOTOR VEHICLE COLLISION MVC - AMB ENR - DUAL RESP,Other,MOTOR VEHICLE COLLISION
TB23046817,"11/16/2023, 7:51:05 PM","11/17/2023, 2:03:37 PM",THUNDER BAY,ON,P7E 6L5,1100 Block ARTHUR ST W, TBPS] MOTOR VEHICLE COLLISION 11-10 MVC ANY TYPE,Other,MOTOR VEHICLE COLLISION
TB23046816,"11/16/2023, 7:46:25 PM","11/17/2023, 2:03:37 PM",THUNDER BAY,ON,P7E 6L5,1100 Block ARTHUR ST W, TBPS] MOTOR VEHICLE COLLISION 11-10 MVC ANY TYPE,Other,MOTOR VEHICLE COLLISION
TB23046726,"11/16/2023, 2:24:00 PM","11/17/2023, 2:03:38 PM",THUNDER BAY,ON,P7B 5Z5,1200 Block BALMORAL ST," TBPS] MISCHIEF IP/SUSP IN AREA, UNDER 5,000",Other Property Crime,MISCHIEF
TB23046736,"11/16/2023, 2:52:17 PM","11/17/2023, 2:03:38 PM",THUNDER BAY,ON,P7A,RED RIVER RD AND THUNDER BAY EXPRESSWAY, TBPS] MOTOR VEHICLE COLLISION 11-10 MVC ANY TYPE,Other,MOTOR VEHICLE COLLISION
TB23046742,"11/16/2023, 3:09:27 PM","11/17/2023, 2:03:38 PM",THUNDER BAY,ON,P7B 1R5,200 Block BAY ST," TBPS] MISCHIEF 11-10, MICHIEF OVER 5000",Other Property Crime,MISCHIEF
TB23046748,"11/16/2023, 3:21:20 PM","11/17/2023, 2:03:38 PM",THUNDER BAY,ON,P7A 3V1,300 Block DAWSON ST, TBPS] MOTOR VEHICLE COLLISION 11-10 MVC ANY TYPE,Other,MOTOR VEHICLE COLLISION
TB23046745,"11/16/2023, 3:14:58 PM","11/17/2023, 2:03:38 PM",THUNDER BAY,ON,P7B 6Z8,900 Block WILLIAM ST, TBPS] MOTOR VEHICLE COLLISION 11-10 MVC ANY TYPE,Other,MOTOR VEHICLE COLLISION
TB23046749,"11/16/2023, 3:24:39 PM","11/17/2023, 2:03:38 PM",THUNDER BAY,ON,P7B 3A3,1 Block AV AND FORT WILLIAM RD, TBPS] MOTOR VEHICLE COLLISION 11-10 MVC ANY TYPE,Other,MOTOR VEHICLE COLLISION
TB23046750,"11/16/2023, 3:37:13 PM","11/17/2023, 2:03:38 PM",THUNDER BAY,ON,P7C 4V1,3200 Block 130 HWY, TBPS] MOTOR VEHICLE COLLISION 11-10 MVC ANY TYPE,Other,MOTOR VEHICLE COLLISION
TB23046751,"11/16/2023, 3:42:23 PM","11/17/2023, 2:03:38 PM",THUNDER BAY,ON,P7A 2R6,400 Block TOLEDO ST, TBPS] MOTOR VEHICLE COLLISION 11-10 MVC ANY TYPE,Other,MOTOR VEHICLE COLLISION
TB23046753,"11/16/2023, 3:46:02 PM","11/17/2023, 2:03:38 PM",THUNDER BAY,ON,P7B 6V4,900 Block OLIVER RD, TBPS] MOTOR VEHICLE COLLISION 11-10 MVC ANY TYPE,Other,MOTOR VEHICLE COLLISION
TB23046757,"11/16/2023, 3:59:44 PM","11/17/2023, 2:03:38 PM",THUNDER BAY,ON,P7B 1A3,1 Block CUMBERLAND ST S," TBPS] MISCHIEF 11-10, MICHIEF OVER 5000",Other Property Crime,MISCHIEF
TB23046758,"11/16/2023, 4:16:14 PM","11/17/2023, 2:03:38 PM",THUNDER BAY,ON,P7A 2R7,200 Block TOLEDO ST, TBPS] MOTOR VEHICLE COLLISION 11-10 MVC ANY TYPE,Other,MOTOR VEHICLE COLLISION
TB23046762,"11/16/2023, 4:26:09 PM","11/17/2023, 2:03:38 PM",THUNDER BAY,ON,P7B 1L9,300 Block AMBROSE ST, TBPS] ARSON 11-10 ARSON,Other Property Crime,ARSON
TB23046759,"11/16/2023, 4:18:36 PM","11/17/2023, 2:03:38 PM",THUNDER BAY,ON,P7J 1G6,2000 Block JAMES ST S, TBPS] MOTOR VEHICLE COLLISION 11-10 MVC ANY TYPE,Other,MOTOR VEHICLE COLLISION
TB23046763,"11/16/2023, 4:27:01 PM","11/17/2023, 2:03:38 PM",THUNDER BAY,ON,P7C 1E7,2600 Block VICTORIA AV E, TBPS] MOTOR VEHICLE COLLISION 11-10 MVC ANY TYPE,Other,MOTOR VEHICLE COLLISION
TB23046765,"11/16/2023, 4:29:39 PM","11/17/2023, 2:03:38 PM",THUNDER BAY,ON,P7C 3X3,700 Block SYNDICATE AV N," TBPS] MISCHIEF IP/SUSP IN AREA, MICHIEF OVER 5000",Other Property Crime,MISCHIEF
TB23046768,"11/16/2023, 4:34:27 PM","11/17/2023, 2:03:38 PM",THUNDER BAY,ON,P7A 2X2,400 Block EGAN ST," TBPS] MISCHIEF IP/SUSP IN AREA, UNDER 5,000",Other Property Crime,MISCHIEF
TB23046786,"11/16/2023, 5:20:06 PM","11/17/2023, 2:03:38 PM",THUNDER BAY,ON,P7G 1N6,OLIVER RD AND BELROSE RD, TBPS] MOTOR VEHICLE COLLISION 11-10 MVC ANY TYPE,Other,MOTOR VEHICLE COLLISION
TB23046785,"11/16/2023, 5:17:38 PM","11/17/2023, 2:03:38 PM",THUNDER BAY,ON,P7A 4S4,1 Block ST. PAUL ST," TBPS] MISCHIEF 11-10, MICHIEF UNDER 5000",Other Property Crime,MISCHIEF
TB23046774,"11/16/2023, 4:52:27 PM","11/17/2023, 2:03:38 PM",THUNDER BAY,ON,P7B 1W7,200 Block JUNIPER DR," TBPS] MISCHIEF 11-10, MICHIEF UNDER 5000",Other Property Crime,MISCHIEF
TB23046681,"11/16/2023, 5:14:14 AM","11/17/2023, 2:03:39 PM",THUNDER BAY,ON,P7C 3Y6,300 Block ARCHIBALD ST N, TBPS] B-E BUS/RES/OTH SUSP PRESENT OR MAY STILL BE IN AREA,Breaking & Entering,B-E BUS/RES/OTH
TB23046692,"11/16/2023, 6:25:04 AM","11/17/2023, 2:03:39 PM",THUNDER BAY,ON,P7B 1K1,ALGONQUIN AV S AND RED RIVER RD," TBPS] MISCHIEF IP/SUSP IN AREA, UNDER 5,000",Other Property Crime,MISCHIEF
TB23046740,"11/16/2023, 3:01:36 PM","11/17/2023, 2:03:39 PM",THUNDER BAY,ON,P7C 1B8,VICTORIA AV E AND HAROLD ST N, TBPS] MOTOR VEHICLE COLLISION 11-10 MVC ANY TYPE,Other,MOTOR VEHICLE COLLISION
TB23046743,"11/16/2023, 3:09:37 PM","11/17/2023, 2:03:39 PM",THUNDER BAY,ON,P7A 5R2,1 Block HIGH ST N," TBPS] MISCHIEF 11-10, MICHIEF UNDER 5000",Other Property Crime,MISCHIEF
TB23047052,"11/17/2023, 9:47:25 PM","11/18/2023, 2:04:27 PM",THUNDER BAY,ON,P7B 6B9,1000 Block FORT WILLIAM RD, TBPS] LIQUOR LICENCE ACT LIQUOR LICENCE ACT VIOLATION IN PROGRESS,Quality of Life,LIQUOR LICENCE ACT
TB23047078,"11/18/2023, 12:36:52 AM","11/18/2023, 2:04:27 PM",THUNDER BAY,ON,P7C 3R3,DEASE ST AND MAY ST N, TBPS] MOTOR VEHICLE COLLISION MVC NO INJURIES,Traffic,MOTOR VEHICLE COLLISION
TB23047087,"11/18/2023, 1:49:00 AM","11/18/2023, 2:04:27 PM",THUNDER BAY,ON,P7E 2V9,GORDON ST AND JAMES ST S, TBPS] MOTOR VEHICLE COLLISION MVC NO INJURIES,Traffic,MOTOR VEHICLE COLLISION
TB23047110,"11/18/2023, 5:24:23 AM","11/18/2023, 2:04:27 PM",THUNDER BAY,ON,P7E 5R8,600 Block ARTHUR ST W," TBPS] MISCHIEF IP/SUSP IN AREA, UNDER 5,000",Other Property Crime,MISCHIEF
TB23047117,"11/18/2023, 6:07:53 AM","11/18/2023, 2:04:27 PM",THUNDER BAY,ON,P7B 1L2,1 Block WALKOVER ST, TBPS] B-E BUS/RES/OTH SUSP PRESENT OR MAY STILL BE IN AREA,Breaking & Entering,B-E BUS/RES/OTH
TB23047019,"11/17/2023, 6:37:45 PM","11/18/2023, 2:04:28 PM",THUNDER BAY,ON,P7B 6B9,1000 Block FORT WILLIAM RD, TBPS] MOTOR VEHICLE COLLISION 11-10 MVC ANY TYPE,Other,MOTOR VEHICLE COLLISION
TB23047024,"11/17/2023, 7:03:30 PM","11/18/2023, 2:04:28 PM",THUNDER BAY,ON,P7E 4W9,WALSH ST W AND JAMES ST S, TBPS] MOTOR VEHICLE COLLISION 11-10 MVC ANY TYPE,Other,MOTOR VEHICLE COLLISION
TB23047029,"11/17/2023, 7:32:15 PM","11/18/2023, 2:04:28 PM",THUNDER BAY,ON,P7B 5Z5,1200 Block BALMORAL ST," TBPS] MISCHIEF 11-10, MICHIEF UNDER 5000",Other Property Crime,MISCHIEF
TB23047055,"11/17/2023, 9:58:28 PM","11/18/2023, 2:04:28 PM",THUNDER BAY,ON,P7B 3C3,200 Block ALGOMA ST S," TBPS] MISCHIEF 11-10, MICHIEF UNDER 5000",Other Property Crime,MISCHIEF
TB23047083,"11/18/2023, 1:19:15 AM","11/18/2023, 2:04:28 PM",THUNDER BAY,ON,P7E 3J8,900 Block HOLT PL, TBPS] LIQUOR LICENCE ACT LIQUOR LICENCE ACT VIOLATION IN PROGRESS,Quality of Life,LIQUOR LICENCE ACT
TB23046839,"11/16/2023, 9:04:42 PM","11/18/2023, 2:04:29 PM",THUNDER BAY,ON,P7B 1B8,400 Block WAVERLY ST," TBPS] MISCHIEF IP/SUSP IN AREA, UNDER 5,000",Other Property Crime,MISCHIEF
TB23046840,"11/16/2023, 9:07:25 PM","11/18/2023, 2:04:29 PM",THUNDER BAY,ON,P7J 1E8,2300 Block 61 HWY, TBPS] ASSAULT ACCUSED NOT PRESENT,Assault,ASSAULT
TB23046927,"11/17/2023, 5:09:14 AM","11/18/2023, 2:04:29 PM",THUNDER BAY,ON,P7C 3B9,800 Block MCLAUGHLIN ST, TBPS] ASSAULT SUSP PRESENT OR IN AREA,Assault,ASSAULT
TB23046934,"11/17/2023, 5:54:03 AM","11/18/2023, 2:04:29 PM",THUNDER BAY,ON,P7B 6Y9,1 Block SOUTH WATER ST," TBPS] MISCHIEF 11-10, MICHIEF UNDER 5000",Other Property Crime,MISCHIEF
TB23046939,"11/17/2023, 6:38:03 AM","11/18/2023, 2:04:29 PM",THUNDER BAY,ON,P7B 5V1,1000 Block DAWSON RD, TBPS] LIQUOR LICENCE ACT LIQUOR LICENCE ACT VIOLATION IN PROGRESS,Quality of Life,LIQUOR LICENCE ACT
TB23046952,"11/17/2023, 9:31:24 AM","11/18/2023, 2:04:29 PM",THUNDER BAY,ON,P7A 4K8,1 Block CUMBERLAND ST N, TBPS] LIQUOR LICENCE ACT LIQUOR LICENCE ACT VIOLATION IN PROGRESS,Quality of Life,LIQUOR LICENCE ACT
TB23047002,"11/17/2023, 4:53:33 PM","11/18/2023, 2:04:29 PM",THUNDER BAY,ON,P7B,HARBOUR EXPRESSWAY AND MEMORIAL AV, TBPS] MOTOR VEHICLE COLLISION MVC INJURIES FIRE NOT REQ,Traffic,MOTOR VEHICLE COLLISION
TB23046985,"11/17/2023, 3:43:51 PM","11/18/2023, 2:04:29 PM",THUNDER BAY,ON,P7B 2R5,900 Block CARRICK ST, TBPS] THEFT SUSP STILL PRESENT OR MAY BE IN AREA,Other Theft,THEFT
TB23047004,"11/17/2023, 4:58:55 PM","11/18/2023, 2:04:29 PM",THUNDER BAY,ON,P7A 7K9,700 Block CENTENNIAL PARK RD, TBPS] STOLEN VEHICLE SUSP NOT IN AREA,Theft of Vehicle,STOLEN VEHICLE
TB23047012,"11/17/2023, 5:42:24 PM","11/18/2023, 2:04:29 PM",THUNDER BAY,ON,P7A 1H9,400 Block RITA ST," TBPS] MISCHIEF 11-10, MICHIEF UNDER 5000",Other Property Crime,MISCHIEF
TB23046860,"11/16/2023, 11:15:13 PM","11/18/2023, 2:04:30 PM",THUNDER BAY,ON,P7C 4P8,400 Block EDWARD ST N, TBPS] MOTOR VEHICLE COLLISION MVC NO INJURIES,Traffic,MOTOR VEHICLE COLLISION
TB23047175,"11/18/2023, 8:21:31 PM","11/19/2023, 2:02:49 PM",THUNDER BAY,ON,P7C 1G3,EDWARD ST N AND VICTORIA AV E, TBPS] LIQUOR LICENCE ACT LIQUOR LICENCE ACT VIOLATION IN PROGRESS,Quality of Life,LIQUOR LICENCE ACT
TB23047190,"11/18/2023, 10:08:05 PM","11/19/2023, 2:02:49 PM",THUNDER BAY,ON,P7G 1R7,MAPLEWARD RD AND JOHN ST. RD, TBPS] MOTOR VEHICLE COLLISION MVC NO INJURIES,Traffic,MOTOR VEHICLE COLLISION
TB23047194,"11/18/2023, 10:53:29 PM","11/19/2023, 2:02:49 PM",THUNDER BAY,ON,.,100 Block PEARL ST, TBPS] ARSON 11-10 ARSON,Other Property Crime,ARSON
TB23047201,"11/18/2023, 11:32:18 PM","11/19/2023, 2:02:49 PM",THUNDER BAY,ON,P7B 5Z7,200 Block WAVERLY ST, TBPS] ASSAULT ACCUSED NOT PRESENT,Assault,ASSAULT
TB23047197,"11/18/2023, 11:02:09 PM","11/19/2023, 2:02:49 PM",THUNDER BAY,ON,P7B 3Z7,700 Block MEMORIAL AV, TBPS] STOLEN VEHICLE SUSP PRESENT OR MAY STILL BE IN AREA,Theft of Vehicle,STOLEN VEHICLE
TB23047221,"11/19/2023, 3:23:40 AM","11/19/2023, 2:02:49 PM",THUNDER BAY,ON,P7A 5B6,EGAN ST AND ALGOMA ST N, TBPS] LIQUOR LICENCE ACT LIQUOR LICENCE ACT VIOLATION IN PROGRESS,Quality of Life,LIQUOR LICENCE ACT
TB23047207,"11/19/2023, 12:43:13 AM","11/19/2023, 2:02:49 PM",THUNDER BAY,ON,.,400 Block ST. PATRICK'S SQ," TBPS] MISCHIEF IP/SUSP IN AREA, UNDER 5,000",Other Property Crime,MISCHIEF
TB23047211,"11/19/2023, 1:44:35 AM","11/19/2023, 2:02:49 PM",THUNDER BAY,ON,P7B 6B9,1000 Block FORT WILLIAM RD, TBPS] MOTOR VEHICLE COLLISION 11-10 MVC ANY TYPE,Other,MOTOR VEHICLE COLLISION
TB23047089,"11/18/2023, 2:09:55 AM","11/19/2023, 2:02:50 PM",THUNDER BAY,ON,P7A 2K6,200 Block MACDOUGALL ST, TBPS] DRUG OFFENCES SUSP PRESENT OR MAY STILL BE IN AREA,Quality of Life,DRUG OFFENCES
TB23047145,"11/18/2023, 11:48:34 AM","11/19/2023, 2:02:50 PM",THUNDER BAY,ON,P7B,HARBOUR EXPRESSWAY AND MEMORIAL AV, TBPS] MOTOR VEHICLE COLLISION MVC NO INJURIES,Traffic,MOTOR VEHICLE COLLISION
TB23047137,"11/18/2023, 9:43:29 AM","11/19/2023, 2:02:50 PM",THUNDER BAY,ON,P7C 2N2,200 Block OGDEN ST, TBPS] B-E BUS/RES/OTH SUSP PRESENT OR MAY STILL BE IN AREA,Breaking & Entering,B-E BUS/RES/OTH
TB23047147,"11/18/2023, 12:17:43 PM","11/19/2023, 2:02:50 PM",THUNDER BAY,ON,P7E 4J9,300 Block MARY ST E," TBPS] MISCHIEF 11-10, MICHIEF UNDER 5000",Other Property Crime,MISCHIEF
TB23047150,"11/18/2023, 1:35:18 PM","11/19/2023, 2:02:50 PM",THUNDER BAY,ON,P7B 5J4,1000 Block DAWSON RD, TBPS] MISCHIEF IP PROGRESS/SUPECT IN AREA,Other Property Crime,MISCHIEF
TB23047151,"11/18/2023, 1:36:22 PM","11/19/2023, 2:02:50 PM",THUNDER BAY,ON,P7C 3H4,200 Block SIMPSON ST, TBPS] B-E BUS/RES/OTH SUSP PRESENT OR MAY STILL BE IN AREA,Breaking & Entering,B-E BUS/RES/OTH
TB23047160,"11/18/2023, 4:13:17 PM","11/19/2023, 2:02:50 PM",THUNDER BAY,ON,P7E 1B4,200 Block MAY ST S, TBPS] ASSAULT SUSP PRESENT OR IN AREA,Assault,ASSAULT
TB23047162,"11/18/2023, 4:44:35 PM","11/19/2023, 2:02:50 PM",THUNDER BAY,ON,P7E 5M8,900 Block ARTHUR ST E, TBPS] THEFT SUSP STILL PRESENT OR MAY BE IN AREA,Other Theft,THEFT
TB23047169,"11/18/2023, 6:44:14 PM","11/19/2023, 2:02:50 PM",THUNDER BAY,ON,P7A 4Z3,ALGOMA ST N AND VAN NORMAN ST, TBPS] ASSAULT SUSP PRESENT OR IN AREA,Assault,ASSAULT
TB23047173,"11/18/2023, 7:36:25 PM","11/19/2023, 2:02:50 PM",THUNDER BAY,ON,P7A 5G3,100 Block JEAN ST," TBPS] MISCHIEF 11-10, MICHIEF UNDER 5000",Other Property Crime,MISCHIEF
TB23047182,"11/18/2023, 9:34:51 PM","11/19/2023, 2:02:50 PM",THUNDER BAY,ON,P7E,WALSH ST E AND EDWARD ST S, TBPS] MOTOR VEHICLE COLLISION MVC - AMB ENR - DUAL RESP,Other,MOTOR VEHICLE COLLISION
TB23047183,"11/18/2023, 9:35:29 PM","11/19/2023, 2:02:50 PM",THUNDER BAY,ON,P7A 5P3,BALSAM ST AND HURON AV, TBPS] MOTOR VEHICLE COLLISION MVC - AMB ENR - DUAL RESP,Other,MOTOR VEHICLE COLLISION
TB23047195,"11/18/2023, 10:53:32 PM","11/19/2023, 2:02:50 PM",THUNDER BAY,ON,P7A 4T8,1 Block COURT ST N," TBPS] THEFT NOT IN PROGRESS, UNDER 5000",Other Theft,THEFT
TB23047203,"11/19/2023, 12:07:34 AM","11/19/2023, 2:02:50 PM",THUNDER BAY,ON,P7A 5R2,1 Block HIGH ST N," TBPS] MISCHIEF 11-10, MICHIEF UNDER 5000",Other Property Crime,MISCHIEF
TB23047116,"11/18/2023, 5:58:51 AM","11/19/2023, 2:02:51 PM",THUNDER BAY,ON,P0T 1W0,400 Block 588 HWY, TBPS] MOTOR VEHICLE COLLISION MVC - AMB ENR,Traffic,MOTOR VEHICLE COLLISION
TB23047132,"11/18/2023, 8:35:06 AM","11/19/2023, 2:02:51 PM",THUNDER BAY,ON,P7G,500 Block FIREWEED CT, TBPS] LIQUOR LICENCE ACT LIQUOR LICENCE ACT VIOLATION IN PROGRESS,Quality of Life,LIQUOR LICENCE ACT
TB23047281,"11/19/2023, 8:27:20 PM","11/20/2023, 2:02:43 PM",THUNDER BAY,ON,.,1 Block CLERGUE ST, TBPS] STOLEN VEHICLE SUSP NOT IN AREA,Theft of Vehicle,STOLEN VEHICLE
TB23047291,"11/19/2023, 10:12:21 PM","11/20/2023, 2:02:43 PM",THUNDER BAY,ON,P7B 3A6,900 Block FORT WILLIAM RD," TBPS] THEFT IN PROGRESS, OVER 50000",Other Theft,THEFT
TB23047294,"11/19/2023, 10:40:43 PM","11/20/2023, 2:02:43 PM",THUNDER BAY,ON,P7B 3Y2,300 Block MEMORIAL AV, TBPS] THEFT SUSP STILL PRESENT OR MAY BE IN AREA,Other Theft,THEFT
TB23047298,"11/19/2023, 11:05:33 PM","11/20/2023, 2:02:43 PM",THUNDER BAY,ON,P7B 2Z2,300 Block FORT WILLIAM RD, TBPS] THEFT SUSP STILL PRESENT OR MAY BE IN AREA,Other Theft,THEFT
TB23047301,"11/20/2023, 12:28:37 AM","11/20/2023, 2:02:43 PM",THUNDER BAY,ON,P7B 5V1,1000 Block DAWSON RD, TBPS] LIQUOR LICENCE ACT LIQUOR LICENCE ACT VIOLATION IN PROGRESS,Quality of Life,LIQUOR LICENCE ACT
TB23047307,"11/20/2023, 1:43:25 AM","11/20/2023, 2:02:43 PM",THUNDER BAY,ON,P7B 3Z7,700 Block MEMORIAL AV, TBPS] MOTOR VEHICLE COLLISION MVC - AMB ENR - DUAL RESP,Other,MOTOR VEHICLE COLLISION
TB23047310,"11/20/2023, 2:05:56 AM","11/20/2023, 2:02:43 PM",THUNDER BAY,ON,P7A 4M6,100 Block CUMBERLAND ST N, TBPS] STOLEN VEHICLE SUSP PRESENT OR MAY STILL BE IN AREA,Theft of Vehicle,STOLEN VEHICLE
TB23047122,"11/18/2023, 6:47:47 AM","11/20/2023, 2:02:44 PM",THUNDER BAY,ON,P7A 7T8,300 Block ADELAIDE ST," TBPS] MISCHIEF 11-10, MICHIEF UNDER 5000",Other Property Crime,MISCHIEF
TB23047184,"11/18/2023, 9:38:40 PM","11/20/2023, 2:02:44 PM",THUNDER BAY,ON,P7C 3N3,500 Block WILEY ST, TBPS] ASSAULT ACCUSED NOT PRESENT,Assault,ASSAULT
TB23047206,"11/19/2023, 12:40:37 AM","11/20/2023, 2:02:44 PM",THUNDER BAY,ON,P7C 3L7,800 Block MINNESOTA ST, TBPS] ASSAULT ACCUSED NOT PRESENT,Assault,ASSAULT
TB23047241,"11/19/2023, 8:16:34 AM","11/20/2023, 2:02:44 PM",THUNDER BAY,ON,P0T 2G0,4500 Block OLIVER RD, TBPS] STOLEN VEHICLE SUSP PRESENT OR MAY STILL BE IN AREA,Theft of Vehicle,STOLEN VEHICLE
TB23047243,"11/19/2023, 8:25:05 AM","11/20/2023, 2:02:44 PM",THUNDER BAY,ON,P7B 1A7,200 Block RED RIVER RD, TBPS] ASSAULT SUSP PRESENT OR IN AREA,Assault,ASSAULT
TB23047259,"11/19/2023, 2:14:09 PM","11/20/2023, 2:02:44 PM",THUNDER BAY,ON,P7G 2G1,DAWSON RD AND WILLOW PARK DR, TBPS] MOTOR VEHICLE COLLISION MVC NO INJURIES,Traffic,MOTOR VEHICLE COLLISION
TB23047267,"11/19/2023, 4:33:06 PM","11/20/2023, 2:02:44 PM",THUNDER BAY,ON,P7A 5Z8,100 Block DOROTHY ST, TBPS] STOLEN VEHICLE SUSP NOT IN AREA,Theft of Vehicle,STOLEN VEHICLE
TB23047270,"11/19/2023, 5:12:43 PM","11/20/2023, 2:02:44 PM",THUNDER BAY,ON,P7B 1Z7,700 Block JOHN ST, TBPS] LIQUOR LICENCE ACT LIQUOR LICENCE ACT VIOLATION IN PROGRESS,Quality of Life,LIQUOR LICENCE ACT
TB23047456,"11/21/2023, 3:31:29 AM","11/21/2023, 2:02:47 PM",THUNDER BAY,ON,P7E 5S2,1100 Block ARTHUR ST W, TBPS] LIQUOR LICENCE ACT LIQUOR LICENCE ACT VIOLATION IN PROGRESS,Quality of Life,LIQUOR LICENCE ACT
TB23047467,"11/21/2023, 4:27:49 AM","11/21/2023, 2:02:47 PM",THUNDER BAY,ON,P7B 1K2,800 Block RED RIVER RD, TBPS] MOTOR VEHICLE COLLISION MVC NO INJURIES,Traffic,MOTOR VEHICLE COLLISION
TB23047392,"11/20/2023, 6:44:09 PM","11/21/2023, 2:02:48 PM",THUNDER BAY,ON,P7E 5N2,1300 Block ARTHUR ST E," TBPS] THEFT NOT IN PROGRESS, UNDER 5000",Other Theft,THEFT
TB23047408,"11/20/2023, 7:53:55 PM","11/21/2023, 2:02:48 PM",THUNDER BAY,ON,P7B 1K2,800 Block RED RIVER RD, TBPS] MOTOR VEHICLE COLLISION 11-10 MVC ANY TYPE,Other,MOTOR VEHICLE COLLISION
TB23047411,"11/20/2023, 8:03:56 PM","11/21/2023, 2:02:48 PM",THUNDER BAY,ON,P7E 6L5,1100 Block ARTHUR ST W, TBPS] MOTOR VEHICLE COLLISION 11-10 MVC ANY TYPE,Other,MOTOR VEHICLE COLLISION
TB23047410,"11/20/2023, 8:03:17 PM","11/21/2023, 2:02:48 PM",THUNDER BAY,ON,P7B 2R5,900 Block CARRICK ST, TBPS] MOTOR VEHICLE COLLISION 11-10 MVC ANY TYPE,Other,MOTOR VEHICLE COLLISION
TB23047419,"11/20/2023, 8:41:17 PM","11/21/2023, 2:02:48 PM",THUNDER BAY,ON,P7B 3K5,100 Block HIGH ST S, TBPS] MOTOR VEHICLE COLLISION MVC NO INJURIES,Traffic,MOTOR VEHICLE COLLISION
TB23047427,"11/20/2023, 10:50:43 PM","11/21/2023, 2:02:48 PM",THUNDER BAY,ON,P7E 1V8,SPRAGUE ST AND CHRISTINA ST E, TBPS] MOTOR VEHICLE COLLISION MVC NO INJURIES,Traffic,MOTOR VEHICLE COLLISION
TB23047443,"11/21/2023, 12:57:17 AM","11/21/2023, 2:02:48 PM",THUNDER BAY,ON,P7A 4T8,1 Block COURT ST N, TBPS] THEFT SUSP STILL PRESENT OR MAY BE IN AREA,Other Theft,THEFT
TB23047444,"11/21/2023, 1:05:32 AM","11/21/2023, 2:02:48 PM",THUNDER BAY,ON,P7E 5R8,600 Block ARTHUR ST W, TBPS] ASSAULT SUSP PRESENT OR IN AREA,Assault,ASSAULT
TB23047448,"11/21/2023, 1:24:34 AM","11/21/2023, 2:02:48 PM",THUNDER BAY,ON,P7B 6S2,700 Block MEMORIAL AV, TBPS] THEFT SUSP STILL PRESENT OR MAY BE IN AREA,Other Theft,THEFT
TB23047450,"11/21/2023, 2:24:02 AM","11/21/2023, 2:02:48 PM",THUNDER BAY,ON,P7B,CORNWALL AV AND HIGH ST S," TBPS] MISCHIEF IP/SUSP IN AREA, UNDER 5,000",Other Property Crime,MISCHIEF
TB23047364,"11/20/2023, 4:06:20 PM","11/21/2023, 2:02:49 PM",THUNDER BAY,ON,P7G 1B6,600 Block VIENNA ST," TBPS] MISCHIEF 11-10, MICHIEF UNDER 5000",Other Property Crime,MISCHIEF
TB23047367,"11/20/2023, 4:12:39 PM","11/21/2023, 2:02:49 PM",THUNDER BAY,ON,P7G 1B6,600 Block VIENNA ST," TBPS] MISCHIEF 11-10, MICHIEF UNDER 5000",Other Property Crime,MISCHIEF
TB23047368,"11/20/2023, 4:15:40 PM","11/21/2023, 2:02:49 PM",THUNDER BAY,ON,P7E 4L2,JAMES ST S AND MARY ST W, TBPS] MOTOR VEHICLE COLLISION MVC NO INJURIES,Traffic,MOTOR VEHICLE COLLISION
TB23047370,"11/20/2023, 4:19:28 PM","11/21/2023, 2:02:49 PM",THUNDER BAY,ON,P7G 1B6,600 Block VIENNA ST," TBPS] MISCHIEF 11-10, MICHIEF UNDER 5000",Other Property Crime,MISCHIEF
TB23047373,"11/20/2023, 4:26:28 PM","11/21/2023, 2:02:49 PM",THUNDER BAY,ON,P7G 1B6,600 Block VIENNA ST," TBPS] MISCHIEF 11-10, MICHIEF UNDER 5000",Other Property Crime,MISCHIEF
TB23047400,"11/20/2023, 7:19:38 PM","11/21/2023, 2:02:49 PM",THUNDER BAY,ON,P7E 5R4,500 Block ARTHUR ST W, TBPS] MOTOR VEHICLE COLLISION 11-10 MVC ANY TYPE,Other,MOTOR VEHICLE COLLISION
TB23047386,"11/20/2023, 6:02:44 PM","11/21/2023, 2:02:49 PM",THUNDER BAY,ON,P7C 1E1,VICTORIA AV E AND WATERLOO ST N, TBPS] MOTOR VEHICLE COLLISION 11-10 MVC ANY TYPE,Other,MOTOR VEHICLE COLLISION
TB23047389,"11/20/2023, 6:36:47 PM","11/21/2023, 2:02:49 PM",THUNDER BAY,ON,P7G 1E5,1400 Block HUTTON PARK DR, TBPS] B-E BUS/RES/OTH SUSP PRESENT OR MAY STILL BE IN AREA,Breaking & Entering,B-E BUS/RES/OTH
TB23047403,"11/20/2023, 7:40:23 PM","11/21/2023, 2:02:49 PM",THUNDER BAY,ON,P7B 2A9,PICCADILLY AV AND VALLEY ST, TBPS] MOTOR VEHICLE COLLISION 11-10 MVC ANY TYPE,Other,MOTOR VEHICLE COLLISION
TB23047406,"11/20/2023, 7:44:53 PM","11/21/2023, 2:02:49 PM",THUNDER BAY,ON,P7B 5J4,1000 Block DAWSON RD, TBPS] MOTOR VEHICLE COLLISION 11-10 MVC ANY TYPE,Other,MOTOR VEHICLE COLLISION
TB23047417,"11/20/2023, 8:27:23 PM","11/21/2023, 2:02:49 PM",THUNDER BAY,ON,P7A 5S3,300 Block HIGH ST N, TBPS] ASSAULT ACCUSED NOT PRESENT,Assault,ASSAULT
TB23047326,"11/20/2023, 7:12:43 AM","11/21/2023, 2:02:50 PM",THUNDER BAY,ON,P7B 4B8,200 Block MCKIBBIN ST, TBPS] MOTOR VEHICLE COLLISION MVC NO INJURIES,Traffic,MOTOR VEHICLE COLLISION
TB23047341,"11/20/2023, 1:58:38 PM","11/21/2023, 2:02:50 PM",THUNDER BAY,ON,P7E 5P1,ARTHUR ST E AND FORD ST S, TBPS] MOTOR VEHICLE COLLISION 11-10 MVC ANY TYPE,Other,MOTOR VEHICLE COLLISION
TB23047342,"11/20/2023, 2:09:06 PM","11/21/2023, 2:02:50 PM",THUNDER BAY,ON,P7B 3Z7,700 Block MEMORIAL AV, TBPS] MOTOR VEHICLE COLLISION 11-10 MVC ANY TYPE,Other,MOTOR VEHICLE COLLISION
TB23047343,"11/20/2023, 2:13:35 PM","11/21/2023, 2:02:50 PM",THUNDER BAY,ON,P7B 5Z5,1200 Block BALMORAL ST," TBPS] THEFT NOT IN PROGRESS, OVER 5000",Other Theft,THEFT
TB23047349,"11/20/2023, 2:48:07 PM","11/21/2023, 2:02:50 PM",THUNDER BAY,ON,P7K 1N6,1000 Block VICTOR ST," TBPS] THEFT NOT IN PROGRESS, OVER 5000",Other Theft,THEFT
TB23047345,"11/20/2023, 2:19:53 PM","11/21/2023, 2:02:50 PM",THUNDER BAY,ON,P7B 5L6,300 Block MAIN ST, TBPS] MOTOR VEHICLE COLLISION 11-10 MVC ANY TYPE,Other,MOTOR VEHICLE COLLISION
TB23047344,"11/20/2023, 2:14:44 PM","11/21/2023, 2:02:50 PM",THUNDER BAY,ON,P7B 6S2,700 Block MEMORIAL AV, TBPS] MOTOR VEHICLE COLLISION 11-10 MVC ANY TYPE,Other,MOTOR VEHICLE COLLISION
TB23047350,"11/20/2023, 3:01:28 PM","11/21/2023, 2:02:50 PM",THUNDER BAY,ON,P7B 5E1,OLIVER RD AND SANDERS DR, TBPS] MOTOR VEHICLE COLLISION 11-10 MVC ANY TYPE,Other,MOTOR VEHICLE COLLISION
TB23047351,"11/20/2023, 3:14:28 PM","11/21/2023, 2:02:50 PM",THUNDER BAY,ON,P7C 1B6,VICKERS ST N AND VICTORIA AV E, TBPS] MOTOR VEHICLE COLLISION 11-10 MVC ANY TYPE,Other,MOTOR VEHICLE COLLISION
TB23047356,"11/20/2023, 3:38:04 PM","11/21/2023, 2:02:50 PM",THUNDER BAY,ON,P7E 6N7,1500 Block JAMES ST S, TBPS] MOTOR VEHICLE COLLISION 11-10 MVC ANY TYPE,Other,MOTOR VEHICLE COLLISION
TB23047354,"11/20/2023, 3:30:42 PM","11/21/2023, 2:02:50 PM",THUNDER BAY,ON,P7B 6Z8,1400 Block NAKINA DR, TBPS] MOTOR VEHICLE COLLISION 11-10 MVC ANY TYPE,Other,MOTOR VEHICLE COLLISION
TB23047357,"11/20/2023, 3:41:55 PM","11/21/2023, 2:02:50 PM",THUNDER BAY,ON,P7E 5S2,1100 Block ARTHUR ST W, TBPS] MOTOR VEHICLE COLLISION 11-10 MVC ANY TYPE,Other,MOTOR VEHICLE COLLISION
TB23047359,"11/20/2023, 3:46:00 PM","11/21/2023, 2:02:50 PM",THUNDER BAY,ON,P7C 3K2,700 Block SIMPSON ST, TBPS] MOTOR VEHICLE COLLISION MVC NO INJURIES,Traffic,MOTOR VEHICLE COLLISION
TB23047363,"11/20/2023, 4:05:30 PM","11/21/2023, 2:02:50 PM",THUNDER BAY,ON,P7G 1B6,600 Block VIENNA ST," TBPS] MISCHIEF 11-10, MICHIEF UNDER 5000",Other Property Crime,MISCHIEF
TB23047365,"11/20/2023, 4:08:56 PM","11/21/2023, 2:02:50 PM",THUNDER BAY,ON,P7G 1B6,600 Block VIENNA ST," TBPS] MISCHIEF 11-10, MICHIEF UNDER 5000",Other Property Crime,MISCHIEF
TB23047565,"11/21/2023, 10:53:15 PM","11/22/2023, 2:02:17 PM",THUNDER BAY,ON,P7A 4M2,100 Block CUMBERLAND ST N, TBPS] ASSAULT ACCUSED NOT PRESENT,Assault,ASSAULT
TB23047575,"11/22/2023, 12:23:48 AM","11/22/2023, 2:02:17 PM",THUNDER BAY,ON,P7B 5Z5,1200 Block BALMORAL ST," TBPS] MISCHIEF 11-10, MICHIEF UNDER 5000",Other Property Crime,MISCHIEF
TB23047578,"11/22/2023, 12:51:19 AM","11/22/2023, 2:02:17 PM",THUNDER BAY,ON,P7B,THUNDER BAY EXPRESSWAY AND OLIVER RD, TBPS] MOTOR VEHICLE COLLISION JAWS REQD - DUAL RESP,Traffic,MOTOR VEHICLE COLLISION
TB23047580,"11/22/2023, 1:33:02 AM","11/22/2023, 2:02:17 PM",THUNDER BAY,ON,P7B 2Z2,300 Block FORT WILLIAM RD, TBPS] THEFT SUSP STILL PRESENT OR MAY BE IN AREA,Other Theft,THEFT
TB23047583,"11/22/2023, 2:11:47 AM","11/22/2023, 2:02:17 PM",THUNDER BAY,ON,P7C 3X8,100 Block CENTENNIAL SQ, TBPS] THEFT SUSP STILL PRESENT OR MAY BE IN AREA,Other Theft,THEFT
TB23047600,"11/22/2023, 4:49:05 AM","11/22/2023, 2:02:17 PM",THUNDER BAY,ON,P7E 5V3,500 Block DONALD ST E, TBPS] ASSAULT SUSP PRESENT OR IN AREA,Assault,ASSAULT
TB23047502,"11/21/2023, 1:27:45 PM","11/22/2023, 2:02:18 PM",THUNDER BAY,ON,P7C 5E8,800 Block ATLANTIC AV, TBPS] B-E BUS/RES/OTH SUSP PRESENT OR MAY STILL BE IN AREA,Breaking & Entering,B-E BUS/RES/OTH
TB23047506,"11/21/2023, 2:33:21 PM","11/22/2023, 2:02:18 PM",THUNDER BAY,ON,P7B 1N6,400 Block DUFFERIN ST, TBPS] STOLEN VEHICLE SUSP NOT IN AREA,Theft of Vehicle,STOLEN VEHICLE
TB23047545,"11/21/2023, 8:14:43 PM","11/22/2023, 2:02:18 PM",THUNDER BAY,ON,P7B 1V7,300 Block WINDSOR ST, TBPS] ASSAULT ACCUSED NOT PRESENT,Assault,ASSAULT
TB23047515,"11/21/2023, 5:01:51 PM","11/22/2023, 2:02:18 PM",THUNDER BAY,ON,P7B,MEMORIAL AV AND HARBOUR EXPRESSWAY, TBPS] MOTOR VEHICLE COLLISION MVC NO INJURIES,Traffic,MOTOR VEHICLE COLLISION
TB23047527,"11/21/2023, 6:27:16 PM","11/22/2023, 2:02:18 PM",THUNDER BAY,ON,P7B 3Y2,300 Block MEMORIAL AV, TBPS] THEFT SUSP STILL PRESENT OR MAY BE IN AREA,Other Theft,THEFT
TB23047551,"11/21/2023, 8:30:03 PM","11/22/2023, 2:02:18 PM",THUNDER BAY,ON,P7B 3A7,1 Block ALGOMA ST S," TBPS] MISCHIEF 11-10, MICHIEF OVER 5000",Other Property Crime,MISCHIEF
TB23047552,"11/21/2023, 8:50:44 PM","11/22/2023, 2:02:18 PM",THUNDER BAY,ON,P7E 5Y8,400 Block GEORGE ST, TBPS] ASSAULT SUSP PRESENT OR IN AREA,Assault,ASSAULT
TB23047573,"11/22/2023, 12:02:01 AM","11/22/2023, 2:02:18 PM",THUNDER BAY,ON,P7B 3Z8,700 Block MEMORIAL AV, TBPS] ASSAULT SUSP PRESENT OR IN AREA,Assault,ASSAULT
TB23047593,"11/22/2023, 2:51:41 AM","11/22/2023, 2:02:18 PM",THUNDER BAY,ON,P7C 2G3,100 Block BETHUNE ST," TBPS] MISCHIEF IP/SUSP IN AREA, UNDER 5,000",Other Property Crime,MISCHIEF
TB23047346,"11/20/2023, 2:27:37 PM","11/22/2023, 2:02:19 PM",THUNDER BAY,ON,P7A 3S4,600 Block RIVER ST, TBPS] ASSAULT ACCUSED NOT PRESENT,Assault,ASSAULT
TB23047391,"11/20/2023, 6:42:37 PM","11/22/2023, 2:02:19 PM",THUNDER BAY,ON,P7B 5R8,100 Block CUMBERLAND ST S, TBPS] B-E BUS/RES/OTH 11-10,Breaking & Entering,B-E BUS/RES/OTH
TB23047489,"11/21/2023, 9:31:08 AM","11/22/2023, 2:02:19 PM",THUNDER BAY,ON,P7C 3P9,300 Block MAY ST N, TBPS] ASSAULT ACCUSED NOT PRESENT,Assault,ASSAULT
TB23047746,"11/23/2023, 4:17:50 AM","11/23/2023, 2:02:13 PM",THUNDER BAY,ON,P7B 5R8,100 Block CUMBERLAND ST S, TBPS] THEFT SUSP STILL PRESENT OR MAY BE IN AREA,Other Theft,THEFT
TB23047751,"11/23/2023, 5:02:33 AM","11/23/2023, 2:02:13 PM",THUNDER BAY,ON,P7A 4K8,1 Block CUMBERLAND ST N, TBPS] LIQUOR LICENCE ACT LIQUOR LICENCE ACT VIOLATION IN PROGRESS,Quality of Life,LIQUOR LICENCE ACT
TB23047754,"11/23/2023, 5:47:53 AM","11/23/2023, 2:02:13 PM",THUNDER BAY,ON,P7A 4L2,1 Block CUMBERLAND ST N, TBPS] ASSAULT SUSP PRESENT OR IN AREA,Assault,ASSAULT
TB23047696,"11/22/2023, 9:00:00 PM","11/23/2023, 2:02:14 PM",THUNDER BAY,ON,P7E 1T9,600 Block SELKIRK ST S, TBPS] ASSAULT ACCUSED NOT PRESENT,Assault,ASSAULT
TB23047690,"11/22/2023, 9:08:53 PM","11/23/2023, 2:02:14 PM",THUNDER BAY,ON,P7E 6G3,300 Block YONGE CT, TBPS] B-E BUS/RES/OTH SUSP PRESENT OR MAY STILL BE IN AREA,Breaking & Entering,B-E BUS/RES/OTH
TB23047697,"11/22/2023, 9:51:28 PM","11/23/2023, 2:02:14 PM",THUNDER BAY,ON,P7B 3A3,1 Block AV AND FORT WILLIAM RD, TBPS] MOTOR VEHICLE COLLISION 11-10 MVC ANY TYPE,Other,MOTOR VEHICLE COLLISION
TB23047717,"11/22/2023, 11:51:27 PM","11/23/2023, 2:02:14 PM",THUNDER BAY,ON,P7C 4T2,400 Block JAMES ST N, TBPS] MOTOR VEHICLE COLLISION MVC NO INJURIES,Traffic,MOTOR VEHICLE COLLISION
TB23047721,"11/23/2023, 12:30:35 AM","11/23/2023, 2:02:14 PM",THUNDER BAY,ON,P7A 4N3,100 Block CUMBERLAND ST N," TBPS] THEFT NOT IN PROGRESS, UNDER 5000",Other Theft,THEFT
TB23047749,"11/23/2023, 4:33:36 AM","11/23/2023, 2:02:14 PM",THUNDER BAY,ON,P7B 5J4,1000 Block DAWSON RD, TBPS] LIQUOR LICENCE ACT LIQUOR LICENCE ACT VIOLATION IN PROGRESS,Quality of Life,LIQUOR LICENCE ACT
TB23047758,"11/23/2023, 6:32:02 AM","11/23/2023, 2:02:14 PM",THUNDER BAY,ON,P7C 1A5,400 Block VICTORIA AV E, TBPS] B-E BUS/RES/OTH SUSP PRESENT OR MAY STILL BE IN AREA,Breaking & Entering,B-E BUS/RES/OTH
TB23047635,"11/22/2023, 2:35:38 PM","11/23/2023, 2:02:15 PM",THUNDER BAY,ON,P7J 1A2,2400 Block 15TH SIDE RD, TBPS] MOTOR VEHICLE COLLISION MVC NO INJURIES,Traffic,MOTOR VEHICLE COLLISION
TB23047638,"11/22/2023, 2:50:19 PM","11/23/2023, 2:02:15 PM",THUNDER BAY,ON,P7E 6T7,600 Block DOCK ST, TBPS] B-E BUS/RES/OTH 11-10,Breaking & Entering,B-E BUS/RES/OTH
TB23047640,"11/22/2023, 3:42:47 PM","11/23/2023, 2:02:15 PM",THUNDER BAY,ON,.,MEMORIAL AV AND QUEEN ST, TBPS] MOTOR VEHICLE COLLISION 11-10 MVC ANY TYPE,Other,MOTOR VEHICLE COLLISION
TB23047641,"11/22/2023, 3:47:25 PM","11/23/2023, 2:02:15 PM",THUNDER BAY,ON,P7E 5R9,700 Block ARTHUR ST W, TBPS] THEFT SUSP STILL PRESENT OR MAY BE IN AREA,Other Theft,THEFT
TB23047652,"11/22/2023, 4:55:42 PM","11/23/2023, 2:02:15 PM",THUNDER BAY,ON,P7B 1Z7,700 Block JOHN ST, TBPS] ASSAULT SUSP PRESENT OR IN AREA,Assault,ASSAULT
TB23047665,"11/22/2023, 6:06:21 PM","11/23/2023, 2:02:15 PM",THUNDER BAY,ON,P7E 1J8,400 Block VICKERS ST S, TBPS] DRUG OFFENCES SUSP PRESENT OR MAY STILL BE IN AREA,Quality of Life,DRUG OFFENCES
TB23047725,"11/23/2023, 1:09:26 AM","11/23/2023, 2:02:15 PM",THUNDER BAY,ON,P7B 2E5,BALMORAL ST AND HARTLAND ST, TBPS] MOTOR VEHICLE COLLISION MVC NO INJURIES,Traffic,MOTOR VEHICLE COLLISION
TB23047612,"11/22/2023, 6:21:17 AM","11/23/2023, 2:02:16 PM",THUNDER BAY,ON,P7E 1E4,400 Block SYNDICATE AV S," TBPS] MISCHIEF IP/SUSP IN AREA, UNDER 5,000",Other Property Crime,MISCHIEF
TB23047900,"11/24/2023, 4:36:05 AM","11/24/2023, 2:03:05 PM",THUNDER BAY,ON,P7C 5R1,100 Block BRESCIA CT, TBPS] MOTOR VEHICLE COLLISION MVC NO INJURIES,Traffic,MOTOR VEHICLE COLLISION
TB23047905,"11/24/2023, 5:39:38 AM","11/24/2023, 2:03:05 PM",THUNDER BAY,ON,P7C 5N4,400 Block BALMORAL ST, TBPS] LIQUOR LICENCE ACT LIQUOR LICENCE ACT VIOLATION IN PROGRESS,Quality of Life,LIQUOR LICENCE ACT
TB23047799,"11/23/2023, 5:31:33 PM","11/24/2023, 2:03:06 PM",THUNDER BAY,ON,P7B 5W2,ACADEMY DR AND BALMORAL ST, TBPS] MOTOR VEHICLE COLLISION MVC NO INJURIES,Traffic,MOTOR VEHICLE COLLISION
TB23047812,"11/23/2023, 6:51:58 PM","11/24/2023, 2:03:06 PM",THUNDER BAY,ON,P7E 3V4,100 Block FREDERICA ST E, TBPS] ROBBERY NO WEAPONS - SUSP STILL IN AREA,Robbery,ROBBERY
TB23047826,"11/23/2023, 8:59:02 PM","11/24/2023, 2:03:06 PM",THUNDER BAY,ON,P7B 6B9,1000 Block FORT WILLIAM RD," TBPS] SEXUAL ASSAULT JUST OCCURRED, ACCUSED NOT PRESENT",Other,SEXUAL ASSAULT
TB23047844,"11/23/2023, 10:35:57 PM","11/24/2023, 2:03:06 PM",THUNDER BAY,ON,P7A 4Z6,CAMELOT ST AND ALGOMA ST N, TBPS] MOTOR VEHICLE COLLISION MVC NO INJURIES,Traffic,MOTOR VEHICLE COLLISION
TB23047770,"11/23/2023, 11:10:55 AM","11/24/2023, 2:03:07 PM",THUNDER BAY,ON,P7E 5E3,100 Block ISABELLA ST W, TBPS] B-E BUS/RES/OTH SUSP PRESENT OR MAY STILL BE IN AREA,Breaking & Entering,B-E BUS/RES/OTH
TB23047790,"11/23/2023, 3:58:22 PM","11/24/2023, 2:03:07 PM",THUNDER BAY,ON,P7A 2K6,200 Block MACDOUGALL ST, TBPS] DRUG OFFENCES SUSP PRESENT OR MAY STILL BE IN AREA,Quality of Life,DRUG OFFENCES
TB23047807,"11/23/2023, 6:05:42 PM","11/24/2023, 2:03:07 PM",THUNDER BAY,ON,P7C 2H9,200 Block DEASE ST," TBPS] MISCHIEF 11-10, MICHIEF UNDER 5000",Other Property Crime,MISCHIEF
TB23047818,"11/23/2023, 8:14:18 PM","11/24/2023, 2:03:07 PM",THUNDER BAY,ON,P7A 7V6,500 Block LANARK CR, TBPS] MOTOR VEHICLE COLLISION 11-10 MVC ANY TYPE,Other,MOTOR VEHICLE COLLISION
TB23047994,"11/24/2023, 10:20:39 PM","11/25/2023, 2:02:35 PM",THUNDER BAY,ON,P7C 3P8,200 Block MAY ST N, TBPS] ASSAULT SUSP PRESENT OR IN AREA,Assault,ASSAULT
TB23047995,"11/24/2023, 10:22:43 PM","11/25/2023, 2:02:35 PM",THUNDER BAY,ON,P7A 4K8,1 Block CUMBERLAND ST N, TBPS] LIQUOR LICENCE ACT LIQUOR LICENCE ACT VIOLATION IN PROGRESS,Quality of Life,LIQUOR LICENCE ACT
TB23047999,"11/24/2023, 11:10:26 PM","11/25/2023, 2:02:35 PM",THUNDER BAY,ON,P7E 5Y8,400 Block GEORGE ST, TBPS] LIQUOR LICENCE ACT LIQUOR LICENCE ACT VIOLATION IN PROGRESS,Quality of Life,LIQUOR LICENCE ACT
TB23048004,"11/24/2023, 11:38:25 PM","11/25/2023, 2:02:35 PM",THUNDER BAY,ON,P7B 3Z5,600 Block MEMORIAL AV," TBPS] MISCHIEF IP/SUSP IN AREA, UNDER 5,000",Other Property Crime,MISCHIEF
TB23048011,"11/25/2023, 12:33:40 AM","11/25/2023, 2:02:35 PM",THUNDER BAY,ON,P7A 4T8,1 Block COURT ST N, TBPS] THEFT SUSP STILL PRESENT OR MAY BE IN AREA,Other Theft,THEFT
TB23048020,"11/25/2023, 1:59:45 AM","11/25/2023, 2:02:35 PM",THUNDER BAY,ON,P7A 3Y6,300 Block TUPPER ST, TBPS] ASSAULT SUSP PRESENT OR IN AREA,Assault,ASSAULT
TB23048023,"11/25/2023, 2:22:47 AM","11/25/2023, 2:02:35 PM",THUNDER BAY,ON,P7B 1E7,PEARL ST AND ALGOMA ST S, TBPS] MOTOR VEHICLE COLLISION MVC - AMB ENR - DUAL RESP,Other,MOTOR VEHICLE COLLISION
TB23048026,"11/25/2023, 2:44:49 AM","11/25/2023, 2:02:35 PM",THUNDER BAY,ON,P7E 5R2,JAMES ST S AND ARTHUR ST W, TBPS] MOTOR VEHICLE COLLISION MVC NO INJURIES,Traffic,MOTOR VEHICLE COLLISION
TB23048043,"11/25/2023, 5:18:53 AM","11/25/2023, 2:02:35 PM",THUNDER BAY,ON,P7J 1E8,2300 Block 61 HWY, TBPS] ASSAULT ACCUSED NOT PRESENT,Assault,ASSAULT
TB23047962,"11/24/2023, 7:05:20 PM","11/25/2023, 2:02:36 PM",THUNDER BAY,ON,P7B,MEMORIAL AV AND HARBOUR EXPRESSWAY, TBPS] MOTOR VEHICLE COLLISION MVC NO INJURIES,Traffic,MOTOR VEHICLE COLLISION
TB23047966,"11/24/2023, 7:37:30 PM","11/25/2023, 2:02:36 PM",THUNDER BAY,ON,P7A 4L2,1 Block CUMBERLAND ST N," TBPS] THEFT IN PROGRESS, OVER 50000",Other Theft,THEFT
TB23047985,"11/24/2023, 9:29:42 PM","11/25/2023, 2:02:36 PM",THUNDER BAY,ON,P7E 4Z2,1800 Block MOODIE ST E," TBPS] THEFT NOT IN PROGRESS, FROM MOTOR VEHICLE",Theft from Vehicle,THEFT
TB23048001,"11/24/2023, 11:21:08 PM","11/25/2023, 2:02:36 PM",THUNDER BAY,ON,P7B 4W8,1 Block CLARKSON ST S," TBPS] THEFT NOT IN PROGRESS, UNDER 5000",Other Theft,THEFT
TB23048013,"11/25/2023, 12:43:11 AM","11/25/2023, 2:02:36 PM",THUNDER BAY,ON,P7B 6B9,1000 Block FORT WILLIAM RD, TBPS] MOTOR VEHICLE COLLISION MVC NO INJURIES,Traffic,MOTOR VEHICLE COLLISION
TB23047869,"11/24/2023, 12:57:53 AM","11/25/2023, 2:02:37 PM",THUNDER BAY,ON,P7A 2K6,200 Block MACDOUGALL ST, TBPS] ASSAULT ACCUSED NOT PRESENT,Assault,ASSAULT
TB23048128,"11/25/2023, 10:04:18 PM","11/26/2023, 2:02:28 PM",THUNDER BAY,ON,P7C 2W4,NORTHERN AV AND VICKERS ST N, TBPS] MOTOR VEHICLE COLLISION MVC NO INJURIES,Traffic,MOTOR VEHICLE COLLISION
TB23048131,"11/25/2023, 11:08:03 PM","11/26/2023, 2:02:28 PM",THUNDER BAY,ON,P7B 6B9,1000 Block FORT WILLIAM RD, TBPS] ASSAULT SUSP PRESENT OR IN AREA,Assault,ASSAULT
TB23048133,"11/25/2023, 11:42:00 PM","11/26/2023, 2:02:28 PM",THUNDER BAY,ON,P7B 6B9,1000 Block FORT WILLIAM RD, TBPS] ASSAULT SUSP PRESENT OR IN AREA,Assault,ASSAULT
TB23048144,"11/26/2023, 12:42:42 AM","11/26/2023, 2:02:28 PM",THUNDER BAY,ON,P7A 4S7,1 Block BENDELL ST, TBPS] B-E BUS/RES/OTH SUSP PRESENT OR MAY STILL BE IN AREA,Breaking & Entering,B-E BUS/RES/OTH
TB23048145,"11/26/2023, 12:54:32 AM","11/26/2023, 2:02:28 PM",THUNDER BAY,ON,P7C 4S5,100 Block LIMBRICK ST," TBPS] THEFT NOT IN PROGRESS, FROM MOTOR VEHICLE",Theft from Vehicle,THEFT
TB23048148,"11/26/2023, 1:31:43 AM","11/26/2023, 2:02:28 PM",THUNDER BAY,ON,P7K 1C5,ARTHUR ST W AND 20TH SIDE RD, TBPS] MOTOR VEHICLE COLLISION MVC NO INJURIES,Traffic,MOTOR VEHICLE COLLISION
TB23048153,"11/26/2023, 2:10:04 AM","11/26/2023, 2:02:28 PM",THUNDER BAY,ON,P7E 5M8,900 Block ARTHUR ST E, TBPS] MOTOR VEHICLE COLLISION MVC - AMB ENR - DUAL RESP,Other,MOTOR VEHICLE COLLISION
TB23048157,"11/26/2023, 2:41:23 AM","11/26/2023, 2:02:28 PM",THUNDER BAY,ON,P7A 7W6,100 Block COADY AV, TBPS] ASSAULT SUSP PRESENT OR IN AREA,Assault,ASSAULT
TB23048162,"11/26/2023, 3:46:43 AM","11/26/2023, 2:02:28 PM",THUNDER BAY,ON,P7B 5L6,300 Block MAIN ST, TBPS] ASSAULT SUSP PRESENT OR IN AREA,Assault,ASSAULT
TB23048163,"11/26/2023, 3:54:31 AM","11/26/2023, 2:02:28 PM",THUNDER BAY,ON,P7E 3W5,400 Block FREDERICA ST W," TBPS] MISCHIEF IP/SUSP IN AREA, UNDER 5,000",Other Property Crime,MISCHIEF
TB23048174,"11/26/2023, 6:04:58 AM","11/26/2023, 2:02:28 PM",THUNDER BAY,ON,P7A 4Z5,DAWSON ST AND ALGOMA ST N, TBPS] ROBBERY NO WEAPONS - SUSP STILL IN AREA,Robbery,ROBBERY
TB23048175,"11/26/2023, 6:12:26 AM","11/26/2023, 2:02:28 PM",THUNDER BAY,ON,P7A 2K6,200 Block MACDOUGALL ST, TBPS] ASSAULT ACCUSED NOT PRESENT,Assault,ASSAULT
TB23048107,"11/25/2023, 7:05:30 PM","11/26/2023, 2:02:29 PM",THUNDER BAY,ON,P7B 1S1,ALGOMA ST S AND BAY ST, TBPS] MOTOR VEHICLE COLLISION MVC - AMB ENR - DUAL RESP,Other,MOTOR VEHICLE COLLISION
TB23048109,"11/25/2023, 7:16:00 PM","11/26/2023, 2:02:29 PM",THUNDER BAY,ON,P7B 2A3,1200 Block JOHN ST. RD, TBPS] MOTOR VEHICLE COLLISION VEHICLE LEAKING FLUIDS - DUAL RESP,Traffic,MOTOR VEHICLE COLLISION
TB23048111,"11/25/2023, 7:53:51 PM","11/26/2023, 2:02:29 PM",THUNDER BAY,ON,P7B 5L6,300 Block MAIN ST, TBPS] THEFT SUSP STILL PRESENT OR MAY BE IN AREA,Other Theft,THEFT
TB23048116,"11/25/2023, 8:27:41 PM","11/26/2023, 2:02:29 PM",THUNDER BAY,ON,P7B 3E3,100 Block SECORD ST," TBPS] THEFT NOT IN PROGRESS, UNDER 5000",Other Theft,THEFT
TB23047836,"11/23/2023, 10:17:28 PM","11/26/2023, 2:02:30 PM",THUNDER BAY,ON,P7E 5R7,500 Block ARTHUR ST W, TBPS] MOTOR VEHICLE COLLISION 11-10 MVC ANY TYPE,Other,MOTOR VEHICLE COLLISION
TB23048078,"11/25/2023, 4:05:32 PM","11/26/2023, 2:02:30 PM",THUNDER BAY,ON,P7B 2W5,1 Block COURT ST S," TBPS] THEFT NOT IN PROGRESS, UNDER 5000",Other Theft,THEFT
TB23048195,"11/26/2023, 5:28:06 PM","11/27/2023, 2:02:55 PM",THUNDER BAY,ON,P7A 4K8,1 Block CUMBERLAND ST N, TBPS] DRUG OFFENCES SUSP PRESENT OR MAY STILL BE IN AREA,Quality of Life,DRUG OFFENCES
TB23048212,"11/26/2023, 9:59:33 PM","11/27/2023, 2:02:55 PM",THUNDER BAY,ON,P7B 5V1,DAWSON RD AND STRAND AV, TBPS] MOTOR VEHICLE COLLISION MVC NO INJURIES,Traffic,MOTOR VEHICLE COLLISION
TB23048218,"11/26/2023, 10:36:27 PM","11/27/2023, 2:02:55 PM",THUNDER BAY,ON,P7B 5E4,1 Block SIDE RD AND ARTHUR ST W, TBPS] MOTOR VEHICLE COLLISION MVC NO INJURIES,Traffic,MOTOR VEHICLE COLLISION
TB23048219,"11/26/2023, 10:36:27 PM","11/27/2023, 2:02:55 PM",THUNDER BAY,ON,P7B 5E4,1 Block SIDE RD AND ARTHUR ST W, TBPS] MOTOR VEHICLE COLLISION MVC NO INJURIES,Traffic,MOTOR VEHICLE COLLISION
TB23048226,"11/26/2023, 11:46:36 PM","11/27/2023, 2:02:55 PM",THUNDER BAY,ON,P7B,HILLDALE RD AND DAWSON RD, TBPS] MOTOR VEHICLE COLLISION MVC NO INJURIES,Traffic,MOTOR VEHICLE COLLISION
TB23048229,"11/27/2023, 12:11:20 AM","11/27/2023, 2:02:55 PM",THUNDER BAY,ON,P0T 2G0,4700 Block OLIVER RD, TBPS] MOTOR VEHICLE COLLISION MVC NO INJURIES,Traffic,MOTOR VEHICLE COLLISION
TB23048231,"11/27/2023, 12:21:46 AM","11/27/2023, 2:02:55 PM",THUNDER BAY,ON,P7A 7R4,300 Block BRANT ST," TBPS] MISCHIEF IP/SUSP IN AREA, UNDER 5,000",Other Property Crime,MISCHIEF
TB23048233,"11/27/2023, 1:18:44 AM","11/27/2023, 2:02:55 PM",THUNDER BAY,ON,P7C 1G9,400 Block VICTORIA AV W, TBPS] MOTOR VEHICLE COLLISION MVC NO INJURIES,Traffic,MOTOR VEHICLE COLLISION
TB23048237,"11/27/2023, 2:15:25 AM","11/27/2023, 2:02:55 PM",THUNDER BAY,ON,P7A 2P6,ALBANY ST AND CONMEE ST, TBPS] MOTOR VEHICLE COLLISION MVC - AMB ENR - DUAL RESP,Other,MOTOR VEHICLE COLLISION
TB23048239,"11/27/2023, 2:18:56 AM","11/27/2023, 2:02:55 PM",THUNDER BAY,ON,P7B 1V7,300 Block WINDSOR ST, TBPS] STOLEN VEHICLE SUSP NOT IN AREA,Theft of Vehicle,STOLEN VEHICLE
TB23048244,"11/27/2023, 3:27:37 AM","11/27/2023, 2:02:55 PM",THUNDER BAY,ON,P7B 6S2,700 Block MEMORIAL AV, TBPS] ROBBERY NO WEAPONS - SUSP STILL IN AREA,Robbery,ROBBERY
TB23048245,"11/27/2023, 3:38:10 AM","11/27/2023, 2:02:55 PM",THUNDER BAY,ON,P7B 5J4,1000 Block DAWSON RD, TBPS] LIQUOR LICENCE ACT LIQUOR LICENCE ACT VIOLATION IN PROGRESS,Quality of Life,LIQUOR LICENCE ACT
TB23048246,"11/27/2023, 3:39:51 AM","11/27/2023, 2:02:55 PM",THUNDER BAY,ON,P7B 6S2,700 Block MEMORIAL AV, TBPS] LIQUOR LICENCE ACT LIQUOR LICENCE ACT VIOLATION IN PROGRESS,Quality of Life,LIQUOR LICENCE ACT
TB23048258,"11/27/2023, 5:18:04 AM","11/27/2023, 2:02:55 PM",THUNDER BAY,ON,P7E 3C9,1100 Block CRAWFORD AV, TBPS] B-E BUS/RES/OTH SUSP PRESENT OR MAY STILL BE IN AREA,Breaking & Entering,B-E BUS/RES/OTH
TB23048115,"11/25/2023, 8:19:28 PM","11/27/2023, 2:02:56 PM",THUNDER BAY,ON,P7B 6S2,700 Block MEMORIAL AV, TBPS] MOTOR VEHICLE COLLISION 11-10 MVC ANY TYPE,Other,MOTOR VEHICLE COLLISION
TB23048160,"11/26/2023, 3:40:35 AM","11/27/2023, 2:02:56 PM",THUNDER BAY,ON,P7C 1A1,100 Block SIMPSON ST," TBPS] MISCHIEF 11-10, MICHIEF UNDER 5000",Other Property Crime,MISCHIEF
TB23048216,"11/26/2023, 10:13:55 PM","11/27/2023, 2:02:56 PM",THUNDER BAY,ON,P7G 1S9,5200 Block OLIVER RD, TBPS] MOTOR VEHICLE COLLISION MVC NO INJURIES,Traffic,MOTOR VEHICLE COLLISION
TB23048225,"11/26/2023, 11:46:09 PM","11/27/2023, 2:02:56 PM",THUNDER BAY,ON,P7A 8A4,HILLDALE PL AND DAWSON RD, TBPS] MOTOR VEHICLE COLLISION MVC NO INJURIES,Traffic,MOTOR VEHICLE COLLISION
TB23048228,"11/27/2023, 12:07:36 AM","11/27/2023, 2:02:56 PM",THUNDER BAY,ON,P7B 3K6,100 Block HIGH ST S, TBPS] MOTOR VEHICLE COLLISION MVC NO INJURIES,Traffic,MOTOR VEHICLE COLLISION
TB23048358,"11/27/2023, 10:49:31 PM","11/28/2023, 2:02:44 PM",THUNDER BAY,ON,P7B 7A5,1000 Block OLIVER RD, TBPS] MOTOR VEHICLE COLLISION MVC - AMB ENR - DUAL RESP,Other,MOTOR VEHICLE COLLISION
TB23048359,"11/27/2023, 10:49:58 PM","11/28/2023, 2:02:44 PM",THUNDER BAY,ON,P7B 7A5,1000 Block OLIVER RD, TBPS] MOTOR VEHICLE COLLISION MVC NO INJURIES,Traffic,MOTOR VEHICLE COLLISION
TB23048360,"11/27/2023, 11:14:29 PM","11/28/2023, 2:02:44 PM",THUNDER BAY,ON,P7B 3Z7,700 Block MEMORIAL AV, TBPS] MOTOR VEHICLE COLLISION MVC NO INJURIES,Traffic,MOTOR VEHICLE COLLISION
TB23048365,"11/28/2023, 12:23:47 AM","11/28/2023, 2:02:44 PM",THUNDER BAY,ON,P7C 4P7,400 Block EDWARD ST N," TBPS] THEFT NOT IN PROGRESS, UNDER 5000",Other Theft,THEFT
TB23048373,"11/28/2023, 1:42:44 AM","11/28/2023, 2:02:44 PM",THUNDER BAY,ON,P7B 2Z5,300 Block FORT WILLIAM RD, TBPS] MOTOR VEHICLE COLLISION MVC NO INJURIES,Traffic,MOTOR VEHICLE COLLISION
TB23048376,"11/28/2023, 2:26:53 AM","11/28/2023, 2:02:44 PM",THUNDER BAY,ON,P7B 5Z5,1200 Block BALMORAL ST," TBPS] THEFT NOT IN PROGRESS, UNDER 5000",Other Theft,THEFT
TB23048309,"11/27/2023, 5:52:45 PM","11/28/2023, 2:02:45 PM",THUNDER BAY,ON,P7A 5S3,300 Block HIGH ST N, TBPS] ASSAULT ACCUSED NOT PRESENT,Assault,ASSAULT
TB23048330,"11/27/2023, 7:37:39 PM","11/28/2023, 2:02:45 PM",THUNDER BAY,ON,P7B 3A6,900 Block FORT WILLIAM RD, TBPS] ROBBERY NO WEAPONS - SUSP STILL IN AREA,Robbery,ROBBERY
TB23048335,"11/27/2023, 8:20:29 PM","11/28/2023, 2:02:45 PM",THUNDER BAY,ON,P7B 2X7,100 Block COURT ST S," TBPS] THEFT NOT IN PROGRESS, FROM MOTOR VEHICLE",Theft from Vehicle,THEFT
TB23048343,"11/27/2023, 8:59:01 PM","11/28/2023, 2:02:45 PM",THUNDER BAY,ON,P7B 1K3,900 Block RED RIVER RD, TBPS] THEFT SUSP STILL PRESENT OR MAY BE IN AREA,Other Theft,THEFT
TB23048344,"11/27/2023, 9:02:46 PM","11/28/2023, 2:02:45 PM",THUNDER BAY,ON,P7E 2V3,500 Block ARTHUR ST W, TBPS] MOTOR VEHICLE COLLISION MVC NO INJURIES,Traffic,MOTOR VEHICLE COLLISION
TB23048357,"11/27/2023, 10:42:59 PM","11/28/2023, 2:02:45 PM",THUNDER BAY,ON,P7B 5A8,STRAND AV AND BRITTANY DR, TBPS] MOTOR VEHICLE COLLISION MVC NO INJURIES,Traffic,MOTOR VEHICLE COLLISION
TB23048364,"11/28/2023, 12:05:29 AM","11/28/2023, 2:02:45 PM",THUNDER BAY,ON,P7B 4S7,1 Block ALGONQUIN AV S, TBPS] B-E BUS/RES/OTH 11-10,Breaking & Entering,B-E BUS/RES/OTH
TB23048368,"11/28/2023, 12:50:07 AM","11/28/2023, 2:02:45 PM",THUNDER BAY,ON,P7B 3Y7,400 Block MEMORIAL AV, TBPS] ASSAULT ACCUSED NOT PRESENT,Assault,ASSAULT
TB23048384,"11/28/2023, 3:42:46 AM","11/28/2023, 2:02:45 PM",THUNDER BAY,ON,P7C 2G1,600 Block VALE CR," TBPS] THEFT NOT IN PROGRESS, FROM MOTOR VEHICLE",Theft from Vehicle,THEFT
TB23048110,"11/25/2023, 7:47:56 PM","11/28/2023, 2:02:46 PM",THUNDER BAY,ON,P7B 2T2,RED RIVER RD AND CUMBERLAND ST N, TBPS] MOTOR VEHICLE COLLISION 11-10 MVC ANY TYPE,Other,MOTOR VEHICLE COLLISION
TB23048285,"11/27/2023, 3:16:04 PM","11/28/2023, 2:02:46 PM",THUNDER BAY,ON,P7C 1E1,1800 Block VICTORIA AV E, TBPS] B-E BUS/RES/OTH 11-10,Breaking & Entering,B-E BUS/RES/OTH
TB23048298,"11/27/2023, 4:00:00 PM","11/28/2023, 2:02:46 PM",THUNDER BAY,ON,P7B 4W8,100 Block CLARKSON ST S, TBPS] MISCHIEF NIP GRAFFITTI,Other Property Crime,MISCHIEF
TB23048299,"11/27/2023, 5:07:40 PM","11/28/2023, 2:02:46 PM",THUNDER BAY,ON,P7E 3R9,500 Block GORE ST W, TBPS] B-E BUS/RES/OTH 11-10,Breaking & Entering,B-E BUS/RES/OTH
TB23048300,"11/27/2023, 5:14:26 PM","11/28/2023, 2:02:46 PM",THUNDER BAY,ON,P7A 5S3,300 Block HIGH ST N, TBPS] ASSAULT SUSP PRESENT OR IN AREA,Assault,ASSAULT
TB23048223,"11/26/2023, 11:00:34 PM","11/28/2023, 2:02:47 PM",THUNDER BAY,ON,P7B 4P8,300 Block FRANKWOOD AV, TBPS] ASSAULT ACCUSED NOT PRESENT,Assault,ASSAULT
TB23048484,"11/28/2023, 11:40:00 PM","11/29/2023, 2:02:19 PM",THUNDER BAY,ON,P7C 3J9,ROBERTSON ST AND SIMPSON ST, TBPS] ASSAULT SUSP PRESENT OR IN AREA,Assault,ASSAULT
TB23048501,"11/29/2023, 2:51:08 AM","11/29/2023, 2:02:19 PM",THUNDER BAY,ON,P7A 5R5,HIGH ST N AND VAN NORMAN ST, TBPS] MOTOR VEHICLE COLLISION MVC - AMB ENR - DUAL RESP,Other,MOTOR VEHICLE COLLISION
TB23048506,"11/29/2023, 3:29:27 AM","11/29/2023, 2:02:19 PM",THUNDER BAY,ON,P7G 0T7,DAWSON RD AND TOWNLINE RD, TBPS] MOTOR VEHICLE COLLISION MVC NO INJURIES,Traffic,MOTOR VEHICLE COLLISION
TB23048505,"11/29/2023, 3:29:27 AM","11/29/2023, 2:02:19 PM",THUNDER BAY,ON,P7G 0T7,DAWSON RD AND TOWNLINE RD, TBPS] MOTOR VEHICLE COLLISION MVC NO INJURIES,Traffic,MOTOR VEHICLE COLLISION
TB23048514,"11/29/2023, 4:10:05 AM","11/29/2023, 2:02:19 PM",THUNDER BAY,ON,P7B 3Z2,MEMORIAL AV AND SECOND AV, TBPS] MOTOR VEHICLE COLLISION VEHICLE LEAKING FLUIDS - DUAL RESP,Traffic,MOTOR VEHICLE COLLISION
TB23048515,"11/29/2023, 5:06:31 AM","11/29/2023, 2:02:19 PM",THUNDER BAY,ON,P7B 5J4,1000 Block DAWSON RD, TBPS] ASSAULT SUSP PRESENT OR IN AREA,Assault,ASSAULT
TB23048423,"11/28/2023, 3:26:48 PM","11/29/2023, 2:02:20 PM",THUNDER BAY,ON,P7C,HARBOUR EXPRESSWAY AND GOLF LINKS RD, TBPS] MOTOR VEHICLE COLLISION 11-10 MVC ANY TYPE,Other,MOTOR VEHICLE COLLISION
TB23048430,"11/28/2023, 4:21:07 PM","11/29/2023, 2:02:20 PM",THUNDER BAY,ON,P7B 2H1,OLIVER RD AND MCBEAN ST, TBPS] MOTOR VEHICLE COLLISION 11-10 MVC ANY TYPE,Other,MOTOR VEHICLE COLLISION
TB23048436,"11/28/2023, 5:03:00 PM","11/29/2023, 2:02:20 PM",THUNDER BAY,ON,P7E 5V7,1100 Block LINCOLN ST, TBPS] B-E BUS/RES/OTH 11-10,Breaking & Entering,B-E BUS/RES/OTH
TB23048451,"11/28/2023, 7:30:59 PM","11/29/2023, 2:02:20 PM",THUNDER BAY,ON,P7A 5V6,UNKNOWN STREET AND UNKNOWN STREET, TBPS] MOTOR VEHICLE COLLISION MVC - AMB ENR - DUAL RESP,Other,MOTOR VEHICLE COLLISION
TB23048513,"11/29/2023, 4:08:43 AM","11/29/2023, 2:02:20 PM",THUNDER BAY,ON,P7B 3Z2,MEMORIAL AV AND SECOND AV, TBPS] MOTOR VEHICLE COLLISION MVC NO INJURIES,Traffic,MOTOR VEHICLE COLLISION
TB23048374,"11/28/2023, 1:48:27 AM","11/29/2023, 2:02:21 PM",THUNDER BAY,ON,P7K 1L8,1300 Block BROADWAY AV, TBPS] MOTOR VEHICLE COLLISION MVC NO INJURIES,Traffic,MOTOR VEHICLE COLLISION
TB23048400,"11/28/2023, 8:33:20 AM","11/29/2023, 2:02:21 PM",THUNDER BAY,ON,P7C 4B7,600 Block VICKERS ST N, TBPS] B-E BUS/RES/OTH SUSP PRESENT OR MAY STILL BE IN AREA,Breaking & Entering,B-E BUS/RES/OTH
TB23048429,"11/28/2023, 4:05:49 PM","11/29/2023, 2:02:21 PM",THUNDER BAY,ON,P7B 2A3,1100 Block JOHN ST. RD, TBPS] MOTOR VEHICLE COLLISION MVC NO INJURIES,Traffic,MOTOR VEHICLE COLLISION
TB23048573,"11/29/2023, 7:04:15 PM","11/30/2023, 2:02:40 PM",THUNDER BAY,ON,P7A 5V6,UNKNOWN STREET AND UNKNOWN STREET, TBPS] MOTOR VEHICLE COLLISION MVC NO INJURIES,Traffic,MOTOR VEHICLE COLLISION
TB23048603,"11/29/2023, 11:36:43 PM","11/30/2023, 2:02:40 PM",THUNDER BAY,ON,P7E,EDWARD ST S AND ARTHUR ST E, TBPS] MOTOR VEHICLE COLLISION MVC NO INJURIES,Traffic,MOTOR VEHICLE COLLISION
TB23048604,"11/29/2023, 11:48:49 PM","11/30/2023, 2:02:40 PM",THUNDER BAY,ON,P7B 5Z5,1200 Block BALMORAL ST, TBPS] MOTOR VEHICLE COLLISION MVC NO INJURIES,Traffic,MOTOR VEHICLE COLLISION
TB23048606,"11/30/2023, 12:32:41 AM","11/30/2023, 2:02:40 PM",THUNDER BAY,ON,P7A 4L9,100 Block CUMBERLAND ST N, TBPS] MOTOR VEHICLE COLLISION 11-10 MVC ANY TYPE,Other,MOTOR VEHICLE COLLISION
TB23048616,"11/30/2023, 2:36:12 AM","11/30/2023, 2:02:40 PM",THUNDER BAY,ON,P7A 4T8,1 Block COURT ST N, TBPS] THEFT SUSP STILL PRESENT OR MAY BE IN AREA,Other Theft,THEFT
TB23048618,"11/30/2023, 2:48:16 AM","11/30/2023, 2:02:40 PM",THUNDER BAY,ON,P7B 5Z5,1200 Block BALMORAL ST," TBPS] MISCHIEF IP/SUSP IN AREA, UNDER 5,000",Other Property Crime,MISCHIEF
TB23048631,"11/30/2023, 5:16:10 AM","11/30/2023, 2:02:40 PM",THUNDER BAY,ON,P7B 5J4,1000 Block DAWSON RD, TBPS] LIQUOR LICENCE ACT LIQUOR LICENCE ACT VIOLATION IN PROGRESS,Quality of Life,LIQUOR LICENCE ACT
TB23048528,"11/29/2023, 7:29:32 AM","11/30/2023, 2:02:41 PM",THUNDER BAY,ON,P7A 2K6,200 Block MACDOUGALL ST, TBPS] ASSAULT ACCUSED NOT PRESENT,Assault,ASSAULT
TB23048541,"11/29/2023, 2:01:20 PM","11/30/2023, 2:02:41 PM",THUNDER BAY,ON,P7B 6L9,1000 Block CARRICK ST," TBPS] THEFT NOT IN PROGRESS, UNDER 5000",Other Theft,THEFT
TB23048543,"11/29/2023, 2:40:37 PM","11/30/2023, 2:02:41 PM",THUNDER BAY,ON,P7B 3A4,800 Block FORT WILLIAM RD, TBPS] MOTOR VEHICLE COLLISION 11-10 MVC ANY TYPE,Other,MOTOR VEHICLE COLLISION
TB23048554,"11/29/2023, 4:36:40 PM","11/30/2023, 2:02:41 PM",THUNDER BAY,ON,P7B 6V4,900 Block OLIVER RD, TBPS] MOTOR VEHICLE COLLISION MVC NO INJURIES,Traffic,MOTOR VEHICLE COLLISION
TB23048566,"11/29/2023, 5:49:14 PM","11/30/2023, 2:02:41 PM",THUNDER BAY,ON,P7G 2G2,DOG LAKE RD AND DAWSON RD, TBPS] MOTOR VEHICLE COLLISION MVC NO INJURIES,Traffic,MOTOR VEHICLE COLLISION
TB23048540,"11/29/2023, 1:50:04 PM","11/30/2023, 2:02:42 PM",THUNDER BAY,ON,P7A 5J3,COLLEGE ST AND VAN NORMAN ST, TBPS] MOTOR VEHICLE COLLISION MVC NO INJURIES,Traffic,MOTOR VEHICLE COLLISION
TB23048688,"11/30/2023, 6:14:01 PM","12/01/2023, 2:02:23 PM",THUNDER BAY,ON,P7B 5R8,100 Block CUMBERLAND ST S, TBPS] DRUG OFFENCES SUSP PRESENT OR MAY STILL BE IN AREA,Quality of Life,DRUG OFFENCES
TB23048735,"11/30/2023, 10:50:26 PM","12/01/2023, 2:02:23 PM",THUNDER BAY,ON,P7A 4L8,1 Block CUMBERLAND ST N, TBPS] ASSAULT SUSP PRESENT OR IN AREA,Assault,ASSAULT
TB23048744,"11/30/2023, 11:51:15 PM","12/01/2023, 2:02:23 PM",THUNDER BAY,ON,P7B 2Z8,500 Block FORT WILLIAM RD, TBPS] MOTOR VEHICLE COLLISION MVC NO INJURIES,Traffic,MOTOR VEHICLE COLLISION
TB23048751,"12/01/2023, 12:26:59 AM","12/01/2023, 2:02:23 PM",THUNDER BAY,ON,P7E 1H3,100 Block CENTENNIAL SQ, TBPS] ASSAULT ACCUSED NOT PRESENT,Assault,ASSAULT
TB23048757,"12/01/2023, 1:24:31 AM","12/01/2023, 2:02:23 PM",THUNDER BAY,ON,P7B 3Z1,500 Block MEMORIAL AV, TBPS] LIQUOR LICENCE ACT LIQUOR LICENCE ACT VIOLATION IN PROGRESS,Quality of Life,LIQUOR LICENCE ACT
TB23048765,"12/01/2023, 2:06:24 AM","12/01/2023, 2:02:23 PM",THUNDER BAY,ON,P7A 2J6,200 Block GIBSON AV, TBPS] STOLEN VEHICLE SUSP NOT IN AREA,Theft of Vehicle,STOLEN VEHICLE
TB23048675,"11/30/2023, 5:41:02 PM","12/01/2023, 2:02:24 PM",THUNDER BAY,ON,P7A 1L3,300 Block ARUNDEL ST, TBPS] MOTOR VEHICLE COLLISION 11-10 MVC ANY TYPE,Other,MOTOR VEHICLE COLLISION
TB23048700,"11/30/2023, 7:07:49 PM","12/01/2023, 2:02:24 PM",THUNDER BAY,ON,P7E 5V7,1100 Block LINCOLN ST," TBPS] MISCHIEF 11-10, MICHIEF UNDER 5000",Other Property Crime,MISCHIEF
TB23048696,"11/30/2023, 6:39:03 PM","12/01/2023, 2:02:24 PM",THUNDER BAY,ON,P7C 1Z6,100 Block REDWOOD AV W, TBPS] LIQUOR LICENCE ACT LIQUOR LICENCE ACT VIOLATION IN PROGRESS,Quality of Life,LIQUOR LICENCE ACT
TB23048705,"11/30/2023, 7:25:32 PM","12/01/2023, 2:02:24 PM",THUNDER BAY,ON,P7G 2J8,3100 Block DAWSON RD, TBPS] ASSAULT SUSP PRESENT OR IN AREA,Assault,ASSAULT
TB23048712,"11/30/2023, 8:51:56 PM","12/01/2023, 2:02:24 PM",THUNDER BAY,ON,P7C 2V5,NORTHERN AV AND FORT WILLIAM RD, TBPS] LIQUOR LICENCE ACT LIQUOR LICENCE ACT VIOLATION IN PROGRESS,Quality of Life,LIQUOR LICENCE ACT
TB23048717,"11/30/2023, 9:11:56 PM","12/01/2023, 2:02:24 PM",THUNDER BAY,ON,P7B,HARBOUR EXPRESSWAY AND FORT WILLIAM RD, TBPS] MOTOR VEHICLE COLLISION VEHICLE LEAKING FLUIDS - DUAL RESP,Traffic,MOTOR VEHICLE COLLISION
TB23048731,"11/30/2023, 10:34:15 PM","12/01/2023, 2:02:24 PM",THUNDER BAY,ON,P7G 1R2,2200 Block OLIVER RD, TBPS] MOTOR VEHICLE COLLISION MVC - AMB ENR - DUAL RESP,Other,MOTOR VEHICLE COLLISION
TB23048721,"11/30/2023, 9:30:18 PM","12/01/2023, 2:02:24 PM",THUNDER BAY,ON,P7B 6Z8,1400 Block NAKINA DR, TBPS] ASSAULT ACCUSED NOT PRESENT,Assault,ASSAULT
TB23048720,"11/30/2023, 9:26:21 PM","12/01/2023, 2:02:24 PM",THUNDER BAY,ON,P7B 5J4,1000 Block DAWSON RD, TBPS] MOTOR VEHICLE COLLISION MVC - AMB ENR - DUAL RESP,Other,MOTOR VEHICLE COLLISION
TB23048647,"11/30/2023, 8:05:50 AM","12/01/2023, 2:02:25 PM",THUNDER BAY,ON,P7B 5L4,1 Block CUMBERLAND ST S, TBPS] ASSAULT SUSP PRESENT OR IN AREA,Assault,ASSAULT
TB23048651,"11/30/2023, 11:28:26 AM","12/01/2023, 2:02:25 PM",THUNDER BAY,ON,P7B 6C5,1100 Block ALLOY DR, TBPS] MISCHIEF IP PROGRESS/SUPECT IN AREA,Other Property Crime,MISCHIEF
TB23048658,"11/30/2023, 2:49:21 PM","12/01/2023, 2:02:25 PM",THUNDER BAY,ON,P7E 3R9,JAMES ST S AND GORE ST W, TBPS] MOTOR VEHICLE COLLISION MVC - AMB ENR - DUAL RESP,Other,MOTOR VEHICLE COLLISION
TB23048663,"11/30/2023, 4:25:56 PM","12/01/2023, 2:02:25 PM",THUNDER BAY,ON,P7B,SIXTH AV AND MEMORIAL AV, TBPS] MOTOR VEHICLE COLLISION MVC - AMB ENR - DUAL RESP,Other,MOTOR VEHICLE COLLISION
TB23048664,"11/30/2023, 4:31:49 PM","12/01/2023, 2:02:25 PM",THUNDER BAY,ON,P7A 7L7,600 Block STRATHCONA AV, TBPS] MOTOR VEHICLE COLLISION MVC NO INJURIES,Traffic,MOTOR VEHICLE COLLISION
TB23048950,"12/02/2023, 4:01:01 AM","12/02/2023, 2:02:44 PM",THUNDER BAY,ON,P7C 4P1,200 Block EDWARD ST N," TBPS] MISCHIEF IP/SUSP IN AREA, UNDER 5,000",Other Property Crime,MISCHIEF
TB23048945,"12/02/2023, 3:46:07 AM","12/02/2023, 2:02:44 PM",THUNDER BAY,ON,P7C 2G3,100 Block BETHUNE ST, TBPS] ASSAULT SUSP PRESENT OR IN AREA,Assault,ASSAULT
TB23048955,"12/02/2023, 4:32:37 AM","12/02/2023, 2:02:44 PM",THUNDER BAY,ON,P7C 1N7,200 Block CUMMING ST, TBPS] LIQUOR LICENCE ACT LIQUOR LICENCE ACT VIOLATION IN PROGRESS,Quality of Life,LIQUOR LICENCE ACT
TB23048959,"12/02/2023, 5:07:21 AM","12/02/2023, 2:02:44 PM",THUNDER BAY,ON,P7E 5R8,600 Block ARTHUR ST W, TBPS] LIQUOR LICENCE ACT LIQUOR LICENCE ACT VIOLATION IN PROGRESS,Quality of Life,LIQUOR LICENCE ACT
TB23048890,"12/01/2023, 9:24:18 PM","12/02/2023, 2:02:45 PM",THUNDER BAY,ON,P7B 4A2,900 Block MEMORIAL AV," TBPS] MISCHIEF 11-10, MICHIEF UNDER 5000",Other Property Crime,MISCHIEF
TB23048879,"12/01/2023, 8:15:39 PM","12/02/2023, 2:02:45 PM",THUNDER BAY,ON,P7B 5R8,100 Block CUMBERLAND ST S, TBPS] LIQUOR LICENCE ACT LIQUOR LICENCE ACT VIOLATION IN PROGRESS,Quality of Life,LIQUOR LICENCE ACT
TB23048895,"12/01/2023, 9:30:55 PM","12/02/2023, 2:02:45 PM",THUNDER BAY,ON,P7C 4V1,ARTHUR ST W AND HANIAK RD, TBPS] MOTOR VEHICLE COLLISION 11-10 MVC ANY TYPE,Other,MOTOR VEHICLE COLLISION
TB23048901,"12/01/2023, 9:40:46 PM","12/02/2023, 2:02:45 PM",THUNDER BAY,ON,P7B 1K3,900 Block RED RIVER RD, TBPS] MOTOR VEHICLE COLLISION 11-10 MVC ANY TYPE,Other,MOTOR VEHICLE COLLISION
TB23048917,"12/01/2023, 11:41:41 PM","12/02/2023, 2:02:45 PM",THUNDER BAY,ON,P7C 4B3,400 Block VICKERS ST N, TBPS] B-E BUS/RES/OTH SUSP PRESENT OR MAY STILL BE IN AREA,Breaking & Entering,B-E BUS/RES/OTH
TB23048918,"12/01/2023, 11:43:23 PM","12/02/2023, 2:02:45 PM",THUNDER BAY,ON,P7B 1K1,ALGONQUIN AV S AND RED RIVER RD, TBPS] MOTOR VEHICLE COLLISION MVC NO INJURIES,Traffic,MOTOR VEHICLE COLLISION
TB23048937,"12/02/2023, 2:12:32 AM","12/02/2023, 2:02:45 PM",THUNDER BAY,ON,P7E 5V3,500 Block DONALD ST E, TBPS] LIQUOR LICENCE ACT LIQUOR LICENCE ACT VIOLATION IN PROGRESS,Quality of Life,LIQUOR LICENCE ACT
TB23048936,"12/02/2023, 2:00:00 AM","12/02/2023, 2:02:45 PM",THUNDER BAY,ON,P7A 5P2,300 Block BALSAM ST," TBPS] THEFT NOT IN PROGRESS, UNDER 5000",Other Theft,THEFT
TB23048830,"12/01/2023, 4:06:12 PM","12/02/2023, 2:02:46 PM",THUNDER BAY,ON,P7B 6V4,900 Block OLIVER RD, TBPS] MOTOR VEHICLE COLLISION 11-10 MVC ANY TYPE,Other,MOTOR VEHICLE COLLISION
TB23048840,"12/01/2023, 4:56:30 PM","12/02/2023, 2:02:46 PM",THUNDER BAY,ON,P7B 6B9,1000 Block FORT WILLIAM RD, TBPS] MOTOR VEHICLE COLLISION 11-10 MVC ANY TYPE,Other,MOTOR VEHICLE COLLISION
TB23048845,"12/01/2023, 5:11:00 PM","12/02/2023, 2:02:46 PM",THUNDER BAY,ON,P7B 2Z2,300 Block FORT WILLIAM RD, TBPS] THEFT SUSP STILL PRESENT OR MAY BE IN AREA,Other Theft,THEFT
TB23048847,"12/01/2023, 5:16:36 PM","12/02/2023, 2:02:46 PM",THUNDER BAY,ON,P7J 1G6,2000 Block JAMES ST S, TBPS] MOTOR VEHICLE COLLISION 11-10 MVC ANY TYPE,Other,MOTOR VEHICLE COLLISION
TB23048851,"12/01/2023, 5:34:08 PM","12/02/2023, 2:02:46 PM",THUNDER BAY,ON,P7B 1R1,200 Block BAY ST, TBPS] MOTOR VEHICLE COLLISION 11-10 MVC ANY TYPE,Other,MOTOR VEHICLE COLLISION
TB23048850,"12/01/2023, 5:30:07 PM","12/02/2023, 2:02:46 PM",THUNDER BAY,ON,P7E 5S2,1100 Block ARTHUR ST W, TBPS] MOTOR VEHICLE COLLISION 11-10 MVC ANY TYPE,Other,MOTOR VEHICLE COLLISION
TB23048856,"12/01/2023, 5:47:50 PM","12/02/2023, 2:02:46 PM",THUNDER BAY,ON,P7B 6B9,1000 Block FORT WILLIAM RD, TBPS] MOTOR VEHICLE COLLISION 11-10 MVC ANY TYPE,Other,MOTOR VEHICLE COLLISION
TB23048855,"12/01/2023, 5:44:20 PM","12/02/2023, 2:02:46 PM",THUNDER BAY,ON,P7B 5L6,300 Block MAIN ST, TBPS] MOTOR VEHICLE COLLISION 11-10 MVC ANY TYPE,Other,MOTOR VEHICLE COLLISION
TB23048869,"12/01/2023, 6:48:36 PM","12/02/2023, 2:02:46 PM",THUNDER BAY,ON,P7B 6H2,800 Block TUNGSTEN ST, TBPS] MOTOR VEHICLE COLLISION 11-10 MVC ANY TYPE,Other,MOTOR VEHICLE COLLISION
TB23048862,"12/01/2023, 6:14:29 PM","12/02/2023, 2:02:46 PM",THUNDER BAY,ON,P7B 3Y7,400 Block MEMORIAL AV," TBPS] THEFT NOT IN PROGRESS, FROM MOTOR VEHICLE",Theft from Vehicle,THEFT
TB23048865,"12/01/2023, 6:29:14 PM","12/02/2023, 2:02:46 PM",THUNDER BAY,ON,P7B 3Y2,300 Block MEMORIAL AV, TBPS] MOTOR VEHICLE COLLISION 11-10 MVC ANY TYPE,Other,MOTOR VEHICLE COLLISION
TB23048875,"12/01/2023, 7:36:50 PM","12/02/2023, 2:02:46 PM",THUNDER BAY,ON,P7C 3P4,LEITH ST AND MAY ST N, TBPS] MOTOR VEHICLE COLLISION MVC NO INJURIES,Traffic,MOTOR VEHICLE COLLISION
TB23048891,"12/01/2023, 9:24:41 PM","12/02/2023, 2:02:46 PM",THUNDER BAY,ON,P7B 1R8,MACHAR AV AND BAY ST, TBPS] MOTOR VEHICLE COLLISION 11-10 MVC ANY TYPE,Other,MOTOR VEHICLE COLLISION
TB23048902,"12/01/2023, 9:43:37 PM","12/02/2023, 2:02:46 PM",THUNDER BAY,ON,P7C 5S5,300 Block RYERSON CR, TBPS] MOTOR VEHICLE COLLISION 11-10 MVC ANY TYPE,Other,MOTOR VEHICLE COLLISION
TB23048914,"12/01/2023, 11:26:23 PM","12/02/2023, 2:02:46 PM",THUNDER BAY,ON,P7B 3K3,1 Block HIGH ST S," TBPS] MISCHIEF 11-10, MICHIEF UNDER 5000",Other Property Crime,MISCHIEF
TB23048928,"12/02/2023, 12:53:35 AM","12/02/2023, 2:02:46 PM",THUNDER BAY,ON,P7A 6S2,1 Block CLAYTE ST, TBPS] MOTOR VEHICLE COLLISION MVC NO INJURIES,Traffic,MOTOR VEHICLE COLLISION
TB23048791,"12/01/2023, 6:44:23 AM","12/02/2023, 2:02:47 PM",THUNDER BAY,ON,P7A 4S2,500 Block CUMBERLAND ST N, TBPS] ASSAULT ACCUSED NOT PRESENT,Assault,ASSAULT
TB23048819,"12/01/2023, 3:25:42 PM","12/02/2023, 2:02:47 PM",THUNDER BAY,ON,P7A 5M6,BALSAM ST AND GORDON AV, TBPS] MOTOR VEHICLE COLLISION 11-10 MVC ANY TYPE,Other,MOTOR VEHICLE COLLISION
TB23048822,"12/01/2023, 3:33:01 PM","12/02/2023, 2:02:47 PM",THUNDER BAY,ON,P7B 5V1,1000 Block DAWSON RD, TBPS] MOTOR VEHICLE COLLISION 11-10 MVC ANY TYPE,Other,MOTOR VEHICLE COLLISION
TB23048824,"12/01/2023, 3:49:36 PM","12/02/2023, 2:02:47 PM",THUNDER BAY,ON,.,ISLAND DR AND ISLAND DR BRIDGE, TBPS] MOTOR VEHICLE COLLISION MVC NO INJURIES,Traffic,MOTOR VEHICLE COLLISION
TB23048836,"12/01/2023, 4:31:12 PM","12/02/2023, 2:02:47 PM",THUNDER BAY,ON,P7A 6K8,800 Block HURON AV, TBPS] MOTOR VEHICLE COLLISION 11-10 MVC ANY TYPE,Other,MOTOR VEHICLE COLLISION
TB23048838,"12/01/2023, 4:48:10 PM","12/02/2023, 2:02:47 PM",THUNDER BAY,ON,P7B 1K1,CLARKSON ST N AND RED RIVER RD, TBPS] MOTOR VEHICLE COLLISION 11-10 MVC ANY TYPE,Other,MOTOR VEHICLE COLLISION
TB23048842,"12/01/2023, 5:05:25 PM","12/02/2023, 2:02:47 PM",THUNDER BAY,ON,.,SOUTHERN AV AND MAY ST N, TBPS] MOTOR VEHICLE COLLISION MVC - AMB ENR - DUAL RESP,Other,MOTOR VEHICLE COLLISION
TB23048773,"12/01/2023, 2:50:59 AM","12/02/2023, 2:02:48 PM",THUNDER BAY,ON,P7B 0A9,800 Block FORT WILLIAM RD, TBPS] MOTOR VEHICLE COLLISION MVC - AMB ENR - DUAL RESP,Other,MOTOR VEHICLE COLLISION
TB23048805,"12/01/2023, 9:21:42 AM","12/02/2023, 2:02:48 PM",THUNDER BAY,ON,P7B 6B9,1000 Block FORT WILLIAM RD, TBPS] B-E BUS/RES/OTH SUSP PRESENT OR MAY STILL BE IN AREA,Breaking & Entering,B-E BUS/RES/OTH
TB23049066,"12/03/2023, 2:35:10 AM","12/03/2023, 2:02:40 PM",THUNDER BAY,ON,P7G 1G5,TOWNLINE RD AND JOHN ST. RD, TBPS] MOTOR VEHICLE COLLISION MVC - AMB ENR - DUAL RESP,Other,MOTOR VEHICLE COLLISION
TB23049074,"12/03/2023, 3:20:00 AM","12/03/2023, 2:02:40 PM",THUNDER BAY,ON,P7B,FORT WILLIAM RD AND HARBOUR EXPRESSWAY, TBPS] MOTOR VEHICLE COLLISION MVC NO INJURIES,Traffic,MOTOR VEHICLE COLLISION
TB23049080,"12/03/2023, 3:58:49 AM","12/03/2023, 2:02:40 PM",THUNDER BAY,ON,P7A 4T8,1 Block COURT ST N," TBPS] THEFT NOT IN PROGRESS, UNDER 5000",Other Theft,THEFT
TB23049084,"12/03/2023, 4:44:36 AM","12/03/2023, 2:02:40 PM",THUNDER BAY,ON,P7A 1R3,300 Block RONA ST, TBPS] ASSAULT SUSP PRESENT OR IN AREA,Assault,ASSAULT
TB23049082,"12/03/2023, 4:20:37 AM","12/03/2023, 2:02:40 PM",THUNDER BAY,ON,P7B 3Y7,400 Block MEMORIAL AV, TBPS] ASSAULT SUSP PRESENT OR IN AREA,Assault,ASSAULT
TB23049016,"12/02/2023, 5:46:42 PM","12/03/2023, 2:02:41 PM",THUNDER BAY,ON,P0T 1T0,4700 Block 11-17 HWY, TBPS] ASSAULT ACCUSED NOT PRESENT,Assault,ASSAULT
TB23049024,"12/02/2023, 7:26:05 PM","12/03/2023, 2:02:41 PM",THUNDER BAY,ON,P7E 6P4,1900 Block FREDERICA ST W, TBPS] ASSAULT ACCUSED NOT PRESENT,Assault,ASSAULT
TB23049025,"12/02/2023, 7:35:00 PM","12/03/2023, 2:02:41 PM",THUNDER BAY,ON,P7B 1A7,200 Block RED RIVER RD, TBPS] LIQUOR LICENCE ACT LIQUOR LICENCE ACT VIOLATION IN PROGRESS,Quality of Life,LIQUOR LICENCE ACT
TB23049029,"12/02/2023, 8:14:19 PM","12/03/2023, 2:02:41 PM",THUNDER BAY,ON,P7B 6B9,1000 Block FORT WILLIAM RD, TBPS] MOTOR VEHICLE COLLISION MVC NO INJURIES,Traffic,MOTOR VEHICLE COLLISION
TB23049035,"12/02/2023, 9:23:53 PM","12/03/2023, 2:02:41 PM",THUNDER BAY,ON,P7A 4L9,100 Block CUMBERLAND ST N, TBPS] ASSAULT SUSP PRESENT OR IN AREA,Assault,ASSAULT
TB23049051,"12/02/2023, 11:08:32 PM","12/03/2023, 2:02:41 PM",THUNDER BAY,ON,P7B 1A5,200 Block RED RIVER RD," TBPS] MISCHIEF 11-10, MICHIEF UNDER 5000",Other Property Crime,MISCHIEF
TB23049058,"12/03/2023, 12:37:39 AM","12/03/2023, 2:02:41 PM",THUNDER BAY,ON,P7A,RIVER ST AND ELM ST, TBPS] MOTOR VEHICLE COLLISION MVC NO INJURIES,Traffic,MOTOR VEHICLE COLLISION
TB23049056,"12/02/2023, 11:42:46 PM","12/03/2023, 2:02:41 PM",THUNDER BAY,ON,P7A 4R5,400 Block CUMBERLAND ST N, TBPS] ASSAULT SUSP PRESENT OR IN AREA,Assault,ASSAULT
TB23049068,"12/03/2023, 2:57:39 AM","12/03/2023, 2:02:41 PM",THUNDER BAY,ON,P7B 3A3,800 Block FORT WILLIAM RD, TBPS] MOTOR VEHICLE COLLISION MVC NO INJURIES,Traffic,MOTOR VEHICLE COLLISION
TB23048938,"12/02/2023, 2:37:33 AM","12/03/2023, 2:02:42 PM",THUNDER BAY,ON,P7E,KINGSTON ST AND JAMES ST S, TBPS] MOTOR VEHICLE COLLISION MVC - AMB ENR - DUAL RESP,Other,MOTOR VEHICLE COLLISION
TB23048986,"12/02/2023, 9:09:57 AM","12/03/2023, 2:02:42 PM",THUNDER BAY,ON,P7B 2H6,OLIVER RD AND BALMORAL ST, TBPS] LIQUOR LICENCE ACT LIQUOR LICENCE ACT VIOLATION IN PROGRESS,Quality of Life,LIQUOR LICENCE ACT
TB23049010,"12/02/2023, 4:16:17 PM","12/03/2023, 2:02:42 PM",THUNDER BAY,ON,P7C 4P7,400 Block EDWARD ST N, TBPS] THEFT SUSP STILL PRESENT OR MAY BE IN AREA,Other Theft,THEFT
TB23049015,"12/02/2023, 5:37:34 PM","12/03/2023, 2:02:42 PM",THUNDER BAY,ON,P7B 5V6,900 Block JOHN ST," TBPS] THEFT NOT IN PROGRESS, UNDER 5000",Other Theft,THEFT
TB23049019,"12/02/2023, 6:16:15 PM","12/03/2023, 2:02:42 PM",THUNDER BAY,ON,P7B 6B9,1000 Block FORT WILLIAM RD, TBPS] MOTOR VEHICLE COLLISION MVC NO INJURIES,Traffic,MOTOR VEHICLE COLLISION
TB23048861,"12/01/2023, 6:14:12 PM","12/03/2023, 2:02:43 PM",THUNDER BAY,ON,P7E 4Y7,200 Block HENRY ST, TBPS] ASSAULT ACCUSED NOT PRESENT,Assault,ASSAULT
TB23049161,"12/03/2023, 8:37:55 PM","12/04/2023, 2:02:32 PM",THUNDER BAY,ON,P7C 2V7,400 Block NORTHERN AV, TBPS] LIQUOR LICENCE ACT LIQUOR LICENCE ACT VIOLATION IN PROGRESS,Quality of Life,LIQUOR LICENCE ACT
TB23049167,"12/03/2023, 9:36:54 PM","12/04/2023, 2:02:32 PM",THUNDER BAY,ON,P7A 4L7,CUMBERLAND ST N AND CAMELOT ST, TBPS] LIQUOR LICENCE ACT LIQUOR LICENCE ACT VIOLATION IN PROGRESS,Quality of Life,LIQUOR LICENCE ACT
TB23049172,"12/03/2023, 10:37:43 PM","12/04/2023, 2:02:32 PM",THUNDER BAY,ON,P7C 3S5,CUMMING ST AND MAY ST N, TBPS] B-E BUS/RES/OTH SUSP PRESENT OR MAY STILL BE IN AREA,Breaking & Entering,B-E BUS/RES/OTH
TB23049190,"12/04/2023, 2:45:43 AM","12/04/2023, 2:02:32 PM",THUNDER BAY,ON,P7B 6J7,100 Block PICTON AV," TBPS] MISCHIEF IP/SUSP IN AREA, UNDER 5,000",Other Property Crime,MISCHIEF
TB23049193,"12/04/2023, 3:00:00 AM","12/04/2023, 2:02:32 PM",THUNDER BAY,ON,P7A 1R3,300 Block RONA ST," TBPS] SEXUAL ASSAULT JUST OCCURRED, ACCUSED NOT PRESENT",Other,SEXUAL ASSAULT
TB23048726,"11/30/2023, 9:43:56 PM","12/04/2023, 2:02:33 PM",THUNDER BAY,ON,P7C 4Z3,600 Block MCKENZIE ST, TBPS] ASSAULT ACCUSED NOT PRESENT,Assault,ASSAULT
TB23048740,"11/30/2023, 11:27:02 PM","12/04/2023, 2:02:33 PM",THUNDER BAY,ON,P7B,JOHN ST AND SOUTH WATER ST, TBPS] MOTOR VEHICLE COLLISION 11-10 MVC ANY TYPE,Other,MOTOR VEHICLE COLLISION
TB23049085,"12/03/2023, 4:52:44 AM","12/04/2023, 2:02:33 PM",THUNDER BAY,ON,P7G 1C5,JOHN ST. RD AND MERCIER ST, TBPS] LIQUOR LICENCE ACT LIQUOR LICENCE ACT VIOLATION IN PROGRESS,Quality of Life,LIQUOR LICENCE ACT
TB23049113,"12/03/2023, 9:20:34 AM","12/04/2023, 2:02:33 PM",THUNDER BAY,ON,P7E 1G3,200 Block ARCHIBALD ST S, TBPS] ASSAULT SUSP PRESENT OR IN AREA,Assault,ASSAULT
TB23049118,"12/03/2023, 10:15:49 AM","12/04/2023, 2:02:33 PM",THUNDER BAY,ON,P7A 1R3,300 Block RONA ST, TBPS] ASSAULT SUSP PRESENT OR IN AREA,Assault,ASSAULT
TB23049124,"12/03/2023, 11:53:57 AM","12/04/2023, 2:02:33 PM",THUNDER BAY,ON,P7A 3S5,600 Block RIVER ST," TBPS] MISCHIEF 11-10, MICHIEF OVER 5000",Other Property Crime,MISCHIEF
TB23049128,"12/03/2023, 2:00:37 PM","12/04/2023, 2:02:33 PM",THUNDER BAY,ON,P7B 5N5,200 Block RAVENWOOD AV, TBPS] ASSAULT SUSP PRESENT OR IN AREA,Assault,ASSAULT
TB23049140,"12/03/2023, 4:11:04 PM","12/04/2023, 2:02:33 PM",THUNDER BAY,ON,P7C 6B4,600 Block PORCUPINE BLVD, TBPS] MOTOR VEHICLE COLLISION 11-10 MVC ANY TYPE,Other,MOTOR VEHICLE COLLISION
TB23049150,"12/03/2023, 6:06:34 PM","12/04/2023, 2:02:33 PM",THUNDER BAY,ON,P7G 1G8,700 Block MERCIER ST, TBPS] ASSAULT SUSP PRESENT OR IN AREA,Assault,ASSAULT
TB23049187,"12/04/2023, 2:35:53 AM","12/04/2023, 2:02:33 PM",THUNDER BAY,ON,P7C 1M7,200 Block LEITH ST," TBPS] MISCHIEF IP/SUSP IN AREA, UNDER 5,000",Other Property Crime,MISCHIEF
TB23049094,"12/03/2023, 5:45:15 AM","12/04/2023, 2:02:34 PM",THUNDER BAY,ON,P7C 2W6,1000 Block FOREST ST, TBPS] ASSAULT SUSP PRESENT OR IN AREA,Assault,ASSAULT
TB23049338,"12/05/2023, 1:43:24 AM","12/05/2023, 2:03:34 PM",THUNDER BAY,ON,P7E 1R9,700 Block FRANKLIN ST S, TBPS] THEFT SUSP STILL PRESENT OR MAY BE IN AREA,Other Theft,THEFT
TB23049310,"12/04/2023, 10:15:19 PM","12/05/2023, 2:03:34 PM",THUNDER BAY,ON,P7B 3A6,900 Block FORT WILLIAM RD," TBPS] THEFT IN PROGRESS, OVER 50000",Other Theft,THEFT
TB23049351,"12/05/2023, 4:25:57 AM","12/05/2023, 2:03:34 PM",THUNDER BAY,ON,P7E 6J1,1 Block VALHALLA INN RD, TBPS] LIQUOR LICENCE ACT LIQUOR LICENCE ACT VIOLATION IN PROGRESS,Quality of Life,LIQUOR LICENCE ACT
TB23048882,"12/01/2023, 8:31:17 PM","12/05/2023, 2:03:34 PM",THUNDER BAY,ON,P7B 5N2,1100 Block RUSSELL ST, TBPS] MOTOR VEHICLE COLLISION 11-10 MVC ANY TYPE,Other,MOTOR VEHICLE COLLISION
TB23049320,"12/04/2023, 11:44:15 PM","12/05/2023, 2:03:34 PM",THUNDER BAY,ON,P7B 6B9,FORT WILLIAM RD AND ISABEL ST, TBPS] MARINE ICE RESCUE - DUAL RESPONSE,Emergency,MARINE
TB23049342,"12/05/2023, 2:36:21 AM","12/05/2023, 2:03:34 PM",THUNDER BAY,ON,P7B 2R5,900 Block CARRICK ST, TBPS] ROBBERY NO WEAPONS - SUSP STILL IN AREA,Robbery,ROBBERY
TB23049243,"12/04/2023, 4:35:58 PM","12/05/2023, 2:03:35 PM",THUNDER BAY,ON,P7B 3G7,100 Block ONTARIO ST," TBPS] THEFT NOT IN PROGRESS, FROM MOTOR VEHICLE",Theft from Vehicle,THEFT
TB23049276,"12/04/2023, 7:24:09 PM","12/05/2023, 2:03:35 PM",THUNDER BAY,ON,P7E 5S2,1100 Block ARTHUR ST W, TBPS] MOTOR VEHICLE COLLISION 11-10 MVC ANY TYPE,Other,MOTOR VEHICLE COLLISION
TB23049275,"12/04/2023, 7:17:11 PM","12/05/2023, 2:03:35 PM",THUNDER BAY,ON,P7B 4A2,900 Block MEMORIAL AV, TBPS] MOTOR VEHICLE COLLISION 11-10 MVC ANY TYPE,Other,MOTOR VEHICLE COLLISION
TB23049277,"12/04/2023, 7:27:58 PM","12/05/2023, 2:03:35 PM",THUNDER BAY,ON,P7B 3C1,100 Block ALGOMA ST S, TBPS] ROBBERY NO WEAPONS - SUSP STILL IN AREA,Robbery,ROBBERY
TB23049278,"12/04/2023, 7:32:08 PM","12/05/2023, 2:03:35 PM",THUNDER BAY,ON,P7C 4P3,300 Block EDWARD ST N, TBPS] MOTOR VEHICLE COLLISION 11-10 MVC ANY TYPE,Other,MOTOR VEHICLE COLLISION
TB23049282,"12/04/2023, 7:40:19 PM","12/05/2023, 2:03:35 PM",THUNDER BAY,ON,P7E 6T6,FREDERICA ST W AND NEEBING AV, TBPS] ROBBERY NO WEAPONS - SUSP STILL IN AREA,Robbery,ROBBERY
TB23049279,"12/04/2023, 7:34:22 PM","12/05/2023, 2:03:35 PM",THUNDER BAY,ON,P7A 3R8,500 Block RIVER ST, TBPS] MOTOR VEHICLE COLLISION 11-10 MVC ANY TYPE,Other,MOTOR VEHICLE COLLISION
TB23049286,"12/04/2023, 7:50:29 PM","12/05/2023, 2:03:35 PM",THUNDER BAY,ON,P7A 3S6,700 Block RIVER ST, TBPS] MOTOR VEHICLE COLLISION 11-10 MVC ANY TYPE,Other,MOTOR VEHICLE COLLISION
TB23049216,"12/04/2023, 1:48:54 PM","12/05/2023, 2:03:36 PM",THUNDER BAY,ON,P7C,GOLF LINKS RD AND HARBOUR EXPRESSWAY, TBPS] MOTOR VEHICLE COLLISION MVC NO INJURIES,Traffic,MOTOR VEHICLE COLLISION
TB23049220,"12/04/2023, 2:51:30 PM","12/05/2023, 2:03:36 PM",THUNDER BAY,ON,P7B 7A5,1000 Block OLIVER RD, TBPS] MOTOR VEHICLE COLLISION 11-10 MVC ANY TYPE,Other,MOTOR VEHICLE COLLISION
TB23049219,"12/04/2023, 2:31:16 PM","12/05/2023, 2:03:36 PM",THUNDER BAY,ON,P7B,100 Block RED RIVER RD, TBPS] MOTOR VEHICLE COLLISION 11-10 MVC ANY TYPE,Other,MOTOR VEHICLE COLLISION
TB23049227,"12/04/2023, 3:49:12 PM","12/05/2023, 2:03:36 PM",THUNDER BAY,ON,P7B 5V7,GOLF LINKS RD AND JOHN ST, TBPS] MOTOR VEHICLE COLLISION 11-10 MVC ANY TYPE,Other,MOTOR VEHICLE COLLISION
TB23049225,"12/04/2023, 3:16:54 PM","12/05/2023, 2:03:36 PM",THUNDER BAY,ON,P7E 3Y5,1300 Block FREDERICA ST W, TBPS] MOTOR VEHICLE COLLISION 11-10 MVC ANY TYPE,Other,MOTOR VEHICLE COLLISION
TB23049230,"12/04/2023, 3:55:24 PM","12/05/2023, 2:03:36 PM",THUNDER BAY,ON,P7A 5R5,HIGH ST N AND VAN NORMAN ST, TBPS] MOTOR VEHICLE COLLISION 11-10 MVC ANY TYPE,Other,MOTOR VEHICLE COLLISION
TB23049235,"12/04/2023, 4:15:18 PM","12/05/2023, 2:03:36 PM",THUNDER BAY,ON,P7B 1K3,900 Block RED RIVER RD, TBPS] THEFT SUSP STILL PRESENT OR MAY BE IN AREA,Other Theft,THEFT
TB23049232,"12/04/2023, 3:58:01 PM","12/05/2023, 2:03:36 PM",THUNDER BAY,ON,P7C 2V9,MAY ST N AND NORTHERN AV, TBPS] MOTOR VEHICLE COLLISION 11-10 MVC ANY TYPE,Other,MOTOR VEHICLE COLLISION
TB23049236,"12/04/2023, 4:19:55 PM","12/05/2023, 2:03:36 PM",THUNDER BAY,ON,P7C 5M2,700 Block JAMES ST N, TBPS] MOTOR VEHICLE COLLISION 11-10 MVC ANY TYPE,Other,MOTOR VEHICLE COLLISION
TB23049238,"12/04/2023, 4:25:00 PM","12/05/2023, 2:03:36 PM",THUNDER BAY,ON,P7B 3Z8,700 Block MEMORIAL AV, TBPS] MOTOR VEHICLE COLLISION 11-10 MVC ANY TYPE,Other,MOTOR VEHICLE COLLISION
TB23049239,"12/04/2023, 4:29:09 PM","12/05/2023, 2:03:36 PM",THUNDER BAY,ON,P7G 1W2,TOWNLINE RD AND GOVERNMENT RD, TBPS] MOTOR VEHICLE COLLISION 11-10 MVC ANY TYPE,Other,MOTOR VEHICLE COLLISION
TB23049246,"12/04/2023, 4:54:53 PM","12/05/2023, 2:03:36 PM",THUNDER BAY,ON,P7A,CUMBERLAND ST N AND ELGIN ST, TBPS] MOTOR VEHICLE COLLISION 11-10 MVC ANY TYPE,Other,MOTOR VEHICLE COLLISION
TB23049247,"12/04/2023, 5:01:37 PM","12/05/2023, 2:03:36 PM",THUNDER BAY,ON,P7B 6E4,600 Block HEWITSON ST, TBPS] ROBBERY NO WEAPONS - SUSP STILL IN AREA,Robbery,ROBBERY
TB23049132,"12/03/2023, 2:34:57 PM","12/05/2023, 2:03:37 PM",THUNDER BAY,ON,P7E 5R8,600 Block ARTHUR ST W," TBPS] SEXUAL ASSAULT JUST OCCURRED, ACCUSED NOT PRESENT",Other,SEXUAL ASSAULT
TB23049205,"12/04/2023, 8:34:41 AM","12/05/2023, 2:03:37 PM",THUNDER BAY,ON,P7B 5R7,100 Block CUMBERLAND ST S, TBPS] ROBBERY NO WEAPONS - SUSP STILL IN AREA,Robbery,ROBBERY
TB23049210,"12/04/2023, 9:43:17 AM","12/05/2023, 2:03:37 PM",THUNDER BAY,ON,P7A 3S5,600 Block RIVER ST," TBPS] MISCHIEF IP/SUSP IN AREA, UNDER 5,000",Other Property Crime,MISCHIEF
TB23049222,"12/04/2023, 2:57:57 PM","12/05/2023, 2:03:37 PM",THUNDER BAY,ON,P7A 5A3,100 Block ALGOMA ST N, TBPS] MOTOR VEHICLE COLLISION 11-10 MVC ANY TYPE,Other,MOTOR VEHICLE COLLISION
TB23049240,"12/04/2023, 4:29:09 PM","12/05/2023, 2:03:37 PM",THUNDER BAY,ON,.,TOWNLINE RD AND GOVERNMENT RD, TBPS] MOTOR VEHICLE COLLISION 11-10 MVC ANY TYPE,Other,MOTOR VEHICLE COLLISION
TB23049517,"12/06/2023, 2:28:45 AM","12/06/2023, 2:02:29 PM",THUNDER BAY,ON,P7B 6S2,700 Block MEMORIAL AV, TBPS] ASSAULT ACCUSED NOT PRESENT,Assault,ASSAULT
TB23049526,"12/06/2023, 3:46:48 AM","12/06/2023, 2:02:29 PM",THUNDER BAY,ON,P7C 4T4,500 Block JAMES ST N, TBPS] LIQUOR LICENCE ACT LIQUOR LICENCE ACT VIOLATION IN PROGRESS,Quality of Life,LIQUOR LICENCE ACT
TB23049539,"12/06/2023, 6:03:32 AM","12/06/2023, 2:02:29 PM",THUNDER BAY,ON,P7B 5T1,100 Block VALLEY ST, TBPS] MOTOR VEHICLE COLLISION MVC - AMB ENR - DUAL RESP,Other,MOTOR VEHICLE COLLISION
TB23049452,"12/05/2023, 7:39:07 PM","12/06/2023, 2:02:30 PM",THUNDER BAY,ON,P7B 3Z9,900 Block MEMORIAL AV, TBPS] MOTOR VEHICLE COLLISION 11-10 MVC ANY TYPE,Other,MOTOR VEHICLE COLLISION
TB23049467,"12/05/2023, 9:12:07 PM","12/06/2023, 2:02:30 PM",THUNDER BAY,ON,P7B 5Z5,1200 Block BALMORAL ST, TBPS] DRUG OFFENCES SUSP PRESENT OR MAY STILL BE IN AREA,Quality of Life,DRUG OFFENCES
TB23049475,"12/05/2023, 9:53:06 PM","12/06/2023, 2:02:30 PM",THUNDER BAY,ON,P7E 1B6,300 Block MAY ST S, TBPS] ASSAULT SUSP PRESENT OR IN AREA,Assault,ASSAULT
TB23049473,"12/05/2023, 9:48:13 PM","12/06/2023, 2:02:30 PM",THUNDER BAY,ON,P7E 5S2,1100 Block ARTHUR ST W, TBPS] THEFT SUSP STILL PRESENT OR MAY BE IN AREA,Other Theft,THEFT
TB23049529,"12/06/2023, 4:45:45 AM","12/06/2023, 2:02:30 PM",THUNDER BAY,ON,P7B 4M6,100 Block WINDEMERE AV S, TBPS] ASSAULT ACCUSED NOT PRESENT,Assault,ASSAULT
TB23049394,"12/05/2023, 3:11:50 PM","12/06/2023, 2:02:31 PM",THUNDER BAY,ON,P7A 4B6,200 Block VAN NORMAN ST, TBPS] MOTOR VEHICLE COLLISION 11-10 MVC ANY TYPE,Other,MOTOR VEHICLE COLLISION
TB23049402,"12/05/2023, 4:19:03 PM","12/06/2023, 2:02:31 PM",THUNDER BAY,ON,P7B 7A4,OLIVER RD AND GOLF LINKS RD, TBPS] MOTOR VEHICLE COLLISION 11-10 MVC ANY TYPE,Other,MOTOR VEHICLE COLLISION
TB23049411,"12/05/2023, 4:43:10 PM","12/06/2023, 2:02:31 PM",THUNDER BAY,ON,P7B,MEMORIAL AV AND HIGH ST S, TBPS] MOTOR VEHICLE COLLISION 11-10 MVC ANY TYPE,Other,MOTOR VEHICLE COLLISION
TB23049412,"12/05/2023, 4:46:28 PM","12/06/2023, 2:02:31 PM",THUNDER BAY,ON,P7C 2R5,200 Block PACIFIC AV, TBPS] MOTOR VEHICLE COLLISION 11-10 MVC ANY TYPE,Other,MOTOR VEHICLE COLLISION
TB23049414,"12/05/2023, 4:52:01 PM","12/06/2023, 2:02:31 PM",THUNDER BAY,ON,P7B 5V1,1000 Block DAWSON RD, TBPS] MOTOR VEHICLE COLLISION 11-10 MVC ANY TYPE,Other,MOTOR VEHICLE COLLISION
TB23049421,"12/05/2023, 5:19:24 PM","12/06/2023, 2:02:31 PM",THUNDER BAY,ON,P0T 2G0,OLIVER RD AND BOULTER RD, TBPS] MOTOR VEHICLE COLLISION 11-10 MVC ANY TYPE,Other,MOTOR VEHICLE COLLISION
TB23049419,"12/05/2023, 5:01:06 PM","12/06/2023, 2:02:31 PM",THUNDER BAY,ON,P7A 7S7,300 Block WENTWORTH CR, TBPS] MOTOR VEHICLE COLLISION 11-10 MVC ANY TYPE,Other,MOTOR VEHICLE COLLISION
TB23049422,"12/05/2023, 5:21:36 PM","12/06/2023, 2:02:31 PM",THUNDER BAY,ON,P7B,CENTRAL AV AND CARRICK ST, TBPS] MOTOR VEHICLE COLLISION 11-10 MVC ANY TYPE,Other,MOTOR VEHICLE COLLISION
TB23049434,"12/05/2023, 5:56:08 PM","12/06/2023, 2:02:31 PM",THUNDER BAY,ON,P7B 6B9,1000 Block FORT WILLIAM RD, TBPS] MOTOR VEHICLE COLLISION 11-10 MVC ANY TYPE,Other,MOTOR VEHICLE COLLISION
TB23049433,"12/05/2023, 5:56:25 PM","12/06/2023, 2:02:31 PM",THUNDER BAY,ON,P7B 1K1,CLARKSON ST N AND RED RIVER RD, TBPS] MOTOR VEHICLE COLLISION MVC NO INJURIES,Traffic,MOTOR VEHICLE COLLISION
TB23049438,"12/05/2023, 6:20:25 PM","12/06/2023, 2:02:31 PM",THUNDER BAY,ON,P7B 1K3,900 Block RED RIVER RD," TBPS] THEFT IN PROGRESS, OVER 50000",Other Theft,THEFT
TB23049437,"12/05/2023, 6:08:28 PM","12/06/2023, 2:02:31 PM",THUNDER BAY,ON,P7E 6H2,200 Block AMELIA ST W," TBPS] ASSAULT JUST OCCURRED, ACCUSED NOT PRESENT",Assault,ASSAULT
TB23049448,"12/05/2023, 7:15:37 PM","12/06/2023, 2:02:31 PM",THUNDER BAY,ON,P7B 6B9,1000 Block FORT WILLIAM RD, TBPS] MOTOR VEHICLE COLLISION 11-10 MVC ANY TYPE,Other,MOTOR VEHICLE COLLISION
TB23049454,"12/05/2023, 8:10:48 PM","12/06/2023, 2:02:31 PM",THUNDER BAY,ON,P7A 7V9,1 Block REGENT ST," TBPS] THEFT IN PROGRESS, OVER 50000",Other Theft,THEFT
TB23049457,"12/05/2023, 8:28:10 PM","12/06/2023, 2:02:31 PM",THUNDER BAY,ON,P0T 2G0,1 Block TWIN CITY CROSSROAD," TBPS] THEFT NOT IN PROGRESS, UNDER 5000",Other Theft,THEFT
TB23049449,"12/05/2023, 7:19:40 PM","12/06/2023, 2:02:31 PM",THUNDER BAY,ON,P7E 3N4,CONFEDERATION DR AND NEEBING AV, TBPS] MOTOR VEHICLE COLLISION 11-10 MVC ANY TYPE,Other,MOTOR VEHICLE COLLISION
TB23049451,"12/05/2023, 7:24:49 PM","12/06/2023, 2:02:31 PM",THUNDER BAY,ON,P7E 2C7,700 Block HALL PL, TBPS] MOTOR VEHICLE COLLISION 11-10 MVC ANY TYPE,Other,MOTOR VEHICLE COLLISION
TB23049374,"12/05/2023, 9:42:00 AM","12/06/2023, 2:02:32 PM",THUNDER BAY,ON,P7A 3S5,600 Block RIVER ST, TBPS] TROUBLE WITH YOUTH YOUTHS STILL IN AREA,Quality of Life,TROUBLE WITH YOUTH
TB23049389,"12/05/2023, 2:57:13 PM","12/06/2023, 2:02:32 PM",THUNDER BAY,ON,P7K 1C5,1 Block SIDE RD AND ARTHUR ST W, TBPS] MOTOR VEHICLE COLLISION 11-10 MVC ANY TYPE,Other,MOTOR VEHICLE COLLISION
TB23049391,"12/05/2023, 2:59:58 PM","12/06/2023, 2:02:32 PM",THUNDER BAY,ON,P7J 1K4,100 Block DARREL AV, TBPS] MOTOR VEHICLE COLLISION 11-10 MVC ANY TYPE,Other,MOTOR VEHICLE COLLISION
TB23049393,"12/05/2023, 3:02:53 PM","12/06/2023, 2:02:32 PM",THUNDER BAY,ON,P7B 6P4,500 Block HARBOUR EXPRESSWAY, TBPS] MOTOR VEHICLE COLLISION 11-10 MVC ANY TYPE,Other,MOTOR VEHICLE COLLISION
TB23049395,"12/05/2023, 3:35:30 PM","12/06/2023, 2:02:32 PM",THUNDER BAY,ON,P7B 3A6,900 Block FORT WILLIAM RD, TBPS] MOTOR VEHICLE COLLISION 11-10 MVC ANY TYPE,Other,MOTOR VEHICLE COLLISION
TB23049408,"12/05/2023, 4:36:05 PM","12/06/2023, 2:02:32 PM",THUNDER BAY,ON,P7B 3H2,FIRST AV AND ONTARIO ST, TBPS] MOTOR VEHICLE COLLISION MVC NO INJURIES,Traffic,MOTOR VEHICLE COLLISION
TB23049409,"12/05/2023, 4:36:13 PM","12/06/2023, 2:02:32 PM",THUNDER BAY,ON,P7A 3T5,200 Block RAY CT, TBPS] MOTOR VEHICLE COLLISION 11-10 MVC ANY TYPE,Other,MOTOR VEHICLE COLLISION
TB23049644,"12/06/2023, 8:12:56 PM","12/07/2023, 2:03:00 PM",THUNDER BAY,ON,P7B 7A5,1000 Block OLIVER RD, TBPS] MOTOR VEHICLE COLLISION 11-10 MVC ANY TYPE,Other,MOTOR VEHICLE COLLISION
TB23049668,"12/06/2023, 9:43:28 PM","12/07/2023, 2:03:00 PM",THUNDER BAY,ON,P7B 6H2,TUNGSTEN ST AND LITHIUM DR, TBPS] MOTOR VEHICLE COLLISION 11-10 MVC ANY TYPE,Other,MOTOR VEHICLE COLLISION
TB23049678,"12/06/2023, 10:34:19 PM","12/07/2023, 2:03:00 PM",THUNDER BAY,ON,P7B 1Y1,RUPERT ST AND JOHN ST, TBPS] MOTOR VEHICLE COLLISION MVC NO INJURIES,Traffic,MOTOR VEHICLE COLLISION
TB23049672,"12/06/2023, 9:57:31 PM","12/07/2023, 2:03:00 PM",THUNDER BAY,ON,P7C 1W2,500 Block CHURCHILL DR W, TBPS] MOTOR VEHICLE COLLISION MVC NO INJURIES,Traffic,MOTOR VEHICLE COLLISION
TB23049674,"12/06/2023, 10:25:06 PM","12/07/2023, 2:03:00 PM",THUNDER BAY,ON,P7E 5P7,200 Block ARTHUR ST W, TBPS] MOTOR VEHICLE COLLISION 11-10 MVC ANY TYPE,Other,MOTOR VEHICLE COLLISION
TB23049679,"12/06/2023, 10:40:15 PM","12/07/2023, 2:03:00 PM",THUNDER BAY,ON,P7A 4H1,300 Block HEBERT ST," TBPS] MISCHIEF 11-10, MICHIEF OVER 5000",Other Property Crime,MISCHIEF
TB23049681,"12/06/2023, 10:52:29 PM","12/07/2023, 2:03:00 PM",THUNDER BAY,ON,P7B 5V1,1000 Block DAWSON RD, TBPS] LIQUOR LICENCE ACT LIQUOR LICENCE ACT VIOLATION IN PROGRESS,Quality of Life,LIQUOR LICENCE ACT
TB23049680,"12/06/2023, 10:46:14 PM","12/07/2023, 2:03:00 PM",THUNDER BAY,ON,P7E 1C9,SYNDICATE AV S AND DONALD ST E, TBPS] DRUG OFFENCES SUSP PRESENT OR MAY STILL BE IN AREA,Quality of Life,DRUG OFFENCES
TB23049712,"12/07/2023, 2:55:56 AM","12/07/2023, 2:03:00 PM",THUNDER BAY,ON,P7B 2Z2,300 Block FORT WILLIAM RD, TBPS] ROBBERY WEAPONS - SUSP STILL IN AREA,Robbery,ROBBERY
TB23049691,"12/07/2023, 12:12:09 AM","12/07/2023, 2:03:00 PM",THUNDER BAY,ON,P7B 3A6,900 Block FORT WILLIAM RD, TBPS] ASSAULT SUSP PRESENT OR IN AREA,Assault,ASSAULT
TB23049705,"12/07/2023, 2:13:12 AM","12/07/2023, 2:03:00 PM",THUNDER BAY,ON,P7C 4R3,GOLF LINKS RD AND JAMES ST N, TBPS] MOTOR VEHICLE COLLISION MVC NO INJURIES,Traffic,MOTOR VEHICLE COLLISION
TB23049707,"12/07/2023, 2:18:52 AM","12/07/2023, 2:03:00 PM",THUNDER BAY,ON,P7A 4T8,1 Block COURT ST N, TBPS] THEFT SUSP STILL PRESENT OR MAY BE IN AREA,Other Theft,THEFT
TB23049717,"12/07/2023, 3:42:44 AM","12/07/2023, 2:03:00 PM",THUNDER BAY,ON,P7C 2H6,MCKENZIE ST AND DEASE ST, TBPS] B-E BUS/RES/OTH SUSP PRESENT OR MAY STILL BE IN AREA,Breaking & Entering,B-E BUS/RES/OTH
TB23049720,"12/07/2023, 4:21:18 AM","12/07/2023, 2:03:00 PM",THUNDER BAY,ON,P7B 2R5,900 Block CARRICK ST," TBPS] THEFT IN PROGRESS, OVER 50000",Other Theft,THEFT
TB23049727,"12/07/2023, 5:23:36 AM","12/07/2023, 2:03:00 PM",THUNDER BAY,ON,P7E 5R5,500 Block ARTHUR ST W, TBPS] LIQUOR LICENCE ACT LIQUOR LICENCE ACT VIOLATION IN PROGRESS,Quality of Life,LIQUOR LICENCE ACT
TB23049730,"12/07/2023, 5:42:47 AM","12/07/2023, 2:03:00 PM",THUNDER BAY,ON,P7E 5N6,1700 Block ARTHUR ST E, TBPS] LIQUOR LICENCE ACT LIQUOR LICENCE ACT VIOLATION IN PROGRESS,Quality of Life,LIQUOR LICENCE ACT
TB23049741,"12/07/2023, 7:46:17 AM","12/07/2023, 2:03:00 PM",THUNDER BAY,ON,P7E 2A6,300 Block KINGSWAY, TBPS] ASSAULT SUSP PRESENT OR IN AREA,Assault,ASSAULT
TB23049632,"12/06/2023, 6:58:26 PM","12/07/2023, 2:03:01 PM",THUNDER BAY,ON,P7B 6C5,1100 Block ALLOY DR, TBPS] MOTOR VEHICLE COLLISION 11-10 MVC ANY TYPE,Other,MOTOR VEHICLE COLLISION
TB23049629,"12/06/2023, 6:45:41 PM","12/07/2023, 2:03:01 PM",THUNDER BAY,ON,P7B 2X5,100 Block COURT ST S, TBPS] MOTOR VEHICLE COLLISION 11-10 MVC ANY TYPE,Other,MOTOR VEHICLE COLLISION
TB23049633,"12/06/2023, 7:02:20 PM","12/07/2023, 2:03:01 PM",THUNDER BAY,ON,P7B 5Z5,1200 Block BALMORAL ST, TBPS] STOLEN VEHICLE SUSP NOT IN AREA,Theft of Vehicle,STOLEN VEHICLE
TB23049634,"12/06/2023, 7:04:29 PM","12/07/2023, 2:03:01 PM",THUNDER BAY,ON,.,100 Block PEARL ST, TBPS] MOTOR VEHICLE COLLISION 11-10 MVC ANY TYPE,Other,MOTOR VEHICLE COLLISION
TB23049649,"12/06/2023, 8:32:19 PM","12/07/2023, 2:03:01 PM",THUNDER BAY,ON,P7E 5R8,600 Block ARTHUR ST W, TBPS] LIQUOR LICENCE ACT LIQUOR LICENCE ACT VIOLATION IN PROGRESS,Quality of Life,LIQUOR LICENCE ACT
TB23049652,"12/06/2023, 8:53:00 PM","12/07/2023, 2:03:01 PM",THUNDER BAY,ON,P7G 1M1,5200 Block TOWNLINE RD, TBPS] MOTOR VEHICLE COLLISION MVC NO INJURIES,Traffic,MOTOR VEHICLE COLLISION
TB23049663,"12/06/2023, 9:26:42 PM","12/07/2023, 2:03:01 PM",THUNDER BAY,ON,P7B 5J4,1000 Block DAWSON RD, TBPS] ASSAULT SUSP PRESENT OR IN AREA,Assault,ASSAULT
TB23049656,"12/06/2023, 8:59:00 PM","12/07/2023, 2:03:01 PM",THUNDER BAY,ON,P7B 6V4,900 Block OLIVER RD, TBPS] ASSAULT ACCUSED NOT PRESENT,Assault,ASSAULT
TB23049653,"12/06/2023, 8:53:00 PM","12/07/2023, 2:03:01 PM",THUNDER BAY,ON,P7G 1M1,5200 Block TOWNLINE RD, TBPS] MOTOR VEHICLE COLLISION MVC NO INJURIES,Traffic,MOTOR VEHICLE COLLISION
TB23049569,"12/06/2023, 12:40:19 PM","12/07/2023, 2:03:02 PM",THUNDER BAY,ON,P7E 5R5,500 Block ARTHUR ST W, TBPS] LIQUOR LICENCE ACT LIQUOR LICENCE ACT VIOLATION IN PROGRESS,Quality of Life,LIQUOR LICENCE ACT
TB23049570,"12/06/2023, 12:45:30 PM","12/07/2023, 2:03:02 PM",THUNDER BAY,ON,P7A 7W6,100 Block COADY AV, TBPS] ASSAULT ACCUSED NOT PRESENT,Assault,ASSAULT
TB23049573,"12/06/2023, 1:55:51 PM","12/07/2023, 2:03:02 PM",THUNDER BAY,ON,P7C 5S9,HUMBER CR AND CONESTOGA ST, TBPS] MOTOR VEHICLE COLLISION 11-10 MVC ANY TYPE,Other,MOTOR VEHICLE COLLISION
TB23049575,"12/06/2023, 2:08:24 PM","12/07/2023, 2:03:02 PM",THUNDER BAY,ON,P7G 2G2,DAWSON RD AND DOG LAKE RD, TBPS] MOTOR VEHICLE COLLISION 11-10 MVC ANY TYPE,Other,MOTOR VEHICLE COLLISION
TB23049576,"12/06/2023, 2:16:32 PM","12/07/2023, 2:03:02 PM",THUNDER BAY,ON,P7A 4M4,100 Block CUMBERLAND ST N, TBPS] MOTOR VEHICLE COLLISION 11-10 MVC ANY TYPE,Other,MOTOR VEHICLE COLLISION
TB23049577,"12/06/2023, 2:27:13 PM","12/07/2023, 2:03:02 PM",THUNDER BAY,ON,P7B 3T9,100 Block HILL ST S, TBPS] MOTOR VEHICLE COLLISION 11-10 MVC ANY TYPE,Other,MOTOR VEHICLE COLLISION
TB23049579,"12/06/2023, 2:30:54 PM","12/07/2023, 2:03:02 PM",THUNDER BAY,ON,P7E,JAMES ST S AND KINGSTON ST, TBPS] MOTOR VEHICLE COLLISION 11-10 MVC ANY TYPE,Other,MOTOR VEHICLE COLLISION
TB23049581,"12/06/2023, 2:50:01 PM","12/07/2023, 2:03:02 PM",THUNDER BAY,ON,P7B 6B9,1000 Block FORT WILLIAM RD, TBPS] MOTOR VEHICLE COLLISION 11-10 MVC ANY TYPE,Other,MOTOR VEHICLE COLLISION
TB23049582,"12/06/2023, 3:01:12 PM","12/07/2023, 2:03:02 PM",THUNDER BAY,ON,P7B 3Z7,700 Block MEMORIAL AV, TBPS] MOTOR VEHICLE COLLISION 11-10 MVC ANY TYPE,Other,MOTOR VEHICLE COLLISION
TB23049589,"12/06/2023, 3:39:22 PM","12/07/2023, 2:03:02 PM",THUNDER BAY,ON,P7E,ARTHUR ST W AND 61 HWY, TBPS] MOTOR VEHICLE COLLISION 11-10 MVC ANY TYPE,Other,MOTOR VEHICLE COLLISION
TB23049584,"12/06/2023, 3:10:48 PM","12/07/2023, 2:03:02 PM",THUNDER BAY,ON,P7B 3Z7,700 Block MEMORIAL AV, TBPS] MOTOR VEHICLE COLLISION 11-10 MVC ANY TYPE,Other,MOTOR VEHICLE COLLISION
TB23049591,"12/06/2023, 3:50:17 PM","12/07/2023, 2:03:02 PM",THUNDER BAY,ON,P7B 6B9,1000 Block FORT WILLIAM RD, TBPS] MOTOR VEHICLE COLLISION 11-10 MVC ANY TYPE,Other,MOTOR VEHICLE COLLISION
TB23049590,"12/06/2023, 3:47:31 PM","12/07/2023, 2:03:02 PM",THUNDER BAY,ON,P7B 4W6,1 Block CLARKSON ST S, TBPS] MOTOR VEHICLE COLLISION 11-10 MVC ANY TYPE,Other,MOTOR VEHICLE COLLISION
TB23049592,"12/06/2023, 3:58:22 PM","12/07/2023, 2:03:02 PM",THUNDER BAY,ON,P7C 5N3,700 Block JAMES ST N, TBPS] MOTOR VEHICLE COLLISION 11-10 MVC ANY TYPE,Other,MOTOR VEHICLE COLLISION
TB23049593,"12/06/2023, 4:03:59 PM","12/07/2023, 2:03:02 PM",THUNDER BAY,ON,P7C 2V7,400 Block NORTHERN AV, TBPS] MOTOR VEHICLE COLLISION 11-10 MVC ANY TYPE,Other,MOTOR VEHICLE COLLISION
TB23049594,"12/06/2023, 4:06:53 PM","12/07/2023, 2:03:02 PM",THUNDER BAY,ON,P7B 5V1,1000 Block DAWSON RD, TBPS] MOTOR VEHICLE COLLISION 11-10 MVC ANY TYPE,Other,MOTOR VEHICLE COLLISION
TB23049596,"12/06/2023, 4:10:02 PM","12/07/2023, 2:03:02 PM",THUNDER BAY,ON,P7A 3R6,RIVER ST AND COLLEGE ST, TBPS] MOTOR VEHICLE COLLISION 11-10 MVC ANY TYPE,Other,MOTOR VEHICLE COLLISION
TB23049599,"12/06/2023, 4:26:02 PM","12/07/2023, 2:03:02 PM",THUNDER BAY,ON,P7E 4L2,JAMES ST S AND MARY ST W, TBPS] MOTOR VEHICLE COLLISION 11-10 MVC ANY TYPE,Other,MOTOR VEHICLE COLLISION
TB23049602,"12/06/2023, 4:32:15 PM","12/07/2023, 2:03:02 PM",THUNDER BAY,ON,P7C 3B5,600 Block MCLAUGHLIN ST, TBPS] MOTOR VEHICLE COLLISION 11-10 MVC ANY TYPE,Other,MOTOR VEHICLE COLLISION
TB23049604,"12/06/2023, 4:43:07 PM","12/07/2023, 2:03:02 PM",THUNDER BAY,ON,P7C 5G8,BALMORAL ST AND DEASE ST, TBPS] MOTOR VEHICLE COLLISION 11-10 MVC ANY TYPE,Other,MOTOR VEHICLE COLLISION
TB23049605,"12/06/2023, 4:46:07 PM","12/07/2023, 2:03:02 PM",THUNDER BAY,ON,P7A 7S8,300 Block WENTWORTH CR, TBPS] MOTOR VEHICLE COLLISION 11-10 MVC ANY TYPE,Other,MOTOR VEHICLE COLLISION
TB23049619,"12/06/2023, 6:02:15 PM","12/07/2023, 2:03:02 PM",THUNDER BAY,ON,P7A 4M2,100 Block CUMBERLAND ST N, TBPS] THEFT SUSP STILL PRESENT OR MAY BE IN AREA,Other Theft,THEFT
TB23049646,"12/06/2023, 8:29:01 PM","12/07/2023, 2:03:02 PM",THUNDER BAY,ON,P7C 2G6,200 Block BETHUNE ST, TBPS] B-E BUS/RES/OTH 11-10,Breaking & Entering,B-E BUS/RES/OTH
TB23049461,"12/05/2023, 8:41:33 PM","12/07/2023, 2:03:03 PM",THUNDER BAY,ON,P7C 4S8,1 Block LIMBRICK ST, TBPS] THEFT SUSP STILL PRESENT OR MAY BE IN AREA,Other Theft,THEFT
TB23049548,"12/06/2023, 7:58:59 AM","12/07/2023, 2:03:03 PM",THUNDER BAY,ON,P7B,FORT WILLIAM RD AND MAIN ST, TBPS] MOTOR VEHICLE COLLISION MVC NO INJURIES,Traffic,MOTOR VEHICLE COLLISION
TB23049883,"12/08/2023, 5:20:38 AM","12/08/2023, 2:02:47 PM",THUNDER BAY,ON,P7B,2200 Block SLEEPING GIANT PKWY," TBPS] THEFT NOT IN PROGRESS, UNDER 5000",Other Theft,THEFT
TB23049880,"12/08/2023, 4:31:56 AM","12/08/2023, 2:02:47 PM",THUNDER BAY,ON,P7E 5V3,500 Block DONALD ST E, TBPS] LIQUOR LICENCE ACT LIQUOR LICENCE ACT VIOLATION IN PROGRESS,Quality of Life,LIQUOR LICENCE ACT
TB23049886,"12/08/2023, 5:35:54 AM","12/08/2023, 2:02:47 PM",THUNDER BAY,ON,P7E 5V3,500 Block DONALD ST E, TBPS] ASSAULT SUSP PRESENT OR IN AREA,Assault,ASSAULT
TB23049788,"12/07/2023, 5:52:24 PM","12/08/2023, 2:02:48 PM",THUNDER BAY,ON,P7B 3B8,100 Block ALGOMA ST S, TBPS] MOTOR VEHICLE COLLISION 11-10 MVC ANY TYPE,Other,MOTOR VEHICLE COLLISION
TB23049831,"12/07/2023, 10:51:32 PM","12/08/2023, 2:02:48 PM",THUNDER BAY,ON,P7B 5V1,1000 Block DAWSON RD, TBPS] LIQUOR LICENCE ACT LIQUOR LICENCE ACT VIOLATION IN PROGRESS,Quality of Life,LIQUOR LICENCE ACT
TB23049834,"12/07/2023, 11:03:53 PM","12/08/2023, 2:02:48 PM",THUNDER BAY,ON,P7B 5Z5,1200 Block BALMORAL ST, TBPS] STOLEN VEHICLE SUSP NOT IN AREA,Theft of Vehicle,STOLEN VEHICLE
TB23049841,"12/08/2023, 12:05:04 AM","12/08/2023, 2:02:48 PM",THUNDER BAY,ON,P7B 5K5,1100 Block MEMORIAL AV, TBPS] THEFT SUSP STILL PRESENT OR MAY BE IN AREA,Other Theft,THEFT
TB23049838,"12/07/2023, 11:47:09 PM","12/08/2023, 2:02:48 PM",THUNDER BAY,ON,P7B 5R7,100 Block CUMBERLAND ST S, TBPS] B-E BUS/RES/OTH SUSP PRESENT OR MAY STILL BE IN AREA,Breaking & Entering,B-E BUS/RES/OTH
TB23049858,"12/08/2023, 2:00:33 AM","12/08/2023, 2:02:48 PM",THUNDER BAY,ON,P7E 1H3,100 Block CENTENNIAL SQ, TBPS] ROBBERY NO WEAPONS - SUSP STILL IN AREA,Robbery,ROBBERY
TB23049837,"12/07/2023, 11:27:13 PM","12/08/2023, 2:02:48 PM",THUNDER BAY,ON,P7A 2V7,OTTO ST AND HURON AV, TBPS] MOTOR VEHICLE COLLISION MVC NO INJURIES,Traffic,MOTOR VEHICLE COLLISION
TB23049850,"12/08/2023, 1:12:36 AM","12/08/2023, 2:02:48 PM",THUNDER BAY,ON,P7C 5H7,800 Block HAROLD CR, TBPS] B-E BUS/RES/OTH SUSP PRESENT OR MAY STILL BE IN AREA,Breaking & Entering,B-E BUS/RES/OTH
TB23049848,"12/08/2023, 12:51:28 AM","12/08/2023, 2:02:48 PM",THUNDER BAY,ON,P7A 7L4,200 Block MADELINE ST," TBPS] THEFT NOT IN PROGRESS, UNDER 5000",Other Theft,THEFT
TB23049882,"12/08/2023, 5:13:31 AM","12/08/2023, 2:02:48 PM",THUNDER BAY,ON,P7G 0A1,1400 Block HUTTON PARK DR, TBPS] ASSAULT ACCUSED NOT PRESENT,Assault,ASSAULT
TB23049748,"12/07/2023, 9:35:20 AM","12/08/2023, 2:02:49 PM",THUNDER BAY,ON,P7B 5R8,100 Block CUMBERLAND ST S, TBPS] LIQUOR LICENCE ACT LIQUOR LICENCE ACT VIOLATION IN PROGRESS,Quality of Life,LIQUOR LICENCE ACT
TB23049761,"12/07/2023, 2:54:44 PM","12/08/2023, 2:02:49 PM",THUNDER BAY,ON,P7C 1E1,VICTORIA AV E AND WATERLOO ST N, TBPS] MOTOR VEHICLE COLLISION 11-10 MVC ANY TYPE,Other,MOTOR VEHICLE COLLISION
TB23049762,"12/07/2023, 2:58:45 PM","12/08/2023, 2:02:49 PM",THUNDER BAY,ON,P7E 5P4,2800 Block ARTHUR ST E, TBPS] MOTOR VEHICLE COLLISION 11-10 MVC ANY TYPE,Other,MOTOR VEHICLE COLLISION
TB23049763,"12/07/2023, 3:05:39 PM","12/08/2023, 2:02:49 PM",THUNDER BAY,ON,P7B 4A2,MEMORIAL AV AND 13TH AV, TBPS] MOTOR VEHICLE COLLISION 11-10 MVC ANY TYPE,Other,MOTOR VEHICLE COLLISION
TB23049773,"12/07/2023, 4:11:49 PM","12/08/2023, 2:02:49 PM",THUNDER BAY,ON,P7B 3E5,200 Block SECORD ST, TBPS] THEFT SUSP STILL PRESENT OR MAY BE IN AREA,Other Theft,THEFT
TB23049784,"12/07/2023, 5:39:39 PM","12/08/2023, 2:02:49 PM",THUNDER BAY,ON,P7B 3N3,FORT WILLIAM RD AND SIXTH AV, TBPS] MOTOR VEHICLE COLLISION MVC NO INJURIES,Traffic,MOTOR VEHICLE COLLISION
TB23049786,"12/07/2023, 5:44:52 PM","12/08/2023, 2:02:49 PM",THUNDER BAY,ON,P7C 4S8,1 Block LIMBRICK ST, TBPS] B-E BUS/RES/OTH SUSP PRESENT OR MAY STILL BE IN AREA,Breaking & Entering,B-E BUS/RES/OTH
TB23049802,"12/07/2023, 7:30:18 PM","12/08/2023, 2:02:49 PM",THUNDER BAY,ON,P7B,FORT WILLIAM RD AND SECOND AV, TBPS] MOTOR VEHICLE COLLISION 11-10 MVC ANY TYPE,Other,MOTOR VEHICLE COLLISION
TB23049844,"12/08/2023, 12:16:39 AM","12/08/2023, 2:02:49 PM",THUNDER BAY,ON,P7B 1R5,200 Block BAY ST, TBPS] THEFT SUSP STILL PRESENT OR MAY BE IN AREA,Other Theft,THEFT
TB23050032,"12/09/2023, 5:38:31 AM","12/09/2023, 2:02:42 PM",THUNDER BAY,ON,P7E 1M3,MARKS ST S AND ARTHUR ST E, TBPS] LIQUOR LICENCE ACT LIQUOR LICENCE ACT VIOLATION IN PROGRESS,Quality of Life,LIQUOR LICENCE ACT
TB23049587,"12/06/2023, 3:27:44 PM","12/09/2023, 2:02:42 PM",THUNDER BAY,ON,P7A 4N8,ANGUS ST AND CUMBERLAND ST N, TBPS] MOTOR VEHICLE COLLISION 11-10 MVC ANY TYPE,Other,MOTOR VEHICLE COLLISION
TB23049695,"12/07/2023, 12:33:15 AM","12/09/2023, 2:02:42 PM",THUNDER BAY,ON,P7B,FORT WILLIAM RD AND MAIN ST, TBPS] MOTOR VEHICLE COLLISION 11-10 MVC ANY TYPE,Other,MOTOR VEHICLE COLLISION
TB23049963,"12/08/2023, 8:53:21 PM","12/09/2023, 2:02:43 PM",THUNDER BAY,ON,P7E 6H9,WATERLOO ST S AND ARTHUR ST E, TBPS] MOTOR VEHICLE COLLISION MVC - AMB ENR - DUAL RESP,Other,MOTOR VEHICLE COLLISION
TB23049972,"12/08/2023, 9:18:44 PM","12/09/2023, 2:02:43 PM",THUNDER BAY,ON,P7B 5L6,300 Block MAIN ST," TBPS] MISCHIEF 11-10, MICHIEF UNDER 5000",Other Property Crime,MISCHIEF
TB23049971,"12/08/2023, 9:15:30 PM","12/09/2023, 2:02:43 PM",THUNDER BAY,ON,P7B 3A3,1 Block AV AND FORT WILLIAM RD, TBPS] MOTOR VEHICLE COLLISION 11-10 MVC ANY TYPE,Other,MOTOR VEHICLE COLLISION
TB23049966,"12/08/2023, 9:08:59 PM","12/09/2023, 2:02:43 PM",THUNDER BAY,ON,P7E 6S2,100 Block PRINCESS ST, TBPS] MOTOR VEHICLE COLLISION 11-10 MVC ANY TYPE,Other,MOTOR VEHICLE COLLISION
TB23049977,"12/08/2023, 9:00:00 PM","12/09/2023, 2:02:43 PM",THUNDER BAY,ON,P7B 1A9,200 Block RED RIVER RD, TBPS] MISCHIEF IP PROGRESS/SUPECT IN AREA,Other Property Crime,MISCHIEF
TB23049973,"12/08/2023, 9:23:51 PM","12/09/2023, 2:02:43 PM",THUNDER BAY,ON,P7E 5R5,500 Block ARTHUR ST W, TBPS] MOTOR VEHICLE COLLISION 11-10 MVC ANY TYPE,Other,MOTOR VEHICLE COLLISION
TB23050021,"12/09/2023, 3:46:48 AM","12/09/2023, 2:02:43 PM",THUNDER BAY,ON,P7B 3Y2,300 Block MEMORIAL AV," TBPS] THEFT NOT IN PROGRESS, UNDER 5000",Other Theft,THEFT
TB23049989,"12/08/2023, 11:13:16 PM","12/09/2023, 2:02:43 PM",THUNDER BAY,ON,P7B 6S2,700 Block MEMORIAL AV, TBPS] ROBBERY WEAPONS - SUSP STILL IN AREA,Robbery,ROBBERY
TB23049993,"12/08/2023, 11:24:59 PM","12/09/2023, 2:02:43 PM",THUNDER BAY,ON,P7A 3S6,700 Block RIVER ST, TBPS] ASSAULT ACCUSED NOT PRESENT,Assault,ASSAULT
TB23049974,"12/08/2023, 9:30:40 PM","12/09/2023, 2:02:43 PM",THUNDER BAY,ON,P7A 2J6,200 Block GIBSON AV, TBPS] MOTOR VEHICLE COLLISION 11-10 MVC ANY TYPE,Other,MOTOR VEHICLE COLLISION
TB23049975,"12/08/2023, 9:35:15 PM","12/09/2023, 2:02:43 PM",THUNDER BAY,ON,P7B 5V1,1000 Block DAWSON RD, TBPS] MOTOR VEHICLE COLLISION 11-10 MVC ANY TYPE,Other,MOTOR VEHICLE COLLISION
TB23049987,"12/08/2023, 10:54:22 PM","12/09/2023, 2:02:43 PM",THUNDER BAY,ON,.,BANNING ST AND CORNWALL AV, TBPS] ASSAULT SUSP PRESENT OR IN AREA,Assault,ASSAULT
TB23050020,"12/09/2023, 3:37:24 AM","12/09/2023, 2:02:43 PM",THUNDER BAY,ON,P7A 3S4,600 Block RIVER ST, TBPS] LIQUOR LICENCE ACT LIQUOR LICENCE ACT VIOLATION IN PROGRESS,Quality of Life,LIQUOR LICENCE ACT
TB23050040,"12/09/2023, 6:56:17 AM","12/09/2023, 2:02:43 PM",THUNDER BAY,ON,P7E 2V4,100 Block JAMES ST S, TBPS] LIQUOR LICENCE ACT LIQUOR LICENCE ACT VIOLATION IN PROGRESS,Quality of Life,LIQUOR LICENCE ACT
TB23049976,"12/08/2023, 9:35:43 PM","12/09/2023, 2:02:43 PM",THUNDER BAY,ON,P7A 7L4,200 Block MADELINE ST, TBPS] ASSAULT ACCUSED NOT PRESENT,Assault,ASSAULT
TB23050006,"12/09/2023, 1:49:12 AM","12/09/2023, 2:02:43 PM",THUNDER BAY,ON,P7G 1E5,HUTTON PARK DR AND WOODCREST RD, TBPS] MOTOR VEHICLE COLLISION MVC NO INJURIES,Traffic,MOTOR VEHICLE COLLISION
TB23049870,"12/08/2023, 3:32:26 AM","12/09/2023, 2:02:44 PM",THUNDER BAY,ON,P7B 3G2,1 Block ONTARIO ST, TBPS] ASSAULT ACCUSED NOT PRESENT,Assault,ASSAULT
TB23049916,"12/08/2023, 2:14:18 PM","12/09/2023, 2:02:44 PM",THUNDER BAY,ON,P7C 3J7,600 Block SIMPSON ST, TBPS] B-E BUS/RES/OTH SUSP PRESENT OR MAY STILL BE IN AREA,Breaking & Entering,B-E BUS/RES/OTH
TB23049946,"12/08/2023, 6:59:15 PM","12/09/2023, 2:02:44 PM",THUNDER BAY,ON,P7B 3Z8,700 Block MEMORIAL AV, TBPS] MOTOR VEHICLE COLLISION 11-10 MVC ANY TYPE,Other,MOTOR VEHICLE COLLISION
TB23049906,"12/08/2023, 8:31:17 AM","12/09/2023, 2:02:44 PM",THUNDER BAY,ON,P7B 2X7,100 Block COURT ST S, TBPS] ASSAULT SUSP PRESENT OR IN AREA,Assault,ASSAULT
TB23049964,"12/08/2023, 9:02:11 PM","12/09/2023, 2:02:44 PM",THUNDER BAY,ON,P7C 4T8,700 Block NORAH CR, TBPS] ASSAULT ACCUSED NOT PRESENT,Assault,ASSAULT
TB23049846,"12/08/2023, 12:23:13 AM","12/09/2023, 2:02:45 PM",THUNDER BAY,ON,P7B,MEMORIAL AV AND CENTRAL AV, TBPS] MOTOR VEHICLE COLLISION 11-10 MVC ANY TYPE,Other,MOTOR VEHICLE COLLISION
TB23049893,"12/08/2023, 7:03:50 AM","12/09/2023, 2:02:45 PM",THUNDER BAY,ON,P7C 3P8,200 Block MAY ST N, TBPS] ASSAULT SUSP PRESENT OR IN AREA,Assault,ASSAULT
TB23050140,"12/09/2023, 11:59:08 PM","12/10/2023, 2:02:28 PM",THUNDER BAY,ON,P7A 1K4,300 Block CONYERS ST," TBPS] MISCHIEF 11-10, MICHIEF UNDER 5000",Other Property Crime,MISCHIEF
TB23050159,"12/10/2023, 2:38:34 AM","12/10/2023, 2:02:28 PM",THUNDER BAY,ON,P7C 1A6,MAY ST N AND VICTORIA AV E, TBPS] MOTOR VEHICLE COLLISION MVC NO INJURIES,Traffic,MOTOR VEHICLE COLLISION
TB23050160,"12/10/2023, 2:48:01 AM","12/10/2023, 2:02:28 PM",THUNDER BAY,ON,P7E 2R9,700 Block LINWOOD CR, TBPS] LIQUOR LICENCE ACT LIQUOR LICENCE ACT VIOLATION IN PROGRESS,Quality of Life,LIQUOR LICENCE ACT
TB23050141,"12/10/2023, 12:02:44 AM","12/10/2023, 2:02:28 PM",THUNDER BAY,ON,P7B 6S2,700 Block MEMORIAL AV, TBPS] ASSAULT SUSP PRESENT OR IN AREA,Assault,ASSAULT
TB23050166,"12/10/2023, 3:53:10 AM","12/10/2023, 2:02:28 PM",THUNDER BAY,ON,P7B 2H1,500 Block OLIVER RD, TBPS] MOTOR VEHICLE COLLISION MVC NO INJURIES,Traffic,MOTOR VEHICLE COLLISION
TB23050184,"12/10/2023, 7:14:12 AM","12/10/2023, 2:02:28 PM",THUNDER BAY,ON,P7E 6J1,1 Block VALHALLA INN RD, TBPS] LIQUOR LICENCE ACT LIQUOR LICENCE ACT VIOLATION IN PROGRESS,Quality of Life,LIQUOR LICENCE ACT
TB23050101,"12/09/2023, 6:41:16 PM","12/10/2023, 2:02:29 PM",THUNDER BAY,ON,P7C 2G7,100 Block CAMERON ST, TBPS] ASSAULT SUSP PRESENT OR IN AREA,Assault,ASSAULT
TB23050095,"12/09/2023, 5:56:55 PM","12/10/2023, 2:02:29 PM",THUNDER BAY,ON,P7C 5N4,400 Block BALMORAL ST," TBPS] THEFT NOT IN PROGRESS, UNDER 5000",Other Theft,THEFT
TB23050110,"12/09/2023, 7:42:19 PM","12/10/2023, 2:02:29 PM",THUNDER BAY,ON,P7B 5L4,CUMBERLAND ST S AND PEARL ST, TBPS] MOTOR VEHICLE COLLISION 11-10 MVC ANY TYPE,Other,MOTOR VEHICLE COLLISION
TB23050109,"12/09/2023, 7:41:31 PM","12/10/2023, 2:02:29 PM",THUNDER BAY,ON,P7E 4C7,JAMES ST S AND FRANCIS ST W, TBPS] MOTOR VEHICLE COLLISION MVC NO INJURIES,Traffic,MOTOR VEHICLE COLLISION
TB23050152,"12/10/2023, 1:51:45 AM","12/10/2023, 2:02:29 PM",THUNDER BAY,ON,P7K,FRASER RD AND POLE LINE RD," TBPS] MISCHIEF 11-10, MICHIEF UNDER 5000",Other Property Crime,MISCHIEF
TB23050172,"12/10/2023, 5:21:42 AM","12/10/2023, 2:02:29 PM",THUNDER BAY,ON,P7A 7W2,400 Block LANARK CR, TBPS] LIQUOR LICENCE ACT LIQUOR LICENCE ACT VIOLATION IN PROGRESS,Quality of Life,LIQUOR LICENCE ACT
TB23050037,"12/09/2023, 6:30:50 AM","12/10/2023, 2:02:30 PM",THUNDER BAY,ON,P7B 5L4,1 Block CUMBERLAND ST S, TBPS] DRUG OFFENCES SUSP PRESENT OR MAY STILL BE IN AREA,Quality of Life,DRUG OFFENCES
TB23050051,"12/09/2023, 8:52:51 AM","12/10/2023, 2:02:30 PM",THUNDER BAY,ON,P7B 1A5,200 Block RED RIVER RD, TBPS] ASSAULT SUSP PRESENT OR IN AREA,Assault,ASSAULT
TB23050062,"12/09/2023, 12:14:30 PM","12/10/2023, 2:02:30 PM",THUNDER BAY,ON,P7C 5Y2,200 Block LILLIE ST N, TBPS] LIQUOR LICENCE ACT LIQUOR LICENCE ACT VIOLATION IN PROGRESS,Quality of Life,LIQUOR LICENCE ACT
TB23050078,"12/09/2023, 3:46:49 PM","12/10/2023, 2:02:30 PM",THUNDER BAY,ON,P7E 5V3,500 Block DONALD ST E," TBPS] MISCHIEF IP/SUSP IN AREA, UNDER 5,000",Other Property Crime,MISCHIEF
TB23050273,"12/11/2023, 3:15:37 AM","12/11/2023, 2:02:13 PM",THUNDER BAY,ON,P7B 6S2,700 Block MEMORIAL AV, TBPS] LIQUOR LICENCE ACT LIQUOR LICENCE ACT VIOLATION IN PROGRESS,Quality of Life,LIQUOR LICENCE ACT
TB23050284,"12/11/2023, 5:24:43 AM","12/11/2023, 2:02:13 PM",THUNDER BAY,ON,P7E 5V3,500 Block DONALD ST E, TBPS] ROBBERY NO WEAPONS - SUSP STILL IN AREA,Robbery,ROBBERY
TB23050283,"12/11/2023, 5:19:15 AM","12/11/2023, 2:02:13 PM",THUNDER BAY,ON,P7C 2G3,100 Block BETHUNE ST, TBPS] LIQUOR LICENCE ACT LIQUOR LICENCE ACT VIOLATION IN PROGRESS,Quality of Life,LIQUOR LICENCE ACT
TB23050203,"12/10/2023, 10:03:10 AM","12/11/2023, 2:02:14 PM",THUNDER BAY,ON,P7A 5V6,UNKNOWN STREET AND UNKNOWN STREET, TBPS] LIQUOR LICENCE ACT LIQUOR LICENCE ACT VIOLATION IN PROGRESS,Quality of Life,LIQUOR LICENCE ACT
TB23050234,"12/10/2023, 8:23:30 PM","12/11/2023, 2:02:14 PM",THUNDER BAY,ON,P7C 3G2,1000 Block ALBERTA ST, TBPS] B-E BUS/RES/OTH 11-10,Breaking & Entering,B-E BUS/RES/OTH
TB23050237,"12/10/2023, 8:42:43 PM","12/11/2023, 2:02:14 PM",THUNDER BAY,ON,P7G 2C4,100 Block WARDROPE AV, TBPS] ASSAULT SUSP PRESENT OR IN AREA,Assault,ASSAULT
TB23050236,"12/10/2023, 8:37:51 PM","12/11/2023, 2:02:14 PM",THUNDER BAY,ON,P7B 5E1,UNIVERSITY DR AND EDWARD ST N, TBPS] MOTOR VEHICLE COLLISION MVC NO INJURIES,Traffic,MOTOR VEHICLE COLLISION
TB23050254,"12/10/2023, 11:50:21 PM","12/11/2023, 2:02:14 PM",THUNDER BAY,ON,P7B 5Z5,1200 Block BALMORAL ST," TBPS] MISCHIEF IP/SUSP IN AREA, UNDER 5,000",Other Property Crime,MISCHIEF
TB23050261,"12/11/2023, 1:40:20 AM","12/11/2023, 2:02:14 PM",THUNDER BAY,ON,P7A 7S5,PRESCOTT CR AND WENTWORTH ST, TBPS] MOTOR VEHICLE COLLISION MVC - AMB ENR - DUAL RESP,Other,MOTOR VEHICLE COLLISION
TB23050267,"12/11/2023, 2:06:42 AM","12/11/2023, 2:02:14 PM",THUNDER BAY,ON,P7K 1C8,1700 Block ARTHUR ST W, TBPS] MOTOR VEHICLE COLLISION MVC NO INJURIES,Traffic,MOTOR VEHICLE COLLISION
TB23050274,"12/11/2023, 3:32:46 AM","12/11/2023, 2:02:14 PM",THUNDER BAY,ON,P7C,WILTSHIRE CR, TBPS] LIQUOR LICENCE ACT LIQUOR LICENCE ACT VIOLATION IN PROGRESS,Quality of Life,LIQUOR LICENCE ACT
TB23050281,"12/11/2023, 5:04:39 AM","12/11/2023, 2:02:14 PM",THUNDER BAY,ON,P7B 5J4,1000 Block DAWSON RD, TBPS] ASSAULT SUSP PRESENT OR IN AREA,Assault,ASSAULT
TB23050008,"12/09/2023, 2:16:22 AM","12/11/2023, 2:02:15 PM",THUNDER BAY,ON,P7B,HARBOUR EXPRESSWAY AND 61 HWY, TBPS] ASSAULT ACCUSED NOT PRESENT,Assault,ASSAULT
TB23050135,"12/09/2023, 11:03:26 PM","12/11/2023, 2:02:15 PM",THUNDER BAY,ON,P7E 1R7,600 Block FRANKLIN ST S, TBPS] MOTOR VEHICLE COLLISION MVC NO INJURIES,Traffic,MOTOR VEHICLE COLLISION
TB23050146,"12/10/2023, 12:59:20 AM","12/11/2023, 2:02:15 PM",THUNDER BAY,ON,P7C 4P5,400 Block EDWARD ST N, TBPS] MOTOR VEHICLE COLLISION MVC - AMB ENR - DUAL RESP,Other,MOTOR VEHICLE COLLISION
TB23050192,"12/10/2023, 8:14:24 AM","12/11/2023, 2:02:15 PM",THUNDER BAY,ON,P7A 7R5,300 Block COUNTY BLVD, TBPS] LIQUOR LICENCE ACT LIQUOR LICENCE ACT VIOLATION IN PROGRESS,Quality of Life,LIQUOR LICENCE ACT
TB23050208,"12/10/2023, 12:15:00 PM","12/11/2023, 2:02:15 PM",THUNDER BAY,ON,P7A 5G9,100 Block REGENT ST," TBPS] THEFT NOT IN PROGRESS, FROM MOTOR VEHICLE",Theft from Vehicle,THEFT
TB23050216,"12/10/2023, 4:32:19 PM","12/11/2023, 2:02:15 PM",THUNDER BAY,ON,P7B 2R5,900 Block CARRICK ST, TBPS] THEFT SUSP STILL PRESENT OR MAY BE IN AREA,Other Theft,THEFT
TB23050218,"12/10/2023, 5:21:28 PM","12/11/2023, 2:02:15 PM",THUNDER BAY,ON,P7E 6G4,400 Block YONGE CT, TBPS] STOLEN VEHICLE SUSP NOT IN AREA,Theft of Vehicle,STOLEN VEHICLE
TB23050392,"12/11/2023, 7:35:19 PM","12/12/2023, 2:03:15 PM",THUNDER BAY,ON,P7E 5R8,600 Block ARTHUR ST W, TBPS] THEFT SUSP STILL PRESENT OR MAY BE IN AREA,Other Theft,THEFT
TB23050409,"12/11/2023, 10:11:27 PM","12/12/2023, 2:03:15 PM",THUNDER BAY,ON,P7B 1R5,200 Block BAY ST," TBPS] THEFT NOT IN PROGRESS, UNDER 5000",Other Theft,THEFT
TB23050418,"12/11/2023, 11:26:54 PM","12/12/2023, 2:03:15 PM",THUNDER BAY,ON,P7B 6B9,1000 Block FORT WILLIAM RD, TBPS] SHOPLIFT IN CUSTODY - NO PROBLEMS,Theft,SHOPLIFT
TB23050425,"12/12/2023, 12:35:54 AM","12/12/2023, 2:03:15 PM",THUNDER BAY,ON,P7G 2E8,GOVERNMENT RD AND DAWSON RD, TBPS] MOTOR VEHICLE COLLISION MVC - AMB ENR - DUAL RESP,Other,MOTOR VEHICLE COLLISION
TB23050426,"12/12/2023, 12:57:29 AM","12/12/2023, 2:03:15 PM",THUNDER BAY,ON,P7A 4X8,CLAVET ST AND COURT ST N, TBPS] MOTOR VEHICLE COLLISION MVC - AMB ENR - DUAL RESP,Other,MOTOR VEHICLE COLLISION
TB23050446,"12/12/2023, 3:45:57 AM","12/12/2023, 2:03:15 PM",THUNDER BAY,ON,P7A 3S5,600 Block RIVER ST, TBPS] TROUBLE WITH YOUTH YOUTHS STILL IN AREA,Quality of Life,TROUBLE WITH YOUTH
TB23050438,"12/12/2023, 2:51:58 AM","12/12/2023, 2:03:15 PM",THUNDER BAY,ON,P7B 5V1,1000 Block DAWSON RD, TBPS] TROUBLE WITH YOUTH YOUTHS STILL IN AREA,Quality of Life,TROUBLE WITH YOUTH
TB23050454,"12/12/2023, 4:45:22 AM","12/12/2023, 2:03:15 PM",THUNDER BAY,ON,P7B 6J6,100 Block PICTON AV, TBPS] B-E BUS/RES/OTH SUSP PRESENT OR MAY STILL BE IN AREA,Breaking & Entering,B-E BUS/RES/OTH
TB23050360,"12/11/2023, 5:17:35 PM","12/12/2023, 2:03:16 PM",THUNDER BAY,ON,P7E 3V4,100 Block FREDERICA ST E, TBPS] MOTOR VEHICLE COLLISION 11-10 MVC ANY TYPE,Other,MOTOR VEHICLE COLLISION
TB23050357,"12/11/2023, 5:05:17 PM","12/12/2023, 2:03:16 PM",THUNDER BAY,ON,P7B,MEMORIAL AV AND CENTRAL AV, TBPS] MOTOR VEHICLE COLLISION 11-10 MVC ANY TYPE,Other,MOTOR VEHICLE COLLISION
TB23050359,"12/11/2023, 5:13:54 PM","12/12/2023, 2:03:16 PM",THUNDER BAY,ON,P7C 2G4,MCKENZIE ST AND BETHUNE ST, TBPS] MOTOR VEHICLE COLLISION 11-10 MVC ANY TYPE,Other,MOTOR VEHICLE COLLISION
TB23050370,"12/11/2023, 5:38:01 PM","12/12/2023, 2:03:16 PM",THUNDER BAY,ON,P7B 1E3,200 Block PEARL ST, TBPS] DRUG OFFENCES SUSP PRESENT OR MAY STILL BE IN AREA,Quality of Life,DRUG OFFENCES
TB23050323,"12/11/2023, 3:06:20 PM","12/12/2023, 2:03:17 PM",THUNDER BAY,ON,P7B 2R5,900 Block CARRICK ST, TBPS] MOTOR VEHICLE COLLISION 11-10 MVC ANY TYPE,Other,MOTOR VEHICLE COLLISION
TB23050325,"12/11/2023, 3:21:16 PM","12/12/2023, 2:03:17 PM",THUNDER BAY,ON,P7B 6B9,1000 Block FORT WILLIAM RD, TBPS] MOTOR VEHICLE COLLISION 11-10 MVC ANY TYPE,Other,MOTOR VEHICLE COLLISION
TB23050330,"12/11/2023, 3:40:31 PM","12/12/2023, 2:03:17 PM",THUNDER BAY,ON,P7B 5Z5,1200 Block BALMORAL ST," TBPS] THEFT NOT IN PROGRESS, FROM MOTOR VEHICLE",Theft from Vehicle,THEFT
TB23050339,"12/11/2023, 4:18:40 PM","12/12/2023, 2:03:17 PM",THUNDER BAY,ON,P7C 2W4,NORTHERN AV AND VICKERS ST N, TBPS] MOTOR VEHICLE COLLISION 11-10 MVC ANY TYPE,Other,MOTOR VEHICLE COLLISION
TB23050344,"12/11/2023, 4:41:58 PM","12/12/2023, 2:03:17 PM",THUNDER BAY,ON,P7B 5V6,900 Block JOHN ST," TBPS] MISCHIEF 11-10, MICHIEF UNDER 5000",Other Property Crime,MISCHIEF
TB23050348,"12/11/2023, 4:50:46 PM","12/12/2023, 2:03:17 PM",THUNDER BAY,ON,P7G 1R8,OLIVER RD AND MAPLEWARD RD, TBPS] MOTOR VEHICLE COLLISION 11-10 MVC ANY TYPE,Other,MOTOR VEHICLE COLLISION
TB23050353,"12/11/2023, 4:56:57 PM","12/12/2023, 2:03:17 PM",THUNDER BAY,ON,P7B,HARBOUR EXPRESSWAY AND 16TH AV, TBPS] MOTOR VEHICLE COLLISION 11-10 MVC ANY TYPE,Other,MOTOR VEHICLE COLLISION
TB23050385,"12/11/2023, 6:38:42 PM","12/12/2023, 2:03:17 PM",THUNDER BAY,ON,P7B 2G9,500 Block OLIVER RD," TBPS] THEFT NOT IN PROGRESS, UNDER 5000",Other Theft,THEFT
TB23050302,"12/11/2023, 8:36:02 AM","12/12/2023, 2:03:18 PM",THUNDER BAY,ON,P7B 5J4,1000 Block DAWSON RD, TBPS] ASSAULT SUSP PRESENT OR IN AREA,Assault,ASSAULT
TB23050314,"12/11/2023, 11:16:25 AM","12/12/2023, 2:03:18 PM",THUNDER BAY,ON,P7B 6A3,FULTON BLVD AND SHERRINGTON DR, TBPS] LIQUOR LICENCE ACT LIQUOR LICENCE ACT VIOLATION IN PROGRESS,Quality of Life,LIQUOR LICENCE ACT
TB23050333,"12/11/2023, 4:02:07 PM","12/12/2023, 2:03:18 PM",THUNDER BAY,ON,P7A 7G2,100 Block GLADMAN CR, TBPS] MOTOR VEHICLE COLLISION 11-10 MVC ANY TYPE,Other,MOTOR VEHICLE COLLISION
TB23050341,"12/11/2023, 4:19:41 PM","12/12/2023, 2:03:18 PM",THUNDER BAY,ON,P7G 2G2,2300 Block DAWSON RD," TBPS] MISCHIEF 11-10, MICHIEF UNDER 5000",Other Property Crime,MISCHIEF
TB23050346,"12/11/2023, 4:45:15 PM","12/12/2023, 2:03:18 PM",THUNDER BAY,ON,P7E 2P5,WALSH ST W AND LELAND AV S, TBPS] MOTOR VEHICLE COLLISION MVC NO INJURIES,Traffic,MOTOR VEHICLE COLLISION
TB23050641,"12/13/2023, 4:37:08 AM","12/13/2023, 2:03:28 PM",THUNDER BAY,ON,P7E 5V3,500 Block DONALD ST E," TBPS] THEFT NOT IN PROGRESS, UNDER 5000",Other Theft,THEFT
TB23050576,"12/12/2023, 7:00:17 PM","12/13/2023, 2:03:29 PM",THUNDER BAY,ON,P7A 1P5,300 Block BLACK BAY RD," TBPS] MISCHIEF 11-10, MICHIEF OVER 5000",Other Property Crime,MISCHIEF
TB23050581,"12/12/2023, 7:30:01 PM","12/13/2023, 2:03:29 PM",THUNDER BAY,ON,P7K 1K2,1200 Block HAWKER RD, TBPS] MOTOR VEHICLE COLLISION 11-10 MVC ANY TYPE,Other,MOTOR VEHICLE COLLISION
TB23050585,"12/12/2023, 7:46:46 PM","12/13/2023, 2:03:29 PM",THUNDER BAY,ON,P7B 0B5,BALMORAL ST AND BEVERLY ST, TBPS] MOTOR VEHICLE COLLISION 11-10 MVC ANY TYPE,Other,MOTOR VEHICLE COLLISION
TB23050602,"12/12/2023, 10:32:17 PM","12/13/2023, 2:03:29 PM",THUNDER BAY,ON,P7K,1 Block HWY AND BROADWAY AV, TBPS] MOTOR VEHICLE COLLISION MVC - AMB ENR - DUAL RESP,Other,MOTOR VEHICLE COLLISION
TB23050611,"12/12/2023, 11:41:17 PM","12/13/2023, 2:03:29 PM",THUNDER BAY,ON,P7K 1K2,1200 Block ARTHUR ST W, TBPS] ASSAULT ACCUSED NOT PRESENT,Assault,ASSAULT
TB23050621,"12/13/2023, 1:07:53 AM","12/13/2023, 2:03:29 PM",THUNDER BAY,ON,P7B 2Z2,300 Block FORT WILLIAM RD, TBPS] THEFT SUSP STILL PRESENT OR MAY BE IN AREA,Other Theft,THEFT
TB23050626,"12/13/2023, 2:23:33 AM","12/13/2023, 2:03:29 PM",THUNDER BAY,ON,P7B 6S2,700 Block MEMORIAL AV, TBPS] THEFT SUSP STILL PRESENT OR MAY BE IN AREA,Other Theft,THEFT
TB23050650,"12/13/2023, 5:52:31 AM","12/13/2023, 2:03:29 PM",THUNDER BAY,ON,P7E 1E3,RIDGEWAY ST E AND SYNDICATE AV S, TBPS] ASSAULT SUSP PRESENT OR IN AREA,Assault,ASSAULT
TB23050530,"12/12/2023, 5:10:19 PM","12/13/2023, 2:03:30 PM",THUNDER BAY,ON,P7E,ARTHUR ST W AND 61 HWY, TBPS] MOTOR VEHICLE COLLISION 11-10 MVC ANY TYPE,Other,MOTOR VEHICLE COLLISION
TB23050534,"12/12/2023, 5:16:41 PM","12/13/2023, 2:03:30 PM",THUNDER BAY,ON,P7C 5G9,600 Block BALMORAL ST, TBPS] MOTOR VEHICLE COLLISION 11-10 MVC ANY TYPE,Other,MOTOR VEHICLE COLLISION
TB23050539,"12/12/2023, 5:24:45 PM","12/13/2023, 2:03:30 PM",THUNDER BAY,ON,P7B,HARBOUR EXPRESSWAY AND BALMORAL ST, TBPS] MOTOR VEHICLE COLLISION 11-10 MVC ANY TYPE,Other,MOTOR VEHICLE COLLISION
TB23050542,"12/12/2023, 5:27:38 PM","12/13/2023, 2:03:30 PM",THUNDER BAY,ON,P7B,HARBOUR EXPRESSWAY AND BALMORAL ST, TBPS] MOTOR VEHICLE COLLISION 11-10 MVC ANY TYPE,Other,MOTOR VEHICLE COLLISION
TB23050543,"12/12/2023, 5:29:30 PM","12/13/2023, 2:03:30 PM",THUNDER BAY,ON,P7A 5R5,HIGH ST N AND VAN NORMAN ST, TBPS] MOTOR VEHICLE COLLISION 11-10 MVC ANY TYPE,Other,MOTOR VEHICLE COLLISION
TB23050546,"12/12/2023, 5:34:36 PM","12/13/2023, 2:03:30 PM",THUNDER BAY,ON,P7E,NEEBING AV AND ROSSLYN RD, TBPS] MOTOR VEHICLE COLLISION 11-10 MVC ANY TYPE,Other,MOTOR VEHICLE COLLISION
TB23050547,"12/12/2023, 5:36:45 PM","12/13/2023, 2:03:30 PM",THUNDER BAY,ON,P7A 4Z3,VAN NORMAN ST AND ALGOMA ST N, TBPS] MOTOR VEHICLE COLLISION 11-10 MVC ANY TYPE,Other,MOTOR VEHICLE COLLISION
TB23050548,"12/12/2023, 5:37:08 PM","12/13/2023, 2:03:30 PM",THUNDER BAY,ON,P7C 4Y7,300 Block LILLIE ST N, TBPS] MOTOR VEHICLE COLLISION 11-10 MVC ANY TYPE,Other,MOTOR VEHICLE COLLISION
TB23050549,"12/12/2023, 5:38:39 PM","12/13/2023, 2:03:30 PM",THUNDER BAY,ON,P7B,DAWSON RD AND FASSINA ST, TBPS] MOTOR VEHICLE COLLISION 11-10 MVC ANY TYPE,Other,MOTOR VEHICLE COLLISION
TB23050550,"12/12/2023, 5:41:13 PM","12/13/2023, 2:03:30 PM",THUNDER BAY,ON,P7B,JOHN ST AND SOUTH WATER ST, TBPS] MOTOR VEHICLE COLLISION 11-10 MVC ANY TYPE,Other,MOTOR VEHICLE COLLISION
TB23050552,"12/12/2023, 5:54:36 PM","12/13/2023, 2:03:30 PM",THUNDER BAY,ON,P7C 3R3,DEASE ST AND MAY ST N, TBPS] MOTOR VEHICLE COLLISION 11-10 MVC ANY TYPE,Other,MOTOR VEHICLE COLLISION
TB23050556,"12/12/2023, 6:15:13 PM","12/13/2023, 2:03:30 PM",THUNDER BAY,ON,P7C 5V3,BALMORAL ST AND NORAH CR, TBPS] MOTOR VEHICLE COLLISION 11-10 MVC ANY TYPE,Other,MOTOR VEHICLE COLLISION
TB23050559,"12/12/2023, 6:26:04 PM","12/13/2023, 2:03:30 PM",THUNDER BAY,ON,P7B,HARBOUR EXPRESSWAY AND BALMORAL ST, TBPS] MOTOR VEHICLE COLLISION 11-10 MVC ANY TYPE,Other,MOTOR VEHICLE COLLISION
TB23050560,"12/12/2023, 6:27:54 PM","12/13/2023, 2:03:30 PM",THUNDER BAY,ON,P7B 2G7,OLIVER RD AND RAY BLVD, TBPS] MOTOR VEHICLE COLLISION 11-10 MVC ANY TYPE,Other,MOTOR VEHICLE COLLISION
TB23050562,"12/12/2023, 6:30:30 PM","12/13/2023, 2:03:30 PM",THUNDER BAY,ON,P7C,EDWARD ST N AND REDWOOD AV E, TBPS] MOTOR VEHICLE COLLISION 11-10 MVC ANY TYPE,Other,MOTOR VEHICLE COLLISION
TB23050563,"12/12/2023, 6:32:59 PM","12/13/2023, 2:03:30 PM",THUNDER BAY,ON,P7B 1K1,RED RIVER RD AND ALGONQUIN AV S, TBPS] MOTOR VEHICLE COLLISION 11-10 MVC ANY TYPE,Other,MOTOR VEHICLE COLLISION
TB23050564,"12/12/2023, 6:34:41 PM","12/13/2023, 2:03:30 PM",THUNDER BAY,ON,P7B,FORT WILLIAM RD AND HARBOUR EXPRESSWAY, TBPS] MOTOR VEHICLE COLLISION 11-10 MVC ANY TYPE,Other,MOTOR VEHICLE COLLISION
TB23050565,"12/12/2023, 6:36:37 PM","12/13/2023, 2:03:30 PM",THUNDER BAY,ON,P7C,GOLF LINKS RD AND HARBOUR EXPRESSWAY, TBPS] MOTOR VEHICLE COLLISION 11-10 MVC ANY TYPE,Other,MOTOR VEHICLE COLLISION
TB23050567,"12/12/2023, 6:39:53 PM","12/13/2023, 2:03:30 PM",THUNDER BAY,ON,P7A 2Z2,1 Block SHUNIAH ST, TBPS] MOTOR VEHICLE COLLISION 11-10 MVC ANY TYPE,Other,MOTOR VEHICLE COLLISION
TB23050569,"12/12/2023, 6:41:27 PM","12/13/2023, 2:03:30 PM",THUNDER BAY,ON,P7B 1K1,RED RIVER RD AND CLARKSON ST N, TBPS] MOTOR VEHICLE COLLISION 11-10 MVC ANY TYPE,Other,MOTOR VEHICLE COLLISION
TB23050571,"12/12/2023, 6:49:28 PM","12/13/2023, 2:03:30 PM",THUNDER BAY,ON,P7B 5T9,BALMORAL ST AND SIBLEY DR, TBPS] MOTOR VEHICLE COLLISION 11-10 MVC ANY TYPE,Other,MOTOR VEHICLE COLLISION
TB23050572,"12/12/2023, 6:51:47 PM","12/13/2023, 2:03:30 PM",THUNDER BAY,ON,P7B 1Z5,JOHN ST AND KENOGAMI AV S, TBPS] MOTOR VEHICLE COLLISION 11-10 MVC ANY TYPE,Other,MOTOR VEHICLE COLLISION
TB23050573,"12/12/2023, 6:55:46 PM","12/13/2023, 2:03:30 PM",THUNDER BAY,ON,P7E 1E3,ARTHUR ST E AND SYNDICATE AV S, TBPS] MOTOR VEHICLE COLLISION 11-10 MVC ANY TYPE,Other,MOTOR VEHICLE COLLISION
TB23050575,"12/12/2023, 6:58:49 PM","12/13/2023, 2:03:30 PM",THUNDER BAY,ON,P7C 2X2,FOREST ST AND BALMORAL ST, TBPS] MOTOR VEHICLE COLLISION 11-10 MVC ANY TYPE,Other,MOTOR VEHICLE COLLISION
TB23050577,"12/12/2023, 7:00:46 PM","12/13/2023, 2:03:30 PM",THUNDER BAY,ON,P7B 3C2,ALGOMA ST S AND JOHN ST, TBPS] MOTOR VEHICLE COLLISION 11-10 MVC ANY TYPE,Other,MOTOR VEHICLE COLLISION
TB23050583,"12/12/2023, 7:37:00 PM","12/13/2023, 2:03:30 PM",THUNDER BAY,ON,P7B 3A6,900 Block FORT WILLIAM RD, TBPS] MOTOR VEHICLE COLLISION 11-10 MVC ANY TYPE,Other,MOTOR VEHICLE COLLISION
TB23050504,"12/12/2023, 2:55:33 PM","12/13/2023, 2:03:31 PM",THUNDER BAY,ON,P7C 4S8,1 Block LIMBRICK ST, TBPS] B-E BUS/RES/OTH SUSP PRESENT OR MAY STILL BE IN AREA,Breaking & Entering,B-E BUS/RES/OTH
TB23050509,"12/12/2023, 3:37:15 PM","12/13/2023, 2:03:31 PM",THUNDER BAY,ON,P7C,HARBOUR EXPRESSWAY AND GOLF LINKS RD, TBPS] MOTOR VEHICLE COLLISION 11-10 MVC ANY TYPE,Other,MOTOR VEHICLE COLLISION
TB23050511,"12/12/2023, 3:54:07 PM","12/13/2023, 2:03:31 PM",THUNDER BAY,ON,P7A 4L9,100 Block CUMBERLAND ST N, TBPS] MOTOR VEHICLE COLLISION 11-10 MVC ANY TYPE,Other,MOTOR VEHICLE COLLISION
TB23050516,"12/12/2023, 4:12:25 PM","12/13/2023, 2:03:31 PM",THUNDER BAY,ON,P7A 4N3,100 Block CUMBERLAND ST N, TBPS] THEFT SUSP STILL PRESENT OR MAY BE IN AREA,Other Theft,THEFT
TB23050517,"12/12/2023, 4:16:22 PM","12/13/2023, 2:03:31 PM",THUNDER BAY,ON,P7J 1K4,800 Block CITY RD, TBPS] MOTOR VEHICLE COLLISION MVC NO INJURIES,Traffic,MOTOR VEHICLE COLLISION
TB23050518,"12/12/2023, 4:16:55 PM","12/13/2023, 2:03:31 PM",THUNDER BAY,ON,P7A 4N3,100 Block CUMBERLAND ST N," TBPS] THEFT NOT IN PROGRESS, UNDER 5000",Other Theft,THEFT
TB23050522,"12/12/2023, 4:29:56 PM","12/13/2023, 2:03:31 PM",THUNDER BAY,ON,P7B 1K3,900 Block RED RIVER RD, TBPS] MOTOR VEHICLE COLLISION 11-10 MVC ANY TYPE,Other,MOTOR VEHICLE COLLISION
TB23050526,"12/12/2023, 4:55:40 PM","12/13/2023, 2:03:31 PM",THUNDER BAY,ON,P7C 3G2,1000 Block ALBERTA ST, TBPS] B-E BUS/RES/OTH 11-10,Breaking & Entering,B-E BUS/RES/OTH
TB23050527,"12/12/2023, 4:56:41 PM","12/13/2023, 2:03:31 PM",THUNDER BAY,ON,P7E 5M4,100 Block BEGIN ST W, TBPS] MOTOR VEHICLE COLLISION 11-10 MVC ANY TYPE,Other,MOTOR VEHICLE COLLISION
TB23050529,"12/12/2023, 5:09:32 PM","12/13/2023, 2:03:31 PM",THUNDER BAY,ON,P7A 3S4,600 Block RIVER ST, TBPS] MOTOR VEHICLE COLLISION 11-10 MVC ANY TYPE,Other,MOTOR VEHICLE COLLISION
TB23050531,"12/12/2023, 5:13:05 PM","12/13/2023, 2:03:31 PM",THUNDER BAY,ON,P7A 4M3,CUMBERLAND ST N AND VILLA ST, TBPS] MOTOR VEHICLE COLLISION 11-10 MVC ANY TYPE,Other,MOTOR VEHICLE COLLISION
TB23050533,"12/12/2023, 5:14:50 PM","12/13/2023, 2:03:31 PM",THUNDER BAY,ON,P7B 6L9,CARRICK ST AND HEWITSON ST, TBPS] MOTOR VEHICLE COLLISION 11-10 MVC ANY TYPE,Other,MOTOR VEHICLE COLLISION
TB23050535,"12/12/2023, 5:18:25 PM","12/13/2023, 2:03:31 PM",THUNDER BAY,ON,P7B 6L9,CARRICK ST AND HARBOUR EXPRESSWAY, TBPS] MOTOR VEHICLE COLLISION 11-10 MVC ANY TYPE,Other,MOTOR VEHICLE COLLISION
TB23050536,"12/12/2023, 5:21:10 PM","12/13/2023, 2:03:31 PM",THUNDER BAY,ON,P7C 1E1,WATERLOO ST N AND VICTORIA AV E, TBPS] MOTOR VEHICLE COLLISION 11-10 MVC ANY TYPE,Other,MOTOR VEHICLE COLLISION
TB23050537,"12/12/2023, 5:22:59 PM","12/13/2023, 2:03:31 PM",THUNDER BAY,ON,P7A 4P8,300 Block CUMBERLAND ST N, TBPS] MOTOR VEHICLE COLLISION 11-10 MVC ANY TYPE,Other,MOTOR VEHICLE COLLISION
TB23050544,"12/12/2023, 5:32:12 PM","12/13/2023, 2:03:31 PM",THUNDER BAY,ON,P7A 4P8,CLAVET ST AND CUMBERLAND ST N, TBPS] MOTOR VEHICLE COLLISION 11-10 MVC ANY TYPE,Other,MOTOR VEHICLE COLLISION
TB23050566,"12/12/2023, 6:38:12 PM","12/13/2023, 2:03:31 PM",THUNDER BAY,ON,P7B 5K2,900 Block JOHN ST, TBPS] MOTOR VEHICLE COLLISION 11-10 MVC ANY TYPE,Other,MOTOR VEHICLE COLLISION
TB23050482,"12/12/2023, 8:09:47 AM","12/13/2023, 2:03:32 PM",THUNDER BAY,ON,P7E 2L7,1000 Block BROWN ST, TBPS] LIQUOR LICENCE ACT LIQUOR LICENCE ACT VIOLATION IN PROGRESS,Quality of Life,LIQUOR LICENCE ACT
TB23050501,"12/12/2023, 1:46:02 PM","12/13/2023, 2:03:32 PM",THUNDER BAY,ON,P7B 3K1,RED RIVER RD AND HIGH ST N, TBPS] MOTOR VEHICLE COLLISION 11-10 MVC ANY TYPE,Other,MOTOR VEHICLE COLLISION
TB23050828,"12/14/2023, 5:53:09 AM","12/14/2023, 2:02:50 PM",THUNDER BAY,ON,P7A 0E7,2200 Block SLEEPING GIANT PKWY, TBPS] TROUBLE WITH YOUTH YOUTHS STILL IN AREA,Quality of Life,TROUBLE WITH YOUTH
TB23050847,"12/14/2023, 7:55:32 AM","12/14/2023, 2:02:50 PM",THUNDER BAY,ON,P7A 1V3,400 Block HODDER AV, TBPS] ASSAULT SUSP PRESENT OR IN AREA,Assault,ASSAULT
TB23050766,"12/13/2023, 10:36:08 PM","12/14/2023, 2:02:51 PM",THUNDER BAY,ON,P7B 6S2,700 Block MEMORIAL AV, TBPS] ASSAULT SUSP PRESENT OR IN AREA,Assault,ASSAULT
TB23050780,"12/14/2023, 12:02:34 AM","12/14/2023, 2:02:51 PM",THUNDER BAY,ON,P7E 4W9,WALSH ST W AND JAMES ST S, TBPS] MOTOR VEHICLE COLLISION MVC NO INJURIES,Traffic,MOTOR VEHICLE COLLISION
TB23050817,"12/14/2023, 5:01:40 AM","12/14/2023, 2:02:51 PM",THUNDER BAY,ON,P7E 6H9,300 Block WATERLOO ST S, TBPS] ASSAULT SUSP PRESENT OR IN AREA,Assault,ASSAULT
TB23050822,"12/14/2023, 5:16:24 AM","12/14/2023, 2:02:51 PM",THUNDER BAY,ON,P7B 5J4,1000 Block DAWSON RD, TBPS] TROUBLE WITH YOUTH YOUTHS STILL IN AREA,Quality of Life,TROUBLE WITH YOUTH
TB23050698,"12/13/2023, 4:54:00 PM","12/14/2023, 2:02:52 PM",THUNDER BAY,ON,P7E 1G6,300 Block ARCHIBALD ST S, TBPS] MOTOR VEHICLE COLLISION 11-10 MVC ANY TYPE,Other,MOTOR VEHICLE COLLISION
TB23050708,"12/13/2023, 5:46:06 PM","12/14/2023, 2:02:52 PM",THUNDER BAY,ON,P7E 6V7,2000 Block NEEBING AV, TBPS] MOTOR VEHICLE COLLISION 11-10 MVC ANY TYPE,Other,MOTOR VEHICLE COLLISION
TB23050715,"12/13/2023, 6:30:22 PM","12/14/2023, 2:02:52 PM",THUNDER BAY,ON,P7E 5V3,500 Block DONALD ST E," TBPS] MISCHIEF 11-10, MICHIEF UNDER 5000",Other Property Crime,MISCHIEF
TB23050717,"12/13/2023, 6:47:12 PM","12/14/2023, 2:02:52 PM",THUNDER BAY,ON,P7C 2G7,100 Block CAMERON ST," TBPS] THEFT NOT IN PROGRESS, FROM MOTOR VEHICLE",Theft from Vehicle,THEFT
TB23050721,"12/13/2023, 7:16:56 PM","12/14/2023, 2:02:52 PM",THUNDER BAY,ON,P7B 3Z5,600 Block MEMORIAL AV," TBPS] THEFT NOT IN PROGRESS, FROM MOTOR VEHICLE",Theft from Vehicle,THEFT
TB23050723,"12/13/2023, 7:18:10 PM","12/14/2023, 2:02:52 PM",THUNDER BAY,ON,P7E 2A6,500 Block KINGSWAY, TBPS] ASSAULT ACCUSED NOT PRESENT,Assault,ASSAULT
TB23050724,"12/13/2023, 7:22:40 PM","12/14/2023, 2:02:52 PM",THUNDER BAY,ON,P7E 5S2,1100 Block ARTHUR ST W, TBPS] THEFT SUSP STILL PRESENT OR MAY BE IN AREA,Other Theft,THEFT
TB23050728,"12/13/2023, 7:45:43 PM","12/14/2023, 2:02:52 PM",THUNDER BAY,ON,P7E 2L5,BROWN ST AND CHRISTINA ST W, TBPS] MOTOR VEHICLE COLLISION MVC NO INJURIES,Traffic,MOTOR VEHICLE COLLISION
TB23050749,"12/13/2023, 9:39:30 PM","12/14/2023, 2:02:52 PM",THUNDER BAY,ON,P7E 5N4,FRANKLIN ST S AND ARTHUR ST E, TBPS] MOTOR VEHICLE COLLISION MVC - AMB ENR - DUAL RESP,Other,MOTOR VEHICLE COLLISION
TB23050751,"12/13/2023, 9:46:52 PM","12/14/2023, 2:02:52 PM",THUNDER BAY,ON,P7C 5Y2,200 Block LILLIE ST N, TBPS] ASSAULT ACCUSED NOT PRESENT,Assault,ASSAULT
TB23050768,"12/13/2023, 10:49:06 PM","12/14/2023, 2:02:52 PM",THUNDER BAY,ON,P7C,400 Block CHAPPLES DR, TBPS] MARINE ICE RESCUE - DUAL RESPONSE,Emergency,MARINE
TB23050661,"12/13/2023, 9:50:19 AM","12/14/2023, 2:02:53 PM",THUNDER BAY,ON,P7E 5R8,600 Block ARTHUR ST W, TBPS] LIQUOR LICENCE ACT LIQUOR LICENCE ACT VIOLATION IN PROGRESS,Quality of Life,LIQUOR LICENCE ACT
TB23050672,"12/13/2023, 2:26:28 PM","12/14/2023, 2:02:53 PM",THUNDER BAY,ON,P7B 4Z6,200 Block CARL AV, TBPS] MOTOR VEHICLE COLLISION 11-10 MVC ANY TYPE,Other,MOTOR VEHICLE COLLISION
TB23050673,"12/13/2023, 2:39:58 PM","12/14/2023, 2:02:53 PM",THUNDER BAY,ON,P7C 4T4,500 Block JAMES ST N, TBPS] MOTOR VEHICLE COLLISION 11-10 MVC ANY TYPE,Other,MOTOR VEHICLE COLLISION
TB23050675,"12/13/2023, 2:45:40 PM","12/14/2023, 2:02:53 PM",THUNDER BAY,ON,P7B 2Y7,100 Block MACHAR AV, TBPS] MOTOR VEHICLE COLLISION 11-10 MVC ANY TYPE,Other,MOTOR VEHICLE COLLISION
TB23050677,"12/13/2023, 3:06:32 PM","12/14/2023, 2:02:53 PM",THUNDER BAY,ON,P7B,ALGONQUIN AV S AND JOHN ST, TBPS] MOTOR VEHICLE COLLISION 11-10 MVC ANY TYPE,Other,MOTOR VEHICLE COLLISION
TB23050678,"12/13/2023, 3:12:33 PM","12/14/2023, 2:02:53 PM",THUNDER BAY,ON,P7K 1K2,1200 Block ARTHUR ST W, TBPS] MOTOR VEHICLE COLLISION 11-10 MVC ANY TYPE,Other,MOTOR VEHICLE COLLISION
TB23050679,"12/13/2023, 3:15:32 PM","12/14/2023, 2:02:53 PM",THUNDER BAY,ON,P7B 6Z8,1400 Block NAKINA DR, TBPS] MOTOR VEHICLE COLLISION 11-10 MVC ANY TYPE,Other,MOTOR VEHICLE COLLISION
TB23050694,"12/13/2023, 4:23:57 PM","12/14/2023, 2:02:53 PM",THUNDER BAY,ON,P7E 4W9,WALSH ST W AND JAMES ST S, TBPS] MOTOR VEHICLE COLLISION MVC - AMB ENR - DUAL RESP,Other,MOTOR VEHICLE COLLISION
TB23050696,"12/13/2023, 4:33:35 PM","12/14/2023, 2:02:53 PM",THUNDER BAY,ON,P7A 5V4,1 Block HILL ST N, TBPS] STOLEN VEHICLE SUSP NOT IN AREA,Theft of Vehicle,STOLEN VEHICLE
TB23050699,"12/13/2023, 4:59:03 PM","12/14/2023, 2:02:53 PM",THUNDER BAY,ON,P7B,MAY ST N AND ISABEL ST, TBPS] MOTOR VEHICLE COLLISION 11-10 MVC ANY TYPE,Other,MOTOR VEHICLE COLLISION
TB23050700,"12/13/2023, 5:01:56 PM","12/14/2023, 2:02:53 PM",THUNDER BAY,ON,P7C 3X7,100 Block ARCHIBALD ST N," TBPS] THEFT NOT IN PROGRESS, FROM MOTOR VEHICLE",Theft from Vehicle,THEFT
TB23050701,"12/13/2023, 5:02:06 PM","12/14/2023, 2:02:53 PM",THUNDER BAY,ON,P7B,JOHN ST AND THUNDER BAY EXPRESSWAY, TBPS] MOTOR VEHICLE COLLISION 11-10 MVC ANY TYPE,Other,MOTOR VEHICLE COLLISION
TB23050702,"12/13/2023, 5:11:08 PM","12/14/2023, 2:02:53 PM",THUNDER BAY,ON,P7B 5R8,100 Block CUMBERLAND ST S, TBPS] B-E BUS/RES/OTH 11-10,Breaking & Entering,B-E BUS/RES/OTH
TB23050703,"12/13/2023, 5:13:43 PM","12/14/2023, 2:02:53 PM",THUNDER BAY,ON,P7B 5R8,100 Block CUMBERLAND ST S, TBPS] B-E BUS/RES/OTH SUSP PRESENT OR MAY STILL BE IN AREA,Breaking & Entering,B-E BUS/RES/OTH
TB23050704,"12/13/2023, 5:14:05 PM","12/14/2023, 2:02:53 PM",THUNDER BAY,ON,P7A 3S6,600 Block RIVER ST, TBPS] MOTOR VEHICLE COLLISION 11-10 MVC ANY TYPE,Other,MOTOR VEHICLE COLLISION
TB23050744,"12/13/2023, 9:11:34 PM","12/14/2023, 2:02:53 PM",THUNDER BAY,ON,P7B 3X9,400 Block RUPERT ST," TBPS] THEFT NOT IN PROGRESS, UNDER 5000",Other Theft,THEFT
TB23050671,"12/13/2023, 2:24:34 PM","12/14/2023, 2:02:54 PM",THUNDER BAY,ON,P7J,600 Block CITY RD, TBPS] MOTOR VEHICLE COLLISION MVC INJURIES FIRE NOT REQ,Traffic,MOTOR VEHICLE COLLISION
TB23051184,"12/16/2023, 6:32:10 PM","12/19/2023, 2:02:50 PM",THUNDER BAY,ON,P7B 4J1,ACADEMY DR AND RAVENWOOD AV, TBPS] MOTOR VEHICLE COLLISION MVC NO INJURIES,Traffic,MOTOR VEHICLE COLLISION
TB23051185,"12/16/2023, 6:36:15 PM","12/19/2023, 2:02:50 PM",THUNDER BAY,ON,P7B 5E1,900 Block OLIVER RD, TBPS] MOTOR VEHICLE COLLISION MVC NO INJURIES,Traffic,MOTOR VEHICLE COLLISION
TB23051188,"12/16/2023, 7:52:35 PM","12/19/2023, 2:02:50 PM",THUNDER BAY,ON,P7B,HIGH ST S AND MEMORIAL AV, TBPS] MOTOR VEHICLE COLLISION MVC NO INJURIES,Traffic,MOTOR VEHICLE COLLISION
TB23051191,"12/16/2023, 8:37:52 PM","12/19/2023, 2:02:50 PM",THUNDER BAY,ON,P7B 2R5,900 Block CARRICK ST, TBPS] ROBBERY NO WEAPONS - SUSP STILL IN AREA,Robbery,ROBBERY
TB23051197,"12/16/2023, 10:13:23 PM","12/19/2023, 2:02:50 PM",THUNDER BAY,ON,P7B 5Z5,1200 Block BALMORAL ST, TBPS] ASSAULT SUSP PRESENT OR IN AREA,Assault,ASSAULT
TB23051218,"12/17/2023, 1:08:24 AM","12/19/2023, 2:02:50 PM",THUNDER BAY,ON,P7B,MEMORIAL AV AND HARBOUR EXPRESSWAY, TBPS] MOTOR VEHICLE COLLISION MVC NO INJURIES,Traffic,MOTOR VEHICLE COLLISION
TB23051179,"12/16/2023, 5:00:56 PM","12/19/2023, 2:02:51 PM",THUNDER BAY,ON,P7C 3N8,100 Block MAY ST N, TBPS] B-E BUS/RES/OTH SUSP PRESENT OR MAY STILL BE IN AREA,Breaking & Entering,B-E BUS/RES/OTH
TB23051180,"12/16/2023, 5:13:52 PM","12/19/2023, 2:02:51 PM",THUNDER BAY,ON,P7B 2A9,HUTTON PARK DR AND VALLEY ST, TBPS] MOTOR VEHICLE COLLISION 11-10 MVC ANY TYPE,Other,MOTOR VEHICLE COLLISION
TB23051436,"12/18/2023, 11:15:21 PM","12/19/2023, 2:02:51 PM",THUNDER BAY,ON,P7E 2M8,FREDERICA ST W AND BROWN ST, TBPS] LIQUOR LICENCE ACT LIQUOR LICENCE ACT VIOLATION IN PROGRESS,Quality of Life,LIQUOR LICENCE ACT
TB23051458,"12/19/2023, 2:44:43 AM","12/19/2023, 2:02:51 PM",THUNDER BAY,ON,P7C 5N5,2200 Block 25TH SIDE RD, TBPS] B-E BUS/RES/OTH 11-10,Breaking & Entering,B-E BUS/RES/OTH
TB23051465,"12/19/2023, 4:14:53 AM","12/19/2023, 2:02:51 PM",THUNDER BAY,ON,P7E 5Y8,400 Block GEORGE ST, TBPS] THEFT SUSP STILL PRESENT OR MAY BE IN AREA,Other Theft,THEFT
TB23051479,"12/19/2023, 6:48:51 AM","12/19/2023, 2:02:51 PM",THUNDER BAY,ON,P7B 2Y4,1 Block MACHAR AV, TBPS] B-E BUS/RES/OTH SUSP PRESENT OR MAY STILL BE IN AREA,Breaking & Entering,B-E BUS/RES/OTH
TB23051374,"12/18/2023, 10:53:26 AM","12/19/2023, 2:02:52 PM",THUNDER BAY,ON,P7B 1V6,200 Block WINDSOR ST," TBPS] MISCHIEF IP/SUSP IN AREA, UNDER 5,000",Other Property Crime,MISCHIEF
TB23051384,"12/18/2023, 3:09:43 PM","12/19/2023, 2:02:52 PM",THUNDER BAY,ON,P7C 4P7,400 Block EDWARD ST N, TBPS] MOTOR VEHICLE COLLISION 11-10 MVC ANY TYPE,Other,MOTOR VEHICLE COLLISION
TB23051385,"12/18/2023, 3:20:57 PM","12/19/2023, 2:02:52 PM",THUNDER BAY,ON,P7B 5V7,GOLF LINKS RD AND JOHN ST, TBPS] MOTOR VEHICLE COLLISION 11-10 MVC ANY TYPE,Other,MOTOR VEHICLE COLLISION
TB23051395,"12/18/2023, 4:59:08 PM","12/19/2023, 2:02:52 PM",THUNDER BAY,ON,P7B 6V4,900 Block OLIVER RD, TBPS] MOTOR VEHICLE COLLISION 11-10 MVC ANY TYPE,Other,MOTOR VEHICLE COLLISION
TB23051417,"12/18/2023, 8:38:26 PM","12/19/2023, 2:02:52 PM",THUNDER BAY,ON,P7C 4P7,400 Block EDWARD ST N," TBPS] THEFT NOT IN PROGRESS, OVER 5000",Other Theft,THEFT
TB23051431,"12/18/2023, 10:50:39 PM","12/19/2023, 2:02:52 PM",THUNDER BAY,ON,P7A 5V6,1 Block HILL ST N, TBPS] MOTOR VEHICLE COLLISION 11-10 MVC ANY TYPE,Other,MOTOR VEHICLE COLLISION
TB23051432,"12/18/2023, 10:50:44 PM","12/19/2023, 2:02:52 PM",THUNDER BAY,ON,P7B,SECOND AV AND FORT WILLIAM RD, TBPS] MOTOR VEHICLE COLLISION MVC NO INJURIES,Traffic,MOTOR VEHICLE COLLISION
TB23051451,"12/19/2023, 12:54:58 AM","12/19/2023, 2:02:52 PM",THUNDER BAY,ON,P7B 3C9,1 Block SECORD ST," TBPS] THEFT NOT IN PROGRESS, FROM MOTOR VEHICLE",Theft from Vehicle,THEFT
TB23051321,"12/17/2023, 9:39:02 PM","12/19/2023, 2:02:53 PM",THUNDER BAY,ON,P7B 1S1,300 Block BAY ST, TBPS] ASSAULT SUSP PRESENT OR IN AREA,Assault,ASSAULT
TB23051325,"12/17/2023, 10:44:03 PM","12/19/2023, 2:02:53 PM",THUNDER BAY,ON,P7B 4A1,900 Block MEMORIAL AV, TBPS] ASSAULT ACCUSED NOT PRESENT,Assault,ASSAULT
TB23051326,"12/17/2023, 10:47:58 PM","12/19/2023, 2:02:53 PM",THUNDER BAY,ON,P7A 4K8,1 Block CUMBERLAND ST N, TBPS] ASSAULT SUSP PRESENT OR IN AREA,Assault,ASSAULT
TB23051351,"12/18/2023, 4:41:09 AM","12/19/2023, 2:02:53 PM",THUNDER BAY,ON,P7E 5M8,900 Block ARTHUR ST E, TBPS] ROBBERY NO WEAPONS - SUSP STILL IN AREA,Robbery,ROBBERY
TB23051369,"12/18/2023, 8:14:33 AM","12/19/2023, 2:02:53 PM",THUNDER BAY,ON,P7B 6V4,900 Block OLIVER RD, TBPS] ASSAULT ACCUSED NOT PRESENT,Assault,ASSAULT
TB23051382,"12/18/2023, 2:09:40 PM","12/19/2023, 2:02:53 PM",THUNDER BAY,ON,P7B 3P3,100 Block SUMMIT AV, TBPS] B-E BUS/RES/OTH SUSP PRESENT OR MAY STILL BE IN AREA,Breaking & Entering,B-E BUS/RES/OTH
TB23051277,"12/17/2023, 11:32:35 AM","12/19/2023, 2:02:54 PM",THUNDER BAY,ON,P7C 1A1,100 Block SIMPSON ST, TBPS] ASSAULT ACCUSED NOT PRESENT,Assault,ASSAULT
TB23051283,"12/17/2023, 12:17:49 PM","12/19/2023, 2:02:54 PM",THUNDER BAY,ON,P7B 5R8,100 Block CUMBERLAND ST S, TBPS] ARSON 11-10 ARSON,Other Property Crime,ARSON
TB23051292,"12/17/2023, 2:24:18 PM","12/19/2023, 2:02:54 PM",THUNDER BAY,ON,P7B 5R7,100 Block CUMBERLAND ST S, TBPS] ASSAULT SUSP PRESENT OR IN AREA,Assault,ASSAULT
TB23051296,"12/17/2023, 3:30:01 PM","12/19/2023, 2:02:54 PM",THUNDER BAY,ON,P7C 2V4,600 Block SOUTHERN AV," TBPS] THEFT NOT IN PROGRESS, UNDER 5000",Other Theft,THEFT
TB23051300,"12/17/2023, 4:22:24 PM","12/19/2023, 2:02:54 PM",THUNDER BAY,ON,P7A 2X4,400 Block EGAN ST," TBPS] THEFT NOT IN PROGRESS, UNDER 5000",Other Theft,THEFT
TB23051308,"12/17/2023, 6:47:02 PM","12/19/2023, 2:02:54 PM",THUNDER BAY,ON,P7B 5A4,600 Block DUBLIN AV, TBPS] B-E BUS/RES/OTH SUSP PRESENT OR MAY STILL BE IN AREA,Breaking & Entering,B-E BUS/RES/OTH
TB23051323,"12/17/2023, 9:51:47 PM","12/19/2023, 2:02:54 PM",THUNDER BAY,ON,P7E 5Y8,400 Block GEORGE ST, TBPS] ASSAULT SUSP PRESENT OR IN AREA,Assault,ASSAULT
TB23051231,"12/17/2023, 2:54:29 AM","12/19/2023, 2:02:55 PM",THUNDER BAY,ON,P7B 3Y7,400 Block MEMORIAL AV, TBPS] ASSAULT SUSP PRESENT OR IN AREA,Assault,ASSAULT
TB23051242,"12/17/2023, 4:48:23 AM","12/19/2023, 2:02:55 PM",THUNDER BAY,ON,P7B 6S2,700 Block MEMORIAL AV, TBPS] THEFT SUSP STILL PRESENT OR MAY BE IN AREA,Other Theft,THEFT
TB23051255,"12/17/2023, 6:01:56 AM","12/19/2023, 2:02:55 PM",THUNDER BAY,ON,P7E 3E3,1100 Block FRANCIS ST W, TBPS] LIQUOR LICENCE ACT LIQUOR LICENCE ACT VIOLATION IN PROGRESS,Quality of Life,LIQUOR LICENCE ACT
TB23051257,"12/17/2023, 6:18:52 AM","12/19/2023, 2:02:55 PM",THUNDER BAY,ON,P7B 5Z5,1200 Block BALMORAL ST," TBPS] MISCHIEF 11-10, MICHIEF UNDER 5000",Other Property Crime,MISCHIEF
TB23051261,"12/17/2023, 7:01:03 AM","12/19/2023, 2:02:55 PM",THUNDER BAY,ON,P7C 2V4,600 Block SOUTHERN AV, TBPS] LIQUOR LICENCE ACT LIQUOR LICENCE ACT VIOLATION IN PROGRESS,Quality of Life,LIQUOR LICENCE ACT
TB23051270,"12/17/2023, 9:29:19 AM","12/19/2023, 2:02:55 PM",THUNDER BAY,ON,P7B 1A6,200 Block RED RIVER RD, TBPS] ASSAULT ACCUSED NOT PRESENT,Assault,ASSAULT
TB23051252,"12/17/2023, 5:41:01 AM","12/19/2023, 2:02:56 PM",THUNDER BAY,ON,P7E 1N6,200 Block NORAH ST S, TBPS] MOTOR VEHICLE COLLISION MVC NO INJURIES,Traffic,MOTOR VEHICLE COLLISION
TB23051155,"12/16/2023, 9:18:17 AM","12/19/2023, 2:03:10 PM",THUNDER BAY,ON,P7C 4B5,400 Block VICKERS ST N," TBPS] MISCHIEF 11-10, MICHIEF UNDER 5000",Other Property Crime,MISCHIEF
TB23051156,"12/16/2023, 9:25:35 AM","12/19/2023, 2:03:10 PM",THUNDER BAY,ON,P7B 1S1,ALGOMA ST S AND BAY ST, TBPS] ASSAULT SUSP PRESENT OR IN AREA,Assault,ASSAULT
TB23050743,"12/13/2023, 9:08:48 PM","12/19/2023, 2:03:10 PM",THUNDER BAY,ON,P7B 0A9,800 Block FORT WILLIAM RD, TBPS] MOTOR VEHICLE COLLISION 11-10 MVC ANY TYPE,Other,MOTOR VEHICLE COLLISION
TB23050805,"12/14/2023, 3:37:21 AM","12/19/2023, 2:03:10 PM",THUNDER BAY,ON,P7B 1V6,JUNOT AV S AND WINDSOR ST, TBPS] ASSAULT SUSP PRESENT OR IN AREA,Assault,ASSAULT
TB23050851,"12/14/2023, 8:35:14 AM","12/19/2023, 2:03:10 PM",THUNDER BAY,ON,P7C 2K5,FINLAYSON ST AND MCKENZIE ST, TBPS] DRUG OFFENCES SUSP PRESENT OR MAY STILL BE IN AREA,Quality of Life,DRUG OFFENCES
TB23050858,"12/14/2023, 11:00:11 AM","12/19/2023, 2:03:10 PM",THUNDER BAY,ON,P7A 3N9,200 Block ST. JAMES ST, TBPS] B-E BUS/RES/OTH SUSP PRESENT OR MAY STILL BE IN AREA,Breaking & Entering,B-E BUS/RES/OTH
TB23050859,"12/14/2023, 11:58:00 AM","12/19/2023, 2:03:10 PM",THUNDER BAY,ON,P7A 7C2,MELVIN AV AND HIGH ST N, TBPS] TROUBLE WITH YOUTH YOUTHS STILL IN AREA,Quality of Life,TROUBLE WITH YOUTH
TB23050860,"12/14/2023, 12:14:42 PM","12/19/2023, 2:03:10 PM",THUNDER BAY,ON,P7E 1B8,100 Block BRODIE ST S, TBPS] LIQUOR LICENCE ACT LIQUOR LICENCE ACT VIOLATION IN PROGRESS,Quality of Life,LIQUOR LICENCE ACT
TB23050862,"12/14/2023, 12:44:43 PM","12/19/2023, 2:03:10 PM",THUNDER BAY,ON,P7A 6A3,1 Block ROCKWOOD AV N, TBPS] TROUBLE WITH YOUTH YOUTHS STILL IN AREA,Quality of Life,TROUBLE WITH YOUTH
TB23050869,"12/14/2023, 3:25:09 PM","12/19/2023, 2:03:10 PM",THUNDER BAY,ON,P7B 1A7,200 Block RED RIVER RD," TBPS] ASSAULT JUST OCCURRED, ACCUSED NOT PRESENT",Assault,ASSAULT
TB23050874,"12/14/2023, 3:47:39 PM","12/19/2023, 2:03:10 PM",THUNDER BAY,ON,P7B 5Z5,1200 Block BALMORAL ST," TBPS] MISCHIEF 11-10, MICHIEF UNDER 5000",Other Property Crime,MISCHIEF
TB23051098,"12/16/2023, 12:12:57 AM","12/19/2023, 2:03:11 PM",THUNDER BAY,ON,P7B 1K3,900 Block RED RIVER RD, TBPS] LIQUOR LICENCE ACT LIQUOR LICENCE ACT VIOLATION IN PROGRESS,Quality of Life,LIQUOR LICENCE ACT
TB23051143,"12/16/2023, 7:45:22 AM","12/19/2023, 2:03:11 PM",THUNDER BAY,ON,P7B 1R7,200 Block BAY ST, TBPS] ASSAULT SUSP PRESENT OR IN AREA,Assault,ASSAULT
TB23051145,"12/16/2023, 7:51:53 AM","12/19/2023, 2:03:11 PM",THUNDER BAY,ON,P7E 6J1,1 Block VALHALLA INN RD, TBPS] LIQUOR LICENCE ACT LIQUOR LICENCE ACT VIOLATION IN PROGRESS,Quality of Life,LIQUOR LICENCE ACT
TB23051067,"12/15/2023, 8:09:44 PM","12/19/2023, 2:03:12 PM",THUNDER BAY,ON,P7K 1J4,2000 Block DEREK BURNEY DR, TBPS] MOTOR VEHICLE COLLISION MVC NO INJURIES,Traffic,MOTOR VEHICLE COLLISION
TB23051069,"12/15/2023, 8:49:34 PM","12/19/2023, 2:03:12 PM",THUNDER BAY,ON,P7E 5S2,1100 Block ARTHUR ST W, TBPS] LIQUOR LICENCE ACT LIQUOR LICENCE ACT VIOLATION IN PROGRESS,Quality of Life,LIQUOR LICENCE ACT
TB23051072,"12/15/2023, 8:59:21 PM","12/19/2023, 2:03:12 PM",THUNDER BAY,ON,P7B 5Z5,1200 Block BALMORAL ST," TBPS] THEFT NOT IN PROGRESS, UNDER 5000",Other Theft,THEFT
TB23051081,"12/15/2023, 9:51:01 PM","12/19/2023, 2:03:12 PM",THUNDER BAY,ON,P7B 6B9,1000 Block FORT WILLIAM RD, TBPS] STOLEN VEHICLE SUSP NOT IN AREA,Theft of Vehicle,STOLEN VEHICLE
TB23051084,"12/15/2023, 10:07:49 PM","12/19/2023, 2:03:12 PM",THUNDER BAY,ON,P7B 5Z5,1200 Block BALMORAL ST," TBPS] THEFT IN PROGRESS, OVER 50000",Other Theft,THEFT
TB23051089,"12/15/2023, 10:30:36 PM","12/19/2023, 2:03:12 PM",THUNDER BAY,ON,P7B,JOHN ST AND SOUTH WATER ST, TBPS] MOTOR VEHICLE COLLISION MVC NO INJURIES,Traffic,MOTOR VEHICLE COLLISION
TB23051014,"12/15/2023, 3:47:02 PM","12/19/2023, 2:03:13 PM",THUNDER BAY,ON,P7K 1L7,1300 Block KING RD, TBPS] MOTOR VEHICLE COLLISION 11-10 MVC ANY TYPE,Other,MOTOR VEHICLE COLLISION
TB23051026,"12/15/2023, 4:55:02 PM","12/19/2023, 2:03:13 PM",THUNDER BAY,ON,P7B 1A7,200 Block RED RIVER RD, TBPS] ASSAULT SUSP PRESENT OR IN AREA,Assault,ASSAULT
TB23051054,"12/15/2023, 7:03:34 PM","12/19/2023, 2:03:13 PM",THUNDER BAY,ON,P7C 4V1,3100 Block ARTHUR ST W, TBPS] ASSAULT ACCUSED NOT PRESENT,Assault,ASSAULT
TB23051055,"12/15/2023, 7:10:37 PM","12/19/2023, 2:03:13 PM",THUNDER BAY,ON,P7E 6P5,1900 Block FREDERICA ST W, TBPS] ASSAULT SUSP PRESENT OR IN AREA,Assault,ASSAULT
TB23050973,"12/15/2023, 6:10:38 AM","12/19/2023, 2:03:14 PM",THUNDER BAY,ON,P7E 5R9,700 Block ARTHUR ST W, TBPS] ASSAULT SUSP PRESENT OR IN AREA,Assault,ASSAULT
TB23050974,"12/15/2023, 6:11:28 AM","12/19/2023, 2:03:14 PM",THUNDER BAY,ON,P7B 6P4,500 Block HARBOUR EXPRESSWAY, TBPS] LIQUOR LICENCE ACT LIQUOR LICENCE ACT VIOLATION IN PROGRESS,Quality of Life,LIQUOR LICENCE ACT
TB23050988,"12/15/2023, 8:12:22 AM","12/19/2023, 2:03:14 PM",THUNDER BAY,ON,P7E 5R5,500 Block ARTHUR ST W, TBPS] ASSAULT SUSP PRESENT OR IN AREA,Assault,ASSAULT
TB23051005,"12/15/2023, 12:07:51 PM","12/19/2023, 2:03:14 PM",THUNDER BAY,ON,P7A 3S5,600 Block RIVER ST, TBPS] TROUBLE WITH YOUTH YOUTHS STILL IN AREA,Quality of Life,TROUBLE WITH YOUTH
TB23051013,"12/15/2023, 3:42:29 PM","12/19/2023, 2:03:14 PM",THUNDER BAY,ON,P7A 5G6,VAN NORMAN ST AND REGENT ST, TBPS] MOTOR VEHICLE COLLISION 11-10 MVC ANY TYPE,Other,MOTOR VEHICLE COLLISION
TB23050918,"12/14/2023, 9:24:26 PM","12/19/2023, 2:03:15 PM",THUNDER BAY,ON,P7A 4Z7,300 Block ST. VINCENT AV," TBPS] THEFT NOT IN PROGRESS, UNDER 5000",Other Theft,THEFT
TB23050931,"12/14/2023, 10:21:14 PM","12/19/2023, 2:03:15 PM",THUNDER BAY,ON,P7B 6B9,1000 Block FORT WILLIAM RD, TBPS] SHOPLIFT IN CUSTODY - NO PROBLEMS,Theft,SHOPLIFT
TB23050946,"12/15/2023, 12:24:48 AM","12/19/2023, 2:03:15 PM",THUNDER BAY,ON,P7E 6L4,1100 Block ARTHUR ST W," TBPS] THEFT NOT IN PROGRESS, UNDER 5000",Other Theft,THEFT
TB23050968,"12/15/2023, 5:36:00 AM","12/19/2023, 2:03:15 PM",THUNDER BAY,ON,P7C 1R6,JAMES ST N AND RIVERVIEW DR W, TBPS] LIQUOR LICENCE ACT LIQUOR LICENCE ACT VIOLATION IN PROGRESS,Quality of Life,LIQUOR LICENCE ACT
TB23051017,"12/15/2023, 3:58:31 PM","12/19/2023, 2:03:15 PM",THUNDER BAY,ON,P7A 3B4,200 Block MCINTYRE ST, TBPS] MOTOR VEHICLE COLLISION 11-10 MVC ANY TYPE,Other,MOTOR VEHICLE COLLISION
TB23050906,"12/14/2023, 7:56:06 PM","12/19/2023, 2:03:16 PM",THUNDER BAY,ON,P7B 1K3,800 Block RED RIVER RD, TBPS] MOTOR VEHICLE COLLISION MVC NO INJURIES,Traffic,MOTOR VEHICLE COLLISION
TB23050885,"12/14/2023, 5:12:54 PM","12/19/2023, 2:03:17 PM",THUNDER BAY,ON,P7A 5E7,1 Block JEAN ST, TBPS] B-E BUS/RES/OTH 11-10,Breaking & Entering,B-E BUS/RES/OTH
TB23051590,"12/20/2023, 12:05:20 AM","12/20/2023, 2:03:22 PM",THUNDER BAY,ON,P7E 1T9,600 Block SELKIRK ST S, TBPS] ASSAULT ACCUSED NOT PRESENT,Assault,ASSAULT
TB23051606,"12/20/2023, 2:49:52 AM","12/20/2023, 2:03:22 PM",THUNDER BAY,ON,P7B 1B7,300 Block WAVERLY ST, TBPS] B-E BUS/RES/OTH 11-10,Breaking & Entering,B-E BUS/RES/OTH
TB23051607,"12/20/2023, 2:50:40 AM","12/20/2023, 2:03:22 PM",THUNDER BAY,ON,P7A 3S5,600 Block RIVER ST, TBPS] TROUBLE WITH YOUTH YOUTHS STILL IN AREA,Quality of Life,TROUBLE WITH YOUTH
TB23051617,"12/20/2023, 6:21:13 AM","12/20/2023, 2:03:22 PM",THUNDER BAY,ON,P7B 1E3,200 Block PEARL ST, TBPS] ASSAULT SUSP PRESENT OR IN AREA,Assault,ASSAULT
TB23051559,"12/19/2023, 9:19:40 PM","12/20/2023, 2:03:23 PM",THUNDER BAY,ON,P7A 3R2,300 Block RIVER ST," TBPS] THEFT NOT IN PROGRESS, UNDER 5000",Other Theft,THEFT
TB23051560,"12/19/2023, 9:21:26 PM","12/20/2023, 2:03:23 PM",THUNDER BAY,ON,P7A 7X5,400 Block HODDER AV, TBPS] MOTOR VEHICLE COLLISION VEHICLE LEAKING FLUIDS - DUAL RESP,Traffic,MOTOR VEHICLE COLLISION
TB23051564,"12/19/2023, 9:53:11 PM","12/20/2023, 2:03:23 PM",THUNDER BAY,ON,P7A 7V9,1 Block REGENT ST," TBPS] MISCHIEF 11-10, MICHIEF UNDER 5000",Other Property Crime,MISCHIEF
TB23051513,"12/19/2023, 4:38:47 PM","12/20/2023, 2:03:24 PM",THUNDER BAY,ON,P7C 5N5,2200 Block 25TH SIDE RD, TBPS] B-E BUS/RES/OTH 11-10,Breaking & Entering,B-E BUS/RES/OTH
TB23051736,"12/21/2023, 1:21:26 AM","12/21/2023, 2:02:50 PM",THUNDER BAY,ON,P7B 6B9,1000 Block FORT WILLIAM RD, TBPS] ASSAULT SUSP PRESENT OR IN AREA,Assault,ASSAULT
TB23051745,"12/21/2023, 2:19:49 AM","12/21/2023, 2:02:50 PM",THUNDER BAY,ON,P7A,LESLIE AV AND ARUNDEL ST, TBPS] MOTOR VEHICLE COLLISION MVC NO INJURIES,Traffic,MOTOR VEHICLE COLLISION
TB23051754,"12/21/2023, 3:42:07 AM","12/21/2023, 2:02:50 PM",THUNDER BAY,ON,P7B 5R7,100 Block CUMBERLAND ST S, TBPS] B-E BUS/RES/OTH SUSP PRESENT OR MAY STILL BE IN AREA,Breaking & Entering,B-E BUS/RES/OTH
TB23051750,"12/21/2023, 3:00:00 AM","12/21/2023, 2:02:50 PM",THUNDER BAY,ON,P7B 6V4,900 Block OLIVER RD, TBPS] ASSAULT ACCUSED PRESENT,Assault,ASSAULT
TB23051697,"12/20/2023, 8:20:35 PM","12/21/2023, 2:02:51 PM",THUNDER BAY,ON,P7B 3A3,FORT WILLIAM RD AND 11TH AV, TBPS] MOTOR VEHICLE COLLISION VEHICLE LEAKING FLUIDS - DUAL RESP,Traffic,MOTOR VEHICLE COLLISION
TB23051714,"12/20/2023, 9:46:09 PM","12/21/2023, 2:02:51 PM",THUNDER BAY,ON,P7A 5R1,HIGH ST N AND ELIZABETH ST, TBPS] MOTOR VEHICLE COLLISION 11-10 MVC ANY TYPE,Other,MOTOR VEHICLE COLLISION
TB23051735,"12/21/2023, 1:01:15 AM","12/21/2023, 2:02:51 PM",THUNDER BAY,ON,P7C,REDWOOD AV E AND CHAPPLES DR, TBPS] LIQUOR LICENCE ACT LIQUOR LICENCE ACT VIOLATION IN PROGRESS,Quality of Life,LIQUOR LICENCE ACT
TB23051718,"12/20/2023, 10:10:03 PM","12/21/2023, 2:02:51 PM",THUNDER BAY,ON,P7C 6B2,200 Block COUGAR CR," TBPS] THEFT NOT IN PROGRESS, UNDER 5000",Other Theft,THEFT
TB23051702,"12/20/2023, 8:40:32 PM","12/21/2023, 2:02:51 PM",THUNDER BAY,ON,P7B 3B9,100 Block ALGOMA ST S, TBPS] B-E BUS/RES/OTH 11-10,Breaking & Entering,B-E BUS/RES/OTH
TB23051743,"12/21/2023, 2:03:26 AM","12/21/2023, 2:02:51 PM",THUNDER BAY,ON,P7B 1H8,RED RIVER RD AND ROCKWOOD AV N, TBPS] MOTOR VEHICLE COLLISION MVC NO INJURIES,Traffic,MOTOR VEHICLE COLLISION
TB23051774,"12/21/2023, 6:13:09 AM","12/21/2023, 2:02:51 PM",THUNDER BAY,ON,P7C 3B5,600 Block MCLAUGHLIN ST, TBPS] B-E BUS/RES/OTH SUSP PRESENT OR MAY STILL BE IN AREA,Breaking & Entering,B-E BUS/RES/OTH
TB23051768,"12/21/2023, 5:40:31 AM","12/21/2023, 2:02:51 PM",THUNDER BAY,ON,P7A 3S6,ROCKWOOD AV N AND RIVER ST, TBPS] MOTOR VEHICLE COLLISION MVC - AMB ENR - DUAL RESP,Other,MOTOR VEHICLE COLLISION
TB23051633,"12/20/2023, 9:41:14 AM","12/21/2023, 2:02:52 PM",THUNDER BAY,ON,P7A 3S5,600 Block RIVER ST, TBPS] TROUBLE WITH YOUTH YOUTHS STILL IN AREA,Quality of Life,TROUBLE WITH YOUTH
TB23051635,"12/20/2023, 10:13:50 AM","12/21/2023, 2:02:52 PM",THUNDER BAY,ON,P7C 3H4,200 Block SIMPSON ST, TBPS] STOLEN VEHICLE SUSP PRESENT OR MAY STILL BE IN AREA,Theft of Vehicle,STOLEN VEHICLE
TB23051651,"12/20/2023, 3:47:19 PM","12/21/2023, 2:02:52 PM",THUNDER BAY,ON,P7J 1C8,2000 Block MOUNTAIN RD, TBPS] MOTOR VEHICLE COLLISION 11-10 MVC ANY TYPE,Other,MOTOR VEHICLE COLLISION
TB23051664,"12/20/2023, 4:52:37 PM","12/21/2023, 2:02:52 PM",THUNDER BAY,ON,P7C 3R2,300 Block MAY ST N, TBPS] POSSESSION OF STOLEN PROPERTY ACCUSED PRESENT,Theft,POSSESSION OF STOLEN PROPERTY
TB23051652,"12/20/2023, 3:50:48 PM","12/21/2023, 2:02:52 PM",THUNDER BAY,ON,P7B 3A3,300 Block MAIN ST, TBPS] MOTOR VEHICLE COLLISION 11-10 MVC ANY TYPE,Other,MOTOR VEHICLE COLLISION
TB23051653,"12/20/2023, 3:55:21 PM","12/21/2023, 2:02:52 PM",THUNDER BAY,ON,P7A 5S3,300 Block HIGH ST N, TBPS] MOTOR VEHICLE COLLISION 11-10 MVC ANY TYPE,Other,MOTOR VEHICLE COLLISION
TB23051679,"12/20/2023, 6:49:54 PM","12/21/2023, 2:02:52 PM",THUNDER BAY,ON,P7C 2K5,100 Block FINLAYSON ST," TBPS] THEFT NOT IN PROGRESS, UNDER 5000",Other Theft,THEFT
TB23051872,"12/22/2023, 12:26:11 AM","12/22/2023, 2:02:57 PM",THUNDER BAY,ON,P7B 2S4,800 Block FORT WILLIAM RD, TBPS] SHOPLIFT IN CUSTODY - NO PROBLEMS,Theft,SHOPLIFT
TB23051906,"12/22/2023, 5:16:18 AM","12/22/2023, 2:02:57 PM",THUNDER BAY,ON,P7C 4P6,400 Block EDWARD ST N, TBPS] LIQUOR LICENCE ACT LIQUOR LICENCE ACT VIOLATION IN PROGRESS,Quality of Life,LIQUOR LICENCE ACT
TB23051842,"12/21/2023, 7:37:00 PM","12/22/2023, 2:02:58 PM",THUNDER BAY,ON,P7B 5E1,OLIVER RD AND SANDERS DR, TBPS] MOTOR VEHICLE COLLISION 11-10 MVC ANY TYPE,Other,MOTOR VEHICLE COLLISION
TB23051864,"12/21/2023, 11:09:53 PM","12/22/2023, 2:02:58 PM",THUNDER BAY,ON,P7G 1H7,1100 Block DAWSON RD, TBPS] MISCHIEF IP PROGRESS/SUPECT IN AREA,Other Property Crime,MISCHIEF
TB23051854,"12/21/2023, 9:04:56 PM","12/22/2023, 2:02:58 PM",THUNDER BAY,ON,P7E 4K6,200 Block MARY ST W, TBPS] B-E BUS/RES/OTH 11-10,Breaking & Entering,B-E BUS/RES/OTH
TB23051871,"12/22/2023, 12:24:31 AM","12/22/2023, 2:02:58 PM",THUNDER BAY,ON,P7A,RIVER ST AND CUMBERLAND ST N, TBPS] MOTOR VEHICLE COLLISION MVC - AMB ENR - DUAL RESP,Other,MOTOR VEHICLE COLLISION
TB23051876,"12/22/2023, 1:29:35 AM","12/22/2023, 2:02:58 PM",THUNDER BAY,ON,P7B 3Z9,900 Block MEMORIAL AV, TBPS] MOTOR VEHICLE COLLISION MVC NO INJURIES,Traffic,MOTOR VEHICLE COLLISION
TB23051898,"12/22/2023, 3:47:39 AM","12/22/2023, 2:02:58 PM",THUNDER BAY,ON,P7J 1E8,2300 Block 61 HWY, TBPS] TRESPASS AT NIGHT SUSP NOT IN AREA - REPORTED AFTER THE FA,Other Property Crime,TRESPASS AT NIGHT
TB23051877,"12/22/2023, 1:31:32 AM","12/22/2023, 2:02:58 PM",THUNDER BAY,ON,P7B 6B9,1000 Block FORT WILLIAM RD, TBPS] SHOPLIFT IN CUSTODY - NO PROBLEMS,Theft,SHOPLIFT
TB23051887,"12/22/2023, 2:36:23 AM","12/22/2023, 2:02:58 PM",THUNDER BAY,ON,P7B 5L6,300 Block MAIN ST, TBPS] THEFT SUSP STILL PRESENT OR MAY BE IN AREA,Other Theft,THEFT
TB23051915,"12/22/2023, 6:52:11 AM","12/22/2023, 2:02:58 PM",THUNDER BAY,ON,P7A 1A7,500 Block LYON BLVD E, TBPS] MARINE ICE RESCUE - DUAL RESPONSE,Emergency,MARINE
TB23051798,"12/21/2023, 2:25:50 PM","12/22/2023, 2:02:59 PM",THUNDER BAY,ON,P7C 3P8,200 Block MAY ST N," TBPS] ASSAULT JUST OCCURRED, ACCUSED NOT PRESENT",Assault,ASSAULT
TB23051802,"12/21/2023, 2:58:57 PM","12/22/2023, 2:02:59 PM",THUNDER BAY,ON,P7C 4Y7,300 Block LILLIE ST N, TBPS] MOTOR VEHICLE COLLISION 11-10 MVC ANY TYPE,Other,MOTOR VEHICLE COLLISION
TB23051808,"12/21/2023, 3:43:43 PM","12/22/2023, 2:02:59 PM",THUNDER BAY,ON,P7G 2J8,3100 Block DAWSON RD, TBPS] MOTOR VEHICLE COLLISION 11-10 MVC ANY TYPE,Other,MOTOR VEHICLE COLLISION
TB23051811,"12/21/2023, 4:06:16 PM","12/22/2023, 2:02:59 PM",THUNDER BAY,ON,P7B 6V4,900 Block OLIVER RD, TBPS] MOTOR VEHICLE COLLISION 11-10 MVC ANY TYPE,Other,MOTOR VEHICLE COLLISION
TB23051810,"12/21/2023, 4:02:51 PM","12/22/2023, 2:02:59 PM",THUNDER BAY,ON,P7J 1G6,2000 Block JAMES ST S, TBPS] MOTOR VEHICLE COLLISION 11-10 MVC ANY TYPE,Other,MOTOR VEHICLE COLLISION
TB23051836,"12/21/2023, 7:13:31 PM","12/22/2023, 2:02:59 PM",THUNDER BAY,ON,P7B 1R1,200 Block BAY ST, TBPS] THEFT SUSP STILL PRESENT OR MAY BE IN AREA,Other Theft,THEFT
TB23051830,"12/21/2023, 6:35:47 PM","12/22/2023, 2:02:59 PM",THUNDER BAY,ON,P7J 1E8,2300 Block 61 HWY, TBPS] ASSAULT ACCUSED NOT PRESENT,Assault,ASSAULT
TB23051837,"12/21/2023, 7:15:55 PM","12/22/2023, 2:02:59 PM",THUNDER BAY,ON,P7B 4A1,900 Block MEMORIAL AV, TBPS] MOTOR VEHICLE COLLISION 11-10 MVC ANY TYPE,Other,MOTOR VEHICLE COLLISION
TB23051839,"12/21/2023, 7:23:33 PM","12/22/2023, 2:02:59 PM",THUNDER BAY,ON,P7A 5P3,BALSAM ST AND HURON AV, TBPS] MOTOR VEHICLE COLLISION 11-10 MVC ANY TYPE,Other,MOTOR VEHICLE COLLISION
TB23051840,"12/21/2023, 7:30:52 PM","12/22/2023, 2:02:59 PM",THUNDER BAY,ON,P7E 6L2,ARTHUR ST W AND WILLARD AV, TBPS] MOTOR VEHICLE COLLISION 11-10 MVC ANY TYPE,Other,MOTOR VEHICLE COLLISION
TB23051790,"12/21/2023, 11:32:15 AM","12/22/2023, 2:03:00 PM",THUNDER BAY,ON,P7A 4K8,1 Block CUMBERLAND ST N, TBPS] ROBBERY NO WEAPONS - SUSP STILL IN AREA,Robbery,ROBBERY
TB23051795,"12/21/2023, 1:04:31 PM","12/22/2023, 2:03:00 PM",THUNDER BAY,ON,P7E 2W2,1100 Block EUCLID AV, TBPS] ARSON SUSP MAY BE PRESENT OR IN AREA,Property Crime,ARSON
TB23051797,"12/21/2023, 1:56:00 PM","12/22/2023, 2:03:00 PM",THUNDER BAY,ON,P7A 4R5,400 Block CUMBERLAND ST N, TBPS] LIQUOR LICENCE ACT LIQUOR LICENCE ACT VIOLATION IN PROGRESS,Quality of Life,LIQUOR LICENCE ACT
TB23051801,"12/21/2023, 2:45:36 PM","12/22/2023, 2:03:00 PM",THUNDER BAY,ON,P7B 6S2,700 Block MEMORIAL AV, TBPS] MOTOR VEHICLE COLLISION 11-10 MVC ANY TYPE,Other,MOTOR VEHICLE COLLISION
TB23051805,"12/21/2023, 3:04:23 PM","12/22/2023, 2:03:00 PM",THUNDER BAY,ON,P7B 5T1,VALLEY ST AND STRAND AV, TBPS] MOTOR VEHICLE COLLISION MVC - AMB ENR - DUAL RESP,Other,MOTOR VEHICLE COLLISION
TB23051812,"12/21/2023, 4:11:05 PM","12/22/2023, 2:03:00 PM",THUNDER BAY,ON,P7B 6P1,1000 Block DAWSON RD, TBPS] MOTOR VEHICLE COLLISION 11-10 MVC ANY TYPE,Other,MOTOR VEHICLE COLLISION
TB23051828,"12/21/2023, 6:22:13 PM","12/22/2023, 2:03:00 PM",THUNDER BAY,ON,P7A 7V7,500 Block LANARK CR," TBPS] MISCHIEF 11-10, MICHIEF UNDER 5000",Other Property Crime,MISCHIEF
TB23051814,"12/21/2023, 4:30:03 PM","12/22/2023, 2:03:00 PM",THUNDER BAY,ON,P7C 1E1,VICTORIA AV E AND WATERLOO ST N, TBPS] MOTOR VEHICLE COLLISION 11-10 MVC ANY TYPE,Other,MOTOR VEHICLE COLLISION
TB23051789,"12/21/2023, 11:03:56 AM","12/22/2023, 2:03:01 PM",THUNDER BAY,ON,P7C 4L8,600 Block FORD ST N, TBPS] B-E BUS/RES/OTH SUSP PRESENT OR MAY STILL BE IN AREA,Breaking & Entering,B-E BUS/RES/OTH
TB23052009,"12/23/2023, 1:33:57 AM","12/23/2023, 2:03:09 PM",THUNDER BAY,ON,P7B 6S2,700 Block MEMORIAL AV, TBPS] MOTOR VEHICLE COLLISION MVC - AMB ENR - DUAL RESP,Other,MOTOR VEHICLE COLLISION
TB23052026,"12/23/2023, 3:53:34 AM","12/23/2023, 2:03:09 PM",THUNDER BAY,ON,P7B 3A6,900 Block FORT WILLIAM RD, TBPS] THEFT SUSP STILL PRESENT OR MAY BE IN AREA,Other Theft,THEFT
TB23052032,"12/23/2023, 4:28:25 AM","12/23/2023, 2:03:09 PM",THUNDER BAY,ON,P7E 3E3,1300 Block CRAWFORD AV, TBPS] B-E BUS/RES/OTH SUSP PRESENT OR MAY STILL BE IN AREA,Breaking & Entering,B-E BUS/RES/OTH
TB23051984,"12/22/2023, 8:03:07 PM","12/23/2023, 2:03:10 PM",THUNDER BAY,ON,P7C,300 Block RIVER RD," TBPS] THEFT NOT IN PROGRESS, UNDER 5000",Other Theft,THEFT
TB23051973,"12/22/2023, 6:20:51 PM","12/23/2023, 2:03:10 PM",THUNDER BAY,ON,P7B,CENTRAL AV AND FORT WILLIAM RD, TBPS] MOTOR VEHICLE COLLISION MVC NO INJURIES,Traffic,MOTOR VEHICLE COLLISION
TB23051985,"12/22/2023, 8:36:23 PM","12/23/2023, 2:03:10 PM",THUNDER BAY,ON,P7C 1A7,500 Block VICTORIA AV E, TBPS] ASSAULT SUSP PRESENT OR IN AREA,Assault,ASSAULT
TB23051988,"12/22/2023, 9:52:54 PM","12/23/2023, 2:03:10 PM",THUNDER BAY,ON,P7C 3S3,100 Block BRODIE ST N, TBPS] LIQUOR LICENCE ACT LIQUOR LICENCE ACT VIOLATION IN PROGRESS,Quality of Life,LIQUOR LICENCE ACT
TB23051999,"12/23/2023, 12:24:24 AM","12/23/2023, 2:03:10 PM",THUNDER BAY,ON,P7B 5Z5,1200 Block BALMORAL ST," TBPS] MISCHIEF 11-10, MICHIEF UNDER 5000",Other Property Crime,MISCHIEF
TB23051989,"12/22/2023, 10:01:20 PM","12/23/2023, 2:03:10 PM",THUNDER BAY,ON,P7E 1E5,700 Block DOCK ST, TBPS] STOLEN VEHICLE SUSP NOT IN AREA,Theft of Vehicle,STOLEN VEHICLE
TB23052001,"12/23/2023, 12:34:41 AM","12/23/2023, 2:03:10 PM",THUNDER BAY,ON,P7E 4V5,SELKIRK ST S AND WALSH ST E, TBPS] MOTOR VEHICLE COLLISION MVC NO INJURIES,Traffic,MOTOR VEHICLE COLLISION
TB23052029,"12/23/2023, 4:22:54 AM","12/23/2023, 2:03:10 PM",THUNDER BAY,ON,P7C 3C9,500 Block MCDONALD ST, TBPS] LIQUOR LICENCE ACT LIQUOR LICENCE ACT VIOLATION IN PROGRESS,Quality of Life,LIQUOR LICENCE ACT
TB23052035,"12/23/2023, 4:48:11 AM","12/23/2023, 2:03:10 PM",THUNDER BAY,ON,P7B 4W9,100 Block CLARKSON ST S, TBPS] MOTOR VEHICLE COLLISION MVC NO INJURIES,Traffic,MOTOR VEHICLE COLLISION
TB23052036,"12/23/2023, 4:49:37 AM","12/23/2023, 2:03:10 PM",THUNDER BAY,ON,P7B 4W9,100 Block CLARKSON ST S, TBPS] MOTOR VEHICLE COLLISION MVC NO INJURIES,Traffic,MOTOR VEHICLE COLLISION
TB23051929,"12/22/2023, 9:44:58 AM","12/23/2023, 2:03:11 PM",THUNDER BAY,ON,P7B 5V7,JUNOT AV S AND JOHN ST, TBPS] ASSAULT ACCUSED NOT PRESENT,Assault,ASSAULT
TB23051925,"12/22/2023, 8:32:23 AM","12/23/2023, 2:03:11 PM",THUNDER BAY,ON,P7E 6J1,1 Block VALHALLA INN RD, TBPS] LIQUOR LICENCE ACT LIQUOR LICENCE ACT VIOLATION IN PROGRESS,Quality of Life,LIQUOR LICENCE ACT
TB23051946,"12/22/2023, 2:32:18 PM","12/23/2023, 2:03:11 PM",THUNDER BAY,ON,P7B 3X9,400 Block RUPERT ST, TBPS] ASSAULT SUSP PRESENT OR IN AREA,Assault,ASSAULT
TB23051948,"12/22/2023, 3:01:55 PM","12/23/2023, 2:03:11 PM",THUNDER BAY,ON,P7G 2C2,1000 Block ONION LAKE RD, TBPS] MOTOR VEHICLE COLLISION MVC NO INJURIES,Traffic,MOTOR VEHICLE COLLISION
TB23051966,"12/22/2023, 5:19:31 PM","12/23/2023, 2:03:11 PM",THUNDER BAY,ON,P7G 2C2,1000 Block ONION LAKE RD, TBPS] MOTOR VEHICLE COLLISION MVC NO INJURIES,Traffic,MOTOR VEHICLE COLLISION
TB23051949,"12/22/2023, 3:06:19 PM","12/23/2023, 2:03:11 PM",THUNDER BAY,ON,P7G 2C2,1000 Block ONION LAKE RD, TBPS] MOTOR VEHICLE COLLISION MVC - AMB ENR - DUAL RESP,Other,MOTOR VEHICLE COLLISION
TB23051971,"12/22/2023, 5:44:42 PM","12/23/2023, 2:03:11 PM",THUNDER BAY,ON,P7E 1B4,200 Block MAY ST S, TBPS] ASSAULT SUSP PRESENT OR IN AREA,Assault,ASSAULT
TB23052168,"12/24/2023, 4:15:20 AM","12/24/2023, 2:02:38 PM",THUNDER BAY,ON,P7B 5Z5,1200 Block BALMORAL ST," TBPS] MISCHIEF 11-10, MICHIEF UNDER 5000",Other Property Crime,MISCHIEF
TB23052173,"12/24/2023, 4:45:08 AM","12/24/2023, 2:02:38 PM",THUNDER BAY,ON,P7C 2X2,1300 Block FOREST ST, TBPS] MOTOR VEHICLE COLLISION MVC NO INJURIES,Traffic,MOTOR VEHICLE COLLISION
TB23052175,"12/24/2023, 5:19:29 AM","12/24/2023, 2:02:38 PM",THUNDER BAY,ON,P7C 1P2,1200 Block CUMMING ST, TBPS] TROUBLE WITH YOUTH YOUTHS STILL IN AREA,Quality of Life,TROUBLE WITH YOUTH
TB23052087,"12/23/2023, 12:16:02 PM","12/24/2023, 2:02:39 PM",THUNDER BAY,ON,P7B 2G2,300 Block OLIVER RD, TBPS] B-E BUS/RES/OTH SUSP PRESENT OR MAY STILL BE IN AREA,Breaking & Entering,B-E BUS/RES/OTH
TB23052103,"12/23/2023, 2:49:06 PM","12/24/2023, 2:02:39 PM",THUNDER BAY,ON,P7E 1E3,SYNDICATE AV S AND RIDGEWAY ST E, TBPS] MOTOR VEHICLE COLLISION MVC - AMB ENR - DUAL RESP,Other,MOTOR VEHICLE COLLISION
TB23052098,"12/23/2023, 1:49:09 PM","12/24/2023, 2:02:39 PM",THUNDER BAY,ON,P7E 4L5,600 Block MARY ST W," TBPS] MISCHIEF IP/SUSP IN AREA, UNDER 5,000",Other Property Crime,MISCHIEF
TB23052117,"12/23/2023, 7:36:41 PM","12/24/2023, 2:02:39 PM",THUNDER BAY,ON,P7E 3E1,1100 Block CRAWFORD AV, TBPS] DRUG OFFENCES SUSP PRESENT OR MAY STILL BE IN AREA,Quality of Life,DRUG OFFENCES
TB23052106,"12/23/2023, 3:42:58 PM","12/24/2023, 2:02:39 PM",THUNDER BAY,ON,P7B 5J4,1000 Block DAWSON RD, TBPS] THEFT SUSP STILL PRESENT OR MAY BE IN AREA,Other Theft,THEFT
TB23052119,"12/23/2023, 8:01:32 PM","12/24/2023, 2:02:39 PM",THUNDER BAY,ON,P7E 6H2,200 Block AMELIA ST W," TBPS] THEFT NOT IN PROGRESS, UNDER 5000",Other Theft,THEFT
TB23052128,"12/23/2023, 9:37:27 PM","12/24/2023, 2:02:39 PM",THUNDER BAY,ON,P7A 4N1,200 Block CUMBERLAND ST N, TBPS] ROBBERY NO WEAPONS - SUSP STILL IN AREA,Robbery,ROBBERY
TB23052146,"12/24/2023, 1:36:14 AM","12/24/2023, 2:02:39 PM",THUNDER BAY,ON,P7K 1L4,1700 Block BOWLKER RD, TBPS] MOTOR VEHICLE COLLISION MVC NO INJURIES,Traffic,MOTOR VEHICLE COLLISION
TB23052135,"12/23/2023, 10:32:16 PM","12/24/2023, 2:02:39 PM",THUNDER BAY,ON,P7B 3A6,900 Block FORT WILLIAM RD, TBPS] ASSAULT SUSP PRESENT OR IN AREA,Assault,ASSAULT
TB23052155,"12/24/2023, 2:39:22 AM","12/24/2023, 2:02:39 PM",THUNDER BAY,ON,P7B 5E1,900 Block OLIVER RD, TBPS] MOTOR VEHICLE COLLISION MVC NO INJURIES,Traffic,MOTOR VEHICLE COLLISION
TB23052160,"12/24/2023, 3:26:20 AM","12/24/2023, 2:02:39 PM",THUNDER BAY,ON,P7C 3S5,MAY ST N AND CUMMING ST, TBPS] ASSAULT SUSP PRESENT OR IN AREA,Assault,ASSAULT
TB23052161,"12/24/2023, 3:28:10 AM","12/24/2023, 2:02:39 PM",THUNDER BAY,ON,P7B 2K2,300 Block QUEEN ST, TBPS] LIQUOR LICENCE ACT LIQUOR LICENCE ACT VIOLATION IN PROGRESS,Quality of Life,LIQUOR LICENCE ACT
TB23052030,"12/23/2023, 4:24:36 AM","12/24/2023, 2:02:40 PM",THUNDER BAY,ON,P7E 5R5,500 Block ARTHUR ST W, TBPS] ASSAULT SUSP PRESENT OR IN AREA,Assault,ASSAULT
TB23052067,"12/23/2023, 8:27:45 AM","12/24/2023, 2:02:40 PM",THUNDER BAY,ON,P7A 4K8,1 Block CUMBERLAND ST N, TBPS] LIQUOR LICENCE ACT LIQUOR LICENCE ACT VIOLATION IN PROGRESS,Quality of Life,LIQUOR LICENCE ACT
TB23052071,"12/23/2023, 8:40:26 AM","12/24/2023, 2:02:40 PM",THUNDER BAY,ON,P7B 1A6,200 Block RED RIVER RD, TBPS] LIQUOR LICENCE ACT LIQUOR LICENCE ACT VIOLATION IN PROGRESS,Quality of Life,LIQUOR LICENCE ACT
TB23052093,"12/23/2023, 1:02:00 PM","12/24/2023, 2:02:40 PM",THUNDER BAY,ON,P7B 3G6,100 Block ONTARIO ST, TBPS] LIQUOR LICENCE ACT LIQUOR LICENCE ACT VIOLATION IN PROGRESS,Quality of Life,LIQUOR LICENCE ACT
TB23052278,"12/25/2023, 3:42:36 AM","12/25/2023, 2:02:49 PM",THUNDER BAY,ON,P7E 5Y8,400 Block GEORGE ST, TBPS] LIQUOR LICENCE ACT LIQUOR LICENCE ACT VIOLATION IN PROGRESS,Quality of Life,LIQUOR LICENCE ACT
TB23052169,"12/24/2023, 4:24:38 AM","12/25/2023, 2:02:50 PM",THUNDER BAY,ON,P7E 5N4,ARTHUR ST E AND FRANKLIN ST S, TBPS] MOTOR VEHICLE COLLISION MVC NO INJURIES,Traffic,MOTOR VEHICLE COLLISION
TB23052223,"12/24/2023, 9:59:04 AM","12/25/2023, 2:02:50 PM",THUNDER BAY,ON,P7B 3Z8,800 Block MEMORIAL AV, TBPS] LIQUOR LICENCE ACT LIQUOR LICENCE ACT VIOLATION IN PROGRESS,Quality of Life,LIQUOR LICENCE ACT
TB23052249,"12/24/2023, 9:03:58 PM","12/25/2023, 2:02:50 PM",THUNDER BAY,ON,P7E 1R9,700 Block FRANKLIN ST S, TBPS] THEFT SUSP STILL PRESENT OR MAY BE IN AREA,Other Theft,THEFT
TB23052245,"12/24/2023, 7:35:47 PM","12/25/2023, 2:02:50 PM",THUNDER BAY,ON,P7B 6S2,700 Block MEMORIAL AV, TBPS] THEFT SUSP STILL PRESENT OR MAY BE IN AREA,Other Theft,THEFT
TB23052257,"12/24/2023, 11:37:13 PM","12/25/2023, 2:02:50 PM",THUNDER BAY,ON,P7B 3Y7,400 Block MEMORIAL AV," TBPS] THEFT NOT IN PROGRESS, UNDER 5000",Other Theft,THEFT
TB23052261,"12/25/2023, 12:17:52 AM","12/25/2023, 2:02:50 PM",THUNDER BAY,ON,P7E 5P7,100 Block ARTHUR ST W," TBPS] THEFT NOT IN PROGRESS, UNDER 5000",Other Theft,THEFT
TB23052262,"12/25/2023, 12:54:08 AM","12/25/2023, 2:02:50 PM",THUNDER BAY,ON,.,CENTRAL AV AND BALMORAL ST, TBPS] MOTOR VEHICLE COLLISION MVC NO INJURIES,Traffic,MOTOR VEHICLE COLLISION
TB23052250,"12/24/2023, 9:04:14 PM","12/25/2023, 2:02:50 PM",THUNDER BAY,ON,P7E 2M5,1300 Block BROWN ST," TBPS] MISCHIEF 11-10, MICHIEF UNDER 5000",Other Property Crime,MISCHIEF
TB23052279,"12/25/2023, 3:46:40 AM","12/25/2023, 2:02:50 PM",THUNDER BAY,ON,P7C 3A3,600 Block MCINTOSH ST, TBPS] TROUBLE WITH YOUTH YOUTHS STILL IN AREA,Quality of Life,TROUBLE WITH YOUTH
TB23052062,"12/23/2023, 7:37:15 AM","12/25/2023, 2:02:51 PM",THUNDER BAY,ON,P7B 6S2,700 Block MEMORIAL AV, TBPS] ASSAULT ACCUSED NOT PRESENT,Assault,ASSAULT
TB23052063,"12/23/2023, 7:54:57 AM","12/25/2023, 2:02:51 PM",THUNDER BAY,ON,P7B 5J4,1000 Block DAWSON RD, TBPS] MOTOR VEHICLE COLLISION 11-10 MVC ANY TYPE,Other,MOTOR VEHICLE COLLISION
TB23052079,"12/23/2023, 10:14:32 AM","12/25/2023, 2:02:51 PM",THUNDER BAY,ON,P7C 1A5,400 Block VICTORIA AV E, TBPS] B-E BUS/RES/OTH 11-10,Breaking & Entering,B-E BUS/RES/OTH
TB23052139,"12/23/2023, 11:28:54 PM","12/25/2023, 2:02:51 PM",THUNDER BAY,ON,P7B 4Y7,100 Block BLUCHER AV, TBPS] B-E BUS/RES/OTH 11-10,Breaking & Entering,B-E BUS/RES/OTH
TB23052192,"12/24/2023, 6:45:04 AM","12/25/2023, 2:02:51 PM",THUNDER BAY,ON,P7C 4B4,400 Block VICKERS ST N, TBPS] LIQUOR LICENCE ACT LIQUOR LICENCE ACT VIOLATION IN PROGRESS,Quality of Life,LIQUOR LICENCE ACT
TB23052178,"12/24/2023, 5:42:35 AM","12/25/2023, 2:02:51 PM",THUNDER BAY,ON,P7B 2T1,1 Block CUMBERLAND ST S, TBPS] ASSAULT ACCUSED NOT PRESENT,Assault,ASSAULT
TB23052217,"12/24/2023, 9:08:29 AM","12/25/2023, 2:02:51 PM",THUNDER BAY,ON,P7B 5J4,1000 Block DAWSON RD, TBPS] ASSAULT ACCUSED NOT PRESENT,Assault,ASSAULT
TB23052215,"12/24/2023, 8:37:43 AM","12/25/2023, 2:02:51 PM",THUNDER BAY,ON,P7C 4L2,100 Block BRUNSWICK ST N, TBPS] ASSAULT SUSP PRESENT OR IN AREA,Assault,ASSAULT
TB23052236,"12/24/2023, 4:23:00 PM","12/25/2023, 2:02:51 PM",THUNDER BAY,ON,P7E 5M8,900 Block ARTHUR ST E, TBPS] ASSAULT SUSP PRESENT OR IN AREA,Assault,ASSAULT
TB23052338,"12/26/2023, 3:47:14 AM","12/26/2023, 2:02:49 PM",THUNDER BAY,ON,P7A 8A4,100 Block EAST AVE, TBPS] MOTOR VEHICLE COLLISION MVC NO INJURIES,Traffic,MOTOR VEHICLE COLLISION
TB23052333,"12/26/2023, 2:10:46 AM","12/26/2023, 2:02:49 PM",THUNDER BAY,ON,P7B 5J4,1000 Block DAWSON RD, TBPS] ASSAULT SUSP PRESENT OR IN AREA,Assault,ASSAULT
TB23052327,"12/26/2023, 1:19:08 AM","12/26/2023, 2:02:50 PM",THUNDER BAY,ON,P7E 1A2,300 Block HARDISTY ST S, TBPS] ASSAULT SUSP PRESENT OR IN AREA,Assault,ASSAULT
TB23052301,"12/25/2023, 9:43:47 AM","12/26/2023, 2:02:51 PM",THUNDER BAY,ON,P7E 4H4,200 Block BROCK ST E, TBPS] ASSAULT SUSP PRESENT OR IN AREA,Assault,ASSAULT
TB23052321,"12/25/2023, 10:21:15 PM","12/26/2023, 2:02:51 PM",THUNDER BAY,ON,P7E 5M3,100 Block BEGIN ST W," TBPS] THEFT NOT IN PROGRESS, UNDER 5000",Other Theft,THEFT
TB23052361,"12/26/2023, 10:57:20 AM","12/27/2023, 2:02:54 PM",THUNDER BAY,ON,P7C 3K2,700 Block SIMPSON ST, TBPS] LIQUOR LICENCE ACT LIQUOR LICENCE ACT VIOLATION IN PROGRESS,Quality of Life,LIQUOR LICENCE ACT
TB23052378,"12/26/2023, 6:14:56 PM","12/27/2023, 2:02:54 PM",THUNDER BAY,ON,P7B 6B9,1000 Block FORT WILLIAM RD, TBPS] THEFT SUSP STILL PRESENT OR MAY BE IN AREA,Other Theft,THEFT
TB23052373,"12/26/2023, 4:43:17 PM","12/27/2023, 2:02:54 PM",THUNDER BAY,ON,P7E 5V3,500 Block DONALD ST E, TBPS] ASSAULT SUSP PRESENT OR IN AREA,Assault,ASSAULT
TB23052416,"12/27/2023, 12:29:22 AM","12/27/2023, 2:02:54 PM",THUNDER BAY,ON,P7B 1K1,RED RIVER RD AND CLARKSON ST N, TBPS] MOTOR VEHICLE COLLISION MVC NO INJURIES,Traffic,MOTOR VEHICLE COLLISION
TB23052424,"12/27/2023, 1:41:21 AM","12/27/2023, 2:02:54 PM",THUNDER BAY,ON,P7B 2W9,COURT ST S AND PEARL ST, TBPS] MOTOR VEHICLE COLLISION MVC NO INJURIES,Traffic,MOTOR VEHICLE COLLISION
TB23052440,"12/27/2023, 4:33:10 AM","12/27/2023, 2:02:54 PM",THUNDER BAY,ON,P7B 5V2,500 Block BEVERLY ST, TBPS] ASSAULT SUSP PRESENT OR IN AREA,Assault,ASSAULT
TB23052444,"12/27/2023, 5:03:50 AM","12/27/2023, 2:02:54 PM",THUNDER BAY,ON,P7E 5V3,500 Block DONALD ST E, TBPS] DRUG OFFENCES SUSP PRESENT OR MAY STILL BE IN AREA,Quality of Life,DRUG OFFENCES
TB23052277,"12/25/2023, 3:42:27 AM","12/27/2023, 2:02:55 PM",THUNDER BAY,ON,P7E 3S6,800 Block GORE ST W, TBPS] ASSAULT ACCUSED NOT PRESENT,Assault,ASSAULT
TB23052362,"12/26/2023, 11:00:53 AM","12/27/2023, 2:02:55 PM",THUNDER BAY,ON,P7B 3Z9,800 Block MEMORIAL AV, TBPS] MOTOR VEHICLE COLLISION MVC NO INJURIES,Traffic,MOTOR VEHICLE COLLISION
TB23052535,"12/28/2023, 12:47:05 AM","12/28/2023, 2:02:31 PM",THUNDER BAY,ON,P7B 6J8,100 Block PICTON AV, TBPS] B-E BUS/RES/OTH SUSP PRESENT OR MAY STILL BE IN AREA,Breaking & Entering,B-E BUS/RES/OTH
TB23052560,"12/28/2023, 4:06:07 AM","12/28/2023, 2:02:31 PM",THUNDER BAY,ON,P7C 3S5,CUMMING ST AND MAY ST N, TBPS] MOTOR VEHICLE COLLISION MVC - AMB ENR - DUAL RESP,Other,MOTOR VEHICLE COLLISION
TB23052549,"12/28/2023, 3:06:47 AM","12/28/2023, 2:02:31 PM",THUNDER BAY,ON,P7E,KINGSWAY AND ARTHUR ST E, TBPS] MOTOR VEHICLE COLLISION MVC NO INJURIES,Traffic,MOTOR VEHICLE COLLISION
TB23052564,"12/28/2023, 4:44:01 AM","12/28/2023, 2:02:31 PM",THUNDER BAY,ON,P7B 1K3,900 Block RED RIVER RD," TBPS] THEFT NOT IN PROGRESS, UNDER 5000",Other Theft,THEFT
TB23052461,"12/27/2023, 10:17:56 AM","12/28/2023, 2:02:32 PM",THUNDER BAY,ON,P7B 5K5,1100 Block MEMORIAL AV," TBPS] MISCHIEF IP/SUSP IN AREA, MICHIEF OVER 5000",Other Property Crime,MISCHIEF
TB23052462,"12/27/2023, 10:18:09 AM","12/28/2023, 2:02:32 PM",THUNDER BAY,ON,P7B 5K5,1100 Block MEMORIAL AV," TBPS] MISCHIEF IP/SUSP IN AREA, MICHIEF OVER 5000",Other Property Crime,MISCHIEF
TB23052469,"12/27/2023, 2:43:59 PM","12/28/2023, 2:02:32 PM",THUNDER BAY,ON,P7J 1K3,CITY RD AND MISSION RD, TBPS] MOTOR VEHICLE COLLISION MVC NO INJURIES,Traffic,MOTOR VEHICLE COLLISION
TB23052471,"12/27/2023, 2:59:08 PM","12/28/2023, 2:02:32 PM",THUNDER BAY,ON,P7B 6M9,1100 Block ALLOY DR, TBPS] STOLEN VEHICLE SUSP NOT IN AREA,Theft of Vehicle,STOLEN VEHICLE
TB23052507,"12/27/2023, 8:58:45 PM","12/28/2023, 2:02:32 PM",THUNDER BAY,ON,P7A 1P8,400 Block BLACK BAY RD, TBPS] THEFT SUSP STILL PRESENT OR MAY BE IN AREA,Other Theft,THEFT
TB23052529,"12/27/2023, 11:58:09 PM","12/28/2023, 2:02:32 PM",THUNDER BAY,ON,P7B 6B9,1000 Block FORT WILLIAM RD, TBPS] TRESPASS AT NIGHT SUSP NOT IN AREA - REPORTED AFTER THE FA,Other Property Crime,TRESPASS AT NIGHT
TB23052519,"12/27/2023, 10:46:08 PM","12/28/2023, 2:02:32 PM",THUNDER BAY,ON,P7A 2K6,200 Block MACDOUGALL ST, TBPS] ASSAULT ACCUSED PRESENT,Assault,ASSAULT
TB23052533,"12/28/2023, 12:14:56 AM","12/28/2023, 2:02:32 PM",THUNDER BAY,ON,P7A 1P8,400 Block BLACK BAY RD," TBPS] THEFT IN PROGRESS, OVER 50000",Other Theft,THEFT
TB23052556,"12/28/2023, 3:46:05 AM","12/28/2023, 2:02:32 PM",THUNDER BAY,ON,P7C 3P8,200 Block MAY ST N, TBPS] ASSAULT SUSP PRESENT OR IN AREA,Assault,ASSAULT
TB23052557,"12/28/2023, 3:49:01 AM","12/28/2023, 2:02:32 PM",THUNDER BAY,ON,P7B,1 Block AV AND CARRICK ST, TBPS] MOTOR VEHICLE COLLISION MVC - AMB ENR - DUAL RESP,Other,MOTOR VEHICLE COLLISION
TB23052460,"12/27/2023, 10:00:33 AM","12/28/2023, 2:02:33 PM",THUNDER BAY,ON,P7E 2H1,600 Block EDWARD ST S, TBPS] B-E BUS/RES/OTH SUSP PRESENT OR MAY STILL BE IN AREA,Breaking & Entering,B-E BUS/RES/OTH
TB23052669,"12/28/2023, 10:19:48 PM","12/29/2023, 2:03:20 PM",THUNDER BAY,ON,P7B 3Z7,700 Block MEMORIAL AV, TBPS] STOLEN VEHICLE SUSP NOT IN AREA,Theft of Vehicle,STOLEN VEHICLE
TB23052706,"12/29/2023, 3:11:29 AM","12/29/2023, 2:03:20 PM",THUNDER BAY,ON,P7A 4K8,1 Block CUMBERLAND ST N," TBPS] ASSAULT JUST OCCURRED, ACCUSED NOT PRESENT",Assault,ASSAULT
TB23052716,"12/29/2023, 5:06:07 AM","12/29/2023, 2:03:20 PM",THUNDER BAY,ON,P7B 1A5,200 Block RED RIVER RD, TBPS] B-E BUS/RES/OTH SUSP PRESENT OR MAY STILL BE IN AREA,Breaking & Entering,B-E BUS/RES/OTH
TB23052610,"12/28/2023, 4:14:22 PM","12/29/2023, 2:03:21 PM",THUNDER BAY,ON,P7B 1K2,RED RIVER RD AND JUNOT AV N, TBPS] MOTOR VEHICLE COLLISION 11-10 MVC ANY TYPE,Other,MOTOR VEHICLE COLLISION
TB23052620,"12/28/2023, 4:46:01 PM","12/29/2023, 2:03:21 PM",THUNDER BAY,ON,P7E 4H9,BROCK ST E AND EDWARD ST S, TBPS] MOTOR VEHICLE COLLISION 11-10 MVC ANY TYPE,Other,MOTOR VEHICLE COLLISION
TB23052618,"12/28/2023, 4:35:52 PM","12/29/2023, 2:03:21 PM",THUNDER BAY,ON,P7B 3B9,100 Block ALGOMA ST S, TBPS] MOTOR VEHICLE COLLISION 11-10 MVC ANY TYPE,Other,MOTOR VEHICLE COLLISION
TB23052658,"12/28/2023, 8:59:50 PM","12/29/2023, 2:03:21 PM",THUNDER BAY,ON,P7C 3T6,500 Block BRODIE ST N, TBPS] DRUG OFFENCES SUSP PRESENT OR MAY STILL BE IN AREA,Quality of Life,DRUG OFFENCES
TB23052655,"12/28/2023, 8:30:18 PM","12/29/2023, 2:03:21 PM",THUNDER BAY,ON,P7C 3P8,200 Block MAY ST N, TBPS] MOTOR VEHICLE COLLISION 11-10 MVC ANY TYPE,Other,MOTOR VEHICLE COLLISION
TB23052671,"12/28/2023, 10:22:25 PM","12/29/2023, 2:03:21 PM",THUNDER BAY,ON,P7B 2B5,BALMORAL ST AND MONTGOMERY ST, TBPS] MOTOR VEHICLE COLLISION 11-10 MVC ANY TYPE,Other,MOTOR VEHICLE COLLISION
TB23052670,"12/28/2023, 10:20:39 PM","12/29/2023, 2:03:21 PM",THUNDER BAY,ON,P7A 5P3,BALSAM ST AND HURON AV, TBPS] MOTOR VEHICLE COLLISION 11-10 MVC ANY TYPE,Other,MOTOR VEHICLE COLLISION
TB23052691,"12/29/2023, 12:29:00 AM","12/29/2023, 2:03:21 PM",THUNDER BAY,ON,P7B 3Z5,700 Block MEMORIAL AV, TBPS] MOTOR VEHICLE COLLISION MVC NO INJURIES,Traffic,MOTOR VEHICLE COLLISION
TB23052695,"12/29/2023, 1:19:33 AM","12/29/2023, 2:03:21 PM",THUNDER BAY,ON,P7E 6T6,NEEBING AV AND FREDERICA ST W, TBPS] MOTOR VEHICLE COLLISION MVC NO INJURIES,Traffic,MOTOR VEHICLE COLLISION
TB23052681,"12/28/2023, 11:09:01 PM","12/29/2023, 2:03:21 PM",THUNDER BAY,ON,P7B 2Z2,300 Block FORT WILLIAM RD, TBPS] THEFT SUSP STILL PRESENT OR MAY BE IN AREA,Other Theft,THEFT
TB23052558,"12/28/2023, 4:05:09 AM","12/29/2023, 2:03:22 PM",THUNDER BAY,ON,P7B 5R7,100 Block CUMBERLAND ST S," TBPS] ASSAULT JUST OCCURRED, ACCUSED NOT PRESENT",Assault,ASSAULT
TB23052579,"12/28/2023, 8:33:16 AM","12/29/2023, 2:03:22 PM",THUNDER BAY,ON,P7C 4S3,100 Block LIMBRICK ST, TBPS] B-E BUS/RES/OTH SUSP PRESENT OR MAY STILL BE IN AREA,Breaking & Entering,B-E BUS/RES/OTH
TB23052580,"12/28/2023, 8:36:23 AM","12/29/2023, 2:03:22 PM",THUNDER BAY,ON,P7G 1E5,1400 Block HUTTON PARK DR, TBPS] ASSAULT SUSP PRESENT OR IN AREA,Assault,ASSAULT
TB23052598,"12/28/2023, 2:58:23 PM","12/29/2023, 2:03:22 PM",THUNDER BAY,ON,P7B 2L7,400 Block INCHIQUIN ST, TBPS] B-E BUS/RES/OTH SUSP PRESENT OR MAY STILL BE IN AREA,Breaking & Entering,B-E BUS/RES/OTH
TB23052613,"12/28/2023, 4:23:01 PM","12/29/2023, 2:03:22 PM",THUNDER BAY,ON,P7C,EDWARD ST N AND REDWOOD AV E, TBPS] MOTOR VEHICLE COLLISION 11-10 MVC ANY TYPE,Other,MOTOR VEHICLE COLLISION
TB23052614,"12/28/2023, 4:24:52 PM","12/29/2023, 2:03:22 PM",THUNDER BAY,ON,P7B,MEMORIAL AV AND CENTRAL AV, TBPS] MOTOR VEHICLE COLLISION 11-10 MVC ANY TYPE,Other,MOTOR VEHICLE COLLISION
TB23052617,"12/28/2023, 4:33:32 PM","12/29/2023, 2:03:22 PM",THUNDER BAY,ON,P7E 5P1,ARTHUR ST E AND LILLIE ST S, TBPS] MOTOR VEHICLE COLLISION 11-10 MVC ANY TYPE,Other,MOTOR VEHICLE COLLISION
TB23052622,"12/28/2023, 5:04:17 PM","12/29/2023, 2:03:22 PM",THUNDER BAY,ON,P7B,MEMORIAL AV AND HARBOUR EXPRESSWAY, TBPS] MOTOR VEHICLE COLLISION 11-10 MVC ANY TYPE,Other,MOTOR VEHICLE COLLISION
TB23052636,"12/28/2023, 6:14:34 PM","12/29/2023, 2:03:22 PM",THUNDER BAY,ON,P7A 6N9,1 Block MINOT AV, TBPS] B-E BUS/RES/OTH 11-10,Breaking & Entering,B-E BUS/RES/OTH
TB23052490,"12/27/2023, 6:55:37 PM","12/30/2023, 2:02:49 PM",THUNDER BAY,ON,P7E 4H6,300 Block BROCK ST E, TBPS] MOTOR VEHICLE COLLISION 11-10 MVC ANY TYPE,Other,MOTOR VEHICLE COLLISION
TB23052831,"12/30/2023, 3:01:46 AM","12/30/2023, 2:02:49 PM",THUNDER BAY,ON,P7B 3C1,200 Block ALGOMA ST S, TBPS] ASSAULT SUSP PRESENT OR IN AREA,Assault,ASSAULT
TB23052822,"12/30/2023, 1:52:16 AM","12/30/2023, 2:02:49 PM",THUNDER BAY,ON,P7C 5H9,4700 Block 11-17 HWY, TBPS] TROUBLE WITH YOUTH YOUTHS STILL IN AREA,Quality of Life,TROUBLE WITH YOUTH
TB23052856,"12/30/2023, 6:56:48 AM","12/30/2023, 2:02:49 PM",THUNDER BAY,ON,P7E 3V5,FORD ST S AND FREDERICA ST E, TBPS] DRUG OFFENCES SUSP PRESENT OR MAY STILL BE IN AREA,Quality of Life,DRUG OFFENCES
TB23052773,"12/29/2023, 6:56:26 PM","12/30/2023, 2:02:50 PM",THUNDER BAY,ON,P7C 3H5,200 Block SIMPSON ST," TBPS] THEFT NOT IN PROGRESS, FROM MOTOR VEHICLE",Theft from Vehicle,THEFT
TB23052782,"12/29/2023, 8:05:43 PM","12/30/2023, 2:02:50 PM",THUNDER BAY,ON,P7B,FORT WILLIAM RD AND CENTRAL AV, TBPS] MOTOR VEHICLE COLLISION MVC NO INJURIES,Traffic,MOTOR VEHICLE COLLISION
TB23052790,"12/29/2023, 10:07:07 PM","12/30/2023, 2:02:50 PM",THUNDER BAY,ON,P7C 4C2,100 Block HAROLD ST N, TBPS] B-E BUS/RES/OTH SUSP PRESENT OR MAY STILL BE IN AREA,Breaking & Entering,B-E BUS/RES/OTH
TB23052784,"12/29/2023, 8:28:25 PM","12/30/2023, 2:02:50 PM",THUNDER BAY,ON,P7E 6J1,1 Block VALHALLA INN RD, TBPS] B-E BUS/RES/OTH SUSP PRESENT OR MAY STILL BE IN AREA,Breaking & Entering,B-E BUS/RES/OTH
TB23052795,"12/29/2023, 10:36:04 PM","12/30/2023, 2:02:50 PM",THUNDER BAY,ON,P7E 4N9,300 Block CHRISTINA ST E," TBPS] THEFT NOT IN PROGRESS, UNDER 5000",Other Theft,THEFT
TB23052783,"12/29/2023, 8:09:28 PM","12/30/2023, 2:02:50 PM",THUNDER BAY,ON,P7B 4W8,100 Block CLARKSON ST S, TBPS] TROUBLE WITH YOUTH YOUTHS STILL IN AREA,Quality of Life,TROUBLE WITH YOUTH
TB23052767,"12/29/2023, 5:50:53 PM","12/30/2023, 2:02:51 PM",THUNDER BAY,ON,P7A 7V1,100 Block COURT ST N, TBPS] MOTOR VEHICLE COLLISION MVC - AMB ENR - DUAL RESP,Other,MOTOR VEHICLE COLLISION
TB23052757,"12/29/2023, 4:58:21 PM","12/30/2023, 2:02:51 PM",THUNDER BAY,ON,P7B 6S2,700 Block MEMORIAL AV, TBPS] MOTOR VEHICLE COLLISION JAWS REQD - DUAL RESP,Traffic,MOTOR VEHICLE COLLISION
TB23052630,"12/28/2023, 5:55:20 PM","12/30/2023, 2:02:51 PM",THUNDER BAY,ON,P7B 3C2,JOHN ST AND MEMORIAL AV, TBPS] MOTOR VEHICLE COLLISION 11-10 MVC ANY TYPE,Other,MOTOR VEHICLE COLLISION
TB23052923,"12/30/2023, 10:46:10 PM","12/31/2023, 2:02:30 PM",THUNDER BAY,ON,P7A 4T8,1 Block COURT ST N, TBPS] THEFT SUSP STILL PRESENT OR MAY BE IN AREA,Other Theft,THEFT
TB23052930,"12/30/2023, 11:56:18 PM","12/31/2023, 2:02:30 PM",THUNDER BAY,ON,P7B 5Z5,1200 Block BALMORAL ST," TBPS] THEFT NOT IN PROGRESS, UNDER 5000",Other Theft,THEFT
TB23052948,"12/31/2023, 2:32:26 AM","12/31/2023, 2:02:30 PM",THUNDER BAY,ON,P7C 4T5,600 Block JAMES ST N, TBPS] MOTOR VEHICLE COLLISION MVC NO INJURIES,Traffic,MOTOR VEHICLE COLLISION
TB23052958,"12/31/2023, 4:04:43 AM","12/31/2023, 2:02:30 PM",THUNDER BAY,ON,P7C 3R4,FINLAYSON ST AND MAY ST N, TBPS] MOTOR VEHICLE COLLISION MVC NO INJURIES,Traffic,MOTOR VEHICLE COLLISION
TB23052955,"12/31/2023, 3:54:53 AM","12/31/2023, 2:02:30 PM",THUNDER BAY,ON,P7E,ARTHUR ST E AND EDWARD ST S, TBPS] MOTOR VEHICLE COLLISION MVC NO INJURIES,Traffic,MOTOR VEHICLE COLLISION
TB23052969,"12/31/2023, 6:04:16 AM","12/31/2023, 2:02:30 PM",THUNDER BAY,ON,P7E,ARTHUR ST W AND 61 HWY, TBPS] MOTOR VEHICLE COLLISION 11-10 MVC ANY TYPE,Other,MOTOR VEHICLE COLLISION
TB23052974,"12/31/2023, 7:07:59 AM","12/31/2023, 2:02:30 PM",THUNDER BAY,ON,P7E,ARTHUR ST W AND 61 HWY, TBPS] MOTOR VEHICLE COLLISION MVC NO INJURIES,Traffic,MOTOR VEHICLE COLLISION
TB23052986,"12/31/2023, 8:30:09 AM","12/31/2023, 2:02:30 PM",THUNDER BAY,ON,P7B,BEVERLY ST AND WINNIPEG AV," TBPS] MISCHIEF IP/SUSP IN AREA, UNDER 5,000",Other Property Crime,MISCHIEF
TB23052901,"12/30/2023, 7:19:25 PM","12/31/2023, 2:02:31 PM",THUNDER BAY,ON,P7E 5P4,2800 Block ARTHUR ST E, TBPS] THEFT SUSP STILL PRESENT OR MAY BE IN AREA,Other Theft,THEFT
TB23052911,"12/30/2023, 8:46:41 PM","12/31/2023, 2:02:31 PM",THUNDER BAY,ON,P7C 2N1,200 Block OGDEN ST, TBPS] B-E BUS/RES/OTH SUSP PRESENT OR MAY STILL BE IN AREA,Breaking & Entering,B-E BUS/RES/OTH
TB23052973,"12/31/2023, 6:59:05 AM","12/31/2023, 2:02:31 PM",THUNDER BAY,ON,P7C 2L3,VICKERS ST N AND FINLAYSON ST, TBPS] LIQUOR LICENCE ACT LIQUOR LICENCE ACT VIOLATION IN PROGRESS,Quality of Life,LIQUOR LICENCE ACT
