ccn,date,updateDate,city,state,postalCode,blocksizedAddress,incidentType,parentIncidentType,narrative
TB24040905,"09/30/2024, 11:53:14 PM","10/01/2024, 1:07:01 PM",THUNDER BAY,ON,P7C 4P9,500 Block EDWARD ST N," TBPS] THEFT NOT IN PROGRESS, UNDER 5000",Other Theft,THEFT
TB24040910,"10/01/2024, 12:09:20 AM","10/01/2024, 1:07:02 PM",THUNDER BAY,ON,P7B 5N5,200 Block RAVENWOOD AV," TBPS] THEFT NOT IN PROGRESS, UNDER 5000",Other Theft,THEFT
TB24040926,"10/01/2024, 1:54:42 AM","10/01/2024, 1:07:05 PM",THUNDER BAY,ON,P7E 1M1,200 Block MARKS ST S, TBPS] ASSAULT ACCUSED PRESENT,Assault,ASSAULT
TB24040928,"10/01/2024, 1:59:22 AM","10/01/2024, 1:07:05 PM",THUNDER BAY,ON,P7A 2V2,300 Block OTTO ST," TBPS] THEFT NOT IN PROGRESS, FROM MOTOR VEHICLE",Theft from Vehicle,THEFT
TB24040621,"09/29/2024, 2:13:34 AM","10/01/2024, 1:07:07 PM",THUNDER BAY,ON,P7A 8A4,100 Block EAST AV, TBPS] MOTOR VEHICLE COLLISION 11-10 MVC ANY TYPE,Other,MOTOR VEHICLE COLLISION
TB24040387,"09/27/2024, 4:50:10 PM","10/01/2024, 1:07:08 PM",THUNDER BAY,ON,P7J 1H2,1900 Block MOUNT FOREST BLVD," TBPS] MISCHIEF 11-10, MICHIEF OVER 5000",Other Property Crime,MISCHIEF
TB24040952,"10/01/2024, 5:04:11 AM","10/01/2024, 1:07:10 PM",THUNDER BAY,ON,P7A 7X2,600 Block COURT ST N, TBPS] B-E BUS/RES/OTH SUSP PRESENT OR MAY STILL BE IN AREA,Breaking & Entering,B-E BUS/RES/OTH
TB24040963,"10/01/2024, 6:42:23 AM","10/01/2024, 1:07:12 PM",THUNDER BAY,ON,.,100 Block PEARL ST, TBPS] ASSAULT SUSP PRESENT OR IN AREA,Assault,ASSAULT
TB24040661,"09/29/2024, 6:17:16 AM","10/01/2024, 1:07:14 PM",THUNDER BAY,ON,P7B 1V8,200 Block WINDSOR ST, TBPS] ASSAULT ACCUSED NOT PRESENT,Assault,ASSAULT
TB24040769,"09/30/2024, 1:22:37 AM","10/01/2024, 1:07:16 PM",THUNDER BAY,ON,P7A 7T3,300 Block PEEL ST, TBPS] ARSON 11-10 ARSON,Other Property Crime,ARSON
TB24040804,"09/30/2024, 5:26:21 AM","10/01/2024, 1:07:23 PM",THUNDER BAY,ON,P7B 3Z7,800 Block MEMORIAL AV," TBPS] MISCHIEF 11-10, MICHIEF UNDER 5000",Other Property Crime,MISCHIEF
TB24040829,"09/30/2024, 9:41:15 AM","10/01/2024, 1:07:26 PM",THUNDER BAY,ON,P7E 5Y8,400 Block GEORGE ST, TBPS] ASSAULT ACCUSED NOT PRESENT,Assault,ASSAULT
TB24040834,"09/30/2024, 1:52:39 PM","10/01/2024, 1:07:27 PM",THUNDER BAY,ON,P7E 5Y8,400 Block GEORGE ST, TBPS] DRUG OFFENCES SUSP PRESENT OR MAY STILL BE IN AREA,Quality of Life,DRUG OFFENCES
TB24040844,"09/30/2024, 3:54:38 PM","10/01/2024, 1:07:28 PM",THUNDER BAY,ON,P7E 5N2,1300 Block ARTHUR ST E," TBPS] MISCHIEF 11-10, MICHIEF UNDER 5000",Other Property Crime,MISCHIEF
TB24040848,"09/30/2024, 5:00:44 PM","10/01/2024, 1:07:28 PM",THUNDER BAY,ON,P7C 2W4,NORTHERN AV AND VICKERS ST N, TBPS] MOTOR VEHICLE COLLISION MVC NO INJURIES,Traffic,MOTOR VEHICLE COLLISION
TB24040864,"09/30/2024, 6:45:37 PM","10/01/2024, 1:07:30 PM",THUNDER BAY,ON,P7A 8C8,700 Block ARUNDEL ST," TBPS] THEFT NOT IN PROGRESS, UNDER 5000",Other Theft,THEFT
TB24040872,"09/30/2024, 7:41:07 PM","10/01/2024, 1:07:31 PM",THUNDER BAY,ON,P7B 5J4,1000 Block DAWSON RD," TBPS] THEFT NOT IN PROGRESS, UNDER 5000",Other Theft,THEFT
TB24040876,"09/30/2024, 7:59:14 PM","10/01/2024, 1:07:32 PM",THUNDER BAY,ON,P7C 3W2,300 Block SYNDICATE AV N, TBPS] B-E BUS/RES/OTH 11-10,Breaking & Entering,B-E BUS/RES/OTH
TB24040880,"09/30/2024, 8:23:29 PM","10/01/2024, 1:07:32 PM",THUNDER BAY,ON,P7A 5A6,200 Block ALGOMA ST N," TBPS] MISCHIEF 11-10, MICHIEF UNDER 5000",Other Property Crime,MISCHIEF
TB24040886,"09/30/2024, 9:03:13 PM","10/01/2024, 1:07:32 PM",THUNDER BAY,ON,P7A 5E7,1 Block JEAN ST, TBPS] ASSAULT SUSP PRESENT OR IN AREA,Assault,ASSAULT
TB24040893,"09/30/2024, 10:18:16 PM","10/01/2024, 1:07:33 PM",THUNDER BAY,ON,P7E 4S3,SPRAGUE ST AND EMPIRE AV E, TBPS] MOTOR VEHICLE COLLISION MVC - AMB ENR - DUAL RESP,Other,MOTOR VEHICLE COLLISION
TB24040895,"09/30/2024, 10:22:36 PM","10/01/2024, 1:07:33 PM",THUNDER BAY,ON,P7C 3H1,1 Block SIMPSON ST, TBPS] POSSESSION OF STOLEN PROPERTY ACCUSED PRESENT,Theft,POSSESSION OF STOLEN PROPERTY
TB24040896,"09/30/2024, 10:28:48 PM","10/01/2024, 1:07:33 PM",THUNDER BAY,ON,P7B 5L6,300 Block MAIN ST," TBPS] THEFT NOT IN PROGRESS, UNDER 5000",Other Theft,THEFT
TB24040897,"09/30/2024, 10:39:59 PM","10/01/2024, 1:07:33 PM",THUNDER BAY,ON,P7E 1B8,100 Block BRODIE ST S, TBPS] DRUG OFFENCES SUSP PRESENT OR MAY STILL BE IN AREA,Quality of Life,DRUG OFFENCES
TB24040899,"09/30/2024, 10:55:06 PM","10/01/2024, 1:07:33 PM",THUNDER BAY,ON,P7B 5Z5,1200 Block BALMORAL ST, TBPS] ASSAULT ACCUSED NOT PRESENT,Assault,ASSAULT
TB24041108,"10/02/2024, 2:55:24 AM","10/02/2024, 1:04:50 PM",THUNDER BAY,ON,P7B 1K3,800 Block RED RIVER RD," TBPS] THEFT NOT IN PROGRESS, UNDER 5000",Other Theft,THEFT
TB24041088,"10/02/2024, 12:18:52 AM","10/02/2024, 1:04:51 PM",THUNDER BAY,ON,P7B 1V8,200 Block WINDSOR ST, TBPS] ASSAULT SUSP PRESENT OR IN AREA,Assault,ASSAULT
TB24041101,"10/02/2024, 2:17:27 AM","10/02/2024, 1:04:51 PM",THUNDER BAY,ON,P7B 3A6,900 Block FORT WILLIAM RD, TBPS] ASSAULT SUSP PRESENT OR IN AREA,Assault,ASSAULT
TB24040995,"10/01/2024, 3:31:11 PM","10/02/2024, 1:04:52 PM",THUNDER BAY,ON,P7B 4W8,1 Block CLARKSON ST S, TBPS] MOTOR VEHICLE COLLISION 11-10 MVC ANY TYPE,Other,MOTOR VEHICLE COLLISION
TB24041040,"10/01/2024, 6:29:34 PM","10/02/2024, 1:04:52 PM",THUNDER BAY,ON,P7E 5V3,500 Block DONALD ST E, TBPS] LIQUOR LICENCE ACT LIQUOR LICENCE ACT VIOLATION IN PROGRESS,Quality of Life,LIQUOR LICENCE ACT
TB24041046,"10/01/2024, 6:48:14 PM","10/02/2024, 1:04:52 PM",THUNDER BAY,ON,P7E 3W7,500 Block FREDERICA ST W," TBPS] THEFT NOT IN PROGRESS, UNDER 5000",Other Theft,THEFT
TB24041061,"10/01/2024, 8:03:36 PM","10/02/2024, 1:04:52 PM",THUNDER BAY,ON,P7A 3E2,1 Block BURRISS ST, TBPS] ASSAULT SUSP PRESENT OR IN AREA,Assault,ASSAULT
TB24041077,"10/01/2024, 10:00:00 PM","10/02/2024, 1:04:52 PM",THUNDER BAY,ON,P7E 1W8,700 Block ERNESTINE AV," TBPS] THEFT NOT IN PROGRESS, UNDER 5000",Other Theft,THEFT
TB24040994,"10/01/2024, 3:25:56 PM","10/02/2024, 1:04:53 PM",THUNDER BAY,ON,P7A,CUMBERLAND ST N AND NORTH WATER ST, TBPS] MOTOR VEHICLE COLLISION 11-10 MVC ANY TYPE,Other,MOTOR VEHICLE COLLISION
TB24040996,"10/01/2024, 3:36:14 PM","10/02/2024, 1:04:53 PM",THUNDER BAY,ON,P7B 5E1,900 Block OLIVER RD, TBPS] MOTOR VEHICLE COLLISION 11-10 MVC ANY TYPE,Other,MOTOR VEHICLE COLLISION
TB24041003,"10/01/2024, 3:59:29 PM","10/02/2024, 1:04:53 PM",THUNDER BAY,ON,P7B 2X7,100 Block COURT ST S, TBPS] ASSAULT SUSP PRESENT OR IN AREA,Assault,ASSAULT
TB24041004,"10/01/2024, 4:09:42 PM","10/02/2024, 1:04:53 PM",THUNDER BAY,ON,P7C 1G3,EDWARD ST N AND VICTORIA AV E, TBPS] MOTOR VEHICLE COLLISION 11-10 MVC ANY TYPE,Other,MOTOR VEHICLE COLLISION
TB24041005,"10/01/2024, 4:12:08 PM","10/02/2024, 1:04:53 PM",THUNDER BAY,ON,P7E 5R5,500 Block ARTHUR ST W, TBPS] MOTOR VEHICLE COLLISION 11-10 MVC ANY TYPE,Other,MOTOR VEHICLE COLLISION
TB24041006,"10/01/2024, 4:13:18 PM","10/02/2024, 1:04:53 PM",THUNDER BAY,ON,P7E 6L4,1100 Block ARTHUR ST W, TBPS] MOTOR VEHICLE COLLISION MVC NO INJURIES,Traffic,MOTOR VEHICLE COLLISION
TB24041007,"10/01/2024, 4:18:46 PM","10/02/2024, 1:04:53 PM",THUNDER BAY,ON,P7A 2J6,200 Block GIBSON AV, TBPS] MOTOR VEHICLE COLLISION 11-10 MVC ANY TYPE,Other,MOTOR VEHICLE COLLISION
TB24041010,"10/01/2024, 4:27:01 PM","10/02/2024, 1:04:53 PM",THUNDER BAY,ON,P7C 2V7,400 Block NORTHERN AV, TBPS] MOTOR VEHICLE COLLISION 11-10 MVC ANY TYPE,Other,MOTOR VEHICLE COLLISION
TB24041019,"10/01/2024, 5:08:41 PM","10/02/2024, 1:04:53 PM",THUNDER BAY,ON,P7B 3Y8,500 Block MEMORIAL AV, TBPS] MOTOR VEHICLE COLLISION 11-10 MVC ANY TYPE,Other,MOTOR VEHICLE COLLISION
TB24041027,"10/01/2024, 5:41:03 PM","10/02/2024, 1:04:53 PM",THUNDER BAY,ON,P7B 3A6,900 Block FORT WILLIAM RD, TBPS] MOTOR VEHICLE COLLISION 11-10 MVC ANY TYPE,Other,MOTOR VEHICLE COLLISION
TB24041029,"10/01/2024, 5:51:36 PM","10/02/2024, 1:04:53 PM",THUNDER BAY,ON,P7K 1K2,1200 Block ARTHUR ST W, TBPS] MOTOR VEHICLE COLLISION 11-10 MVC ANY TYPE,Other,MOTOR VEHICLE COLLISION
TB24040977,"10/01/2024, 9:14:39 AM","10/02/2024, 1:04:54 PM",THUNDER BAY,ON,P7A 7S7,300 Block WENTWORTH CR, TBPS] B-E BUS/RES/OTH SUSP PRESENT OR MAY STILL BE IN AREA,Breaking & Entering,B-E BUS/RES/OTH
TB24040979,"10/01/2024, 9:22:30 AM","10/02/2024, 1:04:54 PM",THUNDER BAY,ON,P7B 2T4,1 Block CUMBERLAND ST S, TBPS] ASSAULT SUSP PRESENT OR IN AREA,Assault,ASSAULT
TB24040978,"10/01/2024, 9:21:41 AM","10/02/2024, 1:04:54 PM",THUNDER BAY,ON,P7C 2E8,100 Block INGLEWOOD CR, TBPS] B-E BUS/RES/OTH SUSP PRESENT OR MAY STILL BE IN AREA,Breaking & Entering,B-E BUS/RES/OTH
TB24040993,"10/01/2024, 3:21:22 PM","10/02/2024, 1:04:54 PM",THUNDER BAY,ON,P7A,ARUNDEL ST AND LYON BLVD W, TBPS] MOTOR VEHICLE COLLISION 11-10 MVC ANY TYPE,Other,MOTOR VEHICLE COLLISION
TB24041008,"10/01/2024, 4:23:29 PM","10/02/2024, 1:04:54 PM",THUNDER BAY,ON,P7G 2H9,WARDROPE AV AND CASTLEGREEN DR, TBPS] MOTOR VEHICLE COLLISION 11-10 MVC ANY TYPE,Other,MOTOR VEHICLE COLLISION
TB24041014,"10/01/2024, 4:43:02 PM","10/02/2024, 1:04:54 PM",THUNDER BAY,ON,P7B 2C2,600 Block FAIRCREST ST, TBPS] STOLEN VEHICLE SUSP NOT IN AREA,Theft of Vehicle,STOLEN VEHICLE
TB24041021,"10/01/2024, 5:15:30 PM","10/02/2024, 1:04:54 PM",THUNDER BAY,ON,P7E 5P4,2800 Block ARTHUR ST E, TBPS] MOTOR VEHICLE COLLISION 11-10 MVC ANY TYPE,Other,MOTOR VEHICLE COLLISION
TB24041033,"10/01/2024, 6:07:28 PM","10/02/2024, 1:04:54 PM",THUNDER BAY,ON,.,RIVIERA DR AND GOLF LINKS RD, TBPS] MOTOR VEHICLE COLLISION 11-10 MVC ANY TYPE,Other,MOTOR VEHICLE COLLISION
TB24040604,"09/29/2024, 12:12:29 AM","10/02/2024, 1:04:55 PM",THUNDER BAY,ON,P7A 5S3,300 Block HIGH ST N, TBPS] ASSAULT ACCUSED NOT PRESENT,Assault,ASSAULT
TB24041286,"10/03/2024, 5:58:20 AM","10/03/2024, 1:04:43 PM",THUNDER BAY,ON,P7E 5N3,1300 Block ARTHUR ST E, TBPS] ROBBERY NO WEAPONS - SUSP STILL IN AREA,Robbery,ROBBERY
TB24041260,"10/03/2024, 2:29:33 AM","10/03/2024, 1:04:44 PM",THUNDER BAY,ON,P7E 5X5,2600 Block DONALD ST E, TBPS] ASSAULT SUSP PRESENT OR IN AREA,Assault,ASSAULT
TB24041270,"10/03/2024, 3:47:44 AM","10/03/2024, 1:04:44 PM",THUNDER BAY,ON,P7E 5V7,1100 Block LINCOLN ST, TBPS] ASSAULT SUSP PRESENT OR IN AREA,Assault,ASSAULT
TB24041297,"10/03/2024, 7:55:26 AM","10/03/2024, 1:04:44 PM",THUNDER BAY,ON,P7G 1A2,200 Block CHERCOVER DR, TBPS] B-E BUS/RES/OTH SUSP PRESENT OR MAY STILL BE IN AREA,Breaking & Entering,B-E BUS/RES/OTH
TB24041249,"10/03/2024, 12:57:24 AM","10/03/2024, 1:04:45 PM",THUNDER BAY,ON,P7C 3P8,200 Block MAY ST N, TBPS] DRUG OFFENCES SUSP PRESENT OR MAY STILL BE IN AREA,Quality of Life,DRUG OFFENCES
TB24041251,"10/03/2024, 1:36:38 AM","10/03/2024, 1:04:45 PM",THUNDER BAY,ON,P7E 5N3,1300 Block ARTHUR ST E, TBPS] ROBBERY WEAPONS - SUSP STILL IN AREA,Robbery,ROBBERY
TB24041255,"10/03/2024, 1:57:59 AM","10/03/2024, 1:04:45 PM",THUNDER BAY,ON,P7B 1L1,1 Block WALKOVER ST, TBPS] DRUG OFFENCES SUSP PRESENT OR MAY STILL BE IN AREA,Quality of Life,DRUG OFFENCES
TB24041259,"10/03/2024, 2:20:09 AM","10/03/2024, 1:04:45 PM",THUNDER BAY,ON,P7C 1A1,SIMPSON ST AND VICTORIA AV E," TBPS] MISCHIEF IP/SUSP IN AREA, UNDER 5,000",Other Property Crime,MISCHIEF
TB24041265,"10/03/2024, 2:44:31 AM","10/03/2024, 1:04:45 PM",THUNDER BAY,ON,P7C 1A1,SIMPSON ST AND VICTORIA AV E, TBPS] THEFT SUSP STILL PRESENT OR MAY BE IN AREA,Other Theft,THEFT
TB24041273,"10/03/2024, 4:38:51 AM","10/03/2024, 1:04:45 PM",THUNDER BAY,ON,P7A 3S6,700 Block RIVER ST, TBPS] TROUBLE WITH YOUTH YOUTHS STILL IN AREA,Quality of Life,TROUBLE WITH YOUTH
TB24041214,"10/02/2024, 9:31:40 PM","10/03/2024, 1:04:46 PM",THUNDER BAY,ON,P7B 6A3,600 Block SHERRINGTON DR, TBPS] LIQUOR LICENCE ACT LIQUOR LICENCE ACT VIOLATION IN PROGRESS,Quality of Life,LIQUOR LICENCE ACT
TB24041225,"10/02/2024, 11:09:35 PM","10/03/2024, 1:04:46 PM",THUNDER BAY,ON,P7E 2V9,700 Block JAMES ST S, TBPS] ASSAULT SUSP PRESENT OR IN AREA,Assault,ASSAULT
TB24041236,"10/02/2024, 11:56:19 PM","10/03/2024, 1:04:46 PM",THUNDER BAY,ON,P7B 1R3,200 Block BAY ST, TBPS] ASSAULT SUSP PRESENT OR IN AREA,Assault,ASSAULT
TB24041242,"10/03/2024, 12:20:15 AM","10/03/2024, 1:04:46 PM",THUNDER BAY,ON,P7A 4T8,1 Block COURT ST N, TBPS] THEFT SUSP STILL PRESENT OR MAY BE IN AREA,Other Theft,THEFT
TB24041258,"10/03/2024, 2:18:05 AM","10/03/2024, 1:04:46 PM",THUNDER BAY,ON,P7E 4G2,1200 Block FRANCIS ST W," TBPS] THEFT NOT IN PROGRESS, UNDER 5000",Other Theft,THEFT
TB24041178,"10/02/2024, 4:33:43 PM","10/03/2024, 1:04:47 PM",THUNDER BAY,ON,P7B 3A6,900 Block FORT WILLIAM RD," TBPS] MISCHIEF IP/SUSP IN AREA, UNDER 5,000",Other Property Crime,MISCHIEF
TB24041185,"10/02/2024, 5:35:10 PM","10/03/2024, 1:04:47 PM",THUNDER BAY,ON,P7B 6B9,FORT WILLIAM RD AND ISABEL ST, TBPS] MOTOR VEHICLE COLLISION 11-10 MVC ANY TYPE,Other,MOTOR VEHICLE COLLISION
TB24041197,"10/02/2024, 7:31:32 PM","10/03/2024, 1:04:47 PM",THUNDER BAY,ON,P7B 5L6,300 Block MAIN ST, TBPS] THEFT SUSP STILL PRESENT OR MAY BE IN AREA,Other Theft,THEFT
TB24041203,"10/02/2024, 8:29:26 PM","10/03/2024, 1:04:47 PM",THUNDER BAY,ON,P7A 7T8,300 Block ADELAIDE ST, TBPS] MOTOR VEHICLE COLLISION 11-10 MVC ANY TYPE,Other,MOTOR VEHICLE COLLISION
TB24041208,"10/02/2024, 8:58:42 PM","10/03/2024, 1:04:47 PM",THUNDER BAY,ON,P7B 5L6,300 Block MAIN ST," TBPS] THEFT NOT IN PROGRESS, UNDER 5000",Other Theft,THEFT
TB24041224,"10/02/2024, 11:07:57 PM","10/03/2024, 1:04:47 PM",THUNDER BAY,ON,P7A 4M2,100 Block CUMBERLAND ST N," TBPS] MISCHIEF 11-10, MICHIEF UNDER 5000",Other Property Crime,MISCHIEF
TB24041232,"10/02/2024, 11:36:47 PM","10/03/2024, 1:04:47 PM",THUNDER BAY,ON,P7B,COLLEGE BUS LOOP AND RED LAKE RD, TBPS] MOTOR VEHICLE COLLISION MVC - AMB ENR - DUAL RESP,Other,MOTOR VEHICLE COLLISION
TB24041135,"10/02/2024, 8:08:08 AM","10/03/2024, 1:04:48 PM",THUNDER BAY,ON,P7E 5N3,1300 Block ARTHUR ST E, TBPS] ROBBERY NO WEAPONS - SUSP STILL IN AREA,Robbery,ROBBERY
TB24041152,"10/02/2024, 2:15:50 PM","10/03/2024, 1:04:48 PM",THUNDER BAY,ON,P7A 8A6,500 Block TOLEDO ST," TBPS] SEXUAL ASSAULT JUST OCCURRED, ACCUSED NOT PRESENT",Other,SEXUAL ASSAULT
TB24041157,"10/02/2024, 3:00:15 PM","10/03/2024, 1:04:48 PM",THUNDER BAY,ON,P7B 6S2,700 Block MEMORIAL AV, TBPS] MOTOR VEHICLE COLLISION 11-10 MVC ANY TYPE,Other,MOTOR VEHICLE COLLISION
TB24041159,"10/02/2024, 3:03:46 PM","10/03/2024, 1:04:48 PM",THUNDER BAY,ON,P7B 6M4,1200 Block AMBER DR, TBPS] MOTOR VEHICLE COLLISION 11-10 MVC ANY TYPE,Other,MOTOR VEHICLE COLLISION
TB24041160,"10/02/2024, 3:08:28 PM","10/03/2024, 1:04:48 PM",THUNDER BAY,ON,P7E 6L4,1100 Block ARTHUR ST W, TBPS] MOTOR VEHICLE COLLISION 11-10 MVC ANY TYPE,Other,MOTOR VEHICLE COLLISION
TB24041161,"10/02/2024, 3:12:57 PM","10/03/2024, 1:04:48 PM",THUNDER BAY,ON,P7E 6T1,400 Block JAMES ST S, TBPS] MOTOR VEHICLE COLLISION 11-10 MVC ANY TYPE,Other,MOTOR VEHICLE COLLISION
TB24041171,"10/02/2024, 3:48:18 PM","10/03/2024, 1:04:48 PM",THUNDER BAY,ON,P7E,EDWARD ST S AND WALSH ST E, TBPS] MOTOR VEHICLE COLLISION 11-10 MVC ANY TYPE,Other,MOTOR VEHICLE COLLISION
TB24041180,"10/02/2024, 4:49:04 PM","10/03/2024, 1:04:48 PM",THUNDER BAY,ON,P7B 6B9,ISABEL ST AND FORT WILLIAM RD, TBPS] MOTOR VEHICLE COLLISION 11-10 MVC ANY TYPE,Other,MOTOR VEHICLE COLLISION
TB24041191,"10/02/2024, 6:46:08 PM","10/03/2024, 1:04:48 PM",THUNDER BAY,ON,P7B,CENTRAL AV AND MEMORIAL AV, TBPS] MOTOR VEHICLE COLLISION 11-10 MVC ANY TYPE,Other,MOTOR VEHICLE COLLISION
TB24041083,"10/01/2024, 11:27:22 PM","10/03/2024, 1:04:49 PM",THUNDER BAY,ON,P7B 1L4,200 Block AMBROSE ST, TBPS] ASSAULT ACCUSED NOT PRESENT,Assault,ASSAULT
TB24041087,"10/02/2024, 12:15:42 AM","10/03/2024, 1:04:49 PM",THUNDER BAY,ON,P7A 4K8,1 Block CUMBERLAND ST N, TBPS] MOTOR VEHICLE COLLISION 11-10 MVC ANY TYPE,Other,MOTOR VEHICLE COLLISION
TB24041150,"10/02/2024, 1:41:33 PM","10/03/2024, 1:04:49 PM",THUNDER BAY,ON,P7E,ARTHUR ST W AND 61 HWY, TBPS] MOTOR VEHICLE COLLISION MVC NO INJURIES,Traffic,MOTOR VEHICLE COLLISION
TB24041162,"10/02/2024, 3:20:19 PM","10/03/2024, 1:04:49 PM",THUNDER BAY,ON,P7B 3G8,200 Block ONTARIO ST, TBPS] MOTOR VEHICLE COLLISION 11-10 MVC ANY TYPE,Other,MOTOR VEHICLE COLLISION
TB24041167,"10/02/2024, 3:42:09 PM","10/03/2024, 1:04:49 PM",THUNDER BAY,ON,P7J 1B4,1900 Block SCOTLAND ST, TBPS] MOTOR VEHICLE COLLISION 11-10 MVC ANY TYPE,Other,MOTOR VEHICLE COLLISION
TB24041183,"10/02/2024, 5:19:49 PM","10/03/2024, 1:04:49 PM",THUNDER BAY,ON,P7A 6L4,1000 Block HURON AV, TBPS] MOTOR VEHICLE COLLISION 11-10 MVC ANY TYPE,Other,MOTOR VEHICLE COLLISION
TB24041102,"10/02/2024, 2:25:29 AM","10/03/2024, 1:04:50 PM",THUNDER BAY,ON,P7B 6B9,1000 Block FORT WILLIAM RD, TBPS] ASSAULT SUSP PRESENT OR IN AREA,Assault,ASSAULT
TB24041415,"10/03/2024, 11:18:09 PM","10/04/2024, 1:08:48 PM",THUNDER BAY,ON,P7B 5V7,900 Block JOHN ST, TBPS] MOTOR VEHICLE COLLISION MVC INJURIES FIRE NOT REQ,Traffic,MOTOR VEHICLE COLLISION
TB24041416,"10/04/2024, 12:02:30 AM","10/04/2024, 1:08:48 PM",THUNDER BAY,ON,P7E 3R6,300 Block GORE ST W, TBPS] STOLEN VEHICLE SUSP NOT IN AREA,Theft of Vehicle,STOLEN VEHICLE
TB24041419,"10/04/2024, 12:24:12 AM","10/04/2024, 1:08:48 PM",THUNDER BAY,ON,P7A 4K8,1 Block CUMBERLAND ST N, TBPS] ASSAULT SUSP PRESENT OR IN AREA,Assault,ASSAULT
TB24041423,"10/04/2024, 1:17:01 AM","10/04/2024, 1:08:49 PM",THUNDER BAY,ON,P7B 4G9,1 Block HODGE ST," TBPS] THEFT NOT IN PROGRESS, UNDER 5000",Other Theft,THEFT
TB24041426,"10/04/2024, 1:47:04 AM","10/04/2024, 1:08:49 PM",THUNDER BAY,ON,P7B 3B6,200 Block WILSON ST, TBPS] DRUG OFFENCES SUSP PRESENT OR MAY STILL BE IN AREA,Quality of Life,DRUG OFFENCES
TB24041427,"10/04/2024, 1:48:45 AM","10/04/2024, 1:08:49 PM",THUNDER BAY,ON,P7B 6S2,700 Block MEMORIAL AV, TBPS] ROBBERY NO WEAPONS - SUSP STILL IN AREA,Robbery,ROBBERY
TB24041430,"10/04/2024, 2:28:12 AM","10/04/2024, 1:08:49 PM",THUNDER BAY,ON,P7B 3Z9,MEMORIAL AV AND 11TH AV, TBPS] LIQUOR LICENCE ACT LIQUOR LICENCE ACT VIOLATION IN PROGRESS,Quality of Life,LIQUOR LICENCE ACT
TB24041438,"10/04/2024, 3:00:27 AM","10/04/2024, 1:08:50 PM",THUNDER BAY,ON,P0T 2G0,OLIVER RD AND NICHOLETTS RD, TBPS] MOTOR VEHICLE COLLISION MVC NO INJURIES,Traffic,MOTOR VEHICLE COLLISION
TB24041444,"10/04/2024, 3:45:13 AM","10/04/2024, 1:08:51 PM",THUNDER BAY,ON,P7E 1E2,300 Block SYNDICATE AV S, TBPS] ASSAULT SUSP PRESENT OR IN AREA,Assault,ASSAULT
TB24041445,"10/04/2024, 3:47:03 AM","10/04/2024, 1:08:51 PM",THUNDER BAY,ON,P7C 4P7,400 Block EDWARD ST N, TBPS] THEFT SUSP STILL PRESENT OR MAY BE IN AREA,Other Theft,THEFT
TB24041446,"10/04/2024, 3:59:16 AM","10/04/2024, 1:08:51 PM",THUNDER BAY,ON,P7B 1K7,1000 Block DAWSON RD, TBPS] ROBBERY NO WEAPONS - SUSP STILL IN AREA,Robbery,ROBBERY
TB24041449,"10/04/2024, 4:12:13 AM","10/04/2024, 1:08:52 PM",THUNDER BAY,ON,P7C 4R6,100 Block SHERBROOKE ST, TBPS] TROUBLE WITH YOUTH YOUTHS STILL IN AREA,Quality of Life,TROUBLE WITH YOUTH
TB24041215,"10/02/2024, 9:48:58 PM","10/04/2024, 1:08:53 PM",THUNDER BAY,ON,P7B 6Z8,1400 Block NAKINA DR, TBPS] ASSAULT ACCUSED NOT PRESENT,Assault,ASSAULT
TB24041455,"10/04/2024, 4:46:28 AM","10/04/2024, 1:08:53 PM",THUNDER BAY,ON,P7E 6E2,1100 Block ARTHUR ST W, TBPS] MOTOR VEHICLE COLLISION MVC NO INJURIES,Traffic,MOTOR VEHICLE COLLISION
TB24041467,"10/04/2024, 5:47:10 AM","10/04/2024, 1:08:54 PM",THUNDER BAY,ON,P7E 1S3,700 Block HARKNESS ST, TBPS] STOLEN VEHICLE SUSP NOT IN AREA,Theft of Vehicle,STOLEN VEHICLE
TB24041469,"10/04/2024, 6:24:00 AM","10/04/2024, 1:08:55 PM",THUNDER BAY,ON,P7E 5R8,600 Block ARTHUR ST W, TBPS] ROBBERY NO WEAPONS - SUSP STILL IN AREA,Robbery,ROBBERY
TB24041247,"10/03/2024, 12:44:44 AM","10/04/2024, 1:08:57 PM",THUNDER BAY,ON,P7E 6T6,FREDERICA ST W AND NEEBING AV, TBPS] MOTOR VEHICLE COLLISION MVC INJURIES FIRE NOT REQ,Traffic,MOTOR VEHICLE COLLISION
TB24040071,"09/25/2024, 6:03:35 PM","10/04/2024, 1:09:00 PM",THUNDER BAY,ON,P7B 2G1,HIGH ST S AND OLIVER RD, TBPS] MOTOR VEHICLE COLLISION 11-10 MVC ANY TYPE,Other,MOTOR VEHICLE COLLISION
TB24041295,"10/03/2024, 7:46:05 AM","10/04/2024, 1:09:03 PM",THUNDER BAY,ON,P7B 5J4,1000 Block DAWSON RD, TBPS] THEFT SUSP STILL PRESENT OR MAY BE IN AREA,Other Theft,THEFT
TB24040102,"09/25/2024, 8:58:28 PM","10/04/2024, 1:09:03 PM",THUNDER BAY,ON,P7B,MEMORIAL AV AND DUNLOP ST, TBPS] MOTOR VEHICLE COLLISION 11-10 MVC ANY TYPE,Other,MOTOR VEHICLE COLLISION
TB24041303,"10/03/2024, 9:13:31 AM","10/04/2024, 1:09:04 PM",THUNDER BAY,ON,P7E 2N3,100 Block LELAND AV S, TBPS] MOTOR VEHICLE COLLISION MVC NO INJURIES,Traffic,MOTOR VEHICLE COLLISION
TB24041319,"10/03/2024, 3:07:43 PM","10/04/2024, 1:09:05 PM",THUNDER BAY,ON,P7B 5B5,100 Block REGINA AV, TBPS] MOTOR VEHICLE COLLISION 11-10 MVC ANY TYPE,Other,MOTOR VEHICLE COLLISION
TB24041322,"10/03/2024, 3:14:39 PM","10/04/2024, 1:09:05 PM",THUNDER BAY,ON,P7B,FORT WILLIAM RD AND CENTRAL AV, TBPS] MOTOR VEHICLE COLLISION 11-10 MVC ANY TYPE,Other,MOTOR VEHICLE COLLISION
TB24041325,"10/03/2024, 3:33:38 PM","10/04/2024, 1:09:05 PM",THUNDER BAY,ON,P7C 1Y3,400 Block PINEVIEW BA, TBPS] MOTOR VEHICLE COLLISION 11-10 MVC ANY TYPE,Other,MOTOR VEHICLE COLLISION
TB24041324,"10/03/2024, 3:22:20 PM","10/04/2024, 1:09:05 PM",THUNDER BAY,ON,P7A 7K9,700 Block CENTENNIAL PARK RD, TBPS] MOTOR VEHICLE COLLISION 11-10 MVC ANY TYPE,Other,MOTOR VEHICLE COLLISION
TB24041327,"10/03/2024, 3:44:44 PM","10/04/2024, 1:09:05 PM",THUNDER BAY,ON,P7C 1G9,ST. JAMES ST AND COURT ST N, TBPS] MOTOR VEHICLE COLLISION 11-10 MVC ANY TYPE,Other,MOTOR VEHICLE COLLISION
TB24041329,"10/03/2024, 3:48:32 PM","10/04/2024, 1:09:05 PM",THUNDER BAY,ON,P7B 6B9,ISABEL ST AND FORT WILLIAM RD, TBPS] MOTOR VEHICLE COLLISION 11-10 MVC ANY TYPE,Other,MOTOR VEHICLE COLLISION
TB24041330,"10/03/2024, 3:51:41 PM","10/04/2024, 1:09:05 PM",THUNDER BAY,ON,P7E 1J4,200 Block VICKERS ST S, TBPS] DRUG OFFENCES SUSP PRESENT OR MAY STILL BE IN AREA,Quality of Life,DRUG OFFENCES
TB24041331,"10/03/2024, 3:52:29 PM","10/04/2024, 1:09:06 PM",THUNDER BAY,ON,P7A 7T5,GRENVILLE AV AND CUMBERLAND ST N, TBPS] MOTOR VEHICLE COLLISION 11-10 MVC ANY TYPE,Other,MOTOR VEHICLE COLLISION
TB24041334,"10/03/2024, 4:06:05 PM","10/04/2024, 1:09:06 PM",THUNDER BAY,ON,P7B 3S8,400 Block FIFTH AV, TBPS] MOTOR VEHICLE COLLISION MVC NO INJURIES,Traffic,MOTOR VEHICLE COLLISION
TB24041340,"10/03/2024, 4:43:19 PM","10/04/2024, 1:09:06 PM",THUNDER BAY,ON,P7E 5V3,MAY ST S AND DONALD ST E, TBPS] MOTOR VEHICLE COLLISION 11-10 MVC ANY TYPE,Other,MOTOR VEHICLE COLLISION
TB24041341,"10/03/2024, 4:47:01 PM","10/04/2024, 1:09:06 PM",THUNDER BAY,ON,P7B 4A1,900 Block MEMORIAL AV, TBPS] THEFT SUSP STILL PRESENT OR MAY BE IN AREA,Other Theft,THEFT
TB24041349,"10/03/2024, 5:29:37 PM","10/04/2024, 1:09:07 PM",THUNDER BAY,ON,P7E 5Y6,500 Block DONALD ST W, TBPS] B-E BUS/RES/OTH 11-10,Breaking & Entering,B-E BUS/RES/OTH
TB24041352,"10/03/2024, 5:44:31 PM","10/04/2024, 1:09:07 PM",THUNDER BAY,ON,P7B 3A6,900 Block FORT WILLIAM RD, TBPS] MOTOR VEHICLE COLLISION 11-10 MVC ANY TYPE,Other,MOTOR VEHICLE COLLISION
TB24041353,"10/03/2024, 5:47:04 PM","10/04/2024, 1:09:07 PM",THUNDER BAY,ON,P7B 2G1,OLIVER RD AND HIGH ST S, TBPS] MOTOR VEHICLE COLLISION MVC - AMB ENR - DUAL RESP,Other,MOTOR VEHICLE COLLISION
TB24041354,"10/03/2024, 5:49:11 PM","10/04/2024, 1:09:07 PM",THUNDER BAY,ON,P7B 1K2,RED RIVER RD AND JUNOT AV N, TBPS] MOTOR VEHICLE COLLISION 11-10 MVC ANY TYPE,Other,MOTOR VEHICLE COLLISION
TB24041364,"10/03/2024, 7:13:26 PM","10/04/2024, 1:09:07 PM",THUNDER BAY,ON,P7B 3G2,1 Block ONTARIO ST, TBPS] ASSAULT ACCUSED NOT PRESENT,Assault,ASSAULT
TB24041366,"10/03/2024, 7:29:14 PM","10/04/2024, 1:09:07 PM",THUNDER BAY,ON,P7B 6E8,PEARL ST AND SOUTH WATER ST, TBPS] MOTOR VEHICLE COLLISION 11-10 MVC ANY TYPE,Other,MOTOR VEHICLE COLLISION
TB24041372,"10/03/2024, 8:07:32 PM","10/04/2024, 1:09:07 PM",THUNDER BAY,ON,P7E 4H3,TARBUTT ST S AND BROCK ST E, TBPS] MOTOR VEHICLE COLLISION 11-10 MVC ANY TYPE,Other,MOTOR VEHICLE COLLISION
TB24041373,"10/03/2024, 8:14:51 PM","10/04/2024, 1:09:07 PM",THUNDER BAY,ON,P7B 6B9,1000 Block FORT WILLIAM RD, TBPS] ASSAULT ACCUSED PRESENT,Assault,ASSAULT
TB24041376,"10/03/2024, 8:18:52 PM","10/04/2024, 1:09:07 PM",THUNDER BAY,ON,P7E 1H7,200 Block MCKELLAR ST S, TBPS] B-E BUS/RES/OTH SUSP PRESENT OR MAY STILL BE IN AREA,Breaking & Entering,B-E BUS/RES/OTH
TB24041377,"10/03/2024, 8:19:14 PM","10/04/2024, 1:09:07 PM",THUNDER BAY,ON,P7B 1V8,200 Block WINDSOR ST, TBPS] MOTOR VEHICLE COLLISION 11-10 MVC ANY TYPE,Other,MOTOR VEHICLE COLLISION
TB24041380,"10/03/2024, 8:28:25 PM","10/04/2024, 1:09:07 PM",THUNDER BAY,ON,P7B 6Z8,600 Block SIBLEY DR, TBPS] MOTOR VEHICLE COLLISION MVC NO INJURIES,Traffic,MOTOR VEHICLE COLLISION
TB24041386,"10/03/2024, 8:44:02 PM","10/04/2024, 1:09:07 PM",THUNDER BAY,ON,P7E 1J1,100 Block VICKERS ST S," TBPS] THEFT NOT IN PROGRESS, UNDER 5000",Other Theft,THEFT
TB24041395,"10/03/2024, 9:42:57 PM","10/04/2024, 1:09:08 PM",THUNDER BAY,ON,P7B 2Z2,300 Block FORT WILLIAM RD, TBPS] ASSAULT SUSP PRESENT OR IN AREA,Assault,ASSAULT
TB24041579,"10/04/2024, 9:33:26 PM","10/05/2024, 1:07:56 PM",THUNDER BAY,ON,P7A 4L9,100 Block CUMBERLAND ST N, TBPS] MOTOR VEHICLE COLLISION MVC - AMB ENR - DUAL RESP,Other,MOTOR VEHICLE COLLISION
TB24041582,"10/04/2024, 10:10:11 PM","10/05/2024, 1:07:57 PM",THUNDER BAY,ON,P7E 2K1,ISABELLA ST W AND BROWN ST, TBPS] MOTOR VEHICLE COLLISION MVC - AMB ENR - DUAL RESP,Other,MOTOR VEHICLE COLLISION
TB24041590,"10/04/2024, 11:16:55 PM","10/05/2024, 1:07:58 PM",THUNDER BAY,ON,P7B 5L6,300 Block MAIN ST, TBPS] THEFT SUSP STILL PRESENT OR MAY BE IN AREA,Other Theft,THEFT
TB24041594,"10/04/2024, 11:42:58 PM","10/05/2024, 1:07:59 PM",THUNDER BAY,ON,P7E 5P4,2800 Block ARTHUR ST E, TBPS] THEFT SUSP STILL PRESENT OR MAY BE IN AREA,Other Theft,THEFT
TB24041595,"10/04/2024, 11:46:45 PM","10/05/2024, 1:07:59 PM",THUNDER BAY,ON,P7B 5L6,300 Block MAIN ST, TBPS] THEFT SUSP STILL PRESENT OR MAY BE IN AREA,Other Theft,THEFT
TB24041601,"10/05/2024, 12:26:45 AM","10/05/2024, 1:08:00 PM",THUNDER BAY,ON,P7E 6T6,NEEBING AV AND FREDERICA ST W, TBPS] MOTOR VEHICLE COLLISION MVC - AMB ENR - DUAL RESP,Other,MOTOR VEHICLE COLLISION
TB24041609,"10/05/2024, 1:40:30 AM","10/05/2024, 1:08:02 PM",THUNDER BAY,ON,P7C 2G8,100 Block CAMERON ST, TBPS] ROBBERY NO WEAPONS - SUSP STILL IN AREA,Robbery,ROBBERY
TB24041080,"10/01/2024, 10:56:08 PM","10/05/2024, 1:08:03 PM",THUNDER BAY,ON,P7A 2K6,200 Block MACDOUGALL ST, TBPS] ASSAULT ACCUSED NOT PRESENT,Assault,ASSAULT
TB24041614,"10/05/2024, 2:24:15 AM","10/05/2024, 1:08:03 PM",THUNDER BAY,ON,P7E 5Y8,400 Block GEORGE ST, TBPS] ASSAULT SUSP PRESENT OR IN AREA,Assault,ASSAULT
TB24041085,"10/01/2024, 11:51:33 PM","10/05/2024, 1:08:04 PM",THUNDER BAY,ON,P7E 6T6,1100 Block NEEBING AV, TBPS] ASSAULT ACCUSED NOT PRESENT,Assault,ASSAULT
TB24041629,"10/05/2024, 4:59:40 AM","10/05/2024, 1:08:05 PM",THUNDER BAY,ON,P7B 5R7,100 Block CUMBERLAND ST S, TBPS] ASSAULT SUSP PRESENT OR IN AREA,Assault,ASSAULT
TB24041631,"10/05/2024, 5:11:34 AM","10/05/2024, 1:08:06 PM",THUNDER BAY,ON,P7E 5Y8,400 Block GEORGE ST, TBPS] ASSAULT SUSP PRESENT OR IN AREA,Assault,ASSAULT
TB24041639,"10/05/2024, 6:09:05 AM","10/05/2024, 1:08:07 PM",THUNDER BAY,ON,P7B 6T2,700 Block HAMMOND AV, TBPS] MOTOR VEHICLE COLLISION MVC - AMB ENR - DUAL RESP,Other,MOTOR VEHICLE COLLISION
TB24041441,"10/04/2024, 3:30:11 AM","10/05/2024, 1:08:11 PM",THUNDER BAY,ON,P7B 1Z7,700 Block JOHN ST, TBPS] ASSAULT ACCUSED NOT PRESENT,Assault,ASSAULT
TB24041459,"10/04/2024, 5:20:16 AM","10/05/2024, 1:08:12 PM",THUNDER BAY,ON,P7C 4R6,100 Block SHERBROOKE ST, TBPS] ASSAULT ACCUSED NOT PRESENT,Assault,ASSAULT
TB24041466,"10/04/2024, 5:40:33 AM","10/05/2024, 1:08:12 PM",THUNDER BAY,ON,P7E,EMPIRE AV E, TBPS] STOLEN VEHICLE SUSP PRESENT OR MAY STILL BE IN AREA,Theft of Vehicle,STOLEN VEHICLE
TB24041479,"10/04/2024, 9:32:44 AM","10/05/2024, 1:08:13 PM",THUNDER BAY,ON,P7B 5K5,1100 Block MEMORIAL AV," TBPS] THEFT NOT IN PROGRESS, UNDER 5000",Other Theft,THEFT
TB24041491,"10/04/2024, 2:39:09 PM","10/05/2024, 1:08:14 PM",THUNDER BAY,ON,P7B 5E1,900 Block OLIVER RD, TBPS] MOTOR VEHICLE COLLISION 11-10 MVC ANY TYPE,Other,MOTOR VEHICLE COLLISION
TB24041495,"10/04/2024, 3:03:29 PM","10/05/2024, 1:08:14 PM",THUNDER BAY,ON,P7A 3S4,600 Block RIVER ST, TBPS] MOTOR VEHICLE COLLISION 11-10 MVC ANY TYPE,Other,MOTOR VEHICLE COLLISION
TB24041500,"10/04/2024, 3:57:49 PM","10/05/2024, 1:08:15 PM",THUNDER BAY,ON,P7B 1A8,COURT ST N AND RED RIVER RD, TBPS] MOTOR VEHICLE COLLISION 11-10 MVC ANY TYPE,Other,MOTOR VEHICLE COLLISION
TB24041499,"10/04/2024, 3:53:11 PM","10/05/2024, 1:08:15 PM",THUNDER BAY,ON,P7A 4T3,1 Block COURT ST N, TBPS] MOTOR VEHICLE COLLISION 11-10 MVC ANY TYPE,Other,MOTOR VEHICLE COLLISION
TB24041501,"10/04/2024, 4:03:37 PM","10/05/2024, 1:08:15 PM",THUNDER BAY,ON,P7G 2J8,DAWSON RD AND MAPLEWARD RD, TBPS] MOTOR VEHICLE COLLISION 11-10 MVC ANY TYPE,Other,MOTOR VEHICLE COLLISION
TB24041510,"10/04/2024, 4:43:16 PM","10/05/2024, 1:08:15 PM",THUNDER BAY,ON,P7A 0Z6,100 Block COPENHAGEN RD, TBPS] MOTOR VEHICLE COLLISION 11-10 MVC ANY TYPE,Other,MOTOR VEHICLE COLLISION
TB24041512,"10/04/2024, 4:46:25 PM","10/05/2024, 1:08:15 PM",THUNDER BAY,ON,P7E 6P9,ARTHUR ST W AND NEEBING AV, TBPS] MOTOR VEHICLE COLLISION 11-10 MVC ANY TYPE,Other,MOTOR VEHICLE COLLISION
TB24041537,"10/04/2024, 6:42:01 PM","10/05/2024, 1:08:16 PM",THUNDER BAY,ON,P7B 5Z5,1200 Block BALMORAL ST, TBPS] ASSAULT ACCUSED PRESENT,Assault,ASSAULT
TB24041540,"10/04/2024, 6:50:37 PM","10/05/2024, 1:08:16 PM",THUNDER BAY,ON,P7B 5N3,SIBLEY DR AND BARTON ST, TBPS] MOTOR VEHICLE COLLISION 11-10 MVC ANY TYPE,Other,MOTOR VEHICLE COLLISION
TB24041546,"10/04/2024, 7:03:43 PM","10/05/2024, 1:08:16 PM",THUNDER BAY,ON,P7C 1J9,900 Block MILES ST E, TBPS] ASSAULT SUSP PRESENT OR IN AREA,Assault,ASSAULT
TB24041547,"10/04/2024, 7:07:06 PM","10/05/2024, 1:08:16 PM",THUNDER BAY,ON,P7A 5P7,100 Block THERESA ST," TBPS] MISCHIEF 11-10, MICHIEF UNDER 5000",Other Property Crime,MISCHIEF
TB24041569,"10/04/2024, 8:51:56 PM","10/05/2024, 1:08:17 PM",THUNDER BAY,ON,P7B 5Z8,900 Block ALLOY DR, TBPS] INDECENT ACTS SUSP PRESENT OR MAY STILL BE IN AREA,Sexual Offense,INDECENT ACTS
TB24041706,"10/05/2024, 9:49:07 PM","10/06/2024, 1:08:40 PM",THUNDER BAY,ON,P7E 5P4,2800 Block ARTHUR ST E, TBPS] THEFT SUSP STILL PRESENT OR MAY BE IN AREA,Other Theft,THEFT
TB24041726,"10/06/2024, 12:16:01 AM","10/06/2024, 1:08:40 PM",THUNDER BAY,ON,P7B 5J4,1000 Block DAWSON RD, TBPS] ASSAULT SUSP PRESENT OR IN AREA,Assault,ASSAULT
TB24041724,"10/06/2024, 12:00:47 AM","10/06/2024, 1:08:40 PM",THUNDER BAY,ON,P7B 4A1,900 Block MEMORIAL AV, TBPS] THEFT SUSP STILL PRESENT OR MAY BE IN AREA,Other Theft,THEFT
TB24041714,"10/05/2024, 11:07:16 PM","10/06/2024, 1:08:40 PM",THUNDER BAY,ON,P7A 3S4,600 Block RIVER ST, TBPS] THEFT SUSP STILL PRESENT OR MAY BE IN AREA,Other Theft,THEFT
TB24041717,"10/05/2024, 11:16:25 PM","10/06/2024, 1:08:40 PM",THUNDER BAY,ON,P7B 6B9,1000 Block FORT WILLIAM RD, TBPS] THEFT SUSP STILL PRESENT OR MAY BE IN AREA,Other Theft,THEFT
TB24041733,"10/06/2024, 1:14:16 AM","10/06/2024, 1:08:40 PM",THUNDER BAY,ON,P0T 2G0,MACGREGOR ST AND 130 HWY, TBPS] TROUBLE WITH YOUTH YOUTHS STILL IN AREA,Quality of Life,TROUBLE WITH YOUTH
TB24041738,"10/06/2024, 1:36:07 AM","10/06/2024, 1:08:40 PM",THUNDER BAY,ON,P7A 8A4,100 Block EAST AV, TBPS] LIQUOR LICENCE ACT LIQUOR LICENCE ACT VIOLATION IN PROGRESS,Quality of Life,LIQUOR LICENCE ACT
TB24041740,"10/06/2024, 2:02:48 AM","10/06/2024, 1:08:40 PM",THUNDER BAY,ON,P7B 6S2,700 Block MEMORIAL AV, TBPS] ASSAULT SUSP PRESENT OR IN AREA,Assault,ASSAULT
TB24041750,"10/06/2024, 3:48:44 AM","10/06/2024, 1:08:40 PM",THUNDER BAY,ON,P7E 4Z1,1700 Block MOODIE ST E, TBPS] ASSAULT SUSP PRESENT OR IN AREA,Assault,ASSAULT
TB24041752,"10/06/2024, 4:00:24 AM","10/06/2024, 1:08:40 PM",THUNDER BAY,ON,P7B 6S2,700 Block MEMORIAL AV, TBPS] TROUBLE WITH YOUTH YOUTHS STILL IN AREA,Quality of Life,TROUBLE WITH YOUTH
TB24041749,"10/06/2024, 3:43:16 AM","10/06/2024, 1:08:40 PM",THUNDER BAY,ON,P7B 5L6,300 Block MAIN ST, TBPS] THEFT SUSP STILL PRESENT OR MAY BE IN AREA,Other Theft,THEFT
TB24041777,"10/06/2024, 6:16:28 AM","10/06/2024, 1:08:40 PM",THUNDER BAY,ON,P7A 4S8,VILLA ST AND NUGENT ST, TBPS] MOTOR VEHICLE COLLISION MVC NO INJURIES,Traffic,MOTOR VEHICLE COLLISION
TB24041688,"10/05/2024, 7:07:21 PM","10/06/2024, 1:08:41 PM",THUNDER BAY,ON,P7B 5L6,300 Block MAIN ST, TBPS] MOTOR VEHICLE COLLISION MVC - AMB ENR - DUAL RESP,Other,MOTOR VEHICLE COLLISION
TB24041696,"10/05/2024, 8:26:27 PM","10/06/2024, 1:08:41 PM",THUNDER BAY,ON,P7C 4P7,400 Block EDWARD ST N, TBPS] LIQUOR LICENCE ACT LIQUOR LICENCE ACT VIOLATION IN PROGRESS,Quality of Life,LIQUOR LICENCE ACT
TB24041697,"10/05/2024, 8:29:53 PM","10/06/2024, 1:08:41 PM",THUNDER BAY,ON,P7B 3B5,AMBROSE ST AND ALGOMA ST S, TBPS] DRUG OFFENCES SUSP PRESENT OR MAY STILL BE IN AREA,Quality of Life,DRUG OFFENCES
TB24041700,"10/05/2024, 9:13:03 PM","10/06/2024, 1:08:41 PM",THUNDER BAY,ON,P7B 3Z7,700 Block MEMORIAL AV, TBPS] THEFT SUSP STILL PRESENT OR MAY BE IN AREA,Other Theft,THEFT
TB24041735,"10/06/2024, 1:20:24 AM","10/06/2024, 1:08:41 PM",THUNDER BAY,ON,P7B 3Z8,MACDONELL ST AND CENTRAL AV, TBPS] MOTOR VEHICLE COLLISION MVC NO INJURIES,Traffic,MOTOR VEHICLE COLLISION
TB24041654,"10/05/2024, 9:27:49 AM","10/06/2024, 1:08:42 PM",THUNDER BAY,ON,P7A 4L8,1 Block CUMBERLAND ST N," TBPS] MISCHIEF IP/SUSP IN AREA, UNDER 5,000",Other Property Crime,MISCHIEF
TB24041647,"10/05/2024, 7:31:44 AM","10/06/2024, 1:08:42 PM",THUNDER BAY,ON,P7B 5E1,900 Block OLIVER RD, TBPS] ASSAULT ACCUSED NOT PRESENT,Assault,ASSAULT
TB24041635,"10/05/2024, 5:31:32 AM","10/06/2024, 1:08:42 PM",THUNDER BAY,ON,P7E 6J1,1 Block VALHALLA INN RD, TBPS] ASSAULT SUSP PRESENT OR IN AREA,Assault,ASSAULT
TB24041657,"10/05/2024, 10:18:43 AM","10/06/2024, 1:08:42 PM",THUNDER BAY,ON,P7E 5V6,1000 Block DONALD ST E, TBPS] B-E BUS/RES/OTH SUSP PRESENT OR MAY STILL BE IN AREA,Breaking & Entering,B-E BUS/RES/OTH
TB24041680,"10/05/2024, 5:58:07 PM","10/06/2024, 1:08:42 PM",THUNDER BAY,ON,P7E 3V4,100 Block FREDERICA ST E, TBPS] ASSAULT ACCUSED NOT PRESENT,Assault,ASSAULT
TB24041683,"10/05/2024, 6:26:29 PM","10/06/2024, 1:08:42 PM",THUNDER BAY,ON,P7B 2W8,1 Block COURT ST S, TBPS] DRUG OFFENCES SUSP PRESENT OR MAY STILL BE IN AREA,Quality of Life,DRUG OFFENCES
TB24041898,"10/07/2024, 12:46:42 AM","10/07/2024, 1:07:49 PM",THUNDER BAY,ON,P7E 5N6,1700 Block ARTHUR ST E, TBPS] ASSAULT SUSP PRESENT OR IN AREA,Assault,ASSAULT
TB24041911,"10/07/2024, 2:43:56 AM","10/07/2024, 1:07:51 PM",THUNDER BAY,ON,P7B 7C6,900 Block CARRICK ST, TBPS] MOTOR VEHICLE COLLISION MVC NO INJURIES,Traffic,MOTOR VEHICLE COLLISION
TB24041922,"10/07/2024, 4:05:25 AM","10/07/2024, 1:07:53 PM",THUNDER BAY,ON,P7E 5P7,100 Block ARTHUR ST W, TBPS] THEFT SUSP STILL PRESENT OR MAY BE IN AREA,Other Theft,THEFT
TB24041936,"10/07/2024, 6:03:37 AM","10/07/2024, 1:07:55 PM",THUNDER BAY,ON,P7E 5V6,1000 Block DONALD ST E, TBPS] ASSAULT ACCUSED NOT PRESENT,Assault,ASSAULT
TB24041940,"10/07/2024, 6:14:53 AM","10/07/2024, 1:07:55 PM",THUNDER BAY,ON,P7E 1E2,300 Block SYNDICATE AV S," TBPS] MISCHIEF IP/SUSP IN AREA, UNDER 5,000",Other Property Crime,MISCHIEF
TB24041939,"10/07/2024, 6:13:48 AM","10/07/2024, 1:07:55 PM",THUNDER BAY,ON,P7E 2B1,600 Block KINGSWAY, TBPS] MOTOR VEHICLE COLLISION MVC NO INJURIES,Traffic,MOTOR VEHICLE COLLISION
TB24041941,"10/07/2024, 6:17:03 AM","10/07/2024, 1:07:55 PM",THUNDER BAY,ON,.,500 Block CELLULAR ST, TBPS] MOTOR VEHICLE COLLISION MVC - AMB ENR - DUAL RESP,Other,MOTOR VEHICLE COLLISION
TB24041736,"10/06/2024, 1:21:14 AM","10/07/2024, 1:07:57 PM",THUNDER BAY,ON,P7C 2P5,200 Block ROWAND ST, TBPS] TROUBLE WITH YOUTH YOUTHS STILL IN AREA,Quality of Life,TROUBLE WITH YOUTH
TB24041757,"10/06/2024, 4:20:14 AM","10/07/2024, 1:08:01 PM",THUNDER BAY,ON,P7A 4R1,400 Block CUMBERLAND ST N, TBPS] MOTOR VEHICLE COLLISION MVC INJURIES FIRE NOT REQ,Traffic,MOTOR VEHICLE COLLISION
TB24041762,"10/06/2024, 4:47:43 AM","10/07/2024, 1:08:02 PM",THUNDER BAY,ON,P7E 5R5,500 Block ARTHUR ST W, TBPS] ASSAULT SUSP PRESENT OR IN AREA,Assault,ASSAULT
TB24041770,"10/06/2024, 5:56:48 AM","10/07/2024, 1:08:03 PM",THUNDER BAY,ON,P7C 3R2,300 Block MAY ST N, TBPS] ROBBERY WEAPONS - SUSP STILL IN AREA,Robbery,ROBBERY
TB24041790,"10/06/2024, 9:46:24 AM","10/07/2024, 1:08:07 PM",THUNDER BAY,ON,P7B 5J4,1000 Block DAWSON RD, TBPS] ASSAULT SUSP PRESENT OR IN AREA,Assault,ASSAULT
TB24041797,"10/06/2024, 10:29:25 AM","10/07/2024, 1:08:08 PM",THUNDER BAY,ON,P7A 7T8,300 Block ADELAIDE ST, TBPS] INDECENT ACTS SUSP PRESENT OR MAY STILL BE IN AREA,Sexual Offense,INDECENT ACTS
TB24041805,"10/06/2024, 11:00:00 AM","10/07/2024, 1:08:09 PM",THUNDER BAY,ON,P7B 5Z8,900 Block ALLOY DR, TBPS] ASSAULT SUSP PRESENT OR IN AREA,Assault,ASSAULT
TB24041806,"10/06/2024, 12:19:09 PM","10/07/2024, 1:08:09 PM",THUNDER BAY,ON,P7A 7S7,300 Block WENTWORTH CR, TBPS] ASSAULT SUSP PRESENT OR IN AREA,Assault,ASSAULT
TB24041824,"10/06/2024, 4:11:45 PM","10/07/2024, 1:08:10 PM",THUNDER BAY,ON,P7C 2G9,200 Block CAMERON ST, TBPS] ASSAULT SUSP PRESENT OR IN AREA,Assault,ASSAULT
TB24041825,"10/06/2024, 4:28:47 PM","10/07/2024, 1:08:10 PM",THUNDER BAY,ON,P7E 2T6,400 Block MARY ST W, TBPS] B-E BUS/RES/OTH SUSP PRESENT OR MAY STILL BE IN AREA,Breaking & Entering,B-E BUS/RES/OTH
TB24041839,"10/06/2024, 5:57:52 PM","10/07/2024, 1:08:11 PM",THUNDER BAY,ON,P7B 3B6,200 Block WILSON ST, TBPS] DRUG OFFENCES SUSP PRESENT OR MAY STILL BE IN AREA,Quality of Life,DRUG OFFENCES
TB24041835,"10/06/2024, 5:30:42 PM","10/07/2024, 1:08:11 PM",THUNDER BAY,ON,P7C 2V2,SOUTHERN AV AND MAY ST N, TBPS] MOTOR VEHICLE COLLISION MVC NO INJURIES,Traffic,MOTOR VEHICLE COLLISION
TB24041848,"10/06/2024, 7:01:48 PM","10/07/2024, 1:08:12 PM",THUNDER BAY,ON,P7E 1E3,300 Block SYNDICATE AV S, TBPS] ASSAULT SUSP PRESENT OR IN AREA,Assault,ASSAULT
TB24041874,"10/06/2024, 10:38:14 PM","10/07/2024, 1:08:13 PM",THUNDER BAY,ON,P7C 4G1,300 Block MARKS ST N, TBPS] B-E BUS/RES/OTH SUSP PRESENT OR MAY STILL BE IN AREA,Breaking & Entering,B-E BUS/RES/OTH
TB24041876,"10/06/2024, 10:45:34 PM","10/07/2024, 1:08:13 PM",THUNDER BAY,ON,P7B 6B9,1000 Block FORT WILLIAM RD, TBPS] THEFT SUSP STILL PRESENT OR MAY BE IN AREA,Other Theft,THEFT
TB24041878,"10/06/2024, 10:54:41 PM","10/07/2024, 1:08:13 PM",THUNDER BAY,ON,P7E 5N4,FRANKLIN ST S AND ARTHUR ST E, TBPS] MOTOR VEHICLE COLLISION MVC NO INJURIES,Traffic,MOTOR VEHICLE COLLISION
TB24041877,"10/06/2024, 10:52:41 PM","10/07/2024, 1:08:13 PM",THUNDER BAY,ON,P7E 5R8,1000 Block ARTHUR ST W, TBPS] THEFT SUSP STILL PRESENT OR MAY BE IN AREA,Other Theft,THEFT
TB24041524,"10/04/2024, 5:54:57 PM","10/07/2024, 1:08:14 PM",THUNDER BAY,ON,P7J 1E8,2400 Block 61 HWY, TBPS] ASSAULT ACCUSED PRESENT,Assault,ASSAULT
TB24041885,"10/06/2024, 11:32:32 PM","10/07/2024, 1:08:14 PM",THUNDER BAY,ON,P7B 6Z8,1400 Block NAKINA DR, TBPS] ASSAULT ACCUSED NOT PRESENT,Assault,ASSAULT
TB24042029,"10/07/2024, 11:25:11 PM","10/08/2024, 1:04:03 PM",THUNDER BAY,ON,P7B 3K1,HIGH ST N AND RED RIVER RD, TBPS] MOTOR VEHICLE COLLISION MVC NO INJURIES,Traffic,MOTOR VEHICLE COLLISION
TB24042027,"10/07/2024, 11:14:23 PM","10/08/2024, 1:04:03 PM",THUNDER BAY,ON,P7E 1V2,700 Block SELKIRK ST S," TBPS] MISCHIEF 11-10, MICHIEF UNDER 5000",Other Property Crime,MISCHIEF
TB24042032,"10/08/2024, 12:02:33 AM","10/08/2024, 1:04:03 PM",THUNDER BAY,ON,P7B 4N8,100 Block EMPRESS AV S, TBPS] B-E BUS/RES/OTH SUSP PRESENT OR MAY STILL BE IN AREA,Breaking & Entering,B-E BUS/RES/OTH
TB24042052,"10/08/2024, 3:24:49 AM","10/08/2024, 1:04:03 PM",THUNDER BAY,ON,P7C 4C2,HAROLD ST N AND MILES ST E, TBPS] MOTOR VEHICLE COLLISION JAWS REQD - DUAL RESP,Traffic,MOTOR VEHICLE COLLISION
TB24041969,"10/07/2024, 3:45:29 PM","10/08/2024, 1:04:04 PM",THUNDER BAY,ON,P7B 5Z5,1200 Block BALMORAL ST, TBPS] MOTOR VEHICLE COLLISION 11-10 MVC ANY TYPE,Other,MOTOR VEHICLE COLLISION
TB24041978,"10/07/2024, 5:30:41 PM","10/08/2024, 1:04:04 PM",THUNDER BAY,ON,P7B 6B9,1000 Block FORT WILLIAM RD, TBPS] ASSAULT SUSP PRESENT OR IN AREA,Assault,ASSAULT
TB24041980,"10/07/2024, 5:47:49 PM","10/08/2024, 1:04:04 PM",THUNDER BAY,ON,P7A 4N1,200 Block CUMBERLAND ST N, TBPS] MOTOR VEHICLE COLLISION 11-10 MVC ANY TYPE,Other,MOTOR VEHICLE COLLISION
TB24041988,"10/07/2024, 6:13:39 PM","10/08/2024, 1:04:04 PM",THUNDER BAY,ON,P7B 5K5,1100 Block MEMORIAL AV, TBPS] MOTOR VEHICLE COLLISION 11-10 MVC ANY TYPE,Other,MOTOR VEHICLE COLLISION
TB24041992,"10/07/2024, 6:28:30 PM","10/08/2024, 1:04:04 PM",THUNDER BAY,ON,P7C 1A7,500 Block VICTORIA AV E, TBPS] ASSAULT SUSP PRESENT OR IN AREA,Assault,ASSAULT
TB24041987,"10/07/2024, 6:11:21 PM","10/08/2024, 1:04:04 PM",THUNDER BAY,ON,P7B 6S2,700 Block MEMORIAL AV, TBPS] MOTOR VEHICLE COLLISION 11-10 MVC ANY TYPE,Other,MOTOR VEHICLE COLLISION
TB24041997,"10/07/2024, 7:00:00 PM","10/08/2024, 1:04:04 PM",THUNDER BAY,ON,P7B 5Z5,1200 Block BALMORAL ST," TBPS] MISCHIEF 11-10, MICHIEF UNDER 5000",Other Property Crime,MISCHIEF
TB24042007,"10/07/2024, 8:41:28 PM","10/08/2024, 1:04:04 PM",THUNDER BAY,ON,P7B 2X7,100 Block COURT ST S, TBPS] THEFT SUSP STILL PRESENT OR MAY BE IN AREA,Other Theft,THEFT
TB24042034,"10/08/2024, 12:19:52 AM","10/08/2024, 1:04:04 PM",THUNDER BAY,ON,P7C 2J7,PRUDEN ST AND MCKENZIE ST, TBPS] MOTOR VEHICLE COLLISION MVC NO INJURIES,Traffic,MOTOR VEHICLE COLLISION
TB24042045,"10/08/2024, 2:27:00 AM","10/08/2024, 1:04:04 PM",THUNDER BAY,ON,P7C 5N5,CANDY MOUNTAIN DR AND C-LINE RD, TBPS] MOTOR VEHICLE COLLISION MVC NO INJURIES,Traffic,MOTOR VEHICLE COLLISION
TB24041965,"10/07/2024, 3:11:10 PM","10/08/2024, 1:04:05 PM",THUNDER BAY,ON,P7A 3P3,ALGOMA ST N AND ARGYLE ST, TBPS] MOTOR VEHICLE COLLISION 11-10 MVC ANY TYPE,Other,MOTOR VEHICLE COLLISION
TB24041967,"10/07/2024, 3:29:25 PM","10/08/2024, 1:04:05 PM",THUNDER BAY,ON,P7B 7A5,1000 Block OLIVER RD, TBPS] MOTOR VEHICLE COLLISION 11-10 MVC ANY TYPE,Other,MOTOR VEHICLE COLLISION
TB24041968,"10/07/2024, 3:34:10 PM","10/08/2024, 1:04:05 PM",THUNDER BAY,ON,P7B,HARBOUR EXPRESSWAY AND FORT WILLIAM RD, TBPS] MOTOR VEHICLE COLLISION 11-10 MVC ANY TYPE,Other,MOTOR VEHICLE COLLISION
TB24041979,"10/07/2024, 5:47:08 PM","10/08/2024, 1:04:05 PM",THUNDER BAY,ON,P7E 5N6,1700 Block ARTHUR ST E," TBPS] THEFT NOT IN PROGRESS, FROM MOTOR VEHICLE",Theft from Vehicle,THEFT
TB24041985,"10/07/2024, 6:11:03 PM","10/08/2024, 1:04:05 PM",THUNDER BAY,ON,P7E 5V7,1100 Block LINCOLN ST, TBPS] DRUG OFFENCES SUSP PRESENT OR MAY STILL BE IN AREA,Quality of Life,DRUG OFFENCES
TB24041990,"10/07/2024, 6:23:10 PM","10/08/2024, 1:04:05 PM",THUNDER BAY,ON,P7A 4A4,600 Block TUPPER ST, TBPS] B-E BUS/RES/OTH 11-10,Breaking & Entering,B-E BUS/RES/OTH
TB24041526,"10/04/2024, 6:04:48 PM","10/08/2024, 1:04:06 PM",THUNDER BAY,ON,P7C,DEASE ST AND MCMURRAY ST, TBPS] MOTOR VEHICLE COLLISION 11-10 MVC ANY TYPE,Other,MOTOR VEHICLE COLLISION
TB24041552,"10/04/2024, 7:51:48 PM","10/08/2024, 1:04:06 PM",THUNDER BAY,ON,P7A 4M1,1 Block CUMBERLAND ST N, TBPS] ASSAULT ACCUSED NOT PRESENT,Assault,ASSAULT
TB24041573,"10/04/2024, 9:04:39 PM","10/08/2024, 1:04:06 PM",THUNDER BAY,ON,P7C 5P7,700 Block VICTORIA AV E, TBPS] ASSAULT ACCUSED NOT PRESENT,Assault,ASSAULT
TB24041789,"10/06/2024, 9:40:46 AM","10/08/2024, 1:04:06 PM",THUNDER BAY,ON,P7C 3H6,200 Block SIMPSON ST, TBPS] ASSAULT ACCUSED NOT PRESENT,Assault,ASSAULT
TB24041872,"10/06/2024, 10:14:19 PM","10/08/2024, 1:04:06 PM",THUNDER BAY,ON,P7J 1B2,1000 Block BROOKVIEW PL, TBPS] ASSAULT ACCUSED NOT PRESENT,Assault,ASSAULT
TB24041960,"10/07/2024, 2:07:17 PM","10/08/2024, 1:04:06 PM",THUNDER BAY,ON,P7C 3B7,700 Block MCLAUGHLIN ST, TBPS] THEFT SUSP STILL PRESENT OR MAY BE IN AREA,Other Theft,THEFT
TB24041791,"10/06/2024, 9:54:33 AM","10/09/2024, 1:08:08 PM",THUNDER BAY,ON,P7B 2T1,1 Block CUMBERLAND ST S, TBPS] ASSAULT ACCUSED NOT PRESENT,Assault,ASSAULT
TB24041869,"10/06/2024, 9:50:08 PM","10/09/2024, 1:08:08 PM",THUNDER BAY,ON,P7B 1A7,200 Block RED RIVER RD, TBPS] ASSAULT ACCUSED NOT PRESENT,Assault,ASSAULT
TB24042213,"10/09/2024, 4:17:35 AM","10/09/2024, 1:08:08 PM",THUNDER BAY,ON,P7B 3A6,900 Block FORT WILLIAM RD, TBPS] INDECENT ACTS SUSP PRESENT OR MAY STILL BE IN AREA,Sexual Offense,INDECENT ACTS
TB24042197,"10/09/2024, 1:51:45 AM","10/09/2024, 1:08:09 PM",THUNDER BAY,ON,P7B 2G3,300 Block OLIVER RD, TBPS] THEFT SUSP STILL PRESENT OR MAY BE IN AREA,Other Theft,THEFT
TB24042191,"10/09/2024, 1:06:39 AM","10/09/2024, 1:08:09 PM",THUNDER BAY,ON,P7B 2T5,1 Block CUMBERLAND ST S, TBPS] DRUG OFFENCES SUSP PRESENT OR MAY STILL BE IN AREA,Quality of Life,DRUG OFFENCES
TB24042208,"10/09/2024, 3:51:12 AM","10/09/2024, 1:08:09 PM",THUNDER BAY,ON,P7B 1K3,900 Block RED RIVER RD, TBPS] ROBBERY NO WEAPONS - SUSP STILL IN AREA,Robbery,ROBBERY
TB24042203,"10/09/2024, 2:46:13 AM","10/09/2024, 1:08:09 PM",THUNDER BAY,ON,P7A 7L4,200 Block MADELINE ST, TBPS] STOLEN VEHICLE SUSP NOT IN AREA,Theft of Vehicle,STOLEN VEHICLE
TB24042215,"10/09/2024, 4:36:12 AM","10/09/2024, 1:08:09 PM",THUNDER BAY,ON,P7B 2E5,BALMORAL ST AND HARTLAND ST, TBPS] MOTOR VEHICLE COLLISION MVC - AMB ENR - DUAL RESP,Other,MOTOR VEHICLE COLLISION
TB24042204,"10/09/2024, 2:46:54 AM","10/09/2024, 1:08:09 PM",THUNDER BAY,ON,P7C 3X8,100 Block CENTENNIAL SQ, TBPS] ROBBERY NO WEAPONS - SUSP STILL IN AREA,Robbery,ROBBERY
TB24042153,"10/08/2024, 9:16:50 PM","10/09/2024, 1:08:10 PM",THUNDER BAY,ON,P7B 1K3,900 Block RED RIVER RD, TBPS] THEFT SUSP STILL PRESENT OR MAY BE IN AREA,Other Theft,THEFT
TB24042178,"10/08/2024, 11:00:00 PM","10/09/2024, 1:08:10 PM",THUNDER BAY,ON,P7B 5L6,300 Block MAIN ST," TBPS] THEFT NOT IN PROGRESS, OVER 5000",Other Theft,THEFT
TB24042177,"10/08/2024, 11:33:43 PM","10/09/2024, 1:08:10 PM",THUNDER BAY,ON,P7A 4X7,400 Block COURT ST N," TBPS] THEFT NOT IN PROGRESS, UNDER 5000",Other Theft,THEFT
TB24042165,"10/08/2024, 10:22:24 PM","10/09/2024, 1:08:10 PM",THUNDER BAY,ON,P7E 6R2,900 Block EDWARD ST S, TBPS] ASSAULT SUSP PRESENT OR IN AREA,Assault,ASSAULT
TB24042172,"10/08/2024, 10:51:54 PM","10/09/2024, 1:08:10 PM",THUNDER BAY,ON,P7B 6B9,1000 Block FORT WILLIAM RD, TBPS] ROBBERY NO WEAPONS - SUSP STILL IN AREA,Robbery,ROBBERY
TB24042186,"10/09/2024, 12:33:36 AM","10/09/2024, 1:08:10 PM",THUNDER BAY,ON,P7B 4A1,900 Block MEMORIAL AV, TBPS] MOTOR VEHICLE COLLISION MVC NO INJURIES,Traffic,MOTOR VEHICLE COLLISION
TB24042190,"10/09/2024, 1:02:54 AM","10/09/2024, 1:08:10 PM",THUNDER BAY,ON,P7C,500 Block LEITH ST, TBPS] INDECENT ACTS SUSP PRESENT OR MAY STILL BE IN AREA,Sexual Offense,INDECENT ACTS
TB24042202,"10/09/2024, 2:38:17 AM","10/09/2024, 1:08:10 PM",THUNDER BAY,ON,P7C 3R2,300 Block MAY ST N, TBPS] ROBBERY NO WEAPONS - SUSP STILL IN AREA,Robbery,ROBBERY
TB24042205,"10/09/2024, 3:04:27 AM","10/09/2024, 1:08:10 PM",THUNDER BAY,ON,P7B 3A3,FORT WILLIAM RD AND BURBIDGE ST, TBPS] LIQUOR LICENCE ACT LIQUOR LICENCE ACT VIOLATION IN PROGRESS,Quality of Life,LIQUOR LICENCE ACT
TB24042133,"10/08/2024, 7:28:50 PM","10/09/2024, 1:08:11 PM",THUNDER BAY,ON,P7C 4R3,JAMES ST N AND GOLF LINKS RD, TBPS] MOTOR VEHICLE COLLISION 11-10 MVC ANY TYPE,Other,MOTOR VEHICLE COLLISION
TB24042135,"10/08/2024, 7:47:32 PM","10/09/2024, 1:08:11 PM",THUNDER BAY,ON,P7B 5E1,OLIVER RD AND SANDERS DR, TBPS] MOTOR VEHICLE COLLISION 11-10 MVC ANY TYPE,Other,MOTOR VEHICLE COLLISION
TB24042136,"10/08/2024, 7:55:55 PM","10/09/2024, 1:08:11 PM",THUNDER BAY,ON,P7B 3Z5,700 Block MEMORIAL AV, TBPS] MOTOR VEHICLE COLLISION MVC NO INJURIES,Traffic,MOTOR VEHICLE COLLISION
TB24042141,"10/08/2024, 8:19:47 PM","10/09/2024, 1:08:11 PM",THUNDER BAY,ON,P7E 1C6,100 Block SYNDICATE AV S," TBPS] MISCHIEF IP/SUSP IN AREA, UNDER 5,000",Other Property Crime,MISCHIEF
TB24042110,"10/08/2024, 5:00:00 PM","10/09/2024, 1:08:12 PM",THUNDER BAY,ON,P7A 3R2,300 Block RIVER ST," TBPS] MISCHIEF IP/SUSP IN AREA, UNDER 5,000",Other Property Crime,MISCHIEF
TB24042126,"10/08/2024, 6:57:13 PM","10/09/2024, 1:08:12 PM",THUNDER BAY,ON,P7J 1G6,2000 Block JAMES ST S, TBPS] MOTOR VEHICLE COLLISION MVC NO INJURIES,Traffic,MOTOR VEHICLE COLLISION
TB24042129,"10/08/2024, 7:10:41 PM","10/09/2024, 1:08:12 PM",THUNDER BAY,ON,P7E 5S2,1100 Block ARTHUR ST W, TBPS] MOTOR VEHICLE COLLISION 11-10 MVC ANY TYPE,Other,MOTOR VEHICLE COLLISION
TB24042107,"10/08/2024, 5:11:11 PM","10/09/2024, 1:08:12 PM",THUNDER BAY,ON,P7E 3E2,1300 Block CRAWFORD AV," TBPS] THEFT NOT IN PROGRESS, OVER 5000",Other Theft,THEFT
TB24042042,"10/08/2024, 2:08:49 AM","10/09/2024, 1:08:13 PM",THUNDER BAY,ON,P7E 6H2,200 Block AMELIA ST W, TBPS] MOTOR VEHICLE COLLISION 11-10 MVC ANY TYPE,Other,MOTOR VEHICLE COLLISION
TB24042079,"10/08/2024, 9:26:09 AM","10/09/2024, 1:08:13 PM",THUNDER BAY,ON,P7E 6N7,1500 Block JAMES ST S, TBPS] B-E BUS/RES/OTH SUSP PRESENT OR MAY STILL BE IN AREA,Breaking & Entering,B-E BUS/RES/OTH
TB24042098,"10/08/2024, 4:23:26 PM","10/09/2024, 1:08:13 PM",THUNDER BAY,ON,P7E 2T6,1100 Block YONGE ST, TBPS] TROUBLE WITH YOUTH YOUTHS STILL IN AREA,Quality of Life,TROUBLE WITH YOUTH
TB24042102,"10/08/2024, 4:30:38 PM","10/09/2024, 1:08:13 PM",THUNDER BAY,ON,P7A 4M2,100 Block CUMBERLAND ST N," TBPS] THEFT NOT IN PROGRESS, UNDER 5000",Other Theft,THEFT
TB24042095,"10/08/2024, 4:20:06 PM","10/09/2024, 1:08:13 PM",THUNDER BAY,ON,P7E 4P3,400 Block CHRISTINA ST E, TBPS] MOTOR VEHICLE COLLISION 11-10 MVC ANY TYPE,Other,MOTOR VEHICLE COLLISION
TB24042099,"10/08/2024, 4:24:29 PM","10/09/2024, 1:08:13 PM",THUNDER BAY,ON,P7B 5L6,300 Block MAIN ST, TBPS] MOTOR VEHICLE COLLISION 11-10 MVC ANY TYPE,Other,MOTOR VEHICLE COLLISION
TB24042103,"10/08/2024, 4:32:57 PM","10/09/2024, 1:08:13 PM",THUNDER BAY,ON,P7B 6G1,900 Block COPPER CR, TBPS] MOTOR VEHICLE COLLISION 11-10 MVC ANY TYPE,Other,MOTOR VEHICLE COLLISION
TB24042106,"10/08/2024, 5:00:40 PM","10/09/2024, 1:08:13 PM",THUNDER BAY,ON,P7B 6H2,800 Block TUNGSTEN ST, TBPS] MOTOR VEHICLE COLLISION 11-10 MVC ANY TYPE,Other,MOTOR VEHICLE COLLISION
TB24042001,"10/07/2024, 7:43:07 PM","10/09/2024, 1:08:14 PM",THUNDER BAY,ON,P7B 6V4,900 Block OLIVER RD, TBPS] MOTOR VEHICLE COLLISION 11-10 MVC ANY TYPE,Other,MOTOR VEHICLE COLLISION
TB24042082,"10/08/2024, 11:57:56 AM","10/09/2024, 1:08:14 PM",THUNDER BAY,ON,P7E 5R5,500 Block ARTHUR ST W, TBPS] LIQUOR LICENCE ACT LIQUOR LICENCE ACT VIOLATION IN PROGRESS,Quality of Life,LIQUOR LICENCE ACT
TB24042104,"10/08/2024, 4:37:39 PM","10/09/2024, 1:08:14 PM",THUNDER BAY,ON,P7A 7C2,1 Block MELVIN AV, TBPS] MOTOR VEHICLE COLLISION 11-10 MVC ANY TYPE,Other,MOTOR VEHICLE COLLISION
TB24042368,"10/10/2024, 6:10:30 AM","10/10/2024, 1:05:45 PM",THUNDER BAY,ON,P7C 4Y7,300 Block LILLIE ST N, TBPS] LIQUOR LICENCE ACT LIQUOR LICENCE ACT VIOLATION IN PROGRESS,Quality of Life,LIQUOR LICENCE ACT
TB24042376,"10/10/2024, 7:54:16 AM","10/10/2024, 1:05:45 PM",THUNDER BAY,ON,P7C 6A8,100 Block WATERLOO ST N, TBPS] LIQUOR LICENCE ACT LIQUOR LICENCE ACT VIOLATION IN PROGRESS,Quality of Life,LIQUOR LICENCE ACT
TB24042340,"10/10/2024, 1:56:16 AM","10/10/2024, 1:05:46 PM",THUNDER BAY,ON,P7B,HARBOUR EXPRESSWAY AND FORT WILLIAM RD, TBPS] MOTOR VEHICLE COLLISION MVC NO INJURIES,Traffic,MOTOR VEHICLE COLLISION
TB24042325,"10/10/2024, 12:15:04 AM","10/10/2024, 1:05:47 PM",THUNDER BAY,ON,P7E 6R2,900 Block EDWARD ST S, TBPS] TRESPASS AT NIGHT SUSP NOT IN AREA - REPORTED AFTER THE FA,Other Property Crime,TRESPASS AT NIGHT
TB24042345,"10/10/2024, 2:39:25 AM","10/10/2024, 1:05:47 PM",THUNDER BAY,ON,P7E,FREDERICA ST W AND JAMES ST S, TBPS] MOTOR VEHICLE COLLISION MVC NO INJURIES,Traffic,MOTOR VEHICLE COLLISION
TB24042282,"10/09/2024, 7:46:42 PM","10/10/2024, 1:05:48 PM",THUNDER BAY,ON,P7B 7C6,900 Block CARRICK ST, TBPS] MOTOR VEHICLE COLLISION 11-10 MVC ANY TYPE,Other,MOTOR VEHICLE COLLISION
TB24042285,"10/09/2024, 8:06:13 PM","10/10/2024, 1:05:48 PM",THUNDER BAY,ON,P7A 2J6,200 Block GIBSON AV, TBPS] MOTOR VEHICLE COLLISION 11-10 MVC ANY TYPE,Other,MOTOR VEHICLE COLLISION
TB24042297,"10/09/2024, 9:28:38 PM","10/10/2024, 1:05:48 PM",THUNDER BAY,ON,P7B 7A4,OLIVER RD AND GOLF LINKS RD, TBPS] MOTOR VEHICLE COLLISION MVC NO INJURIES,Traffic,MOTOR VEHICLE COLLISION
TB24042319,"10/09/2024, 11:17:55 PM","10/10/2024, 1:05:48 PM",THUNDER BAY,ON,P7E 4T3,GORDON ST AND BROWN ST, TBPS] MOTOR VEHICLE COLLISION MVC NO INJURIES,Traffic,MOTOR VEHICLE COLLISION
TB24042302,"10/09/2024, 10:02:58 PM","10/10/2024, 1:05:48 PM",THUNDER BAY,ON,P7E 5R6,600 Block ARTHUR ST W," TBPS] MISCHIEF 11-10, MICHIEF UNDER 5000",Other Property Crime,MISCHIEF
TB24042342,"10/10/2024, 2:05:13 AM","10/10/2024, 1:05:48 PM",THUNDER BAY,ON,P7A 1L7,400 Block ARUNDEL ST, TBPS] B-E BUS/RES/OTH SUSP PRESENT OR MAY STILL BE IN AREA,Breaking & Entering,B-E BUS/RES/OTH
TB24042267,"10/09/2024, 6:12:36 PM","10/10/2024, 1:05:49 PM",THUNDER BAY,ON,P7B 6B9,1000 Block FORT WILLIAM RD, TBPS] MOTOR VEHICLE COLLISION 11-10 MVC ANY TYPE,Other,MOTOR VEHICLE COLLISION
TB24042280,"10/09/2024, 7:16:15 PM","10/10/2024, 1:05:49 PM",THUNDER BAY,ON,P7C 1A3,300 Block VICTORIA AV E, TBPS] B-E BUS/RES/OTH 11-10,Breaking & Entering,B-E BUS/RES/OTH
TB24042287,"10/09/2024, 8:31:44 PM","10/10/2024, 1:05:49 PM",THUNDER BAY,ON,P7B 3C2,ALGOMA ST S AND JOHN ST, TBPS] MOTOR VEHICLE COLLISION MVC NO INJURIES,Traffic,MOTOR VEHICLE COLLISION
TB24042294,"10/09/2024, 9:12:41 PM","10/10/2024, 1:05:49 PM",THUNDER BAY,ON,P7E 4P2,400 Block CHRISTINA ST E," TBPS] THEFT NOT IN PROGRESS, UNDER 5000",Other Theft,THEFT
TB24042300,"10/09/2024, 9:42:35 PM","10/10/2024, 1:05:49 PM",THUNDER BAY,ON,P7B 3E1,1 Block SECORD ST, TBPS] THEFT SUSP STILL PRESENT OR MAY BE IN AREA,Other Theft,THEFT
TB24042241,"10/09/2024, 2:42:11 PM","10/10/2024, 1:05:50 PM",THUNDER BAY,ON,P7B 3A7,RED RIVER RD AND ALGOMA ST N, TBPS] MOTOR VEHICLE COLLISION 11-10 MVC ANY TYPE,Other,MOTOR VEHICLE COLLISION
TB24042245,"10/09/2024, 3:06:24 PM","10/10/2024, 1:05:50 PM",THUNDER BAY,ON,P7E,ARTHUR ST E AND KINGSWAY, TBPS] MOTOR VEHICLE COLLISION 11-10 MVC ANY TYPE,Other,MOTOR VEHICLE COLLISION
TB24042255,"10/09/2024, 4:48:22 PM","10/10/2024, 1:05:50 PM",THUNDER BAY,ON,P7C 1E1,WATERLOO ST N AND VICTORIA AV E, TBPS] MOTOR VEHICLE COLLISION 11-10 MVC ANY TYPE,Other,MOTOR VEHICLE COLLISION
TB24042260,"10/09/2024, 5:17:58 PM","10/10/2024, 1:05:50 PM",THUNDER BAY,ON,P7B 3X9,400 Block RUPERT ST, TBPS] B-E BUS/RES/OTH SUSP PRESENT OR MAY STILL BE IN AREA,Breaking & Entering,B-E BUS/RES/OTH
TB24042271,"10/09/2024, 6:43:48 PM","10/10/2024, 1:05:50 PM",THUNDER BAY,ON,P7A 3Y1,200 Block VILLA ST, TBPS] MOTOR VEHICLE COLLISION 11-10 MVC ANY TYPE,Other,MOTOR VEHICLE COLLISION
TB24042289,"10/09/2024, 8:33:56 PM","10/10/2024, 1:05:50 PM",THUNDER BAY,ON,P7C 5G5,600 Block MOHAWK CR, TBPS] MOTOR VEHICLE COLLISION 11-10 MVC ANY TYPE,Other,MOTOR VEHICLE COLLISION
TB24042243,"10/09/2024, 2:58:27 PM","10/10/2024, 1:05:51 PM",THUNDER BAY,ON,.,FOREST ST AND BALMORAL ST, TBPS] MOTOR VEHICLE COLLISION 11-10 MVC ANY TYPE,Other,MOTOR VEHICLE COLLISION
TB24042254,"10/09/2024, 4:00:00 PM","10/10/2024, 1:05:51 PM",THUNDER BAY,ON,P7C 2S2,500 Block PACIFIC AV, TBPS] ARSON SUSP MAY BE PRESENT OR IN AREA,Property Crime,ARSON
TB24042184,"10/09/2024, 12:27:05 AM","10/10/2024, 1:05:52 PM",THUNDER BAY,ON,P7J,CITY RD, TBPS] MOTOR VEHICLE COLLISION 11-10 MVC ANY TYPE,Other,MOTOR VEHICLE COLLISION
TB24042468,"10/10/2024, 10:42:58 PM","10/11/2024, 1:09:15 PM",THUNDER BAY,ON,P7B 2X6,100 Block COURT ST S, TBPS] THEFT SUSP STILL PRESENT OR MAY BE IN AREA,Other Theft,THEFT
TB24042470,"10/10/2024, 10:48:16 PM","10/11/2024, 1:09:16 PM",THUNDER BAY,ON,P7A 4E9,VAN NORMAN ST AND MARTHA ST, TBPS] HYDRO WIRES DOWN-POSS FIRE HYDRO WIRES DOWN - FIRE/HYDRO,Emergency,HYDRO WIRES DOWN-POSS FIRE
TB24042471,"10/10/2024, 10:51:42 PM","10/11/2024, 1:09:16 PM",THUNDER BAY,ON,P7E 6S2,100 Block PRINCESS ST, TBPS] ASSAULT SUSP PRESENT OR IN AREA,Assault,ASSAULT
TB24042479,"10/10/2024, 11:49:07 PM","10/11/2024, 1:09:17 PM",THUNDER BAY,ON,P7A 5N6,300 Block BALSAM ST," TBPS] THEFT NOT IN PROGRESS, OVER 5000",Other Theft,THEFT
TB24042481,"10/11/2024, 12:07:17 AM","10/11/2024, 1:09:17 PM",THUNDER BAY,ON,P7A,1 Block NORTH WATER ST, TBPS] ASSAULT SUSP PRESENT OR IN AREA,Assault,ASSAULT
TB24042489,"10/11/2024, 1:09:21 AM","10/11/2024, 1:09:19 PM",THUNDER BAY,ON,P7E 6H2,200 Block AMELIA ST W, TBPS] ASSAULT SUSP PRESENT OR IN AREA,Assault,ASSAULT
TB24042499,"10/11/2024, 2:17:28 AM","10/11/2024, 1:09:20 PM",THUNDER BAY,ON,P7B 1Z7,700 Block JOHN ST, TBPS] ASSAULT SUSP PRESENT OR IN AREA,Assault,ASSAULT
TB24042504,"10/11/2024, 3:15:38 AM","10/11/2024, 1:09:21 PM",THUNDER BAY,ON,P7A 4T3,1 Block COURT ST N," TBPS] SEXUAL ASSAULT JUST OCCURRED, ACCUSED NOT PRESENT",Other,SEXUAL ASSAULT
TB24042518,"10/11/2024, 4:47:37 AM","10/11/2024, 1:09:22 PM",THUNDER BAY,ON,P7E 5Y8,400 Block GEORGE ST, TBPS] B-E BUS/RES/OTH SUSP PRESENT OR MAY STILL BE IN AREA,Breaking & Entering,B-E BUS/RES/OTH
TB24042530,"10/11/2024, 6:40:49 AM","10/11/2024, 1:09:24 PM",THUNDER BAY,ON,P7B 5L4,1 Block CUMBERLAND ST S, TBPS] ASSAULT SUSP PRESENT OR IN AREA,Assault,ASSAULT
TB24042535,"10/11/2024, 7:41:02 AM","10/11/2024, 1:09:24 PM",THUNDER BAY,ON,P7C 4A2,500 Block MCKELLAR ST N, TBPS] B-E BUS/RES/OTH SUSP PRESENT OR MAY STILL BE IN AREA,Breaking & Entering,B-E BUS/RES/OTH
TB24042371,"10/10/2024, 6:39:16 AM","10/11/2024, 1:09:29 PM",THUNDER BAY,ON,P7C 2M6,300 Block HERON ST, TBPS] ASSAULT SUSP PRESENT OR IN AREA,Assault,ASSAULT
TB24042387,"10/10/2024, 10:47:11 AM","10/11/2024, 1:09:30 PM",THUNDER BAY,ON,P7B 3Y7,400 Block MEMORIAL AV, TBPS] LIQUOR LICENCE ACT LIQUOR LICENCE ACT VIOLATION IN PROGRESS,Quality of Life,LIQUOR LICENCE ACT
TB24042406,"10/10/2024, 3:14:01 PM","10/11/2024, 1:09:30 PM",THUNDER BAY,ON,P7E 5P7,200 Block ARTHUR ST W, TBPS] MOTOR VEHICLE COLLISION 11-10 MVC ANY TYPE,Other,MOTOR VEHICLE COLLISION
TB24042407,"10/10/2024, 3:18:28 PM","10/11/2024, 1:09:30 PM",THUNDER BAY,ON,P7B 1J3,700 Block RED RIVER RD, TBPS] MOTOR VEHICLE COLLISION 11-10 MVC ANY TYPE,Other,MOTOR VEHICLE COLLISION
TB24042409,"10/10/2024, 3:22:11 PM","10/11/2024, 1:09:31 PM",THUNDER BAY,ON,P7K 1N6,1300 Block VICTOR ST, TBPS] MOTOR VEHICLE COLLISION 11-10 MVC ANY TYPE,Other,MOTOR VEHICLE COLLISION
TB24042410,"10/10/2024, 3:26:04 PM","10/11/2024, 1:09:31 PM",THUNDER BAY,ON,P7A 3B9,300 Block MCINTYRE ST, TBPS] MOTOR VEHICLE COLLISION 11-10 MVC ANY TYPE,Other,MOTOR VEHICLE COLLISION
TB24042414,"10/10/2024, 3:45:24 PM","10/11/2024, 1:09:31 PM",THUNDER BAY,ON,P7C 3P2,100 Block MAY ST N," TBPS] THEFT NOT IN PROGRESS, OVER 5000",Other Theft,THEFT
TB24042427,"10/10/2024, 5:26:16 PM","10/11/2024, 1:09:31 PM",THUNDER BAY,ON,P7B,PARK AV AND SECORD ST, TBPS] MOTOR VEHICLE COLLISION MVC NO INJURIES,Traffic,MOTOR VEHICLE COLLISION
TB24042429,"10/10/2024, 5:39:20 PM","10/11/2024, 1:09:31 PM",THUNDER BAY,ON,P7B 1A9,200 Block RED RIVER RD, TBPS] MOTOR VEHICLE COLLISION MVC NO INJURIES,Traffic,MOTOR VEHICLE COLLISION
TB24042435,"10/10/2024, 6:11:12 PM","10/11/2024, 1:09:31 PM",THUNDER BAY,ON,P0T 1X0,HARBOUR EXPRESSWAY AND 11-17 HWY, TBPS] MOTOR VEHICLE COLLISION MVC - AMB ENR - DUAL RESP,Other,MOTOR VEHICLE COLLISION
TB24042441,"10/10/2024, 7:09:53 PM","10/11/2024, 1:09:32 PM",THUNDER BAY,ON,P7B 3G2,100 Block ONTARIO ST, TBPS] MOTOR VEHICLE COLLISION 11-10 MVC ANY TYPE,Other,MOTOR VEHICLE COLLISION
TB24042443,"10/10/2024, 7:14:57 PM","10/11/2024, 1:09:32 PM",THUNDER BAY,ON,P7E 1K6,300 Block CATHERINE ST, TBPS] MOTOR VEHICLE COLLISION 11-10 MVC ANY TYPE,Other,MOTOR VEHICLE COLLISION
TB24042444,"10/10/2024, 7:15:22 PM","10/11/2024, 1:09:32 PM",THUNDER BAY,ON,P7B,MEMORIAL AV AND CENTRAL AV, TBPS] MOTOR VEHICLE COLLISION MVC - AMB ENR - DUAL RESP,Other,MOTOR VEHICLE COLLISION
TB24042449,"10/10/2024, 8:10:55 PM","10/11/2024, 1:09:32 PM",THUNDER BAY,ON,P7E,GEORGE ST AND HARDISTY ST S, TBPS] MOTOR VEHICLE COLLISION 11-10 MVC ANY TYPE,Other,MOTOR VEHICLE COLLISION
TB24042459,"10/10/2024, 9:31:43 PM","10/11/2024, 1:09:32 PM",THUNDER BAY,ON,P7B 1R1,200 Block BAY ST, TBPS] DRUG OFFENCES SUSP PRESENT OR MAY STILL BE IN AREA,Quality of Life,DRUG OFFENCES
TB24042467,"10/10/2024, 10:42:30 PM","10/11/2024, 1:09:33 PM",THUNDER BAY,ON,P7A 4A4,600 Block TUPPER ST, TBPS] B-E BUS/RES/OTH 11-10,Breaking & Entering,B-E BUS/RES/OTH
TB24042670,"10/11/2024, 11:27:56 PM","10/12/2024, 1:10:16 PM",THUNDER BAY,ON,P7B 6B9,1000 Block FORT WILLIAM RD, TBPS] THEFT SUSP STILL PRESENT OR MAY BE IN AREA,Other Theft,THEFT
TB24042672,"10/11/2024, 11:51:22 PM","10/12/2024, 1:10:16 PM",THUNDER BAY,ON,P7G 0A9,WOODCREST RD AND LONGBOW ST, TBPS] MOTOR VEHICLE COLLISION MVC NO INJURIES,Traffic,MOTOR VEHICLE COLLISION
TB24042425,"10/10/2024, 5:06:16 PM","10/12/2024, 1:10:17 PM",THUNDER BAY,ON,P7E 5Y8,400 Block GEORGE ST, TBPS] ASSAULT ACCUSED NOT PRESENT,Assault,ASSAULT
TB24042683,"10/12/2024, 12:49:42 AM","10/12/2024, 1:10:17 PM",THUNDER BAY,ON,.,4700 Block 11-17 HWY, TBPS] B-E BUS/RES/OTH SUSP PRESENT OR MAY STILL BE IN AREA,Breaking & Entering,B-E BUS/RES/OTH
TB24042695,"10/12/2024, 1:57:56 AM","10/12/2024, 1:10:18 PM",THUNDER BAY,ON,P7G 1A4,100 Block TIMBERLINE DR, TBPS] TROUBLE WITH YOUTH YOUTHS STILL IN AREA,Quality of Life,TROUBLE WITH YOUTH
TB24042704,"10/12/2024, 2:34:24 AM","10/12/2024, 1:10:19 PM",THUNDER BAY,ON,P7C 2K9,300 Block FINLAYSON ST, TBPS] STOLEN VEHICLE SUSP NOT IN AREA,Theft of Vehicle,STOLEN VEHICLE
TB24042705,"10/12/2024, 2:37:11 AM","10/12/2024, 1:10:19 PM",THUNDER BAY,ON,P7E,1 Block HWY AND NEEBING AV, TBPS] MOTOR VEHICLE COLLISION MVC - AMB ENR - DUAL RESP,Other,MOTOR VEHICLE COLLISION
TB24042739,"10/12/2024, 6:40:36 AM","10/12/2024, 1:10:21 PM",THUNDER BAY,ON,P7C 2M2,100 Block HERON ST, TBPS] ASSAULT SUSP PRESENT OR IN AREA,Assault,ASSAULT
TB24042544,"10/11/2024, 10:51:41 AM","10/12/2024, 1:10:30 PM",THUNDER BAY,ON,P7E 5V7,1100 Block LINCOLN ST, TBPS] B-E BUS/RES/OTH SUSP PRESENT OR MAY STILL BE IN AREA,Breaking & Entering,B-E BUS/RES/OTH
TB24042547,"10/11/2024, 10:57:25 AM","10/12/2024, 1:10:30 PM",THUNDER BAY,ON,P7C 3L7,800 Block MINNESOTA ST, TBPS] B-E BUS/RES/OTH SUSP PRESENT OR MAY STILL BE IN AREA,Breaking & Entering,B-E BUS/RES/OTH
TB24042548,"10/11/2024, 11:09:49 AM","10/12/2024, 1:10:30 PM",THUNDER BAY,ON,P7B 5J4,1000 Block DAWSON RD, TBPS] LIQUOR LICENCE ACT LIQUOR LICENCE ACT VIOLATION IN PROGRESS,Quality of Life,LIQUOR LICENCE ACT
TB24042562,"10/11/2024, 2:48:11 PM","10/12/2024, 1:10:32 PM",THUNDER BAY,ON,P7B 2G7,OLIVER RD AND RAY BLVD, TBPS] MOTOR VEHICLE COLLISION 11-10 MVC ANY TYPE,Other,MOTOR VEHICLE COLLISION
TB24042561,"10/11/2024, 2:46:00 PM","10/12/2024, 1:10:32 PM",THUNDER BAY,ON,P7A 4S2,500 Block CUMBERLAND ST N, TBPS] MOTOR VEHICLE COLLISION 11-10 MVC ANY TYPE,Other,MOTOR VEHICLE COLLISION
TB24042563,"10/11/2024, 2:54:24 PM","10/12/2024, 1:10:32 PM",THUNDER BAY,ON,P7K 1K2,1200 Block ARTHUR ST W, TBPS] MOTOR VEHICLE COLLISION 11-10 MVC ANY TYPE,Other,MOTOR VEHICLE COLLISION
TB24042566,"10/11/2024, 3:06:50 PM","10/12/2024, 1:10:33 PM",THUNDER BAY,ON,P7E,EDWARD ST S AND ARTHUR ST E, TBPS] MOTOR VEHICLE COLLISION MVC - AMB ENR - DUAL RESP,Other,MOTOR VEHICLE COLLISION
TB24042572,"10/11/2024, 3:29:40 PM","10/12/2024, 1:10:34 PM",THUNDER BAY,ON,P7B 3A6,900 Block FORT WILLIAM RD, TBPS] MOTOR VEHICLE COLLISION 11-10 MVC ANY TYPE,Other,MOTOR VEHICLE COLLISION
TB24042574,"10/11/2024, 3:36:44 PM","10/12/2024, 1:10:34 PM",THUNDER BAY,ON,P7B 2Y7,100 Block MACHAR AV, TBPS] B-E BUS/RES/OTH SUSP PRESENT OR MAY STILL BE IN AREA,Breaking & Entering,B-E BUS/RES/OTH
TB24042573,"10/11/2024, 3:32:54 PM","10/12/2024, 1:10:34 PM",THUNDER BAY,ON,P7C 2S2,500 Block PACIFIC AV, TBPS] B-E BUS/RES/OTH SUSP PRESENT OR MAY STILL BE IN AREA,Breaking & Entering,B-E BUS/RES/OTH
TB24042576,"10/11/2024, 3:43:48 PM","10/12/2024, 1:10:34 PM",THUNDER BAY,ON,P7A 7X5,400 Block HODDER AV, TBPS] MOTOR VEHICLE COLLISION 11-10 MVC ANY TYPE,Other,MOTOR VEHICLE COLLISION
TB24042577,"10/11/2024, 3:48:06 PM","10/12/2024, 1:10:34 PM",THUNDER BAY,ON,P7B 1E7,300 Block PEARL ST, TBPS] MOTOR VEHICLE COLLISION 11-10 MVC ANY TYPE,Other,MOTOR VEHICLE COLLISION
TB24042578,"10/11/2024, 3:50:16 PM","10/12/2024, 1:10:35 PM",THUNDER BAY,ON,P7E 6N7,1500 Block JAMES ST S, TBPS] THEFT SUSP STILL PRESENT OR MAY BE IN AREA,Other Theft,THEFT
TB24042583,"10/11/2024, 4:03:04 PM","10/12/2024, 1:10:35 PM",THUNDER BAY,ON,P7B 7C6,900 Block CARRICK ST, TBPS] MOTOR VEHICLE COLLISION 11-10 MVC ANY TYPE,Other,MOTOR VEHICLE COLLISION
TB24042580,"10/11/2024, 3:53:27 PM","10/12/2024, 1:10:35 PM",THUNDER BAY,ON,P7A 4K8,1000 Block DAWSON RD, TBPS] MOTOR VEHICLE COLLISION 11-10 MVC ANY TYPE,Other,MOTOR VEHICLE COLLISION
TB24042584,"10/11/2024, 4:06:55 PM","10/12/2024, 1:10:35 PM",THUNDER BAY,ON,.,LINCOLN ST AND VICKERS ST S, TBPS] DRUG OFFENCES SUSP PRESENT OR MAY STILL BE IN AREA,Quality of Life,DRUG OFFENCES
TB24042585,"10/11/2024, 4:13:22 PM","10/12/2024, 1:10:35 PM",THUNDER BAY,ON,P7B 6S2,700 Block MEMORIAL AV, TBPS] THEFT SUSP STILL PRESENT OR MAY BE IN AREA,Other Theft,THEFT
TB24042586,"10/11/2024, 4:15:07 PM","10/12/2024, 1:10:36 PM",THUNDER BAY,ON,P7B 1L3,200 Block AMBROSE ST," TBPS] THEFT NOT IN PROGRESS, FROM MOTOR VEHICLE",Theft from Vehicle,THEFT
TB24042592,"10/11/2024, 4:30:21 PM","10/12/2024, 1:10:37 PM",THUNDER BAY,ON,P7G 1Z9,1100 Block HILLDALE RD, TBPS] MOTOR VEHICLE COLLISION MVC NO INJURIES,Traffic,MOTOR VEHICLE COLLISION
TB24042604,"10/11/2024, 5:32:21 PM","10/12/2024, 1:10:38 PM",THUNDER BAY,ON,P7B 2T5,1 Block CUMBERLAND ST S, TBPS] B-E BUS/RES/OTH 11-10,Breaking & Entering,B-E BUS/RES/OTH
TB24042612,"10/11/2024, 6:18:46 PM","10/12/2024, 1:10:39 PM",THUNDER BAY,ON,P7E 6N7,1500 Block JAMES ST S, TBPS] MOTOR VEHICLE COLLISION 11-10 MVC ANY TYPE,Other,MOTOR VEHICLE COLLISION
TB24042622,"10/11/2024, 7:26:59 PM","10/12/2024, 1:10:40 PM",THUNDER BAY,ON,P7B 7A4,GOLF LINKS RD AND OLIVER RD, TBPS] MOTOR VEHICLE COLLISION 11-10 MVC ANY TYPE,Other,MOTOR VEHICLE COLLISION
TB24042625,"10/11/2024, 7:28:27 PM","10/12/2024, 1:10:40 PM",THUNDER BAY,ON,P7E 5P7,100 Block ARTHUR ST W, TBPS] THEFT SUSP STILL PRESENT OR MAY BE IN AREA,Other Theft,THEFT
TB24042637,"10/11/2024, 8:31:49 PM","10/12/2024, 1:10:41 PM",THUNDER BAY,ON,P7B 4A4,1000 Block MEMORIAL AV, TBPS] MOTOR VEHICLE COLLISION 11-10 MVC ANY TYPE,Other,MOTOR VEHICLE COLLISION
TB24042646,"10/11/2024, 9:06:53 PM","10/12/2024, 1:10:41 PM",THUNDER BAY,ON,P7B 2X7,100 Block COURT ST S, TBPS] MOTOR VEHICLE COLLISION MVC - AMB ENR - DUAL RESP,Other,MOTOR VEHICLE COLLISION
TB24042654,"10/11/2024, 9:42:12 PM","10/12/2024, 1:10:42 PM",THUNDER BAY,ON,P7B 3Z7,700 Block MEMORIAL AV, TBPS] THEFT SUSP STILL PRESENT OR MAY BE IN AREA,Other Theft,THEFT
TB24042421,"10/10/2024, 4:11:02 PM","10/13/2024, 1:04:58 PM",THUNDER BAY,ON,P7B 1E3,200 Block PEARL ST," TBPS] THEFT NOT IN PROGRESS, UNDER 5000",Other Theft,THEFT
TB24042820,"10/12/2024, 10:25:46 PM","10/13/2024, 1:06:41 PM",THUNDER BAY,ON,P7A 4K8,1000 Block DAWSON RD, TBPS] LIQUOR LICENCE ACT LIQUOR LICENCE ACT VIOLATION IN PROGRESS,Quality of Life,LIQUOR LICENCE ACT
TB24042826,"10/12/2024, 11:01:01 PM","10/13/2024, 1:06:43 PM",THUNDER BAY,ON,P7E 6H2,200 Block AMELIA ST W, TBPS] INDECENT ACTS SUSP PRESENT OR MAY STILL BE IN AREA,Sexual Offense,INDECENT ACTS
TB24042832,"10/12/2024, 11:17:17 PM","10/13/2024, 1:06:44 PM",THUNDER BAY,ON,P7B 5L6,300 Block MAIN ST, TBPS] THEFT SUSP STILL PRESENT OR MAY BE IN AREA,Other Theft,THEFT
TB24042837,"10/13/2024, 12:02:01 AM","10/13/2024, 1:06:45 PM",THUNDER BAY,ON,P7E 6N7,1500 Block JAMES ST S, TBPS] THEFT SUSP STILL PRESENT OR MAY BE IN AREA,Other Theft,THEFT
TB24042838,"10/13/2024, 12:07:12 AM","10/13/2024, 1:06:45 PM",THUNDER BAY,ON,P7A 4K8,1000 Block DAWSON RD, TBPS] THEFT SUSP STILL PRESENT OR MAY BE IN AREA,Other Theft,THEFT
TB24042849,"10/13/2024, 1:48:55 AM","10/13/2024, 1:06:47 PM",THUNDER BAY,ON,P7E 5V7,1100 Block LINCOLN ST, TBPS] DRUG OFFENCES SUSP PRESENT OR MAY STILL BE IN AREA,Quality of Life,DRUG OFFENCES
TB24042850,"10/13/2024, 1:51:55 AM","10/13/2024, 1:06:47 PM",THUNDER BAY,ON,.,100 Block PEARL ST, TBPS] ASSAULT SUSP PRESENT OR IN AREA,Assault,ASSAULT
TB24042854,"10/13/2024, 2:31:51 AM","10/13/2024, 1:06:47 PM",THUNDER BAY,ON,P7C 3X8,100 Block CENTENNIAL SQ, TBPS] THEFT SUSP STILL PRESENT OR MAY BE IN AREA,Other Theft,THEFT
TB24042855,"10/13/2024, 2:33:48 AM","10/13/2024, 1:06:47 PM",THUNDER BAY,ON,P7E 5N2,1300 Block ARTHUR ST E," TBPS] ASSAULT JUST OCCURRED, ACCUSED NOT PRESENT",Assault,ASSAULT
TB24042856,"10/13/2024, 2:37:41 AM","10/13/2024, 1:06:47 PM",THUNDER BAY,ON,P7E 5V6,1000 Block DONALD ST E, TBPS] B-E BUS/RES/OTH SUSP PRESENT OR MAY STILL BE IN AREA,Breaking & Entering,B-E BUS/RES/OTH
TB24042863,"10/13/2024, 3:14:08 AM","10/13/2024, 1:06:48 PM",THUNDER BAY,ON,P7A 7E1,HIGH ST N AND RIVER ST, TBPS] MOTOR VEHICLE COLLISION MVC NO INJURIES,Traffic,MOTOR VEHICLE COLLISION
TB24042864,"10/13/2024, 3:18:12 AM","10/13/2024, 1:06:48 PM",THUNDER BAY,ON,P7C 2V3,600 Block SOUTHERN AV, TBPS] THEFT SUSP STILL PRESENT OR MAY BE IN AREA,Other Theft,THEFT
TB24042874,"10/13/2024, 5:06:14 AM","10/13/2024, 1:06:49 PM",THUNDER BAY,ON,P7B 3A6,900 Block FORT WILLIAM RD, TBPS] THEFT SUSP STILL PRESENT OR MAY BE IN AREA,Other Theft,THEFT
TB24042883,"10/13/2024, 7:42:52 AM","10/13/2024, 1:06:50 PM",THUNDER BAY,ON,P7B 4A1,900 Block MEMORIAL AV, TBPS] THEFT SUSP STILL PRESENT OR MAY BE IN AREA,Other Theft,THEFT
TB24042755,"10/12/2024, 8:51:28 AM","10/13/2024, 1:06:58 PM",THUNDER BAY,ON,P7B 3Z8,800 Block MEMORIAL AV, TBPS] ASSAULT SUSP PRESENT OR IN AREA,Assault,ASSAULT
TB24042763,"10/12/2024, 12:54:49 PM","10/13/2024, 1:06:58 PM",THUNDER BAY,ON,P7B 1K3,800 Block RED RIVER RD, TBPS] ASSAULT ACCUSED NOT PRESENT,Assault,ASSAULT
TB24042766,"10/12/2024, 2:23:12 PM","10/13/2024, 1:06:59 PM",THUNDER BAY,ON,P7C,REDWOOD AV E AND EDWARD ST N, TBPS] MOTOR VEHICLE COLLISION MVC NO INJURIES,Traffic,MOTOR VEHICLE COLLISION
TB24042771,"10/12/2024, 3:03:19 PM","10/13/2024, 1:06:59 PM",THUNDER BAY,ON,P7B 3X9,400 Block RUPERT ST," TBPS] MISCHIEF 11-10, MICHIEF UNDER 5000",Other Property Crime,MISCHIEF
TB24042780,"10/12/2024, 4:56:48 PM","10/13/2024, 1:06:59 PM",THUNDER BAY,ON,P7A 2M7,300 Block CLAVET ST, TBPS] STOLEN VEHICLE SUSP NOT IN AREA,Theft of Vehicle,STOLEN VEHICLE
TB24042785,"10/12/2024, 5:59:17 PM","10/13/2024, 1:06:59 PM",THUNDER BAY,ON,P7B 5X1,600 Block BEVERLY ST, TBPS] LIQUOR LICENCE ACT LIQUOR LICENCE ACT VIOLATION IN PROGRESS,Quality of Life,LIQUOR LICENCE ACT
TB24042784,"10/12/2024, 5:44:13 PM","10/13/2024, 1:06:59 PM",THUNDER BAY,ON,P7C 2S1,SIMPSON ST AND PACIFIC AV, TBPS] MOTOR VEHICLE COLLISION MVC NO INJURIES,Traffic,MOTOR VEHICLE COLLISION
TB24042808,"10/12/2024, 8:35:01 PM","10/13/2024, 1:07:00 PM",THUNDER BAY,ON,P7B 5L6,300 Block MAIN ST, TBPS] THEFT SUSP STILL PRESENT OR MAY BE IN AREA,Other Theft,THEFT
TB24042807,"10/12/2024, 8:30:57 PM","10/13/2024, 1:07:00 PM",THUNDER BAY,ON,P7C 3X8,100 Block CENTENNIAL SQ, TBPS] THEFT SUSP STILL PRESENT OR MAY BE IN AREA,Other Theft,THEFT
TB24042936,"10/13/2024, 8:46:27 PM","10/14/2024, 1:08:11 PM",THUNDER BAY,ON,P7A 3S4,600 Block RIVER ST, TBPS] ASSAULT ACCUSED NOT PRESENT,Assault,ASSAULT
TB24042946,"10/13/2024, 10:15:09 PM","10/14/2024, 1:08:11 PM",THUNDER BAY,ON,P7E 5R8,600 Block ARTHUR ST W, TBPS] THEFT SUSP STILL PRESENT OR MAY BE IN AREA,Other Theft,THEFT
TB24042978,"10/14/2024, 2:11:35 AM","10/14/2024, 1:08:11 PM",THUNDER BAY,ON,P7B 6B9,1000 Block FORT WILLIAM RD, TBPS] ASSAULT SUSP PRESENT OR IN AREA,Assault,ASSAULT
TB24042897,"10/13/2024, 10:12:25 AM","10/14/2024, 1:08:12 PM",THUNDER BAY,ON,P7B 6J7,100 Block PICTON AV, TBPS] TROUBLE WITH YOUTH YOUTHS STILL IN AREA,Quality of Life,TROUBLE WITH YOUTH
TB24042973,"10/14/2024, 1:46:04 AM","10/14/2024, 1:08:12 PM",THUNDER BAY,ON,P7C 4A8,800 Block MCKELLAR ST N," TBPS] MISCHIEF IP/SUSP IN AREA, MICHIEF OVER 5000",Other Property Crime,MISCHIEF
TB24042990,"10/14/2024, 4:31:49 AM","10/14/2024, 1:08:12 PM",THUNDER BAY,ON,P7C 1B6,VICTORIA AV E AND VICKERS ST N, TBPS] STOLEN VEHICLE SUSP PRESENT OR MAY STILL BE IN AREA,Theft of Vehicle,STOLEN VEHICLE
TB24042853,"10/13/2024, 2:28:15 AM","10/14/2024, 1:08:13 PM",THUNDER BAY,ON,P7B 5J4,1000 Block DAWSON RD, TBPS] ASSAULT ACCUSED NOT PRESENT,Assault,ASSAULT
TB24042885,"10/13/2024, 8:09:42 AM","10/14/2024, 1:08:13 PM",THUNDER BAY,ON,P7B 5J4,1000 Block DAWSON RD, TBPS] ASSAULT SUSP PRESENT OR IN AREA,Assault,ASSAULT
TB24042893,"10/13/2024, 9:15:23 AM","10/14/2024, 1:08:13 PM",THUNDER BAY,ON,P7A 3B4,200 Block MCINTYRE ST," TBPS] MISCHIEF IP/SUSP IN AREA, UNDER 5,000",Other Property Crime,MISCHIEF
TB24042906,"10/13/2024, 3:21:06 PM","10/14/2024, 1:08:13 PM",THUNDER BAY,ON,P7C 1N1,100 Block GLENDALE CR, TBPS] MOTOR VEHICLE COLLISION MVC NO INJURIES,Traffic,MOTOR VEHICLE COLLISION
TB24042911,"10/13/2024, 4:15:28 PM","10/14/2024, 1:08:13 PM",THUNDER BAY,ON,P7C 3Z9,400 Block MCKELLAR ST N, TBPS] B-E BUS/RES/OTH SUSP PRESENT OR MAY STILL BE IN AREA,Breaking & Entering,B-E BUS/RES/OTH
TB24042925,"10/13/2024, 7:21:19 PM","10/14/2024, 1:08:13 PM",THUNDER BAY,ON,P7B 0A9,300 Block MAIN ST, TBPS] MOTOR VEHICLE COLLISION MVC NO INJURIES,Traffic,MOTOR VEHICLE COLLISION
TB24042930,"10/13/2024, 8:05:08 PM","10/14/2024, 1:08:13 PM",THUNDER BAY,ON,P7B,GOLF LINKS RD AND SUNRISE BLVD, TBPS] MOTOR VEHICLE COLLISION MVC NO INJURIES,Traffic,MOTOR VEHICLE COLLISION
TB24042847,"10/13/2024, 1:17:12 AM","10/14/2024, 1:08:14 PM",THUNDER BAY,ON,P7C 4Y7,300 Block LILLIE ST N, TBPS] ASSAULT ACCUSED NOT PRESENT,Assault,ASSAULT
TB24042524,"10/11/2024, 5:39:33 AM","10/14/2024, 1:09:04 PM",THUNDER BAY,ON,P7A,1 Block NORTH WATER ST, TBPS] ASSAULT SUSP PRESENT OR IN AREA,Assault,ASSAULT
TB24043091,"10/15/2024, 3:12:33 AM","10/15/2024, 1:03:52 PM",THUNDER BAY,ON,P7E 5M8,900 Block ARTHUR ST E, TBPS] THEFT SUSP STILL PRESENT OR MAY BE IN AREA,Other Theft,THEFT
TB24042633,"10/11/2024, 8:15:41 PM","10/15/2024, 1:03:53 PM",THUNDER BAY,ON,P7B 3B6,1 Block ALGOMA ST S, TBPS] B-E BUS/RES/OTH 11-10,Breaking & Entering,B-E BUS/RES/OTH
TB24043026,"10/14/2024, 4:43:13 PM","10/15/2024, 1:03:53 PM",THUNDER BAY,ON,P7B 1K2,RED RIVER RD AND JUNOT AV N, TBPS] MOTOR VEHICLE COLLISION MVC NO INJURIES,Traffic,MOTOR VEHICLE COLLISION
TB24043053,"10/14/2024, 9:10:36 PM","10/15/2024, 1:03:53 PM",THUNDER BAY,ON,P7C 1C1,1200 Block VICTORIA AV E," TBPS] THEFT NOT IN PROGRESS, FROM MOTOR VEHICLE",Theft from Vehicle,THEFT
TB24043084,"10/15/2024, 1:58:08 AM","10/15/2024, 1:03:54 PM",THUNDER BAY,ON,P7E 5R8,600 Block ARTHUR ST W, TBPS] ASSAULT SUSP PRESENT OR IN AREA,Assault,ASSAULT
TB24043058,"10/14/2024, 9:24:57 PM","10/15/2024, 1:03:54 PM",THUNDER BAY,ON,P7C 3R2,300 Block MAY ST N, TBPS] THEFT SUSP STILL PRESENT OR MAY BE IN AREA,Other Theft,THEFT
TB24042788,"10/12/2024, 6:09:08 PM","10/15/2024, 1:03:55 PM",THUNDER BAY,ON,P7B 6A9,600 Block SHERRINGTON DR, TBPS] B-E BUS/RES/OTH 11-10,Breaking & Entering,B-E BUS/RES/OTH
TB24042872,"10/13/2024, 4:46:40 AM","10/15/2024, 1:03:55 PM",THUNDER BAY,ON,P7E 5P4,2800 Block ARTHUR ST E, TBPS] ASSAULT SUSP PRESENT OR IN AREA,Assault,ASSAULT
TB24042965,"10/14/2024, 12:47:49 AM","10/15/2024, 1:03:55 PM",THUNDER BAY,ON,P7C 3S2,800 Block MAY ST N, TBPS] B-E BUS/RES/OTH 11-10,Breaking & Entering,B-E BUS/RES/OTH
TB24043006,"10/14/2024, 8:17:20 AM","10/15/2024, 1:03:55 PM",THUNDER BAY,ON,P7E 5N3,1300 Block ARTHUR ST E, TBPS] ROBBERY NO WEAPONS - SUSP STILL IN AREA,Robbery,ROBBERY
TB24042525,"10/11/2024, 5:52:22 AM","10/16/2024, 1:04:23 PM",THUNDER BAY,ON,P7A 5P7,100 Block THERESA ST, TBPS] ASSAULT ACCUSED NOT PRESENT,Assault,ASSAULT
TB24042830,"10/12/2024, 11:15:45 PM","10/16/2024, 1:05:09 PM",THUNDER BAY,ON,P7B 5L6,300 Block MAIN ST," TBPS] THEFT NOT IN PROGRESS, UNDER 5000",Other Theft,THEFT
TB24043209,"10/16/2024, 1:05:46 AM","10/16/2024, 1:06:00 PM",THUNDER BAY,ON,.,100 Block PEARL ST, TBPS] ASSAULT ACCUSED NOT PRESENT,Assault,ASSAULT
TB24043229,"10/16/2024, 3:42:32 AM","10/16/2024, 1:06:00 PM",THUNDER BAY,ON,P7A 6H1,1 Block JUNOT AV N, TBPS] ASSAULT ACCUSED NOT PRESENT,Assault,ASSAULT
TB24043233,"10/16/2024, 4:30:40 AM","10/16/2024, 1:06:00 PM",THUNDER BAY,ON,P7C 3C6,600 Block MCTAVISH ST," TBPS] MISCHIEF IP/SUSP IN AREA, MICHIEF OVER 5000",Other Property Crime,MISCHIEF
TB24043250,"10/16/2024, 8:11:40 AM","10/16/2024, 1:06:00 PM",THUNDER BAY,ON,P7B 6H3,300 Block TAMARACK PL, TBPS] LIQUOR LICENCE ACT LIQUOR LICENCE ACT VIOLATION IN PROGRESS,Quality of Life,LIQUOR LICENCE ACT
TB24043174,"10/15/2024, 8:37:35 PM","10/16/2024, 1:06:01 PM",THUNDER BAY,ON,P7C 3P8,200 Block MAY ST N," TBPS] ASSAULT JUST OCCURRED, ACCUSED NOT PRESENT",Assault,ASSAULT
TB24043202,"10/16/2024, 12:08:05 AM","10/16/2024, 1:06:01 PM",THUNDER BAY,ON,P7B 4G9,1 Block HODGE ST, TBPS] B-E BUS/RES/OTH SUSP PRESENT OR MAY STILL BE IN AREA,Breaking & Entering,B-E BUS/RES/OTH
TB24043206,"10/16/2024, 12:45:41 AM","10/16/2024, 1:06:01 PM",THUNDER BAY,ON,P7E 5V7,1100 Block LINCOLN ST, TBPS] DRUG OFFENCES SUSP PRESENT OR MAY STILL BE IN AREA,Quality of Life,DRUG OFFENCES
TB24043227,"10/16/2024, 3:36:03 AM","10/16/2024, 1:06:01 PM",THUNDER BAY,ON,P7A 6G8,1 Block STARDUST CR, TBPS] B-E BUS/RES/OTH SUSP PRESENT OR MAY STILL BE IN AREA,Breaking & Entering,B-E BUS/RES/OTH
TB24043155,"10/15/2024, 6:21:56 PM","10/16/2024, 1:06:02 PM",THUNDER BAY,ON,P7B 2X5,100 Block COURT ST S, TBPS] B-E BUS/RES/OTH 11-10,Breaking & Entering,B-E BUS/RES/OTH
TB24043148,"10/15/2024, 5:53:27 PM","10/16/2024, 1:06:02 PM",THUNDER BAY,ON,J4Y 0K7,500 Block ARTHUR ST W, TBPS] MOTOR VEHICLE COLLISION 11-10 MVC ANY TYPE,Other,MOTOR VEHICLE COLLISION
TB24043172,"10/15/2024, 8:14:07 PM","10/16/2024, 1:06:02 PM",THUNDER BAY,ON,P7E 5P4,2800 Block ARTHUR ST E, TBPS] THEFT SUSP STILL PRESENT OR MAY BE IN AREA,Other Theft,THEFT
TB24043164,"10/15/2024, 7:27:10 PM","10/16/2024, 1:06:02 PM",THUNDER BAY,ON,P7B 5Z5,1200 Block BALMORAL ST," TBPS] THEFT NOT IN PROGRESS, UNDER 5000",Other Theft,THEFT
TB24043188,"10/15/2024, 10:15:14 PM","10/16/2024, 1:06:02 PM",THUNDER BAY,ON,P0T 2G0,300 Block MUD LAKE RD," TBPS] MISCHIEF 11-10, MICHIEF OVER 5000",Other Property Crime,MISCHIEF
TB24043121,"10/15/2024, 2:37:28 PM","10/16/2024, 1:06:03 PM",THUNDER BAY,ON,P7A 4S2,500 Block CUMBERLAND ST N," TBPS] MISCHIEF IP/SUSP IN AREA, UNDER 5,000",Other Property Crime,MISCHIEF
TB24043123,"10/15/2024, 2:47:19 PM","10/16/2024, 1:06:03 PM",THUNDER BAY,ON,P7B 2G1,OLIVER RD AND HIGH ST S, TBPS] MOTOR VEHICLE COLLISION MVC INJURIES FIRE NOT REQ,Traffic,MOTOR VEHICLE COLLISION
TB24043126,"10/15/2024, 3:02:46 PM","10/16/2024, 1:06:03 PM",THUNDER BAY,ON,P7A 4K8,1000 Block DAWSON RD, TBPS] MOTOR VEHICLE COLLISION 11-10 MVC ANY TYPE,Other,MOTOR VEHICLE COLLISION
TB24043125,"10/15/2024, 2:56:01 PM","10/16/2024, 1:06:03 PM",THUNDER BAY,ON,P7B 5R6,400 Block 11TH AV, TBPS] MOTOR VEHICLE COLLISION 11-10 MVC ANY TYPE,Other,MOTOR VEHICLE COLLISION
TB24043130,"10/15/2024, 3:26:40 PM","10/16/2024, 1:06:03 PM",THUNDER BAY,ON,P7B 6V4,900 Block OLIVER RD, TBPS] MOTOR VEHICLE COLLISION 11-10 MVC ANY TYPE,Other,MOTOR VEHICLE COLLISION
TB24043131,"10/15/2024, 3:37:21 PM","10/16/2024, 1:06:03 PM",THUNDER BAY,ON,P7B,MEMORIAL AV AND HARBOUR EXPRESSWAY, TBPS] MOTOR VEHICLE COLLISION 11-10 MVC ANY TYPE,Other,MOTOR VEHICLE COLLISION
TB24043150,"10/15/2024, 5:55:06 PM","10/16/2024, 1:06:03 PM",THUNDER BAY,ON,P7C 4R5,100 Block SHERBROOKE ST, TBPS] MOTOR VEHICLE COLLISION 11-10 MVC ANY TYPE,Other,MOTOR VEHICLE COLLISION
TB24043156,"10/15/2024, 6:31:52 PM","10/16/2024, 1:06:03 PM",THUNDER BAY,ON,P7E 4V4,NORAH ST S AND WALSH ST E, TBPS] MOTOR VEHICLE COLLISION 11-10 MVC ANY TYPE,Other,MOTOR VEHICLE COLLISION
TB24043103,"10/15/2024, 7:20:40 AM","10/16/2024, 1:06:04 PM",THUNDER BAY,ON,P7E 5R8,600 Block ARTHUR ST W, TBPS] ROBBERY NO WEAPONS - SUSP STILL IN AREA,Robbery,ROBBERY
TB24043105,"10/15/2024, 9:03:47 AM","10/16/2024, 1:06:04 PM",THUNDER BAY,ON,P7C 3W2,300 Block SYNDICATE AV N, TBPS] B-E BUS/RES/OTH SUSP PRESENT OR MAY STILL BE IN AREA,Breaking & Entering,B-E BUS/RES/OTH
TB24043116,"10/15/2024, 12:14:29 PM","10/16/2024, 1:06:04 PM",THUNDER BAY,ON,P7E 2T6,1100 Block YONGE ST, TBPS] ASSAULT ACCUSED NOT PRESENT,Assault,ASSAULT
TB24043127,"10/15/2024, 3:05:33 PM","10/16/2024, 1:06:04 PM",THUNDER BAY,ON,.,FIELD ST AND CENTRAL AV, TBPS] MOTOR VEHICLE COLLISION 11-10 MVC ANY TYPE,Other,MOTOR VEHICLE COLLISION
TB24043138,"10/15/2024, 4:00:54 PM","10/16/2024, 1:06:04 PM",THUNDER BAY,ON,P7A 1J1,HODDER AV AND LILLIAN ST, TBPS] MOTOR VEHICLE COLLISION 11-10 MVC ANY TYPE,Other,MOTOR VEHICLE COLLISION
TB24043312,"10/16/2024, 8:49:41 PM","10/17/2024, 1:03:53 PM",THUNDER BAY,ON,P7B 5L6,300 Block MAIN ST, TBPS] THEFT SUSP STILL PRESENT OR MAY BE IN AREA,Other Theft,THEFT
TB24043331,"10/16/2024, 11:10:09 PM","10/17/2024, 1:03:55 PM",THUNDER BAY,ON,P7B 5L6,300 Block MAIN ST, TBPS] THEFT SUSP STILL PRESENT OR MAY BE IN AREA,Other Theft,THEFT
TB24043336,"10/16/2024, 11:47:43 PM","10/17/2024, 1:03:55 PM",THUNDER BAY,ON,P7B 5Z5,1200 Block BALMORAL ST," TBPS] THEFT NOT IN PROGRESS, UNDER 5000",Other Theft,THEFT
TB24043339,"10/17/2024, 12:35:20 AM","10/17/2024, 1:03:56 PM",THUNDER BAY,ON,P7C 4P7,400 Block EDWARD ST N, TBPS] ROBBERY NO WEAPONS - SUSP STILL IN AREA,Robbery,ROBBERY
TB24043341,"10/17/2024, 1:22:32 AM","10/17/2024, 1:03:56 PM",THUNDER BAY,ON,P7E 2K1,ISABELLA ST W AND BROWN ST, TBPS] MOTOR VEHICLE COLLISION MVC - AMB ENR - DUAL RESP,Other,MOTOR VEHICLE COLLISION
TB24043349,"10/17/2024, 2:21:27 AM","10/17/2024, 1:03:57 PM",THUNDER BAY,ON,P7E 5N4,ARTHUR ST E AND FRANKLIN ST S," TBPS] THEFT NOT IN PROGRESS, UNDER 5000",Other Theft,THEFT
TB24043364,"10/17/2024, 4:29:50 AM","10/17/2024, 1:03:58 PM",THUNDER BAY,ON,P7E 5N3,1300 Block ARTHUR ST E," TBPS] THEFT NOT IN PROGRESS, UNDER 5000",Other Theft,THEFT
TB24043373,"10/17/2024, 5:54:15 AM","10/17/2024, 1:03:59 PM",THUNDER BAY,ON,P7B 2G3,300 Block OLIVER RD, TBPS] THEFT SUSP STILL PRESENT OR MAY BE IN AREA,Other Theft,THEFT
TB24043241,"10/16/2024, 6:33:29 AM","10/17/2024, 1:04:06 PM",THUNDER BAY,ON,P7B 4G9,1 Block HODGE ST, TBPS] B-E BUS/RES/OTH SUSP PRESENT OR MAY STILL BE IN AREA,Breaking & Entering,B-E BUS/RES/OTH
TB24043255,"10/16/2024, 9:41:49 AM","10/17/2024, 1:04:06 PM",THUNDER BAY,ON,P7B 1K3,800 Block RED RIVER RD, TBPS] STOLEN VEHICLE SUSP NOT IN AREA,Theft of Vehicle,STOLEN VEHICLE
TB24043268,"10/16/2024, 2:47:59 PM","10/17/2024, 1:04:07 PM",THUNDER BAY,ON,P7J 1A8,4300 Block BROAD OAKS PL, TBPS] MOTOR VEHICLE COLLISION 11-10 MVC ANY TYPE,Other,MOTOR VEHICLE COLLISION
TB24043269,"10/16/2024, 2:53:35 PM","10/17/2024, 1:04:07 PM",THUNDER BAY,ON,P7A 5P7,100 Block THERESA ST, TBPS] MOTOR VEHICLE COLLISION 11-10 MVC ANY TYPE,Other,MOTOR VEHICLE COLLISION
TB24043272,"10/16/2024, 3:12:08 PM","10/17/2024, 1:04:07 PM",THUNDER BAY,ON,P7B 6S2,700 Block MEMORIAL AV, TBPS] MOTOR VEHICLE COLLISION 11-10 MVC ANY TYPE,Other,MOTOR VEHICLE COLLISION
TB24043271,"10/16/2024, 2:58:05 PM","10/17/2024, 1:04:07 PM",THUNDER BAY,ON,P7E 5P7,100 Block ARTHUR ST W, TBPS] MOTOR VEHICLE COLLISION 11-10 MVC ANY TYPE,Other,MOTOR VEHICLE COLLISION
TB24043275,"10/16/2024, 3:21:58 PM","10/17/2024, 1:04:07 PM",THUNDER BAY,ON,P7B 6Z8,1400 Block NAKINA DR, TBPS] MOTOR VEHICLE COLLISION 11-10 MVC ANY TYPE,Other,MOTOR VEHICLE COLLISION
TB24043281,"10/16/2024, 4:09:37 PM","10/17/2024, 1:04:08 PM",THUNDER BAY,ON,P7E 1H8,400 Block MCKELLAR ST S, TBPS] STOLEN VEHICLE SUSP PRESENT OR MAY STILL BE IN AREA,Theft of Vehicle,STOLEN VEHICLE
TB24043284,"10/16/2024, 4:36:35 PM","10/17/2024, 1:04:08 PM",THUNDER BAY,ON,P7B 5L6,300 Block MAIN ST, TBPS] THEFT SUSP STILL PRESENT OR MAY BE IN AREA,Other Theft,THEFT
TB24043285,"10/16/2024, 4:45:50 PM","10/17/2024, 1:04:08 PM",THUNDER BAY,ON,P7B,MEMORIAL AV AND CENTRAL AV, TBPS] MOTOR VEHICLE COLLISION MVC NO INJURIES,Traffic,MOTOR VEHICLE COLLISION
TB24043286,"10/16/2024, 4:46:23 PM","10/17/2024, 1:04:08 PM",THUNDER BAY,ON,P7E 1M4,400 Block MARKS ST S, TBPS] B-E BUS/RES/OTH 11-10,Breaking & Entering,B-E BUS/RES/OTH
TB24043287,"10/16/2024, 4:58:34 PM","10/17/2024, 1:04:08 PM",THUNDER BAY,ON,P7C 3J7,600 Block SIMPSON ST," TBPS] MISCHIEF IP/SUSP IN AREA, MICHIEF OVER 5000",Other Property Crime,MISCHIEF
TB24043289,"10/16/2024, 5:20:41 PM","10/17/2024, 1:04:08 PM",THUNDER BAY,ON,P7C 2M3,MCKENZIE ST AND HERON ST, TBPS] MOTOR VEHICLE COLLISION VEHICLE LEAKING FLUIDS - DUAL RESP,Traffic,MOTOR VEHICLE COLLISION
TB24043295,"10/16/2024, 6:25:04 PM","10/17/2024, 1:04:08 PM",THUNDER BAY,ON,P7C 3T4,400 Block BRODIE ST N, TBPS] MOTOR VEHICLE COLLISION 11-10 MVC ANY TYPE,Other,MOTOR VEHICLE COLLISION
TB24043296,"10/16/2024, 6:27:34 PM","10/17/2024, 1:04:08 PM",THUNDER BAY,ON,P7A,RIVER ST AND MADELINE ST, TBPS] MOTOR VEHICLE COLLISION 11-10 MVC ANY TYPE,Other,MOTOR VEHICLE COLLISION
TB24043310,"10/16/2024, 8:26:56 PM","10/17/2024, 1:04:09 PM",THUNDER BAY,ON,P7C 3H6,200 Block SIMPSON ST, TBPS] ASSAULT SUSP PRESENT OR IN AREA,Assault,ASSAULT
TB24043939,"10/20/2024, 11:12:07 PM","10/21/2024, 1:08:47 PM",THUNDER BAY,ON,P7E 4B9,100 Block FRANCIS ST W, TBPS] STOLEN VEHICLE SUSP NOT IN AREA,Theft of Vehicle,STOLEN VEHICLE
TB24043940,"10/20/2024, 11:28:32 PM","10/21/2024, 1:08:47 PM",THUNDER BAY,ON,P7B 1K3,800 Block RED RIVER RD, TBPS] ASSAULT SUSP PRESENT OR IN AREA,Assault,ASSAULT
TB24044006,"10/21/2024, 7:29:16 AM","10/21/2024, 1:08:47 PM",THUNDER BAY,ON,P7B 4A8,500 Block SQUIER ST, TBPS] B-E BUS/RES/OTH SUSP PRESENT OR MAY STILL BE IN AREA,Breaking & Entering,B-E BUS/RES/OTH
TB24043985,"10/21/2024, 3:54:50 AM","10/21/2024, 1:08:47 PM",THUNDER BAY,ON,P7B 6S2,700 Block MEMORIAL AV, TBPS] THEFT SUSP STILL PRESENT OR MAY BE IN AREA,Other Theft,THEFT
TB24043973,"10/21/2024, 2:42:56 AM","10/21/2024, 1:08:47 PM",THUNDER BAY,ON,P7C 5N4,400 Block BALMORAL ST," TBPS] THEFT NOT IN PROGRESS, UNDER 5000",Other Theft,THEFT
TB24043935,"10/20/2024, 10:00:50 PM","10/21/2024, 1:08:48 PM",THUNDER BAY,ON,P7C 3X4,700 Block SYNDICATE AV N," TBPS] THEFT NOT IN PROGRESS, UNDER 5000",Other Theft,THEFT
TB24043938,"10/20/2024, 10:46:18 PM","10/21/2024, 1:08:48 PM",THUNDER BAY,ON,P7C 0A3,100 Block BRODIE ST N, TBPS] MOTOR VEHICLE COLLISION MVC NO INJURIES,Traffic,MOTOR VEHICLE COLLISION
TB24043950,"10/21/2024, 12:21:13 AM","10/21/2024, 1:08:48 PM",THUNDER BAY,ON,P7B 6J8,1 Block PICTON AV," TBPS] MISCHIEF IP/SUSP IN AREA, UNDER 5,000",Other Property Crime,MISCHIEF
TB24043949,"10/21/2024, 12:19:02 AM","10/21/2024, 1:08:48 PM",THUNDER BAY,ON,P7B 3Y2,300 Block MEMORIAL AV, TBPS] THEFT SUSP STILL PRESENT OR MAY BE IN AREA,Other Theft,THEFT
TB24043953,"10/21/2024, 12:29:51 AM","10/21/2024, 1:08:48 PM",THUNDER BAY,ON,P7E 5M8,900 Block ARTHUR ST E, TBPS] THEFT SUSP STILL PRESENT OR MAY BE IN AREA,Other Theft,THEFT
TB24043960,"10/21/2024, 1:32:11 AM","10/21/2024, 1:08:48 PM",THUNDER BAY,ON,P7B 6V4,900 Block OLIVER RD, TBPS] ASSAULT SUSP PRESENT OR IN AREA,Assault,ASSAULT
TB24043891,"10/20/2024, 1:07:30 PM","10/21/2024, 1:08:50 PM",THUNDER BAY,ON,P7E 1S1,700 Block FRANKLIN ST S, TBPS] B-E BUS/RES/OTH SUSP PRESENT OR MAY STILL BE IN AREA,Breaking & Entering,B-E BUS/RES/OTH
TB24043893,"10/20/2024, 2:49:41 PM","10/21/2024, 1:08:50 PM",THUNDER BAY,ON,P7C 5K7,600 Block STRACHAN CR, TBPS] STOLEN VEHICLE SUSP NOT IN AREA,Theft of Vehicle,STOLEN VEHICLE
TB24043142,"10/15/2024, 5:21:04 PM","10/21/2024, 1:09:11 PM",THUNDER BAY,ON,P7A 2W4,900 Block HUDSON AV," TBPS] THEFT NOT IN PROGRESS, OVER 5000",Other Theft,THEFT
TB24043384,"10/17/2024, 8:38:24 AM","10/21/2024, 1:09:13 PM",THUNDER BAY,ON,P7B 5R8,100 Block CUMBERLAND ST S, TBPS] ARSON 11-10 ARSON,Other Property Crime,ARSON
TB24043675,"10/19/2024, 1:04:13 AM","10/21/2024, 1:09:16 PM",THUNDER BAY,ON,P7E 1J3,200 Block VICKERS ST S, TBPS] B-E BUS/RES/OTH SUSP PRESENT OR MAY STILL BE IN AREA,Breaking & Entering,B-E BUS/RES/OTH
TB24043387,"10/17/2024, 9:05:41 AM","10/21/2024, 1:09:17 PM",THUNDER BAY,ON,P7B 4A1,900 Block MEMORIAL AV, TBPS] B-E BUS/RES/OTH SUSP PRESENT OR MAY STILL BE IN AREA,Breaking & Entering,B-E BUS/RES/OTH
TB24043681,"10/19/2024, 1:55:56 AM","10/21/2024, 1:09:17 PM",THUNDER BAY,ON,P7C 0A2,800 Block VICTORIA AV E, TBPS] THEFT SUSP STILL PRESENT OR MAY BE IN AREA,Other Theft,THEFT
TB24043626,"10/18/2024, 6:59:34 PM","10/21/2024, 1:09:18 PM",THUNDER BAY,ON,P7B 6N2,600 Block BEVERLY ST, TBPS] MOTOR VEHICLE COLLISION 11-10 MVC ANY TYPE,Other,MOTOR VEHICLE COLLISION
TB24043623,"10/18/2024, 6:40:01 PM","10/21/2024, 1:09:18 PM",THUNDER BAY,ON,P7B 2V3,1 Block CUMBERLAND ST S," TBPS] THEFT NOT IN PROGRESS, FROM MOTOR VEHICLE",Theft from Vehicle,THEFT
TB24043624,"10/18/2024, 6:47:48 PM","10/21/2024, 1:09:18 PM",THUNDER BAY,ON,P7B 3S2,300 Block WINNIPEG AV, TBPS] MOTOR VEHICLE COLLISION MVC NO INJURIES,Traffic,MOTOR VEHICLE COLLISION
TB24043689,"10/19/2024, 2:46:57 AM","10/21/2024, 1:09:18 PM",THUNDER BAY,ON,P7C 4P5,400 Block EDWARD ST N, TBPS] ASSAULT SUSP PRESENT OR IN AREA,Assault,ASSAULT
TB24043399,"10/17/2024, 2:27:59 PM","10/21/2024, 1:09:19 PM",THUNDER BAY,ON,P7B 5L6,300 Block MAIN ST, TBPS] MOTOR VEHICLE COLLISION 11-10 MVC ANY TYPE,Other,MOTOR VEHICLE COLLISION
TB24043400,"10/17/2024, 2:31:29 PM","10/21/2024, 1:09:19 PM",THUNDER BAY,ON,P7E 5R8,1000 Block ARTHUR ST W, TBPS] MOTOR VEHICLE COLLISION 11-10 MVC ANY TYPE,Other,MOTOR VEHICLE COLLISION
TB24043401,"10/17/2024, 2:35:33 PM","10/21/2024, 1:09:19 PM",THUNDER BAY,ON,P7A 4L8,1 Block CUMBERLAND ST N, TBPS] MOTOR VEHICLE COLLISION 11-10 MVC ANY TYPE,Other,MOTOR VEHICLE COLLISION
TB24043404,"10/17/2024, 3:02:20 PM","10/21/2024, 1:09:20 PM",THUNDER BAY,ON,P7C 3Z9,400 Block MCKELLAR ST N, TBPS] B-E BUS/RES/OTH SUSP PRESENT OR MAY STILL BE IN AREA,Breaking & Entering,B-E BUS/RES/OTH
TB24043408,"10/17/2024, 3:40:24 PM","10/21/2024, 1:09:20 PM",THUNDER BAY,ON,P7B 3E5,100 Block SECORD ST, TBPS] STOLEN VEHICLE SUSP PRESENT OR MAY STILL BE IN AREA,Theft of Vehicle,STOLEN VEHICLE
TB24043407,"10/17/2024, 3:36:48 PM","10/21/2024, 1:09:20 PM",THUNDER BAY,ON,P7E 1W1,MARY ST E AND SPRAGUE ST, TBPS] MOTOR VEHICLE COLLISION MVC - AMB ENR - DUAL RESP,Other,MOTOR VEHICLE COLLISION
TB24043638,"10/18/2024, 8:13:13 PM","10/21/2024, 1:09:20 PM",THUNDER BAY,ON,P7E 3V7,100 Block FREDERICA ST W, TBPS] THEFT SUSP STILL PRESENT OR MAY BE IN AREA,Other Theft,THEFT
TB24043409,"10/17/2024, 3:47:57 PM","10/21/2024, 1:09:21 PM",THUNDER BAY,ON,P7B 3Z7,700 Block MEMORIAL AV, TBPS] MOTOR VEHICLE COLLISION 11-10 MVC ANY TYPE,Other,MOTOR VEHICLE COLLISION
TB24043411,"10/17/2024, 3:52:27 PM","10/21/2024, 1:09:21 PM",THUNDER BAY,ON,P7G 1Y6,100 Block HILLDALE PL, TBPS] STOLEN VEHICLE SUSP NOT IN AREA,Theft of Vehicle,STOLEN VEHICLE
TB24043414,"10/17/2024, 4:22:36 PM","10/21/2024, 1:09:21 PM",THUNDER BAY,ON,P7B 6B9,1000 Block FORT WILLIAM RD, TBPS] MOTOR VEHICLE COLLISION 11-10 MVC ANY TYPE,Other,MOTOR VEHICLE COLLISION
TB24043711,"10/19/2024, 6:28:29 AM","10/21/2024, 1:09:21 PM",THUNDER BAY,ON,.,100 Block PEARL ST, TBPS] ASSAULT SUSP PRESENT OR IN AREA,Assault,ASSAULT
TB24043641,"10/18/2024, 8:47:22 PM","10/21/2024, 1:09:21 PM",THUNDER BAY,ON,P0T 2G0,4100 Block OLIVER RD, TBPS] MOTOR VEHICLE COLLISION 11-10 MVC ANY TYPE,Other,MOTOR VEHICLE COLLISION
TB24043642,"10/18/2024, 8:49:48 PM","10/21/2024, 1:09:21 PM",THUNDER BAY,ON,P7C 2W4,VICKERS ST N AND NORTHERN AV, TBPS] MOTOR VEHICLE COLLISION 11-10 MVC ANY TYPE,Other,MOTOR VEHICLE COLLISION
TB24043644,"10/18/2024, 9:51:13 PM","10/21/2024, 1:09:21 PM",THUNDER BAY,ON,P7A 3Y1,200 Block VILLA ST," TBPS] THEFT NOT IN PROGRESS, UNDER 5000",Other Theft,THEFT
TB24043416,"10/17/2024, 4:35:26 PM","10/21/2024, 1:09:22 PM",THUNDER BAY,ON,P7E 2A6,300 Block KINGSWAY, TBPS] MOTOR VEHICLE COLLISION 11-10 MVC ANY TYPE,Other,MOTOR VEHICLE COLLISION
TB24043723,"10/19/2024, 8:20:26 AM","10/21/2024, 1:09:22 PM",THUNDER BAY,ON,P7B 2V7,1 Block JOHNSON AV, TBPS] ASSAULT ACCUSED NOT PRESENT,Assault,ASSAULT
TB24043651,"10/18/2024, 10:38:14 PM","10/21/2024, 1:09:22 PM",THUNDER BAY,ON,P7E 5M8,900 Block ARTHUR ST E, TBPS] ROBBERY NO WEAPONS - SUSP STILL IN AREA,Robbery,ROBBERY
TB24043652,"10/18/2024, 10:42:07 PM","10/21/2024, 1:09:22 PM",THUNDER BAY,ON,P7E,1100 Block DONALD ST E, TBPS] ROBBERY NO WEAPONS - SUSP STILL IN AREA,Robbery,ROBBERY
TB24043653,"10/18/2024, 10:48:10 PM","10/21/2024, 1:09:22 PM",THUNDER BAY,ON,P7C 3J8,600 Block SIMPSON ST, TBPS] B-E BUS/RES/OTH 11-10,Breaking & Entering,B-E BUS/RES/OTH
TB24043422,"10/17/2024, 5:09:19 PM","10/21/2024, 1:09:23 PM",THUNDER BAY,ON,P7B 6P2,200 Block BAY ST, TBPS] ASSAULT ACCUSED NOT PRESENT,Assault,ASSAULT
TB24043426,"10/17/2024, 5:22:30 PM","10/21/2024, 1:09:23 PM",THUNDER BAY,ON,P7E,ARTHUR ST E AND EDWARD ST S, TBPS] MOTOR VEHICLE COLLISION 11-10 MVC ANY TYPE,Other,MOTOR VEHICLE COLLISION
TB24043726,"10/19/2024, 8:52:55 AM","10/21/2024, 1:09:23 PM",THUNDER BAY,ON,P7A 4L8,1 Block CUMBERLAND ST N, TBPS] ASSAULT SUSP PRESENT OR IN AREA,Assault,ASSAULT
TB24043727,"10/19/2024, 10:07:58 AM","10/21/2024, 1:09:23 PM",THUNDER BAY,ON,P7E 6V8,1100 Block ROSSLYN RD, TBPS] MOTOR VEHICLE COLLISION MVC - AMB ENR - DUAL RESP,Other,MOTOR VEHICLE COLLISION
TB24043655,"10/18/2024, 10:59:13 PM","10/21/2024, 1:09:23 PM",THUNDER BAY,ON,.,SECORD ST AND CORNWALL AV, TBPS] MOTOR VEHICLE COLLISION MVC - AMB ENR - DUAL RESP,Other,MOTOR VEHICLE COLLISION
TB24043656,"10/18/2024, 11:11:48 PM","10/21/2024, 1:09:23 PM",THUNDER BAY,ON,P7E 1M8,600 Block MARKS ST S," TBPS] THEFT NOT IN PROGRESS, UNDER 5000",Other Theft,THEFT
TB24043658,"10/18/2024, 11:22:50 PM","10/21/2024, 1:09:23 PM",THUNDER BAY,ON,P7C 3X8,100 Block CENTENNIAL SQ, TBPS] ASSAULT SUSP PRESENT OR IN AREA,Assault,ASSAULT
TB24043435,"10/17/2024, 6:03:11 PM","10/21/2024, 1:09:24 PM",THUNDER BAY,ON,P7B 5J4,1000 Block DAWSON RD," TBPS] MISCHIEF 11-10, MICHIEF UNDER 5000",Other Property Crime,MISCHIEF
TB24043731,"10/19/2024, 10:37:17 AM","10/21/2024, 1:09:24 PM",THUNDER BAY,ON,P7C 4T4,500 Block JAMES ST N, TBPS] B-E BUS/RES/OTH SUSP PRESENT OR MAY STILL BE IN AREA,Breaking & Entering,B-E BUS/RES/OTH
TB24043665,"10/19/2024, 12:07:14 AM","10/21/2024, 1:09:24 PM",THUNDER BAY,ON,P7B 2S4,800 Block FORT WILLIAM RD, TBPS] THEFT SUSP STILL PRESENT OR MAY BE IN AREA,Other Theft,THEFT
TB24043439,"10/17/2024, 6:26:32 PM","10/21/2024, 1:09:25 PM",THUNDER BAY,ON,P7B 3Y6,400 Block MEMORIAL AV," TBPS] THEFT NOT IN PROGRESS, UNDER 5000",Other Theft,THEFT
TB24043442,"10/17/2024, 7:21:53 PM","10/21/2024, 1:09:25 PM",THUNDER BAY,ON,P7B 2L9,1 Block ACADEMY DR, TBPS] B-E BUS/RES/OTH 11-10,Breaking & Entering,B-E BUS/RES/OTH
TB24043742,"10/19/2024, 2:12:34 PM","10/21/2024, 1:09:25 PM",THUNDER BAY,ON,P7B 3V5,200 Block HILL ST S," TBPS] THEFT NOT IN PROGRESS, FROM MOTOR VEHICLE",Theft from Vehicle,THEFT
TB24043437,"10/17/2024, 6:07:44 PM","10/21/2024, 1:09:25 PM",THUNDER BAY,ON,P7C 3N8,100 Block MAY ST N, TBPS] B-E BUS/RES/OTH 11-10,Breaking & Entering,B-E BUS/RES/OTH
TB24043668,"10/19/2024, 12:21:42 AM","10/21/2024, 1:09:25 PM",THUNDER BAY,ON,P7C 1C3,1300 Block VICTORIA AV E, TBPS] DRUG OFFENCES SUSP PRESENT OR MAY STILL BE IN AREA,Quality of Life,DRUG OFFENCES
TB24043671,"10/19/2024, 12:35:38 AM","10/21/2024, 1:09:25 PM",THUNDER BAY,ON,P7B 5L6,300 Block MAIN ST, TBPS] SHOPLIFT IN CUSTODY - NO PROBLEMS,Theft,SHOPLIFT
TB24043449,"10/17/2024, 8:05:12 PM","10/21/2024, 1:09:26 PM",THUNDER BAY,ON,P7A 1L3,300 Block ARUNDEL ST, TBPS] MOTOR VEHICLE COLLISION MVC - AMB ENR - DUAL RESP,Other,MOTOR VEHICLE COLLISION
TB24043452,"10/17/2024, 8:13:23 PM","10/21/2024, 1:09:27 PM",THUNDER BAY,ON,P7B 2H6,BALMORAL ST AND OLIVER RD, TBPS] MOTOR VEHICLE COLLISION 11-10 MVC ANY TYPE,Other,MOTOR VEHICLE COLLISION
TB24043757,"10/19/2024, 5:25:29 PM","10/21/2024, 1:09:27 PM",THUNDER BAY,ON,P7A 2B9,300 Block GRENVILLE AV," TBPS] THEFT NOT IN PROGRESS, FROM MOTOR VEHICLE",Theft from Vehicle,THEFT
TB24043454,"10/17/2024, 8:26:21 PM","10/21/2024, 1:09:28 PM",THUNDER BAY,ON,P7A 8A4,100 Block EAST AV, TBPS] MOTOR VEHICLE COLLISION 11-10 MVC ANY TYPE,Other,MOTOR VEHICLE COLLISION
TB24043456,"10/17/2024, 8:59:08 PM","10/21/2024, 1:09:28 PM",THUNDER BAY,ON,P7A 5M6,BALSAM ST AND RIVER ST, TBPS] MOTOR VEHICLE COLLISION MVC - AMB ENR - DUAL RESP,Other,MOTOR VEHICLE COLLISION
TB24043765,"10/19/2024, 6:11:13 PM","10/21/2024, 1:09:28 PM",THUNDER BAY,ON,P7A 7P5,300 Block COUNTY BLVD, TBPS] MOTOR VEHICLE COLLISION MVC NO INJURIES,Traffic,MOTOR VEHICLE COLLISION
TB24043458,"10/17/2024, 9:02:15 PM","10/21/2024, 1:09:29 PM",THUNDER BAY,ON,P7B 6C9,BALMORAL ST AND LITHIUM DR, TBPS] ASSAULT SUSP PRESENT OR IN AREA,Assault,ASSAULT
TB24043462,"10/17/2024, 9:20:58 PM","10/21/2024, 1:09:31 PM",THUNDER BAY,ON,P7C 3R2,300 Block MAY ST N, TBPS] INDECENT ACTS SUSP PRESENT OR MAY STILL BE IN AREA,Sexual Offense,INDECENT ACTS
TB24043475,"10/17/2024, 10:10:50 PM","10/21/2024, 1:09:36 PM",THUNDER BAY,ON,P7B,CENTRAL AV AND SQUIER ST, TBPS] MOTOR VEHICLE COLLISION 11-10 MVC ANY TYPE,Other,MOTOR VEHICLE COLLISION
TB24043785,"10/19/2024, 9:08:44 PM","10/21/2024, 1:09:37 PM",THUNDER BAY,ON,P7E 1A9,100 Block MAY ST S, TBPS] ASSAULT SUSP PRESENT OR IN AREA,Assault,ASSAULT
TB24043492,"10/17/2024, 11:51:17 PM","10/21/2024, 1:09:39 PM",THUNDER BAY,ON,P7B 1Z7,700 Block JOHN ST, TBPS] TROUBLE WITH YOUTH YOUTHS STILL IN AREA,Quality of Life,TROUBLE WITH YOUTH
TB24043792,"10/19/2024, 10:16:21 PM","10/21/2024, 1:09:39 PM",THUNDER BAY,ON,P7E 5V7,1100 Block LINCOLN ST, TBPS] DRUG OFFENCES SUSP PRESENT OR MAY STILL BE IN AREA,Quality of Life,DRUG OFFENCES
TB24043498,"10/18/2024, 12:08:01 AM","10/21/2024, 1:09:40 PM",THUNDER BAY,ON,P7E 5V7,1100 Block LINCOLN ST, TBPS] DRUG OFFENCES SUSP PRESENT OR MAY STILL BE IN AREA,Quality of Life,DRUG OFFENCES
TB24043493,"10/17/2024, 11:54:57 PM","10/21/2024, 1:09:40 PM",THUNDER BAY,ON,P7C 3R2,300 Block MAY ST N, TBPS] THEFT SUSP STILL PRESENT OR MAY BE IN AREA,Other Theft,THEFT
TB24043795,"10/19/2024, 10:50:40 PM","10/21/2024, 1:09:40 PM",THUNDER BAY,ON,P7E 1A2,SIMPSON ST AND DONALD ST E, TBPS] ASSAULT SUSP PRESENT OR IN AREA,Assault,ASSAULT
TB24043502,"10/18/2024, 12:22:37 AM","10/21/2024, 1:09:42 PM",THUNDER BAY,ON,P7C 4R6,100 Block SHERBROOKE ST, TBPS] ASSAULT ACCUSED NOT PRESENT,Assault,ASSAULT
TB24043513,"10/18/2024, 2:04:24 AM","10/21/2024, 1:09:45 PM",THUNDER BAY,ON,P7B 2Z2,300 Block FORT WILLIAM RD, TBPS] THEFT SUSP STILL PRESENT OR MAY BE IN AREA,Other Theft,THEFT
TB24043514,"10/18/2024, 2:15:21 AM","10/21/2024, 1:09:45 PM",THUNDER BAY,ON,P7B 5Z5,1200 Block BALMORAL ST," TBPS] THEFT NOT IN PROGRESS, UNDER 5000",Other Theft,THEFT
TB24043516,"10/18/2024, 2:26:40 AM","10/21/2024, 1:09:46 PM",THUNDER BAY,ON,P7B 7C6,900 Block CARRICK ST, TBPS] THEFT SUSP STILL PRESENT OR MAY BE IN AREA,Other Theft,THEFT
TB24043515,"10/18/2024, 2:16:53 AM","10/21/2024, 1:09:46 PM",THUNDER BAY,ON,P7B 6J6,100 Block PICTON AV, TBPS] DRUG OFFENCES SUSP PRESENT OR MAY STILL BE IN AREA,Quality of Life,DRUG OFFENCES
TB24043825,"10/20/2024, 2:30:12 AM","10/21/2024, 1:09:46 PM",THUNDER BAY,ON,P7C 5C4,500 Block CHURCHILL DR W, TBPS] LIQUOR LICENCE ACT LIQUOR LICENCE ACT VIOLATION IN PROGRESS,Quality of Life,LIQUOR LICENCE ACT
TB24043517,"10/18/2024, 2:33:12 AM","10/21/2024, 1:09:47 PM",THUNDER BAY,ON,P7C,200 Block LEGION TRACK DR, TBPS] ASSAULT SUSP PRESENT OR IN AREA,Assault,ASSAULT
TB24043518,"10/18/2024, 2:42:34 AM","10/21/2024, 1:09:48 PM",THUNDER BAY,ON,P7E 5R6,600 Block ARTHUR ST W, TBPS] LIQUOR LICENCE ACT LIQUOR LICENCE ACT VIOLATION IN PROGRESS,Quality of Life,LIQUOR LICENCE ACT
TB24043526,"10/18/2024, 3:37:24 AM","10/21/2024, 1:09:51 PM",THUNDER BAY,ON,P7B 2S4,800 Block FORT WILLIAM RD, TBPS] SHOPLIFT IN CUSTODY - NO PROBLEMS,Theft,SHOPLIFT
TB24043530,"10/18/2024, 4:12:50 AM","10/21/2024, 1:09:53 PM",THUNDER BAY,ON,P7C 3J7,600 Block SIMPSON ST, TBPS] B-E BUS/RES/OTH SUSP PRESENT OR MAY STILL BE IN AREA,Breaking & Entering,B-E BUS/RES/OTH
TB24043853,"10/20/2024, 4:29:07 AM","10/21/2024, 1:09:55 PM",THUNDER BAY,ON,P7B 5E3,1000 Block DAWSON RD, TBPS] THEFT SUSP STILL PRESENT OR MAY BE IN AREA,Other Theft,THEFT
TB24043534,"10/18/2024, 5:04:02 AM","10/21/2024, 1:09:55 PM",THUNDER BAY,ON,P7B 6B7,400 Block WINNIPEG AV, TBPS] MOTOR VEHICLE COLLISION MVC NO INJURIES,Traffic,MOTOR VEHICLE COLLISION
TB24043536,"10/18/2024, 5:12:26 AM","10/21/2024, 1:09:56 PM",THUNDER BAY,ON,P7B 6J8,1 Block PICTON AV, TBPS] B-E BUS/RES/OTH SUSP PRESENT OR MAY STILL BE IN AREA,Breaking & Entering,B-E BUS/RES/OTH
TB24043854,"10/20/2024, 4:36:09 AM","10/21/2024, 1:09:56 PM",THUNDER BAY,ON,P7A 4M9,100 Block CUMBERLAND ST N, TBPS] THEFT SUSP STILL PRESENT OR MAY BE IN AREA,Other Theft,THEFT
TB24043857,"10/20/2024, 4:58:35 AM","10/21/2024, 1:09:56 PM",THUNDER BAY,ON,P7A 2K3,100 Block MACDOUGALL ST, TBPS] B-E BUS/RES/OTH SUSP PRESENT OR MAY STILL BE IN AREA,Breaking & Entering,B-E BUS/RES/OTH
TB24043542,"10/18/2024, 6:10:53 AM","10/21/2024, 1:09:57 PM",THUNDER BAY,ON,P7G 2K4,200 Block SAXON DR, TBPS] ASSAULT SUSP PRESENT OR IN AREA,Assault,ASSAULT
TB24043544,"10/18/2024, 6:53:24 AM","10/21/2024, 1:09:58 PM",THUNDER BAY,ON,P7E 5N3,1300 Block ARTHUR ST E, TBPS] ROBBERY NO WEAPONS - SUSP STILL IN AREA,Robbery,ROBBERY
TB24043545,"10/18/2024, 7:02:14 AM","10/21/2024, 1:09:58 PM",THUNDER BAY,ON,P7E 6H2,200 Block AMELIA ST W, TBPS] ARSON SUSP MAY BE PRESENT OR IN AREA,Property Crime,ARSON
TB24043550,"10/18/2024, 8:00:29 AM","10/21/2024, 1:09:59 PM",THUNDER BAY,ON,P7C 1B6,VICTORIA AV E AND VICKERS ST N, TBPS] MOTOR VEHICLE COLLISION MVC NO INJURIES,Traffic,MOTOR VEHICLE COLLISION
TB24043553,"10/18/2024, 8:11:44 AM","10/21/2024, 1:09:59 PM",THUNDER BAY,ON,P7E 5R8,ARTHUR ST W AND MOUNTDALE AV, TBPS] ASSAULT ACCUSED NOT PRESENT,Assault,ASSAULT
TB24043563,"10/18/2024, 10:00:41 AM","10/21/2024, 1:10:03 PM",THUNDER BAY,ON,P7C 1A1,100 Block SIMPSON ST, TBPS] MOTOR VEHICLE COLLISION MVC - AMB ENR - DUAL RESP,Other,MOTOR VEHICLE COLLISION
TB24043564,"10/18/2024, 10:40:45 AM","10/21/2024, 1:10:03 PM",THUNDER BAY,ON,P7A 3V1,300 Block DAWSON ST, TBPS] ASSAULT SUSP PRESENT OR IN AREA,Assault,ASSAULT
TB24043569,"10/18/2024, 12:35:26 PM","10/21/2024, 1:10:06 PM",THUNDER BAY,ON,P7C 2J9,200 Block PRUDEN ST, TBPS] ASSAULT SUSP PRESENT OR IN AREA,Assault,ASSAULT
TB24043571,"10/18/2024, 1:43:45 PM","10/21/2024, 1:10:07 PM",THUNDER BAY,ON,P7B 6H1,FULTON BLVD AND BEVERLY ST, TBPS] MOTOR VEHICLE COLLISION MVC NO INJURIES,Traffic,MOTOR VEHICLE COLLISION
TB24043572,"10/18/2024, 1:45:51 PM","10/21/2024, 1:10:07 PM",THUNDER BAY,ON,P7G 2E8,GOVERNMENT RD AND DAWSON RD, TBPS] MOTOR VEHICLE COLLISION MVC NO INJURIES,Traffic,MOTOR VEHICLE COLLISION
TB24043582,"10/18/2024, 3:22:50 PM","10/21/2024, 1:10:11 PM",THUNDER BAY,ON,P7B 2V7,1 Block JOHNSON AV," TBPS] MISCHIEF 11-10, MICHIEF UNDER 5000",Other Property Crime,MISCHIEF
TB24043587,"10/18/2024, 3:42:06 PM","10/21/2024, 1:10:12 PM",THUNDER BAY,ON,P7B 5L6,300 Block MAIN ST, TBPS] MOTOR VEHICLE COLLISION 11-10 MVC ANY TYPE,Other,MOTOR VEHICLE COLLISION
TB24043588,"10/18/2024, 3:43:47 PM","10/21/2024, 1:10:13 PM",THUNDER BAY,ON,P7E 1M4,400 Block MARKS ST S, TBPS] B-E BUS/RES/OTH 11-10,Breaking & Entering,B-E BUS/RES/OTH
TB24043589,"10/18/2024, 3:44:46 PM","10/21/2024, 1:10:13 PM",THUNDER BAY,ON,P7B 5A5,200 Block STRAND AV, TBPS] MOTOR VEHICLE COLLISION 11-10 MVC ANY TYPE,Other,MOTOR VEHICLE COLLISION
TB24043590,"10/18/2024, 3:50:45 PM","10/21/2024, 1:10:14 PM",THUNDER BAY,ON,P7A 7N1,200 Block COUNTY BLVD, TBPS] MOTOR VEHICLE COLLISION 11-10 MVC ANY TYPE,Other,MOTOR VEHICLE COLLISION
TB24043591,"10/18/2024, 3:55:06 PM","10/21/2024, 1:10:14 PM",THUNDER BAY,ON,P7B,CENTRAL AV AND CARRICK ST, TBPS] MOTOR VEHICLE COLLISION 11-10 MVC ANY TYPE,Other,MOTOR VEHICLE COLLISION
TB24043596,"10/18/2024, 4:09:49 PM","10/21/2024, 1:10:16 PM",THUNDER BAY,ON,P7A 4K8,1000 Block DAWSON RD, TBPS] MOTOR VEHICLE COLLISION 11-10 MVC ANY TYPE,Other,MOTOR VEHICLE COLLISION
TB24043599,"10/18/2024, 4:26:08 PM","10/21/2024, 1:10:16 PM",THUNDER BAY,ON,P7E 6N7,1500 Block JAMES ST S, TBPS] MOTOR VEHICLE COLLISION 11-10 MVC ANY TYPE,Other,MOTOR VEHICLE COLLISION
TB24043601,"10/18/2024, 4:33:05 PM","10/21/2024, 1:10:17 PM",THUNDER BAY,ON,P7B,MEMORIAL AV AND CENTRAL AV, TBPS] MOTOR VEHICLE COLLISION 11-10 MVC ANY TYPE,Other,MOTOR VEHICLE COLLISION
TB24043606,"10/18/2024, 5:22:00 PM","10/21/2024, 1:10:18 PM",THUNDER BAY,ON,J4Y 0K7,500 Block ARTHUR ST W, TBPS] MOTOR VEHICLE COLLISION 11-10 MVC ANY TYPE,Other,MOTOR VEHICLE COLLISION
TB24043610,"10/18/2024, 5:31:56 PM","10/21/2024, 1:10:19 PM",THUNDER BAY,ON,P7A,RIVER ST AND HIGH ST N, TBPS] MOTOR VEHICLE COLLISION 11-10 MVC ANY TYPE,Other,MOTOR VEHICLE COLLISION
TB24043614,"10/18/2024, 5:54:48 PM","10/21/2024, 1:10:21 PM",THUNDER BAY,ON,P7B 3Y6,400 Block MEMORIAL AV, TBPS] LIQUOR LICENCE ACT LIQUOR LICENCE ACT VIOLATION IN PROGRESS,Quality of Life,LIQUOR LICENCE ACT
TB24043615,"10/18/2024, 5:54:55 PM","10/21/2024, 1:10:21 PM",THUNDER BAY,ON,P7B 3Y6,400 Block MEMORIAL AV, TBPS] ASSAULT SUSP PRESENT OR IN AREA,Assault,ASSAULT
TB24044098,"10/21/2024, 11:32:20 PM","10/22/2024, 1:04:04 PM",THUNDER BAY,ON,P7C 3J9,SIMPSON ST AND ROWAND ST, TBPS] MISCHIEF IP PROGRESS/SUPECT IN AREA,Other Property Crime,MISCHIEF
TB24044105,"10/22/2024, 12:52:12 AM","10/22/2024, 1:04:05 PM",THUNDER BAY,ON,P7E 2V9,700 Block JAMES ST S, TBPS] ASSAULT ACCUSED NOT PRESENT,Assault,ASSAULT
TB24044119,"10/22/2024, 2:12:59 AM","10/22/2024, 1:04:06 PM",THUNDER BAY,ON,P7B 1K7,1000 Block DAWSON RD, TBPS] MOTOR VEHICLE COLLISION MVC NO INJURIES,Traffic,MOTOR VEHICLE COLLISION
TB24044120,"10/22/2024, 2:13:56 AM","10/22/2024, 1:04:06 PM",THUNDER BAY,ON,P7B 1A9,200 Block RED RIVER RD, TBPS] MOTOR VEHICLE COLLISION MVC - AMB ENR - DUAL RESP,Other,MOTOR VEHICLE COLLISION
TB24044124,"10/22/2024, 2:42:09 AM","10/22/2024, 1:04:07 PM",THUNDER BAY,ON,P7B 3J2,100 Block BANNING ST, TBPS] DRUG OFFENCES SUSP PRESENT OR MAY STILL BE IN AREA,Quality of Life,DRUG OFFENCES
TB24044128,"10/22/2024, 3:02:52 AM","10/22/2024, 1:04:08 PM",THUNDER BAY,ON,P7E 6L4,1100 Block ARTHUR ST W, TBPS] MOTOR VEHICLE COLLISION MVC - AMB ENR - DUAL RESP,Other,MOTOR VEHICLE COLLISION
TB24044129,"10/22/2024, 3:17:37 AM","10/22/2024, 1:04:08 PM",THUNDER BAY,ON,P7B 3C2,ALGOMA ST S AND CORNWALL AV, TBPS] ASSAULT SUSP PRESENT OR IN AREA,Assault,ASSAULT
TB24044137,"10/22/2024, 4:42:05 AM","10/22/2024, 1:04:09 PM",THUNDER BAY,ON,P7E 5M7,700 Block ARTHUR ST E, TBPS] DRUG OFFENCES SUSP PRESENT OR MAY STILL BE IN AREA,Quality of Life,DRUG OFFENCES
TB24044135,"10/22/2024, 4:09:07 AM","10/22/2024, 1:04:09 PM",THUNDER BAY,ON,P7B 2V7,1 Block JOHNSON AV, TBPS] DRUG OFFENCES SUSP PRESENT OR MAY STILL BE IN AREA,Quality of Life,DRUG OFFENCES
TB24044145,"10/22/2024, 5:28:20 AM","10/22/2024, 1:04:10 PM",THUNDER BAY,ON,P7C 3X3,700 Block SYNDICATE AV N, TBPS] DRUG OFFENCES SUSP PRESENT OR MAY STILL BE IN AREA,Quality of Life,DRUG OFFENCES
TB24044147,"10/22/2024, 5:41:02 AM","10/22/2024, 1:04:10 PM",THUNDER BAY,ON,P7E 5V7,1100 Block LINCOLN ST, TBPS] ROBBERY NO WEAPONS - SUSP STILL IN AREA,Robbery,ROBBERY
TB24044150,"10/22/2024, 6:04:31 AM","10/22/2024, 1:04:10 PM",THUNDER BAY,ON,P7E 5R5,500 Block ARTHUR ST W, TBPS] LIQUOR LICENCE ACT LIQUOR LICENCE ACT VIOLATION IN PROGRESS,Quality of Life,LIQUOR LICENCE ACT
TB24043931,"10/20/2024, 9:16:22 PM","10/22/2024, 1:04:14 PM",THUNDER BAY,ON,P7B 4H1,1 Block HODGE ST, TBPS] DRUG OFFENCES SUSP PRESENT OR MAY STILL BE IN AREA,Quality of Life,DRUG OFFENCES
TB24043975,"10/21/2024, 2:52:28 AM","10/22/2024, 1:04:19 PM",THUNDER BAY,ON,P7C 1G6,400 Block VICTORIA AV W, TBPS] THEFT SUSP STILL PRESENT OR MAY BE IN AREA,Other Theft,THEFT
TB24044012,"10/21/2024, 8:52:22 AM","10/22/2024, 1:04:24 PM",THUNDER BAY,ON,P7B 4A8,500 Block SQUIER ST, TBPS] B-E BUS/RES/OTH SUSP PRESENT OR MAY STILL BE IN AREA,Breaking & Entering,B-E BUS/RES/OTH
TB24044020,"10/21/2024, 12:13:43 PM","10/22/2024, 1:04:25 PM",THUNDER BAY,ON,P7E 5R5,500 Block ARTHUR ST W, TBPS] LIQUOR LICENCE ACT LIQUOR LICENCE ACT VIOLATION IN PROGRESS,Quality of Life,LIQUOR LICENCE ACT
TB24044032,"10/21/2024, 2:35:32 PM","10/22/2024, 1:04:26 PM",THUNDER BAY,ON,P7B 6B9,1000 Block FORT WILLIAM RD, TBPS] MOTOR VEHICLE COLLISION 11-10 MVC ANY TYPE,Other,MOTOR VEHICLE COLLISION
TB24044033,"10/21/2024, 2:41:14 PM","10/22/2024, 1:04:26 PM",THUNDER BAY,ON,P7B,MEMORIAL AV AND HARBOUR EXPRESSWAY, TBPS] MOTOR VEHICLE COLLISION 11-10 MVC ANY TYPE,Other,MOTOR VEHICLE COLLISION
TB24044035,"10/21/2024, 2:54:27 PM","10/22/2024, 1:04:27 PM",THUNDER BAY,ON,P7K 1K2,1200 Block HAWKER RD, TBPS] MOTOR VEHICLE COLLISION 11-10 MVC ANY TYPE,Other,MOTOR VEHICLE COLLISION
TB24044034,"10/21/2024, 2:47:21 PM","10/22/2024, 1:04:27 PM",THUNDER BAY,ON,P7G 1H8,DAWSON RD AND HAZELWOOD DR, TBPS] MOTOR VEHICLE COLLISION 11-10 MVC ANY TYPE,Other,MOTOR VEHICLE COLLISION
TB24044040,"10/21/2024, 3:33:45 PM","10/22/2024, 1:04:27 PM",THUNDER BAY,ON,P7G 2K1,6400 Block MAPLEWARD RD, TBPS] MOTOR VEHICLE COLLISION 11-10 MVC ANY TYPE,Other,MOTOR VEHICLE COLLISION
TB24044041,"10/21/2024, 3:37:22 PM","10/22/2024, 1:04:28 PM",THUNDER BAY,ON,P7C,PORCUPINE BLVD AND PARKDALE BV, TBPS] MOTOR VEHICLE COLLISION 11-10 MVC ANY TYPE,Other,MOTOR VEHICLE COLLISION
TB24044044,"10/21/2024, 4:09:41 PM","10/22/2024, 1:04:28 PM",THUNDER BAY,ON,P7C 1E1,WATERLOO ST N AND VICTORIA AV E, TBPS] MOTOR VEHICLE COLLISION 11-10 MVC ANY TYPE,Other,MOTOR VEHICLE COLLISION
TB24044046,"10/21/2024, 4:25:55 PM","10/22/2024, 1:04:28 PM",THUNDER BAY,ON,P7B 6B9,FORT WILLIAM RD AND ISABEL ST, TBPS] MOTOR VEHICLE COLLISION 11-10 MVC ANY TYPE,Other,MOTOR VEHICLE COLLISION
TB24044047,"10/21/2024, 4:42:46 PM","10/22/2024, 1:04:28 PM",THUNDER BAY,ON,P7C,GOLF LINKS RD AND HARBOUR EXPRESSWAY, TBPS] MOTOR VEHICLE COLLISION MVC NO INJURIES,Traffic,MOTOR VEHICLE COLLISION
TB24044060,"10/21/2024, 5:59:06 PM","10/22/2024, 1:04:29 PM",THUNDER BAY,ON,P7B 4A4,1000 Block MEMORIAL AV, TBPS] MOTOR VEHICLE COLLISION 11-10 MVC ANY TYPE,Other,MOTOR VEHICLE COLLISION
TB24044061,"10/21/2024, 6:27:15 PM","10/22/2024, 1:04:29 PM",THUNDER BAY,ON,P7E 5V3,500 Block DONALD ST E," TBPS] MISCHIEF IP/SUSP IN AREA, UNDER 5,000",Other Property Crime,MISCHIEF
TB24044066,"10/21/2024, 6:56:53 PM","10/22/2024, 1:04:30 PM",THUNDER BAY,ON,P7E 2V9,GORDON ST AND JAMES ST S, TBPS] MOTOR VEHICLE COLLISION MVC NO INJURIES,Traffic,MOTOR VEHICLE COLLISION
TB24044069,"10/21/2024, 7:01:52 PM","10/22/2024, 1:04:30 PM",THUNDER BAY,ON,P7E 5S2,1100 Block ARTHUR ST W, TBPS] MOTOR VEHICLE COLLISION 11-10 MVC ANY TYPE,Other,MOTOR VEHICLE COLLISION
TB24044068,"10/21/2024, 6:58:48 PM","10/22/2024, 1:04:30 PM",THUNDER BAY,ON,P7B 7C8,600 Block RED RIVER RD, TBPS] MOTOR VEHICLE COLLISION 11-10 MVC ANY TYPE,Other,MOTOR VEHICLE COLLISION
TB24044076,"10/21/2024, 8:38:02 PM","10/22/2024, 1:04:31 PM",THUNDER BAY,ON,P7B 5J4,1000 Block DAWSON RD, TBPS] MOTOR VEHICLE COLLISION 11-10 MVC ANY TYPE,Other,MOTOR VEHICLE COLLISION
TB24044078,"10/21/2024, 8:43:04 PM","10/22/2024, 1:04:31 PM",THUNDER BAY,ON,P7B 6S2,700 Block MEMORIAL AV, TBPS] MOTOR VEHICLE COLLISION 11-10 MVC ANY TYPE,Other,MOTOR VEHICLE COLLISION
TB24044081,"10/21/2024, 8:57:37 PM","10/22/2024, 1:04:32 PM",THUNDER BAY,ON,P7B 2W3,COURT ST S AND PARK AV, TBPS] MOTOR VEHICLE COLLISION MVC NO INJURIES,Traffic,MOTOR VEHICLE COLLISION
TB24043405,"10/17/2024, 3:10:09 PM","10/22/2024, 1:04:37 PM",THUNDER BAY,ON,P7C 2X4,300 Block WILLIAM ST, TBPS] ARSON 11-10 ARSON,Other Property Crime,ARSON
TB24044107,"10/22/2024, 1:12:36 AM","10/22/2024, 1:05:09 PM",THUNDER BAY,ON,P7A,ARUNDEL ST AND LYON BLVD W, TBPS] MOTOR VEHICLE COLLISION 11-10 MVC ANY TYPE,Other,MOTOR VEHICLE COLLISION
TB24044112,"10/22/2024, 1:53:47 AM","10/22/2024, 1:05:09 PM",THUNDER BAY,ON,P7B,FORT WILLIAM RD AND CENTRAL AV, TBPS] MOTOR VEHICLE COLLISION MVC NO INJURIES,Traffic,MOTOR VEHICLE COLLISION
TB24044318,"10/23/2024, 4:25:02 AM","10/23/2024, 1:08:17 PM",THUNDER BAY,ON,P7E 5V3,500 Block DONALD ST E, TBPS] MOTOR VEHICLE COLLISION MVC - AMB ENR - DUAL RESP,Other,MOTOR VEHICLE COLLISION
TB24044317,"10/23/2024, 4:21:43 AM","10/23/2024, 1:08:17 PM",THUNDER BAY,ON,P7E 6L5,1100 Block ARTHUR ST W, TBPS] ASSAULT SUSP PRESENT OR IN AREA,Assault,ASSAULT
TB24044261,"10/22/2024, 11:29:01 PM","10/23/2024, 1:08:18 PM",THUNDER BAY,ON,P7C 4S8,1 Block LIMBRICK ST, TBPS] DRUG OFFENCES SUSP PRESENT OR MAY STILL BE IN AREA,Quality of Life,DRUG OFFENCES
TB24044285,"10/23/2024, 1:34:29 AM","10/23/2024, 1:08:18 PM",THUNDER BAY,ON,P7E 5V6,1000 Block DONALD ST E, TBPS] DRUG OFFENCES SUSP PRESENT OR MAY STILL BE IN AREA,Quality of Life,DRUG OFFENCES
TB24044269,"10/22/2024, 11:52:41 PM","10/23/2024, 1:08:18 PM",THUNDER BAY,ON,P7B 3Z7,700 Block MEMORIAL AV, TBPS] ASSAULT SUSP PRESENT OR IN AREA,Assault,ASSAULT
TB24044291,"10/23/2024, 2:09:56 AM","10/23/2024, 1:08:18 PM",THUNDER BAY,ON,P7C 2W4,NORTHERN AV AND VICKERS ST N, TBPS] MOTOR VEHICLE COLLISION MVC NO INJURIES,Traffic,MOTOR VEHICLE COLLISION
TB24044229,"10/22/2024, 7:28:54 PM","10/23/2024, 1:08:19 PM",THUNDER BAY,ON,P7B 2X7,CORNWALL AV AND COURT ST S, TBPS] ASSAULT SUSP PRESENT OR IN AREA,Assault,ASSAULT
TB24044192,"10/22/2024, 4:19:22 PM","10/23/2024, 1:08:20 PM",THUNDER BAY,ON,P7B 5L4,1 Block CUMBERLAND ST S, TBPS] MOTOR VEHICLE COLLISION 11-10 MVC ANY TYPE,Other,MOTOR VEHICLE COLLISION
TB24044224,"10/22/2024, 7:10:54 PM","10/23/2024, 1:08:20 PM",THUNDER BAY,ON,P7B 3C2,200 Block ALGOMA ST S, TBPS] STOLEN VEHICLE SUSP NOT IN AREA,Theft of Vehicle,STOLEN VEHICLE
TB24044225,"10/22/2024, 7:18:54 PM","10/23/2024, 1:08:20 PM",THUNDER BAY,ON,.,RIVER ST AND ALGOMA ST N, TBPS] MOTOR VEHICLE COLLISION 11-10 MVC ANY TYPE,Other,MOTOR VEHICLE COLLISION
TB24044172,"10/22/2024, 2:12:31 PM","10/23/2024, 1:08:21 PM",THUNDER BAY,ON,P7B 3Y2,300 Block MEMORIAL AV, TBPS] LIQUOR LICENCE ACT LIQUOR LICENCE ACT VIOLATION IN PROGRESS,Quality of Life,LIQUOR LICENCE ACT
TB24044190,"10/22/2024, 4:16:40 PM","10/23/2024, 1:08:21 PM",THUNDER BAY,ON,P7A 4K8,1 Block CUMBERLAND ST N, TBPS] MOTOR VEHICLE COLLISION 11-10 MVC ANY TYPE,Other,MOTOR VEHICLE COLLISION
TB24044191,"10/22/2024, 4:17:52 PM","10/23/2024, 1:08:21 PM",THUNDER BAY,ON,P7B 7A5,1000 Block OLIVER RD, TBPS] MOTOR VEHICLE COLLISION 11-10 MVC ANY TYPE,Other,MOTOR VEHICLE COLLISION
TB24044193,"10/22/2024, 4:20:28 PM","10/23/2024, 1:08:21 PM",THUNDER BAY,ON,P7A 6A9,WINDEMERE AV N AND CARRIE ST, TBPS] MOTOR VEHICLE COLLISION 11-10 MVC ANY TYPE,Other,MOTOR VEHICLE COLLISION
TB24044195,"10/22/2024, 4:24:08 PM","10/23/2024, 1:08:21 PM",THUNDER BAY,ON,P7A 7T8,ADELAIDE ST AND LESLIE AV, TBPS] MOTOR VEHICLE COLLISION 11-10 MVC ANY TYPE,Other,MOTOR VEHICLE COLLISION
TB24044203,"10/22/2024, 4:58:37 PM","10/23/2024, 1:08:21 PM",THUNDER BAY,ON,P7A 4P1,CUMBERLAND ST N AND EGAN ST, TBPS] MOTOR VEHICLE COLLISION 11-10 MVC ANY TYPE,Other,MOTOR VEHICLE COLLISION
TB24044206,"10/22/2024, 5:14:34 PM","10/23/2024, 1:08:21 PM",THUNDER BAY,ON,P7B 6P1,DAWSON RD AND REGINA AV, TBPS] MOTOR VEHICLE COLLISION 11-10 MVC ANY TYPE,Other,MOTOR VEHICLE COLLISION
TB24044213,"10/22/2024, 6:04:49 PM","10/23/2024, 1:08:21 PM",THUNDER BAY,ON,P7E,WALSH ST E AND WATERLOO ST S, TBPS] MOTOR VEHICLE COLLISION 11-10 MVC ANY TYPE,Other,MOTOR VEHICLE COLLISION
TB24044215,"10/22/2024, 6:14:19 PM","10/23/2024, 1:08:21 PM",THUNDER BAY,ON,P7B,CENTRAL AV AND FIELD ST, TBPS] MOTOR VEHICLE COLLISION MVC NO INJURIES,Traffic,MOTOR VEHICLE COLLISION
TB24044216,"10/22/2024, 6:15:24 PM","10/23/2024, 1:08:21 PM",THUNDER BAY,ON,P7E 4Y8,1400 Block MOODIE ST E, TBPS] MOTOR VEHICLE COLLISION 11-10 MVC ANY TYPE,Other,MOTOR VEHICLE COLLISION
TB24044118,"10/22/2024, 2:11:10 AM","10/23/2024, 1:08:22 PM",THUNDER BAY,ON,P7B 1R3,200 Block BAY ST, TBPS] ASSAULT ACCUSED NOT PRESENT,Assault,ASSAULT
TB24044168,"10/22/2024, 10:21:35 AM","10/23/2024, 1:08:22 PM",THUNDER BAY,ON,P7A 4S2,500 Block CUMBERLAND ST N," TBPS] MISCHIEF IP/SUSP IN AREA, UNDER 5,000",Other Property Crime,MISCHIEF
TB24044149,"10/22/2024, 5:52:26 AM","10/23/2024, 1:08:22 PM",THUNDER BAY,ON,P7E 1E2,300 Block SYNDICATE AV S, TBPS] ASSAULT ACCUSED NOT PRESENT,Assault,ASSAULT
TB24044183,"10/22/2024, 3:55:24 PM","10/23/2024, 1:08:22 PM",THUNDER BAY,ON,P7C 3R9,700 Block MAY ST N," TBPS] MISCHIEF 11-10, MICHIEF UNDER 5000",Other Property Crime,MISCHIEF
TB24043477,"10/17/2024, 10:16:34 PM","10/23/2024, 1:08:23 PM",THUNDER BAY,ON,P7G 2J1,500 Block HILLDALE RD, TBPS] MOTOR VEHICLE COLLISION 11-10 MVC ANY TYPE,Other,MOTOR VEHICLE COLLISION
TB24043413,"10/17/2024, 4:12:37 PM","10/23/2024, 1:08:23 PM",THUNDER BAY,ON,P7C 2S2,500 Block PACIFIC AV, TBPS] B-E BUS/RES/OTH 11-10,Breaking & Entering,B-E BUS/RES/OTH
TB24044425,"10/23/2024, 10:58:33 PM","10/24/2024, 1:02:58 PM",THUNDER BAY,ON,P7E 5V6,1000 Block DONALD ST E, TBPS] DRUG OFFENCES SUSP PRESENT OR MAY STILL BE IN AREA,Quality of Life,DRUG OFFENCES
TB24044427,"10/23/2024, 11:00:00 PM","10/24/2024, 1:02:58 PM",THUNDER BAY,ON,P7B 4J5,1 Block TRILLIUM WAY, TBPS] ASSAULT SUSP PRESENT OR IN AREA,Assault,ASSAULT
TB24044441,"10/24/2024, 1:26:41 AM","10/24/2024, 1:02:58 PM",THUNDER BAY,ON,P7A 4K8,1000 Block DAWSON RD, TBPS] ROBBERY WEAPONS - SUSP STILL IN AREA,Robbery,ROBBERY
TB24044460,"10/24/2024, 3:33:21 AM","10/24/2024, 1:02:58 PM",THUNDER BAY,ON,P7B 3X9,400 Block RUPERT ST, TBPS] B-E BUS/RES/OTH SUSP PRESENT OR MAY STILL BE IN AREA,Breaking & Entering,B-E BUS/RES/OTH
TB24044445,"10/24/2024, 1:45:45 AM","10/24/2024, 1:02:58 PM",THUNDER BAY,ON,P7B 4A1,900 Block MEMORIAL AV, TBPS] THEFT SUSP STILL PRESENT OR MAY BE IN AREA,Other Theft,THEFT
TB24044465,"10/24/2024, 4:22:45 AM","10/24/2024, 1:02:58 PM",THUNDER BAY,ON,P7A 2B3,300 Block GRENVILLE AV, TBPS] LIQUOR LICENCE ACT LIQUOR LICENCE ACT VIOLATION IN PROGRESS,Quality of Life,LIQUOR LICENCE ACT
TB24044485,"10/24/2024, 8:08:14 AM","10/24/2024, 1:02:58 PM",THUNDER BAY,ON,P7B 5Z5,1200 Block BALMORAL ST, TBPS] LIQUOR LICENCE ACT LIQUOR LICENCE ACT VIOLATION IN PROGRESS,Quality of Life,LIQUOR LICENCE ACT
TB24044391,"10/23/2024, 6:10:15 PM","10/24/2024, 1:02:59 PM",THUNDER BAY,ON,P7B,CENTRAL AV AND FIELD ST, TBPS] MOTOR VEHICLE COLLISION 11-10 MVC ANY TYPE,Other,MOTOR VEHICLE COLLISION
TB24044401,"10/23/2024, 7:55:41 PM","10/24/2024, 1:02:59 PM",THUNDER BAY,ON,P7E 5R8,600 Block ARTHUR ST W, TBPS] LIQUOR LICENCE ACT LIQUOR LICENCE ACT VIOLATION IN PROGRESS,Quality of Life,LIQUOR LICENCE ACT
TB24044417,"10/23/2024, 9:52:12 PM","10/24/2024, 1:02:59 PM",THUNDER BAY,ON,P7B 5W6,500 Block BEVERLY ST," TBPS] THEFT NOT IN PROGRESS, UNDER 5000",Other Theft,THEFT
TB24044419,"10/23/2024, 10:01:48 PM","10/24/2024, 1:02:59 PM",THUNDER BAY,ON,P7B 3Y1,400 Block RUPERT ST, TBPS] DRUG OFFENCES SUSP PRESENT OR MAY STILL BE IN AREA,Quality of Life,DRUG OFFENCES
TB24044431,"10/23/2024, 11:49:09 PM","10/24/2024, 1:02:59 PM",THUNDER BAY,ON,P7C 2V5,NORTHERN AV AND SIMPSON ST, TBPS] MOTOR VEHICLE COLLISION MVC NO INJURIES,Traffic,MOTOR VEHICLE COLLISION
TB24044444,"10/24/2024, 1:42:42 AM","10/24/2024, 1:02:59 PM",THUNDER BAY,ON,P7E 4C1,200 Block FRANCIS ST W, TBPS] STOLEN VEHICLE SUSP NOT IN AREA,Theft of Vehicle,STOLEN VEHICLE
TB24044438,"10/24/2024, 1:08:17 AM","10/24/2024, 1:02:59 PM",THUNDER BAY,ON,P7C 4P7,400 Block EDWARD ST N, TBPS] SHOPLIFT IN CUSTODY - NO PROBLEMS,Theft,SHOPLIFT
TB24044376,"10/23/2024, 4:31:28 PM","10/24/2024, 1:03:00 PM",THUNDER BAY,ON,P7B,CENTRAL AV AND FORT WILLIAM RD, TBPS] MOTOR VEHICLE COLLISION 11-10 MVC ANY TYPE,Other,MOTOR VEHICLE COLLISION
TB24044385,"10/23/2024, 5:13:07 PM","10/24/2024, 1:03:00 PM",THUNDER BAY,ON,P7B 5Z5,1200 Block BALMORAL ST," TBPS] THEFT NOT IN PROGRESS, FROM MOTOR VEHICLE",Theft from Vehicle,THEFT
TB24044387,"10/23/2024, 5:29:53 PM","10/24/2024, 1:03:00 PM",THUNDER BAY,ON,P7A 7S7,300 Block WENTWORTH CR, TBPS] MOTOR VEHICLE COLLISION 11-10 MVC ANY TYPE,Other,MOTOR VEHICLE COLLISION
TB24044463,"10/24/2024, 4:19:37 AM","10/24/2024, 1:03:00 PM",THUNDER BAY,ON,P7E 5M8,900 Block ARTHUR ST E, TBPS] ROBBERY NO WEAPONS - SUSP STILL IN AREA,Robbery,ROBBERY
TB24044355,"10/23/2024, 12:50:33 PM","10/24/2024, 1:03:01 PM",THUNDER BAY,ON,P7B 6V4,900 Block OLIVER RD, TBPS] ASSAULT ACCUSED NOT PRESENT,Assault,ASSAULT
TB24044375,"10/23/2024, 4:26:13 PM","10/24/2024, 1:03:01 PM",THUNDER BAY,ON,P7G 2H9,200 Block WARDROPE AV, TBPS] MOTOR VEHICLE COLLISION 11-10 MVC ANY TYPE,Other,MOTOR VEHICLE COLLISION
TB24044364,"10/23/2024, 4:01:12 PM","10/24/2024, 1:03:01 PM",THUNDER BAY,ON,P7B 6V1,900 Block WILLIAM ST, TBPS] MOTOR VEHICLE COLLISION 11-10 MVC ANY TYPE,Other,MOTOR VEHICLE COLLISION
TB24044367,"10/23/2024, 4:07:32 PM","10/24/2024, 1:03:01 PM",THUNDER BAY,ON,P7B 5T9,BALMORAL ST AND HEWITSON ST, TBPS] MOTOR VEHICLE COLLISION MVC - AMB ENR - DUAL RESP,Other,MOTOR VEHICLE COLLISION
TB24044382,"10/23/2024, 5:01:26 PM","10/24/2024, 1:03:01 PM",THUNDER BAY,ON,P7B,QUEEN ST AND ONTARIO ST, TBPS] MOTOR VEHICLE COLLISION 11-10 MVC ANY TYPE,Other,MOTOR VEHICLE COLLISION
TB24044406,"10/23/2024, 8:42:40 PM","10/24/2024, 1:03:01 PM",THUNDER BAY,ON,P7G 1H9,JOHN ST. RD AND MOORE AV, TBPS] MOTOR VEHICLE COLLISION MVC NO INJURIES,Traffic,MOTOR VEHICLE COLLISION
TB24044243,"10/22/2024, 9:06:59 PM","10/24/2024, 1:03:02 PM",THUNDER BAY,ON,P7J 1H5,2100 Block FALCONCREST DR, TBPS] ASSAULT ACCUSED NOT PRESENT,Assault,ASSAULT
TB24044342,"10/23/2024, 7:38:38 AM","10/24/2024, 1:03:02 PM",THUNDER BAY,ON,P7B 2V8,1 Block JOHNSON AV, TBPS] ASSAULT SUSP PRESENT OR IN AREA,Assault,ASSAULT
TB24044348,"10/23/2024, 9:12:12 AM","10/24/2024, 1:03:02 PM",THUNDER BAY,ON,P7B 2T1,1 Block CUMBERLAND ST S, TBPS] ASSAULT ACCUSED NOT PRESENT,Assault,ASSAULT
TB24044359,"10/23/2024, 2:45:19 PM","10/24/2024, 1:03:02 PM",THUNDER BAY,ON,P7B 1H8,RED RIVER RD AND ROCKWOOD AV N, TBPS] MOTOR VEHICLE COLLISION MVC - AMB ENR - DUAL RESP,Other,MOTOR VEHICLE COLLISION
