{"type":"FeatureCollection","crs":{"type":"name","properties":{"name":"EPSG:4326"}},"features":[{"type":"Feature","id":1,"geometry":{"type":"Polygon","coordinates":[[[-89.1877232761225,48.4100435074424],[-89.1877429697726,48.4100436816649],[-89.2165075691971,48.4094912055827],[-89.2165260689388,48.4095335756018],[-89.2166321180787,48.4095516587441],[-89.2168031958205,48.4095808336209],[-89.2168118291055,48.4095823047286],[-89.2174493069571,48.4095817425867],[-89.2174522110184,48.4095817396786],[-89.219189010227,48.4095801928934],[-89.2191891236946,48.4095743865202],[-89.2191905611991,48.4094990960359],[-89.2191914843287,48.4094507634085],[-89.2194439403187,48.4093578995774],[-89.2198907482669,48.4093430670934],[-89.2199013830247,48.4093440413721],[-89.2199119594496,48.4093452588043],[-89.2199224718666,48.4093467132012],[-89.2199329042291,48.4093484084717],[-89.2199432388271,48.4093503413587],[-89.2199534700249,48.4093525065726],[-89.2199635816583,48.4093549053251],[-89.2199735668197,48.4093575341507],[-89.2199834090317,48.4093603870694],[-89.2199930989209,48.4093634660615],[-89.2200026252937,48.4093667623458],[-89.2200119773088,48.409370275232],[-89.2200211411114,48.4093739968899],[-89.2200301098717,48.4093779256519],[-89.2200388699306,48.4093820581827],[-89.2200474102118,48.4093863883982],[-89.2200557263905,48.4093909100837],[-89.2200638019503,48.4093956163601],[-89.2200716328404,48.4094005073058],[-89.2200792051665,48.4094055741917],[-89.2200865159541,48.4094108107771],[-89.2200935486866,48.409416210183],[-89.2201003017397,48.4094217661426],[-89.2201067640763,48.4094274734708],[-89.2201120866372,48.4094297550198],[-89.2201175186473,48.409431912092],[-89.2201230602242,48.4094339473842],[-89.2201287029529,48.409435853861],[-89.2201344399646,48.4094376289557],[-89.2201387758332,48.4094388516694],[-89.220140268637,48.4094392745186],[-89.2201461739213,48.4094407863412],[-89.2201521529602,48.40944216088],[-89.2201582030924,48.4094433990859],[-89.220164312087,48.4094444993957],[-89.2201704704138,48.4094454601937],[-89.2201766780335,48.4094462805811],[-89.2201829239873,48.4094469571704],[-89.2201892029523,48.4094474918638],[-89.2201955027369,48.409447883997],[-89.220201820523,48.4094481309251],[-89.2202081456649,48.4094482364527],[-89.2202144711763,48.4094481953161],[-89.2202207945133,48.4094480111634],[-89.2202271007053,48.4094476815845],[-89.2202333899088,48.4094472101752],[-89.2202396498538,48.4094465944732],[-89.2202458752959,48.4094458381787],[-89.2202520567438,48.4094449405752],[-89.2202581901076,48.4094439008419],[-89.2202642661702,48.4094427245552],[-89.2202702766733,48.4094414082756],[-89.2202762191513,48.409439957449],[-89.2202820801013,48.4094383723363],[-89.2202856074324,48.4094373208303],[-89.2202878554725,48.4094366530155],[-89.2202935414489,48.4094348049588],[-89.2205772576368,48.4093461019221],[-89.2205914490768,48.4093451162235],[-89.220840673086,48.4093278093029],[-89.2208431610672,48.4093277171723],[-89.2208439902086,48.4093275787976],[-89.2208572345113,48.4093266599412],[-89.2208705961547,48.4093231610793],[-89.2209796267935,48.4092946034044],[-89.2210504417506,48.4092760527181],[-89.2211122029786,48.4092822395818],[-89.2211658844964,48.4092674360053],[-89.2211762923549,48.4092723832755],[-89.2211898961824,48.4092788478535],[-89.221207603553,48.4092671836095],[-89.221227597808,48.4092540068286],[-89.2212285837077,48.4092536512868],[-89.221229586829,48.4092533188053],[-89.2212306030035,48.4092530067657],[-89.2212316365565,48.4092527213824],[-89.2212326860591,48.4092524608836],[-89.2212337472256,48.4092522199537],[-89.2212348231874,48.4092520084292],[-89.2212359041793,48.409251819301],[-89.2212369971093,48.4092516560344],[-89.2212380979657,48.4092515196068],[-89.221239207903,48.4092514054972],[-89.2212403217943,48.4092513201026],[-89.2212414340426,48.4092512590326],[-89.2212425556068,48.4092512256744],[-89.2212436754889,48.4092512157418],[-89.2212447938848,48.4092512337296],[-89.2212459133382,48.4092512759899],[-89.2212470285266,48.4092513444247],[-89.2212481421112,48.4092514380831],[-89.221249247419,48.4092515588934],[-89.2212503429823,48.4092517041847],[-89.2212514370201,48.4092518764975],[-89.2212525144838,48.4092520716237],[-89.2212535863712,48.4092522938496],[-89.2212546416844,48.409252538889],[-89.2212556859028,48.4092528084355],[-89.2212567177153,48.4092531034141],[-89.2212577315642,48.4092534203333],[-89.2212587288388,48.409253760066],[-89.2212597068779,48.4092541235632],[-89.2212606643703,48.4092545117501],[-89.2212616024312,48.4092549192067],[-89.2212625170883,48.4092553478092],[-89.2212634124706,48.4092557992773],[-89.2212642803198,48.4092562701716],[-89.2212651246477,48.4092567595149],[-89.2212659428711,48.4092572700562],[-89.2212662101136,48.4092574484405],[-89.2212667334831,48.4092577982258],[-89.2212674938224,48.4092583449747],[-89.2212682277831,48.4092589066289],[-89.2212689314709,48.4092594868624],[-89.2212696048469,48.4092600847763],[-89.2212702462865,48.4092606941038],[-89.2212708560639,48.4092613211378],[-89.2212709939341,48.4092614768282],[-89.2212714299716,48.4092619623606],[-89.221271973254,48.4092626140719],[-89.2212724833281,48.409263279021],[-89.2212729560255,48.409263954589],[-89.2212733940468,48.4092646407238],[-89.2212737946524,48.4092653365786],[-89.2212741605818,48.4092660430002],[-89.2212737658588,48.4092978616245],[-89.2212711062354,48.4095112111644],[-89.221293944615,48.4095681425074],[-89.2212983946637,48.4095792420527],[-89.2229144442933,48.4095798712126],[-89.2229116777696,48.409463771694],[-89.2230115654318,48.4094702984952],[-89.2230241232945,48.4094713027933],[-89.2230366238018,48.4094726033115],[-89.2230490476581,48.4094741914255],[-89.2230613800497,48.4094760683213],[-89.2230736033058,48.4094782316414],[-89.2230857118295,48.4094806769953],[-89.2230976798873,48.409483403081],[-89.223109500532,48.4094864055342],[-89.2231211532744,48.4094896793525],[-89.2231326314026,48.4094932255655],[-89.2231439128418,48.4094970338032],[-89.2231440502607,48.4094970860307],[-89.2231549881404,48.4095011042483],[-89.2231658433643,48.4095054272732],[-89.2231764662829,48.4095100013148],[-89.2231868403794,48.4095148194946],[-89.2231969587063,48.4095198774484],[-89.2232068059404,48.4095251646756],[-89.2232163658391,48.4095306805905],[-89.2232256324917,48.4095364136109],[-89.22323459081,48.4095423586301],[-89.2232432351184,48.4095485094598],[-89.2232515488217,48.4095548574235],[-89.2232595261657,48.409561394535],[-89.2232671519838,48.4095681138896],[-89.2232744244552,48.4095750047257],[-89.223281329881,48.4095820628096],[-89.2232878595714,48.4095892748133],[-89.2232940066181,48.4095966372715],[-89.223299767693,48.4096041358529],[-89.2233051249681,48.409611764604],[-89.2233100874639,48.4096195134534],[-89.2233146331052,48.409627372031],[-89.2233187683297,48.4096353330147],[-89.2233224791247,48.4096433849788],[-89.2233257663306,48.4096515162105],[-89.2233286269722,48.4096597204693],[-89.223331052438,48.4096679862252],[-89.2233330436076,48.4096763026642],[-89.2233345975056,48.409684663546],[-89.2233357160483,48.4096930508386],[-89.2233363869655,48.4097014620802],[-89.2233366190422,48.4097098818054],[-89.2233418565512,48.4097423104454],[-89.2233454860057,48.4097748349529],[-89.2233475127031,48.4098074219354],[-89.2233475605777,48.4098110604349],[-89.2233479283207,48.4098400355646],[-89.2233467393496,48.4098726388258],[-89.2233439377414,48.4099052021834],[-89.2233395365425,48.4099376839972],[-89.2233335289373,48.4099700520084],[-89.2233259295971,48.4100022708434],[-89.2233167479095,48.41003430793],[-89.2233059890158,48.4100661262794],[-89.2232936662763,48.4100976914429],[-89.223337675771,48.4101642541459],[-89.2233394841328,48.4101653420551],[-89.2233413500254,48.4101663856647],[-89.2233432693981,48.4101673850532],[-89.223345236928,48.410168342123],[-89.2233472523799,48.41016925148],[-89.2233493172609,48.4101701166943],[-89.2233514219229,48.4101709334535],[-89.2233535689881,48.4101716999076],[-89.2233557572239,48.4101724187796],[-89.2233579782931,48.4101730848322],[-89.223360233703,48.4101737016352],[-89.2233625191674,48.4101742638731],[-89.2233648295204,48.4101747770442],[-89.2233671684991,48.4101752338783],[-89.2233695321312,48.4101756362518],[-89.2233719097318,48.4101759870702],[-89.2233743065062,48.4101762817344],[-89.2233767170139,48.4101765194499],[-89.2233791374785,48.4101767065876],[-89.2233815675472,48.410176835057],[-89.2233840005468,48.4101769067863],[-89.2233864392564,48.4101769235215],[-89.2233888741847,48.4101768845461],[-89.2233913081108,48.4101767916061],[-89.2233937341262,48.4101766412359],[-89.2233961509591,48.4101764352597],[-89.2233985571417,48.4101761710066],[-89.2234009476256,48.4101758566718],[-89.2234033180854,48.4101754860409],[-89.2234056699499,48.4101750608856],[-89.2234079978571,48.4101745822094],[-89.2234103031573,48.4101740499861],[-89.2234125751265,48.4101734662226],[-89.2234148177373,48.4101728290425],[-89.2234170271739,48.4101721439181],[-89.2234191978393,48.4101714064589],[-89.2234208509608,48.4101707941711],[-89.2234213284615,48.4101706184889],[-89.2234424601643,48.4101714102003],[-89.2234435667575,48.4101192896983],[-89.22343735092,48.4100824352912],[-89.2234961376367,48.4100669039162],[-89.2235049998438,48.4099165624404],[-89.2235759263243,48.4099160918015],[-89.2235756484658,48.40998435821],[-89.2235753387994,48.4100606013766],[-89.2235978567673,48.4100605816889],[-89.2237072015041,48.4100604757495],[-89.2239231693289,48.410060266702],[-89.2239224634529,48.4099919824249],[-89.2239218011545,48.4099282283662],[-89.2239215156669,48.409900588652],[-89.2239214493103,48.409894235112],[-89.2239914417936,48.4098939163376],[-89.2241383668033,48.4098982459415],[-89.2241404979978,48.4099385128219],[-89.2241674825507,48.4099749538493],[-89.2241683629564,48.4099757735758],[-89.2241692856693,48.4099765717903],[-89.2241702479101,48.409977346747],[-89.2241712524972,48.4099781010905],[-89.2241722938725,48.4099788313295],[-89.2241733719968,48.409979536565],[-89.2241744896491,48.4099802185426],[-89.2241756385316,48.4099808729243],[-89.2241768213448,48.4099814996577],[-89.2241780367778,48.409982099668],[-89.2241792846735,48.4099826693592],[-89.2241805611381,48.4099832124056],[-89.2241818632356,48.4099837234656],[-89.2241831910445,48.4099842043371],[-89.2241845432145,48.4099846550462],[-89.2241859197063,48.409985074694],[-89.2241873191697,48.4099854633065],[-89.2241887319565,48.4099858165717],[-89.2241901676757,48.4099861379027],[-89.224191616836,48.4099864265833],[-89.22419308067,48.4099866798905],[-89.2241945565948,48.4099869005734],[-89.224196040442,48.4099870860134],[-89.2241975391197,48.4099872396759],[-89.2241990428623,48.4099873545518],[-89.2242005479718,48.4099874388103],[-89.2242020622362,48.409987485103],[-89.2242035736599,48.4099874972606],[-89.2242050849826,48.40998747613],[-89.2242065946186,48.4099874163434],[-89.2242081028818,48.4099873250926],[-89.2242096014743,48.4099871980395],[-89.2242110972261,48.4099870368514],[-89.2242125792563,48.4099868399393],[-89.2242140530838,48.4099866098956],[-89.2242155118002,48.4099863432551],[-89.2242169583415,48.4099860453593],[-89.2242183873457,48.4099857172116],[-89.2242197972272,48.4099853534444],[-89.2242211880645,48.4099849558556],[-89.2242225558852,48.4099845263215],[-89.2242239007676,48.40998406664],[-89.2242252241406,48.409983578583],[-89.2242265189781,48.4099830559882],[-89.2242277856331,48.4099825069464],[-89.2242290225985,48.4099819278878],[-89.2242302311852,48.4099813178874],[-89.2242314048774,48.4099806824694],[-89.2242325449859,48.409980020709],[-89.2242852541621,48.4100391368545],[-89.2242898658679,48.4100399258038],[-89.2242945174654,48.410040606913],[-89.2242991995812,48.4100411821628],[-89.224303908125,48.4100416507328],[-89.2243086389676,48.4100420109031],[-89.2243133866293,48.4100422609803],[-89.2243181432829,48.410042407414],[-89.2243229044854,48.4100424412928],[-89.2243276650708,48.4100423681149],[-89.2243324181308,48.4100421844151],[-89.2243371584212,48.4100418938936],[-89.2243418805407,48.410041496655],[-89.2243465816318,48.4100409891556],[-89.2243512524387,48.4100403760731],[-89.2243558889104,48.4100396574859],[-89.2243604882287,48.4100388307491],[-89.2243650385156,48.4100379023908],[-89.2243695436649,48.4100368687366],[-89.2243739876694,48.4100357345949],[-89.2243783731511,48.4100344981156],[-89.2243826908542,48.4100331639761],[-89.2243869393499,48.4100317304048],[-89.2243911107717,48.4100302029522],[-89.2243951982114,48.410028578153],[-89.2243992019828,48.410026863199],[-89.2244031152168,48.4100250555239],[-89.2244069354872,48.4100231614727],[-89.2244106519527,48.4100211803554],[-89.224414266238,48.4100191184387],[-89.2244177714742,48.4100169731563],[-89.2244211651566,48.4100147490553],[-89.2244244405732,48.4100124471653],[-89.2246415279222,48.4100723938418],[-89.2250604796077,48.4100473399776],[-89.2251418312835,48.4100488224402],[-89.225264977896,48.4100777505316],[-89.2256028640341,48.4100865303482],[-89.2260065852154,48.4100863683054],[-89.2263789266114,48.4100472878783],[-89.2266793712476,48.410063178346],[-89.2267020034339,48.4100607922363],[-89.2267244996933,48.410057893206],[-89.2267468359556,48.4100544871196],[-89.226768982671,48.4100505781484],[-89.2267909181951,48.4100461658118],[-89.2268126173038,48.4100412604953],[-89.2268340462395,48.4100358628527],[-89.226855190659,48.4100299848585],[-89.2268760235955,48.4100236279347],[-89.2268965145024,48.4100168043694],[-89.2269166460221,48.4100095189977],[-89.2269363955527,48.4100017803548],[-89.2269557337412,48.4099935971072],[-89.2274538298579,48.4097877343697],[-89.2275277633072,48.4097571771114],[-89.2275732473673,48.4098188609877],[-89.2276042438792,48.4098608972374],[-89.2277475048083,48.41005518037],[-89.2276780353312,48.4100797805336],[-89.2275882995303,48.4100993342988],[-89.2274686763312,48.4101539185866],[-89.2273924059218,48.4101887192241],[-89.2273776418788,48.4101912940862],[-89.2273490538985,48.4101962780413],[-89.2273358629766,48.4101985759044],[-89.2273234711633,48.4102053371681],[-89.2272767243609,48.4102308367278],[-89.2271510048135,48.4102994162482],[-89.2271213444046,48.4103062410767],[-89.22706178676,48.4103199456819],[-89.2270757840328,48.4103292055199],[-89.2271111433415,48.4103525994934],[-89.2270879589652,48.4103720139531],[-89.2271180591457,48.410382337653],[-89.2271299315914,48.4104083538975],[-89.2271437452086,48.4105303648028],[-89.227104362205,48.4106272307795],[-89.2271806226854,48.4106685543593],[-89.2269851867961,48.4106594996665],[-89.2267769864686,48.4106498541325],[-89.2267570380539,48.410638567215],[-89.2267578435719,48.4106275856564],[-89.2259427761121,48.4106269868652],[-89.2248342825634,48.4106291816231],[-89.2229563615809,48.4106429948616],[-89.2229082686652,48.4106665680269],[-89.2228032862231,48.4107180239874],[-89.2220805572278,48.4107168862352],[-89.2218901729933,48.4107165867576],[-89.2218608259663,48.4107219412022],[-89.2218421838113,48.4107253442496],[-89.2218397569783,48.4107725749834],[-89.2217946177652,48.4107754993054],[-89.2217543094918,48.4108331717706],[-89.2215707214466,48.4109130372294],[-89.2213510615079,48.410904583934],[-89.2211154638624,48.4109325713319],[-89.2207156772065,48.4109368032602],[-89.2203512369344,48.4109384430744],[-89.2202939128289,48.4109453701306],[-89.2202470706658,48.4109707615834],[-89.2195532661886,48.4109680121384],[-89.2195362893706,48.4109847131272],[-89.2195362139897,48.4109908345713],[-89.2195358027877,48.4110236647958],[-89.2195308297622,48.4114214583892],[-89.2195669009703,48.4114422380008],[-89.2195811515154,48.4114504483674],[-89.2251319190702,48.4114544620707],[-89.2255017695521,48.4115023344542],[-89.2255271074653,48.4115082304591],[-89.2255508862821,48.41151652113],[-89.2255725955594,48.4115270301007],[-89.2255917753962,48.4115395314414],[-89.2256083480312,48.4115541013362],[-89.2256214755809,48.411570152279],[-89.2256308640185,48.4115873264683],[-89.2256363060276,48.4116052401316],[-89.2256096186202,48.4118182296952],[-89.2255978319544,48.411853753455],[-89.2255605185818,48.411911346811],[-89.2251962391194,48.4119272938258],[-89.2249428910452,48.4119194541825],[-89.2199740400447,48.411919134842],[-89.2197211644539,48.4119191130497],[-89.2196977900674,48.411934927133],[-89.2196761131166,48.4119495927813],[-89.2196844088499,48.4125814550667],[-89.2196939251074,48.4133062587013],[-89.2213857597999,48.4133108545661],[-89.221419062882,48.4133740960086],[-89.2214556296758,48.4134435329487],[-89.2214322789685,48.4134629017706],[-89.2214309125188,48.4134771961392],[-89.2214153694816,48.4136395860583],[-89.221417078217,48.413683320594],[-89.2246314328937,48.4136732069029],[-89.2246214021448,48.4135230275139],[-89.2257977753045,48.4135150479321],[-89.2258626943487,48.4134910669513],[-89.2259339514502,48.4135151674101],[-89.2265727193183,48.4135140422343],[-89.2265736869985,48.4135080708602],[-89.2265761075381,48.413502284596],[-89.2265799133811,48.4134968386038],[-89.22658500417,48.4134918796838],[-89.2265912424589,48.4134875409579],[-89.2265984616589,48.4134839381181],[-89.2266064673489,48.4134811685004],[-89.2266150437921,48.4134793055609],[-89.2266239634279,48.4134783995915],[-89.2266329840924,48.4134784759745],[-89.226641866416,48.4134795312465],[-89.226650369969,48.4134815376719],[-89.2267369937368,48.4135279018562],[-89.2267498259645,48.4135490211899],[-89.2267801684146,48.4135989708726],[-89.2268358244416,48.4136126839954],[-89.2268454412788,48.4136118661796],[-89.2269020019015,48.4136070587263],[-89.226987174794,48.4136652751197],[-89.2269922731286,48.4136681608161],[-89.2270375837776,48.4136984628178],[-89.2270753309605,48.4137330554369],[-89.2271046121137,48.4137711095087],[-89.2271247278963,48.4138117145553],[-89.2271351938978,48.4138538992518],[-89.2271357339965,48.4138583415764],[-89.2271352757408,48.41387160893],[-89.2271236348087,48.4142078237961],[-89.2233877967156,48.4141946203892],[-89.2200612888531,48.4141952485567],[-89.2183044422275,48.4141958467552],[-89.2182341747226,48.4142116895441],[-89.2182383462524,48.4149844709273],[-89.2182500745756,48.4149845839201],[-89.2194310441399,48.4149959270695],[-89.2194308465596,48.4150082122412],[-89.219435606938,48.4150082166491],[-89.2194401755652,48.4151611164271],[-89.2205481782098,48.4151646914932],[-89.2205480573809,48.4151820514811],[-89.2205560473896,48.4151820726638],[-89.2205529871415,48.4153281791575],[-89.2225787581593,48.4153315867828],[-89.2255671581521,48.4153270805007],[-89.22556808249,48.415417828644],[-89.2255481080363,48.4158033155486],[-89.2252581553772,48.4157936340999],[-89.2214301240023,48.4157858185277],[-89.2214376510749,48.4159418605429],[-89.221437059512,48.4159593906754],[-89.2194653151056,48.4159535661449],[-89.2194646505117,48.4161831233807],[-89.2185251090235,48.4161826728669],[-89.2185020532602,48.4161930353571],[-89.2185019450648,48.4162938849195],[-89.2185094262832,48.4162956273517],[-89.2185330456776,48.4163011306769],[-89.2193019201501,48.4163014969057],[-89.2194652120147,48.4163015732031],[-89.2194653471363,48.416325067125],[-89.2194655928187,48.4163686976387],[-89.2194690795084,48.4163686879364],[-89.2208372798404,48.4163652611828],[-89.2208365469908,48.4166024449941],[-89.2253434496012,48.4166172175647],[-89.2253440201176,48.4166381460227],[-89.2253493128536,48.4168322267864],[-89.2253744154668,48.4168323636915],[-89.2253942536743,48.4168324719923],[-89.2253947470076,48.416848784511],[-89.2253899690851,48.4168594947146],[-89.2253821236632,48.4168680221358],[-89.2253763008699,48.4168763781596],[-89.2253757406665,48.4168770754956],[-89.2253690583852,48.4168854346534],[-89.2253635807792,48.4168942671543],[-89.2253631289605,48.4169047209019],[-89.2253627660843,48.4169168401346],[-89.225353358114,48.4169279350358],[-89.2252943337268,48.4170338411375],[-89.22527900237,48.4170389792391],[-89.2252669930733,48.4170481369528],[-89.2252534991934,48.4170587998515],[-89.2252418307475,48.4170646201548],[-89.2252300607352,48.4170720457468],[-89.2252180207688,48.4170780558815],[-89.2252044654129,48.4170860729482],[-89.2251907346286,48.4170926106467],[-89.225175597639,48.4170979600101],[-89.2251609329935,48.4171047479039],[-89.2251480483732,48.4171102345329],[-89.2251351565066,48.4171162053572],[-89.2251217919913,48.4171208546187],[-89.2251082888587,48.4171257962745],[-89.2250932626617,48.4171317642995],[-89.2250788726972,48.4171355876456],[-89.2250654933427,48.4171399591699],[-89.2250520630972,48.4171438152302],[-89.2250387903931,48.4171475647718],[-89.2250252195839,48.417152164029],[-89.2250116496336,48.4171555756198],[-89.2249998321535,48.4171607077861],[-89.2249831451505,48.4171664362068],[-89.2249703850162,48.4171704097551],[-89.2249515819481,48.4171753153635],[-89.2249393321199,48.4171802039622],[-89.2249227322705,48.4171860404554],[-89.2249066406329,48.4171920938477],[-89.2249026997982,48.4171931264997],[-89.2248896959132,48.4171965325239],[-89.2248742972368,48.4172013380723],[-89.2248582852999,48.4172017557857],[-89.2248547697479,48.4172026227557],[-89.2248406849337,48.4172060991698],[-89.2248296796148,48.4172140767597],[-89.2248189527449,48.4172197636395],[-89.2248055166377,48.4172274184584],[-89.2247930958906,48.4172324174159],[-89.224777124351,48.4172400151083],[-89.2247604148301,48.4172473652514],[-89.2247502068231,48.4172537609748],[-89.2247362091647,48.4172618972085],[-89.2247260174894,48.4172693174101],[-89.2247140414081,48.4172752452797],[-89.2247020001195,48.4172823422632],[-89.2246904768026,48.4172874336177],[-89.2246789565334,48.417292316174],[-89.2246678516307,48.4172992519837],[-89.224656806446,48.4173048001481],[-89.2246455117746,48.4173120023485],[-89.2246291807755,48.4173202529815],[-89.2246183879798,48.4173266600044],[-89.2246017036775,48.4173342174747],[-89.224588225804,48.4173428366901],[-89.2245782994497,48.4173507933859],[-89.2245638156218,48.4173580113767],[-89.224550173926,48.4173600908955],[-89.2245311580818,48.4173632208776],[-89.2245134520445,48.4173666935137],[-89.2244973476029,48.4173720534014],[-89.2244881879904,48.4173824344364],[-89.2244710849073,48.4173881708295],[-89.2244529500436,48.4173929050788],[-89.2244411249979,48.4173988263994],[-89.2244288396663,48.4174032135786],[-89.2244155467209,48.4174067187116],[-89.2243987496318,48.4174090301893],[-89.2243797104048,48.4174069799341],[-89.2243632187947,48.4174031601142],[-89.2243495581845,48.417407284169],[-89.224332908759,48.4174105015117],[-89.2243190584309,48.4174105885298],[-89.2243009135225,48.4174110672108],[-89.2242841689093,48.4174101836036],[-89.2242699946552,48.4174080824309],[-89.2242534216806,48.4174074771163],[-89.224238950046,48.4174063354082],[-89.2242196619797,48.4174038481698],[-89.224205393064,48.4174014051217],[-89.2241883110169,48.4173996031004],[-89.2241711770929,48.417397882156],[-89.2241567358729,48.4173953002761],[-89.2241432680813,48.4173939322045],[-89.2241296334108,48.4173914966759],[-89.2241149088668,48.4173895149934],[-89.224101296309,48.4173876170743],[-89.2240876240578,48.4173859308455],[-89.2240675672703,48.417384690182],[-89.2240523485652,48.4173834639264],[-89.2240349665777,48.4173809829854],[-89.224017516616,48.4173778735429],[-89.2240019875019,48.4173760693562],[-89.223988849388,48.4173736143118],[-89.2239725836024,48.4173693932869],[-89.2239547275873,48.4173681910236],[-89.2239447805153,48.4173688611252],[-89.2239330243781,48.4173732344194],[-89.2239285803722,48.4173785028146],[-89.223920086537,48.4173862716006],[-89.2239003664904,48.4173963097508],[-89.2238987712085,48.4173968588439],[-89.2238806840069,48.4174018503044],[-89.2238616639891,48.4174049478658],[-89.2238421580824,48.4174060790048],[-89.2238226205778,48.4174052160428],[-89.2238035092744,48.417402380719],[-89.2237852703492,48.4173976381849],[-89.2237683317219,48.4173910998316],[-89.2237216457667,48.4174152399094],[-89.2236543269702,48.4174100687959],[-89.223558951694,48.4174027399703],[-89.2235241279838,48.4173837684456],[-89.2235136400812,48.4173780527621],[-89.2235136638799,48.417361404538],[-89.221811367712,48.4173615825026],[-89.2180471453478,48.4173618826686],[-89.217753212015,48.4173619005609],[-89.2173290693099,48.4173619250306],[-89.2172957209293,48.4173619282406],[-89.2172524205798,48.4173619316561],[-89.2172525264834,48.4173863303675],[-89.2172529280615,48.4174781682468],[-89.2172529523298,48.4174835103921],[-89.217253178911,48.4175346666283],[-89.2172566904222,48.417534666412],[-89.217306583838,48.4175346870441],[-89.2174741841157,48.4175347533047],[-89.2174929482971,48.4186897139895],[-89.2174994655184,48.4186929650314],[-89.2174926827316,48.4186928987648],[-89.2174920253255,48.4187008704746],[-89.2174921408224,48.4187115390766],[-89.2174931792575,48.4187208663773],[-89.2174931445829,48.4187324636996],[-89.2174938672872,48.4187443820195],[-89.2175007822838,48.4187548484456],[-89.2175008043882,48.4187671914511],[-89.2174987115285,48.4187778036605],[-89.2174969930717,48.4187891923183],[-89.2174971492981,48.418798715675],[-89.2174946456275,48.4188091747527],[-89.2174936975435,48.4188196920118],[-89.2174927943646,48.418829408543],[-89.2174916934017,48.418840388513],[-89.2174921908089,48.4188534349426],[-89.217492933465,48.4188633266798],[-89.2174941530685,48.4188758544351],[-89.2174948941026,48.4188875726608],[-89.2174956276161,48.4188969436291],[-89.2174963419692,48.4189062780777],[-89.2174970041726,48.4189164952697],[-89.2174978073466,48.4189290202571],[-89.2174981031955,48.4189414416595],[-89.2174986613871,48.4189548908969],[-89.21749939143,48.418966418591],[-89.2174997933772,48.4189790727779],[-89.2174998750125,48.4189898949869],[-89.2175000201446,48.4190031704422],[-89.2175002009499,48.4190141904797],[-89.2175011518043,48.4190267234163],[-89.2175003374833,48.4190409359971],[-89.2174992492605,48.4190500343804],[-89.217498802122,48.4190618753844],[-89.2174990995185,48.4190711638879],[-89.2174997614532,48.4190819650114],[-89.2175007121606,48.4190942460256],[-89.2175009932093,48.4191062340419],[-89.2175015253982,48.4191156997645],[-89.2175015898481,48.419117087709],[-89.2175019639203,48.4191248766794],[-89.2175018482877,48.4191361354629],[-89.2175015606224,48.4191482244175],[-89.2175014394257,48.4191615607908],[-89.2175008892824,48.4191706308049],[-89.2175003157288,48.4191841639438],[-89.2175011771921,48.4191962577346],[-89.2175013212144,48.4192100667523],[-89.2175013507824,48.4192191642777],[-89.2175015047006,48.4192326105123],[-89.2175021445717,48.4192417862441],[-89.2175032614131,48.4192587237698],[-89.2175027764835,48.4192742625031],[-89.2175027043004,48.4192875448469],[-89.2175019480371,48.419298401205],[-89.2174973890339,48.4193104267557],[-89.2174945155114,48.4193195622589],[-89.2174975467988,48.4193305156412],[-89.2175019341527,48.4193406070264],[-89.2175044258335,48.4193528583295],[-89.2175047394929,48.4193681117458],[-89.2175047131258,48.4193803036299],[-89.217504775694,48.4193913709332],[-89.2175030466285,48.4194003728041],[-89.2175025071672,48.4194127635246],[-89.2175007626676,48.4194239889321],[-89.2175003445493,48.4194366832222],[-89.2175017252888,48.4194482541532],[-89.2175011392054,48.4194593249652],[-89.2175014635228,48.4194717170263],[-89.2175032442642,48.4194844040111],[-89.2175032338081,48.4194934825137],[-89.2175022317934,48.4195033817957],[-89.2175000695358,48.4195167485233],[-89.2174991281059,48.4195276984244],[-89.2174983967562,48.419539841819],[-89.2174966803623,48.4195509677137],[-89.2174954009419,48.4195632206458],[-89.2174956281393,48.4195730080542],[-89.2174958142872,48.4195810444749],[-89.2174970704294,48.4195913050983],[-89.2174988865767,48.4196029108215],[-89.2174994647703,48.4196155769046],[-89.217499376215,48.4196253766989],[-89.2174992678119,48.4196371122004],[-89.2174986509253,48.4196543710664],[-89.2174993367206,48.4196636079937],[-89.2174993582199,48.4196755020428],[-89.2175001408045,48.4196879572465],[-89.2175005391453,48.4196986023991],[-89.2174989776389,48.4197081624719],[-89.2174971053464,48.4197190916315],[-89.2174955337916,48.4197333287075],[-89.217494790864,48.419745734147],[-89.2174969475378,48.4197558775374],[-89.2174985541753,48.4197657436182],[-89.2175004294661,48.4197771862489],[-89.2175023552637,48.4197909699094],[-89.217501182514,48.4198025990693],[-89.2175053990664,48.4198137032468],[-89.2175078564707,48.4198269988997],[-89.2175079737011,48.4198371168302],[-89.2175076774705,48.4198477663768],[-89.2175067380432,48.4198577994114],[-89.2175081036095,48.4198687417212],[-89.2175122977462,48.4198815360281],[-89.2175149089872,48.4198940180557],[-89.2175139554198,48.419905651987],[-89.217512360873,48.4199183977496],[-89.2175126833891,48.4199311209462],[-89.2175127707453,48.4199414841798],[-89.2175124537095,48.4199540784492],[-89.2175120862001,48.4199664757505],[-89.2175118093758,48.4199762044964],[-89.217511808214,48.4199855275464],[-89.2175119116858,48.4199963232406],[-89.2175122776556,48.4200083986916],[-89.2175125410227,48.4200178677964],[-89.2175130594702,48.4200272968936],[-89.2175139622809,48.4200405577384],[-89.2175153254818,48.4200529675571],[-89.2175154094771,48.4200651483148],[-89.2175151548828,48.4200763818844],[-89.2175147717301,48.4200902523491],[-89.2175145295459,48.4201014604868],[-89.217514253201,48.4201128465304],[-89.2175143389551,48.4201231729056],[-89.2175142389505,48.4201363748082],[-89.2175127449902,48.4201483259668],[-89.2175117881484,48.4201574308129],[-89.217512709315,48.4201683178094],[-89.2175152111963,48.4201801811296],[-89.2175150420154,48.4201902712917],[-89.2175149919636,48.4202027884344],[-89.2175159495207,48.4202123062362],[-89.2175150637204,48.4202236959326],[-89.2175121675013,48.4202350443145],[-89.2175138753201,48.4202467070087],[-89.2175101754657,48.4202616419228],[-89.2175103925809,48.4202731543116],[-89.2175132433157,48.4202852997198],[-89.2175160191132,48.4202965306452],[-89.217517801597,48.4203105303042],[-89.2175175892371,48.4203245981158],[-89.2175175364925,48.4203336054541],[-89.2175196785659,48.4203467983179],[-89.2175197035163,48.4203581812512],[-89.2175176395185,48.4203707003343],[-89.2175158930106,48.420380917179],[-89.2175136161355,48.4203926135124],[-89.217511692652,48.4204058145825],[-89.2175077264902,48.4204174877024],[-89.2175079436426,48.4204343436009],[-89.217505148283,48.4204434128148],[-89.2175010048703,48.4204534356437],[-89.2174997758372,48.4204630882758],[-89.2174978966152,48.4204746041931],[-89.2174967512381,48.4204855580247],[-89.2174956825917,48.4204951067944],[-89.217494509437,48.4205041798211],[-89.2174929733881,48.4205152572503],[-89.2174898772744,48.4205269513834],[-89.2174874436586,48.4205374999802],[-89.2174898507694,48.4205484276064],[-89.217494421879,48.4205609375272],[-89.2174963596864,48.420570958274],[-89.2174969385712,48.4205820866994],[-89.2174966347835,48.4205934012926],[-89.217498838434,48.4206042815567],[-89.2175039596686,48.4206160142984],[-89.217510185576,48.420627754533],[-89.2175117583416,48.4206378354018],[-89.2175086315513,48.4206469919816],[-89.2175051342503,48.420658847704],[-89.2175036302342,48.4206714999469],[-89.2174998934521,48.4206825739203],[-89.2174995518918,48.4206924613664],[-89.2175000054814,48.4207031954253],[-89.2174983707159,48.4207137439155],[-89.2174992866127,48.4207251618549],[-89.2175025641914,48.4207374240958],[-89.2175026428361,48.4207473385297],[-89.2175021592177,48.4207563532751],[-89.2175012693258,48.4207687984353],[-89.2175013239157,48.4207806450583],[-89.2175034650875,48.420793847836],[-89.2175049521235,48.4208046609402],[-89.2175064930554,48.4208171474071],[-89.217507060006,48.4208283120515],[-89.2175076946121,48.4208378630711],[-89.2175082135946,48.4208494785065],[-89.2175090018542,48.4208629952828],[-89.2175094454245,48.4208738096109],[-89.2175098112941,48.4208830868947],[-89.217510048099,48.4208929083058],[-89.2175099960353,48.4209047578846],[-89.2175102595183,48.4209179257855],[-89.2175107950468,48.4209327169568],[-89.2175107098439,48.4209426246524],[-89.2175110061381,48.4209549623675],[-89.2175120953943,48.420968158434],[-89.2175132130377,48.4209845228104],[-89.2175134576343,48.4209963558726],[-89.217513146257,48.4210063156146],[-89.2175134617705,48.4210194366259],[-89.2175142216672,48.4210291642762],[-89.2175162339258,48.4210402740622],[-89.2175173616406,48.4210497256009],[-89.2175171978674,48.4210624248811],[-89.2175175800185,48.4210739709756],[-89.2175177630048,48.4210862829833],[-89.2175173769897,48.4211003982283],[-89.2175176691725,48.4211102185714],[-89.2175167841453,48.4211203216341],[-89.2175155616604,48.4211319886397],[-89.2175156641356,48.4211424505506],[-89.2175154632846,48.4211539871916],[-89.2175165404415,48.421167526289],[-89.2175169759469,48.4211765709986],[-89.2175163712868,48.4211875566914],[-89.2175158109441,48.4212004615584],[-89.2175165240269,48.421212126335],[-89.2175162596564,48.4212244397698],[-89.2175156084116,48.4212340443719],[-89.2175144187339,48.4212435765798],[-89.217513237936,48.4212553318549],[-89.2175122558005,48.4212687945905],[-89.2175116619932,48.4212787561785],[-89.2175106946143,48.4212915951151],[-89.2175111524371,48.4213045694248],[-89.2175114276606,48.4213180690998],[-89.2175117024922,48.4213302551733],[-89.2175114166252,48.4213426958845],[-89.2175109773637,48.4213542830082],[-89.2175107391374,48.4213634387781],[-89.2175105169231,48.4213732420466],[-89.217510144666,48.4213827036104],[-89.2175092512085,48.4213951290441],[-89.2175101268915,48.4214102195651],[-89.2175100434146,48.4214207570393],[-89.2175078599751,48.4214314330721],[-89.2175043572186,48.4214434751427],[-89.2175038772442,48.4214529774717],[-89.2175018251876,48.4214654612326],[-89.21749965118,48.4214754532868],[-89.2174970201435,48.4214867155772],[-89.2174936546893,48.4214988377755],[-89.2174914084614,48.4215078226221],[-89.217490300223,48.4215192885832],[-89.2174895195246,48.4215290558329],[-89.2174876614653,48.4215406550152],[-89.2174869609433,48.4215503388434],[-89.2174870131408,48.4215611364234],[-89.2174873877751,48.4215707392404],[-89.2174884284831,48.4215825398576],[-89.2174938225419,48.4215943582114],[-89.2175025681714,48.4216045446125],[-89.2175101749967,48.4216119826938],[-89.2175226347552,48.4216196430144],[-89.217534429399,48.421627891986],[-89.2175487173314,48.4216340756847],[-89.2175661290078,48.4216381756557],[-89.2175808616525,48.421640600692],[-89.2175979107023,48.4216413066622],[-89.2176153031109,48.421641547146],[-89.2176313367651,48.4216400422529],[-89.2176493664457,48.4216371285792],[-89.2176639550021,48.421633851181],[-89.217680219184,48.4216289156558],[-89.2176982533717,48.4216224407472],[-89.2177125370405,48.4216213825629],[-89.2177288551136,48.4216230275331],[-89.2177480582447,48.4216254284288],[-89.217764190453,48.4216292318366],[-89.2177794538832,48.4216327334892],[-89.2177965222198,48.4216372989093],[-89.2178103739314,48.4216430870073],[-89.2178268573078,48.4216450823708],[-89.2178405982918,48.4216492890716],[-89.2178551856087,48.4216546482029],[-89.217869614068,48.4216590593786],[-89.2178833200204,48.4216606287349],[-89.2179010435585,48.4216622033912],[-89.2179190440242,48.421661227362],[-89.217937580969,48.4216603408548],[-89.2179517622492,48.4216613090129],[-89.2179756457371,48.4216600287826],[-89.2179934924364,48.4216626006521],[-89.2180119058195,48.4216642789533],[-89.2180256605554,48.4216668757458],[-89.2180438447968,48.4216713017444],[-89.2180574311381,48.4216740979222],[-89.2180758274915,48.4216772170129],[-89.2180890599906,48.4216793371141],[-89.2181045775543,48.4216812233019],[-89.2181200144542,48.4216842995895],[-89.2181346915608,48.4216870315351],[-89.2181475795888,48.421689995024],[-89.2181603981607,48.4216935365793],[-89.2181751976187,48.4216956633394],[-89.2181901884077,48.4216981175091],[-89.218204297056,48.4217008325174],[-89.2182174127617,48.4217034056223],[-89.2182362913158,48.4217053979199],[-89.2182520509308,48.4217054538627],[-89.2182686118574,48.4217073046099],[-89.2182839192018,48.4217098885215],[-89.2182982437926,48.4217129682438],[-89.2183113343181,48.4217152422128],[-89.2183258136506,48.4217178087988],[-89.2183407661737,48.4217212156036],[-89.2183554044037,48.4217243270582],[-89.2183697211293,48.4217277848108],[-89.218382880913,48.4217301591056],[-89.2183975215696,48.4217320531702],[-89.2184155550337,48.4217342254898],[-89.2184331159875,48.4217361010115],[-89.2184489773159,48.4217381514714],[-89.2184627779262,48.4217396586508],[-89.2184786755745,48.4217408977472],[-89.2184953508356,48.4217423314799],[-89.2185101907881,48.4217435558841],[-89.2185240495998,48.421744505899],[-89.218541831176,48.4217444319273],[-89.2185569856935,48.4217444365189],[-89.2185735303417,48.4217481481826],[-89.2185940897854,48.4217542845553],[-89.2185970701819,48.4217659226844],[-89.2186052608186,48.4217795935744],[-89.2186205252271,48.4217806316298],[-89.2186407378717,48.4217819071322],[-89.2186536960908,48.421793000991],[-89.2186595215995,48.4218075812438],[-89.2186538233257,48.4218194866551],[-89.2186542085286,48.421830537834],[-89.2186419283356,48.4218378727088],[-89.2186275861283,48.4218437654994],[-89.2186210009776,48.4218539605308],[-89.2186128778117,48.4218623299819],[-89.2186006490523,48.4218713742511],[-89.2185900200011,48.4218793457712],[-89.2185812731296,48.4218890066704],[-89.2185765367241,48.4218997508635],[-89.2185744487828,48.4219098213543],[-89.2185726350447,48.4219209428414],[-89.2185717889218,48.4219303514678],[-89.2185717685231,48.4219404387597],[-89.2185721567412,48.4219518389765],[-89.2185750216457,48.4219651708303],[-89.2185813256511,48.4219759008998],[-89.2185902895165,48.4219840145245],[-89.2186027520553,48.4219911429332],[-89.2186182150962,48.4219963069286],[-89.2186353724906,48.4219982873755],[-89.2186539202617,48.4220014655347],[-89.2186673185062,48.4220030434328],[-89.2186852465168,48.4220046851032],[-89.2187018596396,48.4220068316931],[-89.218717819667,48.4220030130581],[-89.2187334030076,48.4220036130748],[-89.218749145809,48.4220106071096],[-89.2187669256778,48.4220147447832],[-89.2187842927303,48.422014399854],[-89.2188004975042,48.4220171022442],[-89.2188164794805,48.4220222004186],[-89.2188320747521,48.4220282894584],[-89.2188481296088,48.4220335400766],[-89.2188613129004,48.4220370106371],[-89.2188747010784,48.4220389467987],[-89.218893074926,48.4220405825348],[-89.218910683548,48.4220410975688],[-89.2189293834834,48.4220406297322],[-89.2189484515484,48.4220386513376],[-89.218964936405,48.4220350582727],[-89.2189794695112,48.4220301964493],[-89.218991982984,48.4220257352816],[-89.2190059220699,48.4220183764618],[-89.2190163556351,48.422008989797],[-89.2190215354867,48.4220006393151],[-89.2190259985716,48.4219889286658],[-89.2190319996092,48.4219808421567],[-89.2190314652679,48.4219716760963],[-89.2190254225425,48.4219626954882],[-89.2190237717559,48.4219495894465],[-89.2190199012016,48.4219398309484],[-89.2190116482424,48.4219287984055],[-89.2190007535203,48.4219176620762],[-89.2189878806937,48.421906979586],[-89.218981658921,48.4218986052505],[-89.2189804185953,48.4218880645235],[-89.2189729112851,48.4218786650018],[-89.2189670694499,48.4218692684374],[-89.2189615518608,48.4218580364612],[-89.2189590729009,48.4218436984677],[-89.2189584014789,48.4218344882654],[-89.2189570289597,48.4218197321434],[-89.2189559657091,48.4218064285208],[-89.2189598780229,48.421792065292],[-89.2189640678323,48.4217830501166],[-89.2189706187302,48.4217682832863],[-89.2189757023997,48.4217587488146],[-89.2189827575355,48.4217447280304],[-89.2189882126356,48.4217362111872],[-89.2189933133476,48.4217266646893],[-89.219003260151,48.421715506846],[-89.219013119809,48.4217084318689],[-89.2190296184706,48.4217033269775],[-89.2190460616007,48.421701013225],[-89.2190606543361,48.421704258628],[-89.2190748404299,48.4217103649261],[-89.2190679217857,48.4217193868691],[-89.2190541366969,48.4217250341343],[-89.2190421080928,48.4217318432531],[-89.2190295252506,48.4217400486517],[-89.2190163872111,48.4217515217915],[-89.2190101147466,48.4217623766149],[-89.2190065711815,48.4217728530854],[-89.2190042122116,48.4217845510309],[-89.2190022377513,48.42179539401],[-89.2190004447417,48.4218087896278],[-89.2189997889188,48.4218179723525],[-89.2189988877369,48.421830181112],[-89.2189974668061,48.4218397357917],[-89.2189972949499,48.4218519304801],[-89.2189981726315,48.4218649146786],[-89.2189981965929,48.4218742183481],[-89.2190005742889,48.4218862927686],[-89.2190098346521,48.4218949746697],[-89.2190225427433,48.4219030538114],[-89.2190380320277,48.4219088821462],[-89.2190555081158,48.4219144562105],[-89.2190701514926,48.4219176835405],[-89.2190858712528,48.4219148052114],[-89.2191028396328,48.4219103039648],[-89.219116151882,48.4219064931735],[-89.2191307413563,48.4219041063065],[-89.2191470982064,48.4219022620654],[-89.2191664921415,48.421901590956],[-89.2191869322247,48.4219049835431],[-89.2191773490975,48.4219125111629],[-89.2191604882602,48.4219161295076],[-89.2191440924991,48.4219198738363],[-89.2191313292599,48.4219235030888],[-89.2191134051066,48.4219309820001],[-89.219099114943,48.4219389693219],[-89.2190914673589,48.421948977041],[-89.2190896396617,48.4219613584312],[-89.219086783522,48.4219723794747],[-89.2190843431323,48.421982766283],[-89.2190839702471,48.4219922377614],[-89.219082207299,48.4220051748364],[-89.2190828523621,48.4220149586759],[-89.2190870598457,48.4220259352068],[-89.2190937669513,48.4220343721511],[-89.2191060624319,48.4220429082108],[-89.219122852989,48.4220472970483],[-89.2191402244058,48.4220507146616],[-89.2191584451779,48.4220529012458],[-89.2191718989802,48.4220542332861],[-89.2191854912621,48.4220537478927],[-89.2192032615579,48.4220511466888],[-89.2192169822018,48.422049946227],[-89.2192306291723,48.4220495371501],[-89.2192504831796,48.4220503345101],[-89.2192666757826,48.4220512358054],[-89.2192817857062,48.422052169686],[-89.2192962479419,48.4220527264782],[-89.2193104458313,48.4220534521206],[-89.219325963871,48.4220537627036],[-89.219340591624,48.4220540850651],[-89.2193553461686,48.4220557977639],[-89.2193755311298,48.4220580795724],[-89.2193949143796,48.4220605136071],[-89.2194091625178,48.4220611204028],[-89.2194230202112,48.4220593423429],[-89.219442462829,48.4220550704188],[-89.2194605612073,48.4220541363461],[-89.2194743294682,48.4220548981506],[-89.2194881279849,48.4220570062689],[-89.2195077165164,48.4220598394033],[-89.2195300994638,48.4220610359791],[-89.2195440890781,48.4220607039278],[-89.2195637271953,48.4220618823878],[-89.2195791372911,48.4220625387174],[-89.2195935163451,48.4220633579998],[-89.2196124766815,48.4220636237069],[-89.2196267263263,48.4220639857194],[-89.219643313171,48.4220642243482],[-89.2196597259462,48.4220646561776],[-89.2196748314055,48.4220648046264],[-89.2196944637803,48.4220651995079],[-89.2197100118797,48.4220661689627],[-89.219726747731,48.4220656390316],[-89.2197467756804,48.4220648746124],[-89.2197610986572,48.422065678761],[-89.2197760213559,48.4220672172113],[-89.2197915642977,48.4220686888052],[-89.2198100438707,48.4220721299166],[-89.2198283883114,48.4220746721013],[-89.2198445369903,48.4220758368849],[-89.219858745832,48.4220764722751],[-89.2198779129541,48.4220767681371],[-89.2198954477171,48.4220770766077],[-89.2199133943594,48.4220689673278],[-89.2199247419896,48.42206163862],[-89.2199385662385,48.422054066867],[-89.2199476279383,48.4220473868986],[-89.2199548477552,48.4220365308334],[-89.2199595407496,48.4220273718491],[-89.219962852427,48.422016448159],[-89.2199634654426,48.4220051077968],[-89.2199619773971,48.4219945637635],[-89.219957643633,48.4219784900182],[-89.219948993082,48.4219657827164],[-89.2199338135596,48.4219580383933],[-89.2199183377412,48.4219540732645],[-89.2199077453454,48.4219446064868],[-89.2198914380165,48.4219388372449],[-89.2198730648972,48.4219357287925],[-89.2198580916918,48.4219351711383],[-89.2198412063789,48.4219345343214],[-89.2198225024318,48.4219342574056],[-89.2198083226244,48.4219339462542],[-89.2197921888749,48.4219332472389],[-89.2197770407669,48.4219345392006],[-89.2197584933075,48.421935123897],[-89.2197411912026,48.4219342593795],[-89.219727279279,48.4219335192741],[-89.2197124519954,48.4219326807674],[-89.2196898139954,48.421930220527],[-89.2196730018772,48.4219241577864],[-89.2196864856828,48.4219183902991],[-89.2197027402767,48.4219163401141],[-89.2197174156663,48.4219134746563],[-89.2197309721579,48.4219047834302],[-89.2197368217259,48.421896635926],[-89.2197422308459,48.4218863834506],[-89.2197441093617,48.4218746137862],[-89.2197490026866,48.4218619230935],[-89.2197598317012,48.4218544811474],[-89.2197745882085,48.4218481411496],[-89.219791160464,48.4218375895482],[-89.2198032195357,48.4218289991923],[-89.2198146643441,48.421821078395],[-89.2198246909284,48.4218126244355],[-89.2198236345886,48.4218036115102],[-89.2198373751915,48.4217941519454],[-89.2198545737244,48.4217904990915],[-89.2198695839495,48.4217881840857],[-89.2198851548235,48.4217844033897],[-89.2198995977456,48.421780577882],[-89.2199125610713,48.4217746242719],[-89.2199280437826,48.4217679823232],[-89.2199384671425,48.4217596385603],[-89.2199511278207,48.4217523852757],[-89.2199704991401,48.4217530271764],[-89.219988345633,48.4217567701922],[-89.2200059479574,48.4217612071131],[-89.220019143002,48.4217659090477],[-89.2200319662519,48.4217701439982],[-89.2200492413978,48.4217769994104],[-89.2200636015179,48.4217829393763],[-89.2200728436134,48.4217921910758],[-89.2200754960185,48.421801226275],[-89.2200807267379,48.4218117322537],[-89.2200889916686,48.4218208939461],[-89.2201020029563,48.4218291650576],[-89.2201105275758,48.4218389506488],[-89.2201105407873,48.421849523149],[-89.2201075113598,48.421860036516],[-89.2201052828254,48.4218690138756],[-89.2201017966067,48.4218799328417],[-89.2200982460204,48.4218887539745],[-89.2200917028141,48.4218989122924],[-89.2200827538139,48.4219113114953],[-89.2200752798278,48.4219218863601],[-89.2200708651546,48.4219341440538],[-89.2200604740615,48.4219425771789],[-89.2200454317491,48.421950082485],[-89.22003301944,48.4219587246711],[-89.2200272459481,48.4219692379179],[-89.2200226295027,48.4219830389464],[-89.220017839016,48.4219974992388],[-89.2200154405191,48.4220112943449],[-89.2200150962608,48.4220223497031],[-89.2200140539539,48.4220324927105],[-89.2200187323054,48.4220486875644],[-89.220016531976,48.4220587161647],[-89.2200253948407,48.4220657159598],[-89.2200413783518,48.4220714356498],[-89.2200563308916,48.422075799547],[-89.2200715958186,48.4220820900376],[-89.2200866776589,48.4220823477558],[-89.2201022386135,48.4220870247064],[-89.2201188241186,48.4220926616867],[-89.220136368159,48.4220978365938],[-89.2201527723387,48.4221026934025],[-89.2201697882246,48.4221072873755],[-89.2201877715548,48.4221107551003],[-89.2202040624348,48.4221182853941],[-89.2202102154747,48.4221282724116],[-89.2202160135205,48.4221406289786],[-89.2202212651827,48.4221507764528],[-89.2202282235296,48.4221640130525],[-89.2202340990815,48.422172564054],[-89.2202404583374,48.422182940272],[-89.2202523814271,48.4221929139729],[-89.2202588824284,48.4222018586786],[-89.2202645773812,48.422212779461],[-89.2202688925901,48.4222265322434],[-89.2202728960183,48.422236200861],[-89.2202777677384,48.4222474623379],[-89.2202836190508,48.422255797869],[-89.2202891162702,48.4222656859755],[-89.2202979094231,48.4222762959218],[-89.2203050852058,48.4222868282225],[-89.2203152945156,48.4222974270244],[-89.2203245710715,48.4223068768792],[-89.2203347982951,48.4223172971866],[-89.2203488259717,48.422330214661],[-89.2203615241687,48.4223399205624],[-89.2203743725801,48.4223488237004],[-89.2203877421039,48.4223571841353],[-89.2204036340198,48.4223642110551],[-89.2204206067587,48.4223709453877],[-89.2204331179267,48.4223744665329],[-89.2204512843117,48.4223800540512],[-89.2204643154702,48.4223828516664],[-89.2204839320296,48.4223863238036],[-89.2205025499591,48.4223885933807],[-89.2205195800669,48.4223894162494],[-89.2205352028822,48.422388096131],[-89.2205544148725,48.4223847659929],[-89.2205605885662,48.4223828482341],[-89.2205755696134,48.4223745252876],[-89.2205895880054,48.4223621343408],[-89.2206019144979,48.4223509646044],[-89.2206033019031,48.4223390343585],[-89.2205950137372,48.4223244117762],[-89.2205855368204,48.4223153904852],[-89.2205717157071,48.4223103471078],[-89.2205584877273,48.4223082748901],[-89.2205437153473,48.4223055351955],[-89.2205284153674,48.4223034372971],[-89.2205137250832,48.4223013096311],[-89.2204991821385,48.4222973517623],[-89.2204849514458,48.4222921840213],[-89.2204729069478,48.422287522009],[-89.2204621511891,48.4222766989404],[-89.2204554485273,48.4222683699573],[-89.2204479907547,48.4222586258771],[-89.2204407151552,48.4222507047361],[-89.220427992334,48.422237300519],[-89.220418380948,48.4222295972189],[-89.2204057731519,48.4222216242625],[-89.2203971895278,48.4222145201351],[-89.2203900189704,48.4222028360818],[-89.2203832000254,48.4221918380339],[-89.2203772076259,48.422182498431],[-89.2203684173042,48.4221708987303],[-89.2203601625931,48.42216076425],[-89.2203531137504,48.4221485847913],[-89.2203505298011,48.4221357864961],[-89.2203493344125,48.4221220337708],[-89.2203523690538,48.4221131299183],[-89.2203592127229,48.4221039734856],[-89.2203675342224,48.4220944844133],[-89.2203795142663,48.4220849499041],[-89.2203907849913,48.4220771916628],[-89.2204061770606,48.4220705163105],[-89.2204182272844,48.4220651363061],[-89.2204338292587,48.4220605172848],[-89.2204487600465,48.4220576189113],[-89.2204638499662,48.4220539364959],[-89.2204775338358,48.4220487597763],[-89.2204904080514,48.4220399547702],[-89.2204989523331,48.4220293439195],[-89.2205061835052,48.422021294765],[-89.2205139665523,48.4220063367071],[-89.2205127557765,48.4219918905864],[-89.2205051781022,48.4219774711157],[-89.220498241486,48.4219678051507],[-89.220489200609,48.4219595132138],[-89.2204770318023,48.4219516865438],[-89.2204623182562,48.4219443696642],[-89.2204495717819,48.4219369662212],[-89.2204348628664,48.4219297554171],[-89.2204219321585,48.421926127206],[-89.2204099432887,48.4219215918753],[-89.2203974981379,48.4219123552528],[-89.2203857386017,48.4219049552429],[-89.2203720523098,48.4218963642933],[-89.2203616670949,48.421889141089],[-89.2203516329442,48.4218797994344],[-89.2203409499015,48.4218697739129],[-89.2203317171944,48.4218603978905],[-89.2203236719885,48.421848927759],[-89.2203168030454,48.421838983359],[-89.2203126700584,48.4218253791148],[-89.2203146797846,48.4218159723039],[-89.2203212700315,48.4218058400568],[-89.2203288190001,48.4217961499645],[-89.220340558378,48.4217872670122],[-89.2203536429525,48.421781336204],[-89.2203723538763,48.4217789514899],[-89.2203914889846,48.4217793837435],[-89.2204047737622,48.4217822043606],[-89.2204201152845,48.4217923630753],[-89.2204325934434,48.4218048084037],[-89.220439734595,48.421817338771],[-89.2204421665975,48.4218274875871],[-89.2204455445368,48.4218371025944],[-89.2204526021082,48.4218480249532],[-89.2204620368811,48.4218588735259],[-89.2204734584529,48.4218662728549],[-89.2204860204001,48.4218707449307],[-89.2205032413434,48.4218744000734],[-89.2205210594591,48.421875690884],[-89.2205386627363,48.4218732924382],[-89.220554903892,48.4218681743044],[-89.2205689696644,48.4218596962798],[-89.2205811130115,48.4218517709165],[-89.2205887229408,48.4218443181642],[-89.2205981581677,48.4218352628364],[-89.2206070359332,48.4218227830923],[-89.2206149996939,48.4218135240419],[-89.2206250855029,48.4218042609089],[-89.2206345766135,48.421796240091],[-89.220647618137,48.4217880814431],[-89.2206630504642,48.4217783623832],[-89.2206758728223,48.4217717815957],[-89.2206916615111,48.4217658354273],[-89.2207069664449,48.4217615990914],[-89.2207225076073,48.4217571692484],[-89.2207369826089,48.4217542985317],[-89.2207562086799,48.421752227712],[-89.2207723099836,48.4217578901424],[-89.2207879059793,48.421764922723],[-89.2208003045837,48.421772160097],[-89.2208104239706,48.4217785246518],[-89.2208212631082,48.4217912616088],[-89.2208259215586,48.4218023112458],[-89.2208318434274,48.4218137845538],[-89.2208401878284,48.4218241152101],[-89.2208466872667,48.4218333019416],[-89.2208550459408,48.4218430295005],[-89.2208660258458,48.4218527307371],[-89.2208791295068,48.4218596755714],[-89.2208930053446,48.4218645190141],[-89.2209095167832,48.4218652618665],[-89.2209270611117,48.421862162708],[-89.2209430046594,48.4218570403689],[-89.2209579218481,48.4218525604617],[-89.2209712939662,48.4218461570693],[-89.2209858964225,48.4218387672031],[-89.221000069841,48.4218320784141],[-89.2210141925753,48.4218243199204],[-89.2210300027179,48.4218170677794],[-89.2210444164982,48.4218100324449],[-89.2210599770085,48.4218047753285],[-89.2210773219002,48.4218020012028],[-89.2210948486654,48.4218009807397],[-89.2211125522279,48.4218005740761],[-89.22113223568,48.4218012124525],[-89.2211509804675,48.4218023961963],[-89.2211677776491,48.4218031514879],[-89.2211720923476,48.421815306323],[-89.221171664191,48.4218272531418],[-89.2211728390695,48.4218402513806],[-89.2211656320075,48.4218510523938],[-89.2211506089002,48.4218595831696],[-89.2211332301639,48.4218696439934],[-89.2211154098597,48.4218794362243],[-89.2210998964639,48.42188791438],[-89.2210877396336,48.4218945984281],[-89.2210755271729,48.4219003784183],[-89.2210626926455,48.421908013072],[-89.2210494897328,48.4219161586884],[-89.2210362209471,48.4219227931251],[-89.2210229071579,48.4219289533705],[-89.2210087245205,48.4219332913393],[-89.2209944104962,48.4219395149835],[-89.2209804831198,48.4219458949109],[-89.2209680402662,48.4219516307529],[-89.2209561434896,48.4219584825137],[-89.2209460764065,48.4219647321103],[-89.2209309684625,48.4219765593153],[-89.2209171690211,48.421985967963],[-89.2209084470635,48.4219960667295],[-89.2209095370011,48.4220052877345],[-89.2209047201795,48.4220160056865],[-89.220903565302,48.4220261049901],[-89.2209066480944,48.4220364202765],[-89.2209105796361,48.4220456466927],[-89.2209188676989,48.4220605760638],[-89.2209316836438,48.4220721141834],[-89.2209402917448,48.4220807401458],[-89.220949872728,48.4220896055442],[-89.2209615868449,48.4220981625299],[-89.220970047535,48.4221095778079],[-89.2209732480712,48.4221200509713],[-89.2209736777147,48.4221318309688],[-89.2209735438345,48.422142963244],[-89.2209732713619,48.4221529006516],[-89.2209729996716,48.4221643136052],[-89.2209727763604,48.4221775187913],[-89.2209721231325,48.4221894510603],[-89.220971633512,48.4222020666657],[-89.220971750512,48.4222156674606],[-89.22096993506,48.4222273270602],[-89.2209627721885,48.4222388649869],[-89.2209522362801,48.422249866126],[-89.220936381318,48.4222604661252],[-89.2209185749162,48.4222703021428],[-89.2209070951494,48.4222782876058],[-89.2208978749656,48.4222885246532],[-89.2208906696151,48.4222964833603],[-89.220884091408,48.4223078210483],[-89.2208781735591,48.4223193610208],[-89.2208729810357,48.4223279727541],[-89.2208678019323,48.4223406141294],[-89.2208655255657,48.4223529574263],[-89.2208626380117,48.4223641797617],[-89.220858338889,48.4223728822112],[-89.2208511712938,48.4223849330691],[-89.2208466217845,48.4223949620597],[-89.2208397720464,48.4224074827377],[-89.2208360498629,48.422416644606],[-89.2208317510298,48.4224281452164],[-89.2208283083079,48.4224384776385],[-89.2208234319179,48.4224505904218],[-89.2208204238749,48.4224619329474],[-89.2208146119624,48.4224743535081],[-89.2208100935303,48.4224872979296],[-89.220806859384,48.4224971125764],[-89.2208036445775,48.4225080533145],[-89.2207995391101,48.4225202690759],[-89.2207976943325,48.4225293650011],[-89.2207959700752,48.4225406989327],[-89.2207936142262,48.4225501646189],[-89.2207869838147,48.4225602436835],[-89.2207838695401,48.4225719094635],[-89.2207839498608,48.422582498662],[-89.2207852425577,48.422595968787],[-89.2207870036983,48.422605392768],[-89.2207896814682,48.4226165877179],[-89.2207939845103,48.4226294058935],[-89.2207972114283,48.4226392127496],[-89.2208036242241,48.4226508133381],[-89.2208080850092,48.4226616679506],[-89.2208152558214,48.4226742535046],[-89.2208214686516,48.4226884302879],[-89.220825203245,48.4227005495496],[-89.2208295500109,48.4227106487882],[-89.2208334027028,48.4227217868605],[-89.2208377993139,48.4227330916772],[-89.2208426332949,48.422747546109],[-89.220849016095,48.4227593263209],[-89.2208562457411,48.4227695084509],[-89.2208611539631,48.4227789049527],[-89.2208697631175,48.4227896614657],[-89.2208796961884,48.4228004922841],[-89.2208914360212,48.4228084261654],[-89.2209019073294,48.4228144861051],[-89.2209169938387,48.4228200250538],[-89.220930706573,48.4228217405734],[-89.2209456852274,48.4228211454266],[-89.2209585585454,48.4228181166684],[-89.2209758934631,48.4228092443667],[-89.2209807742775,48.4227953104339],[-89.2209821322247,48.4227849390891],[-89.2209824439911,48.4227713444115],[-89.2209806227401,48.4227596119814],[-89.2209766954652,48.4227482522206],[-89.2209727645628,48.4227371813438],[-89.2209694181431,48.4227273938951],[-89.2209672939039,48.422718075899],[-89.2209666622769,48.4227085779251],[-89.2209626885164,48.422697112893],[-89.2209540093777,48.4226852780594],[-89.2209487091894,48.4226752935075],[-89.2209437337219,48.4226638271239],[-89.2209403636519,48.4226541480989],[-89.220937461214,48.42264400208],[-89.2209345798162,48.4226327570816],[-89.2209300484313,48.4226191047699],[-89.2209249608106,48.4226080733224],[-89.2209205746616,48.4225992416709],[-89.2209166088076,48.422589260143],[-89.2209175333991,48.422577598853],[-89.2209189253481,48.4225685656538],[-89.2209200774645,48.4225577826077],[-89.2209206484301,48.4225482425171],[-89.2209209621996,48.4225374225751],[-89.2209224289002,48.4225258245949],[-89.2209254947876,48.4225155615283],[-89.2209283350322,48.4225065723411],[-89.2209329993419,48.4224951456457],[-89.2209372688574,48.422481701276],[-89.2209425153453,48.422469427487],[-89.2209478781949,48.4224590480865],[-89.2209517694589,48.4224502923278],[-89.2209579523704,48.422439034248],[-89.2209620509592,48.4224297319467],[-89.2209677875756,48.4224189962316],[-89.2209714461536,48.4224102053771],[-89.2209780625541,48.4223991548611],[-89.2209835941581,48.4223902594577],[-89.2209914327332,48.4223793994763],[-89.2209956492521,48.422369763795],[-89.2210016498695,48.4223594719465],[-89.2210077415654,48.4223482615114],[-89.2210140932763,48.4223388608153],[-89.221023201469,48.4223273572986],[-89.2210329891876,48.4223171470703],[-89.2210439725112,48.4223098360836],[-89.2210530794858,48.4223023363971],[-89.2210639097465,48.4222934367377],[-89.2210720787167,48.422283892977],[-89.221079077818,48.4222729709239],[-89.221085573244,48.422263208455],[-89.2210901050065,48.422253331852],[-89.2210951972485,48.4222424205297],[-89.2210985843209,48.4222289832974],[-89.2210992785804,48.4222197296384],[-89.2210973704664,48.4222091676391],[-89.2210952371114,48.4221999505907],[-89.221092946546,48.4221895147416],[-89.2210918895411,48.4221804919433],[-89.2210902147262,48.422168800773],[-89.2210896631261,48.4221579138661],[-89.2210895524013,48.422144860887],[-89.2210896986561,48.4221358427437],[-89.2210891588293,48.4221228070485],[-89.2210967594266,48.4221111715869],[-89.2211100048453,48.4221036900469],[-89.2211250710882,48.422099217137],[-89.2211455520152,48.4220964094313],[-89.2211601104061,48.4220961012887],[-89.2211790885239,48.4220967433819],[-89.2211971073056,48.4220980149173],[-89.2212156106515,48.4220994561385],[-89.2212321615516,48.422101505494],[-89.2212465913988,48.4221037991499],[-89.2212596733419,48.4221061809176],[-89.2212784251502,48.4221111820701],[-89.2212961654056,48.4221125759343],[-89.2212965223459,48.422112732792],[-89.2213129490883,48.4221133602573],[-89.2213335679694,48.422109748192],[-89.2213469466355,48.4221031844775],[-89.2213576815403,48.4220973088327],[-89.2213727999806,48.422090312932],[-89.2213893903954,48.4220814549449],[-89.2214006973741,48.4220741907567],[-89.2214093775372,48.42206335228],[-89.221413715312,48.4220525005015],[-89.2214164353781,48.4220397959277],[-89.2214172656975,48.4220256648879],[-89.2214111273914,48.4220132303772],[-89.2213996909487,48.4220012149008],[-89.221389207544,48.4219898828075],[-89.2213765291792,48.4219774405493],[-89.2213605605163,48.4219668550044],[-89.221349698704,48.4219589042128],[-89.2213406159698,48.4219499653434],[-89.2213323695919,48.4219421961677],[-89.2213237845327,48.4219315570878],[-89.2213160625622,48.4219206854023],[-89.2213094822852,48.4219123442075],[-89.2213013329822,48.4218971890504],[-89.2213002672662,48.4218870678484],[-89.2213045643516,48.4218782592522],[-89.2213152602035,48.4218693801586],[-89.2213243117828,48.421861852728],[-89.2213362688831,48.4218526964485],[-89.2213515894284,48.4218447258354],[-89.2213697563811,48.4218347937121],[-89.221387203721,48.4218250986181],[-89.2214022184386,48.4218194462173],[-89.2214178183272,48.4218148450966],[-89.2214327717327,48.4218112281712],[-89.2214504914504,48.421808959597],[-89.2214672281944,48.4218081423801],[-89.221483537319,48.4218079965229],[-89.2215023686464,48.4218082815046],[-89.221518247867,48.4218085065383],[-89.2215320050288,48.4218093555846],[-89.2215453550225,48.4218111590125],[-89.2215591515982,48.4218126020175],[-89.2215787718949,48.4218152020545],[-89.2215979343036,48.4218178721144],[-89.2216111548911,48.4218206758376],[-89.2216278368257,48.4218247092141],[-89.2216449610312,48.4218305155156],[-89.2216610518423,48.421835376363],[-89.2216782028562,48.4218405262367],[-89.2216940463508,48.4218467522523],[-89.2217096976732,48.421852631982],[-89.2217252257163,48.421860582576],[-89.2217381991543,48.4218697773601],[-89.2217498567299,48.4218774077341],[-89.2217606680751,48.4218866181888],[-89.2217704931449,48.4218946618473],[-89.2217795323584,48.4219072823295],[-89.2217846675753,48.4219186898093],[-89.2217890412628,48.4219275126724],[-89.2217882868875,48.4219418329918],[-89.2217745160044,48.4219527608397],[-89.2217690051476,48.4219639879883],[-89.2217662369253,48.42197279586],[-89.2217543934243,48.4219779839691],[-89.2217404081851,48.4219830658929],[-89.2217201033998,48.4219908107336],[-89.2217122505932,48.4220013084488],[-89.2217013028567,48.4220081608491],[-89.221691027309,48.4220168510135],[-89.2216822759536,48.4220241639357],[-89.2216722468836,48.4220359651109],[-89.2216672604249,48.4220468501236],[-89.2216651766583,48.4220570024677],[-89.2216629753851,48.4220700713151],[-89.2216627710788,48.4220802359403],[-89.2216622620053,48.4220896731705],[-89.2216664964591,48.4220996431873],[-89.2216741220377,48.4221102548892],[-89.2216833117698,48.4221195065719],[-89.2216930286647,48.4221293158021],[-89.2217056211596,48.42213854584],[-89.2217180709797,48.4221466116795],[-89.2217306224937,48.4221550876308],[-89.2217440423104,48.4221616213801],[-89.2217596228045,48.4221654402845],[-89.2217736646382,48.4221663674783],[-89.2217913904481,48.4221661582221],[-89.2218094703079,48.4221672485353],[-89.2218220008361,48.4221721736379],[-89.221832237802,48.4221825009527],[-89.2218361524845,48.4221950566736],[-89.221836604863,48.4221992622815],[-89.2218384624496,48.42222090725],[-89.2218375344634,48.422232082759],[-89.2218365040322,48.4222412808356],[-89.2218354756917,48.4222573780202],[-89.2218338412166,48.4222682234792],[-89.2218312984193,48.4222793492067],[-89.2218270213777,48.4222919642031],[-89.2218256553542,48.4223034171938],[-89.2218251688984,48.4223166895471],[-89.2218239373644,48.4223287778499],[-89.2218220690903,48.4223392526366],[-89.2218204812299,48.4223499892268],[-89.22181883178,48.4223623204329],[-89.2218172522631,48.4223714193489],[-89.2218154784158,48.4223840597667],[-89.2218141040828,48.42239436126],[-89.2218130110622,48.4224048831519],[-89.2218123881242,48.4224173195908],[-89.2218121101469,48.4224266929748],[-89.2218113965381,48.4224397780728],[-89.2218103152481,48.4224500730054],[-89.2218085351259,48.4224597795167],[-89.2218061091587,48.4224713528527],[-89.2218034028164,48.4224837503612],[-89.2218022407014,48.4224936797642],[-89.2218010491693,48.4225050736],[-89.2218006568176,48.4225214653067],[-89.2217984933098,48.4225385309374],[-89.2217861750667,48.4225490168468],[-89.2217732228056,48.4225569597622],[-89.2217606734941,48.4225655876863],[-89.2217484043741,48.4225740383476],[-89.2217342657397,48.4225815273177],[-89.2217194901654,48.4225895684291],[-89.2217054178028,48.4225960043282],[-89.2216897047743,48.4226030378493],[-89.2216752683364,48.4226108276768],[-89.2216595873771,48.422616674727],[-89.2216440317722,48.4226226066277],[-89.2216287374235,48.4226274618985],[-89.2216120468342,48.4226337153291],[-89.2215948166288,48.422639435742],[-89.2215762391995,48.4226439891295],[-89.2215589320824,48.4226497749035],[-89.2215417079663,48.4226549841428],[-89.2215302941569,48.422659800436],[-89.22151389617,48.4226650764896],[-89.2214968309157,48.4226692479614],[-89.2214812790687,48.4226731274777],[-89.2214665945105,48.4226776767364],[-89.2214516207147,48.4226837152384],[-89.2214378874369,48.422690178745],[-89.2214243620221,48.4226984026104],[-89.2214150739174,48.4227080111979],[-89.2214100958987,48.4227181312624],[-89.221407823705,48.4227305365707],[-89.2214113759618,48.4227412917423],[-89.2214217002,48.4227526898884],[-89.2214358609333,48.4227609296517],[-89.2214537555213,48.4227645869375],[-89.2214727354159,48.4227652019568],[-89.2214898026323,48.4227647643403],[-89.2215065248375,48.4227617151638],[-89.2215235799,48.4227566891419],[-89.2215408226298,48.422753053178],[-89.2215570929033,48.4227470795957],[-89.2215752799177,48.4227416628117],[-89.2215888466735,48.4227374878254],[-89.2216023749445,48.4227337013655],[-89.221616382552,48.4227288484597],[-89.2216292470867,48.4227253096475],[-89.2216412566557,48.4227210738606],[-89.2216541521292,48.4227152374312],[-89.2216676755351,48.4227107195751],[-89.2216806081215,48.4227049903936],[-89.22169403785,48.4226999363039],[-89.2217066428303,48.4226944752699],[-89.2217185351887,48.4226876136207],[-89.2217313037659,48.4226825255119],[-89.2217437633385,48.4226752489234],[-89.2217557769598,48.4226692774624],[-89.2217680303023,48.4226629135847],[-89.2217789891559,48.4226551351399],[-89.2217934250802,48.4226473336129],[-89.2218035766846,48.4226399216553],[-89.2218189249745,48.4226310336182],[-89.2218289810663,48.4226235704193],[-89.2218401700977,48.4226179090911],[-89.2218518035285,48.4226106592467],[-89.2218624486069,48.4226043345248],[-89.2218724444969,48.4225982499753],[-89.2218822027534,48.4225908078206],[-89.2218958141653,48.4225811174751],[-89.2219029545655,48.422572818961],[-89.2219123397398,48.4225615331564],[-89.2219181274422,48.4225512912591],[-89.2219249810263,48.4225395154203],[-89.221926712809,48.4225296307943],[-89.2219278291865,48.4225162041139],[-89.2219286774203,48.4225018360952],[-89.2219291606043,48.4224862883816],[-89.2219296541154,48.4224746354102],[-89.2219296535371,48.4224650433739],[-89.2219284822302,48.4224518219405],[-89.221927532092,48.4224406035374],[-89.22192776971,48.422429623111],[-89.2219284386297,48.4224170328285],[-89.2219282842702,48.4224069830999],[-89.22192811307,48.4223934472335],[-89.2219284702082,48.4223817977962],[-89.2219297514673,48.4223709123736],[-89.2219315715882,48.4223584348112],[-89.2219333777944,48.4223483661013],[-89.2219351972682,48.4223352227493],[-89.2219368748679,48.4223240957394],[-89.2219384185212,48.4223133069172],[-89.2219393471123,48.4223011227957],[-89.2219399601892,48.4222913128653],[-89.2219412668158,48.4222788083336],[-89.2219423721741,48.4222685390267],[-89.2219427771004,48.4222564046099],[-89.2219426444413,48.4222455815916],[-89.2219435929665,48.4222342266382],[-89.2219470577925,48.4222203767002],[-89.2219495627188,48.4222114830379],[-89.2219507822066,48.4221947793385],[-89.2219492669087,48.4221832479498],[-89.221945805946,48.4221726970686],[-89.2219562717488,48.422164154361],[-89.2219768191611,48.4221629647411],[-89.2219991431657,48.4221596453181],[-89.2220140746796,48.4221592137935],[-89.2220322153702,48.422159870125],[-89.222046116573,48.4221612300746],[-89.2220617722932,48.4221634567578],[-89.2220777511229,48.4221653433956],[-89.2220926708857,48.4221679900726],[-89.2221124010991,48.4221712779902],[-89.2221254977997,48.4221743377726],[-89.2221400024128,48.4221768566047],[-89.2221537206285,48.4221798476928],[-89.2221667744643,48.4221844351448],[-89.2221840399749,48.4221898508515],[-89.2222011283339,48.4221963496575],[-89.2222136394832,48.4222005813982],[-89.2222247176323,48.4222075373233],[-89.2222355818656,48.4222136795237],[-89.2222466118193,48.4222216998616],[-89.2222621974383,48.4222294783218],[-89.2222756351953,48.4222384670327],[-89.2222922768646,48.4222459119772],[-89.2223068724941,48.4222557240608],[-89.2223172477867,48.422261874801],[-89.2223273580724,48.4222704725347],[-89.2223374676526,48.4222766365048],[-89.2223475483324,48.4222849891819],[-89.2223590472449,48.4222913638344],[-89.2223708891437,48.4222972343063],[-89.2223806041263,48.4223055391629],[-89.2223896246255,48.4223127354717],[-89.2223983078203,48.4223221777315],[-89.222407044838,48.4223300336221],[-89.222415895044,48.4223380051897],[-89.2224255922635,48.4223473900648],[-89.2224367924071,48.4223547241991],[-89.2224477153775,48.422364257236],[-89.2224572725785,48.4223717022916],[-89.2224672912665,48.4223786327793],[-89.2224780119098,48.4223867499451],[-89.2224887264632,48.4223930848575],[-89.2224992061937,48.42240119498],[-89.2225104542065,48.4224083554335],[-89.2225217390418,48.4224160811061],[-89.2225322118896,48.42242499392],[-89.2225424640633,48.4224322563893],[-89.2225530015867,48.4224413811882],[-89.2225634084814,48.4224472631753],[-89.2225741280723,48.4224528143154],[-89.2225860402228,48.4224597360947],[-89.2225988549301,48.4224640141122],[-89.2226160683819,48.4224700614729],[-89.2226272440166,48.4224752519998],[-89.2226377113095,48.4224818984854],[-89.2226543590878,48.4224891705111],[-89.2226663991203,48.4224937244141],[-89.2226776995102,48.4225021155728],[-89.222684450012,48.4225115321795],[-89.2226943435302,48.4225185667362],[-89.2227041360638,48.4225255483599],[-89.2227126104091,48.4225351277926],[-89.2227248419628,48.4225456522119],[-89.222733809714,48.4225540542549],[-89.2227440057676,48.4225650489815],[-89.2227515004539,48.4225790677296],[-89.222755430501,48.4225886540053],[-89.222760985782,48.4226001091068],[-89.2227681314758,48.4226089782316],[-89.2227746357379,48.4226201243789],[-89.222784431021,48.4226315065342],[-89.2227910570926,48.4226415094657],[-89.2227987982025,48.4226500521751],[-89.2228061158377,48.4226584933007],[-89.2228132506234,48.4226686303566],[-89.2228208337639,48.4226767433461],[-89.2228272154284,48.4226873097329],[-89.2228319332162,48.4226959891468],[-89.2228361012909,48.4227050507741],[-89.2228410079494,48.4227162313926],[-89.2228465135924,48.422724967558],[-89.2228518698373,48.422735887562],[-89.2228572655502,48.4227443037472],[-89.2228627710186,48.4227527259085],[-89.2228687804551,48.422763776345],[-89.2228752155041,48.4227718476389],[-89.2228818504538,48.4227820222424],[-89.2228894214297,48.4227904134798],[-89.22289746599,48.4227988153579],[-89.2229041967163,48.4228096359164],[-89.2229096819095,48.4228191732358],[-89.2229146872921,48.4228303852332],[-89.2229203281851,48.4228391844614],[-89.2229255869015,48.4228481161386],[-89.2229323463854,48.4228630659116],[-89.2229374519637,48.4228715857714],[-89.2229431178497,48.4228822280672],[-89.2229490758353,48.4228907350506],[-89.2229546046677,48.4229018919425],[-89.2229604664368,48.4229104862594],[-89.2229657878999,48.4229191207101],[-89.2229696532318,48.4229305373851],[-89.2229739907028,48.4229434807779],[-89.2229755879207,48.4229524841209],[-89.2229768102209,48.4229638313153],[-89.2229659040536,48.4229744259183],[-89.2229511599957,48.4229791285715],[-89.2229367899577,48.4229825202816],[-89.222919368834,48.4229893791454],[-89.2229055121321,48.4229940646425],[-89.2228927678848,48.4230003292615],[-89.22287815839,48.423010905457],[-89.2228686342904,48.4230216065],[-89.2228603816879,48.4230313661411],[-89.2228545351167,48.4230404413706],[-89.2228481397606,48.4230503540601],[-89.222846859822,48.42305971622],[-89.2228414674122,48.4230703401083],[-89.2228403561388,48.423082948842],[-89.2228361479867,48.4230934202809],[-89.2228233042399,48.423101371114],[-89.2228081734239,48.4231069080772],[-89.2227955977716,48.4231111198364],[-89.2227779438298,48.4231151841104],[-89.2227647061729,48.4231181958208],[-89.2227485758694,48.4231205292506],[-89.2227312668304,48.4231228629646],[-89.222715175256,48.4231261772492],[-89.2226951587211,48.4231296600551],[-89.2226820652395,48.4231331881153],[-89.22266835848,48.4231366020631],[-89.2226547304552,48.4231412012348],[-89.2226369453446,48.4231471862512],[-89.2226278352831,48.4231540554099],[-89.2226150149262,48.423163194314],[-89.2226078325712,48.4231708710676],[-89.2225971387671,48.4231804178415],[-89.2225878034432,48.4231904593077],[-89.2225789268122,48.4231992403815],[-89.2225738924791,48.4232108542406],[-89.2225704124229,48.4232225550296],[-89.2225747524242,48.4232376964339],[-89.2225848940408,48.4232479985322],[-89.2225982909362,48.423253346778],[-89.2226119848595,48.4232576329965],[-89.2226253442502,48.423264259584],[-89.2226406978445,48.423268848427],[-89.2226580647988,48.4232715907975],[-89.2226771886297,48.4232711933375],[-89.2226946163579,48.4232706496051],[-89.2227126118423,48.4232735147808],[-89.2227269527566,48.4232743802961],[-89.2227414479862,48.4232737942581],[-89.2227557491905,48.4232716113441],[-89.2227756188201,48.4232685092547],[-89.2227885148303,48.4232648230485],[-89.222805213698,48.4232583551516],[-89.2228119383063,48.423250442505],[-89.2228216004043,48.4232392781373],[-89.2228292151122,48.4232312871054],[-89.2228418981558,48.4232227194621],[-89.2228559467324,48.42321468416],[-89.22287165707,48.4232113376356],[-89.222889919445,48.4232135039316],[-89.2229057226551,48.4232218917172],[-89.2229180244501,48.4232290947456],[-89.2229323419389,48.423237138753],[-89.2229429783166,48.4232442480043],[-89.2229533646872,48.4232505532272],[-89.222963272567,48.4232601436229],[-89.2229723850125,48.423268883849],[-89.222981567998,48.4232770099933],[-89.2229892769697,48.4232866410872],[-89.2229998745833,48.4232980976897],[-89.2230061834732,48.4233079537843],[-89.2230118556862,48.4233168495734],[-89.2230167974439,48.4233287393943],[-89.2230209537108,48.4233376212961],[-89.2230239548021,48.423346919608],[-89.2230246458586,48.4233605281996],[-89.2230228878969,48.4233745179269],[-89.22302220493,48.4233848591555],[-89.2230217643466,48.423396077437],[-89.2230194197456,48.4234077751878],[-89.2230155071573,48.4234169650996],[-89.2230111325258,48.4234265949134],[-89.2230077959145,48.4234362523501],[-89.2230055027537,48.4234460308768],[-89.223003225388,48.423458247373],[-89.223001193348,48.4234702000045],[-89.222999483312,48.4234846377713],[-89.2229977840941,48.4234955744703],[-89.2229955751474,48.4235057031644],[-89.2229921593091,48.4235187811148],[-89.2229878314365,48.4235302265834],[-89.222983597664,48.423542248761],[-89.2229789042541,48.4235517605716],[-89.2229736742042,48.4235607771043],[-89.2229675065104,48.4235715401451],[-89.222961733102,48.4235807750172],[-89.2229565319721,48.4235941726868],[-89.2229536714452,48.4236054476361],[-89.2229532720572,48.4236164950713],[-89.222950335451,48.4236281331833],[-89.2229465775586,48.423638390784],[-89.2229452501092,48.4236501030637],[-89.2229453866598,48.4236609790883],[-89.2229465354228,48.4236714459655],[-89.2229482288633,48.4236808262354],[-89.2229490046375,48.4236921010832],[-89.222949868834,48.4237016845247],[-89.2229511268548,48.4237122698541],[-89.2229500020002,48.4237236993011],[-89.2229469176448,48.4237354212443],[-89.2229430942711,48.4237459752224],[-89.2229388892596,48.423756178483],[-89.222933731863,48.4237659313898],[-89.2229315610376,48.4237784526335],[-89.2229335582608,48.4237900862601],[-89.2229328406408,48.4238055827237],[-89.2229320489019,48.4238162508567],[-89.2229324857229,48.4238265731407],[-89.2229305009397,48.4238384321844],[-89.2229266982072,48.4238509777703],[-89.2229250145521,48.4238607535119],[-89.2229264355137,48.4238738342489],[-89.222934114747,48.4238816043746],[-89.2229536416797,48.423885762521],[-89.2229681730558,48.4238876122317],[-89.2229824928819,48.4238886409748],[-89.2229962381366,48.4238902260592],[-89.2230006034027,48.4238907292132],[-89.2230169545769,48.4238968300697],[-89.2230285366768,48.4239016618062],[-89.223038937913,48.4239108449777],[-89.2230309733468,48.4239184406041],[-89.2230131670894,48.4239271063885],[-89.2230069382599,48.4239297145389],[-89.2230007175337,48.4239323225322],[-89.2229852821536,48.4239411395296],[-89.2229723832421,48.4239496582752],[-89.2229690420572,48.4239620932718],[-89.2229743480388,48.423975172698],[-89.2229816460999,48.4239869090098],[-89.2229865788852,48.4239962059759],[-89.2229931506455,48.4240074065883],[-89.2230007140166,48.4240196776104],[-89.2230094152597,48.4240276340164],[-89.2230297708659,48.4240321630184],[-89.2230467687747,48.4240314287005],[-89.2230658348043,48.4240281198607],[-89.2230733512391,48.4240263019773],[-89.223078905359,48.4240249601917],[-89.2230929755873,48.424020019523],[-89.2231077875646,48.4240158445834],[-89.2231221363935,48.4240123012088],[-89.2231359194282,48.4240096703004],[-89.2231548858008,48.4240090967588],[-89.2231682059323,48.4240107278288],[-89.2231836968942,48.4240110231212],[-89.2231990469811,48.4240099796336],[-89.223213092969,48.4240111755932],[-89.2232310164319,48.4240177120889],[-89.2232464808627,48.4240238741404],[-89.2232548219988,48.4240310430253],[-89.2232690635501,48.4240389202089],[-89.2232823948238,48.4240479936361],[-89.2232947802904,48.4240591529294],[-89.2233048431128,48.4240682616427],[-89.223319574414,48.4240769220171],[-89.2233303773196,48.4240834431875],[-89.2233422732061,48.4240890515939],[-89.223353570576,48.4240975795039],[-89.2233645049166,48.4241050059602],[-89.2233750971994,48.4241132055998],[-89.2233849009927,48.4241231929535],[-89.2233953434341,48.4241304678638],[-89.2234065389219,48.4241395105855],[-89.2234170848603,48.4241469886321],[-89.2234276558526,48.4241550717132],[-89.2234375740046,48.4241657586429],[-89.223446204506,48.4241740123956],[-89.2234546942075,48.4241857616304],[-89.2234601449581,48.4241944727345],[-89.2234647064009,48.4242057589693],[-89.223467328692,48.4242162864283],[-89.2234684145651,48.4242315356931],[-89.2234670438638,48.4242432146245],[-89.2234655189301,48.4242522576227],[-89.2234646479329,48.4242660943489],[-89.2234645393902,48.4242772369327],[-89.2234647075699,48.4242906936767],[-89.223465776534,48.4243002893505],[-89.2234679415182,48.4243157948714],[-89.2234696692149,48.4243281876745],[-89.2234739313737,48.4243403596327],[-89.2234825137012,48.4243523410051],[-89.2234956340221,48.4243555864209],[-89.2235127935167,48.424358242701],[-89.2235319584174,48.4243612551916],[-89.2235502565985,48.4243670196212],[-89.2235644953761,48.4243710819571],[-89.2235802376584,48.4243765448987],[-89.2235961834451,48.4243813740913],[-89.2236109954965,48.4243855935883],[-89.2236265398007,48.4243911971105],[-89.2236406586515,48.4243956396431],[-89.2236541376607,48.424400939393],[-89.2236684205014,48.4244100375655],[-89.2236799192668,48.4244177256985],[-89.223689203658,48.4244272696032],[-89.2236988111176,48.4244388883418],[-89.2237034853398,48.4244496595391],[-89.2237090234849,48.4244622917745],[-89.2237110799332,48.4244728616584],[-89.2237143895989,48.4244851680886],[-89.2237165900425,48.4244953204118],[-89.2237198236372,48.4245040563754],[-89.2237225469503,48.4245131800923],[-89.2237233099572,48.4245244677773],[-89.2237245523828,48.4245411958716],[-89.2237236510924,48.4245533767781],[-89.2237240300173,48.4245660853683],[-89.2237236407951,48.4245760610275],[-89.2237229408233,48.4245910272117],[-89.2237213919023,48.4246016569046],[-89.223720949356,48.4246122382149],[-89.223721416112,48.424622034473],[-89.2237223971552,48.4246317515084],[-89.2237227335303,48.4246428656958],[-89.2237239492859,48.4246543056792],[-89.2237246215055,48.4246635131388],[-89.223728260496,48.4246747542162],[-89.2237334281151,48.4246857102149],[-89.2237412313034,48.4246956642395],[-89.223751274729,48.4247046644211],[-89.2237663622008,48.4247108246941],[-89.2237826450878,48.424714361626],[-89.2237970252838,48.4247152811335],[-89.2238145585823,48.4247146983032],[-89.2238301872553,48.4247127856028],[-89.2238480443621,48.4247075736822],[-89.2238656516229,48.4247015001474],[-89.2238834338114,48.4246961205201],[-89.2238946980222,48.4246900085745],[-89.2239097711141,48.4246834199003],[-89.2239233700806,48.4246837228855],[-89.2239399560066,48.4246889994162],[-89.2239506680595,48.4246996592543],[-89.2239399809523,48.4247078123359],[-89.223919228381,48.4247077619395],[-89.2239025124786,48.424710099654],[-89.2238910148746,48.4247186381925],[-89.2238879251371,48.4247276934575],[-89.2238845326019,48.4247376471115],[-89.2238754475532,48.4247487464245],[-89.223862659041,48.4247587117031],[-89.2238516933068,48.4247657778887],[-89.2238407834846,48.424771926165],[-89.2238303994519,48.4247793427936],[-89.223820207397,48.4247858307846],[-89.2238105441134,48.4247936554502],[-89.2237978808124,48.4248005124247],[-89.2237861353362,48.4248082972706],[-89.2237795889308,48.4248165772164],[-89.2237725491714,48.4248256638634],[-89.2237693456888,48.4248371002162],[-89.2237697981725,48.4248489850283],[-89.2237701276496,48.4248609010101],[-89.2237727906088,48.4248717074919],[-89.2237831198578,48.4248813706455],[-89.2237976568656,48.4248852004542],[-89.2238171508,48.4248879726057],[-89.2238301313691,48.4248911406097],[-89.2238493151567,48.4248948904633],[-89.2238625706527,48.4248981629152],[-89.2238772280473,48.4249016844771],[-89.2238910567702,48.4249065995501],[-89.2239033386262,48.4249104837467],[-89.2239186010408,48.4249170266024],[-89.2239303959998,48.4249233827778],[-89.2239344600476,48.4249349764224],[-89.223933462782,48.4249459175552],[-89.2239318403286,48.4249555121809],[-89.2239228972582,48.4249670775124],[-89.2239110192091,48.4249771214626],[-89.2238986775227,48.4249830473046],[-89.22388548303,48.424988853775],[-89.2238731331941,48.4249961725572],[-89.2238587888571,48.4250016512614],[-89.2238422512907,48.4250092849413],[-89.2238305320878,48.425015504649],[-89.2238155047519,48.4250265200096],[-89.2238032296086,48.4250335683201],[-89.2237907399876,48.425039512306],[-89.2237778320302,48.4250469597338],[-89.2237647677779,48.4250527465772],[-89.2237491165714,48.4250602470408],[-89.2237353816275,48.4250639855616],[-89.2237197625495,48.4250668949663],[-89.2237018700432,48.4250664671293],[-89.2236870426955,48.4250631098829],[-89.223672287671,48.4250542547721],[-89.2236617564363,48.4250459109224],[-89.2236530551997,48.4250332840557],[-89.2236461219713,48.4250230999696],[-89.2236373066153,48.4250060306309],[-89.2236310154111,48.4249957513561],[-89.2236246069626,48.4249851396472],[-89.2236173199198,48.4249715254226],[-89.2236087218797,48.4249607050192],[-89.2236020774964,48.4249521519591],[-89.2235927529374,48.4249394903524],[-89.2235834108698,48.4249298656798],[-89.2235750235921,48.4249173694967],[-89.2235693082514,48.4249074920625],[-89.2235657600117,48.4248916084072],[-89.2235663990752,48.424882400789],[-89.223572748233,48.4248701577495],[-89.2235794830675,48.4248616411422],[-89.2236000701687,48.4248590756786],[-89.2236144614279,48.4248602478199],[-89.2236296997493,48.424861500754],[-89.2236463523868,48.4248633183663],[-89.2236625082591,48.4248646255353],[-89.2236768200045,48.4248657722141],[-89.2236933384178,48.4248663417869],[-89.2237065803738,48.4248634504529],[-89.2237133159741,48.4248498413383],[-89.2237154159148,48.4248372791644],[-89.2237125029265,48.4248278055201],[-89.2237029860865,48.4248191631447],[-89.2236879426657,48.4248108534511],[-89.2236707647541,48.4248047434807],[-89.2236567845071,48.4248000103576],[-89.2236413796696,48.4247961496235],[-89.2236240191449,48.4247914305637],[-89.2236086659028,48.4247881014692],[-89.2235940637867,48.4247852877935],[-89.2235782069133,48.4247818793582],[-89.2235610505664,48.4247784312622],[-89.2235444486374,48.4247740268268],[-89.2235311987524,48.4247703241578],[-89.2235189174111,48.4247658307929],[-89.2235066677526,48.4247586250212],[-89.2234954327644,48.4247502605715],[-89.2234860838965,48.4247395185549],[-89.2234810088316,48.4247304654894],[-89.2234820099187,48.4247202602676],[-89.2234868078573,48.4247087139223],[-89.2234916616257,48.424698508898],[-89.2234949933873,48.4246849925912],[-89.2234987402481,48.4246739875098],[-89.2235034564156,48.4246631076467],[-89.223509470428,48.4246516106693],[-89.2235150707067,48.4246423422291],[-89.2235190455483,48.4246293749222],[-89.2235199565686,48.4246192434197],[-89.2235180710211,48.424608004427],[-89.2235160108401,48.4245973482378],[-89.2235113231454,48.4245827984181],[-89.2235053773341,48.4245717584832],[-89.2234994437095,48.4245612455555],[-89.2234922830498,48.4245529103077],[-89.2234820533518,48.4245459282051],[-89.2234707156579,48.4245379040378],[-89.2234600185047,48.4245310209433],[-89.2234496619939,48.4245223407954],[-89.2234389208513,48.4245159983887],[-89.2234276677911,48.4245090459616],[-89.2234172793592,48.4244983330329],[-89.2234076394631,48.424489656123],[-89.2233986598387,48.4244790410212],[-89.2233918597771,48.4244693653931],[-89.2233839126954,48.4244551511949],[-89.2233773749935,48.4244460355261],[-89.2233713970202,48.424436921633],[-89.22336540767,48.4244264007783],[-89.2233591726923,48.4244176238539],[-89.2233530698963,48.4244051536722],[-89.2233477031707,48.4243952703873],[-89.223342679115,48.4243848136468],[-89.2233374458927,48.424372661355],[-89.2233330849832,48.4243629034832],[-89.2233299646727,48.4243492959678],[-89.2233258695724,48.4243381635649],[-89.2233222218175,48.4243258825534],[-89.2233182780032,48.4243125788709],[-89.2233145113981,48.4243021590036],[-89.2233117391662,48.4242881947632],[-89.2233100702073,48.4242766204785],[-89.2233104072884,48.4242651072862],[-89.2233114082792,48.4242552709574],[-89.2233104649579,48.424245456018],[-89.2233059594634,48.4242304635982],[-89.2233017165094,48.424220000754],[-89.2232986313732,48.4242093364817],[-89.223295841118,48.4241978090643],[-89.2232901103762,48.4241890934678],[-89.2232812722041,48.4241780626453],[-89.2232706496744,48.4241700372302],[-89.2232593934407,48.4241621113376],[-89.223247180658,48.4241527103785],[-89.2232340815787,48.4241461706038],[-89.2232218751026,48.4241390206503],[-89.2232152777472,48.4241365911363],[-89.2232080114019,48.4241339172297],[-89.2231927155492,48.4241297295261],[-89.2231769618208,48.4241262011773],[-89.2231611480351,48.4241247352739],[-89.2231418780862,48.4241235880979],[-89.2231240519958,48.4241252633624],[-89.2231083627322,48.4241300283903],[-89.2230967083572,48.4241311012023],[-89.2230896599636,48.4241317493859],[-89.2230753560351,48.4241366324895],[-89.2230678867016,48.424144208649],[-89.2230667346388,48.42415588155],[-89.2230690472655,48.424166129788],[-89.2230714827845,48.4241826026978],[-89.2230711479994,48.4241938909119],[-89.2230716497109,48.4242059475243],[-89.2230761286004,48.4242172335703],[-89.2230825270645,48.4242299760691],[-89.2230880523472,48.4242385687848],[-89.2230926124897,48.4242492693333],[-89.2230953611966,48.4242614255716],[-89.2230912531908,48.4242735424919],[-89.2230822311505,48.42428553036],[-89.2230746665743,48.4242948898304],[-89.2230629923359,48.424303439798],[-89.2230467185055,48.4243106094037],[-89.2230330247854,48.4243127797112],[-89.2230164114519,48.4243130666244],[-89.2230015938278,48.4243102669363],[-89.222992026843,48.4242972788649],[-89.2229920567959,48.4242868422914],[-89.2229902803453,48.4242762417907],[-89.2229840178892,48.4242640445952],[-89.2229787806209,48.4242548956718],[-89.2229783927518,48.424245447882],[-89.2229720498235,48.4242326764124],[-89.2229622297551,48.4242191542903],[-89.2229574614411,48.4242071828394],[-89.2229537969454,48.4241916343124],[-89.2229521798897,48.4241805970594],[-89.2229528218075,48.4241712355346],[-89.2229543014351,48.4241533130616],[-89.2229548550681,48.4241422068627],[-89.222952503759,48.424125463303],[-89.2229484877068,48.4241145911809],[-89.2229426483529,48.4241043760132],[-89.2229397053268,48.4240921335537],[-89.2229420821361,48.4240824433859],[-89.2229460200964,48.4240720365493],[-89.2229320325376,48.4240640311535],[-89.2229151677235,48.424063509555],[-89.2228989702294,48.4240696699647],[-89.2228860643641,48.4240747149682],[-89.2228784846926,48.4240828609789],[-89.2228797049868,48.4240944097513],[-89.2228780436056,48.4241068653638],[-89.222875678498,48.424116421244],[-89.2228731099274,48.4241282231891],[-89.2228702401052,48.4241370861327],[-89.222866708673,48.424152504716],[-89.2228651236477,48.4241626825299],[-89.22286491367,48.4241727734866],[-89.2228623015822,48.4241841048128],[-89.2228588869062,48.424192935099],[-89.2228555474038,48.4242028688035],[-89.2228479230672,48.4242133999657],[-89.2228375059884,48.4242225077407],[-89.222828429619,48.4242309894823],[-89.2228268807373,48.4242403847296],[-89.2228255443161,48.4242525119567],[-89.2228222271126,48.4242626161782],[-89.2228177162461,48.4242713875722],[-89.2228127361233,48.4242836562968],[-89.2228076032152,48.4242931046142],[-89.2228026355333,48.4243022501272],[-89.2227970933327,48.4243127590408],[-89.2227890575217,48.4243207069221],[-89.2227813363976,48.42433177799],[-89.2227736375189,48.4243409420947],[-89.2227657850927,48.4243493443939],[-89.2227587512155,48.4243591263583],[-89.2227493490293,48.4243710477681],[-89.2227434738951,48.4243820129793],[-89.2227371344274,48.4243909798609],[-89.2227318058286,48.4243999712935],[-89.2227243943574,48.424408194119],[-89.2227162949026,48.4244158921996],[-89.2227042839349,48.4244269202021],[-89.22269348231,48.4244343726898],[-89.2226828196996,48.4244446710421],[-89.2226718935073,48.4244525838987],[-89.2226599992259,48.4244606783139],[-89.2226478430876,48.4244695875471],[-89.2226359165546,48.4244744327503],[-89.2226208251743,48.4244805735439],[-89.2226053667193,48.4244875032963],[-89.2225948944224,48.4244969279216],[-89.222586317074,48.4245041457734],[-89.2225768331976,48.4245142269955],[-89.222567686375,48.4245218085455],[-89.2225587574388,48.4245291168644],[-89.2225492023625,48.4245387127048],[-89.2225401614633,48.4245461815387],[-89.2225319605693,48.424555645941],[-89.2225213385858,48.4245649555869],[-89.2225143725189,48.424574186489],[-89.2225043720144,48.424585688468],[-89.222499957716,48.4245920889878],[-89.2225156523641,48.4245864511999],[-89.2225274884779,48.4245807719055],[-89.2225399151112,48.4245743128275],[-89.2225551061208,48.4245702691947],[-89.2225722088219,48.4245656730717],[-89.2225884800763,48.4245630274374],[-89.2226026307601,48.4245607943689],[-89.2226219192822,48.4245589550657],[-89.2226410074424,48.4245598980044],[-89.2226546383482,48.424562173635],[-89.2226711468693,48.4245677559536],[-89.2226693830076,48.424577553934],[-89.2226561658205,48.424581973315],[-89.2226395173282,48.4245842762531],[-89.2226205254308,48.4245873685523],[-89.2226055680723,48.4245903846831],[-89.2225922029574,48.4245938612967],[-89.2225804519726,48.4246002524404],[-89.2225734540642,48.4246084123802],[-89.2225671255582,48.4246195222022],[-89.2225574492974,48.424626123377],[-89.2225530947383,48.4246381388727],[-89.2225604240009,48.4246460039593],[-89.2225714223557,48.4246585235371],[-89.2225672654398,48.4246701735218],[-89.2225526909102,48.4246760164041],[-89.222537527403,48.4246813110324],[-89.2225284596744,48.4246898078776],[-89.2225271784591,48.4247044730775],[-89.2225256183617,48.4247213911973],[-89.2225284553318,48.4247330940767],[-89.2225358333905,48.4247410239023],[-89.2225470825006,48.4247494988394],[-89.2225626788446,48.4247546840238],[-89.2225793546254,48.4247588622405],[-89.2225935573576,48.424757201297],[-89.2226070561168,48.4247545561526],[-89.2226209193004,48.4247531995786],[-89.2226370082706,48.424753222467],[-89.222653410088,48.4247542811974],[-89.2226706525585,48.424760355882],[-89.2226783132499,48.4247685663514],[-89.2226792840536,48.4247808730218],[-89.2226818299702,48.4247937430764],[-89.2226856915206,48.4248038624174],[-89.2226882520779,48.4248182455384],[-89.2226840535611,48.4248304289724],[-89.2226740289918,48.424839861147],[-89.2226650839933,48.4248485994585],[-89.222671050688,48.4248602454517],[-89.2226844149401,48.4248687397825],[-89.2226888560209,48.4248775793015],[-89.2226927452891,48.4248883648081],[-89.2226990577522,48.4248963781972],[-89.2227221503843,48.4248996199284],[-89.2227383150763,48.4248985886528],[-89.2227524560601,48.4248979284856],[-89.2227668114995,48.4248976600543],[-89.2227802612764,48.4248961225069],[-89.2228027482546,48.424894994231],[-89.2228185177274,48.4249016363003],[-89.2228298519166,48.4249141664579],[-89.2228395548345,48.4249208798819],[-89.2228524409217,48.4249275227883],[-89.2228657532346,48.4249308284467],[-89.2228812566603,48.4249344705438],[-89.22289817944,48.4249427899066],[-89.2229104379673,48.4249467916251],[-89.2229256860642,48.42494798958],[-89.2229391485191,48.4249455340422],[-89.2229593207735,48.4249390358847],[-89.222974816083,48.4249351176765],[-89.2229884636106,48.4249330931265],[-89.2230082685672,48.4249353105672],[-89.2230161306624,48.4249381277258],[-89.223026108991,48.4249417029435],[-89.2230365368476,48.424947711345],[-89.2230388311003,48.4249597683993],[-89.2230512763783,48.4249657881915],[-89.2230624080335,48.4249606622977],[-89.2230785260095,48.4249577235454],[-89.2230908920958,48.4249687752666],[-89.2230952308701,48.4249779946351],[-89.2230978718933,48.4249886423032],[-89.2230956442419,48.4250004808495],[-89.2230945403522,48.4250117398411],[-89.2230956585075,48.4250228668102],[-89.2230954930118,48.4250319932933],[-89.2230954275308,48.425035511612],[-89.2230936979464,48.4250485101831],[-89.2230901805754,48.4250583951466],[-89.2230785494663,48.4250688049266],[-89.2230710960716,48.4250782675149],[-89.2230668114073,48.4250869877593],[-89.2230644488027,48.425098460023],[-89.2230635601617,48.4251112443984],[-89.2230543028133,48.4251191439286],[-89.2230403458336,48.4251254787859],[-89.2230367019705,48.4251300793662],[-89.2230327853152,48.4251350271172],[-89.2230302808473,48.4251475548087],[-89.2230345977503,48.4251563967144],[-89.223046657464,48.4251657547678],[-89.2230560357274,48.4251724924432],[-89.2230697985107,48.4251789636264],[-89.2230778583735,48.4251834000751],[-89.2231074429128,48.4251927513947],[-89.2231156765346,48.4251944160064],[-89.2231287200904,48.4251977565205],[-89.2231392110805,48.4252027937812],[-89.223160595783,48.4252095504007],[-89.2231756582303,48.4252077000197],[-89.2231889840925,48.425203940682],[-89.2232020750926,48.425200685234],[-89.2232208334035,48.425198648242],[-89.2232388391639,48.4251995949098],[-89.2232513926839,48.4252047785364],[-89.2232623767999,48.4252129067308],[-89.2232719075943,48.4252194524965],[-89.2232885654353,48.4252269941565],[-89.2233046708949,48.425232379037],[-89.2233191579833,48.4252380993088],[-89.2233345466698,48.4252435700193],[-89.2233506654145,48.4252523259331],[-89.2233614442646,48.4252594980718],[-89.2233730976924,48.425267009597],[-89.2233850691345,48.4252717716901],[-89.2234001440279,48.4252783533289],[-89.2234034782165,48.4252795745922],[-89.2234175624985,48.4252847376066],[-89.2234289872075,48.4252933890096],[-89.2234303222504,48.4252948009732],[-89.2235428092661,48.4253303557461],[-89.2235598674207,48.4253298460222],[-89.2235744460114,48.425329329349],[-89.2235895501509,48.4253291462113],[-89.2236069782333,48.4253292141546],[-89.2236230027332,48.4253293353232],[-89.2236465077369,48.4253305283045],[-89.2236627527682,48.4253316448064],[-89.2236815097804,48.4253327676239],[-89.2237011952112,48.4253324590092],[-89.223718635531,48.4253307011424],[-89.2237387169716,48.4253283775623],[-89.2237420322401,48.425327740335],[-89.2237522835312,48.4253257660627],[-89.223767294134,48.4253208692136],[-89.2237867248861,48.4253138894955],[-89.2238018907145,48.4253104121173],[-89.2238183642157,48.4253066044441],[-89.2238349272716,48.4253015965938],[-89.2238690598895,48.4253132467703],[-89.2239311868759,48.425334449741],[-89.2239294463806,48.4253348675805],[-89.2239132899154,48.4253366474412],[-89.2238957820587,48.4253381277264],[-89.2238770663564,48.4253389115774],[-89.2238621614028,48.4253399726392],[-89.2238486617611,48.4253422589543],[-89.2238330910584,48.425345411266],[-89.2238248833393,48.4253468808717],[-89.2238170901586,48.425348277681],[-89.22379974906,48.4253518133145],[-89.2237858511683,48.4253554749152],[-89.2237698434409,48.4253619016958],[-89.2237563544116,48.4253722673899],[-89.223742681586,48.4253804044004],[-89.2237296741653,48.4253894156802],[-89.2237285456447,48.4253901959733],[-89.2237155284571,48.4253972181324],[-89.2237088243713,48.4253981395131],[-89.22369871246,48.4253988784535],[-89.2236907804404,48.4253971873585],[-89.2236834432094,48.4253956197233],[-89.2236667171884,48.4253948814136],[-89.223652345617,48.425396734697],[-89.223635600868,48.4253983549429],[-89.2236160746703,48.4254007019601],[-89.2235957790513,48.4254052430004],[-89.223577991419,48.4254059818682],[-89.2235629887346,48.4254044634489],[-89.2235477813588,48.4254011045339],[-89.2235312053661,48.4253969893085],[-89.2235095657065,48.4253923853471],[-89.2234944515255,48.4253908519795],[-89.2234777741889,48.4253902998454],[-89.22346280691,48.4253897164501],[-89.22344527927,48.4253888235555],[-89.2234263740175,48.4253881453336],[-89.2234114823678,48.4253870026356],[-89.223396530364,48.425385375247],[-89.2233810563221,48.4253828132292],[-89.2233794373615,48.4253825467141],[-89.2233648484757,48.4253761986052],[-89.2233512897169,48.425368209264],[-89.2233473187602,48.4253512190064],[-89.2233555635255,48.4253410258156],[-89.2233589233556,48.4253268809587],[-89.2233508830126,48.4253167902354],[-89.2233381264693,48.4253072648378],[-89.2233267399538,48.4252993954545],[-89.223310989449,48.425294462579],[-89.2232923897053,48.4252910882304],[-89.2232774758711,48.4252881662737],[-89.2232658441585,48.4252806255277],[-89.2232597117048,48.4252696152811],[-89.2232474043867,48.4252642190582],[-89.2232302206451,48.4252625628088],[-89.2232131697597,48.4252643229709],[-89.2231944203545,48.4252659450129],[-89.2231782595588,48.4252670680494],[-89.2231621389026,48.4252680886381],[-89.2231455605065,48.4252682849203],[-89.2231321228089,48.4252633783948],[-89.223118537101,48.4252556063826],[-89.2231050463139,48.4252456722772],[-89.223093295197,48.425237531901],[-89.2230815296969,48.4252294025983],[-89.2230687681058,48.4252216497409],[-89.2230551799617,48.4252197080327],[-89.2230398074602,48.4252166212622],[-89.2230245455784,48.425210152058],[-89.2230102511406,48.4252019060765],[-89.2229949468946,48.4251926377207],[-89.2229835339419,48.4251865772762],[-89.2229716772925,48.4251794565243],[-89.2229596903986,48.4251699701934],[-89.2229488103092,48.4251628926463],[-89.2229381183925,48.42515548036],[-89.222927658513,48.4251447417768],[-89.2229187111696,48.4251363852421],[-89.2229149978467,48.4251319268582],[-89.2229113086629,48.4251274949996],[-89.2229038079962,48.4251130085204],[-89.2228978624826,48.4251031822881],[-89.2228914665405,48.42509353571],[-89.222883184562,48.4250827991178],[-89.2228713885324,48.4250773767781],[-89.2228556119278,48.4250741979228],[-89.222839917378,48.4250739533056],[-89.2228204156799,48.4250733584902],[-89.2228039049311,48.4250729658908],[-89.2227873399096,48.4250703996854],[-89.2227766347641,48.425062993038],[-89.222763188279,48.4250543815425],[-89.222748539182,48.4250486634322],[-89.2227310696208,48.4250476424446],[-89.2227163735158,48.4250500498199],[-89.2226972464113,48.4250519678942],[-89.2226812410823,48.425051323482],[-89.222665627905,48.4250525411327],[-89.222663606507,48.4250524695289],[-89.2226481351178,48.4250519173632],[-89.2226332835248,48.4250480026157],[-89.2226189013168,48.4250434129939],[-89.2226064983012,48.4250385781853],[-89.2225901327308,48.4250359973004],[-89.2225721388458,48.4250337717824],[-89.2225568645517,48.4250300523376],[-89.222538456187,48.4250270331624],[-89.222520212607,48.4250327498982],[-89.222505569918,48.4250398528161],[-89.2224886714012,48.4250422847259],[-89.222473126013,48.4250352325022],[-89.2224628300288,48.425025707148],[-89.2224515812663,48.4250142351884],[-89.222439400357,48.4250055353195],[-89.2224257734294,48.4249992935669],[-89.2224107540726,48.4249968315009],[-89.2223943817197,48.425001439579],[-89.2223829129606,48.4250094069774],[-89.2223727767979,48.4250168096862],[-89.2223635165692,48.4250243043367],[-89.2223487173474,48.4250329946874],[-89.2223319672907,48.4250317950858],[-89.222319097971,48.4250261864893],[-89.2223041953658,48.4250133842314],[-89.2222907236995,48.4250038833324],[-89.2222753741081,48.424996639255],[-89.22226267892,48.4249897847576],[-89.2222493653668,48.4249848694327],[-89.2222275947202,48.4249766976246],[-89.2222122230379,48.4249732238432],[-89.2221964642289,48.4249707922313],[-89.2221803071801,48.4249689000531],[-89.2221624496277,48.4249720000507],[-89.2221589908658,48.4249810012155],[-89.222163233913,48.4249921209027],[-89.2221743692294,48.4250072542926],[-89.2221830667181,48.425017262222],[-89.2221900211095,48.4250310377169],[-89.2221868753452,48.4250419771562],[-89.2221747731564,48.4250512604837],[-89.2221677972744,48.4250617259856],[-89.2221635510144,48.4250721981318],[-89.2221532511057,48.4250815195143],[-89.222141509738,48.4250896846978],[-89.2221403918478,48.425090461171],[-89.2221273117852,48.4250983076196],[-89.222118847748,48.4251079723168],[-89.2221259124221,48.4251202161402],[-89.2221370320418,48.4251265585544],[-89.2221490722947,48.4251327158305],[-89.2221610750576,48.4251381684398],[-89.2221732974122,48.4251432317197],[-89.2221858580444,48.4251488292017],[-89.2222004553822,48.4251555929725],[-89.2221959334392,48.4251656952579],[-89.2221833932657,48.4251713530303],[-89.2221698870834,48.4251781082438],[-89.2221616493089,48.425189241434],[-89.2221615369176,48.4251893920612],[-89.2221648285642,48.4252025635241],[-89.2221728948705,48.425213906255],[-89.2221828152121,48.4252228468688],[-89.2221921723512,48.4252340926801],[-89.2221972211546,48.4252435394914],[-89.2221861497215,48.4252571162203],[-89.2221740612987,48.4252648256498],[-89.2221636828442,48.4252733387915],[-89.2221563638889,48.4252855474035],[-89.2221507858591,48.4252971618466],[-89.2221483046162,48.4253090493594],[-89.2221488391622,48.4253200346575],[-89.2221523554342,48.425330359527],[-89.2221551444247,48.4253421722089],[-89.222156025724,48.4253512514731],[-89.2221568199341,48.4253667025229],[-89.2221567031767,48.4253810726],[-89.2221543254385,48.4253937525765],[-89.2221464275681,48.425403908387],[-89.2221444845442,48.4254145915565],[-89.2221481436098,48.4254246878345],[-89.2221556820577,48.4254344653339],[-89.222163020434,48.4254437158564],[-89.2221744243167,48.4254526377052],[-89.222185478116,48.4254615294277],[-89.2221954826305,48.4254735454976],[-89.2222046789659,48.4254817542199],[-89.2222149286845,48.4254886370779],[-89.2222341480232,48.4254906581291],[-89.2222516978649,48.4254892393678],[-89.2222693592862,48.4254878373423],[-89.2222846604323,48.4254862190961],[-89.2222991703695,48.4254844370886],[-89.2223148926674,48.4254838273983],[-89.2223286684345,48.4254835612254],[-89.2223470052063,48.4254836648866],[-89.2223610253133,48.4254871098821],[-89.222363054008,48.4254942595425],[-89.2223379882226,48.4254976059131],[-89.2223232323741,48.425499049879],[-89.2223069435612,48.425500246345],[-89.2222904332314,48.4255020049226],[-89.2222742870224,48.4255037744571],[-89.2222574766177,48.4255066805878],[-89.2222423649017,48.4255095736896],[-89.2222273187289,48.4255110871334],[-89.2222140509353,48.4255140426758],[-89.2222000828734,48.425515851092],[-89.2221993002348,48.4255159147988],[-89.2221847540497,48.4255170829769],[-89.2221682674655,48.4255178054865],[-89.2221520543712,48.4255161510162],[-89.2221406045355,48.425509678224],[-89.2221319500481,48.4255008130204],[-89.2221298770961,48.4254986919138],[-89.2221216966189,48.4254914892537],[-89.2221216536499,48.4254920848067],[-89.2221212005523,48.4254984024817],[-89.2221207964456,48.42550401472],[-89.2221253216947,48.4255170165936],[-89.2221301621844,48.4255281337359],[-89.2221347297226,48.42554359286],[-89.2221394508713,48.4255547941832],[-89.2221435897144,48.4255651043253],[-89.2221470499959,48.4255781123777],[-89.2221510909626,48.425589587764],[-89.222155485818,48.4256029160591],[-89.222159285678,48.4256122727358],[-89.2221637800775,48.4256210644578],[-89.2221678133021,48.4256313703414],[-89.222175515952,48.4256421532666],[-89.2221870175265,48.4256508033069],[-89.222195692473,48.4256612525391],[-89.2222020954987,48.4256714037677],[-89.2222049024362,48.4256817675326],[-89.2222003728666,48.4256935245718],[-89.2222060656486,48.425702888761],[-89.2222133160655,48.4257109893226],[-89.2222176693125,48.425717815156],[-89.2222325451436,48.4257348961676],[-89.2222470655752,48.42573322913],[-89.2222578463396,48.4257413451534],[-89.2222773857906,48.4257590090518],[-89.222302869945,48.4257696211517],[-89.2223466206821,48.4257687767075],[-89.2223715011477,48.4257655175916],[-89.222429775014,48.4257630060084],[-89.2224693614788,48.4257622410827],[-89.2225044771976,48.4257546229002],[-89.2225334023549,48.4257485126178],[-89.2225535098474,48.4257314727251],[-89.2225798683048,48.4257143102355],[-89.2226286588697,48.4256856124595],[-89.2226904366681,48.4256677636792],[-89.2227525734658,48.425658237647],[-89.2227776264648,48.4256455801062],[-89.2227811342427,48.4256438082231],[-89.2228404676692,48.4256176831795],[-89.2229275425423,48.4256062850021],[-89.2230053571066,48.4256214350883],[-89.223046153492,48.4256484024137],[-89.2230948575315,48.4256655024742],[-89.2231366449971,48.4256674704496],[-89.2232467610726,48.4256584050399],[-89.2232943760256,48.4256505459058],[-89.2233336597996,48.4256428468993],[-89.2233693804684,48.425649096025],[-89.2233822429382,48.4256571744016],[-89.2233954983849,48.4256680622413],[-89.2233972910369,48.4256769862199],[-89.2234015482678,48.4256792540229],[-89.2234090922501,48.425681934247],[-89.2234144683517,48.4256830764489],[-89.2234191091778,48.4256850579189],[-89.2234229868293,48.4256876110761],[-89.2234335507033,48.4256923328946],[-89.2234389255735,48.4256934778184],[-89.2234454738793,48.4256940350259],[-89.2234709227344,48.4256879116331],[-89.2234953958928,48.4256799374535],[-89.2234996544005,48.4256822034287],[-89.2234999852757,48.4256859750073],[-89.2234991255045,48.4256900638161],[-89.2234952893275,48.4256926428314],[-89.2234905969726,48.4256947156538],[-89.2234852171555,48.4256981657599],[-89.2234797737602,48.4257031637344],[-89.2234750724655,48.4257074788615],[-89.2234754018707,48.4257112477694],[-89.2234736831003,48.4257148277404],[-89.2234689682456,48.4257166328767],[-89.223444922577,48.425724862408],[-89.2234194762054,48.4257309812483],[-89.2234139754786,48.4257330858897],[-89.2233917604254,48.4257436751085],[-89.2233887832747,48.4257467638575],[-89.2233878754855,48.4257503101554],[-89.2233919882273,48.4257555552662],[-89.2233935084718,48.4257590114403],[-89.2233938392222,48.4257627803224],[-89.223390430546,48.4257656146916],[-89.2233878835285,48.4257689569477],[-89.2233827790175,48.4257802338949],[-89.2233828705278,48.4257812776146],[-89.2233831097672,48.425784002777],[-89.2233819380103,48.4257891826927],[-89.2233785572702,48.4257922855413],[-89.2233743175717,48.4257948804506],[-89.2233582709315,48.4258017209019],[-89.2233530779611,48.4258027309153],[-89.2233420327658,48.4258064029971],[-89.2233377705287,48.4258087293207],[-89.2233318663999,48.4258108525529],[-89.2233213893673,48.4258163922904],[-89.2233184093499,48.425819477494],[-89.223314577363,48.4258220600211],[-89.2233059788476,48.4258304992704],[-89.2233054971731,48.4258343000523],[-89.2233004882602,48.4258466530267],[-89.2232975125272,48.4258497435454],[-89.2232829831628,48.4258600348203],[-89.2232778168115,48.4258613142353],[-89.2232513721305,48.4258653136722],[-89.2232243789977,48.4258677113844],[-89.2231974120566,48.4258657835719],[-89.2231704230119,48.4258681820922],[-89.2231433594898,48.4258697722868],[-89.2231161284959,48.4258694762746],[-89.2230888044284,48.4258681005771],[-89.2230616028405,48.4258680757028],[-89.2230418955499,48.4258655954602],[-89.223035804063,48.4258655629414],[-89.2230086195285,48.4258658049453],[-89.2229814179805,48.425865780951],[-89.2229542573294,48.4258662915004],[-89.2229448339766,48.4258653084749],[-89.2229178909683,48.425863650054],[-89.2228905936891,48.4258625473102],[-89.2228636267214,48.4258606185202],[-89.2228601314493,48.4258577817365],[-89.2228454092352,48.4258426781468],[-89.2228421049874,48.4258374029958],[-89.2228370858948,48.4258357059306],[-89.2228300635327,48.4258343534897],[-89.2228180452449,48.4258361728844],[-89.2227913425538,48.4258326167532],[-89.2227857023063,48.425833104543],[-89.2227810099087,48.4258351773371],[-89.2227771763853,48.4258377562769],[-89.2227750314421,48.4258410817515],[-89.2227716240765,48.4258439160768],[-89.2227694818734,48.4258472423981],[-89.2227660718056,48.4258500767755],[-89.2227537152122,48.4258573109907],[-89.2227480484162,48.4258575311715],[-89.2227433375345,48.4258593353014],[-89.2227399315559,48.4258621704987],[-89.2227352869982,48.4258647822056],[-89.2227301459832,48.4258663328253],[-89.2227056446759,48.425874038365],[-89.2226806734499,48.4258809504196],[-89.2226746031029,48.4258811855933],[-89.2226474917108,48.4258822367569],[-89.2226405439705,48.4258816962201],[-89.2226348771711,48.4258819163954],[-89.2226076953241,48.4258821582526],[-89.2225804219215,48.4258813239936],[-89.2225532612548,48.4258818344484],[-89.2225261047572,48.4258823475155],[-89.2224988765741,48.425882054002],[-89.222471791642,48.4258833709335],[-89.2224441067051,48.4258825544913],[-89.2224169262845,48.4258827980753],[-89.2224119085516,48.4258811009653],[-89.2224065760819,48.4258804941136],[-89.2223984588263,48.4258805384927],[-89.2223932926455,48.4258818223632],[-89.2223828417963,48.4258830373966],[-89.2223778226745,48.4258813394122],[-89.2223739465274,48.4258787888901],[-89.2223686141368,48.4258781838346],[-89.2223576641369,48.4258783378293],[-89.2223304146585,48.4258777729683],[-89.222303138559,48.4258769386956],[-89.2222759806303,48.4258774499318],[-89.2222489396763,48.4258793102989],[-89.2222219252236,48.425881437368],[-89.2221955494585,48.425886244089],[-89.2221742152555,48.4258930155843],[-89.2221590283001,48.4258957670707],[-89.2221416319117,48.4258918429431],[-89.2221377558146,48.4258892933119],[-89.2221314250937,48.4258865652714],[-89.2221257371123,48.425886516811],[-89.2221197624371,48.4258878297854],[-89.222096006875,48.4258901026007],[-89.2220691092621,48.4258935760748],[-89.2220639682229,48.4258951266652],[-89.2220603093131,48.42589712278],[-89.2220394879448,48.4259169862396],[-89.2220098632575,48.425917165382],[-89.221983371318,48.4259173253834],[-89.2219064607519,48.425917792684],[-89.2217454279883,48.4259187692653],[-89.2216190473686,48.4259195342604],[-89.220759373481,48.4259247402161],[-89.2207508523113,48.4259247913779],[-89.2201889130118,48.4259281911108],[-89.2179664096016,48.4259522954874],[-89.2178316182408,48.4259537565478],[-89.2176708903921,48.4259554989075],[-89.2176460159699,48.4259557688787],[-89.2175878273517,48.4259563977508],[-89.2175886891687,48.4259793656794],[-89.2175896181871,48.4260040328049],[-89.2175905657308,48.4260292807999],[-89.2177373017095,48.4260268447313],[-89.2178123783078,48.4260028138242],[-89.2179366330396,48.42599187126],[-89.2180088288897,48.4259855134212],[-89.2180307973935,48.4259835791236],[-89.2180416977876,48.4260166283965],[-89.2180559130611,48.4260146231771],[-89.2180701203915,48.4260135223394],[-89.2180883795397,48.4260133915484],[-89.2181065360127,48.4260146906087],[-89.2181265795079,48.4260178490092],[-89.2181407591737,48.4260212671488],[-89.21815437378,48.4260255860188],[-89.21816941981,48.426031732528],[-89.2181833186213,48.4260389772393],[-89.218214498842,48.4260629736656],[-89.2182553806384,48.4261032237726],[-89.2182871902723,48.4261469526519],[-89.2183092747711,48.4261932596769],[-89.2183470646477,48.4262178834625],[-89.2183663915244,48.4262304749339],[-89.2183746531511,48.4262358561365],[-89.2178327735087,48.4262397895551],[-89.2178335424247,48.4262865823668],[-89.2184657831733,48.4262819920556],[-89.2184763913805,48.4262923655873],[-89.2186529780876,48.4264650359859],[-89.2186521546109,48.4265065052075],[-89.2186576121639,48.4265535683644],[-89.2186698314878,48.4266000665163],[-89.218688697868,48.4266455691032],[-89.2187140375861,48.4266896565991],[-89.2187140749459,48.4270893121621],[-89.2186968671987,48.4272615414193],[-89.2186898399115,48.427331878531],[-89.2186893890061,48.4273363939844],[-89.2186834948897,48.4273953456266],[-89.2186792182952,48.4274381707685],[-89.2187488428536,48.4275854534447],[-89.2187661846379,48.4276221374646],[-89.2188273765749,48.4276559061842],[-89.2189125466978,48.427670668821],[-89.2190236172488,48.4276899189143],[-89.2191503348491,48.4276632083306],[-89.2191849030353,48.4276559211408],[-89.2192223137887,48.4276480338569],[-89.2193581127404,48.427646821661],[-89.2193840882859,48.4276631508165],[-89.2194048933378,48.4276762327359],[-89.219471939128,48.4276582336679],[-89.2195327202201,48.4276661453586],[-89.2195429049988,48.4276504041564],[-89.2195463134702,48.4276451370333],[-89.2195656870571,48.4276449728076],[-89.219622579273,48.4276444876244],[-89.21962203323,48.4276466314256],[-89.2196219129309,48.4276488038997],[-89.2196224204128,48.4276516705481],[-89.2196236669733,48.4276544347599],[-89.2196256151616,48.4276570126831],[-89.2196282061502,48.4276593262766],[-89.2196313612414,48.4276613068799],[-89.2196349844131,48.4276628915655],[-89.2196389668793,48.4276640347468],[-89.2196431867384,48.4276647000878],[-89.2196475146889,48.4276648675907],[-89.2196518221346,48.4276645334388],[-89.2196559769753,48.4276637064797],[-89.2196598532187,48.4276624116382],[-89.2196633323316,48.4276606898902],[-89.21966630968,48.4276585909408],[-89.2196686948816,48.4276561813151],[-89.2196704153491,48.4276535325928],[-89.2196714191485,48.4276507249528],[-89.2196716761925,48.4276478435503],[-89.2196714274047,48.4276459499179],[-89.219670854142,48.4276440868402],[-89.2197313550698,48.4276435823451],[-89.2198214640705,48.42764361126],[-89.2198741153776,48.4276197634949],[-89.2198808261089,48.4276167215441],[-89.2199933218039,48.4276077707995],[-89.2201175193438,48.4276194165596],[-89.220205382466,48.4276276580874],[-89.220366780848,48.4276068123534],[-89.2204207616054,48.4276195847417],[-89.2204770162731,48.4276268050485],[-89.2205342628027,48.4276283081784],[-89.2205911964598,48.4276240599375],[-89.2208066137951,48.4276684070966],[-89.2208666197165,48.4276674320047],[-89.2209336701025,48.4276959112312],[-89.2210508544247,48.4276894781379],[-89.2210910390755,48.4277079186112],[-89.2212011572756,48.427699599221],[-89.2212586630107,48.4277257415353],[-89.2212897450917,48.4277004868143],[-89.2213611982285,48.4277050153804],[-89.2214248385159,48.4277413788501],[-89.2214374082163,48.4277488764722],[-89.2214515825505,48.4277549773082],[-89.2214670142663,48.4277595306114],[-89.221483324028,48.4277624249433],[-89.2215001126515,48.4277635897369],[-89.2215169679361,48.4277629969643],[-89.2215334794455,48.4277606590515],[-89.2215492388212,48.4277566360706],[-89.2216120329884,48.4278328352057],[-89.2216701834391,48.4278776900782],[-89.2216794206584,48.4278848129748],[-89.2216667598908,48.4279071900298],[-89.2216943045201,48.4279574640257],[-89.2216763665455,48.4280308507347],[-89.2216313022914,48.4281226462692],[-89.2216349924287,48.4282427296554],[-89.2216351006363,48.4282463579824],[-89.2216352482397,48.4282511686957],[-89.2216361713713,48.4282811101289],[-89.2216363091702,48.428282502951],[-89.2216360416249,48.4282857300579],[-89.2216349664102,48.4282888818924],[-89.2216331120634,48.42829186883],[-89.2216305317101,48.4282946070692],[-89.2216272990119,48.4282970187098],[-89.2216235042712,48.4282990354275],[-89.221619255899,48.4283006011444],[-89.2216146736226,48.4283016712604],[-89.2216098872126,48.4283022144774],[-89.2216050298859,48.4283022165258],[-89.2216002422408,48.4283016773891],[-89.2215956574371,48.42830061249],[-89.2215914065215,48.4282990507878],[-89.221587607699,48.4282970367855],[-89.2216095099505,48.4283899761889],[-89.2216040502069,48.428405026188],[-89.221595303,48.428419372214],[-89.2215834600027,48.4284326974573],[-89.2215687829153,48.4284447098478],[-89.2215515967902,48.4284551439834],[-89.2215322782275,48.4284637694556],[-89.2215320622546,48.4286151282756],[-89.2214644189202,48.4287663894275],[-89.2213868945772,48.4288834365367],[-89.2212982497479,48.4289709550317],[-89.221242173752,48.4290263151958],[-89.2210720862132,48.4292458241923],[-89.2210234940921,48.4293085353895],[-89.220921762899,48.4293812402796],[-89.2208743906309,48.4294150968627],[-89.2207060382721,48.4295664567236],[-89.2205886166959,48.4296032446651],[-89.2205771626277,48.4296068334959],[-89.2201646483169,48.4295100357573],[-89.220102416692,48.4294792236379],[-89.2198947223095,48.4293763875048],[-89.2198012474431,48.4293102618487],[-89.219356426526,48.4290709194661],[-89.2193172303271,48.4290728823179],[-89.2193098675535,48.4290732511174],[-89.2192157135923,48.4290779667431],[-89.2190575562043,48.4290059545135],[-89.2189957783278,48.4290053622176],[-89.2190060545185,48.4290301027164],[-89.2192013505646,48.4291555496868],[-89.2191978914135,48.4291885492952],[-89.2191946924313,48.4292190489286],[-89.2192360025309,48.4292363742605],[-89.219294979745,48.4292327521422],[-89.2193576100733,48.4292570942332],[-89.219454940811,48.4293255040388],[-89.2195363879435,48.4293980423321],[-89.2195472843166,48.4294392430959],[-89.2195933672313,48.4294647636226],[-89.2197036606635,48.4294721327192],[-89.2196989622761,48.4294930980587],[-89.2196983826925,48.4294956824755],[-89.2197653982267,48.4295024093514],[-89.2198375256364,48.4295222014991],[-89.2200384962566,48.4296077037295],[-89.2200663365464,48.4296195466672],[-89.2202145916254,48.4297054875592],[-89.2200942295104,48.4298240930383],[-89.2200663923008,48.4298346281652],[-89.2200528447708,48.4298397554035],[-89.220028893731,48.4298958156936],[-89.2199462250571,48.4299725181625],[-89.219931153538,48.4300093138509],[-89.2197965861125,48.4300489844364],[-89.2196832873895,48.4300823853617],[-89.2196695272918,48.4300642685005],[-89.2195278212501,48.4300086501369],[-89.2194649311784,48.4299674161964],[-89.2192805967281,48.4298465564371],[-89.2191869075242,48.429803194923],[-89.2190842336092,48.4297495958876],[-89.218986689608,48.4296919092837],[-89.2188946445543,48.4296303511385],[-89.2188910611521,48.4296262680084],[-89.2188864973375,48.4296226446602],[-89.2188810832782,48.4296195829516],[-89.2188749728689,48.4296171707862],[-89.2188683394833,48.4296154776978],[-89.2188613717258,48.4296145504327],[-89.2188542708864,48.4296144165982],[-89.2188472358473,48.4296150795555],[-89.218840468564,48.4296165201133],[-89.2188341619085,48.4296186967621],[-89.2188284957731,48.4296215493487],[-89.2188364286868,48.4296520537568],[-89.2189627452402,48.4297315122353],[-89.2190434493096,48.4297535363017],[-89.2190685648424,48.4297901359697],[-89.2192007629313,48.4298858522242],[-89.2192338480875,48.4298926834336],[-89.2192692206745,48.4299241528251],[-89.2193078043545,48.4299584807747],[-89.2195669244004,48.4301079537644],[-89.2196572409692,48.4301190689078],[-89.2197373208905,48.4301578053458],[-89.2197933384652,48.430184901136],[-89.2197975157562,48.4301890213618],[-89.2197985052271,48.4301899793737],[-89.2197991812609,48.4301906321277],[-89.2197995056614,48.4301909407729],[-89.2198001744318,48.4301915819706],[-89.2198017846879,48.4301931038296],[-89.2198045554635,48.4301956928657],[-89.2198059074907,48.4301969353932],[-89.219806198942,48.4301972014872],[-89.219807993755,48.4301988322507],[-89.2198105752333,48.4302011415246],[-89.219813029868,48.4302033011919],[-89.2198151022111,48.4302050957486],[-89.2198169573606,48.4302066839598],[-89.2198197124505,48.430209006078],[-89.2198261560855,48.4302142846041],[-89.2198291784263,48.4302166897379],[-89.2198292104746,48.4302167116127],[-89.2198310512913,48.430218157043],[-89.2198311380589,48.4302182246478],[-89.2198313745359,48.4302184081276],[-89.219831611052,48.4302185925065],[-89.2198362516697,48.4302221450557],[-89.2198364012224,48.430222257335],[-89.2198404621091,48.4302252884318],[-89.2198411841083,48.4302258170353],[-89.2198414844079,48.4302260379718],[-89.2198422315446,48.4302265849845],[-89.2198489801868,48.4302314167544],[-89.2198491016261,48.4302315043837],[-89.2198492479679,48.4302316050285],[-89.2198554059148,48.430235849877],[-89.2198565049369,48.430236591638],[-89.2198566972663,48.4302367237855],[-89.2198570607617,48.4302369677951],[-89.219864874609,48.4302421065077],[-89.2198670358462,48.4302434899701],[-89.219867452925,48.4302437536393],[-89.2198678658729,48.4302440155887],[-89.2198680216706,48.4302441160509],[-89.2198702707711,48.4302455302077],[-89.2198757584956,48.4302489143515],[-89.2198813139173,48.4302522387059],[-89.2198823255441,48.430252836397],[-89.2198841152774,48.4302538851312],[-89.2198843080567,48.4302539965761],[-89.2198925928096,48.4302587105225],[-89.219892662153,48.4302587505718],[-89.2198951654642,48.4302601346293],[-89.2198953788194,48.4302602528749],[-89.2198956378096,48.4302603945325],[-89.2198959037106,48.4302605396557],[-89.2198980806457,48.4302617248736],[-89.219898692872,48.4302620612534],[-89.2199003608124,48.4302629521858],[-89.2199384945143,48.4302815406135],[-89.2199790105944,48.4302977446447],[-89.219988588596,48.4303201898194],[-89.2199924923393,48.4303433779238],[-89.2199916498251,48.4303607140117],[-89.219987625552,48.430377850589],[-89.2199777288575,48.430399435415],[-89.2199628020171,48.4304196984502],[-89.2199432240878,48.4304381240285],[-89.2199209809534,48.4304533746071],[-89.2199067314225,48.4304610733117],[-89.2197715664182,48.4304476865478],[-89.219676913634,48.4304383124793],[-89.2196190662973,48.4304827589801],[-89.2195977167689,48.4304991592022],[-89.2195519798854,48.4304920279038],[-89.2195479234195,48.4304913944952],[-89.2190877888367,48.4302861566872],[-89.2189612371569,48.4302040063879],[-89.2188636072381,48.4300902024044],[-89.2187798211069,48.4300436147223],[-89.2187590509928,48.4300320678581],[-89.2186833097714,48.4299944643854],[-89.2185061740439,48.4299102788309],[-89.2183254470703,48.4298295461571],[-89.2181412791216,48.4297523336279],[-89.2179538257518,48.4296787057072],[-89.2177901842192,48.4296183257484],[-89.2177128014163,48.4296066457561],[-89.2176338293287,48.4296015005109],[-89.2175545125495,48.4296029712824],[-89.2174760938337,48.4296110350099],[-89.2173998086969,48.4296255644069],[-89.2173268531156,48.429646331283],[-89.217258375581,48.4296730102948],[-89.217195451474,48.4297051803401],[-89.2171390687555,48.4297423374283],[-89.2170783389325,48.4297831484155],[-89.2168576882469,48.4299723681438],[-89.2166681110682,48.4301941868603],[-89.2166654403395,48.4301973109126],[-89.2164389638747,48.4304622941666],[-89.2164092638037,48.430492247204],[-89.2163846094894,48.4305241633871],[-89.2163652929321,48.4305576691025],[-89.2163481574446,48.4306043894222],[-89.216341374391,48.4306522688485],[-89.2163536442049,48.4307005720008],[-89.2163756696573,48.4307473159745],[-89.2164070425437,48.4307916322922],[-89.216447179492,48.4308326972378],[-89.2164953349009,48.4308697496024],[-89.2165506134877,48.4309020994407],[-89.2166119886701,48.4309291466118],[-89.2166664186996,48.4309319268958],[-89.216720793129,48.4309287070204],[-89.2167736313303,48.4309195758037],[-89.2168234893603,48.4309047815118],[-89.2171222183135,48.4307910216595],[-89.2171831513338,48.4307548529537],[-89.2172654989086,48.4306918022145],[-89.217387992307,48.4306387031658],[-89.2174089860368,48.430597992287],[-89.2174370439919,48.430559211896],[-89.2174717733075,48.4305229031022],[-89.2175126902855,48.4304895700771],[-89.2176529233187,48.430434977072],[-89.2177604073414,48.4304240755854],[-89.2181534355726,48.4304975813219],[-89.2182356411196,48.4304995471868],[-89.218315076003,48.43049467179],[-89.2183934373771,48.4304847353618],[-89.2184699991362,48.4304698292865],[-89.2185440521113,48.4304500923088],[-89.2186802856539,48.4304475427599],[-89.2187658844018,48.4304636585433],[-89.2187851591915,48.4304672851273],[-89.2188000277647,48.430472366998],[-89.2188628672331,48.4304938450796],[-89.21902960593,48.4305508356616],[-89.219358953045,48.430639221071],[-89.2193825583634,48.4306563472362],[-89.2194018062384,48.4306757375264],[-89.2194162131778,48.4306969073209],[-89.2194254193566,48.4307193246256],[-89.2194291921027,48.4307424280007],[-89.2194280510123,48.4307621937197],[-89.2194229255618,48.4307816782285],[-89.2194139098112,48.430800527017],[-89.2194011673013,48.43081839773],[-89.2193911842169,48.4308387209472],[-89.219340798299,48.430905181006],[-89.219321798778,48.4309182419146],[-89.2192697541002,48.4309723887364],[-89.2192627324484,48.4309882587152],[-89.2191961521,48.4310556483894],[-89.2191543663719,48.4310550285283],[-89.2188820569408,48.431302686727],[-89.2188426210828,48.4313171584943],[-89.2188214535973,48.4313392413559],[-89.2187996628473,48.4313640561236],[-89.2187527154633,48.4314080201881],[-89.2186996744484,48.4314517022972],[-89.2186792029735,48.4314810451312],[-89.2186690594728,48.4315109490127],[-89.2186196471438,48.4315591344205],[-89.2185468819808,48.4316230035938],[-89.2184977675787,48.4316780346521],[-89.2184658078488,48.4317327375141],[-89.2183923621225,48.4318072842234],[-89.2183224957814,48.4318589077853],[-89.2182747081768,48.4318918247613],[-89.2182159075625,48.4319215243353],[-89.2181239608489,48.4319392965564],[-89.2180772199531,48.4319413306946],[-89.2180495683806,48.4319425342332],[-89.2180296990704,48.4319433987493],[-89.217953864261,48.4319368616101],[-89.2179376837518,48.4319292613887],[-89.2178907615842,48.4319072284463],[-89.2178401154585,48.431887635383],[-89.217781536316,48.4318830525163],[-89.2177224573315,48.431867050876],[-89.2176601500859,48.4318556829811],[-89.2175850472553,48.4318194340692],[-89.2175308665805,48.4318167213875],[-89.2175220770909,48.4318126504135],[-89.217520176759,48.4318149309797],[-89.217444776771,48.4317997728985],[-89.2172249719082,48.4317153453967],[-89.2171731021312,48.4316906768541],[-89.2171611422555,48.4316849907679],[-89.2170107655045,48.4316129112197],[-89.2169693999899,48.4315943400301],[-89.2164597018944,48.4313973087763],[-89.2164201836968,48.4313789888057],[-89.2164003708037,48.4313743716932],[-89.2160052595889,48.4312216310997],[-89.2158357119434,48.4311302800487],[-89.2157785225571,48.4310755678797],[-89.2157613594927,48.4309863725964],[-89.2157381660652,48.4309304521602],[-89.2157182632681,48.4309120446884],[-89.2156913267463,48.4309037219325],[-89.2156599407039,48.4309076420467],[-89.2156277151071,48.4309303683037],[-89.2156246260637,48.4309547430344],[-89.2156350491977,48.4309843818257],[-89.215652277367,48.4310177619702],[-89.2156643875552,48.4310479233944],[-89.2156700605011,48.4310638383201],[-89.215581357761,48.4312009394015],[-89.2155690462681,48.4312232820394],[-89.2155559479506,48.4312467447015],[-89.2155419353147,48.4312873576478],[-89.2155430345859,48.4313000424715],[-89.2155450479569,48.4313232995189],[-89.215498144733,48.4314166485143],[-89.2154893761292,48.4314276312785],[-89.2154228162992,48.4315110074595],[-89.2153281367014,48.4315415189855],[-89.2153185902053,48.4315445954892],[-89.2152246657616,48.4315749403302],[-89.2151863922502,48.4316082099181],[-89.2152030720585,48.4316404229399],[-89.215237273073,48.4316539970857],[-89.2153220491921,48.4316360989638],[-89.2154599188436,48.4315744778038],[-89.2155899135996,48.4314723421373],[-89.2156397772753,48.4314246163089],[-89.2156976065147,48.4314194355365],[-89.2158216687542,48.4314617819892],[-89.2160668223272,48.4315485606277],[-89.2160935906038,48.4315573885877],[-89.2162590197351,48.4316119584466],[-89.2164692021264,48.4317183943891],[-89.2165027184662,48.4317353643415],[-89.21659912587,48.4317741751993],[-89.2167233870084,48.4318231982509],[-89.2167514606512,48.4318342727209],[-89.2168942936514,48.4318991175142],[-89.2170191657815,48.4319465710372],[-89.2171774843987,48.4320049952233],[-89.2171917884893,48.4320121665615],[-89.2173492840273,48.4320911490323],[-89.2175288338257,48.4321650319926],[-89.2176230644061,48.4322038038876],[-89.2177348123765,48.4322489229484],[-89.2178345571893,48.4322891943685],[-89.2178908352874,48.4323186091644],[-89.2174083857683,48.4327467753341],[-89.2170118667202,48.4328692839438],[-89.2169591661316,48.4328855672652],[-89.2167412180413,48.4327921687218],[-89.2167589158323,48.4327775920983],[-89.216737403635,48.4327678046503],[-89.2167236992667,48.4327627360648],[-89.2167039654254,48.4327786511333],[-89.2165975972542,48.432721733597],[-89.2164424735481,48.4326677906857],[-89.2162184170405,48.4325745043662],[-89.2162145199393,48.4325728132846],[-89.2162206241184,48.4325670597557],[-89.2162293632157,48.4325588162865],[-89.2161943551095,48.4325434927136],[-89.2161851187855,48.4325525204287],[-89.2161770612139,48.43256039357],[-89.2159883927217,48.4324863269936],[-89.2158954500996,48.4324418390532],[-89.2158038137495,48.4324076088951],[-89.2157475217114,48.4323766979983],[-89.215696921593,48.4323582475644],[-89.2157008546804,48.4323542084854],[-89.2157133576934,48.4323413615049],[-89.2156739864133,48.4323244096378],[-89.215661777538,48.4323382064618],[-89.215655983626,48.4323447529452],[-89.2156278148146,48.4323287252247],[-89.2156085457396,48.4323199569391],[-89.2155998903484,48.4323184078797],[-89.2151827153409,48.4321524693444],[-89.2150803542097,48.4321001068514],[-89.215071691065,48.4320956733652],[-89.2150436872405,48.432081349114],[-89.2149726729251,48.4320112996605],[-89.2149263680384,48.4319336313766],[-89.2149191883613,48.4319108283024],[-89.2148973134931,48.4318413485661],[-89.2148487336905,48.4317113543331],[-89.2148401370138,48.4316781929482],[-89.2148039779685,48.4316693664784],[-89.2147543527479,48.4316798438948],[-89.2147385503313,48.4317277565256],[-89.2147673990585,48.4318152828646],[-89.2147869724954,48.4319363147215],[-89.2147717893204,48.4319985013541],[-89.2146918580778,48.4320524101694],[-89.2145946777671,48.4321209360661],[-89.2146028538676,48.4321707649767],[-89.2146044093112,48.4321802640749],[-89.2146170973477,48.4322252474356],[-89.2144760341048,48.4323541335294],[-89.2144738137243,48.4323624906885],[-89.2144575902027,48.4324235231549],[-89.2145125499918,48.4324534130442],[-89.2146292909716,48.4323547610061],[-89.2146656197617,48.4323130625913],[-89.2146815502598,48.4322956726696],[-89.214702033155,48.4322733113519],[-89.2147660141535,48.4322603657909],[-89.2149712258035,48.4323458077901],[-89.2149721951615,48.4323462110966],[-89.2150312835065,48.4323732860531],[-89.2151398372421,48.4324230334754],[-89.2151462195734,48.4324259120609],[-89.2151636801838,48.4324361548218],[-89.2152067384688,48.4324504671231],[-89.2152232200237,48.4324559484622],[-89.215252521417,48.4324680820276],[-89.2153059873469,48.4324902221395],[-89.2154078340532,48.4325303912946],[-89.2154888605756,48.4325672221148],[-89.2155432998599,48.4325919660829],[-89.2155736663569,48.4326057678449],[-89.2156877024571,48.43265082682],[-89.2158352644329,48.4327191519599],[-89.2158847322345,48.4327352776504],[-89.2159459052599,48.4327648447188],[-89.2160112329018,48.4327914849632],[-89.2160443586046,48.4328056473178],[-89.216056648015,48.4328128135258],[-89.2160835770902,48.432815750554],[-89.2160873286281,48.4328173274796],[-89.2161348842295,48.4328373236574],[-89.2164186457664,48.4329529093297],[-89.2164261704632,48.4329564037403],[-89.2165322192317,48.4330056636842],[-89.2165992836059,48.4330368110681],[-89.2166043107306,48.43303914706],[-89.2164956803284,48.4330904197482],[-89.2164909109686,48.4330928887443],[-89.216312478279,48.4332067339243],[-89.2163407335602,48.4332224952908],[-89.2168113737312,48.433482267709],[-89.2168093310134,48.4334839193959],[-89.21666327218,48.4336020743825],[-89.2165789664542,48.4336702719464],[-89.2157993063614,48.4333514222554],[-89.2154315959043,48.4331944971109],[-89.2154025343434,48.4332009132142],[-89.2150894774807,48.4330655472139],[-89.2142954640357,48.4327320462562],[-89.2142192851223,48.4327018710565],[-89.21403751202,48.4327172718081],[-89.2140220652167,48.4327075695397],[-89.2140383149295,48.4326914502826],[-89.2139684840404,48.4326594720267],[-89.2139089484679,48.4327106007112],[-89.2139788236747,48.4327436911167],[-89.2139981122456,48.432726657728],[-89.2140185613071,48.4327362610123],[-89.2140622776637,48.4328587167762],[-89.2152429450423,48.4333520645936],[-89.2152678149055,48.433366466251],[-89.2151830901268,48.4334525134132],[-89.2152123330443,48.4334661182752],[-89.2152546393861,48.4334826124926],[-89.2155024893394,48.4335953687165],[-89.2155157962607,48.433584428101],[-89.2156010749359,48.4336176733883],[-89.2156206479909,48.4336501095285],[-89.2156606982924,48.4336876827535],[-89.2156799584499,48.433708417618],[-89.2156748100037,48.4337398760002],[-89.2156736488499,48.4337860689368],[-89.215622785171,48.433865157027],[-89.2155715534167,48.4339595341046],[-89.2155686110513,48.4339882480957],[-89.2155958753374,48.4340010533246],[-89.215657777559,48.4340043037806],[-89.2156840762192,48.4339949105459],[-89.2157226560045,48.433960847646],[-89.2157444107468,48.4339237708495],[-89.2157941836277,48.4338783833298],[-89.2158335825624,48.4338631845553],[-89.2158736105332,48.4338624143229],[-89.2159290831567,48.4338713425345],[-89.2159784601776,48.433884764446],[-89.2160872359815,48.4339760949427],[-89.2160546256466,48.4340381541339],[-89.216049882593,48.4340389617016],[-89.2160079690311,48.4340730925396],[-89.2159712496195,48.4341115643619],[-89.2159577591621,48.4341851343025],[-89.2159815662583,48.4342335498965],[-89.2160394762195,48.434260202574],[-89.216074484399,48.4342731706991],[-89.2161177939994,48.4343298542242],[-89.2161365732187,48.43447584975],[-89.2161097537064,48.4345219081389],[-89.2160497879345,48.4345724091977],[-89.2159553989907,48.4346207545591],[-89.2158616422384,48.4346514070614],[-89.2158016006326,48.4346534931589],[-89.2157704189484,48.434643857616],[-89.215716227942,48.4346197774705],[-89.2156778569401,48.4346056269889],[-89.2156409840553,48.4345616692607],[-89.2156173965984,48.4345016392477],[-89.2156238435454,48.4343926413879],[-89.2156462872057,48.4342656565796],[-89.2156490044636,48.4341995370331],[-89.2156709987481,48.4341265321016],[-89.2156698502223,48.4340679295906],[-89.2156395791337,48.4340471108173],[-89.2155943820024,48.4340368139845],[-89.2155445276475,48.4340480096296],[-89.2154991874387,48.434066563572],[-89.215502303322,48.4340793867946],[-89.2154933671954,48.4341615333576],[-89.2152816594409,48.4347582103065],[-89.2151795552173,48.4348548526861],[-89.2149640251115,48.4349106973557],[-89.2147674141578,48.4349094511337],[-89.2142642999819,48.4348282073068],[-89.2139490703773,48.4348038023717],[-89.2137894241281,48.4348584171041],[-89.2135728781643,48.4349928089586],[-89.2134412872438,48.4351530910207],[-89.2134536772481,48.4353586028726],[-89.2135755075811,48.4355631107744],[-89.2137304951202,48.4357038742322],[-89.2138053479864,48.4358157392816],[-89.2138092759764,48.4360313100788],[-89.2137382197177,48.4362519886574],[-89.2136482599547,48.4363992468342],[-89.2133525453556,48.4368951950424],[-89.2133551804847,48.4369777008499],[-89.213396912051,48.4370156365785],[-89.213251815343,48.4371145530489],[-89.2130953114262,48.4371393837261],[-89.2128648619385,48.4371622079483],[-89.212771566734,48.4371987773315],[-89.2125131938094,48.4372607904181],[-89.212298479553,48.4373219569173],[-89.2122236160117,48.4373518300481],[-89.2121793469648,48.437384181002],[-89.2121254396816,48.4374004681835],[-89.2120649158393,48.4374177724192],[-89.2119553364492,48.4375150990449],[-89.2118918058127,48.4375330395369],[-89.2118531311607,48.4376012764684],[-89.2117614350551,48.437690579819],[-89.2116987426054,48.4376681719037],[-89.2117032051828,48.4376061918923],[-89.2116058653822,48.4375890189618],[-89.2115146410335,48.4375479224217],[-89.2114671382526,48.4375250306892],[-89.2114555474172,48.4374228912933],[-89.2114408955396,48.4373327132709],[-89.2113988900753,48.4372716266613],[-89.21135771227,48.4372295678029],[-89.2113888486352,48.4372051650401],[-89.2113741503733,48.4371491650317],[-89.2113801335883,48.4371102392599],[-89.2113652252382,48.4370849933514],[-89.2113768991329,48.4370357489399],[-89.2113942378659,48.4370109042539],[-89.2114081123129,48.4369769336305],[-89.2114140083444,48.4369359698446],[-89.2114281916614,48.4369091443319],[-89.2114783828988,48.4368632423385],[-89.2115075469695,48.436827958341],[-89.2115593345976,48.4368187912751],[-89.211608587239,48.4368219299464],[-89.2116431222593,48.4368396491929],[-89.2116876848081,48.4368408365243],[-89.2117089805344,48.4368363431676],[-89.2117221190457,48.4368207708339],[-89.2117260988354,48.436806396702],[-89.2117316548591,48.4367930107551],[-89.2117798411765,48.4367716585183],[-89.2118563457838,48.4367661044015],[-89.2118932855449,48.4367684576312],[-89.2119725882417,48.4367567206698],[-89.2120114132227,48.4367672071539],[-89.212065397614,48.4367733182123],[-89.2121063364076,48.4367970440243],[-89.2121451185164,48.4368065109943],[-89.2121781467487,48.4367895366868],[-89.2122095098388,48.436769528116],[-89.2122999921627,48.4367677887448],[-89.2123505551353,48.4367657941294],[-89.2123727359715,48.4367817092917],[-89.212386155693,48.4368080057982],[-89.2124186282986,48.4368135083624],[-89.2124478084052,48.4368139673819],[-89.2124604786122,48.4368229162102],[-89.2124611879405,48.4368392443591],[-89.2125006794071,48.4368650375584],[-89.2125479957034,48.4368590214339],[-89.2126132043285,48.4368761494547],[-89.2127169320734,48.4368966239146],[-89.2127768743582,48.4368985370517],[-89.2128050777264,48.4368765458175],[-89.2128204429945,48.4368415260447],[-89.2127933071566,48.4368175367454],[-89.2127312124071,48.4368013710169],[-89.2126439114554,48.436770365942],[-89.2125449474303,48.4367181418886],[-89.2124913256624,48.4366497249858],[-89.2124527209536,48.4366443403936],[-89.2123126041136,48.4366695026099],[-89.2122083643937,48.4366725268805],[-89.212119155154,48.4366681154358],[-89.211980113066,48.4366472965774],[-89.2118546084798,48.436620091868],[-89.2118019537949,48.4366445945408],[-89.2117206036725,48.4366798600003],[-89.2116099364081,48.4367116052318],[-89.2114896268626,48.4367333220126],[-89.2113608513162,48.4367368172519],[-89.2112567886564,48.4367439238271],[-89.2112423838635,48.43676564941],[-89.2112521491129,48.4368492067233],[-89.2112594103757,48.4369103450219],[-89.2112451972768,48.436971895255],[-89.2111998459823,48.4370585536297],[-89.211160565365,48.4371083314287],[-89.2111158883437,48.4371398296736],[-89.2111151510136,48.4371582262248],[-89.2111421963109,48.4371801752708],[-89.2112045313926,48.437237193062],[-89.2112422432746,48.4372926373036],[-89.2112724615021,48.4373523139678],[-89.2112896135404,48.4373938567435],[-89.2113069628911,48.4374752258556],[-89.2113161081676,48.4375444983705],[-89.2113359284073,48.4375767991038],[-89.2113851360385,48.4375789157462],[-89.2114171660975,48.4375742178701],[-89.2114404345039,48.4375798967706],[-89.211443032784,48.4376043590505],[-89.2114221557403,48.4376537831031],[-89.2113951731175,48.4376685985705],[-89.2113484265944,48.437687881472],[-89.2113402894204,48.4377125474463],[-89.21130490102,48.4377459068709],[-89.2112968083155,48.4377715976787],[-89.2112760652104,48.4378240800079],[-89.2112498760128,48.4378572652617],[-89.2112376259744,48.4378932470183],[-89.2112073950941,48.4379040410132],[-89.2111995223604,48.4379348308507],[-89.2111835380245,48.4379555628937],[-89.2111672543105,48.4379779642895],[-89.2111569375632,48.438005283164],[-89.2111582978324,48.4380366125905],[-89.2111602180994,48.4380808396717],[-89.2111869052766,48.4381209062471],[-89.2112470681198,48.4381658599097],[-89.2114208014258,48.4384004497462],[-89.2114711666045,48.4384751018892],[-89.2115059050545,48.4385320121836],[-89.2115124757194,48.4385739329121],[-89.2115641949563,48.4386783877125],[-89.2116125436395,48.4387306015211],[-89.2116454137419,48.4387853019713],[-89.2116827802015,48.4388159408634],[-89.2117114373297,48.4388375213835],[-89.2117317040997,48.4388574196855],[-89.2117557023935,48.4388993795772],[-89.2118025799461,48.4389575004263],[-89.2117435763572,48.4389964965169],[-89.2117087848168,48.4390179888447],[-89.211705293356,48.4390126315106],[-89.2117074668364,48.438987642019],[-89.2117029929763,48.4389721807182],[-89.2116923550954,48.4389524994447],[-89.2116702398205,48.4389312304019],[-89.2116553994684,48.4389148833518],[-89.2116425484157,48.4389107775583],[-89.2116300263946,48.4388778192094],[-89.2116060281752,48.4388358583906],[-89.2115768095082,48.4388013775228],[-89.2115317457859,48.4387210901613],[-89.2114715492866,48.4386115808023],[-89.2113769195947,48.4384750694271],[-89.2113269505758,48.4384096309552],[-89.2112453233052,48.4383171334921],[-89.2111980443207,48.4382498006036],[-89.2111376413323,48.4381993172956],[-89.2110731900046,48.4381194015471],[-89.2110187239206,48.4380780262803],[-89.2109513419378,48.4379944779064],[-89.2108648928475,48.437918674667],[-89.2108296090712,48.4379359528644],[-89.210828358123,48.4379710204753],[-89.2108666033876,48.4380219280433],[-89.2108883137393,48.4380750005665],[-89.2109072076648,48.4381438976806],[-89.2108670605675,48.4381955130742],[-89.2108659818374,48.4381959872722],[-89.210845499164,48.4382381302188],[-89.2108450146329,48.438238368963],[-89.2107559408776,48.4382822729203],[-89.2106630540661,48.4383135666051],[-89.2106078984402,48.4383201617797],[-89.2105842649793,48.4383195668996],[-89.2105551738394,48.4383323290181],[-89.2106813277571,48.4384288594279],[-89.2108090581955,48.4384841364923],[-89.2109698384098,48.4386120008244],[-89.2111010850163,48.4386980095181],[-89.2111585818317,48.4387940336348],[-89.2111082475032,48.438887888399],[-89.2108305652961,48.4390217820206],[-89.2107057661464,48.4390957046675],[-89.2106603244007,48.4391226215976],[-89.2105122600997,48.4391874774279],[-89.21026108421,48.4392974960844],[-89.2102445329612,48.4393047483412],[-89.2101491950627,48.4393465084614],[-89.2099931707463,48.4393994385984],[-89.2097773450255,48.4394565494991],[-89.2097671635713,48.4394592445474],[-89.209658967841,48.4394688979085],[-89.2095754250551,48.4394678827614],[-89.2094580846864,48.4394537653044],[-89.2094022124714,48.4394605500052],[-89.2092825795161,48.4391241330984],[-89.2093865435361,48.4391052536721],[-89.2093059056782,48.4388831559298],[-89.2092330205053,48.4388943287035],[-89.2092530687003,48.438947735757],[-89.2090330281424,48.4389832805349],[-89.2090058086686,48.4389360267577],[-89.2089380334918,48.4389445855639],[-89.2090223899869,48.4391660965951],[-89.2091353156608,48.4391465108493],[-89.209251461041,48.4394758681349],[-89.2092331138577,48.439483182631],[-89.2088497090835,48.4396360294633],[-89.2085247484105,48.439727911873],[-89.2078729685662,48.4398688914843],[-89.2076594394356,48.4398920219209],[-89.2072105333394,48.4399291853095],[-89.2070884477717,48.4399172546567],[-89.2070214652071,48.4398566844308],[-89.2065999025863,48.4398647732772],[-89.206223271007,48.439919579152],[-89.2061005298998,48.4399198846416],[-89.2059869090493,48.4399283267841],[-89.2059337395445,48.439932128443],[-89.2059052536522,48.4399264144279],[-89.2058941718238,48.4399120144541],[-89.2058187247491,48.4397395050328],[-89.2057404970022,48.4394786846997],[-89.2056791782426,48.4394875136483],[-89.2057184568881,48.4396217494794],[-89.2057848309788,48.4398020842528],[-89.2058358693354,48.4399180018774],[-89.2058425888601,48.439928311671],[-89.205594986084,48.4399581081865],[-89.2055418973884,48.4399654629432],[-89.2054493738875,48.439978281178],[-89.2052976806195,48.439999296655],[-89.2051293118917,48.4400232219369],[-89.2049615498092,48.4398854954519],[-89.2047420161847,48.4391270096974],[-89.2046569314288,48.4389233511839],[-89.2045521634959,48.4389412457346],[-89.2043654471896,48.4385034315496],[-89.2043654262124,48.438503384266],[-89.2043636880236,48.438499308515],[-89.2043250521089,48.4384087129526],[-89.2043067281952,48.4383657457588],[-89.204254208909,48.4383001236906],[-89.204179049296,48.4382426317364],[-89.2041376174443,48.4382298244781],[-89.2040990408481,48.4382305636959],[-89.2040854082187,48.4382334062486],[-89.2039379103333,48.4382727084307],[-89.203829993382,48.4383202664504],[-89.2037579206645,48.4384440896479],[-89.2037357270586,48.4385672918735],[-89.2037111907231,48.4387035094684],[-89.2036644590767,48.43896293109],[-89.2035427214252,48.4392252174836],[-89.2033115090495,48.4394381803952],[-89.2029281832495,48.439608349962],[-89.2023756587879,48.4397379583214],[-89.2020705367757,48.4399628102578],[-89.2018242592854,48.4402246213781],[-89.2015675176408,48.4405443084331],[-89.2012975288117,48.4407271054907],[-89.2008687994992,48.4411355753272],[-89.2006479612225,48.4413290494644],[-89.2005286260094,48.4413587121437],[-89.2003743975989,48.4413695801691],[-89.2002735046679,48.4413754689607],[-89.2001765072072,48.4413337783955],[-89.2001330109191,48.4412910653224],[-89.2001958423816,48.4412304832306],[-89.2001701824151,48.4411874271979],[-89.2000918735903,48.4411651749124],[-89.1999823017519,48.4411078885755],[-89.1999033095456,48.4410698131137],[-89.1998394540625,48.4411066636019],[-89.199901465712,48.4411648569926],[-89.1999743436487,48.441199093292],[-89.2000297255891,48.441241577295],[-89.199946709315,48.4413856793446],[-89.1995863614287,48.4417211442788],[-89.1991716799485,48.4421764046821],[-89.1988001143871,48.4425279167518],[-89.1987182513678,48.44256115202],[-89.1986679926818,48.4426373263705],[-89.1986826130048,48.4427003850647],[-89.1987512552302,48.442774290236],[-89.1987352971163,48.4428181403161],[-89.1983852847311,48.443117774547],[-89.1981137207712,48.4433050666048],[-89.197882572285,48.4434638705524],[-89.1978396227287,48.4435715761822],[-89.1978861911877,48.4436854898539],[-89.1979859206533,48.4437904691853],[-89.1980297561859,48.4438410941789],[-89.1979913846626,48.4439170437578],[-89.1979534811488,48.4439694403018],[-89.1977911929039,48.4440538460295],[-89.1963644556624,48.4436485228537],[-89.1637940409556,48.4343889330189],[-89.1638015635918,48.434380715558],[-89.1665362998151,48.4313930143379],[-89.1692707229182,48.4284052504317],[-89.1696007316868,48.4280773571025],[-89.1823565681606,48.4153994433904],[-89.1832680474613,48.4144932421898],[-89.1833001574819,48.4144536788035],[-89.1877232761225,48.4100435074424]]]},"properties":{"OBJECTID":1,"BABY_ATOM":"30400","FIRE_AREA":"3W","FIRE_STATION":"STATION 3","GlobalID":"78dea3fa-aa9e-4703-acfa-c4960f263ed0","Shape__Area":11073245.360229492,"Shape__Length":25905.390314801047}},{"type":"Feature","id":2,"geometry":{"type":"Polygon","coordinates":[[[-89.1558780163546,48.4692851607254],[-89.1625450182192,48.4639193541906],[-89.1602290041153,48.4633546685523],[-89.1398499549182,48.4583833423776],[-89.1637940409556,48.4343889330189],[-89.1963644556624,48.4436485228537],[-89.1977911929039,48.4440538460295],[-89.1975272050532,48.4441911451731],[-89.1971581206305,48.444324874715],[-89.1969836890924,48.4444192561902],[-89.1967114277054,48.4445907220633],[-89.1964534454485,48.4448173333413],[-89.196177626045,48.4450442881823],[-89.1959850369204,48.4452696534263],[-89.1957426758401,48.4455423250914],[-89.195599559911,48.4456318167379],[-89.1950470861872,48.4458684227068],[-89.1942569955213,48.4460237915839],[-89.1939955015836,48.4460434216746],[-89.1933733525519,48.4461911715139],[-89.1927186262847,48.4463034995045],[-89.1923277311661,48.4463979367818],[-89.1919410086725,48.4464588395587],[-89.1914558789339,48.446543191328],[-89.1911677868042,48.4465765287923],[-89.1908421675207,48.4466927280558],[-89.1904405580589,48.4467847843317],[-89.1897609150516,48.4467891752905],[-89.1893008107492,48.4467803849604],[-89.1892438024156,48.4468515415927],[-89.1893774338665,48.4470694348841],[-89.1895342505809,48.4472066301672],[-89.1898150816025,48.4475032011146],[-89.189943865398,48.4476050313039],[-89.189842843165,48.4476662366386],[-89.1898106277858,48.4477383170235],[-89.1898784304035,48.4477586952609],[-89.1896820311467,48.448146360049],[-89.1881824135821,48.44688711177],[-89.1878492985664,48.4466012087766],[-89.1876417018592,48.4464985673659],[-89.1862032995777,48.4452596694844],[-89.1855193094122,48.4456173723763],[-89.1865286191506,48.4464012899663],[-89.1863222817171,48.4465987287734],[-89.1852932708373,48.4458342758734],[-89.1840403219317,48.4464841525376],[-89.1877987532116,48.4496281592426],[-89.1870538221516,48.4499517030295],[-89.1865702061766,48.4495513541549],[-89.1865183217994,48.4493909322041],[-89.1844199771333,48.4476077448102],[-89.1841951142458,48.4477241881515],[-89.1832042672255,48.446914535664],[-89.1831160444171,48.4469624685973],[-89.1840906221319,48.4477764903136],[-89.1839810414542,48.4478319012762],[-89.1837596467652,48.4476613947776],[-89.1833586850545,48.4478607602556],[-89.1826480410825,48.4472760853116],[-89.1823803185468,48.4474189571458],[-89.1823225292158,48.4473748980734],[-89.1819778848309,48.4475524722738],[-89.1853578464326,48.4504465030584],[-89.185241808507,48.450508777706],[-89.1851185646342,48.4506167179548],[-89.1850147129437,48.4506626908728],[-89.1848428824996,48.4506659546756],[-89.1846555739127,48.4506167126632],[-89.1845453044109,48.4505132087039],[-89.1844550512049,48.4504650562539],[-89.1843958821188,48.4505248447055],[-89.1843457797338,48.4505903307681],[-89.1842599281948,48.4506447596109],[-89.1841023231102,48.4506712179397],[-89.1839990951158,48.4507318463249],[-89.1840291765973,48.4508163406736],[-89.1841209431328,48.4508996637993],[-89.1842081759628,48.4509801407314],[-89.184357229992,48.4510407365709],[-89.1845734589722,48.4512159079114],[-89.1846043982648,48.4513639775432],[-89.1848055350871,48.4516693824743],[-89.1846370943747,48.4522055458491],[-89.184698894951,48.4524035804172],[-89.184720235057,48.4528990787407],[-89.1847828331696,48.4529973698091],[-89.184874226239,48.4531408766715],[-89.1851793650614,48.453325871895],[-89.1849164110428,48.4534456915271],[-89.1848083446677,48.4533868362621],[-89.1845764796447,48.4531976521893],[-89.1844420713474,48.4531392005686],[-89.1843063678262,48.4530801867651],[-89.1839697708001,48.4527472597913],[-89.1833003392618,48.4521769165349],[-89.1828209233953,48.4519632094991],[-89.1822706080705,48.4518700528863],[-89.1817175354014,48.451593199476],[-89.1812554651155,48.4513518916723],[-89.1811049784385,48.4513708313419],[-89.180855631046,48.4516938575646],[-89.1804865365626,48.4516335415916],[-89.1805667042994,48.4512730224348],[-89.1804886328727,48.4512117653884],[-89.1801768687288,48.4512032097662],[-89.1799455801289,48.4514899063122],[-89.1798443591667,48.4517576223026],[-89.178435043968,48.4525000120801],[-89.1782864087319,48.4526695575755],[-89.1780098269356,48.4533367908919],[-89.1775495909824,48.4544470400857],[-89.1774045417327,48.4544999912989],[-89.1772715866547,48.4545717758891],[-89.1770542299322,48.4547179058511],[-89.1768924464806,48.4547934422022],[-89.1767256566768,48.4548547494365],[-89.1764439582228,48.4548924984421],[-89.1764625441389,48.4550014921484],[-89.1762783965123,48.4551558698711],[-89.1759234210775,48.4552071726484],[-89.1753351626128,48.4552347174724],[-89.1747428424271,48.4552282509026],[-89.1743800066041,48.455258507193],[-89.1742107061002,48.455174608471],[-89.1740176981773,48.4551540914876],[-89.1737675001043,48.4549124454218],[-89.1735951040774,48.4547976915544],[-89.1733249068455,48.4547634832438],[-89.1732481609964,48.4547293301759],[-89.1732289542332,48.4546045863267],[-89.1732296142505,48.4543856222667],[-89.1731947304347,48.4540160130976],[-89.1727944122188,48.4539574778143],[-89.1726270938221,48.454137164058],[-89.1724258322569,48.4542115125154],[-89.1719266751935,48.4543022372423],[-89.1713573794419,48.4543706263903],[-89.1699259897453,48.4545968739493],[-89.1696526890418,48.4545652320909],[-89.1696215799301,48.4546181144174],[-89.1696679617331,48.4547154553214],[-89.1696973161904,48.4548943219882],[-89.1694302419975,48.4549523096559],[-89.1692360826244,48.4549600262217],[-89.1688736370801,48.4550207368256],[-89.168438592485,48.4550837523442],[-89.1680269686094,48.4550368301714],[-89.1680801473683,48.4550481820179],[-89.1680700773337,48.4552507755636],[-89.1681702068049,48.4555607795346],[-89.1682023112561,48.45570140232],[-89.1681639721841,48.4558039926061],[-89.1679813829947,48.455954330057],[-89.1679124211902,48.4559833511175],[-89.1677071036602,48.4561147642905],[-89.1673733253946,48.4561264590713],[-89.1669568623284,48.4559904525748],[-89.1668027913585,48.4560264241383],[-89.166300449474,48.4559966680633],[-89.1659600174547,48.4559536161798],[-89.1656864737185,48.4559138953316],[-89.1655392164433,48.4558925108821],[-89.1651957604732,48.456006160092],[-89.1653481060552,48.4560664792238],[-89.1655054919252,48.4561606867423],[-89.1655454550578,48.456184606663],[-89.1660034941507,48.4563716055377],[-89.1664493023994,48.4564794287081],[-89.1668171253852,48.4566067019121],[-89.1671590930124,48.4568238477113],[-89.1675407643,48.457102732912],[-89.1676611519301,48.4572738160464],[-89.1679567255372,48.457621570281],[-89.1681313455989,48.4579072867394],[-89.1683327877721,48.4580729015667],[-89.1688613910702,48.4586634176174],[-89.1689252940625,48.4592157345219],[-89.1690175647765,48.4593702308994],[-89.1690949953223,48.4595756353766],[-89.1690483032036,48.4599018684487],[-89.1690370696575,48.4600928864449],[-89.168935912899,48.4605780226605],[-89.1689593828346,48.4606684324288],[-89.1689438025704,48.4608577715883],[-89.1691256582404,48.4609663069565],[-89.1692671564809,48.4610338550039],[-89.1689221040351,48.4625610862107],[-89.1686440104105,48.4630233866538],[-89.1684671976639,48.4637123051311],[-89.1682041950231,48.4639914971102],[-89.1681536883527,48.4644190346868],[-89.1680002922408,48.4647324371468],[-89.1678965264107,48.4649444320606],[-89.1678569153508,48.4650253654209],[-89.1678625471116,48.4650354558515],[-89.1678503987347,48.4650386745616],[-89.1677322037431,48.4652801507227],[-89.167448314641,48.465568311486],[-89.1673999742387,48.4656173763173],[-89.166875769818,48.4661494540576],[-89.166465472568,48.4667361216393],[-89.1656221682801,48.4673766439182],[-89.1652597865847,48.4674748769541],[-89.1650105702665,48.4675405073726],[-89.1647049868075,48.4678966682576],[-89.1640162952383,48.4683189115606],[-89.1637834091716,48.4685580701028],[-89.1634398748788,48.4688668889626],[-89.1630392509343,48.4691786957054],[-89.162674771236,48.4694587316534],[-89.1623530210718,48.4696884785681],[-89.1617524284806,48.4701708962225],[-89.161506071036,48.4703734802392],[-89.1613863461538,48.4704302923949],[-89.1612790581334,48.4704838270166],[-89.1612545129909,48.4705226819625],[-89.1612321715989,48.4705507339318],[-89.1611675388042,48.4705795875854],[-89.1610927015808,48.4706117261387],[-89.1609657721875,48.4706834133274],[-89.1608660717156,48.470747794231],[-89.1608289305027,48.4707667993938],[-89.1608141975279,48.4707708495541],[-89.1607829938303,48.4707783023189],[-89.1607322319241,48.4707928244475],[-89.1606689482945,48.4708123628522],[-89.1606322443262,48.4708240809913],[-89.1605799010933,48.4708439339108],[-89.1604876515223,48.4708876833895],[-89.1604619948889,48.4709053561971],[-89.1604224491368,48.4709485117225],[-89.1603282192843,48.4708952372034],[-89.1602881299327,48.4709185856244],[-89.1604001083335,48.4709964086719],[-89.1603163633218,48.4710704196842],[-89.1602782622989,48.4710944253478],[-89.1601224581549,48.4711691118404],[-89.159979207802,48.4712343186776],[-89.1597068006375,48.4713516641951],[-89.1595456851764,48.4714156340558],[-89.1594865326697,48.4714339642042],[-89.1594108204444,48.4714490827494],[-89.1593388295258,48.4714469044309],[-89.1592719805275,48.4714187553698],[-89.1592623885074,48.471400389449],[-89.1592312773459,48.4713408342032],[-89.1591751409245,48.4713078468571],[-89.1591399229219,48.4713027577227],[-89.1591046593982,48.4713142243052],[-89.1590826575648,48.471339664781],[-89.1591003687697,48.471375841274],[-89.1590956419463,48.4713887690102],[-89.1590680194906,48.4714078972572],[-89.1589620127993,48.4714636405506],[-89.158778499838,48.4715506819375],[-89.1587391619315,48.4715653666892],[-89.1586901780621,48.4715744715119],[-89.1585751840591,48.4715869886267],[-89.1585032692162,48.471602836972],[-89.1584680184852,48.4716147088915],[-89.1584523636676,48.4716296329795],[-89.1584613146427,48.4716417939197],[-89.1584822747185,48.4716398459402],[-89.1585165017369,48.4716536550746],[-89.1585184292374,48.4716665865921],[-89.1585006044616,48.4716905108255],[-89.1584457517314,48.4717280794744],[-89.1583104407501,48.4717901112885],[-89.158198938309,48.4718266714493],[-89.1581507864858,48.4718395455584],[-89.157702239839,48.4719073309314],[-89.1575930285856,48.4719436945757],[-89.1572919318973,48.4719988105329],[-89.1571647978289,48.4720071380505],[-89.1570474631549,48.4720312085527],[-89.156876544896,48.472004590081],[-89.156590312577,48.4716258112147],[-89.1565460370687,48.4715364927353],[-89.1564850515818,48.4714580268036],[-89.1563962672073,48.4713936524094],[-89.1561699354736,48.4710569398912],[-89.1553013120464,48.471314302375],[-89.1553367039163,48.4713614091009],[-89.1554594566613,48.4713257439887],[-89.1554549494287,48.4713636095257],[-89.1554654189472,48.4713844839351],[-89.1555310662034,48.4714364031575],[-89.1555662639461,48.4714758244339],[-89.1555831987873,48.4715030934709],[-89.1555756210702,48.4715403408539],[-89.1555703340814,48.4715752258334],[-89.155609923983,48.4716312186367],[-89.1556326082542,48.4716760855472],[-89.1556487563149,48.4717025703643],[-89.155671243135,48.4717124445163],[-89.1557099330321,48.4717247816884],[-89.155738994608,48.4717475596884],[-89.1557403812116,48.47175087347],[-89.1557384253805,48.471754082536],[-89.1557155660691,48.4717662297521],[-89.1556400565759,48.4717971851958],[-89.1555927020817,48.4718199807097],[-89.1555463627667,48.4718436802965],[-89.1568222394276,48.473648752486],[-89.1562526688463,48.4738111384396],[-89.1553213344429,48.4725142630637],[-89.155114812101,48.4725552896292],[-89.1548855653108,48.4721457968512],[-89.1550166605516,48.4720969731926],[-89.1549670133982,48.4720796217563],[-89.1548143804991,48.4721179486528],[-89.1548587792645,48.4722097567998],[-89.1547998938599,48.4722829714952],[-89.1547955821158,48.4722874231],[-89.1547503164122,48.47237171735],[-89.1547069307728,48.4724933705678],[-89.1546107507124,48.472609217858],[-89.1544481922023,48.4727624481586],[-89.1544469025371,48.472811353244],[-89.1544278560262,48.4728651398532],[-89.1544634317843,48.4729760632913],[-89.1544686617127,48.4730352956377],[-89.1545312350183,48.4731610815856],[-89.1546213594457,48.4733126854312],[-89.1546628637383,48.4734519055523],[-89.1547884979318,48.4735638206045],[-89.1546987319679,48.4736730419243],[-89.154646179868,48.4738063697016],[-89.1545286831675,48.4739823719745],[-89.1545053689335,48.4740410538161],[-89.1544741709991,48.4740883866631],[-89.1544093717372,48.4741552257916],[-89.1544200817859,48.4742148062646],[-89.1544321255317,48.4742754288286],[-89.1543631600838,48.4743135890776],[-89.1542801656924,48.4743542504921],[-89.154249412979,48.4744171203098],[-89.15422146951,48.4744518806278],[-89.1541828637416,48.4744704206881],[-89.1540792475304,48.4745160098828],[-89.1539626863817,48.4745604647784],[-89.1539153462805,48.4745816326143],[-89.1539018303951,48.4746030866799],[-89.1538900290667,48.4746430770762],[-89.1538505802824,48.4746874098001],[-89.1538241919068,48.474704453298],[-89.1537626673744,48.4747257975533],[-89.1536169032066,48.4747581046477],[-89.1535336468424,48.4747729871288],[-89.1535192599316,48.4747746411088],[-89.1534081368196,48.4747833521133],[-89.1531199080053,48.4747698806017],[-89.1529205984945,48.4747716015438],[-89.1528119105302,48.474802073825],[-89.1526950900301,48.4748356465619],[-89.1525947762293,48.4748544131284],[-89.1524904161146,48.4748822201284],[-89.1524274101482,48.474911134639],[-89.152420551595,48.4749253759734],[-89.1524193376102,48.4749384806211],[-89.1524202459781,48.4749548934203],[-89.1524061558084,48.4749654480409],[-89.1523877775918,48.4749664117912],[-89.1523729869448,48.4749579198361],[-89.1523571704933,48.4749483377156],[-89.1523341019099,48.4749491966687],[-89.1522998231323,48.4749706629038],[-89.152256172318,48.4750377898252],[-89.1522445329948,48.4751384973418],[-89.1522268001647,48.4752090765513],[-89.1521969342512,48.4752451355377],[-89.1521700321197,48.4752717387936],[-89.151329257704,48.4754836168198],[-89.1512967758361,48.4729714283493],[-89.1554158913464,48.4696570402357],[-89.1558780163546,48.4692851607254]]]},"properties":{"OBJECTID":2,"BABY_ATOM":"50200","FIRE_AREA":"5W","FIRE_STATION":"STATION 5","GlobalID":"9ce29605-3d90-4f62-a7d7-b2da2213c8f6","Shape__Area":7063543.0616455078,"Shape__Length":19189.555533240979}},{"type":"Feature","id":3,"geometry":{"type":"Polygon","coordinates":[[[-89.2203437584569,48.3564358345732],[-89.2202859801168,48.3564204445242],[-89.2202097205163,48.3564013651689],[-89.2200516788467,48.3563692989113],[-89.2198814448496,48.3563453243657],[-89.2197087341797,48.3563313305219],[-89.2195475239746,48.3563277052742],[-89.2195039851716,48.3563282676918],[-89.2193745973519,48.3562953171914],[-89.1913392763903,48.3491512482736],[-89.1895111429732,48.3014030017423],[-89.1892834626048,48.2925318003317],[-89.1892340490902,48.2906058552703],[-89.1891970615289,48.2891641018408],[-89.1891936379408,48.2891190365813],[-89.1886422844584,48.2671868681381],[-89.2558202868152,48.2670443685068],[-89.2556338856045,48.2671837458792],[-89.2555149450842,48.2672725672055],[-89.2551435286347,48.2674033394445],[-89.254864772967,48.2675012259249],[-89.2547117202816,48.2675354922288],[-89.2544557081105,48.2675925037425],[-89.2541574367263,48.2676591970684],[-89.2538777587252,48.2677669173551],[-89.2532959684122,48.2679909654573],[-89.2525695763227,48.268329189293],[-89.2521028860193,48.268544018586],[-89.251895893564,48.2686392922739],[-89.2518193651007,48.2686803223454],[-89.2512507921448,48.2689848936309],[-89.2507509085169,48.2692645695117],[-89.2502146036155,48.2695728279302],[-89.2500541724667,48.2696651820394],[-89.2495183319038,48.2698065577495],[-89.2494279765654,48.2698303763803],[-89.2487907101379,48.270049813251],[-89.2485276314383,48.2701988731415],[-89.2482647047908,48.2703479312452],[-89.247989484674,48.270524341478],[-89.2477027406348,48.2707459317297],[-89.2474106166805,48.2709012902443],[-89.2472812269172,48.2709699790632],[-89.2469923289907,48.2710538842094],[-89.2468154566456,48.2711050539727],[-89.2463297111155,48.2714400513881],[-89.2463052787835,48.2714569547925],[-89.2458473463859,48.2717718234112],[-89.2454183052555,48.2721312529364],[-89.2447234152456,48.2727493067111],[-89.2447106606655,48.2727606785585],[-89.2447048203965,48.2727659014178],[-89.2444176154931,48.2732843787033],[-89.2440629501846,48.273804238874],[-89.2438204594734,48.2741148028099],[-89.2435641428511,48.2744167609076],[-89.2429889579665,48.274823981659],[-89.2424698689944,48.2752839094393],[-89.2421317978369,48.2758753785007],[-89.2417597663272,48.2763054974401],[-89.2413168945447,48.2766560159914],[-89.2410152423067,48.2771568203817],[-89.2408285362294,48.2775113326218],[-89.2408051775237,48.2775927765765],[-89.2407426355746,48.2777020354586],[-89.2406041810866,48.2779296196298],[-89.2403235809757,48.2784742201419],[-89.240318511452,48.2784840524773],[-89.240159923575,48.2788649972708],[-89.2399922739247,48.2793452117856],[-89.239731038882,48.2798450934843],[-89.2395875128047,48.2802618419694],[-89.2393500929794,48.280689346855],[-89.2391094493696,48.2810449374023],[-89.2390089475054,48.2812133565284],[-89.2389084517699,48.2813817763402],[-89.2387530910021,48.2815286844705],[-89.2384887827112,48.2819568038122],[-89.2383226683196,48.2821668701275],[-89.2381356515949,48.2825124697834],[-89.2380265499034,48.2827935289657],[-89.237864428421,48.2830936423078],[-89.2376111831778,48.2834673646118],[-89.2374074178477,48.2837413547365],[-89.2371913605297,48.2840423900291],[-89.2371268228671,48.2841066251388],[-89.2370879413592,48.2841433512405],[-89.2370827193345,48.2841639438227],[-89.237076418066,48.284188684571],[-89.2369198297263,48.2843086970171],[-89.2368350043451,48.2843391235942],[-89.2367074600857,48.2843847639008],[-89.2364844873235,48.2845239869318],[-89.2365338138396,48.2845725477362],[-89.2365829880074,48.2846211060853],[-89.2365865226905,48.284702087858],[-89.2365393441475,48.284855910557],[-89.2364691212781,48.2851002431539],[-89.2364643554471,48.2852981688064],[-89.2364586720287,48.2854782666293],[-89.2364376187485,48.2856136489072],[-89.2364331625459,48.285820640715],[-89.2364366959118,48.2859016252021],[-89.2364572899836,48.2860631303374],[-89.2365534834958,48.2861494910763],[-89.2365554838657,48.2861513362348],[-89.2364628224634,48.2861889843309],[-89.2364056549659,48.2862055795135],[-89.2362630530565,48.2862469172205],[-89.23599951031,48.2863870625625],[-89.2358149533397,48.2864804926657],[-89.2355368130182,48.2865939004244],[-89.2354444596287,48.2866407686518],[-89.2355014726347,48.2867116103117],[-89.2356096561329,48.286718523626],[-89.235730438043,48.2867071544818],[-89.2357982047105,48.2867148357205],[-89.2358533717663,48.2867283593493],[-89.2358662825235,48.2867314319038],[-89.235866433377,48.2867323548139],[-89.2359019300323,48.2869287423376],[-89.2359243679634,48.287135273028],[-89.2359429609981,48.287251907849],[-89.2359322064683,48.2873150663555],[-89.2359836855361,48.2875660061993],[-89.2360327056183,48.2877630087608],[-89.2361281353111,48.2880940091137],[-89.236130745702,48.2884628150032],[-89.2361756158843,48.2888758745142],[-89.2362045085885,48.2892262370302],[-89.2362243248206,48.2894757187403],[-89.2080715439209,48.2895206606626],[-89.2080705484016,48.2895656303578],[-89.2081599065757,48.2920159946374],[-89.208265515657,48.2949116282896],[-89.2085140710799,48.3017247070708],[-89.208510133831,48.3017308128208],[-89.2085055517764,48.3017372890579],[-89.2085016541052,48.3017437494475],[-89.2084976072075,48.301753189069],[-89.2084928982798,48.3017627250855],[-89.2084889903445,48.301769010221],[-89.2084902644934,48.3017767226726],[-89.2084986104187,48.3017825897439],[-89.2085006583565,48.3017893893815],[-89.2084929098595,48.3017973651469],[-89.2084876336528,48.3018032248956],[-89.2084827693531,48.3018093484545],[-89.2084766740893,48.3018181031304],[-89.2084743972999,48.3018246241538],[-89.2087072687763,48.3021223573712],[-89.2085234045653,48.3019804627701],[-89.208475958361,48.3019438503121],[-89.2080392626509,48.3031538616854],[-89.2080443240909,48.3031617722199],[-89.208056565302,48.3031641472633],[-89.2080621637225,48.3031634063087],[-89.2080684970319,48.3031625693612],[-89.2080796954139,48.3031626232897],[-89.2080828768381,48.3031707507827],[-89.2080806981518,48.3031796101553],[-89.2080818011177,48.3031895752663],[-89.2080875660351,48.3031981929843],[-89.2080952965642,48.3032054206262],[-89.2080916681849,48.3032119685013],[-89.2080789249431,48.3032167111091],[-89.2080699018401,48.3032201262127],[-89.2080586835828,48.3032257374746],[-89.2080494671808,48.3032309548844],[-89.2080424249221,48.3032364895329],[-89.2080381408417,48.3032434998743],[-89.2080372525836,48.3032510739139],[-89.2080397576562,48.3032591226248],[-89.2080425541935,48.3032677064855],[-89.2080429499239,48.3032768772077],[-89.2080409408114,48.3032865412954],[-89.2080374249977,48.3032956980735],[-89.2080352954213,48.3033057270731],[-89.2080347922127,48.3033127547681],[-89.2080348291821,48.3033198620625],[-89.2080348465143,48.3033266080355],[-89.2080345905931,48.303336241148],[-89.2080327643205,48.303343923179],[-89.2080275733293,48.3033517625114],[-89.2080215620909,48.3033593449748],[-89.2080141826985,48.3033665056421],[-89.2080047304213,48.3033724455771],[-89.2079943140802,48.3033779523549],[-89.2079828213711,48.3033804233637],[-89.2086203925239,48.3050415483477],[-89.2086871657458,48.3055483112984],[-89.2090605524418,48.3058772526862],[-89.2093483968646,48.3059581930644],[-89.2098233504162,48.3060069394564],[-89.210285891568,48.3063249199498],[-89.2105835312289,48.3066560019624],[-89.211243588975,48.3072374142212],[-89.2116073399548,48.3077333683032],[-89.2115763904248,48.3078273952439],[-89.2116141463459,48.3078876384518],[-89.2116227946529,48.3079249915247],[-89.2115768644731,48.3080009158345],[-89.2115730792492,48.308076030254],[-89.2114861058311,48.3081478080889],[-89.2112065120023,48.3083785513355],[-89.2102341258326,48.308978814664],[-89.2096040445494,48.3093661285293],[-89.2092753559075,48.3095694280859],[-89.2090732561182,48.309610831239],[-89.2089395839528,48.30960871032],[-89.2088142957721,48.3094751065407],[-89.2087139268017,48.3094301356645],[-89.2085563483515,48.3093628127975],[-89.2083961248448,48.3093790253163],[-89.2081003565629,48.3094075611298],[-89.2080918949201,48.3094100099126],[-89.2080829453771,48.3094114981391],[-89.2080737503059,48.3094119851643],[-89.2080645614063,48.3094114589554],[-89.2080556261127,48.3094099336549],[-89.2080471875552,48.3094074486805],[-89.2080394753593,48.3094040743008],[-89.2080326984024,48.3093999000777],[-89.2080270410045,48.3093950403381],[-89.2080226572264,48.309389627085],[-89.2080196653634,48.3093838074045],[-89.2080181477123,48.3093777380714],[-89.2079475849309,48.3093866530046],[-89.2078202761696,48.3093620138766],[-89.2075782190592,48.3093911354499],[-89.2074182747371,48.3093759418872],[-89.2072728220282,48.3094014596124],[-89.2071250936206,48.3094202826423],[-89.2069757818132,48.3094323247984],[-89.2068255855012,48.3094375276711],[-89.2064881052334,48.3093933498539],[-89.2064269157469,48.3093692647932],[-89.2063714934961,48.309339610251],[-89.2063229679247,48.3093049925822],[-89.2062823297264,48.3092661161787],[-89.2061591478446,48.309033736322],[-89.206043021409,48.3088684877877],[-89.2059176076348,48.3087062893367],[-89.2057830850781,48.3085473705474],[-89.205639647149,48.3083919616116],[-89.205487500338,48.3082402834715],[-89.2053268604047,48.3080925532916],[-89.2051512772548,48.3079691606539],[-89.2049683993071,48.3078505773507],[-89.2047785221212,48.3077369956231],[-89.2045819529883,48.3076285984905],[-89.2043790096996,48.3075255624736],[-89.2041700203531,48.3074280530995],[-89.2038510298287,48.3073085614809],[-89.2023945893948,48.3070836453157],[-89.2020648867408,48.3069376342064],[-89.2014576732901,48.3064605215699],[-89.2013636077306,48.3064307678669],[-89.201265712859,48.3064071463048],[-89.2011648812443,48.3063898710182],[-89.2010620382051,48.3063791024327],[-89.2009581238293,48.3063749368119],[-89.200854086547,48.3063774135793],[-89.2007508815527,48.3063865099495],[-89.2003399530037,48.3064245165323],[-89.1999989765454,48.3065337034378],[-89.1999341311086,48.3065185698939],[-89.1996223105389,48.306819653471],[-89.1995403581167,48.3069222603238],[-89.199466791514,48.3070276578417],[-89.1994018229119,48.307135541466],[-89.1993456412014,48.307245598085],[-89.1992984081338,48.3073575106057],[-89.1992328542532,48.3074332214004],[-89.199245845635,48.3074384127345],[-89.1993378319628,48.3074751908788],[-89.1992635327232,48.3075741456905],[-89.1989646984425,48.3081235392269],[-89.1988513535813,48.3086180590914],[-89.1986542101393,48.3090366971763],[-89.198459805384,48.3094723722844],[-89.1982434115841,48.3098133589568],[-89.1980412585944,48.3102468367017],[-89.1979416300273,48.3104973988761],[-89.1977402558249,48.310794027815],[-89.1979911045171,48.3110687857034],[-89.1982900358002,48.3113126288011],[-89.198477021859,48.3114420049316],[-89.1984816122935,48.3115302055868],[-89.1983381104524,48.3116757178007],[-89.1982813438087,48.3118225755782],[-89.1982210110766,48.3120917337436],[-89.1982331977221,48.3122470712199],[-89.1985243145425,48.3124222604798],[-89.1988348446869,48.3126116346793],[-89.1989982488692,48.3127764790931],[-89.1990366724136,48.3129541978436],[-89.1990545586958,48.3130534188432],[-89.1992234571457,48.3131514273152],[-89.1994803398711,48.3132314299639],[-89.1997722962159,48.3132634352106],[-89.200065532529,48.313538070282],[-89.2002389891032,48.31382286717],[-89.200490373642,48.3140829767724],[-89.2007022884471,48.3143210211453],[-89.201032658082,48.314786315156],[-89.2012906182451,48.3149998531547],[-89.2015456995481,48.3152872941048],[-89.2018638309641,48.3155480965227],[-89.2023007837586,48.3157966239531],[-89.2028532209554,48.315991350959],[-89.2032196251343,48.3160559763227],[-89.2037368200746,48.316153444404],[-89.2043769966938,48.3163447600893],[-89.2048770862444,48.3165264513989],[-89.2052461850424,48.3167540057209],[-89.2055955117062,48.3169486287195],[-89.2059340040528,48.3172060043512],[-89.2061376950884,48.3173324940452],[-89.2066075613249,48.3176568339261],[-89.2070382197646,48.3179252163426],[-89.2072641009846,48.3181539542898],[-89.2072889590232,48.31817349276],[-89.2075464740622,48.3183758900708],[-89.2077275259166,48.3185482955983],[-89.2079536638526,48.3186243602735],[-89.2082730467675,48.3188100111463],[-89.2086120935506,48.3190033999733],[-89.2089060738177,48.3192288406814],[-89.2092252311862,48.3194100062224],[-89.2092480840302,48.3194557626927],[-89.2093488834998,48.3196575810403],[-89.2092884584791,48.3197323270139],[-89.2092465137106,48.3199851939962],[-89.2092106768956,48.3202365894633],[-89.2090693464414,48.3205376724233],[-89.2089492260542,48.3207258309354],[-89.20870628581,48.3209578731109],[-89.2085592137329,48.3211031353841],[-89.2082954271452,48.3212626779914],[-89.2080847179536,48.3213934965216],[-89.2079933248573,48.3215444124372],[-89.207722914415,48.3217894523137],[-89.2075582775993,48.321942124359],[-89.2071734942578,48.3221608101115],[-89.2070483281793,48.3223896284098],[-89.2067010564746,48.3229130818335],[-89.2065328239835,48.3230900667922],[-89.2063282823907,48.323265889435],[-89.2061265215728,48.3234666712417],[-89.2058202256976,48.3238683055253],[-89.2055886699467,48.3242072055386],[-89.2055056316492,48.3242216720952],[-89.2054588594839,48.3245218000428],[-89.2055135510932,48.324744015231],[-89.2055549086451,48.3250673025409],[-89.20567855665,48.3252650920179],[-89.205827820613,48.3255215345737],[-89.2058921985485,48.3259666651914],[-89.2058299520423,48.3262421510097],[-89.2056991079482,48.3263900933052],[-89.2054780092528,48.3267666229381],[-89.2052291697118,48.327065539647],[-89.2050009659878,48.3272751266248],[-89.2048093047692,48.327482340627],[-89.2045107838211,48.3277108461806],[-89.2041765356551,48.3278787840417],[-89.2039717937839,48.3280451650833],[-89.203813523552,48.3281611942461],[-89.2036843564565,48.3282883116374],[-89.203592681723,48.328238618733],[-89.2035208746706,48.3282533121248],[-89.2035415758741,48.3283817424685],[-89.2034051731318,48.3285254284367],[-89.2033492063293,48.3287070885855],[-89.2033525278547,48.328825074897],[-89.2032914757812,48.3289358696847],[-89.2029151129872,48.3292221119889],[-89.2028014799607,48.329165456796],[-89.202531024376,48.3291860356577],[-89.2024173881343,48.3293587742601],[-89.2022105727869,48.3294156759228],[-89.2018787668527,48.3295617063328],[-89.2017263110118,48.3297641765176],[-89.2016524816374,48.3299674216915],[-89.2016913883425,48.330088844688],[-89.2016402950805,48.3303739422684],[-89.2016081518395,48.3307095286249],[-89.2015411796024,48.3308193480044],[-89.2016131040703,48.330932011382],[-89.2017665860524,48.3311944424802],[-89.2018101243149,48.3313995878014],[-89.2018737827129,48.3314471527402],[-89.2019555258122,48.3314666969817],[-89.202037669996,48.3314956133062],[-89.2021020395175,48.3315201796592],[-89.2021662098662,48.3315400585302],[-89.2022543757858,48.331545406653],[-89.2023988761635,48.3315520212052],[-89.2025402615352,48.3315680759738],[-89.2026648832453,48.3316032140804],[-89.2027864980171,48.3316501396162],[-89.2028822984024,48.3316694120701],[-89.2029846222758,48.3316768330933],[-89.2030204764774,48.3316925654937],[-89.2031015120132,48.3316957039655],[-89.2031650770013,48.3317015227957],[-89.2032849725411,48.331708606829],[-89.2033205224114,48.3317173071765],[-89.2033661117132,48.3317140860597],[-89.2034121024812,48.331720241553],[-89.2034721513272,48.3317261276],[-89.2035251718646,48.3317321492192],[-89.2036280022952,48.3317512845161],[-89.2036842332756,48.331750207636],[-89.2037969026618,48.331752740179],[-89.2039101741696,48.3317693321548],[-89.203975153856,48.3318079586507],[-89.204104301114,48.331866463855],[-89.2042589621709,48.3319455877385],[-89.2043745586878,48.3320160814913],[-89.2044657574234,48.3320917305973],[-89.2045277257001,48.3321421417769],[-89.2045834742684,48.3322114363328],[-89.2046347013368,48.3322573612563],[-89.2046644322051,48.3322943176412],[-89.2047005905201,48.3323170787807],[-89.2047337367058,48.3323516258241],[-89.2047211932521,48.3323870472227],[-89.2046938853716,48.3324063341278],[-89.2046581459715,48.3324306746109],[-89.2046735649023,48.3324583555582],[-89.2048461267228,48.3324300506476],[-89.2048617669081,48.3323825852674],[-89.2048707201788,48.3323252789678],[-89.2049163800647,48.3323244033144],[-89.2049569921736,48.3323388607037],[-89.205003307373,48.3323532078013],[-89.2050375543256,48.3323525509844],[-89.2050590735982,48.3323216666581],[-89.2051242798977,48.3322442374692],[-89.2051976599136,48.3322237860679],[-89.2053290990394,48.3322250744517],[-89.2054595529305,48.3322035272038],[-89.2057830785995,48.3321554223103],[-89.2059991430362,48.3321322328348],[-89.2062880964251,48.3320771708339],[-89.2064242566508,48.3320555138825],[-89.206584396467,48.3320600577417],[-89.2068198870563,48.3320898198768],[-89.2069638888974,48.3321175282506],[-89.2071757270455,48.3321286970129],[-89.2073187430718,48.3321335685843],[-89.2074451349668,48.3321501886034],[-89.2075025375319,48.33215670369],[-89.2075710297092,48.3321553885878],[-89.2076057668504,48.332166148335],[-89.2076633338792,48.3321764705973],[-89.2078174409772,48.3321735113501],[-89.2078921307271,48.3321835037857],[-89.2080304288641,48.3322113185591],[-89.2081850239206,48.3322197779903],[-89.2083006555366,48.3322518372934],[-89.208376827973,48.3322960820647],[-89.2085154528321,48.3323315081088],[-89.2085474838727,48.3323487734148],[-89.2092277182426,48.3325582505796],[-89.2095547281943,48.3327153985912],[-89.2097611419293,48.3330308017607],[-89.2099627446104,48.3333784367697],[-89.2099934266707,48.3335428725549],[-89.2099936154515,48.3335430254815],[-89.2100068792578,48.3338497701912],[-89.2100139487063,48.3340174580452],[-89.2099715763108,48.3341802623305],[-89.2099290836091,48.3343403210912],[-89.2098093687157,48.3345238259311],[-89.2096850265498,48.3346003465174],[-89.2095619542085,48.3346109480625],[-89.2094006620676,48.3345948291769],[-89.2091810615889,48.3345633561684],[-89.208966167815,48.3345455196944],[-89.208858960124,48.3345420882944],[-89.2087838349064,48.3345188246318],[-89.2085528409493,48.3345095329419],[-89.2083385388692,48.3345054122117],[-89.2081724226228,48.3344729108646],[-89.2080887160946,48.3344415708138],[-89.2080381588123,48.3344150861102],[-89.2079679771971,48.3344109427902],[-89.2079069736362,48.3344285877056],[-89.2078382167005,48.3344573646437],[-89.207726772962,48.3344512666177],[-89.2075409182116,48.3344383618958],[-89.2073386060992,48.3344257719374],[-89.2072099944857,48.3344035341139],[-89.2071359361771,48.3344049558421],[-89.2070565822632,48.3343790217171],[-89.2069776982601,48.3343640625818],[-89.2068910593883,48.3343602345121],[-89.2068459233952,48.3343638469032],[-89.2067097938972,48.3343582226216],[-89.2064907880197,48.3343404604484],[-89.2063251497129,48.3343189286286],[-89.2060185582062,48.334275390634],[-89.2059406231419,48.3342823771091],[-89.2059019645989,48.3343407761693],[-89.2059453589474,48.3343921097864],[-89.2059995552441,48.3344075433201],[-89.2061441080072,48.3344366187725],[-89.2062771108075,48.3344461456282],[-89.2064546168723,48.3344564674986],[-89.2067278211793,48.3344896628926],[-89.2068597148362,48.3344926224438],[-89.2070003150711,48.3345063969782],[-89.207149258491,48.3345227562916],[-89.2075175685008,48.3345651071727],[-89.2077613801698,48.3345851334791],[-89.2080468111912,48.3346153458408],[-89.208385487442,48.3346390418425],[-89.2086130835516,48.3346648725423],[-89.2089890301796,48.3346933428323],[-89.2091591386513,48.3347230193769],[-89.2092627100286,48.3347375026386],[-89.2093244262732,48.3347363167083],[-89.2093785066531,48.3347490048637],[-89.2094403374648,48.3347505626861],[-89.2095733031875,48.3347782081729],[-89.2095791971215,48.334819278851],[-89.2096348183327,48.334907310568],[-89.2096525370629,48.3349688489776],[-89.2096883401564,48.3349626958332],[-89.2097915563261,48.3349689482972],[-89.2099413322066,48.3350045083144],[-89.2100268564325,48.335024034441],[-89.2101237070329,48.3350226621776],[-89.2103657072402,48.3351187083098],[-89.2105181921534,48.3351245293652],[-89.2105828317731,48.3351542647166],[-89.2108490185914,48.3352329422174],[-89.2109718491563,48.33529914154],[-89.2110883126143,48.3353502260276],[-89.2112313392207,48.3353550925596],[-89.2113009881801,48.3353804177961],[-89.2114197573817,48.3354847817901],[-89.2114657478436,48.3354915144134],[-89.211534081073,48.3354863932096],[-89.2115913231116,48.3354890989416],[-89.2115869358575,48.3355196576406],[-89.2114964287084,48.3355404425455],[-89.2115200860046,48.3355590314629],[-89.2115830370734,48.3355616300843],[-89.2116174506481,48.3355647758231],[-89.2115846837687,48.3355996863433],[-89.2115706888247,48.3356723263989],[-89.2116323815292,48.3357777889593],[-89.2117079020191,48.3358068078189],[-89.2117863897346,48.3359043299864],[-89.211946597619,48.3360421773732],[-89.2120001106869,48.3360906634034],[-89.2120523088386,48.3361087031016],[-89.2121136134827,48.3360732451787],[-89.2121114720999,48.3360237690071],[-89.2120807918498,48.3359748446264],[-89.2120786491577,48.3359253684788],[-89.2121120747853,48.3359056813977],[-89.2121810632375,48.3359157807589],[-89.2122450017746,48.3359412134999],[-89.2122363884206,48.3360061310602],[-89.2122843575905,48.3360585331443],[-89.2122646572273,48.336131280366],[-89.2122191589974,48.3361359671287],[-89.2121723387323,48.3361102032055],[-89.2120934160261,48.3361345751943],[-89.2120777745105,48.3361691572566],[-89.2121494002139,48.3362401491082],[-89.2122611464103,48.336314175755],[-89.2124017657616,48.3363952666232],[-89.2125524814237,48.3364456932204],[-89.2126209791124,48.3364443750244],[-89.2126725174216,48.3364471908879],[-89.2127145611731,48.3364545658075],[-89.2127088571433,48.3364722754626],[-89.212803147282,48.336582757727],[-89.2128547986162,48.336603827125],[-89.212863576945,48.336637768338],[-89.2129221413934,48.3366709222643],[-89.2129811961892,48.3367154925627],[-89.2129839989052,48.33678019044],[-89.213042729644,48.3368171479182],[-89.2131304944369,48.3368649759297],[-89.2133099164372,48.3369186566772],[-89.2133975126452,48.3369626755189],[-89.2136101960942,48.336992861086],[-89.2136826706147,48.3369927388296],[-89.2137728760924,48.3370277906918],[-89.2138947850853,48.3370209976785],[-89.2143312386125,48.3370049457002],[-89.2143755641307,48.3370312363594],[-89.2144105109691,48.3370314945154],[-89.214526582435,48.3370292588951],[-89.2146461582886,48.337107927157],[-89.2148121793886,48.3372226701508],[-89.2149393661406,48.3372941492035],[-89.2150698019873,48.3373796510011],[-89.2151705310774,48.3374498832285],[-89.2152331124675,48.3374926821149],[-89.2152422472552,48.3375206716764],[-89.2152446344893,48.3375466678511],[-89.2153651990043,48.3376181714572],[-89.2157564435515,48.3378502067581],[-89.2159462030414,48.3381794447062],[-89.2159548123505,48.3383772222934],[-89.2159860789667,48.3384755896284],[-89.2161486706768,48.3384904407182],[-89.2163702830646,48.3386211168671],[-89.2165509138225,48.3387259358748],[-89.2166497428442,48.3388406462583],[-89.2167079351379,48.3388536853803],[-89.2168289491089,48.3389271546273],[-89.2169053194096,48.3389856346887],[-89.2169958459511,48.3390408950725],[-89.2171465209703,48.339091963371],[-89.2172725736622,48.3391974936096],[-89.2173835784445,48.339267326894],[-89.217585199858,48.3393374529413],[-89.2176751005095,48.3394246585515],[-89.2178605622582,48.3395449802758],[-89.2179702707532,48.3396630201509],[-89.2182227299878,48.3397682494634],[-89.2182477895634,48.3398984158953],[-89.2183730633784,48.3399859659936],[-89.2185685023418,48.3401351386846],[-89.2183257154115,48.3403591752718],[-89.2183822878518,48.3405076408532],[-89.2183724978334,48.340700202025],[-89.2187428981973,48.3410405067699],[-89.2188629002489,48.3413374563008],[-89.2189310292472,48.3417409016882],[-89.2191262326048,48.3420947856985],[-89.2191780310435,48.3424050817021],[-89.2193827451568,48.3427069978849],[-89.2194287611419,48.3430794669389],[-89.2193653793118,48.3435567389423],[-89.2192415039764,48.3438209002831],[-89.2191588473401,48.3440825923991],[-89.2187774888142,48.3442775046222],[-89.2184528895345,48.3442926378297],[-89.2184798773021,48.3439877692498],[-89.2184005729313,48.343846539934],[-89.2180944558729,48.3438152820008],[-89.2175136647521,48.3437823400312],[-89.21682975346,48.3435968220229],[-89.2171665480181,48.3435572011534],[-89.2173624215059,48.3434289534232],[-89.2172511079932,48.3433547371344],[-89.2167507184928,48.3432873093195],[-89.2163410630497,48.3433232661539],[-89.2157506146084,48.3434118821264],[-89.2150246726532,48.3436767152353],[-89.2146074064781,48.343702775862],[-89.2144506641979,48.3438227703425],[-89.2144307293206,48.3439851115193],[-89.2142881016681,48.3441930797532],[-89.2139974913735,48.3444660435525],[-89.2132938754788,48.345212555326],[-89.2129025704929,48.3456489924726],[-89.2127786597682,48.3460680117845],[-89.212393517738,48.3463185488768],[-89.2121760216434,48.3466382740957],[-89.2116152492204,48.3469803532163],[-89.2116550880192,48.3470532082795],[-89.2121957521752,48.3472902478021],[-89.212329844838,48.3473986068307],[-89.212654366365,48.3475339599347],[-89.2126554453767,48.3475340660337],[-89.2126658221454,48.3475608936856],[-89.2126450976151,48.3475996916903],[-89.2126652093173,48.347620637537],[-89.212692173939,48.3476521197383],[-89.2127124675794,48.3476773277511],[-89.2127133894404,48.3476986437877],[-89.2127136717261,48.3477051614831],[-89.2127147154933,48.3478031529667],[-89.2127797527811,48.3479747021361],[-89.212863019607,48.3480499015804],[-89.212999297398,48.3481667455265],[-89.2131426149631,48.3482983895208],[-89.2132333545884,48.3483243747443],[-89.2133556082246,48.3483390895132],[-89.2134589527708,48.3483605662365],[-89.2135247563407,48.3484019660855],[-89.2135992254871,48.3484218661888],[-89.2136319440459,48.3484383043798],[-89.2136363396573,48.3484659515932],[-89.2134696860204,48.3484606259296],[-89.2133724610003,48.3484326324499],[-89.2131758264544,48.3484001498581],[-89.2130247609061,48.3483113243847],[-89.2128462650912,48.3481803572799],[-89.2127294506325,48.3480695393523],[-89.2126521204604,48.3479835600286],[-89.2126759463552,48.347942567255],[-89.2126797594026,48.3478827591213],[-89.2126500224773,48.347787330737],[-89.2126575858192,48.3477402519578],[-89.2126505254915,48.3476971264433],[-89.2125073107789,48.3476789013041],[-89.2122347095147,48.3475324951149],[-89.2118850861213,48.3473340389764],[-89.2115071671439,48.3471603578685],[-89.2114976678157,48.3471908294861],[-89.211435467131,48.3472325601051],[-89.2113900820797,48.3472931659638],[-89.2113413189374,48.3473495728972],[-89.2112761007671,48.3473956280372],[-89.2112055995264,48.3474673814925],[-89.2111594773736,48.3475109360308],[-89.2112201716633,48.3475823032752],[-89.2112803152011,48.3476408795548],[-89.2113063878407,48.3477257123204],[-89.2112871726371,48.3478732841071],[-89.2112424326996,48.3479488114035],[-89.2111780180743,48.3479393837544],[-89.2111338028958,48.3479530337809],[-89.2111756779804,48.3480332961024],[-89.211293567527,48.34809503111],[-89.2113619194523,48.3481214483692],[-89.211424800202,48.3481693063903],[-89.2114680294691,48.3482068732132],[-89.2115209455914,48.3482463896884],[-89.2115406727039,48.3482708971057],[-89.2118847210169,48.34837030101],[-89.2120118014407,48.3484008263869],[-89.2122259299345,48.3485015751826],[-89.212486148167,48.3485727466454],[-89.2128508115208,48.3487466526736],[-89.213097170912,48.3488276114463],[-89.2136461599463,48.3489694001465],[-89.2140578627696,48.3491219968761],[-89.214163704817,48.3491561445264],[-89.2142539223494,48.3492442490709],[-89.214297030451,48.3494148223807],[-89.214297108706,48.3495814611249],[-89.2142195830945,48.3499352776221],[-89.2141841845654,48.3501073627729],[-89.2141461038561,48.3502176009388],[-89.214024980943,48.3502246938527],[-89.2140389208682,48.3503815427912],[-89.2140963805024,48.3507184773173],[-89.2141644552688,48.3508989573876],[-89.2141584104116,48.3510380064682],[-89.214154455109,48.3514861169647],[-89.2141562993165,48.3515075807712],[-89.2140297950282,48.3516215208195],[-89.2139134196725,48.3518370588288],[-89.2139536148851,48.3519734072496],[-89.2140495865646,48.3520782092067],[-89.2140081980464,48.3521780379937],[-89.2140118256188,48.3522617637463],[-89.2140568229209,48.3523386556302],[-89.2139300985104,48.3524965287497],[-89.2138133970543,48.3526040526705],[-89.2138237512938,48.3526691295359],[-89.2138834909984,48.3527289214717],[-89.2139636531034,48.3527737209436],[-89.2144146589907,48.3528076656559],[-89.2147190959279,48.352824696025],[-89.2150004281098,48.3529511824317],[-89.2150816952233,48.352949617768],[-89.215267051976,48.3530069880379],[-89.21537015563,48.353012618767],[-89.2156272610234,48.3531681462095],[-89.2157695268376,48.3533909725602],[-89.2162166918625,48.3535975240181],[-89.216489912183,48.3536133231233],[-89.2167169707257,48.353586856349],[-89.216768830128,48.3535725592659],[-89.2168945437234,48.3536383745918],[-89.2170453109198,48.3536887916936],[-89.217241100417,48.3537231077994],[-89.2173875766766,48.3536745744724],[-89.2192391194234,48.3528181348394],[-89.2219975060197,48.3515421202043],[-89.2238826853699,48.3519964467523],[-89.2240106021242,48.3520206598308],[-89.2242061683265,48.3520674325133],[-89.2262605885026,48.3525592450075],[-89.2304576140382,48.3535674659504],[-89.2315938834844,48.3538403898359],[-89.2353794631427,48.3547532195287],[-89.2349880487653,48.3554536328005],[-89.2349630521622,48.3554583141768],[-89.2349282407033,48.3554648355506],[-89.2348734961573,48.3554538502771],[-89.2348067025392,48.3554431000673],[-89.2347522186859,48.3554381334441],[-89.2346943745843,48.3554252028023],[-89.2346699237707,48.3554176442098],[-89.2345785943968,48.3553973295959],[-89.2345175587055,48.3553804417428],[-89.2344630763701,48.3553754767528],[-89.2344353531026,48.3553619588303],[-89.2343834464977,48.3553469017245],[-89.2343165654155,48.3553341465049],[-89.2342402933644,48.3553135399273],[-89.2341702260698,48.3552968264866],[-89.2341247797472,48.3552916875591],[-89.2340726936424,48.3552726155522],[-89.234005900533,48.3552618675675],[-89.2338834815351,48.3552200650771],[-89.2338228013878,48.3552112037474],[-89.2337405071913,48.3551907138357],[-89.2336525388057,48.355178366093],[-89.2334968149854,48.3551331955256],[-89.2333998123885,48.3551210248777],[-89.2333272587616,48.3551164085675],[-89.2332961608264,48.3551282647686],[-89.2321594745999,48.3548491179005],[-89.2320499017407,48.3548251407978],[-89.2312515154814,48.3546297819945],[-89.2301394297669,48.3543435715051],[-89.2298365055887,48.3542617099939],[-89.2298140287,48.3542611480746],[-89.2298112992993,48.3542671824912],[-89.2291391292059,48.3540927752817],[-89.2291180001753,48.3541230959353],[-89.2283667654153,48.3539423397691],[-89.2283471907831,48.3539397292878],[-89.2283218581629,48.3539422131643],[-89.2283010918149,48.3539466023703],[-89.2282319330939,48.3539738668972],[-89.2281388912314,48.3540025884156],[-89.228084719547,48.3540197363454],[-89.227917434418,48.3540726850023],[-89.2277519371234,48.3541217532774],[-89.2275400704944,48.3541810742581],[-89.2273347056065,48.3545653393546],[-89.2271661676442,48.3548806920933],[-89.227096267295,48.3549498145837],[-89.2270858211501,48.3549701531388],[-89.2270579609107,48.3550243740595],[-89.2270540686051,48.3550319514962],[-89.2271243167165,48.355048663965],[-89.2271534401639,48.3550489861021],[-89.2271576296873,48.3550495563653],[-89.2272375346139,48.3550604583283],[-89.227366596811,48.3550936042381],[-89.2275458696339,48.3551396485986],[-89.2277745936312,48.3551974533208],[-89.2278176445811,48.3552163082475],[-89.2279047709446,48.3552383211007],[-89.2323536785992,48.3562892582473],[-89.2324044212536,48.3563012437554],[-89.2324506283232,48.3563121575353],[-89.232489070186,48.3562382315345],[-89.2324981536834,48.3562207666252],[-89.2325005284529,48.3562161984128],[-89.233063560935,48.3563779813981],[-89.2330982086455,48.3563886911353],[-89.2332119888453,48.3564222595586],[-89.233267716515,48.3564683398638],[-89.2332688534265,48.3564943401216],[-89.2332405763844,48.3565176555111],[-89.2332466590729,48.3565451846434],[-89.2332352442221,48.3565632959202],[-89.2332121275574,48.3565930180091],[-89.2332064440993,48.3566305324709],[-89.2331923745571,48.3566438151025],[-89.2331755604956,48.3567059431467],[-89.2331719564825,48.3567352862504],[-89.2331707242402,48.3567629574557],[-89.2331449581448,48.3567878498863],[-89.2331345566616,48.3568296640686],[-89.2331344092787,48.3568301527917],[-89.2331171683742,48.3568862266535],[-89.2327891573619,48.3572200181326],[-89.2326979271109,48.357291243436],[-89.2325876781272,48.3573127034315],[-89.2325846888986,48.3573132842228],[-89.2324453474247,48.3573060700482],[-89.232361341954,48.3572849168685],[-89.2322746498833,48.3572630815961],[-89.2318568306172,48.3571782157946],[-89.2318287791689,48.3571725178738],[-89.2313830584509,48.3570852578661],[-89.2307771409498,48.3569680324267],[-89.2302297499039,48.3568265155617],[-89.2298628334599,48.3567244931299],[-89.2294926128942,48.356656935224],[-89.2293295130636,48.3566084227332],[-89.229164417479,48.3565586557748],[-89.2288904330477,48.3564580289127],[-89.228785697176,48.3564135523871],[-89.2287205537212,48.3563734215769],[-89.2285874321096,48.3563168896932],[-89.2284791584145,48.3562648012642],[-89.2283264019636,48.3562102889528],[-89.2281470551033,48.356167787718],[-89.2279911652732,48.356154388198],[-89.2278627994777,48.356150308242],[-89.2277723079134,48.3561668407082],[-89.2276745013329,48.3561851532549],[-89.2276490500122,48.3562234148067],[-89.2276815716258,48.3562342807309],[-89.2276854254978,48.356209572937],[-89.2277247636409,48.3562071696551],[-89.2277777375866,48.3561782297086],[-89.2278320657258,48.3561804602437],[-89.227838281279,48.3562098963293],[-89.2278515254564,48.3562309878867],[-89.2278506544148,48.356231383555],[-89.2278176872468,48.3562464217774],[-89.2277643567509,48.3562671576072],[-89.2277798492082,48.3562832786269],[-89.2278080154342,48.3562751336831],[-89.2278407131421,48.3562656781835],[-89.2278870136441,48.3562532868749],[-89.2279803924023,48.3562465514461],[-89.2280784905495,48.3562347984047],[-89.2282098949787,48.3562519572643],[-89.2285542423813,48.3563971790129],[-89.2286046153389,48.3564282145957],[-89.2285747437172,48.3564780562293],[-89.2285146671428,48.3565137014167],[-89.2284840335273,48.3565880370666],[-89.2284446864686,48.3566523394099],[-89.228388700926,48.3567420876859],[-89.2283524759078,48.3568270208482],[-89.228303950361,48.3568931322498],[-89.2282875607066,48.3569154629521],[-89.2282377709277,48.3569947458491],[-89.2281823286867,48.3570460609222],[-89.228065116131,48.3571562067844],[-89.2280040785243,48.3572142873806],[-89.2279969545865,48.3572210682125],[-89.2279267577353,48.3572891334266],[-89.2279266655626,48.3573370932377],[-89.2279073509542,48.357369439797],[-89.2279044771784,48.3574036469698],[-89.2279069270766,48.3574122100271],[-89.2279160598968,48.3574441133538],[-89.2279177068054,48.3574818660894],[-89.2295921047821,48.3578842232462],[-89.2296460776323,48.3579009078706],[-89.2296720705995,48.3579373472245],[-89.2297667731611,48.3579512193607],[-89.2298704129669,48.3579876293764],[-89.2299413853081,48.3580379728279],[-89.2299750614557,48.3580979047186],[-89.2299909171795,48.3581441750351],[-89.2299998430818,48.3581908775623],[-89.2299939029652,48.358247553222],[-89.229970935385,48.3583172949541],[-89.2299302858265,48.3584199916319],[-89.2299129214803,48.3585040016533],[-89.2298629848224,48.3586305740047],[-89.2297985628031,48.3587810733447],[-89.2297309543287,48.3589094657045],[-89.2296715934431,48.3589726809716],[-89.2296202661148,48.3589747478555],[-89.2295305654056,48.3592070090495],[-89.2295051889714,48.3592355757287],[-89.2294926660368,48.359253552449],[-89.2295188529114,48.3592944192993],[-89.2295140706005,48.3593373658118],[-89.229546846117,48.3593766284265],[-89.2295421268815,48.3594210501923],[-89.2295455061868,48.3594475837222],[-89.2295660424287,48.3594760969098],[-89.2287857849818,48.3599469111941],[-89.2286423430225,48.360173565131],[-89.2281319236754,48.3598547941921],[-89.2273368896828,48.3594075433321],[-89.2265138768218,48.3590092987383],[-89.2262239621046,48.3588855177377],[-89.2259395022709,48.3587629260362],[-89.2253063596402,48.3584510521138],[-89.2250158240232,48.3582810540901],[-89.2250050764334,48.3582425102092],[-89.2249830138828,48.3581895527865],[-89.2249540773704,48.3581380311981],[-89.2249185334872,48.358088424341],[-89.2248766694757,48.358041096445],[-89.2248337524243,48.3580010183302],[-89.22479842613,48.3579721444623],[-89.2247051899802,48.3579051893195],[-89.2245971596238,48.3578400471899],[-89.2244850015985,48.3577834396828],[-89.2243920343082,48.3577433453598],[-89.2233877744788,48.3573770605482],[-89.2223549090905,48.3570413424458],[-89.2215859604949,48.3567967408606],[-89.2209416766615,48.3566022810378],[-89.2203437584569,48.3564358345732]]]},"properties":{"OBJECTID":3,"BABY_ATOM":"60300","FIRE_AREA":"6W","FIRE_STATION":"STATION 6","GlobalID":"b9c11c2e-0b4e-4f1b-92b4-a248bb7da3f5","Shape__Area":19738114.341918945,"Shape__Length":38607.804555625444}},{"type":"Feature","id":4,"geometry":{"type":"Polygon","coordinates":[[[-89.1877232761225,48.4100435074424],[-89.1889269567577,48.4088431941009],[-89.1910234410364,48.3573280374206],[-89.1913478341907,48.3493507572922],[-89.1913392763903,48.3491512482736],[-89.2193745973519,48.3562953171914],[-89.2188180382626,48.3563793630769],[-89.2164211539657,48.3568396902102],[-89.2154871893558,48.3575936523205],[-89.2143581979927,48.358627339129],[-89.2130381515838,48.3600326513295],[-89.2121240650728,48.3612461398928],[-89.2116239607459,48.3624516347536],[-89.2116858765444,48.3638762513597],[-89.212344898076,48.3647374177668],[-89.213807027051,48.3665949402705],[-89.2132048662823,48.3686303096953],[-89.2130187529189,48.3707036392738],[-89.2126546140993,48.3718605207318],[-89.2113812312694,48.3727589852138],[-89.2107262620555,48.3741854123131],[-89.2097608600842,48.3757381122537],[-89.2096939331508,48.377855373502],[-89.2085352299841,48.3786182978311],[-89.2079230516416,48.3791590837218],[-89.208143798546,48.3805831130416],[-89.20946001798,48.3816157331551],[-89.2104541061965,48.3825487531506],[-89.2112767080852,48.3850191485342],[-89.2117196977138,48.3860685847515],[-89.2124492224928,48.3882233727171],[-89.2133848162314,48.3896335870691],[-89.2145100521915,48.3916058150567],[-89.2145050246611,48.3916191487864],[-89.2144324894176,48.3918421946106],[-89.2144087940124,48.391864541462],[-89.2143781879025,48.3919171229445],[-89.2143421699592,48.3919397070571],[-89.2148180900214,48.3938003336868],[-89.2143716290922,48.3939142201431],[-89.2142439023059,48.3939463815567],[-89.2141844434579,48.3939637773955],[-89.2141647687404,48.3939698434323],[-89.2148476101082,48.3946731439963],[-89.2148971298226,48.3946547147042],[-89.2149781442828,48.394656068601],[-89.2150585227314,48.3946428706699],[-89.2151256605202,48.3946270134775],[-89.2151989783679,48.394602303469],[-89.2152682988233,48.3945864041494],[-89.2153335657721,48.3945778671329],[-89.2154105209867,48.3945865768819],[-89.2155077857265,48.3946094620379],[-89.2155530240284,48.3946435389437],[-89.215619326362,48.394709251401],[-89.2156916836041,48.3947631955851],[-89.2157274459779,48.3948309503518],[-89.2157936895267,48.3948952053696],[-89.2158347080169,48.3949832450409],[-89.2159118820653,48.3950472902821],[-89.2159640207361,48.3951394856524],[-89.2159944026917,48.3951840453551],[-89.2159808702214,48.3952250794356],[-89.2160197400017,48.3952636506893],[-89.216020461121,48.3953306221124],[-89.2160272399063,48.3953858306287],[-89.2160523901702,48.395411127017],[-89.2160714601084,48.3954471664451],[-89.2161180660126,48.3954622890368],[-89.2161237014719,48.3954913057816],[-89.2161277863047,48.3955349137285],[-89.2161211924836,48.3955845532448],[-89.2161184625131,48.3956224676265],[-89.2161457701598,48.3956466976218],[-89.2161606575708,48.39568718675],[-89.2161925273376,48.3957156979352],[-89.2162223394246,48.3957471612097],[-89.2162238568857,48.3957820830954],[-89.2162198939031,48.3958418650208],[-89.2162059781038,48.3958741700785],[-89.2162074335885,48.3959076346867],[-89.2162150044808,48.3959307892396],[-89.2162376870852,48.3959492843541],[-89.2162555821048,48.3960086459446],[-89.2163086844934,48.396022183892],[-89.216342171049,48.3960375583285],[-89.2163560483905,48.3960547664445],[-89.2163834195576,48.3960804500315],[-89.2164455805009,48.3961010984928],[-89.2164879383543,48.3961192125538],[-89.2165495934323,48.3961282191332],[-89.216604816984,48.3961402602888],[-89.2166581080193,48.396158164455],[-89.2166824704719,48.3961649764273],[-89.2166930001692,48.396203543071],[-89.2167190700543,48.3962496387692],[-89.2167347829506,48.3963090432463],[-89.2167484959983,48.3963728544855],[-89.2167473461987,48.3964471453195],[-89.2167424997461,48.3964865562816],[-89.2167391657425,48.3965608892161],[-89.2167325683305,48.3966105279312],[-89.2167282265869,48.3966615825374],[-89.2167121280517,48.3966939297263],[-89.2166884848383,48.3967540919037],[-89.2166880067358,48.3967934186605],[-89.216721433395,48.3968073383698],[-89.2167743429425,48.3968165107058],[-89.2168032074213,48.3968261492159],[-89.2168214562216,48.3968432721104],[-89.2168187281261,48.3968811873669],[-89.21680545171,48.396928044186],[-89.2167912224759,48.3969530737923],[-89.2167954500935,48.3969977118528],[-89.2167780527633,48.3970504729901],[-89.2167943677313,48.3970734589521],[-89.2168021288308,48.397100978913],[-89.2168143874552,48.3971313219225],[-89.2175053119918,48.3984663674092],[-89.2175221989773,48.3984660417907],[-89.2175523712226,48.3984935812246],[-89.2175556293311,48.3985042207516],[-89.2175626065762,48.3985269979722],[-89.2175636265914,48.3985303208203],[-89.2175876596813,48.3985555673332],[-89.2176071485532,48.3985873291764],[-89.2176438908861,48.3985994760858],[-89.2176659344669,48.3986343998111],[-89.2176644645612,48.3986561207745],[-89.2176815700529,48.3986828783506],[-89.2176863091736,48.3987084968994],[-89.2176894564444,48.3987202218411],[-89.2176963941743,48.3987460652134],[-89.2176994698369,48.3987612699123],[-89.218006744346,48.3997927955113],[-89.2180171525625,48.3998093595395],[-89.2179908314066,48.3998279212652],[-89.2179562608426,48.3998350372984],[-89.217949524491,48.3998583794829],[-89.2179387213044,48.3998670930281],[-89.2179233154215,48.3998795194716],[-89.2179131008875,48.3999119575751],[-89.2179199721688,48.3999363284456],[-89.217919158437,48.3999621368467],[-89.2179263104485,48.4000375109876],[-89.2179191527285,48.400095683745],[-89.217925158176,48.4001445711006],[-89.2179330533637,48.4001657659522],[-89.2179361268974,48.4001740211291],[-89.2179398002432,48.4002139300162],[-89.2179381655453,48.4002352771674],[-89.2179373308416,48.4002462196486],[-89.2179139527623,48.4002879368611],[-89.2178893445505,48.4003013091441],[-89.2178321572376,48.4003230447315],[-89.2178107151085,48.4003647272868],[-89.2178122842217,48.4004008060954],[-89.2178247405947,48.4004199110821],[-89.2178299054662,48.4004494721455],[-89.2178353437732,48.4004854754371],[-89.2178313293026,48.4005268228037],[-89.2178234427492,48.4005682412431],[-89.2178074092145,48.4006508384138],[-89.2177979790875,48.4007013172584],[-89.2177844425981,48.4007236461036],[-89.2177600110091,48.4007639512185],[-89.2176998465153,48.4008063795715],[-89.2176372429304,48.4008372474441],[-89.2175750609021,48.4008332865088],[-89.2175311418579,48.4008483194935],[-89.2174832428146,48.4008608496625],[-89.2174523445125,48.4009078744569],[-89.2174368244269,48.4009520195916],[-89.2174081195908,48.4009603098769],[-89.2173803085981,48.4009892183426],[-89.2173449790781,48.4010234290437],[-89.21732951099,48.4010688660793],[-89.2172992622774,48.4010862131443],[-89.2172721262316,48.4011305849107],[-89.2172348605593,48.4011648329053],[-89.2172397956833,48.4011892402399],[-89.2172211628997,48.4012063660317],[-89.2172142579701,48.4012258425561],[-89.2172055292319,48.401247936481],[-89.2171713497225,48.4012640708738],[-89.2171566461112,48.4012824075251],[-89.2171553811169,48.4012979082532],[-89.2171346455124,48.4013112048105],[-89.2171062165475,48.4013259390003],[-89.2171143540166,48.4013348091627],[-89.2170736955148,48.4013355929905],[-89.2170428823326,48.4013400558675],[-89.2170129654048,48.4013651332797],[-89.2169866432089,48.4013836974855],[-89.2169663556271,48.4014073008358],[-89.2169617227723,48.4014344730642],[-89.2169627871557,48.4014589550262],[-89.2169437619347,48.4014670585973],[-89.2169386795375,48.4014839222304],[-89.2169080418645,48.401498360647],[-89.2169221539517,48.4015109827123],[-89.216916257345,48.401553655639],[-89.2169137310955,48.4015846534169],[-89.2169156371899,48.4016284652522],[-89.216874440209,48.4016614995877],[-89.2168402589687,48.4016776339128],[-89.2168416034857,48.4017085606739],[-89.2168031266955,48.401759598427],[-89.2167573305928,48.401775954812],[-89.2167458524702,48.4018238916934],[-89.2167387492621,48.4018833535243],[-89.2167423643313,48.4019219706406],[-89.2167222965073,48.4019507296878],[-89.216739803986,48.4019968203445],[-89.2167474892077,48.4020843666613],[-89.2167660910542,48.4021110892221],[-89.2167264948694,48.402136354925],[-89.2167036493084,48.4021458223113],[-89.2167082781414,48.4022076348435],[-89.2167061400294,48.4022476575692],[-89.2167261778061,48.4022627449803],[-89.216726734179,48.402324403876],[-89.2167363295904,48.4023667772772],[-89.2167451393749,48.4023911099436],[-89.2167425571103,48.4024208221723],[-89.2167309053979,48.4024648935335],[-89.2166873809319,48.4024889474179],[-89.2166588418456,48.4025011040744],[-89.2166358307274,48.4025067048779],[-89.2166521619001,48.4025257335026],[-89.2166648411662,48.4025499942918],[-89.2166452264409,48.4025890582475],[-89.2166327904675,48.4026150915364],[-89.2166725823391,48.402638827948],[-89.2166577906784,48.4026997245777],[-89.2166296382379,48.4027209026113],[-89.2166113420631,48.4027457577282],[-89.2167400212211,48.403343886368],[-89.2165662166992,48.4042056685664],[-89.2165252518139,48.4078981351694],[-89.2165211242501,48.4082701440483],[-89.2160248093075,48.4082796993395],[-89.2160360974221,48.4083095455433],[-89.2160389936596,48.4083171986571],[-89.2163241969716,48.4090712446855],[-89.2165075691971,48.4094912055827],[-89.1877429697726,48.4100436816649],[-89.1877232761225,48.4100435074424]]]},"properties":{"OBJECTID":4,"BABY_ATOM":"10500","FIRE_AREA":"1W","FIRE_STATION":"STATION 1","GlobalID":"3f139b5a-676b-4960-9921-77a3ea26c00b","Shape__Area":11178097.233398438,"Shape__Length":17875.449389590132}},{"type":"Feature","id":5,"geometry":{"type":"Polygon","coordinates":[[[-89.2286423430225,48.360173565131],[-89.2287857849818,48.3599469111941],[-89.2295660424287,48.3594760969098],[-89.2295455061868,48.3594475837222],[-89.2295421268815,48.3594210501923],[-89.229546846117,48.3593766284265],[-89.2295140706005,48.3593373658118],[-89.2295188529114,48.3592944192993],[-89.2294926660368,48.359253552449],[-89.2295051889714,48.3592355757287],[-89.2295305654056,48.3592070090495],[-89.2296202661148,48.3589747478555],[-89.2296715934431,48.3589726809716],[-89.2297309543287,48.3589094657045],[-89.2297985628031,48.3587810733447],[-89.2298629848224,48.3586305740047],[-89.2299129214803,48.3585040016533],[-89.2299302858265,48.3584199916319],[-89.229970935385,48.3583172949541],[-89.2299939029652,48.358247553222],[-89.2299998430818,48.3581908775623],[-89.2299909171795,48.3581441750351],[-89.2299750614557,48.3580979047186],[-89.2299413853081,48.3580379728279],[-89.2298704129669,48.3579876293764],[-89.2297667731611,48.3579512193607],[-89.2296720705995,48.3579373472245],[-89.2296460776323,48.3579009078706],[-89.2295921047821,48.3578842232462],[-89.2279177068054,48.3574818660894],[-89.2279160598968,48.3574441133538],[-89.2279069270766,48.3574122100271],[-89.2279044771784,48.3574036469698],[-89.2279073509542,48.357369439797],[-89.2279266655626,48.3573370932377],[-89.2279267577353,48.3572891334266],[-89.2279969545865,48.3572210682125],[-89.2280040785243,48.3572142873806],[-89.228065116131,48.3571562067844],[-89.2281823286867,48.3570460609222],[-89.2282377709277,48.3569947458491],[-89.2282875607066,48.3569154629521],[-89.228303950361,48.3568931322498],[-89.2283524759078,48.3568270208482],[-89.228388700926,48.3567420876859],[-89.2284446864686,48.3566523394099],[-89.2284840335273,48.3565880370666],[-89.2285146671428,48.3565137014167],[-89.2285747437172,48.3564780562293],[-89.2286046153389,48.3564282145957],[-89.2285542423813,48.3563971790129],[-89.2282098949787,48.3562519572643],[-89.2280784905495,48.3562347984047],[-89.2279803924023,48.3562465514461],[-89.2278870136441,48.3562532868749],[-89.2278407131421,48.3562656781835],[-89.2278080154342,48.3562751336831],[-89.2277798492082,48.3562832786269],[-89.2277643567509,48.3562671576072],[-89.2278176872468,48.3562464217774],[-89.2278506544148,48.356231383555],[-89.2278515254564,48.3562309878867],[-89.227838281279,48.3562098963293],[-89.2278320657258,48.3561804602437],[-89.2277777375866,48.3561782297086],[-89.2277247636409,48.3562071696551],[-89.2276854254978,48.356209572937],[-89.2276815716258,48.3562342807309],[-89.2276490500122,48.3562234148067],[-89.2276745013329,48.3561851532549],[-89.2277723079134,48.3561668407082],[-89.2278627994777,48.356150308242],[-89.2279911652732,48.356154388198],[-89.2281470551033,48.356167787718],[-89.2283264019636,48.3562102889528],[-89.2284791584145,48.3562648012642],[-89.2285874321096,48.3563168896932],[-89.2287205537212,48.3563734215769],[-89.228785697176,48.3564135523871],[-89.2288904330477,48.3564580289127],[-89.229164417479,48.3565586557748],[-89.2293295130636,48.3566084227332],[-89.2294926128942,48.356656935224],[-89.2298628334599,48.3567244931299],[-89.2302297499039,48.3568265155617],[-89.2307771409498,48.3569680324267],[-89.2313830584509,48.3570852578661],[-89.2318287791689,48.3571725178738],[-89.2318568306172,48.3571782157946],[-89.2322746498833,48.3572630815961],[-89.232361341954,48.3572849168685],[-89.2324453474247,48.3573060700482],[-89.2325846888986,48.3573132842228],[-89.2325876781272,48.3573127034315],[-89.2326979271109,48.357291243436],[-89.2327891573619,48.3572200181326],[-89.2331171683742,48.3568862266535],[-89.2331344092787,48.3568301527917],[-89.2331345566616,48.3568296640686],[-89.2331449581448,48.3567878498863],[-89.2331707242402,48.3567629574557],[-89.2331719564825,48.3567352862504],[-89.2331755604956,48.3567059431467],[-89.2331923745571,48.3566438151025],[-89.2332064440993,48.3566305324709],[-89.2332121275574,48.3565930180091],[-89.2332352442221,48.3565632959202],[-89.2332466590729,48.3565451846434],[-89.2332405763844,48.3565176555111],[-89.2332688534265,48.3564943401216],[-89.233267716515,48.3564683398638],[-89.2332119888453,48.3564222595586],[-89.2330982086455,48.3563886911353],[-89.233063560935,48.3563779813981],[-89.2325005284529,48.3562161984128],[-89.2324981536834,48.3562207666252],[-89.232489070186,48.3562382315345],[-89.2324506283232,48.3563121575353],[-89.2324044212536,48.3563012437554],[-89.2323536785992,48.3562892582473],[-89.2279047709446,48.3552383211007],[-89.2278176445811,48.3552163082475],[-89.2277745936312,48.3551974533208],[-89.2275458696339,48.3551396485986],[-89.227366596811,48.3550936042381],[-89.2272375346139,48.3550604583283],[-89.2271576296873,48.3550495563653],[-89.2271534401639,48.3550489861021],[-89.2271243167165,48.355048663965],[-89.2270540686051,48.3550319514962],[-89.2270579609107,48.3550243740595],[-89.2270858211501,48.3549701531388],[-89.227096267295,48.3549498145837],[-89.2271661676442,48.3548806920933],[-89.2273347056065,48.3545653393546],[-89.2275400704944,48.3541810742581],[-89.2277519371234,48.3541217532774],[-89.227917434418,48.3540726850023],[-89.228084719547,48.3540197363454],[-89.2281388912314,48.3540025884156],[-89.2282319330939,48.3539738668972],[-89.2283010918149,48.3539466023703],[-89.2283218581629,48.3539422131643],[-89.2283471907831,48.3539397292878],[-89.2283667654153,48.3539423397691],[-89.2291180001753,48.3541230959353],[-89.2291391292059,48.3540927752817],[-89.2298112992993,48.3542671824912],[-89.2298140287,48.3542611480746],[-89.2298365055887,48.3542617099939],[-89.2301394297669,48.3543435715051],[-89.2312515154814,48.3546297819945],[-89.2320499017407,48.3548251407978],[-89.2321594745999,48.3548491179005],[-89.2332961608264,48.3551282647686],[-89.2333272587616,48.3551164085675],[-89.2333998123885,48.3551210248777],[-89.2334968149854,48.3551331955256],[-89.2336525388057,48.355178366093],[-89.2337405071913,48.3551907138357],[-89.2338228013878,48.3552112037474],[-89.2338834815351,48.3552200650771],[-89.234005900533,48.3552618675675],[-89.2340726936424,48.3552726155522],[-89.2341247797472,48.3552916875591],[-89.2341702260698,48.3552968264866],[-89.2342402933644,48.3553135399273],[-89.2343165654155,48.3553341465049],[-89.2343834464977,48.3553469017245],[-89.2344353531026,48.3553619588303],[-89.2344630763701,48.3553754767528],[-89.2345175587055,48.3553804417428],[-89.2345785943968,48.3553973295959],[-89.2346699237707,48.3554176442098],[-89.2346943745843,48.3554252028023],[-89.2347522186859,48.3554381334441],[-89.2348067025392,48.3554431000673],[-89.2348734961573,48.3554538502771],[-89.2349282407033,48.3554648355506],[-89.2349630521622,48.3554583141768],[-89.2349880487653,48.3554536328005],[-89.2353794631427,48.3547532195287],[-89.2315938834844,48.3538403898359],[-89.2304576140382,48.3535674659504],[-89.2262605885026,48.3525592450075],[-89.2242061683265,48.3520674325133],[-89.2240106021242,48.3520206598308],[-89.2238826853699,48.3519964467523],[-89.2219975060197,48.3515421202043],[-89.2192391194234,48.3528181348394],[-89.2173875766766,48.3536745744724],[-89.217241100417,48.3537231077994],[-89.2170453109198,48.3536887916936],[-89.2168945437234,48.3536383745918],[-89.216768830128,48.3535725592659],[-89.2167169707257,48.353586856349],[-89.216489912183,48.3536133231233],[-89.2162166918625,48.3535975240181],[-89.2157695268376,48.3533909725602],[-89.2156272610234,48.3531681462095],[-89.21537015563,48.353012618767],[-89.215267051976,48.3530069880379],[-89.2150816952233,48.352949617768],[-89.2150004281098,48.3529511824317],[-89.2147190959279,48.352824696025],[-89.2144146589907,48.3528076656559],[-89.2139636531034,48.3527737209436],[-89.2138834909984,48.3527289214717],[-89.2138237512938,48.3526691295359],[-89.2138133970543,48.3526040526705],[-89.2139300985104,48.3524965287497],[-89.2140568229209,48.3523386556302],[-89.2140118256188,48.3522617637463],[-89.2140081980464,48.3521780379937],[-89.2140495865646,48.3520782092067],[-89.2139536148851,48.3519734072496],[-89.2139134196725,48.3518370588288],[-89.2140297950282,48.3516215208195],[-89.2141562993165,48.3515075807712],[-89.214154455109,48.3514861169647],[-89.2141584104116,48.3510380064682],[-89.2141644552688,48.3508989573876],[-89.2140963805024,48.3507184773173],[-89.2140389208682,48.3503815427912],[-89.214024980943,48.3502246938527],[-89.2141461038561,48.3502176009388],[-89.2141841845654,48.3501073627729],[-89.2142195830945,48.3499352776221],[-89.214297108706,48.3495814611249],[-89.214297030451,48.3494148223807],[-89.2142539223494,48.3492442490709],[-89.214163704817,48.3491561445264],[-89.2140578627696,48.3491219968761],[-89.2136461599463,48.3489694001465],[-89.213097170912,48.3488276114463],[-89.2128508115208,48.3487466526736],[-89.212486148167,48.3485727466454],[-89.2122259299345,48.3485015751826],[-89.2120118014407,48.3484008263869],[-89.2118847210169,48.34837030101],[-89.2115406727039,48.3482708971057],[-89.2115209455914,48.3482463896884],[-89.2114680294691,48.3482068732132],[-89.211424800202,48.3481693063903],[-89.2113619194523,48.3481214483692],[-89.211293567527,48.34809503111],[-89.2111756779804,48.3480332961024],[-89.2111338028958,48.3479530337809],[-89.2111780180743,48.3479393837544],[-89.2112424326996,48.3479488114035],[-89.2112871726371,48.3478732841071],[-89.2113063878407,48.3477257123204],[-89.2112803152011,48.3476408795548],[-89.2112201716633,48.3475823032752],[-89.2111594773736,48.3475109360308],[-89.2112055995264,48.3474673814925],[-89.2112761007671,48.3473956280372],[-89.2113413189374,48.3473495728972],[-89.2113900820797,48.3472931659638],[-89.211435467131,48.3472325601051],[-89.2114976678157,48.3471908294861],[-89.2115071671439,48.3471603578685],[-89.2118850861213,48.3473340389764],[-89.2122347095147,48.3475324951149],[-89.2125073107789,48.3476789013041],[-89.2126505254915,48.3476971264433],[-89.2126575858192,48.3477402519578],[-89.2126500224773,48.347787330737],[-89.2126797594026,48.3478827591213],[-89.2126759463552,48.347942567255],[-89.2126521204604,48.3479835600286],[-89.2127294506325,48.3480695393523],[-89.2128462650912,48.3481803572799],[-89.2130247609061,48.3483113243847],[-89.2131758264544,48.3484001498581],[-89.2133724610003,48.3484326324499],[-89.2134696860204,48.3484606259296],[-89.2136363396573,48.3484659515932],[-89.2136319440459,48.3484383043798],[-89.2135992254871,48.3484218661888],[-89.2135247563407,48.3484019660855],[-89.2134589527708,48.3483605662365],[-89.2133556082246,48.3483390895132],[-89.2132333545884,48.3483243747443],[-89.2131426149631,48.3482983895208],[-89.212999297398,48.3481667455265],[-89.212863019607,48.3480499015804],[-89.2127797527811,48.3479747021361],[-89.2127147154933,48.3478031529667],[-89.2127136717261,48.3477051614831],[-89.2127133894404,48.3476986437877],[-89.2127124675794,48.3476773277511],[-89.212692173939,48.3476521197383],[-89.2126652093173,48.347620637537],[-89.2126450976151,48.3475996916903],[-89.2126658221454,48.3475608936856],[-89.2126554453767,48.3475340660337],[-89.212654366365,48.3475339599347],[-89.212329844838,48.3473986068307],[-89.2121957521752,48.3472902478021],[-89.2116550880192,48.3470532082795],[-89.2116152492204,48.3469803532163],[-89.2121760216434,48.3466382740957],[-89.212393517738,48.3463185488768],[-89.2127786597682,48.3460680117845],[-89.2129025704929,48.3456489924726],[-89.2132938754788,48.345212555326],[-89.2139974913735,48.3444660435525],[-89.2142881016681,48.3441930797532],[-89.2144307293206,48.3439851115193],[-89.2144506641979,48.3438227703425],[-89.2146074064781,48.343702775862],[-89.2150246726532,48.3436767152353],[-89.2157506146084,48.3434118821264],[-89.2163410630497,48.3433232661539],[-89.2167507184928,48.3432873093195],[-89.2172511079932,48.3433547371344],[-89.2173624215059,48.3434289534232],[-89.2171665480181,48.3435572011534],[-89.21682975346,48.3435968220229],[-89.2175136647521,48.3437823400312],[-89.2180944558729,48.3438152820008],[-89.2184005729313,48.343846539934],[-89.2184798773021,48.3439877692498],[-89.2184528895345,48.3442926378297],[-89.2187774888142,48.3442775046222],[-89.2191588473401,48.3440825923991],[-89.2192415039764,48.3438209002831],[-89.2193653793118,48.3435567389423],[-89.2194287611419,48.3430794669389],[-89.2193827451568,48.3427069978849],[-89.2191780310435,48.3424050817021],[-89.2191262326048,48.3420947856985],[-89.2189310292472,48.3417409016882],[-89.2188629002489,48.3413374563008],[-89.2187428981973,48.3410405067699],[-89.2183724978334,48.340700202025],[-89.2183822878518,48.3405076408532],[-89.2183257154115,48.3403591752718],[-89.2185685023418,48.3401351386846],[-89.2183730633784,48.3399859659936],[-89.2182477895634,48.3398984158953],[-89.2182227299878,48.3397682494634],[-89.2179702707532,48.3396630201509],[-89.2178605622582,48.3395449802758],[-89.2176751005095,48.3394246585515],[-89.217585199858,48.3393374529413],[-89.2173835784445,48.339267326894],[-89.2172725736622,48.3391974936096],[-89.2171465209703,48.339091963371],[-89.2169958459511,48.3390408950725],[-89.2169053194096,48.3389856346887],[-89.2168289491089,48.3389271546273],[-89.2167079351379,48.3388536853803],[-89.2166497428442,48.3388406462583],[-89.2165509138225,48.3387259358748],[-89.2163702830646,48.3386211168671],[-89.2161486706768,48.3384904407182],[-89.2159860789667,48.3384755896284],[-89.2159548123505,48.3383772222934],[-89.2159462030414,48.3381794447062],[-89.2157564435515,48.3378502067581],[-89.2153651990043,48.3376181714572],[-89.2152446344893,48.3375466678511],[-89.2152422472552,48.3375206716764],[-89.2152331124675,48.3374926821149],[-89.2151705310774,48.3374498832285],[-89.2150698019873,48.3373796510011],[-89.2149393661406,48.3372941492035],[-89.2148121793886,48.3372226701508],[-89.2146461582886,48.337107927157],[-89.214526582435,48.3370292588951],[-89.2144105109691,48.3370314945154],[-89.2143755641307,48.3370312363594],[-89.2143312386125,48.3370049457002],[-89.2138947850853,48.3370209976785],[-89.2137728760924,48.3370277906918],[-89.2136826706147,48.3369927388296],[-89.2136101960942,48.336992861086],[-89.2133975126452,48.3369626755189],[-89.2133099164372,48.3369186566772],[-89.2131304944369,48.3368649759297],[-89.213042729644,48.3368171479182],[-89.2129839989052,48.33678019044],[-89.2129811961892,48.3367154925627],[-89.2129221413934,48.3366709222643],[-89.212863576945,48.336637768338],[-89.2128547986162,48.336603827125],[-89.212803147282,48.336582757727],[-89.2127088571433,48.3364722754626],[-89.2127145611731,48.3364545658075],[-89.2126725174216,48.3364471908879],[-89.2126209791124,48.3364443750244],[-89.2125524814237,48.3364456932204],[-89.2124017657616,48.3363952666232],[-89.2122611464103,48.336314175755],[-89.2121494002139,48.3362401491082],[-89.2120777745105,48.3361691572566],[-89.2120934160261,48.3361345751943],[-89.2121723387323,48.3361102032055],[-89.2122191589974,48.3361359671287],[-89.2122646572273,48.336131280366],[-89.2122843575905,48.3360585331443],[-89.2122363884206,48.3360061310602],[-89.2122450017746,48.3359412134999],[-89.2121810632375,48.3359157807589],[-89.2121120747853,48.3359056813977],[-89.2120786491577,48.3359253684788],[-89.2120807918498,48.3359748446264],[-89.2121114720999,48.3360237690071],[-89.2121136134827,48.3360732451787],[-89.2120523088386,48.3361087031016],[-89.2120001106869,48.3360906634034],[-89.211946597619,48.3360421773732],[-89.2117863897346,48.3359043299864],[-89.2117079020191,48.3358068078189],[-89.2116323815292,48.3357777889593],[-89.2115706888247,48.3356723263989],[-89.2115846837687,48.3355996863433],[-89.2116174506481,48.3355647758231],[-89.2115830370734,48.3355616300843],[-89.2115200860046,48.3355590314629],[-89.2114964287084,48.3355404425455],[-89.2115869358575,48.3355196576406],[-89.2115913231116,48.3354890989416],[-89.211534081073,48.3354863932096],[-89.2114657478436,48.3354915144134],[-89.2114197573817,48.3354847817901],[-89.2113009881801,48.3353804177961],[-89.2112313392207,48.3353550925596],[-89.2110883126143,48.3353502260276],[-89.2109718491563,48.33529914154],[-89.2108490185914,48.3352329422174],[-89.2105828317731,48.3351542647166],[-89.2105181921534,48.3351245293652],[-89.2103657072402,48.3351187083098],[-89.2101237070329,48.3350226621776],[-89.2100268564325,48.335024034441],[-89.2099413322066,48.3350045083144],[-89.2097915563261,48.3349689482972],[-89.2096883401564,48.3349626958332],[-89.2096525370629,48.3349688489776],[-89.2096348183327,48.334907310568],[-89.2095791971215,48.334819278851],[-89.2095733031875,48.3347782081729],[-89.2094403374648,48.3347505626861],[-89.2093785066531,48.3347490048637],[-89.2093244262732,48.3347363167083],[-89.2092627100286,48.3347375026386],[-89.2091591386513,48.3347230193769],[-89.2089890301796,48.3346933428323],[-89.2086130835516,48.3346648725423],[-89.208385487442,48.3346390418425],[-89.2080468111912,48.3346153458408],[-89.2077613801698,48.3345851334791],[-89.2075175685008,48.3345651071727],[-89.207149258491,48.3345227562916],[-89.2070003150711,48.3345063969782],[-89.2068597148362,48.3344926224438],[-89.2067278211793,48.3344896628926],[-89.2064546168723,48.3344564674986],[-89.2062771108075,48.3344461456282],[-89.2061441080072,48.3344366187725],[-89.2059995552441,48.3344075433201],[-89.2059453589474,48.3343921097864],[-89.2059019645989,48.3343407761693],[-89.2059406231419,48.3342823771091],[-89.2060185582062,48.334275390634],[-89.2063251497129,48.3343189286286],[-89.2064907880197,48.3343404604484],[-89.2067097938972,48.3343582226216],[-89.2068459233952,48.3343638469032],[-89.2068910593883,48.3343602345121],[-89.2069776982601,48.3343640625818],[-89.2070565822632,48.3343790217171],[-89.2071359361771,48.3344049558421],[-89.2072099944857,48.3344035341139],[-89.2073386060992,48.3344257719374],[-89.2075409182116,48.3344383618958],[-89.207726772962,48.3344512666177],[-89.2078382167005,48.3344573646437],[-89.2079069736362,48.3344285877056],[-89.2079679771971,48.3344109427902],[-89.2080381588123,48.3344150861102],[-89.2080887160946,48.3344415708138],[-89.2081724226228,48.3344729108646],[-89.2083385388692,48.3345054122117],[-89.2085528409493,48.3345095329419],[-89.2087838349064,48.3345188246318],[-89.208858960124,48.3345420882944],[-89.208966167815,48.3345455196944],[-89.2091810615889,48.3345633561684],[-89.2094006620676,48.3345948291769],[-89.2095619542085,48.3346109480625],[-89.2096850265498,48.3346003465174],[-89.2098093687157,48.3345238259311],[-89.2099290836091,48.3343403210912],[-89.2099715763108,48.3341802623305],[-89.2100139487063,48.3340174580452],[-89.2100068792578,48.3338497701912],[-89.2099936154515,48.3335430254815],[-89.2099934266707,48.3335428725549],[-89.2099627446104,48.3333784367697],[-89.2097611419293,48.3330308017607],[-89.2095547281943,48.3327153985912],[-89.2092277182426,48.3325582505796],[-89.2085474838727,48.3323487734148],[-89.2085154528321,48.3323315081088],[-89.208376827973,48.3322960820647],[-89.2083006555366,48.3322518372934],[-89.2081850239206,48.3322197779903],[-89.2080304288641,48.3322113185591],[-89.2078921307271,48.3321835037857],[-89.2078174409772,48.3321735113501],[-89.2076633338792,48.3321764705973],[-89.2076057668504,48.332166148335],[-89.2075710297092,48.3321553885878],[-89.2075025375319,48.33215670369],[-89.2074451349668,48.3321501886034],[-89.2073187430718,48.3321335685843],[-89.2071757270455,48.3321286970129],[-89.2069638888974,48.3321175282506],[-89.2068198870563,48.3320898198768],[-89.206584396467,48.3320600577417],[-89.2064242566508,48.3320555138825],[-89.2062880964251,48.3320771708339],[-89.2059991430362,48.3321322328348],[-89.2057830785995,48.3321554223103],[-89.2054595529305,48.3322035272038],[-89.2053290990394,48.3322250744517],[-89.2051976599136,48.3322237860679],[-89.2051242798977,48.3322442374692],[-89.2050590735982,48.3323216666581],[-89.2050375543256,48.3323525509844],[-89.205003307373,48.3323532078013],[-89.2049569921736,48.3323388607037],[-89.2049163800647,48.3323244033144],[-89.2048707201788,48.3323252789678],[-89.2048617669081,48.3323825852674],[-89.2048461267228,48.3324300506476],[-89.2046735649023,48.3324583555582],[-89.2046581459715,48.3324306746109],[-89.2046938853716,48.3324063341278],[-89.2047211932521,48.3323870472227],[-89.2047337367058,48.3323516258241],[-89.2047005905201,48.3323170787807],[-89.2046644322051,48.3322943176412],[-89.2046347013368,48.3322573612563],[-89.2045834742684,48.3322114363328],[-89.2045277257001,48.3321421417769],[-89.2044657574234,48.3320917305973],[-89.2043745586878,48.3320160814913],[-89.2042589621709,48.3319455877385],[-89.204104301114,48.331866463855],[-89.203975153856,48.3318079586507],[-89.2039101741696,48.3317693321548],[-89.2037969026618,48.331752740179],[-89.2036842332756,48.331750207636],[-89.2036280022952,48.3317512845161],[-89.2035251718646,48.3317321492192],[-89.2034721513272,48.3317261276],[-89.2034121024812,48.331720241553],[-89.2033661117132,48.3317140860597],[-89.2033205224114,48.3317173071765],[-89.2032849725411,48.331708606829],[-89.2031650770013,48.3317015227957],[-89.2031015120132,48.3316957039655],[-89.2030204764774,48.3316925654937],[-89.2029846222758,48.3316768330933],[-89.2028822984024,48.3316694120701],[-89.2027864980171,48.3316501396162],[-89.2026648832453,48.3316032140804],[-89.2025402615352,48.3315680759738],[-89.2023988761635,48.3315520212052],[-89.2022543757858,48.331545406653],[-89.2021662098662,48.3315400585302],[-89.2021020395175,48.3315201796592],[-89.202037669996,48.3314956133062],[-89.2019555258122,48.3314666969817],[-89.2018737827129,48.3314471527402],[-89.2018101243149,48.3313995878014],[-89.2017665860524,48.3311944424802],[-89.2016131040703,48.330932011382],[-89.2015411796024,48.3308193480044],[-89.2016081518395,48.3307095286249],[-89.2016402950805,48.3303739422684],[-89.2016913883425,48.330088844688],[-89.2016524816374,48.3299674216915],[-89.2017263110118,48.3297641765176],[-89.2018787668527,48.3295617063328],[-89.2022105727869,48.3294156759228],[-89.2024173881343,48.3293587742601],[-89.202531024376,48.3291860356577],[-89.2028014799607,48.329165456796],[-89.2029151129872,48.3292221119889],[-89.2032914757812,48.3289358696847],[-89.2033525278547,48.328825074897],[-89.2033492063293,48.3287070885855],[-89.2034051731318,48.3285254284367],[-89.2035415758741,48.3283817424685],[-89.2035208746706,48.3282533121248],[-89.203592681723,48.328238618733],[-89.2036843564565,48.3282883116374],[-89.203813523552,48.3281611942461],[-89.2039717937839,48.3280451650833],[-89.2041765356551,48.3278787840417],[-89.2045107838211,48.3277108461806],[-89.2048093047692,48.327482340627],[-89.2050009659878,48.3272751266248],[-89.2052291697118,48.327065539647],[-89.2054780092528,48.3267666229381],[-89.2056991079482,48.3263900933052],[-89.2058299520423,48.3262421510097],[-89.2058921985485,48.3259666651914],[-89.205827820613,48.3255215345737],[-89.20567855665,48.3252650920179],[-89.2055549086451,48.3250673025409],[-89.2055135510932,48.324744015231],[-89.2054588594839,48.3245218000428],[-89.2055056316492,48.3242216720952],[-89.2055886699467,48.3242072055386],[-89.2058202256976,48.3238683055253],[-89.2061265215728,48.3234666712417],[-89.2063282823907,48.323265889435],[-89.2065328239835,48.3230900667922],[-89.2067010564746,48.3229130818335],[-89.2070483281793,48.3223896284098],[-89.2071734942578,48.3221608101115],[-89.2075582775993,48.321942124359],[-89.207722914415,48.3217894523137],[-89.2079933248573,48.3215444124372],[-89.2080847179536,48.3213934965216],[-89.2082954271452,48.3212626779914],[-89.2085592137329,48.3211031353841],[-89.20870628581,48.3209578731109],[-89.2089492260542,48.3207258309354],[-89.2090693464414,48.3205376724233],[-89.2092106768956,48.3202365894633],[-89.2092465137106,48.3199851939962],[-89.2092884584791,48.3197323270139],[-89.2093488834998,48.3196575810403],[-89.2092480840302,48.3194557626927],[-89.2092252311862,48.3194100062224],[-89.2089060738177,48.3192288406814],[-89.2086120935506,48.3190033999733],[-89.2082730467675,48.3188100111463],[-89.2079536638526,48.3186243602735],[-89.2077275259166,48.3185482955983],[-89.2075464740622,48.3183758900708],[-89.2072889590232,48.31817349276],[-89.2072641009846,48.3181539542898],[-89.2070382197646,48.3179252163426],[-89.2066075613249,48.3176568339261],[-89.2061376950884,48.3173324940452],[-89.2059340040528,48.3172060043512],[-89.2055955117062,48.3169486287195],[-89.2052461850424,48.3167540057209],[-89.2048770862444,48.3165264513989],[-89.2043769966938,48.3163447600893],[-89.2037368200746,48.316153444404],[-89.2032196251343,48.3160559763227],[-89.2028532209554,48.315991350959],[-89.2023007837586,48.3157966239531],[-89.2018638309641,48.3155480965227],[-89.2015456995481,48.3152872941048],[-89.2012906182451,48.3149998531547],[-89.201032658082,48.314786315156],[-89.2007022884471,48.3143210211453],[-89.200490373642,48.3140829767724],[-89.2002389891032,48.31382286717],[-89.200065532529,48.313538070282],[-89.1997722962159,48.3132634352106],[-89.1994803398711,48.3132314299639],[-89.1992234571457,48.3131514273152],[-89.1990545586958,48.3130534188432],[-89.1990366724136,48.3129541978436],[-89.1989982488692,48.3127764790931],[-89.1988348446869,48.3126116346793],[-89.1985243145425,48.3124222604798],[-89.1982331977221,48.3122470712199],[-89.1982210110766,48.3120917337436],[-89.1982813438087,48.3118225755782],[-89.1983381104524,48.3116757178007],[-89.1984816122935,48.3115302055868],[-89.198477021859,48.3114420049316],[-89.1982900358002,48.3113126288011],[-89.1979911045171,48.3110687857034],[-89.1977402558249,48.310794027815],[-89.1979416300273,48.3104973988761],[-89.1980412585944,48.3102468367017],[-89.1982434115841,48.3098133589568],[-89.198459805384,48.3094723722844],[-89.1986542101393,48.3090366971763],[-89.1988513535813,48.3086180590914],[-89.1989646984425,48.3081235392269],[-89.1992635327232,48.3075741456905],[-89.1993378319628,48.3074751908788],[-89.199245845635,48.3074384127345],[-89.1992328542532,48.3074332214004],[-89.1992984081338,48.3073575106057],[-89.1993456412014,48.307245598085],[-89.1994018229119,48.307135541466],[-89.199466791514,48.3070276578417],[-89.1995403581167,48.3069222603238],[-89.1996223105389,48.306819653471],[-89.1999341311086,48.3065185698939],[-89.1999989765454,48.3065337034378],[-89.2003399530037,48.3064245165323],[-89.2007508815527,48.3063865099495],[-89.200854086547,48.3063774135793],[-89.2009581238293,48.3063749368119],[-89.2010620382051,48.3063791024327],[-89.2011648812443,48.3063898710182],[-89.201265712859,48.3064071463048],[-89.2013636077306,48.3064307678669],[-89.2014576732901,48.3064605215699],[-89.2020648867408,48.3069376342064],[-89.2023945893948,48.3070836453157],[-89.2038510298287,48.3073085614809],[-89.2041700203531,48.3074280530995],[-89.2043790096996,48.3075255624736],[-89.2045819529883,48.3076285984905],[-89.2047785221212,48.3077369956231],[-89.2049683993071,48.3078505773507],[-89.2051512772548,48.3079691606539],[-89.2053268604047,48.3080925532916],[-89.205487500338,48.3082402834715],[-89.205639647149,48.3083919616116],[-89.2057830850781,48.3085473705474],[-89.2059176076348,48.3087062893367],[-89.206043021409,48.3088684877877],[-89.2061591478446,48.309033736322],[-89.2062823297264,48.3092661161787],[-89.2063229679247,48.3093049925822],[-89.2063714934961,48.309339610251],[-89.2064269157469,48.3093692647932],[-89.2064881052334,48.3093933498539],[-89.2068255855012,48.3094375276711],[-89.2069757818132,48.3094323247984],[-89.2071250936206,48.3094202826423],[-89.2072728220282,48.3094014596124],[-89.2074182747371,48.3093759418872],[-89.2075782190592,48.3093911354499],[-89.2078202761696,48.3093620138766],[-89.2079475849309,48.3093866530046],[-89.2080181477123,48.3093777380714],[-89.2080196653634,48.3093838074045],[-89.2080226572264,48.309389627085],[-89.2080270410045,48.3093950403381],[-89.2080326984024,48.3093999000777],[-89.2080394753593,48.3094040743008],[-89.2080471875552,48.3094074486805],[-89.2080556261127,48.3094099336549],[-89.2080645614063,48.3094114589554],[-89.2080737503059,48.3094119851643],[-89.2080829453771,48.3094114981391],[-89.2080918949201,48.3094100099126],[-89.2081003565629,48.3094075611298],[-89.2083961248448,48.3093790253163],[-89.2085563483515,48.3093628127975],[-89.2087139268017,48.3094301356645],[-89.2088142957721,48.3094751065407],[-89.2089395839528,48.30960871032],[-89.2090732561182,48.309610831239],[-89.2092753559075,48.3095694280859],[-89.2096040445494,48.3093661285293],[-89.2102341258326,48.308978814664],[-89.2112065120023,48.3083785513355],[-89.2114861058311,48.3081478080889],[-89.2115730792492,48.308076030254],[-89.2115768644731,48.3080009158345],[-89.2116227946529,48.3079249915247],[-89.2116141463459,48.3078876384518],[-89.2115763904248,48.3078273952439],[-89.2116073399548,48.3077333683032],[-89.211243588975,48.3072374142212],[-89.2105835312289,48.3066560019624],[-89.210285891568,48.3063249199498],[-89.2098233504162,48.3060069394564],[-89.2093483968646,48.3059581930644],[-89.2090605524418,48.3058772526862],[-89.2086871657458,48.3055483112984],[-89.2086203925239,48.3050415483477],[-89.2079828213711,48.3033804233637],[-89.2079943140802,48.3033779523549],[-89.2080047304213,48.3033724455771],[-89.2080141826985,48.3033665056421],[-89.2080215620909,48.3033593449748],[-89.2080275733293,48.3033517625114],[-89.2080327643205,48.303343923179],[-89.2080345905931,48.303336241148],[-89.2080348465143,48.3033266080355],[-89.2080348291821,48.3033198620625],[-89.2080347922127,48.3033127547681],[-89.2080352954213,48.3033057270731],[-89.2080374249977,48.3032956980735],[-89.2080409408114,48.3032865412954],[-89.2080429499239,48.3032768772077],[-89.2080425541935,48.3032677064855],[-89.2080397576562,48.3032591226248],[-89.2080372525836,48.3032510739139],[-89.2080381408417,48.3032434998743],[-89.2080424249221,48.3032364895329],[-89.2080494671808,48.3032309548844],[-89.2080586835828,48.3032257374746],[-89.2080699018401,48.3032201262127],[-89.2080789249431,48.3032167111091],[-89.2080916681849,48.3032119685013],[-89.2080952965642,48.3032054206262],[-89.2080875660351,48.3031981929843],[-89.2080818011177,48.3031895752663],[-89.2080806981518,48.3031796101553],[-89.2080828768381,48.3031707507827],[-89.2080796954139,48.3031626232897],[-89.2080684970319,48.3031625693612],[-89.2080621637225,48.3031634063087],[-89.208056565302,48.3031641472633],[-89.2080443240909,48.3031617722199],[-89.2080392626509,48.3031538616854],[-89.208475958361,48.3019438503121],[-89.2085234045653,48.3019804627701],[-89.2087072687763,48.3021223573712],[-89.2084743972999,48.3018246241538],[-89.2084766740893,48.3018181031304],[-89.2084827693531,48.3018093484545],[-89.2084876336528,48.3018032248956],[-89.2084929098595,48.3017973651469],[-89.2085006583565,48.3017893893815],[-89.2084986104187,48.3017825897439],[-89.2084902644934,48.3017767226726],[-89.2084889903445,48.301769010221],[-89.2084928982798,48.3017627250855],[-89.2084976072075,48.301753189069],[-89.2085016541052,48.3017437494475],[-89.2085055517764,48.3017372890579],[-89.208510133831,48.3017308128208],[-89.2085140710799,48.3017247070708],[-89.208265515657,48.2949116282896],[-89.2081599065757,48.2920159946374],[-89.2080705484016,48.2895656303578],[-89.2080715439209,48.2895206606626],[-89.2362243248206,48.2894757187403],[-89.2362045085885,48.2892262370302],[-89.2361756158843,48.2888758745142],[-89.236130745702,48.2884628150032],[-89.2361281353111,48.2880940091137],[-89.2360327056183,48.2877630087608],[-89.2359836855361,48.2875660061993],[-89.2359322064683,48.2873150663555],[-89.2359429609981,48.287251907849],[-89.2359243679634,48.287135273028],[-89.2359019300323,48.2869287423376],[-89.235866433377,48.2867323548139],[-89.2358662825235,48.2867314319038],[-89.2358533717663,48.2867283593493],[-89.2357982047105,48.2867148357205],[-89.235730438043,48.2867071544818],[-89.2356096561329,48.286718523626],[-89.2355014726347,48.2867116103117],[-89.2354444596287,48.2866407686518],[-89.2355368130182,48.2865939004244],[-89.2358149533397,48.2864804926657],[-89.23599951031,48.2863870625625],[-89.2362630530565,48.2862469172205],[-89.2364056549659,48.2862055795135],[-89.2364628224634,48.2861889843309],[-89.2365554838657,48.2861513362348],[-89.2365534834958,48.2861494910763],[-89.2364572899836,48.2860631303374],[-89.2364366959118,48.2859016252021],[-89.2364331625459,48.285820640715],[-89.2364376187485,48.2856136489072],[-89.2364586720287,48.2854782666293],[-89.2364643554471,48.2852981688064],[-89.2364691212781,48.2851002431539],[-89.2365393441475,48.284855910557],[-89.2365865226905,48.284702087858],[-89.2365829880074,48.2846211060853],[-89.2365338138396,48.2845725477362],[-89.2364844873235,48.2845239869318],[-89.2367074600857,48.2843847639008],[-89.2368350043451,48.2843391235942],[-89.2369198297263,48.2843086970171],[-89.237076418066,48.284188684571],[-89.2370827193345,48.2841639438227],[-89.2370879413592,48.2841433512405],[-89.2371268228671,48.2841066251388],[-89.2371913605297,48.2840423900291],[-89.2374074178477,48.2837413547365],[-89.2376111831778,48.2834673646118],[-89.237864428421,48.2830936423078],[-89.2380265499034,48.2827935289657],[-89.2381356515949,48.2825124697834],[-89.2383226683196,48.2821668701275],[-89.2384887827112,48.2819568038122],[-89.2387530910021,48.2815286844705],[-89.2389084517699,48.2813817763402],[-89.2390089475054,48.2812133565284],[-89.2391094493696,48.2810449374023],[-89.2393500929794,48.280689346855],[-89.2395875128047,48.2802618419694],[-89.239731038882,48.2798450934843],[-89.2399922739247,48.2793452117856],[-89.240159923575,48.2788649972708],[-89.240318511452,48.2784840524773],[-89.2403235809757,48.2784742201419],[-89.2406041810866,48.2779296196298],[-89.2407426355746,48.2777020354586],[-89.2408051775237,48.2775927765765],[-89.2408285362294,48.2775113326218],[-89.2410152423067,48.2771568203817],[-89.2413168945447,48.2766560159914],[-89.2417597663272,48.2763054974401],[-89.2421317978369,48.2758753785007],[-89.2424698689944,48.2752839094393],[-89.2429889579665,48.274823981659],[-89.2435641428511,48.2744167609076],[-89.2438204594734,48.2741148028099],[-89.2440629501846,48.273804238874],[-89.2444176154931,48.2732843787033],[-89.2447048203965,48.2727659014178],[-89.2447106606655,48.2727606785585],[-89.2447234152456,48.2727493067111],[-89.2454183052555,48.2721312529364],[-89.2458473463859,48.2717718234112],[-89.2463052787835,48.2714569547925],[-89.2463297111155,48.2714400513881],[-89.2468154566456,48.2711050539727],[-89.2469923289907,48.2710538842094],[-89.2472812269172,48.2709699790632],[-89.2474106166805,48.2709012902443],[-89.2477027406348,48.2707459317297],[-89.247989484674,48.270524341478],[-89.2482647047908,48.2703479312452],[-89.2485276314383,48.2701988731415],[-89.2487907101379,48.270049813251],[-89.2494279765654,48.2698303763803],[-89.2495183319038,48.2698065577495],[-89.2500541724667,48.2696651820394],[-89.2502146036155,48.2695728279302],[-89.2507509085169,48.2692645695117],[-89.2512507921448,48.2689848936309],[-89.2518193651007,48.2686803223454],[-89.251895893564,48.2686392922739],[-89.2521028860193,48.268544018586],[-89.2525695763227,48.268329189293],[-89.2532959684122,48.2679909654573],[-89.2538777587252,48.2677669173551],[-89.2541574367263,48.2676591970684],[-89.2544557081105,48.2675925037425],[-89.2547117202816,48.2675354922288],[-89.254864772967,48.2675012259249],[-89.2551435286347,48.2674033394445],[-89.2555149450842,48.2672725672055],[-89.2556338856045,48.2671837458792],[-89.2558202841222,48.2670443685596],[-89.2558215159556,48.2670445234345],[-89.2896674469051,48.2721691912064],[-89.2900033757897,48.2751684891468],[-89.295408864068,48.2748986453192],[-89.2952448907094,48.2734357246576],[-89.2952447391368,48.2734337257239],[-89.2952049381149,48.2730795193827],[-89.2950523403109,48.272983477107],[-89.3204496944931,48.2787120810082],[-89.3275353967823,48.2862701049374],[-89.3281563706854,48.2869322601905],[-89.32960915267,48.288481544312],[-89.3296420379499,48.2885165802071],[-89.3296464938163,48.2885214979502],[-89.3300146819964,48.2889139666745],[-89.3307354083653,48.2890246720679],[-89.3309757057216,48.2892737991659],[-89.3319934176242,48.2892712063199],[-89.3323849062801,48.2892996214313],[-89.332651489255,48.2893189695059],[-89.3345142123132,48.2894541465019],[-89.3385787987647,48.2897490047747],[-89.3395643951067,48.2898204806523],[-89.3438495352309,48.2897683859835],[-89.3827194551575,48.2892885391096],[-89.3870829358742,48.2892816004545],[-89.3878102659397,48.2893568975497],[-89.3883261340189,48.2895834775244],[-89.3887136743819,48.2899689874752],[-89.3887533356168,48.2952393927496],[-89.3887529343428,48.2952900198708],[-89.3887135977962,48.2985114995421],[-89.3887134440524,48.2990062795294],[-89.3887133588129,48.2990377333462],[-89.3887130724828,48.2990693281055],[-89.3886316538802,48.30617336343],[-89.3886316649268,48.306198095805],[-89.388632288875,48.3062354642707],[-89.3886613515792,48.3076421092252],[-89.3887571021387,48.3295095856077],[-89.3887369988055,48.3295261323774],[-89.3887332809189,48.3295294127656],[-89.388730557264,48.3295320822542],[-89.388729004888,48.3295338582397],[-89.3887284932641,48.3295346039721],[-89.3887280852951,48.3295354600203],[-89.3887274257595,48.3295375449653],[-89.3887267334119,48.3295408623595],[-89.3887261614593,48.3295451103],[-89.3887257447745,48.3295500244335],[-89.388725476576,48.3295552863869],[-89.3887252198062,48.3295670587447],[-89.388725087566,48.3296360404648],[-89.3887241845929,48.329724015874],[-89.3887085505453,48.3310094392463],[-89.3887077896066,48.3310598270441],[-89.3886128622952,48.3347477494681],[-89.3886663345972,48.3413093960656],[-89.3886688897936,48.3416229041602],[-89.3886848466777,48.343582302711],[-89.3889510877538,48.3459970983086],[-89.3888855915884,48.3460165038346],[-89.3884171379911,48.3461920039524],[-89.3881272205344,48.3463082842499],[-89.387959581556,48.3463858341437],[-89.3878160300668,48.3464648314809],[-89.3873578293718,48.3467631089547],[-89.3873235425817,48.3467876320327],[-89.3870940969668,48.3469680643379],[-89.3870472645606,48.3470091279755],[-89.3869516801075,48.3471028964828],[-89.3868874190125,48.3471777000981],[-89.3868515451306,48.3472280663415],[-89.386822396582,48.3472803272966],[-89.3868149291069,48.3472964664656],[-89.3867917362683,48.347359023826],[-89.3867768100989,48.3474226926137],[-89.3867753713505,48.3474317668151],[-89.3867738601879,48.347449951635],[-89.3867747281104,48.3474681527467],[-89.3867779783022,48.3474862360208],[-89.3867835758543,48.3475040609201],[-89.3867914848028,48.347521493228],[-89.3868016422142,48.3475383992872],[-89.3868139719636,48.3475546520126],[-89.3868207832523,48.3475623420703],[-89.3868240199582,48.3475659224794],[-89.3868345669552,48.3475792061336],[-89.3868433342995,48.34759305399],[-89.3868502601878,48.3476073566621],[-89.3868552883787,48.3476220082472],[-89.3868583825217,48.3476368952313],[-89.3868595183606,48.3476519029495],[-89.3868586853339,48.3476669209515],[-89.3868558956784,48.3476818356139],[-89.3868550904977,48.3476848539112],[-89.3868495929087,48.3477006588649],[-89.3868420460647,48.3477160825778],[-89.3868325147932,48.3477310103347],[-89.3868210653129,48.3477453282911],[-89.3868077896737,48.3477589265648],[-89.3867865686567,48.34778066161],[-89.3867682710351,48.3478035470308],[-89.3867530344272,48.3478274081187],[-89.3867409719272,48.3478520652754],[-89.3867400387503,48.3478543376332],[-89.386735511419,48.3478678271646],[-89.3867327691089,48.3478815315705],[-89.3867318282735,48.3478953407394],[-89.3867326949567,48.3479091528736],[-89.3867353628558,48.3479228619328],[-89.3867398163127,48.3479363638706],[-89.3867460167867,48.347949556015],[-89.3867539191628,48.3479623394295],[-89.3867634620594,48.347974613716],[-89.3867745736012,48.3479862849921],[-89.3867784128562,48.3479898474948],[-89.3867794498598,48.3479908084984],[-89.3867829909962,48.347994490559],[-89.3867860323189,48.3479983665457],[-89.3867885573983,48.3480024026089],[-89.3867905474441,48.348006572146],[-89.3867919792842,48.3480108414476],[-89.3867928512807,48.3480151754572],[-89.386793152524,48.3480195429098],[-89.3867928829766,48.3480239141144],[-89.3867920382194,48.3480282522728],[-89.3867906356193,48.3480325246333],[-89.3867886777516,48.3480366996509],[-89.3867861778538,48.3480407428602],[-89.3867831629842,48.3480446267067],[-89.3867796493712,48.3480483229611],[-89.3867756678666,48.3480517985918],[-89.3867712443904,48.3480550305667],[-89.3867664169151,48.348057993804],[-89.3867612206739,48.3480606623793],[-89.3867556941014,48.3480630210983],[-89.3867498808578,48.3480650510598],[-89.3867143383624,48.3480755782409],[-89.3866366856422,48.3480947066718],[-89.386556823894,48.3481092552677],[-89.386475361832,48.3481191070173],[-89.3859141675879,48.3481869721831],[-89.3857380366855,48.3482153227797],[-89.3846042973512,48.3484089384207],[-89.3834705450314,48.3486025439974],[-89.3829607124365,48.3486844304572],[-89.3829252586755,48.3486893041648],[-89.3828416100078,48.3486972245896],[-89.3828326832649,48.3486977371136],[-89.3827987920409,48.3486984323305],[-89.3827649344889,48.3486971581775],[-89.3827313753831,48.3486939190647],[-89.3826983644474,48.3486887440076],[-89.382666161306,48.3486816717141],[-89.3821777131906,48.3485743979951],[-89.3820083728497,48.3485443961664],[-89.3813752962534,48.3484473971567],[-89.3813163368777,48.3484409200746],[-89.381256756791,48.3484378928788],[-89.3812461297098,48.3484377188943],[-89.3812384623826,48.3484378552053],[-89.3812308387628,48.3484384368886],[-89.3812233247176,48.348439458081],[-89.3812159713227,48.3484409141258],[-89.3812088331964,48.3484427894957],[-89.3812019732995,48.3484450738892],[-89.3811954312073,48.3484477475919],[-89.3811892708103,48.3484507912854],[-89.3811835275544,48.3484541835413],[-89.3811782499099,48.3484578927642],[-89.3811734786332,48.3484618956162],[-89.3811692474029,48.3484661617079],[-89.3811655897719,48.3484706579534],[-89.3811625364707,48.3484753486257],[-89.3811601046605,48.3484801964796],[-89.3811590556877,48.3484828859757],[-89.3811573765957,48.3484872602652],[-89.3811525713656,48.3484971662056],[-89.3811464865725,48.3485067549409],[-89.3811391742366,48.3485159552127],[-89.3811306876848,48.3485246948357],[-89.3811210872801,48.3485329077772],[-89.381110451126,48.3485405321358],[-89.3810988574933,48.3485475096056],[-89.3810863997802,48.3485537878659],[-89.381073163336,48.3485593156623],[-89.3810592584954,48.3485640565188],[-89.381029986962,48.3485720614138],[-89.3809968408906,48.3485790407444],[-89.3809629099628,48.3485840667579],[-89.3809284503657,48.3485871044564],[-89.3808937293684,48.3485881249108],[-89.3808590047926,48.3485871281806],[-89.380824539896,48.3485841151122],[-89.3807906004995,48.3485791125925],[-89.3807287007157,48.3485699905382],[-89.3806658496272,48.3485644952628],[-89.3806025165714,48.3485626764301],[-89.3805391850147,48.3485645393245],[-89.3804763418828,48.3485700765635],[-89.380426514127,48.3485771590919],[-89.3803323975974,48.3485958008493],[-89.3802410741078,48.3486198381129],[-89.3801532383371,48.348649087354],[-89.3800695658471,48.3486833312509],[-89.3800229777606,48.3487054848959],[-89.379994955942,48.3487189080659],[-89.3799368482249,48.3487430564625],[-89.3798758022196,48.3487637350176],[-89.3798122886526,48.3487807909222],[-89.3797467832616,48.3487940919584],[-89.3796797901807,48.3488035359133],[-89.3796240444567,48.3488090823371],[-89.3794765550063,48.3488177503082],[-89.3793284948682,48.3488178183564],[-89.3791240401759,48.3488075030839],[-89.3788525700144,48.3487798331163],[-89.3786777161312,48.3487525380535],[-89.378462353454,48.3487068143373],[-89.3784022693954,48.3486909071138],[-89.3783048682431,48.3486597193106],[-89.3782119161008,48.3486229913863],[-89.3781710754079,48.3486039282372],[-89.3781188325137,48.3485753763865],[-89.3780705246127,48.3485439007977],[-89.37802651366,48.3485097378224],[-89.3779871397292,48.3484731467587],[-89.3779526993519,48.3484344084994],[-89.3779234558881,48.3483938163201],[-89.3778996275149,48.3483516788266],[-89.3778639096712,48.3482885089556],[-89.3778200671585,48.3482276530215],[-89.3777684349023,48.3481695782588],[-89.3777094044269,48.3481147210382],[-89.3776434301278,48.3480635056327],[-89.3775710076213,48.3480163140736],[-89.3775497539244,48.3480039357048],[-89.3770681799224,48.347744796081],[-89.3768915761542,48.3476627646827],[-89.3768305375967,48.347637793361],[-89.3763632324416,48.3474615227496],[-89.3759344071528,48.3473161263687],[-89.3747679543592,48.3469660059325],[-89.3739953060821,48.3467710588203],[-89.3732427205468,48.3466045420899],[-89.3725902808139,48.3464598719581],[-89.3721658841175,48.3463639699935],[-89.3713797347292,48.3461854821829],[-89.37077589739,48.3460339337947],[-89.3701538688943,48.3458773758406],[-89.3699906747801,48.3458452672807],[-89.3698239013013,48.3458227597596],[-89.3697977377028,48.3458201364252],[-89.369590638972,48.3458064342767],[-89.3693932637545,48.3458046033564],[-89.3691589396703,48.3458157305621],[-89.3689269588366,48.3458404267748],[-89.3686990914601,48.3458785070771],[-89.3685633270677,48.3459080753974],[-89.3683390061254,48.3459578866839],[-89.3678587060297,48.3460420759687],[-89.3673692261443,48.3460980416524],[-89.3666229549498,48.3461610514433],[-89.3659840888746,48.3462150061909],[-89.3652981291264,48.3462732868356],[-89.3647224182829,48.3463226106407],[-89.3645893051211,48.3463380286838],[-89.3644587094088,48.3463611218774],[-89.3643316311617,48.3463917131077],[-89.3642412141861,48.3464187898571],[-89.364202757886,48.3464327233586],[-89.3641662678606,48.346448837904],[-89.3641320245763,48.3464670107601],[-89.3641002875248,48.3464871034294],[-89.364071299352,48.3465089633651],[-89.3640452778086,48.3465324250362],[-89.3640306701897,48.3465477566743],[-89.3638424402855,48.3467721608768],[-89.3634962715062,48.3471983025659],[-89.3632401920655,48.3474968617404],[-89.3631306183128,48.3476276544773],[-89.3631042466416,48.3476642568144],[-89.3630827540446,48.3477022515512],[-89.3630663134862,48.3477413508138],[-89.3630550488451,48.3477812560395],[-89.3630529877112,48.3477916734517],[-89.3630300575842,48.3479920023137],[-89.363031970857,48.348173985655],[-89.3630808931606,48.3485828255536],[-89.363141931723,48.3490630222784],[-89.3631585621989,48.3495229758486],[-89.3631727737977,48.3497899957012],[-89.3631771439037,48.3498243232073],[-89.3631984614502,48.3499297589059],[-89.363233485236,48.3500335551428],[-89.363281952017,48.3501349219359],[-89.3632923291934,48.3501532921156],[-89.363422330799,48.3504063483345],[-89.3635344154751,48.3507014699554],[-89.3636345986916,48.3510868869474],[-89.3636934469262,48.351460221503],[-89.3636995930599,48.3515592289519],[-89.3636926065676,48.3517072243764],[-89.3636662905586,48.3518542513616],[-89.3636643901339,48.3518619284283],[-89.3635850177699,48.3521117667234],[-89.3634732809609,48.3523560430814],[-89.3634533350092,48.3523927221141],[-89.3633318290315,48.3525845141552],[-89.3631857036064,48.3527685163821],[-89.3631854843842,48.3527687674201],[-89.362982893933,48.3529775025661],[-89.3627537736834,48.3531736767573],[-89.362588114763,48.3532971763026],[-89.3622704215631,48.3535038233744],[-89.3621871716178,48.3535501984022],[-89.3620718171689,48.3536049816078],[-89.3619497429129,48.3536528567873],[-89.3617936241739,48.3537047629663],[-89.3615177290923,48.3537811289922],[-89.3615023901393,48.353784848709],[-89.3608195417028,48.3539278100931],[-89.3599717192022,48.3540577423342],[-89.3599703182006,48.3540579231495],[-89.3598002560216,48.3540746976822],[-89.3596286491582,48.3540815326168],[-89.3595465044859,48.3540816564896],[-89.3592862144895,48.3540720918054],[-89.3586065464818,48.3540140575004],[-89.3585588809163,48.3540088261306],[-89.3582694736671,48.3539669120461],[-89.3579866526489,48.3539083454191],[-89.3579060198547,48.3538916477494],[-89.3578235152068,48.3538796977098],[-89.3577397584932,48.3538725869575],[-89.3576553905604,48.3538703662309],[-89.3576497828265,48.3538703948469],[-89.3575404240542,48.3538743045433],[-89.3574319896527,48.3538845537259],[-89.3574209418198,48.3538859616247],[-89.3573572468675,48.3538939149716],[-89.3570188482557,48.353924154569],[-89.3565106103048,48.3539445688054],[-89.3564763192151,48.35394452034],[-89.3564309331914,48.3539421385669],[-89.3563860279579,48.3539371277458],[-89.3563600689466,48.3539328398038],[-89.3563269940298,48.3539255314675],[-89.3562950008202,48.3539163294702],[-89.3562643328692,48.3539053044004],[-89.3556706302735,48.3536524249936],[-89.3551917949352,48.3534253724924],[-89.3551641809362,48.3534115043395],[-89.3550224606565,48.3533323202858],[-89.3549705723913,48.3532978744208],[-89.3549215810945,48.3532592402368],[-89.3548778260495,48.3532179074998],[-89.3548202955949,48.3531566772624],[-89.3546175308685,48.3529119776485],[-89.3545026900532,48.3527431877755],[-89.3543855775075,48.3525272640401],[-89.3543843200114,48.3525245833383],[-89.3543135259823,48.3523459855493],[-89.35426635682,48.3521639527732],[-89.3542455107344,48.3520167933925],[-89.3542404964819,48.3518229213372],[-89.3542467481159,48.3517169339587],[-89.3542981742513,48.3513604592543],[-89.3543282171403,48.3512307135114],[-89.3544598296841,48.3508199315099],[-89.3544733006282,48.3507885791216],[-89.3545024983471,48.3507348409556],[-89.3545386085604,48.350683003656],[-89.3545813632074,48.3506334604989],[-89.354820235957,48.3503951456516],[-89.3553069209857,48.3499450242176],[-89.355960080562,48.3493600842627],[-89.3562856667415,48.3490744906736],[-89.3564867154176,48.3489130601502],[-89.3567503363394,48.3487328752533],[-89.3568482918324,48.3486659195539],[-89.3569371253908,48.3485935300198],[-89.3570161509428,48.3485162542899],[-89.3570171359346,48.3485151930834],[-89.3571646265132,48.3483455117948],[-89.3575653835106,48.3478643920906],[-89.3581845026437,48.3471498232654],[-89.3581884202953,48.3471453917068],[-89.3582849072305,48.3470467863834],[-89.3583038306315,48.3470299354525],[-89.3583462175313,48.3469968953439],[-89.3583927624393,48.34696644489],[-89.3584431114702,48.3469388126844],[-89.3584968829831,48.3469142107948],[-89.3585536643872,48.3468928240322],[-89.3588349484265,48.3467868910485],[-89.3591013092156,48.3466650176518],[-89.3592145482664,48.346605874641],[-89.359786959348,48.3462789519501],[-89.3601404103995,48.3460833892913],[-89.360415759446,48.3459514427071],[-89.3611384802199,48.3456342548885],[-89.3611610927283,48.3456246840929],[-89.3613632852497,48.3455480455413],[-89.3615747230741,48.3454834425665],[-89.3616847501622,48.3454498278706],[-89.3617899590991,48.3454099471945],[-89.361883364762,48.3453672110538],[-89.3619404384128,48.3453360677716],[-89.36199322315,48.345301725777],[-89.3620413154127,48.3452644479969],[-89.3620843504811,48.3452245199542],[-89.3621042836277,48.3452031884631],[-89.3621843169932,48.3451034404401],[-89.3622510077258,48.3449994227552],[-89.3623021449045,48.3448959486515],[-89.362408303237,48.344640781071],[-89.3624752221197,48.3444705565226],[-89.3625675396708,48.3442138277891],[-89.3626461002865,48.3439975817509],[-89.3626471814328,48.3439948098873],[-89.3626747538892,48.3439354057002],[-89.3627099853312,48.3438778307619],[-89.3627526111341,48.3438225214855],[-89.3628157607242,48.3437405778819],[-89.3628679602696,48.3436552809723],[-89.3628898291312,48.3436115614815],[-89.3629061111584,48.3435701666043],[-89.3629169161948,48.3435279845385],[-89.3629194532684,48.3435126266919],[-89.3629314879499,48.3433535360023],[-89.3629313303683,48.3433181429467],[-89.3629259637724,48.3432546028981],[-89.3629123061671,48.3431916174465],[-89.3628904700816,48.3431296638449],[-89.3628606123313,48.3430692139356],[-89.3628432929621,48.3430405447447],[-89.3628260998982,48.3430166785378],[-89.3628058488266,48.3429938990953],[-89.3627826992073,48.3429723857883],[-89.3627568284622,48.3429522978242],[-89.3627284246746,48.3429337914919],[-89.3626977127252,48.3429170016298],[-89.3626649215804,48.3429020638923],[-89.3626642775274,48.3429017955051],[-89.3625746677906,48.3428683414803],[-89.3624810316323,48.342840218386],[-89.3623840741263,48.3428176429611],[-89.3623548913438,48.3428120586054],[-89.3622631082634,48.3427937099669],[-89.3621052070554,48.3427541143181],[-89.3619530865832,48.3427054948329],[-89.3614452614843,48.3425152682057],[-89.3609864818467,48.3423443368874],[-89.3602206090682,48.342098674111],[-89.360167944385,48.3420851684729],[-89.3601137109043,48.3420747775704],[-89.360058327608,48.3420675728783],[-89.3600236567681,48.3420647404672],[-89.359817847552,48.3420566510444],[-89.3588802157716,48.3420473860551],[-89.3580506755561,48.3420450775332],[-89.3569803210654,48.3420455309437],[-89.3561202266346,48.3420682775619],[-89.3558100483094,48.3420932506264],[-89.355648083601,48.3421136628331],[-89.3555690770228,48.3421273077136],[-89.3554921515539,48.3421454905433],[-89.3554178960891,48.3421680750954],[-89.3553468748636,48.34219488786],[-89.3552872564631,48.3422219294508],[-89.355129947453,48.3423066732472],[-89.3549843123829,48.3424002310121],[-89.3548514645334,48.3425018961746],[-89.3548403993902,48.3425112229166],[-89.3545052655278,48.3428139740952],[-89.3541680714353,48.3431577474864],[-89.3537904279355,48.3435884939006],[-89.3536479103022,48.3437792133631],[-89.3536332689676,48.3438014526654],[-89.3535388073226,48.3439662713301],[-89.3534662504149,48.3441359491539],[-89.3534481953903,48.3441896551725],[-89.3533256802173,48.3446855926485],[-89.3532969852613,48.3448697294904],[-89.3532335426537,48.3454166081881],[-89.3532120058178,48.3457151414325],[-89.3532115938955,48.3463055708625],[-89.3532095773206,48.3468582282019],[-89.3531843954071,48.3471609757416],[-89.3531108434818,48.3477039213266],[-89.3530996984538,48.3477721157956],[-89.3529832635326,48.3482585428414],[-89.3529277244836,48.3484121055477],[-89.3528354778529,48.3486008556335],[-89.3527965818871,48.3486657769272],[-89.3527044459306,48.3487945813673],[-89.3521846295783,48.3494170224599],[-89.3514831949606,48.3501644173226],[-89.3514783813717,48.3501691674884],[-89.3514176519467,48.3502233401275],[-89.3513500701014,48.3502737794454],[-89.3512761513094,48.3503201005915],[-89.3512393706516,48.3503402244288],[-89.3511677397539,48.3503743178797],[-89.3501556662736,48.3508056683868],[-89.3495593885546,48.3510425736293],[-89.3487209500838,48.3513452749423],[-89.3479405773498,48.3515266135425],[-89.3475494341101,48.3516373045466],[-89.3472819148022,48.3517273332033],[-89.3470271893998,48.3518325613829],[-89.3469010237643,48.3518927280762],[-89.346157568965,48.352264811965],[-89.3458376664092,48.3524247145925],[-89.3452249809842,48.3527301788759],[-89.3445991928414,48.3530419110794],[-89.3436967594849,48.353467723675],[-89.3433016022903,48.3536288238423],[-89.3432502755733,48.3563300241418],[-89.3432502516308,48.3563313265682],[-89.343210054289,48.3570685831258],[-89.341898475142,48.3570224141424],[-89.3388122696693,48.3569050071568],[-89.3380960396345,48.3568955851305],[-89.3369929112898,48.3569144233519],[-89.3358909806502,48.3569431994666],[-89.3354089191157,48.3569679036874],[-89.3349288139953,48.3569894629169],[-89.3346271164016,48.3570213797734],[-89.3296933109935,48.3575754179425],[-89.3299792090789,48.3662825433077],[-89.3295381592212,48.3661997964865],[-89.3284131232559,48.3659887147437],[-89.3243410063302,48.3652254416578],[-89.320533465182,48.3646364710316],[-89.3171291337598,48.364300286073],[-89.3128241630722,48.3640541223649],[-89.3125128548345,48.3640378289953],[-89.3124931542617,48.3640368252075],[-89.3124257958257,48.3640333932427],[-89.3124185513635,48.3640330233834],[-89.312405587157,48.364032290789],[-89.3123301531372,48.3640280251576],[-89.3121203418395,48.3640176243924],[-89.3120618369027,48.3640144028725],[-89.3120150418775,48.3640118258156],[-89.3119583456251,48.3640085309847],[-89.3102120048232,48.3639176430342],[-89.3060764811384,48.3637015112572],[-89.3060764951619,48.3636983240742],[-89.3060766118041,48.3636900548651],[-89.3061031967198,48.3625082175479],[-89.3061052701691,48.3613272018396],[-89.3061079804643,48.3597839674516],[-89.306108253669,48.3597341114948],[-89.3061386984523,48.3569527038129],[-89.3061386549439,48.3558163615698],[-89.3061381049609,48.3547257976557],[-89.3059966251954,48.3513079345649],[-89.3059952055341,48.351273646649],[-89.3058938358441,48.3488245146771],[-89.3038874527175,48.3478502579435],[-89.3032531451807,48.3475422379097],[-89.3031929746561,48.3476608577357],[-89.3031397481718,48.3478062067076],[-89.3031102449839,48.347926218594],[-89.3030887626451,48.3480934883325],[-89.3030874817833,48.3482390923508],[-89.3031318504558,48.3486398880534],[-89.3031399457703,48.3486844199796],[-89.3032657276631,48.3492695266692],[-89.3033830421515,48.3498180751038],[-89.3034294836155,48.3501175246644],[-89.3034625876161,48.3502986384297],[-89.3034945042787,48.3504022581858],[-89.3035370222099,48.3504973023779],[-89.3035481826756,48.3505180429033],[-89.3036946124049,48.3508185526491],[-89.3037076023722,48.3508570490167],[-89.3037193889182,48.3509153441544],[-89.304318569726,48.3511009216599],[-89.3042667313149,48.3511222750942],[-89.3041919275327,48.3511594609432],[-89.30412227247,48.3512008452565],[-89.3040582606488,48.3512461392116],[-89.3040004081561,48.3512949932711],[-89.3039491996409,48.3513469892468],[-89.3039049659493,48.3514017705163],[-89.3038712775368,48.3514539498329],[-89.3038012835553,48.3515854054949],[-89.3040086653631,48.352818694605],[-89.3040069609327,48.3528374102209],[-89.3039507511665,48.3528635864686],[-89.3038686989072,48.352909375862],[-89.3037929102163,48.3529597759637],[-89.3037240149157,48.3530143845758],[-89.3036688594586,48.3530667582042],[-89.3036393298228,48.3530985450062],[-89.30356874434,48.3531852768843],[-89.3035053479998,48.3532825671831],[-89.3034549130254,48.3533831697731],[-89.3034202207138,48.3534796690169],[-89.3034114053866,48.3535128006742],[-89.303399656591,48.3535529659415],[-89.3033820338229,48.3535955477385],[-89.303360290751,48.3536344718253],[-89.3033320626662,48.3536740575731],[-89.3032187235451,48.3538019004029],[-89.3030866829228,48.353924920784],[-89.3030862974398,48.35392523352],[-89.303060702484,48.3539433776577],[-89.3030385070728,48.3539565905603],[-89.3030123492585,48.3539696174009],[-89.3029454519188,48.3539968196911],[-89.3028778299475,48.3540191796191],[-89.3028075136646,48.3540375329097],[-89.3027282190873,48.3540530779113],[-89.3026470010311,48.3540639871919],[-89.3025555890499,48.3540708150645],[-89.302269572127,48.3540801622384],[-89.3015376782096,48.3540908940747],[-89.3011976451019,48.3540885803066],[-89.3004625791663,48.354064319124],[-89.3004462270842,48.3540687824338],[-89.3004238862864,48.3540295982571],[-89.3003852495964,48.3539763414597],[-89.3003397978359,48.35392552885],[-89.3002878400488,48.3538775177351],[-89.3002298190565,48.3538327284266],[-89.3001661912001,48.3537914918905],[-89.3000973851253,48.3537540937599],[-89.3000239185694,48.3537208196854],[-89.299955403622,48.3536953085057],[-89.2999079098061,48.3536800154081],[-89.2997907226679,48.3536478442656],[-89.2996598757631,48.3536205331263],[-89.2995259333046,48.3536009217035],[-89.2993899161397,48.3535891677206],[-89.2992644092695,48.3535856817143],[-89.2992018548395,48.3535862902184],[-89.2990991146118,48.3535911392929],[-89.2989859838877,48.3536031564804],[-89.2988909381785,48.3536190110791],[-89.2984822106293,48.3535165775873],[-89.2984476206597,48.353506516186],[-89.2983207960096,48.3534632380821],[-89.2983120384537,48.3534596863876],[-89.2982832821106,48.3534460056107],[-89.2982603474217,48.3534329408524],[-89.2980957047096,48.3533211945893],[-89.2979400090764,48.3532325007461],[-89.2977862619617,48.353159351373],[-89.2977664401424,48.3531507806262],[-89.2975428471792,48.3530559365398],[-89.2971748166074,48.3529037443287],[-89.2968699219392,48.3527832402447],[-89.2968051061488,48.3527609760629],[-89.2967351972692,48.3527418961164],[-89.2966793909046,48.3527294786763],[-89.2966204894347,48.3527191978498],[-89.2965525607794,48.352711461839],[-89.2964834825269,48.3527077004389],[-89.2964145163822,48.3527079937179],[-89.2963463945995,48.3527122352773],[-89.2962784907024,48.3527204529259],[-89.2962117666104,48.352732664343],[-89.2961472109505,48.3527486104545],[-89.2960880321479,48.3527672932541],[-89.2960379778469,48.3527864065383],[-89.2956071571341,48.3529782488352],[-89.2948033355508,48.3533768593001],[-89.2944221898181,48.3535873938938],[-89.2938733843924,48.3539418117982],[-89.2935366473456,48.3541999159709],[-89.2934601450496,48.3542652061406],[-89.2930491789781,48.3546328247554],[-89.2926448880612,48.3550155090721],[-89.2923361963111,48.3553230385225],[-89.2920414661176,48.3556166297467],[-89.291941635752,48.3557083568869],[-89.2918705807813,48.3557677565097],[-89.2918332493698,48.3557758497619],[-89.2917519535168,48.3557988553549],[-89.2916739513009,48.355826518012],[-89.2915999406354,48.3558585665025],[-89.2915303307844,48.3558948253244],[-89.2914657570798,48.3559349822083],[-89.2914169166476,48.3559711473433],[-89.2913955259137,48.355988540156],[-89.2913554531145,48.3560241517411],[-89.2913115437044,48.3560712314566],[-89.2912740137121,48.3561206142415],[-89.2912430311288,48.3561720421261],[-89.2912188867615,48.3562251359262],[-89.2912018185798,48.3562793015701],[-89.2911918723665,48.3563342952173],[-89.2911891654014,48.3563897213434],[-89.2911928756,48.3564348380651],[-89.2911722964471,48.3564525727605],[-89.2908544847523,48.3566819515194],[-89.290626238483,48.3568786289017],[-89.2905738647774,48.3569288479119],[-89.2905138238917,48.3569931782981],[-89.2904803681249,48.3569904230364],[-89.2903929814813,48.3569883309026],[-89.2903056114142,48.3569913345341],[-89.2902190469777,48.3569993885223],[-89.2901337990471,48.3570124458039],[-89.2900505668695,48.3570304150766],[-89.2899700560328,48.3570531356331],[-89.2898986468075,48.3570783804037],[-89.2898434618073,48.3571012982858],[-89.2897313575738,48.3571554002821],[-89.289621748287,48.3572186937763],[-89.2895208271516,48.3572881213814],[-89.2894293784643,48.3573631393525],[-89.2893480895202,48.3574431779844],[-89.2892775631539,48.3575276503581],[-89.2892248264843,48.357606258453],[-89.2892231472564,48.3576090945948],[-89.2892037896173,48.3576388054209],[-89.2891774371167,48.357672004362],[-89.2891489228609,48.3577014017214],[-89.2891166746901,48.3577290298322],[-89.2890809277973,48.3577546842656],[-89.2890379593355,48.3577805769299],[-89.288363683664,48.3581310550832],[-89.2876776308581,48.3584886277049],[-89.2874500057478,48.3586265283895],[-89.2866467488464,48.3591459180088],[-89.2865620222424,48.359191070569],[-89.2864680487166,48.359232754881],[-89.2863218041213,48.3592875063077],[-89.2860983509388,48.3593569595491],[-89.284581481388,48.3597249505002],[-89.2841742109151,48.3598417743683],[-89.2834511716883,48.3600608593183],[-89.2830050918707,48.3601947324259],[-89.2819448981745,48.3604699544041],[-89.2804486354202,48.3607778419055],[-89.2800188630251,48.3608488125587],[-89.2783061321121,48.3610484305135],[-89.2778059493007,48.3611295775966],[-89.2766259992947,48.3613766590321],[-89.2764199387872,48.3614276209079],[-89.2763416287092,48.3614472381401],[-89.2750331618067,48.3617293353394],[-89.2746683221932,48.361789007665],[-89.2737301715761,48.3618953295329],[-89.2733940931122,48.3619538811107],[-89.2732139821429,48.3619937332508],[-89.2728960388044,48.3620796972338],[-89.2725923743704,48.3621831795518],[-89.2724914563494,48.3622227690297],[-89.2721787579737,48.362339275336],[-89.2718170702885,48.3624492952411],[-89.2708909137739,48.3626762500555],[-89.2697508395514,48.3629516165907],[-89.2689010983254,48.363203741315],[-89.2685470555176,48.3633270025862],[-89.268179097207,48.3634502934269],[-89.2677068916774,48.3635788304855],[-89.2675111083556,48.3636216324678],[-89.2671606768804,48.363680313803],[-89.2660063180192,48.3638137102697],[-89.2659969806347,48.3638147895279],[-89.2657221591495,48.3638465433329],[-89.2656815741341,48.363849331476],[-89.2646664803021,48.3639190378128],[-89.2645001745628,48.3639236834838],[-89.2641526417187,48.3639178391238],[-89.2640863427872,48.3639137974273],[-89.263919906038,48.3638962130812],[-89.263750657535,48.3638680749782],[-89.2636343001155,48.3638445493815],[-89.2626626291311,48.3636121275291],[-89.262460996877,48.3635525840231],[-89.2621473267039,48.3634411923411],[-89.2618268613616,48.3633022231824],[-89.2614918205617,48.3631569302911],[-89.2611129030288,48.363022361343],[-89.2608064551533,48.3629336414793],[-89.2607792786531,48.3629257731195],[-89.2603647841973,48.3628311444126],[-89.259946876612,48.362762169094],[-89.2597703862627,48.3627403433188],[-89.2594706135482,48.3627154217638],[-89.2593876378218,48.3627113793606],[-89.2590806998268,48.3627069290793],[-89.2588543402227,48.362714591829],[-89.2584397997957,48.3627488137982],[-89.2580334935959,48.3628066680697],[-89.2578053185513,48.3628498988503],[-89.2575176095343,48.3629184750379],[-89.2572329509164,48.3630056458885],[-89.2569743759524,48.3631038522447],[-89.2569442928896,48.3631165082826],[-89.2560805840267,48.3635027306777],[-89.2552599415773,48.3638691055556],[-89.2547197446128,48.3640903913479],[-89.2543808456874,48.3642319544902],[-89.2542484492284,48.3642955113307],[-89.2541371822317,48.36435833889],[-89.2538223670218,48.3645653703548],[-89.2536987943798,48.3646616337832],[-89.2535876565381,48.3647652921793],[-89.2534944060227,48.3648706000337],[-89.2534422556571,48.3649396102089],[-89.2533409351892,48.365099337748],[-89.2532596366452,48.365266923478],[-89.2532094484837,48.3654065410553],[-89.2531826867352,48.3655187711716],[-89.2531704527209,48.3656345306121],[-89.2531734050755,48.3657505674033],[-89.2531902031268,48.3658575504965],[-89.2531963508071,48.3658833722976],[-89.253198299171,48.3658959763965],[-89.2531983996499,48.3659003336787],[-89.2531979298989,48.3659046814408],[-89.2531968901562,48.3659089944853],[-89.2531929225619,48.3659195074427],[-89.2531496609793,48.3660102736048],[-89.2527859218551,48.3666377520533],[-89.252726596564,48.3667604784868],[-89.2525890538251,48.3670643662061],[-89.2524384670007,48.3673978192539],[-89.2522575480815,48.367765654213],[-89.2522156791463,48.3677817870081],[-89.2521346152905,48.3678196649534],[-89.2520623493751,48.3678601318371],[-89.2520049578905,48.3678974956666],[-89.2519194608143,48.3679621943128],[-89.2518400661344,48.3680340379031],[-89.2517703572058,48.3681102318593],[-89.2517108869905,48.3681901787389],[-89.2516662821713,48.3682661428521],[-89.2516470468228,48.3683052695973],[-89.2516053866448,48.3684094567071],[-89.2515755210472,48.3685232488252],[-89.2515606544311,48.3686383487784],[-89.2515608806147,48.3687453083474],[-89.2515642020011,48.3687862022542],[-89.251574814154,48.3688522388409],[-89.251596512224,48.368925828519],[-89.251627741348,48.3689978630523],[-89.2516682844424,48.3690678284329],[-89.2515416317111,48.3690693907349],[-89.2480812697809,48.3691120043588],[-89.2480271939264,48.3691101958918],[-89.2479686789525,48.3691106443595],[-89.2476761451207,48.3691248906983],[-89.2473828228337,48.3691564744224],[-89.2471943388451,48.3691861363524],[-89.2464078771925,48.369330613656],[-89.2462917383084,48.3693528162709],[-89.2455334775113,48.3694919761234],[-89.2447007820688,48.3696356764437],[-89.2440636718531,48.3697421330095],[-89.2438355729641,48.3697760796033],[-89.2433533275626,48.3698261293894],[-89.2422223919952,48.369876392896],[-89.2420300575213,48.3698753601689],[-89.2417425051838,48.3698594824871],[-89.2407217689666,48.3697427790452],[-89.2400238234857,48.3697027493637],[-89.2396812344434,48.3697023435097],[-89.2393387175302,48.3697218977771],[-89.2390049952895,48.3697606952803],[-89.2387949062238,48.3697959204974],[-89.2387306257702,48.3698062539911],[-89.2386845271262,48.3698109960806],[-89.2386393393461,48.3698129834072],[-89.2385940699048,48.369812338765],[-89.2385490621394,48.3698090698656],[-89.2384964643676,48.3698021140106],[-89.2384665965693,48.3697968057476],[-89.2383659092355,48.3697741623726],[-89.2382762129904,48.3697479867216],[-89.2381902736188,48.3697167002272],[-89.2376261926594,48.3694664972286],[-89.2371244323961,48.3692838237038],[-89.2368413498238,48.3691963678193],[-89.2363034572448,48.3690580823006],[-89.2357546392395,48.3689525395207],[-89.2356490810055,48.368936114814],[-89.2356462906222,48.3689355464456],[-89.2353241576376,48.3687123860144],[-89.2343757314565,48.3680310064175],[-89.23318680567,48.3672122003327],[-89.2328550025412,48.3669721572339],[-89.2325471451813,48.3664207203802],[-89.2321360296126,48.365528188157],[-89.2318156365168,48.3647073699992],[-89.231806210562,48.3646761088082],[-89.2316492094722,48.3641553988342],[-89.2314278775966,48.3633889761453],[-89.2311088178746,48.3625867375261],[-89.2309912643391,48.3623463258517],[-89.2307880942312,48.3619982043775],[-89.2305423852192,48.3616651344502],[-89.2302896649483,48.3613860243058],[-89.2300106624457,48.3611311054159],[-89.2299879870036,48.3611121845515],[-89.229375273208,48.3606449266313],[-89.2291079572397,48.3604643459248],[-89.2286423430225,48.360173565131]]]},"properties":{"OBJECTID":5,"BABY_ATOM":"60200","FIRE_AREA":"6B","FIRE_STATION":"STATION 6","GlobalID":"7a821aa9-c09c-49a5-bed5-6d0b58dee383","Shape__Area":113078754.47521973,"Shape__Length":60105.637394293248}},{"type":"Feature","id":6,"geometry":{"type":"Polygon","coordinates":[[[-89.3629878366702,48.5150011823699],[-89.3629876386408,48.5149966643896],[-89.3625221627833,48.5045427470852],[-89.3618689434998,48.4898582655975],[-89.3618557253674,48.4895612378377],[-89.3615062431057,48.4817064217064],[-89.3614282197453,48.4799525166883],[-89.3741242060715,48.4797200991399],[-89.4272735579234,48.4785500008518],[-89.4273411996325,48.4785487210853],[-89.4272732419462,48.4785870966318],[-89.4272591686545,48.4802352361506],[-89.4272588670906,48.480285560502],[-89.4272592016553,48.4803359146179],[-89.4272939038205,48.484118738634],[-89.4272943192963,48.4841376172096],[-89.4272948424339,48.4841501899349],[-89.42729558012,48.4841627491357],[-89.4272973422161,48.4841878632867],[-89.4274333965735,48.4860210484041],[-89.4273188155906,48.492924073662],[-89.4273179463783,48.4929555306784],[-89.4273165848564,48.4929804209912],[-89.4272840607431,48.4934594507014],[-89.4272827016902,48.4934843364611],[-89.4272823985125,48.4934967799476],[-89.4272824205019,48.4935029939795],[-89.4272829872963,48.4935216354053],[-89.4272839115299,48.4935402782865],[-89.4273017860104,48.4938634256121],[-89.4273034285191,48.4938944994231],[-89.4273045725908,48.4939195303086],[-89.4273770562545,48.4957197851131],[-89.4273781570758,48.4957448717883],[-89.4273793204839,48.4957636733689],[-89.4273798577914,48.4957699341088],[-89.4273812475729,48.4957824786299],[-89.4273856218702,48.4958138034004],[-89.4275137200978,48.4966717407509],[-89.4275177463764,48.4966967683898],[-89.4275211535322,48.4967154668368],[-89.4275432113057,48.4968275388646],[-89.4275882585291,48.4977103346828],[-89.4275948244054,48.4978355584641],[-89.4275959340056,48.4978605981586],[-89.4275961744,48.4978731111444],[-89.4275959106198,48.4978856122757],[-89.4275954841161,48.4978918735569],[-89.4275941636205,48.4979043870899],[-89.4275924812544,48.4979168920636],[-89.4275526795751,48.498173115451],[-89.4275489516271,48.498198117765],[-89.4275473331077,48.4982106276884],[-89.4275461131473,48.4982231489958],[-89.4275454866899,48.4982357099641],[-89.4275452575257,48.4982482841427],[-89.4275452927713,48.4982734490768],[-89.4275464653238,48.4984307552554],[-89.4275577179851,48.5001547866627],[-89.4275597618117,48.5040633193484],[-89.4275595255059,48.5040947845549],[-89.4275591179172,48.5041073642872],[-89.4275583885796,48.5041195576235],[-89.4275558232529,48.5041500264796],[-89.4275494827989,48.5042170413531],[-89.4275473365243,48.5042352838314],[-89.4275454368247,48.5042474091902],[-89.4275442422951,48.5042534941275],[-89.4275414740579,48.5042656342141],[-89.4275368195113,48.5042838045553],[-89.4275253715277,48.5043261601269],[-89.4275186273605,48.5043503281222],[-89.4275149930209,48.5043623641191],[-89.4275130303818,48.5043683554956],[-89.4275109161008,48.504374318581],[-89.4275085955588,48.504380243731],[-89.4275059695448,48.5043862365087],[-89.4275001356398,48.5043981155764],[-89.4274938454982,48.5044099106979],[-89.4274873367908,48.504421665444],[-89.4274376404615,48.5045096664684],[-89.4273353192346,48.5046916028228],[-89.4273190041293,48.5047209932764],[-89.4273063103228,48.504744591291],[-89.4271372205129,48.5050637092348],[-89.427121663891,48.5050932797985],[-89.4271125504332,48.5051110808249],[-89.4271036758887,48.5051289514883],[-89.4270453980855,48.5052482975709],[-89.4270306183628,48.5052780910612],[-89.4270245063197,48.5052899624739],[-89.4270182840026,48.505301509608],[-89.4269992018645,48.5053351412644],[-89.4269930362388,48.5053463731927],[-89.4269873412159,48.5053576779687],[-89.4269848013179,48.5053633783013],[-89.4269825696456,48.505369125216],[-89.426980632759,48.5053752042131],[-89.4269790300129,48.5053813337443],[-89.4269776687849,48.5053875022676],[-89.4269754114373,48.5053999104786],[-89.4269726099946,48.5054186148324],[-89.4269692572201,48.5054436055843],[-89.426966990275,48.5054623598442],[-89.426965768282,48.5054748721765],[-89.4269649508095,48.5054871510407],[-89.426964145707,48.5055055838466],[-89.4269618030211,48.5055793505378],[-89.4269615847436,48.5055977664653],[-89.4269619354256,48.5056100098893],[-89.4269623989518,48.5056161129256],[-89.426963151211,48.5056221945752],[-89.4269642796517,48.5056283564633],[-89.4269657063369,48.5056344976639],[-89.426969148167,48.5056467406588],[-89.4269750666709,48.5056650532181],[-89.4270229952829,48.5058052810612],[-89.4271948549219,48.5063113933416],[-89.4272112470982,48.5063602307346],[-89.42746028633,48.5071341972026],[-89.4274659562495,48.5071526553385],[-89.4274694327997,48.5071649965553],[-89.4274724516098,48.5071771377915],[-89.4274752119114,48.5071893096749],[-89.4274995453256,48.5073051700256],[-89.4275030755837,48.5073234798632],[-89.427505047658,48.507335704367],[-89.4275058222812,48.507341826928],[-89.4275068446953,48.5073542397206],[-89.4275075698581,48.5073728993614],[-89.4275110994833,48.507640677495],[-89.4275116409055,48.5076593455106],[-89.4275123823588,48.5076717723287],[-89.4275129658541,48.5076779753999],[-89.4275137349672,48.5076841241693],[-89.4275156946731,48.507696401118],[-89.4275192003001,48.507714789751],[-89.4275622679766,48.5079230284589],[-89.4275721822065,48.5079720699627],[-89.4276012861801,48.5081260567425],[-89.4276046610713,48.5081445417035],[-89.4276076943345,48.5081630464693],[-89.4276085460909,48.5081692240848],[-89.4276099325604,48.5081817452593],[-89.4276110273207,48.5081942824863],[-89.4276124209954,48.508213102567],[-89.427625412898,48.5084013646956],[-89.4276265197705,48.5084201899277],[-89.4276269909887,48.5084327412114],[-89.4276270742685,48.5084390169185],[-89.4276270248324,48.5084452639353],[-89.4276266227398,48.5084577598684],[-89.4276252376425,48.5084827513964],[-89.4276088133654,48.5087389174564],[-89.4276074963744,48.5087576561741],[-89.4276058931659,48.5087764126279],[-89.4276011008412,48.5088202661548],[-89.4275271557158,48.5094654072851],[-89.4275133889136,48.5095844126345],[-89.4275107719462,48.5096094697376],[-89.4275098205518,48.5096220042506],[-89.4275095297822,48.5096282734533],[-89.4275094147008,48.5096408254096],[-89.4275097020694,48.50965338327],[-89.427510189987,48.5096659440966],[-89.4275175233145,48.5098166941063],[-89.427523024812,48.5099360558612],[-89.4275243717167,48.5099548598302],[-89.4275258848943,48.5099673396403],[-89.4275269900511,48.5099735487974],[-89.4275284065324,48.5099797270925],[-89.4275319365457,48.509992020389],[-89.427536009956,48.5100042653303],[-89.4275425596315,48.5100225933258],[-89.4275672097105,48.5100897378954],[-89.4275983542841,48.5101752152149],[-89.4281464861174,48.5116519454122],[-89.4282393514818,48.5118745740403],[-89.4282796255898,48.5119526335887],[-89.4283207696373,48.5120488854276],[-89.4284986008954,48.5122333018058],[-89.4288659251993,48.5125593992856],[-89.4289607453819,48.5126412708705],[-89.4290478732147,48.5127268326549],[-89.4291269846741,48.5128157657927],[-89.4291977849319,48.5129077391243],[-89.4292600097518,48.5130024100461],[-89.4293134296775,48.5130994271212],[-89.4293578431402,48.5131984275255],[-89.4293930862733,48.5132990440378],[-89.4294190272866,48.5134009006603],[-89.4294355708704,48.5135036197228],[-89.4294426525693,48.5136068175029],[-89.4294402472022,48.5137101103464],[-89.4294283647179,48.5138131129552],[-89.4293698414319,48.5139266412376],[-89.4291338519731,48.5141501394845],[-89.4288507076046,48.5144383655597],[-89.3727647049003,48.5149602763515],[-89.3717890597201,48.5149772432071],[-89.3665741248775,48.5150021447433],[-89.3629896161235,48.5150416382113],[-89.3629878366702,48.5150011823699]]]},"properties":{"OBJECTID":6,"BABY_ATOM":"80100","FIRE_AREA":"8A","FIRE_STATION":"STATION 8","GlobalID":"f4a6e961-f558-4082-915e-dcd2fbba0d41","Shape__Area":19057796.349121094,"Shape__Length":17694.547079712964}},{"type":"Feature","id":7,"geometry":{"type":"Polygon","coordinates":[[[-89.3614282197453,48.4799525166883],[-89.3610051542035,48.4704377926788],[-89.3608908433591,48.4678656961256],[-89.3608526439975,48.4670060725062],[-89.3605847871703,48.4614428677463],[-89.3603815127062,48.4603380350357],[-89.3471880521896,48.4606317025017],[-89.3471835894244,48.4605427871079],[-89.3466232388735,48.4483931211979],[-89.3463576705055,48.4426318474979],[-89.3463084468598,48.4415637330477],[-89.3462351478502,48.439972705064],[-89.3500322472326,48.439904375816],[-89.3538293015182,48.4398359084781],[-89.354126816139,48.4398305382914],[-89.3537834400241,48.4308094943479],[-89.3559998471796,48.430761250804],[-89.3680091136674,48.4304991362229],[-89.3942921453514,48.4299210986277],[-89.4093343332206,48.4295875560819],[-89.4269004608943,48.4292442106471],[-89.4269680191444,48.429242582555],[-89.4269680242906,48.4292441093172],[-89.4269376054757,48.4292526276215],[-89.4269005252767,48.4292630131025],[-89.4269108723029,48.4322823569593],[-89.4269114376905,48.4323326696595],[-89.4269628303003,48.4361753585828],[-89.4269926337104,48.440353569862],[-89.4270035321096,48.4425469788005],[-89.4270209371342,48.445176819545],[-89.4270188262802,48.4495913797644],[-89.4270189271299,48.449641687747],[-89.4270195446486,48.4496856137364],[-89.4270441756365,48.4511414489796],[-89.4270447415143,48.4511790994334],[-89.4270450762514,48.4512168663326],[-89.4270781022108,48.4559313558428],[-89.4270973733795,48.4597198550091],[-89.4271253444462,48.4641701901734],[-89.4271791011534,48.4693815595944],[-89.4272106761481,48.4715173679623],[-89.4272167035113,48.4718781514333],[-89.427299383484,48.4753348695556],[-89.4273003530168,48.4753851491259],[-89.4273003741916,48.4754040207496],[-89.4273001569138,48.4754354739866],[-89.4272735579234,48.4785500008518],[-89.3741242060715,48.4797200991399],[-89.3614282197453,48.4799525166883]]]},"properties":{"OBJECTID":7,"BABY_ATOM":"80000","FIRE_AREA":"8","FIRE_STATION":"STATION 8","GlobalID":"341f03da-b521-4d5a-ac33-73a5fcf97d62","Shape__Area":29771870.130859375,"Shape__Length":22820.461907533139}},{"type":"Feature","id":8,"geometry":{"type":"Polygon","coordinates":[[[-89.3537834400241,48.4308094943479],[-89.3532758003691,48.4174634022989],[-89.3525804141348,48.4002109556376],[-89.3525753064031,48.4001572382798],[-89.3545747056248,48.4001487381469],[-89.355455170986,48.4001449842465],[-89.3630859691138,48.4001548365003],[-89.3631426265807,48.4001547447136],[-89.3631709484996,48.4001543039614],[-89.3631992727696,48.4001534474713],[-89.363237027974,48.4001520597586],[-89.3681259889585,48.3999660654542],[-89.368192047327,48.3999634634343],[-89.3682673662679,48.3999600678308],[-89.3729083693426,48.3997452203368],[-89.3729460281469,48.3997435147093],[-89.3729742810078,48.399742380159],[-89.3730025437779,48.3997415747047],[-89.3730496710614,48.3997407290575],[-89.3761889310514,48.3996929481207],[-89.3762360896442,48.3996923992351],[-89.3762927734821,48.3996921006722],[-89.3873749757977,48.3996483193141],[-89.3874033185104,48.3996483319253],[-89.3874221574366,48.3996484671608],[-89.387469116921,48.3996491801434],[-89.3884593751921,48.3996674379521],[-89.3888496611117,48.3996746311787],[-89.3888778337562,48.3996750221541],[-89.3888966095433,48.3996751071739],[-89.3889153772963,48.3996749053379],[-89.3889341357491,48.399674418472],[-89.3889810187158,48.3996726896107],[-89.3892154190369,48.3996632751345],[-89.3898623726816,48.399637560922],[-89.3898998613052,48.3996359558423],[-89.3899279323378,48.3996344385069],[-89.3899559592768,48.3996323840317],[-89.3899932670186,48.3996292261167],[-89.3914555221336,48.3998571103111],[-89.3933983720919,48.3994904653805],[-89.3934346363469,48.3994835059341],[-89.3934526960415,48.3994798792557],[-89.3934616898419,48.3994779888374],[-89.3934795524093,48.3994740198547],[-89.3935239436065,48.3994635423627],[-89.3949681011153,48.3991158512131],[-89.3951540895038,48.3990708418937],[-89.39517183949,48.3990666680491],[-89.3951896621631,48.3990627185247],[-89.3951986225422,48.399060896147],[-89.3952076349383,48.3990592319406],[-89.3952167169863,48.3990577849217],[-89.3952258589867,48.3990566074776],[-89.3952350706814,48.3990556481196],[-89.395253632953,48.3990541547891],[-89.395272300989,48.3990529858611],[-89.3954409061879,48.3990443011064],[-89.3959091038461,48.3990197390386],[-89.3959465415287,48.3990176669743],[-89.3959745726119,48.3990158277811],[-89.3960025253737,48.3990135007498],[-89.396039731888,48.3990100172676],[-89.3966626490597,48.3989499146713],[-89.3968299898498,48.3989336873416],[-89.3968579053032,48.3989312007241],[-89.3968765458134,48.3989298215677],[-89.3968858842395,48.3989292886157],[-89.3969047160564,48.3989286162686],[-89.3969235883941,48.3989282885773],[-89.3969613773931,48.3989280587422],[-89.3972165581796,48.3989273910934],[-89.4042855647427,48.3989052568216],[-89.4044556802154,48.3989046861765],[-89.4045691164578,48.3989041488079],[-89.4045880135613,48.3989041180561],[-89.404606884627,48.3989042228081],[-89.4046257061541,48.3989046237106],[-89.4046350829003,48.3989050196677],[-89.4046444244702,48.3989056152043],[-89.4046535700722,48.3989064388756],[-89.4046626815089,48.3989074549072],[-89.4046717699048,48.3989086126805],[-89.4046898974073,48.39891120098],[-89.4047170290973,48.3989154247747],[-89.4048255062396,48.3989328139898],[-89.4049341589329,48.3989498557272],[-89.4049521261465,48.398952883716],[-89.4049610271664,48.3989545087562],[-89.4049698392104,48.3989562526238],[-89.4049785268578,48.3989581664459],[-89.4049870378605,48.3989603169967],[-89.4049953101049,48.3989627910515],[-89.4050033757171,48.3989656968083],[-89.4050111988186,48.3989689324459],[-89.4050188414384,48.3989724093915],[-89.405026358397,48.3989760581176],[-89.405033785073,48.3989798265986],[-89.4050484745183,48.3989875838268],[-89.4051284989317,48.3990312907656],[-89.4051794961821,48.3990590044063],[-89.4056899613384,48.3993354913464],[-89.4060675962903,48.3991622435719],[-89.4061984624439,48.3991019348493],[-89.4062139444219,48.3990949572459],[-89.4062295907946,48.3990881993384],[-89.4062375250628,48.3990849696671],[-89.4062455733465,48.399081894166],[-89.4062537802895,48.3990790312841],[-89.4062622271435,48.3990764135117],[-89.4062708326995,48.3990740092575],[-89.4062795537058,48.3990717609426],[-89.4062883569533,48.3990696233747],[-89.4063061192373,48.3990655573179],[-89.4064494178714,48.3990346456866],[-89.4066283951087,48.3989958080826],[-89.4067357602668,48.3989724430265],[-89.4068430851212,48.3989489131592],[-89.4068699894503,48.3989433348361],[-89.4068789926251,48.3989416267174],[-89.4068880291173,48.3989400519633],[-89.4068971095714,48.398938664336],[-89.4069062522299,48.3989375354335],[-89.4069154988256,48.398936719267],[-89.4069248063184,48.3989361627526],[-89.406934159166,48.3989357942354],[-89.4069435440666,48.3989355609087],[-89.4069623742985,48.3989353440182],[-89.4069812467613,48.3989353061906],[-89.4070851472287,48.39893552558],[-89.4072267719628,48.3989355751013],[-89.4124757883474,48.3989353460969],[-89.4125324304822,48.398935269857],[-89.4125700581805,48.3989349437977],[-89.4126169284278,48.3989342033735],[-89.4137071496599,48.398915308787],[-89.4138015468302,48.3989137439263],[-89.4138960038798,48.3989123594805],[-89.4139148645495,48.3989119869541],[-89.4139336543927,48.3989114026706],[-89.4139429982753,48.3989109599912],[-89.4139522913045,48.3989103564236],[-89.4139615102545,48.3989095294729],[-89.4139706253511,48.3989083924883],[-89.4139795367271,48.3989068908821],[-89.4139883472469,48.3989050854775],[-89.4139970850792,48.3989030575603],[-89.4140144174838,48.3988985728514],[-89.4140402401768,48.3988913123254],[-89.4141518413166,48.3988589492695],[-89.4143322616267,48.3988070913436],[-89.4144353999011,48.3987775194663],[-89.4145386436845,48.3987480667467],[-89.4145642534885,48.3987404794641],[-89.4145810395751,48.3987351027914],[-89.4145892671441,48.398732229881],[-89.4145973264543,48.3987291706558],[-89.4146050744689,48.3987259290191],[-89.414612657052,48.3987225037076],[-89.4146274970087,48.3987152910143],[-89.414642084553,48.3987077983985],[-89.414663766944,48.3986963391608],[-89.4147574610933,48.3986463835209],[-89.4148873821596,48.3985774308945],[-89.4151342520679,48.398739662761],[-89.4152407429223,48.3988100971482],[-89.4152542135047,48.3988187325414],[-89.41526104459,48.3988229474534],[-89.4152679798593,48.398827051307],[-89.4152750656919,48.3988309963409],[-89.4152823598913,48.3988347192584],[-89.415289940879,48.3988381356353],[-89.4152978181082,48.3988411597967],[-89.4153059809885,48.3988438819398],[-89.4153143496209,48.3988463838208],[-89.415322866159,48.3988487278375],[-89.4153401796587,48.3988531175601],[-89.4153664869799,48.3988593446065],[-89.4154457382249,48.3988776741888],[-89.4155248339901,48.3988961716368],[-89.4156214238684,48.3989189046586],[-89.4157179565466,48.3989418259492],[-89.4157355310783,48.3989459060133],[-89.4157531547546,48.3989497969945],[-89.4157620001534,48.3989516095158],[-89.4157708834961,48.398953281778],[-89.415779817033,48.3989547586391],[-89.4157888216537,48.39895596768],[-89.4157980463653,48.3989568598832],[-89.415807343127,48.3989574761483],[-89.4158166926117,48.3989578933599],[-89.415835490959,48.3989583441991],[-89.4158638112704,48.3989585464033],[-89.4159772810794,48.3989586295891],[-89.4161285020373,48.3989590243661],[-89.42674149705,48.3989893747304],[-89.4267650912004,48.3993954535618],[-89.4267666117781,48.3994266941143],[-89.4267669995919,48.3994455177165],[-89.4267669008366,48.399483246356],[-89.4267473292017,48.4021181205277],[-89.4267471753739,48.4021684315268],[-89.4267859637201,48.4052138896506],[-89.4267858917313,48.4052327598304],[-89.4267854874919,48.4052453315727],[-89.4267851270886,48.4052512730307],[-89.4267835711413,48.4052690885286],[-89.4267785426254,48.4053165763899],[-89.4267771625129,48.4053343953748],[-89.4267765882291,48.4053532455629],[-89.4267765259133,48.4053783939947],[-89.4268024529569,48.4100758402469],[-89.4268028489312,48.4101009897873],[-89.4268033046273,48.410113541574],[-89.4268039606748,48.4101260720372],[-89.4268059639714,48.4101573905312],[-89.4268203262722,48.4103703451708],[-89.4268217639469,48.4103954034462],[-89.4268222433985,48.4104079430341],[-89.4268225327856,48.4104204929313],[-89.4268361382871,48.4118640867597],[-89.4268360603008,48.4118891869124],[-89.4268352909912,48.4119268180667],[-89.4267949291714,48.4135699784229],[-89.426868340995,48.4141214626657],[-89.4268705355369,48.4141402723937],[-89.4268716359686,48.4141528231634],[-89.4268720012285,48.4141591029013],[-89.4268724415406,48.414171670301],[-89.4268727154332,48.414190534957],[-89.426902321757,48.4205244417498],[-89.4269021533434,48.4205495977646],[-89.4269016449043,48.420581038498],[-89.4268702719883,48.4223102839599],[-89.4268697637897,48.4223605734998],[-89.4268670539086,48.4227691297413],[-89.4268668888461,48.4228068425588],[-89.4268669765317,48.4228383111906],[-89.4268985892898,48.4286977635452],[-89.4269004608943,48.4292442106471],[-89.4093343332206,48.4295875560819],[-89.3942921453514,48.4299210986277],[-89.3680091136674,48.4304991362229],[-89.3559998471796,48.430761250804],[-89.3537834400241,48.4308094943479]]]},"properties":{"OBJECTID":8,"BABY_ATOM":"80400","FIRE_AREA":"8D","FIRE_STATION":"STATION 8","GlobalID":"5926a049-279c-4166-8d04-e6b433dc62f3","Shape__Area":18526536.026367188,"Shape__Length":17750.080443261322}},{"type":"Feature","id":9,"geometry":{"type":"Polygon","coordinates":[[[-89.3293852384402,48.4006803393564],[-89.3294257184871,48.3808309159549],[-89.3294448885624,48.3783353033334],[-89.3318138273958,48.3785080086248],[-89.3350455452012,48.3768950268949],[-89.3481175705765,48.3697018953286],[-89.3420881658152,48.3685631114095],[-89.3373753480642,48.3676783396213],[-89.3335205443331,48.3669468722091],[-89.3299792090789,48.3662825433077],[-89.3296933109935,48.3575754179425],[-89.3346271164016,48.3570213797734],[-89.3349288139953,48.3569894629169],[-89.3354089191157,48.3569679036874],[-89.3358909806502,48.3569431994666],[-89.3369929112898,48.3569144233519],[-89.3380960396345,48.3568955851305],[-89.3388122696693,48.3569050071568],[-89.341898475142,48.3570224141424],[-89.343210054289,48.3570685831258],[-89.3432502516308,48.3563313265682],[-89.3432502755733,48.3563300241418],[-89.3433016022903,48.3536288238423],[-89.3436967594849,48.353467723675],[-89.3445991928414,48.3530419110794],[-89.3452249809842,48.3527301788759],[-89.3458376664092,48.3524247145925],[-89.346157568965,48.352264811965],[-89.3469010237643,48.3518927280762],[-89.3470271893998,48.3518325613829],[-89.3472819148022,48.3517273332033],[-89.3475494341101,48.3516373045466],[-89.3479405773498,48.3515266135425],[-89.3487209500838,48.3513452749423],[-89.3495593885546,48.3510425736293],[-89.3501556662736,48.3508056683868],[-89.3511677397539,48.3503743178797],[-89.3512393706516,48.3503402244288],[-89.3512761513094,48.3503201005915],[-89.3513500701014,48.3502737794454],[-89.3514176519467,48.3502233401275],[-89.3514783813717,48.3501691674884],[-89.3514831949606,48.3501644173226],[-89.3521846295783,48.3494170224599],[-89.3527044459306,48.3487945813673],[-89.3527965818871,48.3486657769272],[-89.3528354778529,48.3486008556335],[-89.3529277244836,48.3484121055477],[-89.3529832635326,48.3482585428414],[-89.3530996984538,48.3477721157956],[-89.3531108434818,48.3477039213266],[-89.3531843954071,48.3471609757416],[-89.3532095773206,48.3468582282019],[-89.3532115938955,48.3463055708625],[-89.3532120058178,48.3457151414325],[-89.3532335426537,48.3454166081881],[-89.3532969852613,48.3448697294904],[-89.3533256802173,48.3446855926485],[-89.3534481953903,48.3441896551725],[-89.3534662504149,48.3441359491539],[-89.3535388073226,48.3439662713301],[-89.3536332689676,48.3438014526654],[-89.3536479103022,48.3437792133631],[-89.3537904279355,48.3435884939006],[-89.3541680714353,48.3431577474864],[-89.3545052655278,48.3428139740952],[-89.3548403993902,48.3425112229166],[-89.3548514645334,48.3425018961746],[-89.3549843123829,48.3424002310121],[-89.355129947453,48.3423066732472],[-89.3552872564631,48.3422219294508],[-89.3553468748636,48.34219488786],[-89.3554178960891,48.3421680750954],[-89.3554921515539,48.3421454905433],[-89.3555690770228,48.3421273077136],[-89.355648083601,48.3421136628331],[-89.3558100483094,48.3420932506264],[-89.3561202266346,48.3420682775619],[-89.3569803210654,48.3420455309437],[-89.3580506755561,48.3420450775332],[-89.3588802157716,48.3420473860551],[-89.359817847552,48.3420566510444],[-89.3600236567681,48.3420647404672],[-89.360058327608,48.3420675728783],[-89.3601137109043,48.3420747775704],[-89.360167944385,48.3420851684729],[-89.3602206090682,48.342098674111],[-89.3609864818467,48.3423443368874],[-89.3614452614843,48.3425152682057],[-89.3619530865832,48.3427054948329],[-89.3621052070554,48.3427541143181],[-89.3622631082634,48.3427937099669],[-89.3623548913438,48.3428120586054],[-89.3623840741263,48.3428176429611],[-89.3624810316323,48.342840218386],[-89.3625746677906,48.3428683414803],[-89.3626642775274,48.3429017955051],[-89.3626649215804,48.3429020638923],[-89.3626977127252,48.3429170016298],[-89.3627284246746,48.3429337914919],[-89.3627568284622,48.3429522978242],[-89.3627826992073,48.3429723857883],[-89.3628058488266,48.3429938990953],[-89.3628260998982,48.3430166785378],[-89.3628432929621,48.3430405447447],[-89.3628606123313,48.3430692139356],[-89.3628904700816,48.3431296638449],[-89.3629123061671,48.3431916174465],[-89.3629259637724,48.3432546028981],[-89.3629313303683,48.3433181429467],[-89.3629314879499,48.3433535360023],[-89.3629194532684,48.3435126266919],[-89.3629169161948,48.3435279845385],[-89.3629061111584,48.3435701666043],[-89.3628898291312,48.3436115614815],[-89.3628679602696,48.3436552809723],[-89.3628157607242,48.3437405778819],[-89.3627526111341,48.3438225214855],[-89.3627099853312,48.3438778307619],[-89.3626747538892,48.3439354057002],[-89.3626471814328,48.3439948098873],[-89.3626461002865,48.3439975817509],[-89.3625675396708,48.3442138277891],[-89.3624752221197,48.3444705565226],[-89.362408303237,48.344640781071],[-89.3623021449045,48.3448959486515],[-89.3622510077258,48.3449994227552],[-89.3621843169932,48.3451034404401],[-89.3621042836277,48.3452031884631],[-89.3620843504811,48.3452245199542],[-89.3620413154127,48.3452644479969],[-89.36199322315,48.345301725777],[-89.3619404384128,48.3453360677716],[-89.361883364762,48.3453672110538],[-89.3617899590991,48.3454099471945],[-89.3616847501622,48.3454498278706],[-89.3615747230741,48.3454834425665],[-89.3613632852497,48.3455480455413],[-89.3611610927283,48.3456246840929],[-89.3611384802199,48.3456342548885],[-89.360415759446,48.3459514427071],[-89.3601404103995,48.3460833892913],[-89.359786959348,48.3462789519501],[-89.3592145482664,48.346605874641],[-89.3591013092156,48.3466650176518],[-89.3588349484265,48.3467868910485],[-89.3585536643872,48.3468928240322],[-89.3584968829831,48.3469142107948],[-89.3584431114702,48.3469388126844],[-89.3583927624393,48.34696644489],[-89.3583462175313,48.3469968953439],[-89.3583038306315,48.3470299354525],[-89.3582849072305,48.3470467863834],[-89.3581884202953,48.3471453917068],[-89.3581845026437,48.3471498232654],[-89.3575653835106,48.3478643920906],[-89.3571646265132,48.3483455117948],[-89.3570171359346,48.3485151930834],[-89.3570161509428,48.3485162542899],[-89.3569371253908,48.3485935300198],[-89.3568482918324,48.3486659195539],[-89.3567503363394,48.3487328752533],[-89.3564867154176,48.3489130601502],[-89.3562856667415,48.3490744906736],[-89.355960080562,48.3493600842627],[-89.3553069209857,48.3499450242176],[-89.354820235957,48.3503951456516],[-89.3545813632074,48.3506334604989],[-89.3545386085604,48.350683003656],[-89.3545024983471,48.3507348409556],[-89.3544733006282,48.3507885791216],[-89.3544598296841,48.3508199315099],[-89.3543282171403,48.3512307135114],[-89.3542981742513,48.3513604592543],[-89.3542467481159,48.3517169339587],[-89.3542404964819,48.3518229213372],[-89.3542455107344,48.3520167933925],[-89.35426635682,48.3521639527732],[-89.3543135259823,48.3523459855493],[-89.3543843200114,48.3525245833383],[-89.3543855775075,48.3525272640401],[-89.3545026900532,48.3527431877755],[-89.3546175308685,48.3529119776485],[-89.3548202955949,48.3531566772624],[-89.3548778260495,48.3532179074998],[-89.3549215810945,48.3532592402368],[-89.3549705723913,48.3532978744208],[-89.3550224606565,48.3533323202858],[-89.3551641809362,48.3534115043395],[-89.3551917949352,48.3534253724924],[-89.3556706302735,48.3536524249936],[-89.3562643328692,48.3539053044004],[-89.3562950008202,48.3539163294702],[-89.3563269940298,48.3539255314675],[-89.3563600689466,48.3539328398038],[-89.3563860279579,48.3539371277458],[-89.3564309331914,48.3539421385669],[-89.3564763192151,48.35394452034],[-89.3565106103048,48.3539445688054],[-89.3570188482557,48.353924154569],[-89.3573572468675,48.3538939149716],[-89.3574209418198,48.3538859616247],[-89.3574319896527,48.3538845537259],[-89.3575404240542,48.3538743045433],[-89.3576497828265,48.3538703948469],[-89.3576553905604,48.3538703662309],[-89.3577397584932,48.3538725869575],[-89.3578235152068,48.3538796977098],[-89.3579060198547,48.3538916477494],[-89.3579866526489,48.3539083454191],[-89.3582694736671,48.3539669120461],[-89.3585588809163,48.3540088261306],[-89.3586065464818,48.3540140575004],[-89.3592862144895,48.3540720918054],[-89.3595465044859,48.3540816564896],[-89.3596286491582,48.3540815326168],[-89.3598002560216,48.3540746976822],[-89.3599703182006,48.3540579231495],[-89.3599717192022,48.3540577423342],[-89.3608195417028,48.3539278100931],[-89.3615023901393,48.353784848709],[-89.3615177290923,48.3537811289922],[-89.3617936241739,48.3537047629663],[-89.3619497429129,48.3536528567873],[-89.3620718171689,48.3536049816078],[-89.3621871716178,48.3535501984022],[-89.3622704215631,48.3535038233744],[-89.362588114763,48.3532971763026],[-89.3627537736834,48.3531736767573],[-89.362982893933,48.3529775025661],[-89.3631854843842,48.3527687674201],[-89.3631857036064,48.3527685163821],[-89.3633318290315,48.3525845141552],[-89.3634533350092,48.3523927221141],[-89.3634732809609,48.3523560430814],[-89.3635850177699,48.3521117667234],[-89.3636643901339,48.3518619284283],[-89.3636662905586,48.3518542513616],[-89.3636926065676,48.3517072243764],[-89.3636995930599,48.3515592289519],[-89.3636934469262,48.351460221503],[-89.3636345986916,48.3510868869474],[-89.3635344154751,48.3507014699554],[-89.363422330799,48.3504063483345],[-89.3632923291934,48.3501532921156],[-89.363281952017,48.3501349219359],[-89.363233485236,48.3500335551428],[-89.3631984614502,48.3499297589059],[-89.3631771439037,48.3498243232073],[-89.3631727737977,48.3497899957012],[-89.3631585621989,48.3495229758486],[-89.363141931723,48.3490630222784],[-89.3630808931606,48.3485828255536],[-89.363031970857,48.348173985655],[-89.3630300575842,48.3479920023137],[-89.3630529877112,48.3477916734517],[-89.3630550488451,48.3477812560395],[-89.3630663134862,48.3477413508138],[-89.3630827540446,48.3477022515512],[-89.3631042466416,48.3476642568144],[-89.3631306183128,48.3476276544773],[-89.3632401920655,48.3474968617404],[-89.3634962715062,48.3471983025659],[-89.3638424402855,48.3467721608768],[-89.3640306701897,48.3465477566743],[-89.3640452778086,48.3465324250362],[-89.364071299352,48.3465089633651],[-89.3641002875248,48.3464871034294],[-89.3641320245763,48.3464670107601],[-89.3641662678606,48.346448837904],[-89.364202757886,48.3464327233586],[-89.3642412141861,48.3464187898571],[-89.3643316311617,48.3463917131077],[-89.3644587094088,48.3463611218774],[-89.3645893051211,48.3463380286838],[-89.3647224182829,48.3463226106407],[-89.3652981291264,48.3462732868356],[-89.3659840888746,48.3462150061909],[-89.3666229549498,48.3461610514433],[-89.3673692261443,48.3460980416524],[-89.3678587060297,48.3460420759687],[-89.3683390061254,48.3459578866839],[-89.3685633270677,48.3459080753974],[-89.3686990914601,48.3458785070771],[-89.3689269588366,48.3458404267748],[-89.3691589396703,48.3458157305621],[-89.3693932637545,48.3458046033564],[-89.369590638972,48.3458064342767],[-89.3697977377028,48.3458201364252],[-89.3698239013013,48.3458227597596],[-89.3699906747801,48.3458452672807],[-89.3701538688943,48.3458773758406],[-89.37077589739,48.3460339337947],[-89.3713797347292,48.3461854821829],[-89.3721658841175,48.3463639699935],[-89.3725902808139,48.3464598719581],[-89.3732427205468,48.3466045420899],[-89.3739953060821,48.3467710588203],[-89.3747679543592,48.3469660059325],[-89.3759344071528,48.3473161263687],[-89.3763632324416,48.3474615227496],[-89.3768305375967,48.347637793361],[-89.3768915761542,48.3476627646827],[-89.3770681799224,48.347744796081],[-89.3775497539244,48.3480039357048],[-89.3775710076213,48.3480163140736],[-89.3776434301278,48.3480635056327],[-89.3777094044269,48.3481147210382],[-89.3777684349023,48.3481695782588],[-89.3778200671585,48.3482276530215],[-89.3778639096712,48.3482885089556],[-89.3778996275149,48.3483516788266],[-89.3779234558881,48.3483938163201],[-89.3779526993519,48.3484344084994],[-89.3779871397292,48.3484731467587],[-89.37802651366,48.3485097378224],[-89.3780705246127,48.3485439007977],[-89.3781188325137,48.3485753763865],[-89.3781710754079,48.3486039282372],[-89.3782119161008,48.3486229913863],[-89.3783048682431,48.3486597193106],[-89.3784022693954,48.3486909071138],[-89.378462353454,48.3487068143373],[-89.3786777161312,48.3487525380535],[-89.3788525700144,48.3487798331163],[-89.3791240401759,48.3488075030839],[-89.3793284948682,48.3488178183564],[-89.3794765550063,48.3488177503082],[-89.3796240444567,48.3488090823371],[-89.3796797901807,48.3488035359133],[-89.3797467832616,48.3487940919584],[-89.3798122886526,48.3487807909222],[-89.3798758022196,48.3487637350176],[-89.3799368482249,48.3487430564625],[-89.379994955942,48.3487189080659],[-89.3800229777606,48.3487054848959],[-89.3800695658471,48.3486833312509],[-89.3801532383371,48.348649087354],[-89.3802410741078,48.3486198381129],[-89.3803323975974,48.3485958008493],[-89.380426514127,48.3485771590919],[-89.3804763418828,48.3485700765635],[-89.3805391850147,48.3485645393245],[-89.3806025165714,48.3485626764301],[-89.3806658496272,48.3485644952628],[-89.3807287007157,48.3485699905382],[-89.3807906004995,48.3485791125925],[-89.380824539896,48.3485841151122],[-89.3808590047926,48.3485871281806],[-89.3808937293684,48.3485881249108],[-89.3809284503657,48.3485871044564],[-89.3809629099628,48.3485840667579],[-89.3809968408906,48.3485790407444],[-89.381029986962,48.3485720614138],[-89.3810592584954,48.3485640565188],[-89.381073163336,48.3485593156623],[-89.3810863997802,48.3485537878659],[-89.3810988574933,48.3485475096056],[-89.381110451126,48.3485405321358],[-89.3811210872801,48.3485329077772],[-89.3811306876848,48.3485246948357],[-89.3811391742366,48.3485159552127],[-89.3811464865725,48.3485067549409],[-89.3811525713656,48.3484971662056],[-89.3811573765957,48.3484872602652],[-89.3811590556877,48.3484828859757],[-89.3811601046605,48.3484801964796],[-89.3811625364707,48.3484753486257],[-89.3811655897719,48.3484706579534],[-89.3811692474029,48.3484661617079],[-89.3811734786332,48.3484618956162],[-89.3811782499099,48.3484578927642],[-89.3811835275544,48.3484541835413],[-89.3811892708103,48.3484507912854],[-89.3811954312073,48.3484477475919],[-89.3812019732995,48.3484450738892],[-89.3812088331964,48.3484427894957],[-89.3812159713227,48.3484409141258],[-89.3812233247176,48.348439458081],[-89.3812308387628,48.3484384368886],[-89.3812384623826,48.3484378552053],[-89.3812461297098,48.3484377188943],[-89.381256756791,48.3484378928788],[-89.3813163368777,48.3484409200746],[-89.3813752962534,48.3484473971567],[-89.3820083728497,48.3485443961664],[-89.3821777131906,48.3485743979951],[-89.382666161306,48.3486816717141],[-89.3826983644474,48.3486887440076],[-89.3827313753831,48.3486939190647],[-89.3827649344889,48.3486971581775],[-89.3827987920409,48.3486984323305],[-89.3828326832649,48.3486977371136],[-89.3828416100078,48.3486972245896],[-89.3829252586755,48.3486893041648],[-89.3829607124365,48.3486844304572],[-89.3834705450314,48.3486025439974],[-89.3846042973512,48.3484089384207],[-89.3857380366855,48.3482153227797],[-89.3859141675879,48.3481869721831],[-89.386475361832,48.3481191070173],[-89.386556823894,48.3481092552677],[-89.3866366856422,48.3480947066718],[-89.3867143383624,48.3480755782409],[-89.3867498808578,48.3480650510598],[-89.3867556941014,48.3480630210983],[-89.3867612206739,48.3480606623793],[-89.3867664169151,48.348057993804],[-89.3867712443904,48.3480550305667],[-89.3867756678666,48.3480517985918],[-89.3867796493712,48.3480483229611],[-89.3867831629842,48.3480446267067],[-89.3867861778538,48.3480407428602],[-89.3867886777516,48.3480366996509],[-89.3867906356193,48.3480325246333],[-89.3867920382194,48.3480282522728],[-89.3867928829766,48.3480239141144],[-89.386793152524,48.3480195429098],[-89.3867928512807,48.3480151754572],[-89.3867919792842,48.3480108414476],[-89.3867905474441,48.348006572146],[-89.3867885573983,48.3480024026089],[-89.3867860323189,48.3479983665457],[-89.3867829909962,48.347994490559],[-89.3867794498598,48.3479908084984],[-89.3867784128562,48.3479898474948],[-89.3867745736012,48.3479862849921],[-89.3867634620594,48.347974613716],[-89.3867539191628,48.3479623394295],[-89.3867460167867,48.347949556015],[-89.3867398163127,48.3479363638706],[-89.3867353628558,48.3479228619328],[-89.3867326949567,48.3479091528736],[-89.3867318282735,48.3478953407394],[-89.3867327691089,48.3478815315705],[-89.386735511419,48.3478678271646],[-89.3867400387503,48.3478543376332],[-89.3867409719272,48.3478520652754],[-89.3867530344272,48.3478274081187],[-89.3867682710351,48.3478035470308],[-89.3867865686567,48.34778066161],[-89.3868077896737,48.3477589265648],[-89.3868210653129,48.3477453282911],[-89.3868325147932,48.3477310103347],[-89.3868420460647,48.3477160825778],[-89.3868495929087,48.3477006588649],[-89.3868550904977,48.3476848539112],[-89.3868558956784,48.3476818356139],[-89.3868586853339,48.3476669209515],[-89.3868595183606,48.3476519029495],[-89.3868583825217,48.3476368952313],[-89.3868552883787,48.3476220082472],[-89.3868502601878,48.3476073566621],[-89.3868433342995,48.34759305399],[-89.3868345669552,48.3475792061336],[-89.3868240199582,48.3475659224794],[-89.3868207832523,48.3475623420703],[-89.3868139719636,48.3475546520126],[-89.3868016422142,48.3475383992872],[-89.3867914848028,48.347521493228],[-89.3867835758543,48.3475040609201],[-89.3867779783022,48.3474862360208],[-89.3867747281104,48.3474681527467],[-89.3867738601879,48.347449951635],[-89.3867753713505,48.3474317668151],[-89.3867768100989,48.3474226926137],[-89.3867917362683,48.347359023826],[-89.3868149291069,48.3472964664656],[-89.386822396582,48.3472803272966],[-89.3868515451306,48.3472280663415],[-89.3868874190125,48.3471777000981],[-89.3869516801075,48.3471028964828],[-89.3870472645606,48.3470091279755],[-89.3870940969668,48.3469680643379],[-89.3873235425817,48.3467876320327],[-89.3873578293718,48.3467631089547],[-89.3878160300668,48.3464648314809],[-89.387959581556,48.3463858341437],[-89.3881272205344,48.3463082842499],[-89.3884171379911,48.3461920039524],[-89.3888855915884,48.3460165038346],[-89.3889510877538,48.3459970983086],[-89.3893441204225,48.3552761931725],[-89.3889043683364,48.3552849155025],[-89.3888489533699,48.3552925550259],[-89.3887961040064,48.3553060382024],[-89.3887471983277,48.355325013392],[-89.3887035132865,48.3553489870973],[-89.388666184626,48.355377332893],[-89.3886361863097,48.3554093134469],[-89.3886143000903,48.3554440937476],[-89.3886010978883,48.3554807684626],[-89.3885497160044,48.3602881544741],[-89.3885598223072,48.3605550910844],[-89.3885618962328,48.3605801754011],[-89.3885625160931,48.3605927338724],[-89.388562807135,48.3606053054731],[-89.3885629494982,48.3606367497819],[-89.3885620151603,48.3624921333589],[-89.3885464692167,48.3651702198036],[-89.3885158273393,48.3734299331757],[-89.3885302337912,48.3776827183552],[-89.3885305267494,48.3777015872409],[-89.3885313999095,48.377733025289],[-89.388553574526,48.3784309250643],[-89.3885652856257,48.3785283380269],[-89.3885874987761,48.378624935392],[-89.3886200987628,48.3787202165867],[-89.3886629165637,48.3788136857519],[-89.3887157309492,48.3789048571085],[-89.3887782659089,48.3789932577096],[-89.3888501973967,48.3790784273012],[-89.3889311508838,48.3791599237721],[-89.3890207068393,48.3792373248393],[-89.3891183992963,48.3793102262794],[-89.3892237216692,48.3793782508055],[-89.3893361252783,48.3794410453992],[-89.3894550274882,48.3794982820416],[-89.3895798093032,48.3795496640622],[-89.3897098234225,48.3795949250723],[-89.389844395632,48.3796338298359],[-89.3899828235402,48.3796661760966],[-89.3901243901146,48.3796917951957],[-89.3902683584117,48.3797105548818],[-89.3928703624731,48.3800547580066],[-89.3929353604117,48.3800591772589],[-89.3929984226888,48.3800705621403],[-89.3930578765808,48.3800886109599],[-89.3931121477771,48.3801128454303],[-89.3931597987914,48.3801426233631],[-89.3931995689765,48.3801771567304],[-89.3932304010462,48.3802155300055],[-89.3932514814723,48.3802567263144],[-89.3932622512803,48.3802996560019],[-89.393262424732,48.3803431805348],[-89.3932519963284,48.3803861465472],[-89.393231243638,48.3804274172721],[-89.3932007163789,48.3804658988623],[-89.3922467719196,48.3803000257003],[-89.3919729034454,48.3802600077504],[-89.3916970577933,48.3802265543669],[-89.3914195895227,48.3801997112465],[-89.3911408539075,48.380179510578],[-89.3908612113643,48.3801659790482],[-89.3905810205794,48.3801591352857],[-89.39030064239,48.3801589861808],[-89.3900204346393,48.3801655323915],[-89.3897407601898,48.3801787663772],[-89.3894619773936,48.3801986707971],[-89.3847612468897,48.3807558296773],[-89.3832239864383,48.3808796750385],[-89.3832188881944,48.3809195649488],[-89.3832230308227,48.3809595035633],[-89.3832363162453,48.3809985472767],[-89.3832584298471,48.3810357722654],[-89.3832888497462,48.3810702994887],[-89.3833268556432,48.3811013107015],[-89.3833715489713,48.3811280750298],[-89.3834218735979,48.3811499584395],[-89.3834766396883,48.3811664430377],[-89.3835345526728,48.3811771399685],[-89.3835942432712,48.3811817959899],[-89.3856186347452,48.380943119161],[-89.3862433711911,48.3808908764718],[-89.3864945698269,48.3808749507497],[-89.3882427353335,48.3808505583557],[-89.3882841642503,48.3808500055843],[-89.3883251163867,48.3808542142825],[-89.3883643689129,48.3808630586922],[-89.3884007478418,48.380876273481],[-89.3884331677053,48.3808934646143],[-89.3884606576126,48.3809141178107],[-89.3884823985656,48.3809376166621],[-89.3884977390596,48.3809632585034],[-89.388506221816,48.3809902772511],[-89.3885169895259,48.383860705501],[-89.3885319620466,48.3885607244426],[-89.3885315165392,48.38861736392],[-89.3884469813497,48.3966917182962],[-89.3884469922255,48.3967168750322],[-89.3884472886429,48.3967483015814],[-89.3884693029489,48.3986841356395],[-89.3884711269161,48.3989699458962],[-89.3884593751921,48.3996674379521],[-89.387469116921,48.3996491801434],[-89.3874221574366,48.3996484671608],[-89.3874033185104,48.3996483319253],[-89.3873749757977,48.3996483193141],[-89.3762927734821,48.3996921006722],[-89.3762360896442,48.3996923992351],[-89.3761889310514,48.3996929481207],[-89.3730496710614,48.3997407290575],[-89.3730025437779,48.3997415747047],[-89.3729742810078,48.399742380159],[-89.3729460281469,48.3997435147093],[-89.3729083693426,48.3997452203368],[-89.3682673662679,48.3999600678308],[-89.368192047327,48.3999634634343],[-89.3681259889585,48.3999660654542],[-89.363237027974,48.4001520597586],[-89.3631992727696,48.4001534474713],[-89.3631709484996,48.4001543039614],[-89.3631426265807,48.4001547447136],[-89.3630859691138,48.4001548365003],[-89.355455170986,48.4001449842465],[-89.3545747056248,48.4001487381469],[-89.3525753064031,48.4001572382798],[-89.3371626573421,48.4002217606701],[-89.3364522530319,48.4002311542723],[-89.3357421203315,48.4002472491531],[-89.3350324007034,48.4002700424437],[-89.3343232355291,48.4002995294812],[-89.3336147701174,48.4003357028272],[-89.3329071431113,48.4003785569816],[-89.3322004984319,48.4004280836412],[-89.3314949784879,48.4004842709382],[-89.3307907231138,48.4005471097597],[-89.3300878745996,48.4006165855478],[-89.3293865739708,48.4006926855733],[-89.3293936166221,48.4006792330162],[-89.329385224946,48.4006874089125],[-89.3293852384402,48.4006803393564]]]},"properties":{"OBJECTID":9,"BABY_ATOM":"70000","FIRE_AREA":"7","FIRE_STATION":"STATION 7","GlobalID":"f69c259b-f8a8-494f-a851-a3d463ae0632","Shape__Area":23128790.41418457,"Shape__Length":26925.730488195626}},{"type":"Feature","id":10,"geometry":{"type":"Polygon","coordinates":[[[-89.3494657218497,48.5153417420681],[-89.349211993588,48.5152968908645],[-89.348956713791,48.5152561087658],[-89.3487000311619,48.5152194206175],[-89.3484420941528,48.5151868458732],[-89.3479357341203,48.515097636069],[-89.3476939308966,48.5150550349172],[-89.3244561767698,48.514965765812],[-89.3233849502856,48.514948725186],[-89.3138327566189,48.5149204801659],[-89.3130233519474,48.5148621287557],[-89.3127682018295,48.5148297941302],[-89.3125115598523,48.5148031733995],[-89.3122537170658,48.5147822957933],[-89.3119949643138,48.5147671860498],[-89.3117355933414,48.5147578589943],[-89.311475897164,48.5147543276299],[-89.3112161696999,48.5147565950471],[-89.3109567032277,48.514764658074],[-89.3107673518493,48.5147899600972],[-89.3105763392834,48.5148089655896],[-89.3103841373453,48.5148216254812],[-89.3101912268294,48.5148279094188],[-89.3099980824207,48.5148278015708],[-89.3098051876999,48.5148213030248],[-89.3096130187426,48.5148084285186],[-89.3094311778433,48.5147771934991],[-89.309247169005,48.5147521819273],[-89.3090614745532,48.51473345969],[-89.3088745814459,48.5147210754891],[-89.3086869786504,48.5147150626938],[-89.3084991596867,48.5147154356909],[-89.3083116147151,48.5147221945423],[-89.308124837097,48.5147353203545],[-89.3079393141302,48.5147547799633],[-89.307635472188,48.5147696710122],[-89.3073325991965,48.5147916154762],[-89.3070310675179,48.5148205852023],[-89.3068515748263,48.5148355566642],[-89.306671297505,48.5148455392968],[-89.3064905489291,48.5148505142185],[-89.3063096470237,48.5148504732551],[-89.3062066772405,48.5148547388694],[-89.3059794632177,48.5148529309813],[-89.3022639928217,48.5148209127469],[-89.3013027695607,48.5148176647605],[-89.3003612611201,48.5148061014851],[-89.300219808808,48.5147971385804],[-89.300077790499,48.514794036835],[-89.2999357577505,48.514796805915],[-89.2997942585587,48.514805436666],[-89.299653841175,48.5148198956387],[-89.2995150473822,48.5148401261227],[-89.2993179545096,48.5148624887175],[-89.2991195451217,48.5148789273932],[-89.2989202227757,48.5148894106872],[-89.2987203914372,48.5148939161285],[-89.2985204583487,48.5148924337799],[-89.2983208273856,48.5148849690694],[-89.2981219068481,48.5148715354369],[-89.2979240988806,48.5148521599441],[-89.2965001483506,48.5147774853533],[-89.2962090575603,48.5147973847625],[-89.2959172922313,48.5148123133131],[-89.2956250470369,48.514822261718],[-89.2953325140265,48.5148272225436],[-89.2934105887566,48.5148697118423],[-89.2933796390235,48.5145453389034],[-89.2933635368312,48.5145564223764],[-89.2933470887357,48.5142041936708],[-89.2927009545563,48.5003625649702],[-89.2915078309065,48.4747799478368],[-89.2914762363516,48.4743180427492],[-89.291179458829,48.4699786700829],[-89.2910216718171,48.4676711612143],[-89.2910157547987,48.4675846277129],[-89.2910074644612,48.4674633893457],[-89.2910212359995,48.4674446975657],[-89.2896914378046,48.4666306946047],[-89.2896496048109,48.466605199322],[-89.2896214441227,48.4665884705945],[-89.2895859203951,48.4665678855064],[-89.2890589225002,48.4662641395696],[-89.2889166036292,48.4661819486731],[-89.2888951400126,48.4661697219276],[-89.2888806570558,48.4661617253765],[-89.2888658656374,48.4661539994822],[-89.2888583041092,48.4661502999859],[-89.2888429012762,48.4661431476868],[-89.2888194215838,48.4661327497081],[-89.2886458266463,48.4660577470173],[-89.2879833761607,48.4657710489199],[-89.287935962811,48.465750671915],[-89.2879120363405,48.4657406497286],[-89.2878799362656,48.4657274538971],[-89.2872207920286,48.4654580702821],[-89.2871805012949,48.4654417629897],[-89.287164239364,48.4654354130138],[-89.2871560384706,48.4654323226405],[-89.2871477595073,48.4654293012987],[-89.2871310617247,48.4654234278443],[-89.2871058294969,48.4654148386326],[-89.2851222279893,48.4647504954077],[-89.2850546102458,48.4647279840355],[-89.2794797657652,48.4629131481515],[-89.2727225096387,48.4608884216103],[-89.2726335896496,48.4608612475563],[-89.2727722001509,48.4608216407092],[-89.2729008507939,48.4607847488386],[-89.2729257540131,48.4607778110993],[-89.2729417059032,48.4607736297567],[-89.2729487181892,48.4607719220671],[-89.2729640940527,48.4607685339695],[-89.2729886835469,48.460763688892],[-89.2730137029915,48.4607591718128],[-89.2730299137468,48.4607565157853],[-89.273037253078,48.460755436838],[-89.2730443328926,48.4607545141731],[-89.2730509040042,48.4607538022],[-89.2730577702316,48.4607532463465],[-89.2730652248152,48.4607528093274],[-89.2730679940674,48.4607526907248],[-89.2730730545921,48.4607524737613],[-89.273090523106,48.4607519909143],[-89.2731180333456,48.4607515696537],[-89.2732219739536,48.4607504450683],[-89.2733639590077,48.4607486899847],[-89.2779608072191,48.4606904465354],[-89.2884874316091,48.4605816667401],[-89.288648151639,48.4605800283911],[-89.2887619147187,48.460579005627],[-89.288800881095,48.4605784264456],[-89.2888215231865,48.4605777664939],[-89.288832798729,48.4605771984396],[-89.2888442548143,48.4605764036581],[-89.2888553609003,48.460575376511],[-89.2888661992363,48.4605741711451],[-89.28888592243,48.4605716085375],[-89.2889228349688,48.4605661504459],[-89.2890396802564,48.460548241081],[-89.2890674542487,48.4605438240392],[-89.2890867804969,48.4605404370438],[-89.2890973396211,48.4605383779679],[-89.2891081597098,48.4605360455776],[-89.2891194487058,48.4605332809807],[-89.2891308073311,48.4605300795267],[-89.2891413882666,48.4605267612871],[-89.2891512477247,48.4605234331116],[-89.2891607295861,48.4605200710619],[-89.2891782904407,48.460513556624],[-89.2893183952299,48.4604594476226],[-89.2893440555476,48.4604491847312],[-89.2893618404492,48.4604415474387],[-89.2893714776895,48.4604370693101],[-89.2893805609831,48.4604325464221],[-89.2893892947565,48.4604279522131],[-89.2894048645397,48.4604193090127],[-89.2894198438637,48.4604106514696],[-89.2895392500783,48.4603398718346],[-89.2899247017941,48.4601118376465],[-89.2899522554876,48.4600957687408],[-89.2899655936933,48.4600882828572],[-89.2899717150947,48.4600849795408],[-89.2899850591621,48.4600781350474],[-89.2900064038984,48.4600677230894],[-89.2901267859411,48.4600107262027],[-89.2902095624873,48.4599713757852],[-89.2902316599121,48.4599610081813],[-89.290245722592,48.4599546226091],[-89.2902594435332,48.4599487593859],[-89.2902654114867,48.4599464056273],[-89.2902714639389,48.4599441860457],[-89.2902859583899,48.4599393088208],[-89.2903013480968,48.4599344857477],[-89.2903174860083,48.4599296054878],[-89.290418518684,48.4598996526232],[-89.2905110739053,48.4598719324618],[-89.2905357376581,48.4598646357691],[-89.2905512759224,48.4598602289794],[-89.2905662148899,48.4598563325732],[-89.2905723760312,48.4598549052751],[-89.2905782930357,48.4598537041724],[-89.2905844661698,48.4598526635198],[-89.2905913580751,48.4598516931288],[-89.2905987108085,48.4598508026345],[-89.2906157003383,48.4598490652347],[-89.2906333603791,48.4598474980257],[-89.2908016560415,48.4598337465528],[-89.2911197948869,48.4598072213162],[-89.2911473818197,48.4598050019424],[-89.2911651457114,48.4598036989039],[-89.2911823529224,48.4598026507782],[-89.2911996447412,48.4598019194701],[-89.2912175149091,48.4598013844778],[-89.2912548081059,48.4598005525736],[-89.2915855238737,48.459793930438],[-89.2999786979438,48.4596233962057],[-89.3002337636604,48.4596181339921],[-89.3002802204752,48.4596173093555],[-89.3003068489212,48.4596171790339],[-89.3003332725573,48.4596176052381],[-89.3003699534863,48.4596186459666],[-89.3008101444279,48.4596326467518],[-89.3010440739475,48.4596399618012],[-89.301071170039,48.4596409889018],[-89.3010884802687,48.4596418653596],[-89.3010961513327,48.4596423651106],[-89.3011131900494,48.4596437886357],[-89.3011306148281,48.4596455229408],[-89.3011673140671,48.4596495402664],[-89.3013444711739,48.4596695034171],[-89.3020256011044,48.4597458332193],[-89.3020810154664,48.4597521740151],[-89.3021079569461,48.4597554928877],[-89.3021442190393,48.4597601898518],[-89.3026591567116,48.4598279942022],[-89.3026754634048,48.459826511615],[-89.3027240987626,48.4598229764705],[-89.30274818252,48.4598210169816],[-89.3027597516983,48.459819949527],[-89.302770293322,48.4598188342622],[-89.3027808684221,48.4598175320814],[-89.3027919741549,48.4598159088687],[-89.3028038354989,48.4598137945691],[-89.3028166449003,48.459810928006],[-89.3028302599282,48.4598070016222],[-89.3028435090057,48.4598020433709],[-89.3028548808651,48.4597969148612],[-89.3028646841353,48.4597919194231],[-89.3028734407025,48.4597870807989],[-89.3028816371055,48.4597822992749],[-89.3028963207476,48.45977332018],[-89.3029240117152,48.4597557752326],[-89.3029514926201,48.4597380428407],[-89.3029655933423,48.4597285886513],[-89.30297308618,48.4597233263532],[-89.3029806312055,48.4597177526017],[-89.3029883826959,48.4597115997863],[-89.3029961510976,48.4597047745309],[-89.3030032050571,48.4596977359463],[-89.3030093214378,48.4596909338681],[-89.3030147020069,48.4596844326366],[-89.3030195728542,48.4596781764407],[-89.3030241548124,48.4596720231996],[-89.3030324876815,48.4596603343775],[-89.3030518612548,48.4596320169636],[-89.3030894947773,48.4595760342355],[-89.3030967593413,48.4595655796387],[-89.3031001280589,48.4595609550403],[-89.303103371741,48.4595567360258],[-89.303106296949,48.4595532215809],[-89.3031068361332,48.459552641254],[-89.3031085592832,48.4595524861888],[-89.3031149425711,48.459552119953],[-89.3031224352633,48.4595518466701],[-89.3031305474565,48.4595516617531],[-89.3031485985146,48.459551451485],[-89.3032151362193,48.4595510918361],[-89.3032629394068,48.4595506664085],[-89.3034145598363,48.4595488449995],[-89.3145915889074,48.4594065623175],[-89.3146110352219,48.4593996452442],[-89.3146865356672,48.4593738511551],[-89.3147035805419,48.4593679091161],[-89.314720737321,48.4593616913035],[-89.3147299518685,48.4593581741614],[-89.3147393198088,48.4593544011064],[-89.3147490927826,48.4593501646344],[-89.3147593439904,48.4593452599323],[-89.3147698432768,48.4593395341779],[-89.3147793558597,48.4593334989758],[-89.31478765216,48.4593275494308],[-89.3147949994432,48.4593217620408],[-89.3148017022126,48.459316080293],[-89.314807437962,48.4593109083603],[-89.3147409389418,48.4592639353162],[-89.3147440388797,48.4592605925035],[-89.31474778958,48.4592562108979],[-89.3147511335149,48.4592518680687],[-89.3147543490879,48.4592470824539],[-89.3147573649857,48.4592420111426],[-89.3147602176517,48.4592367415755],[-89.3147657724045,48.4592254496944],[-89.3147710669078,48.459213878734],[-89.3147894223351,48.4591723662992],[-89.3148105863624,48.4591250030513],[-89.3148155948629,48.4591133901581],[-89.314820193316,48.459101892585],[-89.3148221576386,48.4590963943659],[-89.3148238591497,48.4590909770134],[-89.3148252004961,48.4590857009692],[-89.3148261889878,48.4590802808704],[-89.3148268855287,48.4590746579085],[-89.3148273569515,48.459068903617],[-89.3148278603552,48.459056804654],[-89.3148280238419,48.4590382146491],[-89.3148277576713,48.4589690232259],[-89.3148277381139,48.4588808982246],[-89.314828710294,48.4572386587603],[-89.3148296845521,48.4555964242577],[-89.3147550130668,48.4486838906137],[-89.3147538273575,48.4485832790212],[-89.3147524745454,48.4485076645526],[-89.3147524260177,48.4484948191006],[-89.3147528001866,48.4484818409785],[-89.314753320534,48.4484750518969],[-89.3147541950308,48.4484681693135],[-89.3147556206375,48.4484610633018],[-89.3147578395468,48.4484537658769],[-89.3147609128167,48.4484466977861],[-89.3147645445565,48.4484400440313],[-89.3147684995357,48.4484337472647],[-89.314772706726,48.4484276433642],[-89.3147813007598,48.4484161445382],[-89.3147945781885,48.4483994373609],[-89.3148477151224,48.4483337444545],[-89.3149003061142,48.448268034618],[-89.3149395029412,48.4482186069274],[-89.3149741126901,48.4481742461836],[-89.3149830364311,48.4481630700092],[-89.3149877514333,48.4481573976503],[-89.3149926807025,48.4481517380738],[-89.3149979758631,48.4481460648348],[-89.3150038466795,48.4481403809094],[-89.3150106146561,48.4481347077184],[-89.3150187882912,48.4481291339983],[-89.3150288691822,48.4481240428379],[-89.3150403103561,48.4481202541081],[-89.3150515731905,48.4481178374649],[-89.3150623369119,48.4481163117077],[-89.3150727157437,48.4481153335379],[-89.3150828232031,48.4481146928316],[-89.3150928305756,48.4481142601784],[-89.3151122127641,48.4481137602978],[-89.3152073401439,48.4481124277135],[-89.3153112555738,48.4481104970779],[-89.3171717871665,48.4480729437087],[-89.3172571250305,48.4480713945613],[-89.3173427878606,48.4480702697771],[-89.3173613408019,48.4480699148859],[-89.3173701409337,48.4480696422168],[-89.3173785762835,48.4480692590309],[-89.3173863908602,48.4480687272986],[-89.317393273641,48.4480680181964],[-89.3173988072667,48.4480671437322],[-89.3174024732384,48.4480662412155],[-89.317404261314,48.4480655312881],[-89.3174057302654,48.4480645848613],[-89.3174079691904,48.4480624892541],[-89.3174106567893,48.4480591978552],[-89.3174134613534,48.4480549998649],[-89.3174162516444,48.4480501615499],[-89.3174189595625,48.4480449398075],[-89.3174243475395,48.4480335278678],[-89.3174479860314,48.4479794381299],[-89.3174528302459,48.4479677276351],[-89.317457094214,48.4479561943823],[-89.3174587713235,48.4479507891673],[-89.3174601039558,48.4479454520749],[-89.3174610571474,48.4479400389518],[-89.3174617116054,48.4479344213095],[-89.3174621393939,48.4479286075928],[-89.3174623948452,48.4479226920793],[-89.3174625804869,48.447910460025],[-89.317461558597,48.447822505313],[-89.3174607703128,48.4477344235291],[-89.3174339953631,48.4444952489189],[-89.3173075563934,48.4395042411962],[-89.3274812132469,48.4403083974837],[-89.3462351478502,48.439972705064],[-89.3463084468598,48.4415637330477],[-89.3463576705055,48.4426318474979],[-89.3466232388735,48.4483931211979],[-89.3471835894244,48.4605427871079],[-89.3471880521896,48.4606317025017],[-89.3603815127062,48.4603380350357],[-89.3605847871703,48.4614428677463],[-89.3608526439975,48.4670060725062],[-89.3608908433591,48.4678656961256],[-89.3610051542035,48.4704377926788],[-89.3614282197453,48.4799525166883],[-89.3615062431057,48.4817064217064],[-89.3618557253674,48.4895612378377],[-89.3618689434998,48.4898582655975],[-89.3625221627833,48.5045427470852],[-89.3629876386408,48.5149966643896],[-89.3629878366702,48.5150011823699],[-89.3581202201125,48.5149842958026],[-89.356419726463,48.5149419321366],[-89.3562759746483,48.5149178231364],[-89.3561302982103,48.5148995143438],[-89.3559832243605,48.5148870741318],[-89.3558352900475,48.5148805472835],[-89.355687031218,48.5148799570119],[-89.355538989624,48.51488530572],[-89.3553917019167,48.5148965734247],[-89.3552457051847,48.5149137203427],[-89.3551043743993,48.514936285112],[-89.3549612905667,48.5149532892667],[-89.3548169493247,48.5149646731711],[-89.354671849978,48.5149703978105],[-89.3545264954135,48.514970442994],[-89.3541105041883,48.5149715136386],[-89.3537920510249,48.514955974854],[-89.3534730191549,48.5149471140259],[-89.3531537258343,48.5149449417553],[-89.3528344878606,48.5149494587586],[-89.3527397442495,48.5149508590697],[-89.3526458405492,48.5149593400986],[-89.3525539729169,48.5149747937139],[-89.3524653090385,48.5149970232971],[-89.3523809774318,48.5150257466595],[-89.352171557445,48.5151149015723],[-89.3519678002381,48.5152096725191],[-89.3518974264414,48.5152434608874],[-89.3518217761261,48.5152717742449],[-89.3517418116807,48.5152942510124],[-89.3516585477871,48.5153106059209],[-89.3515730420732,48.515320632902],[-89.3514863814571,48.5153242026686],[-89.3513996662838,48.5153212711366],[-89.3512799959005,48.5153183454254],[-89.3511603183565,48.5153211150263],[-89.3510412450675,48.5153295656459],[-89.3502795797082,48.5153880613315],[-89.350143031017,48.515397361949],[-89.3500058169192,48.5153998344496],[-89.3498687100965,48.5153954648496],[-89.3497324823134,48.5153842778756],[-89.3495979003566,48.5153663370484],[-89.3494657218497,48.5153417420681]]]},"properties":{"OBJECTID":10,"BABY_ATOM":"80200","FIRE_AREA":"8B","FIRE_STATION":"STATION 8","GlobalID":"1d0ccfd8-6a24-4bb7-8252-14f6683da71c","Shape__Area":37031866.858642578,"Shape__Length":29047.189354836919}},{"type":"Feature","id":11,"geometry":{"type":"Polygon","coordinates":[[[-89.2857207898951,48.5156371124448],[-89.2854726343863,48.5156907701778],[-89.2853397322565,48.5157196172029],[-89.2853130996638,48.5157252449292],[-89.2852952710834,48.5157287975648],[-89.2852863129519,48.5157304573383],[-89.2852773130698,48.5157320018759],[-89.2852591058787,48.5157346946913],[-89.2852315732106,48.5157381368497],[-89.2849549693993,48.5157691599813],[-89.2849272799026,48.5157720068643],[-89.2849087779282,48.5157735664265],[-89.2848995021908,48.515774157306],[-89.2848901984733,48.5157745777927],[-89.2848808776627,48.5157748591607],[-89.2848715442042,48.51577504001],[-89.2848528521529,48.515775204266],[-89.2848247841328,48.5157752065137],[-89.2846937402774,48.5157748117236],[-89.2845813917301,48.5157747464595],[-89.2845533402582,48.5157745746655],[-89.2845346967635,48.5157741926724],[-89.2845254097627,48.5157738408339],[-89.2845161613249,48.5157733226795],[-89.2845069608376,48.5157725759421],[-89.2844977269939,48.515771539255],[-89.2844885436049,48.5157702694366],[-89.284470278141,48.5157672725251],[-89.2844430065998,48.5157621907165],[-89.2842887998929,48.5157319013422],[-89.2839621152873,48.5156682747121],[-89.2839168290677,48.5156592640897],[-89.2838988156095,48.5156554550323],[-89.2838808959079,48.5156514119822],[-89.2838630519528,48.515647216272],[-89.2838274585142,48.5156386367251],[-89.2832793137039,48.5155056182657],[-89.2820579526534,48.5152092197171],[-89.2818444696985,48.5151575457484],[-89.2818089702638,48.5151488125609],[-89.2817913487047,48.5151442540294],[-89.2817739365853,48.5151393836359],[-89.2817569685849,48.5151340896593],[-89.2817402088737,48.5151284883424],[-89.2817069430642,48.5151169018879],[-89.2815991224405,48.5150788079366],[-89.2813418793678,48.5149881681873],[-89.2812009212522,48.5149382517222],[-89.2811842689794,48.5149325069378],[-89.2811674907954,48.514927003974],[-89.2811590149375,48.5149244161618],[-89.2811504505262,48.5149219974535],[-89.2811417625029,48.5149198115247],[-89.2811328961,48.5149179053473],[-89.2811239061254,48.5149162328483],[-89.2811148262842,48.5149147303788],[-89.2810964945025,48.5149120545498],[-89.2810780353735,48.51490961877],[-89.2809298153603,48.514891159057],[-89.2807354410362,48.5148665215276],[-89.2807076337601,48.5148633019883],[-89.2806890426195,48.5148615444559],[-89.2806797162885,48.5148608853813],[-89.2806703283606,48.5148604227671],[-89.2806609178921,48.5148601216496],[-89.2806420544588,48.5148598396569],[-89.2806137031589,48.5148598249003],[-89.2803772406477,48.5148611719053],[-89.2770387064715,48.5148777630472],[-89.2729554491834,48.5148687259414],[-89.2634491542212,48.514825498956],[-89.2533905060364,48.5147816899595],[-89.2525396339742,48.5147857186857],[-89.2498109910317,48.5147875684514],[-89.2476611048422,48.5147883049769],[-89.2474432659449,48.5147882820187],[-89.2474148615212,48.5147883797756],[-89.2473959379703,48.5147886000463],[-89.2473770374155,48.5147890951796],[-89.2473676597219,48.5147894987788],[-89.2473489248636,48.5147905556965],[-89.2473114981933,48.5147931527325],[-89.2471337937179,48.5148064025435],[-89.2469654108645,48.5148187790544],[-89.2469280217488,48.5148216442488],[-89.2469093721332,48.5148232509597],[-89.2469000717767,48.5148241478575],[-89.2468907958515,48.5148251378485],[-89.2468725846809,48.514827410783],[-89.2468544439385,48.5148299594536],[-89.2468272912938,48.5148340174893],[-89.2467368551675,48.5148478820047],[-89.2466372800605,48.5148629559764],[-89.2466103236781,48.5148673799143],[-89.246601434808,48.5148690074251],[-89.2465926303391,48.5148707673457],[-89.2465839437773,48.5148727130054],[-89.2465754174626,48.5148749137557],[-89.2465670009711,48.5148774542555],[-89.2465587489446,48.5148802533625],[-89.2465506149043,48.5148832400065],[-89.2465345797313,48.5148895803304],[-89.2465108137744,48.5148995436207],[-89.2462979247541,48.514990778707],[-89.2462742185512,48.5150008397507],[-89.2462583079766,48.5150073962356],[-89.2462502854769,48.5150105786194],[-89.2462421907511,48.5150136589447],[-89.2462339949891,48.515016598186],[-89.2462256619392,48.5150193421682],[-89.2462173244829,48.5150218028233],[-89.2462088527233,48.515024074459],[-89.2462002841458,48.5150262085272],[-89.2461829563788,48.5150302086668],[-89.2461654884173,48.5150340091032],[-89.246025090707,48.5150634976518],[-89.2459986443477,48.5150686483617],[-89.245989776914,48.5150702106265],[-89.2459808644769,48.5150716433094],[-89.2459717617425,48.5150729375501],[-89.2459534334001,48.5150751667397],[-89.245935007172,48.5150771117255],[-89.2459165342287,48.515078919063],[-89.2457685455149,48.5150927815463],[-89.2454634102787,48.5151216329674],[-89.245417158718,48.5151259050429],[-89.2453612061001,48.515130742497],[-89.2450440211259,48.5151575858426],[-89.2449040770289,48.5151696626479],[-89.2448854237975,48.515171130543],[-89.2448667818056,48.5151723318982],[-89.2448574697955,48.5151727529048],[-89.2448481644043,48.5151729866394],[-89.2448388720041,48.5151729627993],[-89.2448297217361,48.5151726311799],[-89.2448205833844,48.5151720483048],[-89.2448114532038,48.5151712826261],[-89.2448023280072,48.5151703845903],[-89.2447840884167,48.5151683426818],[-89.2447476204918,48.5151638393662],[-89.2446564961763,48.5151522616376],[-89.2446383644782,48.5151497497459],[-89.244629342313,48.5151483944272],[-89.2446203656822,48.5151469356513],[-89.2446114491936,48.5151453362445],[-89.2446024353806,48.5151435264013],[-89.2445845810568,48.5151395074545],[-89.2445580287201,48.5151329491214],[-89.2442232293748,48.5150463487082],[-89.2441967559013,48.5150396115086],[-89.2441790277791,48.5150353210207],[-89.2441701142232,48.515033296854],[-89.2441611493212,48.5150313978496],[-89.2441521149619,48.5150296738455],[-89.2441431873949,48.5150281906828],[-89.2441341927985,48.5150268761749],[-89.244116070622,48.5150245781491],[-89.2440795708124,48.5150206060798],[-89.2440155212182,48.5150141014554],[-89.2439788883047,48.5150106106021],[-89.2439605308384,48.5150091169933],[-89.2439511625096,48.5150084773533],[-89.2439323964668,48.5150073911846],[-89.2438853976685,48.5150051722286],[-89.2432083322425,48.5149751714434],[-89.2431707343448,48.5149733780268],[-89.2431425789505,48.5149717577024],[-89.2431238413273,48.5149704864049],[-89.2430863912149,48.5149677462717],[-89.2423563323812,48.5149128759762],[-89.2261407437202,48.5152763832986],[-89.2256377452586,48.4921912958797],[-89.2255561969743,48.4915739509617],[-89.225553821119,48.491555240386],[-89.2255523989809,48.4915427617401],[-89.2255512606608,48.4915302731052],[-89.2255508543868,48.491523992797],[-89.2255503027435,48.4915114244342],[-89.2255497076632,48.4914862706799],[-89.2255338138938,48.4905176154635],[-89.2255334317998,48.4904609681586],[-89.2254873788864,48.4799552041592],[-89.2254870743573,48.4799237556636],[-89.2254864871888,48.4798924044074],[-89.2254651654696,48.4788829231408],[-89.2254623310364,48.4787575148965],[-89.2254619793868,48.47873244096],[-89.2254621336266,48.478719916501],[-89.2254628206215,48.4787074132263],[-89.225464300748,48.4786949746843],[-89.2254663121979,48.4786825555549],[-89.2254709925975,48.4786577441645],[-89.2254881730347,48.4785709347246],[-89.2255465928783,48.4782732839395],[-89.2255488305669,48.4782608712276],[-89.2255507902489,48.4782484449997],[-89.2255522370824,48.4782359576147],[-89.2255531669327,48.4782234073533],[-89.2255545645488,48.4781919844029],[-89.2255597100175,48.4780473736878],[-89.2255692947459,48.4777850901893],[-89.2256251933167,48.4762555507394],[-89.225707880754,48.4742431037482],[-89.2257094737248,48.4741990790363],[-89.2257101776236,48.474155114712],[-89.2257260542264,48.4727293214086],[-89.2257262889962,48.4727041974162],[-89.2257262926317,48.4726853561837],[-89.2257259086272,48.4726664999577],[-89.2257246791429,48.4726350630258],[-89.2255864560661,48.4694888151351],[-89.225585136169,48.4694574402184],[-89.2255845154167,48.4694386128562],[-89.2255839326366,48.4693946140126],[-89.2255673469361,48.4671064776181],[-89.2255171951389,48.4648649029069],[-89.22549954858,48.4641491191284],[-89.2254989965522,48.4641240031284],[-89.2254987692365,48.4641051663403],[-89.2254988618506,48.4640864682186],[-89.225499231082,48.4640615368342],[-89.2255086472901,48.4635255059507],[-89.2254823012004,48.4617709976275],[-89.2305193199938,48.4598605804679],[-89.2351478629897,48.4580820380139],[-89.2379740069231,48.4568507143865],[-89.2383943426584,48.4566386878009],[-89.2388126593102,48.4564249048939],[-89.2395310522915,48.4560511883192],[-89.2402432780881,48.4556722887912],[-89.240949252113,48.4552882530577],[-89.2416488910211,48.454899125144],[-89.2422753004178,48.4545433212074],[-89.2428964138965,48.4541834360198],[-89.2435121720778,48.4538195041144],[-89.2441225129649,48.4534515618754],[-89.2447273812845,48.4530796446568],[-89.250959934641,48.4495985447971],[-89.251500337067,48.4503588227469],[-89.2515737004815,48.450447888862],[-89.2516549203201,48.4505338851133],[-89.2517437057838,48.4506165049702],[-89.2518397423393,48.4506954558624],[-89.251942686114,48.4507704547906],[-89.2520521709708,48.4508412353866],[-89.2521678084286,48.4509075461157],[-89.2522891862712,48.4509691494042],[-89.2524158715285,48.4510258278799],[-89.2525474129011,48.4510773780263],[-89.2537459663325,48.4515269883562],[-89.2551342687955,48.451989653523],[-89.2564597648645,48.4524553020332],[-89.2569914720357,48.4526780546713],[-89.2580468587304,48.4530722617727],[-89.2597257388755,48.4537444503439],[-89.2624588090556,48.4548275353157],[-89.2630973104089,48.4551914936598],[-89.2632337285233,48.4552691178631],[-89.2632622221859,48.4552856143387],[-89.2632761822071,48.45529405896],[-89.2632830145986,48.4552983835948],[-89.263289683801,48.4553027798197],[-89.263302730942,48.4553117750404],[-89.2633282528752,48.4553301564254],[-89.2634547298567,48.4554228359295],[-89.2641003294419,48.4558951206363],[-89.2658025224295,48.4571611009772],[-89.2668234130436,48.4579176136556],[-89.2688571107289,48.4594415276619],[-89.2690280603442,48.4595486346001],[-89.2692043741206,48.4596518233069],[-89.2693858479563,48.4597509763208],[-89.2695722738095,48.4598459789577],[-89.2697634371154,48.459936722061],[-89.2699591167064,48.4600231002047],[-89.2701590890269,48.4601050152081],[-89.2721656539229,48.460718247973],[-89.2721935158151,48.4607267624145],[-89.2726335896496,48.4608612475563],[-89.2727225096387,48.4608884216103],[-89.2794797657652,48.4629131481515],[-89.2850546102458,48.4647279840355],[-89.2851222279893,48.4647504954077],[-89.2871058294969,48.4654148386326],[-89.2871310617247,48.4654234278443],[-89.2871477595073,48.4654293012987],[-89.2871560384706,48.4654323226405],[-89.287164239364,48.4654354130138],[-89.2871805012949,48.4654417629897],[-89.2872207920286,48.4654580702821],[-89.2878799362656,48.4657274538971],[-89.2879120363405,48.4657406497286],[-89.287935962811,48.465750671915],[-89.2879833761607,48.4657710489199],[-89.2886458266463,48.4660577470173],[-89.2888194215838,48.4661327497081],[-89.2888429012762,48.4661431476868],[-89.2888583041092,48.4661502999859],[-89.2888658656374,48.4661539994822],[-89.2888806570558,48.4661617253765],[-89.2888951400126,48.4661697219276],[-89.2889166036292,48.4661819486731],[-89.2890589225002,48.4662641395696],[-89.2895859203951,48.4665678855064],[-89.2896214441227,48.4665884705945],[-89.2896496048109,48.466605199322],[-89.2896914378046,48.4666306946047],[-89.2910212359995,48.4674446975657],[-89.2910074644612,48.4674633893457],[-89.2910157547987,48.4675846277129],[-89.2910216718171,48.4676711612143],[-89.291179458829,48.4699786700829],[-89.2914762363516,48.4743180427492],[-89.2915078309065,48.4747799478368],[-89.2927009545563,48.5003625649702],[-89.2933470887357,48.5142041936708],[-89.2933635368312,48.5145564223764],[-89.2933796390235,48.5145453389034],[-89.2934105887566,48.5148697118423],[-89.2919103407288,48.5149139486711],[-89.2916605460537,48.5149249074115],[-89.2914102925265,48.5149292401724],[-89.2911599780295,48.514926939028],[-89.2909100010133,48.514918008641],[-89.2906607589808,48.5149024626936],[-89.2904126472141,48.5148803257122],[-89.2898590821466,48.5148701941843],[-89.289724854232,48.514869743446],[-89.2895151502725,48.514875215714],[-89.2893052944976,48.5148765698786],[-89.2890954710488,48.5148738040753],[-89.2888858615641,48.5148669209889],[-89.2887805500608,48.5148598216538],[-89.2886747668511,48.5148572797157],[-89.2885689579784,48.514859306995],[-89.2884635712201,48.5148658936854],[-89.2883601528664,48.5148897185509],[-89.2882605184571,48.5149198327232],[-89.2881655351332,48.5149559760412],[-89.2880760256701,48.514997835245],[-89.2879927672062,48.5150450458001],[-89.2879164820564,48.5150971983773],[-89.2878478324215,48.515153841657],[-89.2877874122699,48.5152144824895],[-89.287735749136,48.5152785957559],[-89.2876257465912,48.5154440533155],[-89.2871129430205,48.5162153593914],[-89.2870462025827,48.516304766389],[-89.286520271791,48.5160597882884],[-89.2860644515689,48.5158041314447],[-89.2859937902023,48.5157620840684],[-89.2859196678981,48.5157227532993],[-89.285822505216,48.5156775992419],[-89.2857207898951,48.5156371124448]]]},"properties":{"OBJECTID":11,"BABY_ATOM":"20500","FIRE_AREA":"2E","FIRE_STATION":"STATION 2","GlobalID":"9a202936-9dea-4fc5-8b42-3ad93b226c2a","Shape__Area":31072668.908569336,"Shape__Length":22303.487134843355}},{"type":"Feature","id":12,"geometry":{"type":"Polygon","coordinates":[[[-89.1511858887288,48.4763370128466],[-89.152183638211,48.4762906585958],[-89.1553916216862,48.4781029928705],[-89.1609089771651,48.4759056083502],[-89.1613141952873,48.475741150676],[-89.1617147799511,48.4755717500824],[-89.1621105941568,48.4753974640748],[-89.1625015023012,48.4752183510334],[-89.1628873730351,48.4750344737585],[-89.1632680735873,48.4748458932786],[-89.1636434754408,48.4746526750421],[-89.1636485602105,48.4746502500337],[-89.1636490230525,48.4746500289947],[-89.1643388127616,48.4743484386177],[-89.16446035039,48.4743039758025],[-89.1645862926576,48.474265309662],[-89.1647160130259,48.4742326292161],[-89.1648488690568,48.4742060994943],[-89.1649842032288,48.4741858489237],[-89.1651213447466,48.4741719800924],[-89.1652596146041,48.4741645615566],[-89.1653983256211,48.47416362874],[-89.1655367920214,48.4741691864524],[-89.1656743267272,48.474181208941],[-89.1658102492404,48.4741996343437],[-89.1659438860242,48.4742243736785],[-89.1660745741751,48.4742553017775],[-89.1662016645472,48.4742922671245],[-89.1663245309854,48.4743350862829],[-89.1664425609751,48.4743835467701],[-89.1665551719429,48.47443740855],[-89.1666402742824,48.4744793343549],[-89.1667307822223,48.4745159165107],[-89.1668259357024,48.47454684722],[-89.1669249429605,48.4745718687691],[-89.1670269723828,48.474590772782],[-89.1671311727863,48.4746033998391],[-89.1672366722972,48.4746096448966],[-89.1673425891318,48.4746094561843],[-89.1674480369667,48.4746028342044],[-89.1677017365609,48.4745703877243],[-89.1679533527973,48.4745314200731],[-89.1682025037878,48.4744859897454],[-89.1684488162213,48.4744341658742],[-89.1686372775371,48.4743796072994],[-89.1688234774663,48.4743217188891],[-89.1689798661488,48.4742599575],[-89.1701044408913,48.4737436121162],[-89.1720198772646,48.4728556373302],[-89.1723950855504,48.4726724627071],[-89.1729246159564,48.4724230064644],[-89.1730656136714,48.4723489916313],[-89.1731998547501,48.4722696168531],[-89.1733268813004,48.4721851544221],[-89.1734462551359,48.4720958942537],[-89.1735575698672,48.4720021418578],[-89.1736604427902,48.4719042184918],[-89.1764502524855,48.4693032931485],[-89.1765330762365,48.469232680541],[-89.1766237098304,48.4691664457122],[-89.1767216324044,48.4691049691852],[-89.1768262786902,48.4690486053317],[-89.1769370482469,48.4689976768],[-89.1770533042625,48.4689524781369],[-89.17717437734,48.4689132694182],[-89.1772995695134,48.468880275274],[-89.177428163749,48.4688536856084],[-89.1775594170693,48.4688336530311],[-89.177692576851,48.4688202943489],[-89.1777939407395,48.4688152309681],[-89.1779429600715,48.4688155561566],[-89.1799867121187,48.4688256312825],[-89.1821655913437,48.468870830557],[-89.1831707955148,48.4688737227175],[-89.1850403600078,48.4688768934301],[-89.1877878191703,48.4688850896798],[-89.1896027074106,48.4688934295043],[-89.1906968442547,48.4688984436303],[-89.1917329055026,48.4689016297113],[-89.1918695306609,48.4689043422147],[-89.1920001039138,48.4689051077035],[-89.1921728011274,48.4689127503887],[-89.1923447769419,48.4689257230321],[-89.192515660876,48.4689439985087],[-89.192685081866,48.4689675362105],[-89.1928526738274,48.4689962855403],[-89.1930180769674,48.4690301849857],[-89.193180929635,48.4690691613758],[-89.1932851530294,48.4690952646377],[-89.1934673949459,48.4691543963622],[-89.1936461640168,48.4692180431574],[-89.1938212074988,48.469286116288],[-89.1939922776641,48.4693585179269],[-89.1941591320714,48.4694351474483],[-89.1943215359982,48.4695158950827],[-89.1945686817582,48.4696096860363],[-89.1947453594567,48.4696710137489],[-89.1949266588552,48.4697260557104],[-89.1951120740282,48.4697746587025],[-89.1953010875745,48.4698166859238],[-89.1954931748674,48.4698520214073],[-89.1956877984928,48.4698805665281],[-89.1958844150485,48.4699022407733],[-89.1960824793175,48.4699169843622],[-89.1962814374706,48.4699247574759],[-89.1964807349851,48.4699255356077],[-89.1966798170727,48.4699193194523],[-89.1969564154859,48.4698950766895],[-89.1971148598427,48.4698800627807],[-89.1972781674443,48.4698571065695],[-89.1974397165402,48.469829183048],[-89.1975991646443,48.4697963518498],[-89.1977561736788,48.4697586806233],[-89.1979104143019,48.4697162512474],[-89.1980615574472,48.4696691518954],[-89.1991394073925,48.4693202176788],[-89.2012526906589,48.4686494562792],[-89.2018563938922,48.4684580578149],[-89.2027026703405,48.4681755895582],[-89.2028735098512,48.4681066023668],[-89.2030387371945,48.4680318130009],[-89.2031979051012,48.4679514225918],[-89.203350585977,48.4678656489899],[-89.2034963690432,48.467774723221],[-89.203634861689,48.4676788894594],[-89.2037656881585,48.4675784059529],[-89.2038885002871,48.467473543017],[-89.2040029640615,48.4673645850918],[-89.204108771474,48.4672518233162],[-89.2052852136139,48.465964674215],[-89.205864625202,48.4653307132571],[-89.2060482284656,48.4651298214686],[-89.206150379804,48.4650140714828],[-89.2062613900606,48.4649019879295],[-89.2063809650595,48.464793869736],[-89.2065087846,48.4646900082304],[-89.2066445048094,48.4645906789994],[-89.2067877638623,48.4644961489771],[-89.2069381803558,48.4644066701779],[-89.2070953493712,48.4643224824721],[-89.2072588518196,48.4642438107073],[-89.2074282517379,48.4641708647611],[-89.2076030935847,48.4641038395931],[-89.2077829117418,48.4640429159626],[-89.2079672235202,48.4639882551648],[-89.2081555388561,48.4639400042436],[-89.2083473519656,48.4638982907531],[-89.2085421510792,48.46386322887],[-89.2087394139562,48.4638349095818],[-89.2089386150722,48.4638134104471],[-89.2093773609899,48.4637900888782],[-89.2120796549936,48.4637492829221],[-89.2148300674581,48.4637231755105],[-89.214998228036,48.4672398248971],[-89.2150954447609,48.4672110700753],[-89.2178298075325,48.4655490115943],[-89.2201613128311,48.4641317451926],[-89.2205781283605,48.4639084592472],[-89.2210003819556,48.4636897408554],[-89.2214279598033,48.4634756470392],[-89.2218607468636,48.4632662375444],[-89.2222986278281,48.4630615658246],[-89.2254823012004,48.4617709976275],[-89.2255086472901,48.4635255059507],[-89.225499231082,48.4640615368342],[-89.2254988618506,48.4640864682186],[-89.2254987692365,48.4641051663403],[-89.2254989965522,48.4641240031284],[-89.22549954858,48.4641491191284],[-89.2255171951389,48.4648649029069],[-89.2255673469361,48.4671064776181],[-89.2255839326366,48.4693946140126],[-89.2255845154167,48.4694386128562],[-89.225585136169,48.4694574402184],[-89.2255864560661,48.4694888151351],[-89.2257246791429,48.4726350630258],[-89.2257259086272,48.4726664999577],[-89.2257262926317,48.4726853561837],[-89.2257262889962,48.4727041974162],[-89.2257260542264,48.4727293214086],[-89.2257101776236,48.474155114712],[-89.2257094737248,48.4741990790363],[-89.225707880754,48.4742431037482],[-89.2256251933167,48.4762555507394],[-89.2255692947459,48.4777850901893],[-89.2255597100175,48.4780473736878],[-89.2255545645488,48.4781919844029],[-89.2255531669327,48.4782234073533],[-89.2255522370824,48.4782359576147],[-89.2255507902489,48.4782484449997],[-89.2255488305669,48.4782608712276],[-89.2255465928783,48.4782732839395],[-89.2254881730347,48.4785709347246],[-89.2254709925975,48.4786577441645],[-89.2254663121979,48.4786825555549],[-89.225464300748,48.4786949746843],[-89.2254628206215,48.4787074132263],[-89.2254621336266,48.478719916501],[-89.2254619793868,48.47873244096],[-89.2254623310364,48.4787575148965],[-89.2254651654696,48.4788829231408],[-89.2254864871888,48.4798924044074],[-89.2254870743573,48.4799237556636],[-89.2254873788864,48.4799552041592],[-89.2255334317998,48.4904609681586],[-89.2255338138938,48.4905176154635],[-89.2255497076632,48.4914862706799],[-89.2255503027435,48.4915114244342],[-89.2255508543868,48.491523992797],[-89.2255512606608,48.4915302731052],[-89.2255523989809,48.4915427617401],[-89.225553821119,48.491555240386],[-89.2255561969743,48.4915739509617],[-89.2256377452586,48.4921912958797],[-89.2261407437202,48.5152763832986],[-89.1821227935425,48.5163275655517],[-89.1822160895468,48.5145281731483],[-89.1822198373802,48.5144717410833],[-89.1822969461998,48.5133686998774],[-89.1823067507555,48.5132308175739],[-89.1823079065584,48.5132120176508],[-89.1823083987359,48.5131994878487],[-89.1823084050089,48.5131869636635],[-89.1823081244656,48.5131807177478],[-89.182307118067,48.5131682307636],[-89.1823042417859,48.5131432677738],[-89.1822881469536,48.5130184736235],[-89.1822124861098,48.512425691999],[-89.1822021841585,48.5123445691135],[-89.1821936402228,48.512275903663],[-89.1821902036329,48.5122509764861],[-89.1821880199501,48.5122385703085],[-89.1821866796515,48.5122323993732],[-89.1821850874938,48.5122262602059],[-89.1821831775656,48.5122201315639],[-89.182181013111,48.5122140356402],[-89.1821761831134,48.5122019054796],[-89.1821682984028,48.5121837916489],[-89.1821192797861,48.5120753246313],[-89.1817724718853,48.511303780506],[-89.1817180637343,48.5111832567213],[-89.1817127369316,48.511171188144],[-89.1817076377091,48.5111590900591],[-89.1817030069812,48.5111469282079],[-89.1817009932058,48.5111408069246],[-89.1816992515419,48.5111346525905],[-89.1816963713519,48.511122262308],[-89.1816939596939,48.5111098091584],[-89.1816917741843,48.5110973247292],[-89.1816689765338,48.5109598338801],[-89.1815130507411,48.5100288491072],[-89.1815003665799,48.5099538569933],[-89.1814882982559,48.5098850693515],[-89.1814863010004,48.5098725831468],[-89.1814847498385,48.5098601424674],[-89.1814842918377,48.5098539547945],[-89.181484169798,48.5098478021389],[-89.1814845210644,48.5098416980916],[-89.1814855251949,48.5098356617412],[-89.1814873237864,48.5098297110967],[-89.1814897752028,48.5098238272501],[-89.1814926972573,48.509817992962],[-89.181495957939,48.5098121927409],[-89.1815031117536,48.5098006576832],[-89.18151071444,48.509789169897],[-89.1815691883154,48.5097031746607],[-89.1815846467465,48.5096802284696],[-89.1815960504712,48.5096629751941],[-89.1816033856198,48.5096514070008],[-89.1816068985893,48.5096455857979],[-89.1816102541904,48.5096397261916],[-89.1816163662969,48.5096279931459],[-89.1816220199439,48.5096161473307],[-89.1816301056189,48.5095982821755],[-89.1817435775848,48.5093416337154],[-89.1817542674289,48.5093177873307],[-89.1817625529021,48.5092999417691],[-89.1817798832234,48.5092643397121],[-89.1819201533419,48.5089798575736],[-89.18198467397,48.5088495020122],[-89.181990411759,48.5088376329879],[-89.1819958933763,48.5088257265345],[-89.1820008544968,48.5088137444783],[-89.1820030012094,48.5088077044486],[-89.1820048601343,48.5088015844033],[-89.1820064710848,48.5087954285732],[-89.182009207899,48.5087830460372],[-89.1820126876945,48.508764381076],[-89.182037284015,48.5086209791284],[-89.1821161561036,48.5081659525778],[-89.1821368134229,48.5080475258947],[-89.1821408927558,48.5080225830204],[-89.182142591929,48.5080100968973],[-89.1821437842978,48.5079975700017],[-89.182144467118,48.5079850014859],[-89.1821451518132,48.5079598359814],[-89.1821477884794,48.5078024828617],[-89.1821909230576,48.505354155749],[-89.182190980517,48.5053289823365],[-89.182190296866,48.5053042071595],[-89.1821790827065,48.5050440890062],[-89.1822924658545,48.5031596866934],[-89.1822970525765,48.5030843085323],[-89.1823014416164,48.50301520336],[-89.1823026903227,48.5029900892183],[-89.1823028207899,48.5029775545609],[-89.1823026225573,48.502971299877],[-89.1823021540368,48.5029650566177],[-89.1823013588358,48.5029588357496],[-89.1823002947771,48.5029526280783],[-89.1822990361098,48.5029464285968],[-89.1822945817813,48.5029278610124],[-89.1822615374206,48.5028042276006],[-89.182159828531,48.502420928541],[-89.1821419241153,48.5023528795847],[-89.1821260107748,48.5022909028538],[-89.1821226391845,48.5022785659732],[-89.1821188536026,48.502266362005],[-89.182116664918,48.5022603529053],[-89.1821141650529,48.5022544432781],[-89.1821112243714,48.5022486724704],[-89.18210767992,48.5022430921574],[-89.1821033912021,48.5022377409926],[-89.1820984960478,48.5022325812726],[-89.1820931614303,48.5022275603463],[-89.1820875129275,48.5022226389433],[-89.1820816453509,48.5022177864747],[-89.1820633267302,48.5022034567771],[-89.1820008871312,48.5021561262938],[-89.1819326001211,48.5021039366201],[-89.1813688260444,48.5016718318059],[-89.1813253605778,48.501638626697],[-89.1812568151104,48.5015865332949],[-89.1812446392197,48.5015769616893],[-89.18123871935,48.5015721173669],[-89.1812329862044,48.5015672074238],[-89.1812275158482,48.5015622061254],[-89.181222417702,48.5015570763084],[-89.1812178277017,48.5015517677107],[-89.1812138776838,48.5015462607383],[-89.1812104345745,48.501540577708],[-89.1812073596552,48.5015347671352],[-89.1812045474475,48.5015288634094],[-89.1812019206879,48.5015228958868],[-89.1811970059848,48.501510842853],[-89.1811622371518,48.5014197117612],[-89.1811035417758,48.5012680827744],[-89.1810775409132,48.5012013675622],[-89.181048677956,48.5011285615183],[-89.1810443199684,48.5011164502391],[-89.1810424075805,48.5011104079899],[-89.1810407868818,48.5011043800051],[-89.1810395799663,48.5010983720677],[-89.1810389551142,48.5010923935839],[-89.1810391306957,48.50108645391],[-89.1810402877079,48.5010805433169],[-89.1810422506412,48.501074673229],[-89.1810447969511,48.5010688316701],[-89.1810477597869,48.5010630110062],[-89.1810510129578,48.5010572046324],[-89.1810580538597,48.5010456186396],[-89.1811029990292,48.5009762350368],[-89.1811511172239,48.5009010420592],[-89.181855825576,48.4997961782226],[-89.1818704426955,48.4997730040766],[-89.1818775567922,48.4997613653578],[-89.1818876729829,48.4997437522546],[-89.1819004434666,48.4997200732921],[-89.1821793158179,48.4991918532284],[-89.1822076250656,48.4991384496961],[-89.1822393466377,48.4990791386578],[-89.182245545998,48.4990672617437],[-89.1822514217945,48.4990553531782],[-89.182254129968,48.4990493771606],[-89.1822565960885,48.4990433760432],[-89.1822587196328,48.4990373418359],[-89.1822603714006,48.4990312607941],[-89.1822614447617,48.4990251403387],[-89.1822620464239,48.4990189748468],[-89.1822623094913,48.4990127743901],[-89.182262329231,48.4990065506572],[-89.1822621776829,48.4990003103794],[-89.1822615645533,48.498987797916],[-89.1822562980123,48.4989125706069],[-89.182251331939,48.4988373726869],[-89.182183906444,48.4977972587223],[-89.1821751009015,48.4976594042671],[-89.1821732388032,48.4976343554054],[-89.182171974983,48.4976218525812],[-89.1821711695858,48.4976156121072],[-89.1821702066639,48.4976093602252],[-89.1821679339236,48.4975968801355],[-89.1821627200823,48.4975719605234],[-89.1820672104013,48.4971361348882],[-89.1820361188304,48.4969928890881],[-89.1820315530031,48.4969742939034],[-89.1820297982006,48.4969681371131],[-89.182027841816,48.4969620147363],[-89.1820256100337,48.4969559416687],[-89.182023041366,48.4969499361711],[-89.1820201986533,48.4969439799569],[-89.1820139676513,48.4969321615494],[-89.1820073255262,48.4969204157182],[-89.182000493957,48.4969087031702],[-89.1819624575297,48.496844365803],[-89.1819177307318,48.4967682906993],[-89.1810036573806,48.4952114849771],[-89.1809831784766,48.4951763351537],[-89.1809732959854,48.4951587188348],[-89.1809575707794,48.4951293306716],[-89.180752953732,48.4947406857958],[-89.1815231493161,48.4937428914645],[-89.1815400574913,48.4937204935369],[-89.1815556933238,48.4936988233131],[-89.1815940548866,48.493644402429],[-89.18160153585,48.4936334756332],[-89.181608728491,48.4936224859254],[-89.1816121308006,48.4936169493142],[-89.1816153390804,48.4936113704964],[-89.1816182809126,48.4936057337505],[-89.1816209321118,48.4935999486634],[-89.1816233127673,48.4935941048261],[-89.1816275302084,48.4935822979046],[-89.1816313336599,48.4935704016632],[-89.1816349430038,48.4935584614172],[-89.1816596435928,48.4934747464464],[-89.1816628997588,48.4934627778073],[-89.1816643820188,48.4934567863559],[-89.1816657096646,48.4934507879395],[-89.1816668230301,48.4934447800905],[-89.1816676447507,48.4934387579779],[-89.1816681111433,48.49343268862],[-89.1816682831861,48.4934266050498],[-89.1816682409104,48.4934205111481],[-89.1816677385812,48.4934083033754],[-89.1816664681701,48.4933899641799],[-89.1816639292427,48.4933593849549],[-89.1816621195201,48.4933410640833],[-89.1816605262762,48.4933288904926],[-89.1816595012101,48.4933228269232],[-89.1816582457096,48.4933167875171],[-89.1816566702454,48.4933106417133],[-89.1816548535267,48.4933045202781],[-89.1816528656538,48.4932984164838],[-89.1816485569526,48.4932862413006],[-89.181636980099,48.4932558892362],[-89.1816321535354,48.4932437904514],[-89.1816270862964,48.49323176101],[-89.1816243829319,48.4932257967431],[-89.1816214990211,48.4932198835849],[-89.1816183597483,48.4932140445473],[-89.1816148702028,48.4932083075217],[-89.1816109270905,48.4932026627705],[-89.1816066283342,48.4931971210329],[-89.1816020728637,48.4931916534414],[-89.1815924671608,48.4931808598981],[-89.1815825031894,48.4931701712169],[-89.1815317246278,48.4931170023965],[-89.1814659748603,48.4930478072938],[-89.18145044116,48.4930320184267],[-89.181439644569,48.4930217036086],[-89.181434044025,48.493016675095],[-89.1814224928565,48.4930067875539],[-89.1813987062098,48.4929873421443],[-89.1812904477063,48.4929004240688],[-89.1807077366355,48.4924317053896],[-89.1805995018006,48.4923447781198],[-89.180575576506,48.4923253990484],[-89.1805638040364,48.4923156145849],[-89.1805523404584,48.4923056785112],[-89.1805467806215,48.4923006167931],[-89.1805359459943,48.4922903538953],[-89.1805253300234,48.4922799815852],[-89.1804468435979,48.4922016270171],[-89.1803838372138,48.4921390183392],[-89.1803683962152,48.4921232617588],[-89.1803585585696,48.4921126038673],[-89.1803539079578,48.4921071848149],[-89.1803495309469,48.4921016751038],[-89.1803455438082,48.4920961346113],[-89.1803418208413,48.4920905045387],[-89.1803382927187,48.4920848095925],[-89.1803349007014,48.4920790688804],[-89.1803283768596,48.4920674997506],[-89.1803126778635,48.4920383746124],[-89.1803005669684,48.4920149855697],[-89.1802949727532,48.4920032197767],[-89.1802924230609,48.4919972984519],[-89.1802901260972,48.4919913363489],[-89.1802881637387,48.4919854119912],[-89.180284911225,48.4919734560665],[-89.1802821843787,48.4919614164031],[-89.1802797129664,48.4919493359101],[-89.1802693307572,48.4918948647634],[-89.1802663290382,48.4918767005152],[-89.1802648968187,48.4918645796352],[-89.1802644999373,48.4918585140454],[-89.1802643897172,48.4918523467532],[-89.1802645188507,48.4918461740255],[-89.1802648238088,48.4918399979658],[-89.1802657677918,48.4918276395158],[-89.1802676022861,48.4918090921102],[-89.1802696603268,48.4917905494654],[-89.1802711828263,48.4917782034448],[-89.1802729802645,48.4917658927014],[-89.1802740654127,48.4917597603386],[-89.1802753438489,48.4917536531038],[-89.1802768916983,48.4917475785518],[-89.1802787649916,48.4917415491165],[-89.180280906384,48.4917355532885],[-89.180283242378,48.491729581664],[-89.1802882885753,48.4917176844068],[-89.1802990820861,48.4916939836718],[-89.1803103809452,48.4916703885232],[-89.1803164214627,48.491658699151],[-89.1803196478733,48.4916529112892],[-89.1803230825228,48.4916471815616],[-89.1803266714512,48.4916416720408],[-89.1803304603491,48.4916362172121],[-89.1803384367692,48.4916254178632],[-89.1803551444622,48.4916040297886],[-89.1803807359242,48.4915721058767],[-89.1803937836413,48.4915562439604],[-89.1804027721682,48.4915457835146],[-89.1804075585572,48.4915404528347],[-89.1804173763941,48.4915298875987],[-89.1804324308187,48.4915141684911],[-89.1805287301661,48.4914149855808],[-89.1805491151806,48.4913941602849],[-89.1805647922991,48.4913787280646],[-89.1805701884476,48.4913736656339],[-89.180581478026,48.4913635844301],[-89.1805930812471,48.4913536520326],[-89.1806107494069,48.4913388811517],[-89.1807293135427,48.491240780405],[-89.1818606258762,48.4903034584022],[-89.1818900727338,48.4902788351353],[-89.1819016433831,48.4902688807267],[-89.1819129359684,48.4902588497157],[-89.1819296167593,48.4902436717841],[-89.1819848156246,48.4901928604886],[-89.1820012904584,48.4901775838842],[-89.182012103979,48.4901673352194],[-89.1820225817475,48.490156958863],[-89.1820275990653,48.4901516858143],[-89.1820323907212,48.4901463270731],[-89.182036754263,48.4901410538273],[-89.1820409058991,48.4901357000266],[-89.1820449020062,48.4901302861951],[-89.1820525887645,48.4901193428625],[-89.1820674076641,48.4900972435841],[-89.1820891137809,48.4900639273226],[-89.1820960555284,48.490052750694],[-89.1820993875839,48.4900471290236],[-89.1821056216234,48.4900357363883],[-89.182108520864,48.4900299645757],[-89.1821140389657,48.4900183533909],[-89.1821245335728,48.4899950009363],[-89.1821346677674,48.4899715770407],[-89.1821417597862,48.4899539375656],[-89.1821438964023,48.4899480263645],[-89.182145846498,48.4899420899099],[-89.1821490548501,48.4899303074986],[-89.1821517158519,48.4899184499953],[-89.1821540963581,48.4899065537258],[-89.1821574207795,48.4898886780048],[-89.18216144181,48.4898648320214],[-89.1821630187695,48.4898529150036],[-89.1821635779714,48.4898469599437],[-89.1821639018096,48.4898410084482],[-89.1821639063941,48.4898350612086],[-89.1821634991557,48.4898288536632],[-89.1821627469289,48.4898226499621],[-89.1821617472054,48.4898164509553],[-89.1821592648218,48.4898040594023],[-89.182154953478,48.4897854800717],[-89.1821367980225,48.4897111818083],[-89.1821321009018,48.4896926331864],[-89.182126964272,48.4896742512512],[-89.1821193601257,48.4896501300133],[-89.182077812857,48.4895236741386],[-89.1820735285045,48.4895117135367],[-89.1820712190112,48.4895057768965],[-89.1820687340476,48.489499883172],[-89.1820660027837,48.4894940535004],[-89.182062934103,48.4894883094036],[-89.1820594787356,48.4894827013007],[-89.1820556899702,48.4894771777967],[-89.1820516561416,48.4894717156228],[-89.182043113274,48.489460914552],[-89.1820296930429,48.4894448652428],[-89.1819840479521,48.4893916064426],[-89.1819659617741,48.4893702508933],[-89.1819528015344,48.4893541084717],[-89.1819445215888,48.4893431881426],[-89.1819405643409,48.4893375544653],[-89.1819330530338,48.4893261571016],[-89.1819223269449,48.4893088906474],[-89.1818805292407,48.4892394637389],[-89.181842033982,48.4891758646571],[-89.1818351655986,48.4891642769498],[-89.1818285388028,48.4891526414739],[-89.1818224073893,48.4891409111297],[-89.1818196598353,48.4891349845912],[-89.1818172135638,48.4891290451413],[-89.1818129465834,48.489117045512],[-89.1818091750226,48.4891049519137],[-89.1818056423043,48.4890928096994],[-89.1817681440746,48.4889589909838],[-89.1817632953303,48.4889407205354],[-89.1817603903549,48.4889285079335],[-89.1817578767865,48.4889160485834],[-89.1817546078189,48.4888973100124],[-89.1817326570443,48.4887596911348],[-89.1817289272598,48.4887346614574],[-89.1817274097078,48.4887221346336],[-89.1817268320205,48.4887158646386],[-89.181726421407,48.4887097030407],[-89.1817259502237,48.4886973678085],[-89.1817257104377,48.4886788498066],[-89.1817256098264,48.4885738480153],[-89.1817258414718,48.4885491579865],[-89.1817263480806,48.4885368357021],[-89.1817268083024,48.4885306863811],[-89.1817274774894,48.4885245492925],[-89.1817284189022,48.4885183215681],[-89.1817295774331,48.488512106821],[-89.1817323151294,48.4884997017402],[-89.1817385760694,48.4884749351634],[-89.1817663429809,48.4883697494944],[-89.1817716464861,48.4883512478325],[-89.1817735768003,48.4883451030227],[-89.1817777667516,48.4883328863331],[-89.1817822440257,48.4883207100804],[-89.1817892078256,48.4883024819373],[-89.1818529004245,48.488138573063],[-89.1818601883171,48.4881204863229],[-89.18186763249,48.4881026035542],[-89.1819004368496,48.4880252055577],[-89.1819076022885,48.4880072938828],[-89.1819118649279,48.4879952899425],[-89.1819137064121,48.4879892520819],[-89.1819152948479,48.4879831524409],[-89.1819166656272,48.487977027237],[-89.1819178798778,48.487970881609],[-89.1819199994944,48.4879585521244],[-89.1819227904366,48.4879400099323],[-89.1819385850214,48.4878286416552],[-89.1819571407087,48.4877182205982],[-89.1820191700618,48.4850224706886],[-89.1814179198777,48.4850078777803],[-89.1810046680951,48.4849740537892],[-89.1791010421933,48.4842126543834],[-89.1784849001113,48.4840398333822],[-89.1777642232362,48.4839344525031],[-89.1769221382035,48.4839206338684],[-89.1733057505527,48.4838738659541],[-89.173305691294,48.4838822317769],[-89.1733045175487,48.4840463009209],[-89.1732856696955,48.4866743761334],[-89.1732839799499,48.4869099575262],[-89.1732822755408,48.487147538366],[-89.1732807957818,48.48735380469],[-89.1716628193809,48.4873639871134],[-89.1684545006021,48.4873840992904],[-89.1657012448228,48.4874012888311],[-89.1637296942333,48.4874135557116],[-89.1632400016635,48.4874165975597],[-89.1625578140812,48.4874208309988],[-89.162730560065,48.4913154687788],[-89.1629239117475,48.49567337584],[-89.1629496477843,48.4962533974796],[-89.1629585915681,48.4964506050373],[-89.1629584009613,48.4964506113198],[-89.1541245868765,48.4965949116779],[-89.1526075021093,48.4966196227673],[-89.152034758438,48.4966289469198],[-89.1517381642119,48.4916055774649],[-89.1516584392413,48.4902551015292],[-89.1516581783445,48.4902506644992],[-89.1516523367301,48.4901516976682],[-89.1516401351103,48.4899450320327],[-89.1516354053222,48.4898653919469],[-89.1516292765599,48.4897621325249],[-89.1516266910822,48.4897186354084],[-89.1516124881972,48.489479454473],[-89.1516066890288,48.4893818049226],[-89.1514937620467,48.4874686877293],[-89.1514235707216,48.4820854438846],[-89.1514191704278,48.4817479415584],[-89.1513994221577,48.4809203943966],[-89.1513931896148,48.4804142765384],[-89.1513872058476,48.479928298713],[-89.1513869740673,48.4799096410621],[-89.1513849675396,48.4797467996331],[-89.1511858887288,48.4763370128466]]]},"properties":{"OBJECTID":12,"BABY_ATOM":"50100","FIRE_AREA":"5A","FIRE_STATION":"STATION 5","GlobalID":"367b72e3-5ea3-476d-8c8d-684ebd526ed0","Shape__Area":21722277.516357422,"Shape__Length":25643.99546460998}},{"type":"Feature","id":13,"geometry":{"type":"Polygon","coordinates":[[[-89.1553916216862,48.4781029928705],[-89.152183638211,48.4762906585958],[-89.1511858887288,48.4763370128466],[-89.151329257704,48.4754836168198],[-89.1521700321197,48.4752717387936],[-89.1521969342512,48.4752451355377],[-89.1522268001647,48.4752090765513],[-89.1522445329948,48.4751384973418],[-89.152256172318,48.4750377898252],[-89.1522998231323,48.4749706629038],[-89.1523341019099,48.4749491966687],[-89.1523571704933,48.4749483377156],[-89.1523729869448,48.4749579198361],[-89.1523877775918,48.4749664117912],[-89.1524061558084,48.4749654480409],[-89.1524202459781,48.4749548934203],[-89.1524193376102,48.4749384806211],[-89.152420551595,48.4749253759734],[-89.1524274101482,48.474911134639],[-89.1524904161146,48.4748822201284],[-89.1525947762293,48.4748544131284],[-89.1526950900301,48.4748356465619],[-89.1528119105302,48.474802073825],[-89.1529205984945,48.4747716015438],[-89.1531199080053,48.4747698806017],[-89.1534081368196,48.4747833521133],[-89.1535192599316,48.4747746411088],[-89.1535336468424,48.4747729871288],[-89.1536169032066,48.4747581046477],[-89.1537626673744,48.4747257975533],[-89.1538241919068,48.474704453298],[-89.1538505802824,48.4746874098001],[-89.1538900290667,48.4746430770762],[-89.1539018303951,48.4746030866799],[-89.1539153462805,48.4745816326143],[-89.1539626863817,48.4745604647784],[-89.1540792475304,48.4745160098828],[-89.1541828637416,48.4744704206881],[-89.15422146951,48.4744518806278],[-89.154249412979,48.4744171203098],[-89.1542801656924,48.4743542504921],[-89.1543631600838,48.4743135890776],[-89.1544321255317,48.4742754288286],[-89.1544200817859,48.4742148062646],[-89.1544093717372,48.4741552257916],[-89.1544741709991,48.4740883866631],[-89.1545053689335,48.4740410538161],[-89.1545286831675,48.4739823719745],[-89.154646179868,48.4738063697016],[-89.1546987319679,48.4736730419243],[-89.1547884979318,48.4735638206045],[-89.1546628637383,48.4734519055523],[-89.1546213594457,48.4733126854312],[-89.1545312350183,48.4731610815856],[-89.1544686617127,48.4730352956377],[-89.1544634317843,48.4729760632913],[-89.1544278560262,48.4728651398532],[-89.1544469025371,48.472811353244],[-89.1544481922023,48.4727624481586],[-89.1546107507124,48.472609217858],[-89.1547069307728,48.4724933705678],[-89.1547503164122,48.47237171735],[-89.1547955821158,48.4722874231],[-89.1547998938599,48.4722829714952],[-89.1548587792645,48.4722097567998],[-89.1548143804991,48.4721179486528],[-89.1549670133982,48.4720796217563],[-89.1550166605516,48.4720969731926],[-89.1548855653108,48.4721457968512],[-89.155114812101,48.4725552896292],[-89.1553213344429,48.4725142630637],[-89.1562526688463,48.4738111384396],[-89.1568222394276,48.473648752486],[-89.1555463627667,48.4718436802965],[-89.1555927020817,48.4718199807097],[-89.1556400565759,48.4717971851958],[-89.1557155660691,48.4717662297521],[-89.1557384253805,48.471754082536],[-89.1557403812116,48.47175087347],[-89.155738994608,48.4717475596884],[-89.1557099330321,48.4717247816884],[-89.155671243135,48.4717124445163],[-89.1556487563149,48.4717025703643],[-89.1556326082542,48.4716760855472],[-89.155609923983,48.4716312186367],[-89.1555703340814,48.4715752258334],[-89.1555756210702,48.4715403408539],[-89.1555831987873,48.4715030934709],[-89.1555662639461,48.4714758244339],[-89.1555310662034,48.4714364031575],[-89.1554654189472,48.4713844839351],[-89.1554549494287,48.4713636095257],[-89.1554594566613,48.4713257439887],[-89.1553367039163,48.4713614091009],[-89.1553013120464,48.471314302375],[-89.1561699354736,48.4710569398912],[-89.1563962672073,48.4713936524094],[-89.1564850515818,48.4714580268036],[-89.1565460370687,48.4715364927353],[-89.156590312577,48.4716258112147],[-89.156876544896,48.472004590081],[-89.1570474631549,48.4720312085527],[-89.1571647978289,48.4720071380505],[-89.1572919318973,48.4719988105329],[-89.1575930285856,48.4719436945757],[-89.157702239839,48.4719073309314],[-89.1581507864858,48.4718395455584],[-89.158198938309,48.4718266714493],[-89.1583104407501,48.4717901112885],[-89.1584457517314,48.4717280794744],[-89.1585006044616,48.4716905108255],[-89.1585184292374,48.4716665865921],[-89.1585165017369,48.4716536550746],[-89.1584822747185,48.4716398459402],[-89.1584613146427,48.4716417939197],[-89.1584523636676,48.4716296329795],[-89.1584680184852,48.4716147088915],[-89.1585032692162,48.471602836972],[-89.1585751840591,48.4715869886267],[-89.1586901780621,48.4715744715119],[-89.1587391619315,48.4715653666892],[-89.158778499838,48.4715506819375],[-89.1589620127993,48.4714636405506],[-89.1590680194906,48.4714078972572],[-89.1590956419463,48.4713887690102],[-89.1591003687697,48.471375841274],[-89.1590826575648,48.471339664781],[-89.1591046593982,48.4713142243052],[-89.1591399229219,48.4713027577227],[-89.1591751409245,48.4713078468571],[-89.1592312773459,48.4713408342032],[-89.1592623885074,48.471400389449],[-89.1592719805275,48.4714187553698],[-89.1593388295258,48.4714469044309],[-89.1594108204444,48.4714490827494],[-89.1594865326697,48.4714339642042],[-89.1595456851764,48.4714156340558],[-89.1597068006375,48.4713516641951],[-89.159979207802,48.4712343186776],[-89.1601224581549,48.4711691118404],[-89.1602782622989,48.4710944253478],[-89.1603163633218,48.4710704196842],[-89.1604001083335,48.4709964086719],[-89.1602881299327,48.4709185856244],[-89.1603282192843,48.4708952372034],[-89.1604224491368,48.4709485117225],[-89.1604619948889,48.4709053561971],[-89.1604876515223,48.4708876833895],[-89.1605799010933,48.4708439339108],[-89.1606322443262,48.4708240809913],[-89.1606689482945,48.4708123628522],[-89.1607322319241,48.4707928244475],[-89.1607829938303,48.4707783023189],[-89.1608141975279,48.4707708495541],[-89.1608289305027,48.4707667993938],[-89.1608660717156,48.470747794231],[-89.1609657721875,48.4706834133274],[-89.1610927015808,48.4706117261387],[-89.1611675388042,48.4705795875854],[-89.1612321715989,48.4705507339318],[-89.1612545129909,48.4705226819625],[-89.1612790581334,48.4704838270166],[-89.1613863461538,48.4704302923949],[-89.161506071036,48.4703734802392],[-89.1617524284806,48.4701708962225],[-89.1623530210718,48.4696884785681],[-89.162674771236,48.4694587316534],[-89.1630392509343,48.4691786957054],[-89.1634398748788,48.4688668889626],[-89.1637834091716,48.4685580701028],[-89.1640162952383,48.4683189115606],[-89.1647049868075,48.4678966682576],[-89.1650105702665,48.4675405073726],[-89.1652597865847,48.4674748769541],[-89.1656221682801,48.4673766439182],[-89.166465472568,48.4667361216393],[-89.166875769818,48.4661494540576],[-89.1673999742387,48.4656173763173],[-89.167448314641,48.465568311486],[-89.1677322037431,48.4652801507227],[-89.1678503987347,48.4650386745616],[-89.1678625471116,48.4650354558515],[-89.1678569153508,48.4650253654209],[-89.1678965264107,48.4649444320606],[-89.1680002922408,48.4647324371468],[-89.1681536883527,48.4644190346868],[-89.1682041950231,48.4639914971102],[-89.1684671976639,48.4637123051311],[-89.1686440104105,48.4630233866538],[-89.1689221040351,48.4625610862107],[-89.1692671564809,48.4610338550039],[-89.1691256582404,48.4609663069565],[-89.1689438025704,48.4608577715883],[-89.1689593828346,48.4606684324288],[-89.168935912899,48.4605780226605],[-89.1690370696575,48.4600928864449],[-89.1690483032036,48.4599018684487],[-89.1690949953223,48.4595756353766],[-89.1690175647765,48.4593702308994],[-89.1689252940625,48.4592157345219],[-89.1688613910702,48.4586634176174],[-89.1683327877721,48.4580729015667],[-89.1681313455989,48.4579072867394],[-89.1679567255372,48.457621570281],[-89.1676611519301,48.4572738160464],[-89.1675407643,48.457102732912],[-89.1671590930124,48.4568238477113],[-89.1668171253852,48.4566067019121],[-89.1664493023994,48.4564794287081],[-89.1660034941507,48.4563716055377],[-89.1655454550578,48.456184606663],[-89.1655054919252,48.4561606867423],[-89.1653481060552,48.4560664792238],[-89.1651957604732,48.456006160092],[-89.1655392164433,48.4558925108821],[-89.1656864737185,48.4559138953316],[-89.1659600174547,48.4559536161798],[-89.166300449474,48.4559966680633],[-89.1668027913585,48.4560264241383],[-89.1669568623284,48.4559904525748],[-89.1673733253946,48.4561264590713],[-89.1677071036602,48.4561147642905],[-89.1679124211902,48.4559833511175],[-89.1679813829947,48.455954330057],[-89.1681639721841,48.4558039926061],[-89.1682023112561,48.45570140232],[-89.1681702068049,48.4555607795346],[-89.1680700773337,48.4552507755636],[-89.1680801473683,48.4550481820179],[-89.1680269686094,48.4550368301714],[-89.168438592485,48.4550837523442],[-89.1688736370801,48.4550207368256],[-89.1692360826244,48.4549600262217],[-89.1694302419975,48.4549523096559],[-89.1696973161904,48.4548943219882],[-89.1696679617331,48.4547154553214],[-89.1696215799301,48.4546181144174],[-89.1696526890418,48.4545652320909],[-89.1699259897453,48.4545968739493],[-89.1713573794419,48.4543706263903],[-89.1719266751935,48.4543022372423],[-89.1724258322569,48.4542115125154],[-89.1726270938221,48.454137164058],[-89.1727944122188,48.4539574778143],[-89.1731947304347,48.4540160130976],[-89.1732296142505,48.4543856222667],[-89.1732289542332,48.4546045863267],[-89.1732481609964,48.4547293301759],[-89.1733249068455,48.4547634832438],[-89.1735951040774,48.4547976915544],[-89.1737675001043,48.4549124454218],[-89.1740176981773,48.4551540914876],[-89.1742107061002,48.455174608471],[-89.1743800066041,48.455258507193],[-89.1747428424271,48.4552282509026],[-89.1753351626128,48.4552347174724],[-89.1759234210775,48.4552071726484],[-89.1762783965123,48.4551558698711],[-89.1764625441389,48.4550014921484],[-89.1764439582228,48.4548924984421],[-89.1767256566768,48.4548547494365],[-89.1768924464806,48.4547934422022],[-89.1770542299322,48.4547179058511],[-89.1772715866547,48.4545717758891],[-89.1774045417327,48.4544999912989],[-89.1775495909824,48.4544470400857],[-89.1780098269356,48.4533367908919],[-89.1782864087319,48.4526695575755],[-89.178435043968,48.4525000120801],[-89.1798443591667,48.4517576223026],[-89.1799455801289,48.4514899063122],[-89.1801768687288,48.4512032097662],[-89.1804886328727,48.4512117653884],[-89.1805667042994,48.4512730224348],[-89.1804865365626,48.4516335415916],[-89.180855631046,48.4516938575646],[-89.1811049784385,48.4513708313419],[-89.1812554651155,48.4513518916723],[-89.1817175354014,48.451593199476],[-89.1822706080705,48.4518700528863],[-89.1828209233953,48.4519632094991],[-89.1833003392618,48.4521769165349],[-89.1839697708001,48.4527472597913],[-89.1843063678262,48.4530801867651],[-89.1844420713474,48.4531392005686],[-89.1845764796447,48.4531976521893],[-89.1848083446677,48.4533868362621],[-89.1849164110428,48.4534456915271],[-89.1851793650614,48.453325871895],[-89.184874226239,48.4531408766715],[-89.1847828331696,48.4529973698091],[-89.184720235057,48.4528990787407],[-89.184698894951,48.4524035804172],[-89.1846370943747,48.4522055458491],[-89.1848055350871,48.4516693824743],[-89.1846043982648,48.4513639775432],[-89.1845734589722,48.4512159079114],[-89.184357229992,48.4510407365709],[-89.1842081759628,48.4509801407314],[-89.1841209431328,48.4508996637993],[-89.1840291765973,48.4508163406736],[-89.1839990951158,48.4507318463249],[-89.1841023231102,48.4506712179397],[-89.1842599281948,48.4506447596109],[-89.1843457797338,48.4505903307681],[-89.1843958821188,48.4505248447055],[-89.1844550512049,48.4504650562539],[-89.1845453044109,48.4505132087039],[-89.1846555739127,48.4506167126632],[-89.1848428824996,48.4506659546756],[-89.1850147129437,48.4506626908728],[-89.1851185646342,48.4506167179548],[-89.185241808507,48.450508777706],[-89.1853578464326,48.4504465030584],[-89.1819778848309,48.4475524722738],[-89.1823225292158,48.4473748980734],[-89.1823803185468,48.4474189571458],[-89.1826480410825,48.4472760853116],[-89.1833586850545,48.4478607602556],[-89.1837596467652,48.4476613947776],[-89.1839810414542,48.4478319012762],[-89.1840906221319,48.4477764903136],[-89.1831160444171,48.4469624685973],[-89.1832042672255,48.446914535664],[-89.1841951142458,48.4477241881515],[-89.1844199771333,48.4476077448102],[-89.1865183217994,48.4493909322041],[-89.1865702061766,48.4495513541549],[-89.1870538221516,48.4499517030295],[-89.1877987532116,48.4496281592426],[-89.1840403219317,48.4464841525376],[-89.1852932708373,48.4458342758734],[-89.1863222817171,48.4465987287734],[-89.1865286191506,48.4464012899663],[-89.1855193094122,48.4456173723763],[-89.1862032995777,48.4452596694844],[-89.1876417018592,48.4464985673659],[-89.1878492985664,48.4466012087766],[-89.1881824135821,48.44688711177],[-89.1896820311467,48.448146360049],[-89.1898784304035,48.4477586952609],[-89.1898106277858,48.4477383170235],[-89.189842843165,48.4476662366386],[-89.189943865398,48.4476050313039],[-89.1898150816025,48.4475032011146],[-89.1895342505809,48.4472066301672],[-89.1893774338665,48.4470694348841],[-89.1892438024156,48.4468515415927],[-89.1893008107492,48.4467803849604],[-89.1897609150516,48.4467891752905],[-89.1904405580589,48.4467847843317],[-89.1908421675207,48.4466927280558],[-89.1911677868042,48.4465765287923],[-89.1914558789339,48.446543191328],[-89.1919410086725,48.4464588395587],[-89.1923277311661,48.4463979367818],[-89.1927186262847,48.4463034995045],[-89.1933733525519,48.4461911715139],[-89.1939955015836,48.4460434216746],[-89.1942569955213,48.4460237915839],[-89.1950470861872,48.4458684227068],[-89.195599559911,48.4456318167379],[-89.1957426758401,48.4455423250914],[-89.1959850369204,48.4452696534263],[-89.196177626045,48.4450442881823],[-89.1964534454485,48.4448173333413],[-89.1967114277054,48.4445907220633],[-89.1969836890924,48.4444192561902],[-89.1971581206305,48.444324874715],[-89.1975272050532,48.4441911451731],[-89.1977911929039,48.4440538460295],[-89.1981287148642,48.4442041750425],[-89.198434517702,48.4443421460228],[-89.1991157781521,48.4449108713168],[-89.1992330796092,48.4450090229837],[-89.1992448908687,48.4450187868381],[-89.1992568601262,48.4450284513995],[-89.1992691572257,48.4450379099519],[-89.1992755157854,48.445042507451],[-89.1992819233238,48.4450468925772],[-89.1992884782411,48.445051183113],[-89.1993018857699,48.4450595803455],[-89.1993155210871,48.445067834663],[-89.1993981908368,48.4451168366854],[-89.199473836228,48.4451618855007],[-89.1994947105693,48.4451738917999],[-89.1995017932856,48.4451777520584],[-89.199508992061,48.4451814814361],[-89.2001879905623,48.4458078181285],[-89.2008442494217,48.4463502805165],[-89.2015553769621,48.4469380825932],[-89.2036607483926,48.4487060956047],[-89.2055557415081,48.4502981766245],[-89.2057691006763,48.4606836282135],[-89.2092646513392,48.4606185836058],[-89.2119561028108,48.4605824588174],[-89.213500496457,48.460572582658],[-89.214427779891,48.4605587550936],[-89.214501332161,48.4605576576779],[-89.2145438035373,48.4605459362714],[-89.2145827240966,48.4605296505146],[-89.2146169950842,48.4605092597309],[-89.214645650047,48.4604853412612],[-89.2147425736988,48.4621503395502],[-89.2147818509672,48.4629231682427],[-89.2148300674581,48.4637231755105],[-89.2120796549936,48.4637492829221],[-89.2093773609899,48.4637900888782],[-89.2089386150722,48.4638134104471],[-89.2087394139562,48.4638349095818],[-89.2085421510792,48.46386322887],[-89.2083473519656,48.4638982907531],[-89.2081555388561,48.4639400042436],[-89.2079672235202,48.4639882551648],[-89.2077829117418,48.4640429159626],[-89.2076030935847,48.4641038395931],[-89.2074282517379,48.4641708647611],[-89.2072588518196,48.4642438107073],[-89.2070953493712,48.4643224824721],[-89.2069381803558,48.4644066701779],[-89.2067877638623,48.4644961489771],[-89.2066445048094,48.4645906789994],[-89.2065087846,48.4646900082304],[-89.2063809650595,48.464793869736],[-89.2062613900606,48.4649019879295],[-89.206150379804,48.4650140714828],[-89.2060482284656,48.4651298214686],[-89.205864625202,48.4653307132571],[-89.2052852136139,48.465964674215],[-89.204108771474,48.4672518233162],[-89.2040029640615,48.4673645850918],[-89.2038885002871,48.467473543017],[-89.2037656881585,48.4675784059529],[-89.203634861689,48.4676788894594],[-89.2034963690432,48.467774723221],[-89.203350585977,48.4678656489899],[-89.2031979051012,48.4679514225918],[-89.2030387371945,48.4680318130009],[-89.2028735098512,48.4681066023668],[-89.2027026703405,48.4681755895582],[-89.2018563938922,48.4684580578149],[-89.2012526906589,48.4686494562792],[-89.1991394073925,48.4693202176788],[-89.1980615574472,48.4696691518954],[-89.1979104143019,48.4697162512474],[-89.1977561736788,48.4697586806233],[-89.1975991646443,48.4697963518498],[-89.1974397165402,48.469829183048],[-89.1972781674443,48.4698571065695],[-89.1971148598427,48.4698800627807],[-89.1969564154859,48.4698950766895],[-89.1966798170727,48.4699193194523],[-89.1964807349851,48.4699255356077],[-89.1962814374706,48.4699247574759],[-89.1960824793175,48.4699169843622],[-89.1958844150485,48.4699022407733],[-89.1956877984928,48.4698805665281],[-89.1954931748674,48.4698520214073],[-89.1953010875745,48.4698166859238],[-89.1951120740282,48.4697746587025],[-89.1949266588552,48.4697260557104],[-89.1947453594567,48.4696710137489],[-89.1945686817582,48.4696096860363],[-89.1943215359982,48.4695158950827],[-89.1941591320714,48.4694351474483],[-89.1939922776641,48.4693585179269],[-89.1938212074988,48.469286116288],[-89.1936461640168,48.4692180431574],[-89.1934673949459,48.4691543963622],[-89.1932851530294,48.4690952646377],[-89.193180929635,48.4690691613758],[-89.1930180769674,48.4690301849857],[-89.1928526738274,48.4689962855403],[-89.192685081866,48.4689675362105],[-89.192515660876,48.4689439985087],[-89.1923447769419,48.4689257230321],[-89.1921728011274,48.4689127503887],[-89.1920001039138,48.4689051077035],[-89.1918695306609,48.4689043422147],[-89.1917329055026,48.4689016297113],[-89.1906968442547,48.4688984436303],[-89.1896027074106,48.4688934295043],[-89.1877878191703,48.4688850896798],[-89.1850403600078,48.4688768934301],[-89.1831707955148,48.4688737227175],[-89.1821655913437,48.468870830557],[-89.1799867121187,48.4688256312825],[-89.1779429600715,48.4688155561566],[-89.1777939407395,48.4688152309681],[-89.177692576851,48.4688202943489],[-89.1775594170693,48.4688336530311],[-89.177428163749,48.4688536856084],[-89.1772995695134,48.468880275274],[-89.17717437734,48.4689132694182],[-89.1770533042625,48.4689524781369],[-89.1769370482469,48.4689976768],[-89.1768262786902,48.4690486053317],[-89.1767216324044,48.4691049691852],[-89.1766237098304,48.4691664457122],[-89.1765330762365,48.469232680541],[-89.1764502524855,48.4693032931485],[-89.1736604427902,48.4719042184918],[-89.1735575698672,48.4720021418578],[-89.1734462551359,48.4720958942537],[-89.1733268813004,48.4721851544221],[-89.1731998547501,48.4722696168531],[-89.1730656136714,48.4723489916313],[-89.1729246159564,48.4724230064644],[-89.1723950855504,48.4726724627071],[-89.1720198772646,48.4728556373302],[-89.1701044408913,48.4737436121162],[-89.1689798661488,48.4742599575],[-89.1688234774663,48.4743217188891],[-89.1686372775371,48.4743796072994],[-89.1684488162213,48.4744341658742],[-89.1682025037878,48.4744859897454],[-89.1679533527973,48.4745314200731],[-89.1677017365609,48.4745703877243],[-89.1674480369667,48.4746028342044],[-89.1673425891318,48.4746094561843],[-89.1672366722972,48.4746096448966],[-89.1671311727863,48.4746033998391],[-89.1670269723828,48.474590772782],[-89.1669249429605,48.4745718687691],[-89.1668259357024,48.47454684722],[-89.1667307822223,48.4745159165107],[-89.1666402742824,48.4744793343549],[-89.1665551719429,48.47443740855],[-89.1664425609751,48.4743835467701],[-89.1663245309854,48.4743350862829],[-89.1662016645472,48.4742922671245],[-89.1660745741751,48.4742553017775],[-89.1659438860242,48.4742243736785],[-89.1658102492404,48.4741996343437],[-89.1656743267272,48.474181208941],[-89.1655367920214,48.4741691864524],[-89.1653983256211,48.47416362874],[-89.1652596146041,48.4741645615566],[-89.1651213447466,48.4741719800924],[-89.1649842032288,48.4741858489237],[-89.1648488690568,48.4742060994943],[-89.1647160130259,48.4742326292161],[-89.1645862926576,48.474265309662],[-89.16446035039,48.4743039758025],[-89.1643388127616,48.4743484386177],[-89.1636490230525,48.4746500289947],[-89.1636485602105,48.4746502500337],[-89.1636434754408,48.4746526750421],[-89.1632680735873,48.4748458932786],[-89.1628873730351,48.4750344737585],[-89.1625015023012,48.4752183510334],[-89.1621105941568,48.4753974640748],[-89.1617147799511,48.4755717500824],[-89.1613141952873,48.475741150676],[-89.1609089771651,48.4759056083502],[-89.1553916216862,48.4781029928705]]]},"properties":{"OBJECTID":13,"BABY_ATOM":"50000","FIRE_AREA":"5","FIRE_STATION":"STATION 5","GlobalID":"cabe27e6-a68a-46c2-a6ca-c325a9900e7e","Shape__Area":7139688.63293457,"Shape__Length":18532.08463198967}},{"type":"Feature","id":15,"geometry":{"type":"Polygon","coordinates":[[[-89.1977911929039,48.4440538460295],[-89.1979534811488,48.4439694403018],[-89.1979913846626,48.4439170437578],[-89.1980297561859,48.4438410941789],[-89.1979859206533,48.4437904691853],[-89.1978861911877,48.4436854898539],[-89.1978396227287,48.4435715761822],[-89.197882572285,48.4434638705524],[-89.1981137207712,48.4433050666048],[-89.1983852847311,48.443117774547],[-89.1987352971163,48.4428181403161],[-89.1987512552302,48.442774290236],[-89.1986826130048,48.4427003850647],[-89.1986679926818,48.4426373263705],[-89.1987182513678,48.44256115202],[-89.1988001143871,48.4425279167518],[-89.1991716799485,48.4421764046821],[-89.1995863614287,48.4417211442788],[-89.199946709315,48.4413856793446],[-89.2000297255891,48.441241577295],[-89.1999743436487,48.441199093292],[-89.199901465712,48.4411648569926],[-89.1998394540625,48.4411066636019],[-89.1999033095456,48.4410698131137],[-89.1999823017519,48.4411078885755],[-89.2000918735903,48.4411651749124],[-89.2001701824151,48.4411874271979],[-89.2001958423816,48.4412304832306],[-89.2001330109191,48.4412910653224],[-89.2001765072072,48.4413337783955],[-89.2002735046679,48.4413754689607],[-89.2003743975989,48.4413695801691],[-89.2005286260094,48.4413587121437],[-89.2006479612225,48.4413290494644],[-89.2008687994992,48.4411355753272],[-89.2012975288117,48.4407271054907],[-89.2015675176408,48.4405443084331],[-89.2018242592854,48.4402246213781],[-89.2020705367757,48.4399628102578],[-89.2023756587879,48.4397379583214],[-89.2029281832495,48.439608349962],[-89.2033115090495,48.4394381803952],[-89.2035427214252,48.4392252174836],[-89.2036644590767,48.43896293109],[-89.2037111907231,48.4387035094684],[-89.2037357270586,48.4385672918735],[-89.2037579206645,48.4384440896479],[-89.203829993382,48.4383202664504],[-89.2039379103333,48.4382727084307],[-89.2040854082187,48.4382334062486],[-89.2040990408481,48.4382305636959],[-89.2041376174443,48.4382298244781],[-89.204179049296,48.4382426317364],[-89.204254208909,48.4383001236906],[-89.2043067281952,48.4383657457588],[-89.2043250521089,48.4384087129526],[-89.2043636880236,48.438499308515],[-89.2043654262124,48.438503384266],[-89.2043654471896,48.4385034315496],[-89.2045521634959,48.4389412457346],[-89.2046569314288,48.4389233511839],[-89.2047420161847,48.4391270096974],[-89.2049615498092,48.4398854954519],[-89.2051293118917,48.4400232219369],[-89.2052976806195,48.439999296655],[-89.2054493738875,48.439978281178],[-89.2055418973884,48.4399654629432],[-89.205594986084,48.4399581081865],[-89.2058425888601,48.439928311671],[-89.2058358693354,48.4399180018774],[-89.2057848309788,48.4398020842528],[-89.2057184568881,48.4396217494794],[-89.2056791782426,48.4394875136483],[-89.2057404970022,48.4394786846997],[-89.2058187247491,48.4397395050328],[-89.2058941718238,48.4399120144541],[-89.2059052536522,48.4399264144279],[-89.2059337395445,48.439932128443],[-89.2059869090493,48.4399283267841],[-89.2061005298998,48.4399198846416],[-89.206223271007,48.439919579152],[-89.2065999025863,48.4398647732772],[-89.2070214652071,48.4398566844308],[-89.2070884477717,48.4399172546567],[-89.2072105333394,48.4399291853095],[-89.2076594394356,48.4398920219209],[-89.2078729685662,48.4398688914843],[-89.2085247484105,48.439727911873],[-89.2088497090835,48.4396360294633],[-89.2092331138577,48.439483182631],[-89.209251461041,48.4394758681349],[-89.2091353156608,48.4391465108493],[-89.2090223899869,48.4391660965951],[-89.2089380334918,48.4389445855639],[-89.2090058086686,48.4389360267577],[-89.2090330281424,48.4389832805349],[-89.2092530687003,48.438947735757],[-89.2092330205053,48.4388943287035],[-89.2093059056782,48.4388831559298],[-89.2093865435361,48.4391052536721],[-89.2092825795161,48.4391241330984],[-89.2094022124714,48.4394605500052],[-89.2094580846864,48.4394537653044],[-89.2095754250551,48.4394678827614],[-89.209658967841,48.4394688979085],[-89.2097671635713,48.4394592445474],[-89.2097773450255,48.4394565494991],[-89.2099931707463,48.4393994385984],[-89.2101491950627,48.4393465084614],[-89.2102445329612,48.4393047483412],[-89.21026108421,48.4392974960844],[-89.2105122600997,48.4391874774279],[-89.2119670574313,48.4400960618085],[-89.2130183749553,48.4405831538716],[-89.2132551717951,48.4406971478941],[-89.2148785345873,48.4414430514498],[-89.2150293423492,48.4415241506746],[-89.2151756658521,48.441608809917],[-89.2153173123697,48.4416969195397],[-89.2154540997462,48.4417883643043],[-89.2155858511472,48.4418830270703],[-89.2157282156609,48.4420086725647],[-89.2158789453949,48.4421299208071],[-89.2160377349413,48.4422465275241],[-89.217243134452,48.4429945040513],[-89.2169133635108,48.4431872230289],[-89.2164750219317,48.4434857062928],[-89.214932059788,48.4445864456035],[-89.2137451485992,48.4454497303343],[-89.212778384879,48.4461611537869],[-89.211763754731,48.4468855609708],[-89.211088837365,48.4473860254198],[-89.2106484484889,48.44767184637],[-89.2101648176214,48.4479179205252],[-89.2093774834854,48.4482770064406],[-89.2081995312194,48.4488863841334],[-89.2077502671654,48.4491311989233],[-89.2066531351984,48.4497192297042],[-89.2055557415081,48.4502981766245],[-89.2036607483926,48.4487060956047],[-89.2015553769621,48.4469380825932],[-89.2008442494217,48.4463502805165],[-89.2001879905623,48.4458078181285],[-89.199508992061,48.4451814814361],[-89.1995017932856,48.4451777520584],[-89.1994947105693,48.4451738917999],[-89.199473836228,48.4451618855007],[-89.1993981908368,48.4451168366854],[-89.1993155210871,48.445067834663],[-89.1993018857699,48.4450595803455],[-89.1992884782411,48.445051183113],[-89.1992819233238,48.4450468925772],[-89.1992755157854,48.445042507451],[-89.1992691572257,48.4450379099519],[-89.1992568601262,48.4450284513995],[-89.1992448908687,48.4450187868381],[-89.1992330796092,48.4450090229837],[-89.1991157781521,48.4449108713168],[-89.198434517702,48.4443421460228],[-89.1981287148642,48.4442041750425],[-89.1977911929039,48.4440538460295]]]},"properties":{"OBJECTID":15,"BABY_ATOM":"30300","FIRE_AREA":"3C","FIRE_STATION":"STATION 3","GlobalID":"a8a5af4a-e740-4ba8-be0d-84d2c53c4f59","Shape__Area":1028329.2755126953,"Shape__Length":4610.875016519878}},{"type":"Feature","id":16,"geometry":{"type":"Polygon","coordinates":[[[-89.2730679940674,48.4607526907248],[-89.2730652248152,48.4607528093274],[-89.2730577702316,48.4607532463465],[-89.2730509040042,48.4607538022],[-89.2730443328926,48.4607545141731],[-89.273037253078,48.460755436838],[-89.2730299137468,48.4607565157853],[-89.2730137029915,48.4607591718128],[-89.2729886835469,48.460763688892],[-89.2729640940527,48.4607685339695],[-89.2729487181892,48.4607719220671],[-89.2729417059032,48.4607736297567],[-89.2729257540131,48.4607778110993],[-89.2729008507939,48.4607847488386],[-89.2727722001509,48.4608216407092],[-89.2726335896496,48.4608612475563],[-89.2721935158151,48.4607267624145],[-89.2721656539229,48.460718247973],[-89.2701590890269,48.4601050152081],[-89.2699591167064,48.4600231002047],[-89.2697634371154,48.459936722061],[-89.2695722738095,48.4598459789577],[-89.2693858479563,48.4597509763208],[-89.2692043741206,48.4596518233069],[-89.2690280603442,48.4595486346001],[-89.2688571107289,48.4594415276619],[-89.2668234130436,48.4579176136556],[-89.2658025224295,48.4571611009772],[-89.2641003294419,48.4558951206363],[-89.2634547298567,48.4554228359295],[-89.2633282528752,48.4553301564254],[-89.263302730942,48.4553117750404],[-89.263289683801,48.4553027798197],[-89.2632830145986,48.4552983835948],[-89.2632761822071,48.45529405896],[-89.2632622221859,48.4552856143387],[-89.2632337285233,48.4552691178631],[-89.2630973104089,48.4551914936598],[-89.2624588090556,48.4548275353157],[-89.2597257388755,48.4537444503439],[-89.2580468587304,48.4530722617727],[-89.2569914720357,48.4526780546713],[-89.2564597648645,48.4524553020332],[-89.2551342687955,48.451989653523],[-89.2537459663325,48.4515269883562],[-89.2525474129011,48.4510773780263],[-89.2524158715285,48.4510258278799],[-89.2522891862712,48.4509691494042],[-89.2521678084286,48.4509075461157],[-89.2520521709708,48.4508412353866],[-89.251942686114,48.4507704547906],[-89.2518397423393,48.4506954558624],[-89.2517437057838,48.4506165049702],[-89.2516549203201,48.4505338851133],[-89.2515737004815,48.450447888862],[-89.251500337067,48.4503588227469],[-89.250959934641,48.4495985447971],[-89.2523681112897,48.4489563885075],[-89.2602550503177,48.4453590743533],[-89.2607631755006,48.4451067455462],[-89.2612653277981,48.4448491802759],[-89.2617613869508,48.4445864430661],[-89.2622512312767,48.4443185966701],[-89.262734741885,48.4440457055869],[-89.2632118027157,48.4437678369601],[-89.2636822963666,48.4434850579604],[-89.2690846241916,48.4389295766521],[-89.2700822121837,48.4380882930855],[-89.2753867278508,48.4336142089428],[-89.2796138433905,48.4300480703697],[-89.2798341392526,48.4298809641862],[-89.2800466783236,48.4297094658751],[-89.2802512609263,48.4295337350924],[-89.2804476970493,48.4293539358006],[-89.2806358062661,48.4291702344713],[-89.2808154124127,48.4289828019895],[-89.2809863503003,48.428791812621],[-89.2811484576515,48.4285974450713],[-89.281301587055,48.4283998777504],[-89.2814455941306,48.4281992962045],[-89.2815803467022,48.4279958866361],[-89.2817057194352,48.42778983691],[-89.281821595347,48.427581340122],[-89.2819278668762,48.4273705882795],[-89.2820244348531,48.4271577795194],[-89.2821112108384,48.4269431099644],[-89.2821881133119,48.4267267791965],[-89.2925557727312,48.4332854741694],[-89.3036060547519,48.4371592381231],[-89.3173075563934,48.4395042411962],[-89.3174339953631,48.4444952489189],[-89.3174607703128,48.4477344235291],[-89.317461558597,48.447822505313],[-89.3174625804869,48.447910460025],[-89.3174623948452,48.4479226920793],[-89.3174621393939,48.4479286075928],[-89.3174617116054,48.4479344213095],[-89.3174610571474,48.4479400389518],[-89.3174601039558,48.4479454520749],[-89.3174587713235,48.4479507891673],[-89.317457094214,48.4479561943823],[-89.3174528302459,48.4479677276351],[-89.3174479860314,48.4479794381299],[-89.3174243475395,48.4480335278678],[-89.3174189595625,48.4480449398075],[-89.3174162516444,48.4480501615499],[-89.3174134613534,48.4480549998649],[-89.3174106567893,48.4480591978552],[-89.3174079691904,48.4480624892541],[-89.3174057302654,48.4480645848613],[-89.317404261314,48.4480655312881],[-89.3174024732384,48.4480662412155],[-89.3173988072667,48.4480671437322],[-89.317393273641,48.4480680181964],[-89.3173863908602,48.4480687272986],[-89.3173785762835,48.4480692590309],[-89.3173701409337,48.4480696422168],[-89.3173613408019,48.4480699148859],[-89.3173427878606,48.4480702697771],[-89.3172571250305,48.4480713945613],[-89.3171717871665,48.4480729437087],[-89.3153112555738,48.4481104970779],[-89.3152073401439,48.4481124277135],[-89.3151122127641,48.4481137602978],[-89.3150928305756,48.4481142601784],[-89.3150828232031,48.4481146928316],[-89.3150727157437,48.4481153335379],[-89.3150623369119,48.4481163117077],[-89.3150515731905,48.4481178374649],[-89.3150403103561,48.4481202541081],[-89.3150288691822,48.4481240428379],[-89.3150187882912,48.4481291339983],[-89.3150106146561,48.4481347077184],[-89.3150038466795,48.4481403809094],[-89.3149979758631,48.4481460648348],[-89.3149926807025,48.4481517380738],[-89.3149877514333,48.4481573976503],[-89.3149830364311,48.4481630700092],[-89.3149741126901,48.4481742461836],[-89.3149395029412,48.4482186069274],[-89.3149003061142,48.448268034618],[-89.3148477151224,48.4483337444545],[-89.3147945781885,48.4483994373609],[-89.3147813007598,48.4484161445382],[-89.314772706726,48.4484276433642],[-89.3147684995357,48.4484337472647],[-89.3147645445565,48.4484400440313],[-89.3147609128167,48.4484466977861],[-89.3147578395468,48.4484537658769],[-89.3147556206375,48.4484610633018],[-89.3147541950308,48.4484681693135],[-89.314753320534,48.4484750518969],[-89.3147528001866,48.4484818409785],[-89.3147524260177,48.4484948191006],[-89.3147524745454,48.4485076645526],[-89.3147538273575,48.4485832790212],[-89.3147550130668,48.4486838906137],[-89.3148296845521,48.4555964242577],[-89.314828710294,48.4572386587603],[-89.3148277381139,48.4588808982246],[-89.3148277576713,48.4589690232259],[-89.3148280238419,48.4590382146491],[-89.3148278603552,48.459056804654],[-89.3148273569515,48.459068903617],[-89.3148268855287,48.4590746579085],[-89.3148261889878,48.4590802808704],[-89.3148252004961,48.4590857009692],[-89.3148238591497,48.4590909770134],[-89.3148221576386,48.4590963943659],[-89.314820193316,48.459101892585],[-89.3148155948629,48.4591133901581],[-89.3148105863624,48.4591250030513],[-89.3147894223351,48.4591723662992],[-89.3147710669078,48.459213878734],[-89.3147657724045,48.4592254496944],[-89.3147602176517,48.4592367415755],[-89.3147573649857,48.4592420111426],[-89.3147543490879,48.4592470824539],[-89.3147511335149,48.4592518680687],[-89.31474778958,48.4592562108979],[-89.3147440388797,48.4592605925035],[-89.3147409389418,48.4592639353162],[-89.314807437962,48.4593109083603],[-89.3148017022126,48.459316080293],[-89.3147949994432,48.4593217620408],[-89.31478765216,48.4593275494308],[-89.3147793558597,48.4593334989758],[-89.3147698432768,48.4593395341779],[-89.3147593439904,48.4593452599323],[-89.3147490927826,48.4593501646344],[-89.3147393198088,48.4593544011064],[-89.3147299518685,48.4593581741614],[-89.314720737321,48.4593616913035],[-89.3147035805419,48.4593679091161],[-89.3146865356672,48.4593738511551],[-89.3146110352219,48.4593996452442],[-89.3145915889074,48.4594065623175],[-89.3034145598363,48.4595488449995],[-89.3032629394068,48.4595506664085],[-89.3032151362193,48.4595510918361],[-89.3031485985146,48.459551451485],[-89.3031305474565,48.4595516617531],[-89.3031224352633,48.4595518466701],[-89.3031149425711,48.459552119953],[-89.3031085592832,48.4595524861888],[-89.3031068361332,48.459552641254],[-89.303106296949,48.4595532215809],[-89.303103371741,48.4595567360258],[-89.3031001280589,48.4595609550403],[-89.3030967593413,48.4595655796387],[-89.3030894947773,48.4595760342355],[-89.3030518612548,48.4596320169636],[-89.3030324876815,48.4596603343775],[-89.3030241548124,48.4596720231996],[-89.3030195728542,48.4596781764407],[-89.3030147020069,48.4596844326366],[-89.3030093214378,48.4596909338681],[-89.3030032050571,48.4596977359463],[-89.3029961510976,48.4597047745309],[-89.3029883826959,48.4597115997863],[-89.3029806312055,48.4597177526017],[-89.30297308618,48.4597233263532],[-89.3029655933423,48.4597285886513],[-89.3029514926201,48.4597380428407],[-89.3029240117152,48.4597557752326],[-89.3028963207476,48.45977332018],[-89.3028816371055,48.4597822992749],[-89.3028734407025,48.4597870807989],[-89.3028646841353,48.4597919194231],[-89.3028548808651,48.4597969148612],[-89.3028435090057,48.4598020433709],[-89.3028302599282,48.4598070016222],[-89.3028166449003,48.459810928006],[-89.3028038354989,48.4598137945691],[-89.3027919741549,48.4598159088687],[-89.3027808684221,48.4598175320814],[-89.302770293322,48.4598188342622],[-89.3027597516983,48.459819949527],[-89.30274818252,48.4598210169816],[-89.3027240987626,48.4598229764705],[-89.3026754634048,48.459826511615],[-89.3026591567116,48.4598279942022],[-89.3021442190393,48.4597601898518],[-89.3021079569461,48.4597554928877],[-89.3020810154664,48.4597521740151],[-89.3020256011044,48.4597458332193],[-89.3013444711739,48.4596695034171],[-89.3011673140671,48.4596495402664],[-89.3011306148281,48.4596455229408],[-89.3011131900494,48.4596437886357],[-89.3010961513327,48.4596423651106],[-89.3010884802687,48.4596418653596],[-89.301071170039,48.4596409889018],[-89.3010440739475,48.4596399618012],[-89.3008101444279,48.4596326467518],[-89.3003699534863,48.4596186459666],[-89.3003332725573,48.4596176052381],[-89.3003068489212,48.4596171790339],[-89.3002802204752,48.4596173093555],[-89.3002337636604,48.4596181339921],[-89.2999786979438,48.4596233962057],[-89.2915855238737,48.459793930438],[-89.2912548081059,48.4598005525736],[-89.2912175149091,48.4598013844778],[-89.2911996447412,48.4598019194701],[-89.2911823529224,48.4598026507782],[-89.2911651457114,48.4598036989039],[-89.2911473818197,48.4598050019424],[-89.2911197948869,48.4598072213162],[-89.2908016560415,48.4598337465528],[-89.2906333603791,48.4598474980257],[-89.2906157003383,48.4598490652347],[-89.2905987108085,48.4598508026345],[-89.2905913580751,48.4598516931288],[-89.2905844661698,48.4598526635198],[-89.2905782930357,48.4598537041724],[-89.2905723760312,48.4598549052751],[-89.2905662148899,48.4598563325732],[-89.2905512759224,48.4598602289794],[-89.2905357376581,48.4598646357691],[-89.2905110739053,48.4598719324618],[-89.290418518684,48.4598996526232],[-89.2903174860083,48.4599296054878],[-89.2903013480968,48.4599344857477],[-89.2902859583899,48.4599393088208],[-89.2902714639389,48.4599441860457],[-89.2902654114867,48.4599464056273],[-89.2902594435332,48.4599487593859],[-89.290245722592,48.4599546226091],[-89.2902316599121,48.4599610081813],[-89.2902095624873,48.4599713757852],[-89.2901267859411,48.4600107262027],[-89.2900064038984,48.4600677230894],[-89.2899850591621,48.4600781350474],[-89.2899717150947,48.4600849795408],[-89.2899655936933,48.4600882828572],[-89.2899522554876,48.4600957687408],[-89.2899247017941,48.4601118376465],[-89.2895392500783,48.4603398718346],[-89.2894198438637,48.4604106514696],[-89.2894048645397,48.4604193090127],[-89.2893892947565,48.4604279522131],[-89.2893805609831,48.4604325464221],[-89.2893714776895,48.4604370693101],[-89.2893618404492,48.4604415474387],[-89.2893440555476,48.4604491847312],[-89.2893183952299,48.4604594476226],[-89.2891782904407,48.460513556624],[-89.2891607295861,48.4605200710619],[-89.2891512477247,48.4605234331116],[-89.2891413882666,48.4605267612871],[-89.2891308073311,48.4605300795267],[-89.2891194487058,48.4605332809807],[-89.2891081597098,48.4605360455776],[-89.2890973396211,48.4605383779679],[-89.2890867804969,48.4605404370438],[-89.2890674542487,48.4605438240392],[-89.2890396802564,48.460548241081],[-89.2889228349688,48.4605661504459],[-89.28888592243,48.4605716085375],[-89.2888661992363,48.4605741711451],[-89.2888553609003,48.460575376511],[-89.2888442548143,48.4605764036581],[-89.288832798729,48.4605771984396],[-89.2888215231865,48.4605777664939],[-89.288800881095,48.4605784264456],[-89.2887619147187,48.460579005627],[-89.288648151639,48.4605800283911],[-89.2884874316091,48.4605816667401],[-89.2779608072191,48.4606904465354],[-89.2733639590077,48.4607486899847],[-89.2732219739536,48.4607504450683],[-89.2731180333456,48.4607515696537],[-89.273090523106,48.4607519909143],[-89.2730730545921,48.4607524737613],[-89.2730679940674,48.4607526907248]]]},"properties":{"OBJECTID":16,"BABY_ATOM":"20400","FIRE_AREA":"2D","FIRE_STATION":"STATION 2","GlobalID":"0335d488-e84f-4727-9a01-8a964eadde84","Shape__Area":11278836.287353516,"Shape__Length":14135.968219150842}},{"type":"Feature","id":17,"geometry":{"type":"Polygon","coordinates":[[[-89.3274812132469,48.4403083974837],[-89.3257703846348,48.4011945214738],[-89.3263556331321,48.4011006793517],[-89.3269425309625,48.4010115218161],[-89.327530992455,48.400927063173],[-89.3281209330858,48.4008473132081],[-89.3293852384402,48.4006803393564],[-89.329385224946,48.4006874089125],[-89.3293936166221,48.4006792330162],[-89.3293865739708,48.4006926855733],[-89.3300878745996,48.4006165855478],[-89.3307907231138,48.4005471097597],[-89.3314949784879,48.4004842709382],[-89.3322004984319,48.4004280836412],[-89.3329071431113,48.4003785569816],[-89.3336147701174,48.4003357028272],[-89.3343232355291,48.4002995294812],[-89.3350324007034,48.4002700424437],[-89.3357421203315,48.4002472491531],[-89.3364522530319,48.4002311542723],[-89.3371626573421,48.4002217606701],[-89.3525753064031,48.4001572382798],[-89.3525804141348,48.4002109556376],[-89.3532758003691,48.4174634022989],[-89.3537834400241,48.4308094943479],[-89.354126816139,48.4398305382914],[-89.3538293015182,48.4398359084781],[-89.3500322472326,48.439904375816],[-89.3462351478502,48.439972705064],[-89.3274812132469,48.4403083974837]]]},"properties":{"OBJECTID":17,"BABY_ATOM":"80300","FIRE_AREA":"8C","FIRE_STATION":"STATION 8","GlobalID":"e805e5b4-7866-42f6-b818-a7902357aaac","Shape__Area":8751613.4007568359,"Shape__Length":12733.360185012778}},{"type":"Feature","id":18,"geometry":{"type":"Polygon","coordinates":[[[-89.2840965963953,48.418996557674],[-89.2844287536131,48.4173116143337],[-89.2844390915709,48.4172619989939],[-89.2846172784416,48.41641939824],[-89.2846333387557,48.4163448787244],[-89.2848970957739,48.4151435704723],[-89.2849095112807,48.4150875562462],[-89.2850205048206,48.4145992207554],[-89.2854257447556,48.4128161919196],[-89.2858727276554,48.4108176744369],[-89.2859573968782,48.4104448178003],[-89.2863627210745,48.4086598067929],[-89.2863684629794,48.4086349444194],[-89.2863731248384,48.4086163432074],[-89.2863748354804,48.408610161282],[-89.2863785786338,48.4085978630113],[-89.2863826031295,48.408585600535],[-89.2863888797506,48.4085672371412],[-89.2868601547087,48.4072092037483],[-89.2869300863428,48.4070073125393],[-89.2869386719406,48.4069828614447],[-89.2869431425035,48.406970667452],[-89.2869479046976,48.4069585279422],[-89.2869504503616,48.4069524967526],[-89.2869558060764,48.4069404839996],[-89.2869670325315,48.4069165526208],[-89.2870441425576,48.4067552560759],[-89.2872950480148,48.406229470886],[-89.287309456391,48.4061996323774],[-89.2873185319294,48.4061818313767],[-89.287328298632,48.406164225368],[-89.2873418699607,48.406140880727],[-89.2877328544732,48.405476553835],[-89.288685085846,48.4056939985751],[-89.2961976956934,48.4074091310998],[-89.2965646425603,48.4074743175579],[-89.2969341588633,48.4075327151761],[-89.2973059627521,48.4075842800735],[-89.2976797671337,48.4076289720768],[-89.2980552878954,48.4076667572545],[-89.2984322357232,48.4076976062818],[-89.2988103228943,48.4077214952039],[-89.2991892579575,48.4077384073423],[-89.2995687508913,48.4077483277932],[-89.2999485106884,48.4077512497738],[-89.3003282465843,48.4077471718989],[-89.3007076665863,48.407736095511],[-89.3010864818087,48.4077180308913],[-89.3014643993976,48.407692990204],[-89.3018411309574,48.4076609945252],[-89.3022163881761,48.4076220667325],[-89.3025898817194,48.4075762369256],[-89.3029613265912,48.4075235414193],[-89.3033304365709,48.4074640192556],[-89.3036969311682,48.4073977165632],[-89.3040605274412,48.4073246849219],[-89.304420947976,48.4072449785032],[-89.3047779144208,48.4071586604981],[-89.3134713381898,48.4043760579537],[-89.3145386823231,48.4040279939115],[-89.3146066042781,48.4040059975953],[-89.3152328359313,48.4037921636388],[-89.3158635086285,48.4035842029951],[-89.3164985000411,48.4033821558458],[-89.3171376851069,48.4031860615297],[-89.3177809374206,48.4029959594152],[-89.3184281304611,48.4028118861761],[-89.3190791350551,48.4026338794419],[-89.3197338258812,48.4024619722684],[-89.320392073697,48.4022962004919],[-89.3210537463619,48.4021365955116],[-89.3217187171411,48.4019831886199],[-89.3223868511647,48.4018360103766],[-89.3230580202775,48.4016950903089],[-89.3237320921568,48.4015604553317],[-89.3244089317853,48.4014321324175],[-89.3250884067685,48.4013101466889],[-89.3257703846348,48.4011945214738],[-89.3274812132469,48.4403083974837],[-89.3173075563934,48.4395042411962],[-89.3036060547519,48.4371592381231],[-89.2925557727312,48.4332854741694],[-89.2821881133119,48.4267267791965],[-89.2824578494583,48.4256344019635],[-89.2840965963953,48.418996557674]]]},"properties":{"OBJECTID":18,"BABY_ATOM":"20300","FIRE_AREA":"2C","FIRE_STATION":"STATION 2","GlobalID":"f0cbf953-d7a7-4ce3-a256-1807d6608151","Shape__Area":10782365.694458008,"Shape__Length":13542.759227001685}},{"type":"Feature","id":19,"geometry":{"type":"Polygon","coordinates":[[[-89.2874500057478,48.3586265283895],[-89.2876776308581,48.3584886277049],[-89.288363683664,48.3581310550832],[-89.2890379593355,48.3577805769299],[-89.2890809277973,48.3577546842656],[-89.2891166746901,48.3577290298322],[-89.2891489228609,48.3577014017214],[-89.2891774371167,48.357672004362],[-89.2892037896173,48.3576388054209],[-89.2892231472564,48.3576090945948],[-89.2892248264843,48.357606258453],[-89.2892775631539,48.3575276503581],[-89.2893480895202,48.3574431779844],[-89.2894293784643,48.3573631393525],[-89.2895208271516,48.3572881213814],[-89.289621748287,48.3572186937763],[-89.2897313575738,48.3571554002821],[-89.2898434618073,48.3571012982858],[-89.2898986468075,48.3570783804037],[-89.2899700560328,48.3570531356331],[-89.2900505668695,48.3570304150766],[-89.2901337990471,48.3570124458039],[-89.2902190469777,48.3569993885223],[-89.2903056114142,48.3569913345341],[-89.2903929814813,48.3569883309026],[-89.2904803681249,48.3569904230364],[-89.2905138238917,48.3569931782981],[-89.2905738647774,48.3569288479119],[-89.290626238483,48.3568786289017],[-89.2908544847523,48.3566819515194],[-89.2911722964471,48.3564525727605],[-89.2911928756,48.3564348380651],[-89.2911891654014,48.3563897213434],[-89.2911918723665,48.3563342952173],[-89.2912018185798,48.3562793015701],[-89.2912188867615,48.3562251359262],[-89.2912430311288,48.3561720421261],[-89.2912740137121,48.3561206142415],[-89.2913115437044,48.3560712314566],[-89.2913554531145,48.3560241517411],[-89.2913955259137,48.355988540156],[-89.2914169166476,48.3559711473433],[-89.2914657570798,48.3559349822083],[-89.2915303307844,48.3558948253244],[-89.2915999406354,48.3558585665025],[-89.2916739513009,48.355826518012],[-89.2917519535168,48.3557988553549],[-89.2918332493698,48.3557758497619],[-89.2918705807813,48.3557677565097],[-89.291941635752,48.3557083568869],[-89.2920414661176,48.3556166297467],[-89.2923361963111,48.3553230385225],[-89.2926448880612,48.3550155090721],[-89.2930491789781,48.3546328247554],[-89.2934601450496,48.3542652061406],[-89.2935366473456,48.3541999159709],[-89.2938733843924,48.3539418117982],[-89.2944221898181,48.3535873938938],[-89.2948033355508,48.3533768593001],[-89.2956071571341,48.3529782488352],[-89.2960379778469,48.3527864065383],[-89.2960880321479,48.3527672932541],[-89.2961472109505,48.3527486104545],[-89.2962117666104,48.352732664343],[-89.2962784907024,48.3527204529259],[-89.2963463945995,48.3527122352773],[-89.2964145163822,48.3527079937179],[-89.2964834825269,48.3527077004389],[-89.2965525607794,48.352711461839],[-89.2966204894347,48.3527191978498],[-89.2966793909046,48.3527294786763],[-89.2967351972692,48.3527418961164],[-89.2968051061488,48.3527609760629],[-89.2968699219392,48.3527832402447],[-89.2971748166074,48.3529037443287],[-89.2975428471792,48.3530559365398],[-89.2977664401424,48.3531507806262],[-89.2977862619617,48.353159351373],[-89.2979400090764,48.3532325007461],[-89.2980957047096,48.3533211945893],[-89.2982603474217,48.3534329408524],[-89.2982832821106,48.3534460056107],[-89.2983120384537,48.3534596863876],[-89.2983207960096,48.3534632380821],[-89.2984476206597,48.353506516186],[-89.2984822106293,48.3535165775873],[-89.2988909381785,48.3536190110791],[-89.2989859838877,48.3536031564804],[-89.2990991146118,48.3535911392929],[-89.2992018548395,48.3535862902184],[-89.2992644092695,48.3535856817143],[-89.2993899161397,48.3535891677206],[-89.2995259333046,48.3536009217035],[-89.2996598757631,48.3536205331263],[-89.2997907226679,48.3536478442656],[-89.2999079098061,48.3536800154081],[-89.299955403622,48.3536953085057],[-89.3000239185694,48.3537208196854],[-89.3000973851253,48.3537540937599],[-89.3001661912001,48.3537914918905],[-89.3002298190565,48.3538327284266],[-89.3002878400488,48.3538775177351],[-89.3003397978359,48.35392552885],[-89.3003852495964,48.3539763414597],[-89.3004238862864,48.3540295982571],[-89.3004462270842,48.3540687824338],[-89.3004625791663,48.354064319124],[-89.3011976451019,48.3540885803066],[-89.3015376782096,48.3540908940747],[-89.302269572127,48.3540801622384],[-89.3025555890499,48.3540708150645],[-89.3026470010311,48.3540639871919],[-89.3027282190873,48.3540530779113],[-89.3028075136646,48.3540375329097],[-89.3028778299475,48.3540191796191],[-89.3029454519188,48.3539968196911],[-89.3030123492585,48.3539696174009],[-89.3030385070728,48.3539565905603],[-89.303060702484,48.3539433776577],[-89.3030862974398,48.35392523352],[-89.3030866829228,48.353924920784],[-89.3032187235451,48.3538019004029],[-89.3033320626662,48.3536740575731],[-89.303360290751,48.3536344718253],[-89.3033820338229,48.3535955477385],[-89.303399656591,48.3535529659415],[-89.3034114053866,48.3535128006742],[-89.3034202207138,48.3534796690169],[-89.3034549130254,48.3533831697731],[-89.3035053479998,48.3532825671831],[-89.30356874434,48.3531852768843],[-89.3036393298228,48.3530985450062],[-89.3036688594586,48.3530667582042],[-89.3037240149157,48.3530143845758],[-89.3037929102163,48.3529597759637],[-89.3038686989072,48.352909375862],[-89.3039507511665,48.3528635864686],[-89.3040069609327,48.3528374102209],[-89.3040086653631,48.352818694605],[-89.3038012835553,48.3515854054949],[-89.3038712775368,48.3514539498329],[-89.3039049659493,48.3514017705163],[-89.3039491996409,48.3513469892468],[-89.3040004081561,48.3512949932711],[-89.3040582606488,48.3512461392116],[-89.30412227247,48.3512008452565],[-89.3041919275327,48.3511594609432],[-89.3042667313149,48.3511222750942],[-89.304318569726,48.3511009216599],[-89.3037193889182,48.3509153441544],[-89.3037076023722,48.3508570490167],[-89.3036946124049,48.3508185526491],[-89.3035481826756,48.3505180429033],[-89.3035370222099,48.3504973023779],[-89.3034945042787,48.3504022581858],[-89.3034625876161,48.3502986384297],[-89.3034294836155,48.3501175246644],[-89.3033830421515,48.3498180751038],[-89.3032657276631,48.3492695266692],[-89.3031399457703,48.3486844199796],[-89.3031318504558,48.3486398880534],[-89.3030874817833,48.3482390923508],[-89.3030887626451,48.3480934883325],[-89.3031102449839,48.347926218594],[-89.3031397481718,48.3478062067076],[-89.3031929746561,48.3476608577357],[-89.3032531451807,48.3475422379097],[-89.3038874527175,48.3478502579435],[-89.3058938358441,48.3488245146771],[-89.3059952055341,48.351273646649],[-89.3059966251954,48.3513079345649],[-89.3061381049609,48.3547257976557],[-89.3061386549439,48.3558163615698],[-89.3061386984523,48.3569527038129],[-89.306108253669,48.3597341114948],[-89.3061079804643,48.3597839674516],[-89.3061052701691,48.3613272018396],[-89.3061031967198,48.3625082175479],[-89.3060766118041,48.3636900548651],[-89.3060764951619,48.3636983240742],[-89.3060764811384,48.3637015112572],[-89.3102120048232,48.3639176430342],[-89.3119583456251,48.3640085309847],[-89.3120150418775,48.3640118258156],[-89.3120618369027,48.3640144028725],[-89.3121203418395,48.3640176243924],[-89.3123301531372,48.3640280251576],[-89.312405587157,48.364032290789],[-89.3124185513635,48.3640330233834],[-89.3124257958257,48.3640333932427],[-89.3124931542617,48.3640368252075],[-89.3125128548345,48.3640378289953],[-89.3128241630722,48.3640541223649],[-89.3171291337598,48.364300286073],[-89.320533465182,48.3646364710316],[-89.3243410063302,48.3652254416578],[-89.3284131232559,48.3659887147437],[-89.3295381592212,48.3661997964865],[-89.3299792090789,48.3662825433077],[-89.3335205443331,48.3669468722091],[-89.3373753480642,48.3676783396213],[-89.3420881658152,48.3685631114095],[-89.3481175705765,48.3697018953286],[-89.3350455452012,48.3768950268949],[-89.3318138273958,48.3785080086248],[-89.3294448885624,48.3783353033334],[-89.3294257184871,48.3808309159549],[-89.3293852384402,48.4006803393564],[-89.3281209330858,48.4008473132081],[-89.327530992455,48.400927063173],[-89.3269425309625,48.4010115218161],[-89.3263556331321,48.4011006793517],[-89.3257703846348,48.4011945214738],[-89.3250884067685,48.4013101466889],[-89.3244089317853,48.4014321324175],[-89.3237320921568,48.4015604553317],[-89.3230580202775,48.4016950903089],[-89.3223868511647,48.4018360103766],[-89.3217187171411,48.4019831886199],[-89.3210537463619,48.4021365955116],[-89.320392073697,48.4022962004919],[-89.3197338258812,48.4024619722684],[-89.3190791350551,48.4026338794419],[-89.3184281304611,48.4028118861761],[-89.3177809374206,48.4029959594152],[-89.3171376851069,48.4031860615297],[-89.3164985000411,48.4033821558458],[-89.3158635086285,48.4035842029951],[-89.3152328359313,48.4037921636388],[-89.3146066042781,48.4040059975953],[-89.3145386823231,48.4040279939115],[-89.3134713381898,48.4043760579537],[-89.3047779144208,48.4071586604981],[-89.304420947976,48.4072449785032],[-89.3040605274412,48.4073246849219],[-89.3036969311682,48.4073977165632],[-89.3033304365709,48.4074640192556],[-89.3029613265912,48.4075235414193],[-89.3025898817194,48.4075762369256],[-89.3022163881761,48.4076220667325],[-89.3018411309574,48.4076609945252],[-89.3014643993976,48.407692990204],[-89.3010864818087,48.4077180308913],[-89.3007076665863,48.407736095511],[-89.3003282465843,48.4077471718989],[-89.2999485106884,48.4077512497738],[-89.2995687508913,48.4077483277932],[-89.2991892579575,48.4077384073423],[-89.2988103228943,48.4077214952039],[-89.2984322357232,48.4076976062818],[-89.2980552878954,48.4076667572545],[-89.2976797671337,48.4076289720768],[-89.2973059627521,48.4075842800735],[-89.2969341588633,48.4075327151761],[-89.2965646425603,48.4074743175579],[-89.2961976956934,48.4074091310998],[-89.288685085846,48.4056939985751],[-89.2877328544732,48.405476553835],[-89.2884451960885,48.4043936802847],[-89.2884644116797,48.4043649669054],[-89.2884724233894,48.404353585924],[-89.2884807958548,48.4043423246264],[-89.2884894109518,48.4043311403763],[-89.2885069413607,48.4043088675704],[-89.2886391000513,48.4041420485717],[-89.2892905704535,48.4033189030606],[-89.2893082484832,48.4032966829714],[-89.2893217726449,48.403280118559],[-89.2893358677049,48.4032638100028],[-89.2893553335354,48.4032423451876],[-89.2896261307565,48.4029484002609],[-89.2897392544796,48.4028254271489],[-89.289754107847,48.4028094309463],[-89.2897641595029,48.4027988343148],[-89.2897744745417,48.4027883557027],[-89.2897852086436,48.4027780315986],[-89.2897962061685,48.4027678264125],[-89.2898185280259,48.4027475624858],[-89.2899530779234,48.4026262553275],[-89.291011847389,48.401670606754],[-89.2910343353965,48.4016504229496],[-89.2910456913894,48.4016403877477],[-89.2910572226652,48.4016304345279],[-89.2910689305335,48.4016205623644],[-89.2910984996291,48.4015960356889],[-89.2941405862587,48.3990837275626],[-89.2946426126809,48.3986723757325],[-89.2961849682581,48.3974085477521],[-89.2975040953427,48.3963191376985],[-89.2976402576982,48.3962068305628],[-89.2976637123419,48.3961871902482],[-89.2976751489929,48.3961772310383],[-89.2976861557513,48.3961670563811],[-89.297701923758,48.3961514259313],[-89.2977223968092,48.3961303219155],[-89.2978291988605,48.3960191977102],[-89.2986692387363,48.3951465130298],[-89.2987864730225,48.3950249169176],[-89.298806581942,48.3950036670242],[-89.2988162770768,48.3949929084495],[-89.2988209384603,48.3949874600046],[-89.2988254361349,48.3949819464518],[-89.2988340577669,48.3949707810581],[-89.2988423894781,48.394959508092],[-89.2988546514117,48.3949425115783],[-89.2989602579052,48.3947949607432],[-89.2994117287586,48.3941652599769],[-89.2994931837411,48.3940518310902],[-89.2995092497736,48.3940290828631],[-89.2995169947219,48.3940176272341],[-89.2995207201062,48.3940118582733],[-89.2995242975112,48.3940060733768],[-89.2995311580605,48.3939944194935],[-89.2995443058869,48.3939709522382],[-89.2996121497922,48.3938474151139],[-89.3000198687612,48.3931063771824],[-89.3001235391967,48.3929182054859],[-89.3001394941035,48.3928887527094],[-89.3001455444344,48.3928769035528],[-89.3001511334353,48.392864950256],[-89.3001562585287,48.3928528955696],[-89.3001635233198,48.3928347239256],[-89.3002245806141,48.3926768458342],[-89.3003634570304,48.3923186454035],[-89.3003727240755,48.3922943388377],[-89.300379267351,48.3922760484492],[-89.3003851222708,48.392257622473],[-89.3003923852815,48.3922329745035],[-89.3005596314305,48.3916532241843],[-89.3006007066062,48.3915113894285],[-89.300607697771,48.3914867090912],[-89.3006124591878,48.3914681538206],[-89.3006138301753,48.3914619487616],[-89.3006161253618,48.391449516991],[-89.3006180366295,48.3914370497134],[-89.3006213830581,48.3914120724981],[-89.3006437766788,48.3912371302545],[-89.3007564306591,48.3903624843486],[-89.3007734382786,48.3902312900195],[-89.3007757471577,48.390212544476],[-89.3007771056497,48.3902000432658],[-89.3007781448843,48.3901875322477],[-89.3007784801182,48.3901812471373],[-89.3007789476297,48.3901623800804],[-89.3007790334988,48.3901372080659],[-89.300778810268,48.3899924466611],[-89.30077696969,48.3876071009897],[-89.3007637642567,48.385250640492],[-89.3007734326386,48.3832948154454],[-89.300773480324,48.383257081952],[-89.3007732473901,48.3832382270909],[-89.3007725330777,48.3832068097466],[-89.3007370024161,48.3818056545819],[-89.3007364519698,48.381755313244],[-89.3007302281092,48.3808615505378],[-89.3006826299581,48.379299477803],[-89.3006818032919,48.3792681103748],[-89.3006816199238,48.3792430129874],[-89.3006820913748,48.3792053582684],[-89.3006989053805,48.3781510356302],[-89.3006998415477,48.3781008309739],[-89.3007012477187,48.3780568575384],[-89.3007384839542,48.3769952628515],[-89.3007424797336,48.3768758993089],[-89.3007435408404,48.3768507851103],[-89.3007444072654,48.3768382487328],[-89.300745020669,48.3768319931341],[-89.300745816922,48.3768257491725],[-89.300748025204,48.3768133793913],[-89.3007507725877,48.3768010447103],[-89.3007553542185,48.3767825730624],[-89.3007825077329,48.3766779761283],[-89.3008189242149,48.376536434788],[-89.3008256080379,48.3765118693929],[-89.3008293367084,48.3764996428382],[-89.3008313871431,48.3764935384335],[-89.3008357749077,48.3764813724695],[-89.3008451023105,48.3764571194728],[-89.3010309707873,48.3759847638466],[-89.3010879789381,48.3758393868098],[-89.301095186556,48.3758212314897],[-89.3011001526066,48.3758091637103],[-89.301105415966,48.375797160161],[-89.3011112341256,48.3757852705734],[-89.3011176070851,48.3757734949473],[-89.3011276724625,48.3757559401489],[-89.3013958613765,48.3753009426374],[-89.3015037635189,48.3751401508373],[-89.3016207347161,48.3749821978429],[-89.3017466069312,48.3748273119261],[-89.3018811970492,48.3746757162611],[-89.3020243148516,48.3745276260653],[-89.3021757512381,48.3743832569335],[-89.3023352912331,48.3742428137802],[-89.3025027035974,48.3741065000456],[-89.3026777499895,48.3739745112145],[-89.3028601769508,48.3738470367758],[-89.3030497239612,48.3737242591623],[-89.3032461167741,48.3736063556836],[-89.3034490740405,48.3734934956945],[-89.3036583059599,48.3733858406223],[-89.3038735089644,48.3732835458731],[-89.3040943763909,48.3731867579189],[-89.3043205890762,48.3730956153859],[-89.3045518234936,48.3730102497917],[-89.3045769650542,48.3730016095067],[-89.3046021988633,48.3729931581133],[-89.3046528764937,48.3729766002015],[-89.3061155642412,48.3725011726071],[-89.3064076970296,48.3724439729497],[-89.3066972113919,48.3723811413829],[-89.3069838611417,48.3723127305517],[-89.307267407087,48.3722387983617],[-89.3075476075045,48.3721594063702],[-89.3078242250896,48.3720746241457],[-89.3080970292484,48.3719845202242],[-89.3083657857922,48.371889173113],[-89.3086302700637,48.3717886629292],[-89.308890258924,48.3716830733601],[-89.2937410183805,48.3719321849563],[-89.2936305845416,48.3711517253495],[-89.2936288300962,48.3694139405458],[-89.293624998908,48.3672456543608],[-89.2936221393496,48.3650732776574],[-89.2936176922495,48.3639915170486],[-89.2936356706691,48.3631546470495],[-89.2894289065037,48.361020358817],[-89.2885462136311,48.3599089915561],[-89.2881595827827,48.3594200303501],[-89.288021949552,48.3592348465593],[-89.288013408252,48.3592237130202],[-89.2880045709877,48.3592126933392],[-89.2879999638967,48.3592072560792],[-89.2879951585009,48.3592018524567],[-89.2879851640878,48.3591911914056],[-89.2879748751404,48.3591806459834],[-89.2879591994227,48.3591649190455],[-89.2878488965009,48.3590550550591],[-89.2875964000365,48.3588030962468],[-89.2874500057478,48.3586265283895]]]},"properties":{"OBJECTID":19,"BABY_ATOM":"60000","FIRE_AREA":"6","FIRE_STATION":"STATION 6","GlobalID":"465f0a33-55a6-4b25-8d47-c6d6131337b4","Shape__Area":13018654.399780273,"Shape__Length":22035.917022518086}},{"type":"Feature","id":20,"geometry":{"type":"Polygon","coordinates":[[[-89.2835224387779,48.372022590605],[-89.2727259686529,48.3721171108093],[-89.2739060282955,48.3711091669037],[-89.2660766285153,48.3711818555357],[-89.2660063180192,48.3638137102697],[-89.2671606768804,48.363680313803],[-89.2675111083556,48.3636216324678],[-89.2677068916774,48.3635788304855],[-89.268179097207,48.3634502934269],[-89.2685470555176,48.3633270025862],[-89.2689010983254,48.363203741315],[-89.2697508395514,48.3629516165907],[-89.2708909137739,48.3626762500555],[-89.2718170702885,48.3624492952411],[-89.2721787579737,48.362339275336],[-89.2724914563494,48.3622227690297],[-89.2725923743704,48.3621831795518],[-89.2728960388044,48.3620796972338],[-89.2732139821429,48.3619937332508],[-89.2733940931122,48.3619538811107],[-89.2737301715761,48.3618953295329],[-89.2746683221932,48.361789007665],[-89.2750331618067,48.3617293353394],[-89.2763416287092,48.3614472381401],[-89.2764199387872,48.3614276209079],[-89.2766259992947,48.3613766590321],[-89.2778059493007,48.3611295775966],[-89.2783061321121,48.3610484305135],[-89.2800188630251,48.3608488125587],[-89.2804486354202,48.3607778419055],[-89.2819448981745,48.3604699544041],[-89.2830050918707,48.3601947324259],[-89.2834511716883,48.3600608593183],[-89.2841742109151,48.3598417743683],[-89.284581481388,48.3597249505002],[-89.2860983509388,48.3593569595491],[-89.2863218041213,48.3592875063077],[-89.2864680487166,48.359232754881],[-89.2865620222424,48.359191070569],[-89.2866467488464,48.3591459180088],[-89.2874500057478,48.3586265283895],[-89.2875964000365,48.3588030962468],[-89.2878488965009,48.3590550550591],[-89.2879591994227,48.3591649190455],[-89.2879748751404,48.3591806459834],[-89.2879851640878,48.3591911914056],[-89.2879951585009,48.3592018524567],[-89.2879999638967,48.3592072560792],[-89.2880045709877,48.3592126933392],[-89.288013408252,48.3592237130202],[-89.288021949552,48.3592348465593],[-89.2881595827827,48.3594200303501],[-89.2885462136311,48.3599089915561],[-89.2894289065037,48.361020358817],[-89.2936356706691,48.3631546470495],[-89.2936176922495,48.3639915170486],[-89.2936221393496,48.3650732776574],[-89.293624998908,48.3672456543608],[-89.2936288300962,48.3694139405458],[-89.2936305845416,48.3711517253495],[-89.2937410183805,48.3719321849563],[-89.2835224387779,48.372022590605]]]},"properties":{"OBJECTID":20,"BABY_ATOM":"60100","FIRE_AREA":"6A","FIRE_STATION":"STATION 6","GlobalID":"84e6a554-92da-4020-930c-ff1870394257","Shape__Area":2359400.3521728516,"Shape__Length":6476.8188509834144}},{"type":"Feature","id":21,"geometry":{"type":"Polygon","coordinates":[[[-89.2835909109776,48.3904080131726],[-89.2833452739839,48.3870692304064],[-89.2835224387779,48.372022590605],[-89.2937410183805,48.3719321849563],[-89.308890258924,48.3716830733601],[-89.3086302700637,48.3717886629292],[-89.3083657857922,48.371889173113],[-89.3080970292484,48.3719845202242],[-89.3078242250896,48.3720746241457],[-89.3075476075045,48.3721594063702],[-89.307267407087,48.3722387983617],[-89.3069838611417,48.3723127305517],[-89.3066972113919,48.3723811413829],[-89.3064076970296,48.3724439729497],[-89.3061155642412,48.3725011726071],[-89.3046528764937,48.3729766002015],[-89.3046021988633,48.3729931581133],[-89.3045769650542,48.3730016095067],[-89.3045518234936,48.3730102497917],[-89.3043205890762,48.3730956153859],[-89.3040943763909,48.3731867579189],[-89.3038735089644,48.3732835458731],[-89.3036583059599,48.3733858406223],[-89.3034490740405,48.3734934956945],[-89.3032461167741,48.3736063556836],[-89.3030497239612,48.3737242591623],[-89.3028601769508,48.3738470367758],[-89.3026777499895,48.3739745112145],[-89.3025027035974,48.3741065000456],[-89.3023352912331,48.3742428137802],[-89.3021757512381,48.3743832569335],[-89.3020243148516,48.3745276260653],[-89.3018811970492,48.3746757162611],[-89.3017466069312,48.3748273119261],[-89.3016207347161,48.3749821978429],[-89.3015037635189,48.3751401508373],[-89.3013958613765,48.3753009426374],[-89.3011276724625,48.3757559401489],[-89.3011176070851,48.3757734949473],[-89.3011112341256,48.3757852705734],[-89.301105415966,48.375797160161],[-89.3011001526066,48.3758091637103],[-89.301095186556,48.3758212314897],[-89.3010879789381,48.3758393868098],[-89.3010309707873,48.3759847638466],[-89.3008451023105,48.3764571194728],[-89.3008357749077,48.3764813724695],[-89.3008313871431,48.3764935384335],[-89.3008293367084,48.3764996428382],[-89.3008256080379,48.3765118693929],[-89.3008189242149,48.376536434788],[-89.3007825077329,48.3766779761283],[-89.3007553542185,48.3767825730624],[-89.3007507725877,48.3768010447103],[-89.300748025204,48.3768133793913],[-89.300745816922,48.3768257491725],[-89.300745020669,48.3768319931341],[-89.3007444072654,48.3768382487328],[-89.3007435408404,48.3768507851103],[-89.3007424797336,48.3768758993089],[-89.3007384839542,48.3769952628515],[-89.3007012477187,48.3780568575384],[-89.3006998415477,48.3781008309739],[-89.3006989053805,48.3781510356302],[-89.3006820913748,48.3792053582684],[-89.3006816199238,48.3792430129874],[-89.3006818032919,48.3792681103748],[-89.3006826299581,48.379299477803],[-89.3007302281092,48.3808615505378],[-89.3007364519698,48.381755313244],[-89.3007370024161,48.3818056545819],[-89.3007725330777,48.3832068097466],[-89.3007732473901,48.3832382270909],[-89.300773480324,48.383257081952],[-89.3007734326386,48.3832948154454],[-89.3007637642567,48.385250640492],[-89.30077696969,48.3876071009897],[-89.300778810268,48.3899924466611],[-89.3007790334988,48.3901372080659],[-89.3007789476297,48.3901623800804],[-89.3007784801182,48.3901812471373],[-89.3007781448843,48.3901875322477],[-89.3007771056497,48.3902000432658],[-89.3007757471577,48.390212544476],[-89.3007734382786,48.3902312900195],[-89.3007564306591,48.3903624843486],[-89.3006437766788,48.3912371302545],[-89.3006213830581,48.3914120724981],[-89.3006180366295,48.3914370497134],[-89.3006161253618,48.391449516991],[-89.3006138301753,48.3914619487616],[-89.3006124591878,48.3914681538206],[-89.300607697771,48.3914867090912],[-89.3006007066062,48.3915113894285],[-89.3005596314305,48.3916532241843],[-89.3003923852815,48.3922329745035],[-89.3003851222708,48.392257622473],[-89.300379267351,48.3922760484492],[-89.3003727240755,48.3922943388377],[-89.3003634570304,48.3923186454035],[-89.3002245806141,48.3926768458342],[-89.3001635233198,48.3928347239256],[-89.3001562585287,48.3928528955696],[-89.3001511334353,48.392864950256],[-89.3001455444344,48.3928769035528],[-89.3001394941035,48.3928887527094],[-89.3001235391967,48.3929182054859],[-89.3000198687612,48.3931063771824],[-89.2996121497922,48.3938474151139],[-89.2995443058869,48.3939709522382],[-89.2995311580605,48.3939944194935],[-89.2995242975112,48.3940060733768],[-89.2995207201062,48.3940118582733],[-89.2995169947219,48.3940176272341],[-89.2995092497736,48.3940290828631],[-89.2994931837411,48.3940518310902],[-89.2994117287586,48.3941652599769],[-89.2989602579052,48.3947949607432],[-89.2988546514117,48.3949425115783],[-89.2988423894781,48.394959508092],[-89.2988340577669,48.3949707810581],[-89.2988254361349,48.3949819464518],[-89.2988209384603,48.3949874600046],[-89.2988162770768,48.3949929084495],[-89.298806581942,48.3950036670242],[-89.2987864730225,48.3950249169176],[-89.2986692387363,48.3951465130298],[-89.2978291988605,48.3960191977102],[-89.2977223968092,48.3961303219155],[-89.297701923758,48.3961514259313],[-89.2976861557513,48.3961670563811],[-89.2976751489929,48.3961772310383],[-89.2976637123419,48.3961871902482],[-89.2976402576982,48.3962068305628],[-89.2975040953427,48.3963191376985],[-89.2961849682581,48.3974085477521],[-89.2946426126809,48.3986723757325],[-89.2915465495741,48.3983195622842],[-89.2918304835059,48.3939434155328],[-89.2913031871516,48.393944143784],[-89.2895207676479,48.3939465871007],[-89.2871073882658,48.3939441036901],[-89.2868510932403,48.3939432075222],[-89.2848434778344,48.3939417940154],[-89.2838515885211,48.3939505231175],[-89.2835909109776,48.3904080131726]]]},"properties":{"OBJECTID":21,"BABY_ATOM":"40000","FIRE_AREA":"4","FIRE_STATION":"STATION 4","GlobalID":"c5a5c1e7-cd4a-4fbc-9c52-c947f7c64776","Shape__Area":3433099.9848632813,"Shape__Length":9071.2416839004527}},{"type":"Feature","id":22,"geometry":{"type":"Polygon","coordinates":[[[-89.2558680795123,48.3743331691888],[-89.2552744259535,48.3743331695466],[-89.2539056866762,48.3743201676155],[-89.2524692310796,48.374321549999],[-89.2511779057937,48.3743267736327],[-89.248714213785,48.3743608005105],[-89.246537395403,48.3743769671138],[-89.2513684109757,48.3692719357338],[-89.2516682844424,48.3690678284329],[-89.251627741348,48.3689978630523],[-89.251596512224,48.368925828519],[-89.251574814154,48.3688522388409],[-89.2515642020011,48.3687862022542],[-89.2515608806147,48.3687453083474],[-89.2515606544311,48.3686383487784],[-89.2515755210472,48.3685232488252],[-89.2516053866448,48.3684094567071],[-89.2516470468228,48.3683052695973],[-89.2516662821713,48.3682661428521],[-89.2517108869905,48.3681901787389],[-89.2517703572058,48.3681102318593],[-89.2518400661344,48.3680340379031],[-89.2519194608143,48.3679621943128],[-89.2520049578905,48.3678974956666],[-89.2520623493751,48.3678601318371],[-89.2521346152905,48.3678196649534],[-89.2522156791463,48.3677817870081],[-89.2522575480815,48.367765654213],[-89.2524384670007,48.3673978192539],[-89.2525890538251,48.3670643662061],[-89.252726596564,48.3667604784868],[-89.2527859218551,48.3666377520533],[-89.2531496609793,48.3660102736048],[-89.2531929225619,48.3659195074427],[-89.2531968901562,48.3659089944853],[-89.2531979298989,48.3659046814408],[-89.2531983996499,48.3659003336787],[-89.253198299171,48.3658959763965],[-89.2531963508071,48.3658833722976],[-89.2531902031268,48.3658575504965],[-89.2531734050755,48.3657505674033],[-89.2531704527209,48.3656345306121],[-89.2531826867352,48.3655187711716],[-89.2532094484837,48.3654065410553],[-89.2532596366452,48.365266923478],[-89.2533409351892,48.365099337748],[-89.2534422556571,48.3649396102089],[-89.2534944060227,48.3648706000337],[-89.2535876565381,48.3647652921793],[-89.2536987943798,48.3646616337832],[-89.2538223670218,48.3645653703548],[-89.2541371822317,48.36435833889],[-89.2542484492284,48.3642955113307],[-89.2543808456874,48.3642319544902],[-89.2547197446128,48.3640903913479],[-89.2552599415773,48.3638691055556],[-89.2560805840267,48.3635027306777],[-89.2569442928896,48.3631165082826],[-89.2569743759524,48.3631038522447],[-89.2572329509164,48.3630056458885],[-89.2575176095343,48.3629184750379],[-89.2578053185513,48.3628498988503],[-89.2580334935959,48.3628066680697],[-89.2584397997957,48.3627488137982],[-89.2588543402227,48.362714591829],[-89.2590806998268,48.3627069290793],[-89.2593876378218,48.3627113793606],[-89.2594706135482,48.3627154217638],[-89.2597703862627,48.3627403433188],[-89.259946876612,48.362762169094],[-89.2603647841973,48.3628311444126],[-89.2607792786531,48.3629257731195],[-89.2608064551533,48.3629336414793],[-89.2611129030288,48.363022361343],[-89.2614918205617,48.3631569302911],[-89.2618268613616,48.3633022231824],[-89.2621473267039,48.3634411923411],[-89.262460996877,48.3635525840231],[-89.2626626291311,48.3636121275291],[-89.2636343001155,48.3638445493815],[-89.263750657535,48.3638680749782],[-89.263919906038,48.3638962130812],[-89.2640863427872,48.3639137974273],[-89.2641526417187,48.3639178391238],[-89.2645001745628,48.3639236834838],[-89.2646664803021,48.3639190378128],[-89.2656815741341,48.363849331476],[-89.2657221591495,48.3638465433329],[-89.2659969806347,48.3638147895279],[-89.2660063180192,48.3638137102697],[-89.2660766285153,48.3711818555357],[-89.2739060282955,48.3711091669037],[-89.2727259686529,48.3721171108093],[-89.2704489123701,48.3743292734999],[-89.2693917565559,48.3743261370685],[-89.2689280217655,48.3743266237974],[-89.2675511863677,48.3743440072532],[-89.2654716992569,48.3743392660849],[-89.2647675071372,48.374337177175],[-89.2640953081915,48.3743351819088],[-89.262738122133,48.374340101135],[-89.2621278949038,48.3743394589271],[-89.2614150380846,48.3743387039863],[-89.2593475960458,48.3743490258659],[-89.2566176353824,48.3743331636689],[-89.2558680795123,48.3743331691888]]]},"properties":{"OBJECTID":22,"BABY_ATOM":"10100","FIRE_AREA":"1A","FIRE_STATION":"STATION 1","GlobalID":"bf24aa20-dd82-49c5-9142-61c6c6f94683","Shape__Area":1509693.5504150391,"Shape__Length":5848.338331295924}},{"type":"Feature","id":23,"geometry":{"type":"Polygon","coordinates":[[[-89.2165252518139,48.4078981351694],[-89.2165662166992,48.4042056685664],[-89.2167400212211,48.403343886368],[-89.2166113420631,48.4027457577282],[-89.2166296382379,48.4027209026113],[-89.2166577906784,48.4026997245777],[-89.2166725823391,48.402638827948],[-89.2166327904675,48.4026150915364],[-89.2166452264409,48.4025890582475],[-89.2166648411662,48.4025499942918],[-89.2166521619001,48.4025257335026],[-89.2166358307274,48.4025067048779],[-89.2166588418456,48.4025011040744],[-89.2166873809319,48.4024889474179],[-89.2167309053979,48.4024648935335],[-89.2167425571103,48.4024208221723],[-89.2167451393749,48.4023911099436],[-89.2167363295904,48.4023667772772],[-89.216726734179,48.402324403876],[-89.2167261778061,48.4022627449803],[-89.2167061400294,48.4022476575692],[-89.2167082781414,48.4022076348435],[-89.2167036493084,48.4021458223113],[-89.2167264948694,48.402136354925],[-89.2167660910542,48.4021110892221],[-89.2167474892077,48.4020843666613],[-89.216739803986,48.4019968203445],[-89.2167222965073,48.4019507296878],[-89.2167423643313,48.4019219706406],[-89.2167387492621,48.4018833535243],[-89.2167458524702,48.4018238916934],[-89.2167573305928,48.401775954812],[-89.2168031266955,48.401759598427],[-89.2168416034857,48.4017085606739],[-89.2168402589687,48.4016776339128],[-89.216874440209,48.4016614995877],[-89.2169156371899,48.4016284652522],[-89.2169137310955,48.4015846534169],[-89.216916257345,48.401553655639],[-89.2169221539517,48.4015109827123],[-89.2169080418645,48.401498360647],[-89.2169386795375,48.4014839222304],[-89.2169437619347,48.4014670585973],[-89.2169627871557,48.4014589550262],[-89.2169617227723,48.4014344730642],[-89.2169663556271,48.4014073008358],[-89.2169866432089,48.4013836974855],[-89.2170129654048,48.4013651332797],[-89.2170428823326,48.4013400558675],[-89.2170736955148,48.4013355929905],[-89.2171143540166,48.4013348091627],[-89.2171062165475,48.4013259390003],[-89.2171346455124,48.4013112048105],[-89.2171553811169,48.4012979082532],[-89.2171566461112,48.4012824075251],[-89.2171713497225,48.4012640708738],[-89.2172055292319,48.401247936481],[-89.2172142579701,48.4012258425561],[-89.2172211628997,48.4012063660317],[-89.2172397956833,48.4011892402399],[-89.2172348605593,48.4011648329053],[-89.2172721262316,48.4011305849107],[-89.2172992622774,48.4010862131443],[-89.21732951099,48.4010688660793],[-89.2173449790781,48.4010234290437],[-89.2173803085981,48.4009892183426],[-89.2174081195908,48.4009603098769],[-89.2174368244269,48.4009520195916],[-89.2174523445125,48.4009078744569],[-89.2174832428146,48.4008608496625],[-89.2175311418579,48.4008483194935],[-89.2175750609021,48.4008332865088],[-89.2176372429304,48.4008372474441],[-89.2176998465153,48.4008063795715],[-89.2177600110091,48.4007639512185],[-89.2177844425981,48.4007236461036],[-89.2177979790875,48.4007013172584],[-89.2178074092145,48.4006508384138],[-89.2178234427492,48.4005682412431],[-89.2178313293026,48.4005268228037],[-89.2178353437732,48.4004854754371],[-89.2178299054662,48.4004494721455],[-89.2178247405947,48.4004199110821],[-89.2178122842217,48.4004008060954],[-89.2178107151085,48.4003647272868],[-89.2178321572376,48.4003230447315],[-89.2178893445505,48.4003013091441],[-89.2179139527623,48.4002879368611],[-89.2179373308416,48.4002462196486],[-89.2179381655453,48.4002352771674],[-89.2179398002432,48.4002139300162],[-89.2179361268974,48.4001740211291],[-89.2179330533637,48.4001657659522],[-89.217925158176,48.4001445711006],[-89.2179191527285,48.400095683745],[-89.2179263104485,48.4000375109876],[-89.217919158437,48.3999621368467],[-89.2179199721688,48.3999363284456],[-89.2179131008875,48.3999119575751],[-89.2179233154215,48.3998795194716],[-89.2179387213044,48.3998670930281],[-89.217949524491,48.3998583794829],[-89.2179562608426,48.3998350372984],[-89.2179908314066,48.3998279212652],[-89.2180171525625,48.3998093595395],[-89.218006744346,48.3997927955113],[-89.2176994698369,48.3987612699123],[-89.2176963941743,48.3987460652134],[-89.2176894564444,48.3987202218411],[-89.2176863091736,48.3987084968994],[-89.2176815700529,48.3986828783506],[-89.2176644645612,48.3986561207745],[-89.2176659344669,48.3986343998111],[-89.2176438908861,48.3985994760858],[-89.2176071485532,48.3985873291764],[-89.2175876596813,48.3985555673332],[-89.2175636265914,48.3985303208203],[-89.2175626065762,48.3985269979722],[-89.2175556293311,48.3985042207516],[-89.2175523712226,48.3984935812246],[-89.2175221989773,48.3984660417907],[-89.2175053119918,48.3984663674092],[-89.2168143874552,48.3971313219225],[-89.2168021288308,48.397100978913],[-89.2167943677313,48.3970734589521],[-89.2167780527633,48.3970504729901],[-89.2167954500935,48.3969977118528],[-89.2167912224759,48.3969530737923],[-89.21680545171,48.396928044186],[-89.2168187281261,48.3968811873669],[-89.2168214562216,48.3968432721104],[-89.2168032074213,48.3968261492159],[-89.2167743429425,48.3968165107058],[-89.216721433395,48.3968073383698],[-89.2166880067358,48.3967934186605],[-89.2166884848383,48.3967540919037],[-89.2167121280517,48.3966939297263],[-89.2167282265869,48.3966615825374],[-89.2167325683305,48.3966105279312],[-89.2167391657425,48.3965608892161],[-89.2167424997461,48.3964865562816],[-89.2167473461987,48.3964471453195],[-89.2167484959983,48.3963728544855],[-89.2167347829506,48.3963090432463],[-89.2167190700543,48.3962496387692],[-89.2166930001692,48.396203543071],[-89.2166824704719,48.3961649764273],[-89.2166581080193,48.396158164455],[-89.216604816984,48.3961402602888],[-89.2165495934323,48.3961282191332],[-89.2164879383543,48.3961192125538],[-89.2164455805009,48.3961010984928],[-89.2163834195576,48.3960804500315],[-89.2163560483905,48.3960547664445],[-89.216342171049,48.3960375583285],[-89.2163086844934,48.396022183892],[-89.2162555821048,48.3960086459446],[-89.2162376870852,48.3959492843541],[-89.2162150044808,48.3959307892396],[-89.2162074335885,48.3959076346867],[-89.2162059781038,48.3958741700785],[-89.2162198939031,48.3958418650208],[-89.2162238568857,48.3957820830954],[-89.2162223394246,48.3957471612097],[-89.2161925273376,48.3957156979352],[-89.2161606575708,48.39568718675],[-89.2161457701598,48.3956466976218],[-89.2161184625131,48.3956224676265],[-89.2161211924836,48.3955845532448],[-89.2161277863047,48.3955349137285],[-89.2161237014719,48.3954913057816],[-89.2161180660126,48.3954622890368],[-89.2160714601084,48.3954471664451],[-89.2160523901702,48.395411127017],[-89.2160272399063,48.3953858306287],[-89.216020461121,48.3953306221124],[-89.2160197400017,48.3952636506893],[-89.2159808702214,48.3952250794356],[-89.2159944026917,48.3951840453551],[-89.2159640207361,48.3951394856524],[-89.2159118820653,48.3950472902821],[-89.2158347080169,48.3949832450409],[-89.2157936895267,48.3948952053696],[-89.2157274459779,48.3948309503518],[-89.2156916836041,48.3947631955851],[-89.215619326362,48.394709251401],[-89.2155530240284,48.3946435389437],[-89.2155077857265,48.3946094620379],[-89.2154105209867,48.3945865768819],[-89.2153335657721,48.3945778671329],[-89.2152682988233,48.3945864041494],[-89.2151989783679,48.394602303469],[-89.2151256605202,48.3946270134775],[-89.2150585227314,48.3946428706699],[-89.2149781442828,48.394656068601],[-89.2148971298226,48.3946547147042],[-89.2148476101082,48.3946731439963],[-89.2141647687404,48.3939698434323],[-89.2141844434579,48.3939637773955],[-89.2142439023059,48.3939463815567],[-89.2143716290922,48.3939142201431],[-89.2148180900214,48.3938003336868],[-89.2143421699592,48.3919397070571],[-89.2143781879025,48.3919171229445],[-89.2144087940124,48.391864541462],[-89.2144324894176,48.3918421946106],[-89.2145050246611,48.3916191487864],[-89.2145100521915,48.3916058150567],[-89.2133848162314,48.3896335870691],[-89.2124492224928,48.3882233727171],[-89.2117196977138,48.3860685847515],[-89.2112767080852,48.3850191485342],[-89.2104541061965,48.3825487531506],[-89.20946001798,48.3816157331551],[-89.208143798546,48.3805831130416],[-89.2079230516416,48.3791590837218],[-89.2085352299841,48.3786182978311],[-89.2096939331508,48.377855373502],[-89.2097608600842,48.3757381122537],[-89.2107262620555,48.3741854123131],[-89.2113812312694,48.3727589852138],[-89.2126546140993,48.3718605207318],[-89.2130187529189,48.3707036392738],[-89.2132048662823,48.3686303096953],[-89.213807027051,48.3665949402705],[-89.212344898076,48.3647374177668],[-89.2116858765444,48.3638762513597],[-89.2116239607459,48.3624516347536],[-89.2121240650728,48.3612461398928],[-89.2130381515838,48.3600326513295],[-89.2143581979927,48.358627339129],[-89.2154871893558,48.3575936523205],[-89.2164211539657,48.3568396902102],[-89.2188180382626,48.3563793630769],[-89.2193745973519,48.3562953171914],[-89.2195039851716,48.3563282676918],[-89.2195475239746,48.3563277052742],[-89.2197087341797,48.3563313305219],[-89.2198814448496,48.3563453243657],[-89.2200516788467,48.3563692989113],[-89.2202097205163,48.3564013651689],[-89.2202859801168,48.3564204445242],[-89.2203437584569,48.3564358345732],[-89.2209416766615,48.3566022810378],[-89.2215859604949,48.3567967408606],[-89.2223549090905,48.3570413424458],[-89.2233877744788,48.3573770605482],[-89.2243920343082,48.3577433453598],[-89.2244850015985,48.3577834396828],[-89.2245971596238,48.3578400471899],[-89.2247051899802,48.3579051893195],[-89.22479842613,48.3579721444623],[-89.2248337524243,48.3580010183302],[-89.2248766694757,48.358041096445],[-89.2249185334872,48.358088424341],[-89.2249540773704,48.3581380311981],[-89.2249830138828,48.3581895527865],[-89.2250050764334,48.3582425102092],[-89.2250158240232,48.3582810540901],[-89.2253063596402,48.3584510521138],[-89.2259395022709,48.3587629260362],[-89.2262239621046,48.3588855177377],[-89.2265138768218,48.3590092987383],[-89.2273368896828,48.3594075433321],[-89.2281319236754,48.3598547941921],[-89.2286423430225,48.360173565131],[-89.2291079572397,48.3604643459248],[-89.229375273208,48.3606449266313],[-89.2299879870036,48.3611121845515],[-89.2300106624457,48.3611311054159],[-89.2302896649483,48.3613860243058],[-89.2305423852192,48.3616651344502],[-89.2307880942312,48.3619982043775],[-89.2309912643391,48.3623463258517],[-89.2311088178746,48.3625867375261],[-89.2314278775966,48.3633889761453],[-89.2316492094722,48.3641553988342],[-89.231806210562,48.3646761088082],[-89.2318156365168,48.3647073699992],[-89.2321360296126,48.365528188157],[-89.2325471451813,48.3664207203802],[-89.2328550025412,48.3669721572339],[-89.23318680567,48.3672122003327],[-89.2343757314565,48.3680310064175],[-89.2353241576376,48.3687123860144],[-89.2356462906222,48.3689355464456],[-89.2356490810055,48.368936114814],[-89.2357546392395,48.3689525395207],[-89.2363034572448,48.3690580823006],[-89.2368413498238,48.3691963678193],[-89.2371244323961,48.3692838237038],[-89.2376261926594,48.3694664972286],[-89.2381902736188,48.3697167002272],[-89.2382762129904,48.3697479867216],[-89.2383659092355,48.3697741623726],[-89.2384665965693,48.3697968057476],[-89.2384964643676,48.3698021140106],[-89.2385490621394,48.3698090698656],[-89.2385940699048,48.369812338765],[-89.2386393393461,48.3698129834072],[-89.2386845271262,48.3698109960806],[-89.2387306257702,48.3698062539911],[-89.2387949062238,48.3697959204974],[-89.2390049952895,48.3697606952803],[-89.2393387175302,48.3697218977771],[-89.2396812344434,48.3697023435097],[-89.2400238234857,48.3697027493637],[-89.2407217689666,48.3697427790452],[-89.2417425051838,48.3698594824871],[-89.2420300575213,48.3698753601689],[-89.2422223919952,48.369876392896],[-89.2433533275626,48.3698261293894],[-89.2438355729641,48.3697760796033],[-89.2440636718531,48.3697421330095],[-89.2447007820688,48.3696356764437],[-89.2455334775113,48.3694919761234],[-89.2462917383084,48.3693528162709],[-89.2464078771925,48.369330613656],[-89.2471943388451,48.3691861363524],[-89.2473828228337,48.3691564744224],[-89.2476761451207,48.3691248906983],[-89.2479686789525,48.3691106443595],[-89.2480271939264,48.3691101958918],[-89.2480812697809,48.3691120043588],[-89.2515416317111,48.3690693907349],[-89.2516682844424,48.3690678284329],[-89.2513684109757,48.3692719357338],[-89.246537395403,48.3743769671138],[-89.2458822603863,48.375640508177],[-89.2437455081785,48.3780784486991],[-89.2428705790386,48.3800492003614],[-89.2417036840995,48.3822314113664],[-89.2393863680196,48.3839196383039],[-89.2367209803748,48.3857603205674],[-89.234724157608,48.3871703540735],[-89.239085937024,48.3886537105509],[-89.2410853410051,48.3893821499395],[-89.2430488719941,48.3901011053579],[-89.2442660754609,48.3901086788336],[-89.2455033712158,48.3901114617599],[-89.2454770939213,48.3919973099508],[-89.2454705728803,48.3939594187199],[-89.2454742732374,48.3944374680925],[-89.2454769384372,48.3957695543286],[-89.245500534282,48.3967972282919],[-89.245504164591,48.399146463559],[-89.2454829971878,48.4005472709697],[-89.2455094872383,48.4033009518095],[-89.2455135541344,48.403723779229],[-89.2455162953605,48.4040086228093],[-89.2431544783161,48.4068390118592],[-89.2423928271887,48.4067939372929],[-89.2422415796315,48.4067801124509],[-89.242090802468,48.4067641683587],[-89.241837378402,48.4067324480523],[-89.2415858103766,48.4066947419577],[-89.2415671577146,48.4066916964167],[-89.2413518978939,48.4066539911182],[-89.2411384794523,48.4066119020102],[-89.2408122301506,48.406545338325],[-89.2406442235589,48.4065152566889],[-89.2404746450743,48.4064893766063],[-89.2403037327549,48.4064677348206],[-89.2401317243415,48.4064503608847],[-89.2392562041079,48.4064221221963],[-89.2381718713091,48.4064169279322],[-89.2381678679371,48.4064169113709],[-89.2324108915264,48.4064065089948],[-89.2323730995765,48.4064065254874],[-89.2323165039293,48.4064067288088],[-89.2304583126316,48.406414776857],[-89.2304621291153,48.4081229173735],[-89.2264192938065,48.4081240472161],[-89.2165252518139,48.4078981351694]]]},"properties":{"OBJECTID":23,"BABY_ATOM":"10200","FIRE_AREA":"1B","FIRE_STATION":"STATION 1","GlobalID":"5b4079a4-6b9b-473e-9928-39e92a24b0f5","Shape__Area":11381937.604858398,"Shape__Length":17043.882689004979}},{"type":"Feature","id":24,"geometry":{"type":"Polygon","coordinates":[[[-89.2701306886931,48.4165470268643],[-89.2702104884122,48.416492827892],[-89.2703540503092,48.4163840589711],[-89.2704345947103,48.4162253506068],[-89.2705001203546,48.4160907448175],[-89.2705704347846,48.4159834225366],[-89.2706406307209,48.4158332507812],[-89.2706596542555,48.4156983735274],[-89.2707283428519,48.4155946524957],[-89.2707951373214,48.4154885890148],[-89.2708401761695,48.4153758120465],[-89.2708818701375,48.4153083335801],[-89.2710459107821,48.4151777348572],[-89.2711793322088,48.4150822571757],[-89.271341410399,48.414907655546],[-89.2714090520427,48.414820618792],[-89.2714266155792,48.4147938106443],[-89.2714793655409,48.4147132950382],[-89.2714829075985,48.4146322856314],[-89.2714829282432,48.4145525361259],[-89.2714121822345,48.4144896588622],[-89.2713114418239,48.4144357054884],[-89.271139561247,48.4143902972134],[-89.2711080836582,48.4143868987921],[-89.2709904412684,48.4143741962507],[-89.2708802527052,48.4143489957196],[-89.2708047839256,48.4143004937639],[-89.2707799044466,48.4142236175071],[-89.2707743411198,48.4140987466702],[-89.2707644114491,48.4139561085579],[-89.2708121894018,48.4138647038281],[-89.2708382668708,48.4137677748952],[-89.2709185547368,48.413643591389],[-89.2709202975182,48.4135221482388],[-89.2709198630905,48.4134299796397],[-89.2709181868627,48.413073452269],[-89.2708736646449,48.4128767436853],[-89.2709169227872,48.412643784293],[-89.2710123116203,48.4125776252835],[-89.2711146692335,48.4124672882328],[-89.2712786096496,48.4123747796442],[-89.2714288421579,48.4122956345334],[-89.2715615445569,48.4122644468758],[-89.2716650833123,48.4122207421408],[-89.2717224950137,48.4121850905801],[-89.2717949061457,48.4120848663554],[-89.2719071329684,48.4119552888839],[-89.2720385460799,48.4118550892796],[-89.2722508261469,48.4116437874604],[-89.2723261604825,48.4115931391527],[-89.2723584472107,48.411571433865],[-89.2724085897947,48.4114930746777],[-89.2724110160874,48.4114632535203],[-89.2724386344048,48.4114210481578],[-89.2724614691839,48.411371795191],[-89.2724575103879,48.4113230716468],[-89.2724369246446,48.411282414382],[-89.2723625384483,48.4112380569346],[-89.2723189177104,48.41120202057],[-89.2723043201157,48.4111552923022],[-89.2722802603868,48.4110968483552],[-89.2722692274468,48.4109786797641],[-89.27226503027,48.4109337290224],[-89.2722580204296,48.4108586359572],[-89.2722025432828,48.4107972416647],[-89.2720699816895,48.4107111842911],[-89.2719243053889,48.4106718069093],[-89.2718434052055,48.4106216269449],[-89.2718008283957,48.410568905721],[-89.2717139792319,48.4104855150979],[-89.2716186475976,48.4104124104065],[-89.2716049544678,48.4103257905084],[-89.2716013326542,48.4102645620186],[-89.2716411137594,48.4101542700795],[-89.2717121441485,48.4099762683187],[-89.2717855811387,48.4098188913428],[-89.2719771010239,48.4097436903787],[-89.2722198005721,48.4096936656926],[-89.2724138123715,48.4096743595591],[-89.2725350483393,48.409626733256],[-89.2726185068823,48.409573901581],[-89.2726885078095,48.4094999112302],[-89.2727239193969,48.4093718517411],[-89.2726762250031,48.409264477516],[-89.2726084228675,48.4091872576504],[-89.272501057847,48.4091048695454],[-89.2724091870227,48.4090090813035],[-89.2723514131427,48.4089161894433],[-89.2723251706409,48.4088488623194],[-89.2722796720367,48.4087104971554],[-89.2721964675665,48.4086085857454],[-89.2721002993825,48.4085366883264],[-89.2719954132188,48.4084697235701],[-89.2719498269827,48.408369450411],[-89.2719512625263,48.4082813404037],[-89.2719591942775,48.4081383485055],[-89.2720029539871,48.407997030409],[-89.272017674137,48.4078860421329],[-89.2720655663222,48.4078374854343],[-89.2721843614366,48.407735154134],[-89.2722550323583,48.4076361542588],[-89.2722731495075,48.407481058443],[-89.2722829923948,48.4072606602592],[-89.2722240574527,48.4071416052819],[-89.2721109159793,48.4070498081088],[-89.2719573308004,48.4069730913569],[-89.2718382123647,48.4069075979729],[-89.2717323747373,48.4068192263068],[-89.2716883802697,48.4067546285935],[-89.2716439090987,48.4066793297962],[-89.2716118873592,48.406602592023],[-89.2715910447929,48.4064958772859],[-89.2715185099276,48.4063925642696],[-89.2713772558834,48.4062715637009],[-89.2712673208326,48.4061713698961],[-89.2711574012034,48.4061116450066],[-89.2710312467634,48.4060486686485],[-89.2709713762199,48.4059486762599],[-89.2709338318251,48.4058681469856],[-89.2709158148622,48.4058000731671],[-89.2709380793838,48.40579849985],[-89.272377704948,48.4056967919933],[-89.2724152708761,48.4056941089803],[-89.2724434255295,48.4056919862108],[-89.2724715259174,48.4056896161788],[-89.2725182844629,48.4056852876115],[-89.2745281174156,48.4054949756103],[-89.2802087869118,48.4050876200715],[-89.2834017073342,48.4049025589143],[-89.2836782854944,48.4048911890727],[-89.2839552892875,48.4048862162556],[-89.2842323853841,48.4048876479809],[-89.2845092399319,48.4048954800833],[-89.2847855202674,48.4049097047784],[-89.2850608919733,48.4049303053222],[-89.2853350242783,48.404957255904],[-89.2856075874371,48.404990523498],[-89.2858782528102,48.4050300696611],[-89.2865245302891,48.4051539499649],[-89.2871319463167,48.4053161231487],[-89.2877328544732,48.405476553835],[-89.2873418699607,48.406140880727],[-89.287328298632,48.406164225368],[-89.2873185319294,48.4061818313767],[-89.287309456391,48.4061996323774],[-89.2872950480148,48.406229470886],[-89.2870441425576,48.4067552560759],[-89.2869670325315,48.4069165526208],[-89.2869558060764,48.4069404839996],[-89.2869504503616,48.4069524967526],[-89.2869479046976,48.4069585279422],[-89.2869431425035,48.406970667452],[-89.2869386719406,48.4069828614447],[-89.2869300863428,48.4070073125393],[-89.2868601547087,48.4072092037483],[-89.2863888797506,48.4085672371412],[-89.2863826031295,48.408585600535],[-89.2863785786338,48.4085978630113],[-89.2863748354804,48.408610161282],[-89.2863731248384,48.4086163432074],[-89.2863684629794,48.4086349444194],[-89.2863627210745,48.4086598067929],[-89.2859573968782,48.4104448178003],[-89.2858727276554,48.4108176744369],[-89.2854257447556,48.4128161919196],[-89.2850205048206,48.4145992207554],[-89.2849095112807,48.4150875562462],[-89.2848970957739,48.4151435704723],[-89.2846333387557,48.4163448787244],[-89.2846172784416,48.41641939824],[-89.2844390915709,48.4172619989939],[-89.2844287536131,48.4173116143337],[-89.2840965963953,48.418996557674],[-89.2806385777368,48.419464825452],[-89.2793782903969,48.4195884498772],[-89.2791822196153,48.4196075960599],[-89.2791542363169,48.4196104215436],[-89.2791356220603,48.4196124423373],[-89.2791170794698,48.4196147055365],[-89.2791078570064,48.4196159769762],[-89.2790803050611,48.4196201965838],[-89.2790436912866,48.4196262269776],[-89.2788424750084,48.4196599261177],[-89.2766104969772,48.4200327069727],[-89.2745071251987,48.4203992309888],[-89.2744637190835,48.4203604353103],[-89.2739681543333,48.4199175069292],[-89.273907493156,48.4198632888187],[-89.2723703096255,48.4184893087085],[-89.2707303195837,48.416998137227],[-89.2701306886931,48.4165470268643]]]},"properties":{"OBJECTID":24,"BABY_ATOM":"40200","FIRE_AREA":"4B","FIRE_STATION":"STATION 4","GlobalID":"8fcc2524-dfbf-4171-8440-2210831fc101","Shape__Area":1657005.9095458984,"Shape__Length":5485.118002653604}},{"type":"Feature","id":25,"geometry":{"type":"Polygon","coordinates":[[[-89.2517963600991,48.4176108758476],[-89.2516113879991,48.4137253104939],[-89.251584727322,48.4121430387115],[-89.2515804903329,48.4118915707761],[-89.2539286433378,48.4118523730461],[-89.2582055110593,48.4118558971248],[-89.2606532419497,48.4118246774195],[-89.2607774981636,48.4118138295586],[-89.2609276943524,48.4117868278906],[-89.261074845168,48.4117532071528],[-89.2612182936256,48.4117131170338],[-89.2613573989563,48.4116667374976],[-89.2625951573256,48.4112206981425],[-89.2627200475542,48.4111721745114],[-89.2627422487138,48.4111638182252],[-89.2627572219826,48.4111584698055],[-89.2627646581923,48.4111559535911],[-89.2627796638873,48.4111510921878],[-89.2628023521204,48.4111440273262],[-89.2629770242811,48.4110908152098],[-89.2630896276337,48.4110617711156],[-89.2632013391582,48.4110365377516],[-89.2633152968704,48.4110162392182],[-89.2634310087217,48.4110009634701],[-89.2635479775774,48.4109907751706],[-89.2636656986749,48.410985719341],[-89.2647447314909,48.4109944649331],[-89.2678972644953,48.4109832302698],[-89.2710292219288,48.4109836647063],[-89.2715412079979,48.4109816078389],[-89.27226503027,48.4109337290224],[-89.2722692274468,48.4109786797641],[-89.2722802603868,48.4110968483552],[-89.2723043201157,48.4111552923022],[-89.2723189177104,48.41120202057],[-89.2723625384483,48.4112380569346],[-89.2724369246446,48.411282414382],[-89.2724575103879,48.4113230716468],[-89.2724614691839,48.411371795191],[-89.2724386344048,48.4114210481578],[-89.2724110160874,48.4114632535203],[-89.2724085897947,48.4114930746777],[-89.2723584472107,48.411571433865],[-89.2723261604825,48.4115931391527],[-89.2722508261469,48.4116437874604],[-89.2720385460799,48.4118550892796],[-89.2719071329684,48.4119552888839],[-89.2717949061457,48.4120848663554],[-89.2717224950137,48.4121850905801],[-89.2716650833123,48.4122207421408],[-89.2715615445569,48.4122644468758],[-89.2714288421579,48.4122956345334],[-89.2712786096496,48.4123747796442],[-89.2711146692335,48.4124672882328],[-89.2710123116203,48.4125776252835],[-89.2709169227872,48.412643784293],[-89.2708736646449,48.4128767436853],[-89.2709181868627,48.413073452269],[-89.2709198630905,48.4134299796397],[-89.2709202975182,48.4135221482388],[-89.2709185547368,48.413643591389],[-89.2708382668708,48.4137677748952],[-89.2708121894018,48.4138647038281],[-89.2707644114491,48.4139561085579],[-89.2707743411198,48.4140987466702],[-89.2707799044466,48.4142236175071],[-89.2708047839256,48.4143004937639],[-89.2708802527052,48.4143489957196],[-89.2709904412684,48.4143741962507],[-89.2711080836582,48.4143868987921],[-89.271139561247,48.4143902972134],[-89.2713114418239,48.4144357054884],[-89.2714121822345,48.4144896588622],[-89.2714829282432,48.4145525361259],[-89.2714829075985,48.4146322856314],[-89.2714793655409,48.4147132950382],[-89.2714266155792,48.4147938106443],[-89.2714090520427,48.414820618792],[-89.271341410399,48.414907655546],[-89.2711793322088,48.4150822571757],[-89.2710459107821,48.4151777348572],[-89.2708818701375,48.4153083335801],[-89.2708401761695,48.4153758120465],[-89.2707951373214,48.4154885890148],[-89.2707283428519,48.4155946524957],[-89.2706596542555,48.4156983735274],[-89.2706406307209,48.4158332507812],[-89.2705704347846,48.4159834225366],[-89.2705001203546,48.4160907448175],[-89.2704345947103,48.4162253506068],[-89.2703540503092,48.4163840589711],[-89.2702104884122,48.416492827892],[-89.2701306886931,48.4165470268643],[-89.2672705973243,48.4153014890317],[-89.2661154298331,48.4150576317209],[-89.2651654241658,48.4149239914774],[-89.2634059475673,48.4152443036738],[-89.262429177259,48.4157967756342],[-89.2623846765462,48.4160833217901],[-89.2617383461769,48.4169911339174],[-89.2613484208867,48.4178748508997],[-89.2604235800806,48.4185466616894],[-89.2593981021533,48.419055860495],[-89.2585203858936,48.4192635487478],[-89.2577544831686,48.4194119012345],[-89.2568969221913,48.4194287361714],[-89.2562108733731,48.4194421993322],[-89.2553496570851,48.4194347664833],[-89.254391256896,48.4180619566244],[-89.254278575691,48.4179537839602],[-89.2541573731625,48.4178497730253],[-89.2540279950635,48.4177502229268],[-89.2538908093795,48.4176554161406],[-89.2537462106576,48.4175656247253],[-89.253729887693,48.4175465678871],[-89.2537180704129,48.4175260902462],[-89.2537110322592,48.4175046597067],[-89.2537089314475,48.4174827671237],[-89.2522954833787,48.4175954610818],[-89.2517963600991,48.4176108758476]]]},"properties":{"OBJECTID":25,"BABY_ATOM":"10400","FIRE_AREA":"1D","FIRE_STATION":"STATION 1","GlobalID":"08ac0948-1f9c-428f-8bb4-64d9565aab96","Shape__Area":919207.14013671875,"Shape__Length":4710.3042495015852}},{"type":"Feature","id":26,"geometry":{"type":"Polygon","coordinates":[[[-89.2429389845441,48.4308848397745],[-89.2418580920603,48.430589888122],[-89.2407494189638,48.4302764436122],[-89.2396132493814,48.4299618764512],[-89.2382723726083,48.4296173422296],[-89.2379338795399,48.429570276949],[-89.2375928525817,48.4294819766369],[-89.2370320573246,48.4293367698965],[-89.2370978404066,48.4291635785139],[-89.2383162717233,48.4292072562095],[-89.2383472813292,48.4292070153286],[-89.2384070001249,48.4292062391119],[-89.2400360641139,48.4291868156776],[-89.2402858233635,48.4291874260486],[-89.2405355080274,48.4291833587188],[-89.2407849235247,48.4291746174792],[-89.2419333811135,48.429108353679],[-89.2432483050719,48.4290086331649],[-89.2436741761496,48.4289586677885],[-89.2440989058076,48.4289045690321],[-89.24452240261,48.4288463503891],[-89.2452715413373,48.4287243680107],[-89.2454792622903,48.4286775737104],[-89.2456841434678,48.428625526952],[-89.2458858826362,48.4285683038313],[-89.2464889662176,48.4283760188291],[-89.2470884095331,48.4281787578521],[-89.2476841178598,48.4279765524986],[-89.2482760004924,48.4277694333902],[-89.2484546913316,48.4277159393901],[-89.2486291911842,48.4276566319915],[-89.2488664298857,48.4275770313736],[-89.2491004313628,48.4274932954073],[-89.2493310331691,48.4274054812731],[-89.2496664148649,48.4272931734009],[-89.2499971083141,48.4271748704563],[-89.2504805539046,48.4270165510386],[-89.2507785981167,48.426912221417],[-89.2510743280626,48.426805015774],[-89.2513676811786,48.4266949569454],[-89.2527669864388,48.4262159262447],[-89.2527357950908,48.4240907798831],[-89.2527457165617,48.421582598666],[-89.2527521306574,48.4214872370041],[-89.2527654783291,48.4213921938978],[-89.2527857315785,48.4212976930272],[-89.2528128393697,48.4212039567231],[-89.2528467410947,48.4211112048031],[-89.2529031876754,48.4210188723031],[-89.252965509974,48.4208768897694],[-89.2530341971365,48.4207650810867],[-89.253111765008,48.4206558767668],[-89.253197992103,48.4205495879403],[-89.2532926323547,48.4204465199203],[-89.2533954149169,48.420346967707],[-89.2535060467864,48.4202512141383],[-89.2536242089498,48.4201595344631],[-89.2537495655997,48.4200721907636],[-89.2538817574215,48.4199894329863],[-89.2540204068766,48.4199114961399],[-89.2541651157397,48.419838605742],[-89.2543154727644,48.4197709677726],[-89.2544710459776,48.4197087778222],[-89.2546861367964,48.4196339537666],[-89.254904392165,48.4195633041142],[-89.2551256269478,48.4194968900607],[-89.2553496570851,48.4194347664833],[-89.2562108733731,48.4194421993322],[-89.2568969221913,48.4194287361714],[-89.2577544831686,48.4194119012345],[-89.2585203858936,48.4192635487478],[-89.2593981021533,48.419055860495],[-89.2604235800806,48.4185466616894],[-89.2613484208867,48.4178748508997],[-89.2617383461769,48.4169911339174],[-89.2623846765462,48.4160833217901],[-89.262429177259,48.4157967756342],[-89.2634059475673,48.4152443036738],[-89.2651654241658,48.4149239914774],[-89.2661154298331,48.4150576317209],[-89.2672705973243,48.4153014890317],[-89.2701306886931,48.4165470268643],[-89.2707303195837,48.416998137227],[-89.2723703096255,48.4184893087085],[-89.273907493156,48.4198632888187],[-89.2739681543333,48.4199175069292],[-89.2744637190835,48.4203604353103],[-89.2745071251987,48.4203992309888],[-89.2766104969772,48.4200327069727],[-89.2788424750084,48.4196599261177],[-89.2790436912866,48.4196262269776],[-89.2790803050611,48.4196201965838],[-89.2791078570064,48.4196159769762],[-89.2791170794698,48.4196147055365],[-89.2791356220603,48.4196124423373],[-89.2791542363169,48.4196104215436],[-89.2791822196153,48.4196075960599],[-89.2793782903969,48.4195884498772],[-89.2806385777368,48.419464825452],[-89.2840965963953,48.418996557674],[-89.2824578494583,48.4256344019635],[-89.2821881133119,48.4267267791965],[-89.2821112108384,48.4269431099644],[-89.2820244348531,48.4271577795194],[-89.2819278668762,48.4273705882795],[-89.281821595347,48.427581340122],[-89.2817057194352,48.42778983691],[-89.2815803467022,48.4279958866361],[-89.2814455941306,48.4281992962045],[-89.281301587055,48.4283998777504],[-89.2811484576515,48.4285974450713],[-89.2809863503003,48.428791812621],[-89.2808154124127,48.4289828019895],[-89.2806358062661,48.4291702344713],[-89.2804476970493,48.4293539358006],[-89.2802512609263,48.4295337350924],[-89.2800466783236,48.4297094658751],[-89.2798341392526,48.4298809641862],[-89.2796138433905,48.4300480703697],[-89.2753867278508,48.4336142089428],[-89.2700822121837,48.4380882930855],[-89.2690846241916,48.4389295766521],[-89.2636822963666,48.4434850579604],[-89.263367878579,48.4431786944155],[-89.2615392338415,48.4413967820151],[-89.2601350916885,48.4400744439],[-89.2587793308533,48.4387858502712],[-89.2569571703432,48.4370297616781],[-89.2546753968995,48.4348751188533],[-89.2541842424089,48.434413362913],[-89.2537117650238,48.4339276830002],[-89.2536468750536,48.4338825723084],[-89.2535766418423,48.4338411589058],[-89.2535015360262,48.4338037205768],[-89.253422066378,48.4337705109659],[-89.2533387687217,48.4337417534972],[-89.2529528086342,48.4336289623101],[-89.251821394171,48.4333293038229],[-89.2507275959263,48.4330322109729],[-89.2504777819265,48.4329584867828],[-89.2496302817122,48.4327252281721],[-89.2485209417974,48.4324310015106],[-89.2482605463964,48.4323662841652],[-89.2474142695485,48.4321167496797],[-89.2463097599212,48.4318144033484],[-89.2451697647799,48.4314794957991],[-89.2445157645406,48.4313103800297],[-89.2440434145069,48.4311882042396],[-89.2429389845441,48.4308848397745]]]},"properties":{"OBJECTID":26,"BABY_ATOM":"20200","FIRE_AREA":"2B","FIRE_STATION":"STATION 2","GlobalID":"8d11f929-e0bf-44e5-b6dd-9b1fca383049","Shape__Area":4915277.2370605469,"Shape__Length":10575.491231238084}},{"type":"Feature","id":27,"geometry":{"type":"Polygon","coordinates":[[[-89.2383085274502,48.4394547196805],[-89.23805519399,48.4393705749126],[-89.2378034249602,48.4392843783554],[-89.2388838863084,48.4375066095272],[-89.2399830547174,48.4356937204984],[-89.2411043929388,48.4338729105033],[-89.2419433695197,48.4324999383223],[-89.2419809275278,48.4324386605322],[-89.2429389845441,48.4308848397745],[-89.2440434145069,48.4311882042396],[-89.2445157645406,48.4313103800297],[-89.2451697647799,48.4314794957991],[-89.2463097599212,48.4318144033484],[-89.2474142695485,48.4321167496797],[-89.2482605463964,48.4323662841652],[-89.2485209417974,48.4324310015106],[-89.2496302817122,48.4327252281721],[-89.2504777819265,48.4329584867828],[-89.2507275959263,48.4330322109729],[-89.251821394171,48.4333293038229],[-89.2529528086342,48.4336289623101],[-89.2533387687217,48.4337417534972],[-89.253422066378,48.4337705109659],[-89.2535015360262,48.4338037205768],[-89.2535766418423,48.4338411589058],[-89.2536468750536,48.4338825723084],[-89.2537117650238,48.4339276830002],[-89.2541842424089,48.434413362913],[-89.2546753968995,48.4348751188533],[-89.2569571703432,48.4370297616781],[-89.2587793308533,48.4387858502712],[-89.2601350916885,48.4400744439],[-89.2615392338415,48.4413967820151],[-89.263367878579,48.4431786944155],[-89.2636822963666,48.4434850579604],[-89.2632118027157,48.4437678369601],[-89.262734741885,48.4440457055869],[-89.2622512312767,48.4443185966701],[-89.2617613869508,48.4445864430661],[-89.2612653277981,48.4448491802759],[-89.2607631755006,48.4451067455462],[-89.2602550503177,48.4453590743533],[-89.2523681112897,48.4489563885075],[-89.250959934641,48.4495985447971],[-89.2506713819288,48.449235353629],[-89.249988061211,48.4483752566981],[-89.2494355144221,48.4476652737283],[-89.249103061809,48.4472803835463],[-89.2489750495346,48.4471218517332],[-89.2488549260032,48.4469606103086],[-89.2487428232971,48.4467968339618],[-89.2486388599407,48.446630696746],[-89.2485431480146,48.4464623800371],[-89.2484557927587,48.4462920635436],[-89.2473562486058,48.4442033120645],[-89.2470326463138,48.4434104603525],[-89.2468239428788,48.4429008400661],[-89.2464932651579,48.4420251391148],[-89.246316970974,48.4415732108701],[-89.2462724998978,48.4414898833608],[-89.2462183494866,48.4414091309453],[-89.2461548527356,48.441331450957],[-89.2460824012477,48.4412573206891],[-89.2460014398282,48.4411871975005],[-89.2459124662062,48.4411215125233],[-89.2458160296043,48.4410606688921],[-89.2456847055472,48.4410092166256],[-89.2455487499606,48.4409633987763],[-89.2454087064823,48.4409234008567],[-89.2452651392115,48.4408893818898],[-89.2451186220992,48.440861479115],[-89.2449697441551,48.4408398033884],[-89.2448191028515,48.4408244429104],[-89.2446673025756,48.4408154587575],[-89.2438547908599,48.4407829937723],[-89.2437039109624,48.440778748174],[-89.2435533772676,48.4407707275491],[-89.2434034053045,48.4407589429908],[-89.2421304892805,48.4404449564238],[-89.2411691925072,48.4401850171009],[-89.2408695397448,48.4401124005465],[-89.2400444972417,48.4399061294493],[-89.2388857746124,48.4396087135975],[-89.2385955317539,48.4395344027224],[-89.2383085274502,48.4394547196805]]]},"properties":{"OBJECTID":27,"BABY_ATOM":"20100","FIRE_AREA":"2A","FIRE_STATION":"STATION 2","GlobalID":"9ff7e334-f16e-46ee-b183-de6d3a3fea62","Shape__Area":1950126.2777099609,"Shape__Length":5990.5862317170686}},{"type":"Feature","id":28,"geometry":{"type":"Polygon","coordinates":[[[-89.214645650047,48.4604853412612],[-89.214598015154,48.4597688943936],[-89.2145495706821,48.4589690862182],[-89.2145142512221,48.4581600252924],[-89.2144732150285,48.4569102025589],[-89.214445572182,48.4565868382719],[-89.2144180995392,48.4557509697613],[-89.2143381057696,48.4541249700063],[-89.2143113671835,48.45351237788],[-89.2155685930488,48.4534970859949],[-89.2168119103523,48.4534730511153],[-89.2173524824511,48.4534625926022],[-89.2181228825518,48.4534546018287],[-89.2193610613683,48.453439700511],[-89.2199138191468,48.4534301347954],[-89.2212981208527,48.4534200852315],[-89.2223573763425,48.4534014636584],[-89.2223159964753,48.4533610879341],[-89.2223166486007,48.4533600388484],[-89.2223317692818,48.4533388235417],[-89.2223475341504,48.453318670063],[-89.2223636482732,48.4532999485001],[-89.2223800649396,48.4532826732513],[-89.2223967254725,48.4532668634446],[-89.2224133186897,48.4532527338292],[-89.2224214602653,48.4532467031045],[-89.2224295065586,48.4532416189349],[-89.2224522953882,48.4532301416747],[-89.222480003502,48.4532196553372],[-89.2225150387873,48.4532095474665],[-89.2225489456085,48.4532017844874],[-89.2225901194526,48.4531939827555],[-89.2227404774637,48.4531705195697],[-89.2227963699049,48.4531607967471],[-89.2228500864569,48.4531492562058],[-89.2228964486831,48.453136344415],[-89.2229208395174,48.4531279185725],[-89.2229430494274,48.4531189221561],[-89.222963754176,48.4531090335008],[-89.2229828821704,48.4530981928095],[-89.2230003395504,48.4530863569104],[-89.2230159580549,48.4530735443515],[-89.2230295994917,48.4530598117878],[-89.223040832178,48.453045649817],[-89.223059607232,48.4530167880749],[-89.2230740370391,48.452989766576],[-89.223084418552,48.452963642066],[-89.2230905906859,48.4529376681855],[-89.2230907915828,48.4529213333319],[-89.2230907953927,48.452921048944],[-89.2230871253084,48.4529035076884],[-89.223070719026,48.4528628844142],[-89.2230683230181,48.4528544777707],[-89.2230683193156,48.452853309095],[-89.223068310816,48.4528529286741],[-89.2230708550749,48.452850360264],[-89.2230800353092,48.4528438037711],[-89.2230913256003,48.4528377751265],[-89.2231005207694,48.4528342549269],[-89.2231079850894,48.452832602724],[-89.223121186522,48.4528313425907],[-89.2231409126135,48.452831225873],[-89.2231657289061,48.4528327310552],[-89.223170846158,48.4528334239157],[-89.2231760326979,48.4528346192847],[-89.2231827705216,48.4528368031644],[-89.2231905997206,48.4528400366275],[-89.2232120727591,48.4528512407075],[-89.2232604103494,48.4528809296214],[-89.2232843841401,48.4528944831306],[-89.223313141445,48.4529078389101],[-89.2233426634443,48.4529175827877],[-89.2233718181688,48.4529239345825],[-89.2234002600001,48.4529278070018],[-89.2234291135979,48.45292940144],[-89.2234589808595,48.4529287800403],[-89.2235024120255,48.4529244207949],[-89.2235842457873,48.4529116220203],[-89.2236211075995,48.4529068930687],[-89.2236558328985,48.452904436733],[-89.2237580086851,48.4529008527988],[-89.22380910962,48.4528963874521],[-89.2238405847811,48.4528910850715],[-89.2238695394302,48.4528832905779],[-89.2238964715741,48.4528718336955],[-89.2239178042661,48.452857099385],[-89.2239380632786,48.4528359941572],[-89.2239550277739,48.4528133798955],[-89.223970509656,48.4527882228718],[-89.2239891700618,48.4527534699688],[-89.2240055025,48.4527174745603],[-89.2240110162839,48.4526998160511],[-89.2240144840477,48.452682445425],[-89.2240160192092,48.4526541831614],[-89.2240132903797,48.4525908005594],[-89.224013273804,48.4525904211944],[-89.2240115853612,48.4525780285877],[-89.22400709859,48.4525632239286],[-89.2239890022586,48.4525203697396],[-89.2239835244461,48.4525051091836],[-89.223980679226,48.4524930799386],[-89.2239800944285,48.4524846176014],[-89.2239800964009,48.4524845698776],[-89.2239800737595,48.4524842374158],[-89.2239808346095,48.4524784959332],[-89.2239830786122,48.4524714715536],[-89.2240006466195,48.4524371653386],[-89.2240067383984,48.4524225205412],[-89.2240099520697,48.4524037305567],[-89.2240099823676,48.4524035572231],[-89.2240059578505,48.4523855873783],[-89.2239926676869,48.4523599249514],[-89.223978738963,48.4523365493827],[-89.2239627711476,48.4523126599027],[-89.223944064137,48.4522872776455],[-89.2239232148936,48.4522642832944],[-89.2238974135971,48.4522441279516],[-89.2238763936897,48.4522315908381],[-89.2238310251413,48.4522082778413],[-89.2238099102223,48.4521961348343],[-89.2237602617082,48.4521630255322],[-89.2237057228215,48.4521223702525],[-89.2236539492135,48.4520798089497],[-89.2236127687232,48.4520418590976],[-89.2236027949608,48.4520308340821],[-89.2235923857746,48.4520169626438],[-89.2235510066286,48.4519501884053],[-89.2235299334578,48.4519211935228],[-89.2235148277598,48.4519047397678],[-89.2234982363434,48.451890160073],[-89.2234792903994,48.4518771338332],[-89.2234578352415,48.4518660212296],[-89.2234372834748,48.4518583740097],[-89.2234154720404,48.4518527908191],[-89.2233929221066,48.4518490960335],[-89.2233686385884,48.4518468959107],[-89.2233230129054,48.4518463877074],[-89.2232343746796,48.4518506984186],[-89.2232015760499,48.4518510480171],[-89.2231879187049,48.4518503798567],[-89.2231767329344,48.4518491654768],[-89.2231681300432,48.4518475997675],[-89.223160820731,48.4518456131761],[-89.2231326967612,48.4518355021363],[-89.2231064382411,48.4518240351352],[-89.223084958688,48.4518125783378],[-89.2230694597913,48.451802168403],[-89.2230657901362,48.451798818555],[-89.2230626251775,48.4517946680917],[-89.2230596407787,48.4517887677656],[-89.2230571074479,48.4517804672434],[-89.2230555549052,48.4517704679732],[-89.22305500439,48.4517580794525],[-89.2230549878612,48.4517577009862],[-89.2230586953496,48.4516922361602],[-89.2230576148071,48.4516613936521],[-89.2230576013737,48.4516610241233],[-89.2230542362834,48.4516424116907],[-89.2230485237917,48.4516250205691],[-89.2230399830868,48.4516083400071],[-89.2230289664225,48.4515934365728],[-89.2230080320251,48.4515708917667],[-89.222987339942,48.4515515722997],[-89.2229655557515,48.4515344062911],[-89.2229423435347,48.4515195063999],[-89.2229259416146,48.4515112723457],[-89.2229068420499,48.4515038272982],[-89.2228706979582,48.4514943075497],[-89.2228323120485,48.4514883337544],[-89.2227654975059,48.4514815884892],[-89.2227431626029,48.4514786316977],[-89.2227246384028,48.4514748221022],[-89.2227113336683,48.4514704563853],[-89.222683751463,48.4514581565248],[-89.2226579882957,48.4514445528918],[-89.2226371998734,48.4514313551777],[-89.2226222865014,48.4514195437885],[-89.2226187737985,48.4514157293328],[-89.2226158152921,48.4514109468575],[-89.222613236288,48.4514042001395],[-89.2226114353044,48.4513950136198],[-89.2226108638496,48.4513836916799],[-89.2226108477953,48.4513833240011],[-89.2226117384738,48.4513686889003],[-89.222623535973,48.4512968434471],[-89.2226257992556,48.4512639281295],[-89.2226240259318,48.4512444715727],[-89.2226240012197,48.451244091465],[-89.2226191056328,48.4512254564077],[-89.2226103322298,48.4512074685055],[-89.2225977711481,48.4511914486171],[-89.2225836786152,48.4511783311515],[-89.2225686411225,48.4511667416872],[-89.2225519902925,48.451155900477],[-89.2225330116899,48.4511453048801],[-89.2224934503393,48.4511273953904],[-89.2224473036953,48.4511111606536],[-89.222395987592,48.4510968117355],[-89.2223387417882,48.4510838810623],[-89.2222751263979,48.451072113503],[-89.2222021110463,48.4510608415087],[-89.2221523843063,48.4510537432817],[-89.2221184955823,48.451049899303],[-89.2220851607363,48.4510478062834],[-89.2220509190676,48.4510480223804],[-89.2220183291931,48.4510524298855],[-89.2219864358486,48.4510616707648],[-89.2219604657124,48.4510720397446],[-89.2219128268475,48.4510935313477],[-89.2218964501181,48.4510992532509],[-89.2217880639701,48.4510689898446],[-89.2216778929484,48.4510397253188],[-89.2213696238891,48.450962991983],[-89.2213668395121,48.4509610186647],[-89.2213601671563,48.4509538498183],[-89.2213510879089,48.4509405265222],[-89.2213509399217,48.4509402036783],[-89.2213509204316,48.4509401599679],[-89.221350908069,48.4509400936268],[-89.2213510091326,48.4509383803913],[-89.2213517986828,48.450935335758],[-89.2213583360235,48.4509216515034],[-89.2213818877734,48.4508850590867],[-89.2213924552006,48.4508659733088],[-89.2214004473764,48.4508431359088],[-89.2214011947823,48.4508206228616],[-89.221401203772,48.4508203329754],[-89.2213954486736,48.4508004935337],[-89.2213856729662,48.4507825536865],[-89.2213722208234,48.4507656601416],[-89.2213556975786,48.4507497373272],[-89.2213389101453,48.4507362524784],[-89.2213194648521,48.450722484254],[-89.2212512074606,48.4506792981753],[-89.2212279005596,48.4506631995301],[-89.2212086756756,48.4506469491783],[-89.2212033035277,48.4506411839848],[-89.2211998344352,48.4506365984762],[-89.2211952548577,48.450627113795],[-89.221191796486,48.4506120183491],[-89.2211901861833,48.4505926270021],[-89.2211901668877,48.4505922467895],[-89.2211889185032,48.4505335708005],[-89.2211889120347,48.4505334845514],[-89.2211889059646,48.4505331904574],[-89.2211866777912,48.4505146100001],[-89.2211823498122,48.4504972217423],[-89.2211725370035,48.4504766616836],[-89.2211539835936,48.4504564872362],[-89.221124226889,48.4504403295681],[-89.2210921650162,48.4504335519872],[-89.2210405084318,48.4504295397254],[-89.2209156671343,48.4504215672982],[-89.2208506746539,48.4504158744178],[-89.2208169114051,48.4504118872769],[-89.2207864721696,48.4504073941848],[-89.2207592047929,48.4504024106778],[-89.220731794467,48.4503962584774],[-89.2207070113139,48.4503912674857],[-89.2206781655713,48.4503879267446],[-89.2206485899153,48.4503867351434],[-89.2206182708581,48.4503875075977],[-89.2205872154753,48.4503900343338],[-89.2205537898878,48.4503942830111],[-89.2204369699748,48.4504143922989],[-89.2203928168645,48.4504201103249],[-89.2203728834916,48.4504213759304],[-89.2203557899359,48.4504213603864],[-89.2203414703437,48.4504202593069],[-89.2203293963814,48.4504182700343],[-89.2203280072621,48.4504178955687],[-89.2203275062698,48.450417696502],[-89.2203268726998,48.4504173416422],[-89.2203261635628,48.4504168046963],[-89.2203195274236,48.4504096548848],[-89.2202981935834,48.4503794633072],[-89.220287436495,48.4503680986323],[-89.2202743187222,48.4503576198687],[-89.2202566123837,48.4503476165545],[-89.2202356283628,48.4503399564143],[-89.2202131773723,48.4503353152827],[-89.2201903595426,48.4503334577895],[-89.2201681628358,48.450334026568],[-89.2201440844775,48.4503362313771],[-89.2200905827152,48.4503440218524],[-89.2200250953377,48.4503564693877],[-89.2199705823833,48.4503693268],[-89.2199285086468,48.4503833701934],[-89.2198902668171,48.4504005219608],[-89.2198563282606,48.4504207361207],[-89.2198293194519,48.450442212019],[-89.2197957439955,48.4504720876365],[-89.219778105011,48.4504898359755],[-89.219762486047,48.4505103308901],[-89.2197524972777,48.4505310680488],[-89.2197462819465,48.4505535723341],[-89.2197425639564,48.450576121999],[-89.2197409244626,48.4505997814074],[-89.2197409342878,48.4506001618029],[-89.2197412539161,48.4506241783864],[-89.219741266444,48.4506245587298],[-89.219741427361,48.4506275976066],[-89.2197431159172,48.4506422206998],[-89.219746848448,48.4506585264302],[-89.2197587093848,48.4506894371491],[-89.219774625121,48.4507188894356],[-89.2198177972174,48.45078904759],[-89.2198266827926,48.4508072440738],[-89.2198328793107,48.4508246898927],[-89.2198581865201,48.4509016771307],[-89.2198627590507,48.45091937922],[-89.2198651941091,48.4509336271136],[-89.2198652106922,48.4509340073787],[-89.2198658202473,48.4509468995213],[-89.2198646212848,48.4509564993691],[-89.2198624134262,48.4509627824938],[-89.2198600738157,48.4509663545799],[-89.2198552220313,48.4509709063654],[-89.2198459202356,48.4509769413061],[-89.2198310577979,48.4509841443354],[-89.21981038377,48.4509919714595],[-89.2197841378549,48.4509999645864],[-89.2197522393131,48.4510079471241],[-89.2197147229992,48.4510157879347],[-89.2196706974161,48.4510236067846],[-89.2196346068901,48.4510287550603],[-89.2195980323776,48.4510323885237],[-89.2195617385452,48.4510344564304],[-89.2195267313887,48.4510349213751],[-89.2194940896267,48.451033831824],[-89.2194641935701,48.4510312866092],[-89.2194375529499,48.4510274369491],[-89.2194144697179,48.4510224767598],[-89.2194037840441,48.451019263065],[-89.2193923697675,48.4510147867124],[-89.2193798103617,48.4510087075434],[-89.219366289457,48.4510009563344],[-89.2193375661639,48.4509813826923],[-89.2192804260838,48.4509372584735],[-89.2192545179101,48.4509183781723],[-89.2192252015106,48.45089956182],[-89.2191965603378,48.4508843511411],[-89.219100029097,48.4508399889816],[-89.219061021276,48.4508237915168],[-89.2190245817266,48.450810103322],[-89.2189883613298,48.4507981842528],[-89.2189530780994,48.4507884649245],[-89.218918380537,48.45078098001],[-89.2188829396116,48.4507756786697],[-89.2188441862794,48.4507735704684],[-89.2188039304329,48.4507759331955],[-89.2187639510104,48.4507824347257],[-89.2187241529299,48.4507926315277],[-89.2186866782474,48.4508051821779],[-89.2186473723774,48.4508208389084],[-89.2186082706791,48.4508382326618],[-89.2185035326695,48.450887117789],[-89.2184732682361,48.4508999818719],[-89.2184470185422,48.4509099712631],[-89.2184178130404,48.4509193581522],[-89.2183921823831,48.4509256763969],[-89.218369317556,48.4509294175579],[-89.2183468313508,48.4509310775386],[-89.2182571071317,48.4509324137634],[-89.2182249589197,48.4509316607299],[-89.2181979006151,48.4509300168741],[-89.2181755712451,48.4509275476427],[-89.2181590392406,48.4509245932265],[-89.2181484481035,48.4509216843998],[-89.2181451390292,48.4509202996472],[-89.2181439660848,48.4509174989179],[-89.2181428440469,48.4509098449719],[-89.2181428207401,48.4509096825705],[-89.2181431773726,48.4508990265086],[-89.2181454404699,48.4508843532853],[-89.2181660900473,48.4508044793842],[-89.2181723519568,48.4507657701818],[-89.2181725476119,48.450743691573],[-89.2181725487665,48.450743438727],[-89.2181694560117,48.4507225598875],[-89.2181624339081,48.4507024496104],[-89.2181511788156,48.4506839612944],[-89.2181376671299,48.4506687177255],[-89.218121924051,48.4506545968574],[-89.2181032810022,48.4506404401351],[-89.218051881592,48.4506043984383],[-89.2180413864894,48.4505954352771],[-89.2180341511636,48.4505875951007],[-89.2180237978408,48.4505730391916],[-89.218013584223,48.4505552640587],[-89.2180037103144,48.4505342037643],[-89.2179934710566,48.4505080175631],[-89.2179843903018,48.4504806690668],[-89.2179775632396,48.450454944311],[-89.2179729412169,48.4504308442341],[-89.2179704779703,48.450408424612],[-89.2179700975459,48.4503881151799],[-89.2179700863827,48.45038773481],[-89.2179716794159,48.4503688259917],[-89.217975119131,48.4503517296079],[-89.2179802331985,48.4503364948675],[-89.2179865933339,48.4503236599685],[-89.217995613041,48.4503100000205],[-89.2180076890489,48.4502952149615],[-89.2180232794845,48.4502790170407],[-89.2180406411304,48.4502630548829],[-89.2180620751896,48.4502450455897],[-89.2181430685277,48.4501821439052],[-89.2181633274527,48.4501669958965],[-89.2181850097956,48.450152420554],[-89.2182092351608,48.4501376360162],[-89.2182360837651,48.4501226209405],[-89.21829940716,48.4500908036149],[-89.218439775689,48.4500264156686],[-89.2185003878119,48.4499970042101],[-89.2185332817261,48.449979658239],[-89.2185631195128,48.4499626654133],[-89.2185906060077,48.4499455955667],[-89.2186157793246,48.4499283921828],[-89.2186442593256,48.4499070897322],[-89.2186743038748,48.4498830507138],[-89.2187384491742,48.4498274365648],[-89.218809566401,48.4497607453972],[-89.2188973015301,48.4496740448656],[-89.2189151915485,48.4496573076107],[-89.2189573735128,48.4496212425401],[-89.2189786852362,48.4495987646803],[-89.2189901191794,48.4495818262537],[-89.2189980010248,48.4495645973574],[-89.2190026536412,48.4495467280673],[-89.2190042481199,48.4495290716249],[-89.2190040801918,48.4494977292194],[-89.2190040636159,48.4494973489539],[-89.2190019158523,48.4494727126299],[-89.2190018898171,48.449472332547],[-89.2189969232727,48.4494491181871],[-89.2189885742226,48.4494280762427],[-89.2189798816751,48.449413860867],[-89.2189691887047,48.4494006665837],[-89.2189564931727,48.449388227114],[-89.2189419878708,48.4493765594318],[-89.2189258409325,48.4493656422985],[-89.2189073489698,48.4493549458459],[-89.2188686674145,48.449336804008],[-89.2188240240262,48.4493203957693],[-89.2187734608292,48.4493053820142],[-89.2187167482496,48.4492913982742],[-89.2186453299586,48.4492762270925],[-89.2186128728156,48.4492709374004],[-89.2185766097983,48.4492674467836],[-89.2185381908985,48.4492656307431],[-89.2184347872193,48.4492631614803],[-89.2184077494583,48.4492610998068],[-89.218384088494,48.4492578825325],[-89.2183191897732,48.4492463237871],[-89.2182778416838,48.4492371260928],[-89.2182447446778,48.4492272069368],[-89.2182331229974,48.4492227389682],[-89.218222658684,48.4492179526689],[-89.2182108458757,48.4492114262059],[-89.218198723572,48.4492034148598],[-89.2181861072484,48.4491936567687],[-89.2181729940662,48.4491819936351],[-89.2181596909363,48.4491686093832],[-89.2181459390311,48.4491532129933],[-89.2181134103272,48.4491118238304],[-89.2181108884695,48.4491076446353],[-89.2181095219588,48.4491037526679],[-89.2181087923333,48.4490984610379],[-89.218108769713,48.4490982833278],[-89.2181090499189,48.4490910567028],[-89.2181127085088,48.4490734612397],[-89.2181288830512,48.4490215732986],[-89.2181321590503,48.4490052232389],[-89.2181334373806,48.4489906094889],[-89.2181337997615,48.4488974580953],[-89.2181337899492,48.4488970776993],[-89.2181316939364,48.4488615131565],[-89.2181316746648,48.4488611329429],[-89.2181277988138,48.4488283306984],[-89.2181217124062,48.4487963826358],[-89.2181133579667,48.4487661733965],[-89.2181025808603,48.448737444141],[-89.2180897806108,48.4487111696682],[-89.2180481915835,48.4486320523268],[-89.2180194948112,48.4485689345763],[-89.2180085053726,48.4485403893515],[-89.2179994632253,48.448513111184],[-89.2179923748086,48.4484871548334],[-89.2179866934099,48.4484600916776],[-89.2179820529763,48.4484446284452],[-89.2179726880157,48.4484277582631],[-89.2179598344867,48.4484120224249],[-89.2179434840109,48.4483968560613],[-89.2179121598313,48.4483745313581],[-89.2178552201948,48.4483406846654],[-89.2178372993219,48.4483291132907],[-89.217823372193,48.4483182863631],[-89.2178140687273,48.4483086002157],[-89.2177992440766,48.4482888436881],[-89.2177863721719,48.4482692069612],[-89.2177756819675,48.4482499474425],[-89.2177669623453,48.44823081368],[-89.2177650243561,48.4482248543532],[-89.2177639035753,48.4482186543383],[-89.2177636606411,48.4481985797769],[-89.2177636508318,48.4481981993807],[-89.2177659937755,48.4481794911358],[-89.2177763655824,48.448126527474],[-89.217779756071,48.4481013173859],[-89.2177801533575,48.4480743628512],[-89.2177765550927,48.448026690822],[-89.2177765385269,48.4480263105562],[-89.2177763269245,48.4480096561587],[-89.2177763158031,48.4480092766876],[-89.2177784271433,48.4479924236493],[-89.2177832430651,48.4479774267899],[-89.2177926117877,48.4479578471053],[-89.2178053594871,48.4479353321363],[-89.2178476174154,48.4478715327578],[-89.2178934773512,48.4478044563779],[-89.2179221251554,48.4477670646099],[-89.2179363006563,48.44775090747],[-89.2179505587097,48.4477363349583],[-89.2179648740928,48.4477233268675],[-89.2179802166636,48.4477110178517],[-89.2182495854049,48.447506083723],[-89.2183838516763,48.4474060357528],[-89.2183873382179,48.4474054772603],[-89.2183957785028,48.4474048529219],[-89.2184078904025,48.4474048136747],[-89.2184238981731,48.4474056332088],[-89.2184433627473,48.4474074153618],[-89.2184655811127,48.4474109726498],[-89.2184864634099,48.4474165189101],[-89.2185043055697,48.4474233708252],[-89.218517460781,48.4474305452644],[-89.2185276853418,48.4474384033365],[-89.2185374952953,48.4474484161572],[-89.218544514399,48.4474582551732],[-89.2185478270484,48.4474656545325],[-89.2185480092883,48.4474670743887],[-89.2185479910958,48.4474671845065],[-89.2185472441891,48.4474718001255],[-89.2185444514849,48.4474796528384],[-89.2185304201671,48.4475113401929],[-89.2185247763858,48.447533744325],[-89.2185245172044,48.4475562866315],[-89.2185245374747,48.4475564104031],[-89.2185279433101,48.4475780515728],[-89.2185348228809,48.4475999262538],[-89.2185449182717,48.4476220124281],[-89.2185562300846,48.4476417223493],[-89.2185701948718,48.4476627243957],[-89.2186221837466,48.4477317493517],[-89.2186400144516,48.4477577620918],[-89.2186542355417,48.4477839920072],[-89.2186583749219,48.4477944407932],[-89.2186620442555,48.4478071686611],[-89.2186668626533,48.4478209711349],[-89.2186759547657,48.4478364501462],[-89.2186879530173,48.4478509616768],[-89.2187029449965,48.4478650879606],[-89.2187314831216,48.4478862317616],[-89.2187925528096,48.4479250665297],[-89.2188299368024,48.4479496439897],[-89.2188700166339,48.447973144644],[-89.2189097912949,48.4479936145864],[-89.2189489955465,48.4480107710208],[-89.2189873945028,48.44802428288],[-89.2190258622673,48.4480340361315],[-89.2190631866793,48.4480391535312],[-89.2190848087363,48.44803988266],[-89.2191057775342,48.4480389355964],[-89.2191309335188,48.4480351662755],[-89.2191553034715,48.4480284744989],[-89.2191776739767,48.4480195674709],[-89.2191990088633,48.4480085588579],[-89.2192293085876,48.4479889153327],[-89.2192900012897,48.4479440751317],[-89.2193171516285,48.4479273282911],[-89.2193527240461,48.4479089487907],[-89.2193921019123,48.4478902529283],[-89.219434214659,48.4478718119906],[-89.2194792315859,48.4478535696238],[-89.2195271835738,48.44783552073],[-89.2195785658149,48.447817483902],[-89.2196338237577,48.4477993155802],[-89.2196933813069,48.4477808744191],[-89.2197787616797,48.4477569962934],[-89.2198728695418,48.4477340878325],[-89.2199713227306,48.4477132277891],[-89.2200661971172,48.4476960536434],[-89.2200921860436,48.4476930615957],[-89.2201543556201,48.4476903303324],[-89.2201858218089,48.4476874610773],[-89.2202067488703,48.4476839791816],[-89.2202263501061,48.4476792776479],[-89.2202451209807,48.4476731813634],[-89.2202615773714,48.4476662678098],[-89.220341622702,48.4476277699758],[-89.2203708559381,48.4476120308619],[-89.220396259336,48.4475967624491],[-89.2204195528128,48.4475806539247],[-89.2204396651072,48.447564012083],[-89.220456439537,48.447546531343],[-89.2204692433538,48.4475282779046],[-89.2204773598176,48.4475106169979],[-89.2204821936697,48.4474924535285],[-89.2204841245243,48.4474737468788],[-89.2204834913568,48.4474548270041],[-89.2204834898276,48.4474547919442],[-89.2204834774737,48.4474544466867],[-89.2204807727894,48.4474355047191],[-89.2204760959853,48.4474150056015],[-89.2204588103365,48.4473593068583],[-89.2204476705568,48.4473252620166],[-89.2204374297314,48.4472981844169],[-89.2204262366878,48.4472734914848],[-89.2204137711046,48.447250970769],[-89.220399282007,48.4472298072153],[-89.2203826474872,48.4472104305475],[-89.220363477929,48.4471928689791],[-89.220341683773,48.4471774877281],[-89.2203164988692,48.4471639299937],[-89.2202885648739,48.4471521168082],[-89.2202581064818,48.447141866586],[-89.2202253751226,48.4471330835994],[-89.2201903983846,48.447125687238],[-89.2201539018655,48.4471197867578],[-89.2201165121062,48.4471154528397],[-89.220078119867,48.4471127235803],[-89.2200516855494,48.4471126282549],[-89.2200225282781,48.4471146602516],[-89.2199377837704,48.4471262036055],[-89.2199118862931,48.4471283400119],[-89.2199041022826,48.4471282886963],[-89.2198993156588,48.4471278133442],[-89.2198974014558,48.4471273977225],[-89.2198912305162,48.4471251361319],[-89.2198768321867,48.4471198194875],[-89.2198604954373,48.4471153617027],[-89.2198603476182,48.4471153213684],[-89.2198620750405,48.4471108640641],[-89.219866889118,48.4471033465953],[-89.2198759443346,48.4470924479716],[-89.2199261866822,48.4470419311705],[-89.219959550622,48.4470062644177],[-89.219985402793,48.4469767591179],[-89.2200072563286,48.4469493112889],[-89.2200254229473,48.4469233156973],[-89.2200404015086,48.4468977136328],[-89.2200517650453,48.4468727310717],[-89.2200593689104,48.4468481521726],[-89.2200629682907,48.4468238521003],[-89.2200623125144,48.4468032312708],[-89.2200623099087,48.4468032025298],[-89.2200622986347,48.4468028509533],[-89.2200581348231,48.4467808366701],[-89.2200508511976,48.4467577408439],[-89.2200404593474,48.4467328056784],[-89.220016740795,48.446687180226],[-89.2199583410647,48.4465877671013],[-89.2199502628907,48.4465683754919],[-89.2199424510702,48.4465327611248],[-89.2199363998234,48.4465146026128],[-89.2199232459077,48.4464922282872],[-89.2199040779759,48.4464711891578],[-89.2198889545331,48.4464582640043],[-89.219871936514,48.4464457757913],[-89.2198211219379,48.4464131821475],[-89.2198062576492,48.4464028809904],[-89.2197950234603,48.4463936407369],[-89.2197878345931,48.4463859896136],[-89.2197757513402,48.4463684108592],[-89.2197653820546,48.446347772339],[-89.2197574439857,48.4463249536432],[-89.2197523566871,48.446300613375],[-89.2197488725604,48.4462686250625],[-89.219748850425,48.4462684275492],[-89.21974944829,48.4462461900039],[-89.2197508138335,48.4462386131254],[-89.2197528751059,48.4462320116232],[-89.2197552830896,48.4462269104764],[-89.219757564461,48.4462234960658],[-89.2197655082964,48.4462151192432],[-89.2197777609108,48.4462054104455],[-89.219793737279,48.4461953130805],[-89.2198021137359,48.4461910585628],[-89.2198082960567,48.4461922501605],[-89.2198384464598,48.4462011280594],[-89.2199079360182,48.4462262795194],[-89.2199380470554,48.4462362387266],[-89.2199667914218,48.4462434819279],[-89.2199971770374,48.4462480140528],[-89.2200283330605,48.4462491861078],[-89.2200594032073,48.4462465899469],[-89.2200890056307,48.4462402324465],[-89.2201162484567,48.4462305330006],[-89.2201406555979,48.4462181728976],[-89.2201646809491,48.4462023301091],[-89.2201835697044,48.4461847456137],[-89.2201978905577,48.4461637295426],[-89.2202074722347,48.4461411845316],[-89.2202131635069,48.4461172534513],[-89.2202153780174,48.4460919319171],[-89.2202142531915,48.4460662933527],[-89.2202142366086,48.4460659130873],[-89.2202098574389,48.4460398595811],[-89.2202019774319,48.4460132897224],[-89.220190390265,48.4459916130658],[-89.2201722333284,48.4459701243955],[-89.2201531991291,48.445952428818],[-89.2201128090557,48.4459184095643],[-89.2200988042407,48.4459043390856],[-89.2200952037273,48.4458996760028],[-89.2200928165949,48.445895640005],[-89.2200915991472,48.4458925936266],[-89.2200908032907,48.4458886087913],[-89.2200881291499,48.445863445494],[-89.2200881038981,48.4458632075531],[-89.2200885403734,48.4458560975665],[-89.2200931691804,48.4458541349911],[-89.220111744858,48.4458483223072],[-89.2201343418699,48.4458432084706],[-89.2201615333815,48.445838911977],[-89.2201926405891,48.4458356519631],[-89.22022964002,48.4458332895053],[-89.2202733555205,48.4458318302893],[-89.220334301805,48.4458309948673],[-89.2204184283254,48.4458312252988],[-89.2204655112325,48.4458290837925],[-89.2204917891867,48.4458260122925],[-89.2205161852636,48.4458214979601],[-89.22053953089,48.4458152242367],[-89.2205602739373,48.4458075413901],[-89.2206048865114,48.4457873962484],[-89.22064155792,48.4457684606798],[-89.2206733471139,48.4457489643516],[-89.2206998961678,48.4457287315328],[-89.2207219375885,48.4457072550336],[-89.2207409598668,48.4456839968725],[-89.2207570148714,48.4456591539899],[-89.2207699715543,48.4456331014052],[-89.2207797012189,48.4456062059944],[-89.2207860207338,48.4455789508497],[-89.2207887952782,48.445551779442],[-89.220787920205,48.4455261990392],[-89.2207879186365,48.4455261630803],[-89.2207879063207,48.4455258187218],[-89.2207834927289,48.4454930287261],[-89.2207769534563,48.4454570506416],[-89.220745493398,48.4453136239647],[-89.2207371983118,48.4452573881808],[-89.2207323968477,48.4452399190633],[-89.2207193623341,48.4452207473551],[-89.2207006873013,48.4452044629058],[-89.220678540375,48.4451912388809],[-89.2206565994762,48.4451813119811],[-89.2206320809469,48.4451722832843],[-89.2205469834526,48.4451465401396],[-89.220517715622,48.4451360573674],[-89.2205073117425,48.4451313087975],[-89.2204998697651,48.4451270617811],[-89.2204952815088,48.4451236576051],[-89.2204908181994,48.4451191182576],[-89.2204592616487,48.4450820170744],[-89.2204229451982,48.4450424120471],[-89.220383385282,48.4450020805553],[-89.2203403332151,48.4449607466807],[-89.2202939614595,48.4449185195565],[-89.2202431651791,48.4448743453279],[-89.220187046449,48.4448274180681],[-89.2201218186062,48.4447745718305],[-89.2200786096883,48.44474253329],[-89.2200253542924,48.4447075494775],[-89.2199695047639,48.4446736728885],[-89.2198305919751,48.4445924099404],[-89.2198102243172,48.4445798163117],[-89.2203252137964,48.4443307880123],[-89.2212891747964,48.4445882650326],[-89.222006829435,48.4447799453892],[-89.2227617563061,48.4449894669561],[-89.223281021635,48.4451331439781],[-89.2241426739859,48.445371977978],[-89.2245197207091,48.4454805107668],[-89.2255436494777,48.4457696794045],[-89.2257502349218,48.4458299543532],[-89.2263410393116,48.4459941003313],[-89.2263932594227,48.4460084326838],[-89.2264193293682,48.446015268977],[-89.2264541100877,48.4460240861123],[-89.2268285770756,48.4461179057238],[-89.2277913484756,48.4463873862287],[-89.2280358055348,48.4464623251665],[-89.2283757812999,48.4458990244295],[-89.2288600484573,48.4450966225943],[-89.2299233651471,48.4433671284053],[-89.2310572659022,48.4415043594748],[-89.2320108876174,48.4417615684373],[-89.2328178828299,48.4419792241848],[-89.2345915294879,48.4424603661327],[-89.2362275576176,48.4429031340657],[-89.2366783117539,48.4421527469649],[-89.2372643884948,48.4411770964923],[-89.23777611829,48.4403249017971],[-89.2383085274502,48.4394547196805],[-89.2385955317539,48.4395344027224],[-89.2388857746124,48.4396087135975],[-89.2400444972417,48.4399061294493],[-89.2408695397448,48.4401124005465],[-89.2411691925072,48.4401850171009],[-89.2421304892805,48.4404449564238],[-89.2434034053045,48.4407589429908],[-89.2435533772676,48.4407707275491],[-89.2437039109624,48.440778748174],[-89.2438547908599,48.4407829937723],[-89.2446673025756,48.4408154587575],[-89.2448191028515,48.4408244429104],[-89.2449697441551,48.4408398033884],[-89.2451186220992,48.440861479115],[-89.2452651392115,48.4408893818898],[-89.2454087064823,48.4409234008567],[-89.2455487499606,48.4409633987763],[-89.2456847055472,48.4410092166256],[-89.2458160296043,48.4410606688921],[-89.2459124662062,48.4411215125233],[-89.2460014398282,48.4411871975005],[-89.2460824012477,48.4412573206891],[-89.2461548527356,48.441331450957],[-89.2462183494866,48.4414091309453],[-89.2462724998978,48.4414898833608],[-89.246316970974,48.4415732108701],[-89.2464932651579,48.4420251391148],[-89.2468239428788,48.4429008400661],[-89.2470326463138,48.4434104603525],[-89.2473562486058,48.4442033120645],[-89.2484557927587,48.4462920635436],[-89.2485431480146,48.4464623800371],[-89.2486388599407,48.446630696746],[-89.2487428232971,48.4467968339618],[-89.2488549260032,48.4469606103086],[-89.2489750495346,48.4471218517332],[-89.249103061809,48.4472803835463],[-89.2494355144221,48.4476652737283],[-89.249988061211,48.4483752566981],[-89.2506713819288,48.449235353629],[-89.250959934641,48.4495985447971],[-89.2447273812845,48.4530796446568],[-89.2441225129649,48.4534515618754],[-89.2435121720778,48.4538195041144],[-89.2428964138965,48.4541834360198],[-89.2422753004178,48.4545433212074],[-89.2416488910211,48.454899125144],[-89.240949252113,48.4552882530577],[-89.2402432780881,48.4556722887912],[-89.2395310522915,48.4560511883192],[-89.2388126593102,48.4564249048939],[-89.2383943426584,48.4566386878009],[-89.2379740069231,48.4568507143865],[-89.2351478629897,48.4580820380139],[-89.2305193199938,48.4598605804679],[-89.2254823012004,48.4617709976275],[-89.2222986278281,48.4630615658246],[-89.2218607468636,48.4632662375444],[-89.2214279598033,48.4634756470392],[-89.2210003819556,48.4636897408554],[-89.2205781283605,48.4639084592472],[-89.2201613128311,48.4641317451926],[-89.2178298075325,48.4655490115943],[-89.2150954447609,48.4672110700753],[-89.214998228036,48.4672398248971],[-89.2148300674581,48.4637231755105],[-89.2147818509672,48.4629231682427],[-89.2147425736988,48.4621503395502],[-89.214645650047,48.4604853412612]]]},"properties":{"OBJECTID":28,"BABY_ATOM":"20000","FIRE_AREA":"2","FIRE_STATION":"STATION 2","GlobalID":"12e2a978-22c9-412b-96e3-5e9fc96ba1c5","Shape__Area":4123037.1551513672,"Shape__Length":11205.803062012175}},{"type":"Feature","id":30,"geometry":{"type":"Polygon","coordinates":[[[-89.2105122600997,48.4391874774279],[-89.2106603244007,48.4391226215976],[-89.2107057661464,48.4390957046675],[-89.2108305652961,48.4390217820206],[-89.2111082475032,48.438887888399],[-89.2111585818317,48.4387940336348],[-89.2111010850163,48.4386980095181],[-89.2109698384098,48.4386120008244],[-89.2108090581955,48.4384841364923],[-89.2106813277571,48.4384288594279],[-89.2105551738394,48.4383323290181],[-89.2105842649793,48.4383195668996],[-89.2106078984402,48.4383201617797],[-89.2106630540661,48.4383135666051],[-89.2107559408776,48.4382822729203],[-89.2108450146329,48.438238368963],[-89.210845499164,48.4382381302188],[-89.2108659818374,48.4381959872722],[-89.2108670605675,48.4381955130742],[-89.2109072076648,48.4381438976806],[-89.2108883137393,48.4380750005665],[-89.2108666033876,48.4380219280433],[-89.210828358123,48.4379710204753],[-89.2108296090712,48.4379359528644],[-89.2108648928475,48.437918674667],[-89.2109513419378,48.4379944779064],[-89.2110187239206,48.4380780262803],[-89.2110731900046,48.4381194015471],[-89.2111376413323,48.4381993172956],[-89.2111980443207,48.4382498006036],[-89.2112453233052,48.4383171334921],[-89.2113269505758,48.4384096309552],[-89.2113769195947,48.4384750694271],[-89.2114715492866,48.4386115808023],[-89.2115317457859,48.4387210901613],[-89.2115768095082,48.4388013775228],[-89.2116060281752,48.4388358583906],[-89.2116300263946,48.4388778192094],[-89.2116425484157,48.4389107775583],[-89.2116553994684,48.4389148833518],[-89.2116702398205,48.4389312304019],[-89.2116923550954,48.4389524994447],[-89.2117029929763,48.4389721807182],[-89.2117074668364,48.438987642019],[-89.211705293356,48.4390126315106],[-89.2117087848168,48.4390179888447],[-89.2117435763572,48.4389964965169],[-89.2118025799461,48.4389575004263],[-89.2117557023935,48.4388993795772],[-89.2117317040997,48.4388574196855],[-89.2117114373297,48.4388375213835],[-89.2116827802015,48.4388159408634],[-89.2116454137419,48.4387853019713],[-89.2116125436395,48.4387306015211],[-89.2115641949563,48.4386783877125],[-89.2115124757194,48.4385739329121],[-89.2115059050545,48.4385320121836],[-89.2114711666045,48.4384751018892],[-89.2114208014258,48.4384004497462],[-89.2112470681198,48.4381658599097],[-89.2111869052766,48.4381209062471],[-89.2111602180994,48.4380808396717],[-89.2111582978324,48.4380366125905],[-89.2111569375632,48.438005283164],[-89.2111672543105,48.4379779642895],[-89.2111835380245,48.4379555628937],[-89.2111995223604,48.4379348308507],[-89.2112073950941,48.4379040410132],[-89.2112376259744,48.4378932470183],[-89.2112498760128,48.4378572652617],[-89.2112760652104,48.4378240800079],[-89.2112968083155,48.4377715976787],[-89.21130490102,48.4377459068709],[-89.2113402894204,48.4377125474463],[-89.2113484265944,48.437687881472],[-89.2113951731175,48.4376685985705],[-89.2114221557403,48.4376537831031],[-89.211443032784,48.4376043590505],[-89.2114404345039,48.4375798967706],[-89.2114171660975,48.4375742178701],[-89.2113851360385,48.4375789157462],[-89.2113359284073,48.4375767991038],[-89.2113161081676,48.4375444983705],[-89.2113069628911,48.4374752258556],[-89.2112896135404,48.4373938567435],[-89.2112724615021,48.4373523139678],[-89.2112422432746,48.4372926373036],[-89.2112045313926,48.437237193062],[-89.2111421963109,48.4371801752708],[-89.2111151510136,48.4371582262248],[-89.2111158883437,48.4371398296736],[-89.211160565365,48.4371083314287],[-89.2111998459823,48.4370585536297],[-89.2112451972768,48.436971895255],[-89.2112594103757,48.4369103450219],[-89.2112521491129,48.4368492067233],[-89.2112423838635,48.43676564941],[-89.2112567886564,48.4367439238271],[-89.2113608513162,48.4367368172519],[-89.2114896268626,48.4367333220126],[-89.2116099364081,48.4367116052318],[-89.2117206036725,48.4366798600003],[-89.2118019537949,48.4366445945408],[-89.2118546084798,48.436620091868],[-89.211980113066,48.4366472965774],[-89.212119155154,48.4366681154358],[-89.2122083643937,48.4366725268805],[-89.2123126041136,48.4366695026099],[-89.2124527209536,48.4366443403936],[-89.2124913256624,48.4366497249858],[-89.2125449474303,48.4367181418886],[-89.2126439114554,48.436770365942],[-89.2127312124071,48.4368013710169],[-89.2127933071566,48.4368175367454],[-89.2128204429945,48.4368415260447],[-89.2128050777264,48.4368765458175],[-89.2127768743582,48.4368985370517],[-89.2127169320734,48.4368966239146],[-89.2126132043285,48.4368761494547],[-89.2125479957034,48.4368590214339],[-89.2125006794071,48.4368650375584],[-89.2124611879405,48.4368392443591],[-89.2124604786122,48.4368229162102],[-89.2124478084052,48.4368139673819],[-89.2124186282986,48.4368135083624],[-89.212386155693,48.4368080057982],[-89.2123727359715,48.4367817092917],[-89.2123505551353,48.4367657941294],[-89.2122999921627,48.4367677887448],[-89.2122095098388,48.436769528116],[-89.2121781467487,48.4367895366868],[-89.2121451185164,48.4368065109943],[-89.2121063364076,48.4367970440243],[-89.212065397614,48.4367733182123],[-89.2120114132227,48.4367672071539],[-89.2119725882417,48.4367567206698],[-89.2118932855449,48.4367684576312],[-89.2118563457838,48.4367661044015],[-89.2117798411765,48.4367716585183],[-89.2117316548591,48.4367930107551],[-89.2117260988354,48.436806396702],[-89.2117221190457,48.4368207708339],[-89.2117089805344,48.4368363431676],[-89.2116876848081,48.4368408365243],[-89.2116431222593,48.4368396491929],[-89.211608587239,48.4368219299464],[-89.2115593345976,48.4368187912751],[-89.2115075469695,48.436827958341],[-89.2114783828988,48.4368632423385],[-89.2114281916614,48.4369091443319],[-89.2114140083444,48.4369359698446],[-89.2114081123129,48.4369769336305],[-89.2113942378659,48.4370109042539],[-89.2113768991329,48.4370357489399],[-89.2113652252382,48.4370849933514],[-89.2113801335883,48.4371102392599],[-89.2113741503733,48.4371491650317],[-89.2113888486352,48.4372051650401],[-89.21135771227,48.4372295678029],[-89.2113988900753,48.4372716266613],[-89.2114408955396,48.4373327132709],[-89.2114555474172,48.4374228912933],[-89.2114671382526,48.4375250306892],[-89.2115146410335,48.4375479224217],[-89.2116058653822,48.4375890189618],[-89.2117032051828,48.4376061918923],[-89.2116987426054,48.4376681719037],[-89.2117614350551,48.437690579819],[-89.2118531311607,48.4376012764684],[-89.2118918058127,48.4375330395369],[-89.2119553364492,48.4375150990449],[-89.2120649158393,48.4374177724192],[-89.2121254396816,48.4374004681835],[-89.2121793469648,48.437384181002],[-89.2122236160117,48.4373518300481],[-89.212298479553,48.4373219569173],[-89.2125131938094,48.4372607904181],[-89.212771566734,48.4371987773315],[-89.2128648619385,48.4371622079483],[-89.2130953114262,48.4371393837261],[-89.213251815343,48.4371145530489],[-89.213396912051,48.4370156365785],[-89.2133551804847,48.4369777008499],[-89.2133525453556,48.4368951950424],[-89.2136482599547,48.4363992468342],[-89.2137382197177,48.4362519886574],[-89.2138092759764,48.4360313100788],[-89.2138053479864,48.4358157392816],[-89.2137304951202,48.4357038742322],[-89.2135755075811,48.4355631107744],[-89.2134536772481,48.4353586028726],[-89.2134412872438,48.4351530910207],[-89.2135728781643,48.4349928089586],[-89.2137894241281,48.4348584171041],[-89.2139490703773,48.4348038023717],[-89.2142642999819,48.4348282073068],[-89.2147674141578,48.4349094511337],[-89.2149640251115,48.4349106973557],[-89.2151795552173,48.4348548526861],[-89.2152816594409,48.4347582103065],[-89.2154933671954,48.4341615333576],[-89.215502303322,48.4340793867946],[-89.2154991874387,48.434066563572],[-89.2155445276475,48.4340480096296],[-89.2155943820024,48.4340368139845],[-89.2156395791337,48.4340471108173],[-89.2156698502223,48.4340679295906],[-89.2156709987481,48.4341265321016],[-89.2156490044636,48.4341995370331],[-89.2156462872057,48.4342656565796],[-89.2156238435454,48.4343926413879],[-89.2156173965984,48.4345016392477],[-89.2156409840553,48.4345616692607],[-89.2156778569401,48.4346056269889],[-89.215716227942,48.4346197774705],[-89.2157704189484,48.434643857616],[-89.2158016006326,48.4346534931589],[-89.2158616422384,48.4346514070614],[-89.2159553989907,48.4346207545591],[-89.2160497879345,48.4345724091977],[-89.2161097537064,48.4345219081389],[-89.2161365732187,48.43447584975],[-89.2161177939994,48.4343298542242],[-89.216074484399,48.4342731706991],[-89.2160394762195,48.434260202574],[-89.2159815662583,48.4342335498965],[-89.2159577591621,48.4341851343025],[-89.2159712496195,48.4341115643619],[-89.2160079690311,48.4340730925396],[-89.216049882593,48.4340389617016],[-89.2160546256466,48.4340381541339],[-89.2160872359815,48.4339760949427],[-89.2159784601776,48.433884764446],[-89.2159290831567,48.4338713425345],[-89.2158736105332,48.4338624143229],[-89.2158335825624,48.4338631845553],[-89.2157941836277,48.4338783833298],[-89.2157444107468,48.4339237708495],[-89.2157226560045,48.433960847646],[-89.2156840762192,48.4339949105459],[-89.215657777559,48.4340043037806],[-89.2155958753374,48.4340010533246],[-89.2155686110513,48.4339882480957],[-89.2155715534167,48.4339595341046],[-89.215622785171,48.433865157027],[-89.2156736488499,48.4337860689368],[-89.2156748100037,48.4337398760002],[-89.2156799584499,48.433708417618],[-89.2156606982924,48.4336876827535],[-89.2156206479909,48.4336501095285],[-89.2156010749359,48.4336176733883],[-89.2155157962607,48.433584428101],[-89.2155024893394,48.4335953687165],[-89.2152546393861,48.4334826124926],[-89.2152123330443,48.4334661182752],[-89.2151830901268,48.4334525134132],[-89.2152678149055,48.433366466251],[-89.2152429450423,48.4333520645936],[-89.2140622776637,48.4328587167762],[-89.2140185613071,48.4327362610123],[-89.2139981122456,48.432726657728],[-89.2139788236747,48.4327436911167],[-89.2139089484679,48.4327106007112],[-89.2139684840404,48.4326594720267],[-89.2140383149295,48.4326914502826],[-89.2140220652167,48.4327075695397],[-89.21403751202,48.4327172718081],[-89.2142192851223,48.4327018710565],[-89.2142954640357,48.4327320462562],[-89.2150894774807,48.4330655472139],[-89.2154025343434,48.4332009132142],[-89.2154315959043,48.4331944971109],[-89.2157993063614,48.4333514222554],[-89.2165789664542,48.4336702719464],[-89.21666327218,48.4336020743825],[-89.2168093310134,48.4334839193959],[-89.2168113737312,48.433482267709],[-89.2163407335602,48.4332224952908],[-89.216312478279,48.4332067339243],[-89.2164909109686,48.4330928887443],[-89.2164956803284,48.4330904197482],[-89.2166043107306,48.43303914706],[-89.2165992836059,48.4330368110681],[-89.2165322192317,48.4330056636842],[-89.2164261704632,48.4329564037403],[-89.2164186457664,48.4329529093297],[-89.2161348842295,48.4328373236574],[-89.2160873286281,48.4328173274796],[-89.2160835770902,48.432815750554],[-89.216056648015,48.4328128135258],[-89.2160443586046,48.4328056473178],[-89.2160112329018,48.4327914849632],[-89.2159459052599,48.4327648447188],[-89.2158847322345,48.4327352776504],[-89.2158352644329,48.4327191519599],[-89.2156877024571,48.43265082682],[-89.2155736663569,48.4326057678449],[-89.2155432998599,48.4325919660829],[-89.2154888605756,48.4325672221148],[-89.2154078340532,48.4325303912946],[-89.2153059873469,48.4324902221395],[-89.215252521417,48.4324680820276],[-89.2152232200237,48.4324559484622],[-89.2152067384688,48.4324504671231],[-89.2151636801838,48.4324361548218],[-89.2151462195734,48.4324259120609],[-89.2151398372421,48.4324230334754],[-89.2150312835065,48.4323732860531],[-89.2149721951615,48.4323462110966],[-89.2149712258035,48.4323458077901],[-89.2147660141535,48.4322603657909],[-89.214702033155,48.4322733113519],[-89.2146815502598,48.4322956726696],[-89.2146656197617,48.4323130625913],[-89.2146292909716,48.4323547610061],[-89.2145125499918,48.4324534130442],[-89.2144575902027,48.4324235231549],[-89.2144738137243,48.4323624906885],[-89.2144760341048,48.4323541335294],[-89.2146170973477,48.4322252474356],[-89.2146044093112,48.4321802640749],[-89.2146028538676,48.4321707649767],[-89.2145946777671,48.4321209360661],[-89.2146918580778,48.4320524101694],[-89.2147717893204,48.4319985013541],[-89.2147869724954,48.4319363147215],[-89.2147673990585,48.4318152828646],[-89.2147385503313,48.4317277565256],[-89.2147543527479,48.4316798438948],[-89.2148039779685,48.4316693664784],[-89.2148401370138,48.4316781929482],[-89.2148487336905,48.4317113543331],[-89.2148973134931,48.4318413485661],[-89.2149191883613,48.4319108283024],[-89.2149263680384,48.4319336313766],[-89.2149726729251,48.4320112996605],[-89.2150436872405,48.432081349114],[-89.215071691065,48.4320956733652],[-89.2150803542097,48.4321001068514],[-89.2151827153409,48.4321524693444],[-89.2155998903484,48.4323184078797],[-89.2156085457396,48.4323199569391],[-89.2156278148146,48.4323287252247],[-89.215655983626,48.4323447529452],[-89.215661777538,48.4323382064618],[-89.2156739864133,48.4323244096378],[-89.2157133576934,48.4323413615049],[-89.2157008546804,48.4323542084854],[-89.215696921593,48.4323582475644],[-89.2157475217114,48.4323766979983],[-89.2158038137495,48.4324076088951],[-89.2158954500996,48.4324418390532],[-89.2159883927217,48.4324863269936],[-89.2161770612139,48.43256039357],[-89.2161851187855,48.4325525204287],[-89.2161943551095,48.4325434927136],[-89.2162293632157,48.4325588162865],[-89.2162206241184,48.4325670597557],[-89.2162145199393,48.4325728132846],[-89.2162184170405,48.4325745043662],[-89.2164424735481,48.4326677906857],[-89.2165975972542,48.432721733597],[-89.2167039654254,48.4327786511333],[-89.2167236992667,48.4327627360648],[-89.216737403635,48.4327678046503],[-89.2167589158323,48.4327775920983],[-89.2167412180413,48.4327921687218],[-89.2169591661316,48.4328855672652],[-89.2170118667202,48.4328692839438],[-89.2174083857683,48.4327467753341],[-89.2178908352874,48.4323186091644],[-89.2178345571893,48.4322891943685],[-89.2177348123765,48.4322489229484],[-89.2176230644061,48.4322038038876],[-89.2175288338257,48.4321650319926],[-89.2173492840273,48.4320911490323],[-89.2171917884893,48.4320121665615],[-89.2171774843987,48.4320049952233],[-89.2170191657815,48.4319465710372],[-89.2168942936514,48.4318991175142],[-89.2167514606512,48.4318342727209],[-89.2167233870084,48.4318231982509],[-89.21659912587,48.4317741751993],[-89.2165027184662,48.4317353643415],[-89.2164692021264,48.4317183943891],[-89.2162590197351,48.4316119584466],[-89.2160935906038,48.4315573885877],[-89.2160668223272,48.4315485606277],[-89.2158216687542,48.4314617819892],[-89.2156976065147,48.4314194355365],[-89.2156397772753,48.4314246163089],[-89.2155899135996,48.4314723421373],[-89.2154599188436,48.4315744778038],[-89.2153220491921,48.4316360989638],[-89.215237273073,48.4316539970857],[-89.2152030720585,48.4316404229399],[-89.2151863922502,48.4316082099181],[-89.2152246657616,48.4315749403302],[-89.2153185902053,48.4315445954892],[-89.2153281367014,48.4315415189855],[-89.2154228162992,48.4315110074595],[-89.2154893761292,48.4314276312785],[-89.215498144733,48.4314166485143],[-89.2155450479569,48.4313232995189],[-89.2155430345859,48.4313000424715],[-89.2155419353147,48.4312873576478],[-89.2155559479506,48.4312467447015],[-89.2155690462681,48.4312232820394],[-89.215581357761,48.4312009394015],[-89.2156700605011,48.4310638383201],[-89.2156643875552,48.4310479233944],[-89.215652277367,48.4310177619702],[-89.2156350491977,48.4309843818257],[-89.2156246260637,48.4309547430344],[-89.2156277151071,48.4309303683037],[-89.2156599407039,48.4309076420467],[-89.2156913267463,48.4309037219325],[-89.2157182632681,48.4309120446884],[-89.2157381660652,48.4309304521602],[-89.2157613594927,48.4309863725964],[-89.2157785225571,48.4310755678797],[-89.2158357119434,48.4311302800487],[-89.2160052595889,48.4312216310997],[-89.2164003708037,48.4313743716932],[-89.2164201836968,48.4313789888057],[-89.2164597018944,48.4313973087763],[-89.2169693999899,48.4315943400301],[-89.2170107655045,48.4316129112197],[-89.2171611422555,48.4316849907679],[-89.2171731021312,48.4316906768541],[-89.2172249719082,48.4317153453967],[-89.217444776771,48.4317997728985],[-89.217520176759,48.4318149309797],[-89.2175220770909,48.4318126504135],[-89.2175308665805,48.4318167213875],[-89.2175850472553,48.4318194340692],[-89.2176601500859,48.4318556829811],[-89.2177224573315,48.431867050876],[-89.217781536316,48.4318830525163],[-89.2178401154585,48.431887635383],[-89.2178907615842,48.4319072284463],[-89.2179376837518,48.4319292613887],[-89.217953864261,48.4319368616101],[-89.2180296990704,48.4319433987493],[-89.2180495683806,48.4319425342332],[-89.2180772199531,48.4319413306946],[-89.2181239608489,48.4319392965564],[-89.2182159075625,48.4319215243353],[-89.2182747081768,48.4318918247613],[-89.2183224957814,48.4318589077853],[-89.2183923621225,48.4318072842234],[-89.2184658078488,48.4317327375141],[-89.2184977675787,48.4316780346521],[-89.2185468819808,48.4316230035938],[-89.2186196471438,48.4315591344205],[-89.2186690594728,48.4315109490127],[-89.2186792029735,48.4314810451312],[-89.2186996744484,48.4314517022972],[-89.2187527154633,48.4314080201881],[-89.2187996628473,48.4313640561236],[-89.2188214535973,48.4313392413559],[-89.2188426210828,48.4313171584943],[-89.2188820569408,48.431302686727],[-89.2191543663719,48.4310550285283],[-89.2191961521,48.4310556483894],[-89.2192627324484,48.4309882587152],[-89.2192697541002,48.4309723887364],[-89.219321798778,48.4309182419146],[-89.219340798299,48.430905181006],[-89.2193911842169,48.4308387209472],[-89.2194011673013,48.43081839773],[-89.2194139098112,48.430800527017],[-89.2194229255618,48.4307816782285],[-89.2194280510123,48.4307621937197],[-89.2194291921027,48.4307424280007],[-89.2194254193566,48.4307193246256],[-89.2194162131778,48.4306969073209],[-89.2194018062384,48.4306757375264],[-89.2193825583634,48.4306563472362],[-89.219358953045,48.430639221071],[-89.21902960593,48.4305508356616],[-89.2188628672331,48.4304938450796],[-89.2188000277647,48.430472366998],[-89.2187851591915,48.4304672851273],[-89.2187658844018,48.4304636585433],[-89.2186802856539,48.4304475427599],[-89.2185440521113,48.4304500923088],[-89.2184699991362,48.4304698292865],[-89.2183934373771,48.4304847353618],[-89.218315076003,48.43049467179],[-89.2182356411196,48.4304995471868],[-89.2181534355726,48.4304975813219],[-89.2177604073414,48.4304240755854],[-89.2176529233187,48.430434977072],[-89.2175126902855,48.4304895700771],[-89.2174717733075,48.4305229031022],[-89.2174370439919,48.430559211896],[-89.2174089860368,48.430597992287],[-89.217387992307,48.4306387031658],[-89.2172654989086,48.4306918022145],[-89.2171831513338,48.4307548529537],[-89.2171222183135,48.4307910216595],[-89.2168234893603,48.4309047815118],[-89.2167736313303,48.4309195758037],[-89.216720793129,48.4309287070204],[-89.2166664186996,48.4309319268958],[-89.2166119886701,48.4309291466118],[-89.2165506134877,48.4309020994407],[-89.2164953349009,48.4308697496024],[-89.216447179492,48.4308326972378],[-89.2164070425437,48.4307916322922],[-89.2163756696573,48.4307473159745],[-89.2163536442049,48.4307005720008],[-89.216341374391,48.4306522688485],[-89.2163481574446,48.4306043894222],[-89.2163652929321,48.4305576691025],[-89.2163846094894,48.4305241633871],[-89.2164092638037,48.430492247204],[-89.2164389638747,48.4304622941666],[-89.2166654403395,48.4301973109126],[-89.2166681110682,48.4301941868603],[-89.2168576882469,48.4299723681438],[-89.2170783389325,48.4297831484155],[-89.2171390687555,48.4297423374283],[-89.217195451474,48.4297051803401],[-89.217258375581,48.4296730102948],[-89.2173268531156,48.429646331283],[-89.2173998086969,48.4296255644069],[-89.2174760938337,48.4296110350099],[-89.2175545125495,48.4296029712824],[-89.2176338293287,48.4296015005109],[-89.2177128014163,48.4296066457561],[-89.2177901842192,48.4296183257484],[-89.2179538257518,48.4296787057072],[-89.2181412791216,48.4297523336279],[-89.2183254470703,48.4298295461571],[-89.2185061740439,48.4299102788309],[-89.2186833097714,48.4299944643854],[-89.2187590509928,48.4300320678581],[-89.2187798211069,48.4300436147223],[-89.2188636072381,48.4300902024044],[-89.2189612371569,48.4302040063879],[-89.2190877888367,48.4302861566872],[-89.2195479234195,48.4304913944952],[-89.2195519798854,48.4304920279038],[-89.2195977167689,48.4304991592022],[-89.2196190662973,48.4304827589801],[-89.219676913634,48.4304383124793],[-89.2197715664182,48.4304476865478],[-89.2199067314225,48.4304610733117],[-89.2199209809534,48.4304533746071],[-89.2199432240878,48.4304381240285],[-89.2199628020171,48.4304196984502],[-89.2199777288575,48.430399435415],[-89.219987625552,48.430377850589],[-89.2199916498251,48.4303607140117],[-89.2199924923393,48.4303433779238],[-89.219988588596,48.4303201898194],[-89.2199790105944,48.4302977446447],[-89.2199384945143,48.4302815406135],[-89.2199003608124,48.4302629521858],[-89.219898692872,48.4302620612534],[-89.2198980806457,48.4302617248736],[-89.2198959037106,48.4302605396557],[-89.2198956378096,48.4302603945325],[-89.2198953788194,48.4302602528749],[-89.2198951654642,48.4302601346293],[-89.219892662153,48.4302587505718],[-89.2198925928096,48.4302587105225],[-89.2198843080567,48.4302539965761],[-89.2198841152774,48.4302538851312],[-89.2198823255441,48.430252836397],[-89.2198813139173,48.4302522387059],[-89.2198757584956,48.4302489143515],[-89.2198702707711,48.4302455302077],[-89.2198680216706,48.4302441160509],[-89.2198678658729,48.4302440155887],[-89.219867452925,48.4302437536393],[-89.2198670358462,48.4302434899701],[-89.219864874609,48.4302421065077],[-89.2198570607617,48.4302369677951],[-89.2198566972663,48.4302367237855],[-89.2198565049369,48.430236591638],[-89.2198554059148,48.430235849877],[-89.2198492479679,48.4302316050285],[-89.2198491016261,48.4302315043837],[-89.2198489801868,48.4302314167544],[-89.2198422315446,48.4302265849845],[-89.2198414844079,48.4302260379718],[-89.2198411841083,48.4302258170353],[-89.2198404621091,48.4302252884318],[-89.2198364012224,48.430222257335],[-89.2198362516697,48.4302221450557],[-89.219831611052,48.4302185925065],[-89.2198313745359,48.4302184081276],[-89.2198311380589,48.4302182246478],[-89.2198310512913,48.430218157043],[-89.2198292104746,48.4302167116127],[-89.2198291784263,48.4302166897379],[-89.2198261560855,48.4302142846041],[-89.2198197124505,48.430209006078],[-89.2198169573606,48.4302066839598],[-89.2198151022111,48.4302050957486],[-89.219813029868,48.4302033011919],[-89.2198105752333,48.4302011415246],[-89.219807993755,48.4301988322507],[-89.219806198942,48.4301972014872],[-89.2198059074907,48.4301969353932],[-89.2198045554635,48.4301956928657],[-89.2198017846879,48.4301931038296],[-89.2198001744318,48.4301915819706],[-89.2197995056614,48.4301909407729],[-89.2197991812609,48.4301906321277],[-89.2197985052271,48.4301899793737],[-89.2197975157562,48.4301890213618],[-89.2197933384652,48.430184901136],[-89.2197373208905,48.4301578053458],[-89.2196572409692,48.4301190689078],[-89.2195669244004,48.4301079537644],[-89.2193078043545,48.4299584807747],[-89.2192692206745,48.4299241528251],[-89.2192338480875,48.4298926834336],[-89.2192007629313,48.4298858522242],[-89.2190685648424,48.4297901359697],[-89.2190434493096,48.4297535363017],[-89.2189627452402,48.4297315122353],[-89.2188364286868,48.4296520537568],[-89.2188284957731,48.4296215493487],[-89.2188341619085,48.4296186967621],[-89.218840468564,48.4296165201133],[-89.2188472358473,48.4296150795555],[-89.2188542708864,48.4296144165982],[-89.2188613717258,48.4296145504327],[-89.2188683394833,48.4296154776978],[-89.2188749728689,48.4296171707862],[-89.2188810832782,48.4296195829516],[-89.2188864973375,48.4296226446602],[-89.2188910611521,48.4296262680084],[-89.2188946445543,48.4296303511385],[-89.218986689608,48.4296919092837],[-89.2190842336092,48.4297495958876],[-89.2191869075242,48.429803194923],[-89.2192805967281,48.4298465564371],[-89.2194649311784,48.4299674161964],[-89.2195278212501,48.4300086501369],[-89.2196695272918,48.4300642685005],[-89.2196832873895,48.4300823853617],[-89.2197965861125,48.4300489844364],[-89.219931153538,48.4300093138509],[-89.2199462250571,48.4299725181625],[-89.220028893731,48.4298958156936],[-89.2200528447708,48.4298397554035],[-89.2200663923008,48.4298346281652],[-89.2200942295104,48.4298240930383],[-89.2202145916254,48.4297054875592],[-89.2200663365464,48.4296195466672],[-89.2200384962566,48.4296077037295],[-89.2198375256364,48.4295222014991],[-89.2197653982267,48.4295024093514],[-89.2196983826925,48.4294956824755],[-89.2196989622761,48.4294930980587],[-89.2197036606635,48.4294721327192],[-89.2195933672313,48.4294647636226],[-89.2195472843166,48.4294392430959],[-89.2195363879435,48.4293980423321],[-89.219454940811,48.4293255040388],[-89.2193576100733,48.4292570942332],[-89.219294979745,48.4292327521422],[-89.2192360025309,48.4292363742605],[-89.2191946924313,48.4292190489286],[-89.2191978914135,48.4291885492952],[-89.2192013505646,48.4291555496868],[-89.2190060545185,48.4290301027164],[-89.2189957783278,48.4290053622176],[-89.2190575562043,48.4290059545135],[-89.2192157135923,48.4290779667431],[-89.2193098675535,48.4290732511174],[-89.2193172303271,48.4290728823179],[-89.219356426526,48.4290709194661],[-89.2198012474431,48.4293102618487],[-89.2198947223095,48.4293763875048],[-89.220102416692,48.4294792236379],[-89.2201646483169,48.4295100357573],[-89.2205771626277,48.4296068334959],[-89.2205886166959,48.4296032446651],[-89.2207060382721,48.4295664567236],[-89.2208743906309,48.4294150968627],[-89.220921762899,48.4293812402796],[-89.2210234940921,48.4293085353895],[-89.2210720862132,48.4292458241923],[-89.221242173752,48.4290263151958],[-89.2212982497479,48.4289709550317],[-89.2213868945772,48.4288834365367],[-89.2214644189202,48.4287663894275],[-89.2215320622546,48.4286151282756],[-89.2215322782275,48.4284637694556],[-89.2215515967902,48.4284551439834],[-89.2215687829153,48.4284447098478],[-89.2215834600027,48.4284326974573],[-89.221595303,48.428419372214],[-89.2216040502069,48.428405026188],[-89.2216095099505,48.4283899761889],[-89.221587607699,48.4282970367855],[-89.2215914065215,48.4282990507878],[-89.2215956574371,48.42830061249],[-89.2216002422408,48.4283016773891],[-89.2216050298859,48.4283022165258],[-89.2216098872126,48.4283022144774],[-89.2216146736226,48.4283016712604],[-89.221619255899,48.4283006011444],[-89.2216235042712,48.4282990354275],[-89.2216272990119,48.4282970187098],[-89.2216305317101,48.4282946070692],[-89.2216331120634,48.42829186883],[-89.2216349664102,48.4282888818924],[-89.2216360416249,48.4282857300579],[-89.2216363091702,48.428282502951],[-89.2216361713713,48.4282811101289],[-89.2216352482397,48.4282511686957],[-89.2216351006363,48.4282463579824],[-89.2216349924287,48.4282427296554],[-89.2216313022914,48.4281226462692],[-89.2216763665455,48.4280308507347],[-89.2216943045201,48.4279574640257],[-89.2216667598908,48.4279071900298],[-89.2216794206584,48.4278848129748],[-89.2216701834391,48.4278776900782],[-89.2216120329884,48.4278328352057],[-89.2215492388212,48.4277566360706],[-89.2215334794455,48.4277606590515],[-89.2215169679361,48.4277629969643],[-89.2215001126515,48.4277635897369],[-89.221483324028,48.4277624249433],[-89.2214670142663,48.4277595306114],[-89.2214515825505,48.4277549773082],[-89.2214374082163,48.4277488764722],[-89.2214248385159,48.4277413788501],[-89.2213611982285,48.4277050153804],[-89.2212897450917,48.4277004868143],[-89.2212586630107,48.4277257415353],[-89.2212011572756,48.427699599221],[-89.2210910390755,48.4277079186112],[-89.2210508544247,48.4276894781379],[-89.2209336701025,48.4276959112312],[-89.2208666197165,48.4276674320047],[-89.2208066137951,48.4276684070966],[-89.2205911964598,48.4276240599375],[-89.2205342628027,48.4276283081784],[-89.2204770162731,48.4276268050485],[-89.2204207616054,48.4276195847417],[-89.220366780848,48.4276068123534],[-89.220205382466,48.4276276580874],[-89.2201175193438,48.4276194165596],[-89.2199933218039,48.4276077707995],[-89.2198808261089,48.4276167215441],[-89.2198741153776,48.4276197634949],[-89.2198214640705,48.42764361126],[-89.2197313550698,48.4276435823451],[-89.219670854142,48.4276440868402],[-89.2196714274047,48.4276459499179],[-89.2196716761925,48.4276478435503],[-89.2196714191485,48.4276507249528],[-89.2196704153491,48.4276535325928],[-89.2196686948816,48.4276561813151],[-89.21966630968,48.4276585909408],[-89.2196633323316,48.4276606898902],[-89.2196598532187,48.4276624116382],[-89.2196559769753,48.4276637064797],[-89.2196518221346,48.4276645334388],[-89.2196475146889,48.4276648675907],[-89.2196431867384,48.4276647000878],[-89.2196389668793,48.4276640347468],[-89.2196349844131,48.4276628915655],[-89.2196313612414,48.4276613068799],[-89.2196282061502,48.4276593262766],[-89.2196256151616,48.4276570126831],[-89.2196236669733,48.4276544347599],[-89.2196224204128,48.4276516705481],[-89.2196219129309,48.4276488038997],[-89.21962203323,48.4276466314256],[-89.219622579273,48.4276444876244],[-89.2195656870571,48.4276449728076],[-89.2195463134702,48.4276451370333],[-89.2195429049988,48.4276504041564],[-89.2195327202201,48.4276661453586],[-89.219471939128,48.4276582336679],[-89.2194048933378,48.4276762327359],[-89.2193840882859,48.4276631508165],[-89.2193581127404,48.427646821661],[-89.2192223137887,48.4276480338569],[-89.2191849030353,48.4276559211408],[-89.2191503348491,48.4276632083306],[-89.2190236172488,48.4276899189143],[-89.2189125466978,48.427670668821],[-89.2188273765749,48.4276559061842],[-89.2187661846379,48.4276221374646],[-89.2187488428536,48.4275854534447],[-89.2186792182952,48.4274381707685],[-89.2186834948897,48.4273953456266],[-89.2186893890061,48.4273363939844],[-89.2186898399115,48.427331878531],[-89.2186968671987,48.4272615414193],[-89.2187140749459,48.4270893121621],[-89.2187140375861,48.4266896565991],[-89.218688697868,48.4266455691032],[-89.2186698314878,48.4266000665163],[-89.2186576121639,48.4265535683644],[-89.2186521546109,48.4265065052075],[-89.2186529780876,48.4264650359859],[-89.2184763913805,48.4262923655873],[-89.2184657831733,48.4262819920556],[-89.2178335424247,48.4262865823668],[-89.2178327735087,48.4262397895551],[-89.2183746531511,48.4262358561365],[-89.2183663915244,48.4262304749339],[-89.2183470646477,48.4262178834625],[-89.2183092747711,48.4261932596769],[-89.2182871902723,48.4261469526519],[-89.2182553806384,48.4261032237726],[-89.218214498842,48.4260629736656],[-89.2181833186213,48.4260389772393],[-89.21816941981,48.426031732528],[-89.21815437378,48.4260255860188],[-89.2181407591737,48.4260212671488],[-89.2181265795079,48.4260178490092],[-89.2181065360127,48.4260146906087],[-89.2180883795397,48.4260133915484],[-89.2180701203915,48.4260135223394],[-89.2180559130611,48.4260146231771],[-89.2180416977876,48.4260166283965],[-89.2180307973935,48.4259835791236],[-89.2180088288897,48.4259855134212],[-89.2179366330396,48.42599187126],[-89.2178123783078,48.4260028138242],[-89.2177373017095,48.4260268447313],[-89.2175905657308,48.4260292807999],[-89.2175896181871,48.4260040328049],[-89.2175886891687,48.4259793656794],[-89.2175878273517,48.4259563977508],[-89.2176460159699,48.4259557688787],[-89.2176708903921,48.4259554989075],[-89.2178316182408,48.4259537565478],[-89.2179664096016,48.4259522954874],[-89.2201889130118,48.4259281911108],[-89.2207508523113,48.4259247913779],[-89.220759373481,48.4259247402161],[-89.2216190473686,48.4259195342604],[-89.2217454279883,48.4259187692653],[-89.2219064607519,48.425917792684],[-89.221983371318,48.4259173253834],[-89.2220098632575,48.425917165382],[-89.2220394879448,48.4259169862396],[-89.2220603093131,48.42589712278],[-89.2220639682229,48.4258951266652],[-89.2220691092621,48.4258935760748],[-89.222096006875,48.4258901026007],[-89.2221197624371,48.4258878297854],[-89.2221257371123,48.425886516811],[-89.2221314250937,48.4258865652714],[-89.2221377558146,48.4258892933119],[-89.2221416319117,48.4258918429431],[-89.2221590283001,48.4258957670707],[-89.2221742152555,48.4258930155843],[-89.2221955494585,48.425886244089],[-89.2222219252236,48.425881437368],[-89.2222489396763,48.4258793102989],[-89.2222759806303,48.4258774499318],[-89.222303138559,48.4258769386956],[-89.2223304146585,48.4258777729683],[-89.2223576641369,48.4258783378293],[-89.2223686141368,48.4258781838346],[-89.2223739465274,48.4258787888901],[-89.2223778226745,48.4258813394122],[-89.2223828417963,48.4258830373966],[-89.2223932926455,48.4258818223632],[-89.2223984588263,48.4258805384927],[-89.2224065760819,48.4258804941136],[-89.2224119085516,48.4258811009653],[-89.2224169262845,48.4258827980753],[-89.2224441067051,48.4258825544913],[-89.222471791642,48.4258833709335],[-89.2224988765741,48.425882054002],[-89.2225261047572,48.4258823475155],[-89.2225532612548,48.4258818344484],[-89.2225804219215,48.4258813239936],[-89.2226076953241,48.4258821582526],[-89.2226348771711,48.4258819163954],[-89.2226405439705,48.4258816962201],[-89.2226474917108,48.4258822367569],[-89.2226746031029,48.4258811855933],[-89.2226806734499,48.4258809504196],[-89.2227056446759,48.425874038365],[-89.2227301459832,48.4258663328253],[-89.2227352869982,48.4258647822056],[-89.2227399315559,48.4258621704987],[-89.2227433375345,48.4258593353014],[-89.2227480484162,48.4258575311715],[-89.2227537152122,48.4258573109907],[-89.2227660718056,48.4258500767755],[-89.2227694818734,48.4258472423981],[-89.2227716240765,48.4258439160768],[-89.2227750314421,48.4258410817515],[-89.2227771763853,48.4258377562769],[-89.2227810099087,48.4258351773371],[-89.2227857023063,48.425833104543],[-89.2227913425538,48.4258326167532],[-89.2228180452449,48.4258361728844],[-89.2228300635327,48.4258343534897],[-89.2228370858948,48.4258357059306],[-89.2228421049874,48.4258374029958],[-89.2228454092352,48.4258426781468],[-89.2228601314493,48.4258577817365],[-89.2228636267214,48.4258606185202],[-89.2228905936891,48.4258625473102],[-89.2229178909683,48.425863650054],[-89.2229448339766,48.4258653084749],[-89.2229542573294,48.4258662915004],[-89.2229814179805,48.425865780951],[-89.2230086195285,48.4258658049453],[-89.223035804063,48.4258655629414],[-89.2230418955499,48.4258655954602],[-89.2230616028405,48.4258680757028],[-89.2230888044284,48.4258681005771],[-89.2231161284959,48.4258694762746],[-89.2231433594898,48.4258697722868],[-89.2231704230119,48.4258681820922],[-89.2231974120566,48.4258657835719],[-89.2232243789977,48.4258677113844],[-89.2232513721305,48.4258653136722],[-89.2232778168115,48.4258613142353],[-89.2232829831628,48.4258600348203],[-89.2232975125272,48.4258497435454],[-89.2233004882602,48.4258466530267],[-89.2233054971731,48.4258343000523],[-89.2233059788476,48.4258304992704],[-89.223314577363,48.4258220600211],[-89.2233184093499,48.425819477494],[-89.2233213893673,48.4258163922904],[-89.2233318663999,48.4258108525529],[-89.2233377705287,48.4258087293207],[-89.2233420327658,48.4258064029971],[-89.2233530779611,48.4258027309153],[-89.2233582709315,48.4258017209019],[-89.2233743175717,48.4257948804506],[-89.2233785572702,48.4257922855413],[-89.2233819380103,48.4257891826927],[-89.2233831097672,48.425784002777],[-89.2233828705278,48.4257812776146],[-89.2233827790175,48.4257802338949],[-89.2233878835285,48.4257689569477],[-89.223390430546,48.4257656146916],[-89.2233938392222,48.4257627803224],[-89.2233935084718,48.4257590114403],[-89.2233919882273,48.4257555552662],[-89.2233878754855,48.4257503101554],[-89.2233887832747,48.4257467638575],[-89.2233917604254,48.4257436751085],[-89.2234139754786,48.4257330858897],[-89.2234194762054,48.4257309812483],[-89.223444922577,48.425724862408],[-89.2234689682456,48.4257166328767],[-89.2234736831003,48.4257148277404],[-89.2234754018707,48.4257112477694],[-89.2234750724655,48.4257074788615],[-89.2234797737602,48.4257031637344],[-89.2234852171555,48.4256981657599],[-89.2234905969726,48.4256947156538],[-89.2234952893275,48.4256926428314],[-89.2234991255045,48.4256900638161],[-89.2234999852757,48.4256859750073],[-89.2234996544005,48.4256822034287],[-89.2234953958928,48.4256799374535],[-89.2234709227344,48.4256879116331],[-89.2234454738793,48.4256940350259],[-89.2234389255735,48.4256934778184],[-89.2234335507033,48.4256923328946],[-89.2234229868293,48.4256876110761],[-89.2234191091778,48.4256850579189],[-89.2234144683517,48.4256830764489],[-89.2234090922501,48.425681934247],[-89.2234015482678,48.4256792540229],[-89.2233972910369,48.4256769862199],[-89.2233954983849,48.4256680622413],[-89.2233822429382,48.4256571744016],[-89.2233693804684,48.425649096025],[-89.2233336597996,48.4256428468993],[-89.2232943760256,48.4256505459058],[-89.2232467610726,48.4256584050399],[-89.2231366449971,48.4256674704496],[-89.2230948575315,48.4256655024742],[-89.223046153492,48.4256484024137],[-89.2230053571066,48.4256214350883],[-89.2229275425423,48.4256062850021],[-89.2228404676692,48.4256176831795],[-89.2227811342427,48.4256438082231],[-89.2227776264648,48.4256455801062],[-89.2227525734658,48.425658237647],[-89.2226904366681,48.4256677636792],[-89.2226286588697,48.4256856124595],[-89.2225798683048,48.4257143102355],[-89.2225535098474,48.4257314727251],[-89.2225334023549,48.4257485126178],[-89.2225044771976,48.4257546229002],[-89.2224693614788,48.4257622410827],[-89.222429775014,48.4257630060084],[-89.2223715011477,48.4257655175916],[-89.2223466206821,48.4257687767075],[-89.222302869945,48.4257696211517],[-89.2222773857906,48.4257590090518],[-89.2222578463396,48.4257413451534],[-89.2222470655752,48.42573322913],[-89.2222325451436,48.4257348961676],[-89.2222176693125,48.425717815156],[-89.2222133160655,48.4257109893226],[-89.2222060656486,48.425702888761],[-89.2222003728666,48.4256935245718],[-89.2222049024362,48.4256817675326],[-89.2222020954987,48.4256714037677],[-89.222195692473,48.4256612525391],[-89.2221870175265,48.4256508033069],[-89.222175515952,48.4256421532666],[-89.2221678133021,48.4256313703414],[-89.2221637800775,48.4256210644578],[-89.222159285678,48.4256122727358],[-89.222155485818,48.4256029160591],[-89.2221510909626,48.425589587764],[-89.2221470499959,48.4255781123777],[-89.2221435897144,48.4255651043253],[-89.2221394508713,48.4255547941832],[-89.2221347297226,48.42554359286],[-89.2221301621844,48.4255281337359],[-89.2221253216947,48.4255170165936],[-89.2221207964456,48.42550401472],[-89.2221212005523,48.4254984024817],[-89.2221216536499,48.4254920848067],[-89.2221216966189,48.4254914892537],[-89.2221298770961,48.4254986919138],[-89.2221319500481,48.4255008130204],[-89.2221406045355,48.425509678224],[-89.2221520543712,48.4255161510162],[-89.2221682674655,48.4255178054865],[-89.2221847540497,48.4255170829769],[-89.2221993002348,48.4255159147988],[-89.2222000828734,48.425515851092],[-89.2222140509353,48.4255140426758],[-89.2222273187289,48.4255110871334],[-89.2222423649017,48.4255095736896],[-89.2222574766177,48.4255066805878],[-89.2222742870224,48.4255037744571],[-89.2222904332314,48.4255020049226],[-89.2223069435612,48.425500246345],[-89.2223232323741,48.425499049879],[-89.2223379882226,48.4254976059131],[-89.222363054008,48.4254942595425],[-89.2223610253133,48.4254871098821],[-89.2223470052063,48.4254836648866],[-89.2223286684345,48.4254835612254],[-89.2223148926674,48.4254838273983],[-89.2222991703695,48.4254844370886],[-89.2222846604323,48.4254862190961],[-89.2222693592862,48.4254878373423],[-89.2222516978649,48.4254892393678],[-89.2222341480232,48.4254906581291],[-89.2222149286845,48.4254886370779],[-89.2222046789659,48.4254817542199],[-89.2221954826305,48.4254735454976],[-89.222185478116,48.4254615294277],[-89.2221744243167,48.4254526377052],[-89.222163020434,48.4254437158564],[-89.2221556820577,48.4254344653339],[-89.2221481436098,48.4254246878345],[-89.2221444845442,48.4254145915565],[-89.2221464275681,48.425403908387],[-89.2221543254385,48.4253937525765],[-89.2221567031767,48.4253810726],[-89.2221568199341,48.4253667025229],[-89.222156025724,48.4253512514731],[-89.2221551444247,48.4253421722089],[-89.2221523554342,48.425330359527],[-89.2221488391622,48.4253200346575],[-89.2221483046162,48.4253090493594],[-89.2221507858591,48.4252971618466],[-89.2221563638889,48.4252855474035],[-89.2221636828442,48.4252733387915],[-89.2221740612987,48.4252648256498],[-89.2221861497215,48.4252571162203],[-89.2221972211546,48.4252435394914],[-89.2221921723512,48.4252340926801],[-89.2221828152121,48.4252228468688],[-89.2221728948705,48.425213906255],[-89.2221648285642,48.4252025635241],[-89.2221615369176,48.4251893920612],[-89.2221616493089,48.425189241434],[-89.2221698870834,48.4251781082438],[-89.2221833932657,48.4251713530303],[-89.2221959334392,48.4251656952579],[-89.2222004553822,48.4251555929725],[-89.2221858580444,48.4251488292017],[-89.2221732974122,48.4251432317197],[-89.2221610750576,48.4251381684398],[-89.2221490722947,48.4251327158305],[-89.2221370320418,48.4251265585544],[-89.2221259124221,48.4251202161402],[-89.222118847748,48.4251079723168],[-89.2221273117852,48.4250983076196],[-89.2221403918478,48.425090461171],[-89.222141509738,48.4250896846978],[-89.228777135989,48.4270156391956],[-89.2297056269895,48.4272819586908],[-89.2305179982335,48.4275103442316],[-89.2317974483495,48.4278752024746],[-89.2328891568177,48.4281804978067],[-89.2330435318359,48.4282260637938],[-89.2344389341797,48.4286185863792],[-89.2357577374797,48.4289800863387],[-89.2359193342425,48.4290262701715],[-89.2360845603749,48.4290663667065],[-89.2362528966486,48.4291002519632],[-89.2364238164751,48.4291278192016],[-89.2370978404066,48.4291635785139],[-89.2370320573246,48.4293367698965],[-89.2375928525817,48.4294819766369],[-89.2379338795399,48.429570276949],[-89.2382723726083,48.4296173422296],[-89.2396132493814,48.4299618764512],[-89.2407494189638,48.4302764436122],[-89.2418580920603,48.430589888122],[-89.2429389845441,48.4308848397745],[-89.2419809275278,48.4324386605322],[-89.2419433695197,48.4324999383223],[-89.2411043929388,48.4338729105033],[-89.2399830547174,48.4356937204984],[-89.2388838863084,48.4375066095272],[-89.2378034249602,48.4392843783554],[-89.23805519399,48.4393705749126],[-89.2383085274502,48.4394547196805],[-89.23777611829,48.4403249017971],[-89.2372643884948,48.4411770964923],[-89.2366783117539,48.4421527469649],[-89.2362275576176,48.4429031340657],[-89.2345915294879,48.4424603661327],[-89.2328178828299,48.4419792241848],[-89.2320108876174,48.4417615684373],[-89.2310572659022,48.4415043594748],[-89.2299233651471,48.4433671284053],[-89.2288600484573,48.4450966225943],[-89.2283757812999,48.4458990244295],[-89.2280358055348,48.4464623251665],[-89.2277913484756,48.4463873862287],[-89.2268285770756,48.4461179057238],[-89.2264541100877,48.4460240861123],[-89.2264193293682,48.446015268977],[-89.2263932594227,48.4460084326838],[-89.2263410393116,48.4459941003313],[-89.2257502349218,48.4458299543532],[-89.2255436494777,48.4457696794045],[-89.2245197207091,48.4454805107668],[-89.2241426739859,48.445371977978],[-89.223281021635,48.4451331439781],[-89.2227617563061,48.4449894669561],[-89.222006829435,48.4447799453892],[-89.2212891747964,48.4445882650326],[-89.2203252137964,48.4443307880123],[-89.2198102243172,48.4445798163117],[-89.2198305919751,48.4445924099404],[-89.2199695047639,48.4446736728885],[-89.2200253542924,48.4447075494775],[-89.2200786096883,48.44474253329],[-89.2201218186062,48.4447745718305],[-89.220187046449,48.4448274180681],[-89.2202431651791,48.4448743453279],[-89.2202939614595,48.4449185195565],[-89.2203403332151,48.4449607466807],[-89.220383385282,48.4450020805553],[-89.2204229451982,48.4450424120471],[-89.2204592616487,48.4450820170744],[-89.2204908181994,48.4451191182576],[-89.2204952815088,48.4451236576051],[-89.2204998697651,48.4451270617811],[-89.2205073117425,48.4451313087975],[-89.220517715622,48.4451360573674],[-89.2205469834526,48.4451465401396],[-89.2206320809469,48.4451722832843],[-89.2206565994762,48.4451813119811],[-89.220678540375,48.4451912388809],[-89.2207006873013,48.4452044629058],[-89.2207193623341,48.4452207473551],[-89.2207323968477,48.4452399190633],[-89.2207371983118,48.4452573881808],[-89.220745493398,48.4453136239647],[-89.2207769534563,48.4454570506416],[-89.2207834927289,48.4454930287261],[-89.2207879063207,48.4455258187218],[-89.2207879186365,48.4455261630803],[-89.220787920205,48.4455261990392],[-89.2207887952782,48.445551779442],[-89.2207860207338,48.4455789508497],[-89.2207797012189,48.4456062059944],[-89.2207699715543,48.4456331014052],[-89.2207570148714,48.4456591539899],[-89.2207409598668,48.4456839968725],[-89.2207219375885,48.4457072550336],[-89.2206998961678,48.4457287315328],[-89.2206733471139,48.4457489643516],[-89.22064155792,48.4457684606798],[-89.2206048865114,48.4457873962484],[-89.2205602739373,48.4458075413901],[-89.22053953089,48.4458152242367],[-89.2205161852636,48.4458214979601],[-89.2204917891867,48.4458260122925],[-89.2204655112325,48.4458290837925],[-89.2204184283254,48.4458312252988],[-89.220334301805,48.4458309948673],[-89.2202733555205,48.4458318302893],[-89.22022964002,48.4458332895053],[-89.2201926405891,48.4458356519631],[-89.2201615333815,48.445838911977],[-89.2201343418699,48.4458432084706],[-89.220111744858,48.4458483223072],[-89.2200931691804,48.4458541349911],[-89.2200885403734,48.4458560975665],[-89.2200881038981,48.4458632075531],[-89.2200881291499,48.445863445494],[-89.2200908032907,48.4458886087913],[-89.2200915991472,48.4458925936266],[-89.2200928165949,48.445895640005],[-89.2200952037273,48.4458996760028],[-89.2200988042407,48.4459043390856],[-89.2201128090557,48.4459184095643],[-89.2201531991291,48.445952428818],[-89.2201722333284,48.4459701243955],[-89.220190390265,48.4459916130658],[-89.2202019774319,48.4460132897224],[-89.2202098574389,48.4460398595811],[-89.2202142366086,48.4460659130873],[-89.2202142531915,48.4460662933527],[-89.2202153780174,48.4460919319171],[-89.2202131635069,48.4461172534513],[-89.2202074722347,48.4461411845316],[-89.2201978905577,48.4461637295426],[-89.2201835697044,48.4461847456137],[-89.2201646809491,48.4462023301091],[-89.2201406555979,48.4462181728976],[-89.2201162484567,48.4462305330006],[-89.2200890056307,48.4462402324465],[-89.2200594032073,48.4462465899469],[-89.2200283330605,48.4462491861078],[-89.2199971770374,48.4462480140528],[-89.2199667914218,48.4462434819279],[-89.2199380470554,48.4462362387266],[-89.2199079360182,48.4462262795194],[-89.2198384464598,48.4462011280594],[-89.2198082960567,48.4461922501605],[-89.2198021137359,48.4461910585628],[-89.219793737279,48.4461953130805],[-89.2197777609108,48.4462054104455],[-89.2197655082964,48.4462151192432],[-89.219757564461,48.4462234960658],[-89.2197552830896,48.4462269104764],[-89.2197528751059,48.4462320116232],[-89.2197508138335,48.4462386131254],[-89.21974944829,48.4462461900039],[-89.219748850425,48.4462684275492],[-89.2197488725604,48.4462686250625],[-89.2197523566871,48.446300613375],[-89.2197574439857,48.4463249536432],[-89.2197653820546,48.446347772339],[-89.2197757513402,48.4463684108592],[-89.2197878345931,48.4463859896136],[-89.2197950234603,48.4463936407369],[-89.2198062576492,48.4464028809904],[-89.2198211219379,48.4464131821475],[-89.219871936514,48.4464457757913],[-89.2198889545331,48.4464582640043],[-89.2199040779759,48.4464711891578],[-89.2199232459077,48.4464922282872],[-89.2199363998234,48.4465146026128],[-89.2199424510702,48.4465327611248],[-89.2199502628907,48.4465683754919],[-89.2199583410647,48.4465877671013],[-89.220016740795,48.446687180226],[-89.2200404593474,48.4467328056784],[-89.2200508511976,48.4467577408439],[-89.2200581348231,48.4467808366701],[-89.2200622986347,48.4468028509533],[-89.2200623099087,48.4468032025298],[-89.2200623125144,48.4468032312708],[-89.2200629682907,48.4468238521003],[-89.2200593689104,48.4468481521726],[-89.2200517650453,48.4468727310717],[-89.2200404015086,48.4468977136328],[-89.2200254229473,48.4469233156973],[-89.2200072563286,48.4469493112889],[-89.219985402793,48.4469767591179],[-89.219959550622,48.4470062644177],[-89.2199261866822,48.4470419311705],[-89.2198759443346,48.4470924479716],[-89.219866889118,48.4471033465953],[-89.2198620750405,48.4471108640641],[-89.2198603476182,48.4471153213684],[-89.2198604954373,48.4471153617027],[-89.2198768321867,48.4471198194875],[-89.2198912305162,48.4471251361319],[-89.2198974014558,48.4471273977225],[-89.2198993156588,48.4471278133442],[-89.2199041022826,48.4471282886963],[-89.2199118862931,48.4471283400119],[-89.2199377837704,48.4471262036055],[-89.2200225282781,48.4471146602516],[-89.2200516855494,48.4471126282549],[-89.220078119867,48.4471127235803],[-89.2201165121062,48.4471154528397],[-89.2201539018655,48.4471197867578],[-89.2201903983846,48.447125687238],[-89.2202253751226,48.4471330835994],[-89.2202581064818,48.447141866586],[-89.2202885648739,48.4471521168082],[-89.2203164988692,48.4471639299937],[-89.220341683773,48.4471774877281],[-89.220363477929,48.4471928689791],[-89.2203826474872,48.4472104305475],[-89.220399282007,48.4472298072153],[-89.2204137711046,48.447250970769],[-89.2204262366878,48.4472734914848],[-89.2204374297314,48.4472981844169],[-89.2204476705568,48.4473252620166],[-89.2204588103365,48.4473593068583],[-89.2204760959853,48.4474150056015],[-89.2204807727894,48.4474355047191],[-89.2204834774737,48.4474544466867],[-89.2204834898276,48.4474547919442],[-89.2204834913568,48.4474548270041],[-89.2204841245243,48.4474737468788],[-89.2204821936697,48.4474924535285],[-89.2204773598176,48.4475106169979],[-89.2204692433538,48.4475282779046],[-89.220456439537,48.447546531343],[-89.2204396651072,48.447564012083],[-89.2204195528128,48.4475806539247],[-89.220396259336,48.4475967624491],[-89.2203708559381,48.4476120308619],[-89.220341622702,48.4476277699758],[-89.2202615773714,48.4476662678098],[-89.2202451209807,48.4476731813634],[-89.2202263501061,48.4476792776479],[-89.2202067488703,48.4476839791816],[-89.2201858218089,48.4476874610773],[-89.2201543556201,48.4476903303324],[-89.2200921860436,48.4476930615957],[-89.2200661971172,48.4476960536434],[-89.2199713227306,48.4477132277891],[-89.2198728695418,48.4477340878325],[-89.2197787616797,48.4477569962934],[-89.2196933813069,48.4477808744191],[-89.2196338237577,48.4477993155802],[-89.2195785658149,48.447817483902],[-89.2195271835738,48.44783552073],[-89.2194792315859,48.4478535696238],[-89.219434214659,48.4478718119906],[-89.2193921019123,48.4478902529283],[-89.2193527240461,48.4479089487907],[-89.2193171516285,48.4479273282911],[-89.2192900012897,48.4479440751317],[-89.2192293085876,48.4479889153327],[-89.2191990088633,48.4480085588579],[-89.2191776739767,48.4480195674709],[-89.2191553034715,48.4480284744989],[-89.2191309335188,48.4480351662755],[-89.2191057775342,48.4480389355964],[-89.2190848087363,48.44803988266],[-89.2190631866793,48.4480391535312],[-89.2190258622673,48.4480340361315],[-89.2189873945028,48.44802428288],[-89.2189489955465,48.4480107710208],[-89.2189097912949,48.4479936145864],[-89.2188700166339,48.447973144644],[-89.2188299368024,48.4479496439897],[-89.2187925528096,48.4479250665297],[-89.2187314831216,48.4478862317616],[-89.2187029449965,48.4478650879606],[-89.2186879530173,48.4478509616768],[-89.2186759547657,48.4478364501462],[-89.2186668626533,48.4478209711349],[-89.2186620442555,48.4478071686611],[-89.2186583749219,48.4477944407932],[-89.2186542355417,48.4477839920072],[-89.2186400144516,48.4477577620918],[-89.2186221837466,48.4477317493517],[-89.2185701948718,48.4476627243957],[-89.2185562300846,48.4476417223493],[-89.2185449182717,48.4476220124281],[-89.2185348228809,48.4475999262538],[-89.2185279433101,48.4475780515728],[-89.2185245374747,48.4475564104031],[-89.2185245172044,48.4475562866315],[-89.2185247763858,48.447533744325],[-89.2185304201671,48.4475113401929],[-89.2185444514849,48.4474796528384],[-89.2185472441891,48.4474718001255],[-89.2185479910958,48.4474671845065],[-89.2185480092883,48.4474670743887],[-89.2185478270484,48.4474656545325],[-89.218544514399,48.4474582551732],[-89.2185374952953,48.4474484161572],[-89.2185276853418,48.4474384033365],[-89.218517460781,48.4474305452644],[-89.2185043055697,48.4474233708252],[-89.2184864634099,48.4474165189101],[-89.2184655811127,48.4474109726498],[-89.2184433627473,48.4474074153618],[-89.2184238981731,48.4474056332088],[-89.2184078904025,48.4474048136747],[-89.2183957785028,48.4474048529219],[-89.2183873382179,48.4474054772603],[-89.2183838516763,48.4474060357528],[-89.2182495854049,48.447506083723],[-89.2179802166636,48.4477110178517],[-89.2179648740928,48.4477233268675],[-89.2179505587097,48.4477363349583],[-89.2179363006563,48.44775090747],[-89.2179221251554,48.4477670646099],[-89.2178934773512,48.4478044563779],[-89.2178476174154,48.4478715327578],[-89.2178053594871,48.4479353321363],[-89.2177926117877,48.4479578471053],[-89.2177832430651,48.4479774267899],[-89.2177784271433,48.4479924236493],[-89.2177763158031,48.4480092766876],[-89.2177763269245,48.4480096561587],[-89.2177765385269,48.4480263105562],[-89.2177765550927,48.448026690822],[-89.2177801533575,48.4480743628512],[-89.217779756071,48.4481013173859],[-89.2177763655824,48.448126527474],[-89.2177659937755,48.4481794911358],[-89.2177636508318,48.4481981993807],[-89.2177636606411,48.4481985797769],[-89.2177639035753,48.4482186543383],[-89.2177650243561,48.4482248543532],[-89.2177669623453,48.44823081368],[-89.2177756819675,48.4482499474425],[-89.2177863721719,48.4482692069612],[-89.2177992440766,48.4482888436881],[-89.2178140687273,48.4483086002157],[-89.217823372193,48.4483182863631],[-89.2178372993219,48.4483291132907],[-89.2178552201948,48.4483406846654],[-89.2179121598313,48.4483745313581],[-89.2179434840109,48.4483968560613],[-89.2179598344867,48.4484120224249],[-89.2179726880157,48.4484277582631],[-89.2179820529763,48.4484446284452],[-89.2179866934099,48.4484600916776],[-89.2179923748086,48.4484871548334],[-89.2179994632253,48.448513111184],[-89.2180085053726,48.4485403893515],[-89.2180194948112,48.4485689345763],[-89.2180481915835,48.4486320523268],[-89.2180897806108,48.4487111696682],[-89.2181025808603,48.448737444141],[-89.2181133579667,48.4487661733965],[-89.2181217124062,48.4487963826358],[-89.2181277988138,48.4488283306984],[-89.2181316746648,48.4488611329429],[-89.2181316939364,48.4488615131565],[-89.2181337899492,48.4488970776993],[-89.2181337997615,48.4488974580953],[-89.2181334373806,48.4489906094889],[-89.2181321590503,48.4490052232389],[-89.2181288830512,48.4490215732986],[-89.2181127085088,48.4490734612397],[-89.2181090499189,48.4490910567028],[-89.218108769713,48.4490982833278],[-89.2181087923333,48.4490984610379],[-89.2181095219588,48.4491037526679],[-89.2181108884695,48.4491076446353],[-89.2181134103272,48.4491118238304],[-89.2181459390311,48.4491532129933],[-89.2181596909363,48.4491686093832],[-89.2181729940662,48.4491819936351],[-89.2181861072484,48.4491936567687],[-89.218198723572,48.4492034148598],[-89.2182108458757,48.4492114262059],[-89.218222658684,48.4492179526689],[-89.2182331229974,48.4492227389682],[-89.2182447446778,48.4492272069368],[-89.2182778416838,48.4492371260928],[-89.2183191897732,48.4492463237871],[-89.218384088494,48.4492578825325],[-89.2184077494583,48.4492610998068],[-89.2184347872193,48.4492631614803],[-89.2185381908985,48.4492656307431],[-89.2185766097983,48.4492674467836],[-89.2186128728156,48.4492709374004],[-89.2186453299586,48.4492762270925],[-89.2187167482496,48.4492913982742],[-89.2187734608292,48.4493053820142],[-89.2188240240262,48.4493203957693],[-89.2188686674145,48.449336804008],[-89.2189073489698,48.4493549458459],[-89.2189258409325,48.4493656422985],[-89.2189419878708,48.4493765594318],[-89.2189564931727,48.449388227114],[-89.2189691887047,48.4494006665837],[-89.2189798816751,48.449413860867],[-89.2189885742226,48.4494280762427],[-89.2189969232727,48.4494491181871],[-89.2190018898171,48.449472332547],[-89.2190019158523,48.4494727126299],[-89.2190040636159,48.4494973489539],[-89.2190040801918,48.4494977292194],[-89.2190042481199,48.4495290716249],[-89.2190026536412,48.4495467280673],[-89.2189980010248,48.4495645973574],[-89.2189901191794,48.4495818262537],[-89.2189786852362,48.4495987646803],[-89.2189573735128,48.4496212425401],[-89.2189151915485,48.4496573076107],[-89.2188973015301,48.4496740448656],[-89.218809566401,48.4497607453972],[-89.2187384491742,48.4498274365648],[-89.2186743038748,48.4498830507138],[-89.2186442593256,48.4499070897322],[-89.2186157793246,48.4499283921828],[-89.2185906060077,48.4499455955667],[-89.2185631195128,48.4499626654133],[-89.2185332817261,48.449979658239],[-89.2185003878119,48.4499970042101],[-89.218439775689,48.4500264156686],[-89.21829940716,48.4500908036149],[-89.2182360837651,48.4501226209405],[-89.2182092351608,48.4501376360162],[-89.2181850097956,48.450152420554],[-89.2181633274527,48.4501669958965],[-89.2181430685277,48.4501821439052],[-89.2180620751896,48.4502450455897],[-89.2180406411304,48.4502630548829],[-89.2180232794845,48.4502790170407],[-89.2180076890489,48.4502952149615],[-89.217995613041,48.4503100000205],[-89.2179865933339,48.4503236599685],[-89.2179802331985,48.4503364948675],[-89.217975119131,48.4503517296079],[-89.2179716794159,48.4503688259917],[-89.2179700863827,48.45038773481],[-89.2179700975459,48.4503881151799],[-89.2179704779703,48.450408424612],[-89.2179729412169,48.4504308442341],[-89.2179775632396,48.450454944311],[-89.2179843903018,48.4504806690668],[-89.2179934710566,48.4505080175631],[-89.2180037103144,48.4505342037643],[-89.218013584223,48.4505552640587],[-89.2180237978408,48.4505730391916],[-89.2180341511636,48.4505875951007],[-89.2180413864894,48.4505954352771],[-89.218051881592,48.4506043984383],[-89.2181032810022,48.4506404401351],[-89.218121924051,48.4506545968574],[-89.2181376671299,48.4506687177255],[-89.2181511788156,48.4506839612944],[-89.2181624339081,48.4507024496104],[-89.2181694560117,48.4507225598875],[-89.2181725487665,48.450743438727],[-89.2181725476119,48.450743691573],[-89.2181723519568,48.4507657701818],[-89.2181660900473,48.4508044793842],[-89.2181454404699,48.4508843532853],[-89.2181431773726,48.4508990265086],[-89.2181428207401,48.4509096825705],[-89.2181428440469,48.4509098449719],[-89.2181439660848,48.4509174989179],[-89.2181451390292,48.4509202996472],[-89.2181484481035,48.4509216843998],[-89.2181590392406,48.4509245932265],[-89.2181755712451,48.4509275476427],[-89.2181979006151,48.4509300168741],[-89.2182249589197,48.4509316607299],[-89.2182571071317,48.4509324137634],[-89.2183468313508,48.4509310775386],[-89.218369317556,48.4509294175579],[-89.2183921823831,48.4509256763969],[-89.2184178130404,48.4509193581522],[-89.2184470185422,48.4509099712631],[-89.2184732682361,48.4508999818719],[-89.2185035326695,48.450887117789],[-89.2186082706791,48.4508382326618],[-89.2186473723774,48.4508208389084],[-89.2186866782474,48.4508051821779],[-89.2187241529299,48.4507926315277],[-89.2187639510104,48.4507824347257],[-89.2188039304329,48.4507759331955],[-89.2188441862794,48.4507735704684],[-89.2188829396116,48.4507756786697],[-89.218918380537,48.45078098001],[-89.2189530780994,48.4507884649245],[-89.2189883613298,48.4507981842528],[-89.2190245817266,48.450810103322],[-89.219061021276,48.4508237915168],[-89.219100029097,48.4508399889816],[-89.2191965603378,48.4508843511411],[-89.2192252015106,48.45089956182],[-89.2192545179101,48.4509183781723],[-89.2192804260838,48.4509372584735],[-89.2193375661639,48.4509813826923],[-89.219366289457,48.4510009563344],[-89.2193798103617,48.4510087075434],[-89.2193923697675,48.4510147867124],[-89.2194037840441,48.451019263065],[-89.2194144697179,48.4510224767598],[-89.2194375529499,48.4510274369491],[-89.2194641935701,48.4510312866092],[-89.2194940896267,48.451033831824],[-89.2195267313887,48.4510349213751],[-89.2195617385452,48.4510344564304],[-89.2195980323776,48.4510323885237],[-89.2196346068901,48.4510287550603],[-89.2196706974161,48.4510236067846],[-89.2197147229992,48.4510157879347],[-89.2197522393131,48.4510079471241],[-89.2197841378549,48.4509999645864],[-89.21981038377,48.4509919714595],[-89.2198310577979,48.4509841443354],[-89.2198459202356,48.4509769413061],[-89.2198552220313,48.4509709063654],[-89.2198600738157,48.4509663545799],[-89.2198624134262,48.4509627824938],[-89.2198646212848,48.4509564993691],[-89.2198658202473,48.4509468995213],[-89.2198652106922,48.4509340073787],[-89.2198651941091,48.4509336271136],[-89.2198627590507,48.45091937922],[-89.2198581865201,48.4509016771307],[-89.2198328793107,48.4508246898927],[-89.2198266827926,48.4508072440738],[-89.2198177972174,48.45078904759],[-89.219774625121,48.4507188894356],[-89.2197587093848,48.4506894371491],[-89.219746848448,48.4506585264302],[-89.2197431159172,48.4506422206998],[-89.219741427361,48.4506275976066],[-89.219741266444,48.4506245587298],[-89.2197412539161,48.4506241783864],[-89.2197409342878,48.4506001618029],[-89.2197409244626,48.4505997814074],[-89.2197425639564,48.450576121999],[-89.2197462819465,48.4505535723341],[-89.2197524972777,48.4505310680488],[-89.219762486047,48.4505103308901],[-89.219778105011,48.4504898359755],[-89.2197957439955,48.4504720876365],[-89.2198293194519,48.450442212019],[-89.2198563282606,48.4504207361207],[-89.2198902668171,48.4504005219608],[-89.2199285086468,48.4503833701934],[-89.2199705823833,48.4503693268],[-89.2200250953377,48.4503564693877],[-89.2200905827152,48.4503440218524],[-89.2201440844775,48.4503362313771],[-89.2201681628358,48.450334026568],[-89.2201903595426,48.4503334577895],[-89.2202131773723,48.4503353152827],[-89.2202356283628,48.4503399564143],[-89.2202566123837,48.4503476165545],[-89.2202743187222,48.4503576198687],[-89.220287436495,48.4503680986323],[-89.2202981935834,48.4503794633072],[-89.2203195274236,48.4504096548848],[-89.2203261635628,48.4504168046963],[-89.2203268726998,48.4504173416422],[-89.2203275062698,48.450417696502],[-89.2203280072621,48.4504178955687],[-89.2203293963814,48.4504182700343],[-89.2203414703437,48.4504202593069],[-89.2203557899359,48.4504213603864],[-89.2203728834916,48.4504213759304],[-89.2203928168645,48.4504201103249],[-89.2204369699748,48.4504143922989],[-89.2205537898878,48.4503942830111],[-89.2205872154753,48.4503900343338],[-89.2206182708581,48.4503875075977],[-89.2206485899153,48.4503867351434],[-89.2206781655713,48.4503879267446],[-89.2207070113139,48.4503912674857],[-89.220731794467,48.4503962584774],[-89.2207592047929,48.4504024106778],[-89.2207864721696,48.4504073941848],[-89.2208169114051,48.4504118872769],[-89.2208506746539,48.4504158744178],[-89.2209156671343,48.4504215672982],[-89.2210405084318,48.4504295397254],[-89.2210921650162,48.4504335519872],[-89.221124226889,48.4504403295681],[-89.2211539835936,48.4504564872362],[-89.2211725370035,48.4504766616836],[-89.2211823498122,48.4504972217423],[-89.2211866777912,48.4505146100001],[-89.2211889059646,48.4505331904574],[-89.2211889120347,48.4505334845514],[-89.2211889185032,48.4505335708005],[-89.2211901668877,48.4505922467895],[-89.2211901861833,48.4505926270021],[-89.221191796486,48.4506120183491],[-89.2211952548577,48.450627113795],[-89.2211998344352,48.4506365984762],[-89.2212033035277,48.4506411839848],[-89.2212086756756,48.4506469491783],[-89.2212279005596,48.4506631995301],[-89.2212512074606,48.4506792981753],[-89.2213194648521,48.450722484254],[-89.2213389101453,48.4507362524784],[-89.2213556975786,48.4507497373272],[-89.2213722208234,48.4507656601416],[-89.2213856729662,48.4507825536865],[-89.2213954486736,48.4508004935337],[-89.221401203772,48.4508203329754],[-89.2214011947823,48.4508206228616],[-89.2214004473764,48.4508431359088],[-89.2213924552006,48.4508659733088],[-89.2213818877734,48.4508850590867],[-89.2213583360235,48.4509216515034],[-89.2213517986828,48.450935335758],[-89.2213510091326,48.4509383803913],[-89.221350908069,48.4509400936268],[-89.2213509204316,48.4509401599679],[-89.2213509399217,48.4509402036783],[-89.2213510879089,48.4509405265222],[-89.2213601671563,48.4509538498183],[-89.2213668395121,48.4509610186647],[-89.2213696238891,48.450962991983],[-89.2216778929484,48.4510397253188],[-89.2217880639701,48.4510689898446],[-89.2218964501181,48.4510992532509],[-89.2219128268475,48.4510935313477],[-89.2219604657124,48.4510720397446],[-89.2219864358486,48.4510616707648],[-89.2220183291931,48.4510524298855],[-89.2220509190676,48.4510480223804],[-89.2220851607363,48.4510478062834],[-89.2221184955823,48.451049899303],[-89.2221523843063,48.4510537432817],[-89.2222021110463,48.4510608415087],[-89.2222751263979,48.451072113503],[-89.2223387417882,48.4510838810623],[-89.222395987592,48.4510968117355],[-89.2224473036953,48.4511111606536],[-89.2224934503393,48.4511273953904],[-89.2225330116899,48.4511453048801],[-89.2225519902925,48.451155900477],[-89.2225686411225,48.4511667416872],[-89.2225836786152,48.4511783311515],[-89.2225977711481,48.4511914486171],[-89.2226103322298,48.4512074685055],[-89.2226191056328,48.4512254564077],[-89.2226240012197,48.451244091465],[-89.2226240259318,48.4512444715727],[-89.2226257992556,48.4512639281295],[-89.222623535973,48.4512968434471],[-89.2226117384738,48.4513686889003],[-89.2226108477953,48.4513833240011],[-89.2226108638496,48.4513836916799],[-89.2226114353044,48.4513950136198],[-89.222613236288,48.4514042001395],[-89.2226158152921,48.4514109468575],[-89.2226187737985,48.4514157293328],[-89.2226222865014,48.4514195437885],[-89.2226371998734,48.4514313551777],[-89.2226579882957,48.4514445528918],[-89.222683751463,48.4514581565248],[-89.2227113336683,48.4514704563853],[-89.2227246384028,48.4514748221022],[-89.2227431626029,48.4514786316977],[-89.2227654975059,48.4514815884892],[-89.2228323120485,48.4514883337544],[-89.2228706979582,48.4514943075497],[-89.2229068420499,48.4515038272982],[-89.2229259416146,48.4515112723457],[-89.2229423435347,48.4515195063999],[-89.2229655557515,48.4515344062911],[-89.222987339942,48.4515515722997],[-89.2230080320251,48.4515708917667],[-89.2230289664225,48.4515934365728],[-89.2230399830868,48.4516083400071],[-89.2230485237917,48.4516250205691],[-89.2230542362834,48.4516424116907],[-89.2230576013737,48.4516610241233],[-89.2230576148071,48.4516613936521],[-89.2230586953496,48.4516922361602],[-89.2230549878612,48.4517577009862],[-89.22305500439,48.4517580794525],[-89.2230555549052,48.4517704679732],[-89.2230571074479,48.4517804672434],[-89.2230596407787,48.4517887677656],[-89.2230626251775,48.4517946680917],[-89.2230657901362,48.451798818555],[-89.2230694597913,48.451802168403],[-89.223084958688,48.4518125783378],[-89.2231064382411,48.4518240351352],[-89.2231326967612,48.4518355021363],[-89.223160820731,48.4518456131761],[-89.2231681300432,48.4518475997675],[-89.2231767329344,48.4518491654768],[-89.2231879187049,48.4518503798567],[-89.2232015760499,48.4518510480171],[-89.2232343746796,48.4518506984186],[-89.2233230129054,48.4518463877074],[-89.2233686385884,48.4518468959107],[-89.2233929221066,48.4518490960335],[-89.2234154720404,48.4518527908191],[-89.2234372834748,48.4518583740097],[-89.2234578352415,48.4518660212296],[-89.2234792903994,48.4518771338332],[-89.2234982363434,48.451890160073],[-89.2235148277598,48.4519047397678],[-89.2235299334578,48.4519211935228],[-89.2235510066286,48.4519501884053],[-89.2235923857746,48.4520169626438],[-89.2236027949608,48.4520308340821],[-89.2236127687232,48.4520418590976],[-89.2236539492135,48.4520798089497],[-89.2237057228215,48.4521223702525],[-89.2237602617082,48.4521630255322],[-89.2238099102223,48.4521961348343],[-89.2238310251413,48.4522082778413],[-89.2238763936897,48.4522315908381],[-89.2238974135971,48.4522441279516],[-89.2239232148936,48.4522642832944],[-89.223944064137,48.4522872776455],[-89.2239627711476,48.4523126599027],[-89.223978738963,48.4523365493827],[-89.2239926676869,48.4523599249514],[-89.2240059578505,48.4523855873783],[-89.2240099823676,48.4524035572231],[-89.2240099520697,48.4524037305567],[-89.2240067383984,48.4524225205412],[-89.2240006466195,48.4524371653386],[-89.2239830786122,48.4524714715536],[-89.2239808346095,48.4524784959332],[-89.2239800737595,48.4524842374158],[-89.2239800964009,48.4524845698776],[-89.2239800944285,48.4524846176014],[-89.223980679226,48.4524930799386],[-89.2239835244461,48.4525051091836],[-89.2239890022586,48.4525203697396],[-89.22400709859,48.4525632239286],[-89.2240115853612,48.4525780285877],[-89.224013273804,48.4525904211944],[-89.2240132903797,48.4525908005594],[-89.2240160192092,48.4526541831614],[-89.2240144840477,48.452682445425],[-89.2240110162839,48.4526998160511],[-89.2240055025,48.4527174745603],[-89.2239891700618,48.4527534699688],[-89.223970509656,48.4527882228718],[-89.2239550277739,48.4528133798955],[-89.2239380632786,48.4528359941572],[-89.2239178042661,48.452857099385],[-89.2238964715741,48.4528718336955],[-89.2238695394302,48.4528832905779],[-89.2238405847811,48.4528910850715],[-89.22380910962,48.4528963874521],[-89.2237580086851,48.4529008527988],[-89.2236558328985,48.452904436733],[-89.2236211075995,48.4529068930687],[-89.2235842457873,48.4529116220203],[-89.2235024120255,48.4529244207949],[-89.2234589808595,48.4529287800403],[-89.2234291135979,48.45292940144],[-89.2234002600001,48.4529278070018],[-89.2233718181688,48.4529239345825],[-89.2233426634443,48.4529175827877],[-89.223313141445,48.4529078389101],[-89.2232843841401,48.4528944831306],[-89.2232604103494,48.4528809296214],[-89.2232120727591,48.4528512407075],[-89.2231905997206,48.4528400366275],[-89.2231827705216,48.4528368031644],[-89.2231760326979,48.4528346192847],[-89.223170846158,48.4528334239157],[-89.2231657289061,48.4528327310552],[-89.2231409126135,48.452831225873],[-89.223121186522,48.4528313425907],[-89.2231079850894,48.452832602724],[-89.2231005207694,48.4528342549269],[-89.2230913256003,48.4528377751265],[-89.2230800353092,48.4528438037711],[-89.2230708550749,48.452850360264],[-89.223068310816,48.4528529286741],[-89.2230683193156,48.452853309095],[-89.2230683230181,48.4528544777707],[-89.223070719026,48.4528628844142],[-89.2230871253084,48.4529035076884],[-89.2230907953927,48.452921048944],[-89.2230907915828,48.4529213333319],[-89.2230905906859,48.4529376681855],[-89.223084418552,48.452963642066],[-89.2230740370391,48.452989766576],[-89.223059607232,48.4530167880749],[-89.223040832178,48.453045649817],[-89.2230295994917,48.4530598117878],[-89.2230159580549,48.4530735443515],[-89.2230003395504,48.4530863569104],[-89.2229828821704,48.4530981928095],[-89.222963754176,48.4531090335008],[-89.2229430494274,48.4531189221561],[-89.2229208395174,48.4531279185725],[-89.2228964486831,48.453136344415],[-89.2228500864569,48.4531492562058],[-89.2227963699049,48.4531607967471],[-89.2227404774637,48.4531705195697],[-89.2225901194526,48.4531939827555],[-89.2225489456085,48.4532017844874],[-89.2225150387873,48.4532095474665],[-89.222480003502,48.4532196553372],[-89.2224522953882,48.4532301416747],[-89.2224295065586,48.4532416189349],[-89.2224214602653,48.4532467031045],[-89.2224133186897,48.4532527338292],[-89.2223967254725,48.4532668634446],[-89.2223800649396,48.4532826732513],[-89.2223636482732,48.4532999485001],[-89.2223475341504,48.453318670063],[-89.2223317692818,48.4533388235417],[-89.2223166486007,48.4533600388484],[-89.2223159964753,48.4533610879341],[-89.2223573763425,48.4534014636584],[-89.2212981208527,48.4534200852315],[-89.2199138191468,48.4534301347954],[-89.2193610613683,48.453439700511],[-89.2181228825518,48.4534546018287],[-89.2173524824511,48.4534625926022],[-89.2168119103523,48.4534730511153],[-89.2155685930488,48.4534970859949],[-89.2143113671835,48.45351237788],[-89.2143381057696,48.4541249700063],[-89.2144180995392,48.4557509697613],[-89.214445572182,48.4565868382719],[-89.2144732150285,48.4569102025589],[-89.2145142512221,48.4581600252924],[-89.2145495706821,48.4589690862182],[-89.214598015154,48.4597688943936],[-89.214645650047,48.4604853412612],[-89.2146169950842,48.4605092597309],[-89.2145827240966,48.4605296505146],[-89.2145438035373,48.4605459362714],[-89.214501332161,48.4605576576779],[-89.214427779891,48.4605587550936],[-89.213500496457,48.460572582658],[-89.2119561028108,48.4605824588174],[-89.2092646513392,48.4606185836058],[-89.2057691006763,48.4606836282135],[-89.2055557415081,48.4502981766245],[-89.2066531351984,48.4497192297042],[-89.2077502671654,48.4491311989233],[-89.2081995312194,48.4488863841334],[-89.2093774834854,48.4482770064406],[-89.2101648176214,48.4479179205252],[-89.2106484484889,48.44767184637],[-89.211088837365,48.4473860254198],[-89.211763754731,48.4468855609708],[-89.212778384879,48.4461611537869],[-89.2137451485992,48.4454497303343],[-89.214932059788,48.4445864456035],[-89.2164750219317,48.4434857062928],[-89.2169133635108,48.4431872230289],[-89.217243134452,48.4429945040513],[-89.2160377349413,48.4422465275241],[-89.2158789453949,48.4421299208071],[-89.2157282156609,48.4420086725647],[-89.2155858511472,48.4418830270703],[-89.2154540997462,48.4417883643043],[-89.2153173123697,48.4416969195397],[-89.2151756658521,48.441608809917],[-89.2150293423492,48.4415241506746],[-89.2148785345873,48.4414430514498],[-89.2132551717951,48.4406971478941],[-89.2130183749553,48.4405831538716],[-89.2119670574313,48.4400960618085],[-89.2105122600997,48.4391874774279]]]},"properties":{"OBJECTID":30,"BABY_ATOM":"30000","FIRE_AREA":"3","FIRE_STATION":"STATION 3","GlobalID":"49c95d40-5339-4e0c-ab47-591e5ed06980","Shape__Area":4656359.8564453125,"Shape__Length":18331.783967238975}},{"type":"Feature","id":31,"geometry":{"type":"Polygon","coordinates":[[[-89.2370978404066,48.4291635785139],[-89.2364238164751,48.4291278192016],[-89.2362528966486,48.4291002519632],[-89.2360845603749,48.4290663667065],[-89.2359193342425,48.4290262701715],[-89.2357577374797,48.4289800863387],[-89.2344389341797,48.4286185863792],[-89.2330435318359,48.4282260637938],[-89.2328891568177,48.4281804978067],[-89.2317974483495,48.4278752024746],[-89.2305179982335,48.4275103442316],[-89.2297056269895,48.4272819586908],[-89.228777135989,48.4270156391956],[-89.222141509738,48.4250896846978],[-89.2221532511057,48.4250815195143],[-89.2221635510144,48.4250721981318],[-89.2221677972744,48.4250617259856],[-89.2221747731564,48.4250512604837],[-89.2221868753452,48.4250419771562],[-89.2221900211095,48.4250310377169],[-89.2221830667181,48.425017262222],[-89.2221743692294,48.4250072542926],[-89.222163233913,48.4249921209027],[-89.2221589908658,48.4249810012155],[-89.2221624496277,48.4249720000507],[-89.2221803071801,48.4249689000531],[-89.2221964642289,48.4249707922313],[-89.2222122230379,48.4249732238432],[-89.2222275947202,48.4249766976246],[-89.2222493653668,48.4249848694327],[-89.22226267892,48.4249897847576],[-89.2222753741081,48.424996639255],[-89.2222907236995,48.4250038833324],[-89.2223041953658,48.4250133842314],[-89.222319097971,48.4250261864893],[-89.2223319672907,48.4250317950858],[-89.2223487173474,48.4250329946874],[-89.2223635165692,48.4250243043367],[-89.2223727767979,48.4250168096862],[-89.2223829129606,48.4250094069774],[-89.2223943817197,48.425001439579],[-89.2224107540726,48.4249968315009],[-89.2224257734294,48.4249992935669],[-89.222439400357,48.4250055353195],[-89.2224515812663,48.4250142351884],[-89.2224628300288,48.425025707148],[-89.222473126013,48.4250352325022],[-89.2224886714012,48.4250422847259],[-89.222505569918,48.4250398528161],[-89.222520212607,48.4250327498982],[-89.222538456187,48.4250270331624],[-89.2225568645517,48.4250300523376],[-89.2225721388458,48.4250337717824],[-89.2225901327308,48.4250359973004],[-89.2226064983012,48.4250385781853],[-89.2226189013168,48.4250434129939],[-89.2226332835248,48.4250480026157],[-89.2226481351178,48.4250519173632],[-89.222663606507,48.4250524695289],[-89.222665627905,48.4250525411327],[-89.2226812410823,48.425051323482],[-89.2226972464113,48.4250519678942],[-89.2227163735158,48.4250500498199],[-89.2227310696208,48.4250476424446],[-89.222748539182,48.4250486634322],[-89.222763188279,48.4250543815425],[-89.2227766347641,48.425062993038],[-89.2227873399096,48.4250703996854],[-89.2228039049311,48.4250729658908],[-89.2228204156799,48.4250733584902],[-89.222839917378,48.4250739533056],[-89.2228556119278,48.4250741979228],[-89.2228713885324,48.4250773767781],[-89.222883184562,48.4250827991178],[-89.2228914665405,48.42509353571],[-89.2228978624826,48.4251031822881],[-89.2229038079962,48.4251130085204],[-89.2229113086629,48.4251274949996],[-89.2229149978467,48.4251319268582],[-89.2229187111696,48.4251363852421],[-89.222927658513,48.4251447417768],[-89.2229381183925,48.42515548036],[-89.2229488103092,48.4251628926463],[-89.2229596903986,48.4251699701934],[-89.2229716772925,48.4251794565243],[-89.2229835339419,48.4251865772762],[-89.2229949468946,48.4251926377207],[-89.2230102511406,48.4252019060765],[-89.2230245455784,48.425210152058],[-89.2230398074602,48.4252166212622],[-89.2230551799617,48.4252197080327],[-89.2230687681058,48.4252216497409],[-89.2230815296969,48.4252294025983],[-89.223093295197,48.425237531901],[-89.2231050463139,48.4252456722772],[-89.223118537101,48.4252556063826],[-89.2231321228089,48.4252633783948],[-89.2231455605065,48.4252682849203],[-89.2231621389026,48.4252680886381],[-89.2231782595588,48.4252670680494],[-89.2231944203545,48.4252659450129],[-89.2232131697597,48.4252643229709],[-89.2232302206451,48.4252625628088],[-89.2232474043867,48.4252642190582],[-89.2232597117048,48.4252696152811],[-89.2232658441585,48.4252806255277],[-89.2232774758711,48.4252881662737],[-89.2232923897053,48.4252910882304],[-89.223310989449,48.425294462579],[-89.2233267399538,48.4252993954545],[-89.2233381264693,48.4253072648378],[-89.2233508830126,48.4253167902354],[-89.2233589233556,48.4253268809587],[-89.2233555635255,48.4253410258156],[-89.2233473187602,48.4253512190064],[-89.2233512897169,48.425368209264],[-89.2233648484757,48.4253761986052],[-89.2233794373615,48.4253825467141],[-89.2233810563221,48.4253828132292],[-89.223396530364,48.425385375247],[-89.2234114823678,48.4253870026356],[-89.2234263740175,48.4253881453336],[-89.22344527927,48.4253888235555],[-89.22346280691,48.4253897164501],[-89.2234777741889,48.4253902998454],[-89.2234944515255,48.4253908519795],[-89.2235095657065,48.4253923853471],[-89.2235312053661,48.4253969893085],[-89.2235477813588,48.4254011045339],[-89.2235629887346,48.4254044634489],[-89.223577991419,48.4254059818682],[-89.2235957790513,48.4254052430004],[-89.2236160746703,48.4254007019601],[-89.223635600868,48.4253983549429],[-89.223652345617,48.425396734697],[-89.2236667171884,48.4253948814136],[-89.2236834432094,48.4253956197233],[-89.2236907804404,48.4253971873585],[-89.22369871246,48.4253988784535],[-89.2237088243713,48.4253981395131],[-89.2237155284571,48.4253972181324],[-89.2237285456447,48.4253901959733],[-89.2237296741653,48.4253894156802],[-89.223742681586,48.4253804044004],[-89.2237563544116,48.4253722673899],[-89.2237698434409,48.4253619016958],[-89.2237858511683,48.4253554749152],[-89.22379974906,48.4253518133145],[-89.2238170901586,48.425348277681],[-89.2238248833393,48.4253468808717],[-89.2238330910584,48.425345411266],[-89.2238486617611,48.4253422589543],[-89.2238621614028,48.4253399726392],[-89.2238770663564,48.4253389115774],[-89.2238957820587,48.4253381277264],[-89.2239132899154,48.4253366474412],[-89.2239294463806,48.4253348675805],[-89.2239311868759,48.425334449741],[-89.2238690598895,48.4253132467703],[-89.2238349272716,48.4253015965938],[-89.2238183642157,48.4253066044441],[-89.2238018907145,48.4253104121173],[-89.2237867248861,48.4253138894955],[-89.223767294134,48.4253208692136],[-89.2237522835312,48.4253257660627],[-89.2237420322401,48.425327740335],[-89.2237387169716,48.4253283775623],[-89.223718635531,48.4253307011424],[-89.2237011952112,48.4253324590092],[-89.2236815097804,48.4253327676239],[-89.2236627527682,48.4253316448064],[-89.2236465077369,48.4253305283045],[-89.2236230027332,48.4253293353232],[-89.2236069782333,48.4253292141546],[-89.2235895501509,48.4253291462113],[-89.2235744460114,48.425329329349],[-89.2235598674207,48.4253298460222],[-89.2235428092661,48.4253303557461],[-89.2234303222504,48.4252948009732],[-89.2234289872075,48.4252933890096],[-89.2234175624985,48.4252847376066],[-89.2234034782165,48.4252795745922],[-89.2234001440279,48.4252783533289],[-89.2233850691345,48.4252717716901],[-89.2233730976924,48.425267009597],[-89.2233614442646,48.4252594980718],[-89.2233506654145,48.4252523259331],[-89.2233345466698,48.4252435700193],[-89.2233191579833,48.4252380993088],[-89.2233046708949,48.425232379037],[-89.2232885654353,48.4252269941565],[-89.2232719075943,48.4252194524965],[-89.2232623767999,48.4252129067308],[-89.2232513926839,48.4252047785364],[-89.2232388391639,48.4251995949098],[-89.2232208334035,48.425198648242],[-89.2232020750926,48.425200685234],[-89.2231889840925,48.425203940682],[-89.2231756582303,48.4252077000197],[-89.223160595783,48.4252095504007],[-89.2231392110805,48.4252027937812],[-89.2231287200904,48.4251977565205],[-89.2231156765346,48.4251944160064],[-89.2231074429128,48.4251927513947],[-89.2230778583735,48.4251834000751],[-89.2230697985107,48.4251789636264],[-89.2230560357274,48.4251724924432],[-89.223046657464,48.4251657547678],[-89.2230345977503,48.4251563967144],[-89.2230302808473,48.4251475548087],[-89.2230327853152,48.4251350271172],[-89.2230367019705,48.4251300793662],[-89.2230403458336,48.4251254787859],[-89.2230543028133,48.4251191439286],[-89.2230635601617,48.4251112443984],[-89.2230644488027,48.425098460023],[-89.2230668114073,48.4250869877593],[-89.2230710960716,48.4250782675149],[-89.2230785494663,48.4250688049266],[-89.2230901805754,48.4250583951466],[-89.2230936979464,48.4250485101831],[-89.2230954275308,48.425035511612],[-89.2230954930118,48.4250319932933],[-89.2230956585075,48.4250228668102],[-89.2230945403522,48.4250117398411],[-89.2230956442419,48.4250004808495],[-89.2230978718933,48.4249886423032],[-89.2230952308701,48.4249779946351],[-89.2230908920958,48.4249687752666],[-89.2230785260095,48.4249577235454],[-89.2230624080335,48.4249606622977],[-89.2230512763783,48.4249657881915],[-89.2230388311003,48.4249597683993],[-89.2230365368476,48.424947711345],[-89.223026108991,48.4249417029435],[-89.2230161306624,48.4249381277258],[-89.2230082685672,48.4249353105672],[-89.2229884636106,48.4249330931265],[-89.222974816083,48.4249351176765],[-89.2229593207735,48.4249390358847],[-89.2229391485191,48.4249455340422],[-89.2229256860642,48.42494798958],[-89.2229104379673,48.4249467916251],[-89.22289817944,48.4249427899066],[-89.2228812566603,48.4249344705438],[-89.2228657532346,48.4249308284467],[-89.2228524409217,48.4249275227883],[-89.2228395548345,48.4249208798819],[-89.2228298519166,48.4249141664579],[-89.2228185177274,48.4249016363003],[-89.2228027482546,48.424894994231],[-89.2227802612764,48.4248961225069],[-89.2227668114995,48.4248976600543],[-89.2227524560601,48.4248979284856],[-89.2227383150763,48.4248985886528],[-89.2227221503843,48.4248996199284],[-89.2226990577522,48.4248963781972],[-89.2226927452891,48.4248883648081],[-89.2226888560209,48.4248775793015],[-89.2226844149401,48.4248687397825],[-89.222671050688,48.4248602454517],[-89.2226650839933,48.4248485994585],[-89.2226740289918,48.424839861147],[-89.2226840535611,48.4248304289724],[-89.2226882520779,48.4248182455384],[-89.2226856915206,48.4248038624174],[-89.2226818299702,48.4247937430764],[-89.2226792840536,48.4247808730218],[-89.2226783132499,48.4247685663514],[-89.2226706525585,48.424760355882],[-89.222653410088,48.4247542811974],[-89.2226370082706,48.424753222467],[-89.2226209193004,48.4247531995786],[-89.2226070561168,48.4247545561526],[-89.2225935573576,48.424757201297],[-89.2225793546254,48.4247588622405],[-89.2225626788446,48.4247546840238],[-89.2225470825006,48.4247494988394],[-89.2225358333905,48.4247410239023],[-89.2225284553318,48.4247330940767],[-89.2225256183617,48.4247213911973],[-89.2225271784591,48.4247044730775],[-89.2225284596744,48.4246898078776],[-89.222537527403,48.4246813110324],[-89.2225526909102,48.4246760164041],[-89.2225672654398,48.4246701735218],[-89.2225714223557,48.4246585235371],[-89.2225604240009,48.4246460039593],[-89.2225530947383,48.4246381388727],[-89.2225574492974,48.424626123377],[-89.2225671255582,48.4246195222022],[-89.2225734540642,48.4246084123802],[-89.2225804519726,48.4246002524404],[-89.2225922029574,48.4245938612967],[-89.2226055680723,48.4245903846831],[-89.2226205254308,48.4245873685523],[-89.2226395173282,48.4245842762531],[-89.2226561658205,48.424581973315],[-89.2226693830076,48.424577553934],[-89.2226711468693,48.4245677559536],[-89.2226546383482,48.424562173635],[-89.2226410074424,48.4245598980044],[-89.2226219192822,48.4245589550657],[-89.2226026307601,48.4245607943689],[-89.2225884800763,48.4245630274374],[-89.2225722088219,48.4245656730717],[-89.2225551061208,48.4245702691947],[-89.2225399151112,48.4245743128275],[-89.2225274884779,48.4245807719055],[-89.2225156523641,48.4245864511999],[-89.222499957716,48.4245920889878],[-89.2225043720144,48.424585688468],[-89.2225143725189,48.424574186489],[-89.2225213385858,48.4245649555869],[-89.2225319605693,48.424555645941],[-89.2225401614633,48.4245461815387],[-89.2225492023625,48.4245387127048],[-89.2225587574388,48.4245291168644],[-89.222567686375,48.4245218085455],[-89.2225768331976,48.4245142269955],[-89.222586317074,48.4245041457734],[-89.2225948944224,48.4244969279216],[-89.2226053667193,48.4244875032963],[-89.2226208251743,48.4244805735439],[-89.2226359165546,48.4244744327503],[-89.2226478430876,48.4244695875471],[-89.2226599992259,48.4244606783139],[-89.2226718935073,48.4244525838987],[-89.2226828196996,48.4244446710421],[-89.22269348231,48.4244343726898],[-89.2227042839349,48.4244269202021],[-89.2227162949026,48.4244158921996],[-89.2227243943574,48.424408194119],[-89.2227318058286,48.4243999712935],[-89.2227371344274,48.4243909798609],[-89.2227434738951,48.4243820129793],[-89.2227493490293,48.4243710477681],[-89.2227587512155,48.4243591263583],[-89.2227657850927,48.4243493443939],[-89.2227736375189,48.4243409420947],[-89.2227813363976,48.42433177799],[-89.2227890575217,48.4243207069221],[-89.2227970933327,48.4243127590408],[-89.2228026355333,48.4243022501272],[-89.2228076032152,48.4242931046142],[-89.2228127361233,48.4242836562968],[-89.2228177162461,48.4242713875722],[-89.2228222271126,48.4242626161782],[-89.2228255443161,48.4242525119567],[-89.2228268807373,48.4242403847296],[-89.222828429619,48.4242309894823],[-89.2228375059884,48.4242225077407],[-89.2228479230672,48.4242133999657],[-89.2228555474038,48.4242028688035],[-89.2228588869062,48.424192935099],[-89.2228623015822,48.4241841048128],[-89.22286491367,48.4241727734866],[-89.2228651236477,48.4241626825299],[-89.222866708673,48.424152504716],[-89.2228702401052,48.4241370861327],[-89.2228731099274,48.4241282231891],[-89.222875678498,48.424116421244],[-89.2228780436056,48.4241068653638],[-89.2228797049868,48.4240944097513],[-89.2228784846926,48.4240828609789],[-89.2228860643641,48.4240747149682],[-89.2228989702294,48.4240696699647],[-89.2229151677235,48.424063509555],[-89.2229320325376,48.4240640311535],[-89.2229460200964,48.4240720365493],[-89.2229420821361,48.4240824433859],[-89.2229397053268,48.4240921335537],[-89.2229426483529,48.4241043760132],[-89.2229484877068,48.4241145911809],[-89.222952503759,48.424125463303],[-89.2229548550681,48.4241422068627],[-89.2229543014351,48.4241533130616],[-89.2229528218075,48.4241712355346],[-89.2229521798897,48.4241805970594],[-89.2229537969454,48.4241916343124],[-89.2229574614411,48.4242071828394],[-89.2229622297551,48.4242191542903],[-89.2229720498235,48.4242326764124],[-89.2229783927518,48.424245447882],[-89.2229787806209,48.4242548956718],[-89.2229840178892,48.4242640445952],[-89.2229902803453,48.4242762417907],[-89.2229920567959,48.4242868422914],[-89.222992026843,48.4242972788649],[-89.2230015938278,48.4243102669363],[-89.2230164114519,48.4243130666244],[-89.2230330247854,48.4243127797112],[-89.2230467185055,48.4243106094037],[-89.2230629923359,48.424303439798],[-89.2230746665743,48.4242948898304],[-89.2230822311505,48.42428553036],[-89.2230912531908,48.4242735424919],[-89.2230953611966,48.4242614255716],[-89.2230926124897,48.4242492693333],[-89.2230880523472,48.4242385687848],[-89.2230825270645,48.4242299760691],[-89.2230761286004,48.4242172335703],[-89.2230716497109,48.4242059475243],[-89.2230711479994,48.4241938909119],[-89.2230714827845,48.4241826026978],[-89.2230690472655,48.424166129788],[-89.2230667346388,48.42415588155],[-89.2230678867016,48.424144208649],[-89.2230753560351,48.4241366324895],[-89.2230896599636,48.4241317493859],[-89.2230967083572,48.4241311012023],[-89.2231083627322,48.4241300283903],[-89.2231240519958,48.4241252633624],[-89.2231418780862,48.4241235880979],[-89.2231611480351,48.4241247352739],[-89.2231769618208,48.4241262011773],[-89.2231927155492,48.4241297295261],[-89.2232080114019,48.4241339172297],[-89.2232152777472,48.4241365911363],[-89.2232218751026,48.4241390206503],[-89.2232340815787,48.4241461706038],[-89.223247180658,48.4241527103785],[-89.2232593934407,48.4241621113376],[-89.2232706496744,48.4241700372302],[-89.2232812722041,48.4241780626453],[-89.2232901103762,48.4241890934678],[-89.223295841118,48.4241978090643],[-89.2232986313732,48.4242093364817],[-89.2233017165094,48.424220000754],[-89.2233059594634,48.4242304635982],[-89.2233104649579,48.424245456018],[-89.2233114082792,48.4242552709574],[-89.2233104072884,48.4242651072862],[-89.2233100702073,48.4242766204785],[-89.2233117391662,48.4242881947632],[-89.2233145113981,48.4243021590036],[-89.2233182780032,48.4243125788709],[-89.2233222218175,48.4243258825534],[-89.2233258695724,48.4243381635649],[-89.2233299646727,48.4243492959678],[-89.2233330849832,48.4243629034832],[-89.2233374458927,48.424372661355],[-89.223342679115,48.4243848136468],[-89.2233477031707,48.4243952703873],[-89.2233530698963,48.4244051536722],[-89.2233591726923,48.4244176238539],[-89.22336540767,48.4244264007783],[-89.2233713970202,48.424436921633],[-89.2233773749935,48.4244460355261],[-89.2233839126954,48.4244551511949],[-89.2233918597771,48.4244693653931],[-89.2233986598387,48.4244790410212],[-89.2234076394631,48.424489656123],[-89.2234172793592,48.4244983330329],[-89.2234276677911,48.4245090459616],[-89.2234389208513,48.4245159983887],[-89.2234496619939,48.4245223407954],[-89.2234600185047,48.4245310209433],[-89.2234707156579,48.4245379040378],[-89.2234820533518,48.4245459282051],[-89.2234922830498,48.4245529103077],[-89.2234994437095,48.4245612455555],[-89.2235053773341,48.4245717584832],[-89.2235113231454,48.4245827984181],[-89.2235160108401,48.4245973482378],[-89.2235180710211,48.424608004427],[-89.2235199565686,48.4246192434197],[-89.2235190455483,48.4246293749222],[-89.2235150707067,48.4246423422291],[-89.223509470428,48.4246516106693],[-89.2235034564156,48.4246631076467],[-89.2234987402481,48.4246739875098],[-89.2234949933873,48.4246849925912],[-89.2234916616257,48.424698508898],[-89.2234868078573,48.4247087139223],[-89.2234820099187,48.4247202602676],[-89.2234810088316,48.4247304654894],[-89.2234860838965,48.4247395185549],[-89.2234954327644,48.4247502605715],[-89.2235066677526,48.4247586250212],[-89.2235189174111,48.4247658307929],[-89.2235311987524,48.4247703241578],[-89.2235444486374,48.4247740268268],[-89.2235610505664,48.4247784312622],[-89.2235782069133,48.4247818793582],[-89.2235940637867,48.4247852877935],[-89.2236086659028,48.4247881014692],[-89.2236240191449,48.4247914305637],[-89.2236413796696,48.4247961496235],[-89.2236567845071,48.4248000103576],[-89.2236707647541,48.4248047434807],[-89.2236879426657,48.4248108534511],[-89.2237029860865,48.4248191631447],[-89.2237125029265,48.4248278055201],[-89.2237154159148,48.4248372791644],[-89.2237133159741,48.4248498413383],[-89.2237065803738,48.4248634504529],[-89.2236933384178,48.4248663417869],[-89.2236768200045,48.4248657722141],[-89.2236625082591,48.4248646255353],[-89.2236463523868,48.4248633183663],[-89.2236296997493,48.424861500754],[-89.2236144614279,48.4248602478199],[-89.2236000701687,48.4248590756786],[-89.2235794830675,48.4248616411422],[-89.223572748233,48.4248701577495],[-89.2235663990752,48.424882400789],[-89.2235657600117,48.4248916084072],[-89.2235693082514,48.4249074920625],[-89.2235750235921,48.4249173694967],[-89.2235834108698,48.4249298656798],[-89.2235927529374,48.4249394903524],[-89.2236020774964,48.4249521519591],[-89.2236087218797,48.4249607050192],[-89.2236173199198,48.4249715254226],[-89.2236246069626,48.4249851396472],[-89.2236310154111,48.4249957513561],[-89.2236373066153,48.4250060306309],[-89.2236461219713,48.4250230999696],[-89.2236530551997,48.4250332840557],[-89.2236617564363,48.4250459109224],[-89.223672287671,48.4250542547721],[-89.2236870426955,48.4250631098829],[-89.2237018700432,48.4250664671293],[-89.2237197625495,48.4250668949663],[-89.2237353816275,48.4250639855616],[-89.2237491165714,48.4250602470408],[-89.2237647677779,48.4250527465772],[-89.2237778320302,48.4250469597338],[-89.2237907399876,48.425039512306],[-89.2238032296086,48.4250335683201],[-89.2238155047519,48.4250265200096],[-89.2238305320878,48.425015504649],[-89.2238422512907,48.4250092849413],[-89.2238587888571,48.4250016512614],[-89.2238731331941,48.4249961725572],[-89.22388548303,48.424988853775],[-89.2238986775227,48.4249830473046],[-89.2239110192091,48.4249771214626],[-89.2239228972582,48.4249670775124],[-89.2239318403286,48.4249555121809],[-89.223933462782,48.4249459175552],[-89.2239344600476,48.4249349764224],[-89.2239303959998,48.4249233827778],[-89.2239186010408,48.4249170266024],[-89.2239033386262,48.4249104837467],[-89.2238910567702,48.4249065995501],[-89.2238772280473,48.4249016844771],[-89.2238625706527,48.4248981629152],[-89.2238493151567,48.4248948904633],[-89.2238301313691,48.4248911406097],[-89.2238171508,48.4248879726057],[-89.2237976568656,48.4248852004542],[-89.2237831198578,48.4248813706455],[-89.2237727906088,48.4248717074919],[-89.2237701276496,48.4248609010101],[-89.2237697981725,48.4248489850283],[-89.2237693456888,48.4248371002162],[-89.2237725491714,48.4248256638634],[-89.2237795889308,48.4248165772164],[-89.2237861353362,48.4248082972706],[-89.2237978808124,48.4248005124247],[-89.2238105441134,48.4247936554502],[-89.223820207397,48.4247858307846],[-89.2238303994519,48.4247793427936],[-89.2238407834846,48.424771926165],[-89.2238516933068,48.4247657778887],[-89.223862659041,48.4247587117031],[-89.2238754475532,48.4247487464245],[-89.2238845326019,48.4247376471115],[-89.2238879251371,48.4247276934575],[-89.2238910148746,48.4247186381925],[-89.2239025124786,48.424710099654],[-89.223919228381,48.4247077619395],[-89.2239399809523,48.4247078123359],[-89.2239506680595,48.4246996592543],[-89.2239399560066,48.4246889994162],[-89.2239233700806,48.4246837228855],[-89.2239097711141,48.4246834199003],[-89.2238946980222,48.4246900085745],[-89.2238834338114,48.4246961205201],[-89.2238656516229,48.4247015001474],[-89.2238480443621,48.4247075736822],[-89.2238301872553,48.4247127856028],[-89.2238145585823,48.4247146983032],[-89.2237970252838,48.4247152811335],[-89.2237826450878,48.424714361626],[-89.2237663622008,48.4247108246941],[-89.223751274729,48.4247046644211],[-89.2237412313034,48.4246956642395],[-89.2237334281151,48.4246857102149],[-89.223728260496,48.4246747542162],[-89.2237246215055,48.4246635131388],[-89.2237239492859,48.4246543056792],[-89.2237227335303,48.4246428656958],[-89.2237223971552,48.4246317515084],[-89.223721416112,48.424622034473],[-89.223720949356,48.4246122382149],[-89.2237213919023,48.4246016569046],[-89.2237229408233,48.4245910272117],[-89.2237236407951,48.4245760610275],[-89.2237240300173,48.4245660853683],[-89.2237236510924,48.4245533767781],[-89.2237245523828,48.4245411958716],[-89.2237233099572,48.4245244677773],[-89.2237225469503,48.4245131800923],[-89.2237198236372,48.4245040563754],[-89.2237165900425,48.4244953204118],[-89.2237143895989,48.4244851680886],[-89.2237110799332,48.4244728616584],[-89.2237090234849,48.4244622917745],[-89.2237034853398,48.4244496595391],[-89.2236988111176,48.4244388883418],[-89.223689203658,48.4244272696032],[-89.2236799192668,48.4244177256985],[-89.2236684205014,48.4244100375655],[-89.2236541376607,48.424400939393],[-89.2236406586515,48.4243956396431],[-89.2236265398007,48.4243911971105],[-89.2236109954965,48.4243855935883],[-89.2235961834451,48.4243813740913],[-89.2235802376584,48.4243765448987],[-89.2235644953761,48.4243710819571],[-89.2235502565985,48.4243670196212],[-89.2235319584174,48.4243612551916],[-89.2235127935167,48.424358242701],[-89.2234956340221,48.4243555864209],[-89.2234825137012,48.4243523410051],[-89.2234739313737,48.4243403596327],[-89.2234696692149,48.4243281876745],[-89.2234679415182,48.4243157948714],[-89.223465776534,48.4243002893505],[-89.2234647075699,48.4242906936767],[-89.2234645393902,48.4242772369327],[-89.2234646479329,48.4242660943489],[-89.2234655189301,48.4242522576227],[-89.2234670438638,48.4242432146245],[-89.2234684145651,48.4242315356931],[-89.223467328692,48.4242162864283],[-89.2234647064009,48.4242057589693],[-89.2234601449581,48.4241944727345],[-89.2234546942075,48.4241857616304],[-89.223446204506,48.4241740123956],[-89.2234375740046,48.4241657586429],[-89.2234276558526,48.4241550717132],[-89.2234170848603,48.4241469886321],[-89.2234065389219,48.4241395105855],[-89.2233953434341,48.4241304678638],[-89.2233849009927,48.4241231929535],[-89.2233750971994,48.4241132055998],[-89.2233645049166,48.4241050059602],[-89.223353570576,48.4240975795039],[-89.2233422732061,48.4240890515939],[-89.2233303773196,48.4240834431875],[-89.223319574414,48.4240769220171],[-89.2233048431128,48.4240682616427],[-89.2232947802904,48.4240591529294],[-89.2232823948238,48.4240479936361],[-89.2232690635501,48.4240389202089],[-89.2232548219988,48.4240310430253],[-89.2232464808627,48.4240238741404],[-89.2232310164319,48.4240177120889],[-89.223213092969,48.4240111755932],[-89.2231990469811,48.4240099796336],[-89.2231836968942,48.4240110231212],[-89.2231682059323,48.4240107278288],[-89.2231548858008,48.4240090967588],[-89.2231359194282,48.4240096703004],[-89.2231221363935,48.4240123012088],[-89.2231077875646,48.4240158445834],[-89.2230929755873,48.424020019523],[-89.223078905359,48.4240249601917],[-89.2230733512391,48.4240263019773],[-89.2230658348043,48.4240281198607],[-89.2230467687747,48.4240314287005],[-89.2230297708659,48.4240321630184],[-89.2230094152597,48.4240276340164],[-89.2230007140166,48.4240196776104],[-89.2229931506455,48.4240074065883],[-89.2229865788852,48.4239962059759],[-89.2229816460999,48.4239869090098],[-89.2229743480388,48.423975172698],[-89.2229690420572,48.4239620932718],[-89.2229723832421,48.4239496582752],[-89.2229852821536,48.4239411395296],[-89.2230007175337,48.4239323225322],[-89.2230069382599,48.4239297145389],[-89.2230131670894,48.4239271063885],[-89.2230309733468,48.4239184406041],[-89.223038937913,48.4239108449777],[-89.2230285366768,48.4239016618062],[-89.2230169545769,48.4238968300697],[-89.2230006034027,48.4238907292132],[-89.2229962381366,48.4238902260592],[-89.2229824928819,48.4238886409748],[-89.2229681730558,48.4238876122317],[-89.2229536416797,48.423885762521],[-89.222934114747,48.4238816043746],[-89.2229264355137,48.4238738342489],[-89.2229250145521,48.4238607535119],[-89.2229266982072,48.4238509777703],[-89.2229305009397,48.4238384321844],[-89.2229324857229,48.4238265731407],[-89.2229320489019,48.4238162508567],[-89.2229328406408,48.4238055827237],[-89.2229335582608,48.4237900862601],[-89.2229315610376,48.4237784526335],[-89.222933731863,48.4237659313898],[-89.2229388892596,48.423756178483],[-89.2229430942711,48.4237459752224],[-89.2229469176448,48.4237354212443],[-89.2229500020002,48.4237236993011],[-89.2229511268548,48.4237122698541],[-89.222949868834,48.4237016845247],[-89.2229490046375,48.4236921010832],[-89.2229482288633,48.4236808262354],[-89.2229465354228,48.4236714459655],[-89.2229453866598,48.4236609790883],[-89.2229452501092,48.4236501030637],[-89.2229465775586,48.423638390784],[-89.222950335451,48.4236281331833],[-89.2229532720572,48.4236164950713],[-89.2229536714452,48.4236054476361],[-89.2229565319721,48.4235941726868],[-89.222961733102,48.4235807750172],[-89.2229675065104,48.4235715401451],[-89.2229736742042,48.4235607771043],[-89.2229789042541,48.4235517605716],[-89.222983597664,48.423542248761],[-89.2229878314365,48.4235302265834],[-89.2229921593091,48.4235187811148],[-89.2229955751474,48.4235057031644],[-89.2229977840941,48.4234955744703],[-89.222999483312,48.4234846377713],[-89.223001193348,48.4234702000045],[-89.223003225388,48.423458247373],[-89.2230055027537,48.4234460308768],[-89.2230077959145,48.4234362523501],[-89.2230111325258,48.4234265949134],[-89.2230155071573,48.4234169650996],[-89.2230194197456,48.4234077751878],[-89.2230217643466,48.423396077437],[-89.22302220493,48.4233848591555],[-89.2230228878969,48.4233745179269],[-89.2230246458586,48.4233605281996],[-89.2230239548021,48.423346919608],[-89.2230209537108,48.4233376212961],[-89.2230167974439,48.4233287393943],[-89.2230118556862,48.4233168495734],[-89.2230061834732,48.4233079537843],[-89.2229998745833,48.4232980976897],[-89.2229892769697,48.4232866410872],[-89.222981567998,48.4232770099933],[-89.2229723850125,48.423268883849],[-89.222963272567,48.4232601436229],[-89.2229533646872,48.4232505532272],[-89.2229429783166,48.4232442480043],[-89.2229323419389,48.423237138753],[-89.2229180244501,48.4232290947456],[-89.2229057226551,48.4232218917172],[-89.222889919445,48.4232135039316],[-89.22287165707,48.4232113376356],[-89.2228559467324,48.42321468416],[-89.2228418981558,48.4232227194621],[-89.2228292151122,48.4232312871054],[-89.2228216004043,48.4232392781373],[-89.2228119383063,48.423250442505],[-89.222805213698,48.4232583551516],[-89.2227885148303,48.4232648230485],[-89.2227756188201,48.4232685092547],[-89.2227557491905,48.4232716113441],[-89.2227414479862,48.4232737942581],[-89.2227269527566,48.4232743802961],[-89.2227126118423,48.4232735147808],[-89.2226946163579,48.4232706496051],[-89.2226771886297,48.4232711933375],[-89.2226580647988,48.4232715907975],[-89.2226406978445,48.423268848427],[-89.2226253442502,48.423264259584],[-89.2226119848595,48.4232576329965],[-89.2225982909362,48.423253346778],[-89.2225848940408,48.4232479985322],[-89.2225747524242,48.4232376964339],[-89.2225704124229,48.4232225550296],[-89.2225738924791,48.4232108542406],[-89.2225789268122,48.4231992403815],[-89.2225878034432,48.4231904593077],[-89.2225971387671,48.4231804178415],[-89.2226078325712,48.4231708710676],[-89.2226150149262,48.423163194314],[-89.2226278352831,48.4231540554099],[-89.2226369453446,48.4231471862512],[-89.2226547304552,48.4231412012348],[-89.22266835848,48.4231366020631],[-89.2226820652395,48.4231331881153],[-89.2226951587211,48.4231296600551],[-89.222715175256,48.4231261772492],[-89.2227312668304,48.4231228629646],[-89.2227485758694,48.4231205292506],[-89.2227647061729,48.4231181958208],[-89.2227779438298,48.4231151841104],[-89.2227955977716,48.4231111198364],[-89.2228081734239,48.4231069080772],[-89.2228233042399,48.423101371114],[-89.2228361479867,48.4230934202809],[-89.2228403561388,48.423082948842],[-89.2228414674122,48.4230703401083],[-89.222846859822,48.42305971622],[-89.2228481397606,48.4230503540601],[-89.2228545351167,48.4230404413706],[-89.2228603816879,48.4230313661411],[-89.2228686342904,48.4230216065],[-89.22287815839,48.423010905457],[-89.2228927678848,48.4230003292615],[-89.2229055121321,48.4229940646425],[-89.222919368834,48.4229893791454],[-89.2229367899577,48.4229825202816],[-89.2229511599957,48.4229791285715],[-89.2229659040536,48.4229744259183],[-89.2229768102209,48.4229638313153],[-89.2229755879207,48.4229524841209],[-89.2229739907028,48.4229434807779],[-89.2229696532318,48.4229305373851],[-89.2229657878999,48.4229191207101],[-89.2229604664368,48.4229104862594],[-89.2229546046677,48.4229018919425],[-89.2229490758353,48.4228907350506],[-89.2229431178497,48.4228822280672],[-89.2229374519637,48.4228715857714],[-89.2229323463854,48.4228630659116],[-89.2229255869015,48.4228481161386],[-89.2229203281851,48.4228391844614],[-89.2229146872921,48.4228303852332],[-89.2229096819095,48.4228191732358],[-89.2229041967163,48.4228096359164],[-89.22289746599,48.4227988153579],[-89.2228894214297,48.4227904134798],[-89.2228818504538,48.4227820222424],[-89.2228752155041,48.4227718476389],[-89.2228687804551,48.422763776345],[-89.2228627710186,48.4227527259085],[-89.2228572655502,48.4227443037472],[-89.2228518698373,48.422735887562],[-89.2228465135924,48.422724967558],[-89.2228410079494,48.4227162313926],[-89.2228361012909,48.4227050507741],[-89.2228319332162,48.4226959891468],[-89.2228272154284,48.4226873097329],[-89.2228208337639,48.4226767433461],[-89.2228132506234,48.4226686303566],[-89.2228061158377,48.4226584933007],[-89.2227987982025,48.4226500521751],[-89.2227910570926,48.4226415094657],[-89.222784431021,48.4226315065342],[-89.2227746357379,48.4226201243789],[-89.2227681314758,48.4226089782316],[-89.222760985782,48.4226001091068],[-89.222755430501,48.4225886540053],[-89.2227515004539,48.4225790677296],[-89.2227440057676,48.4225650489815],[-89.222733809714,48.4225540542549],[-89.2227248419628,48.4225456522119],[-89.2227126104091,48.4225351277926],[-89.2227041360638,48.4225255483599],[-89.2226943435302,48.4225185667362],[-89.222684450012,48.4225115321795],[-89.2226776995102,48.4225021155728],[-89.2226663991203,48.4224937244141],[-89.2226543590878,48.4224891705111],[-89.2226377113095,48.4224818984854],[-89.2226272440166,48.4224752519998],[-89.2226160683819,48.4224700614729],[-89.2225988549301,48.4224640141122],[-89.2225860402228,48.4224597360947],[-89.2225741280723,48.4224528143154],[-89.2225634084814,48.4224472631753],[-89.2225530015867,48.4224413811882],[-89.2225424640633,48.4224322563893],[-89.2225322118896,48.42242499392],[-89.2225217390418,48.4224160811061],[-89.2225104542065,48.4224083554335],[-89.2224992061937,48.42240119498],[-89.2224887264632,48.4223930848575],[-89.2224780119098,48.4223867499451],[-89.2224672912665,48.4223786327793],[-89.2224572725785,48.4223717022916],[-89.2224477153775,48.422364257236],[-89.2224367924071,48.4223547241991],[-89.2224255922635,48.4223473900648],[-89.222415895044,48.4223380051897],[-89.222407044838,48.4223300336221],[-89.2223983078203,48.4223221777315],[-89.2223896246255,48.4223127354717],[-89.2223806041263,48.4223055391629],[-89.2223708891437,48.4222972343063],[-89.2223590472449,48.4222913638344],[-89.2223475483324,48.4222849891819],[-89.2223374676526,48.4222766365048],[-89.2223273580724,48.4222704725347],[-89.2223172477867,48.422261874801],[-89.2223068724941,48.4222557240608],[-89.2222922768646,48.4222459119772],[-89.2222756351953,48.4222384670327],[-89.2222621974383,48.4222294783218],[-89.2222466118193,48.4222216998616],[-89.2222355818656,48.4222136795237],[-89.2222247176323,48.4222075373233],[-89.2222136394832,48.4222005813982],[-89.2222011283339,48.4221963496575],[-89.2221840399749,48.4221898508515],[-89.2221667744643,48.4221844351448],[-89.2221537206285,48.4221798476928],[-89.2221400024128,48.4221768566047],[-89.2221254977997,48.4221743377726],[-89.2221124010991,48.4221712779902],[-89.2220926708857,48.4221679900726],[-89.2220777511229,48.4221653433956],[-89.2220617722932,48.4221634567578],[-89.222046116573,48.4221612300746],[-89.2220322153702,48.422159870125],[-89.2220140746796,48.4221592137935],[-89.2219991431657,48.4221596453181],[-89.2219768191611,48.4221629647411],[-89.2219562717488,48.422164154361],[-89.221945805946,48.4221726970686],[-89.2219492669087,48.4221832479498],[-89.2219507822066,48.4221947793385],[-89.2219495627188,48.4222114830379],[-89.2219470577925,48.4222203767002],[-89.2219435929665,48.4222342266382],[-89.2219426444413,48.4222455815916],[-89.2219427771004,48.4222564046099],[-89.2219423721741,48.4222685390267],[-89.2219412668158,48.4222788083336],[-89.2219399601892,48.4222913128653],[-89.2219393471123,48.4223011227957],[-89.2219384185212,48.4223133069172],[-89.2219368748679,48.4223240957394],[-89.2219351972682,48.4223352227493],[-89.2219333777944,48.4223483661013],[-89.2219315715882,48.4223584348112],[-89.2219297514673,48.4223709123736],[-89.2219284702082,48.4223817977962],[-89.22192811307,48.4223934472335],[-89.2219282842702,48.4224069830999],[-89.2219284386297,48.4224170328285],[-89.22192776971,48.422429623111],[-89.221927532092,48.4224406035374],[-89.2219284822302,48.4224518219405],[-89.2219296535371,48.4224650433739],[-89.2219296541154,48.4224746354102],[-89.2219291606043,48.4224862883816],[-89.2219286774203,48.4225018360952],[-89.2219278291865,48.4225162041139],[-89.221926712809,48.4225296307943],[-89.2219249810263,48.4225395154203],[-89.2219181274422,48.4225512912591],[-89.2219123397398,48.4225615331564],[-89.2219029545655,48.422572818961],[-89.2218958141653,48.4225811174751],[-89.2218822027534,48.4225908078206],[-89.2218724444969,48.4225982499753],[-89.2218624486069,48.4226043345248],[-89.2218518035285,48.4226106592467],[-89.2218401700977,48.4226179090911],[-89.2218289810663,48.4226235704193],[-89.2218189249745,48.4226310336182],[-89.2218035766846,48.4226399216553],[-89.2217934250802,48.4226473336129],[-89.2217789891559,48.4226551351399],[-89.2217680303023,48.4226629135847],[-89.2217557769598,48.4226692774624],[-89.2217437633385,48.4226752489234],[-89.2217313037659,48.4226825255119],[-89.2217185351887,48.4226876136207],[-89.2217066428303,48.4226944752699],[-89.22169403785,48.4226999363039],[-89.2216806081215,48.4227049903936],[-89.2216676755351,48.4227107195751],[-89.2216541521292,48.4227152374312],[-89.2216412566557,48.4227210738606],[-89.2216292470867,48.4227253096475],[-89.221616382552,48.4227288484597],[-89.2216023749445,48.4227337013655],[-89.2215888466735,48.4227374878254],[-89.2215752799177,48.4227416628117],[-89.2215570929033,48.4227470795957],[-89.2215408226298,48.422753053178],[-89.2215235799,48.4227566891419],[-89.2215065248375,48.4227617151638],[-89.2214898026323,48.4227647643403],[-89.2214727354159,48.4227652019568],[-89.2214537555213,48.4227645869375],[-89.2214358609333,48.4227609296517],[-89.2214217002,48.4227526898884],[-89.2214113759618,48.4227412917423],[-89.221407823705,48.4227305365707],[-89.2214100958987,48.4227181312624],[-89.2214150739174,48.4227080111979],[-89.2214243620221,48.4226984026104],[-89.2214378874369,48.422690178745],[-89.2214516207147,48.4226837152384],[-89.2214665945105,48.4226776767364],[-89.2214812790687,48.4226731274777],[-89.2214968309157,48.4226692479614],[-89.22151389617,48.4226650764896],[-89.2215302941569,48.422659800436],[-89.2215417079663,48.4226549841428],[-89.2215589320824,48.4226497749035],[-89.2215762391995,48.4226439891295],[-89.2215948166288,48.422639435742],[-89.2216120468342,48.4226337153291],[-89.2216287374235,48.4226274618985],[-89.2216440317722,48.4226226066277],[-89.2216595873771,48.422616674727],[-89.2216752683364,48.4226108276768],[-89.2216897047743,48.4226030378493],[-89.2217054178028,48.4225960043282],[-89.2217194901654,48.4225895684291],[-89.2217342657397,48.4225815273177],[-89.2217484043741,48.4225740383476],[-89.2217606734941,48.4225655876863],[-89.2217732228056,48.4225569597622],[-89.2217861750667,48.4225490168468],[-89.2217984933098,48.4225385309374],[-89.2218006568176,48.4225214653067],[-89.2218010491693,48.4225050736],[-89.2218022407014,48.4224936797642],[-89.2218034028164,48.4224837503612],[-89.2218061091587,48.4224713528527],[-89.2218085351259,48.4224597795167],[-89.2218103152481,48.4224500730054],[-89.2218113965381,48.4224397780728],[-89.2218121101469,48.4224266929748],[-89.2218123881242,48.4224173195908],[-89.2218130110622,48.4224048831519],[-89.2218141040828,48.42239436126],[-89.2218154784158,48.4223840597667],[-89.2218172522631,48.4223714193489],[-89.22181883178,48.4223623204329],[-89.2218204812299,48.4223499892268],[-89.2218220690903,48.4223392526366],[-89.2218239373644,48.4223287778499],[-89.2218251688984,48.4223166895471],[-89.2218256553542,48.4223034171938],[-89.2218270213777,48.4222919642031],[-89.2218312984193,48.4222793492067],[-89.2218338412166,48.4222682234792],[-89.2218354756917,48.4222573780202],[-89.2218365040322,48.4222412808356],[-89.2218375344634,48.422232082759],[-89.2218384624496,48.42222090725],[-89.221836604863,48.4221992622815],[-89.2218361524845,48.4221950566736],[-89.221832237802,48.4221825009527],[-89.2218220008361,48.4221721736379],[-89.2218094703079,48.4221672485353],[-89.2217913904481,48.4221661582221],[-89.2217736646382,48.4221663674783],[-89.2217596228045,48.4221654402845],[-89.2217440423104,48.4221616213801],[-89.2217306224937,48.4221550876308],[-89.2217180709797,48.4221466116795],[-89.2217056211596,48.42213854584],[-89.2216930286647,48.4221293158021],[-89.2216833117698,48.4221195065719],[-89.2216741220377,48.4221102548892],[-89.2216664964591,48.4220996431873],[-89.2216622620053,48.4220896731705],[-89.2216627710788,48.4220802359403],[-89.2216629753851,48.4220700713151],[-89.2216651766583,48.4220570024677],[-89.2216672604249,48.4220468501236],[-89.2216722468836,48.4220359651109],[-89.2216822759536,48.4220241639357],[-89.221691027309,48.4220168510135],[-89.2217013028567,48.4220081608491],[-89.2217122505932,48.4220013084488],[-89.2217201033998,48.4219908107336],[-89.2217404081851,48.4219830658929],[-89.2217543934243,48.4219779839691],[-89.2217662369253,48.42197279586],[-89.2217690051476,48.4219639879883],[-89.2217745160044,48.4219527608397],[-89.2217882868875,48.4219418329918],[-89.2217890412628,48.4219275126724],[-89.2217846675753,48.4219186898093],[-89.2217795323584,48.4219072823295],[-89.2217704931449,48.4218946618473],[-89.2217606680751,48.4218866181888],[-89.2217498567299,48.4218774077341],[-89.2217381991543,48.4218697773601],[-89.2217252257163,48.421860582576],[-89.2217096976732,48.421852631982],[-89.2216940463508,48.4218467522523],[-89.2216782028562,48.4218405262367],[-89.2216610518423,48.421835376363],[-89.2216449610312,48.4218305155156],[-89.2216278368257,48.4218247092141],[-89.2216111548911,48.4218206758376],[-89.2215979343036,48.4218178721144],[-89.2215787718949,48.4218152020545],[-89.2215591515982,48.4218126020175],[-89.2215453550225,48.4218111590125],[-89.2215320050288,48.4218093555846],[-89.221518247867,48.4218085065383],[-89.2215023686464,48.4218082815046],[-89.221483537319,48.4218079965229],[-89.2214672281944,48.4218081423801],[-89.2214504914504,48.421808959597],[-89.2214327717327,48.4218112281712],[-89.2214178183272,48.4218148450966],[-89.2214022184386,48.4218194462173],[-89.221387203721,48.4218250986181],[-89.2213697563811,48.4218347937121],[-89.2213515894284,48.4218447258354],[-89.2213362688831,48.4218526964485],[-89.2213243117828,48.421861852728],[-89.2213152602035,48.4218693801586],[-89.2213045643516,48.4218782592522],[-89.2213002672662,48.4218870678484],[-89.2213013329822,48.4218971890504],[-89.2213094822852,48.4219123442075],[-89.2213160625622,48.4219206854023],[-89.2213237845327,48.4219315570878],[-89.2213323695919,48.4219421961677],[-89.2213406159698,48.4219499653434],[-89.221349698704,48.4219589042128],[-89.2213605605163,48.4219668550044],[-89.2213765291792,48.4219774405493],[-89.221389207544,48.4219898828075],[-89.2213996909487,48.4220012149008],[-89.2214111273914,48.4220132303772],[-89.2214172656975,48.4220256648879],[-89.2214164353781,48.4220397959277],[-89.221413715312,48.4220525005015],[-89.2214093775372,48.42206335228],[-89.2214006973741,48.4220741907567],[-89.2213893903954,48.4220814549449],[-89.2213727999806,48.422090312932],[-89.2213576815403,48.4220973088327],[-89.2213469466355,48.4221031844775],[-89.2213335679694,48.422109748192],[-89.2213129490883,48.4221133602573],[-89.2212965223459,48.422112732792],[-89.2212961654056,48.4221125759343],[-89.2212784251502,48.4221111820701],[-89.2212596733419,48.4221061809176],[-89.2212465913988,48.4221037991499],[-89.2212321615516,48.422101505494],[-89.2212156106515,48.4220994561385],[-89.2211971073056,48.4220980149173],[-89.2211790885239,48.4220967433819],[-89.2211601104061,48.4220961012887],[-89.2211455520152,48.4220964094313],[-89.2211250710882,48.422099217137],[-89.2211100048453,48.4221036900469],[-89.2210967594266,48.4221111715869],[-89.2210891588293,48.4221228070485],[-89.2210896986561,48.4221358427437],[-89.2210895524013,48.422144860887],[-89.2210896631261,48.4221579138661],[-89.2210902147262,48.422168800773],[-89.2210918895411,48.4221804919433],[-89.221092946546,48.4221895147416],[-89.2210952371114,48.4221999505907],[-89.2210973704664,48.4222091676391],[-89.2210992785804,48.4222197296384],[-89.2210985843209,48.4222289832974],[-89.2210951972485,48.4222424205297],[-89.2210901050065,48.422253331852],[-89.221085573244,48.422263208455],[-89.221079077818,48.4222729709239],[-89.2210720787167,48.422283892977],[-89.2210639097465,48.4222934367377],[-89.2210530794858,48.4223023363971],[-89.2210439725112,48.4223098360836],[-89.2210329891876,48.4223171470703],[-89.221023201469,48.4223273572986],[-89.2210140932763,48.4223388608153],[-89.2210077415654,48.4223482615114],[-89.2210016498695,48.4223594719465],[-89.2209956492521,48.422369763795],[-89.2209914327332,48.4223793994763],[-89.2209835941581,48.4223902594577],[-89.2209780625541,48.4223991548611],[-89.2209714461536,48.4224102053771],[-89.2209677875756,48.4224189962316],[-89.2209620509592,48.4224297319467],[-89.2209579523704,48.422439034248],[-89.2209517694589,48.4224502923278],[-89.2209478781949,48.4224590480865],[-89.2209425153453,48.422469427487],[-89.2209372688574,48.422481701276],[-89.2209329993419,48.4224951456457],[-89.2209283350322,48.4225065723411],[-89.2209254947876,48.4225155615283],[-89.2209224289002,48.4225258245949],[-89.2209209621996,48.4225374225751],[-89.2209206484301,48.4225482425171],[-89.2209200774645,48.4225577826077],[-89.2209189253481,48.4225685656538],[-89.2209175333991,48.422577598853],[-89.2209166088076,48.422589260143],[-89.2209205746616,48.4225992416709],[-89.2209249608106,48.4226080733224],[-89.2209300484313,48.4226191047699],[-89.2209345798162,48.4226327570816],[-89.220937461214,48.42264400208],[-89.2209403636519,48.4226541480989],[-89.2209437337219,48.4226638271239],[-89.2209487091894,48.4226752935075],[-89.2209540093777,48.4226852780594],[-89.2209626885164,48.422697112893],[-89.2209666622769,48.4227085779251],[-89.2209672939039,48.422718075899],[-89.2209694181431,48.4227273938951],[-89.2209727645628,48.4227371813438],[-89.2209766954652,48.4227482522206],[-89.2209806227401,48.4227596119814],[-89.2209824439911,48.4227713444115],[-89.2209821322247,48.4227849390891],[-89.2209807742775,48.4227953104339],[-89.2209758934631,48.4228092443667],[-89.2209585585454,48.4228181166684],[-89.2209456852274,48.4228211454266],[-89.220930706573,48.4228217405734],[-89.2209169938387,48.4228200250538],[-89.2209019073294,48.4228144861051],[-89.2208914360212,48.4228084261654],[-89.2208796961884,48.4228004922841],[-89.2208697631175,48.4227896614657],[-89.2208611539631,48.4227789049527],[-89.2208562457411,48.4227695084509],[-89.220849016095,48.4227593263209],[-89.2208426332949,48.422747546109],[-89.2208377993139,48.4227330916772],[-89.2208334027028,48.4227217868605],[-89.2208295500109,48.4227106487882],[-89.220825203245,48.4227005495496],[-89.2208214686516,48.4226884302879],[-89.2208152558214,48.4226742535046],[-89.2208080850092,48.4226616679506],[-89.2208036242241,48.4226508133381],[-89.2207972114283,48.4226392127496],[-89.2207939845103,48.4226294058935],[-89.2207896814682,48.4226165877179],[-89.2207870036983,48.422605392768],[-89.2207852425577,48.422595968787],[-89.2207839498608,48.422582498662],[-89.2207838695401,48.4225719094635],[-89.2207869838147,48.4225602436835],[-89.2207936142262,48.4225501646189],[-89.2207959700752,48.4225406989327],[-89.2207976943325,48.4225293650011],[-89.2207995391101,48.4225202690759],[-89.2208036445775,48.4225080533145],[-89.220806859384,48.4224971125764],[-89.2208100935303,48.4224872979296],[-89.2208146119624,48.4224743535081],[-89.2208204238749,48.4224619329474],[-89.2208234319179,48.4224505904218],[-89.2208283083079,48.4224384776385],[-89.2208317510298,48.4224281452164],[-89.2208360498629,48.422416644606],[-89.2208397720464,48.4224074827377],[-89.2208466217845,48.4223949620597],[-89.2208511712938,48.4223849330691],[-89.220858338889,48.4223728822112],[-89.2208626380117,48.4223641797617],[-89.2208655255657,48.4223529574263],[-89.2208678019323,48.4223406141294],[-89.2208729810357,48.4223279727541],[-89.2208781735591,48.4223193610208],[-89.220884091408,48.4223078210483],[-89.2208906696151,48.4222964833603],[-89.2208978749656,48.4222885246532],[-89.2209070951494,48.4222782876058],[-89.2209185749162,48.4222703021428],[-89.220936381318,48.4222604661252],[-89.2209522362801,48.422249866126],[-89.2209627721885,48.4222388649869],[-89.22096993506,48.4222273270602],[-89.220971750512,48.4222156674606],[-89.220971633512,48.4222020666657],[-89.2209721231325,48.4221894510603],[-89.2209727763604,48.4221775187913],[-89.2209729996716,48.4221643136052],[-89.2209732713619,48.4221529006516],[-89.2209735438345,48.422142963244],[-89.2209736777147,48.4221318309688],[-89.2209732480712,48.4221200509713],[-89.220970047535,48.4221095778079],[-89.2209615868449,48.4220981625299],[-89.220949872728,48.4220896055442],[-89.2209402917448,48.4220807401458],[-89.2209316836438,48.4220721141834],[-89.2209188676989,48.4220605760638],[-89.2209105796361,48.4220456466927],[-89.2209066480944,48.4220364202765],[-89.220903565302,48.4220261049901],[-89.2209047201795,48.4220160056865],[-89.2209095370011,48.4220052877345],[-89.2209084470635,48.4219960667295],[-89.2209171690211,48.421985967963],[-89.2209309684625,48.4219765593153],[-89.2209460764065,48.4219647321103],[-89.2209561434896,48.4219584825137],[-89.2209680402662,48.4219516307529],[-89.2209804831198,48.4219458949109],[-89.2209944104962,48.4219395149835],[-89.2210087245205,48.4219332913393],[-89.2210229071579,48.4219289533705],[-89.2210362209471,48.4219227931251],[-89.2210494897328,48.4219161586884],[-89.2210626926455,48.421908013072],[-89.2210755271729,48.4219003784183],[-89.2210877396336,48.4218945984281],[-89.2210998964639,48.42188791438],[-89.2211154098597,48.4218794362243],[-89.2211332301639,48.4218696439934],[-89.2211506089002,48.4218595831696],[-89.2211656320075,48.4218510523938],[-89.2211728390695,48.4218402513806],[-89.221171664191,48.4218272531418],[-89.2211720923476,48.421815306323],[-89.2211677776491,48.4218031514879],[-89.2211509804675,48.4218023961963],[-89.22113223568,48.4218012124525],[-89.2211125522279,48.4218005740761],[-89.2210948486654,48.4218009807397],[-89.2210773219002,48.4218020012028],[-89.2210599770085,48.4218047753285],[-89.2210444164982,48.4218100324449],[-89.2210300027179,48.4218170677794],[-89.2210141925753,48.4218243199204],[-89.221000069841,48.4218320784141],[-89.2209858964225,48.4218387672031],[-89.2209712939662,48.4218461570693],[-89.2209579218481,48.4218525604617],[-89.2209430046594,48.4218570403689],[-89.2209270611117,48.421862162708],[-89.2209095167832,48.4218652618665],[-89.2208930053446,48.4218645190141],[-89.2208791295068,48.4218596755714],[-89.2208660258458,48.4218527307371],[-89.2208550459408,48.4218430295005],[-89.2208466872667,48.4218333019416],[-89.2208401878284,48.4218241152101],[-89.2208318434274,48.4218137845538],[-89.2208259215586,48.4218023112458],[-89.2208212631082,48.4217912616088],[-89.2208104239706,48.4217785246518],[-89.2208003045837,48.421772160097],[-89.2207879059793,48.421764922723],[-89.2207723099836,48.4217578901424],[-89.2207562086799,48.421752227712],[-89.2207369826089,48.4217542985317],[-89.2207225076073,48.4217571692484],[-89.2207069664449,48.4217615990914],[-89.2206916615111,48.4217658354273],[-89.2206758728223,48.4217717815957],[-89.2206630504642,48.4217783623832],[-89.220647618137,48.4217880814431],[-89.2206345766135,48.421796240091],[-89.2206250855029,48.4218042609089],[-89.2206149996939,48.4218135240419],[-89.2206070359332,48.4218227830923],[-89.2205981581677,48.4218352628364],[-89.2205887229408,48.4218443181642],[-89.2205811130115,48.4218517709165],[-89.2205689696644,48.4218596962798],[-89.220554903892,48.4218681743044],[-89.2205386627363,48.4218732924382],[-89.2205210594591,48.421875690884],[-89.2205032413434,48.4218744000734],[-89.2204860204001,48.4218707449307],[-89.2204734584529,48.4218662728549],[-89.2204620368811,48.4218588735259],[-89.2204526021082,48.4218480249532],[-89.2204455445368,48.4218371025944],[-89.2204421665975,48.4218274875871],[-89.220439734595,48.421817338771],[-89.2204325934434,48.4218048084037],[-89.2204201152845,48.4217923630753],[-89.2204047737622,48.4217822043606],[-89.2203914889846,48.4217793837435],[-89.2203723538763,48.4217789514899],[-89.2203536429525,48.421781336204],[-89.220340558378,48.4217872670122],[-89.2203288190001,48.4217961499645],[-89.2203212700315,48.4218058400568],[-89.2203146797846,48.4218159723039],[-89.2203126700584,48.4218253791148],[-89.2203168030454,48.421838983359],[-89.2203236719885,48.421848927759],[-89.2203317171944,48.4218603978905],[-89.2203409499015,48.4218697739129],[-89.2203516329442,48.4218797994344],[-89.2203616670949,48.421889141089],[-89.2203720523098,48.4218963642933],[-89.2203857386017,48.4219049552429],[-89.2203974981379,48.4219123552528],[-89.2204099432887,48.4219215918753],[-89.2204219321585,48.421926127206],[-89.2204348628664,48.4219297554171],[-89.2204495717819,48.4219369662212],[-89.2204623182562,48.4219443696642],[-89.2204770318023,48.4219516865438],[-89.220489200609,48.4219595132138],[-89.220498241486,48.4219678051507],[-89.2205051781022,48.4219774711157],[-89.2205127557765,48.4219918905864],[-89.2205139665523,48.4220063367071],[-89.2205061835052,48.422021294765],[-89.2204989523331,48.4220293439195],[-89.2204904080514,48.4220399547702],[-89.2204775338358,48.4220487597763],[-89.2204638499662,48.4220539364959],[-89.2204487600465,48.4220576189113],[-89.2204338292587,48.4220605172848],[-89.2204182272844,48.4220651363061],[-89.2204061770606,48.4220705163105],[-89.2203907849913,48.4220771916628],[-89.2203795142663,48.4220849499041],[-89.2203675342224,48.4220944844133],[-89.2203592127229,48.4221039734856],[-89.2203523690538,48.4221131299183],[-89.2203493344125,48.4221220337708],[-89.2203505298011,48.4221357864961],[-89.2203531137504,48.4221485847913],[-89.2203601625931,48.42216076425],[-89.2203684173042,48.4221708987303],[-89.2203772076259,48.422182498431],[-89.2203832000254,48.4221918380339],[-89.2203900189704,48.4222028360818],[-89.2203971895278,48.4222145201351],[-89.2204057731519,48.4222216242625],[-89.220418380948,48.4222295972189],[-89.220427992334,48.422237300519],[-89.2204407151552,48.4222507047361],[-89.2204479907547,48.4222586258771],[-89.2204554485273,48.4222683699573],[-89.2204621511891,48.4222766989404],[-89.2204729069478,48.422287522009],[-89.2204849514458,48.4222921840213],[-89.2204991821385,48.4222973517623],[-89.2205137250832,48.4223013096311],[-89.2205284153674,48.4223034372971],[-89.2205437153473,48.4223055351955],[-89.2205584877273,48.4223082748901],[-89.2205717157071,48.4223103471078],[-89.2205855368204,48.4223153904852],[-89.2205950137372,48.4223244117762],[-89.2206033019031,48.4223390343585],[-89.2206019144979,48.4223509646044],[-89.2205895880054,48.4223621343408],[-89.2205755696134,48.4223745252876],[-89.2205605885662,48.4223828482341],[-89.2205544148725,48.4223847659929],[-89.2205352028822,48.422388096131],[-89.2205195800669,48.4223894162494],[-89.2205025499591,48.4223885933807],[-89.2204839320296,48.4223863238036],[-89.2204643154702,48.4223828516664],[-89.2204512843117,48.4223800540512],[-89.2204331179267,48.4223744665329],[-89.2204206067587,48.4223709453877],[-89.2204036340198,48.4223642110551],[-89.2203877421039,48.4223571841353],[-89.2203743725801,48.4223488237004],[-89.2203615241687,48.4223399205624],[-89.2203488259717,48.422330214661],[-89.2203347982951,48.4223172971866],[-89.2203245710715,48.4223068768792],[-89.2203152945156,48.4222974270244],[-89.2203050852058,48.4222868282225],[-89.2202979094231,48.4222762959218],[-89.2202891162702,48.4222656859755],[-89.2202836190508,48.422255797869],[-89.2202777677384,48.4222474623379],[-89.2202728960183,48.422236200861],[-89.2202688925901,48.4222265322434],[-89.2202645773812,48.422212779461],[-89.2202588824284,48.4222018586786],[-89.2202523814271,48.4221929139729],[-89.2202404583374,48.422182940272],[-89.2202340990815,48.422172564054],[-89.2202282235296,48.4221640130525],[-89.2202212651827,48.4221507764528],[-89.2202160135205,48.4221406289786],[-89.2202102154747,48.4221282724116],[-89.2202040624348,48.4221182853941],[-89.2201877715548,48.4221107551003],[-89.2201697882246,48.4221072873755],[-89.2201527723387,48.4221026934025],[-89.220136368159,48.4220978365938],[-89.2201188241186,48.4220926616867],[-89.2201022386135,48.4220870247064],[-89.2200866776589,48.4220823477558],[-89.2200715958186,48.4220820900376],[-89.2200563308916,48.422075799547],[-89.2200413783518,48.4220714356498],[-89.2200253948407,48.4220657159598],[-89.220016531976,48.4220587161647],[-89.2200187323054,48.4220486875644],[-89.2200140539539,48.4220324927105],[-89.2200150962608,48.4220223497031],[-89.2200154405191,48.4220112943449],[-89.220017839016,48.4219974992388],[-89.2200226295027,48.4219830389464],[-89.2200272459481,48.4219692379179],[-89.22003301944,48.4219587246711],[-89.2200454317491,48.421950082485],[-89.2200604740615,48.4219425771789],[-89.2200708651546,48.4219341440538],[-89.2200752798278,48.4219218863601],[-89.2200827538139,48.4219113114953],[-89.2200917028141,48.4218989122924],[-89.2200982460204,48.4218887539745],[-89.2201017966067,48.4218799328417],[-89.2201052828254,48.4218690138756],[-89.2201075113598,48.421860036516],[-89.2201105407873,48.421849523149],[-89.2201105275758,48.4218389506488],[-89.2201020029563,48.4218291650576],[-89.2200889916686,48.4218208939461],[-89.2200807267379,48.4218117322537],[-89.2200754960185,48.421801226275],[-89.2200728436134,48.4217921910758],[-89.2200636015179,48.4217829393763],[-89.2200492413978,48.4217769994104],[-89.2200319662519,48.4217701439982],[-89.220019143002,48.4217659090477],[-89.2200059479574,48.4217612071131],[-89.219988345633,48.4217567701922],[-89.2199704991401,48.4217530271764],[-89.2199511278207,48.4217523852757],[-89.2199384671425,48.4217596385603],[-89.2199280437826,48.4217679823232],[-89.2199125610713,48.4217746242719],[-89.2198995977456,48.421780577882],[-89.2198851548235,48.4217844033897],[-89.2198695839495,48.4217881840857],[-89.2198545737244,48.4217904990915],[-89.2198373751915,48.4217941519454],[-89.2198236345886,48.4218036115102],[-89.2198246909284,48.4218126244355],[-89.2198146643441,48.421821078395],[-89.2198032195357,48.4218289991923],[-89.219791160464,48.4218375895482],[-89.2197745882085,48.4218481411496],[-89.2197598317012,48.4218544811474],[-89.2197490026866,48.4218619230935],[-89.2197441093617,48.4218746137862],[-89.2197422308459,48.4218863834506],[-89.2197368217259,48.421896635926],[-89.2197309721579,48.4219047834302],[-89.2197174156663,48.4219134746563],[-89.2197027402767,48.4219163401141],[-89.2196864856828,48.4219183902991],[-89.2196730018772,48.4219241577864],[-89.2196898139954,48.421930220527],[-89.2197124519954,48.4219326807674],[-89.219727279279,48.4219335192741],[-89.2197411912026,48.4219342593795],[-89.2197584933075,48.421935123897],[-89.2197770407669,48.4219345392006],[-89.2197921888749,48.4219332472389],[-89.2198083226244,48.4219339462542],[-89.2198225024318,48.4219342574056],[-89.2198412063789,48.4219345343214],[-89.2198580916918,48.4219351711383],[-89.2198730648972,48.4219357287925],[-89.2198914380165,48.4219388372449],[-89.2199077453454,48.4219446064868],[-89.2199183377412,48.4219540732645],[-89.2199338135596,48.4219580383933],[-89.219948993082,48.4219657827164],[-89.219957643633,48.4219784900182],[-89.2199619773971,48.4219945637635],[-89.2199634654426,48.4220051077968],[-89.219962852427,48.422016448159],[-89.2199595407496,48.4220273718491],[-89.2199548477552,48.4220365308334],[-89.2199476279383,48.4220473868986],[-89.2199385662385,48.422054066867],[-89.2199247419896,48.42206163862],[-89.2199133943594,48.4220689673278],[-89.2198954477171,48.4220770766077],[-89.2198779129541,48.4220767681371],[-89.219858745832,48.4220764722751],[-89.2198445369903,48.4220758368849],[-89.2198283883114,48.4220746721013],[-89.2198100438707,48.4220721299166],[-89.2197915642977,48.4220686888052],[-89.2197760213559,48.4220672172113],[-89.2197610986572,48.422065678761],[-89.2197467756804,48.4220648746124],[-89.219726747731,48.4220656390316],[-89.2197100118797,48.4220661689627],[-89.2196944637803,48.4220651995079],[-89.2196748314055,48.4220648046264],[-89.2196597259462,48.4220646561776],[-89.219643313171,48.4220642243482],[-89.2196267263263,48.4220639857194],[-89.2196124766815,48.4220636237069],[-89.2195935163451,48.4220633579998],[-89.2195791372911,48.4220625387174],[-89.2195637271953,48.4220618823878],[-89.2195440890781,48.4220607039278],[-89.2195300994638,48.4220610359791],[-89.2195077165164,48.4220598394033],[-89.2194881279849,48.4220570062689],[-89.2194743294682,48.4220548981506],[-89.2194605612073,48.4220541363461],[-89.219442462829,48.4220550704188],[-89.2194230202112,48.4220593423429],[-89.2194091625178,48.4220611204028],[-89.2193949143796,48.4220605136071],[-89.2193755311298,48.4220580795724],[-89.2193553461686,48.4220557977639],[-89.219340591624,48.4220540850651],[-89.219325963871,48.4220537627036],[-89.2193104458313,48.4220534521206],[-89.2192962479419,48.4220527264782],[-89.2192817857062,48.422052169686],[-89.2192666757826,48.4220512358054],[-89.2192504831796,48.4220503345101],[-89.2192306291723,48.4220495371501],[-89.2192169822018,48.422049946227],[-89.2192032615579,48.4220511466888],[-89.2191854912621,48.4220537478927],[-89.2191718989802,48.4220542332861],[-89.2191584451779,48.4220529012458],[-89.2191402244058,48.4220507146616],[-89.219122852989,48.4220472970483],[-89.2191060624319,48.4220429082108],[-89.2190937669513,48.4220343721511],[-89.2190870598457,48.4220259352068],[-89.2190828523621,48.4220149586759],[-89.219082207299,48.4220051748364],[-89.2190839702471,48.4219922377614],[-89.2190843431323,48.421982766283],[-89.219086783522,48.4219723794747],[-89.2190896396617,48.4219613584312],[-89.2190914673589,48.421948977041],[-89.219099114943,48.4219389693219],[-89.2191134051066,48.4219309820001],[-89.2191313292599,48.4219235030888],[-89.2191440924991,48.4219198738363],[-89.2191604882602,48.4219161295076],[-89.2191773490975,48.4219125111629],[-89.2191869322247,48.4219049835431],[-89.2191664921415,48.421901590956],[-89.2191470982064,48.4219022620654],[-89.2191307413563,48.4219041063065],[-89.219116151882,48.4219064931735],[-89.2191028396328,48.4219103039648],[-89.2190858712528,48.4219148052114],[-89.2190701514926,48.4219176835405],[-89.2190555081158,48.4219144562105],[-89.2190380320277,48.4219088821462],[-89.2190225427433,48.4219030538114],[-89.2190098346521,48.4218949746697],[-89.2190005742889,48.4218862927686],[-89.2189981965929,48.4218742183481],[-89.2189981726315,48.4218649146786],[-89.2189972949499,48.4218519304801],[-89.2189974668061,48.4218397357917],[-89.2189988877369,48.421830181112],[-89.2189997889188,48.4218179723525],[-89.2190004447417,48.4218087896278],[-89.2190022377513,48.42179539401],[-89.2190042122116,48.4217845510309],[-89.2190065711815,48.4217728530854],[-89.2190101147466,48.4217623766149],[-89.2190163872111,48.4217515217915],[-89.2190295252506,48.4217400486517],[-89.2190421080928,48.4217318432531],[-89.2190541366969,48.4217250341343],[-89.2190679217857,48.4217193868691],[-89.2190748404299,48.4217103649261],[-89.2190606543361,48.421704258628],[-89.2190460616007,48.421701013225],[-89.2190296184706,48.4217033269775],[-89.219013119809,48.4217084318689],[-89.219003260151,48.421715506846],[-89.2189933133476,48.4217266646893],[-89.2189882126356,48.4217362111872],[-89.2189827575355,48.4217447280304],[-89.2189757023997,48.4217587488146],[-89.2189706187302,48.4217682832863],[-89.2189640678323,48.4217830501166],[-89.2189598780229,48.421792065292],[-89.2189559657091,48.4218064285208],[-89.2189570289597,48.4218197321434],[-89.2189584014789,48.4218344882654],[-89.2189590729009,48.4218436984677],[-89.2189615518608,48.4218580364612],[-89.2189670694499,48.4218692684374],[-89.2189729112851,48.4218786650018],[-89.2189804185953,48.4218880645235],[-89.218981658921,48.4218986052505],[-89.2189878806937,48.421906979586],[-89.2190007535203,48.4219176620762],[-89.2190116482424,48.4219287984055],[-89.2190199012016,48.4219398309484],[-89.2190237717559,48.4219495894465],[-89.2190254225425,48.4219626954882],[-89.2190314652679,48.4219716760963],[-89.2190319996092,48.4219808421567],[-89.2190259985716,48.4219889286658],[-89.2190215354867,48.4220006393151],[-89.2190163556351,48.422008989797],[-89.2190059220699,48.4220183764618],[-89.218991982984,48.4220257352816],[-89.2189794695112,48.4220301964493],[-89.218964936405,48.4220350582727],[-89.2189484515484,48.4220386513376],[-89.2189293834834,48.4220406297322],[-89.218910683548,48.4220410975688],[-89.218893074926,48.4220405825348],[-89.2188747010784,48.4220389467987],[-89.2188613129004,48.4220370106371],[-89.2188481296088,48.4220335400766],[-89.2188320747521,48.4220282894584],[-89.2188164794805,48.4220222004186],[-89.2188004975042,48.4220171022442],[-89.2187842927303,48.422014399854],[-89.2187669256778,48.4220147447832],[-89.218749145809,48.4220106071096],[-89.2187334030076,48.4220036130748],[-89.218717819667,48.4220030130581],[-89.2187018596396,48.4220068316931],[-89.2186852465168,48.4220046851032],[-89.2186673185062,48.4220030434328],[-89.2186539202617,48.4220014655347],[-89.2186353724906,48.4219982873755],[-89.2186182150962,48.4219963069286],[-89.2186027520553,48.4219911429332],[-89.2185902895165,48.4219840145245],[-89.2185813256511,48.4219759008998],[-89.2185750216457,48.4219651708303],[-89.2185721567412,48.4219518389765],[-89.2185717685231,48.4219404387597],[-89.2185717889218,48.4219303514678],[-89.2185726350447,48.4219209428414],[-89.2185744487828,48.4219098213543],[-89.2185765367241,48.4218997508635],[-89.2185812731296,48.4218890066704],[-89.2185900200011,48.4218793457712],[-89.2186006490523,48.4218713742511],[-89.2186128778117,48.4218623299819],[-89.2186210009776,48.4218539605308],[-89.2186275861283,48.4218437654994],[-89.2186419283356,48.4218378727088],[-89.2186542085286,48.421830537834],[-89.2186538233257,48.4218194866551],[-89.2186595215995,48.4218075812438],[-89.2186536960908,48.421793000991],[-89.2186407378717,48.4217819071322],[-89.2186205252271,48.4217806316298],[-89.2186052608186,48.4217795935744],[-89.2185970701819,48.4217659226844],[-89.2185940897854,48.4217542845553],[-89.2185735303417,48.4217481481826],[-89.2185569856935,48.4217444365189],[-89.218541831176,48.4217444319273],[-89.2185240495998,48.421744505899],[-89.2185101907881,48.4217435558841],[-89.2184953508356,48.4217423314799],[-89.2184786755745,48.4217408977472],[-89.2184627779262,48.4217396586508],[-89.2184489773159,48.4217381514714],[-89.2184331159875,48.4217361010115],[-89.2184155550337,48.4217342254898],[-89.2183975215696,48.4217320531702],[-89.218382880913,48.4217301591056],[-89.2183697211293,48.4217277848108],[-89.2183554044037,48.4217243270582],[-89.2183407661737,48.4217212156036],[-89.2183258136506,48.4217178087988],[-89.2183113343181,48.4217152422128],[-89.2182982437926,48.4217129682438],[-89.2182839192018,48.4217098885215],[-89.2182686118574,48.4217073046099],[-89.2182520509308,48.4217054538627],[-89.2182362913158,48.4217053979199],[-89.2182174127617,48.4217034056223],[-89.218204297056,48.4217008325174],[-89.2181901884077,48.4216981175091],[-89.2181751976187,48.4216956633394],[-89.2181603981607,48.4216935365793],[-89.2181475795888,48.421689995024],[-89.2181346915608,48.4216870315351],[-89.2181200144542,48.4216842995895],[-89.2181045775543,48.4216812233019],[-89.2180890599906,48.4216793371141],[-89.2180758274915,48.4216772170129],[-89.2180574311381,48.4216740979222],[-89.2180438447968,48.4216713017444],[-89.2180256605554,48.4216668757458],[-89.2180119058195,48.4216642789533],[-89.2179934924364,48.4216626006521],[-89.2179756457371,48.4216600287826],[-89.2179517622492,48.4216613090129],[-89.217937580969,48.4216603408548],[-89.2179190440242,48.421661227362],[-89.2179010435585,48.4216622033912],[-89.2178833200204,48.4216606287349],[-89.217869614068,48.4216590593786],[-89.2178551856087,48.4216546482029],[-89.2178405982918,48.4216492890716],[-89.2178268573078,48.4216450823708],[-89.2178103739314,48.4216430870073],[-89.2177965222198,48.4216372989093],[-89.2177794538832,48.4216327334892],[-89.217764190453,48.4216292318366],[-89.2177480582447,48.4216254284288],[-89.2177288551136,48.4216230275331],[-89.2177125370405,48.4216213825629],[-89.2176982533717,48.4216224407472],[-89.217680219184,48.4216289156558],[-89.2176639550021,48.421633851181],[-89.2176493664457,48.4216371285792],[-89.2176313367651,48.4216400422529],[-89.2176153031109,48.421641547146],[-89.2175979107023,48.4216413066622],[-89.2175808616525,48.421640600692],[-89.2175661290078,48.4216381756557],[-89.2175487173314,48.4216340756847],[-89.217534429399,48.421627891986],[-89.2175226347552,48.4216196430144],[-89.2175101749967,48.4216119826938],[-89.2175025681714,48.4216045446125],[-89.2174938225419,48.4215943582114],[-89.2174884284831,48.4215825398576],[-89.2174873877751,48.4215707392404],[-89.2174870131408,48.4215611364234],[-89.2174869609433,48.4215503388434],[-89.2174876614653,48.4215406550152],[-89.2174895195246,48.4215290558329],[-89.217490300223,48.4215192885832],[-89.2174914084614,48.4215078226221],[-89.2174936546893,48.4214988377755],[-89.2174970201435,48.4214867155772],[-89.21749965118,48.4214754532868],[-89.2175018251876,48.4214654612326],[-89.2175038772442,48.4214529774717],[-89.2175043572186,48.4214434751427],[-89.2175078599751,48.4214314330721],[-89.2175100434146,48.4214207570393],[-89.2175101268915,48.4214102195651],[-89.2175092512085,48.4213951290441],[-89.217510144666,48.4213827036104],[-89.2175105169231,48.4213732420466],[-89.2175107391374,48.4213634387781],[-89.2175109773637,48.4213542830082],[-89.2175114166252,48.4213426958845],[-89.2175117024922,48.4213302551733],[-89.2175114276606,48.4213180690998],[-89.2175111524371,48.4213045694248],[-89.2175106946143,48.4212915951151],[-89.2175116619932,48.4212787561785],[-89.2175122558005,48.4212687945905],[-89.217513237936,48.4212553318549],[-89.2175144187339,48.4212435765798],[-89.2175156084116,48.4212340443719],[-89.2175162596564,48.4212244397698],[-89.2175165240269,48.421212126335],[-89.2175158109441,48.4212004615584],[-89.2175163712868,48.4211875566914],[-89.2175169759469,48.4211765709986],[-89.2175165404415,48.421167526289],[-89.2175154632846,48.4211539871916],[-89.2175156641356,48.4211424505506],[-89.2175155616604,48.4211319886397],[-89.2175167841453,48.4211203216341],[-89.2175176691725,48.4211102185714],[-89.2175173769897,48.4211003982283],[-89.2175177630048,48.4210862829833],[-89.2175175800185,48.4210739709756],[-89.2175171978674,48.4210624248811],[-89.2175173616406,48.4210497256009],[-89.2175162339258,48.4210402740622],[-89.2175142216672,48.4210291642762],[-89.2175134617705,48.4210194366259],[-89.217513146257,48.4210063156146],[-89.2175134576343,48.4209963558726],[-89.2175132130377,48.4209845228104],[-89.2175120953943,48.420968158434],[-89.2175110061381,48.4209549623675],[-89.2175107098439,48.4209426246524],[-89.2175107950468,48.4209327169568],[-89.2175102595183,48.4209179257855],[-89.2175099960353,48.4209047578846],[-89.217510048099,48.4208929083058],[-89.2175098112941,48.4208830868947],[-89.2175094454245,48.4208738096109],[-89.2175090018542,48.4208629952828],[-89.2175082135946,48.4208494785065],[-89.2175076946121,48.4208378630711],[-89.217507060006,48.4208283120515],[-89.2175064930554,48.4208171474071],[-89.2175049521235,48.4208046609402],[-89.2175034650875,48.420793847836],[-89.2175013239157,48.4207806450583],[-89.2175012693258,48.4207687984353],[-89.2175021592177,48.4207563532751],[-89.2175026428361,48.4207473385297],[-89.2175025641914,48.4207374240958],[-89.2174992866127,48.4207251618549],[-89.2174983707159,48.4207137439155],[-89.2175000054814,48.4207031954253],[-89.2174995518918,48.4206924613664],[-89.2174998934521,48.4206825739203],[-89.2175036302342,48.4206714999469],[-89.2175051342503,48.420658847704],[-89.2175086315513,48.4206469919816],[-89.2175117583416,48.4206378354018],[-89.217510185576,48.420627754533],[-89.2175039596686,48.4206160142984],[-89.217498838434,48.4206042815567],[-89.2174966347835,48.4205934012926],[-89.2174969385712,48.4205820866994],[-89.2174963596864,48.420570958274],[-89.217494421879,48.4205609375272],[-89.2174898507694,48.4205484276064],[-89.2174874436586,48.4205374999802],[-89.2174898772744,48.4205269513834],[-89.2174929733881,48.4205152572503],[-89.217494509437,48.4205041798211],[-89.2174956825917,48.4204951067944],[-89.2174967512381,48.4204855580247],[-89.2174978966152,48.4204746041931],[-89.2174997758372,48.4204630882758],[-89.2175010048703,48.4204534356437],[-89.217505148283,48.4204434128148],[-89.2175079436426,48.4204343436009],[-89.2175077264902,48.4204174877024],[-89.217511692652,48.4204058145825],[-89.2175136161355,48.4203926135124],[-89.2175158930106,48.420380917179],[-89.2175176395185,48.4203707003343],[-89.2175197035163,48.4203581812512],[-89.2175196785659,48.4203467983179],[-89.2175175364925,48.4203336054541],[-89.2175175892371,48.4203245981158],[-89.217517801597,48.4203105303042],[-89.2175160191132,48.4202965306452],[-89.2175132433157,48.4202852997198],[-89.2175103925809,48.4202731543116],[-89.2175101754657,48.4202616419228],[-89.2175138753201,48.4202467070087],[-89.2175121675013,48.4202350443145],[-89.2175150637204,48.4202236959326],[-89.2175159495207,48.4202123062362],[-89.2175149919636,48.4202027884344],[-89.2175150420154,48.4201902712917],[-89.2175152111963,48.4201801811296],[-89.217512709315,48.4201683178094],[-89.2175117881484,48.4201574308129],[-89.2175127449902,48.4201483259668],[-89.2175142389505,48.4201363748082],[-89.2175143389551,48.4201231729056],[-89.217514253201,48.4201128465304],[-89.2175145295459,48.4201014604868],[-89.2175147717301,48.4200902523491],[-89.2175151548828,48.4200763818844],[-89.2175154094771,48.4200651483148],[-89.2175153254818,48.4200529675571],[-89.2175139622809,48.4200405577384],[-89.2175130594702,48.4200272968936],[-89.2175125410227,48.4200178677964],[-89.2175122776556,48.4200083986916],[-89.2175119116858,48.4199963232406],[-89.217511808214,48.4199855275464],[-89.2175118093758,48.4199762044964],[-89.2175120862001,48.4199664757505],[-89.2175124537095,48.4199540784492],[-89.2175127707453,48.4199414841798],[-89.2175126833891,48.4199311209462],[-89.217512360873,48.4199183977496],[-89.2175139554198,48.419905651987],[-89.2175149089872,48.4198940180557],[-89.2175122977462,48.4198815360281],[-89.2175081036095,48.4198687417212],[-89.2175067380432,48.4198577994114],[-89.2175076774705,48.4198477663768],[-89.2175079737011,48.4198371168302],[-89.2175078564707,48.4198269988997],[-89.2175053990664,48.4198137032468],[-89.217501182514,48.4198025990693],[-89.2175023552637,48.4197909699094],[-89.2175004294661,48.4197771862489],[-89.2174985541753,48.4197657436182],[-89.2174969475378,48.4197558775374],[-89.217494790864,48.419745734147],[-89.2174955337916,48.4197333287075],[-89.2174971053464,48.4197190916315],[-89.2174989776389,48.4197081624719],[-89.2175005391453,48.4196986023991],[-89.2175001408045,48.4196879572465],[-89.2174993582199,48.4196755020428],[-89.2174993367206,48.4196636079937],[-89.2174986509253,48.4196543710664],[-89.2174992678119,48.4196371122004],[-89.217499376215,48.4196253766989],[-89.2174994647703,48.4196155769046],[-89.2174988865767,48.4196029108215],[-89.2174970704294,48.4195913050983],[-89.2174958142872,48.4195810444749],[-89.2174956281393,48.4195730080542],[-89.231366801558,48.4196667783441],[-89.2321889622689,48.41884143688],[-89.2440063206537,48.4189332918035],[-89.2462275114302,48.417663459917],[-89.2517963600991,48.4176108758476],[-89.2522954833787,48.4175954610818],[-89.2537089314475,48.4174827671237],[-89.2537110322592,48.4175046597067],[-89.2537180704129,48.4175260902462],[-89.253729887693,48.4175465678871],[-89.2537462106576,48.4175656247253],[-89.2538908093795,48.4176554161406],[-89.2540279950635,48.4177502229268],[-89.2541573731625,48.4178497730253],[-89.254278575691,48.4179537839602],[-89.254391256896,48.4180619566244],[-89.2553496570851,48.4194347664833],[-89.2551256269478,48.4194968900607],[-89.254904392165,48.4195633041142],[-89.2546861367964,48.4196339537666],[-89.2544710459776,48.4197087778222],[-89.2543154727644,48.4197709677726],[-89.2541651157397,48.419838605742],[-89.2540204068766,48.4199114961399],[-89.2538817574215,48.4199894329863],[-89.2537495655997,48.4200721907636],[-89.2536242089498,48.4201595344631],[-89.2535060467864,48.4202512141383],[-89.2533954149169,48.420346967707],[-89.2532926323547,48.4204465199203],[-89.253197992103,48.4205495879403],[-89.253111765008,48.4206558767668],[-89.2530341971365,48.4207650810867],[-89.252965509974,48.4208768897694],[-89.2529031876754,48.4210188723031],[-89.2528467410947,48.4211112048031],[-89.2528128393697,48.4212039567231],[-89.2527857315785,48.4212976930272],[-89.2527654783291,48.4213921938978],[-89.2527521306574,48.4214872370041],[-89.2527457165617,48.421582598666],[-89.2527357950908,48.4240907798831],[-89.2527669864388,48.4262159262447],[-89.2513676811786,48.4266949569454],[-89.2510743280626,48.426805015774],[-89.2507785981167,48.426912221417],[-89.2504805539046,48.4270165510386],[-89.2499971083141,48.4271748704563],[-89.2496664148649,48.4272931734009],[-89.2493310331691,48.4274054812731],[-89.2491004313628,48.4274932954073],[-89.2488664298857,48.4275770313736],[-89.2486291911842,48.4276566319915],[-89.2484546913316,48.4277159393901],[-89.2482760004924,48.4277694333902],[-89.2476841178598,48.4279765524986],[-89.2470884095331,48.4281787578521],[-89.2464889662176,48.4283760188291],[-89.2458858826362,48.4285683038313],[-89.2456841434678,48.428625526952],[-89.2454792622903,48.4286775737104],[-89.2452715413373,48.4287243680107],[-89.24452240261,48.4288463503891],[-89.2440989058076,48.4289045690321],[-89.2436741761496,48.4289586677885],[-89.2432483050719,48.4290086331649],[-89.2419333811135,48.429108353679],[-89.2407849235247,48.4291746174792],[-89.2405355080274,48.4291833587188],[-89.2402858233635,48.4291874260486],[-89.2400360641139,48.4291868156776],[-89.2384070001249,48.4292062391119],[-89.2383472813292,48.4292070153286],[-89.2383162717233,48.4292072562095],[-89.2370978404066,48.4291635785139]]]},"properties":{"OBJECTID":31,"BABY_ATOM":"30100","FIRE_AREA":"3A","FIRE_STATION":"STATION 3","GlobalID":"2480ce7c-e75d-4964-bbe7-f11b96d44322","Shape__Area":2378141.3117675781,"Shape__Length":8832.46759216851}},{"type":"Feature","id":32,"geometry":{"type":"Polygon","coordinates":[[[-89.2174956281393,48.4195730080542],[-89.2174954009419,48.4195632206458],[-89.2174966803623,48.4195509677137],[-89.2174983967562,48.419539841819],[-89.2174991281059,48.4195276984244],[-89.2175000695358,48.4195167485233],[-89.2175022317934,48.4195033817957],[-89.2175032338081,48.4194934825137],[-89.2175032442642,48.4194844040111],[-89.2175014635228,48.4194717170263],[-89.2175011392054,48.4194593249652],[-89.2175017252888,48.4194482541532],[-89.2175003445493,48.4194366832222],[-89.2175007626676,48.4194239889321],[-89.2175025071672,48.4194127635246],[-89.2175030466285,48.4194003728041],[-89.217504775694,48.4193913709332],[-89.2175047131258,48.4193803036299],[-89.2175047394929,48.4193681117458],[-89.2175044258335,48.4193528583295],[-89.2175019341527,48.4193406070264],[-89.2174975467988,48.4193305156412],[-89.2174945155114,48.4193195622589],[-89.2174973890339,48.4193104267557],[-89.2175019480371,48.419298401205],[-89.2175027043004,48.4192875448469],[-89.2175027764835,48.4192742625031],[-89.2175032614131,48.4192587237698],[-89.2175021445717,48.4192417862441],[-89.2175015047006,48.4192326105123],[-89.2175013507824,48.4192191642777],[-89.2175013212144,48.4192100667523],[-89.2175011771921,48.4191962577346],[-89.2175003157288,48.4191841639438],[-89.2175008892824,48.4191706308049],[-89.2175014394257,48.4191615607908],[-89.2175015606224,48.4191482244175],[-89.2175018482877,48.4191361354629],[-89.2175019639203,48.4191248766794],[-89.2175015898481,48.419117087709],[-89.2175015253982,48.4191156997645],[-89.2175009932093,48.4191062340419],[-89.2175007121606,48.4190942460256],[-89.2174997614532,48.4190819650114],[-89.2174990995185,48.4190711638879],[-89.217498802122,48.4190618753844],[-89.2174992492605,48.4190500343804],[-89.2175003374833,48.4190409359971],[-89.2175011518043,48.4190267234163],[-89.2175002009499,48.4190141904797],[-89.2175000201446,48.4190031704422],[-89.2174998750125,48.4189898949869],[-89.2174997933772,48.4189790727779],[-89.21749939143,48.418966418591],[-89.2174986613871,48.4189548908969],[-89.2174981031955,48.4189414416595],[-89.2174978073466,48.4189290202571],[-89.2174970041726,48.4189164952697],[-89.2174963419692,48.4189062780777],[-89.2174956276161,48.4188969436291],[-89.2174948941026,48.4188875726608],[-89.2174941530685,48.4188758544351],[-89.217492933465,48.4188633266798],[-89.2174921908089,48.4188534349426],[-89.2174916934017,48.418840388513],[-89.2174927943646,48.418829408543],[-89.2174936975435,48.4188196920118],[-89.2174946456275,48.4188091747527],[-89.2174971492981,48.418798715675],[-89.2174969930717,48.4187891923183],[-89.2174987115285,48.4187778036605],[-89.2175008043882,48.4187671914511],[-89.2175007822838,48.4187548484456],[-89.2174938672872,48.4187443820195],[-89.2174931445829,48.4187324636996],[-89.2174931792575,48.4187208663773],[-89.2174921408224,48.4187115390766],[-89.2174920253255,48.4187008704746],[-89.2174926827316,48.4186928987648],[-89.2174994655184,48.4186929650314],[-89.2174929482971,48.4186897139895],[-89.2174741841157,48.4175347533047],[-89.217306583838,48.4175346870441],[-89.2172566904222,48.417534666412],[-89.217253178911,48.4175346666283],[-89.2172529523298,48.4174835103921],[-89.2172529280615,48.4174781682468],[-89.2172525264834,48.4173863303675],[-89.2172524205798,48.4173619316561],[-89.2172957209293,48.4173619282406],[-89.2173290693099,48.4173619250306],[-89.217753212015,48.4173619005609],[-89.2180471453478,48.4173618826686],[-89.221811367712,48.4173615825026],[-89.2235136638799,48.417361404538],[-89.2235136400812,48.4173780527621],[-89.2235241279838,48.4173837684456],[-89.223558951694,48.4174027399703],[-89.2236543269702,48.4174100687959],[-89.2237216457667,48.4174152399094],[-89.2237683317219,48.4173910998316],[-89.2237852703492,48.4173976381849],[-89.2238035092744,48.417402380719],[-89.2238226205778,48.4174052160428],[-89.2238421580824,48.4174060790048],[-89.2238616639891,48.4174049478658],[-89.2238806840069,48.4174018503044],[-89.2238987712085,48.4173968588439],[-89.2239003664904,48.4173963097508],[-89.223920086537,48.4173862716006],[-89.2239285803722,48.4173785028146],[-89.2239330243781,48.4173732344194],[-89.2239447805153,48.4173688611252],[-89.2239547275873,48.4173681910236],[-89.2239725836024,48.4173693932869],[-89.223988849388,48.4173736143118],[-89.2240019875019,48.4173760693562],[-89.224017516616,48.4173778735429],[-89.2240349665777,48.4173809829854],[-89.2240523485652,48.4173834639264],[-89.2240675672703,48.417384690182],[-89.2240876240578,48.4173859308455],[-89.224101296309,48.4173876170743],[-89.2241149088668,48.4173895149934],[-89.2241296334108,48.4173914966759],[-89.2241432680813,48.4173939322045],[-89.2241567358729,48.4173953002761],[-89.2241711770929,48.417397882156],[-89.2241883110169,48.4173996031004],[-89.224205393064,48.4174014051217],[-89.2242196619797,48.4174038481698],[-89.224238950046,48.4174063354082],[-89.2242534216806,48.4174074771163],[-89.2242699946552,48.4174080824309],[-89.2242841689093,48.4174101836036],[-89.2243009135225,48.4174110672108],[-89.2243190584309,48.4174105885298],[-89.224332908759,48.4174105015117],[-89.2243495581845,48.417407284169],[-89.2243632187947,48.4174031601142],[-89.2243797104048,48.4174069799341],[-89.2243987496318,48.4174090301893],[-89.2244155467209,48.4174067187116],[-89.2244288396663,48.4174032135786],[-89.2244411249979,48.4173988263994],[-89.2244529500436,48.4173929050788],[-89.2244710849073,48.4173881708295],[-89.2244881879904,48.4173824344364],[-89.2244973476029,48.4173720534014],[-89.2245134520445,48.4173666935137],[-89.2245311580818,48.4173632208776],[-89.224550173926,48.4173600908955],[-89.2245638156218,48.4173580113767],[-89.2245782994497,48.4173507933859],[-89.224588225804,48.4173428366901],[-89.2246017036775,48.4173342174747],[-89.2246183879798,48.4173266600044],[-89.2246291807755,48.4173202529815],[-89.2246455117746,48.4173120023485],[-89.224656806446,48.4173048001481],[-89.2246678516307,48.4172992519837],[-89.2246789565334,48.417292316174],[-89.2246904768026,48.4172874336177],[-89.2247020001195,48.4172823422632],[-89.2247140414081,48.4172752452797],[-89.2247260174894,48.4172693174101],[-89.2247362091647,48.4172618972085],[-89.2247502068231,48.4172537609748],[-89.2247604148301,48.4172473652514],[-89.224777124351,48.4172400151083],[-89.2247930958906,48.4172324174159],[-89.2248055166377,48.4172274184584],[-89.2248189527449,48.4172197636395],[-89.2248296796148,48.4172140767597],[-89.2248406849337,48.4172060991698],[-89.2248547697479,48.4172026227557],[-89.2248582852999,48.4172017557857],[-89.2248742972368,48.4172013380723],[-89.2248896959132,48.4171965325239],[-89.2249026997982,48.4171931264997],[-89.2249066406329,48.4171920938477],[-89.2249227322705,48.4171860404554],[-89.2249393321199,48.4171802039622],[-89.2249515819481,48.4171753153635],[-89.2249703850162,48.4171704097551],[-89.2249831451505,48.4171664362068],[-89.2249998321535,48.4171607077861],[-89.2250116496336,48.4171555756198],[-89.2250252195839,48.417152164029],[-89.2250387903931,48.4171475647718],[-89.2250520630972,48.4171438152302],[-89.2250654933427,48.4171399591699],[-89.2250788726972,48.4171355876456],[-89.2250932626617,48.4171317642995],[-89.2251082888587,48.4171257962745],[-89.2251217919913,48.4171208546187],[-89.2251351565066,48.4171162053572],[-89.2251480483732,48.4171102345329],[-89.2251609329935,48.4171047479039],[-89.225175597639,48.4170979600101],[-89.2251907346286,48.4170926106467],[-89.2252044654129,48.4170860729482],[-89.2252180207688,48.4170780558815],[-89.2252300607352,48.4170720457468],[-89.2252418307475,48.4170646201548],[-89.2252534991934,48.4170587998515],[-89.2252669930733,48.4170481369528],[-89.22527900237,48.4170389792391],[-89.2252943337268,48.4170338411375],[-89.225353358114,48.4169279350358],[-89.2253627660843,48.4169168401346],[-89.2253631289605,48.4169047209019],[-89.2253635807792,48.4168942671543],[-89.2253690583852,48.4168854346534],[-89.2253757406665,48.4168770754956],[-89.2253763008699,48.4168763781596],[-89.2253821236632,48.4168680221358],[-89.2253899690851,48.4168594947146],[-89.2253947470076,48.416848784511],[-89.2253942536743,48.4168324719923],[-89.2253744154668,48.4168323636915],[-89.2253493128536,48.4168322267864],[-89.2253440201176,48.4166381460227],[-89.2253434496012,48.4166172175647],[-89.2208365469908,48.4166024449941],[-89.2208372798404,48.4163652611828],[-89.2194690795084,48.4163686879364],[-89.2194655928187,48.4163686976387],[-89.2194653471363,48.416325067125],[-89.2194652120147,48.4163015732031],[-89.2193019201501,48.4163014969057],[-89.2185330456776,48.4163011306769],[-89.2185094262832,48.4162956273517],[-89.2185019450648,48.4162938849195],[-89.2185020532602,48.4161930353571],[-89.2185251090235,48.4161826728669],[-89.2194646505117,48.4161831233807],[-89.2194653151056,48.4159535661449],[-89.221437059512,48.4159593906754],[-89.2214376510749,48.4159418605429],[-89.2214301240023,48.4157858185277],[-89.2252581553772,48.4157936340999],[-89.2255481080363,48.4158033155486],[-89.22556808249,48.415417828644],[-89.2255671581521,48.4153270805007],[-89.2225787581593,48.4153315867828],[-89.2205529871415,48.4153281791575],[-89.2205560473896,48.4151820726638],[-89.2205480573809,48.4151820514811],[-89.2205481782098,48.4151646914932],[-89.2194401755652,48.4151611164271],[-89.219435606938,48.4150082166491],[-89.2194308465596,48.4150082122412],[-89.2194310441399,48.4149959270695],[-89.2182500745756,48.4149845839201],[-89.2182383462524,48.4149844709273],[-89.2182341747226,48.4142116895441],[-89.2183044422275,48.4141958467552],[-89.2200612888531,48.4141952485567],[-89.2233877967156,48.4141946203892],[-89.2271236348087,48.4142078237961],[-89.2271352757408,48.41387160893],[-89.2271357339965,48.4138583415764],[-89.2271351938978,48.4138538992518],[-89.2271247278963,48.4138117145553],[-89.2271046121137,48.4137711095087],[-89.2270753309605,48.4137330554369],[-89.2270375837776,48.4136984628178],[-89.2269922731286,48.4136681608161],[-89.226987174794,48.4136652751197],[-89.2269020019015,48.4136070587263],[-89.2268454412788,48.4136118661796],[-89.2268358244416,48.4136126839954],[-89.2267801684146,48.4135989708726],[-89.2267498259645,48.4135490211899],[-89.2267369937368,48.4135279018562],[-89.226650369969,48.4134815376719],[-89.226641866416,48.4134795312465],[-89.2266329840924,48.4134784759745],[-89.2266239634279,48.4134783995915],[-89.2266150437921,48.4134793055609],[-89.2266064673489,48.4134811685004],[-89.2265984616589,48.4134839381181],[-89.2265912424589,48.4134875409579],[-89.22658500417,48.4134918796838],[-89.2265799133811,48.4134968386038],[-89.2265761075381,48.413502284596],[-89.2265736869985,48.4135080708602],[-89.2265727193183,48.4135140422343],[-89.2259339514502,48.4135151674101],[-89.2258626943487,48.4134910669513],[-89.2257977753045,48.4135150479321],[-89.2246214021448,48.4135230275139],[-89.2246314328937,48.4136732069029],[-89.221417078217,48.413683320594],[-89.2214153694816,48.4136395860583],[-89.2214309125188,48.4134771961392],[-89.2214322789685,48.4134629017706],[-89.2214556296758,48.4134435329487],[-89.221419062882,48.4133740960086],[-89.2213857597999,48.4133108545661],[-89.2196939251074,48.4133062587013],[-89.2196844088499,48.4125814550667],[-89.2196761131166,48.4119495927813],[-89.2196977900674,48.411934927133],[-89.2197211644539,48.4119191130497],[-89.2199740400447,48.411919134842],[-89.2249428910452,48.4119194541825],[-89.2251962391194,48.4119272938258],[-89.2255605185818,48.411911346811],[-89.2255978319544,48.411853753455],[-89.2256096186202,48.4118182296952],[-89.2256363060276,48.4116052401316],[-89.2256308640185,48.4115873264683],[-89.2256214755809,48.411570152279],[-89.2256083480312,48.4115541013362],[-89.2255917753962,48.4115395314414],[-89.2255725955594,48.4115270301007],[-89.2255508862821,48.41151652113],[-89.2255271074653,48.4115082304591],[-89.2255017695521,48.4115023344542],[-89.2251319190702,48.4114544620707],[-89.2195811515154,48.4114504483674],[-89.2195669009703,48.4114422380008],[-89.2195308297622,48.4114214583892],[-89.2195358027877,48.4110236647958],[-89.2195362139897,48.4109908345713],[-89.2195362893706,48.4109847131272],[-89.2195532661886,48.4109680121384],[-89.2202470706658,48.4109707615834],[-89.2202939128289,48.4109453701306],[-89.2203512369344,48.4109384430744],[-89.2207156772065,48.4109368032602],[-89.2211154638624,48.4109325713319],[-89.2213510615079,48.410904583934],[-89.2215707214466,48.4109130372294],[-89.2217543094918,48.4108331717706],[-89.2217946177652,48.4107754993054],[-89.2218397569783,48.4107725749834],[-89.2218421838113,48.4107253442496],[-89.2218608259663,48.4107219412022],[-89.2218901729933,48.4107165867576],[-89.2220805572278,48.4107168862352],[-89.2228032862231,48.4107180239874],[-89.2229082686652,48.4106665680269],[-89.2229563615809,48.4106429948616],[-89.2248342825634,48.4106291816231],[-89.2259427761121,48.4106269868652],[-89.2267578435719,48.4106275856564],[-89.2267570380539,48.410638567215],[-89.2267769864686,48.4106498541325],[-89.2269851867961,48.4106594996665],[-89.2271806226854,48.4106685543593],[-89.227104362205,48.4106272307795],[-89.2271437452086,48.4105303648028],[-89.2271299315914,48.4104083538975],[-89.2271180591457,48.410382337653],[-89.2270879589652,48.4103720139531],[-89.2271111433415,48.4103525994934],[-89.2270757840328,48.4103292055199],[-89.22706178676,48.4103199456819],[-89.2271213444046,48.4103062410767],[-89.2271510048135,48.4102994162482],[-89.2272767243609,48.4102308367278],[-89.2273234711633,48.4102053371681],[-89.2273358629766,48.4101985759044],[-89.2273490538985,48.4101962780413],[-89.2273776418788,48.4101912940862],[-89.2273924059218,48.4101887192241],[-89.2274686763312,48.4101539185866],[-89.2275882995303,48.4100993342988],[-89.2276780353312,48.4100797805336],[-89.2277475048083,48.41005518037],[-89.2276042438792,48.4098608972374],[-89.2275732473673,48.4098188609877],[-89.2275277633072,48.4097571771114],[-89.2274538298579,48.4097877343697],[-89.2269557337412,48.4099935971072],[-89.2269363955527,48.4100017803548],[-89.2269166460221,48.4100095189977],[-89.2268965145024,48.4100168043694],[-89.2268760235955,48.4100236279347],[-89.226855190659,48.4100299848585],[-89.2268340462395,48.4100358628527],[-89.2268126173038,48.4100412604953],[-89.2267909181951,48.4100461658118],[-89.226768982671,48.4100505781484],[-89.2267468359556,48.4100544871196],[-89.2267244996933,48.410057893206],[-89.2267020034339,48.4100607922363],[-89.2266793712476,48.410063178346],[-89.2263789266114,48.4100472878783],[-89.2260065852154,48.4100863683054],[-89.2256028640341,48.4100865303482],[-89.225264977896,48.4100777505316],[-89.2251418312835,48.4100488224402],[-89.2250604796077,48.4100473399776],[-89.2246415279222,48.4100723938418],[-89.2244244405732,48.4100124471653],[-89.2244211651566,48.4100147490553],[-89.2244177714742,48.4100169731563],[-89.224414266238,48.4100191184387],[-89.2244106519527,48.4100211803554],[-89.2244069354872,48.4100231614727],[-89.2244031152168,48.4100250555239],[-89.2243992019828,48.410026863199],[-89.2243951982114,48.410028578153],[-89.2243911107717,48.4100302029522],[-89.2243869393499,48.4100317304048],[-89.2243826908542,48.4100331639761],[-89.2243783731511,48.4100344981156],[-89.2243739876694,48.4100357345949],[-89.2243695436649,48.4100368687366],[-89.2243650385156,48.4100379023908],[-89.2243604882287,48.4100388307491],[-89.2243558889104,48.4100396574859],[-89.2243512524387,48.4100403760731],[-89.2243465816318,48.4100409891556],[-89.2243418805407,48.410041496655],[-89.2243371584212,48.4100418938936],[-89.2243324181308,48.4100421844151],[-89.2243276650708,48.4100423681149],[-89.2243229044854,48.4100424412928],[-89.2243181432829,48.410042407414],[-89.2243133866293,48.4100422609803],[-89.2243086389676,48.4100420109031],[-89.224303908125,48.4100416507328],[-89.2242991995812,48.4100411821628],[-89.2242945174654,48.410040606913],[-89.2242898658679,48.4100399258038],[-89.2242852541621,48.4100391368545],[-89.2242325449859,48.409980020709],[-89.2242314048774,48.4099806824694],[-89.2242302311852,48.4099813178874],[-89.2242290225985,48.4099819278878],[-89.2242277856331,48.4099825069464],[-89.2242265189781,48.4099830559882],[-89.2242252241406,48.409983578583],[-89.2242239007676,48.40998406664],[-89.2242225558852,48.4099845263215],[-89.2242211880645,48.4099849558556],[-89.2242197972272,48.4099853534444],[-89.2242183873457,48.4099857172116],[-89.2242169583415,48.4099860453593],[-89.2242155118002,48.4099863432551],[-89.2242140530838,48.4099866098956],[-89.2242125792563,48.4099868399393],[-89.2242110972261,48.4099870368514],[-89.2242096014743,48.4099871980395],[-89.2242081028818,48.4099873250926],[-89.2242065946186,48.4099874163434],[-89.2242050849826,48.40998747613],[-89.2242035736599,48.4099874972606],[-89.2242020622362,48.409987485103],[-89.2242005479718,48.4099874388103],[-89.2241990428623,48.4099873545518],[-89.2241975391197,48.4099872396759],[-89.224196040442,48.4099870860134],[-89.2241945565948,48.4099869005734],[-89.22419308067,48.4099866798905],[-89.224191616836,48.4099864265833],[-89.2241901676757,48.4099861379027],[-89.2241887319565,48.4099858165717],[-89.2241873191697,48.4099854633065],[-89.2241859197063,48.409985074694],[-89.2241845432145,48.4099846550462],[-89.2241831910445,48.4099842043371],[-89.2241818632356,48.4099837234656],[-89.2241805611381,48.4099832124056],[-89.2241792846735,48.4099826693592],[-89.2241780367778,48.409982099668],[-89.2241768213448,48.4099814996577],[-89.2241756385316,48.4099808729243],[-89.2241744896491,48.4099802185426],[-89.2241733719968,48.409979536565],[-89.2241722938725,48.4099788313295],[-89.2241712524972,48.4099781010905],[-89.2241702479101,48.409977346747],[-89.2241692856693,48.4099765717903],[-89.2241683629564,48.4099757735758],[-89.2241674825507,48.4099749538493],[-89.2241404979978,48.4099385128219],[-89.2241383668033,48.4098982459415],[-89.2239914417936,48.4098939163376],[-89.2239214493103,48.409894235112],[-89.2239215156669,48.409900588652],[-89.2239218011545,48.4099282283662],[-89.2239224634529,48.4099919824249],[-89.2239231693289,48.410060266702],[-89.2237072015041,48.4100604757495],[-89.2235978567673,48.4100605816889],[-89.2235753387994,48.4100606013766],[-89.2235756484658,48.40998435821],[-89.2235759263243,48.4099160918015],[-89.2235049998438,48.4099165624404],[-89.2234961376367,48.4100669039162],[-89.22343735092,48.4100824352912],[-89.2234435667575,48.4101192896983],[-89.2234424601643,48.4101714102003],[-89.2234213284615,48.4101706184889],[-89.2234208509608,48.4101707941711],[-89.2234191978393,48.4101714064589],[-89.2234170271739,48.4101721439181],[-89.2234148177373,48.4101728290425],[-89.2234125751265,48.4101734662226],[-89.2234103031573,48.4101740499861],[-89.2234079978571,48.4101745822094],[-89.2234056699499,48.4101750608856],[-89.2234033180854,48.4101754860409],[-89.2234009476256,48.4101758566718],[-89.2233985571417,48.4101761710066],[-89.2233961509591,48.4101764352597],[-89.2233937341262,48.4101766412359],[-89.2233913081108,48.4101767916061],[-89.2233888741847,48.4101768845461],[-89.2233864392564,48.4101769235215],[-89.2233840005468,48.4101769067863],[-89.2233815675472,48.410176835057],[-89.2233791374785,48.4101767065876],[-89.2233767170139,48.4101765194499],[-89.2233743065062,48.4101762817344],[-89.2233719097318,48.4101759870702],[-89.2233695321312,48.4101756362518],[-89.2233671684991,48.4101752338783],[-89.2233648295204,48.4101747770442],[-89.2233625191674,48.4101742638731],[-89.223360233703,48.4101737016352],[-89.2233579782931,48.4101730848322],[-89.2233557572239,48.4101724187796],[-89.2233535689881,48.4101716999076],[-89.2233514219229,48.4101709334535],[-89.2233493172609,48.4101701166943],[-89.2233472523799,48.41016925148],[-89.223345236928,48.410168342123],[-89.2233432693981,48.4101673850532],[-89.2233413500254,48.4101663856647],[-89.2233394841328,48.4101653420551],[-89.223337675771,48.4101642541459],[-89.2232936662763,48.4100976914429],[-89.2233059890158,48.4100661262794],[-89.2233167479095,48.41003430793],[-89.2233259295971,48.4100022708434],[-89.2233335289373,48.4099700520084],[-89.2233395365425,48.4099376839972],[-89.2233439377414,48.4099052021834],[-89.2233467393496,48.4098726388258],[-89.2233479283207,48.4098400355646],[-89.2233475605777,48.4098110604349],[-89.2233475127031,48.4098074219354],[-89.2233454860057,48.4097748349529],[-89.2233418565512,48.4097423104454],[-89.2233366190422,48.4097098818054],[-89.2233363869655,48.4097014620802],[-89.2233357160483,48.4096930508386],[-89.2233345975056,48.409684663546],[-89.2233330436076,48.4096763026642],[-89.223331052438,48.4096679862252],[-89.2233286269722,48.4096597204693],[-89.2233257663306,48.4096515162105],[-89.2233224791247,48.4096433849788],[-89.2233187683297,48.4096353330147],[-89.2233146331052,48.409627372031],[-89.2233100874639,48.4096195134534],[-89.2233051249681,48.409611764604],[-89.223299767693,48.4096041358529],[-89.2232940066181,48.4095966372715],[-89.2232878595714,48.4095892748133],[-89.223281329881,48.4095820628096],[-89.2232744244552,48.4095750047257],[-89.2232671519838,48.4095681138896],[-89.2232595261657,48.409561394535],[-89.2232515488217,48.4095548574235],[-89.2232432351184,48.4095485094598],[-89.22323459081,48.4095423586301],[-89.2232256324917,48.4095364136109],[-89.2232163658391,48.4095306805905],[-89.2232068059404,48.4095251646756],[-89.2231969587063,48.4095198774484],[-89.2231868403794,48.4095148194946],[-89.2231764662829,48.4095100013148],[-89.2231658433643,48.4095054272732],[-89.2231549881404,48.4095011042483],[-89.2231440502607,48.4094970860307],[-89.2231439128418,48.4094970338032],[-89.2231326314026,48.4094932255655],[-89.2231211532744,48.4094896793525],[-89.223109500532,48.4094864055342],[-89.2230976798873,48.409483403081],[-89.2230857118295,48.4094806769953],[-89.2230736033058,48.4094782316414],[-89.2230613800497,48.4094760683213],[-89.2230490476581,48.4094741914255],[-89.2230366238018,48.4094726033115],[-89.2230241232945,48.4094713027933],[-89.2230115654318,48.4094702984952],[-89.2229116777696,48.409463771694],[-89.2229144442933,48.4095798712126],[-89.2212983946637,48.4095792420527],[-89.221293944615,48.4095681425074],[-89.2212711062354,48.4095112111644],[-89.2212737658588,48.4092978616245],[-89.2212741605818,48.4092660430002],[-89.2212737946524,48.4092653365786],[-89.2212733940468,48.4092646407238],[-89.2212729560255,48.409263954589],[-89.2212724833281,48.409263279021],[-89.221271973254,48.4092626140719],[-89.2212714299716,48.4092619623606],[-89.2212709939341,48.4092614768282],[-89.2212708560639,48.4092613211378],[-89.2212702462865,48.4092606941038],[-89.2212696048469,48.4092600847763],[-89.2212689314709,48.4092594868624],[-89.2212682277831,48.4092589066289],[-89.2212674938224,48.4092583449747],[-89.2212667334831,48.4092577982258],[-89.2212662101136,48.4092574484405],[-89.2212659428711,48.4092572700562],[-89.2212651246477,48.4092567595149],[-89.2212642803198,48.4092562701716],[-89.2212634124706,48.4092557992773],[-89.2212625170883,48.4092553478092],[-89.2212616024312,48.4092549192067],[-89.2212606643703,48.4092545117501],[-89.2212597068779,48.4092541235632],[-89.2212587288388,48.409253760066],[-89.2212577315642,48.4092534203333],[-89.2212567177153,48.4092531034141],[-89.2212556859028,48.4092528084355],[-89.2212546416844,48.409252538889],[-89.2212535863712,48.4092522938496],[-89.2212525144838,48.4092520716237],[-89.2212514370201,48.4092518764975],[-89.2212503429823,48.4092517041847],[-89.221249247419,48.4092515588934],[-89.2212481421112,48.4092514380831],[-89.2212470285266,48.4092513444247],[-89.2212459133382,48.4092512759899],[-89.2212447938848,48.4092512337296],[-89.2212436754889,48.4092512157418],[-89.2212425556068,48.4092512256744],[-89.2212414340426,48.4092512590326],[-89.2212403217943,48.4092513201026],[-89.221239207903,48.4092514054972],[-89.2212380979657,48.4092515196068],[-89.2212369971093,48.4092516560344],[-89.2212359041793,48.409251819301],[-89.2212348231874,48.4092520084292],[-89.2212337472256,48.4092522199537],[-89.2212326860591,48.4092524608836],[-89.2212316365565,48.4092527213824],[-89.2212306030035,48.4092530067657],[-89.221229586829,48.4092533188053],[-89.2212285837077,48.4092536512868],[-89.221227597808,48.4092540068286],[-89.221207603553,48.4092671836095],[-89.2211898961824,48.4092788478535],[-89.2211762923549,48.4092723832755],[-89.2211658844964,48.4092674360053],[-89.2211122029786,48.4092822395818],[-89.2210504417506,48.4092760527181],[-89.2209796267935,48.4092946034044],[-89.2208705961547,48.4093231610793],[-89.2208572345113,48.4093266599412],[-89.2208439902086,48.4093275787976],[-89.2208431610672,48.4093277171723],[-89.220840673086,48.4093278093029],[-89.2205914490768,48.4093451162235],[-89.2205772576368,48.4093461019221],[-89.2202935414489,48.4094348049588],[-89.2202878554725,48.4094366530155],[-89.2202856074324,48.4094373208303],[-89.2202820801013,48.4094383723363],[-89.2202762191513,48.409439957449],[-89.2202702766733,48.4094414082756],[-89.2202642661702,48.4094427245552],[-89.2202581901076,48.4094439008419],[-89.2202520567438,48.4094449405752],[-89.2202458752959,48.4094458381787],[-89.2202396498538,48.4094465944732],[-89.2202333899088,48.4094472101752],[-89.2202271007053,48.4094476815845],[-89.2202207945133,48.4094480111634],[-89.2202144711763,48.4094481953161],[-89.2202081456649,48.4094482364527],[-89.220201820523,48.4094481309251],[-89.2201955027369,48.409447883997],[-89.2201892029523,48.4094474918638],[-89.2201829239873,48.4094469571704],[-89.2201766780335,48.4094462805811],[-89.2201704704138,48.4094454601937],[-89.220164312087,48.4094444993957],[-89.2201582030924,48.4094433990859],[-89.2201521529602,48.40944216088],[-89.2201461739213,48.4094407863412],[-89.220140268637,48.4094392745186],[-89.2201387758332,48.4094388516694],[-89.2201344399646,48.4094376289557],[-89.2201287029529,48.409435853861],[-89.2201230602242,48.4094339473842],[-89.2201175186473,48.409431912092],[-89.2201120866372,48.4094297550198],[-89.2201067640763,48.4094274734708],[-89.2201003017397,48.4094217661426],[-89.2200935486866,48.409416210183],[-89.2200865159541,48.4094108107771],[-89.2200792051665,48.4094055741917],[-89.2200716328404,48.4094005073058],[-89.2200638019503,48.4093956163601],[-89.2200557263905,48.4093909100837],[-89.2200474102118,48.4093863883982],[-89.2200388699306,48.4093820581827],[-89.2200301098717,48.4093779256519],[-89.2200211411114,48.4093739968899],[-89.2200119773088,48.409370275232],[-89.2200026252937,48.4093667623458],[-89.2199930989209,48.4093634660615],[-89.2199834090317,48.4093603870694],[-89.2199735668197,48.4093575341507],[-89.2199635816583,48.4093549053251],[-89.2199534700249,48.4093525065726],[-89.2199432388271,48.4093503413587],[-89.2199329042291,48.4093484084717],[-89.2199224718666,48.4093467132012],[-89.2199119594496,48.4093452588043],[-89.2199013830247,48.4093440413721],[-89.2198907482669,48.4093430670934],[-89.2194439403187,48.4093578995774],[-89.2191914843287,48.4094507634085],[-89.2191905611991,48.4094990960359],[-89.2191891236946,48.4095743865202],[-89.219189010227,48.4095801928934],[-89.2174522110184,48.4095817396786],[-89.2174493069571,48.4095817425867],[-89.2168118291055,48.4095823047286],[-89.2168031958205,48.4095808336209],[-89.2166321180787,48.4095516587441],[-89.2165260689388,48.4095335756018],[-89.2165075691971,48.4094912055827],[-89.2163241969716,48.4090712446855],[-89.2160389936596,48.4083171986571],[-89.2160360974221,48.4083095455433],[-89.2160248093075,48.4082796993395],[-89.2165211242501,48.4082701440483],[-89.2165252518139,48.4078981351694],[-89.2264192938065,48.4081240472161],[-89.2304621291153,48.4081229173735],[-89.2304583126316,48.406414776857],[-89.2323165039293,48.4064067288088],[-89.2323730995765,48.4064065254874],[-89.2324108915264,48.4064065089948],[-89.2381678679371,48.4064169113709],[-89.2381718713091,48.4064169279322],[-89.2392562041079,48.4064221221963],[-89.2401317243415,48.4064503608847],[-89.2403037327549,48.4064677348206],[-89.2404746450743,48.4064893766063],[-89.2406442235589,48.4065152566889],[-89.2408122301506,48.406545338325],[-89.2411384794523,48.4066119020102],[-89.2413518978939,48.4066539911182],[-89.2415671577146,48.4066916964167],[-89.2415858103766,48.4066947419577],[-89.241837378402,48.4067324480523],[-89.242090802468,48.4067641683587],[-89.2422415796315,48.4067801124509],[-89.2423928271887,48.4067939372929],[-89.2431544783161,48.4068390118592],[-89.2438625613991,48.406817687733],[-89.244768390451,48.4067701034239],[-89.2455217734653,48.4067363331456],[-89.2455368401666,48.4093673117036],[-89.2455403033803,48.4101886741152],[-89.2455321540783,48.4106410008341],[-89.2455150525433,48.4107485535478],[-89.2454909593198,48.4108555103829],[-89.245459918274,48.4109616716369],[-89.2454219893981,48.4110668354916],[-89.2454136118583,48.4110870568621],[-89.2450279705006,48.4117152968655],[-89.244858233505,48.4119492258168],[-89.244825476063,48.4119939315533],[-89.2437438915485,48.413435924912],[-89.2439558699555,48.4134277466607],[-89.2455550840524,48.4133933579014],[-89.2465709189086,48.4133827549736],[-89.246761609169,48.4133665181722],[-89.2469507421548,48.4133435931538],[-89.2471377907943,48.4133140433086],[-89.2474029929684,48.413239366592],[-89.2475623648782,48.4131842897463],[-89.2477184846961,48.413125228326],[-89.247871127797,48.4130622686105],[-89.2481737599134,48.4129477794029],[-89.2484094585414,48.4128559558801],[-89.2484419058695,48.412843220088],[-89.2484660042368,48.4128335932472],[-89.2489605533674,48.4126324462831],[-89.2501115139102,48.4121975038675],[-89.2503629763657,48.412098736828],[-89.2504855924463,48.4120569839853],[-89.2506116107537,48.4120199924149],[-89.2507406150583,48.4119878845179],[-89.2508721775779,48.4119607658284],[-89.2510058630676,48.4119387258328],[-89.2511412315204,48.4119218379175],[-89.2515804903329,48.4118915707761],[-89.251584727322,48.4121430387115],[-89.2516113879991,48.4137253104939],[-89.2517963600991,48.4176108758476],[-89.2462275114302,48.417663459917],[-89.2440063206537,48.4189332918035],[-89.2321889622689,48.41884143688],[-89.231366801558,48.4196667783441],[-89.2174956281393,48.4195730080542]]]},"properties":{"OBJECTID":32,"BABY_ATOM":"30200","FIRE_AREA":"3B","FIRE_STATION":"STATION 3","GlobalID":"0e96791b-9a71-497b-8af2-4f036de83cbb","Shape__Area":2703909.6821289063,"Shape__Length":14233.955837600221}},{"type":"Feature","id":33,"geometry":{"type":"Polygon","coordinates":[[[-89.2431544783161,48.4068390118592],[-89.2455162953605,48.4040086228093],[-89.2455135541344,48.403723779229],[-89.2496807290286,48.3982200624391],[-89.2501103083801,48.398068211123],[-89.2507827835619,48.3972812283967],[-89.2510713471492,48.3969423542574],[-89.2528382199959,48.3948673026968],[-89.2529160608747,48.3947761899193],[-89.2536409181808,48.3939277343693],[-89.2550648393454,48.3922745111983],[-89.2559346824175,48.3912957466216],[-89.2561267908964,48.3910590101799],[-89.2575091594309,48.389434993339],[-89.2583959874466,48.3883930794626],[-89.2590481199857,48.3884443588937],[-89.2591645605051,48.3884565752125],[-89.2591787618616,48.3884580651057],[-89.2592654134238,48.3884697652627],[-89.2596229746403,48.3885316113637],[-89.2599242200828,48.3885837167353],[-89.2600311986085,48.3885977988401],[-89.2604544833535,48.3886475906807],[-89.2609244071271,48.3887027073035],[-89.2616853437398,48.3887957920417],[-89.2617753454673,48.3888084411266],[-89.2619701123598,48.3888430543119],[-89.262529150841,48.3889500962423],[-89.2628219638833,48.3890035026112],[-89.2631405319047,48.3890605311828],[-89.2635608675057,48.3891221562367],[-89.2636267712582,48.3891295216765],[-89.263748626073,48.389138967151],[-89.2638712514839,48.3891413019771],[-89.2638916308641,48.389140998848],[-89.264596227967,48.3891271255024],[-89.2651458106637,48.3891163013521],[-89.2660899694254,48.3890976989012],[-89.2661234525007,48.3890960628666],[-89.2661343682342,48.389095104574],[-89.2668763977457,48.3890209653707],[-89.2672067731074,48.3889857128101],[-89.2675782707956,48.3889458911069],[-89.2675913192036,48.3889445919081],[-89.2676966763641,48.3889376017495],[-89.2678025455714,48.3889367520205],[-89.2679081248692,48.3889420522376],[-89.2679822140659,48.3889457735549],[-89.2680565030791,48.3889451775286],[-89.2681304370082,48.3889402715041],[-89.2681842159551,48.3889339382988],[-89.2682361387655,48.3889250828185],[-89.2682867064268,48.3889132453134],[-89.2683355312792,48.3888985180076],[-89.2683770712017,48.388883130014],[-89.2684464660064,48.3888570479614],[-89.2685433424322,48.3888268562638],[-89.2686438038448,48.3888024033823],[-89.2689619782749,48.3887441587664],[-89.2692437649036,48.3887066820379],[-89.2692909768819,48.3898397677565],[-89.263003708459,48.3899526454008],[-89.2633216370108,48.3970701427728],[-89.2633984396507,48.3987891736509],[-89.2634095859481,48.399038663223],[-89.2634103803986,48.3990564408169],[-89.2634163257274,48.3990740432542],[-89.2634201354682,48.3990926324487],[-89.2634215009701,48.39911137322],[-89.2634204022672,48.3991301202034],[-89.2634168574717,48.3991487335828],[-89.2634108926759,48.3991670706858],[-89.2634116609643,48.3991672418105],[-89.2635737900783,48.3992088559057],[-89.263729859587,48.399259723199],[-89.26387867951,48.3993194550604],[-89.2638969604876,48.399327732675],[-89.263966289885,48.3993629611114],[-89.2640307496788,48.3994020813715],[-89.2640898428142,48.3994447928392],[-89.2641431198324,48.3994907714685],[-89.2641793435363,48.3995266047711],[-89.2642470261114,48.3996039129444],[-89.2643043338634,48.3996848533562],[-89.2643383795383,48.3997463333525],[-89.2643508287802,48.3997688129266],[-89.2643692802795,48.3998021340306],[-89.2643920239603,48.3998342576413],[-89.264418885344,48.3998649361648],[-89.2644496610892,48.3998939414697],[-89.2644841143028,48.3999210505836],[-89.2645049685229,48.3999353596649],[-89.2647346764818,48.4000734402883],[-89.2647874719001,48.4001001197151],[-89.2648435601448,48.4001236346694],[-89.2648499344482,48.4001260266017],[-89.2651141711374,48.400215204066],[-89.2654135503855,48.4003150946431],[-89.2657620875115,48.4004503113979],[-89.2661040496926,48.4005828080875],[-89.2663921076625,48.4006765922499],[-89.2665081223496,48.4007087118369],[-89.2665711468644,48.4007232403194],[-89.2666358318354,48.4007340561096],[-89.2667016844331,48.4007410762455],[-89.2667055848511,48.4007413700598],[-89.2667997260139,48.4007466305119],[-89.267171875549,48.4007592317675],[-89.2677479419948,48.4007630800792],[-89.2677925308061,48.4007625265167],[-89.2681482028492,48.4007697469973],[-89.2681496029887,48.4007698147549],[-89.2682361276336,48.4007767133171],[-89.2683214178543,48.4007886054191],[-89.2684048293353,48.4008054039021],[-89.2684555014693,48.4008178860681],[-89.2685822226085,48.4008550630465],[-89.2687035924955,48.4008994515895],[-89.2687564612886,48.400921244872],[-89.2690202806233,48.4010430929346],[-89.269397847563,48.4012509205805],[-89.2696943186408,48.4014389922436],[-89.2699229219419,48.4015813788053],[-89.2700491877059,48.4016479288344],[-89.2701351270168,48.4016868925183],[-89.2702184816236,48.4017244000997],[-89.270358778946,48.4017972885755],[-89.270476515968,48.4018702192067],[-89.2705855988005,48.4019506147673],[-89.2706092309771,48.4019712956327],[-89.2706250412618,48.4019878562721],[-89.270631732442,48.4019948644861],[-89.2706510640323,48.4020196484879],[-89.2706670809847,48.4020454615528],[-89.2707187563953,48.4021417236796],[-89.2708016711832,48.4022970648048],[-89.2708691131648,48.4024216929098],[-89.2708933046973,48.4024656659031],[-89.2708972392773,48.402471880981],[-89.2709019707348,48.4024778454914],[-89.2709074672874,48.4024835132753],[-89.2709136796016,48.4024888385204],[-89.2709205695048,48.4024937832917],[-89.2709280772637,48.4024983109794],[-89.2709361526351,48.4025023856865],[-89.2709410279429,48.402504510869],[-89.2709527502011,48.4025088869515],[-89.2709650009112,48.4025125678963],[-89.2709776853984,48.4025155213827],[-89.2709907109784,48.4025177294466],[-89.2710039700361,48.4025191726193],[-89.2710173727873,48.402519837378],[-89.2710247184077,48.4025198749665],[-89.2710705134012,48.4025180330859],[-89.2711158971928,48.4025135423794],[-89.2711229491699,48.4025125996469],[-89.2712366964691,48.4024933805803],[-89.2712755609738,48.4024851685812],[-89.2714229009303,48.4024517196149],[-89.2715309209868,48.4024260290872],[-89.2717595668805,48.4023625581491],[-89.2717802964179,48.4023560151356],[-89.2720736991679,48.4022719532342],[-89.272118462852,48.4022615585991],[-89.2721843172574,48.4022498178126],[-89.2722324652527,48.4022440520031],[-89.2722854349316,48.4022407236682],[-89.2722901729293,48.402240646247],[-89.2722980464558,48.402240887461],[-89.2723058604807,48.4022415824187],[-89.2723135527023,48.4022427278525],[-89.2723210660186,48.4022443158933],[-89.2723283445576,48.4022463359485],[-89.2723353293464,48.4022487684894],[-89.2723419696326,48.4022515965242],[-89.2723783819736,48.4022699901931],[-89.2724195070516,48.4022944395429],[-89.2724572792788,48.4023211819843],[-89.2724593413211,48.4023227904593],[-89.2724846567824,48.4023444732791],[-89.2725070331236,48.4023675457855],[-89.2725263109248,48.402391826684],[-89.2725423335056,48.4024171355255],[-89.2725549828145,48.402443279401],[-89.2725641592593,48.4024700551389],[-89.272570724298,48.4024980854312],[-89.272576788313,48.4025454340181],[-89.2725766333762,48.4025929513849],[-89.2725702571849,48.4026402830799],[-89.2725577082574,48.4026870628494],[-89.2725572920609,48.4026883055154],[-89.2725417704407,48.4027261124484],[-89.2725213608078,48.4027628760005],[-89.2724962141288,48.4027983151666],[-89.2724665291046,48.4028321587948],[-89.2724325227096,48.4028641515671],[-89.2724032214413,48.4028917209151],[-89.2723776395636,48.4029208848781],[-89.2723559739442,48.4029514218319],[-89.2723383845996,48.4029831018828],[-89.2723250106963,48.4030156820525],[-89.2723205953653,48.4030298538042],[-89.2722925542029,48.4031602914406],[-89.2722845433427,48.4032313185403],[-89.2722835035398,48.4033206282503],[-89.272292142184,48.4033982813573],[-89.2723026878757,48.403443045525],[-89.2723190511299,48.4034870298364],[-89.2723411115517,48.4035298974667],[-89.2723523674523,48.4035479964383],[-89.2723815735272,48.4035968096005],[-89.2724133090899,48.4036643872076],[-89.2724360834973,48.4037335490682],[-89.2724445449539,48.4037707462159],[-89.2724541260584,48.4038456769695],[-89.2724538602939,48.4039208760745],[-89.2724437533072,48.4039957738844],[-89.2724413002813,48.4040050104863],[-89.2724375035786,48.4040145084706],[-89.2724324779492,48.4040237500197],[-89.27242626077,48.4040326642152],[-89.2724189017689,48.4040411843935],[-89.2724104574645,48.4040492446562],[-89.2724009859661,48.4040567844723],[-89.2723905656742,48.4040637438093],[-89.2723792728506,48.4040700752734],[-89.2723671982472,48.4040757230869],[-89.2723452961325,48.4040844703373],[-89.2723106208358,48.4040961376907],[-89.2722745551051,48.404105744213],[-89.2722373636571,48.4041132261899],[-89.2722315776066,48.4041141988615],[-89.2721109654372,48.4041306312737],[-89.2719886643325,48.4041400033868],[-89.2716346926318,48.404151867058],[-89.2716238030166,48.4041520560657],[-89.2714787079675,48.4041500733069],[-89.2714016438925,48.404145656236],[-89.2712477003925,48.404130045961],[-89.2710184166587,48.4041067900383],[-89.2709662275054,48.4041033867189],[-89.2708253307211,48.4040992427363],[-89.2707765747432,48.4040997132941],[-89.2707748205625,48.4040997992161],[-89.2707730844468,48.4040999873516],[-89.2707713770767,48.4041002747904],[-89.2707697172732,48.4041006593614],[-89.2707681144871,48.4041011408782],[-89.2707665791185,48.4041017101377],[-89.2707651234385,48.4041023695972],[-89.2707637604674,48.4041031082025],[-89.2707624996559,48.4041039257671],[-89.270761348664,48.4041048122426],[-89.2707603221425,48.404105762841],[-89.2707594196912,48.404106768573],[-89.2707588865028,48.4041074790974],[-89.2707567409918,48.4041109449657],[-89.2707550543944,48.4041145205381],[-89.2707538458811,48.4041181811431],[-89.2707531222315,48.4041218969556],[-89.2707528850247,48.4041256427518],[-89.2707529142111,48.404126844226],[-89.2707676701888,48.4043047631562],[-89.2708010682117,48.404555883793],[-89.2708269941051,48.4047553090312],[-89.2708287922387,48.4047713185598],[-89.270844227568,48.40512403241],[-89.2708609287437,48.405517416407],[-89.2709380793838,48.40579849985],[-89.2709158148622,48.4058000731671],[-89.2709338318251,48.4058681469856],[-89.2709713762199,48.4059486762599],[-89.2710312467634,48.4060486686485],[-89.2711574012034,48.4061116450066],[-89.2712673208326,48.4061713698961],[-89.2713772558834,48.4062715637009],[-89.2715185099276,48.4063925642696],[-89.2715910447929,48.4064958772859],[-89.2716118873592,48.406602592023],[-89.2716439090987,48.4066793297962],[-89.2716883802697,48.4067546285935],[-89.2717323747373,48.4068192263068],[-89.2718382123647,48.4069075979729],[-89.2719573308004,48.4069730913569],[-89.2721109159793,48.4070498081088],[-89.2722240574527,48.4071416052819],[-89.2722829923948,48.4072606602592],[-89.2722731495075,48.407481058443],[-89.2722550323583,48.4076361542588],[-89.2721843614366,48.407735154134],[-89.2720655663222,48.4078374854343],[-89.272017674137,48.4078860421329],[-89.2720029539871,48.407997030409],[-89.2719591942775,48.4081383485055],[-89.2719512625263,48.4082813404037],[-89.2719498269827,48.408369450411],[-89.2719954132188,48.4084697235701],[-89.2721002993825,48.4085366883264],[-89.2721964675665,48.4086085857454],[-89.2722796720367,48.4087104971554],[-89.2723251706409,48.4088488623194],[-89.2723514131427,48.4089161894433],[-89.2724091870227,48.4090090813035],[-89.272501057847,48.4091048695454],[-89.2726084228675,48.4091872576504],[-89.2726762250031,48.409264477516],[-89.2727239193969,48.4093718517411],[-89.2726885078095,48.4094999112302],[-89.2726185068823,48.409573901581],[-89.2725350483393,48.409626733256],[-89.2724138123715,48.4096743595591],[-89.2722198005721,48.4096936656926],[-89.2719771010239,48.4097436903787],[-89.2717855811387,48.4098188913428],[-89.2717121441485,48.4099762683187],[-89.2716411137594,48.4101542700795],[-89.2716013326542,48.4102645620186],[-89.2716049544678,48.4103257905084],[-89.2716186475976,48.4104124104065],[-89.2717139792319,48.4104855150979],[-89.2718008283957,48.410568905721],[-89.2718434052055,48.4106216269449],[-89.2719243053889,48.4106718069093],[-89.2720699816895,48.4107111842911],[-89.2722025432828,48.4107972416647],[-89.2722580204296,48.4108586359572],[-89.27226503027,48.4109337290224],[-89.2715412079979,48.4109816078389],[-89.2710292219288,48.4109836647063],[-89.2678972644953,48.4109832302698],[-89.2647447314909,48.4109944649331],[-89.2636656986749,48.410985719341],[-89.2635479775774,48.4109907751706],[-89.2634310087217,48.4110009634701],[-89.2633152968704,48.4110162392182],[-89.2632013391582,48.4110365377516],[-89.2630896276337,48.4110617711156],[-89.2629770242811,48.4110908152098],[-89.2628023521204,48.4111440273262],[-89.2627796638873,48.4111510921878],[-89.2627646581923,48.4111559535911],[-89.2627572219826,48.4111584698055],[-89.2627422487138,48.4111638182252],[-89.2627200475542,48.4111721745114],[-89.2625951573256,48.4112206981425],[-89.2613573989563,48.4116667374976],[-89.2612182936256,48.4117131170338],[-89.261074845168,48.4117532071528],[-89.2609276943524,48.4117868278906],[-89.2607774981636,48.4118138295586],[-89.2606532419497,48.4118246774195],[-89.2582055110593,48.4118558971248],[-89.2539286433378,48.4118523730461],[-89.2515804903329,48.4118915707761],[-89.2511412315204,48.4119218379175],[-89.2510058630676,48.4119387258328],[-89.2508721775779,48.4119607658284],[-89.2507406150583,48.4119878845179],[-89.2506116107537,48.4120199924149],[-89.2504855924463,48.4120569839853],[-89.2503629763657,48.412098736828],[-89.2501115139102,48.4121975038675],[-89.2489605533674,48.4126324462831],[-89.2484660042368,48.4128335932472],[-89.2484419058695,48.412843220088],[-89.2484094585414,48.4128559558801],[-89.2481737599134,48.4129477794029],[-89.247871127797,48.4130622686105],[-89.2477184846961,48.413125228326],[-89.2475623648782,48.4131842897463],[-89.2474029929684,48.413239366592],[-89.2471377907943,48.4133140433086],[-89.2469507421548,48.4133435931538],[-89.246761609169,48.4133665181722],[-89.2465709189086,48.4133827549736],[-89.2455550840524,48.4133933579014],[-89.2439558699555,48.4134277466607],[-89.2437438915485,48.413435924912],[-89.244825476063,48.4119939315533],[-89.244858233505,48.4119492258168],[-89.2450279705006,48.4117152968655],[-89.2454136118583,48.4110870568621],[-89.2454219893981,48.4110668354916],[-89.245459918274,48.4109616716369],[-89.2454909593198,48.4108555103829],[-89.2455150525433,48.4107485535478],[-89.2455321540783,48.4106410008341],[-89.2455403033803,48.4101886741152],[-89.2455368401666,48.4093673117036],[-89.2455217734653,48.4067363331456],[-89.244768390451,48.4067701034239],[-89.2438625613991,48.406817687733],[-89.2431544783161,48.4068390118592]]]},"properties":{"OBJECTID":33,"BABY_ATOM":"10300","FIRE_AREA":"1C","FIRE_STATION":"STATION 1","GlobalID":"0e54e877-9eac-4710-a39c-8f295dc0daff","Shape__Area":3453891.0109863281,"Shape__Length":9952.306384663736}},{"type":"Feature","id":34,"geometry":{"type":"Polygon","coordinates":[[[-89.2834017073342,48.4049025589143],[-89.2802087869118,48.4050876200715],[-89.2745281174156,48.4054949756103],[-89.2725182844629,48.4056852876115],[-89.2724715259174,48.4056896161788],[-89.2724434255295,48.4056919862108],[-89.2724152708761,48.4056941089803],[-89.272377704948,48.4056967919933],[-89.2709380793838,48.40579849985],[-89.2708609287437,48.405517416407],[-89.270844227568,48.40512403241],[-89.2708287922387,48.4047713185598],[-89.2708269941051,48.4047553090312],[-89.2708010682117,48.404555883793],[-89.2707676701888,48.4043047631562],[-89.2707529142111,48.404126844226],[-89.2707528850247,48.4041256427518],[-89.2707531222315,48.4041218969556],[-89.2707538458811,48.4041181811431],[-89.2707550543944,48.4041145205381],[-89.2707567409918,48.4041109449657],[-89.2707588865028,48.4041074790974],[-89.2707594196912,48.404106768573],[-89.2707603221425,48.404105762841],[-89.270761348664,48.4041048122426],[-89.2707624996559,48.4041039257671],[-89.2707637604674,48.4041031082025],[-89.2707651234385,48.4041023695972],[-89.2707665791185,48.4041017101377],[-89.2707681144871,48.4041011408782],[-89.2707697172732,48.4041006593614],[-89.2707713770767,48.4041002747904],[-89.2707730844468,48.4040999873516],[-89.2707748205625,48.4040997992161],[-89.2707765747432,48.4040997132941],[-89.2708253307211,48.4040992427363],[-89.2709662275054,48.4041033867189],[-89.2710184166587,48.4041067900383],[-89.2712477003925,48.404130045961],[-89.2714016438925,48.404145656236],[-89.2714787079675,48.4041500733069],[-89.2716238030166,48.4041520560657],[-89.2716346926318,48.404151867058],[-89.2719886643325,48.4041400033868],[-89.2721109654372,48.4041306312737],[-89.2722315776066,48.4041141988615],[-89.2722373636571,48.4041132261899],[-89.2722745551051,48.404105744213],[-89.2723106208358,48.4040961376907],[-89.2723452961325,48.4040844703373],[-89.2723671982472,48.4040757230869],[-89.2723792728506,48.4040700752734],[-89.2723905656742,48.4040637438093],[-89.2724009859661,48.4040567844723],[-89.2724104574645,48.4040492446562],[-89.2724189017689,48.4040411843935],[-89.27242626077,48.4040326642152],[-89.2724324779492,48.4040237500197],[-89.2724375035786,48.4040145084706],[-89.2724413002813,48.4040050104863],[-89.2724437533072,48.4039957738844],[-89.2724538602939,48.4039208760745],[-89.2724541260584,48.4038456769695],[-89.2724445449539,48.4037707462159],[-89.2724360834973,48.4037335490682],[-89.2724133090899,48.4036643872076],[-89.2723815735272,48.4035968096005],[-89.2723523674523,48.4035479964383],[-89.2723411115517,48.4035298974667],[-89.2723190511299,48.4034870298364],[-89.2723026878757,48.403443045525],[-89.272292142184,48.4033982813573],[-89.2722835035398,48.4033206282503],[-89.2722845433427,48.4032313185403],[-89.2722925542029,48.4031602914406],[-89.2723205953653,48.4030298538042],[-89.2723250106963,48.4030156820525],[-89.2723383845996,48.4029831018828],[-89.2723559739442,48.4029514218319],[-89.2723776395636,48.4029208848781],[-89.2724032214413,48.4028917209151],[-89.2724325227096,48.4028641515671],[-89.2724665291046,48.4028321587948],[-89.2724962141288,48.4027983151666],[-89.2725213608078,48.4027628760005],[-89.2725417704407,48.4027261124484],[-89.2725572920609,48.4026883055154],[-89.2725577082574,48.4026870628494],[-89.2725702571849,48.4026402830799],[-89.2725766333762,48.4025929513849],[-89.272576788313,48.4025454340181],[-89.272570724298,48.4024980854312],[-89.2725641592593,48.4024700551389],[-89.2725549828145,48.402443279401],[-89.2725423335056,48.4024171355255],[-89.2725263109248,48.402391826684],[-89.2725070331236,48.4023675457855],[-89.2724846567824,48.4023444732791],[-89.2724593413211,48.4023227904593],[-89.2724572792788,48.4023211819843],[-89.2724195070516,48.4022944395429],[-89.2723783819736,48.4022699901931],[-89.2723419696326,48.4022515965242],[-89.2723353293464,48.4022487684894],[-89.2723283445576,48.4022463359485],[-89.2723210660186,48.4022443158933],[-89.2723135527023,48.4022427278525],[-89.2723058604807,48.4022415824187],[-89.2722980464558,48.402240887461],[-89.2722901729293,48.402240646247],[-89.2722854349316,48.4022407236682],[-89.2722324652527,48.4022440520031],[-89.2721843172574,48.4022498178126],[-89.272118462852,48.4022615585991],[-89.2720736991679,48.4022719532342],[-89.2717802964179,48.4023560151356],[-89.2717595668805,48.4023625581491],[-89.2715309209868,48.4024260290872],[-89.2714229009303,48.4024517196149],[-89.2712755609738,48.4024851685812],[-89.2712366964691,48.4024933805803],[-89.2711229491699,48.4025125996469],[-89.2711158971928,48.4025135423794],[-89.2710705134012,48.4025180330859],[-89.2710247184077,48.4025198749665],[-89.2710173727873,48.402519837378],[-89.2710039700361,48.4025191726193],[-89.2709907109784,48.4025177294466],[-89.2709776853984,48.4025155213827],[-89.2709650009112,48.4025125678963],[-89.2709527502011,48.4025088869515],[-89.2709410279429,48.402504510869],[-89.2709361526351,48.4025023856865],[-89.2709280772637,48.4024983109794],[-89.2709205695048,48.4024937832917],[-89.2709136796016,48.4024888385204],[-89.2709074672874,48.4024835132753],[-89.2709019707348,48.4024778454914],[-89.2708972392773,48.402471880981],[-89.2708933046973,48.4024656659031],[-89.2708691131648,48.4024216929098],[-89.2708016711832,48.4022970648048],[-89.2707187563953,48.4021417236796],[-89.2706670809847,48.4020454615528],[-89.2706510640323,48.4020196484879],[-89.270631732442,48.4019948644861],[-89.2706250412618,48.4019878562721],[-89.2706092309771,48.4019712956327],[-89.2705855988005,48.4019506147673],[-89.270476515968,48.4018702192067],[-89.270358778946,48.4017972885755],[-89.2702184816236,48.4017244000997],[-89.2701351270168,48.4016868925183],[-89.2700491877059,48.4016479288344],[-89.2699229219419,48.4015813788053],[-89.2696943186408,48.4014389922436],[-89.269397847563,48.4012509205805],[-89.2690202806233,48.4010430929346],[-89.2687564612886,48.400921244872],[-89.2687035924955,48.4008994515895],[-89.2685822226085,48.4008550630465],[-89.2684555014693,48.4008178860681],[-89.2684048293353,48.4008054039021],[-89.2683214178543,48.4007886054191],[-89.2682361276336,48.4007767133171],[-89.2681496029887,48.4007698147549],[-89.2681482028492,48.4007697469973],[-89.2677925308061,48.4007625265167],[-89.2677479419948,48.4007630800792],[-89.267171875549,48.4007592317675],[-89.2667997260139,48.4007466305119],[-89.2667055848511,48.4007413700598],[-89.2667016844331,48.4007410762455],[-89.2666358318354,48.4007340561096],[-89.2665711468644,48.4007232403194],[-89.2665081223496,48.4007087118369],[-89.2663921076625,48.4006765922499],[-89.2661040496926,48.4005828080875],[-89.2657620875115,48.4004503113979],[-89.2654135503855,48.4003150946431],[-89.2651141711374,48.400215204066],[-89.2648499344482,48.4001260266017],[-89.2648435601448,48.4001236346694],[-89.2647874719001,48.4001001197151],[-89.2647346764818,48.4000734402883],[-89.2645049685229,48.3999353596649],[-89.2644841143028,48.3999210505836],[-89.2644496610892,48.3998939414697],[-89.264418885344,48.3998649361648],[-89.2643920239603,48.3998342576413],[-89.2643692802795,48.3998021340306],[-89.2643508287802,48.3997688129266],[-89.2643383795383,48.3997463333525],[-89.2643043338634,48.3996848533562],[-89.2642470261114,48.3996039129444],[-89.2641793435363,48.3995266047711],[-89.2641431198324,48.3994907714685],[-89.2640898428142,48.3994447928392],[-89.2640307496788,48.3994020813715],[-89.263966289885,48.3993629611114],[-89.2638969604876,48.399327732675],[-89.26387867951,48.3993194550604],[-89.263729859587,48.399259723199],[-89.2635737900783,48.3992088559057],[-89.2634116609643,48.3991672418105],[-89.2634108926759,48.3991670706858],[-89.2634168574717,48.3991487335828],[-89.2634204022672,48.3991301202034],[-89.2634215009701,48.39911137322],[-89.2634201354682,48.3990926324487],[-89.2634163257274,48.3990740432542],[-89.2634103803986,48.3990564408169],[-89.2634095859481,48.399038663223],[-89.2633984396507,48.3987891736509],[-89.2633216370108,48.3970701427728],[-89.263003708459,48.3899526454008],[-89.2692909768819,48.3898397677565],[-89.2692437649036,48.3887066820379],[-89.2689164690953,48.3808494841999],[-89.267532853802,48.3808526019072],[-89.2656470570286,48.3808519699836],[-89.2644968078464,48.3808516064245],[-89.2704489123701,48.3743292734999],[-89.2727259686529,48.3721171108093],[-89.2835224387779,48.372022590605],[-89.2833452739839,48.3870692304064],[-89.2835909109776,48.3904080131726],[-89.2838515885211,48.3939505231175],[-89.2848434778344,48.3939417940154],[-89.2868510932403,48.3939432075222],[-89.2871073882658,48.3939441036901],[-89.2895207676479,48.3939465871007],[-89.2913031871516,48.393944143784],[-89.2918304835059,48.3939434155328],[-89.2915465495741,48.3983195622842],[-89.2946426126809,48.3986723757325],[-89.2941405862587,48.3990837275626],[-89.2910984996291,48.4015960356889],[-89.2910689305335,48.4016205623644],[-89.2910572226652,48.4016304345279],[-89.2910456913894,48.4016403877477],[-89.2910343353965,48.4016504229496],[-89.291011847389,48.401670606754],[-89.2899530779234,48.4026262553275],[-89.2898185280259,48.4027475624858],[-89.2897962061685,48.4027678264125],[-89.2897852086436,48.4027780315986],[-89.2897744745417,48.4027883557027],[-89.2897641595029,48.4027988343148],[-89.289754107847,48.4028094309463],[-89.2897392544796,48.4028254271489],[-89.2896261307565,48.4029484002609],[-89.2893553335354,48.4032423451876],[-89.2893358677049,48.4032638100028],[-89.2893217726449,48.403280118559],[-89.2893082484832,48.4032966829714],[-89.2892905704535,48.4033189030606],[-89.2886391000513,48.4041420485717],[-89.2885069413607,48.4043088675704],[-89.2884894109518,48.4043311403763],[-89.2884807958548,48.4043423246264],[-89.2884724233894,48.404353585924],[-89.2884644116797,48.4043649669054],[-89.2884451960885,48.4043936802847],[-89.2877328544732,48.405476553835],[-89.2871319463167,48.4053161231487],[-89.2865245302891,48.4051539499649],[-89.2858782528102,48.4050300696611],[-89.2856075874371,48.404990523498],[-89.2853350242783,48.404957255904],[-89.2850608919733,48.4049303053222],[-89.2847855202674,48.4049097047784],[-89.2845092399319,48.4048954800833],[-89.2842323853841,48.4048876479809],[-89.2839552892875,48.4048862162556],[-89.2836782854944,48.4048911890727],[-89.2834017073342,48.4049025589143]]]},"properties":{"OBJECTID":34,"BABY_ATOM":"40100","FIRE_AREA":"4A","FIRE_STATION":"STATION 4","GlobalID":"322c9c5c-ba07-4e5d-81a6-78ca5c9a737b","Shape__Area":5128295.4379882813,"Shape__Length":12039.397931013711}},{"type":"Feature","id":35,"geometry":{"type":"Polygon","coordinates":[[[-89.2410853410051,48.3893821499395],[-89.239085937024,48.3886537105509],[-89.234724157608,48.3871703540735],[-89.2367209803748,48.3857603205674],[-89.2393863680196,48.3839196383039],[-89.2417036840995,48.3822314113664],[-89.2428705790386,48.3800492003614],[-89.2437455081785,48.3780784486991],[-89.2458822603863,48.375640508177],[-89.246537395403,48.3743769671138],[-89.248714213785,48.3743608005105],[-89.2511779057937,48.3743267736327],[-89.2524692310796,48.374321549999],[-89.2539056866762,48.3743201676155],[-89.2552744259535,48.3743331695466],[-89.2558680795123,48.3743331691888],[-89.2566176353824,48.3743331636689],[-89.2593475960458,48.3743490258659],[-89.2614150380846,48.3743387039863],[-89.2621278949038,48.3743394589271],[-89.262738122133,48.374340101135],[-89.2640953081915,48.3743351819088],[-89.2647675071372,48.374337177175],[-89.2654716992569,48.3743392660849],[-89.2675511863677,48.3743440072532],[-89.2689280217655,48.3743266237974],[-89.2693917565559,48.3743261370685],[-89.2704489123701,48.3743292734999],[-89.2644968078464,48.3808516064245],[-89.2656470570286,48.3808519699836],[-89.267532853802,48.3808526019072],[-89.2689164690953,48.3808494841999],[-89.2692437649036,48.3887066820379],[-89.2689619782749,48.3887441587664],[-89.2686438038448,48.3888024033823],[-89.2685433424322,48.3888268562638],[-89.2684464660064,48.3888570479614],[-89.2683770712017,48.388883130014],[-89.2683355312792,48.3888985180076],[-89.2682867064268,48.3889132453134],[-89.2682361387655,48.3889250828185],[-89.2681842159551,48.3889339382988],[-89.2681304370082,48.3889402715041],[-89.2680565030791,48.3889451775286],[-89.2679822140659,48.3889457735549],[-89.2679081248692,48.3889420522376],[-89.2678025455714,48.3889367520205],[-89.2676966763641,48.3889376017495],[-89.2675913192036,48.3889445919081],[-89.2675782707956,48.3889458911069],[-89.2672067731074,48.3889857128101],[-89.2668763977457,48.3890209653707],[-89.2661343682342,48.389095104574],[-89.2661234525007,48.3890960628666],[-89.2660899694254,48.3890976989012],[-89.2651458106637,48.3891163013521],[-89.264596227967,48.3891271255024],[-89.2638916308641,48.389140998848],[-89.2638712514839,48.3891413019771],[-89.263748626073,48.389138967151],[-89.2636267712582,48.3891295216765],[-89.2635608675057,48.3891221562367],[-89.2631405319047,48.3890605311828],[-89.2628219638833,48.3890035026112],[-89.262529150841,48.3889500962423],[-89.2619701123598,48.3888430543119],[-89.2617753454673,48.3888084411266],[-89.2616853437398,48.3887957920417],[-89.2609244071271,48.3887027073035],[-89.2604544833535,48.3886475906807],[-89.2600311986085,48.3885977988401],[-89.2599242200828,48.3885837167353],[-89.2596229746403,48.3885316113637],[-89.2592654134238,48.3884697652627],[-89.2591787618616,48.3884580651057],[-89.2591645605051,48.3884565752125],[-89.2590481199857,48.3884443588937],[-89.2583959874466,48.3883930794626],[-89.2575091594309,48.389434993339],[-89.2561267908964,48.3910590101799],[-89.2559346824175,48.3912957466216],[-89.2550648393454,48.3922745111983],[-89.2536409181808,48.3939277343693],[-89.2529160608747,48.3947761899193],[-89.2528382199959,48.3948673026968],[-89.2510713471492,48.3969423542574],[-89.2507827835619,48.3972812283967],[-89.2501103083801,48.398068211123],[-89.2496807290286,48.3982200624391],[-89.2455135541344,48.403723779229],[-89.2455094872383,48.4033009518095],[-89.2454829971878,48.4005472709697],[-89.245504164591,48.399146463559],[-89.245500534282,48.3967972282919],[-89.2454769384372,48.3957695543286],[-89.2454742732374,48.3944374680925],[-89.2454705728803,48.3939594187199],[-89.2454770939213,48.3919973099508],[-89.2455033712158,48.3901114617599],[-89.2442660754609,48.3901086788336],[-89.2430488719941,48.3901011053579],[-89.2410853410051,48.3893821499395]]]},"properties":{"OBJECTID":35,"BABY_ATOM":"10000","FIRE_AREA":"1","FIRE_STATION":"STATION 1","GlobalID":"c79eb7bf-0e18-411c-9e72-72939f30e896","Shape__Area":4037178.6267089844,"Shape__Length":10695.575987784201}},{"type":"Feature","id":437,"geometry":{"type":"Polygon","coordinates":[[[-89.3323849062801,48.2892996214313],[-89.3325376909763,48.2893014904677],[-89.332651489255,48.2893189695059],[-89.3323849062801,48.2892996214313]]]},"properties":{"OBJECTID":437,"BABY_ATOM":null,"FIRE_AREA":null,"FIRE_STATION":null,"GlobalID":"dad23c40-2acc-417b-b31a-2009defb8c2f","Shape__Area":10.14013671875,"Shape__Length":39.902773827070575}},{"type":"Feature","id":438,"geometry":{"type":"Polygon","coordinates":[[[-89.3345142123132,48.2894541465019],[-89.3364634434264,48.2894329852121],[-89.3385787987647,48.2897490047747],[-89.3345142123132,48.2894541465019]]]},"properties":{"OBJECTID":438,"BABY_ATOM":null,"FIRE_AREA":null,"FIRE_STATION":null,"GlobalID":"f77f40f2-b3aa-4bdc-a7f2-3a97128a1a51","Shape__Area":2726.260986328125,"Shape__Length":608.90205058210779}}]}