{"type":"FeatureCollection","crs":{"type":"name","properties":{"name":"EPSG:4326"}},"properties":{"exceededTransferLimit":true},"features":[{"type":"Feature","id":2001,"geometry":{"type":"Point","coordinates":[-89.2964964195118,48.3935803869001]},"properties":{"OBJECTID":2001,"LOC_ID":"FC1100","FDMID":1089,"X_COORD":330004.97148,"Y_COORD":5362593.35716,"BEAT":"S 1","ROT_ANGLE":0,"NODE_ID":6572,"GLOBALID":"55cd1db2-cc7b-4f48-8bd0-c4ca6a59dcff","CREATEDDATE":1520794199000,"LASTUPDATE":1643920997000}},{"type":"Feature","id":2002,"geometry":{"type":"Point","coordinates":[-89.2272189389587,48.3934479932989]},"properties":{"OBJECTID":2002,"LOC_ID":"FC0155","FDMID":151,"X_COORD":335132.43849,"Y_COORD":5362427.16401,"BEAT":"S 11","ROT_ANGLE":0,"NODE_ID":519,"GLOBALID":"03ce1a25-65c6-40e5-848e-ccd60872caac","CREATEDDATE":1520794199000,"LASTUPDATE":1643920997000}},{"type":"Feature","id":2003,"geometry":{"type":"Point","coordinates":[-89.2361876888769,48.3916355512869]},"properties":{"OBJECTID":2003,"LOC_ID":"FC0697","FDMID":688,"X_COORD":334449.81475,"Y_COORD":5362260.48139,"BEAT":"S 11","ROT_ANGLE":0,"NODE_ID":2989,"GLOBALID":"95ed3c56-3bf1-435f-9391-12a94d038639","CREATEDDATE":1520794199000,"LASTUPDATE":1670878793000}},{"type":"Feature","id":2004,"geometry":{"type":"Point","coordinates":[-89.2551955876965,48.3913734346139]},"properties":{"OBJECTID":2004,"LOC_ID":"FC0662","FDMID":654,"X_COORD":333054.8326,"Y_COORD":5362257.2115,"BEAT":"S 9","ROT_ANGLE":0,"NODE_ID":9156,"GLOBALID":"90a36ca6-bc18-407c-8ea4-0b71d6b386e5","CREATEDDATE":1520794199000,"LASTUPDATE":1643920997000}},{"type":"Feature","id":2005,"geometry":{"type":"Point","coordinates":[-89.2853559315347,48.390009976055]},"properties":{"OBJECTID":2005,"LOC_ID":"FC0966","FDMID":957,"X_COORD":330817.74332,"Y_COORD":5362171.85777,"BEAT":"S 1","ROT_ANGLE":0,"NODE_ID":10151,"GLOBALID":"245580c5-7b76-4223-904b-22658de20922","CREATEDDATE":1520794199000,"LASTUPDATE":1643920997000}},{"type":"Feature","id":2006,"geometry":{"type":"Point","coordinates":[-89.2201346184501,48.3850853644051]},"properties":{"OBJECTID":2006,"LOC_ID":"FP0028","FDMID":3294,"X_COORD":335629.87184,"Y_COORD":5361482.4874,"BEAT":"S 12","ROT_ANGLE":0,"NODE_ID":8652,"GLOBALID":"99145d00-b55a-48fe-ada8-63789e8c4b3c","CREATEDDATE":1520794199000,"LASTUPDATE":1643920997000}},{"type":"Feature","id":2007,"geometry":{"type":"Point","coordinates":[-89.3332360489706,48.3880716396237]},"properties":{"OBJECTID":2007,"LOC_ID":"NC0022","FDMID":1200,"X_COORD":327266.90069,"Y_COORD":5362063.31889,"BEAT":"S 13","ROT_ANGLE":0,"NODE_ID":9753,"GLOBALID":"3d31e08d-45d4-40f2-832e-3ea4defc04e4","CREATEDDATE":1520794199000,"LASTUPDATE":1643920997000}},{"type":"Feature","id":2008,"geometry":{"type":"Point","coordinates":[-89.2551246054604,48.385500420118]},"properties":{"OBJECTID":2008,"LOC_ID":"FC0601","FDMID":593,"X_COORD":333035.75753,"Y_COORD":5361601.95799,"BEAT":"S 10","ROT_ANGLE":0,"NODE_ID":1885,"GLOBALID":"bc9140e8-fb97-4ff4-b64a-5263623ed605","CREATEDDATE":1520794199000,"LASTUPDATE":1670013735000}},{"type":"Feature","id":2009,"geometry":{"type":"Point","coordinates":[-89.2467047230138,48.3833261896462]},"properties":{"OBJECTID":2009,"LOC_ID":"FC0121","FDMID":114,"X_COORD":333654.32188,"Y_COORD":5361358.18455,"BEAT":"S 10","ROT_ANGLE":0,"NODE_ID":8981,"GLOBALID":"2b1d23d7-2b18-4cbd-a008-91955a414752","CREATEDDATE":1520794199000,"LASTUPDATE":1643920997000}},{"type":"Feature","id":2010,"geometry":{"type":"Point","coordinates":[-89.2746668441422,48.3832262027137]},"properties":{"OBJECTID":2010,"LOC_ID":"FC0646","FDMID":638,"X_COORD":331586.6127,"Y_COORD":5361394.3297,"BEAT":"S 7","ROT_ANGLE":0,"NODE_ID":2794,"GLOBALID":"d9e30f7c-632c-4992-905f-920c5d099149","CREATEDDATE":1520794199000,"LASTUPDATE":1643920997000}},{"type":"Feature","id":2011,"geometry":{"type":"Point","coordinates":[-89.2797164161537,48.383176301114]},"properties":{"OBJECTID":2011,"LOC_ID":"FC0220","FDMID":216,"X_COORD":331212.60719,"Y_COORD":5361399.89847,"BEAT":"S 5","ROT_ANGLE":0,"NODE_ID":5080,"GLOBALID":"efb8b1dc-4353-4832-97c0-3c579a1ab773","CREATEDDATE":1520794199000,"LASTUPDATE":1643920997000}},{"type":"Feature","id":2012,"geometry":{"type":"Point","coordinates":[-89.2758753950366,48.3824003943897]},"properties":{"OBJECTID":2012,"LOC_ID":"FC0210","FDMID":206,"X_COORD":331494.41225,"Y_COORD":5361305.20433,"BEAT":"S 7","ROT_ANGLE":0,"NODE_ID":6133,"GLOBALID":"48783349-d9fa-4cd0-96bf-c0da03db1581","CREATEDDATE":1520794199000,"LASTUPDATE":1643920997000}},{"type":"Feature","id":2013,"geometry":{"type":"Point","coordinates":[-89.3017877578053,48.3810341319545]},"properties":{"OBJECTID":2013,"LOC_ID":"FC1187","FDMID":0,"X_COORD":329571.42677,"Y_COORD":5361210.67633,"BEAT":null,"ROT_ANGLE":0,"NODE_ID":2505,"GLOBALID":"db184eb2-5852-45a4-86e7-4564e6d1819d","CREATEDDATE":1520794199000,"LASTUPDATE":1643920997000}},{"type":"Feature","id":2014,"geometry":{"type":"Point","coordinates":[-89.293993840891,48.3807105791706]},"properties":{"OBJECTID":2014,"LOC_ID":"FC0050","FDMID":29,"X_COORD":330147.39196,"Y_COORD":5361157.40657,"BEAT":"S 2","ROT_ANGLE":0,"NODE_ID":10473,"GLOBALID":"421248c7-5bad-4d65-8629-d30e51d2074f","CREATEDDATE":1520794199000,"LASTUPDATE":1643920997000}},{"type":"Feature","id":2015,"geometry":{"type":"Point","coordinates":[-89.3133858061287,48.3709136976343]},"properties":{"OBJECTID":2015,"LOC_ID":"NP0006","FDMID":3267,"X_COORD":328678.7709,"Y_COORD":5360111.73233,"BEAT":"S 13","ROT_ANGLE":0,"NODE_ID":9250,"GLOBALID":"31b7ce43-b9fa-4fa3-bbe1-83f565ceae59","CREATEDDATE":1520794199000,"LASTUPDATE":1643920997000}},{"type":"Feature","id":2016,"geometry":{"type":"Point","coordinates":[-89.288065629507,48.3797280352874]},"properties":{"OBJECTID":2016,"LOC_ID":"FC0360","FDMID":355,"X_COORD":330584.85602,"Y_COORD":5361034.94743,"BEAT":"S 5","ROT_ANGLE":0,"NODE_ID":3919,"GLOBALID":"b29e9398-5d44-4179-8e19-cc557f1332d8","CREATEDDATE":1520794199000,"LASTUPDATE":1643920997000}},{"type":"Feature","id":2017,"geometry":{"type":"Point","coordinates":[-89.2708883345252,48.3807395561394]},"properties":{"OBJECTID":2017,"LOC_ID":"FC0040","FDMID":19,"X_COORD":331858.62652,"Y_COORD":5361109.59319,"BEAT":"S 7","ROT_ANGLE":0,"NODE_ID":4554,"GLOBALID":"7f0aec26-ecfd-4378-a5f7-0d7487b9c6cb","CREATEDDATE":1520794199000,"LASTUPDATE":1643920997000}},{"type":"Feature","id":2018,"geometry":{"type":"Point","coordinates":[-89.2948960534935,48.3762258835025]},"properties":{"OBJECTID":2018,"LOC_ID":"FC1111","FDMID":1100,"X_COORD":330065.66626,"Y_COORD":5360660.9665,"BEAT":"S 2","ROT_ANGLE":0,"NODE_ID":3457,"GLOBALID":"215f51f4-e5e0-4a20-923b-84716f1a535c","CREATEDDATE":1520794199000,"LASTUPDATE":1643920997000}},{"type":"Feature","id":2019,"geometry":{"type":"Point","coordinates":[-89.2725551443406,48.3773149387251]},"properties":{"OBJECTID":2019,"LOC_ID":"FC0386","FDMID":380,"X_COORD":331723.4621,"Y_COORD":5360732.6867,"BEAT":"S 7","ROT_ANGLE":0,"NODE_ID":8695,"GLOBALID":"9e0cbe4e-5f4e-4c95-8b37-d1838ae699ab","CREATEDDATE":1520794199000,"LASTUPDATE":1643920997000}},{"type":"Feature","id":2020,"geometry":{"type":"Point","coordinates":[-89.2489962259199,48.3767430403161]},"properties":{"OBJECTID":2020,"LOC_ID":"FC0714","FDMID":705,"X_COORD":333465.9622,"Y_COORD":5360617.63185,"BEAT":"S 10","ROT_ANGLE":0,"NODE_ID":3104,"GLOBALID":"3d402ab4-119c-41aa-b5b0-c2df523fdee4","CREATEDDATE":1520794199000,"LASTUPDATE":1643920997000}},{"type":"Feature","id":2021,"geometry":{"type":"Point","coordinates":[-89.2758647080056,48.3761036698852]},"properties":{"OBJECTID":2021,"LOC_ID":"FC0328","FDMID":323,"X_COORD":331474.01903,"Y_COORD":5360603.02321,"BEAT":"S 7","ROT_ANGLE":0,"NODE_ID":6325,"GLOBALID":"ea7d8286-9779-4958-afde-bbefdbdc79d3","CREATEDDATE":1520794199000,"LASTUPDATE":1643920997000}},{"type":"Feature","id":2022,"geometry":{"type":"Point","coordinates":[-89.2595542166682,48.3760332929813]},"properties":{"OBJECTID":2022,"LOC_ID":"FC0524","FDMID":516,"X_COORD":332673.6783,"Y_COORD":5360562.78846,"BEAT":"S 8","ROT_ANGLE":0,"NODE_ID":8440,"GLOBALID":"2c19e9fc-ce22-498c-aa93-0f5d4301c1dd","CREATEDDATE":1520794199000,"LASTUPDATE":1676573231000}},{"type":"Feature","id":2023,"geometry":{"type":"Point","coordinates":[-89.2923269202062,48.372409177106]},"properties":{"OBJECTID":2023,"LOC_ID":"FC1150","FDMID":1139,"X_COORD":330243.20841,"Y_COORD":5360231.07031,"BEAT":"S 2","ROT_ANGLE":0,"NODE_ID":10263,"GLOBALID":"963571cf-7eec-441f-96e7-e3bd2b5e8442","CREATEDDATE":1520794199000,"LASTUPDATE":1643920997000}},{"type":"Feature","id":2024,"geometry":{"type":"Point","coordinates":[-89.3531915571965,48.3680762492313]},"properties":{"OBJECTID":2024,"LOC_ID":"NP0041","FDMID":1710,"X_COORD":325721.41103,"Y_COORD":5359886.17508,"BEAT":"S 15","ROT_ANGLE":0,"NODE_ID":6686,"GLOBALID":"8280b5db-882e-4834-ae92-6ca337b6b963","CREATEDDATE":1520794199000,"LASTUPDATE":1643920998000}},{"type":"Feature","id":2025,"geometry":{"type":"Point","coordinates":[-89.3165890554752,48.3399656068273]},"properties":{"OBJECTID":2025,"LOC_ID":"NC0225","FDMID":1402,"X_COORD":328337.64732,"Y_COORD":5356679.23773,"BEAT":"S 17","ROT_ANGLE":0,"NODE_ID":8569,"GLOBALID":"894b3bd1-f9f5-4bb6-9bda-b96c8b099032","CREATEDDATE":1520794199000,"LASTUPDATE":1643920998000}},{"type":"Feature","id":2026,"geometry":{"type":"Point","coordinates":[-89.3618430569542,48.3236095214118]},"properties":{"OBJECTID":2026,"LOC_ID":"NC0394","FDMID":1569,"X_COORD":324928.43823,"Y_COORD":5354963.75971,"BEAT":"S 16","ROT_ANGLE":0,"NODE_ID":8673,"GLOBALID":"3d4375b6-54e1-480d-aabf-085e30db4633","CREATEDDATE":1520794199000,"LASTUPDATE":1643920998000}},{"type":"Feature","id":2027,"geometry":{"type":"Point","coordinates":[-89.3249204428483,48.3196509435833]},"properties":{"OBJECTID":2027,"LOC_ID":"NC0377","FDMID":1552,"X_COORD":327651.82588,"Y_COORD":5354440.14192,"BEAT":"S 17","ROT_ANGLE":0,"NODE_ID":9851,"GLOBALID":"2be752c6-79f7-4ca3-b9c2-631293482a35","CREATEDDATE":1520794199000,"LASTUPDATE":1643920998000}},{"type":"Feature","id":2028,"geometry":{"type":"Point","coordinates":[-89.3651649405973,48.3144982559729]},"properties":{"OBJECTID":2028,"LOC_ID":"NC0177","FDMID":1354,"X_COORD":324650.98133,"Y_COORD":5353958.71267,"BEAT":"S 16","ROT_ANGLE":0,"NODE_ID":4412,"GLOBALID":"a12f1445-c354-439a-9913-ccddeeb1a270","CREATEDDATE":1520794199000,"LASTUPDATE":1643920998000}},{"type":"Feature","id":2029,"geometry":{"type":"Point","coordinates":[-89.347700384658,48.3095207400977]},"properties":{"OBJECTID":2029,"LOC_ID":"NC0485","FDMID":1658,"X_COORD":325928.75746,"Y_COORD":5353365.71376,"BEAT":"S 17","ROT_ANGLE":0,"NODE_ID":7720,"GLOBALID":"171e7cd4-0bd8-49ef-ad3b-1f84b5c1b5d1","CREATEDDATE":1520794199000,"LASTUPDATE":1643920998000}},{"type":"Feature","id":2030,"geometry":{"type":"Point","coordinates":[-89.1849484123826,48.4708111512591]},"properties":{"OBJECTID":2030,"LOC_ID":"PC0069","FDMID":1793,"X_COORD":338506.77347,"Y_COORD":5370935.5516,"BEAT":"N 11","ROT_ANGLE":0,"NODE_ID":8625,"GLOBALID":"c20591d2-e60f-4012-8ea9-1da73cf438b0","CREATEDDATE":1520794199000,"LASTUPDATE":1643920998000}},{"type":"Feature","id":2031,"geometry":{"type":"Point","coordinates":[-89.1823013808511,48.470547522476]},"properties":{"OBJECTID":2031,"LOC_ID":"PC0070","FDMID":1794,"X_COORD":338701.5759,"Y_COORD":5370900.66469,"BEAT":"N 11","ROT_ANGLE":0,"NODE_ID":7401,"GLOBALID":"5e21eaaa-f6bd-4ace-934b-0d98827d34df","CREATEDDATE":1520794199000,"LASTUPDATE":1643920998000}},{"type":"Feature","id":2032,"geometry":{"type":"Point","coordinates":[-89.2173643152823,48.4630835338116]},"properties":{"OBJECTID":2032,"LOC_ID":"PP0064","FDMID":2931,"X_COORD":336089.6632,"Y_COORD":5370144.26968,"BEAT":"N 9","ROT_ANGLE":0,"NODE_ID":8504,"GLOBALID":"386af3aa-90f1-4f5b-8a6c-5c9bf62515e2","CREATEDDATE":1520794199000,"LASTUPDATE":1643920998000}},{"type":"Feature","id":2033,"geometry":{"type":"Point","coordinates":[-89.1738751629707,48.4573156425123]},"properties":{"OBJECTID":2033,"LOC_ID":"PP0013","FDMID":2884,"X_COORD":339282.54358,"Y_COORD":5369412.2725,"BEAT":"N 14","ROT_ANGLE":0,"NODE_ID":9806,"GLOBALID":"bd4af4ff-3926-4f5a-9011-d8effb06084d","CREATEDDATE":1520794199000,"LASTUPDATE":1643920998000}},{"type":"Feature","id":2034,"geometry":{"type":"Point","coordinates":[-89.2458676673748,48.4570156754469]},"properties":{"OBJECTID":2034,"LOC_ID":"MP0018","FDMID":3402,"X_COORD":333959.32822,"Y_COORD":5369532.66648,"BEAT":"N 12","ROT_ANGLE":0,"NODE_ID":4060,"GLOBALID":"aaac6d43-4f98-4d8c-94bf-5de760c9778b","CREATEDDATE":1520794199000,"LASTUPDATE":1643920998000}},{"type":"Feature","id":2035,"geometry":{"type":"Point","coordinates":[-89.2281039728288,48.4585576219252]},"properties":{"OBJECTID":2035,"LOC_ID":"PC0253","FDMID":1976,"X_COORD":335277.55081,"Y_COORD":5369665.65182,"BEAT":"N 8","ROT_ANGLE":0,"NODE_ID":122,"GLOBALID":"e3dbf99d-6661-4d9b-84d5-b49aa98b5870","CREATEDDATE":1520794199000,"LASTUPDATE":1643920998000}},{"type":"Feature","id":2036,"geometry":{"type":"Point","coordinates":[-89.2591426565811,48.4502204078352]},"properties":{"OBJECTID":2036,"LOC_ID":"MC0027","FDMID":3025,"X_COORD":332955.639,"Y_COORD":5368806.29208,"BEAT":"N 13","ROT_ANGLE":0,"NODE_ID":2529,"GLOBALID":"ecfc6cd0-c237-4a48-b92a-8f8c7dd58bbd","CREATEDDATE":1520794199000,"LASTUPDATE":1643920998000}},{"type":"Feature","id":2037,"geometry":{"type":"Point","coordinates":[-89.286005600469,48.4446146161778]},"properties":{"OBJECTID":2037,"LOC_ID":"MC0286","FDMID":3440,"X_COORD":330950.86665,"Y_COORD":5368242.2332,"BEAT":"N 13","ROT_ANGLE":0,"NODE_ID":6547,"GLOBALID":"12245415-08f1-4402-a74d-551eb8db35fd","CREATEDDATE":1520794199000,"LASTUPDATE":1643920998000}},{"type":"Feature","id":2038,"geometry":{"type":"Point","coordinates":[-89.1994373429652,48.4435759968503]},"properties":{"OBJECTID":2038,"LOC_ID":"PP0243","FDMID":2587,"X_COORD":337348.90134,"Y_COORD":5367939.19064,"BEAT":"N 14","ROT_ANGLE":0,"NODE_ID":12,"GLOBALID":"ee3e6123-cb25-4908-9eee-a1578f0852fd","CREATEDDATE":1520794199000,"LASTUPDATE":1643920998000}},{"type":"Feature","id":2039,"geometry":{"type":"Point","coordinates":[-89.2356155248104,48.4436272444903]},"properties":{"OBJECTID":2039,"LOC_ID":"PC0373","FDMID":2096,"X_COORD":334673.7743,"Y_COORD":5368022.42034,"BEAT":"N 5","ROT_ANGLE":0,"NODE_ID":2123,"GLOBALID":"2bc050e7-bc02-4556-b1d8-c2a0df426124","CREATEDDATE":1520794199000,"LASTUPDATE":1644363432000}},{"type":"Feature","id":2040,"geometry":{"type":"Point","coordinates":[-89.2629429977735,48.4388719637423]},"properties":{"OBJECTID":2040,"LOC_ID":"PC0978","FDMID":2692,"X_COORD":332637.35343,"Y_COORD":5367553.29573,"BEAT":"N 4","ROT_ANGLE":0,"NODE_ID":8744,"GLOBALID":"ad3f1676-cece-44e6-b072-e443b7361275","CREATEDDATE":1520794199000,"LASTUPDATE":1643920998000}},{"type":"Feature","id":2041,"geometry":{"type":"Point","coordinates":[-89.2174942718268,48.4397768553202]},"properties":{"OBJECTID":2041,"LOC_ID":"PC0392","FDMID":2115,"X_COORD":336001.4159,"Y_COORD":5367555.46584,"BEAT":"N7","ROT_ANGLE":0,"NODE_ID":8878,"GLOBALID":"082d3616-7bce-4a27-91da-dcc69ba7edbd","CREATEDDATE":1520794199000,"LASTUPDATE":1643920998000}},{"type":"Feature","id":2042,"geometry":{"type":"Point","coordinates":[-89.2577296585418,48.4362558714141]},"properties":{"OBJECTID":2042,"LOC_ID":"PC0948","FDMID":2664,"X_COORD":333014.32905,"Y_COORD":5367251.13918,"BEAT":"N 4","ROT_ANGLE":0,"NODE_ID":8335,"GLOBALID":"2702db7f-4f5a-41ed-ac2c-5a6d7c7a53d5","CREATEDDATE":1520794199000,"LASTUPDATE":1643920998000}},{"type":"Feature","id":2043,"geometry":{"type":"Point","coordinates":[-89.2214538277746,48.4343376980096]},"properties":{"OBJECTID":2043,"LOC_ID":"PC0417","FDMID":2139,"X_COORD":335691.04918,"Y_COORD":5366959.41541,"BEAT":"N7","ROT_ANGLE":0,"NODE_ID":2290,"GLOBALID":"8cd1a0e1-1cf2-48b9-9fc0-61f3dcfae694","CREATEDDATE":1520794199000,"LASTUPDATE":1643920998000}},{"type":"Feature","id":2044,"geometry":{"type":"Point","coordinates":[-89.2251441736274,48.4329775964923]},"properties":{"OBJECTID":2044,"LOC_ID":"PC0446","FDMID":2168,"X_COORD":335413.45353,"Y_COORD":5366814.90904,"BEAT":"N7","ROT_ANGLE":0,"NODE_ID":7801,"GLOBALID":"7ef52120-7c29-429c-ac9d-735a63d5f1c3","CREATEDDATE":1520794199000,"LASTUPDATE":1678394644000}},{"type":"Feature","id":2045,"geometry":{"type":"Point","coordinates":[-89.251597182347,48.4334779393185]},"properties":{"OBJECTID":2045,"LOC_ID":"PC0637","FDMID":2356,"X_COORD":333458.79727,"Y_COORD":5366929.02232,"BEAT":"N 5","ROT_ANGLE":0,"NODE_ID":8,"GLOBALID":"30b631ce-8c38-4202-ba00-44c5a85bae3a","CREATEDDATE":1520794199000,"LASTUPDATE":1643920998000}},{"type":"Feature","id":2046,"geometry":{"type":"Point","coordinates":[-89.2209915889949,48.4334021104949]},"properties":{"OBJECTID":2046,"LOC_ID":"PC0429","FDMID":2151,"X_COORD":335722.22051,"Y_COORD":5366854.43621,"BEAT":"N7","ROT_ANGLE":0,"NODE_ID":3505,"GLOBALID":"5050118b-9a06-41be-9d18-ff6f40fbbc0b","CREATEDDATE":1520794199000,"LASTUPDATE":1643920998000}},{"type":"Feature","id":2047,"geometry":{"type":"Point","coordinates":[-89.2446365740545,48.4311629135048]},"properties":{"OBJECTID":2047,"LOC_ID":"PC0606","FDMID":2325,"X_COORD":333966.08227,"Y_COORD":5366656.58661,"BEAT":"N 5","ROT_ANGLE":0,"NODE_ID":6220,"GLOBALID":"57bb1a22-182a-433c-ad6c-4a0c2841aaa8","CREATEDDATE":1520794199000,"LASTUPDATE":1643920998000}},{"type":"Feature","id":2048,"geometry":{"type":"Point","coordinates":[-89.2257956237787,48.4302521052478]},"properties":{"OBJECTID":2048,"LOC_ID":"PC0532","FDMID":2252,"X_COORD":335357.11792,"Y_COORD":5366512.96344,"BEAT":"N7","ROT_ANGLE":0,"NODE_ID":10480,"GLOBALID":"5bd23fe3-c868-4684-8f6e-c05b7e74749e","CREATEDDATE":1520794199000,"LASTUPDATE":1643920998000}},{"type":"Feature","id":2049,"geometry":{"type":"Point","coordinates":[-89.2372425741046,48.4271506829092]},"properties":{"OBJECTID":2049,"LOC_ID":"PC0583","FDMID":2302,"X_COORD":334501.63683,"Y_COORD":5366192.47243,"BEAT":"N 3","ROT_ANGLE":0,"NODE_ID":1148,"GLOBALID":"f8afff31-a343-432a-b94c-de54c8fb9fb4","CREATEDDATE":1520794199000,"LASTUPDATE":1643920998000}},{"type":"Feature","id":2050,"geometry":{"type":"Point","coordinates":[-89.2446697577591,48.4278256567893]},"properties":{"OBJECTID":2050,"LOC_ID":"PC0603","FDMID":2322,"X_COORD":333952.75107,"Y_COORD":5366285.73861,"BEAT":"N 3","ROT_ANGLE":0,"NODE_ID":351,"GLOBALID":"543da37d-f1f1-4a66-b73c-63922776ea1d","CREATEDDATE":1520794199000,"LASTUPDATE":1644354885000}},{"type":"Feature","id":2051,"geometry":{"type":"Point","coordinates":[-89.2622799283681,48.4203689909074]},"properties":{"OBJECTID":2051,"LOC_ID":"PP0042","FDMID":2909,"X_COORD":332625.62454,"Y_COORD":5365495.33067,"BEAT":"N 1","ROT_ANGLE":0,"NODE_ID":3673,"GLOBALID":"ba3fcbfc-bfd3-4280-ba34-3edb93e2bdd1","CREATEDDATE":1520794199000,"LASTUPDATE":1643920999000}},{"type":"Feature","id":2052,"geometry":{"type":"Point","coordinates":[-89.2544671928112,48.4162365503982]},"properties":{"OBJECTID":2052,"LOC_ID":"PC1158","FDMID":3341,"X_COORD":333190.09481,"Y_COORD":5365018.98404,"BEAT":"N 3","ROT_ANGLE":0,"NODE_ID":7590,"GLOBALID":"49e70b48-509b-4c19-8b18-33b3057f8085","CREATEDDATE":1520794199000,"LASTUPDATE":1643920999000}},{"type":"Feature","id":2053,"geometry":{"type":"Point","coordinates":[-89.2407171570496,48.4171219766651]},"properties":{"OBJECTID":2053,"LOC_ID":"PC0705","FDMID":2424,"X_COORD":334219.72553,"Y_COORD":5365084.26737,"BEAT":"N 2","ROT_ANGLE":0,"NODE_ID":3561,"GLOBALID":"b354f003-f7a5-44d5-a3c0-1cc99f29467c","CREATEDDATE":1520794199000,"LASTUPDATE":1644351293000}},{"type":"Feature","id":2054,"geometry":{"type":"Point","coordinates":[-89.2438390881376,48.4136962891858]},"properties":{"OBJECTID":2054,"LOC_ID":"PC0806","FDMID":2522,"X_COORD":333968.16867,"Y_COORD":5364713.542,"BEAT":"N 2","ROT_ANGLE":0,"NODE_ID":5529,"GLOBALID":"028238dd-143a-4649-99e5-32d0964615a7","CREATEDDATE":1520794199000,"LASTUPDATE":1644351317000}},{"type":"Feature","id":2055,"geometry":{"type":"Point","coordinates":[-89.2241748313799,48.4120288327695]},"properties":{"OBJECTID":2055,"LOC_ID":"PP0171","FDMID":2406,"X_COORD":335417.75331,"Y_COORD":5364485.75601,"BEAT":"N 14","ROT_ANGLE":0,"NODE_ID":8306,"GLOBALID":"7b4cfece-2d8e-471f-bdff-da4cef2b7993","CREATEDDATE":1520794199000,"LASTUPDATE":1643920999000}},{"type":"Feature","id":2056,"geometry":{"type":"Point","coordinates":[-89.2498620074375,48.4094267202192]},"properties":{"OBJECTID":2056,"LOC_ID":"PC1178","FDMID":3361,"X_COORD":333508.58723,"Y_COORD":5364252.10404,"BEAT":"N 2","ROT_ANGLE":0,"NODE_ID":7783,"GLOBALID":"a1d2f8fa-e141-4324-b06c-42bbffdb141b","CREATEDDATE":1520794199000,"LASTUPDATE":1643920999000}},{"type":"Feature","id":2057,"geometry":{"type":"Point","coordinates":[-89.2262627831407,48.4064579088252]},"properties":{"OBJECTID":2057,"LOC_ID":"PC0805","FDMID":2521,"X_COORD":335245.25462,"Y_COORD":5363871.07185,"BEAT":"N 14","ROT_ANGLE":0,"NODE_ID":2354,"GLOBALID":"f01c5ece-3f87-49a5-b70a-974d057ffb51","CREATEDDATE":1520794199000,"LASTUPDATE":1643920999000}},{"type":"Feature","id":2058,"geometry":{"type":"Point","coordinates":[-89.2469162098041,48.406963188816]},"properties":{"OBJECTID":2058,"LOC_ID":"PC1205","FDMID":3651,"X_COORD":333718.53078,"Y_COORD":5363971.91332,"BEAT":"N 2","ROT_ANGLE":0,"NODE_ID":2352,"GLOBALID":"7d3666cf-854c-44f4-8d6d-5bd69a347bd3","CREATEDDATE":1520794199000,"LASTUPDATE":1643920999000}},{"type":"Feature","id":2059,"geometry":{"type":"Point","coordinates":[-89.2733566746056,48.4074925483589]},"properties":{"OBJECTID":2059,"LOC_ID":"PC1044","FDMID":2758,"X_COORD":331763.66281,"Y_COORD":5364088.47908,"BEAT":"N 1","ROT_ANGLE":0,"NODE_ID":8836,"GLOBALID":"c504a371-9322-40fd-9393-81bad0c7f938","CREATEDDATE":1520794199000,"LASTUPDATE":1643920999000}},{"type":"Feature","id":2060,"geometry":{"type":"Point","coordinates":[-89.2766457138995,48.4042994366285]},"properties":{"OBJECTID":2060,"LOC_ID":"FP0072","FDMID":3596,"X_COORD":331509.7231,"Y_COORD":5363740.81828,"BEAT":"S 1","ROT_ANGLE":0,"NODE_ID":5246,"GLOBALID":"96b021d9-3513-4318-9e52-556367ef1033","CREATEDDATE":1520794199000,"LASTUPDATE":1643920999000}},{"type":"Feature","id":2061,"geometry":{"type":"Point","coordinates":[-89.2500905322474,48.4006295327753]},"properties":{"OBJECTID":2061,"LOC_ID":"PC1116","FDMID":2830,"X_COORD":333462.94908,"Y_COORD":5363274.85399,"BEAT":"N 2","ROT_ANGLE":0,"NODE_ID":7259,"GLOBALID":"d40e2a59-296b-4b39-b0ce-7d776968543f","CREATEDDATE":1520794199000,"LASTUPDATE":1643920999000}},{"type":"Feature","id":2062,"geometry":{"type":"Point","coordinates":[-89.2915144116486,48.3994616712668]},"properties":{"OBJECTID":2062,"LOC_ID":"FC1084","FDMID":1075,"X_COORD":330393.27382,"Y_COORD":5363235.95633,"BEAT":"S 1","ROT_ANGLE":0,"NODE_ID":10554,"GLOBALID":"15f89b8a-4985-4c0f-9189-c48f0f011598","CREATEDDATE":1520794199000,"LASTUPDATE":1643920999000}},{"type":"Feature","id":2063,"geometry":{"type":"Point","coordinates":[-89.281641120546,48.3976988055271]},"properties":{"OBJECTID":2063,"LOC_ID":"FC0990","FDMID":981,"X_COORD":331118.18364,"Y_COORD":5363018.21169,"BEAT":"S 4","ROT_ANGLE":0,"NODE_ID":5739,"GLOBALID":"ca0b42db-faa5-49c4-ba6c-cf4ff5acda44","CREATEDDATE":1520794199000,"LASTUPDATE":1643920999000}},{"type":"Feature","id":2064,"geometry":{"type":"Point","coordinates":[-89.2334430308972,48.3978095173326]},"properties":{"OBJECTID":2064,"LOC_ID":"FC0578","FDMID":570,"X_COORD":334685.86979,"Y_COORD":5362925.33822,"BEAT":"S 11","ROT_ANGLE":0,"NODE_ID":9292,"GLOBALID":"ea755798-cfd2-463a-aad8-2b49d90be63d","CREATEDDATE":1520794199000,"LASTUPDATE":1643920999000}},{"type":"Feature","id":2065,"geometry":{"type":"Point","coordinates":[-89.2732866193177,48.3964149620945]},"properties":{"OBJECTID":2065,"LOC_ID":"FC0967","FDMID":958,"X_COORD":331732.30102,"Y_COORD":5362857.13291,"BEAT":"S 4","ROT_ANGLE":0,"NODE_ID":10154,"GLOBALID":"4cbf614b-8cf5-4bdd-b942-d23d2fb46a97","CREATEDDATE":1520794199000,"LASTUPDATE":1643920999000}},{"type":"Feature","id":2066,"geometry":{"type":"Point","coordinates":[-89.2785599249417,48.39525945429]},"properties":{"OBJECTID":2066,"LOC_ID":"FC0977","FDMID":968,"X_COORD":331338.17033,"Y_COORD":5362740.30628,"BEAT":"S 4","ROT_ANGLE":0,"NODE_ID":2903,"GLOBALID":"3548bd0a-d465-41aa-9680-5c8f07b79a3d","CREATEDDATE":1520794199000,"LASTUPDATE":1643920999000}},{"type":"Feature","id":2067,"geometry":{"type":"Point","coordinates":[-89.2949016464543,48.3929357205215]},"properties":{"OBJECTID":2067,"LOC_ID":"FC1058","FDMID":1049,"X_COORD":330120.8678,"Y_COORD":5362518.16868,"BEAT":"S 1","ROT_ANGLE":0,"NODE_ID":8137,"GLOBALID":"52e59d45-a0b1-4b9d-8d33-30e5a61c0275","CREATEDDATE":1520794199000,"LASTUPDATE":1643920999000}},{"type":"Feature","id":2068,"geometry":{"type":"Point","coordinates":[-89.2395311735583,48.3927070344167]},"properties":{"OBJECTID":2068,"LOC_ID":"FC1185","FDMID":0,"X_COORD":334218.68131,"Y_COORD":5362371.39313,"BEAT":null,"ROT_ANGLE":0,"NODE_ID":7456,"GLOBALID":"54a1010d-7ec7-41a5-aafb-49a9cb5a39fe","CREATEDDATE":1520794199000,"LASTUPDATE":1643920999000}},{"type":"Feature","id":2069,"geometry":{"type":"Point","coordinates":[-89.2453322738091,48.3900207268202]},"properties":{"OBJECTID":2069,"LOC_ID":"FC0493","FDMID":485,"X_COORD":333777.77686,"Y_COORD":5362086.43364,"BEAT":"S 11","ROT_ANGLE":0,"NODE_ID":2408,"GLOBALID":"9c255fa6-6f0e-4670-8774-afc4df2846b8","CREATEDDATE":1520794199000,"LASTUPDATE":1674521959000}},{"type":"Feature","id":2070,"geometry":{"type":"Point","coordinates":[-89.2930676576492,48.3895436253294]},"properties":{"OBJECTID":2070,"LOC_ID":"FC1045","FDMID":1036,"X_COORD":330245.33782,"Y_COORD":5362137.09348,"BEAT":"S 1","ROT_ANGLE":0,"NODE_ID":5007,"GLOBALID":"eb0d6c59-ed88-4de7-ae1e-9bf8000e906e","CREATEDDATE":1520794199000,"LASTUPDATE":1643920999000}},{"type":"Feature","id":2071,"geometry":{"type":"Point","coordinates":[-89.3332162454788,48.386603629232]},"properties":{"OBJECTID":2071,"LOC_ID":"NC0021","FDMID":1199,"X_COORD":327263.39631,"Y_COORD":5361900.11377,"BEAT":"S 13","ROT_ANGLE":0,"NODE_ID":4989,"GLOBALID":"9d0da901-0eb0-46d7-82ce-c3578c0f0cee","CREATEDDATE":1520794199000,"LASTUPDATE":1643920999000}},{"type":"Feature","id":2072,"geometry":{"type":"Point","coordinates":[-89.2724654224658,48.386095481026]},"properties":{"OBJECTID":2072,"LOC_ID":"FC0147","FDMID":143,"X_COORD":331746.30755,"Y_COORD":5361709.79697,"BEAT":"S 7","ROT_ANGLE":0,"NODE_ID":6708,"GLOBALID":"559e695c-78c7-472d-9d1e-d27436b4ab48","CREATEDDATE":1520794199000,"LASTUPDATE":1643920999000}},{"type":"Feature","id":2073,"geometry":{"type":"Point","coordinates":[-89.275439076879,48.3882870764864]},"properties":{"OBJECTID":2073,"LOC_ID":"FC0821","FDMID":812,"X_COORD":331546.14831,"Y_COORD":5361958.50942,"BEAT":"S 4","ROT_ANGLE":0,"NODE_ID":7214,"GLOBALID":"70220ed5-36d8-4aad-aa48-111d4cd12f36","CREATEDDATE":1520794199000,"LASTUPDATE":1643920999000}},{"type":"Feature","id":2074,"geometry":{"type":"Point","coordinates":[-89.2476264708635,48.3845848427131]},"properties":{"OBJECTID":2074,"LOC_ID":"FC0723","FDMID":714,"X_COORD":333593.31452,"Y_COORD":5361504.11531,"BEAT":"S 10","ROT_ANGLE":0,"NODE_ID":5389,"GLOBALID":"ca7ca0f6-156e-4657-9676-ebf8bcfc3b21","CREATEDDATE":1520794199000,"LASTUPDATE":1643920999000}},{"type":"Feature","id":2075,"geometry":{"type":"Point","coordinates":[-89.251374778534,48.3854857309763]},"properties":{"OBJECTID":2075,"LOC_ID":"FC0503","FDMID":495,"X_COORD":333310.82134,"Y_COORD":5361594.25137,"BEAT":"S 10","ROT_ANGLE":0,"NODE_ID":2882,"GLOBALID":"f4514ef9-28ae-4bd3-a332-2e9924eed1a9","CREATEDDATE":1520794199000,"LASTUPDATE":1670266533000}},{"type":"Feature","id":2076,"geometry":{"type":"Point","coordinates":[-89.2840133189761,48.3832416660854]},"properties":{"OBJECTID":2076,"LOC_ID":"FC0434","FDMID":427,"X_COORD":330894.70665,"Y_COORD":5361416.64062,"BEAT":"S 5","ROT_ANGLE":0,"NODE_ID":3245,"GLOBALID":"c5ff401f-abac-4834-bf5d-22bcd7c01db9","CREATEDDATE":1520794199000,"LASTUPDATE":1643920999000}},{"type":"Feature","id":2077,"geometry":{"type":"Point","coordinates":[-89.3331466319963,48.3779897249939]},"properties":{"OBJECTID":2077,"LOC_ID":"NP0047","FDMID":1716,"X_COORD":327239.39426,"Y_COORD":5360942.57649,"BEAT":"S 13","ROT_ANGLE":0,"NODE_ID":7840,"GLOBALID":"513caa5f-ddcb-48fe-88eb-db96abce4a15","CREATEDDATE":1520794199000,"LASTUPDATE":1643921000000}},{"type":"Feature","id":2078,"geometry":{"type":"Point","coordinates":[-89.2844617340585,48.3789887479762]},"properties":{"OBJECTID":2078,"LOC_ID":"FC0359","FDMID":354,"X_COORD":330847.79926,"Y_COORD":5360944.95806,"BEAT":"S 5","ROT_ANGLE":0,"NODE_ID":1778,"GLOBALID":"2282ec20-da54-4c96-81c0-da46019ebef9","CREATEDDATE":1520794199000,"LASTUPDATE":1671652893000}},{"type":"Feature","id":2079,"geometry":{"type":"Point","coordinates":[-89.2878001421668,48.3789897124553]},"properties":{"OBJECTID":2079,"LOC_ID":"FC0361","FDMID":356,"X_COORD":330600.24726,"Y_COORD":5360952.42967,"BEAT":"S 5","ROT_ANGLE":0,"NODE_ID":6631,"GLOBALID":"4a8e6e1d-5581-4c9a-ae20-d01df6845439","CREATEDDATE":1520794199000,"LASTUPDATE":1643921000000}},{"type":"Feature","id":2080,"geometry":{"type":"Point","coordinates":[-89.2401746406009,48.3749158846446]},"properties":{"OBJECTID":2080,"LOC_ID":"FC0395","FDMID":389,"X_COORD":334113.21136,"Y_COORD":5360395.41796,"BEAT":"S 12","ROT_ANGLE":0,"NODE_ID":7574,"GLOBALID":"38bc89e8-b35d-46d4-b973-2ac1acd8a95f","CREATEDDATE":1520794199000,"LASTUPDATE":1643921000000}},{"type":"Feature","id":2081,"geometry":{"type":"Point","coordinates":[-89.2405889112734,48.3726389310586]},"properties":{"OBJECTID":2081,"LOC_ID":"FP0048","FDMID":1168,"X_COORD":334075.1352,"Y_COORD":5360143.24772,"BEAT":"S 12","ROT_ANGLE":0,"NODE_ID":9781,"GLOBALID":"62192216-7e54-4522-b70e-02c3b9d31744","CREATEDDATE":1520794199000,"LASTUPDATE":1643921000000}},{"type":"Feature","id":2082,"geometry":{"type":"Point","coordinates":[-89.2558858690286,48.3693663912089]},"properties":{"OBJECTID":2082,"LOC_ID":"FC0472","FDMID":464,"X_COORD":332931.671,"Y_COORD":5359812.76452,"BEAT":null,"ROT_ANGLE":0,"NODE_ID":97,"GLOBALID":"c7d7ffab-aa16-4969-a2e9-b8794f3b650b","CREATEDDATE":1520794199000,"LASTUPDATE":1643921000000}},{"type":"Feature","id":2083,"geometry":{"type":"Point","coordinates":[-89.2861003392291,48.3650052031475]},"properties":{"OBJECTID":2083,"LOC_ID":"FC0292","FDMID":287,"X_COORD":330679.73551,"Y_COORD":5359394.39294,"BEAT":"S 6","ROT_ANGLE":0,"NODE_ID":6920,"GLOBALID":"724ff513-2086-4315-83ce-f5b7ea68de5e","CREATEDDATE":1520794199000,"LASTUPDATE":1644003439000}},{"type":"Feature","id":2084,"geometry":{"type":"Point","coordinates":[-89.3759906369685,48.362406073066]},"properties":{"OBJECTID":2084,"LOC_ID":"NC0079","FDMID":1257,"X_COORD":324013.48475,"Y_COORD":5359308.09098,"BEAT":"S 14","ROT_ANGLE":0,"NODE_ID":3899,"GLOBALID":"cd3f3dda-0cd7-4645-b6e8-e32a39aa265f","CREATEDDATE":1520794199000,"LASTUPDATE":1643921000000}},{"type":"Feature","id":2085,"geometry":{"type":"Point","coordinates":[-89.3317548130652,48.3293437379033]},"properties":{"OBJECTID":2085,"LOC_ID":"NC0575","FDMID":3619,"X_COORD":327177.98293,"Y_COORD":5355532.79908,"BEAT":"S 17","ROT_ANGLE":0,"NODE_ID":9210,"GLOBALID":"569ce4bf-b03a-4a83-871d-c3f649d25306","CREATEDDATE":1520794199000,"LASTUPDATE":1643921000000}},{"type":"Feature","id":2086,"geometry":{"type":"Point","coordinates":[-89.3775370985001,48.3098176569265]},"properties":{"OBJECTID":2086,"LOC_ID":"NP0072","FDMID":3612,"X_COORD":323717.65781,"Y_COORD":5353466.87242,"BEAT":"S 16","ROT_ANGLE":0,"NODE_ID":3475,"GLOBALID":"7a0204a5-7a9d-4da6-a413-c2a502afc151","CREATEDDATE":1520794199000,"LASTUPDATE":1643921000000}},{"type":"Feature","id":2087,"geometry":{"type":"Point","coordinates":[-89.3418012172583,48.3104275799607]},"properties":{"OBJECTID":2087,"LOC_ID":"NC0373","FDMID":1548,"X_COORD":326369.20572,"Y_COORD":5353453.12727,"BEAT":"S 17","ROT_ANGLE":0,"NODE_ID":464,"GLOBALID":"30b61b81-7d75-4a83-b755-b19b80810bf3","CREATEDDATE":1520794199000,"LASTUPDATE":1643921000000}},{"type":"Feature","id":2088,"geometry":{"type":"Point","coordinates":[-89.3467138948623,48.3102282781207]},"properties":{"OBJECTID":2088,"LOC_ID":"NC0489","FDMID":1662,"X_COORD":326004.30332,"Y_COORD":5353442.11159,"BEAT":"S 17","ROT_ANGLE":0,"NODE_ID":5327,"GLOBALID":"e8a43c3d-5bdc-4f0e-9a7a-afa0226fb51e","CREATEDDATE":1520794199000,"LASTUPDATE":1643921000000}},{"type":"Feature","id":2089,"geometry":{"type":"Point","coordinates":[-89.1735525221644,48.4761365580296]},"properties":{"OBJECTID":2089,"LOC_ID":"PC0060","FDMID":1784,"X_COORD":339365.83421,"Y_COORD":5371503.46226,"BEAT":"N 11","ROT_ANGLE":0,"NODE_ID":8977,"GLOBALID":"545654f8-8c98-406f-8d05-b8ce6f995967","CREATEDDATE":1520794199000,"LASTUPDATE":1643921000000}},{"type":"Feature","id":2090,"geometry":{"type":"Point","coordinates":[-89.2600444964374,48.4655633942331]},"properties":{"OBJECTID":2090,"LOC_ID":"MC0264","FDMID":3418,"X_COORD":332939.34076,"Y_COORD":5370513.55429,"BEAT":"N 15","ROT_ANGLE":0,"NODE_ID":9402,"GLOBALID":"dc0c8d7d-ad0d-4841-ab0f-152d21a6d997","CREATEDDATE":1520794199000,"LASTUPDATE":1643921000000}},{"type":"Feature","id":2091,"geometry":{"type":"Point","coordinates":[-89.1734583726603,48.4568703188569]},"properties":{"OBJECTID":2091,"LOC_ID":"PP0016","FDMID":2887,"X_COORD":339311.94954,"Y_COORD":5369361.90219,"BEAT":"N 14","ROT_ANGLE":0,"NODE_ID":9806,"GLOBALID":"833aeec2-0e4d-4c0e-96b6-c9b7bac4260b","CREATEDDATE":1520794199000,"LASTUPDATE":1643921000000}},{"type":"Feature","id":2092,"geometry":{"type":"Point","coordinates":[-89.2533135818744,48.4610972630399]},"properties":{"OBJECTID":2092,"LOC_ID":"MC0171","FDMID":3168,"X_COORD":333422.23254,"Y_COORD":5370002.49355,"BEAT":"N 12","ROT_ANGLE":0,"NODE_ID":3355,"GLOBALID":"a776cdcf-b096-4bc8-a727-9e994e17d90e","CREATEDDATE":1520794199000,"LASTUPDATE":1643921000000}},{"type":"Feature","id":2093,"geometry":{"type":"Point","coordinates":[-89.2020280769967,48.4536840716645]},"properties":{"OBJECTID":2093,"LOC_ID":"PP0102","FDMID":2966,"X_COORD":337189.64733,"Y_COORD":5369068.16011,"BEAT":"N 10","ROT_ANGLE":0,"NODE_ID":10240,"GLOBALID":"d30ea455-fd2a-4cb3-ad4f-b93e450c70f1","CREATEDDATE":1520794199000,"LASTUPDATE":1643921000000}},{"type":"Feature","id":2094,"geometry":{"type":"Point","coordinates":[-89.2576076866376,48.4600679687231]},"properties":{"OBJECTID":2094,"LOC_ID":"MC0175","FDMID":3172,"X_COORD":333101.43049,"Y_COORD":5369897.45061,"BEAT":"N 12","ROT_ANGLE":0,"NODE_ID":1637,"GLOBALID":"0ae6ae00-ddfa-4be9-97cb-d102267b8c03","CREATEDDATE":1520794199000,"LASTUPDATE":1643921000000}},{"type":"Feature","id":2095,"geometry":{"type":"Point","coordinates":[-89.2493827160481,48.460687199199]},"properties":{"OBJECTID":2095,"LOC_ID":"MC0073","FDMID":3070,"X_COORD":333711.46748,"Y_COORD":5369948.36747,"BEAT":"N 12","ROT_ANGLE":0,"NODE_ID":9098,"GLOBALID":"daf5f69f-e0a5-4298-9151-78b873afe403","CREATEDDATE":1520794199000,"LASTUPDATE":1643921000000}},{"type":"Feature","id":2096,"geometry":{"type":"Point","coordinates":[-89.2580474040967,48.4594633315723]},"properties":{"OBJECTID":2096,"LOC_ID":"MC0125","FDMID":3122,"X_COORD":333066.94166,"Y_COORD":5369831.20779,"BEAT":"N 12","ROT_ANGLE":0,"NODE_ID":6586,"GLOBALID":"829434b1-2c37-4fd2-a6be-dd95adf7ebf8","CREATEDDATE":1520794199000,"LASTUPDATE":1643921000000}},{"type":"Feature","id":2097,"geometry":{"type":"Point","coordinates":[-89.2256194091291,48.4596397838634]},"properties":{"OBJECTID":2097,"LOC_ID":"PC0254","FDMID":1977,"X_COORD":335464.72163,"Y_COORD":5369780.57867,"BEAT":"N 8","ROT_ANGLE":0,"NODE_ID":1827,"GLOBALID":"1e33839d-27d7-4e15-9d6f-b35ab8f251ec","CREATEDDATE":1520794199000,"LASTUPDATE":1643921000000}},{"type":"Feature","id":2098,"geometry":{"type":"Point","coordinates":[-89.2425375907521,48.4580786829521]},"properties":{"OBJECTID":2098,"LOC_ID":"MC0095","FDMID":3092,"X_COORD":334208.97507,"Y_COORD":5369643.59102,"BEAT":"N 12","ROT_ANGLE":0,"NODE_ID":4102,"GLOBALID":"ee69cdd0-71d5-4652-a29e-0c685a6ec0f7","CREATEDDATE":1520794199000,"LASTUPDATE":1643921000000}},{"type":"Feature","id":2099,"geometry":{"type":"Point","coordinates":[-89.2505592171897,48.4567382492957]},"properties":{"OBJECTID":2099,"LOC_ID":"MC0064","FDMID":3061,"X_COORD":333611.58627,"Y_COORD":5369512.02443,"BEAT":"N 12","ROT_ANGLE":0,"NODE_ID":7531,"GLOBALID":"5fb5ae9b-f8e3-4a93-8f54-d64c59d507f7","CREATEDDATE":1520794199000,"LASTUPDATE":1643921000000}},{"type":"Feature","id":2100,"geometry":{"type":"Point","coordinates":[-89.2475239484312,48.4564814011088]},"properties":{"OBJECTID":2100,"LOC_ID":"MC0091","FDMID":3088,"X_COORD":333835.13878,"Y_COORD":5369476.88101,"BEAT":"N 12","ROT_ANGLE":0,"NODE_ID":1678,"GLOBALID":"8a8ba37d-66a8-46fc-a145-046807f4282d","CREATEDDATE":1520794199000,"LASTUPDATE":1643921000000}},{"type":"Feature","id":2101,"geometry":{"type":"Point","coordinates":[-89.2729239403322,48.4556154912031]},"properties":{"OBJECTID":2101,"LOC_ID":"MC0299","FDMID":3558,"X_COORD":331954.51337,"Y_COORD":5369436.1084,"BEAT":"N 15","ROT_ANGLE":0,"NODE_ID":3365,"GLOBALID":"4f479845-674c-42b8-a49d-21ac02c35747","CREATEDDATE":1520794199000,"LASTUPDATE":1643921000000}},{"type":"Feature","id":2102,"geometry":{"type":"Point","coordinates":[-89.2164399266661,48.452669899928]},"properties":{"OBJECTID":2102,"LOC_ID":"PC0125","FDMID":1848,"X_COORD":336120.86985,"Y_COORD":5368986.20094,"BEAT":"N 9","ROT_ANGLE":0,"NODE_ID":2113,"GLOBALID":"f4ff907a-f14a-49d9-a474-627c9aaeb69a","CREATEDDATE":1520794199000,"LASTUPDATE":1644348651000}},{"type":"Feature","id":2103,"geometry":{"type":"Point","coordinates":[-89.2802017038344,48.4484174972092]},"properties":{"OBJECTID":2103,"LOC_ID":"MC0279","FDMID":3433,"X_COORD":331392.63407,"Y_COORD":5368652.10123,"BEAT":"N 15","ROT_ANGLE":0,"NODE_ID":2516,"GLOBALID":"3fc0d424-04da-4e19-880a-16ab84333f9b","CREATEDDATE":1520794199000,"LASTUPDATE":1643921000000}},{"type":"Feature","id":2104,"geometry":{"type":"Point","coordinates":[-89.2296554729522,48.4469865323485]},"properties":{"OBJECTID":2104,"LOC_ID":"PC0358","FDMID":2081,"X_COORD":335125.38364,"Y_COORD":5368382.92286,"BEAT":"N 8","ROT_ANGLE":0,"NODE_ID":9649,"GLOBALID":"55a94d7a-cd54-4295-a193-406093767c49","CREATEDDATE":1520794199000,"LASTUPDATE":1643921000000}},{"type":"Feature","id":2105,"geometry":{"type":"Point","coordinates":[-89.2765329682235,48.443675683424]},"properties":{"OBJECTID":2105,"LOC_ID":"MC0261","FDMID":3415,"X_COORD":331648.21705,"Y_COORD":5368117.00158,"BEAT":"N 13","ROT_ANGLE":0,"NODE_ID":6543,"GLOBALID":"59099c06-9155-43c9-b491-a7e5c88b2388","CREATEDDATE":1520794199000,"LASTUPDATE":1643921001000}},{"type":"Feature","id":2106,"geometry":{"type":"Point","coordinates":[-89.2228700692875,48.4421883814007]},"properties":{"OBJECTID":2106,"LOC_ID":"PC0318","FDMID":2041,"X_COORD":335610.775,"Y_COORD":5367831.17425,"BEAT":"N 6","ROT_ANGLE":0,"NODE_ID":7867,"GLOBALID":"50dbdec0-44e5-48d8-b2a0-135f752f761f","CREATEDDATE":1520794199000,"LASTUPDATE":1643921001000}},{"type":"Feature","id":2107,"geometry":{"type":"Point","coordinates":[-89.210513809342,48.4413333558553]},"properties":{"OBJECTID":2107,"LOC_ID":"PC0190","FDMID":1913,"X_COORD":336522.63497,"Y_COORD":5367713.53406,"BEAT":"N 10","ROT_ANGLE":0,"NODE_ID":3991,"GLOBALID":"0704537d-7eff-4dc2-b6d1-75eaf10b01e8","CREATEDDATE":1520794199000,"LASTUPDATE":1643921001000}},{"type":"Feature","id":2108,"geometry":{"type":"Point","coordinates":[-89.2305825719421,48.4322442585794]},"properties":{"OBJECTID":2108,"LOC_ID":"PC0568","FDMID":2288,"X_COORD":335009.09948,"Y_COORD":5366746.374,"BEAT":"N 6","ROT_ANGLE":0,"NODE_ID":9672,"GLOBALID":"601ae81f-33dc-42c7-b56f-a12dc4f8a2a1","CREATEDDATE":1520794199000,"LASTUPDATE":1643921001000}},{"type":"Feature","id":2109,"geometry":{"type":"Point","coordinates":[-89.2701582828526,48.4313811580812]},"properties":{"OBJECTID":2109,"LOC_ID":"PC1192","FDMID":3655,"X_COORD":332079.07145,"Y_COORD":5366736.52798,"BEAT":"N 1","ROT_ANGLE":0,"NODE_ID":6625,"GLOBALID":"786f503e-b81a-4f13-a5ec-c0ca44e13358","CREATEDDATE":1520794199000,"LASTUPDATE":1643921001000}},{"type":"Feature","id":2110,"geometry":{"type":"Point","coordinates":[-89.2525366051231,48.4267569597898]},"properties":{"OBJECTID":2110,"LOC_ID":"PC1059","FDMID":2773,"X_COORD":333367.33795,"Y_COORD":5366184.05643,"BEAT":"N 5","ROT_ANGLE":0,"NODE_ID":5257,"GLOBALID":"74ff843b-45a6-43f3-9c13-74606564d509","CREATEDDATE":1520794199000,"LASTUPDATE":1643921001000}},{"type":"Feature","id":2111,"geometry":{"type":"Point","coordinates":[-89.2381551153294,48.4238403003824]},"properties":{"OBJECTID":2111,"LOC_ID":"PC1018","FDMID":3675,"X_COORD":334420.73827,"Y_COORD":5365828.70744,"BEAT":"N 3","ROT_ANGLE":0,"NODE_ID":3453,"GLOBALID":"da02c4fe-cf05-4203-9c93-70d1acf1f262","CREATEDDATE":1520794199000,"LASTUPDATE":1678303600000}},{"type":"Feature","id":2112,"geometry":{"type":"Point","coordinates":[-89.2615611986886,48.4202066897367]},"properties":{"OBJECTID":2112,"LOC_ID":"PP0201","FDMID":3570,"X_COORD":332678.26377,"Y_COORD":5365475.72056,"BEAT":"N 1","ROT_ANGLE":0,"NODE_ID":568,"GLOBALID":"14b38394-10c7-43be-9ff5-8b37e02bf2ea","CREATEDDATE":1520794199000,"LASTUPDATE":1643921001000}},{"type":"Feature","id":2113,"geometry":{"type":"Point","coordinates":[-89.2554729186003,48.4239233503662]},"properties":{"OBJECTID":2113,"LOC_ID":"PP0180","FDMID":3313,"X_COORD":333140.85449,"Y_COORD":5365875.51192,"BEAT":"N 1","ROT_ANGLE":0,"NODE_ID":9186,"GLOBALID":"306faa18-b7cd-4c24-b310-f9afc4186c6d","CREATEDDATE":1520794199000,"LASTUPDATE":1643921001000}},{"type":"Feature","id":2114,"geometry":{"type":"Point","coordinates":[-89.2656481434309,48.4175903514097]},"properties":{"OBJECTID":2114,"LOC_ID":"PP0207","FDMID":3576,"X_COORD":332367.30236,"Y_COORD":5365193.87403,"BEAT":"N 1","ROT_ANGLE":0,"NODE_ID":8887,"GLOBALID":"39d1d750-f641-4319-8cde-3c62909eb53b","CREATEDDATE":1520794199000,"LASTUPDATE":1643921001000}},{"type":"Feature","id":2115,"geometry":{"type":"Point","coordinates":[-89.2521068568629,48.415905084485]},"properties":{"OBJECTID":2115,"LOC_ID":"PP0112","FDMID":2976,"X_COORD":333363.64745,"Y_COORD":5364977.00363,"BEAT":"N 2","ROT_ANGLE":0,"NODE_ID":5619,"GLOBALID":"2fa177f5-c405-4f1e-ad1b-fe8f4bd093c6","CREATEDDATE":1520794199000,"LASTUPDATE":1643921001000}},{"type":"Feature","id":2116,"geometry":{"type":"Point","coordinates":[-89.2918241071665,48.41818480474]},"properties":{"OBJECTID":2116,"LOC_ID":"MC0230","FDMID":3227,"X_COORD":330432.6653,"Y_COORD":5365317.57886,"BEAT":"N 1","ROT_ANGLE":0,"NODE_ID":4041,"GLOBALID":"26a395cc-f431-4bcb-8702-05c670520b8f","CREATEDDATE":1520794199000,"LASTUPDATE":1643921001000}},{"type":"Feature","id":2117,"geometry":{"type":"Point","coordinates":[-89.2773791628542,48.4123028566378]},"properties":{"OBJECTID":2117,"LOC_ID":"PC0166","FDMID":3493,"X_COORD":331481.90204,"Y_COORD":5364631.95633,"BEAT":"N 1","ROT_ANGLE":0,"NODE_ID":5524,"GLOBALID":"6e969c3a-a683-4e5e-b323-cc02c1e29d46","CREATEDDATE":1520794199000,"LASTUPDATE":1643921001000}},{"type":"Feature","id":2118,"geometry":{"type":"Point","coordinates":[-89.2819377431266,48.4094335835008]},"properties":{"OBJECTID":2118,"LOC_ID":"PC0693","FDMID":3517,"X_COORD":331135.09986,"Y_COORD":5364323.10078,"BEAT":"N 1","ROT_ANGLE":0,"NODE_ID":5519,"GLOBALID":"54a72e47-c5c3-49e3-a18d-65f0be2d582f","CREATEDDATE":1520794199000,"LASTUPDATE":1643921001000}},{"type":"Feature","id":2119,"geometry":{"type":"Point","coordinates":[-89.2431204176823,48.4024571864059]},"properties":{"OBJECTID":2119,"LOC_ID":"PP0097","FDMID":2961,"X_COORD":333984.74006,"Y_COORD":5363462.83479,"BEAT":"N 2","ROT_ANGLE":0,"NODE_ID":7694,"GLOBALID":"9818ff22-6672-47eb-897a-911b43c566b4","CREATEDDATE":1520794199000,"LASTUPDATE":1643921001000}},{"type":"Feature","id":2120,"geometry":{"type":"Point","coordinates":[-89.248531705475,48.4069425169279]},"properties":{"OBJECTID":2120,"LOC_ID":"PC0741","FDMID":2458,"X_COORD":333598.91734,"Y_COORD":5363973.10808,"BEAT":"N 2","ROT_ANGLE":0,"NODE_ID":10170,"GLOBALID":"e0d0e628-4ece-4462-b9cc-2024a9b21148","CREATEDDATE":1520794199000,"LASTUPDATE":1644352454000}},{"type":"Feature","id":2121,"geometry":{"type":"Point","coordinates":[-89.2743385217689,48.4078106362761]},"properties":{"OBJECTID":2121,"LOC_ID":"PC1042","FDMID":2756,"X_COORD":331696.18838,"Y_COORD":5364147.65681,"BEAT":"N 1","ROT_ANGLE":0,"NODE_ID":10,"GLOBALID":"f404034f-8a05-43a3-93ad-dd280606ce8d","CREATEDDATE":1520794199000,"LASTUPDATE":1643921001000}},{"type":"Feature","id":2122,"geometry":{"type":"Point","coordinates":[-89.2501116891182,48.4029880544073]},"properties":{"OBJECTID":2122,"LOC_ID":"PC1114","FDMID":2828,"X_COORD":333469.08515,"Y_COORD":5363537.03409,"BEAT":"N 2","ROT_ANGLE":0,"NODE_ID":8445,"GLOBALID":"ff78ab2d-4d1f-4bce-92f5-2e64bb97d388","CREATEDDATE":1520794199000,"LASTUPDATE":1643921001000}},{"type":"Feature","id":2123,"geometry":{"type":"Point","coordinates":[-89.2541886281915,48.4001372062179]},"properties":{"OBJECTID":2123,"LOC_ID":"PC0965","FDMID":2679,"X_COORD":333158.04796,"Y_COORD":5363229.06276,"BEAT":"N 2","ROT_ANGLE":0,"NODE_ID":10450,"GLOBALID":"c7ff8418-33f9-4e70-8f48-68f338fe2932","CREATEDDATE":1520794199000,"LASTUPDATE":1643921001000}},{"type":"Feature","id":2124,"geometry":{"type":"Point","coordinates":[-89.2853478350359,48.3985585771358]},"properties":{"OBJECTID":2124,"LOC_ID":"FC1002","FDMID":993,"X_COORD":330846.68386,"Y_COORD":5363121.94903,"BEAT":"S 4","ROT_ANGLE":0,"NODE_ID":6650,"GLOBALID":"7d337a62-be1a-4bb9-8963-edbbbf8a7651","CREATEDDATE":1520794199000,"LASTUPDATE":1643921001000}},{"type":"Feature","id":2125,"geometry":{"type":"Point","coordinates":[-89.246745694139,48.399034822611]},"properties":{"OBJECTID":2125,"LOC_ID":"FC0109","FDMID":102,"X_COORD":333705.29097,"Y_COORD":5363090.33585,"BEAT":"S 9","ROT_ANGLE":0,"NODE_ID":10141,"GLOBALID":"2474545b-15bf-4e7f-b291-74413b234dd6","CREATEDDATE":1520794199000,"LASTUPDATE":1643921001000}},{"type":"Feature","id":2126,"geometry":{"type":"Point","coordinates":[-89.2324374737706,48.3963025999676]},"properties":{"OBJECTID":2126,"LOC_ID":"FC0563","FDMID":555,"X_COORD":334755.41219,"Y_COORD":5362755.68343,"BEAT":"S 11","ROT_ANGLE":0,"NODE_ID":10131,"GLOBALID":"4a47233e-87ba-4e3a-8ac3-3a70c34c16b2","CREATEDDATE":1520794199000,"LASTUPDATE":1643921001000}},{"type":"Feature","id":2127,"geometry":{"type":"Point","coordinates":[-89.2483530115681,48.3957295342705]},"properties":{"OBJECTID":2127,"LOC_ID":"FC0732","FDMID":723,"X_COORD":333573.03651,"Y_COORD":5362712.62961,"BEAT":"S 9","ROT_ANGLE":0,"NODE_ID":7460,"GLOBALID":"9dc1981e-bed3-4f20-b8a6-892632ccfbe5","CREATEDDATE":1520794199000,"LASTUPDATE":1643921001000}},{"type":"Feature","id":2128,"geometry":{"type":"Point","coordinates":[-89.2748411836608,48.3928356088229]},"properties":{"OBJECTID":2128,"LOC_ID":"FC0909","FDMID":900,"X_COORD":331599.38146,"Y_COORD":5362466.88574,"BEAT":"S 4","ROT_ANGLE":0,"NODE_ID":8984,"GLOBALID":"097aef8e-0210-4d1e-ba19-d5013a68ef10","CREATEDDATE":1520794199000,"LASTUPDATE":1673654107000}},{"type":"Feature","id":2129,"geometry":{"type":"Point","coordinates":[-89.3575529572741,48.3894261294511]},"properties":{"OBJECTID":2129,"LOC_ID":"NC0548","FDMID":3474,"X_COORD":325471.43164,"Y_COORD":5362268.99825,"BEAT":"S 13","ROT_ANGLE":0,"NODE_ID":2378,"GLOBALID":"b2725de8-0a91-4d9b-a0ed-9328ece8f270","CREATEDDATE":1520794199000,"LASTUPDATE":1643921001000}},{"type":"Feature","id":2130,"geometry":{"type":"Point","coordinates":[-89.2508970781477,48.3920051855508]},"properties":{"OBJECTID":2130,"LOC_ID":"FC0239","FDMID":234,"X_COORD":333376.59081,"Y_COORD":5362318.72139,"BEAT":"S 9","ROT_ANGLE":0,"NODE_ID":2084,"GLOBALID":"717b5656-ad31-4c91-9270-f79646b58e52","CREATEDDATE":1520794199000,"LASTUPDATE":1643921001000}},{"type":"Feature","id":2131,"geometry":{"type":"Point","coordinates":[-89.2203781569762,48.3858681601051]},"properties":{"OBJECTID":2131,"LOC_ID":"FP0029","FDMID":3295,"X_COORD":335614.36489,"Y_COORD":5361570.01252,"BEAT":"S 12","ROT_ANGLE":0,"NODE_ID":9312,"GLOBALID":"5a4bb5aa-10f1-4673-ad7e-dd8a49f0e858","CREATEDDATE":1520794199000,"LASTUPDATE":1643921001000}},{"type":"Feature","id":2132,"geometry":{"type":"Point","coordinates":[-89.2316558283418,48.3902961511896]},"properties":{"OBJECTID":2132,"LOC_ID":"FC0588","FDMID":580,"X_COORD":334793.81219,"Y_COORD":5362086.41879,"BEAT":"S 11","ROT_ANGLE":0,"NODE_ID":7788,"GLOBALID":"a00cc150-4679-4b66-abd0-d3cf07138293","CREATEDDATE":1520794199000,"LASTUPDATE":1643921001000}},{"type":"Feature","id":2133,"geometry":{"type":"Point","coordinates":[-89.2488074773647,48.3890655334024]},"properties":{"OBJECTID":2133,"LOC_ID":"FC0026","FDMID":9,"X_COORD":333522.15983,"Y_COORD":5361985.80491,"BEAT":"S 9","ROT_ANGLE":0,"NODE_ID":1045,"GLOBALID":"d3026e38-6941-42ef-b551-b57b31ca8740","CREATEDDATE":1520794199000,"LASTUPDATE":1674500185000}},{"type":"Feature","id":2134,"geometry":{"type":"Point","coordinates":[-89.2747139448263,48.3867614719073]},"properties":{"OBJECTID":2134,"LOC_ID":"FC0630","FDMID":622,"X_COORD":331594.79292,"Y_COORD":5361787.35422,"BEAT":"S 7","ROT_ANGLE":0,"NODE_ID":6859,"GLOBALID":"5d0db2fd-4742-4cca-b9c6-3d897a1c3059","CREATEDDATE":1520794199000,"LASTUPDATE":1643921001000}},{"type":"Feature","id":2135,"geometry":{"type":"Point","coordinates":[-89.2565502540108,48.3848666251612]},"properties":{"OBJECTID":2135,"LOC_ID":"FC0262","FDMID":257,"X_COORD":332933.23951,"Y_COORD":5361536.96958,"BEAT":"S 10","ROT_ANGLE":0,"NODE_ID":1216,"GLOBALID":"edc2e228-8785-4f11-b5a9-4e342a9009e6","CREATEDDATE":1520794199000,"LASTUPDATE":1643921001000}},{"type":"Feature","id":2136,"geometry":{"type":"Point","coordinates":[-89.2725108683337,48.3823959933863]},"properties":{"OBJECTID":2136,"LOC_ID":"FC0207","FDMID":203,"X_COORD":331743.4918,"Y_COORD":5361297.31722,"BEAT":"S 7","ROT_ANGLE":0,"NODE_ID":977,"GLOBALID":"2297f449-0b0b-45dc-8987-62e6ba2cd36a","CREATEDDATE":1520794199000,"LASTUPDATE":1643921001000}},{"type":"Feature","id":2137,"geometry":{"type":"Point","coordinates":[-89.3316946378754,48.3795257730678]},"properties":{"OBJECTID":2137,"LOC_ID":"NP0046","FDMID":1715,"X_COORD":327352.09621,"Y_COORD":5361110.02225,"BEAT":"S 13","ROT_ANGLE":0,"NODE_ID":9697,"GLOBALID":"ea7c36a5-794f-482f-8c7b-6f3477528563","CREATEDDATE":1520794199000,"LASTUPDATE":1643921002000}},{"type":"Feature","id":2138,"geometry":{"type":"Point","coordinates":[-89.3205407032613,48.3702193043414]},"properties":{"OBJECTID":2138,"LOC_ID":"NP0057","FDMID":3488,"X_COORD":328146.60348,"Y_COORD":5360050.58391,"BEAT":"S 13","ROT_ANGLE":0,"NODE_ID":5672,"GLOBALID":"7b528dd4-63a7-46eb-a690-edd1f1a1ea3f","CREATEDDATE":1520794199000,"LASTUPDATE":1643921002000}},{"type":"Feature","id":2139,"geometry":{"type":"Point","coordinates":[-89.3117279128969,48.3731662943664]},"properties":{"OBJECTID":2139,"LOC_ID":"NP0001","FDMID":1685,"X_COORD":328809.09641,"Y_COORD":5360358.38654,"BEAT":"S 13","ROT_ANGLE":0,"NODE_ID":7616,"GLOBALID":"55ddde79-2fd4-4fb8-8514-e706508959a2","CREATEDDATE":1520794199000,"LASTUPDATE":1643921002000}},{"type":"Feature","id":2140,"geometry":{"type":"Point","coordinates":[-89.2633179495369,48.3795490908489]},"properties":{"OBJECTID":2140,"LOC_ID":"FC0357","FDMID":352,"X_COORD":332414.74428,"Y_COORD":5360960.74404,"BEAT":"S 8","ROT_ANGLE":0,"NODE_ID":8087,"GLOBALID":"38e242fb-c328-4ba8-bb2f-1c57e2799b3e","CREATEDDATE":1520794199000,"LASTUPDATE":1643921002000}},{"type":"Feature","id":2141,"geometry":{"type":"Point","coordinates":[-89.3766922955076,48.375183896335]},"properties":{"OBJECTID":2141,"LOC_ID":"NC0542","FDMID":3468,"X_COORD":324005.55387,"Y_COORD":5360729.86302,"BEAT":"S 14","ROT_ANGLE":0,"NODE_ID":8317,"GLOBALID":"24dc414d-ea07-48b0-9adc-f40e19c4985a","CREATEDDATE":1520794199000,"LASTUPDATE":1643921002000}},{"type":"Feature","id":2142,"geometry":{"type":"Point","coordinates":[-89.3013827820282,48.3731042133216]},"properties":{"OBJECTID":2142,"LOC_ID":"FC1033","FDMID":1024,"X_COORD":329574.93474,"Y_COORD":5360328.42506,"BEAT":"S 2","ROT_ANGLE":0,"NODE_ID":8496,"GLOBALID":"2b2f942b-8e70-45a4-b00c-2808cfd58567","CREATEDDATE":1520794199000,"LASTUPDATE":1643921002000}},{"type":"Feature","id":2143,"geometry":{"type":"Point","coordinates":[-89.3551829310976,48.3683477985745]},"properties":{"OBJECTID":2143,"LOC_ID":"NP0040","FDMID":1709,"X_COORD":325574.86613,"Y_COORD":5359920.88868,"BEAT":"S 15","ROT_ANGLE":0,"NODE_ID":1601,"GLOBALID":"0faaa6a5-3b23-4e11-ba94-b60737e4ff69","CREATEDDATE":1520794199000,"LASTUPDATE":1643921002000}},{"type":"Feature","id":2144,"geometry":{"type":"Point","coordinates":[-89.2970499560305,48.3671776064684]},"properties":{"OBJECTID":2144,"LOC_ID":"FC0284","FDMID":279,"X_COORD":329876.03298,"Y_COORD":5359660.0938,"BEAT":"S 3","ROT_ANGLE":0,"NODE_ID":7170,"GLOBALID":"88d27a29-ab3c-486f-844e-a09d3acf4308","CREATEDDATE":1520794199000,"LASTUPDATE":1643921002000}},{"type":"Feature","id":2145,"geometry":{"type":"Point","coordinates":[-89.3611894659959,48.3639052970827]},"properties":{"OBJECTID":2145,"LOC_ID":"NC0057","FDMID":1235,"X_COORD":325114.84002,"Y_COORD":5359440.83006,"BEAT":"S 14","ROT_ANGLE":0,"NODE_ID":3290,"GLOBALID":"ff697351-8ac8-43a1-8fc7-ee49b7b57d06","CREATEDDATE":1520794199000,"LASTUPDATE":1643921002000}},{"type":"Feature","id":2146,"geometry":{"type":"Point","coordinates":[-89.2857287955002,48.3640771393528]},"properties":{"OBJECTID":2146,"LOC_ID":"FC0322","FDMID":317,"X_COORD":330704.1766,"Y_COORD":5359290.42417,"BEAT":"S 6","ROT_ANGLE":0,"NODE_ID":9720,"GLOBALID":"083f0bca-b248-4352-a252-85d51f47ddc2","CREATEDDATE":1520794199000,"LASTUPDATE":1643921002000}},{"type":"Feature","id":2147,"geometry":{"type":"Point","coordinates":[-89.3704216869659,48.3625359819993]},"properties":{"OBJECTID":2147,"LOC_ID":"NC0073","FDMID":1251,"X_COORD":324426.38536,"Y_COORD":5359309.75396,"BEAT":"S 14","ROT_ANGLE":0,"NODE_ID":6842,"GLOBALID":"519e9e43-281a-4cbc-a85d-c5649c129806","CREATEDDATE":1520794199000,"LASTUPDATE":1643921002000}},{"type":"Feature","id":2148,"geometry":{"type":"Point","coordinates":[-89.3145828342192,48.3260524290184]},"properties":{"OBJECTID":2148,"LOC_ID":"NC0356","FDMID":1531,"X_COORD":328439.59778,"Y_COORD":5355128.43044,"BEAT":"S 17","ROT_ANGLE":0,"NODE_ID":3901,"GLOBALID":"5233c5f6-3d7a-440e-89ee-3fbd684405cf","CREATEDDATE":1520794199000,"LASTUPDATE":1643921002000}},{"type":"Feature","id":2149,"geometry":{"type":"Point","coordinates":[-89.3061422462086,48.3402345249885]},"properties":{"OBJECTID":2149,"LOC_ID":"NC0595","FDMID":3701,"X_COORD":329112.61052,"Y_COORD":5356685.79389,"BEAT":"S 17","ROT_ANGLE":0,"NODE_ID":9652,"GLOBALID":"94bb82f0-329b-428f-8cf7-f56574c558e3","CREATEDDATE":1520794199000,"LASTUPDATE":1643921002000}},{"type":"Feature","id":2150,"geometry":{"type":"Point","coordinates":[-89.3304705000801,48.3242966718059]},"properties":{"OBJECTID":2150,"LOC_ID":"NC0440","FDMID":1613,"X_COORD":327256.11413,"Y_COORD":5354968.96573,"BEAT":"S 17","ROT_ANGLE":0,"NODE_ID":10093,"GLOBALID":"29fa9f20-e0ed-4170-a537-6d130bce6482","CREATEDDATE":1520794199000,"LASTUPDATE":1643921002000}},{"type":"Feature","id":2151,"geometry":{"type":"Point","coordinates":[-89.3491850082175,48.3136194909929]},"properties":{"OBJECTID":2151,"LOC_ID":"NC0459","FDMID":1632,"X_COORD":325832.64175,"Y_COORD":5353824.62499,"BEAT":"S 17","ROT_ANGLE":0,"NODE_ID":1090,"GLOBALID":"c3bcfebe-950c-4da5-9488-b7138e630378","CREATEDDATE":1520794199000,"LASTUPDATE":1643921002000}},{"type":"Feature","id":2152,"geometry":{"type":"Point","coordinates":[-89.3418759442157,48.3809891099234]},"properties":{"OBJECTID":2152,"LOC_ID":"NC0029","FDMID":1207,"X_COORD":326603.25551,"Y_COORD":5361295.66833,"BEAT":"S 13","ROT_ANGLE":0,"NODE_ID":8403,"GLOBALID":"76f6c34e-0e0f-46d8-a1a8-c2a3e2da4bc6","CREATEDDATE":1520794199000,"LASTUPDATE":1643921002000}},{"type":"Feature","id":2153,"geometry":{"type":"Point","coordinates":[-89.1904822691618,48.4727391934101]},"properties":{"OBJECTID":2153,"LOC_ID":"PC0078","FDMID":1802,"X_COORD":338112.63817,"Y_COORD":5371163.45279,"BEAT":"N 11","ROT_ANGLE":0,"NODE_ID":5626,"GLOBALID":"03a9b188-bddc-4f65-b15e-7db4997aa23b","CREATEDDATE":1520794199000,"LASTUPDATE":1643921002000}},{"type":"Feature","id":2154,"geometry":{"type":"Point","coordinates":[-89.2585814246305,48.4653860824569]},"properties":{"OBJECTID":2154,"LOC_ID":"MC0263","FDMID":3417,"X_COORD":333046.90121,"Y_COORD":5370490.65253,"BEAT":"N 15","ROT_ANGLE":0,"NODE_ID":1638,"GLOBALID":"f20c4e52-c6ae-4475-9cdc-e71ac75966d4","CREATEDDATE":1520794199000,"LASTUPDATE":1643921002000}},{"type":"Feature","id":2155,"geometry":{"type":"Point","coordinates":[-89.2638470461291,48.4636524584694]},"properties":{"OBJECTID":2155,"LOC_ID":"MC0243","FDMID":3240,"X_COORD":332651.99177,"Y_COORD":5370309.47749,"BEAT":"N 15","ROT_ANGLE":0,"NODE_ID":7925,"GLOBALID":"43654a3d-5b40-46ba-8e62-1ec6a594e777","CREATEDDATE":1520794199000,"LASTUPDATE":1643921002000}},{"type":"Feature","id":2156,"geometry":{"type":"Point","coordinates":[-89.2637975742415,48.4625128199235]},"properties":{"OBJECTID":2156,"LOC_ID":"MC0293","FDMID":3447,"X_COORD":332651.8607,"Y_COORD":5370179.21266,"BEAT":"N 15","ROT_ANGLE":0,"NODE_ID":7103,"GLOBALID":"4b44b183-44de-4c18-b72a-625d4cad1e00","CREATEDDATE":1520794199000,"LASTUPDATE":1679519277000}},{"type":"Feature","id":2157,"geometry":{"type":"Point","coordinates":[-89.2439463536126,48.462685967309]},"properties":{"OBJECTID":2157,"LOC_ID":"MC0144","FDMID":3141,"X_COORD":334119.84867,"Y_COORD":5370158.71218,"BEAT":"N 12","ROT_ANGLE":0,"NODE_ID":10066,"GLOBALID":"b37ea561-d0ff-4bec-837b-3cba74eee802","CREATEDDATE":1520794199000,"LASTUPDATE":1643921002000}},{"type":"Feature","id":2158,"geometry":{"type":"Point","coordinates":[-89.1727904467993,48.4616432817607]},"properties":{"OBJECTID":2158,"LOC_ID":"PP0019","FDMID":2890,"X_COORD":339376.396,"Y_COORD":5369890.9925,"BEAT":"N 14","ROT_ANGLE":0,"NODE_ID":7016,"GLOBALID":"777470ca-8572-4830-ba28-a4160c34e204","CREATEDDATE":1520794199000,"LASTUPDATE":1643921002000}},{"type":"Feature","id":2159,"geometry":{"type":"Point","coordinates":[-89.2342564508815,48.4552308103708]},"properties":{"OBJECTID":2159,"LOC_ID":"PC0802","FDMID":2518,"X_COORD":334816.0312,"Y_COORD":5369307.15045,"BEAT":"N 8","ROT_ANGLE":0,"NODE_ID":857,"GLOBALID":"decc38c0-629e-406b-aa62-e6f59927ecbf","CREATEDDATE":1520794199000,"LASTUPDATE":1643921002000}},{"type":"Feature","id":2160,"geometry":{"type":"Point","coordinates":[-89.2680019012924,48.4541951033596]},"properties":{"OBJECTID":2160,"LOC_ID":"MC0137","FDMID":3134,"X_COORD":332313.71721,"Y_COORD":5369267.44357,"BEAT":"N 15","ROT_ANGLE":0,"NODE_ID":5956,"GLOBALID":"304c8970-3624-42bf-a055-1db54115bf7f","CREATEDDATE":1520794199000,"LASTUPDATE":1643921002000}},{"type":"Feature","id":2161,"geometry":{"type":"Point","coordinates":[-89.2556269901267,48.4528713649983]},"properties":{"OBJECTID":2161,"LOC_ID":"MP0012","FDMID":3255,"X_COORD":333224.26364,"Y_COORD":5369093.26757,"BEAT":"N 12","ROT_ANGLE":0,"NODE_ID":2523,"GLOBALID":"1c1a32e5-c0fc-4bcf-81d5-4bfdc0701192","CREATEDDATE":1520794199000,"LASTUPDATE":1643921002000}},{"type":"Feature","id":2162,"geometry":{"type":"Point","coordinates":[-89.214401950725,48.4534021314642]},"properties":{"OBJECTID":2162,"LOC_ID":"PC0205","FDMID":1928,"X_COORD":336273.90179,"Y_COORD":5369063.2229,"BEAT":"N 9","ROT_ANGLE":0,"NODE_ID":9849,"GLOBALID":"173e6d9d-ea30-4bc8-85e6-818492673292","CREATEDDATE":1520794199000,"LASTUPDATE":1643921002000}},{"type":"Feature","id":2163,"geometry":{"type":"Point","coordinates":[-89.2346089579924,48.4530642406149]},"properties":{"OBJECTID":2163,"LOC_ID":"PC0788","FDMID":2505,"X_COORD":334778.83619,"Y_COORD":5369069.11704,"BEAT":"N 8","ROT_ANGLE":0,"NODE_ID":4083,"GLOBALID":"2df70aa8-286b-4dc9-9b44-b99e96aaa59c","CREATEDDATE":1520794199000,"LASTUPDATE":1644350418000}},{"type":"Feature","id":2164,"geometry":{"type":"Point","coordinates":[-89.2822794799732,48.4505828807646]},"properties":{"OBJECTID":2164,"LOC_ID":"MC0330","FDMID":0,"X_COORD":331246.18159,"Y_COORD":5368897.35026,"BEAT":null,"ROT_ANGLE":0,"NODE_ID":1103,"GLOBALID":"346bd662-2e6f-408b-af90-e7a97b63c581","CREATEDDATE":1520794199000,"LASTUPDATE":1643921002000}},{"type":"Feature","id":2165,"geometry":{"type":"Point","coordinates":[-89.2694980558004,48.4516185079593]},"properties":{"OBJECTID":2165,"LOC_ID":"MC0082","FDMID":3079,"X_COORD":332194.61142,"Y_COORD":5368984.34853,"BEAT":"N 15","ROT_ANGLE":0,"NODE_ID":4128,"GLOBALID":"6c2a1c40-d2d4-42b7-8fca-969a842c3eea","CREATEDDATE":1520794199000,"LASTUPDATE":1643921002000}},{"type":"Feature","id":2166,"geometry":{"type":"Point","coordinates":[-89.2378350143558,48.4492761403376]},"properties":{"OBJECTID":2166,"LOC_ID":"PC1157","FDMID":2871,"X_COORD":334528.00944,"Y_COORD":5368655.06059,"BEAT":"N 8","ROT_ANGLE":0,"NODE_ID":10344,"GLOBALID":"15ccf2c3-fc0d-48e5-93c9-85db2810fdfc","CREATEDDATE":1520794199000,"LASTUPDATE":1643921002000}},{"type":"Feature","id":2167,"geometry":{"type":"Point","coordinates":[-89.2091271430365,48.4484862966172]},"properties":{"OBJECTID":2167,"LOC_ID":"PC1181","FDMID":3384,"X_COORD":336648.11696,"Y_COORD":5368505.5804,"BEAT":"N 10","ROT_ANGLE":0,"NODE_ID":3894,"GLOBALID":"09cbbc90-a0a0-4cc7-ac66-c8f718d30d83","CREATEDDATE":1520794199000,"LASTUPDATE":1643921002000}},{"type":"Feature","id":2168,"geometry":{"type":"Point","coordinates":[-89.2624228494513,48.447646681463]},"properties":{"OBJECTID":2168,"LOC_ID":"MC0014","FDMID":3012,"X_COORD":332704.65558,"Y_COORD":5368527.41054,"BEAT":"N 13","ROT_ANGLE":0,"NODE_ID":6012,"GLOBALID":"695e08ba-4ca8-4e17-ac44-3975eb5a7df4","CREATEDDATE":1520794199000,"LASTUPDATE":1643921002000}},{"type":"Feature","id":2169,"geometry":{"type":"Point","coordinates":[-89.2801604152099,48.443871351061]},"properties":{"OBJECTID":2169,"LOC_ID":"MC0277","FDMID":3431,"X_COORD":331380.6287,"Y_COORD":5368146.73317,"BEAT":"N 13","ROT_ANGLE":0,"NODE_ID":7129,"GLOBALID":"69d56b62-87d6-4c3e-b20e-b32f469875ad","CREATEDDATE":1520794199000,"LASTUPDATE":1643921002000}},{"type":"Feature","id":2170,"geometry":{"type":"Point","coordinates":[-89.2030978025021,48.4428418550377]},"properties":{"OBJECTID":2170,"LOC_ID":"PP0129","FDMID":2991,"X_COORD":337075.8735,"Y_COORD":5367865.38123,"BEAT":"N 14","ROT_ANGLE":0,"NODE_ID":9723,"GLOBALID":"27606cac-ad16-474e-8960-637be7a85991","CREATEDDATE":1520794199000,"LASTUPDATE":1643921003000}},{"type":"Feature","id":2171,"geometry":{"type":"Point","coordinates":[-89.2295035211004,48.4420481341792]},"properties":{"OBJECTID":2171,"LOC_ID":"PC0337","FDMID":2060,"X_COORD":335120.63203,"Y_COORD":5367833.7212,"BEAT":"N 6","ROT_ANGLE":0,"NODE_ID":7164,"GLOBALID":"879b928b-b31a-4db1-bea8-1c8653eeb21f","CREATEDDATE":1520794199000,"LASTUPDATE":1643921003000}},{"type":"Feature","id":2172,"geometry":{"type":"Point","coordinates":[-89.2713127071568,48.4408736275224]},"properties":{"OBJECTID":2172,"LOC_ID":"MC0181","FDMID":3178,"X_COORD":332024.98556,"Y_COORD":5367794.10469,"BEAT":"N 13","ROT_ANGLE":0,"NODE_ID":4776,"GLOBALID":"727bf85e-61e5-460a-937d-22f4fedcb3ca","CREATEDDATE":1520794199000,"LASTUPDATE":1643921003000}},{"type":"Feature","id":2173,"geometry":{"type":"Point","coordinates":[-89.2302050229439,48.4357994694268]},"properties":{"OBJECTID":2173,"LOC_ID":"PC0458","FDMID":2180,"X_COORD":335047.67484,"Y_COORD":5367139.17041,"BEAT":"N 6","ROT_ANGLE":0,"NODE_ID":1480,"GLOBALID":"4a46f980-93ac-44d2-8118-2639f1900732","CREATEDDATE":1520794199000,"LASTUPDATE":1674602935000}},{"type":"Feature","id":2174,"geometry":{"type":"Point","coordinates":[-89.2506544901139,48.4350031741231]},"properties":{"OBJECTID":2174,"LOC_ID":"PC0638","FDMID":2357,"X_COORD":333533.50396,"Y_COORD":5367096.4947,"BEAT":"N 5","ROT_ANGLE":0,"NODE_ID":9,"GLOBALID":"4492e998-0cab-4de6-98eb-c4b557137d2c","CREATEDDATE":1520794199000,"LASTUPDATE":1644362877000}},{"type":"Feature","id":2175,"geometry":{"type":"Point","coordinates":[-89.2440373123436,48.4346177343765]},"properties":{"OBJECTID":2175,"LOC_ID":"PC0596","FDMID":2315,"X_COORD":334021.66243,"Y_COORD":5367039.27435,"BEAT":"N 5","ROT_ANGLE":0,"NODE_ID":5262,"GLOBALID":"04b48288-1f49-470f-b094-99ba6ac41fef","CREATEDDATE":1520794199000,"LASTUPDATE":1643921003000}},{"type":"Feature","id":2176,"geometry":{"type":"Point","coordinates":[-89.2497168698168,48.4240934008062]},"properties":{"OBJECTID":2176,"LOC_ID":"PP0072","FDMID":2939,"X_COORD":333567.22095,"Y_COORD":5365881.87966,"BEAT":"N 3","ROT_ANGLE":0,"NODE_ID":10104,"GLOBALID":"ee260aec-742f-4706-a216-5cebeee8cf57","CREATEDDATE":1520794199000,"LASTUPDATE":1643921003000}},{"type":"Feature","id":2177,"geometry":{"type":"Point","coordinates":[-89.2263686650825,48.4190520207437]},"properties":{"OBJECTID":2177,"LOC_ID":"PP0175","FDMID":2411,"X_COORD":335278.12707,"Y_COORD":5365271.05854,"BEAT":"N 14","ROT_ANGLE":0,"NODE_ID":8594,"GLOBALID":"b2006db0-517f-4ecb-b896-1974c00c2296","CREATEDDATE":1520794199000,"LASTUPDATE":1643921003000}},{"type":"Feature","id":2178,"geometry":{"type":"Point","coordinates":[-89.2564006868273,48.4212774668765]},"properties":{"OBJECTID":2178,"LOC_ID":"PP0145","FDMID":3393,"X_COORD":333063.55324,"Y_COORD":5365583.46251,"BEAT":"N 1","ROT_ANGLE":0,"NODE_ID":6313,"GLOBALID":"addd1c04-0780-4a4c-b345-ad4363b61c5c","CREATEDDATE":1520794199000,"LASTUPDATE":1643921003000}},{"type":"Feature","id":2179,"geometry":{"type":"Point","coordinates":[-89.2675073885873,48.4243221888683]},"properties":{"OBJECTID":2179,"LOC_ID":"PP0214","FDMID":3653,"X_COORD":332251.90652,"Y_COORD":5365946.14616,"BEAT":"N 1","ROT_ANGLE":0,"NODE_ID":3242,"GLOBALID":"a5c40835-aa31-436d-8adf-d8c4748358b1","CREATEDDATE":1520794199000,"LASTUPDATE":1643921003000}},{"type":"Feature","id":2180,"geometry":{"type":"Point","coordinates":[-89.2471030991448,48.4209572634647]},"properties":{"OBJECTID":2180,"LOC_ID":"PC0869","FDMID":2585,"X_COORD":333748.60054,"Y_COORD":5365527.21393,"BEAT":"N 3","ROT_ANGLE":0,"NODE_ID":1567,"GLOBALID":"eb757386-3d1f-4889-8174-f5482642b88d","CREATEDDATE":1520794199000,"LASTUPDATE":1644354098000}},{"type":"Feature","id":2181,"geometry":{"type":"Point","coordinates":[-89.2371899531755,48.4151200631634]},"properties":{"OBJECTID":2181,"LOC_ID":"PC0829","FDMID":2545,"X_COORD":334464.76643,"Y_COORD":5364857.38379,"BEAT":"N 2","ROT_ANGLE":0,"NODE_ID":7890,"GLOBALID":"33236dbc-5298-411b-9ed7-c08be2ee1347","CREATEDDATE":1520794199000,"LASTUPDATE":1643921003000}},{"type":"Feature","id":2182,"geometry":{"type":"Point","coordinates":[-89.2880636301906,48.4187374475695]},"properties":{"OBJECTID":2182,"LOC_ID":"MC0228","FDMID":3225,"X_COORD":330712.7119,"Y_COORD":5365370.68222,"BEAT":"N 1","ROT_ANGLE":0,"NODE_ID":6500,"GLOBALID":"081ca1e6-3e19-4892-808e-a2cc9e249085","CREATEDDATE":1520794199000,"LASTUPDATE":1643921003000}},{"type":"Feature","id":2183,"geometry":{"type":"Point","coordinates":[-89.257800397141,48.4048906720528]},"properties":{"OBJECTID":2183,"LOC_ID":"PC0910","FDMID":2626,"X_COORD":332906.31369,"Y_COORD":5363765.25297,"BEAT":"N 2","ROT_ANGLE":0,"NODE_ID":9778,"GLOBALID":"4a514229-ddad-452c-91cb-a8b8bab87da6","CREATEDDATE":1520794199000,"LASTUPDATE":1644009245000}},{"type":"Feature","id":2184,"geometry":{"type":"Point","coordinates":[-89.2670372531188,48.4045053379974]},"properties":{"OBJECTID":2184,"LOC_ID":"PP0053","FDMID":2920,"X_COORD":332221.4758,"Y_COORD":5363742.61259,"BEAT":"N 1","ROT_ANGLE":0,"NODE_ID":8166,"GLOBALID":"346b1bca-0628-42fd-a416-c2cf36eb8bec","CREATEDDATE":1520794199000,"LASTUPDATE":1643921003000}},{"type":"Feature","id":2185,"geometry":{"type":"Point","coordinates":[-89.2601065243819,48.4073145910375]},"properties":{"OBJECTID":2185,"LOC_ID":"PP0178","FDMID":3555,"X_COORD":332743.19996,"Y_COORD":5364040.27992,"BEAT":"N 1","ROT_ANGLE":0,"NODE_ID":1559,"GLOBALID":"64ba6f13-7a14-4e81-85a3-20715917cc3e","CREATEDDATE":1520794199000,"LASTUPDATE":1643921003000}},{"type":"Feature","id":2186,"geometry":{"type":"Point","coordinates":[-89.2569107050942,48.4027289019316]},"properties":{"OBJECTID":2186,"LOC_ID":"PC0932","FDMID":2648,"X_COORD":332965.07593,"Y_COORD":5363523.04779,"BEAT":"N 2","ROT_ANGLE":0,"NODE_ID":3494,"GLOBALID":"c44ff3a2-d917-4ea4-be95-399447903238","CREATEDDATE":1520794199000,"LASTUPDATE":1643921003000}},{"type":"Feature","id":2187,"geometry":{"type":"Point","coordinates":[-89.2273653813575,48.3965459351282]},"properties":{"OBJECTID":2187,"LOC_ID":"FC0812","FDMID":803,"X_COORD":335131.6134,"Y_COORD":5362771.79582,"BEAT":"S 11","ROT_ANGLE":0,"NODE_ID":9201,"GLOBALID":"08e56377-0275-4da3-a754-34626e002f5a","CREATEDDATE":1520794199000,"LASTUPDATE":1643921003000}},{"type":"Feature","id":2188,"geometry":{"type":"Point","coordinates":[-89.2795336283737,48.398549529869]},"properties":{"OBJECTID":2188,"LOC_ID":"FC1005","FDMID":996,"X_COORD":331276.98146,"Y_COORD":5363108.11735,"BEAT":"S 4","ROT_ANGLE":0,"NODE_ID":3447,"GLOBALID":"13afc201-a64d-4f6a-bd13-28d791701848","CREATEDDATE":1520794199000,"LASTUPDATE":1643921003000}},{"type":"Feature","id":2189,"geometry":{"type":"Point","coordinates":[-89.2924803546784,48.3949005487898]},"properties":{"OBJECTID":2189,"LOC_ID":"FC1106","FDMID":1095,"X_COORD":330306.62089,"Y_COORD":5362731.17169,"BEAT":"S 1","ROT_ANGLE":0,"NODE_ID":4299,"GLOBALID":"e68f777e-3d70-49b5-b3d9-7631b3548b1c","CREATEDDATE":1520794199000,"LASTUPDATE":1643921003000}},{"type":"Feature","id":2190,"geometry":{"type":"Point","coordinates":[-89.2538287938402,48.3916201625782]},"properties":{"OBJECTID":2190,"LOC_ID":"FC0469","FDMID":461,"X_COORD":333156.81379,"Y_COORD":5362281.65438,"BEAT":"S 9","ROT_ANGLE":0,"NODE_ID":9231,"GLOBALID":"3af682d6-67a9-4bc9-9f05-a3547761f699","CREATEDDATE":1520794199000,"LASTUPDATE":1644009095000}},{"type":"Feature","id":2191,"geometry":{"type":"Point","coordinates":[-89.278397079318,48.3893193364948]},"properties":{"OBJECTID":2191,"LOC_ID":"FC0845","FDMID":836,"X_COORD":331333.32604,"Y_COORD":5362076.73175,"BEAT":"S 4","ROT_ANGLE":0,"NODE_ID":190,"GLOBALID":"e83ff652-1f74-4214-bba3-7f9b7e995645","CREATEDDATE":1520794199000,"LASTUPDATE":1643921003000}},{"type":"Feature","id":2192,"geometry":{"type":"Point","coordinates":[-89.2398109238598,48.3870327782639]},"properties":{"OBJECTID":2192,"LOC_ID":"FC0081","FDMID":74,"X_COORD":334178.60963,"Y_COORD":5361743.3427,"BEAT":"S 11","ROT_ANGLE":350,"NODE_ID":1417,"GLOBALID":"ec5af63f-e61e-4d27-85f9-d4ac40fb5386","CREATEDDATE":1520794199000,"LASTUPDATE":1670875851000}},{"type":"Feature","id":2193,"geometry":{"type":"Point","coordinates":[-89.2580955477105,48.3832215221524]},"properties":{"OBJECTID":2193,"LOC_ID":"FC0642","FDMID":634,"X_COORD":332813.44534,"Y_COORD":5361357.49796,"BEAT":"S 8","ROT_ANGLE":0,"NODE_ID":2583,"GLOBALID":"c0f25e49-107b-4713-8992-4cbf76050652","CREATEDDATE":1520794199000,"LASTUPDATE":1643921003000}},{"type":"Feature","id":2194,"geometry":{"type":"Point","coordinates":[-89.3179404877376,48.3706436549275]},"properties":{"OBJECTID":2194,"LOC_ID":"NP0053","FDMID":1722,"X_COORD":328340.5821,"Y_COORD":5360091.91614,"BEAT":"S 13","ROT_ANGLE":0,"NODE_ID":9659,"GLOBALID":"cca1bd1a-3744-4dc9-b645-70d539f68aa5","CREATEDDATE":1520794199000,"LASTUPDATE":1643921003000}},{"type":"Feature","id":2195,"geometry":{"type":"Point","coordinates":[-89.3084581961348,48.379421635735]},"properties":{"OBJECTID":2195,"LOC_ID":"NC0252","FDMID":1428,"X_COORD":329072.16482,"Y_COORD":5361046.32074,"BEAT":"S 2","ROT_ANGLE":0,"NODE_ID":9827,"GLOBALID":"3e5509e9-3fcb-4adb-a252-843943c8fa84","CREATEDDATE":1520794199000,"LASTUPDATE":1643921003000}},{"type":"Feature","id":2196,"geometry":{"type":"Point","coordinates":[-89.3854454905977,48.3760901230811]},"properties":{"OBJECTID":2196,"LOC_ID":"NC0399","FDMID":1574,"X_COORD":323360.55624,"Y_COORD":5360850.7283,"BEAT":"S 14","ROT_ANGLE":0,"NODE_ID":1513,"GLOBALID":"0eef47c5-dfe6-4a9b-9376-53d21736c60a","CREATEDDATE":1520794199000,"LASTUPDATE":1643921003000}},{"type":"Feature","id":2197,"geometry":{"type":"Point","coordinates":[-89.2498502118898,48.3783423262574]},"properties":{"OBJECTID":2197,"LOC_ID":"FC0406","FDMID":400,"X_COORD":333407.95158,"Y_COORD":5360797.23863,"BEAT":"S 10","ROT_ANGLE":0,"NODE_ID":5685,"GLOBALID":"b8b44657-2578-49d3-bfc2-995d17dc2900","CREATEDDATE":1520794199000,"LASTUPDATE":1644008413000}},{"type":"Feature","id":2198,"geometry":{"type":"Point","coordinates":[-89.2468283345865,48.3760635075121]},"properties":{"OBJECTID":2198,"LOC_ID":"FC0198","FDMID":0,"X_COORD":333624.26671,"Y_COORD":5360537.39633,"BEAT":"S 10","ROT_ANGLE":36.3,"NODE_ID":3815,"GLOBALID":"14c2c484-f64c-43f5-9f37-c5aa0823f337","CREATEDDATE":1520794199000,"LASTUPDATE":1643921003000}},{"type":"Feature","id":2199,"geometry":{"type":"Point","coordinates":[-89.3725057906904,48.374076276859]},"properties":{"OBJECTID":2199,"LOC_ID":"NC0547","FDMID":3473,"X_COORD":324311.73371,"Y_COORD":5360597.15031,"BEAT":"S 14","ROT_ANGLE":0,"NODE_ID":133,"GLOBALID":"8bcff507-aa81-40e1-9610-217125fa8b98","CREATEDDATE":1520794199000,"LASTUPDATE":1643921003000}},{"type":"Feature","id":2200,"geometry":{"type":"Point","coordinates":[-89.2567736257476,48.3750748119082]},"properties":{"OBJECTID":2200,"LOC_ID":"FC0329","FDMID":324,"X_COORD":332879.39017,"Y_COORD":5360448.56177,"BEAT":"S 8","ROT_ANGLE":0,"NODE_ID":5073,"GLOBALID":"762c05e9-f8c5-40ca-81cd-cb4e781d616d","CREATEDDATE":1520794199000,"LASTUPDATE":1643921003000}},{"type":"Feature","id":2201,"geometry":{"type":"Point","coordinates":[-89.2592433136456,48.3744757168931]},"properties":{"OBJECTID":2201,"LOC_ID":"FC0682","FDMID":673,"X_COORD":332699.79363,"Y_COORD":5360387.96247,"BEAT":"S 8","ROT_ANGLE":0,"NODE_ID":2694,"GLOBALID":"b09220ca-b64b-4cae-b8e6-738e4e04bb27","CREATEDDATE":1520794199000,"LASTUPDATE":1643921004000}},{"type":"Feature","id":2202,"geometry":{"type":"Point","coordinates":[-89.3691107309421,48.3716482438674]},"properties":{"OBJECTID":2202,"LOC_ID":"NC0402","FDMID":1576,"X_COORD":324554.78447,"Y_COORD":5360319.51191,"BEAT":"S 14","ROT_ANGLE":0,"NODE_ID":6163,"GLOBALID":"e463f3f1-1b87-42c4-864a-f1b12a255faf","CREATEDDATE":1520794199000,"LASTUPDATE":1643921004000}},{"type":"Feature","id":2203,"geometry":{"type":"Point","coordinates":[-89.2653455505271,48.3728917504013]},"properties":{"OBJECTID":2203,"LOC_ID":"FC0522","FDMID":514,"X_COORD":332242.73763,"Y_COORD":5360225.26167,"BEAT":"S 8","ROT_ANGLE":0,"NODE_ID":499,"GLOBALID":"3c65b7f4-6fab-47d7-9a4b-48a6aaf01746","CREATEDDATE":1520794199000,"LASTUPDATE":1643921004000}},{"type":"Feature","id":2204,"geometry":{"type":"Point","coordinates":[-89.2963620692854,48.3724377191531]},"properties":{"OBJECTID":2204,"LOC_ID":"FC1029","FDMID":1020,"X_COORD":329944.49686,"Y_COORD":5360243.19217,"BEAT":"S 2","ROT_ANGLE":0,"NODE_ID":2323,"GLOBALID":"75a7d1cf-55d0-4ac3-8946-2eaec683c176","CREATEDDATE":1520794199000,"LASTUPDATE":1643921004000}},{"type":"Feature","id":2205,"geometry":{"type":"Point","coordinates":[-89.2537786316922,48.3726951600631]},"properties":{"OBJECTID":2205,"LOC_ID":"FC0457","FDMID":449,"X_COORD":333098.61167,"Y_COORD":5360178.14359,"BEAT":"S 10","ROT_ANGLE":0,"NODE_ID":6135,"GLOBALID":"5562dd55-5a80-4750-afbb-e82890288e7c","CREATEDDATE":1520794199000,"LASTUPDATE":1643921004000}},{"type":"Feature","id":2206,"geometry":{"type":"Point","coordinates":[-89.2543993321253,48.3724415407277]},"properties":{"OBJECTID":2206,"LOC_ID":"FC0633","FDMID":625,"X_COORD":333051.81897,"Y_COORD":5360151.30788,"BEAT":"S 10","ROT_ANGLE":0,"NODE_ID":9934,"GLOBALID":"f4682545-bed8-4c33-b2f2-1d98bbd954aa","CREATEDDATE":1520794199000,"LASTUPDATE":1643921004000}},{"type":"Feature","id":2207,"geometry":{"type":"Point","coordinates":[-89.2615658084277,48.3714549100441]},"properties":{"OBJECTID":2207,"LOC_ID":"FC0705","FDMID":696,"X_COORD":332517.90563,"Y_COORD":5360057.29393,"BEAT":"S 8","ROT_ANGLE":0,"NODE_ID":1973,"GLOBALID":"c5d871fb-0144-4515-b20d-37a4c78cafb2","CREATEDDATE":1520794199000,"LASTUPDATE":1643921004000}},{"type":"Feature","id":2208,"geometry":{"type":"Point","coordinates":[-89.235519756944,48.3582312095058]},"properties":{"OBJECTID":2208,"LOC_ID":"FP0005","FDMID":1145,"X_COORD":334403.78339,"Y_COORD":5358530.95972,"BEAT":"S 12","ROT_ANGLE":0,"NODE_ID":6921,"GLOBALID":"7a7a9ab1-5453-4b2c-84cd-4c3d26603663","CREATEDDATE":1520794199000,"LASTUPDATE":1643921004000}},{"type":"Feature","id":2209,"geometry":{"type":"Point","coordinates":[-89.2822860975374,48.3662503689533]},"properties":{"OBJECTID":2209,"LOC_ID":"FC0012","FDMID":52,"X_COORD":330966.33878,"Y_COORD":5359524.36311,"BEAT":"S 6","ROT_ANGLE":0,"NODE_ID":9180,"GLOBALID":"218d99f5-c2e9-49c3-b654-ad72122ae4e9","CREATEDDATE":1520794199000,"LASTUPDATE":1643921004000}},{"type":"Feature","id":2210,"geometry":{"type":"Point","coordinates":[-89.2876657697082,48.3660566648201]},"properties":{"OBJECTID":2210,"LOC_ID":"FC0809","FDMID":800,"X_COORD":330567.287,"Y_COORD":5359514.71601,"BEAT":"S 6","ROT_ANGLE":0,"NODE_ID":491,"GLOBALID":"aae8ebdb-2667-47b2-99fc-cc720ec7babb","CREATEDDATE":1520794199000,"LASTUPDATE":1644003432000}},{"type":"Feature","id":2211,"geometry":{"type":"Point","coordinates":[-89.3551423310235,48.3625680030802]},"properties":{"OBJECTID":2211,"LOC_ID":"NC0202","FDMID":1379,"X_COORD":325558.13218,"Y_COORD":5359278.41341,"BEAT":"S 15","ROT_ANGLE":0,"NODE_ID":1506,"GLOBALID":"efa36d51-7487-462d-a5f2-3169659a9751","CREATEDDATE":1520794199000,"LASTUPDATE":1643921004000}},{"type":"Feature","id":2212,"geometry":{"type":"Point","coordinates":[-89.3183755562545,48.3625833382748]},"properties":{"OBJECTID":2212,"LOC_ID":"NC0184","FDMID":1361,"X_COORD":328281.26921,"Y_COORD":5359197.04893,"BEAT":"S 15","ROT_ANGLE":0,"NODE_ID":4409,"GLOBALID":"710dfbec-7192-4b3b-964f-4274595348d3","CREATEDDATE":1520794199000,"LASTUPDATE":1643921004000}},{"type":"Feature","id":2213,"geometry":{"type":"Point","coordinates":[-89.3575726588274,48.3576119679053]},"properties":{"OBJECTID":2213,"LOC_ID":"NC0108","FDMID":1287,"X_COORD":325361.1901,"Y_COORD":5358733.12292,"BEAT":"S 15","ROT_ANGLE":0,"NODE_ID":4606,"GLOBALID":"94d321f5-dbdc-4954-b4b9-553efe8f4917","CREATEDDATE":1520794199000,"LASTUPDATE":1643921004000}},{"type":"Feature","id":2214,"geometry":{"type":"Point","coordinates":[-89.3528860195389,48.3611840783256]},"properties":{"OBJECTID":2214,"LOC_ID":"NC0290","FDMID":1466,"X_COORD":325720.52066,"Y_COORD":5359119.46506,"BEAT":"S 15","ROT_ANGLE":0,"NODE_ID":3968,"GLOBALID":"6596be61-424f-4906-8172-6504e5390957","CREATEDDATE":1520794199000,"LASTUPDATE":1643921004000}},{"type":"Feature","id":2215,"geometry":{"type":"Point","coordinates":[-89.2833410665991,48.3546452586272]},"properties":{"OBJECTID":2215,"LOC_ID":"FP0016","FDMID":1154,"X_COORD":330849.79222,"Y_COORD":5358236.86308,"BEAT":"S 17","ROT_ANGLE":0,"NODE_ID":8423,"GLOBALID":"08955c94-d77f-41ad-99ee-f1ad795081b3","CREATEDDATE":1520794199000,"LASTUPDATE":1643921004000}},{"type":"Feature","id":2216,"geometry":{"type":"Point","coordinates":[-89.3146577859517,48.3405943469361]},"properties":{"OBJECTID":2216,"LOC_ID":"NC0285","FDMID":1461,"X_COORD":328482.85692,"Y_COORD":5356744.79524,"BEAT":"S 17","ROT_ANGLE":0,"NODE_ID":4323,"GLOBALID":"85d393d3-c28c-4be0-ad41-90335e215b34","CREATEDDATE":1520794199000,"LASTUPDATE":1643921004000}},{"type":"Feature","id":2217,"geometry":{"type":"Point","coordinates":[-89.3422232657734,48.336434070979]},"properties":{"OBJECTID":2217,"LOC_ID":"NC0167","FDMID":1344,"X_COORD":326426.21615,"Y_COORD":5356344.48522,"BEAT":"S 16","ROT_ANGLE":0,"NODE_ID":7477,"GLOBALID":"2182d99c-a327-45c4-b2b6-0f3dcfc18a8f","CREATEDDATE":1520794199000,"LASTUPDATE":1643921004000}},{"type":"Feature","id":2218,"geometry":{"type":"Point","coordinates":[-89.3496017477065,48.3169215350554]},"properties":{"OBJECTID":2218,"LOC_ID":"NC0364","FDMID":1539,"X_COORD":325812.99247,"Y_COORD":5354192.56509,"BEAT":"S 17","ROT_ANGLE":0,"NODE_ID":6978,"GLOBALID":"1fb2b281-99b5-4a85-9686-375bc1152070","CREATEDDATE":1520794199000,"LASTUPDATE":1643921004000}},{"type":"Feature","id":2219,"geometry":{"type":"Point","coordinates":[-89.3682474661916,48.3126091705578]},"properties":{"OBJECTID":2219,"LOC_ID":"NC0179","FDMID":1356,"X_COORD":324415.97768,"Y_COORD":5353755.81117,"BEAT":"S 16","ROT_ANGLE":0,"NODE_ID":1012,"GLOBALID":"daad2210-88cd-4215-a17f-32727cad6af2","CREATEDDATE":1520794199000,"LASTUPDATE":1643921004000}},{"type":"Feature","id":2220,"geometry":{"type":"Point","coordinates":[-89.3607751849733,48.3160823521645]},"properties":{"OBJECTID":2220,"LOC_ID":"NP0055","FDMID":1724,"X_COORD":324981.83087,"Y_COORD":5354124.74173,"BEAT":"S 17","ROT_ANGLE":0,"NODE_ID":3301,"GLOBALID":"a8f6ecf0-e64b-4829-8bfc-79c1e5c326f3","CREATEDDATE":1520794199000,"LASTUPDATE":1643921004000}},{"type":"Feature","id":2221,"geometry":{"type":"Point","coordinates":[-89.2533442210104,48.4619423123482]},"properties":{"OBJECTID":2221,"LOC_ID":"MC0176","FDMID":3173,"X_COORD":333422.73404,"Y_COORD":5370096.48191,"BEAT":"N 12","ROT_ANGLE":0,"NODE_ID":9167,"GLOBALID":"ccda8393-00ec-40b1-9c22-90dcc1dd65e9","CREATEDDATE":1520794199000,"LASTUPDATE":1643921004000}},{"type":"Feature","id":2222,"geometry":{"type":"Point","coordinates":[-89.200124406852,48.4533219078726]},"properties":{"OBJECTID":2222,"LOC_ID":"PC0168","FDMID":1891,"X_COORD":337329.23414,"Y_COORD":5369023.85931,"BEAT":"N 10","ROT_ANGLE":0,"NODE_ID":4792,"GLOBALID":"0db5b9bd-b254-46ec-be5f-9d76f0477ce5","CREATEDDATE":1520794199000,"LASTUPDATE":1643921004000}},{"type":"Feature","id":2223,"geometry":{"type":"Point","coordinates":[-89.2499184478379,48.4590309251623]},"properties":{"OBJECTID":2223,"LOC_ID":"MC0067","FDMID":3064,"X_COORD":333666.45193,"Y_COORD":5369765.44907,"BEAT":"N 12","ROT_ANGLE":0,"NODE_ID":6078,"GLOBALID":"efcdcee5-cb7c-4f2c-a704-2bdbec9931c5","CREATEDDATE":1520794199000,"LASTUPDATE":1643921004000}},{"type":"Feature","id":2224,"geometry":{"type":"Point","coordinates":[-89.1885399048458,48.4588386997567]},"properties":{"OBJECTID":2224,"LOC_ID":"PC0008","FDMID":1732,"X_COORD":338203.25475,"Y_COORD":5369612.46066,"BEAT":"N 11","ROT_ANGLE":0,"NODE_ID":380,"GLOBALID":"39da9d61-a315-468b-b324-08e29b559b25","CREATEDDATE":1520794199000,"LASTUPDATE":1644266166000}},{"type":"Feature","id":2225,"geometry":{"type":"Point","coordinates":[-89.1837159830759,48.4592164351377]},"properties":{"OBJECTID":2225,"LOC_ID":"PC0005","FDMID":1729,"X_COORD":338561.06442,"Y_COORD":5369644.2515,"BEAT":"N 11","ROT_ANGLE":0,"NODE_ID":9040,"GLOBALID":"8474c9cc-1883-49ef-bfa7-17f9f15be000","CREATEDDATE":1520794199000,"LASTUPDATE":1644266289000}},{"type":"Feature","id":2226,"geometry":{"type":"Point","coordinates":[-89.2579289217785,48.4560173029894]},"properties":{"OBJECTID":2226,"LOC_ID":"MC0122","FDMID":3119,"X_COORD":333064.39497,"Y_COORD":5369447.94072,"BEAT":"N 12","ROT_ANGLE":0,"NODE_ID":9401,"GLOBALID":"b74c90ec-e34c-4d7a-b54e-4d811c3b2bc7","CREATEDDATE":1520794199000,"LASTUPDATE":1643921004000}},{"type":"Feature","id":2227,"geometry":{"type":"Point","coordinates":[-89.2170645112238,48.4558171444399]},"properties":{"OBJECTID":2227,"LOC_ID":"PC0266","FDMID":1989,"X_COORD":336084.82633,"Y_COORD":5369337.34206,"BEAT":"N 9","ROT_ANGLE":0,"NODE_ID":6223,"GLOBALID":"c3c15cfe-a5f2-4c5b-aa16-e991cac61106","CREATEDDATE":1520794199000,"LASTUPDATE":1644347593000}},{"type":"Feature","id":2228,"geometry":{"type":"Point","coordinates":[-89.2485084345562,48.4549172396715]},"properties":{"OBJECTID":2228,"LOC_ID":"MC0088","FDMID":3085,"X_COORD":333757.24719,"Y_COORD":5369305.17182,"BEAT":"N 12","ROT_ANGLE":0,"NODE_ID":846,"GLOBALID":"9536746a-7386-4f67-a5a3-04c668c3ff3a","CREATEDDATE":1520794199000,"LASTUPDATE":1643921004000}},{"type":"Feature","id":2229,"geometry":{"type":"Point","coordinates":[-89.2326548944304,48.4543678342418]},"properties":{"OBJECTID":2229,"LOC_ID":"PC0767","FDMID":2484,"X_COORD":334927.53507,"Y_COORD":5369209.78827,"BEAT":"N 8","ROT_ANGLE":0,"NODE_ID":4808,"GLOBALID":"71f70088-ab56-4010-9f9a-f68d1d493b2e","CREATEDDATE":1520794199000,"LASTUPDATE":1643921004000}},{"type":"Feature","id":2230,"geometry":{"type":"Point","coordinates":[-89.2869371236399,48.44838152467]},"properties":{"OBJECTID":2230,"LOC_ID":"MC0282","FDMID":3436,"X_COORD":330894.4975,"Y_COORD":5368662.96101,"BEAT":"N 15","ROT_ANGLE":0,"NODE_ID":6001,"GLOBALID":"402f6e7d-5bbd-4cdd-b264-b4cffee204bc","CREATEDDATE":1520794199000,"LASTUPDATE":1643921004000}},{"type":"Feature","id":2231,"geometry":{"type":"Point","coordinates":[-89.2104892235491,48.449218492488]},"properties":{"OBJECTID":2231,"LOC_ID":"PC0131","FDMID":1854,"X_COORD":336549.75331,"Y_COORD":5368589.86763,"BEAT":"N 10","ROT_ANGLE":0,"NODE_ID":5931,"GLOBALID":"29233b1b-c301-419a-809d-79e267f569b0","CREATEDDATE":1520794199000,"LASTUPDATE":1643921004000}},{"type":"Feature","id":2232,"geometry":{"type":"Point","coordinates":[-89.2875075166385,48.4472296582833]},"properties":{"OBJECTID":2232,"LOC_ID":"MC0284","FDMID":3438,"X_COORD":330848.49532,"Y_COORD":5368536.19749,"BEAT":"N 13","ROT_ANGLE":0,"NODE_ID":7553,"GLOBALID":"2a0704e3-61e7-4a46-be96-573307a80c19","CREATEDDATE":1520794199000,"LASTUPDATE":1643921005000}},{"type":"Feature","id":2233,"geometry":{"type":"Point","coordinates":[-89.2703114295378,48.4465990170711]},"properties":{"OBJECTID":2233,"LOC_ID":"MC0113","FDMID":3110,"X_COORD":332117.91638,"Y_COORD":5368428.24843,"BEAT":"N 13","ROT_ANGLE":0,"NODE_ID":4055,"GLOBALID":"72d12a16-41e6-44d9-90b8-0736eb36f51b","CREATEDDATE":1520794199000,"LASTUPDATE":1643921005000}},{"type":"Feature","id":2234,"geometry":{"type":"Point","coordinates":[-89.2569725016343,48.4461589992026]},"properties":{"OBJECTID":2234,"LOC_ID":"PC0844","FDMID":2560,"X_COORD":333086.31036,"Y_COORD":5368337.56146,"BEAT":"N 4","ROT_ANGLE":0,"NODE_ID":9654,"GLOBALID":"8f443ffb-87f4-4862-b98d-0335cee5dc75","CREATEDDATE":1520794199000,"LASTUPDATE":1681241289000}},{"type":"Feature","id":2235,"geometry":{"type":"Point","coordinates":[-89.2585238198106,48.4442513015046]},"properties":{"OBJECTID":2235,"LOC_ID":"PC0660","FDMID":2379,"X_COORD":332981.81423,"Y_COORD":5368141.51973,"BEAT":"N 4","ROT_ANGLE":0,"NODE_ID":1695,"GLOBALID":"d6a95055-090e-437a-a281-66c97e3f35b3","CREATEDDATE":1520794199000,"LASTUPDATE":1644364070000}},{"type":"Feature","id":2236,"geometry":{"type":"Point","coordinates":[-89.2605610394582,48.4443166856489]},"properties":{"OBJECTID":2236,"LOC_ID":"PC1106","FDMID":2820,"X_COORD":332831.38377,"Y_COORD":5368153.23659,"BEAT":"N 4","ROT_ANGLE":0,"NODE_ID":10341,"GLOBALID":"779006ff-e16b-4742-8815-781106a57dee","CREATEDDATE":1520794199000,"LASTUPDATE":1643921005000}},{"type":"Feature","id":2237,"geometry":{"type":"Point","coordinates":[-89.2456246886437,48.4433224248991]},"properties":{"OBJECTID":2237,"LOC_ID":"PC0498","FDMID":2220,"X_COORD":333932.62947,"Y_COORD":5368010.21195,"BEAT":"N 8","ROT_ANGLE":0,"NODE_ID":4015,"GLOBALID":"fb19fdf3-51c0-48b7-a599-afffeb843ca5","CREATEDDATE":1520794199000,"LASTUPDATE":1644363319000}},{"type":"Feature","id":2238,"geometry":{"type":"Point","coordinates":[-89.2082710745539,48.4424984384144]},"properties":{"OBJECTID":2238,"LOC_ID":"PC0110","FDMID":1833,"X_COORD":336692.22064,"Y_COORD":5367838.23934,"BEAT":"N 10","ROT_ANGLE":0,"NODE_ID":8696,"GLOBALID":"5602854a-deb9-4cc1-991f-f193f4f5e252","CREATEDDATE":1520794199000,"LASTUPDATE":1643921005000}},{"type":"Feature","id":2239,"geometry":{"type":"Point","coordinates":[-89.2540384881585,48.4396701543805]},"properties":{"OBJECTID":2239,"LOC_ID":"PC0653","FDMID":2372,"X_COORD":333298.49391,"Y_COORD":5367622.5747,"BEAT":"N 4","ROT_ANGLE":0,"NODE_ID":3304,"GLOBALID":"2af487fa-35bd-4d9a-9a84-e80eb245559f","CREATEDDATE":1520794199000,"LASTUPDATE":1643921005000}},{"type":"Feature","id":2240,"geometry":{"type":"Point","coordinates":[-89.2331104144506,48.4333809762635]},"properties":{"OBJECTID":2240,"LOC_ID":"PC0576","FDMID":2296,"X_COORD":334823.9928,"Y_COORD":5366877.19281,"BEAT":"N 6","ROT_ANGLE":0,"NODE_ID":3143,"GLOBALID":"6843a2a4-aa2d-4642-8da0-1c3e85376f68","CREATEDDATE":1520794199000,"LASTUPDATE":1644362295000}},{"type":"Feature","id":2241,"geometry":{"type":"Point","coordinates":[-89.2672683215834,48.4307097043833]},"properties":{"OBJECTID":2241,"LOC_ID":"PC1194","FDMID":3692,"X_COORD":332290.61526,"Y_COORD":5366655.56414,"BEAT":"N 1","ROT_ANGLE":0,"NODE_ID":2575,"GLOBALID":"a8a99cd2-8ac1-476f-b69e-81c729f01c9d","CREATEDDATE":1520794199000,"LASTUPDATE":1643921005000}},{"type":"Feature","id":2242,"geometry":{"type":"Point","coordinates":[-89.2433575529881,48.4291365201123]},"properties":{"OBJECTID":2242,"LOC_ID":"PC0587","FDMID":2306,"X_COORD":334054.08636,"Y_COORD":5366428.58789,"BEAT":"N 5","ROT_ANGLE":0,"NODE_ID":7040,"GLOBALID":"0b01dcae-0c7f-484a-96d3-6d199347536d","CREATEDDATE":1520794199000,"LASTUPDATE":1644354873000}},{"type":"Feature","id":2243,"geometry":{"type":"Point","coordinates":[-89.2280741129648,48.419445964986]},"properties":{"OBJECTID":2243,"LOC_ID":"PP0084","FDMID":3306,"X_COORD":335153.22774,"Y_COORD":5365318.51352,"BEAT":"N 14","ROT_ANGLE":0,"NODE_ID":5361,"GLOBALID":"293474d2-deda-4269-9411-812a86da838e","CREATEDDATE":1520794199000,"LASTUPDATE":1643921005000}},{"type":"Feature","id":2244,"geometry":{"type":"Point","coordinates":[-89.2937472565514,48.415126458029]},"properties":{"OBJECTID":2244,"LOC_ID":"MC0224","FDMID":3221,"X_COORD":330280.20118,"Y_COORD":5364981.92472,"BEAT":"N 1","ROT_ANGLE":0,"NODE_ID":7496,"GLOBALID":"88c2aa03-6a61-4633-a952-9c24000604ae","CREATEDDATE":1520794199000,"LASTUPDATE":1643921005000}},{"type":"Feature","id":2245,"geometry":{"type":"Point","coordinates":[-89.2954119750233,48.4171640152543]},"properties":{"OBJECTID":2245,"LOC_ID":"MC0232","FDMID":3229,"X_COORD":330163.82358,"Y_COORD":5365212.07307,"BEAT":"N 1","ROT_ANGLE":0,"NODE_ID":10068,"GLOBALID":"220071b2-8649-48fd-8e9e-2f8774d43f23","CREATEDDATE":1520794199000,"LASTUPDATE":1643921005000}},{"type":"Feature","id":2246,"geometry":{"type":"Point","coordinates":[-89.2410172789314,48.4153585271603]},"properties":{"OBJECTID":2246,"LOC_ID":"PC0714","FDMID":3688,"X_COORD":334182.36464,"Y_COORD":5364892.16932,"BEAT":"N 2","ROT_ANGLE":0,"NODE_ID":1570,"GLOBALID":"88bb1405-e5d7-434c-b912-a697eff34fa5","CREATEDDATE":1520794199000,"LASTUPDATE":1643921005000}},{"type":"Feature","id":2247,"geometry":{"type":"Point","coordinates":[-89.2405082580431,48.4109944132809]},"properties":{"OBJECTID":2247,"LOC_ID":"PC1211","FDMID":0,"X_COORD":334205.83088,"Y_COORD":5364406.02558,"BEAT":"N 2","ROT_ANGLE":0,"NODE_ID":8949,"GLOBALID":"a8fe9555-8910-4271-89bc-13f1c405e5a6","CREATEDDATE":1520794199000,"LASTUPDATE":1643921005000}},{"type":"Feature","id":2248,"geometry":{"type":"Point","coordinates":[-89.2362357374858,48.4083709335226]},"properties":{"OBJECTID":2248,"LOC_ID":"PC0754","FDMID":2471,"X_COORD":334513.4566,"Y_COORD":5364105.19819,"BEAT":"N 2","ROT_ANGLE":0,"NODE_ID":10523,"GLOBALID":"75bef1d2-b4f9-4321-b2d0-d0b7d96dcbb0","CREATEDDATE":1520794199000,"LASTUPDATE":1644351714000}},{"type":"Feature","id":2249,"geometry":{"type":"Point","coordinates":[-89.2835246388581,48.409422994284]},"properties":{"OBJECTID":2249,"LOC_ID":"PC0691","FDMID":3515,"X_COORD":331017.64066,"Y_COORD":5364325.425,"BEAT":"N 1","ROT_ANGLE":0,"NODE_ID":5241,"GLOBALID":"4558b069-16fa-4229-ba32-20d419f21deb","CREATEDDATE":1520794199000,"LASTUPDATE":1643921005000}},{"type":"Feature","id":2250,"geometry":{"type":"Point","coordinates":[-89.2761481687289,48.4108757926608]},"properties":{"OBJECTID":2250,"LOC_ID":"PC0087","FDMID":1810,"X_COORD":331568.27081,"Y_COORD":5364470.63947,"BEAT":"N 1","ROT_ANGLE":0,"NODE_ID":1451,"GLOBALID":"9d484ffd-4fa6-4520-90a0-18862e01e682","CREATEDDATE":1520794199000,"LASTUPDATE":1643921005000}},{"type":"Feature","id":2251,"geometry":{"type":"Point","coordinates":[-89.2554539833131,48.4073347819445]},"properties":{"OBJECTID":2251,"LOC_ID":"PP0091","FDMID":2955,"X_COORD":333087.95209,"Y_COORD":5364031.77764,"BEAT":"N 2","ROT_ANGLE":0,"NODE_ID":9705,"GLOBALID":"67f82814-cc23-499c-a132-d68e2d32add4","CREATEDDATE":1520794199000,"LASTUPDATE":1643921005000}},{"type":"Feature","id":2252,"geometry":{"type":"Point","coordinates":[-89.2689630955078,48.4002136633469]},"properties":{"OBJECTID":2252,"LOC_ID":"PP0147","FDMID":3395,"X_COORD":332064.82531,"Y_COORD":5363269.84587,"BEAT":"N 1","ROT_ANGLE":0,"NODE_ID":6141,"GLOBALID":"bfca7c81-84ae-44de-b2d2-ce69b654916c","CREATEDDATE":1520794199000,"LASTUPDATE":1643921005000}},{"type":"Feature","id":2253,"geometry":{"type":"Point","coordinates":[-89.276388735593,48.3991936623319]},"properties":{"OBJECTID":2253,"LOC_ID":"FC1069","FDMID":1060,"X_COORD":331492.72674,"Y_COORD":5363179.42487,"BEAT":"S 1","ROT_ANGLE":0,"NODE_ID":4450,"GLOBALID":"efa8d0b8-ee83-4269-94a1-76566b19b989","CREATEDDATE":1520794199000,"LASTUPDATE":1643921005000}},{"type":"Feature","id":2254,"geometry":{"type":"Point","coordinates":[-89.2324413647472,48.3990140711452]},"properties":{"OBJECTID":2254,"LOC_ID":"FC0659","FDMID":651,"X_COORD":334763.9096,"Y_COORD":5363057.05483,"BEAT":"S 11","ROT_ANGLE":0,"NODE_ID":592,"GLOBALID":"c4542964-2f29-4d9e-a08c-0d3f80d99ad0","CREATEDDATE":1520794199000,"LASTUPDATE":1643921005000}},{"type":"Feature","id":2255,"geometry":{"type":"Point","coordinates":[-89.2509820489983,48.3990606714872]},"properties":{"OBJECTID":2255,"LOC_ID":"FC1155","FDMID":3330,"X_COORD":333391.84457,"Y_COORD":5363102.42519,"BEAT":"S 9","ROT_ANGLE":0,"NODE_ID":3124,"GLOBALID":"4a084dd8-a230-436b-a6c1-6b547cdac809","CREATEDDATE":1520794199000,"LASTUPDATE":1643921005000}},{"type":"Feature","id":2256,"geometry":{"type":"Point","coordinates":[-89.2869470481352,48.3948608228292]},"properties":{"OBJECTID":2256,"LOC_ID":"FC0945","FDMID":936,"X_COORD":330716.05295,"Y_COORD":5362714.50839,"BEAT":"S 4","ROT_ANGLE":0,"NODE_ID":9732,"GLOBALID":"f1e9050b-92ef-462d-a9c4-fe612a3aa570","CREATEDDATE":1520794199000,"LASTUPDATE":1643921005000}},{"type":"Feature","id":2257,"geometry":{"type":"Point","coordinates":[-89.2248821876247,48.3927657400349]},"properties":{"OBJECTID":2257,"LOC_ID":"FC0337","FDMID":332,"X_COORD":335303.2015,"Y_COORD":5362346.30795,"BEAT":"S 11","ROT_ANGLE":0,"NODE_ID":6769,"GLOBALID":"b75fdbe8-203b-4998-ac8d-934a25fe043b","CREATEDDATE":1520794199000,"LASTUPDATE":1643921005000}},{"type":"Feature","id":2258,"geometry":{"type":"Point","coordinates":[-89.2784022819291,48.391677698793]},"properties":{"OBJECTID":2258,"LOC_ID":"FC0841","FDMID":832,"X_COORD":331339.5494,"Y_COORD":5362323.71569,"BEAT":"S 4","ROT_ANGLE":0,"NODE_ID":6038,"GLOBALID":"43fb879d-c569-49e1-aafe-42f569c35f22","CREATEDDATE":1520794199000,"LASTUPDATE":1643921005000}},{"type":"Feature","id":2259,"geometry":{"type":"Point","coordinates":[-89.2797233360343,48.3913387819296]},"properties":{"OBJECTID":2259,"LOC_ID":"FP0059","FDMID":1177,"X_COORD":331239.08937,"Y_COORD":5362307.11716,"BEAT":"S 1","ROT_ANGLE":0,"NODE_ID":8148,"GLOBALID":"a519d1ce-9059-4491-a90e-c15d65bea810","CREATEDDATE":1520794199000,"LASTUPDATE":1643921005000}},{"type":"Feature","id":2260,"geometry":{"type":"Point","coordinates":[-89.2831072788997,48.390809203289]},"properties":{"OBJECTID":2260,"LOC_ID":"FC0871","FDMID":862,"X_COORD":330986.84566,"Y_COORD":5362255.7203,"BEAT":"S 1","ROT_ANGLE":0,"NODE_ID":8470,"GLOBALID":"5ae65ffc-43f6-4aa1-8936-7e9499fd613f","CREATEDDATE":1520794199000,"LASTUPDATE":1643921005000}},{"type":"Feature","id":2261,"geometry":{"type":"Point","coordinates":[-89.28674727633,48.3899616875108]},"properties":{"OBJECTID":2261,"LOC_ID":"FC0932","FDMID":923,"X_COORD":330715.27753,"Y_COORD":5362166.70859,"BEAT":"S 1","ROT_ANGLE":0,"NODE_ID":424,"GLOBALID":"0741579c-b9cd-4f12-be87-b2ef8cf9107e","CREATEDDATE":1520794199000,"LASTUPDATE":1643921006000}},{"type":"Feature","id":2262,"geometry":{"type":"Point","coordinates":[-89.2467434329679,48.3873587949427]},"properties":{"OBJECTID":2262,"LOC_ID":"FC0118","FDMID":111,"X_COORD":333665.07055,"Y_COORD":5361792.39767,"BEAT":"S 9","ROT_ANGLE":0,"NODE_ID":1419,"GLOBALID":"9ae5fd5a-6a5f-455c-afa9-24e5492d4e2c","CREATEDDATE":1520794199000,"LASTUPDATE":1674261569000}},{"type":"Feature","id":2263,"geometry":{"type":"Point","coordinates":[-89.2769310836973,48.387562035213]},"properties":{"OBJECTID":2263,"LOC_ID":"FC0904","FDMID":895,"X_COORD":331433.30402,"Y_COORD":5361881.20868,"BEAT":"S 7","ROT_ANGLE":0,"NODE_ID":314,"GLOBALID":"885c4e44-6be1-4a50-bfa6-b8662e9da8cc","CREATEDDATE":1520794199000,"LASTUPDATE":1643921006000}},{"type":"Feature","id":2264,"geometry":{"type":"Point","coordinates":[-89.3135366825699,48.3839755136779]},"properties":{"OBJECTID":2264,"LOC_ID":"NC0604","FDMID":3714,"X_COORD":328711.4342,"Y_COORD":5361563.79531,"BEAT":"S 13","ROT_ANGLE":0,"NODE_ID":1398,"GLOBALID":"e6f9a47f-7ab7-4444-a8b8-9380969cd259","CREATEDDATE":1520794199000,"LASTUPDATE":1643921006000}},{"type":"Feature","id":2265,"geometry":{"type":"Point","coordinates":[-89.2434182796611,48.3832106153163]},"properties":{"OBJECTID":2265,"LOC_ID":"FC0300","FDMID":295,"X_COORD":333900.03222,"Y_COORD":5361324.34954,"BEAT":"S 10","ROT_ANGLE":0,"NODE_ID":6258,"GLOBALID":"3a29ba6c-4dae-48f8-b7cf-465df028c8b4","CREATEDDATE":1520794199000,"LASTUPDATE":1643921006000}},{"type":"Feature","id":2266,"geometry":{"type":"Point","coordinates":[-89.2949348883431,48.3815627696054]},"properties":{"OBJECTID":2266,"LOC_ID":"FC1159","FDMID":3407,"X_COORD":330080.85193,"Y_COORD":5361250.29463,"BEAT":"S 2","ROT_ANGLE":0,"NODE_ID":2334,"GLOBALID":"391763d3-60f6-4e01-b791-2a658ebc8a9d","CREATEDDATE":1520794199000,"LASTUPDATE":1643921006000}},{"type":"Feature","id":2267,"geometry":{"type":"Point","coordinates":[-89.3695546116681,48.37914034834]},"properties":{"OBJECTID":2267,"LOC_ID":"NC0237","FDMID":1413,"X_COORD":324547.66229,"Y_COORD":5361153.2225,"BEAT":"S 13","ROT_ANGLE":0,"NODE_ID":252,"GLOBALID":"ba000269-a29d-4ce8-bd80-6d990d30657b","CREATEDDATE":1520794199000,"LASTUPDATE":1643921006000}},{"type":"Feature","id":2268,"geometry":{"type":"Point","coordinates":[-89.2783838421389,48.3799809002103]},"properties":{"OBJECTID":2268,"LOC_ID":"FC0073","FDMID":66,"X_COORD":331300.70268,"Y_COORD":5361041.81361,"BEAT":"S 7","ROT_ANGLE":0,"NODE_ID":5063,"GLOBALID":"a0e0602c-6d4c-4e8f-95dc-22860a69132d","CREATEDDATE":1520794199000,"LASTUPDATE":1643921006000}},{"type":"Feature","id":2269,"geometry":{"type":"Point","coordinates":[-89.2911606833856,48.3782983820821]},"properties":{"OBJECTID":2269,"LOC_ID":"FP0057","FDMID":1175,"X_COORD":330349.13762,"Y_COORD":5360883.03012,"BEAT":"S 2","ROT_ANGLE":0,"NODE_ID":10178,"GLOBALID":"36122c22-ebe4-4b21-8243-e6af03d54ef7","CREATEDDATE":1520794199000,"LASTUPDATE":1643921006000}},{"type":"Feature","id":2270,"geometry":{"type":"Point","coordinates":[-89.2683381590922,48.3782036175371]},"properties":{"OBJECTID":2270,"LOC_ID":"FC0558","FDMID":550,"X_COORD":332040.01276,"Y_COORD":5360822.4106,"BEAT":"S 7","ROT_ANGLE":0,"NODE_ID":898,"GLOBALID":"041b3ea7-2213-4cf9-84f2-ba24168d0079","CREATEDDATE":1520794199000,"LASTUPDATE":1643921006000}},{"type":"Feature","id":2271,"geometry":{"type":"Point","coordinates":[-89.264671297766,48.3769112232215]},"properties":{"OBJECTID":2271,"LOC_ID":"FC0379","FDMID":374,"X_COORD":332305.32195,"Y_COORD":5360672.84132,"BEAT":"S 8","ROT_ANGLE":0,"NODE_ID":4345,"GLOBALID":"21e702e2-87e6-4974-aeb2-b268c1d28306","CREATEDDATE":1520794199000,"LASTUPDATE":1670358299000}},{"type":"Feature","id":2272,"geometry":{"type":"Point","coordinates":[-89.2699252145271,48.3763120275682]},"properties":{"OBJECTID":2272,"LOC_ID":"FC0532","FDMID":524,"X_COORD":331914.88534,"Y_COORD":5360615.44433,"BEAT":"S 7","ROT_ANGLE":0,"NODE_ID":656,"GLOBALID":"441e3ae6-9e09-4f13-a014-f3dd0d777d05","CREATEDDATE":1520794199000,"LASTUPDATE":1644007658000}},{"type":"Feature","id":2273,"geometry":{"type":"Point","coordinates":[-89.262934093872,48.3760394790987]},"properties":{"OBJECTID":2273,"LOC_ID":"FC0526","FDMID":518,"X_COORD":332428.57059,"Y_COORD":5360569.85969,"BEAT":"S 8","ROT_ANGLE":0,"NODE_ID":6856,"GLOBALID":"ad7e6a04-ec9e-475f-8e0e-99282ece0dc8","CREATEDDATE":1520794199000,"LASTUPDATE":1676514022000}},{"type":"Feature","id":2274,"geometry":{"type":"Point","coordinates":[-89.367717410978,48.372914133956]},"properties":{"OBJECTID":2274,"LOC_ID":"NC0512","FDMID":3315,"X_COORD":324662.30677,"Y_COORD":5360457.01694,"BEAT":"S 14","ROT_ANGLE":0,"NODE_ID":7393,"GLOBALID":"47719e5f-9c16-41d9-807b-bc71c9b7a336","CREATEDDATE":1520794199000,"LASTUPDATE":1643921006000}},{"type":"Feature","id":2275,"geometry":{"type":"Point","coordinates":[-89.3522347659468,48.3672082772646]},"properties":{"OBJECTID":2275,"LOC_ID":"NC0657","FDMID":1706,"X_COORD":325789.30581,"Y_COORD":5359787.52958,"BEAT":"S 15","ROT_ANGLE":0,"NODE_ID":1085,"GLOBALID":"2d8f9339-c708-4e9e-bead-884a819b2248","CREATEDDATE":1520794199000,"LASTUPDATE":1643921006000}},{"type":"Feature","id":2276,"geometry":{"type":"Point","coordinates":[-89.2948873183269,48.3666384376248]},"properties":{"OBJECTID":2276,"LOC_ID":"FC0546","FDMID":538,"X_COORD":330034.40022,"Y_COORD":5359595.36983,"BEAT":"S 3","ROT_ANGLE":0,"NODE_ID":9215,"GLOBALID":"8eb2c97a-97d2-494d-bd11-9fbc188dbf91","CREATEDDATE":1520794199000,"LASTUPDATE":1643921006000}},{"type":"Feature","id":2277,"geometry":{"type":"Point","coordinates":[-89.2615531753146,48.3663063841832]},"properties":{"OBJECTID":2277,"LOC_ID":"FC0704","FDMID":695,"X_COORD":332501.94428,"Y_COORD":5359485.04023,"BEAT":"S 6","ROT_ANGLE":0,"NODE_ID":8617,"GLOBALID":"fd635e3a-8d1b-4a8e-96b9-7c4a52951bc2","CREATEDDATE":1520794199000,"LASTUPDATE":1643921006000}},{"type":"Feature","id":2278,"geometry":{"type":"Point","coordinates":[-89.275983979368,48.364078165037]},"properties":{"OBJECTID":2278,"LOC_ID":"FC0324","FDMID":319,"X_COORD":331425.89103,"Y_COORD":5359269.05585,"BEAT":"S 6","ROT_ANGLE":0,"NODE_ID":6237,"GLOBALID":"15e439d5-c3da-4201-8d05-b8ef1f4afc53","CREATEDDATE":1520794199000,"LASTUPDATE":1643921006000}},{"type":"Feature","id":2279,"geometry":{"type":"Point","coordinates":[-89.2951344029887,48.359295200012]},"properties":{"OBJECTID":2279,"LOC_ID":"FC0551","FDMID":543,"X_COORD":329991.61135,"Y_COORD":5358779.77687,"BEAT":"S 3","ROT_ANGLE":0,"NODE_ID":5920,"GLOBALID":"77ab35be-5426-4ae6-aa41-3d6593d34975","CREATEDDATE":1520794199000,"LASTUPDATE":1643921006000}},{"type":"Feature","id":2280,"geometry":{"type":"Point","coordinates":[-89.3333986331782,48.3453463226911]},"properties":{"OBJECTID":2280,"LOC_ID":"NC0157","FDMID":1335,"X_COORD":327110.2932,"Y_COORD":5357315.06391,"BEAT":"S 15","ROT_ANGLE":0,"NODE_ID":3335,"GLOBALID":"570e2965-3026-4efc-b31f-74b6bbf134a3","CREATEDDATE":1520794199000,"LASTUPDATE":1643921006000}},{"type":"Feature","id":2281,"geometry":{"type":"Point","coordinates":[-89.3542593501597,48.3264733749012]},"properties":{"OBJECTID":2281,"LOC_ID":"NC0480","FDMID":1653,"X_COORD":325500.32072,"Y_COORD":5355264.76272,"BEAT":"S 16","ROT_ANGLE":0,"NODE_ID":10147,"GLOBALID":"4d2efdb8-f14d-4ed7-b87e-3943d8ce3b15","CREATEDDATE":1520794199000,"LASTUPDATE":1643921006000}},{"type":"Feature","id":2282,"geometry":{"type":"Point","coordinates":[-89.3336260891535,48.3354849709116]},"properties":{"OBJECTID":2282,"LOC_ID":"NC0388","FDMID":1563,"X_COORD":327060.07624,"Y_COORD":5356219.56644,"BEAT":"S 16","ROT_ANGLE":0,"NODE_ID":10296,"GLOBALID":"a794fc50-6589-4d54-a959-cd1cf868982b","CREATEDDATE":1520794199000,"LASTUPDATE":1643921006000}},{"type":"Feature","id":2283,"geometry":{"type":"Point","coordinates":[-89.2134702165403,48.4638155790088]},"properties":{"OBJECTID":2283,"LOC_ID":"PC0992","FDMID":2706,"X_COORD":336376.26825,"Y_COORD":5370218.64511,"BEAT":"N 9","ROT_ANGLE":0,"NODE_ID":3193,"GLOBALID":"3d26e72c-b826-48c1-88bd-313c366e4380","CREATEDDATE":1520794199000,"LASTUPDATE":1643921006000}},{"type":"Feature","id":2284,"geometry":{"type":"Point","coordinates":[-89.1713267482434,48.4565989455217]},"properties":{"OBJECTID":2284,"LOC_ID":"PP0010","FDMID":2881,"X_COORD":339468.68016,"Y_COORD":5369327.26795,"BEAT":"N 14","ROT_ANGLE":0,"NODE_ID":9806,"GLOBALID":"7942e83c-808e-4690-a50a-981199285bd2","CREATEDDATE":1520794199000,"LASTUPDATE":1643921006000}},{"type":"Feature","id":2285,"geometry":{"type":"Point","coordinates":[-89.2118563659837,48.4604715409674]},"properties":{"OBJECTID":2285,"LOC_ID":"PC0282","FDMID":2005,"X_COORD":336485.48733,"Y_COORD":5369842.0412,"BEAT":"N 9","ROT_ANGLE":0,"NODE_ID":7422,"GLOBALID":"5a0f36c8-f426-4082-8861-f5131b4ffe1c","CREATEDDATE":1520794199000,"LASTUPDATE":1680129844000}},{"type":"Feature","id":2286,"geometry":{"type":"Point","coordinates":[-89.2146788147844,48.4588314653141]},"properties":{"OBJECTID":2286,"LOC_ID":"PC0260","FDMID":1983,"X_COORD":336270.93449,"Y_COORD":5369666.28594,"BEAT":"N 9","ROT_ANGLE":0,"NODE_ID":775,"GLOBALID":"93e9c95c-8dd3-473f-9fb7-272a94b43d3b","CREATEDDATE":1520794199000,"LASTUPDATE":1643921006000}},{"type":"Feature","id":2287,"geometry":{"type":"Point","coordinates":[-89.1850676128454,48.4583587071125]},"properties":{"OBJECTID":2287,"LOC_ID":"PC0003","FDMID":1727,"X_COORD":338458.42096,"Y_COORD":5369551.7733,"BEAT":"N 11","ROT_ANGLE":0,"NODE_ID":1371,"GLOBALID":"dd310c3a-1e2c-4aad-bebe-d33e4f60d185","CREATEDDATE":1520794199000,"LASTUPDATE":1643921006000}},{"type":"Feature","id":2288,"geometry":{"type":"Point","coordinates":[-89.2256071996447,48.4554693290676]},"properties":{"OBJECTID":2288,"LOC_ID":"PC0244","FDMID":1967,"X_COORD":335452.14128,"Y_COORD":5369317.02642,"BEAT":"N 8","ROT_ANGLE":0,"NODE_ID":119,"GLOBALID":"0045a8da-9608-4da5-994a-c0f13c093545","CREATEDDATE":1520794199000,"LASTUPDATE":1643921006000}},{"type":"Feature","id":2289,"geometry":{"type":"Point","coordinates":[-89.1864772811382,48.4504774838966]},"properties":{"OBJECTID":2289,"LOC_ID":"PP0039","FDMID":1902,"X_COORD":338329.17936,"Y_COORD":5368678.7941,"BEAT":"N 14","ROT_ANGLE":0,"NODE_ID":9675,"GLOBALID":"175fc3a8-c783-4ce3-97dd-817efaf91e0c","CREATEDDATE":1520794199000,"LASTUPDATE":1643921006000}},{"type":"Feature","id":2290,"geometry":{"type":"Point","coordinates":[-89.2429265662904,48.450635559201]},"properties":{"OBJECTID":2290,"LOC_ID":"PC0895","FDMID":2611,"X_COORD":334156.70012,"Y_COORD":5368819.95531,"BEAT":"N 8","ROT_ANGLE":0,"NODE_ID":4751,"GLOBALID":"f2dd77a9-1f40-45cd-952a-eeeeb918293f","CREATEDDATE":1520794199000,"LASTUPDATE":1643921006000}},{"type":"Feature","id":2291,"geometry":{"type":"Point","coordinates":[-89.2654615043488,48.4495615315606]},"properties":{"OBJECTID":2291,"LOC_ID":"MC0042","FDMID":3039,"X_COORD":332486.28169,"Y_COORD":5368746.88242,"BEAT":"N 13","ROT_ANGLE":0,"NODE_ID":9872,"GLOBALID":"e2b7669a-1afb-4f64-934c-c022e364ad5e","CREATEDDATE":1520794199000,"LASTUPDATE":1643921006000}},{"type":"Feature","id":2292,"geometry":{"type":"Point","coordinates":[-89.2442727960285,48.4465175414768]},"properties":{"OBJECTID":2292,"LOC_ID":"PC0504","FDMID":2226,"X_COORD":334043.01283,"Y_COORD":5368362.39934,"BEAT":"N 8","ROT_ANGLE":0,"NODE_ID":1625,"GLOBALID":"d2e44f52-dbc9-4b4e-b63e-3a953184b55f","CREATEDDATE":1520794199000,"LASTUPDATE":1643921007000}},{"type":"Feature","id":2293,"geometry":{"type":"Point","coordinates":[-89.2372534535888,48.4432690755895]},"properties":{"OBJECTID":2293,"LOC_ID":"PC0370","FDMID":2093,"X_COORD":334551.49078,"Y_COORD":5367986.15102,"BEAT":"N 5","ROT_ANGLE":0,"NODE_ID":9089,"GLOBALID":"03429307-6ab9-44df-be40-3ccdc85222e3","CREATEDDATE":1520794199000,"LASTUPDATE":1643921007000}},{"type":"Feature","id":2294,"geometry":{"type":"Point","coordinates":[-89.2494160154638,48.4392531003085]},"properties":{"OBJECTID":2294,"LOC_ID":"PC0632","FDMID":2351,"X_COORD":333638.97852,"Y_COORD":5367566.16229,"BEAT":"N 5","ROT_ANGLE":0,"NODE_ID":813,"GLOBALID":"ffafa0bd-3484-45d7-aab7-d284255057e5","CREATEDDATE":1520794199000,"LASTUPDATE":1644362961000}},{"type":"Feature","id":2295,"geometry":{"type":"Point","coordinates":[-89.2343235845927,48.4393539500742]},"properties":{"OBJECTID":2295,"LOC_ID":"PC0476","FDMID":2198,"X_COORD":334755.45008,"Y_COORD":5367544.67006,"BEAT":"N 6","ROT_ANGLE":0,"NODE_ID":6363,"GLOBALID":"8368fcbf-5c6f-4f7b-8514-1787b05aeebe","CREATEDDATE":1520794199000,"LASTUPDATE":1643921007000}},{"type":"Feature","id":2296,"geometry":{"type":"Point","coordinates":[-89.2329283906102,48.4380812064332]},"properties":{"OBJECTID":2296,"LOC_ID":"PC0472","FDMID":2194,"X_COORD":334854.50646,"Y_COORD":5367400.19518,"BEAT":"N 6","ROT_ANGLE":0,"NODE_ID":9308,"GLOBALID":"dfdabe6e-4051-4566-8437-d3ede3032155","CREATEDDATE":1520794199000,"LASTUPDATE":1643921007000}},{"type":"Feature","id":2297,"geometry":{"type":"Point","coordinates":[-89.2262767349343,48.4350847353022]},"properties":{"OBJECTID":2297,"LOC_ID":"PC0423","FDMID":2145,"X_COORD":335337.0406,"Y_COORD":5367053.6979,"BEAT":"N 6","ROT_ANGLE":0,"NODE_ID":6886,"GLOBALID":"b6174c5e-bec3-4f5a-b34f-77dd916ed337","CREATEDDATE":1520794199000,"LASTUPDATE":1643921007000}},{"type":"Feature","id":2298,"geometry":{"type":"Point","coordinates":[-89.2271995560632,48.4321870468423]},"properties":{"OBJECTID":2298,"LOC_ID":"PC0448","FDMID":2170,"X_COORD":335262.27785,"Y_COORD":5366737.11627,"BEAT":"N7","ROT_ANGLE":0,"NODE_ID":3725,"GLOBALID":"199eaff5-185b-4c0c-a726-3647dadf6c4f","CREATEDDATE":1520794199000,"LASTUPDATE":1643921007000}},{"type":"Feature","id":2299,"geometry":{"type":"Point","coordinates":[-89.2269803799092,48.4194911600811]},"properties":{"OBJECTID":2299,"LOC_ID":"PP0174","FDMID":2410,"X_COORD":335234.29065,"Y_COORD":5365321.18232,"BEAT":"N 14","ROT_ANGLE":0,"NODE_ID":9493,"GLOBALID":"a30e236e-2b21-427f-8bb2-c9c6903aff9c","CREATEDDATE":1520794199000,"LASTUPDATE":1643921007000}},{"type":"Feature","id":2300,"geometry":{"type":"Point","coordinates":[-89.2243871929372,48.4189447725487]},"properties":{"OBJECTID":2300,"LOC_ID":"PP0176","FDMID":2412,"X_COORD":335424.37526,"Y_COORD":5365254.87806,"BEAT":"N 14","ROT_ANGLE":0,"NODE_ID":8484,"GLOBALID":"f75b4c66-d504-4a3b-8ed4-4c99a95dfce6","CREATEDDATE":1520794199000,"LASTUPDATE":1643921007000}},{"type":"Feature","id":2301,"geometry":{"type":"Point","coordinates":[-89.2621238093319,48.4195988432044]},"properties":{"OBJECTID":2301,"LOC_ID":"PP0048","FDMID":2915,"X_COORD":332634.64495,"Y_COORD":5365409.39249,"BEAT":"N 1","ROT_ANGLE":0,"NODE_ID":5216,"GLOBALID":"30dc0f15-ff1f-438e-bd8b-3e4b10a85181","CREATEDDATE":1520794199000,"LASTUPDATE":1643921007000}},{"type":"Feature","id":2302,"geometry":{"type":"Point","coordinates":[-89.266372445404,48.4175508223838]},"properties":{"OBJECTID":2302,"LOC_ID":"PP0138","FDMID":3363,"X_COORD":332313.58511,"Y_COORD":5365191.06699,"BEAT":"N 1","ROT_ANGLE":0,"NODE_ID":3533,"GLOBALID":"81e4c33e-c9db-46e5-929c-3af852ac56f2","CREATEDDATE":1520794199000,"LASTUPDATE":1643921007000}},{"type":"Feature","id":2303,"geometry":{"type":"Point","coordinates":[-89.2558248642251,48.4154558998157]},"properties":{"OBJECTID":2303,"LOC_ID":"PC1068","FDMID":2782,"X_COORD":333087.08835,"Y_COORD":5364935.18065,"BEAT":"N 3","ROT_ANGLE":0,"NODE_ID":8453,"GLOBALID":"32d1186f-230b-47e6-94e1-85c99712037d","CREATEDDATE":1520794199000,"LASTUPDATE":1643921007000}},{"type":"Feature","id":2304,"geometry":{"type":"Point","coordinates":[-89.2412845223033,48.4117350782736]},"properties":{"OBJECTID":2304,"LOC_ID":"PP0210","FDMID":3583,"X_COORD":334150.80163,"Y_COORD":5364490.02686,"BEAT":"N 2","ROT_ANGLE":0,"NODE_ID":63,"GLOBALID":"3ee90740-8d82-4c62-a310-3d882dd8e5d9","CREATEDDATE":1520794199000,"LASTUPDATE":1643921007000}},{"type":"Feature","id":2305,"geometry":{"type":"Point","coordinates":[-89.2743817768279,48.4123322792952]},"properties":{"OBJECTID":2305,"LOC_ID":"PC1080","FDMID":2794,"X_COORD":331706.07228,"Y_COORD":5364622.60568,"BEAT":"N 1","ROT_ANGLE":0,"NODE_ID":528,"GLOBALID":"5ec35583-d863-49b3-ae5a-027e3ae32aa6","CREATEDDATE":1520794199000,"LASTUPDATE":1643921007000}},{"type":"Feature","id":2306,"geometry":{"type":"Point","coordinates":[-89.2457671175088,48.4056686848327]},"properties":{"OBJECTID":2306,"LOC_ID":"PC0719","FDMID":2437,"X_COORD":333799.3423,"Y_COORD":5363825.51896,"BEAT":"N 2","ROT_ANGLE":0,"NODE_ID":939,"GLOBALID":"53caf46e-687b-4412-846e-e4620e90d72c","CREATEDDATE":1520794199000,"LASTUPDATE":1644009240000}},{"type":"Feature","id":2307,"geometry":{"type":"Point","coordinates":[-89.26975668804,48.4001691304803]},"properties":{"OBJECTID":2307,"LOC_ID":"PP0082","FDMID":2949,"X_COORD":332005.94326,"Y_COORD":5363266.63588,"BEAT":"N 1","ROT_ANGLE":0,"NODE_ID":9968,"GLOBALID":"abb5fdf5-204a-4192-939d-a2d8d3ae0a3f","CREATEDDATE":1520794199000,"LASTUPDATE":1643921007000}},{"type":"Feature","id":2308,"geometry":{"type":"Point","coordinates":[-89.2751335256123,48.4047710344392]},"properties":{"OBJECTID":2308,"LOC_ID":"FP0068","FDMID":3340,"X_COORD":331623.18844,"Y_COORD":5363789.90654,"BEAT":"S 1","ROT_ANGLE":0,"NODE_ID":10014,"GLOBALID":"cc9ebf0f-f623-402a-a063-b237856eca26","CREATEDDATE":1520794199000,"LASTUPDATE":1643921007000}},{"type":"Feature","id":2309,"geometry":{"type":"Point","coordinates":[-89.2780015210782,48.4026536574038]},"properties":{"OBJECTID":2309,"LOC_ID":"FC1125","FDMID":1114,"X_COORD":331403.94594,"Y_COORD":5363560.88612,"BEAT":"S 1","ROT_ANGLE":0,"NODE_ID":10532,"GLOBALID":"81d9d1dc-bab1-4bbb-a49d-d98cec3153ed","CREATEDDATE":1520794199000,"LASTUPDATE":1643921007000}},{"type":"Feature","id":2310,"geometry":{"type":"Point","coordinates":[-89.279534157575,48.4004598700924]},"properties":{"OBJECTID":2310,"LOC_ID":"FC1072","FDMID":1063,"X_COORD":331283.26166,"Y_COORD":5363320.43812,"BEAT":"S 1","ROT_ANGLE":0,"NODE_ID":8833,"GLOBALID":"fdbe1eb8-c308-4c9c-afeb-d1046d7e0dbb","CREATEDDATE":1520794199000,"LASTUPDATE":1643921007000}},{"type":"Feature","id":2311,"geometry":{"type":"Point","coordinates":[-89.2277325360895,48.3974813835456]},"properties":{"OBJECTID":2311,"LOC_ID":"FC1154","FDMID":3329,"X_COORD":335107.46288,"Y_COORD":5362876.55563,"BEAT":"S 11","ROT_ANGLE":0,"NODE_ID":6946,"GLOBALID":"27d79811-fe9c-4916-9d5c-d36e08e3ada8","CREATEDDATE":1520794199000,"LASTUPDATE":1643921007000}},{"type":"Feature","id":2312,"geometry":{"type":"Point","coordinates":[-89.2796594519937,48.3954312089762]},"properties":{"OBJECTID":2312,"LOC_ID":"FC0978","FDMID":969,"X_COORD":331257.3542,"Y_COORD":5362761.81771,"BEAT":"S 4","ROT_ANGLE":0,"NODE_ID":8301,"GLOBALID":"038b485e-2086-428d-958a-8a7c9340f412","CREATEDDATE":1520794199000,"LASTUPDATE":1643921007000}},{"type":"Feature","id":2313,"geometry":{"type":"Point","coordinates":[-89.24422664293,48.3817146475901]},"properties":{"OBJECTID":2313,"LOC_ID":"FC0668","FDMID":660,"X_COORD":333835.31363,"Y_COORD":5361159.83601,"BEAT":"S 10","ROT_ANGLE":0,"NODE_ID":9193,"GLOBALID":"ba29dcd6-20b9-4362-9e1c-7263a3ae7e5d","CREATEDDATE":1520794199000,"LASTUPDATE":1643921007000}},{"type":"Feature","id":2314,"geometry":{"type":"Point","coordinates":[-89.28817621188,48.3938423579089]},"properties":{"OBJECTID":2314,"LOC_ID":"FC0916","FDMID":907,"X_COORD":330621.69212,"Y_COORD":5362604.03313,"BEAT":"S 4","ROT_ANGLE":0,"NODE_ID":2801,"GLOBALID":"9c9a0d54-eb9b-45cf-8a27-d4fe2b3b8a61","CREATEDDATE":1520794199000,"LASTUPDATE":1643921007000}},{"type":"Feature","id":2315,"geometry":{"type":"Point","coordinates":[-89.3557615512779,48.3908615935688]},"properties":{"OBJECTID":2315,"LOC_ID":"NC0423","FDMID":1597,"X_COORD":325608.94716,"Y_COORD":5362424.45783,"BEAT":"S 13","ROT_ANGLE":0,"NODE_ID":652,"GLOBALID":"cd74fde7-3599-4960-8ee2-ac04ebba5bf7","CREATEDDATE":1520794199000,"LASTUPDATE":1643921007000}},{"type":"Feature","id":2316,"geometry":{"type":"Point","coordinates":[-89.2416134986362,48.3914882964291]},"properties":{"OBJECTID":2316,"LOC_ID":"FC0241","FDMID":236,"X_COORD":334052.35657,"Y_COORD":5362245.19767,"BEAT":"S 11","ROT_ANGLE":0,"NODE_ID":2348,"GLOBALID":"a2bccd4e-69dc-4440-9fc8-ee1dc434d4d6","CREATEDDATE":1520794199000,"LASTUPDATE":1672954949000}},{"type":"Feature","id":2317,"geometry":{"type":"Point","coordinates":[-89.2942750856073,48.3897370142593]},"properties":{"OBJECTID":2317,"LOC_ID":"FC1049","FDMID":1040,"X_COORD":330156.60258,"Y_COORD":5362161.26449,"BEAT":"S 1","ROT_ANGLE":0,"NODE_ID":3863,"GLOBALID":"323bf54f-aec2-4e9d-8efb-3aedf02cf60c","CREATEDDATE":1520794199000,"LASTUPDATE":1643921007000}},{"type":"Feature","id":2318,"geometry":{"type":"Point","coordinates":[-89.2893546965457,48.388782514191]},"properties":{"OBJECTID":2318,"LOC_ID":"FC0876","FDMID":867,"X_COORD":330518.10633,"Y_COORD":5362043.66065,"BEAT":"S 1","ROT_ANGLE":0,"NODE_ID":7246,"GLOBALID":"c8c6a5bd-5c4f-4b5c-873c-45e15456ddf5","CREATEDDATE":1520794199000,"LASTUPDATE":1643921007000}},{"type":"Feature","id":2319,"geometry":{"type":"Point","coordinates":[-89.3105552383152,48.3871141463348]},"properties":{"OBJECTID":2319,"LOC_ID":"NC0567","FDMID":3545,"X_COORD":328942.68079,"Y_COORD":5361905.97182,"BEAT":"S 13","ROT_ANGLE":0,"NODE_ID":9854,"GLOBALID":"2caf8908-5f6b-4098-bed4-8152a4617d80","CREATEDDATE":1520794199000,"LASTUPDATE":1643921007000}},{"type":"Feature","id":2320,"geometry":{"type":"Point","coordinates":[-89.2924427668042,48.3823910655358]},"properties":{"OBJECTID":2320,"LOC_ID":"FC0834","FDMID":825,"X_COORD":330267.81769,"Y_COORD":5361340.74302,"BEAT":"S 2","ROT_ANGLE":0,"NODE_ID":2689,"GLOBALID":"006f8517-826c-45df-96a1-5d7bb80a0413","CREATEDDATE":1520794199000,"LASTUPDATE":1643921007000}},{"type":"Feature","id":2321,"geometry":{"type":"Point","coordinates":[-89.3792158287942,48.3806604777498]},"properties":{"OBJECTID":2321,"LOC_ID":"NC0273","FDMID":1449,"X_COORD":323837.59688,"Y_COORD":5361344.34442,"BEAT":"S 13","ROT_ANGLE":0,"NODE_ID":290,"GLOBALID":"fe8abd0e-6843-4d07-bcd2-f0b038998f72","CREATEDDATE":1520794199000,"LASTUPDATE":1643921007000}},{"type":"Feature","id":2322,"geometry":{"type":"Point","coordinates":[-89.3718961991376,48.3806722161912]},"properties":{"OBJECTID":2322,"LOC_ID":"NC0269","FDMID":1445,"X_COORD":324379.56271,"Y_COORD":5361328.84362,"BEAT":"S 13","ROT_ANGLE":0,"NODE_ID":6807,"GLOBALID":"05556ae4-9879-454f-9422-b1956b9d5368","CREATEDDATE":1520794199000,"LASTUPDATE":1643921007000}},{"type":"Feature","id":2323,"geometry":{"type":"Point","coordinates":[-89.3607433656585,48.3796635494497]},"properties":{"OBJECTID":2323,"LOC_ID":"NC0045","FDMID":1223,"X_COORD":325201.8301,"Y_COORD":5361191.23338,"BEAT":"S 13","ROT_ANGLE":0,"NODE_ID":8815,"GLOBALID":"5b23adab-94ad-4e43-9474-ab21f218c60b","CREATEDDATE":1520794199000,"LASTUPDATE":1643921008000}},{"type":"Feature","id":2324,"geometry":{"type":"Point","coordinates":[-89.2467161937327,48.3807386149002]},"properties":{"OBJECTID":2324,"LOC_ID":"FC0123","FDMID":116,"X_COORD":333645.88924,"Y_COORD":5361053.05969,"BEAT":"S 10","ROT_ANGLE":0,"NODE_ID":8589,"GLOBALID":"d735e019-63b8-4b50-834e-49e23db2ce3c","CREATEDDATE":1520794199000,"LASTUPDATE":1643921008000}},{"type":"Feature","id":2325,"geometry":{"type":"Point","coordinates":[-89.2760008647326,48.3798543453109]},"properties":{"OBJECTID":2325,"LOC_ID":"FC0072","FDMID":65,"X_COORD":331476.71702,"Y_COORD":5361022.5025,"BEAT":"S 7","ROT_ANGLE":0,"NODE_ID":5671,"GLOBALID":"94932eca-42f4-4e52-98ef-b277099cf20d","CREATEDDATE":1520794199000,"LASTUPDATE":1643921008000}},{"type":"Feature","id":2326,"geometry":{"type":"Point","coordinates":[-89.2981625784433,48.3786923102048]},"properties":{"OBJECTID":2326,"LOC_ID":"FC1011","FDMID":1002,"X_COORD":329828.94255,"Y_COORD":5360937.97694,"BEAT":"S 2","ROT_ANGLE":0,"NODE_ID":1028,"GLOBALID":"beced386-8438-49ac-9196-3a979be5462c","CREATEDDATE":1520794199000,"LASTUPDATE":1677610211000}},{"type":"Feature","id":2327,"geometry":{"type":"Point","coordinates":[-89.2992003422267,48.3779730477441]},"properties":{"OBJECTID":2327,"LOC_ID":"FC1010","FDMID":1001,"X_COORD":329751.65743,"Y_COORD":5360866.79153,"BEAT":"S 2","ROT_ANGLE":0,"NODE_ID":4665,"GLOBALID":"99f61982-081e-49bd-b380-9aee5d911a34","CREATEDDATE":1520794199000,"LASTUPDATE":1677610570000}},{"type":"Feature","id":2328,"geometry":{"type":"Point","coordinates":[-89.2629348249778,48.3775168654367]},"properties":{"OBJECTID":2328,"LOC_ID":"FC0383","FDMID":377,"X_COORD":332432.61052,"Y_COORD":5360734.33662,"BEAT":null,"ROT_ANGLE":0,"NODE_ID":4940,"GLOBALID":"f723768f-d100-4e35-8f34-e33a3d1c393a","CREATEDDATE":1520794199000,"LASTUPDATE":1670276431000}},{"type":"Feature","id":2329,"geometry":{"type":"Point","coordinates":[-89.2551724849815,48.3757921458119]},"properties":{"OBJECTID":2329,"LOC_ID":"FC0606","FDMID":598,"X_COORD":333005.53519,"Y_COORD":5360525.39223,"BEAT":"S 10","ROT_ANGLE":0,"NODE_ID":9318,"GLOBALID":"871a8eb6-c951-494d-b071-6b7d34b73f33","CREATEDDATE":1520794199000,"LASTUPDATE":1644008313000}},{"type":"Feature","id":2330,"geometry":{"type":"Point","coordinates":[-89.2858279796979,48.3741312034605]},"properties":{"OBJECTID":2330,"LOC_ID":"FC0447","FDMID":440,"X_COORD":330730.89327,"Y_COORD":5360404.85898,"BEAT":"S 5","ROT_ANGLE":0,"NODE_ID":4783,"GLOBALID":"fa627511-0abd-4b39-b080-be5a4181bd58","CREATEDDATE":1520794199000,"LASTUPDATE":1643921008000}},{"type":"Feature","id":2331,"geometry":{"type":"Point","coordinates":[-89.3607168250377,48.3714550380991]},"properties":{"OBJECTID":2331,"LOC_ID":"NC0052","FDMID":1230,"X_COORD":325175.69173,"Y_COORD":5360278.85143,"BEAT":"S 15","ROT_ANGLE":0,"NODE_ID":5542,"GLOBALID":"28bc612e-452b-4662-ac46-96cb85331e16","CREATEDDATE":1520794199000,"LASTUPDATE":1643921008000}},{"type":"Feature","id":2332,"geometry":{"type":"Point","coordinates":[-89.2681616380923,48.3715413140785]},"properties":{"OBJECTID":2332,"LOC_ID":"FC0226","FDMID":222,"X_COORD":332029.76713,"Y_COORD":5360081.3418,"BEAT":"S 8","ROT_ANGLE":0,"NODE_ID":7777,"GLOBALID":"d7e6faf5-9831-44e3-9916-4a9baf1e1578","CREATEDDATE":1520794199000,"LASTUPDATE":1643921008000}},{"type":"Feature","id":2333,"geometry":{"type":"Point","coordinates":[-89.3037591966682,48.3685890381828]},"properties":{"OBJECTID":2333,"LOC_ID":"FC0008","FDMID":50,"X_COORD":329383.8717,"Y_COORD":5359831.88081,"BEAT":"S 3","ROT_ANGLE":0,"NODE_ID":965,"GLOBALID":"34fbbf89-73e6-4352-be0a-3baf70d0b7dd","CREATEDDATE":1520794199000,"LASTUPDATE":1643921008000}},{"type":"Feature","id":2334,"geometry":{"type":"Point","coordinates":[-89.2876731987341,48.3671349761423]},"properties":{"OBJECTID":2334,"LOC_ID":"FC0808","FDMID":799,"X_COORD":330570.31394,"Y_COORD":5359634.57905,"BEAT":"S 6","ROT_ANGLE":0,"NODE_ID":7017,"GLOBALID":"6a19c124-cc15-445c-85e2-cbfdf108ec4e","CREATEDDATE":1520794199000,"LASTUPDATE":1643921008000}},{"type":"Feature","id":2335,"geometry":{"type":"Point","coordinates":[-89.3482749971368,48.3658914959454]},"properties":{"OBJECTID":2335,"LOC_ID":"NC0228","FDMID":1404,"X_COORD":326078.06997,"Y_COORD":5359632.18084,"BEAT":"S 15","ROT_ANGLE":0,"NODE_ID":8522,"GLOBALID":"ffd90ebe-39d0-4224-85dd-9399a6bb1209","CREATEDDATE":1520794199000,"LASTUPDATE":1643921008000}},{"type":"Feature","id":2336,"geometry":{"type":"Point","coordinates":[-89.3633654466362,48.365353911151]},"properties":{"OBJECTID":2336,"LOC_ID":"NC0324","FDMID":1500,"X_COORD":324958.64904,"Y_COORD":5359606.80177,"BEAT":"S 14","ROT_ANGLE":0,"NODE_ID":8885,"GLOBALID":"cc7b6abc-87f7-4724-9b2a-a6a7eef2df95","CREATEDDATE":1520794199000,"LASTUPDATE":1643921008000}},{"type":"Feature","id":2337,"geometry":{"type":"Point","coordinates":[-89.2975939280225,48.3637040431785]},"properties":{"OBJECTID":2337,"LOC_ID":"FC0177","FDMID":173,"X_COORD":329824.17481,"Y_COORD":5359275.23978,"BEAT":"S 3","ROT_ANGLE":0,"NODE_ID":5454,"GLOBALID":"dca4a5a4-21db-46b9-ad7c-fc66c431c8ad","CREATEDDATE":1520794199000,"LASTUPDATE":1644003836000}},{"type":"Feature","id":2338,"geometry":{"type":"Point","coordinates":[-89.310358545507,48.3625878942757]},"properties":{"OBJECTID":2338,"LOC_ID":"NC0181","FDMID":1358,"X_COORD":328875.04841,"Y_COORD":5359179.61457,"BEAT":"S 3","ROT_ANGLE":0,"NODE_ID":9506,"GLOBALID":"56735503-6a5c-4458-8e3b-095e08ba1f6b","CREATEDDATE":1520794199000,"LASTUPDATE":1643921008000}},{"type":"Feature","id":2339,"geometry":{"type":"Point","coordinates":[-89.3333942438985,48.3563788064276]},"properties":{"OBJECTID":2339,"LOC_ID":"NC0130","FDMID":1308,"X_COORD":327147.93698,"Y_COORD":5358541.23581,"BEAT":"S 15","ROT_ANGLE":0,"NODE_ID":2379,"GLOBALID":"92354ba0-688e-4151-9835-4c63f4206b5c","CREATEDDATE":1520794199000,"LASTUPDATE":1643921008000}},{"type":"Feature","id":2340,"geometry":{"type":"Point","coordinates":[-89.3277923076226,48.3359299180917]},"properties":{"OBJECTID":2340,"LOC_ID":"NC0218","FDMID":1395,"X_COORD":327493.88514,"Y_COORD":5356255.87056,"BEAT":"S 17","ROT_ANGLE":0,"NODE_ID":7163,"GLOBALID":"f54de796-e591-4dcc-be8a-17ce8afa017b","CREATEDDATE":1520794199000,"LASTUPDATE":1643921008000}},{"type":"Feature","id":2341,"geometry":{"type":"Point","coordinates":[-89.3585094193714,48.3223211800727]},"properties":{"OBJECTID":2341,"LOC_ID":"NC0501","FDMID":1674,"X_COORD":325171.12443,"Y_COORD":5354812.96445,"BEAT":"S 16","ROT_ANGLE":0,"NODE_ID":7488,"GLOBALID":"0123fac0-566f-496d-9479-d90ae698c4b6","CREATEDDATE":1520794199000,"LASTUPDATE":1643921008000}},{"type":"Feature","id":2342,"geometry":{"type":"Point","coordinates":[-89.3458679206636,48.3145669304433]},"properties":{"OBJECTID":2342,"LOC_ID":"NC0493","FDMID":1666,"X_COORD":326081.77583,"Y_COORD":5353922.39575,"BEAT":"S 17","ROT_ANGLE":0,"NODE_ID":5137,"GLOBALID":"b6805fed-6072-426a-a0ea-487de80cc329","CREATEDDATE":1520794199000,"LASTUPDATE":1643921008000}},{"type":"Feature","id":2343,"geometry":{"type":"Point","coordinates":[-89.1891849992687,48.4673918943171]},"properties":{"OBJECTID":2343,"LOC_ID":"PC1143","FDMID":2857,"X_COORD":338182.77552,"Y_COORD":5370564.4709,"BEAT":"N 11","ROT_ANGLE":0,"NODE_ID":10003,"GLOBALID":"f716e18a-8a52-496c-8b2c-566219318239","CREATEDDATE":1520794199000,"LASTUPDATE":1643921008000}},{"type":"Feature","id":2344,"geometry":{"type":"Point","coordinates":[-89.1923838516242,48.4690442151982]},"properties":{"OBJECTID":2344,"LOC_ID":"PC0836","FDMID":2552,"X_COORD":337951.59753,"Y_COORD":5370754.89419,"BEAT":"N 11","ROT_ANGLE":0,"NODE_ID":9005,"GLOBALID":"cd5e3656-5d84-4a68-bc0b-d8a98e089e52","CREATEDDATE":1520794199000,"LASTUPDATE":1644265248000}},{"type":"Feature","id":2345,"geometry":{"type":"Point","coordinates":[-89.2506923767398,48.4606185678927]},"properties":{"OBJECTID":2345,"LOC_ID":"MC0072","FDMID":3069,"X_COORD":333614.43043,"Y_COORD":5369943.58693,"BEAT":"N 12","ROT_ANGLE":0,"NODE_ID":8400,"GLOBALID":"9f9d1997-d54d-46ba-a375-23399611442d","CREATEDDATE":1520794199000,"LASTUPDATE":1643921008000}},{"type":"Feature","id":2346,"geometry":{"type":"Point","coordinates":[-89.2689374277487,48.4593724582446]},"properties":{"OBJECTID":2346,"LOC_ID":"MC0320","FDMID":3624,"X_COORD":332261.61583,"Y_COORD":5369844.92837,"BEAT":"N 15","ROT_ANGLE":0,"NODE_ID":7091,"GLOBALID":"0b9dbf9c-49f2-4f28-a029-ace6d4a39998","CREATEDDATE":1520794199000,"LASTUPDATE":1643921008000}},{"type":"Feature","id":2347,"geometry":{"type":"Point","coordinates":[-89.2116344432923,48.4574888309101]},"properties":{"OBJECTID":2347,"LOC_ID":"PC0290","FDMID":2013,"X_COORD":336491.64157,"Y_COORD":5369511.5237,"BEAT":"N 9","ROT_ANGLE":0,"NODE_ID":5121,"GLOBALID":"eb0426d9-acfe-4ad3-b430-f325fe802fef","CREATEDDATE":1520794199000,"LASTUPDATE":1644267275000}},{"type":"Feature","id":2348,"geometry":{"type":"Point","coordinates":[-89.2425067415086,48.4560600263358]},"properties":{"OBJECTID":2348,"LOC_ID":"MC0106","FDMID":3103,"X_COORD":334204.68067,"Y_COORD":5369419.16299,"BEAT":"N 12","ROT_ANGLE":0,"NODE_ID":9166,"GLOBALID":"c742af59-bcb5-402c-943c-ad4f0f951370","CREATEDDATE":1520794199000,"LASTUPDATE":1643921008000}},{"type":"Feature","id":2349,"geometry":{"type":"Point","coordinates":[-89.2824167491786,48.4517315445667]},"properties":{"OBJECTID":2349,"LOC_ID":"MC0331","FDMID":0,"X_COORD":331239.83996,"Y_COORD":5369025.32005,"BEAT":null,"ROT_ANGLE":0,"NODE_ID":2684,"GLOBALID":"b0aa8651-1124-4feb-b04e-f744ad144a9c","CREATEDDATE":1520794199000,"LASTUPDATE":1643921008000}},{"type":"Feature","id":2350,"geometry":{"type":"Point","coordinates":[-89.2829442960749,48.4494975432387]},"properties":{"OBJECTID":2350,"LOC_ID":"MC0328","FDMID":3720,"X_COORD":331193.42818,"Y_COORD":5368778.18763,"BEAT":"N 15","ROT_ANGLE":0,"NODE_ID":10498,"GLOBALID":"70eec73c-fed1-45b7-8184-be3cd10f36e3","CREATEDDATE":1520794199000,"LASTUPDATE":1643921008000}},{"type":"Feature","id":2351,"geometry":{"type":"Point","coordinates":[-89.2035551490215,48.4485399028021]},"properties":{"OBJECTID":2351,"LOC_ID":"PC0155","FDMID":1878,"X_COORD":337060.28387,"Y_COORD":5368499.66117,"BEAT":"N 10","ROT_ANGLE":0,"NODE_ID":3738,"GLOBALID":"28538e60-59ac-436d-8850-b30bf362e51b","CREATEDDATE":1520794199000,"LASTUPDATE":1643921008000}},{"type":"Feature","id":2352,"geometry":{"type":"Point","coordinates":[-89.2815713717511,48.4470588190239]},"properties":{"OBJECTID":2352,"LOC_ID":"MC0212","FDMID":3209,"X_COORD":331286.85769,"Y_COORD":5368504.11045,"BEAT":"N 13","ROT_ANGLE":0,"NODE_ID":7155,"GLOBALID":"6b8c65aa-4a7d-449b-a247-aa6d082affa6","CREATEDDATE":1520794199000,"LASTUPDATE":1643921009000}},{"type":"Feature","id":2353,"geometry":{"type":"Point","coordinates":[-89.1937369921729,48.4478443315955]},"properties":{"OBJECTID":2353,"LOC_ID":"PC0184","FDMID":1907,"X_COORD":337812.65584,"Y_COORD":5368363.20267,"BEAT":"N 14","ROT_ANGLE":0,"NODE_ID":3078,"GLOBALID":"72e212fe-8d76-4a28-8537-aaf4fe016f02","CREATEDDATE":1520794199000,"LASTUPDATE":1643921009000}},{"type":"Feature","id":2354,"geometry":{"type":"Point","coordinates":[-89.2325428233965,48.4459647408266]},"properties":{"OBJECTID":2354,"LOC_ID":"PC0361","FDMID":2084,"X_COORD":334906.02467,"Y_COORD":5368273.60037,"BEAT":"N 5","ROT_ANGLE":0,"NODE_ID":10244,"GLOBALID":"f5a13ce4-0aed-46fd-bcb1-7ce826edcb39","CREATEDDATE":1520794199000,"LASTUPDATE":1676319748000}},{"type":"Feature","id":2355,"geometry":{"type":"Point","coordinates":[-89.2485357127505,48.4406874013094]},"properties":{"OBJECTID":2355,"LOC_ID":"PC0633","FDMID":2352,"X_COORD":333708.76207,"Y_COORD":5367723.66501,"BEAT":"N 5","ROT_ANGLE":0,"NODE_ID":2612,"GLOBALID":"0f6d2844-6e97-4317-a539-3f81542f7a23","CREATEDDATE":1520794199000,"LASTUPDATE":1643921009000}},{"type":"Feature","id":2356,"geometry":{"type":"Point","coordinates":[-89.260539070689,48.4388834894036]},"properties":{"OBJECTID":2356,"LOC_ID":"PC0946","FDMID":2662,"X_COORD":332815.17308,"Y_COORD":5367549.32133,"BEAT":"N 4","ROT_ANGLE":0,"NODE_ID":9623,"GLOBALID":"873bcea5-57b1-4998-9d83-aaf9c572ecb6","CREATEDDATE":1520794199000,"LASTUPDATE":1643921009000}},{"type":"Feature","id":2357,"geometry":{"type":"Point","coordinates":[-89.2229640096471,48.4379219241578]},"properties":{"OBJECTID":2357,"LOC_ID":"PC0306","FDMID":2029,"X_COORD":335590.92016,"Y_COORD":5367361.0323,"BEAT":"N7","ROT_ANGLE":0,"NODE_ID":3728,"GLOBALID":"c4712702-5188-49f1-ab8f-0d3bd5867739","CREATEDDATE":1520794199000,"LASTUPDATE":1643921009000}},{"type":"Feature","id":2358,"geometry":{"type":"Point","coordinates":[-89.2199941911611,48.4353398387901]},"properties":{"OBJECTID":2358,"LOC_ID":"PC0408","FDMID":2131,"X_COORD":335802.23561,"Y_COORD":5367067.66757,"BEAT":"N7","ROT_ANGLE":0,"NODE_ID":8712,"GLOBALID":"494cc653-f36d-4231-8bf8-a7f55e66c70e","CREATEDDATE":1520794199000,"LASTUPDATE":1644362396000}},{"type":"Feature","id":2359,"geometry":{"type":"Point","coordinates":[-89.2671419555266,48.4321234658445]},"properties":{"OBJECTID":2359,"LOC_ID":"PC1201","FDMID":3691,"X_COORD":332304.61513,"Y_COORD":5366812.42046,"BEAT":"N 1","ROT_ANGLE":0,"NODE_ID":7845,"GLOBALID":"f334454e-d6a4-4458-a80e-0593c8d152ae","CREATEDDATE":1520794199000,"LASTUPDATE":1643921009000}},{"type":"Feature","id":2360,"geometry":{"type":"Point","coordinates":[-89.2355529370641,48.4290582627069]},"properties":{"OBJECTID":2360,"LOC_ID":"PC0572","FDMID":2292,"X_COORD":334631.12982,"Y_COORD":5366402.99454,"BEAT":"N 6","ROT_ANGLE":0,"NODE_ID":358,"GLOBALID":"55bbbbf4-7049-4f84-96c5-f06f9e7e6f8a","CREATEDDATE":1520794199000,"LASTUPDATE":1643921009000}},{"type":"Feature","id":2361,"geometry":{"type":"Point","coordinates":[-89.2314162057485,48.42659504633]},"properties":{"OBJECTID":2361,"LOC_ID":"PC0803","FDMID":2519,"X_COORD":334929.1366,"Y_COORD":5366120.29195,"BEAT":"N 3","ROT_ANGLE":0,"NODE_ID":2178,"GLOBALID":"558eef45-e5be-4f53-ab52-4942b6870074","CREATEDDATE":1520794199000,"LASTUPDATE":1643921009000}},{"type":"Feature","id":2362,"geometry":{"type":"Point","coordinates":[-89.2506036350794,48.4285855007842]},"properties":{"OBJECTID":2362,"LOC_ID":"PC0615","FDMID":2334,"X_COORD":333516.29795,"Y_COORD":5366383.08517,"BEAT":"N 5","ROT_ANGLE":0,"NODE_ID":537,"GLOBALID":"f29ed2f8-f21e-4c71-af13-fd4fc564fbed","CREATEDDATE":1520794199000,"LASTUPDATE":1644354292000}},{"type":"Feature","id":2363,"geometry":{"type":"Point","coordinates":[-89.2357099423427,48.4249243305668]},"properties":{"OBJECTID":2363,"LOC_ID":"PC0548","FDMID":2268,"X_COORD":334606.0966,"Y_COORD":5365943.87006,"BEAT":"N 3","ROT_ANGLE":0,"NODE_ID":9741,"GLOBALID":"a693b12a-c02a-47db-924c-339c22e37184","CREATEDDATE":1520794199000,"LASTUPDATE":1644362052000}},{"type":"Feature","id":2364,"geometry":{"type":"Point","coordinates":[-89.2420451971162,48.4249749398264]},"properties":{"OBJECTID":2364,"LOC_ID":"PC0760","FDMID":2477,"X_COORD":334135.81334,"Y_COORD":5365962.75493,"BEAT":"N 3","ROT_ANGLE":0,"NODE_ID":8953,"GLOBALID":"d22f5ad7-d422-4128-9e36-52e50f1034aa","CREATEDDATE":1520794199000,"LASTUPDATE":1677265110000}},{"type":"Feature","id":2365,"geometry":{"type":"Point","coordinates":[-89.2521827839501,48.4248760934312]},"properties":{"OBJECTID":2365,"LOC_ID":"PP0070","FDMID":2937,"X_COORD":333387.36175,"Y_COORD":5365974.23576,"BEAT":"N 3","ROT_ANGLE":0,"NODE_ID":4353,"GLOBALID":"ea8b3e65-a28d-4e4c-bd63-269d87e2082e","CREATEDDATE":1520794199000,"LASTUPDATE":1643921009000}},{"type":"Feature","id":2366,"geometry":{"type":"Point","coordinates":[-89.2618495785594,48.4178238681482]},"properties":{"OBJECTID":2366,"LOC_ID":"PP0186","FDMID":2610,"X_COORD":332649.10435,"Y_COORD":5365211.51627,"BEAT":"N 1","ROT_ANGLE":0,"NODE_ID":6401,"GLOBALID":"8288d3cd-1651-4c3f-bad2-bf36c6464596","CREATEDDATE":1520794199000,"LASTUPDATE":1644353706000}},{"type":"Feature","id":2367,"geometry":{"type":"Point","coordinates":[-89.2423675023111,48.4214199857464]},"properties":{"OBJECTID":2367,"LOC_ID":"PC0997","FDMID":2711,"X_COORD":334100.88675,"Y_COORD":5365571.56824,"BEAT":"N 3","ROT_ANGLE":0,"NODE_ID":8595,"GLOBALID":"dda77309-416b-45fc-bbc1-da480cfd3b34","CREATEDDATE":1520794199000,"LASTUPDATE":1643921009000}},{"type":"Feature","id":2368,"geometry":{"type":"Point","coordinates":[-89.2780216652554,48.4109937228639]},"properties":{"OBJECTID":2368,"LOC_ID":"PC0187","FDMID":3500,"X_COORD":331423.41858,"Y_COORD":5364486.12337,"BEAT":"N 1","ROT_ANGLE":0,"NODE_ID":4229,"GLOBALID":"b0d95746-abbe-45d6-be71-0d1b9d49cafe","CREATEDDATE":1520794199000,"LASTUPDATE":1674683010000}},{"type":"Feature","id":2369,"geometry":{"type":"Point","coordinates":[-89.2539309666929,48.4074803748536]},"properties":{"OBJECTID":2369,"LOC_ID":"PP0155","FDMID":3403,"X_COORD":333201.13097,"Y_COORD":5364044.63985,"BEAT":"N 2","ROT_ANGLE":0,"NODE_ID":2267,"GLOBALID":"8a369cca-cf0e-4d71-b2b0-9602fc507952","CREATEDDATE":1520794199000,"LASTUPDATE":1643921009000}},{"type":"Feature","id":2370,"geometry":{"type":"Point","coordinates":[-89.2787448600644,48.4041203943163]},"properties":{"OBJECTID":2370,"LOC_ID":"FC1140","FDMID":1129,"X_COORD":331353.78556,"Y_COORD":5363725.54046,"BEAT":"S 1","ROT_ANGLE":0,"NODE_ID":1444,"GLOBALID":"672fe788-f5ad-499d-a7c2-d8c4d6090057","CREATEDDATE":1520794199000,"LASTUPDATE":1643921009000}},{"type":"Feature","id":2371,"geometry":{"type":"Point","coordinates":[-89.2757113343389,48.4004857320438]},"properties":{"OBJECTID":2371,"LOC_ID":"FC1068","FDMID":1059,"X_COORD":331566.27426,"Y_COORD":5363314.89649,"BEAT":"S 1","ROT_ANGLE":0,"NODE_ID":8269,"GLOBALID":"a8a78c4f-682c-4a89-a7d7-92c0f6507c3f","CREATEDDATE":1520794199000,"LASTUPDATE":1643921009000}},{"type":"Feature","id":2372,"geometry":{"type":"Point","coordinates":[-89.2814482718357,48.3985412720491]},"properties":{"OBJECTID":2372,"LOC_ID":"FC1004","FDMID":995,"X_COORD":331135.24604,"Y_COORD":5363111.42001,"BEAT":"S 4","ROT_ANGLE":0,"NODE_ID":3448,"GLOBALID":"e86f69af-c493-4611-b330-6e3c744e429b","CREATEDDATE":1520794199000,"LASTUPDATE":1643921009000}},{"type":"Feature","id":2373,"geometry":{"type":"Point","coordinates":[-89.236939848805,48.3953122250414]},"properties":{"OBJECTID":2373,"LOC_ID":"FC0695","FDMID":686,"X_COORD":334418.94908,"Y_COORD":5362655.33553,"BEAT":"S 11","ROT_ANGLE":332.6,"NODE_ID":738,"GLOBALID":"81a0f3b9-089f-4674-88cc-ce2b76f9c91a","CREATEDDATE":1520794199000,"LASTUPDATE":1643921009000}},{"type":"Feature","id":2374,"geometry":{"type":"Point","coordinates":[-89.2935256811677,48.3935327699633]},"properties":{"OBJECTID":2374,"LOC_ID":"FC1057","FDMID":1048,"X_COORD":330224.70089,"Y_COORD":5362581.47339,"BEAT":"S 1","ROT_ANGLE":0,"NODE_ID":8794,"GLOBALID":"fc7c78f7-a378-4921-9d06-08434bc9ac40","CREATEDDATE":1520794199000,"LASTUPDATE":1643921009000}},{"type":"Feature","id":2375,"geometry":{"type":"Point","coordinates":[-89.2770148471136,48.3903638550345]},"properties":{"OBJECTID":2375,"LOC_ID":"FC0950","FDMID":941,"X_COORD":331436.35913,"Y_COORD":5362192.79601,"BEAT":"S 4","ROT_ANGLE":0,"NODE_ID":5733,"GLOBALID":"0b5286ef-51bd-4b7a-9fed-0244285a8b8c","CREATEDDATE":1520794199000,"LASTUPDATE":1644017158000}},{"type":"Feature","id":2376,"geometry":{"type":"Point","coordinates":[-89.215391958767,48.3789377728399]},"properties":{"OBJECTID":2376,"LOC_ID":"FP0027","FDMID":3293,"X_COORD":335961.21852,"Y_COORD":5360789.05738,"BEAT":"S 12","ROT_ANGLE":0,"NODE_ID":8012,"GLOBALID":"fbebd889-4cd8-4d11-89ee-2e07d58517d0","CREATEDDATE":1520794199000,"LASTUPDATE":1643921009000}},{"type":"Feature","id":2377,"geometry":{"type":"Point","coordinates":[-89.292858229061,48.3881569925569]},"properties":{"OBJECTID":2377,"LOC_ID":"FC1044","FDMID":1035,"X_COORD":330256.2301,"Y_COORD":5361982.51275,"BEAT":"S 1","ROT_ANGLE":0,"NODE_ID":5859,"GLOBALID":"68c82e37-f7f3-44a7-85b6-dafe80c65bbd","CREATEDDATE":1520794199000,"LASTUPDATE":1643921009000}},{"type":"Feature","id":2378,"geometry":{"type":"Point","coordinates":[-89.3044933863622,48.3882718940171]},"properties":{"OBJECTID":2378,"LOC_ID":"NC0587","FDMID":3617,"X_COORD":329395.3021,"Y_COORD":5362021.13111,"BEAT":"S 13","ROT_ANGLE":0,"NODE_ID":4071,"GLOBALID":"b96ea0f7-9bc1-43f0-b795-4f360967f766","CREATEDDATE":1520794199000,"LASTUPDATE":1643921009000}},{"type":"Feature","id":2379,"geometry":{"type":"Point","coordinates":[-89.3419271739696,48.3878487385079]},"properties":{"OBJECTID":2379,"LOC_ID":"NC0035","FDMID":1213,"X_COORD":326622.7686,"Y_COORD":5362058.18711,"BEAT":"S 13","ROT_ANGLE":0,"NODE_ID":6520,"GLOBALID":"e77b3760-bb98-43ec-b665-ac9b87fa2a0c","CREATEDDATE":1520794199000,"LASTUPDATE":1643921009000}},{"type":"Feature","id":2380,"geometry":{"type":"Point","coordinates":[-89.2942545511871,48.3879106557726]},"properties":{"OBJECTID":2380,"LOC_ID":"FC1047","FDMID":1038,"X_COORD":330152.04604,"Y_COORD":5361958.2291,"BEAT":"S 1","ROT_ANGLE":0,"NODE_ID":3112,"GLOBALID":"07898774-7863-45b5-954f-c0213c821e89","CREATEDDATE":1520794199000,"LASTUPDATE":1643921009000}},{"type":"Feature","id":2381,"geometry":{"type":"Point","coordinates":[-89.2927780637054,48.3867844325766]},"properties":{"OBJECTID":2381,"LOC_ID":"FC1026","FDMID":1017,"X_COORD":330257.60098,"Y_COORD":5361829.78263,"BEAT":"S 1","ROT_ANGLE":0,"NODE_ID":9441,"GLOBALID":"8991dad7-e892-4081-88ef-b17a1274592f","CREATEDDATE":1520794199000,"LASTUPDATE":1643921009000}},{"type":"Feature","id":2382,"geometry":{"type":"Point","coordinates":[-89.3089371893725,48.3868051974619]},"properties":{"OBJECTID":2382,"LOC_ID":"NC0565","FDMID":3543,"X_COORD":329061.42793,"Y_COORD":5361868.02187,"BEAT":"S 13","ROT_ANGLE":0,"NODE_ID":5383,"GLOBALID":"4992c52d-3709-4366-80e9-be27dd2aeec8","CREATEDDATE":1520794199000,"LASTUPDATE":1643921009000}},{"type":"Feature","id":2383,"geometry":{"type":"Point","coordinates":[-89.2578393406537,48.387782340359]},"properties":{"OBJECTID":2383,"LOC_ID":"FC0058","FDMID":37,"X_COORD":332847.36303,"Y_COORD":5361863.84907,"BEAT":"S 8","ROT_ANGLE":0,"NODE_ID":1551,"GLOBALID":"e4308e7f-7908-48cc-96db-212d225c8436","CREATEDDATE":1520794199000,"LASTUPDATE":1643921010000}},{"type":"Feature","id":2384,"geometry":{"type":"Point","coordinates":[-89.2813241944391,48.3833013937192]},"properties":{"OBJECTID":2384,"LOC_ID":"FC0222","FDMID":218,"X_COORD":331093.99062,"Y_COORD":5361417.3459,"BEAT":"S 5","ROT_ANGLE":0,"NODE_ID":8940,"GLOBALID":"931fcfbd-be7b-4685-bac7-00a8759d7345","CREATEDDATE":1520794199000,"LASTUPDATE":1643921010000}},{"type":"Feature","id":2385,"geometry":{"type":"Point","coordinates":[-89.3081570003001,48.3818699578238]},"properties":{"OBJECTID":2385,"LOC_ID":"NP0017","FDMID":3276,"X_COORD":329102.66261,"Y_COORD":5361317.76113,"BEAT":"S 13","ROT_ANGLE":0,"NODE_ID":9555,"GLOBALID":"cb796a71-7d87-4bf5-8d83-cea94948f4fc","CREATEDDATE":1520794199000,"LASTUPDATE":1643921010000}},{"type":"Feature","id":2386,"geometry":{"type":"Point","coordinates":[-89.2643684773331,48.382559790423]},"properties":{"OBJECTID":2386,"LOC_ID":"FC0794","FDMID":785,"X_COORD":332352.72803,"Y_COORD":5361303.16196,"BEAT":"S 7","ROT_ANGLE":0,"NODE_ID":5857,"GLOBALID":"004c802b-8abb-4bb6-b3e1-b069b83af0a0","CREATEDDATE":1520794199000,"LASTUPDATE":1678914500000}},{"type":"Feature","id":2387,"geometry":{"type":"Point","coordinates":[-89.2724343752731,48.3832228036218]},"properties":{"OBJECTID":2387,"LOC_ID":"FC0647","FDMID":639,"X_COORD":331751.88092,"Y_COORD":5361389.04407,"BEAT":"S 7","ROT_ANGLE":0,"NODE_ID":8232,"GLOBALID":"05526051-c83c-443e-8855-d73c1763531b","CREATEDDATE":1520794199000,"LASTUPDATE":1643921010000}},{"type":"Feature","id":2388,"geometry":{"type":"Point","coordinates":[-89.3773057878809,48.3806856449154]},"properties":{"OBJECTID":2388,"LOC_ID":"NC0272","FDMID":1448,"X_COORD":323979.09807,"Y_COORD":5361342.75108,"BEAT":"S 13","ROT_ANGLE":0,"NODE_ID":289,"GLOBALID":"07fe694d-8f3f-4676-8397-18ff9b46f950","CREATEDDATE":1520794199000,"LASTUPDATE":1643921010000}},{"type":"Feature","id":2389,"geometry":{"type":"Point","coordinates":[-89.3090392005055,48.3806836584562]},"properties":{"OBJECTID":2389,"LOC_ID":"NC0003","FDMID":1181,"X_COORD":329033.37391,"Y_COORD":5361187.88158,"BEAT":"S 2","ROT_ANGLE":0,"NODE_ID":4912,"GLOBALID":"b91608fb-7816-45f5-817e-b58374a91fef","CREATEDDATE":1520794199000,"LASTUPDATE":1643921010000}},{"type":"Feature","id":2390,"geometry":{"type":"Point","coordinates":[-89.2620485396836,48.3794137036434]},"properties":{"OBJECTID":2390,"LOC_ID":"FC0132","FDMID":125,"X_COORD":332508.28643,"Y_COORD":5360942.91978,"BEAT":"S 8","ROT_ANGLE":0,"NODE_ID":7026,"GLOBALID":"0e7baa4a-4630-4083-801e-6fd59f68e68f","CREATEDDATE":1520794199000,"LASTUPDATE":1643921010000}},{"type":"Feature","id":2391,"geometry":{"type":"Point","coordinates":[-89.280247106287,48.3781225023654]},"properties":{"OBJECTID":2391,"LOC_ID":"FC0632","FDMID":624,"X_COORD":331156.6031,"Y_COORD":5360839.36932,"BEAT":"S 5","ROT_ANGLE":0,"NODE_ID":10429,"GLOBALID":"f074cefd-fce7-4f35-941c-96277a59b311","CREATEDDATE":1520794199000,"LASTUPDATE":1643921010000}},{"type":"Feature","id":2392,"geometry":{"type":"Point","coordinates":[-89.3084594723515,48.3778694688222]},"properties":{"OBJECTID":2392,"LOC_ID":"NC0253","FDMID":1429,"X_COORD":329066.87305,"Y_COORD":5360873.81207,"BEAT":"S 2","ROT_ANGLE":0,"NODE_ID":4598,"GLOBALID":"25026ef5-435f-4cac-9139-303553d7726d","CREATEDDATE":1520794199000,"LASTUPDATE":1643921010000}},{"type":"Feature","id":2393,"geometry":{"type":"Point","coordinates":[-89.2867228312408,48.3741810819071]},"properties":{"OBJECTID":2393,"LOC_ID":"FC0786","FDMID":777,"X_COORD":330662.48188,"Y_COORD":5360415.03575,"BEAT":"S 5","ROT_ANGLE":0,"NODE_ID":3244,"GLOBALID":"ec63ca16-b8ec-40d3-a7df-359cf230607b","CREATEDDATE":1520794199000,"LASTUPDATE":1643921010000}},{"type":"Feature","id":2394,"geometry":{"type":"Point","coordinates":[-89.3748899501013,48.3713609666857]},"properties":{"OBJECTID":2394,"LOC_ID":"NC0449","FDMID":1622,"X_COORD":324125.84418,"Y_COORD":5360300.83313,"BEAT":"S 14","ROT_ANGLE":0,"NODE_ID":1610,"GLOBALID":"a54416b3-dd66-4f12-bda5-84f8d859c1d1","CREATEDDATE":1520794199000,"LASTUPDATE":1643921010000}},{"type":"Feature","id":2395,"geometry":{"type":"Point","coordinates":[-89.2373813757897,48.3749159879208]},"properties":{"OBJECTID":2395,"LOC_ID":"FC0397","FDMID":391,"X_COORD":334315.79593,"Y_COORD":5360389.22532,"BEAT":"S 12","ROT_ANGLE":0,"NODE_ID":1186,"GLOBALID":"671bde7d-90bf-4ac7-a9d1-ece05d844fa5","CREATEDDATE":1520794199000,"LASTUPDATE":1643921010000}},{"type":"Feature","id":2396,"geometry":{"type":"Point","coordinates":[-89.2653488645045,48.370455134252]},"properties":{"OBJECTID":2396,"LOC_ID":"FC0162","FDMID":158,"X_COORD":332234.48239,"Y_COORD":5359954.45412,"BEAT":"S 8","ROT_ANGLE":0,"NODE_ID":10315,"GLOBALID":"be0e7450-7f5a-4da7-a954-1d63699eee7a","CREATEDDATE":1520794199000,"LASTUPDATE":1644002493000}},{"type":"Feature","id":2397,"geometry":{"type":"Point","coordinates":[-89.2549682115085,48.3704525921343]},"properties":{"OBJECTID":2397,"LOC_ID":"FC0157","FDMID":153,"X_COORD":333003.18307,"Y_COORD":5359931.48836,"BEAT":"S 8","ROT_ANGLE":0,"NODE_ID":9252,"GLOBALID":"aca57576-5de6-4571-9d64-8a8714665aaa","CREATEDDATE":1520794199000,"LASTUPDATE":1643921010000}},{"type":"Feature","id":2398,"geometry":{"type":"Point","coordinates":[-89.3673381107499,48.3671759064847]},"properties":{"OBJECTID":2398,"LOC_ID":"NC0072","FDMID":1250,"X_COORD":324670.69256,"Y_COORD":5359818.38628,"BEAT":"S 14","ROT_ANGLE":0,"NODE_ID":3473,"GLOBALID":"1dec8889-1829-4013-9a1a-386c5088145f","CREATEDDATE":1520794199000,"LASTUPDATE":1643921010000}},{"type":"Feature","id":2399,"geometry":{"type":"Point","coordinates":[-89.3786088260431,48.3653459678761]},"properties":{"OBJECTID":2399,"LOC_ID":"NC0281","FDMID":1457,"X_COORD":323829.71208,"Y_COORD":5359640.85438,"BEAT":"S 14","ROT_ANGLE":0,"NODE_ID":3217,"GLOBALID":"d77ba72c-3752-48b1-bd05-71e05f0380e6","CREATEDDATE":1520794199000,"LASTUPDATE":1643921010000}},{"type":"Feature","id":2400,"geometry":{"type":"Point","coordinates":[-89.2692491617219,48.3671792192026]},"properties":{"OBJECTID":2400,"LOC_ID":"FC0272","FDMID":267,"X_COORD":331934.87612,"Y_COORD":5359598.91108,"BEAT":"S 6","ROT_ANGLE":0,"NODE_ID":3240,"GLOBALID":"80b5dc28-e54a-4c84-ab25-cc9d0ec19cca","CREATEDDATE":1520794199000,"LASTUPDATE":1643921010000}},{"type":"Feature","id":2401,"geometry":{"type":"Point","coordinates":[-89.3333878373939,48.3534362929019]},"properties":{"OBJECTID":2401,"LOC_ID":"NC0149","FDMID":1327,"X_COORD":327138.45832,"Y_COORD":5358214.18122,"BEAT":"S 15","ROT_ANGLE":0,"NODE_ID":1701,"GLOBALID":"312f2090-3331-40ec-a224-957b3a129391","CREATEDDATE":1520794199000,"LASTUPDATE":1643921010000}},{"type":"Feature","id":2402,"geometry":{"type":"Point","coordinates":[-89.306142445473,48.3388855849445]},"properties":{"OBJECTID":2402,"LOC_ID":"NC0596","FDMID":3661,"X_COORD":329108.08597,"Y_COORD":5356535.87082,"BEAT":"S 17","ROT_ANGLE":0,"NODE_ID":8781,"GLOBALID":"27530c82-9562-4775-9228-6ad1cdae76ce","CREATEDDATE":1520794199000,"LASTUPDATE":1643921010000}},{"type":"Feature","id":2403,"geometry":{"type":"Point","coordinates":[-89.3534933167176,48.3169073844843]},"properties":{"OBJECTID":2403,"LOC_ID":"NC0362","FDMID":1537,"X_COORD":325524.46101,"Y_COORD":5354199.84061,"BEAT":"S 17","ROT_ANGLE":0,"NODE_ID":9242,"GLOBALID":"0c390167-e0db-417a-ac88-e47a8f1eb598","CREATEDDATE":1520794199000,"LASTUPDATE":1643921010000}},{"type":"Feature","id":2404,"geometry":{"type":"Point","coordinates":[-89.346127074609,48.3096707536455]},"properties":{"OBJECTID":2404,"LOC_ID":"NC0488","FDMID":1661,"X_COORD":326045.91432,"Y_COORD":5353378.81635,"BEAT":"S 17","ROT_ANGLE":0,"NODE_ID":4990,"GLOBALID":"abf53611-b7cc-4319-8cf0-63db82b0099a","CREATEDDATE":1520794199000,"LASTUPDATE":1643921010000}},{"type":"Feature","id":2405,"geometry":{"type":"Point","coordinates":[-89.1640353185056,48.4761435080251]},"properties":{"OBJECTID":2405,"LOC_ID":"PC0061","FDMID":1785,"X_COORD":340069.17424,"Y_COORD":5371484.29477,"BEAT":"N 11","ROT_ANGLE":0,"NODE_ID":273,"GLOBALID":"40cfab94-9b25-4bc8-9116-f1975d08d67b","CREATEDDATE":1520794199000,"LASTUPDATE":1643921010000}},{"type":"Feature","id":2406,"geometry":{"type":"Point","coordinates":[-89.1875561317752,48.4680619719504]},"properties":{"OBJECTID":2406,"LOC_ID":"PC0052","FDMID":1776,"X_COORD":338305.30224,"Y_COORD":5370635.50117,"BEAT":"N 11","ROT_ANGLE":0,"NODE_ID":8863,"GLOBALID":"dc09d99f-83d0-4945-88c2-76b065a0513f","CREATEDDATE":1520794199000,"LASTUPDATE":1644265821000}},{"type":"Feature","id":2407,"geometry":{"type":"Point","coordinates":[-89.1874998657404,48.4617990221036]},"properties":{"OBJECTID":2407,"LOC_ID":"PC0024","FDMID":1748,"X_COORD":338289.55133,"Y_COORD":5369939.28562,"BEAT":"N 11","ROT_ANGLE":0,"NODE_ID":7235,"GLOBALID":"5e9c3d24-2935-48f2-8f43-143a7a665142","CREATEDDATE":1520794199000,"LASTUPDATE":1643921010000}},{"type":"Feature","id":2408,"geometry":{"type":"Point","coordinates":[-89.2669480369214,48.456718208532]},"properties":{"OBJECTID":2408,"LOC_ID":"MC0148","FDMID":3145,"X_COORD":332399.93929,"Y_COORD":5369545.56478,"BEAT":"N 15","ROT_ANGLE":0,"NODE_ID":10213,"GLOBALID":"77e6e413-535b-4d4a-8f87-2b65ab2835d0","CREATEDDATE":1520794199000,"LASTUPDATE":1643921010000}},{"type":"Feature","id":2409,"geometry":{"type":"Point","coordinates":[-89.2839823929408,48.4524337363992]},"properties":{"OBJECTID":2409,"LOC_ID":"MC0254","FDMID":3374,"X_COORD":331126.41302,"Y_COORD":5369106.8179,"BEAT":"N 15","ROT_ANGLE":0,"NODE_ID":8014,"GLOBALID":"6c1def71-86ef-4fb9-bcbb-e8c4a433e085","CREATEDDATE":1520794199000,"LASTUPDATE":1643921010000}},{"type":"Feature","id":2410,"geometry":{"type":"Point","coordinates":[-89.229249212231,48.4518705591097]},"properties":{"OBJECTID":2410,"LOC_ID":"PC0220","FDMID":1943,"X_COORD":335171.23555,"Y_COORD":5368924.88152,"BEAT":"N 8","ROT_ANGLE":0,"NODE_ID":626,"GLOBALID":"3f53c995-bad0-4a40-a322-3e5fe33ed067","CREATEDDATE":1520794199000,"LASTUPDATE":1643921010000}},{"type":"Feature","id":2411,"geometry":{"type":"Point","coordinates":[-89.2723322216122,48.4503286983265]},"properties":{"OBJECTID":2411,"LOC_ID":"MC0199","FDMID":3196,"X_COORD":331980.81174,"Y_COORD":5368847.2124,"BEAT":"N 15","ROT_ANGLE":0,"NODE_ID":4775,"GLOBALID":"d5e3c2eb-9ffc-481c-af73-01d677100165","CREATEDDATE":1520794199000,"LASTUPDATE":1643921011000}},{"type":"Feature","id":2412,"geometry":{"type":"Point","coordinates":[-89.2685496029768,48.4482622371517]},"properties":{"OBJECTID":2412,"LOC_ID":"MC0049","FDMID":3046,"X_COORD":332253.67215,"Y_COORD":5368609.24094,"BEAT":"N 13","ROT_ANGLE":0,"NODE_ID":4090,"GLOBALID":"62222d89-b533-4ef9-9e6e-84f1d56d8cc0","CREATEDDATE":1520794199000,"LASTUPDATE":1643921011000}},{"type":"Feature","id":2413,"geometry":{"type":"Point","coordinates":[-89.2150178773052,48.4447289530502]},"properties":{"OBJECTID":2413,"LOC_ID":"PC0195","FDMID":1918,"X_COORD":336200.47459,"Y_COORD":5368100.56331,"BEAT":"N 10","ROT_ANGLE":0,"NODE_ID":5270,"GLOBALID":"985a5823-c586-47a9-8076-5fd97f8bd946","CREATEDDATE":1520794199000,"LASTUPDATE":1644365267000}},{"type":"Feature","id":2414,"geometry":{"type":"Point","coordinates":[-89.2111978257056,48.4450509910934]},"properties":{"OBJECTID":2414,"LOC_ID":"PC0108","FDMID":1831,"X_COORD":336485.79939,"Y_COORD":5368125.78059,"BEAT":"N 10","ROT_ANGLE":0,"NODE_ID":3462,"GLOBALID":"c4de3e46-e002-4037-ba52-89532d0773f0","CREATEDDATE":1520794199000,"LASTUPDATE":1643921011000}},{"type":"Feature","id":2415,"geometry":{"type":"Point","coordinates":[-89.2178291943307,48.4431267564951]},"properties":{"OBJECTID":2415,"LOC_ID":"PC0350","FDMID":2073,"X_COORD":335986.79625,"Y_COORD":5367931.84728,"BEAT":"N 6","ROT_ANGLE":0,"NODE_ID":5397,"GLOBALID":"25494734-5586-4154-a70d-f30c4bb76900","CREATEDDATE":1520794199000,"LASTUPDATE":1674782241000}},{"type":"Feature","id":2416,"geometry":{"type":"Point","coordinates":[-89.2619606586522,48.4419988164245]},"properties":{"OBJECTID":2416,"LOC_ID":"PC0938","FDMID":2654,"X_COORD":332720.27055,"Y_COORD":5367898.6827299995,"BEAT":"N 4","ROT_ANGLE":0,"NODE_ID":5928,"GLOBALID":"b7c930b4-8ba3-40b6-905f-f30bd1f3fcd8","CREATEDDATE":1520794199000,"LASTUPDATE":1643921011000}},{"type":"Feature","id":2417,"geometry":{"type":"Point","coordinates":[-89.2399507651961,48.4401183948071]},"properties":{"OBJECTID":2417,"LOC_ID":"PP0235","FDMID":0,"X_COORD":334341.78659,"Y_COORD":5367641.79902,"BEAT":null,"ROT_ANGLE":0,"NODE_ID":8078,"GLOBALID":"6979a0d1-b61a-4f01-978a-10d711cc70a4","CREATEDDATE":1520794199000,"LASTUPDATE":1643921011000}},{"type":"Feature","id":2418,"geometry":{"type":"Point","coordinates":[-89.2356554016707,48.440933780322]},"properties":{"OBJECTID":2418,"LOC_ID":"PC0477","FDMID":2199,"X_COORD":334662.08252,"Y_COORD":5367723.14097,"BEAT":"N 5","ROT_ANGLE":0,"NODE_ID":4391,"GLOBALID":"0416cab0-a53d-41f8-8ac9-f4e116f0aa6b","CREATEDDATE":1520794199000,"LASTUPDATE":1643921011000}},{"type":"Feature","id":2419,"geometry":{"type":"Point","coordinates":[-89.2567083523987,48.440851794297]},"properties":{"OBJECTID":2419,"LOC_ID":"PC1007","FDMID":2721,"X_COORD":333104.92105,"Y_COORD":5367759.72747,"BEAT":"N 4","ROT_ANGLE":0,"NODE_ID":7071,"GLOBALID":"b7b727c9-f321-4d7a-ab41-2acc321d0849","CREATEDDATE":1520794199000,"LASTUPDATE":1643921011000}},{"type":"Feature","id":2420,"geometry":{"type":"Point","coordinates":[-89.2217148133219,48.4405320669812]},"properties":{"OBJECTID":2420,"LOC_ID":"PC0314","FDMID":2037,"X_COORD":335691.72528,"Y_COORD":5367648.45784,"BEAT":"N 6","ROT_ANGLE":0,"NODE_ID":8560,"GLOBALID":"48b05301-fed1-4455-b363-66c3837dfc83","CREATEDDATE":1520794199000,"LASTUPDATE":1643921011000}},{"type":"Feature","id":2421,"geometry":{"type":"Point","coordinates":[-89.227947552772,48.4382328139855]},"properties":{"OBJECTID":2421,"LOC_ID":"PC0467","FDMID":2189,"X_COORD":335223.36022,"Y_COORD":5367406.30641,"BEAT":"N 6","ROT_ANGLE":0,"NODE_ID":2026,"GLOBALID":"72514aba-b46f-4d20-9b73-53dffe171620","CREATEDDATE":1520794199000,"LASTUPDATE":1643921011000}},{"type":"Feature","id":2422,"geometry":{"type":"Point","coordinates":[-89.2412381650344,48.4380213580671]},"properties":{"OBJECTID":2422,"LOC_ID":"PC0529","FDMID":2249,"X_COORD":334239.7606,"Y_COORD":5367411.50654,"BEAT":"N 5","ROT_ANGLE":0,"NODE_ID":6349,"GLOBALID":"b0b53c1e-a6e8-437e-9aec-76b5371f41e5","CREATEDDATE":1520794199000,"LASTUPDATE":1644362999000}},{"type":"Feature","id":2423,"geometry":{"type":"Point","coordinates":[-89.2586068909692,48.4365196597918]},"properties":{"OBJECTID":2423,"LOC_ID":"PC0939","FDMID":2655,"X_COORD":332950.31548,"Y_COORD":5367282.37246,"BEAT":"N 4","ROT_ANGLE":0,"NODE_ID":3276,"GLOBALID":"e53c32eb-0e2c-4709-bb1a-34801dac524a","CREATEDDATE":1520794199000,"LASTUPDATE":1643921011000}},{"type":"Feature","id":2424,"geometry":{"type":"Point","coordinates":[-89.2682243151686,48.4337878441101]},"properties":{"OBJECTID":2424,"LOC_ID":"PC1153","FDMID":2867,"X_COORD":332230.04079,"Y_COORD":5366999.78021,"BEAT":"N 4","ROT_ANGLE":0,"NODE_ID":7674,"GLOBALID":"605ed9d4-09d0-408e-80e0-17e1265c29fb","CREATEDDATE":1520794199000,"LASTUPDATE":1643921011000}},{"type":"Feature","id":2425,"geometry":{"type":"Point","coordinates":[-89.2371487127102,48.4327475044329]},"properties":{"OBJECTID":2425,"LOC_ID":"PC0494","FDMID":2216,"X_COORD":334525.07721,"Y_COORD":5366816.48344,"BEAT":"N 6","ROT_ANGLE":0,"NODE_ID":2273,"GLOBALID":"a67e05f4-ef6b-48f2-8ccb-f8f7ea71ca07","CREATEDDATE":1520794199000,"LASTUPDATE":1643921011000}},{"type":"Feature","id":2426,"geometry":{"type":"Point","coordinates":[-89.2217598284954,48.4316186487579]},"properties":{"OBJECTID":2426,"LOC_ID":"PC0438","FDMID":2160,"X_COORD":335659.64489,"Y_COORD":5366657.86302,"BEAT":"N7","ROT_ANGLE":0,"NODE_ID":5649,"GLOBALID":"7fb61bce-2ce7-44d0-9069-90204135ceaf","CREATEDDATE":1520794199000,"LASTUPDATE":1644362356000}},{"type":"Feature","id":2427,"geometry":{"type":"Point","coordinates":[-89.2244313190219,48.4309696850601]},"properties":{"OBJECTID":2427,"LOC_ID":"PC0442","FDMID":2164,"X_COORD":335459.95209,"Y_COORD":5366591.47224,"BEAT":"N7","ROT_ANGLE":0,"NODE_ID":9352,"GLOBALID":"767da591-3c75-4ebd-ad1b-0f0a44cb8dca","CREATEDDATE":1520794199000,"LASTUPDATE":1643921011000}},{"type":"Feature","id":2428,"geometry":{"type":"Point","coordinates":[-89.2657218979957,48.4304385590385]},"properties":{"OBJECTID":2428,"LOC_ID":"PC1195","FDMID":3683,"X_COORD":332404.10569,"Y_COORD":5366622.04043,"BEAT":"N 1","ROT_ANGLE":0,"NODE_ID":4619,"GLOBALID":"b1c0ecaf-6020-4240-ba46-b3d823f5fc17","CREATEDDATE":1520794199000,"LASTUPDATE":1643921011000}},{"type":"Feature","id":2429,"geometry":{"type":"Point","coordinates":[-89.2388172562126,48.4270972239929]},"properties":{"OBJECTID":2429,"LOC_ID":"PC0582","FDMID":2301,"X_COORD":334405.67548,"Y_COORD":5366175.26309,"BEAT":"N 3","ROT_ANGLE":0,"NODE_ID":5708,"GLOBALID":"ac9c9bd4-2a19-445a-932b-f1283e488f26","CREATEDDATE":1520794199000,"LASTUPDATE":1643921011000}},{"type":"Feature","id":2430,"geometry":{"type":"Point","coordinates":[-89.2492180794087,48.421295467603]},"properties":{"OBJECTID":2430,"LOC_ID":"PP0140","FDMID":2986,"X_COORD":333594.98313,"Y_COORD":5365569.82308,"BEAT":"N 3","ROT_ANGLE":0,"NODE_ID":9521,"GLOBALID":"a37446e8-30a0-4acd-a084-2274f9ffcdb9","CREATEDDATE":1520794199000,"LASTUPDATE":1643921011000}},{"type":"Feature","id":2431,"geometry":{"type":"Point","coordinates":[-89.2691775198103,48.4045234585061]},"properties":{"OBJECTID":2431,"LOC_ID":"PP0054","FDMID":2921,"X_COORD":332063.14492,"Y_COORD":5363749.3162,"BEAT":"N 1","ROT_ANGLE":0,"NODE_ID":2822,"GLOBALID":"eb99365b-6b66-42dc-bd67-d5c1082b8d13","CREATEDDATE":1520794199000,"LASTUPDATE":1643921011000}},{"type":"Feature","id":2432,"geometry":{"type":"Point","coordinates":[-89.2833251117599,48.4028230391655]},"properties":{"OBJECTID":2432,"LOC_ID":"FC1135","FDMID":1124,"X_COORD":331010.52668,"Y_COORD":5363591.44715,"BEAT":"S 1","ROT_ANGLE":0,"NODE_ID":4501,"GLOBALID":"5fbc262a-311a-4556-98eb-6dc627bd8444","CREATEDDATE":1520794199000,"LASTUPDATE":1643921011000}},{"type":"Feature","id":2433,"geometry":{"type":"Point","coordinates":[-89.2861080475363,48.3995903356285]},"properties":{"OBJECTID":2433,"LOC_ID":"FC1080","FDMID":1071,"X_COORD":330793.83958,"Y_COORD":5363238.2995,"BEAT":"S 1","ROT_ANGLE":0,"NODE_ID":9059,"GLOBALID":"bbcd3fe0-d745-4ac1-98ed-8e7ed9090ac8","CREATEDDATE":1520794199000,"LASTUPDATE":1643921011000}},{"type":"Feature","id":2434,"geometry":{"type":"Point","coordinates":[-89.2826426554371,48.3964800353522]},"properties":{"OBJECTID":2434,"LOC_ID":"FC0983","FDMID":974,"X_COORD":331040.01942,"Y_COORD":5362884.9642,"BEAT":"S 4","ROT_ANGLE":0,"NODE_ID":1555,"GLOBALID":"0e9df600-f6a9-4ced-966a-7867d2974463","CREATEDDATE":1520794199000,"LASTUPDATE":1643921011000}},{"type":"Feature","id":2435,"geometry":{"type":"Point","coordinates":[-89.273710244735,48.3970100290238]},"properties":{"OBJECTID":2435,"LOC_ID":"FC0090","FDMID":83,"X_COORD":331702.90889,"Y_COORD":5362924.20055,"BEAT":"S 4","ROT_ANGLE":0,"NODE_ID":5574,"GLOBALID":"f3d4fb1d-6c8a-41ec-8452-a95ad33db19b","CREATEDDATE":1520794199000,"LASTUPDATE":1643921011000}},{"type":"Feature","id":2436,"geometry":{"type":"Point","coordinates":[-89.2308559072471,48.3947921670527]},"properties":{"OBJECTID":2436,"LOC_ID":"FC0626","FDMID":618,"X_COORD":334869.08617,"Y_COORD":5362584.91966,"BEAT":"S 11","ROT_ANGLE":0,"NODE_ID":9022,"GLOBALID":"62e85506-749d-4dc0-a28c-13fc2780c215","CREATEDDATE":1520794199000,"LASTUPDATE":1643921011000}},{"type":"Feature","id":2437,"geometry":{"type":"Point","coordinates":[-89.2827838653954,48.3932209624259]},"properties":{"OBJECTID":2437,"LOC_ID":"FC0936","FDMID":927,"X_COORD":331018.77321,"Y_COORD":5362523.05547,"BEAT":"S 4","ROT_ANGLE":0,"NODE_ID":1126,"GLOBALID":"91aa38ec-416a-43c2-a579-8e22d282950f","CREATEDDATE":1520794199000,"LASTUPDATE":1643921011000}},{"type":"Feature","id":2438,"geometry":{"type":"Point","coordinates":[-89.2356284575222,48.3937113513884]},"properties":{"OBJECTID":2438,"LOC_ID":"FC0696","FDMID":687,"X_COORD":334510.8216,"Y_COORD":5362474.57393,"BEAT":"S 11","ROT_ANGLE":0,"NODE_ID":5873,"GLOBALID":"da7943d4-9626-403f-9a1a-05095f12523b","CREATEDDATE":1520794199000,"LASTUPDATE":1643921011000}},{"type":"Feature","id":2439,"geometry":{"type":"Point","coordinates":[-89.2756283211133,48.3915384909054]},"properties":{"OBJECTID":2439,"LOC_ID":"FC0953","FDMID":944,"X_COORD":331542.87433,"Y_COORD":5362320.29809,"BEAT":"S 4","ROT_ANGLE":0,"NODE_ID":4634,"GLOBALID":"d72702ec-786f-4600-9a9f-dd72e93e5f75","CREATEDDATE":1520794199000,"LASTUPDATE":1644017153000}},{"type":"Feature","id":2440,"geometry":{"type":"Point","coordinates":[-89.2356816239697,48.3912498841268]},"properties":{"OBJECTID":2440,"LOC_ID":"FC0343","FDMID":338,"X_COORD":334495.2952,"Y_COORD":5362199.72516,"BEAT":"S 11","ROT_ANGLE":0,"NODE_ID":4224,"GLOBALID":"74078cd6-d38f-4574-a5b1-1f5accbb73ff","CREATEDDATE":1520794199000,"LASTUPDATE":1670878437000}},{"type":"Feature","id":2441,"geometry":{"type":"Point","coordinates":[-89.2915601118012,48.3893564080858]},"properties":{"OBJECTID":2441,"LOC_ID":"FC1020","FDMID":1011,"X_COORD":330356.31049,"Y_COORD":5362112.945,"BEAT":"S 1","ROT_ANGLE":0,"NODE_ID":586,"GLOBALID":"dd4fbbfb-0457-4d46-a5c5-7ed7532030ef","CREATEDDATE":1520794199000,"LASTUPDATE":1643921011000}},{"type":"Feature","id":2442,"geometry":{"type":"Point","coordinates":[-89.312709096185,48.386594861511]},"properties":{"OBJECTID":2442,"LOC_ID":"NC0571","FDMID":3549,"X_COORD":328781.49167,"Y_COORD":5361853.06891,"BEAT":"S 13","ROT_ANGLE":0,"NODE_ID":9044,"GLOBALID":"b958f58f-8da6-47a0-9777-99d28c9cf0a5","CREATEDDATE":1520794199000,"LASTUPDATE":1643921012000}},{"type":"Feature","id":2443,"geometry":{"type":"Point","coordinates":[-89.2932435507498,48.385468914359]},"properties":{"OBJECTID":2443,"LOC_ID":"FC0907","FDMID":898,"X_COORD":330218.76706,"Y_COORD":5361684.60171,"BEAT":"S 2","ROT_ANGLE":0,"NODE_ID":1878,"GLOBALID":"f734b9c0-764b-4607-9307-1890df9a9aec","CREATEDDATE":1520794199000,"LASTUPDATE":1643921012000}},{"type":"Feature","id":2444,"geometry":{"type":"Point","coordinates":[-89.3127937637504,48.3843561062266]},"properties":{"OBJECTID":2444,"LOC_ID":"NC0603","FDMID":3713,"X_COORD":328767.71221,"Y_COORD":5361604.43454,"BEAT":"S 13","ROT_ANGLE":0,"NODE_ID":7278,"GLOBALID":"d31a57b2-80ea-41e2-9732-16c30d57fe9c","CREATEDDATE":1520794199000,"LASTUPDATE":1643921012000}},{"type":"Feature","id":2445,"geometry":{"type":"Point","coordinates":[-89.2565561280734,48.3833328210883]},"properties":{"OBJECTID":2445,"LOC_ID":"FC0261","FDMID":256,"X_COORD":332927.78006,"Y_COORD":5361366.50839,"BEAT":"S 10","ROT_ANGLE":0,"NODE_ID":10522,"GLOBALID":"56628a3e-7235-4701-834c-eb0fc738bf2f","CREATEDDATE":1520794199000,"LASTUPDATE":1643921012000}},{"type":"Feature","id":2446,"geometry":{"type":"Point","coordinates":[-89.2671437590689,48.3791446271968]},"properties":{"OBJECTID":2446,"LOC_ID":"FC0793","FDMID":784,"X_COORD":332129.25692,"Y_COORD":5360913.85457,"BEAT":"S 7","ROT_ANGLE":0,"NODE_ID":2214,"GLOBALID":"ead2aad7-40b0-44cf-8282-247d2bf2d5b8","CREATEDDATE":1520794199000,"LASTUPDATE":1644007645000}},{"type":"Feature","id":2447,"geometry":{"type":"Point","coordinates":[-89.2725715740267,48.3789447261191]},"properties":{"OBJECTID":2447,"LOC_ID":"FC0654","FDMID":646,"X_COORD":331727.61878,"Y_COORD":5360913.86353,"BEAT":"S 7","ROT_ANGLE":0,"NODE_ID":7450,"GLOBALID":"8e15e289-a1cc-4800-aa54-5a988ef55132","CREATEDDATE":1520794199000,"LASTUPDATE":1644007826000}},{"type":"Feature","id":2448,"geometry":{"type":"Point","coordinates":[-89.2592294359446,48.3766772743317]},"properties":{"OBJECTID":2448,"LOC_ID":"FC0679","FDMID":3280,"X_COORD":332706.91119,"Y_COORD":5360628.59249,"BEAT":"S 8","ROT_ANGLE":0,"NODE_ID":307,"GLOBALID":"5abbc144-0afc-43c6-b454-87aee51b9451","CREATEDDATE":1520794199000,"LASTUPDATE":1670359491000}},{"type":"Feature","id":2449,"geometry":{"type":"Point","coordinates":[-89.3579705555127,48.3738559806997]},"properties":{"OBJECTID":2449,"LOC_ID":"NC0533","FDMID":3459,"X_COORD":325387.26498,"Y_COORD":5360539.43665,"BEAT":"S 13","ROT_ANGLE":0,"NODE_ID":6462,"GLOBALID":"d8030678-8deb-47f4-98f5-8a40a8be7c85","CREATEDDATE":1520794199000,"LASTUPDATE":1643921012000}},{"type":"Feature","id":2450,"geometry":{"type":"Point","coordinates":[-89.289281774748,48.3731849997424]},"properties":{"OBJECTID":2450,"LOC_ID":"FC0404","FDMID":398,"X_COORD":330471.27574,"Y_COORD":5360310.5537,"BEAT":"S 5","ROT_ANGLE":0,"NODE_ID":8785,"GLOBALID":"d3f5096b-0393-4096-a582-a7c106ca46a1","CREATEDDATE":1520794199000,"LASTUPDATE":1643921012000}},{"type":"Feature","id":2451,"geometry":{"type":"Point","coordinates":[-89.3884159547599,48.3687647028983]},"properties":{"OBJECTID":2451,"LOC_ID":"NC0410","FDMID":1584,"X_COORD":323115.23707,"Y_COORD":5360043.41719,"BEAT":"S 14","ROT_ANGLE":0,"NODE_ID":5837,"GLOBALID":"92a545ef-9ae0-43fc-a262-1dd5eeca4ea1","CREATEDDATE":1520794199000,"LASTUPDATE":1643921012000}},{"type":"Feature","id":2452,"geometry":{"type":"Point","coordinates":[-89.2856299206275,48.3671741435719]},"properties":{"OBJECTID":2452,"LOC_ID":"FC0281","FDMID":276,"X_COORD":330721.76278,"Y_COORD":5359634.41572,"BEAT":"S 6","ROT_ANGLE":0,"NODE_ID":4849,"GLOBALID":"a29f413d-6425-4482-a012-cc6a4e2e744b","CREATEDDATE":1520794199000,"LASTUPDATE":1643921012000}},{"type":"Feature","id":2453,"geometry":{"type":"Point","coordinates":[-89.3043799478567,48.3651789486194]},"properties":{"OBJECTID":2453,"LOC_ID":"FC0007","FDMID":49,"X_COORD":329326.50415,"Y_COORD":5359454.25546,"BEAT":"S 3","ROT_ANGLE":0,"NODE_ID":6316,"GLOBALID":"3dcb6d82-deb0-4ea7-b750-0e085f58d606","CREATEDDATE":1520794199000,"LASTUPDATE":1643921012000}},{"type":"Feature","id":2454,"geometry":{"type":"Point","coordinates":[-89.2845880100709,48.3649992887181]},"properties":{"OBJECTID":2454,"LOC_ID":"FC0718","FDMID":709,"X_COORD":330791.71938,"Y_COORD":5359390.39473,"BEAT":"S 6","ROT_ANGLE":0,"NODE_ID":8613,"GLOBALID":"192f36a7-64ef-4bc5-a6e4-f8dd5a8add7a","CREATEDDATE":1520794199000,"LASTUPDATE":1643921012000}},{"type":"Feature","id":2455,"geometry":{"type":"Point","coordinates":[-89.3884398297019,48.3588255042325]},"properties":{"OBJECTID":2455,"LOC_ID":"NC0251","FDMID":1427,"X_COORD":323079.04149,"Y_COORD":5358938.8074,"BEAT":"S 14","ROT_ANGLE":0,"NODE_ID":7765,"GLOBALID":"bf46a225-3baa-434f-b5a4-2a9503dc0200","CREATEDDATE":1520794199000,"LASTUPDATE":1643921012000}},{"type":"Feature","id":2456,"geometry":{"type":"Point","coordinates":[-89.3280385918781,48.3304938858501]},"properties":{"OBJECTID":2456,"LOC_ID":"NC0279","FDMID":1455,"X_COORD":327457.28431,"Y_COORD":5355652.25687,"BEAT":"S 17","ROT_ANGLE":0,"NODE_ID":10410,"GLOBALID":"66b6e4cd-edf3-46cd-a6a6-5ddfb7ab0349","CREATEDDATE":1520794199000,"LASTUPDATE":1643921012000}},{"type":"Feature","id":2457,"geometry":{"type":"Point","coordinates":[-89.3532765807589,48.3257134470125]},"properties":{"OBJECTID":2457,"LOC_ID":"NC0511","FDMID":1684,"X_COORD":325570.56764,"Y_COORD":5355178.06653,"BEAT":"S 16","ROT_ANGLE":0,"NODE_ID":9078,"GLOBALID":"7bd95433-77a4-43e7-9055-1429ee1dfb3a","CREATEDDATE":1520794199000,"LASTUPDATE":1643921012000}},{"type":"Feature","id":2458,"geometry":{"type":"Point","coordinates":[-89.2157540515962,48.3330307499887]},"properties":{"OBJECTID":2458,"LOC_ID":"FP0064","FDMID":3336,"X_COORD":335786.89404,"Y_COORD":5355687.58768,"BEAT":"S 12","ROT_ANGLE":0,"NODE_ID":7337,"GLOBALID":"4e6610b6-4d15-4661-a421-76969c512a1f","CREATEDDATE":1520794199000,"LASTUPDATE":1643921012000}},{"type":"Feature","id":2459,"geometry":{"type":"Point","coordinates":[-89.1942343903057,48.4693734520924]},"properties":{"OBJECTID":2459,"LOC_ID":"PC0837","FDMID":2553,"X_COORD":337815.87197,"Y_COORD":5370795.40978,"BEAT":"N 11","ROT_ANGLE":0,"NODE_ID":6415,"GLOBALID":"2998c840-252b-4b5a-bf3b-c310b73324ba","CREATEDDATE":1520794199000,"LASTUPDATE":1644265237000}},{"type":"Feature","id":2460,"geometry":{"type":"Point","coordinates":[-89.1917534688266,48.4719294168482]},"properties":{"OBJECTID":2460,"LOC_ID":"PC1104","FDMID":2818,"X_COORD":338007.3784,"Y_COORD":5371074.23653,"BEAT":"N 11","ROT_ANGLE":0,"NODE_ID":1546,"GLOBALID":"60bcf946-369a-4473-a8b9-7e858caa59c9","CREATEDDATE":1520794199000,"LASTUPDATE":1643921012000}},{"type":"Feature","id":2461,"geometry":{"type":"Point","coordinates":[-89.1930814834279,48.4709147338385]},"properties":{"OBJECTID":2461,"LOC_ID":"PC1105","FDMID":2819,"X_COORD":337905.99549,"Y_COORD":5370964.2725,"BEAT":"N 11","ROT_ANGLE":0,"NODE_ID":4295,"GLOBALID":"350a19aa-7f3a-457b-aacb-c1eb4d384263","CREATEDDATE":1520794199000,"LASTUPDATE":1643921012000}},{"type":"Feature","id":2462,"geometry":{"type":"Point","coordinates":[-89.1734014852522,48.4624297686436]},"properties":{"OBJECTID":2462,"LOC_ID":"PP0020","FDMID":2891,"X_COORD":339333.71133,"Y_COORD":5369979.68933,"BEAT":"N 14","ROT_ANGLE":0,"NODE_ID":9984,"GLOBALID":"01638e50-4d5d-4ca3-bfe8-b25f323ee741","CREATEDDATE":1520794199000,"LASTUPDATE":1643921012000}},{"type":"Feature","id":2463,"geometry":{"type":"Point","coordinates":[-89.2343134481197,48.4600775941621]},"properties":{"OBJECTID":2463,"LOC_ID":"MP0005","FDMID":3248,"X_COORD":334823.44726,"Y_COORD":5369847.97861,"BEAT":"N 12","ROT_ANGLE":0,"NODE_ID":5416,"GLOBALID":"7c68449c-d0ee-43a9-8da3-aa421dd23b65","CREATEDDATE":1520794199000,"LASTUPDATE":1643921012000}},{"type":"Feature","id":2464,"geometry":{"type":"Point","coordinates":[-89.2093369721413,48.4573554138584]},"properties":{"OBJECTID":2464,"LOC_ID":"PC1172","FDMID":3355,"X_COORD":336661.05981,"Y_COORD":5369491.78763,"BEAT":"N 9","ROT_ANGLE":0,"NODE_ID":4669,"GLOBALID":"0a7631ef-4db1-4dca-90ec-746e9ed638e1","CREATEDDATE":1520794199000,"LASTUPDATE":1643921012000}},{"type":"Feature","id":2465,"geometry":{"type":"Point","coordinates":[-89.2322562454393,48.4568982719416]},"properties":{"OBJECTID":2465,"LOC_ID":"PC0248","FDMID":1971,"X_COORD":334965.2134,"Y_COORD":5369490.17611,"BEAT":"N 8","ROT_ANGLE":0,"NODE_ID":5979,"GLOBALID":"8f838777-81fc-4371-bd04-71720a4372fc","CREATEDDATE":1520794199000,"LASTUPDATE":1644278066000}},{"type":"Feature","id":2466,"geometry":{"type":"Point","coordinates":[-89.2181064339573,48.4555643274112]},"properties":{"OBJECTID":2466,"LOC_ID":"PC0269","FDMID":1992,"X_COORD":336006.98236,"Y_COORD":5369311.47582,"BEAT":"N 9","ROT_ANGLE":0,"NODE_ID":10138,"GLOBALID":"efe1656c-7ccd-4857-8b91-9d8d7347f07e","CREATEDDATE":1520794199000,"LASTUPDATE":1643921012000}},{"type":"Feature","id":2467,"geometry":{"type":"Point","coordinates":[-89.239698136687,48.4540020333759]},"properties":{"OBJECTID":2467,"LOC_ID":"PC0878","FDMID":2594,"X_COORD":334405.6248,"Y_COORD":5369184.34853,"BEAT":"N 8","ROT_ANGLE":0,"NODE_ID":10343,"GLOBALID":"401b6a07-9fe8-42ba-b415-ec803711f9e7","CREATEDDATE":1520794199000,"LASTUPDATE":1643921012000}},{"type":"Feature","id":2468,"geometry":{"type":"Point","coordinates":[-89.2387948863288,48.4514531055477]},"properties":{"OBJECTID":2468,"LOC_ID":"PC0884","FDMID":2600,"X_COORD":334477.30659,"Y_COORD":5368926.81816,"BEAT":"N 8","ROT_ANGLE":0,"NODE_ID":4813,"GLOBALID":"f83ddcc6-647b-4a05-9848-87a62c29a326","CREATEDDATE":1520794199000,"LASTUPDATE":1643921012000}},{"type":"Feature","id":2469,"geometry":{"type":"Point","coordinates":[-89.2304916053606,48.4519887500046]},"properties":{"OBJECTID":2469,"LOC_ID":"PC0228","FDMID":1951,"X_COORD":335079.76188,"Y_COORD":5368940.69592,"BEAT":"N 8","ROT_ANGLE":0,"NODE_ID":4531,"GLOBALID":"96f5b6ab-e7fc-4bec-8e72-9b9d85b567ff","CREATEDDATE":1520794199000,"LASTUPDATE":1644349653000}},{"type":"Feature","id":2470,"geometry":{"type":"Point","coordinates":[-89.2797543955713,48.4512791705648]},"properties":{"OBJECTID":2470,"LOC_ID":"MC0257","FDMID":3377,"X_COORD":331435.18434,"Y_COORD":5368969.17387,"BEAT":"N 15","ROT_ANGLE":0,"NODE_ID":665,"GLOBALID":"3d115aa7-eb79-40e6-91d8-feb631d0881d","CREATEDDATE":1520794199000,"LASTUPDATE":1643921013000}},{"type":"Feature","id":2471,"geometry":{"type":"Point","coordinates":[-89.2652767605224,48.4509782034492]},"properties":{"OBJECTID":2471,"LOC_ID":"MC0045","FDMID":3042,"X_COORD":332504.60335,"Y_COORD":5368903.93253,"BEAT":"N 13","ROT_ANGLE":0,"NODE_ID":6491,"GLOBALID":"ac9365ad-66a8-4f38-838f-86b9d6f430c7","CREATEDDATE":1520794199000,"LASTUPDATE":1643921013000}},{"type":"Feature","id":2472,"geometry":{"type":"Point","coordinates":[-89.2230449575203,48.4509923787009]},"properties":{"OBJECTID":2472,"LOC_ID":"PC0387","FDMID":2110,"X_COORD":335627.11395,"Y_COORD":5368813.92472,"BEAT":"N 9","ROT_ANGLE":0,"NODE_ID":10422,"GLOBALID":"0a99c6a2-f4ed-49cf-ba0e-1defa808c51f","CREATEDDATE":1520794199000,"LASTUPDATE":1643921013000}},{"type":"Feature","id":2473,"geometry":{"type":"Point","coordinates":[-89.2551239974499,48.4499077251482]},"properties":{"OBJECTID":2473,"LOC_ID":"MC0008","FDMID":3006,"X_COORD":333251.90703,"Y_COORD":5368762.88882,"BEAT":"N 13","ROT_ANGLE":0,"NODE_ID":7504,"GLOBALID":"8d684f0a-1899-4419-8199-6bce9299115d","CREATEDDATE":1520794199000,"LASTUPDATE":1643921013000}},{"type":"Feature","id":2474,"geometry":{"type":"Point","coordinates":[-89.2815526845595,48.4482367140765]},"properties":{"OBJECTID":2474,"LOC_ID":"MC0213","FDMID":3210,"X_COORD":331292.14332,"Y_COORD":5368634.98533,"BEAT":"N 13","ROT_ANGLE":0,"NODE_ID":8359,"GLOBALID":"4a5ea6dd-5159-449e-993e-78bb91dcb8b4","CREATEDDATE":1520794199000,"LASTUPDATE":1643921013000}},{"type":"Feature","id":2475,"geometry":{"type":"Point","coordinates":[-89.1993109890577,48.4464297428454]},"properties":{"OBJECTID":2475,"LOC_ID":"PC1107","FDMID":2821,"X_COORD":337367.35894,"Y_COORD":5368256.10098,"BEAT":"N 10","ROT_ANGLE":0,"NODE_ID":2406,"GLOBALID":"5a8d8832-8738-43dc-9b60-e9322f80379d","CREATEDDATE":1520794199000,"LASTUPDATE":1643921013000}},{"type":"Feature","id":2476,"geometry":{"type":"Point","coordinates":[-89.2573733424239,48.4431406721222]},"properties":{"OBJECTID":2476,"LOC_ID":"PC0657","FDMID":2376,"X_COORD":333063.24681,"Y_COORD":5368015.57182,"BEAT":"N 4","ROT_ANGLE":0,"NODE_ID":4734,"GLOBALID":"5ef4bc4a-2296-4ea3-a43b-759f6157ae92","CREATEDDATE":1520794199000,"LASTUPDATE":1643921013000}},{"type":"Feature","id":2477,"geometry":{"type":"Point","coordinates":[-89.2409870681362,48.4402477742083]},"properties":{"OBJECTID":2477,"LOC_ID":"PC0525","FDMID":2245,"X_COORD":334265.57052,"Y_COORD":5367658.42238,"BEAT":"N 5","ROT_ANGLE":0,"NODE_ID":3098,"GLOBALID":"362a51a5-775e-4973-89b4-341cf504788e","CREATEDDATE":1520794199000,"LASTUPDATE":1644362996000}},{"type":"Feature","id":2478,"geometry":{"type":"Point","coordinates":[-89.2455982534987,48.4411104993683]},"properties":{"OBJECTID":2478,"LOC_ID":"PC0501","FDMID":2223,"X_COORD":333927.37251,"Y_COORD":5367764.31013,"BEAT":"N 8","ROT_ANGLE":0,"NODE_ID":4709,"GLOBALID":"d36710e1-95a4-4385-be36-c1364703597c","CREATEDDATE":1520794199000,"LASTUPDATE":1643921013000}},{"type":"Feature","id":2479,"geometry":{"type":"Point","coordinates":[-89.2679300527083,48.4412274156828]},"properties":{"OBJECTID":2479,"LOC_ID":"MC0185","FDMID":3182,"X_COORD":332276.29411,"Y_COORD":5367826.01278,"BEAT":"N 13","ROT_ANGLE":0,"NODE_ID":10347,"GLOBALID":"fcf641bb-a67c-4eba-890a-0ca1f2e054fb","CREATEDDATE":1520794199000,"LASTUPDATE":1643921013000}},{"type":"Feature","id":2480,"geometry":{"type":"Point","coordinates":[-89.213410404682,48.4408674397321]},"properties":{"OBJECTID":2480,"LOC_ID":"PC0293","FDMID":2016,"X_COORD":336311.22019,"Y_COORD":5367664.34085,"BEAT":"N 10","ROT_ANGLE":0,"NODE_ID":234,"GLOBALID":"a2dda3ec-063f-48d5-9d54-1c4c35c9d6ac","CREATEDDATE":1520794199000,"LASTUPDATE":1674784536000}},{"type":"Feature","id":2481,"geometry":{"type":"Point","coordinates":[-89.2458801841409,48.4365539227847]},"properties":{"OBJECTID":2481,"LOC_ID":"PC1207","FDMID":0,"X_COORD":333891.671,"Y_COORD":5367258.47537,"BEAT":"N 5","ROT_ANGLE":0,"NODE_ID":8918,"GLOBALID":"f4a90b07-269a-4f01-b4d4-e7af7a1d0287","CREATEDDATE":1520794199000,"LASTUPDATE":1643921013000}},{"type":"Feature","id":2482,"geometry":{"type":"Point","coordinates":[-89.2218538328173,48.4358034185613]},"properties":{"OBJECTID":2482,"LOC_ID":"PC0406","FDMID":2129,"X_COORD":335666.19184,"Y_COORD":5367123.18373,"BEAT":"N7","ROT_ANGLE":0,"NODE_ID":9265,"GLOBALID":"ab11b3dd-4cb4-4f3d-b00d-5e5ee55247cc","CREATEDDATE":1520794199000,"LASTUPDATE":1643921013000}},{"type":"Feature","id":2483,"geometry":{"type":"Point","coordinates":[-89.2694873073076,48.4282972708446]},"properties":{"OBJECTID":2483,"LOC_ID":"PC1218","FDMID":0,"X_COORD":332118.53897,"Y_COORD":5366392.29656,"BEAT":null,"ROT_ANGLE":0,"NODE_ID":5034,"GLOBALID":"11a16c7c-4dbb-40df-8c27-a39246da5643","CREATEDDATE":1520794199000,"LASTUPDATE":1643921013000}},{"type":"Feature","id":2484,"geometry":{"type":"Point","coordinates":[-89.2450783199362,48.420165019988]},"properties":{"OBJECTID":2484,"LOC_ID":"PC0994","FDMID":2708,"X_COORD":333897.55926,"Y_COORD":5365435.18782,"BEAT":"N 3","ROT_ANGLE":0,"NODE_ID":5302,"GLOBALID":"105a7c4f-33c7-4be2-b8bc-bb4d9576c5ee","CREATEDDATE":1520794199000,"LASTUPDATE":1643921013000}},{"type":"Feature","id":2485,"geometry":{"type":"Point","coordinates":[-89.2384846411573,48.4124797248195]},"properties":{"OBJECTID":2485,"LOC_ID":"PC1121","FDMID":2835,"X_COORD":334360.39395,"Y_COORD":5364566.72753,"BEAT":"N 2","ROT_ANGLE":0,"NODE_ID":8914,"GLOBALID":"ebb12b2b-d8b4-4c59-a84b-b0c6e1b8b5a2","CREATEDDATE":1520794199000,"LASTUPDATE":1643921013000}},{"type":"Feature","id":2486,"geometry":{"type":"Point","coordinates":[-89.2404048846659,48.4118631105576]},"properties":{"OBJECTID":2486,"LOC_ID":"PP0158","FDMID":3406,"X_COORD":334216.30537,"Y_COORD":5364502.35147,"BEAT":"N 2","ROT_ANGLE":0,"NODE_ID":2169,"GLOBALID":"62db1826-17b1-4420-8efc-46603082343a","CREATEDDATE":1520794199000,"LASTUPDATE":1643921013000}},{"type":"Feature","id":2487,"geometry":{"type":"Point","coordinates":[-89.2235754682405,48.4048865556306]},"properties":{"OBJECTID":2487,"LOC_ID":"PC1202","FDMID":3657,"X_COORD":335439.04636,"Y_COORD":5363690.64843,"BEAT":"N 14","ROT_ANGLE":0,"NODE_ID":7353,"GLOBALID":"45bc3583-6fe1-42f7-9b2e-e9f2c2d7be18","CREATEDDATE":1520794199000,"LASTUPDATE":1643921013000}},{"type":"Feature","id":2488,"geometry":{"type":"Point","coordinates":[-89.2245928823319,48.4032021262423]},"properties":{"OBJECTID":2488,"LOC_ID":"PP0211","FDMID":3648,"X_COORD":335358.31446,"Y_COORD":5363505.62238,"BEAT":"N 14","ROT_ANGLE":0,"NODE_ID":8548,"GLOBALID":"40c4630a-9684-481c-86ef-bae6596c66fc","CREATEDDATE":1520794199000,"LASTUPDATE":1643921013000}},{"type":"Feature","id":2489,"geometry":{"type":"Point","coordinates":[-89.2402885935018,48.4084801547122]},"properties":{"OBJECTID":2489,"LOC_ID":"PC0726","FDMID":2443,"X_COORD":334213.90793,"Y_COORD":5364126.10724,"BEAT":"N 2","ROT_ANGLE":0,"NODE_ID":9062,"GLOBALID":"64059224-c2f7-49cb-92cb-35d145c0dcdb","CREATEDDATE":1520794199000,"LASTUPDATE":1644351722000}},{"type":"Feature","id":2490,"geometry":{"type":"Point","coordinates":[-89.2642658910361,48.4029503422978]},"properties":{"OBJECTID":2490,"LOC_ID":"PP0149","FDMID":3397,"X_COORD":332421.46377,"Y_COORD":5363563.72235,"BEAT":"N 1","ROT_ANGLE":0,"NODE_ID":4961,"GLOBALID":"2ef18b27-3b9d-48bc-85e3-8daa013f4f57","CREATEDDATE":1520794199000,"LASTUPDATE":1643921013000}},{"type":"Feature","id":2491,"geometry":{"type":"Point","coordinates":[-89.258589187989,48.4077532081761]},"properties":{"OBJECTID":2491,"LOC_ID":"PC1151","FDMID":2865,"X_COORD":332857.31836,"Y_COORD":5364085.1219,"BEAT":"N 1","ROT_ANGLE":0,"NODE_ID":4457,"GLOBALID":"75a50337-37a7-4cf3-959d-7d9ae0de9c3b","CREATEDDATE":1520794199000,"LASTUPDATE":1643921013000}},{"type":"Feature","id":2492,"geometry":{"type":"Point","coordinates":[-89.2463861680397,48.4035670022873]},"properties":{"OBJECTID":2492,"LOC_ID":"PC0721","FDMID":2439,"X_COORD":333746.67772,"Y_COORD":5363593.27627,"BEAT":"N 2","ROT_ANGLE":0,"NODE_ID":9770,"GLOBALID":"f662c82a-9694-4653-99d5-4d7ea34162da","CREATEDDATE":1520794199000,"LASTUPDATE":1644009224000}},{"type":"Feature","id":2493,"geometry":{"type":"Point","coordinates":[-89.2830919120415,48.3970662664748]},"properties":{"OBJECTID":2493,"LOC_ID":"FC0984","FDMID":975,"X_COORD":331008.70934,"Y_COORD":5362951.11051,"BEAT":"S 4","ROT_ANGLE":0,"NODE_ID":6438,"GLOBALID":"1c0c90e3-f5c3-43ea-9f2a-715abb9cb353","CREATEDDATE":1520794199000,"LASTUPDATE":1643921013000}},{"type":"Feature","id":2494,"geometry":{"type":"Point","coordinates":[-89.2556142264001,48.3956777194629]},"properties":{"OBJECTID":2494,"LOC_ID":"FC0619","FDMID":611,"X_COORD":333037.93839,"Y_COORD":5362736.52337,"BEAT":"S 9","ROT_ANGLE":0,"NODE_ID":1344,"GLOBALID":"07968c2f-5256-4243-9cde-0a51930e24ec","CREATEDDATE":1520794199000,"LASTUPDATE":1643921013000}},{"type":"Feature","id":2495,"geometry":{"type":"Point","coordinates":[-89.2811974616575,48.394428698895]},"properties":{"OBJECTID":2495,"LOC_ID":"FC0913","FDMID":904,"X_COORD":331140.19682,"Y_COORD":5362653.78673,"BEAT":"S 4","ROT_ANGLE":0,"NODE_ID":8471,"GLOBALID":"e0812855-8672-4853-bca5-6bd2b89f72b8","CREATEDDATE":1520794199000,"LASTUPDATE":1643921013000}},{"type":"Feature","id":2496,"geometry":{"type":"Point","coordinates":[-89.2280863767187,48.3931076395214]},"properties":{"OBJECTID":2496,"LOC_ID":"FC0583","FDMID":575,"X_COORD":335067.13033,"Y_COORD":5362391.20369,"BEAT":"S 11","ROT_ANGLE":0,"NODE_ID":7219,"GLOBALID":"29fdfc07-5e8a-417a-b3c1-f29e56670186","CREATEDDATE":1520794199000,"LASTUPDATE":1644001745000}},{"type":"Feature","id":2497,"geometry":{"type":"Point","coordinates":[-89.2855589652917,48.3938401013934]},"properties":{"OBJECTID":2497,"LOC_ID":"FC0914","FDMID":905,"X_COORD":330815.41218,"Y_COORD":5362597.99588,"BEAT":"S 4","ROT_ANGLE":0,"NODE_ID":3187,"GLOBALID":"e1336754-e3ae-4ebd-8397-08c699cb166f","CREATEDDATE":1520794199000,"LASTUPDATE":1643921013000}},{"type":"Feature","id":2498,"geometry":{"type":"Point","coordinates":[-89.2812109620298,48.3923042793199]},"properties":{"OBJECTID":2498,"LOC_ID":"FC0937","FDMID":928,"X_COORD":331132.1661,"Y_COORD":5362417.70404,"BEAT":"S 4","ROT_ANGLE":0,"NODE_ID":2705,"GLOBALID":"fde5dff7-3803-4c2a-94cb-7371694a4fa5","CREATEDDATE":1520794199000,"LASTUPDATE":1643921013000}},{"type":"Feature","id":2499,"geometry":{"type":"Point","coordinates":[-89.2963159224839,48.3898026916306]},"properties":{"OBJECTID":2499,"LOC_ID":"FC1050","FDMID":1041,"X_COORD":330005.751,"Y_COORD":5362173.09195,"BEAT":"S 1","ROT_ANGLE":0,"NODE_ID":2150,"GLOBALID":"f974e427-981b-4a61-8ac5-580fb4062c97","CREATEDDATE":1520794199000,"LASTUPDATE":1643921013000}},{"type":"Feature","id":2500,"geometry":{"type":"Point","coordinates":[-89.3138959801969,48.3878355794105]},"properties":{"OBJECTID":2500,"LOC_ID":"NC0591","FDMID":3685,"X_COORD":328704.67196,"Y_COORD":5361983.14302,"BEAT":"S 13","ROT_ANGLE":0,"NODE_ID":9045,"GLOBALID":"e2afce66-0432-4c31-a303-e782f30cc6d1","CREATEDDATE":1520794199000,"LASTUPDATE":1643921013000}},{"type":"Feature","id":2501,"geometry":{"type":"Point","coordinates":[-89.3332668229951,48.3853883010921]},"properties":{"OBJECTID":2501,"LOC_ID":"NC0020","FDMID":1198,"X_COORD":327255.53736,"Y_COORD":5361765.15159,"BEAT":"S 13","ROT_ANGLE":0,"NODE_ID":4988,"GLOBALID":"ed2950c3-5050-412d-9eb1-acbb21864669","CREATEDDATE":1520794199000,"LASTUPDATE":1643921013000}},{"type":"Feature","id":2502,"geometry":{"type":"Point","coordinates":[-89.2490415713387,48.3825899359637]},"properties":{"OBJECTID":2502,"LOC_ID":"FC0035","FDMID":15,"X_COORD":333481.69007,"Y_COORD":5361267.57463,"BEAT":"S 10","ROT_ANGLE":0,"NODE_ID":5623,"GLOBALID":"a0a0078d-c277-4251-ac4e-574a0f230785","CREATEDDATE":1520794199000,"LASTUPDATE":1643921014000}},{"type":"Feature","id":2503,"geometry":{"type":"Point","coordinates":[-89.3064147373157,48.3827607223066]},"properties":{"OBJECTID":2503,"LOC_ID":"NP0019","FDMID":3278,"X_COORD":329234.63369,"Y_COORD":5361412.87742,"BEAT":"S 13","ROT_ANGLE":0,"NODE_ID":8365,"GLOBALID":"ffeb9851-f150-48a9-9c1e-fc45a0466f65","CREATEDDATE":1520794199000,"LASTUPDATE":1643921014000}},{"type":"Feature","id":2504,"geometry":{"type":"Point","coordinates":[-89.3607564701305,48.380782745448]},"properties":{"OBJECTID":2504,"LOC_ID":"NC0044","FDMID":1222,"X_COORD":325204.69167,"Y_COORD":5361315.65476,"BEAT":"S 13","ROT_ANGLE":0,"NODE_ID":4478,"GLOBALID":"f5bed01c-1304-4e2f-ba5f-1a903d8d153f","CREATEDDATE":1520794199000,"LASTUPDATE":1643921014000}},{"type":"Feature","id":2505,"geometry":{"type":"Point","coordinates":[-89.247886095663,48.3813636865883]},"properties":{"OBJECTID":2505,"LOC_ID":"FC0719","FDMID":710,"X_COORD":333563.23529,"Y_COORD":5361128.77374,"BEAT":"S 10","ROT_ANGLE":0,"NODE_ID":6641,"GLOBALID":"797fbbd6-2571-4eed-8fd5-0415f1916209","CREATEDDATE":1520794199000,"LASTUPDATE":1643921014000}},{"type":"Feature","id":2506,"geometry":{"type":"Point","coordinates":[-89.2724157286711,48.3815886802161]},"properties":{"OBJECTID":2506,"LOC_ID":"FC0689","FDMID":680,"X_COORD":331747.87401,"Y_COORD":5361207.38033,"BEAT":"S 7","ROT_ANGLE":0,"NODE_ID":727,"GLOBALID":"985fb74d-faf7-4739-a30c-489b7c0e59d4","CREATEDDATE":1520794199000,"LASTUPDATE":1643921014000}},{"type":"Feature","id":2507,"geometry":{"type":"Point","coordinates":[-89.3258657863524,48.3806787690539]},"properties":{"OBJECTID":2507,"LOC_ID":"NC0014","FDMID":1192,"X_COORD":327787.54633,"Y_COORD":5361225.03972,"BEAT":"S 13","ROT_ANGLE":0,"NODE_ID":4479,"GLOBALID":"35839d53-dda0-4dbc-8593-b99ce6646162","CREATEDDATE":1520794199000,"LASTUPDATE":1643921014000}},{"type":"Feature","id":2508,"geometry":{"type":"Point","coordinates":[-89.3117229827898,48.3726466482474]},"properties":{"OBJECTID":2508,"LOC_ID":"NP0002","FDMID":3263,"X_COORD":328807.71836,"Y_COORD":5360300.62039,"BEAT":"S 13","ROT_ANGLE":0,"NODE_ID":6124,"GLOBALID":"d9f0b3ee-ba71-403e-848b-31a0063efcc0","CREATEDDATE":1520794199000,"LASTUPDATE":1643921014000}},{"type":"Feature","id":2509,"geometry":{"type":"Point","coordinates":[-89.2565320047468,48.3791270637034]},"properties":{"OBJECTID":2509,"LOC_ID":"FC0258","FDMID":253,"X_COORD":332917.47708,"Y_COORD":5360891.82833,"BEAT":"S 10","ROT_ANGLE":0,"NODE_ID":10078,"GLOBALID":"84f6071f-fdc8-4ea2-bb12-3c6836935811","CREATEDDATE":1520794199000,"LASTUPDATE":1643921014000}},{"type":"Feature","id":2510,"geometry":{"type":"Point","coordinates":[-89.2688293486639,48.3741316711542]},"properties":{"OBJECTID":2510,"LOC_ID":"FC0419","FDMID":413,"X_COORD":331988.85014,"Y_COORD":5360370.70756,"BEAT":"S 8","ROT_ANGLE":0,"NODE_ID":5066,"GLOBALID":"1b9c6bde-a478-4747-8150-929ef24f738d","CREATEDDATE":1520794199000,"LASTUPDATE":1643921014000}},{"type":"Feature","id":2511,"geometry":{"type":"Point","coordinates":[-89.2844771617683,48.3741704485802]},"properties":{"OBJECTID":2511,"LOC_ID":"FC0785","FDMID":776,"X_COORD":330825.92687,"Y_COORD":5360409.86993,"BEAT":"S 5","ROT_ANGLE":0,"NODE_ID":9795,"GLOBALID":"c657c49e-4ddf-4149-bf18-e2d386905160","CREATEDDATE":1520794199000,"LASTUPDATE":1643921014000}},{"type":"Feature","id":2512,"geometry":{"type":"Point","coordinates":[-89.2948866359822,48.369308733333]},"properties":{"OBJECTID":2512,"LOC_ID":"FC0543","FDMID":535,"X_COORD":330043.33871,"Y_COORD":5359892.15294,"BEAT":"S 2","ROT_ANGLE":0,"NODE_ID":3816,"GLOBALID":"5351aca8-c7f9-4711-961e-b1fecfb43089","CREATEDDATE":1520794199000,"LASTUPDATE":1644003722000}},{"type":"Feature","id":2513,"geometry":{"type":"Point","coordinates":[-89.2836219622825,48.367190522259]},"properties":{"OBJECTID":2513,"LOC_ID":"FC0280","FDMID":275,"X_COORD":330870.52028,"Y_COORD":5359631.8017,"BEAT":"S 6","ROT_ANGLE":0,"NODE_ID":4848,"GLOBALID":"22ab9371-0c34-4c0e-ae60-87c096e0f52f","CREATEDDATE":1520794199000,"LASTUPDATE":1644003196000}},{"type":"Feature","id":2514,"geometry":{"type":"Point","coordinates":[-89.293522257605,48.3666305767158]},"properties":{"OBJECTID":2514,"LOC_ID":"FC0085","FDMID":78,"X_COORD":330135.46953,"Y_COORD":5359591.46916,"BEAT":"S 3","ROT_ANGLE":0,"NODE_ID":1405,"GLOBALID":"1039fbe4-141b-4aa2-a251-1710938775ee","CREATEDDATE":1520794199000,"LASTUPDATE":1643921014000}},{"type":"Feature","id":2515,"geometry":{"type":"Point","coordinates":[-89.2788567859248,48.3671874731969]},"properties":{"OBJECTID":2515,"LOC_ID":"FC0276","FDMID":271,"X_COORD":331223.40374,"Y_COORD":5359620.95754,"BEAT":"S 6","ROT_ANGLE":0,"NODE_ID":5840,"GLOBALID":"d5f978ea-fb3d-4489-b4fa-c9a648857eca","CREATEDDATE":1520794199000,"LASTUPDATE":1643921014000}},{"type":"Feature","id":2516,"geometry":{"type":"Point","coordinates":[-89.3495740923911,48.3570609614402]},"properties":{"OBJECTID":2516,"LOC_ID":"NC0115","FDMID":1294,"X_COORD":325951.77288,"Y_COORD":5358653.68151,"BEAT":"S 15","ROT_ANGLE":0,"NODE_ID":9269,"GLOBALID":"b9474f75-cc13-4f24-9f76-7deccaa10ca2","CREATEDDATE":1520794199000,"LASTUPDATE":1643921014000}},{"type":"Feature","id":2517,"geometry":{"type":"Point","coordinates":[-89.3527397343432,48.3571749018831]},"properties":{"OBJECTID":2517,"LOC_ID":"NC0113","FDMID":1292,"X_COORD":325717.67727,"Y_COORD":5358673.54122,"BEAT":"S 15","ROT_ANGLE":0,"NODE_ID":9791,"GLOBALID":"b0e308ef-7757-47e8-8d14-48a2f0cb3981","CREATEDDATE":1520794199000,"LASTUPDATE":1643921014000}},{"type":"Feature","id":2518,"geometry":{"type":"Point","coordinates":[-89.365697790065,48.3583372765113]},"properties":{"OBJECTID":2518,"LOC_ID":"NC0103","FDMID":1281,"X_COORD":324761.84776,"Y_COORD":5358832.28605,"BEAT":"S 15","ROT_ANGLE":0,"NODE_ID":5906,"GLOBALID":"fdf7ce54-2d6f-48ff-89ae-0a7cfd31f457","CREATEDDATE":1520794199000,"LASTUPDATE":1643921014000}},{"type":"Feature","id":2519,"geometry":{"type":"Point","coordinates":[-89.3333869848425,48.3464428999854]},"properties":{"OBJECTID":2519,"LOC_ID":"NC0156","FDMID":1334,"X_COORD":327114.86562,"Y_COORD":5357436.91402,"BEAT":"S 15","ROT_ANGLE":0,"NODE_ID":8049,"GLOBALID":"44d96b6b-2a7d-4da2-b163-7a6c261dc4d9","CREATEDDATE":1520794199000,"LASTUPDATE":1643921014000}},{"type":"Feature","id":2520,"geometry":{"type":"Point","coordinates":[-89.3524354468879,48.3538680122232]},"properties":{"OBJECTID":2520,"LOC_ID":"NC0452","FDMID":1625,"X_COORD":325728.93589,"Y_COORD":5358305.31133,"BEAT":"S 15","ROT_ANGLE":0,"NODE_ID":8612,"GLOBALID":"adfed1a5-a2d9-4be8-b4ba-327503283771","CREATEDDATE":1520794199000,"LASTUPDATE":1643921014000}},{"type":"Feature","id":2521,"geometry":{"type":"Point","coordinates":[-89.3333372924585,48.3301357165538]},"properties":{"OBJECTID":2521,"LOC_ID":"NC0247","FDMID":1423,"X_COORD":327063.38044,"Y_COORD":5355624.38973,"BEAT":"S 17","ROT_ANGLE":0,"NODE_ID":8115,"GLOBALID":"4130d15e-892a-44e7-9310-bace1a58f030","CREATEDDATE":1520794199000,"LASTUPDATE":1643921014000}},{"type":"Feature","id":2522,"geometry":{"type":"Point","coordinates":[-89.3280423211011,48.3334739748927]},"properties":{"OBJECTID":2522,"LOC_ID":"NC0277","FDMID":1453,"X_COORD":327467.06761,"Y_COORD":5355983.47684,"BEAT":"S 17","ROT_ANGLE":0,"NODE_ID":6303,"GLOBALID":"ca5c181e-370f-4f83-9ce3-e851643a9f74","CREATEDDATE":1520794199000,"LASTUPDATE":1643921014000}},{"type":"Feature","id":2523,"geometry":{"type":"Point","coordinates":[-89.3367657744261,48.3374869503466]},"properties":{"OBJECTID":2523,"LOC_ID":"NC0165","FDMID":1342,"X_COORD":326834.19644,"Y_COORD":5356449.15901,"BEAT":"S 15","ROT_ANGLE":0,"NODE_ID":9716,"GLOBALID":"2b0ba46f-1326-4f3e-a0b0-08d53978cc08","CREATEDDATE":1520794199000,"LASTUPDATE":1643921014000}},{"type":"Feature","id":2524,"geometry":{"type":"Point","coordinates":[-89.3600017305448,48.3202736896952]},"properties":{"OBJECTID":2524,"LOC_ID":"NC0505","FDMID":1678,"X_COORD":325053.50626,"Y_COORD":5354588.80752,"BEAT":"S 16","ROT_ANGLE":0,"NODE_ID":10460,"GLOBALID":"e8cc614b-a70c-4966-99d0-b07a333d6e74","CREATEDDATE":1520794199000,"LASTUPDATE":1643921014000}},{"type":"Feature","id":2525,"geometry":{"type":"Point","coordinates":[-89.1848736960156,48.4698560384303]},"properties":{"OBJECTID":2525,"LOC_ID":"PC1220","FDMID":0,"X_COORD":338509.26461,"Y_COORD":5370829.23608,"BEAT":null,"ROT_ANGLE":0,"NODE_ID":10447,"GLOBALID":"8e8c9585-ed4b-4064-9ad5-8eb922438fe8","CREATEDDATE":1520794199000,"LASTUPDATE":1643921014000}},{"type":"Feature","id":2526,"geometry":{"type":"Point","coordinates":[-89.1851212156434,48.4616117288442]},"properties":{"OBJECTID":2526,"LOC_ID":"PC0026","FDMID":1750,"X_COORD":338464.79075,"Y_COORD":5369913.4419,"BEAT":"N 11","ROT_ANGLE":0,"NODE_ID":3081,"GLOBALID":"8f04d103-8ce7-486f-8cf9-65ce0888e76a","CREATEDDATE":1520794199000,"LASTUPDATE":1643921014000}},{"type":"Feature","id":2527,"geometry":{"type":"Point","coordinates":[-89.2567409300883,48.4580907399226]},"properties":{"OBJECTID":2527,"LOC_ID":"MC0173","FDMID":3170,"X_COORD":333159.02076,"Y_COORD":5369675.80325,"BEAT":"N 12","ROT_ANGLE":0,"NODE_ID":9865,"GLOBALID":"95a3af71-4b13-4b90-bbfd-69ec6ded9d46","CREATEDDATE":1520794199000,"LASTUPDATE":1643921014000}},{"type":"Feature","id":2528,"geometry":{"type":"Point","coordinates":[-89.2280834862764,48.4577460132087]},"properties":{"OBJECTID":2528,"LOC_ID":"PC0250","FDMID":1973,"X_COORD":335276.43849,"Y_COORD":5369575.40133,"BEAT":"N 8","ROT_ANGLE":0,"NODE_ID":6456,"GLOBALID":"a9548249-914c-430a-a3bb-ee7c78612430","CREATEDDATE":1520794199000,"LASTUPDATE":1643921014000}},{"type":"Feature","id":2529,"geometry":{"type":"Point","coordinates":[-89.265310286692,48.4566276596272]},"properties":{"OBJECTID":2529,"LOC_ID":"MC0146","FDMID":3143,"X_COORD":332520.71523,"Y_COORD":5369531.91384,"BEAT":"N 15","ROT_ANGLE":0,"NODE_ID":7099,"GLOBALID":"25c3cdce-4c6a-4d82-b393-6644e777a5d7","CREATEDDATE":1520794199000,"LASTUPDATE":1643921014000}},{"type":"Feature","id":2530,"geometry":{"type":"Point","coordinates":[-89.2171700657065,48.457855735133]},"properties":{"OBJECTID":2530,"LOC_ID":"PC0267","FDMID":1990,"X_COORD":336083.58806,"Y_COORD":5369564.1491,"BEAT":"N 9","ROT_ANGLE":0,"NODE_ID":6795,"GLOBALID":"53c3b984-5111-47f5-880b-5173f0867d91","CREATEDDATE":1520794199000,"LASTUPDATE":1644347216000}},{"type":"Feature","id":2531,"geometry":{"type":"Point","coordinates":[-89.2116237428348,48.4549087549491]},"properties":{"OBJECTID":2531,"LOC_ID":"PC0278","FDMID":2001,"X_COORD":336484.14435,"Y_COORD":5369224.73688,"BEAT":"N 9","ROT_ANGLE":0,"NODE_ID":8490,"GLOBALID":"b5d7bcd9-824d-471b-b91f-088dfab9422b","CREATEDDATE":1520794199000,"LASTUPDATE":1643921014000}},{"type":"Feature","id":2532,"geometry":{"type":"Point","coordinates":[-89.2301923438039,48.4549375558341]},"properties":{"OBJECTID":2532,"LOC_ID":"PC0225","FDMID":1948,"X_COORD":335111.44035,"Y_COORD":5369267.79813,"BEAT":"N 8","ROT_ANGLE":0,"NODE_ID":6059,"GLOBALID":"70e7c0e9-89ed-407c-949b-33801f8c7dce","CREATEDDATE":1520794199000,"LASTUPDATE":1644346815000}},{"type":"Feature","id":2533,"geometry":{"type":"Point","coordinates":[-89.2613647588546,48.454227547678]},"properties":{"OBJECTID":2533,"LOC_ID":"MC0087","FDMID":3084,"X_COORD":332804.51068,"Y_COORD":5369256.52158,"BEAT":"N 15","ROT_ANGLE":0,"NODE_ID":3332,"GLOBALID":"5ae5737e-6bf9-4dd0-879f-02066cd75e46","CREATEDDATE":1520794199000,"LASTUPDATE":1643921014000}},{"type":"Feature","id":2534,"geometry":{"type":"Point","coordinates":[-89.2112707353926,48.4521205729963]},"properties":{"OBJECTID":2534,"LOC_ID":"PC0276","FDMID":1999,"X_COORD":336501.28765,"Y_COORD":5368914.08882,"BEAT":"N 9","ROT_ANGLE":0,"NODE_ID":6678,"GLOBALID":"e4f0c1d6-b5f2-4f89-80c8-f2d7a253793f","CREATEDDATE":1520794199000,"LASTUPDATE":1643921015000}},{"type":"Feature","id":2535,"geometry":{"type":"Point","coordinates":[-89.2150736998651,48.4507915474141]},"properties":{"OBJECTID":2535,"LOC_ID":"PP0026","FDMID":0,"X_COORD":336215.83817,"Y_COORD":5368774.50533,"BEAT":null,"ROT_ANGLE":0,"NODE_ID":6226,"GLOBALID":"bb198949-261a-46fd-86e9-278105d3dd7b","CREATEDDATE":1520794199000,"LASTUPDATE":1643921015000}},{"type":"Feature","id":2536,"geometry":{"type":"Point","coordinates":[-89.2171502800057,48.4510521435288]},"properties":{"OBJECTID":2536,"LOC_ID":"PC0119","FDMID":1842,"X_COORD":336063.14057,"Y_COORD":5368807.91614,"BEAT":"N 10","ROT_ANGLE":0,"NODE_ID":3286,"GLOBALID":"525ca5c2-f607-4374-aa68-b44894b145f4","CREATEDDATE":1520794199000,"LASTUPDATE":1644349503000}},{"type":"Feature","id":2537,"geometry":{"type":"Point","coordinates":[-89.2069326232684,48.4513067473627]},"properties":{"OBJECTID":2537,"LOC_ID":"PC0138","FDMID":1861,"X_COORD":336819.4191,"Y_COORD":5368814.37707,"BEAT":"N 10","ROT_ANGLE":0,"NODE_ID":5714,"GLOBALID":"e5ceb620-abd7-40e0-9a2b-62e456f7d307","CREATEDDATE":1520794199000,"LASTUPDATE":1644348826000}},{"type":"Feature","id":2538,"geometry":{"type":"Point","coordinates":[-89.1893629745311,48.4486424602382]},"properties":{"OBJECTID":2538,"LOC_ID":"PP0154","FDMID":1906,"X_COORD":338109.98371,"Y_COORD":5368480.94117,"BEAT":"N 14","ROT_ANGLE":0,"NODE_ID":8971,"GLOBALID":"3799d994-d36b-4712-8da4-3befd8d2f19c","CREATEDDATE":1520794199000,"LASTUPDATE":1643921015000}},{"type":"Feature","id":2539,"geometry":{"type":"Point","coordinates":[-89.2739986557112,48.450339933767]},"properties":{"OBJECTID":2539,"LOC_ID":"MC0200","FDMID":3197,"X_COORD":331857.63862,"Y_COORD":5368852.12146,"BEAT":"N 15","ROT_ANGLE":0,"NODE_ID":4773,"GLOBALID":"53d02f05-2cae-478d-b5ee-7f167933b8bb","CREATEDDATE":1520794199000,"LASTUPDATE":1643921015000}},{"type":"Feature","id":2540,"geometry":{"type":"Point","coordinates":[-89.2077126079795,48.44899535562]},"properties":{"OBJECTID":2540,"LOC_ID":"PC0141","FDMID":1864,"X_COORD":336754.33981,"Y_COORD":5368559.14123,"BEAT":"N 10","ROT_ANGLE":0,"NODE_ID":244,"GLOBALID":"c0e390dd-4ccb-43a9-bee6-ae63b0caea2e","CREATEDDATE":1520794199000,"LASTUPDATE":1643921015000}},{"type":"Feature","id":2541,"geometry":{"type":"Point","coordinates":[-89.2453963516012,48.4482554930778]},"properties":{"OBJECTID":2541,"LOC_ID":"PC0749","FDMID":2466,"X_COORD":333965.59971,"Y_COORD":5368558.0005,"BEAT":"N 8","ROT_ANGLE":0,"NODE_ID":2608,"GLOBALID":"f48cafdd-8d4c-4bf8-908c-d4eb83709d52","CREATEDDATE":1520794199000,"LASTUPDATE":1643921015000}},{"type":"Feature","id":2542,"geometry":{"type":"Point","coordinates":[-89.2885915409214,48.4474837571665]},"properties":{"OBJECTID":2542,"LOC_ID":"MC0291","FDMID":3445,"X_COORD":330769.1855,"Y_COORD":5368566.8348,"BEAT":"N 13","ROT_ANGLE":0,"NODE_ID":9175,"GLOBALID":"faf750d6-f949-43e8-a600-55b93c27c3cb","CREATEDDATE":1520794199000,"LASTUPDATE":1643921015000}},{"type":"Feature","id":2543,"geometry":{"type":"Point","coordinates":[-89.2477580868134,48.4452614277127]},"properties":{"OBJECTID":2543,"LOC_ID":"PC1184","FDMID":3387,"X_COORD":333781.19676,"Y_COORD":5368230.35352,"BEAT":"N 8","ROT_ANGLE":0,"NODE_ID":7961,"GLOBALID":"9f7d0e23-e1a3-454e-84c0-c0a8c90b8e90","CREATEDDATE":1520794199000,"LASTUPDATE":1643921015000}},{"type":"Feature","id":2544,"geometry":{"type":"Point","coordinates":[-89.1963609641778,48.4456979108176]},"properties":{"OBJECTID":2544,"LOC_ID":"PC0161","FDMID":1884,"X_COORD":337583.15901,"Y_COORD":5368168.49701,"BEAT":"N 14","ROT_ANGLE":0,"NODE_ID":5829,"GLOBALID":"2ab83a62-8fa2-4c61-b34b-dda0796a940d","CREATEDDATE":1520794199000,"LASTUPDATE":1643921015000}},{"type":"Feature","id":2545,"geometry":{"type":"Point","coordinates":[-89.219195341967,48.4361310964733]},"properties":{"OBJECTID":2545,"LOC_ID":"PC0404","FDMID":2127,"X_COORD":335865.95427,"Y_COORD":5367154.82533,"BEAT":"N7","ROT_ANGLE":0,"NODE_ID":4590,"GLOBALID":"b72359b3-cce2-4177-90d9-643cbe6e74b8","CREATEDDATE":1520794199000,"LASTUPDATE":1644362418000}},{"type":"Feature","id":2546,"geometry":{"type":"Point","coordinates":[-89.2721670850426,48.4348340402316]},"properties":{"OBJECTID":2546,"LOC_ID":"PC1189","FDMID":3392,"X_COORD":331941.88207,"Y_COORD":5367124.70769,"BEAT":"N 4","ROT_ANGLE":0,"NODE_ID":3679,"GLOBALID":"178bcf06-074a-48ec-9324-981bd4460e24","CREATEDDATE":1520794199000,"LASTUPDATE":1643921015000}},{"type":"Feature","id":2547,"geometry":{"type":"Point","coordinates":[-89.2344508898904,48.4316925433055]},"properties":{"OBJECTID":2547,"LOC_ID":"PC0575","FDMID":2295,"X_COORD":334721.19395,"Y_COORD":5366693.39966,"BEAT":"N 6","ROT_ANGLE":0,"NODE_ID":2740,"GLOBALID":"72413caa-e3fb-40f2-9e43-5b8fec9c0293","CREATEDDATE":1520794199000,"LASTUPDATE":1643921015000}},{"type":"Feature","id":2548,"geometry":{"type":"Point","coordinates":[-89.2457979177217,48.4284182634302]},"properties":{"OBJECTID":2548,"LOC_ID":"PC0601","FDMID":2320,"X_COORD":333871.23196,"Y_COORD":5366354.05272,"BEAT":"N 3","ROT_ANGLE":0,"NODE_ID":6447,"GLOBALID":"d83f5a19-a16b-4984-833b-c91bd1632cf5","CREATEDDATE":1520794199000,"LASTUPDATE":1644354862000}},{"type":"Feature","id":2549,"geometry":{"type":"Point","coordinates":[-89.2622526838366,48.4217299179828]},"properties":{"OBJECTID":2549,"LOC_ID":"PP0043","FDMID":2910,"X_COORD":332632.11004,"Y_COORD":5365646.52913,"BEAT":"N 1","ROT_ANGLE":0,"NODE_ID":6027,"GLOBALID":"b775bb38-4143-4951-ba79-390891e6358e","CREATEDDATE":1520794199000,"LASTUPDATE":1643921015000}},{"type":"Feature","id":2550,"geometry":{"type":"Point","coordinates":[-89.267698588664,48.4235949228878]},"properties":{"OBJECTID":2550,"LOC_ID":"PP0213","FDMID":3700,"X_COORD":332235.36815,"Y_COORD":5365865.73425,"BEAT":"N 1","ROT_ANGLE":0,"NODE_ID":9014,"GLOBALID":"adca7718-ee9a-4861-b2ef-2c0021dd4bec","CREATEDDATE":1520794199000,"LASTUPDATE":1643921015000}},{"type":"Feature","id":2551,"geometry":{"type":"Point","coordinates":[-89.2406087821683,48.4215207859202]},"properties":{"OBJECTID":2551,"LOC_ID":"PC0845","FDMID":2561,"X_COORD":334232.63408,"Y_COORD":5365576.18315,"BEAT":"N 3","ROT_ANGLE":0,"NODE_ID":5646,"GLOBALID":"fdf775f0-71f5-4569-9b8e-0bcef3ae79f4","CREATEDDATE":1520794199000,"LASTUPDATE":1643921015000}},{"type":"Feature","id":2552,"geometry":{"type":"Point","coordinates":[-89.2906411577491,48.4151555634511]},"properties":{"OBJECTID":2552,"LOC_ID":"MC0235","FDMID":3232,"X_COORD":330510.10991,"Y_COORD":5364978.28132,"BEAT":"N 1","ROT_ANGLE":0,"NODE_ID":6498,"GLOBALID":"9ccedf41-2fd6-4a44-8580-a9db0e3fa462","CREATEDDATE":1520794199000,"LASTUPDATE":1643921015000}},{"type":"Feature","id":2553,"geometry":{"type":"Point","coordinates":[-89.2223738951592,48.394427291911]},"properties":{"OBJECTID":2553,"LOC_ID":"FP0050","FDMID":3304,"X_COORD":335494.22691,"Y_COORD":5362525.58833,"BEAT":"S 11","ROT_ANGLE":0,"NODE_ID":4169,"GLOBALID":"2fef1dcb-80a9-419e-9f63-68efcf73c1bf","CREATEDDATE":1520794199000,"LASTUPDATE":1643921015000}},{"type":"Feature","id":2554,"geometry":{"type":"Point","coordinates":[-89.2960564672815,48.3957400500424]},"properties":{"OBJECTID":2554,"LOC_ID":"FC1102","FDMID":1091,"X_COORD":330044.72674,"Y_COORD":5362832.40817,"BEAT":"S 1","ROT_ANGLE":0,"NODE_ID":9769,"GLOBALID":"749ac0cf-b68d-4180-a889-17ef0c1147a0","CREATEDDATE":1520794199000,"LASTUPDATE":1643921015000}},{"type":"Feature","id":2555,"geometry":{"type":"Point","coordinates":[-89.281384146472,48.3932185891325]},"properties":{"OBJECTID":2555,"LOC_ID":"FC0939","FDMID":930,"X_COORD":331122.37308,"Y_COORD":5362519.70417,"BEAT":"S 4","ROT_ANGLE":0,"NODE_ID":2156,"GLOBALID":"5904ce94-e1e6-4294-92a3-839858c080aa","CREATEDDATE":1520794199000,"LASTUPDATE":1643921015000}},{"type":"Feature","id":2556,"geometry":{"type":"Point","coordinates":[-89.2342971743696,48.3931094874428]},"properties":{"OBJECTID":2556,"LOC_ID":"FC0586","FDMID":578,"X_COORD":334639.05097,"Y_COORD":5362393.12753,"BEAT":"S 11","ROT_ANGLE":0,"NODE_ID":1991,"GLOBALID":"49a16ac9-2a7d-4f98-bb78-a8fe17a75d9c","CREATEDDATE":1520794199000,"LASTUPDATE":1643921015000}},{"type":"Feature","id":2557,"geometry":{"type":"Point","coordinates":[-89.2441678726784,48.3908208298246]},"properties":{"OBJECTID":2557,"LOC_ID":"FC0797","FDMID":788,"X_COORD":333871.96463,"Y_COORD":5362205.7107,"BEAT":"S 11","ROT_ANGLE":0,"NODE_ID":9293,"GLOBALID":"5eb3e71e-af93-4a89-83d5-46c4980ee891","CREATEDDATE":1520794199000,"LASTUPDATE":1677030117000}},{"type":"Feature","id":2558,"geometry":{"type":"Point","coordinates":[-89.2893565305318,48.3899572578988]},"properties":{"OBJECTID":2558,"LOC_ID":"FC0877","FDMID":868,"X_COORD":330522.36924,"Y_COORD":5362170.98788,"BEAT":"S 1","ROT_ANGLE":0,"NODE_ID":7245,"GLOBALID":"41429ecb-ece2-4f09-be25-95c8bd6fd86f","CREATEDDATE":1520794199000,"LASTUPDATE":1643921015000}},{"type":"Feature","id":2559,"geometry":{"type":"Point","coordinates":[-89.3044179072909,48.3891276432722]},"properties":{"OBJECTID":2559,"LOC_ID":"NC0588","FDMID":3646,"X_COORD":329403.74985,"Y_COORD":5362116.07486,"BEAT":"S 13","ROT_ANGLE":0,"NODE_ID":3300,"GLOBALID":"3405a427-c8ed-4efb-b299-0116aa45d39a","CREATEDDATE":1520794199000,"LASTUPDATE":1643921015000}},{"type":"Feature","id":2560,"geometry":{"type":"Point","coordinates":[-89.2565360730734,48.3890558097487]},"properties":{"OBJECTID":2560,"LOC_ID":"FC0265","FDMID":260,"X_COORD":332948.01327,"Y_COORD":5362002.54398,"BEAT":"S 9","ROT_ANGLE":0,"NODE_ID":10167,"GLOBALID":"7787ba02-83af-4b6e-a823-bafb9187aa9e","CREATEDDATE":1520794199000,"LASTUPDATE":1644009088000}},{"type":"Feature","id":2561,"geometry":{"type":"Point","coordinates":[-89.3098954045475,48.3873617947305]},"properties":{"OBJECTID":2561,"LOC_ID":"NC0566","FDMID":3544,"X_COORD":328992.35708,"Y_COORD":5361932.02315,"BEAT":"S 13","ROT_ANGLE":0,"NODE_ID":7486,"GLOBALID":"70b4e879-cce8-43bf-8391-5638633b32eb","CREATEDDATE":1520794199000,"LASTUPDATE":1643921015000}},{"type":"Feature","id":2562,"geometry":{"type":"Point","coordinates":[-89.2787339092493,48.3872107276802]},"properties":{"OBJECTID":2562,"LOC_ID":"FC0217","FDMID":213,"X_COORD":331298.68284,"Y_COORD":5361846.13259,"BEAT":"S 5","ROT_ANGLE":0,"NODE_ID":8090,"GLOBALID":"b9bb99ee-185d-4f74-84cc-df0d01a13936","CREATEDDATE":1520794199000,"LASTUPDATE":1643921015000}},{"type":"Feature","id":2563,"geometry":{"type":"Point","coordinates":[-89.2747120020464,48.3859823309631]},"properties":{"OBJECTID":2563,"LOC_ID":"FC0777","FDMID":768,"X_COORD":331592.36527,"Y_COORD":5361700.75377,"BEAT":"S 7","ROT_ANGLE":0,"NODE_ID":4427,"GLOBALID":"f2b39a94-8c79-4f9d-b36c-10773a996c0b","CREATEDDATE":1520794199000,"LASTUPDATE":1644006780000}},{"type":"Feature","id":2564,"geometry":{"type":"Point","coordinates":[-89.260872597845,48.3866248570797]},"properties":{"OBJECTID":2564,"LOC_ID":"FC0196","FDMID":192,"X_COORD":332619.01692,"Y_COORD":5361741.82564,"BEAT":"S 7","ROT_ANGLE":0,"NODE_ID":3783,"GLOBALID":"f7356ddc-e897-4d88-847d-943b95d0b6b0","CREATEDDATE":1520794199000,"LASTUPDATE":1643921016000}},{"type":"Feature","id":2565,"geometry":{"type":"Point","coordinates":[-89.2789680485163,48.3840446201605]},"properties":{"OBJECTID":2565,"LOC_ID":"FC0770","FDMID":761,"X_COORD":331284.88905,"Y_COORD":5361493.57963,"BEAT":"S 5","ROT_ANGLE":0,"NODE_ID":1218,"GLOBALID":"9affc508-2260-442e-b4a0-2dcd6cdc0b27","CREATEDDATE":1520794199000,"LASTUPDATE":1644006696000}},{"type":"Feature","id":2566,"geometry":{"type":"Point","coordinates":[-89.296157541714,48.381871499949]},"properties":{"OBJECTID":2566,"LOC_ID":"FC0825","FDMID":816,"X_COORD":329991.06274,"Y_COORD":5361291.23364,"BEAT":"S 2","ROT_ANGLE":0,"NODE_ID":8358,"GLOBALID":"d830f419-62e4-4781-bc73-50b79a810d50","CREATEDDATE":1520794199000,"LASTUPDATE":1643921016000}},{"type":"Feature","id":2567,"geometry":{"type":"Point","coordinates":[-89.3644771301488,48.3806705630413]},"properties":{"OBJECTID":2567,"LOC_ID":"NC0265","FDMID":1441,"X_COORD":324928.84245,"Y_COORD":5361311.68062,"BEAT":"S 13","ROT_ANGLE":0,"NODE_ID":571,"GLOBALID":"386a08a0-2433-40a1-b764-fbf0de586f34","CREATEDDATE":1520794199000,"LASTUPDATE":1643921016000}},{"type":"Feature","id":2568,"geometry":{"type":"Point","coordinates":[-89.3663322255441,48.3806362173898]},"properties":{"OBJECTID":2568,"LOC_ID":"NC0266","FDMID":1442,"X_COORD":324791.37967,"Y_COORD":5361312.10353,"BEAT":"S 13","ROT_ANGLE":0,"NODE_ID":572,"GLOBALID":"6f531fd2-c76b-4501-bad0-547176883b26","CREATEDDATE":1520794199000,"LASTUPDATE":1643921016000}},{"type":"Feature","id":2569,"geometry":{"type":"Point","coordinates":[-89.296719465906,48.3809574574876]},"properties":{"OBJECTID":2569,"LOC_ID":"FC1189","FDMID":0,"X_COORD":329946.41481,"Y_COORD":5361190.89188,"BEAT":null,"ROT_ANGLE":0,"NODE_ID":1718,"GLOBALID":"44bdb489-1d1c-4dc3-9c15-606990e95ff8","CREATEDDATE":1520794199000,"LASTUPDATE":1643921016000}},{"type":"Feature","id":2570,"geometry":{"type":"Point","coordinates":[-89.3190655685263,48.3703782472476]},"properties":{"OBJECTID":2570,"LOC_ID":"NP0054","FDMID":1723,"X_COORD":328256.37525,"Y_COORD":5360064.94039,"BEAT":"S 13","ROT_ANGLE":0,"NODE_ID":6169,"GLOBALID":"5673c65f-b515-4ecf-b434-27a64fcd8807","CREATEDDATE":1520794199000,"LASTUPDATE":1643921016000}},{"type":"Feature","id":2571,"geometry":{"type":"Point","coordinates":[-89.3881725511582,48.3760307958776]},"properties":{"OBJECTID":2571,"LOC_ID":"NC0414","FDMID":1588,"X_COORD":323158.4276,"Y_COORD":5360850.42622,"BEAT":"S 14","ROT_ANGLE":0,"NODE_ID":6129,"GLOBALID":"57f44174-4cca-400e-8020-3ee15ce734e0","CREATEDDATE":1520794199000,"LASTUPDATE":1643921016000}},{"type":"Feature","id":2572,"geometry":{"type":"Point","coordinates":[-89.3607494392015,48.3749332056729]},"properties":{"OBJECTID":2572,"LOC_ID":"NC0049","FDMID":1227,"X_COORD":325185.18575,"Y_COORD":5360665.50001,"BEAT":"S 13","ROT_ANGLE":0,"NODE_ID":2377,"GLOBALID":"871f172b-c62e-430a-b888-c2fb0e3691fa","CREATEDDATE":1520794199000,"LASTUPDATE":1643921016000}},{"type":"Feature","id":2573,"geometry":{"type":"Point","coordinates":[-89.2523669713712,48.3777239723714]},"properties":{"OBJECTID":2573,"LOC_ID":"FC0141","FDMID":142,"X_COORD":333219.58524,"Y_COORD":5360733.98974,"BEAT":"S 10","ROT_ANGLE":0,"NODE_ID":7851,"GLOBALID":"b00ff943-fd7b-4aa0-87e9-2a0ff708fa70","CREATEDDATE":1520794199000,"LASTUPDATE":1643921016000}},{"type":"Feature","id":2574,"geometry":{"type":"Point","coordinates":[-89.3100975905785,48.3687315620508]},"properties":{"OBJECTID":2574,"LOC_ID":"NC0389","FDMID":1564,"X_COORD":328914.95317,"Y_COORD":5359861.85354,"BEAT":"S 3","ROT_ANGLE":0,"NODE_ID":8182,"GLOBALID":"668e5202-9344-439a-bccf-4f578bab51ea","CREATEDDATE":1520794199000,"LASTUPDATE":1643921016000}},{"type":"Feature","id":2575,"geometry":{"type":"Point","coordinates":[-89.2921402921551,48.3709954448334]},"properties":{"OBJECTID":2575,"LOC_ID":"FC0153","FDMID":149,"X_COORD":330252.32815,"Y_COORD":5360073.53047,"BEAT":"S 2","ROT_ANGLE":0,"NODE_ID":4618,"GLOBALID":"cd5f17ba-e88b-4220-92a2-ce15d5f41d57","CREATEDDATE":1520794199000,"LASTUPDATE":1643921016000}},{"type":"Feature","id":2576,"geometry":{"type":"Point","coordinates":[-89.2948761783362,48.3682945696655]},"properties":{"OBJECTID":2576,"LOC_ID":"FC0544","FDMID":536,"X_COORD":330039.97385,"Y_COORD":5359774.24266,"BEAT":"S 2","ROT_ANGLE":0,"NODE_ID":9457,"GLOBALID":"d2c6d525-fa4f-4254-9d5e-db9f31cfa427","CREATEDDATE":1520794199000,"LASTUPDATE":1644003759000}},{"type":"Feature","id":2577,"geometry":{"type":"Point","coordinates":[-89.2921785119381,48.3631020809394]},"properties":{"OBJECTID":2577,"LOC_ID":"FC0148","FDMID":144,"X_COORD":330223.25858,"Y_COORD":5359196.32369,"BEAT":"S 3","ROT_ANGLE":0,"NODE_ID":6239,"GLOBALID":"01207262-756c-4b45-8c6f-d0a0705a224a","CREATEDDATE":1520794199000,"LASTUPDATE":1643921016000}},{"type":"Feature","id":2578,"geometry":{"type":"Point","coordinates":[-89.3123282795995,48.3260501945332]},"properties":{"OBJECTID":2578,"LOC_ID":"NC0427","FDMID":1601,"X_COORD":328527.12213,"Y_COORD":5355126.20784,"BEAT":"S 17","ROT_ANGLE":0,"NODE_ID":8280,"GLOBALID":"0537ab85-f8d0-4754-863d-00df12b00e99","CREATEDDATE":1520794199000,"LASTUPDATE":1643921016000}},{"type":"Feature","id":2579,"geometry":{"type":"Point","coordinates":[-89.3059753772945,48.3416333041374]},"properties":{"OBJECTID":2579,"LOC_ID":"NC0594","FDMID":3674,"X_COORD":329129.65116,"Y_COORD":5356840.88458,"BEAT":"S 17","ROT_ANGLE":0,"NODE_ID":2518,"GLOBALID":"3a48b8bb-8be0-4601-ad59-b15826cde601","CREATEDDATE":1520794199000,"LASTUPDATE":1643921016000}},{"type":"Feature","id":2580,"geometry":{"type":"Point","coordinates":[-89.3105651099329,48.3536806309331]},"properties":{"OBJECTID":2580,"LOC_ID":"NC0148","FDMID":1326,"X_COORD":328829.92201,"Y_COORD":5358190.10084,"BEAT":"S 15","ROT_ANGLE":0,"NODE_ID":7919,"GLOBALID":"8dc57eae-4d66-40c1-9f47-cc6ca026f783","CREATEDDATE":1520794199000,"LASTUPDATE":1643921016000}},{"type":"Feature","id":2581,"geometry":{"type":"Point","coordinates":[-89.3576409207957,48.3442055173017]},"properties":{"OBJECTID":2581,"LOC_ID":"NP0031","FDMID":1700,"X_COORD":325310.30088,"Y_COORD":5357243.249,"BEAT":"S 15","ROT_ANGLE":0,"NODE_ID":8687,"GLOBALID":"14b421fd-3dd1-4cdc-b165-c638e0d57057","CREATEDDATE":1520794199000,"LASTUPDATE":1643921016000}},{"type":"Feature","id":2582,"geometry":{"type":"Point","coordinates":[-89.3513965293204,48.3383517636817]},"properties":{"OBJECTID":2582,"LOC_ID":"NC0295","FDMID":1470,"X_COORD":325752.99554,"Y_COORD":5356578.43568,"BEAT":"S 16","ROT_ANGLE":0,"NODE_ID":1023,"GLOBALID":"8c13a7d3-adf5-450a-9344-b9272b2541fc","CREATEDDATE":1520794199000,"LASTUPDATE":1643921016000}},{"type":"Feature","id":2583,"geometry":{"type":"Point","coordinates":[-89.329028680933,48.3233844980806]},"properties":{"OBJECTID":2583,"LOC_ID":"NC0348","FDMID":1523,"X_COORD":327359.90165,"Y_COORD":5354864.33776,"BEAT":"S 17","ROT_ANGLE":0,"NODE_ID":6125,"GLOBALID":"f9922096-c244-47cf-852e-318715d467fc","CREATEDDATE":1520794199000,"LASTUPDATE":1643921016000}},{"type":"Feature","id":2584,"geometry":{"type":"Point","coordinates":[-89.3333760470697,48.3264041893901]},"properties":{"OBJECTID":2584,"LOC_ID":"NC0250","FDMID":1426,"X_COORD":327047.88476,"Y_COORD":5355209.74909,"BEAT":"S 17","ROT_ANGLE":0,"NODE_ID":9999,"GLOBALID":"17b42428-6460-47f2-8c46-c09d1dac2dc5","CREATEDDATE":1520794199000,"LASTUPDATE":1643921016000}},{"type":"Feature","id":2585,"geometry":{"type":"Point","coordinates":[-89.3564078844688,48.3236893398777]},"properties":{"OBJECTID":2585,"LOC_ID":"NC0508","FDMID":1681,"X_COORD":325331.56885,"Y_COORD":5354960.23357,"BEAT":"S 16","ROT_ANGLE":0,"NODE_ID":7066,"GLOBALID":"4469d967-1a7c-4700-af35-4f21e86fe034","CREATEDDATE":1520794199000,"LASTUPDATE":1643921016000}},{"type":"Feature","id":2586,"geometry":{"type":"Point","coordinates":[-89.3400615547336,48.3199579377195]},"properties":{"OBJECTID":2586,"LOC_ID":"NC0520","FDMID":3323,"X_COORD":326530.50952,"Y_COORD":5354508.40688,"BEAT":"S 17","ROT_ANGLE":0,"NODE_ID":1010,"GLOBALID":"4350d6ec-1b6d-4bed-be29-c240c93d3c55","CREATEDDATE":1520794199000,"LASTUPDATE":1643921016000}},{"type":"Feature","id":2587,"geometry":{"type":"Point","coordinates":[-89.232818067582,48.4622416033369]},"properties":{"OBJECTID":2587,"LOC_ID":"MC0163","FDMID":3160,"X_COORD":334941.00988,"Y_COORD":5370085.26603,"BEAT":"N 12","ROT_ANGLE":0,"NODE_ID":10205,"GLOBALID":"3531dcc5-3404-4106-9824-4e754b5f1dd6","CREATEDDATE":1520794199000,"LASTUPDATE":1643921016000}},{"type":"Feature","id":2588,"geometry":{"type":"Point","coordinates":[-89.2553537249631,48.4540351076782]},"properties":{"OBJECTID":2588,"LOC_ID":"MC0127","FDMID":3124,"X_COORD":333248.28054,"Y_COORD":5369222.01662,"BEAT":"N 12","ROT_ANGLE":0,"NODE_ID":5989,"GLOBALID":"ba340ca0-9b4c-4e0c-ad29-f47f34af3e7b","CREATEDDATE":1520794199000,"LASTUPDATE":1643921016000}},{"type":"Feature","id":2589,"geometry":{"type":"Point","coordinates":[-89.2404238968036,48.4530522010297]},"properties":{"OBJECTID":2589,"LOC_ID":"PC0875","FDMID":2591,"X_COORD":334348.87702,"Y_COORD":5369080.35109,"BEAT":"N 8","ROT_ANGLE":0,"NODE_ID":2496,"GLOBALID":"7b884916-81ee-4e08-85e3-1ded3c78f5de","CREATEDDATE":1520794199000,"LASTUPDATE":1643921016000}},{"type":"Feature","id":2590,"geometry":{"type":"Point","coordinates":[-89.2854558062553,48.4483852895235]},"properties":{"OBJECTID":2590,"LOC_ID":"MC0281","FDMID":3435,"X_COORD":331004.03862,"Y_COORD":5368660.1084,"BEAT":"N 15","ROT_ANGLE":0,"NODE_ID":6000,"GLOBALID":"41cbd19c-dd05-4630-80d4-bcc23443d3c5","CREATEDDATE":1520794199000,"LASTUPDATE":1643921016000}},{"type":"Feature","id":2591,"geometry":{"type":"Point","coordinates":[-89.2639620077294,48.4491149849516]},"properties":{"OBJECTID":2591,"LOC_ID":"MC0034","FDMID":3031,"X_COORD":332595.41961,"Y_COORD":5368693.83845,"BEAT":"N 13","ROT_ANGLE":0,"NODE_ID":4136,"GLOBALID":"a7233e41-4cf9-48f8-8735-d1e57f304176","CREATEDDATE":1520794199000,"LASTUPDATE":1643921016000}},{"type":"Feature","id":2592,"geometry":{"type":"Point","coordinates":[-89.2627145805058,48.4496976492713]},"properties":{"OBJECTID":2592,"LOC_ID":"MC0035","FDMID":3032,"X_COORD":332689.59587,"Y_COORD":5368755.47659,"BEAT":"N 13","ROT_ANGLE":0,"NODE_ID":9655,"GLOBALID":"e036866c-8ed6-42bd-96af-4f9b0f11307c","CREATEDDATE":1520794199000,"LASTUPDATE":1643921016000}},{"type":"Feature","id":2593,"geometry":{"type":"Point","coordinates":[-89.2764910911701,48.3807575528081]},"properties":{"OBJECTID":2593,"LOC_ID":"FC0044","FDMID":23,"X_COORD":331443.22786,"Y_COORD":5361124.09585,"BEAT":"S 7","ROT_ANGLE":0,"NODE_ID":6003,"GLOBALID":"4baa649a-8394-48c8-9c68-cd7f4cb0b14a","CREATEDDATE":1520794199000,"LASTUPDATE":1643921016000}},{"type":"Feature","id":2594,"geometry":{"type":"Point","coordinates":[-89.1878767672722,48.4687700760498]},"properties":{"OBJECTID":2594,"LOC_ID":"PC0066","FDMID":1790,"X_COORD":338283.85354,"Y_COORD":5370714.88242,"BEAT":"N 11","ROT_ANGLE":0,"NODE_ID":1337,"GLOBALID":"e9aeda3c-69e1-4c1e-9bd2-241b505e21d7","CREATEDDATE":1520794199000,"LASTUPDATE":1644265814000}},{"type":"Feature","id":2595,"geometry":{"type":"Point","coordinates":[-89.2629076611427,48.4658825036682]},"properties":{"OBJECTID":2595,"LOC_ID":"MC0233","FDMID":3230,"X_COORD":332728.76028,"Y_COORD":5370555.27922,"BEAT":"N 15","ROT_ANGLE":0,"NODE_ID":9885,"GLOBALID":"0b75567c-1db8-4da6-8898-339e221c226c","CREATEDDATE":1520794199000,"LASTUPDATE":1643921017000}},{"type":"Feature","id":2596,"geometry":{"type":"Point","coordinates":[-89.2329624843413,48.460064601812]},"properties":{"OBJECTID":2596,"LOC_ID":"MP0006","FDMID":3249,"X_COORD":334923.27344,"Y_COORD":5369843.61995,"BEAT":"N 12","ROT_ANGLE":0,"NODE_ID":10468,"GLOBALID":"7f31e577-8f31-4a44-a9a4-abee9d7fd0ae","CREATEDDATE":1520794199000,"LASTUPDATE":1643921017000}},{"type":"Feature","id":2597,"geometry":{"type":"Point","coordinates":[-89.2418743421542,48.4615863084057]},"properties":{"OBJECTID":2597,"LOC_ID":"MC0141","FDMID":3138,"X_COORD":334269.42844,"Y_COORD":5370032.00139,"BEAT":"N 12","ROT_ANGLE":0,"NODE_ID":4761,"GLOBALID":"d4e37870-418a-48c8-980a-0003b68dc750","CREATEDDATE":1520794199000,"LASTUPDATE":1643921017000}},{"type":"Feature","id":2598,"geometry":{"type":"Point","coordinates":[-89.1993982779242,48.4546638144972]},"properties":{"OBJECTID":2598,"LOC_ID":"PP0105","FDMID":2969,"X_COORD":337387.20611,"Y_COORD":5369171.46251,"BEAT":"N 10","ROT_ANGLE":0,"NODE_ID":4407,"GLOBALID":"988134f9-eea7-4d4d-b33c-52e00bf29b43","CREATEDDATE":1520794199000,"LASTUPDATE":1643921017000}},{"type":"Feature","id":2599,"geometry":{"type":"Point","coordinates":[-89.2160109736624,48.4602450351591]},"properties":{"OBJECTID":2599,"LOC_ID":"PC0256","FDMID":1979,"X_COORD":336176.96662,"Y_COORD":5369827.2293,"BEAT":"N 9","ROT_ANGLE":0,"NODE_ID":10257,"GLOBALID":"0f43c62c-b70b-4039-93a3-6a54c847d6d9","CREATEDDATE":1520794199000,"LASTUPDATE":1643921017000}},{"type":"Feature","id":2600,"geometry":{"type":"Point","coordinates":[-89.2838676968051,48.4555012315984]},"properties":{"OBJECTID":2600,"LOC_ID":"MC0313","FDMID":3597,"X_COORD":331145.0685,"Y_COORD":5369447.49861,"BEAT":"N 15","ROT_ANGLE":0,"NODE_ID":3022,"GLOBALID":"79d324cd-dfc2-462c-a7ba-6ea1896fd58a","CREATEDDATE":1520794199000,"LASTUPDATE":1643921017000}},{"type":"Feature","id":2601,"geometry":{"type":"Point","coordinates":[-89.2822278296548,48.4538022232387]},"properties":{"OBJECTID":2601,"LOC_ID":"MC0269","FDMID":3423,"X_COORD":331260.67145,"Y_COORD":5369255.04702,"BEAT":"N 15","ROT_ANGLE":0,"NODE_ID":8848,"GLOBALID":"370323bf-4e22-44dc-adeb-d55beb4aaeb3","CREATEDDATE":1520794199000,"LASTUPDATE":1643921017000}},{"type":"Feature","id":2602,"geometry":{"type":"Point","coordinates":[-89.2192481722443,48.4535656442034]},"properties":{"OBJECTID":2602,"LOC_ID":"PC0207","FDMID":1930,"X_COORD":335916.13078,"Y_COORD":5369091.77944,"BEAT":"N 9","ROT_ANGLE":0,"NODE_ID":4388,"GLOBALID":"c3761450-1827-4415-88f5-b6fc19d7ea6e","CREATEDDATE":1520794199000,"LASTUPDATE":1643921017000}},{"type":"Feature","id":2603,"geometry":{"type":"Point","coordinates":[-89.270235458951,48.4473673479268]},"properties":{"OBJECTID":2603,"LOC_ID":"MC0327","FDMID":3669,"X_COORD":332126.0687,"Y_COORD":5368513.47646,"BEAT":"N 13","ROT_ANGLE":0,"NODE_ID":9172,"GLOBALID":"ed2db837-ecfa-4e9b-9768-1054e904784b","CREATEDDATE":1520794199000,"LASTUPDATE":1643921017000}},{"type":"Feature","id":2604,"geometry":{"type":"Point","coordinates":[-89.2353088082705,48.446960862665]},"properties":{"OBJECTID":2604,"LOC_ID":"PC0862","FDMID":2578,"X_COORD":334707.27753,"Y_COORD":5368392.26968,"BEAT":"N 5","ROT_ANGLE":0,"NODE_ID":6537,"GLOBALID":"28cc307c-1328-47a0-8db5-da08fb2f9473","CREATEDDATE":1520794199000,"LASTUPDATE":1643921017000}},{"type":"Feature","id":2605,"geometry":{"type":"Point","coordinates":[-89.2018209596076,48.4470291486175]},"properties":{"OBJECTID":2605,"LOC_ID":"PC0156","FDMID":1879,"X_COORD":337183.68022,"Y_COORD":5368328.05848,"BEAT":"N 10","ROT_ANGLE":0,"NODE_ID":3739,"GLOBALID":"7e05a8d8-23aa-4d63-a55d-d3e1011d050b","CREATEDDATE":1520794199000,"LASTUPDATE":1643921017000}},{"type":"Feature","id":2606,"geometry":{"type":"Point","coordinates":[-89.265255941591,48.4452346862147]},"properties":{"OBJECTID":2606,"LOC_ID":"MC0001","FDMID":2999,"X_COORD":332487.23529,"Y_COORD":5368265.53586,"BEAT":"N 13","ROT_ANGLE":0,"NODE_ID":1668,"GLOBALID":"f0551a11-4da5-4ace-aa48-8020f812b44d","CREATEDDATE":1520794199000,"LASTUPDATE":1643921017000}},{"type":"Feature","id":2607,"geometry":{"type":"Point","coordinates":[-89.2635804948954,48.4420020164468]},"properties":{"OBJECTID":2607,"LOC_ID":"PC0988","FDMID":2702,"X_COORD":332600.49327,"Y_COORD":5367902.58161,"BEAT":"N 4","ROT_ANGLE":0,"NODE_ID":3997,"GLOBALID":"6c39244f-acfd-46ce-8ebc-e595697110b7","CREATEDDATE":1520794199000,"LASTUPDATE":1643921017000}},{"type":"Feature","id":2608,"geometry":{"type":"Point","coordinates":[-89.2265658273545,48.4417107535009]},"properties":{"OBJECTID":2608,"LOC_ID":"PC0322","FDMID":2045,"X_COORD":335336.78691,"Y_COORD":5367789.89374,"BEAT":"N 6","ROT_ANGLE":0,"NODE_ID":3747,"GLOBALID":"3a1fd4d3-5fd1-478f-9fcd-f33ebfa15f84","CREATEDDATE":1520794199000,"LASTUPDATE":1643921017000}},{"type":"Feature","id":2609,"geometry":{"type":"Point","coordinates":[-89.2164284529307,48.4409947949858]},"properties":{"OBJECTID":2609,"LOC_ID":"PC0297","FDMID":2020,"X_COORD":336084.15715,"Y_COORD":5367688.55205,"BEAT":"N7","ROT_ANGLE":0,"NODE_ID":10118,"GLOBALID":"46875d8f-d452-4321-bcf7-7d05e94c04ad","CREATEDDATE":1520794199000,"LASTUPDATE":1643921017000}},{"type":"Feature","id":2610,"geometry":{"type":"Point","coordinates":[-89.2308101660535,48.439349476341]},"properties":{"OBJECTID":2610,"LOC_ID":"PC0329","FDMID":2052,"X_COORD":335015.26755,"Y_COORD":5367536.59045,"BEAT":"N 6","ROT_ANGLE":0,"NODE_ID":8929,"GLOBALID":"8f626a77-f602-42a5-a19a-657400002edd","CREATEDDATE":1520794199000,"LASTUPDATE":1644364742000}},{"type":"Feature","id":2611,"geometry":{"type":"Point","coordinates":[-89.226076265545,48.4333383745582]},"properties":{"OBJECTID":2611,"LOC_ID":"PC0447","FDMID":2169,"X_COORD":335345.67779,"Y_COORD":5366856.37771,"BEAT":"N7","ROT_ANGLE":0,"NODE_ID":10179,"GLOBALID":"310f5df8-e676-4f91-9923-7a8b4f875ada","CREATEDDATE":1520794199000,"LASTUPDATE":1643921017000}},{"type":"Feature","id":2612,"geometry":{"type":"Point","coordinates":[-89.2236006042175,48.4324362101141]},"properties":{"OBJECTID":2612,"LOC_ID":"PC0436","FDMID":2158,"X_COORD":335528.35478,"Y_COORD":5366750.93745,"BEAT":"N7","ROT_ANGLE":0,"NODE_ID":10310,"GLOBALID":"13083154-c14f-481b-8383-3c726a4c6dd2","CREATEDDATE":1520794199000,"LASTUPDATE":1643921017000}},{"type":"Feature","id":2613,"geometry":{"type":"Point","coordinates":[-89.2512443851938,48.4265966937013]},"properties":{"OBJECTID":2613,"LOC_ID":"PC0966","FDMID":2680,"X_COORD":333462.40252,"Y_COORD":5366163.43102,"BEAT":"N 3","ROT_ANGLE":0,"NODE_ID":2557,"GLOBALID":"401adf64-5eff-4d8f-9f5f-26c8ea910cde","CREATEDDATE":1520794199000,"LASTUPDATE":1643921017000}},{"type":"Feature","id":2614,"geometry":{"type":"Point","coordinates":[-89.2594814785033,48.4223344355988]},"properties":{"OBJECTID":2614,"LOC_ID":"PP0047","FDMID":2914,"X_COORD":332839.10396,"Y_COORD":5365707.66116,"BEAT":"N 1","ROT_ANGLE":0,"NODE_ID":1353,"GLOBALID":"fbbef17c-a215-48ae-9b69-e7b960d470c7","CREATEDDATE":1520794199000,"LASTUPDATE":1643921017000}},{"type":"Feature","id":2615,"geometry":{"type":"Point","coordinates":[-89.2605374345206,48.4207595766432]},"properties":{"OBJECTID":2615,"LOC_ID":"PP0049","FDMID":2916,"X_COORD":332755.81743,"Y_COORD":5365534.93284,"BEAT":"N 1","ROT_ANGLE":0,"NODE_ID":8127,"GLOBALID":"2676f8f2-2826-44d1-9560-be5a66443ea1","CREATEDDATE":1520794199000,"LASTUPDATE":1643921017000}},{"type":"Feature","id":2616,"geometry":{"type":"Point","coordinates":[-89.2600723339976,48.4201189632942]},"properties":{"OBJECTID":2616,"LOC_ID":"PP0202","FDMID":3571,"X_COORD":332788.12361,"Y_COORD":5365462.71678,"BEAT":"N 1","ROT_ANGLE":0,"NODE_ID":158,"GLOBALID":"3e137849-95c0-4462-a144-4e6e443900ef","CREATEDDATE":1520794199000,"LASTUPDATE":1643921017000}},{"type":"Feature","id":2617,"geometry":{"type":"Point","coordinates":[-89.2512506031269,48.4208707495396]},"properties":{"OBJECTID":2617,"LOC_ID":"PC1052","FDMID":2766,"X_COORD":333441.05878,"Y_COORD":5365506.74596,"BEAT":"N 3","ROT_ANGLE":0,"NODE_ID":9344,"GLOBALID":"542b23c4-e966-49d0-8669-e57f0fe0a0f2","CREATEDDATE":1520794199000,"LASTUPDATE":1643921017000}},{"type":"Feature","id":2618,"geometry":{"type":"Point","coordinates":[-89.2478639975442,48.4117439398335]},"properties":{"OBJECTID":2618,"LOC_ID":"PC0795","FDMID":2512,"X_COORD":333663.99254,"Y_COORD":5364505.29675,"BEAT":"N 2","ROT_ANGLE":0,"NODE_ID":6723,"GLOBALID":"8bc1e524-755c-4ba1-93f1-cd091e7abafa","CREATEDDATE":1520794199000,"LASTUPDATE":1644353194000}},{"type":"Feature","id":2619,"geometry":{"type":"Point","coordinates":[-89.2844484656959,48.4034849295794]},"properties":{"OBJECTID":2619,"LOC_ID":"FC1120","FDMID":1109,"X_COORD":330929.58588,"Y_COORD":5363667.49067,"BEAT":"S 1","ROT_ANGLE":0,"NODE_ID":2411,"GLOBALID":"c0f64b4b-8cef-41b0-84fd-8fed020881e8","CREATEDDATE":1520794199000,"LASTUPDATE":1643921017000}},{"type":"Feature","id":2620,"geometry":{"type":"Point","coordinates":[-89.2743404130869,48.3981839744125]},"properties":{"OBJECTID":2620,"LOC_ID":"FC0850","FDMID":841,"X_COORD":331660.17609,"Y_COORD":5363053.5507,"BEAT":"S 4","ROT_ANGLE":0,"NODE_ID":8508,"GLOBALID":"f65d2350-343c-4c86-81e8-b58038aa8990","CREATEDDATE":1520794199000,"LASTUPDATE":1673469483000}},{"type":"Feature","id":2621,"geometry":{"type":"Point","coordinates":[-89.2893647775965,48.3946642868433]},"properties":{"OBJECTID":2621,"LOC_ID":"FC0882","FDMID":873,"X_COORD":330539.54351,"Y_COORD":5362700.07921,"BEAT":"S 4","ROT_ANGLE":0,"NODE_ID":9812,"GLOBALID":"92cdd477-9d7a-4bf0-a1e4-3312436a71eb","CREATEDDATE":1520794199000,"LASTUPDATE":1643921017000}},{"type":"Feature","id":2622,"geometry":{"type":"Point","coordinates":[-89.2861478445387,48.3922992266911]},"properties":{"OBJECTID":2622,"LOC_ID":"FC0895","FDMID":886,"X_COORD":330766.71356,"Y_COORD":5362428.04209,"BEAT":"S 4","ROT_ANGLE":0,"NODE_ID":8658,"GLOBALID":"449802b0-473c-4e5b-8caa-1f838b07c872","CREATEDDATE":1520794199000,"LASTUPDATE":1643921017000}},{"type":"Feature","id":2623,"geometry":{"type":"Point","coordinates":[-89.2855838817193,48.3910554437986]},"properties":{"OBJECTID":2623,"LOC_ID":"FC0928","FDMID":919,"X_COORD":330804.33532,"Y_COORD":5362288.55844,"BEAT":"S 1","ROT_ANGLE":0,"NODE_ID":8626,"GLOBALID":"80a1d334-2859-4341-a5b8-b3c39bd8ff26","CREATEDDATE":1520794199000,"LASTUPDATE":1643921017000}},{"type":"Feature","id":2624,"geometry":{"type":"Point","coordinates":[-89.2538180769263,48.3895908052754]},"properties":{"OBJECTID":2624,"LOC_ID":"FC0468","FDMID":460,"X_COORD":333150.96649,"Y_COORD":5362056.07895,"BEAT":"S 9","ROT_ANGLE":0,"NODE_ID":6819,"GLOBALID":"182e1c88-efeb-473c-b311-e9b0c4ac3515","CREATEDDATE":1520794199000,"LASTUPDATE":1643921017000}},{"type":"Feature","id":2625,"geometry":{"type":"Point","coordinates":[-89.2588250424151,48.3890522808719]},"properties":{"OBJECTID":2625,"LOC_ID":"FC0823","FDMID":814,"X_COORD":332778.55791,"Y_COORD":5362007.14814,"BEAT":"S 9","ROT_ANGLE":0,"NODE_ID":9056,"GLOBALID":"59b1d14a-caf2-48cf-9481-b7d6ebfb74f7","CREATEDDATE":1520794199000,"LASTUPDATE":1643921017000}},{"type":"Feature","id":2626,"geometry":{"type":"Point","coordinates":[-89.2619915794308,48.38572426447]},"properties":{"OBJECTID":2626,"LOC_ID":"FC0129","FDMID":122,"X_COORD":332532.63945,"Y_COORD":5361642.93233,"BEAT":"S 7","ROT_ANGLE":0,"NODE_ID":6928,"GLOBALID":"09074108-ce83-4276-bfff-2949168c388e","CREATEDDATE":1520794199000,"LASTUPDATE":1644007225000}},{"type":"Feature","id":2627,"geometry":{"type":"Point","coordinates":[-89.3077423057786,48.3840321601837]},"properties":{"OBJECTID":2627,"LOC_ID":"NC0557","FDMID":3483,"X_COORD":329140.60284,"Y_COORD":5361557.14955,"BEAT":"S 13","ROT_ANGLE":0,"NODE_ID":6460,"GLOBALID":"e127074c-b276-4ae7-a458-dfae825b7575","CREATEDDATE":1520794199000,"LASTUPDATE":1643921018000}},{"type":"Feature","id":2628,"geometry":{"type":"Point","coordinates":[-89.2652983295043,48.3815874920273]},"properties":{"OBJECTID":2628,"LOC_ID":"FC0692","FDMID":683,"X_COORD":332274.81827,"Y_COORD":5361191.63454,"BEAT":"S 7","ROT_ANGLE":0,"NODE_ID":6710,"GLOBALID":"c1ab0476-d615-423f-a84d-971c661529b0","CREATEDDATE":1520794199000,"LASTUPDATE":1644007206000}},{"type":"Feature","id":2629,"geometry":{"type":"Point","coordinates":[-89.3101795023957,48.3807077603843]},"properties":{"OBJECTID":2629,"LOC_ID":"NC0004","FDMID":1182,"X_COORD":328949.02831,"Y_COORD":5361193.10602,"BEAT":"S 2","ROT_ANGLE":0,"NODE_ID":1313,"GLOBALID":"c5cc6cb0-7c9b-4d46-9f1c-85768a49b7a5","CREATEDDATE":1520794199000,"LASTUPDATE":1643921018000}},{"type":"Feature","id":2630,"geometry":{"type":"Point","coordinates":[-89.2509527118809,48.3802018902776]},"properties":{"OBJECTID":2630,"LOC_ID":"FC0747","FDMID":738,"X_COORD":333332.39599,"Y_COORD":5361006.31562,"BEAT":"S 10","ROT_ANGLE":0,"NODE_ID":9018,"GLOBALID":"340408a0-d08d-4a65-85ec-651d817a45a5","CREATEDDATE":1520794199000,"LASTUPDATE":1643921018000}},{"type":"Feature","id":2631,"geometry":{"type":"Point","coordinates":[-89.3882273950436,48.3767328867772]},"properties":{"OBJECTID":2631,"LOC_ID":"NC0415","FDMID":1589,"X_COORD":323156.79867,"Y_COORD":5360928.58481,"BEAT":"S 14","ROT_ANGLE":0,"NODE_ID":6130,"GLOBALID":"f063eb87-e919-4e2d-83d5-409a2022f7dc","CREATEDDATE":1520794199000,"LASTUPDATE":1643921018000}},{"type":"Feature","id":2632,"geometry":{"type":"Point","coordinates":[-89.3787871233702,48.3770045169337]},"properties":{"OBJECTID":2632,"LOC_ID":"NC0541","FDMID":3467,"X_COORD":323856.72315,"Y_COORD":5360937.02564,"BEAT":"S 14","ROT_ANGLE":0,"NODE_ID":6074,"GLOBALID":"b4def199-32cd-4d2a-82c7-6d77ab28bb95","CREATEDDATE":1520794199000,"LASTUPDATE":1643921018000}},{"type":"Feature","id":2633,"geometry":{"type":"Point","coordinates":[-89.2893481681052,48.3767696134569]},"properties":{"OBJECTID":2633,"LOC_ID":"FC0401","FDMID":395,"X_COORD":330478.26146,"Y_COORD":5360709.10526,"BEAT":"S 5","ROT_ANGLE":0,"NODE_ID":7397,"GLOBALID":"ab8ca41e-65c1-466b-95a6-61592120f336","CREATEDDATE":1520794199000,"LASTUPDATE":1643921018000}},{"type":"Feature","id":2634,"geometry":{"type":"Point","coordinates":[-89.2829316232257,48.3771316941877]},"properties":{"OBJECTID":2634,"LOC_ID":"FC1178","FDMID":3684,"X_COORD":330954.55817,"Y_COORD":5360735.16759,"BEAT":"S 5","ROT_ANGLE":0,"NODE_ID":2968,"GLOBALID":"19ec32fc-76df-4522-be2c-817fe2ac5a60","CREATEDDATE":1520794199000,"LASTUPDATE":1643921018000}},{"type":"Feature","id":2635,"geometry":{"type":"Point","coordinates":[-89.2676993577367,48.3760359194544]},"properties":{"OBJECTID":2635,"LOC_ID":"FC0529","FDMID":521,"X_COORD":332082.65033,"Y_COORD":5360580.93246,"BEAT":"S 8","ROT_ANGLE":0,"NODE_ID":2692,"GLOBALID":"a7dd22e9-d783-42e5-9c1f-ae70af4fd3e7","CREATEDDATE":1520794199000,"LASTUPDATE":1676511174000}},{"type":"Feature","id":2636,"geometry":{"type":"Point","coordinates":[-89.2577908317654,48.3727295590721]},"properties":{"OBJECTID":2636,"LOC_ID":"FC0346","FDMID":341,"X_COORD":332801.62223,"Y_COORD":5360190.71601,"BEAT":"S 8","ROT_ANGLE":0,"NODE_ID":912,"GLOBALID":"10110963-578d-4ebd-8d05-0c611e970ab6","CREATEDDATE":1520794199000,"LASTUPDATE":1643921018000}},{"type":"Feature","id":2637,"geometry":{"type":"Point","coordinates":[-89.296200704288,48.3701310028805]},"properties":{"OBJECTID":2637,"LOC_ID":"FC0377","FDMID":372,"X_COORD":329948.76335,"Y_COORD":5359986.45822,"BEAT":"S 2","ROT_ANGLE":0,"NODE_ID":2962,"GLOBALID":"8bb13d58-7529-4150-8126-a42b9c34d6b5","CREATEDDATE":1520794199000,"LASTUPDATE":1643921018000}},{"type":"Feature","id":2638,"geometry":{"type":"Point","coordinates":[-89.3767277709281,48.3663137548029]},"properties":{"OBJECTID":2638,"LOC_ID":"NC0443","FDMID":1616,"X_COORD":323972.35835,"Y_COORD":5359744.09303,"BEAT":"S 14","ROT_ANGLE":0,"NODE_ID":6846,"GLOBALID":"bee2d42b-c153-42fa-acbc-182151414f1d","CREATEDDATE":1520794199000,"LASTUPDATE":1643921018000}},{"type":"Feature","id":2639,"geometry":{"type":"Point","coordinates":[-89.2956528872812,48.3671773337807]},"properties":{"OBJECTID":2639,"LOC_ID":"FC0282","FDMID":277,"X_COORD":329979.49692,"Y_COORD":5359656.96266,"BEAT":"S 3","ROT_ANGLE":0,"NODE_ID":147,"GLOBALID":"7fa934e6-b59d-490c-95cb-022da9b877db","CREATEDDATE":1520794199000,"LASTUPDATE":1643921018000}},{"type":"Feature","id":2640,"geometry":{"type":"Point","coordinates":[-89.2554605499904,48.3682767947284]},"properties":{"OBJECTID":2640,"LOC_ID":"FC0102","FDMID":95,"X_COORD":332974.07638,"Y_COORD":5359686.35607,"BEAT":"S 6","ROT_ANGLE":0,"NODE_ID":4548,"GLOBALID":"b955f7f6-82cd-47ca-b7fe-c48e7b562ad8","CREATEDDATE":1520794199000,"LASTUPDATE":1643921018000}},{"type":"Feature","id":2641,"geometry":{"type":"Point","coordinates":[-89.2762343553984,48.3662398850373]},"properties":{"OBJECTID":2641,"LOC_ID":"FC0018","FDMID":2,"X_COORD":331414.48444,"Y_COORD":5359509.86814,"BEAT":"S 6","ROT_ANGLE":0,"NODE_ID":7810,"GLOBALID":"2b79a193-bf71-4597-8454-cf1f33bf6b47","CREATEDDATE":1520794199000,"LASTUPDATE":1643921018000}},{"type":"Feature","id":2642,"geometry":{"type":"Point","coordinates":[-89.2669586756493,48.3662334737063]},"properties":{"OBJECTID":2642,"LOC_ID":"FC0023","FDMID":6,"X_COORD":332101.38876,"Y_COORD":5359488.77169,"BEAT":"S 6","ROT_ANGLE":0,"NODE_ID":4157,"GLOBALID":"af165acc-7403-4291-b18c-949ae3f716fc","CREATEDDATE":1520794199000,"LASTUPDATE":1643921018000}},{"type":"Feature","id":2643,"geometry":{"type":"Point","coordinates":[-89.3482765240093,48.3646837753421]},"properties":{"OBJECTID":2643,"LOC_ID":"NC0227","FDMID":1403,"X_COORD":326073.84392,"Y_COORD":5359497.95492,"BEAT":"S 15","ROT_ANGLE":0,"NODE_ID":3837,"GLOBALID":"6059902f-0292-41bd-bfc7-32d4cd459d95","CREATEDDATE":1520794199000,"LASTUPDATE":1643921018000}},{"type":"Feature","id":2644,"geometry":{"type":"Point","coordinates":[-89.3042881443926,48.3640562020447]},"properties":{"OBJECTID":2644,"LOC_ID":"FC0310","FDMID":305,"X_COORD":329329.59279,"Y_COORD":5359330.29821,"BEAT":"S 3","ROT_ANGLE":0,"NODE_ID":7288,"GLOBALID":"243e201a-e07b-4b40-ba8b-de5657be19a8","CREATEDDATE":1520794199000,"LASTUPDATE":1643921018000}},{"type":"Feature","id":2645,"geometry":{"type":"Point","coordinates":[-89.3719468119399,48.3588771361439]},"properties":{"OBJECTID":2645,"LOC_ID":"NC0099","FDMID":1277,"X_COORD":324300.84552,"Y_COORD":5358906.59697,"BEAT":"S 15","ROT_ANGLE":0,"NODE_ID":10280,"GLOBALID":"7f03ae8b-d000-49f5-a153-9766362bd9cc","CREATEDDATE":1520794199000,"LASTUPDATE":1643921018000}},{"type":"Feature","id":2646,"geometry":{"type":"Point","coordinates":[-89.3103086339357,48.3260485802891]},"properties":{"OBJECTID":2646,"LOC_ID":"NC0592","FDMID":3677,"X_COORD":328769.37493,"Y_COORD":5355118.58775,"BEAT":"S 17","ROT_ANGLE":0,"NODE_ID":4195,"GLOBALID":"c9f95371-e331-41cd-97b3-2186cbc93280","CREATEDDATE":1520794199000,"LASTUPDATE":1643921018000}},{"type":"Feature","id":2647,"geometry":{"type":"Point","coordinates":[-89.3337145323484,48.3399117173225]},"properties":{"OBJECTID":2647,"LOC_ID":"NC0162","FDMID":1339,"X_COORD":327068.5012,"Y_COORD":5356711.76228,"BEAT":"S 15","ROT_ANGLE":0,"NODE_ID":10202,"GLOBALID":"2a2a9f73-025b-4560-b9f9-72d285305257","CREATEDDATE":1520794199000,"LASTUPDATE":1643921018000}},{"type":"Feature","id":2648,"geometry":{"type":"Point","coordinates":[-89.3334433100187,48.3198312297625]},"properties":{"OBJECTID":2648,"LOC_ID":"NC0341","FDMID":1516,"X_COORD":327020.66504,"Y_COORD":5354479.37187,"BEAT":"S 17","ROT_ANGLE":0,"NODE_ID":6301,"GLOBALID":"36fc881a-62e8-42d6-abf8-e4bf609d6ce3","CREATEDDATE":1520794199000,"LASTUPDATE":1643921018000}},{"type":"Feature","id":2649,"geometry":{"type":"Point","coordinates":[-89.3618507736575,48.3222148321404]},"properties":{"OBJECTID":2649,"LOC_ID":"NC0393","FDMID":1568,"X_COORD":324923.09115,"Y_COORD":5354808.76963,"BEAT":"S 16","ROT_ANGLE":0,"NODE_ID":5495,"GLOBALID":"6e877d21-da20-4d1e-85b5-a3b7b53b2e28","CREATEDDATE":1520794199000,"LASTUPDATE":1643921018000}},{"type":"Feature","id":2650,"geometry":{"type":"Point","coordinates":[-89.3429820898519,48.3191695216932]},"properties":{"OBJECTID":2650,"LOC_ID":"NC0515","FDMID":3318,"X_COORD":326311.34434,"Y_COORD":5354427.39287,"BEAT":"S 17","ROT_ANGLE":0,"NODE_ID":6903,"GLOBALID":"03fbc4fd-b653-4427-8385-3e9237f390b7","CREATEDDATE":1520794199000,"LASTUPDATE":1643921018000}},{"type":"Feature","id":2651,"geometry":{"type":"Point","coordinates":[-89.1847908462625,48.4680575017549]},"properties":{"OBJECTID":2651,"LOC_ID":"PC0053","FDMID":1777,"X_COORD":338509.68061,"Y_COORD":5370629.15954,"BEAT":"N 11","ROT_ANGLE":0,"NODE_ID":3698,"GLOBALID":"244b1246-32bd-45c3-a83c-da5fb3e2919f","CREATEDDATE":1520794199000,"LASTUPDATE":1644265830000}},{"type":"Feature","id":2652,"geometry":{"type":"Point","coordinates":[-89.2608235230839,48.4635401172457]},"properties":{"OBJECTID":2652,"LOC_ID":"MC0245","FDMID":3242,"X_COORD":332875.11318,"Y_COORD":5370290.38066,"BEAT":"N 15","ROT_ANGLE":0,"NODE_ID":1671,"GLOBALID":"2d3af402-1bdc-47ed-bbe3-419eea9d418a","CREATEDDATE":1520794199000,"LASTUPDATE":1643921018000}},{"type":"Feature","id":2653,"geometry":{"type":"Point","coordinates":[-89.2137457904794,48.4630293712944]},"properties":{"OBJECTID":2653,"LOC_ID":"PC0257","FDMID":1980,"X_COORD":336353.37008,"Y_COORD":5370131.85035,"BEAT":"N 9","ROT_ANGLE":0,"NODE_ID":1993,"GLOBALID":"da5798c6-e7b8-483f-a189-89d6716db663","CREATEDDATE":1520794199000,"LASTUPDATE":1643921018000}},{"type":"Feature","id":2654,"geometry":{"type":"Point","coordinates":[-89.2374255716146,48.4610257764879]},"properties":{"OBJECTID":2654,"LOC_ID":"MP0003","FDMID":3246,"X_COORD":334596.46793,"Y_COORD":5369960.08101,"BEAT":"N 12","ROT_ANGLE":0,"NODE_ID":10081,"GLOBALID":"f22f3c49-8155-493f-b297-591b792db322","CREATEDDATE":1520794199000,"LASTUPDATE":1643921018000}},{"type":"Feature","id":2655,"geometry":{"type":"Point","coordinates":[-89.2106309963914,48.459721017659]},"properties":{"OBJECTID":2655,"LOC_ID":"PC0757","FDMID":2474,"X_COORD":336572.99145,"Y_COORD":5369757.47826,"BEAT":"N 9","ROT_ANGLE":0,"NODE_ID":1359,"GLOBALID":"0035707d-1b69-482f-92af-fb31d87400c8","CREATEDDATE":1520794199000,"LASTUPDATE":1644267239000}},{"type":"Feature","id":2656,"geometry":{"type":"Point","coordinates":[-89.2663837121559,48.4574672430605]},"properties":{"OBJECTID":2656,"LOC_ID":"MC0147","FDMID":3144,"X_COORD":332444.12438,"Y_COORD":5369627.58002,"BEAT":"N 15","ROT_ANGLE":0,"NODE_ID":2489,"GLOBALID":"4a1b67ac-9466-4ea6-9ae6-d9f622356eaf","CREATEDDATE":1520794199000,"LASTUPDATE":1643921018000}},{"type":"Feature","id":2657,"geometry":{"type":"Point","coordinates":[-89.2515077131715,48.4534529934124]},"properties":{"OBJECTID":2657,"LOC_ID":"MP0009","FDMID":3252,"X_COORD":333530.71817,"Y_COORD":5369148.94782,"BEAT":"N 12","ROT_ANGLE":0,"NODE_ID":881,"GLOBALID":"6e2139af-4271-47eb-aa59-4fbd270d4fb6","CREATEDDATE":1520794199000,"LASTUPDATE":1643921018000}},{"type":"Feature","id":2658,"geometry":{"type":"Point","coordinates":[-89.2155877894096,48.4534242944652]},"properties":{"OBJECTID":2658,"LOC_ID":"PC0206","FDMID":1929,"X_COORD":336186.29987,"Y_COORD":5369068.22411,"BEAT":"N 9","ROT_ANGLE":0,"NODE_ID":6739,"GLOBALID":"4fd7c576-c398-4c80-886c-1db8083f866d","CREATEDDATE":1520794199000,"LASTUPDATE":1643921018000}},{"type":"Feature","id":2659,"geometry":{"type":"Point","coordinates":[-89.2554502379709,48.4519373346569]},"properties":{"OBJECTID":2659,"LOC_ID":"MC0030","FDMID":3028,"X_COORD":333235.16284,"Y_COORD":5368988.99211,"BEAT":"N 13","ROT_ANGLE":0,"NODE_ID":6601,"GLOBALID":"58fdba8a-1a62-49a0-a6d7-bba1f63e589a","CREATEDDATE":1520794199000,"LASTUPDATE":1643921018000}},{"type":"Feature","id":2660,"geometry":{"type":"Point","coordinates":[-89.220065936052,48.4527493114393]},"properties":{"OBJECTID":2660,"LOC_ID":"PC0816","FDMID":2532,"X_COORD":335853.03856,"Y_COORD":5369002.80229,"BEAT":"N 9","ROT_ANGLE":0,"NODE_ID":7326,"GLOBALID":"171150b2-2d50-44b2-89ea-f6b7f8218aad","CREATEDDATE":1520794199000,"LASTUPDATE":1643921019000}},{"type":"Feature","id":2661,"geometry":{"type":"Point","coordinates":[-89.2662625949354,48.4491968547852]},"properties":{"OBJECTID":2661,"LOC_ID":"MC0041","FDMID":3038,"X_COORD":332425.85033,"Y_COORD":5368708.1061,"BEAT":"N 13","ROT_ANGLE":0,"NODE_ID":7538,"GLOBALID":"d3156987-03e7-46f7-900e-5fabfd2ea3ca","CREATEDDATE":1520794199000,"LASTUPDATE":1643921019000}},{"type":"Feature","id":2662,"geometry":{"type":"Point","coordinates":[-89.2078578353417,48.4481771178094]},"properties":{"OBJECTID":2662,"LOC_ID":"PC0980","FDMID":2694,"X_COORD":336740.97917,"Y_COORD":5368468.50878,"BEAT":"N 10","ROT_ANGLE":0,"NODE_ID":5899,"GLOBALID":"dcd02992-8079-4867-b642-323a43c5489f","CREATEDDATE":1520794199000,"LASTUPDATE":1643921019000}},{"type":"Feature","id":2663,"geometry":{"type":"Point","coordinates":[-89.2243026604022,48.4476007126293]},"properties":{"OBJECTID":2663,"LOC_ID":"PC0383","FDMID":2106,"X_COORD":335523.17001,"Y_COORD":5368439.66194,"BEAT":"N 9","ROT_ANGLE":0,"NODE_ID":4529,"GLOBALID":"adc12cc7-aa2b-4204-91a6-1090259c68c3","CREATEDDATE":1520794199000,"LASTUPDATE":1643921019000}},{"type":"Feature","id":2664,"geometry":{"type":"Point","coordinates":[-89.2119210092721,48.4443975883884]},"properties":{"OBJECTID":2664,"LOC_ID":"PC0098","FDMID":1821,"X_COORD":336428.41033,"Y_COORD":5368057.11166,"BEAT":"N 10","ROT_ANGLE":0,"NODE_ID":6839,"GLOBALID":"6c74dcf1-b71e-45d4-a992-690b43775b7f","CREATEDDATE":1520794199000,"LASTUPDATE":1643921019000}},{"type":"Feature","id":2665,"geometry":{"type":"Point","coordinates":[-89.2397703782511,48.4439589647521]},"properties":{"OBJECTID":2665,"LOC_ID":"PC0368","FDMID":2091,"X_COORD":334367.61468,"Y_COORD":5368068.27198,"BEAT":"N 5","ROT_ANGLE":0,"NODE_ID":4014,"GLOBALID":"7c4ebb30-9387-46c3-9d2c-ebd8cec01bec","CREATEDDATE":1520794199000,"LASTUPDATE":1643921019000}},{"type":"Feature","id":2666,"geometry":{"type":"Point","coordinates":[-89.2382867432881,48.4402570786046]},"properties":{"OBJECTID":2666,"LOC_ID":"PP0221","FDMID":0,"X_COORD":334465.29481,"Y_COORD":5367653.61368,"BEAT":null,"ROT_ANGLE":0,"NODE_ID":2663,"GLOBALID":"4128d4a1-fec2-409f-aa76-17af4234c500","CREATEDDATE":1520794199000,"LASTUPDATE":1643921019000}},{"type":"Feature","id":2667,"geometry":{"type":"Point","coordinates":[-89.2199118950613,48.4397130465055]},"properties":{"OBJECTID":2667,"LOC_ID":"PC0303","FDMID":2026,"X_COORD":335826.35849,"Y_COORD":5367550.53886,"BEAT":"N7","ROT_ANGLE":0,"NODE_ID":10266,"GLOBALID":"cdbc66e0-eda9-4a71-a8f3-7b447c25a7d0","CREATEDDATE":1520794199000,"LASTUPDATE":1643921019000}},{"type":"Feature","id":2668,"geometry":{"type":"Point","coordinates":[-89.2173377666561,48.438772654533]},"properties":{"OBJECTID":2668,"LOC_ID":"PC0393","FDMID":2116,"X_COORD":336009.75689,"Y_COORD":5367443.51729,"BEAT":"N7","ROT_ANGLE":0,"NODE_ID":4534,"GLOBALID":"6082b420-420b-4ab1-9962-768805cb3942","CREATEDDATE":1520794199000,"LASTUPDATE":1643921019000}},{"type":"Feature","id":2669,"geometry":{"type":"Point","coordinates":[-89.2303269490949,48.4373917464857]},"properties":{"OBJECTID":2669,"LOC_ID":"PC0469","FDMID":2191,"X_COORD":335044.66761,"Y_COORD":5367317.95109,"BEAT":"N 6","ROT_ANGLE":0,"NODE_ID":4973,"GLOBALID":"1e29597b-4968-494c-904f-cfa3fa6271a0","CREATEDDATE":1520794199000,"LASTUPDATE":1643921019000}},{"type":"Feature","id":2670,"geometry":{"type":"Point","coordinates":[-89.2614340693648,48.4371316189988]},"properties":{"OBJECTID":2670,"LOC_ID":"PC0941","FDMID":2657,"X_COORD":332743.23247,"Y_COORD":5367356.56459,"BEAT":"N 4","ROT_ANGLE":55,"NODE_ID":3952,"GLOBALID":"8227b9be-8ed5-4d90-a3d7-f77acca53b61","CREATEDDATE":1520794199000,"LASTUPDATE":1643921019000}},{"type":"Feature","id":2671,"geometry":{"type":"Point","coordinates":[-89.2496528460976,48.4350036790026]},"properties":{"OBJECTID":2671,"LOC_ID":"PC0641","FDMID":2360,"X_COORD":333609.98447,"Y_COORD":5367092.65521,"BEAT":"N 5","ROT_ANGLE":0,"NODE_ID":8934,"GLOBALID":"af7879b3-841a-4bac-b010-8be94f24055b","CREATEDDATE":1520794199000,"LASTUPDATE":1643921019000}},{"type":"Feature","id":2672,"geometry":{"type":"Point","coordinates":[-89.264723256476,48.4329757880973]},"properties":{"OBJECTID":2672,"LOC_ID":"PC1163","FDMID":3346,"X_COORD":332486.31318,"Y_COORD":5366901.85585,"BEAT":"N 4","ROT_ANGLE":0,"NODE_ID":446,"GLOBALID":"530d18e7-b34f-4c91-a8e3-754a03f31d3d","CREATEDDATE":1520794199000,"LASTUPDATE":1643921019000}},{"type":"Feature","id":2673,"geometry":{"type":"Point","coordinates":[-89.2292142382972,48.4316323947019]},"properties":{"OBJECTID":2673,"LOC_ID":"PC0560","FDMID":2280,"X_COORD":335108.32585,"Y_COORD":5366675.42027,"BEAT":"N7","ROT_ANGLE":0,"NODE_ID":4972,"GLOBALID":"f5d69357-d71c-4e77-a1e4-91dc1e18f600","CREATEDDATE":1520794199000,"LASTUPDATE":1644362331000}},{"type":"Feature","id":2674,"geometry":{"type":"Point","coordinates":[-89.2505106585472,48.4230696334298]},"properties":{"OBJECTID":2674,"LOC_ID":"PP0073","FDMID":2940,"X_COORD":333505.15452,"Y_COORD":5365769.82104,"BEAT":"N 3","ROT_ANGLE":0,"NODE_ID":2917,"GLOBALID":"9daff2d1-100e-4829-b624-fcb903edb8ea","CREATEDDATE":1520794199000,"LASTUPDATE":1643921019000}},{"type":"Feature","id":2675,"geometry":{"type":"Point","coordinates":[-89.2236155320195,48.4197637018257]},"properties":{"OBJECTID":2675,"LOC_ID":"PP0085","FDMID":3307,"X_COORD":335484.10876,"Y_COORD":5365344.23921,"BEAT":"N 14","ROT_ANGLE":0,"NODE_ID":3270,"GLOBALID":"d1f2e84d-a163-4635-9fda-8eadad869b82","CREATEDDATE":1520794199000,"LASTUPDATE":1643921019000}},{"type":"Feature","id":2676,"geometry":{"type":"Point","coordinates":[-89.2590492241873,48.4211934366]},"properties":{"OBJECTID":2676,"LOC_ID":"PP0204","FDMID":3573,"X_COORD":332867.33871,"Y_COORD":5365579.90283,"BEAT":"N 1","ROT_ANGLE":0,"NODE_ID":5706,"GLOBALID":"052a7c9b-47b1-41e4-9384-91cb80201723","CREATEDDATE":1520794199000,"LASTUPDATE":1643921019000}},{"type":"Feature","id":2677,"geometry":{"type":"Point","coordinates":[-89.2495798673395,48.4189876026887]},"properties":{"OBJECTID":2677,"LOC_ID":"PP0077","FDMID":2944,"X_COORD":333560.68092,"Y_COORD":5365314.10571,"BEAT":"N 3","ROT_ANGLE":0,"NODE_ID":8592,"GLOBALID":"7664811e-b11b-4401-b9b0-bfc309d47b86","CREATEDDATE":1520794199000,"LASTUPDATE":1643921019000}},{"type":"Feature","id":2678,"geometry":{"type":"Point","coordinates":[-89.2937685653859,48.4164638156639]},"properties":{"OBJECTID":2678,"LOC_ID":"MC0223","FDMID":3220,"X_COORD":330283.07862,"Y_COORD":5365130.60772,"BEAT":"N 1","ROT_ANGLE":0,"NODE_ID":7924,"GLOBALID":"6d112b1e-7d7b-4632-b002-12e3e0e20d5c","CREATEDDATE":1520794199000,"LASTUPDATE":1643921019000}},{"type":"Feature","id":2679,"geometry":{"type":"Point","coordinates":[-89.2585678736411,48.415153191677]},"properties":{"OBJECTID":2679,"LOC_ID":"PC1037","FDMID":2751,"X_COORD":332883.14441,"Y_COORD":5364907.52164,"BEAT":"N 1","ROT_ANGLE":0,"NODE_ID":9739,"GLOBALID":"438313fa-81a4-4ccc-8c0b-c5c906b14e0a","CREATEDDATE":1520794199000,"LASTUPDATE":1643921019000}},{"type":"Feature","id":2680,"geometry":{"type":"Point","coordinates":[-89.239633946182,48.4143316161038]},"properties":{"OBJECTID":2680,"LOC_ID":"PC0711","FDMID":2430,"X_COORD":334281.37571,"Y_COORD":5364775.04011,"BEAT":"N 2","ROT_ANGLE":0,"NODE_ID":9550,"GLOBALID":"87f47fb2-54ea-4b32-87ac-61da5310125c","CREATEDDATE":1520794199000,"LASTUPDATE":1644351273000}},{"type":"Feature","id":2681,"geometry":{"type":"Point","coordinates":[-89.2705637461005,48.4124110540121]},"properties":{"OBJECTID":2681,"LOC_ID":"PC1047","FDMID":2761,"X_COORD":331986.54947,"Y_COORD":5364629.00516,"BEAT":"N 1","ROT_ANGLE":0,"NODE_ID":10255,"GLOBALID":"c30d4d22-9dcd-43e0-bc06-63f3077236e0","CREATEDDATE":1520794199000,"LASTUPDATE":1643921019000}},{"type":"Feature","id":2682,"geometry":{"type":"Point","coordinates":[-89.2277759336421,48.406547612988]},"properties":{"OBJECTID":2682,"LOC_ID":"PC1077","FDMID":2791,"X_COORD":335133.57001,"Y_COORD":5363884.2986,"BEAT":"N 14","ROT_ANGLE":0,"NODE_ID":2353,"GLOBALID":"4774270e-79fc-4bd7-b9d3-1ba47936e280","CREATEDDATE":1520794199000,"LASTUPDATE":1643921019000}},{"type":"Feature","id":2683,"geometry":{"type":"Point","coordinates":[-89.2805438668048,48.4073827382108]},"properties":{"OBJECTID":2683,"LOC_ID":"PC0689","FDMID":3513,"X_COORD":331231.45212,"Y_COORD":5364092.09073,"BEAT":"N 1","ROT_ANGLE":0,"NODE_ID":3707,"GLOBALID":"c46cded5-ca41-4a3b-9bb1-200e4cf0ccfc","CREATEDDATE":1520794199000,"LASTUPDATE":1643921019000}},{"type":"Feature","id":2684,"geometry":{"type":"Point","coordinates":[-89.2780997559044,48.3999024823142]},"properties":{"OBJECTID":2684,"LOC_ID":"FC1071","FDMID":1062,"X_COORD":331383.7839,"Y_COORD":5363254.90161,"BEAT":"S 1","ROT_ANGLE":0,"NODE_ID":8449,"GLOBALID":"163bf04a-1360-4aba-bd90-2a9d87d65029","CREATEDDATE":1520794199000,"LASTUPDATE":1643921019000}},{"type":"Feature","id":2685,"geometry":{"type":"Point","coordinates":[-89.2387950008776,48.3977477104133]},"properties":{"OBJECTID":2685,"LOC_ID":"FC0693","FDMID":684,"X_COORD":334289.5462,"Y_COORD":5362930.03659,"BEAT":"S 11","ROT_ANGLE":337,"NODE_ID":6604,"GLOBALID":"7d8d0a9a-18d7-43b3-b346-e6459911e28d","CREATEDDATE":1520794199000,"LASTUPDATE":1643921019000}},{"type":"Feature","id":2686,"geometry":{"type":"Point","coordinates":[-89.2416418593324,48.3966335852631]},"properties":{"OBJECTID":2686,"LOC_ID":"FC0580","FDMID":572,"X_COORD":334071.4575,"Y_COORD":5362810.25726,"BEAT":"S 11","ROT_ANGLE":0,"NODE_ID":8271,"GLOBALID":"bd40e021-297f-4612-8712-fd72970238f2","CREATEDDATE":1520794199000,"LASTUPDATE":1685143412000}},{"type":"Feature","id":2687,"geometry":{"type":"Point","coordinates":[-89.2920664085267,48.3910200535098]},"properties":{"OBJECTID":2687,"LOC_ID":"FC1039","FDMID":1030,"X_COORD":330324.36169,"Y_COORD":5362298.9715,"BEAT":"S 1","ROT_ANGLE":0,"NODE_ID":10379,"GLOBALID":"303a1843-c2d9-4333-809c-ca501ad07037","CREATEDDATE":1520794199000,"LASTUPDATE":1643921019000}},{"type":"Feature","id":2688,"geometry":{"type":"Point","coordinates":[-89.341935145715,48.3888686809687]},"properties":{"OBJECTID":2688,"LOC_ID":"NC0036","FDMID":1214,"X_COORD":326625.64424,"Y_COORD":5362171.56516,"BEAT":"S 13","ROT_ANGLE":0,"NODE_ID":7943,"GLOBALID":"6761ef08-6093-4b25-be86-1dd52e1e7c68","CREATEDDATE":1520794199000,"LASTUPDATE":1643921019000}},{"type":"Feature","id":2689,"geometry":{"type":"Point","coordinates":[-89.2587282722781,48.3900959432145]},"properties":{"OBJECTID":2689,"LOC_ID":"FC1147","FDMID":1136,"X_COORD":332789.14403,"Y_COORD":5362122.93438,"BEAT":"S 9","ROT_ANGLE":0,"NODE_ID":4350,"GLOBALID":"3e279648-1476-45f5-83ad-10bbad3b0519","CREATEDDATE":1520794199000,"LASTUPDATE":1643921019000}},{"type":"Feature","id":2690,"geometry":{"type":"Point","coordinates":[-89.275339392501,48.3891761951677]},"properties":{"OBJECTID":2690,"LOC_ID":"FC0819","FDMID":810,"X_COORD":331556.46281,"Y_COORD":5362057.10961,"BEAT":"S 4","ROT_ANGLE":0,"NODE_ID":5861,"GLOBALID":"acaa51ca-5bec-404c-b290-52f158625d30","CREATEDDATE":1520794199000,"LASTUPDATE":1643921019000}},{"type":"Feature","id":2691,"geometry":{"type":"Point","coordinates":[-89.2523981994366,48.3854921781786]},"properties":{"OBJECTID":2691,"LOC_ID":"FC0502","FDMID":494,"X_COORD":333246.03823,"Y_COORD":5361596.10404,"BEAT":"S 10","ROT_ANGLE":0,"NODE_ID":180,"GLOBALID":"89a4b647-344a-4556-a7a0-29e759187154","CREATEDDATE":1520794199000,"LASTUPDATE":1670031319000}},{"type":"Feature","id":2692,"geometry":{"type":"Point","coordinates":[-89.2982678690121,48.385505724132]},"properties":{"OBJECTID":2692,"LOC_ID":"FC1094","FDMID":1085,"X_COORD":329846.93756,"Y_COORD":5361699.84036,"BEAT":"S 1","ROT_ANGLE":0,"NODE_ID":3684,"GLOBALID":"7570ae6e-7e6e-4de6-825e-04d0cb2dcbdc","CREATEDDATE":1520794199000,"LASTUPDATE":1643921020000}},{"type":"Feature","id":2693,"geometry":{"type":"Point","coordinates":[-89.2987206746382,48.3823824013181]},"properties":{"OBJECTID":2693,"LOC_ID":"FC0835","FDMID":826,"X_COORD":329803.00233,"Y_COORD":5361353.70737,"BEAT":"S 2","ROT_ANGLE":0,"NODE_ID":1408,"GLOBALID":"114bcb9e-6a4b-4bb2-9aae-477b9349b962","CREATEDDATE":1520794199000,"LASTUPDATE":1643921020000}},{"type":"Feature","id":2694,"geometry":{"type":"Point","coordinates":[-89.333283427175,48.3817617501984]},"properties":{"OBJECTID":2694,"LOC_ID":"NC0017","FDMID":1195,"X_COORD":327242.03157,"Y_COORD":5361362.12081,"BEAT":"S 13","ROT_ANGLE":0,"NODE_ID":9613,"GLOBALID":"c7e16c83-5eb3-48f1-80b1-dd56c9cb3429","CREATEDDATE":1520794199000,"LASTUPDATE":1643921020000}},{"type":"Feature","id":2695,"geometry":{"type":"Point","coordinates":[-89.2565108792022,48.3817887641137]},"properties":{"OBJECTID":2695,"LOC_ID":"FC0259","FDMID":254,"X_COORD":332926.07279,"Y_COORD":5361194.79742,"BEAT":"S 10","ROT_ANGLE":0,"NODE_ID":4347,"GLOBALID":"c01bd424-d89a-4901-8927-37be8f2c8aa7","CREATEDDATE":1520794199000,"LASTUPDATE":1643921020000}},{"type":"Feature","id":2696,"geometry":{"type":"Point","coordinates":[-89.2730905275035,48.3782375952459]},"properties":{"OBJECTID":2696,"LOC_ID":"FC0246","FDMID":241,"X_COORD":331686.86358,"Y_COORD":5360836.41073,"BEAT":"S 7","ROT_ANGLE":0,"NODE_ID":3690,"GLOBALID":"097bb3f0-8095-49fb-bc2e-5e0a07fd97b2","CREATEDDATE":1520794199000,"LASTUPDATE":1644007839000}},{"type":"Feature","id":2697,"geometry":{"type":"Point","coordinates":[-89.2974985015513,48.3724194430448]},"properties":{"OBJECTID":2697,"LOC_ID":"FC1030","FDMID":1021,"X_COORD":329860.28207,"Y_COORD":5360243.6842,"BEAT":"S 2","ROT_ANGLE":0,"NODE_ID":2324,"GLOBALID":"81785ab9-9c46-4859-bde3-9a5727cfc1f4","CREATEDDATE":1520794199000,"LASTUPDATE":1643921020000}},{"type":"Feature","id":2698,"geometry":{"type":"Point","coordinates":[-89.2935005919876,48.3693121388802]},"properties":{"OBJECTID":2698,"LOC_ID":"FC0087","FDMID":80,"X_COORD":330145.9942,"Y_COORD":5359889.45777,"BEAT":"S 2","ROT_ANGLE":0,"NODE_ID":160,"GLOBALID":"ff37daff-fab6-40d8-bc5a-bc87f614713c","CREATEDDATE":1520794199000,"LASTUPDATE":1643921020000}},{"type":"Feature","id":2699,"geometry":{"type":"Point","coordinates":[-89.2989277025065,48.3692840864677]},"properties":{"OBJECTID":2699,"LOC_ID":"FC0596","FDMID":588,"X_COORD":329743.99356,"Y_COORD":5359898.38551,"BEAT":"S 2","ROT_ANGLE":0,"NODE_ID":2391,"GLOBALID":"32ceb6e8-cc72-4792-be7f-2cfd03924aa1","CREATEDDATE":1520794199000,"LASTUPDATE":1644003734000}},{"type":"Feature","id":2700,"geometry":{"type":"Point","coordinates":[-89.2860769655701,48.3693355872783]},"properties":{"OBJECTID":2700,"LOC_ID":"FC0484","FDMID":476,"X_COORD":330695.82204,"Y_COORD":5359875.63198,"BEAT":"S 6","ROT_ANGLE":0,"NODE_ID":1250,"GLOBALID":"e298ce75-cd7f-4747-8dc8-1c6f12331465","CREATEDDATE":1520794199000,"LASTUPDATE":1643921020000}},{"type":"Feature","id":2701,"geometry":{"type":"Point","coordinates":[-89.301660456605,48.3671182497111]},"properties":{"OBJECTID":2701,"LOC_ID":"FC0303","FDMID":298,"X_COORD":329534.3869,"Y_COORD":5359663.74231,"BEAT":"S 3","ROT_ANGLE":0,"NODE_ID":5211,"GLOBALID":"17bd78db-1210-4474-a65f-46141154faf0","CREATEDDATE":1520794199000,"LASTUPDATE":1643921020000}},{"type":"Feature","id":2702,"geometry":{"type":"Point","coordinates":[-89.2801528124187,48.36717793868]},"properties":{"OBJECTID":2702,"LOC_ID":"FC0514","FDMID":0,"X_COORD":331127.39273,"Y_COORD":5359622.75287,"BEAT":"S 6","ROT_ANGLE":0,"NODE_ID":5841,"GLOBALID":"229d469f-715a-4d88-a115-3d6fd28433c2","CREATEDDATE":1520794199000,"LASTUPDATE":1643921020000}},{"type":"Feature","id":2703,"geometry":{"type":"Point","coordinates":[-89.2924998056754,48.3650081705452]},"properties":{"OBJECTID":2703,"LOC_ID":"FC0294","FDMID":289,"X_COORD":330205.79836,"Y_COORD":5359408.88407,"BEAT":"S 3","ROT_ANGLE":0,"NODE_ID":2385,"GLOBALID":"679ff400-cd95-45b0-8172-4d77bef35c62","CREATEDDATE":1520794199000,"LASTUPDATE":1643921020000}},{"type":"Feature","id":2704,"geometry":{"type":"Point","coordinates":[-89.2962497915947,48.3601712240998]},"properties":{"OBJECTID":2704,"LOC_ID":"FC0371","FDMID":366,"X_COORD":329911.96412,"Y_COORD":5358879.60817,"BEAT":"S 3","ROT_ANGLE":0,"NODE_ID":5617,"GLOBALID":"4eb3b897-15dc-4d5c-a4be-0081336060fc","CREATEDDATE":1520794199000,"LASTUPDATE":1643921020000}},{"type":"Feature","id":2705,"geometry":{"type":"Point","coordinates":[-89.3457650965468,48.3608223839564]},"properties":{"OBJECTID":2705,"LOC_ID":"NC0209","FDMID":1386,"X_COORD":326252.42773,"Y_COORD":5359064.06487,"BEAT":"S 15","ROT_ANGLE":0,"NODE_ID":2851,"GLOBALID":"9236140d-e469-48cb-bb3f-9b2a514cb509","CREATEDDATE":1520794199000,"LASTUPDATE":1643921020000}},{"type":"Feature","id":2706,"geometry":{"type":"Point","coordinates":[-89.3333917155785,48.3569381194308]},"properties":{"OBJECTID":2706,"LOC_ID":"NC0131","FDMID":1309,"X_COORD":327150.01621,"Y_COORD":5358603.39389,"BEAT":"S 15","ROT_ANGLE":0,"NODE_ID":2380,"GLOBALID":"f8a4da76-1522-4092-9f50-57e1e391f029","CREATEDDATE":1520794199000,"LASTUPDATE":1643921020000}},{"type":"Feature","id":2707,"geometry":{"type":"Point","coordinates":[-89.3061145996229,48.3360668304464]},"properties":{"OBJECTID":2707,"LOC_ID":"NC0598","FDMID":3663,"X_COORD":329100.72597,"Y_COORD":5356222.52759,"BEAT":"S 17","ROT_ANGLE":0,"NODE_ID":5999,"GLOBALID":"9de80c75-4cbc-4dd3-83cb-5a9494570468","CREATEDDATE":1520794199000,"LASTUPDATE":1643921020000}},{"type":"Feature","id":2708,"geometry":{"type":"Point","coordinates":[-89.3286852660992,48.3283423495701]},"properties":{"OBJECTID":2708,"LOC_ID":"NC0561","FDMID":3539,"X_COORD":327402.09429,"Y_COORD":5355414.58775,"BEAT":"S 17","ROT_ANGLE":0,"NODE_ID":2305,"GLOBALID":"2092b8ea-5e04-4c2c-9679-191e09e2c58f","CREATEDDATE":1520794199000,"LASTUPDATE":1643921020000}},{"type":"Feature","id":2709,"geometry":{"type":"Point","coordinates":[-89.3334018153502,48.3250435343554]},"properties":{"OBJECTID":2709,"LOC_ID":"NC0337","FDMID":1512,"X_COORD":327041.37212,"Y_COORD":5355058.58186,"BEAT":"S 17","ROT_ANGLE":0,"NODE_ID":471,"GLOBALID":"bed5d35f-61a3-44ee-ab18-0e5a7e06349f","CREATEDDATE":1520794199000,"LASTUPDATE":1643921020000}},{"type":"Feature","id":2710,"geometry":{"type":"Point","coordinates":[-89.3400942997081,48.3220942070123]},"properties":{"OBJECTID":2710,"LOC_ID":"NC0518","FDMID":3321,"X_COORD":326535.32898,"Y_COORD":5354745.90909,"BEAT":"S 17","ROT_ANGLE":0,"NODE_ID":10313,"GLOBALID":"6a584526-7f52-4d7c-95d8-835631d8d9f7","CREATEDDATE":1520794199000,"LASTUPDATE":1643921020000}},{"type":"Feature","id":2711,"geometry":{"type":"Point","coordinates":[-89.1822182809702,48.4796510786834]},"properties":{"OBJECTID":2711,"LOC_ID":"PC0892","FDMID":3524,"X_COORD":338736.58058,"Y_COORD":5371912.32063,"BEAT":"N 11","ROT_ANGLE":0,"NODE_ID":3536,"GLOBALID":"2c5c2906-227f-4ab0-9017-f326ffd6f8d8","CREATEDDATE":1520794199000,"LASTUPDATE":1643921020000}},{"type":"Feature","id":2712,"geometry":{"type":"Point","coordinates":[-89.1593340316554,48.4726624495653]},"properties":{"OBJECTID":2712,"LOC_ID":"PP0001","FDMID":2872,"X_COORD":340405.67549,"Y_COORD":5371087.57234,"BEAT":"N 14","ROT_ANGLE":0,"NODE_ID":10004,"GLOBALID":"b429c9e2-cc30-4e7b-853c-411a0d8bac2a","CREATEDDATE":1520794199000,"LASTUPDATE":1643921020000}},{"type":"Feature","id":2713,"geometry":{"type":"Point","coordinates":[-89.2119255979835,48.4622993240623]},"properties":{"OBJECTID":2713,"LOC_ID":"PC0283","FDMID":2006,"X_COORD":336485.57257,"Y_COORD":5370046.81458,"BEAT":"N 9","ROT_ANGLE":0,"NODE_ID":4780,"GLOBALID":"585c3a88-8771-4087-a12a-1c230744ebdf","CREATEDDATE":1520794199000,"LASTUPDATE":1644278012000}},{"type":"Feature","id":2714,"geometry":{"type":"Point","coordinates":[-89.1905281006902,48.4625258950603]},"properties":{"OBJECTID":2714,"LOC_ID":"PC0033","FDMID":1757,"X_COORD":338068.01225,"Y_COORD":5370026.48178,"BEAT":"N 11","ROT_ANGLE":0,"NODE_ID":10168,"GLOBALID":"0a5d24b7-49a9-4df7-81a3-d3a8ba96031d","CREATEDDATE":1520794199000,"LASTUPDATE":1643921020000}},{"type":"Feature","id":2715,"geometry":{"type":"Point","coordinates":[-89.2339603147412,48.4620780693804]},"properties":{"OBJECTID":2715,"LOC_ID":"MP0015","FDMID":3258,"X_COORD":334856.04374,"Y_COORD":5370069.5548,"BEAT":"N 12","ROT_ANGLE":0,"NODE_ID":2785,"GLOBALID":"cf6ff1f0-2418-4f1d-8f9f-ed1d28c15224","CREATEDDATE":1520794199000,"LASTUPDATE":1643921020000}},{"type":"Feature","id":2716,"geometry":{"type":"Point","coordinates":[-89.2443091463197,48.4607882454965]},"properties":{"OBJECTID":2716,"LOC_ID":"MC0097","FDMID":3094,"X_COORD":334086.84464,"Y_COORD":5369948.58072,"BEAT":"N 12","ROT_ANGLE":0,"NODE_ID":7082,"GLOBALID":"62af17c3-ad19-402c-8731-7d4022855934","CREATEDDATE":1520794199000,"LASTUPDATE":1643921020000}},{"type":"Feature","id":2717,"geometry":{"type":"Point","coordinates":[-89.185081739617,48.4606955108702]},"properties":{"OBJECTID":2717,"LOC_ID":"PC0019","FDMID":1743,"X_COORD":338464.79869,"Y_COORD":5369811.526,"BEAT":"N 11","ROT_ANGLE":0,"NODE_ID":5128,"GLOBALID":"c2a0bb57-0ed9-4de6-a81c-d5b46756edb7","CREATEDDATE":1520794199000,"LASTUPDATE":1644266277000}},{"type":"Feature","id":2718,"geometry":{"type":"Point","coordinates":[-89.1992942568135,48.452645750598]},"properties":{"OBJECTID":2718,"LOC_ID":"PC1179","FDMID":3382,"X_COORD":337388.45027,"Y_COORD":5368946.94334,"BEAT":"N 10","ROT_ANGLE":0,"NODE_ID":1081,"GLOBALID":"dffbe323-0f83-4afc-8a3a-4f2006fb05e2","CREATEDDATE":1520794199000,"LASTUPDATE":1643921021000}},{"type":"Feature","id":2719,"geometry":{"type":"Point","coordinates":[-89.2391267570016,48.4524725663189]},"properties":{"OBJECTID":2719,"LOC_ID":"PC0885","FDMID":2601,"X_COORD":334442.8943,"Y_COORD":5369013.12062,"BEAT":"N 8","ROT_ANGLE":0,"NODE_ID":7545,"GLOBALID":"8694ee93-9019-47a4-bfe3-393c0591f22e","CREATEDDATE":1520794199000,"LASTUPDATE":1644350592000}},{"type":"Feature","id":2720,"geometry":{"type":"Point","coordinates":[-89.2641122079225,48.4479424290919]},"properties":{"OBJECTID":2720,"LOC_ID":"MC0023","FDMID":3021,"X_COORD":332580.71702,"Y_COORD":5368563.97707,"BEAT":"N 13","ROT_ANGLE":0,"NODE_ID":3409,"GLOBALID":"baa3af3c-13e0-4fff-a5aa-f1125b7f1fe1","CREATEDDATE":1520794199000,"LASTUPDATE":1643921021000}},{"type":"Feature","id":2721,"geometry":{"type":"Point","coordinates":[-89.2058775461267,48.4459815259174]},"properties":{"OBJECTID":2721,"LOC_ID":"PC0148","FDMID":1871,"X_COORD":336880.37193,"Y_COORD":5368220.25918,"BEAT":"N 10","ROT_ANGLE":0,"NODE_ID":8602,"GLOBALID":"c814f150-959d-4667-85e8-fb333c7b635e","CREATEDDATE":1520794199000,"LASTUPDATE":1644365235000}},{"type":"Feature","id":2722,"geometry":{"type":"Point","coordinates":[-89.2001885635646,48.4459553931074]},"properties":{"OBJECTID":2722,"LOC_ID":"PC0157","FDMID":1880,"X_COORD":337300.9528,"Y_COORD":5368205.24478,"BEAT":"N 10","ROT_ANGLE":0,"NODE_ID":918,"GLOBALID":"cfb91d5a-ff62-493c-9d18-43d5336ba4b9","CREATEDDATE":1520794199000,"LASTUPDATE":1643921021000}},{"type":"Feature","id":2723,"geometry":{"type":"Point","coordinates":[-89.2129686855272,48.4450610654272]},"properties":{"OBJECTID":2723,"LOC_ID":"PC0099","FDMID":1822,"X_COORD":336348.73059,"Y_COORD":5368137.48466,"BEAT":"N 10","ROT_ANGLE":0,"NODE_ID":3006,"GLOBALID":"9e982283-a734-4866-b196-dc951b349d34","CREATEDDATE":1520794199000,"LASTUPDATE":1643921021000}},{"type":"Feature","id":2724,"geometry":{"type":"Point","coordinates":[-89.2036871114995,48.4444218052017]},"properties":{"OBJECTID":2724,"LOC_ID":"PC0146","FDMID":1869,"X_COORD":337037.35037,"Y_COORD":5368042.23858,"BEAT":"N 10","ROT_ANGLE":0,"NODE_ID":5077,"GLOBALID":"f31f41f2-51f4-4ba0-9806-c0a2bce6ba92","CREATEDDATE":1520794199000,"LASTUPDATE":1644365211000}},{"type":"Feature","id":2725,"geometry":{"type":"Point","coordinates":[-89.2168112334256,48.4433825980712]},"properties":{"OBJECTID":2725,"LOC_ID":"PC0201","FDMID":1924,"X_COORD":336063.53277,"Y_COORD":5367954.76338,"BEAT":"N 10","ROT_ANGLE":0,"NODE_ID":8224,"GLOBALID":"7523c27f-4667-45e1-b029-aab647b8ce9b","CREATEDDATE":1520794199000,"LASTUPDATE":1643921021000}},{"type":"Feature","id":2726,"geometry":{"type":"Point","coordinates":[-89.2245802686899,48.4421403229292]},"properties":{"OBJECTID":2726,"LOC_ID":"PC0319","FDMID":2042,"X_COORD":335465.52265,"Y_COORD":5367827.18731,"BEAT":"N 6","ROT_ANGLE":0,"NODE_ID":10041,"GLOBALID":"e63426db-d2a2-4dd6-813a-e62498ed2ab3","CREATEDDATE":1520794199000,"LASTUPDATE":1643921021000}},{"type":"Feature","id":2727,"geometry":{"type":"Point","coordinates":[-89.2585101319173,48.4414322048245]},"properties":{"OBJECTID":2727,"LOC_ID":"PC1005","FDMID":2719,"X_COORD":332973.58051,"Y_COORD":5367828.1683,"BEAT":"N 4","ROT_ANGLE":0,"NODE_ID":10463,"GLOBALID":"0592bdeb-8a41-41cf-a2fb-285347867d2b","CREATEDDATE":1520794199000,"LASTUPDATE":1643921021000}},{"type":"Feature","id":2728,"geometry":{"type":"Point","coordinates":[-89.2386762334452,48.4414509745039]},"properties":{"OBJECTID":2728,"LOC_ID":"PC1229","FDMID":2242,"X_COORD":334440.36963,"Y_COORD":5367787.15454,"BEAT":"N 5","ROT_ANGLE":31.4,"NODE_ID":8009,"GLOBALID":"13d19b42-2fe5-4d38-b777-df5b43dad336","CREATEDDATE":1520794199000,"LASTUPDATE":1643921021000}},{"type":"Feature","id":2729,"geometry":{"type":"Point","coordinates":[-89.221118867267,48.4383467835726]},"properties":{"OBJECTID":2729,"LOC_ID":"PC0304","FDMID":2027,"X_COORD":335728.75056,"Y_COORD":5367404.29195,"BEAT":"N7","ROT_ANGLE":0,"NODE_ID":2673,"GLOBALID":"5423a82f-e148-467d-91c6-c8f18a4e0dd1","CREATEDDATE":1520794199000,"LASTUPDATE":1643921021000}},{"type":"Feature","id":2730,"geometry":{"type":"Point","coordinates":[-89.2401499324129,48.4377311199316]},"properties":{"OBJECTID":2730,"LOC_ID":"PC0821","FDMID":2537,"X_COORD":334319.29776,"Y_COORD":5367376.89125,"BEAT":"N 5","ROT_ANGLE":0,"NODE_ID":9745,"GLOBALID":"dd1f7f4d-a738-4c1b-9405-c9baaee0c14c","CREATEDDATE":1520794199000,"LASTUPDATE":1643921021000}},{"type":"Feature","id":2731,"geometry":{"type":"Point","coordinates":[-89.2166595409046,48.4342155726666]},"properties":{"OBJECTID":2731,"LOC_ID":"PC0412","FDMID":3309,"X_COORD":335993.54723,"Y_COORD":5366916.9724,"BEAT":"N 14","ROT_ANGLE":0,"NODE_ID":1785,"GLOBALID":"a243e05b-c3ce-4f8f-8460-b1182d81a053","CREATEDDATE":1520794199000,"LASTUPDATE":1644364150000}},{"type":"Feature","id":2732,"geometry":{"type":"Point","coordinates":[-89.2391293198827,48.4317543461878]},"properties":{"OBJECTID":2732,"LOC_ID":"PC0492","FDMID":2214,"X_COORD":334375.35587,"Y_COORD":5366710.38424,"BEAT":"N 6","ROT_ANGLE":0,"NODE_ID":9157,"GLOBALID":"b4c3151b-6b36-4a4d-b853-2b37a9034e2b","CREATEDDATE":1520794199000,"LASTUPDATE":1643921021000}},{"type":"Feature","id":2733,"geometry":{"type":"Point","coordinates":[-89.2368560504507,48.4293870060991]},"properties":{"OBJECTID":2733,"LOC_ID":"PC0573","FDMID":2293,"X_COORD":334542.124,"Y_COORD":5366440.20773,"BEAT":"N 6","ROT_ANGLE":0,"NODE_ID":3272,"GLOBALID":"05bc37d3-5e43-417c-ad85-9b4a8e8553ad","CREATEDDATE":1520794199000,"LASTUPDATE":1644362000000}},{"type":"Feature","id":2734,"geometry":{"type":"Point","coordinates":[-89.2473758146585,48.4258553717712]},"properties":{"OBJECTID":2734,"LOC_ID":"PC0954","FDMID":2670,"X_COORD":333746.15241,"Y_COORD":5366072.62552,"BEAT":"N 3","ROT_ANGLE":0,"NODE_ID":8332,"GLOBALID":"0d97f340-9ee1-4e0c-89ed-5f7aa2afd2fc","CREATEDDATE":1520794199000,"LASTUPDATE":1643921021000}},{"type":"Feature","id":2735,"geometry":{"type":"Point","coordinates":[-89.2222127754404,48.4199907476604]},"properties":{"OBJECTID":2735,"LOC_ID":"PP0086","FDMID":2951,"X_COORD":335588.61923,"Y_COORD":5365366.46206,"BEAT":"N 14","ROT_ANGLE":0,"NODE_ID":9492,"GLOBALID":"fc10410c-456b-404b-bbe2-8f84497d67b4","CREATEDDATE":1520794199000,"LASTUPDATE":1643921021000}},{"type":"Feature","id":2736,"geometry":{"type":"Point","coordinates":[-89.2676826801225,48.4250595570304]},"properties":{"OBJECTID":2736,"LOC_ID":"PP0215","FDMID":3705,"X_COORD":332241.367,"Y_COORD":5366028.48395,"BEAT":"N 1","ROT_ANGLE":0,"NODE_ID":2135,"GLOBALID":"ec10f597-5db1-4779-a47d-c1e3f223a280","CREATEDDATE":1520794199000,"LASTUPDATE":1643921021000}},{"type":"Feature","id":2737,"geometry":{"type":"Point","coordinates":[-89.2531129769185,48.4189166705476]},"properties":{"OBJECTID":2737,"LOC_ID":"PP0136","FDMID":2998,"X_COORD":333299.05635,"Y_COORD":5365313.91064,"BEAT":"N 3","ROT_ANGLE":0,"NODE_ID":10103,"GLOBALID":"096e3ee7-e966-4dc0-b064-24a7efdad869","CREATEDDATE":1520794199000,"LASTUPDATE":1643921021000}},{"type":"Feature","id":2738,"geometry":{"type":"Point","coordinates":[-89.2841220608525,48.4075170514567]},"properties":{"OBJECTID":2738,"LOC_ID":"PC0684","FDMID":3510,"X_COORD":330967.11394,"Y_COORD":5364114.91185,"BEAT":"N 1","ROT_ANGLE":0,"NODE_ID":4956,"GLOBALID":"ec22696f-56f8-4427-8deb-b4aa1903236a","CREATEDDATE":1520794199000,"LASTUPDATE":1643921021000}},{"type":"Feature","id":2739,"geometry":{"type":"Point","coordinates":[-89.2516104597102,48.4158133235271]},"properties":{"OBJECTID":2739,"LOC_ID":"PP0111","FDMID":2975,"X_COORD":333400.07523,"Y_COORD":5364965.72478,"BEAT":"N 2","ROT_ANGLE":0,"NODE_ID":7205,"GLOBALID":"d667fa83-209e-49a3-9fa1-8c59dee89479","CREATEDDATE":1520794199000,"LASTUPDATE":1643921021000}},{"type":"Feature","id":2740,"geometry":{"type":"Point","coordinates":[-89.2470339177691,48.4154720267276]},"properties":{"OBJECTID":2740,"LOC_ID":"PC0756","FDMID":2473,"X_COORD":333737.98243,"Y_COORD":5364916.89329,"BEAT":"N 2","ROT_ANGLE":0,"NODE_ID":2010,"GLOBALID":"70086690-012b-4b9f-9301-10239c869ffd","CREATEDDATE":1520794199000,"LASTUPDATE":1644351337000}},{"type":"Feature","id":2741,"geometry":{"type":"Point","coordinates":[-89.2483686504407,48.4158305826371]},"properties":{"OBJECTID":2741,"LOC_ID":"PP0113","FDMID":2977,"X_COORD":333639.12726,"Y_COORD":5364953.84433,"BEAT":"N 2","ROT_ANGLE":0,"NODE_ID":10438,"GLOBALID":"305facb3-202a-4f0d-9208-179f1545b0d5","CREATEDDATE":1520794199000,"LASTUPDATE":1643921021000}},{"type":"Feature","id":2742,"geometry":{"type":"Point","coordinates":[-89.277153288233,48.4112393565305]},"properties":{"OBJECTID":2742,"LOC_ID":"PC0092","FDMID":3492,"X_COORD":331495.09961,"Y_COORD":5364513.2586,"BEAT":"N 1","ROT_ANGLE":0,"NODE_ID":6340,"GLOBALID":"ba140f0d-3116-41e8-ba64-bfd60f984dc1","CREATEDDATE":1520794199000,"LASTUPDATE":1643921021000}},{"type":"Feature","id":2743,"geometry":{"type":"Point","coordinates":[-89.2733437554049,48.4089245164664]},"properties":{"OBJECTID":2743,"LOC_ID":"PC1045","FDMID":2759,"X_COORD":331769.34371,"Y_COORD":5364247.60382,"BEAT":"N 1","ROT_ANGLE":0,"NODE_ID":5021,"GLOBALID":"a6094c7e-e3b4-4ad1-8699-1496075176be","CREATEDDATE":1520794199000,"LASTUPDATE":1643921021000}},{"type":"Feature","id":2744,"geometry":{"type":"Point","coordinates":[-89.2609764516993,48.404726572006]},"properties":{"OBJECTID":2744,"LOC_ID":"PC1119","FDMID":2833,"X_COORD":332670.73327,"Y_COORD":5363753.94699,"BEAT":"N 1","ROT_ANGLE":0,"NODE_ID":337,"GLOBALID":"8c03af72-90ca-4f54-9e30-33049293d010","CREATEDDATE":1520794199000,"LASTUPDATE":1643921021000}},{"type":"Feature","id":2745,"geometry":{"type":"Point","coordinates":[-89.2668264166777,48.40332157686]},"properties":{"OBJECTID":2745,"LOC_ID":"PP0057","FDMID":2924,"X_COORD":332233.18575,"Y_COORD":5363610.58519,"BEAT":"N 1","ROT_ANGLE":0,"NODE_ID":4302,"GLOBALID":"e611eb3c-0e47-4789-ae34-8b9e09fad5d6","CREATEDDATE":1520794199000,"LASTUPDATE":1643921021000}},{"type":"Feature","id":2746,"geometry":{"type":"Point","coordinates":[-89.2606777729161,48.407502918746]},"properties":{"OBJECTID":2746,"LOC_ID":"PC1148","FDMID":2862,"X_COORD":332701.94147,"Y_COORD":5364061.86302,"BEAT":"N 1","ROT_ANGLE":0,"NODE_ID":8950,"GLOBALID":"600e3d54-e318-4e40-a45a-b70fddc53590","CREATEDDATE":1520794199000,"LASTUPDATE":1643921022000}},{"type":"Feature","id":2747,"geometry":{"type":"Point","coordinates":[-89.2799589480068,48.4034682366758]},"properties":{"OBJECTID":2747,"LOC_ID":"FC1133","FDMID":1122,"X_COORD":331261.77942,"Y_COORD":5363655.73259,"BEAT":"S 1","ROT_ANGLE":0,"NODE_ID":744,"GLOBALID":"2c920aca-98b8-4ce5-a1ba-2dcfaed5e226","CREATEDDATE":1520794199000,"LASTUPDATE":1643921022000}},{"type":"Feature","id":2748,"geometry":{"type":"Point","coordinates":[-89.285040098813,48.3966334076937]},"properties":{"OBJECTID":2748,"LOC_ID":"FC0999","FDMID":990,"X_COORD":330864.6799,"Y_COORD":5362903.5434,"BEAT":"S 4","ROT_ANGLE":0,"NODE_ID":5356,"GLOBALID":"a629cce6-5e71-4c7e-a202-d4d8111ed12e","CREATEDDATE":1520794199000,"LASTUPDATE":1670612184000}},{"type":"Feature","id":2749,"geometry":{"type":"Point","coordinates":[-89.2941173432607,48.3957700976619]},"properties":{"OBJECTID":2749,"LOC_ID":"FC1107","FDMID":1096,"X_COORD":330188.35042,"Y_COORD":5362831.44407,"BEAT":"S 1","ROT_ANGLE":0,"NODE_ID":5352,"GLOBALID":"7075d2b0-5e41-418f-b310-59f7f7ab2f4f","CREATEDDATE":1520794199000,"LASTUPDATE":1643921022000}},{"type":"Feature","id":2750,"geometry":{"type":"Point","coordinates":[-89.2903344811849,48.395613891985]},"properties":{"OBJECTID":2750,"LOC_ID":"FC1043","FDMID":1034,"X_COORD":330467.8223,"Y_COORD":5362805.69943,"BEAT":"S 4","ROT_ANGLE":0,"NODE_ID":7254,"GLOBALID":"c8ae932d-a1c0-4e03-bea8-2e93ec18252c","CREATEDDATE":1520794199000,"LASTUPDATE":1643921022000}},{"type":"Feature","id":2751,"geometry":{"type":"Point","coordinates":[-89.2264232106447,48.3946168079793]},"properties":{"OBJECTID":2751,"LOC_ID":"FC0335","FDMID":330,"X_COORD":335195.11497,"Y_COORD":5362555.35755,"BEAT":"S 11","ROT_ANGLE":0,"NODE_ID":1131,"GLOBALID":"26dcf8e8-46e3-4abe-a07c-87072417b9d9","CREATEDDATE":1520794199000,"LASTUPDATE":1643921022000}},{"type":"Feature","id":2752,"geometry":{"type":"Point","coordinates":[-89.2754590526952,48.3928638999691]},"properties":{"OBJECTID":2752,"LOC_ID":"FC0954","FDMID":945,"X_COORD":331559.74242,"Y_COORD":5362465.08529,"BEAT":"S 4","ROT_ANGLE":0,"NODE_ID":9322,"GLOBALID":"704b74bf-cada-40cf-845f-c1fc34f1eeaf","CREATEDDATE":1520794199000,"LASTUPDATE":1673653766000}},{"type":"Feature","id":2753,"geometry":{"type":"Point","coordinates":[-89.2538791793512,48.3926913703932]},"properties":{"OBJECTID":2753,"LOC_ID":"FC0470","FDMID":462,"X_COORD":333159.33436,"Y_COORD":5362379.95684,"BEAT":"S 9","ROT_ANGLE":0,"NODE_ID":7855,"GLOBALID":"98c38f1a-f1f8-4803-bbdb-ca9d98aecb47","CREATEDDATE":1520794199000,"LASTUPDATE":1643921022000}},{"type":"Feature","id":2754,"geometry":{"type":"Point","coordinates":[-89.2770248190277,48.3916563356467]},"properties":{"OBJECTID":2754,"LOC_ID":"FC0951","FDMID":942,"X_COORD":331439.8909,"Y_COORD":5362336.46833,"BEAT":"S 4","ROT_ANGLE":0,"NODE_ID":5732,"GLOBALID":"0110d46d-e070-4a35-8116-d2a3da0d5fce","CREATEDDATE":1520794199000,"LASTUPDATE":1643921022000}},{"type":"Feature","id":2755,"geometry":{"type":"Point","coordinates":[-89.2729775641652,48.389932613653]},"properties":{"OBJECTID":2755,"LOC_ID":"FC0249","FDMID":244,"X_COORD":331733.7958,"Y_COORD":5362135.98833,"BEAT":"S 4","ROT_ANGLE":0,"NODE_ID":8443,"GLOBALID":"7f9b3ec7-c303-41ed-9b30-7eb8e0a18da5","CREATEDDATE":1520794199000,"LASTUPDATE":1643921022000}},{"type":"Feature","id":2756,"geometry":{"type":"Point","coordinates":[-89.3114738432296,48.3862839137472]},"properties":{"OBJECTID":2756,"LOC_ID":"NC0570","FDMID":3548,"X_COORD":328871.89397,"Y_COORD":5361815.74846,"BEAT":"S 13","ROT_ANGLE":0,"NODE_ID":4678,"GLOBALID":"c2d1ed37-fe01-4216-840f-ce099f33f021","CREATEDDATE":1520794199000,"LASTUPDATE":1643921022000}},{"type":"Feature","id":2757,"geometry":{"type":"Point","coordinates":[-89.2819357999902,48.3863364149969]},"properties":{"OBJECTID":2757,"LOC_ID":"FC0862","FDMID":853,"X_COORD":331053.39798,"Y_COORD":5361756.07025,"BEAT":"S 5","ROT_ANGLE":0,"NODE_ID":7853,"GLOBALID":"f7712bac-a0bf-4d4f-a96b-e605a8b9fd6d","CREATEDDATE":1520794199000,"LASTUPDATE":1643921022000}},{"type":"Feature","id":2758,"geometry":{"type":"Point","coordinates":[-89.2938728092456,48.3840261560268]},"properties":{"OBJECTID":2758,"LOC_ID":"FC0948","FDMID":939,"X_COORD":330167.38377,"Y_COORD":5361525.64183,"BEAT":"S 2","ROT_ANGLE":0,"NODE_ID":9275,"GLOBALID":"dbae99cb-b2b1-425e-8056-a0cb231a211a","CREATEDDATE":1520794199000,"LASTUPDATE":1643921022000}},{"type":"Feature","id":2759,"geometry":{"type":"Point","coordinates":[-89.2552009644803,48.3825852677122]},"properties":{"OBJECTID":2759,"LOC_ID":"FC0602","FDMID":594,"X_COORD":333025.48118,"Y_COORD":5361279.20369,"BEAT":"S 10","ROT_ANGLE":0,"NODE_ID":10493,"GLOBALID":"58e3f71f-7a72-4d67-90e6-b80878caded8","CREATEDDATE":1520794199000,"LASTUPDATE":1643921022000}},{"type":"Feature","id":2760,"geometry":{"type":"Point","coordinates":[-89.257984049548,48.3824108285582]},"properties":{"OBJECTID":2760,"LOC_ID":"FC0203","FDMID":199,"X_COORD":332819.04303,"Y_COORD":5361267.15095,"BEAT":"S 8","ROT_ANGLE":0,"NODE_ID":676,"GLOBALID":"7a2b446a-ddb3-4a09-96ce-09217040d443","CREATEDDATE":1520794199000,"LASTUPDATE":1643921022000}},{"type":"Feature","id":2761,"geometry":{"type":"Point","coordinates":[-89.2880979200576,48.3816102161819]},"properties":{"OBJECTID":2761,"LOC_ID":"FC1017","FDMID":1008,"X_COORD":330586.89583,"Y_COORD":5361244.33982,"BEAT":"S 5","ROT_ANGLE":0,"NODE_ID":2222,"GLOBALID":"4e53143f-a778-44e5-a395-18b48e73b7f2","CREATEDDATE":1520794199000,"LASTUPDATE":1643921022000}},{"type":"Feature","id":2762,"geometry":{"type":"Point","coordinates":[-89.3047801157959,48.3801057863321]},"properties":{"OBJECTID":2762,"LOC_ID":"FC1190","FDMID":0,"X_COORD":329346.77628,"Y_COORD":5361114.15921,"BEAT":"S 2","ROT_ANGLE":0,"NODE_ID":4004,"GLOBALID":"c17b1b09-5819-4153-899c-51eb15baf54d","CREATEDDATE":1520794199000,"LASTUPDATE":1643921022000}},{"type":"Feature","id":2763,"geometry":{"type":"Point","coordinates":[-89.3144776575331,48.3701402880055]},"properties":{"OBJECTID":2763,"LOC_ID":"NP0010","FDMID":3271,"X_COORD":328595.32105,"Y_COORD":5360028.21591,"BEAT":"S 13","ROT_ANGLE":0,"NODE_ID":9900,"GLOBALID":"63d81b91-5840-4c40-b808-83a71042daca","CREATEDDATE":1520794199000,"LASTUPDATE":1643921022000}},{"type":"Feature","id":2764,"geometry":{"type":"Point","coordinates":[-89.2672307307149,48.3807383932546]},"properties":{"OBJECTID":2764,"LOC_ID":"FC0039","FDMID":18,"X_COORD":332133.29404,"Y_COORD":5361103.40516,"BEAT":"S 7","ROT_ANGLE":0,"NODE_ID":4624,"GLOBALID":"6834ddfd-6eae-4264-a670-6a5c89471be1","CREATEDDATE":1520794199000,"LASTUPDATE":1643921022000}},{"type":"Feature","id":2765,"geometry":{"type":"Point","coordinates":[-89.286792882446,48.3768527913589]},"properties":{"OBJECTID":2765,"LOC_ID":"FC0743","FDMID":734,"X_COORD":330667.7373,"Y_COORD":5360712.69796,"BEAT":"S 5","ROT_ANGLE":0,"NODE_ID":6854,"GLOBALID":"98e165e7-f2d3-43f7-85b6-4c012682f92d","CREATEDDATE":1520794199000,"LASTUPDATE":1643921022000}},{"type":"Feature","id":2766,"geometry":{"type":"Point","coordinates":[-89.2839515420829,48.3769616974234]},"properties":{"OBJECTID":2766,"LOC_ID":"FC0432","FDMID":425,"X_COORD":330879.63798,"Y_COORD":5360717.41374,"BEAT":"S 5","ROT_ANGLE":0,"NODE_ID":4216,"GLOBALID":"a4c3b96d-cc95-4376-a674-4c8941c37749","CREATEDDATE":1520794199000,"LASTUPDATE":1671648911000}},{"type":"Feature","id":2767,"geometry":{"type":"Point","coordinates":[-89.3821592360188,48.3735658751761]},"properties":{"OBJECTID":2767,"LOC_ID":"NC0333","FDMID":3285,"X_COORD":323595.1636,"Y_COORD":5360562.6049,"BEAT":"S 14","ROT_ANGLE":0,"NODE_ID":1180,"GLOBALID":"146d23df-3587-4687-a9ca-0e81bcf95f83","CREATEDDATE":1520794199000,"LASTUPDATE":1643921022000}},{"type":"Feature","id":2768,"geometry":{"type":"Point","coordinates":[-89.3695000564066,48.3751570998315]},"properties":{"OBJECTID":2768,"LOC_ID":"NC0240","FDMID":1416,"X_COORD":324538.01263,"Y_COORD":5360710.38782,"BEAT":"S 13","ROT_ANGLE":0,"NODE_ID":9358,"GLOBALID":"a29bc901-808a-4f72-a4a1-64f7c5cd143e","CREATEDDATE":1520794199000,"LASTUPDATE":1643921022000}},{"type":"Feature","id":2769,"geometry":{"type":"Point","coordinates":[-89.2567992555109,48.376701698639]},"properties":{"OBJECTID":2769,"LOC_ID":"FC0539","FDMID":531,"X_COORD":332889.85366,"Y_COORD":5360630.25342,"BEAT":"S 8","ROT_ANGLE":0,"NODE_ID":8001,"GLOBALID":"d476abd4-bb61-424b-a5fb-e6eb30d57fe1","CREATEDDATE":1520794199000,"LASTUPDATE":1643921022000}},{"type":"Feature","id":2770,"geometry":{"type":"Point","coordinates":[-89.3596746794202,48.3739565606173]},"properties":{"OBJECTID":2770,"LOC_ID":"NC0534","FDMID":3460,"X_COORD":325261.42408,"Y_COORD":5360554.50097,"BEAT":"S 13","ROT_ANGLE":0,"NODE_ID":4269,"GLOBALID":"ddbfaa20-d2ac-40ab-9359-4bc187f06474","CREATEDDATE":1520794199000,"LASTUPDATE":1643921022000}},{"type":"Feature","id":2771,"geometry":{"type":"Point","coordinates":[-89.2525759027701,48.3731471894694]},"properties":{"OBJECTID":2771,"LOC_ID":"FC0145","FDMID":137,"X_COORD":333189.15145,"Y_COORD":5360225.7642,"BEAT":"S 10","ROT_ANGLE":0,"NODE_ID":6127,"GLOBALID":"094053c0-dd63-4b36-a949-39db7b55b82b","CREATEDDATE":1520794199000,"LASTUPDATE":1643921022000}},{"type":"Feature","id":2772,"geometry":{"type":"Point","coordinates":[-89.2948792310967,48.3711577062129]},"properties":{"OBJECTID":2772,"LOC_ID":"FC0541","FDMID":533,"X_COORD":330050.04156,"Y_COORD":5360097.63697,"BEAT":"S 2","ROT_ANGLE":0,"NODE_ID":6426,"GLOBALID":"869e1f94-7cfc-458d-9bd8-0626ddc82e6b","CREATEDDATE":1520794199000,"LASTUPDATE":1643921022000}},{"type":"Feature","id":2773,"geometry":{"type":"Point","coordinates":[-89.3058166748053,48.3693378296346]},"properties":{"OBJECTID":2773,"LOC_ID":"FC0488","FDMID":480,"X_COORD":329238.69487,"Y_COORD":5359919.60382,"BEAT":"S 3","ROT_ANGLE":0,"NODE_ID":7025,"GLOBALID":"46a85abc-7d22-4f49-a7e7-980e83e176dd","CREATEDDATE":1520794199000,"LASTUPDATE":1643921022000}},{"type":"Feature","id":2774,"geometry":{"type":"Point","coordinates":[-89.2683614422233,48.3704440108233]},"properties":{"OBJECTID":2774,"LOC_ID":"FC0164","FDMID":160,"X_COORD":332011.36047,"Y_COORD":5359959.82218,"BEAT":"S 8","ROT_ANGLE":0,"NODE_ID":3547,"GLOBALID":"d36e1109-ad70-422b-8d2e-937ed0ad4fdc","CREATEDDATE":1520794199000,"LASTUPDATE":1644002752000}},{"type":"Feature","id":2775,"geometry":{"type":"Point","coordinates":[-89.2286341494079,48.3658183184157]},"properties":{"OBJECTID":2775,"LOC_ID":"FC1176","FDMID":3644,"X_COORD":334938.3311,"Y_COORD":5359359.35806,"BEAT":"S 12","ROT_ANGLE":0,"NODE_ID":1865,"GLOBALID":"380a2f8b-ecd5-416f-b492-47270b69526a","CREATEDDATE":1520794199000,"LASTUPDATE":1643921023000}},{"type":"Feature","id":2776,"geometry":{"type":"Point","coordinates":[-89.290812902611,48.3630582588368]},"properties":{"OBJECTID":2776,"LOC_ID":"FC0237","FDMID":232,"X_COORD":330324.25494,"Y_COORD":5359188.42839,"BEAT":"S 3","ROT_ANGLE":0,"NODE_ID":9154,"GLOBALID":"133e7ebc-9038-49f4-a0cf-811edaec6add","CREATEDDATE":1520794199000,"LASTUPDATE":1643921023000}},{"type":"Feature","id":2777,"geometry":{"type":"Point","coordinates":[-89.3032242710399,48.3569669445119]},"properties":{"OBJECTID":2777,"LOC_ID":"FC0521","FDMID":513,"X_COORD":329384.67861,"Y_COORD":5358538.9802,"BEAT":"S 3","ROT_ANGLE":0,"NODE_ID":7906,"GLOBALID":"03d4631f-549a-4247-aed8-dd9883ef8469","CREATEDDATE":1520794199000,"LASTUPDATE":1643921023000}},{"type":"Feature","id":2778,"geometry":{"type":"Point","coordinates":[-89.295124330633,48.357130230874]},"properties":{"OBJECTID":2778,"LOC_ID":"FC0552","FDMID":544,"X_COORD":329985.20649,"Y_COORD":5358539.12561,"BEAT":"S 3","ROT_ANGLE":0,"NODE_ID":9884,"GLOBALID":"2727ca30-24b7-4710-8615-6498c7afb71a","CREATEDDATE":1520794199000,"LASTUPDATE":1643921023000}},{"type":"Feature","id":2779,"geometry":{"type":"Point","coordinates":[-89.3607573150229,48.3610040939446]},"properties":{"OBJECTID":2779,"LOC_ID":"NC0234","FDMID":1410,"X_COORD":325136.91387,"Y_COORD":5359117.39633,"BEAT":"S 15","ROT_ANGLE":0,"NODE_ID":6308,"GLOBALID":"a208f3c6-38d1-4958-b7b8-923a7b4edfce","CREATEDDATE":1520794199000,"LASTUPDATE":1643921023000}},{"type":"Feature","id":2780,"geometry":{"type":"Point","coordinates":[-89.3884321315213,48.3571555492563]},"properties":{"OBJECTID":2780,"LOC_ID":"NC0314","FDMID":1490,"X_COORD":323073.826,"Y_COORD":5358753.18666,"BEAT":"S 14","ROT_ANGLE":0,"NODE_ID":7766,"GLOBALID":"c16495fc-5c5d-4c1d-a68c-3fd456bd74ce","CREATEDDATE":1520794199000,"LASTUPDATE":1643921023000}},{"type":"Feature","id":2781,"geometry":{"type":"Point","coordinates":[-89.3061695470857,48.3542600199872]},"properties":{"OBJECTID":2781,"LOC_ID":"FC0592","FDMID":584,"X_COORD":329157.46709,"Y_COORD":5358244.68669,"BEAT":"S 15","ROT_ANGLE":0,"NODE_ID":1320,"GLOBALID":"12e0858d-d7a8-46cb-a125-b37f9b3bcc54","CREATEDDATE":1520794199000,"LASTUPDATE":1643921023000}},{"type":"Feature","id":2782,"geometry":{"type":"Point","coordinates":[-89.336406941761,48.3548982100857]},"properties":{"OBJECTID":2782,"LOC_ID":"NC0126","FDMID":1304,"X_COORD":326919.7629,"Y_COORD":5358383.47863,"BEAT":"S 15","ROT_ANGLE":0,"NODE_ID":5909,"GLOBALID":"5aa5fb6d-f54d-4f45-a67b-2a6134ccd532","CREATEDDATE":1520794199000,"LASTUPDATE":1643921023000}},{"type":"Feature","id":2783,"geometry":{"type":"Point","coordinates":[-89.3611089362466,48.3258662895947]},"properties":{"OBJECTID":2783,"LOC_ID":"NC0513","FDMID":3316,"X_COORD":324990.57608,"Y_COORD":5355212.90429,"BEAT":"S 16","ROT_ANGLE":0,"NODE_ID":6165,"GLOBALID":"d373d123-d9ca-4db1-89ba-6b1bc20113db","CREATEDDATE":1520794199000,"LASTUPDATE":1643921023000}},{"type":"Feature","id":2784,"geometry":{"type":"Point","coordinates":[-89.2148298856005,48.3330795307007]},"properties":{"OBJECTID":2784,"LOC_ID":"FP0063","FDMID":3335,"X_COORD":335855.5384,"Y_COORD":5355691.03012,"BEAT":"S 12","ROT_ANGLE":0,"NODE_ID":7337,"GLOBALID":"56f72466-cfae-434b-9944-c0ba8a5dadcc","CREATEDDATE":1520794199000,"LASTUPDATE":1643921023000}},{"type":"Feature","id":2785,"geometry":{"type":"Point","coordinates":[-89.3333838243387,48.3170287360548]},"properties":{"OBJECTID":2785,"LOC_ID":"NC0342","FDMID":1517,"X_COORD":327015.59548,"Y_COORD":5354167.76432,"BEAT":"S 17","ROT_ANGLE":0,"NODE_ID":1508,"GLOBALID":"d2281046-6b18-40c7-b8ff-538a2c46fb93","CREATEDDATE":1520794199000,"LASTUPDATE":1643921023000}},{"type":"Feature","id":2786,"geometry":{"type":"Point","coordinates":[-89.3333872915367,48.3223581868423]},"properties":{"OBJECTID":2786,"LOC_ID":"NC0339","FDMID":1514,"X_COORD":327033.36495,"Y_COORD":5354760.09533,"BEAT":"S 17","ROT_ANGLE":0,"NODE_ID":8644,"GLOBALID":"29a17c71-ec47-49d5-bba5-1be541c7b937","CREATEDDATE":1520794199000,"LASTUPDATE":1643921023000}},{"type":"Feature","id":2787,"geometry":{"type":"Point","coordinates":[-89.3676592752821,48.3167269751765]},"properties":{"OBJECTID":2787,"LOC_ID":"NC0468","FDMID":1641,"X_COORD":324473.71592,"Y_COORD":5354212.12247,"BEAT":"S 16","ROT_ANGLE":0,"NODE_ID":457,"GLOBALID":"7a8cb53e-618f-49ad-a3af-86645a2e6d4a","CREATEDDATE":1520794199000,"LASTUPDATE":1643921023000}},{"type":"Feature","id":2788,"geometry":{"type":"Point","coordinates":[-89.3636462383984,48.3180008548551]},"properties":{"OBJECTID":2788,"LOC_ID":"NC0525","FDMID":3451,"X_COORD":324775.56859,"Y_COORD":5354344.52413,"BEAT":"S 16","ROT_ANGLE":0,"NODE_ID":7615,"GLOBALID":"a8115a3e-fc1d-4c09-bd89-3f256d84d3c5","CREATEDDATE":1520794199000,"LASTUPDATE":1643921023000}},{"type":"Feature","id":2789,"geometry":{"type":"Point","coordinates":[-89.3424806729437,48.3202201239339]},"properties":{"OBJECTID":2789,"LOC_ID":"NC0516","FDMID":3319,"X_COORD":326352.08034,"Y_COORD":5354543.02269,"BEAT":"S 17","ROT_ANGLE":0,"NODE_ID":9528,"GLOBALID":"a01cae4f-5563-45d5-b6ce-df47505ce7c4","CREATEDDATE":1520794199000,"LASTUPDATE":1643921023000}},{"type":"Feature","id":2790,"geometry":{"type":"Point","coordinates":[-89.3417824519178,48.3090949069865]},"properties":{"OBJECTID":2790,"LOC_ID":"NC0374","FDMID":1549,"X_COORD":326366.07381,"Y_COORD":5353304.96983,"BEAT":"S 17","ROT_ANGLE":0,"NODE_ID":465,"GLOBALID":"1312ed6c-80a7-4f47-8068-771f863f9818","CREATEDDATE":1520794199000,"LASTUPDATE":1643921023000}},{"type":"Feature","id":2791,"geometry":{"type":"Point","coordinates":[-89.26186928379,48.4643878968113]},"properties":{"OBJECTID":2791,"LOC_ID":"MC0241","FDMID":3238,"X_COORD":332800.59926,"Y_COORD":5370386.89189,"BEAT":"N 15","ROT_ANGLE":0,"NODE_ID":1647,"GLOBALID":"68ac3361-fee4-4fc9-b5e1-fcd2cc5fee2b","CREATEDDATE":1520794199000,"LASTUPDATE":1643921023000}},{"type":"Feature","id":2792,"geometry":{"type":"Point","coordinates":[-89.2581526441091,48.4630485266685]},"properties":{"OBJECTID":2792,"LOC_ID":"MC0162","FDMID":3159,"X_COORD":333070.92476,"Y_COORD":5370229.9109,"BEAT":"N 12","ROT_ANGLE":0,"NODE_ID":4695,"GLOBALID":"17451d80-563e-4cdf-8dac-32aff02cc050","CREATEDDATE":1520794199000,"LASTUPDATE":1643921023000}},{"type":"Feature","id":2793,"geometry":{"type":"Point","coordinates":[-89.2537769804866,48.4584222170372]},"properties":{"OBJECTID":2793,"LOC_ID":"MC0220","FDMID":3217,"X_COORD":333379.68483,"Y_COORD":5369705.28114,"BEAT":"N 12","ROT_ANGLE":0,"NODE_ID":7511,"GLOBALID":"fa2d044d-9b8b-4250-9e66-6ea1a2b5d628","CREATEDDATE":1520794199000,"LASTUPDATE":1643921023000}},{"type":"Feature","id":2794,"geometry":{"type":"Point","coordinates":[-89.2117801749889,48.4588701283728]},"properties":{"OBJECTID":2794,"LOC_ID":"PC0280","FDMID":2003,"X_COORD":336485.30557,"Y_COORD":5369665.36075,"BEAT":"N 9","ROT_ANGLE":0,"NODE_ID":9331,"GLOBALID":"1020b778-9087-436b-b8a2-5c1c4102a298","CREATEDDATE":1520794199000,"LASTUPDATE":1644278372000}},{"type":"Feature","id":2795,"geometry":{"type":"Point","coordinates":[-89.219283760662,48.4557526146003]},"properties":{"OBJECTID":2795,"LOC_ID":"PC0211","FDMID":1934,"X_COORD":335920.54908,"Y_COORD":5369333.84818,"BEAT":"N 9","ROT_ANGLE":0,"NODE_ID":1590,"GLOBALID":"68bf5799-cee1-4683-acbc-22e35a17c32b","CREATEDDATE":1520794199000,"LASTUPDATE":1643921023000}},{"type":"Feature","id":2796,"geometry":{"type":"Point","coordinates":[-89.2807702508101,48.4531300699234]},"properties":{"OBJECTID":2796,"LOC_ID":"MC0273","FDMID":3427,"X_COORD":331366.20694,"Y_COORD":5369177.1283,"BEAT":"N 15","ROT_ANGLE":0,"NODE_ID":9316,"GLOBALID":"39fb6b5f-d431-4324-a218-411bc788590c","CREATEDDATE":1520794199000,"LASTUPDATE":1643921023000}},{"type":"Feature","id":2797,"geometry":{"type":"Point","coordinates":[-89.2159991137596,48.4519184456527]},"properties":{"OBJECTID":2797,"LOC_ID":"PC0123","FDMID":1846,"X_COORD":336151.04253,"Y_COORD":5368901.73605,"BEAT":"N 9","ROT_ANGLE":0,"NODE_ID":2191,"GLOBALID":"1f0d9823-0991-4da3-bab3-0599bb626f52","CREATEDDATE":1520794199000,"LASTUPDATE":1643921023000}},{"type":"Feature","id":2798,"geometry":{"type":"Point","coordinates":[-89.2527940271225,48.4509875571064]},"properties":{"OBJECTID":2798,"LOC_ID":"MC0010","FDMID":3008,"X_COORD":333427.54787,"Y_COORD":5368877.72504,"BEAT":"N 13","ROT_ANGLE":0,"NODE_ID":2455,"GLOBALID":"b977ca52-3b48-4cf1-aeb8-80296bb2a190","CREATEDDATE":1520794199000,"LASTUPDATE":1643921023000}},{"type":"Feature","id":2799,"geometry":{"type":"Point","coordinates":[-89.2047962634221,48.4495093803199]},"properties":{"OBJECTID":2799,"LOC_ID":"PC0140","FDMID":1863,"X_COORD":336971.61904,"Y_COORD":5368610.05605,"BEAT":"N 10","ROT_ANGLE":0,"NODE_ID":129,"GLOBALID":"a52021e1-f10b-4619-9c2c-d4871af31aa0","CREATEDDATE":1520794199000,"LASTUPDATE":1643921023000}},{"type":"Feature","id":2800,"geometry":{"type":"Point","coordinates":[-89.281508076459,48.4446084009249]},"properties":{"OBJECTID":2800,"LOC_ID":"MC0208","FDMID":3205,"X_COORD":331283.41705,"Y_COORD":5368231.62149,"BEAT":"N 13","ROT_ANGLE":0,"NODE_ID":4585,"GLOBALID":"a2232b3d-b0f9-480a-8da9-a64a989f575b","CREATEDDATE":1520794199000,"LASTUPDATE":1643921023000}},{"type":"Feature","id":2801,"geometry":{"type":"Point","coordinates":[-89.2497672554454,48.4413225065143]},"properties":{"OBJECTID":2801,"LOC_ID":"PC0773","FDMID":2490,"X_COORD":333619.76086,"Y_COORD":5367796.93195,"BEAT":"N 4","ROT_ANGLE":0,"NODE_ID":2451,"GLOBALID":"964bb8ed-0b30-46bb-980b-3b700052b4dd","CREATEDDATE":1520794199000,"LASTUPDATE":1643921023000}},{"type":"Feature","id":2802,"geometry":{"type":"Point","coordinates":[-89.2155735255334,48.4417112929067]},"properties":{"OBJECTID":2802,"LOC_ID":"PC0295","FDMID":2018,"X_COORD":336152.66121,"Y_COORD":5367765.36561,"BEAT":"N7","ROT_ANGLE":0,"NODE_ID":9332,"GLOBALID":"2a05ac36-562c-4b2b-bb85-b34b9caa50f6","CREATEDDATE":1520794199000,"LASTUPDATE":1674783368000}},{"type":"Feature","id":2803,"geometry":{"type":"Point","coordinates":[-89.2685198486392,48.4381436365826]},"properties":{"OBJECTID":2803,"LOC_ID":"PC1133","FDMID":2847,"X_COORD":332222.52515,"Y_COORD":5367484.55563,"BEAT":"N 4","ROT_ANGLE":0,"NODE_ID":8215,"GLOBALID":"e9fa3f07-74d5-49e5-ad95-da3d15f7cbca","CREATEDDATE":1520794199000,"LASTUPDATE":1643921024000}},{"type":"Feature","id":2804,"geometry":{"type":"Point","coordinates":[-89.2395204111557,48.4355012200308]},"properties":{"OBJECTID":2804,"LOC_ID":"PC0488","FDMID":2210,"X_COORD":334358.60835,"Y_COORD":5367127.68139,"BEAT":"N 5","ROT_ANGLE":0,"NODE_ID":7604,"GLOBALID":"606b35e8-13e3-424e-ae2a-a358e2a4b1b7","CREATEDDATE":1520794199000,"LASTUPDATE":1643921024000}},{"type":"Feature","id":2805,"geometry":{"type":"Point","coordinates":[-89.2175943107917,48.4353963460375]},"properties":{"OBJECTID":2805,"LOC_ID":"PC0401","FDMID":2124,"X_COORD":335979.91267,"Y_COORD":5367068.80293,"BEAT":"N7","ROT_ANGLE":0,"NODE_ID":619,"GLOBALID":"c95c3888-987c-4c6c-87b4-b2573dee36c8","CREATEDDATE":1520794199000,"LASTUPDATE":1643921024000}},{"type":"Feature","id":2806,"geometry":{"type":"Point","coordinates":[-89.2244763684447,48.4349359563884]},"properties":{"OBJECTID":2806,"LOC_ID":"PC0427","FDMID":2149,"X_COORD":335469.42998,"Y_COORD":5367032.40203,"BEAT":"N7","ROT_ANGLE":0,"NODE_ID":4380,"GLOBALID":"37003fd6-aeab-4c3c-96dd-f091e53a338a","CREATEDDATE":1520794199000,"LASTUPDATE":1643921024000}},{"type":"Feature","id":2807,"geometry":{"type":"Point","coordinates":[-89.266967098138,48.4282899811708]},"properties":{"OBJECTID":2807,"LOC_ID":"PC1216","FDMID":0,"X_COORD":332304.93206,"Y_COORD":5366385.96312,"BEAT":null,"ROT_ANGLE":0,"NODE_ID":5534,"GLOBALID":"88145f48-d3b3-4be8-a4b2-0ed0d0a47f47","CREATEDDATE":1520794199000,"LASTUPDATE":1643921024000}},{"type":"Feature","id":2808,"geometry":{"type":"Point","coordinates":[-89.2487697219686,48.4260921759964]},"properties":{"OBJECTID":2808,"LOC_ID":"PC0609","FDMID":2328,"X_COORD":333643.81283,"Y_COORD":5366101.97413,"BEAT":"N 3","ROT_ANGLE":0,"NODE_ID":10307,"GLOBALID":"6b97cd6c-ba3c-43e8-b4af-56aae8324e22","CREATEDDATE":1520794199000,"LASTUPDATE":1644354841000}},{"type":"Feature","id":2809,"geometry":{"type":"Point","coordinates":[-89.2553182927771,48.420608890843]},"properties":{"OBJECTID":2809,"LOC_ID":"PP0156","FDMID":3404,"X_COORD":333141.43971,"Y_COORD":5365506.7946,"BEAT":"N 1","ROT_ANGLE":0,"NODE_ID":8464,"GLOBALID":"27f28608-d93c-46ed-bccc-21e078471099","CREATEDDATE":1520794199000,"LASTUPDATE":1643921024000}},{"type":"Feature","id":2810,"geometry":{"type":"Point","coordinates":[-89.2642152059646,48.4180756402931]},"properties":{"OBJECTID":2810,"LOC_ID":"PP0137","FDMID":3362,"X_COORD":332474.91273,"Y_COORD":5365244.67364,"BEAT":"N 1","ROT_ANGLE":0,"NODE_ID":8461,"GLOBALID":"2b938472-c5a7-46e2-bb37-2425acccc8f3","CREATEDDATE":1520794199000,"LASTUPDATE":1643921024000}},{"type":"Feature","id":2811,"geometry":{"type":"Point","coordinates":[-89.2639765241066,48.4109092838314]},"properties":{"OBJECTID":2811,"LOC_ID":"PC0982","FDMID":2696,"X_COORD":332461.57923,"Y_COORD":5364446.02532,"BEAT":"N 1","ROT_ANGLE":0,"NODE_ID":7589,"GLOBALID":"72dd8ab9-edec-4ba2-a779-505407e3d5fb","CREATEDDATE":1520794199000,"LASTUPDATE":1643921024000}},{"type":"Feature","id":2812,"geometry":{"type":"Point","coordinates":[-89.2497175707959,48.3982889643276]},"properties":{"OBJECTID":2812,"LOC_ID":"FC1180","FDMID":411,"X_COORD":333492.39702,"Y_COORD":5363030.83863,"BEAT":"S 9","ROT_ANGLE":0,"NODE_ID":9735,"GLOBALID":"1791e168-dbb1-4b76-85f0-a3a7a37f1da5","CREATEDDATE":1520794199000,"LASTUPDATE":1643921034000}},{"type":"Feature","id":2813,"geometry":{"type":"Point","coordinates":[-89.2509854676938,48.3956948371891]},"properties":{"OBJECTID":2813,"LOC_ID":"FC0757","FDMID":748,"X_COORD":333380.59516,"Y_COORD":5362728.33879,"BEAT":"S 9","ROT_ANGLE":0,"NODE_ID":10188,"GLOBALID":"daa02d0a-ccf2-4c55-b834-f9adfed573ab","CREATEDDATE":1520794199000,"LASTUPDATE":1643921034000}},{"type":"Feature","id":2814,"geometry":{"type":"Point","coordinates":[-89.252473248834,48.3935678895605]},"properties":{"OBJECTID":2814,"LOC_ID":"FC0352","FDMID":347,"X_COORD":333263.52227,"Y_COORD":5362495.18014,"BEAT":"S 9","ROT_ANGLE":0,"NODE_ID":4637,"GLOBALID":"b58443f1-cace-4322-8a48-984459e7e355","CREATEDDATE":1520794199000,"LASTUPDATE":1643921034000}},{"type":"Feature","id":2815,"geometry":{"type":"Point","coordinates":[-89.2556275036946,48.3929411325203]},"properties":{"OBJECTID":2815,"LOC_ID":"FC0348","FDMID":343,"X_COORD":333027.99459,"Y_COORD":5362432.39486,"BEAT":"S 9","ROT_ANGLE":0,"NODE_ID":599,"GLOBALID":"18b565d5-6c37-4a16-9784-ea9d1c6104c3","CREATEDDATE":1520794199000,"LASTUPDATE":1643921034000}},{"type":"Feature","id":2816,"geometry":{"type":"Point","coordinates":[-89.2923023955808,48.3875082516101]},"properties":{"OBJECTID":2816,"LOC_ID":"FC1023","FDMID":1014,"X_COORD":330295.21993,"Y_COORD":5361909.17719,"BEAT":"S 1","ROT_ANGLE":0,"NODE_ID":8901,"GLOBALID":"2ac8a5bf-ad47-4ebb-bd5a-861e2406ae75","CREATEDDATE":1520794199000,"LASTUPDATE":1643921034000}},{"type":"Feature","id":2817,"geometry":{"type":"Point","coordinates":[-89.3121956087019,48.3871021736378]},"properties":{"OBJECTID":2817,"LOC_ID":"NC0569","FDMID":3547,"X_COORD":328821.20649,"Y_COORD":5361908.30577,"BEAT":"S 13","ROT_ANGLE":0,"NODE_ID":7060,"GLOBALID":"7b0fbf79-e3e6-49a7-8f46-47b89dd6f617","CREATEDDATE":1520794199000,"LASTUPDATE":1643921034000}},{"type":"Feature","id":2818,"geometry":{"type":"Point","coordinates":[-89.2487972229704,48.3880732247512]},"properties":{"OBJECTID":2818,"LOC_ID":"FC0027","FDMID":10,"X_COORD":333519.17513,"Y_COORD":5361875.07569,"BEAT":"S 9","ROT_ANGLE":0,"NODE_ID":1046,"GLOBALID":"62f5ea46-1478-427a-92eb-cc9031a7cf29","CREATEDDATE":1520794199000,"LASTUPDATE":1674501369000}},{"type":"Feature","id":2819,"geometry":{"type":"Point","coordinates":[-89.2563934600114,48.3873059191548]},"properties":{"OBJECTID":2819,"LOC_ID":"FC0185","FDMID":181,"X_COORD":332952.83785,"Y_COORD":5361807.7418,"BEAT":"S 9","ROT_ANGLE":0,"NODE_ID":6761,"GLOBALID":"69cff42b-f3ac-4385-b4b2-858ea8ce9968","CREATEDDATE":1520794199000,"LASTUPDATE":1643921034000}},{"type":"Feature","id":2820,"geometry":{"type":"Point","coordinates":[-89.2884009901226,48.3866130295432]},"properties":{"OBJECTID":2820,"LOC_ID":"FC0773","FDMID":764,"X_COORD":330581.06082,"Y_COORD":5361801.041,"BEAT":"S 5","ROT_ANGLE":0,"NODE_ID":1319,"GLOBALID":"da42a1da-0f04-4be8-8a33-30e738ee5489","CREATEDDATE":1520794199000,"LASTUPDATE":1643921034000}},{"type":"Feature","id":2821,"geometry":{"type":"Point","coordinates":[-89.2772446694582,48.3866765266346]},"properties":{"OBJECTID":2821,"LOC_ID":"FC0455","FDMID":447,"X_COORD":331407.16438,"Y_COORD":5361783.48068,"BEAT":"S 7","ROT_ANGLE":0,"NODE_ID":3107,"GLOBALID":"bce942a8-0e70-4845-90a3-673f18e15fe6","CREATEDDATE":1520794199000,"LASTUPDATE":1644006758000}},{"type":"Feature","id":2822,"geometry":{"type":"Point","coordinates":[-89.2853671327914,48.3852307808199]},"properties":{"OBJECTID":2822,"LOC_ID":"FC0858","FDMID":849,"X_COORD":330801.07234,"Y_COORD":5361640.70667,"BEAT":"S 5","ROT_ANGLE":0,"NODE_ID":3616,"GLOBALID":"e6d86fed-cbde-494a-9954-5cb162730efd","CREATEDDATE":1520794199000,"LASTUPDATE":1643921034000}},{"type":"Feature","id":2823,"geometry":{"type":"Point","coordinates":[-89.2619950962089,48.3868048219214]},"properties":{"OBJECTID":2823,"LOC_ID":"FC0128","FDMID":121,"X_COORD":332535.74191,"Y_COORD":5361751.30353,"BEAT":"S 7","ROT_ANGLE":0,"NODE_ID":6927,"GLOBALID":"0853617a-9d2c-47e9-a6b6-5e2a765f6f10","CREATEDDATE":1520794199000,"LASTUPDATE":1643921034000}},{"type":"Feature","id":2824,"geometry":{"type":"Point","coordinates":[-89.2592764325323,48.3854557638942]},"properties":{"OBJECTID":2824,"LOC_ID":"FC0674","FDMID":666,"X_COORD":332732.97891,"Y_COORD":5361607.83934,"BEAT":"S 8","ROT_ANGLE":0,"NODE_ID":2400,"GLOBALID":"5cb41247-8008-4450-9108-52499c71b8cf","CREATEDDATE":1520794199000,"LASTUPDATE":1670016169000}},{"type":"Feature","id":2825,"geometry":{"type":"Point","coordinates":[-89.2704726261569,48.385066504829]},"properties":{"OBJECTID":2825,"LOC_ID":"FC0500","FDMID":492,"X_COORD":331903.19228,"Y_COORD":5361589.65079,"BEAT":"S 7","ROT_ANGLE":0,"NODE_ID":5223,"GLOBALID":"bd5c28a8-50be-45e3-bddb-23b8da1ed0fa","CREATEDDATE":1520794199000,"LASTUPDATE":1644007150000}},{"type":"Feature","id":2826,"geometry":{"type":"Point","coordinates":[-89.3362650658754,48.3806981249288]},"properties":{"OBJECTID":2826,"LOC_ID":"NC0024","FDMID":1202,"X_COORD":327017.68008,"Y_COORD":5361250.63716,"BEAT":"S 13","ROT_ANGLE":0,"NODE_ID":8884,"GLOBALID":"8e947553-5003-491b-8815-911b91417e7f","CREATEDDATE":1520794199000,"LASTUPDATE":1643921034000}},{"type":"Feature","id":2827,"geometry":{"type":"Point","coordinates":[-89.2948893075717,48.3791064693595]},"properties":{"OBJECTID":2827,"LOC_ID":"FC0890","FDMID":881,"X_COORD":330076.9469,"Y_COORD":5361034.81815,"BEAT":"S 2","ROT_ANGLE":0,"NODE_ID":5977,"GLOBALID":"6e8a6013-975f-4816-882d-d447b13f4e38","CREATEDDATE":1520794199000,"LASTUPDATE":1643921034000}},{"type":"Feature","id":2828,"geometry":{"type":"Point","coordinates":[-89.2846539047158,48.3798190671261]},"properties":{"OBJECTID":2828,"LOC_ID":"FC0358","FDMID":353,"X_COORD":330836.35401,"Y_COORD":5361035.40311,"BEAT":"S 5","ROT_ANGLE":0,"NODE_ID":4623,"GLOBALID":"e1ed9f4c-80ec-49bd-b2b4-a18bb57ec0da","CREATEDDATE":1520794199000,"LASTUPDATE":1671582763000}},{"type":"Feature","id":2829,"geometry":{"type":"Point","coordinates":[-89.2592549162858,48.3780708803333]},"properties":{"OBJECTID":2829,"LOC_ID":"FC0678","FDMID":670,"X_COORD":332710.72278,"Y_COORD":5360787.56772,"BEAT":null,"ROT_ANGLE":0,"NODE_ID":6180,"GLOBALID":"ed8f35aa-20cb-4da4-b172-7b283f599ee8","CREATEDDATE":1520794199000,"LASTUPDATE":1643921034000}},{"type":"Feature","id":2830,"geometry":{"type":"Point","coordinates":[-89.2603591807905,48.3783324708495]},"properties":{"OBJECTID":2830,"LOC_ID":"FC0557","FDMID":549,"X_COORD":332629.81935,"Y_COORD":5360819.05444,"BEAT":"S 8","ROT_ANGLE":0,"NODE_ID":286,"GLOBALID":"487861bc-2777-4140-8014-965fcbd024d2","CREATEDDATE":1520794199000,"LASTUPDATE":1643921034000}},{"type":"Feature","id":2831,"geometry":{"type":"Point","coordinates":[-89.2565235341937,48.377497055205]},"properties":{"OBJECTID":2831,"LOC_ID":"FC0257","FDMID":252,"X_COORD":332910.72278,"Y_COORD":5360713.97873,"BEAT":"S 10","ROT_ANGLE":0,"NODE_ID":907,"GLOBALID":"8fa10d8b-a5c7-4e2f-a336-bb9aded44cd2","CREATEDDATE":1520794199000,"LASTUPDATE":1644008332000}},{"type":"Feature","id":2832,"geometry":{"type":"Point","coordinates":[-89.3729788117981,48.3748023142152]},"properties":{"OBJECTID":2832,"LOC_ID":"NC0538","FDMID":3464,"X_COORD":324279.20635,"Y_COORD":5360678.929,"BEAT":"S 14","ROT_ANGLE":0,"NODE_ID":9478,"GLOBALID":"c791bae2-9e37-40cc-ac38-b2fbd69b2689","CREATEDDATE":1520794199000,"LASTUPDATE":1643921034000}},{"type":"Feature","id":2833,"geometry":{"type":"Point","coordinates":[-89.3695194623377,48.3727944545463]},"properties":{"OBJECTID":2833,"LOC_ID":"NC0401","FDMID":1575,"X_COORD":324528.45666,"Y_COORD":5360447.84113,"BEAT":"S 14","ROT_ANGLE":0,"NODE_ID":7618,"GLOBALID":"a8b6fb35-b540-43ae-84d1-cffbdf618646","CREATEDDATE":1520794199000,"LASTUPDATE":1643921034000}},{"type":"Feature","id":2834,"geometry":{"type":"Point","coordinates":[-89.2579056789048,48.3742723123192]},"properties":{"OBJECTID":2834,"LOC_ID":"FC0780","FDMID":771,"X_COORD":332798.17443,"Y_COORD":5360362.43441,"BEAT":"S 8","ROT_ANGLE":0,"NODE_ID":1412,"GLOBALID":"ccb7f40e-3753-432e-b66f-b366f5560f08","CREATEDDATE":1520794199000,"LASTUPDATE":1643921034000}},{"type":"Feature","id":2835,"geometry":{"type":"Point","coordinates":[-89.2989401247077,48.3705800575884]},"properties":{"OBJECTID":2835,"LOC_ID":"FC0597","FDMID":589,"X_COORD":329747.39503,"Y_COORD":5360042.45156,"BEAT":"S 2","ROT_ANGLE":0,"NODE_ID":8129,"GLOBALID":"4ebab36f-c6ba-425f-8966-c8c3d3437610","CREATEDDATE":1520794199000,"LASTUPDATE":1644003684000}},{"type":"Feature","id":2836,"geometry":{"type":"Point","coordinates":[-89.2907496380317,48.3703665649814]},"properties":{"OBJECTID":2836,"LOC_ID":"FC0236","FDMID":231,"X_COORD":330353.21903,"Y_COORD":5360000.5546,"BEAT":"S 2","ROT_ANGLE":0,"NODE_ID":10082,"GLOBALID":"05bffa97-6e36-4f70-8fba-0f8978ec423f","CREATEDDATE":1520794199000,"LASTUPDATE":1643921034000}},{"type":"Feature","id":2837,"geometry":{"type":"Point","coordinates":[-89.2908131558673,48.3660599628559]},"properties":{"OBJECTID":2837,"LOC_ID":"FC0238","FDMID":233,"X_COORD":330334.20694,"Y_COORD":5359522.04734,"BEAT":"S 3","ROT_ANGLE":0,"NODE_ID":5335,"GLOBALID":"29a9b385-227d-4d45-9102-d30a122873e7","CREATEDDATE":1520794199000,"LASTUPDATE":1643921034000}},{"type":"Feature","id":2838,"geometry":{"type":"Point","coordinates":[-89.3390050015663,48.3499303286859]},"properties":{"OBJECTID":2838,"LOC_ID":"NC0309","FDMID":1485,"X_COORD":326710.46677,"Y_COORD":5357837.20509,"BEAT":"S 16","ROT_ANGLE":0,"NODE_ID":2434,"GLOBALID":"03ad990b-d419-455f-8a53-1f64869aaf59","CREATEDDATE":1520794199000,"LASTUPDATE":1643921035000}},{"type":"Feature","id":2839,"geometry":{"type":"Point","coordinates":[-89.3305452841089,48.334596382092]},"properties":{"OBJECTID":2839,"LOC_ID":"NC0216","FDMID":1393,"X_COORD":327285.37365,"Y_COORD":5356113.85994,"BEAT":"S 17","ROT_ANGLE":0,"NODE_ID":9212,"GLOBALID":"81375cff-0d7e-4b94-9dac-bda6ddbcd328","CREATEDDATE":1520794199000,"LASTUPDATE":1643921035000}},{"type":"Feature","id":2840,"geometry":{"type":"Point","coordinates":[-89.330992798629,48.3184331338726]},"properties":{"OBJECTID":2840,"LOC_ID":"NC0344","FDMID":1519,"X_COORD":327197.58818,"Y_COORD":5354318.45975,"BEAT":"S 17","ROT_ANGLE":0,"NODE_ID":1764,"GLOBALID":"bc106ab0-a79a-4eb7-89df-43bd5d463851","CREATEDDATE":1520794199000,"LASTUPDATE":1643921035000}},{"type":"Feature","id":2841,"geometry":{"type":"Point","coordinates":[-89.3748133352669,48.3106474726163]},"properties":{"OBJECTID":2841,"LOC_ID":"NP0069","FDMID":3609,"X_COORD":323922.45525,"Y_COORD":5353552.84131,"BEAT":"S 16","ROT_ANGLE":0,"NODE_ID":3236,"GLOBALID":"cfa2e315-b4c7-45e2-8949-2f0dd9b17769","CREATEDDATE":1520794199000,"LASTUPDATE":1643921035000}},{"type":"Feature","id":2842,"geometry":{"type":"Point","coordinates":[-89.3522065373332,48.315729925291]},"properties":{"OBJECTID":2842,"LOC_ID":"NP0058","FDMID":3489,"X_COORD":325615.83586,"Y_COORD":5354066.04887,"BEAT":"S 17","ROT_ANGLE":0,"NODE_ID":2762,"GLOBALID":"f5c43506-504d-408c-90a0-584676cfa8b6","CREATEDDATE":1520794199000,"LASTUPDATE":1643921035000}},{"type":"Feature","id":2843,"geometry":{"type":"Point","coordinates":[-89.1599757815051,48.473036592293]},"properties":{"OBJECTID":2843,"LOC_ID":"PP0002","FDMID":2873,"X_COORD":340359.42141,"Y_COORD":5371130.4956,"BEAT":"N 14","ROT_ANGLE":0,"NODE_ID":7842,"GLOBALID":"f6dbc171-b25b-40e3-83e0-b7cd756db33e","CREATEDDATE":1520794199000,"LASTUPDATE":1643921035000}},{"type":"Feature","id":2844,"geometry":{"type":"Point","coordinates":[-89.2433856923142,48.4615848685982]},"properties":{"OBJECTID":2844,"LOC_ID":"MC0142","FDMID":3139,"X_COORD":334157.7039,"Y_COORD":5370035.11717,"BEAT":"N 12","ROT_ANGLE":0,"NODE_ID":4027,"GLOBALID":"0cc88cfc-841c-411d-8b12-aad791f48226","CREATEDDATE":1520794199000,"LASTUPDATE":1643921035000}},{"type":"Feature","id":2845,"geometry":{"type":"Point","coordinates":[-89.1808425569913,48.4606265289818]},"properties":{"OBJECTID":2845,"LOC_ID":"PC0016","FDMID":1740,"X_COORD":338779.89066,"Y_COORD":5369790.35147,"BEAT":"N 11","ROT_ANGLE":0,"NODE_ID":7475,"GLOBALID":"90bd7e72-dbf8-4dd0-86ce-a17fd7074319","CREATEDDATE":1520794199000,"LASTUPDATE":1670464851000}},{"type":"Feature","id":2846,"geometry":{"type":"Point","coordinates":[-89.1874387609591,48.4592185909275]},"properties":{"OBJECTID":2846,"LOC_ID":"PC0007","FDMID":1731,"X_COORD":338285.86493,"Y_COORD":5369652.35493,"BEAT":"N 11","ROT_ANGLE":0,"NODE_ID":7051,"GLOBALID":"164e1376-c8b6-47bc-a37d-202b18e70bb4","CREATEDDATE":1520794199000,"LASTUPDATE":1644266255000}},{"type":"Feature","id":2847,"geometry":{"type":"Point","coordinates":[-89.2594208119952,48.4529136912207]},"properties":{"OBJECTID":2847,"LOC_ID":"MC0132","FDMID":3129,"X_COORD":332943.9142,"Y_COORD":5369106.2452299995,"BEAT":"N 13","ROT_ANGLE":0,"NODE_ID":837,"GLOBALID":"f8498f59-3eaf-4539-aacc-341d7af5e23c","CREATEDDATE":1520794199000,"LASTUPDATE":1643921035000}},{"type":"Feature","id":2848,"geometry":{"type":"Point","coordinates":[-89.2316750755,48.4540785663769]},"properties":{"OBJECTID":2848,"LOC_ID":"PC0766","FDMID":2483,"X_COORD":334999.03664,"Y_COORD":5369175.52293,"BEAT":"N 8","ROT_ANGLE":0,"NODE_ID":8407,"GLOBALID":"0a0dd730-dd65-479e-9607-2917eae917e8","CREATEDDATE":1520794199000,"LASTUPDATE":1644350395000}},{"type":"Feature","id":2849,"geometry":{"type":"Point","coordinates":[-89.1989777944489,48.4505834797225]},"properties":{"OBJECTID":2849,"LOC_ID":"PC0165","FDMID":1888,"X_COORD":337405.26128,"Y_COORD":5368717.05944,"BEAT":"N 10","ROT_ANGLE":0,"NODE_ID":7275,"GLOBALID":"f97d379b-f788-4962-803f-8f860c29229f","CREATEDDATE":1520794199000,"LASTUPDATE":1644367188000}},{"type":"Feature","id":2850,"geometry":{"type":"Point","coordinates":[-89.2664142249191,48.4504703719831]},"properties":{"OBJECTID":2850,"LOC_ID":"MC0044","FDMID":3041,"X_COORD":332418.83363,"Y_COORD":5368849.9813,"BEAT":"N 13","ROT_ANGLE":0,"NODE_ID":8774,"GLOBALID":"484d4eb9-0205-4494-871e-c91298a46ad2","CREATEDDATE":1520794199000,"LASTUPDATE":1643921035000}},{"type":"Feature","id":2851,"geometry":{"type":"Point","coordinates":[-89.2701578826651,48.4484257391097]},"properties":{"OBJECTID":2851,"LOC_ID":"MC0117","FDMID":3114,"X_COORD":332135.29673,"Y_COORD":5368630.93925,"BEAT":"N 15","ROT_ANGLE":0,"NODE_ID":10537,"GLOBALID":"40269b6c-e4cc-4640-a41e-93cb71c153a4","CREATEDDATE":1520794199000,"LASTUPDATE":1643921035000}},{"type":"Feature","id":2852,"geometry":{"type":"Point","coordinates":[-89.2746778412065,48.4465935571151]},"properties":{"OBJECTID":2852,"LOC_ID":"MC0309","FDMID":3566,"X_COORD":331795.04022,"Y_COORD":5368437.22712,"BEAT":"N 13","ROT_ANGLE":0,"NODE_ID":4096,"GLOBALID":"c0b2e63a-39e2-41e9-a22c-437490eeb84e","CREATEDDATE":1520794199000,"LASTUPDATE":1643921035000}},{"type":"Feature","id":2853,"geometry":{"type":"Point","coordinates":[-89.2552238741394,48.4469541072347]},"properties":{"OBJECTID":2853,"LOC_ID":"PC0843","FDMID":2559,"X_COORD":333234.30959,"Y_COORD":5368435.02219,"BEAT":"N 4","ROT_ANGLE":0,"NODE_ID":3412,"GLOBALID":"cefeb53e-ac63-40fe-bdee-3bd3338f71fa","CREATEDDATE":1520794199000,"LASTUPDATE":1681241524000}},{"type":"Feature","id":2854,"geometry":{"type":"Point","coordinates":[-89.2645239501271,48.4466738420799]},"properties":{"OBJECTID":2854,"LOC_ID":"MC0012","FDMID":3010,"X_COORD":332546.09814,"Y_COORD":5368425.02232,"BEAT":"N 13","ROT_ANGLE":0,"NODE_ID":6515,"GLOBALID":"01b4757a-bc15-4f8b-a93e-947c3dd30c7e","CREATEDDATE":1520794199000,"LASTUPDATE":1643921035000}},{"type":"Feature","id":2855,"geometry":{"type":"Point","coordinates":[-89.2574796565984,48.4447637772364]},"properties":{"OBJECTID":2855,"LOC_ID":"PP0061","FDMID":2928,"X_COORD":333060.70601,"Y_COORD":5368196.19954,"BEAT":"N 4","ROT_ANGLE":0,"NODE_ID":851,"GLOBALID":"a790d628-5b5c-4de7-bb5d-df594fe808d3","CREATEDDATE":1520794199000,"LASTUPDATE":1643921035000}},{"type":"Feature","id":2856,"geometry":{"type":"Point","coordinates":[-89.2500504835934,48.4426791316869]},"properties":{"OBJECTID":2856,"LOC_ID":"PC0774","FDMID":2491,"X_COORD":333603.24758,"Y_COORD":5367948.32907,"BEAT":"N 4","ROT_ANGLE":0,"NODE_ID":8383,"GLOBALID":"326ce9d4-5f26-4e64-9965-09c026235707","CREATEDDATE":1520794199000,"LASTUPDATE":1643921035000}},{"type":"Feature","id":2857,"geometry":{"type":"Point","coordinates":[-89.2549763546888,48.4408477840828]},"properties":{"OBJECTID":2857,"LOC_ID":"PC0654","FDMID":2373,"X_COORD":333232.99119,"Y_COORD":5367755.50629,"BEAT":"N 4","ROT_ANGLE":0,"NODE_ID":6480,"GLOBALID":"dcafc721-ef9f-4c12-8553-96ef875237fc","CREATEDDATE":1520794199000,"LASTUPDATE":1643921035000}},{"type":"Feature","id":2858,"geometry":{"type":"Point","coordinates":[-89.2365037091867,48.4389692855587]},"properties":{"OBJECTID":2858,"LOC_ID":"PC0478","FDMID":2200,"X_COORD":334592.97456,"Y_COORD":5367506.62411,"BEAT":"N 6","ROT_ANGLE":0,"NODE_ID":9996,"GLOBALID":"92e21c3c-68a2-4701-8c4d-bcdc99054a95","CREATEDDATE":1520794199000,"LASTUPDATE":1643921035000}},{"type":"Feature","id":2859,"geometry":{"type":"Point","coordinates":[-89.260387149105,48.4377098769452]},"properties":{"OBJECTID":2859,"LOC_ID":"PC0949","FDMID":2665,"X_COORD":332822.55715,"Y_COORD":5367418.54757,"BEAT":"N 4","ROT_ANGLE":0,"NODE_ID":4249,"GLOBALID":"6eacc035-0862-47aa-8967-aa15f9326fae","CREATEDDATE":1520794199000,"LASTUPDATE":1643921035000}},{"type":"Feature","id":2860,"geometry":{"type":"Point","coordinates":[-89.2250749989186,48.4377959978803]},"properties":{"OBJECTID":2860,"LOC_ID":"PC0664","FDMID":3640,"X_COORD":335434.39203,"Y_COORD":5367351.57285,"BEAT":"N 6","ROT_ANGLE":0,"NODE_ID":7373,"GLOBALID":"d8f0980e-40a3-4b94-b9a0-3b89c6de772b","CREATEDDATE":1520794199000,"LASTUPDATE":1643921035000}},{"type":"Feature","id":2861,"geometry":{"type":"Point","coordinates":[-89.226885608436,48.43663338725]},"properties":{"OBJECTID":2861,"LOC_ID":"PC1224","FDMID":0,"X_COORD":335296.72803,"Y_COORD":5367226.2483,"BEAT":null,"ROT_ANGLE":0,"NODE_ID":2104,"GLOBALID":"64bcf2f3-5615-455a-9eae-af2803b9023e","CREATEDDATE":1520794199000,"LASTUPDATE":1643921035000}},{"type":"Feature","id":2862,"geometry":{"type":"Point","coordinates":[-89.2284872383198,48.4342593955827]},"properties":{"OBJECTID":2862,"LOC_ID":"PC0453","FDMID":2175,"X_COORD":335170.59734,"Y_COORD":5366965.83409,"BEAT":"N 6","ROT_ANGLE":0,"NODE_ID":3206,"GLOBALID":"3bccc3c1-ffa3-4156-81b5-f8099ebda055","CREATEDDATE":1520794199000,"LASTUPDATE":1643921035000}},{"type":"Feature","id":2863,"geometry":{"type":"Point","coordinates":[-89.2428646046568,48.43430156633]},"properties":{"OBJECTID":2863,"LOC_ID":"PC0597","FDMID":2316,"X_COORD":334107.36892,"Y_COORD":5367001.5891,"BEAT":"N 5","ROT_ANGLE":0,"NODE_ID":7746,"GLOBALID":"5379f20d-23b7-4a27-87b8-f8916d59de72","CREATEDDATE":1520794199000,"LASTUPDATE":1643921035000}},{"type":"Feature","id":2864,"geometry":{"type":"Point","coordinates":[-89.2537412936941,48.433689582024]},"properties":{"OBJECTID":2864,"LOC_ID":"PP0058","FDMID":2925,"X_COORD":333300.90569,"Y_COORD":5366957.21329,"BEAT":"N 4","ROT_ANGLE":0,"NODE_ID":2361,"GLOBALID":"937756b6-b770-4d15-8baf-acfc5787ba53","CREATEDDATE":1520794199000,"LASTUPDATE":1643921035000}},{"type":"Feature","id":2865,"geometry":{"type":"Point","coordinates":[-89.2434605246792,48.4269254703516]},"properties":{"OBJECTID":2865,"LOC_ID":"PC0554","FDMID":2274,"X_COORD":334039.26729,"Y_COORD":5366183.06417,"BEAT":"N 3","ROT_ANGLE":0,"NODE_ID":3064,"GLOBALID":"4196525c-388b-426c-a133-bfefd65f2a94","CREATEDDATE":1520794199000,"LASTUPDATE":1643921035000}},{"type":"Feature","id":2866,"geometry":{"type":"Point","coordinates":[-89.249470296085,48.4280842420864]},"properties":{"OBJECTID":2866,"LOC_ID":"PC0611","FDMID":2330,"X_COORD":333598.49391,"Y_COORD":5366324.90737,"BEAT":"N 5","ROT_ANGLE":0,"NODE_ID":1576,"GLOBALID":"8b7a32a5-fc9d-4221-93b1-09d46f3dd2f6","CREATEDDATE":1520794199000,"LASTUPDATE":1644354798000}},{"type":"Feature","id":2867,"geometry":{"type":"Point","coordinates":[-89.2357019017321,48.4227726749238]},"properties":{"OBJECTID":2867,"LOC_ID":"PC0669","FDMID":2388,"X_COORD":334599.70633,"Y_COORD":5365704.70897,"BEAT":"N 3","ROT_ANGLE":0,"NODE_ID":4465,"GLOBALID":"ab6bf9a9-2dcc-40e4-bc48-cb13474ba1f3","CREATEDDATE":1520794199000,"LASTUPDATE":1644351599000}},{"type":"Feature","id":2868,"geometry":{"type":"Point","coordinates":[-89.2447147562204,48.4250550423843]},"properties":{"OBJECTID":2868,"LOC_ID":"PC0602","FDMID":2321,"X_COORD":333940.39292,"Y_COORD":5365977.89579,"BEAT":"N 3","ROT_ANGLE":0,"NODE_ID":10174,"GLOBALID":"e7cebd55-ba3d-4c24-9cd3-62a5b67b049e","CREATEDDATE":1520794199000,"LASTUPDATE":1644362089000}},{"type":"Feature","id":2869,"geometry":{"type":"Point","coordinates":[-89.2702004199039,48.4260717190483]},"properties":{"OBJECTID":2869,"LOC_ID":"PP0218","FDMID":3707,"X_COORD":332058.45603,"Y_COORD":5366146.50072,"BEAT":"N 1","ROT_ANGLE":0,"NODE_ID":341,"GLOBALID":"77a6c680-d12b-4567-bc3d-88c65c3d214e","CREATEDDATE":1520794199000,"LASTUPDATE":1643921036000}},{"type":"Feature","id":2870,"geometry":{"type":"Point","coordinates":[-89.2892810081574,48.4182282946432]},"properties":{"OBJECTID":2870,"LOC_ID":"MC0193","FDMID":3190,"X_COORD":330620.95561,"Y_COORD":5365316.78475,"BEAT":"N 1","ROT_ANGLE":0,"NODE_ID":9640,"GLOBALID":"09fee3de-39f6-43e8-9fbf-1b82c6aa2a6e","CREATEDDATE":1520794199000,"LASTUPDATE":1643921036000}},{"type":"Feature","id":2871,"geometry":{"type":"Point","coordinates":[-89.2816409777413,48.4114861100909]},"properties":{"OBJECTID":2871,"LOC_ID":"PC0440","FDMID":3503,"X_COORD":331163.85686,"Y_COORD":5364550.56958,"BEAT":"N 1","ROT_ANGLE":0,"NODE_ID":9945,"GLOBALID":"fc01c137-b6c1-45bc-ad77-7c9acb3fcdb9","CREATEDDATE":1520794199000,"LASTUPDATE":1643921036000}},{"type":"Feature","id":2872,"geometry":{"type":"Point","coordinates":[-89.270885306025,48.4111212233204]},"properties":{"OBJECTID":2872,"LOC_ID":"PC1046","FDMID":2760,"X_COORD":331958.50467,"Y_COORD":5364486.35505,"BEAT":"N 1","ROT_ANGLE":0,"NODE_ID":74,"GLOBALID":"7bfaeefd-993d-40e7-a3d8-9fb86e6219fb","CREATEDDATE":1520794199000,"LASTUPDATE":1643921036000}},{"type":"Feature","id":2873,"geometry":{"type":"Point","coordinates":[-89.2657741642545,48.4028133785321]},"properties":{"OBJECTID":2873,"LOC_ID":"PP0150","FDMID":3398,"X_COORD":332309.38953,"Y_COORD":5363551.79966,"BEAT":"N 1","ROT_ANGLE":0,"NODE_ID":1239,"GLOBALID":"a9cccef6-ac14-448d-b8d6-ff2be63c8762","CREATEDDATE":1520794199000,"LASTUPDATE":1643921036000}},{"type":"Feature","id":2874,"geometry":{"type":"Point","coordinates":[-89.2743413833219,48.4066301914293]},"properties":{"OBJECTID":2874,"LOC_ID":"PC1043","FDMID":2757,"X_COORD":331686.99106,"Y_COORD":5363994.07678,"BEAT":"N 1","ROT_ANGLE":0,"NODE_ID":9816,"GLOBALID":"e440fd33-28f2-4697-b792-c6d20063b597","CREATEDDATE":1520794199000,"LASTUPDATE":1643921036000}},{"type":"Feature","id":2875,"geometry":{"type":"Point","coordinates":[-89.2805063290564,48.4026891085673]},"properties":{"OBJECTID":2875,"LOC_ID":"FC1146","FDMID":1135,"X_COORD":331218.69103,"Y_COORD":5363570.34455,"BEAT":"S 1","ROT_ANGLE":0,"NODE_ID":4885,"GLOBALID":"e66dc1a0-6e2c-4280-968d-6eb5d1999b22","CREATEDDATE":1520794199000,"LASTUPDATE":1643921036000}},{"type":"Feature","id":2876,"geometry":{"type":"Point","coordinates":[-89.284623440623,48.3975057345909]},"properties":{"OBJECTID":2876,"LOC_ID":"FC0988","FDMID":979,"X_COORD":330896.80918,"Y_COORD":5363003.33451,"BEAT":"S 4","ROT_ANGLE":0,"NODE_ID":6653,"GLOBALID":"078ec299-6825-46be-9470-d155b693a459","CREATEDDATE":1520794199000,"LASTUPDATE":1643921036000}},{"type":"Feature","id":2877,"geometry":{"type":"Point","coordinates":[-89.2767953851601,48.3977113131682]},"properties":{"OBJECTID":2877,"LOC_ID":"FC0993","FDMID":984,"X_COORD":331476.87727,"Y_COORD":5363008.92631,"BEAT":"S 4","ROT_ANGLE":0,"NODE_ID":6777,"GLOBALID":"f1e75c71-1244-4572-b1c5-03c9e5cbc321","CREATEDDATE":1520794199000,"LASTUPDATE":1643921036000}},{"type":"Feature","id":2878,"geometry":{"type":"Point","coordinates":[-89.2376616399129,48.3975535923561]},"properties":{"OBJECTID":2878,"LOC_ID":"FC0005","FDMID":47,"X_COORD":334372.80099,"Y_COORD":5362906.00971,"BEAT":"S 11","ROT_ANGLE":0,"NODE_ID":10366,"GLOBALID":"33d84b36-0355-47e3-92ef-8d4c09274e83","CREATEDDATE":1520794199000,"LASTUPDATE":1643921036000}},{"type":"Feature","id":2879,"geometry":{"type":"Point","coordinates":[-89.2551850547902,48.3976719515412]},"properties":{"OBJECTID":2879,"LOC_ID":"FC0608","FDMID":600,"X_COORD":333076.23292,"Y_COORD":5362957.23582,"BEAT":"S 9","ROT_ANGLE":0,"NODE_ID":9596,"GLOBALID":"1c052ec9-98a6-4233-a67e-bf5bcfedf1a0","CREATEDDATE":1520794199000,"LASTUPDATE":1643921036000}},{"type":"Feature","id":2880,"geometry":{"type":"Point","coordinates":[-89.2524792879889,48.3978035957597]},"properties":{"OBJECTID":2880,"LOC_ID":"FC1129","FDMID":1118,"X_COORD":333276.92361,"Y_COORD":5362965.969,"BEAT":"S 9","ROT_ANGLE":0,"NODE_ID":1452,"GLOBALID":"86df83f9-96b1-43c2-8855-78a3ac33d47d","CREATEDDATE":1520794199000,"LASTUPDATE":1643921036000}},{"type":"Feature","id":2881,"geometry":{"type":"Point","coordinates":[-89.2866315572658,48.3958195216226]},"properties":{"OBJECTID":2881,"LOC_ID":"FC1114","FDMID":1103,"X_COORD":330747.55734,"Y_COORD":5362816.06257,"BEAT":"S 4","ROT_ANGLE":0,"NODE_ID":5476,"GLOBALID":"5aeb49f9-d11e-4967-a7e9-3a86dcfdcc79","CREATEDDATE":1520794199000,"LASTUPDATE":1643921036000}},{"type":"Feature","id":2882,"geometry":{"type":"Point","coordinates":[-89.2830806298984,48.3955875854036]},"properties":{"OBJECTID":2882,"LOC_ID":"FC0982","FDMID":973,"X_COORD":331004.6461,"Y_COORD":5362786.74187,"BEAT":"S 4","ROT_ANGLE":0,"NODE_ID":7255,"GLOBALID":"739f4ebb-76ab-48a9-befb-c1691b517d00","CREATEDDATE":1520794199000,"LASTUPDATE":1643921036000}},{"type":"Feature","id":2883,"geometry":{"type":"Point","coordinates":[-89.2893847194507,48.3937891912144]},"properties":{"OBJECTID":2883,"LOC_ID":"FC0881","FDMID":872,"X_COORD":330536.01839,"Y_COORD":5362598.61745,"BEAT":"S 4","ROT_ANGLE":0,"NODE_ID":7027,"GLOBALID":"63fd135b-1d0f-41b8-9f4b-f8fb8138421c","CREATEDDATE":1520794199000,"LASTUPDATE":1643921036000}},{"type":"Feature","id":2884,"geometry":{"type":"Point","coordinates":[-89.2830887154908,48.3916923464743]},"properties":{"OBJECTID":2884,"LOC_ID":"FC0870","FDMID":861,"X_COORD":330991.14466,"Y_COORD":5362353.8346,"BEAT":"S 1","ROT_ANGLE":0,"NODE_ID":7829,"GLOBALID":"cc9cbd40-662c-49ce-bdbe-0cb8d3f0c01a","CREATEDDATE":1520794199000,"LASTUPDATE":1643921036000}},{"type":"Feature","id":2885,"geometry":{"type":"Point","coordinates":[-89.2867486527135,48.3907260570737]},"properties":{"OBJECTID":2885,"LOC_ID":"FC0931","FDMID":922,"X_COORD":330717.02294,"Y_COORD":5362254.52401,"BEAT":"S 1","ROT_ANGLE":0,"NODE_ID":5625,"GLOBALID":"f6bb6820-02fa-446c-ae4e-43327b3772f0","CREATEDDATE":1520794199000,"LASTUPDATE":1643921036000}},{"type":"Feature","id":2886,"geometry":{"type":"Point","coordinates":[-89.2481183109151,48.391087129548]},"properties":{"OBJECTID":2886,"LOC_ID":"FC0729","FDMID":720,"X_COORD":333578.31727,"Y_COORD":5362222.04196,"BEAT":"S 9","ROT_ANGLE":0,"NODE_ID":8201,"GLOBALID":"cd58692e-1aab-40db-a34c-606d68942f74","CREATEDDATE":1520794199000,"LASTUPDATE":1643921036000}},{"type":"Feature","id":2887,"geometry":{"type":"Point","coordinates":[-89.3557666227464,48.3882702191594]},"properties":{"OBJECTID":2887,"LOC_ID":"NC0421","FDMID":1595,"X_COORD":325599.71324,"Y_COORD":5362136.45911,"BEAT":"S 13","ROT_ANGLE":0,"NODE_ID":1948,"GLOBALID":"1c030564-4500-42b5-b7ba-c23e0e79c202","CREATEDDATE":1520794199000,"LASTUPDATE":1643921036000}},{"type":"Feature","id":2888,"geometry":{"type":"Point","coordinates":[-89.2380565767943,48.3883936059405]},"properties":{"OBJECTID":2888,"LOC_ID":"FC0342","FDMID":337,"X_COORD":334313.97731,"Y_COORD":5361890.17867,"BEAT":"S 11","ROT_ANGLE":0,"NODE_ID":9224,"GLOBALID":"58bc8070-db70-43f1-9bbc-b0262977421c","CREATEDDATE":1520794199000,"LASTUPDATE":1670876964000}},{"type":"Feature","id":2889,"geometry":{"type":"Point","coordinates":[-89.2743822932935,48.3878066352121]},"properties":{"OBJECTID":2889,"LOC_ID":"FC0902","FDMID":893,"X_COORD":331622.79394,"Y_COORD":5361902.78769,"BEAT":"S 7","ROT_ANGLE":0,"NODE_ID":10390,"GLOBALID":"deaed127-87ca-4c92-8a99-a6124074d78f","CREATEDDATE":1520794199000,"LASTUPDATE":1643921036000}},{"type":"Feature","id":2890,"geometry":{"type":"Point","coordinates":[-89.253755014765,48.3873204307734]},"properties":{"OBJECTID":2890,"LOC_ID":"FC0186","FDMID":182,"X_COORD":333148.20579,"Y_COORD":5361803.60177,"BEAT":"S 9","ROT_ANGLE":0,"NODE_ID":582,"GLOBALID":"616930a4-cceb-4461-9a75-2a6921caf29e","CREATEDDATE":1520794199000,"LASTUPDATE":1643921036000}},{"type":"Feature","id":2891,"geometry":{"type":"Point","coordinates":[-89.2772336098752,48.3854198736222]},"properties":{"OBJECTID":2891,"LOC_ID":"FC0454","FDMID":446,"X_COORD":331403.83151,"Y_COORD":5361643.78814,"BEAT":"S 7","ROT_ANGLE":0,"NODE_ID":3106,"GLOBALID":"0d819f39-17b0-4741-8142-ef241ea672a0","CREATEDDATE":1520794199000,"LASTUPDATE":1644006753000}},{"type":"Feature","id":2892,"geometry":{"type":"Point","coordinates":[-89.3556427113568,48.383297478658]},"properties":{"OBJECTID":2892,"LOC_ID":"NC0417","FDMID":1591,"X_COORD":325591.88885,"Y_COORD":5361583.49732,"BEAT":"S 13","ROT_ANGLE":0,"NODE_ID":10047,"GLOBALID":"f7a1a115-4ae7-4ce2-b7b4-32c28ef4eacb","CREATEDDATE":1520794199000,"LASTUPDATE":1643921036000}},{"type":"Feature","id":2893,"geometry":{"type":"Point","coordinates":[-89.2486402366771,48.3823926555979]},"properties":{"OBJECTID":2893,"LOC_ID":"FC0214","FDMID":210,"X_COORD":333510.75913,"Y_COORD":5361244.77578,"BEAT":"S 10","ROT_ANGLE":0,"NODE_ID":2145,"GLOBALID":"6ada6c58-99a8-4e05-99ae-13c39917b841","CREATEDDATE":1520794199000,"LASTUPDATE":1643921036000}},{"type":"Feature","id":2894,"geometry":{"type":"Point","coordinates":[-89.3700950204256,48.3806852024589]},"properties":{"OBJECTID":2894,"LOC_ID":"NC0268","FDMID":1444,"X_COORD":324512.96149,"Y_COORD":5361326.15972,"BEAT":"S 13","ROT_ANGLE":0,"NODE_ID":2065,"GLOBALID":"5c613045-47ee-4a11-a810-c080ce9e03ab","CREATEDDATE":1520794199000,"LASTUPDATE":1643921036000}},{"type":"Feature","id":2895,"geometry":{"type":"Point","coordinates":[-89.3039468134096,48.3815528957841]},"properties":{"OBJECTID":2895,"LOC_ID":"FC0831","FDMID":822,"X_COORD":329413.30965,"Y_COORD":5361273.13828,"BEAT":"S 2","ROT_ANGLE":0,"NODE_ID":1970,"GLOBALID":"f2c9e17b-d369-49d8-b632-19a7ef73f227","CREATEDDATE":1520794199000,"LASTUPDATE":1643921036000}},{"type":"Feature","id":2896,"geometry":{"type":"Point","coordinates":[-89.3804845157167,48.3786773294918]},"properties":{"OBJECTID":2896,"LOC_ID":"NC0317","FDMID":1493,"X_COORD":323736.81941,"Y_COORD":5361126.85041,"BEAT":"S 13","ROT_ANGLE":0,"NODE_ID":9926,"GLOBALID":"28047f87-c528-4ff8-879b-0b3a79f47739","CREATEDDATE":1520794199000,"LASTUPDATE":1643921036000}},{"type":"Feature","id":2897,"geometry":{"type":"Point","coordinates":[-89.3114868912601,48.3794201800199]},"properties":{"OBJECTID":2897,"LOC_ID":"NC0262","FDMID":1438,"X_COORD":328847.91394,"Y_COORD":5361052.92145,"BEAT":"S 2","ROT_ANGLE":0,"NODE_ID":2854,"GLOBALID":"b4765665-84d9-4baa-aaa1-46bf8f745dfe","CREATEDDATE":1520794199000,"LASTUPDATE":1643921036000}},{"type":"Feature","id":2898,"geometry":{"type":"Point","coordinates":[-89.2496553575411,48.377457688947]},"properties":{"OBJECTID":2898,"LOC_ID":"FC0449","FDMID":3279,"X_COORD":333419.49052,"Y_COORD":5360698.49329,"BEAT":"S 10","ROT_ANGLE":0,"NODE_ID":6627,"GLOBALID":"cefecc11-9711-4236-aae5-fb301ed799c7","CREATEDDATE":1520794199000,"LASTUPDATE":1643921036000}},{"type":"Feature","id":2899,"geometry":{"type":"Point","coordinates":[-89.3842569235544,48.3735589213023]},"properties":{"OBJECTID":2899,"LOC_ID":"NC0334","FDMID":1509,"X_COORD":323439.81051,"Y_COORD":5360566.6643,"BEAT":"S 14","ROT_ANGLE":0,"NODE_ID":9980,"GLOBALID":"89391a6b-c711-4d9c-9cdf-992a65bd3b09","CREATEDDATE":1520794199000,"LASTUPDATE":1643921036000}},{"type":"Feature","id":2900,"geometry":{"type":"Point","coordinates":[-89.3655317572692,48.3671650009599]},"properties":{"OBJECTID":2900,"LOC_ID":"NC0063","FDMID":1241,"X_COORD":324804.42696,"Y_COORD":5359813.04228,"BEAT":"S 14","ROT_ANGLE":0,"NODE_ID":3749,"GLOBALID":"daaf971a-e8fe-4adb-abc5-10e370cd11e7","CREATEDDATE":1520794199000,"LASTUPDATE":1643921036000}},{"type":"Feature","id":2901,"geometry":{"type":"Point","coordinates":[-89.3525145091879,48.363061600198]},"properties":{"OBJECTID":2901,"LOC_ID":"NC0651","FDMID":1701,"X_COORD":325754.44194,"Y_COORD":5359327.29277,"BEAT":"S 15","ROT_ANGLE":0,"NODE_ID":1504,"GLOBALID":"293f98b0-e989-42ca-9cd1-975dcf0a62a2","CREATEDDATE":1520794199000,"LASTUPDATE":1643921036000}},{"type":"Feature","id":2902,"geometry":{"type":"Point","coordinates":[-89.261522187944,48.367354743135]},"properties":{"OBJECTID":2902,"LOC_ID":"FC0706","FDMID":697,"X_COORD":332506.4358,"Y_COORD":5359607.9274,"BEAT":"S 6","ROT_ANGLE":0,"NODE_ID":9283,"GLOBALID":"935527be-af80-47ce-b0ec-5d4c9c09dfb3","CREATEDDATE":1520794199000,"LASTUPDATE":1643921037000}},{"type":"Feature","id":2903,"geometry":{"type":"Point","coordinates":[-89.2759314061573,48.3650065421755]},"properties":{"OBJECTID":2903,"LOC_ID":"FC0288","FDMID":283,"X_COORD":331432.84911,"Y_COORD":5359372.1235,"BEAT":"S 6","ROT_ANGLE":0,"NODE_ID":8580,"GLOBALID":"219803f3-8185-4779-bcc4-515912e4ed08","CREATEDDATE":1520794199000,"LASTUPDATE":1643921037000}},{"type":"Feature","id":2904,"geometry":{"type":"Point","coordinates":[-89.3075783479179,48.3649887282727]},"properties":{"OBJECTID":2904,"LOC_ID":"NC0330","FDMID":1506,"X_COORD":329093.25513,"Y_COORD":5359436.4051,"BEAT":"S 3","ROT_ANGLE":0,"NODE_ID":2869,"GLOBALID":"512a0a67-97b8-4af3-b714-b49cc4b4ba0d","CREATEDDATE":1520794199000,"LASTUPDATE":1675286030000}},{"type":"Feature","id":2905,"geometry":{"type":"Point","coordinates":[-89.2902606307056,48.3639169267544]},"properties":{"OBJECTID":2905,"LOC_ID":"FC0318","FDMID":313,"X_COORD":330368.00943,"Y_COORD":5359282.64049,"BEAT":"S 3","ROT_ANGLE":0,"NODE_ID":6082,"GLOBALID":"b3a33414-35b8-4448-ba29-81c13f36b008","CREATEDDATE":1520794199000,"LASTUPDATE":1643921037000}},{"type":"Feature","id":2906,"geometry":{"type":"Point","coordinates":[-89.3244844265007,48.3625783673333]},"properties":{"OBJECTID":2906,"LOC_ID":"NC0187","FDMID":1364,"X_COORD":327829.90972,"Y_COORD":5359220.86359,"BEAT":"S 15","ROT_ANGLE":0,"NODE_ID":9151,"GLOBALID":"99f909c4-5582-41e7-a6fe-ee3b98e11d2a","CREATEDDATE":1520794199000,"LASTUPDATE":1643921037000}},{"type":"Feature","id":2907,"geometry":{"type":"Point","coordinates":[-89.2836583094541,48.3617420346652]},"properties":{"OBJECTID":2907,"LOC_ID":"FC0422","FDMID":416,"X_COORD":330849.7894,"Y_COORD":5359026.32125,"BEAT":"S 3","ROT_ANGLE":0,"NODE_ID":9317,"GLOBALID":"d7695620-5ed1-4012-b93a-800ca7acb63d","CREATEDDATE":1520794199000,"LASTUPDATE":1643921037000}},{"type":"Feature","id":2908,"geometry":{"type":"Point","coordinates":[-89.2693246250061,48.3536676228387]},"properties":{"OBJECTID":2908,"LOC_ID":"FP0018","FDMID":3288,"X_COORD":331884.83145,"Y_COORD":5358097.36381,"BEAT":"S 12","ROT_ANGLE":0,"NODE_ID":8495,"GLOBALID":"9ae1dfde-e11b-4f7e-b828-2e37cecb31f9","CREATEDDATE":1520794199000,"LASTUPDATE":1643921037000}},{"type":"Feature","id":2909,"geometry":{"type":"Point","coordinates":[-89.2148560609391,48.4620351605794]},"properties":{"OBJECTID":2909,"LOC_ID":"PC0258","FDMID":1981,"X_COORD":336268.10083,"Y_COORD":5370023.72338,"BEAT":"N 9","ROT_ANGLE":0,"NODE_ID":1004,"GLOBALID":"e356fc6c-12a7-4dfc-ad40-cd2a788b32f7","CREATEDDATE":1520794199000,"LASTUPDATE":1644267319000}},{"type":"Feature","id":2910,"geometry":{"type":"Point","coordinates":[-89.2093109962533,48.4591601689637]},"properties":{"OBJECTID":2910,"LOC_ID":"PC0287","FDMID":2010,"X_COORD":336668.77181,"Y_COORD":5369692.32293,"BEAT":"N 9","ROT_ANGLE":0,"NODE_ID":5267,"GLOBALID":"364e664c-b5d0-403f-b3d1-9fedebee8428","CREATEDDATE":1520794199000,"LASTUPDATE":1643921037000}},{"type":"Feature","id":2911,"geometry":{"type":"Point","coordinates":[-89.1908463237972,48.4524012952139]},"properties":{"OBJECTID":2911,"LOC_ID":"PC1187","FDMID":3390,"X_COORD":338012.26621,"Y_COORD":5368901.85586,"BEAT":"N 11","ROT_ANGLE":0,"NODE_ID":10530,"GLOBALID":"c9cdbd86-d6e3-4253-9bc3-d89e86cbd7a8","CREATEDDATE":1520794199000,"LASTUPDATE":1643921037000}},{"type":"Feature","id":2912,"geometry":{"type":"Point","coordinates":[-89.2838888502422,48.450291259733]},"properties":{"OBJECTID":2912,"LOC_ID":"MC0329","FDMID":3721,"X_COORD":331126.2223,"Y_COORD":5368868.48805,"BEAT":"N 15","ROT_ANGLE":0,"NODE_ID":8968,"GLOBALID":"b5ab159b-6ca8-4f4d-98bf-c558febb7633","CREATEDDATE":1520794199000,"LASTUPDATE":1643921037000}},{"type":"Feature","id":2913,"geometry":{"type":"Point","coordinates":[-89.2715144311398,48.4465990840208]},"properties":{"OBJECTID":2913,"LOC_ID":"MC0114","FDMID":3111,"X_COORD":332028.96508,"Y_COORD":5368430.89496,"BEAT":"N 13","ROT_ANGLE":0,"NODE_ID":9165,"GLOBALID":"2ddd377f-5e40-4657-bd83-bd48f311a08e","CREATEDDATE":1520794199000,"LASTUPDATE":1643921037000}},{"type":"Feature","id":2914,"geometry":{"type":"Point","coordinates":[-89.211819136996,48.4482323826974]},"properties":{"OBJECTID":2914,"LOC_ID":"PC0130","FDMID":1853,"X_COORD":336453.12253,"Y_COORD":5368486.07166,"BEAT":"N 10","ROT_ANGLE":0,"NODE_ID":5272,"GLOBALID":"cedfaf25-cb92-43b1-87af-1819d8fcba1a","CREATEDDATE":1520794199000,"LASTUPDATE":1643921037000}},{"type":"Feature","id":2915,"geometry":{"type":"Point","coordinates":[-89.2282338665613,48.4480298006343]},"properties":{"OBJECTID":2915,"LOC_ID":"PC0380","FDMID":2103,"X_COORD":335233.87696,"Y_COORD":5368495.81298,"BEAT":"N 8","ROT_ANGLE":0,"NODE_ID":8063,"GLOBALID":"7c2f1c02-265a-4be0-b9af-56bc16309b3c","CREATEDDATE":1520794199000,"LASTUPDATE":1643921037000}},{"type":"Feature","id":2916,"geometry":{"type":"Point","coordinates":[-89.2541788609407,48.4464923973538]},"properties":{"OBJECTID":2916,"LOC_ID":"PC1110","FDMID":2824,"X_COORD":333310.44246,"Y_COORD":5368381.13061,"BEAT":"N 4","ROT_ANGLE":0,"NODE_ID":10363,"GLOBALID":"6d273c67-2322-448e-b803-b96434f4bfd0","CREATEDDATE":1520794199000,"LASTUPDATE":1643921037000}},{"type":"Feature","id":2917,"geometry":{"type":"Point","coordinates":[-89.2425354896114,48.4462491875373]},"properties":{"OBJECTID":2917,"LOC_ID":"PC0506","FDMID":3310,"X_COORD":334170.6022,"Y_COORD":5368328.80702,"BEAT":"N 8","ROT_ANGLE":0,"NODE_ID":8736,"GLOBALID":"d389f7a9-6bc8-4fae-98c5-5f0910ff80d0","CREATEDDATE":1520794199000,"LASTUPDATE":1643921037000}},{"type":"Feature","id":2918,"geometry":{"type":"Point","coordinates":[-89.2228928984265,48.4466349013261]},"properties":{"OBJECTID":2918,"LOC_ID":"PC0385","FDMID":2108,"X_COORD":335624.29436,"Y_COORD":5368329.28702,"BEAT":"N 9","ROT_ANGLE":0,"NODE_ID":4254,"GLOBALID":"d49705c9-d669-48e6-af59-3bd0510c9e6e","CREATEDDATE":1520794199000,"LASTUPDATE":1643921037000}},{"type":"Feature","id":2919,"geometry":{"type":"Point","coordinates":[-89.2101914405521,48.4457897989206]},"properties":{"OBJECTID":2919,"LOC_ID":"PC0114","FDMID":1837,"X_COORD":336560.77129,"Y_COORD":5368208.15294,"BEAT":"N 10","ROT_ANGLE":0,"NODE_ID":1166,"GLOBALID":"931f0a5a-c5a2-43da-bca1-dbd28f8584e3","CREATEDDATE":1520794199000,"LASTUPDATE":1643921037000}},{"type":"Feature","id":2920,"geometry":{"type":"Point","coordinates":[-89.2432588661878,48.4429527339219]},"properties":{"OBJECTID":2920,"LOC_ID":"PC0510","FDMID":2231,"X_COORD":334106.37385,"Y_COORD":5367963.99064,"BEAT":"N 8","ROT_ANGLE":0,"NODE_ID":7501,"GLOBALID":"1971ca1e-dd5c-4ccb-a219-335ac45c14a6","CREATEDDATE":1520794199000,"LASTUPDATE":1643921037000}},{"type":"Feature","id":2921,"geometry":{"type":"Point","coordinates":[-89.2573714837354,48.4414218913404]},"properties":{"OBJECTID":2921,"LOC_ID":"PC1006","FDMID":2720,"X_COORD":333057.75023,"Y_COORD":5367824.53745,"BEAT":"N 4","ROT_ANGLE":0,"NODE_ID":9621,"GLOBALID":"abfc3f6e-5ca4-4436-8beb-3cae9d114883","CREATEDDATE":1520794199000,"LASTUPDATE":1643921037000}},{"type":"Feature","id":2922,"geometry":{"type":"Point","coordinates":[-89.2258597907397,48.4391831426767]},"properties":{"OBJECTID":2922,"LOC_ID":"PC0309","FDMID":2031,"X_COORD":335380.60156,"Y_COORD":5367509.40555,"BEAT":"N 6","ROT_ANGLE":0,"NODE_ID":1158,"GLOBALID":"341f8bbd-e3f5-4542-bc13-04b0b7b68609","CREATEDDATE":1520794199000,"LASTUPDATE":1644364785000}},{"type":"Feature","id":2923,"geometry":{"type":"Point","coordinates":[-89.2620094307587,48.4380039441628]},"properties":{"OBJECTID":2923,"LOC_ID":"PC0942","FDMID":2658,"X_COORD":332703.54479,"Y_COORD":5367454.77745,"BEAT":"N 4","ROT_ANGLE":0,"NODE_ID":8006,"GLOBALID":"bdee7460-0de7-47e7-9586-872e0dee06be","CREATEDDATE":1520794199000,"LASTUPDATE":1643921037000}},{"type":"Feature","id":2924,"geometry":{"type":"Point","coordinates":[-89.2190812916095,48.4384794856486]},"properties":{"OBJECTID":2924,"LOC_ID":"PC0396","FDMID":2119,"X_COORD":335879.86915,"Y_COORD":5367414.66993,"BEAT":"N7","ROT_ANGLE":0,"NODE_ID":2293,"GLOBALID":"9b90bf6c-79b9-456e-b50e-87935fa23447","CREATEDDATE":1520794199000,"LASTUPDATE":1643921037000}},{"type":"Feature","id":2925,"geometry":{"type":"Point","coordinates":[-89.222557112639,48.4331393221333]},"properties":{"OBJECTID":2925,"LOC_ID":"PP0141","FDMID":3367,"X_COORD":335605.5823,"Y_COORD":5366828.58942,"BEAT":"N7","ROT_ANGLE":0,"NODE_ID":6731,"GLOBALID":"e253e7d1-abd0-478f-bda3-1affc9d16283","CREATEDDATE":1520794199000,"LASTUPDATE":1643921037000}},{"type":"Feature","id":2926,"geometry":{"type":"Point","coordinates":[-89.2224763319662,48.4319684173235]},"properties":{"OBJECTID":2926,"LOC_ID":"PC0437","FDMID":2159,"X_COORD":335607.77776,"Y_COORD":5366698.27621,"BEAT":"N7","ROT_ANGLE":0,"NODE_ID":9473,"GLOBALID":"d5311926-73d8-4d73-b738-419e5cfbe969","CREATEDDATE":1520794199000,"LASTUPDATE":1643921037000}},{"type":"Feature","id":2927,"geometry":{"type":"Point","coordinates":[-89.2446403521321,48.4298657441714]},"properties":{"OBJECTID":2927,"LOC_ID":"PC0605","FDMID":2324,"X_COORD":333961.57513,"Y_COORD":5366512.42072,"BEAT":"N 5","ROT_ANGLE":0,"NODE_ID":942,"GLOBALID":"7180b307-fc19-4cd1-a73e-e2b4b5f35dca","CREATEDDATE":1520794199000,"LASTUPDATE":1643921037000}},{"type":"Feature","id":2928,"geometry":{"type":"Point","coordinates":[-89.234369651288,48.4269367763957]},"properties":{"OBJECTID":2928,"LOC_ID":"PC1221","FDMID":0,"X_COORD":334711.77315,"Y_COORD":5366164.64677,"BEAT":null,"ROT_ANGLE":0,"NODE_ID":8957,"GLOBALID":"af0b4d99-92eb-4e76-909f-3ec42a4bbef9","CREATEDDATE":1520794199000,"LASTUPDATE":1643921037000}},{"type":"Feature","id":2929,"geometry":{"type":"Point","coordinates":[-89.2254364825067,48.4176412538844]},"properties":{"OBJECTID":2929,"LOC_ID":"PP0165","FDMID":2397,"X_COORD":335342.53385,"Y_COORD":5365112.2556,"BEAT":"N 14","ROT_ANGLE":0,"NODE_ID":1573,"GLOBALID":"7d907441-4277-4a32-aa2a-5d8ecd157df1","CREATEDDATE":1520794199000,"LASTUPDATE":1643921037000}},{"type":"Feature","id":2930,"geometry":{"type":"Point","coordinates":[-89.2473783749235,48.4229524828557]},"properties":{"OBJECTID":2930,"LOC_ID":"PC0951","FDMID":2667,"X_COORD":333736.49148,"Y_COORD":5365749.99153,"BEAT":"N 3","ROT_ANGLE":0,"NODE_ID":608,"GLOBALID":"a9f17f45-abee-4853-a729-6395e41d2dea","CREATEDDATE":1520794199000,"LASTUPDATE":1643921037000}},{"type":"Feature","id":2931,"geometry":{"type":"Point","coordinates":[-89.233137233219,48.4215293264439]},"properties":{"OBJECTID":2931,"LOC_ID":"PC0086","FDMID":1809,"X_COORD":334787.25475,"Y_COORD":5365558.38705,"BEAT":"N 3","ROT_ANGLE":0,"NODE_ID":5261,"GLOBALID":"10d69a6e-61a5-4c68-b3cf-4bd90119eff8","CREATEDDATE":1520794199000,"LASTUPDATE":1643921037000}},{"type":"Feature","id":2932,"geometry":{"type":"Point","coordinates":[-89.2732729345657,48.4168744544157]},"properties":{"OBJECTID":2932,"LOC_ID":"PP0106","FDMID":2970,"X_COORD":331800.81788,"Y_COORD":5365131.02936,"BEAT":"N 1","ROT_ANGLE":0,"NODE_ID":2006,"GLOBALID":"bfe23b91-9df5-463d-bdc5-709ff9eb3346","CREATEDDATE":1520794199000,"LASTUPDATE":1643921037000}},{"type":"Feature","id":2933,"geometry":{"type":"Point","coordinates":[-89.2385580685829,48.4192507188521]},"properties":{"OBJECTID":2933,"LOC_ID":"PC0702","FDMID":2421,"X_COORD":334376.96662,"Y_COORD":5365319.43972,"BEAT":"N 2","ROT_ANGLE":0,"NODE_ID":2909,"GLOBALID":"549265cf-a63a-4317-b1ab-79648dd41f7b","CREATEDDATE":1520794199000,"LASTUPDATE":1643921037000}},{"type":"Feature","id":2934,"geometry":{"type":"Point","coordinates":[-89.2829056624486,48.4117466382012]},"properties":{"OBJECTID":2934,"LOC_ID":"PC0676","FDMID":3504,"X_COORD":331071.1421,"Y_COORD":5364582.31486,"BEAT":"N 1","ROT_ANGLE":0,"NODE_ID":7699,"GLOBALID":"3e986da4-cb9e-4534-94db-08c86cf66005","CREATEDDATE":1520794199000,"LASTUPDATE":1643921037000}},{"type":"Feature","id":2935,"geometry":{"type":"Point","coordinates":[-89.2557555288038,48.4109485218505]},"properties":{"OBJECTID":2935,"LOC_ID":"PC1030","FDMID":2744,"X_COORD":333077.46505,"Y_COORD":5364434.07243,"BEAT":"N 2","ROT_ANGLE":0,"NODE_ID":748,"GLOBALID":"4840fc1c-e27c-48ad-8e02-4df817b27f61","CREATEDDATE":1520794199000,"LASTUPDATE":1643921037000}},{"type":"Feature","id":2936,"geometry":{"type":"Point","coordinates":[-89.2757290644398,48.4038516613148]},"properties":{"OBJECTID":2936,"LOC_ID":"FP0067","FDMID":3339,"X_COORD":331576.07983,"Y_COORD":5363689.0346,"BEAT":"S 1","ROT_ANGLE":0,"NODE_ID":3639,"GLOBALID":"54cee1bc-edfd-4f5b-96b7-a21ad7936ad8","CREATEDDATE":1520794199000,"LASTUPDATE":1643921038000}},{"type":"Feature","id":2937,"geometry":{"type":"Point","coordinates":[-89.2781087400261,48.4035790961647]},"properties":{"OBJECTID":2937,"LOC_ID":"FC1132","FDMID":1121,"X_COORD":331399.07119,"Y_COORD":5363663.97809,"BEAT":"S 1","ROT_ANGLE":0,"NODE_ID":2089,"GLOBALID":"0f0237ec-c43b-4406-bf43-51649aac261c","CREATEDDATE":1520794199000,"LASTUPDATE":1643921038000}},{"type":"Feature","id":2938,"geometry":{"type":"Point","coordinates":[-89.2793391415127,48.4023671720637]},"properties":{"OBJECTID":2938,"LOC_ID":"FC1127","FDMID":1116,"X_COORD":331304.00534,"Y_COORD":5363531.9914,"BEAT":"S 1","ROT_ANGLE":0,"NODE_ID":2993,"GLOBALID":"c3412a4d-f5b5-45bc-aa58-bbd1003b4fd7","CREATEDDATE":1520794199000,"LASTUPDATE":1643921038000}},{"type":"Feature","id":2939,"geometry":{"type":"Point","coordinates":[-89.2596757689127,48.4012577399038]},"properties":{"OBJECTID":2939,"LOC_ID":"PC1039","FDMID":2753,"X_COORD":332755.62108,"Y_COORD":5363365.57527,"BEAT":"N 1","ROT_ANGLE":0,"NODE_ID":6275,"GLOBALID":"3635f82e-e2f9-4bdc-9f59-fc6a0d65e22a","CREATEDDATE":1520794199000,"LASTUPDATE":1643921038000}},{"type":"Feature","id":2940,"geometry":{"type":"Point","coordinates":[-89.2364102426802,48.3984064942781]},"properties":{"OBJECTID":2940,"LOC_ID":"FC0003","FDMID":3678,"X_COORD":334468.19068,"Y_COORD":5362998.09828,"BEAT":"S 11","ROT_ANGLE":0,"NODE_ID":5087,"GLOBALID":"f7dcef21-7b9c-4393-ae89-e04ab4b9bc85","CREATEDDATE":1520794199000,"LASTUPDATE":1643921038000}},{"type":"Feature","id":2941,"geometry":{"type":"Point","coordinates":[-89.245360269767,48.3975913392242]},"properties":{"OBJECTID":2941,"LOC_ID":"FC0496","FDMID":488,"X_COORD":333803.12265,"Y_COORD":5362917.61803,"BEAT":"S 9","ROT_ANGLE":0,"NODE_ID":4455,"GLOBALID":"a6be9818-339c-4245-9af5-6fbc0228946d","CREATEDDATE":1520794199000,"LASTUPDATE":1644009140000}},{"type":"Feature","id":2942,"geometry":{"type":"Point","coordinates":[-89.2834746612155,48.3947029260833]},"properties":{"OBJECTID":2942,"LOC_ID":"FC0981","FDMID":972,"X_COORD":330946.95906,"Y_COORD":5362685.46929,"BEAT":"S 4","ROT_ANGLE":0,"NODE_ID":6392,"GLOBALID":"3a4ee81b-8373-4cff-9fd1-955d4b5fcdc6","CREATEDDATE":1520794199000,"LASTUPDATE":1643921038000}},{"type":"Feature","id":2943,"geometry":{"type":"Point","coordinates":[-89.2482693307026,48.3945630476434]},"properties":{"OBJECTID":2943,"LOC_ID":"FC0616","FDMID":608,"X_COORD":333594.34697,"Y_COORD":5362599.91998,"BEAT":"S 9","ROT_ANGLE":0,"NODE_ID":2350,"GLOBALID":"c2782d2f-cc67-4972-96fb-272429a2a833","CREATEDDATE":1520794199000,"LASTUPDATE":1643921038000}},{"type":"Feature","id":2944,"geometry":{"type":"Point","coordinates":[-89.2498512519955,48.3945628952414]},"properties":{"OBJECTID":2944,"LOC_ID":"FC0617","FDMID":609,"X_COORD":333460.84886,"Y_COORD":5362600.06129,"BEAT":"S 9","ROT_ANGLE":0,"NODE_ID":3191,"GLOBALID":"2c4f6e16-5816-47b9-8a51-67aad141e722","CREATEDDATE":1520794199000,"LASTUPDATE":1643921038000}},{"type":"Feature","id":2945,"geometry":{"type":"Point","coordinates":[-89.286987204537,48.3937779759981]},"properties":{"OBJECTID":2945,"LOC_ID":"FC0898","FDMID":889,"X_COORD":330709.48834,"Y_COORD":5362594.24804,"BEAT":"S 4","ROT_ANGLE":0,"NODE_ID":8983,"GLOBALID":"cb2e184c-ff0f-4177-a420-8c63b17c0995","CREATEDDATE":1520794199000,"LASTUPDATE":1643921038000}},{"type":"Feature","id":2946,"geometry":{"type":"Point","coordinates":[-89.2302673234499,48.3939928979383]},"properties":{"OBJECTID":2946,"LOC_ID":"FC0569","FDMID":561,"X_COORD":334908.56137,"Y_COORD":5362494.29387,"BEAT":"S 11","ROT_ANGLE":0,"NODE_ID":8354,"GLOBALID":"51bf06e9-d351-46a3-b0d8-cd5ab49e6e1a","CREATEDDATE":1520794199000,"LASTUPDATE":1643921038000}},{"type":"Feature","id":2947,"geometry":{"type":"Point","coordinates":[-89.2453342923113,48.3919329345713]},"properties":{"OBJECTID":2947,"LOC_ID":"FC0495","FDMID":487,"X_COORD":333786.61193,"Y_COORD":5362297.93956,"BEAT":"S 9","ROT_ANGLE":0,"NODE_ID":2087,"GLOBALID":"33fdae78-7c02-497b-9a95-950884c95d9e","CREATEDDATE":1520794199000,"LASTUPDATE":1643921038000}},{"type":"Feature","id":2948,"geometry":{"type":"Point","coordinates":[-89.2499238095943,48.3876820380472]},"properties":{"OBJECTID":2948,"LOC_ID":"FC0411","FDMID":405,"X_COORD":333433.00579,"Y_COORD":5361835.45073,"BEAT":"S 9","ROT_ANGLE":0,"NODE_ID":10287,"GLOBALID":"e917e9a6-c5a7-4bf9-83c8-433cc0254a8c","CREATEDDATE":1520794199000,"LASTUPDATE":1643921038000}},{"type":"Feature","id":2949,"geometry":{"type":"Point","coordinates":[-89.2580108484275,48.3867968034308]},"properties":{"OBJECTID":2949,"LOC_ID":"FC0062","FDMID":41,"X_COORD":332829.57052,"Y_COORD":5361733.13598,"BEAT":"S 8","ROT_ANGLE":0,"NODE_ID":10476,"GLOBALID":"61d90b81-30b1-4e03-89db-65a1e121fd3e","CREATEDDATE":1520794199000,"LASTUPDATE":1643921038000}},{"type":"Feature","id":2950,"geometry":{"type":"Point","coordinates":[-89.2498310351796,48.3826241954678]},"properties":{"OBJECTID":2950,"LOC_ID":"FC0409","FDMID":403,"X_COORD":333423.35382,"Y_COORD":5361273.09886,"BEAT":"S 10","ROT_ANGLE":0,"NODE_ID":3924,"GLOBALID":"aa31012c-6b1d-4b2a-a4b8-50e72f91c188","CREATEDDATE":1520794199000,"LASTUPDATE":1643921038000}},{"type":"Feature","id":2951,"geometry":{"type":"Point","coordinates":[-89.2772464103381,48.3826396076072]},"properties":{"OBJECTID":2951,"LOC_ID":"FC0452","FDMID":444,"X_COORD":331393.69903,"Y_COORD":5361334.80842,"BEAT":"S 7","ROT_ANGLE":0,"NODE_ID":3548,"GLOBALID":"093c9b15-3935-4692-82c9-03e975c17d30","CREATEDDATE":1520794199000,"LASTUPDATE":1643921038000}},{"type":"Feature","id":2952,"geometry":{"type":"Point","coordinates":[-89.3061136717052,48.3793926562752]},"properties":{"OBJECTID":2952,"LOC_ID":"NC0256","FDMID":1432,"X_COORD":329245.65577,"Y_COORD":5361037.87172,"BEAT":"S 2","ROT_ANGLE":0,"NODE_ID":9430,"GLOBALID":"a627fa11-f9d4-406b-8716-c2dfc4eecf50","CREATEDDATE":1520794199000,"LASTUPDATE":1643921038000}},{"type":"Feature","id":2953,"geometry":{"type":"Point","coordinates":[-89.3128569802346,48.3696208027888]},"properties":{"OBJECTID":2953,"LOC_ID":"NP0008","FDMID":3269,"X_COORD":328713.59305,"Y_COORD":5359966.85348,"BEAT":"S 13","ROT_ANGLE":0,"NODE_ID":4838,"GLOBALID":"242d4d78-9257-4e14-8334-8a98594df8af","CREATEDDATE":1520794199000,"LASTUPDATE":1643921038000}},{"type":"Feature","id":2954,"geometry":{"type":"Point","coordinates":[-89.3770428132827,48.3762850708044]},"properties":{"OBJECTID":2954,"LOC_ID":"NC0540","FDMID":3466,"X_COORD":323983.39605,"Y_COORD":5360853.05559,"BEAT":"S 14","ROT_ANGLE":0,"NODE_ID":7054,"GLOBALID":"c3b5e2e9-548f-49df-941a-42df8184cc6d","CREATEDDATE":1520794199000,"LASTUPDATE":1643921038000}},{"type":"Feature","id":2955,"geometry":{"type":"Point","coordinates":[-89.2645862421536,48.3775161048514]},"properties":{"OBJECTID":2955,"LOC_ID":"FC0384","FDMID":378,"X_COORD":332317.2623,"Y_COORD":5360737.9411,"BEAT":"S 8","ROT_ANGLE":0,"NODE_ID":8079,"GLOBALID":"3eb41e66-ce51-4b5f-b204-03289d14a81a","CREATEDDATE":1520794199000,"LASTUPDATE":1670276290000}},{"type":"Feature","id":2956,"geometry":{"type":"Point","coordinates":[-89.2580551163279,48.3767042929218]},"properties":{"OBJECTID":2956,"LOC_ID":"FC0537","FDMID":529,"X_COORD":332795.07939,"Y_COORD":5360633.0602,"BEAT":"S 8","ROT_ANGLE":0,"NODE_ID":4287,"GLOBALID":"8833ffd4-7b8c-4d01-a613-49e0212c3adc","CREATEDDATE":1520794199000,"LASTUPDATE":1643921038000}},{"type":"Feature","id":2957,"geometry":{"type":"Point","coordinates":[-89.2579083476957,48.3750688468717]},"properties":{"OBJECTID":2957,"LOC_ID":"FC0330","FDMID":325,"X_COORD":332800.58748,"Y_COORD":5360450.97022,"BEAT":"S 8","ROT_ANGLE":0,"NODE_ID":5074,"GLOBALID":"8f18f815-feb9-47e9-8743-662f3257a8df","CREATEDDATE":1520794199000,"LASTUPDATE":1643921038000}},{"type":"Feature","id":2958,"geometry":{"type":"Point","coordinates":[-89.3531067034275,48.3626006355115]},"properties":{"OBJECTID":2958,"LOC_ID":"NC0201","FDMID":1378,"X_COORD":325709.00936,"Y_COORD":5359277.40708,"BEAT":"S 15","ROT_ANGLE":0,"NODE_ID":6976,"GLOBALID":"93d097b9-3b4a-43c4-99e8-42330d0fd238","CREATEDDATE":1520794199000,"LASTUPDATE":1643921038000}},{"type":"Feature","id":2959,"geometry":{"type":"Point","coordinates":[-89.2921658616164,48.3689461835381]},"properties":{"OBJECTID":2959,"LOC_ID":"FC0152","FDMID":148,"X_COORD":330243.62159,"Y_COORD":5359845.82641,"BEAT":"S 2","ROT_ANGLE":0,"NODE_ID":5153,"GLOBALID":"dca38bd0-34ad-4e9a-ba50-c6a2916a5ef4","CREATEDDATE":1520794199000,"LASTUPDATE":1643921038000}},{"type":"Feature","id":2960,"geometry":{"type":"Point","coordinates":[-89.3884185957324,48.3661668550504]},"properties":{"OBJECTID":2960,"LOC_ID":"NC0408","FDMID":1582,"X_COORD":323106.0436,"Y_COORD":5359754.69246,"BEAT":"S 14","ROT_ANGLE":0,"NODE_ID":1852,"GLOBALID":"4fac12dd-322d-43b1-b1d8-743a800ab30c","CREATEDDATE":1520794199000,"LASTUPDATE":1643921038000}},{"type":"Feature","id":2961,"geometry":{"type":"Point","coordinates":[-89.3684274150772,48.3651623970588]},"properties":{"OBJECTID":2961,"LOC_ID":"NC0070","FDMID":1248,"X_COORD":324583.10728,"Y_COORD":5359597.09271,"BEAT":"S 14","ROT_ANGLE":0,"NODE_ID":7277,"GLOBALID":"6341ab92-726f-4bc6-a40d-9f1769a05e86","CREATEDDATE":1520794199000,"LASTUPDATE":1643921038000}},{"type":"Feature","id":2962,"geometry":{"type":"Point","coordinates":[-89.3721593219413,48.3650299649953]},"properties":{"OBJECTID":2962,"LOC_ID":"NC0075","FDMID":1253,"X_COORD":324306.27067,"Y_COORD":5359590.92414,"BEAT":"S 14","ROT_ANGLE":0,"NODE_ID":3218,"GLOBALID":"e35452e9-3397-47ed-b31b-16a96af7e4aa","CREATEDDATE":1520794199000,"LASTUPDATE":1643921038000}},{"type":"Feature","id":2963,"geometry":{"type":"Point","coordinates":[-89.3758911694932,48.3642575356566]},"properties":{"OBJECTID":2963,"LOC_ID":"NC0446","FDMID":1619,"X_COORD":324027.23093,"Y_COORD":5359513.63825,"BEAT":"S 14","ROT_ANGLE":0,"NODE_ID":7080,"GLOBALID":"1e20c427-4ce7-4a7c-bfa1-0fbd5962945e","CREATEDDATE":1520794199000,"LASTUPDATE":1643921038000}},{"type":"Feature","id":2964,"geometry":{"type":"Point","coordinates":[-89.3591755026759,48.3626124008642]},"properties":{"OBJECTID":2964,"LOC_ID":"NC0204","FDMID":1381,"X_COORD":325259.57346,"Y_COORD":5359292.53924,"BEAT":"S 15","ROT_ANGLE":0,"NODE_ID":5380,"GLOBALID":"a61fb2fe-0a58-43b5-91f8-8d51bde42a59","CREATEDDATE":1520794199000,"LASTUPDATE":1643921038000}},{"type":"Feature","id":2965,"geometry":{"type":"Point","coordinates":[-89.3066243228809,48.3625850029668]},"properties":{"OBJECTID":2965,"LOC_ID":"FC1034","FDMID":1025,"X_COORD":329178.86357,"Y_COORD":5359168.47114,"BEAT":"S 3","ROT_ANGLE":0,"NODE_ID":6703,"GLOBALID":"67557ef8-bc5a-45b7-ba53-c095b02757d8","CREATEDDATE":1520794199000,"LASTUPDATE":1643921038000}},{"type":"Feature","id":2966,"geometry":{"type":"Point","coordinates":[-89.2814242747823,48.3639034042326]},"properties":{"OBJECTID":2966,"LOC_ID":"FC0108","FDMID":101,"X_COORD":331022.40022,"Y_COORD":5359261.61367,"BEAT":"S 6","ROT_ANGLE":0,"NODE_ID":7394,"GLOBALID":"cad29f1b-4fdd-4a4d-8bb0-8e70bc8f03de","CREATEDDATE":1520794199000,"LASTUPDATE":1644003251000}},{"type":"Feature","id":2967,"geometry":{"type":"Point","coordinates":[-89.2999639691926,48.347715297331]},"properties":{"OBJECTID":2967,"LOC_ID":"NC0385","FDMID":1560,"X_COORD":329595.33564,"Y_COORD":5357503.47172,"BEAT":"S 17","ROT_ANGLE":0,"NODE_ID":8874,"GLOBALID":"69f3d530-9d87-484b-838e-6e532a35f217","CREATEDDATE":1520794199000,"LASTUPDATE":1643921038000}},{"type":"Feature","id":2968,"geometry":{"type":"Point","coordinates":[-89.3347004112293,48.3545405623249]},"properties":{"OBJECTID":2968,"LOC_ID":"NC0127","FDMID":1305,"X_COORD":327044.9638,"Y_COORD":5358339.87517,"BEAT":"S 15","ROT_ANGLE":0,"NODE_ID":5908,"GLOBALID":"062d1579-64d0-4593-801e-28105a9fc2da","CREATEDDATE":1520794199000,"LASTUPDATE":1643921038000}},{"type":"Feature","id":2969,"geometry":{"type":"Point","coordinates":[-89.3574984809409,48.3237787628223]},"properties":{"OBJECTID":2969,"LOC_ID":"NC0507","FDMID":1680,"X_COORD":325251.03893,"Y_COORD":5354972.65751,"BEAT":"S 16","ROT_ANGLE":0,"NODE_ID":5915,"GLOBALID":"a7a2e342-48f2-4881-ac32-a47991977fa3","CREATEDDATE":1520794199000,"LASTUPDATE":1643921038000}},{"type":"Feature","id":2970,"geometry":{"type":"Point","coordinates":[-89.3667951799261,48.3135658844591]},"properties":{"OBJECTID":2970,"LOC_ID":"NC0178","FDMID":1355,"X_COORD":324526.92706,"Y_COORD":5353858.81712,"BEAT":"S 16","ROT_ANGLE":0,"NODE_ID":4992,"GLOBALID":"9b76e5c1-7eb5-4351-a8ca-b621f64ee37c","CREATEDDATE":1520794199000,"LASTUPDATE":1643921038000}},{"type":"Feature","id":2971,"geometry":{"type":"Point","coordinates":[-89.1899147366316,48.4765336615638]},"properties":{"OBJECTID":2971,"LOC_ID":"PC0891","FDMID":2607,"X_COORD":338157.92483,"Y_COORD":5371582.08626,"BEAT":"N 11","ROT_ANGLE":0,"NODE_ID":9988,"GLOBALID":"89a10f15-0078-4ba1-acca-02353047ffdd","CREATEDDATE":1520794199000,"LASTUPDATE":1644262547000}},{"type":"Feature","id":2972,"geometry":{"type":"Point","coordinates":[-89.1829095759004,48.473357647971]},"properties":{"OBJECTID":2972,"LOC_ID":"PP0128","FDMID":2990,"X_COORD":338665.53546,"Y_COORD":5371214.28389,"BEAT":"N 11","ROT_ANGLE":0,"NODE_ID":2129,"GLOBALID":"4c941416-44ac-4880-b9d1-5598eb1b608b","CREATEDDATE":1520794199000,"LASTUPDATE":1643921039000}},{"type":"Feature","id":2973,"geometry":{"type":"Point","coordinates":[-89.2555256565923,48.4592739523476]},"properties":{"OBJECTID":2973,"LOC_ID":"MC0155","FDMID":3152,"X_COORD":333252.73827,"Y_COORD":5369804.66187,"BEAT":"N 12","ROT_ANGLE":0,"NODE_ID":10470,"GLOBALID":"191cf3e0-4ea2-498d-a2b4-88fef26a483b","CREATEDDATE":1520794199000,"LASTUPDATE":1643921039000}},{"type":"Feature","id":2974,"geometry":{"type":"Point","coordinates":[-89.2235580549163,48.4579816402538]},"properties":{"OBJECTID":2974,"LOC_ID":"PC0214","FDMID":1937,"X_COORD":335611.74883,"Y_COORD":5369591.85189,"BEAT":"N 9","ROT_ANGLE":0,"NODE_ID":365,"GLOBALID":"2ff97895-b244-443c-9cfd-982438f90ff1","CREATEDDATE":1520794199000,"LASTUPDATE":1643921039000}},{"type":"Feature","id":2975,"geometry":{"type":"Point","coordinates":[-89.2169994249633,48.4546265691676]},"properties":{"OBJECTID":2975,"LOC_ID":"PC1174","FDMID":3357,"X_COORD":336085.80425,"Y_COORD":5369204.87512,"BEAT":"N 9","ROT_ANGLE":0,"NODE_ID":3507,"GLOBALID":"187a20c1-1ea4-47ff-b1c1-be964eefeb6b","CREATEDDATE":1520794199000,"LASTUPDATE":1643921039000}},{"type":"Feature","id":2976,"geometry":{"type":"Point","coordinates":[-89.2838898588964,48.4535756496321]},"properties":{"OBJECTID":2976,"LOC_ID":"MC0267","FDMID":3421,"X_COORD":331137.04239,"Y_COORD":5369233.53048,"BEAT":"N 15","ROT_ANGLE":0,"NODE_ID":9217,"GLOBALID":"69efdd2b-4489-47bd-b047-cffbe911a03e","CREATEDDATE":1520794199000,"LASTUPDATE":1643921039000}},{"type":"Feature","id":2977,"geometry":{"type":"Point","coordinates":[-89.2428575234641,48.4522689159719]},"properties":{"OBJECTID":2977,"LOC_ID":"PC0888","FDMID":2604,"X_COORD":334166.39792,"Y_COORD":5368998.56498,"BEAT":"N 8","ROT_ANGLE":0,"NODE_ID":5991,"GLOBALID":"06c8b104-1283-4ec4-9052-717acc6d45ca","CREATEDDATE":1520794199000,"LASTUPDATE":1643921039000}},{"type":"Feature","id":2978,"geometry":{"type":"Point","coordinates":[-89.2084338796246,48.4515317092983]},"properties":{"OBJECTID":2978,"LOC_ID":"PC0134","FDMID":1857,"X_COORD":336709.14301,"Y_COORD":5368842.58238,"BEAT":"N 9","ROT_ANGLE":0,"NODE_ID":373,"GLOBALID":"515a8097-d699-4c46-9d2b-1bb18a12bab7","CREATEDDATE":1520794199000,"LASTUPDATE":1643921039000}},{"type":"Feature","id":2979,"geometry":{"type":"Point","coordinates":[-89.2278198199191,48.4507573215356]},"properties":{"OBJECTID":2979,"LOC_ID":"PC0234","FDMID":1957,"X_COORD":335273.3158,"Y_COORD":5368798.0709,"BEAT":"N 8","ROT_ANGLE":0,"NODE_ID":7869,"GLOBALID":"836c40b6-8a33-4a1a-b26d-12f50b5a2f77","CREATEDDATE":1520794199000,"LASTUPDATE":1643921039000}},{"type":"Feature","id":2980,"geometry":{"type":"Point","coordinates":[-89.2751063382423,48.444614232974]},"properties":{"OBJECTID":2980,"LOC_ID":"MC0165","FDMID":3162,"X_COORD":331756.81353,"Y_COORD":5368218.17893,"BEAT":"N 13","ROT_ANGLE":0,"NODE_ID":871,"GLOBALID":"58253270-5ad6-4629-8c1e-e44c8e65b4b6","CREATEDDATE":1520794199000,"LASTUPDATE":1643921039000}},{"type":"Feature","id":2981,"geometry":{"type":"Point","coordinates":[-89.28454114474,48.4458677093516]},"properties":{"OBJECTID":2981,"LOC_ID":"MC0308","FDMID":3565,"X_COORD":331063.31465,"Y_COORD":5368378.27518,"BEAT":"N 13","ROT_ANGLE":0,"NODE_ID":5440,"GLOBALID":"0029094a-a173-4f7e-9065-8465182cd7cc","CREATEDDATE":1520794199000,"LASTUPDATE":1643921039000}},{"type":"Feature","id":2982,"geometry":{"type":"Point","coordinates":[-89.22594468764,48.4457227397259]},"properties":{"OBJECTID":2982,"LOC_ID":"PC0354","FDMID":2077,"X_COORD":335395.68611,"Y_COORD":5368234.46718,"BEAT":"N 6","ROT_ANGLE":0,"NODE_ID":9916,"GLOBALID":"eb3b1a95-23d9-4301-b558-bf4c5d6f71ed","CREATEDDATE":1520794199000,"LASTUPDATE":1643921039000}},{"type":"Feature","id":2983,"geometry":{"type":"Point","coordinates":[-89.2395761383121,48.4447856586347]},"properties":{"OBJECTID":2983,"LOC_ID":"PC0367","FDMID":2090,"X_COORD":334384.66684,"Y_COORD":5368159.73438,"BEAT":"N 5","ROT_ANGLE":0,"NODE_ID":6162,"GLOBALID":"dea3dc15-a2f7-482d-8e20-e1217717166c","CREATEDDATE":1520794199000,"LASTUPDATE":1644363491000}},{"type":"Feature","id":2984,"geometry":{"type":"Point","coordinates":[-89.2423249532304,48.4444411125257]},"properties":{"OBJECTID":2984,"LOC_ID":"PC0511","FDMID":2232,"X_COORD":334180.28233,"Y_COORD":5368127.39211,"BEAT":"N 8","ROT_ANGLE":0,"NODE_ID":7081,"GLOBALID":"636b8638-bd98-40e1-8a71-391595612d42","CREATEDDATE":1520794199000,"LASTUPDATE":1643921039000}},{"type":"Feature","id":2985,"geometry":{"type":"Point","coordinates":[-89.27653383161,48.4428033925271]},"properties":{"OBJECTID":2985,"LOC_ID":"MC0262","FDMID":3416,"X_COORD":331645.26818,"Y_COORD":5368020.05362,"BEAT":"N 13","ROT_ANGLE":0,"NODE_ID":8416,"GLOBALID":"76ba6fca-218d-4a98-b16e-e8ec3f42c499","CREATEDDATE":1520794199000,"LASTUPDATE":1643921039000}},{"type":"Feature","id":2986,"geometry":{"type":"Point","coordinates":[-89.2194994806215,48.440271243153]},"properties":{"OBJECTID":2986,"LOC_ID":"PP0161","FDMID":2024,"X_COORD":335854.71561,"Y_COORD":5367614.71422,"BEAT":"N7","ROT_ANGLE":0,"NODE_ID":8513,"GLOBALID":"17e5833c-5143-43de-b0f8-45fbdd4327c2","CREATEDDATE":1520794199000,"LASTUPDATE":1643921039000}},{"type":"Feature","id":2987,"geometry":{"type":"Point","coordinates":[-89.2585416811801,48.438743098364]},"properties":{"OBJECTID":2987,"LOC_ID":"PC0918","FDMID":2634,"X_COORD":332962.42915,"Y_COORD":5367529.35512,"BEAT":"N 4","ROT_ANGLE":0,"NODE_ID":4687,"GLOBALID":"973d76f3-521d-4a31-9790-ee913c4fbba6","CREATEDDATE":1520794199000,"LASTUPDATE":1643921039000}},{"type":"Feature","id":2988,"geometry":{"type":"Point","coordinates":[-89.2265446218534,48.4385943161013]},"properties":{"OBJECTID":2988,"LOC_ID":"PP0107","FDMID":2971,"X_COORD":335328.28361,"Y_COORD":5367443.46558,"BEAT":"N 6","ROT_ANGLE":0,"NODE_ID":8458,"GLOBALID":"8bec61c7-38cb-4ea1-86be-934613c7869b","CREATEDDATE":1520794199000,"LASTUPDATE":1643921039000}},{"type":"Feature","id":2989,"geometry":{"type":"Point","coordinates":[-89.2372612318362,48.4350014038089]},"properties":{"OBJECTID":2989,"LOC_ID":"PC0849","FDMID":2565,"X_COORD":334524.07267,"Y_COORD":5367067.24056,"BEAT":"N 6","ROT_ANGLE":0,"NODE_ID":5890,"GLOBALID":"d60e080c-fd56-4f2e-8c98-7bd6687330fd","CREATEDDATE":1520794199000,"LASTUPDATE":1643921039000}},{"type":"Feature","id":2990,"geometry":{"type":"Point","coordinates":[-89.2487498076141,48.4323678078472]},"properties":{"OBJECTID":2990,"LOC_ID":"PC0629","FDMID":2348,"X_COORD":333665.77353,"Y_COORD":5366799.44177,"BEAT":"N 5","ROT_ANGLE":0,"NODE_ID":355,"GLOBALID":"933bf059-08d5-4fd6-b014-46a596b9e135","CREATEDDATE":1520794199000,"LASTUPDATE":1643921039000}},{"type":"Feature","id":2991,"geometry":{"type":"Point","coordinates":[-89.265330201137,48.4342479595557]},"properties":{"OBJECTID":2991,"LOC_ID":"PC1140","FDMID":2854,"X_COORD":332445.60508,"Y_COORD":5367044.58097,"BEAT":"N 4","ROT_ANGLE":0,"NODE_ID":10579,"GLOBALID":"c4bb5c4e-3e98-4577-b7f1-e5bc10da425f","CREATEDDATE":1520794199000,"LASTUPDATE":1643921039000}},{"type":"Feature","id":2992,"geometry":{"type":"Point","coordinates":[-89.2658039265295,48.4321243564275]},"properties":{"OBJECTID":2992,"LOC_ID":"PC1200","FDMID":3711,"X_COORD":332403.58345,"Y_COORD":5366809.58885,"BEAT":"N 1","ROT_ANGLE":0,"NODE_ID":9300,"GLOBALID":"f8416562-d1c2-4331-ad2e-a9be1e0b29bb","CREATEDDATE":1520794199000,"LASTUPDATE":1643921039000}},{"type":"Feature","id":2993,"geometry":{"type":"Point","coordinates":[-89.2247080329649,48.4318231718065]},"properties":{"OBJECTID":2993,"LOC_ID":"PC0444","FDMID":2166,"X_COORD":335442.24201,"Y_COORD":5366686.92747,"BEAT":"N7","ROT_ANGLE":0,"NODE_ID":8558,"GLOBALID":"b41e558e-f46e-43b5-85a6-3b81ab16d605","CREATEDDATE":1520794199000,"LASTUPDATE":1643921039000}},{"type":"Feature","id":2994,"geometry":{"type":"Point","coordinates":[-89.2332779767818,48.4296655598283]},"properties":{"OBJECTID":2994,"LOC_ID":"PC0565","FDMID":2285,"X_COORD":334801.37494,"Y_COORD":5366465.57886,"BEAT":"N 6","ROT_ANGLE":0,"NODE_ID":5263,"GLOBALID":"3dcfa6cd-dbed-45aa-8be3-b04ed9f66c87","CREATEDDATE":1520794199000,"LASTUPDATE":1643921039000}},{"type":"Feature","id":2995,"geometry":{"type":"Point","coordinates":[-89.2446523068753,48.4286778180799]},"properties":{"OBJECTID":2995,"LOC_ID":"PC0604","FDMID":2323,"X_COORD":333956.81916,"Y_COORD":5366380.41432,"BEAT":"N 3","ROT_ANGLE":0,"NODE_ID":2099,"GLOBALID":"cc332307-2c0c-4c9a-9a1d-fe5cb10b02fd","CREATEDDATE":1520794199000,"LASTUPDATE":1644354869000}},{"type":"Feature","id":2996,"geometry":{"type":"Point","coordinates":[-89.2635798532088,48.421997759729]},"properties":{"OBJECTID":2996,"LOC_ID":"PP0045","FDMID":2912,"X_COORD":332534.80777,"Y_COORD":5365679.20088,"BEAT":"N 1","ROT_ANGLE":0,"NODE_ID":1925,"GLOBALID":"7e9b6663-ad6b-4ee3-a938-b0298cdd6bee","CREATEDDATE":1520794199000,"LASTUPDATE":1643921039000}},{"type":"Feature","id":2997,"geometry":{"type":"Point","coordinates":[-89.259528222948,48.420754951482]},"properties":{"OBJECTID":2997,"LOC_ID":"PP0203","FDMID":3572,"X_COORD":332830.46396,"Y_COORD":5365532.21412,"BEAT":"N 1","ROT_ANGLE":0,"NODE_ID":4540,"GLOBALID":"b5b9ab0a-f460-4cf6-ad63-ae286552dbd8","CREATEDDATE":1520794199000,"LASTUPDATE":1643921039000}},{"type":"Feature","id":2998,"geometry":{"type":"Point","coordinates":[-89.243647958033,48.4202005133748]},"properties":{"OBJECTID":2998,"LOC_ID":"PC0998","FDMID":2712,"X_COORD":334003.4959,"Y_COORD":5365436.02929,"BEAT":"N 3","ROT_ANGLE":0,"NODE_ID":441,"GLOBALID":"36856ec5-ddb9-4d99-b983-acb3d7b30252","CREATEDDATE":1520794199000,"LASTUPDATE":1643921039000}},{"type":"Feature","id":2999,"geometry":{"type":"Point","coordinates":[-89.2837214202461,48.410689957735]},"properties":{"OBJECTID":2999,"LOC_ID":"PC0677","FDMID":3505,"X_COORD":331007.27932,"Y_COORD":5364466.67275,"BEAT":"N 1","ROT_ANGLE":0,"NODE_ID":8704,"GLOBALID":"2809f3e6-416c-4c87-ba06-dd511b3d4f00","CREATEDDATE":1520794199000,"LASTUPDATE":1643921039000}},{"type":"Feature","id":3000,"geometry":{"type":"Point","coordinates":[-89.252399857853,48.4088458473695]},"properties":{"OBJECTID":3000,"LOC_ID":"PC1023","FDMID":2737,"X_COORD":333319.04355,"Y_COORD":5364193.99844,"BEAT":"N 2","ROT_ANGLE":0,"NODE_ID":933,"GLOBALID":"558dcbd0-3343-4d33-9f1e-fe2ed454f6a3","CREATEDDATE":1520794199000,"LASTUPDATE":1678146793000}},{"type":"Feature","id":3001,"geometry":{"type":"Point","coordinates":[-89.2302838253554,48.4067931406927]},"properties":{"OBJECTID":3001,"LOC_ID":"PC1075","FDMID":2789,"X_COORD":334948.77872,"Y_COORD":5363916.9898,"BEAT":"N 14","ROT_ANGLE":0,"NODE_ID":6824,"GLOBALID":"a7ed97f7-d318-46c5-a5b3-9ade64516309","CREATEDDATE":1520794199000,"LASTUPDATE":1643921039000}},{"type":"Feature","id":3002,"geometry":{"type":"Point","coordinates":[-89.2657560847008,48.4108974524564]},"properties":{"OBJECTID":3002,"LOC_ID":"PC0983","FDMID":2697,"X_COORD":332339.70761,"Y_COORD":5364449.52049,"BEAT":"N 1","ROT_ANGLE":0,"NODE_ID":7261,"GLOBALID":"53242fb4-1494-4890-a7bd-812c95fda6ae","CREATEDDATE":1520794199000,"LASTUPDATE":1643921039000}},{"type":"Feature","id":3003,"geometry":{"type":"Point","coordinates":[-89.241926919871,48.4055552045956]},"properties":{"OBJECTID":3003,"LOC_ID":"PP0187","FDMID":3532,"X_COORD":334083.15158,"Y_COORD":5363804.56894,"BEAT":"N 2","ROT_ANGLE":0,"NODE_ID":10290,"GLOBALID":"600dc526-3fcf-44d9-b898-632dbf87bc45","CREATEDDATE":1520794199000,"LASTUPDATE":1643921039000}},{"type":"Feature","id":3004,"geometry":{"type":"Point","coordinates":[-89.2451249633422,48.4030315715159]},"properties":{"OBJECTID":3004,"LOC_ID":"PP0100","FDMID":2964,"X_COORD":333838.26607,"Y_COORD":5363531.02628,"BEAT":"N 2","ROT_ANGLE":0,"NODE_ID":8804,"GLOBALID":"78399a32-f2a7-450a-907c-1856cfbf93b3","CREATEDDATE":1520794199000,"LASTUPDATE":1643921039000}},{"type":"Feature","id":3005,"geometry":{"type":"Point","coordinates":[-89.247135987623,48.4041313386341]},"properties":{"OBJECTID":3005,"LOC_ID":"PC1015","FDMID":2729,"X_COORD":333693.02934,"Y_COORD":5363657.62852,"BEAT":"N 2","ROT_ANGLE":0,"NODE_ID":4358,"GLOBALID":"ef9ffd58-dedf-4c43-853a-4f4104392a8b","CREATEDDATE":1520794199000,"LASTUPDATE":1643921039000}},{"type":"Feature","id":3006,"geometry":{"type":"Point","coordinates":[-89.2569140445425,48.4038253096406]},"properties":{"OBJECTID":3006,"LOC_ID":"PC0931","FDMID":2647,"X_COORD":332968.41827,"Y_COORD":5363644.91198,"BEAT":"N 2","ROT_ANGLE":0,"NODE_ID":3493,"GLOBALID":"d98a86f1-6b89-48d4-8f32-de2f26bc795b","CREATEDDATE":1520794199000,"LASTUPDATE":1644009252000}},{"type":"Feature","id":3007,"geometry":{"type":"Point","coordinates":[-89.2527395346728,48.3968364865207]},"properties":{"OBJECTID":3007,"LOC_ID":"FC0351","FDMID":346,"X_COORD":333254.4998,"Y_COORD":5362859.04702,"BEAT":"S 9","ROT_ANGLE":0,"NODE_ID":4301,"GLOBALID":"2a83e004-1cf5-472e-a8eb-44e0bd9e170a","CREATEDDATE":1520794199000,"LASTUPDATE":1643921040000}},{"type":"Feature","id":3008,"geometry":{"type":"Point","coordinates":[-89.2467408700441,48.3951279088174]},"properties":{"OBJECTID":3008,"LOC_ID":"FC0615","FDMID":607,"X_COORD":333692.91107,"Y_COORD":5362656.09585,"BEAT":"S 9","ROT_ANGLE":0,"NODE_ID":2349,"GLOBALID":"e7688a64-2e57-49bb-93d6-8299567b9ca2","CREATEDDATE":1520794199000,"LASTUPDATE":1643921040000}},{"type":"Feature","id":3009,"geometry":{"type":"Point","coordinates":[-89.2847130126519,48.3946200347441]},"properties":{"OBJECTID":3009,"LOC_ID":"FC0986","FDMID":977,"X_COORD":330880.61436,"Y_COORD":5362682.81022,"BEAT":"S 4","ROT_ANGLE":0,"NODE_ID":7301,"GLOBALID":"c44b3b35-6d6f-45f1-a2b5-64fbd5f5684b","CREATEDDATE":1520794199000,"LASTUPDATE":1643921040000}},{"type":"Feature","id":3010,"geometry":{"type":"Point","coordinates":[-89.2440799117407,48.3919489195717]},"properties":{"OBJECTID":3010,"LOC_ID":"FC1172","FDMID":3592,"X_COORD":333879.59395,"Y_COORD":5362295.67063,"BEAT":"S 11","ROT_ANGLE":0,"NODE_ID":8441,"GLOBALID":"3b99f861-e228-41d9-8293-07d4fe6054a9","CREATEDDATE":1520794199000,"LASTUPDATE":1677097459000}},{"type":"Feature","id":3011,"geometry":{"type":"Point","coordinates":[-89.2167113905861,48.3893740328747]},"properties":{"OBJECTID":3011,"LOC_ID":"FP0032","FDMID":1158,"X_COORD":335897.09897,"Y_COORD":5361951.80452,"BEAT":"S 12","ROT_ANGLE":0,"NODE_ID":9510,"GLOBALID":"5cb12fd7-8504-454f-9bf4-e424994ea638","CREATEDDATE":1520794199000,"LASTUPDATE":1643921040000}},{"type":"Feature","id":3012,"geometry":{"type":"Point","coordinates":[-89.2766270654695,48.3894494478629]},"properties":{"OBJECTID":3012,"LOC_ID":"FC0926","FDMID":917,"X_COORD":331462.04412,"Y_COORD":5362090.31255,"BEAT":"S 4","ROT_ANGLE":0,"NODE_ID":5350,"GLOBALID":"5a1896c3-8759-40d7-ad7f-8e38bd209d84","CREATEDDATE":1520794199000,"LASTUPDATE":1643921040000}},{"type":"Feature","id":3013,"geometry":{"type":"Point","coordinates":[-89.2716640314073,48.3840424072756]},"properties":{"OBJECTID":3013,"LOC_ID":"FC0851","FDMID":842,"X_COORD":331733.61506,"Y_COORD":5361504.05796,"BEAT":"S 7","ROT_ANGLE":0,"NODE_ID":5853,"GLOBALID":"b51c1628-8912-41c6-9c26-c56676fd57d6","CREATEDDATE":1520794199000,"LASTUPDATE":1643921040000}},{"type":"Feature","id":3014,"geometry":{"type":"Point","coordinates":[-89.2787565928138,48.3824093299682]},"properties":{"OBJECTID":3014,"LOC_ID":"FC0209","FDMID":205,"X_COORD":331281.13174,"Y_COORD":5361312.53975,"BEAT":"S 5","ROT_ANGLE":0,"NODE_ID":1877,"GLOBALID":"fdf33b8a-a2b9-43fb-98d2-9405e893271e","CREATEDDATE":1520794199000,"LASTUPDATE":1643921040000}},{"type":"Feature","id":3015,"geometry":{"type":"Point","coordinates":[-89.2659988307873,48.3832239349236]},"properties":{"OBJECTID":3015,"LOC_ID":"FC0645","FDMID":637,"X_COORD":332228.33635,"Y_COORD":5361375.04906,"BEAT":"S 7","ROT_ANGLE":0,"NODE_ID":3248,"GLOBALID":"4e97bedc-837d-4316-a6ff-a7bc3a4c1aa9","CREATEDDATE":1520794199000,"LASTUPDATE":1643921040000}},{"type":"Feature","id":3016,"geometry":{"type":"Point","coordinates":[-89.3625999514957,48.3807025081563]},"properties":{"OBJECTID":3016,"LOC_ID":"NC0264","FDMID":1440,"X_COORD":325067.93186,"Y_COORD":5361310.94385,"BEAT":"S 13","ROT_ANGLE":0,"NODE_ID":1379,"GLOBALID":"cc094b6e-5d53-4688-8ef1-d0c50ce988d3","CREATEDDATE":1520794199000,"LASTUPDATE":1643921040000}},{"type":"Feature","id":3017,"geometry":{"type":"Point","coordinates":[-89.3225867888,48.380688562079]},"properties":{"OBJECTID":3017,"LOC_ID":"NC0012","FDMID":1190,"X_COORD":328030.34901,"Y_COORD":5361218.75799,"BEAT":"S 13","ROT_ANGLE":0,"NODE_ID":3516,"GLOBALID":"0eec2c11-cd82-442e-807d-40618b6c664b","CREATEDDATE":1520794199000,"LASTUPDATE":1643921040000}},{"type":"Feature","id":3018,"geometry":{"type":"Point","coordinates":[-89.309190897144,48.3778604942591]},"properties":{"OBJECTID":3018,"LOC_ID":"NC0255","FDMID":1431,"X_COORD":329012.68629,"Y_COORD":5360874.44695,"BEAT":"S 2","ROT_ANGLE":0,"NODE_ID":3662,"GLOBALID":"24404a03-299f-491f-a35c-c3674cd7ad25","CREATEDDATE":1520794199000,"LASTUPDATE":1643921040000}},{"type":"Feature","id":3019,"geometry":{"type":"Point","coordinates":[-89.2567327588974,48.3739418093918]},"properties":{"OBJECTID":3019,"LOC_ID":"FC0255","FDMID":250,"X_COORD":332883.94339,"Y_COORD":5360323.14148,"BEAT":"S 8","ROT_ANGLE":0,"NODE_ID":974,"GLOBALID":"1580fdc2-7bcb-481b-ac9c-dfffe81357ff","CREATEDDATE":1520794199000,"LASTUPDATE":1643921040000}},{"type":"Feature","id":3020,"geometry":{"type":"Point","coordinates":[-89.2914363348681,48.3723856630789]},"properties":{"OBJECTID":3020,"LOC_ID":"FC0425","FDMID":3529,"X_COORD":330309.07849,"Y_COORD":5360226.48382,"BEAT":"S 2","ROT_ANGLE":0,"NODE_ID":10264,"GLOBALID":"42b4e4b5-6caa-48b6-aac9-8fc73350f6a6","CREATEDDATE":1520794199000,"LASTUPDATE":1643921040000}},{"type":"Feature","id":3021,"geometry":{"type":"Point","coordinates":[-89.2856027639414,48.3703998560788]},"properties":{"OBJECTID":3021,"LOC_ID":"FC0171","FDMID":167,"X_COORD":330734.46626,"Y_COORD":5359992.86974,"BEAT":"S 6","ROT_ANGLE":0,"NODE_ID":6318,"GLOBALID":"bed1afa9-6f96-42ed-b908-305ce81731fe","CREATEDDATE":1520794199000,"LASTUPDATE":1643921040000}},{"type":"Feature","id":3022,"geometry":{"type":"Point","coordinates":[-89.264282280268,48.3682534647391]},"properties":{"OBJECTID":3022,"LOC_ID":"FC0099","FDMID":92,"X_COORD":332306.23049,"Y_COORD":5359707.41668,"BEAT":"S 6","ROT_ANGLE":0,"NODE_ID":3607,"GLOBALID":"d596cdb2-6c7e-4599-b09b-5b34241b096e","CREATEDDATE":1520794199000,"LASTUPDATE":1643921040000}},{"type":"Feature","id":3023,"geometry":{"type":"Point","coordinates":[-89.3627655607895,48.3658173371342]},"properties":{"OBJECTID":3023,"LOC_ID":"NC0323","FDMID":1499,"X_COORD":325004.66402,"Y_COORD":5359656.93783,"BEAT":"S 14","ROT_ANGLE":0,"NODE_ID":8117,"GLOBALID":"bd80ce33-7e66-46fc-9182-6ef3d9eaa349","CREATEDDATE":1520794199000,"LASTUPDATE":1643921040000}},{"type":"Feature","id":3024,"geometry":{"type":"Point","coordinates":[-89.2578747062863,48.3682443405132]},"properties":{"OBJECTID":3024,"LOC_ID":"FC0101","FDMID":94,"X_COORD":332780.71139,"Y_COORD":5359692.39434,"BEAT":"S 6","ROT_ANGLE":0,"NODE_ID":6624,"GLOBALID":"21fd95a9-a354-4fbd-9046-d2e86817fbe1","CREATEDDATE":1520794199000,"LASTUPDATE":1643921040000}},{"type":"Feature","id":3025,"geometry":{"type":"Point","coordinates":[-89.2737019161266,48.3671892660804]},"properties":{"OBJECTID":3025,"LOC_ID":"FC0274","FDMID":269,"X_COORD":331605.16041,"Y_COORD":5359609.81386,"BEAT":"S 6","ROT_ANGLE":0,"NODE_ID":7795,"GLOBALID":"e29abe6d-7656-4174-9998-9e6133d66bea","CREATEDDATE":1520794199000,"LASTUPDATE":1643921040000}},{"type":"Feature","id":3026,"geometry":{"type":"Point","coordinates":[-89.2691669376937,48.3662485197917]},"properties":{"OBJECTID":3026,"LOC_ID":"FC0022","FDMID":5,"X_COORD":331937.9023,"Y_COORD":5359495.28996,"BEAT":"S 6","ROT_ANGLE":0,"NODE_ID":157,"GLOBALID":"36c2898e-407e-4f6e-b5e2-20efd0386983","CREATEDDATE":1520794199000,"LASTUPDATE":1643921040000}},{"type":"Feature","id":3027,"geometry":{"type":"Point","coordinates":[-89.3828224446584,48.3624124518477]},"properties":{"OBJECTID":3027,"LOC_ID":"NC0083","FDMID":1261,"X_COORD":323507.51637,"Y_COORD":5359324.51415,"BEAT":"S 14","ROT_ANGLE":0,"NODE_ID":10398,"GLOBALID":"ddc2402f-10df-40d7-a4dd-afca0acb5edd","CREATEDDATE":1520794199000,"LASTUPDATE":1643921040000}},{"type":"Feature","id":3028,"geometry":{"type":"Point","coordinates":[-89.3442855741333,48.3566560496035]},"properties":{"OBJECTID":3028,"LOC_ID":"NC0120","FDMID":1299,"X_COORD":326342.12706,"Y_COORD":5358596.67773,"BEAT":"S 15","ROT_ANGLE":0,"NODE_ID":1612,"GLOBALID":"5d537f66-5653-41dd-bc8f-dd81b0c0c86b","CREATEDDATE":1520794199000,"LASTUPDATE":1643921040000}},{"type":"Feature","id":3029,"geometry":{"type":"Point","coordinates":[-89.3055324982294,48.356770923075]},"properties":{"OBJECTID":3029,"LOC_ID":"FC1035","FDMID":1026,"X_COORD":329213.04777,"Y_COORD":5358522.33559,"BEAT":"S 3","ROT_ANGLE":0,"NODE_ID":4046,"GLOBALID":"5d7c05f3-6b77-493f-b0a9-cd10702091c8","CREATEDDATE":1520794199000,"LASTUPDATE":1643921040000}},{"type":"Feature","id":3030,"geometry":{"type":"Point","coordinates":[-89.3445953469989,48.3420561450227]},"properties":{"OBJECTID":3030,"LOC_ID":"NC0288","FDMID":1464,"X_COORD":326269.55106,"Y_COORD":5356974.70832,"BEAT":"S 16","ROT_ANGLE":0,"NODE_ID":9246,"GLOBALID":"ba43cde5-37b4-48b7-8481-f0fd44d4a178","CREATEDDATE":1520794199000,"LASTUPDATE":1643921040000}},{"type":"Feature","id":3031,"geometry":{"type":"Point","coordinates":[-89.3426226202617,48.3486869114006]},"properties":{"OBJECTID":3031,"LOC_ID":"NC0307","FDMID":1483,"X_COORD":326438.24098,"Y_COORD":5357707.19626,"BEAT":"S 16","ROT_ANGLE":0,"NODE_ID":1094,"GLOBALID":"70c7638e-6d4a-4fac-a18d-c757efc280f0","CREATEDDATE":1520794199000,"LASTUPDATE":1643921040000}},{"type":"Feature","id":3032,"geometry":{"type":"Point","coordinates":[-89.3280517075047,48.3318603295794]},"properties":{"OBJECTID":3032,"LOC_ID":"NC0278","FDMID":1454,"X_COORD":327460.92489,"Y_COORD":5355804.15498,"BEAT":"S 17","ROT_ANGLE":0,"NODE_ID":6302,"GLOBALID":"bd9bb47f-3348-4958-87df-5cbf01f2ad3c","CREATEDDATE":1520794199000,"LASTUPDATE":1643921040000}},{"type":"Feature","id":3033,"geometry":{"type":"Point","coordinates":[-89.3488373207387,48.3260971853497]},"properties":{"OBJECTID":3033,"LOC_ID":"NC0484","FDMID":1657,"X_COORD":325900.90133,"Y_COORD":5355210.62461,"BEAT":"S 16","ROT_ANGLE":0,"NODE_ID":9390,"GLOBALID":"53ba59d3-ed2a-4965-930c-3375688e4aa4","CREATEDDATE":1520794199000,"LASTUPDATE":1643921040000}},{"type":"Feature","id":3034,"geometry":{"type":"Point","coordinates":[-89.3351127804046,48.3169137991486]},"properties":{"OBJECTID":3034,"LOC_ID":"NC0431","FDMID":3490,"X_COORD":326887.03842,"Y_COORD":5354158.89213,"BEAT":"S 17","ROT_ANGLE":0,"NODE_ID":4106,"GLOBALID":"f74150a6-ba4b-45fd-ae40-6d0f8063991c","CREATEDDATE":1520794199000,"LASTUPDATE":1643921040000}},{"type":"Feature","id":3035,"geometry":{"type":"Point","coordinates":[-89.2585310603201,48.4644179456987]},"properties":{"OBJECTID":3035,"LOC_ID":"MC0239","FDMID":3236,"X_COORD":333047.44675,"Y_COORD":5370382.93976,"BEAT":"N 15","ROT_ANGLE":0,"NODE_ID":2463,"GLOBALID":"5e90df24-1555-4c86-b92b-b744f614fda8","CREATEDDATE":1520794199000,"LASTUPDATE":1643921040000}},{"type":"Feature","id":3036,"geometry":{"type":"Point","coordinates":[-89.2349004447338,48.4623014607436]},"properties":{"OBJECTID":3036,"LOC_ID":"MP0014","FDMID":3257,"X_COORD":334787.27344,"Y_COORD":5370096.41151,"BEAT":"N 12","ROT_ANGLE":0,"NODE_ID":1656,"GLOBALID":"2d52e326-b7a4-463b-9bf9-9f6b89c85742","CREATEDDATE":1520794199000,"LASTUPDATE":1643921040000}},{"type":"Feature","id":3037,"geometry":{"type":"Point","coordinates":[-89.2526118453609,48.4538553384312]},"properties":{"OBJECTID":3037,"LOC_ID":"MP0008","FDMID":3251,"X_COORD":333450.4038,"Y_COORD":5369196.0677,"BEAT":"N 12","ROT_ANGLE":0,"NODE_ID":4115,"GLOBALID":"3d73553e-8b2d-4fcd-a5f3-93023f81d3d9","CREATEDDATE":1520794199000,"LASTUPDATE":1643921040000}},{"type":"Feature","id":3038,"geometry":{"type":"Point","coordinates":[-89.2334650452465,48.4524727661622]},"properties":{"OBJECTID":3038,"LOC_ID":"PC0778","FDMID":2495,"X_COORD":334861.49091,"Y_COORD":5369000.90763,"BEAT":"N 8","ROT_ANGLE":0,"NODE_ID":7542,"GLOBALID":"bc68d7fc-de87-41ca-bc4a-bf2259a3b295","CREATEDDATE":1520794199000,"LASTUPDATE":1644350411000}},{"type":"Feature","id":3039,"geometry":{"type":"Point","coordinates":[-89.2613320382352,48.4470386932838]},"properties":{"OBJECTID":3039,"LOC_ID":"MC0004","FDMID":3002,"X_COORD":332783.31311,"Y_COORD":5368457.45214,"BEAT":"N 13","ROT_ANGLE":0,"NODE_ID":827,"GLOBALID":"fb13469d-e533-4b12-a429-ac327262e174","CREATEDDATE":1520794199000,"LASTUPDATE":1643921041000}},{"type":"Feature","id":3040,"geometry":{"type":"Point","coordinates":[-89.244697661899,48.4430884337979]},"properties":{"OBJECTID":3040,"LOC_ID":"PC0502","FDMID":2224,"X_COORD":334000.41878,"Y_COORD":5367982.19352,"BEAT":"N 8","ROT_ANGLE":0,"NODE_ID":8053,"GLOBALID":"2f20b89c-2771-4731-b0f9-ecc869358265","CREATEDDATE":1520794199000,"LASTUPDATE":1643921041000}},{"type":"Feature","id":3041,"geometry":{"type":"Point","coordinates":[-89.2472044305573,48.4386136877882]},"properties":{"OBJECTID":3041,"LOC_ID":"PC0643","FDMID":2362,"X_COORD":333800.4495,"Y_COORD":5367490.28696,"BEAT":"N 5","ROT_ANGLE":0,"NODE_ID":6579,"GLOBALID":"3fd6a6a3-6a88-4fd5-98c4-6aa1c5e449ba","CREATEDDATE":1520794199000,"LASTUPDATE":1644362971000}},{"type":"Feature","id":3042,"geometry":{"type":"Point","coordinates":[-89.2596092420587,48.4052655630036]},"properties":{"OBJECTID":3042,"LOC_ID":"PP0229","FDMID":0,"X_COORD":332773.68035,"Y_COORD":5363810.86654,"BEAT":null,"ROT_ANGLE":0,"NODE_ID":9897,"GLOBALID":"2a5bff00-c59d-4f7c-9fdd-213cfebab8af","CREATEDDATE":1520794199000,"LASTUPDATE":1643921041000}},{"type":"Feature","id":3043,"geometry":{"type":"Point","coordinates":[-89.3318323365166,48.3544116998844]},"properties":{"OBJECTID":3043,"LOC_ID":"NC0132","FDMID":1310,"X_COORD":327256.98274,"Y_COORD":5358319.08285,"BEAT":"S 15","ROT_ANGLE":0,"NODE_ID":4075,"GLOBALID":"f6f372d1-8dd4-4398-833f-53db9056a2af","CREATEDDATE":1520794199000,"LASTUPDATE":1643921041000}},{"type":"Feature","id":3044,"geometry":{"type":"Point","coordinates":[-89.3061086630505,48.3334812375075]},"properties":{"OBJECTID":3044,"LOC_ID":"NC0600","FDMID":3671,"X_COORD":329092.52245,"Y_COORD":5355935.14736,"BEAT":"S 17","ROT_ANGLE":0,"NODE_ID":4113,"GLOBALID":"e6c6e1a1-10fb-4b36-b99e-0fb81add817e","CREATEDDATE":1520794199000,"LASTUPDATE":1643921041000}},{"type":"Feature","id":3045,"geometry":{"type":"Point","coordinates":[-89.2399712012101,48.397805444731]},"properties":{"OBJECTID":3045,"LOC_ID":"FC0512","FDMID":504,"X_COORD":334202.67798,"Y_COORD":5362938.9994,"BEAT":"S 11","ROT_ANGLE":0,"NODE_ID":9890,"GLOBALID":"500a12f4-c640-4c2d-9842-eb6438b17578","CREATEDDATE":1520794199000,"LASTUPDATE":1643921041000}},{"type":"Feature","id":3046,"geometry":{"type":"Point","coordinates":[-89.1569053037794,48.4735373815405]},"properties":{"OBJECTID":3046,"LOC_ID":"PP0008","FDMID":2879,"X_COORD":340587.91267,"Y_COORD":5371179.75384,"BEAT":"N 14","ROT_ANGLE":0,"NODE_ID":10239,"GLOBALID":"8997053c-1a2d-43be-94f3-e7c58e8852b9","CREATEDDATE":1520794199000,"LASTUPDATE":1643921041000}},{"type":"Feature","id":3047,"geometry":{"type":"Point","coordinates":[-89.2095151188592,48.4630623915797]},"properties":{"OBJECTID":3047,"LOC_ID":"PC0291","FDMID":2014,"X_COORD":336663.17923,"Y_COORD":5370125.84075,"BEAT":"N 9","ROT_ANGLE":0,"NODE_ID":8266,"GLOBALID":"720e9029-e604-4334-b12e-a7d1ef28d516","CREATEDDATE":1520794199000,"LASTUPDATE":1643921041000}},{"type":"Feature","id":3048,"geometry":{"type":"Point","coordinates":[-89.2419678309449,48.4630335406425]},"properties":{"OBJECTID":3048,"LOC_ID":"MC0143","FDMID":3140,"X_COORD":334267.23094,"Y_COORD":5370193.05355,"BEAT":"N 12","ROT_ANGLE":0,"NODE_ID":1728,"GLOBALID":"486a86a1-ee48-429c-919d-b9b4d4f5486e","CREATEDDATE":1520794199000,"LASTUPDATE":1643921041000}},{"type":"Feature","id":3049,"geometry":{"type":"Point","coordinates":[-89.1730281401335,48.457350596073]},"properties":{"OBJECTID":3049,"LOC_ID":"PP0014","FDMID":2885,"X_COORD":339345.27203,"Y_COORD":5369414.37938,"BEAT":"N 14","ROT_ANGLE":0,"NODE_ID":9806,"GLOBALID":"076c3e89-93c3-4b5e-9ced-3ac9626f82c5","CREATEDDATE":1520794199000,"LASTUPDATE":1643921041000}},{"type":"Feature","id":3050,"geometry":{"type":"Point","coordinates":[-89.2004124905763,48.4536076039806]},"properties":{"OBJECTID":3050,"LOC_ID":"PP0027","FDMID":2897,"X_COORD":337308.84809,"Y_COORD":5369056.22539,"BEAT":"N 10","ROT_ANGLE":0,"NODE_ID":5827,"GLOBALID":"aaa89b57-d0d0-4fd7-9313-4f94cd1f7ddd","CREATEDDATE":1520794199000,"LASTUPDATE":1643921041000}},{"type":"Feature","id":3051,"geometry":{"type":"Point","coordinates":[-89.2056676098654,48.4521312074295]},"properties":{"OBJECTID":3051,"LOC_ID":"PP0101","FDMID":2965,"X_COORD":336915.59088,"Y_COORD":5368903.31557,"BEAT":"N 10","ROT_ANGLE":0,"NODE_ID":7242,"GLOBALID":"96afe156-eb9d-4670-821d-18f7a0926c71","CREATEDDATE":1520794199000,"LASTUPDATE":1643921041000}},{"type":"Feature","id":3052,"geometry":{"type":"Point","coordinates":[-89.2207716376039,48.4602140270915]},"properties":{"OBJECTID":3052,"LOC_ID":"PC0826","FDMID":2542,"X_COORD":335824.94204,"Y_COORD":5369833.98795,"BEAT":"N 9","ROT_ANGLE":0,"NODE_ID":4592,"GLOBALID":"b3c1032c-8f90-498c-9ca1-4f233d075b14","CREATEDDATE":1520794199000,"LASTUPDATE":1643921041000}},{"type":"Feature","id":3053,"geometry":{"type":"Point","coordinates":[-89.26757284011,48.4583809292058]},"properties":{"OBJECTID":3053,"LOC_ID":"MC0319","FDMID":3623,"X_COORD":332359.22582,"Y_COORD":5369731.73592,"BEAT":"N 15","ROT_ANGLE":0,"NODE_ID":5410,"GLOBALID":"c452a331-46cb-4411-8918-40f16ee1c861","CREATEDDATE":1520794199000,"LASTUPDATE":1643921041000}},{"type":"Feature","id":3054,"geometry":{"type":"Point","coordinates":[-89.270170568583,48.4564525475317]},"properties":{"OBJECTID":3054,"LOC_ID":"MC0078","FDMID":3075,"X_COORD":332160.82838,"Y_COORD":5369523.10027,"BEAT":"N 15","ROT_ANGLE":0,"NODE_ID":5973,"GLOBALID":"08414ce1-e390-4e9c-baef-aa63859e52aa","CREATEDDATE":1520794199000,"LASTUPDATE":1643921041000}},{"type":"Feature","id":3055,"geometry":{"type":"Point","coordinates":[-89.2128322338792,48.4537115763462]},"properties":{"OBJECTID":3055,"LOC_ID":"PC0274","FDMID":1997,"X_COORD":336390.95113,"Y_COORD":5369094.25906,"BEAT":"N 9","ROT_ANGLE":0,"NODE_ID":9503,"GLOBALID":"7a81bdde-5703-4587-984a-8533cd1ee3bb","CREATEDDATE":1520794199000,"LASTUPDATE":1644347346000}},{"type":"Feature","id":3056,"geometry":{"type":"Point","coordinates":[-89.2617009106692,48.4528475656013]},"properties":{"OBJECTID":3056,"LOC_ID":"MC0054","FDMID":3051,"X_COORD":332775.1247,"Y_COORD":5369103.87826,"BEAT":"N 15","ROT_ANGLE":0,"NODE_ID":1715,"GLOBALID":"cc18c3ea-c384-4ba7-8cb2-978d5e0f2c02","CREATEDDATE":1520794199000,"LASTUPDATE":1643921041000}},{"type":"Feature","id":3057,"geometry":{"type":"Point","coordinates":[-89.2219704926892,48.452671320422]},"properties":{"OBJECTID":3057,"LOC_ID":"PC0815","FDMID":2531,"X_COORD":335711.97462,"Y_COORD":5368998.22296,"BEAT":"N 9","ROT_ANGLE":0,"NODE_ID":8219,"GLOBALID":"b4ac12c2-9a4e-4bfa-a862-5caa913528a5","CREATEDDATE":1520794199000,"LASTUPDATE":1643921041000}},{"type":"Feature","id":3058,"geometry":{"type":"Point","coordinates":[-89.2143274954059,48.4518890510575]},"properties":{"OBJECTID":3058,"LOC_ID":"PC0122","FDMID":1845,"X_COORD":336274.29449,"Y_COORD":5368895.18629,"BEAT":"N 9","ROT_ANGLE":0,"NODE_ID":8670,"GLOBALID":"b4ad6fe3-37eb-494d-bf46-245cfd469b63","CREATEDDATE":1520794199000,"LASTUPDATE":1643921041000}},{"type":"Feature","id":3059,"geometry":{"type":"Point","coordinates":[-89.2197992464893,48.4512244764772]},"properties":{"OBJECTID":3059,"LOC_ID":"PC0957","FDMID":2673,"X_COORD":335867.83996,"Y_COORD":5368832.75122,"BEAT":"N 9","ROT_ANGLE":0,"NODE_ID":8339,"GLOBALID":"9b12b66f-4afe-428a-a4ab-db37ded36214","CREATEDDATE":1520794199000,"LASTUPDATE":1644348465000}},{"type":"Feature","id":3060,"geometry":{"type":"Point","coordinates":[-89.2815894618472,48.4459382423433]},"properties":{"OBJECTID":3060,"LOC_ID":"MC0211","FDMID":3208,"X_COORD":331281.8063,"Y_COORD":5368379.60485,"BEAT":"N 13","ROT_ANGLE":0,"NODE_ID":7154,"GLOBALID":"56f356f8-c3f2-4738-873d-d3c8b9f59716","CREATEDDATE":1520794199000,"LASTUPDATE":1643921041000}},{"type":"Feature","id":3061,"geometry":{"type":"Point","coordinates":[-89.2163699296858,48.4453594809435]},"properties":{"OBJECTID":3061,"LOC_ID":"PC0196","FDMID":1919,"X_COORD":336102.52438,"Y_COORD":5368173.53688,"BEAT":"N 10","ROT_ANGLE":0,"NODE_ID":3285,"GLOBALID":"d8e1d419-a885-4143-8ad8-e507bc30378e","CREATEDDATE":1520794199000,"LASTUPDATE":1643921041000}},{"type":"Feature","id":3062,"geometry":{"type":"Point","coordinates":[-89.2723743062538,48.4422925848688]},"properties":{"OBJECTID":3062,"LOC_ID":"MC0184","FDMID":3181,"X_COORD":331951.16463,"Y_COORD":5367954.14309,"BEAT":"N 13","ROT_ANGLE":0,"NODE_ID":9881,"GLOBALID":"294d93a0-04a2-4a7e-89e6-73c8ee5da56a","CREATEDDATE":1520794199000,"LASTUPDATE":1643921041000}},{"type":"Feature","id":3063,"geometry":{"type":"Point","coordinates":[-89.2264954762461,48.4404470738247]},"properties":{"OBJECTID":3063,"LOC_ID":"PC0321","FDMID":2044,"X_COORD":335336.9999,"Y_COORD":5367647.59717,"BEAT":"N 6","ROT_ANGLE":0,"NODE_ID":3398,"GLOBALID":"a79b0ef6-6fa3-4e71-9c2a-351b967abbad","CREATEDDATE":1520794199000,"LASTUPDATE":1643921041000}},{"type":"Feature","id":3064,"geometry":{"type":"Point","coordinates":[-89.2474087898939,48.4403803658023]},"properties":{"OBJECTID":3064,"LOC_ID":"PC0496","FDMID":2218,"X_COORD":333791.09884,"Y_COORD":5367687.09029,"BEAT":"N 5","ROT_ANGLE":0,"NODE_ID":816,"GLOBALID":"eb3fc9b5-0054-42cb-83b1-4631b4dad12d","CREATEDDATE":1520794199000,"LASTUPDATE":1643921041000}},{"type":"Feature","id":3065,"geometry":{"type":"Point","coordinates":[-89.2454021651069,48.4398467232894]},"properties":{"OBJECTID":3065,"LOC_ID":"PC0507","FDMID":2228,"X_COORD":333937.7551,"Y_COORD":5367623.42027,"BEAT":"N 5","ROT_ANGLE":0,"NODE_ID":1633,"GLOBALID":"50d013be-2691-45e4-a163-6c3f27f9c771","CREATEDDATE":1520794199000,"LASTUPDATE":1643921041000}},{"type":"Feature","id":3066,"geometry":{"type":"Point","coordinates":[-89.2593699461636,48.4377626893613]},"properties":{"OBJECTID":3066,"LOC_ID":"PC0945","FDMID":2661,"X_COORD":332897.95887,"Y_COORD":5367422.19557,"BEAT":"N 4","ROT_ANGLE":0,"NODE_ID":5930,"GLOBALID":"38549bca-eff8-431c-8e83-7328a494e54c","CREATEDDATE":1520794199000,"LASTUPDATE":1643921041000}},{"type":"Feature","id":3067,"geometry":{"type":"Point","coordinates":[-89.2668679394886,48.4370898593487]},"properties":{"OBJECTID":3067,"LOC_ID":"PC1128","FDMID":2842,"X_COORD":332341.22262,"Y_COORD":5367363.81425,"BEAT":"N 4","ROT_ANGLE":0,"NODE_ID":7340,"GLOBALID":"2f3518a3-58d5-4279-8f07-91a3d7b0f3ff","CREATEDDATE":1520794199000,"LASTUPDATE":1643921041000}},{"type":"Feature","id":3068,"geometry":{"type":"Point","coordinates":[-89.2237806234257,48.436976582435]},"properties":{"OBJECTID":3068,"LOC_ID":"PC0462","FDMID":2184,"X_COORD":335527.47465,"Y_COORD":5367257.71531,"BEAT":"N7","ROT_ANGLE":0,"NODE_ID":8601,"GLOBALID":"78401acb-d8f8-41d4-a4e1-7ed5c314a9b8","CREATEDDATE":1520794199000,"LASTUPDATE":1643921041000}},{"type":"Feature","id":3069,"geometry":{"type":"Point","coordinates":[-89.2257543460527,48.4360952497372]},"properties":{"OBJECTID":3069,"LOC_ID":"PC1186","FDMID":3389,"X_COORD":335378.65545,"Y_COORD":5367164.00165,"BEAT":"N 6","ROT_ANGLE":0,"NODE_ID":1255,"GLOBALID":"ff1a3a5c-f440-40f4-92f6-8712a320b311","CREATEDDATE":1520794199000,"LASTUPDATE":1643921041000}},{"type":"Feature","id":3070,"geometry":{"type":"Point","coordinates":[-89.2465027938128,48.4354184238444]},"properties":{"OBJECTID":3070,"LOC_ID":"PC0648","FDMID":2367,"X_COORD":333841.9215,"Y_COORD":5367133.62136,"BEAT":"N 5","ROT_ANGLE":0,"NODE_ID":447,"GLOBALID":"587d4c63-3660-4280-a518-251d321de96a","CREATEDDATE":1520794199000,"LASTUPDATE":1643921041000}},{"type":"Feature","id":3071,"geometry":{"type":"Point","coordinates":[-89.265639659462,48.4294453757409]},"properties":{"OBJECTID":3071,"LOC_ID":"PC1214","FDMID":0,"X_COORD":332406.92195,"Y_COORD":5366511.47249,"BEAT":null,"ROT_ANGLE":0,"NODE_ID":1471,"GLOBALID":"96e043ef-b901-4411-a071-a28a7bb3e594","CREATEDDATE":1520794199000,"LASTUPDATE":1643921041000}},{"type":"Feature","id":3072,"geometry":{"type":"Point","coordinates":[-89.2384576910821,48.4184567506264]},"properties":{"OBJECTID":3072,"LOC_ID":"PC0703","FDMID":2422,"X_COORD":334382.19132,"Y_COORD":5365233.08888,"BEAT":"N 2","ROT_ANGLE":0,"NODE_ID":6725,"GLOBALID":"d77bf4c5-ee29-498e-9abe-632136ef1e4f","CREATEDDATE":1520794199000,"LASTUPDATE":1644351534000}},{"type":"Feature","id":3073,"geometry":{"type":"Point","coordinates":[-89.2609719291534,48.4104497204746]},"properties":{"OBJECTID":3073,"LOC_ID":"PC1175","FDMID":3358,"X_COORD":332689.8406,"Y_COORD":5364390.01867,"BEAT":"N 1","ROT_ANGLE":0,"NODE_ID":9237,"GLOBALID":"17a44408-6340-4d99-ab5c-53f5f97c0b42","CREATEDDATE":1520794199000,"LASTUPDATE":1643921042000}},{"type":"Feature","id":3074,"geometry":{"type":"Point","coordinates":[-89.2396924425311,48.4019211179264]},"properties":{"OBJECTID":3074,"LOC_ID":"PP0231","FDMID":0,"X_COORD":334301.99395,"Y_COORD":5363402.14487,"BEAT":null,"ROT_ANGLE":0,"NODE_ID":10406,"GLOBALID":"a3815b3a-c868-4b01-8dc6-21d4c840fca5","CREATEDDATE":1520794199000,"LASTUPDATE":1643921042000}},{"type":"Feature","id":3075,"geometry":{"type":"Point","coordinates":[-89.249878777884,48.4038901078694]},"properties":{"OBJECTID":3075,"LOC_ID":"PC1113","FDMID":2827,"X_COORD":333489.26716,"Y_COORD":5363636.78449,"BEAT":"N 2","ROT_ANGLE":0,"NODE_ID":5473,"GLOBALID":"f492b4b0-acb9-4633-8b1d-6868efcd28f2","CREATEDDATE":1520794199000,"LASTUPDATE":1643921042000}},{"type":"Feature","id":3076,"geometry":{"type":"Point","coordinates":[-89.2929709673379,48.3956898653325]},"properties":{"OBJECTID":3076,"LOC_ID":"FC1105","FDMID":1094,"X_COORD":330272.93231,"Y_COORD":5362819.98449,"BEAT":"S 1","ROT_ANGLE":0,"NODE_ID":8446,"GLOBALID":"440d51e7-d497-4b74-800d-a1c7c6dae62b","CREATEDDATE":1520794199000,"LASTUPDATE":1643921042000}},{"type":"Feature","id":3077,"geometry":{"type":"Point","coordinates":[-89.2412233966312,48.3845317237867]},"properties":{"OBJECTID":3077,"LOC_ID":"FC0339","FDMID":334,"X_COORD":334068.11209,"Y_COORD":5361474.57418,"BEAT":"S 10","ROT_ANGLE":0,"NODE_ID":8586,"GLOBALID":"2f9945e9-6c74-439f-a276-e5d315803fca","CREATEDDATE":1520794199000,"LASTUPDATE":1670874690000}},{"type":"Feature","id":3078,"geometry":{"type":"Point","coordinates":[-89.2840274149884,48.3899088925551]},"properties":{"OBJECTID":3078,"LOC_ID":"FC0436","FDMID":429,"X_COORD":330915.75113,"Y_COORD":5362157.68843,"BEAT":"S 1","ROT_ANGLE":0,"NODE_ID":8256,"GLOBALID":"1fc9c5f4-7f75-4589-ac1f-f8d0470eb1fd","CREATEDDATE":1520794199000,"LASTUPDATE":1643921042000}},{"type":"Feature","id":3079,"geometry":{"type":"Point","coordinates":[-89.2784006428398,48.3884744072772]},"properties":{"OBJECTID":3079,"LOC_ID":"FC0844","FDMID":835,"X_COORD":331330.24303,"Y_COORD":5361985.71556,"BEAT":"S 4","ROT_ANGLE":0,"NODE_ID":8943,"GLOBALID":"dfcd8334-1ef9-47af-9378-855b504ee529","CREATEDDATE":1520794199000,"LASTUPDATE":1643921042000}},{"type":"Feature","id":3080,"geometry":{"type":"Point","coordinates":[-89.2994097170837,48.3875790488682]},"properties":{"OBJECTID":3080,"LOC_ID":"FC1096","FDMID":1087,"X_COORD":329769.32092,"Y_COORD":5361932.81675,"BEAT":"S 1","ROT_ANGLE":0,"NODE_ID":963,"GLOBALID":"1e9ac21c-bdf5-451d-8295-558ba0ca5588","CREATEDDATE":1520794199000,"LASTUPDATE":1643921042000}},{"type":"Feature","id":3081,"geometry":{"type":"Point","coordinates":[-89.2422595106833,48.3877504491618]},"properties":{"OBJECTID":3081,"LOC_ID":"FC0077","FDMID":70,"X_COORD":334000.59696,"Y_COORD":5361826.41137,"BEAT":"S 11","ROT_ANGLE":0,"NODE_ID":4863,"GLOBALID":"26f73eb4-5cb0-473f-b49f-6fd13ab44adb","CREATEDDATE":1520794199000,"LASTUPDATE":1643921042000}},{"type":"Feature","id":3082,"geometry":{"type":"Point","coordinates":[-89.2476804947941,48.3881083105227]},"properties":{"OBJECTID":3082,"LOC_ID":"FC0726","FDMID":717,"X_COORD":333601.65423,"Y_COORD":5361879.93559,"BEAT":"S 9","ROT_ANGLE":0,"NODE_ID":187,"GLOBALID":"d1960fb3-8128-48b7-9da4-47e3e3eff96a","CREATEDDATE":1520794199000,"LASTUPDATE":1674263708000}},{"type":"Feature","id":3083,"geometry":{"type":"Point","coordinates":[-89.2878889726022,48.3859583856813]},"properties":{"OBJECTID":3083,"LOC_ID":"FC0861","FDMID":852,"X_COORD":330616.79279,"Y_COORD":5361727.14891,"BEAT":"S 5","ROT_ANGLE":0,"NODE_ID":10149,"GLOBALID":"06ebbe47-699d-4d7e-a748-7c88bfbed9f9","CREATEDDATE":1520794199000,"LASTUPDATE":1643921042000}},{"type":"Feature","id":3084,"geometry":{"type":"Point","coordinates":[-89.2565463322908,48.3862976106023]},"properties":{"OBJECTID":3084,"LOC_ID":"FC0263","FDMID":258,"X_COORD":332938.21769,"Y_COORD":5361696.00727,"BEAT":"S 9","ROT_ANGLE":0,"NODE_ID":1422,"GLOBALID":"0fe618e6-2c6b-4447-afcb-67958abc5a65","CREATEDDATE":1520794199000,"LASTUPDATE":1643921042000}},{"type":"Feature","id":3085,"geometry":{"type":"Point","coordinates":[-89.2531477369864,48.3840242547745]},"properties":{"OBJECTID":3085,"LOC_ID":"FC0763","FDMID":754,"X_COORD":333182.37974,"Y_COORD":5361435.92689,"BEAT":"S 10","ROT_ANGLE":0,"NODE_ID":9699,"GLOBALID":"f3ae1fc0-3b09-4493-9502-e3dc43039533","CREATEDDATE":1520794199000,"LASTUPDATE":1643921042000}},{"type":"Feature","id":3086,"geometry":{"type":"Point","coordinates":[-89.3063354382919,48.3818761666958]},"properties":{"OBJECTID":3086,"LOC_ID":"NP0016","FDMID":3275,"X_COORD":329237.54517,"Y_COORD":5361314.3891,"BEAT":"S 13","ROT_ANGLE":0,"NODE_ID":9556,"GLOBALID":"9437dd22-3632-42f7-8b82-4dac0b7e8afb","CREATEDDATE":1520794199000,"LASTUPDATE":1643921042000}},{"type":"Feature","id":3087,"geometry":{"type":"Point","coordinates":[-89.2879891707137,48.3809706007406]},"properties":{"OBJECTID":3087,"LOC_ID":"FC1015","FDMID":1006,"X_COORD":330592.82479,"Y_COORD":5361173.01028,"BEAT":"S 5","ROT_ANGLE":0,"NODE_ID":7677,"GLOBALID":"319ff52f-382f-4be3-b1d0-ec142f3acd76","CREATEDDATE":1520794199000,"LASTUPDATE":1643921042000}},{"type":"Feature","id":3088,"geometry":{"type":"Point","coordinates":[-89.3169158524705,48.3709355900556]},"properties":{"OBJECTID":3088,"LOC_ID":"NP0052","FDMID":1721,"X_COORD":328417.43919,"Y_COORD":5360122.06654,"BEAT":"S 13","ROT_ANGLE":0,"NODE_ID":5834,"GLOBALID":"adfff64d-fbad-4be9-a3e7-5e8883105b5a","CREATEDDATE":1520794199000,"LASTUPDATE":1643921042000}},{"type":"Feature","id":3089,"geometry":{"type":"Point","coordinates":[-89.3114519005647,48.3717842968093]},"properties":{"OBJECTID":3089,"LOC_ID":"NP0003","FDMID":3264,"X_COORD":328824.89954,"Y_COORD":5360204.17009,"BEAT":"S 13","ROT_ANGLE":0,"NODE_ID":9434,"GLOBALID":"98d361aa-2266-4609-aa41-2c42f29c4764","CREATEDDATE":1520794199000,"LASTUPDATE":1643921042000}},{"type":"Feature","id":3090,"geometry":{"type":"Point","coordinates":[-89.2839264648842,48.3760545518071]},"properties":{"OBJECTID":3090,"LOC_ID":"FC0535","FDMID":527,"X_COORD":330876.37398,"Y_COORD":5360613.93956,"BEAT":"S 5","ROT_ANGLE":0,"NODE_ID":3092,"GLOBALID":"78f00ec1-90ff-47c6-a609-28eafb76ccff","CREATEDDATE":1520794199000,"LASTUPDATE":1671649267000}},{"type":"Feature","id":3091,"geometry":{"type":"Point","coordinates":[-89.2893384736792,48.3746131715218]},"properties":{"OBJECTID":3091,"LOC_ID":"FC0403","FDMID":397,"X_COORD":330471.87631,"Y_COORD":5360470.37041,"BEAT":"S 5","ROT_ANGLE":0,"NODE_ID":3426,"GLOBALID":"1809521f-5aa8-4d6d-a5b2-d45612cd8583","CREATEDDATE":1520794199000,"LASTUPDATE":1643921042000}},{"type":"Feature","id":3092,"geometry":{"type":"Point","coordinates":[-89.3805199642819,48.3732211886817]},"properties":{"OBJECTID":3092,"LOC_ID":"NC0321","FDMID":1497,"X_COORD":323715.35791,"Y_COORD":5360520.52234,"BEAT":"S 14","ROT_ANGLE":0,"NODE_ID":3594,"GLOBALID":"b22db2b3-59d1-4cf5-8b3f-4ff0515e05fa","CREATEDDATE":1520794199000,"LASTUPDATE":1643921042000}},{"type":"Feature","id":3093,"geometry":{"type":"Point","coordinates":[-89.238449411534,48.3750554043773]},"properties":{"OBJECTID":3093,"LOC_ID":"FC0396","FDMID":390,"X_COORD":334241.41129,"Y_COORD":5360407.18986,"BEAT":"S 12","ROT_ANGLE":0,"NODE_ID":4397,"GLOBALID":"3f9bcc81-fe9a-44f3-ac50-4df033146e43","CREATEDDATE":1520794199000,"LASTUPDATE":1643921042000}},{"type":"Feature","id":3094,"geometry":{"type":"Point","coordinates":[-89.2735182886264,48.3631051791126]},"properties":{"OBJECTID":3094,"LOC_ID":"FP0003","FDMID":1143,"X_COORD":331605.29276,"Y_COORD":5359155.49117,"BEAT":"S 6","ROT_ANGLE":0,"NODE_ID":2384,"GLOBALID":"35175a16-083f-4887-a772-73e5fda6b81e","CREATEDDATE":1520794199000,"LASTUPDATE":1643921042000}},{"type":"Feature","id":3095,"geometry":{"type":"Point","coordinates":[-89.2571959438617,48.3671965826589]},"properties":{"OBJECTID":3095,"LOC_ID":"FC0266","FDMID":261,"X_COORD":332823.83484,"Y_COORD":5359572.08919,"BEAT":"S 6","ROT_ANGLE":0,"NODE_ID":9192,"GLOBALID":"163e8e0a-0d36-431c-af28-db31c24aff9c","CREATEDDATE":1520794199000,"LASTUPDATE":1643921042000}},{"type":"Feature","id":3096,"geometry":{"type":"Point","coordinates":[-89.2753203769311,48.3660996943441]},"properties":{"OBJECTID":3096,"LOC_ID":"FC0019","FDMID":3,"X_COORD":331482.70153,"Y_COORD":5359492.54129,"BEAT":"S 6","ROT_ANGLE":0,"NODE_ID":9364,"GLOBALID":"23926e77-266e-4b7c-b8c3-27ce7b5e89d0","CREATEDDATE":1520794199000,"LASTUPDATE":1643921042000}},{"type":"Feature","id":3097,"geometry":{"type":"Point","coordinates":[-89.3626559554803,48.3625994587063]},"properties":{"OBJECTID":3097,"LOC_ID":"NC0059","FDMID":1237,"X_COORD":325001.75611,"Y_COORD":5359299.04394,"BEAT":"S 14","ROT_ANGLE":0,"NODE_ID":9826,"GLOBALID":"d054f40d-38d8-4dff-9b88-8d7610fda33a","CREATEDDATE":1520794199000,"LASTUPDATE":1643921042000}},{"type":"Feature","id":3098,"geometry":{"type":"Point","coordinates":[-89.3059406167343,48.3641052359364]},"properties":{"OBJECTID":3098,"LOC_ID":"FC0309","FDMID":304,"X_COORD":329208.1894,"Y_COORD":5359334.03172,"BEAT":"S 3","ROT_ANGLE":0,"NODE_ID":4852,"GLOBALID":"74a04b7c-af81-4fc0-a5e9-2769232fd5f7","CREATEDDATE":1520794199000,"LASTUPDATE":1643921042000}},{"type":"Feature","id":3099,"geometry":{"type":"Point","coordinates":[-89.297872612911,48.3650171242836]},"properties":{"OBJECTID":3099,"LOC_ID":"FC0296","FDMID":291,"X_COORD":329807.90934,"Y_COORD":5359421.79825,"BEAT":"S 3","ROT_ANGLE":0,"NODE_ID":3062,"GLOBALID":"846bd867-4c3c-4b31-bab6-ac04ba0892c3","CREATEDDATE":1520794199000,"LASTUPDATE":1643921042000}},{"type":"Feature","id":3100,"geometry":{"type":"Point","coordinates":[-89.3778679296156,48.3624026994094]},"properties":{"OBJECTID":3100,"LOC_ID":"NC0080","FDMID":1258,"X_COORD":323874.43349,"Y_COORD":5359312.02954,"BEAT":"S 14","ROT_ANGLE":0,"NODE_ID":5611,"GLOBALID":"a4325d32-7566-4164-b20b-92a6ab865d06","CREATEDDATE":1520794199000,"LASTUPDATE":1643921042000}},{"type":"Feature","id":3101,"geometry":{"type":"Point","coordinates":[-89.3859232168443,48.3611868915206]},"properties":{"OBJECTID":3101,"LOC_ID":"NC0432","FDMID":1605,"X_COORD":323273.61813,"Y_COORD":5359195.4497,"BEAT":"S 14","ROT_ANGLE":0,"NODE_ID":10399,"GLOBALID":"3bda5360-46df-4a33-a5ec-d3dd4c84233d","CREATEDDATE":1520794199000,"LASTUPDATE":1643921042000}},{"type":"Feature","id":3102,"geometry":{"type":"Point","coordinates":[-89.3211070261845,48.3543427236097]},"properties":{"OBJECTID":3102,"LOC_ID":"NC0139","FDMID":1317,"X_COORD":328051.23913,"Y_COORD":5358287.29124,"BEAT":"S 15","ROT_ANGLE":0,"NODE_ID":5974,"GLOBALID":"1ca558ab-45be-4f38-a7c9-fdcf704d38be","CREATEDDATE":1520794199000,"LASTUPDATE":1643921042000}},{"type":"Feature","id":3103,"geometry":{"type":"Point","coordinates":[-89.2978104482007,48.3564049030847]},"properties":{"OBJECTID":3103,"LOC_ID":"FP0022","FDMID":1156,"X_COORD":329783.82255,"Y_COORD":5358464.47345,"BEAT":"S 3","ROT_ANGLE":0,"NODE_ID":9676,"GLOBALID":"d1ec7c64-6524-4b3d-88c7-35c6170001da","CREATEDDATE":1520794199000,"LASTUPDATE":1643921042000}},{"type":"Feature","id":3104,"geometry":{"type":"Point","coordinates":[-89.3659086871105,48.3167211203738]},"properties":{"OBJECTID":3104,"LOC_ID":"NC0467","FDMID":1640,"X_COORD":324603.46773,"Y_COORD":5354207.46583,"BEAT":"S 16","ROT_ANGLE":0,"NODE_ID":456,"GLOBALID":"70dc7005-03c5-49c9-af4d-75c82a974541","CREATEDDATE":1520794199000,"LASTUPDATE":1643921042000}},{"type":"Feature","id":3105,"geometry":{"type":"Point","coordinates":[-89.1822269166759,48.4784913279951]},"properties":{"OBJECTID":3105,"LOC_ID":"PC0081","FDMID":1805,"X_COORD":338732.26442,"Y_COORD":5371783.4364,"BEAT":"N 11","ROT_ANGLE":0,"NODE_ID":1199,"GLOBALID":"e53068b2-45d1-48be-970e-a01f4fcf30b3","CREATEDDATE":1520794199000,"LASTUPDATE":1644262452000}},{"type":"Feature","id":3106,"geometry":{"type":"Point","coordinates":[-89.1849153560787,48.46877658581]},"properties":{"OBJECTID":3106,"LOC_ID":"PC0065","FDMID":1789,"X_COORD":338502.75965,"Y_COORD":5370709.34642,"BEAT":"N 11","ROT_ANGLE":0,"NODE_ID":1895,"GLOBALID":"ff6ee94e-5a6a-431d-acda-8fcacc29fa55","CREATEDDATE":1520794199000,"LASTUPDATE":1643921042000}},{"type":"Feature","id":3107,"geometry":{"type":"Point","coordinates":[-89.2518708624826,48.4605274060461]},"properties":{"OBJECTID":3107,"LOC_ID":"MC0069","FDMID":3066,"X_COORD":333527.01615,"Y_COORD":5369936.01803,"BEAT":"N 12","ROT_ANGLE":0,"NODE_ID":4730,"GLOBALID":"190a590d-5c2a-4588-a484-ab705914f41a","CREATEDDATE":1520794199000,"LASTUPDATE":1643921043000}},{"type":"Feature","id":3108,"geometry":{"type":"Point","coordinates":[-89.2128290565242,48.4580624551089]},"properties":{"OBJECTID":3108,"LOC_ID":"PC0272","FDMID":1995,"X_COORD":336405.1704,"Y_COORD":5369577.83333,"BEAT":"N 9","ROT_ANGLE":0,"NODE_ID":4978,"GLOBALID":"2e76a250-6094-4f42-a14c-b6b7563f8e09","CREATEDDATE":1520794199000,"LASTUPDATE":1644267282000}},{"type":"Feature","id":3109,"geometry":{"type":"Point","coordinates":[-89.2256632549484,48.4539302820611]},"properties":{"OBJECTID":3109,"LOC_ID":"PC0243","FDMID":1966,"X_COORD":335443.02204,"Y_COORD":5369146.08907,"BEAT":"N 8","ROT_ANGLE":0,"NODE_ID":1274,"GLOBALID":"c7f29a74-cf19-4d5a-bc6e-c17eccb4b7a4","CREATEDDATE":1520794199000,"LASTUPDATE":1644348410000}},{"type":"Feature","id":3110,"geometry":{"type":"Point","coordinates":[-89.2581311102746,48.451811685211]},"properties":{"OBJECTID":3110,"LOC_ID":"MC0039","FDMID":3036,"X_COORD":333035.77955,"Y_COORD":5368980.64242,"BEAT":"N 13","ROT_ANGLE":0,"NODE_ID":6016,"GLOBALID":"8c88fa35-4d00-4f74-a05b-2552391c850b","CREATEDDATE":1520794199000,"LASTUPDATE":1643921043000}},{"type":"Feature","id":3111,"geometry":{"type":"Point","coordinates":[-89.2143013202759,48.4511379104594]},"properties":{"OBJECTID":3111,"LOC_ID":"PC0120","FDMID":1843,"X_COORD":336274.05974,"Y_COORD":5368811.34936,"BEAT":"N 10","ROT_ANGLE":0,"NODE_ID":6226,"GLOBALID":"ae675959-e4bf-4955-89e5-99da06df2cec","CREATEDDATE":1520794199000,"LASTUPDATE":1643921043000}},{"type":"Feature","id":3112,"geometry":{"type":"Point","coordinates":[-89.2395286132179,48.4504810043954]},"properties":{"OBJECTID":3112,"LOC_ID":"PC0883","FDMID":2599,"X_COORD":334406.70563,"Y_COORD":5368792.6396,"BEAT":"N 8","ROT_ANGLE":0,"NODE_ID":1709,"GLOBALID":"69b1c095-2797-47d8-bfe7-9a08d15d8fd7","CREATEDDATE":1520794199000,"LASTUPDATE":1644350576000}},{"type":"Feature","id":3113,"geometry":{"type":"Point","coordinates":[-89.2631995029866,48.4483826485526]},"properties":{"OBJECTID":3113,"LOC_ID":"MC0024","FDMID":3022,"X_COORD":332649.64988,"Y_COORD":5368610.90674,"BEAT":"N 13","ROT_ANGLE":0,"NODE_ID":6011,"GLOBALID":"37cf3065-8da5-4e88-a726-37209f3ea246","CREATEDDATE":1520794199000,"LASTUPDATE":1643921043000}},{"type":"Feature","id":3114,"geometry":{"type":"Point","coordinates":[-89.2484523554269,48.4438110396349]},"properties":{"OBJECTID":3114,"LOC_ID":"PC0820","FDMID":2536,"X_COORD":333725.12329,"Y_COORD":5368070.6597,"BEAT":"N 4","ROT_ANGLE":0,"NODE_ID":7907,"GLOBALID":"e37e31e3-3e6d-4fbf-a59c-f9dc691c8143","CREATEDDATE":1520794199000,"LASTUPDATE":1643921043000}},{"type":"Feature","id":3115,"geometry":{"type":"Point","coordinates":[-89.2181422461435,48.4443659211213]},"properties":{"OBJECTID":3115,"LOC_ID":"PC0200","FDMID":1923,"X_COORD":335968.27107,"Y_COORD":5368066.90648,"BEAT":"N 10","ROT_ANGLE":0,"NODE_ID":6159,"GLOBALID":"4d04a3dc-7f2e-46cc-80ec-f9b40c463705","CREATEDDATE":1520794199000,"LASTUPDATE":1643921043000}},{"type":"Feature","id":3116,"geometry":{"type":"Point","coordinates":[-89.2421485039317,48.4426433291811]},"properties":{"OBJECTID":3116,"LOC_ID":"PC0515","FDMID":2235,"X_COORD":334187.09654,"Y_COORD":5367927.76485,"BEAT":"N 5","ROT_ANGLE":0,"NODE_ID":10061,"GLOBALID":"48545dc4-d56f-417b-a083-2fe4f30c7900","CREATEDDATE":1520794199000,"LASTUPDATE":1643921043000}},{"type":"Feature","id":3117,"geometry":{"type":"Point","coordinates":[-89.2277281909469,48.442210495709]},"properties":{"OBJECTID":3117,"LOC_ID":"PC0340","FDMID":2063,"X_COORD":335252.44464,"Y_COORD":5367847.94072,"BEAT":"N 6","ROT_ANGLE":0,"NODE_ID":544,"GLOBALID":"5113f097-5fc2-4364-83e5-73d6185933ed","CREATEDDATE":1520794199000,"LASTUPDATE":1643921043000}},{"type":"Feature","id":3118,"geometry":{"type":"Point","coordinates":[-89.2053020626193,48.4403653294115]},"properties":{"OBJECTID":3118,"LOC_ID":"PP0160","FDMID":1911,"X_COORD":336904.94256,"Y_COORD":5367594.82353,"BEAT":"N 14","ROT_ANGLE":0,"NODE_ID":5142,"GLOBALID":"6e3790df-2563-4447-9528-458604face94","CREATEDDATE":1520794199000,"LASTUPDATE":1643921043000}},{"type":"Feature","id":3119,"geometry":{"type":"Point","coordinates":[-89.233395655926,48.4408281499424]},"properties":{"OBJECTID":3119,"LOC_ID":"PC0474","FDMID":2196,"X_COORD":334828.8504,"Y_COORD":5367706.52222,"BEAT":"N 6","ROT_ANGLE":0,"NODE_ID":7200,"GLOBALID":"4f8c9d6d-97fc-44c7-b2b4-620df96c5216","CREATEDDATE":1520794199000,"LASTUPDATE":1643921043000}},{"type":"Feature","id":3120,"geometry":{"type":"Point","coordinates":[-89.2508259824805,48.4395870490066]},"properties":{"OBJECTID":3120,"LOC_ID":"PC0775","FDMID":2492,"X_COORD":333535.79695,"Y_COORD":5367606.34558,"BEAT":"N 4","ROT_ANGLE":0,"NODE_ID":8731,"GLOBALID":"d9f04427-926d-4682-85ea-d9d9304b7d7b","CREATEDDATE":1520794199000,"LASTUPDATE":1643921043000}},{"type":"Feature","id":3121,"geometry":{"type":"Point","coordinates":[-89.2381443927083,48.4395415832064]},"properties":{"OBJECTID":3121,"LOC_ID":"PC0524","FDMID":2244,"X_COORD":334473.49833,"Y_COORD":5367573.78033,"BEAT":"N 5","ROT_ANGLE":0,"NODE_ID":9244,"GLOBALID":"597fafd4-624e-4cf9-a20a-8f2fbc505e78","CREATEDDATE":1520794199000,"LASTUPDATE":1643921043000}},{"type":"Feature","id":3122,"geometry":{"type":"Point","coordinates":[-89.2666464758334,48.4358053272341]},"properties":{"OBJECTID":3122,"LOC_ID":"PC1124","FDMID":2838,"X_COORD":332353.37545,"Y_COORD":5367220.5587,"BEAT":"N 4","ROT_ANGLE":0,"NODE_ID":6131,"GLOBALID":"c4446929-7aa4-4baa-b5e8-986524dcd0d1","CREATEDDATE":1520794199000,"LASTUPDATE":1643921043000}},{"type":"Feature","id":3123,"geometry":{"type":"Point","coordinates":[-89.2686875717672,48.4356798629796]},"properties":{"OBJECTID":3123,"LOC_ID":"PC1122","FDMID":2836,"X_COORD":332202.00828,"Y_COORD":5367211.08517,"BEAT":"N 4","ROT_ANGLE":0,"NODE_ID":9460,"GLOBALID":"7e712238-d901-4f10-a4a9-7692d3af458b","CREATEDDATE":1520794199000,"LASTUPDATE":1643921043000}},{"type":"Feature","id":3124,"geometry":{"type":"Point","coordinates":[-89.2697041419907,48.4339887117582]},"properties":{"OBJECTID":3124,"LOC_ID":"PC1136","FDMID":2850,"X_COORD":332121.25359,"Y_COORD":5367025.34974,"BEAT":"N 4","ROT_ANGLE":0,"NODE_ID":7846,"GLOBALID":"077ca016-b0d9-4de4-817d-d393d5dce554","CREATEDDATE":1520794199000,"LASTUPDATE":1643921043000}},{"type":"Feature","id":3125,"geometry":{"type":"Point","coordinates":[-89.2345065637627,48.4300900832205]},"properties":{"OBJECTID":3125,"LOC_ID":"PC0571","FDMID":2291,"X_COORD":334711.87657,"Y_COORD":5366515.41515,"BEAT":"N 6","ROT_ANGLE":0,"NODE_ID":7325,"GLOBALID":"e25fe21f-57d5-4d21-a264-7eef89605260","CREATEDDATE":1520794199000,"LASTUPDATE":1643921043000}},{"type":"Feature","id":3126,"geometry":{"type":"Point","coordinates":[-89.233009687758,48.4251974307262]},"properties":{"OBJECTID":3126,"LOC_ID":"PC0804","FDMID":2520,"X_COORD":334806.73251,"Y_COORD":5365968.39205,"BEAT":"N 3","ROT_ANGLE":0,"NODE_ID":5647,"GLOBALID":"f592f9d5-c685-4b89-b523-88e1e9500f78","CREATEDDATE":1520794199000,"LASTUPDATE":1643921043000}},{"type":"Feature","id":3127,"geometry":{"type":"Point","coordinates":[-89.2439504846469,48.4244650820482]},"properties":{"OBJECTID":3127,"LOC_ID":"PC0762","FDMID":2479,"X_COORD":333995.00771,"Y_COORD":5365910.66737,"BEAT":"N 3","ROT_ANGLE":0,"NODE_ID":8952,"GLOBALID":"c8e77a95-74bf-4bbc-bad4-9e46e4faf595","CREATEDDATE":1520794199000,"LASTUPDATE":1643921043000}},{"type":"Feature","id":3128,"geometry":{"type":"Point","coordinates":[-89.2185111546074,48.4195340283658]},"properties":{"OBJECTID":3128,"LOC_ID":"PP0087","FDMID":2952,"X_COORD":335860.99785,"Y_COORD":5365307.76177,"BEAT":"N 14","ROT_ANGLE":0,"NODE_ID":348,"GLOBALID":"804d4773-079b-47c5-a4b3-fc52bfbaec9c","CREATEDDATE":1520794199000,"LASTUPDATE":1643921043000}},{"type":"Feature","id":3129,"geometry":{"type":"Point","coordinates":[-89.2280247119075,48.4176980517047]},"properties":{"OBJECTID":3129,"LOC_ID":"PP0166","FDMID":2398,"X_COORD":335151.22787,"Y_COORD":5365124.13758,"BEAT":"N 14","ROT_ANGLE":0,"NODE_ID":1572,"GLOBALID":"923b7a12-91d5-4bfd-a319-23e7ae8ae5a9","CREATEDDATE":1520794199000,"LASTUPDATE":1643921043000}},{"type":"Feature","id":3130,"geometry":{"type":"Point","coordinates":[-89.2632878714339,48.421440230067]},"properties":{"OBJECTID":3130,"LOC_ID":"PP0044","FDMID":2911,"X_COORD":332554.57609,"Y_COORD":5365616.59633,"BEAT":"N 1","ROT_ANGLE":0,"NODE_ID":9249,"GLOBALID":"55bdc3ec-55e3-42df-b28d-e4a45315f302","CREATEDDATE":1520794199000,"LASTUPDATE":1643921043000}},{"type":"Feature","id":3131,"geometry":{"type":"Point","coordinates":[-89.235993723751,48.4214709196655]},"properties":{"OBJECTID":3131,"LOC_ID":"PC0670","FDMID":2389,"X_COORD":334573.89155,"Y_COORD":5365560.65726,"BEAT":"N 3","ROT_ANGLE":0,"NODE_ID":9783,"GLOBALID":"4799ee82-a7ed-41ad-8663-eed473017843","CREATEDDATE":1520794199000,"LASTUPDATE":1643921043000}},{"type":"Feature","id":3132,"geometry":{"type":"Point","coordinates":[-89.2817776164372,48.4191681152374]},"properties":{"OBJECTID":3132,"LOC_ID":"PC1101","FDMID":2815,"X_COORD":331179.19254,"Y_COORD":5365404.67057,"BEAT":"N 1","ROT_ANGLE":0,"NODE_ID":7903,"GLOBALID":"ae8d240c-6753-4c97-9414-50f4eb4ffd29","CREATEDDATE":1520794199000,"LASTUPDATE":1643921043000}},{"type":"Feature","id":3133,"geometry":{"type":"Point","coordinates":[-89.2891594312309,48.4151871380286]},"properties":{"OBJECTID":3133,"LOC_ID":"MC0248","FDMID":3369,"X_COORD":330619.8438,"Y_COORD":5364978.51275,"BEAT":"N 1","ROT_ANGLE":0,"NODE_ID":9600,"GLOBALID":"da7c42cd-541c-4ced-b4d0-e042e84f0596","CREATEDDATE":1520794199000,"LASTUPDATE":1643921043000}},{"type":"Feature","id":3134,"geometry":{"type":"Point","coordinates":[-89.271571834364,48.40915220685]},"properties":{"OBJECTID":3134,"LOC_ID":"PC1054","FDMID":2768,"X_COORD":331901.21289,"Y_COORD":5364269.01924,"BEAT":"N 1","ROT_ANGLE":0,"NODE_ID":9737,"GLOBALID":"c732569d-f75e-46b5-bfdb-6eba07f19cc0","CREATEDDATE":1520794199000,"LASTUPDATE":1643921043000}},{"type":"Feature","id":3135,"geometry":{"type":"Point","coordinates":[-89.2710028479619,48.410240584778]},"properties":{"OBJECTID":3135,"LOC_ID":"PC1053","FDMID":2767,"X_COORD":331946.90428,"Y_COORD":5364388.73611,"BEAT":"N 1","ROT_ANGLE":0,"NODE_ID":10396,"GLOBALID":"9100b2d0-f64c-4b28-a701-b7fe34d4bfb3","CREATEDDATE":1520794199000,"LASTUPDATE":1643921043000}},{"type":"Feature","id":3136,"geometry":{"type":"Point","coordinates":[-89.2270789944049,48.4044528114783]},"properties":{"OBJECTID":3136,"LOC_ID":"PP0196","FDMID":3554,"X_COORD":335178.37129,"Y_COORD":5363649.97566,"BEAT":"N 14","ROT_ANGLE":0,"NODE_ID":10514,"GLOBALID":"debb2b86-f77e-4641-8b7f-623256767251","CREATEDDATE":1520794199000,"LASTUPDATE":1643921043000}},{"type":"Feature","id":3137,"geometry":{"type":"Point","coordinates":[-89.2440937518154,48.4045696438726]},"properties":{"OBJECTID":3137,"LOC_ID":"PP0124","FDMID":3531,"X_COORD":333919.5919,"Y_COORD":5363699.7331,"BEAT":"N 2","ROT_ANGLE":0,"NODE_ID":2164,"GLOBALID":"37712ee6-9275-4573-be76-a27090652a10","CREATEDDATE":1520794199000,"LASTUPDATE":1643921043000}},{"type":"Feature","id":3138,"geometry":{"type":"Point","coordinates":[-89.2436128243402,48.4085735002446]},"properties":{"OBJECTID":3138,"LOC_ID":"PC0920","FDMID":2636,"X_COORD":333975.56963,"Y_COORD":5364131.34936,"BEAT":"N 2","ROT_ANGLE":0,"NODE_ID":8628,"GLOBALID":"e8e480ff-8bfd-439e-b33e-f2b0a083ebe8","CREATEDDATE":1520794199000,"LASTUPDATE":1644351738000}},{"type":"Feature","id":3139,"geometry":{"type":"Point","coordinates":[-89.2743381139585,48.3989850021166]},"properties":{"OBJECTID":3139,"LOC_ID":"FC0847","FDMID":838,"X_COORD":331663.36636,"Y_COORD":5363145.96491,"BEAT":"S 4","ROT_ANGLE":0,"NODE_ID":9132,"GLOBALID":"aa928211-d866-42de-95a1-d437a2e12ede","CREATEDDATE":1520794199000,"LASTUPDATE":1673466421000}},{"type":"Feature","id":3140,"geometry":{"type":"Point","coordinates":[-89.2901321402939,48.397318906119]},"properties":{"OBJECTID":3140,"LOC_ID":"FC0767","FDMID":758,"X_COORD":330489.05724,"Y_COORD":5363000.23819,"BEAT":"S 4","ROT_ANGLE":0,"NODE_ID":5877,"GLOBALID":"ad516dca-f7b0-4783-8cf6-1afc22b16f30","CREATEDDATE":1520794199000,"LASTUPDATE":1643921044000}},{"type":"Feature","id":3141,"geometry":{"type":"Point","coordinates":[-89.2428362663542,48.3961765994801]},"properties":{"OBJECTID":3141,"LOC_ID":"FC1181","FDMID":3660,"X_COORD":333985.32553,"Y_COORD":5362764.17342,"BEAT":"S 11","ROT_ANGLE":0,"NODE_ID":9570,"GLOBALID":"ba41faf4-00f5-41e7-80f7-28bfda57ecbb","CREATEDDATE":1520794199000,"LASTUPDATE":1643921044000}},{"type":"Feature","id":3142,"geometry":{"type":"Point","coordinates":[-89.2453315176901,48.3957139053499]},"properties":{"OBJECTID":3142,"LOC_ID":"FC0614","FDMID":606,"X_COORD":333799.13443,"Y_COORD":5362718.16407,"BEAT":"S 9","ROT_ANGLE":0,"NODE_ID":10171,"GLOBALID":"5f1dd53a-5c14-48a5-b3f9-1b1e425251d2","CREATEDDATE":1520794199000,"LASTUPDATE":1644009130000}},{"type":"Feature","id":3143,"geometry":{"type":"Point","coordinates":[-89.2742533280065,48.3913900284304]},"properties":{"OBJECTID":3143,"LOC_ID":"FC0956","FDMID":947,"X_COORD":331644.16585,"Y_COORD":5362300.77399,"BEAT":"S 4","ROT_ANGLE":0,"NODE_ID":9196,"GLOBALID":"8b574aa3-dc09-462d-a3b4-2abc804d0b87","CREATEDDATE":1520794199000,"LASTUPDATE":1644017146000}},{"type":"Feature","id":3144,"geometry":{"type":"Point","coordinates":[-89.2509421056026,48.3883318077757]},"properties":{"OBJECTID":3144,"LOC_ID":"FC0946","FDMID":937,"X_COORD":333357.92585,"Y_COORD":5361911.68958,"BEAT":"S 9","ROT_ANGLE":0,"NODE_ID":7142,"GLOBALID":"116e3c0b-905b-4c59-9009-42247ebc443f","CREATEDDATE":1520794199000,"LASTUPDATE":1673055858000}},{"type":"Feature","id":3145,"geometry":{"type":"Point","coordinates":[-89.2580029735592,48.3856743139229]},"properties":{"OBJECTID":3145,"LOC_ID":"FC0064","FDMID":57,"X_COORD":332827.06684,"Y_COORD":5361632.817,"BEAT":"S 8","ROT_ANGLE":0,"NODE_ID":9562,"GLOBALID":"1c9eb5fc-7a61-4010-8923-a6a27e9302d3","CREATEDDATE":1520794199000,"LASTUPDATE":1670529114000}},{"type":"Feature","id":3146,"geometry":{"type":"Point","coordinates":[-89.2750659348709,48.3840201518121]},"properties":{"OBJECTID":3146,"LOC_ID":"FC0768","FDMID":759,"X_COORD":331669.17167,"Y_COORD":5361482.70884,"BEAT":"S 7","ROT_ANGLE":0,"NODE_ID":6924,"GLOBALID":"1e4bfe2b-40e0-4c2e-aa00-62cf9edac3d9","CREATEDDATE":1520794199000,"LASTUPDATE":1644006802000}},{"type":"Feature","id":3147,"geometry":{"type":"Point","coordinates":[-89.2475751841152,48.3832179145812]},"properties":{"OBJECTID":3147,"LOC_ID":"FC0721","FDMID":712,"X_COORD":333592.30281,"Y_COORD":5361334.18353,"BEAT":"S 10","ROT_ANGLE":0,"NODE_ID":5561,"GLOBALID":"4269bd86-486e-4166-8aed-18bb2854f723","CREATEDDATE":1520794199000,"LASTUPDATE":1643921044000}},{"type":"Feature","id":3148,"geometry":{"type":"Point","coordinates":[-89.2839388887308,48.3807387449162]},"properties":{"OBJECTID":3148,"LOC_ID":"FC0047","FDMID":26,"X_COORD":330895.22326,"Y_COORD":5361139.24055,"BEAT":"S 5","ROT_ANGLE":0,"NODE_ID":306,"GLOBALID":"204b307b-3cbe-42a1-9b61-832694067de5","CREATEDDATE":1520794199000,"LASTUPDATE":1671582427000}},{"type":"Feature","id":3149,"geometry":{"type":"Point","coordinates":[-89.3061370402282,48.3783766569249]},"properties":{"OBJECTID":3149,"LOC_ID":"NC0257","FDMID":1433,"X_COORD":329240.52681,"Y_COORD":5360925.00337,"BEAT":"S 2","ROT_ANGLE":0,"NODE_ID":7125,"GLOBALID":"54923c29-38e8-435e-8cbf-9808935a4dec","CREATEDDATE":1520794199000,"LASTUPDATE":1643921044000}},{"type":"Feature","id":3150,"geometry":{"type":"Point","coordinates":[-89.2664718701857,48.3744194478411]},"properties":{"OBJECTID":3150,"LOC_ID":"FC0778","FDMID":769,"X_COORD":332164.35964,"Y_COORD":5360397.5233,"BEAT":"S 8","ROT_ANGLE":0,"NODE_ID":5072,"GLOBALID":"24f928a6-8730-45a8-a3b5-fcf83b7e380a","CREATEDDATE":1520794199000,"LASTUPDATE":1643921044000}},{"type":"Feature","id":3151,"geometry":{"type":"Point","coordinates":[-89.3607773582369,48.3723406449544]},"properties":{"OBJECTID":3151,"LOC_ID":"NC0051","FDMID":1229,"X_COORD":325174.24149,"Y_COORD":5360377.4186,"BEAT":"S 13","ROT_ANGLE":0,"NODE_ID":261,"GLOBALID":"d9a9cc7b-9daf-49d8-a4df-867eb6d76c96","CREATEDDATE":1520794199000,"LASTUPDATE":1643921044000}},{"type":"Feature","id":3152,"geometry":{"type":"Point","coordinates":[-89.2951681442999,48.3724265672889]},"properties":{"OBJECTID":3152,"LOC_ID":"FC1028","FDMID":1019,"X_COORD":330032.87087,"Y_COORD":5360239.30302,"BEAT":"S 2","ROT_ANGLE":0,"NODE_ID":4856,"GLOBALID":"0d30500e-03f0-4f62-b4a3-514eaca285b9","CREATEDDATE":1520794199000,"LASTUPDATE":1643921044000}},{"type":"Feature","id":3153,"geometry":{"type":"Point","coordinates":[-89.3548807468662,48.3672177131587]},"properties":{"OBJECTID":3153,"LOC_ID":"NP0042","FDMID":1711,"X_COORD":325593.38492,"Y_COORD":5359794.59953,"BEAT":"S 15","ROT_ANGLE":0,"NODE_ID":5131,"GLOBALID":"941e7833-141e-4b3b-8e1b-cc58541b1b81","CREATEDDATE":1520794199000,"LASTUPDATE":1643921044000}},{"type":"Feature","id":3154,"geometry":{"type":"Point","coordinates":[-89.2538706954316,48.3704523225616]},"properties":{"OBJECTID":3154,"LOC_ID":"FC0156","FDMID":152,"X_COORD":333089.079,"Y_COORD":5359927.52574,"BEAT":"S 8","ROT_ANGLE":0,"NODE_ID":4341,"GLOBALID":"968e3952-93d0-4f7e-8e58-41aae06448e4","CREATEDDATE":1520794199000,"LASTUPDATE":1643921044000}},{"type":"Feature","id":3155,"geometry":{"type":"Point","coordinates":[-89.2911521232599,48.3693225225606]},"properties":{"OBJECTID":3155,"LOC_ID":"FC0487","FDMID":479,"X_COORD":330319.94466,"Y_COORD":5359885.4081,"BEAT":"S 2","ROT_ANGLE":0,"NODE_ID":2327,"GLOBALID":"26305b40-5190-4b8f-877f-0e98badd345c","CREATEDDATE":1520794199000,"LASTUPDATE":1643921044000}},{"type":"Feature","id":3156,"geometry":{"type":"Point","coordinates":[-89.2907641864964,48.3671816174854]},"properties":{"OBJECTID":3156,"LOC_ID":"FC0279","FDMID":274,"X_COORD":330341.55977,"Y_COORD":5359646.60286,"BEAT":"S 3","ROT_ANGLE":0,"NODE_ID":6241,"GLOBALID":"a626ace3-aed1-4043-b52d-426b8640edd6","CREATEDDATE":1520794199000,"LASTUPDATE":1644003454000}},{"type":"Feature","id":3157,"geometry":{"type":"Point","coordinates":[-89.3755732642195,48.3654334843338]},"properties":{"OBJECTID":3157,"LOC_ID":"NC0445","FDMID":1618,"X_COORD":324054.82671,"Y_COORD":5359643.60586,"BEAT":"S 14","ROT_ANGLE":0,"NODE_ID":4482,"GLOBALID":"94244128-e2b2-4f4e-b268-2a93cc06d398","CREATEDDATE":1520794199000,"LASTUPDATE":1643921044000}},{"type":"Feature","id":3158,"geometry":{"type":"Point","coordinates":[-89.2601731549042,48.3672000030047]},"properties":{"OBJECTID":3158,"LOC_ID":"FC0268","FDMID":263,"X_COORD":332607.07427,"Y_COORD":5359581.34282,"BEAT":"S 6","ROT_ANGLE":0,"NODE_ID":3037,"GLOBALID":"2e9595f7-548c-4f78-b7bd-fa60bda1147f","CREATEDDATE":1520794199000,"LASTUPDATE":1643921044000}},{"type":"Feature","id":3159,"geometry":{"type":"Point","coordinates":[-89.2948798592467,48.3656293485618]},"properties":{"OBJECTID":3159,"LOC_ID":"FC0545","FDMID":537,"X_COORD":330031.59471,"Y_COORD":5359483.2001,"BEAT":"S 3","ROT_ANGLE":0,"NODE_ID":4610,"GLOBALID":"b4d369da-6935-48f1-bdf5-3ebf43047368","CREATEDDATE":1520794199000,"LASTUPDATE":1643921044000}},{"type":"Feature","id":3160,"geometry":{"type":"Point","coordinates":[-89.2898845668712,48.3650084691925]},"properties":{"OBJECTID":3160,"LOC_ID":"FC0293","FDMID":288,"X_COORD":330399.48566,"Y_COORD":5359403.12535,"BEAT":"S 3","ROT_ANGLE":0,"NODE_ID":5502,"GLOBALID":"39cfd888-5899-4740-956f-b302af2beab1","CREATEDDATE":1520794199000,"LASTUPDATE":1643921044000}},{"type":"Feature","id":3161,"geometry":{"type":"Point","coordinates":[-89.3448355151174,48.3626536910843]},"properties":{"OBJECTID":3161,"LOC_ID":"NC0197","FDMID":1374,"X_COORD":326321.78453,"Y_COORD":5359264.51901,"BEAT":"S 15","ROT_ANGLE":0,"NODE_ID":783,"GLOBALID":"d6dded34-c6f5-4d28-a178-3f3d0e4df4c0","CREATEDDATE":1520794199000,"LASTUPDATE":1643921044000}},{"type":"Feature","id":3162,"geometry":{"type":"Point","coordinates":[-89.3306207874435,48.3625805949374]},"properties":{"OBJECTID":3162,"LOC_ID":"NC0190","FDMID":1367,"X_COORD":327375.80258,"Y_COORD":5359233.91089,"BEAT":"S 15","ROT_ANGLE":0,"NODE_ID":2303,"GLOBALID":"1299fcec-215c-4f00-b51e-e5d29af8d186","CREATEDDATE":1520794199000,"LASTUPDATE":1643921044000}},{"type":"Feature","id":3163,"geometry":{"type":"Point","coordinates":[-89.2951242572398,48.3632863082258]},"properties":{"OBJECTID":3163,"LOC_ID":"FC0547","FDMID":539,"X_COORD":330005.69698,"Y_COORD":5359223.32989,"BEAT":"S 3","ROT_ANGLE":0,"NODE_ID":3232,"GLOBALID":"fdcd4d19-f51b-4cb1-9791-17af4f085496","CREATEDDATE":1520794199000,"LASTUPDATE":1643921044000}},{"type":"Feature","id":3164,"geometry":{"type":"Point","coordinates":[-89.3796902127988,48.3624107015941]},"properties":{"OBJECTID":3164,"LOC_ID":"NC0081","FDMID":1259,"X_COORD":323739.49563,"Y_COORD":5359317.10935,"BEAT":"S 14","ROT_ANGLE":0,"NODE_ID":259,"GLOBALID":"0958e78d-1735-48ff-bdf3-a5cbd00e778f","CREATEDDATE":1520794199000,"LASTUPDATE":1643921044000}},{"type":"Feature","id":3165,"geometry":{"type":"Point","coordinates":[-89.302938356067,48.3456695990133]},"properties":{"OBJECTID":3165,"LOC_ID":"NC0383","FDMID":1558,"X_COORD":329368.14844,"Y_COORD":5357282.7242,"BEAT":"S 17","ROT_ANGLE":0,"NODE_ID":1753,"GLOBALID":"5a57b32c-3adb-4e92-b373-979f24aec2de","CREATEDDATE":1520794199000,"LASTUPDATE":1643921044000}},{"type":"Feature","id":3166,"geometry":{"type":"Point","coordinates":[-89.3592136677745,48.3423925192336]},"properties":{"OBJECTID":3166,"LOC_ID":"NP0025","FDMID":1694,"X_COORD":325187.57423,"Y_COORD":5357045.33437,"BEAT":"S 15","ROT_ANGLE":0,"NODE_ID":284,"GLOBALID":"195a3550-f48a-4b77-88ae-ceb074e731b0","CREATEDDATE":1520794199000,"LASTUPDATE":1643921044000}},{"type":"Feature","id":3167,"geometry":{"type":"Point","coordinates":[-89.2562129202987,48.4619337482482]},"properties":{"OBJECTID":3167,"LOC_ID":"MC0318","FDMID":3618,"X_COORD":333210.65161,"Y_COORD":5370101.77957,"BEAT":"N 15","ROT_ANGLE":0,"NODE_ID":10209,"GLOBALID":"f4962051-b753-424e-84f2-bc4f58ec4959","CREATEDDATE":1520794199000,"LASTUPDATE":1643921044000}},{"type":"Feature","id":3168,"geometry":{"type":"Point","coordinates":[-89.2256217066922,48.4588361736249]},"properties":{"OBJECTID":3168,"LOC_ID":"PC0252","FDMID":1975,"X_COORD":335461.95299,"Y_COORD":5369691.26667,"BEAT":"N 8","ROT_ANGLE":0,"NODE_ID":1828,"GLOBALID":"cc174fac-9f18-462b-98dd-e01f400d4fec","CREATEDDATE":1520794199000,"LASTUPDATE":1644278040000}},{"type":"Feature","id":3169,"geometry":{"type":"Point","coordinates":[-89.2540156896187,48.4565415890192]},"properties":{"OBJECTID":3169,"LOC_ID":"MC0217","FDMID":3214,"X_COORD":333355.4127,"Y_COORD":5369497.68587,"BEAT":"N 12","ROT_ANGLE":0,"NODE_ID":7930,"GLOBALID":"b184a81b-1fe1-467b-963a-885112ea24de","CREATEDDATE":1520794199000,"LASTUPDATE":1643921044000}},{"type":"Feature","id":3170,"geometry":{"type":"Point","coordinates":[-89.2675711067458,48.4474410496798]},"properties":{"OBJECTID":3170,"LOC_ID":"MC0031","FDMID":3557,"X_COORD":332323.31465,"Y_COORD":5368515.82782,"BEAT":"N 13","ROT_ANGLE":0,"NODE_ID":1666,"GLOBALID":"7d36f17a-7338-4942-87af-2a3ba56333d1","CREATEDDATE":1520794199000,"LASTUPDATE":1643921045000}},{"type":"Feature","id":3171,"geometry":{"type":"Point","coordinates":[-89.211170876087,48.4464163721653]},"properties":{"OBJECTID":3171,"LOC_ID":"PC0115","FDMID":1838,"X_COORD":336490.35875,"Y_COORD":5368279.88466,"BEAT":"N 10","ROT_ANGLE":0,"NODE_ID":2110,"GLOBALID":"dcfbb9db-d728-4f9b-8ef8-35e54315f206","CREATEDDATE":1520794199000,"LASTUPDATE":1643921045000}},{"type":"Feature","id":3172,"geometry":{"type":"Point","coordinates":[-89.2216329311414,48.4416827898863]},"properties":{"OBJECTID":3172,"LOC_ID":"PC0316","FDMID":2039,"X_COORD":335701.10742,"Y_COORD":5367774.34558,"BEAT":"N 6","ROT_ANGLE":0,"NODE_ID":5712,"GLOBALID":"e998ddad-76a5-4dd9-9934-18a9b3e03e75","CREATEDDATE":1520794199000,"LASTUPDATE":1643921045000}},{"type":"Feature","id":3173,"geometry":{"type":"Point","coordinates":[-89.2189234496833,48.4354104016586]},"properties":{"OBJECTID":3173,"LOC_ID":"PC0403","FDMID":2126,"X_COORD":335881.655,"Y_COORD":5367073.21406,"BEAT":"N7","ROT_ANGLE":0,"NODE_ID":6114,"GLOBALID":"e2ef2684-38fc-4801-89db-c6cea7688a76","CREATEDDATE":1520794199000,"LASTUPDATE":1644362411000}},{"type":"Feature","id":3174,"geometry":{"type":"Point","coordinates":[-89.2654099828104,48.4347035934352]},"properties":{"OBJECTID":3174,"LOC_ID":"PC1156","FDMID":2870,"X_COORD":332441.20239,"Y_COORD":5367095.39749,"BEAT":"N 4","ROT_ANGLE":0,"NODE_ID":104,"GLOBALID":"b150bea5-0f38-4454-9785-e4ec65aafd86","CREATEDDATE":1520794199000,"LASTUPDATE":1643921045000}},{"type":"Feature","id":3175,"geometry":{"type":"Point","coordinates":[-89.2175880256527,48.4328467081713]},"properties":{"OBJECTID":3175,"LOC_ID":"PC1051","FDMID":2765,"X_COORD":335918.23843,"Y_COORD":5366739.81041,"BEAT":"N 14","ROT_ANGLE":0,"NODE_ID":7730,"GLOBALID":"1c33dfe6-3a19-4f61-993e-545558484a51","CREATEDDATE":1520794199000,"LASTUPDATE":1643921045000}},{"type":"Feature","id":3176,"geometry":{"type":"Point","coordinates":[-89.2282385319758,48.431190726554]},"properties":{"OBJECTID":3176,"LOC_ID":"PC0542","FDMID":2262,"X_COORD":335179.06454,"Y_COORD":5366624.23,"BEAT":"N7","ROT_ANGLE":40.1,"NODE_ID":5314,"GLOBALID":"ee66a38c-699f-45fd-956b-07efd9c40586","CREATEDDATE":1520794199000,"LASTUPDATE":1643921045000}},{"type":"Feature","id":3177,"geometry":{"type":"Point","coordinates":[-89.25012625913,48.4250325928582]},"properties":{"OBJECTID":3177,"LOC_ID":"PC0968","FDMID":2682,"X_COORD":333540.00406,"Y_COORD":5365987.15505,"BEAT":"N 3","ROT_ANGLE":0,"NODE_ID":5642,"GLOBALID":"b85d0a7d-8c80-482a-ab72-68fc7c20ced7","CREATEDDATE":1520794199000,"LASTUPDATE":1643921045000}},{"type":"Feature","id":3178,"geometry":{"type":"Point","coordinates":[-89.2445721741317,48.4207795627723]},"properties":{"OBJECTID":3178,"LOC_ID":"PC0995","FDMID":2709,"X_COORD":333938.70281,"Y_COORD":5365500.64984,"BEAT":"N 3","ROT_ANGLE":0,"NODE_ID":7225,"GLOBALID":"13e00f34-98c6-46b0-bb6f-b8b0087a3677","CREATEDDATE":1520794199000,"LASTUPDATE":1643921045000}},{"type":"Feature","id":3179,"geometry":{"type":"Point","coordinates":[-89.2403345312494,48.4129515500051]},"properties":{"OBJECTID":3179,"LOC_ID":"PP0157","FDMID":3405,"X_COORD":334225.0511,"Y_COORD":5364623.17169,"BEAT":"N 2","ROT_ANGLE":0,"NODE_ID":7592,"GLOBALID":"9dd0bfbe-494b-4108-a945-c2da9f4d0f88","CREATEDDATE":1520794199000,"LASTUPDATE":1643921045000}},{"type":"Feature","id":3180,"geometry":{"type":"Point","coordinates":[-89.228316514161,48.4153990718088]},"properties":{"OBJECTID":3180,"LOC_ID":"PC0681","FDMID":2400,"X_COORD":335122.20105,"Y_COORD":5364869.24811,"BEAT":"N 14","ROT_ANGLE":0,"NODE_ID":4516,"GLOBALID":"079646f6-480b-4856-a762-7c0c73f6e8cc","CREATEDDATE":1520794199000,"LASTUPDATE":1643921045000}},{"type":"Feature","id":3181,"geometry":{"type":"Point","coordinates":[-89.2937152459457,48.413782523242]},"properties":{"OBJECTID":3181,"LOC_ID":"MC0225","FDMID":3222,"X_COORD":330278.09378,"Y_COORD":5364832.48702,"BEAT":"N 1","ROT_ANGLE":0,"NODE_ID":838,"GLOBALID":"738f71a5-0206-4e09-9d8a-5a62b288e6b4","CREATEDDATE":1520794199000,"LASTUPDATE":1643921045000}},{"type":"Feature","id":3182,"geometry":{"type":"Point","coordinates":[-89.2648925138964,48.4125480600735]},"properties":{"OBJECTID":3182,"LOC_ID":"PC1048","FDMID":2762,"X_COORD":332406.63062,"Y_COORD":5364631.80504,"BEAT":"N 1","ROT_ANGLE":0,"NODE_ID":5585,"GLOBALID":"776784d5-303b-46b1-8089-b440fb629414","CREATEDDATE":1520794199000,"LASTUPDATE":1643921045000}},{"type":"Feature","id":3183,"geometry":{"type":"Point","coordinates":[-89.2538192118038,48.405019097947]},"properties":{"OBJECTID":3183,"LOC_ID":"PC0908","FDMID":2624,"X_COORD":333201.3519,"Y_COORD":5363770.8435,"BEAT":"N 2","ROT_ANGLE":0,"NODE_ID":8990,"GLOBALID":"9dcb6b53-aca0-4f6b-aa1f-d3d35bd5c04e","CREATEDDATE":1520794199000,"LASTUPDATE":1643921045000}},{"type":"Feature","id":3184,"geometry":{"type":"Point","coordinates":[-89.2565353573544,48.40493379604]},"properties":{"OBJECTID":3184,"LOC_ID":"PC0909","FDMID":2625,"X_COORD":333000.07113,"Y_COORD":5363767.2851,"BEAT":"N 2","ROT_ANGLE":0,"NODE_ID":8168,"GLOBALID":"0ed8e774-8f4f-4f19-8ede-33857b235e36","CREATEDDATE":1520794199000,"LASTUPDATE":1643921045000}},{"type":"Feature","id":3185,"geometry":{"type":"Point","coordinates":[-89.2694396457568,48.4024420524021]},"properties":{"OBJECTID":3185,"LOC_ID":"PP0151","FDMID":3399,"X_COORD":332036.89238,"Y_COORD":5363518.55857,"BEAT":"N 1","ROT_ANGLE":0,"NODE_ID":6871,"GLOBALID":"b551aed3-67a1-4d04-92d2-0d0b9a8b02ec","CREATEDDATE":1520794199000,"LASTUPDATE":1643921045000}},{"type":"Feature","id":3186,"geometry":{"type":"Point","coordinates":[-89.2542001971632,48.4013021865288]},"properties":{"OBJECTID":3186,"LOC_ID":"PC0964","FDMID":3314,"X_COORD":333161.00169,"Y_COORD":5363358.56676,"BEAT":"N 2","ROT_ANGLE":0,"NODE_ID":8304,"GLOBALID":"7cd71cab-fe0b-4d56-bf97-6a1c7024796d","CREATEDDATE":1520794199000,"LASTUPDATE":1643921045000}},{"type":"Feature","id":3187,"geometry":{"type":"Point","coordinates":[-89.2870229682508,48.397754013557]},"properties":{"OBJECTID":3187,"LOC_ID":"FC0972","FDMID":963,"X_COORD":330721.3885,"Y_COORD":5363036.29425,"BEAT":"S 4","ROT_ANGLE":0,"NODE_ID":8267,"GLOBALID":"da51d2be-3918-4bb0-96fe-149d701ac6de","CREATEDDATE":1520794199000,"LASTUPDATE":1643921045000}},{"type":"Feature","id":3188,"geometry":{"type":"Point","coordinates":[-89.2838857303519,48.3962989489831]},"properties":{"OBJECTID":3188,"LOC_ID":"FC0985","FDMID":976,"X_COORD":330947.41193,"Y_COORD":5362867.58129,"BEAT":"S 4","ROT_ANGLE":0,"NODE_ID":5806,"GLOBALID":"081b8c7a-87c8-444a-ba65-b43f48d3331f","CREATEDDATE":1520794199000,"LASTUPDATE":1643921045000}},{"type":"Feature","id":3189,"geometry":{"type":"Point","coordinates":[-89.2398693787304,48.3938177912721]},"properties":{"OBJECTID":3189,"LOC_ID":"FC0665","FDMID":657,"X_COORD":334200.70089,"Y_COORD":5362491.93995,"BEAT":"S 11","ROT_ANGLE":0,"NODE_ID":5514,"GLOBALID":"a10dbdbb-f9e1-4a94-91d1-cfd5686007cc","CREATEDDATE":1520794199000,"LASTUPDATE":1643921045000}},{"type":"Feature","id":3190,"geometry":{"type":"Point","coordinates":[-89.2481212450312,48.3920923184676]},"properties":{"OBJECTID":3190,"LOC_ID":"FC0730","FDMID":721,"X_COORD":333581.71823,"Y_COORD":5362327.29303,"BEAT":"S 9","ROT_ANGLE":0,"NODE_ID":5797,"GLOBALID":"225b70c5-c429-467a-a9c1-6df184869941","CREATEDDATE":1520794199000,"LASTUPDATE":1643921045000}},{"type":"Feature","id":3191,"geometry":{"type":"Point","coordinates":[-89.2729893814562,48.3879946654058]},"properties":{"OBJECTID":3191,"LOC_ID":"FC0250","FDMID":245,"X_COORD":331726.52924,"Y_COORD":5361920.62423,"BEAT":"S 7","ROT_ANGLE":0,"NODE_ID":6996,"GLOBALID":"2e44af78-78a0-48e0-aa01-fe8a81a76a4e","CREATEDDATE":1520794199000,"LASTUPDATE":1643921045000}},{"type":"Feature","id":3192,"geometry":{"type":"Point","coordinates":[-89.2740589951161,48.3884586388984]},"properties":{"OBJECTID":3192,"LOC_ID":"FC0820","FDMID":811,"X_COORD":331648.87855,"Y_COORD":5361974.5427,"BEAT":"S 4","ROT_ANGLE":0,"NODE_ID":9564,"GLOBALID":"aa565c20-0c5c-40a5-be54-6476f92372f8","CREATEDDATE":1520794199000,"LASTUPDATE":1643921045000}},{"type":"Feature","id":3193,"geometry":{"type":"Point","coordinates":[-89.2928622629344,48.384885934638]},"properties":{"OBJECTID":3193,"LOC_ID":"FC0857","FDMID":848,"X_COORD":330245.0557,"Y_COORD":5361618.96177,"BEAT":"S 2","ROT_ANGLE":0,"NODE_ID":1538,"GLOBALID":"2e393fc4-98ad-451a-abae-ed009ac0a3fb","CREATEDDATE":1520794199000,"LASTUPDATE":1643921045000}},{"type":"Feature","id":3194,"geometry":{"type":"Point","coordinates":[-89.3123037557766,48.3852369416631]},"properties":{"OBJECTID":3194,"LOC_ID":"NC0551","FDMID":3477,"X_COORD":328806.9437,"Y_COORD":5361701.23863,"BEAT":"S 13","ROT_ANGLE":0,"NODE_ID":6900,"GLOBALID":"dce37af2-fd3b-4563-b662-3da209a61d39","CREATEDDATE":1520794199000,"LASTUPDATE":1643921045000}},{"type":"Feature","id":3195,"geometry":{"type":"Point","coordinates":[-89.2867273834577,48.3839798054777]},"properties":{"OBJECTID":3195,"LOC_ID":"FC0582","FDMID":574,"X_COORD":330697.17014,"Y_COORD":5361502.60849,"BEAT":"S 5","ROT_ANGLE":0,"NODE_ID":1219,"GLOBALID":"77265ac0-987d-4797-81be-da423c679690","CREATEDDATE":1520794199000,"LASTUPDATE":1643921045000}},{"type":"Feature","id":3196,"geometry":{"type":"Point","coordinates":[-89.2866935121662,48.3831435396172]},"properties":{"OBJECTID":3196,"LOC_ID":"FC1018","FDMID":1009,"X_COORD":330695.95746,"Y_COORD":5361411.65399,"BEAT":"S 5","ROT_ANGLE":0,"NODE_ID":5536,"GLOBALID":"2e67cd18-3132-4b5b-b820-aa60307fb6f6","CREATEDDATE":1520794199000,"LASTUPDATE":1643921045000}},{"type":"Feature","id":3197,"geometry":{"type":"Point","coordinates":[-89.2867258232268,48.3807204455396]},"properties":{"OBJECTID":3197,"LOC_ID":"FC0048","FDMID":27,"X_COORD":330685.52905,"Y_COORD":5361142.41418,"BEAT":"S 5","ROT_ANGLE":0,"NODE_ID":9289,"GLOBALID":"993c9a36-b96d-4d1d-8a7b-da6bd5edbefb","CREATEDDATE":1520794199000,"LASTUPDATE":1643921045000}},{"type":"Feature","id":3198,"geometry":{"type":"Point","coordinates":[-89.2780388443388,48.380740643152]},"properties":{"OBJECTID":3198,"LOC_ID":"FC0045","FDMID":24,"X_COORD":331306.59196,"Y_COORD":5361125.80081,"BEAT":"S 7","ROT_ANGLE":0,"NODE_ID":6002,"GLOBALID":"56f81563-de79-4925-941a-955977cb072f","CREATEDDATE":1520794199000,"LASTUPDATE":1643921045000}},{"type":"Feature","id":3199,"geometry":{"type":"Point","coordinates":[-89.2704012672615,48.3789413607898]},"properties":{"OBJECTID":3199,"LOC_ID":"FC0653","FDMID":645,"X_COORD":331888.29743,"Y_COORD":5360908.72305,"BEAT":"S 7","ROT_ANGLE":0,"NODE_ID":6173,"GLOBALID":"3ed4d612-8133-4028-bf31-7c345a23e8d1","CREATEDDATE":1520794199000,"LASTUPDATE":1643921045000}},{"type":"Feature","id":3200,"geometry":{"type":"Point","coordinates":[-89.3630466209411,48.3762214670238]},"properties":{"OBJECTID":3200,"LOC_ID":"NC0495","FDMID":1668,"X_COORD":325019.50511,"Y_COORD":5360813.92574,"BEAT":"S 13","ROT_ANGLE":0,"NODE_ID":486,"GLOBALID":"b8aee9d2-f8cf-4644-8859-e7ba91111c95","CREATEDDATE":1520794199000,"LASTUPDATE":1643921045000}},{"type":"Feature","id":3201,"geometry":{"type":"Point","coordinates":[-89.2874682031143,48.3726780830677]},"properties":{"OBJECTID":3201,"LOC_ID":"FC0368","FDMID":363,"X_COORD":330603.88502,"Y_COORD":5360250.20145,"BEAT":"S 5","ROT_ANGLE":0,"NODE_ID":3482,"GLOBALID":"45ea2d2b-d33d-44f7-84e1-605833f5d686","CREATEDDATE":1520794199000,"LASTUPDATE":1643921046000}},{"type":"Feature","id":3202,"geometry":{"type":"Point","coordinates":[-89.2626475987935,48.3729570176875]},"properties":{"OBJECTID":3202,"LOC_ID":"FC0234","FDMID":229,"X_COORD":332441.66345,"Y_COORD":5360199.11281,"BEAT":"S 8","ROT_ANGLE":0,"NODE_ID":3777,"GLOBALID":"b20e91b2-837c-4d94-bad0-2bc0987ffd19","CREATEDDATE":1520794199000,"LASTUPDATE":1670443170000}},{"type":"Feature","id":3203,"geometry":{"type":"Point","coordinates":[-89.2850442619608,48.3712631360499]},"properties":{"OBJECTID":3203,"LOC_ID":"FP0013","FDMID":1151,"X_COORD":330778.6854,"Y_COORD":5360087.58308,"BEAT":"S 6","ROT_ANGLE":0,"NODE_ID":2331,"GLOBALID":"efb4d207-dde1-4eb7-be0f-4ec86bf8c4ac","CREATEDDATE":1520794199000,"LASTUPDATE":1643921046000}},{"type":"Feature","id":3204,"geometry":{"type":"Point","coordinates":[-89.3662175433749,48.3705898980504]},"properties":{"OBJECTID":3204,"LOC_ID":"NC0455","FDMID":1628,"X_COORD":324765.39311,"Y_COORD":5360195.26334,"BEAT":"S 14","ROT_ANGLE":0,"NODE_ID":2954,"GLOBALID":"3f3901de-3aa1-4237-a4bb-72884ac8a159","CREATEDDATE":1520794199000,"LASTUPDATE":1643921046000}},{"type":"Feature","id":3205,"geometry":{"type":"Point","coordinates":[-89.3522975171323,48.3651205139929]},"properties":{"OBJECTID":3205,"LOC_ID":"NC0655","FDMID":1708,"X_COORD":325777.53647,"Y_COORD":5359555.63249,"BEAT":"S 15","ROT_ANGLE":0,"NODE_ID":382,"GLOBALID":"240f66d4-e893-499d-bd96-8f0a813f64a0","CREATEDDATE":1520794199000,"LASTUPDATE":1643921046000}},{"type":"Feature","id":3206,"geometry":{"type":"Point","coordinates":[-89.2908558708158,48.3595785994656]},"properties":{"OBJECTID":3206,"LOC_ID":"FC0067","FDMID":60,"X_COORD":330309.51446,"Y_COORD":5358801.78391,"BEAT":"S 3","ROT_ANGLE":0,"NODE_ID":6424,"GLOBALID":"8169872c-6c80-4dbf-9ce3-bec31e2e464f","CREATEDDATE":1520794199000,"LASTUPDATE":1644003922000}},{"type":"Feature","id":3207,"geometry":{"type":"Point","coordinates":[-89.3689823805952,48.3586381582108]},"properties":{"OBJECTID":3207,"LOC_ID":"NC0101","FDMID":1279,"X_COORD":324519.59471,"Y_COORD":5358873.24349,"BEAT":"S 15","ROT_ANGLE":0,"NODE_ID":2309,"GLOBALID":"cf5a39a4-38b7-4f16-83d8-490db15ccc25","CREATEDDATE":1520794199000,"LASTUPDATE":1643921046000}},{"type":"Feature","id":3208,"geometry":{"type":"Point","coordinates":[-89.3498205866252,48.3387338534409]},"properties":{"OBJECTID":3208,"LOC_ID":"NC0245","FDMID":1421,"X_COORD":325871.07324,"Y_COORD":5356617.32029,"BEAT":"S 16","ROT_ANGLE":0,"NODE_ID":2056,"GLOBALID":"6926f733-9dfb-4371-9021-19b7f40e7a31","CREATEDDATE":1520794199000,"LASTUPDATE":1643921046000}},{"type":"Feature","id":3209,"geometry":{"type":"Point","coordinates":[-89.3636763503876,48.323950766564]},"properties":{"OBJECTID":3209,"LOC_ID":"NC0397","FDMID":1572,"X_COORD":324793.72283,"Y_COORD":5355005.87427,"BEAT":"S 16","ROT_ANGLE":0,"NODE_ID":136,"GLOBALID":"3ede3e24-3c09-4a05-9003-68dad4ba26fe","CREATEDDATE":1520794199000,"LASTUPDATE":1643921046000}},{"type":"Feature","id":3210,"geometry":{"type":"Point","coordinates":[-89.3430889441047,48.3181177066885]},"properties":{"OBJECTID":3210,"LOC_ID":"NC0514","FDMID":3317,"X_COORD":326299.85122,"Y_COORD":5354310.73469,"BEAT":"S 17","ROT_ANGLE":0,"NODE_ID":6905,"GLOBALID":"6e6d59b1-3579-43ae-a547-c22d38e1f5f0","CREATEDDATE":1520794199000,"LASTUPDATE":1643921046000}},{"type":"Feature","id":3211,"geometry":{"type":"Point","coordinates":[-89.3418357703684,48.3079599605315]},"properties":{"OBJECTID":3211,"LOC_ID":"NC0375","FDMID":1550,"X_COORD":326358.26863,"Y_COORD":5353178.95127,"BEAT":"S 17","ROT_ANGLE":0,"NODE_ID":8315,"GLOBALID":"589b6bca-7517-421c-a28a-a766ab2b4ef0","CREATEDDATE":1520794199000,"LASTUPDATE":1643921046000}},{"type":"Feature","id":3212,"geometry":{"type":"Point","coordinates":[-89.1848096778783,48.466245772529]},"properties":{"OBJECTID":3212,"LOC_ID":"PC0047","FDMID":1771,"X_COORD":338502.53821,"Y_COORD":5370427.83243,"BEAT":"N 11","ROT_ANGLE":0,"NODE_ID":5864,"GLOBALID":"ab937273-ef1e-4df6-8bc1-24a5842d435c","CREATEDDATE":1520794199000,"LASTUPDATE":1643921046000}},{"type":"Feature","id":3213,"geometry":{"type":"Point","coordinates":[-89.1793701261816,48.466751147014]},"properties":{"OBJECTID":3213,"LOC_ID":"PC0056","FDMID":1780,"X_COORD":338906.20003,"Y_COORD":5370472.53592,"BEAT":"N 11","ROT_ANGLE":0,"NODE_ID":8700,"GLOBALID":"504679a5-23aa-47a0-a918-8f38648e9770","CREATEDDATE":1520794199000,"LASTUPDATE":1643921046000}},{"type":"Feature","id":3214,"geometry":{"type":"Point","coordinates":[-89.186388293274,48.461602553041]},"properties":{"OBJECTID":3214,"LOC_ID":"PC0025","FDMID":1749,"X_COORD":338371.09654,"Y_COORD":5369915.09925,"BEAT":"N 11","ROT_ANGLE":0,"NODE_ID":3082,"GLOBALID":"10c36d10-d280-42e9-b19a-6328c941f25e","CREATEDDATE":1520794199000,"LASTUPDATE":1644266371000}},{"type":"Feature","id":3215,"geometry":{"type":"Point","coordinates":[-89.1905813701682,48.4617706782271]},"properties":{"OBJECTID":3215,"LOC_ID":"PC0023","FDMID":1747,"X_COORD":338061.67062,"Y_COORD":5369942.65586,"BEAT":"N 11","ROT_ANGLE":0,"NODE_ID":637,"GLOBALID":"8d171fab-2d97-4665-8225-264019a0247f","CREATEDDATE":1520794199000,"LASTUPDATE":1644266344000}},{"type":"Feature","id":3216,"geometry":{"type":"Point","coordinates":[-89.2351804045176,48.4605312691975]},"properties":{"OBJECTID":3216,"LOC_ID":"MP0007","FDMID":3250,"X_COORD":334760.8312,"Y_COORD":5369900.27198,"BEAT":"N 12","ROT_ANGLE":0,"NODE_ID":9861,"GLOBALID":"30bd6305-7ca9-4228-8a99-2de307a0709e","CREATEDDATE":1520794199000,"LASTUPDATE":1643921046000}},{"type":"Feature","id":3217,"geometry":{"type":"Point","coordinates":[-89.2101636747155,48.4558226968112]},"properties":{"OBJECTID":3217,"LOC_ID":"PC0740","FDMID":2457,"X_COORD":336595.02307,"Y_COORD":5369323.19832,"BEAT":"N 9","ROT_ANGLE":0,"NODE_ID":9711,"GLOBALID":"02c0d950-4e27-4d67-bf1c-ba461df3767b","CREATEDDATE":1520794199000,"LASTUPDATE":1643921046000}},{"type":"Feature","id":3218,"geometry":{"type":"Point","coordinates":[-89.2509754462305,48.4541329367556]},"properties":{"OBJECTID":3218,"LOC_ID":"MC0061","FDMID":3058,"X_COORD":333572.29385,"Y_COORD":5369223.36267,"BEAT":"N 12","ROT_ANGLE":0,"NODE_ID":4768,"GLOBALID":"403dea8b-5839-4205-936e-672e5fc4288f","CREATEDDATE":1520794199000,"LASTUPDATE":1643921046000}},{"type":"Feature","id":3219,"geometry":{"type":"Point","coordinates":[-89.2336016580033,48.453626557073]},"properties":{"OBJECTID":3219,"LOC_ID":"PC0777","FDMID":2494,"X_COORD":334856.19248,"Y_COORD":5369127.0076,"BEAT":"N 8","ROT_ANGLE":0,"NODE_ID":9646,"GLOBALID":"473587c5-0c43-4f83-a026-4c5f04ef9b04","CREATEDDATE":1520794199000,"LASTUPDATE":1643921046000}},{"type":"Feature","id":3220,"geometry":{"type":"Point","coordinates":[-89.2711631623935,48.452726272997]},"properties":{"OBJECTID":3220,"LOC_ID":"MC0135","FDMID":3132,"X_COORD":332075.15619,"Y_COORD":5369111.12306,"BEAT":"N 15","ROT_ANGLE":0,"NODE_ID":9095,"GLOBALID":"f41260c9-1a58-481c-b93d-af6b9a6f0f74","CREATEDDATE":1520794199000,"LASTUPDATE":1643921046000}},{"type":"Feature","id":3221,"geometry":{"type":"Point","coordinates":[-89.2600292221662,48.4487546473156]},"properties":{"OBJECTID":3221,"LOC_ID":"MC0016","FDMID":3014,"X_COORD":332886.71356,"Y_COORD":5368646.6003,"BEAT":"N 13","ROT_ANGLE":0,"NODE_ID":887,"GLOBALID":"13e41056-4433-4d2f-b195-3088cd59c15c","CREATEDDATE":1520794199000,"LASTUPDATE":1643921046000}},{"type":"Feature","id":3222,"geometry":{"type":"Point","coordinates":[-89.2660817240255,48.4446169968292]},"properties":{"OBJECTID":3222,"LOC_ID":"MC0115","FDMID":3112,"X_COORD":332424.13871,"Y_COORD":5368198.69298,"BEAT":"N 13","ROT_ANGLE":0,"NODE_ID":2510,"GLOBALID":"44d04cb6-be5d-40c5-bf80-59221b668c50","CREATEDDATE":1520794199000,"LASTUPDATE":1643921046000}},{"type":"Feature","id":3223,"geometry":{"type":"Point","coordinates":[-89.2077912206651,48.443777756153]},"properties":{"OBJECTID":3223,"LOC_ID":"PC0112","FDMID":1835,"X_COORD":336731.80489,"Y_COORD":5367979.40389,"BEAT":"N 10","ROT_ANGLE":0,"NODE_ID":2971,"GLOBALID":"8f58be5f-1612-448d-8019-e7bd611e8e7f","CREATEDDATE":1520794199000,"LASTUPDATE":1643921046000}},{"type":"Feature","id":3224,"geometry":{"type":"Point","coordinates":[-89.2669539735746,48.4422512741685]},"properties":{"OBJECTID":3224,"LOC_ID":"MC0186","FDMID":3183,"X_COORD":332351.84508,"Y_COORD":5367937.67128,"BEAT":"N 13","ROT_ANGLE":0,"NODE_ID":3418,"GLOBALID":"e2eb49da-6803-4419-aec1-cc99762dde01","CREATEDDATE":1520794199000,"LASTUPDATE":1643921046000}},{"type":"Feature","id":3225,"geometry":{"type":"Point","coordinates":[-89.268980430056,48.4371244654712]},"properties":{"OBJECTID":3225,"LOC_ID":"PC1132","FDMID":2846,"X_COORD":332185.10691,"Y_COORD":5367372.28837,"BEAT":"N 4","ROT_ANGLE":0,"NODE_ID":5458,"GLOBALID":"0e309a73-aa9f-4ed9-89a2-5c2acd0dbddf","CREATEDDATE":1520794199000,"LASTUPDATE":1643921046000}},{"type":"Feature","id":3226,"geometry":{"type":"Point","coordinates":[-89.2249451108686,48.4359278272111]},"properties":{"OBJECTID":3226,"LOC_ID":"PC0420","FDMID":2142,"X_COORD":335437.96476,"Y_COORD":5367143.65272,"BEAT":"N7","ROT_ANGLE":0,"NODE_ID":4311,"GLOBALID":"da2c3b84-d996-49cc-b5b8-164433c5430e","CREATEDDATE":1520794199000,"LASTUPDATE":1643921046000}},{"type":"Feature","id":3227,"geometry":{"type":"Point","coordinates":[-89.2226300689435,48.4334319741541]},"properties":{"OBJECTID":3227,"LOC_ID":"PC0426","FDMID":2148,"X_COORD":335601.13072,"Y_COORD":5366861.27294,"BEAT":"N7","ROT_ANGLE":0,"NODE_ID":1930,"GLOBALID":"329ef5ce-b687-47d5-9151-e6e5ea8e7299","CREATEDDATE":1520794199000,"LASTUPDATE":1643921046000}},{"type":"Feature","id":3228,"geometry":{"type":"Point","coordinates":[-89.235325734412,48.4231682069765]},"properties":{"OBJECTID":3228,"LOC_ID":"PC0786","FDMID":3667,"X_COORD":334628.81814,"Y_COORD":5365747.85726,"BEAT":"N 3","ROT_ANGLE":0,"NODE_ID":4178,"GLOBALID":"3a5eae3b-9d49-4cd4-b2a8-0b7963b71199","CREATEDDATE":1520794199000,"LASTUPDATE":1643921046000}},{"type":"Feature","id":3229,"geometry":{"type":"Point","coordinates":[-89.2406129929138,48.4280392432916]},"properties":{"OBJECTID":3229,"LOC_ID":"PC0559","FDMID":2279,"X_COORD":334253.52905,"Y_COORD":5366300.68286,"BEAT":"N 3","ROT_ANGLE":0,"NODE_ID":10384,"GLOBALID":"192d2300-44cd-4098-a35a-4d811f849633","CREATEDDATE":1520794199000,"LASTUPDATE":1644362028000}},{"type":"Feature","id":3230,"geometry":{"type":"Point","coordinates":[-89.241852902069,48.4274551836172]},"properties":{"OBJECTID":3230,"LOC_ID":"PC0558","FDMID":2278,"X_COORD":334143.81692,"Y_COORD":5366243.10872,"BEAT":"N 3","ROT_ANGLE":0,"NODE_ID":8993,"GLOBALID":"89562108-c276-4995-846e-f4ac5994a135","CREATEDDATE":1520794199000,"LASTUPDATE":1677530659000}},{"type":"Feature","id":3231,"geometry":{"type":"Point","coordinates":[-89.2398364933853,48.4238963284768]},"properties":{"OBJECTID":3231,"LOC_ID":"PC0551","FDMID":2271,"X_COORD":334299.40425,"Y_COORD":5365831.41873,"BEAT":"N 3","ROT_ANGLE":0,"NODE_ID":10320,"GLOBALID":"41601fa4-726c-43aa-b8e4-2b2813846be1","CREATEDDATE":1520794199000,"LASTUPDATE":1643921046000}},{"type":"Feature","id":3232,"geometry":{"type":"Point","coordinates":[-89.2509118596745,48.4191709460453]},"properties":{"OBJECTID":3232,"LOC_ID":"PC1010","FDMID":2724,"X_COORD":333462.7343,"Y_COORD":5365337.38046,"BEAT":"N 3","ROT_ANGLE":0,"NODE_ID":5176,"GLOBALID":"c486f7b4-d9cd-463e-a7a6-dc3cec516049","CREATEDDATE":1520794199000,"LASTUPDATE":1643921047000}},{"type":"Feature","id":3233,"geometry":{"type":"Point","coordinates":[-89.2473870768511,48.42191966348]},"properties":{"OBJECTID":3233,"LOC_ID":"PC0950","FDMID":2666,"X_COORD":333732.47791,"Y_COORD":5365635.21905,"BEAT":"N 3","ROT_ANGLE":0,"NODE_ID":9028,"GLOBALID":"70b25e08-ef29-4be5-8b51-331cc6444160","CREATEDDATE":1520794199000,"LASTUPDATE":1643921047000}},{"type":"Feature","id":3234,"geometry":{"type":"Point","coordinates":[-89.2759516890682,48.4183313614112]},"properties":{"OBJECTID":3234,"LOC_ID":"PP0115","FDMID":2979,"X_COORD":331570.6342,"Y_COORD":5365336.85899,"BEAT":"N 1","ROT_ANGLE":0,"NODE_ID":3058,"GLOBALID":"4702cfef-2305-4a0c-a75c-be0bd594abb2","CREATEDDATE":1520794199000,"LASTUPDATE":1643921047000}},{"type":"Feature","id":3235,"geometry":{"type":"Point","coordinates":[-89.2360894223643,48.4192390618504]},"properties":{"OBJECTID":3235,"LOC_ID":"PC0695","FDMID":2414,"X_COORD":334559.56553,"Y_COORD":5365312.80651,"BEAT":"N 2","ROT_ANGLE":0,"NODE_ID":9688,"GLOBALID":"f9815460-464e-4a0b-8bd5-64b2d27b800d","CREATEDDATE":1520794199000,"LASTUPDATE":1644351609000}},{"type":"Feature","id":3236,"geometry":{"type":"Point","coordinates":[-89.2570541404187,48.4154612941356]},"properties":{"OBJECTID":3236,"LOC_ID":"PC1073","FDMID":2787,"X_COORD":332996.15331,"Y_COORD":5364938.46129,"BEAT":"N 3","ROT_ANGLE":0,"NODE_ID":2995,"GLOBALID":"37632a8b-5134-4b9f-b231-8e4cc47bc7cb","CREATEDDATE":1520794199000,"LASTUPDATE":1643921047000}},{"type":"Feature","id":3237,"geometry":{"type":"Point","coordinates":[-89.2438783338392,48.4100557814248]},"properties":{"OBJECTID":3237,"LOC_ID":"PC0186","FDMID":1909,"X_COORD":333953.40694,"Y_COORD":5364309.01156,"BEAT":"N 2","ROT_ANGLE":0,"NODE_ID":6276,"GLOBALID":"cd67880a-abf3-4035-91a9-3f80f92404b7","CREATEDDATE":1520794199000,"LASTUPDATE":1643921047000}},{"type":"Feature","id":3238,"geometry":{"type":"Point","coordinates":[-89.2561684475735,48.4098937999858]},"properties":{"OBJECTID":3238,"LOC_ID":"PC1029","FDMID":2743,"X_COORD":333044.40623,"Y_COORD":5364313.37969,"BEAT":"N 2","ROT_ANGLE":0,"NODE_ID":6050,"GLOBALID":"88eaf353-5d9c-4232-8fa4-da443f9b4579","CREATEDDATE":1520794199000,"LASTUPDATE":1643921047000}},{"type":"Feature","id":3239,"geometry":{"type":"Point","coordinates":[-89.2468417225878,48.4092524958832]},"properties":{"OBJECTID":3239,"LOC_ID":"PC1177","FDMID":3360,"X_COORD":333729.59049,"Y_COORD":5364229.92113,"BEAT":"N 2","ROT_ANGLE":0,"NODE_ID":5638,"GLOBALID":"1dcc2e92-4714-405d-adeb-cc9280ec0ed4","CREATEDDATE":1520794199000,"LASTUPDATE":1643921047000}},{"type":"Feature","id":3240,"geometry":{"type":"Point","coordinates":[-89.2811645836804,48.410869073572]},"properties":{"OBJECTID":3240,"LOC_ID":"PC0801","FDMID":3521,"X_COORD":331197.06364,"Y_COORD":5364480.94014,"BEAT":"N 1","ROT_ANGLE":0,"NODE_ID":5635,"GLOBALID":"e59b5cee-f668-410b-8c6e-0c42444ecbb9","CREATEDDATE":1520794199000,"LASTUPDATE":1643921047000}},{"type":"Feature","id":3241,"geometry":{"type":"Point","coordinates":[-89.2457720759674,48.4080583405606]},"properties":{"OBJECTID":3241,"LOC_ID":"PC0904","FDMID":2620,"X_COORD":333806.76707,"Y_COORD":5364091.12408,"BEAT":"N 2","ROT_ANGLE":0,"NODE_ID":6271,"GLOBALID":"640f0d03-e2f2-4fb4-846d-0a073d9f9450","CREATEDDATE":1520794199000,"LASTUPDATE":1644352466000}},{"type":"Feature","id":3242,"geometry":{"type":"Point","coordinates":[-89.2760262175691,48.3987331368779]},"properties":{"OBJECTID":3242,"LOC_ID":"FC1007","FDMID":998,"X_COORD":331537.18114,"Y_COORD":5363120.80164,"BEAT":"S 4","ROT_ANGLE":0,"NODE_ID":4360,"GLOBALID":"7261f74c-f977-4630-991f-af549ef2b6fc","CREATEDDATE":1520794199000,"LASTUPDATE":1643921047000}},{"type":"Feature","id":3243,"geometry":{"type":"Point","coordinates":[-89.2309063588257,48.3955026209802]},"properties":{"OBJECTID":3243,"LOC_ID":"FC0572","FDMID":564,"X_COORD":334872.53987,"Y_COORD":5362686.94155,"BEAT":"S 11","ROT_ANGLE":0,"NODE_ID":9839,"GLOBALID":"30abab5d-9ca7-40a1-9a7c-546558601e9c","CREATEDDATE":1520794199000,"LASTUPDATE":1643921047000}},{"type":"Feature","id":3244,"geometry":{"type":"Point","coordinates":[-89.2366302623979,48.3898730047132]},"properties":{"OBJECTID":3244,"LOC_ID":"FC0338","FDMID":333,"X_COORD":334425.271,"Y_COORD":5362052.55051,"BEAT":"S 11","ROT_ANGLE":0,"NODE_ID":4223,"GLOBALID":"a224f1e2-2361-47ed-b6e6-46817ec9d373","CREATEDDATE":1520794199000,"LASTUPDATE":1670877410000}},{"type":"Feature","id":3245,"geometry":{"type":"Point","coordinates":[-89.2793736001975,48.3927576192226]},"properties":{"OBJECTID":3245,"LOC_ID":"FP0061","FDMID":3333,"X_COORD":331268.6118,"Y_COORD":5362448.48215,"BEAT":"S 4","ROT_ANGLE":0,"NODE_ID":10323,"GLOBALID":"98807c8d-c57b-4536-a9d7-c0ad70240e13","CREATEDDATE":1520794199000,"LASTUPDATE":1643921047000}},{"type":"Feature","id":3246,"geometry":{"type":"Point","coordinates":[-89.2498867859414,48.3926684146623]},"properties":{"OBJECTID":3246,"LOC_ID":"FC0414","FDMID":408,"X_COORD":333452.2447,"Y_COORD":5362385.92574,"BEAT":"S 9","ROT_ANGLE":0,"NODE_ID":1437,"GLOBALID":"e6a90055-34c0-4266-a6e9-fe92ab6fbebb","CREATEDDATE":1520794199000,"LASTUPDATE":1643921047000}},{"type":"Feature","id":3247,"geometry":{"type":"Point","coordinates":[-89.2941973416229,48.3916507256814]},"properties":{"OBJECTID":3247,"LOC_ID":"FC1053","FDMID":1044,"X_COORD":330168.7247,"Y_COORD":5362373.79083,"BEAT":"S 1","ROT_ANGLE":0,"NODE_ID":728,"GLOBALID":"af459076-5ed5-43eb-bbd5-4e3e866cbfb2","CREATEDDATE":1520794199000,"LASTUPDATE":1643921047000}},{"type":"Feature","id":3248,"geometry":{"type":"Point","coordinates":[-89.2990508196201,48.3909929512976]},"properties":{"OBJECTID":3248,"LOC_ID":"FC1061","FDMID":1052,"X_COORD":329807.27318,"Y_COORD":5362311.45739,"BEAT":"S 1","ROT_ANGLE":0,"NODE_ID":9681,"GLOBALID":"97640fa6-801d-4c5c-a143-c7d9bdd04a6b","CREATEDDATE":1520794199000,"LASTUPDATE":1643921047000}},{"type":"Feature","id":3249,"geometry":{"type":"Point","coordinates":[-89.2981097485726,48.390117695225]},"properties":{"OBJECTID":3249,"LOC_ID":"FC1051","FDMID":1042,"X_COORD":329874.01545,"Y_COORD":5362212.08612,"BEAT":"S 1","ROT_ANGLE":0,"NODE_ID":3110,"GLOBALID":"7031bcb5-263c-44fa-bfc6-3a7864c2e8c9","CREATEDDATE":1520794199000,"LASTUPDATE":1643921047000}},{"type":"Feature","id":3250,"geometry":{"type":"Point","coordinates":[-89.268324533431,48.3865829452321]},"properties":{"OBJECTID":3250,"LOC_ID":"FP0082","FDMID":0,"X_COORD":332067.21199,"Y_COORD":5361753.4803,"BEAT":null,"ROT_ANGLE":0,"NODE_ID":2335,"GLOBALID":"4845fe22-c70a-4b5e-9cd1-72619797af35","CREATEDDATE":1520794199000,"LASTUPDATE":1643921047000}},{"type":"Feature","id":3251,"geometry":{"type":"Point","coordinates":[-89.251305943012,48.3873419354172]},"properties":{"OBJECTID":3251,"LOC_ID":"FC0752","FDMID":743,"X_COORD":333327.43267,"Y_COORD":5361802.09777,"BEAT":"S 9","ROT_ANGLE":0,"NODE_ID":44,"GLOBALID":"5f51febd-b52b-4b83-9385-33320d72b1f7","CREATEDDATE":1520794199000,"LASTUPDATE":1673289288000}},{"type":"Feature","id":3252,"geometry":{"type":"Point","coordinates":[-89.2851864925074,48.3868317040954]},"properties":{"OBJECTID":3252,"LOC_ID":"FC0901","FDMID":892,"X_COORD":330819.75138,"Y_COORD":5361818.23959,"BEAT":"S 5","ROT_ANGLE":0,"NODE_ID":9227,"GLOBALID":"ba291229-0e7d-4f27-a61f-20c1f347dcf2","CREATEDDATE":1520794199000,"LASTUPDATE":1643921047000}},{"type":"Feature","id":3253,"geometry":{"type":"Point","coordinates":[-89.2677225539842,48.3855706045737]},"properties":{"OBJECTID":3253,"LOC_ID":"FP0941","FDMID":932,"X_COORD":332107.26729,"Y_COORD":5361635.23953,"BEAT":"S 7","ROT_ANGLE":0,"NODE_ID":5290,"GLOBALID":"4832d68e-2096-49a0-8c40-f65266f2c2d1","CREATEDDATE":1520794199000,"LASTUPDATE":1643921047000}},{"type":"Feature","id":3254,"geometry":{"type":"Point","coordinates":[-89.2907968817921,48.384024033848]},"properties":{"OBJECTID":3254,"LOC_ID":"FC0947","FDMID":938,"X_COORD":330395.09551,"Y_COORD":5361518.59185,"BEAT":"S 2","ROT_ANGLE":0,"NODE_ID":730,"GLOBALID":"7452348f-d47f-44c1-a57d-0dc3877545e8","CREATEDDATE":1520794199000,"LASTUPDATE":1643921047000}},{"type":"Feature","id":3255,"geometry":{"type":"Point","coordinates":[-89.3123495434882,48.3816232715589]},"properties":{"OBJECTID":3255,"LOC_ID":"NP0073","FDMID":3647,"X_COORD":328791.43241,"Y_COORD":5361299.70622,"BEAT":"S 13","ROT_ANGLE":0,"NODE_ID":1842,"GLOBALID":"df1e3a6a-1501-436e-ab5f-56a62cfd9794","CREATEDDATE":1520794199000,"LASTUPDATE":1643921047000}},{"type":"Feature","id":3256,"geometry":{"type":"Point","coordinates":[-89.3695178507801,48.3778485540766]},"properties":{"OBJECTID":3256,"LOC_ID":"NC0238","FDMID":1414,"X_COORD":324545.94453,"Y_COORD":5361009.56452,"BEAT":"S 13","ROT_ANGLE":0,"NODE_ID":9152,"GLOBALID":"342ddc14-f664-4a8e-99bc-9b7e32d9e5aa","CREATEDDATE":1520794199000,"LASTUPDATE":1643921047000}},{"type":"Feature","id":3257,"geometry":{"type":"Point","coordinates":[-89.2883099514008,48.3771595453317]},"properties":{"OBJECTID":3257,"LOC_ID":"FC0684","FDMID":675,"X_COORD":330556.42774,"Y_COORD":5360750.14641,"BEAT":"S 5","ROT_ANGLE":0,"NODE_ID":8190,"GLOBALID":"bc8ae0f6-fe0e-4477-a7dc-22098b1d3b29","CREATEDDATE":1520794199000,"LASTUPDATE":1644004444000}},{"type":"Feature","id":3258,"geometry":{"type":"Point","coordinates":[-89.2483257991611,48.3747368034531]},"properties":{"OBJECTID":3258,"LOC_ID":"FP0034","FDMID":1160,"X_COORD":333509.05724,"Y_COORD":5360393.19486,"BEAT":"S 10","ROT_ANGLE":0,"NODE_ID":7982,"GLOBALID":"8493515d-9024-4579-a53d-f98bc2f3a888","CREATEDDATE":1520794199000,"LASTUPDATE":1643921047000}},{"type":"Feature","id":3259,"geometry":{"type":"Point","coordinates":[-89.2725671295206,48.3763049382944]},"properties":{"OBJECTID":3259,"LOC_ID":"FC0533","FDMID":525,"X_COORD":331719.24502,"Y_COORD":5360620.45783,"BEAT":"S 7","ROT_ANGLE":0,"NODE_ID":915,"GLOBALID":"ec52ebe1-41f7-44a1-b510-a33071f1684d","CREATEDDATE":1520794199000,"LASTUPDATE":1643921047000}},{"type":"Feature","id":3260,"geometry":{"type":"Point","coordinates":[-89.2507944063299,48.3748353780594]},"properties":{"OBJECTID":3260,"LOC_ID":"FC0712","FDMID":703,"X_COORD":333326.58556,"Y_COORD":5360409.51818,"BEAT":"S 10","ROT_ANGLE":0,"NODE_ID":10558,"GLOBALID":"42a00310-02e0-4042-99b9-3011ee8a93c4","CREATEDDATE":1520794199000,"LASTUPDATE":1643921047000}},{"type":"Feature","id":3261,"geometry":{"type":"Point","coordinates":[-89.2816286318421,48.3742119572361]},"properties":{"OBJECTID":3261,"LOC_ID":"FC0784","FDMID":775,"X_COORD":331033.97577,"Y_COORD":5360414.03274,"BEAT":"S 5","ROT_ANGLE":0,"NODE_ID":2221,"GLOBALID":"f5a9e54c-49e2-41fe-991e-a12d1844781f","CREATEDDATE":1520794199000,"LASTUPDATE":1643921047000}},{"type":"Feature","id":3262,"geometry":{"type":"Point","coordinates":[-89.2716205658675,48.3724765012814]},"properties":{"OBJECTID":3262,"LOC_ID":"FP0071","FDMID":3412,"X_COORD":331776.71625,"Y_COORD":5360192.87434,"BEAT":"S 8","ROT_ANGLE":0,"NODE_ID":5219,"GLOBALID":"e2e2464a-f494-44a8-bf6c-40fb460442ee","CREATEDDATE":1520794199000,"LASTUPDATE":1643921047000}},{"type":"Feature","id":3263,"geometry":{"type":"Point","coordinates":[-89.256682659195,48.3704475914265]},"properties":{"OBJECTID":3263,"LOC_ID":"FC0158","FDMID":154,"X_COORD":332876.20681,"Y_COORD":5359934.67121,"BEAT":"S 8","ROT_ANGLE":0,"NODE_ID":724,"GLOBALID":"5a33ab57-595d-404c-87ec-8c7a32a1d896","CREATEDDATE":1520794199000,"LASTUPDATE":1644002444000}},{"type":"Feature","id":3264,"geometry":{"type":"Point","coordinates":[-89.2650977118533,48.3693530206763]},"properties":{"OBJECTID":3264,"LOC_ID":"FC0476","FDMID":468,"X_COORD":332249.45814,"Y_COORD":5359831.41105,"BEAT":"S 6","ROT_ANGLE":0,"NODE_ID":6019,"GLOBALID":"296ced04-9fc5-4fe3-90d7-16a7bfd5b26f","CREATEDDATE":1520794199000,"LASTUPDATE":1643921048000}},{"type":"Feature","id":3265,"geometry":{"type":"Point","coordinates":[-89.3285794435504,48.3625673731719]},"properties":{"OBJECTID":3265,"LOC_ID":"NC0189","FDMID":1366,"X_COORD":327524.83477,"Y_COORD":5359231.793,"BEAT":"S 15","ROT_ANGLE":0,"NODE_ID":8719,"GLOBALID":"a2d8155d-acbc-4d6c-8f74-1fbe5ac9b7eb","CREATEDDATE":1520794199000,"LASTUPDATE":1643921048000}},{"type":"Feature","id":3266,"geometry":{"type":"Point","coordinates":[-89.3336117567963,48.3410879692649]},"properties":{"OBJECTID":3266,"LOC_ID":"NC0161","FDMID":1338,"X_COORD":327080.09672,"Y_COORD":5356842.26109,"BEAT":"S 15","ROT_ANGLE":0,"NODE_ID":9094,"GLOBALID":"96b8bb08-b8de-471f-9089-216ea2436fc4","CREATEDDATE":1520794199000,"LASTUPDATE":1643921048000}},{"type":"Feature","id":3267,"geometry":{"type":"Point","coordinates":[-89.344591040496,48.3472926134208]},"properties":{"OBJECTID":3267,"LOC_ID":"NC0302","FDMID":1478,"X_COORD":326287.67151,"Y_COORD":5357556.6913,"BEAT":"S 16","ROT_ANGLE":0,"NODE_ID":1020,"GLOBALID":"317688a0-a35a-4c5c-8784-f0af244419ee","CREATEDDATE":1520794199000,"LASTUPDATE":1643921048000}},{"type":"Feature","id":3268,"geometry":{"type":"Point","coordinates":[-89.3201110418792,48.3392392473239]},"properties":{"OBJECTID":3268,"LOC_ID":"NC0223","FDMID":1400,"X_COORD":328074.23023,"Y_COORD":5356606.40804,"BEAT":"S 17","ROT_ANGLE":0,"NODE_ID":5765,"GLOBALID":"9675c027-19d2-4ac9-a68c-53314e998944","CREATEDDATE":1520794199000,"LASTUPDATE":1643921048000}},{"type":"Feature","id":3269,"geometry":{"type":"Point","coordinates":[-89.3515787587242,48.3169122809017]},"properties":{"OBJECTID":3269,"LOC_ID":"NC0363","FDMID":1538,"X_COORD":325666.40456,"Y_COORD":5354196.02979,"BEAT":"S 17","ROT_ANGLE":0,"NODE_ID":6977,"GLOBALID":"5735c710-eb5f-4327-8f35-efc1a2cce1fd","CREATEDDATE":1520794199000,"LASTUPDATE":1643921048000}},{"type":"Feature","id":3270,"geometry":{"type":"Point","coordinates":[-89.2455381440246,48.460406372098]},"properties":{"OBJECTID":3270,"LOC_ID":"MC0102","FDMID":3099,"X_COORD":333994.7494,"Y_COORD":5369908.80472,"BEAT":"N 12","ROT_ANGLE":0,"NODE_ID":10073,"GLOBALID":"39de32f7-2ac5-4e5a-b34d-ba5da3cbba39","CREATEDDATE":1520794199000,"LASTUPDATE":1643921048000}},{"type":"Feature","id":3271,"geometry":{"type":"Point","coordinates":[-89.2229003666147,48.458844600372]},"properties":{"OBJECTID":3271,"LOC_ID":"PC0750","FDMID":2467,"X_COORD":335663.15644,"Y_COORD":5369686.35275,"BEAT":"N 9","ROT_ANGLE":0,"NODE_ID":4191,"GLOBALID":"7d92ee51-4552-4fa7-b96e-cdd226e08ca4","CREATEDDATE":1520794199000,"LASTUPDATE":1643921048000}},{"type":"Feature","id":3272,"geometry":{"type":"Point","coordinates":[-89.2531589376424,48.4566026118388]},"properties":{"OBJECTID":3272,"LOC_ID":"MC0218","FDMID":3215,"X_COORD":333419.02691,"Y_COORD":5369499.06725,"BEAT":"N 12","ROT_ANGLE":0,"NODE_ID":9867,"GLOBALID":"4c3b4503-6b19-4f17-888b-67489686008b","CREATEDDATE":1520794199000,"LASTUPDATE":1643921048000}},{"type":"Feature","id":3273,"geometry":{"type":"Point","coordinates":[-89.1876959680895,48.4573939201045]},"properties":{"OBJECTID":3273,"LOC_ID":"PC1035","FDMID":2749,"X_COORD":338261.0511,"Y_COORD":5369450.09598,"BEAT":"N 11","ROT_ANGLE":0,"NODE_ID":4028,"GLOBALID":"d0933ad5-211f-4aea-9527-9627db1b4e94","CREATEDDATE":1520794199000,"LASTUPDATE":1643921048000}},{"type":"Feature","id":3274,"geometry":{"type":"Point","coordinates":[-89.2196427779059,48.4567293221406]},"properties":{"OBJECTID":3274,"LOC_ID":"PC0210","FDMID":1933,"X_COORD":335897.1558,"Y_COORD":5369444.25509,"BEAT":"N 9","ROT_ANGLE":0,"NODE_ID":9039,"GLOBALID":"72334995-5cf8-453a-880e-9915df1ea957","CREATEDDATE":1520794199000,"LASTUPDATE":1643921048000}},{"type":"Feature","id":3275,"geometry":{"type":"Point","coordinates":[-89.2581749421897,48.4529877260918]},"properties":{"OBJECTID":3275,"LOC_ID":"MC0056","FDMID":3053,"X_COORD":333036.26697,"Y_COORD":5369111.75384,"BEAT":"N 13","ROT_ANGLE":0,"NODE_ID":2621,"GLOBALID":"5a43af10-4c04-4d85-9be0-e68661d08950","CREATEDDATE":1520794199000,"LASTUPDATE":1643921048000}},{"type":"Feature","id":3276,"geometry":{"type":"Point","coordinates":[-89.2486565423377,48.4533700575188]},"properties":{"OBJECTID":3276,"LOC_ID":"MC0110","FDMID":3107,"X_COORD":333741.24259,"Y_COORD":5369133.53304,"BEAT":"N 12","ROT_ANGLE":0,"NODE_ID":7113,"GLOBALID":"40e50b64-4073-4c32-a593-ef7bc91460dc","CREATEDDATE":1520794199000,"LASTUPDATE":1643921048000}},{"type":"Feature","id":3277,"geometry":{"type":"Point","coordinates":[-89.2143617706222,48.4526456283485]},"properties":{"OBJECTID":3277,"LOC_ID":"PC0126","FDMID":1849,"X_COORD":336274.58685,"Y_COORD":5368978.16997,"BEAT":"N 9","ROT_ANGLE":0,"NODE_ID":10278,"GLOBALID":"da963a85-e6a5-457c-8918-351944bf8b3e","CREATEDDATE":1520794199000,"LASTUPDATE":1643921048000}},{"type":"Feature","id":3278,"geometry":{"type":"Point","coordinates":[-89.194814919375,48.4520488403484]},"properties":{"OBJECTID":3278,"LOC_ID":"PC0172","FDMID":1895,"X_COORD":337717.72515,"Y_COORD":5368871.0908,"BEAT":"N 10","ROT_ANGLE":0,"NODE_ID":1503,"GLOBALID":"a44c3d10-4a9d-477f-a023-7ea7348e7953","CREATEDDATE":1520794199000,"LASTUPDATE":1643921048000}},{"type":"Feature","id":3279,"geometry":{"type":"Point","coordinates":[-89.2060998285068,48.4490937208299]},"properties":{"OBJECTID":3279,"LOC_ID":"PC0182","FDMID":3498,"X_COORD":336873.90333,"Y_COORD":5368566.63538,"BEAT":"N 10","ROT_ANGLE":0,"NODE_ID":9396,"GLOBALID":"5216be93-e01a-4077-a1f2-e0159594b850","CREATEDDATE":1520794199000,"LASTUPDATE":1643921048000}},{"type":"Feature","id":3280,"geometry":{"type":"Point","coordinates":[-89.260153633324,48.4475783101256]},"properties":{"OBJECTID":3280,"LOC_ID":"MC0005","FDMID":3003,"X_COORD":332870.63958,"Y_COORD":5368514.00894,"BEAT":"N 13","ROT_ANGLE":0,"NODE_ID":826,"GLOBALID":"d566eb24-67cb-4326-81ef-59f49cf20f87","CREATEDDATE":1520794199000,"LASTUPDATE":1643921048000}},{"type":"Feature","id":3281,"geometry":{"type":"Point","coordinates":[-89.2727647072688,48.4465975411848]},"properties":{"OBJECTID":3281,"LOC_ID":"MC0275","FDMID":3429,"X_COORD":331936.51299,"Y_COORD":5368433.46776,"BEAT":"N 13","ROT_ANGLE":0,"NODE_ID":4095,"GLOBALID":"7323ecbc-3293-45b9-9a2b-65cf190c61f0","CREATEDDATE":1520794199000,"LASTUPDATE":1643921048000}},{"type":"Feature","id":3282,"geometry":{"type":"Point","coordinates":[-89.2061494353992,48.4476509483795]},"properties":{"OBJECTID":3282,"LOC_ID":"PC0149","FDMID":1872,"X_COORD":336865.6143,"Y_COORD":5368406.38526,"BEAT":"N 10","ROT_ANGLE":0,"NODE_ID":7234,"GLOBALID":"37663ea1-25e2-4974-9aaa-f4b3bc1c1579","CREATEDDATE":1520794199000,"LASTUPDATE":1644367237000}},{"type":"Feature","id":3283,"geometry":{"type":"Point","coordinates":[-89.2785958233646,48.445933269221]},"properties":{"OBJECTID":3283,"LOC_ID":"MC0214","FDMID":3211,"X_COORD":331503.14953,"Y_COORD":5368373.12779,"BEAT":"N 13","ROT_ANGLE":0,"NODE_ID":5442,"GLOBALID":"83ddf178-c208-4952-b1b3-84ab63ead4f3","CREATEDDATE":1520794199000,"LASTUPDATE":1643921048000}},{"type":"Feature","id":3284,"geometry":{"type":"Point","coordinates":[-89.2895334575393,48.4453904014721]},"properties":{"OBJECTID":3284,"LOC_ID":"MC0292","FDMID":3446,"X_COORD":330692.57724,"Y_COORD":5368336.25202,"BEAT":"N 13","ROT_ANGLE":0,"NODE_ID":7954,"GLOBALID":"214ff97f-f79f-486d-9cf6-923551e23206","CREATEDDATE":1520794199000,"LASTUPDATE":1643921048000}},{"type":"Feature","id":3285,"geometry":{"type":"Point","coordinates":[-89.2138209170429,48.4455839215135]},"properties":{"OBJECTID":3285,"LOC_ID":"PC0100","FDMID":1823,"X_COORD":336291.73142,"Y_COORD":5368193.02718,"BEAT":"N 10","ROT_ANGLE":0,"NODE_ID":6676,"GLOBALID":"5f84d2a7-3c55-4d40-b1cb-502111da9692","CREATEDDATE":1520794199000,"LASTUPDATE":1643921048000}},{"type":"Feature","id":3286,"geometry":{"type":"Point","coordinates":[-89.2098836678632,48.4426771204527]},"properties":{"OBJECTID":3286,"LOC_ID":"PC0096","FDMID":1819,"X_COORD":336573.54493,"Y_COORD":5367861.54046,"BEAT":"N 10","ROT_ANGLE":0,"NODE_ID":1497,"GLOBALID":"6c10864f-8dbf-4dc0-8705-8403771347e8","CREATEDDATE":1520794199000,"LASTUPDATE":1643921048000}},{"type":"Feature","id":3287,"geometry":{"type":"Point","coordinates":[-89.2577453677302,48.439117493241]},"properties":{"OBJECTID":3287,"LOC_ID":"PC0177","FDMID":1900,"X_COORD":333022.54742,"Y_COORD":5367569.22968,"BEAT":"N 4","ROT_ANGLE":0,"NODE_ID":9082,"GLOBALID":"057a333a-6781-46aa-ba33-6e110afa52eb","CREATEDDATE":1520794199000,"LASTUPDATE":1643921048000}},{"type":"Feature","id":3288,"geometry":{"type":"Point","coordinates":[-89.2316487691472,48.43773372118]},"properties":{"OBJECTID":3288,"LOC_ID":"PC0465","FDMID":2187,"X_COORD":334948.01712,"Y_COORD":5367358.8115,"BEAT":"N 6","ROT_ANGLE":0,"NODE_ID":221,"GLOBALID":"7cfd14c7-36fd-4446-8949-558714337df2","CREATEDDATE":1520794199000,"LASTUPDATE":1643921048000}},{"type":"Feature","id":3289,"geometry":{"type":"Point","coordinates":[-89.2504682208023,48.4375378073223]},"properties":{"OBJECTID":3289,"LOC_ID":"PC0631","FDMID":2350,"X_COORD":333555.56015,"Y_COORD":5367377.80312,"BEAT":"N 5","ROT_ANGLE":0,"NODE_ID":10376,"GLOBALID":"5d8fd2e9-39a0-4c36-9a08-05e5215b6cf7","CREATEDDATE":1520794199000,"LASTUPDATE":1644362866000}},{"type":"Feature","id":3290,"geometry":{"type":"Point","coordinates":[-89.2473848908268,48.4365507467447]},"properties":{"OBJECTID":3290,"LOC_ID":"PC0645","FDMID":2364,"X_COORD":333780.37449,"Y_COORD":5367261.39121,"BEAT":"N 5","ROT_ANGLE":0,"NODE_ID":1861,"GLOBALID":"7e8db518-5c5c-4b3a-9c67-36cc5ba1ddea","CREATEDDATE":1520794199000,"LASTUPDATE":1644362836000}},{"type":"Feature","id":3291,"geometry":{"type":"Point","coordinates":[-89.2309343964562,48.4354239369867]},"properties":{"OBJECTID":3291,"LOC_ID":"PC0457","FDMID":2179,"X_COORD":334993.47017,"Y_COORD":5367099.99038,"BEAT":"N 6","ROT_ANGLE":0,"NODE_ID":8106,"GLOBALID":"09dd8ea2-aa3d-4e0d-9cea-19a837df4a51","CREATEDDATE":1520794199000,"LASTUPDATE":1643921048000}},{"type":"Feature","id":3292,"geometry":{"type":"Point","coordinates":[-89.2186834743205,48.4338105233387]},"properties":{"OBJECTID":3292,"LOC_ID":"PC0413","FDMID":2135,"X_COORD":335894.24995,"Y_COORD":5366894.87909,"BEAT":"N7","ROT_ANGLE":0,"NODE_ID":5117,"GLOBALID":"79a53f73-398d-42a5-a124-d52c92ffdbfa","CREATEDDATE":1520794199000,"LASTUPDATE":1643921048000}},{"type":"Feature","id":3293,"geometry":{"type":"Point","coordinates":[-89.2437067919098,48.4328639789661]},"properties":{"OBJECTID":3293,"LOC_ID":"PC0594","FDMID":2313,"X_COORD":334040.39728,"Y_COORD":5366843.63403,"BEAT":"N 5","ROT_ANGLE":0,"NODE_ID":7747,"GLOBALID":"3deab01a-2e12-4368-ad40-2d6e8a7dcc64","CREATEDDATE":1520794199000,"LASTUPDATE":1643921049000}},{"type":"Feature","id":3294,"geometry":{"type":"Point","coordinates":[-89.2459805291819,48.4270558382514]},"properties":{"OBJECTID":3294,"LOC_ID":"PC0607","FDMID":2326,"X_COORD":333853.2815,"Y_COORD":5366203.02193,"BEAT":"N 3","ROT_ANGLE":0,"NODE_ID":6448,"GLOBALID":"c6ea79ab-a4e4-4384-b106-80ac9e3dde2d","CREATEDDATE":1520794199000,"LASTUPDATE":1644354855000}},{"type":"Feature","id":3295,"geometry":{"type":"Point","coordinates":[-89.2473566509668,48.4249894482446]},"properties":{"OBJECTID":3295,"LOC_ID":"PC0953","FDMID":2669,"X_COORD":333744.74492,"Y_COORD":5365976.34033,"BEAT":"N 3","ROT_ANGLE":0,"NODE_ID":9844,"GLOBALID":"3abe1e9b-b09a-4cb3-8efd-b32e4a069deb","CREATEDDATE":1520794199000,"LASTUPDATE":1643921049000}},{"type":"Feature","id":3296,"geometry":{"type":"Point","coordinates":[-89.2563677619855,48.4146259693502]},"properties":{"OBJECTID":3296,"LOC_ID":"PC1069","FDMID":2783,"X_COORD":333044.20271,"Y_COORD":5364844.12478,"BEAT":"N 3","ROT_ANGLE":0,"NODE_ID":530,"GLOBALID":"52f86316-d737-41be-a976-0a882e7c56e8","CREATEDDATE":1520794199000,"LASTUPDATE":1643921049000}},{"type":"Feature","id":3297,"geometry":{"type":"Point","coordinates":[-89.2502154391475,48.4100395033372]},"properties":{"OBJECTID":3297,"LOC_ID":"PC0662","FDMID":3590,"X_COORD":333484.43542,"Y_COORD":5364320.97854,"BEAT":"N 2","ROT_ANGLE":0,"NODE_ID":7030,"GLOBALID":"de22feef-d301-4f8c-9e8f-ce8c58cd8c35","CREATEDDATE":1520794199000,"LASTUPDATE":1643921049000}},{"type":"Feature","id":3298,"geometry":{"type":"Point","coordinates":[-89.2617648057704,48.4097494321494]},"properties":{"OBJECTID":3298,"LOC_ID":"PC1176","FDMID":3359,"X_COORD":332628.87241,"Y_COORD":5364313.91934,"BEAT":"N 1","ROT_ANGLE":0,"NODE_ID":605,"GLOBALID":"9d67d0fa-fa28-42dc-83c9-1873f2c052ce","CREATEDDATE":1520794199000,"LASTUPDATE":1643921049000}},{"type":"Feature","id":3299,"geometry":{"type":"Point","coordinates":[-89.223566213251,48.4034079985005]},"properties":{"OBJECTID":3299,"LOC_ID":"PC1203","FDMID":3681,"X_COORD":335434.95856,"Y_COORD":5363526.29694,"BEAT":"N 14","ROT_ANGLE":0,"NODE_ID":7354,"GLOBALID":"a0689577-d1c7-42d4-ab51-f19c898b84ad","CREATEDDATE":1520794199000,"LASTUPDATE":1643921049000}},{"type":"Feature","id":3300,"geometry":{"type":"Point","coordinates":[-89.268272821506,48.4023281268303]},"properties":{"OBJECTID":3300,"LOC_ID":"PP0056","FDMID":2923,"X_COORD":332122.87228,"Y_COORD":5363503.33937,"BEAT":"N 1","ROT_ANGLE":0,"NODE_ID":2257,"GLOBALID":"52400fe0-1cbb-4bc0-adfe-9095f09ea886","CREATEDDATE":1520794199000,"LASTUPDATE":1643921049000}},{"type":"Feature","id":3301,"geometry":{"type":"Point","coordinates":[-89.2903499261117,48.4005652451316]},"properties":{"OBJECTID":3301,"LOC_ID":"FC1085","FDMID":1076,"X_COORD":330483.12905,"Y_COORD":5363356.03185,"BEAT":"S 1","ROT_ANGLE":0,"NODE_ID":9666,"GLOBALID":"05bc9588-0c5f-45f2-b513-6ec8e0b69120","CREATEDDATE":1520794199000,"LASTUPDATE":1643921049000}},{"type":"Feature","id":3302,"geometry":{"type":"Point","coordinates":[-89.2511570758619,48.3980834017277]},"properties":{"OBJECTID":3302,"LOC_ID":"FC1170","FDMID":3588,"X_COORD":333375.69763,"Y_COORD":5362994.18814,"BEAT":"S 9","ROT_ANGLE":0,"NODE_ID":1338,"GLOBALID":"fe307431-514c-449b-8fc4-43b2fcfc8499","CREATEDDATE":1520794199000,"LASTUPDATE":1643921049000}},{"type":"Feature","id":3303,"geometry":{"type":"Point","coordinates":[-89.22343747712,48.393578024062]},"properties":{"OBJECTID":3303,"LOC_ID":"FC1183","FDMID":0,"X_COORD":335412.76156,"Y_COORD":5362433.4826,"BEAT":null,"ROT_ANGLE":0,"NODE_ID":3625,"GLOBALID":"6b4b2ff6-e656-4690-9631-3d0aa0056e80","CREATEDDATE":1520794199000,"LASTUPDATE":1643921049000}},{"type":"Feature","id":3304,"geometry":{"type":"Point","coordinates":[-89.2483689495747,48.3979175189883]},"properties":{"OBJECTID":3304,"LOC_ID":"FC0734","FDMID":725,"X_COORD":333581.54236,"Y_COORD":5362970.09803,"BEAT":"S 9","ROT_ANGLE":0,"NODE_ID":7188,"GLOBALID":"7ac32d65-c29c-479a-a508-bada60b4267d","CREATEDDATE":1520794199000,"LASTUPDATE":1643921049000}},{"type":"Feature","id":3305,"geometry":{"type":"Point","coordinates":[-89.2785599223676,48.3968936018575]},"properties":{"OBJECTID":3305,"LOC_ID":"FC0995","FDMID":986,"X_COORD":331348.53423,"Y_COORD":5362917.86097,"BEAT":"S 4","ROT_ANGLE":0,"NODE_ID":5803,"GLOBALID":"28744d8e-a180-4ed4-a3b1-2f761a05e8f3","CREATEDDATE":1520794199000,"LASTUPDATE":1643921049000}},{"type":"Feature","id":3306,"geometry":{"type":"Point","coordinates":[-89.25122424577,48.3949522536777]},"properties":{"OBJECTID":3306,"LOC_ID":"FC1169","FDMID":3587,"X_COORD":333360.49558,"Y_COORD":5362646.32459,"BEAT":"S 9","ROT_ANGLE":0,"NODE_ID":1054,"GLOBALID":"f35a9bf8-8801-4a26-875a-daf8149dd92c","CREATEDDATE":1520794199000,"LASTUPDATE":1643921049000}},{"type":"Feature","id":3307,"geometry":{"type":"Point","coordinates":[-89.2781174619509,48.3931381724701]},"properties":{"OBJECTID":3307,"LOC_ID":"FC0842","FDMID":833,"X_COORD":331354.18262,"Y_COORD":5362473.94161,"BEAT":"S 4","ROT_ANGLE":0,"NODE_ID":6863,"GLOBALID":"fa639428-1000-4760-a9c9-62339b281e18","CREATEDDATE":1520794199000,"LASTUPDATE":1673555724000}},{"type":"Feature","id":3308,"geometry":{"type":"Point","coordinates":[-89.2427530534387,48.392906952524]},"properties":{"OBJECTID":3308,"LOC_ID":"FC0366","FDMID":361,"X_COORD":333976.7142,"Y_COORD":5362399.41156,"BEAT":"S 11","ROT_ANGLE":0,"NODE_ID":3192,"GLOBALID":"26b0cea3-c7a8-4af7-9ad2-53f2daf2dce8","CREATEDDATE":1520794199000,"LASTUPDATE":1672952795000}},{"type":"Feature","id":3309,"geometry":{"type":"Point","coordinates":[-89.2453887199111,48.3929840949206]},"properties":{"OBJECTID":3309,"LOC_ID":"FC0497","FDMID":489,"X_COORD":333785.77174,"Y_COORD":5362404.83953,"BEAT":"S 9","ROT_ANGLE":0,"NODE_ID":8299,"GLOBALID":"a9386cbc-bdc8-4c98-b440-81e3ce19b526","CREATEDDATE":1520794199000,"LASTUPDATE":1643921049000}},{"type":"Feature","id":3310,"geometry":{"type":"Point","coordinates":[-89.237882711324,48.3930885545643]},"properties":{"OBJECTID":3310,"LOC_ID":"FC0664","FDMID":3580,"X_COORD":334340.06396,"Y_COORD":5362408.88331,"BEAT":"S 11","ROT_ANGLE":0,"NODE_ID":7974,"GLOBALID":"0891c667-f787-46df-858b-b407a3216f18","CREATEDDATE":1520794199000,"LASTUPDATE":1643921049000}},{"type":"Feature","id":3311,"geometry":{"type":"Point","coordinates":[-89.2404875806355,48.3930561152528]},"properties":{"OBJECTID":3311,"LOC_ID":"FC0623","FDMID":615,"X_COORD":334149.02192,"Y_COORD":5362412.26225,"BEAT":"S 11","ROT_ANGLE":0,"NODE_ID":9593,"GLOBALID":"da6d7fff-f4d7-43df-85b3-797d49c2f8d9","CREATEDDATE":1520794199000,"LASTUPDATE":1643921049000}},{"type":"Feature","id":3312,"geometry":{"type":"Point","coordinates":[-89.2498825169102,48.3912232130926]},"properties":{"OBJECTID":3312,"LOC_ID":"FC0413","FDMID":407,"X_COORD":333448.29615,"Y_COORD":5362225.18155,"BEAT":"S 9","ROT_ANGLE":0,"NODE_ID":7402,"GLOBALID":"9b765902-10e9-4fe3-9006-69f6587051b9","CREATEDDATE":1520794199000,"LASTUPDATE":1643921049000}},{"type":"Feature","id":3313,"geometry":{"type":"Point","coordinates":[-89.2784024193049,48.3903871898394]},"properties":{"OBJECTID":3313,"LOC_ID":"FC0840","FDMID":831,"X_COORD":331335.68892,"Y_COORD":5362193.80542,"BEAT":"S 4","ROT_ANGLE":0,"NODE_ID":6037,"GLOBALID":"f1ea7d60-c583-48ef-98cc-0f210de37453","CREATEDDATE":1520794199000,"LASTUPDATE":1643921049000}},{"type":"Feature","id":3314,"geometry":{"type":"Point","coordinates":[-89.2879386191487,48.3900101995464]},"properties":{"OBJECTID":3314,"LOC_ID":"FC0964","FDMID":955,"X_COORD":330626.56201,"Y_COORD":5362177.59268,"BEAT":"S 1","ROT_ANGLE":0,"NODE_ID":2587,"GLOBALID":"57844e17-b48b-4fad-9e8b-bce12b7ceb36","CREATEDDATE":1520794199000,"LASTUPDATE":1643921049000}},{"type":"Feature","id":3315,"geometry":{"type":"Point","coordinates":[-89.3023792115279,48.3891369031154]},"properties":{"OBJECTID":3315,"LOC_ID":"NC0582","FDMID":3637,"X_COORD":329556.5286,"Y_COORD":5362143.61534,"BEAT":"S 13","ROT_ANGLE":0,"NODE_ID":5563,"GLOBALID":"2944a815-5a98-4139-ba28-e9114e505bd2","CREATEDDATE":1520794199000,"LASTUPDATE":1643921049000}},{"type":"Feature","id":3316,"geometry":{"type":"Point","coordinates":[-89.2856181716894,48.3876540156701]},"properties":{"OBJECTID":3316,"LOC_ID":"FC0865","FDMID":856,"X_COORD":330790.52079,"Y_COORD":5361910.58775,"BEAT":"S 1","ROT_ANGLE":0,"NODE_ID":4626,"GLOBALID":"1e4ee7b1-a0c2-4513-9897-f0ca50a63da1","CREATEDDATE":1520794199000,"LASTUPDATE":1643921049000}},{"type":"Feature","id":3317,"geometry":{"type":"Point","coordinates":[-89.2441364375813,48.3873198868761]},"properties":{"OBJECTID":3317,"LOC_ID":"FC0189","FDMID":185,"X_COORD":333860.25033,"Y_COORD":5361782.62743,"BEAT":"S 11","ROT_ANGLE":0,"NODE_ID":8698,"GLOBALID":"f1ad8d2b-7628-4bf0-8cbb-5dd91862da49","CREATEDDATE":1520794199000,"LASTUPDATE":1643921049000}},{"type":"Feature","id":3318,"geometry":{"type":"Point","coordinates":[-89.2476790102467,48.3871191404482]},"properties":{"OBJECTID":3318,"LOC_ID":"FC0725","FDMID":716,"X_COORD":333598.66851,"Y_COORD":5361764.93169,"BEAT":"S 9","ROT_ANGLE":0,"NODE_ID":9254,"GLOBALID":"f6ca5f86-b46d-49ec-bf13-e0870a6a24f2","CREATEDDATE":1520794199000,"LASTUPDATE":1674263851000}},{"type":"Feature","id":3319,"geometry":{"type":"Point","coordinates":[-89.3346176335248,48.3806760065355]},"properties":{"OBJECTID":3319,"LOC_ID":"NC0023","FDMID":1201,"X_COORD":327139.57628,"Y_COORD":5361244.4586,"BEAT":"S 13","ROT_ANGLE":0,"NODE_ID":2198,"GLOBALID":"03622b0d-5ef3-4d02-9940-ee0e032e06ad","CREATEDDATE":1520794199000,"LASTUPDATE":1643921049000}},{"type":"Feature","id":3320,"geometry":{"type":"Point","coordinates":[-89.3641855276425,48.3762018733076]},"properties":{"OBJECTID":3320,"LOC_ID":"NC0499","FDMID":1672,"X_COORD":324935.10959,"Y_COORD":5360814.34967,"BEAT":"S 13","ROT_ANGLE":0,"NODE_ID":3162,"GLOBALID":"8fa2a616-849f-4d34-adec-9314b5efc9e6","CREATEDDATE":1520794199000,"LASTUPDATE":1643921049000}},{"type":"Feature","id":3321,"geometry":{"type":"Point","coordinates":[-89.3694866569347,48.3739422360825]},"properties":{"OBJECTID":3321,"LOC_ID":"NC0536","FDMID":3462,"X_COORD":324534.83003,"Y_COORD":5360575.33374,"BEAT":"S 14","ROT_ANGLE":0,"NODE_ID":7664,"GLOBALID":"b2fe3f35-fdd4-4045-b803-04129c29ca1f","CREATEDDATE":1520794199000,"LASTUPDATE":1643921049000}},{"type":"Feature","id":3322,"geometry":{"type":"Point","coordinates":[-89.3884228234632,48.3674911700167]},"properties":{"OBJECTID":3322,"LOC_ID":"NC0409","FDMID":1583,"X_COORD":323110.31752,"Y_COORD":5359901.88964,"BEAT":"S 14","ROT_ANGLE":0,"NODE_ID":1853,"GLOBALID":"ba6c3f7f-957e-47a0-848d-f0d5b7651c7d","CREATEDDATE":1520794199000,"LASTUPDATE":1643921049000}},{"type":"Feature","id":3323,"geometry":{"type":"Point","coordinates":[-89.2611750943469,48.3693584315845]},"properties":{"OBJECTID":3323,"LOC_ID":"FC0474","FDMID":466,"X_COORD":332539.95798,"Y_COORD":5359823.42897,"BEAT":null,"ROT_ANGLE":0,"NODE_ID":3950,"GLOBALID":"91c5136f-4b7f-4c35-a394-602048f05c80","CREATEDDATE":1520794199000,"LASTUPDATE":1643921049000}},{"type":"Feature","id":3324,"geometry":{"type":"Point","coordinates":[-89.3884238464778,48.3649549217569]},"properties":{"OBJECTID":3324,"LOC_ID":"NC0407","FDMID":1581,"X_COORD":323101.45659,"Y_COORD":5359620.00753,"BEAT":"S 14","ROT_ANGLE":0,"NODE_ID":5139,"GLOBALID":"b4f82603-d665-4256-ac7f-ba0fe33b5857","CREATEDDATE":1520794199000,"LASTUPDATE":1643921049000}},{"type":"Feature","id":3325,"geometry":{"type":"Point","coordinates":[-89.2907964084308,48.3606241001537]},"properties":{"OBJECTID":3325,"LOC_ID":"FC0066","FDMID":59,"X_COORD":330317.39132,"Y_COORD":5358917.85226,"BEAT":"S 3","ROT_ANGLE":0,"NODE_ID":10327,"GLOBALID":"ce6b2e95-515b-40cf-a7ed-faa16c231a37","CREATEDDATE":1520794199000,"LASTUPDATE":1643921049000}},{"type":"Feature","id":3326,"geometry":{"type":"Point","coordinates":[-89.3062396391339,48.3551079119172]},"properties":{"OBJECTID":3326,"LOC_ID":"FC0590","FDMID":582,"X_COORD":329155.10908,"Y_COORD":5358339.08004,"BEAT":"S 15","ROT_ANGLE":0,"NODE_ID":4035,"GLOBALID":"2a3f883d-7ef7-4709-a4cf-b26836074adf","CREATEDDATE":1520794199000,"LASTUPDATE":1643921049000}},{"type":"Feature","id":3327,"geometry":{"type":"Point","coordinates":[-89.3445927471968,48.3446555525252]},"properties":{"OBJECTID":3327,"LOC_ID":"NC0296","FDMID":1472,"X_COORD":326278.58018,"Y_COORD":5357263.60637,"BEAT":"S 16","ROT_ANGLE":0,"NODE_ID":5665,"GLOBALID":"ff3f38af-ae44-4e87-bae0-7661bc7ab28d","CREATEDDATE":1520794199000,"LASTUPDATE":1643921049000}},{"type":"Feature","id":3328,"geometry":{"type":"Point","coordinates":[-89.3218432556679,48.3389215965473]},"properties":{"OBJECTID":3328,"LOC_ID":"NC0222","FDMID":1399,"X_COORD":327944.80508,"Y_COORD":5356574.993,"BEAT":"S 17","ROT_ANGLE":0,"NODE_ID":8110,"GLOBALID":"3dbca789-e7b4-45ff-b722-9ce9ad204927","CREATEDDATE":1520794199000,"LASTUPDATE":1643921049000}},{"type":"Feature","id":3329,"geometry":{"type":"Point","coordinates":[-89.3314707535747,48.3272471759457]},"properties":{"OBJECTID":3329,"LOC_ID":"NC0400","FDMID":3491,"X_COORD":327191.9485,"Y_COORD":5355299.14352,"BEAT":"S 17","ROT_ANGLE":0,"NODE_ID":10198,"GLOBALID":"eb13495a-85aa-4ac7-abfb-7fd49637f2da","CREATEDDATE":1520794199000,"LASTUPDATE":1643921049000}},{"type":"Feature","id":3330,"geometry":{"type":"Point","coordinates":[-89.3333380706269,48.3291063402787]},"properties":{"OBJECTID":3330,"LOC_ID":"NC0248","FDMID":1424,"X_COORD":327059.84047,"Y_COORD":5355509.98487,"BEAT":"S 17","ROT_ANGLE":0,"NODE_ID":2948,"GLOBALID":"dd31a3a4-0041-42d2-b9ff-23514b5e75fb","CREATEDDATE":1520794199000,"LASTUPDATE":1643921050000}},{"type":"Feature","id":3331,"geometry":{"type":"Point","coordinates":[-89.3347261537275,48.3391033817218]},"properties":{"OBJECTID":3331,"LOC_ID":"NC0163","FDMID":1340,"X_COORD":326990.80623,"Y_COORD":5356624.20567,"BEAT":"S 15","ROT_ANGLE":0,"NODE_ID":2457,"GLOBALID":"ea6a9974-09db-445b-8460-8e2589c23d50","CREATEDDATE":1520794199000,"LASTUPDATE":1643921050000}},{"type":"Feature","id":3332,"geometry":{"type":"Point","coordinates":[-89.3780385560107,48.3135807617823]},"properties":{"OBJECTID":3332,"LOC_ID":"NP0063","FDMID":3603,"X_COORD":323693.45019,"Y_COORD":5353886.26058,"BEAT":"S 16","ROT_ANGLE":0,"NODE_ID":2857,"GLOBALID":"ddd1be95-91b2-422f-92dd-fa07e6e987d6","CREATEDDATE":1520794199000,"LASTUPDATE":1643921050000}},{"type":"Feature","id":3333,"geometry":{"type":"Point","coordinates":[-89.2545472850364,48.4610067034277]},"properties":{"OBJECTID":3333,"LOC_ID":"MC0170","FDMID":3167,"X_COORD":333330.73891,"Y_COORD":5369995.11486,"BEAT":"N 12","ROT_ANGLE":0,"NODE_ID":4067,"GLOBALID":"7cda4758-837c-4ad3-be12-743b803b4b8b","CREATEDDATE":1520794199000,"LASTUPDATE":1643921050000}},{"type":"Feature","id":3334,"geometry":{"type":"Point","coordinates":[-89.2182078810899,48.4578312781463]},"properties":{"OBJECTID":3334,"LOC_ID":"PC0268","FDMID":1991,"X_COORD":336006.78652,"Y_COORD":5369563.65528,"BEAT":"N 9","ROT_ANGLE":0,"NODE_ID":9502,"GLOBALID":"717a3ef6-125e-4a56-8b3b-753979a14afb","CREATEDDATE":1520794199000,"LASTUPDATE":1643921050000}},{"type":"Feature","id":3335,"geometry":{"type":"Point","coordinates":[-89.2159042169056,48.4578722313812]},"properties":{"OBJECTID":3335,"LOC_ID":"PC0264","FDMID":1987,"X_COORD":336177.2216,"Y_COORD":5369563.27102,"BEAT":"N 9","ROT_ANGLE":0,"NODE_ID":9749,"GLOBALID":"bf54e336-fe1f-4821-9ed9-a8b0d831e4c5","CREATEDDATE":1520794199000,"LASTUPDATE":1643921050000}},{"type":"Feature","id":3336,"geometry":{"type":"Point","coordinates":[-89.2554211231927,48.4567238580238]},"properties":{"OBJECTID":3336,"LOC_ID":"MC0153","FDMID":3150,"X_COORD":333252.10902,"Y_COORD":5369521.00491,"BEAT":"N 12","ROT_ANGLE":0,"NODE_ID":8386,"GLOBALID":"beafb344-5e5f-441e-a0e1-a12ec3b981b0","CREATEDDATE":1520794199000,"LASTUPDATE":1643921050000}},{"type":"Feature","id":3337,"geometry":{"type":"Point","coordinates":[-89.2256089716541,48.456855998176]},"properties":{"OBJECTID":3337,"LOC_ID":"PC0245","FDMID":1968,"X_COORD":335456.49276,"Y_COORD":5369471.15224,"BEAT":"N 8","ROT_ANGLE":0,"NODE_ID":948,"GLOBALID":"da3cd041-dcbb-4e5e-85d9-54e2f8730435","CREATEDDATE":1520794199000,"LASTUPDATE":1644348380000}},{"type":"Feature","id":3338,"geometry":{"type":"Point","coordinates":[-89.2382206486432,48.4531716416573]},"properties":{"OBJECTID":3338,"LOC_ID":"PC0873","FDMID":2589,"X_COORD":334510.54563,"Y_COORD":5369088.91173,"BEAT":"N 8","ROT_ANGLE":0,"NODE_ID":4745,"GLOBALID":"d10c5919-2a81-4756-a5fe-b68ce83e2081","CREATEDDATE":1520794199000,"LASTUPDATE":1643921050000}},{"type":"Feature","id":3339,"geometry":{"type":"Point","coordinates":[-89.230202703113,48.4530350916153]},"properties":{"OBJECTID":3339,"LOC_ID":"PC0227","FDMID":1950,"X_COORD":335104.51145,"Y_COORD":5369056.36952,"BEAT":"N 8","ROT_ANGLE":0,"NODE_ID":7803,"GLOBALID":"0f6f211c-58b7-45e2-959c-ec30933f5f4e","CREATEDDATE":1520794199000,"LASTUPDATE":1643921050000}},{"type":"Feature","id":3340,"geometry":{"type":"Point","coordinates":[-89.2577641465041,48.4508673571457]},"properties":{"OBJECTID":3340,"LOC_ID":"MC0028","FDMID":3026,"X_COORD":333059.68303,"Y_COORD":5368875.1891,"BEAT":"N 13","ROT_ANGLE":0,"NODE_ID":2528,"GLOBALID":"5d65182f-e669-436b-b82f-6ff44b9769fc","CREATEDDATE":1520794199000,"LASTUPDATE":1644366620000}},{"type":"Feature","id":3341,"geometry":{"type":"Point","coordinates":[-89.2703391930674,48.4499741549417]},"properties":{"OBJECTID":3341,"LOC_ID":"MC0080","FDMID":3077,"X_COORD":332127.00003,"Y_COORD":5368803.43282,"BEAT":"N 15","ROT_ANGLE":0,"NODE_ID":4051,"GLOBALID":"c25bd0e2-1d34-4669-989d-958c34fc04fc","CREATEDDATE":1520794199000,"LASTUPDATE":1643921050000}},{"type":"Feature","id":3342,"geometry":{"type":"Point","coordinates":[-89.2519519886942,48.4503621934284]},"properties":{"OBJECTID":3342,"LOC_ID":"MC0009","FDMID":3551,"X_COORD":333489.67702,"Y_COORD":5368811.5411,"BEAT":"N 13","ROT_ANGLE":0,"NODE_ID":9653,"GLOBALID":"8c449cf4-07d3-4891-a1ac-4f782f140aa0","CREATEDDATE":1520794199000,"LASTUPDATE":1643921050000}},{"type":"Feature","id":3343,"geometry":{"type":"Point","coordinates":[-89.207601080784,48.4506328916041]},"properties":{"OBJECTID":3343,"LOC_ID":"PC0030","FDMID":1754,"X_COORD":336767.8351,"Y_COORD":5368740.90661,"BEAT":"N 10","ROT_ANGLE":0,"NODE_ID":1502,"GLOBALID":"d47d6f2a-f4ff-49de-a9c9-4516f556dc7c","CREATEDDATE":1520794199000,"LASTUPDATE":1644348833000}},{"type":"Feature","id":3344,"geometry":{"type":"Point","coordinates":[-89.2769780378861,48.448425274533]},"properties":{"OBJECTID":3344,"LOC_ID":"MC0168","FDMID":3165,"X_COORD":331631.01794,"Y_COORD":5368645.86891,"BEAT":"N 15","ROT_ANGLE":0,"NODE_ID":3369,"GLOBALID":"05f59fcb-3991-468a-9b1b-c92fc348170f","CREATEDDATE":1520794199000,"LASTUPDATE":1643921050000}},{"type":"Feature","id":3345,"geometry":{"type":"Point","coordinates":[-89.1865788386583,48.4464460657611]},"properties":{"OBJECTID":3345,"LOC_ID":"PP0121","FDMID":2985,"X_COORD":338308.86653,"Y_COORD":5368230.9372,"BEAT":"N 14","ROT_ANGLE":0,"NODE_ID":10349,"GLOBALID":"da2f8340-7a9f-4d6c-8440-d1d772c462fd","CREATEDDATE":1520794199000,"LASTUPDATE":1643921050000}},{"type":"Feature","id":3346,"geometry":{"type":"Point","coordinates":[-89.2412471575819,48.4462434899534]},"properties":{"OBJECTID":3346,"LOC_ID":"PC0512","FDMID":3311,"X_COORD":334265.84803,"Y_COORD":5368325.38277,"BEAT":"N 8","ROT_ANGLE":0,"NODE_ID":804,"GLOBALID":"c27d4a4f-6bb8-4fbe-87a1-c4cf038e142a","CREATEDDATE":1520794199000,"LASTUPDATE":1644363549000}},{"type":"Feature","id":3347,"geometry":{"type":"Point","coordinates":[-89.2627122513678,48.4453818377404]},"properties":{"OBJECTID":3347,"LOC_ID":"MC0302","FDMID":2385,"X_COORD":332675.81129,"Y_COORD":5368276.32344,"BEAT":"N 13","ROT_ANGLE":0,"NODE_ID":9432,"GLOBALID":"3244adbc-f719-4119-814c-c25e280b59c1","CREATEDDATE":1520794199000,"LASTUPDATE":1644364114000}},{"type":"Feature","id":3348,"geometry":{"type":"Point","coordinates":[-89.2591935940844,48.4448923868092]},"properties":{"OBJECTID":3348,"LOC_ID":"PC0659","FDMID":2378,"X_COORD":332934.39023,"Y_COORD":5368214.23397,"BEAT":"N 4","ROT_ANGLE":0,"NODE_ID":3357,"GLOBALID":"66e2751a-6c0b-4181-93c4-e682559a7d64","CREATEDDATE":1520794199000,"LASTUPDATE":1644364075000}},{"type":"Feature","id":3349,"geometry":{"type":"Point","coordinates":[-89.2213905555275,48.4408547925737]},"properties":{"OBJECTID":3349,"LOC_ID":"PC0315","FDMID":2038,"X_COORD":335716.74595,"Y_COORD":5367683.63147,"BEAT":"N 6","ROT_ANGLE":0,"NODE_ID":9241,"GLOBALID":"79eb1704-d910-4332-854a-6e6c07be0b6f","CREATEDDATE":1520794199000,"LASTUPDATE":1643921050000}},{"type":"Feature","id":3350,"geometry":{"type":"Point","coordinates":[-89.2207343058661,48.4368739195015]},"properties":{"OBJECTID":3350,"LOC_ID":"PC0405","FDMID":2128,"X_COORD":335752.44259,"Y_COORD":5367239.76305,"BEAT":"N7","ROT_ANGLE":0,"NODE_ID":2936,"GLOBALID":"a8224356-d0b2-49ee-86b1-011e8586d547","CREATEDDATE":1520794199000,"LASTUPDATE":1643921050000}},{"type":"Feature","id":3351,"geometry":{"type":"Point","coordinates":[-89.2184610784627,48.435877127657]},"properties":{"OBJECTID":3351,"LOC_ID":"PC0402","FDMID":2125,"X_COORD":335917.35523,"Y_COORD":5367124.09765,"BEAT":"N7","ROT_ANGLE":0,"NODE_ID":4976,"GLOBALID":"cec4bf68-9034-47d5-b526-6c52537b3f05","CREATEDDATE":1520794199000,"LASTUPDATE":1644362426000}},{"type":"Feature","id":3352,"geometry":{"type":"Point","coordinates":[-89.2685862963787,48.4348526367599]},"properties":{"OBJECTID":3352,"LOC_ID":"PC1152","FDMID":2866,"X_COORD":332206.77449,"Y_COORD":5367118.92056,"BEAT":"N 4","ROT_ANGLE":0,"NODE_ID":7814,"GLOBALID":"abadf46d-b02f-41d0-8ff1-ab065b1ac226","CREATEDDATE":1520794199000,"LASTUPDATE":1643921050000}},{"type":"Feature","id":3353,"geometry":{"type":"Point","coordinates":[-89.2242387230944,48.4333225316242]},"properties":{"OBJECTID":3353,"LOC_ID":"PC0434","FDMID":2156,"X_COORD":335477.96092,"Y_COORD":5366855.13125,"BEAT":"N7","ROT_ANGLE":0,"NODE_ID":2288,"GLOBALID":"7ed78d86-a8a7-4357-98e3-76edbfcb952c","CREATEDDATE":1520794199000,"LASTUPDATE":1678395665000}},{"type":"Feature","id":3354,"geometry":{"type":"Point","coordinates":[-89.2502855703632,48.4321252041289]},"properties":{"OBJECTID":3354,"LOC_ID":"PC0623","FDMID":2342,"X_COORD":333551.38838,"Y_COORD":5366775.81784,"BEAT":"N 5","ROT_ANGLE":0,"NODE_ID":3137,"GLOBALID":"dc5b2451-3bed-43aa-86c8-0410c01dd741","CREATEDDATE":1520794199000,"LASTUPDATE":1643921050000}},{"type":"Feature","id":3355,"geometry":{"type":"Point","coordinates":[-89.2306386891454,48.4291207584396]},"properties":{"OBJECTID":3355,"LOC_ID":"PC0545","FDMID":2265,"X_COORD":335000.07113,"Y_COORD":5366407.90283,"BEAT":"N7","ROT_ANGLE":0,"NODE_ID":10345,"GLOBALID":"21948203-db84-4eb3-8fb8-229f64982e51","CREATEDDATE":1520794199000,"LASTUPDATE":1643921050000}},{"type":"Feature","id":3356,"geometry":{"type":"Point","coordinates":[-89.2406060403873,48.4249256322617]},"properties":{"OBJECTID":3356,"LOC_ID":"PC0552","FDMID":2272,"X_COORD":334243.91344,"Y_COORD":5365954.6067,"BEAT":"N 3","ROT_ANGLE":0,"NODE_ID":5643,"GLOBALID":"3864fe52-4129-4707-a09c-5cf233cddec4","CREATEDDATE":1520794199000,"LASTUPDATE":1644362066000}},{"type":"Feature","id":3357,"geometry":{"type":"Point","coordinates":[-89.2512398202378,48.4252575846159]},"properties":{"OBJECTID":3357,"LOC_ID":"PC0967","FDMID":2681,"X_COORD":333458.36412,"Y_COORD":5366014.58443,"BEAT":"N 3","ROT_ANGLE":0,"NODE_ID":2897,"GLOBALID":"4c435063-7466-4fe4-8ae1-2aed06a92959","CREATEDDATE":1520794199000,"LASTUPDATE":1643921050000}},{"type":"Feature","id":3358,"geometry":{"type":"Point","coordinates":[-89.24873083822,48.4212904734705]},"properties":{"OBJECTID":3358,"LOC_ID":"PP0065","FDMID":2932,"X_COORD":333631.01308,"Y_COORD":5365568.20875,"BEAT":"N 3","ROT_ANGLE":0,"NODE_ID":5530,"GLOBALID":"9fcb4729-2992-4b94-bceb-ab5226175f78","CREATEDDATE":1520794199000,"LASTUPDATE":1643921050000}},{"type":"Feature","id":3359,"geometry":{"type":"Point","coordinates":[-89.2329829133395,48.4194553976402]},"properties":{"OBJECTID":3359,"LOC_ID":"PC0674","FDMID":2393,"X_COORD":334790.09456,"Y_COORD":5365330.14257,"BEAT":"N 14","ROT_ANGLE":0,"NODE_ID":5252,"GLOBALID":"7fbcd9c8-282d-4646-bc8f-1541b25e4be9","CREATEDDATE":1520794199000,"LASTUPDATE":1644351619000}},{"type":"Feature","id":3360,"geometry":{"type":"Point","coordinates":[-89.2723816826992,48.4206600033353]},"properties":{"OBJECTID":3360,"LOC_ID":"PC1087","FDMID":2801,"X_COORD":331879.24783,"Y_COORD":5365549.80977,"BEAT":"N 1","ROT_ANGLE":0,"NODE_ID":4577,"GLOBALID":"4523e70b-664d-4f1a-b5dd-2b739db617a5","CREATEDDATE":1520794199000,"LASTUPDATE":1643921050000}},{"type":"Feature","id":3361,"geometry":{"type":"Point","coordinates":[-89.2550241529917,48.4175261208232]},"properties":{"OBJECTID":3361,"LOC_ID":"PP0153","FDMID":3401,"X_COORD":333153.10767,"Y_COORD":5365163.5242,"BEAT":"N 3","ROT_ANGLE":0,"NODE_ID":10090,"GLOBALID":"5081dd39-2679-4957-baa7-85b6cab78187","CREATEDDATE":1520794199000,"LASTUPDATE":1643921050000}},{"type":"Feature","id":3362,"geometry":{"type":"Point","coordinates":[-89.2892330213648,48.4171608334323]},"properties":{"OBJECTID":3362,"LOC_ID":"MC0222","FDMID":3219,"X_COORD":330620.95842,"Y_COORD":5365198.03684,"BEAT":"N 1","ROT_ANGLE":0,"NODE_ID":9819,"GLOBALID":"99a98389-e721-4e6e-a9dc-b4412eb06604","CREATEDDATE":1520794199000,"LASTUPDATE":1643921050000}},{"type":"Feature","id":3363,"geometry":{"type":"Point","coordinates":[-89.2563742230789,48.4137619052423]},"properties":{"OBJECTID":3363,"LOC_ID":"PC1070","FDMID":2784,"X_COORD":333040.89571,"Y_COORD":5364748.10532,"BEAT":"N 3","ROT_ANGLE":0,"NODE_ID":531,"GLOBALID":"d8c2f348-0d8b-40b4-a5a2-92fae46eb3a4","CREATEDDATE":1520794199000,"LASTUPDATE":1643921050000}},{"type":"Feature","id":3364,"geometry":{"type":"Point","coordinates":[-89.2450650211337,48.4109742873541]},"properties":{"OBJECTID":3364,"LOC_ID":"PC0717","FDMID":2435,"X_COORD":333868.5903,"Y_COORD":5364413.67332,"BEAT":"N 2","ROT_ANGLE":0,"NODE_ID":2264,"GLOBALID":"e3f6a316-4ab4-45bb-8f5c-0a4f76dde7b0","CREATEDDATE":1520794199000,"LASTUPDATE":1643921050000}},{"type":"Feature","id":3365,"geometry":{"type":"Point","coordinates":[-89.2516892784141,48.4108489276301]},"properties":{"OBJECTID":3365,"LOC_ID":"PC1025","FDMID":2739,"X_COORD":333376.79817,"Y_COORD":5364394.30232,"BEAT":"N 2","ROT_ANGLE":0,"NODE_ID":526,"GLOBALID":"86ac59d5-96a9-4349-a6ec-0aa990772810","CREATEDDATE":1520794199000,"LASTUPDATE":1678147539000}},{"type":"Feature","id":3366,"geometry":{"type":"Point","coordinates":[-89.2449952149223,48.4121529054182]},"properties":{"OBJECTID":3366,"LOC_ID":"PC0715","FDMID":2433,"X_COORD":333877.59638,"Y_COORD":5364544.5162,"BEAT":"N 2","ROT_ANGLE":0,"NODE_ID":7587,"GLOBALID":"c88181e1-c5e6-4551-9810-2061847931ea","CREATEDDATE":1520794199000,"LASTUPDATE":1644353648000}},{"type":"Feature","id":3367,"geometry":{"type":"Point","coordinates":[-89.2596204302782,48.4103708907222]},"properties":{"OBJECTID":3367,"LOC_ID":"PC1185","FDMID":3388,"X_COORD":332789.58767,"Y_COORD":5364378.30616,"BEAT":"N 1","ROT_ANGLE":0,"NODE_ID":4650,"GLOBALID":"e1620349-3b24-420a-92f7-cbb9b9d30b65","CREATEDDATE":1520794199000,"LASTUPDATE":1643921051000}},{"type":"Feature","id":3368,"geometry":{"type":"Point","coordinates":[-89.2445367017769,48.4039885603537]},"properties":{"OBJECTID":3368,"LOC_ID":"PP0095","FDMID":2959,"X_COORD":333884.91875,"Y_COORD":5363636.11147,"BEAT":"N 2","ROT_ANGLE":0,"NODE_ID":4568,"GLOBALID":"c0d25b5d-b828-45b8-a8d5-96d3fb45d05c","CREATEDDATE":1520794199000,"LASTUPDATE":1643921051000}},{"type":"Feature","id":3369,"geometry":{"type":"Point","coordinates":[-89.2497696070332,48.3990766986452]},"properties":{"OBJECTID":3369,"LOC_ID":"FC1182","FDMID":3680,"X_COORD":333481.62966,"Y_COORD":5363101.56734,"BEAT":"S 9","ROT_ANGLE":0,"NODE_ID":6721,"GLOBALID":"0683ca8f-55e7-4605-97bf-22f371dd6878","CREATEDDATE":1520794199000,"LASTUPDATE":1643921051000}},{"type":"Feature","id":3370,"geometry":{"type":"Point","coordinates":[-89.2509875546777,48.3971615042627]},"properties":{"OBJECTID":3370,"LOC_ID":"FC0759","FDMID":750,"X_COORD":333385.23235,"Y_COORD":5362891.35524,"BEAT":"S 9","ROT_ANGLE":0,"NODE_ID":8507,"GLOBALID":"260e6e83-7b9f-4f71-9dfc-72c752be914e","CREATEDDATE":1520794199000,"LASTUPDATE":1643921051000}},{"type":"Feature","id":3371,"geometry":{"type":"Point","coordinates":[-89.2483652740815,48.3990591625545]},"properties":{"OBJECTID":3371,"LOC_ID":"FC0735","FDMID":726,"X_COORD":333584.87215,"Y_COORD":5363090.48996,"BEAT":"S 9","ROT_ANGLE":0,"NODE_ID":679,"GLOBALID":"7b013c3d-0fe7-4a79-9df9-1dbbd1912040","CREATEDDATE":1520794199000,"LASTUPDATE":1643921051000}},{"type":"Feature","id":3372,"geometry":{"type":"Point","coordinates":[-89.2771572792457,48.3968617816074]},"properties":{"OBJECTID":3372,"LOC_ID":"FC0996","FDMID":987,"X_COORD":331447.28495,"Y_COORD":5362915.30404,"BEAT":"S 4","ROT_ANGLE":0,"NODE_ID":2990,"GLOBALID":"063549ac-2243-4ea0-bc6f-fe2c9b385846","CREATEDDATE":1520794199000,"LASTUPDATE":1643921051000}},{"type":"Feature","id":3373,"geometry":{"type":"Point","coordinates":[-89.2334194854219,48.3963352324466]},"properties":{"OBJECTID":3373,"LOC_ID":"FC0577","FDMID":569,"X_COORD":334682.83363,"Y_COORD":5362761.42987,"BEAT":"S 11","ROT_ANGLE":0,"NODE_ID":8986,"GLOBALID":"0bacf8b4-343a-4351-b5ce-0437c0ae7921","CREATEDDATE":1520794199000,"LASTUPDATE":1643921051000}},{"type":"Feature","id":3374,"geometry":{"type":"Point","coordinates":[-89.2738948186834,48.3947573009939]},"properties":{"OBJECTID":3374,"LOC_ID":"FC0961","FDMID":952,"X_COORD":331681.81423,"Y_COORD":5362674.23268,"BEAT":"S 4","ROT_ANGLE":0,"NODE_ID":6262,"GLOBALID":"1821e599-78bf-4185-abe1-35ea4593e86d","CREATEDDATE":1520794199000,"LASTUPDATE":1643921051000}},{"type":"Feature","id":3375,"geometry":{"type":"Point","coordinates":[-89.2916214229394,48.3932133847578]},"properties":{"OBJECTID":3375,"LOC_ID":"FC1038","FDMID":1029,"X_COORD":330364.58902,"Y_COORD":5362541.75601,"BEAT":"S 1","ROT_ANGLE":0,"NODE_ID":4221,"GLOBALID":"ffc0bcf9-215f-40a5-8679-72b36b3abffa","CREATEDDATE":1520794199000,"LASTUPDATE":1643921051000}},{"type":"Feature","id":3376,"geometry":{"type":"Point","coordinates":[-89.2497431675508,48.3936660030121]},"properties":{"OBJECTID":3376,"LOC_ID":"FC0260","FDMID":255,"X_COORD":333465.92073,"Y_COORD":5362500.14167,"BEAT":"S 9","ROT_ANGLE":0,"NODE_ID":5401,"GLOBALID":"d97f44db-5d9d-4444-a3d9-1d60b14672d2","CREATEDDATE":1520794199000,"LASTUPDATE":1643921051000}},{"type":"Feature","id":3377,"geometry":{"type":"Point","coordinates":[-89.2775497917205,48.3879461773621]},"properties":{"OBJECTID":3377,"LOC_ID":"FC0924","FDMID":915,"X_COORD":331388.77154,"Y_COORD":5361925.26526,"BEAT":"S 4","ROT_ANGLE":0,"NODE_ID":3114,"GLOBALID":"5b35690a-1479-4572-b239-8300a50b6a48","CREATEDDATE":1520794199000,"LASTUPDATE":1643921051000}},{"type":"Feature","id":3378,"geometry":{"type":"Point","coordinates":[-89.3110569701382,48.38442213984]},"properties":{"OBJECTID":3378,"LOC_ID":"NC0554","FDMID":3480,"X_COORD":328896.51375,"Y_COORD":5361607.89259,"BEAT":"S 13","ROT_ANGLE":0,"NODE_ID":2776,"GLOBALID":"5dbc9f0d-6f1a-448b-93ac-49859d9c90a4","CREATEDDATE":1520794199000,"LASTUPDATE":1643921051000}},{"type":"Feature","id":3379,"geometry":{"type":"Point","coordinates":[-89.2963457238693,48.3823952301038]},"properties":{"OBJECTID":3379,"LOC_ID":"FC0838","FDMID":829,"X_COORD":329978.8751,"Y_COORD":5361349.85994,"BEAT":"S 2","ROT_ANGLE":0,"NODE_ID":2140,"GLOBALID":"9b582a23-878f-4125-8259-d0c4a36c5a5c","CREATEDDATE":1520794199000,"LASTUPDATE":1643921051000}},{"type":"Feature","id":3380,"geometry":{"type":"Point","coordinates":[-89.2857857296347,48.3824057980262]},"properties":{"OBJECTID":3380,"LOC_ID":"FC0837","FDMID":828,"X_COORD":330760.71804,"Y_COORD":5361327.65297,"BEAT":"S 5","ROT_ANGLE":0,"NODE_ID":6248,"GLOBALID":"aebe2e8f-7f04-4a57-84ef-e27b318ea425","CREATEDDATE":1520794199000,"LASTUPDATE":1643921051000}},{"type":"Feature","id":3381,"geometry":{"type":"Point","coordinates":[-89.3406713609959,48.3807239972366]},"properties":{"OBJECTID":3381,"LOC_ID":"NC0028","FDMID":1206,"X_COORD":326691.5389,"Y_COORD":5361263.47582,"BEAT":"S 13","ROT_ANGLE":0,"NODE_ID":1603,"GLOBALID":"ccda1c01-e23a-4c7a-b852-7524a45c05e9","CREATEDDATE":1520794199000,"LASTUPDATE":1643921051000}},{"type":"Feature","id":3382,"geometry":{"type":"Point","coordinates":[-89.2537859453424,48.3767051808237]},"properties":{"OBJECTID":3382,"LOC_ID":"FC0459","FDMID":451,"X_COORD":333111.18844,"Y_COORD":5360623.8483,"BEAT":"S 10","ROT_ANGLE":0,"NODE_ID":5787,"GLOBALID":"d4e6dd36-072c-4bec-b0a2-1a755a187532","CREATEDDATE":1520794199000,"LASTUPDATE":1643921051000}},{"type":"Feature","id":3383,"geometry":{"type":"Point","coordinates":[-89.269083073585,48.3773212186973]},"properties":{"OBJECTID":3383,"LOC_ID":"FC0387","FDMID":381,"X_COORD":331982.03132,"Y_COORD":5360725.60292,"BEAT":"S 7","ROT_ANGLE":0,"NODE_ID":265,"GLOBALID":"b38562e0-7d6f-406e-acaf-b917bc6315ab","CREATEDDATE":1520794199000,"LASTUPDATE":1643921051000}},{"type":"Feature","id":3384,"geometry":{"type":"Point","coordinates":[-89.3593360046972,48.3731138017283]},"properties":{"OBJECTID":3384,"LOC_ID":"NC0530","FDMID":3456,"X_COORD":325283.618,"Y_COORD":5360460.0618,"BEAT":"S 13","ROT_ANGLE":0,"NODE_ID":3907,"GLOBALID":"8a331519-1735-4c03-815f-c82f34c552c5","CREATEDDATE":1520794199000,"LASTUPDATE":1643921051000}},{"type":"Feature","id":3385,"geometry":{"type":"Point","coordinates":[-89.2602842633334,48.3744325182975]},"properties":{"OBJECTID":3385,"LOC_ID":"FC0779","FDMID":770,"X_COORD":332622.57327,"Y_COORD":5360385.4355,"BEAT":"S 8","ROT_ANGLE":0,"NODE_ID":5465,"GLOBALID":"81731ebd-fdbb-447c-8826-1b00deb8b863","CREATEDDATE":1520794199000,"LASTUPDATE":1643921051000}},{"type":"Feature","id":3386,"geometry":{"type":"Point","coordinates":[-89.2702066933177,48.3732506688189]},"properties":{"OBJECTID":3386,"LOC_ID":"FC0444","FDMID":437,"X_COORD":331883.96105,"Y_COORD":5360275.81271,"BEAT":"S 8","ROT_ANGLE":0,"NODE_ID":9218,"GLOBALID":"b8c6c7eb-4ac0-49a8-b26d-6d864b5d75e8","CREATEDDATE":1520794199000,"LASTUPDATE":1643921051000}},{"type":"Feature","id":3387,"geometry":{"type":"Point","coordinates":[-89.2590923060412,48.3727320017734]},"properties":{"OBJECTID":3387,"LOC_ID":"FC0683","FDMID":674,"X_COORD":332705.25718,"Y_COORD":5360193.82922,"BEAT":"S 8","ROT_ANGLE":0,"NODE_ID":1776,"GLOBALID":"8a0ad8e6-b50c-4bbf-8034-21f81f865481","CREATEDDATE":1520794199000,"LASTUPDATE":1643921051000}},{"type":"Feature","id":3388,"geometry":{"type":"Point","coordinates":[-89.2472220167779,48.3698130795383]},"properties":{"OBJECTID":3388,"LOC_ID":"FP0041","FDMID":1162,"X_COORD":333574.73148,"Y_COORD":5359843.55697,"BEAT":"S 12","ROT_ANGLE":0,"NODE_ID":9744,"GLOBALID":"0736ad09-857f-492c-b99f-accfa03cca96","CREATEDDATE":1520794199000,"LASTUPDATE":1643921051000}},{"type":"Feature","id":3389,"geometry":{"type":"Point","coordinates":[-89.2668139373047,48.3704488172424]},"properties":{"OBJECTID":3389,"LOC_ID":"FC0163","FDMID":159,"X_COORD":332125.97065,"Y_COORD":5359956.96215,"BEAT":"S 8","ROT_ANGLE":0,"NODE_ID":3546,"GLOBALID":"f1c1ec1d-c0de-4407-b1f6-3b9f16822d99","CREATEDDATE":1520794199000,"LASTUPDATE":1643921051000}},{"type":"Feature","id":3390,"geometry":{"type":"Point","coordinates":[-89.36118064872,48.3650079351174]},"properties":{"OBJECTID":3390,"LOC_ID":"NC0056","FDMID":1234,"X_COORD":325119.26856,"Y_COORD":5359563.3601,"BEAT":"S 14","ROT_ANGLE":0,"NODE_ID":3748,"GLOBALID":"435b0e5f-14e3-4189-9111-f438e8ed8875","CREATEDDATE":1520794199000,"LASTUPDATE":1643921051000}},{"type":"Feature","id":3391,"geometry":{"type":"Point","coordinates":[-89.3816591604153,48.363617651788]},"properties":{"OBJECTID":3391,"LOC_ID":"NC0298","FDMID":1474,"X_COORD":323597.83599,"Y_COORD":5359455.78378,"BEAT":"S 14","ROT_ANGLE":0,"NODE_ID":8028,"GLOBALID":"68b26f23-7b72-4db4-96ae-bfd6951c517c","CREATEDDATE":1520794199000,"LASTUPDATE":1643921051000}},{"type":"Feature","id":3392,"geometry":{"type":"Point","coordinates":[-89.3252386849039,48.3541102734208]},"properties":{"OBJECTID":3392,"LOC_ID":"NC0136","FDMID":1314,"X_COORD":327744.39778,"Y_COORD":5358270.73649,"BEAT":"S 15","ROT_ANGLE":0,"NODE_ID":8772,"GLOBALID":"2b7e6e3c-9d32-4b49-810c-a83154a2d396","CREATEDDATE":1520794199000,"LASTUPDATE":1643921051000}},{"type":"Feature","id":3393,"geometry":{"type":"Point","coordinates":[-89.3536966377541,48.3519377383186]},"properties":{"OBJECTID":3393,"LOC_ID":"NC0111","FDMID":1290,"X_COORD":325628.92335,"Y_COORD":5358093.64413,"BEAT":"S 15","ROT_ANGLE":0,"NODE_ID":1600,"GLOBALID":"ea919654-31a5-47e7-9450-c1e86a1b17a4","CREATEDDATE":1520794199000,"LASTUPDATE":1643921051000}},{"type":"Feature","id":3394,"geometry":{"type":"Point","coordinates":[-89.3368657023364,48.3169144002765]},"properties":{"OBJECTID":3394,"LOC_ID":"NC0430","FDMID":1604,"X_COORD":326757.09564,"Y_COORD":5354162.91799,"BEAT":"S 17","ROT_ANGLE":0,"NODE_ID":4107,"GLOBALID":"ab8da139-6964-4de0-b8a4-276d7ba60b8c","CREATEDDATE":1520794199000,"LASTUPDATE":1643921051000}},{"type":"Feature","id":3395,"geometry":{"type":"Point","coordinates":[-89.2470805438194,48.4605030632045]},"properties":{"OBJECTID":3395,"LOC_ID":"MC0103","FDMID":3100,"X_COORD":333881.04726,"Y_COORD":5369922.89982,"BEAT":"N 12","ROT_ANGLE":0,"NODE_ID":2480,"GLOBALID":"a121b9c3-ead6-4fff-8170-5aa47952c1c0","CREATEDDATE":1520794199000,"LASTUPDATE":1643921051000}},{"type":"Feature","id":3396,"geometry":{"type":"Point","coordinates":[-89.2647613033913,48.4557098364651]},"properties":{"OBJECTID":3396,"LOC_ID":"MC0139","FDMID":3136,"X_COORD":332558.28015,"Y_COORD":5369428.70053,"BEAT":"N 15","ROT_ANGLE":0,"NODE_ID":2624,"GLOBALID":"21ff69fe-ef95-4b78-8087-1d307a85a28f","CREATEDDATE":1520794199000,"LASTUPDATE":1643921051000}},{"type":"Feature","id":3397,"geometry":{"type":"Point","coordinates":[-89.2797966722724,48.4528195469773]},"properties":{"OBJECTID":3397,"LOC_ID":"MC0274","FDMID":3428,"X_COORD":331437.15862,"Y_COORD":5369140.47064,"BEAT":"N 15","ROT_ANGLE":0,"NODE_ID":7207,"GLOBALID":"442cf062-56e7-411a-ac81-ab607e1f99d7","CREATEDDATE":1520794199000,"LASTUPDATE":1643921051000}},{"type":"Feature","id":3398,"geometry":{"type":"Point","coordinates":[-89.278887841579,48.4503156655217]},"properties":{"OBJECTID":3398,"LOC_ID":"MC0259","FDMID":3413,"X_COORD":331496.06524,"Y_COORD":5368860.17778,"BEAT":"N 15","ROT_ANGLE":0,"NODE_ID":8614,"GLOBALID":"ca6684d1-d53c-4b21-8bf5-9ad4eb254227","CREATEDDATE":1520794199000,"LASTUPDATE":1643921051000}},{"type":"Feature","id":3399,"geometry":{"type":"Point","coordinates":[-89.2618658133177,48.4500835564073]},"properties":{"OBJECTID":3399,"LOC_ID":"MC0036","FDMID":3033,"X_COORD":332754.43068,"Y_COORD":5368797.55454,"BEAT":"N 13","ROT_ANGLE":0,"NODE_ID":7135,"GLOBALID":"ad24bbd1-d68b-4b95-8429-75a60592d15b","CREATEDDATE":1520794199000,"LASTUPDATE":1643921051000}},{"type":"Feature","id":3400,"geometry":{"type":"Point","coordinates":[-89.2342848125696,48.4480639189998]},"properties":{"OBJECTID":3400,"LOC_ID":"PC0854","FDMID":2570,"X_COORD":334786.57353,"Y_COORD":5368512.65598,"BEAT":"N 5","ROT_ANGLE":0,"NODE_ID":5981,"GLOBALID":"2d8a3d82-a1cf-42f6-a1b4-25859dc8aa8d","CREATEDDATE":1520794199000,"LASTUPDATE":1643921051000}},{"type":"Feature","id":3401,"geometry":{"type":"Point","coordinates":[-89.2340218246405,48.4463436471313]},"properties":{"OBJECTID":3401,"LOC_ID":"PC0362","FDMID":2085,"X_COORD":334800.43721,"Y_COORD":5368320.89048,"BEAT":"N 5","ROT_ANGLE":0,"NODE_ID":6532,"GLOBALID":"131d98ba-a604-4feb-be25-0fd214620d41","CREATEDDATE":1520794199000,"LASTUPDATE":1643921051000}},{"type":"Feature","id":3402,"geometry":{"type":"Point","coordinates":[-89.2147306567912,48.446152617305]},"properties":{"OBJECTID":3402,"LOC_ID":"PC0101","FDMID":1824,"X_COORD":336226.28912,"Y_COORD":5368258.18046,"BEAT":"N 10","ROT_ANGLE":0,"NODE_ID":8566,"GLOBALID":"00e62b93-8525-49cf-b160-343511a645c2","CREATEDDATE":1520794199000,"LASTUPDATE":1643921052000}},{"type":"Feature","id":3403,"geometry":{"type":"Point","coordinates":[-89.2201822866389,48.4410189375508]},"properties":{"OBJECTID":3403,"LOC_ID":"PC0300","FDMID":2023,"X_COORD":335808.31715,"Y_COORD":5367697.86174,"BEAT":"N 6","ROT_ANGLE":0,"NODE_ID":5713,"GLOBALID":"3c23ff24-18f3-4afe-811f-9ef1121c305c","CREATEDDATE":1520794199000,"LASTUPDATE":1643921052000}},{"type":"Feature","id":3404,"geometry":{"type":"Point","coordinates":[-89.2716191841486,48.433127230698]},"properties":{"OBJECTID":3404,"LOC_ID":"PC0411","FDMID":2134,"X_COORD":331976.77564,"Y_COORD":5366933.80133,"BEAT":"N 4","ROT_ANGLE":0,"NODE_ID":9129,"GLOBALID":"5cfa7559-17f5-4b4d-91a4-d474a06c1f5c","CREATEDDATE":1520794199000,"LASTUPDATE":1643921052000}},{"type":"Feature","id":3405,"geometry":{"type":"Point","coordinates":[-89.25251178632,48.4313139712801]},"properties":{"OBJECTID":3405,"LOC_ID":"PC0621","FDMID":2340,"X_COORD":333384.86831,"Y_COORD":5366706.60312,"BEAT":"N 5","ROT_ANGLE":0,"NODE_ID":5184,"GLOBALID":"ff951507-783d-4b6b-906c-0ddc9ebc0c6f","CREATEDDATE":1520794199000,"LASTUPDATE":1643921052000}},{"type":"Feature","id":3406,"geometry":{"type":"Point","coordinates":[-89.2700744100899,48.4246986454997]},"properties":{"OBJECTID":3406,"LOC_ID":"PP0220","FDMID":3703,"X_COORD":332063.25219,"Y_COORD":5365993.61419,"BEAT":"N 1","ROT_ANGLE":0,"NODE_ID":1522,"GLOBALID":"ba546997-1ef9-47f1-9863-1dcda13988e0","CREATEDDATE":1520794199000,"LASTUPDATE":1643921052000}},{"type":"Feature","id":3407,"geometry":{"type":"Point","coordinates":[-89.2357170057832,48.4202841753573]},"properties":{"OBJECTID":3407,"LOC_ID":"PC0671","FDMID":2390,"X_COORD":334590.51056,"Y_COORD":5365428.15985,"BEAT":"N 3","ROT_ANGLE":0,"NODE_ID":207,"GLOBALID":"2f68bc04-5455-40ff-adcf-caa69b6bff6f","CREATEDDATE":1520794199000,"LASTUPDATE":1643921052000}},{"type":"Feature","id":3408,"geometry":{"type":"Point","coordinates":[-89.225597557132,48.4163983574633]},"properties":{"OBJECTID":3408,"LOC_ID":"PP0173","FDMID":2409,"X_COORD":335326.60041,"Y_COORD":5364974.4618,"BEAT":"N 14","ROT_ANGLE":0,"NODE_ID":8708,"GLOBALID":"bd219d04-a5ca-4cca-a7ad-7343723cc925","CREATEDDATE":1520794199000,"LASTUPDATE":1643921052000}},{"type":"Feature","id":3409,"geometry":{"type":"Point","coordinates":[-89.2489662430276,48.4087346212162]},"properties":{"OBJECTID":3409,"LOC_ID":"PP0144","FDMID":3366,"X_COORD":333572.6118,"Y_COORD":5364173.23352,"BEAT":"N 2","ROT_ANGLE":0,"NODE_ID":10416,"GLOBALID":"67d44ee8-89d8-4073-a08b-584273c74970","CREATEDDATE":1520794199000,"LASTUPDATE":1643921052000}},{"type":"Feature","id":3410,"geometry":{"type":"Point","coordinates":[-89.2370619861697,48.4102352916448]},"properties":{"OBJECTID":3410,"LOC_ID":"PC0793","FDMID":2510,"X_COORD":334458.37027,"Y_COORD":5364314.19608,"BEAT":"N 2","ROT_ANGLE":0,"NODE_ID":8705,"GLOBALID":"c42cee40-b440-4bbf-8cf6-1482a0f5c685","CREATEDDATE":1520794199000,"LASTUPDATE":1644351248000}},{"type":"Feature","id":3411,"geometry":{"type":"Point","coordinates":[-89.2767866812523,48.4010561528464]},"properties":{"OBJECTID":3411,"LOC_ID":"FC1123","FDMID":1112,"X_COORD":331488.57289,"Y_COORD":5363380.66059,"BEAT":"S 1","ROT_ANGLE":0,"NODE_ID":3634,"GLOBALID":"0c13bd7f-19db-49c4-bc30-11faae774d0a","CREATEDDATE":1520794199000,"LASTUPDATE":1643921052000}},{"type":"Feature","id":3412,"geometry":{"type":"Point","coordinates":[-89.2801202403681,48.3995912447878]},"properties":{"OBJECTID":3412,"LOC_ID":"FC1074","FDMID":1065,"X_COORD":331237.01116,"Y_COORD":5363225.18846,"BEAT":"S 1","ROT_ANGLE":0,"NODE_ID":10577,"GLOBALID":"756eccbc-e88c-4b0c-81be-9b3b6494dd0c","CREATEDDATE":1520794199000,"LASTUPDATE":1643921052000}},{"type":"Feature","id":3413,"geometry":{"type":"Point","coordinates":[-89.235124278659,48.3972074408693]},"properties":{"OBJECTID":3413,"LOC_ID":"FC0055","FDMID":34,"X_COORD":334559.48028,"Y_COORD":5362862.0522,"BEAT":"S 11","ROT_ANGLE":0,"NODE_ID":3254,"GLOBALID":"7ae64d93-33db-4034-989b-5c45af5ec52e","CREATEDDATE":1520794199000,"LASTUPDATE":1643921052000}},{"type":"Feature","id":3414,"geometry":{"type":"Point","coordinates":[-89.29129479895,48.3951270459445]},"properties":{"OBJECTID":3414,"LOC_ID":"FC1042","FDMID":1033,"X_COORD":330395.12444,"Y_COORD":5362753.71761,"BEAT":"S 4","ROT_ANGLE":0,"NODE_ID":5696,"GLOBALID":"9404f4ee-ddce-43c4-97a7-b6a111a566d2","CREATEDDATE":1520794199000,"LASTUPDATE":1643921052000}},{"type":"Feature","id":3415,"geometry":{"type":"Point","coordinates":[-89.2373846451595,48.3889496756343]},"properties":{"OBJECTID":3415,"LOC_ID":"FC1165","FDMID":3577,"X_COORD":334368.25443,"Y_COORD":5361954.41854,"BEAT":"S 11","ROT_ANGLE":0,"NODE_ID":9680,"GLOBALID":"e9320c61-9c55-498f-8522-bb626895549b","CREATEDDATE":1520794199000,"LASTUPDATE":1670877073000}},{"type":"Feature","id":3416,"geometry":{"type":"Point","coordinates":[-89.2932622612599,48.3908399797165]},"properties":{"OBJECTID":3416,"LOC_ID":"FC1052","FDMID":1043,"X_COORD":330235.24374,"Y_COORD":5362281.60753,"BEAT":"S 1","ROT_ANGLE":0,"NODE_ID":7180,"GLOBALID":"da4d7e6a-6b9c-490d-a4f0-8497955d9055","CREATEDDATE":1520794199000,"LASTUPDATE":1643921052000}},{"type":"Feature","id":3417,"geometry":{"type":"Point","coordinates":[-89.35566667697,48.3858256160635]},"properties":{"OBJECTID":3417,"LOC_ID":"NC0419","FDMID":1593,"X_COORD":325598.7558,"Y_COORD":5361864.53387,"BEAT":"S 13","ROT_ANGLE":0,"NODE_ID":8789,"GLOBALID":"e99262a7-9707-4b30-ab76-281c74ddf236","CREATEDDATE":1520794199000,"LASTUPDATE":1643921052000}},{"type":"Feature","id":3418,"geometry":{"type":"Point","coordinates":[-89.2800771437913,48.3872214369816]},"properties":{"OBJECTID":3418,"LOC_ID":"FC0900","FDMID":891,"X_COORD":331177.68188,"Y_COORD":5361849.19972,"BEAT":"S 5","ROT_ANGLE":0,"NODE_ID":2070,"GLOBALID":"6c358eff-2412-4e99-a0ae-7c373d1d4f22","CREATEDDATE":1520794199000,"LASTUPDATE":1643921052000}},{"type":"Feature","id":3419,"geometry":{"type":"Point","coordinates":[-89.2867413823091,48.3867228182619]},"properties":{"OBJECTID":3419,"LOC_ID":"FC0802","FDMID":793,"X_COORD":330704.28386,"Y_COORD":5361809.57348,"BEAT":"S 5","ROT_ANGLE":0,"NODE_ID":1318,"GLOBALID":"62841931-4172-4d2c-9249-60d08875f2f4","CREATEDDATE":1520794199000,"LASTUPDATE":1643921052000}},{"type":"Feature","id":3420,"geometry":{"type":"Point","coordinates":[-89.2400476465268,48.3859646547612]},"properties":{"OBJECTID":3420,"LOC_ID":"FC0340","FDMID":335,"X_COORD":334154.77884,"Y_COORD":5361622.37809,"BEAT":"S 11","ROT_ANGLE":0,"NODE_ID":8535,"GLOBALID":"55db196f-3918-48f4-8604-b7e438dbecb8","CREATEDDATE":1520794199000,"LASTUPDATE":1670875164000}},{"type":"Feature","id":3421,"geometry":{"type":"Point","coordinates":[-89.3393281885162,48.3842278752374]},"properties":{"OBJECTID":3421,"LOC_ID":"NC0280","FDMID":1456,"X_COORD":326802.87356,"Y_COORD":5361649.86967,"BEAT":"S 13","ROT_ANGLE":0,"NODE_ID":1385,"GLOBALID":"4161f480-e85a-4259-8bc5-a7daadd42e2d","CREATEDDATE":1520794199000,"LASTUPDATE":1643921052000}},{"type":"Feature","id":3422,"geometry":{"type":"Point","coordinates":[-89.3457274950658,48.3806685805596]},"properties":{"OBJECTID":3422,"LOC_ID":"NC0039","FDMID":1217,"X_COORD":326317.00629,"Y_COORD":5361268.77476,"BEAT":"S 13","ROT_ANGLE":0,"NODE_ID":9924,"GLOBALID":"880024d7-8be2-4b33-843e-402ff8e2258a","CREATEDDATE":1520794199000,"LASTUPDATE":1643921052000}},{"type":"Feature","id":3423,"geometry":{"type":"Point","coordinates":[-89.2619251813225,48.3824147802932]},"properties":{"OBJECTID":3423,"LOC_ID":"FC0205","FDMID":201,"X_COORD":332527.27139,"Y_COORD":5361276.20081,"BEAT":"S 8","ROT_ANGLE":0,"NODE_ID":2237,"GLOBALID":"5560d79e-1006-444e-9d99-156594219e6d","CREATEDDATE":1520794199000,"LASTUPDATE":1643921052000}},{"type":"Feature","id":3424,"geometry":{"type":"Point","coordinates":[-89.3176813055795,48.380706556781]},"properties":{"OBJECTID":3424,"LOC_ID":"NC0009","FDMID":1187,"X_COORD":328393.60201,"Y_COORD":5361209.75217,"BEAT":"S 13","ROT_ANGLE":0,"NODE_ID":10423,"GLOBALID":"02b0e867-cb7b-49bc-8ba4-7c730b063f38","CREATEDDATE":1520794199000,"LASTUPDATE":1643921052000}},{"type":"Feature","id":3425,"geometry":{"type":"Point","coordinates":[-89.2948865232916,48.3785891588843]},"properties":{"OBJECTID":3425,"LOC_ID":"FC0891","FDMID":882,"X_COORD":330076.04911,"Y_COORD":5360925.89988,"BEAT":"S 2","ROT_ANGLE":0,"NODE_ID":8455,"GLOBALID":"865d200c-07ba-4968-b104-7e97ad222e2f","CREATEDDATE":1520794199000,"LASTUPDATE":1643921052000}},{"type":"Feature","id":3426,"geometry":{"type":"Point","coordinates":[-89.2725343326416,48.3807380023843]},"properties":{"OBJECTID":3426,"LOC_ID":"FC0042","FDMID":21,"X_COORD":331726.22153,"Y_COORD":5361113.41297,"BEAT":"S 7","ROT_ANGLE":0,"NODE_ID":7983,"GLOBALID":"c66685f3-3c5c-445b-8860-e75b68c4aea9","CREATEDDATE":1520794199000,"LASTUPDATE":1643921052000}},{"type":"Feature","id":3427,"geometry":{"type":"Point","coordinates":[-89.3695224592774,48.3765240397343]},"properties":{"OBJECTID":3427,"LOC_ID":"NC0239","FDMID":1415,"X_COORD":324541.05135,"Y_COORD":5360862.36478,"BEAT":"S 13","ROT_ANGLE":0,"NODE_ID":9357,"GLOBALID":"877b77eb-5b0c-47dd-a231-afc63e23bedf","CREATEDDATE":1520794199000,"LASTUPDATE":1643921052000}},{"type":"Feature","id":3428,"geometry":{"type":"Point","coordinates":[-89.3738231464797,48.3736794782872]},"properties":{"OBJECTID":3428,"LOC_ID":"NC0546","FDMID":3472,"X_COORD":324212.82197,"Y_COORD":5360556.07076,"BEAT":"S 14","ROT_ANGLE":0,"NODE_ID":6688,"GLOBALID":"ac658de9-403c-421d-8083-9ae2eabc2da0","CREATEDDATE":1520794199000,"LASTUPDATE":1643921052000}},{"type":"Feature","id":3429,"geometry":{"type":"Point","coordinates":[-89.3763500649121,48.3738788027572]},"properties":{"OBJECTID":3429,"LOC_ID":"NC0544","FDMID":3470,"X_COORD":324026.39714,"Y_COORD":5360584.02519,"BEAT":"S 14","ROT_ANGLE":0,"NODE_ID":7425,"GLOBALID":"c4e60354-91cc-47a8-8b21-1e7d23adc18a","CREATEDDATE":1520794199000,"LASTUPDATE":1643921052000}},{"type":"Feature","id":3430,"geometry":{"type":"Point","coordinates":[-89.2629555104635,48.3767027771767]},"properties":{"OBJECTID":3430,"LOC_ID":"FC0540","FDMID":532,"X_COORD":332430.12988,"Y_COORD":5360643.71518,"BEAT":null,"ROT_ANGLE":0,"NODE_ID":1106,"GLOBALID":"d78142d9-e9b6-40f1-92d4-951fded539b1","CREATEDDATE":1520794199000,"LASTUPDATE":1670358536000}},{"type":"Feature","id":3431,"geometry":{"type":"Point","coordinates":[-89.2736233322124,48.3729290381566]},"properties":{"OBJECTID":3431,"LOC_ID":"FC0671","FDMID":663,"X_COORD":331629.90665,"Y_COORD":5360247.57182,"BEAT":"S 7","ROT_ANGLE":0,"NODE_ID":5615,"GLOBALID":"cf2ba281-7411-4ab2-90bd-196c260b47a4","CREATEDDATE":1520794199000,"LASTUPDATE":1644008255000}},{"type":"Feature","id":3432,"geometry":{"type":"Point","coordinates":[-89.2640027776694,48.3727099265261]},"properties":{"OBJECTID":3432,"LOC_ID":"FC0126","FDMID":119,"X_COORD":332341.57052,"Y_COORD":5360202.11287,"BEAT":"S 8","ROT_ANGLE":0,"NODE_ID":6323,"GLOBALID":"38ee5e5f-c491-4b73-844a-1e6dca092caa","CREATEDDATE":1520794199000,"LASTUPDATE":1643921052000}},{"type":"Feature","id":3433,"geometry":{"type":"Point","coordinates":[-89.2935337151441,48.3712826233451]},"properties":{"OBJECTID":3433,"LOC_ID":"FC0089","FDMID":82,"X_COORD":330150.09634,"Y_COORD":5360108.53668,"BEAT":"S 2","ROT_ANGLE":0,"NODE_ID":9273,"GLOBALID":"336646cf-f363-40f0-9b46-0a6f4e1a0580","CREATEDDATE":1520794199000,"LASTUPDATE":1644003669000}},{"type":"Feature","id":3434,"geometry":{"type":"Point","coordinates":[-89.3046289499928,48.3704110540705]},"properties":{"OBJECTID":3434,"LOC_ID":"FC0370","FDMID":365,"X_COORD":329325.12329,"Y_COORD":5360038.77002,"BEAT":"S 2","ROT_ANGLE":0,"NODE_ID":268,"GLOBALID":"5494c4e9-0d1a-4c25-8e52-1002d5151429","CREATEDDATE":1520794199000,"LASTUPDATE":1643921052000}},{"type":"Feature","id":3435,"geometry":{"type":"Point","coordinates":[-89.2976012137542,48.3705717335803]},"properties":{"OBJECTID":3435,"LOC_ID":"FC0179","FDMID":175,"X_COORD":329846.51849,"Y_COORD":5360038.55191,"BEAT":"S 2","ROT_ANGLE":0,"NODE_ID":3173,"GLOBALID":"c7d1420f-6780-49ea-b5a2-8f2792070e2d","CREATEDDATE":1520794199000,"LASTUPDATE":1643921052000}},{"type":"Feature","id":3436,"geometry":{"type":"Point","coordinates":[-89.3755609927375,48.3679347789773]},"properties":{"OBJECTID":3436,"LOC_ID":"NC0441","FDMID":1614,"X_COORD":324064.3517,"Y_COORD":5359921.57783,"BEAT":"S 14","ROT_ANGLE":0,"NODE_ID":10516,"GLOBALID":"f24f1c98-68cc-4c8a-997f-96907c39fb81","CREATEDDATE":1520794199000,"LASTUPDATE":1643921052000}},{"type":"Feature","id":3437,"geometry":{"type":"Point","coordinates":[-89.3530746080974,48.3636791244283]},"properties":{"OBJECTID":3437,"LOC_ID":"NC0653","FDMID":1702,"X_COORD":325715.06658,"Y_COORD":5359397.20023,"BEAT":"S 15","ROT_ANGLE":0,"NODE_ID":2766,"GLOBALID":"8a483600-e5c6-4ace-9a92-44e725e53cfe","CREATEDDATE":1520794199000,"LASTUPDATE":1643921053000}},{"type":"Feature","id":3438,"geometry":{"type":"Point","coordinates":[-89.3721533129122,48.3661414839992]},"properties":{"OBJECTID":3438,"LOC_ID":"NC0076","FDMID":1254,"X_COORD":324310.53947,"Y_COORD":5359714.44721,"BEAT":"S 14","ROT_ANGLE":0,"NODE_ID":3219,"GLOBALID":"3f832757-43d3-47c2-be1b-bd208c0110c6","CREATEDDATE":1520794199000,"LASTUPDATE":1643921053000}},{"type":"Feature","id":3439,"geometry":{"type":"Point","coordinates":[-89.3773819036079,48.3655202629244]},"properties":{"OBJECTID":3439,"LOC_ID":"NC0470","FDMID":1643,"X_COORD":323921.17858,"Y_COORD":5359657.40554,"BEAT":"S 14","ROT_ANGLE":0,"NODE_ID":7988,"GLOBALID":"c791ad55-be29-4c00-90da-6d5a373ce9df","CREATEDDATE":1520794199000,"LASTUPDATE":1643921053000}},{"type":"Feature","id":3440,"geometry":{"type":"Point","coordinates":[-89.3016662326555,48.3661266332539]},"properties":{"OBJECTID":3440,"LOC_ID":"FC0304","FDMID":299,"X_COORD":329528.24162,"Y_COORD":5359553.6234,"BEAT":"S 3","ROT_ANGLE":0,"NODE_ID":5212,"GLOBALID":"8ea33a46-323d-478d-b914-81af0fbdbd65","CREATEDDATE":1520794199000,"LASTUPDATE":1644003770000}},{"type":"Feature","id":3441,"geometry":{"type":"Point","coordinates":[-89.2812009347888,48.3650096192774]},"properties":{"OBJECTID":3441,"LOC_ID":"FC0290","FDMID":285,"X_COORD":331042.5999,"Y_COORD":5359384.06948,"BEAT":"S 6","ROT_ANGLE":0,"NODE_ID":10182,"GLOBALID":"6e8f8cd7-752b-42d0-be21-3407bf2747a3","CREATEDDATE":1520794199000,"LASTUPDATE":1643921053000}},{"type":"Feature","id":3442,"geometry":{"type":"Point","coordinates":[-89.3571405395382,48.3626121899784]},"properties":{"OBJECTID":3442,"LOC_ID":"NC0203","FDMID":1380,"X_COORD":325410.28885,"Y_COORD":5359287.87645,"BEAT":"S 15","ROT_ANGLE":0,"NODE_ID":4985,"GLOBALID":"536290c9-559d-47fa-a164-9551f784c161","CREATEDDATE":1520794199000,"LASTUPDATE":1643921053000}},{"type":"Feature","id":3443,"geometry":{"type":"Point","coordinates":[-89.3082984839051,48.3625786345302]},"properties":{"OBJECTID":3443,"LOC_ID":"NC0180","FDMID":1357,"X_COORD":329031.10524,"Y_COORD":5359182.0458,"BEAT":"S 3","ROT_ANGLE":0,"NODE_ID":9505,"GLOBALID":"9862366c-0520-4f2d-bd5f-727f6da42c35","CREATEDDATE":1520794199000,"LASTUPDATE":1643921053000}},{"type":"Feature","id":3444,"geometry":{"type":"Point","coordinates":[-89.3333918554884,48.3431809900222]},"properties":{"OBJECTID":3444,"LOC_ID":"NC0159","FDMID":1336,"X_COORD":327103.4708,"Y_COORD":5357074.38807,"BEAT":"S 15","ROT_ANGLE":0,"NODE_ID":4699,"GLOBALID":"08212794-e192-4b73-a008-cf6912e9131c","CREATEDDATE":1520794199000,"LASTUPDATE":1643921053000}},{"type":"Feature","id":3445,"geometry":{"type":"Point","coordinates":[-89.3321696813376,48.348307724688]},"properties":{"OBJECTID":3445,"LOC_ID":"NC0154","FDMID":1332,"X_COORD":327211.35791,"Y_COORD":5357641.42961,"BEAT":"S 15","ROT_ANGLE":0,"NODE_ID":8047,"GLOBALID":"6fe4e393-6107-4e84-9329-43550914d1e5","CREATEDDATE":1520794199000,"LASTUPDATE":1643921053000}},{"type":"Feature","id":3446,"geometry":{"type":"Point","coordinates":[-89.3445984594681,48.3408244090121]},"properties":{"OBJECTID":3446,"LOC_ID":"NC0287","FDMID":1463,"X_COORD":326265.13327,"Y_COORD":5356837.8177,"BEAT":"S 16","ROT_ANGLE":0,"NODE_ID":8345,"GLOBALID":"f7381a44-670a-454a-8762-d52b39fa7559","CREATEDDATE":1520794199000,"LASTUPDATE":1643921053000}},{"type":"Feature","id":3447,"geometry":{"type":"Point","coordinates":[-89.3480396440532,48.3392330220359]},"properties":{"OBJECTID":3447,"LOC_ID":"NC0244","FDMID":1420,"X_COORD":326004.73826,"Y_COORD":5356668.75428,"BEAT":"S 16","ROT_ANGLE":0,"NODE_ID":2055,"GLOBALID":"c8ece5b5-5b74-4c7d-8ca4-345ca1ed76fc","CREATEDDATE":1520794199000,"LASTUPDATE":1643921053000}},{"type":"Feature","id":3448,"geometry":{"type":"Point","coordinates":[-89.3273945909041,48.3242773422469]},"properties":{"OBJECTID":3448,"LOC_ID":"NC0349","FDMID":1524,"X_COORD":327484.03477,"Y_COORD":5354959.89181,"BEAT":"S 17","ROT_ANGLE":0,"NODE_ID":2397,"GLOBALID":"39f32a2a-fc1c-4d29-91b2-d41bc060c3aa","CREATEDDATE":1520794199000,"LASTUPDATE":1643921053000}},{"type":"Feature","id":3449,"geometry":{"type":"Point","coordinates":[-89.3249127533388,48.324994241283]},"properties":{"OBJECTID":3449,"LOC_ID":"NC0381","FDMID":1556,"X_COORD":327670.40457,"Y_COORD":5355033.98794,"BEAT":"S 17","ROT_ANGLE":0,"NODE_ID":10193,"GLOBALID":"d8a78bb0-f01c-4f8e-be72-78863cf838d2","CREATEDDATE":1520794199000,"LASTUPDATE":1643921053000}},{"type":"Feature","id":3450,"geometry":{"type":"Point","coordinates":[-89.2744001538871,48.4519287670818]},"properties":{"OBJECTID":3450,"LOC_ID":"MC0250","FDMID":3371,"X_COORD":331833.20086,"Y_COORD":5369029.5932,"BEAT":"N 15","ROT_ANGLE":0,"NODE_ID":10224,"GLOBALID":"b38244d0-fd9c-4e96-aea0-66020c4923f1","CREATEDDATE":1520794199000,"LASTUPDATE":1643921053000}},{"type":"Feature","id":3451,"geometry":{"type":"Point","coordinates":[-89.2607173238259,48.4506193251327]},"properties":{"OBJECTID":3451,"LOC_ID":"MC0037","FDMID":3034,"X_COORD":332840.52502,"Y_COORD":5368854.07013,"BEAT":"N 13","ROT_ANGLE":0,"NODE_ID":10225,"GLOBALID":"25b3099e-61bc-436c-ae90-0498cf4fad97","CREATEDDATE":1520794199000,"LASTUPDATE":1643921053000}},{"type":"Feature","id":3452,"geometry":{"type":"Point","coordinates":[-89.2431423586418,48.4494686837694]},"properties":{"OBJECTID":3452,"LOC_ID":"PC0744","FDMID":2461,"X_COORD":334136.21577,"Y_COORD":5368687.95326,"BEAT":"N 8","ROT_ANGLE":0,"NODE_ID":8730,"GLOBALID":"7ed4e51d-99e5-491c-b630-ead6beb3305b","CREATEDDATE":1520794199000,"LASTUPDATE":1643921053000}},{"type":"Feature","id":3453,"geometry":{"type":"Point","coordinates":[-89.2557560530667,48.4457576824382]},"properties":{"OBJECTID":3453,"LOC_ID":"PC0095","FDMID":1818,"X_COORD":333191.41398,"Y_COORD":5368302.9075,"BEAT":"N 4","ROT_ANGLE":0,"NODE_ID":3361,"GLOBALID":"bc760945-727f-46b2-9b60-a4ac06c5fb63","CREATEDDATE":1520794199000,"LASTUPDATE":1643921053000}},{"type":"Feature","id":3454,"geometry":{"type":"Point","coordinates":[-89.2511702703977,48.4413388215522]},"properties":{"OBJECTID":3454,"LOC_ID":"PC0783","FDMID":2500,"X_COORD":333516.06038,"Y_COORD":5367801.79646,"BEAT":"N 4","ROT_ANGLE":0,"NODE_ID":7068,"GLOBALID":"2d2cd2db-2b30-4e82-9255-ea5c2c6de127","CREATEDDATE":1520794199000,"LASTUPDATE":1643921053000}},{"type":"Feature","id":3455,"geometry":{"type":"Point","coordinates":[-89.2608698184603,48.4409683774128]},"properties":{"OBJECTID":3455,"LOC_ID":"PC0937","FDMID":2653,"X_COORD":332797.55593,"Y_COORD":5367781.77035,"BEAT":"N 4","ROT_ANGLE":0,"NODE_ID":10465,"GLOBALID":"07ce0038-4d34-4d08-82bb-2df6b37c0827","CREATEDDATE":1520794199000,"LASTUPDATE":1643921053000}},{"type":"Feature","id":3456,"geometry":{"type":"Point","coordinates":[-89.2693558413356,48.4286454180312]},"properties":{"OBJECTID":3456,"LOC_ID":"PC1235","FDMID":null,"X_COORD":332129.41027,"Y_COORD":5366430.70321,"BEAT":"N 1","ROT_ANGLE":null,"NODE_ID":null,"GLOBALID":"d1a9741f-894f-40a8-bffe-bc0d82cfaab7","CREATEDDATE":1520794199000,"LASTUPDATE":1643921053000}},{"type":"Feature","id":3457,"geometry":{"type":"Point","coordinates":[-89.2667932411289,48.429030929474]},"properties":{"OBJECTID":3457,"LOC_ID":"PC1234","FDMID":null,"X_COORD":332320.23036,"Y_COORD":5366467.93534,"BEAT":null,"ROT_ANGLE":null,"NODE_ID":null,"GLOBALID":"af6d5c16-8c3e-4f4b-9ae0-cffbcfded1e3","CREATEDDATE":1520794199000,"LASTUPDATE":1643921053000}},{"type":"Feature","id":3458,"geometry":{"type":"Point","coordinates":[-89.2711243345549,48.4284777634991]},"properties":{"OBJECTID":3458,"LOC_ID":"PC1236","FDMID":null,"X_COORD":331998.04489,"Y_COORD":5366415.9484,"BEAT":"N 1","ROT_ANGLE":null,"NODE_ID":null,"GLOBALID":"554cd42d-7b68-4120-81ef-451d4538b64d","CREATEDDATE":1520794199000,"LASTUPDATE":1643921053000}},{"type":"Feature","id":3459,"geometry":{"type":"Point","coordinates":[-89.2082747298435,48.4653059356048]},"properties":{"OBJECTID":3459,"LOC_ID":"PP0233","FDMID":null,"X_COORD":336765.09232,"Y_COORD":5370373.18795,"BEAT":"N 9","ROT_ANGLE":0,"NODE_ID":null,"GLOBALID":"e995055b-4e2c-44eb-a292-0b7712573662","CREATEDDATE":1520794199000,"LASTUPDATE":1643921053000}},{"type":"Feature","id":3460,"geometry":{"type":"Point","coordinates":[-89.2084055218946,48.4658865631225]},"properties":{"OBJECTID":3460,"LOC_ID":"PP0234","FDMID":null,"X_COORD":336757.28739,"Y_COORD":5370438.00152,"BEAT":null,"ROT_ANGLE":null,"NODE_ID":null,"GLOBALID":"ed4a5487-cd96-4f39-a74c-542e7d689b59","CREATEDDATE":1520794199000,"LASTUPDATE":1643921053000}},{"type":"Feature","id":3461,"geometry":{"type":"Point","coordinates":[-89.2088322973887,48.4540845271827]},"properties":{"OBJECTID":3461,"LOC_ID":"PC1237","FDMID":null,"X_COORD":336687.87529,"Y_COORD":5369127.16632,"BEAT":"N 9","ROT_ANGLE":null,"NODE_ID":null,"GLOBALID":"d3b81ddc-5445-4d6b-9663-841ef001eb75","CREATEDDATE":1520794199000,"LASTUPDATE":1643921053000}},{"type":"Feature","id":3462,"geometry":{"type":"Point","coordinates":[-89.2210161757826,48.4072689493454]},"properties":{"OBJECTID":3462,"LOC_ID":"PP0236","FDMID":null,"X_COORD":335636.12438,"Y_COORD":5363949.93905,"BEAT":null,"ROT_ANGLE":317.2,"NODE_ID":null,"GLOBALID":"5596e291-fce4-4a1c-846f-ebc2a13d35fa","CREATEDDATE":1520794199000,"LASTUPDATE":1643921053000}},{"type":"Feature","id":3463,"geometry":{"type":"Point","coordinates":[-89.2206976155267,48.407725079671]},"properties":{"OBJECTID":3463,"LOC_ID":"PP0237","FDMID":null,"X_COORD":335661.16835,"Y_COORD":5363999.95121,"BEAT":null,"ROT_ANGLE":319.3,"NODE_ID":null,"GLOBALID":"fc2cca14-bf9f-41d1-b1e0-be2bbf33d633","CREATEDDATE":1520794199000,"LASTUPDATE":1643921053000}},{"type":"Feature","id":3464,"geometry":{"type":"Point","coordinates":[-89.2200570872958,48.408157602944]},"properties":{"OBJECTID":3464,"LOC_ID":"PP0238","FDMID":null,"X_COORD":335709.96092,"Y_COORD":5364046.64894,"BEAT":null,"ROT_ANGLE":322.9,"NODE_ID":null,"GLOBALID":"19318e32-aa08-44fc-92bc-59f4df088e29","CREATEDDATE":1520794199000,"LASTUPDATE":1643921053000}},{"type":"Feature","id":3465,"geometry":{"type":"Point","coordinates":[-89.2378755738733,48.442415914963]},"properties":{"OBJECTID":3465,"LOC_ID":"PC1228","FDMID":null,"X_COORD":334502.71382,"Y_COORD":5367892.67185,"BEAT":null,"ROT_ANGLE":22.3,"NODE_ID":null,"GLOBALID":"0d082355-8978-4ab2-bb45-6dbd3a3a0aa4","CREATEDDATE":1520794199000,"LASTUPDATE":1643921053000}},{"type":"Feature","id":3466,"geometry":{"type":"Point","coordinates":[-89.3056671547657,48.3292689920108]},"properties":{"OBJECTID":3466,"LOC_ID":"FP0145","FDMID":1084,"X_COORD":329111.15874,"Y_COORD":5355466.00919,"BEAT":null,"ROT_ANGLE":0,"NODE_ID":0,"GLOBALID":"73d036a6-7a36-4db3-849a-ccc0e78e4ec6","CREATEDDATE":1520794199000,"LASTUPDATE":1643921053000}},{"type":"Feature","id":3467,"geometry":{"type":"Point","coordinates":[-89.2791369493838,48.3563641427142]},"properties":{"OBJECTID":3467,"LOC_ID":"FP0086","FDMID":1086,"X_COORD":331166.88662,"Y_COORD":5358418.6346,"BEAT":null,"ROT_ANGLE":0,"NODE_ID":0,"GLOBALID":"13cba8d0-6d2b-4d3e-b0a3-32da0d0881ab","CREATEDDATE":1520794199000,"LASTUPDATE":1643921053000}},{"type":"Feature","id":3468,"geometry":{"type":"Point","coordinates":[-89.2781896689652,48.3563202630861]},"properties":{"OBJECTID":3468,"LOC_ID":"FP0087","FDMID":1087,"X_COORD":331236.90774,"Y_COORD":5358411.67114,"BEAT":null,"ROT_ANGLE":0,"NODE_ID":0,"GLOBALID":"98094332-c5a9-40ef-8c50-e1be02103cd5","CREATEDDATE":1520794199000,"LASTUPDATE":1643921053000}},{"type":"Feature","id":3469,"geometry":{"type":"Point","coordinates":[-89.2761358762248,48.3563635224659]},"properties":{"OBJECTID":3469,"LOC_ID":"FP0088","FDMID":1088,"X_COORD":331389.1773,"Y_COORD":5358411.95812,"BEAT":null,"ROT_ANGLE":0,"NODE_ID":0,"GLOBALID":"4754ed6d-73f9-4aa5-b026-74138917b071","CREATEDDATE":1520794199000,"LASTUPDATE":1643921053000}},{"type":"Feature","id":3470,"geometry":{"type":"Point","coordinates":[-89.262876018248,48.3567137096415]},"properties":{"OBJECTID":3470,"LOC_ID":"FP0089","FDMID":1089,"X_COORD":332372.5158,"Y_COORD":5358421.78673,"BEAT":null,"ROT_ANGLE":0,"NODE_ID":0,"GLOBALID":"e463b8f6-eb16-4aed-ab49-9fd6852607b1","CREATEDDATE":1520794199000,"LASTUPDATE":1643921053000}},{"type":"Feature","id":3471,"geometry":{"type":"Point","coordinates":[-89.2610828183826,48.3562835438188]},"properties":{"OBJECTID":3471,"LOC_ID":"FP0090","FDMID":1090,"X_COORD":332503.93212,"Y_COORD":5358370.05553,"BEAT":null,"ROT_ANGLE":0,"NODE_ID":0,"GLOBALID":"234adaa5-2f78-4aca-9752-9dfebf8401ab","CREATEDDATE":1520794199000,"LASTUPDATE":1643921053000}},{"type":"Feature","id":3472,"geometry":{"type":"Point","coordinates":[-89.2594024185915,48.3558450855131]},"properties":{"OBJECTID":3472,"LOC_ID":"FP0091","FDMID":1091,"X_COORD":332626.96803,"Y_COORD":5358317.65207,"BEAT":null,"ROT_ANGLE":0,"NODE_ID":0,"GLOBALID":"c0850956-8325-41bd-a2f9-14fe4734b694","CREATEDDATE":1520794199000,"LASTUPDATE":1643921053000}},{"type":"Feature","id":3473,"geometry":{"type":"Point","coordinates":[-89.2676862885522,48.3484185007789]},"properties":{"OBJECTID":3473,"LOC_ID":"FP0092","FDMID":1092,"X_COORD":331988.93692,"Y_COORD":5357510.36989,"BEAT":null,"ROT_ANGLE":0,"NODE_ID":0,"GLOBALID":"e97aca93-6fc2-4e52-bec3-61e040ac6158","CREATEDDATE":1520794199000,"LASTUPDATE":1643921054000}},{"type":"Feature","id":3474,"geometry":{"type":"Point","coordinates":[-89.2661842367242,48.349325881666]},"properties":{"OBJECTID":3474,"LOC_ID":"FP0093","FDMID":1093,"X_COORD":332103.19587,"Y_COORD":5357607.92714,"BEAT":null,"ROT_ANGLE":0,"NODE_ID":0,"GLOBALID":"dd5c99f4-12ac-40b5-8ea2-337a9381d424","CREATEDDATE":1520794199000,"LASTUPDATE":1643921054000}},{"type":"Feature","id":3475,"geometry":{"type":"Point","coordinates":[-89.2650763866595,48.3493270538667]},"properties":{"OBJECTID":3475,"LOC_ID":"FP0094","FDMID":1094,"X_COORD":332185.27228,"Y_COORD":5357605.63057,"BEAT":null,"ROT_ANGLE":0,"NODE_ID":0,"GLOBALID":"e680b2ba-e774-419e-9cbb-11ab73d1c446","CREATEDDATE":1520794199000,"LASTUPDATE":1643921054000}},{"type":"Feature","id":3476,"geometry":{"type":"Point","coordinates":[-89.2636918534987,48.3501373937657]},"properties":{"OBJECTID":3476,"LOC_ID":"FP0095","FDMID":1095,"X_COORD":332290.50159,"Y_COORD":5357692.66263,"BEAT":null,"ROT_ANGLE":0,"NODE_ID":0,"GLOBALID":"24cba467-4fca-49e6-b225-9e0178d76e74","CREATEDDATE":1520794199000,"LASTUPDATE":1643921054000}},{"type":"Feature","id":3477,"geometry":{"type":"Point","coordinates":[-89.2656583854469,48.3500365527246]},"properties":{"OBJECTID":3477,"LOC_ID":"FP0096","FDMID":1096,"X_COORD":332144.48662,"Y_COORD":5357685.76087,"BEAT":null,"ROT_ANGLE":0,"NODE_ID":0,"GLOBALID":"e510f084-dbc2-4138-b9e7-49d4116ac5f3","CREATEDDATE":1520794199000,"LASTUPDATE":1643921054000}},{"type":"Feature","id":3478,"geometry":{"type":"Point","coordinates":[-89.2637605056791,48.3513722278675]},"properties":{"OBJECTID":3478,"LOC_ID":"FP0097","FDMID":1097,"X_COORD":332289.46838,"Y_COORD":5357830.05553,"BEAT":null,"ROT_ANGLE":0,"NODE_ID":0,"GLOBALID":"a983a490-cbda-4441-bd00-9f602a73bf98","CREATEDDATE":1520794199000,"LASTUPDATE":1643921054000}},{"type":"Feature","id":3479,"geometry":{"type":"Point","coordinates":[-89.2648335208619,48.3512597229731]},"properties":{"OBJECTID":3479,"LOC_ID":"FP0098","FDMID":1098,"X_COORD":332209.6102,"Y_COORD":5357819.90052,"BEAT":null,"ROT_ANGLE":0,"NODE_ID":0,"GLOBALID":"d3d58e1a-8d3d-4cf8-99d3-df750322a412","CREATEDDATE":1520794199000,"LASTUPDATE":1643921054000}},{"type":"Feature","id":3480,"geometry":{"type":"Point","coordinates":[-89.2606342974651,48.3513154081729]},"properties":{"OBJECTID":3480,"LOC_ID":"FP0099","FDMID":1099,"X_COORD":332520.87113,"Y_COORD":5357816.90276,"BEAT":null,"ROT_ANGLE":0,"NODE_ID":0,"GLOBALID":"956dcd89-19dd-4128-80f0-b454c21a3d4a","CREATEDDATE":1520794199000,"LASTUPDATE":1643921054000}},{"type":"Feature","id":3481,"geometry":{"type":"Point","coordinates":[-89.2635074921558,48.3522553951603]},"properties":{"OBJECTID":3481,"LOC_ID":"FP0100","FDMID":1100,"X_COORD":332311.10985,"Y_COORD":5357927.65937,"BEAT":null,"ROT_ANGLE":0,"NODE_ID":0,"GLOBALID":"88789154-e043-4505-a270-5957e92606bb","CREATEDDATE":1520794199000,"LASTUPDATE":1643921054000}},{"type":"Feature","id":3482,"geometry":{"type":"Point","coordinates":[-89.2625881257773,48.3537754000275]},"properties":{"OBJECTID":3482,"LOC_ID":"FP0101","FDMID":1101,"X_COORD":332384.20143,"Y_COORD":5358094.58519,"BEAT":null,"ROT_ANGLE":0,"NODE_ID":0,"GLOBALID":"896a0775-6303-4930-863d-b9c7a6a023a4","CREATEDDATE":1520794199000,"LASTUPDATE":1643921054000}},{"type":"Feature","id":3483,"geometry":{"type":"Point","coordinates":[-89.2616562769883,48.3541580705534]},"properties":{"OBJECTID":3483,"LOC_ID":"FP0102","FDMID":1102,"X_COORD":332454.48444,"Y_COORD":5358135.07825,"BEAT":null,"ROT_ANGLE":0,"NODE_ID":0,"GLOBALID":"76d2293a-b583-4d77-8d82-ce90a53bb0a5","CREATEDDATE":1520794199000,"LASTUPDATE":1643921054000}},{"type":"Feature","id":3484,"geometry":{"type":"Point","coordinates":[-89.2628922791296,48.3549090649417]},"properties":{"OBJECTID":3484,"LOC_ID":"FP0103","FDMID":1103,"X_COORD":332365.3903,"Y_COORD":5358221.24913,"BEAT":null,"ROT_ANGLE":0,"NODE_ID":0,"GLOBALID":"70fbae69-c042-4202-987d-e4b91cad209d","CREATEDDATE":1520794199000,"LASTUPDATE":1643921054000}},{"type":"Feature","id":3485,"geometry":{"type":"Point","coordinates":[-89.2169149442702,48.3043308509406]},"properties":{"OBJECTID":3485,"LOC_ID":"FP0104","FDMID":1104,"X_COORD":335608.6607,"Y_COORD":5352500.30909,"BEAT":null,"ROT_ANGLE":0,"NODE_ID":0,"GLOBALID":"ef8e94ac-c0eb-4dc3-a25d-465419eb8d80","CREATEDDATE":1520794199000,"LASTUPDATE":1643921054000}},{"type":"Feature","id":3486,"geometry":{"type":"Point","coordinates":[-89.2181787785399,48.3035970155634]},"properties":{"OBJECTID":3486,"LOC_ID":"FP0105","FDMID":1105,"X_COORD":335512.58953,"Y_COORD":5352421.45878,"BEAT":null,"ROT_ANGLE":0,"NODE_ID":0,"GLOBALID":"ae0b7a6f-5a6f-4fae-abcd-50f29add17c0","CREATEDDATE":1520794199000,"LASTUPDATE":1643921054000}},{"type":"Feature","id":3487,"geometry":{"type":"Point","coordinates":[-89.2188116189106,48.3016463437124]},"properties":{"OBJECTID":3487,"LOC_ID":"FP0106","FDMID":1106,"X_COORD":335459.39248,"Y_COORD":5352206.01456,"BEAT":null,"ROT_ANGLE":0,"NODE_ID":0,"GLOBALID":"cfaf16be-7d5d-4f27-8b3d-f013d137869c","CREATEDDATE":1520794199000,"LASTUPDATE":1643921054000}},{"type":"Feature","id":3488,"geometry":{"type":"Point","coordinates":[-89.2182612840656,48.3012736763202]},"properties":{"OBJECTID":3488,"LOC_ID":"FP0107","FDMID":1107,"X_COORD":335499.00361,"Y_COORD":5352163.41514,"BEAT":null,"ROT_ANGLE":0,"NODE_ID":0,"GLOBALID":"4e50f28e-ebd6-42af-addb-2c1d157737fd","CREATEDDATE":1520794199000,"LASTUPDATE":1643921054000}},{"type":"Feature","id":3489,"geometry":{"type":"Point","coordinates":[-89.2199244507105,48.302893846218]},"properties":{"OBJECTID":3489,"LOC_ID":"FP0108","FDMID":1108,"X_COORD":335380.88547,"Y_COORD":5352347.05238,"BEAT":null,"ROT_ANGLE":0,"NODE_ID":0,"GLOBALID":"ebcc7be3-a94a-4460-8539-4ddccce59873","CREATEDDATE":1520794199000,"LASTUPDATE":1643921054000}},{"type":"Feature","id":3490,"geometry":{"type":"Point","coordinates":[-89.2207159523919,48.3039638486698]},"properties":{"OBJECTID":3490,"LOC_ID":"FP0109","FDMID":1109,"X_COORD":335325.63785,"Y_COORD":5352467.6737,"BEAT":null,"ROT_ANGLE":0,"NODE_ID":0,"GLOBALID":"3e9fae58-8fce-4c2f-9333-c7a9bb5c5729","CREATEDDATE":1520794199000,"LASTUPDATE":1643921054000}},{"type":"Feature","id":3491,"geometry":{"type":"Point","coordinates":[-89.2232006238267,48.3052948478295]},"properties":{"OBJECTID":3491,"LOC_ID":"FP0110","FDMID":1110,"X_COORD":335145.68828,"Y_COORD":5352620.94141,"BEAT":null,"ROT_ANGLE":0,"NODE_ID":0,"GLOBALID":"fd629693-db26-45f3-8759-d5406ea687f6","CREATEDDATE":1520794199000,"LASTUPDATE":1643921054000}},{"type":"Feature","id":3492,"geometry":{"type":"Point","coordinates":[-89.2263151320841,48.3063425142426]},"properties":{"OBJECTID":3492,"LOC_ID":"FP0111","FDMID":1111,"X_COORD":334918.13449,"Y_COORD":5352744.08048,"BEAT":null,"ROT_ANGLE":0,"NODE_ID":0,"GLOBALID":"09db06c4-e314-4105-922f-8133cd3e10d1","CREATEDDATE":1520794199000,"LASTUPDATE":1643921054000}},{"type":"Feature","id":3493,"geometry":{"type":"Point","coordinates":[-89.2284803000973,48.3059103451247]},"properties":{"OBJECTID":3493,"LOC_ID":"FP0112","FDMID":1112,"X_COORD":334756.19964,"Y_COORD":5352700.71101,"BEAT":null,"ROT_ANGLE":0,"NODE_ID":0,"GLOBALID":"b1ea8510-3227-4a3d-924f-74770fe46382","CREATEDDATE":1520794199000,"LASTUPDATE":1643921054000}},{"type":"Feature","id":3494,"geometry":{"type":"Point","coordinates":[-89.2321883113151,48.3054660084534]},"properties":{"OBJECTID":3494,"LOC_ID":"FP0113","FDMID":1113,"X_COORD":334479.82486,"Y_COORD":5352659.32246,"BEAT":null,"ROT_ANGLE":0,"NODE_ID":0,"GLOBALID":"954356ca-8d16-4323-a0d9-8c2194f2517b","CREATEDDATE":1520794199000,"LASTUPDATE":1643921054000}},{"type":"Feature","id":3495,"geometry":{"type":"Point","coordinates":[-89.2397424912989,48.3066658361706]},"properties":{"OBJECTID":3495,"LOC_ID":"FP0115","FDMID":1115,"X_COORD":333923.59574,"Y_COORD":5352809.00464,"BEAT":null,"ROT_ANGLE":0,"NODE_ID":0,"GLOBALID":"9a36158d-91d2-463b-b7fd-c76e95a292e1","CREATEDDATE":1520794199000,"LASTUPDATE":1643921054000}},{"type":"Feature","id":3496,"geometry":{"type":"Point","coordinates":[-89.2161933339926,48.3335271394234]},"properties":{"OBJECTID":3496,"LOC_ID":"FP0143","FDMID":1143,"X_COORD":335755.93443,"Y_COORD":5355743.69853,"BEAT":null,"ROT_ANGLE":0,"NODE_ID":0,"GLOBALID":"26ea423f-3fae-4610-bdc0-d1ab90b74a68","CREATEDDATE":1520794199000,"LASTUPDATE":1643921055000}},{"type":"Feature","id":3497,"geometry":{"type":"Point","coordinates":[-89.2460508431661,48.4324154140018]},"properties":{"OBJECTID":3497,"LOC_ID":"PC1225","FDMID":null,"X_COORD":333865.55798,"Y_COORD":5366798.86705,"BEAT":null,"ROT_ANGLE":null,"NODE_ID":null,"GLOBALID":"6338aceb-d9b6-4f6c-b49a-c8badcc1a0ac","CREATEDDATE":1520794199000,"LASTUPDATE":1643921055000}},{"type":"Feature","id":3498,"geometry":{"type":"Point","coordinates":[-89.2450630476715,48.434027764978]},"properties":{"OBJECTID":3498,"LOC_ID":"PC1226","FDMID":null,"X_COORD":333943.87504,"Y_COORD":5366975.92792,"BEAT":"N 5","ROT_ANGLE":null,"NODE_ID":null,"GLOBALID":"4a07d528-78ab-4729-a7e2-e80347efeeb8","CREATEDDATE":1520794199000,"LASTUPDATE":1643921055000}},{"type":"Feature","id":3499,"geometry":{"type":"Point","coordinates":[-89.2440492923458,48.4356827216713]},"properties":{"OBJECTID":3499,"LOC_ID":"PC1227","FDMID":null,"X_COORD":334024.24444,"Y_COORD":5367157.67,"BEAT":"N 5","ROT_ANGLE":null,"NODE_ID":null,"GLOBALID":"68c2ee22-a077-47a5-a252-635bf660c49f","CREATEDDATE":1520794199000,"LASTUPDATE":1643921055000}},{"type":"Feature","id":3500,"geometry":{"type":"Point","coordinates":[-89.2959887523084,48.3926919320831]},"properties":{"OBJECTID":3500,"LOC_ID":"FC1192","FDMID":null,"X_COORD":330039.58985,"Y_COORD":5362493.48619,"BEAT":null,"ROT_ANGLE":null,"NODE_ID":null,"GLOBALID":"3a2153d9-f168-4fe7-bbd5-b07bdac4132e","CREATEDDATE":1520794199000,"LASTUPDATE":1643921055000}},{"type":"Feature","id":3501,"geometry":{"type":"Point","coordinates":[-89.1873795597499,48.4517185789864]},"properties":{"OBJECTID":3501,"LOC_ID":"PC1238","FDMID":null,"X_COORD":338266.41046,"Y_COORD":5368818.64203,"BEAT":null,"ROT_ANGLE":null,"NODE_ID":null,"GLOBALID":"99cbaee8-6d34-4611-bc78-9570f9f19dcc","CREATEDDATE":1520794199000,"LASTUPDATE":1643921055000}},{"type":"Feature","id":3502,"geometry":{"type":"Point","coordinates":[-89.2247405446782,48.3968663941984]},"properties":{"OBJECTID":3502,"LOC_ID":"FC1193","FDMID":null,"X_COORD":335326.92656,"Y_COORD":5362801.76497,"BEAT":null,"ROT_ANGLE":null,"NODE_ID":null,"GLOBALID":"798c847d-2ef4-46a6-955b-d23548093c1e","CREATEDDATE":1520794199000,"LASTUPDATE":1643921055000}},{"type":"Feature","id":3503,"geometry":{"type":"Point","coordinates":[-89.2242604763716,48.3978474139659]},"properties":{"OBJECTID":3503,"LOC_ID":"FC1194","FDMID":null,"X_COORD":335365.62582,"Y_COORD":5362909.76702,"BEAT":null,"ROT_ANGLE":null,"NODE_ID":null,"GLOBALID":"004edce8-27c1-4744-bf0f-17f93bfbf2f7","CREATEDDATE":1520794199000,"LASTUPDATE":1643921055000}},{"type":"Feature","id":3504,"geometry":{"type":"Point","coordinates":[-89.2257482373108,48.3984297725173]},"properties":{"OBJECTID":3504,"LOC_ID":"FC1195","FDMID":null,"X_COORD":335257.3926,"Y_COORD":5362977.69201,"BEAT":null,"ROT_ANGLE":null,"NODE_ID":null,"GLOBALID":"25433556-94f9-4dec-a320-af98b518ea69","CREATEDDATE":1520794199000,"LASTUPDATE":1643921055000}},{"type":"Feature","id":3505,"geometry":{"type":"Point","coordinates":[-89.2121019599664,48.3342623398874]},"properties":{"OBJECTID":3505,"LOC_ID":"FC1196","FDMID":null,"X_COORD":336061.49168,"Y_COORD":5355816.65367,"BEAT":"S 12","ROT_ANGLE":null,"NODE_ID":null,"GLOBALID":"673c147f-9b85-41c2-b8b2-545c10c3c9af","CREATEDDATE":1520794199000,"LASTUPDATE":1643921055000}},{"type":"Feature","id":3506,"geometry":{"type":"Point","coordinates":[-89.2448038691116,48.3973860952838]},"properties":{"OBJECTID":3506,"LOC_ID":"FP0085","FDMID":null,"X_COORD":333843.63439,"Y_COORD":5362902.8714,"BEAT":"S 9","ROT_ANGLE":null,"NODE_ID":null,"GLOBALID":"7b90af58-b372-4f19-b49d-dec2974e59a0","CREATEDDATE":1520794199000,"LASTUPDATE":1643921055000}},{"type":"Feature","id":3507,"geometry":{"type":"Point","coordinates":[-89.3240424192872,48.3267754578151]},"properties":{"OBJECTID":3507,"LOC_ID":"NC0607","FDMID":null,"X_COORD":327742.68745,"Y_COORD":5355231.26999,"BEAT":"S 17","ROT_ANGLE":null,"NODE_ID":null,"GLOBALID":"f4500f5d-920b-4622-b665-8297b26a41e3","CREATEDDATE":1520794199000,"LASTUPDATE":1643921055000}},{"type":"Feature","id":3508,"geometry":{"type":"Point","coordinates":[-89.3255347195841,48.3268244270331]},"properties":{"OBJECTID":3508,"LOC_ID":"NC0608","FDMID":null,"X_COORD":327628.65225,"Y_COORD":5355238.95383,"BEAT":"S 17","ROT_ANGLE":null,"NODE_ID":null,"GLOBALID":"4ecae5e5-d937-4dde-b23b-adb5244d7462","CREATEDDATE":1520794199000,"LASTUPDATE":1643921055000}},{"type":"Feature","id":3509,"geometry":{"type":"Point","coordinates":[-89.3250896932788,48.3276051669374]},"properties":{"OBJECTID":3509,"LOC_ID":"NC0609","FDMID":null,"X_COORD":327665.51189,"Y_COORD":5355327.28816,"BEAT":"S 17","ROT_ANGLE":null,"NODE_ID":null,"GLOBALID":"ed34efb9-827d-48d2-8d9b-fd7bbc46c086","CREATEDDATE":1520794199000,"LASTUPDATE":1643921055000}},{"type":"Feature","id":3510,"geometry":{"type":"Point","coordinates":[-89.3242843187583,48.3285249074699]},"properties":{"OBJECTID":3510,"LOC_ID":"NC0610","FDMID":null,"X_COORD":327728.88162,"Y_COORD":5355424.97853,"BEAT":"S 17","ROT_ANGLE":null,"NODE_ID":null,"GLOBALID":"d3259a7b-b1cc-47e1-9336-5a1d8ab2ebca","CREATEDDATE":1520794199000,"LASTUPDATE":1643921055000}},{"type":"Feature","id":3511,"geometry":{"type":"Point","coordinates":[-89.248355038056,48.3774110487929]},"properties":{"OBJECTID":3511,"LOC_ID":"FC1198","FDMID":null,"X_COORD":333515.61827,"Y_COORD":5360690.48305,"BEAT":"S 10","ROT_ANGLE":null,"NODE_ID":null,"GLOBALID":"8547ca2f-d367-4d9b-b3dc-90d8901bd754","CREATEDDATE":1520794199000,"LASTUPDATE":1643921055000}},{"type":"Feature","id":3512,"geometry":{"type":"Point","coordinates":[-89.2476079213464,48.3786354045114]},"properties":{"OBJECTID":3512,"LOC_ID":"FC1199","FDMID":null,"X_COORD":333574.93091,"Y_COORD":5360824.93886,"BEAT":"S 10","ROT_ANGLE":null,"NODE_ID":null,"GLOBALID":"83b860bb-fcbb-4fd1-97de-c4562f937139","CREATEDDATE":1520794199000,"LASTUPDATE":1643921055000}},{"type":"Feature","id":3513,"geometry":{"type":"Point","coordinates":[-89.250201693018,48.406037100518]},"properties":{"OBJECTID":3513,"LOC_ID":"PC0905","FDMID":null,"X_COORD":333472.38191,"Y_COORD":5363876.11121,"BEAT":"N 2","ROT_ANGLE":null,"NODE_ID":null,"GLOBALID":"2cb8f108-2624-472c-8d5a-a0103ee16741","CREATEDDATE":1520794199000,"LASTUPDATE":1643921055000}},{"type":"Feature","id":3514,"geometry":{"type":"Point","coordinates":[-89.2303131966136,48.4278079758067]},"properties":{"OBJECTID":3514,"LOC_ID":"PC0537","FDMID":2257,"X_COORD":335014.65622,"Y_COORD":5366252.72459,"BEAT":"N7","ROT_ANGLE":0,"NODE_ID":2924,"GLOBALID":"b5228bf2-423b-46e8-b2b4-00e380a1010d","CREATEDDATE":1520794199000,"LASTUPDATE":1643921056000}},{"type":"Feature","id":3515,"geometry":{"type":"Point","coordinates":[-89.2674618129098,48.3750371710623]},"properties":{"OBJECTID":3515,"LOC_ID":"FC0741","FDMID":732,"X_COORD":332093.09052,"Y_COORD":5360468.34903,"BEAT":"S 8","ROT_ANGLE":0,"NODE_ID":1213,"GLOBALID":"3856084a-1afd-4c1b-aedb-83d428511561","CREATEDDATE":1520794199000,"LASTUPDATE":1643921056000}},{"type":"Feature","id":3516,"geometry":{"type":"Point","coordinates":[-89.2973001866007,48.3549804450363]},"properties":{"OBJECTID":3516,"LOC_ID":"FP0083","FDMID":null,"X_COORD":329816.87599,"Y_COORD":5358305.02154,"BEAT":null,"ROT_ANGLE":null,"NODE_ID":null,"GLOBALID":"aeb9b5b5-3dbb-4b0c-822b-db34cc848961","CREATEDDATE":1520794199000,"LASTUPDATE":1643921056000}},{"type":"Feature","id":3517,"geometry":{"type":"Point","coordinates":[-89.2966006952367,48.3552655622361]},"properties":{"OBJECTID":3517,"LOC_ID":"FP0084","FDMID":null,"X_COORD":329869.64041,"Y_COORD":5358335.15709,"BEAT":null,"ROT_ANGLE":null,"NODE_ID":null,"GLOBALID":"a7f9e68e-ffe3-4e74-8ac4-ae95e0d5a6f6","CREATEDDATE":1520794199000,"LASTUPDATE":1643921056000}},{"type":"Feature","id":3518,"geometry":{"type":"Point","coordinates":[-89.2500555430072,48.3753507633809]},"properties":{"OBJECTID":3518,"LOC_ID":"FC1197","FDMID":null,"X_COORD":333382.97903,"Y_COORD":5360465.19255,"BEAT":"S 10","ROT_ANGLE":null,"NODE_ID":null,"GLOBALID":"a227c48f-4718-4995-b3b5-5e8c14b7d4ce","CREATEDDATE":1520794199000,"LASTUPDATE":1643921056000}},{"type":"Feature","id":3519,"geometry":{"type":"Point","coordinates":[-89.2647985327401,48.3795938228803]},"properties":{"OBJECTID":3519,"LOC_ID":"FC0428","FDMID":null,"X_COORD":332305.26947,"Y_COORD":5360968.95652,"BEAT":null,"ROT_ANGLE":null,"NODE_ID":null,"GLOBALID":"74380516-a2fb-4ffc-9545-d045e7a58c5f","CREATEDDATE":1520794199000,"LASTUPDATE":1643921056000}},{"type":"Feature","id":3520,"geometry":{"type":"Point","coordinates":[-89.2265489851789,48.4523313703771]},"properties":{"OBJECTID":3520,"LOC_ID":"PC0238","FDMID":null,"X_COORD":335372.36758,"Y_COORD":5368970.28338,"BEAT":"N 8","ROT_ANGLE":null,"NODE_ID":null,"GLOBALID":"3c01e112-285c-4cf4-8851-4ee2265981be","CREATEDDATE":1520794199000,"LASTUPDATE":1643921056000}},{"type":"Feature","id":3521,"geometry":{"type":"Point","coordinates":[-89.2589117813883,48.4442972648577]},"properties":{"OBJECTID":3521,"LOC_ID":"PC1239","FDMID":null,"X_COORD":332953.27663,"Y_COORD":5368147.47531,"BEAT":null,"ROT_ANGLE":null,"NODE_ID":null,"GLOBALID":"a74f426f-b07f-415d-abaf-e64793292212","CREATEDDATE":1520794199000,"LASTUPDATE":1643921056000}},{"type":"Feature","id":3522,"geometry":{"type":"Point","coordinates":[-89.27470770053,48.3749037927894]},"properties":{"OBJECTID":3522,"LOC_ID":"FP0147","FDMID":null,"X_COORD":331556.12617,"Y_COORD":5360469.43473,"BEAT":null,"ROT_ANGLE":null,"NODE_ID":null,"GLOBALID":"ca68129b-b94d-4a87-8340-1253e7fb574a","CREATEDDATE":1520794199000,"LASTUPDATE":1643921056000}},{"type":"Feature","id":3523,"geometry":{"type":"Point","coordinates":[-89.2578047285359,48.3975245940854]},"properties":{"OBJECTID":3523,"LOC_ID":"FC0061","FDMID":null,"X_COORD":332881.86159,"Y_COORD":5362946.57521,"BEAT":null,"ROT_ANGLE":null,"NODE_ID":null,"GLOBALID":"e641a4f5-a58e-4111-86a8-b95601464cbd","CREATEDDATE":1520794199000,"LASTUPDATE":1643921056000}},{"type":"Feature","id":3524,"geometry":{"type":"Point","coordinates":[-89.2784218646695,48.3751312175628]},"properties":{"OBJECTID":3524,"LOC_ID":"FC0215","FDMID":null,"X_COORD":331281.86057,"Y_COORD":5360502.88497,"BEAT":null,"ROT_ANGLE":null,"NODE_ID":null,"GLOBALID":"d0301295-727a-4f68-9dde-d3e5e2aae976","CREATEDDATE":1520794199000,"LASTUPDATE":1643921056000}},{"type":"Feature","id":3525,"geometry":{"type":"Point","coordinates":[-89.3428613142818,48.3376313696754]},"properties":{"OBJECTID":3525,"LOC_ID":"NC0166","FDMID":null,"X_COORD":326383.00232,"Y_COORD":5356479.00042,"BEAT":null,"ROT_ANGLE":null,"NODE_ID":null,"GLOBALID":"22b004b4-df09-4433-89d3-dde742295934","CREATEDDATE":1520794199000,"LASTUPDATE":1643921056000}},{"type":"Feature","id":3526,"geometry":{"type":"Point","coordinates":[-89.2719665638481,48.4294626301702]},"properties":{"OBJECTID":3526,"LOC_ID":"PC1240","FDMID":null,"X_COORD":331938.99491,"Y_COORD":5366527.26027,"BEAT":null,"ROT_ANGLE":null,"NODE_ID":null,"GLOBALID":"de7b7458-fdae-4550-8331-65df4bff19ce","CREATEDDATE":1520794199000,"LASTUPDATE":1643921056000}},{"type":"Feature","id":3527,"geometry":{"type":"Point","coordinates":[-89.2721047464008,48.4302380373123]},"properties":{"OBJECTID":3527,"LOC_ID":"PC1242","FDMID":null,"X_COORD":331931.3318,"Y_COORD":5366613.74654,"BEAT":null,"ROT_ANGLE":null,"NODE_ID":null,"GLOBALID":"9ecc4860-5f8a-429b-9567-aeaf4d308424","CREATEDDATE":1520794199000,"LASTUPDATE":1643921056000}},{"type":"Feature","id":3528,"geometry":{"type":"Point","coordinates":[-89.2717173521254,48.4310465490316]},"properties":{"OBJECTID":3528,"LOC_ID":"PC1241","FDMID":null,"X_COORD":331962.65238,"Y_COORD":5366702.75851,"BEAT":null,"ROT_ANGLE":null,"NODE_ID":null,"GLOBALID":"8132e1e2-bb45-41cb-bc5d-d21058895e83","CREATEDDATE":1520794199000,"LASTUPDATE":1643921056000}},{"type":"Feature","id":3529,"geometry":{"type":"Point","coordinates":[-89.27238380496,48.4286044884938]},"properties":{"OBJECTID":3529,"LOC_ID":"PC1243","FDMID":null,"X_COORD":331905.30172,"Y_COORD":5366432.79781,"BEAT":null,"ROT_ANGLE":null,"NODE_ID":null,"GLOBALID":"f6337e82-0874-4b91-823b-f339a87fafce","CREATEDDATE":1520794199000,"LASTUPDATE":1643921056000}},{"type":"Feature","id":3530,"geometry":{"type":"Point","coordinates":[-89.2743074115794,48.4281985059516]},"properties":{"OBJECTID":3530,"LOC_ID":"PC1244","FDMID":null,"X_COORD":331761.67497,"Y_COORD":5366391.90001,"BEAT":null,"ROT_ANGLE":null,"NODE_ID":null,"GLOBALID":"e946c6e0-0448-4ec8-af93-e19df9d1187e","CREATEDDATE":1520794199000,"LASTUPDATE":1643921056000}},{"type":"Feature","id":3531,"geometry":{"type":"Point","coordinates":[-89.2712684963988,48.4290282898861]},"properties":{"OBJECTID":3531,"LOC_ID":"PC1245","FDMID":null,"X_COORD":331989.19676,"Y_COORD":5366477.45317,"BEAT":null,"ROT_ANGLE":null,"NODE_ID":null,"GLOBALID":"06685d9e-b16b-4a22-9580-4c54d6ab492d","CREATEDDATE":1520794199000,"LASTUPDATE":1643921056000}},{"type":"Feature","id":3532,"geometry":{"type":"Point","coordinates":[-89.2815330477016,48.4495271582898]},"properties":{"OBJECTID":3532,"LOC_ID":"MC0333","FDMID":null,"X_COORD":331297.87209,"Y_COORD":5368778.36734,"BEAT":null,"ROT_ANGLE":null,"NODE_ID":null,"GLOBALID":"8e31d2e4-e722-4b3e-b0ee-96061d7280e9","CREATEDDATE":1520794199000,"LASTUPDATE":1643921056000}},{"type":"Feature","id":3533,"geometry":{"type":"Point","coordinates":[-89.2815506765095,48.4488064488727]},"properties":{"OBJECTID":3533,"LOC_ID":"MC0334","FDMID":null,"X_COORD":331294.18006,"Y_COORD":5368698.3036,"BEAT":null,"ROT_ANGLE":null,"NODE_ID":null,"GLOBALID":"0e48a311-0933-488b-a8df-722e3744adb5","CREATEDDATE":1520794199000,"LASTUPDATE":1643921056000}},{"type":"Feature","id":3534,"geometry":{"type":"Point","coordinates":[-89.2801754032403,48.4496971998348]},"properties":{"OBJECTID":3534,"LOC_ID":"MC0335","FDMID":null,"X_COORD":331398.81775,"Y_COORD":5368794.27467,"BEAT":null,"ROT_ANGLE":null,"NODE_ID":null,"GLOBALID":"38fa045f-a4c3-4b68-b459-ccb3bd24d84e","CREATEDDATE":1520794199000,"LASTUPDATE":1643921056000}},{"type":"Feature","id":3535,"geometry":{"type":"Point","coordinates":[-89.2523482531874,48.3744842913528]},"properties":{"OBJECTID":3535,"LOC_ID":"FC0143","FDMID":null,"X_COORD":333210.38051,"Y_COORD":5360373.87914,"BEAT":null,"ROT_ANGLE":null,"NODE_ID":null,"GLOBALID":"bf154b9b-ef71-4f87-bcba-40ac43e608da","CREATEDDATE":1520794199000,"LASTUPDATE":1643921056000}},{"type":"Feature","id":3536,"geometry":{"type":"Point","coordinates":[-89.2962562840428,48.3657426998652]},"properties":{"OBJECTID":3536,"LOC_ID":"FC0373","FDMID":null,"X_COORD":329930.03311,"Y_COORD":5359498.8522,"BEAT":null,"ROT_ANGLE":null,"NODE_ID":null,"GLOBALID":"df662d78-2af5-4b77-b0ec-d68d5c563dae","CREATEDDATE":1520794199000,"LASTUPDATE":1643921056000}},{"type":"Feature","id":3537,"geometry":{"type":"Point","coordinates":[-89.2801412569725,48.3693379319215]},"properties":{"OBJECTID":3537,"LOC_ID":"FC0482","FDMID":null,"X_COORD":331135.39068,"Y_COORD":5359862.79383,"BEAT":null,"ROT_ANGLE":null,"NODE_ID":null,"GLOBALID":"8cc33838-40a1-475a-acd1-4edb194634ac","CREATEDDATE":1520794199000,"LASTUPDATE":1643921056000}},{"type":"Feature","id":3538,"geometry":{"type":"Point","coordinates":[-89.2824393012275,48.384887693969]},"properties":{"OBJECTID":3538,"LOC_ID":"FC0083","FDMID":null,"X_COORD":331016.68655,"Y_COORD":5361596.11172,"BEAT":null,"ROT_ANGLE":null,"NODE_ID":null,"GLOBALID":"59b95bf5-5b66-4056-b434-1bc99c2e58e1","CREATEDDATE":1520794199000,"LASTUPDATE":1643921056000}},{"type":"Feature","id":3539,"geometry":{"type":"Point","coordinates":[-89.2745110276402,48.3740254198696]},"properties":{"OBJECTID":3539,"LOC_ID":"FC0670","FDMID":null,"X_COORD":331567.79132,"Y_COORD":5360371.37802,"BEAT":null,"ROT_ANGLE":null,"NODE_ID":null,"GLOBALID":"20071f55-0df0-492e-94f2-38708ba57aa4","CREATEDDATE":1520794199000,"LASTUPDATE":1643921056000}},{"type":"Feature","id":3540,"geometry":{"type":"Point","coordinates":[-89.283667261179,48.3660855121196]},"properties":{"OBJECTID":3540,"LOC_ID":"FC0011","FDMID":null,"X_COORD":330866.34748,"Y_COORD":5359509.08785,"BEAT":null,"ROT_ANGLE":null,"NODE_ID":null,"GLOBALID":"ba563d24-97d0-49c1-8f16-d6c9a23e06ad","CREATEDDATE":1520794199000,"LASTUPDATE":1643921056000}},{"type":"Feature","id":3541,"geometry":{"type":"Point","coordinates":[-89.1908019000542,48.4675479356853]},"properties":{"OBJECTID":3541,"LOC_ID":"PC1246","FDMID":null,"X_COORD":338063.75933,"Y_COORD":5370585.23787,"BEAT":"N 11","ROT_ANGLE":null,"NODE_ID":null,"GLOBALID":"e745207e-1bf6-44fb-bf80-89a1a3f7d5ed","CREATEDDATE":1520794199000,"LASTUPDATE":1643921056000}},{"type":"Feature","id":3542,"geometry":{"type":"Point","coordinates":[-89.2736063191472,48.4217055061171]},"properties":{"OBJECTID":3542,"LOC_ID":"PP0240","FDMID":null,"X_COORD":331792.10006,"Y_COORD":5365668.70001,"BEAT":null,"ROT_ANGLE":null,"NODE_ID":null,"GLOBALID":"c525f24a-4cce-4b03-8d24-27be41f355b4","CREATEDDATE":1520794199000,"LASTUPDATE":1643921056000}},{"type":"Feature","id":3543,"geometry":{"type":"Point","coordinates":[-89.2178258974115,48.4366733226649]},"properties":{"OBJECTID":3543,"LOC_ID":"PC1248","FDMID":null,"X_COORD":335966.8966,"Y_COORD":5367211.23032,"BEAT":null,"ROT_ANGLE":null,"NODE_ID":null,"GLOBALID":"557414dc-821c-4f8e-9d75-a022beb43da0","CREATEDDATE":1520794199000,"LASTUPDATE":1643921057000}},{"type":"Feature","id":3544,"geometry":{"type":"Point","coordinates":[-89.2575089767803,48.3693667779153]},"properties":{"OBJECTID":3544,"LOC_ID":"FC1201","FDMID":null,"X_COORD":332811.47388,"Y_COORD":5359816.34826,"BEAT":null,"ROT_ANGLE":null,"NODE_ID":null,"GLOBALID":"235dcda0-7b81-45c5-981e-d5fbb4bc7c83","CREATEDDATE":1520794199000,"LASTUPDATE":1643921057000}},{"type":"Feature","id":3545,"geometry":{"type":"Point","coordinates":[-89.2893519384758,48.3793962128508]},"properties":{"OBJECTID":3545,"LOC_ID":"FC1202","FDMID":null,"X_COORD":330486.70281,"Y_COORD":5361001.04228,"BEAT":"S 5","ROT_ANGLE":null,"NODE_ID":null,"GLOBALID":"2c3e9f7e-d382-4d07-943e-f640d5492d66","CREATEDDATE":1520794199000,"LASTUPDATE":1643921057000}},{"type":"Feature","id":3546,"geometry":{"type":"Point","coordinates":[-89.2296809857273,48.427435806557]},"properties":{"OBJECTID":3546,"LOC_ID":"PC1249","FDMID":null,"X_COORD":335060.21603,"Y_COORD":5366209.99768,"BEAT":null,"ROT_ANGLE":null,"NODE_ID":null,"GLOBALID":"000ad22e-36cc-474e-9737-e88aa8fa6bef","CREATEDDATE":1520794199000,"LASTUPDATE":1643921057000}},{"type":"Feature","id":3547,"geometry":{"type":"Point","coordinates":[-89.2283025625363,48.428768406524]},"properties":{"OBJECTID":3547,"LOC_ID":"PC1250","FDMID":null,"X_COORD":335166.49059,"Y_COORD":5366355.13995,"BEAT":null,"ROT_ANGLE":null,"NODE_ID":null,"GLOBALID":"95b602d1-84cf-42a8-a837-c016607bdf49","CREATEDDATE":1520794199000,"LASTUPDATE":1643921057000}},{"type":"Feature","id":3548,"geometry":{"type":"Point","coordinates":[-89.3458539919069,48.3108958511261]},"properties":{"OBJECTID":3548,"LOC_ID":"NC0490","FDMID":null,"X_COORD":326070.32623,"Y_COORD":5353514.35581,"BEAT":null,"ROT_ANGLE":null,"NODE_ID":null,"GLOBALID":"83f99fb7-dc61-4a0e-bfe4-8c2a39672c23","CREATEDDATE":1520794199000,"LASTUPDATE":1643921057000}},{"type":"Feature","id":3549,"geometry":{"type":"Point","coordinates":[-89.3489512861631,48.3158364718836]},"properties":{"OBJECTID":3549,"LOC_ID":"NC0457","FDMID":null,"X_COORD":325857.51701,"Y_COORD":5354070.49226,"BEAT":"S17","ROT_ANGLE":null,"NODE_ID":null,"GLOBALID":"253c69b2-4eaf-453c-8658-b9bb429d7c2b","CREATEDDATE":1520794199000,"LASTUPDATE":1643921057000}},{"type":"Feature","id":3550,"geometry":{"type":"Point","coordinates":[-89.3421261612925,48.3169357870588]},"properties":{"OBJECTID":3550,"LOC_ID":"NC0368","FDMID":null,"X_COORD":326367.2084,"Y_COORD":5354177.19383,"BEAT":"s17","ROT_ANGLE":null,"NODE_ID":null,"GLOBALID":"694982bf-3fc7-4b78-9858-35e463cd654e","CREATEDDATE":1520794199000,"LASTUPDATE":1643921057000}},{"type":"Feature","id":3551,"geometry":{"type":"Point","coordinates":[-89.337912441937,48.331052530851]},"properties":{"OBJECTID":3551,"LOC_ID":"NC0211","FDMID":null,"X_COORD":326727.4173,"Y_COORD":5355736.61757,"BEAT":null,"ROT_ANGLE":null,"NODE_ID":null,"GLOBALID":"663ba24e-b368-4047-96d8-32432568f8fc","CREATEDDATE":1520794199000,"LASTUPDATE":1643921057000}},{"type":"Feature","id":3552,"geometry":{"type":"Point","coordinates":[-89.2441589606069,48.3945861814993]},"properties":{"OBJECTID":3552,"LOC_ID":"FC0799","FDMID":null,"X_COORD":333882.24943,"Y_COORD":5362590.27927,"BEAT":null,"ROT_ANGLE":null,"NODE_ID":null,"GLOBALID":"46f8e917-8844-464c-9d03-dcd5f8b657a2","CREATEDDATE":1520794199000,"LASTUPDATE":1643921057000}},{"type":"Feature","id":3553,"geometry":{"type":"Point","coordinates":[-89.3406980397106,48.3320824655495]},"properties":{"OBJECTID":3553,"LOC_ID":"NC0171","FDMID":null,"X_COORD":326524.47151,"Y_COORD":5355857.3866,"BEAT":"S16","ROT_ANGLE":null,"NODE_ID":null,"GLOBALID":"0409aeb1-4e81-46d2-906e-90da71b924c4","CREATEDDATE":1520794199000,"LASTUPDATE":1643921057000}},{"type":"Feature","id":3554,"geometry":{"type":"Point","coordinates":[-89.2846744563664,48.4517308653942]},"properties":{"OBJECTID":3554,"LOC_ID":"MC0357","FDMID":null,"X_COORD":331072.91362,"Y_COORD":5369030.22501,"BEAT":null,"ROT_ANGLE":null,"NODE_ID":null,"GLOBALID":"fb3b3d8b-6b3f-4bd1-88b8-6c104d92a3e1","CREATEDDATE":1520794199000,"LASTUPDATE":1643921057000}},{"type":"Feature","id":3555,"geometry":{"type":"Point","coordinates":[-89.2352974946286,48.44271471932]},"properties":{"OBJECTID":3555,"LOC_ID":"PC1251","FDMID":null,"X_COORD":334694.32931,"Y_COORD":5367920.31166,"BEAT":"N5","ROT_ANGLE":null,"NODE_ID":null,"GLOBALID":"4b03c70a-f52d-411f-a3a8-4a513a63a053","CREATEDDATE":1520794199000,"LASTUPDATE":1643921057000}},{"type":"Feature","id":3556,"geometry":{"type":"Point","coordinates":[-89.333680332944,48.3330964050265]},"properties":{"OBJECTID":3556,"LOC_ID":"NC0214","FDMID":null,"X_COORD":327047.97487,"Y_COORD":5355954.21962,"BEAT":"S16","ROT_ANGLE":null,"NODE_ID":null,"GLOBALID":"c58e61b0-e426-479a-9a4b-88e44490b061","CREATEDDATE":1520794199000,"LASTUPDATE":1643921057000}},{"type":"Feature","id":3557,"geometry":{"type":"Point","coordinates":[-89.2525457418563,48.447244318671]},"properties":{"OBJECTID":3557,"LOC_ID":"PC1111","FDMID":null,"X_COORD":333433.6591,"Y_COORD":5368461.14725,"BEAT":null,"ROT_ANGLE":null,"NODE_ID":null,"GLOBALID":"18a57053-1356-41d1-b50b-84ac93006347","CREATEDDATE":1520794199000,"LASTUPDATE":1643921057000}},{"type":"Feature","id":3558,"geometry":{"type":"Point","coordinates":[-89.2563733628067,48.3715437387674]},"properties":{"OBJECTID":3558,"LOC_ID":"FC0230","FDMID":null,"X_COORD":332902.70127,"Y_COORD":5360055.82654,"BEAT":"S8","ROT_ANGLE":null,"NODE_ID":null,"GLOBALID":"5cc46f23-d5e0-48a5-a60b-fe7d32fda82d","CREATEDDATE":1520794199000,"LASTUPDATE":1643921057000}},{"type":"Feature","id":3559,"geometry":{"type":"Point","coordinates":[-89.2759371347628,48.4151479853188]},"properties":{"OBJECTID":3559,"LOC_ID":"PP0241","FDMID":null,"X_COORD":331598.00009,"Y_COORD":5364945.00004,"BEAT":"N1","ROT_ANGLE":null,"NODE_ID":null,"GLOBALID":"c6673a1e-937e-481a-8592-7ef7eeb67a3f","CREATEDDATE":1520794199000,"LASTUPDATE":1643921057000}},{"type":"Feature","id":3560,"geometry":{"type":"Point","coordinates":[-89.2629786489193,48.439923490389]},"properties":{"OBJECTID":3560,"LOC_ID":"PC0944","FDMID":null,"X_COORD":332638.1711,"Y_COORD":5367670.24651,"BEAT":"N4","ROT_ANGLE":null,"NODE_ID":null,"GLOBALID":"9eb44bd5-9661-4dfa-a936-c339ebccb0a1","CREATEDDATE":1520794199000,"LASTUPDATE":1643921058000}},{"type":"Feature","id":3561,"geometry":{"type":"Point","coordinates":[-89.2851709053898,48.3893430163605]},"properties":{"OBJECTID":3561,"LOC_ID":"FC0817","FDMID":null,"X_COORD":330829.22902,"Y_COORD":5362097.32081,"BEAT":"S1","ROT_ANGLE":null,"NODE_ID":null,"GLOBALID":"a36b81a9-cfe1-4fd5-ba18-e4fba7ad0bc7","CREATEDDATE":1520794199000,"LASTUPDATE":1643921058000}},{"type":"Feature","id":3562,"geometry":{"type":"Point","coordinates":[-89.224402407472,48.4087621867671]},"properties":{"OBJECTID":3562,"LOC_ID":"PP0242","FDMID":null,"X_COORD":335391.00003,"Y_COORD":5364125.00004,"BEAT":null,"ROT_ANGLE":null,"NODE_ID":null,"GLOBALID":"900585da-a976-49e8-b967-024f50bdcbc0","CREATEDDATE":1520794199000,"LASTUPDATE":1643921058000}},{"type":"Feature","id":3563,"geometry":{"type":"Point","coordinates":[-89.2357752578127,48.4278992415415]},"properties":{"OBJECTID":3563,"LOC_ID":"PC1255","FDMID":null,"X_COORD":334610.92246,"Y_COORD":5366274.65611,"BEAT":null,"ROT_ANGLE":null,"NODE_ID":null,"GLOBALID":"2dcc6f93-0690-4d18-826d-ff9b431f6fa3","CREATEDDATE":1520794199000,"LASTUPDATE":1643921058000}},{"type":"Feature","id":3564,"geometry":{"type":"Point","coordinates":[-89.246526720884,48.4001231389506]},"properties":{"OBJECTID":3564,"LOC_ID":"PP0245","FDMID":null,"X_COORD":333725.04495,"Y_COORD":5363210.81943,"BEAT":"N2","ROT_ANGLE":null,"NODE_ID":null,"GLOBALID":"30f0d824-ff0e-42c0-aa57-9581654f664a","CREATEDDATE":1520794199000,"LASTUPDATE":1643921058000}},{"type":"Feature","id":3565,"geometry":{"type":"Point","coordinates":[-89.2587679644657,48.4622937262527]},"properties":{"OBJECTID":3565,"LOC_ID":"MP0023","FDMID":null,"X_COORD":333022.96419,"Y_COORD":5370147.36216,"BEAT":"N15","ROT_ANGLE":null,"NODE_ID":null,"GLOBALID":"a23f87f5-cbfb-473d-af0d-d62d6a5d1373","CREATEDDATE":1520794199000,"LASTUPDATE":1643921058000}},{"type":"Feature","id":3566,"geometry":{"type":"Point","coordinates":[-89.2025068309829,48.4504647454339]},"properties":{"OBJECTID":3566,"LOC_ID":"PP0246","FDMID":null,"X_COORD":337143.95312,"Y_COORD":5368711.366,"BEAT":"N10","ROT_ANGLE":null,"NODE_ID":null,"GLOBALID":"727dabe9-dc2d-4def-a14f-4c521ecf5a46","CREATEDDATE":1520794199000,"LASTUPDATE":1643921058000}},{"type":"Feature","id":3567,"geometry":{"type":"Point","coordinates":[-89.2475942200663,48.3819327566414]},"properties":{"OBJECTID":3567,"LOC_ID":"FC1203","FDMID":null,"X_COORD":333586.70127,"Y_COORD":5361191.38801,"BEAT":null,"ROT_ANGLE":null,"NODE_ID":null,"GLOBALID":"8b1741f7-f68a-4aca-970b-85525e01e35b","CREATEDDATE":1520794199000,"LASTUPDATE":1643921058000}},{"type":"Feature","id":3568,"geometry":{"type":"Point","coordinates":[-89.2475978607929,48.3806673004503]},"properties":{"OBJECTID":3568,"LOC_ID":"FC1204","FDMID":null,"X_COORD":333582.30371,"Y_COORD":5361050.74878,"BEAT":null,"ROT_ANGLE":null,"NODE_ID":null,"GLOBALID":"410aa2f3-f643-497e-a895-84d5695f2933","CREATEDDATE":1520794199000,"LASTUPDATE":1643921058000}},{"type":"Feature","id":3569,"geometry":{"type":"Point","coordinates":[-89.2514395132553,48.3742571547464]},"properties":{"OBJECTID":3569,"LOC_ID":"FC1205","FDMID":null,"X_COORD":333276.92771,"Y_COORD":5360346.6561,"BEAT":null,"ROT_ANGLE":null,"NODE_ID":null,"GLOBALID":"40a7e8af-fbc9-42be-9620-2b75aa30c44d","CREATEDDATE":1520794199000,"LASTUPDATE":1643921058000}},{"type":"Feature","id":3570,"geometry":{"type":"Point","coordinates":[-89.23697420364,48.3544176336154]},"properties":{"OBJECTID":3570,"LOC_ID":"FC1206","FDMID":null,"X_COORD":334283.6815,"Y_COORD":5358110.2529,"BEAT":null,"ROT_ANGLE":null,"NODE_ID":null,"GLOBALID":"951eedfc-59b2-4b67-9b66-11441fc6c254","CREATEDDATE":1520794199000,"LASTUPDATE":1643921058000}},{"type":"Feature","id":3571,"geometry":{"type":"Point","coordinates":[-89.305670158516,48.3303054303232]},"properties":{"OBJECTID":3571,"LOC_ID":"FP0146","FDMID":null,"X_COORD":329114.40098,"Y_COORD":5355581.20688,"BEAT":null,"ROT_ANGLE":null,"NODE_ID":null,"GLOBALID":"5c1c3d4a-4ff3-492c-b50e-ba6a17e707a0","CREATEDDATE":1520794199000,"LASTUPDATE":1643921058000}},{"type":"Feature","id":3572,"geometry":{"type":"Point","coordinates":[-89.3056863343114,48.3278553468853]},"properties":{"OBJECTID":3572,"LOC_ID":"FP0144","FDMID":null,"X_COORD":329102.82773,"Y_COORD":5355308.97085,"BEAT":null,"ROT_ANGLE":null,"NODE_ID":null,"GLOBALID":"6d3d9f7e-98a3-4b98-8476-85d16e9c19a0","CREATEDDATE":1520794199000,"LASTUPDATE":1643921058000}},{"type":"Feature","id":3573,"geometry":{"type":"Point","coordinates":[-89.2374948943039,48.4473545937803]},"properties":{"OBJECTID":3573,"LOC_ID":"PC1257","FDMID":null,"X_COORD":334546.91299,"Y_COORD":5368440.75557,"BEAT":null,"ROT_ANGLE":null,"NODE_ID":null,"GLOBALID":"1d0f687e-8fe6-41df-a524-a500d0e3888b","CREATEDDATE":1520794199000,"LASTUPDATE":1643921058000}},{"type":"Feature","id":3574,"geometry":{"type":"Point","coordinates":[-89.2289076377057,48.3922992078471]},"properties":{"OBJECTID":3574,"LOC_ID":"FC1211","FDMID":null,"X_COORD":335003.72528,"Y_COORD":5362303.12075,"BEAT":null,"ROT_ANGLE":null,"NODE_ID":null,"GLOBALID":"a40b4913-f0e8-44aa-b42f-cb57a4302a8a","CREATEDDATE":1520794199000,"LASTUPDATE":1643921058000}},{"type":"Feature","id":3575,"geometry":{"type":"Point","coordinates":[-89.2453671055036,48.3797715095464]},"properties":{"OBJECTID":3575,"LOC_ID":"FC0490","FDMID":null,"X_COORD":333744.54601,"Y_COORD":5360946.34378,"BEAT":null,"ROT_ANGLE":null,"NODE_ID":null,"GLOBALID":"41275bb6-981a-4204-a360-e4dfaa53d6fa","CREATEDDATE":1520794199000,"LASTUPDATE":1643921058000}},{"type":"Feature","id":3576,"geometry":{"type":"Point","coordinates":[-89.245362712152,48.3804526857477]},"properties":{"OBJECTID":3576,"LOC_ID":"FC1209","FDMID":null,"X_COORD":333747.09091,"Y_COORD":5361022.04247,"BEAT":null,"ROT_ANGLE":null,"NODE_ID":null,"GLOBALID":"357fddd4-2724-4653-bb2e-c5f884dda02a","CREATEDDATE":1520794199000,"LASTUPDATE":1643921058000}},{"type":"Feature","id":3577,"geometry":{"type":"Point","coordinates":[-89.2453804290387,48.3818207151391]},"properties":{"OBJECTID":3577,"LOC_ID":"FC1210","FDMID":null,"X_COORD":333750.23689,"Y_COORD":5361174.12823,"BEAT":null,"ROT_ANGLE":null,"NODE_ID":null,"GLOBALID":"de7d36f1-9271-4908-b610-4de5330c1224","CREATEDDATE":1520794199000,"LASTUPDATE":1643921058000}},{"type":"Feature","id":3578,"geometry":{"type":"Point","coordinates":[-89.2258320716693,48.4426550156464]},"properties":{"OBJECTID":3578,"LOC_ID":"PC0323","FDMID":null,"X_COORD":335394.10044,"Y_COORD":5367893.26373,"BEAT":null,"ROT_ANGLE":null,"NODE_ID":null,"GLOBALID":"0d28efc7-c085-4aa6-88c1-6ddfe7a2f24d","CREATEDDATE":1520794199000,"LASTUPDATE":1643921058000}},{"type":"Feature","id":3579,"geometry":{"type":"Point","coordinates":[-89.2892224760959,48.3967030867221]},"properties":{"OBJECTID":3579,"LOC_ID":"FC0973","FDMID":null,"X_COORD":330553.74639,"Y_COORD":5362924.2922,"BEAT":null,"ROT_ANGLE":null,"NODE_ID":null,"GLOBALID":"b03ef73d-0c67-48bc-8d30-e8d4e5fb36c1","CREATEDDATE":1520794199000,"LASTUPDATE":1643921058000}},{"type":"Feature","id":3580,"geometry":{"type":"Point","coordinates":[-89.2883973523444,48.3977047773299]},"properties":{"OBJECTID":3580,"LOC_ID":"FC0974","FDMID":null,"X_COORD":330618.1437,"Y_COORD":5363033.79595,"BEAT":null,"ROT_ANGLE":null,"NODE_ID":null,"GLOBALID":"295810bb-0a2f-42ff-b188-78fb4d4cf326","CREATEDDATE":1520794199000,"LASTUPDATE":1643921058000}},{"type":"Feature","id":3581,"geometry":{"type":"Point","coordinates":[-89.2325190546854,48.4320485004892]},"properties":{"OBJECTID":3581,"LOC_ID":"PC1256","FDMID":null,"X_COORD":334865.23542,"Y_COORD":5366728.79217,"BEAT":null,"ROT_ANGLE":null,"NODE_ID":null,"GLOBALID":"6b9a1c3d-fc41-4e34-9899-dc540b9ffdaf","CREATEDDATE":1520794199000,"LASTUPDATE":1643921058000}},{"type":"Feature","id":3582,"geometry":{"type":"Point","coordinates":[-89.2249015194667,48.3489405031084]},"properties":{"OBJECTID":3582,"LOC_ID":"FC1207","FDMID":4055,"X_COORD":335160.31689,"Y_COORD":5357475.47402,"BEAT":null,"ROT_ANGLE":null,"NODE_ID":null,"GLOBALID":"5bde9095-b761-4368-a1c1-02b97c4a85fe","CREATEDDATE":1520794199000,"LASTUPDATE":1643921058000}},{"type":"Feature","id":3583,"geometry":{"type":"Point","coordinates":[-89.2284822200708,48.3523984389509]},"properties":{"OBJECTID":3583,"LOC_ID":"FC1208","FDMID":4056,"X_COORD":334906.21462,"Y_COORD":5357867.50602,"BEAT":null,"ROT_ANGLE":null,"NODE_ID":null,"GLOBALID":"d2e230f5-0225-4440-9dc3-a148721f6f92","CREATEDDATE":1520794199000,"LASTUPDATE":1643921058000}},{"type":"Feature","id":3584,"geometry":{"type":"Point","coordinates":[-89.2727499252941,48.4313377918795]},"properties":{"OBJECTID":3584,"LOC_ID":"PC1258","FDMID":null,"X_COORD":331887.23939,"Y_COORD":5366737.39582,"BEAT":null,"ROT_ANGLE":null,"NODE_ID":null,"GLOBALID":"f79e8157-c7b4-4ff3-b163-b51c199c8fb7","CREATEDDATE":1520794199000,"LASTUPDATE":1643921058000}},{"type":"Feature","id":3585,"geometry":{"type":"Point","coordinates":[-89.2737661073297,48.4322228686972]},"properties":{"OBJECTID":3585,"LOC_ID":"PC1259","FDMID":null,"X_COORD":331846.90223,"Y_COORD":5366825.08785,"BEAT":null,"ROT_ANGLE":null,"NODE_ID":null,"GLOBALID":"fe541f88-e064-4f9f-b0d0-efb45ea1808d","CREATEDDATE":1520794199000,"LASTUPDATE":1643921058000}},{"type":"Feature","id":3586,"geometry":{"type":"Point","coordinates":[-89.3722103305376,48.311047066313]},"properties":{"OBJECTID":3586,"LOC_ID":"NP0074","FDMID":null,"X_COORD":324116.81403,"Y_COORD":5353591.27895,"BEAT":null,"ROT_ANGLE":null,"NODE_ID":null,"GLOBALID":"fddf80da-fa15-481e-84fa-d2ef56eb4844","CREATEDDATE":1520794199000,"LASTUPDATE":1643921058000}},{"type":"Feature","id":3587,"geometry":{"type":"Point","coordinates":[-89.2921253146042,48.3765790005645]},"properties":{"OBJECTID":3587,"LOC_ID":"FP0148","FDMID":null,"X_COORD":330271.99996,"Y_COORD":5360694.06986,"BEAT":null,"ROT_ANGLE":null,"NODE_ID":null,"GLOBALID":"5b9e1475-3f55-4914-a9bc-e2f48ba87444","CREATEDDATE":1520794199000,"LASTUPDATE":1643921058000}},{"type":"Feature","id":3588,"geometry":{"type":"Point","coordinates":[-89.3158555509038,48.3791866433325]},"properties":{"OBJECTID":3588,"LOC_ID":"NP0075","FDMID":null,"X_COORD":328523.67202,"Y_COORD":5361036.73559,"BEAT":null,"ROT_ANGLE":null,"NODE_ID":null,"GLOBALID":"8f3b0ec5-19e7-4b8e-afee-523134c4387a","CREATEDDATE":1520794199000,"LASTUPDATE":1643921058000}},{"type":"Feature","id":3589,"geometry":{"type":"Point","coordinates":[-89.3162338523065,48.3785868420975]},"properties":{"OBJECTID":3589,"LOC_ID":"NP0076","FDMID":null,"X_COORD":328493.64706,"Y_COORD":5360970.91902,"BEAT":null,"ROT_ANGLE":null,"NODE_ID":null,"GLOBALID":"25378019-d135-4546-97b7-1fbe874c5ea9","CREATEDDATE":1520794199000,"LASTUPDATE":1643921058000}},{"type":"Feature","id":3590,"geometry":{"type":"Point","coordinates":[-89.3168745899777,48.3779807686074]},"properties":{"OBJECTID":3590,"LOC_ID":"NP0077","FDMID":null,"X_COORD":328444.16917,"Y_COORD":5360904.99338,"BEAT":null,"ROT_ANGLE":null,"NODE_ID":null,"GLOBALID":"9e7f4543-0baf-4b11-ba43-615a9d55bc6c","CREATEDDATE":1520794199000,"LASTUPDATE":1643921059000}},{"type":"Feature","id":3591,"geometry":{"type":"Point","coordinates":[-89.3180669751116,48.3777049182428]},"properties":{"OBJECTID":3591,"LOC_ID":"NP0078","FDMID":null,"X_COORD":328354.95548,"Y_COORD":5360877.0067,"BEAT":null,"ROT_ANGLE":null,"NODE_ID":null,"GLOBALID":"6c147740-e7d5-4d11-b1b7-5a21f4fb63bd","CREATEDDATE":1520794199000,"LASTUPDATE":1643921059000}},{"type":"Feature","id":3592,"geometry":{"type":"Point","coordinates":[-89.3192156688927,48.3774396827135]},"properties":{"OBJECTID":3592,"LOC_ID":"NP0079","FDMID":null,"X_COORD":328269.01167,"Y_COORD":5360850.10314,"BEAT":null,"ROT_ANGLE":null,"NODE_ID":null,"GLOBALID":"b316aed6-c824-4b77-bd38-32ef5d0ab24c","CREATEDDATE":1520794199000,"LASTUPDATE":1643921059000}},{"type":"Feature","id":3593,"geometry":{"type":"Point","coordinates":[-89.3203689381989,48.3771703952227]},"properties":{"OBJECTID":3593,"LOC_ID":"NP0080","FDMID":null,"X_COORD":328182.71458,"Y_COORD":5360822.76081,"BEAT":null,"ROT_ANGLE":null,"NODE_ID":null,"GLOBALID":"5aa5b8e0-ae1f-4fe1-90fe-efe090bc589a","CREATEDDATE":1520794199000,"LASTUPDATE":1643921059000}},{"type":"Feature","id":3594,"geometry":{"type":"Point","coordinates":[-89.3209461254462,48.3770403246621]},"properties":{"OBJECTID":3594,"LOC_ID":"NP0081","FDMID":null,"X_COORD":328139.54018,"Y_COORD":5360809.59959,"BEAT":null,"ROT_ANGLE":null,"NODE_ID":null,"GLOBALID":"cd27ea9c-e610-49e3-920d-56e7331abe02","CREATEDDATE":1520794199000,"LASTUPDATE":1643921059000}},{"type":"Feature","id":3595,"geometry":{"type":"Point","coordinates":[-89.2864695877415,48.3789898442536]},"properties":{"OBJECTID":3595,"LOC_ID":"FC1213","FDMID":null,"X_COORD":330698.76118,"Y_COORD":5360949.50282,"BEAT":null,"ROT_ANGLE":null,"NODE_ID":null,"GLOBALID":"585ca5a9-0abd-44c9-95f1-533ac54d98ac","CREATEDDATE":1520794199000,"LASTUPDATE":1643921059000}},{"type":"Feature","id":3596,"geometry":{"type":"Point","coordinates":[-89.2862349836342,48.3798028666712]},"properties":{"OBJECTID":3596,"LOC_ID":"FC1212","FDMID":null,"X_COORD":330718.82697,"Y_COORD":5361039.34654,"BEAT":null,"ROT_ANGLE":null,"NODE_ID":null,"GLOBALID":"d3a93352-ae05-4bd9-936a-c28bf5f872b2","CREATEDDATE":1520794199000,"LASTUPDATE":1643921059000}},{"type":"Feature","id":3597,"geometry":{"type":"Point","coordinates":[-89.3019181250143,48.3681348993228]},"properties":{"OBJECTID":3597,"LOC_ID":"FC1215","FDMID":null,"X_COORD":329518.69897,"Y_COORD":5359777.30929,"BEAT":null,"ROT_ANGLE":null,"NODE_ID":null,"GLOBALID":"07e7a2bb-2013-4a5b-9daf-e92d6a8b5be6","CREATEDDATE":1520794199000,"LASTUPDATE":1643921059000}},{"type":"Feature","id":3598,"geometry":{"type":"Point","coordinates":[-89.2815153036415,48.3784700825019]},"properties":{"OBJECTID":3598,"LOC_ID":"FC1216","FDMID":null,"X_COORD":331063.85455,"Y_COORD":5360880.79678,"BEAT":null,"ROT_ANGLE":null,"NODE_ID":null,"GLOBALID":"c0de38b1-b774-4c7d-9c74-98c306809fe5","CREATEDDATE":1520794199000,"LASTUPDATE":1643921059000}},{"type":"Feature","id":3599,"geometry":{"type":"Point","coordinates":[-89.2797723773805,48.3761652640213]},"properties":{"OBJECTID":3599,"LOC_ID":"FC1217","FDMID":null,"X_COORD":331185.28073,"Y_COORD":5360620.78807,"BEAT":null,"ROT_ANGLE":null,"NODE_ID":null,"GLOBALID":"55fdad0d-3927-442c-849e-9ba8ed855117","CREATEDDATE":1520794199000,"LASTUPDATE":1643921059000}},{"type":"Feature","id":3600,"geometry":{"type":"Point","coordinates":[-89.2255314401619,48.4446073344471]},"properties":{"OBJECTID":3600,"LOC_ID":"PC1262","FDMID":null,"X_COORD":335422.63984,"Y_COORD":5368109.60651,"BEAT":null,"ROT_ANGLE":null,"NODE_ID":null,"GLOBALID":"75da1ba7-f84b-44cf-9a02-2dfff8648876","CREATEDDATE":1520794199000,"LASTUPDATE":1643921059000}},{"type":"Feature","id":3601,"geometry":{"type":"Point","coordinates":[-89.273715031705,48.4207793232148]},"properties":{"OBJECTID":3601,"LOC_ID":"PP0252","FDMID":null,"X_COORD":331781,"Y_COORD":5365566,"BEAT":null,"ROT_ANGLE":null,"NODE_ID":null,"GLOBALID":"46e773c5-c46e-4e2f-8918-8338b0fb2c5c","CREATEDDATE":1520794199000,"LASTUPDATE":1643921060000}},{"type":"Feature","id":3602,"geometry":{"type":"Point","coordinates":[-89.3123597575699,48.3254359612224]},"properties":{"OBJECTID":3602,"LOC_ID":"NC0641","FDMID":null,"X_COORD":328602.311,"Y_COORD":5355054.943,"BEAT":null,"ROT_ANGLE":null,"NODE_ID":null,"GLOBALID":"9e5689ef-7846-42e0-bb6f-9472617b8606","CREATEDDATE":1520794199000,"LASTUPDATE":1643921073000}},{"type":"Feature","id":3603,"geometry":{"type":"Point","coordinates":[-89.2743590391601,48.4216313101857]},"properties":{"OBJECTID":3603,"LOC_ID":"PC1326","FDMID":null,"X_COORD":331736.17,"Y_COORD":5365662.11,"BEAT":null,"ROT_ANGLE":null,"NODE_ID":null,"GLOBALID":"780c92f0-a46f-458e-8fae-427e0a5cfb95","CREATEDDATE":1520794199000,"LASTUPDATE":1643921073000}},{"type":"Feature","id":3604,"geometry":{"type":"Point","coordinates":[-89.2743152409233,48.4243286092031]},"properties":{"OBJECTID":3604,"LOC_ID":"PC1328","FDMID":null,"X_COORD":331748.32,"Y_COORD":5365961.8,"BEAT":null,"ROT_ANGLE":null,"NODE_ID":null,"GLOBALID":"6d7504ca-bc0d-4804-8038-67329afc7a82","CREATEDDATE":1520794199000,"LASTUPDATE":1643921073000}},{"type":"Feature","id":3605,"geometry":{"type":"Point","coordinates":[-89.2743139927632,48.4257051641767]},"properties":{"OBJECTID":3605,"LOC_ID":"PC1329","FDMID":null,"X_COORD":331752.99,"Y_COORD":5366114.79,"BEAT":null,"ROT_ANGLE":null,"NODE_ID":null,"GLOBALID":"0526cdf9-4017-4441-aa1d-70a3ae99aac2","CREATEDDATE":1520794199000,"LASTUPDATE":1643921074000}},{"type":"Feature","id":3606,"geometry":{"type":"Point","coordinates":[-89.2743136541646,48.4270310529653]},"properties":{"OBJECTID":3606,"LOC_ID":"PC1330","FDMID":null,"X_COORD":331757.36,"Y_COORD":5366262.16,"BEAT":null,"ROT_ANGLE":null,"NODE_ID":null,"GLOBALID":"071986fc-ee65-4dd3-bf61-94d32ae7e424","CREATEDDATE":1520794199000,"LASTUPDATE":1643921074000}},{"type":"Feature","id":3607,"geometry":{"type":"Point","coordinates":[-89.2405149543109,48.4041290316718]},"properties":{"OBJECTID":3607,"LOC_ID":"PP0272","FDMID":null,"X_COORD":334183,"Y_COORD":5363643,"BEAT":null,"ROT_ANGLE":null,"NODE_ID":null,"GLOBALID":"e3e7888d-1191-42a1-8342-0570ce122c3c","CREATEDDATE":1520794199000,"LASTUPDATE":1643921074000}},{"type":"Feature","id":3608,"geometry":{"type":"Point","coordinates":[-89.3121619071934,48.3881830187602]},"properties":{"OBJECTID":3608,"LOC_ID":"NC0670","FDMID":null,"X_COORD":328828,"Y_COORD":5362028,"BEAT":null,"ROT_ANGLE":360,"NODE_ID":null,"GLOBALID":"72829529-b2cf-46a3-9483-53f95efc38b1","CREATEDDATE":1553175274000,"LASTUPDATE":1643921076000}},{"type":"Feature","id":3609,"geometry":{"type":"Point","coordinates":[-89.3105554702272,48.3883317898116]},"properties":{"OBJECTID":3609,"LOC_ID":"NC0671","FDMID":null,"X_COORD":328945,"Y_COORD":5362041,"BEAT":null,"ROT_ANGLE":null,"NODE_ID":null,"GLOBALID":"5218d721-21e4-4e49-b0bc-c6d898d588f1","CREATEDDATE":1553179331000,"LASTUPDATE":1643921076000}},{"type":"Feature","id":3610,"geometry":{"type":"Point","coordinates":[-89.3097791438691,48.3891701121223]},"properties":{"OBJECTID":3610,"LOC_ID":"NC0672","FDMID":null,"X_COORD":329007,"Y_COORD":5362133,"BEAT":null,"ROT_ANGLE":null,"NODE_ID":null,"GLOBALID":"623807a7-9223-4dbf-a76d-106cba51a4ce","CREATEDDATE":1553179648000,"LASTUPDATE":1643921076000}},{"type":"Feature","id":3611,"geometry":{"type":"Point","coordinates":[-89.3714933503446,48.3668540856139]},"properties":{"OBJECTID":3611,"LOC_ID":"NC0676","FDMID":null,"X_COORD":324361.4,"Y_COORD":5359791.6,"BEAT":null,"ROT_ANGLE":null,"NODE_ID":null,"GLOBALID":"2210dceb-e9f1-4c06-8ad7-60989431f630","CREATEDDATE":1603905705000,"LASTUPDATE":1643921077000}},{"type":"Feature","id":3612,"geometry":{"type":"Point","coordinates":[-89.3699815196071,48.3668743482848]},"properties":{"OBJECTID":3612,"LOC_ID":"NC0677","FDMID":null,"X_COORD":324472.9,"Y_COORD":5359790.6,"BEAT":null,"ROT_ANGLE":null,"NODE_ID":null,"GLOBALID":"76de9c26-654d-470d-a79b-2099aa6b51ab","CREATEDDATE":1603907033000,"LASTUPDATE":1643921077000}},{"type":"Feature","id":3613,"geometry":{"type":"Point","coordinates":[-89.3700601132099,48.3658177713279]},"properties":{"OBJECTID":3613,"LOC_ID":"NC0678","FDMID":null,"X_COORD":324463.2,"Y_COORD":5359673.9,"BEAT":null,"ROT_ANGLE":null,"NODE_ID":null,"GLOBALID":"847d2daf-00c3-4361-b4e2-56de5610cfe0","CREATEDDATE":1603909724000,"LASTUPDATE":1643921077000}},{"type":"Feature","id":3614,"geometry":{"type":"Point","coordinates":[-89.3700633631897,48.3645857671034]},"properties":{"OBJECTID":3614,"LOC_ID":"NC0679","FDMID":null,"X_COORD":324458.8,"Y_COORD":5359537,"BEAT":null,"ROT_ANGLE":null,"NODE_ID":null,"GLOBALID":"acbf8afa-05d6-416a-a060-7379855b12ff","CREATEDDATE":1603910417000,"LASTUPDATE":1643921077000}},{"type":"Feature","id":3615,"geometry":{"type":"Point","coordinates":[-89.3701204981862,48.3635422141822]},"properties":{"OBJECTID":3615,"LOC_ID":"NC0680","FDMID":null,"X_COORD":324451.7,"Y_COORD":5359421.9,"BEAT":null,"ROT_ANGLE":null,"NODE_ID":null,"GLOBALID":"75d371c4-ec24-45a1-a851-9379dac355e0","CREATEDDATE":1603911003000,"LASTUPDATE":1643921077000}},{"type":"Feature","id":3616,"geometry":{"type":"Point","coordinates":[-89.2663672454636,48.4614039004369]},"properties":{"OBJECTID":3616,"LOC_ID":"MC0373","FDMID":null,"X_COORD":5370065.077,"Y_COORD":332458.308,"BEAT":null,"ROT_ANGLE":null,"NODE_ID":null,"GLOBALID":"8956e8a8-e562-45f4-8fe8-652d038d6c73","CREATEDDATE":1661204635000,"LASTUPDATE":1678743096000}},{"type":"Feature","id":3617,"geometry":{"type":"Point","coordinates":[-89.2657249820032,48.4610604572493]},"properties":{"OBJECTID":3617,"LOC_ID":"MC0374","FDMID":null,"X_COORD":5370025.737,"Y_COORD":332504.235,"BEAT":null,"ROT_ANGLE":null,"NODE_ID":null,"GLOBALID":"c1b66a0f-d655-4c8c-9f90-252d6c45c86e","CREATEDDATE":1661205195000,"LASTUPDATE":1678743492000}},{"type":"Feature","id":3618,"geometry":{"type":"Point","coordinates":[-89.2643549960298,48.4614601184874]},"properties":{"OBJECTID":3618,"LOC_ID":"MC0375","FDMID":null,"X_COORD":5370067.214,"Y_COORD":332606.803,"BEAT":null,"ROT_ANGLE":null,"NODE_ID":null,"GLOBALID":"00956eed-8cd1-45fa-a961-07496708f3e6","CREATEDDATE":1661205639000,"LASTUPDATE":1661273999000}},{"type":"Feature","id":3619,"geometry":{"type":"Point","coordinates":[-89.2418519227223,48.4260277569102]},"properties":{"OBJECTID":3619,"LOC_ID":"PC1383","FDMID":null,"X_COORD":334154.922,"Y_COORD":5366080.058,"BEAT":"N 3","ROT_ANGLE":null,"NODE_ID":null,"GLOBALID":"6cdbce0e-851c-4afa-a3ad-ac071284883b","CREATEDDATE":1677266514000,"LASTUPDATE":1677281566000}},{"type":"Feature","id":3620,"geometry":{"type":"Point","coordinates":[-89.2430061377172,48.4170597471051]},"properties":{"OBJECTID":3620,"LOC_ID":"PC0824","FDMID":2540,"X_COORD":334039.61827,"Y_COORD":5365090.04888,"BEAT":"N 2","ROT_ANGLE":0,"NODE_ID":6562,"GLOBALID":"2f54c813-e9d1-41ff-8b9b-2ab7ecbbd5de","CREATEDDATE":1520794199000,"LASTUPDATE":1752515345000}},{"type":"Feature","id":3621,"geometry":{"type":"Point","coordinates":[-89.2800708258581,48.3801051253127]},"properties":{"OBJECTID":3621,"LOC_ID":"FC1109","FDMID":1098,"X_COORD":331171.52431,"Y_COORD":5361059.77457,"BEAT":"S 5","ROT_ANGLE":360,"NODE_ID":577,"GLOBALID":"09353b9b-43d4-40d3-a273-36a861ef57bb","CREATEDDATE":1520794199000,"LASTUPDATE":1769545084000}},{"type":"Feature","id":3622,"geometry":{"type":"Point","coordinates":[-89.1916690564684,48.4699407083254]},"properties":{"OBJECTID":3622,"LOC_ID":"PC0864","FDMID":2580,"X_COORD":338006.18774,"Y_COORD":5370853.30187,"BEAT":"N 11","ROT_ANGLE":0,"NODE_ID":5867,"GLOBALID":"b829b899-0c8a-4d82-ac6d-26d762118119","CREATEDDATE":1520794199000,"LASTUPDATE":1741641390000}},{"type":"Feature","id":3623,"geometry":{"type":"Point","coordinates":[-89.1851119740637,48.4644036779657]},"properties":{"OBJECTID":3623,"LOC_ID":"PC0039","FDMID":1763,"X_COORD":338474.39357,"Y_COORD":5370223.50527,"BEAT":"N 11","ROT_ANGLE":0,"NODE_ID":2078,"GLOBALID":"44d5ef73-4577-404f-9a3d-3b607f55a6bf","CREATEDDATE":1520794199000,"LASTUPDATE":1710452470000}},{"type":"Feature","id":3624,"geometry":{"type":"Point","coordinates":[-89.2135492651434,48.4388887339398]},"properties":{"OBJECTID":3624,"LOC_ID":"PC0388","FDMID":2111,"X_COORD":336289.07209,"Y_COORD":5367448.79089,"BEAT":"N7","ROT_ANGLE":360,"NODE_ID":9301,"GLOBALID":"a4cccf44-9885-495c-86e6-fb25fe76f48f","CREATEDDATE":1520794199000,"LASTUPDATE":1772666846000}},{"type":"Feature","id":3625,"geometry":{"type":"Point","coordinates":[-89.2584872453596,48.4133187562671]},"properties":{"OBJECTID":3625,"LOC_ID":"PC1109","FDMID":2823,"X_COORD":332885.83702,"Y_COORD":5364707.94814,"BEAT":"N 1","ROT_ANGLE":0,"NODE_ID":9740,"GLOBALID":"ed4b1c73-9def-4364-bebc-057c8f2458eb","CREATEDDATE":1520794199000,"LASTUPDATE":1750459441000}},{"type":"Feature","id":3626,"geometry":{"type":"Point","coordinates":[-89.2839657616777,48.3875721929285]},"properties":{"OBJECTID":3626,"LOC_ID":"FC0435","FDMID":428,"X_COORD":330909.23977,"Y_COORD":5361900.78091,"BEAT":"S 1","ROT_ANGLE":0,"NODE_ID":7570,"GLOBALID":"1599968e-6893-40e7-a518-0859f2e3ec09","CREATEDDATE":1520794199000,"LASTUPDATE":1746474101000}},{"type":"Feature","id":3627,"geometry":{"type":"Point","coordinates":[-89.2405143364203,48.3867710428528]},"properties":{"OBJECTID":3627,"LOC_ID":"FC0698","FDMID":689,"X_COORD":334132.42518,"Y_COORD":5361723.57847,"BEAT":"S 11","ROT_ANGLE":360,"NODE_ID":6707,"GLOBALID":"bc21dac6-6276-42f6-8113-1bcc13638418","CREATEDDATE":1520794199000,"LASTUPDATE":1778622248000}},{"type":"Feature","id":3628,"geometry":{"type":"Point","coordinates":[-89.368424485494,48.366451686889]},"properties":{"OBJECTID":3628,"LOC_ID":"NC0071","FDMID":1249,"X_COORD":324586.3229,"Y_COORD":5359732.25201,"BEAT":"S 14","ROT_ANGLE":360,"NODE_ID":784,"GLOBALID":"d610af28-e38c-41d3-b37f-0ca52f442d5b","CREATEDDATE":1520794199000,"LASTUPDATE":1765497204000}},{"type":"Feature","id":3629,"geometry":{"type":"Point","coordinates":[-89.2857738294753,48.3617541912312]},"properties":{"OBJECTID":3629,"LOC_ID":"FC0423","FDMID":417,"X_COORD":330697.03266,"Y_COORD":5359031.03473,"BEAT":"S 3","ROT_ANGLE":0,"NODE_ID":8179,"GLOBALID":"3e434dd6-570b-4645-a45c-a43841014418","CREATEDDATE":1520794199000,"LASTUPDATE":1753297668000}},{"type":"Feature","id":3630,"geometry":{"type":"Point","coordinates":[-89.2046527410096,48.4481654323039]},"properties":{"OBJECTID":3630,"LOC_ID":"PC0154","FDMID":1877,"X_COORD":336975.38889,"Y_COORD":5368460.97342,"BEAT":"N 10","ROT_ANGLE":0,"NODE_ID":951,"GLOBALID":"e6ffd7a0-4b10-47e5-9d32-ceccb700d090","CREATEDDATE":1520794199000,"LASTUPDATE":1701978697000}},{"type":"Feature","id":3631,"geometry":{"type":"Point","coordinates":[-89.360867997451,48.3578866853065]},"properties":{"OBJECTID":3631,"LOC_ID":"NC0106","FDMID":1285,"X_COORD":325120.71599,"Y_COORD":5358773.31492,"BEAT":"S 15","ROT_ANGLE":0,"NODE_ID":5329,"GLOBALID":"28c9655d-cf1e-406c-82d8-929b1f9cedf4","CREATEDDATE":1520794199000,"LASTUPDATE":1698964149000}},{"type":"Feature","id":3632,"geometry":{"type":"Point","coordinates":[-89.2441742651793,48.3931282292238]},"properties":{"OBJECTID":3632,"LOC_ID":"FC0798","FDMID":789,"X_COORD":333877.75894,"Y_COORD":5362427.00068,"BEAT":"S 11","ROT_ANGLE":0,"NODE_ID":428,"GLOBALID":"829abcd4-e0ab-46a0-bced-109bc38fe28f","CREATEDDATE":1520794199000,"LASTUPDATE":1752515175000}},{"type":"Feature","id":3633,"geometry":{"type":"Point","coordinates":[-89.2399358860316,48.3879009689492]},"properties":{"OBJECTID":3633,"LOC_ID":"FC0136","FDMID":129,"X_COORD":334170.03286,"Y_COORD":5361838.7882,"BEAT":"S 11","ROT_ANGLE":360,"NODE_ID":3779,"GLOBALID":"0a14da40-f4ca-4ef8-a649-a127629597b5","CREATEDDATE":1520794199000,"LASTUPDATE":1773945184000}},{"type":"Feature","id":3634,"geometry":{"type":"Point","coordinates":[-89.2580145492515,48.3843040155683]},"properties":{"OBJECTID":3634,"LOC_ID":"FC0065","FDMID":58,"X_COORD":332825.48271,"Y_COORD":5361476.74532,"BEAT":"S 8","ROT_ANGLE":311.9,"NODE_ID":5467,"GLOBALID":"1c6f1b40-a485-44ec-8c51-377e3bbe207e","CREATEDDATE":1520794199000,"LASTUPDATE":1739478727000}},{"type":"Feature","id":3635,"geometry":{"type":"Point","coordinates":[-89.2665524262513,48.3527670800906]},"properties":{"OBJECTID":3635,"LOC_ID":"FC1291","FDMID":1688,"X_COORD":332100.31254,"Y_COORD":5357985.97284,"BEAT":"S 12","ROT_ANGLE":360,"NODE_ID":2630,"GLOBALID":"ed8ddf7b-741c-4f41-ba8c-d6f8cbee9698","CREATEDDATE":1520794199000,"LASTUPDATE":1774554122000}},{"type":"Feature","id":3636,"geometry":{"type":"Point","coordinates":[-89.3046305078503,48.342792048619]},"properties":{"OBJECTID":3636,"LOC_ID":"NP0091","FDMID":1611,"X_COORD":329233.16834,"Y_COORD":5356966.67351,"BEAT":"S 17","ROT_ANGLE":0,"NODE_ID":7077,"GLOBALID":"de9bde35-4091-4afc-bce7-847257afd6a9","CREATEDDATE":1520794199000,"LASTUPDATE":1769625556000}},{"type":"Feature","id":3637,"geometry":{"type":"Point","coordinates":[-89.226899706153,48.4556923795168]},"properties":{"OBJECTID":3637,"LOC_ID":"PC0215","FDMID":1938,"X_COORD":335357.30812,"Y_COORD":5369344.59941,"BEAT":"N 8","ROT_ANGLE":0,"NODE_ID":10191,"GLOBALID":"c617a000-efc9-41c7-b6cb-9582012863a1","CREATEDDATE":1520794199000,"LASTUPDATE":1765415169000}},{"type":"Feature","id":3638,"geometry":{"type":"Point","coordinates":[-89.2288687773721,48.4449095291616]},"properties":{"OBJECTID":3638,"LOC_ID":"PC0345","FDMID":2068,"X_COORD":335163.21814,"Y_COORD":5368159.49682,"BEAT":"N 6","ROT_ANGLE":360,"NODE_ID":2752,"GLOBALID":"43be78d0-4d7a-40b0-bb5a-8260185ffe92","CREATEDDATE":1520794199000,"LASTUPDATE":1773685382000}},{"type":"Feature","id":3639,"geometry":{"type":"Point","coordinates":[-89.2800627354318,48.3733443955725]},"properties":{"OBJECTID":3639,"LOC_ID":"FC0138","FDMID":131,"X_COORD":331126.30217,"Y_COORD":5360305.84458,"BEAT":"S 5","ROT_ANGLE":0,"NODE_ID":9928,"GLOBALID":"28afed9c-0191-4685-82c4-2a0db5272f71","CREATEDDATE":1520794199000,"LASTUPDATE":1752514641000}},{"type":"Feature","id":3640,"geometry":{"type":"Point","coordinates":[-89.2057922386128,48.4503505837786]},"properties":{"OBJECTID":3640,"LOC_ID":"PC0139","FDMID":1862,"X_COORD":336897.52854,"Y_COORD":5368712.35672,"BEAT":null,"ROT_ANGLE":0,"NODE_ID":7606,"GLOBALID":"7e883a16-ebfb-4ec6-94ec-14a207cd7a2c","CREATEDDATE":1520794199000,"LASTUPDATE":1700859285000}},{"type":"Feature","id":3641,"geometry":{"type":"Point","coordinates":[-89.2141535756854,48.4485568213796]},"properties":{"OBJECTID":3641,"LOC_ID":"PC0116","FDMID":1839,"X_COORD":336276.05808,"Y_COORD":5368522.07525,"BEAT":"N 10","ROT_ANGLE":0,"NODE_ID":4595,"GLOBALID":"10f543ab-a7d5-458e-8dcd-53f41be661e5","CREATEDDATE":1520794199000,"LASTUPDATE":1750100832000}},{"type":"Feature","id":3642,"geometry":{"type":"Point","coordinates":[-89.2702525547251,48.4433626474262]},"properties":{"OBJECTID":3642,"LOC_ID":"MC0204","FDMID":3201,"X_COORD":332112.02172,"Y_COORD":5368067.89003,"BEAT":"N 13","ROT_ANGLE":0,"NODE_ID":2965,"GLOBALID":"85cf7c71-0a5f-446c-881a-d3731be861f9","CREATEDDATE":1520794199000,"LASTUPDATE":1738979883000}},{"type":"Feature","id":3643,"geometry":{"type":"Point","coordinates":[-89.2386858953838,48.3894266047799]},"properties":{"OBJECTID":3643,"LOC_ID":"FC0636","FDMID":628,"X_COORD":334269.8319,"Y_COORD":5362003.72823,"BEAT":"S 11","ROT_ANGLE":0,"NODE_ID":4876,"GLOBALID":"e583b9ad-2764-43f5-8447-678afd7184fd","CREATEDDATE":1520794199000,"LASTUPDATE":1743719740000}},{"type":"Feature","id":3644,"geometry":{"type":"Point","coordinates":[-89.3072430146472,48.3794067400254]},"properties":{"OBJECTID":3644,"LOC_ID":"NC0260","FDMID":1436,"X_COORD":329157.12585,"Y_COORD":5361038.89879,"BEAT":"S 2","ROT_ANGLE":0,"NODE_ID":5213,"GLOBALID":"61dd31b2-7298-4f92-b3cb-753615228707","CREATEDDATE":1520794199000,"LASTUPDATE":1741799307000}},{"type":"Feature","id":3645,"geometry":{"type":"Point","coordinates":[-89.1513856973785,48.4787310887598]},"properties":{"OBJECTID":3645,"LOC_ID":"PC0062","FDMID":1786,"X_COORD":341012.38448,"Y_COORD":5371756.32242,"BEAT":"N 11","ROT_ANGLE":0,"NODE_ID":4704,"GLOBALID":"ce05ee24-ca88-468a-99bc-43d8fe84f10e","CREATEDDATE":1520794199000,"LASTUPDATE":1752515591000}},{"type":"Feature","id":3646,"geometry":{"type":"Point","coordinates":[-89.2018254027927,48.4455100198343]},"properties":{"OBJECTID":3646,"LOC_ID":"PC1096","FDMID":2810,"X_COORD":337181.35216,"Y_COORD":5368192.35083,"BEAT":"N 10","ROT_ANGLE":0,"NODE_ID":3615,"GLOBALID":"25cc1221-351d-490c-b6bf-1478df838454","CREATEDDATE":1520794199000,"LASTUPDATE":1738955074000}},{"type":"Feature","id":3647,"geometry":{"type":"Point","coordinates":[-89.2787043492004,48.3682747575192]},"properties":{"OBJECTID":3647,"LOC_ID":"FC0094","FDMID":87,"X_COORD":331235.01078,"Y_COORD":5359741.8067,"BEAT":"S 6","ROT_ANGLE":0,"NODE_ID":7433,"GLOBALID":"36699e6c-bf08-4295-8876-ae9aeb826779","CREATEDDATE":1520794199000,"LASTUPDATE":1711059529000}},{"type":"Feature","id":3648,"geometry":{"type":"Point","coordinates":[-89.2418212419225,48.4415339179782]},"properties":{"OBJECTID":3648,"LOC_ID":"PP0031","FDMID":2901,"X_COORD":334216.90288,"Y_COORD":5367810.79998,"BEAT":"N 5","ROT_ANGLE":0,"NODE_ID":6177,"GLOBALID":"6f10edb8-4caf-418b-9c8f-1d64f769e1c7","CREATEDDATE":1520794199000,"LASTUPDATE":1749663443000}},{"type":"Feature","id":3649,"geometry":{"type":"Point","coordinates":[-89.2242122533845,48.4303325515136]},"properties":{"OBJECTID":3649,"LOC_ID":"PC0531","FDMID":2251,"X_COORD":335480.84451,"Y_COORD":5366522.01304,"BEAT":"N7","ROT_ANGLE":0,"NODE_ID":6671,"GLOBALID":"d6b70fcc-bf86-4ffa-8ab7-4b1886ff5a09","CREATEDDATE":1520794199000,"LASTUPDATE":1752776408000}},{"type":"Feature","id":3650,"geometry":{"type":"Point","coordinates":[-89.2604688606356,48.3900886387907]},"properties":{"OBJECTID":3650,"LOC_ID":"FC1158","FDMID":3332,"X_COORD":332650.81315,"Y_COORD":5362108.56023,"BEAT":"S 9","ROT_ANGLE":0,"NODE_ID":8297,"GLOBALID":"8f3ab64b-45ae-42ba-a983-64b63c4ad870","CREATEDDATE":1520794199000,"LASTUPDATE":1738808013000}},{"type":"Feature","id":3651,"geometry":{"type":"Point","coordinates":[-89.2482603466385,48.3861811485122]},"properties":{"OBJECTID":3651,"LOC_ID":"FC0442","FDMID":435,"X_COORD":333550.65545,"Y_COORD":5361662.56625,"BEAT":"S 9","ROT_ANGLE":360,"NODE_ID":10128,"GLOBALID":"89f7e0a7-8fa9-4122-b347-29e0f4ea42f9","CREATEDDATE":1520794199000,"LASTUPDATE":1774545970000}},{"type":"Feature","id":3652,"geometry":{"type":"Point","coordinates":[-89.3608901021887,48.3564976236001]},"properties":{"OBJECTID":3652,"LOC_ID":"NC0425","FDMID":1599,"X_COORD":325111.23989,"Y_COORD":5358616.21591,"BEAT":"S 15","ROT_ANGLE":0,"NODE_ID":8677,"GLOBALID":"6b079826-1190-4023-92b9-484e710a87ac","CREATEDDATE":1520794199000,"LASTUPDATE":1698968078000}},{"type":"Feature","id":3653,"geometry":{"type":"Point","coordinates":[-89.190761452547,48.4736877720226]},"properties":{"OBJECTID":3653,"LOC_ID":"PC0089","FDMID":1812,"X_COORD":338085.06928,"Y_COORD":5371271.70367,"BEAT":"N 11","ROT_ANGLE":0,"NODE_ID":9662,"GLOBALID":"4e9f9321-c6f4-4bce-a32e-d79144741d85","CREATEDDATE":1520794199000,"LASTUPDATE":1739394472000}},{"type":"Feature","id":3654,"geometry":{"type":"Point","coordinates":[-89.2547740888451,48.4376572037008]},"properties":{"OBJECTID":3654,"LOC_ID":"PC0868","FDMID":2584,"X_COORD":333235.82332,"Y_COORD":5367400.22923,"BEAT":"N 4","ROT_ANGLE":0,"NODE_ID":4684,"GLOBALID":"919ee21c-0e2e-4d9f-9ca8-ff70c58bdd99","CREATEDDATE":1520794199000,"LASTUPDATE":1741119064000}},{"type":"Feature","id":3655,"geometry":{"type":"Point","coordinates":[-89.2342580793628,48.4334977628065]},"properties":{"OBJECTID":3655,"LOC_ID":"PC0577","FDMID":2297,"X_COORD":334738.69206,"Y_COORD":5366894.39141,"BEAT":"N 6","ROT_ANGLE":0,"NODE_ID":7656,"GLOBALID":"e8e697a4-84a7-432b-a775-28d6dedbabb8","CREATEDDATE":1520794199000,"LASTUPDATE":1733169324000}},{"type":"Feature","id":3656,"geometry":{"type":"Point","coordinates":[-89.2686161387157,48.3751288818564]},"properties":{"OBJECTID":3656,"LOC_ID":"FC0781","FDMID":772,"X_COORD":331972.12361,"Y_COORD":5360401.67639,"BEAT":"S 8","ROT_ANGLE":360,"NODE_ID":497,"GLOBALID":"6b4f4a48-6af5-4f2d-9806-1b45efa9f9ff","CREATEDDATE":1520794199000,"LASTUPDATE":1777311871000}},{"type":"Feature","id":3657,"geometry":{"type":"Point","coordinates":[-89.3644359903579,48.3625372091074]},"properties":{"OBJECTID":3657,"LOC_ID":"NC0060","FDMID":1238,"X_COORD":324870.8925,"Y_COORD":5359302.81917,"BEAT":"S 14","ROT_ANGLE":44.7,"NODE_ID":10261,"GLOBALID":"2fb62705-000a-43dd-8144-9d4974d9b3e1","CREATEDDATE":1520794199000,"LASTUPDATE":1777661739000}},{"type":"Feature","id":3658,"geometry":{"type":"Point","coordinates":[-89.3562333180709,48.318488427814]},"properties":{"OBJECTID":3658,"LOC_ID":"NC0464","FDMID":1637,"X_COORD":325332.52501,"Y_COORD":5354387.83011,"BEAT":"S 17","ROT_ANGLE":360,"NODE_ID":967,"GLOBALID":"4409c93d-d33c-4dbf-8f02-be5f95eeb459","CREATEDDATE":1520794199000,"LASTUPDATE":1775602651000}},{"type":"Feature","id":3659,"geometry":{"type":"Point","coordinates":[-89.190783425195,48.4708488608629]},"properties":{"OBJECTID":3659,"LOC_ID":"PC0857","FDMID":2573,"X_COORD":338076.49302,"Y_COORD":5370950.15819,"BEAT":"N 11","ROT_ANGLE":0,"NODE_ID":9748,"GLOBALID":"9e71484b-e027-4bd8-aeb3-edd17f9d759c","CREATEDDATE":1520794199000,"LASTUPDATE":1739387903000}},{"type":"Feature","id":3660,"geometry":{"type":"Point","coordinates":[-89.2044315460554,48.4510322168027]},"properties":{"OBJECTID":3660,"LOC_ID":"PC1134","FDMID":2848,"X_COORD":337005.36598,"Y_COORD":5368782.39781,"BEAT":"N 10","ROT_ANGLE":0,"NODE_ID":8847,"GLOBALID":"fae1f448-fba6-462d-9d36-ab7ea3ac141d","CREATEDDATE":1520794199000,"LASTUPDATE":1700857774000}},{"type":"Feature","id":3661,"geometry":{"type":"Point","coordinates":[-89.2333393622742,48.4269502843743]},"properties":{"OBJECTID":3661,"LOC_ID":"PC0547","FDMID":2267,"X_COORD":334791.89296,"Y_COORD":5366162.56395,"BEAT":"N 3","ROT_ANGLE":360,"NODE_ID":3135,"GLOBALID":"d19efca4-2179-4d02-9136-e2c8b7248bf1","CREATEDDATE":1520794199000,"LASTUPDATE":1774375317000}},{"type":"Feature","id":3662,"geometry":{"type":"Point","coordinates":[-89.2839283538284,48.385628675907]},"properties":{"OBJECTID":3662,"LOC_ID":"FC0509","FDMID":501,"X_COORD":330908.13692,"Y_COORD":5361682.08267,"BEAT":"S 5","ROT_ANGLE":0,"NODE_ID":10150,"GLOBALID":"81dca7b4-17e2-4b01-a8c2-1eb59a7c2798","CREATEDDATE":1520794199000,"LASTUPDATE":1710459532000}},{"type":"Feature","id":3663,"geometry":{"type":"Point","coordinates":[-89.3095251646562,48.3424291646915]},"properties":{"OBJECTID":3663,"LOC_ID":"NC0284","FDMID":1460,"X_COORD":328813.03369,"Y_COORD":5356893.98154,"BEAT":"S 17","ROT_ANGLE":360,"NODE_ID":4322,"GLOBALID":"f12071d4-5180-4b22-a790-72c71522aa26","CREATEDDATE":1520794199000,"LASTUPDATE":1774296048000}},{"type":"Feature","id":3664,"geometry":{"type":"Point","coordinates":[-89.216219233804,48.438036732428]},"properties":{"OBJECTID":3664,"LOC_ID":"PC0394","FDMID":2117,"X_COORD":336086.80009,"Y_COORD":5367359.20881,"BEAT":"N 7","ROT_ANGLE":360,"NODE_ID":6157,"GLOBALID":"9fadc05e-c58d-4dd4-b83d-9d9536a6a762","CREATEDDATE":1520794199000,"LASTUPDATE":1773683819000}},{"type":"Feature","id":3665,"geometry":{"type":"Point","coordinates":[-89.2765701853621,48.3671806846748]},"properties":{"OBJECTID":3665,"LOC_ID":"FC0275","FDMID":270,"X_COORD":331309.11228,"Y_COORD":5359617.66308,"BEAT":"S 6","ROT_ANGLE":0,"NODE_ID":3951,"GLOBALID":"ac81c288-e6cf-48e9-8c95-25e6c37018f2","CREATEDDATE":1520794199000,"LASTUPDATE":1693928634000}},{"type":"Feature","id":3666,"geometry":{"type":"Point","coordinates":[-89.2329896159788,48.4503686391343]},"properties":{"OBJECTID":3666,"LOC_ID":"PC0823","FDMID":2539,"X_COORD":334889.81628,"Y_COORD":5368766.01586,"BEAT":"N 8","ROT_ANGLE":0,"NODE_ID":9875,"GLOBALID":"25e3f496-0c71-41f7-b002-5138370f5417","CREATEDDATE":1520794199000,"LASTUPDATE":1751650891000}},{"type":"Feature","id":3667,"geometry":{"type":"Point","coordinates":[-89.2687817046869,48.3791429609458]},"properties":{"OBJECTID":3667,"LOC_ID":"FC0420","FDMID":414,"X_COORD":332008.87369,"Y_COORD":5360927.57566,"BEAT":"S 7","ROT_ANGLE":0,"NODE_ID":4791,"GLOBALID":"1fcb1fd0-0ae4-416b-b8d5-0d162ef0ae49","CREATEDDATE":1520794199000,"LASTUPDATE":1718060740000}},{"type":"Feature","id":3668,"geometry":{"type":"Point","coordinates":[-89.3561958530963,48.3738577007532]},"properties":{"OBJECTID":3668,"LOC_ID":"NC0535","FDMID":3461,"X_COORD":325520.32277,"Y_COORD":5360534.47639,"BEAT":"S 13","ROT_ANGLE":360,"NODE_ID":9454,"GLOBALID":"0dca0d72-4005-41bd-9f16-c0235765895e","CREATEDDATE":1520794199000,"LASTUPDATE":1765586497000}},{"type":"Feature","id":3669,"geometry":{"type":"Point","coordinates":[-89.2813662315017,48.3682735250287]},"properties":{"OBJECTID":3669,"LOC_ID":"FC0093","FDMID":86,"X_COORD":331044.00764,"Y_COORD":5359746.13591,"BEAT":"S 6","ROT_ANGLE":0,"NODE_ID":7281,"GLOBALID":"966e31c6-0510-4eb9-acc1-b1f3ac890b56","CREATEDDATE":1520794199000,"LASTUPDATE":1710977536000}},{"type":"Feature","id":3670,"geometry":{"type":"Point","coordinates":[-89.2686131961433,48.4421053284943]},"properties":{"OBJECTID":3670,"LOC_ID":"MC0187","FDMID":3184,"X_COORD":332227.60675,"Y_COORD":5367924.96881,"BEAT":"N 13","ROT_ANGLE":0,"NODE_ID":2531,"GLOBALID":"81352ca6-64c9-4df2-99fe-1ca07b6845d5","CREATEDDATE":1520794199000,"LASTUPDATE":1739214393000}},{"type":"Feature","id":3671,"geometry":{"type":"Point","coordinates":[-89.2839054595646,48.4098699774041]},"properties":{"OBJECTID":3671,"LOC_ID":"PC0679","FDMID":3507,"X_COORD":330991.22454,"Y_COORD":5364378.28798,"BEAT":"N 1","ROT_ANGLE":360,"NODE_ID":2254,"GLOBALID":"5e9d55fb-6040-460b-84ae-39cc142c44a1","CREATEDDATE":1520794199000,"LASTUPDATE":1763584369000}},{"type":"Feature","id":3672,"geometry":{"type":"Point","coordinates":[-89.2501691213259,48.4072935325674]},"properties":{"OBJECTID":3672,"LOC_ID":"PC0661","FDMID":3589,"X_COORD":333476.87011,"Y_COORD":5364015.92075,"BEAT":"N 2","ROT_ANGLE":360,"NODE_ID":4352,"GLOBALID":"3c6ddaea-d28e-4b5d-8f3d-9b8096df4d05","CREATEDDATE":1520794199000,"LASTUPDATE":1775596411000}},{"type":"Feature","id":3673,"geometry":{"type":"Point","coordinates":[-89.276433140791,48.3724342860168]},"properties":{"OBJECTID":3673,"LOC_ID":"FC0327","FDMID":322,"X_COORD":331427.71017,"Y_COORD":5360196.99569,"BEAT":"S 7","ROT_ANGLE":360,"NODE_ID":3230,"GLOBALID":"4baff86d-b07a-40d9-8b01-22c6d86aac10","CREATEDDATE":1520794199000,"LASTUPDATE":1773683264000}},{"type":"Feature","id":3674,"geometry":{"type":"Point","coordinates":[-89.2661425611092,48.3715415958202]},"properties":{"OBJECTID":3674,"LOC_ID":"FC0224","FDMID":220,"X_COORD":332138.11196,"Y_COORD":5360075.96119,"BEAT":"S 8","ROT_ANGLE":0,"NODE_ID":1532,"GLOBALID":"d077948f-3942-4e67-be03-239c42a01f81","CREATEDDATE":1520794199000,"LASTUPDATE":1702063786000}},{"type":"Feature","id":3675,"geometry":{"type":"Point","coordinates":[-89.297608465134,48.3628446537953]},"properties":{"OBJECTID":3675,"LOC_ID":"FC0178","FDMID":174,"X_COORD":329819.7975,"Y_COORD":5359179.9986,"BEAT":"S 3","ROT_ANGLE":0,"NODE_ID":3759,"GLOBALID":"fda481e1-a4d8-4f98-8dc0-6375a700e4d1","CREATEDDATE":1520794199000,"LASTUPDATE":1765410161000}},{"type":"Feature","id":3676,"geometry":{"type":"Point","coordinates":[-89.1926630079355,48.4697719791367]},"properties":{"OBJECTID":3676,"LOC_ID":"PC0865","FDMID":2581,"X_COORD":337933.87926,"Y_COORD":5370835.92639,"BEAT":"N 11","ROT_ANGLE":0,"NODE_ID":2895,"GLOBALID":"0e9fb3bf-d65c-4a65-bb74-f8c90f5727df","CREATEDDATE":1520794199000,"LASTUPDATE":1741641267000}},{"type":"Feature","id":3677,"geometry":{"type":"Point","coordinates":[-89.2825955840731,48.3807378036691]},"properties":{"OBJECTID":3677,"LOC_ID":"FC1179","FDMID":3670,"X_COORD":330999.87708,"Y_COORD":5361138.43108,"BEAT":"S 5","ROT_ANGLE":0,"NODE_ID":10489,"GLOBALID":"595381d5-2b57-4f5d-8114-7359d9dbcc57","CREATEDDATE":1520794199000,"LASTUPDATE":1714155473000}},{"type":"Feature","id":3678,"geometry":{"type":"Point","coordinates":[-89.2875590102857,48.375121596332]},"properties":{"OBJECTID":3678,"LOC_ID":"FC0744","FDMID":735,"X_COORD":330612.5775,"Y_COORD":5360518.01482,"BEAT":"S 5","ROT_ANGLE":44.9,"NODE_ID":714,"GLOBALID":"c39a631d-2558-40e2-9690-6a066ce20fd0","CREATEDDATE":1520794199000,"LASTUPDATE":1772222693000}},{"type":"Feature","id":3679,"geometry":{"type":"Point","coordinates":[-89.198187551934,48.4566683261863]},"properties":{"OBJECTID":3679,"LOC_ID":"PC1033","FDMID":2747,"X_COORD":337475.05405,"Y_COORD":5369392.8549,"BEAT":"N 10","ROT_ANGLE":0,"NODE_ID":10279,"GLOBALID":"b65070ac-74a8-49d5-94c4-8035060c4e64","CREATEDDATE":1520794199000,"LASTUPDATE":1711560119000}},{"type":"Feature","id":3680,"geometry":{"type":"Point","coordinates":[-89.17786593605,48.4684875357644]},"properties":{"OBJECTID":3680,"LOC_ID":"PC0057","FDMID":1781,"X_COORD":339019.45904,"Y_COORD":5370664.98443,"BEAT":"N 11","ROT_ANGLE":0,"NODE_ID":2893,"GLOBALID":"ee9dad0c-278f-4e2b-bcdb-7f271184f4ee","CREATEDDATE":1520794199000,"LASTUPDATE":1751651055000}},{"type":"Feature","id":3681,"geometry":{"type":"Point","coordinates":[-89.2272708150842,48.4398338223735]},"properties":{"OBJECTID":3681,"LOC_ID":"PC0326","FDMID":2049,"X_COORD":335280.8335,"Y_COORD":5367582.02917,"BEAT":"N 6","ROT_ANGLE":38.3,"NODE_ID":1357,"GLOBALID":"b1e04a4d-f1c1-4e40-bbc5-829e285ba0fd","CREATEDDATE":1520794199000,"LASTUPDATE":1722266276000}},{"type":"Feature","id":3682,"geometry":{"type":"Point","coordinates":[-89.2495898551779,48.4368460618466]},"properties":{"OBJECTID":3682,"LOC_ID":"PC0639","FDMID":2358,"X_COORD":333618.26249,"Y_COORD":5367299.00811,"BEAT":"N 5","ROT_ANGLE":0,"NODE_ID":7671,"GLOBALID":"ef6507a6-2bcc-4d92-9ed8-96f7439d5025","CREATEDDATE":1520794199000,"LASTUPDATE":1718060471000}},{"type":"Feature","id":3683,"geometry":{"type":"Point","coordinates":[-89.2511488115639,48.448829126134]},"properties":{"OBJECTID":3683,"LOC_ID":"PC0840","FDMID":2556,"X_COORD":333533.09385,"Y_COORD":5368631.76741,"BEAT":"N 4","ROT_ANGLE":0,"NODE_ID":4124,"GLOBALID":"569d08d0-7b80-4868-ada0-949be1f49a99","CREATEDDATE":1520794199000,"LASTUPDATE":1702408379000}},{"type":"Feature","id":3684,"geometry":{"type":"Point","coordinates":[-89.2593712860593,48.4241040776836]},"properties":{"OBJECTID":3684,"LOC_ID":"PC0614","FDMID":2333,"X_COORD":332846.90966,"Y_COORD":5365926.9116,"BEAT":"N 1","ROT_ANGLE":16.4,"NODE_ID":3948,"GLOBALID":"7b43f9de-1663-4873-b594-c192c0de786e","CREATEDDATE":1520794199000,"LASTUPDATE":1749749955000}},{"type":"Feature","id":3685,"geometry":{"type":"Point","coordinates":[-89.2187715454168,48.4346338486633]},"properties":{"OBJECTID":3685,"LOC_ID":"PC0410","FDMID":2133,"X_COORD":335888.84041,"Y_COORD":5366989.55403,"BEAT":"N7","ROT_ANGLE":0,"NODE_ID":9118,"GLOBALID":"e1fc06e0-c906-469e-8d28-b4608d31cd3e","CREATEDDATE":1520794199000,"LASTUPDATE":1739994615000}},{"type":"Feature","id":3686,"geometry":{"type":"Point","coordinates":[-89.2705281018364,48.3774109913201]},"properties":{"OBJECTID":3686,"LOC_ID":"FC0445","FDMID":438,"X_COORD":331873.86543,"Y_COORD":5360738.91057,"BEAT":"S 7","ROT_ANGLE":0,"NODE_ID":4423,"GLOBALID":"b11e8ac3-4a11-440e-8def-742dd9ac6391","CREATEDDATE":1520794199000,"LASTUPDATE":1718060712000}},{"type":"Feature","id":3687,"geometry":{"type":"Point","coordinates":[-89.2418281697617,48.4340022563584]},"properties":{"OBJECTID":3687,"LOC_ID":"PC0598","FDMID":2317,"X_COORD":334188.50966,"Y_COORD":5366964.32113,"BEAT":"N 5","ROT_ANGLE":0,"NODE_ID":2017,"GLOBALID":"c6aaa7d4-9e4a-46f3-9228-41dc43fcb8b9","CREATEDDATE":1520794199000,"LASTUPDATE":1699476453000}},{"type":"Feature","id":3688,"geometry":{"type":"Point","coordinates":[-89.2526075168503,48.428740566761]},"properties":{"OBJECTID":3688,"LOC_ID":"PC0663","FDMID":2382,"X_COORD":333368.34735,"Y_COORD":5366385.82897,"BEAT":"N 5","ROT_ANGLE":0,"NODE_ID":5258,"GLOBALID":"7339a08a-53fc-4586-931e-dfdd24664f31","CREATEDDATE":1520794199000,"LASTUPDATE":1749751111000}},{"type":"Feature","id":3689,"geometry":{"type":"Point","coordinates":[-89.2483791900303,48.4278967475577]},"properties":{"OBJECTID":3689,"LOC_ID":"PC0608","FDMID":2327,"X_COORD":333676.18428,"Y_COORD":5366296.06027,"BEAT":"N 5","ROT_ANGLE":0,"NODE_ID":4658,"GLOBALID":"2fc49e64-192c-438a-acbb-2087c7f51bc6","CREATEDDATE":1520794199000,"LASTUPDATE":1749753549000}},{"type":"Feature","id":3690,"geometry":{"type":"Point","coordinates":[-89.2578840713394,48.3911660551427]},"properties":{"OBJECTID":3690,"LOC_ID":"FC0057","FDMID":36,"X_COORD":332855.34204,"Y_COORD":5362226.89188,"BEAT":"S 9","ROT_ANGLE":0,"NODE_ID":10011,"GLOBALID":"b6c95619-e773-4549-8cee-7015f1c67677","CREATEDDATE":1520794199000,"LASTUPDATE":1741628038000}},{"type":"Feature","id":3691,"geometry":{"type":"Point","coordinates":[-89.3105454490962,48.3794144146004]},"properties":{"OBJECTID":3691,"LOC_ID":"NC0259","FDMID":1435,"X_COORD":328909.66191,"Y_COORD":5361050.17764,"BEAT":"S 2","ROT_ANGLE":0,"NODE_ID":9694,"GLOBALID":"c03252d5-65ae-4515-8c98-b438d6d9c050","CREATEDDATE":1520794199000,"LASTUPDATE":1738971916000}},{"type":"Feature","id":3692,"geometry":{"type":"Point","coordinates":[-89.2674467760139,48.3728797688204]},"properties":{"OBJECTID":3692,"LOC_ID":"FC0740","FDMID":731,"X_COORD":332087.60214,"Y_COORD":5360241.69764,"BEAT":"S 8","ROT_ANGLE":0,"NODE_ID":669,"GLOBALID":"48f42327-f295-48ab-9250-432131dde45d","CREATEDDATE":1520794199000,"LASTUPDATE":1702064574000}},{"type":"Feature","id":3693,"geometry":{"type":"Point","coordinates":[-89.2344742037324,48.3585831730335]},"properties":{"OBJECTID":3693,"LOC_ID":"FP0075","FDMID":0,"X_COORD":334482.36899,"Y_COORD":5358567.81885,"BEAT":null,"ROT_ANGLE":0,"NODE_ID":6921,"GLOBALID":"bf51389d-818d-4145-a15a-c1a52596ad54","CREATEDDATE":1520794199000,"LASTUPDATE":1741117612000}},{"type":"Feature","id":3694,"geometry":{"type":"Point","coordinates":[-89.2222220468476,48.455788568289]},"properties":{"OBJECTID":3694,"LOC_ID":"PC1032","FDMID":2746,"X_COORD":335709.82704,"Y_COORD":5369349.23966,"BEAT":"N 9","ROT_ANGLE":0,"NODE_ID":1308,"GLOBALID":"2412ce93-08de-4643-ba8e-6ad59e7b6e4d","CREATEDDATE":1520794199000,"LASTUPDATE":1752534678000}},{"type":"Feature","id":3695,"geometry":{"type":"Point","coordinates":[-89.251815100265,48.4137461269051]},"properties":{"OBJECTID":3695,"LOC_ID":"PC1061","FDMID":2775,"X_COORD":333382.34876,"Y_COORD":5364739.11665,"BEAT":"N 2","ROT_ANGLE":360,"NODE_ID":5102,"GLOBALID":"1d331649-a3e1-4e9d-b2f0-7d251cc9d58d","CREATEDDATE":1520794199000,"LASTUPDATE":1770078551000}},{"type":"Feature","id":3696,"geometry":{"type":"Point","coordinates":[-89.2442437677645,48.4153457960967]},"properties":{"OBJECTID":3696,"LOC_ID":"PC0825","FDMID":2541,"X_COORD":333944.81865,"Y_COORD":5364900.7507,"BEAT":"N 2","ROT_ANGLE":360,"NODE_ID":9377,"GLOBALID":"0b65fad2-1c49-4a50-8d6c-b6e4ee17e373","CREATEDDATE":1520794199000,"LASTUPDATE":1769719316000}},{"type":"Feature","id":3697,"geometry":{"type":"Point","coordinates":[-89.2800742537978,48.3807408197229]},"properties":{"OBJECTID":3697,"LOC_ID":"FC1177","FDMID":3687,"X_COORD":331194.967,"Y_COORD":5361132.85566,"BEAT":"S 5","ROT_ANGLE":0,"NODE_ID":7178,"GLOBALID":"8c77cb63-66ef-4b59-be80-70f0752c097d","CREATEDDATE":1520794199000,"LASTUPDATE":1714087977000}},{"type":"Feature","id":3698,"geometry":{"type":"Point","coordinates":[-89.3663762272736,48.3663665453887]},"properties":{"OBJECTID":3698,"LOC_ID":"NC0064","FDMID":1242,"X_COORD":324747.45416,"Y_COORD":5359724.5057,"BEAT":"S 14","ROT_ANGLE":360,"NODE_ID":5904,"GLOBALID":"722902f6-7c60-45ff-a49d-1fdea458370d","CREATEDDATE":1520794199000,"LASTUPDATE":1765567358000}},{"type":"Feature","id":3699,"geometry":{"type":"Point","coordinates":[-89.2354660396444,48.3645676194343]},"properties":{"OBJECTID":3699,"LOC_ID":"FC0515","FDMID":507,"X_COORD":334433.74281,"Y_COORD":5359258.48945,"BEAT":"S 12","ROT_ANGLE":360,"NODE_ID":4143,"GLOBALID":"bb574867-3724-4d06-a543-e01d34c9934b","CREATEDDATE":1520794199000,"LASTUPDATE":1777917810000}},{"type":"Feature","id":3700,"geometry":{"type":"Point","coordinates":[-89.3409157634847,48.3625646496026]},"properties":{"OBJECTID":3700,"LOC_ID":"NC0195","FDMID":1372,"X_COORD":326617.90204,"Y_COORD":5359258.81585,"BEAT":"S 15","ROT_ANGLE":360,"NODE_ID":552,"GLOBALID":"5770c433-0497-4644-8f61-087fa285add2","CREATEDDATE":1520794199000,"LASTUPDATE":1777662647000}},{"type":"Feature","id":3701,"geometry":{"type":"Point","coordinates":[-89.268210503577,48.3505366334684]},"properties":{"OBJECTID":3701,"LOC_ID":"FC1292","FDMID":3654,"X_COORD":331950.69103,"Y_COORD":5357748.15293,"BEAT":"S 12","ROT_ANGLE":360,"NODE_ID":7529,"GLOBALID":"ec7288dc-6f44-4199-b197-5e554e6bea60","CREATEDDATE":1520794199000,"LASTUPDATE":1774306950000}},{"type":"Feature","id":3702,"geometry":{"type":"Point","coordinates":[-89.2794582207601,48.4431559914874]},"properties":{"OBJECTID":3702,"LOC_ID":"MC0278","FDMID":3432,"X_COORD":331432.9341,"Y_COORD":5368064.55256,"BEAT":"N 13","ROT_ANGLE":360,"NODE_ID":10346,"GLOBALID":"a9bda52f-f7f6-4b23-8c09-11cb9e093a5e","CREATEDDATE":1520794199000,"LASTUPDATE":1766107810000}},{"type":"Feature","id":3703,"geometry":{"type":"Point","coordinates":[-89.2483187299731,48.4367890202703]},"properties":{"OBJECTID":3703,"LOC_ID":"PC0642","FDMID":2361,"X_COORD":333711.34921,"Y_COORD":5367287.87851,"BEAT":"N 5","ROT_ANGLE":0,"NODE_ID":8686,"GLOBALID":"f4ecdbd6-186b-4428-8355-87b73fa9246e","CREATEDDATE":1520794199000,"LASTUPDATE":1718060508000}},{"type":"Feature","id":3704,"geometry":{"type":"Point","coordinates":[-89.2204587851336,48.4338902400286]},"properties":{"OBJECTID":3704,"LOC_ID":"PC0416","FDMID":2138,"X_COORD":335762.54307,"Y_COORD":5366909.89861,"BEAT":"N7","ROT_ANGLE":0,"NODE_ID":2745,"GLOBALID":"e015d159-701a-4da6-9f14-9c7f05172437","CREATEDDATE":1520794199000,"LASTUPDATE":1718060576000}},{"type":"Feature","id":3705,"geometry":{"type":"Point","coordinates":[-89.2419279189647,48.3856693019163]},"properties":{"OBJECTID":3705,"LOC_ID":"FC0438","FDMID":431,"X_COORD":334021.7039,"Y_COORD":5361590.75057,"BEAT":"S 10","ROT_ANGLE":360,"NODE_ID":1874,"GLOBALID":"fe80f4a8-4ea4-497e-b19e-d52aafc9efc6","CREATEDDATE":1520794199000,"LASTUPDATE":1777396933000}},{"type":"Feature","id":3706,"geometry":{"type":"Point","coordinates":[-89.2885933531027,48.3617596170158]},"properties":{"OBJECTID":3706,"LOC_ID":"FC0426","FDMID":419,"X_COORD":330490.40482,"Y_COORD":5359037.27601,"BEAT":"S 3","ROT_ANGLE":0,"NODE_ID":4841,"GLOBALID":"793474b4-35b6-4f6d-8309-5092374a9a53","CREATEDDATE":1520794199000,"LASTUPDATE":1753296873000}},{"type":"Feature","id":3707,"geometry":{"type":"Point","coordinates":[-89.3510433620251,48.3267901490402]},"properties":{"OBJECTID":3707,"LOC_ID":"NC0482","FDMID":1655,"X_COORD":325741.24898,"Y_COORD":5355282.88343,"BEAT":"S 16","ROT_ANGLE":0,"NODE_ID":3984,"GLOBALID":"8045a189-2abc-40e0-b662-5b87c18dc39b","CREATEDDATE":1520794199000,"LASTUPDATE":1718044657000}},{"type":"Feature","id":3708,"geometry":{"type":"Point","coordinates":[-89.3614911347341,48.3164342401415]},"properties":{"OBJECTID":3708,"LOC_ID":"NC0175","FDMID":1352,"X_COORD":324886.25173,"Y_COORD":5354147.07056,"BEAT":"S 16","ROT_ANGLE":0,"NODE_ID":4597,"GLOBALID":"0801e392-d3f0-4c21-8dab-ea1c6f9e0639","CREATEDDATE":1520794199000,"LASTUPDATE":1752089303000}},{"type":"Feature","id":3709,"geometry":{"type":"Point","coordinates":[-89.2558430943976,48.4390110659667]},"properties":{"OBJECTID":3709,"LOC_ID":"PC0867","FDMID":2583,"X_COORD":333162.62729,"Y_COORD":5367553.65259,"BEAT":"N 4","ROT_ANGLE":0,"NODE_ID":5923,"GLOBALID":"410da7b0-590a-46a3-bb9a-d773d0aca1e0","CREATEDDATE":1520794199000,"LASTUPDATE":1741119454000}},{"type":"Feature","id":3710,"geometry":{"type":"Point","coordinates":[-89.2467973743335,48.4187079831333]},"properties":{"OBJECTID":3710,"LOC_ID":"PC1230","FDMID":0,"X_COORD":333771.87785,"Y_COORD":5365267.29227,"BEAT":null,"ROT_ANGLE":360,"NODE_ID":5177,"GLOBALID":"81d0996d-e655-483e-9a29-493b64811c0b","CREATEDDATE":1520794199000,"LASTUPDATE":1763406844000}},{"type":"Feature","id":3711,"geometry":{"type":"Point","coordinates":[-89.2417178908981,48.4151658018065]},"properties":{"OBJECTID":3711,"LOC_ID":"PC0828","FDMID":2544,"X_COORD":334123.92086,"Y_COORD":5364872.31985,"BEAT":"N 2","ROT_ANGLE":0,"NODE_ID":3130,"GLOBALID":"80c6b774-cb56-48a0-bf39-813b4c8e95f0","CREATEDDATE":1520794199000,"LASTUPDATE":1747414143000}},{"type":"Feature","id":3712,"geometry":{"type":"Point","coordinates":[-89.2502406423879,48.4049727029255]},"properties":{"OBJECTID":3712,"LOC_ID":"PC0906","FDMID":2622,"X_COORD":333461.1046,"Y_COORD":5363775.78532,"BEAT":"N 2","ROT_ANGLE":360,"NODE_ID":2712,"GLOBALID":"090e8024-6d01-4c56-a873-c188b8bf0b4f","CREATEDDATE":1520794199000,"LASTUPDATE":1775769545000}},{"type":"Feature","id":3713,"geometry":{"type":"Point","coordinates":[-89.2452891823659,48.3891416886913]},"properties":{"OBJECTID":3713,"LOC_ID":"FC0133","FDMID":126,"X_COORD":333779.33052,"Y_COORD":5361986.37399,"BEAT":"S 11","ROT_ANGLE":0,"NODE_ID":7691,"GLOBALID":"bf35f23d-1664-4706-8666-695fcd56016e","CREATEDDATE":1520794199000,"LASTUPDATE":1711143709000}},{"type":"Feature","id":3714,"geometry":{"type":"Point","coordinates":[-89.1914471864236,48.4625225463661]},"properties":{"OBJECTID":3714,"LOC_ID":"PC0432","FDMID":2154,"X_COORD":338002.47779,"Y_COORD":5370028.44274,"BEAT":"N 11","ROT_ANGLE":360,"NODE_ID":10494,"GLOBALID":"c4cf2757-85c1-4149-beb5-c73da2b49a68","CREATEDDATE":1520794199000,"LASTUPDATE":1764011791000}},{"type":"Feature","id":3715,"geometry":{"type":"Point","coordinates":[-89.2018945762023,48.4559411280473]},"properties":{"OBJECTID":3715,"LOC_ID":"PP0103","FDMID":2967,"X_COORD":337208.90544,"Y_COORD":5369320.166,"BEAT":"N 10","ROT_ANGLE":0,"NODE_ID":4490,"GLOBALID":"7e3c3f63-992e-4d93-bce3-983c3afc8fcf","CREATEDDATE":1520794199000,"LASTUPDATE":1700860325000}},{"type":"Feature","id":3716,"geometry":{"type":"Point","coordinates":[-89.2384388638127,48.4147416754823]},"properties":{"OBJECTID":3716,"LOC_ID":"PC0709","FDMID":2428,"X_COORD":334370.07638,"Y_COORD":5364816.28376,"BEAT":"N 2","ROT_ANGLE":0,"NODE_ID":7196,"GLOBALID":"d7160ca6-9e51-4eca-96e5-153c8f1c17dc","CREATEDDATE":1520794199000,"LASTUPDATE":1751650970000}},{"type":"Feature","id":3717,"geometry":{"type":"Point","coordinates":[-89.2840799920445,48.3938558174672]},"properties":{"OBJECTID":3717,"LOC_ID":"FC0915","FDMID":906,"X_COORD":330899.39068,"Y_COORD":5362595.60177,"BEAT":"S 4","ROT_ANGLE":360,"NODE_ID":9563,"GLOBALID":"099644f1-6663-4226-8eaf-8430429e3605","CREATEDDATE":1520794199000,"LASTUPDATE":1775580892000}},{"type":"Feature","id":3718,"geometry":{"type":"Point","coordinates":[-89.2212152491216,48.4542927087642]},"properties":{"OBJECTID":3718,"LOC_ID":"PC0739","FDMID":2456,"X_COORD":335773.17628,"Y_COORD":5369176.9765,"BEAT":"N 9","ROT_ANGLE":0,"NODE_ID":8714,"GLOBALID":"61f9ba30-2ca4-4dfe-b428-78b0d21e85e1","CREATEDDATE":1520794199000,"LASTUPDATE":1752530519000}},{"type":"Feature","id":3719,"geometry":{"type":"Point","coordinates":[-89.2084909406827,48.4530232220759]},"properties":{"OBJECTID":3719,"LOC_ID":"PC0136","FDMID":1859,"X_COORD":336709.67523,"Y_COORD":5369008.64421,"BEAT":"N 9","ROT_ANGLE":0,"NODE_ID":9710,"GLOBALID":"92a76dfd-e707-4fdf-b72b-06efd2adaf2b","CREATEDDATE":1520794199000,"LASTUPDATE":1710871507000}},{"type":"Feature","id":3720,"geometry":{"type":"Point","coordinates":[-89.2073118897346,48.4523441572673]},"properties":{"OBJECTID":3720,"LOC_ID":"PC0137","FDMID":1860,"X_COORD":336785.64118,"Y_COORD":5368928.96754,"BEAT":"N 9","ROT_ANGLE":0,"NODE_ID":7837,"GLOBALID":"00d1676a-c17c-431b-89a5-09096d5da6a6","CREATEDDATE":1520794199000,"LASTUPDATE":1752520557000}},{"type":"Feature","id":3721,"geometry":{"type":"Point","coordinates":[-89.2374334654696,48.3909379338]},"properties":{"OBJECTID":3721,"LOC_ID":"FC0363","FDMID":358,"X_COORD":334367.52713,"Y_COORD":5362169.64619,"BEAT":"S 11","ROT_ANGLE":0,"NODE_ID":3262,"GLOBALID":"960dc0b6-6773-478e-80fb-ca8980998255","CREATEDDATE":1520794199000,"LASTUPDATE":1743723397000}},{"type":"Feature","id":3722,"geometry":{"type":"Point","coordinates":[-89.2580102950748,48.3899580538625]},"properties":{"OBJECTID":3722,"LOC_ID":"FC0056","FDMID":35,"X_COORD":332852.85372,"Y_COORD":5362122.71012,"BEAT":"S 9","ROT_ANGLE":0,"NODE_ID":10253,"GLOBALID":"535c9c1a-2de7-409d-9cef-4ee95ee371b3","CREATEDDATE":1520794199000,"LASTUPDATE":1741389553000}},{"type":"Feature","id":3723,"geometry":{"type":"Point","coordinates":[-89.2416435554036,48.3885320462892]},"properties":{"OBJECTID":3723,"LOC_ID":"FC0135","FDMID":128,"X_COORD":334051.1119,"Y_COORD":5361910.49329,"BEAT":"S 11","ROT_ANGLE":0,"NODE_ID":3259,"GLOBALID":"7f969af2-33e5-4fe3-8e58-2633c282bf8e","CREATEDDATE":1520794199000,"LASTUPDATE":1711146498000}},{"type":"Feature","id":3724,"geometry":{"type":"Point","coordinates":[-89.2468047278236,48.3861787404466]},"properties":{"OBJECTID":3724,"LOC_ID":"FC0441","FDMID":434,"X_COORD":333658.09174,"Y_COORD":5361660.35083,"BEAT":"S 9","ROT_ANGLE":360,"NODE_ID":2234,"GLOBALID":"a6975933-b1c7-4bf2-a919-f68ced1d582c","CREATEDDATE":1520794199000,"LASTUPDATE":1774545077000}},{"type":"Feature","id":3725,"geometry":{"type":"Point","coordinates":[-89.3068932085386,48.3807014030624]},"properties":{"OBJECTID":3725,"LOC_ID":"NC0001","FDMID":1179,"X_COORD":329192.31868,"Y_COORD":5361185.0666,"BEAT":"S 2","ROT_ANGLE":0,"NODE_ID":1478,"GLOBALID":"d87e7dbd-1a0d-4726-9984-e2cf4a6be1a2","CREATEDDATE":1520794199000,"LASTUPDATE":1718060816000}},{"type":"Feature","id":3726,"geometry":{"type":"Point","coordinates":[-89.233628918734,48.3579152780031]},"properties":{"OBJECTID":3726,"LOC_ID":"FP0079","FDMID":0,"X_COORD":334542.81622,"Y_COORD":5358491.76151,"BEAT":null,"ROT_ANGLE":0,"NODE_ID":6921,"GLOBALID":"f6553113-4aa4-4141-868e-15bb7ac13703","CREATEDDATE":1520794199000,"LASTUPDATE":1741117612000}},{"type":"Feature","id":3727,"geometry":{"type":"Point","coordinates":[-89.2099664280147,48.4508225397985]},"properties":{"OBJECTID":3727,"LOC_ID":"PC0133","FDMID":1856,"X_COORD":336583.75293,"Y_COORD":5368770.63102,"BEAT":"N 10","ROT_ANGLE":0,"NODE_ID":7751,"GLOBALID":"7e1cc6ec-dc7a-4e2e-a8ec-479ce42c8415","CREATEDDATE":1520794199000,"LASTUPDATE":1754068111000}},{"type":"Feature","id":3728,"geometry":{"type":"Point","coordinates":[-89.2139965922778,48.4467343271899]},"properties":{"OBJECTID":3728,"LOC_ID":"PC0106","FDMID":1829,"X_COORD":336283.73424,"Y_COORD":5368320.52286,"BEAT":"N 10","ROT_ANGLE":0,"NODE_ID":9525,"GLOBALID":"ee32a097-d058-4c68-89d3-9d4a47793329","CREATEDDATE":1520794199000,"LASTUPDATE":1750099874000}},{"type":"Feature","id":3729,"geometry":{"type":"Point","coordinates":[-89.2303018162066,48.4382608485183]},"properties":{"OBJECTID":3729,"LOC_ID":"PC0470","FDMID":2192,"X_COORD":335044.86704,"Y_COORD":5367400.76606,"BEAT":"N 6","ROT_ANGLE":360,"NODE_ID":1265,"GLOBALID":"e7633ff4-c796-4159-b5e1-2af43cda9b0f","CREATEDDATE":1520794199000,"LASTUPDATE":1767908725000}},{"type":"Feature","id":3730,"geometry":{"type":"Point","coordinates":[-89.2333987354585,48.4227630573506]},"properties":{"OBJECTID":3730,"LOC_ID":"PC0668","FDMID":2387,"X_COORD":334769.6368,"Y_COORD":5365698.9345,"BEAT":"N 3","ROT_ANGLE":0,"NODE_ID":8597,"GLOBALID":"270b394b-ef38-4560-a985-6321a322d475","CREATEDDATE":1520794199000,"LASTUPDATE":1765410161000}},{"type":"Feature","id":3731,"geometry":{"type":"Point","coordinates":[-89.2639028250115,48.3565090052639]},"properties":{"OBJECTID":3731,"LOC_ID":"FC1289","FDMID":1155,"X_COORD":332300.66812,"Y_COORD":5358440.11581,"BEAT":"S 12","ROT_ANGLE":360,"NODE_ID":832,"GLOBALID":"3953b18f-438a-4118-8e9a-29ba75d32833","CREATEDDATE":1520794199000,"LASTUPDATE":1774306453000}},{"type":"Feature","id":3732,"geometry":{"type":"Point","coordinates":[-89.3883187850691,48.3603836153235]},"properties":{"OBJECTID":3732,"LOC_ID":"NC0087","FDMID":1265,"X_COORD":323094.19771,"Y_COORD":5359113.86941,"BEAT":"S 14","ROT_ANGLE":46.3,"NODE_ID":1290,"GLOBALID":"0b8bfb55-ec52-452c-91cf-d3874ddf32b9","CREATEDDATE":1520794199000,"LASTUPDATE":1750111887000}},{"type":"Feature","id":3733,"geometry":{"type":"Point","coordinates":[-89.3078778740854,48.3430773993943]},"properties":{"OBJECTID":3733,"LOC_ID":"NC0283","FDMID":1459,"X_COORD":329006.69692,"Y_COORD":5356986.55882,"BEAT":"S 17","ROT_ANGLE":360,"NODE_ID":8362,"GLOBALID":"a3c093e1-9b14-4366-9af8-c780e314418e","CREATEDDATE":1520794199000,"LASTUPDATE":1774295644000}},{"type":"Feature","id":3734,"geometry":{"type":"Point","coordinates":[-89.3500459811139,48.3267629449174]},"properties":{"OBJECTID":3734,"LOC_ID":"NC0483","FDMID":1656,"X_COORD":325810.44936,"Y_COORD":5355287.53469,"BEAT":"S 16","ROT_ANGLE":0,"NODE_ID":2439,"GLOBALID":"2abc8d87-2e43-4280-9d41-88a5c5588eb8","CREATEDDATE":1520794199000,"LASTUPDATE":1718044898000}},{"type":"Feature","id":3735,"geometry":{"type":"Point","coordinates":[-89.1905569701165,48.4745596648405]},"properties":{"OBJECTID":3735,"LOC_ID":"PC0846","FDMID":2562,"X_COORD":338104.33917,"Y_COORD":5371369.12395,"BEAT":"N 11","ROT_ANGLE":0,"NODE_ID":6646,"GLOBALID":"59438f57-ea0d-4893-903a-d403cf55fc78","CREATEDDATE":1520794199000,"LASTUPDATE":1726846916000}},{"type":"Feature","id":3736,"geometry":{"type":"Point","coordinates":[-89.2344387585433,48.3737930343758]},"properties":{"OBJECTID":3736,"LOC_ID":"FC0029","FDMID":12,"X_COORD":334531.19484,"Y_COORD":5360262.59287,"BEAT":"S 12","ROT_ANGLE":360,"NODE_ID":9585,"GLOBALID":"dd7db495-fdf1-4f5c-a1c1-67d1d55fe245","CREATEDDATE":1520794199000,"LASTUPDATE":1772156823000}},{"type":"Feature","id":3737,"geometry":{"type":"Point","coordinates":[-89.2815947542056,48.3617529049819]},"properties":{"OBJECTID":3737,"LOC_ID":"FC0421","FDMID":415,"X_COORD":330983.26575,"Y_COORD":5358966.77156,"BEAT":"S 3","ROT_ANGLE":360,"NODE_ID":5483,"GLOBALID":"85297d20-c22c-43d5-aec3-1357ca7e9569","CREATEDDATE":1520794199000,"LASTUPDATE":1777664105000}},{"type":"Feature","id":3738,"geometry":{"type":"Point","coordinates":[-89.2948584475629,48.3546475046837]},"properties":{"OBJECTID":3738,"LOC_ID":"FC1113","FDMID":1102,"X_COORD":329996.05986,"Y_COORD":5358246.14026,"BEAT":"S 3","ROT_ANGLE":0,"NODE_ID":2280,"GLOBALID":"817f3313-c7d6-4f93-9db1-8b26f1789d58","CREATEDDATE":1520794199000,"LASTUPDATE":1753210293000}},{"type":"Feature","id":3739,"geometry":{"type":"Point","coordinates":[-89.2052221337421,48.4441004268383]},"properties":{"OBJECTID":3739,"LOC_ID":"PC0145","FDMID":1868,"X_COORD":336925.78966,"Y_COORD":5368013.72478,"BEAT":"N 10","ROT_ANGLE":0,"NODE_ID":7212,"GLOBALID":"ad3cb6dd-b0cc-41b6-8bfa-ee7520de0084","CREATEDDATE":1520794199000,"LASTUPDATE":1743448725000}},{"type":"Feature","id":3740,"geometry":{"type":"Point","coordinates":[-89.2813994949798,48.3824115593068]},"properties":{"OBJECTID":3740,"LOC_ID":"FC0212","FDMID":208,"X_COORD":331105.87055,"Y_COORD":5361316.8659,"BEAT":"S 5","ROT_ANGLE":0,"NODE_ID":1121,"GLOBALID":"67f7e16d-07d6-4c6d-beaf-cd1f732ab357","CREATEDDATE":1520794199000,"LASTUPDATE":1748561271000}},{"type":"Feature","id":3741,"geometry":{"type":"Point","coordinates":[-89.2536407858852,48.4369139758562]},"properties":{"OBJECTID":3741,"LOC_ID":"PC0863","FDMID":2579,"X_COORD":333318.70281,"Y_COORD":5367313.78392,"BEAT":"N 4","ROT_ANGLE":0,"NODE_ID":10164,"GLOBALID":"e7b7497c-897d-448b-a8a8-379966bc3f93","CREATEDDATE":1520794199000,"LASTUPDATE":1713287480000}},{"type":"Feature","id":3742,"geometry":{"type":"Point","coordinates":[-89.2379085704618,48.4297131781764]},"properties":{"OBJECTID":3742,"LOC_ID":"PC0580","FDMID":2299,"X_COORD":334457.4607,"Y_COORD":5366478.77745,"BEAT":"N 6","ROT_ANGLE":0,"NODE_ID":8842,"GLOBALID":"73268926-703f-4e02-9b9b-4b4282510073","CREATEDDATE":1520794199000,"LASTUPDATE":1710277784000}},{"type":"Feature","id":3743,"geometry":{"type":"Point","coordinates":[-89.2409675200546,48.3892762137792]},"properties":{"OBJECTID":3743,"LOC_ID":"FC0193","FDMID":189,"X_COORD":334094.97392,"Y_COORD":5361993.54097,"BEAT":"S 11","ROT_ANGLE":0,"NODE_ID":8797,"GLOBALID":"59924b10-d9c6-4bf9-ace8-8ad83dbd3602","CREATEDDATE":1520794199000,"LASTUPDATE":1743716844000}},{"type":"Feature","id":3744,"geometry":{"type":"Point","coordinates":[-89.2489970969738,48.3858890321226]},"properties":{"OBJECTID":3744,"LOC_ID":"FC0032","FDMID":138,"X_COORD":333493.59356,"Y_COORD":5361631.2298,"BEAT":"S 9","ROT_ANGLE":360,"NODE_ID":40,"GLOBALID":"a9467ad5-6384-4396-9bab-3d1555e99d34","CREATEDDATE":1520794199000,"LASTUPDATE":1774551543000}},{"type":"Feature","id":3745,"geometry":{"type":"Point","coordinates":[-89.2328632499503,48.358914450509]},"properties":{"OBJECTID":3745,"LOC_ID":"FP0078","FDMID":0,"X_COORD":334602.76579,"Y_COORD":5358601.15953,"BEAT":null,"ROT_ANGLE":0,"NODE_ID":6921,"GLOBALID":"546d2833-242f-4b64-a4df-c0b61bb16653","CREATEDDATE":1520794199000,"LASTUPDATE":1741117612000}},{"type":"Feature","id":3746,"geometry":{"type":"Point","coordinates":[-89.2594864462332,48.4520689183982]},"properties":{"OBJECTID":3746,"LOC_ID":"MC0131","FDMID":3128,"X_COORD":332934.17801,"Y_COORD":5369015.6412,"BEAT":"N 13","ROT_ANGLE":360,"NODE_ID":9096,"GLOBALID":"2f97e40c-675f-4ab2-b758-f35ee67052ca","CREATEDDATE":1520794199000,"LASTUPDATE":1766090246000}},{"type":"Feature","id":3747,"geometry":{"type":"Point","coordinates":[-89.2682911015658,48.4433621749072]},"properties":{"OBJECTID":3747,"LOC_ID":"MC0203","FDMID":3200,"X_COORD":332255.25167,"Y_COORD":5368063.24338,"BEAT":"N 13","ROT_ANGLE":0,"NODE_ID":2964,"GLOBALID":"646e6155-0a3e-4d7d-8502-24e64c8f004f","CREATEDDATE":1520794199000,"LASTUPDATE":1738979586000}},{"type":"Feature","id":3748,"geometry":{"type":"Point","coordinates":[-89.2551670059278,48.3730155923977]},"properties":{"OBJECTID":3748,"LOC_ID":"FC0607","FDMID":599,"X_COORD":332998.06588,"Y_COORD":5360236.54769,"BEAT":"S 10","ROT_ANGLE":360,"NODE_ID":1869,"GLOBALID":"56408630-578d-49a1-b83d-50bea4307d83","CREATEDDATE":1520794199000,"LASTUPDATE":1769219881000}},{"type":"Feature","id":3749,"geometry":{"type":"Point","coordinates":[-89.2343413456184,48.3594627754253]},"properties":{"OBJECTID":3749,"LOC_ID":"FP0076","FDMID":0,"X_COORD":334495.06019,"Y_COORD":5358665.29367,"BEAT":null,"ROT_ANGLE":0,"NODE_ID":6921,"GLOBALID":"e166becc-2bee-49f7-846e-6541c460c8ca","CREATEDDATE":1520794199000,"LASTUPDATE":1741117612000}},{"type":"Feature","id":3750,"geometry":{"type":"Point","coordinates":[-89.3093570802881,48.3649981204077]},"properties":{"OBJECTID":3750,"LOC_ID":"NC0331","FDMID":1507,"X_COORD":328960.38217,"Y_COORD":5359436.80138,"BEAT":"S 3","ROT_ANGLE":0,"NODE_ID":3763,"GLOBALID":"fd18baf0-989c-4b8e-a71d-b0c8f5164cdd","CREATEDDATE":1520794199000,"LASTUPDATE":1743201752000}},{"type":"Feature","id":3751,"geometry":{"type":"Point","coordinates":[-89.2451218548309,48.4135444365485]},"properties":{"OBJECTID":3751,"LOC_ID":"PC0185","FDMID":1908,"X_COORD":333872.53551,"Y_COORD":5364696.75659,"BEAT":"N 2","ROT_ANGLE":360,"NODE_ID":4240,"GLOBALID":"d3bafdb6-bf04-4e1f-a161-682bcfbcd92a","CREATEDDATE":1520794199000,"LASTUPDATE":1769714505000}},{"type":"Feature","id":3752,"geometry":{"type":"Point","coordinates":[-89.1932774835581,48.4721078205969]},"properties":{"OBJECTID":3752,"LOC_ID":"PC0091","FDMID":1814,"X_COORD":337880.1999,"Y_COORD":5371080.678,"BEAT":"N 11","ROT_ANGLE":0,"NODE_ID":6193,"GLOBALID":"78ee53f9-e46e-43a1-b40d-b404613edcb1","CREATEDDATE":1520794199000,"LASTUPDATE":1739395189000}},{"type":"Feature","id":3753,"geometry":{"type":"Point","coordinates":[-89.2299142420719,48.4431815730566]},"properties":{"OBJECTID":3753,"LOC_ID":"PC0336","FDMID":2059,"X_COORD":335081.07568,"Y_COORD":5367969.66283,"BEAT":"N 6","ROT_ANGLE":360,"NODE_ID":6115,"GLOBALID":"f045331a-bea4-4b6a-81f7-d0521f9fa7de","CREATEDDATE":1520794199000,"LASTUPDATE":1773685382000}},{"type":"Feature","id":3754,"geometry":{"type":"Point","coordinates":[-89.2509743566046,48.3791564065973]},"properties":{"OBJECTID":3754,"LOC_ID":"FC0746","FDMID":737,"X_COORD":333328.89903,"Y_COORD":5360880.07665,"BEAT":"S 10","ROT_ANGLE":0,"NODE_ID":5506,"GLOBALID":"2853d5f3-25dd-4f0a-be75-709dc5ff4b34","CREATEDDATE":1520794199000,"LASTUPDATE":1702425268000}},{"type":"Feature","id":3755,"geometry":{"type":"Point","coordinates":[-89.2623829597297,48.453505168087]},"properties":{"OBJECTID":3755,"LOC_ID":"MC0145","FDMID":3142,"X_COORD":332728.09673,"Y_COORD":5369177.23582,"BEAT":"N 15","ROT_ANGLE":360,"NODE_ID":4815,"GLOBALID":"b339c26d-0b8d-4cea-a89b-ceede99c2bf4","CREATEDDATE":1520794199000,"LASTUPDATE":1766101977000}},{"type":"Feature","id":3756,"geometry":{"type":"Point","coordinates":[-89.3105528794055,48.3778611637085]},"properties":{"OBJECTID":3756,"LOC_ID":"NC0258","FDMID":1434,"X_COORD":328903.33717,"Y_COORD":5360878.72113,"BEAT":"S 2","ROT_ANGLE":0,"NODE_ID":7013,"GLOBALID":"af11ce43-958f-4adc-bb57-6e8aaf505655","CREATEDDATE":1520794199000,"LASTUPDATE":1738971718000}},{"type":"Feature","id":3757,"geometry":{"type":"Point","coordinates":[-89.2437621381872,48.3723463330269]},"properties":{"OBJECTID":3757,"LOC_ID":"FC1137","FDMID":1126,"X_COORD":333830.92809,"Y_COORD":5360118.45617,"BEAT":"S 12","ROT_ANGLE":360,"NODE_ID":3917,"GLOBALID":"29a95f19-38c9-47bf-8691-b578921b991e","CREATEDDATE":1520794199000,"LASTUPDATE":1765223902000}},{"type":"Feature","id":3758,"geometry":{"type":"Point","coordinates":[-89.2724772036773,48.3704579276696]},"properties":{"OBJECTID":3758,"LOC_ID":"FC0166","FDMID":162,"X_COORD":331725.94402,"Y_COORD":5359969.77188,"BEAT":"S 8","ROT_ANGLE":0,"NODE_ID":3687,"GLOBALID":"29905ce2-1020-4954-a7c7-018eeb7474fc","CREATEDDATE":1520794199000,"LASTUPDATE":1743459709000}},{"type":"Feature","id":3759,"geometry":{"type":"Point","coordinates":[-89.2532001950668,48.3689909717506]},"properties":{"OBJECTID":3759,"LOC_ID":"FC1200","FDMID":1159,"X_COORD":333141.97654,"Y_COORD":5359766.98506,"BEAT":"S 6","ROT_ANGLE":0,"NODE_ID":9994,"GLOBALID":"309b6b82-7bed-455a-b1ce-4501641213cf","CREATEDDATE":1520794199000,"LASTUPDATE":1777481235000}},{"type":"Feature","id":3760,"geometry":{"type":"Point","coordinates":[-89.3212043186063,48.3575836600604]},"properties":{"OBJECTID":3760,"LOC_ID":"NC0142","FDMID":1320,"X_COORD":328062.57762,"Y_COORD":5358643.2938,"BEAT":"S 15","ROT_ANGLE":315,"NODE_ID":9139,"GLOBALID":"c0394294-be9a-43a6-9a62-bf68b86f797d","CREATEDDATE":1520794199000,"LASTUPDATE":1699302396000}},{"type":"Feature","id":3761,"geometry":{"type":"Point","coordinates":[-89.3028346177944,48.3444770329705]},"properties":{"OBJECTID":3761,"LOC_ID":"NP0089","FDMID":1609,"X_COORD":329371.85404,"Y_COORD":5357149.948,"BEAT":"S 17","ROT_ANGLE":0,"NODE_ID":3478,"GLOBALID":"3d399169-a4ba-49e9-ba5b-67c833a17baf","CREATEDDATE":1520794199000,"LASTUPDATE":1769625556000}},{"type":"Feature","id":3762,"geometry":{"type":"Point","coordinates":[-89.3711780379737,48.3742726906821]},"properties":{"OBJECTID":3762,"LOC_ID":"NC0537","FDMID":3463,"X_COORD":324410.36335,"Y_COORD":5360613.41194,"BEAT":"S 14","ROT_ANGLE":332.5,"NODE_ID":2048,"GLOBALID":"42534343-f1b0-4da2-945e-02106541e04e","CREATEDDATE":1520794199000,"LASTUPDATE":1767898947000}},{"type":"Feature","id":3763,"geometry":{"type":"Point","coordinates":[-89.3611185097815,48.3625598654249]},"properties":{"OBJECTID":3763,"LOC_ID":"NC0058","FDMID":1236,"X_COORD":325107.42856,"Y_COORD":5359293.37329,"BEAT":"S 14","ROT_ANGLE":360,"NODE_ID":2942,"GLOBALID":"42e01acf-d69a-43c0-96ab-7d1061a68734","CREATEDDATE":1520794199000,"LASTUPDATE":1777662104000}},{"type":"Feature","id":3764,"geometry":{"type":"Point","coordinates":[-89.2723114846258,48.4531483271834]},"properties":{"OBJECTID":3764,"LOC_ID":"MC0152","FDMID":3149,"X_COORD":331997.04726,"Y_COORD":5369160.71128,"BEAT":"N 15","ROT_ANGLE":0,"NODE_ID":6494,"GLOBALID":"566c8fbc-0b12-4506-ad27-9152ccfcea87","CREATEDDATE":1520794199000,"LASTUPDATE":1751649380000}},{"type":"Feature","id":3765,"geometry":{"type":"Point","coordinates":[-89.2367571539708,48.4308480354728]},"properties":{"OBJECTID":3765,"LOC_ID":"PC0579","FDMID":2298,"X_COORD":334549.8918,"Y_COORD":5366598.89957,"BEAT":"N 6","ROT_ANGLE":0,"NODE_ID":7605,"GLOBALID":"5dc35d98-4b44-4402-b7f1-ab53589f2035","CREATEDDATE":1520794199000,"LASTUPDATE":1710277981000}},{"type":"Feature","id":3766,"geometry":{"type":"Point","coordinates":[-89.2498856475353,48.3854389420768]},"properties":{"OBJECTID":3766,"LOC_ID":"FC0410","FDMID":404,"X_COORD":333430.6703,"Y_COORD":5361585.93572,"BEAT":"S 10","ROT_ANGLE":360,"NODE_ID":6092,"GLOBALID":"1bb794d3-0f68-4137-8e75-425124ac0e5c","CREATEDDATE":1520794199000,"LASTUPDATE":1774550106000}},{"type":"Feature","id":3767,"geometry":{"type":"Point","coordinates":[-89.3656413088453,48.375692094673]},"properties":{"OBJECTID":3767,"LOC_ID":"NC0498","FDMID":1671,"X_COORD":324816.58875,"Y_COORD":5360759.40209,"BEAT":"S 13","ROT_ANGLE":360,"NODE_ID":7611,"GLOBALID":"888f7d5e-0cc0-489c-bd79-8a6941207867","CREATEDDATE":1520794199000,"LASTUPDATE":1765833675000}},{"type":"Feature","id":3768,"geometry":{"type":"Point","coordinates":[-89.2227448067642,48.4349521871272]},"properties":{"OBJECTID":3768,"LOC_ID":"PC0418","FDMID":2140,"X_COORD":335596.71958,"Y_COORD":5367030.41726,"BEAT":"N7","ROT_ANGLE":0,"NODE_ID":2027,"GLOBALID":"7ed96ebd-42b6-4fa1-a965-e801a44203d1","CREATEDDATE":1520794199000,"LASTUPDATE":1712957368000}},{"type":"Feature","id":3769,"geometry":{"type":"Point","coordinates":[-89.2431537383374,48.3861259889707]},"properties":{"OBJECTID":3769,"LOC_ID":"FC0439","FDMID":432,"X_COORD":333927.79184,"Y_COORD":5361647.2362,"BEAT":"S 10","ROT_ANGLE":360,"NODE_ID":10433,"GLOBALID":"ae049383-4fbc-4de1-9fab-83c729f977f9","CREATEDDATE":1520794199000,"LASTUPDATE":1777396933000}},{"type":"Feature","id":3770,"geometry":{"type":"Point","coordinates":[-89.2352614850602,48.3733588193473]},"properties":{"OBJECTID":3770,"LOC_ID":"FC0872","FDMID":863,"X_COORD":334454.83286,"Y_COORD":5360212.46782,"BEAT":"S 12","ROT_ANGLE":360,"NODE_ID":279,"GLOBALID":"a4f1f16a-0610-4c61-a717-d46c208b4e03","CREATEDDATE":1520794199000,"LASTUPDATE":1772157061000}},{"type":"Feature","id":3771,"geometry":{"type":"Point","coordinates":[-89.1927459955014,48.4617597387048]},"properties":{"OBJECTID":3771,"LOC_ID":"PC0022","FDMID":1746,"X_COORD":337888.2936,"Y_COORD":5369949.63646,"BEAT":"N 11","ROT_ANGLE":360,"NODE_ID":7012,"GLOBALID":"b4f7e6bc-aa20-4237-b52a-5bb2867d293c","CREATEDDATE":1520794199000,"LASTUPDATE":1763772358000}},{"type":"Feature","id":3772,"geometry":{"type":"Point","coordinates":[-89.1846662516095,48.457099999642]},"properties":{"OBJECTID":3772,"LOC_ID":"PP0130","FDMID":2992,"X_COORD":338502.17699,"Y_COORD":5369412.96907,"BEAT":"N 11","ROT_ANGLE":0,"NODE_ID":634,"GLOBALID":"79a7e0cd-65fd-4d20-b171-aa3f08593d88","CREATEDDATE":1520794199000,"LASTUPDATE":1711394330000}},{"type":"Feature","id":3773,"geometry":{"type":"Point","coordinates":[-89.2484344632103,48.4387040686616]},"properties":{"OBJECTID":3773,"LOC_ID":"PC0640","FDMID":2359,"X_COORD":333709.77686,"Y_COORD":5367503.00555,"BEAT":"N 5","ROT_ANGLE":0,"NODE_ID":818,"GLOBALID":"c24ce411-2288-43ef-9807-c97a349b7ea1","CREATEDDATE":1520794199000,"LASTUPDATE":1718060530000}},{"type":"Feature","id":3774,"geometry":{"type":"Point","coordinates":[-89.2160052926536,48.4390646821722]},"properties":{"OBJECTID":3774,"LOC_ID":"PC0390","FDMID":2113,"X_COORD":336107.40809,"Y_COORD":5367471.814,"BEAT":null,"ROT_ANGLE":360,"NODE_ID":369,"GLOBALID":"f3baf953-6042-4449-b1b9-c26fb310a252","CREATEDDATE":1520794199000,"LASTUPDATE":1768250092000}},{"type":"Feature","id":3775,"geometry":{"type":"Point","coordinates":[-89.216789295296,48.4374166498265]},"properties":{"OBJECTID":3775,"LOC_ID":"PC0395","FDMID":2118,"X_COORD":336048.50736,"Y_COORD":5367297.04254,"BEAT":"N7","ROT_ANGLE":360,"NODE_ID":6672,"GLOBALID":"7fec14ac-ab9f-4585-8425-c01962fa5888","CREATEDDATE":1520794199000,"LASTUPDATE":1773683819000}},{"type":"Feature","id":3776,"geometry":{"type":"Point","coordinates":[-89.2509518497434,48.3843311833276]},"properties":{"OBJECTID":3776,"LOC_ID":"FC1167","FDMID":3585,"X_COORD":333345.63401,"Y_COORD":5361459.9402,"BEAT":"S 10","ROT_ANGLE":316.2,"NODE_ID":976,"GLOBALID":"d2ffba60-afe6-4cb3-9563-9b124c4e56af","CREATEDDATE":1520794199000,"LASTUPDATE":1764101092000}},{"type":"Feature","id":3777,"geometry":{"type":"Point","coordinates":[-89.2509847204886,48.3809697155535]},"properties":{"OBJECTID":3777,"LOC_ID":"FC0748","FDMID":739,"X_COORD":333332.1323,"Y_COORD":5361091.9784,"BEAT":"S 10","ROT_ANGLE":0,"NODE_ID":4946,"GLOBALID":"7de5d921-3057-4cf7-b36c-b1aa77725c1a","CREATEDDATE":1520794199000,"LASTUPDATE":1765410161000}},{"type":"Feature","id":3778,"geometry":{"type":"Point","coordinates":[-89.3624040993988,48.3673735683309]},"properties":{"OBJECTID":3778,"LOC_ID":"NC0232","FDMID":1408,"X_COORD":325038.84847,"Y_COORD":5359828.28247,"BEAT":"S 14","ROT_ANGLE":0,"NODE_ID":2550,"GLOBALID":"aa431921-7ef8-4fd5-bbdb-f80ec622498e","CREATEDDATE":1520794199000,"LASTUPDATE":1711136233000}},{"type":"Feature","id":3779,"geometry":{"type":"Point","coordinates":[-89.2409638079438,48.4416997612767]},"properties":{"OBJECTID":3779,"LOC_ID":"PP0030","FDMID":2900,"X_COORD":334262.68592,"Y_COORD":5367818.13541,"BEAT":"N 5","ROT_ANGLE":0,"NODE_ID":10145,"GLOBALID":"d2da7417-6475-42a5-9c6e-2793a52172d2","CREATEDDATE":1520794199000,"LASTUPDATE":1749594641000}},{"type":"Feature","id":3780,"geometry":{"type":"Point","coordinates":[-89.2406133071317,48.3901444189671]},"properties":{"OBJECTID":3780,"LOC_ID":"FC0637","FDMID":629,"X_COORD":334127.18409,"Y_COORD":5362087.46583,"BEAT":"S 11","ROT_ANGLE":360,"NODE_ID":7693,"GLOBALID":"3ceb8002-ee1d-4845-aff5-10bcc9c1fa6a","CREATEDDATE":1520794199000,"LASTUPDATE":1774459585000}},{"type":"Feature","id":3781,"geometry":{"type":"Point","coordinates":[-89.223190248832,48.4601948778662]},"properties":{"OBJECTID":3781,"LOC_ID":"PC0751","FDMID":2468,"X_COORD":335650.68208,"Y_COORD":5369837.49003,"BEAT":"N 9","ROT_ANGLE":360,"NODE_ID":5119,"GLOBALID":"ba06a099-b573-4760-a902-7f0621f7744a","CREATEDDATE":1520794199000,"LASTUPDATE":1771613958000}},{"type":"Feature","id":3782,"geometry":{"type":"Point","coordinates":[-89.2569813571188,48.4441456850448]},"properties":{"OBJECTID":3782,"LOC_ID":"PP0062","FDMID":2929,"X_COORD":333100.5542,"Y_COORD":5368126.6812,"BEAT":"N 4","ROT_ANGLE":0,"NODE_ID":3363,"GLOBALID":"5c427161-da8d-4622-99bb-8cb44bf9e12d","CREATEDDATE":1520794199000,"LASTUPDATE":1750292865000}},{"type":"Feature","id":3783,"geometry":{"type":"Point","coordinates":[-89.278469464273,48.4174392227956]},"properties":{"OBJECTID":3783,"LOC_ID":"PC1232","FDMID":0,"X_COORD":331423.53993,"Y_COORD":5365205.91012,"BEAT":null,"ROT_ANGLE":360,"NODE_ID":8754,"GLOBALID":"7166faa0-dfeb-4136-adba-829c85594dd0","CREATEDDATE":1520794199000,"LASTUPDATE":1769807107000}},{"type":"Feature","id":3784,"geometry":{"type":"Point","coordinates":[-89.2425914453798,48.3842654414194]},"properties":{"OBJECTID":3784,"LOC_ID":"FC0701","FDMID":692,"X_COORD":333966.17776,"Y_COORD":5361440.89713,"BEAT":"S 10","ROT_ANGLE":360,"NODE_ID":4349,"GLOBALID":"07293b10-0064-4308-8125-f9588c5d677e","CREATEDDATE":1520794199000,"LASTUPDATE":1778191269000}},{"type":"Feature","id":3785,"geometry":{"type":"Point","coordinates":[-89.2782968015738,48.3763070446664]},"properties":{"OBJECTID":3785,"LOC_ID":"FC0534","FDMID":526,"X_COORD":331295.00642,"Y_COORD":5360633.29546,"BEAT":"S 7","ROT_ANGLE":0,"NODE_ID":8468,"GLOBALID":"8ebf5c69-78d2-443c-83f3-e12008329a1c","CREATEDDATE":1520794199000,"LASTUPDATE":1718060634000}},{"type":"Feature","id":3786,"geometry":{"type":"Point","coordinates":[-89.2426743645933,48.3749429201113]},"properties":{"OBJECTID":3786,"LOC_ID":"FC0393","FDMID":387,"X_COORD":333916.96688,"Y_COORD":5360399.1745,"BEAT":"S 12","ROT_ANGLE":360,"NODE_ID":6091,"GLOBALID":"2fcde39e-e6ef-4335-a33f-67748f069295","CREATEDDATE":1520794199000,"LASTUPDATE":1765221950000}},{"type":"Feature","id":3787,"geometry":{"type":"Point","coordinates":[-89.3347671002161,48.3625737362176]},"properties":{"OBJECTID":3787,"LOC_ID":"NC0192","FDMID":1369,"X_COORD":327069.93941,"Y_COORD":5359246.79921,"BEAT":"S 15","ROT_ANGLE":360,"NODE_ID":3014,"GLOBALID":"f7bf433b-ca02-4c11-bd76-851e6c4df03f","CREATEDDATE":1520794199000,"LASTUPDATE":1777662996000}},{"type":"Feature","id":3788,"geometry":{"type":"Point","coordinates":[-89.1920582781488,48.4730229220926]},"properties":{"OBJECTID":3788,"LOC_ID":"PC0090","FDMID":1813,"X_COORD":337961.37417,"Y_COORD":5371169.23762,"BEAT":"N 11","ROT_ANGLE":0,"NODE_ID":6194,"GLOBALID":"a07ad844-7893-4cc3-98f6-b7e570f98f0e","CREATEDDATE":1520794199000,"LASTUPDATE":1741306822000}},{"type":"Feature","id":3789,"geometry":{"type":"Point","coordinates":[-89.248958454768,48.4477673733487]},"properties":{"OBJECTID":3789,"LOC_ID":"PC0856","FDMID":2572,"X_COORD":333681.64732,"Y_COORD":5368498.86194,"BEAT":"N 8","ROT_ANGLE":0,"NODE_ID":6008,"GLOBALID":"6f094723-8b3f-40fa-a595-cba5905ce35d","CREATEDDATE":1520794199000,"LASTUPDATE":1749838555000}},{"type":"Feature","id":3790,"geometry":{"type":"Point","coordinates":[-89.2203552908739,48.4442740949104]},"properties":{"OBJECTID":3790,"LOC_ID":"PC1036","FDMID":2750,"X_COORD":335800.23241,"Y_COORD":5368060.44786,"BEAT":"N 6","ROT_ANGLE":360,"NODE_ID":5651,"GLOBALID":"328c6e60-2f61-46ed-8ddb-533514a71d7c","CREATEDDATE":1520794199000,"LASTUPDATE":1771637837000}},{"type":"Feature","id":3791,"geometry":{"type":"Point","coordinates":[-89.2434045453532,48.389141389388]},"properties":{"OBJECTID":3791,"LOC_ID":"FC0134","FDMID":127,"X_COORD":333933.07132,"Y_COORD":5361979.31966,"BEAT":"S 11","ROT_ANGLE":0,"NODE_ID":3258,"GLOBALID":"48829e58-e567-43cf-bf1d-3997bef1b591","CREATEDDATE":1520794199000,"LASTUPDATE":1711147574000}},{"type":"Feature","id":3792,"geometry":{"type":"Point","coordinates":[-89.2417083545063,48.386583870438]},"properties":{"OBJECTID":3792,"LOC_ID":"FC0184","FDMID":180,"X_COORD":334000.08905,"Y_COORD":5361714.80254,"BEAT":"S 11","ROT_ANGLE":360,"NODE_ID":4497,"GLOBALID":"92013060-8562-4865-afc1-31adee920270","CREATEDDATE":1520794199000,"LASTUPDATE":1773957020000}},{"type":"Feature","id":3793,"geometry":{"type":"Point","coordinates":[-89.2280473223408,48.4462437781797]},"properties":{"OBJECTID":3793,"LOC_ID":"PC0357","FDMID":2080,"X_COORD":335242.9432,"Y_COORD":5368301.85765,"BEAT":"N 6","ROT_ANGLE":347.4,"NODE_ID":10019,"GLOBALID":"cb578307-a409-4e5d-97c6-1ed4142b19e7","CREATEDDATE":1520794199000,"LASTUPDATE":1773685382000}},{"type":"Feature","id":3794,"geometry":{"type":"Point","coordinates":[-89.2208588245471,48.4353125981281]},"properties":{"OBJECTID":3794,"LOC_ID":"PC0407","FDMID":2130,"X_COORD":335743.00182,"Y_COORD":5367062.0499,"BEAT":"N7","ROT_ANGLE":0,"NODE_ID":9746,"GLOBALID":"afd91790-10c8-4b82-9d95-67a1076d4e6d","CREATEDDATE":1520794199000,"LASTUPDATE":1739995755000}},{"type":"Feature","id":3795,"geometry":{"type":"Point","coordinates":[-89.2548040562493,48.4332994877497]},"properties":{"OBJECTID":3795,"LOC_ID":"PP0109","FDMID":2973,"X_COORD":333216.8335,"Y_COORD":5366912.82699,"BEAT":"N 4","ROT_ANGLE":0,"NODE_ID":9953,"GLOBALID":"61a98abb-6439-4dbd-931b-ffa8a89d47b7","CREATEDDATE":1520794199000,"LASTUPDATE":1702514196000}},{"type":"Feature","id":3796,"geometry":{"type":"Point","coordinates":[-89.2498874319618,48.3791346129219]},"properties":{"OBJECTID":3796,"LOC_ID":"FC0407","FDMID":401,"X_COORD":333409.33731,"Y_COORD":5360880.2177,"BEAT":"S 10","ROT_ANGLE":0,"NODE_ID":7823,"GLOBALID":"40a516eb-8fb5-45b2-9a71-55bcf339a854","CREATEDDATE":1520794199000,"LASTUPDATE":1702424728000}},{"type":"Feature","id":3797,"geometry":{"type":"Point","coordinates":[-89.2708839739597,48.3782077645687]},"properties":{"OBJECTID":3797,"LOC_ID":"FC0559","FDMID":551,"X_COORD":331850.14089,"Y_COORD":5360828.24817,"BEAT":"S 7","ROT_ANGLE":0,"NODE_ID":10184,"GLOBALID":"5f311a84-d4e1-4489-a3b0-02a1c26a138c","CREATEDDATE":1520794199000,"LASTUPDATE":1718060603000}},{"type":"Feature","id":3798,"geometry":{"type":"Point","coordinates":[-89.3572268342673,48.3550129976491]},"properties":{"OBJECTID":3798,"LOC_ID":"NC0110","FDMID":1289,"X_COORD":325395.81973,"Y_COORD":5358443.04061,"BEAT":"S 15","ROT_ANGLE":0,"NODE_ID":1605,"GLOBALID":"6dbd2efd-ad73-4a36-8ca7-7fd74c4a3a8c","CREATEDDATE":1520794199000,"LASTUPDATE":1700248868000}},{"type":"Feature","id":3799,"geometry":{"type":"Point","coordinates":[-89.2307811744484,48.4463265577169]},"properties":{"OBJECTID":3799,"LOC_ID":"PC0359","FDMID":2082,"X_COORD":335046.64803,"Y_COORD":5368317.21534,"BEAT":"N 6","ROT_ANGLE":360,"NODE_ID":7841,"GLOBALID":"368593a3-9e86-4f40-b457-ff830e9c1c7b","CREATEDDATE":1520794199000,"LASTUPDATE":1770230964000}},{"type":"Feature","id":3800,"geometry":{"type":"Point","coordinates":[-89.2791406390651,48.3856303906781]},"properties":{"OBJECTID":3800,"LOC_ID":"FC0507","FDMID":499,"X_COORD":331282.45807,"Y_COORD":5361672.16958,"BEAT":"S 5","ROT_ANGLE":0,"NODE_ID":6254,"GLOBALID":"c3f913b9-0973-450e-9043-c56b1886129e","CREATEDDATE":1520794199000,"LASTUPDATE":1710457505000}},{"type":"Feature","id":3801,"geometry":{"type":"Point","coordinates":[-89.2674523572133,48.3741542093501]},"properties":{"OBJECTID":3801,"LOC_ID":"FC0739","FDMID":730,"X_COORD":332090.40943,"Y_COORD":5360377.75985,"BEAT":"S 8","ROT_ANGLE":0,"NODE_ID":3424,"GLOBALID":"d31f6968-6ace-44a2-8bf0-12d692b30698","CREATEDDATE":1520794199000,"LASTUPDATE":1702323542000}},{"type":"Feature","id":3802,"geometry":{"type":"Point","coordinates":[-89.1918158343248,48.4707951283026]},"properties":{"OBJECTID":3802,"LOC_ID":"PC0876","FDMID":2592,"X_COORD":337999.25577,"Y_COORD":5370947.07365,"BEAT":"N 11","ROT_ANGLE":0,"NODE_ID":4222,"GLOBALID":"e23b3767-4d1c-4dd6-ab67-c56e0f960b5b","CREATEDDATE":1520794199000,"LASTUPDATE":1739321371000}},{"type":"Feature","id":3803,"geometry":{"type":"Point","coordinates":[-89.2314019884277,48.450858572803]},"properties":{"OBJECTID":3803,"LOC_ID":"PC0822","FDMID":2538,"X_COORD":335008.78947,"Y_COORD":5368817.04459,"BEAT":"N 8","ROT_ANGLE":0,"NODE_ID":7547,"GLOBALID":"d89ec128-1fa0-48d6-adb2-61a81cdf88a3","CREATEDDATE":1520794199000,"LASTUPDATE":1751650838000}},{"type":"Feature","id":3804,"geometry":{"type":"Point","coordinates":[-89.2470676141526,48.443082519699]},"properties":{"OBJECTID":3804,"LOC_ID":"PC0634","FDMID":2353,"X_COORD":333821.44047,"Y_COORD":5367977.5525,"BEAT":"N 5","ROT_ANGLE":0,"NODE_ID":2613,"GLOBALID":"b1fcde0b-886e-498b-9bc4-339dd964fc65","CREATEDDATE":1520794199000,"LASTUPDATE":1749771094000}},{"type":"Feature","id":3805,"geometry":{"type":"Point","coordinates":[-89.2358414880763,48.4184995824723]},"properties":{"OBJECTID":3805,"LOC_ID":"PC0696","FDMID":2415,"X_COORD":334567.9672,"Y_COORD":5365251.43409,"BEAT":"N 2","ROT_ANGLE":0,"NODE_ID":752,"GLOBALID":"20a742a5-7076-4524-a78e-d4ffbcbbe212","CREATEDDATE":1520794199000,"LASTUPDATE":1736284595000}},{"type":"Feature","id":3806,"geometry":{"type":"Point","coordinates":[-89.2362499586317,48.3924914033923]},"properties":{"OBJECTID":3806,"LOC_ID":"FC0663","FDMID":655,"X_COORD":334465.24259,"Y_COORD":5362333.31134,"BEAT":"S 11","ROT_ANGLE":0,"NODE_ID":8327,"GLOBALID":"2a1785af-f1d8-4792-8c67-a99402bea699","CREATEDDATE":1520794199000,"LASTUPDATE":1743804667000}},{"type":"Feature","id":3807,"geometry":{"type":"Point","coordinates":[-89.2755570905298,48.3877349968518]},"properties":{"OBJECTID":3807,"LOC_ID":"FC0903","FDMID":894,"X_COORD":331535.58934,"Y_COORD":5361897.40913,"BEAT":"S 7","ROT_ANGLE":0,"NODE_ID":7685,"GLOBALID":"5732ad94-7920-4440-bf65-cf08500bd6e4","CREATEDDATE":1520794199000,"LASTUPDATE":1751651601000}},{"type":"Feature","id":3808,"geometry":{"type":"Point","coordinates":[-89.3032074933726,48.3724203270591]},"properties":{"OBJECTID":3808,"LOC_ID":"FC1128","FDMID":1117,"X_COORD":329450.40892,"Y_COORD":5360259.93738,"BEAT":"S 2","ROT_ANGLE":360,"NODE_ID":4936,"GLOBALID":"15dddf60-e7b5-4a08-9a43-5eb40e9b0484","CREATEDDATE":1520794199000,"LASTUPDATE":1772223628000}},{"type":"Feature","id":3809,"geometry":{"type":"Point","coordinates":[-89.2415515706594,48.3749211950632]},"properties":{"OBJECTID":3809,"LOC_ID":"FC0394","FDMID":388,"X_COORD":334042.2415,"Y_COORD":5360398.11594,"BEAT":"S 12","ROT_ANGLE":360,"NODE_ID":7573,"GLOBALID":"97cf671d-aa32-4a39-9791-d0e551b6f9e5","CREATEDDATE":1520794199000,"LASTUPDATE":1765222317000}},{"type":"Feature","id":3810,"geometry":{"type":"Point","coordinates":[-89.2191245412988,48.4419122021494]},"properties":{"OBJECTID":3810,"LOC_ID":"PC0183","FDMID":3499,"X_COORD":335887.00464,"Y_COORD":5367796.66571,"BEAT":"N 6","ROT_ANGLE":360,"NODE_ID":5760,"GLOBALID":"516523cf-f54a-452a-b74d-75c05f72527f","CREATEDDATE":1520794199000,"LASTUPDATE":1775069829000}},{"type":"Feature","id":3811,"geometry":{"type":"Point","coordinates":[-89.2186225383534,48.4420571342589]},"properties":{"OBJECTID":3811,"LOC_ID":"PC0299","FDMID":2022,"X_COORD":335927.16105,"Y_COORD":5367813.74808,"BEAT":"N7","ROT_ANGLE":360,"NODE_ID":4258,"GLOBALID":"94d011e2-5269-4b53-a1fa-067b2342e515","CREATEDDATE":1520794199000,"LASTUPDATE":1775068422000}},{"type":"Feature","id":3812,"geometry":{"type":"Point","coordinates":[-89.2393054775964,48.3886652818999]},"properties":{"OBJECTID":3812,"LOC_ID":"FC0192","FDMID":188,"X_COORD":334217.30044,"Y_COORD":5361921.65771,"BEAT":"S 11","ROT_ANGLE":0,"NODE_ID":8799,"GLOBALID":"05806554-5db8-4ce3-b4f0-a8c333b34056","CREATEDDATE":1520794199000,"LASTUPDATE":1743718554000}},{"type":"Feature","id":3813,"geometry":{"type":"Point","coordinates":[-89.2731267277269,48.3798777318124]},"properties":{"OBJECTID":3813,"LOC_ID":"FC0071","FDMID":64,"X_COORD":331688.42364,"Y_COORD":5361015.93431,"BEAT":"S 7","ROT_ANGLE":360,"NODE_ID":4942,"GLOBALID":"d9bd265e-7e4e-40f2-a415-85f3142e497b","CREATEDDATE":1520794199000,"LASTUPDATE":1773090390000}},{"type":"Feature","id":3814,"geometry":{"type":"Point","coordinates":[-89.1513516769708,48.4763724720228]},"properties":{"OBJECTID":3814,"LOC_ID":"PC0063","FDMID":1787,"X_COORD":341009.19293,"Y_COORD":5371466.47819,"BEAT":"N 14","ROT_ANGLE":0,"NODE_ID":8126,"GLOBALID":"a2efcc85-c33f-4185-8172-4128c4c285d4","CREATEDDATE":1520794199000,"LASTUPDATE":1699649738000}},{"type":"Feature","id":3815,"geometry":{"type":"Point","coordinates":[-89.1960092145576,48.4499965186958]},"properties":{"OBJECTID":3815,"LOC_ID":"PC0169","FDMID":1892,"X_COORD":337620.23293,"Y_COORD":5368650.01662,"BEAT":"N 10","ROT_ANGLE":0,"NODE_ID":2042,"GLOBALID":"ddaca83a-3a39-403a-b3c9-85ea21c588ca","CREATEDDATE":1520794199000,"LASTUPDATE":1700079887000}},{"type":"Feature","id":3816,"geometry":{"type":"Point","coordinates":[-89.2251228557759,48.434555352786]},"properties":{"OBJECTID":3816,"LOC_ID":"PC0424","FDMID":2146,"X_COORD":335419.9636,"Y_COORD":5366991.7518,"BEAT":null,"ROT_ANGLE":0,"NODE_ID":3726,"GLOBALID":"c9e0f661-ed2d-4eec-8e4c-4b2de266aaac","CREATEDDATE":1520794199000,"LASTUPDATE":1765410161000}},{"type":"Feature","id":3817,"geometry":{"type":"Point","coordinates":[-89.2604679951096,48.3892309862249]},"properties":{"OBJECTID":3817,"LOC_ID":"FC0822","FDMID":813,"X_COORD":332653.24873,"Y_COORD":5362032.22692,"BEAT":"S 9","ROT_ANGLE":0,"NODE_ID":6260,"GLOBALID":"864ded25-e16d-4f47-b908-c0a7ccc666c4","CREATEDDATE":1520794199000,"LASTUPDATE":1738974678000}},{"type":"Feature","id":3818,"geometry":{"type":"Point","coordinates":[-89.2424971216648,48.3898384301645]},"properties":{"OBJECTID":3818,"LOC_ID":"FC0194","FDMID":190,"X_COORD":333953.12585,"Y_COORD":5362076.8915,"BEAT":"S 11","ROT_ANGLE":0,"NODE_ID":8798,"GLOBALID":"e341fc8f-1241-4ecd-9646-91283c8ff571","CREATEDDATE":1520794199000,"LASTUPDATE":1743716034000}},{"type":"Feature","id":3819,"geometry":{"type":"Point","coordinates":[-89.289810193797,48.3661036361719]},"properties":{"OBJECTID":3819,"LOC_ID":"FC1157","FDMID":3331,"X_COORD":330404.29743,"Y_COORD":5359524.61476,"BEAT":"S 3","ROT_ANGLE":47.5,"NODE_ID":9807,"GLOBALID":"9c4fa627-f6cb-480d-83e1-e67aa50a7131","CREATEDDATE":1520794199000,"LASTUPDATE":1710434559000}},{"type":"Feature","id":3820,"geometry":{"type":"Point","coordinates":[-89.2654688622157,48.3542981744815]},"properties":{"OBJECTID":3820,"LOC_ID":"FC1290","FDMID":3289,"X_COORD":332134.03081,"Y_COORD":5358134.18404,"BEAT":"S 12","ROT_ANGLE":360,"NODE_ID":3354,"GLOBALID":"e2cf45e3-e8bc-4932-a80f-fe63f9922b2c","CREATEDDATE":1520794199000,"LASTUPDATE":1774372601000}},{"type":"Feature","id":3821,"geometry":{"type":"Point","coordinates":[-89.1884548296637,48.464423240073]},"properties":{"OBJECTID":3821,"LOC_ID":"PC0037","FDMID":1761,"X_COORD":338227.96618,"Y_COORD":5370234.65407,"BEAT":"N 11","ROT_ANGLE":0,"NODE_ID":7187,"GLOBALID":"ec0883a7-f92e-408b-85e4-540351a8214b","CREATEDDATE":1520794199000,"LASTUPDATE":1710438660000}},{"type":"Feature","id":3822,"geometry":{"type":"Point","coordinates":[-89.2758707744276,48.3740389832099]},"properties":{"OBJECTID":3822,"LOC_ID":"FC0325","FDMID":320,"X_COORD":331465.50396,"Y_COORD":5360385.99562,"BEAT":"S 7","ROT_ANGLE":0,"NODE_ID":6752,"GLOBALID":"3897ebe9-afbf-42b1-b0e7-bd4445e8153e","CREATEDDATE":1520794199000,"LASTUPDATE":1773683214000}},{"type":"Feature","id":3823,"geometry":{"type":"Point","coordinates":[-89.2370093507247,48.3641511374525]},"properties":{"OBJECTID":3823,"LOC_ID":"FC0516","FDMID":508,"X_COORD":334313.92892,"Y_COORD":5359207.11281,"BEAT":"S 12","ROT_ANGLE":360,"NODE_ID":6623,"GLOBALID":"57cb18cf-a695-4a81-b3f8-0cc80c4bff63","CREATEDDATE":1520794199000,"LASTUPDATE":1777917810000}},{"type":"Feature","id":3824,"geometry":{"type":"Point","coordinates":[-89.2718434295629,48.4514048474618]},"properties":{"OBJECTID":3824,"LOC_ID":"MC0133","FDMID":3130,"X_COORD":332022.24815,"Y_COORD":5368966.80536,"BEAT":"N 15","ROT_ANGLE":0,"NODE_ID":1749,"GLOBALID":"adf30bb5-bfd4-4e06-ba85-f3b0c569f7a9","CREATEDDATE":1520794199000,"LASTUPDATE":1751648320000}},{"type":"Feature","id":3825,"geometry":{"type":"Point","coordinates":[-89.2431440363027,48.3945906997753]},"properties":{"OBJECTID":3825,"LOC_ID":"FC0629","FDMID":621,"X_COORD":333993.02934,"Y_COORD":5362590.6154,"BEAT":"S 11","ROT_ANGLE":360,"NODE_ID":8203,"GLOBALID":"94d7a20d-341f-47ef-a3ee-6a391193ae4f","CREATEDDATE":1520794199000,"LASTUPDATE":1763758375000}},{"type":"Feature","id":3826,"geometry":{"type":"Point","coordinates":[-89.2821952033591,48.3856268179522]},"properties":{"OBJECTID":3826,"LOC_ID":"FC0508","FDMID":500,"X_COORD":331096.58159,"Y_COORD":5361677.89732,"BEAT":"S 5","ROT_ANGLE":0,"NODE_ID":921,"GLOBALID":"be4a4d0f-ee24-4c16-a6e9-65250116e049","CREATEDDATE":1520794199000,"LASTUPDATE":1710543071000}},{"type":"Feature","id":3827,"geometry":{"type":"Point","coordinates":[-89.2411505178204,48.3860025399583]},"properties":{"OBJECTID":3827,"LOC_ID":"FC0699","FDMID":690,"X_COORD":334075.30851,"Y_COORD":5361626.2483,"BEAT":"S 11","ROT_ANGLE":360,"NODE_ID":9054,"GLOBALID":"36628495-ccf8-42c8-8d3b-c7001634e97f","CREATEDDATE":1520794199000,"LASTUPDATE":1773948101000}},{"type":"Feature","id":3828,"geometry":{"type":"Point","coordinates":[-89.3390349899248,48.3625690197115]},"properties":{"OBJECTID":3828,"LOC_ID":"NC0194","FDMID":1371,"X_COORD":326766.34005,"Y_COORD":5359256.76759,"BEAT":"S 15","ROT_ANGLE":360,"NODE_ID":8523,"GLOBALID":"4b31d6a6-893c-46f3-8aad-992d904e4f5a","CREATEDDATE":1520794199000,"LASTUPDATE":1777662580000}},{"type":"Feature","id":3829,"geometry":{"type":"Point","coordinates":[-89.3032753041097,48.3434061347413]},"properties":{"OBJECTID":3829,"LOC_ID":"NP0090","FDMID":1610,"X_COORD":329335.62876,"Y_COORD":5357031.9064,"BEAT":"S 17","ROT_ANGLE":0,"NODE_ID":475,"GLOBALID":"e800738d-792f-4c23-ac86-1c06da7d99cf","CREATEDDATE":1520794199000,"LASTUPDATE":1769625556000}},{"type":"Feature","id":3830,"geometry":{"type":"Point","coordinates":[-89.2496382079638,48.3861815224476]},"properties":{"OBJECTID":3830,"LOC_ID":"FC0443","FDMID":436,"X_COORD":333450.3119,"Y_COORD":5361666.82532,"BEAT":null,"ROT_ANGLE":360,"NODE_ID":4784,"GLOBALID":"cbee856c-2d1a-4bc2-9367-76538cfe9b48","CREATEDDATE":1520794199000,"LASTUPDATE":1774549527000}},{"type":"Feature","id":3831,"geometry":{"type":"Point","coordinates":[-89.36566149003,48.3764512495617]},"properties":{"OBJECTID":3831,"LOC_ID":"NC0497","FDMID":1670,"X_COORD":324820.56725,"Y_COORD":5360844.50801,"BEAT":"S 13","ROT_ANGLE":360,"NODE_ID":7838,"GLOBALID":"1060efb4-8a98-4f86-b8ac-1fa0de8ac7c7","CREATEDDATE":1520794199000,"LASTUPDATE":1765833675000}},{"type":"Feature","id":3832,"geometry":{"type":"Point","coordinates":[-89.3367187187518,48.3625704525425]},"properties":{"OBJECTID":3832,"LOC_ID":"NC0193","FDMID":1370,"X_COORD":326923.08885,"Y_COORD":5359252.18084,"BEAT":"S 15","ROT_ANGLE":360,"NODE_ID":3015,"GLOBALID":"e5a5c494-d4db-4526-9498-41cda80c3c05","CREATEDDATE":1520794199000,"LASTUPDATE":1777662931000}},{"type":"Feature","id":3833,"geometry":{"type":"Point","coordinates":[-89.193595573229,48.4493986318541]},"properties":{"OBJECTID":3833,"LOC_ID":"PC0189","FDMID":1912,"X_COORD":337803.24912,"Y_COORD":5368577.53022,"BEAT":"N 10","ROT_ANGLE":360,"NODE_ID":8927,"GLOBALID":"d1d8633a-1fe5-4d88-ba74-47d99643f0cd","CREATEDDATE":1520794199000,"LASTUPDATE":1753824928000}},{"type":"Feature","id":3834,"geometry":{"type":"Point","coordinates":[-89.2186090300931,48.4515214123475]},"properties":{"OBJECTID":3834,"LOC_ID":"PC0817","FDMID":2533,"X_COORD":335956.83043,"Y_COORD":5368861.54738,"BEAT":"N 9","ROT_ANGLE":0,"NODE_ID":9751,"GLOBALID":"c71638ae-cc41-4f9a-a75c-e84f6f9e9bd6","CREATEDDATE":1520794199000,"LASTUPDATE":1750187980000}},{"type":"Feature","id":3835,"geometry":{"type":"Point","coordinates":[-89.2324688376068,48.3597578564583]},"properties":{"OBJECTID":3835,"LOC_ID":"FP0077","FDMID":0,"X_COORD":334634.71075,"Y_COORD":5358694.04708,"BEAT":null,"ROT_ANGLE":0,"NODE_ID":141,"GLOBALID":"08498496-9d6f-421b-bea1-63eb5eb84824","CREATEDDATE":1520794199000,"LASTUPDATE":1741117612000}},{"type":"Feature","id":3836,"geometry":{"type":"Point","coordinates":[-89.2229914398756,48.4493737391602]},"properties":{"OBJECTID":3836,"LOC_ID":"PC0386","FDMID":2109,"X_COORD":335624.99939,"Y_COORD":5368628.56126,"BEAT":"N 9","ROT_ANGLE":0,"NODE_ID":6355,"GLOBALID":"97ea4cdb-111f-4e5d-b197-4a78180f2974","CREATEDDATE":1520794199000,"LASTUPDATE":1753117957000}},{"type":"Feature","id":3837,"geometry":{"type":"Point","coordinates":[-89.2308541013072,48.4413307543488]},"properties":{"OBJECTID":3837,"LOC_ID":"PC0331","FDMID":2054,"X_COORD":335018.55996,"Y_COORD":5367755.87697,"BEAT":"N 6","ROT_ANGLE":36.6,"NODE_ID":9540,"GLOBALID":"184fefd8-923c-4e72-ab7f-83980453887f","CREATEDDATE":1520794199000,"LASTUPDATE":1770238040000}},{"type":"Feature","id":3838,"geometry":{"type":"Point","coordinates":[-89.2325504484392,48.4345807170081]},"properties":{"OBJECTID":3838,"LOC_ID":"PC0463","FDMID":2185,"X_COORD":334864.47792,"Y_COORD":5367011.92049,"BEAT":"N 6","ROT_ANGLE":0,"NODE_ID":6963,"GLOBALID":"84463f9b-dc44-4d4e-940c-2e49a3db4028","CREATEDDATE":1520794199000,"LASTUPDATE":1752792699000}},{"type":"Feature","id":3839,"geometry":{"type":"Point","coordinates":[-89.2500499044827,48.4156867826691]},"properties":{"OBJECTID":3839,"LOC_ID":"PC0665","FDMID":3689,"X_COORD":333511.16975,"Y_COORD":5364949.97464,"BEAT":"N 2","ROT_ANGLE":360,"NODE_ID":8593,"GLOBALID":"7608b546-9c0d-44c2-987a-d3e98f4f046b","CREATEDDATE":1520794199000,"LASTUPDATE":1763406669000}},{"type":"Feature","id":3840,"geometry":{"type":"Point","coordinates":[-89.3524570300221,48.3265204787568]},"properties":{"OBJECTID":3840,"LOC_ID":"NC0481","FDMID":1654,"X_COORD":325634.551,"Y_COORD":5355258.62666,"BEAT":"S 16","ROT_ANGLE":0,"NODE_ID":7481,"GLOBALID":"94b4a622-fec5-4132-b4f2-7e7bd1b0ae7d","CREATEDDATE":1520794199000,"LASTUPDATE":1718044464000}},{"type":"Feature","id":3841,"geometry":{"type":"Point","coordinates":[-89.2076190045352,48.4474257403204]},"properties":{"OBJECTID":3841,"LOC_ID":"PC0981","FDMID":2695,"X_COORD":336766.50953,"Y_COORD":5368388.77451,"BEAT":"N 10","ROT_ANGLE":0,"NODE_ID":2116,"GLOBALID":"e7c70005-405d-4d6b-ac5f-1b94e1e79a69","CREATEDDATE":1520794199000,"LASTUPDATE":1701979032000}},{"type":"Feature","id":3842,"geometry":{"type":"Point","coordinates":[-89.2147476141966,48.4394259189094]},"properties":{"OBJECTID":3842,"LOC_ID":"PC0389","FDMID":2112,"X_COORD":336198.02416,"Y_COORD":5367502.12645,"BEAT":"N 7","ROT_ANGLE":360,"NODE_ID":3150,"GLOBALID":"5ab09e48-ea5c-4d4b-9f65-9e3a9a5907f9","CREATEDDATE":1520794199000,"LASTUPDATE":1773683819000}},{"type":"Feature","id":3843,"geometry":{"type":"Point","coordinates":[-89.2193448517541,48.4349792811192]},"properties":{"OBJECTID":3843,"LOC_ID":"PC0409","FDMID":2132,"X_COORD":335843.212,"Y_COORD":5367020.84235,"BEAT":"N7","ROT_ANGLE":0,"NODE_ID":2032,"GLOBALID":"7e03cc22-b6be-4e41-9dd7-1f12b6478e26","CREATEDDATE":1520794199000,"LASTUPDATE":1739993886000}},{"type":"Feature","id":3844,"geometry":{"type":"Point","coordinates":[-89.2451506246778,48.3861830540486]},"properties":{"OBJECTID":3844,"LOC_ID":"FC0440","FDMID":433,"X_COORD":333779.26268,"Y_COORD":5361656.58763,"BEAT":"S 10","ROT_ANGLE":360,"NODE_ID":6758,"GLOBALID":"70b0f1c9-e202-45d2-8224-4cf2454363f5","CREATEDDATE":1520794199000,"LASTUPDATE":1777396933000}},{"type":"Feature","id":3845,"geometry":{"type":"Point","coordinates":[-89.2418154355531,48.3851992956892]},"properties":{"OBJECTID":3845,"LOC_ID":"FC0700","FDMID":691,"X_COORD":334028.61872,"Y_COORD":5361548.00727,"BEAT":"S 10","ROT_ANGLE":360,"NODE_ID":2795,"GLOBALID":"e4832287-2716-4521-95a3-ac97bcff78f2","CREATEDDATE":1520794199000,"LASTUPDATE":1778191269000}},{"type":"Feature","id":3846,"geometry":{"type":"Point","coordinates":[-89.3562567321223,48.3174427606183]},"properties":{"OBJECTID":3846,"LOC_ID":"NC0463","FDMID":1636,"X_COORD":325326.60732,"Y_COORD":5354272.90199,"BEAT":"S 17","ROT_ANGLE":360,"NODE_ID":968,"GLOBALID":"4b9f7bdc-72ae-427e-b275-f71e089205bf","CREATEDDATE":1520794199000,"LASTUPDATE":1775602142000}},{"type":"Feature","id":3847,"geometry":{"type":"Point","coordinates":[-89.2358998636002,48.3073708714022]},"properties":{"OBJECTID":3847,"LOC_ID":"FP0114","FDMID":1114,"X_COORD":334289.847,"Y_COORD":5352965.35152,"BEAT":null,"ROT_ANGLE":360,"NODE_ID":0,"GLOBALID":"3b79dfa1-0f51-47c4-bc5c-04d75a81341a","CREATEDDATE":1520794199000,"LASTUPDATE":1773964724000}},{"type":"Feature","id":3848,"geometry":{"type":"Point","coordinates":[-89.2373501499498,48.3090179022463]},"properties":{"OBJECTID":3848,"LOC_ID":"FP0116","FDMID":1116,"X_COORD":334181.50499,"Y_COORD":5353147.33475,"BEAT":null,"ROT_ANGLE":360,"NODE_ID":0,"GLOBALID":"3447d05b-4666-494d-a665-7e67e13242f8","CREATEDDATE":1520794199000,"LASTUPDATE":1773964724000}},{"type":"Feature","id":3849,"geometry":{"type":"Point","coordinates":[-89.2382278289405,48.3102443473388]},"properties":{"OBJECTID":3849,"LOC_ID":"FP0117","FDMID":1117,"X_COORD":334117.31862,"Y_COORD":5353284.476,"BEAT":null,"ROT_ANGLE":360,"NODE_ID":0,"GLOBALID":"803fff99-bc68-4073-9426-a624834fff0d","CREATEDDATE":1520794199000,"LASTUPDATE":1773964724000}},{"type":"Feature","id":3850,"geometry":{"type":"Point","coordinates":[-89.2387434911553,48.311234827647]},"properties":{"OBJECTID":3850,"LOC_ID":"FP0118","FDMID":1118,"X_COORD":334078.89635,"Y_COORD":5353393.69559,"BEAT":null,"ROT_ANGLE":360,"NODE_ID":0,"GLOBALID":"0f638a02-7754-4a76-b631-8df696f71edc","CREATEDDATE":1520794199000,"LASTUPDATE":1773964724000}},{"type":"Feature","id":3851,"geometry":{"type":"Point","coordinates":[-89.2398021207224,48.312401224308]},"properties":{"OBJECTID":3851,"LOC_ID":"FP0119","FDMID":1119,"X_COORD":334001.25411,"Y_COORD":5353524.68003,"BEAT":null,"ROT_ANGLE":360,"NODE_ID":0,"GLOBALID":"3b944592-17c9-4bf8-9537-2c5d9989b131","CREATEDDATE":1520794199000,"LASTUPDATE":1773964724000}},{"type":"Feature","id":3852,"geometry":{"type":"Point","coordinates":[-89.2408607454765,48.3132017421288]},"properties":{"OBJECTID":3852,"LOC_ID":"FP0120","FDMID":1120,"X_COORD":333908.30179,"Y_COORD":5353649.75293,"BEAT":null,"ROT_ANGLE":360,"NODE_ID":0,"GLOBALID":"c53448d7-eaa6-4e33-acfb-3d019a71477e","CREATEDDATE":1520794199000,"LASTUPDATE":1773964724000}},{"type":"Feature","id":3853,"geometry":{"type":"Point","coordinates":[-89.2417395765459,48.3144598746162]},"properties":{"OBJECTID":3853,"LOC_ID":"FP0121","FDMID":1121,"X_COORD":333857.28867,"Y_COORD":5353753.22839,"BEAT":null,"ROT_ANGLE":360,"NODE_ID":0,"GLOBALID":"8d5fbe37-6334-4e91-8294-990e1bd671d0","CREATEDDATE":1520794199000,"LASTUPDATE":1773964724000}},{"type":"Feature","id":3854,"geometry":{"type":"Point","coordinates":[-89.2428054540031,48.3160359186397]},"properties":{"OBJECTID":3854,"LOC_ID":"FP0122","FDMID":1122,"X_COORD":333778.76451,"Y_COORD":5353928.77168,"BEAT":null,"ROT_ANGLE":360,"NODE_ID":0,"GLOBALID":"036f7285-4e8f-4b44-9e1e-62ae15391c84","CREATEDDATE":1520794199000,"LASTUPDATE":1773965611000}},{"type":"Feature","id":3855,"geometry":{"type":"Point","coordinates":[-89.2437522520257,48.3170565104387]},"properties":{"OBJECTID":3855,"LOC_ID":"FP0123","FDMID":1123,"X_COORD":333708.13641,"Y_COORD":5354042.33712,"BEAT":null,"ROT_ANGLE":360,"NODE_ID":0,"GLOBALID":"f96c08ef-6b6e-43b0-9c7b-5531dd5e1cc9","CREATEDDATE":1520794199000,"LASTUPDATE":1773965611000}},{"type":"Feature","id":3856,"geometry":{"type":"Point","coordinates":[-89.2449071477262,48.3181802899956]},"properties":{"OBJECTID":3856,"LOC_ID":"FP0124","FDMID":1124,"X_COORD":333622.79855,"Y_COORD":5354167.07799,"BEAT":null,"ROT_ANGLE":360,"NODE_ID":0,"GLOBALID":"77f89535-67cd-4d91-a802-ca4636605666","CREATEDDATE":1520794199000,"LASTUPDATE":1773965611000}},{"type":"Feature","id":3857,"geometry":{"type":"Point","coordinates":[-89.2458608671651,48.3193565889945]},"properties":{"OBJECTID":3857,"LOC_ID":"FP0125","FDMID":1125,"X_COORD":333551.87555,"Y_COORD":5354297.32797,"BEAT":null,"ROT_ANGLE":360,"NODE_ID":0,"GLOBALID":"bbe8048e-7187-428c-a156-56f2707babdd","CREATEDDATE":1520794199000,"LASTUPDATE":1773965611000}},{"type":"Feature","id":3858,"geometry":{"type":"Point","coordinates":[-89.245461621088,48.3204503806668]},"properties":{"OBJECTID":3858,"LOC_ID":"FP0126","FDMID":1126,"X_COORD":333582.34185,"Y_COORD":5354417.56119,"BEAT":null,"ROT_ANGLE":360,"NODE_ID":0,"GLOBALID":"24746390-5e89-4d1b-8fd5-cc2c60ed7b7d","CREATEDDATE":1520794199000,"LASTUPDATE":1773965611000}},{"type":"Feature","id":3859,"geometry":{"type":"Point","coordinates":[-89.2446777199355,48.3218265312139]},"properties":{"OBJECTID":3859,"LOC_ID":"FP0127","FDMID":1127,"X_COORD":333640.15587,"Y_COORD":5354571.02448,"BEAT":null,"ROT_ANGLE":360,"NODE_ID":0,"GLOBALID":"6daf9edd-4270-48f4-9641-518347f06e01","CREATEDDATE":1520794199000,"LASTUPDATE":1773965611000}},{"type":"Feature","id":3860,"geometry":{"type":"Point","coordinates":[-89.2464897800451,48.3239538639894]},"properties":{"OBJECTID":3860,"LOC_ID":"FP0128","FDMID":1128,"X_COORD":333504.75542,"Y_COORD":5354808.9601,"BEAT":null,"ROT_ANGLE":360,"NODE_ID":0,"GLOBALID":"e9499089-4d06-4f6c-bb8e-b38954c239c7","CREATEDDATE":1520794199000,"LASTUPDATE":1773964420000}},{"type":"Feature","id":3861,"geometry":{"type":"Point","coordinates":[-89.2483047704733,48.3251058072887]},"properties":{"OBJECTID":3861,"LOC_ID":"FP0129","FDMID":1129,"X_COORD":333371.35535,"Y_COORD":5354937.31594,"BEAT":null,"ROT_ANGLE":360,"NODE_ID":0,"GLOBALID":"2bc3566f-fd61-4ef7-bfd3-97324ff3ccbb","CREATEDDATE":1520794199000,"LASTUPDATE":1773964420000}},{"type":"Feature","id":3862,"geometry":{"type":"Point","coordinates":[-89.2493560457053,48.3262097809099]},"properties":{"OBJECTID":3862,"LOC_ID":"FP0130","FDMID":1130,"X_COORD":333293.36803,"Y_COORD":5355060.22512,"BEAT":null,"ROT_ANGLE":360,"NODE_ID":0,"GLOBALID":"8d3dd0aa-7584-4cc6-bcba-8c171640debe","CREATEDDATE":1520794199000,"LASTUPDATE":1773964420000}},{"type":"Feature","id":3863,"geometry":{"type":"Point","coordinates":[-89.2503585417981,48.3274035236654]},"properties":{"OBJECTID":3863,"LOC_ID":"FP0131","FDMID":1131,"X_COORD":333218.79702,"Y_COORD":5355192.40381,"BEAT":null,"ROT_ANGLE":360,"NODE_ID":0,"GLOBALID":"00b3ae96-f917-4529-9fcc-864e7c63c152","CREATEDDATE":1520794199000,"LASTUPDATE":1773964420000}},{"type":"Feature","id":3864,"geometry":{"type":"Point","coordinates":[-89.2513478503102,48.3285980521464]},"properties":{"OBJECTID":3864,"LOC_ID":"FP0132","FDMID":1132,"X_COORD":333146.07151,"Y_COORD":5355326.19786,"BEAT":null,"ROT_ANGLE":360,"NODE_ID":0,"GLOBALID":"7d3c969b-b25f-4093-b631-01a59bd5bf83","CREATEDDATE":1520794199000,"LASTUPDATE":1773964420000}},{"type":"Feature","id":3865,"geometry":{"type":"Point","coordinates":[-89.2521944440738,48.3295961351494]},"properties":{"OBJECTID":3865,"LOC_ID":"FP0133","FDMID":1133,"X_COORD":333082.86486,"Y_COORD":5355436.55127,"BEAT":null,"ROT_ANGLE":360,"NODE_ID":0,"GLOBALID":"fa4258d1-6aa6-4afd-8004-02aef4db7ef9","CREATEDDATE":1520794199000,"LASTUPDATE":1773964420000}},{"type":"Feature","id":3866,"geometry":{"type":"Point","coordinates":[-89.2534696048949,48.3307188130268]},"properties":{"OBJECTID":3866,"LOC_ID":"FP0134","FDMID":1134,"X_COORD":332987.74729,"Y_COORD":5355562.34839,"BEAT":null,"ROT_ANGLE":360,"NODE_ID":0,"GLOBALID":"d7fc64ed-f69b-4e02-a803-50e199a5e49c","CREATEDDATE":1520794199000,"LASTUPDATE":1773964420000}},{"type":"Feature","id":3867,"geometry":{"type":"Point","coordinates":[-89.2553198075871,48.3313475347794]},"properties":{"OBJECTID":3867,"LOC_ID":"FP0135","FDMID":1135,"X_COORD":332850.72969,"Y_COORD":5355632.60349,"BEAT":null,"ROT_ANGLE":360,"NODE_ID":0,"GLOBALID":"6f067661-a15d-4065-a88f-3ef67f6d5a51","CREATEDDATE":1520794199000,"LASTUPDATE":1773964420000}},{"type":"Feature","id":3868,"geometry":{"type":"Point","coordinates":[-89.2571120043101,48.3319001394817]},"properties":{"OBJECTID":3868,"LOC_ID":"FP0136","FDMID":1136,"X_COORD":332718.51951,"Y_COORD":5355693.77162,"BEAT":null,"ROT_ANGLE":360,"NODE_ID":0,"GLOBALID":"2aa4e139-b670-42bf-b37f-dfcdf2fb7080","CREATEDDATE":1520794199000,"LASTUPDATE":1773964420000}},{"type":"Feature","id":3869,"geometry":{"type":"Point","coordinates":[-89.2588837247553,48.3324616995383]},"properties":{"OBJECTID":3869,"LOC_ID":"FP0137","FDMID":1137,"X_COORD":332586.14447,"Y_COORD":5355757.32644,"BEAT":null,"ROT_ANGLE":360,"NODE_ID":0,"GLOBALID":"74afda39-d216-4137-8306-8295ed7e06d8","CREATEDDATE":1520794199000,"LASTUPDATE":1773964420000}},{"type":"Feature","id":3870,"geometry":{"type":"Point","coordinates":[-89.2608679135203,48.3329890217188]},"properties":{"OBJECTID":3870,"LOC_ID":"FP0138","FDMID":1138,"X_COORD":332439.36483,"Y_COORD":5355815.5544,"BEAT":null,"ROT_ANGLE":360,"NODE_ID":0,"GLOBALID":"435dae78-ef8a-4cd5-b026-8a3fad93bc3a","CREATEDDATE":1520794199000,"LASTUPDATE":1773964420000}},{"type":"Feature","id":3871,"geometry":{"type":"Point","coordinates":[-89.2626650408268,48.3335049755122]},"properties":{"OBJECTID":3871,"LOC_ID":"FP0139","FDMID":1139,"X_COORD":332306.21103,"Y_COORD":5355872.04234,"BEAT":null,"ROT_ANGLE":360,"NODE_ID":0,"GLOBALID":"f0cad101-1108-4e3d-acae-043d458d623a","CREATEDDATE":1520794199000,"LASTUPDATE":1773964420000}},{"type":"Feature","id":3872,"geometry":{"type":"Point","coordinates":[-89.2647007068219,48.3345198884501]},"properties":{"OBJECTID":3872,"LOC_ID":"FP0140","FDMID":1140,"X_COORD":332155.73244,"Y_COORD":5355986.14973,"BEAT":null,"ROT_ANGLE":360,"NODE_ID":0,"GLOBALID":"625be258-ce54-4cd7-b509-d7b771067b83","CREATEDDATE":1520794199000,"LASTUPDATE":1774030179000}},{"type":"Feature","id":3873,"geometry":{"type":"Point","coordinates":[-89.2657814309382,48.3355584801089]},"properties":{"OBJECTID":3873,"LOC_ID":"FP0141","FDMID":1141,"X_COORD":332075.70505,"Y_COORD":5356100.33725,"BEAT":null,"ROT_ANGLE":360,"NODE_ID":0,"GLOBALID":"22196d55-7ec2-4a7a-90d4-3f6df4fa7a53","CREATEDDATE":1520794199000,"LASTUPDATE":1774029852000}},{"type":"Feature","id":3874,"geometry":{"type":"Point","coordinates":[-89.2665541965074,48.3367387052957]},"properties":{"OBJECTID":3874,"LOC_ID":"FP0142","FDMID":1142,"X_COORD":332028.4495,"Y_COORD":5356209.07402,"BEAT":null,"ROT_ANGLE":360,"NODE_ID":0,"GLOBALID":"bd7e769d-ad6b-4acf-8ac5-36a9b38449c4","CREATEDDATE":1520794199000,"LASTUPDATE":1773961764000}},{"type":"Feature","id":3875,"geometry":{"type":"Point","coordinates":[-89.2447058122197,48.4143027899947]},"properties":{"OBJECTID":3875,"LOC_ID":"PP0239","FDMID":null,"X_COORD":333900.79664,"Y_COORD":5364769.68945,"BEAT":null,"ROT_ANGLE":27.3,"NODE_ID":null,"GLOBALID":"ea270322-f972-426c-b421-8500ccd254b8","CREATEDDATE":1520794199000,"LASTUPDATE":1769719316000}},{"type":"Feature","id":3876,"geometry":{"type":"Point","coordinates":[-89.2787023200671,48.3791599350216]},"properties":{"OBJECTID":3876,"LOC_ID":"FC0655","FDMID":null,"X_COORD":331266.63087,"Y_COORD":5360949.76164,"BEAT":null,"ROT_ANGLE":null,"NODE_ID":null,"GLOBALID":"78e51491-8550-4afe-9210-1acdc774d6e1","CREATEDDATE":1520794199000,"LASTUPDATE":1701999102000}},{"type":"Feature","id":3877,"geometry":{"type":"Point","coordinates":[-89.1531600143834,48.4754336904864]},"properties":{"OBJECTID":3877,"LOC_ID":"PC1247","FDMID":null,"X_COORD":340885.49936,"Y_COORD":5371394.27954,"BEAT":null,"ROT_ANGLE":341,"NODE_ID":null,"GLOBALID":"14e54948-3645-48ae-8535-d725a05e8984","CREATEDDATE":1520794199000,"LASTUPDATE":1699581618000}},{"type":"Feature","id":3878,"geometry":{"type":"Point","coordinates":[-89.315571492047,48.3525514226413]},"properties":{"OBJECTID":3878,"LOC_ID":"NC0616","FDMID":null,"X_COORD":328454.8147,"Y_COORD":5358076.0359,"BEAT":null,"ROT_ANGLE":null,"NODE_ID":null,"GLOBALID":"7a01b480-d996-4651-9880-cc917afab0a9","CREATEDDATE":1520794199000,"LASTUPDATE":1765410161000}},{"type":"Feature","id":3879,"geometry":{"type":"Point","coordinates":[-89.3446064023904,48.3277687656554]},"properties":{"OBJECTID":3879,"LOC_ID":"NC0648","FDMID":null,"X_COORD":326219.69,"Y_COORD":5355387.0481,"BEAT":"S 16-1","ROT_ANGLE":null,"NODE_ID":null,"GLOBALID":"7c50fd7c-8409-4bd3-9bd9-fd099b43e6a0","CREATEDDATE":1520794199000,"LASTUPDATE":1765410161000}},{"type":"Feature","id":3880,"geometry":{"type":"Point","coordinates":[-89.3482187281306,48.3279444800852]},"properties":{"OBJECTID":3880,"LOC_ID":"NC0625","FDMID":null,"X_COORD":325952.5621,"Y_COORD":5355414.7716,"BEAT":"S 16","ROT_ANGLE":null,"NODE_ID":null,"GLOBALID":"3bd8046a-d349-454a-973f-c0490cdedd15","CREATEDDATE":1520794199000,"LASTUPDATE":1765410161000}},{"type":"Feature","id":3881,"geometry":{"type":"Point","coordinates":[-89.3493465830076,48.327589579601]},"properties":{"OBJECTID":3881,"LOC_ID":"NC0626","FDMID":null,"X_COORD":325867.7631,"Y_COORD":5355377.8885,"BEAT":"S 16","ROT_ANGLE":null,"NODE_ID":null,"GLOBALID":"2ae58d61-e9e5-4149-8457-dda2d1f59b85","CREATEDDATE":1520794199000,"LASTUPDATE":1765410161000}},{"type":"Feature","id":3882,"geometry":{"type":"Point","coordinates":[-89.347464320515,48.3274342256191]},"properties":{"OBJECTID":3882,"LOC_ID":"NC0630","FDMID":null,"X_COORD":326006.738,"Y_COORD":5355356.3488,"BEAT":"S 16","ROT_ANGLE":null,"NODE_ID":null,"GLOBALID":"f5f40a70-656a-4b13-8314-d90dc389dacd","CREATEDDATE":1520794199000,"LASTUPDATE":1765410161000}},{"type":"Feature","id":3883,"geometry":{"type":"Point","coordinates":[-89.3492026348799,48.3285761946617]},"properties":{"OBJECTID":3883,"LOC_ID":"NC0627","FDMID":null,"X_COORD":325881.792,"Y_COORD":5355487.2154,"BEAT":"S 16","ROT_ANGLE":null,"NODE_ID":null,"GLOBALID":"27c5d00c-3f03-4b61-8744-abeaad26bba5","CREATEDDATE":1520794199000,"LASTUPDATE":1765410161000}},{"type":"Feature","id":3884,"geometry":{"type":"Point","coordinates":[-89.3502938492539,48.3293366582254]},"properties":{"OBJECTID":3884,"LOC_ID":"NC0624","FDMID":null,"X_COORD":325803.5096,"Y_COORD":5355574.2133,"BEAT":"S 16","ROT_ANGLE":null,"NODE_ID":null,"GLOBALID":"f7cd54f3-16a7-4394-908c-97093d50a4f9","CREATEDDATE":1520794199000,"LASTUPDATE":1765410161000}},{"type":"Feature","id":3885,"geometry":{"type":"Point","coordinates":[-89.3514518652238,48.3296837638838]},"properties":{"OBJECTID":3885,"LOC_ID":"NC0649","FDMID":null,"X_COORD":325718.8697,"Y_COORD":5355615.423,"BEAT":"S 16-1","ROT_ANGLE":null,"NODE_ID":null,"GLOBALID":"6f358f61-8cbb-4423-8e50-186b87e45f7c","CREATEDDATE":1520794199000,"LASTUPDATE":1765410161000}},{"type":"Feature","id":3886,"geometry":{"type":"Point","coordinates":[-89.350611934805,48.3302636002616]},"properties":{"OBJECTID":3886,"LOC_ID":"NC0623","FDMID":null,"X_COORD":325783.0945,"Y_COORD":5355677.9578,"BEAT":"S 16","ROT_ANGLE":null,"NODE_ID":null,"GLOBALID":"09d36564-d786-4459-ba48-1f7f44df96be","CREATEDDATE":1520794199000,"LASTUPDATE":1765410161000}},{"type":"Feature","id":3887,"geometry":{"type":"Point","coordinates":[-89.3496756598502,48.3313196202392]},"properties":{"OBJECTID":3887,"LOC_ID":"NC0628","FDMID":null,"X_COORD":325856.0802,"Y_COORD":5355793.1982,"BEAT":"S 16","ROT_ANGLE":null,"NODE_ID":null,"GLOBALID":"b9a06706-7e53-4325-9b7e-fde2561b8009","CREATEDDATE":1520794199000,"LASTUPDATE":1765410161000}},{"type":"Feature","id":3888,"geometry":{"type":"Point","coordinates":[-89.3491412041318,48.3324100760146]},"properties":{"OBJECTID":3888,"LOC_ID":"NC0629","FDMID":null,"X_COORD":325899.4024,"Y_COORD":5355913.1792,"BEAT":"S 16","ROT_ANGLE":null,"NODE_ID":null,"GLOBALID":"a06e2a75-c285-48d3-b055-0a28fc8cd861","CREATEDDATE":1520794199000,"LASTUPDATE":1765410161000}},{"type":"Feature","id":3889,"geometry":{"type":"Point","coordinates":[-89.3204475740669,48.362579422105]},"properties":{"OBJECTID":3889,"LOC_ID":"NC0185","FDMID":null,"X_COORD":328127.3508,"Y_COORD":5359201.4958,"BEAT":null,"ROT_ANGLE":null,"NODE_ID":null,"GLOBALID":"b3f8427d-aaa9-4285-9f6c-4830a3ee5e4c","CREATEDDATE":1520794199000,"LASTUPDATE":1765410161000}},{"type":"Feature","id":3890,"geometry":{"type":"Point","coordinates":[-89.2550821660406,48.3715455724389]},"properties":{"OBJECTID":3890,"LOC_ID":"FC0231","FDMID":null,"X_COORD":332997.933,"Y_COORD":5360053.4726,"BEAT":null,"ROT_ANGLE":null,"NODE_ID":null,"GLOBALID":"27bd6d1f-bee0-4360-992a-4cb2cf357552","CREATEDDATE":1520794199000,"LASTUPDATE":1765410161000}},{"type":"Feature","id":3891,"geometry":{"type":"Point","coordinates":[-89.2239717525705,48.4547111856627]},"properties":{"OBJECTID":3891,"LOC_ID":"PC1254","FDMID":null,"X_COORD":335570.2022,"Y_COORD":5369229.4874,"BEAT":null,"ROT_ANGLE":null,"NODE_ID":null,"GLOBALID":"7a46b5c9-3217-4843-8b38-c081b0405afe","CREATEDDATE":1520794199000,"LASTUPDATE":1765410161000}},{"type":"Feature","id":3892,"geometry":{"type":"Point","coordinates":[-89.2767268556931,48.3816873165776]},"properties":{"OBJECTID":3892,"LOC_ID":"FC0635","FDMID":null,"X_COORD":331428.6098,"Y_COORD":5361228.0606,"BEAT":null,"ROT_ANGLE":null,"NODE_ID":null,"GLOBALID":"39d30273-757e-4e7c-96a7-4f8fa22a9273","CREATEDDATE":1520794199000,"LASTUPDATE":1765410161000}},{"type":"Feature","id":3893,"geometry":{"type":"Point","coordinates":[-89.2705832298853,48.4425108847285]},"properties":{"OBJECTID":3893,"LOC_ID":"MC0188","FDMID":null,"X_COORD":332077.94531,"Y_COORD":5367980.84286,"BEAT":"N 13","ROT_ANGLE":null,"NODE_ID":null,"GLOBALID":"cc0295a9-3b83-434f-b994-75aee7b20cc6","CREATEDDATE":1520794199000,"LASTUPDATE":1738980446000}},{"type":"Feature","id":3894,"geometry":{"type":"Point","coordinates":[-89.2350764793712,48.4474263234101]},"properties":{"OBJECTID":3894,"LOC_ID":"PP0244","FDMID":null,"X_COORD":334723.71196,"Y_COORD":5368444.35749,"BEAT":"N5","ROT_ANGLE":360,"NODE_ID":null,"GLOBALID":"c38b0ac2-0da7-428e-9f6a-f3094e3a3784","CREATEDDATE":1520794199000,"LASTUPDATE":1764632768000}},{"type":"Feature","id":3895,"geometry":{"type":"Point","coordinates":[-89.2279163978681,48.4491996302916]},"properties":{"OBJECTID":3895,"LOC_ID":"PP0247","FDMID":null,"X_COORD":335260.735,"Y_COORD":5368625.3918,"BEAT":null,"ROT_ANGLE":null,"NODE_ID":null,"GLOBALID":"78f6056e-ea8c-4bee-82e3-af3f43c7bc57","CREATEDDATE":1520794199000,"LASTUPDATE":1765410161000}},{"type":"Feature","id":3896,"geometry":{"type":"Point","coordinates":[-89.2501893516367,48.3805893929428]},"properties":{"OBJECTID":3896,"LOC_ID":"FP0149","FDMID":null,"X_COORD":333390.37999,"Y_COORD":5361051.25233,"BEAT":null,"ROT_ANGLE":360,"NODE_ID":null,"GLOBALID":"4516a665-f5c3-4a34-bf46-11918d3d4dd0","CREATEDDATE":1520794199000,"LASTUPDATE":1769460742000}},{"type":"Feature","id":3897,"geometry":{"type":"Point","coordinates":[-89.2796843790561,48.3556163230533]},"properties":{"OBJECTID":3897,"LOC_ID":"FP1251","FDMID":null,"X_COORD":331123.4271,"Y_COORD":5358336.971,"BEAT":null,"ROT_ANGLE":null,"NODE_ID":null,"GLOBALID":"72f4e04c-0778-465b-98f5-a831b0cf2a54","CREATEDDATE":1520794199000,"LASTUPDATE":1765410161000}},{"type":"Feature","id":3898,"geometry":{"type":"Point","coordinates":[-89.274395147569,48.3564556730393]},"properties":{"OBJECTID":3898,"LOC_ID":"FP1252","FDMID":null,"X_COORD":331517.9936,"Y_COORD":5358418.6166,"BEAT":null,"ROT_ANGLE":null,"NODE_ID":null,"GLOBALID":"f626a4ba-114a-4e21-adaf-f91e1a64d1eb","CREATEDDATE":1520794199000,"LASTUPDATE":1765410161000}},{"type":"Feature","id":3899,"geometry":{"type":"Point","coordinates":[-89.26719284604,48.365081960266]},"properties":{"OBJECTID":3899,"LOC_ID":"FC1226","FDMID":null,"X_COORD":332079.8601,"Y_COORD":5359361.5566,"BEAT":null,"ROT_ANGLE":null,"NODE_ID":null,"GLOBALID":"67b30442-8531-462f-bc36-a1b6a2687015","CREATEDDATE":1520794199000,"LASTUPDATE":1765410161000}},{"type":"Feature","id":3900,"geometry":{"type":"Point","coordinates":[-89.2670132797097,48.3671539590569]},"properties":{"OBJECTID":3900,"LOC_ID":"FC1227","FDMID":null,"X_COORD":332099.9727,"Y_COORD":5359591.4509,"BEAT":null,"ROT_ANGLE":null,"NODE_ID":null,"GLOBALID":"2d4d33af-9d12-4214-bef3-ae84c008fa11","CREATEDDATE":1520794199000,"LASTUPDATE":1765410161000}},{"type":"Feature","id":3901,"geometry":{"type":"Point","coordinates":[-89.2839349183489,48.3862922301763]},"properties":{"OBJECTID":3901,"LOC_ID":"FC1214","FDMID":null,"X_COORD":330910.209,"Y_COORD":5361755.751,"BEAT":null,"ROT_ANGLE":null,"NODE_ID":null,"GLOBALID":"656e2f81-3701-4d20-ae90-bddc652955a5","CREATEDDATE":1520794199000,"LASTUPDATE":1765410161000}},{"type":"Feature","id":3902,"geometry":{"type":"Point","coordinates":[-89.2112463610995,48.4530546988143]},"properties":{"OBJECTID":3902,"LOC_ID":"PC1260","FDMID":null,"X_COORD":336505.14326,"Y_COORD":5369017.8085,"BEAT":null,"ROT_ANGLE":null,"NODE_ID":null,"GLOBALID":"6a525cfc-1543-4831-a83e-1d5cccfae08d","CREATEDDATE":1520794199000,"LASTUPDATE":1710803369000}},{"type":"Feature","id":3903,"geometry":{"type":"Point","coordinates":[-89.1836344371397,48.4786931961204]},"properties":{"OBJECTID":3903,"LOC_ID":"PC1263","FDMID":null,"X_COORD":338628.4652,"Y_COORD":5371809.0816,"BEAT":null,"ROT_ANGLE":null,"NODE_ID":null,"GLOBALID":"f649d6eb-8ef3-4eec-bc00-37040e34c029","CREATEDDATE":1520794199000,"LASTUPDATE":1765410161000}},{"type":"Feature","id":3904,"geometry":{"type":"Point","coordinates":[-89.1852789846989,48.4774806629855]},"properties":{"OBJECTID":3904,"LOC_ID":"PC1286","FDMID":null,"X_COORD":338503.0889,"Y_COORD":5371677.7848,"BEAT":null,"ROT_ANGLE":null,"NODE_ID":null,"GLOBALID":"933e51f8-bc34-4098-ada9-0373ece41ac2","CREATEDDATE":1520794199000,"LASTUPDATE":1765410161000}},{"type":"Feature","id":3905,"geometry":{"type":"Point","coordinates":[-89.2705822659112,48.4306493570508]},"properties":{"OBJECTID":3905,"LOC_ID":"PC1269","FDMID":null,"X_COORD":332044.9015,"Y_COORD":5366656.3675,"BEAT":null,"ROT_ANGLE":null,"NODE_ID":null,"GLOBALID":"e7ddd356-2d42-4ba7-a540-db7b67dd3cdc","CREATEDDATE":1520794199000,"LASTUPDATE":1765410161000}},{"type":"Feature","id":3906,"geometry":{"type":"Point","coordinates":[-89.2708355284524,48.4299830743009]},"properties":{"OBJECTID":3906,"LOC_ID":"PC1268","FDMID":null,"X_COORD":332023.9718,"Y_COORD":5366582.87,"BEAT":null,"ROT_ANGLE":null,"NODE_ID":null,"GLOBALID":"4f0be5bf-1c12-4d05-a438-681da4fa895a","CREATEDDATE":1520794199000,"LASTUPDATE":1765410161000}},{"type":"Feature","id":3907,"geometry":{"type":"Point","coordinates":[-89.2695288843073,48.4301618152638]},"properties":{"OBJECTID":3907,"LOC_ID":"PC1265","FDMID":null,"X_COORD":332121.2089,"Y_COORD":5366599.8695,"BEAT":null,"ROT_ANGLE":null,"NODE_ID":null,"GLOBALID":"420d4b78-ca76-48b9-b974-2c638463d48c","CREATEDDATE":1520794199000,"LASTUPDATE":1765410161000}},{"type":"Feature","id":3908,"geometry":{"type":"Point","coordinates":[-89.2698253920734,48.4295696194303]},"properties":{"OBJECTID":3908,"LOC_ID":"PC1266","FDMID":null,"X_COORD":332097.3255,"Y_COORD":5366534.7009,"BEAT":null,"ROT_ANGLE":null,"NODE_ID":null,"GLOBALID":"89efb2ac-4094-4258-8749-4726ca412850","CREATEDDATE":1520794199000,"LASTUPDATE":1765410161000}},{"type":"Feature","id":3909,"geometry":{"type":"Point","coordinates":[-89.2687155972242,48.4302595905124]},"properties":{"OBJECTID":3909,"LOC_ID":"PC1267","FDMID":null,"X_COORD":332181.6869,"Y_COORD":5366608.9533,"BEAT":null,"ROT_ANGLE":null,"NODE_ID":null,"GLOBALID":"6956a1eb-9ab3-4e96-8a6b-dcad79146b7d","CREATEDDATE":1520794199000,"LASTUPDATE":1765410161000}},{"type":"Feature","id":3910,"geometry":{"type":"Point","coordinates":[-89.2685121815043,48.429191540752]},"properties":{"OBJECTID":3910,"LOC_ID":"PC1264","FDMID":null,"X_COORD":332193.2147,"Y_COORD":5366489.8002,"BEAT":null,"ROT_ANGLE":null,"NODE_ID":null,"GLOBALID":"b5600e35-df21-4d19-a711-37fd20760805","CREATEDDATE":1520794199000,"LASTUPDATE":1765410161000}},{"type":"Feature","id":3911,"geometry":{"type":"Point","coordinates":[-89.2721600582042,48.4279491905606]},"properties":{"OBJECTID":3911,"LOC_ID":"PC1270","FDMID":null,"X_COORD":331919.2906,"Y_COORD":5366359.7238,"BEAT":null,"ROT_ANGLE":null,"NODE_ID":null,"GLOBALID":"de63ae0a-4aff-44e4-92f6-bf67b2b25e26","CREATEDDATE":1520794199000,"LASTUPDATE":1765410161000}},{"type":"Feature","id":3912,"geometry":{"type":"Point","coordinates":[-89.2729829994783,48.4289264179023]},"properties":{"OBJECTID":3912,"LOC_ID":"PC1271","FDMID":null,"X_COORD":331861.6432,"Y_COORD":5366470.1438,"BEAT":null,"ROT_ANGLE":null,"NODE_ID":null,"GLOBALID":"a6ffeae8-1d73-4028-badd-7a73b7319181","CREATEDDATE":1520794199000,"LASTUPDATE":1765410161000}},{"type":"Feature","id":3913,"geometry":{"type":"Point","coordinates":[-89.2733881205127,48.429801772004]},"properties":{"OBJECTID":3913,"LOC_ID":"PC1272","FDMID":null,"X_COORD":331834.5667,"Y_COORD":5366568.3239,"BEAT":null,"ROT_ANGLE":null,"NODE_ID":null,"GLOBALID":"79c777af-f29b-4b06-b742-2712b1ad5b0d","CREATEDDATE":1520794199000,"LASTUPDATE":1765410161000}},{"type":"Feature","id":3914,"geometry":{"type":"Point","coordinates":[-89.2729613211118,48.4301683855624]},"properties":{"OBJECTID":3914,"LOC_ID":"PC1273","FDMID":null,"X_COORD":331867.3457,"Y_COORD":5366608.1332,"BEAT":null,"ROT_ANGLE":null,"NODE_ID":null,"GLOBALID":"0e6a3ac7-39ac-42c8-bcae-9a6d9272f1fb","CREATEDDATE":1520794199000,"LASTUPDATE":1765410161000}},{"type":"Feature","id":3915,"geometry":{"type":"Point","coordinates":[-89.220096172481,48.4363915025461]},"properties":{"OBJECTID":3915,"LOC_ID":"PC1274","FDMID":null,"X_COORD":335797.658,"Y_COORD":5367185.0337,"BEAT":null,"ROT_ANGLE":null,"NODE_ID":null,"GLOBALID":"779ccbc8-156d-44f6-ae50-f66a3ac88936","CREATEDDATE":1520794199000,"LASTUPDATE":1765410161000}},{"type":"Feature","id":3916,"geometry":{"type":"Point","coordinates":[-89.2248940597405,48.4402307801488]},"properties":{"OBJECTID":3916,"LOC_ID":"PC1300","FDMID":null,"X_COORD":335455.2224,"Y_COORD":5367622.0517,"BEAT":null,"ROT_ANGLE":null,"NODE_ID":null,"GLOBALID":"e24958b4-987e-4013-8d5d-3e2b2d9eaee7","CREATEDDATE":1520794199000,"LASTUPDATE":1765410161000}},{"type":"Feature","id":3917,"geometry":{"type":"Point","coordinates":[-89.2282190999064,48.4359681045543]},"properties":{"OBJECTID":3917,"LOC_ID":"PC1301","FDMID":null,"X_COORD":335195.5358,"Y_COORD":5367155.4331,"BEAT":null,"ROT_ANGLE":null,"NODE_ID":null,"GLOBALID":"57b1011e-e50e-4503-9433-6837e95b2ef5","CREATEDDATE":1520794199000,"LASTUPDATE":1765410161000}},{"type":"Feature","id":3918,"geometry":{"type":"Point","coordinates":[-89.2317964115287,48.4279952477979]},"properties":{"OBJECTID":3918,"LOC_ID":"PC1275","FDMID":null,"X_COORD":334905.1267,"Y_COORD":5366277.0047,"BEAT":null,"ROT_ANGLE":null,"NODE_ID":null,"GLOBALID":"6b2a847f-9189-4378-893b-201a152f4324","CREATEDDATE":1520794199000,"LASTUPDATE":1765410161000}},{"type":"Feature","id":3919,"geometry":{"type":"Point","coordinates":[-89.232365924866,48.4103582373076]},"properties":{"OBJECTID":3919,"LOC_ID":"PC1285","FDMID":null,"X_COORD":334805.8405,"Y_COORD":5364317.9851,"BEAT":null,"ROT_ANGLE":null,"NODE_ID":null,"GLOBALID":"e24de965-dfb6-43c3-8d7d-2edb7e634063","CREATEDDATE":1520794199000,"LASTUPDATE":1765410161000}},{"type":"Feature","id":3920,"geometry":{"type":"Point","coordinates":[-89.2323770374575,48.4108164067844]},"properties":{"OBJECTID":3920,"LOC_ID":"PC1277","FDMID":null,"X_COORD":334806.5029,"Y_COORD":5364368.9318,"BEAT":null,"ROT_ANGLE":null,"NODE_ID":null,"GLOBALID":"f05d9428-997c-4be6-9238-ccb478bb9629","CREATEDDATE":1520794199000,"LASTUPDATE":1765410161000}},{"type":"Feature","id":3921,"geometry":{"type":"Point","coordinates":[-89.2320184201884,48.4110411992569]},"properties":{"OBJECTID":3921,"LOC_ID":"PC1279","FDMID":null,"X_COORD":334833.767,"Y_COORD":5364393.1425,"BEAT":null,"ROT_ANGLE":null,"NODE_ID":null,"GLOBALID":"4dfef1d8-c643-406e-be1a-77179448dfda","CREATEDDATE":1520794199000,"LASTUPDATE":1765410161000}},{"type":"Feature","id":3922,"geometry":{"type":"Point","coordinates":[-89.2316458304004,48.4113748524872]},"properties":{"OBJECTID":3922,"LOC_ID":"PC1278","FDMID":null,"X_COORD":334862.4174,"Y_COORD":5364429.4224,"BEAT":null,"ROT_ANGLE":null,"NODE_ID":null,"GLOBALID":"b4844d1e-41d6-463f-a0d2-e74cd6ec4d58","CREATEDDATE":1520794199000,"LASTUPDATE":1765410161000}},{"type":"Feature","id":3923,"geometry":{"type":"Point","coordinates":[-89.2313899360093,48.4107159169162]},"properties":{"OBJECTID":3923,"LOC_ID":"PC1280","FDMID":null,"X_COORD":334879.2177,"Y_COORD":5364355.6339,"BEAT":null,"ROT_ANGLE":null,"NODE_ID":null,"GLOBALID":"542171c2-90f1-444e-9ee2-79f8fbff22c0","CREATEDDATE":1520794199000,"LASTUPDATE":1765410161000}},{"type":"Feature","id":3924,"geometry":{"type":"Point","coordinates":[-89.2427407338584,48.441717069707]},"properties":{"OBJECTID":3924,"LOC_ID":"PC1281","FDMID":null,"X_COORD":334140.2668,"Y_COORD":5367825.7662,"BEAT":null,"ROT_ANGLE":null,"NODE_ID":null,"GLOBALID":"65eb4c48-6084-44c1-be08-e7efaa8b85a9","CREATEDDATE":1520794199000,"LASTUPDATE":1765410161000}},{"type":"Feature","id":3925,"geometry":{"type":"Point","coordinates":[-89.2416483886519,48.4434593960471]},"properties":{"OBJECTID":3925,"LOC_ID":"PC1282","FDMID":null,"X_COORD":334226.7177,"Y_COORD":5368017.0492,"BEAT":null,"ROT_ANGLE":null,"NODE_ID":null,"GLOBALID":"2e65df8c-9946-4cab-809f-5747db3bd02a","CREATEDDATE":1520794199000,"LASTUPDATE":1765410161000}},{"type":"Feature","id":3926,"geometry":{"type":"Point","coordinates":[-89.247290840181,48.4444245545303]},"properties":{"OBJECTID":3926,"LOC_ID":"PC1253","FDMID":null,"X_COORD":333812.6243,"Y_COORD":5368136.5582,"BEAT":null,"ROT_ANGLE":null,"NODE_ID":null,"GLOBALID":"eb083f1d-f161-47b6-8d2e-04751d73a799","CREATEDDATE":1520794199000,"LASTUPDATE":1765410161000}},{"type":"Feature","id":3927,"geometry":{"type":"Point","coordinates":[-89.2480147912394,48.4457135608875]},"properties":{"OBJECTID":3927,"LOC_ID":"PC1283","FDMID":null,"X_COORD":333763.2997,"Y_COORD":5368281.3962,"BEAT":null,"ROT_ANGLE":null,"NODE_ID":null,"GLOBALID":"f32febfe-8589-4145-9c78-b979087b1ab4","CREATEDDATE":1520794199000,"LASTUPDATE":1765410161000}},{"type":"Feature","id":3928,"geometry":{"type":"Point","coordinates":[-89.2898479353239,48.4483619142226]},"properties":{"OBJECTID":3928,"LOC_ID":"MC0336","FDMID":null,"X_COORD":330678.807,"Y_COORD":5368667.4597,"BEAT":null,"ROT_ANGLE":null,"NODE_ID":null,"GLOBALID":"32f3eb5b-fed1-425e-b244-bc420b1cda82","CREATEDDATE":1520794199000,"LASTUPDATE":1765410161000}},{"type":"Feature","id":3929,"geometry":{"type":"Point","coordinates":[-89.2395406932895,48.4402706301526]},"properties":{"OBJECTID":3929,"LOC_ID":"PP0248","FDMID":null,"X_COORD":334372.2046,"Y_COORD":5367658.0728,"BEAT":null,"ROT_ANGLE":null,"NODE_ID":null,"GLOBALID":"b58598f4-2dff-43fb-bf56-2bfd87b17d88","CREATEDDATE":1520794199000,"LASTUPDATE":1765410161000}},{"type":"Feature","id":3930,"geometry":{"type":"Point","coordinates":[-89.3071415056003,48.3884362553488]},"properties":{"OBJECTID":3930,"LOC_ID":"NC0611","FDMID":null,"X_COORD":329199.4043,"Y_COORD":5362045.532,"BEAT":null,"ROT_ANGLE":null,"NODE_ID":null,"GLOBALID":"ef5e9da4-84de-4aa8-a9c3-d7635bbda1be","CREATEDDATE":1520794199000,"LASTUPDATE":1765410161000}},{"type":"Feature","id":3931,"geometry":{"type":"Point","coordinates":[-89.3081640672938,48.3891792290944]},"properties":{"OBJECTID":3931,"LOC_ID":"NC0612","FDMID":null,"X_COORD":329126.1959,"Y_COORD":5362130.3889,"BEAT":null,"ROT_ANGLE":null,"NODE_ID":null,"GLOBALID":"76529053-9b54-451f-bf73-0abee2d66664","CREATEDDATE":1520794199000,"LASTUPDATE":1765410161000}},{"type":"Feature","id":3932,"geometry":{"type":"Point","coordinates":[-89.3065448432788,48.3891913963957]},"properties":{"OBJECTID":3932,"LOC_ID":"NC0613","FDMID":null,"X_COORD":329246.1008,"Y_COORD":5362128.1302,"BEAT":null,"ROT_ANGLE":null,"NODE_ID":null,"GLOBALID":"d6205fe4-cc01-49ce-8151-f81bd574654f","CREATEDDATE":1520794199000,"LASTUPDATE":1765410161000}},{"type":"Feature","id":3933,"geometry":{"type":"Point","coordinates":[-89.3083566469606,48.3876626817417]},"properties":{"OBJECTID":3933,"LOC_ID":"NC0614","FDMID":null,"X_COORD":329106.8601,"Y_COORD":5361962.2652,"BEAT":null,"ROT_ANGLE":null,"NODE_ID":null,"GLOBALID":"d04b8466-52b0-421e-8b20-321067829fe3","CREATEDDATE":1520794199000,"LASTUPDATE":1765410161000}},{"type":"Feature","id":3934,"geometry":{"type":"Point","coordinates":[-89.3088400481157,48.3882735003028]},"properties":{"OBJECTID":3934,"LOC_ID":"NC0615","FDMID":null,"X_COORD":329073.1214,"Y_COORD":5362031.2319,"BEAT":null,"ROT_ANGLE":null,"NODE_ID":null,"GLOBALID":"fac8c64e-c70f-4569-a605-dc9797c14569","CREATEDDATE":1520794199000,"LASTUPDATE":1765410161000}},{"type":"Feature","id":3935,"geometry":{"type":"Point","coordinates":[-89.2398486805163,48.4058650100127]},"properties":{"OBJECTID":3935,"LOC_ID":"PP0249","FDMID":null,"X_COORD":334237.543,"Y_COORD":5363834.761,"BEAT":null,"ROT_ANGLE":null,"NODE_ID":null,"GLOBALID":"5d76ff7a-2a31-462e-9b1b-2ae1f624279d","CREATEDDATE":1520794199000,"LASTUPDATE":1765410161000}},{"type":"Feature","id":3936,"geometry":{"type":"Point","coordinates":[-89.2341868335347,48.4284278062395]},"properties":{"OBJECTID":3936,"LOC_ID":"PP0250","FDMID":null,"X_COORD":334729.711,"Y_COORD":5366330.2391,"BEAT":null,"ROT_ANGLE":360,"NODE_ID":null,"GLOBALID":"6caee8c6-481a-4216-bbc8-17eb58cae584","CREATEDDATE":1520794199000,"LASTUPDATE":1765410161000}},{"type":"Feature","id":3937,"geometry":{"type":"Point","coordinates":[-89.2672816289991,48.4298056207495]},"properties":{"OBJECTID":3937,"LOC_ID":"PC1284","FDMID":null,"X_COORD":332286.2576,"Y_COORD":5366555.3546,"BEAT":null,"ROT_ANGLE":null,"NODE_ID":null,"GLOBALID":"a870497b-67e4-4133-99b0-6bafbec43f6b","CREATEDDATE":1520794199000,"LASTUPDATE":1765410161000}},{"type":"Feature","id":3938,"geometry":{"type":"Point","coordinates":[-89.2802561260694,48.3742029069372]},"properties":{"OBJECTID":3938,"LOC_ID":"FC1218","FDMID":null,"X_COORD":331142.5532,"Y_COORD":5360403.9939,"BEAT":null,"ROT_ANGLE":null,"NODE_ID":null,"GLOBALID":"896b8034-111a-407b-87b1-eb179325b97c","CREATEDDATE":1520794199000,"LASTUPDATE":1765410161000}},{"type":"Feature","id":3939,"geometry":{"type":"Point","coordinates":[-89.2830644865746,48.374209682341]},"properties":{"OBJECTID":3939,"LOC_ID":"FC1219","FDMID":null,"X_COORD":330934.6233,"Y_COORD":5360410.9404,"BEAT":null,"ROT_ANGLE":null,"NODE_ID":null,"GLOBALID":"6c2bbab3-bbe1-4604-b22a-e2d57157fe8b","CREATEDDATE":1520794199000,"LASTUPDATE":1765410161000}},{"type":"Feature","id":3940,"geometry":{"type":"Point","coordinates":[-89.2288611891867,48.4438984246543]},"properties":{"OBJECTID":3940,"LOC_ID":"PP0251","FDMID":null,"X_COORD":335185.3971,"Y_COORD":5368041.9537,"BEAT":null,"ROT_ANGLE":360,"NODE_ID":null,"GLOBALID":"7ec0dfa4-73c6-4ae3-b184-73f5af589fcd","CREATEDDATE":1520794199000,"LASTUPDATE":1770233107000}},{"type":"Feature","id":3941,"geometry":{"type":"Point","coordinates":[-89.2813901516292,48.4657955687144]},"properties":{"OBJECTID":3941,"LOC_ID":"MC0337","FDMID":null,"X_COORD":331366.6084,"Y_COORD":5370580.2435,"BEAT":null,"ROT_ANGLE":360,"NODE_ID":null,"GLOBALID":"b6286e90-a5a5-445b-9445-2d33d4f523fa","CREATEDDATE":1520794199000,"LASTUPDATE":1768260674000}},{"type":"Feature","id":3942,"geometry":{"type":"Point","coordinates":[-89.2604790802092,48.4422556992407]},"properties":{"OBJECTID":3942,"LOC_ID":"PC1276","FDMID":null,"X_COORD":332830.2898,"Y_COORD":5367924.2248,"BEAT":null,"ROT_ANGLE":null,"NODE_ID":null,"GLOBALID":"5778246a-dedf-44bc-9bf2-61e3db2feee2","CREATEDDATE":1520794199000,"LASTUPDATE":1765410161000}},{"type":"Feature","id":3943,"geometry":{"type":"Point","coordinates":[-89.2505274246633,48.448020211579]},"properties":{"OBJECTID":3943,"LOC_ID":"PC0860","FDMID":null,"X_COORD":333585.0455,"Y_COORD":5368543.2282,"BEAT":null,"ROT_ANGLE":null,"NODE_ID":null,"GLOBALID":"72355ddf-5965-4510-bdca-7b35ed86fd2f","CREATEDDATE":1520794199000,"LASTUPDATE":1765410161000}},{"type":"Feature","id":3944,"geometry":{"type":"Point","coordinates":[-89.2453633066947,48.3967837871122]},"properties":{"OBJECTID":3944,"LOC_ID":"FC1220","FDMID":null,"X_COORD":333799.8561,"Y_COORD":5362837.3931,"BEAT":null,"ROT_ANGLE":null,"NODE_ID":null,"GLOBALID":"97209706-8237-4640-adef-90ff368a569f","CREATEDDATE":1520794199000,"LASTUPDATE":1765410161000}},{"type":"Feature","id":3945,"geometry":{"type":"Point","coordinates":[-89.2634555870653,48.3877964669237]},"properties":{"OBJECTID":3945,"LOC_ID":"FC1221","FDMID":null,"X_COORD":332431.2362,"Y_COORD":5361877.9323,"BEAT":null,"ROT_ANGLE":null,"NODE_ID":null,"GLOBALID":"4d4f3547-b912-4e38-b1c3-c4b64fa22440","CREATEDDATE":1520794199000,"LASTUPDATE":1765410161000}},{"type":"Feature","id":3946,"geometry":{"type":"Point","coordinates":[-89.1850017660669,48.4747560828825]},"properties":{"OBJECTID":3946,"LOC_ID":"PC0076","FDMID":null,"X_COORD":338514.9246,"Y_COORD":5371374.3751,"BEAT":null,"ROT_ANGLE":null,"NODE_ID":null,"GLOBALID":"e010ecd4-e4b4-4f77-a9ba-54ffc5809f06","CREATEDDATE":1520794199000,"LASTUPDATE":1765410161000}},{"type":"Feature","id":3947,"geometry":{"type":"Point","coordinates":[-89.1850773324758,48.4785354003952]},"properties":{"OBJECTID":3947,"LOC_ID":"PC0083","FDMID":null,"X_COORD":338521.3395,"Y_COORD":5371794.5883,"BEAT":null,"ROT_ANGLE":null,"NODE_ID":null,"GLOBALID":"b0a8cf2e-fc50-4868-94cd-631cab7cda96","CREATEDDATE":1520794199000,"LASTUPDATE":1765410161000}},{"type":"Feature","id":3948,"geometry":{"type":"Point","coordinates":[-89.2756940697151,48.41877004061]},"properties":{"OBJECTID":3948,"LOC_ID":"PP0253","FDMID":null,"X_COORD":331627.5529,"Y_COORD":5365347.2849,"BEAT":null,"ROT_ANGLE":null,"NODE_ID":null,"GLOBALID":"d9bd3744-9f77-4c0d-be5a-6f94327b56e4","CREATEDDATE":1520794199000,"LASTUPDATE":1765410161000}},{"type":"Feature","id":3949,"geometry":{"type":"Point","coordinates":[-89.3534292115824,48.3834878476343]},"properties":{"OBJECTID":3949,"LOC_ID":"NC0618","FDMID":null,"X_COORD":325755.9826,"Y_COORD":5361599.807,"BEAT":null,"ROT_ANGLE":null,"NODE_ID":null,"GLOBALID":"145a7e67-5056-4106-b905-f3d9e22e64b2","CREATEDDATE":1520794199000,"LASTUPDATE":1765410161000}},{"type":"Feature","id":3950,"geometry":{"type":"Point","coordinates":[-89.354079632935,48.3825332504631]},"properties":{"OBJECTID":3950,"LOC_ID":"NC0617","FDMID":null,"X_COORD":325704.5688,"Y_COORD":5361495.1906,"BEAT":null,"ROT_ANGLE":null,"NODE_ID":null,"GLOBALID":"0cc0a995-cfd8-48d1-b408-d9338918e2b4","CREATEDDATE":1520794199000,"LASTUPDATE":1765410161000}},{"type":"Feature","id":3951,"geometry":{"type":"Point","coordinates":[-89.2183651369625,48.4390161797455]},"properties":{"OBJECTID":3951,"LOC_ID":"PC1287","FDMID":null,"X_COORD":335934.1366,"Y_COORD":5367473.0399,"BEAT":null,"ROT_ANGLE":360,"NODE_ID":null,"GLOBALID":"d478e27f-f8dc-4f9f-aa0f-b9a0f5a965df","CREATEDDATE":1520794199000,"LASTUPDATE":1765410161000}},{"type":"Feature","id":3952,"geometry":{"type":"Point","coordinates":[-89.2141906491215,48.4494533186417]},"properties":{"OBJECTID":3952,"LOC_ID":"PC1288","FDMID":null,"X_COORD":336276.419,"Y_COORD":5368624.1315,"BEAT":null,"ROT_ANGLE":null,"NODE_ID":null,"GLOBALID":"a5f7cd3f-5983-4ae6-b99e-f0eda8e472ed","CREATEDDATE":1520794199000,"LASTUPDATE":1765410161000}},{"type":"Feature","id":3953,"geometry":{"type":"Point","coordinates":[-89.2293494912635,48.4577270089848]},"properties":{"OBJECTID":3953,"LOC_ID":"PC1292","FDMID":null,"X_COORD":335182.3872,"Y_COORD":5369576.2499,"BEAT":"N 8","ROT_ANGLE":null,"NODE_ID":null,"GLOBALID":"281dcc27-4585-4e24-a0b1-b3a0b52c57e5","CREATEDDATE":1520794199000,"LASTUPDATE":1765410161000}},{"type":"Feature","id":3954,"geometry":{"type":"Point","coordinates":[-89.2597722386396,48.3995709209418]},"properties":{"OBJECTID":3954,"LOC_ID":"PP0254","FDMID":null,"X_COORD":332742.5201,"Y_COORD":5363178.5332,"BEAT":null,"ROT_ANGLE":null,"NODE_ID":null,"GLOBALID":"8f619895-d5ed-44b8-bc1e-fc624bba9434","CREATEDDATE":1520794199000,"LASTUPDATE":1765410161000}},{"type":"Feature","id":3955,"geometry":{"type":"Point","coordinates":[-89.2509426062658,48.3898134575524]},"properties":{"OBJECTID":3955,"LOC_ID":"FC1222","FDMID":null,"X_COORD":333364.1353,"Y_COORD":5362074.8093,"BEAT":null,"ROT_ANGLE":null,"NODE_ID":null,"GLOBALID":"0dd7c4bf-180f-43b1-88bd-4f13e6936217","CREATEDDATE":1520794199000,"LASTUPDATE":1765410161000}},{"type":"Feature","id":3956,"geometry":{"type":"Point","coordinates":[-89.2666445895139,48.3934062906397]},"properties":{"OBJECTID":3956,"LOC_ID":"FC1223","FDMID":null,"X_COORD":332213.6128,"Y_COORD":5362508.4075,"BEAT":null,"ROT_ANGLE":null,"NODE_ID":null,"GLOBALID":"22ffaaa3-36aa-4b6e-9dc7-a43cb5c8b175","CREATEDDATE":1520794199000,"LASTUPDATE":1765410161000}},{"type":"Feature","id":3957,"geometry":{"type":"Point","coordinates":[-89.2875305318416,48.4492968015266]},"properties":{"OBJECTID":3957,"LOC_ID":"MC0339","FDMID":null,"X_COORD":330853.2616,"Y_COORD":5368766.2419,"BEAT":null,"ROT_ANGLE":null,"NODE_ID":null,"GLOBALID":"8f804c9c-c477-4ce6-b149-fb2af7e9e015","CREATEDDATE":1520794199000,"LASTUPDATE":1765410161000}},{"type":"Feature","id":3958,"geometry":{"type":"Point","coordinates":[-89.2859969112626,48.4493060643819]},"properties":{"OBJECTID":3958,"LOC_ID":"MC0340","FDMID":null,"X_COORD":330966.6859,"Y_COORD":5368763.8827,"BEAT":null,"ROT_ANGLE":null,"NODE_ID":null,"GLOBALID":"9edf4349-79b7-4d52-9891-25263db53739","CREATEDDATE":1520794199000,"LASTUPDATE":1765410161000}},{"type":"Feature","id":3959,"geometry":{"type":"Point","coordinates":[-89.2895358657923,48.4492628766346]},"properties":{"OBJECTID":3959,"LOC_ID":"MC0341","FDMID":null,"X_COORD":330704.8775,"Y_COORD":5368766.9058,"BEAT":null,"ROT_ANGLE":null,"NODE_ID":null,"GLOBALID":"28d4a30f-8a3b-4a1f-8701-dedc50289a2c","CREATEDDATE":1520794199000,"LASTUPDATE":1765410161000}},{"type":"Feature","id":3960,"geometry":{"type":"Point","coordinates":[-89.2857088875465,48.4502321471894]},"properties":{"OBJECTID":3960,"LOC_ID":"MC0338","FDMID":null,"X_COORD":330991.0565,"Y_COORD":5368866.1751,"BEAT":null,"ROT_ANGLE":null,"NODE_ID":null,"GLOBALID":"534b06ed-b1dd-4321-9b31-030b0f0ac750","CREATEDDATE":1520794199000,"LASTUPDATE":1765410161000}},{"type":"Feature","id":3961,"geometry":{"type":"Point","coordinates":[-89.2201871856853,48.4318693068764]},"properties":{"OBJECTID":3961,"LOC_ID":"PC1289","FDMID":null,"X_COORD":335776.3476,"Y_COORD":5366682.6124,"BEAT":null,"ROT_ANGLE":null,"NODE_ID":null,"GLOBALID":"8c7a5cb6-ddb1-47ca-890a-5e0b41c0732c","CREATEDDATE":1520794199000,"LASTUPDATE":1765410161000}},{"type":"Feature","id":3962,"geometry":{"type":"Point","coordinates":[-89.2190785980904,48.4316714016436]},"properties":{"OBJECTID":3962,"LOC_ID":"PC1290","FDMID":null,"X_COORD":335857.7057,"Y_COORD":5366658.2386,"BEAT":null,"ROT_ANGLE":null,"NODE_ID":null,"GLOBALID":"e429d44c-92de-4f07-885b-5cbc6cae4940","CREATEDDATE":1520794199000,"LASTUPDATE":1765410161000}},{"type":"Feature","id":3963,"geometry":{"type":"Point","coordinates":[-89.2182287305067,48.4323616179238]},"properties":{"OBJECTID":3963,"LOC_ID":"PC1291","FDMID":null,"X_COORD":335922.7889,"Y_COORD":5366733.1302,"BEAT":null,"ROT_ANGLE":null,"NODE_ID":null,"GLOBALID":"2ed6c6ae-a0b8-4881-8d1a-f7527af97be5","CREATEDDATE":1520794199000,"LASTUPDATE":1765410161000}},{"type":"Feature","id":3964,"geometry":{"type":"Point","coordinates":[-89.256197940622,48.4494105597904]},"properties":{"OBJECTID":3964,"LOC_ID":"MC0342","FDMID":null,"X_COORD":333170.3208,"Y_COORD":5368710.104,"BEAT":null,"ROT_ANGLE":null,"NODE_ID":null,"GLOBALID":"11c86c8a-09c3-4f1c-a1e7-3015e95ecb09","CREATEDDATE":1520794199000,"LASTUPDATE":1765410161000}},{"type":"Feature","id":3965,"geometry":{"type":"Point","coordinates":[-89.2767110855347,48.4212778993018]},"properties":{"OBJECTID":3965,"LOC_ID":"PC1293","FDMID":null,"X_COORD":331560.6005,"Y_COORD":5365628.2545,"BEAT":null,"ROT_ANGLE":null,"NODE_ID":null,"GLOBALID":"c789b9c5-14f7-4631-a832-9830e0369ecb","CREATEDDATE":1520794199000,"LASTUPDATE":1765410161000}},{"type":"Feature","id":3966,"geometry":{"type":"Point","coordinates":[-89.2644406668446,48.4295595713196]},"properties":{"OBJECTID":3966,"LOC_ID":"PC1294","FDMID":null,"X_COORD":332495.5858,"Y_COORD":5366521.7872,"BEAT":null,"ROT_ANGLE":null,"NODE_ID":null,"GLOBALID":"dca2578d-c323-4c84-a93f-fa53f6b5044c","CREATEDDATE":1520794199000,"LASTUPDATE":1765410161000}},{"type":"Feature","id":3967,"geometry":{"type":"Point","coordinates":[-89.2641489962149,48.4284477808606]},"properties":{"OBJECTID":3967,"LOC_ID":"PC1295","FDMID":null,"X_COORD":332513.5048,"Y_COORD":5366397.5803,"BEAT":null,"ROT_ANGLE":null,"NODE_ID":null,"GLOBALID":"3e419666-92fc-4ab8-8b9e-8b2968921154","CREATEDDATE":1520794199000,"LASTUPDATE":1765410161000}},{"type":"Feature","id":3968,"geometry":{"type":"Point","coordinates":[-89.2464863288798,48.4019432071467]},"properties":{"OBJECTID":3968,"LOC_ID":"PP0256","FDMID":null,"X_COORD":333733.5573,"Y_COORD":5363413.267,"BEAT":null,"ROT_ANGLE":null,"NODE_ID":null,"GLOBALID":"7b85728e-d4a9-4fb5-b961-1cc9e6fce359","CREATEDDATE":1520794199000,"LASTUPDATE":1765410161000}},{"type":"Feature","id":3969,"geometry":{"type":"Point","coordinates":[-89.2393927711785,48.4093423991527]},"properties":{"OBJECTID":3969,"LOC_ID":"PP0257","FDMID":null,"X_COORD":334282.5844,"Y_COORD":5364220.2643,"BEAT":null,"ROT_ANGLE":null,"NODE_ID":null,"GLOBALID":"bc1cb9e9-7391-4e1a-bff2-453850f862aa","CREATEDDATE":1520794199000,"LASTUPDATE":1765410161000}},{"type":"Feature","id":3970,"geometry":{"type":"Point","coordinates":[-89.19760899281,48.4520036769115]},"properties":{"OBJECTID":3970,"LOC_ID":"PP0258","FDMID":null,"X_COORD":337510.5861,"Y_COORD":5368872.2483,"BEAT":null,"ROT_ANGLE":null,"NODE_ID":null,"GLOBALID":"d0811836-c86e-4767-98aa-62421e30c9fd","CREATEDDATE":1520794199000,"LASTUPDATE":1765410161000}},{"type":"Feature","id":3971,"geometry":{"type":"Point","coordinates":[-89.3527792825662,48.3882719191681]},"properties":{"OBJECTID":3971,"LOC_ID":"NC0619","FDMID":null,"X_COORD":325820.4324,"Y_COORD":5362130.0418,"BEAT":null,"ROT_ANGLE":null,"NODE_ID":null,"GLOBALID":"071db890-8f22-4aad-8d4d-86abb07a0749","CREATEDDATE":1520794199000,"LASTUPDATE":1765410161000}},{"type":"Feature","id":3972,"geometry":{"type":"Point","coordinates":[-89.353465847771,48.3877984085232]},"properties":{"OBJECTID":3972,"LOC_ID":"NC0620","FDMID":null,"X_COORD":325767.9911,"Y_COORD":5362078.9762,"BEAT":null,"ROT_ANGLE":null,"NODE_ID":null,"GLOBALID":"817f4649-8dc6-4d2d-943a-459171697bce","CREATEDDATE":1520794199000,"LASTUPDATE":1765410161000}},{"type":"Feature","id":3973,"geometry":{"type":"Point","coordinates":[-89.3534572406659,48.3865230054808]},"properties":{"OBJECTID":3973,"LOC_ID":"NC0622","FDMID":null,"X_COORD":325764.2726,"Y_COORD":5361937.2053,"BEAT":null,"ROT_ANGLE":null,"NODE_ID":null,"GLOBALID":"faf77d42-d947-4fb6-8dc8-e2c2ef56f578","CREATEDDATE":1520794199000,"LASTUPDATE":1765410161000}},{"type":"Feature","id":3974,"geometry":{"type":"Point","coordinates":[-89.3534461727465,48.3849291555851]},"properties":{"OBJECTID":3974,"LOC_ID":"NC0621","FDMID":null,"X_COORD":325759.6489,"Y_COORD":5361760.0359,"BEAT":null,"ROT_ANGLE":null,"NODE_ID":null,"GLOBALID":"9187b77a-a5be-4465-a2eb-64c5506e2917","CREATEDDATE":1520794199000,"LASTUPDATE":1765410161000}},{"type":"Feature","id":3975,"geometry":{"type":"Point","coordinates":[-89.3527528346028,48.3844570898915]},"properties":{"OBJECTID":3975,"LOC_ID":"NC0650","FDMID":null,"X_COORD":325809.3662,"Y_COORD":5361705.9925,"BEAT":"S-13-1","ROT_ANGLE":null,"NODE_ID":null,"GLOBALID":"ae3143c4-62d2-41c2-a53a-1b9b16076146","CREATEDDATE":1520794199000,"LASTUPDATE":1765410161000}},{"type":"Feature","id":3976,"geometry":{"type":"Point","coordinates":[-89.2477911586614,48.4016342659795]},"properties":{"OBJECTID":3976,"LOC_ID":"PC1296","FDMID":null,"X_COORD":333635.9822,"Y_COORD":5363381.7639,"BEAT":null,"ROT_ANGLE":null,"NODE_ID":null,"GLOBALID":"39d1e6c8-35c3-4b13-aea5-76b7d9c34d53","CREATEDDATE":1520794199000,"LASTUPDATE":1765410161000}},{"type":"Feature","id":3977,"geometry":{"type":"Point","coordinates":[-89.2256821506303,48.448421222957]},"properties":{"OBJECTID":3977,"LOC_ID":"PC1297","FDMID":null,"X_COORD":335423.4166,"Y_COORD":5368534.0688,"BEAT":null,"ROT_ANGLE":null,"NODE_ID":null,"GLOBALID":"bfda6710-9dd7-4e11-a0be-42e12ea9f083","CREATEDDATE":1520794199000,"LASTUPDATE":1765410161000}},{"type":"Feature","id":3978,"geometry":{"type":"Point","coordinates":[-89.2147306391934,48.4597974140425]},"properties":{"OBJECTID":3978,"LOC_ID":"PC1298","FDMID":null,"X_COORD":336269.7702,"Y_COORD":5369774.9788,"BEAT":null,"ROT_ANGLE":null,"NODE_ID":null,"GLOBALID":"16f974b6-c901-42da-a82d-b340c45e2d12","CREATEDDATE":1520794199000,"LASTUPDATE":1765410161000}},{"type":"Feature","id":3979,"geometry":{"type":"Point","coordinates":[-89.2547112942572,48.3902950187286]},"properties":{"OBJECTID":3979,"LOC_ID":"FC1224","FDMID":null,"X_COORD":333086.7334,"Y_COORD":5362136.5373,"BEAT":null,"ROT_ANGLE":null,"NODE_ID":null,"GLOBALID":"998f17b6-06cb-46be-bf43-b2e501692efe","CREATEDDATE":1520794199000,"LASTUPDATE":1765410161000}},{"type":"Feature","id":3980,"geometry":{"type":"Point","coordinates":[-89.2467274314888,48.38157005177]},"properties":{"OBJECTID":3980,"LOC_ID":"FC1225","FDMID":null,"X_COORD":333649.2903,"Y_COORD":5361149.4482,"BEAT":null,"ROT_ANGLE":null,"NODE_ID":null,"GLOBALID":"ff29a0f1-0735-4b02-89a5-97b150f8aaec","CREATEDDATE":1520794199000,"LASTUPDATE":1765410161000}},{"type":"Feature","id":3981,"geometry":{"type":"Point","coordinates":[-89.2235397569512,48.4415142989295]},"properties":{"OBJECTID":3981,"LOC_ID":"PC1299","FDMID":null,"X_COORD":335559.5205,"Y_COORD":5367761.797,"BEAT":null,"ROT_ANGLE":null,"NODE_ID":null,"GLOBALID":"7e713448-c8d7-4030-b87e-d574a3bae5ff","CREATEDDATE":1520794199000,"LASTUPDATE":1765410161000}},{"type":"Feature","id":3982,"geometry":{"type":"Point","coordinates":[-89.2418972387761,48.3571490973504]},"properties":{"OBJECTID":3982,"LOC_ID":"FC1228","FDMID":null,"X_COORD":333927.4822,"Y_COORD":5358424.7501,"BEAT":null,"ROT_ANGLE":null,"NODE_ID":null,"GLOBALID":"7720f0c7-59f3-413b-9243-b470cb78423c","CREATEDDATE":1520794199000,"LASTUPDATE":1765410161000}},{"type":"Feature","id":3983,"geometry":{"type":"Point","coordinates":[-89.240687411263,48.3573943837937]},"properties":{"OBJECTID":3983,"LOC_ID":"FC1229","FDMID":null,"X_COORD":334017.8944,"Y_COORD":5358449.3909,"BEAT":null,"ROT_ANGLE":null,"NODE_ID":null,"GLOBALID":"a976bd5c-c16b-47c1-ab18-43e536257c79","CREATEDDATE":1520794199000,"LASTUPDATE":1765410161000}},{"type":"Feature","id":3984,"geometry":{"type":"Point","coordinates":[-89.2395645500939,48.3575537494982]},"properties":{"OBJECTID":3984,"LOC_ID":"FC1230","FDMID":null,"X_COORD":334101.5849,"Y_COORD":5358464.6719,"BEAT":null,"ROT_ANGLE":null,"NODE_ID":null,"GLOBALID":"8974c717-50b8-41d6-8f19-279df9f59ff5","CREATEDDATE":1520794199000,"LASTUPDATE":1765410161000}},{"type":"Feature","id":3985,"geometry":{"type":"Point","coordinates":[-89.2381060237853,48.357511239149]},"properties":{"OBJECTID":3985,"LOC_ID":"FC1231","FDMID":null,"X_COORD":334209.4829,"Y_COORD":5358456.7908,"BEAT":null,"ROT_ANGLE":null,"NODE_ID":null,"GLOBALID":"a674a3c2-bb66-4eb2-8272-dd2e86f12844","CREATEDDATE":1520794199000,"LASTUPDATE":1765410161000}},{"type":"Feature","id":3986,"geometry":{"type":"Point","coordinates":[-89.3534467885175,48.3374620245568]},"properties":{"OBJECTID":3986,"LOC_ID":"NC0631","FDMID":null,"X_COORD":325597.5637,"Y_COORD":5356484.4476,"BEAT":null,"ROT_ANGLE":353.8,"NODE_ID":null,"GLOBALID":"ae650894-7fef-4678-a2c6-95b70ecf3e80","CREATEDDATE":1520794199000,"LASTUPDATE":1765410161000}},{"type":"Feature","id":3987,"geometry":{"type":"Point","coordinates":[-89.2319668749832,48.3580021039034]},"properties":{"OBJECTID":3987,"LOC_ID":"FP0150","FDMID":null,"X_COORD":334665.8116,"Y_COORD":5358498.0839,"BEAT":null,"ROT_ANGLE":null,"NODE_ID":null,"GLOBALID":"8cfbefe8-bdeb-418c-8484-07a060405f0d","CREATEDDATE":1520794199000,"LASTUPDATE":1765410161000}},{"type":"Feature","id":3988,"geometry":{"type":"Point","coordinates":[-89.2559454434238,48.4446396942673]},"properties":{"OBJECTID":3988,"LOC_ID":"PC1302","FDMID":null,"X_COORD":333176.0436,"Y_COORD":5368176.272,"BEAT":"N 4","ROT_ANGLE":360,"NODE_ID":null,"GLOBALID":"b9fb9a36-447f-4d89-9c9f-9a16f2277976","CREATEDDATE":1520794199000,"LASTUPDATE":1773343683000}},{"type":"Feature","id":3989,"geometry":{"type":"Point","coordinates":[-89.254691010481,48.4449413853249]},"properties":{"OBJECTID":3989,"LOC_ID":"PC1303","FDMID":null,"X_COORD":333278.5339,"Y_COORD":5368220.2045,"BEAT":"N 4","ROT_ANGLE":360,"NODE_ID":null,"GLOBALID":"95307e72-7566-439a-a855-eb3a5a4f3561","CREATEDDATE":1520794199000,"LASTUPDATE":1773343683000}},{"type":"Feature","id":3990,"geometry":{"type":"Point","coordinates":[-89.2276857092695,48.4333381606274]},"properties":{"OBJECTID":3990,"LOC_ID":"PC1304","FDMID":null,"X_COORD":335226.4769,"Y_COORD":5366861.9815,"BEAT":null,"ROT_ANGLE":null,"NODE_ID":null,"GLOBALID":"504cad38-cd47-4280-93af-87ac9f9305bb","CREATEDDATE":1520794199000,"LASTUPDATE":1765410161000}},{"type":"Feature","id":3991,"geometry":{"type":"Point","coordinates":[-89.2877322842598,48.4502224829206]},"properties":{"OBJECTID":3991,"LOC_ID":"MC0343","FDMID":null,"X_COORD":330841.4203,"Y_COORD":5368869.5718,"BEAT":null,"ROT_ANGLE":null,"NODE_ID":null,"GLOBALID":"38675a5b-ca3f-4917-805d-45869fd46b79","CREATEDDATE":1520794199000,"LASTUPDATE":1765410161000}},{"type":"Feature","id":3992,"geometry":{"type":"Point","coordinates":[-89.1878320609473,48.4653098895852]},"properties":{"OBJECTID":3992,"LOC_ID":"PC1307","FDMID":null,"X_COORD":338275.7334,"Y_COORD":5370330.4542,"BEAT":null,"ROT_ANGLE":null,"NODE_ID":null,"GLOBALID":"463e27cc-3daf-4ffb-98e2-18888bebee5c","CREATEDDATE":1520794199000,"LASTUPDATE":1765410161000}},{"type":"Feature","id":3993,"geometry":{"type":"Point","coordinates":[-89.1878289996001,48.466186634546]},"properties":{"OBJECTID":3993,"LOC_ID":"PC1309","FDMID":null,"X_COORD":338278.7464,"Y_COORD":5370427.8937,"BEAT":null,"ROT_ANGLE":null,"NODE_ID":null,"GLOBALID":"620b7ab5-299e-4e03-9d91-fe0fc17db801","CREATEDDATE":1520794199000,"LASTUPDATE":1765410161000}},{"type":"Feature","id":3994,"geometry":{"type":"Point","coordinates":[-89.2195148869678,48.4588558873088]},"properties":{"OBJECTID":3994,"LOC_ID":"PC1308","FDMID":null,"X_COORD":335913.0656,"Y_COORD":5369680.5817,"BEAT":null,"ROT_ANGLE":null,"NODE_ID":null,"GLOBALID":"a019ac01-ffef-4b56-9825-93ea667b8efc","CREATEDDATE":1520794199000,"LASTUPDATE":1765410161000}},{"type":"Feature","id":3995,"geometry":{"type":"Point","coordinates":[-89.3025024739577,48.3855153097685]},"properties":{"OBJECTID":3995,"LOC_ID":"NC0632","FDMID":null,"X_COORD":329533.0577,"Y_COORD":5361710.5557,"BEAT":null,"ROT_ANGLE":null,"NODE_ID":null,"GLOBALID":"eb70eeae-f951-4e45-8bc5-c7be3fa2e340","CREATEDDATE":1520794199000,"LASTUPDATE":1765410161000}},{"type":"Feature","id":3996,"geometry":{"type":"Point","coordinates":[-89.3024956044163,48.3846114005456]},"properties":{"OBJECTID":3996,"LOC_ID":"NC0633","FDMID":null,"X_COORD":329530.5463,"Y_COORD":5361610.0774,"BEAT":null,"ROT_ANGLE":null,"NODE_ID":null,"GLOBALID":"22e807d7-7c96-468d-a4cd-d1c1046e5965","CREATEDDATE":1520794199000,"LASTUPDATE":1765410161000}},{"type":"Feature","id":3997,"geometry":{"type":"Point","coordinates":[-89.3049130175081,48.3845480315744]},"properties":{"OBJECTID":3997,"LOC_ID":"NC0634","FDMID":null,"X_COORD":329351.3676,"Y_COORD":5361608.417,"BEAT":null,"ROT_ANGLE":null,"NODE_ID":null,"GLOBALID":"15b10d44-cbaa-4a46-b91d-aa816e65bc58","CREATEDDATE":1520794199000,"LASTUPDATE":1765410161000}},{"type":"Feature","id":3998,"geometry":{"type":"Point","coordinates":[-89.30379948675,48.3842500849988]},"properties":{"OBJECTID":3998,"LOC_ID":"NC0635","FDMID":null,"X_COORD":329432.809,"Y_COORD":5361572.8223,"BEAT":null,"ROT_ANGLE":null,"NODE_ID":null,"GLOBALID":"39d6abea-62ce-4a3c-b324-296e9459ddfd","CREATEDDATE":1520794199000,"LASTUPDATE":1765410161000}},{"type":"Feature","id":3999,"geometry":{"type":"Point","coordinates":[-89.3036577693882,48.3856741984128]},"properties":{"OBJECTID":3999,"LOC_ID":"NC0636","FDMID":null,"X_COORD":329448.0611,"Y_COORD":5361730.7867,"BEAT":null,"ROT_ANGLE":null,"NODE_ID":null,"GLOBALID":"08367909-a277-44a9-bc58-bb1a98c922c0","CREATEDDATE":1520794199000,"LASTUPDATE":1765410161000}},{"type":"Feature","id":4000,"geometry":{"type":"Point","coordinates":[-89.3041111422256,48.3849828441163]},"properties":{"OBJECTID":4000,"LOC_ID":"NC0637","FDMID":null,"X_COORD":329412.1861,"Y_COORD":5361654.9572,"BEAT":null,"ROT_ANGLE":null,"NODE_ID":null,"GLOBALID":"f2ca65f0-b104-491d-b6f3-64795c5268f9","CREATEDDATE":1520794199000,"LASTUPDATE":1765410161000}}]}