{"type":"FeatureCollection","crs":{"type":"name","properties":{"name":"EPSG:4326"}},"properties":{"exceededTransferLimit":true},"features":[{"type":"Feature","id":1,"geometry":{"type":"Point","coordinates":[-89.1874775388004,48.4715393335482]},"properties":{"OBJECTID":1,"LOC_ID":"PC0088","FDMID":1811,"X_COORD":338289.44586,"Y_COORD":5371016.63192,"BEAT":"N 11","ROT_ANGLE":0,"NODE_ID":324,"GLOBALID":"14461682-50bc-4d8e-9dcc-1f925674dfb5","CREATEDDATE":1520794199000,"LASTUPDATE":1643920900000}},{"type":"Feature","id":2,"geometry":{"type":"Point","coordinates":[-89.1933839582246,48.4681111483221]},"properties":{"OBJECTID":2,"LOC_ID":"PC0911","FDMID":2627,"X_COORD":337874.70486,"Y_COORD":5370653.30725,"BEAT":"N 11","ROT_ANGLE":0,"NODE_ID":7186,"GLOBALID":"63ca9dfe-69e7-492f-a5cb-72508bbaeeea","CREATEDDATE":1520794199000,"LASTUPDATE":1643920901000}},{"type":"Feature","id":3,"geometry":{"type":"Point","coordinates":[-89.1823537528639,48.4690247208938]},"properties":{"OBJECTID":3,"LOC_ID":"PC0064","FDMID":1788,"X_COORD":338692.8783,"Y_COORD":5370731.52037,"BEAT":"N 11","ROT_ANGLE":0,"NODE_ID":5471,"GLOBALID":"3cff9055-fb41-4167-834e-6f4372ba5825","CREATEDDATE":1520794199000,"LASTUPDATE":1644265838000}},{"type":"Feature","id":4,"geometry":{"type":"Point","coordinates":[-89.2093315792893,48.46545246585]},"properties":{"OBJECTID":4,"LOC_ID":"PC1170","FDMID":3353,"X_COORD":336687.44393,"Y_COORD":5370391.73106,"BEAT":"N 9","ROT_ANGLE":0,"NODE_ID":2160,"GLOBALID":"1629c9a7-fd36-4c1b-8666-07317cb84b63","CREATEDDATE":1520794199000,"LASTUPDATE":1643920901000}},{"type":"Feature","id":5,"geometry":{"type":"Point","coordinates":[-89.1805372119608,48.4666894855357]},"properties":{"OBJECTID":5,"LOC_ID":"PC0055","FDMID":1779,"X_COORD":338819.74218,"Y_COORD":5370468.13938,"BEAT":"N 11","ROT_ANGLE":0,"NODE_ID":2978,"GLOBALID":"cee14ffc-14cd-44e7-9bad-a79c5c811293","CREATEDDATE":1520794199000,"LASTUPDATE":1644265297000}},{"type":"Feature","id":6,"geometry":{"type":"Point","coordinates":[-89.2602640831926,48.4643957556008]},"properties":{"OBJECTID":6,"LOC_ID":"MC0240","FDMID":3237,"X_COORD":332919.27548,"Y_COORD":5370384.25765,"BEAT":"N 15","ROT_ANGLE":0,"NODE_ID":4701,"GLOBALID":"df438ef3-a956-4b3c-8fc7-758a6f4c8bd1","CREATEDDATE":1520794199000,"LASTUPDATE":1643920901000}},{"type":"Feature","id":7,"geometry":{"type":"Point","coordinates":[-89.2354237468717,48.461776417909]},"properties":{"OBJECTID":7,"LOC_ID":"MP0013","FDMID":3256,"X_COORD":334746.8856,"Y_COORD":5370039.18629,"BEAT":"N 12","ROT_ANGLE":0,"NODE_ID":7094,"GLOBALID":"6c4f0866-2330-47d9-8670-a0a89bfa640c","CREATEDDATE":1520794199000,"LASTUPDATE":1643920901000}},{"type":"Feature","id":8,"geometry":{"type":"Point","coordinates":[-89.2158525607049,48.4567828648741]},"properties":{"OBJECTID":8,"LOC_ID":"PC0263","FDMID":1986,"X_COORD":336177.53417,"Y_COORD":5369442.0819,"BEAT":"N 9","ROT_ANGLE":0,"NODE_ID":2035,"GLOBALID":"862701fc-7f5b-498c-969f-a0b7425076d8","CREATEDDATE":1520794199000,"LASTUPDATE":1644347245000}},{"type":"Feature","id":9,"geometry":{"type":"Point","coordinates":[-89.2534514739255,48.4556249558781]},"properties":{"OBJECTID":9,"LOC_ID":"MC0216","FDMID":3213,"X_COORD":333394.12271,"Y_COORD":5369394.57854,"BEAT":"N 12","ROT_ANGLE":0,"NODE_ID":7928,"GLOBALID":"214bd26f-32d6-4703-84d8-59f76064588d","CREATEDDATE":1520794199000,"LASTUPDATE":1643920901000}},{"type":"Feature","id":10,"geometry":{"type":"Point","coordinates":[-89.257864520099,48.4544583729033]},"properties":{"OBJECTID":10,"LOC_ID":"MC0121","FDMID":3118,"X_COORD":333064.04195,"Y_COORD":5369274.53246,"BEAT":"N 12","ROT_ANGLE":0,"NODE_ID":7915,"GLOBALID":"aef5b19b-01b7-4eee-b950-44625b58131d","CREATEDDATE":1520794199000,"LASTUPDATE":1643920901000}},{"type":"Feature","id":11,"geometry":{"type":"Point","coordinates":[-89.2269168860642,48.4548871651829]},"properties":{"OBJECTID":11,"LOC_ID":"PC0216","FDMID":1939,"X_COORD":335353.43356,"Y_COORD":5369255.14046,"BEAT":"N 8","ROT_ANGLE":0,"NODE_ID":7834,"GLOBALID":"eae7ffca-254e-43dd-9607-6c90098d8df7","CREATEDDATE":1520794199000,"LASTUPDATE":1644348396000}},{"type":"Feature","id":12,"geometry":{"type":"Point","coordinates":[-89.2483120213311,48.454132074935]},"properties":{"OBJECTID":12,"LOC_ID":"MC0111","FDMID":3108,"X_COORD":333769.20342,"Y_COORD":5369217.47851,"BEAT":"N 12","ROT_ANGLE":0,"NODE_ID":7534,"GLOBALID":"7bfae267-e0a3-4aaa-a7ba-20280ce42389","CREATEDDATE":1520794199000,"LASTUPDATE":1643920901000}},{"type":"Feature","id":13,"geometry":{"type":"Point","coordinates":[-89.2541598824089,48.4535823751701]},"properties":{"OBJECTID":13,"LOC_ID":"MP0011","FDMID":3254,"X_COORD":333335.06044,"Y_COORD":5369169.0981,"BEAT":"N 12","ROT_ANGLE":0,"NODE_ID":4926,"GLOBALID":"a9508ec9-e6cb-4b52-8d13-336e436ee3f3","CREATEDDATE":1520794199000,"LASTUPDATE":1643920901000}},{"type":"Feature","id":14,"geometry":{"type":"Point","coordinates":[-89.2634261220013,48.4520653577661]},"properties":{"OBJECTID":14,"LOC_ID":"MC0053","FDMID":3050,"X_COORD":332645.00425,"Y_COORD":5369020.71307,"BEAT":"N 15","ROT_ANGLE":0,"NODE_ID":3396,"GLOBALID":"19aebcac-b648-45eb-899f-2dab9978f98b","CREATEDDATE":1520794199000,"LASTUPDATE":1643920901000}},{"type":"Feature","id":15,"geometry":{"type":"Point","coordinates":[-89.2412513135658,48.4501781306954]},"properties":{"OBJECTID":15,"LOC_ID":"PC0887","FDMID":2603,"X_COORD":334295.18896,"Y_COORD":5368757.03256,"BEAT":"N 8","ROT_ANGLE":0,"NODE_ID":4750,"GLOBALID":"e02fd3bf-3ec5-464c-a9f5-ffce06930e76","CREATEDDATE":1520794199000,"LASTUPDATE":1643920901000}},{"type":"Feature","id":16,"geometry":{"type":"Point","coordinates":[-89.2090840403032,48.449978922788]},"properties":{"OBJECTID":16,"LOC_ID":"PC0132","FDMID":1855,"X_COORD":336656.09059,"Y_COORD":5368671.38494,"BEAT":"N 10","ROT_ANGLE":0,"NODE_ID":9673,"GLOBALID":"a99c989c-c7db-4912-a6f3-e3a97cba6f97","CREATEDDATE":1520794199000,"LASTUPDATE":1643920901000}},{"type":"Feature","id":17,"geometry":{"type":"Point","coordinates":[-89.2893387446234,48.4476210598619]},"properties":{"OBJECTID":17,"LOC_ID":"MC0290","FDMID":3444,"X_COORD":330714.39279,"Y_COORD":5368583.74718,"BEAT":"N 13","ROT_ANGLE":0,"NODE_ID":4104,"GLOBALID":"e16e936f-eac5-474c-92ec-2688475ad18c","CREATEDDATE":1520794199000,"LASTUPDATE":1643920901000}},{"type":"Feature","id":18,"geometry":{"type":"Point","coordinates":[-89.20364278555,48.4470577174813]},"properties":{"OBJECTID":18,"LOC_ID":"PC0153","FDMID":1876,"X_COORD":337049.0616,"Y_COORD":5368335.11102,"BEAT":"N 10","ROT_ANGLE":0,"NODE_ID":8715,"GLOBALID":"ca688887-ec7f-44fa-887a-de04db0e1cbe","CREATEDDATE":1520794199000,"LASTUPDATE":1643920901000}},{"type":"Feature","id":19,"geometry":{"type":"Point","coordinates":[-89.2503102087241,48.4449002351926]},"properties":{"OBJECTID":19,"LOC_ID":"PP0116","FDMID":2980,"X_COORD":333591.29852,"Y_COORD":5368195.75563,"BEAT":"N 4","ROT_ANGLE":0,"NODE_ID":9160,"GLOBALID":"e3fe6bfa-d5c6-4d11-b455-a00784f573f8","CREATEDDATE":1520794199000,"LASTUPDATE":1643920901000}},{"type":"Feature","id":20,"geometry":{"type":"Point","coordinates":[-89.2869692897282,48.4446162000121]},"properties":{"OBJECTID":20,"LOC_ID":"MC0287","FDMID":3441,"X_COORD":330879.61135,"Y_COORD":5368244.5372,"BEAT":"N 13","ROT_ANGLE":0,"NODE_ID":6546,"GLOBALID":"8e93e6ad-9def-4b24-b921-1755479bbb28","CREATEDDATE":1520794199000,"LASTUPDATE":1643920901000}},{"type":"Feature","id":21,"geometry":{"type":"Point","coordinates":[-89.2051532550313,48.4414975605441]},"properties":{"OBJECTID":21,"LOC_ID":"PP0159","FDMID":1910,"X_COORD":336919.57347,"Y_COORD":5367720.34853,"BEAT":"N 14","ROT_ANGLE":0,"NODE_ID":2205,"GLOBALID":"fd281ed5-3652-474f-af60-9a738ecbe484","CREATEDDATE":1520794199000,"LASTUPDATE":1643920901000}},{"type":"Feature","id":22,"geometry":{"type":"Point","coordinates":[-89.2125347470774,48.4412733026054]},"properties":{"OBJECTID":22,"LOC_ID":"PC0204","FDMID":1927,"X_COORD":336375.34179,"Y_COORD":5367711.01169,"BEAT":"N 10","ROT_ANGLE":0,"NODE_ID":3889,"GLOBALID":"f88da53a-2ac6-4080-bf98-6c9e48265833","CREATEDDATE":1520794199000,"LASTUPDATE":1675115761000}},{"type":"Feature","id":23,"geometry":{"type":"Point","coordinates":[-89.2120373553228,48.4402461334747]},"properties":{"OBJECTID":23,"LOC_ID":"PC0292","FDMID":2015,"X_COORD":336406.476,"Y_COORD":5367595.9484,"BEAT":"N 10","ROT_ANGLE":0,"NODE_ID":1496,"GLOBALID":"41e0eb1c-adb1-4ef4-a938-f6916e3d6914","CREATEDDATE":1520794199000,"LASTUPDATE":1643920901000}},{"type":"Feature","id":24,"geometry":{"type":"Point","coordinates":[-89.2528672284094,48.4395659977947]},"properties":{"OBJECTID":24,"LOC_ID":"PC0770","FDMID":2487,"X_COORD":333384.77155,"Y_COORD":5367608.4476,"BEAT":"N 4","ROT_ANGLE":0,"NODE_ID":3312,"GLOBALID":"8a1de31f-e5ca-42ab-81ad-aaa12470254f","CREATEDDATE":1520794199000,"LASTUPDATE":1643920901000}},{"type":"Feature","id":25,"geometry":{"type":"Point","coordinates":[-89.2621210057772,48.4389437111774]},"properties":{"OBJECTID":25,"LOC_ID":"PC0943","FDMID":2659,"X_COORD":332698.37923,"Y_COORD":5367559.47249,"BEAT":"N 4","ROT_ANGLE":0,"NODE_ID":7495,"GLOBALID":"2df53636-a91c-49ea-8d5e-6da0b5c29f8c","CREATEDDATE":1520794199000,"LASTUPDATE":1643920901000}},{"type":"Feature","id":26,"geometry":{"type":"Point","coordinates":[-89.2629387248963,48.4376429472958]},"properties":{"OBJECTID":26,"LOC_ID":"PC0977","FDMID":2691,"X_COORD":332633.63222,"Y_COORD":5367416.68645,"BEAT":"N 4","ROT_ANGLE":0,"NODE_ID":5395,"GLOBALID":"bf79743c-8fa3-452f-9296-0173a79ced9f","CREATEDDATE":1520794199000,"LASTUPDATE":1643920901000}},{"type":"Feature","id":27,"geometry":{"type":"Point","coordinates":[-89.2417550242163,48.4360913180329]},"properties":{"OBJECTID":27,"LOC_ID":"PC0490","FDMID":2212,"X_COORD":334195.25782,"Y_COORD":5367198.10827,"BEAT":"N 5","ROT_ANGLE":0,"NODE_ID":4471,"GLOBALID":"2dc654f5-1f1f-4485-8b0e-babf553623c1","CREATEDDATE":1520794199000,"LASTUPDATE":1643920901000}},{"type":"Feature","id":28,"geometry":{"type":"Point","coordinates":[-89.2167667476822,48.4363420859109]},"properties":{"OBJECTID":28,"LOC_ID":"PC0400","FDMID":2123,"X_COORD":336044.16329,"Y_COORD":5367172.14526,"BEAT":"N7","ROT_ANGLE":0,"NODE_ID":4587,"GLOBALID":"843962db-2967-448f-b4d6-82b7d5063fd9","CREATEDDATE":1520794199000,"LASTUPDATE":1643920901000}},{"type":"Feature","id":29,"geometry":{"type":"Point","coordinates":[-89.270935167815,48.4338787768991]},"properties":{"OBJECTID":29,"LOC_ID":"PC1019","FDMID":2733,"X_COORD":332029.84419,"Y_COORD":5367015.83115,"BEAT":"N 4","ROT_ANGLE":0,"NODE_ID":4210,"GLOBALID":"c6e2dc02-7a99-4e3e-ba5b-f74af9613de5","CREATEDDATE":1520794199000,"LASTUPDATE":1643920901000}},{"type":"Feature","id":30,"geometry":{"type":"Point","coordinates":[-89.2381399920676,48.431313412011]},"properties":{"OBJECTID":30,"LOC_ID":"PC0493","FDMID":2215,"X_COORD":334447.09808,"Y_COORD":5366659.23595,"BEAT":"N 6","ROT_ANGLE":0,"NODE_ID":108,"GLOBALID":"3511c537-661b-4156-83a4-294a989d1ac6","CREATEDDATE":1520794199000,"LASTUPDATE":1643920901000}},{"type":"Feature","id":31,"geometry":{"type":"Point","coordinates":[-89.2473654345114,48.4240001747199]},"properties":{"OBJECTID":31,"LOC_ID":"PC0952","FDMID":2668,"X_COORD":333740.86729,"Y_COORD":5365866.40779,"BEAT":"N 3","ROT_ANGLE":0,"NODE_ID":607,"GLOBALID":"ae028b72-8cfd-4ed5-bd8b-ff8449fe5032","CREATEDDATE":1520794199000,"LASTUPDATE":1643920901000}},{"type":"Feature","id":32,"geometry":{"type":"Point","coordinates":[-89.2515830787364,48.4259564773539]},"properties":{"OBJECTID":32,"LOC_ID":"PP0074","FDMID":2941,"X_COORD":333435.25603,"Y_COORD":5366093.01054,"BEAT":"N 3","ROT_ANGLE":0,"NODE_ID":5351,"GLOBALID":"afcb9fbc-f946-421c-be50-4e2a928db758","CREATEDDATE":1520794199000,"LASTUPDATE":1643920902000}},{"type":"Feature","id":33,"geometry":{"type":"Point","coordinates":[-89.2601108671033,48.4226507649866]},"properties":{"OBJECTID":33,"LOC_ID":"PP0209","FDMID":3642,"X_COORD":332793.58102,"Y_COORD":5365744.1939,"BEAT":"N 1","ROT_ANGLE":0,"NODE_ID":150,"GLOBALID":"8db1c275-90ed-40a9-824b-60b658613d1b","CREATEDDATE":1520794199000,"LASTUPDATE":1643920902000}},{"type":"Feature","id":34,"geometry":{"type":"Point","coordinates":[-89.2439010584416,48.4109686281905]},"properties":{"OBJECTID":34,"LOC_ID":"PC1213","FDMID":0,"X_COORD":333954.69872,"Y_COORD":5364410.5171,"BEAT":"N 2","ROT_ANGLE":0,"NODE_ID":10325,"GLOBALID":"b0f18b49-8ab9-4e71-b94a-30f4425e4e81","CREATEDDATE":1520794199000,"LASTUPDATE":1643920902000}},{"type":"Feature","id":35,"geometry":{"type":"Point","coordinates":[-89.2272891857228,48.4080127037072]},"properties":{"OBJECTID":35,"LOC_ID":"PP0192","FDMID":3351,"X_COORD":335182.02083,"Y_COORD":5364049.12958,"BEAT":"N 14","ROT_ANGLE":0,"NODE_ID":4231,"GLOBALID":"147bdb0b-8b59-417d-a209-cab4527a614e","CREATEDDATE":1520794199000,"LASTUPDATE":1643920902000}},{"type":"Feature","id":36,"geometry":{"type":"Point","coordinates":[-89.2731784758463,48.3990962638924]},"properties":{"OBJECTID":36,"LOC_ID":"FC0968","FDMID":959,"X_COORD":331742.18876,"Y_COORD":5363152.80932,"BEAT":"S 4","ROT_ANGLE":0,"NODE_ID":4504,"GLOBALID":"ef159c9f-e19f-46e4-8d98-2a4ba01a7d38","CREATEDDATE":1520794199000,"LASTUPDATE":1643920902000}},{"type":"Feature","id":37,"geometry":{"type":"Point","coordinates":[-89.2751679069564,48.3961571468559]},"properties":{"OBJECTID":37,"LOC_ID":"FC0963","FDMID":954,"X_COORD":331592.80226,"Y_COORD":5362834.17764,"BEAT":"S 4","ROT_ANGLE":0,"NODE_ID":6045,"GLOBALID":"93adbfa3-7d71-4e0e-99f9-c65a17f6cca6","CREATEDDATE":1520794199000,"LASTUPDATE":1673401101000}},{"type":"Feature","id":38,"geometry":{"type":"Point","coordinates":[-89.2354392509952,48.3961129682653]},"properties":{"OBJECTID":38,"LOC_ID":"FC0054","FDMID":33,"X_COORD":334532.61718,"Y_COORD":5362741.08913,"BEAT":"S 11","ROT_ANGLE":0,"NODE_ID":8265,"GLOBALID":"951abe40-2c7d-42a4-a105-7b0c825733b1","CREATEDDATE":1520794199000,"LASTUPDATE":1643920902000}},{"type":"Feature","id":39,"geometry":{"type":"Point","coordinates":[-89.2916310903926,48.393864137898]},"properties":{"OBJECTID":39,"LOC_ID":"FC0917","FDMID":908,"X_COORD":330366.03593,"Y_COORD":5362614.10238,"BEAT":"S 1","ROT_ANGLE":0,"NODE_ID":7631,"GLOBALID":"861fbfeb-aebe-4fa6-a9d5-9d387fc238db","CREATEDDATE":1520794199000,"LASTUPDATE":1643920902000}},{"type":"Feature","id":40,"geometry":{"type":"Point","coordinates":[-89.3557768189022,48.3920853111668]},"properties":{"OBJECTID":40,"LOC_ID":"NC0424","FDMID":1598,"X_COORD":325612.00047,"Y_COORD":5362560.49905,"BEAT":"S 13","ROT_ANGLE":0,"NODE_ID":653,"GLOBALID":"91cc0c3d-5dcf-43de-be04-5eb1522ede56","CREATEDDATE":1520794199000,"LASTUPDATE":1643920902000}},{"type":"Feature","id":41,"geometry":{"type":"Point","coordinates":[-89.2128055341057,48.3789178748195]},"properties":{"OBJECTID":41,"LOC_ID":"FP0026","FDMID":3292,"X_COORD":336152.65789,"Y_COORD":5360781.31134,"BEAT":"S 12","ROT_ANGLE":0,"NODE_ID":565,"GLOBALID":"a7fc58ee-e74d-46ac-aa19-b528e6696780","CREATEDDATE":1520794199000,"LASTUPDATE":1643920902000}},{"type":"Feature","id":42,"geometry":{"type":"Point","coordinates":[-89.2498928651307,48.3890985024665]},"properties":{"OBJECTID":42,"LOC_ID":"FC0412","FDMID":406,"X_COORD":333441.28713,"Y_COORD":5361992.817,"BEAT":"S 9","ROT_ANGLE":0,"NODE_ID":10286,"GLOBALID":"b718fddf-a953-4bf5-a4a3-2dafebf8d8bb","CREATEDDATE":1520794199000,"LASTUPDATE":1643920902000}},{"type":"Feature","id":43,"geometry":{"type":"Point","coordinates":[-89.2699983313157,48.3869777495397]},"properties":{"OBJECTID":43,"LOC_ID":"FP0080","FDMID":0,"X_COORD":331944.60131,"Y_COORD":5361801.0323,"BEAT":null,"ROT_ANGLE":0,"NODE_ID":5224,"GLOBALID":"665897a6-f4fc-410c-9be6-3e863c2d6c08","CREATEDDATE":1520794199000,"LASTUPDATE":1643920902000}},{"type":"Feature","id":44,"geometry":{"type":"Point","coordinates":[-89.2954602726372,48.3872176849356]},"properties":{"OBJECTID":44,"LOC_ID":"FC1066","FDMID":1057,"X_COORD":330060.4838,"Y_COORD":5361883.88337,"BEAT":"S 1","ROT_ANGLE":0,"NODE_ID":1388,"GLOBALID":"c176076e-8912-4a75-9d9b-8fa71e27b7aa","CREATEDDATE":1520794199000,"LASTUPDATE":1643920902000}},{"type":"Feature","id":45,"geometry":{"type":"Point","coordinates":[-89.3074994473324,48.3868255966334]},"properties":{"OBJECTID":45,"LOC_ID":"NC0583","FDMID":3613,"X_COORD":329167.93109,"Y_COORD":5361867.08183,"BEAT":"S 13","ROT_ANGLE":0,"NODE_ID":3979,"GLOBALID":"41e6ebc6-f654-4aa3-97d4-36808cce4e74","CREATEDDATE":1520794199000,"LASTUPDATE":1643920902000}},{"type":"Feature","id":46,"geometry":{"type":"Point","coordinates":[-89.2429336802867,48.3870047796768]},"properties":{"OBJECTID":46,"LOC_ID":"FC0183","FDMID":179,"X_COORD":333948.26211,"Y_COORD":5361744.99646,"BEAT":"S 11","ROT_ANGLE":0,"NODE_ID":4871,"GLOBALID":"40df12cd-8626-40a0-a8cb-18db30b79324","CREATEDDATE":1520794199000,"LASTUPDATE":1643920902000}},{"type":"Feature","id":47,"geometry":{"type":"Point","coordinates":[-89.2861383985033,48.385932050555]},"properties":{"OBJECTID":47,"LOC_ID":"FC0859","FDMID":850,"X_COORD":330746.30012,"Y_COORD":5361720.35211,"BEAT":"S 5","ROT_ANGLE":0,"NODE_ID":8261,"GLOBALID":"d443d469-22dc-4ae4-9290-726175eaf54a","CREATEDDATE":1520794199000,"LASTUPDATE":1643920902000}},{"type":"Feature","id":48,"geometry":{"type":"Point","coordinates":[-89.244064531954,48.3853797499081]},"properties":{"OBJECTID":48,"LOC_ID":"FC0505","FDMID":497,"X_COORD":333872.8015,"Y_COORD":5361566.46359,"BEAT":"S 10","ROT_ANGLE":0,"NODE_ID":5083,"GLOBALID":"e29bdb12-899b-491d-9362-01ca84ea5f61","CREATEDDATE":1520794199000,"LASTUPDATE":1643920902000}},{"type":"Feature","id":49,"geometry":{"type":"Point","coordinates":[-89.3096294987148,48.3820191967046]},"properties":{"OBJECTID":49,"LOC_ID":"NP0018","FDMID":3277,"X_COORD":328994.14345,"Y_COORD":5361337.63415,"BEAT":"S 13","ROT_ANGLE":0,"NODE_ID":3848,"GLOBALID":"e9ab33f8-32a5-4d7c-93cc-ef7de0859c82","CREATEDDATE":1520794199000,"LASTUPDATE":1643920902000}},{"type":"Feature","id":50,"geometry":{"type":"Point","coordinates":[-89.3828521230033,48.3806394260067]},"properties":{"OBJECTID":50,"LOC_ID":"NC0275","FDMID":1451,"X_COORD":323568.30255,"Y_COORD":5361350.37297,"BEAT":"S 13","ROT_ANGLE":0,"NODE_ID":5680,"GLOBALID":"4105b5a6-134d-4e62-b3c1-1be43c1f720e","CREATEDDATE":1520794199000,"LASTUPDATE":1643920902000}},{"type":"Feature","id":51,"geometry":{"type":"Point","coordinates":[-89.3023707697694,48.3821674425661]},"properties":{"OBJECTID":51,"LOC_ID":"FC0827","FDMID":818,"X_COORD":329532.04757,"Y_COORD":5361337.93214,"BEAT":"S 2","ROT_ANGLE":0,"NODE_ID":10412,"GLOBALID":"6d2e08f8-9789-4fef-b81f-d3d0b617b226","CREATEDDATE":1520794199000,"LASTUPDATE":1643920902000}},{"type":"Feature","id":52,"geometry":{"type":"Point","coordinates":[-89.2606263942456,48.3832255445147]},"properties":{"OBJECTID":52,"LOC_ID":"FC0640","FDMID":632,"X_COORD":332626.08815,"Y_COORD":5361363.473,"BEAT":"S 8","ROT_ANGLE":0,"NODE_ID":3693,"GLOBALID":"c5a7f6de-b9d8-420d-a7ee-d1ae5c993b98","CREATEDDATE":1520794199000,"LASTUPDATE":1643920902000}},{"type":"Feature","id":53,"geometry":{"type":"Point","coordinates":[-89.3681314513775,48.3806727679335]},"properties":{"OBJECTID":53,"LOC_ID":"NC0267","FDMID":1443,"X_COORD":324658.29576,"Y_COORD":5361320.28196,"BEAT":"S 13","ROT_ANGLE":0,"NODE_ID":9153,"GLOBALID":"7d782279-0d20-4b90-8314-df4f1828c396","CREATEDDATE":1520794199000,"LASTUPDATE":1643920902000}},{"type":"Feature","id":54,"geometry":{"type":"Point","coordinates":[-89.2996005697772,48.3806650812963]},"properties":{"OBJECTID":54,"LOC_ID":"FC0053","FDMID":32,"X_COORD":329732.1295,"Y_COORD":5361164.79575,"BEAT":"S 2","ROT_ANGLE":338.2,"NODE_ID":8777,"GLOBALID":"04faca26-190b-473a-b8b6-b03d7aade364","CREATEDDATE":1520794199000,"LASTUPDATE":1643920902000}},{"type":"Feature","id":55,"geometry":{"type":"Point","coordinates":[-89.313299577411,48.3718579774642]},"properties":{"OBJECTID":55,"LOC_ID":"NP0004","FDMID":3265,"X_COORD":328688.32533,"Y_COORD":5360216.48958,"BEAT":"S 13","ROT_ANGLE":0,"NODE_ID":9830,"GLOBALID":"caaeca5c-6d52-4ad4-81de-76df3ca6b300","CREATEDDATE":1520794199000,"LASTUPDATE":1643920902000}},{"type":"Feature","id":56,"geometry":{"type":"Point","coordinates":[-89.3607561930333,48.3784546683867]},"properties":{"OBJECTID":56,"LOC_ID":"NC0046","FDMID":1224,"X_COORD":325196.74159,"Y_COORD":5361056.90327,"BEAT":"S 13","ROT_ANGLE":0,"NODE_ID":3215,"GLOBALID":"6406602a-0d85-44c5-b139-ff661e5d5ae7","CREATEDDATE":1520794199000,"LASTUPDATE":1643920902000}},{"type":"Feature","id":57,"geometry":{"type":"Point","coordinates":[-89.3854280147348,48.3747769241295]},"properties":{"OBJECTID":57,"LOC_ID":"NC0398","FDMID":1573,"X_COORD":323357.30709,"Y_COORD":5360704.73585,"BEAT":"S 14","ROT_ANGLE":0,"NODE_ID":1512,"GLOBALID":"23737e9c-6803-47a9-93f5-9edbf16bffe3","CREATEDDATE":1520794199000,"LASTUPDATE":1643920902000}},{"type":"Feature","id":58,"geometry":{"type":"Point","coordinates":[-89.250898400841,48.376167659831]},"properties":{"OBJECTID":58,"LOC_ID":"FC0451","FDMID":443,"X_COORD":333323.23759,"Y_COORD":5360557.81898,"BEAT":"S 10","ROT_ANGLE":0,"NODE_ID":412,"GLOBALID":"102cf542-2839-4d21-8101-e5f90ee8c40e","CREATEDDATE":1520794199000,"LASTUPDATE":1643920902000}},{"type":"Feature","id":59,"geometry":{"type":"Point","coordinates":[-89.2653449509161,48.3741923016284]},"properties":{"OBJECTID":59,"LOC_ID":"FC0523","FDMID":515,"X_COORD":332247.05737,"Y_COORD":5360369.80849,"BEAT":"S 8","ROT_ANGLE":0,"NODE_ID":6235,"GLOBALID":"68e8ee62-352a-49c6-95d3-2dce9f48b116","CREATEDDATE":1520794199000,"LASTUPDATE":1643920902000}},{"type":"Feature","id":60,"geometry":{"type":"Point","coordinates":[-89.2688368049227,48.3728810998961]},"properties":{"OBJECTID":60,"LOC_ID":"FC0418","FDMID":412,"X_COORD":331984.18147,"Y_COORD":5360231.7313,"BEAT":"S 8","ROT_ANGLE":0,"NODE_ID":3858,"GLOBALID":"47068609-6986-4e35-b345-a9e1284f904a","CREATEDDATE":1520794199000,"LASTUPDATE":1643920902000}},{"type":"Feature","id":61,"geometry":{"type":"Point","coordinates":[-89.2455746898482,48.3701352699079]},"properties":{"OBJECTID":61,"LOC_ID":"FP0040","FDMID":3302,"X_COORD":333697.77583,"Y_COORD":5359875.7907,"BEAT":"S 12","ROT_ANGLE":0,"NODE_ID":8819,"GLOBALID":"bd651391-f579-4628-91c5-aa9003c010a9","CREATEDDATE":1520794199000,"LASTUPDATE":1643920902000}},{"type":"Feature","id":62,"geometry":{"type":"Point","coordinates":[-89.2531350494953,48.3715378225475]},"properties":{"OBJECTID":62,"LOC_ID":"FC0232","FDMID":3262,"X_COORD":333139.92879,"Y_COORD":5360048.29322,"BEAT":"S 8","ROT_ANGLE":0,"NODE_ID":301,"GLOBALID":"191d9856-c698-4278-9594-6e0b8ddb1801","CREATEDDATE":1520794199000,"LASTUPDATE":1643920902000}},{"type":"Feature","id":63,"geometry":{"type":"Point","coordinates":[-89.3548482708142,48.3658773941134]},"properties":{"OBJECTID":63,"LOC_ID":"NP0045","FDMID":1714,"X_COORD":325591.21276,"Y_COORD":5359645.55863,"BEAT":"S 15","ROT_ANGLE":0,"NODE_ID":6121,"GLOBALID":"9bd821a3-e979-4be9-a68a-9d5789bf83eb","CREATEDDATE":1520794199000,"LASTUPDATE":1643920902000}},{"type":"Feature","id":64,"geometry":{"type":"Point","coordinates":[-89.2725527711232,48.3682645545551]},"properties":{"OBJECTID":64,"LOC_ID":"FC0096","FDMID":89,"X_COORD":331693.8045,"Y_COORD":5359726.79665,"BEAT":"S 6","ROT_ANGLE":0,"NODE_ID":8463,"GLOBALID":"87ce9ff7-5752-4d37-acf0-748526e3f005","CREATEDDATE":1520794199000,"LASTUPDATE":1643920902000}},{"type":"Feature","id":65,"geometry":{"type":"Point","coordinates":[-89.3163355648269,48.3625868400118]},"properties":{"OBJECTID":65,"LOC_ID":"NC0183","FDMID":1360,"X_COORD":328433.8854,"Y_COORD":5359198.92977,"BEAT":"S 15","ROT_ANGLE":0,"NODE_ID":9336,"GLOBALID":"aa2876ee-f235-48c2-8ee6-6ae2398a97ff","CREATEDDATE":1520794199000,"LASTUPDATE":1643920903000}},{"type":"Feature","id":66,"geometry":{"type":"Point","coordinates":[-89.2879118951023,48.3634593705286]},"properties":{"OBJECTID":66,"LOC_ID":"FC0810","FDMID":801,"X_COORD":330540.44335,"Y_COORD":5359226.58929,"BEAT":"S 6","ROT_ANGLE":0,"NODE_ID":8573,"GLOBALID":"1c119ead-26b5-4e00-b128-cae9fd59a754","CREATEDDATE":1520794199000,"LASTUPDATE":1643920903000}},{"type":"Feature","id":67,"geometry":{"type":"Point","coordinates":[-89.2933711669414,48.3587218098307]},"properties":{"OBJECTID":67,"LOC_ID":"FP0042","FDMID":1163,"X_COORD":330120.3599,"Y_COORD":5358712.13066,"BEAT":"S 3","ROT_ANGLE":0,"NODE_ID":6179,"GLOBALID":"11e5d946-7050-4086-8bb2-bc7b7ce09ca7","CREATEDDATE":1520794199000,"LASTUPDATE":1643920903000}},{"type":"Feature","id":68,"geometry":{"type":"Point","coordinates":[-89.3609143696864,48.3596435093894]},"properties":{"OBJECTID":68,"LOC_ID":"NC0235","FDMID":1411,"X_COORD":325120.62357,"Y_COORD":5358966.53578,"BEAT":"S 15","ROT_ANGLE":0,"NODE_ID":6309,"GLOBALID":"d12bd9b9-e488-488a-9511-0118d3a80416","CREATEDDATE":1520794199000,"LASTUPDATE":1643920903000}},{"type":"Feature","id":69,"geometry":{"type":"Point","coordinates":[-89.306057939445,48.3437494588101]},"properties":{"OBJECTID":69,"LOC_ID":"NC0282","FDMID":1458,"X_COORD":329130.60604,"Y_COORD":5357076.26404,"BEAT":"S 17","ROT_ANGLE":0,"NODE_ID":2436,"GLOBALID":"141f4c75-2ba9-4e9b-818e-3868d5a6dab6","CREATEDDATE":1520794199000,"LASTUPDATE":1643920903000}},{"type":"Feature","id":70,"geometry":{"type":"Point","coordinates":[-89.3359743794028,48.350953312422]},"properties":{"OBJECTID":70,"LOC_ID":"NC0311","FDMID":1487,"X_COORD":326938.44655,"Y_COORD":5357944.05361,"BEAT":"S 16","ROT_ANGLE":0,"NODE_ID":6230,"GLOBALID":"fd113b18-a393-46ee-8e62-a329e6cd98e5","CREATEDDATE":1520794199000,"LASTUPDATE":1643920903000}},{"type":"Feature","id":71,"geometry":{"type":"Point","coordinates":[-89.3453564017437,48.3169191148234]},"properties":{"OBJECTID":71,"LOC_ID":"NC0366","FDMID":1541,"X_COORD":326127.69301,"Y_COORD":5354182.66071,"BEAT":"S 17","ROT_ANGLE":0,"NODE_ID":2769,"GLOBALID":"50c655f7-6a41-433c-98ef-9a77c8ec4795","CREATEDDATE":1520794199000,"LASTUPDATE":1643920903000}},{"type":"Feature","id":72,"geometry":{"type":"Point","coordinates":[-89.3572789135687,48.3215381106698]},"properties":{"OBJECTID":72,"LOC_ID":"NC0502","FDMID":1675,"X_COORD":325259.65666,"Y_COORD":5354723.12765,"BEAT":"S 16","ROT_ANGLE":0,"NODE_ID":5910,"GLOBALID":"54a35c8c-59ee-4727-a91c-a56c0b2c5d4a","CREATEDDATE":1520794199000,"LASTUPDATE":1643920903000}},{"type":"Feature","id":73,"geometry":{"type":"Point","coordinates":[-89.341830082062,48.3142192600771]},"properties":{"OBJECTID":73,"LOC_ID":"NC0370","FDMID":1545,"X_COORD":326379.9357,"Y_COORD":5353874.6049,"BEAT":"S 17","ROT_ANGLE":0,"NODE_ID":1284,"GLOBALID":"0b68d847-14ff-4ae3-817e-18b4ad9366d5","CREATEDDATE":1520794199000,"LASTUPDATE":1643920903000}},{"type":"Feature","id":74,"geometry":{"type":"Point","coordinates":[-89.1850043477129,48.4726190416933]},"properties":{"OBJECTID":74,"LOC_ID":"PC0072","FDMID":1796,"X_COORD":338508.37731,"Y_COORD":5371136.61093,"BEAT":"N 11","ROT_ANGLE":0,"NODE_ID":9338,"GLOBALID":"94170732-153e-4414-b187-25f428ea2428","CREATEDDATE":1520794199000,"LASTUPDATE":1644262524000}},{"type":"Feature","id":75,"geometry":{"type":"Point","coordinates":[-89.19340211122,48.4624763675239]},"properties":{"OBJECTID":75,"LOC_ID":"PC0399","FDMID":2122,"X_COORD":337855.40579,"Y_COORD":5370027.06546,"BEAT":"N 11","ROT_ANGLE":0,"NODE_ID":5165,"GLOBALID":"f6631a37-f70a-4f1d-b127-9dc3ca61ea4b","CREATEDDATE":1520794199000,"LASTUPDATE":1643920903000}},{"type":"Feature","id":76,"geometry":{"type":"Point","coordinates":[-89.2779561514256,48.4623001275629]},"properties":{"OBJECTID":76,"LOC_ID":"MC0325","FDMID":3629,"X_COORD":331604.60156,"Y_COORD":5370190.12799,"BEAT":"N 15","ROT_ANGLE":0,"NODE_ID":7505,"GLOBALID":"eadfc180-86d8-4a38-8260-6f266a7ce64e","CREATEDDATE":1520794199000,"LASTUPDATE":1643920903000}},{"type":"Feature","id":77,"geometry":{"type":"Point","coordinates":[-89.2507017071642,48.4617556027831]},"properties":{"OBJECTID":77,"LOC_ID":"MC0071","FDMID":3068,"X_COORD":333617.45839,"Y_COORD":5370069.98078,"BEAT":"N 12","ROT_ANGLE":0,"NODE_ID":7935,"GLOBALID":"418fffd7-676f-418a-9322-14c4969235e1","CREATEDDATE":1520794199000,"LASTUPDATE":1643920903000}},{"type":"Feature","id":78,"geometry":{"type":"Point","coordinates":[-89.2185490272392,48.4602020756635]},"properties":{"OBJECTID":78,"LOC_ID":"PC0255","FDMID":1978,"X_COORD":335989.20649,"Y_COORD":5369827.89259,"BEAT":"N 9","ROT_ANGLE":0,"NODE_ID":3892,"GLOBALID":"09dbf963-c70b-49c8-b589-13af8dca3092","CREATEDDATE":1520794199000,"LASTUPDATE":1643920903000}},{"type":"Feature","id":79,"geometry":{"type":"Point","coordinates":[-89.1893235678072,48.4578524759207]},"properties":{"OBJECTID":79,"LOC_ID":"PC0001","FDMID":1725,"X_COORD":338142.18518,"Y_COORD":5369504.50469,"BEAT":"N 11","ROT_ANGLE":0,"NODE_ID":10497,"GLOBALID":"76d751bc-b59b-40e4-b548-231c2db7d625","CREATEDDATE":1520794199000,"LASTUPDATE":1643920903000}},{"type":"Feature","id":80,"geometry":{"type":"Point","coordinates":[-89.2810415061635,48.4541761888504]},"properties":{"OBJECTID":80,"LOC_ID":"MC0272","FDMID":3426,"X_COORD":331349.61788,"Y_COORD":5369293.99589,"BEAT":"N 15","ROT_ANGLE":0,"NODE_ID":8650,"GLOBALID":"4c935328-3c6f-4a8c-8e9a-5476c405d8bb","CREATEDDATE":1520794199000,"LASTUPDATE":1643920903000}},{"type":"Feature","id":81,"geometry":{"type":"Point","coordinates":[-89.2290186606783,48.4546944271223]},"properties":{"OBJECTID":81,"LOC_ID":"PC0222","FDMID":1945,"X_COORD":335197.42409,"Y_COORD":5369238.24549,"BEAT":"N 8","ROT_ANGLE":0,"NODE_ID":5189,"GLOBALID":"d74a0e0a-4b10-4514-af9b-2c55610aaab4","CREATEDDATE":1520794199000,"LASTUPDATE":1644349746000}},{"type":"Feature","id":82,"geometry":{"type":"Point","coordinates":[-89.2195333053704,48.4547405995228]},"properties":{"OBJECTID":82,"LOC_ID":"PC0208","FDMID":1931,"X_COORD":335898.27862,"Y_COORD":5369223.26309,"BEAT":"N 9","ROT_ANGLE":0,"NODE_ID":10259,"GLOBALID":"39c66925-80c9-4a83-a44e-d2d6086a4c5b","CREATEDDATE":1520794199000,"LASTUPDATE":1643920903000}},{"type":"Feature","id":83,"geometry":{"type":"Point","coordinates":[-89.2126572978526,48.4502413415546]},"properties":{"OBJECTID":83,"LOC_ID":"PC0127","FDMID":1850,"X_COORD":336392.73238,"Y_COORD":5368708.18392,"BEAT":"N 10","ROT_ANGLE":0,"NODE_ID":239,"GLOBALID":"9e4eff2f-3ffb-45f4-9798-b35daa103618","CREATEDDATE":1520794199000,"LASTUPDATE":1643920903000}},{"type":"Feature","id":84,"geometry":{"type":"Point","coordinates":[-89.1929499580894,48.4512935252856]},"properties":{"OBJECTID":84,"LOC_ID":"PC0174","FDMID":1897,"X_COORD":337912.61053,"Y_COORD":5368748.68363,"BEAT":"N 10","ROT_ANGLE":0,"NODE_ID":7899,"GLOBALID":"bda134cc-29cf-4082-8e66-9b560e15e655","CREATEDDATE":1520794199000,"LASTUPDATE":1643920904000}},{"type":"Feature","id":85,"geometry":{"type":"Point","coordinates":[-89.2281903002615,48.4493671214925]},"properties":{"OBJECTID":85,"LOC_ID":"PC0233","FDMID":1956,"X_COORD":335241.42512,"Y_COORD":5368644.35493,"BEAT":"N 8","ROT_ANGLE":0,"NODE_ID":1932,"GLOBALID":"8c1663f3-e757-4ac1-a663-77c05055decc","CREATEDDATE":1520794199000,"LASTUPDATE":1643920904000}},{"type":"Feature","id":86,"geometry":{"type":"Point","coordinates":[-89.2218214448483,48.4484984974631]},"properties":{"OBJECTID":86,"LOC_ID":"PC0799","FDMID":2516,"X_COORD":335709.53187,"Y_COORD":5368534.1139,"BEAT":"N 9","ROT_ANGLE":0,"NODE_ID":5318,"GLOBALID":"ec8f0ef1-c738-4ee5-ba6a-8e978df14ee3","CREATEDDATE":1520794199000,"LASTUPDATE":1644349557000}},{"type":"Feature","id":87,"geometry":{"type":"Point","coordinates":[-89.249821728003,48.4451106845211]},"properties":{"OBJECTID":87,"LOC_ID":"PC0850","FDMID":2566,"X_COORD":333628.10697,"Y_COORD":5368218.08395,"BEAT":"N 4","ROT_ANGLE":0,"NODE_ID":7908,"GLOBALID":"94850af8-87c6-44c2-86a4-bb7615972ac7","CREATEDDATE":1520794199000,"LASTUPDATE":1644364042000}},{"type":"Feature","id":88,"geometry":{"type":"Point","coordinates":[-89.246417153815,48.444751556716]},"properties":{"OBJECTID":88,"LOC_ID":"PC0635","FDMID":2354,"X_COORD":333878.68975,"Y_COORD":5368170.77234,"BEAT":"N 8","ROT_ANGLE":0,"NODE_ID":10208,"GLOBALID":"8efe4ab5-0191-44d0-8016-63ef1a258a12","CREATEDDATE":1520794199000,"LASTUPDATE":1644363324000}},{"type":"Feature","id":89,"geometry":{"type":"Point","coordinates":[-89.2231554142918,48.4438148037737]},"properties":{"OBJECTID":89,"LOC_ID":"PC0348","FDMID":2071,"X_COORD":335597.54851,"Y_COORD":5368016.34187,"BEAT":"N 6","ROT_ANGLE":0,"NODE_ID":6565,"GLOBALID":"faa26b23-c6f3-4438-8ea8-64a65edefcba","CREATEDDATE":1520794199000,"LASTUPDATE":1643920904000}},{"type":"Feature","id":90,"geometry":{"type":"Point","coordinates":[-89.2246109229301,48.4430578549893]},"properties":{"OBJECTID":90,"LOC_ID":"PC0346","FDMID":2069,"X_COORD":335462.33084,"Y_COORD":5367953.23941,"BEAT":"N 6","ROT_ANGLE":0,"NODE_ID":2937,"GLOBALID":"f4153b46-50da-499b-b666-f32a29e21e45","CREATEDDATE":1520794199000,"LASTUPDATE":1643920904000}},{"type":"Feature","id":91,"geometry":{"type":"Point","coordinates":[-89.244475622591,48.4409483791015]},"properties":{"OBJECTID":91,"LOC_ID":"PC0508","FDMID":2229,"X_COORD":334009.86467,"Y_COORD":5367743.8547,"BEAT":"N 8","ROT_ANGLE":0,"NODE_ID":7918,"GLOBALID":"388e5809-020e-47d8-8f01-3d1c7478cec6","CREATEDDATE":1520794199000,"LASTUPDATE":1643920904000}},{"type":"Feature","id":92,"geometry":{"type":"Point","coordinates":[-89.2322982207182,48.4392477076734]},"properties":{"OBJECTID":92,"LOC_ID":"PC0473","FDMID":2195,"X_COORD":334877.10844,"Y_COORD":5367505.47032,"BEAT":"N 6","ROT_ANGLE":0,"NODE_ID":3835,"GLOBALID":"e5b529c1-81f7-474a-b895-ca17e0e91536","CREATEDDATE":1520794199000,"LASTUPDATE":1643920904000}},{"type":"Feature","id":93,"geometry":{"type":"Point","coordinates":[-89.2670984335668,48.4356705775479]},"properties":{"OBJECTID":93,"LOC_ID":"PC1123","FDMID":2837,"X_COORD":332319.50639,"Y_COORD":5367206.57163,"BEAT":"N 4","ROT_ANGLE":0,"NODE_ID":163,"GLOBALID":"786f0f6d-a7a2-4a05-b477-f36df2aef71a","CREATEDDATE":1520794199000,"LASTUPDATE":1643920904000}},{"type":"Feature","id":94,"geometry":{"type":"Point","coordinates":[-89.2353466703394,48.4346375105628]},"properties":{"OBJECTID":94,"LOC_ID":"PC0486","FDMID":2208,"X_COORD":334664.49328,"Y_COORD":5367022.65637,"BEAT":"N 6","ROT_ANGLE":0,"NODE_ID":3576,"GLOBALID":"23d35f51-3502-4bcf-aef9-cf2c6a42ed01","CREATEDDATE":1520794199000,"LASTUPDATE":1643920904000}},{"type":"Feature","id":95,"geometry":{"type":"Point","coordinates":[-89.2293476041298,48.4335331380875]},"properties":{"OBJECTID":95,"LOC_ID":"PC0455","FDMID":2177,"X_COORD":335104.61436,"Y_COORD":5366886.96561,"BEAT":"N 6","ROT_ANGLE":0,"NODE_ID":7268,"GLOBALID":"80630201-e513-4cb5-bd19-4b346e6d2a54","CREATEDDATE":1520794199000,"LASTUPDATE":1644362312000}},{"type":"Feature","id":96,"geometry":{"type":"Point","coordinates":[-89.2448802106456,48.4331749537287]},"properties":{"OBJECTID":96,"LOC_ID":"PC0595","FDMID":2314,"X_COORD":333954.61961,"Y_COORD":5366880.7443,"BEAT":"N 5","ROT_ANGLE":0,"NODE_ID":701,"GLOBALID":"bbee9ee2-a7fa-48f3-bbcd-e7865b8f76c4","CREATEDDATE":1520794199000,"LASTUPDATE":1644362741000}},{"type":"Feature","id":97,"geometry":{"type":"Point","coordinates":[-89.2481627211396,48.4309267302796]},"properties":{"OBJECTID":97,"LOC_ID":"PC0619","FDMID":2338,"X_COORD":333704.49379,"Y_COORD":5366637.99537,"BEAT":"N 5","ROT_ANGLE":0,"NODE_ID":1819,"GLOBALID":"e01ad23c-e0d1-4402-bd2b-ed7211f22fce","CREATEDDATE":1520794199000,"LASTUPDATE":1644362233000}},{"type":"Feature","id":98,"geometry":{"type":"Point","coordinates":[-89.2509225770383,48.4238236925697]},"properties":{"OBJECTID":98,"LOC_ID":"PC0971","FDMID":2685,"X_COORD":333477.14607,"Y_COORD":5365854.52581,"BEAT":"N 3","ROT_ANGLE":0,"NODE_ID":7314,"GLOBALID":"5a878a56-e4a9-4031-8d56-6513dafd97dd","CREATEDDATE":1520794199000,"LASTUPDATE":1643920905000}},{"type":"Feature","id":99,"geometry":{"type":"Point","coordinates":[-89.2704585676996,48.4223544278686]},"properties":{"OBJECTID":99,"LOC_ID":"PP0132","FDMID":2994,"X_COORD":332027.10652,"Y_COORD":5365733.91268,"BEAT":"N 1","ROT_ANGLE":0,"NODE_ID":3032,"GLOBALID":"a246ce5b-d83f-4c53-a55d-e1bf751e4224","CREATEDDATE":1520794199000,"LASTUPDATE":1643920905000}},{"type":"Feature","id":100,"geometry":{"type":"Point","coordinates":[-89.2605331320777,48.4134436768548]},"properties":{"OBJECTID":100,"LOC_ID":"PC0827","FDMID":2543,"X_COORD":332732.13052,"Y_COORD":5364721.81438,"BEAT":"N 1","ROT_ANGLE":0,"NODE_ID":10156,"GLOBALID":"4b51bcc3-be7b-41c7-afaa-41fec9c63d71","CREATEDDATE":1520794199000,"LASTUPDATE":1644353697000}},{"type":"Feature","id":101,"geometry":{"type":"Point","coordinates":[-89.2393807852323,48.4110028781748]},"properties":{"OBJECTID":101,"LOC_ID":"PC0727","FDMID":2444,"X_COORD":334289.28508,"Y_COORD":5364404.52516,"BEAT":"N 2","ROT_ANGLE":0,"NODE_ID":3799,"GLOBALID":"b17c1933-3efd-46e9-a394-175a6bd04516","CREATEDDATE":1520794199000,"LASTUPDATE":1643920905000}},{"type":"Feature","id":102,"geometry":{"type":"Point","coordinates":[-89.2818068485381,48.4073934562265]},"properties":{"OBJECTID":102,"LOC_ID":"PC0687","FDMID":3512,"X_COORD":331138.02799,"Y_COORD":5364096.06667,"BEAT":"N 1","ROT_ANGLE":0,"NODE_ID":3706,"GLOBALID":"2f299a6c-0c77-4466-acc9-6c17a8b15a0e","CREATEDDATE":1520794199000,"LASTUPDATE":1643920905000}},{"type":"Feature","id":103,"geometry":{"type":"Point","coordinates":[-89.2714050058322,48.40028112918]},"properties":{"OBJECTID":103,"LOC_ID":"PP0081","FDMID":2948,"X_COORD":331884.31689,"Y_COORD":5363282.6986,"BEAT":"N 1","ROT_ANGLE":0,"NODE_ID":6205,"GLOBALID":"67dd95bc-08d2-4cdf-8a6c-944180fd180e","CREATEDDATE":1520794199000,"LASTUPDATE":1643920905000}},{"type":"Feature","id":104,"geometry":{"type":"Point","coordinates":[-89.2501155446736,48.4019216239981]},"properties":{"OBJECTID":104,"LOC_ID":"PC1115","FDMID":2829,"X_COORD":333465.31734,"Y_COORD":5363418.51582,"BEAT":"N 2","ROT_ANGLE":0,"NODE_ID":7260,"GLOBALID":"b0c1aabe-08e3-4906-85f9-53e3d24a43b2","CREATEDDATE":1520794199000,"LASTUPDATE":1643920905000}},{"type":"Feature","id":105,"geometry":{"type":"Point","coordinates":[-89.259639534677,48.400142060457]},"properties":{"OBJECTID":105,"LOC_ID":"PC1038","FDMID":2752,"X_COORD":332754.64623,"Y_COORD":5363241.49771,"BEAT":"N 1","ROT_ANGLE":0,"NODE_ID":4958,"GLOBALID":"fb2f58db-8442-4ce4-ae69-b3beed17f52d","CREATEDDATE":1520794199000,"LASTUPDATE":1643920905000}},{"type":"Feature","id":106,"geometry":{"type":"Point","coordinates":[-89.2851001168034,48.4025559761243]},"properties":{"OBJECTID":106,"LOC_ID":"FC1089","FDMID":1080,"X_COORD":330878.27759,"Y_COORD":5363565.68279,"BEAT":"S 1","ROT_ANGLE":0,"NODE_ID":743,"GLOBALID":"084cff3c-662f-405e-ba87-9354f9b90f50","CREATEDDATE":1520794199000,"LASTUPDATE":1643920905000}},{"type":"Feature","id":107,"geometry":{"type":"Point","coordinates":[-89.2438013427843,48.4016214681376]},"properties":{"OBJECTID":107,"LOC_ID":"PP0098","FDMID":2962,"X_COORD":333931.62544,"Y_COORD":5363371.42846,"BEAT":"N 2","ROT_ANGLE":0,"NODE_ID":8476,"GLOBALID":"ccc36c24-d9a5-41d9-a99a-36cbde2537b2","CREATEDDATE":1520794199000,"LASTUPDATE":1643920905000}},{"type":"Feature","id":108,"geometry":{"type":"Point","coordinates":[-89.2878909457271,48.3995649266011]},"properties":{"OBJECTID":108,"LOC_ID":"FC1081","FDMID":1072,"X_COORD":330661.79862,"Y_COORD":5363239.4154,"BEAT":"S 1","ROT_ANGLE":0,"NODE_ID":2716,"GLOBALID":"136e6826-bea7-44e2-aaa7-2f556bb0fccf","CREATEDDATE":1520794199000,"LASTUPDATE":1643920905000}},{"type":"Feature","id":109,"geometry":{"type":"Point","coordinates":[-89.2258153965064,48.39686483945]},"properties":{"OBJECTID":109,"LOC_ID":"FC1184","FDMID":0,"X_COORD":335247.36636,"Y_COORD":5362803.90411,"BEAT":null,"ROT_ANGLE":0,"NODE_ID":199,"GLOBALID":"ff77d693-4db8-4e36-ab14-ea83fb97f92c","CREATEDDATE":1520794199000,"LASTUPDATE":1643920905000}},{"type":"Feature","id":110,"geometry":{"type":"Point","coordinates":[-89.24460064988,48.397823816312]},"properties":{"OBJECTID":110,"LOC_ID":"FP0073","FDMID":3643,"X_COORD":333860.10057,"Y_COORD":5362951.08004,"BEAT":"S 9","ROT_ANGLE":0,"NODE_ID":7352,"GLOBALID":"b3179b6d-4430-4f97-88c0-fcb5f264fe6e","CREATEDDATE":1520794199000,"LASTUPDATE":1643920905000}},{"type":"Feature","id":111,"geometry":{"type":"Point","coordinates":[-89.2527431280359,48.3986195591249]},"properties":{"OBJECTID":111,"LOC_ID":"FC0253","FDMID":248,"X_COORD":333260.06447,"Y_COORD":5363057.23377,"BEAT":"S 9","ROT_ANGLE":0,"NODE_ID":4366,"GLOBALID":"c628f4e3-7b09-4b59-8430-b3751863de0f","CREATEDDATE":1520794199000,"LASTUPDATE":1643920905000}},{"type":"Feature","id":112,"geometry":{"type":"Point","coordinates":[-89.2870114770273,48.3965444815228]},"properties":{"OBJECTID":112,"LOC_ID":"FC0969","FDMID":960,"X_COORD":330717.14735,"Y_COORD":5362905.74372,"BEAT":"S 4","ROT_ANGLE":0,"NODE_ID":4359,"GLOBALID":"b1a4ba7c-fd5b-432b-a9ab-c937deae95f2","CREATEDDATE":1520794199000,"LASTUPDATE":1643920906000}},{"type":"Feature","id":113,"geometry":{"type":"Point","coordinates":[-89.2493318892513,48.3921546869959]},"properties":{"OBJECTID":113,"LOC_ID":"FC1171","FDMID":3591,"X_COORD":333483.45238,"Y_COORD":5362330.737,"BEAT":"S 9","ROT_ANGLE":0,"NODE_ID":5571,"GLOBALID":"5f89a188-65ae-40ab-9557-f2cd1e8c429c","CREATEDDATE":1520794199000,"LASTUPDATE":1643920906000}},{"type":"Feature","id":114,"geometry":{"type":"Point","coordinates":[-89.2742016251891,48.3924476474641]},"properties":{"OBJECTID":114,"LOC_ID":"FC0957","FDMID":948,"X_COORD":331651.4831,"Y_COORD":5362418.20683,"BEAT":"S 4","ROT_ANGLE":0,"NODE_ID":5468,"GLOBALID":"b8170ed2-59b4-407a-9268-119d54ce970b","CREATEDDATE":1520794199000,"LASTUPDATE":1643920906000}},{"type":"Feature","id":115,"geometry":{"type":"Point","coordinates":[-89.226010567575,48.3923590541393]},"properties":{"OBJECTID":115,"LOC_ID":"FC0553","FDMID":545,"X_COORD":335218.36412,"Y_COORD":5362303.5347,"BEAT":"S 11","ROT_ANGLE":0,"NODE_ID":1907,"GLOBALID":"8421e478-a26b-4827-bf60-5b6909bf8573","CREATEDDATE":1520794199000,"LASTUPDATE":1643920906000}},{"type":"Feature","id":116,"geometry":{"type":"Point","coordinates":[-89.2293950003289,48.3911273310806]},"properties":{"OBJECTID":116,"LOC_ID":"FC0567","FDMID":559,"X_COORD":334963.85814,"Y_COORD":5362173.92446,"BEAT":"S 11","ROT_ANGLE":0,"NODE_ID":5875,"GLOBALID":"be6c6186-c8d1-45c4-8bf9-1ac5690c3a90","CREATEDDATE":1520794199000,"LASTUPDATE":1643920906000}},{"type":"Feature","id":117,"geometry":{"type":"Point","coordinates":[-89.2788917087878,48.3900128664631]},"properties":{"OBJECTID":117,"LOC_ID":"FC0800","FDMID":791,"X_COORD":331296.26518,"Y_COORD":5362157.91857,"BEAT":"S 1","ROT_ANGLE":0,"NODE_ID":6099,"GLOBALID":"3ed0b262-6a2a-47db-bbdf-9153b1f23558","CREATEDDATE":1520794199000,"LASTUPDATE":1643920906000}},{"type":"Feature","id":118,"geometry":{"type":"Point","coordinates":[-89.2467131455631,48.3847896418883]},"properties":{"OBJECTID":118,"LOC_ID":"FC0120","FDMID":113,"X_COORD":333658.28297,"Y_COORD":5361523.20727,"BEAT":"S 10","ROT_ANGLE":0,"NODE_ID":2695,"GLOBALID":"8f4e410f-7f32-4962-9db8-52169efd9676","CREATEDDATE":1520794199000,"LASTUPDATE":1643920906000}},{"type":"Feature","id":119,"geometry":{"type":"Point","coordinates":[-89.3193452082258,48.3806985937024]},"properties":{"OBJECTID":119,"LOC_ID":"NC0010","FDMID":1188,"X_COORD":328270.38306,"Y_COORD":5361212.59761,"BEAT":"S 13","ROT_ANGLE":0,"NODE_ID":10246,"GLOBALID":"fb74f9a3-5eea-4a2c-ba9c-b540dea1c8b8","CREATEDDATE":1520794199000,"LASTUPDATE":1643920906000}},{"type":"Feature","id":120,"geometry":{"type":"Point","coordinates":[-89.2551714233114,48.3774423158328]},"properties":{"OBJECTID":120,"LOC_ID":"FC0605","FDMID":597,"X_COORD":333011.01487,"Y_COORD":5360708.79575,"BEAT":"S 10","ROT_ANGLE":0,"NODE_ID":299,"GLOBALID":"6db56d10-70c9-4617-9d4d-7bb8ed67146f","CREATEDDATE":1520794199000,"LASTUPDATE":1643920906000}},{"type":"Feature","id":121,"geometry":{"type":"Point","coordinates":[-89.266319733861,48.377784596276]},"properties":{"OBJECTID":121,"LOC_ID":"FC0427","FDMID":420,"X_COORD":332186.69078,"Y_COORD":5360771.20446,"BEAT":"S 8","ROT_ANGLE":0,"NODE_ID":8897,"GLOBALID":"2d114580-9db3-457e-868a-5e079a48542e","CREATEDDATE":1520794199000,"LASTUPDATE":1643920906000}},{"type":"Feature","id":122,"geometry":{"type":"Point","coordinates":[-89.3650786523395,48.3716426867714]},"properties":{"OBJECTID":122,"LOC_ID":"NC0404","FDMID":1578,"X_COORD":324853.34088,"Y_COORD":5360309.66922,"BEAT":"S 14","ROT_ANGLE":0,"NODE_ID":6413,"GLOBALID":"29b9ec09-5a3a-4478-af46-c8a4dba643ea","CREATEDDATE":1520794199000,"LASTUPDATE":1643920906000}},{"type":"Feature","id":123,"geometry":{"type":"Point","coordinates":[-89.2615152428314,48.3742140480965]},"properties":{"OBJECTID":123,"LOC_ID":"FC0709","FDMID":700,"X_COORD":332529.05775,"Y_COORD":5360365.58474,"BEAT":"S 8","ROT_ANGLE":0,"NODE_ID":2225,"GLOBALID":"ade43838-a112-46cc-8334-114fa4cf2226","CREATEDDATE":1520794199000,"LASTUPDATE":1643920907000}},{"type":"Feature","id":124,"geometry":{"type":"Point","coordinates":[-89.3004632579011,48.3725480300836]},"properties":{"OBJECTID":124,"LOC_ID":"FC1032","FDMID":1023,"X_COORD":329641.1686,"Y_COORD":5360264.56433,"BEAT":"S 2","ROT_ANGLE":0,"NODE_ID":1390,"GLOBALID":"5b7a7eaa-cdbe-4c88-b733-231b18ab9678","CREATEDDATE":1520794199000,"LASTUPDATE":1643920907000}},{"type":"Feature","id":125,"geometry":{"type":"Point","coordinates":[-89.376998786924,48.3673717285081]},"properties":{"OBJECTID":125,"LOC_ID":"NC0442","FDMID":1615,"X_COORD":323955.93391,"Y_COORD":5359862.30154,"BEAT":"S 14","ROT_ANGLE":0,"NODE_ID":10572,"GLOBALID":"db90d4f1-6b8a-4e58-8afd-e025650f2651","CREATEDDATE":1520794199000,"LASTUPDATE":1643920907000}},{"type":"Feature","id":126,"geometry":{"type":"Point","coordinates":[-89.3522329492321,48.3640279678233]},"properties":{"OBJECTID":126,"LOC_ID":"NC0652","FDMID":1703,"X_COORD":325778.59144,"Y_COORD":5359434.05706,"BEAT":"S 15","ROT_ANGLE":0,"NODE_ID":3513,"GLOBALID":"734b5877-4477-4860-a80c-d3a7a1cb9a4f","CREATEDDATE":1520794199000,"LASTUPDATE":1643920907000}},{"type":"Feature","id":127,"geometry":{"type":"Point","coordinates":[-89.3058167905046,48.3650051746853]},"properties":{"OBJECTID":127,"LOC_ID":"FC0299","FDMID":294,"X_COORD":329219.50818,"Y_COORD":5359438.14257,"BEAT":"S 3","ROT_ANGLE":0,"NODE_ID":961,"GLOBALID":"13259529-78b9-4ff3-a0e3-c223e5f3138a","CREATEDDATE":1520794199000,"LASTUPDATE":1643920907000}},{"type":"Feature","id":128,"geometry":{"type":"Point","coordinates":[-89.2947892164723,48.3640711070607]},"properties":{"OBJECTID":128,"LOC_ID":"FC0315","FDMID":310,"X_COORD":330033.12278,"Y_COORD":5359309.81156,"BEAT":"S 3","ROT_ANGLE":0,"NODE_ID":5203,"GLOBALID":"a5885980-d553-40af-bf58-bc9472410dce","CREATEDDATE":1520794199000,"LASTUPDATE":1643920907000}},{"type":"Feature","id":129,"geometry":{"type":"Point","coordinates":[-89.3723908192616,48.3624077409219]},"properties":{"OBJECTID":129,"LOC_ID":"NC0077","FDMID":1255,"X_COORD":324280.10466,"Y_COORD":5359300.01469,"BEAT":"S 14","ROT_ANGLE":0,"NODE_ID":9979,"GLOBALID":"107a9507-464c-4d0c-91a7-df0f34687167","CREATEDDATE":1520794199000,"LASTUPDATE":1643920907000}},{"type":"Feature","id":130,"geometry":{"type":"Point","coordinates":[-89.2970104603357,48.3592129226765]},"properties":{"OBJECTID":130,"LOC_ID":"FC0738","FDMID":729,"X_COORD":329855.03535,"Y_COORD":5358776.36874,"BEAT":"S 3","ROT_ANGLE":0,"NODE_ID":6984,"GLOBALID":"8193a50f-b534-483f-8080-ded031617ed7","CREATEDDATE":1520794199000,"LASTUPDATE":1643920907000}},{"type":"Feature","id":131,"geometry":{"type":"Point","coordinates":[-89.2965775585986,48.361265418206]},"properties":{"OBJECTID":131,"LOC_ID":"FC0634","FDMID":626,"X_COORD":329891.33026,"Y_COORD":5359001.94749,"BEAT":"S 3","ROT_ANGLE":0,"NODE_ID":5550,"GLOBALID":"767ac839-3444-4362-aa40-3c55f840167d","CREATEDDATE":1520794199000,"LASTUPDATE":1643920907000}},{"type":"Feature","id":132,"geometry":{"type":"Point","coordinates":[-89.299482530264,48.3570018167184]},"properties":{"OBJECTID":132,"LOC_ID":"FC0520","FDMID":512,"X_COORD":329661.95478,"Y_COORD":5358534.53169,"BEAT":"S 3","ROT_ANGLE":0,"NODE_ID":7169,"GLOBALID":"7f7b4243-bfa3-4eb2-9e22-5451d2bdc302","CREATEDDATE":1520794199000,"LASTUPDATE":1643920907000}},{"type":"Feature","id":133,"geometry":{"type":"Point","coordinates":[-89.3463303268922,48.357124973643]},"properties":{"OBJECTID":133,"LOC_ID":"NC0117","FDMID":1296,"X_COORD":326192.26236,"Y_COORD":5358653.43217,"BEAT":"S 15","ROT_ANGLE":0,"NODE_ID":5661,"GLOBALID":"7945838f-cc90-434d-a55c-09cc956e0269","CREATEDDATE":1520794199000,"LASTUPDATE":1643920907000}},{"type":"Feature","id":134,"geometry":{"type":"Point","coordinates":[-89.3819679336993,48.3598121483321]},"properties":{"OBJECTID":134,"LOC_ID":"NC0091","FDMID":1269,"X_COORD":323561.82344,"Y_COORD":5359033.54276,"BEAT":"S 14","ROT_ANGLE":0,"NODE_ID":3663,"GLOBALID":"0b9c136d-b989-4136-85c4-1e1572ec553c","CREATEDDATE":1520794199000,"LASTUPDATE":1643920907000}},{"type":"Feature","id":135,"geometry":{"type":"Point","coordinates":[-89.3541925679046,48.3250119344286]},"properties":{"OBJECTID":135,"LOC_ID":"NC0510","FDMID":1683,"X_COORD":325500.28284,"Y_COORD":5355102.18378,"BEAT":"S 16","ROT_ANGLE":0,"NODE_ID":5916,"GLOBALID":"42dbe593-422d-4aed-a8cf-7732d1ab67ab","CREATEDDATE":1520794199000,"LASTUPDATE":1643920907000}},{"type":"Feature","id":136,"geometry":{"type":"Point","coordinates":[-89.3357555965944,48.3382771810328]},"properties":{"OBJECTID":136,"LOC_ID":"NC0164","FDMID":1341,"X_COORD":326911.72783,"Y_COORD":5356534.70474,"BEAT":"S 15","ROT_ANGLE":0,"NODE_ID":2458,"GLOBALID":"f10aeb32-ad32-4df5-af5f-5fd19a61b954","CREATEDDATE":1520794199000,"LASTUPDATE":1643920908000}},{"type":"Feature","id":137,"geometry":{"type":"Point","coordinates":[-89.3238694922898,48.3252713603629]},"properties":{"OBJECTID":137,"LOC_ID":"NC0351","FDMID":1526,"X_COORD":327748.66351,"Y_COORD":5355062.44311,"BEAT":"S 17","ROT_ANGLE":0,"NODE_ID":4674,"GLOBALID":"5b456754-e442-4247-a1a4-a3e38df2a144","CREATEDDATE":1520794199000,"LASTUPDATE":1643920908000}},{"type":"Feature","id":138,"geometry":{"type":"Point","coordinates":[-89.1884340414546,48.4735153300203]},"properties":{"OBJECTID":138,"LOC_ID":"PC0834","FDMID":2550,"X_COORD":338257.75101,"Y_COORD":5371243.47839,"BEAT":"N 11","ROT_ANGLE":0,"NODE_ID":9229,"GLOBALID":"490da587-4e24-4409-9840-7e9dd86cbdc2","CREATEDDATE":1520794199000,"LASTUPDATE":1644262507000}},{"type":"Feature","id":139,"geometry":{"type":"Point","coordinates":[-89.2041952002734,48.4528655053236]},"properties":{"OBJECTID":139,"LOC_ID":"PP0029","FDMID":2899,"X_COORD":337026.8047,"Y_COORD":5368981.79288,"BEAT":"N 10","ROT_ANGLE":0,"NODE_ID":4608,"GLOBALID":"2dafce46-508d-47ce-a316-0c52599198b0","CREATEDDATE":1520794199000,"LASTUPDATE":1643920908000}},{"type":"Feature","id":140,"geometry":{"type":"Point","coordinates":[-89.280360812679,48.4554127545579]},"properties":{"OBJECTID":140,"LOC_ID":"MC0316","FDMID":3600,"X_COORD":331404.0381,"Y_COORD":5369429.93291,"BEAT":"N 15","ROT_ANGLE":0,"NODE_ID":1752,"GLOBALID":"790c3441-e6c0-4ad6-b16b-d862173317a0","CREATEDDATE":1520794199000,"LASTUPDATE":1643920908000}},{"type":"Feature","id":141,"geometry":{"type":"Point","coordinates":[-89.2553784057373,48.4554541242033]},"properties":{"OBJECTID":141,"LOC_ID":"MC0128","FDMID":3125,"X_COORD":333251.10601,"Y_COORD":5369379.78712,"BEAT":"N 12","ROT_ANGLE":0,"NODE_ID":4698,"GLOBALID":"c6eeeb35-0df6-45b9-81c7-2e04e82ca006","CREATEDDATE":1520794199000,"LASTUPDATE":1643920908000}},{"type":"Feature","id":142,"geometry":{"type":"Point","coordinates":[-89.1792043909635,48.4536651245421]},"properties":{"OBJECTID":142,"LOC_ID":"PP0025","FDMID":2895,"X_COORD":338877.00861,"Y_COORD":5369017.74373,"BEAT":"N 14","ROT_ANGLE":0,"NODE_ID":2782,"GLOBALID":"526708ca-6e25-41b2-9143-fc4e10be1405","CREATEDDATE":1520794199000,"LASTUPDATE":1643920908000}},{"type":"Feature","id":143,"geometry":{"type":"Point","coordinates":[-89.2115832858246,48.4539242367895]},"properties":{"OBJECTID":143,"LOC_ID":"PC0277","FDMID":2000,"X_COORD":336483.97283,"Y_COORD":5369115.22571,"BEAT":"N 9","ROT_ANGLE":0,"NODE_ID":5123,"GLOBALID":"f9ed0af2-91ee-4de2-9459-9960f9ebe828","CREATEDDATE":1520794199000,"LASTUPDATE":1644347401000}},{"type":"Feature","id":144,"geometry":{"type":"Point","coordinates":[-89.2787398811315,48.4491333263741]},"properties":{"OBJECTID":144,"LOC_ID":"MC0258","FDMID":3378,"X_COORD":331503.09116,"Y_COORD":5368728.44197,"BEAT":"N 15","ROT_ANGLE":0,"NODE_ID":1191,"GLOBALID":"89a4fbaf-8207-410c-ac47-703ab2713f82","CREATEDDATE":1520794199000,"LASTUPDATE":1643920908000}},{"type":"Feature","id":145,"geometry":{"type":"Point","coordinates":[-89.2805089638209,48.4505479562222]},"properties":{"OBJECTID":145,"LOC_ID":"MC0256","FDMID":3376,"X_COORD":331376.97276,"Y_COORD":5368889.56606,"BEAT":"N 15","ROT_ANGLE":0,"NODE_ID":8575,"GLOBALID":"5e09370c-fe94-45f8-955b-c832637241d2","CREATEDDATE":1520794199000,"LASTUPDATE":1643920908000}},{"type":"Feature","id":146,"geometry":{"type":"Point","coordinates":[-89.2648735796011,48.4486943878826]},"properties":{"OBJECTID":146,"LOC_ID":"MC0033","FDMID":3030,"X_COORD":332526.8966,"Y_COORD":5368649.21842,"BEAT":"N 13","ROT_ANGLE":0,"NODE_ID":4137,"GLOBALID":"53c0e232-a8a4-408a-a331-c3ec96cd8333","CREATEDDATE":1520794199000,"LASTUPDATE":1643920908000}},{"type":"Feature","id":147,"geometry":{"type":"Point","coordinates":[-89.2178450278655,48.4462485977982]},"properties":{"OBJECTID":147,"LOC_ID":"PC0197","FDMID":1920,"X_COORD":335996.30921,"Y_COORD":5368275.51781,"BEAT":"N 10","ROT_ANGLE":0,"NODE_ID":3284,"GLOBALID":"b29ced32-a773-4361-a9a4-956bae279e5a","CREATEDDATE":1520794199000,"LASTUPDATE":1643920908000}},{"type":"Feature","id":148,"geometry":{"type":"Point","coordinates":[-89.2308100428818,48.4454650138651]},"properties":{"OBJECTID":148,"LOC_ID":"PC0360","FDMID":2083,"X_COORD":335035.0822,"Y_COORD":5368216.3045,"BEAT":"N 6","ROT_ANGLE":0,"NODE_ID":9693,"GLOBALID":"040e8c4a-c04e-435a-b827-721d424f3fdb","CREATEDDATE":1520794199000,"LASTUPDATE":1643920908000}},{"type":"Feature","id":149,"geometry":{"type":"Point","coordinates":[-89.2228146953031,48.4449231100922]},"properties":{"OBJECTID":149,"LOC_ID":"PC0352","FDMID":2075,"X_COORD":335624.55369,"Y_COORD":5368138.8627,"BEAT":"N 6","ROT_ANGLE":0,"NODE_ID":4591,"GLOBALID":"aa29409c-9fba-406d-a44a-d46556ce6607","CREATEDDATE":1520794199000,"LASTUPDATE":1643920908000}},{"type":"Feature","id":150,"geometry":{"type":"Point","coordinates":[-89.2799876176687,48.4446110582725]},"properties":{"OBJECTID":150,"LOC_ID":"MC0207","FDMID":3204,"X_COORD":331395.85634,"Y_COORD":5368228.56664,"BEAT":"N 13","ROT_ANGLE":0,"NODE_ID":4584,"GLOBALID":"14c01650-741c-4a79-8366-e076c009acdd","CREATEDDATE":1520794199000,"LASTUPDATE":1643920908000}},{"type":"Feature","id":151,"geometry":{"type":"Point","coordinates":[-89.2127824514254,48.4438027650056]},"properties":{"OBJECTID":151,"LOC_ID":"PC1190","FDMID":3658,"X_COORD":336362.79984,"Y_COORD":5367992.84184,"BEAT":"N 10","ROT_ANGLE":0,"NODE_ID":3283,"GLOBALID":"1ad465e2-8323-4bc7-a907-e3a71f4fe19e","CREATEDDATE":1520794199000,"LASTUPDATE":1643920908000}},{"type":"Feature","id":152,"geometry":{"type":"Point","coordinates":[-89.2295181499939,48.4406906648068]},"properties":{"OBJECTID":152,"LOC_ID":"PC0338","FDMID":2061,"X_COORD":335115.15747,"Y_COORD":5367682.87448,"BEAT":"N 6","ROT_ANGLE":0,"NODE_ID":9306,"GLOBALID":"c46528b1-748c-410c-b537-bcbd50d7c5ed","CREATEDDATE":1520794199000,"LASTUPDATE":1644364749000}},{"type":"Feature","id":153,"geometry":{"type":"Point","coordinates":[-89.2428568312032,48.4386484666973]},"properties":{"OBJECTID":153,"LOC_ID":"PC0527","FDMID":2247,"X_COORD":334122.09148,"Y_COORD":5367484.71589,"BEAT":"N 5","ROT_ANGLE":0,"NODE_ID":8749,"GLOBALID":"9fe55630-de74-4c70-9b1c-15cb8818790e","CREATEDDATE":1520794199000,"LASTUPDATE":1643920908000}},{"type":"Feature","id":154,"geometry":{"type":"Point","coordinates":[-89.2551207301913,48.4366416984347]},"properties":{"OBJECTID":154,"LOC_ID":"PC0847","FDMID":2563,"X_COORD":333208.54396,"Y_COORD":5367288.33317,"BEAT":"N 4","ROT_ANGLE":0,"NODE_ID":2927,"GLOBALID":"ef7d2c0e-178e-4d39-b5a1-a451004b7d44","CREATEDDATE":1520794199000,"LASTUPDATE":1643920909000}},{"type":"Feature","id":155,"geometry":{"type":"Point","coordinates":[-89.2384291193896,48.4351988573448]},"properties":{"OBJECTID":155,"LOC_ID":"PC0487","FDMID":2209,"X_COORD":334438.33724,"Y_COORD":5367091.71313,"BEAT":"N 6","ROT_ANGLE":0,"NODE_ID":8245,"GLOBALID":"8476648a-d427-4dfd-9997-31e5732d0d21","CREATEDDATE":1520794199000,"LASTUPDATE":1643920909000}},{"type":"Feature","id":156,"geometry":{"type":"Point","coordinates":[-89.2415142637665,48.4322460359152]},"properties":{"OBJECTID":156,"LOC_ID":"PC0591","FDMID":2310,"X_COORD":334200.55472,"Y_COORD":5366770.19787,"BEAT":"N 5","ROT_ANGLE":0,"NODE_ID":6729,"GLOBALID":"1bc12e61-85fb-48a8-abcc-1286c1648bbb","CREATEDDATE":1520794199000,"LASTUPDATE":1643920909000}},{"type":"Feature","id":157,"geometry":{"type":"Point","coordinates":[-89.2207359701853,48.4322923946068]},"properties":{"OBJECTID":157,"LOC_ID":"PC0431","FDMID":2153,"X_COORD":335737.54748,"Y_COORD":5366730.54885,"BEAT":"N7","ROT_ANGLE":0,"NODE_ID":7471,"GLOBALID":"101f7bfc-5ebf-435f-aafd-dc53b18eba46","CREATEDDATE":1520794199000,"LASTUPDATE":1643920909000}},{"type":"Feature","id":158,"geometry":{"type":"Point","coordinates":[-89.2416538094784,48.4306925775822]},"properties":{"OBJECTID":158,"LOC_ID":"PC0589","FDMID":2308,"X_COORD":334185.17654,"Y_COORD":5366597.84152,"BEAT":"N 6","ROT_ANGLE":0,"NODE_ID":9883,"GLOBALID":"d09e5465-ba1d-4e4c-a548-29cfe544d424","CREATEDDATE":1520794199000,"LASTUPDATE":1643920909000}},{"type":"Feature","id":159,"geometry":{"type":"Point","coordinates":[-89.2360029996337,48.4260597974539]},"properties":{"OBJECTID":159,"LOC_ID":"PC0549","FDMID":2269,"X_COORD":334588.14921,"Y_COORD":5366068.04286,"BEAT":"N 3","ROT_ANGLE":0,"NODE_ID":3882,"GLOBALID":"f01d68ad-2037-4a05-8bc0-a7b0ccd62092","CREATEDDATE":1520794199000,"LASTUPDATE":1643920909000}},{"type":"Feature","id":160,"geometry":{"type":"Point","coordinates":[-89.2629406372651,48.4208577547372]},"properties":{"OBJECTID":160,"LOC_ID":"PP0050","FDMID":2917,"X_COORD":332578.35055,"Y_COORD":5365551.09848,"BEAT":"N 1","ROT_ANGLE":0,"NODE_ID":4657,"GLOBALID":"72099a2b-efd5-4e26-b288-c06f700cd575","CREATEDDATE":1520794199000,"LASTUPDATE":1643920909000}},{"type":"Feature","id":161,"geometry":{"type":"Point","coordinates":[-89.2485061444943,48.4134646073242]},"properties":{"OBJECTID":161,"LOC_ID":"PC1016","FDMID":2730,"X_COORD":333622.09302,"Y_COORD":5364697.93137,"BEAT":"N 2","ROT_ANGLE":0,"NODE_ID":5588,"GLOBALID":"2d326373-4f29-43e2-9782-50759fa6e9e9","CREATEDDATE":1520794199000,"LASTUPDATE":1643920909000}},{"type":"Feature","id":162,"geometry":{"type":"Point","coordinates":[-89.2666068841049,48.4001700793593]},"properties":{"OBJECTID":162,"LOC_ID":"PP0148","FDMID":3396,"X_COORD":332239.06991,"Y_COORD":5363259.84087,"BEAT":"N 1","ROT_ANGLE":0,"NODE_ID":10449,"GLOBALID":"897b2fa0-75f0-4f4a-b018-0ca483133628","CREATEDDATE":1520794199000,"LASTUPDATE":1643920909000}},{"type":"Feature","id":163,"geometry":{"type":"Point","coordinates":[-89.2866523896436,48.400461815541]},"properties":{"OBJECTID":163,"LOC_ID":"FC1078","FDMID":1069,"X_COORD":330756.44386,"Y_COORD":5363336.3603,"BEAT":"S 1","ROT_ANGLE":0,"NODE_ID":9990,"GLOBALID":"dd61a74f-3693-4823-8d99-8a0da1fb9164","CREATEDDATE":1520794199000,"LASTUPDATE":1643920909000}},{"type":"Feature","id":164,"geometry":{"type":"Point","coordinates":[-89.2277203349866,48.3988528815929]},"properties":{"OBJECTID":164,"LOC_ID":"FC1115","FDMID":1104,"X_COORD":335112.80048,"Y_COORD":5363028.96267,"BEAT":"S 11","ROT_ANGLE":0,"NODE_ID":1346,"GLOBALID":"f2afa664-9fc7-4df8-ab38-378e07bf748d","CREATEDDATE":1520794199000,"LASTUPDATE":1643920909000}},{"type":"Feature","id":165,"geometry":{"type":"Point","coordinates":[-89.250996438465,48.3986385874055]},"properties":{"OBJECTID":165,"LOC_ID":"FC0760","FDMID":751,"X_COORD":333389.40054,"Y_COORD":5363055.54417,"BEAT":"S 9","ROT_ANGLE":0,"NODE_ID":68,"GLOBALID":"8bc17276-d639-4547-a5f5-6dc88c3580af","CREATEDDATE":1520794199000,"LASTUPDATE":1643920909000}},{"type":"Feature","id":166,"geometry":{"type":"Point","coordinates":[-89.2416477344314,48.3954768889239]},"properties":{"OBJECTID":166,"LOC_ID":"FC0581","FDMID":573,"X_COORD":334071.01846,"Y_COORD":5362683.82782,"BEAT":"S 11","ROT_ANGLE":0,"NODE_ID":5811,"GLOBALID":"8e82aef6-0e3d-449c-891e-504c80d7ce5a","CREATEDDATE":1520794199000,"LASTUPDATE":1643920909000}},{"type":"Feature","id":167,"geometry":{"type":"Point","coordinates":[-89.2769661467787,48.393671200107]},"properties":{"OBJECTID":167,"LOC_ID":"FC0910","FDMID":901,"X_COORD":331442.42556,"Y_COORD":5362563.62123,"BEAT":"S 4","ROT_ANGLE":0,"NODE_ID":7831,"GLOBALID":"344ff43d-3978-490d-8cc9-cbae9cb47612","CREATEDDATE":1520794199000,"LASTUPDATE":1673489399000}},{"type":"Feature","id":168,"geometry":{"type":"Point","coordinates":[-89.2935270270123,48.3927465705314]},"properties":{"OBJECTID":168,"LOC_ID":"FC1054","FDMID":1045,"X_COORD":330221.98652,"Y_COORD":5362494.09751,"BEAT":"S 1","ROT_ANGLE":0,"NODE_ID":4163,"GLOBALID":"6f30d863-9dfa-4e67-aa6b-736351698616","CREATEDDATE":1520794199000,"LASTUPDATE":1643920909000}},{"type":"Feature","id":169,"geometry":{"type":"Point","coordinates":[-89.2162845530995,48.3884595557014]},"properties":{"OBJECTID":169,"LOC_ID":"FP0031","FDMID":3297,"X_COORD":335925.75433,"Y_COORD":5361849.2522,"BEAT":"S 12","ROT_ANGLE":0,"NODE_ID":3606,"GLOBALID":"3dd0e0a5-3f56-430f-ae17-54a8ee52ec13","CREATEDDATE":1520794199000,"LASTUPDATE":1643920909000}},{"type":"Feature","id":170,"geometry":{"type":"Point","coordinates":[-89.2524612179935,48.3890977882798]},"properties":{"OBJECTID":170,"LOC_ID":"FC0354","FDMID":349,"X_COORD":333248.42825,"Y_COORD":5362000.56484,"BEAT":"S 9","ROT_ANGLE":0,"NODE_ID":7690,"GLOBALID":"b990f2c6-7182-4ffd-9bc5-8f45ce46e484","CREATEDDATE":1520794199000,"LASTUPDATE":1643920909000}},{"type":"Feature","id":171,"geometry":{"type":"Point","coordinates":[-89.2774964487581,48.388899361377]},"properties":{"OBJECTID":171,"LOC_ID":"FC0923","FDMID":914,"X_COORD":331395.86991,"Y_COORD":5362031.08772,"BEAT":"S 4","ROT_ANGLE":0,"NODE_ID":6102,"GLOBALID":"fa48bb42-5066-48a1-91ad-434072eea90b","CREATEDDATE":1520794199000,"LASTUPDATE":1643920909000}},{"type":"Feature","id":172,"geometry":{"type":"Point","coordinates":[-89.290596937021,48.3888225740905]},"properties":{"OBJECTID":172,"LOC_ID":"FC1021","FDMID":1012,"X_COORD":330425.8365,"Y_COORD":5362051.47889,"BEAT":"S 1","ROT_ANGLE":0,"NODE_ID":5234,"GLOBALID":"494bcabc-7596-4ff8-9fc2-6f33a68d2a9d","CREATEDDATE":1520794199000,"LASTUPDATE":1643920909000}},{"type":"Feature","id":173,"geometry":{"type":"Point","coordinates":[-89.302529644115,48.3865939770776]},"properties":{"OBJECTID":173,"LOC_ID":"NC0579","FDMID":3634,"X_COORD":329535.06889,"Y_COORD":5361830.26852,"BEAT":"S 13","ROT_ANGLE":0,"NODE_ID":4924,"GLOBALID":"beded953-af28-45a6-9211-846e4a120a1d","CREATEDDATE":1520794199000,"LASTUPDATE":1643920909000}},{"type":"Feature","id":174,"geometry":{"type":"Point","coordinates":[-89.3556621492404,48.384592786037]},"properties":{"OBJECTID":174,"LOC_ID":"NC0418","FDMID":1592,"X_COORD":325594.87714,"Y_COORD":5361727.50449,"BEAT":"S 13","ROT_ANGLE":0,"NODE_ID":8788,"GLOBALID":"34c68d2f-97f0-4e03-aa5e-5137db784ed5","CREATEDDATE":1520794199000,"LASTUPDATE":1643920909000}},{"type":"Feature","id":175,"geometry":{"type":"Point","coordinates":[-89.2444182776814,48.3840436958447]},"properties":{"OBJECTID":175,"LOC_ID":"FC1136","FDMID":1125,"X_COORD":333828.71215,"Y_COORD":5361419.11025,"BEAT":"S 10","ROT_ANGLE":0,"NODE_ID":9020,"GLOBALID":"30c3ad7a-0e39-4a58-bd59-e1d692acf14e","CREATEDDATE":1520794199000,"LASTUPDATE":1643920909000}},{"type":"Feature","id":176,"geometry":{"type":"Point","coordinates":[-89.2690909570917,48.3807367793249]},"properties":{"OBJECTID":176,"LOC_ID":"FC0041","FDMID":20,"X_COORD":331982.78371,"Y_COORD":5361105.67639,"BEAT":"S 7","ROT_ANGLE":0,"NODE_ID":4553,"GLOBALID":"b9102eb9-6310-4658-b54c-b3eaa0647b9b","CREATEDDATE":1520794199000,"LASTUPDATE":1643920909000}},{"type":"Feature","id":177,"geometry":{"type":"Point","coordinates":[-89.2509440890883,48.3777049287363]},"properties":{"OBJECTID":177,"LOC_ID":"FC0745","FDMID":736,"X_COORD":333324.87676,"Y_COORD":5360728.77578,"BEAT":"S 10","ROT_ANGLE":0,"NODE_ID":8322,"GLOBALID":"71933e38-e4ee-4f3e-887f-cf5eacd977ca","CREATEDDATE":1520794199000,"LASTUPDATE":1643920909000}},{"type":"Feature","id":178,"geometry":{"type":"Point","coordinates":[-89.3883219661943,48.3735513344506]},"properties":{"OBJECTID":178,"LOC_ID":"NC0336","FDMID":1511,"X_COORD":323138.77602,"Y_COORD":5360575.1978,"BEAT":"S 14","ROT_ANGLE":0,"NODE_ID":3296,"GLOBALID":"9798f510-3eba-4a5e-8bb4-c0bb749ecc00","CREATEDDATE":1520794199000,"LASTUPDATE":1643920909000}},{"type":"Feature","id":179,"geometry":{"type":"Point","coordinates":[-89.2948829128869,48.3734257795555]},"properties":{"OBJECTID":179,"LOC_ID":"FC1027","FDMID":1018,"X_COORD":330057.31862,"Y_COORD":5360349.7258,"BEAT":"S 2","ROT_ANGLE":0,"NODE_ID":1526,"GLOBALID":"1fda8698-9a07-4eab-bdd2-b3faee3b9aaf","CREATEDDATE":1520794199000,"LASTUPDATE":1643920909000}},{"type":"Feature","id":180,"geometry":{"type":"Point","coordinates":[-89.297673297388,48.3742054513004]},"properties":{"OBJECTID":180,"LOC_ID":"FC0788","FDMID":779,"X_COORD":329879.50998,"Y_COORD":5360438.76055,"BEAT":"S 2","ROT_ANGLE":0,"NODE_ID":6849,"GLOBALID":"173f6a44-7172-4e08-ad97-2599fd051fb1","CREATEDDATE":1520794199000,"LASTUPDATE":1643920909000}},{"type":"Feature","id":181,"geometry":{"type":"Point","coordinates":[-89.2711131127466,48.3744908464187]},"properties":{"OBJECTID":181,"LOC_ID":"FC0795","FDMID":786,"X_COORD":331823.33436,"Y_COORD":5360410.30538,"BEAT":"S 7","ROT_ANGLE":0,"NODE_ID":4420,"GLOBALID":"0b1637ca-5fd1-40be-9000-d4de04c702ad","CREATEDDATE":1520794199000,"LASTUPDATE":1643920909000}},{"type":"Feature","id":182,"geometry":{"type":"Point","coordinates":[-89.388343068509,48.3724621897932]},"properties":{"OBJECTID":182,"LOC_ID":"NC0412","FDMID":1586,"X_COORD":323133.44098,"Y_COORD":5360454.19633,"BEAT":"S 14","ROT_ANGLE":0,"NODE_ID":5836,"GLOBALID":"7bada3c9-88bd-4828-8b78-0132f90d4fbd","CREATEDDATE":1520794199000,"LASTUPDATE":1643920909000}},{"type":"Feature","id":183,"geometry":{"type":"Point","coordinates":[-89.2772452528056,48.3739863424431]},"properties":{"OBJECTID":183,"LOC_ID":"FC0326","FDMID":321,"X_COORD":331366.81007,"Y_COORD":5360389.09246,"BEAT":"S 7","ROT_ANGLE":0,"NODE_ID":2877,"GLOBALID":"1b1cf1ef-6675-4d91-949a-f5aaa02f0283","CREATEDDATE":1520794199000,"LASTUPDATE":1643920909000}},{"type":"Feature","id":184,"geometry":{"type":"Point","coordinates":[-89.3804416080637,48.3718055774064]},"properties":{"OBJECTID":184,"LOC_ID":"NC0322","FDMID":1498,"X_COORD":323716.27362,"Y_COORD":5360363.00734,"BEAT":"S 14","ROT_ANGLE":0,"NODE_ID":3595,"GLOBALID":"814d049e-99de-447d-aff1-bb0d90150a69","CREATEDDATE":1520794199000,"LASTUPDATE":1643920909000}},{"type":"Feature","id":185,"geometry":{"type":"Point","coordinates":[-89.2577808302795,48.3734196611231]},"properties":{"OBJECTID":185,"LOC_ID":"FC0345","FDMID":340,"X_COORD":332804.6246,"Y_COORD":5360267.39492,"BEAT":"S 8","ROT_ANGLE":0,"NODE_ID":8860,"GLOBALID":"31312a45-c081-43d9-a184-b6845f4a0bde","CREATEDDATE":1520794199000,"LASTUPDATE":1643920910000}},{"type":"Feature","id":186,"geometry":{"type":"Point","coordinates":[-89.2640514456246,48.371519869007]},"properties":{"OBJECTID":186,"LOC_ID":"FC0223","FDMID":219,"X_COORD":332334.05667,"Y_COORD":5360069.95185,"BEAT":"S 8","ROT_ANGLE":0,"NODE_ID":8859,"GLOBALID":"cdf1fb80-8da2-4d49-b08b-249b708b5555","CREATEDDATE":1520794199000,"LASTUPDATE":1643920910000}},{"type":"Feature","id":187,"geometry":{"type":"Point","coordinates":[-89.36110702189,48.3679783822586]},"properties":{"OBJECTID":187,"LOC_ID":"NC0054","FDMID":1232,"X_COORD":325134.8925,"Y_COORD":5359893.33591,"BEAT":"S 14","ROT_ANGLE":0,"NODE_ID":9219,"GLOBALID":"bb1dc58b-05c0-4bb4-87c3-b428c2eff5a2","CREATEDDATE":1520794199000,"LASTUPDATE":1643920910000}},{"type":"Feature","id":188,"geometry":{"type":"Point","coordinates":[-89.2989780699704,48.3683209630187]},"properties":{"OBJECTID":188,"LOC_ID":"FC0595","FDMID":587,"X_COORD":329737.05212,"Y_COORD":5359791.45278,"BEAT":"S 2","ROT_ANGLE":0,"NODE_ID":2392,"GLOBALID":"bc3309b3-75ec-4816-a241-093d92c45230","CREATEDDATE":1520794199000,"LASTUPDATE":1644003744000}},{"type":"Feature","id":189,"geometry":{"type":"Point","coordinates":[-89.2257090731392,48.3520409404287]},"properties":{"OBJECTID":189,"LOC_ID":"FP0060","FDMID":1178,"X_COORD":335110.49468,"Y_COORD":5357821.80234,"BEAT":"S 12","ROT_ANGLE":0,"NODE_ID":6025,"GLOBALID":"15f52e13-aef6-4fda-b80f-5a2c02c3a984","CREATEDDATE":1520794199000,"LASTUPDATE":1643920910000}},{"type":"Feature","id":190,"geometry":{"type":"Point","coordinates":[-89.2921657283571,48.3676685864379]},"properties":{"OBJECTID":190,"LOC_ID":"FC0151","FDMID":147,"X_COORD":330239.38402,"Y_COORD":5359703.83038,"BEAT":"S 2","ROT_ANGLE":0,"NODE_ID":5154,"GLOBALID":"1e0a0382-57b8-48b9-aabf-03e20daebbf7","CREATEDDATE":1520794199000,"LASTUPDATE":1643920910000}},{"type":"Feature","id":191,"geometry":{"type":"Point","coordinates":[-89.2630627529354,48.3662430763263]},"properties":{"OBJECTID":191,"LOC_ID":"FC0024","FDMID":7,"X_COORD":332393.80758,"Y_COORD":5359481.80516,"BEAT":"S 6","ROT_ANGLE":0,"NODE_ID":9007,"GLOBALID":"315ae8d9-d503-4c4e-860d-a28adbb2288b","CREATEDDATE":1520794199000,"LASTUPDATE":1643920910000}},{"type":"Feature","id":192,"geometry":{"type":"Point","coordinates":[-89.3528925051262,48.3597537205329]},"properties":{"OBJECTID":192,"LOC_ID":"NC0291","FDMID":1467,"X_COORD":325715.16002,"Y_COORD":5358960.50596,"BEAT":"S 15","ROT_ANGLE":0,"NODE_ID":5658,"GLOBALID":"716453e8-142a-4065-b2a6-4a12a189a2cc","CREATEDDATE":1520794199000,"LASTUPDATE":1643920910000}},{"type":"Feature","id":193,"geometry":{"type":"Point","coordinates":[-89.3219649378101,48.3539674828179]},"properties":{"OBJECTID":193,"LOC_ID":"NC0138","FDMID":1316,"X_COORD":327986.4253,"Y_COORD":5358247.5114,"BEAT":"S 15","ROT_ANGLE":0,"NODE_ID":6590,"GLOBALID":"f05665bc-b545-4982-aad5-2075976ddb8b","CREATEDDATE":1520794199000,"LASTUPDATE":1643920910000}},{"type":"Feature","id":194,"geometry":{"type":"Point","coordinates":[-89.3324858111112,48.3525314678215]},"properties":{"OBJECTID":194,"LOC_ID":"NC0150","FDMID":1328,"X_COORD":327202.21871,"Y_COORD":5358111.58154,"BEAT":"S 15","ROT_ANGLE":0,"NODE_ID":10075,"GLOBALID":"dc5a45f7-6dd0-4b3e-971a-239312a8c536","CREATEDDATE":1520794199000,"LASTUPDATE":1643920910000}},{"type":"Feature","id":195,"geometry":{"type":"Point","coordinates":[-89.3405975856709,48.3493831365371]},"properties":{"OBJECTID":195,"LOC_ID":"NC0308","FDMID":1484,"X_COORD":326590.62728,"Y_COORD":5357779.99165,"BEAT":"S 16","ROT_ANGLE":0,"NODE_ID":1095,"GLOBALID":"2f285372-b248-4e17-9c8c-ae55291ebd24","CREATEDDATE":1520794199000,"LASTUPDATE":1643920910000}},{"type":"Feature","id":196,"geometry":{"type":"Point","coordinates":[-89.3061203971344,48.3375369568308]},"properties":{"OBJECTID":196,"LOC_ID":"NC0597","FDMID":3662,"X_COORD":329105.21109,"Y_COORD":5356385.9329,"BEAT":"S 17","ROT_ANGLE":0,"NODE_ID":5998,"GLOBALID":"b5bb2cc0-c617-48f6-b7a0-ebeb74b8e2b9","CREATEDDATE":1520794199000,"LASTUPDATE":1643920910000}},{"type":"Feature","id":197,"geometry":{"type":"Point","coordinates":[-89.3554323252767,48.324288938657]},"properties":{"OBJECTID":197,"LOC_ID":"NC0509","FDMID":1682,"X_COORD":325405.92508,"Y_COORD":5355024.65162,"BEAT":"S 16","ROT_ANGLE":0,"NODE_ID":5917,"GLOBALID":"acbe5c66-5e9b-4542-9a81-af7d2ced1a95","CREATEDDATE":1520794199000,"LASTUPDATE":1643920910000}},{"type":"Feature","id":198,"geometry":{"type":"Point","coordinates":[-89.3642032796512,48.3167352605382]},"properties":{"OBJECTID":198,"LOC_ID":"NC0466","FDMID":1639,"X_COORD":324729.9389,"Y_COORD":5354205.13751,"BEAT":"S 16","ROT_ANGLE":0,"NODE_ID":7716,"GLOBALID":"c3749cb2-28a0-462f-94a1-7fef55bfd9cb","CREATEDDATE":1520794199000,"LASTUPDATE":1643920910000}},{"type":"Feature","id":199,"geometry":{"type":"Point","coordinates":[-89.1894125920341,48.4738164276029]},"properties":{"OBJECTID":199,"LOC_ID":"PC0858","FDMID":2574,"X_COORD":338186.38922,"Y_COORD":5371279.01426,"BEAT":"N 11","ROT_ANGLE":0,"NODE_ID":8942,"GLOBALID":"5dab2281-cc03-41dc-9795-774acfff4a07","CREATEDDATE":1520794199000,"LASTUPDATE":1643920910000}},{"type":"Feature","id":200,"geometry":{"type":"Point","coordinates":[-89.2793258782243,48.4630171023595]},"properties":{"OBJECTID":200,"LOC_ID":"MC0326","FDMID":3630,"X_COORD":331505.72489,"Y_COORD":5370272.83032,"BEAT":"N 15","ROT_ANGLE":0,"NODE_ID":853,"GLOBALID":"1307231b-c1da-4eb9-b431-6ac001af86ab","CREATEDDATE":1520794199000,"LASTUPDATE":1643920910000}},{"type":"Feature","id":201,"geometry":{"type":"Point","coordinates":[-89.2594839793439,48.4638565830274]},"properties":{"OBJECTID":201,"LOC_ID":"MC0246","FDMID":3243,"X_COORD":332975.16771,"Y_COORD":5370322.62795,"BEAT":"N 15","ROT_ANGLE":0,"NODE_ID":9410,"GLOBALID":"42a1d9c8-0ff6-4a5f-a80e-0f3ac816a491","CREATEDDATE":1520794199000,"LASTUPDATE":1643920910000}},{"type":"Feature","id":202,"geometry":{"type":"Point","coordinates":[-89.2553528423232,48.4625137901696]},"properties":{"OBJECTID":202,"LOC_ID":"MC0197","FDMID":3194,"X_COORD":333276.12924,"Y_COORD":5370164.37311,"BEAT":"N 12","ROT_ANGLE":0,"NODE_ID":9871,"GLOBALID":"2aa0a0c1-3d86-4b9e-9c73-b07770e5a1d8","CREATEDDATE":1520794199000,"LASTUPDATE":1643920910000}},{"type":"Feature","id":203,"geometry":{"type":"Point","coordinates":[-89.23653460736,48.4597272640879]},"properties":{"OBJECTID":203,"LOC_ID":"MC0159","FDMID":3156,"X_COORD":334658.11196,"Y_COORD":5369813.8364,"BEAT":"N 12","ROT_ANGLE":0,"NODE_ID":7922,"GLOBALID":"b7d8b44d-0d0c-4735-ae9b-df2cc79c2995","CREATEDDATE":1520794199000,"LASTUPDATE":1643920910000}},{"type":"Feature","id":204,"geometry":{"type":"Point","coordinates":[-89.2537680306758,48.4601480364703]},"properties":{"OBJECTID":204,"LOC_ID":"MC0249","FDMID":3370,"X_COORD":333385.5311,"Y_COORD":5369897.98258,"BEAT":"N 12","ROT_ANGLE":0,"NODE_ID":1691,"GLOBALID":"5f1f3eff-ffbd-414c-a1bb-67e4ed43695c","CREATEDDATE":1520794199000,"LASTUPDATE":1643920910000}},{"type":"Feature","id":205,"geometry":{"type":"Point","coordinates":[-89.1878201361451,48.4598034014172]},"properties":{"OBJECTID":205,"LOC_ID":"PC0013","FDMID":1737,"X_COORD":338259.53123,"Y_COORD":5369718.15998,"BEAT":"N 11","ROT_ANGLE":0,"NODE_ID":4909,"GLOBALID":"a72dbb42-8670-4261-86a3-60a9c8a2e322","CREATEDDATE":1520794199000,"LASTUPDATE":1643920910000}},{"type":"Feature","id":206,"geometry":{"type":"Point","coordinates":[-89.2686012001246,48.4559619817927]},"properties":{"OBJECTID":206,"LOC_ID":"MC0149","FDMID":3146,"X_COORD":332275.23247,"Y_COORD":5369465.13598,"BEAT":"N 15","ROT_ANGLE":0,"NODE_ID":5971,"GLOBALID":"0568fe25-5465-42ca-976b-b552fa2d2977","CREATEDDATE":1520794199000,"LASTUPDATE":1643920910000}},{"type":"Feature","id":207,"geometry":{"type":"Point","coordinates":[-89.2612963905272,48.4521551668976]},"properties":{"OBJECTID":207,"LOC_ID":"MC0130","FDMID":3127,"X_COORD":332802.75708,"Y_COORD":5369026.0371,"BEAT":"N 13","ROT_ANGLE":0,"NODE_ID":3342,"GLOBALID":"8a63f389-6053-4a4c-b235-5be41be3ff72","CREATEDDATE":1520794199000,"LASTUPDATE":1643920910000}},{"type":"Feature","id":208,"geometry":{"type":"Point","coordinates":[-89.2620720255212,48.448892117163]},"properties":{"OBJECTID":208,"LOC_ID":"MC0025","FDMID":3023,"X_COORD":332735.42243,"Y_COORD":5368665.90296,"BEAT":"N 13","ROT_ANGLE":0,"NODE_ID":9879,"GLOBALID":"b5bf3f32-59ee-4371-8369-df01a1f01b85","CREATEDDATE":1520794199000,"LASTUPDATE":1643920910000}},{"type":"Feature","id":209,"geometry":{"type":"Point","coordinates":[-89.2584802348559,48.4424201682212]},"properties":{"OBJECTID":209,"LOC_ID":"PC1004","FDMID":2718,"X_COORD":332979.03151,"Y_COORD":5367937.90834,"BEAT":"N 4","ROT_ANGLE":0,"NODE_ID":10199,"GLOBALID":"13476758-73d1-43da-9a8e-bd9f587579e5","CREATEDDATE":1520794199000,"LASTUPDATE":1643920910000}},{"type":"Feature","id":210,"geometry":{"type":"Point","coordinates":[-89.243271304635,48.4408752184832]},"properties":{"OBJECTID":210,"LOC_ID":"PC0514","FDMID":2234,"X_COORD":334103.703,"Y_COORD":5367732.4691,"BEAT":"N 5","ROT_ANGLE":0,"NODE_ID":6483,"GLOBALID":"108cf605-ca27-4873-9022-1e0d3c6ce0db","CREATEDDATE":1520794199000,"LASTUPDATE":1643920910000}},{"type":"Feature","id":211,"geometry":{"type":"Point","coordinates":[-89.2695308609287,48.4409504896926]},"properties":{"OBJECTID":211,"LOC_ID":"MC0182","FDMID":3179,"X_COORD":332157.00451,"Y_COORD":5367798.74085,"BEAT":"N 13","ROT_ANGLE":0,"NODE_ID":9113,"GLOBALID":"2f90376b-2e64-4402-990e-76f7279c617f","CREATEDDATE":1520794199000,"LASTUPDATE":1643920910000}},{"type":"Feature","id":212,"geometry":{"type":"Point","coordinates":[-89.2648324098949,48.4401622617961]},"properties":{"OBJECTID":212,"LOC_ID":"PC0990","FDMID":2704,"X_COORD":332501.86415,"Y_COORD":5367700.84158,"BEAT":"N 4","ROT_ANGLE":0,"NODE_ID":7909,"GLOBALID":"3ce4d80c-940c-4295-aa04-53c2dd01422f","CREATEDDATE":1520794199000,"LASTUPDATE":1643920910000}},{"type":"Feature","id":213,"geometry":{"type":"Point","coordinates":[-89.2220092336735,48.4385919005694]},"properties":{"OBJECTID":213,"LOC_ID":"PC0305","FDMID":2028,"X_COORD":335663.69328,"Y_COORD":5367433.44728,"BEAT":"N7","ROT_ANGLE":0,"NODE_ID":7046,"GLOBALID":"25936e2e-491c-495d-81a0-8a2206812420","CREATEDDATE":1520794199000,"LASTUPDATE":1643920910000}},{"type":"Feature","id":214,"geometry":{"type":"Point","coordinates":[-89.2268707516024,48.4299491316293]},"properties":{"OBJECTID":214,"LOC_ID":"PC0533","FDMID":2253,"X_COORD":335276.21782,"Y_COORD":5366483.2892,"BEAT":"N7","ROT_ANGLE":0,"NODE_ID":9992,"GLOBALID":"c5e474a6-0df2-4fcb-8162-bf655790f879","CREATEDDATE":1520794199000,"LASTUPDATE":1643920910000}},{"type":"Feature","id":215,"geometry":{"type":"Point","coordinates":[-89.2357765243163,48.4304591935431]},"properties":{"OBJECTID":215,"LOC_ID":"PC0574","FDMID":2294,"X_COORD":334626.49443,"Y_COORD":5366565.40478,"BEAT":"N 6","ROT_ANGLE":0,"NODE_ID":3271,"GLOBALID":"054de807-bf22-44c6-8fb3-85459c71a97d","CREATEDDATE":1520794199000,"LASTUPDATE":1643920910000}},{"type":"Feature","id":216,"geometry":{"type":"Point","coordinates":[-89.2226320967987,48.4190567128461]},"properties":{"OBJECTID":216,"LOC_ID":"PP0177","FDMID":2413,"X_COORD":335554.583,"Y_COORD":5365263.55006,"BEAT":"N 14","ROT_ANGLE":0,"NODE_ID":1066,"GLOBALID":"ef619fe8-57cf-49e2-8236-e0e92ec41a3f","CREATEDDATE":1520794199000,"LASTUPDATE":1643920910000}},{"type":"Feature","id":217,"geometry":{"type":"Point","coordinates":[-89.2679024386797,48.4257667517687]},"properties":{"OBJECTID":217,"LOC_ID":"PP0216","FDMID":3702,"X_COORD":332227.43881,"Y_COORD":5366107.56696,"BEAT":"N 1","ROT_ANGLE":0,"NODE_ID":7177,"GLOBALID":"f7320dca-4247-456b-826e-a2b9e2fd189f","CREATEDDATE":1520794199000,"LASTUPDATE":1643920910000}},{"type":"Feature","id":218,"geometry":{"type":"Point","coordinates":[-89.2483629858999,48.421756402862]},"properties":{"OBJECTID":218,"LOC_ID":"PP0066","FDMID":2933,"X_COORD":333659.7478,"Y_COORD":5365619.19422,"BEAT":"N 3","ROT_ANGLE":0,"NODE_ID":6052,"GLOBALID":"8aea95c4-9d48-4ffa-8f6f-3e372615aaf8","CREATEDDATE":1520794199000,"LASTUPDATE":1643920911000}},{"type":"Feature","id":219,"geometry":{"type":"Point","coordinates":[-89.242839512702,48.4109697441054]},"properties":{"OBJECTID":219,"LOC_ID":"PC1212","FDMID":0,"X_COORD":334033.25078,"Y_COORD":5364408.33726,"BEAT":"N 2","ROT_ANGLE":0,"NODE_ID":1457,"GLOBALID":"c62a136a-c125-4803-aafb-5e848d0ade1a","CREATEDDATE":1520794199000,"LASTUPDATE":1643920911000}},{"type":"Feature","id":220,"geometry":{"type":"Point","coordinates":[-89.2432645493202,48.4030457278492]},"properties":{"OBJECTID":220,"LOC_ID":"PP0096","FDMID":2960,"X_COORD":333975.99075,"Y_COORD":5363528.55998,"BEAT":"N 2","ROT_ANGLE":0,"NODE_ID":10393,"GLOBALID":"76ee2b66-8a15-47fe-8003-04edddf5f487","CREATEDDATE":1520794199000,"LASTUPDATE":1643920911000}},{"type":"Feature","id":221,"geometry":{"type":"Point","coordinates":[-89.2371293602987,48.4019517437372]},"properties":{"OBJECTID":221,"LOC_ID":"PP0222","FDMID":0,"X_COORD":334426.47856,"Y_COORD":5363393.68305,"BEAT":null,"ROT_ANGLE":0,"NODE_ID":3976,"GLOBALID":"d85b685a-d9e2-44bf-988b-efcf3ec039c3","CREATEDDATE":1520794199000,"LASTUPDATE":1643920911000}},{"type":"Feature","id":222,"geometry":{"type":"Point","coordinates":[-89.2750188779458,48.3966272427778]},"properties":{"OBJECTID":222,"LOC_ID":"FC0848","FDMID":839,"X_COORD":331602.27145,"Y_COORD":5362879.14148,"BEAT":"S 4","ROT_ANGLE":0,"NODE_ID":5879,"GLOBALID":"3b9833fb-abd9-4984-a3f5-581625ee2193","CREATEDDATE":1520794199000,"LASTUPDATE":1643920911000}},{"type":"Feature","id":223,"geometry":{"type":"Point","coordinates":[-89.2378547393891,48.3965705845956]},"properties":{"OBJECTID":223,"LOC_ID":"FC0694","FDMID":685,"X_COORD":334355.31696,"Y_COORD":5362797.17259,"BEAT":"S 11","ROT_ANGLE":0,"NODE_ID":9892,"GLOBALID":"3fedb66f-96c1-4d43-a9ac-eb87e681dab2","CREATEDDATE":1520794199000,"LASTUPDATE":1643920911000}},{"type":"Feature","id":224,"geometry":{"type":"Point","coordinates":[-89.2364188214791,48.3969168635707]},"properties":{"OBJECTID":224,"LOC_ID":"FC0002","FDMID":44,"X_COORD":334462.7215,"Y_COORD":5362832.55409,"BEAT":"S 11","ROT_ANGLE":0,"NODE_ID":10089,"GLOBALID":"54efd113-ca69-41d0-902d-c11bebca31c0","CREATEDDATE":1520794199000,"LASTUPDATE":1643920911000}},{"type":"Feature","id":225,"geometry":{"type":"Point","coordinates":[-89.2380069946228,48.3947844757781]},"properties":{"OBJECTID":225,"LOC_ID":"FC0628","FDMID":620,"X_COORD":334338.2479,"Y_COORD":5362598.98788,"BEAT":"S 11","ROT_ANGLE":0,"NODE_ID":8866,"GLOBALID":"74b7f41f-2258-4f0d-aa7f-ca6f44886e75","CREATEDDATE":1520794199000,"LASTUPDATE":1643920911000}},{"type":"Feature","id":226,"geometry":{"type":"Point","coordinates":[-89.2402241349629,48.3955448101296]},"properties":{"OBJECTID":226,"LOC_ID":"FC0510","FDMID":502,"X_COORD":334173.303,"Y_COORD":5362670.43364,"BEAT":"S 11","ROT_ANGLE":0,"NODE_ID":7028,"GLOBALID":"e15057bd-b9d6-4857-95d6-f19e9b66db48","CREATEDDATE":1520794199000,"LASTUPDATE":1643920911000}},{"type":"Feature","id":227,"geometry":{"type":"Point","coordinates":[-89.2562838535208,48.3950579130809]},"properties":{"OBJECTID":227,"LOC_ID":"FC0610","FDMID":602,"X_COORD":332986.34518,"Y_COORD":5362669.09604,"BEAT":"S 9","ROT_ANGLE":0,"NODE_ID":9519,"GLOBALID":"76e143bb-dab6-4e15-ab7b-966e9eb0cb9e","CREATEDDATE":1520794199000,"LASTUPDATE":1643920911000}},{"type":"Feature","id":228,"geometry":{"type":"Point","coordinates":[-89.2988260735691,48.3921302683145]},"properties":{"OBJECTID":228,"LOC_ID":"FC1062","FDMID":1053,"X_COORD":329827.70121,"Y_COORD":5362437.36356,"BEAT":"S 1","ROT_ANGLE":0,"NODE_ID":733,"GLOBALID":"1c02e77c-f24a-4ab2-9645-f12abc84de9c","CREATEDDATE":1520794199000,"LASTUPDATE":1643920911000}},{"type":"Feature","id":229,"geometry":{"type":"Point","coordinates":[-89.2453699770186,48.3910355379761]},"properties":{"OBJECTID":229,"LOC_ID":"FC0494","FDMID":486,"X_COORD":333781.04572,"Y_COORD":5362194.78436,"BEAT":"S 9","ROT_ANGLE":0,"NODE_ID":5092,"GLOBALID":"942fe2dc-c9a7-42b4-be3b-52dbdb7869de","CREATEDDATE":1520794199000,"LASTUPDATE":1643920911000}},{"type":"Feature","id":230,"geometry":{"type":"Point","coordinates":[-89.2452667062698,48.3881429011939]},"properties":{"OBJECTID":230,"LOC_ID":"FC0079","FDMID":72,"X_COORD":333779.2614,"Y_COORD":5361876.55332,"BEAT":"S 11","ROT_ANGLE":0,"NODE_ID":4161,"GLOBALID":"9a3b9886-b574-4103-90f1-9f90ea250b15","CREATEDDATE":1520794199000,"LASTUPDATE":1643920911000}},{"type":"Feature","id":231,"geometry":{"type":"Point","coordinates":[-89.2565566740734,48.3878917733348]},"properties":{"OBJECTID":231,"LOC_ID":"FC0264","FDMID":259,"X_COORD":332942.67465,"Y_COORD":5361873.21252,"BEAT":"S 9","ROT_ANGLE":0,"NODE_ID":10025,"GLOBALID":"1c142be5-b4f8-4739-9612-de605c13cb9b","CREATEDDATE":1520794199000,"LASTUPDATE":1643920911000}},{"type":"Feature","id":232,"geometry":{"type":"Point","coordinates":[-89.2619933326215,48.3875137617948]},"properties":{"OBJECTID":232,"LOC_ID":"FC0127","FDMID":120,"X_COORD":332538.40329,"Y_COORD":5361841.15851,"BEAT":"S 7","ROT_ANGLE":0,"NODE_ID":6387,"GLOBALID":"a49f2f30-4516-4850-bca8-d7f4fd1ad93d","CREATEDDATE":1520794199000,"LASTUPDATE":1643920911000}},{"type":"Feature","id":233,"geometry":{"type":"Point","coordinates":[-89.2746891231941,48.3849336439039]},"properties":{"OBJECTID":233,"LOC_ID":"FC0154","FDMID":150,"X_COORD":331590.5981,"Y_COORD":5361584.1491,"BEAT":"S 7","ROT_ANGLE":0,"NODE_ID":5340,"GLOBALID":"3bdfabdd-3d6d-4a6c-8d1d-1c7f76f7ed52","CREATEDDATE":1520794199000,"LASTUPDATE":1644006785000}},{"type":"Feature","id":234,"geometry":{"type":"Point","coordinates":[-89.263183261619,48.3839965596286]},"properties":{"OBJECTID":234,"LOC_ID":"FC0792","FDMID":783,"X_COORD":332439.32412,"Y_COORD":5361454.75774,"BEAT":"S 7","ROT_ANGLE":0,"NODE_ID":5081,"GLOBALID":"229bb509-7b44-4acc-bdce-9cb3f1e0cb31","CREATEDDATE":1520794199000,"LASTUPDATE":1643920911000}},{"type":"Feature","id":235,"geometry":{"type":"Point","coordinates":[-89.2592342778051,48.3824112456843]},"properties":{"OBJECTID":235,"LOC_ID":"FC0204","FDMID":200,"X_COORD":332728.50966,"Y_COORD":5361270.1889,"BEAT":"S 8","ROT_ANGLE":0,"NODE_ID":10087,"GLOBALID":"b49d4984-765f-4203-a8b8-2fef3ce2713c","CREATEDDATE":1520794199000,"LASTUPDATE":1643920911000}},{"type":"Feature","id":236,"geometry":{"type":"Point","coordinates":[-89.3027455331953,48.3815607279084]},"properties":{"OBJECTID":236,"LOC_ID":"FC0826","FDMID":817,"X_COORD":329502.27477,"Y_COORD":5361271.3345,"BEAT":"S 2","ROT_ANGLE":0,"NODE_ID":1969,"GLOBALID":"aaf0e756-5267-4132-a85c-64184073c3b4","CREATEDDATE":1520794199000,"LASTUPDATE":1643920911000}},{"type":"Feature","id":237,"geometry":{"type":"Point","coordinates":[-89.2749360365377,48.3789335448559]},"properties":{"OBJECTID":237,"LOC_ID":"FC0651","FDMID":643,"X_COORD":331552.51682,"Y_COORD":5360917.81898,"BEAT":"S 7","ROT_ANGLE":0,"NODE_ID":177,"GLOBALID":"f1458455-a219-4d4c-b753-f405f9ef1e96","CREATEDDATE":1520794199000,"LASTUPDATE":1644007845000}},{"type":"Feature","id":238,"geometry":{"type":"Point","coordinates":[-89.2765792968714,48.3789378578892]},"properties":{"OBJECTID":238,"LOC_ID":"FC0657","FDMID":649,"X_COORD":331430.86409,"Y_COORD":5360921.91319,"BEAT":"S 7","ROT_ANGLE":0,"NODE_ID":176,"GLOBALID":"4f92797e-5daf-43ac-befc-493000e75c79","CREATEDDATE":1520794199000,"LASTUPDATE":1644007849000}},{"type":"Feature","id":239,"geometry":{"type":"Point","coordinates":[-89.2991935734745,48.3759860550026]},"properties":{"OBJECTID":239,"LOC_ID":"FC1008","FDMID":999,"X_COORD":329746.06025,"Y_COORD":5360659.92766,"BEAT":"S 2","ROT_ANGLE":0,"NODE_ID":5312,"GLOBALID":"8c6f05b7-be26-43d4-af45-c1262695794d","CREATEDDATE":1520794199000,"LASTUPDATE":1677613414000}},{"type":"Feature","id":240,"geometry":{"type":"Point","coordinates":[-89.2612723740165,48.377515618496]},"properties":{"OBJECTID":240,"LOC_ID":"FC0382","FDMID":3281,"X_COORD":332552.70371,"Y_COORD":5360730.61975,"BEAT":null,"ROT_ANGLE":0,"NODE_ID":4939,"GLOBALID":"495120e2-ba06-4cc7-9c6d-5fae2cbc81b2","CREATEDDATE":1520794199000,"LASTUPDATE":1670277217000}},{"type":"Feature","id":241,"geometry":{"type":"Point","coordinates":[-89.2592290987861,48.3755633346304]},"properties":{"OBJECTID":241,"LOC_ID":"FC0680","FDMID":671,"X_COORD":332704.41263,"Y_COORD":5360508.81342,"BEAT":"S 8","ROT_ANGLE":0,"NODE_ID":9370,"GLOBALID":"d09b949d-10ab-43c0-9a82-ff217c3af3ef","CREATEDDATE":1520794199000,"LASTUPDATE":1643920911000}},{"type":"Feature","id":242,"geometry":{"type":"Point","coordinates":[-89.3035836518978,48.3693458077154]},"properties":{"OBJECTID":242,"LOC_ID":"FC0489","FDMID":481,"X_COORD":329399.40117,"Y_COORD":5359915.59998,"BEAT":"S 3","ROT_ANGLE":0,"NODE_ID":8649,"GLOBALID":"56124b35-57c0-4290-aa0a-15b1820071ad","CREATEDDATE":1520794199000,"LASTUPDATE":1643920911000}},{"type":"Feature","id":243,"geometry":{"type":"Point","coordinates":[-89.2838754525262,48.3704227757754]},"properties":{"OBJECTID":243,"LOC_ID":"FC0170","FDMID":166,"X_COORD":330862.45321,"Y_COORD":5359991.60202,"BEAT":"S 6","ROT_ANGLE":0,"NODE_ID":6028,"GLOBALID":"19255ddb-b7cf-4382-ae23-04a85a655f68","CREATEDDATE":1520794199000,"LASTUPDATE":1643920911000}},{"type":"Feature","id":244,"geometry":{"type":"Point","coordinates":[-89.359646749904,48.3642984047346]},"properties":{"OBJECTID":244,"LOC_ID":"NC0205","FDMID":1382,"X_COORD":325230.44066,"Y_COORD":5359481.00106,"BEAT":"S 15","ROT_ANGLE":0,"NODE_ID":4915,"GLOBALID":"ea5c32fa-95a7-4699-88f5-2ccbd1236cfa","CREATEDDATE":1520794199000,"LASTUPDATE":1643920911000}},{"type":"Feature","id":245,"geometry":{"type":"Point","coordinates":[-89.2815027048868,48.3551064767459]},"properties":{"OBJECTID":245,"LOC_ID":"FP0017","FDMID":3287,"X_COORD":330987.49206,"Y_COORD":5358284.06845,"BEAT":"S 17","ROT_ANGLE":0,"NODE_ID":8572,"GLOBALID":"3bfd7e26-f5cf-48a6-98fd-20b1d70c50a9","CREATEDDATE":1520794199000,"LASTUPDATE":1643920911000}},{"type":"Feature","id":246,"geometry":{"type":"Point","coordinates":[-89.3333009524971,48.3544842230235]},"properties":{"OBJECTID":246,"LOC_ID":"NC0128","FDMID":1306,"X_COORD":327148.439,"Y_COORD":5358330.4554,"BEAT":"S 15","ROT_ANGLE":0,"NODE_ID":3598,"GLOBALID":"ded5007c-3ba1-4688-b531-1f76fd6bcd19","CREATEDDATE":1520794199000,"LASTUPDATE":1643920911000}},{"type":"Feature","id":247,"geometry":{"type":"Point","coordinates":[-89.3395183549149,48.3555976717966]},"properties":{"OBJECTID":247,"LOC_ID":"NC0124","FDMID":1302,"X_COORD":326691.65717,"Y_COORD":5358468.25201,"BEAT":"S 15","ROT_ANGLE":0,"NODE_ID":8250,"GLOBALID":"e764c84d-d69a-4c34-8900-26bf5a1077bb","CREATEDDATE":1520794199000,"LASTUPDATE":1643920911000}},{"type":"Feature","id":248,"geometry":{"type":"Point","coordinates":[-89.3312405264927,48.3300406647433]},"properties":{"OBJECTID":248,"LOC_ID":"NC0574","FDMID":3620,"X_COORD":327218.45372,"Y_COORD":5355609.09732,"BEAT":"S 17","ROT_ANGLE":0,"NODE_ID":6689,"GLOBALID":"aa0b59cd-8f03-41d2-95ff-9e02dc0f5243","CREATEDDATE":1520794199000,"LASTUPDATE":1643920911000}},{"type":"Feature","id":249,"geometry":{"type":"Point","coordinates":[-89.3082524120241,48.326044614767]},"properties":{"OBJECTID":249,"LOC_ID":"NC0593","FDMID":3679,"X_COORD":328910.56815,"Y_COORD":5355113.36176,"BEAT":"S 17","ROT_ANGLE":0,"NODE_ID":4196,"GLOBALID":"26792cba-dde0-40bf-bd76-6b9c7c7afa39","CREATEDDATE":1520794199000,"LASTUPDATE":1643920911000}},{"type":"Feature","id":250,"geometry":{"type":"Point","coordinates":[-89.3566437297284,48.3256941230904]},"properties":{"OBJECTID":250,"LOC_ID":"NC0478","FDMID":1651,"X_COORD":325320.93692,"Y_COORD":5355183.58564,"BEAT":"S 16","ROT_ANGLE":0,"NODE_ID":8372,"GLOBALID":"deb076f4-e4a0-403d-835a-196e7028d93d","CREATEDDATE":1520794199000,"LASTUPDATE":1643920911000}},{"type":"Feature","id":251,"geometry":{"type":"Point","coordinates":[-89.34161207581,48.3338727343459]},"properties":{"OBJECTID":251,"LOC_ID":"NC0169","FDMID":1346,"X_COORD":326462.81135,"Y_COORD":5356058.42928,"BEAT":"S 16","ROT_ANGLE":0,"NODE_ID":6307,"GLOBALID":"909d8c5f-674d-4ea6-8e1d-12fb1f7d0301","CREATEDDATE":1520794199000,"LASTUPDATE":1643920911000}},{"type":"Feature","id":252,"geometry":{"type":"Point","coordinates":[-89.2154038260422,48.3322099136668]},"properties":{"OBJECTID":252,"LOC_ID":"FP0065","FDMID":3337,"X_COORD":335810.21308,"Y_COORD":5355595.60816,"BEAT":"S 12","ROT_ANGLE":0,"NODE_ID":7337,"GLOBALID":"9dc0af0b-e3aa-4733-99c0-b475b82a5de1","CREATEDDATE":1520794199000,"LASTUPDATE":1643920911000}},{"type":"Feature","id":253,"geometry":{"type":"Point","coordinates":[-89.3435325298609,48.3169309848448]},"properties":{"OBJECTID":253,"LOC_ID":"NC0367","FDMID":1542,"X_COORD":326262.93756,"Y_COORD":5354179.84573,"BEAT":"S 17","ROT_ANGLE":0,"NODE_ID":4600,"GLOBALID":"ee67da77-80a5-42b9-b99d-6c8ddd593357","CREATEDDATE":1520794199000,"LASTUPDATE":1643920911000}},{"type":"Feature","id":254,"geometry":{"type":"Point","coordinates":[-89.3248914357486,48.3182554391499]},"properties":{"OBJECTID":254,"LOC_ID":"NC0376","FDMID":1551,"X_COORD":327649.27305,"Y_COORD":5354284.97802,"BEAT":"S 17","ROT_ANGLE":0,"NODE_ID":9581,"GLOBALID":"25012f97-a67b-4f43-8fb3-d99ed2383962","CREATEDDATE":1520794199000,"LASTUPDATE":1643920912000}},{"type":"Feature","id":255,"geometry":{"type":"Point","coordinates":[-89.1848880302959,48.4738889245262]},"properties":{"OBJECTID":255,"LOC_ID":"PC0075","FDMID":1799,"X_COORD":338521.00426,"Y_COORD":5371277.50872,"BEAT":"N 11","ROT_ANGLE":0,"NODE_ID":1962,"GLOBALID":"428b4561-2309-4b27-96ef-d876fdcdf9c6","CREATEDDATE":1520794199000,"LASTUPDATE":1644262479000}},{"type":"Feature","id":256,"geometry":{"type":"Point","coordinates":[-89.2519128162404,48.462037728958]},"properties":{"OBJECTID":256,"LOC_ID":"MC0070","FDMID":3067,"X_COORD":333528.85577,"Y_COORD":5370103.97144,"BEAT":"N 12","ROT_ANGLE":0,"NODE_ID":4731,"GLOBALID":"9e98caef-c7de-4242-8591-e929ea4fc6c5","CREATEDDATE":1520794199000,"LASTUPDATE":1643920912000}},{"type":"Feature","id":257,"geometry":{"type":"Point","coordinates":[-89.2160682609979,48.4619861698207]},"properties":{"OBJECTID":257,"LOC_ID":"PC0925","FDMID":2641,"X_COORD":336178.33597,"Y_COORD":5370020.8741,"BEAT":"N 9","ROT_ANGLE":0,"NODE_ID":1492,"GLOBALID":"69c905b8-3895-4fdc-bf1c-c6aa04a56e9e","CREATEDDATE":1520794199000,"LASTUPDATE":1643920912000}},{"type":"Feature","id":258,"geometry":{"type":"Point","coordinates":[-89.1908615500886,48.4606734389692]},"properties":{"OBJECTID":258,"LOC_ID":"PC0021","FDMID":1745,"X_COORD":338036.61974,"Y_COORD":5369819.76178,"BEAT":"N 11","ROT_ANGLE":0,"NODE_ID":4673,"GLOBALID":"7b53eafb-3815-4c5a-98f6-8e83080a661d","CREATEDDATE":1520794199000,"LASTUPDATE":1680202738000}},{"type":"Feature","id":259,"geometry":{"type":"Point","coordinates":[-89.1873727240395,48.4581863684087]},"properties":{"OBJECTID":259,"LOC_ID":"PC0002","FDMID":1726,"X_COORD":338287.4657,"Y_COORD":5369537.48926,"BEAT":"N 11","ROT_ANGLE":0,"NODE_ID":1372,"GLOBALID":"1c22eb2d-0bbe-4ce4-aafe-0979ad5e7265","CREATEDDATE":1520794199000,"LASTUPDATE":1644266240000}},{"type":"Feature","id":260,"geometry":{"type":"Point","coordinates":[-89.2825662622164,48.455784230131]},"properties":{"OBJECTID":260,"LOC_ID":"MC0314","FDMID":3598,"X_COORD":331242.22127,"Y_COORD":5369476.08152,"BEAT":"N 15","ROT_ANGLE":0,"NODE_ID":8123,"GLOBALID":"81cd0590-165b-4937-b473-01678f9b933b","CREATEDDATE":1520794199000,"LASTUPDATE":1643920912000}},{"type":"Feature","id":261,"geometry":{"type":"Point","coordinates":[-89.2145673525104,48.4566702765564]},"properties":{"OBJECTID":261,"LOC_ID":"PC0262","FDMID":1985,"X_COORD":336272.57878,"Y_COORD":5369430.2588,"BEAT":"N 9","ROT_ANGLE":0,"NODE_ID":6116,"GLOBALID":"ed0be401-599c-400b-b7c1-380f9bf4209a","CREATEDDATE":1520794199000,"LASTUPDATE":1643920912000}},{"type":"Feature","id":262,"geometry":{"type":"Point","coordinates":[-89.2318569338251,48.4528826919445]},"properties":{"OBJECTID":262,"LOC_ID":"PC0776","FDMID":2493,"X_COORD":334981.7144,"Y_COORD":5369042.99864,"BEAT":"N 8","ROT_ANGLE":0,"NODE_ID":4809,"GLOBALID":"f0abe441-7a6b-4c82-8c6d-01657f34ef5b","CREATEDDATE":1520794199000,"LASTUPDATE":1643920912000}},{"type":"Feature","id":263,"geometry":{"type":"Point","coordinates":[-89.262720369549,48.4510071632766]},"properties":{"OBJECTID":263,"LOC_ID":"MC0059","FDMID":3056,"X_COORD":332693.70441,"Y_COORD":5368901.55608,"BEAT":"N 13","ROT_ANGLE":0,"NODE_ID":865,"GLOBALID":"45cdfed5-da4b-410c-9a65-220d6a4e0cda","CREATEDDATE":1520794199000,"LASTUPDATE":1643920912000}},{"type":"Feature","id":264,"geometry":{"type":"Point","coordinates":[-89.1997789506127,48.4513066071201]},"properties":{"OBJECTID":264,"LOC_ID":"PP0032","FDMID":1889,"X_COORD":337348.33609,"Y_COORD":5368799.13406,"BEAT":"N 10","ROT_ANGLE":0,"NODE_ID":3896,"GLOBALID":"9f1dde82-238b-4127-a9da-7f464a2030f5","CREATEDDATE":1520794199000,"LASTUPDATE":1644367184000}},{"type":"Feature","id":265,"geometry":{"type":"Point","coordinates":[-89.2611907407785,48.4482162924413]},"properties":{"OBJECTID":265,"LOC_ID":"MC0015","FDMID":3013,"X_COORD":332797.62915,"Y_COORD":5368588.02443,"BEAT":"N 13","ROT_ANGLE":0,"NODE_ID":888,"GLOBALID":"364824fe-965b-4480-be75-efb732ebdc99","CREATEDDATE":1520794199000,"LASTUPDATE":1643920912000}},{"type":"Feature","id":266,"geometry":{"type":"Point","coordinates":[-89.2535845833582,48.4388696122516]},"properties":{"OBJECTID":266,"LOC_ID":"PC0652","FDMID":2371,"X_COORD":333329.44252,"Y_COORD":5367532.60939,"BEAT":"N 4","ROT_ANGLE":0,"NODE_ID":8041,"GLOBALID":"7f7382d0-0b8f-4da7-84b7-bbc7c6d39989","CREATEDDATE":1520794199000,"LASTUPDATE":1643920912000}},{"type":"Feature","id":267,"geometry":{"type":"Point","coordinates":[-89.231711183543,48.4384780525483]},"properties":{"OBJECTID":267,"LOC_ID":"PC0471","FDMID":2193,"X_COORD":334945.81142,"Y_COORD":5367441.67717,"BEAT":"N 6","ROT_ANGLE":0,"NODE_ID":9450,"GLOBALID":"d40a6023-0f51-46a4-a497-1fa786f1c1c4","CREATEDDATE":1520794199000,"LASTUPDATE":1644364734000}},{"type":"Feature","id":268,"geometry":{"type":"Point","coordinates":[-89.2451477074746,48.4377253403846]},"properties":{"OBJECTID":268,"LOC_ID":"PC1208","FDMID":0,"X_COORD":333949.66089,"Y_COORD":5367387.08389,"BEAT":"N 5","ROT_ANGLE":0,"NODE_ID":7365,"GLOBALID":"15d384fd-c62f-42a8-bbc1-2ce822d93b07","CREATEDDATE":1520794199000,"LASTUPDATE":1643920912000}},{"type":"Feature","id":269,"geometry":{"type":"Point","coordinates":[-89.2449553268202,48.4359526146561]},"properties":{"OBJECTID":269,"LOC_ID":"PC0530","FDMID":2250,"X_COORD":333947.01641,"Y_COORD":5367205.54891,"BEAT":"N 5","ROT_ANGLE":0,"NODE_ID":3501,"GLOBALID":"7fd1128e-1678-42ba-b9f9-65586b72c339","CREATEDDATE":1520794199000,"LASTUPDATE":1643920912000}},{"type":"Feature","id":270,"geometry":{"type":"Point","coordinates":[-89.2656150625899,48.4363351460449]},"properties":{"OBJECTID":270,"LOC_ID":"PC1127","FDMID":2841,"X_COORD":332431.39964,"Y_COORD":5367277.18693,"BEAT":"N 4","ROT_ANGLE":0,"NODE_ID":8083,"GLOBALID":"25780318-1564-4556-a448-cde3d563db41","CREATEDDATE":1520794199000,"LASTUPDATE":1643920912000}},{"type":"Feature","id":271,"geometry":{"type":"Point","coordinates":[-89.2314406157656,48.4347063750181]},"properties":{"OBJECTID":271,"LOC_ID":"PC0456","FDMID":2178,"X_COORD":334957.70672,"Y_COORD":5367011.76126,"BEAT":"N 6","ROT_ANGLE":0,"NODE_ID":4389,"GLOBALID":"4e90d086-9139-4c6e-b6c6-ae475a1acb01","CREATEDDATE":1520794199000,"LASTUPDATE":1643920912000}},{"type":"Feature","id":272,"geometry":{"type":"Point","coordinates":[-89.2395570990214,48.4333868019084]},"properties":{"OBJECTID":272,"LOC_ID":"PC0600","FDMID":2319,"X_COORD":334349.02422,"Y_COORD":5366892.74917,"BEAT":"N 6","ROT_ANGLE":0,"NODE_ID":8246,"GLOBALID":"54669c9c-a3a0-4892-8648-d6d3c9ea0fb5","CREATEDDATE":1520794199000,"LASTUPDATE":1643920912000}},{"type":"Feature","id":273,"geometry":{"type":"Point","coordinates":[-89.2406414630747,48.4336724188068]},"properties":{"OBJECTID":273,"LOC_ID":"PC0599","FDMID":2318,"X_COORD":334269.75075,"Y_COORD":5366926.84273,"BEAT":"N 5","ROT_ANGLE":0,"NODE_ID":8034,"GLOBALID":"e2300c85-35a3-4bc5-b928-42523b8b7e48","CREATEDDATE":1520794199000,"LASTUPDATE":1643920912000}},{"type":"Feature","id":274,"geometry":{"type":"Point","coordinates":[-89.223757511026,48.4339838497389]},"properties":{"OBJECTID":274,"LOC_ID":"PC0425","FDMID":2147,"X_COORD":335520.87702,"Y_COORD":5366924.80881,"BEAT":"N7","ROT_ANGLE":0,"NODE_ID":8514,"GLOBALID":"42efa95c-5eb7-4f6a-a3e6-2627c21e363b","CREATEDDATE":1520794199000,"LASTUPDATE":1678397924000}},{"type":"Feature","id":275,"geometry":{"type":"Point","coordinates":[-89.2177217491328,48.4336513700788]},"properties":{"OBJECTID":275,"LOC_ID":"PC1050","FDMID":2764,"X_COORD":335978.98569,"Y_COORD":5366837.40811,"BEAT":"N 14","ROT_ANGLE":0,"NODE_ID":506,"GLOBALID":"7d518a70-707d-4733-a911-40ad0938723a","CREATEDDATE":1520794199000,"LASTUPDATE":1643920912000}},{"type":"Feature","id":276,"geometry":{"type":"Point","coordinates":[-89.2404362631856,48.4319500499921]},"properties":{"OBJECTID":276,"LOC_ID":"PC0592","FDMID":2311,"X_COORD":334279.32489,"Y_COORD":5366734.96536,"BEAT":"N 6","ROT_ANGLE":0,"NODE_ID":7864,"GLOBALID":"3908e328-a888-4495-a3a2-5777e6fff7a3","CREATEDDATE":1520794199000,"LASTUPDATE":1643920912000}},{"type":"Feature","id":277,"geometry":{"type":"Point","coordinates":[-89.2524882578013,48.4306277059471]},"properties":{"OBJECTID":277,"LOC_ID":"PC0620","FDMID":2339,"X_COORD":333383.57091,"Y_COORD":5366614.16945,"BEAT":"N 5","ROT_ANGLE":0,"NODE_ID":6406,"GLOBALID":"70887e63-6232-4350-951e-a492ae8c7f29","CREATEDDATE":1520794199000,"LASTUPDATE":1644362146000}},{"type":"Feature","id":278,"geometry":{"type":"Point","coordinates":[-89.2188596459425,48.4199429120079]},"properties":{"OBJECTID":278,"LOC_ID":"PP0088","FDMID":3308,"X_COORD":335836.53321,"Y_COORD":5365353.95339,"BEAT":"N 14","ROT_ANGLE":0,"NODE_ID":2915,"GLOBALID":"2650c2e3-8adf-4382-886d-8a360a1720ed","CREATEDDATE":1520794199000,"LASTUPDATE":1643920912000}},{"type":"Feature","id":279,"geometry":{"type":"Point","coordinates":[-89.2501588374205,48.4197562857818]},"properties":{"OBJECTID":279,"LOC_ID":"PC1012","FDMID":2726,"X_COORD":333520.35759,"Y_COORD":5365400.79908,"BEAT":"N 3","ROT_ANGLE":0,"NODE_ID":6877,"GLOBALID":"f4557208-d704-4dcc-921b-04d14e97749d","CREATEDDATE":1520794199000,"LASTUPDATE":1643920912000}},{"type":"Feature","id":280,"geometry":{"type":"Point","coordinates":[-89.2396307810219,48.4194707009671]},"properties":{"OBJECTID":280,"LOC_ID":"PC0810","FDMID":2526,"X_COORD":334298.31984,"Y_COORD":5365346.21067,"BEAT":"N 3","ROT_ANGLE":0,"NODE_ID":3133,"GLOBALID":"53212e0d-b1ec-46c8-8713-47062d173d59","CREATEDDATE":1520794199000,"LASTUPDATE":1644351550000}},{"type":"Feature","id":281,"geometry":{"type":"Point","coordinates":[-89.2340172637049,48.4194752132459]},"properties":{"OBJECTID":281,"LOC_ID":"PC0673","FDMID":2392,"X_COORD":334713.63529,"Y_COORD":5365334.57752,"BEAT":"N 3","ROT_ANGLE":0,"NODE_ID":751,"GLOBALID":"25e19db4-23d1-4f54-82fb-6284105efe8e","CREATEDDATE":1520794199000,"LASTUPDATE":1644351625000}},{"type":"Feature","id":282,"geometry":{"type":"Point","coordinates":[-89.274368803385,48.4148508181986]},"properties":{"OBJECTID":282,"LOC_ID":"PC1082","FDMID":2796,"X_COORD":331715.89577,"Y_COORD":5364904.60683,"BEAT":"N 1","ROT_ANGLE":0,"NODE_ID":9969,"GLOBALID":"09efcd56-73e7-47d6-b23a-f675afe5291a","CREATEDDATE":1520794199000,"LASTUPDATE":1643920912000}},{"type":"Feature","id":283,"geometry":{"type":"Point","coordinates":[-89.2742258288835,48.4202259440561]},"properties":{"OBJECTID":283,"LOC_ID":"PC1086","FDMID":2800,"X_COORD":331738.84361,"Y_COORD":5365506.46462,"BEAT":"N 1","ROT_ANGLE":0,"NODE_ID":5584,"GLOBALID":"ff8bdb76-d040-4b02-8322-d65c371d4d7d","CREATEDDATE":1520794199000,"LASTUPDATE":1643920912000}},{"type":"Feature","id":284,"geometry":{"type":"Point","coordinates":[-89.256474406717,48.4179393484782]},"properties":{"OBJECTID":284,"LOC_ID":"PP0152","FDMID":3400,"X_COORD":333047.1631,"Y_COORD":5365212.61374,"BEAT":"N 3","ROT_ANGLE":0,"NODE_ID":2270,"GLOBALID":"e0052dfa-98f3-488a-afd1-c534d4e6728d","CREATEDDATE":1520794199000,"LASTUPDATE":1643920912000}},{"type":"Feature","id":285,"geometry":{"type":"Point","coordinates":[-89.2470799342527,48.4109596910316]},"properties":{"OBJECTID":285,"LOC_ID":"PC0716","FDMID":2434,"X_COORD":333720.82428,"Y_COORD":5364413.53432,"BEAT":"N 2","ROT_ANGLE":0,"NODE_ID":7194,"GLOBALID":"46d2b53d-f9a1-4985-96a7-c73a320b640c","CREATEDDATE":1520794199000,"LASTUPDATE":1643920912000}},{"type":"Feature","id":286,"geometry":{"type":"Point","coordinates":[-89.2810453283144,48.4093331922066]},"properties":{"OBJECTID":286,"LOC_ID":"PC0724","FDMID":3520,"X_COORD":331200.80278,"Y_COORD":5364309.97515,"BEAT":"N 1","ROT_ANGLE":0,"NODE_ID":7698,"GLOBALID":"8a28404a-19eb-4fd7-a834-0fb72448f0f1","CREATEDDATE":1520794199000,"LASTUPDATE":1643920912000}},{"type":"Feature","id":287,"geometry":{"type":"Point","coordinates":[-89.2421226004601,48.4040417457365]},"properties":{"OBJECTID":287,"LOC_ID":"PC0723","FDMID":2440,"X_COORD":334063.74294,"Y_COORD":5363636.7827,"BEAT":"N 2","ROT_ANGLE":0,"NODE_ID":6658,"GLOBALID":"1418f27a-ee9e-4bb3-9e5b-49052b6b3b14","CREATEDDATE":1520794199000,"LASTUPDATE":1644002276000}},{"type":"Feature","id":288,"geometry":{"type":"Point","coordinates":[-89.2429740624695,48.4042075604777]},"properties":{"OBJECTID":288,"LOC_ID":"PP0189","FDMID":3534,"X_COORD":334001.27228,"Y_COORD":5363657.05944,"BEAT":"N 2","ROT_ANGLE":0,"NODE_ID":9375,"GLOBALID":"fa0e8376-e429-4463-908e-d4b18f3405fc","CREATEDDATE":1520794199000,"LASTUPDATE":1643920913000}},{"type":"Feature","id":289,"geometry":{"type":"Point","coordinates":[-89.2436385532846,48.4053480220977]},"properties":{"OBJECTID":289,"LOC_ID":"PP0179","FDMID":2441,"X_COORD":333955.8136,"Y_COORD":5363785.2563,"BEAT":"N 2","ROT_ANGLE":0,"NODE_ID":6773,"GLOBALID":"dd9850dc-e61e-4fcb-927d-fd948186b083","CREATEDDATE":1520794199000,"LASTUPDATE":1643920913000}},{"type":"Feature","id":290,"geometry":{"type":"Point","coordinates":[-89.2515934657184,48.4080415171522]},"properties":{"OBJECTID":290,"LOC_ID":"PP0208","FDMID":0,"X_COORD":333403.13775,"Y_COORD":5364132.9788,"BEAT":null,"ROT_ANGLE":0,"NODE_ID":196,"GLOBALID":"52d8a264-bc83-4e95-b598-a1508513da44","CREATEDDATE":1520794199000,"LASTUPDATE":1678222116000}},{"type":"Feature","id":291,"geometry":{"type":"Point","coordinates":[-89.2410517794139,48.4025861599249]},"properties":{"OBJECTID":291,"LOC_ID":"PP0225","FDMID":3649,"X_COORD":334138.25097,"Y_COORD":5363472.68311,"BEAT":"N 2","ROT_ANGLE":0,"NODE_ID":3142,"GLOBALID":"9b4a5f4d-ad2a-4d6d-a4ee-7ad547beaaa1","CREATEDDATE":1520794199000,"LASTUPDATE":1643920913000}},{"type":"Feature","id":292,"geometry":{"type":"Point","coordinates":[-89.2594319974436,48.4009454015477]},"properties":{"OBJECTID":292,"LOC_ID":"PP0060","FDMID":2927,"X_COORD":332772.63919,"Y_COORD":5363330.32945,"BEAT":"N 1","ROT_ANGLE":0,"NODE_ID":331,"GLOBALID":"75f0784e-df6a-4a62-80aa-41a5765a6e79","CREATEDDATE":1520794199000,"LASTUPDATE":1643920913000}},{"type":"Feature","id":293,"geometry":{"type":"Point","coordinates":[-89.2881246528833,48.4021871095743]},"properties":{"OBJECTID":293,"LOC_ID":"FC1087","FDMID":1078,"X_COORD":330653.21314,"Y_COORD":5363531.36855,"BEAT":"S 1","ROT_ANGLE":0,"NODE_ID":5099,"GLOBALID":"b406e060-9941-4309-97dc-058f2055d5a8","CREATEDDATE":1520794199000,"LASTUPDATE":1643920913000}},{"type":"Feature","id":294,"geometry":{"type":"Point","coordinates":[-89.2394906182491,48.3991614433243]},"properties":{"OBJECTID":294,"LOC_ID":"FC0803","FDMID":794,"X_COORD":334242.65392,"Y_COORD":5363088.66903,"BEAT":"S 11","ROT_ANGLE":0,"NODE_ID":7453,"GLOBALID":"176178a8-b3f1-4db2-a76d-29204e4ea665","CREATEDDATE":1520794199000,"LASTUPDATE":1643920913000}},{"type":"Feature","id":295,"geometry":{"type":"Point","coordinates":[-89.278522352933,48.3977125805143]},"properties":{"OBJECTID":295,"LOC_ID":"FC0992","FDMID":983,"X_COORD":331349.06159,"Y_COORD":5363012.86923,"BEAT":"S 4","ROT_ANGLE":0,"NODE_ID":9943,"GLOBALID":"81301580-6353-4bd8-a051-dc6c287878b9","CREATEDDATE":1520794199000,"LASTUPDATE":1643920913000}},{"type":"Feature","id":296,"geometry":{"type":"Point","coordinates":[-89.2418236889155,48.398053885787]},"properties":{"OBJECTID":296,"LOC_ID":"FC0612","FDMID":604,"X_COORD":334066.37564,"Y_COORD":5362970.62462,"BEAT":"S 9","ROT_ANGLE":0,"NODE_ID":2108,"GLOBALID":"c74fd207-3d35-457d-9c41-4831a9d12bc8","CREATEDDATE":1520794199000,"LASTUPDATE":1643920913000}},{"type":"Feature","id":297,"geometry":{"type":"Point","coordinates":[-89.2442772340559,48.3963703465944]},"properties":{"OBJECTID":297,"LOC_ID":"FC0613","FDMID":605,"X_COORD":333879.30441,"Y_COORD":5362788.83415,"BEAT":"S 9","ROT_ANGLE":0,"NODE_ID":3460,"GLOBALID":"03b763ef-c14d-491d-82c6-5ebb81810bef","CREATEDDATE":1520794199000,"LASTUPDATE":1643920913000}},{"type":"Feature","id":298,"geometry":{"type":"Point","coordinates":[-89.2885375212361,48.3952641754866]},"properties":{"OBJECTID":298,"LOC_ID":"FP0012","FDMID":1150,"X_COORD":330599.66767,"Y_COORD":5362762.85476,"BEAT":"S 4","ROT_ANGLE":0,"NODE_ID":7306,"GLOBALID":"3e13e3ba-d230-4b00-af32-b6c448be7368","CREATEDDATE":1520794199000,"LASTUPDATE":1643920913000}},{"type":"Feature","id":299,"geometry":{"type":"Point","coordinates":[-89.2821721141179,48.3950232797358]},"properties":{"OBJECTID":299,"LOC_ID":"FC0980","FDMID":971,"X_COORD":331070.02313,"Y_COORD":5362722.01918,"BEAT":"S 4","ROT_ANGLE":0,"NODE_ID":1442,"GLOBALID":"6245798b-ec20-4e17-beea-73a8521e0aa2","CREATEDDATE":1520794199000,"LASTUPDATE":1643920913000}},{"type":"Feature","id":300,"geometry":{"type":"Point","coordinates":[-89.2427097805228,48.3938658147762]},"properties":{"OBJECTID":300,"LOC_ID":"FC0622","FDMID":614,"X_COORD":333987.16924,"Y_COORD":5362507.07108,"BEAT":"S 11","ROT_ANGLE":0,"NODE_ID":9965,"GLOBALID":"a876b8a2-96fb-4a80-b9f2-181ce3efbe11","CREATEDDATE":1520794199000,"LASTUPDATE":1643920913000}},{"type":"Feature","id":301,"geometry":{"type":"Point","coordinates":[-89.2766231563261,48.3927907623252]},"properties":{"OBJECTID":301,"LOC_ID":"FC0952","FDMID":943,"X_COORD":331473.37033,"Y_COORD":5362461.66692,"BEAT":"S 4","ROT_ANGLE":0,"NODE_ID":5010,"GLOBALID":"ee1d9c45-4545-4ea9-b07a-d340776c72f7","CREATEDDATE":1520794199000,"LASTUPDATE":1644017165000}},{"type":"Feature","id":302,"geometry":{"type":"Point","coordinates":[-89.296923738635,48.3924808498232]},"properties":{"OBJECTID":302,"LOC_ID":"FC1059","FDMID":1050,"X_COORD":329969.67983,"Y_COORD":5362472.10199,"BEAT":"S 1","ROT_ANGLE":0,"NODE_ID":6633,"GLOBALID":"38dbffb9-a0ac-4984-94e4-87dd66958d1b","CREATEDDATE":1520794199000,"LASTUPDATE":1643920913000}},{"type":"Feature","id":303,"geometry":{"type":"Point","coordinates":[-89.2303491552173,48.3922800426887]},"properties":{"OBJECTID":303,"LOC_ID":"FC0566","FDMID":558,"X_COORD":334896.95996,"Y_COORD":5362304.09739,"BEAT":"S 11","ROT_ANGLE":0,"NODE_ID":8158,"GLOBALID":"c2adc3d0-b34f-4be0-9e14-d2926f7963a7","CREATEDDATE":1520794199000,"LASTUPDATE":1643920913000}},{"type":"Feature","id":304,"geometry":{"type":"Point","coordinates":[-89.3557698983757,48.3895494597285]},"properties":{"OBJECTID":304,"LOC_ID":"NC0422","FDMID":1596,"X_COORD":325603.8438,"Y_COORD":5362278.64382,"BEAT":"S 13","ROT_ANGLE":0,"NODE_ID":1851,"GLOBALID":"c3b61559-afbf-4cad-977b-8b2f1fdf68c0","CREATEDDATE":1520794199000,"LASTUPDATE":1643920913000}},{"type":"Feature","id":305,"geometry":{"type":"Point","coordinates":[-89.2513300303694,48.3899928644312]},"properties":{"OBJECTID":305,"LOC_ID":"FC0195","FDMID":191,"X_COORD":333336.45923,"Y_COORD":5362093.9731,"BEAT":"S 9","ROT_ANGLE":0,"NODE_ID":1898,"GLOBALID":"ab5b38bd-79bc-4052-92b8-ba2379e693a2","CREATEDDATE":1520794199000,"LASTUPDATE":1673052786000}},{"type":"Feature","id":306,"geometry":{"type":"Point","coordinates":[-89.2377426044454,48.3900646883899]},"properties":{"OBJECTID":306,"LOC_ID":"FC0243","FDMID":238,"X_COORD":334343.31568,"Y_COORD":5362072.55819,"BEAT":"S 11","ROT_ANGLE":0,"NODE_ID":2986,"GLOBALID":"312f0d50-6c6b-4134-9f75-83c5cfc34ab4","CREATEDDATE":1520794199000,"LASTUPDATE":1670878026000}},{"type":"Feature","id":307,"geometry":{"type":"Point","coordinates":[-89.2883635293354,48.3889693379875]},"properties":{"OBJECTID":307,"LOC_ID":"FC0815","FDMID":806,"X_COORD":330591.65385,"Y_COORD":5362062.84734,"BEAT":"S 1","ROT_ANGLE":0,"NODE_ID":2700,"GLOBALID":"1e6fc319-14b1-462c-8c41-686b5218ac67","CREATEDDATE":1520794199000,"LASTUPDATE":1643920913000}},{"type":"Feature","id":308,"geometry":{"type":"Point","coordinates":[-89.2898316677908,48.38621193504]},"properties":{"OBJECTID":308,"LOC_ID":"FC0918","FDMID":909,"X_COORD":330462.90351,"Y_COORD":5361757.18001,"BEAT":"S 2","ROT_ANGLE":0,"NODE_ID":7182,"GLOBALID":"eb11b237-b125-4bc1-9927-b65551f864b1","CREATEDDATE":1520794199000,"LASTUPDATE":1643920913000}},{"type":"Feature","id":309,"geometry":{"type":"Point","coordinates":[-89.2490779032052,48.3840270416862]},"properties":{"OBJECTID":309,"LOC_ID":"FC0034","FDMID":14,"X_COORD":333483.69199,"Y_COORD":5361427.37905,"BEAT":"S 10","ROT_ANGLE":0,"NODE_ID":6257,"GLOBALID":"4154c4aa-4b11-42b9-8ca9-6a3b6eb67cea","CREATEDDATE":1520794199000,"LASTUPDATE":1643920913000}},{"type":"Feature","id":310,"geometry":{"type":"Point","coordinates":[-89.3756580341244,48.3806657933677]},"properties":{"OBJECTID":310,"LOC_ID":"NC0271","FDMID":1447,"X_COORD":324101.02498,"Y_COORD":5361336.75991,"BEAT":"S 13","ROT_ANGLE":0,"NODE_ID":9188,"GLOBALID":"87a3bb13-af59-461c-bc2d-a3f7b636b069","CREATEDDATE":1520794199000,"LASTUPDATE":1643920913000}},{"type":"Feature","id":311,"geometry":{"type":"Point","coordinates":[-89.3039382469681,48.3822586447283]},"properties":{"OBJECTID":311,"LOC_ID":"FC0828","FDMID":819,"X_COORD":329416.30281,"Y_COORD":5361351.55774,"BEAT":"S 2","ROT_ANGLE":0,"NODE_ID":2219,"GLOBALID":"544ed29e-0d23-4f9c-bebb-76e7d0dc3f95","CREATEDDATE":1520794199000,"LASTUPDATE":1643920913000}},{"type":"Feature","id":312,"geometry":{"type":"Point","coordinates":[-89.2448276476744,48.382403492583]},"properties":{"OBJECTID":312,"LOC_ID":"FC0201","FDMID":197,"X_COORD":333793.06134,"Y_COORD":5361237.70046,"BEAT":"S 10","ROT_ANGLE":0,"NODE_ID":6035,"GLOBALID":"995dd548-67df-4e17-8111-505df1b2d0e4","CREATEDDATE":1520794199000,"LASTUPDATE":1643920913000}},{"type":"Feature","id":313,"geometry":{"type":"Point","coordinates":[-89.2871837282934,48.3817990510582]},"properties":{"OBJECTID":313,"LOC_ID":"FC1016","FDMID":1007,"X_COORD":330655.20508,"Y_COORD":5361263.30634,"BEAT":"S 5","ROT_ANGLE":0,"NODE_ID":10007,"GLOBALID":"0613bf0c-b4b3-4f4d-a001-ffb7d5e5e4d9","CREATEDDATE":1520794199000,"LASTUPDATE":1643920913000}},{"type":"Feature","id":314,"geometry":{"type":"Point","coordinates":[-89.2642277106891,48.3802386959443]},"properties":{"OBJECTID":314,"LOC_ID":"FC1175","FDMID":3595,"X_COORD":332349.65167,"Y_COORD":5361039.38033,"BEAT":"S 8","ROT_ANGLE":45,"NODE_ID":173,"GLOBALID":"fc136a8b-d00c-4d1b-bf64-eae89bfa0173","CREATEDDATE":1520794199000,"LASTUPDATE":1643920913000}},{"type":"Feature","id":315,"geometry":{"type":"Point","coordinates":[-89.2475998264759,48.3793363765862]},"properties":{"OBJECTID":315,"LOC_ID":"FC0716","FDMID":707,"X_COORD":333577.81679,"Y_COORD":5360902.82967,"BEAT":"S 10","ROT_ANGLE":0,"NODE_ID":1110,"GLOBALID":"52b64656-4054-45c7-a9f7-64c066b32dfd","CREATEDDATE":1520794199000,"LASTUPDATE":1643920913000}},{"type":"Feature","id":316,"geometry":{"type":"Point","coordinates":[-89.3854329072207,48.3767592884855]},"properties":{"OBJECTID":316,"LOC_ID":"NC0523","FDMID":3326,"X_COORD":323363.80309,"Y_COORD":5360925.07198,"BEAT":"S 14","ROT_ANGLE":0,"NODE_ID":8526,"GLOBALID":"36fafed9-ed58-4610-9feb-aa0fae7412bf","CREATEDDATE":1520794199000,"LASTUPDATE":1643920913000}},{"type":"Feature","id":317,"geometry":{"type":"Point","coordinates":[-89.3632698725381,48.3766787046176]},"properties":{"OBJECTID":317,"LOC_ID":"NC0496","FDMID":1669,"X_COORD":325004.54191,"Y_COORD":5360865.2545,"BEAT":"S 13","ROT_ANGLE":0,"NODE_ID":1952,"GLOBALID":"49964537-7d89-473e-af1a-449376af258c","CREATEDDATE":1520794199000,"LASTUPDATE":1643920913000}},{"type":"Feature","id":318,"geometry":{"type":"Point","coordinates":[-89.2579957275818,48.3759033623338]},"properties":{"OBJECTID":318,"LOC_ID":"FC0530","FDMID":522,"X_COORD":332787.75036,"Y_COORD":5360541.94366,"BEAT":"S 8","ROT_ANGLE":0,"NODE_ID":7292,"GLOBALID":"5a85ac80-8c22-4145-aa5a-9089d7cf2fc4","CREATEDDATE":1520794199000,"LASTUPDATE":1676573529000}},{"type":"Feature","id":319,"geometry":{"type":"Point","coordinates":[-89.2945699430934,48.3741996717762]},"properties":{"OBJECTID":319,"LOC_ID":"FC0789","FDMID":780,"X_COORD":330082.56687,"Y_COORD":5360434.65969,"BEAT":"S 2","ROT_ANGLE":0,"NODE_ID":5279,"GLOBALID":"0c97ac07-e45d-4e00-bf91-12942ae3e509","CREATEDDATE":1520794199000,"LASTUPDATE":1643920914000}},{"type":"Feature","id":320,"geometry":{"type":"Point","coordinates":[-89.2817449858398,48.3733338833339]},"properties":{"OBJECTID":320,"LOC_ID":"FC0137","FDMID":130,"X_COORD":331029.5037,"Y_COORD":5360306.86577,"BEAT":"S 5","ROT_ANGLE":0,"NODE_ID":271,"GLOBALID":"0ba4e0cd-44dd-42d5-828a-71329fd2e540","CREATEDDATE":1520794199000,"LASTUPDATE":1643920914000}},{"type":"Feature","id":321,"geometry":{"type":"Point","coordinates":[-89.3706932026002,48.3707257113855]},"properties":{"OBJECTID":321,"LOC_ID":"NC0456","FDMID":1629,"X_COORD":324434.43093,"Y_COORD":5360220.60401,"BEAT":"S 14","ROT_ANGLE":0,"NODE_ID":9959,"GLOBALID":"adc39f31-cee2-4dca-9eed-e50272839f57","CREATEDDATE":1520794199000,"LASTUPDATE":1643920914000}},{"type":"Feature","id":322,"geometry":{"type":"Point","coordinates":[-89.2868283040349,48.371243420923]},"properties":{"OBJECTID":322,"LOC_ID":"FP0014","FDMID":1152,"X_COORD":330646.5103,"Y_COORD":5360089.33438,"BEAT":"S 6","ROT_ANGLE":0,"NODE_ID":5854,"GLOBALID":"d3ffcd14-cc89-48a5-b04a-553ae90dfa5c","CREATEDDATE":1520794199000,"LASTUPDATE":1643920914000}},{"type":"Feature","id":323,"geometry":{"type":"Point","coordinates":[-89.2418676779208,48.3730786490898]},"properties":{"OBJECTID":323,"LOC_ID":"FC1138","FDMID":1127,"X_COORD":333981.87286,"Y_COORD":5360194.88983,"BEAT":"S 12","ROT_ANGLE":0,"NODE_ID":2678,"GLOBALID":"e2b18150-d8bf-4f9d-8ac8-bbb853662390","CREATEDDATE":1520794199000,"LASTUPDATE":1643920914000}},{"type":"Feature","id":324,"geometry":{"type":"Point","coordinates":[-89.3019001028006,48.3706380906836]},"properties":{"OBJECTID":324,"LOC_ID":"FC0305","FDMID":300,"X_COORD":329527.65154,"Y_COORD":5360049.82026,"BEAT":"S 2","ROT_ANGLE":0,"NODE_ID":297,"GLOBALID":"a74de6d3-63e1-4aba-ae02-9178837f5794","CREATEDDATE":1520794199000,"LASTUPDATE":1643920914000}},{"type":"Feature","id":325,"geometry":{"type":"Point","coordinates":[-89.2891116278564,48.3704224982508]},"properties":{"OBJECTID":325,"LOC_ID":"FC0173","FDMID":169,"X_COORD":330474.70281,"Y_COORD":5360003.14506,"BEAT":"S 6","ROT_ANGLE":0,"NODE_ID":6175,"GLOBALID":"38ff1615-911d-4332-9c33-f4af8b85fda6","CREATEDDATE":1520794199000,"LASTUPDATE":1643920914000}},{"type":"Feature","id":326,"geometry":{"type":"Point","coordinates":[-89.2544887369072,48.3693592037794]},"properties":{"OBJECTID":326,"LOC_ID":"FC0471","FDMID":463,"X_COORD":333035.11139,"Y_COORD":5359808.91991,"BEAT":"S 6","ROT_ANGLE":0,"NODE_ID":4662,"GLOBALID":"b31f29e0-1b36-4cf3-b7d0-0e5a0e3b1278","CREATEDDATE":1520794199000,"LASTUPDATE":1643920914000}},{"type":"Feature","id":327,"geometry":{"type":"Point","coordinates":[-89.3770955756161,48.3593721572701]},"properties":{"OBJECTID":327,"LOC_ID":"NC0094","FDMID":1272,"X_COORD":323921.19061,"Y_COORD":5358973.43319,"BEAT":"S 14","ROT_ANGLE":0,"NODE_ID":1607,"GLOBALID":"adda1142-1cdb-43c9-acfa-017652ba4681","CREATEDDATE":1520794199000,"LASTUPDATE":1643920914000}},{"type":"Feature","id":328,"geometry":{"type":"Point","coordinates":[-89.285643050826,48.3605562222355]},"properties":{"OBJECTID":328,"LOC_ID":"FP0155","FDMID":631,"X_COORD":330669.04111,"Y_COORD":5358928.51671,"BEAT":"S 3","ROT_ANGLE":0,"NODE_ID":8823,"GLOBALID":"4090dfdf-1841-4695-9742-978a20a05508","CREATEDDATE":1520794199000,"LASTUPDATE":1643920914000}},{"type":"Feature","id":329,"geometry":{"type":"Point","coordinates":[-89.359112395671,48.3437147779925]},"properties":{"OBJECTID":329,"LOC_ID":"NP0029","FDMID":1697,"X_COORD":325199.60008,"Y_COORD":5357192.06231,"BEAT":"S 15","ROT_ANGLE":0,"NODE_ID":904,"GLOBALID":"94bdca5f-bf05-4699-a839-ba7709327899","CREATEDDATE":1520794199000,"LASTUPDATE":1643920914000}},{"type":"Feature","id":330,"geometry":{"type":"Point","coordinates":[-89.3184474199716,48.3395420464076]},"properties":{"OBJECTID":330,"LOC_ID":"NC0224","FDMID":1401,"X_COORD":328198.52156,"Y_COORD":5356636.32906,"BEAT":"S 17","ROT_ANGLE":0,"NODE_ID":5764,"GLOBALID":"971f91fe-039c-4606-a337-6d50e53ed788","CREATEDDATE":1520794199000,"LASTUPDATE":1643920914000}},{"type":"Feature","id":331,"geometry":{"type":"Point","coordinates":[-89.3488509530606,48.3087999021622]},"properties":{"OBJECTID":331,"LOC_ID":"NC0486","FDMID":1659,"X_COORD":325840.99912,"Y_COORD":5353288.2113,"BEAT":"S 17","ROT_ANGLE":0,"NODE_ID":1383,"GLOBALID":"fa956d6c-ad8e-4e20-ab36-cdef58e31629","CREATEDDATE":1520794199000,"LASTUPDATE":1643920914000}},{"type":"Feature","id":332,"geometry":{"type":"Point","coordinates":[-89.3530516850421,48.3155263370695]},"properties":{"OBJECTID":332,"LOC_ID":"NP0059","FDMID":3526,"X_COORD":325552.48892,"Y_COORD":5354045.34435,"BEAT":"S 17","ROT_ANGLE":0,"NODE_ID":10258,"GLOBALID":"f23fbfe9-4e57-4059-b63f-63e6a8a5738c","CREATEDDATE":1520794199000,"LASTUPDATE":1643920914000}},{"type":"Feature","id":333,"geometry":{"type":"Point","coordinates":[-89.1927782052297,48.4521546166249]},"properties":{"OBJECTID":333,"LOC_ID":"PC0176","FDMID":1899,"X_COORD":337868.64739,"Y_COORD":5368878.53016,"BEAT":"N 10","ROT_ANGLE":0,"NODE_ID":9724,"GLOBALID":"852a0388-2834-4cbc-be7d-230e96062cae","CREATEDDATE":1520794199000,"LASTUPDATE":1643920914000}},{"type":"Feature","id":334,"geometry":{"type":"Point","coordinates":[-89.2338253886455,48.4615125922806]},"properties":{"OBJECTID":334,"LOC_ID":"MP0002","FDMID":3245,"X_COORD":334864.18275,"Y_COORD":5370006.41522,"BEAT":"N 12","ROT_ANGLE":0,"NODE_ID":2957,"GLOBALID":"dd36acae-3009-4c9c-a9c6-cfca4660b54a","CREATEDDATE":1520794199000,"LASTUPDATE":1643920914000}},{"type":"Feature","id":335,"geometry":{"type":"Point","coordinates":[-89.2235158120786,48.4558160621423]},"properties":{"OBJECTID":335,"LOC_ID":"PC0213","FDMID":1936,"X_COORD":335607.87785,"Y_COORD":5369351.06699,"BEAT":"N 9","ROT_ANGLE":0,"NODE_ID":3730,"GLOBALID":"4497f33b-6683-40c1-8e57-d4a98b5ef88e","CREATEDDATE":1520794199000,"LASTUPDATE":1644347723000}},{"type":"Feature","id":336,"geometry":{"type":"Point","coordinates":[-89.2472722549329,48.4555005943639]},"properties":{"OBJECTID":336,"LOC_ID":"MC0089","FDMID":3086,"X_COORD":333850.54383,"Y_COORD":5369367.32325,"BEAT":"N 12","ROT_ANGLE":0,"NODE_ID":7931,"GLOBALID":"9b947c8f-b575-47d2-b2c4-0d7972f95109","CREATEDDATE":1520794199000,"LASTUPDATE":1643920914000}},{"type":"Feature","id":337,"geometry":{"type":"Point","coordinates":[-89.2476744981747,48.45336884779]},"properties":{"OBJECTID":337,"LOC_ID":"MC0109","FDMID":3106,"X_COORD":333813.8447,"Y_COORD":5369131.26539,"BEAT":"N 12","ROT_ANGLE":0,"NODE_ID":8398,"GLOBALID":"f2a42c62-df6f-4b3f-b62d-c2c87c0e3383","CREATEDDATE":1520794199000,"LASTUPDATE":1643920914000}},{"type":"Feature","id":338,"geometry":{"type":"Point","coordinates":[-89.2541633028253,48.4514763037906]},"properties":{"OBJECTID":338,"LOC_ID":"MC0020","FDMID":3018,"X_COORD":333327.90985,"Y_COORD":5368935.02629,"BEAT":"N 13","ROT_ANGLE":0,"NODE_ID":4120,"GLOBALID":"c813c323-2602-47f6-9b4e-d987aa7c563b","CREATEDDATE":1520794199000,"LASTUPDATE":1643920914000}},{"type":"Feature","id":339,"geometry":{"type":"Point","coordinates":[-89.244539472426,48.4510935951449]},"properties":{"OBJECTID":339,"LOC_ID":"PC0898","FDMID":2614,"X_COORD":334038.21052,"Y_COORD":5368871.5813,"BEAT":"N 8","ROT_ANGLE":0,"NODE_ID":886,"GLOBALID":"ec3de62e-2b7b-4567-ade1-0badf6ffadda","CREATEDDATE":1520794199000,"LASTUPDATE":1643920914000}},{"type":"Feature","id":340,"geometry":{"type":"Point","coordinates":[-89.2175233081008,48.4518956639711]},"properties":{"OBJECTID":340,"LOC_ID":"PC0812","FDMID":2528,"X_COORD":336038.27683,"Y_COORD":5368902.46949,"BEAT":"N 9","ROT_ANGLE":0,"NODE_ID":10021,"GLOBALID":"f3c97029-bbfa-4057-96d2-7c08d9e92cfc","CREATEDDATE":1520794199000,"LASTUPDATE":1644348502000}},{"type":"Feature","id":341,"geometry":{"type":"Point","coordinates":[-89.2539142986204,48.4504790736306]},"properties":{"OBJECTID":341,"LOC_ID":"MP0019","FDMID":3007,"X_COORD":333343.0543,"Y_COORD":5368823.64734,"BEAT":"N 13","ROT_ANGLE":0,"NODE_ID":2456,"GLOBALID":"957c4781-344a-43b8-967c-6e777bb304f0","CREATEDDATE":1520794199000,"LASTUPDATE":1643920914000}},{"type":"Feature","id":342,"geometry":{"type":"Point","coordinates":[-89.235077227298,48.4485426479584]},"properties":{"OBJECTID":342,"LOC_ID":"PC0853","FDMID":2569,"X_COORD":334729.53596,"Y_COORD":5368567.57541,"BEAT":"N 8","ROT_ANGLE":0,"NODE_ID":4094,"GLOBALID":"4e68584a-8a49-4508-a93b-fc0832fc3b46","CREATEDDATE":1520794199000,"LASTUPDATE":1643920914000}},{"type":"Feature","id":343,"geometry":{"type":"Point","coordinates":[-89.2569383525142,48.4480525860185]},"properties":{"OBJECTID":343,"LOC_ID":"MC0312","FDMID":2381,"X_COORD":333113.17091,"Y_COORD":5368562.26162,"BEAT":"N 13","ROT_ANGLE":0,"NODE_ID":6010,"GLOBALID":"3de0524e-6cf2-4958-b34c-7ae18f37e501","CREATEDDATE":1520794199000,"LASTUPDATE":1644366594000}},{"type":"Feature","id":344,"geometry":{"type":"Point","coordinates":[-89.2504609948194,48.4470683549726]},"properties":{"OBJECTID":344,"LOC_ID":"PC0181","FDMID":3497,"X_COORD":333587.2335,"Y_COORD":5368437.05662,"BEAT":"N 4","ROT_ANGLE":0,"NODE_ID":6014,"GLOBALID":"c6cc70cd-14ad-4205-b99d-7861cbd52740","CREATEDDATE":1520794199000,"LASTUPDATE":1643920914000}},{"type":"Feature","id":345,"geometry":{"type":"Point","coordinates":[-89.2277531781339,48.4472789333791]},"properties":{"OBJECTID":345,"LOC_ID":"PC0381","FDMID":2104,"X_COORD":335266.99081,"Y_COORD":5368411.32299,"BEAT":"N 8","ROT_ANGLE":0,"NODE_ID":5118,"GLOBALID":"6b6ef974-50d5-497a-9675-2ae7c9e0ac33","CREATEDDATE":1520794199000,"LASTUPDATE":1643920914000}},{"type":"Feature","id":346,"geometry":{"type":"Point","coordinates":[-89.283020256479,48.4446159737997]},"properties":{"OBJECTID":346,"LOC_ID":"MC0209","FDMID":3206,"X_COORD":331171.6239,"Y_COORD":5368235.79736,"BEAT":"N 13","ROT_ANGLE":0,"NODE_ID":9106,"GLOBALID":"43d8d058-352f-4d42-af07-39969c7ed742","CREATEDDATE":1520794199000,"LASTUPDATE":1643920914000}},{"type":"Feature","id":347,"geometry":{"type":"Point","coordinates":[-89.2715270931107,48.4446235286649]},"properties":{"OBJECTID":347,"LOC_ID":"MC0120","FDMID":3117,"X_COORD":332021.50755,"Y_COORD":5368211.35294,"BEAT":"N 13","ROT_ANGLE":0,"NODE_ID":6595,"GLOBALID":"afd0d3e3-2962-427c-aa80-cd96b9a45cf3","CREATEDDATE":1520794199000,"LASTUPDATE":1643920915000}},{"type":"Feature","id":348,"geometry":{"type":"Point","coordinates":[-89.2022267404936,48.4415573048941]},"properties":{"OBJECTID":348,"LOC_ID":"PP0182","FDMID":2575,"X_COORD":337136.17917,"Y_COORD":5367720.75633,"BEAT":"N 14","ROT_ANGLE":0,"NODE_ID":3031,"GLOBALID":"d7653c06-aa48-4ef4-901f-56991cc110df","CREATEDDATE":1520794199000,"LASTUPDATE":1643920915000}},{"type":"Feature","id":349,"geometry":{"type":"Point","coordinates":[-89.2409153197523,48.4421101241427]},"properties":{"OBJECTID":349,"LOC_ID":"PC0519","FDMID":2239,"X_COORD":334276.9336,"Y_COORD":5367865.26091,"BEAT":"N 5","ROT_ANGLE":0,"NODE_ID":2118,"GLOBALID":"922f5391-68be-451f-9a59-ce6980a125bf","CREATEDDATE":1520794199000,"LASTUPDATE":1644363361000}},{"type":"Feature","id":350,"geometry":{"type":"Point","coordinates":[-89.2238871064819,48.4395342478759]},"properties":{"OBJECTID":350,"LOC_ID":"PC0310","FDMID":2033,"X_COORD":335527.85609,"Y_COORD":5367542.21989,"BEAT":"N 6","ROT_ANGLE":0,"NODE_ID":4900,"GLOBALID":"d726e404-1031-498c-a5b4-6c63bf6f3c5b","CREATEDDATE":1520794199000,"LASTUPDATE":1643920915000}},{"type":"Feature","id":351,"geometry":{"type":"Point","coordinates":[-89.2360240919201,48.4398048586473]},"properties":{"OBJECTID":351,"LOC_ID":"PC0475","FDMID":2197,"X_COORD":334631.15491,"Y_COORD":5367598.46001,"BEAT":"N 6","ROT_ANGLE":0,"NODE_ID":1834,"GLOBALID":"7bbe260b-aa10-4ef7-86ac-8327b7ccf3f2","CREATEDDATE":1520794199000,"LASTUPDATE":1643920915000}},{"type":"Feature","id":352,"geometry":{"type":"Point","coordinates":[-89.2400073667124,48.4313822365239]},"properties":{"OBJECTID":352,"LOC_ID":"PC0590","FDMID":2309,"X_COORD":334307.08425,"Y_COORD":5366666.53502,"BEAT":"N 6","ROT_ANGLE":0,"NODE_ID":2932,"GLOBALID":"18b51833-1a98-494c-bbcc-bbb7a6b49e5b","CREATEDDATE":1520794199000,"LASTUPDATE":1643920915000}},{"type":"Feature","id":353,"geometry":{"type":"Point","coordinates":[-89.2489835395071,48.4229162020958]},"properties":{"OBJECTID":353,"LOC_ID":"PC0955","FDMID":2671,"X_COORD":333617.62633,"Y_COORD":5365749.44728,"BEAT":"N 3","ROT_ANGLE":0,"NODE_ID":3134,"GLOBALID":"9bcdf2f1-2d7d-42c1-8faa-e8b8d486a301","CREATEDDATE":1520794199000,"LASTUPDATE":1643920915000}},{"type":"Feature","id":354,"geometry":{"type":"Point","coordinates":[-89.2711434978869,48.4234740833608]},"properties":{"OBJECTID":354,"LOC_ID":"PP0133","FDMID":2995,"X_COORD":331980.12899,"Y_COORD":5365859.85777,"BEAT":"N 1","ROT_ANGLE":0,"NODE_ID":8133,"GLOBALID":"d91cbb3a-d8a9-4cc2-82fd-ae8d8c05c970","CREATEDDATE":1520794199000,"LASTUPDATE":1643920915000}},{"type":"Feature","id":355,"geometry":{"type":"Point","coordinates":[-89.2547730961415,48.4183521496998]},"properties":{"OBJECTID":355,"LOC_ID":"PC1161","FDMID":3344,"X_COORD":333174.38639,"Y_COORD":5365254.78462,"BEAT":"N 3","ROT_ANGLE":0,"NODE_ID":8838,"GLOBALID":"15f45c0c-e415-44a2-ada4-792da13ce750","CREATEDDATE":1520794199000,"LASTUPDATE":1643920915000}},{"type":"Feature","id":356,"geometry":{"type":"Point","coordinates":[-89.2385169459883,48.4163449088129]},"properties":{"OBJECTID":356,"LOC_ID":"PC0707","FDMID":2426,"X_COORD":334376.3256,"Y_COORD":5365002.03454,"BEAT":"N 2","ROT_ANGLE":0,"NODE_ID":4512,"GLOBALID":"8e17f886-1742-4eaf-83d3-711786a93066","CREATEDDATE":1520794199000,"LASTUPDATE":1643920915000}},{"type":"Feature","id":357,"geometry":{"type":"Point","coordinates":[-89.242925479362,48.4149726694108]},"properties":{"OBJECTID":357,"LOC_ID":"PC0807","FDMID":2523,"X_COORD":334039.92342,"Y_COORD":5364853.42014,"BEAT":"N 2","ROT_ANGLE":0,"NODE_ID":5886,"GLOBALID":"24744fe0-bab3-4367-8382-0ab10a737f9e","CREATEDDATE":1520794199000,"LASTUPDATE":1644351307000}},{"type":"Feature","id":358,"geometry":{"type":"Point","coordinates":[-89.227871692196,48.4132782619662]},"properties":{"OBJECTID":358,"LOC_ID":"PC0686","FDMID":2405,"X_COORD":335148.25289,"Y_COORD":5364632.57483,"BEAT":"N 14","ROT_ANGLE":0,"NODE_ID":5307,"GLOBALID":"7efcfcbe-9cfb-413d-961a-5c0bde2b11ad","CREATEDDATE":1520794199000,"LASTUPDATE":1643920915000}},{"type":"Feature","id":359,"geometry":{"type":"Point","coordinates":[-89.2936951801913,48.4125216316026]},"properties":{"OBJECTID":359,"LOC_ID":"MC0226","FDMID":3223,"X_COORD":330275.37942,"Y_COORD":5364692.30526,"BEAT":"N 1","ROT_ANGLE":0,"NODE_ID":839,"GLOBALID":"3126b90d-4410-4a88-b888-4b4166b8f843","CREATEDDATE":1520794199000,"LASTUPDATE":1643920915000}},{"type":"Feature","id":360,"geometry":{"type":"Point","coordinates":[-89.2248160412028,48.4110393796222]},"properties":{"OBJECTID":360,"LOC_ID":"PP0172","FDMID":2408,"X_COORD":335367.11267,"Y_COORD":5364377.16209,"BEAT":"N 14","ROT_ANGLE":0,"NODE_ID":4647,"GLOBALID":"dc1230a8-c3fe-4774-8822-f1a3aab46d4e","CREATEDDATE":1520794199000,"LASTUPDATE":1643920915000}},{"type":"Feature","id":361,"geometry":{"type":"Point","coordinates":[-89.2388869097806,48.4065224788015]},"properties":{"OBJECTID":361,"LOC_ID":"PC0745","FDMID":2462,"X_COORD":334311.26499,"Y_COORD":5363905.49028,"BEAT":"N 2","ROT_ANGLE":0,"NODE_ID":5813,"GLOBALID":"75d15bc7-624a-49ff-ac5e-16a2cc664341","CREATEDDATE":1520794199000,"LASTUPDATE":1644351681000}},{"type":"Feature","id":362,"geometry":{"type":"Point","coordinates":[-89.2279326638752,48.3948013073483]},"properties":{"OBJECTID":362,"LOC_ID":"FC0625","FDMID":617,"X_COORD":335083.9846,"Y_COORD":5362579.11307,"BEAT":"S 11","ROT_ANGLE":0,"NODE_ID":8702,"GLOBALID":"d63f6aaf-128b-4487-99a3-e2f614b8510c","CREATEDDATE":1520794199000,"LASTUPDATE":1643920915000}},{"type":"Feature","id":363,"geometry":{"type":"Point","coordinates":[-89.2166948371755,48.3778369104507]},"properties":{"OBJECTID":363,"LOC_ID":"FP0023","FDMID":1157,"X_COORD":335861.21059,"Y_COORD":5360669.49412,"BEAT":"S 12","ROT_ANGLE":0,"NODE_ID":9050,"GLOBALID":"2d7e767f-6d7e-40b5-856e-097332da8180","CREATEDDATE":1520794199000,"LASTUPDATE":1643920915000}},{"type":"Feature","id":364,"geometry":{"type":"Point","coordinates":[-89.3556946580975,48.3870489742323]},"properties":{"OBJECTID":364,"LOC_ID":"NC0420","FDMID":1594,"X_COORD":325600.866,"Y_COORD":5362000.56382,"BEAT":"S 13","ROT_ANGLE":0,"NODE_ID":1947,"GLOBALID":"a1536d48-349b-471d-b2ed-66231666b222","CREATEDDATE":1520794199000,"LASTUPDATE":1643920915000}},{"type":"Feature","id":365,"geometry":{"type":"Point","coordinates":[-89.3024485449557,48.3880514453731]},"properties":{"OBJECTID":365,"LOC_ID":"NC0581","FDMID":3636,"X_COORD":329545.86569,"Y_COORD":5362005.43447,"BEAT":"S 13","ROT_ANGLE":0,"NODE_ID":5564,"GLOBALID":"993e509d-433b-4845-b295-944efc164f36","CREATEDDATE":1520794199000,"LASTUPDATE":1643920915000}},{"type":"Feature","id":366,"geometry":{"type":"Point","coordinates":[-89.3049346401533,48.3873659506762]},"properties":{"OBJECTID":366,"LOC_ID":"NC0586","FDMID":3616,"X_COORD":329359.60853,"Y_COORD":5361921.42321,"BEAT":"S 13","ROT_ANGLE":0,"NODE_ID":2448,"GLOBALID":"4825b5ec-de2e-488f-9e2f-7126a3b1a48e","CREATEDDATE":1520794199000,"LASTUPDATE":1643920915000}},{"type":"Feature","id":367,"geometry":{"type":"Point","coordinates":[-89.3085892881943,48.384202912243]},"properties":{"OBJECTID":367,"LOC_ID":"NC0556","FDMID":3482,"X_COORD":329078.46959,"Y_COORD":5361578.01713,"BEAT":"S 13","ROT_ANGLE":0,"NODE_ID":855,"GLOBALID":"0262e7d1-9ee2-4ca3-ad0b-3163d8c47478","CREATEDDATE":1520794199000,"LASTUPDATE":1643920915000}},{"type":"Feature","id":368,"geometry":{"type":"Point","coordinates":[-89.3370008738415,48.3816730333043]},"properties":{"OBJECTID":368,"LOC_ID":"NC0524","FDMID":3327,"X_COORD":326966.50773,"Y_COORD":5361360.65418,"BEAT":"S 13","ROT_ANGLE":0,"NODE_ID":8965,"GLOBALID":"b29ab1b3-2611-43ac-874d-a1d479f07e69","CREATEDDATE":1520794199000,"LASTUPDATE":1643920915000}},{"type":"Feature","id":369,"geometry":{"type":"Point","coordinates":[-89.2893429060062,48.3826533340768]},"properties":{"OBJECTID":369,"LOC_ID":"FC0873","FDMID":864,"X_COORD":330499.22658,"Y_COORD":5361357.62391,"BEAT":"S 5","ROT_ANGLE":0,"NODE_ID":1966,"GLOBALID":"7590fb0c-6bfa-4d11-a141-0666e3278ca4","CREATEDDATE":1520794199000,"LASTUPDATE":1677706304000}},{"type":"Feature","id":370,"geometry":{"type":"Point","coordinates":[-89.2857191285374,48.3810325699751]},"properties":{"OBJECTID":370,"LOC_ID":"FC1013","FDMID":1004,"X_COORD":330761.09641,"Y_COORD":5361174.88036,"BEAT":"S 5","ROT_ANGLE":0,"NODE_ID":2878,"GLOBALID":"98d3b822-f262-4b29-a8bd-c7520b709283","CREATEDDATE":1520794199000,"LASTUPDATE":1643920915000}},{"type":"Feature","id":371,"geometry":{"type":"Point","coordinates":[-89.3160146690884,48.3807085126338]},"properties":{"OBJECTID":371,"LOC_ID":"NC0008","FDMID":1186,"X_COORD":328517.00348,"Y_COORD":5361206.23626,"BEAT":"S 13","ROT_ANGLE":0,"NODE_ID":7385,"GLOBALID":"f4ee233d-955b-4924-af0a-e39eec178c71","CREATEDDATE":1520794199000,"LASTUPDATE":1643920915000}},{"type":"Feature","id":372,"geometry":{"type":"Point","coordinates":[-89.3273626870371,48.3806669857641]},"properties":{"OBJECTID":372,"LOC_ID":"NC0015","FDMID":1193,"X_COORD":327676.68041,"Y_COORD":5361227.09898,"BEAT":"S 13","ROT_ANGLE":0,"NODE_ID":4480,"GLOBALID":"5912d097-490c-4f4b-abed-72c4afe9d9e2","CREATEDDATE":1520794199000,"LASTUPDATE":1643920915000}},{"type":"Feature","id":373,"geometry":{"type":"Point","coordinates":[-89.3072846834445,48.3780999778988]},"properties":{"OBJECTID":373,"LOC_ID":"NC0261","FDMID":1437,"X_COORD":329154.62805,"Y_COORD":5360896.81111,"BEAT":"S 2","ROT_ANGLE":0,"NODE_ID":5214,"GLOBALID":"e0af64cb-bf9d-4115-ab50-c76c2a0554e6","CREATEDDATE":1520794199000,"LASTUPDATE":1643920915000}},{"type":"Feature","id":374,"geometry":{"type":"Point","coordinates":[-89.2621959163192,48.378530104508]},"properties":{"OBJECTID":374,"LOC_ID":"FC0131","FDMID":124,"X_COORD":332494.47395,"Y_COORD":5360845.03562,"BEAT":null,"ROT_ANGLE":0,"NODE_ID":2790,"GLOBALID":"427e6099-aed4-4179-b611-6d8d56165985","CREATEDDATE":1520794199000,"LASTUPDATE":1643920915000}},{"type":"Feature","id":375,"geometry":{"type":"Point","coordinates":[-89.2670283698645,48.3768596203528]},"properties":{"OBJECTID":375,"LOC_ID":"FC0538","FDMID":530,"X_COORD":332131.17948,"Y_COORD":5360669.95236,"BEAT":"S 8","ROT_ANGLE":0,"NODE_ID":7849,"GLOBALID":"f6d32593-8a76-4a60-a40f-3ed4e99a1588","CREATEDDATE":1520794199000,"LASTUPDATE":1643920915000}},{"type":"Feature","id":376,"geometry":{"type":"Point","coordinates":[-89.3863955807364,48.37355726191]},"properties":{"OBJECTID":376,"LOC_ID":"NC0335","FDMID":1510,"X_COORD":323281.44149,"Y_COORD":5360571.41105,"BEAT":"S 14","ROT_ANGLE":0,"NODE_ID":5277,"GLOBALID":"90717040-b7a4-4997-9583-8efffbeda2d0","CREATEDDATE":1520794199000,"LASTUPDATE":1643920915000}},{"type":"Feature","id":377,"geometry":{"type":"Point","coordinates":[-89.2523838220993,48.3755320241012]},"properties":{"OBJECTID":377,"LOC_ID":"FC0144","FDMID":136,"X_COORD":333211.17206,"Y_COORD":5360490.40548,"BEAT":"S 10","ROT_ANGLE":0,"NODE_ID":580,"GLOBALID":"9660cb55-efe6-441a-b060-0fd49234bb48","CREATEDDATE":1520794199000,"LASTUPDATE":1643920916000}},{"type":"Feature","id":378,"geometry":{"type":"Point","coordinates":[-89.2787191041061,48.3724337453603]},"properties":{"OBJECTID":378,"LOC_ID":"FC0307","FDMID":302,"X_COORD":331250.93679,"Y_COORD":5360203.73642,"BEAT":"S 5","ROT_ANGLE":0,"NODE_ID":9131,"GLOBALID":"c152fe66-dec8-422a-b7c4-f94c6d23f61a","CREATEDDATE":1520794199000,"LASTUPDATE":1643920916000}},{"type":"Feature","id":379,"geometry":{"type":"Point","coordinates":[-89.279407994011,48.3621634044871]},"properties":{"OBJECTID":379,"LOC_ID":"FP0001","FDMID":1141,"X_COORD":331165.97705,"Y_COORD":5359063.78045,"BEAT":"S 6","ROT_ANGLE":0,"NODE_ID":8647,"GLOBALID":"863f8f06-8d18-49b4-a304-f1a8d7c27f2e","CREATEDDATE":1520794199000,"LASTUPDATE":1643920916000}},{"type":"Feature","id":380,"geometry":{"type":"Point","coordinates":[-89.2753528296781,48.3704584004125]},"properties":{"OBJECTID":380,"LOC_ID":"FC0168","FDMID":164,"X_COORD":331493.68828,"Y_COORD":5359976.78398,"BEAT":"S 6","ROT_ANGLE":0,"NODE_ID":5064,"GLOBALID":"a8b284cf-92e2-434e-bc05-df7612dcc0c8","CREATEDDATE":1520794199000,"LASTUPDATE":1643920916000}},{"type":"Feature","id":381,"geometry":{"type":"Point","coordinates":[-89.2962612345302,48.3682664844263]},"properties":{"OBJECTID":381,"LOC_ID":"FC0376","FDMID":371,"X_COORD":329938.071,"Y_COORD":5359779.3642,"BEAT":"S 2","ROT_ANGLE":0,"NODE_ID":8530,"GLOBALID":"bf8274c1-ec62-4a3d-b110-886e41357ecf","CREATEDDATE":1520794199000,"LASTUPDATE":1643920916000}},{"type":"Feature","id":382,"geometry":{"type":"Point","coordinates":[-89.3057468035747,48.3671696900155]},"properties":{"OBJECTID":382,"LOC_ID":"FC0285","FDMID":280,"X_COORD":329223.69122,"Y_COORD":5359677.67383,"BEAT":"S 3","ROT_ANGLE":0,"NODE_ID":4415,"GLOBALID":"1bae70fe-2d73-48b6-aba8-4585d995a8a8","CREATEDDATE":1520794199000,"LASTUPDATE":1643920916000}},{"type":"Feature","id":383,"geometry":{"type":"Point","coordinates":[-89.2989060250485,48.3640633878305]},"properties":{"OBJECTID":383,"LOC_ID":"FC0313","FDMID":308,"X_COORD":329728.00354,"Y_COORD":5359318.4106,"BEAT":"S 3","ROT_ANGLE":0,"NODE_ID":6373,"GLOBALID":"c288d74c-1295-4d48-a565-652541cfb0bc","CREATEDDATE":1520794199000,"LASTUPDATE":1643920916000}},{"type":"Feature","id":384,"geometry":{"type":"Point","coordinates":[-89.3482429546195,48.3635329498732]},"properties":{"OBJECTID":384,"LOC_ID":"NC0226","FDMID":3284,"X_COORD":326072.41109,"Y_COORD":5359369.97284,"BEAT":"S 15","ROT_ANGLE":0,"NODE_ID":3838,"GLOBALID":"5611bde7-d1a5-4246-9d02-6330a3375350","CREATEDDATE":1520794199000,"LASTUPDATE":1643920916000}},{"type":"Feature","id":385,"geometry":{"type":"Point","coordinates":[-89.2951376951911,48.3625875611248]},"properties":{"OBJECTID":385,"LOC_ID":"FC0548","FDMID":540,"X_COORD":330002.37641,"Y_COORD":5359145.69892,"BEAT":"S 3","ROT_ANGLE":0,"NODE_ID":1859,"GLOBALID":"cf368b84-6287-401c-b130-aab7df9c423e","CREATEDDATE":1520794199000,"LASTUPDATE":1644003911000}},{"type":"Feature","id":386,"geometry":{"type":"Point","coordinates":[-89.3210579281991,48.3565580922962]},"properties":{"OBJECTID":386,"LOC_ID":"NC0141","FDMID":1319,"X_COORD":328062.3293,"Y_COORD":5358533.40426,"BEAT":"S 15","ROT_ANGLE":0,"NODE_ID":8225,"GLOBALID":"0a1bd9ca-2be0-44ae-97e6-445921ecf11b","CREATEDDATE":1520794199000,"LASTUPDATE":1643920916000}},{"type":"Feature","id":387,"geometry":{"type":"Point","coordinates":[-89.3333854811586,48.3551551639559]},"properties":{"OBJECTID":387,"LOC_ID":"NC0129","FDMID":1307,"X_COORD":327144.44693,"Y_COORD":5358405.21661,"BEAT":"S 15","ROT_ANGLE":0,"NODE_ID":6805,"GLOBALID":"033699f3-2f1c-40a9-9f9c-602a74fe76eb","CREATEDDATE":1520794199000,"LASTUPDATE":1643920916000}},{"type":"Feature","id":388,"geometry":{"type":"Point","coordinates":[-89.3250513952098,48.3376355350105]},"properties":{"OBJECTID":388,"LOC_ID":"NC0220","FDMID":1397,"X_COORD":327702.74735,"Y_COORD":5356439.26845,"BEAT":"S 17","ROT_ANGLE":0,"NODE_ID":5046,"GLOBALID":"62186e22-a327-4bfa-82ec-0a352ff8981b","CREATEDDATE":1520794199000,"LASTUPDATE":1643920916000}},{"type":"Feature","id":389,"geometry":{"type":"Point","coordinates":[-89.330201389413,48.3282850044524]},"properties":{"OBJECTID":389,"LOC_ID":"NC0292","FDMID":1468,"X_COORD":327289.53442,"Y_COORD":5355411.6289,"BEAT":"S 17","ROT_ANGLE":0,"NODE_ID":5199,"GLOBALID":"e62bf920-5f33-47d6-ace0-02f41dad7b71","CREATEDDATE":1520794199000,"LASTUPDATE":1643920916000}},{"type":"Feature","id":390,"geometry":{"type":"Point","coordinates":[-89.328033519377,48.3345815614768]},"properties":{"OBJECTID":390,"LOC_ID":"NC0276","FDMID":1452,"X_COORD":327471.45877,"Y_COORD":5356106.55549,"BEAT":"S 17","ROT_ANGLE":0,"NODE_ID":7381,"GLOBALID":"dfc0c5c4-4cd9-4135-adf0-8dbdb6ef21e6","CREATEDDATE":1520794199000,"LASTUPDATE":1643920916000}},{"type":"Feature","id":391,"geometry":{"type":"Point","coordinates":[-89.3400629388352,48.320958401545]},"properties":{"OBJECTID":391,"LOC_ID":"NC0519","FDMID":3322,"X_COORD":326533.80066,"Y_COORD":5354619.60304,"BEAT":"S 17","ROT_ANGLE":0,"NODE_ID":1011,"GLOBALID":"194f2c74-736c-4b91-858c-453465f5bb4f","CREATEDDATE":1520794199000,"LASTUPDATE":1643920916000}},{"type":"Feature","id":392,"geometry":{"type":"Point","coordinates":[-89.1554527972266,48.4737387214983]},"properties":{"OBJECTID":392,"LOC_ID":"PP0007","FDMID":2878,"X_COORD":340695.88887,"Y_COORD":5371199.10642,"BEAT":"N 14","ROT_ANGLE":0,"NODE_ID":2784,"GLOBALID":"e3876d27-86e6-4dc3-9048-0058b15de329","CREATEDDATE":1520794199000,"LASTUPDATE":1643920916000}},{"type":"Feature","id":393,"geometry":{"type":"Point","coordinates":[-89.236680093565,48.4605798864047]},"properties":{"OBJECTID":393,"LOC_ID":"MC0158","FDMID":3155,"X_COORD":334650.12707,"Y_COORD":5369908.91326,"BEAT":"N 12","ROT_ANGLE":0,"NODE_ID":6496,"GLOBALID":"1fc48882-0187-44a8-bb32-933dc2f8eb52","CREATEDDATE":1520794199000,"LASTUPDATE":1643920916000}},{"type":"Feature","id":394,"geometry":{"type":"Point","coordinates":[-89.183099631264,48.459103515558]},"properties":{"OBJECTID":394,"LOC_ID":"PC0738","FDMID":2455,"X_COORD":338606.26992,"Y_COORD":5369630.40062,"BEAT":"N 11","ROT_ANGLE":0,"NODE_ID":1170,"GLOBALID":"429a7a98-bce9-4c1c-9ecb-7f98de1c0b66","CREATEDDATE":1520794199000,"LASTUPDATE":1643920916000}},{"type":"Feature","id":395,"geometry":{"type":"Point","coordinates":[-89.1850844697649,48.4591670389782]},"properties":{"OBJECTID":395,"LOC_ID":"PC0006","FDMID":1730,"X_COORD":338459.74218,"Y_COORD":5369641.65054,"BEAT":"N 11","ROT_ANGLE":0,"NODE_ID":8108,"GLOBALID":"438a2c79-ab23-4976-8047-8d3cfd3c2519","CREATEDDATE":1520794199000,"LASTUPDATE":1643920916000}},{"type":"Feature","id":396,"geometry":{"type":"Point","coordinates":[-89.2386675344319,48.4543486727367]},"properties":{"OBJECTID":396,"LOC_ID":"PC0958","FDMID":2674,"X_COORD":334484.96611,"Y_COORD":5369207.09182,"BEAT":"N 8","ROT_ANGLE":0,"NODE_ID":5429,"GLOBALID":"4f36cd04-d5b4-4a24-b897-4fbb51963ca0","CREATEDDATE":1520794199000,"LASTUPDATE":1643920916000}},{"type":"Feature","id":397,"geometry":{"type":"Point","coordinates":[-89.2234980406055,48.4543803314983]},"properties":{"OBJECTID":397,"LOC_ID":"PC0241","FDMID":1964,"X_COORD":335596.85577,"Y_COORD":5369189.70763,"BEAT":"N 9","ROT_ANGLE":0,"NODE_ID":3958,"GLOBALID":"9b9f0e1c-88c6-45ed-9075-1f4938b56e98","CREATEDDATE":1520794199000,"LASTUPDATE":1644347662000}},{"type":"Feature","id":398,"geometry":{"type":"Point","coordinates":[-89.229042585318,48.4534480227659]},"properties":{"OBJECTID":398,"LOC_ID":"PC0221","FDMID":1944,"X_COORD":335191.6198,"Y_COORD":5369099.76459,"BEAT":"N 8","ROT_ANGLE":0,"NODE_ID":9787,"GLOBALID":"209eb70f-fa73-4d86-ba19-ce52a71e8f93","CREATEDDATE":1520794199000,"LASTUPDATE":1644349735000}},{"type":"Feature","id":399,"geometry":{"type":"Point","coordinates":[-89.2838691322164,48.4514975528753]},"properties":{"OBJECTID":399,"LOC_ID":"MC0332","FDMID":0,"X_COORD":331131.6815,"Y_COORD":5369002.51685,"BEAT":null,"ROT_ANGLE":0,"NODE_ID":9155,"GLOBALID":"609af6ea-8e4b-4ad1-8e67-4e69b3b9a68d","CREATEDDATE":1520794199000,"LASTUPDATE":1643920916000}},{"type":"Feature","id":400,"geometry":{"type":"Point","coordinates":[-89.2021152278683,48.4520010871816]},"properties":{"OBJECTID":400,"LOC_ID":"PC0167","FDMID":1890,"X_COORD":337177.82115,"Y_COORD":5368881.28984,"BEAT":"N 10","ROT_ANGLE":0,"NODE_ID":778,"GLOBALID":"aae7ca65-2e28-44f5-a398-155c0f29fae6","CREATEDDATE":1520794199000,"LASTUPDATE":1643920916000}},{"type":"Feature","id":401,"geometry":{"type":"Point","coordinates":[-89.1858721781889,48.4508883615876]},"properties":{"OBJECTID":401,"LOC_ID":"PP0038","FDMID":1901,"X_COORD":338375.22352,"Y_COORD":5368723.1827,"BEAT":"N 14","ROT_ANGLE":0,"NODE_ID":3508,"GLOBALID":"4e10b55c-4662-4a3c-9452-8c39d1215aa3","CREATEDDATE":1520794199000,"LASTUPDATE":1643920917000}},{"type":"Feature","id":402,"geometry":{"type":"Point","coordinates":[-89.259641278936,48.4511170166659]},"properties":{"OBJECTID":402,"LOC_ID":"MC0038","FDMID":3035,"X_COORD":332921.71644,"Y_COORD":5368907.03499,"BEAT":"N 13","ROT_ANGLE":0,"NODE_ID":6017,"GLOBALID":"2ccdb43d-90a6-4eb0-a688-2a8a9e0ecfa2","CREATEDDATE":1520794199000,"LASTUPDATE":1643920917000}},{"type":"Feature","id":403,"geometry":{"type":"Point","coordinates":[-89.196576295221,48.451549433578]},"properties":{"OBJECTID":403,"LOC_ID":"PC0170","FDMID":1893,"X_COORD":337585.90384,"Y_COORD":5368819.32094,"BEAT":"N 10","ROT_ANGLE":0,"NODE_ID":709,"GLOBALID":"b78f1448-2880-4a65-b643-1269f1ffbdf6","CREATEDDATE":1520794199000,"LASTUPDATE":1643920917000}},{"type":"Feature","id":404,"geometry":{"type":"Point","coordinates":[-89.2404129490082,48.4506993570562]},"properties":{"OBJECTID":404,"LOC_ID":"PC0882","FDMID":2598,"X_COORD":334342.03081,"Y_COORD":5368818.82302,"BEAT":"N 8","ROT_ANGLE":0,"NODE_ID":1710,"GLOBALID":"18a94c6a-4c76-4b93-b2d8-9c4a4d982b20","CREATEDDATE":1520794199000,"LASTUPDATE":1644350567000}},{"type":"Feature","id":405,"geometry":{"type":"Point","coordinates":[-89.2126807801115,48.4490323147452]},"properties":{"OBJECTID":405,"LOC_ID":"PC0129","FDMID":1852,"X_COORD":336387.11267,"Y_COORD":5368573.85765,"BEAT":"N 10","ROT_ANGLE":0,"NODE_ID":6224,"GLOBALID":"17ad935b-6907-4c7e-9b75-79cdd7edb9d0","CREATEDDATE":1520794199000,"LASTUPDATE":1643920917000}},{"type":"Feature","id":406,"geometry":{"type":"Point","coordinates":[-89.2513768443391,48.4466164689996]},"properties":{"OBJECTID":406,"LOC_ID":"PC0851","FDMID":2567,"X_COORD":333518.0367,"Y_COORD":5368388.82341,"BEAT":"N 4","ROT_ANGLE":0,"NODE_ID":9077,"GLOBALID":"17c336af-7ef5-4006-86fd-6796f08f8317","CREATEDDATE":1520794199000,"LASTUPDATE":1643920917000}},{"type":"Feature","id":407,"geometry":{"type":"Point","coordinates":[-89.2893522293652,48.4464992917684]},"properties":{"OBJECTID":407,"LOC_ID":"MC0289","FDMID":3443,"X_COORD":330709.6655,"Y_COORD":5368459.09848,"BEAT":"N 13","ROT_ANGLE":0,"NODE_ID":1723,"GLOBALID":"56ed2495-a690-4a81-837b-144f8ffd3a4a","CREATEDDATE":1520794199000,"LASTUPDATE":1643920917000}},{"type":"Feature","id":408,"geometry":{"type":"Point","coordinates":[-89.2242899014055,48.4442714978445]},"properties":{"OBJECTID":408,"LOC_ID":"PC0347","FDMID":2070,"X_COORD":335513.36342,"Y_COORD":5368069.60984,"BEAT":"N 6","ROT_ANGLE":0,"NODE_ID":5540,"GLOBALID":"778a75dc-991e-4169-b25a-5922c15a4ee4","CREATEDDATE":1520794199000,"LASTUPDATE":1643920917000}},{"type":"Feature","id":409,"geometry":{"type":"Point","coordinates":[-89.2389011139278,48.4434893341475]},"properties":{"OBJECTID":409,"LOC_ID":"PC0369","FDMID":2092,"X_COORD":334430.36668,"Y_COORD":5368014.19429,"BEAT":"N 5","ROT_ANGLE":0,"NODE_ID":6118,"GLOBALID":"61342f03-7a2b-4e46-bb03-26b935826fbb","CREATEDDATE":1520794199000,"LASTUPDATE":1644363349000}},{"type":"Feature","id":410,"geometry":{"type":"Point","coordinates":[-89.2537253968767,48.4412167977501]},"properties":{"OBJECTID":410,"LOC_ID":"PC0818","FDMID":2534,"X_COORD":333326.70844,"Y_COORD":5367793.79544,"BEAT":"N 4","ROT_ANGLE":0,"NODE_ID":3992,"GLOBALID":"436476ec-ea80-4610-b4a7-7171b58a4edc","CREATEDDATE":1520794199000,"LASTUPDATE":1643920917000}},{"type":"Feature","id":411,"geometry":{"type":"Point","coordinates":[-89.2708489830507,48.441675532604]},"properties":{"OBJECTID":411,"LOC_ID":"MC0183","FDMID":3180,"X_COORD":332061.92124,"Y_COORD":5367882.21579,"BEAT":"N 13","ROT_ANGLE":0,"NODE_ID":7965,"GLOBALID":"b7ba2400-6443-496a-9c7b-67db6d33de22","CREATEDDATE":1520794199000,"LASTUPDATE":1643920917000}},{"type":"Feature","id":412,"geometry":{"type":"Point","coordinates":[-89.2729709894874,48.4415037655089]},"properties":{"OBJECTID":412,"LOC_ID":"MC0180","FDMID":3177,"X_COORD":331904.43695,"Y_COORD":5367867.78021,"BEAT":"N 13","ROT_ANGLE":0,"NODE_ID":9114,"GLOBALID":"a6cdf0a8-e370-4bda-9e44-f63043159f9c","CREATEDDATE":1520794199000,"LASTUPDATE":1643920917000}},{"type":"Feature","id":413,"geometry":{"type":"Point","coordinates":[-89.2224775408339,48.4409512683484]},"properties":{"OBJECTID":413,"LOC_ID":"PC0313","FDMID":2036,"X_COORD":335636.67171,"Y_COORD":5367696.68849,"BEAT":"N 6","ROT_ANGLE":0,"NODE_ID":808,"GLOBALID":"67ed31bd-f994-4b13-9ef6-7f342fe053ac","CREATEDDATE":1520794199000,"LASTUPDATE":1644364807000}},{"type":"Feature","id":414,"geometry":{"type":"Point","coordinates":[-89.2455579455066,48.4314877566885]},"properties":{"OBJECTID":414,"LOC_ID":"PC0625","FDMID":2344,"X_COORD":333898.99056,"Y_COORD":5366694.69169,"BEAT":"N 5","ROT_ANGLE":0,"NODE_ID":615,"GLOBALID":"cb8ec65f-a32f-4f66-9724-29379c6cb0d5","CREATEDDATE":1520794199000,"LASTUPDATE":1644362267000}},{"type":"Feature","id":415,"geometry":{"type":"Point","coordinates":[-89.2288747551865,48.4293245089602]},"properties":{"OBJECTID":415,"LOC_ID":"PC0539","FDMID":2259,"X_COORD":335125.96604,"Y_COORD":5366418.17995,"BEAT":"N7","ROT_ANGLE":0,"NODE_ID":6885,"GLOBALID":"c7ad62a4-0811-44cc-a269-673ec718a881","CREATEDDATE":1520794199000,"LASTUPDATE":1643920917000}},{"type":"Feature","id":416,"geometry":{"type":"Point","coordinates":[-89.2385216886021,48.4280428010708]},"properties":{"OBJECTID":416,"LOC_ID":"PC0581","FDMID":2300,"X_COORD":334410.0536,"Y_COORD":5366296.18725,"BEAT":"N 3","ROT_ANGLE":0,"NODE_ID":10383,"GLOBALID":"cf7af1bb-55db-43d1-8f2f-a0f45a303a79","CREATEDDATE":1520794199000,"LASTUPDATE":1678325888000}},{"type":"Feature","id":417,"geometry":{"type":"Point","coordinates":[-89.229705399663,48.4269419605297]},"properties":{"OBJECTID":417,"LOC_ID":"PC0536","FDMID":2256,"X_COORD":335056.81123,"Y_COORD":5366155.16197,"BEAT":"N 3","ROT_ANGLE":0,"NODE_ID":1731,"GLOBALID":"21202368-1ea0-4cb3-8c64-5393e4161812","CREATEDDATE":1520794199000,"LASTUPDATE":1644361979000}},{"type":"Feature","id":418,"geometry":{"type":"Point","coordinates":[-89.2637268038505,48.4228095239758]},"properties":{"OBJECTID":418,"LOC_ID":"PC1091","FDMID":2805,"X_COORD":332526.60451,"Y_COORD":5365769.74475,"BEAT":"N 1","ROT_ANGLE":0,"NODE_ID":208,"GLOBALID":"a780154c-7c3b-456d-80ef-0a46470f13ad","CREATEDDATE":1520794199000,"LASTUPDATE":1643920917000}},{"type":"Feature","id":419,"geometry":{"type":"Point","coordinates":[-89.2491486299342,48.4196345857231]},"properties":{"OBJECTID":419,"LOC_ID":"PP0076","FDMID":2943,"X_COORD":333594.69795,"Y_COORD":5365385.07582,"BEAT":"N 3","ROT_ANGLE":0,"NODE_ID":2096,"GLOBALID":"e77e50a2-cdf2-4c36-8227-094b2d5f3601","CREATEDDATE":1520794199000,"LASTUPDATE":1643920917000}},{"type":"Feature","id":420,"geometry":{"type":"Point","coordinates":[-89.2762979812754,48.4199404939206]},"properties":{"OBJECTID":420,"LOC_ID":"PC1098","FDMID":2812,"X_COORD":331587.14057,"Y_COORD":5365478.44798,"BEAT":"N 1","ROT_ANGLE":0,"NODE_ID":9376,"GLOBALID":"7a09f2fa-7df4-4a04-96c1-5ee3824d0a1c","CREATEDDATE":1520794199000,"LASTUPDATE":1643920917000}},{"type":"Feature","id":421,"geometry":{"type":"Point","coordinates":[-89.2773556126796,48.4160766901669]},"properties":{"OBJECTID":421,"LOC_ID":"PC0522","FDMID":0,"X_COORD":331496.12002,"Y_COORD":5365051.33988,"BEAT":null,"ROT_ANGLE":0,"NODE_ID":825,"GLOBALID":"10679e0d-67a0-445c-bdf3-42659f3eebd2","CREATEDDATE":1520794199000,"LASTUPDATE":1643920918000}},{"type":"Feature","id":422,"geometry":{"type":"Point","coordinates":[-89.2936782959844,48.4176935717969]},"properties":{"OBJECTID":422,"LOC_ID":"MC0231","FDMID":3228,"X_COORD":330293.85161,"Y_COORD":5365267.08772,"BEAT":"N 1","ROT_ANGLE":0,"NODE_ID":4042,"GLOBALID":"274244d7-b152-42c7-b35c-b017e118c78d","CREATEDDATE":1520794199000,"LASTUPDATE":1643920918000}},{"type":"Feature","id":423,"geometry":{"type":"Point","coordinates":[-89.255150545078,48.4127880198016]},"properties":{"OBJECTID":423,"LOC_ID":"PC1072","FDMID":2786,"X_COORD":333128.25007,"Y_COORD":5364637.19819,"BEAT":"N 3","ROT_ANGLE":0,"NODE_ID":5300,"GLOBALID":"07505bff-a85d-4c8c-873d-41fef1f49b28","CREATEDDATE":1520794199000,"LASTUPDATE":1643920918000}},{"type":"Feature","id":424,"geometry":{"type":"Point","coordinates":[-89.2419609358325,48.4161142288916]},"properties":{"OBJECTID":424,"LOC_ID":"PC0808","FDMID":2524,"X_COORD":334115.00489,"Y_COORD":5364978.20478,"BEAT":"N 2","ROT_ANGLE":0,"NODE_ID":5885,"GLOBALID":"7e4f6105-7a9c-4ddc-b97c-53b5d7304a88","CREATEDDATE":1520794199000,"LASTUPDATE":1644351303000}},{"type":"Feature","id":425,"geometry":{"type":"Point","coordinates":[-89.2516973948432,48.4115715609199]},"properties":{"OBJECTID":425,"LOC_ID":"PC1026","FDMID":2740,"X_COORD":333379.56246,"Y_COORD":5364503.54212,"BEAT":"N 2","ROT_ANGLE":0,"NODE_ID":8911,"GLOBALID":"9ce6c839-f751-4b4d-855d-6196067023a6","CREATEDDATE":1520794199000,"LASTUPDATE":1678147726000}},{"type":"Feature","id":426,"geometry":{"type":"Point","coordinates":[-89.2483698973419,48.4097074738795]},"properties":{"OBJECTID":426,"LOC_ID":"PP0142","FDMID":3364,"X_COORD":333619.9142,"Y_COORD":5364280.06052,"BEAT":"N 2","ROT_ANGLE":0,"NODE_ID":595,"GLOBALID":"abb8c13b-1df9-435d-81f4-f02c384c9fe3","CREATEDDATE":1520794199000,"LASTUPDATE":1643920918000}},{"type":"Feature","id":427,"geometry":{"type":"Point","coordinates":[-89.2630300874216,48.4075361754083]},"properties":{"OBJECTID":427,"LOC_ID":"PP0198","FDMID":3562,"X_COORD":332527.97743,"Y_COORD":5364070.6986,"BEAT":"N 1","ROT_ANGLE":0,"NODE_ID":8451,"GLOBALID":"c0a16c3c-1c7f-4641-9650-ad38bfbb2498","CREATEDDATE":1520794199000,"LASTUPDATE":1643920918000}},{"type":"Feature","id":428,"geometry":{"type":"Point","coordinates":[-89.2834541081876,48.4004514020905]},"properties":{"OBJECTID":428,"LOC_ID":"FC1076","FDMID":1067,"X_COORD":330993.11791,"Y_COORD":5363328.14142,"BEAT":"S 1","ROT_ANGLE":0,"NODE_ID":4452,"GLOBALID":"6b93faec-197e-4e7f-980b-7e74c829c01a","CREATEDDATE":1520794199000,"LASTUPDATE":1643920918000}},{"type":"Feature","id":429,"geometry":{"type":"Point","coordinates":[-89.293513406964,48.3947357621242]},"properties":{"OBJECTID":429,"LOC_ID":"FC1108","FDMID":1097,"X_COORD":330229.61046,"Y_COORD":5362715.14763,"BEAT":"S 1","ROT_ANGLE":0,"NODE_ID":3049,"GLOBALID":"593cac20-cf95-4cbf-9c84-71c0c2dbe00b","CREATEDDATE":1520794199000,"LASTUPDATE":1643920918000}},{"type":"Feature","id":430,"geometry":{"type":"Point","coordinates":[-89.2827955854268,48.3923013790941]},"properties":{"OBJECTID":430,"LOC_ID":"FC0938","FDMID":929,"X_COORD":331014.85999,"Y_COORD":5362420.87691,"BEAT":"S 4","ROT_ANGLE":0,"NODE_ID":2704,"GLOBALID":"1c194286-edaf-4b68-8a42-766212142502","CREATEDDATE":1520794199000,"LASTUPDATE":1643920918000}},{"type":"Feature","id":431,"geometry":{"type":"Point","coordinates":[-89.2343375222927,48.3923378283993]},"properties":{"OBJECTID":431,"LOC_ID":"FC0562","FDMID":554,"X_COORD":334605.76355,"Y_COORD":5362340.32369,"BEAT":"S 11","ROT_ANGLE":0,"NODE_ID":2545,"GLOBALID":"d6f6a4cf-d945-4d8b-9ebe-4fdac46a2d81","CREATEDDATE":1520794199000,"LASTUPDATE":1643920918000}},{"type":"Feature","id":432,"geometry":{"type":"Point","coordinates":[-89.2314594127995,48.3919110385871]},"properties":{"OBJECTID":432,"LOC_ID":"FC0574","FDMID":566,"X_COORD":334813.58204,"Y_COORD":5362265.47902,"BEAT":"S 11","ROT_ANGLE":0,"NODE_ID":8867,"GLOBALID":"41cd8b7c-d499-40ce-864d-c328aecc050d","CREATEDDATE":1520794199000,"LASTUPDATE":1643920918000}},{"type":"Feature","id":433,"geometry":{"type":"Point","coordinates":[-89.2729479854337,48.3914710489424]},"properties":{"OBJECTID":433,"LOC_ID":"FC0852","FDMID":843,"X_COORD":331741.05955,"Y_COORD":5362306.91031,"BEAT":"S 4","ROT_ANGLE":0,"NODE_ID":1548,"GLOBALID":"fb9c930b-bfcc-4ef6-9a6e-712ce5dc3284","CREATEDDATE":1520794199000,"LASTUPDATE":1643920918000}},{"type":"Feature","id":434,"geometry":{"type":"Point","coordinates":[-89.2744426795367,48.3894493446188]},"properties":{"OBJECTID":434,"LOC_ID":"FC0818","FDMID":809,"X_COORD":331623.74473,"Y_COORD":5362085.49643,"BEAT":"S 4","ROT_ANGLE":0,"NODE_ID":2702,"GLOBALID":"87bb7216-0411-4e85-855a-9433eb890ee1","CREATEDDATE":1520794199000,"LASTUPDATE":1643920918000}},{"type":"Feature","id":435,"geometry":{"type":"Point","coordinates":[-89.2513063475427,48.3890789917549]},"properties":{"OBJECTID":435,"LOC_ID":"FC0753","FDMID":744,"X_COORD":333335.26473,"Y_COORD":5361994.47639,"BEAT":"S 9","ROT_ANGLE":0,"NODE_ID":6573,"GLOBALID":"8652a1fc-c546-4c32-9965-bb02819b9b0d","CREATEDDATE":1520794199000,"LASTUPDATE":1673055312000}},{"type":"Feature","id":436,"geometry":{"type":"Point","coordinates":[-89.2762139362958,48.3887639312763]},"properties":{"OBJECTID":436,"LOC_ID":"FC0925","FDMID":916,"X_COORD":331490.36233,"Y_COORD":5362013.21303,"BEAT":"S 4","ROT_ANGLE":0,"NODE_ID":5735,"GLOBALID":"deaf1957-1dd1-4299-8438-9eba114b216d","CREATEDDATE":1520794199000,"LASTUPDATE":1643920918000}},{"type":"Feature","id":437,"geometry":{"type":"Point","coordinates":[-89.2705353708845,48.386101349973]},"properties":{"OBJECTID":437,"LOC_ID":"FC0146","FDMID":3260,"X_COORD":331907.81385,"Y_COORD":5361704.27428,"BEAT":"S 7","ROT_ANGLE":0,"NODE_ID":7183,"GLOBALID":"1cff2f8f-d2b7-4104-94bb-b43555360559","CREATEDDATE":1520794199000,"LASTUPDATE":1643920918000}},{"type":"Feature","id":438,"geometry":{"type":"Point","coordinates":[-89.2569327527649,48.3840310150603]},"properties":{"OBJECTID":438,"LOC_ID":"FC0761","FDMID":752,"X_COORD":332902.18441,"Y_COORD":5361444.93066,"BEAT":"S 8","ROT_ANGLE":0,"NODE_ID":10100,"GLOBALID":"8bc8961e-ecef-4d02-9d93-ffd378482428","CREATEDDATE":1520794199000,"LASTUPDATE":1643920918000}},{"type":"Feature","id":439,"geometry":{"type":"Point","coordinates":[-89.3474026169517,48.3806702699272]},"properties":{"OBJECTID":439,"LOC_ID":"NC0040","FDMID":1218,"X_COORD":326192.98965,"Y_COORD":5361272.76426,"BEAT":"S 13","ROT_ANGLE":0,"NODE_ID":9925,"GLOBALID":"091fb0a5-2949-4b1d-86bf-cc6d2b415671","CREATEDDATE":1520794199000,"LASTUPDATE":1643920918000}},{"type":"Feature","id":440,"geometry":{"type":"Point","coordinates":[-89.3154184664095,48.3690476841469]},"properties":{"OBJECTID":440,"LOC_ID":"NP0011","FDMID":3272,"X_COORD":328521.98242,"Y_COORD":5359908.88663,"BEAT":"S 13","ROT_ANGLE":0,"NODE_ID":10584,"GLOBALID":"b83bfd76-2dce-4cb0-9435-b1a575f66af5","CREATEDDATE":1520794199000,"LASTUPDATE":1643920918000}},{"type":"Feature","id":441,"geometry":{"type":"Point","coordinates":[-89.2755273470155,48.377153694964]},"properties":{"OBJECTID":441,"LOC_ID":"FC0388","FDMID":382,"X_COORD":331502.86127,"Y_COORD":5360721.30007,"BEAT":"S 7","ROT_ANGLE":0,"NODE_ID":6183,"GLOBALID":"4b5d9dad-c710-4f32-8d8c-cf5a21923f6b","CREATEDDATE":1520794199000,"LASTUPDATE":1644007873000}},{"type":"Feature","id":442,"geometry":{"type":"Point","coordinates":[-89.2523768224901,48.3760783677894]},"properties":{"OBJECTID":442,"LOC_ID":"FC0142","FDMID":134,"X_COORD":333213.47631,"Y_COORD":5360551.11281,"BEAT":"S 10","ROT_ANGLE":0,"NODE_ID":9274,"GLOBALID":"ba61ac64-4103-4e18-b78b-fdf4f42a26e1","CREATEDDATE":1520794199000,"LASTUPDATE":1643920918000}},{"type":"Feature","id":443,"geometry":{"type":"Point","coordinates":[-89.2442769540579,48.3710712669463]},"properties":{"OBJECTID":443,"LOC_ID":"FP0038","FDMID":3300,"X_COORD":333796.92822,"Y_COORD":5359977.00542,"BEAT":"S 12","ROT_ANGLE":0,"NODE_ID":4921,"GLOBALID":"3dcd941a-cdd8-4a51-b65e-2062346675dc","CREATEDDATE":1520794199000,"LASTUPDATE":1643920918000}},{"type":"Feature","id":444,"geometry":{"type":"Point","coordinates":[-89.2593505955555,48.3693641629401]},"properties":{"OBJECTID":444,"LOC_ID":"FC0473","FDMID":465,"X_COORD":332675.08655,"Y_COORD":5359820.0787,"BEAT":"S 6","ROT_ANGLE":0,"NODE_ID":3949,"GLOBALID":"dcbc6269-6294-4a67-a271-cdc49b186533","CREATEDDATE":1520794199000,"LASTUPDATE":1643920919000}},{"type":"Feature","id":445,"geometry":{"type":"Point","coordinates":[-89.3482844215847,48.3670886941468]},"properties":{"OBJECTID":445,"LOC_ID":"NC0229","FDMID":1405,"X_COORD":326081.44917,"Y_COORD":5359765.26218,"BEAT":"S 15","ROT_ANGLE":0,"NODE_ID":467,"GLOBALID":"7696480d-325c-473d-b668-01a9da843b41","CREATEDDATE":1520794199000,"LASTUPDATE":1643920919000}},{"type":"Feature","id":446,"geometry":{"type":"Point","coordinates":[-89.3723682980628,48.3613411128337]},"properties":{"OBJECTID":446,"LOC_ID":"NC0098","FDMID":1276,"X_COORD":324278.10325,"Y_COORD":5359181.41553,"BEAT":"S 14","ROT_ANGLE":0,"NODE_ID":2196,"GLOBALID":"81bf07ee-dcd3-436c-9918-9c96e032b98a","CREATEDDATE":1520794199000,"LASTUPDATE":1643920919000}},{"type":"Feature","id":447,"geometry":{"type":"Point","coordinates":[-89.3203291606125,48.3538229370939]},"properties":{"OBJECTID":447,"LOC_ID":"NC0143","FDMID":1321,"X_COORD":328107.11241,"Y_COORD":5358227.77508,"BEAT":"S 15","ROT_ANGLE":0,"NODE_ID":1699,"GLOBALID":"488d9fcd-5fa0-483e-ac76-addb1a8b6b54","CREATEDDATE":1520794199000,"LASTUPDATE":1643920919000}},{"type":"Feature","id":448,"geometry":{"type":"Point","coordinates":[-89.3172369070705,48.3532735540709]},"properties":{"OBJECTID":448,"LOC_ID":"NC0146","FDMID":1324,"X_COORD":328334.33263,"Y_COORD":5358159.78225,"BEAT":"S 15","ROT_ANGLE":0,"NODE_ID":3373,"GLOBALID":"fc9c7ceb-784f-46a7-80b0-dce5810366eb","CREATEDDATE":1520794199000,"LASTUPDATE":1643920919000}},{"type":"Feature","id":449,"geometry":{"type":"Point","coordinates":[-89.3705948288283,48.3587763245406]},"properties":{"OBJECTID":449,"LOC_ID":"NC0100","FDMID":1278,"X_COORD":324400.63791,"Y_COORD":5358892.29348,"BEAT":"S 15","ROT_ANGLE":0,"NODE_ID":2310,"GLOBALID":"53e5c6b6-2c21-4862-ba37-9b5f5bc5086f","CREATEDDATE":1520794199000,"LASTUPDATE":1643920919000}},{"type":"Feature","id":450,"geometry":{"type":"Point","coordinates":[-89.3061075603359,48.3321412315783]},"properties":{"OBJECTID":450,"LOC_ID":"NC0601","FDMID":3706,"X_COORD":329088.12335,"Y_COORD":5355786.21501,"BEAT":"S 17","ROT_ANGLE":0,"NODE_ID":4114,"GLOBALID":"80410b13-4801-4913-9c98-135a848403eb","CREATEDDATE":1520794199000,"LASTUPDATE":1643920919000}},{"type":"Feature","id":451,"geometry":{"type":"Point","coordinates":[-89.3223997897386,48.3257513888108]},"properties":{"OBJECTID":451,"LOC_ID":"NC0352","FDMID":1527,"X_COORD":327867.09116,"Y_COORD":5355124.46167,"BEAT":"S 17","ROT_ANGLE":0,"NODE_ID":3464,"GLOBALID":"842480f2-cb4b-4823-b12d-1291ac84c0f3","CREATEDDATE":1520794199000,"LASTUPDATE":1643920919000}},{"type":"Feature","id":452,"geometry":{"type":"Point","coordinates":[-89.3411241710808,48.332856381255]},"properties":{"OBJECTID":452,"LOC_ID":"NC0170","FDMID":1347,"X_COORD":326495.51842,"Y_COORD":5355944.36541,"BEAT":"S 16","ROT_ANGLE":0,"NODE_ID":257,"GLOBALID":"88137c38-0b4d-4584-9c9c-ff24a747ba30","CREATEDDATE":1520794199000,"LASTUPDATE":1643920919000}},{"type":"Feature","id":453,"geometry":{"type":"Point","coordinates":[-89.3249298991515,48.323491653488]},"properties":{"OBJECTID":453,"LOC_ID":"NC0380","FDMID":1555,"X_COORD":327664.06933,"Y_COORD":5354867.02627,"BEAT":"S 17","ROT_ANGLE":0,"NODE_ID":8962,"GLOBALID":"5bef49c6-8fba-4fca-a9ce-4cdc66dac909","CREATEDDATE":1520794199000,"LASTUPDATE":1643920919000}},{"type":"Feature","id":454,"geometry":{"type":"Point","coordinates":[-89.3532163165833,48.3141286210461]},"properties":{"OBJECTID":454,"LOC_ID":"NP0060","FDMID":3527,"X_COORD":325535.51688,"Y_COORD":5353890.37501,"BEAT":"S 17","ROT_ANGLE":0,"NODE_ID":10461,"GLOBALID":"e773c3a5-f562-4887-8c6d-32fbfd61e4d6","CREATEDDATE":1520794199000,"LASTUPDATE":1643920919000}},{"type":"Feature","id":455,"geometry":{"type":"Point","coordinates":[-89.2647609348134,48.4537983556256]},"properties":{"OBJECTID":455,"LOC_ID":"MC0085","FDMID":3082,"X_COORD":332552.01865,"Y_COORD":5369216.24843,"BEAT":"N 15","ROT_ANGLE":0,"NODE_ID":10221,"GLOBALID":"bab36b77-1947-418b-b48c-d8b5e0c61681","CREATEDDATE":1520794199000,"LASTUPDATE":1643920919000}},{"type":"Feature","id":456,"geometry":{"type":"Point","coordinates":[-89.2650118936934,48.4513472861244]},"properties":{"OBJECTID":456,"LOC_ID":"MC0052","FDMID":3049,"X_COORD":332525.40054,"Y_COORD":5368944.37413,"BEAT":"N 15","ROT_ANGLE":0,"NODE_ID":7085,"GLOBALID":"e86997dd-b9a6-4612-878d-d56493335a0c","CREATEDDATE":1520794199000,"LASTUPDATE":1643920919000}},{"type":"Feature","id":457,"geometry":{"type":"Point","coordinates":[-89.2564036503028,48.4515095843508]},"properties":{"OBJECTID":457,"LOC_ID":"MC0029","FDMID":3027,"X_COORD":333162.3782,"Y_COORD":5368943.60434,"BEAT":"N 13","ROT_ANGLE":0,"NODE_ID":6512,"GLOBALID":"dedb224c-60bd-45d5-9b5d-f27a5356395b","CREATEDDATE":1520794199000,"LASTUPDATE":1643920919000}},{"type":"Feature","id":458,"geometry":{"type":"Point","coordinates":[-89.2438697276221,48.4479712309708]},"properties":{"OBJECTID":458,"LOC_ID":"PC0505","FDMID":2227,"X_COORD":334077.5544,"Y_COORD":5368523.09541,"BEAT":"N 8","ROT_ANGLE":0,"NODE_ID":2443,"GLOBALID":"2e3239b9-5224-43bf-89ac-a71ca92fd233","CREATEDDATE":1520794199000,"LASTUPDATE":1644366849000}},{"type":"Feature","id":459,"geometry":{"type":"Point","coordinates":[-89.2647898705516,48.4410491431289]},"properties":{"OBJECTID":459,"LOC_ID":"PC0987","FDMID":2701,"X_COORD":332507.92572,"Y_COORD":5367799.32171,"BEAT":"N 4","ROT_ANGLE":0,"NODE_ID":4686,"GLOBALID":"350bb13b-75f4-4ec6-b8fa-55a43e8370e9","CREATEDDATE":1520794199000,"LASTUPDATE":1643920919000}},{"type":"Feature","id":460,"geometry":{"type":"Point","coordinates":[-89.2907368185974,48.3807228009521]},"properties":{"OBJECTID":460,"LOC_ID":"FC0049","FDMID":28,"X_COORD":330388.57494,"Y_COORD":5361151.54878,"BEAT":"S 2","ROT_ANGLE":0,"NODE_ID":5435,"GLOBALID":"d33b9d22-ce61-4ba6-89fe-917bb9c0a709","CREATEDDATE":1520794199000,"LASTUPDATE":1643920919000}},{"type":"Feature","id":461,"geometry":{"type":"Point","coordinates":[-89.2402247615113,48.3967771437695]},"properties":{"OBJECTID":461,"LOC_ID":"FC0511","FDMID":503,"X_COORD":334179.82793,"Y_COORD":5362833.46187,"BEAT":"S 11","ROT_ANGLE":0,"NODE_ID":9893,"GLOBALID":"b25e3296-2906-42e5-a13c-7778878d6f96","CREATEDDATE":1520794199000,"LASTUPDATE":1643920919000}},{"type":"Feature","id":462,"geometry":{"type":"Point","coordinates":[-89.2384934396177,48.3923235932168]},"properties":{"OBJECTID":462,"LOC_ID":"FC0624","FDMID":616,"X_COORD":334294.24995,"Y_COORD":5362326.5299,"BEAT":"S 11","ROT_ANGLE":0,"NODE_ID":2816,"GLOBALID":"7a33aff2-b3bd-4f8f-9441-fcc174b4cefd","CREATEDDATE":1520794199000,"LASTUPDATE":1643920919000}},{"type":"Feature","id":463,"geometry":{"type":"Point","coordinates":[-89.1822706266333,48.4740663112034]},"properties":{"OBJECTID":463,"LOC_ID":"PC0074","FDMID":1798,"X_COORD":338715.00259,"Y_COORD":5371291.70264,"BEAT":"N 11","ROT_ANGLE":0,"NODE_ID":4011,"GLOBALID":"279c38f0-2478-48f8-bc40-2e36eadaaf99","CREATEDDATE":1520794199000,"LASTUPDATE":1644262488000}},{"type":"Feature","id":464,"geometry":{"type":"Point","coordinates":[-89.1877351437791,48.4733371061106]},"properties":{"OBJECTID":464,"LOC_ID":"PC0077","FDMID":1801,"X_COORD":338311.12522,"Y_COORD":5371240.55384,"BEAT":"N 11","ROT_ANGLE":0,"NODE_ID":6185,"GLOBALID":"bec0d59a-4827-4260-9398-bab4300883bd","CREATEDDATE":1520794199000,"LASTUPDATE":1643920919000}},{"type":"Feature","id":465,"geometry":{"type":"Point","coordinates":[-89.2616209685985,48.4653506250324]},"properties":{"OBJECTID":465,"LOC_ID":"MC0265","FDMID":3419,"X_COORD":332822.11734,"Y_COORD":5370493.35077,"BEAT":"N 15","ROT_ANGLE":0,"NODE_ID":9886,"GLOBALID":"6e7b8eec-1d99-4003-96dc-6373ebf5f7a6","CREATEDDATE":1520794199000,"LASTUPDATE":1643920919000}},{"type":"Feature","id":466,"geometry":{"type":"Point","coordinates":[-89.2495543518678,48.4630930135343]},"properties":{"OBJECTID":466,"LOC_ID":"MC0075","FDMID":3072,"X_COORD":333706.64188,"Y_COORD":5370216.12991,"BEAT":"N 12","ROT_ANGLE":0,"NODE_ID":9858,"GLOBALID":"bf1b043a-82ed-42d7-8084-5e17acf511f2","CREATEDDATE":1520794199000,"LASTUPDATE":1643920919000}},{"type":"Feature","id":467,"geometry":{"type":"Point","coordinates":[-89.2136271433592,48.4622316411061]},"properties":{"OBJECTID":467,"LOC_ID":"PC0929","FDMID":2645,"X_COORD":336359.57552,"Y_COORD":5370042.93131,"BEAT":"N 9","ROT_ANGLE":0,"NODE_ID":3829,"GLOBALID":"fcd8be43-1dbf-4538-881c-88d0b6f7e553","CREATEDDATE":1520794199000,"LASTUPDATE":1643920919000}},{"type":"Feature","id":468,"geometry":{"type":"Point","coordinates":[-89.2195976599659,48.46016910672]},"properties":{"OBJECTID":468,"LOC_ID":"PC0212","FDMID":1935,"X_COORD":335911.58166,"Y_COORD":5369826.47666,"BEAT":"N 9","ROT_ANGLE":0,"NODE_ID":5373,"GLOBALID":"f16819d8-af5f-4408-aef8-696fa78da15c","CREATEDDATE":1520794199000,"LASTUPDATE":1643920919000}},{"type":"Feature","id":469,"geometry":{"type":"Point","coordinates":[-89.2280487114182,48.4569541530644]},"properties":{"OBJECTID":469,"LOC_ID":"PC0246","FDMID":1969,"X_COORD":335276.44643,"Y_COORD":5369487.31454,"BEAT":"N 8","ROT_ANGLE":0,"NODE_ID":5606,"GLOBALID":"26eaad95-60e0-4a33-a053-25f974eb2b51","CREATEDDATE":1520794199000,"LASTUPDATE":1643920920000}},{"type":"Feature","id":470,"geometry":{"type":"Point","coordinates":[-89.2145074267314,48.4556269060926]},"properties":{"OBJECTID":470,"LOC_ID":"PC0271","FDMID":1994,"X_COORD":336273.25974,"Y_COORD":5369310.72267,"BEAT":"N 9","ROT_ANGLE":0,"NODE_ID":10527,"GLOBALID":"bb117bb6-fe56-4e54-8aae-7e1dbf192397","CREATEDDATE":1520794199000,"LASTUPDATE":1643920920000}},{"type":"Feature","id":471,"geometry":{"type":"Point","coordinates":[-89.2803756809954,48.4521242944393]},"properties":{"OBJECTID":471,"LOC_ID":"MC0252","FDMID":3373,"X_COORD":331392.04783,"Y_COORD":5369064.47294,"BEAT":"N 15","ROT_ANGLE":0,"NODE_ID":1761,"GLOBALID":"d5501abb-affa-4c88-bd0f-50e6d7fbf6f5","CREATEDDATE":1520794199000,"LASTUPDATE":1643920920000}},{"type":"Feature","id":472,"geometry":{"type":"Point","coordinates":[-89.2125220803853,48.451820187537]},"properties":{"OBJECTID":472,"LOC_ID":"PC0275","FDMID":1998,"X_COORD":336407.80361,"Y_COORD":5368883.3765,"BEAT":"N 9","ROT_ANGLE":0,"NODE_ID":4905,"GLOBALID":"03dfdd7f-c32c-455d-9113-7c55bb510f34","CREATEDDATE":1520794199000,"LASTUPDATE":1644347336000}},{"type":"Feature","id":473,"geometry":{"type":"Point","coordinates":[-89.2191343650579,48.4503094926737]},"properties":{"OBJECTID":473,"LOC_ID":"PC0798","FDMID":2515,"X_COORD":335914.05001,"Y_COORD":5368729.62827,"BEAT":"N 9","ROT_ANGLE":0,"NODE_ID":2429,"GLOBALID":"6bc1ef50-27e5-443d-8826-ca91de34f3c2","CREATEDDATE":1520794199000,"LASTUPDATE":1644349513000}},{"type":"Feature","id":474,"geometry":{"type":"Point","coordinates":[-89.2715161207013,48.4484327653619]},"properties":{"OBJECTID":474,"LOC_ID":"MC0118","FDMID":3115,"X_COORD":332034.89327,"Y_COORD":5368634.70014,"BEAT":"N 15","ROT_ANGLE":0,"NODE_ID":1696,"GLOBALID":"d16a82d4-7f4d-4115-91af-514af7f2ce9e","CREATEDDATE":1520794199000,"LASTUPDATE":1643920920000}},{"type":"Feature","id":475,"geometry":{"type":"Point","coordinates":[-89.2586117406551,48.4482992452186]},"properties":{"OBJECTID":475,"LOC_ID":"MC0006","FDMID":3004,"X_COORD":332941.18857,"Y_COORD":5368561.36587,"BEAT":"N 13","ROT_ANGLE":0,"NODE_ID":2620,"GLOBALID":"9026d8dc-4260-4a7b-b0f6-9cd733d87913","CREATEDDATE":1520794199000,"LASTUPDATE":1643920920000}},{"type":"Feature","id":476,"geometry":{"type":"Point","coordinates":[-89.2679293387123,48.4465994338017]},"properties":{"OBJECTID":476,"LOC_ID":"MC0058","FDMID":3055,"X_COORD":332294.05257,"Y_COORD":5368423.07314,"BEAT":"N 13","ROT_ANGLE":0,"NODE_ID":8394,"GLOBALID":"1a590032-d378-48fb-aafb-a00052c6e531","CREATEDDATE":1520794199000,"LASTUPDATE":1643920920000}},{"type":"Feature","id":477,"geometry":{"type":"Point","coordinates":[-89.2884025843941,48.4455534967166]},"properties":{"OBJECTID":477,"LOC_ID":"MC0288","FDMID":3442,"X_COORD":330776.74108,"Y_COORD":5368351.87928,"BEAT":"N 13","ROT_ANGLE":0,"NODE_ID":876,"GLOBALID":"f7d37dc5-c561-4617-ad3f-f3d95371c896","CREATEDDATE":1520794199000,"LASTUPDATE":1643920920000}},{"type":"Feature","id":478,"geometry":{"type":"Point","coordinates":[-89.2343722358801,48.4424780609588]},"properties":{"OBJECTID":478,"LOC_ID":"PC0333","FDMID":2056,"X_COORD":334761.98268,"Y_COORD":5367892.01086,"BEAT":"N 6","ROT_ANGLE":0,"NODE_ID":6298,"GLOBALID":"183ab771-bba4-4d22-a2c4-b9315ab5cf68","CREATEDDATE":1520794199000,"LASTUPDATE":1643920920000}},{"type":"Feature","id":479,"geometry":{"type":"Point","coordinates":[-89.2092132182903,48.4418009276868]},"properties":{"OBJECTID":479,"LOC_ID":"PC0094","FDMID":1817,"X_COORD":336620.31382,"Y_COORD":5367762.72574,"BEAT":"N 10","ROT_ANGLE":0,"NODE_ID":3990,"GLOBALID":"d5ec47d3-e702-4c17-9939-472d88506d77","CREATEDDATE":1520794199000,"LASTUPDATE":1643920920000}},{"type":"Feature","id":480,"geometry":{"type":"Point","coordinates":[-89.2515529239768,48.4401088989862]},"properties":{"OBJECTID":480,"LOC_ID":"PC0771","FDMID":2488,"X_COORD":333483.74294,"Y_COORD":5367665.9283,"BEAT":"N 4","ROT_ANGLE":0,"NODE_ID":7076,"GLOBALID":"f76fd392-b038-469d-9cd8-4b435c78209c","CREATEDDATE":1520794199000,"LASTUPDATE":1644362941000}},{"type":"Feature","id":481,"geometry":{"type":"Point","coordinates":[-89.2280532618019,48.43899616641]},"properties":{"OBJECTID":481,"LOC_ID":"PC0327","FDMID":2050,"X_COORD":335224.36809,"Y_COORD":5367503.92408,"BEAT":"N 6","ROT_ANGLE":0,"NODE_ID":770,"GLOBALID":"1918d7c6-07d3-40d2-9a88-e061c6879858","CREATEDDATE":1520794199000,"LASTUPDATE":1643920920000}},{"type":"Feature","id":482,"geometry":{"type":"Point","coordinates":[-89.2310866996659,48.4363368409148]},"properties":{"OBJECTID":482,"LOC_ID":"PC0483","FDMID":2205,"X_COORD":334984.21705,"Y_COORD":5367202.61413,"BEAT":"N 6","ROT_ANGLE":0,"NODE_ID":7324,"GLOBALID":"d45bac96-9bc6-4e1b-9e79-25ef03278d7a","CREATEDDATE":1520794199000,"LASTUPDATE":1674601364000}},{"type":"Feature","id":483,"geometry":{"type":"Point","coordinates":[-89.2344335680755,48.4361399824586]},"properties":{"OBJECTID":483,"LOC_ID":"PC0480","FDMID":2202,"X_COORD":334736.89724,"Y_COORD":5367187.68088,"BEAT":"N 6","ROT_ANGLE":0,"NODE_ID":1264,"GLOBALID":"2cede9b4-a747-4424-a6e8-fd9df79e3bfc","CREATEDDATE":1520794199000,"LASTUPDATE":1643920920000}},{"type":"Feature","id":484,"geometry":{"type":"Point","coordinates":[-89.2527754146728,48.4358595488319]},"properties":{"OBJECTID":484,"LOC_ID":"PC0650","FDMID":2369,"X_COORD":333379.44035,"Y_COORD":5367196.29221,"BEAT":"N 4","ROT_ANGLE":0,"NODE_ID":9757,"GLOBALID":"15c8def2-0521-45af-9467-982287ad7b08","CREATEDDATE":1520794199000,"LASTUPDATE":1644362913000}},{"type":"Feature","id":485,"geometry":{"type":"Point","coordinates":[-89.2654118122337,48.435667992991]},"properties":{"OBJECTID":485,"LOC_ID":"PC1125","FDMID":2839,"X_COORD":332444.23804,"Y_COORD":5367202.59057,"BEAT":"N 4","ROT_ANGLE":0,"NODE_ID":400,"GLOBALID":"9cefb8ae-6fec-4385-99a4-e413863cafd6","CREATEDDATE":1520794199000,"LASTUPDATE":1643920920000}},{"type":"Feature","id":486,"geometry":{"type":"Point","coordinates":[-89.2179690998596,48.436325231405]},"properties":{"OBJECTID":486,"LOC_ID":"PC0927","FDMID":2643,"X_COORD":335955.1846,"Y_COORD":5367172.84824,"BEAT":"N7","ROT_ANGLE":0,"NODE_ID":7421,"GLOBALID":"1b3cc81b-0038-4050-9051-b689ca5f61aa","CREATEDDATE":1520794199000,"LASTUPDATE":1644362432000}},{"type":"Feature","id":487,"geometry":{"type":"Point","coordinates":[-89.2472253898571,48.4343355509362]},"properties":{"OBJECTID":487,"LOC_ID":"PC0647","FDMID":2366,"X_COORD":333784.94614,"Y_COORD":5367014.83429,"BEAT":"N 5","ROT_ANGLE":0,"NODE_ID":1253,"GLOBALID":"1d58e2ab-7dd8-4477-b4c6-9d47b4d263df","CREATEDDATE":1520794199000,"LASTUPDATE":1643920920000}},{"type":"Feature","id":488,"geometry":{"type":"Point","coordinates":[-89.2252393176901,48.4338662935779]},"properties":{"OBJECTID":488,"LOC_ID":"PC0435","FDMID":2157,"X_COORD":335409.54723,"Y_COORD":5366915.15301,"BEAT":"N7","ROT_ANGLE":0,"NODE_ID":5485,"GLOBALID":"5989118a-10d7-45f5-9db5-70fbbdd0dabb","CREATEDDATE":1520794199000,"LASTUPDATE":1644362374000}},{"type":"Feature","id":489,"geometry":{"type":"Point","coordinates":[-89.2354513053934,48.4323603761079]},"properties":{"OBJECTID":489,"LOC_ID":"PC0578","FDMID":3312,"X_COORD":334656.19094,"Y_COORD":5366740.00984,"BEAT":"N 6","ROT_ANGLE":0,"NODE_ID":9206,"GLOBALID":"593eec5e-87c6-4407-af28-9d21af45ccad","CREATEDDATE":1520794199000,"LASTUPDATE":1677189316000}},{"type":"Feature","id":490,"geometry":{"type":"Point","coordinates":[-89.2677426478771,48.4314908483711]},"properties":{"OBJECTID":490,"LOC_ID":"PC1204","FDMID":3718,"X_COORD":332258.10326,"Y_COORD":5366743.42385,"BEAT":"N 1","ROT_ANGLE":0,"NODE_ID":3429,"GLOBALID":"7d0ed426-a651-43d0-883f-3830389ee95c","CREATEDDATE":1520794199000,"LASTUPDATE":1643920920000}},{"type":"Feature","id":491,"geometry":{"type":"Point","coordinates":[-89.2644432094362,48.4321261594714]},"properties":{"OBJECTID":491,"LOC_ID":"PC1199","FDMID":3668,"X_COORD":332504.23318,"Y_COORD":5366806.81048,"BEAT":"N 1","ROT_ANGLE":0,"NODE_ID":943,"GLOBALID":"ef24bfe4-aa50-41e9-b45d-6a8f26b745dc","CREATEDDATE":1520794199000,"LASTUPDATE":1643920920000}},{"type":"Feature","id":492,"geometry":{"type":"Point","coordinates":[-89.265647847566,48.4284733704384]},"properties":{"OBJECTID":492,"LOC_ID":"PC1215","FDMID":0,"X_COORD":332403.11932,"Y_COORD":5366403.45637,"BEAT":null,"ROT_ANGLE":0,"NODE_ID":6282,"GLOBALID":"0deee1dd-4c36-4e2c-8d94-52dc4dfb4cb2","CREATEDDATE":1520794199000,"LASTUPDATE":1643920920000}},{"type":"Feature","id":493,"geometry":{"type":"Point","coordinates":[-89.233284134101,48.423889342685]},"properties":{"OBJECTID":493,"LOC_ID":"PC0832","FDMID":2548,"X_COORD":334782.18851,"Y_COORD":5365823.59819,"BEAT":"N 3","ROT_ANGLE":0,"NODE_ID":3065,"GLOBALID":"33af48e2-4b97-4091-a14f-b65ec1ced1ac","CREATEDDATE":1520794199000,"LASTUPDATE":1643920921000}},{"type":"Feature","id":494,"geometry":{"type":"Point","coordinates":[-89.2681224158446,48.4214781075685]},"properties":{"OBJECTID":494,"LOC_ID":"PC1089","FDMID":2803,"X_COORD":332197.0447,"Y_COORD":5365631.39288,"BEAT":"N 1","ROT_ANGLE":0,"NODE_ID":7441,"GLOBALID":"64b49a8e-768a-41b8-9b60-ecbcefafc2c7","CREATEDDATE":1520794199000,"LASTUPDATE":1643920921000}},{"type":"Feature","id":495,"geometry":{"type":"Point","coordinates":[-89.2482534737639,48.4203618002411]},"properties":{"OBJECTID":495,"LOC_ID":"PP0197","FDMID":2732,"X_COORD":333663.2975,"Y_COORD":5365463.95505,"BEAT":"N 3","ROT_ANGLE":0,"NODE_ID":9573,"GLOBALID":"a53cb8b6-18e7-4017-a140-4ef3785da990","CREATEDDATE":1520794199000,"LASTUPDATE":1643920921000}},{"type":"Feature","id":496,"geometry":{"type":"Point","coordinates":[-89.2879492800935,48.4200134838054]},"properties":{"OBJECTID":496,"LOC_ID":"MP0021","FDMID":0,"X_COORD":330725.41026,"Y_COORD":5365512.25278,"BEAT":null,"ROT_ANGLE":0,"NODE_ID":6500,"GLOBALID":"b5287cd6-73d2-425a-893c-49d4052db27c","CREATEDDATE":1520794199000,"LASTUPDATE":1643920921000}},{"type":"Feature","id":497,"geometry":{"type":"Point","coordinates":[-89.2486197477234,48.4109851780192]},"properties":{"OBJECTID":497,"LOC_ID":"PC0899","FDMID":2615,"X_COORD":333603.92751,"Y_COORD":5364423.49348,"BEAT":"N 2","ROT_ANGLE":0,"NODE_ID":3047,"GLOBALID":"485bf18e-19ae-475f-8730-0b1ba4403133","CREATEDDATE":1520794199000,"LASTUPDATE":1643920921000}},{"type":"Feature","id":498,"geometry":{"type":"Point","coordinates":[-89.2406613213876,48.3989810598087]},"properties":{"OBJECTID":498,"LOC_ID":"FC0611","FDMID":603,"X_COORD":334155.42064,"Y_COORD":5363071.15531,"BEAT":"S 9","ROT_ANGLE":0,"NODE_ID":2555,"GLOBALID":"cc4a3a8f-255c-4920-8665-9297ee55177f","CREATEDDATE":1520794199000,"LASTUPDATE":1643920921000}},{"type":"Feature","id":499,"geometry":{"type":"Point","coordinates":[-89.2893660674419,48.3960608615897]},"properties":{"OBJECTID":499,"LOC_ID":"FC0883","FDMID":874,"X_COORD":330541.84214,"Y_COORD":5362818.59185,"BEAT":"S 4","ROT_ANGLE":0,"NODE_ID":7735,"GLOBALID":"06c0602c-7e73-432f-aeed-36e65c9343ce","CREATEDDATE":1520794199000,"LASTUPDATE":1643920921000}},{"type":"Feature","id":500,"geometry":{"type":"Point","coordinates":[-89.2580003980736,48.3935181911961]},"properties":{"OBJECTID":500,"LOC_ID":"FC0063","FDMID":42,"X_COORD":332854.24431,"Y_COORD":5362501.7107,"BEAT":"S 9","ROT_ANGLE":0,"NODE_ID":5089,"GLOBALID":"977fc21c-1532-4f15-974c-f5a3013b0f6e","CREATEDDATE":1520794199000,"LASTUPDATE":1643920921000}},{"type":"Feature","id":501,"geometry":{"type":"Point","coordinates":[-89.2980179636262,48.3915722892175]},"properties":{"OBJECTID":501,"LOC_ID":"FC1060","FDMID":1051,"X_COORD":329885.65807,"Y_COORD":5362373.553,"BEAT":"S 1","ROT_ANGLE":0,"NODE_ID":414,"GLOBALID":"e2fbf71f-8909-402c-bba8-62c5593270b0","CREATEDDATE":1520794199000,"LASTUPDATE":1643920921000}},{"type":"Feature","id":502,"geometry":{"type":"Point","coordinates":[-89.2851422323009,48.3884384182924]},"properties":{"OBJECTID":502,"LOC_ID":"FC0816","FDMID":807,"X_COORD":330828.35324,"Y_COORD":5361996.71742,"BEAT":"S 1","ROT_ANGLE":0,"NODE_ID":509,"GLOBALID":"ae3d18a8-4404-4e6a-9b34-64921961b3d9","CREATEDDATE":1520794199000,"LASTUPDATE":1643920921000}},{"type":"Feature","id":503,"geometry":{"type":"Point","coordinates":[-89.2552077270414,48.3871270317957]},"properties":{"OBJECTID":503,"LOC_ID":"FC0600","FDMID":592,"X_COORD":333040.06345,"Y_COORD":5361785.27319,"BEAT":"S 9","ROT_ANGLE":0,"NODE_ID":8898,"GLOBALID":"e623caa3-a732-442a-9f4c-fba3d5802c3b","CREATEDDATE":1520794199000,"LASTUPDATE":1643920921000}},{"type":"Feature","id":504,"geometry":{"type":"Point","coordinates":[-89.2676603212075,48.3842885522621]},"properties":{"OBJECTID":504,"LOC_ID":"FC0742","FDMID":733,"X_COORD":332108.83247,"Y_COORD":5361497.01617,"BEAT":"S 7","ROT_ANGLE":0,"NODE_ID":922,"GLOBALID":"fcd3f0d3-b142-4e2b-9432-fc32bc4f448c","CREATEDDATE":1520794199000,"LASTUPDATE":1644007215000}},{"type":"Feature","id":505,"geometry":{"type":"Point","coordinates":[-89.2512908942833,48.3839810346083]},"properties":{"OBJECTID":505,"LOC_ID":"FC0750","FDMID":741,"X_COORD":333319.70684,"Y_COORD":5361427.07978,"BEAT":"S 10","ROT_ANGLE":0,"NODE_ID":319,"GLOBALID":"13f98d15-345d-4e1d-84a2-d71c30560b0a","CREATEDDATE":1520794199000,"LASTUPDATE":1643920921000}},{"type":"Feature","id":506,"geometry":{"type":"Point","coordinates":[-89.2913419864087,48.3761901668388]},"properties":{"OBJECTID":506,"LOC_ID":"FP0010","FDMID":3381,"X_COORD":330328.70857,"Y_COORD":5360649.11831,"BEAT":"S 2","ROT_ANGLE":0,"NODE_ID":2881,"GLOBALID":"e4a476d3-9ebb-4ee1-93c3-657321740735","CREATEDDATE":1520794199000,"LASTUPDATE":1643920921000}},{"type":"Feature","id":507,"geometry":{"type":"Point","coordinates":[-89.2622625087107,48.3750714794542]},"properties":{"OBJECTID":507,"LOC_ID":"FC0331","FDMID":326,"X_COORD":332478.18902,"Y_COORD":5360460.77706,"BEAT":"S 8","ROT_ANGLE":0,"NODE_ID":1975,"GLOBALID":"26fb4dcd-109d-4d9b-b232-364f8a7e209f","CREATEDDATE":1520794199000,"LASTUPDATE":1643920921000}},{"type":"Feature","id":508,"geometry":{"type":"Point","coordinates":[-89.2626341465606,48.3742116242632]},"properties":{"OBJECTID":508,"LOC_ID":"FC0235","FDMID":230,"X_COORD":332449.27228,"Y_COORD":5360362.769,"BEAT":"S 8","ROT_ANGLE":0,"NODE_ID":3778,"GLOBALID":"88cbd322-b3ad-490a-8396-7d0ce929554d","CREATEDDATE":1520794199000,"LASTUPDATE":1670442841000}},{"type":"Feature","id":509,"geometry":{"type":"Point","coordinates":[-89.2844618253272,48.3728280381549]},"properties":{"OBJECTID":509,"LOC_ID":"FC0448","FDMID":441,"X_COORD":330827.18127,"Y_COORD":5360239.19038,"BEAT":"S 5","ROT_ANGLE":0,"NODE_ID":3846,"GLOBALID":"daba9ed8-51d4-4a2c-a7c1-6df2d57b194f","CREATEDDATE":1520794199000,"LASTUPDATE":1643920921000}},{"type":"Feature","id":510,"geometry":{"type":"Point","coordinates":[-89.2519058083565,48.3730557500209]},"properties":{"OBJECTID":510,"LOC_ID":"FC0711","FDMID":702,"X_COORD":333238.47241,"Y_COORD":5360214.14231,"BEAT":"S 10","ROT_ANGLE":0,"NODE_ID":2671,"GLOBALID":"20409557-399f-430c-8b2f-d840a159c8be","CREATEDDATE":1520794199000,"LASTUPDATE":1643920921000}},{"type":"Feature","id":511,"geometry":{"type":"Point","coordinates":[-89.2886174323834,48.3712399494951]},"properties":{"OBJECTID":511,"LOC_ID":"FP0015","FDMID":1153,"X_COORD":330514.01238,"Y_COORD":5360092.90532,"BEAT":"S 6","ROT_ANGLE":0,"NODE_ID":6379,"GLOBALID":"3a0bb0e1-5b72-47a6-8e97-3af19d98d41c","CREATEDDATE":1520794199000,"LASTUPDATE":1643920921000}},{"type":"Feature","id":512,"geometry":{"type":"Point","coordinates":[-89.3748957798074,48.3698238598455]},"properties":{"OBJECTID":512,"LOC_ID":"NC0448","FDMID":1621,"X_COORD":324120.11951,"Y_COORD":5360130.00817,"BEAT":"S 14","ROT_ANGLE":0,"NODE_ID":1609,"GLOBALID":"b26e0db9-6ade-4556-b44f-ddc69bb750dc","CREATEDDATE":1520794199000,"LASTUPDATE":1643920921000}},{"type":"Feature","id":513,"geometry":{"type":"Point","coordinates":[-89.3521547283453,48.3663179660325]},"properties":{"OBJECTID":513,"LOC_ID":"NC0656","FDMID":1707,"X_COORD":325792.19605,"Y_COORD":5359688.39588,"BEAT":"S 15","ROT_ANGLE":0,"NODE_ID":383,"GLOBALID":"24d57208-0b96-400b-b85f-daaa869cfc68","CREATEDDATE":1520794199000,"LASTUPDATE":1643920921000}},{"type":"Feature","id":514,"geometry":{"type":"Point","coordinates":[-89.2709024054046,48.3693537340148]},"properties":{"OBJECTID":514,"LOC_ID":"FC0479","FDMID":471,"X_COORD":331819.60803,"Y_COORD":5359844.22385,"BEAT":"S 6","ROT_ANGLE":0,"NODE_ID":6250,"GLOBALID":"df81354f-1689-48bf-8bc5-2cd17635fd06","CREATEDDATE":1520794199000,"LASTUPDATE":1644002776000}},{"type":"Feature","id":515,"geometry":{"type":"Point","coordinates":[-89.2835611961519,48.3682772200633]},"properties":{"OBJECTID":515,"LOC_ID":"FC0092","FDMID":85,"X_COORD":330878.6191,"Y_COORD":5359752.4458,"BEAT":"S 6","ROT_ANGLE":0,"NODE_ID":7396,"GLOBALID":"b4f25b8c-d1a1-4258-a107-eb958e8eba74","CREATEDDATE":1520794199000,"LASTUPDATE":1643920921000}},{"type":"Feature","id":516,"geometry":{"type":"Point","coordinates":[-89.268569468572,48.3562897342309]},"properties":{"OBJECTID":516,"LOC_ID":"FP0043","FDMID":1164,"X_COORD":331949.39465,"Y_COORD":5358387.13585,"BEAT":"S 12","ROT_ANGLE":0,"NODE_ID":6696,"GLOBALID":"aae47929-b267-42c5-9dcb-bf9773e68ba1","CREATEDDATE":1520794199000,"LASTUPDATE":1643920921000}},{"type":"Feature","id":517,"geometry":{"type":"Point","coordinates":[-89.3662667907213,48.3651890347402]},"properties":{"OBJECTID":517,"LOC_ID":"NC0065","FDMID":1243,"X_COORD":324743.2125,"Y_COORD":5359595.10922,"BEAT":"S 14","ROT_ANGLE":0,"NODE_ID":5905,"GLOBALID":"884e125a-e2ff-4cd2-963e-e0c74dd37d20","CREATEDDATE":1520794199000,"LASTUPDATE":1643920921000}},{"type":"Feature","id":518,"geometry":{"type":"Point","coordinates":[-89.3030209434858,48.3660927475677]},"properties":{"OBJECTID":518,"LOC_ID":"FC0776","FDMID":767,"X_COORD":329430.2054,"Y_COORD":5359552.79191,"BEAT":"S 3","ROT_ANGLE":0,"NODE_ID":6911,"GLOBALID":"7dd44bbc-7462-428a-ad1f-8390f5003469","CREATEDDATE":1520794199000,"LASTUPDATE":1643920921000}},{"type":"Feature","id":519,"geometry":{"type":"Point","coordinates":[-89.3029745049044,48.3640600565478]},"properties":{"OBJECTID":519,"LOC_ID":"FC0311","FDMID":306,"X_COORD":329426.85845,"Y_COORD":5359326.77028,"BEAT":"S 3","ROT_ANGLE":0,"NODE_ID":7989,"GLOBALID":"c57295c8-8345-4b4d-8413-f016376005ec","CREATEDDATE":1520794199000,"LASTUPDATE":1643920921000}},{"type":"Feature","id":520,"geometry":{"type":"Point","coordinates":[-89.2854892643057,48.3549664115847]},"properties":{"OBJECTID":520,"LOC_ID":"NC0386","FDMID":1561,"X_COORD":330691.72758,"Y_COORD":5358277.30058,"BEAT":"S 17","ROT_ANGLE":0,"NODE_ID":3813,"GLOBALID":"5cad2825-c3bb-477e-8960-9114640bcd8a","CREATEDDATE":1520794199000,"LASTUPDATE":1643920921000}},{"type":"Feature","id":521,"geometry":{"type":"Point","coordinates":[-89.2948499187932,48.3557763333387]},"properties":{"OBJECTID":521,"LOC_ID":"FC1112","FDMID":1101,"X_COORD":330001.02882,"Y_COORD":5358388.04029,"BEAT":"S 3","ROT_ANGLE":0,"NODE_ID":959,"GLOBALID":"20f6224a-58ba-4498-a906-591287c5d44e","CREATEDDATE":1520794199000,"LASTUPDATE":1643920921000}},{"type":"Feature","id":522,"geometry":{"type":"Point","coordinates":[-89.3445835276569,48.3459440859403]},"properties":{"OBJECTID":522,"LOC_ID":"NC0297","FDMID":1473,"X_COORD":326283.6436,"Y_COORD":5357406.79588,"BEAT":"S 16","ROT_ANGLE":0,"NODE_ID":5666,"GLOBALID":"793b87c4-2d21-4a91-88e3-eb96c7ed19f6","CREATEDDATE":1520794199000,"LASTUPDATE":1643920921000}},{"type":"Feature","id":523,"geometry":{"type":"Point","coordinates":[-89.3266339137804,48.3367051065455]},"properties":{"OBJECTID":523,"LOC_ID":"NC0219","FDMID":1396,"X_COORD":327582.34159,"Y_COORD":5356339.41898,"BEAT":"S 17","ROT_ANGLE":0,"NODE_ID":7806,"GLOBALID":"b0890fc3-8040-4d4d-8328-48241231d563","CREATEDDATE":1520794199000,"LASTUPDATE":1643920921000}},{"type":"Feature","id":524,"geometry":{"type":"Point","coordinates":[-89.3280700158505,48.3293491485835]},"properties":{"OBJECTID":524,"LOC_ID":"NC0562","FDMID":3540,"X_COORD":327451.09141,"Y_COORD":5355525.09988,"BEAT":"S 17","ROT_ANGLE":0,"NODE_ID":5135,"GLOBALID":"53ed927f-df7a-4098-a84d-f9089026cb1b","CREATEDDATE":1520794199000,"LASTUPDATE":1643920922000}},{"type":"Feature","id":525,"geometry":{"type":"Point","coordinates":[-89.3569614680757,48.3208502808204]},"properties":{"OBJECTID":525,"LOC_ID":"NC0503","FDMID":1676,"X_COORD":325280.83682,"Y_COORD":5354645.95773,"BEAT":"S 16","ROT_ANGLE":0,"NODE_ID":7055,"GLOBALID":"5461d9c0-cf5b-4ee3-b788-4c67060f69f6","CREATEDDATE":1520794199000,"LASTUPDATE":1643920922000}},{"type":"Feature","id":526,"geometry":{"type":"Point","coordinates":[-89.1559244629471,48.47501422847]},"properties":{"OBJECTID":526,"LOC_ID":"PP0006","FDMID":2877,"X_COORD":340665.0273,"Y_COORD":5371341.85611,"BEAT":"N 14","ROT_ANGLE":0,"NODE_ID":1203,"GLOBALID":"fdc27221-f9ed-4d09-aa58-505675c9298c","CREATEDDATE":1520794199000,"LASTUPDATE":1643920922000}},{"type":"Feature","id":527,"geometry":{"type":"Point","coordinates":[-89.1876508324853,48.4706162428991]},"properties":{"OBJECTID":527,"LOC_ID":"PC0068","FDMID":1792,"X_COORD":338306.42019,"Y_COORD":5370919.59922,"BEAT":"N 11","ROT_ANGLE":0,"NODE_ID":5566,"GLOBALID":"6aca6c68-9613-4794-af4a-58e0335634a8","CREATEDDATE":1520794199000,"LASTUPDATE":1644264477000}},{"type":"Feature","id":528,"geometry":{"type":"Point","coordinates":[-89.2105671962149,48.4613041401794]},"properties":{"OBJECTID":528,"LOC_ID":"PC0781","FDMID":2498,"X_COORD":336582.79113,"Y_COORD":5369933.30008,"BEAT":"N 9","ROT_ANGLE":0,"NODE_ID":2797,"GLOBALID":"8c31de33-f1e1-417e-85b2-a433a6c7cbcc","CREATEDDATE":1520794199000,"LASTUPDATE":1643920922000}},{"type":"Feature","id":529,"geometry":{"type":"Point","coordinates":[-89.1824586576583,48.4625071983066]},"properties":{"OBJECTID":529,"LOC_ID":"PC0029","FDMID":1753,"X_COORD":338664.45283,"Y_COORD":5370007.3491,"BEAT":"N 11","ROT_ANGLE":0,"NODE_ID":4907,"GLOBALID":"7d3b404e-2027-4ea4-9630-d2d58ed4d696","CREATEDDATE":1520794199000,"LASTUPDATE":1643920922000}},{"type":"Feature","id":530,"geometry":{"type":"Point","coordinates":[-89.1816699130972,48.4607019516259]},"properties":{"OBJECTID":530,"LOC_ID":"PC0017","FDMID":1741,"X_COORD":338717.03139,"Y_COORD":5369805.04331,"BEAT":"N 11","ROT_ANGLE":0,"NODE_ID":1832,"GLOBALID":"231a9b70-9a12-4e28-93f8-b2202ed9d0b0","CREATEDDATE":1520794199000,"LASTUPDATE":1673385988000}},{"type":"Feature","id":531,"geometry":{"type":"Point","coordinates":[-89.2671026603197,48.4578875675026]},"properties":{"OBJECTID":531,"LOC_ID":"MC0076","FDMID":3073,"X_COORD":332392.35939,"Y_COORD":5369675.8716,"BEAT":"N 15","ROT_ANGLE":0,"NODE_ID":4072,"GLOBALID":"a348f7b8-0c71-4cc1-882a-9aa2573e72a5","CREATEDDATE":1520794199000,"LASTUPDATE":1643920922000}},{"type":"Feature","id":532,"geometry":{"type":"Point","coordinates":[-89.2428913531455,48.4515250109542]},"properties":{"OBJECTID":532,"LOC_ID":"PC0880","FDMID":2596,"X_COORD":334161.4735,"Y_COORD":5368915.95787,"BEAT":"N 8","ROT_ANGLE":0,"NODE_ID":9101,"GLOBALID":"ded45830-1ee6-4ac1-b320-88631f00043c","CREATEDDATE":1520794199000,"LASTUPDATE":1644350561000}},{"type":"Feature","id":533,"geometry":{"type":"Point","coordinates":[-89.2544518935221,48.4492125208721]},"properties":{"OBJECTID":533,"LOC_ID":"MC0305","FDMID":2383,"X_COORD":333298.88278,"Y_COORD":5368679.52958,"BEAT":"N 13","ROT_ANGLE":0,"NODE_ID":6009,"GLOBALID":"e9f84458-4c67-4557-9583-6a89dbe4914d","CREATEDDATE":1520794199000,"LASTUPDATE":1644366588000}},{"type":"Feature","id":534,"geometry":{"type":"Point","coordinates":[-89.2000899884903,48.4426766032865]},"properties":{"OBJECTID":534,"LOC_ID":"PP0230","FDMID":0,"X_COORD":337297.76688,"Y_COORD":5367840.61502,"BEAT":null,"ROT_ANGLE":0,"NODE_ID":8681,"GLOBALID":"1194177a-a332-4931-98d5-39ef70a2640c","CREATEDDATE":1520794199000,"LASTUPDATE":1643920922000}},{"type":"Feature","id":535,"geometry":{"type":"Point","coordinates":[-89.2371734912868,48.4411384998231]},"properties":{"OBJECTID":535,"LOC_ID":"PC0523","FDMID":2243,"X_COORD":334550.48316,"Y_COORD":5367749.17489,"BEAT":"N 5","ROT_ANGLE":0,"NODE_ID":7805,"GLOBALID":"5cf3ef51-524c-45f6-93d0-ca6c9e413b7a","CREATEDDATE":1520794199000,"LASTUPDATE":1643920922000}},{"type":"Feature","id":536,"geometry":{"type":"Point","coordinates":[-89.2464342536749,48.4381609274574]},"properties":{"OBJECTID":536,"LOC_ID":"PC0646","FDMID":2365,"X_COORD":333855.93212,"Y_COORD":5367438.29131,"BEAT":"N 5","ROT_ANGLE":0,"NODE_ID":8748,"GLOBALID":"a15af022-e562-42ed-be39-595484b0c613","CREATEDDATE":1520794199000,"LASTUPDATE":1643920922000}},{"type":"Feature","id":537,"geometry":{"type":"Point","coordinates":[-89.2688208139755,48.4309971933028]},"properties":{"OBJECTID":537,"LOC_ID":"PC1193","FDMID":3690,"X_COORD":332176.73161,"Y_COORD":5366690.91928,"BEAT":"N 1","ROT_ANGLE":0,"NODE_ID":28,"GLOBALID":"2e67a35f-ddc5-42c7-9cc7-86e66e6912a7","CREATEDDATE":1520794199000,"LASTUPDATE":1643920922000}},{"type":"Feature","id":538,"geometry":{"type":"Point","coordinates":[-89.2505811713676,48.4298868067041]},"properties":{"OBJECTID":538,"LOC_ID":"PC0617","FDMID":2336,"X_COORD":333522.44911,"Y_COORD":5366528.09483,"BEAT":"N 5","ROT_ANGLE":0,"NODE_ID":2185,"GLOBALID":"eacbcd75-17fd-4fa3-9630-3b4c31667825","CREATEDDATE":1520794199000,"LASTUPDATE":1643920922000}},{"type":"Feature","id":539,"geometry":{"type":"Point","coordinates":[-89.2274423333793,48.4293604512211]},"properties":{"OBJECTID":539,"LOC_ID":"PC0534","FDMID":2254,"X_COORD":335232.03555,"Y_COORD":5366419.09054,"BEAT":"N7","ROT_ANGLE":0,"NODE_ID":9993,"GLOBALID":"98083bb3-d90b-4c6b-a1c8-802c182bcfb6","CREATEDDATE":1520794199000,"LASTUPDATE":1643920922000}},{"type":"Feature","id":540,"geometry":{"type":"Point","coordinates":[-89.2679901688896,48.4224763506183]},"properties":{"OBJECTID":540,"LOC_ID":"PP0212","FDMID":3710,"X_COORD":332210.11503,"Y_COORD":5365742.05118,"BEAT":"N 1","ROT_ANGLE":0,"NODE_ID":7449,"GLOBALID":"24c3a944-2225-46ac-bd4d-f5e47033da3b","CREATEDDATE":1520794199000,"LASTUPDATE":1643920922000}},{"type":"Feature","id":541,"geometry":{"type":"Point","coordinates":[-89.2482832871963,48.4196387170012]},"properties":{"OBJECTID":541,"LOC_ID":"PP0078","FDMID":2945,"X_COORD":333658.73174,"Y_COORD":5365383.65374,"BEAT":"N 3","ROT_ANGLE":0,"NODE_ID":5303,"GLOBALID":"b68de6b0-c3ac-43ee-b969-a8c96b2ce2d0","CREATEDDATE":1520794199000,"LASTUPDATE":1643920922000}},{"type":"Feature","id":542,"geometry":{"type":"Point","coordinates":[-89.2842588095094,48.4082770998551]},"properties":{"OBJECTID":542,"LOC_ID":"PC0683","FDMID":3509,"X_COORD":330959.51561,"Y_COORD":5364199.68779,"BEAT":"N 1","ROT_ANGLE":0,"NODE_ID":1449,"GLOBALID":"fc105d6f-bf5b-43b6-87a6-7ea5292509b5","CREATEDDATE":1520794199000,"LASTUPDATE":1643920922000}},{"type":"Feature","id":543,"geometry":{"type":"Point","coordinates":[-89.2527391001498,48.4150072778289]},"properties":{"OBJECTID":543,"LOC_ID":"PP0134","FDMID":2996,"X_COORD":333313.93379,"Y_COORD":5364878.59646,"BEAT":"N 2","ROT_ANGLE":0,"NODE_ID":4462,"GLOBALID":"80f6edb5-b5e4-4f6b-8b4f-23e37fc6ec2d","CREATEDDATE":1520794199000,"LASTUPDATE":1643920922000}},{"type":"Feature","id":544,"geometry":{"type":"Point","coordinates":[-89.2517444598674,48.4127372020189]},"properties":{"OBJECTID":544,"LOC_ID":"PC1060","FDMID":2774,"X_COORD":333380.10876,"Y_COORD":5364624.13144,"BEAT":"N 2","ROT_ANGLE":0,"NODE_ID":5103,"GLOBALID":"5dd9d0f8-ee9f-462b-8434-57201e5a7b5b","CREATEDDATE":1520794199000,"LASTUPDATE":1643920922000}},{"type":"Feature","id":545,"geometry":{"type":"Point","coordinates":[-89.2541409277373,48.4088382775451]},"properties":{"OBJECTID":545,"LOC_ID":"PC1022","FDMID":2736,"X_COORD":333190.64111,"Y_COORD":5364198.60004,"BEAT":"N 2","ROT_ANGLE":0,"NODE_ID":9779,"GLOBALID":"de375e88-2fca-4efa-b719-f58157230d5b","CREATEDDATE":1520794199000,"LASTUPDATE":1678145440000}},{"type":"Feature","id":546,"geometry":{"type":"Point","coordinates":[-89.2383155078986,48.4083597118183]},"properties":{"OBJECTID":546,"LOC_ID":"PC0753","FDMID":2470,"X_COORD":334359.52099,"Y_COORD":5364108.44939,"BEAT":"N 2","ROT_ANGLE":0,"NODE_ID":10509,"GLOBALID":"4b606b92-954a-452b-9af4-215c490e8892","CREATEDDATE":1520794199000,"LASTUPDATE":1643920922000}},{"type":"Feature","id":547,"geometry":{"type":"Point","coordinates":[-89.2425367551124,48.4047929824395]},"properties":{"OBJECTID":547,"LOC_ID":"PP0188","FDMID":3533,"X_COORD":334035.5407,"Y_COORD":5363721.17617,"BEAT":"N 2","ROT_ANGLE":0,"NODE_ID":8356,"GLOBALID":"c48cfe13-816a-4937-89cc-b89cfca49371","CREATEDDATE":1520794199000,"LASTUPDATE":1643920922000}},{"type":"Feature","id":548,"geometry":{"type":"Point","coordinates":[-89.2766651411397,48.400043432608]},"properties":{"OBJECTID":548,"LOC_ID":"FC1070","FDMID":1061,"X_COORD":331494.22153,"Y_COORD":5363267.83652,"BEAT":"S 1","ROT_ANGLE":0,"NODE_ID":524,"GLOBALID":"b817547b-6baa-4d98-91f8-3afed6467a71","CREATEDDATE":1520794199000,"LASTUPDATE":1643920922000}},{"type":"Feature","id":549,"geometry":{"type":"Point","coordinates":[-89.2845737441154,48.3995888358471]},"properties":{"OBJECTID":549,"LOC_ID":"FC1079","FDMID":1070,"X_COORD":330907.39222,"Y_COORD":5363234.74468,"BEAT":"S 1","ROT_ANGLE":0,"NODE_ID":3631,"GLOBALID":"e5fcb54e-3e95-4efb-9c4f-f525752fa55c","CREATEDDATE":1520794199000,"LASTUPDATE":1643920922000}},{"type":"Feature","id":550,"geometry":{"type":"Point","coordinates":[-89.2893814729096,48.3977516464591]},"properties":{"OBJECTID":550,"LOC_ID":"FC0884","FDMID":875,"X_COORD":330550.15292,"Y_COORD":5363041.34257,"BEAT":"S 4","ROT_ANGLE":0,"NODE_ID":9966,"GLOBALID":"630bdf63-eff1-4e09-a0e2-f465351daedc","CREATEDDATE":1520794199000,"LASTUPDATE":1643920922000}},{"type":"Feature","id":551,"geometry":{"type":"Point","coordinates":[-89.2814864488531,48.3962951988067]},"properties":{"OBJECTID":551,"LOC_ID":"FC0998","FDMID":989,"X_COORD":331124.98505,"Y_COORD":5362861.8707,"BEAT":"S 4","ROT_ANGLE":0,"NODE_ID":682,"GLOBALID":"5c500c89-1a96-46c8-bb63-ab725bfc2c29","CREATEDDATE":1520794199000,"LASTUPDATE":1643920922000}},{"type":"Feature","id":552,"geometry":{"type":"Point","coordinates":[-89.2785642889859,48.3942964874003]},"properties":{"OBJECTID":552,"LOC_ID":"FC0911","FDMID":902,"X_COORD":331330.28271,"Y_COORD":5362634.57291,"BEAT":"S 4","ROT_ANGLE":0,"NODE_ID":5796,"GLOBALID":"2dc3ff2e-f02b-4641-8789-9f7c706df4ea","CREATEDDATE":1520794199000,"LASTUPDATE":1673551056000}},{"type":"Feature","id":553,"geometry":{"type":"Point","coordinates":[-89.2746244814686,48.3940509176867]},"properties":{"OBJECTID":553,"LOC_ID":"FC0960","FDMID":951,"X_COORD":331625.47375,"Y_COORD":5362597.32721,"BEAT":"S 4","ROT_ANGLE":0,"NODE_ID":9939,"GLOBALID":"2aa2a914-1395-49fc-b7de-259f3ec74a1e","CREATEDDATE":1520794199000,"LASTUPDATE":1643920922000}},{"type":"Feature","id":554,"geometry":{"type":"Point","coordinates":[-89.2981048440743,48.3930737546907]},"properties":{"OBJECTID":554,"LOC_ID":"FC1063","FDMID":1054,"X_COORD":329884.23087,"Y_COORD":5362540.62167,"BEAT":"S 1","ROT_ANGLE":0,"NODE_ID":8194,"GLOBALID":"9439091e-a420-4a6c-8916-288668136fd0","CREATEDDATE":1520794199000,"LASTUPDATE":1643920922000}},{"type":"Feature","id":555,"geometry":{"type":"Point","coordinates":[-89.2730298807963,48.3886095655489]},"properties":{"OBJECTID":555,"LOC_ID":"FC0248","FDMID":243,"X_COORD":331725.55926,"Y_COORD":5361989.05534,"BEAT":"S 4","ROT_ANGLE":0,"NODE_ID":3116,"GLOBALID":"45b51b1f-d3f5-4174-b96d-b1a28dd52875","CREATEDDATE":1520794199000,"LASTUPDATE":1643920922000}},{"type":"Feature","id":556,"geometry":{"type":"Point","coordinates":[-89.2919463391669,48.3883841181555]},"properties":{"OBJECTID":556,"LOC_ID":"FC1024","FDMID":1015,"X_COORD":330324.48866,"Y_COORD":5362005.73604,"BEAT":"S 1","ROT_ANGLE":0,"NODE_ID":7298,"GLOBALID":"76dde6b3-4774-4184-9e4b-f89eef48b6b1","CREATEDDATE":1520794199000,"LASTUPDATE":1643920922000}},{"type":"Feature","id":557,"geometry":{"type":"Point","coordinates":[-89.2467488430793,48.3883501213757]},"properties":{"OBJECTID":557,"LOC_ID":"FC0117","FDMID":110,"X_COORD":333668.31023,"Y_COORD":5361900.00983,"BEAT":"S 9","ROT_ANGLE":0,"NODE_ID":1418,"GLOBALID":"3ee832f4-a725-426f-aa87-4334e9a1786f","CREATEDDATE":1520794199000,"LASTUPDATE":1674261510000}},{"type":"Feature","id":558,"geometry":{"type":"Point","coordinates":[-89.2970543627056,48.3876905808774]},"properties":{"OBJECTID":558,"LOC_ID":"FC1092","FDMID":1083,"X_COORD":329944.05244,"Y_COORD":5361939.98116,"BEAT":"S 1","ROT_ANGLE":0,"NODE_ID":1756,"GLOBALID":"77083d7a-3d64-4ba0-ae4c-d2a1a4bd7e1e","CREATEDDATE":1520794199000,"LASTUPDATE":1643920923000}},{"type":"Feature","id":559,"geometry":{"type":"Point","coordinates":[-89.2982704535781,48.38717887471]},"properties":{"OBJECTID":559,"LOC_ID":"FC1099","FDMID":3282,"X_COORD":329852.32329,"Y_COORD":5361885.80823,"BEAT":"S 1","ROT_ANGLE":0,"NODE_ID":1105,"GLOBALID":"ef7f7566-ce60-4587-87c6-9cd375990347","CREATEDDATE":1520794199000,"LASTUPDATE":1643920923000}},{"type":"Feature","id":560,"geometry":{"type":"Point","coordinates":[-89.3078146015851,48.3855361091932]},"properties":{"OBJECTID":560,"LOC_ID":"NC0560","FDMID":3486,"X_COORD":329140.28437,"Y_COORD":5361724.46577,"BEAT":"S 13","ROT_ANGLE":0,"NODE_ID":3592,"GLOBALID":"f8c9d98f-2aa6-4d7f-b2a1-d91e22f1717b","CREATEDDATE":1520794199000,"LASTUPDATE":1643920923000}},{"type":"Feature","id":561,"geometry":{"type":"Point","coordinates":[-89.3108452242179,48.3853302816129]},"properties":{"OBJECTID":561,"LOC_ID":"NC0552","FDMID":3478,"X_COORD":328915.23401,"Y_COORD":5361708.3539,"BEAT":"S 13","ROT_ANGLE":0,"NODE_ID":9267,"GLOBALID":"ea0482e9-0b40-4ed7-acd1-68c40a645b2f","CREATEDDATE":1520794199000,"LASTUPDATE":1643920923000}},{"type":"Feature","id":562,"geometry":{"type":"Point","coordinates":[-89.2453190725206,48.3848662784253]},"properties":{"OBJECTID":562,"LOC_ID":"FC0774","FDMID":765,"X_COORD":333764.70473,"Y_COORD":5361512.49009,"BEAT":"S 10","ROT_ANGLE":0,"NODE_ID":8091,"GLOBALID":"f5247252-1496-4de1-9310-cf03965ff79e","CREATEDDATE":1520794199000,"LASTUPDATE":1643920923000}},{"type":"Feature","id":563,"geometry":{"type":"Point","coordinates":[-89.2806004445149,48.3840368497877]},"properties":{"OBJECTID":563,"LOC_ID":"FC0771","FDMID":762,"X_COORD":331014.98876,"Y_COORD":5361501.88222,"BEAT":"S 5","ROT_ANGLE":0,"NODE_ID":3685,"GLOBALID":"2951e2f3-fd67-4cac-8bf3-885ac8356d51","CREATEDDATE":1520794199000,"LASTUPDATE":1643920923000}},{"type":"Feature","id":564,"geometry":{"type":"Point","coordinates":[-89.2704889170756,48.3832201511375]},"properties":{"OBJECTID":564,"LOC_ID":"FC0643","FDMID":635,"X_COORD":331895.90294,"Y_COORD":5361384.47626,"BEAT":"S 7","ROT_ANGLE":0,"NODE_ID":10431,"GLOBALID":"6129ed74-a4fc-4d70-8e51-014e0cc8b965","CREATEDDATE":1520794199000,"LASTUPDATE":1643920923000}},{"type":"Feature","id":565,"geometry":{"type":"Point","coordinates":[-89.3131476598286,48.3703580917863]},"properties":{"OBJECTID":565,"LOC_ID":"NP0012","FDMID":3273,"X_COORD":328694.54153,"Y_COORD":5360049.44804,"BEAT":"S 13","ROT_ANGLE":0,"NODE_ID":6981,"GLOBALID":"4459d53a-c4bc-4562-abbe-1860e146836b","CREATEDDATE":1520794199000,"LASTUPDATE":1643920923000}},{"type":"Feature","id":566,"geometry":{"type":"Point","coordinates":[-89.2592655592479,48.380727264143]},"properties":{"OBJECTID":566,"LOC_ID":"FC0677","FDMID":669,"X_COORD":332718.95497,"Y_COORD":5361084.84618,"BEAT":"S 8","ROT_ANGLE":0,"NODE_ID":3172,"GLOBALID":"2513f7ef-953e-41f0-89b4-d8141a927818","CREATEDDATE":1520794199000,"LASTUPDATE":1643920923000}},{"type":"Feature","id":567,"geometry":{"type":"Point","coordinates":[-89.2475999105727,48.3801095826996]},"properties":{"OBJECTID":567,"LOC_ID":"FC0717","FDMID":708,"X_COORD":333580.33276,"Y_COORD":5360988.76657,"BEAT":"S 10","ROT_ANGLE":0,"NODE_ID":1109,"GLOBALID":"36042993-041a-4718-9616-d9a9b38f3fbf","CREATEDDATE":1520794199000,"LASTUPDATE":1643920923000}},{"type":"Feature","id":568,"geometry":{"type":"Point","coordinates":[-89.3114936470475,48.3778922388353]},"properties":{"OBJECTID":568,"LOC_ID":"NC0263","FDMID":1439,"X_COORD":328842.2909,"Y_COORD":5360883.11742,"BEAT":"S 2","ROT_ANGLE":0,"NODE_ID":2853,"GLOBALID":"f1a30f28-6c3c-44a1-9415-ac3dc41ba5cd","CREATEDDATE":1520794199000,"LASTUPDATE":1643920923000}},{"type":"Feature","id":569,"geometry":{"type":"Point","coordinates":[-89.2941824793957,48.3758718772006]},"properties":{"OBJECTID":569,"LOC_ID":"FP0009","FDMID":1149,"X_COORD":330117.32502,"Y_COORD":5360620.0385,"BEAT":"S 2","ROT_ANGLE":0,"NODE_ID":9287,"GLOBALID":"7d977742-cbfa-460c-ba68-1df8ebd8f871","CREATEDDATE":1520794199000,"LASTUPDATE":1643920923000}},{"type":"Feature","id":570,"geometry":{"type":"Point","coordinates":[-89.2811656308566,48.3769442478575]},"properties":{"OBJECTID":570,"LOC_ID":"FC0389","FDMID":383,"X_COORD":331084.69628,"Y_COORD":5360710.4385,"BEAT":"S 5","ROT_ANGLE":0,"NODE_ID":5228,"GLOBALID":"56b66878-1155-4ea2-b3f9-a54a9d2c3236","CREATEDDATE":1520794199000,"LASTUPDATE":1643920923000}},{"type":"Feature","id":571,"geometry":{"type":"Point","coordinates":[-89.2612568470175,48.3767027844055]},"properties":{"OBJECTID":571,"LOC_ID":"FC0536","FDMID":528,"X_COORD":332606.67644,"Y_COORD":5360637.92574,"BEAT":"S 8","ROT_ANGLE":0,"NODE_ID":37,"GLOBALID":"5147f103-3e1b-4ad8-bb02-3c937298b13c","CREATEDDATE":1520794199000,"LASTUPDATE":1670358930000}},{"type":"Feature","id":572,"geometry":{"type":"Point","coordinates":[-89.2564980817645,48.3725124302339]},"properties":{"OBJECTID":572,"LOC_ID":"FC0254","FDMID":249,"X_COORD":332896.63868,"Y_COORD":5360163.76279,"BEAT":"S 10","ROT_ANGLE":0,"NODE_ID":8653,"GLOBALID":"7aa57169-3617-451e-b8e3-070e86bb7c6b","CREATEDDATE":1520794199000,"LASTUPDATE":1643920923000}},{"type":"Feature","id":573,"geometry":{"type":"Point","coordinates":[-89.2786438471366,48.370439194791]},"properties":{"OBJECTID":573,"LOC_ID":"FC0766","FDMID":757,"X_COORD":331249.91842,"Y_COORD":5359981.89194,"BEAT":"S 6","ROT_ANGLE":0,"NODE_ID":4342,"GLOBALID":"aadba125-ea3f-44be-93cf-256b55676c1b","CREATEDDATE":1520794199000,"LASTUPDATE":1643920923000}},{"type":"Feature","id":574,"geometry":{"type":"Point","coordinates":[-89.3626911494494,48.3706081321161]},"properties":{"OBJECTID":574,"LOC_ID":"NC0453","FDMID":1626,"X_COORD":325026.59042,"Y_COORD":5360189.2307,"BEAT":"S 14","ROT_ANGLE":0,"NODE_ID":6416,"GLOBALID":"66819936-6487-4ff4-b64a-5ccfdbb53926","CREATEDDATE":1520794199000,"LASTUPDATE":1643920923000}},{"type":"Feature","id":575,"geometry":{"type":"Point","coordinates":[-89.2631935025266,48.3693498436568]},"properties":{"OBJECTID":575,"LOC_ID":"FC0475","FDMID":467,"X_COORD":332390.46038,"Y_COORD":5359826.88932,"BEAT":"S 6","ROT_ANGLE":0,"NODE_ID":9145,"GLOBALID":"3507306e-d488-42d0-be59-e49c17df6734","CREATEDDATE":1520794199000,"LASTUPDATE":1643920923000}},{"type":"Feature","id":576,"geometry":{"type":"Point","coordinates":[-89.2812858263413,48.3671816613644]},"properties":{"OBJECTID":576,"LOC_ID":"FC0277","FDMID":272,"X_COORD":331043.49769,"Y_COORD":5359625.66385,"BEAT":"S 6","ROT_ANGLE":0,"NODE_ID":8854,"GLOBALID":"6114952d-6618-421e-a895-721b3ffa7ec0","CREATEDDATE":1520794199000,"LASTUPDATE":1643920923000}},{"type":"Feature","id":577,"geometry":{"type":"Point","coordinates":[-89.2808159859728,48.3662451394973]},"properties":{"OBJECTID":577,"LOC_ID":"FC0013","FDMID":53,"X_COORD":331075.1951,"Y_COORD":5359520.54052,"BEAT":"S 6","ROT_ANGLE":0,"NODE_ID":7021,"GLOBALID":"8634e81e-5971-49d7-956b-31683c0461ad","CREATEDDATE":1520794199000,"LASTUPDATE":1643920923000}},{"type":"Feature","id":578,"geometry":{"type":"Point","coordinates":[-89.2934360786568,48.3640773278032]},"properties":{"OBJECTID":578,"LOC_ID":"FC0316","FDMID":311,"X_COORD":330133.36086,"Y_COORD":5359307.50244,"BEAT":"S 3","ROT_ANGLE":0,"NODE_ID":7284,"GLOBALID":"eaf8ace6-b212-4f64-a2e6-2c12067ecf89","CREATEDDATE":1520794199000,"LASTUPDATE":1643920923000}},{"type":"Feature","id":579,"geometry":{"type":"Point","coordinates":[-89.2783592813856,48.3640729859974]},"properties":{"OBJECTID":579,"LOC_ID":"FC0323","FDMID":318,"X_COORD":331249.95708,"Y_COORD":5359273.70788,"BEAT":"S 6","ROT_ANGLE":0,"NODE_ID":6238,"GLOBALID":"85920405-cfb5-4ae1-9831-cc5b14668195","CREATEDDATE":1520794199000,"LASTUPDATE":1643920923000}},{"type":"Feature","id":580,"geometry":{"type":"Point","coordinates":[-89.3265272889764,48.3625796383963]},"properties":{"OBJECTID":580,"LOC_ID":"NC0188","FDMID":1365,"X_COORD":327675.58063,"Y_COORD":5359223.57745,"BEAT":"S 15","ROT_ANGLE":0,"NODE_ID":9356,"GLOBALID":"279eea59-8a1f-4b5a-bc34-8eaebf604543","CREATEDDATE":1520794199000,"LASTUPDATE":1643920923000}},{"type":"Feature","id":581,"geometry":{"type":"Point","coordinates":[-89.3135333854116,48.3623897381048]},"properties":{"OBJECTID":581,"LOC_ID":"NC0606","FDMID":0,"X_COORD":328640.64149,"Y_COORD":5359163.03498,"BEAT":null,"ROT_ANGLE":0,"NODE_ID":8388,"GLOBALID":"20adce06-2ba4-41cf-8b87-2f0584cc9601","CREATEDDATE":1520794199000,"LASTUPDATE":1643920923000}},{"type":"Feature","id":582,"geometry":{"type":"Point","coordinates":[-89.3345846888455,48.3514259031432]},"properties":{"OBJECTID":582,"LOC_ID":"NC0312","FDMID":1488,"X_COORD":327042.99541,"Y_COORD":5357993.44113,"BEAT":"S 16","ROT_ANGLE":0,"NODE_ID":263,"GLOBALID":"050d1d00-cc75-47ca-ab59-66429435fa8e","CREATEDDATE":1520794199000,"LASTUPDATE":1643920923000}},{"type":"Feature","id":583,"geometry":{"type":"Point","coordinates":[-89.3445723470968,48.3398488560378]},"properties":{"OBJECTID":583,"LOC_ID":"NC0286","FDMID":1462,"X_COORD":326263.75189,"Y_COORD":5356729.3336,"BEAT":"S 16","ROT_ANGLE":0,"NODE_ID":8367,"GLOBALID":"43a4a837-a20e-4e50-95a0-52d0b0991103","CREATEDDATE":1520794199000,"LASTUPDATE":1643920923000}},{"type":"Feature","id":584,"geometry":{"type":"Point","coordinates":[-89.3400523261071,48.3188323416767]},"properties":{"OBJECTID":584,"LOC_ID":"NC0521","FDMID":3324,"X_COORD":326527.37557,"Y_COORD":5354383.2856,"BEAT":"S 17","ROT_ANGLE":0,"NODE_ID":472,"GLOBALID":"132450cf-7274-49cf-bd5a-97265f09de05","CREATEDDATE":1520794199000,"LASTUPDATE":1643920923000}},{"type":"Feature","id":585,"geometry":{"type":"Point","coordinates":[-89.3249278689292,48.3207563448128]},"properties":{"OBJECTID":585,"LOC_ID":"NC0378","FDMID":1553,"X_COORD":327655.00079,"Y_COORD":5354563.01475,"BEAT":"S 17","ROT_ANGLE":0,"NODE_ID":9386,"GLOBALID":"78d78d33-3fac-4fd3-b972-7a80c96f5217","CREATEDDATE":1520794199000,"LASTUPDATE":1643920923000}},{"type":"Feature","id":586,"geometry":{"type":"Point","coordinates":[-89.1822860900292,48.473398500103]},"properties":{"OBJECTID":586,"LOC_ID":"PC0956","FDMID":2672,"X_COORD":338711.74294,"Y_COORD":5371217.51,"BEAT":"N 11","ROT_ANGLE":0,"NODE_ID":2128,"GLOBALID":"77322c25-70de-4dee-b2a1-460292ff5aff","CREATEDDATE":1520794199000,"LASTUPDATE":1643920923000}},{"type":"Feature","id":587,"geometry":{"type":"Point","coordinates":[-89.2093040649296,48.4644597347358]},"properties":{"OBJECTID":587,"LOC_ID":"PC1171","FDMID":3354,"X_COORD":336686.29168,"Y_COORD":5370281.33413,"BEAT":"N 9","ROT_ANGLE":0,"NODE_ID":4954,"GLOBALID":"c4ded8cb-c561-4fa4-af8d-fbc86dc833a3","CREATEDDATE":1520794199000,"LASTUPDATE":1643920924000}},{"type":"Feature","id":588,"geometry":{"type":"Point","coordinates":[-89.2486466692249,48.4592036303017]},"properties":{"OBJECTID":588,"LOC_ID":"MC0195","FDMID":3192,"X_COORD":333761.03139,"Y_COORD":5369781.87941,"BEAT":"N 12","ROT_ANGLE":0,"NODE_ID":7932,"GLOBALID":"7dd5e097-2e3b-4acc-8a2d-46246c7a07f4","CREATEDDATE":1520794199000,"LASTUPDATE":1643920924000}},{"type":"Feature","id":589,"geometry":{"type":"Point","coordinates":[-89.2517477213639,48.4575779877599]},"properties":{"OBJECTID":589,"LOC_ID":"MC0065","FDMID":3062,"X_COORD":333526.47036,"Y_COORD":5369607.94123,"BEAT":"N 12","ROT_ANGLE":0,"NODE_ID":4056,"GLOBALID":"5eeb6230-1f6e-4998-b4bd-1e46b62a1dda","CREATEDDATE":1520794199000,"LASTUPDATE":1643920924000}},{"type":"Feature","id":590,"geometry":{"type":"Point","coordinates":[-89.1808529321632,48.4589799804576]},"properties":{"OBJECTID":590,"LOC_ID":"PC0004","FDMID":1728,"X_COORD":338771.96618,"Y_COORD":5369611.93381,"BEAT":"N 11","ROT_ANGLE":0,"NODE_ID":9072,"GLOBALID":"1f102be4-7b76-4b9c-b983-95e646678ce1","CREATEDDATE":1520794199000,"LASTUPDATE":1644266300000}},{"type":"Feature","id":591,"geometry":{"type":"Point","coordinates":[-89.2678597375863,48.4523723983664]},"properties":{"OBJECTID":591,"LOC_ID":"MC0083","FDMID":3080,"X_COORD":332318.22332,"Y_COORD":5369064.54821,"BEAT":"N 15","ROT_ANGLE":0,"NODE_ID":1720,"GLOBALID":"c1caafc2-9d17-44df-8667-3b01b20bf5ab","CREATEDDATE":1520794199000,"LASTUPDATE":1643920924000}},{"type":"Feature","id":592,"geometry":{"type":"Point","coordinates":[-89.2733508495961,48.4511275766099]},"properties":{"OBJECTID":592,"LOC_ID":"MC0202","FDMID":3199,"X_COORD":331908.13539,"Y_COORD":5368938.24011,"BEAT":"N 15","ROT_ANGLE":0,"NODE_ID":9880,"GLOBALID":"3bc2fc46-005a-4a7b-98c1-d80acd480bd4","CREATEDDATE":1520794199000,"LASTUPDATE":1643920924000}},{"type":"Feature","id":593,"geometry":{"type":"Point","coordinates":[-89.2385068811942,48.4489354539953]},"properties":{"OBJECTID":593,"LOC_ID":"PC0732","FDMID":2449,"X_COORD":334477.22467,"Y_COORD":5368618.64869,"BEAT":"N 8","ROT_ANGLE":0,"NODE_ID":8380,"GLOBALID":"4eca53e4-4d14-477c-92cc-00054591dc60","CREATEDDATE":1520794199000,"LASTUPDATE":1643920924000}},{"type":"Feature","id":594,"geometry":{"type":"Point","coordinates":[-89.2167365695642,48.4487093488582]},"properties":{"OBJECTID":594,"LOC_ID":"PC0118","FDMID":1841,"X_COORD":336086.18953,"Y_COORD":5368546.63998,"BEAT":"N 10","ROT_ANGLE":0,"NODE_ID":6972,"GLOBALID":"6af1d384-2240-4e53-a362-22bae17a4351","CREATEDDATE":1520794199000,"LASTUPDATE":1644348869000}},{"type":"Feature","id":595,"geometry":{"type":"Point","coordinates":[-89.2308794599991,48.4487957403806]},"properties":{"OBJECTID":595,"LOC_ID":"PC0378","FDMID":2101,"X_COORD":335040.7398,"Y_COORD":5368586.64459,"BEAT":"N 8","ROT_ANGLE":0,"NODE_ID":4756,"GLOBALID":"6dc3b496-e945-4b6a-837a-7603fbc5f600","CREATEDDATE":1520794199000,"LASTUPDATE":1643920924000}},{"type":"Feature","id":596,"geometry":{"type":"Point","coordinates":[-89.2733774699264,48.4446162130292]},"properties":{"OBJECTID":596,"LOC_ID":"MC0164","FDMID":3161,"X_COORD":331884.65942,"Y_COORD":5368214.60133,"BEAT":"N 13","ROT_ANGLE":0,"NODE_ID":870,"GLOBALID":"912642af-0e7e-4c7d-bcb1-da9df915b7bd","CREATEDDATE":1520794199000,"LASTUPDATE":1643920924000}},{"type":"Feature","id":597,"geometry":{"type":"Point","coordinates":[-89.2699587360544,48.4363063784432]},"properties":{"OBJECTID":597,"LOC_ID":"PC1131","FDMID":2845,"X_COORD":332110.06051,"Y_COORD":5367283.50629,"BEAT":"N 4","ROT_ANGLE":0,"NODE_ID":5457,"GLOBALID":"9717f009-0660-46cd-ba1f-b1280fad55a6","CREATEDDATE":1520794199000,"LASTUPDATE":1643920924000}},{"type":"Feature","id":598,"geometry":{"type":"Point","coordinates":[-89.2641161940263,48.4335860412573]},"properties":{"OBJECTID":598,"LOC_ID":"PC1164","FDMID":3347,"X_COORD":332533.21878,"Y_COORD":5366968.35441,"BEAT":"N 4","ROT_ANGLE":0,"NODE_ID":700,"GLOBALID":"ea7ac10c-adf3-4876-a53f-6860acbcad53","CREATEDDATE":1520794199000,"LASTUPDATE":1643920924000}},{"type":"Feature","id":599,"geometry":{"type":"Point","coordinates":[-89.2660134141241,48.43126298942]},"properties":{"OBJECTID":599,"LOC_ID":"PC1198","FDMID":3695,"X_COORD":332385.25539,"Y_COORD":5366714.31051,"BEAT":"N 1","ROT_ANGLE":0,"NODE_ID":8216,"GLOBALID":"a8ef60a3-6136-4f0b-9a4d-092c3ba9c7d8","CREATEDDATE":1520794199000,"LASTUPDATE":1643920924000}},{"type":"Feature","id":600,"geometry":{"type":"Point","coordinates":[-89.252048654569,48.4240966428458]},"properties":{"OBJECTID":600,"LOC_ID":"PC0970","FDMID":2684,"X_COORD":333394.73532,"Y_COORD":5365887.31301,"BEAT":"N 3","ROT_ANGLE":0,"NODE_ID":2597,"GLOBALID":"ac8c3b37-3730-42f3-9bf9-3e10d2e549a3","CREATEDDATE":1520794199000,"LASTUPDATE":1643920924000}},{"type":"Feature","id":601,"geometry":{"type":"Point","coordinates":[-89.2622301919293,48.4185461499132]},"properties":{"OBJECTID":601,"LOC_ID":"PP0126","FDMID":2988,"X_COORD":332623.31721,"Y_COORD":5365292.62526,"BEAT":"N 1","ROT_ANGLE":0,"NODE_ID":4929,"GLOBALID":"5a719e60-a10c-4a47-8f38-864343cf4265","CREATEDDATE":1520794199000,"LASTUPDATE":1643920924000}},{"type":"Feature","id":602,"geometry":{"type":"Point","coordinates":[-89.2423259386432,48.4202951450161]},"properties":{"OBJECTID":602,"LOC_ID":"PC0999","FDMID":2713,"X_COORD":334101.60944,"Y_COORD":5365443.68036,"BEAT":"N 3","ROT_ANGLE":0,"NODE_ID":10189,"GLOBALID":"d8550cff-fb5e-4a29-a220-1b857d263849","CREATEDDATE":1520794199000,"LASTUPDATE":1643920924000}},{"type":"Feature","id":603,"geometry":{"type":"Point","coordinates":[-89.2338743584262,48.4203069351663]},"properties":{"OBJECTID":603,"LOC_ID":"PC0672","FDMID":2391,"X_COORD":334726.85795,"Y_COORD":5365424.70948,"BEAT":"N 3","ROT_ANGLE":0,"NODE_ID":2722,"GLOBALID":"e56ac5a7-e2df-4af7-ad60-562e6ced4a07","CREATEDDATE":1520794199000,"LASTUPDATE":1644351632000}},{"type":"Feature","id":604,"geometry":{"type":"Point","coordinates":[-89.2892067055858,48.4162821772259]},"properties":{"OBJECTID":604,"LOC_ID":"MC0247","FDMID":3368,"X_COORD":330619.98537,"Y_COORD":5365100.32216,"BEAT":"N 1","ROT_ANGLE":0,"NODE_ID":10242,"GLOBALID":"6838def5-6c47-4702-9be6-634e43f8c52c","CREATEDDATE":1520794199000,"LASTUPDATE":1643920924000}},{"type":"Feature","id":605,"geometry":{"type":"Point","coordinates":[-89.254497570904,48.4146112903819]},"properties":{"OBJECTID":605,"LOC_ID":"PC1065","FDMID":2779,"X_COORD":333182.53001,"Y_COORD":5364838.41624,"BEAT":"N 3","ROT_ANGLE":0,"NODE_ID":5525,"GLOBALID":"293743a4-1f89-4cef-a767-7350bc6b19b8","CREATEDDATE":1520794199000,"LASTUPDATE":1643920924000}},{"type":"Feature","id":606,"geometry":{"type":"Point","coordinates":[-89.2649127656164,48.4111332711085]},"properties":{"OBJECTID":606,"LOC_ID":"PC1049","FDMID":2763,"X_COORD":332400.48124,"Y_COORD":5364474.60593,"BEAT":"N 1","ROT_ANGLE":0,"NODE_ID":5586,"GLOBALID":"436cd80c-2486-4818-8da9-7292bccd4c24","CREATEDDATE":1520794199000,"LASTUPDATE":1643920924000}},{"type":"Feature","id":607,"geometry":{"type":"Point","coordinates":[-89.2599091150381,48.4101001909806]},"properties":{"OBJECTID":607,"LOC_ID":"PC1145","FDMID":2859,"X_COORD":332767.33846,"Y_COORD":5364348.85028,"BEAT":"N 1","ROT_ANGLE":0,"NODE_ID":4650,"GLOBALID":"55418d05-d30f-458b-85da-fa2f0870f708","CREATEDDATE":1520794199000,"LASTUPDATE":1643920924000}},{"type":"Feature","id":608,"geometry":{"type":"Point","coordinates":[-89.2448936510394,48.405406357425]},"properties":{"OBJECTID":608,"LOC_ID":"PP0114","FDMID":2978,"X_COORD":333863.1247,"Y_COORD":5363794.46539,"BEAT":"N 2","ROT_ANGLE":0,"NODE_ID":10289,"GLOBALID":"b488a759-e85e-4784-b7f9-de506c9e1303","CREATEDDATE":1520794199000,"LASTUPDATE":1643920924000}},{"type":"Feature","id":609,"geometry":{"type":"Point","coordinates":[-89.2569126770874,48.401516766309]},"properties":{"OBJECTID":609,"LOC_ID":"PC0934","FDMID":2650,"X_COORD":332960.96175,"Y_COORD":5363388.33291,"BEAT":"N 2","ROT_ANGLE":0,"NODE_ID":6143,"GLOBALID":"1b573ef6-bec9-4ed9-a539-165aba5e7ccb","CREATEDDATE":1520794199000,"LASTUPDATE":1643920924000}},{"type":"Feature","id":610,"geometry":{"type":"Point","coordinates":[-89.2423669455671,48.3979462630832]},"properties":{"OBJECTID":610,"LOC_ID":"FP0030","FDMID":3296,"X_COORD":334025.81859,"Y_COORD":5362959.84139,"BEAT":"S 9","ROT_ANGLE":0,"NODE_ID":2109,"GLOBALID":"cc6f6b55-ad89-4780-a236-fe41dd2aaf76","CREATEDDATE":1520794199000,"LASTUPDATE":1643920924000}},{"type":"Feature","id":611,"geometry":{"type":"Point","coordinates":[-89.2228863419962,48.3954483100286]},"properties":{"OBJECTID":611,"LOC_ID":"FP0049","FDMID":1169,"X_COORD":335459.59036,"Y_COORD":5362640.16881,"BEAT":"S 11","ROT_ANGLE":0,"NODE_ID":5238,"GLOBALID":"67261a4c-ab83-4aea-bb6a-884d22a1eb5b","CREATEDDATE":1520794199000,"LASTUPDATE":1643920924000}},{"type":"Feature","id":612,"geometry":{"type":"Point","coordinates":[-89.2495683049925,48.3957321688017]},"properties":{"OBJECTID":612,"LOC_ID":"FC0415","FDMID":409,"X_COORD":333485.60892,"Y_COORD":5362729.40375,"BEAT":"S 9","ROT_ANGLE":0,"NODE_ID":2249,"GLOBALID":"f0004a96-c795-4497-b568-e2687702cd28","CREATEDDATE":1520794199000,"LASTUPDATE":1643920924000}},{"type":"Feature","id":613,"geometry":{"type":"Point","coordinates":[-89.2859599235988,48.3932171641361]},"properties":{"OBJECTID":613,"LOC_ID":"FC0894","FDMID":885,"X_COORD":330783.66767,"Y_COORD":5362529.64772,"BEAT":"S 4","ROT_ANGLE":0,"NODE_ID":4431,"GLOBALID":"e08c986a-b9e6-4019-85f4-104497d34276","CREATEDDATE":1520794199000,"LASTUPDATE":1643920924000}},{"type":"Feature","id":614,"geometry":{"type":"Point","coordinates":[-89.2372447933421,48.3938329912093]},"properties":{"OBJECTID":614,"LOC_ID":"FC0673","FDMID":665,"X_COORD":334390.91452,"Y_COORD":5362492.01777,"BEAT":"S 11","ROT_ANGLE":0,"NODE_ID":6865,"GLOBALID":"693270bf-3157-4fc7-b6ac-8fe168e96d25","CREATEDDATE":1520794199000,"LASTUPDATE":1643920924000}},{"type":"Feature","id":615,"geometry":{"type":"Point","coordinates":[-89.2431330875301,48.3921226228956]},"properties":{"OBJECTID":615,"LOC_ID":"FC0240","FDMID":235,"X_COORD":333950.26582,"Y_COORD":5362318.53041,"BEAT":"S 11","ROT_ANGLE":0,"NODE_ID":7734,"GLOBALID":"e5999954-5122-4b70-8206-6ea3e1d5a3da","CREATEDDATE":1520794199000,"LASTUPDATE":1672954523000}},{"type":"Feature","id":616,"geometry":{"type":"Point","coordinates":[-89.2817288873094,48.391696797382]},"properties":{"OBJECTID":616,"LOC_ID":"FC0869","FDMID":860,"X_COORD":331091.81743,"Y_COORD":5362351.32939,"BEAT":"S 1","ROT_ANGLE":0,"NODE_ID":7830,"GLOBALID":"968ccdb8-6863-42d5-ab93-c692224244ae","CREATEDDATE":1520794199000,"LASTUPDATE":1643920925000}},{"type":"Feature","id":617,"geometry":{"type":"Point","coordinates":[-89.2905716492651,48.3900212658107]},"properties":{"OBJECTID":617,"LOC_ID":"FC0965","FDMID":956,"X_COORD":330431.6902,"Y_COORD":5362184.6506,"BEAT":"S 1","ROT_ANGLE":0,"NODE_ID":5511,"GLOBALID":"f346e946-3710-4a00-a6d0-cbba716253c8","CREATEDDATE":1520794199000,"LASTUPDATE":1643920925000}},{"type":"Feature","id":618,"geometry":{"type":"Point","coordinates":[-89.2538145867758,48.3881489255046]},"properties":{"OBJECTID":618,"LOC_ID":"FC0467","FDMID":459,"X_COORD":333146.50671,"Y_COORD":5361895.81425,"BEAT":"S 9","ROT_ANGLE":0,"NODE_ID":6391,"GLOBALID":"45e5001d-11a5-430d-b145-72e2b6b76b71","CREATEDDATE":1520794199000,"LASTUPDATE":1643920925000}},{"type":"Feature","id":619,"geometry":{"type":"Point","coordinates":[-89.2447263368101,48.3871578508528]},"properties":{"OBJECTID":619,"LOC_ID":"FC0182","FDMID":178,"X_COORD":333816.05321,"Y_COORD":5361765.89809,"BEAT":"S 11","ROT_ANGLE":0,"NODE_ID":673,"GLOBALID":"632bfa4b-802c-4f27-aade-ab68f94894a3","CREATEDDATE":1520794199000,"LASTUPDATE":1643920925000}},{"type":"Feature","id":620,"geometry":{"type":"Point","coordinates":[-89.3116121736274,48.3843781782246]},"properties":{"OBJECTID":620,"LOC_ID":"NC0550","FDMID":3476,"X_COORD":328855.26293,"Y_COORD":5361604.24689,"BEAT":"S 13","ROT_ANGLE":0,"NODE_ID":10333,"GLOBALID":"d12a65e0-60fc-4d72-a853-4d71b8893298","CREATEDDATE":1520794199000,"LASTUPDATE":1643920925000}},{"type":"Feature","id":621,"geometry":{"type":"Point","coordinates":[-89.293969376898,48.3826277341911]},"properties":{"OBJECTID":621,"LOC_ID":"FC0944","FDMID":935,"X_COORD":330155.58217,"Y_COORD":5361370.43031,"BEAT":"S 2","ROT_ANGLE":0,"NODE_ID":5730,"GLOBALID":"290928e9-82f3-430b-924b-89963428046f","CREATEDDATE":1520794199000,"LASTUPDATE":1643920925000}},{"type":"Feature","id":622,"geometry":{"type":"Point","coordinates":[-89.2995601438175,48.3826257668878]},"properties":{"OBJECTID":622,"LOC_ID":"FC0921","FDMID":912,"X_COORD":329741.66396,"Y_COORD":5361382.62078,"BEAT":"S 2","ROT_ANGLE":0,"NODE_ID":7676,"GLOBALID":"9986e01e-abe9-44ba-a17b-0ae16443e0a7","CREATEDDATE":1520794199000,"LASTUPDATE":1643920925000}},{"type":"Feature","id":623,"geometry":{"type":"Point","coordinates":[-89.2467210143543,48.3823755187933]},"properties":{"OBJECTID":623,"LOC_ID":"FC0122","FDMID":115,"X_COORD":333651.46185,"Y_COORD":5361238.1907,"BEAT":"S 10","ROT_ANGLE":0,"NODE_ID":8588,"GLOBALID":"af279dc6-a938-4656-ae69-ca7076dcccd8","CREATEDDATE":1520794199000,"LASTUPDATE":1643920925000}},{"type":"Feature","id":624,"geometry":{"type":"Point","coordinates":[-89.2875914248706,48.3823946586017]},"properties":{"OBJECTID":624,"LOC_ID":"FC0839","FDMID":830,"X_COORD":330626.99721,"Y_COORD":5361330.40548,"BEAT":"S 5","ROT_ANGLE":0,"NODE_ID":5784,"GLOBALID":"52037949-44a0-4864-be2e-07bdd3c692cb","CREATEDDATE":1520794199000,"LASTUPDATE":1643920925000}},{"type":"Feature","id":625,"geometry":{"type":"Point","coordinates":[-89.3444572850668,48.3806663532396]},"properties":{"OBJECTID":625,"LOC_ID":"NC0038","FDMID":1216,"X_COORD":326411.04226,"Y_COORD":5361265.64618,"BEAT":"S 13","ROT_ANGLE":0,"NODE_ID":3223,"GLOBALID":"15b86d25-a9c2-4207-88c9-502e20f724a5","CREATEDDATE":1520794199000,"LASTUPDATE":1643920925000}},{"type":"Feature","id":626,"geometry":{"type":"Point","coordinates":[-89.3059164783076,48.3813667950423]},"properties":{"OBJECTID":626,"LOC_ID":"FC1191","FDMID":0,"X_COORD":329266.85948,"Y_COORD":5361256.8426,"BEAT":null,"ROT_ANGLE":0,"NODE_ID":10479,"GLOBALID":"0a91b058-476f-48ac-9043-6c09c09a2d6c","CREATEDDATE":1520794199000,"LASTUPDATE":1643920925000}},{"type":"Feature","id":627,"geometry":{"type":"Point","coordinates":[-89.25782001134,48.3807479145365]},"properties":{"OBJECTID":627,"LOC_ID":"FC0038","FDMID":17,"X_COORD":332825.7382,"Y_COORD":5361081.97028,"BEAT":"S 8","ROT_ANGLE":0,"NODE_ID":9363,"GLOBALID":"bf116397-9950-4c25-a899-24844f8bb3ae","CREATEDDATE":1520794199000,"LASTUPDATE":1644008352000}},{"type":"Feature","id":628,"geometry":{"type":"Point","coordinates":[-89.2687358241669,48.3798344564971]},"properties":{"OBJECTID":628,"LOC_ID":"FC0069","FDMID":62,"X_COORD":332014.54691,"Y_COORD":5361004.33034,"BEAT":"S 7","ROT_ANGLE":0,"NODE_ID":7140,"GLOBALID":"6a0574b9-1f24-4156-bdff-c06521ff679a","CREATEDDATE":1520794199000,"LASTUPDATE":1644007640000}},{"type":"Feature","id":629,"geometry":{"type":"Point","coordinates":[-89.3607452277235,48.3773662165939]},"properties":{"OBJECTID":629,"LOC_ID":"NC0047","FDMID":1225,"X_COORD":325193.82703,"Y_COORD":5360935.90385,"BEAT":"S 13","ROT_ANGLE":0,"NODE_ID":10001,"GLOBALID":"6c18270a-7b87-44e3-8442-00f91569b7ac","CREATEDDATE":1520794199000,"LASTUPDATE":1643920925000}},{"type":"Feature","id":630,"geometry":{"type":"Point","coordinates":[-89.3805109575725,48.3759065870892]},"properties":{"OBJECTID":630,"LOC_ID":"NC0319","FDMID":1495,"X_COORD":323725.29531,"Y_COORD":5360818.96382,"BEAT":"S 14","ROT_ANGLE":0,"NODE_ID":5773,"GLOBALID":"ff7e8929-655e-4aa5-8cf1-adfd1429f907","CREATEDDATE":1520794199000,"LASTUPDATE":1643920925000}},{"type":"Feature","id":631,"geometry":{"type":"Point","coordinates":[-89.2583027648713,48.3775197325703]},"properties":{"OBJECTID":631,"LOC_ID":"FC0380","FDMID":375,"X_COORD":332779.41526,"Y_COORD":5360724.23178,"BEAT":null,"ROT_ANGLE":0,"NODE_ID":5338,"GLOBALID":"7c77a45a-179e-4987-bceb-c83dbbcc7772","CREATEDDATE":1520794199000,"LASTUPDATE":1643920925000}},{"type":"Feature","id":632,"geometry":{"type":"Point","coordinates":[-89.3804409905689,48.3745757517107]},"properties":{"OBJECTID":632,"LOC_ID":"NC0320","FDMID":1496,"X_COORD":323725.88155,"Y_COORD":5360670.89034,"BEAT":"S 14","ROT_ANGLE":0,"NODE_ID":5772,"GLOBALID":"16b668af-5296-4664-92e6-8d4b81ef130c","CREATEDDATE":1520794199000,"LASTUPDATE":1643920925000}},{"type":"Feature","id":633,"geometry":{"type":"Point","coordinates":[-89.2905064523245,48.3724099887642]},"properties":{"OBJECTID":633,"LOC_ID":"FC1148","FDMID":1137,"X_COORD":330378.01622,"Y_COORD":5360227.12791,"BEAT":"S 2","ROT_ANGLE":0,"NODE_ID":7230,"GLOBALID":"46bf869e-21bc-449b-8a0f-b30809ac253c","CREATEDDATE":1520794199000,"LASTUPDATE":1643920925000}},{"type":"Feature","id":634,"geometry":{"type":"Point","coordinates":[-89.283508495969,48.3693531260937]},"properties":{"OBJECTID":634,"LOC_ID":"FC0483","FDMID":475,"X_COORD":330870.9903,"Y_COORD":5359869.96362,"BEAT":"S 6","ROT_ANGLE":0,"NODE_ID":9962,"GLOBALID":"c003a67d-0b94-47b3-a504-6e0af821d58d","CREATEDDATE":1520794199000,"LASTUPDATE":1643920925000}},{"type":"Feature","id":635,"geometry":{"type":"Point","coordinates":[-89.2876727829213,48.3682324090844]},"properties":{"OBJECTID":635,"LOC_ID":"FC0807","FDMID":798,"X_COORD":330573.98575,"Y_COORD":5359756.54974,"BEAT":"S 6","ROT_ANGLE":0,"NODE_ID":9314,"GLOBALID":"c109fd0f-a309-4a78-b580-db6fe22f8563","CREATEDDATE":1520794199000,"LASTUPDATE":1643920925000}},{"type":"Feature","id":636,"geometry":{"type":"Point","coordinates":[-89.2792677787373,48.3662526627135]},"properties":{"OBJECTID":636,"LOC_ID":"FC0015","FDMID":55,"X_COORD":331189.87721,"Y_COORD":5359517.96542,"BEAT":"S 6","ROT_ANGLE":0,"NODE_ID":27,"GLOBALID":"2aeff2de-f47b-4333-b677-1e08e4334fe5","CREATEDDATE":1520794199000,"LASTUPDATE":1644003180000}},{"type":"Feature","id":637,"geometry":{"type":"Point","coordinates":[-89.3812018677228,48.3624070180839]},"properties":{"OBJECTID":637,"LOC_ID":"NC0082","FDMID":1260,"X_COORD":323627.52379,"Y_COORD":5359320.17853,"BEAT":"S 14","ROT_ANGLE":0,"NODE_ID":260,"GLOBALID":"69e0dde3-752c-4ee4-8161-86fc67858069","CREATEDDATE":1520794199000,"LASTUPDATE":1643920925000}},{"type":"Feature","id":638,"geometry":{"type":"Point","coordinates":[-89.3330037583921,48.3473890449396]},"properties":{"OBJECTID":638,"LOC_ID":"NC0155","FDMID":1333,"X_COORD":327146.45807,"Y_COORD":5357541.20637,"BEAT":"S 15","ROT_ANGLE":0,"NODE_ID":7506,"GLOBALID":"f22010eb-cb81-48c5-86c7-fdfd1725ae85","CREATEDDATE":1520794199000,"LASTUPDATE":1643920925000}},{"type":"Feature","id":639,"geometry":{"type":"Point","coordinates":[-89.3556692055597,48.3169013292311]},"properties":{"OBJECTID":639,"LOC_ID":"NC0361","FDMID":1536,"X_COORD":325363.14108,"Y_COORD":5354204.12144,"BEAT":"S 17","ROT_ANGLE":0,"NODE_ID":1942,"GLOBALID":"3df23b63-b782-49f6-ae15-7c9e929b5768","CREATEDDATE":1520794199000,"LASTUPDATE":1643920925000}},{"type":"Feature","id":640,"geometry":{"type":"Point","coordinates":[-89.3249102408654,48.3223469406288]},"properties":{"OBJECTID":640,"LOC_ID":"NC0379","FDMID":1554,"X_COORD":327661.66831,"Y_COORD":5354739.75664,"BEAT":"S 17","ROT_ANGLE":0,"NODE_ID":8963,"GLOBALID":"770c0714-649f-442e-8d7e-3664a3744951","CREATEDDATE":1520794199000,"LASTUPDATE":1643920925000}},{"type":"Feature","id":641,"geometry":{"type":"Point","coordinates":[-89.1856343039524,48.4671438714571]},"properties":{"OBJECTID":641,"LOC_ID":"PC0050","FDMID":1774,"X_COORD":338444.43696,"Y_COORD":5370529.39455,"BEAT":"N 11","ROT_ANGLE":0,"NODE_ID":7302,"GLOBALID":"6f5dec2b-f288-498f-bff3-42c9ff53cfc6","CREATEDDATE":1520794199000,"LASTUPDATE":1643920925000}},{"type":"Feature","id":642,"geometry":{"type":"Point","coordinates":[-89.173242923063,48.4564587706925]},"properties":{"OBJECTID":642,"LOC_ID":"PP0011","FDMID":2882,"X_COORD":339326.57789,"Y_COORD":5369315.70853,"BEAT":"N 14","ROT_ANGLE":0,"NODE_ID":9806,"GLOBALID":"b224a060-1619-497c-af0b-c4bed8c76545","CREATEDDATE":1520794199000,"LASTUPDATE":1643920925000}},{"type":"Feature","id":643,"geometry":{"type":"Point","coordinates":[-89.2003753637552,48.4554821045469]},"properties":{"OBJECTID":643,"LOC_ID":"PP0104","FDMID":2968,"X_COORD":337317.58384,"Y_COORD":5369264.4883,"BEAT":"N 10","ROT_ANGLE":0,"NODE_ID":6621,"GLOBALID":"f08847a7-905d-48f1-be6e-101743298f0d","CREATEDDATE":1520794199000,"LASTUPDATE":1643920926000}},{"type":"Feature","id":644,"geometry":{"type":"Point","coordinates":[-89.2484353654318,48.4563879467471]},"properties":{"OBJECTID":644,"LOC_ID":"MC0090","FDMID":3087,"X_COORD":333767.45391,"Y_COORD":5369468.47397,"BEAT":"N 12","ROT_ANGLE":0,"NODE_ID":7106,"GLOBALID":"a059dd15-36d8-463b-b2ad-f238ebd02a06","CREATEDDATE":1520794199000,"LASTUPDATE":1643920926000}},{"type":"Feature","id":645,"geometry":{"type":"Point","coordinates":[-89.2066660278488,48.4498680753516]},"properties":{"OBJECTID":645,"LOC_ID":"PC1182","FDMID":3385,"X_COORD":336834.51952,"Y_COORD":5368653.90731,"BEAT":"N 10","ROT_ANGLE":0,"NODE_ID":6064,"GLOBALID":"15208538-27db-4e04-9891-2794bb22b15c","CREATEDDATE":1520794199000,"LASTUPDATE":1643920926000}},{"type":"Feature","id":646,"geometry":{"type":"Point","coordinates":[-89.2653259265427,48.4473687131044]},"properties":{"OBJECTID":646,"LOC_ID":"MC0022","FDMID":3020,"X_COORD":332489.08617,"Y_COORD":5368503.97349,"BEAT":"N 13","ROT_ANGLE":0,"NODE_ID":3410,"GLOBALID":"8b60e1dc-c60c-4cf9-ad37-a69b5faac88a","CREATEDDATE":1520794199000,"LASTUPDATE":1643920926000}},{"type":"Feature","id":647,"geometry":{"type":"Point","coordinates":[-89.2214597149029,48.4466733989399]},"properties":{"OBJECTID":647,"LOC_ID":"PC0763","FDMID":2480,"X_COORD":335730.39331,"Y_COORD":5368330.48741,"BEAT":"N 9","ROT_ANGLE":0,"NODE_ID":5823,"GLOBALID":"2a05f72c-5fd3-4363-9bc9-884f1d9c863f","CREATEDDATE":1520794199000,"LASTUPDATE":1643920926000}},{"type":"Feature","id":648,"geometry":{"type":"Point","coordinates":[-89.2247015201096,48.4453943303]},"properties":{"OBJECTID":648,"LOC_ID":"PC0353","FDMID":2076,"X_COORD":335486.55152,"Y_COORD":5368195.29176,"BEAT":"N 6","ROT_ANGLE":0,"NODE_ID":1162,"GLOBALID":"c8720352-3c9a-4c21-aad5-ba6b186ba8df","CREATEDDATE":1520794199000,"LASTUPDATE":1643920926000}},{"type":"Feature","id":649,"geometry":{"type":"Point","coordinates":[-89.219570293792,48.4439830411398]},"properties":{"OBJECTID":649,"LOC_ID":"PC1031","FDMID":2745,"X_COORD":335861.4374,"Y_COORD":5368027.41413,"BEAT":"N 6","ROT_ANGLE":0,"NODE_ID":950,"GLOBALID":"43c0a84d-d6c5-41b5-87a3-f7b084b7e7d1","CREATEDDATE":1520794199000,"LASTUPDATE":1643920926000}},{"type":"Feature","id":650,"geometry":{"type":"Point","coordinates":[-89.2285199418986,48.4402457812645]},"properties":{"OBJECTID":650,"LOC_ID":"PC0325","FDMID":2048,"X_COORD":335187.53891,"Y_COORD":5367631.27537,"BEAT":"N 6","ROT_ANGLE":39.6,"NODE_ID":371,"GLOBALID":"55e46e55-d536-460b-8761-ed016f1d7f11","CREATEDDATE":1520794199000,"LASTUPDATE":1644364757000}},{"type":"Feature","id":651,"geometry":{"type":"Point","coordinates":[-89.25966607574,48.4398209765512]},"properties":{"OBJECTID":651,"LOC_ID":"PC0936","FDMID":2652,"X_COORD":332888.82863,"Y_COORD":5367646.84197,"BEAT":"N 4","ROT_ANGLE":0,"NODE_ID":1628,"GLOBALID":"8e4a525f-9d8a-454e-8ce5-e07051729c80","CREATEDDATE":1520794199000,"LASTUPDATE":1643920926000}},{"type":"Feature","id":652,"geometry":{"type":"Point","coordinates":[-89.2294397007919,48.4389189529916]},"properties":{"OBJECTID":652,"LOC_ID":"PC0328","FDMID":2051,"X_COORD":335115.22684,"Y_COORD":5367485.78392,"BEAT":"N 6","ROT_ANGLE":0,"NODE_ID":2186,"GLOBALID":"c2cc4390-e6e5-4108-9d0b-ff8fe5b304ca","CREATEDDATE":1520794199000,"LASTUPDATE":1643920926000}},{"type":"Feature","id":653,"geometry":{"type":"Point","coordinates":[-89.2611108639595,48.4359273458507]},"properties":{"OBJECTID":653,"LOC_ID":"PC0975","FDMID":2689,"X_COORD":332763.18281,"Y_COORD":5367222.00843,"BEAT":"N 4","ROT_ANGLE":0,"NODE_ID":6151,"GLOBALID":"fb360942-286b-4d5c-844b-03662d7b5256","CREATEDDATE":1520794199000,"LASTUPDATE":1643920926000}},{"type":"Feature","id":654,"geometry":{"type":"Point","coordinates":[-89.2551969893446,48.435558252664]},"properties":{"OBJECTID":654,"LOC_ID":"PC0915","FDMID":2631,"X_COORD":333199.35689,"Y_COORD":5367168.07921,"BEAT":"N 4","ROT_ANGLE":0,"NODE_ID":10357,"GLOBALID":"c1991064-8b9a-4599-ae83-2fc3b1273990","CREATEDDATE":1520794199000,"LASTUPDATE":1643920926000}},{"type":"Feature","id":655,"geometry":{"type":"Point","coordinates":[-89.2479839650729,48.4330826879466]},"properties":{"OBJECTID":655,"LOC_ID":"PC1168","FDMID":3673,"X_COORD":333724.75235,"Y_COORD":5366877.23249,"BEAT":"N 5","ROT_ANGLE":0,"NODE_ID":10157,"GLOBALID":"732fa8c6-55b2-42a5-9be0-55a103decaba","CREATEDDATE":1520794199000,"LASTUPDATE":1643920926000}},{"type":"Feature","id":656,"geometry":{"type":"Point","coordinates":[-89.2476380283162,48.4320635037957]},"properties":{"OBJECTID":656,"LOC_ID":"PC0626","FDMID":2345,"X_COORD":333747.01334,"Y_COORD":5366763.20241,"BEAT":"N 5","ROT_ANGLE":0,"NODE_ID":8488,"GLOBALID":"d5f09292-9711-49a2-9499-40d4dd0eb532","CREATEDDATE":1520794199000,"LASTUPDATE":1643920926000}},{"type":"Feature","id":657,"geometry":{"type":"Point","coordinates":[-89.2320854287838,48.4306303517038]},"properties":{"OBJECTID":657,"LOC_ID":"PC0566","FDMID":2286,"X_COORD":334892.71164,"Y_COORD":5366570.23729,"BEAT":"N 6","ROT_ANGLE":0,"NODE_ID":8599,"GLOBALID":"8ac376c4-ccdf-4af2-8c59-0de19b94cbdf","CREATEDDATE":1520794199000,"LASTUPDATE":1643920926000}},{"type":"Feature","id":658,"geometry":{"type":"Point","coordinates":[-89.2318416581443,48.4236872989804]},"properties":{"OBJECTID":658,"LOC_ID":"PC1093","FDMID":2807,"X_COORD":334888.24188,"Y_COORD":5365798.03019,"BEAT":"N 3","ROT_ANGLE":0,"NODE_ID":98,"GLOBALID":"4ee09fb6-5f22-44b6-9d17-ab1eea44f02d","CREATEDDATE":1520794199000,"LASTUPDATE":1643920926000}},{"type":"Feature","id":659,"geometry":{"type":"Point","coordinates":[-89.268626647908,48.4232147055757]},"properties":{"OBJECTID":659,"LOC_ID":"PP0223","FDMID":3708,"X_COORD":332165.46172,"Y_COORD":5365825.50949,"BEAT":"N 1","ROT_ANGLE":0,"NODE_ID":720,"GLOBALID":"4cbdee65-711f-40c8-bb84-a49a70e8bc7e","CREATEDDATE":1520794199000,"LASTUPDATE":1643920926000}},{"type":"Feature","id":660,"geometry":{"type":"Point","coordinates":[-89.2587796719039,48.4088354109872]},"properties":{"OBJECTID":660,"LOC_ID":"PC1150","FDMID":2864,"X_COORD":332846.7686,"Y_COORD":5364205.8154,"BEAT":"N 1","ROT_ANGLE":0,"NODE_ID":5815,"GLOBALID":"7af84d2e-88e7-4dad-a659-d294bbf3b5aa","CREATEDDATE":1520794199000,"LASTUPDATE":1643920926000}},{"type":"Feature","id":661,"geometry":{"type":"Point","coordinates":[-89.2743366191964,48.4090626882991]},"properties":{"OBJECTID":661,"LOC_ID":"PC1041","FDMID":2755,"X_COORD":331700.10108,"Y_COORD":5364262.64996,"BEAT":"N 1","ROT_ANGLE":0,"NODE_ID":11,"GLOBALID":"d5cd8059-3f35-4272-b7e1-fefdd848df72","CREATEDDATE":1520794199000,"LASTUPDATE":1643920926000}},{"type":"Feature","id":662,"geometry":{"type":"Point","coordinates":[-89.2421158727688,48.4084649784792]},"properties":{"OBJECTID":662,"LOC_ID":"PC0919","FDMID":2635,"X_COORD":334078.64368,"Y_COORD":5364128.38052,"BEAT":"N 2","ROT_ANGLE":0,"NODE_ID":8627,"GLOBALID":"2a32f6fb-31d8-439c-8a00-634a0b874eb3","CREATEDDATE":1520794199000,"LASTUPDATE":1644351732000}},{"type":"Feature","id":663,"geometry":{"type":"Point","coordinates":[-89.2945465628183,48.3945906612115]},"properties":{"OBJECTID":663,"LOC_ID":"FC1055","FDMID":1046,"X_COORD":330152.65737,"Y_COORD":5362701.31262,"BEAT":"S 1","ROT_ANGLE":0,"NODE_ID":3865,"GLOBALID":"bdb08226-1335-43da-9542-3e75ae4175b2","CREATEDDATE":1520794199000,"LASTUPDATE":1643920926000}},{"type":"Feature","id":664,"geometry":{"type":"Point","coordinates":[-89.244210798613,48.3809063141014]},"properties":{"OBJECTID":664,"LOC_ID":"FC0667","FDMID":659,"X_COORD":333833.85417,"Y_COORD":5361069.96081,"BEAT":"S 10","ROT_ANGLE":0,"NODE_ID":5461,"GLOBALID":"21f5dc4f-7b2e-4ed9-8e9a-5365d149b776","CREATEDDATE":1520794199000,"LASTUPDATE":1643920926000}},{"type":"Feature","id":665,"geometry":{"type":"Point","coordinates":[-89.2957682640403,48.3940256853724]},"properties":{"OBJECTID":665,"LOC_ID":"FC1056","FDMID":1047,"X_COORD":330060.35042,"Y_COORD":5362641.23172,"BEAT":"S 1","ROT_ANGLE":0,"NODE_ID":8978,"GLOBALID":"995a1018-0cff-40d9-b4ed-7adbdf53067e","CREATEDDATE":1520794199000,"LASTUPDATE":1643920926000}},{"type":"Feature","id":666,"geometry":{"type":"Point","coordinates":[-89.2893524893396,48.3910403834209]},"properties":{"OBJECTID":666,"LOC_ID":"FC0878","FDMID":869,"X_COORD":330526.55791,"Y_COORD":5362291.74231,"BEAT":"S 1","ROT_ANGLE":0,"NODE_ID":8541,"GLOBALID":"b4382c3f-ac09-4bd6-a052-beec7b4db1cd","CREATEDDATE":1520794199000,"LASTUPDATE":1643920926000}},{"type":"Feature","id":667,"geometry":{"type":"Point","coordinates":[-89.2960767894458,48.387999357038]},"properties":{"OBJECTID":667,"LOC_ID":"FC1067","FDMID":1058,"X_COORD":330021.65398,"Y_COORD":5361986.97355,"BEAT":"S 1","ROT_ANGLE":0,"NODE_ID":9813,"GLOBALID":"a04208d0-7069-4e54-9ef8-44fd6c7dd559","CREATEDDATE":1520794199000,"LASTUPDATE":1643920927000}},{"type":"Feature","id":668,"geometry":{"type":"Point","coordinates":[-89.2869824080303,48.3883858053603]},"properties":{"OBJECTID":668,"LOC_ID":"FC0934","FDMID":925,"X_COORD":330691.58652,"Y_COORD":5361992.97879,"BEAT":"S 1","ROT_ANGLE":0,"NODE_ID":7451,"GLOBALID":"c10ad153-bac6-43f2-a08a-0b03d2e6d07d","CREATEDDATE":1520794199000,"LASTUPDATE":1643920927000}},{"type":"Feature","id":669,"geometry":{"type":"Point","coordinates":[-89.3419171359138,48.3865641533904]},"properties":{"OBJECTID":669,"LOC_ID":"NC0034","FDMID":1212,"X_COORD":326619.14671,"Y_COORD":5361915.39108,"BEAT":"S 13","ROT_ANGLE":0,"NODE_ID":6519,"GLOBALID":"cedc8118-8131-461c-b3de-752f6a673419","CREATEDDATE":1520794199000,"LASTUPDATE":1643920927000}},{"type":"Feature","id":670,"geometry":{"type":"Point","coordinates":[-89.260534265881,48.3881074273544]},"properties":{"OBJECTID":670,"LOC_ID":"FC0181","FDMID":177,"X_COORD":332648.92899,"Y_COORD":5361905.86583,"BEAT":"S 7","ROT_ANGLE":0,"NODE_ID":2698,"GLOBALID":"04b07d3b-8e7b-4282-934d-decab8653c39","CREATEDDATE":1520794199000,"LASTUPDATE":1643920927000}},{"type":"Feature","id":671,"geometry":{"type":"Point","coordinates":[-89.3092927595477,48.3854354415139]},"properties":{"OBJECTID":671,"LOC_ID":"NC0553","FDMID":3479,"X_COORD":329030.51746,"Y_COORD":5361716.57534,"BEAT":"S 13","ROT_ANGLE":0,"NODE_ID":2049,"GLOBALID":"1a1092c4-5261-48e5-89a9-07a2cbb32e23","CREATEDDATE":1520794199000,"LASTUPDATE":1643920927000}},{"type":"Feature","id":672,"geometry":{"type":"Point","coordinates":[-89.3555393129456,48.3820303615883]},"properties":{"OBJECTID":672,"LOC_ID":"NC0416","FDMID":1590,"X_COORD":325595.21532,"Y_COORD":5361442.42929,"BEAT":"S 13","ROT_ANGLE":0,"NODE_ID":3909,"GLOBALID":"e770980c-5e52-4691-9235-90b6680d9940","CREATEDDATE":1520794199000,"LASTUPDATE":1643920927000}},{"type":"Feature","id":673,"geometry":{"type":"Point","coordinates":[-89.3418915635997,48.3832233323707]},"properties":{"OBJECTID":673,"LOC_ID":"NC0031","FDMID":1209,"X_COORD":326609.68853,"Y_COORD":5361544.02263,"BEAT":"S 13","ROT_ANGLE":0,"NODE_ID":2492,"GLOBALID":"7e4aa886-439a-49a8-bd23-747b9f2de78f","CREATEDDATE":1520794199000,"LASTUPDATE":1643920927000}},{"type":"Feature","id":674,"geometry":{"type":"Point","coordinates":[-89.2512931169529,48.3833161014237]},"properties":{"OBJECTID":674,"LOC_ID":"FC1130","FDMID":1119,"X_COORD":333317.36905,"Y_COORD":5361353.18103,"BEAT":"S 10","ROT_ANGLE":0,"NODE_ID":318,"GLOBALID":"4ab44ed2-69a9-4d30-8f26-bc0e4235ff64","CREATEDDATE":1520794199000,"LASTUPDATE":1643920927000}},{"type":"Feature","id":675,"geometry":{"type":"Point","coordinates":[-89.2746492427082,48.3823961578181]},"properties":{"OBJECTID":675,"LOC_ID":"FC0208","FDMID":204,"X_COORD":331585.17679,"Y_COORD":5361302.03658,"BEAT":"S 7","ROT_ANGLE":0,"NODE_ID":9291,"GLOBALID":"9b66df47-d884-4415-aa36-f4d4f31de02c","CREATEDDATE":1520794199000,"LASTUPDATE":1644006736000}},{"type":"Feature","id":676,"geometry":{"type":"Point","coordinates":[-89.2921832267969,48.3807220398941]},"properties":{"OBJECTID":676,"LOC_ID":"FC1188","FDMID":0,"X_COORD":330281.48425,"Y_COORD":5361154.66762,"BEAT":"S 2","ROT_ANGLE":0,"NODE_ID":5434,"GLOBALID":"c77ddf50-3c62-4ea4-906c-6bb22ca1cc03","CREATEDDATE":1520794199000,"LASTUPDATE":1643920927000}},{"type":"Feature","id":677,"geometry":{"type":"Point","coordinates":[-89.2536983061438,48.3791416345446]},"properties":{"OBJECTID":677,"LOC_ID":"FC0652","FDMID":644,"X_COORD":333125.64707,"Y_COORD":5360894.45361,"BEAT":"S 10","ROT_ANGLE":0,"NODE_ID":1326,"GLOBALID":"7ba33f3c-2ba1-4282-b994-f7ca7c69d62d","CREATEDDATE":1520794199000,"LASTUPDATE":1643920927000}},{"type":"Feature","id":678,"geometry":{"type":"Point","coordinates":[-89.2639546501856,48.3741923658994]},"properties":{"OBJECTID":678,"LOC_ID":"FC0125","FDMID":118,"X_COORD":332350.00495,"Y_COORD":5360366.77156,"BEAT":"S 8","ROT_ANGLE":0,"NODE_ID":9288,"GLOBALID":"c7da4b5a-e195-42b0-aabf-8fdbea3680a3","CREATEDDATE":1520794199000,"LASTUPDATE":1643920927000}},{"type":"Feature","id":679,"geometry":{"type":"Point","coordinates":[-89.3670724941133,48.3716445120778]},"properties":{"OBJECTID":679,"LOC_ID":"NC0403","FDMID":1577,"X_COORD":324705.70312,"Y_COORD":5360314.43185,"BEAT":"S 14","ROT_ANGLE":0,"NODE_ID":6120,"GLOBALID":"1209f9b2-ae3a-4145-952d-624d34d6bb24","CREATEDDATE":1520794199000,"LASTUPDATE":1643920927000}},{"type":"Feature","id":680,"geometry":{"type":"Point","coordinates":[-89.2990756098938,48.3724235522291]},"properties":{"OBJECTID":680,"LOC_ID":"FC1031","FDMID":1022,"X_COORD":329743.50946,"Y_COORD":5360247.64478,"BEAT":"S 2","ROT_ANGLE":0,"NODE_ID":5842,"GLOBALID":"2270bbea-662e-48ad-9593-f8b3d6fe365d","CREATEDDATE":1520794199000,"LASTUPDATE":1643920927000}},{"type":"Feature","id":681,"geometry":{"type":"Point","coordinates":[-89.2599870525806,48.3704509047799]},"properties":{"OBJECTID":681,"LOC_ID":"FC0159","FDMID":155,"X_COORD":332631.51971,"Y_COORD":5359942.25393,"BEAT":"S 8","ROT_ANGLE":0,"NODE_ID":725,"GLOBALID":"dee92e3f-3242-4967-b3d5-01df82a3e7f9","CREATEDDATE":1520794199000,"LASTUPDATE":1643920927000}},{"type":"Feature","id":682,"geometry":{"type":"Point","coordinates":[-89.2611703093361,48.3704710597054]},"properties":{"OBJECTID":682,"LOC_ID":"FC0160","FDMID":156,"X_COORD":332543.96361,"Y_COORD":5359947.0803,"BEAT":"S 8","ROT_ANGLE":0,"NODE_ID":2144,"GLOBALID":"6b071121-197e-447b-aee4-f11b929472ee","CREATEDDATE":1520794199000,"LASTUPDATE":1644002454000}},{"type":"Feature","id":683,"geometry":{"type":"Point","coordinates":[-89.3755664800179,48.366731520217]},"properties":{"OBJECTID":683,"LOC_ID":"NC0444","FDMID":1617,"X_COORD":324059.80104,"Y_COORD":5359787.857,"BEAT":"S 14","ROT_ANGLE":0,"NODE_ID":1848,"GLOBALID":"d49109bc-bb2f-49e3-9c57-fb7671d7124d","CREATEDDATE":1520794199000,"LASTUPDATE":1643920927000}},{"type":"Feature","id":684,"geometry":{"type":"Point","coordinates":[-89.3046311025912,48.3671050477434]},"properties":{"OBJECTID":684,"LOC_ID":"FC0006","FDMID":48,"X_COORD":329314.33903,"Y_COORD":5359668.88638,"BEAT":"S 3","ROT_ANGLE":0,"NODE_ID":1953,"GLOBALID":"3bbf7b80-cf83-4352-981b-5552ca3dd63c","CREATEDDATE":1520794199000,"LASTUPDATE":1643920927000}},{"type":"Feature","id":685,"geometry":{"type":"Point","coordinates":[-89.2617413530759,48.3682731598337]},"properties":{"OBJECTID":685,"LOC_ID":"FC0100","FDMID":93,"X_COORD":332494.46243,"Y_COORD":5359704.04593,"BEAT":"S 6","ROT_ANGLE":0,"NODE_ID":3608,"GLOBALID":"e57a0b8a-c30b-43e1-b9b0-5c07a23b7089","CREATEDDATE":1520794199000,"LASTUPDATE":1643920927000}},{"type":"Feature","id":686,"geometry":{"type":"Point","coordinates":[-89.2951992035672,48.3650045246256]},"properties":{"OBJECTID":686,"LOC_ID":"FC0295","FDMID":290,"X_COORD":330005.86441,"Y_COORD":5359413.98743,"BEAT":"S 3","ROT_ANGLE":0,"NODE_ID":4518,"GLOBALID":"58fd6bee-3a3f-4616-982e-13d2a9266c6a","CREATEDDATE":1520794199000,"LASTUPDATE":1643920927000}},{"type":"Feature","id":687,"geometry":{"type":"Point","coordinates":[-89.3333070441263,48.3317797179903]},"properties":{"OBJECTID":687,"LOC_ID":"NC0246","FDMID":1422,"X_COORD":327071.18383,"Y_COORD":5355807.03856,"BEAT":"S 17","ROT_ANGLE":0,"NODE_ID":3970,"GLOBALID":"da3e4186-bb7d-4f10-ac81-fbc708643bbb","CREATEDDATE":1520794199000,"LASTUPDATE":1643920927000}},{"type":"Feature","id":688,"geometry":{"type":"Point","coordinates":[-89.3441905110229,48.3387059588378]},"properties":{"OBJECTID":688,"LOC_ID":"NC0242","FDMID":1418,"X_COORD":326288.16047,"Y_COORD":5356601.4442,"BEAT":"S 16","ROT_ANGLE":0,"NODE_ID":9456,"GLOBALID":"97c232d8-bbf4-4501-a5a9-be5e73f337dc","CREATEDDATE":1520794199000,"LASTUPDATE":1643920927000}},{"type":"Feature","id":689,"geometry":{"type":"Point","coordinates":[-89.3618673193429,48.3195603744446]},"properties":{"OBJECTID":689,"LOC_ID":"NC0391","FDMID":1566,"X_COORD":324912.77666,"Y_COORD":5354513.78723,"BEAT":"S 16","ROT_ANGLE":0,"NODE_ID":3213,"GLOBALID":"92c4d094-15f3-4f78-82b8-1f9d24d290b2","CREATEDDATE":1520794199000,"LASTUPDATE":1643920928000}},{"type":"Feature","id":690,"geometry":{"type":"Point","coordinates":[-89.3492179501723,48.3114112441304]},"properties":{"OBJECTID":690,"LOC_ID":"NC0461","FDMID":1634,"X_COORD":325822.68053,"Y_COORD":5353579.27255,"BEAT":"S 17","ROT_ANGLE":0,"NODE_ID":10270,"GLOBALID":"edf51281-b977-4d9f-8b89-d4262ba5a064","CREATEDDATE":1520794199000,"LASTUPDATE":1643920928000}},{"type":"Feature","id":691,"geometry":{"type":"Point","coordinates":[-89.3458442221135,48.3134946126608]},"properties":{"OBJECTID":691,"LOC_ID":"NC0492","FDMID":1665,"X_COORD":326079.88655,"Y_COORD":5353803.16323,"BEAT":"S 17","ROT_ANGLE":0,"NODE_ID":8462,"GLOBALID":"0d3f8e55-fa3e-4724-9b29-200120ecde7a","CREATEDDATE":1520794199000,"LASTUPDATE":1643920928000}},{"type":"Feature","id":692,"geometry":{"type":"Point","coordinates":[-89.1852785322417,48.4764833382044]},"properties":{"OBJECTID":692,"LOC_ID":"PC0079","FDMID":1803,"X_COORD":338500.38192,"Y_COORD":5371566.69349,"BEAT":"N 11","ROT_ANGLE":0,"NODE_ID":9313,"GLOBALID":"7233ecf5-dfd6-4dce-9293-4b90775fdd84","CREATEDDATE":1520794199000,"LASTUPDATE":1643920928000}},{"type":"Feature","id":693,"geometry":{"type":"Point","coordinates":[-89.1872554445511,48.4652172575013]},"properties":{"OBJECTID":693,"LOC_ID":"PC0045","FDMID":1769,"X_COORD":338318.48598,"Y_COORD":5370318.68786,"BEAT":"N 11","ROT_ANGLE":0,"NODE_ID":9342,"GLOBALID":"99818090-97ac-45e8-a434-78b9911d40a6","CREATEDDATE":1520794199000,"LASTUPDATE":1644265869000}},{"type":"Feature","id":694,"geometry":{"type":"Point","coordinates":[-89.2136116762019,48.4610668062979]},"properties":{"OBJECTID":694,"LOC_ID":"PC0928","FDMID":2644,"X_COORD":336356.97353,"Y_COORD":5369913.43064,"BEAT":"N 9","ROT_ANGLE":0,"NODE_ID":1826,"GLOBALID":"b35d965f-9762-41d1-8d63-f88cc790e61c","CREATEDDATE":1520794199000,"LASTUPDATE":1643920928000}},{"type":"Feature","id":695,"geometry":{"type":"Point","coordinates":[-89.2479555913891,48.4596651892181]},"properties":{"OBJECTID":695,"LOC_ID":"MC0194","FDMID":3191,"X_COORD":333813.62582,"Y_COORD":5369831.67678,"BEAT":"N 12","ROT_ANGLE":0,"NODE_ID":7119,"GLOBALID":"515ddced-af55-4ba0-908f-27d556926070","CREATEDDATE":1520794199000,"LASTUPDATE":1643920928000}},{"type":"Feature","id":696,"geometry":{"type":"Point","coordinates":[-89.2466151567705,48.4549039321308]},"properties":{"OBJECTID":696,"LOC_ID":"MC0112","FDMID":3109,"X_COORD":333897.17577,"Y_COORD":5369299.58104,"BEAT":"N 12","ROT_ANGLE":0,"NODE_ID":9643,"GLOBALID":"adc0fa85-8163-4c69-8cef-2acd71200778","CREATEDDATE":1520794199000,"LASTUPDATE":1643920928000}},{"type":"Feature","id":697,"geometry":{"type":"Point","coordinates":[-89.2352277163741,48.454118991659]},"properties":{"OBJECTID":697,"LOC_ID":"PC0789","FDMID":2506,"X_COORD":334736.51376,"Y_COORD":5369187.68421,"BEAT":"N 8","ROT_ANGLE":0,"NODE_ID":4811,"GLOBALID":"3a1e0340-195a-4e55-aae4-0aa120eec802","CREATEDDATE":1520794199000,"LASTUPDATE":1644350425000}},{"type":"Feature","id":698,"geometry":{"type":"Point","coordinates":[-89.1818761829831,48.453323630416]},"properties":{"OBJECTID":698,"LOC_ID":"PP0022","FDMID":2892,"X_COORD":338678.39254,"Y_COORD":5368985.41758,"BEAT":"N 14","ROT_ANGLE":0,"NODE_ID":5781,"GLOBALID":"b38f4d41-6468-48e4-9202-c0cdc8d76d78","CREATEDDATE":1520794199000,"LASTUPDATE":1643920928000}},{"type":"Feature","id":699,"geometry":{"type":"Point","coordinates":[-89.2411272671252,48.4521939346213]},"properties":{"OBJECTID":699,"LOC_ID":"PC0889","FDMID":2605,"X_COORD":334294.08073,"Y_COORD":5368986.48306,"BEAT":"N 8","ROT_ANGLE":0,"NODE_ID":7953,"GLOBALID":"b27dac59-7c6d-411b-b1e0-3128c2ea0ed6","CREATEDDATE":1520794199000,"LASTUPDATE":1644350606000}},{"type":"Feature","id":700,"geometry":{"type":"Point","coordinates":[-89.2200415901377,48.4518283137615]},"properties":{"OBJECTID":700,"LOC_ID":"PC0813","FDMID":2529,"X_COORD":335851.86889,"Y_COORD":5368900.38514,"BEAT":"N 9","ROT_ANGLE":0,"NODE_ID":8925,"GLOBALID":"9a1b8872-9b5a-4323-ab72-f28f1d7681c6","CREATEDDATE":1520794199000,"LASTUPDATE":1643920928000}},{"type":"Feature","id":701,"geometry":{"type":"Point","coordinates":[-89.2117057222519,48.4500089748704]},"properties":{"OBJECTID":701,"LOC_ID":"PC0128","FDMID":1851,"X_COORD":336462.34365,"Y_COORD":5368680.3237,"BEAT":"N 10","ROT_ANGLE":0,"NODE_ID":9355,"GLOBALID":"a7d513b5-6c09-413b-9f5d-99e942b33fdb","CREATEDDATE":1520794199000,"LASTUPDATE":1643920928000}},{"type":"Feature","id":702,"geometry":{"type":"Point","coordinates":[-89.2401580159332,48.4483602641723]},"properties":{"OBJECTID":702,"LOC_ID":"PC0734","FDMID":2451,"X_COORD":334353.26947,"Y_COORD":5368558.2931,"BEAT":"N 8","ROT_ANGLE":0,"NODE_ID":3387,"GLOBALID":"cd045ce4-6c1b-4fd9-ba96-61bb40c01c14","CREATEDDATE":1520794199000,"LASTUPDATE":1643920928000}},{"type":"Feature","id":703,"geometry":{"type":"Point","coordinates":[-89.2483939538297,48.4464912761646]},"properties":{"OBJECTID":703,"LOC_ID":"PC0636","FDMID":2355,"X_COORD":333738.19235,"Y_COORD":5368368.42533,"BEAT":"N 8","ROT_ANGLE":0,"NODE_ID":4771,"GLOBALID":"7ed4e0ea-5884-4b04-b535-c0b17ffac4ae","CREATEDDATE":1520794199000,"LASTUPDATE":1644366698000}},{"type":"Feature","id":704,"geometry":{"type":"Point","coordinates":[-89.2660347906651,48.4459732103061]},"properties":{"OBJECTID":704,"LOC_ID":"MC0011","FDMID":3009,"X_COORD":332432.07599,"Y_COORD":5368349.32312,"BEAT":"N 13","ROT_ANGLE":0,"NODE_ID":5960,"GLOBALID":"dd1ab232-aa14-4642-ba33-4b54cdf40b39","CREATEDDATE":1520794199000,"LASTUPDATE":1643920928000}},{"type":"Feature","id":705,"geometry":{"type":"Point","coordinates":[-89.2598998461706,48.4414893504935]},"properties":{"OBJECTID":705,"LOC_ID":"PC1003","FDMID":2717,"X_COORD":332870.9967,"Y_COORD":5367837.5548,"BEAT":"N 4","ROT_ANGLE":0,"NODE_ID":8376,"GLOBALID":"a8d7e65e-8935-4d04-bee5-040efc1edf98","CREATEDDATE":1520794199000,"LASTUPDATE":1643920928000}},{"type":"Feature","id":706,"geometry":{"type":"Point","coordinates":[-89.2147745944004,48.4415012184517]},"properties":{"OBJECTID":706,"LOC_ID":"PC0294","FDMID":2017,"X_COORD":336247.56528,"Y_COORD":5367717.48645,"BEAT":"N 10","ROT_ANGLE":0,"NODE_ID":8402,"GLOBALID":"6b799b41-7a01-4159-8e81-51914dd3b89b","CREATEDDATE":1520794199000,"LASTUPDATE":1674783999000}},{"type":"Feature","id":707,"geometry":{"type":"Point","coordinates":[-89.2100059645236,48.4400067574685]},"properties":{"OBJECTID":707,"LOC_ID":"PC1092","FDMID":2806,"X_COORD":336555.93213,"Y_COORD":5367565.00389,"BEAT":"N 14","ROT_ANGLE":0,"NODE_ID":10407,"GLOBALID":"989473c7-6a5a-47c0-9680-21b1e935555a","CREATEDDATE":1520794199000,"LASTUPDATE":1643920928000}},{"type":"Feature","id":708,"geometry":{"type":"Point","coordinates":[-89.2575956042886,48.4378410603373]},"properties":{"OBJECTID":708,"LOC_ID":"PC0917","FDMID":2633,"X_COORD":333029.43919,"Y_COORD":5367427.0332,"BEAT":"N 4","ROT_ANGLE":0,"NODE_ID":4688,"GLOBALID":"ea512fba-0bd5-4c6c-aaaf-0c43b079da5f","CREATEDDATE":1520794199000,"LASTUPDATE":1643920928000}},{"type":"Feature","id":709,"geometry":{"type":"Point","coordinates":[-89.2373281665498,48.4370108133535]},"properties":{"OBJECTID":709,"LOC_ID":"PC0485","FDMID":2207,"X_COORD":334526.66825,"Y_COORD":5367290.32408,"BEAT":"N 6","ROT_ANGLE":0,"NODE_ID":8598,"GLOBALID":"28359930-4cbb-49c8-ad0f-9f032627e5f7","CREATEDDATE":1520794199000,"LASTUPDATE":1644362765000}},{"type":"Feature","id":710,"geometry":{"type":"Point","coordinates":[-89.2594703188548,48.4359141717032]},"properties":{"OBJECTID":710,"LOC_ID":"PC0974","FDMID":2688,"X_COORD":332884.47203,"Y_COORD":5367216.96037,"BEAT":"N 4","ROT_ANGLE":0,"NODE_ID":5710,"GLOBALID":"6f1c6de3-53ad-424a-a9a6-cc836c17e7f0","CREATEDDATE":1520794199000,"LASTUPDATE":1643920928000}},{"type":"Feature","id":711,"geometry":{"type":"Point","coordinates":[-89.2406580010831,48.4357816896393]},"properties":{"OBJECTID":711,"LOC_ID":"PC0489","FDMID":2211,"X_COORD":334275.38505,"Y_COORD":5367161.31774,"BEAT":"N 5","ROT_ANGLE":0,"NODE_ID":9351,"GLOBALID":"a6d0a1e1-6800-457f-b947-7c9821de128f","CREATEDDATE":1520794199000,"LASTUPDATE":1644362760000}},{"type":"Feature","id":712,"geometry":{"type":"Point","coordinates":[-89.2526115685605,48.4339229334191]},"properties":{"OBJECTID":712,"LOC_ID":"PC0628","FDMID":2347,"X_COORD":333385.22569,"Y_COORD":5366980.68926,"BEAT":"N 5","ROT_ANGLE":0,"NODE_ID":7008,"GLOBALID":"b9c48f5d-7f90-42c6-9849-31fe60e2ead3","CREATEDDATE":1520794199000,"LASTUPDATE":1643920928000}},{"type":"Feature","id":713,"geometry":{"type":"Point","coordinates":[-89.2321341949112,48.4259593110176]},"properties":{"OBJECTID":713,"LOC_ID":"PC0959","FDMID":3659,"X_COORD":334873.96528,"Y_COORD":5366051.18193,"BEAT":"N 3","ROT_ANGLE":0,"NODE_ID":2179,"GLOBALID":"6ecb81a9-757f-46c3-980b-9df63b5df521","CREATEDDATE":1520794199000,"LASTUPDATE":1643920928000}},{"type":"Feature","id":714,"geometry":{"type":"Point","coordinates":[-89.2431662608546,48.4280963770181]},"properties":{"OBJECTID":714,"LOC_ID":"PC0556","FDMID":2276,"X_COORD":334064.84835,"Y_COORD":5366312.56638,"BEAT":"N 3","ROT_ANGLE":0,"NODE_ID":1815,"GLOBALID":"72c55ee0-d0f7-4d43-a6a1-dd04d17391dd","CREATEDDATE":1520794199000,"LASTUPDATE":1644354889000}},{"type":"Feature","id":715,"geometry":{"type":"Point","coordinates":[-89.2498433027141,48.4233443785254]},"properties":{"OBJECTID":715,"LOC_ID":"PC0972","FDMID":2686,"X_COORD":333570.71279,"Y_COORD":5365801.89297,"BEAT":"N 3","ROT_ANGLE":0,"NODE_ID":7860,"GLOBALID":"5bc4282e-8642-4620-a7b6-c54cacd5ace9","CREATEDDATE":1520794199000,"LASTUPDATE":1643920929000}},{"type":"Feature","id":716,"geometry":{"type":"Point","coordinates":[-89.2512108574807,48.4245775349527]},"properties":{"OBJECTID":716,"LOC_ID":"PP0071","FDMID":2938,"X_COORD":333458.28399,"Y_COORD":5365938.93771,"BEAT":"N 3","ROT_ANGLE":0,"NODE_ID":2008,"GLOBALID":"2af1cbfb-3c24-4497-b8af-f41ff4f35bc4","CREATEDDATE":1520794199000,"LASTUPDATE":1643920929000}},{"type":"Feature","id":717,"geometry":{"type":"Point","coordinates":[-89.2282341508683,48.4205481121441]},"properties":{"OBJECTID":717,"LOC_ID":"PP0083","FDMID":2950,"X_COORD":335144.95382,"Y_COORD":5365441.35486,"BEAT":"N 14","ROT_ANGLE":0,"NODE_ID":7707,"GLOBALID":"7258fc23-f308-4495-b9d4-ec1a88e37bdf","CREATEDDATE":1520794199000,"LASTUPDATE":1643920929000}},{"type":"Feature","id":718,"geometry":{"type":"Point","coordinates":[-89.2605549140235,48.4178391877437]},"properties":{"OBJECTID":718,"LOC_ID":"PP0185","FDMID":2609,"X_COORD":332744.93948,"Y_COORD":5365210.38936,"BEAT":"N 1","ROT_ANGLE":0,"NODE_ID":533,"GLOBALID":"86272721-abe0-4850-9fe9-d40aee1d6045","CREATEDDATE":1520794199000,"LASTUPDATE":1643920929000}},{"type":"Feature","id":719,"geometry":{"type":"Point","coordinates":[-89.2278645665548,48.4112702678817]},"properties":{"OBJECTID":719,"LOC_ID":"PC0688","FDMID":2407,"X_COORD":335142.28553,"Y_COORD":5364409.38276,"BEAT":"N 14","ROT_ANGLE":0,"NODE_ID":8912,"GLOBALID":"7e6fffb7-4b62-4f11-b95d-698b04e8ca44","CREATEDDATE":1520794199000,"LASTUPDATE":1644351234000}},{"type":"Feature","id":720,"geometry":{"type":"Point","coordinates":[-89.2815280658805,48.4033821183914]},"properties":{"OBJECTID":720,"LOC_ID":"FC1134","FDMID":1123,"X_COORD":331145.3711,"Y_COORD":5363649.62033,"BEAT":"S 1","ROT_ANGLE":0,"NODE_ID":8834,"GLOBALID":"7baedae9-227b-4c86-aabd-587661585076","CREATEDDATE":1520794199000,"LASTUPDATE":1643920929000}},{"type":"Feature","id":721,"geometry":{"type":"Point","coordinates":[-89.2450938927337,48.4018266351517]},"properties":{"OBJECTID":721,"LOC_ID":"PP0099","FDMID":2963,"X_COORD":333836.63791,"Y_COORD":5363397.03819,"BEAT":"N 2","ROT_ANGLE":0,"NODE_ID":1454,"GLOBALID":"daed245c-4c98-4d22-bbb7-4c5ebb21ad77","CREATEDDATE":1520794199000,"LASTUPDATE":1643920929000}},{"type":"Feature","id":722,"geometry":{"type":"Point","coordinates":[-89.2596677209971,48.4023469039408]},"properties":{"OBJECTID":722,"LOC_ID":"PC1002","FDMID":2716,"X_COORD":332759.78646,"Y_COORD":5363486.60926,"BEAT":"N 1","ROT_ANGLE":0,"NODE_ID":3941,"GLOBALID":"9cc4d58b-f463-4b00-864f-584176b1ea58","CREATEDDATE":1520794199000,"LASTUPDATE":1643920929000}},{"type":"Feature","id":723,"geometry":{"type":"Point","coordinates":[-89.2887728942258,48.3985762278599]},"properties":{"OBJECTID":723,"LOC_ID":"FC0971","FDMID":962,"X_COORD":330591.81871,"Y_COORD":5363126.27313,"BEAT":"S 4","ROT_ANGLE":0,"NODE_ID":8240,"GLOBALID":"dd5daed5-2158-42c8-947a-6aa3c01de2b9","CREATEDDATE":1520794199000,"LASTUPDATE":1643920929000}},{"type":"Feature","id":724,"geometry":{"type":"Point","coordinates":[-89.2495680820228,48.396672192372]},"properties":{"OBJECTID":724,"LOC_ID":"FC0416","FDMID":410,"X_COORD":333489.51651,"Y_COORD":5362832.07742,"BEAT":"S 9","ROT_ANGLE":0,"NODE_ID":2250,"GLOBALID":"b287ccbc-d97a-47b2-a1ad-975a1bca51a2","CREATEDDATE":1520794199000,"LASTUPDATE":1643920929000}},{"type":"Feature","id":725,"geometry":{"type":"Point","coordinates":[-89.246169940069,48.3942055313426]},"properties":{"OBJECTID":725,"LOC_ID":"FC0703","FDMID":694,"X_COORD":333728.07958,"Y_COORD":5362550.22935,"BEAT":"S 9","ROT_ANGLE":0,"NODE_ID":6715,"GLOBALID":"9f2397e3-9764-4c70-8c3b-713bd4becc81","CREATEDDATE":1520794199000,"LASTUPDATE":1643920929000}},{"type":"Feature","id":726,"geometry":{"type":"Point","coordinates":[-89.2467653924201,48.393489767123]},"properties":{"OBJECTID":726,"LOC_ID":"FC0113","FDMID":106,"X_COORD":333685.75561,"Y_COORD":5362474.07985,"BEAT":"S 9","ROT_ANGLE":0,"NODE_ID":5799,"GLOBALID":"553f2bc2-b57b-4d27-8ad9-29f3188d7cb4","CREATEDDATE":1520794199000,"LASTUPDATE":1643920929000}},{"type":"Feature","id":727,"geometry":{"type":"Point","coordinates":[-89.2878685451966,48.3923005727592]},"properties":{"OBJECTID":727,"LOC_ID":"FC0897","FDMID":888,"X_COORD":330639.34921,"Y_COORD":5362431.99678,"BEAT":"S 4","ROT_ANGLE":0,"NODE_ID":3253,"GLOBALID":"487f5e87-23c6-46d7-8294-9a28f09e2878","CREATEDDATE":1520794199000,"LASTUPDATE":1643920929000}},{"type":"Feature","id":728,"geometry":{"type":"Point","coordinates":[-89.2469846216718,48.3921300614622]},"properties":{"OBJECTID":728,"LOC_ID":"FC0114","FDMID":107,"X_COORD":333665.09564,"Y_COORD":5362323.43332,"BEAT":"S 9","ROT_ANGLE":0,"NODE_ID":4445,"GLOBALID":"08826a1a-faec-4784-a128-6fcfb1e646a5","CREATEDDATE":1520794199000,"LASTUPDATE":1643920929000}},{"type":"Feature","id":729,"geometry":{"type":"Point","coordinates":[-89.304027206181,48.3865710433215]},"properties":{"OBJECTID":729,"LOC_ID":"NC0578","FDMID":3633,"X_COORD":329424.12821,"Y_COORD":5361831.05291,"BEAT":"S 13","ROT_ANGLE":0,"NODE_ID":1944,"GLOBALID":"f9c9ba87-0922-4159-96ea-dab0c19ca293","CREATEDDATE":1520794199000,"LASTUPDATE":1643920929000}},{"type":"Feature","id":730,"geometry":{"type":"Point","coordinates":[-89.2397842094868,48.3868601196225]},"properties":{"OBJECTID":730,"LOC_ID":"FC0076","FDMID":69,"X_COORD":334182.16572,"Y_COORD":5361719.47838,"BEAT":"S 11","ROT_ANGLE":0,"NODE_ID":3179,"GLOBALID":"f27bfdf3-de12-46a3-8738-1e18eef5550e","CREATEDDATE":1520794199000,"LASTUPDATE":1670875562000}},{"type":"Feature","id":731,"geometry":{"type":"Point","coordinates":[-89.2840241843911,48.3842472818756]},"properties":{"OBJECTID":731,"LOC_ID":"FC0433","FDMID":426,"X_COORD":330896.58006,"Y_COORD":5361525.74449,"BEAT":"S 5","ROT_ANGLE":0,"NODE_ID":9055,"GLOBALID":"e2fd59c9-a60b-4e72-abb3-d79efa50875f","CREATEDDATE":1520794199000,"LASTUPDATE":1643920929000}},{"type":"Feature","id":732,"geometry":{"type":"Point","coordinates":[-89.3738606555287,48.3806889138406]},"properties":{"OBJECTID":732,"LOC_ID":"NC0270","FDMID":1446,"X_COORD":324234.17749,"Y_COORD":5361335.20446,"BEAT":"S 13","ROT_ANGLE":0,"NODE_ID":6808,"GLOBALID":"af1fd980-52c8-4d48-a12b-95b278193448","CREATEDDATE":1520794199000,"LASTUPDATE":1643920929000}},{"type":"Feature","id":733,"geometry":{"type":"Point","coordinates":[-89.3376986794745,48.3806848088278]},"properties":{"OBJECTID":733,"LOC_ID":"NC0025","FDMID":1203,"X_COORD":326911.49436,"Y_COORD":5361252.39665,"BEAT":"S 13","ROT_ANGLE":0,"NODE_ID":2311,"GLOBALID":"0c3d3d52-3684-4771-b6b8-912311ce7d98","CREATEDDATE":1520794199000,"LASTUPDATE":1643920929000}},{"type":"Feature","id":734,"geometry":{"type":"Point","coordinates":[-89.2954037573727,48.3807272704675]},"properties":{"OBJECTID":734,"LOC_ID":"FC0051","FDMID":30,"X_COORD":330043.06018,"Y_COORD":5361162.38858,"BEAT":"S 2","ROT_ANGLE":0,"NODE_ID":1717,"GLOBALID":"dd3ae049-87ca-4f49-8a2a-602ecfa9a4a2","CREATEDDATE":1520794199000,"LASTUPDATE":1643920929000}},{"type":"Feature","id":735,"geometry":{"type":"Point","coordinates":[-89.2568366449586,48.3799596858097]},"properties":{"OBJECTID":735,"LOC_ID":"FC0191","FDMID":187,"X_COORD":332893.79324,"Y_COORD":5360991.19089,"BEAT":"S 8","ROT_ANGLE":0,"NODE_ID":3474,"GLOBALID":"37b97f47-c14c-4e5b-936e-172914ba951e","CREATEDDATE":1520794199000,"LASTUPDATE":1643920929000}},{"type":"Feature","id":736,"geometry":{"type":"Point","coordinates":[-89.2487546155485,48.3781084941543]},"properties":{"OBJECTID":736,"LOC_ID":"FC0031","FDMID":13,"X_COORD":333488.30844,"Y_COORD":5360768.86794,"BEAT":"S 10","ROT_ANGLE":0,"NODE_ID":7295,"GLOBALID":"d7408bb8-9c0d-4447-b170-dd8ab1bc5938","CREATEDDATE":1520794199000,"LASTUPDATE":1643920929000}},{"type":"Feature","id":737,"geometry":{"type":"Point","coordinates":[-89.3750484949298,48.3738731474468]},"properties":{"OBJECTID":737,"LOC_ID":"NC0545","FDMID":3471,"X_COORD":324122.75528,"Y_COORD":5360580.40791,"BEAT":"S 14","ROT_ANGLE":0,"NODE_ID":7426,"GLOBALID":"18eab8c6-409f-49c8-9582-dbc398488174","CREATEDDATE":1520794199000,"LASTUPDATE":1643920929000}},{"type":"Feature","id":738,"geometry":{"type":"Point","coordinates":[-89.3003276213395,48.3706401208849]},"properties":{"OBJECTID":738,"LOC_ID":"FC0306","FDMID":301,"X_COORD":329644.58185,"Y_COORD":5360045.54378,"BEAT":"S 2","ROT_ANGLE":0,"NODE_ID":6809,"GLOBALID":"86a9dc90-d0e3-4f01-97e3-a4c5e2e9cff5","CREATEDDATE":1520794199000,"LASTUPDATE":1643920929000}},{"type":"Feature","id":739,"geometry":{"type":"Point","coordinates":[-89.2816513931111,48.3715038214733]},"properties":{"OBJECTID":739,"LOC_ID":"FC0105","FDMID":98,"X_COORD":331031.46722,"Y_COORD":5360103.88158,"BEAT":"S 6","ROT_ANGLE":0,"NODE_ID":4148,"GLOBALID":"8219a560-c02a-45ec-9e35-52bef14ff93e","CREATEDDATE":1520794199000,"LASTUPDATE":1643920929000}},{"type":"Feature","id":740,"geometry":{"type":"Point","coordinates":[-89.2701593255364,48.3715197011529]},"properties":{"OBJECTID":740,"LOC_ID":"FC0228","FDMID":224,"X_COORD":331881.7679,"Y_COORD":5360083.32375,"BEAT":"S 8","ROT_ANGLE":0,"NODE_ID":5686,"GLOBALID":"fad86d4d-ed3e-43f2-8c89-941554317195","CREATEDDATE":1520794199000,"LASTUPDATE":1643920929000}},{"type":"Feature","id":741,"geometry":{"type":"Point","coordinates":[-89.2890683656538,48.3693064717874]},"properties":{"OBJECTID":741,"LOC_ID":"FC0485","FDMID":477,"X_COORD":330474.2013,"Y_COORD":5359879.01118,"BEAT":"S 6","ROT_ANGLE":0,"NODE_ID":10505,"GLOBALID":"c39f9a20-28d9-4a07-8cae-1965ed25aff1","CREATEDDATE":1520794199000,"LASTUPDATE":1643920929000}},{"type":"Feature","id":742,"geometry":{"type":"Point","coordinates":[-89.2856509779665,48.3682633046089]},"properties":{"OBJECTID":742,"LOC_ID":"FC0091","FDMID":84,"X_COORD":330723.81359,"Y_COORD":5359755.51447,"BEAT":"S 6","ROT_ANGLE":0,"NODE_ID":6086,"GLOBALID":"78b31617-9e5c-4376-990a-f1df7ec5b7c6","CREATEDDATE":1520794199000,"LASTUPDATE":1643920930000}},{"type":"Feature","id":743,"geometry":{"type":"Point","coordinates":[-89.2711510493862,48.36827253963]},"properties":{"OBJECTID":743,"LOC_ID":"FC0097","FDMID":90,"X_COORD":331797.6335,"Y_COORD":5359724.60324,"BEAT":"S 6","ROT_ANGLE":0,"NODE_ID":3678,"GLOBALID":"b185dc84-882c-441e-b4c6-480126e8987e","CREATEDDATE":1520794199000,"LASTUPDATE":1643920930000}},{"type":"Feature","id":744,"geometry":{"type":"Point","coordinates":[-89.2371762722043,48.3579279609245]},"properties":{"OBJECTID":744,"LOC_ID":"FP0004","FDMID":1144,"X_COORD":334280.10006,"Y_COORD":5358500.83722,"BEAT":"S 12","ROT_ANGLE":0,"NODE_ID":5613,"GLOBALID":"c45928a9-9328-4232-9ad5-8a0e872d274f","CREATEDDATE":1520794199000,"LASTUPDATE":1643920930000}},{"type":"Feature","id":745,"geometry":{"type":"Point","coordinates":[-89.2775161950982,48.3662486945755]},"properties":{"OBJECTID":745,"LOC_ID":"FC0016","FDMID":56,"X_COORD":331319.58294,"Y_COORD":5359513.66769,"BEAT":"S 6","ROT_ANGLE":0,"NODE_ID":9284,"GLOBALID":"c4a29927-3b83-428b-882d-7c2582cac431","CREATEDDATE":1520794199000,"LASTUPDATE":1643920930000}},{"type":"Feature","id":746,"geometry":{"type":"Point","coordinates":[-89.34615068158,48.3560316693854]},"properties":{"OBJECTID":746,"LOC_ID":"NC0118","FDMID":1297,"X_COORD":326201.85007,"Y_COORD":5358531.5114,"BEAT":"S 15","ROT_ANGLE":0,"NODE_ID":6076,"GLOBALID":"0a895192-2127-46bf-a6e7-0037f448047d","CREATEDDATE":1520794199000,"LASTUPDATE":1643920930000}},{"type":"Feature","id":747,"geometry":{"type":"Point","coordinates":[-89.358428910212,48.3435182919122]},"properties":{"OBJECTID":747,"LOC_ID":"NP0030","FDMID":1699,"X_COORD":325249.56847,"Y_COORD":5357168.6657,"BEAT":"S 15","ROT_ANGLE":0,"NODE_ID":10501,"GLOBALID":"2238cb8c-201b-4255-a913-8fd151d675fb","CREATEDDATE":1520794199000,"LASTUPDATE":1643920931000}},{"type":"Feature","id":748,"geometry":{"type":"Point","coordinates":[-89.3061036926504,48.3348392646234]},"properties":{"OBJECTID":748,"LOC_ID":"NC0599","FDMID":3666,"X_COORD":329097.43049,"Y_COORD":5356086.0696,"BEAT":"S 17","ROT_ANGLE":0,"NODE_ID":9429,"GLOBALID":"72407e7c-6323-4e6e-9201-e6c46d16e65e","CREATEDDATE":1520794199000,"LASTUPDATE":1643920931000}},{"type":"Feature","id":749,"geometry":{"type":"Point","coordinates":[-89.3577056632912,48.3228522878863]},"properties":{"OBJECTID":749,"LOC_ID":"NC0506","FDMID":1679,"X_COORD":325232.51605,"Y_COORD":5354870.15997,"BEAT":"S 16","ROT_ANGLE":0,"NODE_ID":5913,"GLOBALID":"a778f418-10dd-4d59-b20b-0bdaa79b9dfc","CREATEDDATE":1520794199000,"LASTUPDATE":1643920931000}},{"type":"Feature","id":750,"geometry":{"type":"Point","coordinates":[-89.3776588884376,48.3124183302499]},"properties":{"OBJECTID":750,"LOC_ID":"NP0065","FDMID":3605,"X_COORD":323717.59074,"Y_COORD":5353756.19389,"BEAT":"S 16","ROT_ANGLE":0,"NODE_ID":5846,"GLOBALID":"66bbc104-9bdb-4708-bf68-1edd52b23a18","CREATEDDATE":1520794199000,"LASTUPDATE":1643920931000}},{"type":"Feature","id":751,"geometry":{"type":"Point","coordinates":[-89.3755657850866,48.311696074851]},"properties":{"OBJECTID":751,"LOC_ID":"NP0068","FDMID":3608,"X_COORD":323870.27963,"Y_COORD":5353671.11203,"BEAT":"S 16","ROT_ANGLE":0,"NODE_ID":4845,"GLOBALID":"9f2f7703-9704-4717-bba0-b3dafabefd0d","CREATEDDATE":1520794199000,"LASTUPDATE":1643920931000}},{"type":"Feature","id":752,"geometry":{"type":"Point","coordinates":[-89.2147083643134,48.4635894539244]},"properties":{"OBJECTID":752,"LOC_ID":"PC1095","FDMID":2809,"X_COORD":336284.01865,"Y_COORD":5370196.16216,"BEAT":"N 9","ROT_ANGLE":0,"NODE_ID":8238,"GLOBALID":"1c121a8b-1704-4e0c-9926-51cc4ba702ec","CREATEDDATE":1520794199000,"LASTUPDATE":1644267312000}},{"type":"Feature","id":753,"geometry":{"type":"Point","coordinates":[-89.1750754469611,48.4641244946532]},"properties":{"OBJECTID":753,"LOC_ID":"PC0042","FDMID":1766,"X_COORD":339215.3295,"Y_COORD":5370171.56543,"BEAT":"N 14","ROT_ANGLE":0,"NODE_ID":3867,"GLOBALID":"aa08f6a1-a77f-4173-a430-03047b3750ce","CREATEDDATE":1520794199000,"LASTUPDATE":1643920931000}},{"type":"Feature","id":754,"geometry":{"type":"Point","coordinates":[-89.2471654531293,48.4617438881617]},"properties":{"OBJECTID":754,"LOC_ID":"MC0191","FDMID":3188,"X_COORD":333878.82108,"Y_COORD":5370060.99314,"BEAT":"N 12","ROT_ANGLE":0,"NODE_ID":4049,"GLOBALID":"2a0482db-2737-45a4-919a-78a4963bf987","CREATEDDATE":1520794199000,"LASTUPDATE":1643920931000}},{"type":"Feature","id":755,"geometry":{"type":"Point","coordinates":[-89.2483655849983,48.4619019478014]},"properties":{"OBJECTID":755,"LOC_ID":"MC0192","FDMID":3189,"X_COORD":333790.62319,"Y_COORD":5370081.16747,"BEAT":"N 12","ROT_ANGLE":0,"NODE_ID":9412,"GLOBALID":"248dfe45-c904-4956-b2ab-88f8f3a734c4","CREATEDDATE":1520794199000,"LASTUPDATE":1643920932000}},{"type":"Feature","id":756,"geometry":{"type":"Point","coordinates":[-89.229099097243,48.4562930374429]},"properties":{"OBJECTID":756,"LOC_ID":"PC0223","FDMID":1946,"X_COORD":335196.65353,"Y_COORD":5369416.09765,"BEAT":"N 8","ROT_ANGLE":0,"NODE_ID":2755,"GLOBALID":"e274c0e0-fb4d-4749-be10-968d972ff237","CREATEDDATE":1520794199000,"LASTUPDATE":1643920932000}},{"type":"Feature","id":757,"geometry":{"type":"Point","coordinates":[-89.2383135548772,48.449446456018]},"properties":{"OBJECTID":757,"LOC_ID":"PC1142","FDMID":2856,"X_COORD":334493.18038,"Y_COORD":5368675.02552,"BEAT":"N 8","ROT_ANGLE":0,"NODE_ID":4754,"GLOBALID":"2db84b1a-2aaa-43d9-81ec-b71df52b8066","CREATEDDATE":1520794199000,"LASTUPDATE":1643920932000}},{"type":"Feature","id":758,"geometry":{"type":"Point","coordinates":[-89.2243967836905,48.4507170780773]},"properties":{"OBJECTID":758,"LOC_ID":"PC0239","FDMID":1962,"X_COORD":335526.27478,"Y_COORD":5368786.23243,"BEAT":"N 9","ROT_ANGLE":0,"NODE_ID":366,"GLOBALID":"9f11a883-a480-48ce-b93d-458d16183d88","CREATEDDATE":1520794199000,"LASTUPDATE":1643920932000}},{"type":"Feature","id":759,"geometry":{"type":"Point","coordinates":[-89.2751245635326,48.4484347737097]},"properties":{"OBJECTID":759,"LOC_ID":"MC0167","FDMID":3164,"X_COORD":331768.09545,"Y_COORD":5368642.84888,"BEAT":"N 15","ROT_ANGLE":0,"NODE_ID":789,"GLOBALID":"c65e8902-7ed8-49d9-9a9b-52b58da9c4c0","CREATEDDATE":1520794199000,"LASTUPDATE":1643920932000}},{"type":"Feature","id":760,"geometry":{"type":"Point","coordinates":[-89.2392148188868,48.4477541722837]},"properties":{"OBJECTID":760,"LOC_ID":"PC0518","FDMID":2238,"X_COORD":334421.03856,"Y_COORD":5368488.88741,"BEAT":"N 8","ROT_ANGLE":0,"NODE_ID":4766,"GLOBALID":"efaf67c1-75ed-4147-82ba-7b84261e633b","CREATEDDATE":1520794199000,"LASTUPDATE":1643920932000}},{"type":"Feature","id":761,"geometry":{"type":"Point","coordinates":[-89.2280357078871,48.4448169786042]},"properties":{"OBJECTID":761,"LOC_ID":"PC0344","FDMID":2067,"X_COORD":335238.13526,"Y_COORD":5368138.29899,"BEAT":"N 6","ROT_ANGLE":0,"NODE_ID":7868,"GLOBALID":"68f4d940-9791-49b4-8841-a2c925da91d3","CREATEDDATE":1520794199000,"LASTUPDATE":1643920932000}},{"type":"Feature","id":762,"geometry":{"type":"Point","coordinates":[-89.2445731864022,48.445037557306]},"properties":{"OBJECTID":762,"LOC_ID":"PC0499","FDMID":2221,"X_COORD":334015.97667,"Y_COORD":5368198.55832,"BEAT":"N 8","ROT_ANGLE":0,"NODE_ID":5936,"GLOBALID":"75185ff4-86d1-4338-8f1b-b9cfc0e3dad6","CREATEDDATE":1520794199000,"LASTUPDATE":1644363333000}},{"type":"Feature","id":763,"geometry":{"type":"Point","coordinates":[-89.2246088586213,48.4386086212213]},"properties":{"OBJECTID":763,"LOC_ID":"PC0307","FDMID":2030,"X_COORD":335471.49027,"Y_COORD":5367440.89099,"BEAT":"N 6","ROT_ANGLE":0,"NODE_ID":1823,"GLOBALID":"f3c9da88-7017-43f7-b384-052669df5c87","CREATEDDATE":1520794199000,"LASTUPDATE":1643920932000}},{"type":"Feature","id":764,"geometry":{"type":"Point","coordinates":[-89.2678088136854,48.4364419942692]},"properties":{"OBJECTID":764,"LOC_ID":"PC1129","FDMID":2843,"X_COORD":332269.50755,"Y_COORD":5367293.86737,"BEAT":"N 4","ROT_ANGLE":0,"NODE_ID":5287,"GLOBALID":"5d9fc8a9-b9ab-4123-aea5-3cc9611ecc0c","CREATEDDATE":1520794199000,"LASTUPDATE":1643920932000}},{"type":"Feature","id":765,"geometry":{"type":"Point","coordinates":[-89.264443577411,48.4312661627764]},"properties":{"OBJECTID":765,"LOC_ID":"PC1197","FDMID":3697,"X_COORD":332501.37878,"Y_COORD":5366711.22648,"BEAT":"N 1","ROT_ANGLE":0,"NODE_ID":8217,"GLOBALID":"ced9dca3-35c9-4610-9350-537158763a73","CREATEDDATE":1520794199000,"LASTUPDATE":1643920932000}},{"type":"Feature","id":766,"geometry":{"type":"Point","coordinates":[-89.2308344323637,48.4303133592332]},"properties":{"OBJECTID":766,"LOC_ID":"PC0562","FDMID":2282,"X_COORD":334984.21603,"Y_COORD":5366532.30782,"BEAT":"N7","ROT_ANGLE":0,"NODE_ID":1584,"GLOBALID":"c3cedd16-666e-400e-a38d-13363ddabb9f","CREATEDDATE":1520794199000,"LASTUPDATE":1643920932000}},{"type":"Feature","id":767,"geometry":{"type":"Point","coordinates":[-89.2409072586718,48.4238997305031]},"properties":{"OBJECTID":767,"LOC_ID":"PC0217","FDMID":1940,"X_COORD":334218.29296,"Y_COORD":5365841.23582,"BEAT":"N 3","ROT_ANGLE":0,"NODE_ID":10382,"GLOBALID":"2346aee7-71fe-46b9-89a4-d4eeb4f11a5f","CREATEDDATE":1520794199000,"LASTUPDATE":1644351583000}},{"type":"Feature","id":768,"geometry":{"type":"Point","coordinates":[-89.2206164221626,48.4198043469785]},"properties":{"OBJECTID":768,"LOC_ID":"PP0037","FDMID":2906,"X_COORD":335706.11811,"Y_COORD":5365342.31947,"BEAT":"N 14","ROT_ANGLE":0,"NODE_ID":3808,"GLOBALID":"a8d67d0c-a914-44e8-877d-1d0f481512fc","CREATEDDATE":1520794199000,"LASTUPDATE":1643920933000}},{"type":"Feature","id":769,"geometry":{"type":"Point","coordinates":[-89.2436599337692,48.4209807695364]},"properties":{"OBJECTID":769,"LOC_ID":"PC0996","FDMID":2710,"X_COORD":334005.15145,"Y_COORD":5365522.77617,"BEAT":"N 3","ROT_ANGLE":0,"NODE_ID":5104,"GLOBALID":"25332718-b0e1-4c12-9609-ae5b96b1bced","CREATEDDATE":1520794199000,"LASTUPDATE":1643920933000}},{"type":"Feature","id":770,"geometry":{"type":"Point","coordinates":[-89.2384528105047,48.4202199779606]},"properties":{"OBJECTID":770,"LOC_ID":"PC0697","FDMID":2416,"X_COORD":334387.90396,"Y_COORD":5365426.9395,"BEAT":"N 3","ROT_ANGLE":0,"NODE_ID":9149,"GLOBALID":"b25b22cc-21e1-40f1-9ce0-812cf24f461c","CREATEDDATE":1520794199000,"LASTUPDATE":1643920933000}},{"type":"Feature","id":771,"geometry":{"type":"Point","coordinates":[-89.2544945760933,48.4153851542672]},"properties":{"OBJECTID":771,"LOC_ID":"PC1066","FDMID":2780,"X_COORD":333185.28329,"Y_COORD":5364924.41816,"BEAT":"N 3","ROT_ANGLE":0,"NODE_ID":82,"GLOBALID":"25eacedb-a5af-4804-a1a1-91df7c215602","CREATEDDATE":1520794199000,"LASTUPDATE":1643920933000}},{"type":"Feature","id":772,"geometry":{"type":"Point","coordinates":[-89.2428607745009,48.4117385897664]},"properties":{"OBJECTID":772,"LOC_ID":"PP0191","FDMID":3536,"X_COORD":334034.18083,"Y_COORD":5364493.83512,"BEAT":"N 2","ROT_ANGLE":0,"NODE_ID":10318,"GLOBALID":"33979602-3905-4393-b5b9-d612dfd619b6","CREATEDDATE":1520794199000,"LASTUPDATE":1643920933000}},{"type":"Feature","id":773,"geometry":{"type":"Point","coordinates":[-89.2669187805533,48.4132344093634]},"properties":{"OBJECTID":773,"LOC_ID":"PC1102","FDMID":2816,"X_COORD":332258.96035,"Y_COORD":5364712.5244,"BEAT":"N 1","ROT_ANGLE":0,"NODE_ID":2251,"GLOBALID":"5125980b-493e-4547-bc70-c548835d423c","CREATEDDATE":1520794199000,"LASTUPDATE":1643920933000}},{"type":"Feature","id":774,"geometry":{"type":"Point","coordinates":[-89.2554088622032,48.4079937631559]},"properties":{"OBJECTID":774,"LOC_ID":"PP0092","FDMID":2956,"X_COORD":333093.44739,"Y_COORD":5364104.91992,"BEAT":"N 2","ROT_ANGLE":0,"NODE_ID":3496,"GLOBALID":"35cea6b4-0f43-4d30-b342-8cfc3ec47b57","CREATEDDATE":1520794199000,"LASTUPDATE":1643920933000}},{"type":"Feature","id":775,"geometry":{"type":"Point","coordinates":[-89.2823007052371,48.4039422894727]},"properties":{"OBJECTID":775,"LOC_ID":"FC0892","FDMID":883,"X_COORD":331090.0477,"Y_COORD":5363713.58347,"BEAT":"S 1","ROT_ANGLE":0,"NODE_ID":10560,"GLOBALID":"8b05771c-860d-4f01-b31a-2d2d380be591","CREATEDDATE":1520794199000,"LASTUPDATE":1643920933000}},{"type":"Feature","id":776,"geometry":{"type":"Point","coordinates":[-89.2852294355899,48.4004605126021]},"properties":{"OBJECTID":776,"LOC_ID":"FC1077","FDMID":1068,"X_COORD":330861.75407,"Y_COORD":5363333.07249,"BEAT":"S 1","ROT_ANGLE":0,"NODE_ID":5299,"GLOBALID":"57bf1477-18d9-4419-a98d-7b934d2036fc","CREATEDDATE":1520794199000,"LASTUPDATE":1643920933000}},{"type":"Feature","id":777,"geometry":{"type":"Point","coordinates":[-89.2579688726361,48.3962779552692]},"properties":{"OBJECTID":777,"LOC_ID":"FC0060","FDMID":39,"X_COORD":332865.62556,"Y_COORD":5362808.37591,"BEAT":"S 9","ROT_ANGLE":0,"NODE_ID":3872,"GLOBALID":"a303b99e-4fbf-4457-b08c-709997ecbeed","CREATEDDATE":1520794199000,"LASTUPDATE":1643920933000}},{"type":"Feature","id":778,"geometry":{"type":"Point","coordinates":[-89.2293488189397,48.392854809141]},"properties":{"OBJECTID":778,"LOC_ID":"FC0570","FDMID":562,"X_COORD":334972.86601,"Y_COORD":5362365.82283,"BEAT":"S 11","ROT_ANGLE":0,"NODE_ID":7145,"GLOBALID":"e4668379-fe8a-4406-a4f9-217c00e9f223","CREATEDDATE":1520794199000,"LASTUPDATE":1643920933000}},{"type":"Feature","id":779,"geometry":{"type":"Point","coordinates":[-89.2314402738936,48.3936142073872]},"properties":{"OBJECTID":779,"LOC_ID":"FC0565","FDMID":557,"X_COORD":334820.51427,"Y_COORD":5362454.73419,"BEAT":"S 11","ROT_ANGLE":0,"NODE_ID":10186,"GLOBALID":"546810d1-0cef-49cb-9662-c03ea13f305d","CREATEDDATE":1520794199000,"LASTUPDATE":1643920933000}},{"type":"Feature","id":780,"geometry":{"type":"Point","coordinates":[-89.2906515159644,48.3925035465917]},"properties":{"OBJECTID":780,"LOC_ID":"FC1037","FDMID":1028,"X_COORD":330434.0239,"Y_COORD":5362460.71563,"BEAT":"S 1","ROT_ANGLE":0,"NODE_ID":8502,"GLOBALID":"df8c0f4a-7d47-40eb-975d-d8c2ea24cfc4","CREATEDDATE":1520794199000,"LASTUPDATE":1643920933000}},{"type":"Feature","id":781,"geometry":{"type":"Point","coordinates":[-89.2524636323192,48.3870525707329]},"properties":{"OBJECTID":781,"LOC_ID":"FC0355","FDMID":350,"X_COORD":333242.92911,"Y_COORD":5361771.01732,"BEAT":"S 9","ROT_ANGLE":0,"NODE_ID":6636,"GLOBALID":"9979a6cf-6d6c-4cc0-9fa3-0b9d4ba8c969","CREATEDDATE":1520794199000,"LASTUPDATE":1643920933000}},{"type":"Feature","id":782,"geometry":{"type":"Point","coordinates":[-89.2436934975315,48.3843350644432]},"properties":{"OBJECTID":782,"LOC_ID":"FC0620","FDMID":612,"X_COORD":333883.31875,"Y_COORD":5361449.9219,"BEAT":"S 10","ROT_ANGLE":0,"NODE_ID":3488,"GLOBALID":"0bc18452-8f18-41f8-88c8-78c73f7c636b","CREATEDDATE":1520794199000,"LASTUPDATE":1643920933000}},{"type":"Feature","id":783,"geometry":{"type":"Point","coordinates":[-89.2490015042764,48.3848368465244]},"properties":{"OBJECTID":783,"LOC_ID":"FC0033","FDMID":141,"X_COORD":333491.25654,"Y_COORD":5361519.13022,"BEAT":"S 10","ROT_ANGLE":0,"NODE_ID":2983,"GLOBALID":"555b9c6c-9288-48e3-b96f-93230e725ee4","CREATEDDATE":1520794199000,"LASTUPDATE":1643920933000}},{"type":"Feature","id":784,"geometry":{"type":"Point","coordinates":[-89.29627369033,48.3832504177416]},"properties":{"OBJECTID":784,"LOC_ID":"FC0824","FDMID":815,"X_COORD":329987.05686,"Y_COORD":5361444.74788,"BEAT":"S 2","ROT_ANGLE":0,"NODE_ID":416,"GLOBALID":"59149e0b-f16f-4ace-8b5a-89c19fae8464","CREATEDDATE":1520794199000,"LASTUPDATE":1643920933000}},{"type":"Feature","id":785,"geometry":{"type":"Point","coordinates":[-89.245548129487,48.3775624231721]},"properties":{"OBJECTID":785,"LOC_ID":"FC0886","FDMID":0,"X_COORD":333723.94441,"Y_COORD":5360701.2115,"BEAT":"S 10","ROT_ANGLE":33.2,"NODE_ID":2930,"GLOBALID":"ee2ac30f-93a9-4ed7-a6e2-434ef48e4e2b","CREATEDDATE":1520794199000,"LASTUPDATE":1643920933000}},{"type":"Feature","id":786,"geometry":{"type":"Point","coordinates":[-89.3577139324697,48.3731793322589]},"properties":{"OBJECTID":786,"LOC_ID":"NC0531","FDMID":3457,"X_COORD":325403.95336,"Y_COORD":5360463.64682,"BEAT":"S 13","ROT_ANGLE":0,"NODE_ID":7901,"GLOBALID":"9935b1c8-3d45-41d4-8b14-773191b7e24f","CREATEDDATE":1520794199000,"LASTUPDATE":1643920933000}},{"type":"Feature","id":787,"geometry":{"type":"Point","coordinates":[-89.2615183146157,48.3735175218658]},"properties":{"OBJECTID":787,"LOC_ID":"FC0708","FDMID":699,"X_COORD":332528.19273,"Y_COORD":5360286.43671,"BEAT":"S 8","ROT_ANGLE":0,"NODE_ID":2224,"GLOBALID":"0aba06f5-8dc0-4989-a54b-a040ef4de8d8","CREATEDDATE":1520794199000,"LASTUPDATE":1643920934000}},{"type":"Feature","id":788,"geometry":{"type":"Point","coordinates":[-89.2816681767769,48.3693209927331]},"properties":{"OBJECTID":788,"LOC_ID":"FC0107","FDMID":100,"X_COORD":331022.2607,"Y_COORD":5359862.31921,"BEAT":"S 6","ROT_ANGLE":0,"NODE_ID":10314,"GLOBALID":"886fec8b-bff5-4d4b-98a5-b5c6ef755337","CREATEDDATE":1520794199000,"LASTUPDATE":1643920934000}},{"type":"Feature","id":789,"geometry":{"type":"Point","coordinates":[-89.2729430701797,48.3692872566838]},"properties":{"OBJECTID":789,"LOC_ID":"FC0244","FDMID":239,"X_COORD":331668.27286,"Y_COORD":5359841.3203,"BEAT":"S 6","ROT_ANGLE":0,"NODE_ID":6319,"GLOBALID":"7598e7a6-95c9-4e7d-bdb8-d6025a80d09b","CREATEDDATE":1520794199000,"LASTUPDATE":1643920934000}},{"type":"Feature","id":790,"geometry":{"type":"Point","coordinates":[-89.361194775621,48.3664454638768]},"properties":{"OBJECTID":790,"LOC_ID":"NC0055","FDMID":1233,"X_COORD":325123.14466,"Y_COORD":5359723.16324,"BEAT":"S 14","ROT_ANGLE":0,"NODE_ID":648,"GLOBALID":"f6dabb43-266f-45d0-b9a8-22b0dba3b51f","CREATEDDATE":1520794199000,"LASTUPDATE":1643920934000}},{"type":"Feature","id":791,"geometry":{"type":"Point","coordinates":[-89.3631718737095,48.366732545497]},"properties":{"OBJECTID":791,"LOC_ID":"NC0231","FDMID":1407,"X_COORD":324977.70952,"Y_COORD":5359759.58462,"BEAT":"S 14","ROT_ANGLE":0,"NODE_ID":5136,"GLOBALID":"bba4d11f-5bde-465e-97ad-402f1b9cd74d","CREATEDDATE":1520794199000,"LASTUPDATE":1643920934000}},{"type":"Feature","id":792,"geometry":{"type":"Point","coordinates":[-89.2715948358075,48.3671873536416]},"properties":{"OBJECTID":792,"LOC_ID":"FC0273","FDMID":268,"X_COORD":331761.19395,"Y_COORD":5359604.96804,"BEAT":"S 6","ROT_ANGLE":0,"NODE_ID":3239,"GLOBALID":"7fcc93dd-2058-449d-a9e7-1338074a9252","CREATEDDATE":1520794199000,"LASTUPDATE":1644002782000}},{"type":"Feature","id":793,"geometry":{"type":"Point","coordinates":[-89.3429392369947,48.3626656626846]},"properties":{"OBJECTID":793,"LOC_ID":"NC0196","FDMID":1373,"X_COORD":326462.27068,"Y_COORD":5359261.55223,"BEAT":"S 15","ROT_ANGLE":0,"NODE_ID":782,"GLOBALID":"d32330ed-75e1-456b-b2f4-929d695e296f","CREATEDDATE":1520794199000,"LASTUPDATE":1643920934000}},{"type":"Feature","id":794,"geometry":{"type":"Point","coordinates":[-89.3787167624806,48.3595198076059]},"properties":{"OBJECTID":794,"LOC_ID":"NC0093","FDMID":1271,"X_COORD":323801.62146,"Y_COORD":5358993.57015,"BEAT":"S 14","ROT_ANGLE":0,"NODE_ID":1608,"GLOBALID":"b428d2ce-2367-42e2-901d-a004929b6dbb","CREATEDDATE":1520794199000,"LASTUPDATE":1643920934000}},{"type":"Feature","id":795,"geometry":{"type":"Point","coordinates":[-89.2286510357449,48.3626122698989]},"properties":{"OBJECTID":795,"LOC_ID":"FC0219","FDMID":215,"X_COORD":334926.7174,"Y_COORD":5359003.06391,"BEAT":"S 12","ROT_ANGLE":0,"NODE_ID":9142,"GLOBALID":"b9a9eb3f-4c2f-4d08-946e-49d9bbb16d25","CREATEDDATE":1520794199000,"LASTUPDATE":1643920934000}},{"type":"Feature","id":796,"geometry":{"type":"Point","coordinates":[-89.3316277625724,48.3493342586973]},"properties":{"OBJECTID":796,"LOC_ID":"NC0153","FDMID":1331,"X_COORD":327254.9757,"Y_COORD":5357754.29949,"BEAT":"S 15","ROT_ANGLE":0,"NODE_ID":2623,"GLOBALID":"d7f00c9d-74d6-499c-96e1-1b753c55e346","CREATEDDATE":1520794199000,"LASTUPDATE":1643920934000}},{"type":"Feature","id":797,"geometry":{"type":"Point","coordinates":[-89.3445824592593,48.3556902098505]},"properties":{"OBJECTID":797,"LOC_ID":"NC0119","FDMID":1298,"X_COORD":326316.85295,"Y_COORD":5358490.00433,"BEAT":"S 15","ROT_ANGLE":0,"NODE_ID":10331,"GLOBALID":"8f93129b-3d40-4186-be47-5eb7962fe571","CREATEDDATE":1520794199000,"LASTUPDATE":1643920934000}},{"type":"Feature","id":798,"geometry":{"type":"Point","coordinates":[-89.3530360476041,48.3377074900178]},"properties":{"OBJECTID":798,"LOC_ID":"NC0294","FDMID":1471,"X_COORD":325629.31068,"Y_COORD":5356510.55856,"BEAT":"S 16","ROT_ANGLE":0,"NODE_ID":3224,"GLOBALID":"f1d103ef-fba9-454e-b445-112c315a0bed","CREATEDDATE":1520794199000,"LASTUPDATE":1643920934000}},{"type":"Feature","id":799,"geometry":{"type":"Point","coordinates":[-89.3060992340895,48.3315511676095]},"properties":{"OBJECTID":799,"LOC_ID":"NC0602","FDMID":3694,"X_COORD":329086.76732,"Y_COORD":5355720.61604,"BEAT":"S 17","ROT_ANGLE":0,"NODE_ID":4818,"GLOBALID":"37af4fa0-47c0-46c5-924e-452fab76e915","CREATEDDATE":1520794199000,"LASTUPDATE":1643920934000}},{"type":"Feature","id":800,"geometry":{"type":"Point","coordinates":[-89.3637289868844,48.3225489504932]},"properties":{"OBJECTID":800,"LOC_ID":"NC0529","FDMID":3455,"X_COORD":324785.01807,"Y_COORD":5354850.19479,"BEAT":"S 16","ROT_ANGLE":0,"NODE_ID":9829,"GLOBALID":"d620e33a-3dd7-4fae-a171-e81f82691375","CREATEDDATE":1520794199000,"LASTUPDATE":1643920934000}},{"type":"Feature","id":801,"geometry":{"type":"Point","coordinates":[-89.3417722304589,48.3155185274587]},"properties":{"OBJECTID":801,"LOC_ID":"NC0369","FDMID":1544,"X_COORD":326388.63458,"Y_COORD":5354018.87626,"BEAT":"S 17","ROT_ANGLE":0,"NODE_ID":3517,"GLOBALID":"45b98817-ac52-4c3a-8fef-0e84d046ce5b","CREATEDDATE":1520794199000,"LASTUPDATE":1643920934000}},{"type":"Feature","id":802,"geometry":{"type":"Point","coordinates":[-89.1590914651898,48.4745935299468]},"properties":{"OBJECTID":802,"LOC_ID":"PP0004","FDMID":2875,"X_COORD":340429.66115,"Y_COORD":5371301.69791,"BEAT":"N 14","ROT_ANGLE":0,"NODE_ID":8080,"GLOBALID":"432906d3-9b3c-48ba-9f98-d1b9aeb6c0ff","CREATEDDATE":1520794199000,"LASTUPDATE":1643920934000}},{"type":"Feature","id":803,"geometry":{"type":"Point","coordinates":[-89.2325404599804,48.4626843446063]},"properties":{"OBJECTID":803,"LOC_ID":"MP0001","FDMID":3244,"X_COORD":334962.96649,"Y_COORD":5370133.87455,"BEAT":"N 12","ROT_ANGLE":0,"NODE_ID":5414,"GLOBALID":"70899b9f-2b9e-41c4-9080-1406ce95d813","CREATEDDATE":1520794199000,"LASTUPDATE":1643920934000}},{"type":"Feature","id":804,"geometry":{"type":"Point","coordinates":[-89.2534656893861,48.4625746704009]},"properties":{"OBJECTID":804,"LOC_ID":"MC0196","FDMID":3193,"X_COORD":333415.82537,"Y_COORD":5370167.02885,"BEAT":"N 12","ROT_ANGLE":0,"NODE_ID":5963,"GLOBALID":"cadb46eb-7c46-4b0a-ae75-7d3dfe5ee637","CREATEDDATE":1520794199000,"LASTUPDATE":1643920934000}},{"type":"Feature","id":805,"geometry":{"type":"Point","coordinates":[-89.2119759674115,48.4638228886415]},"properties":{"OBJECTID":805,"LOC_ID":"PC0284","FDMID":2007,"X_COORD":336486.74454,"Y_COORD":5370216.26123,"BEAT":"N 9","ROT_ANGLE":0,"NODE_ID":2814,"GLOBALID":"6ad05af0-cc05-48cd-b24a-dc7558551898","CREATEDDATE":1520794199000,"LASTUPDATE":1644267305000}},{"type":"Feature","id":806,"geometry":{"type":"Point","coordinates":[-89.1749350220689,48.4563784117427]},"properties":{"OBJECTID":806,"LOC_ID":"PP0012","FDMID":2883,"X_COORD":339201.22954,"Y_COORD":5369310.33022,"BEAT":"N 14","ROT_ANGLE":0,"NODE_ID":9480,"GLOBALID":"4d5c5ce0-6d3d-4879-a12d-2b073679aa63","CREATEDDATE":1520794199000,"LASTUPDATE":1643920934000}},{"type":"Feature","id":807,"geometry":{"type":"Point","coordinates":[-89.1905384814029,48.4633980174196]},"properties":{"OBJECTID":807,"LOC_ID":"PC0035","FDMID":1759,"X_COORD":338070.02083,"Y_COORD":5370123.43589,"BEAT":"N 11","ROT_ANGLE":0,"NODE_ID":7215,"GLOBALID":"c99e94cc-d198-4f01-a08b-5f46a873348f","CREATEDDATE":1520794199000,"LASTUPDATE":1643920934000}},{"type":"Feature","id":808,"geometry":{"type":"Point","coordinates":[-89.2581220533886,48.4618666033527]},"properties":{"OBJECTID":808,"LOC_ID":"MC0161","FDMID":3158,"X_COORD":333069.30812,"Y_COORD":5370098.48024,"BEAT":"N 12","ROT_ANGLE":0,"NODE_ID":9400,"GLOBALID":"aaf8305d-f70f-4f76-9ffd-d7314994c73b","CREATEDDATE":1520794199000,"LASTUPDATE":1643920934000}},{"type":"Feature","id":809,"geometry":{"type":"Point","coordinates":[-89.2504842149423,48.4554193025658]},"properties":{"OBJECTID":809,"LOC_ID":"MC0060","FDMID":3057,"X_COORD":333612.81788,"Y_COORD":5369365.26757,"BEAT":"N 12","ROT_ANGLE":0,"NODE_ID":7530,"GLOBALID":"4ea5da53-c4b3-4fe9-a0e0-777929eb69f0","CREATEDDATE":1520794199000,"LASTUPDATE":1643920934000}},{"type":"Feature","id":810,"geometry":{"type":"Point","coordinates":[-89.2433962319212,48.4555178107173]},"properties":{"OBJECTID":810,"LOC_ID":"MC0105","FDMID":3102,"X_COORD":334137.15452,"Y_COORD":5369360.82699,"BEAT":"N 12","ROT_ANGLE":0,"NODE_ID":1684,"GLOBALID":"4529e903-c360-4006-afed-36f3b9c0bd0b","CREATEDDATE":1520794199000,"LASTUPDATE":1643920934000}},{"type":"Feature","id":811,"geometry":{"type":"Point","coordinates":[-89.2517069193632,48.4562223237852]},"properties":{"OBJECTID":811,"LOC_ID":"MC0063","FDMID":3060,"X_COORD":333525.0511,"Y_COORD":5369457.17746,"BEAT":"N 12","ROT_ANGLE":0,"NODE_ID":9642,"GLOBALID":"bbe15078-b457-4e5a-a182-edf5d3ac8b12","CREATEDDATE":1520794199000,"LASTUPDATE":1643920935000}},{"type":"Feature","id":812,"geometry":{"type":"Point","coordinates":[-89.2360150502357,48.4552465463742]},"properties":{"OBJECTID":812,"LOC_ID":"PC0811","FDMID":2527,"X_COORD":334651.23222,"Y_COORD":5369316.17803,"BEAT":"N 8","ROT_ANGLE":0,"NODE_ID":4086,"GLOBALID":"2060d67b-9543-4f7d-86c6-b8f6116ea805","CREATEDDATE":1520794199000,"LASTUPDATE":1643920935000}},{"type":"Feature","id":813,"geometry":{"type":"Point","coordinates":[-89.2719818062678,48.4543953042864]},"properties":{"OBJECTID":813,"LOC_ID":"MC0151","FDMID":3148,"X_COORD":332020.13846,"Y_COORD":5369298.42315,"BEAT":"N 15","ROT_ANGLE":0,"NODE_ID":6516,"GLOBALID":"c0fbf28a-90ea-48fe-bfe6-1a4b75aef1cc","CREATEDDATE":1520794199000,"LASTUPDATE":1643920935000}},{"type":"Feature","id":814,"geometry":{"type":"Point","coordinates":[-89.2088708624806,48.4552681542209]},"properties":{"OBJECTID":814,"LOC_ID":"PC0135","FDMID":1858,"X_COORD":336689.66832,"Y_COORD":5369208.30322,"BEAT":"N 9","ROT_ANGLE":0,"NODE_ID":2761,"GLOBALID":"5ecd27ec-910d-4103-8cbe-3f667fed26b5","CREATEDDATE":1520794199000,"LASTUPDATE":1644347385000}},{"type":"Feature","id":815,"geometry":{"type":"Point","coordinates":[-89.2182611937468,48.452783963081]},"properties":{"OBJECTID":815,"LOC_ID":"PC0124","FDMID":1847,"X_COORD":335986.58275,"Y_COORD":5369002.78206,"BEAT":"N 9","ROT_ANGLE":0,"NODE_ID":1829,"GLOBALID":"530408dd-0109-4cf1-add1-a3d94c766ba8","CREATEDDATE":1520794199000,"LASTUPDATE":1643920935000}},{"type":"Feature","id":816,"geometry":{"type":"Point","coordinates":[-89.2739939568076,48.4515612083502]},"properties":{"OBJECTID":816,"LOC_ID":"MC0201","FDMID":3198,"X_COORD":331862.01903,"Y_COORD":5368987.84856,"BEAT":"N 15","ROT_ANGLE":0,"NODE_ID":4819,"GLOBALID":"4d5cce26-6d57-45cf-aa0d-8f1bba02abbc","CREATEDDATE":1520794199000,"LASTUPDATE":1643920935000}},{"type":"Feature","id":817,"geometry":{"type":"Point","coordinates":[-89.214241362296,48.4502164402396]},"properties":{"OBJECTID":817,"LOC_ID":"PC0121","FDMID":1844,"X_COORD":336275.21456,"Y_COORD":5368702.12722,"BEAT":"N 10","ROT_ANGLE":0,"NODE_ID":6225,"GLOBALID":"2f244e57-c984-4ffc-90fd-61c0bcefa60c","CREATEDDATE":1520794199000,"LASTUPDATE":1643920935000}},{"type":"Feature","id":818,"geometry":{"type":"Point","coordinates":[-89.2834109301964,48.4483996339507]},"properties":{"OBJECTID":818,"LOC_ID":"MC0280","FDMID":3434,"X_COORD":331155.28444,"Y_COORD":5368657.19077,"BEAT":"N 15","ROT_ANGLE":0,"NODE_ID":3401,"GLOBALID":"707673a8-7d27-4f17-bb94-3c83c5566413","CREATEDDATE":1520794199000,"LASTUPDATE":1643920935000}},{"type":"Feature","id":819,"geometry":{"type":"Point","coordinates":[-89.1970823226355,48.4490341164699]},"properties":{"OBJECTID":819,"LOC_ID":"PC0535","FDMID":2255,"X_COORD":337540.46384,"Y_COORD":5368540.83006,"BEAT":"N 10","ROT_ANGLE":0,"NODE_ID":2041,"GLOBALID":"7fb0ba64-7872-427a-a31a-6d7b7ce6cd42","CREATEDDATE":1520794199000,"LASTUPDATE":1644367209000}},{"type":"Feature","id":820,"geometry":{"type":"Point","coordinates":[-89.2164038262925,48.4471934910028]},"properties":{"OBJECTID":820,"LOC_ID":"PC0103","FDMID":1826,"X_COORD":336105.91689,"Y_COORD":5368377.44882,"BEAT":"N 10","ROT_ANGLE":0,"NODE_ID":8567,"GLOBALID":"986d328d-0607-40e1-9705-99bbc1d6af50","CREATEDDATE":1520794199000,"LASTUPDATE":1643920935000}},{"type":"Feature","id":821,"geometry":{"type":"Point","coordinates":[-89.2215222054308,48.4474541808394]},"properties":{"OBJECTID":821,"LOC_ID":"PC0764","FDMID":2481,"X_COORD":335728.29027,"Y_COORD":5368417.4012,"BEAT":"N 9","ROT_ANGLE":0,"NODE_ID":8102,"GLOBALID":"15a7fe26-8b82-4616-8b76-d57e73fa8f4b","CREATEDDATE":1520794199000,"LASTUPDATE":1643920935000}},{"type":"Feature","id":822,"geometry":{"type":"Point","coordinates":[-89.2089587695499,48.4465147312001]},"properties":{"OBJECTID":822,"LOC_ID":"PC0143","FDMID":1866,"X_COORD":336656.79024,"Y_COORD":5368280.79474,"BEAT":"N 10","ROT_ANGLE":0,"NODE_ID":5898,"GLOBALID":"7da8e731-f27d-4b98-8722-cf585ec1aa3a","CREATEDDATE":1520794199000,"LASTUPDATE":1643920935000}},{"type":"Feature","id":823,"geometry":{"type":"Point","coordinates":[-89.2187926197918,48.4454636425027]},"properties":{"OBJECTID":823,"LOC_ID":"PC0199","FDMID":1922,"X_COORD":335923.71248,"Y_COORD":5368190.30642,"BEAT":"N 10","ROT_ANGLE":0,"NODE_ID":4475,"GLOBALID":"a55cd05b-de22-4090-b6f2-6bda0f2bf99a","CREATEDDATE":1520794199000,"LASTUPDATE":1644365296000}},{"type":"Feature","id":824,"geometry":{"type":"Point","coordinates":[-89.21403423894,48.4441249226111]},"properties":{"OBJECTID":824,"LOC_ID":"PC0194","FDMID":1917,"X_COORD":336271.26934,"Y_COORD":5368031.32453,"BEAT":"N 10","ROT_ANGLE":0,"NODE_ID":6797,"GLOBALID":"4a8d452b-6916-4d48-8f3e-808ad60b781e","CREATEDDATE":1520794199000,"LASTUPDATE":1643920935000}},{"type":"Feature","id":825,"geometry":{"type":"Point","coordinates":[-89.2261203303911,48.444016401425]},"properties":{"OBJECTID":825,"LOC_ID":"PC0342","FDMID":2065,"X_COORD":335377.18345,"Y_COORD":5368045.19486,"BEAT":"N 6","ROT_ANGLE":0,"NODE_ID":8337,"GLOBALID":"e80f5df7-cea8-4c8d-876b-8a455e995601","CREATEDDATE":1520794199000,"LASTUPDATE":1644365364000}},{"type":"Feature","id":826,"geometry":{"type":"Point","coordinates":[-89.2207505100475,48.4428716973435]},"properties":{"OBJECTID":826,"LOC_ID":"PC0317","FDMID":2040,"X_COORD":335770.5807,"Y_COORD":5367906.42699,"BEAT":"N 6","ROT_ANGLE":0,"NODE_ID":10338,"GLOBALID":"5da37494-7012-44a6-8a62-8b4426f0feed","CREATEDDATE":1520794199000,"LASTUPDATE":1643920935000}},{"type":"Feature","id":827,"geometry":{"type":"Point","coordinates":[-89.2140991630121,48.4426038793619]},"properties":{"OBJECTID":827,"LOC_ID":"PC0203","FDMID":1926,"X_COORD":336261.58102,"Y_COORD":5367862.40856,"BEAT":"N 10","ROT_ANGLE":0,"NODE_ID":6457,"GLOBALID":"ed368355-eb21-4b01-b041-87751089adcd","CREATEDDATE":1520794199000,"LASTUPDATE":1643920935000}},{"type":"Feature","id":828,"geometry":{"type":"Point","coordinates":[-89.2274603077861,48.4410687794391]},"properties":{"OBJECTID":828,"LOC_ID":"PC0324","FDMID":2047,"X_COORD":335268.56316,"Y_COORD":5367720.46654,"BEAT":"N 6","ROT_ANGLE":0,"NODE_ID":7718,"GLOBALID":"6d958df4-1396-42d7-b1db-2d001cd3342e","CREATEDDATE":1520794199000,"LASTUPDATE":1644364766000}},{"type":"Feature","id":829,"geometry":{"type":"Point","coordinates":[-89.2186919060207,48.4412858769149]},"properties":{"OBJECTID":829,"LOC_ID":"PC0298","FDMID":2021,"X_COORD":335917.70723,"Y_COORD":5367725.75525,"BEAT":"N7","ROT_ANGLE":0,"NODE_ID":6291,"GLOBALID":"0c57c033-6cd9-4cd6-947b-1a4c36984f5b","CREATEDDATE":1520794199000,"LASTUPDATE":1643920935000}},{"type":"Feature","id":830,"geometry":{"type":"Point","coordinates":[-89.2382405176702,48.4331837861924]},"properties":{"OBJECTID":830,"LOC_ID":"PC0901","FDMID":2617,"X_COORD":334445.74179,"Y_COORD":5366867.33553,"BEAT":"N 6","ROT_ANGLE":0,"NODE_ID":5600,"GLOBALID":"9542833a-812f-460c-b865-54134b424dd4","CREATEDDATE":1520794199000,"LASTUPDATE":1643920935000}},{"type":"Feature","id":831,"geometry":{"type":"Point","coordinates":[-89.2516109137184,48.4195060601768]},"properties":{"OBJECTID":831,"LOC_ID":"PP0094","FDMID":2958,"X_COORD":333412.11132,"Y_COORD":5365376.14731,"BEAT":"N 3","ROT_ANGLE":0,"NODE_ID":4578,"GLOBALID":"8094dbd4-e95c-4960-899c-c08715643f77","CREATEDDATE":1520794199000,"LASTUPDATE":1643920935000}},{"type":"Feature","id":832,"geometry":{"type":"Point","coordinates":[-89.2461965972953,48.4167122512239]},"properties":{"OBJECTID":832,"LOC_ID":"PC0748","FDMID":2465,"X_COORD":333806.64265,"Y_COORD":5365054.9308,"BEAT":"N 2","ROT_ANGLE":0,"NODE_ID":9136,"GLOBALID":"b79f5415-e5c4-42ee-abbf-0512a80c75dc","CREATEDDATE":1520794199000,"LASTUPDATE":1644351341000}},{"type":"Feature","id":833,"geometry":{"type":"Point","coordinates":[-89.2534066662672,48.415369957498]},"properties":{"OBJECTID":833,"LOC_ID":"PC1067","FDMID":2781,"X_COORD":333265.72694,"Y_COORD":5364920.35902,"BEAT":"N 3","ROT_ANGLE":0,"NODE_ID":4374,"GLOBALID":"4eb57d87-c41e-4fa9-957b-4fab202ed0fb","CREATEDDATE":1520794199000,"LASTUPDATE":1643920935000}},{"type":"Feature","id":834,"geometry":{"type":"Point","coordinates":[-89.2391087209338,48.4101107793955]},"properties":{"OBJECTID":834,"LOC_ID":"PC0792","FDMID":2509,"X_COORD":334306.51644,"Y_COORD":5364304.78552,"BEAT":"N 2","ROT_ANGLE":0,"NODE_ID":6655,"GLOBALID":"502cd7ba-342f-4378-9dfb-feadb38ab7f1","CREATEDDATE":1520794199000,"LASTUPDATE":1644351254000}},{"type":"Feature","id":835,"geometry":{"type":"Point","coordinates":[-89.2303036662482,48.4100148110394]},"properties":{"OBJECTID":835,"LOC_ID":"PC1117","FDMID":2831,"X_COORD":334957.74179,"Y_COORD":5364275.10027,"BEAT":"N 14","ROT_ANGLE":0,"NODE_ID":7462,"GLOBALID":"d2754fe1-b63c-4f24-9cea-7e72d8059c37","CREATEDDATE":1520794199000,"LASTUPDATE":1643920935000}},{"type":"Feature","id":836,"geometry":{"type":"Point","coordinates":[-89.2258227601891,48.4080115403056]},"properties":{"OBJECTID":836,"LOC_ID":"PP0193","FDMID":3352,"X_COORD":335294.17699,"Y_COORD":5364044.43992,"BEAT":"N 14","ROT_ANGLE":0,"NODE_ID":5521,"GLOBALID":"f0e6caf0-a25b-469e-ab0c-993935ea907e","CREATEDDATE":1520794199000,"LASTUPDATE":1643920936000}},{"type":"Feature","id":837,"geometry":{"type":"Point","coordinates":[-89.2779335316089,48.4020911879752]},"properties":{"OBJECTID":837,"LOC_ID":"FC1126","FDMID":1115,"X_COORD":331407.11778,"Y_COORD":5363498.22193,"BEAT":"S 1","ROT_ANGLE":0,"NODE_ID":4882,"GLOBALID":"25531f2b-db60-48a4-8890-356699817732","CREATEDDATE":1520794199000,"LASTUPDATE":1643920936000}},{"type":"Feature","id":838,"geometry":{"type":"Point","coordinates":[-89.2585026701324,48.3999189244568]},"properties":{"OBJECTID":838,"LOC_ID":"PC0712","FDMID":2431,"X_COORD":332837.95759,"Y_COORD":5363215.60638,"BEAT":"S 9","ROT_ANGLE":0,"NODE_ID":5017,"GLOBALID":"e76d7f1c-d29c-4210-8952-41c519e0624a","CREATEDDATE":1520794199000,"LASTUPDATE":1680213897000}},{"type":"Feature","id":839,"geometry":{"type":"Point","coordinates":[-89.2288507687558,48.3963161840351]},"properties":{"OBJECTID":839,"LOC_ID":"FC1139","FDMID":1128,"X_COORD":335020.92873,"Y_COORD":5362749.45956,"BEAT":"S 11","ROT_ANGLE":0,"NODE_ID":9262,"GLOBALID":"cd6666cf-4f29-405c-84d1-84172746df7c","CREATEDDATE":1520794199000,"LASTUPDATE":1643920936000}},{"type":"Feature","id":840,"geometry":{"type":"Point","coordinates":[-89.2849851512913,48.3954919774523]},"properties":{"OBJECTID":840,"LOC_ID":"FC0987","FDMID":978,"X_COORD":330863.3615,"Y_COORD":5362780.32062,"BEAT":"S 4","ROT_ANGLE":0,"NODE_ID":2821,"GLOBALID":"48537830-38f5-477a-b403-7bb0a100e156","CREATEDDATE":1520794199000,"LASTUPDATE":1643920936000}},{"type":"Feature","id":841,"geometry":{"type":"Point","coordinates":[-89.2294520229051,48.3954424937416]},"properties":{"OBJECTID":841,"LOC_ID":"FC0584","FDMID":576,"X_COORD":334973.59945,"Y_COORD":5362653.65003,"BEAT":"S 11","ROT_ANGLE":0,"NODE_ID":4564,"GLOBALID":"b798877b-d17e-4e1a-ad92-f0298cea9b2f","CREATEDDATE":1520794199000,"LASTUPDATE":1643920936000}},{"type":"Feature","id":842,"geometry":{"type":"Point","coordinates":[-89.2542705512449,48.3890738050468]},"properties":{"OBJECTID":842,"LOC_ID":"FC0599","FDMID":591,"X_COORD":333115.7798,"Y_COORD":5361999.60331,"BEAT":"S 9","ROT_ANGLE":0,"NODE_ID":8469,"GLOBALID":"3e84b999-ebea-4873-879b-cd9a6d14fba9","CREATEDDATE":1520794199000,"LASTUPDATE":1643920936000}},{"type":"Feature","id":843,"geometry":{"type":"Point","coordinates":[-89.2673471872758,48.3870497650202]},"properties":{"OBJECTID":843,"LOC_ID":"FC0499","FDMID":491,"X_COORD":332141.10127,"Y_COORD":5361803.22161,"BEAT":"S 7","ROT_ANGLE":0,"NODE_ID":2148,"GLOBALID":"2590a8c5-f655-49ac-b55c-05829facefa2","CREATEDDATE":1520794199000,"LASTUPDATE":1643920936000}},{"type":"Feature","id":844,"geometry":{"type":"Point","coordinates":[-89.2409473370387,48.3874679845269]},"properties":{"OBJECTID":844,"LOC_ID":"FC0080","FDMID":73,"X_COORD":334096.81532,"Y_COORD":5361792.17367,"BEAT":"S 11","ROT_ANGLE":0,"NODE_ID":317,"GLOBALID":"dc9aa0d6-f39e-4985-8ea3-b715e9d9cbc3","CREATEDDATE":1520794199000,"LASTUPDATE":1643920936000}},{"type":"Feature","id":845,"geometry":{"type":"Point","coordinates":[-89.2513189370004,48.3864341049928]},"properties":{"OBJECTID":845,"LOC_ID":"FC0751","FDMID":742,"X_COORD":333325.64835,"Y_COORD":5361699.78583,"BEAT":"S 9","ROT_ANGLE":0,"NODE_ID":8538,"GLOBALID":"d639d014-0664-4a7c-9e07-7168b9a67afd","CREATEDDATE":1520794199000,"LASTUPDATE":1643920936000}},{"type":"Feature","id":846,"geometry":{"type":"Point","coordinates":[-89.2893443567155,48.3851931027635]},"properties":{"OBJECTID":846,"LOC_ID":"FC0864","FDMID":855,"X_COORD":330507.8013,"Y_COORD":5361646.57316,"BEAT":"S 5","ROT_ANGLE":0,"NODE_ID":8655,"GLOBALID":"8f748110-1a89-4ae1-b608-127d8605159d","CREATEDDATE":1520794199000,"LASTUPDATE":1677715968000}},{"type":"Feature","id":847,"geometry":{"type":"Point","coordinates":[-89.3417796135641,48.3842747139303]},"properties":{"OBJECTID":847,"LOC_ID":"NC0032","FDMID":1210,"X_COORD":326621.54876,"Y_COORD":5361660.62321,"BEAT":"S 13","ROT_ANGLE":0,"NODE_ID":7386,"GLOBALID":"e09d25f3-5694-4f6f-a887-db41c6a20d77","CREATEDDATE":1520794199000,"LASTUPDATE":1643920936000}},{"type":"Feature","id":848,"geometry":{"type":"Point","coordinates":[-89.3123845312016,48.3704209441638]},"properties":{"OBJECTID":848,"LOC_ID":"NP0007","FDMID":3268,"X_COORD":328751.2637,"Y_COORD":5360054.72727,"BEAT":"S 13","ROT_ANGLE":0,"NODE_ID":1403,"GLOBALID":"155c2d05-ffd1-4888-a8fd-b17309ca0565","CREATEDDATE":1520794199000,"LASTUPDATE":1643920936000}},{"type":"Feature","id":849,"geometry":{"type":"Point","coordinates":[-89.2948781352944,48.3775161804264]},"properties":{"OBJECTID":849,"LOC_ID":"FC1065","FDMID":1056,"X_COORD":330071.28777,"Y_COORD":5360804.33367,"BEAT":"S 2","ROT_ANGLE":0,"NODE_ID":3456,"GLOBALID":"f6234006-3a5b-493f-8072-24d8fd0f6873","CREATEDDATE":1520794199000,"LASTUPDATE":1643920936000}},{"type":"Feature","id":850,"geometry":{"type":"Point","coordinates":[-89.262074498063,48.3806918005355]},"properties":{"OBJECTID":850,"LOC_ID":"FC0130","FDMID":123,"X_COORD":332510.56022,"Y_COORD":5361085.02897,"BEAT":"S 8","ROT_ANGLE":0,"NODE_ID":8861,"GLOBALID":"885690a1-8bf8-456a-8240-c437ce39d76b","CREATEDDATE":1520794199000,"LASTUPDATE":1643920936000}},{"type":"Feature","id":851,"geometry":{"type":"Point","coordinates":[-89.2826792983288,48.378310170496]},"properties":{"OBJECTID":851,"LOC_ID":"FC0621","FDMID":613,"X_COORD":330978.13449,"Y_COORD":5360869.59959,"BEAT":"S 5","ROT_ANGLE":0,"NODE_ID":4334,"GLOBALID":"84c2ece4-a8f7-49f0-9f75-c1ffcaae3292","CREATEDDATE":1520794199000,"LASTUPDATE":1643920936000}},{"type":"Feature","id":852,"geometry":{"type":"Point","coordinates":[-89.3656911384773,48.3772989167476]},"properties":{"OBJECTID":852,"LOC_ID":"NC0474","FDMID":1647,"X_COORD":324827.39298,"Y_COORD":5360939.71978,"BEAT":"S 13","ROT_ANGLE":0,"NODE_ID":7762,"GLOBALID":"c8f7594f-90b3-429e-8998-eb313e4b51b2","CREATEDDATE":1520794199000,"LASTUPDATE":1643920936000}},{"type":"Feature","id":853,"geometry":{"type":"Point","coordinates":[-89.2991974023215,48.3770235112539]},"properties":{"OBJECTID":853,"LOC_ID":"FC1009","FDMID":1000,"X_COORD":329748.27798,"Y_COORD":5360768.92426,"BEAT":"S 2","ROT_ANGLE":0,"NODE_ID":4664,"GLOBALID":"8d15c418-4d3a-4283-bcad-fe103308b80b","CREATEDDATE":1520794199000,"LASTUPDATE":1677610715000}},{"type":"Feature","id":854,"geometry":{"type":"Point","coordinates":[-89.2782898750016,48.377149972615]},"properties":{"OBJECTID":854,"LOC_ID":"FC0385","FDMID":379,"X_COORD":331298.30473,"Y_COORD":5360726.96638,"BEAT":"S 7","ROT_ANGLE":0,"NODE_ID":10378,"GLOBALID":"774c70d3-6873-45c7-b452-637aa50b1643","CREATEDDATE":1520794199000,"LASTUPDATE":1644007880000}},{"type":"Feature","id":855,"geometry":{"type":"Point","coordinates":[-89.2731226832205,48.3739852749313]},"properties":{"OBJECTID":855,"LOC_ID":"FC0669","FDMID":661,"X_COORD":331666.38204,"Y_COORD":5360367.0017,"BEAT":"S 7","ROT_ANGLE":0,"NODE_ID":5721,"GLOBALID":"f564026c-462b-42ac-a654-29d77b9ea921","CREATEDDATE":1520794199000,"LASTUPDATE":1643920936000}},{"type":"Feature","id":856,"geometry":{"type":"Point","coordinates":[-89.2537917312365,48.3735760847625]},"properties":{"OBJECTID":856,"LOC_ID":"FC0456","FDMID":448,"X_COORD":333100.52374,"Y_COORD":5360276.08151,"BEAT":"S 10","ROT_ANGLE":0,"NODE_ID":6134,"GLOBALID":"33165389-be95-46aa-92ef-3cb14b503a97","CREATEDDATE":1520794199000,"LASTUPDATE":1643920936000}},{"type":"Feature","id":857,"geometry":{"type":"Point","coordinates":[-89.3030360864583,48.370414983877]},"properties":{"OBJECTID":857,"LOC_ID":"FC0369","FDMID":364,"X_COORD":329442.43887,"Y_COORD":5360035.59434,"BEAT":"S 2","ROT_ANGLE":0,"NODE_ID":8849,"GLOBALID":"01d2cbd2-3fdb-44a3-84cd-defbefaf8ed8","CREATEDDATE":1520794199000,"LASTUPDATE":1643920936000}},{"type":"Feature","id":858,"geometry":{"type":"Point","coordinates":[-89.2786462640873,48.3693181141143]},"properties":{"OBJECTID":858,"LOC_ID":"FC0216","FDMID":212,"X_COORD":331246.24662,"Y_COORD":5359848.93706,"BEAT":"S 6","ROT_ANGLE":0,"NODE_ID":492,"GLOBALID":"5f50a522-e876-4db9-b7c8-61dfb7c60adb","CREATEDDATE":1520794199000,"LASTUPDATE":1643920936000}},{"type":"Feature","id":859,"geometry":{"type":"Point","coordinates":[-89.3867391638125,48.3624071667996]},"properties":{"OBJECTID":859,"LOC_ID":"NC0085","FDMID":1263,"X_COORD":323217.40719,"Y_COORD":5359332.95601,"BEAT":"S 14","ROT_ANGLE":0,"NODE_ID":6061,"GLOBALID":"8e60b297-b3fb-4976-9884-25bcac852816","CREATEDDATE":1520794199000,"LASTUPDATE":1643920937000}},{"type":"Feature","id":860,"geometry":{"type":"Point","coordinates":[-89.2951237128701,48.3602891973544]},"properties":{"OBJECTID":860,"LOC_ID":"FC0550","FDMID":542,"X_COORD":329996.65174,"Y_COORD":5358884.79242,"BEAT":"S 3","ROT_ANGLE":0,"NODE_ID":8850,"GLOBALID":"bda2fcdd-a77a-4e06-bee0-2eea580ea3ce","CREATEDDATE":1520794199000,"LASTUPDATE":1643920937000}},{"type":"Feature","id":861,"geometry":{"type":"Point","coordinates":[-89.3573098721556,48.3423675314417]},"properties":{"OBJECTID":861,"LOC_ID":"NP0024","FDMID":1693,"X_COORD":325328.54703,"Y_COORD":5357038.21655,"BEAT":"S 15","ROT_ANGLE":0,"NODE_ID":4916,"GLOBALID":"e99c358f-5905-455a-87d2-ccf95aa79308","CREATEDDATE":1520794199000,"LASTUPDATE":1643920937000}},{"type":"Feature","id":862,"geometry":{"type":"Point","coordinates":[-89.333659964975,48.3347198169383]},"properties":{"OBJECTID":862,"LOC_ID":"NC0387","FDMID":1562,"X_COORD":327054.97698,"Y_COORD":5356134.60234,"BEAT":"S 16","ROT_ANGLE":0,"NODE_ID":6742,"GLOBALID":"bae4fa0b-c295-4439-89f9-e376cf6562de","CREATEDDATE":1520794199000,"LASTUPDATE":1643920937000}},{"type":"Feature","id":863,"geometry":{"type":"Point","coordinates":[-89.341512397297,48.3211308439322]},"properties":{"OBJECTID":863,"LOC_ID":"NC0517","FDMID":3320,"X_COORD":326426.94549,"Y_COORD":5354642.04887,"BEAT":"S 17","ROT_ANGLE":0,"NODE_ID":1844,"GLOBALID":"028c3dc5-2d37-4df7-a58e-4339fe266659","CREATEDDATE":1520794199000,"LASTUPDATE":1643920937000}},{"type":"Feature","id":864,"geometry":{"type":"Point","coordinates":[-89.3599932647616,48.3168991718257]},"properties":{"OBJECTID":864,"LOC_ID":"NC0359","FDMID":1534,"X_COORD":325042.58991,"Y_COORD":5354213.73962,"BEAT":"S 17","ROT_ANGLE":45,"NODE_ID":460,"GLOBALID":"66d9d7f1-50da-4fe0-9677-aa773634b09c","CREATEDDATE":1520794199000,"LASTUPDATE":1643920937000}},{"type":"Feature","id":865,"geometry":{"type":"Point","coordinates":[-89.2644989718357,48.4513548585636]},"properties":{"OBJECTID":865,"LOC_ID":"MC0048","FDMID":3045,"X_COORD":332563.34793,"Y_COORD":5368944.09278,"BEAT":"N 13","ROT_ANGLE":0,"NODE_ID":6492,"GLOBALID":"a6878343-f5e0-4b35-830c-d4a738b5273c","CREATEDDATE":1520794199000,"LASTUPDATE":1643920937000}},{"type":"Feature","id":866,"geometry":{"type":"Point","coordinates":[-89.2573143582698,48.4488944724401]},"properties":{"OBJECTID":866,"LOC_ID":"MC0007","FDMID":3005,"X_COORD":333086.94601,"Y_COORD":5368655.1996,"BEAT":"N 13","ROT_ANGLE":0,"NODE_ID":3329,"GLOBALID":"5f50768d-6c92-4d18-9491-e1fc6e934260","CREATEDDATE":1520794199000,"LASTUPDATE":1643920937000}},{"type":"Feature","id":867,"geometry":{"type":"Point","coordinates":[-89.2691342737171,48.4465926972628]},"properties":{"OBJECTID":867,"LOC_ID":"MC0057","FDMID":3054,"X_COORD":332204.9359,"Y_COORD":5368424.96498,"BEAT":"N 13","ROT_ANGLE":0,"NODE_ID":8395,"GLOBALID":"04561aa6-31f7-4d30-9b79-6cdf4900339c","CREATEDDATE":1520794199000,"LASTUPDATE":1643920937000}},{"type":"Feature","id":868,"geometry":{"type":"Point","coordinates":[-89.2429929598926,48.4393936746225]},"properties":{"OBJECTID":868,"LOC_ID":"PC0526","FDMID":2246,"X_COORD":334114.44963,"Y_COORD":5367567.83857,"BEAT":"N 5","ROT_ANGLE":0,"NODE_ID":7500,"GLOBALID":"5c763f08-694b-4dd1-a8a1-51bf24de2d6b","CREATEDDATE":1520794199000,"LASTUPDATE":1644362981000}},{"type":"Feature","id":869,"geometry":{"type":"Point","coordinates":[-89.277349840521,48.4154978261618]},"properties":{"OBJECTID":869,"LOC_ID":"PC0180","FDMID":3496,"X_COORD":331494.63343,"Y_COORD":5364986.99044,"BEAT":"N 1","ROT_ANGLE":0,"NODE_ID":3330,"GLOBALID":"a4de4979-c70d-4514-8b79-09779ab0e6d6","CREATEDDATE":1520794199000,"LASTUPDATE":1643920937000}},{"type":"Feature","id":870,"geometry":{"type":"Point","coordinates":[-89.1713155841132,48.4588077863117]},"properties":{"OBJECTID":870,"LOC_ID":"PP0018","FDMID":2889,"X_COORD":339476.47357,"Y_COORD":5369572.7461,"BEAT":"N 14","ROT_ANGLE":0,"NODE_ID":4994,"GLOBALID":"b13658cb-c1f8-43bf-a7ed-dec42c20810d","CREATEDDATE":1520794199000,"LASTUPDATE":1643920937000}},{"type":"Feature","id":871,"geometry":{"type":"Point","coordinates":[-89.236298418184,48.4624959977491]},"properties":{"OBJECTID":871,"LOC_ID":"MC0160","FDMID":3157,"X_COORD":334684.56598,"Y_COORD":5370121.05074,"BEAT":"N 12","ROT_ANGLE":0,"NODE_ID":7551,"GLOBALID":"c2581fc2-bef8-44ab-98e2-8211e89c36e2","CREATEDDATE":1520794199000,"LASTUPDATE":1643920937000}},{"type":"Feature","id":872,"geometry":{"type":"Point","coordinates":[-89.2548236010263,48.4617646334401]},"properties":{"OBJECTID":872,"LOC_ID":"MC0177","FDMID":3174,"X_COORD":333312.79612,"Y_COORD":5370079.95582,"BEAT":"N 12","ROT_ANGLE":0,"NODE_ID":10072,"GLOBALID":"aa4da7b1-34e2-410a-a9a4-42918dde52f7","CREATEDDATE":1520794199000,"LASTUPDATE":1643920937000}},{"type":"Feature","id":873,"geometry":{"type":"Point","coordinates":[-89.18289473723,48.4617363530071]},"properties":{"OBJECTID":873,"LOC_ID":"PC0027","FDMID":1751,"X_COORD":338629.77174,"Y_COORD":5369922.59339,"BEAT":"N 11","ROT_ANGLE":0,"NODE_ID":3079,"GLOBALID":"112c56a5-dcf3-41ad-b96a-1cd5b76bffc0","CREATEDDATE":1520794199000,"LASTUPDATE":1643920937000}},{"type":"Feature","id":874,"geometry":{"type":"Point","coordinates":[-89.2441015975095,48.4597306071929]},"properties":{"OBJECTID":874,"LOC_ID":"MC0101","FDMID":3098,"X_COORD":334098.73942,"Y_COORD":5369830.58162,"BEAT":"N 12","ROT_ANGLE":0,"NODE_ID":7536,"GLOBALID":"59f8345a-e29d-4adf-87b2-32a27a1cffb6","CREATEDDATE":1520794199000,"LASTUPDATE":1643920937000}},{"type":"Feature","id":875,"geometry":{"type":"Point","coordinates":[-89.1862302768156,48.459969018113]},"properties":{"OBJECTID":875,"LOC_ID":"PC0014","FDMID":1738,"X_COORD":338377.58666,"Y_COORD":5369733.20664,"BEAT":"N 11","ROT_ANGLE":0,"NODE_ID":1374,"GLOBALID":"bd75c28e-60ed-463f-9f01-5064344ba105","CREATEDDATE":1520794199000,"LASTUPDATE":1644266264000}},{"type":"Feature","id":876,"geometry":{"type":"Point","coordinates":[-89.2255964016945,48.4580036807312]},"properties":{"OBJECTID":876,"LOC_ID":"PC0249","FDMID":1972,"X_COORD":335461.132,"Y_COORD":5369598.68478,"BEAT":"N 8","ROT_ANGLE":0,"NODE_ID":6566,"GLOBALID":"b7559ea3-31e2-4714-a60a-b4ebd8435576","CREATEDDATE":1520794199000,"LASTUPDATE":1643920937000}},{"type":"Feature","id":877,"geometry":{"type":"Point","coordinates":[-89.2509987820096,48.4524821576215]},"properties":{"OBJECTID":877,"LOC_ID":"MP0010","FDMID":3253,"X_COORD":333565.16937,"Y_COORD":5369039.93816,"BEAT":"N 12","ROT_ANGLE":0,"NODE_ID":7957,"GLOBALID":"046e1b91-45de-4f6e-867c-d02b8297119b","CREATEDDATE":1520794199000,"LASTUPDATE":1643920937000}},{"type":"Feature","id":878,"geometry":{"type":"Point","coordinates":[-89.225605856469,48.4532858895768]},"properties":{"OBJECTID":878,"LOC_ID":"PC0242","FDMID":1965,"X_COORD":335445.18268,"Y_COORD":5369074.3443,"BEAT":"N 8","ROT_ANGLE":0,"NODE_ID":4256,"GLOBALID":"63dacac5-a4c2-49a8-849a-7a55f303472a","CREATEDDATE":1520794199000,"LASTUPDATE":1643920937000}},{"type":"Feature","id":879,"geometry":{"type":"Point","coordinates":[-89.2400011027804,48.4514645249411]},"properties":{"OBJECTID":879,"LOC_ID":"PC0743","FDMID":2460,"X_COORD":334374.97059,"Y_COORD":5368902.97509,"BEAT":"N 8","ROT_ANGLE":0,"NODE_ID":8411,"GLOBALID":"fe729be0-9c0d-42f8-951e-4a00a7480d15","CREATEDDATE":1520794199000,"LASTUPDATE":1643920937000}},{"type":"Feature","id":880,"geometry":{"type":"Point","coordinates":[-89.2786069436608,48.4484287004019]},"properties":{"OBJECTID":880,"LOC_ID":"MC0169","FDMID":3166,"X_COORD":331510.58786,"Y_COORD":5368649.83435,"BEAT":"N 15","ROT_ANGLE":0,"NODE_ID":3370,"GLOBALID":"222f08ef-34ce-4f27-a8d9-f649d17c6559","CREATEDDATE":1520794199000,"LASTUPDATE":1643920937000}},{"type":"Feature","id":881,"geometry":{"type":"Point","coordinates":[-89.2657481130246,48.4482935954977]},"properties":{"OBJECTID":881,"LOC_ID":"MC0032","FDMID":3029,"X_COORD":332460.91516,"Y_COORD":5368606.58853,"BEAT":"N 13","ROT_ANGLE":0,"NODE_ID":4129,"GLOBALID":"c51cdd41-3da9-46e8-a987-aab1efcd3c7f","CREATEDDATE":1520794199000,"LASTUPDATE":1643920937000}},{"type":"Feature","id":882,"geometry":{"type":"Point","coordinates":[-89.2207123296737,48.4480920392999]},"properties":{"OBJECTID":882,"LOC_ID":"PC0779","FDMID":2496,"X_COORD":335790.23049,"Y_COORD":5368486.55678,"BEAT":"N 9","ROT_ANGLE":0,"NODE_ID":1361,"GLOBALID":"a0364cd1-5869-4b33-925b-c0fa1eecc7bf","CREATEDDATE":1520794199000,"LASTUPDATE":1644349566000}},{"type":"Feature","id":883,"geometry":{"type":"Point","coordinates":[-89.269664366124,48.4446221319519]},"properties":{"OBJECTID":883,"LOC_ID":"MC0119","FDMID":3116,"X_COORD":332159.24015,"Y_COORD":5368207.11256,"BEAT":"N 13","ROT_ANGLE":0,"NODE_ID":6594,"GLOBALID":"821a0ef5-bd8a-4a77-95c4-ec4ac95847c9","CREATEDDATE":1520794199000,"LASTUPDATE":1643920937000}},{"type":"Feature","id":884,"geometry":{"type":"Point","coordinates":[-89.2766182709468,48.4445382215593]},"properties":{"OBJECTID":884,"LOC_ID":"MC0205","FDMID":3202,"X_COORD":331644.76207,"Y_COORD":5368213.05509,"BEAT":"N 13","ROT_ANGLE":0,"NODE_ID":5992,"GLOBALID":"26ce8d43-5567-4aad-bba4-3900c6249196","CREATEDDATE":1520794199000,"LASTUPDATE":1643920937000}},{"type":"Feature","id":885,"geometry":{"type":"Point","coordinates":[-89.2068018591854,48.4432756034852]},"properties":{"OBJECTID":885,"LOC_ID":"PC0111","FDMID":1834,"X_COORD":336803.35613,"Y_COORD":5367921.48235,"BEAT":"N 10","ROT_ANGLE":0,"NODE_ID":2404,"GLOBALID":"b0c19eec-2a5b-43f2-be45-04e7a515bd91","CREATEDDATE":1520794199000,"LASTUPDATE":1643920937000}},{"type":"Feature","id":886,"geometry":{"type":"Point","coordinates":[-89.2011981669161,48.4429312495815]},"properties":{"OBJECTID":886,"LOC_ID":"PP0183","FDMID":2588,"X_COORD":337216.63305,"Y_COORD":5367871.27435,"BEAT":"N 14","ROT_ANGLE":0,"NODE_ID":3184,"GLOBALID":"02cc912d-37c9-406c-b98f-70fecdc3153e","CREATEDDATE":1520794199000,"LASTUPDATE":1643920937000}},{"type":"Feature","id":887,"geometry":{"type":"Point","coordinates":[-89.2390416130531,48.4374445834569]},"properties":{"OBJECTID":887,"LOC_ID":"PC0528","FDMID":2248,"X_COORD":334401.32553,"Y_COORD":5367341.78494,"BEAT":"N 5","ROT_ANGLE":0,"NODE_ID":1582,"GLOBALID":"06050380-bc7f-419c-871f-842f3ce1a742","CREATEDDATE":1520794199000,"LASTUPDATE":1643920937000}},{"type":"Feature","id":888,"geometry":{"type":"Point","coordinates":[-89.2271793058472,48.435509042668]},"properties":{"OBJECTID":888,"LOC_ID":"PC0422","FDMID":2144,"X_COORD":335268.25571,"Y_COORD":5367102.33227,"BEAT":"N 6","ROT_ANGLE":0,"NODE_ID":6887,"GLOBALID":"84347da8-1208-43bd-b824-028088d031bf","CREATEDDATE":1520794199000,"LASTUPDATE":1643920938000}},{"type":"Feature","id":889,"geometry":{"type":"Point","coordinates":[-89.2681042870456,48.4331257869502]},"properties":{"OBJECTID":889,"LOC_ID":"PC1138","FDMID":2852,"X_COORD":332236.73852,"Y_COORD":5366925.9324,"BEAT":"N 4","ROT_ANGLE":0,"NODE_ID":8895,"GLOBALID":"4a9f90d2-4e4d-4b84-91a0-6e6ce397a6e5","CREATEDDATE":1520794199000,"LASTUPDATE":1643920938000}},{"type":"Feature","id":890,"geometry":{"type":"Point","coordinates":[-89.2396062118527,48.4292847576408]},"properties":{"OBJECTID":890,"LOC_ID":"PC0586","FDMID":2305,"X_COORD":334332.05116,"Y_COORD":5366436.93502,"BEAT":"N 5","ROT_ANGLE":0,"NODE_ID":90,"GLOBALID":"dff4c9a5-ea04-472a-854d-5748cf2226ef","CREATEDDATE":1520794199000,"LASTUPDATE":1643920938000}},{"type":"Feature","id":891,"geometry":{"type":"Point","coordinates":[-89.2329934680182,48.4280019316968]},"properties":{"OBJECTID":891,"LOC_ID":"PC0084","FDMID":1808,"X_COORD":334815.00796,"Y_COORD":5366280.01009,"BEAT":"N 3","ROT_ANGLE":0,"NODE_ID":217,"GLOBALID":"26670217-2a85-4646-a9c2-99c606e5f0b3","CREATEDDATE":1520794199000,"LASTUPDATE":1644361991000}},{"type":"Feature","id":892,"geometry":{"type":"Point","coordinates":[-89.259663209883,48.4220178230726]},"properties":{"OBJECTID":892,"LOC_ID":"PP0205","FDMID":3574,"X_COORD":332824.62102,"Y_COORD":5365672.86872,"BEAT":"N 1","ROT_ANGLE":0,"NODE_ID":1354,"GLOBALID":"4f75a3a4-fbff-4bce-a072-28ca1e85a8e8","CREATEDDATE":1520794199000,"LASTUPDATE":1643920938000}},{"type":"Feature","id":893,"geometry":{"type":"Point","coordinates":[-89.2773854541603,48.4143251570767]},"properties":{"OBJECTID":893,"LOC_ID":"PC0179","FDMID":3495,"X_COORD":331488.12182,"Y_COORD":5364856.73483,"BEAT":"N 1","ROT_ANGLE":0,"NODE_ID":8031,"GLOBALID":"0b5a9e95-5109-4f62-bbdb-ef1fb5e3b8ec","CREATEDDATE":1520794199000,"LASTUPDATE":1643920938000}},{"type":"Feature","id":894,"geometry":{"type":"Point","coordinates":[-89.2804463018345,48.4112833854006]},"properties":{"OBJECTID":894,"LOC_ID":"PC0301","FDMID":3502,"X_COORD":331240.7887,"Y_COORD":5364527.20369,"BEAT":"N 1","ROT_ANGLE":0,"NODE_ID":4362,"GLOBALID":"b1d43aef-71aa-4019-83b0-378e11d90b0e","CREATEDDATE":1520794199000,"LASTUPDATE":1674690157000}},{"type":"Feature","id":895,"geometry":{"type":"Point","coordinates":[-89.2829694238665,48.4073978795961]},"properties":{"OBJECTID":895,"LOC_ID":"PC0685","FDMID":3511,"X_COORD":331052.01302,"Y_COORD":5364099.12305,"BEAT":"N 1","ROT_ANGLE":0,"NODE_ID":1997,"GLOBALID":"02f52b70-4675-482f-8474-a13b1e1612d3","CREATEDDATE":1520794199000,"LASTUPDATE":1643920938000}},{"type":"Feature","id":896,"geometry":{"type":"Point","coordinates":[-89.2624098382175,48.4087108510539]},"properties":{"OBJECTID":896,"LOC_ID":"PC1146","FDMID":2860,"X_COORD":332577.73206,"Y_COORD":5364199.89873,"BEAT":"N 1","ROT_ANGLE":0,"NODE_ID":6575,"GLOBALID":"596b8beb-587d-4286-8ab2-790d8193f639","CREATEDDATE":1520794199000,"LASTUPDATE":1643920938000}},{"type":"Feature","id":897,"geometry":{"type":"Point","coordinates":[-89.2842168410746,48.4013818075234]},"properties":{"OBJECTID":897,"LOC_ID":"FC1090","FDMID":1081,"X_COORD":330939.75266,"Y_COORD":5363433.23249,"BEAT":"S 1","ROT_ANGLE":0,"NODE_ID":5808,"GLOBALID":"a9a8f03e-7121-44b6-b475-93f2b8726314","CREATEDDATE":1520794199000,"LASTUPDATE":1643920938000}},{"type":"Feature","id":898,"geometry":{"type":"Point","coordinates":[-89.2188783420797,48.393690431168]},"properties":{"OBJECTID":898,"LOC_ID":"FP0052","FDMID":1170,"X_COORD":335750.58966,"Y_COORD":5362436.18903,"BEAT":"S 11","ROT_ANGLE":0,"NODE_ID":4788,"GLOBALID":"d2b37a58-b461-4dcd-9e8a-c0443a518c8c","CREATEDDATE":1520794199000,"LASTUPDATE":1643920938000}},{"type":"Feature","id":899,"geometry":{"type":"Point","coordinates":[-89.2324375267624,48.3978110964022]},"properties":{"OBJECTID":899,"LOC_ID":"FC0568","FDMID":560,"X_COORD":334760.2959,"Y_COORD":5362923.34347,"BEAT":"S 11","ROT_ANGLE":0,"NODE_ID":4874,"GLOBALID":"4d0b24b6-643f-46f6-96e9-d25dbf6768ab","CREATEDDATE":1520794199000,"LASTUPDATE":1643920938000}},{"type":"Feature","id":900,"geometry":{"type":"Point","coordinates":[-89.2564686290961,48.3979663323677]},"properties":{"OBJECTID":900,"LOC_ID":"FC0251","FDMID":246,"X_COORD":332982.19695,"Y_COORD":5362992.75531,"BEAT":"S 9","ROT_ANGLE":0,"NODE_ID":9372,"GLOBALID":"55fc0def-0957-450b-922a-85a8810b2747","CREATEDDATE":1520794199000,"LASTUPDATE":1643920938000}},{"type":"Feature","id":901,"geometry":{"type":"Point","coordinates":[-89.2271562923974,48.3919507660209]},"properties":{"OBJECTID":901,"LOC_ID":"FC0585","FDMID":577,"X_COORD":335132.23625,"Y_COORD":5362260.62193,"BEAT":"S 11","ROT_ANGLE":0,"NODE_ID":7218,"GLOBALID":"7d392319-695a-43cd-850d-405235d93c02","CREATEDDATE":1520794199000,"LASTUPDATE":1643920938000}},{"type":"Feature","id":902,"geometry":{"type":"Point","coordinates":[-89.2347194034214,48.3946089782761]},"properties":{"OBJECTID":902,"LOC_ID":"FC0344","FDMID":339,"X_COORD":334581.431,"Y_COORD":5362565.83998,"BEAT":"S 11","ROT_ANGLE":0,"NODE_ID":7143,"GLOBALID":"2ddc86d7-f236-4d75-b7b7-217833c42f46","CREATEDDATE":1520794199000,"LASTUPDATE":1670881810000}},{"type":"Feature","id":903,"geometry":{"type":"Point","coordinates":[-89.2813217931617,48.3908058323006]},"properties":{"OBJECTID":903,"LOC_ID":"FC0867","FDMID":858,"X_COORD":331140.19606,"Y_COORD":5362251.16887,"BEAT":"S 1","ROT_ANGLE":0,"NODE_ID":8657,"GLOBALID":"ce208030-8d5d-4d7d-9561-6e78c5b09374","CREATEDDATE":1520794199000,"LASTUPDATE":1643920938000}},{"type":"Feature","id":904,"geometry":{"type":"Point","coordinates":[-89.2822124477908,48.3902662982673]},"properties":{"OBJECTID":904,"LOC_ID":"FC0866","FDMID":857,"X_COORD":331051.287,"Y_COORD":5362193.4058,"BEAT":"S 1","ROT_ANGLE":0,"NODE_ID":5296,"GLOBALID":"a621d605-5192-46cd-b133-5ad27d8c6b40","CREATEDDATE":1520794199000,"LASTUPDATE":1643920938000}},{"type":"Feature","id":905,"geometry":{"type":"Point","coordinates":[-89.3054954385907,48.3857670476097]},"properties":{"OBJECTID":905,"LOC_ID":"NC0577","FDMID":3632,"X_COORD":329312.74697,"Y_COORD":5361744.96343,"BEAT":"S 13","ROT_ANGLE":0,"NODE_ID":5379,"GLOBALID":"918728a4-28f9-4e83-882c-b094642e2383","CREATEDDATE":1520794199000,"LASTUPDATE":1643920938000}},{"type":"Feature","id":906,"geometry":{"type":"Point","coordinates":[-89.3086766807213,48.386037945878]},"properties":{"OBJECTID":906,"LOC_ID":"NC0564","FDMID":3542,"X_COORD":329078.14396,"Y_COORD":5361782.1651,"BEAT":"S 13","ROT_ANGLE":0,"NODE_ID":3980,"GLOBALID":"3db68222-f9d7-4599-83d9-3d767bca41b1","CREATEDDATE":1520794199000,"LASTUPDATE":1643920938000}},{"type":"Feature","id":907,"geometry":{"type":"Point","coordinates":[-89.2564293454016,48.384216535955]},"properties":{"OBJECTID":907,"LOC_ID":"FC1166","FDMID":3584,"X_COORD":332940.06115,"Y_COORD":5361464.45194,"BEAT":"S 10","ROT_ANGLE":0,"NODE_ID":4722,"GLOBALID":"cd987aeb-8d57-4fcf-a2ff-b6ed6ce2b5fa","CREATEDDATE":1520794199000,"LASTUPDATE":1643920938000}},{"type":"Feature","id":908,"geometry":{"type":"Point","coordinates":[-89.2906532803141,48.382615370117]},"properties":{"OBJECTID":908,"LOC_ID":"FC0943","FDMID":934,"X_COORD":330401.04726,"Y_COORD":5361361.70993,"BEAT":"S 2","ROT_ANGLE":0,"NODE_ID":6705,"GLOBALID":"692517f0-b461-44a9-b61d-dc7bba2dd31d","CREATEDDATE":1520794199000,"LASTUPDATE":1644004479000}},{"type":"Feature","id":909,"geometry":{"type":"Point","coordinates":[-89.3143233511641,48.3807130086737]},"properties":{"OBJECTID":909,"LOC_ID":"NC0007","FDMID":1185,"X_COORD":328642.24124,"Y_COORD":5361202.95102,"BEAT":"S 13","ROT_ANGLE":0,"NODE_ID":6069,"GLOBALID":"d7437500-1acb-4f71-9d38-5ec09045e13e","CREATEDDATE":1520794199000,"LASTUPDATE":1643920938000}},{"type":"Feature","id":910,"geometry":{"type":"Point","coordinates":[-89.3291540168386,48.3806197123523]},"properties":{"OBJECTID":910,"LOC_ID":"NC0016","FDMID":1194,"X_COORD":327543.89602,"Y_COORD":5361225.87914,"BEAT":"S 13","ROT_ANGLE":0,"NODE_ID":1176,"GLOBALID":"a15b4aee-8197-4577-b22b-93cf327f32a5","CREATEDDATE":1520794199000,"LASTUPDATE":1643920938000}},{"type":"Feature","id":911,"geometry":{"type":"Point","coordinates":[-89.319817345944,48.3701974985285]},"properties":{"OBJECTID":911,"LOC_ID":"NP0056","FDMID":3487,"X_COORD":328200.09647,"Y_COORD":5360046.53758,"BEAT":"S 13","ROT_ANGLE":0,"NODE_ID":641,"GLOBALID":"b0d9ff3b-fb2f-4b98-be28-35b1b7f4070b","CREATEDDATE":1520794199000,"LASTUPDATE":1643920938000}},{"type":"Feature","id":912,"geometry":{"type":"Point","coordinates":[-89.29090631171,48.3792350146499]},"properties":{"OBJECTID":912,"LOC_ID":"FP0056","FDMID":1174,"X_COORD":330371.08322,"Y_COORD":5360986.56702,"BEAT":"S 2","ROT_ANGLE":0,"NODE_ID":9692,"GLOBALID":"2c4face0-b083-4464-9422-1bafaef7babc","CREATEDDATE":1520794199000,"LASTUPDATE":1643920938000}},{"type":"Feature","id":913,"geometry":{"type":"Point","coordinates":[-89.2966297167245,48.3786927348231]},"properties":{"OBJECTID":913,"LOC_ID":"FC1012","FDMID":1003,"X_COORD":329949.08668,"Y_COORD":5360935.09642,"BEAT":"S 2","ROT_ANGLE":0,"NODE_ID":2228,"GLOBALID":"7573fea5-b615-464b-b3e3-7e0ceaeca222","CREATEDDATE":1520794199000,"LASTUPDATE":1677609961000}},{"type":"Feature","id":914,"geometry":{"type":"Point","coordinates":[-89.3586616906703,48.3776176829245]},"properties":{"OBJECTID":914,"LOC_ID":"NC0357","FDMID":1532,"X_COORD":325348.9556,"Y_COORD":5360959.10129,"BEAT":"S 13","ROT_ANGLE":0,"NODE_ID":7479,"GLOBALID":"99bae037-7ef7-4179-ac14-d9c05531a4c9","CREATEDDATE":1520794199000,"LASTUPDATE":1643920938000}},{"type":"Feature","id":915,"geometry":{"type":"Point","coordinates":[-89.2760113752012,48.3781765023578]},"properties":{"OBJECTID":915,"LOC_ID":"FC0561","FDMID":553,"X_COORD":331470.39945,"Y_COORD":5360836.04362,"BEAT":"S 7","ROT_ANGLE":0,"NODE_ID":10520,"GLOBALID":"c99af5df-78b9-483e-ae6a-b7076c04c267","CREATEDDATE":1520794199000,"LASTUPDATE":1643920938000}},{"type":"Feature","id":916,"geometry":{"type":"Point","coordinates":[-89.2443055119292,48.3716214490501]},"properties":{"OBJECTID":916,"LOC_ID":"FP0037","FDMID":3299,"X_COORD":333796.60489,"Y_COORD":5360038.2163,"BEAT":"S 12","ROT_ANGLE":0,"NODE_ID":4920,"GLOBALID":"808dd62b-bdd5-414d-9605-6ad9fa938f5f","CREATEDDATE":1520794199000,"LASTUPDATE":1643920938000}},{"type":"Feature","id":917,"geometry":{"type":"Point","coordinates":[-89.2594760122912,48.3715204164753]},"properties":{"OBJECTID":917,"LOC_ID":"FC0227","FDMID":223,"X_COORD":332672.87062,"Y_COORD":5360060.00702,"BEAT":"S 8","ROT_ANGLE":0,"NODE_ID":10268,"GLOBALID":"8f3745bf-0daa-4e2b-9584-0dd909a35bd8","CREATEDDATE":1520794199000,"LASTUPDATE":1643920939000}},{"type":"Feature","id":918,"geometry":{"type":"Point","coordinates":[-89.2638718185281,48.3704493211418]},"properties":{"OBJECTID":918,"LOC_ID":"FC0161","FDMID":157,"X_COORD":332343.84099,"Y_COORD":5359950.57393,"BEAT":"S 8","ROT_ANGLE":0,"NODE_ID":171,"GLOBALID":"6c14af3e-fa66-4419-b8a3-866665d973e3","CREATEDDATE":1520794199000,"LASTUPDATE":1644002483000}},{"type":"Feature","id":919,"geometry":{"type":"Point","coordinates":[-89.2816596126991,48.3704168670403]},"properties":{"OBJECTID":919,"LOC_ID":"FC0106","FDMID":99,"X_COORD":331027.26191,"Y_COORD":5359983.93969,"BEAT":"S 6","ROT_ANGLE":0,"NODE_ID":9810,"GLOBALID":"91e62411-c29b-4da5-b706-6c44d3534b56","CREATEDDATE":1520794199000,"LASTUPDATE":1643920939000}},{"type":"Feature","id":920,"geometry":{"type":"Point","coordinates":[-89.2876656302159,48.3692506652226]},"properties":{"OBJECTID":920,"LOC_ID":"FC0806","FDMID":797,"X_COORD":330577.89385,"Y_COORD":5359869.70558,"BEAT":"S 6","ROT_ANGLE":0,"NODE_ID":8346,"GLOBALID":"0ca94c8c-8335-4dbc-94d9-2aef4bea1298","CREATEDDATE":1520794199000,"LASTUPDATE":1643920939000}},{"type":"Feature","id":921,"geometry":{"type":"Point","coordinates":[-89.3461347028636,48.3682897840236]},"properties":{"OBJECTID":921,"LOC_ID":"NC0329","FDMID":1505,"X_COORD":326244.73826,"Y_COORD":5359893.87633,"BEAT":"S 15","ROT_ANGLE":0,"NODE_ID":3743,"GLOBALID":"562c3158-00ab-47c8-aac1-72e88eb8eb94","CREATEDDATE":1520794199000,"LASTUPDATE":1643920939000}},{"type":"Feature","id":922,"geometry":{"type":"Point","coordinates":[-89.2276379779564,48.3525062842943]},"properties":{"OBJECTID":922,"LOC_ID":"FP0053","FDMID":1171,"X_COORD":334969.10409,"Y_COORD":5357877.67383,"BEAT":"S 12","ROT_ANGLE":0,"NODE_ID":6024,"GLOBALID":"5401310c-fa3f-46c5-bf4c-6b8b5fe927d7","CREATEDDATE":1520794199000,"LASTUPDATE":1643920939000}},{"type":"Feature","id":923,"geometry":{"type":"Point","coordinates":[-89.3112750121669,48.3649978948189]},"properties":{"OBJECTID":923,"LOC_ID":"NC0332","FDMID":1508,"X_COORD":328814.12373,"Y_COORD":5359441.91575,"BEAT":"S 3","ROT_ANGLE":45.5,"NODE_ID":3762,"GLOBALID":"7e1e3146-2fba-47fd-9600-daeb5026703a","CREATEDDATE":1520794199000,"LASTUPDATE":1675283627000}},{"type":"Feature","id":924,"geometry":{"type":"Point","coordinates":[-89.35556961965,48.3642586529861]},"properties":{"OBJECTID":924,"LOC_ID":"NC0207","FDMID":1384,"X_COORD":325532.26082,"Y_COORD":5359467.28996,"BEAT":"S 15","ROT_ANGLE":0,"NODE_ID":9542,"GLOBALID":"329fc1d5-475e-47c0-b790-09760ee865d1","CREATEDDATE":1520794199000,"LASTUPDATE":1643920939000}},{"type":"Feature","id":925,"geometry":{"type":"Point","coordinates":[-89.3410200547422,48.3559291180782]},"properties":{"OBJECTID":925,"LOC_ID":"NC0123","FDMID":1301,"X_COORD":326581.54517,"Y_COORD":5358508.48778,"BEAT":"S 15","ROT_ANGLE":0,"NODE_ID":4911,"GLOBALID":"ace5ccad-5743-45dd-aa98-992852c3332e","CREATEDDATE":1520794199000,"LASTUPDATE":1643920939000}},{"type":"Feature","id":926,"geometry":{"type":"Point","coordinates":[-89.3561356441376,48.346252250596]},"properties":{"OBJECTID":926,"LOC_ID":"NP0022","FDMID":1691,"X_COORD":325428.81941,"Y_COORD":5357467.29764,"BEAT":"S 15","ROT_ANGLE":0,"NODE_ID":1862,"GLOBALID":"310c64ec-cba0-482c-a682-d56a8da4ac4f","CREATEDDATE":1520794199000,"LASTUPDATE":1643920939000}},{"type":"Feature","id":927,"geometry":{"type":"Point","coordinates":[-89.3615702068552,48.3435426438775]},"properties":{"OBJECTID":927,"LOC_ID":"NP0027","FDMID":1695,"X_COORD":325016.90875,"Y_COORD":5357178.53962,"BEAT":"S 15","ROT_ANGLE":0,"NODE_ID":7435,"GLOBALID":"ec11ff0f-fc5f-4361-a81f-8ccb34a87fd7","CREATEDDATE":1520794199000,"LASTUPDATE":1643920939000}},{"type":"Feature","id":928,"geometry":{"type":"Point","coordinates":[-89.3479921520701,48.3480546714855]},"properties":{"OBJECTID":928,"LOC_ID":"NC0304","FDMID":1480,"X_COORD":326038.28962,"Y_COORD":5357649.10397,"BEAT":"S 16","ROT_ANGLE":0,"NODE_ID":5048,"GLOBALID":"dad6695b-c0cc-4695-a643-e9d217fcbd2e","CREATEDDATE":1520794199000,"LASTUPDATE":1643920939000}},{"type":"Feature","id":929,"geometry":{"type":"Point","coordinates":[-89.3462374581177,48.3480797761802]},"properties":{"OBJECTID":929,"LOC_ID":"NC0305","FDMID":1481,"X_COORD":326168.37218,"Y_COORD":5357647.91204,"BEAT":"S 16","ROT_ANGLE":0,"NODE_ID":2850,"GLOBALID":"a01ae0ca-6eab-4507-8795-0c2a3b1fab16","CREATEDDATE":1520794199000,"LASTUPDATE":1643920939000}},{"type":"Feature","id":930,"geometry":{"type":"Point","coordinates":[-89.3402519660646,48.3521701243819]},"properties":{"OBJECTID":930,"LOC_ID":"NC0434","FDMID":1607,"X_COORD":326625.68725,"Y_COORD":5358088.96343,"BEAT":"S 16","ROT_ANGLE":0,"NODE_ID":6305,"GLOBALID":"753b6594-a3f3-41d1-ad87-bbc53e7e03b9","CREATEDDATE":1520794199000,"LASTUPDATE":1643920939000}},{"type":"Feature","id":931,"geometry":{"type":"Point","coordinates":[-89.3453720853503,48.3156387693531]},"properties":{"OBJECTID":931,"LOC_ID":"NC0494","FDMID":1667,"X_COORD":326122.17775,"Y_COORD":5354040.3969,"BEAT":"S 17","ROT_ANGLE":0,"NODE_ID":10124,"GLOBALID":"8c88b618-83b1-4e97-b63d-c4d48d514698","CREATEDDATE":1520794199000,"LASTUPDATE":1643920939000}},{"type":"Feature","id":932,"geometry":{"type":"Point","coordinates":[-89.1822169802985,48.4817126556292]},"properties":{"OBJECTID":932,"LOC_ID":"PC0082","FDMID":1806,"X_COORD":338743.64387,"Y_COORD":5372136.45042,"BEAT":"N 11","ROT_ANGLE":0,"NODE_ID":1295,"GLOBALID":"7e4c666a-5583-49f4-9f01-119fd7a280c4","CREATEDDATE":1520794199000,"LASTUPDATE":1643920939000}},{"type":"Feature","id":933,"geometry":{"type":"Point","coordinates":[-89.2094942558689,48.4636021438868]},"properties":{"OBJECTID":933,"LOC_ID":"PC0731","FDMID":2448,"X_COORD":336669.48067,"Y_COORD":5370186.42239,"BEAT":"N 9","ROT_ANGLE":0,"NODE_ID":9544,"GLOBALID":"63465247-ce5b-4d81-93a7-2de68324d887","CREATEDDATE":1520794199000,"LASTUPDATE":1644267216000}},{"type":"Feature","id":934,"geometry":{"type":"Point","coordinates":[-89.2480084910081,48.4625684236809]},"properties":{"OBJECTID":934,"LOC_ID":"MC0189","FDMID":3186,"X_COORD":333819.19612,"Y_COORD":5370154.46565,"BEAT":"N 12","ROT_ANGLE":0,"NODE_ID":4725,"GLOBALID":"805310af-edf3-4178-9ce4-cc6f7e34f58c","CREATEDDATE":1520794199000,"LASTUPDATE":1643920939000}},{"type":"Feature","id":935,"geometry":{"type":"Point","coordinates":[-89.2172722393905,48.4624236612586]},"properties":{"OBJECTID":935,"LOC_ID":"PC0923","FDMID":2639,"X_COORD":336090.74582,"Y_COORD":5370072.07896,"BEAT":"N 9","ROT_ANGLE":0,"NODE_ID":6288,"GLOBALID":"72034678-55ad-4b0e-83de-0e082a4e067c","CREATEDDATE":1520794199000,"LASTUPDATE":1643920939000}},{"type":"Feature","id":936,"geometry":{"type":"Point","coordinates":[-89.2172289086778,48.4613468963207]},"properties":{"OBJECTID":936,"LOC_ID":"PC0922","FDMID":2638,"X_COORD":336090.48112,"Y_COORD":5369952.3068,"BEAT":"N 9","ROT_ANGLE":0,"NODE_ID":6289,"GLOBALID":"06eb16e1-6deb-4549-938f-64e0578c059a","CREATEDDATE":1520794199000,"LASTUPDATE":1643920939000}},{"type":"Feature","id":937,"geometry":{"type":"Point","coordinates":[-89.1905910251622,48.4588426683114]},"properties":{"OBJECTID":937,"LOC_ID":"PC0009","FDMID":1733,"X_COORD":338051.63747,"Y_COORD":5369617.24222,"BEAT":"N 11","ROT_ANGLE":0,"NODE_ID":5274,"GLOBALID":"6c83ffe6-1f0d-48ea-8a35-1a2920fc2c83","CREATEDDATE":1520794199000,"LASTUPDATE":1644266159000}},{"type":"Feature","id":938,"geometry":{"type":"Point","coordinates":[-89.2448346265846,48.4567941384396]},"properties":{"OBJECTID":938,"LOC_ID":"MC0093","FDMID":3090,"X_COORD":334034.97596,"Y_COORD":5369505.80235,"BEAT":"N 12","ROT_ANGLE":0,"NODE_ID":2627,"GLOBALID":"889d2612-70cd-490e-a56d-682fc1ee9274","CREATEDDATE":1520794199000,"LASTUPDATE":1643920939000}},{"type":"Feature","id":939,"geometry":{"type":"Point","coordinates":[-89.2718965733926,48.4556636148313]},"properties":{"OBJECTID":939,"LOC_ID":"MC0079","FDMID":3076,"X_COORD":332030.62473,"Y_COORD":5369439.20165,"BEAT":"N 15","ROT_ANGLE":0,"NODE_ID":5969,"GLOBALID":"90b1fc81-14ed-409e-a1c2-e94138989f2e","CREATEDDATE":1520794199000,"LASTUPDATE":1643920939000}},{"type":"Feature","id":940,"geometry":{"type":"Point","coordinates":[-89.2144783821521,48.4549182748192]},"properties":{"OBJECTID":940,"LOC_ID":"PC0270","FDMID":1993,"X_COORD":336272.03504,"Y_COORD":5369231.89925,"BEAT":"N 9","ROT_ANGLE":0,"NODE_ID":7663,"GLOBALID":"38dc37e0-3e16-45e3-a9b7-b9cb520ef8de","CREATEDDATE":1520794199000,"LASTUPDATE":1643920939000}},{"type":"Feature","id":941,"geometry":{"type":"Point","coordinates":[-89.240998991767,48.4491675752915]},"properties":{"OBJECTID":941,"LOC_ID":"PC0742","FDMID":2459,"X_COORD":334293.71516,"Y_COORD":5368649.84306,"BEAT":"N 8","ROT_ANGLE":0,"NODE_ID":9628,"GLOBALID":"c2925cd5-7ee0-4262-b7ac-d71d4e1c2d72","CREATEDDATE":1520794199000,"LASTUPDATE":1643920939000}},{"type":"Feature","id":942,"geometry":{"type":"Point","coordinates":[-89.2386880748776,48.4456043784754]},"properties":{"OBJECTID":942,"LOC_ID":"PC0366","FDMID":2089,"X_COORD":334452.99683,"Y_COORD":5368248.80933,"BEAT":"N 5","ROT_ANGLE":0,"NODE_ID":5901,"GLOBALID":"cd26d7e3-6ae1-4377-8a82-c3edd86a8542","CREATEDDATE":1520794199000,"LASTUPDATE":1644363501000}},{"type":"Feature","id":943,"geometry":{"type":"Point","coordinates":[-89.2464590726672,48.4424026343006]},"properties":{"OBJECTID":943,"LOC_ID":"PC0497","FDMID":2219,"X_COORD":333867.92777,"Y_COORD":5367909.79365,"BEAT":"N 8","ROT_ANGLE":0,"NODE_ID":6582,"GLOBALID":"bab1197e-1104-4243-a3f7-5f097faf409e","CREATEDDATE":1520794199000,"LASTUPDATE":1643920939000}},{"type":"Feature","id":944,"geometry":{"type":"Point","coordinates":[-89.2396443219595,48.4417488583621]},"properties":{"OBJECTID":944,"LOC_ID":"PC0521","FDMID":2241,"X_COORD":334369.74768,"Y_COORD":5367822.35736,"BEAT":"N 5","ROT_ANGLE":0,"NODE_ID":7424,"GLOBALID":"a9fcf484-5f0c-41a0-a301-a92ada64a940","CREATEDDATE":1520794199000,"LASTUPDATE":1643920939000}},{"type":"Feature","id":945,"geometry":{"type":"Point","coordinates":[-89.256694972633,48.4369794989381]},"properties":{"OBJECTID":945,"LOC_ID":"PC0916","FDMID":2632,"X_COORD":333093.22339,"Y_COORD":5367329.31006,"BEAT":"N 4","ROT_ANGLE":0,"NODE_ID":10464,"GLOBALID":"9c1f4a5f-cb30-499d-ae9c-8f15713b9a55","CREATEDDATE":1520794199000,"LASTUPDATE":1643920939000}},{"type":"Feature","id":946,"geometry":{"type":"Point","coordinates":[-89.2299563841255,48.4229948799363]},"properties":{"OBJECTID":946,"LOC_ID":"PP0035","FDMID":2904,"X_COORD":335025.4648,"Y_COORD":5365717.00772,"BEAT":"N 14","ROT_ANGLE":0,"NODE_ID":8430,"GLOBALID":"9f84ae74-9374-4d29-850d-f106adb82d57","CREATEDDATE":1520794199000,"LASTUPDATE":1643920940000}},{"type":"Feature","id":947,"geometry":{"type":"Point","coordinates":[-89.2705370188495,48.4255251711929]},"properties":{"OBJECTID":947,"LOC_ID":"PP0219","FDMID":3699,"X_COORD":332031.75548,"Y_COORD":5366086.49278,"BEAT":"N 1","ROT_ANGLE":0,"NODE_ID":4840,"GLOBALID":"6afcb25d-ae94-4dc7-835f-8bc815f2046b","CREATEDDATE":1520794199000,"LASTUPDATE":1643920940000}},{"type":"Feature","id":948,"geometry":{"type":"Point","coordinates":[-89.2279523941495,48.4169935846625]},"properties":{"OBJECTID":948,"LOC_ID":"PC0680","FDMID":2399,"X_COORD":335154.29936,"Y_COORD":5365045.68484,"BEAT":"N 14","ROT_ANGLE":0,"NODE_ID":6662,"GLOBALID":"9c4b4007-37b2-4488-b977-10d1cc51dd10","CREATEDDATE":1520794199000,"LASTUPDATE":1643920940000}},{"type":"Feature","id":949,"geometry":{"type":"Point","coordinates":[-89.269241702325,48.4132255662444]},"properties":{"OBJECTID":949,"LOC_ID":"PC1103","FDMID":2817,"X_COORD":332087.0543,"Y_COORD":5364716.63268,"BEAT":"N 1","ROT_ANGLE":0,"NODE_ID":2252,"GLOBALID":"793a9fcc-b05b-46b7-a5c2-a851d145fe09","CREATEDDATE":1520794199000,"LASTUPDATE":1643920952000}},{"type":"Feature","id":950,"geometry":{"type":"Point","coordinates":[-89.2457803926458,48.4103447013834]},"properties":{"OBJECTID":950,"LOC_ID":"PC0902","FDMID":2618,"X_COORD":333813.60457,"Y_COORD":5364345.25374,"BEAT":"N 2","ROT_ANGLE":0,"NODE_ID":7253,"GLOBALID":"21abd85e-26bb-4edd-80f9-11c160c6390e","CREATEDDATE":1520794199000,"LASTUPDATE":1644352488000}},{"type":"Feature","id":951,"geometry":{"type":"Point","coordinates":[-89.2537999429666,48.4120223370496]},"properties":{"OBJECTID":951,"LOC_ID":"PC1062","FDMID":2776,"X_COORD":333225.68035,"Y_COORD":5364549.15595,"BEAT":"N 3","ROT_ANGLE":0,"NODE_ID":2269,"GLOBALID":"cdbb3771-3cf9-4a36-84c2-69349d8b5f4f","CREATEDDATE":1520794199000,"LASTUPDATE":1643920952000}},{"type":"Feature","id":952,"geometry":{"type":"Point","coordinates":[-89.2471278064805,48.4012919180444]},"properties":{"OBJECTID":952,"LOC_ID":"PP0069","FDMID":2936,"X_COORD":333684.37244,"Y_COORD":5363342.02814,"BEAT":"N 2","ROT_ANGLE":0,"NODE_ID":2259,"GLOBALID":"cc22f4cc-53cf-4ce4-8095-18bd5bc413e1","CREATEDDATE":1520794199000,"LASTUPDATE":1643920952000}},{"type":"Feature","id":953,"geometry":{"type":"Point","coordinates":[-89.2554892973381,48.4001002251866]},"properties":{"OBJECTID":953,"LOC_ID":"PC0658","FDMID":3582,"X_COORD":333061.66652,"Y_COORD":5363227.78942,"BEAT":"N 2","ROT_ANGLE":0,"NODE_ID":7192,"GLOBALID":"3802ebe6-0d87-4390-8a09-845e0f22f8b7","CREATEDDATE":1520794199000,"LASTUPDATE":1643920952000}},{"type":"Feature","id":954,"geometry":{"type":"Point","coordinates":[-89.2277170840643,48.3982450073143]},"properties":{"OBJECTID":954,"LOC_ID":"FC1116","FDMID":1105,"X_COORD":335111.07555,"Y_COORD":5362961.39428,"BEAT":"S 11","ROT_ANGLE":0,"NODE_ID":8706,"GLOBALID":"f8441f2a-3d9f-4129-89ea-ba395b77db90","CREATEDDATE":1520794199000,"LASTUPDATE":1643920952000}},{"type":"Feature","id":955,"geometry":{"type":"Point","coordinates":[-89.2467760725142,48.3966873294825]},"properties":{"OBJECTID":955,"LOC_ID":"FC0111","FDMID":104,"X_COORD":333695.84739,"Y_COORD":5362829.95031,"BEAT":"S 9","ROT_ANGLE":0,"NODE_ID":6269,"GLOBALID":"94d5d4e4-4bd3-4ebd-a49d-a452cd52d3b8","CREATEDDATE":1520794199000,"LASTUPDATE":1643920952000}},{"type":"Feature","id":956,"geometry":{"type":"Point","coordinates":[-89.237547148642,48.3919763792199]},"properties":{"OBJECTID":956,"LOC_ID":"FC1186","FDMID":0,"X_COORD":334363.16848,"Y_COORD":5362285.89195,"BEAT":null,"ROT_ANGLE":0,"NODE_ID":2816,"GLOBALID":"666174fd-2851-48c9-9c9f-7aabdc29e487","CREATEDDATE":1520794199000,"LASTUPDATE":1643920952000}},{"type":"Feature","id":957,"geometry":{"type":"Point","coordinates":[-89.3035241855741,48.3876185624845]},"properties":{"OBJECTID":957,"LOC_ID":"NC0589","FDMID":3645,"X_COORD":329464.86652,"Y_COORD":5361946.35915,"BEAT":"S 13","ROT_ANGLE":0,"NODE_ID":4601,"GLOBALID":"da84c649-0638-4639-8c2d-733079f45a5b","CREATEDDATE":1520794199000,"LASTUPDATE":1643920952000}},{"type":"Feature","id":958,"geometry":{"type":"Point","coordinates":[-89.3112630433034,48.3872770520053]},"properties":{"OBJECTID":958,"LOC_ID":"NC0568","FDMID":3546,"X_COORD":328890.82927,"Y_COORD":5361925.65873,"BEAT":"S 13","ROT_ANGLE":0,"NODE_ID":7063,"GLOBALID":"86cdf125-3152-49b3-a9ea-757ec640f66d","CREATEDDATE":1520794199000,"LASTUPDATE":1643920952000}},{"type":"Feature","id":959,"geometry":{"type":"Point","coordinates":[-89.248256348433,48.387305936551]},"properties":{"OBJECTID":959,"LOC_ID":"FC0187","FDMID":183,"X_COORD":333560.34889,"Y_COORD":5361791.24055,"BEAT":"S 9","ROT_ANGLE":0,"NODE_ID":7452,"GLOBALID":"f4ee7f92-8904-492b-82ee-6bfb16950fc6","CREATEDDATE":1520794199000,"LASTUPDATE":1674510347000}},{"type":"Feature","id":960,"geometry":{"type":"Point","coordinates":[-89.2971177502092,48.3863552770422]},"properties":{"OBJECTID":960,"LOC_ID":"FC1093","FDMID":1084,"X_COORD":329934.91145,"Y_COORD":5361791.7098,"BEAT":"S 1","ROT_ANGLE":0,"NODE_ID":10377,"GLOBALID":"84ef1977-d28e-4049-b661-2622415f82d0","CREATEDDATE":1520794199000,"LASTUPDATE":1643920952000}},{"type":"Feature","id":961,"geometry":{"type":"Point","coordinates":[-89.253814997168,48.384768233394]},"properties":{"OBJECTID":961,"LOC_ID":"FC0465","FDMID":457,"X_COORD":333135.41449,"Y_COORD":5361520.06974,"BEAT":"S 10","ROT_ANGLE":0,"NODE_ID":9836,"GLOBALID":"6e0e83ec-b4c5-4af4-9250-8392fba0d6e3","CREATEDDATE":1520794199000,"LASTUPDATE":1643920952000}},{"type":"Feature","id":962,"geometry":{"type":"Point","coordinates":[-89.2436716398411,48.382406658759]},"properties":{"OBJECTID":962,"LOC_ID":"FC0199","FDMID":195,"X_COORD":333878.65724,"Y_COORD":5361235.54468,"BEAT":"S 10","ROT_ANGLE":0,"NODE_ID":7244,"GLOBALID":"7d1d778e-9411-489d-a86e-bab02936142e","CREATEDDATE":1520794199000,"LASTUPDATE":1643920952000}},{"type":"Feature","id":963,"geometry":{"type":"Point","coordinates":[-89.369440942445,48.3804485261625]},"properties":{"OBJECTID":963,"LOC_ID":"NC0236","FDMID":1412,"X_COORD":324560.57416,"Y_COORD":5361298.35684,"BEAT":"S 13","ROT_ANGLE":0,"NODE_ID":251,"GLOBALID":"477dc278-ca62-4e2f-91a5-84020cdc9de6","CREATEDDATE":1520794199000,"LASTUPDATE":1643920952000}},{"type":"Feature","id":964,"geometry":{"type":"Point","coordinates":[-89.3133696945901,48.3698838188664]},"properties":{"OBJECTID":964,"LOC_ID":"NP0009","FDMID":3270,"X_COORD":328676.50761,"Y_COORD":5359997.23249,"BEAT":"S 13","ROT_ANGLE":0,"NODE_ID":8183,"GLOBALID":"63e0ffd2-ed1c-4eee-ba49-91d0f7e7cf54","CREATEDDATE":1520794199000,"LASTUPDATE":1643920952000}},{"type":"Feature","id":965,"geometry":{"type":"Point","coordinates":[-89.3095314791041,48.3794172223766]},"properties":{"OBJECTID":965,"LOC_ID":"NC0254","FDMID":1430,"X_COORD":328992.68373,"Y_COORD":5361048.22564,"BEAT":"S 2","ROT_ANGLE":0,"NODE_ID":1283,"GLOBALID":"18bbebe5-c580-4b78-af11-ac2817b2a9f5","CREATEDDATE":1520794199000,"LASTUPDATE":1643920952000}},{"type":"Feature","id":966,"geometry":{"type":"Point","coordinates":[-89.2467184994053,48.3793568501079]},"properties":{"OBJECTID":966,"LOC_ID":"FC0124","FDMID":117,"X_COORD":333642.82159,"Y_COORD":5360901.05969,"BEAT":"S 10","ROT_ANGLE":0,"NODE_ID":722,"GLOBALID":"57a59d5a-3be0-4dee-8dd6-34b61923a79a","CREATEDDATE":1520794199000,"LASTUPDATE":1643920952000}},{"type":"Feature","id":967,"geometry":{"type":"Point","coordinates":[-89.2478940094354,48.3779388388454]},"properties":{"OBJECTID":967,"LOC_ID":"FC0715","FDMID":706,"X_COORD":333551.47619,"Y_COORD":5360748.14167,"BEAT":"S 10","ROT_ANGLE":0,"NODE_ID":3771,"GLOBALID":"1c370401-b419-4422-8499-bf03efde0947","CREATEDDATE":1520794199000,"LASTUPDATE":1643920952000}},{"type":"Feature","id":968,"geometry":{"type":"Point","coordinates":[-89.3745930636472,48.3753003584132]},"properties":{"OBJECTID":968,"LOC_ID":"NC0539","FDMID":3465,"X_COORD":324161.39311,"Y_COORD":5360737.98666,"BEAT":"S 14","ROT_ANGLE":0,"NODE_ID":6167,"GLOBALID":"0aa6d09f-4420-411c-ba7e-d29630acd3a9","CREATEDDATE":1520794199000,"LASTUPDATE":1643920952000}},{"type":"Feature","id":969,"geometry":{"type":"Point","coordinates":[-89.2489570748963,48.374111366394]},"properties":{"OBJECTID":969,"LOC_ID":"FP0069","FDMID":3410,"X_COORD":333460.27107,"Y_COORD":5360325.05329,"BEAT":"S 10","ROT_ANGLE":0,"NODE_ID":6080,"GLOBALID":"e0629135-3162-40bc-8087-194d81fae590","CREATEDDATE":1520794199000,"LASTUPDATE":1643920952000}},{"type":"Feature","id":970,"geometry":{"type":"Point","coordinates":[-89.3631377699862,48.3716425978416]},"properties":{"OBJECTID":970,"LOC_ID":"NC0405","FDMID":1579,"X_COORD":324997.06287,"Y_COORD":5360305.2243,"BEAT":"S 14","ROT_ANGLE":0,"NODE_ID":6412,"GLOBALID":"2c73bd76-b617-43b2-9857-bbf3251afb37","CREATEDDATE":1520794199000,"LASTUPDATE":1643920952000}},{"type":"Feature","id":971,"geometry":{"type":"Point","coordinates":[-89.2550356247193,48.3742540473871]},"properties":{"OBJECTID":971,"LOC_ID":"FC0782","FDMID":773,"X_COORD":333010.63471,"Y_COORD":5360354.14385,"BEAT":"S 10","ROT_ANGLE":0,"NODE_ID":6324,"GLOBALID":"d06fe6bb-d53a-44b6-8c66-fa873630e33c","CREATEDDATE":1520794199000,"LASTUPDATE":1643920952000}},{"type":"Feature","id":972,"geometry":{"type":"Point","coordinates":[-89.3882600220561,48.3699393261101]},"properties":{"OBJECTID":972,"LOC_ID":"NC0411","FDMID":1585,"X_COORD":323130.85282,"Y_COORD":5360173.60753,"BEAT":"S 14","ROT_ANGLE":0,"NODE_ID":4483,"GLOBALID":"b823b226-eeb8-4cba-88fe-02b89e36a0f1","CREATEDDATE":1520794199000,"LASTUPDATE":1643920952000}},{"type":"Feature","id":973,"geometry":{"type":"Point","coordinates":[-89.2962034693623,48.371166052699]},"properties":{"OBJECTID":973,"LOC_ID":"FC0378","FDMID":373,"X_COORD":329952.00585,"Y_COORD":5360101.50308,"BEAT":"S 2","ROT_ANGLE":0,"NODE_ID":2961,"GLOBALID":"78be0565-d35a-4171-b267-06ca5679ed53","CREATEDDATE":1520794199000,"LASTUPDATE":1643920953000}},{"type":"Feature","id":974,"geometry":{"type":"Point","coordinates":[-89.3806526876098,48.3658252228265]},"properties":{"OBJECTID":974,"LOC_ID":"NC0301","FDMID":1477,"X_COORD":323679.99867,"Y_COORD":5359698.82148,"BEAT":"S 14","ROT_ANGLE":0,"NODE_ID":8752,"GLOBALID":"def6a8cf-8e36-4d8c-bcbb-f6cfd4c16dfa","CREATEDDATE":1520794199000,"LASTUPDATE":1643920953000}},{"type":"Feature","id":975,"geometry":{"type":"Point","coordinates":[-89.3003252701982,48.3671143774976]},"properties":{"OBJECTID":975,"LOC_ID":"FC0737","FDMID":728,"X_COORD":329633.25692,"Y_COORD":5359660.34314,"BEAT":"S 3","ROT_ANGLE":0,"NODE_ID":7563,"GLOBALID":"c39f1bb5-0ab8-436f-a3bb-5c3fdc987f44","CREATEDDATE":1520794199000,"LASTUPDATE":1643920953000}},{"type":"Feature","id":976,"geometry":{"type":"Point","coordinates":[-89.2989573273222,48.366230089645]},"properties":{"OBJECTID":976,"LOC_ID":"FC0594","FDMID":586,"X_COORD":329731.61698,"Y_COORD":5359559.02039,"BEAT":"S 3","ROT_ANGLE":0,"NODE_ID":3521,"GLOBALID":"2810a906-7bd3-4c86-8d5c-16bece629955","CREATEDDATE":1520794199000,"LASTUPDATE":1643920953000}},{"type":"Feature","id":977,"geometry":{"type":"Point","coordinates":[-89.2921765923893,48.3671470243984]},"properties":{"OBJECTID":977,"LOC_ID":"FC0150","FDMID":146,"X_COORD":330236.84553,"Y_COORD":5359645.88657,"BEAT":"S 3","ROT_ANGLE":0,"NODE_ID":3423,"GLOBALID":"bc96dc6e-0021-4d8d-9afc-565a706b23ec","CREATEDDATE":1520794199000,"LASTUPDATE":1643920953000}},{"type":"Feature","id":978,"geometry":{"type":"Point","coordinates":[-89.366379165831,48.3636515500994]},"properties":{"OBJECTID":978,"LOC_ID":"NC0066","FDMID":1244,"X_COORD":324729.61403,"Y_COORD":5359424.48625,"BEAT":"S 14","ROT_ANGLE":0,"NODE_ID":8674,"GLOBALID":"324442c3-769c-4f99-b266-1268d629cbae","CREATEDDATE":1520794199000,"LASTUPDATE":1643920953000}},{"type":"Feature","id":979,"geometry":{"type":"Point","coordinates":[-89.3455842757048,48.3632091774321]},"properties":{"OBJECTID":979,"LOC_ID":"NC0325","FDMID":1501,"X_COORD":326268.21807,"Y_COORD":5359327.95505,"BEAT":"S 15","ROT_ANGLE":0,"NODE_ID":5769,"GLOBALID":"cc0bce45-6928-4cd7-ab3d-227915f1b95d","CREATEDDATE":1520794199000,"LASTUPDATE":1643920953000}},{"type":"Feature","id":980,"geometry":{"type":"Point","coordinates":[-89.2962429635823,48.3633207599878]},"properties":{"OBJECTID":980,"LOC_ID":"FC0372","FDMID":367,"X_COORD":329922.95574,"Y_COORD":5359229.64132,"BEAT":"S 3","ROT_ANGLE":0,"NODE_ID":9204,"GLOBALID":"527fe3f6-9881-4a63-8894-79d1b311f7c7","CREATEDDATE":1520794199000,"LASTUPDATE":1643920953000}},{"type":"Feature","id":981,"geometry":{"type":"Point","coordinates":[-89.2863548323686,48.3567621028791]},"properties":{"OBJECTID":981,"LOC_ID":"FC1152","FDMID":3638,"X_COORD":330633.56335,"Y_COORD":5358478.79229,"BEAT":"S 17","ROT_ANGLE":0,"NODE_ID":4494,"GLOBALID":"89c7a905-4b53-4c37-a74d-3aa64a162ab6","CREATEDDATE":1520794199000,"LASTUPDATE":1643920953000}},{"type":"Feature","id":982,"geometry":{"type":"Point","coordinates":[-89.362418461624,48.3580257207164]},"properties":{"OBJECTID":982,"LOC_ID":"NC0105","FDMID":1284,"X_COORD":325003.67739,"Y_COORD":5358790.16433,"BEAT":"S 15","ROT_ANGLE":0,"NODE_ID":4200,"GLOBALID":"e1367be0-343d-4f06-9640-d967c053109c","CREATEDDATE":1520794199000,"LASTUPDATE":1643920953000}},{"type":"Feature","id":983,"geometry":{"type":"Point","coordinates":[-89.3884468925403,48.3555858637297]},"properties":{"OBJECTID":983,"LOC_ID":"NC0315","FDMID":1491,"X_COORD":323067.2939,"Y_COORD":5358578.76183,"BEAT":"S 14","ROT_ANGLE":0,"NODE_ID":1293,"GLOBALID":"dcc2e221-d8f0-4b98-9757-60107ae9ee98","CREATEDDATE":1520794199000,"LASTUPDATE":1643920953000}},{"type":"Feature","id":984,"geometry":{"type":"Point","coordinates":[-89.333373342947,48.344240692121]},"properties":{"OBJECTID":984,"LOC_ID":"NC0158","FDMID":3283,"X_COORD":327108.42696,"Y_COORD":5357192.12426,"BEAT":"S 15","ROT_ANGLE":0,"NODE_ID":3336,"GLOBALID":"2210dd61-c175-470b-bf03-cebbad810c8e","CREATEDDATE":1520794199000,"LASTUPDATE":1643920953000}},{"type":"Feature","id":985,"geometry":{"type":"Point","coordinates":[-89.3566679075676,48.3433584818444]},"properties":{"OBJECTID":985,"LOC_ID":"NP0023","FDMID":1692,"X_COORD":325379.49794,"Y_COORD":5357146.89008,"BEAT":"S 15","ROT_ANGLE":0,"NODE_ID":5284,"GLOBALID":"63eeceb5-ec7a-464a-be20-9c72f3da128f","CREATEDDATE":1520794199000,"LASTUPDATE":1643920953000}},{"type":"Feature","id":986,"geometry":{"type":"Point","coordinates":[-89.3319740988458,48.3339112879378]},"properties":{"OBJECTID":986,"LOC_ID":"NC0215","FDMID":1392,"X_COORD":327177.17448,"Y_COORD":5356040.93834,"BEAT":"S 17","ROT_ANGLE":0,"NODE_ID":5146,"GLOBALID":"e809abfa-1ded-4f08-941a-1f8ba88c4f45","CREATEDDATE":1520794199000,"LASTUPDATE":1643920953000}},{"type":"Feature","id":987,"geometry":{"type":"Point","coordinates":[-89.35758629559,48.3165582796249]},"properties":{"OBJECTID":987,"LOC_ID":"NP0050","FDMID":1719,"X_COORD":325219.85429,"Y_COORD":5354170.36272,"BEAT":"S 17","ROT_ANGLE":0,"NODE_ID":3027,"GLOBALID":"e5a5de3d-425a-4590-96df-c7e8a834291a","CREATEDDATE":1520794199000,"LASTUPDATE":1643920953000}},{"type":"Feature","id":988,"geometry":{"type":"Point","coordinates":[-89.1806198253192,48.4687269762122]},"properties":{"OBJECTID":988,"LOC_ID":"PC0058","FDMID":1782,"X_COORD":338820.08931,"Y_COORD":5370694.77387,"BEAT":"N 11","ROT_ANGLE":0,"NODE_ID":6266,"GLOBALID":"7c2d6160-00ee-4868-96ef-85979130ab42","CREATEDDATE":1520794199000,"LASTUPDATE":1643920953000}},{"type":"Feature","id":989,"geometry":{"type":"Point","coordinates":[-89.1706717830239,48.4561908923054]},"properties":{"OBJECTID":989,"LOC_ID":"PP0009","FDMID":2880,"X_COORD":339515.81386,"Y_COORD":5369280.54155,"BEAT":"N 14","ROT_ANGLE":0,"NODE_ID":9806,"GLOBALID":"10531b11-e477-4504-bafc-0e4991dec983","CREATEDDATE":1520794199000,"LASTUPDATE":1643920953000}},{"type":"Feature","id":990,"geometry":{"type":"Point","coordinates":[-89.2742994166711,48.4612365574841]},"properties":{"OBJECTID":990,"LOC_ID":"MC0323","FDMID":3627,"X_COORD":331871.39375,"Y_COORD":5370063.87826,"BEAT":"N 15","ROT_ANGLE":0,"NODE_ID":3334,"GLOBALID":"00cb7c5f-19a2-4c3c-b762-733706d38cbc","CREATEDDATE":1520794199000,"LASTUPDATE":1643920953000}},{"type":"Feature","id":991,"geometry":{"type":"Point","coordinates":[-89.2621548338909,48.4632059884155]},"properties":{"OBJECTID":991,"LOC_ID":"MC0244","FDMID":3241,"X_COORD":332775.60803,"Y_COORD":5370256.15397,"BEAT":"N 15","ROT_ANGLE":0,"NODE_ID":4727,"GLOBALID":"6703d2ce-c546-4f24-9b98-b3d458563891","CREATEDDATE":1520794199000,"LASTUPDATE":1643920953000}},{"type":"Feature","id":992,"geometry":{"type":"Point","coordinates":[-89.2432151265135,48.4575511520418]},"properties":{"OBJECTID":992,"LOC_ID":"MC0094","FDMID":3091,"X_COORD":334157.16886,"Y_COORD":5369586.42776,"BEAT":"N 12","ROT_ANGLE":0,"NODE_ID":9413,"GLOBALID":"b89f21d0-5206-4462-8d95-56e503870e56","CREATEDDATE":1520794199000,"LASTUPDATE":1643920953000}},{"type":"Feature","id":993,"geometry":{"type":"Point","coordinates":[-89.2542951176734,48.4576216611475]},"properties":{"OBJECTID":993,"LOC_ID":"MC0221","FDMID":3218,"X_COORD":333339.0246,"Y_COORD":5369617.74962,"BEAT":"N 12","ROT_ANGLE":0,"NODE_ID":7509,"GLOBALID":"60806dc3-b67b-45e8-b847-234ef4d19a94","CREATEDDATE":1520794199000,"LASTUPDATE":1643920953000}},{"type":"Feature","id":994,"geometry":{"type":"Point","coordinates":[-89.2322924148681,48.4560700095305]},"properties":{"OBJECTID":994,"LOC_ID":"PC1097","FDMID":2811,"X_COORD":334959.85353,"Y_COORD":5369398.19608,"BEAT":"N 8","ROT_ANGLE":0,"NODE_ID":10515,"GLOBALID":"0d87308e-5a10-449a-815c-2d92b9f3cbdc","CREATEDDATE":1520794199000,"LASTUPDATE":1643920953000}},{"type":"Feature","id":995,"geometry":{"type":"Point","coordinates":[-89.1829002187412,48.4529191684757]},"properties":{"OBJECTID":995,"LOC_ID":"PC0085","FDMID":2987,"X_COORD":338601.39952,"Y_COORD":5368942.62309,"BEAT":"N 14","ROT_ANGLE":0,"NODE_ID":2862,"GLOBALID":"239382ac-8aea-4818-aca2-aa5c3e64fe62","CREATEDDATE":1520794199000,"LASTUPDATE":1643920953000}},{"type":"Feature","id":996,"geometry":{"type":"Point","coordinates":[-89.2568241854803,48.4524186325703]},"properties":{"OBJECTID":996,"LOC_ID":"MC0040","FDMID":3037,"X_COORD":333134.26659,"Y_COORD":5369045.5571,"BEAT":"N 13","ROT_ANGLE":0,"NODE_ID":3413,"GLOBALID":"ed940ad9-a536-478f-b3a2-4856fdd43ee5","CREATEDDATE":1520794199000,"LASTUPDATE":1643920953000}},{"type":"Feature","id":997,"geometry":{"type":"Point","coordinates":[-89.2479341455813,48.4482689516208]},"properties":{"OBJECTID":997,"LOC_ID":"PC0759","FDMID":2476,"X_COORD":333777.99523,"Y_COORD":5368565.00491,"BEAT":"N 8","ROT_ANGLE":0,"NODE_ID":6007,"GLOBALID":"2c245f55-82dc-41ff-b843-25bdc0e25917","CREATEDDATE":1520794199000,"LASTUPDATE":1644366691000}},{"type":"Feature","id":998,"geometry":{"type":"Point","coordinates":[-89.2330578574893,48.4477086787921]},"properties":{"OBJECTID":998,"LOC_ID":"PC0855","FDMID":2571,"X_COORD":334876.14332,"Y_COORD":5368470.52427,"BEAT":"N 5","ROT_ANGLE":0,"NODE_ID":4814,"GLOBALID":"dc108e2d-d27a-4c2c-a8f9-c0b2cfd29872","CREATEDDATE":1520794199000,"LASTUPDATE":1643920953000}},{"type":"Feature","id":999,"geometry":{"type":"Point","coordinates":[-89.236726487911,48.4470537023859]},"properties":{"OBJECTID":999,"LOC_ID":"PC0363","FDMID":2086,"X_COORD":334602.75273,"Y_COORD":5368405.65182,"BEAT":"N 5","ROT_ANGLE":0,"NODE_ID":7608,"GLOBALID":"cfa58c27-deca-4998-87d2-d54c9d9dd51d","CREATEDDATE":1520794199000,"LASTUPDATE":1643920953000}},{"type":"Feature","id":1000,"geometry":{"type":"Point","coordinates":[-89.2621888927745,48.4466320285996]},"properties":{"OBJECTID":1000,"LOC_ID":"MC0003","FDMID":3001,"X_COORD":332711.61775,"Y_COORD":5368412.5605,"BEAT":"N 13","ROT_ANGLE":0,"NODE_ID":9417,"GLOBALID":"6a8c3ce1-e984-4f8c-9ddd-363e7ffa973b","CREATEDDATE":1520794199000,"LASTUPDATE":1643920954000}},{"type":"Feature","id":1001,"geometry":{"type":"Point","coordinates":[-89.2459289783466,48.4464958315367]},"properties":{"OBJECTID":1001,"LOC_ID":"PC0758","FDMID":2475,"X_COORD":333920.4774,"Y_COORD":5368363.57925,"BEAT":"N 8","ROT_ANGLE":0,"NODE_ID":8728,"GLOBALID":"55fd572c-eae8-4fa9-8d07-899dfc546bb9","CREATEDDATE":1520794199000,"LASTUPDATE":1644366711000}},{"type":"Feature","id":1002,"geometry":{"type":"Point","coordinates":[-89.2362334865769,48.4449385198525]},"properties":{"OBJECTID":1002,"LOC_ID":"PC0364","FDMID":2087,"X_COORD":334634.42275,"Y_COORD":5368168.77656,"BEAT":"N 5","ROT_ANGLE":0,"NODE_ID":2374,"GLOBALID":"1080ab45-29f3-4572-9c6f-f274efd5a5bd","CREATEDDATE":1520794199000,"LASTUPDATE":1644363486000}},{"type":"Feature","id":1003,"geometry":{"type":"Point","coordinates":[-89.210104769888,48.4441275053046]},"properties":{"OBJECTID":1003,"LOC_ID":"PC0109","FDMID":1832,"X_COORD":336561.84752,"Y_COORD":5368023.21394,"BEAT":"N 10","ROT_ANGLE":0,"NODE_ID":1498,"GLOBALID":"97d637c6-8513-4428-92c4-cf770c1cb608","CREATEDDATE":1520794199000,"LASTUPDATE":1643920954000}},{"type":"Feature","id":1004,"geometry":{"type":"Point","coordinates":[-89.2114510656578,48.4418023310701]},"properties":{"OBJECTID":1004,"LOC_ID":"PC0191","FDMID":1914,"X_COORD":336454.83081,"Y_COORD":5367767.6604,"BEAT":"N 10","ROT_ANGLE":0,"NODE_ID":7942,"GLOBALID":"35e14414-6a84-4f1b-b4ce-ff1df9f9b50b","CREATEDDATE":1520794199000,"LASTUPDATE":1643920954000}},{"type":"Feature","id":1005,"geometry":{"type":"Point","coordinates":[-89.2635888392702,48.4410366502185]},"properties":{"OBJECTID":1005,"LOC_ID":"PC0989","FDMID":2703,"X_COORD":332596.70319,"Y_COORD":5367795.30456,"BEAT":"N 4","ROT_ANGLE":0,"NODE_ID":4690,"GLOBALID":"101aa778-ae6f-46f8-9ad1-041be8313814","CREATEDDATE":1520794199000,"LASTUPDATE":1643920954000}},{"type":"Feature","id":1006,"geometry":{"type":"Point","coordinates":[-89.2210679175446,48.4397035878892]},"properties":{"OBJECTID":1006,"LOC_ID":"PC0302","FDMID":2025,"X_COORD":335736.89366,"Y_COORD":5367554.98661,"BEAT":"N7","ROT_ANGLE":0,"NODE_ID":7276,"GLOBALID":"3cf70c71-81e5-478e-b607-e74120c4f1d8","CREATEDDATE":1520794199000,"LASTUPDATE":1644364194000}},{"type":"Feature","id":1007,"geometry":{"type":"Point","coordinates":[-89.2637939341935,48.43906753274]},"properties":{"OBJECTID":1007,"LOC_ID":"PC0979","FDMID":2693,"X_COORD":332575.06531,"Y_COORD":5367576.89406,"BEAT":"N 4","ROT_ANGLE":0,"NODE_ID":5621,"GLOBALID":"fc40f222-4366-485b-b313-f9e0fe365369","CREATEDDATE":1520794199000,"LASTUPDATE":1643920954000}},{"type":"Feature","id":1008,"geometry":{"type":"Point","coordinates":[-89.2484654042464,48.4344007001203]},"properties":{"OBJECTID":1008,"LOC_ID":"PC0644","FDMID":2363,"X_COORD":333693.44457,"Y_COORD":5367024.77093,"BEAT":"N 5","ROT_ANGLE":0,"NODE_ID":2551,"GLOBALID":"703ad5e0-977f-4193-9816-39926d1f10c9","CREATEDDATE":1520794199000,"LASTUPDATE":1644362832000}},{"type":"Feature","id":1009,"geometry":{"type":"Point","coordinates":[-89.2402435428029,48.4300558295359]},"properties":{"OBJECTID":1009,"LOC_ID":"PC1166","FDMID":3349,"X_COORD":334287.41731,"Y_COORD":5366524.01547,"BEAT":"N 5","ROT_ANGLE":0,"NODE_ID":7980,"GLOBALID":"053dd23d-0198-428a-99b9-96f94d5241c0","CREATEDDATE":1520794199000,"LASTUPDATE":1643920954000}},{"type":"Feature","id":1010,"geometry":{"type":"Point","coordinates":[-89.2295733002833,48.4285563638233]},"properties":{"OBJECTID":1010,"LOC_ID":"PC0538","FDMID":2258,"X_COORD":335071.80924,"Y_COORD":5366334.30949,"BEAT":"N7","ROT_ANGLE":0,"NODE_ID":1926,"GLOBALID":"3d13dd96-cb98-4048-a3a5-796b679df8cb","CREATEDDATE":1520794199000,"LASTUPDATE":1643920954000}},{"type":"Feature","id":1011,"geometry":{"type":"Point","coordinates":[-89.2622843393807,48.4200805154648]},"properties":{"OBJECTID":1011,"LOC_ID":"PP0206","FDMID":3575,"X_COORD":332624.35068,"Y_COORD":5365463.27819,"BEAT":"N 1","ROT_ANGLE":0,"NODE_ID":9315,"GLOBALID":"36769507-f128-4b55-99c0-9405984857a9","CREATEDDATE":1520794199000,"LASTUPDATE":1643920954000}},{"type":"Feature","id":1012,"geometry":{"type":"Point","coordinates":[-89.2511048864667,48.420008519262]},"properties":{"OBJECTID":1012,"LOC_ID":"PP0093","FDMID":2957,"X_COORD":333451.19075,"Y_COORD":5365430.89112,"BEAT":"N 3","ROT_ANGLE":0,"NODE_ID":4239,"GLOBALID":"459ce26f-cea9-4c56-8729-1f7238a4a24f","CREATEDDATE":1520794199000,"LASTUPDATE":1643920954000}},{"type":"Feature","id":1013,"geometry":{"type":"Point","coordinates":[-89.2406661542872,48.4191907641447]},"properties":{"OBJECTID":1013,"LOC_ID":"PC0701","FDMID":2420,"X_COORD":334220.80995,"Y_COORD":5365317.33873,"BEAT":"N 2","ROT_ANGLE":0,"NODE_ID":88,"GLOBALID":"bd235f9f-d9c3-4b13-a357-54d59b6db2df","CREATEDDATE":1520794199000,"LASTUPDATE":1644351541000}},{"type":"Feature","id":1014,"geometry":{"type":"Point","coordinates":[-89.2579000912876,48.4088375134899]},"properties":{"OBJECTID":1014,"LOC_ID":"PC1020","FDMID":2734,"X_COORD":332912.791,"Y_COORD":5364203.81348,"BEAT":"N 2","ROT_ANGLE":0,"NODE_ID":6207,"GLOBALID":"cc6f19e2-c84e-482d-9d1f-a1716ba87e79","CREATEDDATE":1520794199000,"LASTUPDATE":1678139892000}},{"type":"Feature","id":1015,"geometry":{"type":"Point","coordinates":[-89.2561017674194,48.4088265322269]},"properties":{"OBJECTID":1015,"LOC_ID":"PC1021","FDMID":2735,"X_COORD":333045.9535,"Y_COORD":5364202.0988,"BEAT":"N 2","ROT_ANGLE":0,"NODE_ID":6874,"GLOBALID":"b24294b8-7df0-43ed-b8af-796328512792","CREATEDDATE":1520794199000,"LASTUPDATE":1678144774000}},{"type":"Feature","id":1016,"geometry":{"type":"Point","coordinates":[-89.2605376813987,48.4114744698424]},"properties":{"OBJECTID":1016,"LOC_ID":"PC1144","FDMID":2858,"X_COORD":332725.33449,"Y_COORD":5364502.9628,"BEAT":"N 1","ROT_ANGLE":0,"NODE_ID":4505,"GLOBALID":"ed55cf3e-4283-4dde-8fa9-29ceb595fc3c","CREATEDDATE":1520794199000,"LASTUPDATE":1643920954000}},{"type":"Feature","id":1017,"geometry":{"type":"Point","coordinates":[-89.2471323878802,48.4063439178599]},"properties":{"OBJECTID":1017,"LOC_ID":"PC1206","FDMID":3716,"X_COORD":333700.5135,"Y_COORD":5363903.53419,"BEAT":"N 2","ROT_ANGLE":0,"NODE_ID":935,"GLOBALID":"4bfcbb7f-e159-4a58-92d4-53df2623ebd6","CREATEDDATE":1520794199000,"LASTUPDATE":1643920954000}},{"type":"Feature","id":1018,"geometry":{"type":"Point","coordinates":[-89.2596730514157,48.4034679093748]},"properties":{"OBJECTID":1018,"LOC_ID":"PC1001","FDMID":2715,"X_COORD":332763.06607,"Y_COORD":5363611.21137,"BEAT":"N 1","ROT_ANGLE":0,"NODE_ID":3714,"GLOBALID":"5915b7e7-7c5a-4f07-b60f-439c670e15d8","CREATEDDATE":1520794199000,"LASTUPDATE":1643920954000}},{"type":"Feature","id":1019,"geometry":{"type":"Point","coordinates":[-89.2467469706969,48.3959367412092]},"properties":{"OBJECTID":1019,"LOC_ID":"FC0112","FDMID":105,"X_COORD":333695.09628,"Y_COORD":5362746.00587,"BEAT":"S 9","ROT_ANGLE":0,"NODE_ID":4567,"GLOBALID":"d7b8f766-e475-47a5-bc8a-a41e08aaa55e","CREATEDDATE":1520794199000,"LASTUPDATE":1643920954000}},{"type":"Feature","id":1020,"geometry":{"type":"Point","coordinates":[-89.27311171087,48.3949768295443]},"properties":{"OBJECTID":1020,"LOC_ID":"FC0855","FDMID":846,"X_COORD":331740.50351,"Y_COORD":5362696.91121,"BEAT":"S 4","ROT_ANGLE":0,"NODE_ID":8355,"GLOBALID":"42940318-f98c-4cc7-96ca-942a329e16b7","CREATEDDATE":1520794199000,"LASTUPDATE":1643920954000}},{"type":"Feature","id":1021,"geometry":{"type":"Point","coordinates":[-89.2799466650791,48.394615402385]},"properties":{"OBJECTID":1021,"LOC_ID":"FC0912","FDMID":903,"X_COORD":331256.28822,"Y_COORD":5362668.34775,"BEAT":"S 4","ROT_ANGLE":0,"NODE_ID":6268,"GLOBALID":"148ab809-605c-478c-bb64-97a749e937fc","CREATEDDATE":1520794199000,"LASTUPDATE":1673551897000}},{"type":"Feature","id":1022,"geometry":{"type":"Point","coordinates":[-89.2327686135478,48.3898828755583]},"properties":{"OBJECTID":1022,"LOC_ID":"FC0554","FDMID":546,"X_COORD":334710.09968,"Y_COORD":5362042.88702,"BEAT":"S 11","ROT_ANGLE":0,"NODE_ID":9490,"GLOBALID":"9112d7c5-d288-4549-a636-5ea505a3467e","CREATEDDATE":1520794199000,"LASTUPDATE":1643920954000}},{"type":"Feature","id":1023,"geometry":{"type":"Point","coordinates":[-89.2294281680175,48.3943641458531]},"properties":{"OBJECTID":1023,"LOC_ID":"FC0174","FDMID":170,"X_COORD":334971.87606,"Y_COORD":5362533.74705,"BEAT":"S 11","ROT_ANGLE":0,"NODE_ID":1906,"GLOBALID":"7de97f8a-fda5-4655-9f84-853cdac8df6b","CREATEDDATE":1520794199000,"LASTUPDATE":1644001773000}},{"type":"Feature","id":1024,"geometry":{"type":"Point","coordinates":[-89.2524740012375,48.392662438216]},"properties":{"OBJECTID":1024,"LOC_ID":"FC0353","FDMID":348,"X_COORD":333260.50633,"Y_COORD":5362394.54577,"BEAT":"S 9","ROT_ANGLE":0,"NODE_ID":4638,"GLOBALID":"0c65de56-e955-424b-8048-006a2bc05532","CREATEDDATE":1520794199000,"LASTUPDATE":1643920954000}},{"type":"Feature","id":1025,"geometry":{"type":"Point","coordinates":[-89.287894717993,48.3916919393903]},"properties":{"OBJECTID":1025,"LOC_ID":"FC0927","FDMID":918,"X_COORD":330635.39222,"Y_COORD":5362364.41047,"BEAT":"S 1","ROT_ANGLE":0,"NODE_ID":5009,"GLOBALID":"7bcefc1c-b3cb-4eb9-8422-08994d06ed69","CREATEDDATE":1520794199000,"LASTUPDATE":1643920954000}},{"type":"Feature","id":1026,"geometry":{"type":"Point","coordinates":[-89.2139257232875,48.3788063264741]},"properties":{"OBJECTID":1026,"LOC_ID":"FP0025","FDMID":3291,"X_COORD":336069.35881,"Y_COORD":5360771.30967,"BEAT":"S 12","ROT_ANGLE":0,"NODE_ID":564,"GLOBALID":"d920f8bd-1bbd-42b9-ad24-93361ac2e85f","CREATEDDATE":1520794199000,"LASTUPDATE":1643920954000}},{"type":"Feature","id":1027,"geometry":{"type":"Point","coordinates":[-89.275701507097,48.3900039026935]},"properties":{"OBJECTID":1027,"LOC_ID":"FC0801","FDMID":792,"X_COORD":331532.38985,"Y_COORD":5362149.90014,"BEAT":"S 4","ROT_ANGLE":0,"NODE_ID":6328,"GLOBALID":"2a3f9b92-20b2-4de9-9b48-210b6806dff0","CREATEDDATE":1520794199000,"LASTUPDATE":1643920954000}},{"type":"Feature","id":1028,"geometry":{"type":"Point","coordinates":[-89.2467517637655,48.3893421387144]},"properties":{"OBJECTID":1028,"LOC_ID":"FC0116","FDMID":109,"X_COORD":333671.20175,"Y_COORD":5362012.56356,"BEAT":"S 9","ROT_ANGLE":0,"NODE_ID":5236,"GLOBALID":"9d0cb3ed-b2c2-4a64-8660-516718fdd928","CREATEDDATE":1520794199000,"LASTUPDATE":1674261395000}},{"type":"Feature","id":1029,"geometry":{"type":"Point","coordinates":[-89.2386248854477,48.3877206346635]},"properties":{"OBJECTID":1029,"LOC_ID":"FC1163","FDMID":3578,"X_COORD":334261.84496,"Y_COORD":5361802.04964,"BEAT":"S 11","ROT_ANGLE":0,"NODE_ID":9225,"GLOBALID":"ea634e95-0475-46ac-9b0c-d3305db2c7c6","CREATEDDATE":1520794199000,"LASTUPDATE":1670876744000}},{"type":"Feature","id":1030,"geometry":{"type":"Point","coordinates":[-89.2840253764534,48.3868233352516]},"properties":{"OBJECTID":1030,"LOC_ID":"FC0437","FDMID":430,"X_COORD":330905.67958,"Y_COORD":5361814.74519,"BEAT":"S 5","ROT_ANGLE":0,"NODE_ID":6034,"GLOBALID":"ce04c7de-b66a-4ddd-ae90-b06159904cc5","CREATEDDATE":1520794199000,"LASTUPDATE":1643920955000}},{"type":"Feature","id":1031,"geometry":{"type":"Point","coordinates":[-89.2861356670287,48.3849566027373]},"properties":{"OBJECTID":1031,"LOC_ID":"FP0006","FDMID":1146,"X_COORD":330743.26806,"Y_COORD":5361611.9315,"BEAT":"S 5","ROT_ANGLE":0,"NODE_ID":4558,"GLOBALID":"89ef3017-dada-4bf0-8661-7622bbb4433f","CREATEDDATE":1520794199000,"LASTUPDATE":1643920955000}},{"type":"Feature","id":1032,"geometry":{"type":"Point","coordinates":[-89.270129288562,48.3839327248143]},"properties":{"OBJECTID":1032,"LOC_ID":"FC0446","FDMID":439,"X_COORD":331924.87523,"Y_COORD":5361462.88471,"BEAT":"S 7","ROT_ANGLE":0,"NODE_ID":3247,"GLOBALID":"3a2380fa-d533-4753-9ddd-6b43c9970472","CREATEDDATE":1520794199000,"LASTUPDATE":1644006819000}},{"type":"Feature","id":1033,"geometry":{"type":"Point","coordinates":[-89.3023071298459,48.3830382334875]},"properties":{"OBJECTID":1033,"LOC_ID":"FC0832","FDMID":823,"X_COORD":329539.66793,"Y_COORD":5361434.57214,"BEAT":"S 2","ROT_ANGLE":0,"NODE_ID":6755,"GLOBALID":"6bb80c77-ed03-421a-af83-2cda8a32eb99","CREATEDDATE":1520794199000,"LASTUPDATE":1643920955000}},{"type":"Feature","id":1034,"geometry":{"type":"Point","coordinates":[-89.2476261223082,48.3825968535536]},"properties":{"OBJECTID":1034,"LOC_ID":"FC0720","FDMID":711,"X_COORD":333586.50569,"Y_COORD":5361265.2673,"BEAT":"S 10","ROT_ANGLE":0,"NODE_ID":9543,"GLOBALID":"f2589e6d-57ed-4dc8-aa31-2a440e87a90a","CREATEDDATE":1520794199000,"LASTUPDATE":1643920955000}},{"type":"Feature","id":1035,"geometry":{"type":"Point","coordinates":[-89.3057938765686,48.3815712514638]},"properties":{"OBJECTID":1035,"LOC_ID":"FC0830","FDMID":821,"X_COORD":329276.6205,"Y_COORD":5361279.29303,"BEAT":"S 2","ROT_ANGLE":0,"NODE_ID":4602,"GLOBALID":"7fda9654-ed9e-4944-ba0a-c98e7cb72c8a","CREATEDDATE":1520794199000,"LASTUPDATE":1643920955000}},{"type":"Feature","id":1036,"geometry":{"type":"Point","coordinates":[-89.2705333575666,48.3815822510547]},"properties":{"OBJECTID":1036,"LOC_ID":"FC0686","FDMID":677,"X_COORD":331887.21711,"Y_COORD":5361202.53143,"BEAT":"S 7","ROT_ANGLE":0,"NODE_ID":6432,"GLOBALID":"a401d5d1-abd5-4f42-a277-0018b961721a","CREATEDDATE":1520794199000,"LASTUPDATE":1643920955000}},{"type":"Feature","id":1037,"geometry":{"type":"Point","coordinates":[-89.3804342556026,48.3773270011397]},"properties":{"OBJECTID":1037,"LOC_ID":"NC0318","FDMID":1494,"X_COORD":323735.87861,"Y_COORD":5360976.65572,"BEAT":"S 14","ROT_ANGLE":0,"NODE_ID":3086,"GLOBALID":"71294619-a2ee-4408-a33c-f2b53fa514a8","CREATEDDATE":1520794199000,"LASTUPDATE":1643920955000}},{"type":"Feature","id":1038,"geometry":{"type":"Point","coordinates":[-89.2875535440374,48.378317883895]},"properties":{"OBJECTID":1038,"LOC_ID":"FC0685","FDMID":676,"X_COORD":330616.27644,"Y_COORD":5360877.21508,"BEAT":"S 5","ROT_ANGLE":0,"NODE_ID":4283,"GLOBALID":"c82fc7dd-9a64-4cb3-93eb-2bbd399e4cf1","CREATEDDATE":1520794199000,"LASTUPDATE":1644004437000}},{"type":"Feature","id":1039,"geometry":{"type":"Point","coordinates":[-89.285787645268,48.3754523328479]},"properties":{"OBJECTID":1039,"LOC_ID":"FC0666","FDMID":658,"X_COORD":330737.52521,"Y_COORD":5360554.8243,"BEAT":"S 5","ROT_ANGLE":0,"NODE_ID":5071,"GLOBALID":"a18d0a1f-5b03-4684-b46e-5cdccd91f6c7","CREATEDDATE":1520794199000,"LASTUPDATE":1643920955000}},{"type":"Feature","id":1040,"geometry":{"type":"Point","coordinates":[-89.2537822575146,48.375184481274]},"properties":{"OBJECTID":1040,"LOC_ID":"FC0458","FDMID":450,"X_COORD":333106.48726,"Y_COORD":5360454.8243,"BEAT":"S 10","ROT_ANGLE":0,"NODE_ID":6088,"GLOBALID":"8b789928-d6c0-437e-ad61-21fd91eb59cb","CREATEDDATE":1520794199000,"LASTUPDATE":1643920955000}},{"type":"Feature","id":1041,"geometry":{"type":"Point","coordinates":[-89.2629178947809,48.3715261887093]},"properties":{"OBJECTID":1041,"LOC_ID":"FC0225","FDMID":221,"X_COORD":332412.62716,"Y_COORD":5360068.26762,"BEAT":"S 8","ROT_ANGLE":0,"NODE_ID":8858,"GLOBALID":"25572cfb-2d0b-4550-891b-6127ad660209","CREATEDDATE":1520794199000,"LASTUPDATE":1670444232000}},{"type":"Feature","id":1042,"geometry":{"type":"Point","coordinates":[-89.2688521061572,48.3693508447442]},"properties":{"OBJECTID":1042,"LOC_ID":"FC0478","FDMID":470,"X_COORD":331971.42806,"Y_COORD":5359839.40081,"BEAT":"S 6","ROT_ANGLE":0,"NODE_ID":8691,"GLOBALID":"312c4f16-a1e0-41e5-8ea8-df8eb256d5ec","CREATEDDATE":1520794199000,"LASTUPDATE":1643920955000}},{"type":"Feature","id":1043,"geometry":{"type":"Point","coordinates":[-89.3003333791658,48.3661241550361]},"properties":{"OBJECTID":1043,"LOC_ID":"FC0736","FDMID":727,"X_COORD":329629.35318,"Y_COORD":5359550.30487,"BEAT":"S 3","ROT_ANGLE":0,"NODE_ID":8615,"GLOBALID":"0023d5a8-8d70-495f-9dcf-a6d91ba376de","CREATEDDATE":1520794199000,"LASTUPDATE":1643920955000}},{"type":"Feature","id":1044,"geometry":{"type":"Point","coordinates":[-89.3005869238451,48.3650068193964]},"properties":{"OBJECTID":1044,"LOC_ID":"FC0297","FDMID":292,"X_COORD":329606.84847,"Y_COORD":5359426.68478,"BEAT":"S 3","ROT_ANGLE":0,"NODE_ID":1024,"GLOBALID":"cdb32203-c3d9-4acc-b333-a13e3b227f34","CREATEDDATE":1520794199000,"LASTUPDATE":1643920955000}},{"type":"Feature","id":1045,"geometry":{"type":"Point","coordinates":[-89.3457468952421,48.3616857933652]},"properties":{"OBJECTID":1045,"LOC_ID":"NC0208","FDMID":1385,"X_COORD":326250.99183,"Y_COORD":5359158.56881,"BEAT":"S 15","ROT_ANGLE":0,"NODE_ID":2852,"GLOBALID":"51334414-7e73-44a9-93b5-c641dd152008","CREATEDDATE":1520794199000,"LASTUPDATE":1643920955000}},{"type":"Feature","id":1046,"geometry":{"type":"Point","coordinates":[-89.2868369843875,48.3639368338549]},"properties":{"OBJECTID":1046,"LOC_ID":"FC0320","FDMID":315,"X_COORD":330621.63708,"Y_COORD":5359277.27933,"BEAT":"S 6","ROT_ANGLE":0,"NODE_ID":7817,"GLOBALID":"1ff78114-1177-4a98-998a-20faebc51d05","CREATEDDATE":1520794199000,"LASTUPDATE":1643920955000}},{"type":"Feature","id":1047,"geometry":{"type":"Point","coordinates":[-89.3420324395662,48.3519937722217]},"properties":{"OBJECTID":1047,"LOC_ID":"NC0435","FDMID":1608,"X_COORD":326493.19266,"Y_COORD":5358073.39325,"BEAT":"S 16","ROT_ANGLE":0,"NODE_ID":3019,"GLOBALID":"4b2dc9f8-c46e-49d2-9577-235497dab724","CREATEDDATE":1520794199000,"LASTUPDATE":1643920955000}},{"type":"Feature","id":1048,"geometry":{"type":"Point","coordinates":[-89.359941511437,48.3252702924871]},"properties":{"OBJECTID":1048,"LOC_ID":"NC0476","FDMID":1649,"X_COORD":325075.06351,"Y_COORD":5355143.99984,"BEAT":"S 16","ROT_ANGLE":0,"NODE_ID":3982,"GLOBALID":"0a7435d5-1001-49de-a87a-d0f558064082","CREATEDDATE":1520794199000,"LASTUPDATE":1643920955000}},{"type":"Feature","id":1049,"geometry":{"type":"Point","coordinates":[-89.1884265265633,48.4662014195431]},"properties":{"OBJECTID":1049,"LOC_ID":"PC1034","FDMID":2748,"X_COORD":338235.05251,"Y_COORD":5370430.54962,"BEAT":"N 11","ROT_ANGLE":0,"NODE_ID":3852,"GLOBALID":"4654994c-9b8d-494d-8b63-a3c3780c8565","CREATEDDATE":1520794199000,"LASTUPDATE":1643920955000}},{"type":"Feature","id":1050,"geometry":{"type":"Point","coordinates":[-89.1824674564819,48.4653170197995]},"properties":{"OBJECTID":1050,"LOC_ID":"PC0043","FDMID":1767,"X_COORD":338672.71754,"Y_COORD":5370319.66373,"BEAT":"N 11","ROT_ANGLE":0,"NODE_ID":9566,"GLOBALID":"566d7f95-5109-4519-abf1-3b73a84cd8e0","CREATEDDATE":1520794199000,"LASTUPDATE":1643920955000}},{"type":"Feature","id":1051,"geometry":{"type":"Point","coordinates":[-89.1866620486075,48.4660904354263]},"properties":{"OBJECTID":1051,"LOC_ID":"PC0046","FDMID":1770,"X_COORD":338365.12381,"Y_COORD":5370414.48229,"BEAT":"N 11","ROT_ANGLE":0,"NODE_ID":3624,"GLOBALID":"8a7de713-3618-4526-8ea0-995b9c86357d","CREATEDDATE":1520794199000,"LASTUPDATE":1643920955000}},{"type":"Feature","id":1052,"geometry":{"type":"Point","coordinates":[-89.2106329129801,48.4638494714954]},"properties":{"OBJECTID":1052,"LOC_ID":"PC0993","FDMID":2707,"X_COORD":336586.10659,"Y_COORD":5370216.34469,"BEAT":"N 9","ROT_ANGLE":0,"NODE_ID":5091,"GLOBALID":"c9c752f1-a493-470a-a5a9-b7edc3062bf2","CREATEDDATE":1520794199000,"LASTUPDATE":1643920955000}},{"type":"Feature","id":1053,"geometry":{"type":"Point","coordinates":[-89.2029745446003,48.4548615984205]},"properties":{"OBJECTID":1053,"LOC_ID":"PP0028","FDMID":2898,"X_COORD":337123.43984,"Y_COORD":5369201.05048,"BEAT":"N 10","ROT_ANGLE":0,"NODE_ID":5336,"GLOBALID":"b24c0585-31c7-4be7-949d-2a52eac1f7ef","CREATEDDATE":1520794199000,"LASTUPDATE":1643920955000}},{"type":"Feature","id":1054,"geometry":{"type":"Point","coordinates":[-89.2511578706632,48.4596921768314]},"properties":{"OBJECTID":1054,"LOC_ID":"MC0068","FDMID":3065,"X_COORD":333576.99068,"Y_COORD":5369841.63723,"BEAT":"N 12","ROT_ANGLE":0,"NODE_ID":8767,"GLOBALID":"21667e30-4c80-41c6-abd4-473e856733a2","CREATEDDATE":1520794199000,"LASTUPDATE":1643920955000}},{"type":"Feature","id":1055,"geometry":{"type":"Point","coordinates":[-89.2663840144334,48.4549606759421]},"properties":{"OBJECTID":1055,"LOC_ID":"MC0138","FDMID":3135,"X_COORD":332435.84969,"Y_COORD":5369348.98878,"BEAT":"N 15","ROT_ANGLE":0,"NODE_ID":5955,"GLOBALID":"0b751e78-82a4-4e79-ac42-1cb4099aa944","CREATEDDATE":1520794199000,"LASTUPDATE":1643920955000}},{"type":"Feature","id":1056,"geometry":{"type":"Point","coordinates":[-89.2592490794899,48.4543837599407]},"properties":{"OBJECTID":1056,"LOC_ID":"MP0017","FDMID":3379,"X_COORD":332944.05321,"Y_COORD":5369304.29477,"BEAT":"N 15","ROT_ANGLE":0,"NODE_ID":8254,"GLOBALID":"7af4f1c2-273f-4784-90e5-57cbde55abc9","CREATEDDATE":1520794199000,"LASTUPDATE":1643920955000}},{"type":"Feature","id":1057,"geometry":{"type":"Point","coordinates":[-89.226802170602,48.4532175418015]},"properties":{"OBJECTID":1057,"LOC_ID":"PC0218","FDMID":1941,"X_COORD":335356.51452,"Y_COORD":5369069.32235,"BEAT":"N 8","ROT_ANGLE":0,"NODE_ID":6969,"GLOBALID":"60430d81-ae70-4eba-92db-7986cadb099e","CREATEDDATE":1520794199000,"LASTUPDATE":1643920955000}},{"type":"Feature","id":1058,"geometry":{"type":"Point","coordinates":[-89.2811065617072,48.4515368652378]},"properties":{"OBJECTID":1058,"LOC_ID":"MC0255","FDMID":3375,"X_COORD":331336.06422,"Y_COORD":5369000.79422,"BEAT":"N 15","ROT_ANGLE":0,"NODE_ID":9047,"GLOBALID":"89a5489d-4587-4bdc-8c78-2267fdd7e551","CREATEDDATE":1520794199000,"LASTUPDATE":1643920955000}},{"type":"Feature","id":1059,"geometry":{"type":"Point","coordinates":[-89.2222066840082,48.4504978136281]},"properties":{"OBJECTID":1059,"LOC_ID":"PC0797","FDMID":2514,"X_COORD":335687.49718,"Y_COORD":5368757.15493,"BEAT":"N 9","ROT_ANGLE":0,"NODE_ID":5043,"GLOBALID":"1f14f283-8d25-4af9-9115-fd5322a9c7cd","CREATEDDATE":1520794199000,"LASTUPDATE":1643920955000}},{"type":"Feature","id":1060,"geometry":{"type":"Point","coordinates":[-89.2153254406091,48.4477901766099]},"properties":{"OBJECTID":1060,"LOC_ID":"PC0105","FDMID":1828,"X_COORD":336187.57347,"Y_COORD":5368441.45829,"BEAT":"N 10","ROT_ANGLE":0,"NODE_ID":4262,"GLOBALID":"4e4a95cb-2a1d-47d7-8f76-0bb17bb52ba0","CREATEDDATE":1520794199000,"LASTUPDATE":1644349497000}},{"type":"Feature","id":1061,"geometry":{"type":"Point","coordinates":[-89.1866602647384,48.4468235115622]},"properties":{"OBJECTID":1061,"LOC_ID":"PP0120","FDMID":2984,"X_COORD":338304.04451,"Y_COORD":5368273.06046,"BEAT":"N 14","ROT_ANGLE":0,"NODE_ID":7767,"GLOBALID":"4529797d-09ae-46b7-bb0d-7e230b3a7533","CREATEDDATE":1520794199000,"LASTUPDATE":1643920956000}},{"type":"Feature","id":1062,"geometry":{"type":"Point","coordinates":[-89.2156434071091,48.4467169265444]},"properties":{"OBJECTID":1062,"LOC_ID":"PC0102","FDMID":1825,"X_COORD":336160.61155,"Y_COORD":5368322.85349,"BEAT":"N 10","ROT_ANGLE":0,"NODE_ID":6798,"GLOBALID":"34b0111d-4966-42e6-856d-c8278c683085","CREATEDDATE":1520794199000,"LASTUPDATE":1643920956000}},{"type":"Feature","id":1063,"geometry":{"type":"Point","coordinates":[-89.2108903952535,48.4435286402276]},"properties":{"OBJECTID":1063,"LOC_ID":"PC0097","FDMID":1820,"X_COORD":336501.83165,"Y_COORD":5367958.3315,"BEAT":"N 10","ROT_ANGLE":0,"NODE_ID":1498,"GLOBALID":"6d333e76-a1cf-4ccb-83dc-447e95013a1f","CREATEDDATE":1520794199000,"LASTUPDATE":1643920956000}},{"type":"Feature","id":1064,"geometry":{"type":"Point","coordinates":[-89.236360575844,48.4430186366916]},"properties":{"OBJECTID":1064,"LOC_ID":"PC0371","FDMID":2094,"X_COORD":334616.70345,"Y_COORD":5367956.38667,"BEAT":"N 5","ROT_ANGLE":0,"NODE_ID":8753,"GLOBALID":"a7494386-04a2-4c8a-8d3f-b420aec2d6bb","CREATEDDATE":1520794199000,"LASTUPDATE":1643920956000}},{"type":"Feature","id":1065,"geometry":{"type":"Point","coordinates":[-89.2107909280751,48.4409244546223]},"properties":{"OBJECTID":1065,"LOC_ID":"PC1233","FDMID":0,"X_COORD":336500.82915,"Y_COORD":5367668.67825,"BEAT":"N 10","ROT_ANGLE":0,"NODE_ID":6486,"GLOBALID":"80fc745c-1a71-4086-ba52-0e62d8789533","CREATEDDATE":1520794199000,"LASTUPDATE":1643920956000}},{"type":"Feature","id":1066,"geometry":{"type":"Point","coordinates":[-89.2501570882773,48.440226687446]},"properties":{"OBJECTID":1066,"LOC_ID":"PC0772","FDMID":2489,"X_COORD":333587.35305,"Y_COORD":5367675.98398,"BEAT":"N 4","ROT_ANGLE":0,"NODE_ID":3320,"GLOBALID":"042c4448-e7c5-442d-92f1-1805b4f2256b","CREATEDDATE":1520794199000,"LASTUPDATE":1644362949000}},{"type":"Feature","id":1067,"geometry":{"type":"Point","coordinates":[-89.266482362835,48.4396520417126]},"properties":{"OBJECTID":1067,"LOC_ID":"PC0986","FDMID":2700,"X_COORD":332378.16675,"Y_COORD":5367647.74616,"BEAT":"N 4","ROT_ANGLE":0,"NODE_ID":7073,"GLOBALID":"280c3bc8-557d-4c91-a32c-a714d83e1af3","CREATEDDATE":1520794199000,"LASTUPDATE":1643920956000}},{"type":"Feature","id":1068,"geometry":{"type":"Point","coordinates":[-89.233033465131,48.4361521688813]},"properties":{"OBJECTID":1068,"LOC_ID":"PC0484","FDMID":2206,"X_COORD":334840.48585,"Y_COORD":5367186.01278,"BEAT":"N 6","ROT_ANGLE":0,"NODE_ID":8275,"GLOBALID":"e2e2d9c2-c7d0-434f-a431-6eeecee07085","CREATEDDATE":1520794199000,"LASTUPDATE":1643920956000}},{"type":"Feature","id":1069,"geometry":{"type":"Point","coordinates":[-89.2557871662514,48.434288720153]},"properties":{"OBJECTID":1069,"LOC_ID":"PC1112","FDMID":2826,"X_COORD":333151.55043,"Y_COORD":5367028.26277,"BEAT":"N 4","ROT_ANGLE":0,"NODE_ID":3999,"GLOBALID":"e4897fa9-ffa9-4778-a2aa-62c8a5322249","CREATEDDATE":1520794199000,"LASTUPDATE":1643920956000}},{"type":"Feature","id":1070,"geometry":{"type":"Point","coordinates":[-89.2663630737243,48.4331796709716]},"properties":{"OBJECTID":1070,"LOC_ID":"PC1139","FDMID":2853,"X_COORD":332365.69903,"Y_COORD":5366928.10686,"BEAT":"N 4","ROT_ANGLE":0,"NODE_ID":4855,"GLOBALID":"60dc4f79-81df-4d69-a100-2858718a55f5","CREATEDDATE":1520794199000,"LASTUPDATE":1643920956000}},{"type":"Feature","id":1071,"geometry":{"type":"Point","coordinates":[-89.2920857916852,48.4160200495937]},"properties":{"OBJECTID":1071,"LOC_ID":"MC0234","FDMID":3231,"X_COORD":330406.10223,"Y_COORD":5365077.55966,"BEAT":"N 1","ROT_ANGLE":0,"NODE_ID":6497,"GLOBALID":"f214bace-12f7-4833-b39b-0d1205b9e35a","CREATEDDATE":1520794199000,"LASTUPDATE":1643920956000}},{"type":"Feature","id":1072,"geometry":{"type":"Point","coordinates":[-89.2385528964026,48.4153607722583]},"properties":{"OBJECTID":1072,"LOC_ID":"PC0708","FDMID":2427,"X_COORD":334367.37865,"Y_COORD":5364887.35857,"BEAT":"N 2","ROT_ANGLE":0,"NODE_ID":611,"GLOBALID":"6c5eb913-620d-4b25-aa14-44d332f9ed50","CREATEDDATE":1520794199000,"LASTUPDATE":1643920956000}},{"type":"Feature","id":1073,"geometry":{"type":"Point","coordinates":[-89.2538397643105,48.4111267438158]},"properties":{"OBJECTID":1073,"LOC_ID":"PC1028","FDMID":2742,"X_COORD":333219.80489,"Y_COORD":5364449.70507,"BEAT":"N 2","ROT_ANGLE":0,"NODE_ID":2720,"GLOBALID":"8d1e80b2-7351-47c4-a9f8-5c5cca504c2b","CREATEDDATE":1520794199000,"LASTUPDATE":1643920956000}},{"type":"Feature","id":1074,"geometry":{"type":"Point","coordinates":[-89.2800945172793,48.4079406847018]},"properties":{"OBJECTID":1074,"LOC_ID":"PC0694","FDMID":3518,"X_COORD":331266.55049,"Y_COORD":5364153.11217,"BEAT":"N 1","ROT_ANGLE":0,"NODE_ID":6944,"GLOBALID":"9724bded-bbcb-4d48-97ac-6eed068a3347","CREATEDDATE":1520794199000,"LASTUPDATE":1643920956000}},{"type":"Feature","id":1075,"geometry":{"type":"Point","coordinates":[-89.2425625810398,48.405960943768]},"properties":{"OBJECTID":1075,"LOC_ID":"PP0139","FDMID":3530,"X_COORD":334037.43331,"Y_COORD":5363851.04318,"BEAT":"N 2","ROT_ANGLE":0,"NODE_ID":9199,"GLOBALID":"220ffa2d-1366-4a97-b97f-cff9028a1db2","CREATEDDATE":1520794199000,"LASTUPDATE":1643920956000}},{"type":"Feature","id":1076,"geometry":{"type":"Point","coordinates":[-89.2572434709373,48.4080588045645]},"properties":{"OBJECTID":1076,"LOC_ID":"PP0089","FDMID":2953,"X_COORD":332957.90127,"Y_COORD":5364116.14987,"BEAT":"N 2","ROT_ANGLE":0,"NODE_ID":10274,"GLOBALID":"ba35be8b-865b-4176-b57d-42e1162d308f","CREATEDDATE":1520794199000,"LASTUPDATE":1643920956000}},{"type":"Feature","id":1077,"geometry":{"type":"Point","coordinates":[-89.2251272448155,48.4065482365801]},"properties":{"OBJECTID":1077,"LOC_ID":"PC1078","FDMID":2792,"X_COORD":335329.57744,"Y_COORD":5363878.66865,"BEAT":"N 14","ROT_ANGLE":0,"NODE_ID":7309,"GLOBALID":"24212b07-999d-488f-ab9f-4b4936f75773","CREATEDDATE":1520794199000,"LASTUPDATE":1643920956000}},{"type":"Feature","id":1078,"geometry":{"type":"Point","coordinates":[-89.2596875125273,48.40452907092]},"properties":{"OBJECTID":1078,"LOC_ID":"PC1000","FDMID":2714,"X_COORD":332765.47401,"Y_COORD":5363729.18232,"BEAT":"N 1","ROT_ANGLE":0,"NODE_ID":3713,"GLOBALID":"6d750b8f-6b22-4b41-bf4a-6eaffa88a83c","CREATEDDATE":1520794199000,"LASTUPDATE":1643920956000}},{"type":"Feature","id":1079,"geometry":{"type":"Point","coordinates":[-89.2824632700977,48.402326158752]},"properties":{"OBJECTID":1079,"LOC_ID":"FC1145","FDMID":1134,"X_COORD":331072.66198,"Y_COORD":5363534.32075,"BEAT":"S 1","ROT_ANGLE":0,"NODE_ID":5740,"GLOBALID":"19b2eda6-43ef-4cc0-9313-f1ed9da8a07f","CREATEDDATE":1520794199000,"LASTUPDATE":1643920956000}},{"type":"Feature","id":1080,"geometry":{"type":"Point","coordinates":[-89.2467687598545,48.3978617900652]},"properties":{"OBJECTID":1080,"LOC_ID":"FC0110","FDMID":103,"X_COORD":333697.85238,"Y_COORD":5362907.30916,"BEAT":"S 9","ROT_ANGLE":0,"NODE_ID":10013,"GLOBALID":"d79102b9-5531-46fa-aac6-44c97dff4b5d","CREATEDDATE":1520794199000,"LASTUPDATE":1643920956000}},{"type":"Feature","id":1081,"geometry":{"type":"Point","coordinates":[-89.2387289622192,48.3961102617099]},"properties":{"OBJECTID":1081,"LOC_ID":"FC0710","FDMID":701,"X_COORD":334289.11536,"Y_COORD":5362747.90231,"BEAT":"S 11","ROT_ANGLE":0,"NODE_ID":2245,"GLOBALID":"9986c1e0-a856-40ba-9d4e-5fced51a1a50","CREATEDDATE":1520794199000,"LASTUPDATE":1643920956000}},{"type":"Feature","id":1082,"geometry":{"type":"Point","coordinates":[-89.2757590638822,48.3945442310982]},"properties":{"OBJECTID":1082,"LOC_ID":"FC0958","FDMID":949,"X_COORD":331534.19158,"Y_COORD":5362642.14846,"BEAT":"S 4","ROT_ANGLE":0,"NODE_ID":1432,"GLOBALID":"6789ae27-46ec-4a33-aed5-19fe197551c2","CREATEDDATE":1520794199000,"LASTUPDATE":1643920956000}},{"type":"Feature","id":1083,"geometry":{"type":"Point","coordinates":[-89.239241169865,48.3945551992948]},"properties":{"OBJECTID":1083,"LOC_ID":"FC0672","FDMID":664,"X_COORD":334249.76329,"Y_COORD":5362574.19198,"BEAT":"S 11","ROT_ANGLE":0,"NODE_ID":9908,"GLOBALID":"ae0e9a96-34d3-47af-a318-1880f029bd02","CREATEDDATE":1520794199000,"LASTUPDATE":1643920956000}},{"type":"Feature","id":1084,"geometry":{"type":"Point","coordinates":[-89.2893565881024,48.3928056817675]},"properties":{"OBJECTID":1084,"LOC_ID":"FC0880","FDMID":871,"X_COORD":330532.3686,"Y_COORD":5362494.25751,"BEAT":"S 4","ROT_ANGLE":0,"NODE_ID":734,"GLOBALID":"6c627300-5268-4ebf-9cd6-d02953d75488","CREATEDDATE":1520794199000,"LASTUPDATE":1643920956000}},{"type":"Feature","id":1085,"geometry":{"type":"Point","coordinates":[-89.2688025964204,48.3876687503839]},"properties":{"OBJECTID":1085,"LOC_ID":"FP0081","FDMID":0,"X_COORD":332035.39631,"Y_COORD":5361875.20932,"BEAT":null,"ROT_ANGLE":0,"NODE_ID":3485,"GLOBALID":"8a15273b-f939-48cd-98e5-cd33468afe26","CREATEDDATE":1520794199000,"LASTUPDATE":1643920956000}},{"type":"Feature","id":1086,"geometry":{"type":"Point","coordinates":[-89.2939632726617,48.3872735513493]},"properties":{"OBJECTID":1086,"LOC_ID":"FC1046","FDMID":1037,"X_COORD":330171.48898,"Y_COORD":5361886.77259,"BEAT":"S 1","ROT_ANGLE":0,"NODE_ID":2580,"GLOBALID":"1d6640ea-4a8d-47fb-91ca-32ca4f7c4aa0","CREATEDDATE":1520794199000,"LASTUPDATE":1643920956000}},{"type":"Feature","id":1087,"geometry":{"type":"Point","coordinates":[-89.2878220052877,48.387648913433]},"properties":{"OBJECTID":1087,"LOC_ID":"FC0893","FDMID":884,"X_COORD":330627.35945,"Y_COORD":5361914.89239,"BEAT":"S 1","ROT_ANGLE":0,"NODE_ID":8234,"GLOBALID":"a954089e-64d1-4938-87c7-bfcd87fb1e11","CREATEDDATE":1520794199000,"LASTUPDATE":1643920957000}},{"type":"Feature","id":1088,"geometry":{"type":"Point","coordinates":[-89.2429889009533,48.3850504065283]},"properties":{"OBJECTID":1088,"LOC_ID":"FC0506","FDMID":498,"X_COORD":333930.73328,"Y_COORD":5361531.14097,"BEAT":"S 10","ROT_ANGLE":0,"NODE_ID":8699,"GLOBALID":"fcfb9b0e-cfca-45b6-a37d-2d9f24cec2f6","CREATEDDATE":1520794199000,"LASTUPDATE":1671562228000}},{"type":"Feature","id":1089,"geometry":{"type":"Point","coordinates":[-89.2918396134014,48.3842871648934]},"properties":{"OBJECTID":1089,"LOC_ID":"FC0856","FDMID":847,"X_COORD":330318.77398,"Y_COORD":5361550.14641,"BEAT":"S 2","ROT_ANGLE":0,"NODE_ID":1042,"GLOBALID":"9b4c243b-31ec-4193-b34b-735e659095b7","CREATEDDATE":1520794199000,"LASTUPDATE":1643920957000}},{"type":"Feature","id":1090,"geometry":{"type":"Point","coordinates":[-89.2608811303261,48.3842702006019]},"properties":{"OBJECTID":1090,"LOC_ID":"FC0796","FDMID":787,"X_COORD":332610.65724,"Y_COORD":5361480.13732,"BEAT":"S 8","ROT_ANGLE":0,"NODE_ID":3620,"GLOBALID":"27bec67d-52eb-4b31-9f3f-deba8b6fedae","CREATEDDATE":1520794199000,"LASTUPDATE":1643920957000}},{"type":"Feature","id":1091,"geometry":{"type":"Point","coordinates":[-89.3035783005218,48.3830867479704]},"properties":{"OBJECTID":1091,"LOC_ID":"FC0833","FDMID":824,"X_COORD":329445.71925,"Y_COORD":5361442.79358,"BEAT":"S 2","ROT_ANGLE":0,"NODE_ID":406,"GLOBALID":"37a2904e-b3d9-489d-b9e9-95f9cee2046f","CREATEDDATE":1520794199000,"LASTUPDATE":1643920957000}},{"type":"Feature","id":1092,"geometry":{"type":"Point","coordinates":[-89.2448759365441,48.3832212830592]},"properties":{"OBJECTID":1092,"LOC_ID":"FC0301","FDMID":296,"X_COORD":333792.15049,"Y_COORD":5361328.69719,"BEAT":"S 10","ROT_ANGLE":0,"NODE_ID":8350,"GLOBALID":"e1772fb7-6a64-4fda-a3ae-c77fac6967b4","CREATEDDATE":1520794199000,"LASTUPDATE":1643920957000}},{"type":"Feature","id":1093,"geometry":{"type":"Point","coordinates":[-89.2551745332295,48.3807212497808]},"properties":{"OBJECTID":1093,"LOC_ID":"FC0603","FDMID":595,"X_COORD":333021.51702,"Y_COORD":5361073.2353,"BEAT":"S 10","ROT_ANGLE":0,"NODE_ID":7567,"GLOBALID":"4cb51453-616d-4516-81dd-bfaba3e81da0","CREATEDDATE":1520794199000,"LASTUPDATE":1643920957000}},{"type":"Feature","id":1094,"geometry":{"type":"Point","coordinates":[-89.282729074935,48.3799580471004]},"properties":{"OBJECTID":1094,"LOC_ID":"FC0068","FDMID":61,"X_COORD":330978.91247,"Y_COORD":5361048.85233,"BEAT":"S 5","ROT_ANGLE":0,"NODE_ID":175,"GLOBALID":"0c89176c-0885-4daa-8b31-f8de30fca71f","CREATEDDATE":1520794199000,"LASTUPDATE":1643920957000}},{"type":"Feature","id":1095,"geometry":{"type":"Point","coordinates":[-89.274615640654,48.3807423666396]},"properties":{"OBJECTID":1095,"LOC_ID":"FC0043","FDMID":22,"X_COORD":331565.3926,"Y_COORD":5361122.76926,"BEAT":"S 7","ROT_ANGLE":0,"NODE_ID":5557,"GLOBALID":"375f90c4-3a03-4c51-b297-4a58e09e9c8b","CREATEDDATE":1520794199000,"LASTUPDATE":1643920957000}},{"type":"Feature","id":1096,"geometry":{"type":"Point","coordinates":[-89.2949082872295,48.3751381619863]},"properties":{"OBJECTID":1096,"LOC_ID":"FC1064","FDMID":1055,"X_COORD":330061.13993,"Y_COORD":5360540.10148,"BEAT":"S 2","ROT_ANGLE":0,"NODE_ID":6181,"GLOBALID":"03ed980f-bbd6-4fa9-84b3-065861523044","CREATEDDATE":1520794199000,"LASTUPDATE":1643920957000}},{"type":"Feature","id":1097,"geometry":{"type":"Point","coordinates":[-89.2901889072981,48.3767841019116]},"properties":{"OBJECTID":1097,"LOC_ID":"FP0011","FDMID":3286,"X_COORD":330416.0591,"Y_COORD":5360712.57662,"BEAT":"S 2","ROT_ANGLE":0,"NODE_ID":9185,"GLOBALID":"550dd52a-3baa-4a42-92c4-21afa5f2cfeb","CREATEDDATE":1520794199000,"LASTUPDATE":1643920957000}},{"type":"Feature","id":1098,"geometry":{"type":"Point","coordinates":[-89.3608251609024,48.373506018348]},"properties":{"OBJECTID":1098,"LOC_ID":"NC0050","FDMID":1228,"X_COORD":325174.69205,"Y_COORD":5360507.05086,"BEAT":"S 13","ROT_ANGLE":0,"NODE_ID":1016,"GLOBALID":"471af88b-d289-42c1-a8a6-9cb1ca85da36","CREATEDDATE":1520794199000,"LASTUPDATE":1643920957000}},{"type":"Feature","id":1099,"geometry":{"type":"Point","coordinates":[-89.2591062793609,48.3734850206945]},"properties":{"OBJECTID":1099,"LOC_ID":"FC0681","FDMID":672,"X_COORD":332706.6918,"Y_COORD":5360277.55326,"BEAT":"S 8","ROT_ANGLE":0,"NODE_ID":7238,"GLOBALID":"8b5251c1-9876-42e6-889e-d1c7afa4b614","CREATEDDATE":1520794199000,"LASTUPDATE":1643920957000}},{"type":"Feature","id":1100,"geometry":{"type":"Point","coordinates":[-89.2705548068497,48.3704575838557]},"properties":{"OBJECTID":1100,"LOC_ID":"FC0165","FDMID":161,"X_COORD":331848.98428,"Y_COORD":5359966.14538,"BEAT":"S 8","ROT_ANGLE":0,"NODE_ID":3686,"GLOBALID":"81f709bf-4603-4986-9cf7-80fe8c9a68c7","CREATEDDATE":1520794199000,"LASTUPDATE":1644002758000}},{"type":"Feature","id":1101,"geometry":{"type":"Point","coordinates":[-89.2976109855048,48.3683226265948]},"properties":{"OBJECTID":1101,"LOC_ID":"FC0176","FDMID":172,"X_COORD":329838.29961,"Y_COORD":5359788.60068,"BEAT":"S 2","ROT_ANGLE":0,"NODE_ID":4418,"GLOBALID":"5ad9f6ac-0884-45a0-a7b1-d4633f956a17","CREATEDDATE":1520794199000,"LASTUPDATE":1643920957000}},{"type":"Feature","id":1102,"geometry":{"type":"Point","coordinates":[-89.3016376537917,48.3640619043611]},"properties":{"OBJECTID":1102,"LOC_ID":"FC0312","FDMID":307,"X_COORD":329529.88463,"Y_COORD":5359324.04081,"BEAT":"S 3","ROT_ANGLE":0,"NODE_ID":4275,"GLOBALID":"f7057458-0460-4157-8bec-7d984b88f72e","CREATEDDATE":1520794199000,"LASTUPDATE":1643920957000}},{"type":"Feature","id":1103,"geometry":{"type":"Point","coordinates":[-89.3591910272367,48.3577644031356]},"properties":{"OBJECTID":1103,"LOC_ID":"NC0107","FDMID":1286,"X_COORD":325241.83829,"Y_COORD":5358753.75498,"BEAT":"S 15","ROT_ANGLE":0,"NODE_ID":9310,"GLOBALID":"3b467e69-2af7-4a0e-ab27-316472876f83","CREATEDDATE":1520794199000,"LASTUPDATE":1643920957000}},{"type":"Feature","id":1104,"geometry":{"type":"Point","coordinates":[-89.3738666926918,48.3590735493429]},"properties":{"OBJECTID":1104,"LOC_ID":"NC0096","FDMID":1274,"X_COORD":324159.31951,"Y_COORD":5358932.83057,"BEAT":"S 14","ROT_ANGLE":0,"NODE_ID":1289,"GLOBALID":"2250f388-ec0a-4314-9715-9a4a5da5f530","CREATEDDATE":1520794199000,"LASTUPDATE":1643920957000}},{"type":"Feature","id":1105,"geometry":{"type":"Point","coordinates":[-89.3803351722285,48.3596598671904]},"properties":{"OBJECTID":1105,"LOC_ID":"NC0092","FDMID":1270,"X_COORD":323682.23253,"Y_COORD":5359012.85949,"BEAT":"S 14","ROT_ANGLE":0,"NODE_ID":3905,"GLOBALID":"385214cd-b227-461a-8792-a3b88a935d9d","CREATEDDATE":1520794199000,"LASTUPDATE":1643920957000}},{"type":"Feature","id":1106,"geometry":{"type":"Point","coordinates":[-89.3334132230425,48.3420700222654]},"properties":{"OBJECTID":1106,"LOC_ID":"NC0160","FDMID":1337,"X_COORD":327098.12962,"Y_COORD":5356950.96048,"BEAT":"S 15","ROT_ANGLE":0,"NODE_ID":4700,"GLOBALID":"2ad76bdb-b875-4f6b-ad44-847f5c6b7bc5","CREATEDDATE":1520794199000,"LASTUPDATE":1643920957000}},{"type":"Feature","id":1107,"geometry":{"type":"Point","coordinates":[-89.3296490604599,48.3290149685377]},"properties":{"OBJECTID":1107,"LOC_ID":"NC0572","FDMID":3621,"X_COORD":327332.93538,"Y_COORD":5355491.51396,"BEAT":"S 17","ROT_ANGLE":0,"NODE_ID":469,"GLOBALID":"a90cce61-80e4-4e6f-aae1-d27e28ab106a","CREATEDDATE":1520794199000,"LASTUPDATE":1643920957000}},{"type":"Feature","id":1108,"geometry":{"type":"Point","coordinates":[-89.3234930502381,48.3384738167232]},"properties":{"OBJECTID":1108,"LOC_ID":"NC0221","FDMID":1398,"X_COORD":327821.04725,"Y_COORD":5356528.93271,"BEAT":"S 17","ROT_ANGLE":0,"NODE_ID":6681,"GLOBALID":"f7dd6763-6218-4347-8478-dddb20a326bd","CREATEDDATE":1520794199000,"LASTUPDATE":1643920957000}},{"type":"Feature","id":1109,"geometry":{"type":"Point","coordinates":[-89.3583158613478,48.3252667297214]},"properties":{"OBJECTID":1109,"LOC_ID":"NC0477","FDMID":1650,"X_COORD":325195.54146,"Y_COORD":5355139.89591,"BEAT":"S 16","ROT_ANGLE":0,"NODE_ID":651,"GLOBALID":"f44e21fb-7bdd-4551-ac87-0d75eccebe7a","CREATEDDATE":1520794199000,"LASTUPDATE":1643920957000}},{"type":"Feature","id":1110,"geometry":{"type":"Point","coordinates":[-89.3635345748817,48.3153784305585]},"properties":{"OBJECTID":1110,"LOC_ID":"NC0176","FDMID":1353,"X_COORD":324774.86178,"Y_COORD":5354052.80931,"BEAT":"S 16","ROT_ANGLE":0,"NODE_ID":395,"GLOBALID":"35c4633f-9516-46ee-85f1-3f067dbc1e26","CREATEDDATE":1520794199000,"LASTUPDATE":1643920957000}},{"type":"Feature","id":1111,"geometry":{"type":"Point","coordinates":[-89.18244093621,48.4662339716815]},"properties":{"OBJECTID":1111,"LOC_ID":"PC0048","FDMID":1772,"X_COORD":338677.58717,"Y_COORD":5370421.52203,"BEAT":"N 11","ROT_ANGLE":0,"NODE_ID":7577,"GLOBALID":"f8ff5119-a749-41c1-b739-44fe915ea5e1","CREATEDDATE":1520794199000,"LASTUPDATE":1644265895000}},{"type":"Feature","id":1112,"geometry":{"type":"Point","coordinates":[-89.2364040513234,48.4611440854767]},"properties":{"OBJECTID":1112,"LOC_ID":"MC0157","FDMID":3154,"X_COORD":334672.36579,"Y_COORD":5369971.02373,"BEAT":"N 12","ROT_ANGLE":0,"NODE_ID":1653,"GLOBALID":"7f8158e6-10b8-443c-85df-72dc19016f73","CREATEDDATE":1520794199000,"LASTUPDATE":1643920957000}},{"type":"Feature","id":1113,"geometry":{"type":"Point","coordinates":[-89.251799510413,48.4549487066464]},"properties":{"OBJECTID":1113,"LOC_ID":"MC0062","FDMID":3059,"X_COORD":333514.03875,"Y_COORD":5369315.82296,"BEAT":"N 12","ROT_ANGLE":0,"NODE_ID":1677,"GLOBALID":"7c150f74-c13e-4bd4-9e13-684e11a81981","CREATEDDATE":1520794199000,"LASTUPDATE":1643920957000}},{"type":"Feature","id":1114,"geometry":{"type":"Point","coordinates":[-89.1786096096194,48.4545758755474]},"properties":{"OBJECTID":1114,"LOC_ID":"PP0024","FDMID":2894,"X_COORD":338923.86506,"Y_COORD":5369117.71659,"BEAT":"N 14","ROT_ANGLE":0,"NODE_ID":2207,"GLOBALID":"94ed5c76-501b-44f0-b2ed-c09b8b5d0a6a","CREATEDDATE":1520794199000,"LASTUPDATE":1643920957000}},{"type":"Feature","id":1115,"geometry":{"type":"Point","coordinates":[-89.2845115152707,48.4482049838244]},"properties":{"OBJECTID":1115,"LOC_ID":"MC0306","FDMID":3563,"X_COORD":331073.26127,"Y_COORD":5368637.98437,"BEAT":"N 13","ROT_ANGLE":0,"NODE_ID":2513,"GLOBALID":"e533a3a6-ae0f-4b9f-be69-495524b55dd6","CREATEDDATE":1520794199000,"LASTUPDATE":1643920957000}},{"type":"Feature","id":1116,"geometry":{"type":"Point","coordinates":[-89.217031958673,48.4479135556605]},"properties":{"OBJECTID":1116,"LOC_ID":"PC0104","FDMID":1827,"X_COORD":336061.78787,"Y_COORD":5368458.82533,"BEAT":"N 10","ROT_ANGLE":0,"NODE_ID":8924,"GLOBALID":"7afebeaf-e6f0-4f2f-a964-0d5db6b894d6","CREATEDDATE":1520794199000,"LASTUPDATE":1643920958000}},{"type":"Feature","id":1117,"geometry":{"type":"Point","coordinates":[-89.2520119158908,48.4420117271662]},"properties":{"OBJECTID":1117,"LOC_ID":"PC0819","FDMID":2535,"X_COORD":333456.02044,"Y_COORD":5367878.41752,"BEAT":"N 4","ROT_ANGLE":0,"NODE_ID":4694,"GLOBALID":"f89fb57f-6347-45cf-b70f-fc05b503fe0a","CREATEDDATE":1520794199000,"LASTUPDATE":1643920958000}},{"type":"Feature","id":1118,"geometry":{"type":"Point","coordinates":[-89.2285643461648,48.4413913826975]},"properties":{"OBJECTID":1118,"LOC_ID":"PC0339","FDMID":2062,"X_COORD":335187.96028,"Y_COORD":5367758.70168,"BEAT":"N 6","ROT_ANGLE":0,"NODE_ID":6675,"GLOBALID":"4e68208e-b291-4552-b23f-03960abd6f15","CREATEDDATE":1520794199000,"LASTUPDATE":1644364762000}},{"type":"Feature","id":1119,"geometry":{"type":"Point","coordinates":[-89.2345315342112,48.4379001951605]},"properties":{"OBJECTID":1119,"LOC_ID":"PC0479","FDMID":2201,"X_COORD":334735.35843,"Y_COORD":5367383.53675,"BEAT":"N 6","ROT_ANGLE":0,"NODE_ID":1580,"GLOBALID":"9bfa3751-3220-4ed8-b085-6abbeff96524","CREATEDDATE":1520794199000,"LASTUPDATE":1643920958000}},{"type":"Feature","id":1120,"geometry":{"type":"Point","coordinates":[-89.2291213036309,48.4364688576072]},"properties":{"OBJECTID":1120,"LOC_ID":"PC0459","FDMID":2181,"X_COORD":335128.67888,"Y_COORD":5367205.23198,"BEAT":"N 6","ROT_ANGLE":0,"NODE_ID":3647,"GLOBALID":"05ccb753-d3e2-46e0-93d7-11474b55b49c","CREATEDDATE":1520794199000,"LASTUPDATE":1643920958000}},{"type":"Feature","id":1121,"geometry":{"type":"Point","coordinates":[-89.2431286987671,48.4307797482419]},"properties":{"OBJECTID":1121,"LOC_ID":"PC0588","FDMID":2307,"X_COORD":334076.36681,"Y_COORD":5366610.72805,"BEAT":"N 5","ROT_ANGLE":0,"NODE_ID":3565,"GLOBALID":"e34ea18e-1e2c-44aa-b4e4-492189107127","CREATEDDATE":1520794199000,"LASTUPDATE":1643920958000}},{"type":"Feature","id":1122,"geometry":{"type":"Point","coordinates":[-89.2314146510456,48.4315024554864]},"properties":{"OBJECTID":1122,"LOC_ID":"PC0567","FDMID":2287,"X_COORD":334945.15222,"Y_COORD":5366665.72043,"BEAT":"N 6","ROT_ANGLE":0,"NODE_ID":2738,"GLOBALID":"8adb4b61-dbb3-4d3f-ab95-779673ef55db","CREATEDDATE":1520794199000,"LASTUPDATE":1643920958000}},{"type":"Feature","id":1123,"geometry":{"type":"Point","coordinates":[-89.2662420452107,48.4220381702693]},"properties":{"OBJECTID":1123,"LOC_ID":"PC1090","FDMID":2804,"X_COORD":332337.99574,"Y_COORD":5365689.52049,"BEAT":"N 1","ROT_ANGLE":0,"NODE_ID":5523,"GLOBALID":"33346f8b-2c0b-468d-9b56-9be95b704279","CREATEDDATE":1520794199000,"LASTUPDATE":1643920958000}},{"type":"Feature","id":1124,"geometry":{"type":"Point","coordinates":[-89.2391189205609,48.4202777479445]},"properties":{"OBJECTID":1124,"LOC_ID":"PC0699","FDMID":2418,"X_COORD":334338.81212,"Y_COORD":5365434.80152,"BEAT":"N 3","ROT_ANGLE":0,"NODE_ID":5526,"GLOBALID":"645d168d-0b6a-4e1e-a2cd-ca566284c240","CREATEDDATE":1520794199000,"LASTUPDATE":1644351561000}},{"type":"Feature","id":1125,"geometry":{"type":"Point","coordinates":[-89.2363415081182,48.4163975930713]},"properties":{"OBJECTID":1125,"LOC_ID":"PC0830","FDMID":2546,"X_COORD":334531.68944,"Y_COORD":5364997.53918,"BEAT":"N 2","ROT_ANGLE":0,"NODE_ID":7263,"GLOBALID":"d11e2367-cae2-4523-93ee-f10bf9ae1c1f","CREATEDDATE":1520794199000,"LASTUPDATE":1644351650000}},{"type":"Feature","id":1126,"geometry":{"type":"Point","coordinates":[-89.2520890749289,48.4153542618928]},"properties":{"OBJECTID":1126,"LOC_ID":"PP0110","FDMID":2974,"X_COORD":333363.16284,"Y_COORD":5364915.74564,"BEAT":"N 2","ROT_ANGLE":0,"NODE_ID":534,"GLOBALID":"eacab1c3-5584-4cce-b5a6-ffd7c2314a5f","CREATEDDATE":1520794199000,"LASTUPDATE":1643920958000}},{"type":"Feature","id":1127,"geometry":{"type":"Point","coordinates":[-89.2540336573827,48.4169747748251]},"properties":{"OBJECTID":1127,"LOC_ID":"PC1159","FDMID":3342,"X_COORD":333224.5862,"Y_COORD":5365100.0874,"BEAT":"N 3","ROT_ANGLE":0,"NODE_ID":5587,"GLOBALID":"40a30d93-6720-4f84-b3cc-a3c7ff6b68c3","CREATEDDATE":1520794199000,"LASTUPDATE":1643920958000}},{"type":"Feature","id":1128,"geometry":{"type":"Point","coordinates":[-89.2778184235825,48.4167546596299]},"properties":{"OBJECTID":1128,"LOC_ID":"PC1231","FDMID":0,"X_COORD":331464.12002,"Y_COORD":5365127.71006,"BEAT":null,"ROT_ANGLE":0,"NODE_ID":7503,"GLOBALID":"e5c151cb-4c02-4c76-9d63-341df5fe7773","CREATEDDATE":1520794199000,"LASTUPDATE":1643920958000}},{"type":"Feature","id":1129,"geometry":{"type":"Point","coordinates":[-89.2411293448128,48.4063244812174]},"properties":{"OBJECTID":1129,"LOC_ID":"PC0725","FDMID":2442,"X_COORD":334144.67785,"Y_COORD":5363888.34008,"BEAT":"N 2","ROT_ANGLE":0,"NODE_ID":3054,"GLOBALID":"629632b7-e420-4776-a331-3058255f273d","CREATEDDATE":1520794199000,"LASTUPDATE":1644351686000}},{"type":"Feature","id":1130,"geometry":{"type":"Point","coordinates":[-89.2566028375717,48.4054986298369]},"properties":{"OBJECTID":1130,"LOC_ID":"PP0117","FDMID":2981,"X_COORD":332996.92643,"Y_COORD":5363830.20913,"BEAT":"N 2","ROT_ANGLE":0,"NODE_ID":10015,"GLOBALID":"c98940b5-10cc-4650-b7cf-129896053c2f","CREATEDDATE":1520794199000,"LASTUPDATE":1643920958000}},{"type":"Feature","id":1131,"geometry":{"type":"Point","coordinates":[-89.283247012514,48.4034925014857]},"properties":{"OBJECTID":1131,"LOC_ID":"FC1121","FDMID":1110,"X_COORD":331018.52566,"Y_COORD":5363665.68075,"BEAT":"S 1","ROT_ANGLE":0,"NODE_ID":1049,"GLOBALID":"5daf2285-961d-4aa0-bd2c-99f6d0dee976","CREATEDDATE":1520794199000,"LASTUPDATE":1643920958000}},{"type":"Feature","id":1132,"geometry":{"type":"Point","coordinates":[-89.2858803155485,48.3980513824211]},"properties":{"OBJECTID":1132,"LOC_ID":"FC1001","FDMID":992,"X_COORD":330805.591,"Y_COORD":5363066.75467,"BEAT":"S 4","ROT_ANGLE":0,"NODE_ID":8206,"GLOBALID":"204a3a33-aad9-4dc8-b35b-62cb4d49b8be","CREATEDDATE":1520794199000,"LASTUPDATE":1643920958000}},{"type":"Feature","id":1133,"geometry":{"type":"Point","coordinates":[-89.2745238593213,48.3973526497608]},"properties":{"OBJECTID":1133,"LOC_ID":"FC0849","FDMID":840,"X_COORD":331646.27426,"Y_COORD":5362966.01764,"BEAT":"S 4","ROT_ANGLE":0,"NODE_ID":4887,"GLOBALID":"5df7b5eb-92ee-4c89-8fff-91b6e02ffab8","CREATEDDATE":1520794199000,"LASTUPDATE":1673474127000}},{"type":"Feature","id":1134,"geometry":{"type":"Point","coordinates":[-89.2930560360323,48.3964432534585]},"properties":{"OBJECTID":1134,"LOC_ID":"FC1104","FDMID":1093,"X_COORD":330269.14121,"Y_COORD":5362903.90513,"BEAT":"S 1","ROT_ANGLE":0,"NODE_ID":7221,"GLOBALID":"9b3c48f7-9457-4ce8-92aa-568c21503627","CREATEDDATE":1520794199000,"LASTUPDATE":1643920958000}},{"type":"Feature","id":1135,"geometry":{"type":"Point","coordinates":[-89.2823907279414,48.3939906455659]},"properties":{"OBJECTID":1135,"LOC_ID":"FC0935","FDMID":926,"X_COORD":331050.42223,"Y_COORD":5362607.73233,"BEAT":"S 4","ROT_ANGLE":0,"NODE_ID":10443,"GLOBALID":"68e83381-40f4-4346-9fbd-768938976478","CREATEDDATE":1520794199000,"LASTUPDATE":1643920958000}},{"type":"Feature","id":1136,"geometry":{"type":"Point","coordinates":[-89.2429033083819,48.39096433807]},"properties":{"OBJECTID":1136,"LOC_ID":"FC0638","FDMID":630,"X_COORD":333963.40272,"Y_COORD":5362185.01105,"BEAT":"S 11","ROT_ANGLE":0,"NODE_ID":8237,"GLOBALID":"c9b404c0-2bde-4577-bed6-7b407268db6e","CREATEDDATE":1520794199000,"LASTUPDATE":1643920958000}},{"type":"Feature","id":1137,"geometry":{"type":"Point","coordinates":[-89.2800858059848,48.386369657278]},"properties":{"OBJECTID":1137,"LOC_ID":"FC0863","FDMID":854,"X_COORD":331192.57391,"Y_COORD":5361756.11915,"BEAT":"S 5","ROT_ANGLE":0,"NODE_ID":5555,"GLOBALID":"bfa20b39-b71a-43b2-9c51-8203863516fc","CREATEDDATE":1520794199000,"LASTUPDATE":1643920958000}},{"type":"Feature","id":1138,"geometry":{"type":"Point","coordinates":[-89.2457348633937,48.3855016382314]},"properties":{"OBJECTID":1138,"LOC_ID":"FC0504","FDMID":496,"X_COORD":333735.99433,"Y_COORD":5361584.00907,"BEAT":"S 10","ROT_ANGLE":0,"NODE_ID":8263,"GLOBALID":"7cafc926-acb1-4742-a813-a48a6b231d9c","CREATEDDATE":1520794199000,"LASTUPDATE":1643920958000}},{"type":"Feature","id":1139,"geometry":{"type":"Point","coordinates":[-89.2453814657529,48.3839959696688]},"properties":{"OBJECTID":1139,"LOC_ID":"FC0765","FDMID":756,"X_COORD":333757.24899,"Y_COORD":5361415.89591,"BEAT":"S 10","ROT_ANGLE":0,"NODE_ID":null,"GLOBALID":"40824818-2e44-42cc-9fba-dfdac3eefd95","CREATEDDATE":1520794199000,"LASTUPDATE":1643920958000}},{"type":"Feature","id":1140,"geometry":{"type":"Point","coordinates":[-89.3393760070025,48.3806745560774]},"properties":{"OBJECTID":1140,"LOC_ID":"NC0026","FDMID":1204,"X_COORD":326787.27522,"Y_COORD":5361255.04983,"BEAT":"S 13","ROT_ANGLE":0,"NODE_ID":2312,"GLOBALID":"c65cc42e-6097-476d-9aa5-286cdced97bc","CREATEDDATE":1520794199000,"LASTUPDATE":1643920958000}},{"type":"Feature","id":1141,"geometry":{"type":"Point","coordinates":[-89.2523752545845,48.3807198655922]},"properties":{"OBJECTID":1141,"LOC_ID":"FC0140","FDMID":133,"X_COORD":333228.76591,"Y_COORD":5361066.98199,"BEAT":"S 10","ROT_ANGLE":0,"NODE_ID":7296,"GLOBALID":"5ef27f48-9db6-4802-b750-1daa92538806","CREATEDDATE":1520794199000,"LASTUPDATE":1643920958000}},{"type":"Feature","id":1142,"geometry":{"type":"Point","coordinates":[-89.2645912823863,48.3760396564649]},"properties":{"OBJECTID":1142,"LOC_ID":"FC0527","FDMID":519,"X_COORD":332308.01404,"Y_COORD":5360573.61751,"BEAT":"S 8","ROT_ANGLE":0,"NODE_ID":6857,"GLOBALID":"1fa0627b-400a-4145-89a5-53cae184cce1","CREATEDDATE":1520794199000,"LASTUPDATE":1676513768000}},{"type":"Feature","id":1143,"geometry":{"type":"Point","coordinates":[-89.2565161399669,48.3758700465252]},"properties":{"OBJECTID":1143,"LOC_ID":"FC0256","FDMID":251,"X_COORD":332904.7142,"Y_COORD":5360538.85911,"BEAT":"S 10","ROT_ANGLE":0,"NODE_ID":9987,"GLOBALID":"cc68bc8a-cef5-4772-9550-2f4ebef06edb","CREATEDDATE":1520794199000,"LASTUPDATE":1643920958000}},{"type":"Feature","id":1144,"geometry":{"type":"Point","coordinates":[-89.2615278919445,48.3727037752013]},"properties":{"OBJECTID":1144,"LOC_ID":"FC0707","FDMID":698,"X_COORD":332524.81251,"Y_COORD":5360196.0147,"BEAT":"S 8","ROT_ANGLE":0,"NODE_ID":9560,"GLOBALID":"2603b072-25d7-4eaf-bd06-b3193b5bc19e","CREATEDDATE":1520794199000,"LASTUPDATE":1643920958000}},{"type":"Feature","id":1145,"geometry":{"type":"Point","coordinates":[-89.2948852846668,48.3703169269961]},"properties":{"OBJECTID":1145,"LOC_ID":"FC0542","FDMID":534,"X_COORD":330044.4134,"Y_COORD":5359982.30922,"BEAT":"S 2","ROT_ANGLE":0,"NODE_ID":5222,"GLOBALID":"ae19264a-146c-4591-bb04-bbf05a3a79ce","CREATEDDATE":1520794199000,"LASTUPDATE":1644003678000}},{"type":"Feature","id":1146,"geometry":{"type":"Point","coordinates":[-89.3509793467398,48.3626037233173]},"properties":{"OBJECTID":1146,"LOC_ID":"NC0200","FDMID":1377,"X_COORD":325866.57941,"Y_COORD":5359272.91249,"BEAT":"S 15","ROT_ANGLE":0,"NODE_ID":7987,"GLOBALID":"4d718e90-d4df-476f-bd30-c285714a428b","CREATEDDATE":1520794199000,"LASTUPDATE":1643920959000}},{"type":"Feature","id":1147,"geometry":{"type":"Point","coordinates":[-89.2976011212825,48.3661829657777]},"properties":{"OBJECTID":1147,"LOC_ID":"FC0175","FDMID":171,"X_COORD":329831.90038,"Y_COORD":5359550.77028,"BEAT":"S 3","ROT_ANGLE":0,"NODE_ID":6425,"GLOBALID":"0009e77d-9f14-4d67-b943-e548509faa90","CREATEDDATE":1520794199000,"LASTUPDATE":1643920959000}},{"type":"Feature","id":1148,"geometry":{"type":"Point","coordinates":[-89.3721627463736,48.3636224107706]},"properties":{"OBJECTID":1148,"LOC_ID":"NC0074","FDMID":1252,"X_COORD":324301.17499,"Y_COORD":5359434.49303,"BEAT":"S 14","ROT_ANGLE":0,"NODE_ID":5195,"GLOBALID":"a21d3767-1785-44e0-ad7a-4bb9bb96eadb","CREATEDDATE":1520794199000,"LASTUPDATE":1643920959000}},{"type":"Feature","id":1149,"geometry":{"type":"Point","coordinates":[-89.2920646279672,48.3640734489153]},"properties":{"OBJECTID":1149,"LOC_ID":"FC0317","FDMID":312,"X_COORD":330234.92169,"Y_COORD":5359304.0321,"BEAT":"S 3","ROT_ANGLE":0,"NODE_ID":5618,"GLOBALID":"daff2fec-435f-487a-9c2f-20746da559a3","CREATEDDATE":1520794199000,"LASTUPDATE":1644003859000}},{"type":"Feature","id":1150,"geometry":{"type":"Point","coordinates":[-89.3269104083735,48.3541843866509]},"properties":{"OBJECTID":1150,"LOC_ID":"NC0135","FDMID":1313,"X_COORD":327620.8125,"Y_COORD":5358282.73341,"BEAT":"S 15","ROT_ANGLE":0,"NODE_ID":4742,"GLOBALID":"fa420635-9a41-4ccd-8bc1-64a9cb27e98e","CREATEDDATE":1520794199000,"LASTUPDATE":1643920959000}},{"type":"Feature","id":1151,"geometry":{"type":"Point","coordinates":[-89.2951263303779,48.3613064221818]},"properties":{"OBJECTID":1151,"LOC_ID":"FC0549","FDMID":541,"X_COORD":329998.54972,"Y_COORD":5359002.70474,"BEAT":"S 3","ROT_ANGLE":0,"NODE_ID":1858,"GLOBALID":"78515de3-5545-4150-87a2-750fcb7d9c83","CREATEDDATE":1520794199000,"LASTUPDATE":1643920959000}},{"type":"Feature","id":1152,"geometry":{"type":"Point","coordinates":[-89.3062577838292,48.3560320816762]},"properties":{"OBJECTID":1152,"LOC_ID":"FC0589","FDMID":581,"X_COORD":329156.85423,"Y_COORD":5358441.83537,"BEAT":"S 15","ROT_ANGLE":0,"NODE_ID":4037,"GLOBALID":"295baa0b-b1e8-46c0-921e-219b1b3188ec","CREATEDDATE":1520794199000,"LASTUPDATE":1643920959000}},{"type":"Feature","id":1153,"geometry":{"type":"Point","coordinates":[-89.3692352717266,48.3167392603072]},"properties":{"OBJECTID":1153,"LOC_ID":"NC0469","FDMID":1642,"X_COORD":324356.92872,"Y_COORD":5354217.0968,"BEAT":"S 16","ROT_ANGLE":0,"NODE_ID":9552,"GLOBALID":"278f45cb-0e32-40ec-8dcb-b88260c59a62","CREATEDDATE":1520794199000,"LASTUPDATE":1643920959000}},{"type":"Feature","id":1154,"geometry":{"type":"Point","coordinates":[-89.3637401890031,48.3214752867983]},"properties":{"OBJECTID":1154,"LOC_ID":"NC0528","FDMID":3454,"X_COORD":324780.50888,"Y_COORD":5354730.89187,"BEAT":"S 16","ROT_ANGLE":0,"NODE_ID":9922,"GLOBALID":"0c6d4431-7403-414b-8a33-2bd8c565df14","CREATEDDATE":1520794199000,"LASTUPDATE":1643920959000}},{"type":"Feature","id":1155,"geometry":{"type":"Point","coordinates":[-89.3786526557412,48.3113068812649]},"properties":{"OBJECTID":1155,"LOC_ID":"NP0070","FDMID":3610,"X_COORD":323640.08418,"Y_COORD":5353634.95127,"BEAT":"S 16","ROT_ANGLE":0,"NODE_ID":8976,"GLOBALID":"40534a69-2738-4127-a6bb-16c2491897db","CREATEDDATE":1520794199000,"LASTUPDATE":1643920959000}},{"type":"Feature","id":1156,"geometry":{"type":"Point","coordinates":[-89.3418252985771,48.3129730826389]},"properties":{"OBJECTID":1156,"LOC_ID":"NC0371","FDMID":1546,"X_COORD":326376.06037,"Y_COORD":5353736.09226,"BEAT":"S 17","ROT_ANGLE":0,"NODE_ID":1285,"GLOBALID":"464baed0-9c08-4824-8216-43937d187467","CREATEDDATE":1520794199000,"LASTUPDATE":1643920959000}},{"type":"Feature","id":1157,"geometry":{"type":"Point","coordinates":[-89.1836406739165,48.4773288010377]},"properties":{"OBJECTID":1157,"LOC_ID":"PC1188","FDMID":3391,"X_COORD":338624.10314,"Y_COORD":5371657.2069,"BEAT":"N 11","ROT_ANGLE":0,"NODE_ID":6810,"GLOBALID":"57e74fb5-7c76-4d13-bb4b-bd8caf5bf231","CREATEDDATE":1520794199000,"LASTUPDATE":1643920959000}},{"type":"Feature","id":1158,"geometry":{"type":"Point","coordinates":[-89.244659209333,48.4618913378452]},"properties":{"OBJECTID":1158,"LOC_ID":"MC0098","FDMID":3095,"X_COORD":334064.56419,"Y_COORD":5370071.94098,"BEAT":"N 12","ROT_ANGLE":0,"NODE_ID":5941,"GLOBALID":"1fe41eec-2fd4-4907-b0be-2a1e2f7db70f","CREATEDDATE":1520794199000,"LASTUPDATE":1643920959000}},{"type":"Feature","id":1159,"geometry":{"type":"Point","coordinates":[-89.2351365437759,48.4593578400215]},"properties":{"OBJECTID":1159,"LOC_ID":"MP0004","FDMID":3247,"X_COORD":334760.2639,"Y_COORD":5369769.75934,"BEAT":"N 12","ROT_ANGLE":0,"NODE_ID":3343,"GLOBALID":"f903a223-7068-4786-943e-530da4bc372c","CREATEDDATE":1520794199000,"LASTUPDATE":1643920959000}},{"type":"Feature","id":1160,"geometry":{"type":"Point","coordinates":[-89.2579618239988,48.45709103437]},"properties":{"OBJECTID":1160,"LOC_ID":"MC0123","FDMID":3120,"X_COORD":333065.48527,"Y_COORD":5369567.35269,"BEAT":"N 12","ROT_ANGLE":0,"NODE_ID":829,"GLOBALID":"9a0e6c9c-4041-484e-bab1-bc2319bf6b12","CREATEDDATE":1520794199000,"LASTUPDATE":1643920959000}},{"type":"Feature","id":1161,"geometry":{"type":"Point","coordinates":[-89.2820179498678,48.4554009877873]},"properties":{"OBJECTID":1161,"LOC_ID":"MC0315","FDMID":3599,"X_COORD":331281.48732,"Y_COORD":5369432.27736,"BEAT":"N 15","ROT_ANGLE":0,"NODE_ID":1751,"GLOBALID":"dea9f6f9-3dec-4372-9394-50d36af19e4d","CREATEDDATE":1520794199000,"LASTUPDATE":1643920959000}},{"type":"Feature","id":1162,"geometry":{"type":"Point","coordinates":[-89.2024114764315,48.4490109715333]},"properties":{"OBJECTID":1162,"LOC_ID":"PC0159","FDMID":1882,"X_COORD":337146.35389,"Y_COORD":5368549.58373,"BEAT":"N 10","ROT_ANGLE":0,"NODE_ID":8276,"GLOBALID":"d4f8d6fb-fcd5-48e0-93f1-988e2715d132","CREATEDDATE":1520794199000,"LASTUPDATE":1644367222000}},{"type":"Feature","id":1163,"geometry":{"type":"Point","coordinates":[-89.2256591867164,48.4471308436173]},"properties":{"OBJECTID":1163,"LOC_ID":"PC0382","FDMID":2105,"X_COORD":335421.34729,"Y_COORD":5368390.35608,"BEAT":"N 8","ROT_ANGLE":0,"NODE_ID":1589,"GLOBALID":"214acb03-d52a-4f84-84d5-afa0bb2529d0","CREATEDDATE":1520794199000,"LASTUPDATE":1643920959000}},{"type":"Feature","id":1164,"geometry":{"type":"Point","coordinates":[-89.255877123942,48.4417106587362]},"properties":{"OBJECTID":1164,"LOC_ID":"PC0655","FDMID":2374,"X_COORD":333169.20444,"Y_COORD":5367853.37406,"BEAT":"N 4","ROT_ANGLE":0,"NODE_ID":815,"GLOBALID":"77f40694-b20d-4f85-bfe7-04e288131a95","CREATEDDATE":1520794199000,"LASTUPDATE":1643920959000}},{"type":"Feature","id":1165,"geometry":{"type":"Point","coordinates":[-89.2316665077531,48.4402916062724]},"properties":{"OBJECTID":1165,"LOC_ID":"PC0330","FDMID":2053,"X_COORD":334953.99574,"Y_COORD":5367643.55057,"BEAT":"N 6","ROT_ANGLE":0,"NODE_ID":6741,"GLOBALID":"efc53439-4f27-421d-9b9d-23805fbf50a2","CREATEDDATE":1520794199000,"LASTUPDATE":1643920959000}},{"type":"Feature","id":1166,"geometry":{"type":"Point","coordinates":[-89.2584299301154,48.440053233386]},"properties":{"OBJECTID":1166,"LOC_ID":"PC1008","FDMID":2722,"X_COORD":332974.98979,"Y_COORD":5367674.72677,"BEAT":"N 4","ROT_ANGLE":0,"NODE_ID":3994,"GLOBALID":"c71c6600-d08b-4e13-afce-b7b3c45e4019","CREATEDDATE":1520794199000,"LASTUPDATE":1643920959000}},{"type":"Feature","id":1167,"geometry":{"type":"Point","coordinates":[-89.2291055050266,48.4377984551523]},"properties":{"OBJECTID":1167,"LOC_ID":"PC0468","FDMID":2190,"X_COORD":335136.31766,"Y_COORD":5367360.52312,"BEAT":"N 6","ROT_ANGLE":0,"NODE_ID":4183,"GLOBALID":"1e9eba81-160a-4993-9e2b-d0776fe6ad9b","CREATEDDATE":1520794199000,"LASTUPDATE":1643920959000}},{"type":"Feature","id":1168,"geometry":{"type":"Point","coordinates":[-89.2200091240797,48.4376010931768]},"properties":{"OBJECTID":1168,"LOC_ID":"PC0397","FDMID":2120,"X_COORD":335808.41929,"Y_COORD":5367319.02987,"BEAT":"N7","ROT_ANGLE":0,"NODE_ID":6563,"GLOBALID":"0cfe7579-c0b3-4fa8-b878-fd36b153552a","CREATEDDATE":1520794199000,"LASTUPDATE":1643920959000}},{"type":"Feature","id":1169,"geometry":{"type":"Point","coordinates":[-89.2538993195038,48.4344789057044]},"properties":{"OBJECTID":1169,"LOC_ID":"PC0838","FDMID":2554,"X_COORD":333291.80028,"Y_COORD":5367045.28728,"BEAT":"N 4","ROT_ANGLE":0,"NODE_ID":9539,"GLOBALID":"986a91bc-c118-4583-8887-9e8f29d308ee","CREATEDDATE":1520794199000,"LASTUPDATE":1643920959000}},{"type":"Feature","id":1170,"geometry":{"type":"Point","coordinates":[-89.2182009648577,48.4343001877529]},"properties":{"OBJECTID":1170,"LOC_ID":"PC0746","FDMID":2463,"X_COORD":335931.51433,"Y_COORD":5366948.26917,"BEAT":"N7","ROT_ANGLE":0,"NODE_ID":9608,"GLOBALID":"d70e34f5-a777-45b4-9460-ca81b4e2f522","CREATEDDATE":1520794199000,"LASTUPDATE":1643920959000}},{"type":"Feature","id":1171,"geometry":{"type":"Point","coordinates":[-89.2538402768715,48.4327340483797]},"properties":{"OBJECTID":1171,"LOC_ID":"PP0059","FDMID":2926,"X_COORD":333290.45833,"Y_COORD":5366851.2252,"BEAT":"N 4","ROT_ANGLE":0,"NODE_ID":7893,"GLOBALID":"37e84306-900b-4f12-816f-c1fd61aec251","CREATEDDATE":1520794199000,"LASTUPDATE":1643920959000}},{"type":"Feature","id":1172,"geometry":{"type":"Point","coordinates":[-89.2195463302625,48.4332717407023]},"properties":{"OBJECTID":1172,"LOC_ID":"PC0414","FDMID":2136,"X_COORD":335831.53072,"Y_COORD":5366828.94424,"BEAT":"N7","ROT_ANGLE":0,"NODE_ID":5317,"GLOBALID":"e0493a58-ff89-4130-8879-3d2332346a20","CREATEDDATE":1520794199000,"LASTUPDATE":1643920959000}},{"type":"Feature","id":1173,"geometry":{"type":"Point","coordinates":[-89.2505944591641,48.4312713318356]},"properties":{"OBJECTID":1173,"LOC_ID":"PC0622","FDMID":2341,"X_COORD":333525.75177,"Y_COORD":5366681.58501,"BEAT":"N 5","ROT_ANGLE":0,"NODE_ID":2287,"GLOBALID":"b812a2fc-772c-44cb-a021-81c8750d06bf","CREATEDDATE":1520794199000,"LASTUPDATE":1643920960000}},{"type":"Feature","id":1174,"geometry":{"type":"Point","coordinates":[-89.2385025009483,48.4216870903541]},"properties":{"OBJECTID":1174,"LOC_ID":"PC0698","FDMID":2417,"X_COORD":334388.99606,"Y_COORD":5365590.10801,"BEAT":"N 3","ROT_ANGLE":0,"NODE_ID":6054,"GLOBALID":"045535b5-7d04-44bc-ae45-3e0627a61fc0","CREATEDDATE":1520794199000,"LASTUPDATE":1644351573000}},{"type":"Feature","id":1175,"geometry":{"type":"Point","coordinates":[-89.2743692677254,48.4174838275765]},"properties":{"OBJECTID":1175,"LOC_ID":"PC1084","FDMID":2798,"X_COORD":331723.41654,"Y_COORD":5365196.13118,"BEAT":"N 1","ROT_ANGLE":0,"NODE_ID":689,"GLOBALID":"7053bf23-0dd7-4d8d-b897-11ad796477a6","CREATEDDATE":1520794199000,"LASTUPDATE":1643920960000}},{"type":"Feature","id":1176,"geometry":{"type":"Point","coordinates":[-89.2743672697094,48.4161017504553]},"properties":{"OBJECTID":1176,"LOC_ID":"PC1083","FDMID":2797,"X_COORD":331718.09737,"Y_COORD":5365039.4835,"BEAT":"N 1","ROT_ANGLE":0,"NODE_ID":6049,"GLOBALID":"3c4c47f1-e55c-4060-9574-9c8d493a539a","CREATEDDATE":1520794199000,"LASTUPDATE":1643920960000}},{"type":"Feature","id":1177,"geometry":{"type":"Point","coordinates":[-89.2448076122394,48.4172685393303]},"properties":{"OBJECTID":1177,"LOC_ID":"PC0747","FDMID":2464,"X_COORD":333908.95587,"Y_COORD":5365112.88715,"BEAT":"N 2","ROT_ANGLE":0,"NODE_ID":4464,"GLOBALID":"61cae5b2-2737-42b8-a7f0-e15fafa2cc5b","CREATEDDATE":1520794199000,"LASTUPDATE":1644351345000}},{"type":"Feature","id":1178,"geometry":{"type":"Point","coordinates":[-89.251507669338,48.4188546614044]},"properties":{"OBJECTID":1178,"LOC_ID":"PP0127","FDMID":2989,"X_COORD":333417.62044,"Y_COORD":5365303.52395,"BEAT":"N 3","ROT_ANGLE":0,"NODE_ID":10525,"GLOBALID":"9feadf7e-fdb3-48cb-9240-57f7235d6dfa","CREATEDDATE":1520794199000,"LASTUPDATE":1643920960000}},{"type":"Feature","id":1179,"geometry":{"type":"Point","coordinates":[-89.2498006273731,48.413461814136]},"properties":{"OBJECTID":1179,"LOC_ID":"PC1017","FDMID":2731,"X_COORD":333526.30371,"Y_COORD":5364700.43684,"BEAT":"N 2","ROT_ANGLE":0,"NODE_ID":8840,"GLOBALID":"9e25c961-209a-4940-824a-fee47a48977e","CREATEDDATE":1520794199000,"LASTUPDATE":1643920960000}},{"type":"Feature","id":1180,"geometry":{"type":"Point","coordinates":[-89.2417989716949,48.4133536145276]},"properties":{"OBJECTID":1180,"LOC_ID":"PC0710","FDMID":2429,"X_COORD":334118.00342,"Y_COORD":5364671.03064,"BEAT":"N 2","ROT_ANGLE":0,"NODE_ID":343,"GLOBALID":"adf34620-ecfb-43e8-bdf2-ecb608cc6296","CREATEDDATE":1520794199000,"LASTUPDATE":1644353678000}},{"type":"Feature","id":1181,"geometry":{"type":"Point","coordinates":[-89.2257403553618,48.4161594491092]},"properties":{"OBJECTID":1181,"LOC_ID":"PP0169","FDMID":2403,"X_COORD":335315.2632,"Y_COORD":5364948.21566,"BEAT":"N 14","ROT_ANGLE":0,"NODE_ID":10510,"GLOBALID":"533647ad-a66b-4712-a2b6-0541896782a2","CREATEDDATE":1520794199000,"LASTUPDATE":1643920960000}},{"type":"Feature","id":1182,"geometry":{"type":"Point","coordinates":[-89.2858638309002,48.3970125620877]},"properties":{"OBJECTID":1182,"LOC_ID":"FC1000","FDMID":991,"X_COORD":330803.05199,"Y_COORD":5362949.63211,"BEAT":"S 4","ROT_ANGLE":0,"NODE_ID":8207,"GLOBALID":"1e4b0185-08d7-438a-a2f5-da03bb614c57","CREATEDDATE":1520794199000,"LASTUPDATE":1670613774000}},{"type":"Feature","id":1183,"geometry":{"type":"Point","coordinates":[-89.2808029922534,48.3968885989917]},"properties":{"OBJECTID":1183,"LOC_ID":"FC0994","FDMID":985,"X_COORD":331176.1597,"Y_COORD":5362923.35217,"BEAT":"S 4","ROT_ANGLE":0,"NODE_ID":5802,"GLOBALID":"3185dc1b-30cc-422d-9ea7-8d38aec0eb82","CREATEDDATE":1520794199000,"LASTUPDATE":1643920960000}},{"type":"Feature","id":1184,"geometry":{"type":"Point","coordinates":[-89.2438228754337,48.3955489843299]},"properties":{"OBJECTID":1184,"LOC_ID":"FC0702","FDMID":693,"X_COORD":333910.25942,"Y_COORD":5362696.55895,"BEAT":"S 11","ROT_ANGLE":0,"NODE_ID":9547,"GLOBALID":"56c13e4b-b418-4244-be24-0828c4cf2f6a","CREATEDDATE":1520794199000,"LASTUPDATE":1643920960000}},{"type":"Feature","id":1185,"geometry":{"type":"Point","coordinates":[-89.2436555240822,48.3881446490807]},"properties":{"OBJECTID":1185,"LOC_ID":"FC0078","FDMID":71,"X_COORD":333898.53769,"Y_COORD":5361873.25143,"BEAT":"S 11","ROT_ANGLE":0,"NODE_ID":4160,"GLOBALID":"63c3ea99-9ced-496b-b93d-67f2b2fc9210","CREATEDDATE":1520794199000,"LASTUPDATE":1643920960000}},{"type":"Feature","id":1186,"geometry":{"type":"Point","coordinates":[-89.2823299967703,48.3870723830623]},"properties":{"OBJECTID":1186,"LOC_ID":"FC0899","FDMID":890,"X_COORD":331032.01122,"Y_COORD":5361838.6835,"BEAT":"S 5","ROT_ANGLE":0,"NODE_ID":4557,"GLOBALID":"607d73da-e2f3-495b-af35-80fe07302f12","CREATEDDATE":1520794199000,"LASTUPDATE":1643920960000}},{"type":"Feature","id":1187,"geometry":{"type":"Point","coordinates":[-89.2795820889809,48.3850673726098]},"properties":{"OBJECTID":1187,"LOC_ID":"FC0082","FDMID":75,"X_COORD":331228.80534,"Y_COORD":5361609.78212,"BEAT":"S 5","ROT_ANGLE":0,"NODE_ID":6427,"GLOBALID":"9225e03e-ec7f-4c68-a954-ef16d237dc65","CREATEDDATE":1520794199000,"LASTUPDATE":1643920960000}},{"type":"Feature","id":1188,"geometry":{"type":"Point","coordinates":[-89.2946315888307,48.385162230987]},"properties":{"OBJECTID":1188,"LOC_ID":"FC0906","FDMID":897,"X_COORD":330114.98953,"Y_COORD":5361653.59268,"BEAT":"S 2","ROT_ANGLE":0,"NODE_ID":1879,"GLOBALID":"0243e294-3f5e-4875-b502-c1b46c770ad7","CREATEDDATE":1520794199000,"LASTUPDATE":1643920960000}},{"type":"Feature","id":1189,"geometry":{"type":"Point","coordinates":[-89.2406220609821,48.3853545485162]},"properties":{"OBJECTID":1189,"LOC_ID":"FC0341","FDMID":336,"X_COORD":334114.91299,"Y_COORD":5361557.59038,"BEAT":"S 11","ROT_ANGLE":0,"NODE_ID":9228,"GLOBALID":"6cdc5b5c-5ba7-4f74-8be0-0391b5a94e77","CREATEDDATE":1520794199000,"LASTUPDATE":1670874829000}},{"type":"Feature","id":1190,"geometry":{"type":"Point","coordinates":[-89.2949097598844,48.3839497666498]},"properties":{"OBJECTID":1190,"LOC_ID":"FC0889","FDMID":880,"X_COORD":330090.3613,"Y_COORD":5361519.45073,"BEAT":"S 2","ROT_ANGLE":0,"NODE_ID":10227,"GLOBALID":"791ef430-cbe1-4517-bd97-2d90834e1d55","CREATEDDATE":1520794199000,"LASTUPDATE":1643920960000}},{"type":"Feature","id":1191,"geometry":{"type":"Point","coordinates":[-89.2724527999023,48.3850637410134]},"properties":{"OBJECTID":1191,"LOC_ID":"FC0501","FDMID":493,"X_COORD":331756.58697,"Y_COORD":5361593.69252,"BEAT":"S 7","ROT_ANGLE":0,"NODE_ID":1881,"GLOBALID":"0e6ea962-c86d-4f32-b3a9-deedcb5bc6ea","CREATEDDATE":1520794199000,"LASTUPDATE":1644007158000}},{"type":"Feature","id":1192,"geometry":{"type":"Point","coordinates":[-89.3810555022285,48.3806454338511]},"properties":{"OBJECTID":1192,"LOC_ID":"NC0274","FDMID":1450,"X_COORD":323701.34037,"Y_COORD":5361346.90442,"BEAT":"S 13","ROT_ANGLE":0,"NODE_ID":4395,"GLOBALID":"c5eeb0a5-ddb4-4b01-b1ac-a15e1f492bdc","CREATEDDATE":1520794199000,"LASTUPDATE":1643920960000}},{"type":"Feature","id":1193,"geometry":{"type":"Point","coordinates":[-89.2995527120774,48.3816381330378]},"properties":{"OBJECTID":1193,"LOC_ID":"FC0922","FDMID":913,"X_COORD":329738.91913,"Y_COORD":5361272.83646,"BEAT":"S 2","ROT_ANGLE":0,"NODE_ID":410,"GLOBALID":"fd2d6beb-73db-40c2-a8c9-3a988bfb2025","CREATEDDATE":1520794199000,"LASTUPDATE":1643920960000}},{"type":"Feature","id":1194,"geometry":{"type":"Point","coordinates":[-89.2815133080773,48.3799131417612]},"properties":{"OBJECTID":1194,"LOC_ID":"FC0103","FDMID":96,"X_COORD":331068.77743,"Y_COORD":5361041.1795,"BEAT":"S 5","ROT_ANGLE":0,"NODE_ID":9935,"GLOBALID":"e23dae52-7f17-441b-ad0c-8b392b7c1c1e","CREATEDDATE":1520794199000,"LASTUPDATE":1643920960000}},{"type":"Feature","id":1195,"geometry":{"type":"Point","coordinates":[-89.3640666234429,48.3783177995065]},"properties":{"OBJECTID":1195,"LOC_ID":"NC0472","FDMID":1645,"X_COORD":324951.16821,"Y_COORD":5361049.24887,"BEAT":"S 13","ROT_ANGLE":0,"NODE_ID":1940,"GLOBALID":"83a0f589-1d22-49f5-9e38-36b426355307","CREATEDDATE":1520794199000,"LASTUPDATE":1643920960000}},{"type":"Feature","id":1196,"geometry":{"type":"Point","coordinates":[-89.2580614643575,48.3783411679133]},"properties":{"OBJECTID":1196,"LOC_ID":"FC0556","FDMID":548,"X_COORD":332799.97385,"Y_COORD":5360815.00247,"BEAT":"S 8","ROT_ANGLE":0,"NODE_ID":5847,"GLOBALID":"7f26aa9a-c06e-4fb9-b702-e95a15d9006a","CREATEDDATE":1520794199000,"LASTUPDATE":1644008342000}},{"type":"Feature","id":1197,"geometry":{"type":"Point","coordinates":[-89.2522967146235,48.3791520481109]},"properties":{"OBJECTID":1197,"LOC_ID":"FC0656","FDMID":648,"X_COORD":333229.45558,"Y_COORD":5360892.55818,"BEAT":"S 10","ROT_ANGLE":0,"NODE_ID":9679,"GLOBALID":"df27a199-7186-4a8a-886e-343b29d2d5b6","CREATEDDATE":1520794199000,"LASTUPDATE":1643920960000}},{"type":"Feature","id":1198,"geometry":{"type":"Point","coordinates":[-89.2612272377059,48.3760396184169]},"properties":{"OBJECTID":1198,"LOC_ID":"FC0525","FDMID":517,"X_COORD":332556.17123,"Y_COORD":5360565.87761,"BEAT":"S 8","ROT_ANGLE":0,"NODE_ID":10298,"GLOBALID":"616f2bfa-641b-4bba-8053-c00b44061ab2","CREATEDDATE":1520794199000,"LASTUPDATE":1676514343000}},{"type":"Feature","id":1199,"geometry":{"type":"Point","coordinates":[-89.2812032517655,48.3753034780343]},"properties":{"OBJECTID":1199,"LOC_ID":"FC0362","FDMID":357,"X_COORD":331076.48226,"Y_COORD":5360528.1601,"BEAT":"S 5","ROT_ANGLE":0,"NODE_ID":2138,"GLOBALID":"37254719-d30a-4fa6-8bac-4479ef37fbc8","CREATEDDATE":1520794199000,"LASTUPDATE":1643920960000}},{"type":"Feature","id":1200,"geometry":{"type":"Point","coordinates":[-89.2723412848239,48.371558552972]},"properties":{"OBJECTID":1200,"LOC_ID":"FC0233","FDMID":228,"X_COORD":331720.32252,"Y_COORD":5360092.43479,"BEAT":"S 6","ROT_ANGLE":0,"NODE_ID":5505,"GLOBALID":"ca45457e-acec-4c1b-819c-73f1bbba45b0","CREATEDDATE":1520794199000,"LASTUPDATE":1643920961000}},{"type":"Feature","id":1201,"geometry":{"type":"Point","coordinates":[-89.3749041507782,48.3686193812737]},"properties":{"OBJECTID":1201,"LOC_ID":"NC0447","FDMID":1620,"X_COORD":324115.35202,"Y_COORD":5359996.15831,"BEAT":"S 14","ROT_ANGLE":0,"NODE_ID":8319,"GLOBALID":"fe35ed84-a08e-4875-aebd-fd6585b4c6e9","CREATEDDATE":1520794199000,"LASTUPDATE":1643920961000}},{"type":"Feature","id":1202,"geometry":{"type":"Point","coordinates":[-89.2962409043734,48.3664481149337]},"properties":{"OBJECTID":1202,"LOC_ID":"FC0374","FDMID":369,"X_COORD":329933.52086,"Y_COORD":5359577.21994,"BEAT":"S 3","ROT_ANGLE":0,"NODE_ID":3844,"GLOBALID":"0a5758a4-f668-4e0d-8cea-9930a3de32ee","CREATEDDATE":1520794199000,"LASTUPDATE":1643920961000}},{"type":"Feature","id":1203,"geometry":{"type":"Point","coordinates":[-89.2586347902495,48.3671908313115]},"properties":{"OBJECTID":1203,"LOC_ID":"FC0267","FDMID":262,"X_COORD":332720.96918,"Y_COORD":5359576.96266,"BEAT":"S 6","ROT_ANGLE":0,"NODE_ID":9191,"GLOBALID":"c8c91d3b-801f-4ea9-88db-517de678f623","CREATEDDATE":1520794199000,"LASTUPDATE":1643920961000}},{"type":"Feature","id":1204,"geometry":{"type":"Point","coordinates":[-89.2892517079507,48.3661068056045]},"properties":{"OBJECTID":1204,"LOC_ID":"FC0009","FDMID":3550,"X_COORD":330450.00111,"Y_COORD":5359523.7971,"BEAT":"S 6","ROT_ANGLE":0,"NODE_ID":8853,"GLOBALID":"6f61cdbc-ace6-45ec-9d8b-ccc23a549136","CREATEDDATE":1520794199000,"LASTUPDATE":1643920961000}},{"type":"Feature","id":1205,"geometry":{"type":"Point","coordinates":[-89.3740645248344,48.3624018161602]},"properties":{"OBJECTID":1205,"LOC_ID":"NC0078","FDMID":1256,"X_COORD":324156.12463,"Y_COORD":5359303.19575,"BEAT":"S 14","ROT_ANGLE":0,"NODE_ID":3898,"GLOBALID":"075219f1-fd40-45f9-b001-de848cb99ece","CREATEDDATE":1520794199000,"LASTUPDATE":1643920961000}},{"type":"Feature","id":1206,"geometry":{"type":"Point","coordinates":[-89.3285710127075,48.3542523584327]},"properties":{"OBJECTID":1206,"LOC_ID":"NC0134","FDMID":1312,"X_COORD":327498.03055,"Y_COORD":5358294.02532,"BEAT":"S 15","ROT_ANGLE":0,"NODE_ID":4743,"GLOBALID":"0f85780c-365b-4450-8234-4beb55ecd0bf","CREATEDDATE":1520794199000,"LASTUPDATE":1643920961000}},{"type":"Feature","id":1207,"geometry":{"type":"Point","coordinates":[-89.28985553551,48.3586462779472]},"properties":{"OBJECTID":1207,"LOC_ID":"FC0518","FDMID":510,"X_COORD":330380.51247,"Y_COORD":5358695.94839,"BEAT":"S 3","ROT_ANGLE":0,"NODE_ID":23,"GLOBALID":"eabb8365-8471-4811-b35f-b7022c4669d9","CREATEDDATE":1520794199000,"LASTUPDATE":1644003927000}},{"type":"Feature","id":1208,"geometry":{"type":"Point","coordinates":[-89.2916465284759,48.3579936840693]},"properties":{"OBJECTID":1208,"LOC_ID":"FC0519","FDMID":511,"X_COORD":330245.68546,"Y_COORD":5358627.38263,"BEAT":"S 3","ROT_ANGLE":0,"NODE_ID":8435,"GLOBALID":"1b47b9cf-6fcb-428b-9209-62277d32a6da","CREATEDDATE":1520794199000,"LASTUPDATE":1643920961000}},{"type":"Feature","id":1209,"geometry":{"type":"Point","coordinates":[-89.349331591036,48.3554646585842]},"properties":{"OBJECTID":1209,"LOC_ID":"NC0313","FDMID":1489,"X_COORD":325964.29768,"Y_COORD":5358475.71261,"BEAT":"S 15","ROT_ANGLE":0,"NODE_ID":8724,"GLOBALID":"fef25f62-cc0c-4fcf-8b03-79e1bc8cb900","CREATEDDATE":1520794199000,"LASTUPDATE":1643920961000}},{"type":"Feature","id":1210,"geometry":{"type":"Point","coordinates":[-89.3393740815437,48.3510008152235]},"properties":{"OBJECTID":1210,"LOC_ID":"NC0433","FDMID":1606,"X_COORD":326686.75477,"Y_COORD":5357957.01693,"BEAT":"S 16","ROT_ANGLE":0,"NODE_ID":4604,"GLOBALID":"e29c5beb-924f-40da-be25-17034336273a","CREATEDDATE":1520794199000,"LASTUPDATE":1643920961000}},{"type":"Feature","id":1211,"geometry":{"type":"Point","coordinates":[-89.3319835007537,48.3282666091511]},"properties":{"OBJECTID":1211,"LOC_ID":"NC0241","FDMID":1417,"X_COORD":327157.3926,"Y_COORD":5355413.60087,"BEAT":"S 17","ROT_ANGLE":0,"NODE_ID":8251,"GLOBALID":"e4272314-e1f3-463a-9e61-afc8a74b87b6","CREATEDDATE":1520794199000,"LASTUPDATE":1643920961000}},{"type":"Feature","id":1212,"geometry":{"type":"Point","coordinates":[-89.3637348949621,48.3191462341663]},"properties":{"OBJECTID":1212,"LOC_ID":"NC0526","FDMID":3452,"X_COORD":324772.92104,"Y_COORD":5354472.0257,"BEAT":"S 16","ROT_ANGLE":0,"NODE_ID":7387,"GLOBALID":"39e20ca6-0018-4d99-95a8-d62655b6aab9","CREATEDDATE":1520794199000,"LASTUPDATE":1643920961000}},{"type":"Feature","id":1213,"geometry":{"type":"Point","coordinates":[-89.3618585081884,48.3208200693378]},"properties":{"OBJECTID":1213,"LOC_ID":"NC0392","FDMID":1567,"X_COORD":324917.74255,"Y_COORD":5354653.77136,"BEAT":"S 16","ROT_ANGLE":0,"NODE_ID":4325,"GLOBALID":"c74ef71f-569f-4cca-950c-d584997fe880","CREATEDDATE":1520794199000,"LASTUPDATE":1643920961000}},{"type":"Feature","id":1214,"geometry":{"type":"Point","coordinates":[-89.3475862962903,48.3169316796538]},"properties":{"OBJECTID":1214,"LOC_ID":"NC0365","FDMID":1540,"X_COORD":325962.43298,"Y_COORD":5354189.116,"BEAT":"S 17","ROT_ANGLE":0,"NODE_ID":2570,"GLOBALID":"95d04a7c-ec2b-4677-8743-d421e81ecfe4","CREATEDDATE":1520794199000,"LASTUPDATE":1643920961000}},{"type":"Feature","id":1215,"geometry":{"type":"Point","coordinates":[-89.3576882569195,48.3169099331076]},"properties":{"OBJECTID":1215,"LOC_ID":"NC0360","FDMID":1535,"X_COORD":325213.49755,"Y_COORD":5354209.67843,"BEAT":"S 17","ROT_ANGLE":0,"NODE_ID":7427,"GLOBALID":"96093829-6d69-4f09-abc9-3c3adf5898e2","CREATEDDATE":1520794199000,"LASTUPDATE":1643920961000}},{"type":"Feature","id":1216,"geometry":{"type":"Point","coordinates":[-89.1933584821931,48.4589050283144]},"properties":{"OBJECTID":1216,"LOC_ID":"PC1057","FDMID":2771,"X_COORD":337847.2504,"Y_COORD":5369630.03531,"BEAT":"N 11","ROT_ANGLE":0,"NODE_ID":1280,"GLOBALID":"03759fce-9de1-487c-8da4-5bb6bc7ff1c1","CREATEDDATE":1520794199000,"LASTUPDATE":1643920961000}},{"type":"Feature","id":1217,"geometry":{"type":"Point","coordinates":[-89.1823126413415,48.4721714789742]},"properties":{"OBJECTID":1217,"LOC_ID":"PC0071","FDMID":1795,"X_COORD":338708.66941,"Y_COORD":5371102.02226,"BEAT":"N 11","ROT_ANGLE":0,"NODE_ID":9335,"GLOBALID":"ca23dd7e-18b7-4106-924c-cde09f4da946","CREATEDDATE":1520794199000,"LASTUPDATE":1643920961000}},{"type":"Feature","id":1218,"geometry":{"type":"Point","coordinates":[-89.2308244737289,48.45867761976]},"properties":{"OBJECTID":1218,"LOC_ID":"PC0733","FDMID":2450,"X_COORD":335076.82684,"Y_COORD":5369684.85336,"BEAT":"N 8","ROT_ANGLE":0,"NODE_ID":123,"GLOBALID":"a28286f8-975d-4f54-8f0c-4e948a0708e2","CREATEDDATE":1520794199000,"LASTUPDATE":1644278054000}},{"type":"Feature","id":1219,"geometry":{"type":"Point","coordinates":[-89.2146288826641,48.4578339652574]},"properties":{"OBJECTID":1219,"LOC_ID":"PC0261","FDMID":1984,"X_COORD":336270.22486,"Y_COORD":5369557.83666,"BEAT":"N 9","ROT_ANGLE":0,"NODE_ID":10536,"GLOBALID":"4f908c37-8dba-43fa-b00f-86345897bef3","CREATEDDATE":1520794199000,"LASTUPDATE":1643920961000}},{"type":"Feature","id":1220,"geometry":{"type":"Point","coordinates":[-89.2116382972734,48.4567028524242]},"properties":{"OBJECTID":1220,"LOC_ID":"PC0279","FDMID":2002,"X_COORD":336488.83171,"Y_COORD":5369424.17394,"BEAT":"N 9","ROT_ANGLE":0,"NODE_ID":6411,"GLOBALID":"4fabb96c-533d-4db5-a26c-adf0d55d84e1","CREATEDDATE":1520794199000,"LASTUPDATE":1643920961000}},{"type":"Feature","id":1221,"geometry":{"type":"Point","coordinates":[-89.2817798512104,48.4546160986847]},"properties":{"OBJECTID":1221,"LOC_ID":"MC0271","FDMID":3425,"X_COORD":331296.48866,"Y_COORD":5369344.51672,"BEAT":"N 15","ROT_ANGLE":0,"NODE_ID":1394,"GLOBALID":"ba2ae970-6a9b-488d-8899-32df090edea6","CREATEDDATE":1520794199000,"LASTUPDATE":1643920961000}},{"type":"Feature","id":1222,"geometry":{"type":"Point","coordinates":[-89.2629101107588,48.4546503848162]},"properties":{"OBJECTID":1222,"LOC_ID":"MC0086","FDMID":3083,"X_COORD":332691.65257,"Y_COORD":5369306.89701,"BEAT":"N 15","ROT_ANGLE":0,"NODE_ID":5437,"GLOBALID":"1bad12c1-f181-4bd5-84e1-b60dbb976751","CREATEDDATE":1520794199000,"LASTUPDATE":1643920961000}},{"type":"Feature","id":1223,"geometry":{"type":"Point","coordinates":[-89.2268671769224,48.4539129603406]},"properties":{"OBJECTID":1223,"LOC_ID":"PC0991","FDMID":2705,"X_COORD":335353.9576,"Y_COORD":5369146.75493,"BEAT":"N 8","ROT_ANGLE":0,"NODE_ID":9954,"GLOBALID":"16869929-9fb7-4fc8-b94f-58b4924a4492","CREATEDDATE":1520794199000,"LASTUPDATE":1644348404000}},{"type":"Feature","id":1224,"geometry":{"type":"Point","coordinates":[-89.2242675648638,48.4534830015754]},"properties":{"OBJECTID":1224,"LOC_ID":"PC0240","FDMID":1963,"X_COORD":335544.76387,"Y_COORD":5369093.37406,"BEAT":"N 9","ROT_ANGLE":0,"NODE_ID":226,"GLOBALID":"a23a8288-98ea-4ffe-ac4d-b835fafb3bac","CREATEDDATE":1520794199000,"LASTUPDATE":1643920961000}},{"type":"Feature","id":1225,"geometry":{"type":"Point","coordinates":[-89.2459835760005,48.4510042678583]},"properties":{"OBJECTID":1225,"LOC_ID":"PC0897","FDMID":2613,"X_COORD":333931.14595,"Y_COORD":5368864.78552,"BEAT":"N 8","ROT_ANGLE":0,"NODE_ID":883,"GLOBALID":"10761e9c-1a3b-4f04-81b3-34669ef7a8a9","CREATEDDATE":1520794199000,"LASTUPDATE":1643920961000}},{"type":"Feature","id":1226,"geometry":{"type":"Point","coordinates":[-89.2207247473009,48.4498917367292]},"properties":{"OBJECTID":1226,"LOC_ID":"PC0785","FDMID":2502,"X_COORD":335795.11344,"Y_COORD":5368686.60978,"BEAT":"N 9","ROT_ANGLE":0,"NODE_ID":5824,"GLOBALID":"f45724fb-291f-46bb-a28f-9b88c68dd3e0","CREATEDDATE":1520794199000,"LASTUPDATE":1643920961000}},{"type":"Feature","id":1227,"geometry":{"type":"Point","coordinates":[-89.2425527222027,48.4473894797539]},"properties":{"OBJECTID":1227,"LOC_ID":"PC0755","FDMID":2472,"X_COORD":334171.90396,"Y_COORD":5368460.1596,"BEAT":"N 8","ROT_ANGLE":20,"NODE_ID":1376,"GLOBALID":"7bcf734b-8b4e-4a05-9119-ebcff36067ea","CREATEDDATE":1520794199000,"LASTUPDATE":1674769193000}},{"type":"Feature","id":1228,"geometry":{"type":"Point","coordinates":[-89.246434239777,48.4460308287894]},"properties":{"OBJECTID":1228,"LOC_ID":"PP0075","FDMID":2942,"X_COORD":333881.59945,"Y_COORD":5368312.99339,"BEAT":"N 8","ROT_ANGLE":0,"NODE_ID":10336,"GLOBALID":"752b7716-1908-4851-8e89-a5ceb138626d","CREATEDDATE":1520794199000,"LASTUPDATE":1643920961000}},{"type":"Feature","id":1229,"geometry":{"type":"Point","coordinates":[-89.287513951384,48.4461951762649]},"properties":{"OBJECTID":1229,"LOC_ID":"MC0285","FDMID":3439,"X_COORD":330844.58236,"Y_COORD":5368421.2348,"BEAT":"N 13","ROT_ANGLE":0,"NODE_ID":3405,"GLOBALID":"ad11abb6-5f21-457b-842b-083bf5849cf1","CREATEDDATE":1520794199000,"LASTUPDATE":1643920962000}},{"type":"Feature","id":1230,"geometry":{"type":"Point","coordinates":[-89.2242616138698,48.4462905359257]},"properties":{"OBJECTID":1230,"LOC_ID":"PC0384","FDMID":2107,"X_COORD":335521.97449,"Y_COORD":5368293.95442,"BEAT":"N 9","ROT_ANGLE":0,"NODE_ID":6356,"GLOBALID":"28b063ad-c227-493b-b0e4-d2102c5c90e0","CREATEDDATE":1520794199000,"LASTUPDATE":1643920962000}},{"type":"Feature","id":1231,"geometry":{"type":"Point","coordinates":[-89.2270051876684,48.4431561909966]},"properties":{"OBJECTID":1231,"LOC_ID":"PC0341","FDMID":2064,"X_COORD":335308.96892,"Y_COORD":5367951.49221,"BEAT":"N 6","ROT_ANGLE":0,"NODE_ID":5194,"GLOBALID":"450ca465-b2d9-4cca-a813-eb2267addecf","CREATEDDATE":1520794199000,"LASTUPDATE":1643920962000}},{"type":"Feature","id":1232,"geometry":{"type":"Point","coordinates":[-89.2130880749973,48.4434950936461]},"properties":{"OBJECTID":1232,"LOC_ID":"PC0193","FDMID":1916,"X_COORD":336342.96368,"Y_COORD":5367957.30136,"BEAT":"N 10","ROT_ANGLE":0,"NODE_ID":9449,"GLOBALID":"d39112c8-cc52-4eae-86bf-5da0a3b9e356","CREATEDDATE":1520794199000,"LASTUPDATE":1643920962000}},{"type":"Feature","id":1233,"geometry":{"type":"Point","coordinates":[-89.2216653156711,48.4446093709395]},"properties":{"OBJECTID":1233,"LOC_ID":"PC0349","FDMID":2072,"X_COORD":335708.53449,"Y_COORD":5368101.52357,"BEAT":"N 6","ROT_ANGLE":0,"NODE_ID":622,"GLOBALID":"f3b035fa-9f53-406d-b700-9178fd22a3a9","CREATEDDATE":1520794199000,"LASTUPDATE":1644365322000}},{"type":"Feature","id":1234,"geometry":{"type":"Point","coordinates":[-89.2158167535729,48.4431643653002]},"properties":{"OBJECTID":1234,"LOC_ID":"PC0202","FDMID":1925,"X_COORD":336137.26998,"Y_COORD":5367927.42616,"BEAT":"N 10","ROT_ANGLE":0,"NODE_ID":9243,"GLOBALID":"9c37de90-4efd-459c-b604-63923c215f8b","CREATEDDATE":1520794199000,"LASTUPDATE":1643920962000}},{"type":"Feature","id":1235,"geometry":{"type":"Point","coordinates":[-89.2256863701026,48.4412590516134]},"properties":{"OBJECTID":1235,"LOC_ID":"PC0320","FDMID":2043,"X_COORD":335400.82787,"Y_COORD":5367738.75441,"BEAT":"N 6","ROT_ANGLE":0,"NODE_ID":3397,"GLOBALID":"40909181-6cd2-4a05-8627-068f57ebdc8c","CREATEDDATE":1520794199000,"LASTUPDATE":1643920962000}},{"type":"Feature","id":1236,"geometry":{"type":"Point","coordinates":[-89.2150548261166,48.4405900718582]},"properties":{"OBJECTID":1236,"LOC_ID":"PC0296","FDMID":2019,"X_COORD":336184.43568,"Y_COORD":5367640.62833,"BEAT":"N7","ROT_ANGLE":0,"NODE_ID":3649,"GLOBALID":"33c9e90a-d298-48d5-81ac-a2fbe6550f93","CREATEDDATE":1520794199000,"LASTUPDATE":1643920962000}},{"type":"Feature","id":1237,"geometry":{"type":"Point","coordinates":[-89.2283459461457,48.4369383464053]},"properties":{"OBJECTID":1237,"LOC_ID":"PC0460","FDMID":2182,"X_COORD":335189.71056,"Y_COORD":5367263.28792,"BEAT":"N 6","ROT_ANGLE":0,"NODE_ID":6961,"GLOBALID":"1623f4fc-f10a-4924-88c6-83bebdf8b363","CREATEDDATE":1520794199000,"LASTUPDATE":1643920962000}},{"type":"Feature","id":1238,"geometry":{"type":"Point","coordinates":[-89.2220047748858,48.432425055246]},"properties":{"OBJECTID":1238,"LOC_ID":"PC0433","FDMID":2155,"X_COORD":335644.12976,"Y_COORD":5366748.01649,"BEAT":"N7","ROT_ANGLE":0,"NODE_ID":1268,"GLOBALID":"a17fcdc6-f192-485f-a69e-d731386c6d42","CREATEDDATE":1520794199000,"LASTUPDATE":1643920962000}},{"type":"Feature","id":1239,"geometry":{"type":"Point","coordinates":[-89.2835495912075,48.4114557828765]},"properties":{"OBJECTID":1239,"LOC_ID":"PC0678","FDMID":3506,"X_COORD":331022.53206,"Y_COORD":5364551.40926,"BEAT":"N 1","ROT_ANGLE":0,"NODE_ID":8547,"GLOBALID":"12209cc1-1b61-4691-beb2-94f62758e0ac","CREATEDDATE":1520794199000,"LASTUPDATE":1643920962000}},{"type":"Feature","id":1240,"geometry":{"type":"Point","coordinates":[-89.2236748852326,48.4065222101378]},"properties":{"OBJECTID":1240,"LOC_ID":"PC1079","FDMID":2793,"X_COORD":335436.96944,"Y_COORD":5363872.65393,"BEAT":"N 14","ROT_ANGLE":0,"NODE_ID":7223,"GLOBALID":"929423aa-8360-4854-9306-1c79add7b11a","CREATEDDATE":1520794199000,"LASTUPDATE":1643920962000}},{"type":"Feature","id":1241,"geometry":{"type":"Point","coordinates":[-89.2302935537363,48.4079447604625]},"properties":{"OBJECTID":1241,"LOC_ID":"PC1074","FDMID":2788,"X_COORD":334951.78774,"Y_COORD":5364045.00516,"BEAT":"N 14","ROT_ANGLE":0,"NODE_ID":7146,"GLOBALID":"a6669132-e684-41ff-90da-e583145744d6","CREATEDDATE":1520794199000,"LASTUPDATE":1643920962000}},{"type":"Feature","id":1242,"geometry":{"type":"Point","coordinates":[-89.2214839321515,48.3953055918881]},"properties":{"OBJECTID":1242,"LOC_ID":"FP0051","FDMID":3305,"X_COORD":335562.93244,"Y_COORD":5362621.2947,"BEAT":"S 11","ROT_ANGLE":0,"NODE_ID":8505,"GLOBALID":"b1ff68a1-726b-4879-bd6e-39c49a414b11","CREATEDDATE":1520794199000,"LASTUPDATE":1643920962000}},{"type":"Feature","id":1243,"geometry":{"type":"Point","coordinates":[-89.283236708786,48.3977032167958]},"properties":{"OBJECTID":1243,"LOC_ID":"FC0989","FDMID":980,"X_COORD":331000.10236,"Y_COORD":5363022.22219,"BEAT":"S 4","ROT_ANGLE":0,"NODE_ID":7190,"GLOBALID":"1b238131-8d79-40fc-8994-6bad08f73e17","CREATEDDATE":1520794199000,"LASTUPDATE":1643920962000}},{"type":"Feature","id":1244,"geometry":{"type":"Point","coordinates":[-89.2769288904799,48.3947075684499]},"properties":{"OBJECTID":1244,"LOC_ID":"FC0843","FDMID":834,"X_COORD":331439.00002,"Y_COORD":5362647.43153,"BEAT":"S 4","ROT_ANGLE":0,"NODE_ID":7035,"GLOBALID":"40a44b70-8236-4f55-a4ae-f7997f7043a0","CREATEDDATE":1520794199000,"LASTUPDATE":1673487138000}},{"type":"Feature","id":1245,"geometry":{"type":"Point","coordinates":[-89.2807864428544,48.3914910439134]},"properties":{"OBJECTID":1245,"LOC_ID":"FC0868","FDMID":859,"X_COORD":331160.89878,"Y_COORD":5362326.38321,"BEAT":"S 1","ROT_ANGLE":0,"NODE_ID":7688,"GLOBALID":"ea965bd8-fcb1-4268-851b-8ad4625c88b1","CREATEDDATE":1520794199000,"LASTUPDATE":1643920962000}},{"type":"Feature","id":1246,"geometry":{"type":"Point","coordinates":[-89.2952797407968,48.3889198257533]},"properties":{"OBJECTID":1246,"LOC_ID":"FC1156","FDMID":3380,"X_COORD":330079.51407,"Y_COORD":5362072.66673,"BEAT":"S 1","ROT_ANGLE":0,"NODE_ID":6192,"GLOBALID":"3648c74c-8d1c-4cf9-8221-80f0d9ba3f9f","CREATEDDATE":1520794199000,"LASTUPDATE":1643920962000}},{"type":"Feature","id":1247,"geometry":{"type":"Point","coordinates":[-89.2893427323423,48.3818729151135]},"properties":{"OBJECTID":1247,"LOC_ID":"FC1014","FDMID":1005,"X_COORD":330496.72598,"Y_COORD":5361269.49873,"BEAT":"S 5","ROT_ANGLE":0,"NODE_ID":1324,"GLOBALID":"6bc045b3-c892-4b07-ac27-93614cbb94ff","CREATEDDATE":1520794199000,"LASTUPDATE":1677806054000}},{"type":"Feature","id":1248,"geometry":{"type":"Point","coordinates":[-89.3804923153838,48.3800491966744]},"properties":{"OBJECTID":1248,"LOC_ID":"NC0316","FDMID":1492,"X_COORD":323740.97864,"Y_COORD":5361279.34116,"BEAT":"S 13","ROT_ANGLE":0,"NODE_ID":2314,"GLOBALID":"44915029-3144-47c9-a66c-5e3771d4c5c2","CREATEDDATE":1520794199000,"LASTUPDATE":1643920962000}},{"type":"Feature","id":1249,"geometry":{"type":"Point","coordinates":[-89.2453802616991,48.3810291571936]},"properties":{"OBJECTID":1249,"LOC_ID":"FC0491","FDMID":483,"X_COORD":333747.66998,"Y_COORD":5361086.15153,"BEAT":null,"ROT_ANGLE":0,"NODE_ID":10282,"GLOBALID":"8b6d2d7e-6a7e-4ff3-ad0a-3f2361409926","CREATEDDATE":1520794199000,"LASTUPDATE":1643920962000}},{"type":"Feature","id":1250,"geometry":{"type":"Point","coordinates":[-89.267838777876,48.3815887322338]},"properties":{"OBJECTID":1250,"LOC_ID":"FC0690","FDMID":681,"X_COORD":332086.73583,"Y_COORD":5361197.3395,"BEAT":"S 7","ROT_ANGLE":0,"NODE_ID":1988,"GLOBALID":"f456d9c9-f114-4c6b-ad89-810b0050a12c","CREATEDDATE":1520794199000,"LASTUPDATE":1643920962000}},{"type":"Feature","id":1251,"geometry":{"type":"Point","coordinates":[-89.3114517791437,48.3807130351795]},"properties":{"OBJECTID":1251,"LOC_ID":"NC0005","FDMID":1183,"X_COORD":328854.84847,"Y_COORD":5361196.53412,"BEAT":"S 2","ROT_ANGLE":0,"NODE_ID":6898,"GLOBALID":"2ac383fa-8f7f-4ca1-b0d8-450c5f20a263","CREATEDDATE":1520794199000,"LASTUPDATE":1643920962000}},{"type":"Feature","id":1252,"geometry":{"type":"Point","coordinates":[-89.2606288334016,48.381600263667]},"properties":{"OBJECTID":1252,"LOC_ID":"FC0687","FDMID":678,"X_COORD":332615.89295,"Y_COORD":5361182.07294,"BEAT":"S 8","ROT_ANGLE":0,"NODE_ID":8141,"GLOBALID":"c17b126a-b374-462f-ba62-83d7827c541b","CREATEDDATE":1520794199000,"LASTUPDATE":1673903168000}},{"type":"Feature","id":1253,"geometry":{"type":"Point","coordinates":[-89.3006807825888,48.3740638956492]},"properties":{"OBJECTID":1253,"LOC_ID":"FC0791","FDMID":782,"X_COORD":329628.47817,"Y_COORD":5360432.09534,"BEAT":"S 2","ROT_ANGLE":0,"NODE_ID":7442,"GLOBALID":"b470e1a3-56c4-4134-b9cf-f705d92e631a","CREATEDDATE":1520794199000,"LASTUPDATE":1643920963000}},{"type":"Feature","id":1254,"geometry":{"type":"Point","coordinates":[-89.263486972401,48.3750819809824]},"properties":{"OBJECTID":1254,"LOC_ID":"FC0332","FDMID":327,"X_COORD":332387.55734,"Y_COORD":5360464.62321,"BEAT":null,"ROT_ANGLE":0,"NODE_ID":8825,"GLOBALID":"e33f23d1-be3c-4e27-a8ba-22e36a81191f","CREATEDDATE":1520794199000,"LASTUPDATE":1643920963000}},{"type":"Feature","id":1255,"geometry":{"type":"Point","coordinates":[-89.2787504520668,48.3742042504355]},"properties":{"OBJECTID":1255,"LOC_ID":"FC0783","FDMID":774,"X_COORD":331251.93417,"Y_COORD":5360409.95338,"BEAT":"S 5","ROT_ANGLE":0,"NODE_ID":8896,"GLOBALID":"8f491eef-aa40-4f79-bb38-2b32151ccb53","CREATEDDATE":1520794199000,"LASTUPDATE":1643920963000}},{"type":"Feature","id":1256,"geometry":{"type":"Point","coordinates":[-89.2580076309757,48.3715274299405]},"properties":{"OBJECTID":1256,"LOC_ID":"FC0229","FDMID":225,"X_COORD":332781.62812,"Y_COORD":5360057.57988,"BEAT":"S 8","ROT_ANGLE":0,"NODE_ID":4346,"GLOBALID":"9f93fc85-6558-44c0-9bb1-c14892dd3c16","CREATEDDATE":1520794199000,"LASTUPDATE":1643920963000}},{"type":"Feature","id":1257,"geometry":{"type":"Point","coordinates":[-89.3016775678428,48.3692535817163]},"properties":{"OBJECTID":1257,"LOC_ID":"FC0302","FDMID":297,"X_COORD":329540.24905,"Y_COORD":5359901.10833,"BEAT":"S 2","ROT_ANGLE":0,"NODE_ID":4398,"GLOBALID":"c35828a0-b502-4cfd-b29d-b5519064ed4a","CREATEDDATE":1520794199000,"LASTUPDATE":1644003739000}},{"type":"Feature","id":1258,"geometry":{"type":"Point","coordinates":[-89.3456340432568,48.3657838724543]},"properties":{"OBJECTID":1258,"LOC_ID":"NC0327","FDMID":1503,"X_COORD":326273.29045,"Y_COORD":5359614.22654,"BEAT":"S 15","ROT_ANGLE":0,"NODE_ID":2300,"GLOBALID":"33c71d10-c184-472d-8d89-5cb068407bf1","CREATEDDATE":1520794199000,"LASTUPDATE":1643920963000}},{"type":"Feature","id":1259,"geometry":{"type":"Point","coordinates":[-89.2834041079342,48.3640671579026]},"properties":{"OBJECTID":1259,"LOC_ID":"FC0321","FDMID":316,"X_COORD":330876.31382,"Y_COORD":5359284.18109,"BEAT":"S 6","ROT_ANGLE":0,"NODE_ID":10029,"GLOBALID":"586bfee7-c888-48e3-8daa-3e6a7f139e4c","CREATEDDATE":1520794199000,"LASTUPDATE":1643920963000}},{"type":"Feature","id":1260,"geometry":{"type":"Point","coordinates":[-89.3478622885029,48.3570667565489]},"properties":{"OBJECTID":1260,"LOC_ID":"NC0116","FDMID":1295,"X_COORD":326078.58914,"Y_COORD":5358650.43825,"BEAT":"S 15","ROT_ANGLE":0,"NODE_ID":5663,"GLOBALID":"af5b41f6-bb89-4282-b44d-d5176592e310","CREATEDDATE":1520794199000,"LASTUPDATE":1643920963000}},{"type":"Feature","id":1261,"geometry":{"type":"Point","coordinates":[-89.3379056211505,48.3552293687299]},"properties":{"OBJECTID":1261,"LOC_ID":"NC0125","FDMID":1303,"X_COORD":326809.87055,"Y_COORD":5358423.67114,"BEAT":"S 15","ROT_ANGLE":0,"NODE_ID":6123,"GLOBALID":"7b0d5d56-050c-4f1d-b780-3ef58feb796c","CREATEDDATE":1520794199000,"LASTUPDATE":1643920963000}},{"type":"Feature","id":1262,"geometry":{"type":"Point","coordinates":[-89.3460342807686,48.3392856309719]},"properties":{"OBJECTID":1262,"LOC_ID":"NC0243","FDMID":1419,"X_COORD":326153.51087,"Y_COORD":5356670.05066,"BEAT":"S 16","ROT_ANGLE":0,"NODE_ID":4330,"GLOBALID":"5f937e92-1d56-4014-8d3d-5f920f90c59e","CREATEDDATE":1520794199000,"LASTUPDATE":1643920963000}},{"type":"Feature","id":1263,"geometry":{"type":"Point","coordinates":[-89.3301750986516,48.3227098235284]},"properties":{"OBJECTID":1263,"LOC_ID":"NC0347","FDMID":1522,"X_COORD":327272.64892,"Y_COORD":5354791.93533,"BEAT":"S 17","ROT_ANGLE":0,"NODE_ID":6684,"GLOBALID":"f9d32c88-af58-4baf-8117-db6989e1d187","CREATEDDATE":1520794199000,"LASTUPDATE":1643920963000}},{"type":"Feature","id":1264,"geometry":{"type":"Point","coordinates":[-89.3318251851473,48.3175728040779]},"properties":{"OBJECTID":1264,"LOC_ID":"NC0343","FDMID":1518,"X_COORD":327132.97685,"Y_COORD":5354224.71767,"BEAT":"S 17","ROT_ANGLE":0,"NODE_ID":8111,"GLOBALID":"a21a9c87-d293-4b1e-9314-0eebb620acf0","CREATEDDATE":1520794199000,"LASTUPDATE":1643920963000}},{"type":"Feature","id":1265,"geometry":{"type":"Point","coordinates":[-89.3772434431057,48.3131883600847]},"properties":{"OBJECTID":1265,"LOC_ID":"NP0064","FDMID":3604,"X_COORD":323751.04379,"Y_COORD":5353840.82083,"BEAT":"S 16","ROT_ANGLE":0,"NODE_ID":2670,"GLOBALID":"e3c8e1fa-026d-4b78-8604-330c37410408","CREATEDDATE":1520794199000,"LASTUPDATE":1643920963000}},{"type":"Feature","id":1266,"geometry":{"type":"Point","coordinates":[-89.3623761058533,48.316740450868]},"properties":{"OBJECTID":1266,"LOC_ID":"NC0465","FDMID":1638,"X_COORD":324865.40591,"Y_COORD":5354201.53917,"BEAT":"S 16","ROT_ANGLE":0,"NODE_ID":10092,"GLOBALID":"1c2c034e-e09f-4383-bcb1-ce20fde11910","CREATEDDATE":1520794199000,"LASTUPDATE":1643920963000}},{"type":"Feature","id":1267,"geometry":{"type":"Point","coordinates":[-89.2554771508985,48.4578619349239]},"properties":{"OBJECTID":1267,"LOC_ID":"MC0154","FDMID":3151,"X_COORD":333251.69686,"Y_COORD":5369647.61867,"BEAT":"N 12","ROT_ANGLE":0,"NODE_ID":7939,"GLOBALID":"2bb559f1-ea08-4984-b2bc-35404f078ba6","CREATEDDATE":1520794199000,"LASTUPDATE":1643920963000}},{"type":"Feature","id":1268,"geometry":{"type":"Point","coordinates":[-89.2388071426228,48.4554736017199]},"properties":{"OBJECTID":1268,"LOC_ID":"PC0874","FDMID":2590,"X_COORD":334478.41814,"Y_COORD":5369345.45368,"BEAT":"N 8","ROT_ANGLE":0,"NODE_ID":6525,"GLOBALID":"769ba4d4-b49d-4379-891f-ec9c4ac2b18d","CREATEDDATE":1520794199000,"LASTUPDATE":1643920963000}},{"type":"Feature","id":1269,"geometry":{"type":"Point","coordinates":[-89.2398458884784,48.454921914507]},"properties":{"OBJECTID":1269,"LOC_ID":"PC0877","FDMID":2593,"X_COORD":334396.9336,"Y_COORD":5369287.03627,"BEAT":"N 8","ROT_ANGLE":0,"NODE_ID":2649,"GLOBALID":"3ed54e67-0e0a-4190-a640-aa168061845e","CREATEDDATE":1520794199000,"LASTUPDATE":1644350473000}},{"type":"Feature","id":1270,"geometry":{"type":"Point","coordinates":[-89.2731245931871,48.4536838154788]},"properties":{"OBJECTID":1270,"LOC_ID":"MC0100","FDMID":3097,"X_COORD":331933.30223,"Y_COORD":5369221.85432,"BEAT":"N 15","ROT_ANGLE":0,"NODE_ID":4738,"GLOBALID":"2fd58f5a-9718-4bd3-abea-ec4be22667d0","CREATEDDATE":1520794199000,"LASTUPDATE":1643920963000}},{"type":"Feature","id":1271,"geometry":{"type":"Point","coordinates":[-89.2884595438567,48.4483763570359]},"properties":{"OBJECTID":1271,"LOC_ID":"MC0283","FDMID":3437,"X_COORD":330781.91254,"Y_COORD":5368665.75064,"BEAT":"N 15","ROT_ANGLE":0,"NODE_ID":5444,"GLOBALID":"6a41f6dd-2ec0-4f8e-92c1-90002ff9722e","CREATEDDATE":1520794199000,"LASTUPDATE":1643920963000}},{"type":"Feature","id":1272,"geometry":{"type":"Point","coordinates":[-89.2617065132546,48.4399927913733]},"properties":{"OBJECTID":1272,"LOC_ID":"PC0947","FDMID":2663,"X_COORD":332732.4774,"Y_COORD":5367675.16709,"BEAT":"N 4","ROT_ANGLE":0,"NODE_ID":9622,"GLOBALID":"465b2915-0fd4-4969-a6fc-a2bcfd28b685","CREATEDDATE":1520794199000,"LASTUPDATE":1643920963000}},{"type":"Feature","id":1273,"geometry":{"type":"Point","coordinates":[-89.3187215498494,48.3535577475203]},"properties":{"OBJECTID":1273,"LOC_ID":"NC0145","FDMID":1323,"X_COORD":328225.30837,"Y_COORD":5358194.69578,"BEAT":"S 15","ROT_ANGLE":0,"NODE_ID":1697,"GLOBALID":"f2751ca8-e62e-4900-b716-3820aeceaab0","CREATEDDATE":1520794199000,"LASTUPDATE":1643920963000}},{"type":"Feature","id":1274,"geometry":{"type":"Point","coordinates":[-89.3318197158689,48.3515197680138]},"properties":{"OBJECTID":1274,"LOC_ID":"NC0151","FDMID":1329,"X_COORD":327248.14255,"Y_COORD":5357997.6362,"BEAT":"S 15","ROT_ANGLE":0,"NODE_ID":2641,"GLOBALID":"8982a3c1-c5c6-4929-8dd2-05fe67695b65","CREATEDDATE":1520794199000,"LASTUPDATE":1643920963000}},{"type":"Feature","id":1275,"geometry":{"type":"Point","coordinates":[-89.1882792077963,48.4747314439178]},"properties":{"OBJECTID":1275,"LOC_ID":"PC0835","FDMID":2551,"X_COORD":338273.06032,"Y_COORD":5371378.31743,"BEAT":"N 11","ROT_ANGLE":0,"NODE_ID":5152,"GLOBALID":"e47cc767-db39-4cd8-9657-aa3e34d437e9","CREATEDDATE":1520794199000,"LASTUPDATE":1643920963000}},{"type":"Feature","id":1276,"geometry":{"type":"Point","coordinates":[-89.2629777944003,48.4652319852212]},"properties":{"OBJECTID":1276,"LOC_ID":"MC0297","FDMID":3537,"X_COORD":332721.43766,"Y_COORD":5370483.13125,"BEAT":"N 15","ROT_ANGLE":0,"NODE_ID":1643,"GLOBALID":"fabce473-5476-445a-8f57-6770e6f393ad","CREATEDDATE":1520794199000,"LASTUPDATE":1643920963000}},{"type":"Feature","id":1277,"geometry":{"type":"Point","coordinates":[-89.1824997264951,48.4642563861427]},"properties":{"OBJECTID":1277,"LOC_ID":"PC0040","FDMID":1764,"X_COORD":338666.96701,"Y_COORD":5370201.84818,"BEAT":"N 11","ROT_ANGLE":0,"NODE_ID":4563,"GLOBALID":"7bc541d3-0874-422d-bf20-e52b03409367","CREATEDDATE":1520794199000,"LASTUPDATE":1644265915000}},{"type":"Feature","id":1278,"geometry":{"type":"Point","coordinates":[-89.1805447228206,48.4644475322739]},"properties":{"OBJECTID":1278,"LOC_ID":"PC0041","FDMID":1765,"X_COORD":338811.77955,"Y_COORD":5370221.56581,"BEAT":"N 11","ROT_ANGLE":0,"NODE_ID":6196,"GLOBALID":"d36d455c-ade6-4081-a72a-e5d04f957640","CREATEDDATE":1520794199000,"LASTUPDATE":1670454693000}},{"type":"Feature","id":1279,"geometry":{"type":"Point","coordinates":[-89.1851043662393,48.4626475255925]},"properties":{"OBJECTID":1279,"LOC_ID":"PC0031","FDMID":1755,"X_COORD":338469.3263,"Y_COORD":5370028.52952,"BEAT":"N 11","ROT_ANGLE":0,"NODE_ID":10284,"GLOBALID":"09c65976-2986-4d01-aa78-eb2411e961ec","CREATEDDATE":1520794199000,"LASTUPDATE":1644266384000}},{"type":"Feature","id":1280,"geometry":{"type":"Point","coordinates":[-89.2495242829851,48.4619863355193]},"properties":{"OBJECTID":1280,"LOC_ID":"MC0074","FDMID":3071,"X_COORD":333705.24796,"Y_COORD":5370093.06507,"BEAT":"N 12","ROT_ANGLE":0,"NODE_ID":8725,"GLOBALID":"cab27035-6237-44b7-9742-90257bf321f5","CREATEDDATE":1520794199000,"LASTUPDATE":1643920964000}},{"type":"Feature","id":1281,"geometry":{"type":"Point","coordinates":[-89.2173120823694,48.4602216016416]},"properties":{"OBJECTID":1281,"LOC_ID":"PC0735","FDMID":2452,"X_COORD":336080.70857,"Y_COORD":5369827.41182,"BEAT":"N 9","ROT_ANGLE":0,"NODE_ID":8489,"GLOBALID":"171d103d-8054-4414-a3ad-217a69f466c2","CREATEDDATE":1520794199000,"LASTUPDATE":1644277756000}},{"type":"Feature","id":1282,"geometry":{"type":"Point","coordinates":[-89.2564262279819,48.4573784591024]},"properties":{"OBJECTID":1282,"LOC_ID":"MC0172","FDMID":3169,"X_COORD":333179.95004,"Y_COORD":5369595.9507,"BEAT":"N 12","ROT_ANGLE":0,"NODE_ID":840,"GLOBALID":"ef7bb298-2940-4425-a1ae-c95faf5398f3","CREATEDDATE":1520794199000,"LASTUPDATE":1643920964000}},{"type":"Feature","id":1283,"geometry":{"type":"Point","coordinates":[-89.2302083928094,48.4560769345276]},"properties":{"OBJECTID":1283,"LOC_ID":"PC0224","FDMID":1947,"X_COORD":335113.94505,"Y_COORD":5369394.47,"BEAT":"N 8","ROT_ANGLE":0,"NODE_ID":2034,"GLOBALID":"32a19e41-a418-4188-9b57-a5dfdbc0c60f","CREATEDDATE":1520794199000,"LASTUPDATE":1644346807000}},{"type":"Feature","id":1284,"geometry":{"type":"Point","coordinates":[-89.2833467131872,48.4546041851495]},"properties":{"OBJECTID":1284,"LOC_ID":"MC0270","FDMID":3424,"X_COORD":331180.6095,"Y_COORD":5369346.64792,"BEAT":"N 15","ROT_ANGLE":0,"NODE_ID":2963,"GLOBALID":"bea30855-ed93-4e83-8bad-c39ddb8a461a","CREATEDDATE":1520794199000,"LASTUPDATE":1643920964000}},{"type":"Feature","id":1285,"geometry":{"type":"Point","coordinates":[-89.2364753550947,48.4543375843227]},"properties":{"OBJECTID":1285,"LOC_ID":"PC0791","FDMID":2508,"X_COORD":334644.983,"Y_COORD":5369214.6748,"BEAT":"N 8","ROT_ANGLE":0,"NODE_ID":7543,"GLOBALID":"1d623132-92be-45a8-9dbc-82739a8f473f","CREATEDDATE":1520794199000,"LASTUPDATE":1644350448000}},{"type":"Feature","id":1286,"geometry":{"type":"Point","coordinates":[-89.2304482294147,48.4541118708857]},"properties":{"OBJECTID":1286,"LOC_ID":"PC0226","FDMID":1949,"X_COORD":335089.84752,"Y_COORD":5369176.57842,"BEAT":"N 8","ROT_ANGLE":0,"NODE_ID":9523,"GLOBALID":"f34ec2cc-3356-49ac-b4ab-d58098e33d08","CREATEDDATE":1520794199000,"LASTUPDATE":1643920964000}},{"type":"Feature","id":1287,"geometry":{"type":"Point","coordinates":[-89.2605258253508,48.4461634464895]},"properties":{"OBJECTID":1287,"LOC_ID":"MC0303","FDMID":2377,"X_COORD":332838.36361,"Y_COORD":5368360.63422,"BEAT":"N 13","ROT_ANGLE":0,"NODE_ID":6514,"GLOBALID":"71109eaf-6b05-4a38-a866-9af53dafc8cc","CREATEDDATE":1520794199000,"LASTUPDATE":1644366612000}},{"type":"Feature","id":1288,"geometry":{"type":"Point","coordinates":[-89.2604115147969,48.4436091927728]},"properties":{"OBJECTID":1288,"LOC_ID":"PC0930","FDMID":2646,"X_COORD":332840.11772,"Y_COORD":5368074.27749,"BEAT":"N 4","ROT_ANGLE":0,"NODE_ID":2634,"GLOBALID":"d8f3af0b-35c4-4704-b561-f84496077284","CREATEDDATE":1520794199000,"LASTUPDATE":1643920964000}},{"type":"Feature","id":1289,"geometry":{"type":"Point","coordinates":[-89.2710823490337,48.4357888662922]},"properties":{"OBJECTID":1289,"LOC_ID":"PC1130","FDMID":2844,"X_COORD":332025.2559,"Y_COORD":5367228.45169,"BEAT":"N 4","ROT_ANGLE":0,"NODE_ID":10095,"GLOBALID":"e95f75e9-cd1b-4ba6-9b65-b0bd2525a6d9","CREATEDDATE":1520794199000,"LASTUPDATE":1643920964000}},{"type":"Feature","id":1290,"geometry":{"type":"Point","coordinates":[-89.2501203032424,48.4261558600152]},"properties":{"OBJECTID":1290,"LOC_ID":"PC0969","FDMID":2683,"X_COORD":333544.11363,"Y_COORD":5366111.98885,"BEAT":"N 3","ROT_ANGLE":0,"NODE_ID":5259,"GLOBALID":"3a7d4f40-9bb3-4927-831e-e284c7cd826c","CREATEDDATE":1520794199000,"LASTUPDATE":1643920964000}},{"type":"Feature","id":1291,"geometry":{"type":"Point","coordinates":[-89.2627822825526,48.4222762164533]},"properties":{"OBJECTID":1291,"LOC_ID":"PP0046","FDMID":2913,"X_COORD":332594.72559,"Y_COORD":5365708.40484,"BEAT":"N 1","ROT_ANGLE":0,"NODE_ID":7315,"GLOBALID":"698399f1-4109-47f4-b99a-13c1ae330bd1","CREATEDDATE":1520794199000,"LASTUPDATE":1643920964000}},{"type":"Feature","id":1292,"geometry":{"type":"Point","coordinates":[-89.2676726276095,48.4199152334257]},"properties":{"OBJECTID":1292,"LOC_ID":"PP0052","FDMID":2919,"X_COORD":332225.17449,"Y_COORD":5365456.70411,"BEAT":"N 1","ROT_ANGLE":0,"NODE_ID":6440,"GLOBALID":"99145973-cdd4-42cf-b2bf-9cc9a6a0df77","CREATEDDATE":1520794199000,"LASTUPDATE":1643920964000}},{"type":"Feature","id":1293,"geometry":{"type":"Point","coordinates":[-89.2782419512643,48.407775333932]},"properties":{"OBJECTID":1293,"LOC_ID":"PC0859","FDMID":3522,"X_COORD":331367.127,"Y_COORD":5364107.34808,"BEAT":"N 1","ROT_ANGLE":0,"NODE_ID":1803,"GLOBALID":"51685122-b6f8-422c-8c65-3c6e1848f3ff","CREATEDDATE":1520794199000,"LASTUPDATE":1643920964000}},{"type":"Feature","id":1294,"geometry":{"type":"Point","coordinates":[-89.2601887802405,48.4085439525886]},"properties":{"OBJECTID":1294,"LOC_ID":"PC1149","FDMID":2863,"X_COORD":332741.54057,"Y_COORD":5364176.49777,"BEAT":"N 1","ROT_ANGLE":0,"NODE_ID":4304,"GLOBALID":"53ada9ed-1da1-4241-b608-907fd4f8190d","CREATEDDATE":1520794199000,"LASTUPDATE":1643920964000}},{"type":"Feature","id":1295,"geometry":{"type":"Point","coordinates":[-89.2471012291208,48.4049236690849]},"properties":{"OBJECTID":1295,"LOC_ID":"PC1014","FDMID":2728,"X_COORD":333698.1862,"Y_COORD":5363745.61521,"BEAT":"N 2","ROT_ANGLE":0,"NODE_ID":8239,"GLOBALID":"68a0ba3a-b7bb-4968-8273-6e64288b76fa","CREATEDDATE":1520794199000,"LASTUPDATE":1643920964000}},{"type":"Feature","id":1296,"geometry":{"type":"Point","coordinates":[-89.2519825717535,48.405071139249]},"properties":{"OBJECTID":1296,"LOC_ID":"PC0907","FDMID":2623,"X_COORD":333332.58953,"Y_COORD":5363773.10731,"BEAT":"N 2","ROT_ANGLE":0,"NODE_ID":9198,"GLOBALID":"f82cad46-0488-4ab7-a1ca-e22f1ae12b38","CREATEDDATE":1520794199000,"LASTUPDATE":1643920964000}},{"type":"Feature","id":1297,"geometry":{"type":"Point","coordinates":[-89.2896613092472,48.3995079543379]},"properties":{"OBJECTID":1297,"LOC_ID":"FC1083","FDMID":1074,"X_COORD":330530.58044,"Y_COORD":5363236.99876,"BEAT":"S 1","ROT_ANGLE":0,"NODE_ID":7585,"GLOBALID":"6ad3180b-967b-4516-8663-3b73eab51812","CREATEDDATE":1520794199000,"LASTUPDATE":1643920964000}},{"type":"Feature","id":1298,"geometry":{"type":"Point","coordinates":[-89.2301129028928,48.3962826777362]},"properties":{"OBJECTID":1298,"LOC_ID":"FC0722","FDMID":713,"X_COORD":334927.40246,"Y_COORD":5362748.45553,"BEAT":"S 11","ROT_ANGLE":0,"NODE_ID":8198,"GLOBALID":"6bb9c102-eb92-4ee6-b49d-8be63a49a49e","CREATEDDATE":1520794199000,"LASTUPDATE":1643920964000}},{"type":"Feature","id":1299,"geometry":{"type":"Point","coordinates":[-89.2754934288907,48.3967442249438]},"properties":{"OBJECTID":1299,"LOC_ID":"FC0997","FDMID":988,"X_COORD":331570.31855,"Y_COORD":5362896.05003,"BEAT":"S 4","ROT_ANGLE":0,"NODE_ID":1446,"GLOBALID":"3804de9f-cc45-4bd3-acd2-ae78ef2091a4","CREATEDDATE":1520794199000,"LASTUPDATE":1673482701000}},{"type":"Feature","id":1300,"geometry":{"type":"Point","coordinates":[-89.2579947477532,48.3947450960341]},"properties":{"OBJECTID":1300,"LOC_ID":"FC0059","FDMID":38,"X_COORD":332858.68489,"Y_COORD":5362638.0627,"BEAT":"S 9","ROT_ANGLE":0,"NODE_ID":10317,"GLOBALID":"6e407635-bdfd-417b-b940-a4cd18b348b3","CREATEDDATE":1520794199000,"LASTUPDATE":1643920964000}},{"type":"Feature","id":1301,"geometry":{"type":"Point","coordinates":[-89.239378300851,48.3916502013297]},"properties":{"OBJECTID":1301,"LOC_ID":"FC0364","FDMID":359,"X_COORD":334222.20284,"Y_COORD":5362254.82174,"BEAT":"S 11","ROT_ANGLE":0,"NODE_ID":3263,"GLOBALID":"4d97f814-5630-4abe-a862-5cc8b22e65f0","CREATEDDATE":1520794199000,"LASTUPDATE":1672948545000}},{"type":"Feature","id":1302,"geometry":{"type":"Point","coordinates":[-89.2838932465251,48.388793605286]},"properties":{"OBJECTID":1302,"LOC_ID":"FP0062","FDMID":3334,"X_COORD":330921.98806,"Y_COORD":5362033.4355,"BEAT":"S 1","ROT_ANGLE":0,"NODE_ID":8257,"GLOBALID":"85776a22-b379-4c5d-8db6-c08ae249bc87","CREATEDDATE":1520794199000,"LASTUPDATE":1643920964000}},{"type":"Feature","id":1303,"geometry":{"type":"Point","coordinates":[-89.2476838825597,48.3890898566559]},"properties":{"OBJECTID":1303,"LOC_ID":"FC0727","FDMID":718,"X_COORD":333605.00323,"Y_COORD":5361987.68676,"BEAT":"S 9","ROT_ANGLE":0,"NODE_ID":4442,"GLOBALID":"d73fe7fa-700d-4fe8-8177-105c36d4a2b3","CREATEDDATE":1520794199000,"LASTUPDATE":1674263672000}},{"type":"Feature","id":1304,"geometry":{"type":"Point","coordinates":[-89.2487929777053,48.3870815506259]},"properties":{"OBJECTID":1304,"LOC_ID":"FC0028","FDMID":11,"X_COORD":333515.94467,"Y_COORD":5361766.21527,"BEAT":"S 9","ROT_ANGLE":0,"NODE_ID":420,"GLOBALID":"8dbb42ca-3bed-4524-a09e-bf52daa1ce64","CREATEDDATE":1520794199000,"LASTUPDATE":1643920964000}},{"type":"Feature","id":1305,"geometry":{"type":"Point","coordinates":[-89.2681985776087,48.3853858657709]},"properties":{"OBJECTID":1305,"LOC_ID":"FP0940","FDMID":931,"X_COORD":332075.4534,"Y_COORD":5361616.18724,"BEAT":"S 7","ROT_ANGLE":0,"NODE_ID":5291,"GLOBALID":"26fb9a8c-fa63-4320-ba56-9742e5ed2e70","CREATEDDATE":1520794199000,"LASTUPDATE":1643920964000}},{"type":"Feature","id":1306,"geometry":{"type":"Point","coordinates":[-89.3418561315911,48.3820197018193]},"properties":{"OBJECTID":1306,"LOC_ID":"NC0030","FDMID":1208,"X_COORD":326608.22319,"Y_COORD":5361410.16689,"BEAT":"S 13","ROT_ANGLE":0,"NODE_ID":8404,"GLOBALID":"a656855e-e999-4b7a-a032-8d476b66e348","CREATEDDATE":1520794199000,"LASTUPDATE":1643920965000}},{"type":"Feature","id":1307,"geometry":{"type":"Point","coordinates":[-89.3082497513397,48.3828827158335]},"properties":{"OBJECTID":1307,"LOC_ID":"NP0015","FDMID":3274,"X_COORD":329099.18665,"Y_COORD":5361430.52836,"BEAT":"S 13","ROT_ANGLE":0,"NODE_ID":7900,"GLOBALID":"add35ba9-2a56-4575-a95b-461e7f7f061d","CREATEDDATE":1520794199000,"LASTUPDATE":1643920965000}},{"type":"Feature","id":1308,"geometry":{"type":"Point","coordinates":[-89.2975711221942,48.3823943924816]},"properties":{"OBJECTID":1308,"LOC_ID":"FC0836","FDMID":827,"X_COORD":329888.14972,"Y_COORD":5361352.48702,"BEAT":"S 2","ROT_ANGLE":0,"NODE_ID":2577,"GLOBALID":"e8bf0848-ab56-43ca-bd8a-1e6ccc8d6c52","CREATEDDATE":1520794199000,"LASTUPDATE":1643920965000}},{"type":"Feature","id":1309,"geometry":{"type":"Point","coordinates":[-89.3057377865955,48.3822513148639]},"properties":{"OBJECTID":1309,"LOC_ID":"FC0829","FDMID":820,"X_COORD":329283.04789,"Y_COORD":5361354.75185,"BEAT":"S 2","ROT_ANGLE":0,"NODE_ID":3544,"GLOBALID":"f890a947-7f18-4631-a6ab-835231a75c12","CREATEDDATE":1520794199000,"LASTUPDATE":1643920965000}},{"type":"Feature","id":1310,"geometry":{"type":"Point","coordinates":[-89.3538393897399,48.3807312522558]},"properties":{"OBJECTID":1310,"LOC_ID":"NC0043","FDMID":1221,"X_COORD":325716.63509,"Y_COORD":5361294.1715,"BEAT":"S 13","ROT_ANGLE":0,"NODE_ID":6979,"GLOBALID":"fa4e0dc1-5b44-4f64-99de-50e2874a1789","CREATEDDATE":1520794199000,"LASTUPDATE":1643920965000}},{"type":"Feature","id":1311,"geometry":{"type":"Point","coordinates":[-89.3628337489407,48.3782140427043]},"properties":{"OBJECTID":1311,"LOC_ID":"NC0471","FDMID":1644,"X_COORD":325042.0948,"Y_COORD":5361034.9011,"BEAT":"S 13","ROT_ANGLE":0,"NODE_ID":1007,"GLOBALID":"f08844ab-48d3-4fdf-874d-21403754cad2","CREATEDDATE":1520794199000,"LASTUPDATE":1643920965000}},{"type":"Feature","id":1312,"geometry":{"type":"Point","coordinates":[-89.2633313402452,48.3785253860405]},"properties":{"OBJECTID":1312,"LOC_ID":"FC0356","FDMID":351,"X_COORD":332410.39049,"Y_COORD":5360846.99505,"BEAT":"S 8","ROT_ANGLE":0,"NODE_ID":8791,"GLOBALID":"25251262-4a12-42eb-be5a-b86bfc9af42b","CREATEDDATE":1520794199000,"LASTUPDATE":1643920965000}},{"type":"Feature","id":1313,"geometry":{"type":"Point","coordinates":[-89.3882723915222,48.3747559271563]},"properties":{"OBJECTID":1313,"LOC_ID":"NC0413","FDMID":1587,"X_COORD":323146.61909,"Y_COORD":5360708.96471,"BEAT":"S 14","ROT_ANGLE":0,"NODE_ID":139,"GLOBALID":"64b024ff-3f89-43c6-a746-f51628a4f961","CREATEDDATE":1520794199000,"LASTUPDATE":1643920965000}},{"type":"Feature","id":1314,"geometry":{"type":"Point","coordinates":[-89.2811786896136,48.3761241233103]},"properties":{"OBJECTID":1314,"LOC_ID":"FC0531","FDMID":523,"X_COORD":331073.16399,"Y_COORD":5360615.78199,"BEAT":"S 5","ROT_ANGLE":0,"NODE_ID":6429,"GLOBALID":"ada2c81a-f55e-497d-8294-bbc322a1345a","CREATEDDATE":1520794199000,"LASTUPDATE":1643920965000}},{"type":"Feature","id":1315,"geometry":{"type":"Point","coordinates":[-89.2838087733091,48.3732960018658]},"properties":{"OBJECTID":1315,"LOC_ID":"FC0139","FDMID":132,"X_COORD":330876.90748,"Y_COORD":5360310.79255,"BEAT":"S 5","ROT_ANGLE":0,"NODE_ID":7877,"GLOBALID":"ac99ba14-6a7a-4037-841b-8f758b969df5","CREATEDDATE":1520794199000,"LASTUPDATE":1643920965000}},{"type":"Feature","id":1316,"geometry":{"type":"Point","coordinates":[-89.2503367546349,48.3724275435633]},"properties":{"OBJECTID":1316,"LOC_ID":"FP0008","FDMID":1148,"X_COORD":333352.60745,"Y_COORD":5360140.9066,"BEAT":"S 10","ROT_ANGLE":0,"NODE_ID":10419,"GLOBALID":"47817291-8cdf-47f1-b1e8-0641fcf345ea","CREATEDDATE":1520794199000,"LASTUPDATE":1643920965000}},{"type":"Feature","id":1317,"geometry":{"type":"Point","coordinates":[-89.2441184438614,48.3705263553435]},"properties":{"OBJECTID":1317,"LOC_ID":"FP0039","FDMID":3301,"X_COORD":333806.89225,"Y_COORD":5359916.09841,"BEAT":"S 12","ROT_ANGLE":0,"NODE_ID":5054,"GLOBALID":"4832d4a2-7c86-4ac1-91f9-b02de19cfdb9","CREATEDDATE":1520794199000,"LASTUPDATE":1643920965000}},{"type":"Feature","id":1318,"geometry":{"type":"Point","coordinates":[-89.2674374833012,48.3682638476167]},"properties":{"OBJECTID":1318,"LOC_ID":"FC0098","FDMID":91,"X_COORD":332072.60822,"Y_COORD":5359715.48426,"BEAT":"S 6","ROT_ANGLE":0,"NODE_ID":3677,"GLOBALID":"56bff67f-568a-425d-922c-cfef764fab73","CREATEDDATE":1520794199000,"LASTUPDATE":1643920965000}},{"type":"Feature","id":1319,"geometry":{"type":"Point","coordinates":[-89.3224166543378,48.3625760721998]},"properties":{"OBJECTID":1319,"LOC_ID":"NC0186","FDMID":1363,"X_COORD":327979.74165,"Y_COORD":5359215.04471,"BEAT":"S 15","ROT_ANGLE":0,"NODE_ID":557,"GLOBALID":"b616ad16-6376-416a-9bca-d5b9d84f2a48","CREATEDDATE":1520794199000,"LASTUPDATE":1643920965000}},{"type":"Feature","id":1320,"geometry":{"type":"Point","coordinates":[-89.3327023873263,48.3625691752748]},"properties":{"OBJECTID":1320,"LOC_ID":"NC0191","FDMID":1368,"X_COORD":327219.93928,"Y_COORD":5359237.42653,"BEAT":"S 15","ROT_ANGLE":0,"NODE_ID":2304,"GLOBALID":"0d508501-6bc8-4ca5-9253-4d6801b2fa5d","CREATEDDATE":1520794199000,"LASTUPDATE":1643920965000}},{"type":"Feature","id":1321,"geometry":{"type":"Point","coordinates":[-89.2886881057483,48.3639217154395]},"properties":{"OBJECTID":1321,"LOC_ID":"FC0319","FDMID":314,"X_COORD":330484.48943,"Y_COORD":5359279.69265,"BEAT":"S 6","ROT_ANGLE":0,"NODE_ID":5285,"GLOBALID":"b4ac7212-810b-4bb4-a6e4-372436d0494f","CREATEDDATE":1520794199000,"LASTUPDATE":1643920965000}},{"type":"Feature","id":1322,"geometry":{"type":"Point","coordinates":[-89.3203638483092,48.326085869374]},"properties":{"OBJECTID":1322,"LOC_ID":"NC0353","FDMID":1528,"X_COORD":328011.23657,"Y_COORD":5355145.09911,"BEAT":"S 17","ROT_ANGLE":0,"NODE_ID":10022,"GLOBALID":"c24d8ad5-bd01-4d91-aef1-cc6746dba92e","CREATEDDATE":1520794199000,"LASTUPDATE":1643920965000}},{"type":"Feature","id":1323,"geometry":{"type":"Point","coordinates":[-89.2126538415246,48.3343420859168]},"properties":{"OBJECTID":1323,"LOC_ID":"FC1118","FDMID":1107,"X_COORD":336020.84988,"Y_COORD":5355826.69706,"BEAT":"S 12","ROT_ANGLE":333.6,"NODE_ID":7337,"GLOBALID":"8a50f530-0e60-4f58-8597-441d49387718","CREATEDDATE":1520794199000,"LASTUPDATE":1643920965000}},{"type":"Feature","id":1324,"geometry":{"type":"Point","coordinates":[-89.3618696140578,48.3181405854682]},"properties":{"OBJECTID":1324,"LOC_ID":"NC0390","FDMID":1565,"X_COORD":324907.74575,"Y_COORD":5354355.9952299995,"BEAT":"S 16","ROT_ANGLE":0,"NODE_ID":3212,"GLOBALID":"6f080f18-f46e-4967-938d-15b6059efecc","CREATEDDATE":1520794199000,"LASTUPDATE":1643920965000}},{"type":"Feature","id":1325,"geometry":{"type":"Point","coordinates":[-89.1964518633661,48.4698080970193]},"properties":{"OBJECTID":1325,"LOC_ID":"PC1120","FDMID":2834,"X_COORD":337653.36445,"Y_COORD":5370848.42303,"BEAT":"N 11","ROT_ANGLE":0,"NODE_ID":10088,"GLOBALID":"be62043a-1fb0-49a7-8615-6629688f95fd","CREATEDDATE":1520794199000,"LASTUPDATE":1643920965000}},{"type":"Feature","id":1326,"geometry":{"type":"Point","coordinates":[-89.1852670069907,48.4716590568376]},"properties":{"OBJECTID":1326,"LOC_ID":"PC0796","FDMID":2513,"X_COORD":338485.91792,"Y_COORD":5371030.46642,"BEAT":"N 11","ROT_ANGLE":0,"NODE_ID":4340,"GLOBALID":"2c87368a-816a-4667-8778-a06029f960a4","CREATEDDATE":1520794199000,"LASTUPDATE":1643920965000}},{"type":"Feature","id":1327,"geometry":{"type":"Point","coordinates":[-89.2085956460401,48.4639931389374]},"properties":{"OBJECTID":1327,"LOC_ID":"PC1118","FDMID":2832,"X_COORD":336737.15939,"Y_COORD":5370227.96095,"BEAT":"N 9","ROT_ANGLE":0,"NODE_ID":8864,"GLOBALID":"7b317efd-c36c-4311-8f76-e97e5dd1595a","CREATEDDATE":1520794199000,"LASTUPDATE":1643920965000}},{"type":"Feature","id":1328,"geometry":{"type":"Point","coordinates":[-89.2705054132745,48.4601256234984]},"properties":{"OBJECTID":1328,"LOC_ID":"MC0321","FDMID":3625,"X_COORD":332148.18787,"Y_COORD":5369932.07614,"BEAT":"N 15","ROT_ANGLE":0,"NODE_ID":2639,"GLOBALID":"ed6d0080-d8bb-4283-8c85-07ebbd402f81","CREATEDDATE":1520794199000,"LASTUPDATE":1643920965000}},{"type":"Feature","id":1329,"geometry":{"type":"Point","coordinates":[-89.242404282109,48.4599034706001]},"properties":{"OBJECTID":1329,"LOC_ID":"MC0096","FDMID":3093,"X_COORD":334224.7736,"Y_COORD":5369846.11442,"BEAT":"N 12","ROT_ANGLE":0,"NODE_ID":2509,"GLOBALID":"2801813a-3538-417c-85dd-12be4315664d","CREATEDDATE":1520794199000,"LASTUPDATE":1643920965000}},{"type":"Feature","id":1330,"geometry":{"type":"Point","coordinates":[-89.2088729270333,48.456509209725]},"properties":{"OBJECTID":1330,"LOC_ID":"PC0285","FDMID":2008,"X_COORD":336692.65072,"Y_COORD":5369396.74533,"BEAT":"N 9","ROT_ANGLE":0,"NODE_ID":8605,"GLOBALID":"e58548e1-7bab-4e4f-a299-befba4bebd7a","CREATEDDATE":1520794199000,"LASTUPDATE":1644278422000}},{"type":"Feature","id":1331,"geometry":{"type":"Point","coordinates":[-89.2447926630164,48.4550426780914]},"properties":{"OBJECTID":1331,"LOC_ID":"MC0107","FDMID":3104,"X_COORD":334032.36707,"Y_COORD":5369311.04702,"BEAT":"N 12","ROT_ANGLE":0,"NODE_ID":9870,"GLOBALID":"0c280d77-a1cc-4bf5-8f2e-07032dc064aa","CREATEDDATE":1520794199000,"LASTUPDATE":1643920965000}},{"type":"Feature","id":1332,"geometry":{"type":"Point","coordinates":[-89.2412219930702,48.4539539308321]},"properties":{"OBJECTID":1332,"LOC_ID":"PC0890","FDMID":2606,"X_COORD":334292.09366,"Y_COORD":5369182.73957,"BEAT":"N 8","ROT_ANGLE":0,"NODE_ID":6593,"GLOBALID":"d9034a9a-ca4d-43ec-9af3-117b762a24b6","CREATEDDATE":1520794199000,"LASTUPDATE":1643920965000}},{"type":"Feature","id":1333,"geometry":{"type":"Point","coordinates":[-89.2726309631625,48.4520989804026]},"properties":{"OBJECTID":1333,"LOC_ID":"MC0134","FDMID":3131,"X_COORD":331966.54614,"Y_COORD":5369045.59064,"BEAT":"N 15","ROT_ANGLE":0,"NODE_ID":1650,"GLOBALID":"96b189e8-f40b-4732-8372-2766971ffcf2","CREATEDDATE":1520794199000,"LASTUPDATE":1643920965000}},{"type":"Feature","id":1334,"geometry":{"type":"Point","coordinates":[-89.2292362755577,48.4507345734096]},"properties":{"OBJECTID":1334,"LOC_ID":"PC0231","FDMID":1954,"X_COORD":335168.51376,"Y_COORD":5368798.59365,"BEAT":"N 8","ROT_ANGLE":0,"NODE_ID":2107,"GLOBALID":"46dd8d0d-09bf-4e97-82e1-1afa4380b724","CREATEDDATE":1520794199000,"LASTUPDATE":1643920965000}},{"type":"Feature","id":1335,"geometry":{"type":"Point","coordinates":[-89.2528150157326,48.4480691093955]},"properties":{"OBJECTID":1335,"LOC_ID":"PC0841","FDMID":2557,"X_COORD":333418.62959,"Y_COORD":5368555.35448,"BEAT":"N 4","ROT_ANGLE":0,"NODE_ID":4125,"GLOBALID":"147dd989-6672-400f-a9ce-1e0ade4fd228","CREATEDDATE":1520794199000,"LASTUPDATE":1681241830000}},{"type":"Feature","id":1336,"geometry":{"type":"Point","coordinates":[-89.2540286051626,48.4475204374647]},"properties":{"OBJECTID":1336,"LOC_ID":"PC0842","FDMID":2558,"X_COORD":333325.94966,"Y_COORD":5368493.99154,"BEAT":"N 4","ROT_ANGLE":0,"NODE_ID":3411,"GLOBALID":"076cf520-70b9-44ba-9fde-3ec63c390948","CREATEDDATE":1520794199000,"LASTUPDATE":1681241666000}},{"type":"Feature","id":1337,"geometry":{"type":"Point","coordinates":[-89.2588264374981,48.4471771080674]},"properties":{"OBJECTID":1337,"LOC_ID":"MC0304","FDMID":2380,"X_COORD":332966.2351,"Y_COORD":5368465.60395,"BEAT":"N 13","ROT_ANGLE":0,"NODE_ID":4117,"GLOBALID":"5016e1eb-8c49-4f22-a652-971bd5c0150f","CREATEDDATE":1520794199000,"LASTUPDATE":1644366608000}},{"type":"Feature","id":1338,"geometry":{"type":"Point","coordinates":[-89.2265080391299,48.4465540320567]},"properties":{"OBJECTID":1338,"LOC_ID":"PC0356","FDMID":2079,"X_COORD":335356.71625,"Y_COORD":5368328.07333,"BEAT":"N 8","ROT_ANGLE":0,"NODE_ID":10020,"GLOBALID":"addc19ea-6211-4135-a77e-c6e31f677512","CREATEDDATE":1520794199000,"LASTUPDATE":1643920966000}},{"type":"Feature","id":1339,"geometry":{"type":"Point","coordinates":[-89.2637316714673,48.4459272154603]},"properties":{"OBJECTID":1339,"LOC_ID":"MC0002","FDMID":3000,"X_COORD":332602.73276,"Y_COORD":5368339.29227,"BEAT":"N 13","ROT_ANGLE":0,"NODE_ID":9418,"GLOBALID":"1aa2bfd6-7992-4207-9444-5d3e31cd4e6a","CREATEDDATE":1520794199000,"LASTUPDATE":1643920966000}},{"type":"Feature","id":1340,"geometry":{"type":"Point","coordinates":[-89.204781228806,48.44538388004]},"properties":{"OBJECTID":1340,"LOC_ID":"PC0147","FDMID":1870,"X_COORD":336959.52457,"Y_COORD":5368151.4981,"BEAT":"N 10","ROT_ANGLE":0,"NODE_ID":9474,"GLOBALID":"b5ac6fc7-df5c-4e97-901b-8dc47e95fe4b","CREATEDDATE":1520794199000,"LASTUPDATE":1643920966000}},{"type":"Feature","id":1341,"geometry":{"type":"Point","coordinates":[-89.2438379531747,48.4419980362523]},"properties":{"OBJECTID":1341,"LOC_ID":"PC0509","FDMID":2230,"X_COORD":334060.44028,"Y_COORD":5367859.13662,"BEAT":"N 8","ROT_ANGLE":0,"NODE_ID":835,"GLOBALID":"5691cd0b-b2cb-41d6-9c44-6d7c2d215374","CREATEDDATE":1520794199000,"LASTUPDATE":1643920966000}},{"type":"Feature","id":1342,"geometry":{"type":"Point","coordinates":[-89.2365466234657,48.442154244135]},"properties":{"OBJECTID":1342,"LOC_ID":"PC0372","FDMID":2095,"X_COORD":334600.13795,"Y_COORD":5367860.7164,"BEAT":"N 5","ROT_ANGLE":0,"NODE_ID":7804,"GLOBALID":"1d20594d-50f8-4414-966d-5fcd2925179f","CREATEDDATE":1520794199000,"LASTUPDATE":1643920966000}},{"type":"Feature","id":1343,"geometry":{"type":"Point","coordinates":[-89.2463238022878,48.4400674699204]},"properties":{"OBJECTID":1343,"LOC_ID":"PC0500","FDMID":2222,"X_COORD":333870.31651,"Y_COORD":5367649.95646,"BEAT":"N 5","ROT_ANGLE":0,"NODE_ID":6578,"GLOBALID":"41ba9e3f-45cb-4453-aaca-1d4534982538","CREATEDDATE":1520794199000,"LASTUPDATE":1643920966000}},{"type":"Feature","id":1344,"geometry":{"type":"Point","coordinates":[-89.2262108342968,48.4364855198457]},"properties":{"OBJECTID":1344,"LOC_ID":"PC0421","FDMID":2143,"X_COORD":335346.15523,"Y_COORD":5367208.36107,"BEAT":"N 6","ROT_ANGLE":0,"NODE_ID":1256,"GLOBALID":"28676ce5-9aea-49f8-ac24-f1aa3155feac","CREATEDDATE":1520794199000,"LASTUPDATE":1643920966000}},{"type":"Feature","id":1345,"geometry":{"type":"Point","coordinates":[-89.2601532826155,48.4365304443725]},"properties":{"OBJECTID":1345,"LOC_ID":"PC0940","FDMID":2656,"X_COORD":332835.98307,"Y_COORD":5367286.94795,"BEAT":"N 4","ROT_ANGLE":0,"NODE_ID":111,"GLOBALID":"029360f2-9557-48df-98bb-aa7f021a1b7d","CREATEDDATE":1520794199000,"LASTUPDATE":1643920966000}},{"type":"Feature","id":1346,"geometry":{"type":"Point","coordinates":[-89.2280791927257,48.4347505436061]},"properties":{"OBJECTID":1346,"LOC_ID":"PC0452","FDMID":2174,"X_COORD":335202.36489,"Y_COORD":5367019.5452,"BEAT":"N 6","ROT_ANGLE":0,"NODE_ID":1486,"GLOBALID":"6294c1a9-deb7-4105-991b-f33bad170758","CREATEDDATE":1520794199000,"LASTUPDATE":1643920966000}},{"type":"Feature","id":1347,"geometry":{"type":"Point","coordinates":[-89.2199999334107,48.4343485226031]},"properties":{"OBJECTID":1347,"LOC_ID":"PC0415","FDMID":2137,"X_COORD":335798.61603,"Y_COORD":5366957.49873,"BEAT":"N7","ROT_ANGLE":0,"NODE_ID":6892,"GLOBALID":"ed96bd42-2b13-4307-a843-cbfd1ee5bca5","CREATEDDATE":1520794199000,"LASTUPDATE":1643920966000}},{"type":"Feature","id":1348,"geometry":{"type":"Point","coordinates":[-89.272184812113,48.4321453665784]},"properties":{"OBJECTID":1348,"LOC_ID":"PC1222","FDMID":0,"X_COORD":331931.70172,"Y_COORD":5366825.9132,"BEAT":null,"ROT_ANGLE":0,"NODE_ID":2330,"GLOBALID":"3459aab5-75e5-4ac1-a9d9-28c9faa1875d","CREATEDDATE":1520794199000,"LASTUPDATE":1643920966000}},{"type":"Feature","id":1349,"geometry":{"type":"Point","coordinates":[-89.27119224444,48.4320938007796]},"properties":{"OBJECTID":1349,"LOC_ID":"PC1191","FDMID":3712,"X_COORD":332004.94511,"Y_COORD":5366818.00331,"BEAT":"N 1","ROT_ANGLE":0,"NODE_ID":4934,"GLOBALID":"f03b5698-af9d-4c55-95b2-048720c2676e","CREATEDDATE":1520794199000,"LASTUPDATE":1643920966000}},{"type":"Feature","id":1350,"geometry":{"type":"Point","coordinates":[-89.2681427346795,48.4282937736385]},"properties":{"OBJECTID":1350,"LOC_ID":"PC1217","FDMID":0,"X_COORD":332217.98396,"Y_COORD":5366388.96037,"BEAT":null,"ROT_ANGLE":0,"NODE_ID":5535,"GLOBALID":"cd7de950-808e-4b44-8095-bd4d469a69db","CREATEDDATE":1520794199000,"LASTUPDATE":1643920966000}},{"type":"Feature","id":1351,"geometry":{"type":"Point","coordinates":[-89.2862641968637,48.412970677069]},"properties":{"OBJECTID":1351,"LOC_ID":"MC0238","FDMID":3235,"X_COORD":330826.69794,"Y_COORD":5364725.77137,"BEAT":"N 1","ROT_ANGLE":0,"NODE_ID":1660,"GLOBALID":"2a4c0a9d-a4f3-4921-95c3-6336f3d65694","CREATEDDATE":1520794199000,"LASTUPDATE":1643920966000}},{"type":"Feature","id":1352,"geometry":{"type":"Point","coordinates":[-89.274372947248,48.4134961654432]},"properties":{"OBJECTID":1352,"LOC_ID":"PC1081","FDMID":2795,"X_COORD":331710.58095,"Y_COORD":5364753.37969,"BEAT":"N 1","ROT_ANGLE":0,"NODE_ID":529,"GLOBALID":"9a7dd674-a699-42c8-b731-f6f399b9b87e","CREATEDDATE":1520794199000,"LASTUPDATE":1643920966000}},{"type":"Feature","id":1353,"geometry":{"type":"Point","coordinates":[-89.2529597401153,48.4176523179317]},"properties":{"OBJECTID":1353,"LOC_ID":"PP0228","FDMID":3717,"X_COORD":333313.5526,"Y_COORD":5365167.29432,"BEAT":"N 3","ROT_ANGLE":0,"NODE_ID":8807,"GLOBALID":"e1cde649-55e1-4f71-9d7f-7948482bda6b","CREATEDDATE":1520794199000,"LASTUPDATE":1643920966000}},{"type":"Feature","id":1354,"geometry":{"type":"Point","coordinates":[-89.2859315363778,48.4187661554033]},"properties":{"OBJECTID":1354,"LOC_ID":"MC0227","FDMID":3224,"X_COORD":330870.54409,"Y_COORD":5365369.16184,"BEAT":"N 1","ROT_ANGLE":0,"NODE_ID":6499,"GLOBALID":"36d1ee16-b023-4f1e-b40f-67602a7352ea","CREATEDDATE":1520794199000,"LASTUPDATE":1643920966000}},{"type":"Feature","id":1355,"geometry":{"type":"Point","coordinates":[-89.2470854813565,48.4135326142002]},"properties":{"OBJECTID":1355,"LOC_ID":"PC0752","FDMID":2469,"X_COORD":333730.34134,"Y_COORD":5364698.18123,"BEAT":"N 2","ROT_ANGLE":0,"NODE_ID":5884,"GLOBALID":"8aa91476-77ad-4e27-8434-04f34c1b038b","CREATEDDATE":1520794199000,"LASTUPDATE":1644351333000}},{"type":"Feature","id":1356,"geometry":{"type":"Point","coordinates":[-89.2497821115945,48.4109822929679]},"properties":{"OBJECTID":1356,"LOC_ID":"PC0900","FDMID":2616,"X_COORD":333517.71363,"Y_COORD":5364425.4076,"BEAT":"N 2","ROT_ANGLE":0,"NODE_ID":3048,"GLOBALID":"43ec3376-ffdf-420f-a743-00fe56d7966c","CREATEDDATE":1520794199000,"LASTUPDATE":1643920966000}},{"type":"Feature","id":1357,"geometry":{"type":"Point","coordinates":[-89.2695747700919,48.4108833586739]},"properties":{"OBJECTID":1357,"LOC_ID":"PC0984","FDMID":2698,"X_COORD":332060.15663,"Y_COORD":5364456.11121,"BEAT":"N 1","ROT_ANGLE":0,"NODE_ID":7262,"GLOBALID":"f093a817-a834-480b-8126-e7d25652e03b","CREATEDDATE":1520794199000,"LASTUPDATE":1643920966000}},{"type":"Feature","id":1358,"geometry":{"type":"Point","coordinates":[-89.2438531929605,48.407052671949]},"properties":{"OBJECTID":1358,"LOC_ID":"PC0921","FDMID":2637,"X_COORD":333945.48425,"Y_COORD":5363975.1827,"BEAT":"N 2","ROT_ANGLE":0,"NODE_ID":5522,"GLOBALID":"8b09a91d-6356-4838-bde9-422ca7bd301b","CREATEDDATE":1520794199000,"LASTUPDATE":1643920966000}},{"type":"Feature","id":1359,"geometry":{"type":"Point","coordinates":[-89.2542003684959,48.4026817578895]},"properties":{"OBJECTID":1359,"LOC_ID":"PC0963","FDMID":2678,"X_COORD":333165.50089,"Y_COORD":5363511.89617,"BEAT":"N 2","ROT_ANGLE":0,"NODE_ID":8303,"GLOBALID":"40a7984d-6a6c-47bf-b9ea-1a8755ba2178","CREATEDDATE":1520794199000,"LASTUPDATE":1643920966000}},{"type":"Feature","id":1360,"geometry":{"type":"Point","coordinates":[-89.2813326559009,48.4004481835188]},"properties":{"OBJECTID":1360,"LOC_ID":"FC1073","FDMID":1064,"X_COORD":331150.11606,"Y_COORD":5363323.10359,"BEAT":"S 1","ROT_ANGLE":0,"NODE_ID":9944,"GLOBALID":"686dfddd-6211-4634-8026-4844146dde31","CREATEDDATE":1520794199000,"LASTUPDATE":1643920966000}},{"type":"Feature","id":1361,"geometry":{"type":"Point","coordinates":[-89.2837369142881,48.3985609614895]},"properties":{"OBJECTID":1361,"LOC_ID":"FC1003","FDMID":994,"X_COORD":330965.92201,"Y_COORD":5363118.65764,"BEAT":"S 4","ROT_ANGLE":0,"NODE_ID":6775,"GLOBALID":"8238ec12-e8ee-41e0-b7ef-47492e9216b9","CREATEDDATE":1520794199000,"LASTUPDATE":1643920966000}},{"type":"Feature","id":1362,"geometry":{"type":"Point","coordinates":[-89.2800551242145,48.3976886206337]},"properties":{"OBJECTID":1362,"LOC_ID":"FC0991","FDMID":982,"X_COORD":331235.53583,"Y_COORD":5363013.58321,"BEAT":"S 4","ROT_ANGLE":0,"NODE_ID":9294,"GLOBALID":"09bf84e7-fc30-4cb6-8127-9c1ec174fa76","CREATEDDATE":1520794199000,"LASTUPDATE":1643920966000}},{"type":"Feature","id":1363,"geometry":{"type":"Point","coordinates":[-89.2762248530463,48.395412748409]},"properties":{"OBJECTID":1363,"LOC_ID":"FC0846","FDMID":837,"X_COORD":331512.36937,"Y_COORD":5362751.54827,"BEAT":"S 4","ROT_ANGLE":0,"NODE_ID":1340,"GLOBALID":"08ffa856-fc53-4c1c-b56a-f674d5a50eb0","CREATEDDATE":1520794199000,"LASTUPDATE":1673485083000}},{"type":"Feature","id":1364,"geometry":{"type":"Point","coordinates":[-89.2733232278699,48.3957943258682]},"properties":{"OBJECTID":1364,"LOC_ID":"FC0962","FDMID":953,"X_COORD":331727.54402,"Y_COORD":5362788.23435,"BEAT":"S 4","ROT_ANGLE":0,"NODE_ID":8871,"GLOBALID":"75c63971-8459-445d-ac0c-a08f0659b6f9","CREATEDDATE":1520794199000,"LASTUPDATE":1643920967000}},{"type":"Feature","id":1365,"geometry":{"type":"Point","coordinates":[-89.2361676040484,48.3961154692409]},"properties":{"OBJECTID":1365,"LOC_ID":"FC0037","FDMID":139,"X_COORD":334478.7151,"Y_COORD":5362742.94129,"BEAT":"S 11","ROT_ANGLE":0,"NODE_ID":10435,"GLOBALID":"6111936b-1227-4bb6-8387-941cb7e9a988","CREATEDDATE":1520794199000,"LASTUPDATE":1643920967000}},{"type":"Feature","id":1366,"geometry":{"type":"Point","coordinates":[-89.251229490922,48.3927752789925]},"properties":{"OBJECTID":1366,"LOC_ID":"FC1168","FDMID":3586,"X_COORD":333352.99452,"Y_COORD":5362404.37745,"BEAT":"S 9","ROT_ANGLE":0,"NODE_ID":8948,"GLOBALID":"f35661b1-aa56-48dd-898c-920c6c97e7b8","CREATEDDATE":1520794199000,"LASTUPDATE":1643920967000}},{"type":"Feature","id":1367,"geometry":{"type":"Point","coordinates":[-89.2970263790421,48.3909148041823]},"properties":{"OBJECTID":1367,"LOC_ID":"FC1173","FDMID":3593,"X_COORD":329956.8655,"Y_COORD":5362298.27467,"BEAT":"S 1","ROT_ANGLE":0,"NODE_ID":188,"GLOBALID":"ab087efb-a10b-482a-a2af-6e6c6dfc0399","CREATEDDATE":1520794199000,"LASTUPDATE":1643920967000}},{"type":"Feature","id":1368,"geometry":{"type":"Point","coordinates":[-89.2906744632141,48.3912480139479]},"properties":{"OBJECTID":1368,"LOC_ID":"FC1036","FDMID":1027,"X_COORD":330428.15458,"Y_COORD":5362321.2243,"BEAT":"S 1","ROT_ANGLE":0,"NODE_ID":3926,"GLOBALID":"7b1bb60d-ec20-4590-b8f2-b9b085692cc7","CREATEDDATE":1520794199000,"LASTUPDATE":1643920967000}},{"type":"Feature","id":1369,"geometry":{"type":"Point","coordinates":[-89.2400290313266,48.3908957865182]},"properties":{"OBJECTID":1369,"LOC_ID":"FC0242","FDMID":237,"X_COORD":334175.94211,"Y_COORD":5362171.16299,"BEAT":"S 11","ROT_ANGLE":0,"NODE_ID":6333,"GLOBALID":"cafbd762-c0ee-4871-a68a-4fc7c198c66d","CREATEDDATE":1520794199000,"LASTUPDATE":1643920967000}},{"type":"Feature","id":1370,"geometry":{"type":"Point","coordinates":[-89.2340585708044,48.3911277781846]},"properties":{"OBJECTID":1370,"LOC_ID":"FC0555","FDMID":547,"X_COORD":334615.86147,"Y_COORD":5362187.2531,"BEAT":"S 11","ROT_ANGLE":0,"NODE_ID":6435,"GLOBALID":"d039fcc5-0136-401a-8d91-1de7e0d1f836","CREATEDDATE":1520794199000,"LASTUPDATE":1643920967000}},{"type":"Feature","id":1371,"geometry":{"type":"Point","coordinates":[-89.2619458938894,48.388248375263]},"properties":{"OBJECTID":1371,"LOC_ID":"FC0180","FDMID":176,"X_COORD":332544.28054,"Y_COORD":5361925.21739,"BEAT":"S 7","ROT_ANGLE":0,"NODE_ID":4428,"GLOBALID":"73ff6d4b-2bfa-4c4b-a17e-c86a7123a348","CREATEDDATE":1520794199000,"LASTUPDATE":1643920967000}},{"type":"Feature","id":1372,"geometry":{"type":"Point","coordinates":[-89.2645555453622,48.3877974315373]},"properties":{"OBJECTID":1372,"LOC_ID":"FC0631","FDMID":623,"X_COORD":332336.41135,"Y_COORD":5361871.58027,"BEAT":"S 7","ROT_ANGLE":0,"NODE_ID":1883,"GLOBALID":"f1707c4d-5701-456a-87ad-7a101c2e51c9","CREATEDDATE":1520794199000,"LASTUPDATE":1644007230000}},{"type":"Feature","id":1373,"geometry":{"type":"Point","coordinates":[-89.2638020271694,48.38338313648]},"properties":{"OBJECTID":1373,"LOC_ID":"FC0648","FDMID":640,"X_COORD":332391.49897,"Y_COORD":5361387.93329,"BEAT":"S 7","ROT_ANGLE":0,"NODE_ID":3108,"GLOBALID":"3f50be20-0cce-4d30-8305-a5d5501ed81b","CREATEDDATE":1520794199000,"LASTUPDATE":1643920967000}},{"type":"Feature","id":1374,"geometry":{"type":"Point","coordinates":[-89.3503795144431,48.3807213846461]},"properties":{"OBJECTID":1374,"LOC_ID":"NC0041","FDMID":1219,"X_COORD":325972.76104,"Y_COORD":5361285.20791,"BEAT":"S 13","ROT_ANGLE":0,"NODE_ID":134,"GLOBALID":"d5856040-48ed-45eb-8a7a-f894e77f02c4","CREATEDDATE":1520794199000,"LASTUPDATE":1643920967000}},{"type":"Feature","id":1375,"geometry":{"type":"Point","coordinates":[-89.3123650780419,48.3719843288923]},"properties":{"OBJECTID":1375,"LOC_ID":"NP0013","FDMID":1686,"X_COORD":328757.9494,"Y_COORD":5360228.44324,"BEAT":"S 13","ROT_ANGLE":0,"NODE_ID":7438,"GLOBALID":"bd65f862-0d26-47c6-9fec-34527af22351","CREATEDDATE":1520794199000,"LASTUPDATE":1643920967000}},{"type":"Feature","id":1376,"geometry":{"type":"Point","coordinates":[-89.248783052042,48.3800964555779]},"properties":{"OBJECTID":1376,"LOC_ID":"FC0030","FDMID":45,"X_COORD":333492.69116,"Y_COORD":5360989.87863,"BEAT":"S 10","ROT_ANGLE":0,"NODE_ID":7882,"GLOBALID":"7eece73c-c6c0-464b-92bc-cde47c293e3d","CREATEDDATE":1520794199000,"LASTUPDATE":1643920967000}},{"type":"Feature","id":1377,"geometry":{"type":"Point","coordinates":[-89.2503196236929,48.3767680938125]},"properties":{"OBJECTID":1377,"LOC_ID":"FC0450","FDMID":442,"X_COORD":333368.05398,"Y_COORD":5360623.29406,"BEAT":"S 10","ROT_ANGLE":0,"NODE_ID":5559,"GLOBALID":"3c8f1b7d-9aa0-430f-a7f8-c5fd14f6d555","CREATEDDATE":1520794199000,"LASTUPDATE":1643920967000}},{"type":"Feature","id":1378,"geometry":{"type":"Point","coordinates":[-89.2918950633023,48.3741792685923]},"properties":{"OBJECTID":1378,"LOC_ID":"FC0787","FDMID":778,"X_COORD":330281.30761,"Y_COORD":5360428.04439,"BEAT":"S 2","ROT_ANGLE":0,"NODE_ID":10475,"GLOBALID":"a948d481-e0e4-4de2-ae87-510a5ce524f5","CREATEDDATE":1520794199000,"LASTUPDATE":1643920967000}},{"type":"Feature","id":1379,"geometry":{"type":"Point","coordinates":[-89.2839552182901,48.372375142408]},"properties":{"OBJECTID":1379,"LOC_ID":"FC0308","FDMID":303,"X_COORD":330863.01334,"Y_COORD":5360208.76913,"BEAT":"S 5","ROT_ANGLE":0,"NODE_ID":9833,"GLOBALID":"13771cf5-d597-471d-907b-b23326456d97","CREATEDDATE":1520794199000,"LASTUPDATE":1643920967000}},{"type":"Feature","id":1380,"geometry":{"type":"Point","coordinates":[-89.287493259408,48.3704010092047]},"properties":{"OBJECTID":1380,"LOC_ID":"FC0172","FDMID":168,"X_COORD":330594.47497,"Y_COORD":5359997.17668,"BEAT":"S 6","ROT_ANGLE":0,"NODE_ID":7566,"GLOBALID":"822766af-832e-4746-9275-d8970f351014","CREATEDDATE":1520794199000,"LASTUPDATE":1643920967000}},{"type":"Feature","id":1381,"geometry":{"type":"Point","coordinates":[-89.2758988366257,48.3682742482818]},"properties":{"OBJECTID":1381,"LOC_ID":"FC0095","FDMID":88,"X_COORD":331446.04668,"Y_COORD":5359735.2339,"BEAT":"S 6","ROT_ANGLE":0,"NODE_ID":5851,"GLOBALID":"3647edc7-04c5-4200-b665-cd4ad9548af5","CREATEDDATE":1520794199000,"LASTUPDATE":1643920967000}},{"type":"Feature","id":1382,"geometry":{"type":"Point","coordinates":[-89.3030240967482,48.367104070641]},"properties":{"OBJECTID":1382,"LOC_ID":"FC0775","FDMID":766,"X_COORD":329433.34933,"Y_COORD":5359665.20023,"BEAT":"S 3","ROT_ANGLE":0,"NODE_ID":6912,"GLOBALID":"8395fe8f-bc35-4164-8b64-75f5264f3961","CREATEDDATE":1520794199000,"LASTUPDATE":1643920967000}},{"type":"Feature","id":1383,"geometry":{"type":"Point","coordinates":[-89.2720490014963,48.3662461139122]},"properties":{"OBJECTID":1383,"LOC_ID":"FC0020","FDMID":4,"X_COORD":331724.45922,"Y_COORD":5359501.35434,"BEAT":"S 6","ROT_ANGLE":0,"NODE_ID":5000,"GLOBALID":"44a114b9-c899-4e4b-a96e-bfa9fe56c049","CREATEDDATE":1520794199000,"LASTUPDATE":1643920967000}},{"type":"Feature","id":1384,"geometry":{"type":"Point","coordinates":[-89.2705837053516,48.3662442087605]},"properties":{"OBJECTID":1384,"LOC_ID":"FC0021","FDMID":140,"X_COORD":331832.96739,"Y_COORD":5359497.92241,"BEAT":"S 6","ROT_ANGLE":0,"NODE_ID":489,"GLOBALID":"fdd61829-142d-47bf-9af5-9b2db40dec86","CREATEDDATE":1520794199000,"LASTUPDATE":1644002788000}},{"type":"Feature","id":1385,"geometry":{"type":"Point","coordinates":[-89.3684425772539,48.3636886849677]},"properties":{"OBJECTID":1385,"LOC_ID":"NC0069","FDMID":1247,"X_COORD":324576.92283,"Y_COORD":5359433.3354,"BEAT":"S 14","ROT_ANGLE":0,"NODE_ID":9271,"GLOBALID":"66a91afe-710e-4d43-8250-bc8a9f6d77e5","CREATEDDATE":1520794199000,"LASTUPDATE":1643920967000}},{"type":"Feature","id":1386,"geometry":{"type":"Point","coordinates":[-89.3144516744654,48.3625813177955]},"properties":{"OBJECTID":1386,"LOC_ID":"NC0182","FDMID":1359,"X_COORD":328574.0477,"Y_COORD":5359188.03569,"BEAT":"S 15","ROT_ANGLE":0,"NODE_ID":7490,"GLOBALID":"8ac69376-9066-4315-bd14-7df247aa0260","CREATEDDATE":1520794199000,"LASTUPDATE":1643920967000}},{"type":"Feature","id":1387,"geometry":{"type":"Point","coordinates":[-89.3457891024194,48.359726599982]},"properties":{"OBJECTID":1387,"LOC_ID":"NC0210","FDMID":1387,"X_COORD":326249.82421,"Y_COORD":5358942.95281,"BEAT":"S 15","ROT_ANGLE":0,"NODE_ID":250,"GLOBALID":"b8f2d6f9-b6fd-4dea-88a4-5cdc5af82cbd","CREATEDDATE":1520794199000,"LASTUPDATE":1643920967000}},{"type":"Feature","id":1388,"geometry":{"type":"Point","coordinates":[-89.3421166905729,48.354676097865]},"properties":{"OBJECTID":1388,"LOC_ID":"NC0122","FDMID":1283,"X_COORD":326496.05884,"Y_COORD":5358371.70596,"BEAT":"S 15","ROT_ANGLE":0,"NODE_ID":2127,"GLOBALID":"ea9cde5f-d9c7-47f8-bdfd-29d1c5a3c7e2","CREATEDDATE":1520794199000,"LASTUPDATE":1643920967000}},{"type":"Feature","id":1389,"geometry":{"type":"Point","coordinates":[-89.3347274212965,48.329401740024]},"properties":{"OBJECTID":1389,"LOC_ID":"NC0451","FDMID":1624,"X_COORD":326957.87157,"Y_COORD":5355545.95133,"BEAT":"S 17","ROT_ANGLE":0,"NODE_ID":3750,"GLOBALID":"0e5ba4f8-016c-49d4-acbc-55b0bcdbc2fa","CREATEDDATE":1520794199000,"LASTUPDATE":1643920967000}},{"type":"Feature","id":1390,"geometry":{"type":"Point","coordinates":[-89.3257835058949,48.3250706427005]},"properties":{"OBJECTID":1390,"LOC_ID":"NC0350","FDMID":1525,"X_COORD":327606.12297,"Y_COORD":5355044.43683,"BEAT":"S 17","ROT_ANGLE":0,"NODE_ID":2398,"GLOBALID":"b28ee514-5cd2-4630-bfbb-ff3da2262b00","CREATEDDATE":1520794199000,"LASTUPDATE":1643920967000}},{"type":"Feature","id":1391,"geometry":{"type":"Point","coordinates":[-89.3310109120868,48.3211510799701]},"properties":{"OBJECTID":1391,"LOC_ID":"NC0346","FDMID":1521,"X_COORD":327205.42946,"Y_COORD":5354620.57738,"BEAT":"S 17","ROT_ANGLE":0,"NODE_ID":4492,"GLOBALID":"712d5771-b708-486f-a609-f7494ac26c4f","CREATEDDATE":1520794199000,"LASTUPDATE":1643920967000}},{"type":"Feature","id":1392,"geometry":{"type":"Point","coordinates":[-89.376102719282,48.312234173818]},"properties":{"OBJECTID":1392,"LOC_ID":"NP0067","FDMID":3607,"X_COORD":323832.32584,"Y_COORD":5353732.15037,"BEAT":"S 16","ROT_ANGLE":0,"NODE_ID":8935,"GLOBALID":"00a7d357-3e43-4c44-bf42-e2eaa9f9363c","CREATEDDATE":1520794199000,"LASTUPDATE":1643920967000}},{"type":"Feature","id":1393,"geometry":{"type":"Point","coordinates":[-89.3491904568682,48.3147264809108]},"properties":{"OBJECTID":1393,"LOC_ID":"NC0458","FDMID":1631,"X_COORD":325836.00712,"Y_COORD":5353947.6696,"BEAT":"S 17","ROT_ANGLE":0,"NODE_ID":1091,"GLOBALID":"c1df3734-bea2-40dd-ac91-ebcecdf88656","CREATEDDATE":1520794199000,"LASTUPDATE":1643920968000}},{"type":"Feature","id":1394,"geometry":{"type":"Point","coordinates":[-89.1822163952996,48.4808379006206]},"properties":{"OBJECTID":1394,"LOC_ID":"PC0893","FDMID":3525,"X_COORD":338740.48381,"Y_COORD":5372044.22795,"BEAT":"N 11","ROT_ANGLE":0,"NODE_ID":3535,"GLOBALID":"ea401a67-26a0-4ccf-afd6-ea2f30d3d2bd","CREATEDDATE":1520794199000,"LASTUPDATE":1643920968000}},{"type":"Feature","id":1395,"geometry":{"type":"Point","coordinates":[-89.2636128138076,48.4643699338644]},"properties":{"OBJECTID":1395,"LOC_ID":"MC0242","FDMID":3239,"X_COORD":332671.66511,"Y_COORD":5370388.70821,"BEAT":"N 15","ROT_ANGLE":0,"NODE_ID":9637,"GLOBALID":"a14273a8-0f3b-4e21-bdd8-17cfb01de21b","CREATEDDATE":1520794199000,"LASTUPDATE":1643920968000}},{"type":"Feature","id":1396,"geometry":{"type":"Point","coordinates":[-89.170620640757,48.4566144874865]},"properties":{"OBJECTID":1396,"LOC_ID":"PP0015","FDMID":2886,"X_COORD":339520.93053,"Y_COORD":5369327.51474,"BEAT":"N 14","ROT_ANGLE":0,"NODE_ID":9806,"GLOBALID":"ffef08a7-1da6-49e3-876d-88fa73d80f7b","CREATEDDATE":1520794199000,"LASTUPDATE":1643920968000}},{"type":"Feature","id":1397,"geometry":{"type":"Point","coordinates":[-89.1875373427179,48.4633301688227]},"properties":{"OBJECTID":1397,"LOC_ID":"PC0036","FDMID":1760,"X_COORD":338291.64899,"Y_COORD":5370109.54379,"BEAT":"N 11","ROT_ANGLE":0,"NODE_ID":3931,"GLOBALID":"765e41e6-1b96-4be2-b7f3-fc52c4ee2449","CREATEDDATE":1520794199000,"LASTUPDATE":1643920968000}},{"type":"Feature","id":1398,"geometry":{"type":"Point","coordinates":[-89.2161713772917,48.4627752005123]},"properties":{"OBJECTID":1398,"LOC_ID":"PC0924","FDMID":2640,"X_COORD":336173.25334,"Y_COORD":5370108.79346,"BEAT":"N 9","ROT_ANGLE":0,"NODE_ID":9567,"GLOBALID":"55bb6f5c-9b40-4732-86c1-5041608ab161","CREATEDDATE":1520794199000,"LASTUPDATE":1643920968000}},{"type":"Feature","id":1399,"geometry":{"type":"Point","coordinates":[-89.2057386240512,48.4517327537792]},"properties":{"OBJECTID":1399,"LOC_ID":"PP0118","FDMID":2982,"X_COORD":336909.0639,"Y_COORD":5368859.18066,"BEAT":"N 10","ROT_ANGLE":0,"NODE_ID":9266,"GLOBALID":"57858308-3dff-4c00-b84f-e881dfcdf8a3","CREATEDDATE":1520794199000,"LASTUPDATE":1643920968000}},{"type":"Feature","id":1400,"geometry":{"type":"Point","coordinates":[-89.2483336099128,48.4608374463681]},"properties":{"OBJECTID":1400,"LOC_ID":"MC0178","FDMID":3175,"X_COORD":333789.51011,"Y_COORD":5369962.78616,"BEAT":"N 12","ROT_ANGLE":0,"NODE_ID":10212,"GLOBALID":"f258a417-2ed4-45ca-8ab6-550ebf4d0283","CREATEDDATE":1520794199000,"LASTUPDATE":1643920968000}},{"type":"Feature","id":1401,"geometry":{"type":"Point","coordinates":[-89.1829469972804,48.4608385484071]},"properties":{"OBJECTID":1401,"LOC_ID":"PC0018","FDMID":1742,"X_COORD":338623.05942,"Y_COORD":5369822.91774,"BEAT":"N 11","ROT_ANGLE":0,"NODE_ID":10409,"GLOBALID":"87d361ce-b3ea-4362-a192-51bd91ce3be6","CREATEDDATE":1520794199000,"LASTUPDATE":1643920968000}},{"type":"Feature","id":1402,"geometry":{"type":"Point","coordinates":[-89.2133870706311,48.4597201056918]},"properties":{"OBJECTID":1402,"LOC_ID":"PC0281","FDMID":2004,"X_COORD":336369.24745,"Y_COORD":5369763.26872,"BEAT":"N 9","ROT_ANGLE":0,"NODE_ID":5266,"GLOBALID":"8129d462-22fb-41d4-90fb-a08ece87e174","CREATEDDATE":1520794199000,"LASTUPDATE":1644267296000}},{"type":"Feature","id":1403,"geometry":{"type":"Point","coordinates":[-89.2157924096184,48.4555574322602]},"properties":{"OBJECTID":1403,"LOC_ID":"PC0265","FDMID":1988,"X_COORD":336178.03696,"Y_COORD":5369305.75141,"BEAT":"N 9","ROT_ANGLE":0,"NODE_ID":4259,"GLOBALID":"668cdbb6-121c-402e-8395-a1f9f828f816","CREATEDDATE":1520794199000,"LASTUPDATE":1644347617000}},{"type":"Feature","id":1404,"geometry":{"type":"Point","coordinates":[-89.2304211695039,48.4506849902016]},"properties":{"OBJECTID":1404,"LOC_ID":"PC0229","FDMID":1952,"X_COORD":335080.74569,"Y_COORD":5368795.63659,"BEAT":"N 8","ROT_ANGLE":0,"NODE_ID":9382,"GLOBALID":"3c569063-57ac-4bf4-a2a0-afb126a7c549","CREATEDDATE":1520794199000,"LASTUPDATE":1643920968000}},{"type":"Feature","id":1405,"geometry":{"type":"Point","coordinates":[-89.2513180847007,48.4476681885261]},"properties":{"OBJECTID":1405,"LOC_ID":"PC1013","FDMID":2727,"X_COORD":333525.81961,"Y_COORD":5368505.58757,"BEAT":"N 4","ROT_ANGLE":0,"NODE_ID":7958,"GLOBALID":"c6af7e3a-fab6-4cc1-9100-54063b0abe84","CREATEDDATE":1520794199000,"LASTUPDATE":1643920968000}},{"type":"Feature","id":1406,"geometry":{"type":"Point","coordinates":[-89.2172082940671,48.4446390889246]},"properties":{"OBJECTID":1406,"LOC_ID":"PC0198","FDMID":1921,"X_COORD":336038.21334,"Y_COORD":5368095.26565,"BEAT":"N 10","ROT_ANGLE":0,"NODE_ID":8811,"GLOBALID":"0538935d-47ea-4407-a0f7-8b9222a449d9","CREATEDDATE":1520794199000,"LASTUPDATE":1643920968000}},{"type":"Feature","id":1407,"geometry":{"type":"Point","coordinates":[-89.2318515200392,48.4437391561787]},"properties":{"OBJECTID":1407,"LOC_ID":"PC0335","FDMID":2058,"X_COORD":334952.60668,"Y_COORD":5368026.79154,"BEAT":"N 6","ROT_ANGLE":0,"NODE_ID":2121,"GLOBALID":"ce10b346-98ad-4cb2-9679-bb5122e6aaef","CREATEDDATE":1520794199000,"LASTUPDATE":1676320776000}},{"type":"Feature","id":1408,"geometry":{"type":"Point","coordinates":[-89.2362340881831,48.4367219233057]},"properties":{"OBJECTID":1408,"LOC_ID":"PC0848","FDMID":2564,"X_COORD":334605.62224,"Y_COORD":5367256.25201,"BEAT":"N 6","ROT_ANGLE":0,"NODE_ID":5035,"GLOBALID":"0b20cfd9-50cd-46e9-8f98-7fc2b80e09cd","CREATEDDATE":1520794199000,"LASTUPDATE":1643920968000}},{"type":"Feature","id":1409,"geometry":{"type":"Point","coordinates":[-89.2643447913443,48.4357459194242]},"properties":{"OBJECTID":1409,"LOC_ID":"PC1126","FDMID":2840,"X_COORD":332523.40988,"Y_COORD":5367208.91608,"BEAT":"N 4","ROT_ANGLE":0,"NODE_ID":7418,"GLOBALID":"f8d5b28f-738e-45c3-96cc-006021513407","CREATEDDATE":1520794199000,"LASTUPDATE":1643920968000}},{"type":"Feature","id":1410,"geometry":{"type":"Point","coordinates":[-89.2498658587869,48.4326740600169]},"properties":{"OBJECTID":1410,"LOC_ID":"PC0627","FDMID":2346,"X_COORD":333584.22499,"Y_COORD":5366835.90821,"BEAT":"N 5","ROT_ANGLE":0,"NODE_ID":4522,"GLOBALID":"a7ea7077-dd60-4ee3-86c9-8a470a3d9f90","CREATEDDATE":1520794199000,"LASTUPDATE":1643920968000}},{"type":"Feature","id":1411,"geometry":{"type":"Point","coordinates":[-89.2464349572618,48.4335296678607]},"properties":{"OBJECTID":1411,"LOC_ID":"PC0729","FDMID":2446,"X_COORD":333840.78102,"Y_COORD":5366923.54597,"BEAT":"N 5","ROT_ANGLE":0,"NODE_ID":7322,"GLOBALID":"3983b6b4-555f-43ea-8d84-cf302e381d3d","CREATEDDATE":1520794199000,"LASTUPDATE":1644362712000}},{"type":"Feature","id":1412,"geometry":{"type":"Point","coordinates":[-89.2283467562346,48.4327006756915]},"properties":{"OBJECTID":1412,"LOC_ID":"PC0449","FDMID":2171,"X_COORD":335180.45616,"Y_COORD":5366801.46776,"BEAT":"N7","ROT_ANGLE":0,"NODE_ID":767,"GLOBALID":"269bec2b-7fad-4dc6-aa71-cf45254fcf70","CREATEDDATE":1520794199000,"LASTUPDATE":1643920968000}},{"type":"Feature","id":1413,"geometry":{"type":"Point","coordinates":[-89.2255777449682,48.4322099012293]},"properties":{"OBJECTID":1413,"LOC_ID":"PC0445","FDMID":2167,"X_COORD":335380.35478,"Y_COORD":5366733.40094,"BEAT":"N7","ROT_ANGLE":0,"NODE_ID":2105,"GLOBALID":"db0e8af4-d5cd-4396-b895-2200d2c303e6","CREATEDDATE":1520794199000,"LASTUPDATE":1643920968000}},{"type":"Feature","id":1414,"geometry":{"type":"Point","coordinates":[-89.2292853687563,48.4304606719151]},"properties":{"OBJECTID":1414,"LOC_ID":"PC0544","FDMID":2264,"X_COORD":335100.1638,"Y_COORD":5366544.62654,"BEAT":"N7","ROT_ANGLE":0,"NODE_ID":3070,"GLOBALID":"254a82cf-f218-497f-ac98-61067169516b","CREATEDDATE":1520794199000,"LASTUPDATE":1643920968000}},{"type":"Feature","id":1415,"geometry":{"type":"Point","coordinates":[-89.2250561221435,48.4303600476191]},"properties":{"OBJECTID":1415,"LOC_ID":"PC0926","FDMID":2642,"X_COORD":335411.76828,"Y_COORD":5366525.05713,"BEAT":"N7","ROT_ANGLE":0,"NODE_ID":4893,"GLOBALID":"e31c2dc2-d34b-4110-a573-35f56897f5e3","CREATEDDATE":1520794199000,"LASTUPDATE":1643920968000}},{"type":"Feature","id":1416,"geometry":{"type":"Point","coordinates":[-89.2487234787699,48.4241602570913]},"properties":{"OBJECTID":1416,"LOC_ID":"PC0610","FDMID":2329,"X_COORD":333640.92668,"Y_COORD":5365887.1507,"BEAT":"N 3","ROT_ANGLE":0,"NODE_ID":5255,"GLOBALID":"04587577-1c2a-4ecc-b93b-eb2f73043f47","CREATEDDATE":1520794199000,"LASTUPDATE":1644354846000}},{"type":"Feature","id":1417,"geometry":{"type":"Point","coordinates":[-89.2631624543148,48.4190902642841]},"properties":{"OBJECTID":1417,"LOC_ID":"PP0200","FDMID":3569,"X_COORD":332556.13308,"Y_COORD":5365355.13892,"BEAT":"N 1","ROT_ANGLE":0,"NODE_ID":8707,"GLOBALID":"302abf45-8c60-466d-9370-13916c099ac5","CREATEDDATE":1520794199000,"LASTUPDATE":1643920968000}},{"type":"Feature","id":1418,"geometry":{"type":"Point","coordinates":[-89.2470620660417,48.4198477000648]},"properties":{"OBJECTID":1418,"LOC_ID":"PP0079","FDMID":2946,"X_COORD":333749.76278,"Y_COORD":5365404.22718,"BEAT":"N 3","ROT_ANGLE":0,"NODE_ID":5028,"GLOBALID":"55c6622e-d1a6-4655-8a18-714ae03ffe3c","CREATEDDATE":1520794199000,"LASTUPDATE":1643920968000}},{"type":"Feature","id":1419,"geometry":{"type":"Point","coordinates":[-89.2406896872299,48.4202080480738]},"properties":{"OBJECTID":1419,"LOC_ID":"PC0700","FDMID":2419,"X_COORD":334221.93046,"Y_COORD":5365431.11742,"BEAT":"N 3","ROT_ANGLE":0,"NODE_ID":3198,"GLOBALID":"1ce37b9c-f616-4ecf-a309-cb23fb54ebb8","CREATEDDATE":1520794199000,"LASTUPDATE":1643920968000}},{"type":"Feature","id":1420,"geometry":{"type":"Point","coordinates":[-89.2307373911385,48.4192706248978]},"properties":{"OBJECTID":1420,"LOC_ID":"PC1316","FDMID":2394,"X_COORD":334955.62467,"Y_COORD":5365304.76324,"BEAT":"N 14","ROT_ANGLE":0,"NODE_ID":3562,"GLOBALID":"5cd523da-faa7-4236-83fb-b0aeff2bc238","CREATEDDATE":1520794199000,"LASTUPDATE":1643920968000}},{"type":"Feature","id":1421,"geometry":{"type":"Point","coordinates":[-89.2457453986882,48.4046604530774]},"properties":{"OBJECTID":1421,"LOC_ID":"PC0720","FDMID":2438,"X_COORD":333797.66217,"Y_COORD":5363713.41348,"BEAT":"N 2","ROT_ANGLE":0,"NODE_ID":6042,"GLOBALID":"56bd1249-091f-4e33-8c33-39508390ffbb","CREATEDDATE":1520794199000,"LASTUPDATE":1644009228000}},{"type":"Feature","id":1422,"geometry":{"type":"Point","coordinates":[-89.2785912465469,48.4011080970098]},"properties":{"OBJECTID":1422,"LOC_ID":"FC1122","FDMID":1111,"X_COORD":331355.19049,"Y_COORD":5363390.40676,"BEAT":"S 1","ROT_ANGLE":0,"NODE_ID":1800,"GLOBALID":"5c248d63-ef7e-4b5f-bd90-07be4b61e405","CREATEDDATE":1520794199000,"LASTUPDATE":1643920969000}},{"type":"Feature","id":1423,"geometry":{"type":"Point","coordinates":[-89.2805653349985,48.401216704305]},"properties":{"OBJECTID":1423,"LOC_ID":"FC1143","FDMID":1132,"X_COORD":331209.44969,"Y_COORD":5363406.82737,"BEAT":"S 1","ROT_ANGLE":0,"NODE_ID":3796,"GLOBALID":"9267f8e9-7505-4d84-ac35-e0f096428ff2","CREATEDDATE":1520794199000,"LASTUPDATE":1643920969000}},{"type":"Feature","id":1424,"geometry":{"type":"Point","coordinates":[-89.2903093446166,48.3946745464852]},"properties":{"OBJECTID":1424,"LOC_ID":"FC1041","FDMID":1032,"X_COORD":330466.56278,"Y_COORD":5362701.24427,"BEAT":"S 4","ROT_ANGLE":0,"NODE_ID":1892,"GLOBALID":"1545fb1d-8953-43fd-8aa6-206880e3de29","CREATEDDATE":1520794199000,"LASTUPDATE":1643920969000}},{"type":"Feature","id":1425,"geometry":{"type":"Point","coordinates":[-89.2574958350566,48.3923118300845]},"properties":{"OBJECTID":1425,"LOC_ID":"FC0347","FDMID":342,"X_COORD":332887.63772,"Y_COORD":5362366.52811,"BEAT":"S 9","ROT_ANGLE":0,"NODE_ID":4293,"GLOBALID":"60fc7333-fbd6-4ba9-b50c-b930bd936de6","CREATEDDATE":1520794199000,"LASTUPDATE":1643920969000}},{"type":"Feature","id":1426,"geometry":{"type":"Point","coordinates":[-89.2920258415336,48.390011780047]},"properties":{"OBJECTID":1426,"LOC_ID":"FC1019","FDMID":1010,"X_COORD":330324.01327,"Y_COORD":5362186.81764,"BEAT":"S 1","ROT_ANGLE":0,"NODE_ID":2152,"GLOBALID":"92cd0cdc-a120-4301-93a4-9f8dc2dd9266","CREATEDDATE":1520794199000,"LASTUPDATE":1643920969000}},{"type":"Feature","id":1427,"geometry":{"type":"Point","coordinates":[-89.2557419386782,48.3903597896549]},"properties":{"OBJECTID":1427,"LOC_ID":"FC0074","FDMID":67,"X_COORD":333011.07043,"Y_COORD":5362145.74193,"BEAT":"S 9","ROT_ANGLE":0,"NODE_ID":8200,"GLOBALID":"73883407-4245-4d8e-b248-9cf6c21eade8","CREATEDDATE":1520794199000,"LASTUPDATE":1643920969000}},{"type":"Feature","id":1428,"geometry":{"type":"Point","coordinates":[-89.2552085880099,48.3883276380673]},"properties":{"OBJECTID":1428,"LOC_ID":"FC0598","FDMID":590,"X_COORD":333043.89756,"Y_COORD":5361918.71601,"BEAT":"S 9","ROT_ANGLE":0,"NODE_ID":5347,"GLOBALID":"829bad6c-f055-47e3-84fb-a9144a3ac1a0","CREATEDDATE":1520794199000,"LASTUPDATE":1643920969000}},{"type":"Feature","id":1429,"geometry":{"type":"Point","coordinates":[-89.246206541363,48.3873080218213]},"properties":{"OBJECTID":1429,"LOC_ID":"FC0188","FDMID":184,"X_COORD":333743.12623,"Y_COORD":5361786.34942,"BEAT":"S 9","ROT_ANGLE":0,"NODE_ID":1535,"GLOBALID":"358c375b-bc07-48b9-9463-6d9cd098f7aa","CREATEDDATE":1520794199000,"LASTUPDATE":1674502116000}},{"type":"Feature","id":1430,"geometry":{"type":"Point","coordinates":[-89.3419184968164,48.3855378914473]},"properties":{"OBJECTID":1430,"LOC_ID":"NC0033","FDMID":1211,"X_COORD":326615.55887,"Y_COORD":5361801.33182,"BEAT":"S 13","ROT_ANGLE":0,"NODE_ID":10215,"GLOBALID":"ade2427a-e5b1-4fb9-a55c-0009732f0d36","CREATEDDATE":1520794199000,"LASTUPDATE":1643920969000}},{"type":"Feature","id":1431,"geometry":{"type":"Point","coordinates":[-89.2987836533861,48.3835315163253]},"properties":{"OBJECTID":1431,"LOC_ID":"FC0920","FDMID":911,"X_COORD":329802.17186,"Y_COORD":5361481.56298,"BEAT":"S 2","ROT_ANGLE":0,"NODE_ID":7683,"GLOBALID":"d37781ef-179b-46ea-9fb4-5528ec75e207","CREATEDDATE":1520794199000,"LASTUPDATE":1643920969000}},{"type":"Feature","id":1432,"geometry":{"type":"Point","coordinates":[-89.2703171175697,48.3798375706041]},"properties":{"OBJECTID":1432,"LOC_ID":"FC0070","FDMID":63,"X_COORD":331855.67561,"Y_COORD":5361008.41098,"BEAT":"S 7","ROT_ANGLE":0,"NODE_ID":1117,"GLOBALID":"1f330f3d-ffd1-42ca-a5e9-1450ff7c766d","CREATEDDATE":1520794199000,"LASTUPDATE":1643920969000}},{"type":"Feature","id":1433,"geometry":{"type":"Point","coordinates":[-89.2537960701786,48.3781664519634]},"properties":{"OBJECTID":1433,"LOC_ID":"FC0460","FDMID":452,"X_COORD":333115.21865,"Y_COORD":5360786.28132,"BEAT":"S 10","ROT_ANGLE":0,"NODE_ID":5788,"GLOBALID":"b5df495e-66d2-4291-be06-70e9a24bebe8","CREATEDDATE":1520794199000,"LASTUPDATE":1644008388000}},{"type":"Feature","id":1434,"geometry":{"type":"Point","coordinates":[-89.2893473720791,48.3754923534192]},"properties":{"OBJECTID":1434,"LOC_ID":"FC0402","FDMID":396,"X_COORD":330474.07996,"Y_COORD":5360567.14481,"BEAT":"S 5","ROT_ANGLE":0,"NODE_ID":10084,"GLOBALID":"a09f0fa5-c741-4e0c-8664-a57f3029131f","CREATEDDATE":1520794199000,"LASTUPDATE":1643920969000}},{"type":"Feature","id":1435,"geometry":{"type":"Point","coordinates":[-89.2457661544903,48.3716959023049]},"properties":{"OBJECTID":1435,"LOC_ID":"FP0036","FDMID":3298,"X_COORD":333688.68271,"Y_COORD":5360049.66001,"BEAT":"S 12","ROT_ANGLE":0,"NODE_ID":1871,"GLOBALID":"94a082cf-5bd4-406d-bac1-696b9e4b0419","CREATEDDATE":1520794199000,"LASTUPDATE":1643920969000}},{"type":"Feature","id":1436,"geometry":{"type":"Point","coordinates":[-89.3522173680965,48.368189309531]},"properties":{"OBJECTID":1436,"LOC_ID":"NC0658","FDMID":1705,"X_COORD":325793.94095,"Y_COORD":5359896.5249,"BEAT":"S 15","ROT_ANGLE":0,"NODE_ID":3289,"GLOBALID":"9295132e-72dd-4199-8888-1e2587b05202","CREATEDDATE":1520794199000,"LASTUPDATE":1643920969000}},{"type":"Feature","id":1437,"geometry":{"type":"Point","coordinates":[-89.3482713312654,48.3682951515081]},"properties":{"OBJECTID":1437,"LOC_ID":"NC0230","FDMID":1406,"X_COORD":326086.52744,"Y_COORD":5359899.3217,"BEAT":"S 15","ROT_ANGLE":0,"NODE_ID":466,"GLOBALID":"6b080e75-5155-4b8b-a6b3-b904085d19df","CREATEDDATE":1520794199000,"LASTUPDATE":1643920969000}},{"type":"Feature","id":1438,"geometry":{"type":"Point","coordinates":[-89.3461157210423,48.3670854049405]},"properties":{"OBJECTID":1438,"LOC_ID":"NC0328","FDMID":1504,"X_COORD":326242.04616,"Y_COORD":5359759.97502,"BEAT":"S 15","ROT_ANGLE":0,"NODE_ID":3742,"GLOBALID":"1c5b1d7b-baf4-4b8d-8882-2ec7185b5a85","CREATEDDATE":1520794199000,"LASTUPDATE":1643920969000}},{"type":"Feature","id":1439,"geometry":{"type":"Point","coordinates":[-89.3644515107317,48.3651680588742]},"properties":{"OBJECTID":1439,"LOC_ID":"NC0061","FDMID":1239,"X_COORD":324877.57896,"Y_COORD":5359588.6273,"BEAT":"S 14","ROT_ANGLE":0,"NODE_ID":7384,"GLOBALID":"1894e6c0-0ffb-402f-bb1a-f2936a6c3ca6","CREATEDDATE":1520794199000,"LASTUPDATE":1643920969000}},{"type":"Feature","id":1440,"geometry":{"type":"Point","coordinates":[-89.2660946283894,48.3671913748277]},"properties":{"OBJECTID":1440,"LOC_ID":"FC0270","FDMID":265,"X_COORD":332168.52579,"Y_COORD":5359593.34154,"BEAT":"S 6","ROT_ANGLE":0,"NODE_ID":8135,"GLOBALID":"4e4c8e91-4f8e-4226-8732-aa305474128f","CREATEDDATE":1520794199000,"LASTUPDATE":1644002501000}},{"type":"Feature","id":1441,"geometry":{"type":"Point","coordinates":[-89.2935251500641,48.3656127813044]},"properties":{"OBJECTID":1441,"LOC_ID":"FC0084","FDMID":77,"X_COORD":330131.87042,"Y_COORD":5359478.35479,"BEAT":"S 3","ROT_ANGLE":0,"NODE_ID":1406,"GLOBALID":"ff543856-1f76-431c-85a2-1cb32c7acdd7","CREATEDDATE":1520794199000,"LASTUPDATE":1643920969000}},{"type":"Feature","id":1442,"geometry":{"type":"Point","coordinates":[-89.3469620183366,48.3625642991481]},"properties":{"OBJECTID":1442,"LOC_ID":"NC0198","FDMID":1375,"X_COORD":326163.98357,"Y_COORD":5359259.40695,"BEAT":"S 15","ROT_ANGLE":0,"NODE_ID":2301,"GLOBALID":"5094f81d-703f-45e9-8e19-737b5506b9ce","CREATEDDATE":1520794199000,"LASTUPDATE":1643920969000}},{"type":"Feature","id":1443,"geometry":{"type":"Point","coordinates":[-89.3490040117506,48.3626079056511]},"properties":{"OBJECTID":1443,"LOC_ID":"NC0199","FDMID":1376,"X_COORD":326012.89416,"Y_COORD":5359268.88919,"BEAT":"S 15","ROT_ANGLE":0,"NODE_ID":7760,"GLOBALID":"39eaac1b-5ddb-4c32-9e4c-3cd69e307c32","CREATEDDATE":1520794199000,"LASTUPDATE":1643920969000}},{"type":"Feature","id":1444,"geometry":{"type":"Point","coordinates":[-89.3754361696513,48.3592244621421]},"properties":{"OBJECTID":1444,"LOC_ID":"NC0095","FDMID":1273,"X_COORD":324043.59112,"Y_COORD":5358953.20612,"BEAT":"S 14","ROT_ANGLE":0,"NODE_ID":3165,"GLOBALID":"00a64d2b-d84a-4b44-b1a3-860756ab0329","CREATEDDATE":1520794199000,"LASTUPDATE":1643920969000}},{"type":"Feature","id":1445,"geometry":{"type":"Point","coordinates":[-89.2876692586958,48.3597253444014]},"properties":{"OBJECTID":1445,"LOC_ID":"FC0811","FDMID":802,"X_COORD":330546.02876,"Y_COORD":5358811.04215,"BEAT":"S 3","ROT_ANGLE":0,"NODE_ID":9496,"GLOBALID":"7d080de6-7463-4905-8cf8-e09b2e426a1b","CREATEDDATE":1520794199000,"LASTUPDATE":1643920969000}},{"type":"Feature","id":1446,"geometry":{"type":"Point","coordinates":[-89.3301890942187,48.3543286233607]},"properties":{"OBJECTID":1446,"LOC_ID":"NC0133","FDMID":1311,"X_COORD":327378.42684,"Y_COORD":5358306.14589,"BEAT":"S 15","ROT_ANGLE":0,"NODE_ID":5427,"GLOBALID":"9a71ca3d-c5b1-4d0f-98ec-119150824720","CREATEDDATE":1520794199000,"LASTUPDATE":1643920969000}},{"type":"Feature","id":1447,"geometry":{"type":"Point","coordinates":[-89.3551698484334,48.3490651027004]},"properties":{"OBJECTID":1447,"LOC_ID":"NP0021","FDMID":1690,"X_COORD":325509.97832,"Y_COORD":5357777.72503,"BEAT":"S 15","ROT_ANGLE":0,"NODE_ID":4208,"GLOBALID":"3d443095-a818-4c45-98b5-39eabfedef3a","CREATEDDATE":1520794199000,"LASTUPDATE":1643920969000}},{"type":"Feature","id":1448,"geometry":{"type":"Point","coordinates":[-89.3257983583395,48.3312104297476]},"properties":{"OBJECTID":1448,"LOC_ID":"NC0358","FDMID":1533,"X_COORD":327625.72693,"Y_COORD":5355726.8545,"BEAT":"S 17","ROT_ANGLE":0,"NODE_ID":8892,"GLOBALID":"114e8db6-1eaa-4c93-a464-e34888d4c4ee","CREATEDDATE":1520794199000,"LASTUPDATE":1643920969000}},{"type":"Feature","id":1449,"geometry":{"type":"Point","coordinates":[-89.3618407700054,48.3247704674014]},"properties":{"OBJECTID":1449,"LOC_ID":"NC0395","FDMID":1570,"X_COORD":324932.58261,"Y_COORD":5355092.78372,"BEAT":"S 16","ROT_ANGLE":0,"NODE_ID":3293,"GLOBALID":"4bfedbef-6a74-48e2-9235-16853f9166b1","CREATEDDATE":1520794199000,"LASTUPDATE":1643920969000}},{"type":"Feature","id":1450,"geometry":{"type":"Point","coordinates":[-89.3416369667868,48.3351219156951]},"properties":{"OBJECTID":1450,"LOC_ID":"NC0168","FDMID":1345,"X_COORD":326465.20751,"Y_COORD":5356197.32208,"BEAT":"S 16","ROT_ANGLE":0,"NODE_ID":7476,"GLOBALID":"96fa0773-b2da-4024-83c9-99e0b4ddab04","CREATEDDATE":1520794199000,"LASTUPDATE":1643920969000}},{"type":"Feature","id":1451,"geometry":{"type":"Point","coordinates":[-89.3334451832338,48.3210924346303]},"properties":{"OBJECTID":1451,"LOC_ID":"NC0340","FDMID":1515,"X_COORD":327024.79228,"Y_COORD":5354619.54826,"BEAT":"S 17","ROT_ANGLE":0,"NODE_ID":9852,"GLOBALID":"461e7c5c-95a6-4012-893c-197a6f5510df","CREATEDDATE":1520794199000,"LASTUPDATE":1643920969000}},{"type":"Feature","id":1452,"geometry":{"type":"Point","coordinates":[-89.1904110643403,48.4680725350132]},"properties":{"OBJECTID":1452,"LOC_ID":"PC0051","FDMID":1775,"X_COORD":338087.54582,"Y_COORD":5370643.47813,"BEAT":"N 11","ROT_ANGLE":0,"NODE_ID":5722,"GLOBALID":"b3609493-b1d0-40cc-a86d-0641af7e9e95","CREATEDDATE":1520794199000,"LASTUPDATE":1643920969000}},{"type":"Feature","id":1453,"geometry":{"type":"Point","coordinates":[-89.1874899032697,48.4606555030264]},"properties":{"OBJECTID":1453,"LOC_ID":"PC0020","FDMID":1744,"X_COORD":338286.65238,"Y_COORD":5369812.1683,"BEAT":"N 11","ROT_ANGLE":0,"NODE_ID":10146,"GLOBALID":"515ff37e-8d1d-4d53-9893-a4c3c2547b0b","CREATEDDATE":1520794199000,"LASTUPDATE":1643920970000}},{"type":"Feature","id":1454,"geometry":{"type":"Point","coordinates":[-89.2356522636512,48.4523236466018]},"properties":{"OBJECTID":1454,"LOC_ID":"PC0787","FDMID":2504,"X_COORD":334699.29571,"Y_COORD":5368989.05662,"BEAT":"N 8","ROT_ANGLE":0,"NODE_ID":3384,"GLOBALID":"8413bfcf-2b71-4757-a791-074c27dd68f6","CREATEDDATE":1520794199000,"LASTUPDATE":1644350459000}},{"type":"Feature","id":1455,"geometry":{"type":"Point","coordinates":[-89.2216215038312,48.4518735284682]},"properties":{"OBJECTID":1455,"LOC_ID":"PC0814","FDMID":2530,"X_COORD":335735.20278,"Y_COORD":5368908.80242,"BEAT":"N 9","ROT_ANGLE":0,"NODE_ID":9500,"GLOBALID":"614b9df3-bee1-4735-bfb9-c41bfbddab44","CREATEDDATE":1520794199000,"LASTUPDATE":1643920970000}},{"type":"Feature","id":1456,"geometry":{"type":"Point","coordinates":[-89.2255815753942,48.4512036088343]},"properties":{"OBJECTID":1456,"LOC_ID":"PC0237","FDMID":1960,"X_COORD":335440.24726,"Y_COORD":5368842.8563,"BEAT":"N 8","ROT_ANGLE":0,"NODE_ID":4668,"GLOBALID":"37882beb-8c35-4b8e-9879-39cca39363bb","CREATEDDATE":1520794199000,"LASTUPDATE":1643920970000}},{"type":"Feature","id":1457,"geometry":{"type":"Point","coordinates":[-89.2292374053688,48.4496088552408]},"properties":{"OBJECTID":1457,"LOC_ID":"PC0232","FDMID":1955,"X_COORD":335164.78563,"Y_COORD":5368673.478,"BEAT":"N 8","ROT_ANGLE":0,"NODE_ID":4667,"GLOBALID":"5da05ba0-3dec-4724-bb41-0d25040b4d09","CREATEDDATE":1520794199000,"LASTUPDATE":1643920970000}},{"type":"Feature","id":1458,"geometry":{"type":"Point","coordinates":[-89.2218413902375,48.4493693016981]},"properties":{"OBJECTID":1458,"LOC_ID":"PC0800","FDMID":2517,"X_COORD":335710.86563,"Y_COORD":5368630.94181,"BEAT":"N 9","ROT_ANGLE":0,"NODE_ID":3734,"GLOBALID":"c7a08903-9a69-4746-a2df-d583d8cf2a44","CREATEDDATE":1520794199000,"LASTUPDATE":1643920970000}},{"type":"Feature","id":1459,"geometry":{"type":"Point","coordinates":[-89.2845262057148,48.446992080458]},"properties":{"OBJECTID":1459,"LOC_ID":"MC0307","FDMID":3564,"X_COORD":331068.15023,"Y_COORD":5368503.20958,"BEAT":"N 13","ROT_ANGLE":0,"NODE_ID":2514,"GLOBALID":"b106bf04-6ac0-4438-b3ee-b5371f0d7193","CREATEDDATE":1520794199000,"LASTUPDATE":1643920970000}},{"type":"Feature","id":1460,"geometry":{"type":"Point","coordinates":[-89.2003924041934,48.4476976331481]},"properties":{"OBJECTID":1460,"LOC_ID":"PC0158","FDMID":1881,"X_COORD":337290.25635,"Y_COORD":5368403.25464,"BEAT":"N 10","ROT_ANGLE":0,"NODE_ID":375,"GLOBALID":"107f7369-9ec2-4398-a6a8-c7f839c7945a","CREATEDDATE":1520794199000,"LASTUPDATE":1643920970000}},{"type":"Feature","id":1461,"geometry":{"type":"Point","coordinates":[-89.2077768697103,48.4454839194395]},"properties":{"OBJECTID":1461,"LOC_ID":"PC0144","FDMID":1867,"X_COORD":336738.33417,"Y_COORD":5368169.00312,"BEAT":"N 10","ROT_ANGLE":0,"NODE_ID":1787,"GLOBALID":"75f3cc5e-290b-4c78-9945-305e97a45461","CREATEDDATE":1520794199000,"LASTUPDATE":1643920970000}},{"type":"Feature","id":1462,"geometry":{"type":"Point","coordinates":[-89.2436475627103,48.444781813497]},"properties":{"OBJECTID":1462,"LOC_ID":"PC0503","FDMID":2225,"X_COORD":334083.5896,"Y_COORD":5368168.12632,"BEAT":"N 8","ROT_ANGLE":0,"NODE_ID":8052,"GLOBALID":"9486355a-9300-4cf2-b3cd-e346edfffcca","CREATEDDATE":1520794199000,"LASTUPDATE":1644363338000}},{"type":"Feature","id":1463,"geometry":{"type":"Point","coordinates":[-89.2336202406119,48.4442052366346]},"properties":{"OBJECTID":1463,"LOC_ID":"PC0334","FDMID":2057,"X_COORD":334822.34774,"Y_COORD":5368084.33701,"BEAT":"N 5","ROT_ANGLE":0,"NODE_ID":5763,"GLOBALID":"a390a7dd-5f03-4036-b594-5336a8acf35f","CREATEDDATE":1520794199000,"LASTUPDATE":1676320252000}},{"type":"Feature","id":1464,"geometry":{"type":"Point","coordinates":[-89.2619714207811,48.4365792332633]},"properties":{"OBJECTID":1464,"LOC_ID":"PC0976","FDMID":2690,"X_COORD":332701.67779,"Y_COORD":5367296.34392,"BEAT":"N 4","ROT_ANGLE":0,"NODE_ID":6668,"GLOBALID":"b33ba1dc-c2ba-4ae2-866b-1ced5a44ec43","CREATEDDATE":1520794199000,"LASTUPDATE":1643920970000}},{"type":"Feature","id":1465,"geometry":{"type":"Point","coordinates":[-89.2541054657255,48.4356502124472]},"properties":{"OBJECTID":1465,"LOC_ID":"PC0839","FDMID":2555,"X_COORD":333280.38627,"Y_COORD":5367175.92177,"BEAT":"N 4","ROT_ANGLE":0,"NODE_ID":3819,"GLOBALID":"dd8b95b1-1eee-43a8-a39a-aab190c6680d","CREATEDDATE":1520794199000,"LASTUPDATE":1643920970000}},{"type":"Feature","id":1466,"geometry":{"type":"Point","coordinates":[-89.2294697715607,48.4346749747909]},"properties":{"OBJECTID":1466,"LOC_ID":"PC0454","FDMID":2176,"X_COORD":335099.27267,"Y_COORD":5367014.14104,"BEAT":"N 6","ROT_ANGLE":0,"NODE_ID":6055,"GLOBALID":"69a95562-8549-492f-a97d-bd0e0f004009","CREATEDDATE":1520794199000,"LASTUPDATE":1643920970000}},{"type":"Feature","id":1467,"geometry":{"type":"Point","coordinates":[-89.2273451725133,48.4346445856838]},"properties":{"OBJECTID":1467,"LOC_ID":"PC0451","FDMID":2173,"X_COORD":335256.40291,"Y_COORD":5367005.55557,"BEAT":"N 6","ROT_ANGLE":0,"NODE_ID":4897,"GLOBALID":"3d65f956-fc64-400a-9176-0890abed77f8","CREATEDDATE":1520794199000,"LASTUPDATE":1643920970000}},{"type":"Feature","id":1468,"geometry":{"type":"Point","coordinates":[-89.2334259228469,48.4311560590133]},"properties":{"OBJECTID":1468,"LOC_ID":"PC0570","FDMID":2290,"X_COORD":334795.2655,"Y_COORD":5366631.55902,"BEAT":"N 6","ROT_ANGLE":0,"NODE_ID":7469,"GLOBALID":"d29f581f-3824-4a06-bca9-9347a23011e3","CREATEDDATE":1520794199000,"LASTUPDATE":1643920970000}},{"type":"Feature","id":1469,"geometry":{"type":"Point","coordinates":[-89.2525281934321,48.4296817941414]},"properties":{"OBJECTID":1469,"LOC_ID":"PC0618","FDMID":2337,"X_COORD":333377.52393,"Y_COORD":5366509.1219,"BEAT":"N 5","ROT_ANGLE":0,"NODE_ID":10291,"GLOBALID":"1d2f8354-a38f-40fa-bdd9-6853154bf0cd","CREATEDDATE":1520794199000,"LASTUPDATE":1644362130000}},{"type":"Feature","id":1470,"geometry":{"type":"Point","coordinates":[-89.234289638891,48.4286851373208]},"properties":{"OBJECTID":1470,"LOC_ID":"PC0564","FDMID":2284,"X_COORD":334723.3638,"Y_COORD":5366358.79461,"BEAT":"N 6","ROT_ANGLE":0,"NODE_ID":5264,"GLOBALID":"d8b25a01-a084-40ff-8c95-67fc7a753899","CREATEDDATE":1520794199000,"LASTUPDATE":1643920970000}},{"type":"Feature","id":1471,"geometry":{"type":"Point","coordinates":[-89.2485191196233,48.4222632417305]},"properties":{"OBJECTID":1471,"LOC_ID":"PP0067","FDMID":2934,"X_COORD":333649.85161,"Y_COORD":5365675.86545,"BEAT":"N 3","ROT_ANGLE":0,"NODE_ID":2559,"GLOBALID":"0bfdbc6c-599b-43a2-a89e-a74062c61c90","CREATEDDATE":1520794199000,"LASTUPDATE":1643920970000}},{"type":"Feature","id":1472,"geometry":{"type":"Point","coordinates":[-89.2540353348595,48.4256957268128]},"properties":{"OBJECTID":1472,"LOC_ID":"PC0613","FDMID":2332,"X_COORD":333253.00143,"Y_COORD":5366069.36869,"BEAT":"N 1","ROT_ANGLE":0,"NODE_ID":5478,"GLOBALID":"25136f00-b721-481a-89db-f2edc5b7b9b2","CREATEDDATE":1520794199000,"LASTUPDATE":1643920970000}},{"type":"Feature","id":1473,"geometry":{"type":"Point","coordinates":[-89.2703594324524,48.4210654651316]},"properties":{"OBJECTID":1473,"LOC_ID":"PC1088","FDMID":2802,"X_COORD":332030.19158,"Y_COORD":5365590.43569,"BEAT":"N 1","ROT_ANGLE":0,"NODE_ID":573,"GLOBALID":"ba7b695a-b66e-45d7-add8-7294b5cdca41","CREATEDDATE":1520794199000,"LASTUPDATE":1643920970000}},{"type":"Feature","id":1474,"geometry":{"type":"Point","coordinates":[-89.2687653031137,48.4259935426307]},"properties":{"OBJECTID":1474,"LOC_ID":"PP0217","FDMID":3656,"X_COORD":332164.35734,"Y_COORD":5366134.66481,"BEAT":"N 1","ROT_ANGLE":0,"NODE_ID":6244,"GLOBALID":"65b060c3-c2b4-4283-96fb-bdcabc7bf964","CREATEDDATE":1520794199000,"LASTUPDATE":1643920970000}},{"type":"Feature","id":1475,"geometry":{"type":"Point","coordinates":[-89.2380589422472,48.4210136523006]},"properties":{"OBJECTID":1475,"LOC_ID":"PC0666","FDMID":3665,"X_COORD":334419.62185,"Y_COORD":5365514.29976,"BEAT":"N 3","ROT_ANGLE":36.1,"NODE_ID":2166,"GLOBALID":"dcfa9086-2950-4191-8015-728c84454f57","CREATEDDATE":1520794199000,"LASTUPDATE":1643920970000}},{"type":"Feature","id":1476,"geometry":{"type":"Point","coordinates":[-89.2545036124833,48.4137952014562]},"properties":{"OBJECTID":1476,"LOC_ID":"PC1064","FDMID":2778,"X_COORD":333179.41321,"Y_COORD":5364747.72798,"BEAT":"N 3","ROT_ANGLE":0,"NODE_ID":8511,"GLOBALID":"53121a29-78ff-4921-99d8-f13a9bc33b2b","CREATEDDATE":1520794199000,"LASTUPDATE":1643920970000}},{"type":"Feature","id":1477,"geometry":{"type":"Point","coordinates":[-89.2516923305409,48.4094946496701]},"properties":{"OBJECTID":1477,"LOC_ID":"PC1024","FDMID":2738,"X_COORD":333372.86806,"Y_COORD":5364261.88964,"BEAT":"N 2","ROT_ANGLE":0,"NODE_ID":527,"GLOBALID":"613f8481-aab1-4a02-b359-559cce5e5d8c","CREATEDDATE":1520794199000,"LASTUPDATE":1678147389000}},{"type":"Feature","id":1478,"geometry":{"type":"Point","coordinates":[-89.2763212905545,48.4033905875201]},"properties":{"OBJECTID":1478,"LOC_ID":"FC1131","FDMID":1120,"X_COORD":331530.72892,"Y_COORD":5363639.09233,"BEAT":"S 1","ROT_ANGLE":0,"NODE_ID":4649,"GLOBALID":"627f206c-2f61-4ac5-8037-f5d8c0224437","CREATEDDATE":1520794199000,"LASTUPDATE":1643920970000}},{"type":"Feature","id":1479,"geometry":{"type":"Point","coordinates":[-89.2715487794676,48.4080513893316]},"properties":{"OBJECTID":1479,"LOC_ID":"PC1055","FDMID":2769,"X_COORD":331899.28956,"Y_COORD":5364146.62052,"BEAT":"N 1","ROT_ANGLE":0,"NODE_ID":7649,"GLOBALID":"1316ec16-0493-4ef8-9f98-bae84b679fff","CREATEDDATE":1520794199000,"LASTUPDATE":1643920970000}},{"type":"Feature","id":1480,"geometry":{"type":"Point","coordinates":[-89.276918730532,48.4020651035872]},"properties":{"OBJECTID":1480,"LOC_ID":"FC1124","FDMID":1113,"X_COORD":331482.13449,"Y_COORD":5363493.08887,"BEAT":"S 1","ROT_ANGLE":0,"NODE_ID":6203,"GLOBALID":"8dfc0aa8-876f-4a5d-959f-5ba66838adbf","CREATEDDATE":1520794199000,"LASTUPDATE":1643920970000}},{"type":"Feature","id":1481,"geometry":{"type":"Point","coordinates":[-89.2821990298719,48.3995902847134]},"properties":{"OBJECTID":1481,"LOC_ID":"FC1075","FDMID":1066,"X_COORD":331083.15414,"Y_COORD":5363229.66539,"BEAT":"S 1","ROT_ANGLE":0,"NODE_ID":9061,"GLOBALID":"2e4def95-4b0f-43a1-9087-0fa1be933487","CREATEDDATE":1520794199000,"LASTUPDATE":1643920970000}},{"type":"Feature","id":1482,"geometry":{"type":"Point","coordinates":[-89.2885513844828,48.400031415429]},"properties":{"OBJECTID":1482,"LOC_ID":"FC1082","FDMID":1073,"X_COORD":330614.46652,"Y_COORD":5363292.72177,"BEAT":"S 1","ROT_ANGLE":0,"NODE_ID":9258,"GLOBALID":"4074a3d5-6db6-4972-9cd0-401b77447af6","CREATEDDATE":1520794199000,"LASTUPDATE":1643920970000}},{"type":"Feature","id":1483,"geometry":{"type":"Point","coordinates":[-89.2731132173387,48.3977268917664]},"properties":{"OBJECTID":1483,"LOC_ID":"FC0854","FDMID":845,"X_COORD":331749.46326,"Y_COORD":5363002.56318,"BEAT":"S 4","ROT_ANGLE":0,"NODE_ID":5169,"GLOBALID":"e9f88465-a074-477f-b12c-1489874ea259","CREATEDDATE":1520794199000,"LASTUPDATE":1643920970000}},{"type":"Feature","id":1484,"geometry":{"type":"Point","coordinates":[-89.2509830894367,48.3935380482911]},"properties":{"OBJECTID":1484,"LOC_ID":"FC0755","FDMID":746,"X_COORD":333373.72515,"Y_COORD":5362488.6186,"BEAT":"S 9","ROT_ANGLE":0,"NODE_ID":8987,"GLOBALID":"bd0e4cc3-9eab-4288-9d4f-2fb243615d2b","CREATEDDATE":1520794199000,"LASTUPDATE":1643920970000}},{"type":"Feature","id":1485,"geometry":{"type":"Point","coordinates":[-89.2258198737228,48.3938907454164]},"properties":{"OBJECTID":1485,"LOC_ID":"FC0336","FDMID":331,"X_COORD":335237.42742,"Y_COORD":5362473.36203,"BEAT":"S 11","ROT_ANGLE":0,"NODE_ID":6201,"GLOBALID":"fdb8b515-64fa-4e98-86cc-20d92dc767a1","CREATEDDATE":1520794199000,"LASTUPDATE":1643920970000}},{"type":"Feature","id":1486,"geometry":{"type":"Point","coordinates":[-89.2893542610095,48.3919262732003]},"properties":{"OBJECTID":1486,"LOC_ID":"FC0879","FDMID":870,"X_COORD":330529.13609,"Y_COORD":5362392.42865,"BEAT":"S 1","ROT_ANGLE":0,"NODE_ID":735,"GLOBALID":"74c6f984-a73b-4360-afbf-1f5df2d9682a","CREATEDDATE":1520794199000,"LASTUPDATE":1643920971000}},{"type":"Feature","id":1487,"geometry":{"type":"Point","coordinates":[-89.2327401147184,48.3916206842374]},"properties":{"OBJECTID":1487,"LOC_ID":"FC0587","FDMID":579,"X_COORD":334716.64892,"Y_COORD":5362238.33201,"BEAT":"S 11","ROT_ANGLE":0,"NODE_ID":10050,"GLOBALID":"6100ca6c-c613-44a7-99c8-6933bd7611e9","CREATEDDATE":1520794199000,"LASTUPDATE":1643920971000}},{"type":"Feature","id":1488,"geometry":{"type":"Point","coordinates":[-89.2969304424311,48.3889557268534]},"properties":{"OBJECTID":1488,"LOC_ID":"FC1091","FDMID":1082,"X_COORD":329957.44047,"Y_COORD":5362080.32036,"BEAT":"S 1","ROT_ANGLE":0,"NODE_ID":8292,"GLOBALID":"a8c2c115-1d8c-493f-ac95-f5e9617d3d1b","CREATEDDATE":1520794199000,"LASTUPDATE":1643920971000}},{"type":"Feature","id":1489,"geometry":{"type":"Point","coordinates":[-89.260870362635,48.3874832934536]},"properties":{"OBJECTID":1489,"LOC_ID":"FC0197","FDMID":193,"X_COORD":332621.99983,"Y_COORD":5361837.23121,"BEAT":"S 7","ROT_ANGLE":0,"NODE_ID":3784,"GLOBALID":"72d3514f-62c7-484a-8399-1f747e50ddb5","CREATEDDATE":1520794199000,"LASTUPDATE":1643920971000}},{"type":"Feature","id":1490,"geometry":{"type":"Point","coordinates":[-89.2762410949813,48.3854110015526]},"properties":{"OBJECTID":1490,"LOC_ID":"FC0805","FDMID":796,"X_COORD":331477.27919,"Y_COORD":5361640.61783,"BEAT":"S 7","ROT_ANGLE":0,"NODE_ID":10413,"GLOBALID":"10de1558-93dc-4072-811c-8b104c234b3a","CREATEDDATE":1520794199000,"LASTUPDATE":1644006769000}},{"type":"Feature","id":1491,"geometry":{"type":"Point","coordinates":[-89.3125386618162,48.3836256473007]},"properties":{"OBJECTID":1491,"LOC_ID":"NC0605","FDMID":3715,"X_COORD":328784.14767,"Y_COORD":5361522.67838,"BEAT":"S 13","ROT_ANGLE":0,"NODE_ID":3526,"GLOBALID":"d08dd8b5-fda4-4625-9e8a-74000ce29973","CREATEDDATE":1520794199000,"LASTUPDATE":1643920971000}},{"type":"Feature","id":1492,"geometry":{"type":"Point","coordinates":[-89.2830226545656,48.3830752711684]},"properties":{"OBJECTID":1492,"LOC_ID":"FC0221","FDMID":217,"X_COORD":330967.4982,"Y_COORD":5361395.96042,"BEAT":"S 5","ROT_ANGLE":0,"NODE_ID":5463,"GLOBALID":"faad2e8b-7b11-4b4f-b44f-fbbffd2d9af5","CREATEDDATE":1520794199000,"LASTUPDATE":1643920971000}},{"type":"Feature","id":1493,"geometry":{"type":"Point","coordinates":[-89.2671956826368,48.3824128772652]},"properties":{"OBJECTID":1493,"LOC_ID":"FC0211","FDMID":207,"X_COORD":332132.54908,"Y_COORD":5361286.52503,"BEAT":"S 7","ROT_ANGLE":0,"NODE_ID":4629,"GLOBALID":"3e736009-7807-4f2b-9475-3b12f737b29b","CREATEDDATE":1520794199000,"LASTUPDATE":1678915305000}},{"type":"Feature","id":1494,"geometry":{"type":"Point","coordinates":[-89.3424668448308,48.380659062926]},"properties":{"OBJECTID":1494,"LOC_ID":"NC0037","FDMID":1215,"X_COORD":326558.38536,"Y_COORD":5361260.32446,"BEAT":"S 13","ROT_ANGLE":0,"NODE_ID":9424,"GLOBALID":"da320e1e-38c8-4f0e-8add-b61da61a78b0","CREATEDDATE":1520794199000,"LASTUPDATE":1643920971000}},{"type":"Feature","id":1495,"geometry":{"type":"Point","coordinates":[-89.2605852151925,48.3824115013345]},"properties":{"OBJECTID":1495,"LOC_ID":"FC0206","FDMID":202,"X_COORD":332626.46601,"Y_COORD":5361272.90711,"BEAT":"S 8","ROT_ANGLE":0,"NODE_ID":2236,"GLOBALID":"e011961a-105a-4a5b-98a4-8939ef574933","CREATEDDATE":1520794199000,"LASTUPDATE":1643920971000}},{"type":"Feature","id":1496,"geometry":{"type":"Point","coordinates":[-89.2619108780887,48.3816006937123]},"properties":{"OBJECTID":1496,"LOC_ID":"FC0688","FDMID":679,"X_COORD":332530.68873,"Y_COORD":5361184.05745,"BEAT":"S 8","ROT_ANGLE":0,"NODE_ID":7184,"GLOBALID":"d8294626-9160-44d8-acd7-94a4aa147dc1","CREATEDDATE":1520794199000,"LASTUPDATE":1674258087000}},{"type":"Feature","id":1497,"geometry":{"type":"Point","coordinates":[-89.2538075803832,48.380025494272]},"properties":{"OBJECTID":1497,"LOC_ID":"FC0461","FDMID":453,"X_COORD":333120.44771,"Y_COORD":5360992.92708,"BEAT":"S 10","ROT_ANGLE":0,"NODE_ID":293,"GLOBALID":"6aaea31c-f390-45fa-8399-93b8f0c337e5","CREATEDDATE":1520794199000,"LASTUPDATE":1643920971000}},{"type":"Feature","id":1498,"geometry":{"type":"Point","coordinates":[-89.2893554733738,48.3781997144087]},"properties":{"OBJECTID":1498,"LOC_ID":"FC0400","FDMID":394,"X_COORD":330482.46857,"Y_COORD":5360868.06743,"BEAT":null,"ROT_ANGLE":0,"NODE_ID":6375,"GLOBALID":"320895ef-15a9-4908-b3ce-7e7e32f065ef","CREATEDDATE":1520794199000,"LASTUPDATE":1643920971000}},{"type":"Feature","id":1499,"geometry":{"type":"Point","coordinates":[-89.2830604527091,48.3791547399271]},"properties":{"OBJECTID":1499,"LOC_ID":"FC0660","FDMID":652,"X_COORD":330951.71785,"Y_COORD":5360960.3009,"BEAT":"S 5","ROT_ANGLE":0,"NODE_ID":4285,"GLOBALID":"92da0620-5bfa-45bb-b52b-826556d49167","CREATEDDATE":1520794199000,"LASTUPDATE":1643920971000}},{"type":"Feature","id":1500,"geometry":{"type":"Point","coordinates":[-89.2983797074457,48.3769776571003]},"properties":{"OBJECTID":1500,"LOC_ID":"FP0024","FDMID":3290,"X_COORD":329809.37826,"Y_COORD":5360742.14743,"BEAT":"S 2","ROT_ANGLE":0,"NODE_ID":10551,"GLOBALID":"68515f35-af35-41fe-bc94-2149df9bb891","CREATEDDATE":1520794199000,"LASTUPDATE":1677612999000}},{"type":"Feature","id":1501,"geometry":{"type":"Point","coordinates":[-89.2656121294384,48.3784815401922]},"properties":{"OBJECTID":1501,"LOC_ID":"FC0560","FDMID":552,"X_COORD":332241.37443,"Y_COORD":5360847.11511,"BEAT":"S 8","ROT_ANGLE":0,"NODE_ID":10485,"GLOBALID":"17c655e6-140a-43e6-85b3-8d8b786fed99","CREATEDDATE":1520794199000,"LASTUPDATE":1643920971000}},{"type":"Feature","id":1502,"geometry":{"type":"Point","coordinates":[-89.23449470646,48.3748962392085]},"properties":{"OBJECTID":1502,"LOC_ID":"FC1161","FDMID":3409,"X_COORD":334532.17788,"Y_COORD":5360385.23326,"BEAT":"S 12","ROT_ANGLE":0,"NODE_ID":10424,"GLOBALID":"d451b0db-eb16-4156-bb06-ea6acb82581d","CREATEDDATE":1520794199000,"LASTUPDATE":1643920971000}},{"type":"Feature","id":1503,"geometry":{"type":"Point","coordinates":[-89.27487260567,48.363007445124]},"properties":{"OBJECTID":1503,"LOC_ID":"FP0002","FDMID":1142,"X_COORD":331303.81462,"Y_COORD":5359144.83364,"BEAT":"S 6","ROT_ANGLE":0,"NODE_ID":2383,"GLOBALID":"0000fb4e-e788-43d5-9575-019dca33ea07","CREATEDDATE":1520794199000,"LASTUPDATE":1643920971000}},{"type":"Feature","id":1504,"geometry":{"type":"Point","coordinates":[-89.2784289015109,48.3714580731327]},"properties":{"OBJECTID":1504,"LOC_ID":"FC0218","FDMID":214,"X_COORD":331269.20214,"Y_COORD":5360094.65892,"BEAT":"S 6","ROT_ANGLE":0,"NODE_ID":8528,"GLOBALID":"0a5f15e1-2fcd-4bc9-bff5-6418459e4759","CREATEDDATE":1520794199000,"LASTUPDATE":1643920971000}},{"type":"Feature","id":1505,"geometry":{"type":"Point","coordinates":[-89.364439895567,48.3663509927359]},"properties":{"OBJECTID":1505,"LOC_ID":"NC0062","FDMID":1240,"X_COORD":324882.49519,"Y_COORD":5359720.07511,"BEAT":"S 14","ROT_ANGLE":0,"NODE_ID":1510,"GLOBALID":"2453c536-9e57-4deb-83bb-bea5e19430e5","CREATEDDATE":1520794199000,"LASTUPDATE":1643920971000}},{"type":"Feature","id":1506,"geometry":{"type":"Point","coordinates":[-89.3836844912636,48.3599722208356]},"properties":{"OBJECTID":1506,"LOC_ID":"NC0090","FDMID":1268,"X_COORD":323435.23503,"Y_COORD":5359055.28765,"BEAT":"S 14","ROT_ANGLE":0,"NODE_ID":3664,"GLOBALID":"5b8ee7d5-0612-44a1-b327-d66542d36f03","CREATEDDATE":1520794199000,"LASTUPDATE":1643920971000}},{"type":"Feature","id":1507,"geometry":{"type":"Point","coordinates":[-89.3538440912052,48.349405256789]},"properties":{"OBJECTID":1507,"LOC_ID":"NP0020","FDMID":1689,"X_COORD":325609.3565,"Y_COORD":5357812.51261,"BEAT":"S 15","ROT_ANGLE":0,"NODE_ID":4537,"GLOBALID":"8308ea00-a083-410e-bf1f-d07ed0c7b39a","CREATEDDATE":1520794199000,"LASTUPDATE":1643920971000}},{"type":"Feature","id":1508,"geometry":{"type":"Point","coordinates":[-89.3445289326257,48.3480125311536]},"properties":{"OBJECTID":1508,"LOC_ID":"NC0306","FDMID":1482,"X_COORD":326294.72021,"Y_COORD":5357636.56381,"BEAT":"S 16","ROT_ANGLE":0,"NODE_ID":4910,"GLOBALID":"37b33d9c-8f66-42b3-907d-1ae02be34a11","CREATEDDATE":1520794199000,"LASTUPDATE":1643920971000}},{"type":"Feature","id":1509,"geometry":{"type":"Point","coordinates":[-89.3296316818909,48.329746856484]},"properties":{"OBJECTID":1509,"LOC_ID":"NC0573","FDMID":3622,"X_COORD":327336.69551,"Y_COORD":5355572.81802,"BEAT":"S 17","ROT_ANGLE":0,"NODE_ID":468,"GLOBALID":"41cd8928-9045-448c-b101-78631fc15177","CREATEDDATE":1520794199000,"LASTUPDATE":1643920971000}},{"type":"Feature","id":1510,"geometry":{"type":"Point","coordinates":[-89.3259492777458,48.3320139016235]},"properties":{"OBJECTID":1510,"LOC_ID":"NC0475","FDMID":1648,"X_COORD":327617.25205,"Y_COORD":5355816.4929,"BEAT":"S 17","ROT_ANGLE":0,"NODE_ID":8787,"GLOBALID":"1965f5a7-c7c4-4826-a647-1c95f9fc76c8","CREATEDDATE":1520794199000,"LASTUPDATE":1643920971000}},{"type":"Feature","id":1511,"geometry":{"type":"Point","coordinates":[-89.355450998574,48.326149935206]},"properties":{"OBJECTID":1511,"LOC_ID":"NC0479","FDMID":1652,"X_COORD":325410.89557,"Y_COORD":5355231.52829,"BEAT":"S 16","ROT_ANGLE":0,"NODE_ID":2603,"GLOBALID":"a122e477-c18e-48d5-aa71-4ccedfddb2c5","CREATEDDATE":1520794199000,"LASTUPDATE":1643920971000}},{"type":"Feature","id":1512,"geometry":{"type":"Point","coordinates":[-89.3581397110406,48.3202690542817]},"properties":{"OBJECTID":1512,"LOC_ID":"NC0504","FDMID":1677,"X_COORD":325191.5133,"Y_COORD":5354584.04515,"BEAT":"S 16","ROT_ANGLE":0,"NODE_ID":8040,"GLOBALID":"8fc566c6-c5b9-4e18-8027-bea0306fa330","CREATEDDATE":1520794199000,"LASTUPDATE":1643920971000}},{"type":"Feature","id":1513,"geometry":{"type":"Point","coordinates":[-89.3536241199132,48.3219914610184]},"properties":{"OBJECTID":1513,"LOC_ID":"NC0174","FDMID":1351,"X_COORD":325532.10978,"Y_COORD":5354765.18999,"BEAT":"S 16","ROT_ANGLE":0,"NODE_ID":6376,"GLOBALID":"e6ef3603-9fa3-428d-9181-bf13084e72a1","CREATEDDATE":1520794199000,"LASTUPDATE":1643920971000}},{"type":"Feature","id":1514,"geometry":{"type":"Point","coordinates":[-89.1905075618765,48.4689591300651]},"properties":{"OBJECTID":1514,"LOC_ID":"PC0067","FDMID":1791,"X_COORD":338089.99088,"Y_COORD":5370741.85791,"BEAT":"N 11","ROT_ANGLE":0,"NODE_ID":8668,"GLOBALID":"46e313f4-e0be-40d3-b3f7-279949aa7fe3","CREATEDDATE":1520794199000,"LASTUPDATE":1644265278000}},{"type":"Feature","id":1515,"geometry":{"type":"Point","coordinates":[-89.262460952169,48.4625540483168]},"properties":{"OBJECTID":1515,"LOC_ID":"MC0295","FDMID":3449,"X_COORD":332750.83747,"Y_COORD":5370184.36389,"BEAT":"N 15","ROT_ANGLE":0,"NODE_ID":843,"GLOBALID":"a89772d9-95b2-4183-95d5-078e1f3307c7","CREATEDDATE":1520794199000,"LASTUPDATE":1643920971000}},{"type":"Feature","id":1516,"geometry":{"type":"Point","coordinates":[-89.2598749623829,48.4619206556786]},"properties":{"OBJECTID":1516,"LOC_ID":"MP0020","FDMID":0,"X_COORD":332939.91087,"Y_COORD":5370108.31474,"BEAT":null,"ROT_ANGLE":0,"NODE_ID":8396,"GLOBALID":"56041d5e-092d-48ce-8bfb-243424d46bd7","CREATEDDATE":1520794199000,"LASTUPDATE":1643920971000}},{"type":"Feature","id":1517,"geometry":{"type":"Point","coordinates":[-89.1808318679058,48.4626777339682]},"properties":{"OBJECTID":1517,"LOC_ID":"PC0028","FDMID":1752,"X_COORD":338788.08957,"Y_COORD":5370015.28357,"BEAT":"N 11","ROT_ANGLE":0,"NODE_ID":6841,"GLOBALID":"a2822f4f-cb80-4903-a403-7772c2299f02","CREATEDDATE":1520794199000,"LASTUPDATE":1670463827000}},{"type":"Feature","id":1518,"geometry":{"type":"Point","coordinates":[-89.1850878433949,48.4599631458792]},"properties":{"OBJECTID":1518,"LOC_ID":"PC0015","FDMID":1739,"X_COORD":338462.02134,"Y_COORD":5369730.14053,"BEAT":"N 11","ROT_ANGLE":0,"NODE_ID":7755,"GLOBALID":"d696d1c2-c4ba-4f50-8c92-a6dac2cbff57","CREATEDDATE":1520794199000,"LASTUPDATE":1644266271000}},{"type":"Feature","id":1519,"geometry":{"type":"Point","coordinates":[-89.2307526052479,48.4578489583468]},"properties":{"OBJECTID":1519,"LOC_ID":"PC0251","FDMID":1974,"X_COORD":335076.43184,"Y_COORD":5369593.74552,"BEAT":"N 8","ROT_ANGLE":0,"NODE_ID":6454,"GLOBALID":"10179036-2562-420d-8aa4-a39582c35985","CREATEDDATE":1520794199000,"LASTUPDATE":1643920971000}},{"type":"Feature","id":1520,"geometry":{"type":"Point","coordinates":[-89.2634798939926,48.4552629722946]},"properties":{"OBJECTID":1520,"LOC_ID":"MC0140","FDMID":3137,"X_COORD":332651.543,"Y_COORD":5369376.22949,"BEAT":"N 15","ROT_ANGLE":0,"NODE_ID":8771,"GLOBALID":"92a5da10-1951-498f-88de-27feaf096c96","CREATEDDATE":1520794199000,"LASTUPDATE":1643920971000}},{"type":"Feature","id":1521,"geometry":{"type":"Point","coordinates":[-89.2731751460404,48.4549144019677]},"properties":{"OBJECTID":1521,"LOC_ID":"MC0300","FDMID":3559,"X_COORD":331933.62735,"Y_COORD":5369358.73803,"BEAT":"N 15","ROT_ANGLE":0,"NODE_ID":4737,"GLOBALID":"2b13dfac-0395-40ef-9f8c-dbd6cff686e6","CREATEDDATE":1520794199000,"LASTUPDATE":1643920972000}},{"type":"Feature","id":1522,"geometry":{"type":"Point","coordinates":[-89.1803363722943,48.4537714389994]},"properties":{"OBJECTID":1522,"LOC_ID":"PP0023","FDMID":2893,"X_COORD":338793.6545,"Y_COORD":5369031.94405,"BEAT":"N 14","ROT_ANGLE":0,"NODE_ID":9719,"GLOBALID":"3047a946-66b9-4774-88ae-b322534a5382","CREATEDDATE":1520794199000,"LASTUPDATE":1643920972000}},{"type":"Feature","id":1523,"geometry":{"type":"Point","coordinates":[-89.282691087476,48.4531208594344]},"properties":{"OBJECTID":1523,"LOC_ID":"MC0268","FDMID":3422,"X_COORD":331224.16278,"Y_COORD":5369180.33906,"BEAT":"N 15","ROT_ANGLE":0,"NODE_ID":7562,"GLOBALID":"2e2cfff3-10a0-4745-bda8-748e23ff511b","CREATEDDATE":1520794199000,"LASTUPDATE":1643920972000}},{"type":"Feature","id":1524,"geometry":{"type":"Point","coordinates":[-89.2568776344843,48.4531423810626]},"properties":{"OBJECTID":1524,"LOC_ID":"MC0129","FDMID":3126,"X_COORD":333132.68809,"Y_COORD":5369126.11467,"BEAT":"N 12","ROT_ANGLE":0,"NODE_ID":7550,"GLOBALID":"a2d82fdc-2f99-4538-a0b3-2747e875609d","CREATEDDATE":1520794199000,"LASTUPDATE":1643920972000}},{"type":"Feature","id":1525,"geometry":{"type":"Point","coordinates":[-89.28388590667,48.4492364221949]},"properties":{"OBJECTID":1525,"LOC_ID":"MC0298","FDMID":3719,"X_COORD":331122.94063,"Y_COORD":5368751.24261,"BEAT":"N 15","ROT_ANGLE":0,"NODE_ID":8851,"GLOBALID":"d94f0cdb-2901-491c-af78-a4ec4b677ba4","CREATEDDATE":1520794199000,"LASTUPDATE":1643920972000}},{"type":"Feature","id":1526,"geometry":{"type":"Point","coordinates":[-89.2672036130083,48.4500970731424]},"properties":{"OBJECTID":1526,"LOC_ID":"MC0043","FDMID":3040,"X_COORD":332359.24015,"Y_COORD":5368810.2204,"BEAT":"N 13","ROT_ANGLE":0,"NODE_ID":9100,"GLOBALID":"85c76d84-02cc-4b46-b26d-0cbba27e6fe3","CREATEDDATE":1520794199000,"LASTUPDATE":1643920972000}},{"type":"Feature","id":1527,"geometry":{"type":"Point","coordinates":[-89.2450556883474,48.4498831349578]},"properties":{"OBJECTID":1527,"LOC_ID":"PC0896","FDMID":2612,"X_COORD":333992.2639,"Y_COORD":5368738.16536,"BEAT":"N 8","ROT_ANGLE":0,"NODE_ID":882,"GLOBALID":"a7e6aef9-cef6-4a41-9577-862c4e7fbb50","CREATEDDATE":1520794199000,"LASTUPDATE":1643920972000}},{"type":"Feature","id":1528,"geometry":{"type":"Point","coordinates":[-89.2255770712255,48.4498894592043]},"properties":{"OBJECTID":1528,"LOC_ID":"PC0236","FDMID":1959,"X_COORD":335426.28784,"Y_COORD":5368698.89112,"BEAT":"N 8","ROT_ANGLE":0,"NODE_ID":2190,"GLOBALID":"17306fd2-99d6-4ef9-bd16-a09562d5fc06","CREATEDDATE":1520794199000,"LASTUPDATE":1643920972000}},{"type":"Feature","id":1529,"geometry":{"type":"Point","coordinates":[-89.2032278803799,48.4461885043868]},"properties":{"OBJECTID":1529,"LOC_ID":"PC0152","FDMID":1875,"X_COORD":337072.51504,"Y_COORD":5368236.13784,"BEAT":"N 10","ROT_ANGLE":0,"NODE_ID":3960,"GLOBALID":"42182c00-960b-4f79-8436-26df56d34a82","CREATEDDATE":1520794199000,"LASTUPDATE":1643920972000}},{"type":"Feature","id":1530,"geometry":{"type":"Point","coordinates":[-89.2346881032227,48.4451983699868]},"properties":{"OBJECTID":1530,"LOC_ID":"PC0374","FDMID":2097,"X_COORD":334747.4534,"Y_COORD":5368195.03858,"BEAT":"N 5","ROT_ANGLE":0,"NODE_ID":6227,"GLOBALID":"2746b4ff-2b63-48e4-a1d2-acda2aa2a167","CREATEDDATE":1520794199000,"LASTUPDATE":1643920972000}},{"type":"Feature","id":1531,"geometry":{"type":"Point","coordinates":[-89.2085701561261,48.4446930644958]},"properties":{"OBJECTID":1531,"LOC_ID":"PC0113","FDMID":1836,"X_COORD":336677.13968,"Y_COORD":5368082.79691,"BEAT":"N 10","ROT_ANGLE":0,"NODE_ID":2972,"GLOBALID":"3c6288e4-9db9-408e-99e8-6f8b59059090","CREATEDDATE":1520794199000,"LASTUPDATE":1643920972000}},{"type":"Feature","id":1532,"geometry":{"type":"Point","coordinates":[-89.2186770623939,48.4372215728685]},"properties":{"OBJECTID":1532,"LOC_ID":"PC0398","FDMID":2121,"X_COORD":335905.71209,"Y_COORD":5367273.99077,"BEAT":"N7","ROT_ANGLE":0,"NODE_ID":114,"GLOBALID":"16d494bf-263e-4459-95df-c6c05c9f2736","CREATEDDATE":1520794199000,"LASTUPDATE":1643920972000}},{"type":"Feature","id":1533,"geometry":{"type":"Point","coordinates":[-89.2515475734774,48.4356845032795]},"properties":{"OBJECTID":1533,"LOC_ID":"PC0630","FDMID":2349,"X_COORD":333469.67804,"Y_COORD":5367174.16433,"BEAT":"N 5","ROT_ANGLE":0,"NODE_ID":9248,"GLOBALID":"d3c1321a-be5b-477e-bb3d-885705e80da8","CREATEDDATE":1520794199000,"LASTUPDATE":1644362891000}},{"type":"Feature","id":1534,"geometry":{"type":"Point","coordinates":[-89.2269731206926,48.4339923218878]},"properties":{"OBJECTID":1534,"LOC_ID":"PC0450","FDMID":2172,"X_COORD":335280.15664,"Y_COORD":5366933.11243,"BEAT":"N7","ROT_ANGLE":0,"NODE_ID":946,"GLOBALID":"f8027f6a-f4ea-4d15-a6d7-b21aeffe5e5e","CREATEDDATE":1520794199000,"LASTUPDATE":1643920972000}},{"type":"Feature","id":1535,"geometry":{"type":"Point","coordinates":[-89.2294081710327,48.4319848990456]},"properties":{"OBJECTID":1535,"LOC_ID":"PC0561","FDMID":2281,"X_COORD":335095.12291,"Y_COORD":5366715.01707,"BEAT":"N 6","ROT_ANGLE":0,"NODE_ID":451,"GLOBALID":"82ef1cb3-920c-4cfc-bba9-1d30e38d604a","CREATEDDATE":1520794199000,"LASTUPDATE":1643920972000}},{"type":"Feature","id":1536,"geometry":{"type":"Point","coordinates":[-89.2643487564474,48.4305991787037]},"properties":{"OBJECTID":1536,"LOC_ID":"PC1196","FDMID":3696,"X_COORD":332506.19977,"Y_COORD":5366636.88664,"BEAT":"N 1","ROT_ANGLE":0,"NODE_ID":7368,"GLOBALID":"c4a016b6-e1af-4f2c-a868-788af1eec1e2","CREATEDDATE":1520794199000,"LASTUPDATE":1643920972000}},{"type":"Feature","id":1537,"geometry":{"type":"Point","coordinates":[-89.2412935464546,48.4221219719437]},"properties":{"OBJECTID":1537,"LOC_ID":"PP0108","FDMID":2972,"X_COORD":334183.93187,"Y_COORD":5365644.48472,"BEAT":"N 3","ROT_ANGLE":0,"NODE_ID":8212,"GLOBALID":"f6ee6042-5be2-4de2-8d75-a0e98f1c78a7","CREATEDDATE":1520794199000,"LASTUPDATE":1643920972000}},{"type":"Feature","id":1538,"geometry":{"type":"Point","coordinates":[-89.2240004555869,48.4176471310237]},"properties":{"OBJECTID":1538,"LOC_ID":"PP0164","FDMID":2396,"X_COORD":335448.79664,"Y_COORD":5365109.82257,"BEAT":"N 14","ROT_ANGLE":0,"NODE_ID":8025,"GLOBALID":"4f44bc3c-cc4a-45c6-8593-a53e5fa306c6","CREATEDDATE":1520794199000,"LASTUPDATE":1643920972000}},{"type":"Feature","id":1539,"geometry":{"type":"Point","coordinates":[-89.2743151534941,48.4188731898381]},"properties":{"OBJECTID":1539,"LOC_ID":"PC1085","FDMID":2799,"X_COORD":331729.44457,"Y_COORD":5365351.18065,"BEAT":"N 1","ROT_ANGLE":0,"NODE_ID":8331,"GLOBALID":"e5184726-6455-4991-8437-d753af6bb8a2","CREATEDDATE":1520794199000,"LASTUPDATE":1643920972000}},{"type":"Feature","id":1540,"geometry":{"type":"Point","coordinates":[-89.2445572351146,48.4181567900113]},"properties":{"OBJECTID":1540,"LOC_ID":"PC1108","FDMID":2822,"X_COORD":333929.56617,"Y_COORD":5365210.85425,"BEAT":"N 2","ROT_ANGLE":0,"NODE_ID":9575,"GLOBALID":"d2d36a0d-e013-4bb4-8ae5-c0a972565558","CREATEDDATE":1520794199000,"LASTUPDATE":1643920972000}},{"type":"Feature","id":1541,"geometry":{"type":"Point","coordinates":[-89.2803831622371,48.4085536065888]},"properties":{"OBJECTID":1541,"LOC_ID":"PC0722","FDMID":3519,"X_COORD":331247.22018,"Y_COORD":5364221.87019,"BEAT":"N 1","ROT_ANGLE":0,"NODE_ID":9569,"GLOBALID":"8ecad336-77f7-49a3-8107-5167faf4cf73","CREATEDDATE":1520794199000,"LASTUPDATE":1643920972000}},{"type":"Feature","id":1542,"geometry":{"type":"Point","coordinates":[-89.2265201132526,48.4049329571811]},"properties":{"OBJECTID":1542,"LOC_ID":"PP0195","FDMID":3553,"X_COORD":335221.28278,"Y_COORD":5363702.13771,"BEAT":"N 14","ROT_ANGLE":0,"NODE_ID":9946,"GLOBALID":"978ab127-18c2-4d51-8c74-792ead1d74a2","CREATEDDATE":1520794199000,"LASTUPDATE":1643920972000}},{"type":"Feature","id":1543,"geometry":{"type":"Point","coordinates":[-89.2541895665395,48.4038210739817]},"properties":{"OBJECTID":1543,"LOC_ID":"PC0962","FDMID":2677,"X_COORD":333170.02646,"Y_COORD":5363638.49918,"BEAT":"N 2","ROT_ANGLE":0,"NODE_ID":72,"GLOBALID":"a6d8fdce-d139-4aa9-9e43-a0c710d37617","CREATEDDATE":1520794199000,"LASTUPDATE":1643920972000}},{"type":"Feature","id":1544,"geometry":{"type":"Point","coordinates":[-89.2457675021355,48.4070977312021]},"properties":{"OBJECTID":1544,"LOC_ID":"PC0718","FDMID":2436,"X_COORD":333803.97334,"Y_COORD":5363984.34878,"BEAT":"N 2","ROT_ANGLE":0,"NODE_ID":9700,"GLOBALID":"8b9e6cd5-756e-4ae2-9047-54d391c18a16","CREATEDDATE":1520794199000,"LASTUPDATE":1644352450000}},{"type":"Feature","id":1545,"geometry":{"type":"Point","coordinates":[-89.2710456381961,48.4069636241847]},"properties":{"OBJECTID":1545,"LOC_ID":"PC1056","FDMID":2770,"X_COORD":331932.93667,"Y_COORD":5364024.61937,"BEAT":"N 1","ROT_ANGLE":0,"NODE_ID":9063,"GLOBALID":"92179304-809d-47c7-b6fc-ad926e54f693","CREATEDDATE":1520794199000,"LASTUPDATE":1643920972000}},{"type":"Feature","id":1546,"geometry":{"type":"Point","coordinates":[-89.2621305523333,48.4074968994464]},"properties":{"OBJECTID":1546,"LOC_ID":"PC1147","FDMID":2861,"X_COORD":332594.41481,"Y_COORD":5364064.36747,"BEAT":"N 1","ROT_ANGLE":0,"NODE_ID":3642,"GLOBALID":"79726cbd-80bd-4a46-9b5c-b9547e2bc501","CREATEDDATE":1520794199000,"LASTUPDATE":1643920972000}},{"type":"Feature","id":1547,"geometry":{"type":"Point","coordinates":[-89.2386280557124,48.3970820265431]},"properties":{"OBJECTID":1547,"LOC_ID":"FC1151","FDMID":1140,"X_COORD":334299.74038,"Y_COORD":5362855.68907,"BEAT":"S 11","ROT_ANGLE":243,"NODE_ID":4824,"GLOBALID":"40876c85-78ec-4054-9e7e-2808cd96bb80","CREATEDDATE":1520794199000,"LASTUPDATE":1643920972000}},{"type":"Feature","id":1548,"geometry":{"type":"Point","coordinates":[-89.2773255529237,48.3959699679147]},"properties":{"OBJECTID":1548,"LOC_ID":"FC0976","FDMID":967,"X_COORD":331431.88322,"Y_COORD":5362816.55639,"BEAT":"S 4","ROT_ANGLE":0,"NODE_ID":1235,"GLOBALID":"5477fa1d-fb2e-4c1c-b3a5-a4c38aca5f4d","CREATEDDATE":1520794199000,"LASTUPDATE":1643920972000}},{"type":"Feature","id":1549,"geometry":{"type":"Point","coordinates":[-89.2861006534004,48.3948977529915]},"properties":{"OBJECTID":1549,"LOC_ID":"FC0975","FDMID":966,"X_COORD":330777.23234,"Y_COORD":5362716.94987,"BEAT":"S 4","ROT_ANGLE":0,"NODE_ID":8145,"GLOBALID":"91efcabb-eef2-434d-b5b3-cf805e415b0e","CREATEDDATE":1520794199000,"LASTUPDATE":1643920972000}},{"type":"Feature","id":1550,"geometry":{"type":"Point","coordinates":[-89.2676495944016,48.3884458333237]},"properties":{"OBJECTID":1550,"LOC_ID":"FC0885","FDMID":876,"X_COORD":332121.61993,"Y_COORD":5361965.06839,"BEAT":"S 7","ROT_ANGLE":0,"NODE_ID":10241,"GLOBALID":"7a0a61f9-4991-4705-9f01-5383e49d8443","CREATEDDATE":1520794199000,"LASTUPDATE":1643920973000}},{"type":"Feature","id":1551,"geometry":{"type":"Point","coordinates":[-89.2994305531003,48.3864357609084]},"properties":{"OBJECTID":1551,"LOC_ID":"FC1095","FDMID":1086,"X_COORD":329763.9654,"Y_COORD":5361805.79236,"BEAT":"S 1","ROT_ANGLE":0,"NODE_ID":964,"GLOBALID":"c49c2aee-94c9-4ff3-9936-422f503a8b80","CREATEDDATE":1520794199000,"LASTUPDATE":1643920973000}},{"type":"Feature","id":1552,"geometry":{"type":"Point","coordinates":[-89.295981390947,48.3844503967999]},"properties":{"OBJECTID":1552,"LOC_ID":"FC0905","FDMID":896,"X_COORD":330012.69244,"Y_COORD":5361577.47031,"BEAT":"S 2","ROT_ANGLE":0,"NODE_ID":7626,"GLOBALID":"e436124d-c6aa-4c9f-847d-76f73eb7326b","CREATEDDATE":1520794199000,"LASTUPDATE":1643920973000}},{"type":"Feature","id":1553,"geometry":{"type":"Point","coordinates":[-89.3096561235394,48.3849487026886]},"properties":{"OBJECTID":1553,"LOC_ID":"NC0555","FDMID":3481,"X_COORD":329001.98652,"Y_COORD":5361663.28843,"BEAT":"S 13","ROT_ANGLE":0,"NODE_ID":7770,"GLOBALID":"2958d818-c6ea-41a6-9e71-e7787f7e9179","CREATEDDATE":1520794199000,"LASTUPDATE":1643920973000}},{"type":"Feature","id":1554,"geometry":{"type":"Point","coordinates":[-89.2538423324798,48.3832765902387]},"properties":{"OBJECTID":1554,"LOC_ID":"FC0464","FDMID":456,"X_COORD":333128.51017,"Y_COORD":5361354.34148,"BEAT":"S 10","ROT_ANGLE":0,"NODE_ID":1221,"GLOBALID":"f232a904-3e59-4a32-b8b9-567698a2d5fa","CREATEDDATE":1520794199000,"LASTUPDATE":1643920973000}},{"type":"Feature","id":1555,"geometry":{"type":"Point","coordinates":[-89.2619115117252,48.3832205104721]},"properties":{"OBJECTID":1555,"LOC_ID":"FC0644","FDMID":636,"X_COORD":332530.92835,"Y_COORD":5361365.72273,"BEAT":"S 8","ROT_ANGLE":0,"NODE_ID":1328,"GLOBALID":"9b6b325f-3991-4d4f-8efd-befe8a661fd1","CREATEDDATE":1520794199000,"LASTUPDATE":1643920973000}},{"type":"Feature","id":1556,"geometry":{"type":"Point","coordinates":[-89.2453776684351,48.38261171924]},"properties":{"OBJECTID":1556,"LOC_ID":"FC0492","FDMID":484,"X_COORD":333753.01884,"Y_COORD":5361262.0371,"BEAT":null,"ROT_ANGLE":0,"NODE_ID":8941,"GLOBALID":"d8c00911-b0fc-44f9-8314-5fb28751d273","CREATEDDATE":1520794199000,"LASTUPDATE":1643920973000}},{"type":"Feature","id":1557,"geometry":{"type":"Point","coordinates":[-89.3242518847423,48.3806837123198]},"properties":{"OBJECTID":1557,"LOC_ID":"NC0013","FDMID":1191,"X_COORD":327907.05225,"Y_COORD":5361221.96004,"BEAT":"S 13","ROT_ANGLE":0,"NODE_ID":7428,"GLOBALID":"e37b4ee5-fc78-437b-90e1-76c01ca2d228","CREATEDDATE":1520794199000,"LASTUPDATE":1643920973000}},{"type":"Feature","id":1558,"geometry":{"type":"Point","coordinates":[-89.3209238972868,48.3806923777828]},"properties":{"OBJECTID":1558,"LOC_ID":"NC0011","FDMID":1189,"X_COORD":328153.47913,"Y_COORD":5361215.44868,"BEAT":"S 13","ROT_ANGLE":0,"NODE_ID":3515,"GLOBALID":"95965f1b-ccfa-4c53-8003-ffcd4f52be07","CREATEDDATE":1520794199000,"LASTUPDATE":1643920973000}},{"type":"Feature","id":1559,"geometry":{"type":"Point","coordinates":[-89.2840352419254,48.375348146924]},"properties":{"OBJECTID":1559,"LOC_ID":"FC0431","FDMID":424,"X_COORD":330868.52348,"Y_COORD":5360536.70948,"BEAT":"S 5","ROT_ANGLE":0,"NODE_ID":7776,"GLOBALID":"d83f6a3e-2497-4aea-8a77-08d873ae5078","CREATEDDATE":1520794199000,"LASTUPDATE":1671649550000}},{"type":"Feature","id":1560,"geometry":{"type":"Point","coordinates":[-89.3766021415256,48.3729197943881]},"properties":{"OBJECTID":1560,"LOC_ID":"NC0543","FDMID":3469,"X_COORD":324004.42671,"Y_COORD":5360478.01738,"BEAT":"S 14","ROT_ANGLE":0,"NODE_ID":4329,"GLOBALID":"33e88e37-9ac6-4932-8efb-7a163f9585ed","CREATEDDATE":1520794199000,"LASTUPDATE":1643920973000}},{"type":"Feature","id":1561,"geometry":{"type":"Point","coordinates":[-89.2645539299952,48.3750856319897]},"properties":{"OBJECTID":1561,"LOC_ID":"FC0333","FDMID":328,"X_COORD":332308.56572,"Y_COORD":5360467.36446,"BEAT":null,"ROT_ANGLE":0,"NODE_ID":10008,"GLOBALID":"74f9cf57-bd85-4b81-9160-00e5f78c6b07","CREATEDDATE":1520794199000,"LASTUPDATE":1643920973000}},{"type":"Feature","id":1562,"geometry":{"type":"Point","coordinates":[-89.2493402018936,48.3737662664074]},"properties":{"OBJECTID":1562,"LOC_ID":"FP0070","FDMID":3411,"X_COORD":333430.77423,"Y_COORD":5360287.53034,"BEAT":"S 10","ROT_ANGLE":0,"NODE_ID":4999,"GLOBALID":"e889b53a-b859-4701-815c-52f4c248f2d5","CREATEDDATE":1520794199000,"LASTUPDATE":1643920973000}},{"type":"Feature","id":1563,"geometry":{"type":"Point","coordinates":[-89.2472298324703,48.371704972682]},"properties":{"OBJECTID":1563,"LOC_ID":"FP0035","FDMID":1161,"X_COORD":333580.32278,"Y_COORD":5360053.84561,"BEAT":"S 12","ROT_ANGLE":0,"NODE_ID":5466,"GLOBALID":"44f0f35a-3a02-4a95-b7de-08a847247e50","CREATEDDATE":1520794199000,"LASTUPDATE":1643920973000}},{"type":"Feature","id":1564,"geometry":{"type":"Point","coordinates":[-89.2988919245789,48.3671720136763]},"properties":{"OBJECTID":1564,"LOC_ID":"FC0278","FDMID":273,"X_COORD":329739.60086,"Y_COORD":5359663.56337,"BEAT":"S 3","ROT_ANGLE":0,"NODE_ID":8784,"GLOBALID":"5a3283e6-165f-43f5-9150-d60adc894889","CREATEDDATE":1520794199000,"LASTUPDATE":1643920973000}},{"type":"Feature","id":1565,"geometry":{"type":"Point","coordinates":[-89.2735534166986,48.3662476263779]},"properties":{"OBJECTID":1565,"LOC_ID":"FC0017","FDMID":1,"X_COORD":331613.05263,"Y_COORD":5359504.83082,"BEAT":"S 6","ROT_ANGLE":0,"NODE_ID":5001,"GLOBALID":"d9d952b3-089e-4e93-b448-3af8be80eb2f","CREATEDDATE":1520794199000,"LASTUPDATE":1643920973000}},{"type":"Feature","id":1566,"geometry":{"type":"Point","coordinates":[-89.2730139569201,48.3671927644604]},"properties":{"OBJECTID":1566,"LOC_ID":"FC0245","FDMID":240,"X_COORD":331656.11874,"Y_COORD":5359608.68951,"BEAT":"S 6","ROT_ANGLE":0,"NODE_ID":4145,"GLOBALID":"3fdbc999-4729-4803-aa16-29a0c28c5f7b","CREATEDDATE":1520794199000,"LASTUPDATE":1643920973000}},{"type":"Feature","id":1567,"geometry":{"type":"Point","coordinates":[-89.3800634387326,48.3645785702045]},"properties":{"OBJECTID":1567,"LOC_ID":"NC0300","FDMID":1476,"X_COORD":323719.33512,"Y_COORD":5359558.9098,"BEAT":"S 14","ROT_ANGLE":0,"NODE_ID":253,"GLOBALID":"b74d00ce-33ad-4780-8ff4-480b9f3d51d6","CREATEDDATE":1520794199000,"LASTUPDATE":1643920973000}},{"type":"Feature","id":1568,"geometry":{"type":"Point","coordinates":[-89.2875859879816,48.3649976122541]},"properties":{"OBJECTID":1568,"LOC_ID":"FC1164","FDMID":3581,"X_COORD":330569.6829,"Y_COORD":5359396.83338,"BEAT":"S 6","ROT_ANGLE":0,"NODE_ID":6919,"GLOBALID":"6e605e37-4740-416a-9eac-49a9a18fde35","CREATEDDATE":1520794199000,"LASTUPDATE":1643920973000}},{"type":"Feature","id":1569,"geometry":{"type":"Point","coordinates":[-89.3869029365732,48.3602722824096]},"properties":{"OBJECTID":1569,"LOC_ID":"NC0088","FDMID":1266,"X_COORD":323197.8877,"Y_COORD":5359096.05821,"BEAT":"S 14","ROT_ANGLE":0,"NODE_ID":6844,"GLOBALID":"f671dc9b-94f2-4076-81a4-69268523635d","CREATEDDATE":1520794199000,"LASTUPDATE":1643920973000}},{"type":"Feature","id":1570,"geometry":{"type":"Point","coordinates":[-89.3184715334581,48.326094527686]},"properties":{"OBJECTID":1570,"LOC_ID":"NC0354","FDMID":1529,"X_COORD":328151.51893,"Y_COORD":5355141.81847,"BEAT":"S 17","ROT_ANGLE":0,"NODE_ID":10192,"GLOBALID":"8e4e676e-918d-413c-9342-c424bdd31095","CREATEDDATE":1520794199000,"LASTUPDATE":1643920973000}},{"type":"Feature","id":1571,"geometry":{"type":"Point","coordinates":[-89.3333547706014,48.3278103137732]},"properties":{"OBJECTID":1571,"LOC_ID":"NC0249","FDMID":1425,"X_COORD":327054.21845,"Y_COORD":5355365.98,"BEAT":"S 17","ROT_ANGLE":0,"NODE_ID":2767,"GLOBALID":"f38376e1-f2bc-4b0d-9a6a-d29394ef1b3c","CREATEDDATE":1520794199000,"LASTUPDATE":1643920973000}},{"type":"Feature","id":1572,"geometry":{"type":"Point","coordinates":[-89.2138286810748,48.3359252125614]},"properties":{"OBJECTID":1572,"LOC_ID":"FC1119","FDMID":1108,"X_COORD":335938.86921,"Y_COORD":5356005.16362,"BEAT":"S 12","ROT_ANGLE":52.3,"NODE_ID":7337,"GLOBALID":"ea1c5612-17e1-486f-a6f1-b412d68f7563","CREATEDDATE":1520794199000,"LASTUPDATE":1643920973000}},{"type":"Feature","id":1573,"geometry":{"type":"Point","coordinates":[-89.3598870301231,48.3241892263732]},"properties":{"OBJECTID":1573,"LOC_ID":"NC0144","FDMID":1322,"X_COORD":325075.40322,"Y_COORD":5355023.72413,"BEAT":"S 16","ROT_ANGLE":0,"NODE_ID":8374,"GLOBALID":"99b40601-5966-49f8-9e52-56919116b0b7","CREATEDDATE":1520794199000,"LASTUPDATE":1643920973000}},{"type":"Feature","id":1574,"geometry":{"type":"Point","coordinates":[-89.3400329496436,48.3179266937627]},"properties":{"OBJECTID":1574,"LOC_ID":"NC0522","FDMID":3325,"X_COORD":326525.73999,"Y_COORD":5354282.58672,"BEAT":"S 17","ROT_ANGLE":0,"NODE_ID":3220,"GLOBALID":"d32d23ae-0954-496e-944d-e9fc86761656","CREATEDDATE":1520794199000,"LASTUPDATE":1643920973000}},{"type":"Feature","id":1575,"geometry":{"type":"Point","coordinates":[-89.1815840544902,48.4677606158518]},"properties":{"OBJECTID":1575,"LOC_ID":"PC0054","FDMID":1778,"X_COORD":338745.76099,"Y_COORD":5370589.39711,"BEAT":"N 11","ROT_ANGLE":0,"NODE_ID":1552,"GLOBALID":"e6733292-2cd2-4107-95f8-d35fcc400890","CREATEDDATE":1520794199000,"LASTUPDATE":1643920973000}},{"type":"Feature","id":1576,"geometry":{"type":"Point","coordinates":[-89.1825107663011,48.4670021877453]},"properties":{"OBJECTID":1576,"LOC_ID":"PC0049","FDMID":1773,"X_COORD":338674.8623,"Y_COORD":5370507.05291,"BEAT":"N 11","ROT_ANGLE":0,"NODE_ID":6040,"GLOBALID":"9a8adee0-2454-4670-b8de-356563f671ed","CREATEDDATE":1520794199000,"LASTUPDATE":1644265855000}},{"type":"Feature","id":1577,"geometry":{"type":"Point","coordinates":[-89.27609741223,48.4617557116775]},"properties":{"OBJECTID":1577,"LOC_ID":"MC0324","FDMID":3628,"X_COORD":331740.19964,"Y_COORD":5370125.53099,"BEAT":"N 15","ROT_ANGLE":0,"NODE_ID":3333,"GLOBALID":"65c631d1-8a0b-49fd-9d5c-2ac7dd796cd3","CREATEDDATE":1520794199000,"LASTUPDATE":1643920973000}},{"type":"Feature","id":1578,"geometry":{"type":"Point","coordinates":[-89.2555589875477,48.4603370359836]},"properties":{"OBJECTID":1578,"LOC_ID":"MC0156","FDMID":3153,"X_COORD":333253.75791,"Y_COORD":5369922.88958,"BEAT":"N 12","ROT_ANGLE":0,"NODE_ID":5423,"GLOBALID":"112a3302-b430-425a-a2ad-bd819b18510c","CREATEDDATE":1520794199000,"LASTUPDATE":1643920973000}},{"type":"Feature","id":1579,"geometry":{"type":"Point","coordinates":[-89.1921681248835,48.4598161254837]},"properties":{"OBJECTID":1579,"LOC_ID":"PC0011","FDMID":1735,"X_COORD":337938.14985,"Y_COORD":5369728.77733,"BEAT":"N 11","ROT_ANGLE":0,"NODE_ID":7378,"GLOBALID":"17133628-1665-4f73-a79d-75301ecf947a","CREATEDDATE":1520794199000,"LASTUPDATE":1643920973000}},{"type":"Feature","id":1580,"geometry":{"type":"Point","coordinates":[-89.2307696740255,48.4569238936704]},"properties":{"OBJECTID":1580,"LOC_ID":"PC0247","FDMID":1970,"X_COORD":335075.19484,"Y_COORD":5369489.81643,"BEAT":"N 8","ROT_ANGLE":0,"NODE_ID":9873,"GLOBALID":"d241467e-1989-4cda-bae2-5b34fcb9b5d3","CREATEDDATE":1520794199000,"LASTUPDATE":1643920974000}},{"type":"Feature","id":1581,"geometry":{"type":"Point","coordinates":[-89.2702944626359,48.4551797470716]},"properties":{"OBJECTID":1581,"LOC_ID":"MC0150","FDMID":3147,"X_COORD":332147.47209,"Y_COORD":5369381.90731,"BEAT":"N 15","ROT_ANGLE":0,"NODE_ID":5972,"GLOBALID":"7dfc7b22-3a76-43bc-af4d-f74edd3bdf87","CREATEDDATE":1520794199000,"LASTUPDATE":1643920974000}},{"type":"Feature","id":1582,"geometry":{"type":"Point","coordinates":[-89.2321136295297,48.4554710916251]},"properties":{"OBJECTID":1582,"LOC_ID":"PC0768","FDMID":2485,"X_COORD":334971.1288,"Y_COORD":5369331.24286,"BEAT":"N 8","ROT_ANGLE":0,"NODE_ID":3380,"GLOBALID":"9c1549bf-5692-4a15-ae56-9605b0c0e01b","CREATEDDATE":1520794199000,"LASTUPDATE":1643920974000}},{"type":"Feature","id":1583,"geometry":{"type":"Point","coordinates":[-89.245869663253,48.4542039818656]},"properties":{"OBJECTID":1583,"LOC_ID":"MC0108","FDMID":3105,"X_COORD":333950.00726,"Y_COORD":5369220.16754,"BEAT":"N 12","ROT_ANGLE":0,"NODE_ID":6588,"GLOBALID":"fe390101-00b1-44b7-a5d0-2e73e5ef4660","CREATEDDATE":1520794199000,"LASTUPDATE":1643920974000}},{"type":"Feature","id":1584,"geometry":{"type":"Point","coordinates":[-89.2600564974419,48.4536170912541]},"properties":{"OBJECTID":1584,"LOC_ID":"MC0055","FDMID":3052,"X_COORD":332899.22633,"Y_COORD":5369185.81336,"BEAT":"N 15","ROT_ANGLE":0,"NODE_ID":8414,"GLOBALID":"63dcbbc3-4cf0-4700-ae70-471325a1efc2","CREATEDDATE":1520794199000,"LASTUPDATE":1643920974000}},{"type":"Feature","id":1585,"geometry":{"type":"Point","coordinates":[-89.2359903072918,48.4533970761164]},"properties":{"OBJECTID":1585,"LOC_ID":"PC0790","FDMID":2507,"X_COORD":334677.78889,"Y_COORD":5369109.09374,"BEAT":"N 8","ROT_ANGLE":0,"NODE_ID":9874,"GLOBALID":"57e32449-9395-4ea2-9fa1-723fdb1b7cc1","CREATEDDATE":1520794199000,"LASTUPDATE":1644350455000}},{"type":"Feature","id":1586,"geometry":{"type":"Point","coordinates":[-89.2643883146845,48.4501256199809]},"properties":{"OBJECTID":1586,"LOC_ID":"MC0046","FDMID":3043,"X_COORD":332567.48591,"Y_COORD":5368807.22699,"BEAT":"N 13","ROT_ANGLE":0,"NODE_ID":10467,"GLOBALID":"4c395309-d34d-489b-8106-5363a8130776","CREATEDDATE":1520794199000,"LASTUPDATE":1643920974000}},{"type":"Feature","id":1587,"geometry":{"type":"Point","coordinates":[-89.1974628001565,48.4511093917838]},"properties":{"OBJECTID":1587,"LOC_ID":"PC1180","FDMID":3383,"X_COORD":337518.95472,"Y_COORD":5368772.29426,"BEAT":"N 10","ROT_ANGLE":0,"NODE_ID":632,"GLOBALID":"60373422-75d4-42cc-bea8-dbf04ace707c","CREATEDDATE":1520794199000,"LASTUPDATE":1643920974000}},{"type":"Feature","id":1588,"geometry":{"type":"Point","coordinates":[-89.2268097078927,48.4504138110383]},"properties":{"OBJECTID":1588,"LOC_ID":"PC0235","FDMID":1958,"X_COORD":335346.88944,"Y_COORD":5368757.71659,"BEAT":"N 8","ROT_ANGLE":0,"NODE_ID":1076,"GLOBALID":"682d15dd-1716-4d17-8aca-a09251918656","CREATEDDATE":1520794199000,"LASTUPDATE":1643920974000}},{"type":"Feature","id":1589,"geometry":{"type":"Point","coordinates":[-89.199286008669,48.4495934756969]},"properties":{"OBJECTID":1589,"LOC_ID":"PC0162","FDMID":1885,"X_COORD":337379.31056,"Y_COORD":5368607.68037,"BEAT":"N 10","ROT_ANGLE":0,"NODE_ID":5492,"GLOBALID":"24668094-feae-48d4-abbc-487f95ab3d1f","CREATEDDATE":1520794199000,"LASTUPDATE":1643920974000}},{"type":"Feature","id":1590,"geometry":{"type":"Point","coordinates":[-89.2347810929064,48.449058395608]},"properties":{"OBJECTID":1590,"LOC_ID":"PC1167","FDMID":3682,"X_COORD":334753.10614,"Y_COORD":5368624.2579,"BEAT":"N 8","ROT_ANGLE":0,"NODE_ID":4094,"GLOBALID":"ae9fd6d7-6ae5-4e11-80a7-24b5a76a92a6","CREATEDDATE":1520794199000,"LASTUPDATE":1643920974000}},{"type":"Feature","id":1591,"geometry":{"type":"Point","coordinates":[-89.1983738703652,48.4488423637294]},"properties":{"OBJECTID":1591,"LOC_ID":"PC0163","FDMID":1886,"X_COORD":337444.35504,"Y_COORD":5368522.26034,"BEAT":"N 10","ROT_ANGLE":0,"NODE_ID":5494,"GLOBALID":"c25b5263-3bf0-488c-8145-e819d2ee9ce2","CREATEDDATE":1520794199000,"LASTUPDATE":1644367204000}},{"type":"Feature","id":1592,"geometry":{"type":"Point","coordinates":[-89.2268257042845,48.4459894889436]},"properties":{"OBJECTID":1592,"LOC_ID":"PC0355","FDMID":2078,"X_COORD":335331.40169,"Y_COORD":5368266.01125,"BEAT":"N 6","ROT_ANGLE":0,"NODE_ID":4782,"GLOBALID":"0ce549ad-eb4d-4aea-8107-d47c4ca72849","CREATEDDATE":1520794199000,"LASTUPDATE":1644365368000}},{"type":"Feature","id":1593,"geometry":{"type":"Point","coordinates":[-89.2399953013207,48.4459459696708]},"properties":{"OBJECTID":1593,"LOC_ID":"PC0517","FDMID":2237,"X_COORD":334357.44636,"Y_COORD":5368289.60421,"BEAT":"N 5","ROT_ANGLE":0,"NODE_ID":9003,"GLOBALID":"10f0b1da-3c6a-4c21-9f47-073b400b1869","CREATEDDATE":1520794199000,"LASTUPDATE":1644363553000}},{"type":"Feature","id":1594,"geometry":{"type":"Point","coordinates":[-89.278782715987,48.443863771144]},"properties":{"OBJECTID":1594,"LOC_ID":"MC0276","FDMID":3430,"X_COORD":331482.47906,"Y_COORD":5368142.85682,"BEAT":"N 13","ROT_ANGLE":0,"NODE_ID":875,"GLOBALID":"5bf67da5-226a-4594-82d3-5c2cc7ce174f","CREATEDDATE":1520794199000,"LASTUPDATE":1643920974000}},{"type":"Feature","id":1595,"geometry":{"type":"Point","coordinates":[-89.2645223378986,48.4445521660907]},"properties":{"OBJECTID":1595,"LOC_ID":"MC0301","FDMID":2386,"X_COORD":332539.65283,"Y_COORD":5368187.45176,"BEAT":"N 13","ROT_ANGLE":0,"NODE_ID":4131,"GLOBALID":"b2294033-5cd2-4574-a6ef-ed0072d11490","CREATEDDATE":1520794199000,"LASTUPDATE":1644364111000}},{"type":"Feature","id":1596,"geometry":{"type":"Point","coordinates":[-89.2266809630345,48.4447182871491]},"properties":{"OBJECTID":1596,"LOC_ID":"PC0343","FDMID":2066,"X_COORD":335337.99497,"Y_COORD":5368124.41253,"BEAT":"N 6","ROT_ANGLE":0,"NODE_ID":9917,"GLOBALID":"44661e18-fe7e-4421-8a04-b33cf4daa469","CREATEDDATE":1520794199000,"LASTUPDATE":1643920974000}},{"type":"Feature","id":1597,"geometry":{"type":"Point","coordinates":[-89.2326163424414,48.4420095424609]},"properties":{"OBJECTID":1597,"LOC_ID":"PC0332","FDMID":2055,"X_COORD":334890.31062,"Y_COORD":5367836.14782,"BEAT":"N 6","ROT_ANGLE":0,"NODE_ID":5610,"GLOBALID":"aa7798f0-6f94-4973-9b1d-80237ecdadba","CREATEDDATE":1520794199000,"LASTUPDATE":1643920974000}},{"type":"Feature","id":1598,"geometry":{"type":"Point","coordinates":[-89.2641334924957,48.4346972131853]},"properties":{"OBJECTID":1598,"LOC_ID":"PC1141","FDMID":2855,"X_COORD":332535.59087,"Y_COORD":5367091.89438,"BEAT":"N 4","ROT_ANGLE":0,"NODE_ID":8244,"GLOBALID":"e293f089-6645-43f8-b562-3b5b22fcf2b8","CREATEDDATE":1520794199000,"LASTUPDATE":1643920974000}},{"type":"Feature","id":1599,"geometry":{"type":"Point","coordinates":[-89.2665974974308,48.4338392011564]},"properties":{"OBJECTID":1599,"LOC_ID":"PC1154","FDMID":2868,"X_COORD":332350.53027,"Y_COORD":5367001.92446,"BEAT":"N 4","ROT_ANGLE":0,"NODE_ID":9119,"GLOBALID":"574d87de-6460-42ba-8779-06445df7edcd","CREATEDDATE":1520794199000,"LASTUPDATE":1643920974000}},{"type":"Feature","id":1600,"geometry":{"type":"Point","coordinates":[-89.2214544547097,48.4329604606031]},"properties":{"OBJECTID":1600,"LOC_ID":"PC0430","FDMID":2152,"X_COORD":335686.56099,"Y_COORD":5366806.34251,"BEAT":"N7","ROT_ANGLE":0,"NODE_ID":3072,"GLOBALID":"66dae18b-1be5-48b0-9363-9c72733a2f11","CREATEDDATE":1520794199000,"LASTUPDATE":1643920974000}},{"type":"Feature","id":1601,"geometry":{"type":"Point","coordinates":[-89.2238049676748,48.4316122026118]},"properties":{"OBJECTID":1601,"LOC_ID":"PC0961","FDMID":2676,"X_COORD":335508.35555,"Y_COORD":5366661.53867,"BEAT":"N7","ROT_ANGLE":0,"NODE_ID":3503,"GLOBALID":"26211d7b-7d38-461a-bba4-40fecd6e3220","CREATEDDATE":1520794199000,"LASTUPDATE":1643920974000}},{"type":"Feature","id":1602,"geometry":{"type":"Point","coordinates":[-89.2369217837376,48.4279960320716]},"properties":{"OBJECTID":1602,"LOC_ID":"PC0584","FDMID":2303,"X_COORD":334526.42787,"Y_COORD":5366287.89233,"BEAT":"N 3","ROT_ANGLE":0,"NODE_ID":614,"GLOBALID":"86b64f46-0f35-4e86-8b26-f3db0c001ac9","CREATEDDATE":1520794199000,"LASTUPDATE":1643920974000}},{"type":"Feature","id":1603,"geometry":{"type":"Point","coordinates":[-89.2307127650694,48.4178052934455]},"properties":{"OBJECTID":1603,"LOC_ID":"PP0163","FDMID":2395,"X_COORD":334952.70038,"Y_COORD":5365141.84766,"BEAT":"N 14","ROT_ANGLE":0,"NODE_ID":5749,"GLOBALID":"3f663c2c-fb3c-48c2-b8ef-1079067c7d3a","CREATEDDATE":1520794199000,"LASTUPDATE":1644351220000}},{"type":"Feature","id":1604,"geometry":{"type":"Point","coordinates":[-89.2618029844736,48.4212716144874]},"properties":{"OBJECTID":1604,"LOC_ID":"PP0041","FDMID":2908,"X_COORD":332663.87324,"Y_COORD":5365594.60849,"BEAT":"N 1","ROT_ANGLE":0,"NODE_ID":5107,"GLOBALID":"c23c075f-8df0-438d-a60b-99ddedfedc66","CREATEDDATE":1520794199000,"LASTUPDATE":1643920974000}},{"type":"Feature","id":1605,"geometry":{"type":"Point","coordinates":[-89.2420294764498,48.4125341815919]},"properties":{"OBJECTID":1605,"LOC_ID":"PP0190","FDMID":3535,"X_COORD":334098.28092,"Y_COORD":5364580.4563,"BEAT":"N 2","ROT_ANGLE":0,"NODE_ID":1565,"GLOBALID":"f4c1a867-7e9b-4140-b3d9-f13a2925b5e0","CREATEDDATE":1520794199000,"LASTUPDATE":1643920974000}},{"type":"Feature","id":1606,"geometry":{"type":"Point","coordinates":[-89.2358882859002,48.4122949204074]},"properties":{"OBJECTID":1606,"LOC_ID":"PC0794","FDMID":2511,"X_COORD":334552.3407,"Y_COORD":5364541.28779,"BEAT":"N 2","ROT_ANGLE":0,"NODE_ID":8270,"GLOBALID":"1fab0918-cbc7-41e3-adfa-e77defebd324","CREATEDDATE":1520794199000,"LASTUPDATE":1644351243000}},{"type":"Feature","id":1607,"geometry":{"type":"Point","coordinates":[-89.2243933640899,48.4073240721323]},"properties":{"OBJECTID":1607,"LOC_ID":"PP0194","FDMID":3552,"X_COORD":335387.76521,"Y_COORD":5363993.55582,"BEAT":"N 14","ROT_ANGLE":0,"NODE_ID":7311,"GLOBALID":"c43ee7ca-cbba-4b7a-998e-e9e01b4369d9","CREATEDDATE":1520794199000,"LASTUPDATE":1643920974000}},{"type":"Feature","id":1608,"geometry":{"type":"Point","coordinates":[-89.2827910337067,48.4094196859055]},"properties":{"OBJECTID":1608,"LOC_ID":"PC0692","FDMID":3516,"X_COORD":331071.91369,"Y_COORD":5364323.43844,"BEAT":"N 1","ROT_ANGLE":0,"NODE_ID":5242,"GLOBALID":"0c742c64-06d3-464a-ab2d-226a9b719545","CREATEDDATE":1520794199000,"LASTUPDATE":1643920974000}},{"type":"Feature","id":1609,"geometry":{"type":"Point","coordinates":[-89.2793054765871,48.4111049041991]},"properties":{"OBJECTID":1609,"LOC_ID":"PC0188","FDMID":3501,"X_COORD":331335.40681,"Y_COORD":5364503.05393,"BEAT":"N 1","ROT_ANGLE":0,"NODE_ID":6439,"GLOBALID":"a40a29ba-a572-423b-b1a3-bb9b4866dddb","CREATEDDATE":1520794199000,"LASTUPDATE":1643920974000}},{"type":"Feature","id":1610,"geometry":{"type":"Point","coordinates":[-89.274206531421,48.4110674997725]},"properties":{"OBJECTID":1610,"LOC_ID":"PC0985","FDMID":2699,"X_COORD":331712.57417,"Y_COORD":5364487.67729,"BEAT":"N 1","ROT_ANGLE":0,"NODE_ID":8165,"GLOBALID":"e62f7fff-5613-4f9c-8633-a7bca3cb7ef6","CREATEDDATE":1520794199000,"LASTUPDATE":1643920974000}},{"type":"Feature","id":1611,"geometry":{"type":"Point","coordinates":[-89.2566925149122,48.4072259102631]},"properties":{"OBJECTID":1611,"LOC_ID":"PP0090","FDMID":2954,"X_COORD":332995.94467,"Y_COORD":5364022.37835,"BEAT":"N 2","ROT_ANGLE":0,"NODE_ID":1352,"GLOBALID":"8921a720-6000-4daf-ab64-bbeb54d531f7","CREATEDDATE":1520794199000,"LASTUPDATE":1643920974000}},{"type":"Feature","id":1612,"geometry":{"type":"Point","coordinates":[-89.2699722244813,48.4035953837066]},"properties":{"OBJECTID":1612,"LOC_ID":"PP0055","FDMID":2922,"X_COORD":332001.27587,"Y_COORD":5363647.91025,"BEAT":"N 1","ROT_ANGLE":0,"NODE_ID":6395,"GLOBALID":"f1f48556-9490-40d0-b5a9-f551a8e972a5","CREATEDDATE":1520794199000,"LASTUPDATE":1643920975000}},{"type":"Feature","id":1613,"geometry":{"type":"Point","coordinates":[-89.2826982605502,48.4012082305615]},"properties":{"OBJECTID":1613,"LOC_ID":"FC1144","FDMID":1133,"X_COORD":331051.5663,"Y_COORD":5363410.58955,"BEAT":"S 1","ROT_ANGLE":0,"NODE_ID":3797,"GLOBALID":"a1b2798f-4509-4ddc-bd16-0f12232bd922","CREATEDDATE":1520794199000,"LASTUPDATE":1643920975000}},{"type":"Feature","id":1614,"geometry":{"type":"Point","coordinates":[-89.2334379921505,48.399058601474]},"properties":{"OBJECTID":1614,"LOC_ID":"FC0579","FDMID":571,"X_COORD":334690.29168,"Y_COORD":5363064.15524,"BEAT":"S 11","ROT_ANGLE":0,"NODE_ID":5162,"GLOBALID":"d2171630-3e1c-41b9-a0dc-3e57f0b5a9ec","CREATEDDATE":1520794199000,"LASTUPDATE":1643920975000}},{"type":"Feature","id":1615,"geometry":{"type":"Point","coordinates":[-89.2370871584724,48.3990865918284]},"properties":{"OBJECTID":1615,"LOC_ID":"FC0804","FDMID":795,"X_COORD":334420.29744,"Y_COORD":5363075.15019,"BEAT":"S 11","ROT_ANGLE":0,"NODE_ID":9891,"GLOBALID":"a11e36f8-0fc1-4824-8c2a-84a9124871f4","CREATEDDATE":1520794199000,"LASTUPDATE":1643920975000}},{"type":"Feature","id":1616,"geometry":{"type":"Point","coordinates":[-89.2540695309784,48.3982717027955]},"properties":{"OBJECTID":1616,"LOC_ID":"FC1153","FDMID":3328,"X_COORD":333160.75798,"Y_COORD":5363021.46238,"BEAT":"S 9","ROT_ANGLE":0,"NODE_ID":7739,"GLOBALID":"0cd92f8c-9bfb-42a1-9987-40405520fff1","CREATEDDATE":1520794199000,"LASTUPDATE":1643920975000}},{"type":"Feature","id":1617,"geometry":{"type":"Point","coordinates":[-89.250979362639,48.3962837191899]},"properties":{"OBJECTID":1617,"LOC_ID":"FC0758","FDMID":749,"X_COORD":333382.97084,"Y_COORD":5362793.77649,"BEAT":"S 9","ROT_ANGLE":0,"NODE_ID":8506,"GLOBALID":"1f43d963-9166-477d-a6c2-d5c848aa7259","CREATEDDATE":1520794199000,"LASTUPDATE":1643920975000}},{"type":"Feature","id":1618,"geometry":{"type":"Point","coordinates":[-89.2531082070963,48.3959037996268]},"properties":{"OBJECTID":1618,"LOC_ID":"FC0350","FDMID":345,"X_COORD":333224.16252,"Y_COORD":5362756.18724,"BEAT":"S 9","ROT_ANGLE":0,"NODE_ID":2717,"GLOBALID":"03930dd6-ea40-417f-a33f-ea6347be94fa","CREATEDDATE":1520794199000,"LASTUPDATE":1643920975000}},{"type":"Feature","id":1619,"geometry":{"type":"Point","coordinates":[-89.2808604648073,48.3953723874207]},"properties":{"OBJECTID":1619,"LOC_ID":"FC0979","FDMID":970,"X_COORD":331168.2639,"Y_COORD":5362757.92727,"BEAT":"S 4","ROT_ANGLE":0,"NODE_ID":741,"GLOBALID":"4aa7a2e3-0f5c-414c-80d7-256d55724b0c","CREATEDDATE":1520794199000,"LASTUPDATE":1643920975000}},{"type":"Feature","id":1620,"geometry":{"type":"Point","coordinates":[-89.2282702851704,48.3915394624941]},"properties":{"OBJECTID":1620,"LOC_ID":"FC0571","FDMID":563,"X_COORD":335048.44617,"Y_COORD":5362217.30699,"BEAT":"S 11","ROT_ANGLE":0,"NODE_ID":8021,"GLOBALID":"98d9f129-1fc4-4889-880b-15fa0a705cc1","CREATEDDATE":1520794199000,"LASTUPDATE":1643924309000}},{"type":"Feature","id":1621,"geometry":{"type":"Point","coordinates":[-89.2324247429371,48.3948103691176]},"properties":{"OBJECTID":1621,"LOC_ID":"FC0564","FDMID":556,"X_COORD":334751.51971,"Y_COORD":5362589.80388,"BEAT":"S 11","ROT_ANGLE":0,"NODE_ID":4639,"GLOBALID":"0689d51c-a232-41fa-a90f-46c401219ef3","CREATEDDATE":1520794199000,"LASTUPDATE":1643920975000}},{"type":"Feature","id":1622,"geometry":{"type":"Point","coordinates":[-89.2418572787088,48.3838797155022]},"properties":{"OBJECTID":1622,"LOC_ID":"FC0769","FDMID":760,"X_COORD":334015.52662,"Y_COORD":5361397.19793,"BEAT":"S 10","ROT_ANGLE":0,"NODE_ID":5793,"GLOBALID":"70be41f9-2ca0-4a3b-8e7b-466b0bb69a22","CREATEDDATE":1520794199000,"LASTUPDATE":1670874515000}},{"type":"Feature","id":1623,"geometry":{"type":"Point","coordinates":[-89.287828665679,48.3932248731236]},"properties":{"OBJECTID":1623,"LOC_ID":"FC0896","FDMID":887,"X_COORD":330645.36828,"Y_COORD":5362534.63639,"BEAT":"S 4","ROT_ANGLE":0,"NODE_ID":4562,"GLOBALID":"a27a14b3-8a84-4689-b141-e408c27791c1","CREATEDDATE":1520794199000,"LASTUPDATE":1643920975000}},{"type":"Feature","id":1624,"geometry":{"type":"Point","coordinates":[-89.2322908968343,48.3928488189198]},"properties":{"OBJECTID":1624,"LOC_ID":"FC0575","FDMID":567,"X_COORD":334734.46422,"Y_COORD":5362414.6771,"BEAT":"S 11","ROT_ANGLE":0,"NODE_ID":9545,"GLOBALID":"235639c4-5f5e-4435-8ffa-0c478664519a","CREATEDDATE":1520794199000,"LASTUPDATE":1643920975000}},{"type":"Feature","id":1625,"geometry":{"type":"Point","coordinates":[-89.2348682906285,48.3930219086817]},"properties":{"OBJECTID":1625,"LOC_ID":"FC1142","FDMID":1131,"X_COORD":334559.69584,"Y_COORD":5362392.68951,"BEAT":"S 11","ROT_ANGLE":0,"NODE_ID":7251,"GLOBALID":"52ec4990-ba63-486d-9095-5d6fc9659d30","CREATEDDATE":1520794199000,"LASTUPDATE":1670881352000}},{"type":"Feature","id":1626,"geometry":{"type":"Point","coordinates":[-89.2476842685584,48.3899455572929]},"properties":{"OBJECTID":1626,"LOC_ID":"FC0728","FDMID":719,"X_COORD":333607.767,"Y_COORD":5362085.65131,"BEAT":"S 9","ROT_ANGLE":0,"NODE_ID":8444,"GLOBALID":"27305cee-fa2f-4dea-8839-0db9c66864b3","CREATEDDATE":1520794199000,"LASTUPDATE":1674263610000}},{"type":"Feature","id":1627,"geometry":{"type":"Point","coordinates":[-89.3025230417026,48.3872836606598]},"properties":{"OBJECTID":1627,"LOC_ID":"NC0580","FDMID":3635,"X_COORD":329536.55855,"Y_COORD":5361914.54475,"BEAT":"S 13","ROT_ANGLE":0,"NODE_ID":6988,"GLOBALID":"143b5bbf-1242-4fb5-864d-f4f824c9a865","CREATEDDATE":1520794199000,"LASTUPDATE":1643920975000}},{"type":"Feature","id":1628,"geometry":{"type":"Point","coordinates":[-89.2916454754123,48.3859349552817]},"properties":{"OBJECTID":1628,"LOC_ID":"FC0908","FDMID":899,"X_COORD":330338.62191,"Y_COORD":5361732.85899,"BEAT":"S 2","ROT_ANGLE":0,"NODE_ID":7181,"GLOBALID":"ebee1c7f-6641-4d04-a56a-e4a97329a38f","CREATEDDATE":1520794199000,"LASTUPDATE":1643920975000}},{"type":"Feature","id":1629,"geometry":{"type":"Point","coordinates":[-89.3066761032499,48.3856139529068]},"properties":{"OBJECTID":1629,"LOC_ID":"NC0576","FDMID":3631,"X_COORD":329224.82914,"Y_COORD":5361730.57905,"BEAT":"S 13","ROT_ANGLE":0,"NODE_ID":3593,"GLOBALID":"37849a01-41ac-4ee4-a66a-8c09dfd0a123","CREATEDDATE":1520794199000,"LASTUPDATE":1643920975000}},{"type":"Feature","id":1630,"geometry":{"type":"Point","coordinates":[-89.308206831035,48.3847755705224]},"properties":{"OBJECTID":1630,"LOC_ID":"NC0559","FDMID":3485,"X_COORD":329108.70114,"Y_COORD":5361640.81137,"BEAT":"S 13","ROT_ANGLE":0,"NODE_ID":3974,"GLOBALID":"425ee25d-e69c-47f3-969e-0440237c0da7","CREATEDDATE":1520794199000,"LASTUPDATE":1643920975000}},{"type":"Feature","id":1631,"geometry":{"type":"Point","coordinates":[-89.3653353092522,48.378308972148]},"properties":{"OBJECTID":1631,"LOC_ID":"NC0473","FDMID":1646,"X_COORD":324857.20418,"Y_COORD":5361051.16708,"BEAT":"S 13","ROT_ANGLE":0,"NODE_ID":1941,"GLOBALID":"1a4811e3-8727-4bdc-bd4e-27db5a90ba67","CREATEDDATE":1520794199000,"LASTUPDATE":1643920975000}},{"type":"Feature","id":1632,"geometry":{"type":"Point","coordinates":[-89.2538018043606,48.38068861985]},"properties":{"OBJECTID":1632,"LOC_ID":"FC0462","FDMID":454,"X_COORD":333123.04457,"Y_COORD":5361066.61668,"BEAT":"S 10","ROT_ANGLE":0,"NODE_ID":294,"GLOBALID":"59c17995-5218-4bb6-b21e-d0d0c757d2c2","CREATEDDATE":1520794199000,"LASTUPDATE":1644008463000}},{"type":"Feature","id":1633,"geometry":{"type":"Point","coordinates":[-89.2586518141684,48.3799494636528]},"properties":{"OBJECTID":1633,"LOC_ID":"FC0190","FDMID":186,"X_COORD":332761.53571,"Y_COORD":5360995.04343,"BEAT":"S 8","ROT_ANGLE":0,"NODE_ID":6243,"GLOBALID":"dbb7483b-7ce0-4731-a435-ab6881d5b87e","CREATEDDATE":1520794199000,"LASTUPDATE":1643920975000}},{"type":"Feature","id":1634,"geometry":{"type":"Point","coordinates":[-89.3607480255124,48.3762500514182]},"properties":{"OBJECTID":1634,"LOC_ID":"NC0048","FDMID":1226,"X_COORD":325189.79861,"Y_COORD":5360811.85572,"BEAT":"S 13","ROT_ANGLE":0,"NODE_ID":9365,"GLOBALID":"cbb5b8f0-b276-4eda-81c9-eb4461532604","CREATEDDATE":1520794199000,"LASTUPDATE":1643920975000}},{"type":"Feature","id":1635,"geometry":{"type":"Point","coordinates":[-89.2660747607511,48.375078806302]},"properties":{"OBJECTID":1635,"LOC_ID":"FC0334","FDMID":329,"X_COORD":332195.93238,"Y_COORD":5360469.93674,"BEAT":"S 8","ROT_ANGLE":0,"NODE_ID":4551,"GLOBALID":"db1a4a8d-3880-423d-ba80-11720bae6423","CREATEDDATE":1520794199000,"LASTUPDATE":1643920975000}},{"type":"Feature","id":1636,"geometry":{"type":"Point","coordinates":[-89.3643762959084,48.3702097435733]},"properties":{"OBJECTID":1636,"LOC_ID":"NC0454","FDMID":1627,"X_COORD":324900.43669,"Y_COORD":5360148.80241,"BEAT":"S 14","ROT_ANGLE":0,"NODE_ID":6072,"GLOBALID":"7ebcd682-e388-4c45-aea1-35abe0de4047","CREATEDDATE":1520794199000,"LASTUPDATE":1643920975000}},{"type":"Feature","id":1637,"geometry":{"type":"Point","coordinates":[-89.2770295214692,48.370451427362]},"properties":{"OBJECTID":1637,"LOC_ID":"FC0169","FDMID":165,"X_COORD":331369.50294,"Y_COORD":5359979.69751,"BEAT":"S 6","ROT_ANGLE":0,"NODE_ID":7878,"GLOBALID":"9ab629c4-060c-4556-b33e-e058c343adfc","CREATEDDATE":1520794199000,"LASTUPDATE":1643920975000}},{"type":"Feature","id":1638,"geometry":{"type":"Point","coordinates":[-89.3530774530342,48.3643594858294]},"properties":{"OBJECTID":1638,"LOC_ID":"NC0654","FDMID":1704,"X_COORD":325717.17756,"Y_COORD":5359472.82391,"BEAT":"S 15","ROT_ANGLE":0,"NODE_ID":7052,"GLOBALID":"6d695502-c28a-4597-9e4c-fb8d8b9411b7","CREATEDDATE":1520794199000,"LASTUPDATE":1643920975000}},{"type":"Feature","id":1639,"geometry":{"type":"Point","coordinates":[-89.3530891790229,48.3655729497426]},"properties":{"OBJECTID":1639,"LOC_ID":"NP0044","FDMID":1713,"X_COORD":325720.45,"Y_COORD":5359607.71825,"BEAT":"S 15","ROT_ANGLE":0,"NODE_ID":958,"GLOBALID":"37fe7643-6c65-4587-b4ac-040b2f992551","CREATEDDATE":1520794199000,"LASTUPDATE":1643920975000}},{"type":"Feature","id":1640,"geometry":{"type":"Point","coordinates":[-89.2766222428925,48.3693572629727]},"properties":{"OBJECTID":1640,"LOC_ID":"FC0481","FDMID":473,"X_COORD":331403.51151,"Y_COORD":5359856.34698,"BEAT":"S 6","ROT_ANGLE":0,"NODE_ID":9221,"GLOBALID":"862cea08-12e7-4549-a17a-1de752633652","CREATEDDATE":1520794199000,"LASTUPDATE":1643920975000}},{"type":"Feature","id":1641,"geometry":{"type":"Point","coordinates":[-89.2669044902883,48.3693470273471]},"properties":{"OBJECTID":1641,"LOC_ID":"FC0477","FDMID":469,"X_COORD":332115.64105,"Y_COORD":5359834.70372,"BEAT":"S 6","ROT_ANGLE":0,"NODE_ID":6020,"GLOBALID":"34856b05-d367-4139-b233-8b80e871c0e0","CREATEDDATE":1520794199000,"LASTUPDATE":1643920975000}},{"type":"Feature","id":1642,"geometry":{"type":"Point","coordinates":[-89.3577769346007,48.3642887457617]},"properties":{"OBJECTID":1642,"LOC_ID":"NC0206","FDMID":1383,"X_COORD":325368.88751,"Y_COORD":5359475.66398,"BEAT":"S 15","ROT_ANGLE":0,"NODE_ID":5612,"GLOBALID":"ce482d37-8818-46fa-9b46-510cc79ec619","CREATEDDATE":1520794199000,"LASTUPDATE":1643920976000}},{"type":"Feature","id":1643,"geometry":{"type":"Point","coordinates":[-89.3029387947271,48.3649957734741]},"properties":{"OBJECTID":1643,"LOC_ID":"FC0298","FDMID":293,"X_COORD":329432.62716,"Y_COORD":5359430.68862,"BEAT":"S 3","ROT_ANGLE":0,"NODE_ID":1399,"GLOBALID":"bba33453-7450-43f7-966f-685bb121fbb7","CREATEDDATE":1520794199000,"LASTUPDATE":1643920976000}},{"type":"Feature","id":1644,"geometry":{"type":"Point","coordinates":[-89.2884618923639,48.3594277349741]},"properties":{"OBJECTID":1644,"LOC_ID":"FC0517","FDMID":509,"X_COORD":330486.33238,"Y_COORD":5358779.71799,"BEAT":"S 3","ROT_ANGLE":0,"NODE_ID":7772,"GLOBALID":"628ef4fa-c10d-450c-8dd7-196d55d29b63","CREATEDDATE":1520794199000,"LASTUPDATE":1643920976000}},{"type":"Feature","id":1645,"geometry":{"type":"Point","coordinates":[-89.372399157108,48.3601802723377]},"properties":{"OBJECTID":1645,"LOC_ID":"NC0097","FDMID":1275,"X_COORD":324271.82408,"Y_COORD":5359052.46781,"BEAT":"S 14","ROT_ANGLE":0,"NODE_ID":5053,"GLOBALID":"d1fc2475-4260-4e07-a93b-940d898f51c3","CREATEDDATE":1520794199000,"LASTUPDATE":1643920976000}},{"type":"Feature","id":1646,"geometry":{"type":"Point","coordinates":[-89.2136204463073,48.3351940451947]},"properties":{"OBJECTID":1646,"LOC_ID":"FC1117","FDMID":1106,"X_COORD":335951.95337,"Y_COORD":5355923.45405,"BEAT":"S 12","ROT_ANGLE":42,"NODE_ID":7337,"GLOBALID":"8bc64db3-ab6e-4fb6-893e-16c55b90986e","CREATEDDATE":1520794199000,"LASTUPDATE":1643920976000}},{"type":"Feature","id":1647,"geometry":{"type":"Point","coordinates":[-89.376630776437,48.312662551034]},"properties":{"OBJECTID":1647,"LOC_ID":"NP0066","FDMID":3606,"X_COORD":323794.65288,"Y_COORD":5353780.97392,"BEAT":"S 16","ROT_ANGLE":0,"NODE_ID":1036,"GLOBALID":"d576b62b-43f9-439c-8068-e84c6cbfcf61","CREATEDDATE":1520794199000,"LASTUPDATE":1643920976000}},{"type":"Feature","id":1648,"geometry":{"type":"Point","coordinates":[-89.3458081735445,48.3085434111581]},"properties":{"OBJECTID":1648,"LOC_ID":"NC0487","FDMID":1660,"X_COORD":326065.72514,"Y_COORD":5353252.79882,"BEAT":"S 17","ROT_ANGLE":0,"NODE_ID":4991,"GLOBALID":"9d9a447c-7d15-421f-99da-4845c47ad9db","CREATEDDATE":1520794199000,"LASTUPDATE":1643920976000}},{"type":"Feature","id":1649,"geometry":{"type":"Point","coordinates":[-89.1935697981297,48.4599020874714]},"properties":{"OBJECTID":1649,"LOC_ID":"PC0010","FDMID":1734,"X_COORD":337834.80624,"Y_COORD":5369741.30162,"BEAT":"N 11","ROT_ANGLE":0,"NODE_ID":1279,"GLOBALID":"ab9dd2cd-0aad-487b-bd91-7b4341a5b8a8","CREATEDDATE":1520794199000,"LASTUPDATE":1643920976000}},{"type":"Feature","id":1650,"geometry":{"type":"Point","coordinates":[-89.2093591243448,48.460425806751]},"properties":{"OBJECTID":1650,"LOC_ID":"PC0288","FDMID":2011,"X_COORD":336668.39216,"Y_COORD":5369836.07614,"BEAT":"N 9","ROT_ANGLE":0,"NODE_ID":5728,"GLOBALID":"ccba1620-5945-4438-826e-66c039568da6","CREATEDDATE":1520794199000,"LASTUPDATE":1643920976000}},{"type":"Feature","id":1651,"geometry":{"type":"Point","coordinates":[-89.2216086293033,48.4594214529801]},"properties":{"OBJECTID":1651,"LOC_ID":"PC0861","FDMID":2577,"X_COORD":335760.51068,"Y_COORD":5369747.69317,"BEAT":"N 9","ROT_ANGLE":0,"NODE_ID":121,"GLOBALID":"9ccb725e-f07b-48d5-8f34-2f7eaa6bf545","CREATEDDATE":1520794199000,"LASTUPDATE":1644278028000}},{"type":"Feature","id":1652,"geometry":{"type":"Point","coordinates":[-89.2532059275917,48.4577464117164]},"properties":{"OBJECTID":1652,"LOC_ID":"MC0219","FDMID":3216,"X_COORD":333420.34607,"Y_COORD":5369629.86635,"BEAT":"N 12","ROT_ANGLE":0,"NODE_ID":5403,"GLOBALID":"693e29dd-53ef-475e-b397-2b5a06d3c9ec","CREATEDDATE":1520794199000,"LASTUPDATE":1643920976000}},{"type":"Feature","id":1653,"geometry":{"type":"Point","coordinates":[-89.2663286631757,48.453073646678]},"properties":{"OBJECTID":1653,"LOC_ID":"MC0084","FDMID":3081,"X_COORD":332433.7295,"Y_COORD":5369139.13406,"BEAT":"N 15","ROT_ANGLE":0,"NODE_ID":1719,"GLOBALID":"a7891a3c-b8c0-467b-b358-f77ecf74c6bc","CREATEDDATE":1520794199000,"LASTUPDATE":1643920976000}},{"type":"Feature","id":1654,"geometry":{"type":"Point","coordinates":[-89.2556375212249,48.4507637851709]},"properties":{"OBJECTID":1654,"LOC_ID":"MC0019","FDMID":3017,"X_COORD":333216.57801,"Y_COORD":5368859.04344,"BEAT":"N 13","ROT_ANGLE":0,"NODE_ID":9109,"GLOBALID":"c2650480-fa0a-4d22-b8b2-f976e59eb4d5","CREATEDDATE":1520794199000,"LASTUPDATE":1643920976000}},{"type":"Feature","id":1655,"geometry":{"type":"Point","coordinates":[-89.2695011821875,48.4492748796198]},"properties":{"OBJECTID":1655,"LOC_ID":"MC0050","FDMID":3047,"X_COORD":332186.6534,"Y_COORD":5368723.87518,"BEAT":"N 15","ROT_ANGLE":0,"NODE_ID":2495,"GLOBALID":"f4d5a728-4d2d-4e8c-a1bb-44112cfb4df4","CREATEDDATE":1520794199000,"LASTUPDATE":1643920976000}},{"type":"Feature","id":1656,"geometry":{"type":"Point","coordinates":[-89.2322114751062,48.4486694550759]},"properties":{"OBJECTID":1656,"LOC_ID":"PC0377","FDMID":2100,"X_COORD":334941.84112,"Y_COORD":5368575.48197,"BEAT":"N 8","ROT_ANGLE":0,"NODE_ID":8776,"GLOBALID":"bd0767f5-4dd5-4949-92ae-c4194b00b51a","CREATEDDATE":1520794199000,"LASTUPDATE":1643920976000}},{"type":"Feature","id":1657,"geometry":{"type":"Point","coordinates":[-89.2632676900581,48.447253604303]},"properties":{"OBJECTID":1657,"LOC_ID":"MC0013","FDMID":3011,"X_COORD":332640.89519,"Y_COORD":5368485.57118,"BEAT":"N 13","ROT_ANGLE":0,"NODE_ID":6013,"GLOBALID":"5bc08e7c-dd00-4b49-952b-9f67946b0293","CREATEDDATE":1520794199000,"LASTUPDATE":1643920976000}},{"type":"Feature","id":1658,"geometry":{"type":"Point","coordinates":[-89.2105731665364,48.4475282164605]},"properties":{"OBJECTID":1658,"LOC_ID":"PC0142","FDMID":1865,"X_COORD":336538.99107,"Y_COORD":5368402.45899,"BEAT":"N 10","ROT_ANGLE":0,"NODE_ID":6062,"GLOBALID":"ff1d14f0-5177-4708-8bb7-18d4d6c49866","CREATEDDATE":1520794199000,"LASTUPDATE":1643920976000}},{"type":"Feature","id":1659,"geometry":{"type":"Point","coordinates":[-89.198760054099,48.4477277862129]},"properties":{"OBJECTID":1659,"LOC_ID":"PC0973","FDMID":2687,"X_COORD":337412.24163,"Y_COORD":5368399.20114,"BEAT":"N 10","ROT_ANGLE":0,"NODE_ID":8222,"GLOBALID":"312ef055-16b9-4e3b-b090-e6525971ebd6","CREATEDDATE":1520794199000,"LASTUPDATE":1643920976000}},{"type":"Feature","id":1660,"geometry":{"type":"Point","coordinates":[-89.2050972872375,48.4467584569612]},"properties":{"OBJECTID":1660,"LOC_ID":"PC0150","FDMID":1873,"X_COORD":336940.55446,"Y_COORD":5368304.94782,"BEAT":"N 10","ROT_ANGLE":0,"NODE_ID":3737,"GLOBALID":"381524af-b55b-4f07-99b9-5b7e4e9e0890","CREATEDDATE":1520794199000,"LASTUPDATE":1644367240000}},{"type":"Feature","id":1661,"geometry":{"type":"Point","coordinates":[-89.2582673699544,48.4453655570342]},"properties":{"OBJECTID":1661,"LOC_ID":"PC0913","FDMID":2629,"X_COORD":333004.43183,"Y_COORD":5368264.80088,"BEAT":"N 4","ROT_ANGLE":0,"NODE_ID":2483,"GLOBALID":"b80aada3-be54-46ca-871a-a17b83f29dc3","CREATEDDATE":1520794199000,"LASTUPDATE":1644364081000}},{"type":"Feature","id":1662,"geometry":{"type":"Point","coordinates":[-89.2682875942433,48.444620432454]},"properties":{"OBJECTID":1662,"LOC_ID":"MC0116","FDMID":3113,"X_COORD":332261.0383,"Y_COORD":5368203.90642,"BEAT":"N 13","ROT_ANGLE":0,"NODE_ID":5994,"GLOBALID":"0aed5795-2c60-402f-b3f2-e4e421e8ec75","CREATEDDATE":1520794199000,"LASTUPDATE":1643920976000}},{"type":"Feature","id":1663,"geometry":{"type":"Point","coordinates":[-89.2412361823307,48.4441255017435]},"properties":{"OBJECTID":1663,"LOC_ID":"PC0516","FDMID":2236,"X_COORD":334259.57577,"Y_COORD":5368091.01886,"BEAT":"N 5","ROT_ANGLE":0,"NODE_ID":9398,"GLOBALID":"5e3bd92b-c9be-46a4-81ca-59ec139bbabd","CREATEDDATE":1520794199000,"LASTUPDATE":1643920976000}},{"type":"Feature","id":1664,"geometry":{"type":"Point","coordinates":[-89.2736065077105,48.4425423207048]},"properties":{"OBJECTID":1664,"LOC_ID":"MC0179","FDMID":3176,"X_COORD":331860.87215,"Y_COORD":5367984.60427,"BEAT":"N 13","ROT_ANGLE":0,"NODE_ID":894,"GLOBALID":"9b532f3b-08fd-45b1-9a48-ae2947767f9e","CREATEDDATE":1520794199000,"LASTUPDATE":1643920976000}},{"type":"Feature","id":1665,"geometry":{"type":"Point","coordinates":[-89.2119579395228,48.4425586933821]},"properties":{"OBJECTID":1665,"LOC_ID":"PC0192","FDMID":1915,"X_COORD":336419.77597,"Y_COORD":5367852.80856,"BEAT":"N 10","ROT_ANGLE":0,"NODE_ID":3325,"GLOBALID":"54ebc0c0-9249-49c4-b94a-a79c6fa48e5b","CREATEDDATE":1520794199000,"LASTUPDATE":1643920976000}},{"type":"Feature","id":1666,"geometry":{"type":"Point","coordinates":[-89.2271009926334,48.4359410200611]},"properties":{"OBJECTID":1666,"LOC_ID":"PC1165","FDMID":3348,"X_COORD":335278.56073,"Y_COORD":5367149.75729,"BEAT":"N 6","ROT_ANGLE":0,"NODE_ID":10456,"GLOBALID":"4b1d3213-1a54-4160-898f-ec494fe486cc","CREATEDDATE":1520794199000,"LASTUPDATE":1643920976000}},{"type":"Feature","id":1667,"geometry":{"type":"Point","coordinates":[-89.2221465658282,48.4337785714285]},"properties":{"OBJECTID":1667,"LOC_ID":"PC0428","FDMID":2150,"X_COORD":335638.00982,"Y_COORD":5366898.75774,"BEAT":"N7","ROT_ANGLE":0,"NODE_ID":10311,"GLOBALID":"67fecc6b-f293-406a-8210-a74230809106","CREATEDDATE":1520794199000,"LASTUPDATE":1643920976000}},{"type":"Feature","id":1668,"geometry":{"type":"Point","coordinates":[-89.2484071672869,48.429870467885]},"properties":{"OBJECTID":1668,"LOC_ID":"PC0616","FDMID":2335,"X_COORD":333682.96495,"Y_COORD":5366521.12753,"BEAT":"N 5","ROT_ANGLE":0,"NODE_ID":9913,"GLOBALID":"dfdc4168-7d8c-4811-b8fc-d80f9424087a","CREATEDDATE":1520794199000,"LASTUPDATE":1644362239000}},{"type":"Feature","id":1669,"geometry":{"type":"Point","coordinates":[-89.2321116453818,48.4293412465168]},"properties":{"OBJECTID":1669,"LOC_ID":"PC0833","FDMID":2549,"X_COORD":334885.15888,"Y_COORD":5366428.41329,"BEAT":"N 6","ROT_ANGLE":0,"NODE_ID":452,"GLOBALID":"00208968-1e4d-4796-9b0e-b7a30724d737","CREATEDDATE":1520794199000,"LASTUPDATE":1643920976000}},{"type":"Feature","id":1670,"geometry":{"type":"Point","coordinates":[-89.240947703487,48.4269542626357]},"properties":{"OBJECTID":1670,"LOC_ID":"PC0555","FDMID":2275,"X_COORD":334225.92022000003,"Y_COORD":5366181.4076,"BEAT":"N 3","ROT_ANGLE":0,"NODE_ID":2015,"GLOBALID":"f63e2e1a-96cd-4d5b-8f44-d746bf961aa9","CREATEDDATE":1520794199000,"LASTUPDATE":1677265440000}},{"type":"Feature","id":1671,"geometry":{"type":"Point","coordinates":[-89.2405932386184,48.426017741412]},"properties":{"OBJECTID":1671,"LOC_ID":"PC0553","FDMID":2273,"X_COORD":334247.21046,"Y_COORD":5366075.0588,"BEAT":"N 3","ROT_ANGLE":0,"NODE_ID":7598,"GLOBALID":"1a0ff8e9-8694-46d7-9164-c410917e1827","CREATEDDATE":1520794199000,"LASTUPDATE":1644362105000}},{"type":"Feature","id":1672,"geometry":{"type":"Point","coordinates":[-89.236064460704,48.4269549210186]},"properties":{"OBJECTID":1672,"LOC_ID":"PC0585","FDMID":2304,"X_COORD":334586.46396,"Y_COORD":5366170.3251,"BEAT":"N 3","ROT_ANGLE":0,"NODE_ID":8553,"GLOBALID":"7acc7b2e-521c-434f-943c-c45695dc9d52","CREATEDDATE":1520794199000,"LASTUPDATE":1643920977000}},{"type":"Feature","id":1673,"geometry":{"type":"Point","coordinates":[-89.2384319783485,48.4249757760797]},"properties":{"OBJECTID":1673,"LOC_ID":"PC0550","FDMID":2270,"X_COORD":334400.73468,"Y_COORD":5365926.43569,"BEAT":"N 3","ROT_ANGLE":0,"NODE_ID":7229,"GLOBALID":"6e08c58d-771a-402a-ad36-36cf776b1b7e","CREATEDDATE":1520794199000,"LASTUPDATE":1678308744000}},{"type":"Feature","id":1674,"geometry":{"type":"Point","coordinates":[-89.2549514819497,48.4190926722759]},"properties":{"OBJECTID":1674,"LOC_ID":"PC1162","FDMID":3345,"X_COORD":333163.61289,"Y_COORD":5365337.47748,"BEAT":"N 3","ROT_ANGLE":0,"NODE_ID":5690,"GLOBALID":"5434ad60-bcfb-4348-b46e-a10831c18055","CREATEDDATE":1520794199000,"LASTUPDATE":1643920977000}},{"type":"Feature","id":1675,"geometry":{"type":"Point","coordinates":[-89.2372213126141,48.4218639695488]},"properties":{"OBJECTID":1675,"LOC_ID":"PC0667","FDMID":3686,"X_COORD":334484.35196,"Y_COORD":5365606.99608,"BEAT":"N 3","ROT_ANGLE":0,"NODE_ID":8242,"GLOBALID":"bd5a02d3-c664-4f9a-86cd-5f64b908d756","CREATEDDATE":1520794199000,"LASTUPDATE":1643920977000}},{"type":"Feature","id":1676,"geometry":{"type":"Point","coordinates":[-89.2291542434249,48.406538562065]},"properties":{"OBJECTID":1676,"LOC_ID":"PC1076","FDMID":2790,"X_COORD":335031.54454,"Y_COORD":5363886.2611,"BEAT":"N 14","ROT_ANGLE":0,"NODE_ID":6778,"GLOBALID":"059d37cc-8319-4abd-9a2d-f999a1878162","CREATEDDATE":1520794199000,"LASTUPDATE":1643920977000}},{"type":"Feature","id":1677,"geometry":{"type":"Point","coordinates":[-89.258567907424,48.4109527277427]},"properties":{"OBJECTID":1677,"LOC_ID":"PC0870","FDMID":2586,"X_COORD":332867.77443,"Y_COORD":5364436.61553,"BEAT":"N 1","ROT_ANGLE":0,"NODE_ID":3804,"GLOBALID":"1fc82bd8-7db6-49c0-85cf-76ba8b3942f4","CREATEDDATE":1520794199000,"LASTUPDATE":1643920977000}},{"type":"Feature","id":1678,"geometry":{"type":"Point","coordinates":[-89.2396977650022,48.4030071058635]},"properties":{"OBJECTID":1678,"LOC_ID":"PP0227","FDMID":3650,"X_COORD":334239.82716,"Y_COORD":5363516.53617,"BEAT":"N 2","ROT_ANGLE":0,"NODE_ID":4895,"GLOBALID":"ffa4ca61-a697-4bb0-8497-8655c7ede66b","CREATEDDATE":1520794199000,"LASTUPDATE":1643920977000}},{"type":"Feature","id":1679,"geometry":{"type":"Point","coordinates":[-89.2569221304786,48.4002994190213]},"properties":{"OBJECTID":1679,"LOC_ID":"PC0935","FDMID":2651,"X_COORD":332956.27695,"Y_COORD":5363237.18027,"BEAT":"N 2","ROT_ANGLE":0,"NODE_ID":6142,"GLOBALID":"172d0afb-2886-4b6d-b76b-445b3a8f84e6","CREATEDDATE":1520794199000,"LASTUPDATE":1643920977000}},{"type":"Feature","id":1680,"geometry":{"type":"Point","coordinates":[-89.2376338883294,48.3984601151429]},"properties":{"OBJECTID":1680,"LOC_ID":"FC0004","FDMID":46,"X_COORD":334377.79836,"Y_COORD":5363006.70372,"BEAT":"S 11","ROT_ANGLE":0,"NODE_ID":4823,"GLOBALID":"faac1708-dee6-41fc-9842-3297d65f64b0","CREATEDDATE":1520794199000,"LASTUPDATE":1643920977000}},{"type":"Feature","id":1681,"geometry":{"type":"Point","coordinates":[-89.2483666272007,48.396663313831]},"properties":{"OBJECTID":1681,"LOC_ID":"FC0733","FDMID":724,"X_COORD":333577.68956,"Y_COORD":5362829.82846,"BEAT":"S 9","ROT_ANGLE":0,"NODE_ID":8300,"GLOBALID":"97de1177-4754-4f57-b2b6-95382becec81","CREATEDDATE":1520794199000,"LASTUPDATE":1643920977000}},{"type":"Feature","id":1682,"geometry":{"type":"Point","coordinates":[-89.2538001002137,48.3950071207156]},"properties":{"OBJECTID":1682,"LOC_ID":"FC0618","FDMID":610,"X_COORD":333170.01827,"Y_COORD":5362658.03403,"BEAT":"S 9","ROT_ANGLE":0,"NODE_ID":1794,"GLOBALID":"a3bd9102-d80c-4e4f-a92c-aa4e3b0f7a99","CREATEDDATE":1520794199000,"LASTUPDATE":1643920977000}},{"type":"Feature","id":1683,"geometry":{"type":"Point","coordinates":[-89.2305124741179,48.3906991328414]},"properties":{"OBJECTID":1683,"LOC_ID":"FC0573","FDMID":565,"X_COORD":334877.84035,"Y_COORD":5362132.42353,"BEAT":"S 11","ROT_ANGLE":0,"NODE_ID":1231,"GLOBALID":"3b5d8b6f-e13e-43ec-970f-8abe13632d43","CREATEDDATE":1520794199000,"LASTUPDATE":1643920977000}},{"type":"Feature","id":1684,"geometry":{"type":"Point","coordinates":[-89.2940364348021,48.3889146442422]},"properties":{"OBJECTID":1684,"LOC_ID":"FC1048","FDMID":1039,"X_COORD":330171.5325,"Y_COORD":5362069.33335,"BEAT":"S 1","ROT_ANGLE":0,"NODE_ID":6642,"GLOBALID":"4deeb7cf-05b3-4370-b9bd-9c25287743c9","CREATEDDATE":1520794199000,"LASTUPDATE":1643920977000}},{"type":"Feature","id":1685,"geometry":{"type":"Point","coordinates":[-89.2867445835639,48.389399141679]},"properties":{"OBJECTID":1685,"LOC_ID":"FC0933","FDMID":924,"X_COORD":330712.9231,"Y_COORD":5362107.03678,"BEAT":"S 1","ROT_ANGLE":0,"NODE_ID":425,"GLOBALID":"fb87db05-8061-4144-88e6-cae99e716922","CREATEDDATE":1520794199000,"LASTUPDATE":1643920977000}},{"type":"Feature","id":1686,"geometry":{"type":"Point","coordinates":[-89.270349290683,48.3879078667198]},"properties":{"OBJECTID":1686,"LOC_ID":"FC0887","FDMID":878,"X_COORD":331921.68444,"Y_COORD":5361905.17924,"BEAT":"S 7","ROT_ANGLE":0,"NODE_ID":10442,"GLOBALID":"a1ff695b-24bd-4069-821f-e913a84d803e","CREATEDDATE":1520794199000,"LASTUPDATE":1644007238000}},{"type":"Feature","id":1687,"geometry":{"type":"Point","coordinates":[-89.2538361730991,48.3863048265404]},"properties":{"OBJECTID":1687,"LOC_ID":"FC0466","FDMID":458,"X_COORD":333138.87459,"Y_COORD":5361690.89982,"BEAT":"S 9","ROT_ANGLE":0,"NODE_ID":9590,"GLOBALID":"aef9c770-c125-48b8-9fd5-7597d24b22e7","CREATEDDATE":1520794199000,"LASTUPDATE":1643920977000}},{"type":"Feature","id":1688,"geometry":{"type":"Point","coordinates":[-89.3332813860787,48.382859406106]},"properties":{"OBJECTID":1688,"LOC_ID":"NC0018","FDMID":1196,"X_COORD":327245.89768,"Y_COORD":5361484.11351,"BEAT":"S 13","ROT_ANGLE":0,"NODE_ID":3519,"GLOBALID":"54976b27-f1cc-4451-9489-28ea61f1f8d2","CREATEDDATE":1520794199000,"LASTUPDATE":1643920977000}},{"type":"Feature","id":1689,"geometry":{"type":"Point","coordinates":[-89.2497975714943,48.3840179369024]},"properties":{"OBJECTID":1689,"LOC_ID":"FC0764","FDMID":755,"X_COORD":333430.38307,"Y_COORD":5361427.93201,"BEAT":"S 10","ROT_ANGLE":0,"NODE_ID":8587,"GLOBALID":"19181acd-d519-470a-8614-3a6d49218837","CREATEDDATE":1520794199000,"LASTUPDATE":1643920977000}},{"type":"Feature","id":1690,"geometry":{"type":"Point","coordinates":[-89.2550958365854,48.3840479179099]},"properties":{"OBJECTID":1690,"LOC_ID":"FC0762","FDMID":753,"X_COORD":333038.23279,"Y_COORD":5361442.80254,"BEAT":"S 10","ROT_ANGLE":0,"NODE_ID":8142,"GLOBALID":"44085f8f-2da8-4f31-b2bb-f70e89b5b139","CREATEDDATE":1520794199000,"LASTUPDATE":1643920977000}},{"type":"Feature","id":1691,"geometry":{"type":"Point","coordinates":[-89.3113657632181,48.3821066814362]},"properties":{"OBJECTID":1691,"LOC_ID":"NC0549","FDMID":3475,"X_COORD":328865.88949,"Y_COORD":5361351.23518,"BEAT":"S 13","ROT_ANGLE":0,"NODE_ID":1032,"GLOBALID":"9d7475bc-7b69-4b8e-9b07-10c7902c2658","CREATEDDATE":1520794199000,"LASTUPDATE":1643920977000}},{"type":"Feature","id":1692,"geometry":{"type":"Point","coordinates":[-89.3818820474661,48.3798273425699]},"properties":{"OBJECTID":1692,"LOC_ID":"NC0426","FDMID":1600,"X_COORD":323637.31887,"Y_COORD":5361257.88222,"BEAT":"S 13","ROT_ANGLE":0,"NODE_ID":3596,"GLOBALID":"17e1001a-c468-4e81-bc9e-62b539828472","CREATEDDATE":1520794199000,"LASTUPDATE":1643920977000}},{"type":"Feature","id":1693,"geometry":{"type":"Point","coordinates":[-89.2892958327978,48.3806187795529]},"properties":{"OBJECTID":1693,"LOC_ID":"FC0399","FDMID":393,"X_COORD":330494.9158,"Y_COORD":5361136.79806,"BEAT":"S 5","ROT_ANGLE":0,"NODE_ID":1735,"GLOBALID":"cc76c8da-b75c-4c8e-a19c-38f53001c712","CREATEDDATE":1520794199000,"LASTUPDATE":1643920977000}},{"type":"Feature","id":1694,"geometry":{"type":"Point","coordinates":[-89.307985223633,48.3807066336196]},"properties":{"OBJECTID":1694,"LOC_ID":"NC0002","FDMID":1180,"X_COORD":329111.48565,"Y_COORD":5361188.0833,"BEAT":"S 2","ROT_ANGLE":0,"NODE_ID":10351,"GLOBALID":"3ee1b273-abdd-44ff-b8a8-b8ffa1eefdfb","CREATEDDATE":1520794199000,"LASTUPDATE":1643920977000}},{"type":"Feature","id":1695,"geometry":{"type":"Point","coordinates":[-89.2498268018695,48.3810200699896]},"properties":{"OBJECTID":1695,"LOC_ID":"FC0408","FDMID":402,"X_COORD":333418.42889,"Y_COORD":5361094.80151,"BEAT":"S 10","ROT_ANGLE":0,"NODE_ID":7680,"GLOBALID":"be1364cb-c595-4c48-8b89-a2399882573b","CREATEDDATE":1520794199000,"LASTUPDATE":1643920977000}},{"type":"Feature","id":1696,"geometry":{"type":"Point","coordinates":[-89.2462105318746,48.3767795142875]},"properties":{"OBJECTID":1696,"LOC_ID":"FC0756","FDMID":0,"X_COORD":333672.34607,"Y_COORD":5360615.63428,"BEAT":"S 10","ROT_ANGLE":38.2,"NODE_ID":3815,"GLOBALID":"106de49b-3458-446d-886f-2a6f139baa08","CREATEDDATE":1520794199000,"LASTUPDATE":1643920977000}},{"type":"Feature","id":1697,"geometry":{"type":"Point","coordinates":[-89.2936499897308,48.3724097396842]},"properties":{"OBJECTID":1697,"LOC_ID":"FC1149","FDMID":1138,"X_COORD":330145.23567,"Y_COORD":5360234.06551,"BEAT":"S 2","ROT_ANGLE":0,"NODE_ID":7601,"GLOBALID":"8cd8d16d-ea55-4233-8d4c-b9b2555a46cb","CREATEDDATE":1520794199000,"LASTUPDATE":1643920977000}},{"type":"Feature","id":1698,"geometry":{"type":"Point","coordinates":[-89.2816574508403,48.372410266624]},"properties":{"OBJECTID":1698,"LOC_ID":"FC0104","FDMID":97,"X_COORD":331032.48354,"Y_COORD":5360202.9395,"BEAT":"S 5","ROT_ANGLE":0,"NODE_ID":1316,"GLOBALID":"b876277b-5ea6-4795-a96e-312d6833dc12","CREATEDDATE":1520794199000,"LASTUPDATE":1643920977000}},{"type":"Feature","id":1699,"geometry":{"type":"Point","coordinates":[-89.305918232542,48.3661535566433]},"properties":{"OBJECTID":1699,"LOC_ID":"FC0593","FDMID":585,"X_COORD":329216.1021,"Y_COORD":5359567.69828,"BEAT":"S 3","ROT_ANGLE":0,"NODE_ID":155,"GLOBALID":"8cda8fa2-81fd-4365-8acc-4bce436f9590","CREATEDDATE":1520794199000,"LASTUPDATE":1643920977000}},{"type":"Feature","id":1700,"geometry":{"type":"Point","coordinates":[-89.3456604221879,48.3644690968351]},"properties":{"OBJECTID":1700,"LOC_ID":"NC0326","FDMID":1502,"X_COORD":326266.86434,"Y_COORD":5359468.15857,"BEAT":"S 15","ROT_ANGLE":0,"NODE_ID":2299,"GLOBALID":"136cd126-2918-43e6-9834-0e49dfef1afd","CREATEDDATE":1520794199000,"LASTUPDATE":1643920977000}},{"type":"Feature","id":1701,"geometry":{"type":"Point","coordinates":[-89.380020427715,48.3636093957498]},"properties":{"OBJECTID":1701,"LOC_ID":"NC0299","FDMID":1475,"X_COORD":323719.17563,"Y_COORD":5359451.09463,"BEAT":"S 14","ROT_ANGLE":0,"NODE_ID":7432,"GLOBALID":"85273180-753f-482b-9324-e232ff78fdd7","CREATEDDATE":1520794199000,"LASTUPDATE":1643920978000}},{"type":"Feature","id":1702,"geometry":{"type":"Point","coordinates":[-89.3850938026633,48.3624070045311]},"properties":{"OBJECTID":1702,"LOC_ID":"NC0084","FDMID":1262,"X_COORD":323339.2701,"Y_COORD":5359329.14314,"BEAT":"S 14","ROT_ANGLE":0,"NODE_ID":9955,"GLOBALID":"60856a2d-2bad-4a1d-b15b-d153738d61ce","CREATEDDATE":1520794199000,"LASTUPDATE":1643920978000}},{"type":"Feature","id":1703,"geometry":{"type":"Point","coordinates":[-89.3445937309034,48.3433019107192]},"properties":{"OBJECTID":1703,"LOC_ID":"NC0289","FDMID":1465,"X_COORD":326273.90562,"Y_COORD":5357113.16183,"BEAT":"S 16","ROT_ANGLE":0,"NODE_ID":9247,"GLOBALID":"ab79f273-7f36-4082-9634-235e59c982e9","CREATEDDATE":1520794199000,"LASTUPDATE":1643920978000}},{"type":"Feature","id":1704,"geometry":{"type":"Point","coordinates":[-89.3364151550126,48.3294551539534]},"properties":{"OBJECTID":1704,"LOC_ID":"NC0450","FDMID":1623,"X_COORD":326832.97045,"Y_COORD":5355555.69904,"BEAT":"S 17","ROT_ANGLE":0,"NODE_ID":3751,"GLOBALID":"6939a24a-de5c-41c3-8145-18473d9971de","CREATEDDATE":1520794199000,"LASTUPDATE":1643920978000}},{"type":"Feature","id":1705,"geometry":{"type":"Point","coordinates":[-89.3405667120189,48.316969823221]},"properties":{"OBJECTID":1705,"LOC_ID":"NC0428","FDMID":1602,"X_COORD":326482.92629,"Y_COORD":5354177.4465,"BEAT":"S 17","ROT_ANGLE":0,"NODE_ID":392,"GLOBALID":"49373c54-a005-4e0e-ba04-bb2b49b30ba8","CREATEDDATE":1520794199000,"LASTUPDATE":1643920978000}},{"type":"Feature","id":1706,"geometry":{"type":"Point","coordinates":[-89.2614903727792,48.4658832475275]},"properties":{"OBJECTID":1706,"LOC_ID":"MC0266","FDMID":3420,"X_COORD":332833.52035,"Y_COORD":5370552.26328,"BEAT":"N 15","ROT_ANGLE":0,"NODE_ID":5406,"GLOBALID":"9ac40cd8-ad3a-4505-b681-1499b7b2880f","CREATEDDATE":1520794199000,"LASTUPDATE":1643920978000}},{"type":"Feature","id":1707,"geometry":{"type":"Point","coordinates":[-89.271147946851,48.4508506121013]},"properties":{"OBJECTID":1707,"LOC_ID":"MC0081","FDMID":3078,"X_COORD":332070.0943,"Y_COORD":5368902.62053,"BEAT":"N 15","ROT_ANGLE":0,"NODE_ID":4127,"GLOBALID":"084079d5-b8fe-4a8d-91eb-5019e609ece0","CREATEDDATE":1520794199000,"LASTUPDATE":1643920978000}},{"type":"Feature","id":1708,"geometry":{"type":"Point","coordinates":[-89.2981721921088,48.38071343095]},"properties":{"OBJECTID":1708,"LOC_ID":"FC0052","FDMID":31,"X_COORD":329838.04489,"Y_COORD":5361166.99582,"BEAT":"S 2","ROT_ANGLE":0,"NODE_ID":1718,"GLOBALID":"418f0d0e-9d62-4669-bae6-eb1a6fdb3f69","CREATEDDATE":1520794199000,"LASTUPDATE":1643920978000}},{"type":"Feature","id":1709,"geometry":{"type":"Point","coordinates":[-89.3035682091936,48.3801019518742]},"properties":{"OBJECTID":1709,"LOC_ID":"FC0813","FDMID":804,"X_COORD":329436.49148,"Y_COORD":5361111.03422,"BEAT":"S 2","ROT_ANGLE":0,"NODE_ID":868,"GLOBALID":"890ea690-fdcd-4436-a837-405ad37955e0","CREATEDDATE":1520794199000,"LASTUPDATE":1643920978000}},{"type":"Feature","id":1710,"geometry":{"type":"Point","coordinates":[-89.1876872757694,48.4725758851715]},"properties":{"OBJECTID":1710,"LOC_ID":"PC0073","FDMID":1797,"X_COORD":338309.95478,"Y_COORD":5371137.48338,"BEAT":"N 11","ROT_ANGLE":0,"NODE_ID":3251,"GLOBALID":"d3979883-6c47-459b-8279-658502f62fdd","CREATEDDATE":1520794199000,"LASTUPDATE":1643920978000}},{"type":"Feature","id":1711,"geometry":{"type":"Point","coordinates":[-89.1875991970735,48.4647544925147]},"properties":{"OBJECTID":1711,"LOC_ID":"PC0038","FDMID":1762,"X_COORD":338291.60522,"Y_COORD":5370267.98091,"BEAT":"N 11","ROT_ANGLE":0,"NODE_ID":1896,"GLOBALID":"e9f78bf7-489d-408f-8d6a-c1fa95823086","CREATEDDATE":1520794199000,"LASTUPDATE":1643920978000}},{"type":"Feature","id":1712,"geometry":{"type":"Point","coordinates":[-89.171113075296,48.4579698708692]},"properties":{"OBJECTID":1712,"LOC_ID":"PP0017","FDMID":2888,"X_COORD":339488.80099,"Y_COORD":5369479.19115,"BEAT":"N 14","ROT_ANGLE":0,"NODE_ID":4995,"GLOBALID":"9d1f4dce-7ef5-449e-bf02-477fcd611be4","CREATEDDATE":1520794199000,"LASTUPDATE":1643920978000}},{"type":"Feature","id":1713,"geometry":{"type":"Point","coordinates":[-89.2580872045755,48.4606170830257]},"properties":{"OBJECTID":1713,"LOC_ID":"MC0126","FDMID":3123,"X_COORD":333067.78467,"Y_COORD":5369959.52728,"BEAT":"N 12","ROT_ANGLE":0,"NODE_ID":4024,"GLOBALID":"2508140a-e745-4592-84ab-6da7c2013890","CREATEDDATE":1520794199000,"LASTUPDATE":1643920978000}},{"type":"Feature","id":1714,"geometry":{"type":"Point","coordinates":[-89.2567520550365,48.4589907781878]},"properties":{"OBJECTID":1714,"LOC_ID":"MC0174","FDMID":3171,"X_COORD":333161.1494,"Y_COORD":5369775.86162,"BEAT":"N 12","ROT_ANGLE":0,"NODE_ID":9641,"GLOBALID":"1bdcf07d-94e1-4202-9499-c7984b35ed2d","CREATEDDATE":1520794199000,"LASTUPDATE":1643920978000}},{"type":"Feature","id":1715,"geometry":{"type":"Point","coordinates":[-89.2801974301054,48.4545146864694]},"properties":{"OBJECTID":1715,"LOC_ID":"MC0317","FDMID":3601,"X_COORD":331413.14274,"Y_COORD":5369329.75806,"BEAT":"N 15","ROT_ANGLE":0,"NODE_ID":7285,"GLOBALID":"fe25474b-3548-4e86-99d3-8bda81f54fcb","CREATEDDATE":1520794199000,"LASTUPDATE":1643920978000}},{"type":"Feature","id":1716,"geometry":{"type":"Point","coordinates":[-89.2821503637546,48.4524449270517]},"properties":{"OBJECTID":1716,"LOC_ID":"MC0253","FDMID":3560,"X_COORD":331261.89974,"Y_COORD":5369104.02085,"BEAT":"N 15","ROT_ANGLE":0,"NODE_ID":2684,"GLOBALID":"ce3e8a0a-03a1-41d9-9b72-4c4d97f643ec","CREATEDDATE":1520794199000,"LASTUPDATE":1643920978000}},{"type":"Feature","id":1717,"geometry":{"type":"Point","coordinates":[-89.2441473441273,48.4522351769087]},"properties":{"OBJECTID":1717,"LOC_ID":"PC0886","FDMID":2602,"X_COORD":334070.92451,"Y_COORD":5368997.61086,"BEAT":"N 8","ROT_ANGLE":0,"NODE_ID":9431,"GLOBALID":"dd553a84-ca5d-430b-a52f-e45edc706e7f","CREATEDDATE":1520794199000,"LASTUPDATE":1643920978000}},{"type":"Feature","id":1718,"geometry":{"type":"Point","coordinates":[-89.2414168011505,48.4511169442408]},"properties":{"OBJECTID":1718,"LOC_ID":"PC0881","FDMID":2597,"X_COORD":334269.16835,"Y_COORD":5368867.40952,"BEAT":"N 8","ROT_ANGLE":0,"NODE_ID":4747,"GLOBALID":"23e10b6a-4700-46b5-85d6-d2d6331bc32f","CREATEDDATE":1520794199000,"LASTUPDATE":1643920978000}},{"type":"Feature","id":1719,"geometry":{"type":"Point","coordinates":[-89.2341144467787,48.4517805392245]},"properties":{"OBJECTID":1719,"LOC_ID":"PC0784","FDMID":2501,"X_COORD":334811.2312,"Y_COORD":5368925.37125,"BEAT":"N 8","ROT_ANGLE":0,"NODE_ID":6531,"GLOBALID":"628f5e2b-47d5-4dd5-8268-9842d17377f1","CREATEDDATE":1520794199000,"LASTUPDATE":1643920978000}},{"type":"Feature","id":1720,"geometry":{"type":"Point","coordinates":[-89.2681982672162,48.4498659809086]},"properties":{"OBJECTID":1720,"LOC_ID":"MC0051","FDMID":3048,"X_COORD":332284.93692,"Y_COORD":5368786.7155,"BEAT":"N 15","ROT_ANGLE":0,"NODE_ID":2645,"GLOBALID":"21ab6e0f-622c-4316-9d79-fa63abae8249","CREATEDDATE":1520794199000,"LASTUPDATE":1643920978000}},{"type":"Feature","id":1721,"geometry":{"type":"Point","coordinates":[-89.2667839248385,48.4466857060398]},"properties":{"OBJECTID":1721,"LOC_ID":"MC0021","FDMID":3019,"X_COORD":332379.03023,"Y_COORD":5368430.15282,"BEAT":"N 13","ROT_ANGLE":0,"NODE_ID":5419,"GLOBALID":"e9e58c69-7b1a-40e1-a4cf-5c600c3fd4df","CREATEDDATE":1520794199000,"LASTUPDATE":1643920978000}},{"type":"Feature","id":1722,"geometry":{"type":"Point","coordinates":[-89.1872022739603,48.4473166740823]},"properties":{"OBJECTID":1722,"LOC_ID":"PP0119","FDMID":2983,"X_COORD":338265.53366,"Y_COORD":5368329.01822,"BEAT":"N 14","ROT_ANGLE":0,"NODE_ID":5675,"GLOBALID":"7e1f5ce0-7a04-4459-975d-eff7aafad039","CREATEDDATE":1520794199000,"LASTUPDATE":1643920978000}},{"type":"Feature","id":1723,"geometry":{"type":"Point","coordinates":[-89.2025619031542,48.4446150579254]},"properties":{"OBJECTID":1723,"LOC_ID":"PC0151","FDMID":1874,"X_COORD":337121.1727,"Y_COORD":5368061.3221,"BEAT":"N 10","ROT_ANGLE":0,"NODE_ID":2427,"GLOBALID":"68d00fc3-bbfb-439f-b36e-4a20bcf6c7e5","CREATEDDATE":1520794199000,"LASTUPDATE":1644365215000}},{"type":"Feature","id":1724,"geometry":{"type":"Point","coordinates":[-89.2565495133759,48.4423440307062]},"properties":{"OBJECTID":1724,"LOC_ID":"PC0656","FDMID":2375,"X_COORD":333121.5567,"Y_COORD":5367925.23454,"BEAT":"N 4","ROT_ANGLE":0,"NODE_ID":2482,"GLOBALID":"500aa323-8b10-4c4a-b7c9-6673f746a614","CREATEDDATE":1520794199000,"LASTUPDATE":1643920978000}},{"type":"Feature","id":1725,"geometry":{"type":"Point","coordinates":[-89.2176418455146,48.4422891540447]},"properties":{"OBJECTID":1725,"LOC_ID":"PC0351","FDMID":2074,"X_COORD":335998.59094,"Y_COORD":5367835.01349,"BEAT":"N7","ROT_ANGLE":0,"NODE_ID":6409,"GLOBALID":"847c09d0-6fe2-44a9-8cb5-01bbdb524f4e","CREATEDDATE":1520794199000,"LASTUPDATE":1643920978000}},{"type":"Feature","id":1726,"geometry":{"type":"Point","coordinates":[-89.2445903949984,48.4386529840805]},"properties":{"OBJECTID":1726,"LOC_ID":"PC1209","FDMID":0,"X_COORD":333993.89974,"Y_COORD":5367488.97854,"BEAT":"N 5","ROT_ANGLE":0,"NODE_ID":6485,"GLOBALID":"2a7ec1e6-59d7-4a54-bec3-5ac14af59da8","CREATEDDATE":1520794199000,"LASTUPDATE":1643920978000}},{"type":"Feature","id":1727,"geometry":{"type":"Point","coordinates":[-89.2562442646608,48.4379353611567]},"properties":{"OBJECTID":1727,"LOC_ID":"PC0866","FDMID":2582,"X_COORD":333129.68751,"Y_COORD":5367434.56702,"BEAT":"N 4","ROT_ANGLE":0,"NODE_ID":8740,"GLOBALID":"352afc43-e71d-4290-b295-5c5d7e6bfb34","CREATEDDATE":1520794199000,"LASTUPDATE":1643920978000}},{"type":"Feature","id":1728,"geometry":{"type":"Point","coordinates":[-89.252097543922,48.437749960279]},"properties":{"OBJECTID":1728,"LOC_ID":"PC0651","FDMID":2370,"X_COORD":333435.75497,"Y_COORD":5367404.9276,"BEAT":"N 4","ROT_ANGLE":0,"NODE_ID":1188,"GLOBALID":"197de244-754f-48e1-9311-05154bf5d532","CREATEDDATE":1520794199000,"LASTUPDATE":1643920978000}},{"type":"Feature","id":1729,"geometry":{"type":"Point","coordinates":[-89.233347520677,48.4373918051751]},"properties":{"OBJECTID":1729,"LOC_ID":"PC0481","FDMID":2203,"X_COORD":334821.27536,"Y_COORD":5367324.47422,"BEAT":"N 6","ROT_ANGLE":0,"NODE_ID":219,"GLOBALID":"59b6e19f-bb5d-46f0-b6a9-1eab71b365ca","CREATEDDATE":1520794199000,"LASTUPDATE":1643920978000}},{"type":"Feature","id":1730,"geometry":{"type":"Point","coordinates":[-89.2699844378318,48.4346767845313]},"properties":{"OBJECTID":1730,"LOC_ID":"PC1135","FDMID":2849,"X_COORD":332102.79011,"Y_COORD":5367102.44056,"BEAT":"N 4","ROT_ANGLE":0,"NODE_ID":7564,"GLOBALID":"7c14e5b1-06d2-41c7-beee-06eef934d9bf","CREATEDDATE":1520794199000,"LASTUPDATE":1643920978000}},{"type":"Feature","id":1731,"geometry":{"type":"Point","coordinates":[-89.2288110519244,48.4351543038874]},"properties":{"OBJECTID":1731,"LOC_ID":"PC1223","FDMID":0,"X_COORD":335149.54211,"Y_COORD":5367065.99819,"BEAT":null,"ROT_ANGLE":0,"NODE_ID":1479,"GLOBALID":"858eb583-78ba-46a7-af87-94ce2c6ab655","CREATEDDATE":1520794199000,"LASTUPDATE":1643920978000}},{"type":"Feature","id":1732,"geometry":{"type":"Point","coordinates":[-89.2319927894296,48.4328821567725]},"properties":{"OBJECTID":1732,"LOC_ID":"PC0569","FDMID":2289,"X_COORD":334906.86204,"Y_COORD":5366820.31345,"BEAT":"N 6","ROT_ANGLE":0,"NODE_ID":8844,"GLOBALID":"9bb2a71e-4b20-4a47-a9bf-7a036ce564d0","CREATEDDATE":1520794199000,"LASTUPDATE":1643920978000}},{"type":"Feature","id":1733,"geometry":{"type":"Point","coordinates":[-89.2426251203486,48.4325510783608]},"properties":{"OBJECTID":1733,"LOC_ID":"PC0593","FDMID":2312,"X_COORD":334119.38352,"Y_COORD":5366806.51019,"BEAT":"N 5","ROT_ANGLE":0,"NODE_ID":2018,"GLOBALID":"01bca4ed-7f7a-4a5a-afef-a53751f7e714","CREATEDDATE":1520794199000,"LASTUPDATE":1643920979000}},{"type":"Feature","id":1734,"geometry":{"type":"Point","coordinates":[-89.2289929337594,48.4281120781799]},"properties":{"OBJECTID":1734,"LOC_ID":"PC1183","FDMID":3386,"X_COORD":335113.30044,"Y_COORD":5366283.67934,"BEAT":"N7","ROT_ANGLE":0,"NODE_ID":7552,"GLOBALID":"8be16385-070e-48c1-8c4d-c268096a67fa","CREATEDDATE":1520794199000,"LASTUPDATE":1643920979000}},{"type":"Feature","id":1735,"geometry":{"type":"Point","coordinates":[-89.2605458103997,48.4165640881378]},"properties":{"OBJECTID":1735,"LOC_ID":"PP0184","FDMID":2608,"X_COORD":332741.42844,"Y_COORD":5365068.65086,"BEAT":"N 1","ROT_ANGLE":0,"NODE_ID":4508,"GLOBALID":"ed132342-e356-420b-b529-dad40e111657","CREATEDDATE":1520794199000,"LASTUPDATE":1644353702000}},{"type":"Feature","id":1736,"geometry":{"type":"Point","coordinates":[-89.2563657609727,48.4128283196725]},"properties":{"OBJECTID":1736,"LOC_ID":"PC1071","FDMID":2785,"X_COORD":333038.46524,"Y_COORD":5364644.32676,"BEAT":"N 3","ROT_ANGLE":0,"NODE_ID":2826,"GLOBALID":"46d3f5e1-167a-4ac9-8fc3-1e13e517c194","CREATEDDATE":1520794199000,"LASTUPDATE":1643920979000}},{"type":"Feature","id":1737,"geometry":{"type":"Point","coordinates":[-89.2811525612209,48.4100785139982]},"properties":{"OBJECTID":1737,"LOC_ID":"PC0737","FDMID":2454,"X_COORD":331195.33564,"Y_COORD":5364393.04868,"BEAT":"N 1","ROT_ANGLE":0,"NODE_ID":5701,"GLOBALID":"076351f8-2eda-460c-b73f-b4ca8735d2e6","CREATEDDATE":1520794199000,"LASTUPDATE":1643920979000}},{"type":"Feature","id":1738,"geometry":{"type":"Point","coordinates":[-89.286469106296,48.4029823769131]},"properties":{"OBJECTID":1738,"LOC_ID":"FC1088","FDMID":1079,"X_COORD":330778.37769,"Y_COORD":5363616.0979,"BEAT":"S 1","ROT_ANGLE":0,"NODE_ID":8870,"GLOBALID":"e4e2fee7-5c50-4293-902b-3c0891405fb9","CREATEDDATE":1520794199000,"LASTUPDATE":1643920979000}},{"type":"Feature","id":1739,"geometry":{"type":"Point","coordinates":[-89.2551552588405,48.3985829412276]},"properties":{"OBJECTID":1739,"LOC_ID":"FC0252","FDMID":247,"X_COORD":333081.42076,"Y_COORD":5363058.42263,"BEAT":"S 9","ROT_ANGLE":0,"NODE_ID":4368,"GLOBALID":"840e6ecf-b17b-44e3-b403-c6568b9f0787","CREATEDDATE":1520794199000,"LASTUPDATE":1643920979000}},{"type":"Feature","id":1740,"geometry":{"type":"Point","coordinates":[-89.2747345346473,48.3955763112266]},"properties":{"OBJECTID":1740,"LOC_ID":"FC0959","FDMID":950,"X_COORD":331621.6911,"Y_COORD":5362768.73713,"BEAT":"S 4","ROT_ANGLE":0,"NODE_ID":587,"GLOBALID":"e23fb315-a9da-41ad-9511-39943b891e88","CREATEDDATE":1520794199000,"LASTUPDATE":1643920979000}},{"type":"Feature","id":1741,"geometry":{"type":"Point","coordinates":[-89.2729578874047,48.3927846808422]},"properties":{"OBJECTID":1741,"LOC_ID":"FC0853","FDMID":844,"X_COORD":331744.65916,"Y_COORD":5362452.93246,"BEAT":"S 4","ROT_ANGLE":0,"NODE_ID":3189,"GLOBALID":"a4feed39-fed6-49e6-a04d-cbd8cfca7d43","CREATEDDATE":1520794199000,"LASTUPDATE":1643920979000}},{"type":"Feature","id":1742,"geometry":{"type":"Point","coordinates":[-89.2453430058694,48.3940466693255]},"properties":{"OBJECTID":1742,"LOC_ID":"FC0498","FDMID":490,"X_COORD":333790.46012,"Y_COORD":5362538.93387,"BEAT":"S 9","ROT_ANGLE":0,"NODE_ID":7997,"GLOBALID":"9f2b88b2-cfb0-4c40-a1be-e8519224cce5","CREATEDDATE":1520794199000,"LASTUPDATE":1643920979000}},{"type":"Feature","id":1743,"geometry":{"type":"Point","coordinates":[-89.2861504875105,48.391691784073]},"properties":{"OBJECTID":1743,"LOC_ID":"FC0929","FDMID":920,"X_COORD":330764.50351,"Y_COORD":5362360.53591,"BEAT":"S 1","ROT_ANGLE":0,"NODE_ID":5008,"GLOBALID":"5ec8ce9a-d799-49b1-b474-25afc1299a4c","CREATEDDATE":1520794199000,"LASTUPDATE":1643920979000}},{"type":"Feature","id":1744,"geometry":{"type":"Point","coordinates":[-89.2488025234971,48.3899810272054]},"properties":{"OBJECTID":1744,"LOC_ID":"FC0025","FDMID":8,"X_COORD":333524.75465,"Y_COORD":5362087.63326,"BEAT":"S 9","ROT_ANGLE":0,"NODE_ID":6106,"GLOBALID":"f70ac981-bf5d-4b22-a079-7dad013f8f80","CREATEDDATE":1520794199000,"LASTUPDATE":1674500362000}},{"type":"Feature","id":1745,"geometry":{"type":"Point","coordinates":[-89.298606527706,48.3892339742427]},"properties":{"OBJECTID":1745,"LOC_ID":"FC1097","FDMID":1088,"X_COORD":329834.29602,"Y_COORD":5362114.96868,"BEAT":"S 1","ROT_ANGLE":0,"NODE_ID":9223,"GLOBALID":"a8f11d19-e820-4e4d-b46d-4b762cb6d137","CREATEDDATE":1520794199000,"LASTUPDATE":1643920979000}},{"type":"Feature","id":1746,"geometry":{"type":"Point","coordinates":[-89.2988261682453,48.388411589938]},"properties":{"OBJECTID":1746,"LOC_ID":"FC1098","FDMID":3556,"X_COORD":329815.29519,"Y_COORD":5362024.05284,"BEAT":"S 1","ROT_ANGLE":0,"NODE_ID":1783,"GLOBALID":"fd571c97-1739-459c-8fd3-591498d24ac8","CREATEDDATE":1520794199000,"LASTUPDATE":1643920979000}},{"type":"Feature","id":1747,"geometry":{"type":"Point","coordinates":[-89.2893548564429,48.3876447432718]},"properties":{"OBJECTID":1747,"LOC_ID":"FC0875","FDMID":866,"X_COORD":330515.27983,"Y_COORD":5361922.55499,"BEAT":"S 1","ROT_ANGLE":0,"NODE_ID":9515,"GLOBALID":"fe7db72a-7923-48cb-baac-24820a53bc91","CREATEDDATE":1520794199000,"LASTUPDATE":1643920979000}},{"type":"Feature","id":1748,"geometry":{"type":"Point","coordinates":[-89.3100177802423,48.3862202619283]},"properties":{"OBJECTID":1748,"LOC_ID":"NC0563","FDMID":3541,"X_COORD":328979.47285,"Y_COORD":5361805.42193,"BEAT":"S 13","ROT_ANGLE":0,"NODE_ID":1618,"GLOBALID":"cf631f8a-2939-4719-96be-494628100ead","CREATEDDATE":1520794199000,"LASTUPDATE":1643920979000}},{"type":"Feature","id":1749,"geometry":{"type":"Point","coordinates":[-89.3072767986563,48.3845785125975]},"properties":{"OBJECTID":1749,"LOC_ID":"NC0558","FDMID":3484,"X_COORD":329176.89417,"Y_COORD":5361616.83518,"BEAT":"S 13","ROT_ANGLE":0,"NODE_ID":7667,"GLOBALID":"40d3bb51-0a07-4797-a39f-9cd9484de29f","CREATEDDATE":1520794199000,"LASTUPDATE":1643920979000}},{"type":"Feature","id":1750,"geometry":{"type":"Point","coordinates":[-89.2857967812049,48.3840351556281]},"properties":{"OBJECTID":1750,"LOC_ID":"FC0772","FDMID":763,"X_COORD":330778.7878,"Y_COORD":5361508.02391,"BEAT":"S 5","ROT_ANGLE":0,"NODE_ID":10114,"GLOBALID":"85544ba8-a5cb-4381-8569-d657ed5d9e1c","CREATEDDATE":1520794199000,"LASTUPDATE":1643920979000}},{"type":"Feature","id":1751,"geometry":{"type":"Point","coordinates":[-89.2592857853972,48.3842587493836]},"properties":{"OBJECTID":1751,"LOC_ID":"FC0675","FDMID":667,"X_COORD":332728.72828,"Y_COORD":5361475.37905,"BEAT":"S 8","ROT_ANGLE":0,"NODE_ID":9678,"GLOBALID":"82cf705f-cd25-481b-a828-9ee5f3ed19e0","CREATEDDATE":1520794199000,"LASTUPDATE":1643920979000}},{"type":"Feature","id":1752,"geometry":{"type":"Point","coordinates":[-89.2564627864233,48.3825461770911]},"properties":{"OBJECTID":1752,"LOC_ID":"FC0202","FDMID":198,"X_COORD":332928.97327,"Y_COORD":5361263.55799,"BEAT":"S 10","ROT_ANGLE":0,"NODE_ID":3046,"GLOBALID":"f20f6d90-a37f-4e25-b847-bcaafa5c958e","CREATEDDATE":1520794199000,"LASTUPDATE":1643920979000}},{"type":"Feature","id":1753,"geometry":{"type":"Point","coordinates":[-89.3521498606156,48.3806976990959]},"properties":{"OBJECTID":1753,"LOC_ID":"NC0042","FDMID":1220,"X_COORD":325841.60866,"Y_COORD":5361286.59927,"BEAT":"S 13","ROT_ANGLE":0,"NODE_ID":135,"GLOBALID":"8d7a9dab-d598-496c-8f92-2e629222ee25","CREATEDDATE":1520794199000,"LASTUPDATE":1643920979000}},{"type":"Feature","id":1754,"geometry":{"type":"Point","coordinates":[-89.2742668544888,48.3816850957339]},"properties":{"OBJECTID":1754,"LOC_ID":"FC0513","FDMID":3528,"X_COORD":331611.14108,"Y_COORD":5361222.16535,"BEAT":"S 7","ROT_ANGLE":0,"NODE_ID":2872,"GLOBALID":"8bd24db5-3b1d-4503-a3d9-efcb2b798fb8","CREATEDDATE":1520794199000,"LASTUPDATE":1643920979000}},{"type":"Feature","id":1755,"geometry":{"type":"Point","coordinates":[-89.3407613920025,48.3797391641814]},"properties":{"OBJECTID":1755,"LOC_ID":"NC0027","FDMID":1205,"X_COORD":326681.52956,"Y_COORD":5361154.22193,"BEAT":"S 13","ROT_ANGLE":0,"NODE_ID":8119,"GLOBALID":"bbcf8c1e-ce5f-4151-aa4b-a52732e8285d","CREATEDDATE":1520794199000,"LASTUPDATE":1643920979000}},{"type":"Feature","id":1756,"geometry":{"type":"Point","coordinates":[-89.3175366006274,48.3697681002954]},"properties":{"OBJECTID":1756,"LOC_ID":"NP0051","FDMID":1720,"X_COORD":328367.54786,"Y_COORD":5359993.69969,"BEAT":"S 13","ROT_ANGLE":0,"NODE_ID":1939,"GLOBALID":"b2b5b91f-c979-4055-b170-b8bffdb9078b","CREATEDDATE":1520794199000,"LASTUPDATE":1643920979000}},{"type":"Feature","id":1757,"geometry":{"type":"Point","coordinates":[-89.3117456036768,48.3712301025761]},"properties":{"OBJECTID":1757,"LOC_ID":"NP0005","FDMID":3266,"X_COORD":328801.29173,"Y_COORD":5360143.23159,"BEAT":"S 13","ROT_ANGLE":0,"NODE_ID":9696,"GLOBALID":"67e7098c-5b4b-4224-af59-e7ac910cff93","CREATEDDATE":1520794199000,"LASTUPDATE":1643920979000}},{"type":"Feature","id":1758,"geometry":{"type":"Point","coordinates":[-89.2490071644867,48.3810211666328]},"properties":{"OBJECTID":1758,"LOC_ID":"FC0036","FDMID":16,"X_COORD":333479.11651,"Y_COORD":5361093.14135,"BEAT":"S 10","ROT_ANGLE":0,"NODE_ID":403,"GLOBALID":"49f8af4a-c106-4c4c-8220-24741a537d90","CREATEDDATE":1520794199000,"LASTUPDATE":1644008448000}},{"type":"Feature","id":1759,"geometry":{"type":"Point","coordinates":[-89.2579648886636,48.3791464690313]},"properties":{"OBJECTID":1759,"LOC_ID":"FC0650","FDMID":642,"X_COORD":332809.76355,"Y_COORD":5360904.29578,"BEAT":"S 8","ROT_ANGLE":0,"NODE_ID":8574,"GLOBALID":"aecdbd31-63b2-43a5-b432-d31260dbb346","CREATEDDATE":1520794199000,"LASTUPDATE":1643920979000}},{"type":"Feature","id":1760,"geometry":{"type":"Point","coordinates":[-89.2496416476631,48.3760780089127]},"properties":{"OBJECTID":1760,"LOC_ID":"FC0713","FDMID":704,"X_COORD":333416.00099,"Y_COORD":5360545.12113,"BEAT":"S 10","ROT_ANGLE":0,"NODE_ID":3103,"GLOBALID":"5637fc92-39a7-44b9-8d3b-d4099d6157ac","CREATEDDATE":1520794199000,"LASTUPDATE":1643920979000}},{"type":"Feature","id":1761,"geometry":{"type":"Point","coordinates":[-89.2736230028472,48.3704741671231]},"properties":{"OBJECTID":1761,"LOC_ID":"FC0167","FDMID":163,"X_COORD":331621.83599,"Y_COORD":5359974.73137,"BEAT":"S 6","ROT_ANGLE":0,"NODE_ID":5065,"GLOBALID":"ee535d92-b364-49f7-af5e-a657376c94f2","CREATEDDATE":1520794199000,"LASTUPDATE":1643920979000}},{"type":"Feature","id":1762,"geometry":{"type":"Point","coordinates":[-89.3531258053244,48.3667800113897]},"properties":{"OBJECTID":1762,"LOC_ID":"NP0043","FDMID":1712,"X_COORD":325721.85672,"Y_COORD":5359741.95774,"BEAT":"S 15","ROT_ANGLE":0,"NODE_ID":1838,"GLOBALID":"e2c90d0b-3016-4a4a-9d8f-a2ff7850e193","CREATEDDATE":1520794199000,"LASTUPDATE":1643920979000}},{"type":"Feature","id":1763,"geometry":{"type":"Point","coordinates":[-89.3776334818297,48.3641501367495]},"properties":{"OBJECTID":1763,"LOC_ID":"NC0293","FDMID":1469,"X_COORD":323897.82267,"Y_COORD":5359505.70481,"BEAT":"S 14","ROT_ANGLE":0,"NODE_ID":4201,"GLOBALID":"22653d6f-5930-4114-8637-ca36369df0ea","CREATEDDATE":1520794199000,"LASTUPDATE":1643920979000}},{"type":"Feature","id":1764,"geometry":{"type":"Point","coordinates":[-89.2856417953695,48.3660885115542]},"properties":{"OBJECTID":1764,"LOC_ID":"FC0010","FDMID":51,"X_COORD":330717.28534,"Y_COORD":5359513.78186,"BEAT":"S 6","ROT_ANGLE":0,"NODE_ID":8082,"GLOBALID":"3525225b-d841-424f-bd3d-a73758905f4d","CREATEDDATE":1520794199000,"LASTUPDATE":1643920979000}},{"type":"Feature","id":1765,"geometry":{"type":"Point","coordinates":[-89.2871092296233,48.3617376325616]},"properties":{"OBJECTID":1765,"LOC_ID":"FC0424","FDMID":418,"X_COORD":330594.18159,"Y_COORD":5359033.45546,"BEAT":"S 3","ROT_ANGLE":0,"NODE_ID":2786,"GLOBALID":"395d757d-c4f2-4c97-99a0-ab7169afbfb4","CREATEDDATE":1520794199000,"LASTUPDATE":1644004012000}},{"type":"Feature","id":1766,"geometry":{"type":"Point","coordinates":[-89.3210871909153,48.3554585649334]},"properties":{"OBJECTID":1766,"LOC_ID":"NC0140","FDMID":1318,"X_COORD":328056.46255,"Y_COORD":5358411.26487,"BEAT":"S 15","ROT_ANGLE":0,"NODE_ID":8038,"GLOBALID":"4423879f-a4c6-4471-b8b6-906aa2e84d9c","CREATEDDATE":1520794199000,"LASTUPDATE":1643920979000}},{"type":"Feature","id":1767,"geometry":{"type":"Point","coordinates":[-89.305921618856,48.3530871598775]},"properties":{"OBJECTID":1767,"LOC_ID":"FC0591","FDMID":583,"X_COORD":329171.91292,"Y_COORD":5358113.77905,"BEAT":"S 3","ROT_ANGLE":0,"NODE_ID":10194,"GLOBALID":"10b4479f-7210-4d06-a787-4ad6d540d2e6","CREATEDDATE":1520794199000,"LASTUPDATE":1644004345000}},{"type":"Feature","id":1768,"geometry":{"type":"Point","coordinates":[-89.359106124045,48.3429241353633]},"properties":{"OBJECTID":1768,"LOC_ID":"NP0026","FDMID":1698,"X_COORD":325197.36059,"Y_COORD":5357104.17418,"BEAT":"S 15","ROT_ANGLE":0,"NODE_ID":6910,"GLOBALID":"f2a6550f-16c1-4c38-ac53-2d7862009217","CREATEDDATE":1520794199000,"LASTUPDATE":1643920980000}},{"type":"Feature","id":1769,"geometry":{"type":"Point","coordinates":[-89.3600662751292,48.3434515251925]},"properties":{"OBJECTID":1769,"LOC_ID":"NP0028","FDMID":1696,"X_COORD":325128.0253,"Y_COORD":5357164.97981,"BEAT":"S 15","ROT_ANGLE":0,"NODE_ID":3,"GLOBALID":"163ca95b-a2e5-4b6d-8841-05adb88c4db9","CREATEDDATE":1520794199000,"LASTUPDATE":1643920980000}},{"type":"Feature","id":1770,"geometry":{"type":"Point","coordinates":[-89.3290377043217,48.3352956648478]},"properties":{"OBJECTID":1770,"LOC_ID":"NC0217","FDMID":1394,"X_COORD":327399.45493,"Y_COORD":5356188.18288,"BEAT":"S 17","ROT_ANGLE":0,"NODE_ID":7613,"GLOBALID":"54a595cc-820e-42c6-aee5-57c7d5a3d79c","CREATEDDATE":1520794199000,"LASTUPDATE":1643920980000}},{"type":"Feature","id":1771,"geometry":{"type":"Point","coordinates":[-89.3363296904301,48.3318066586892]},"properties":{"OBJECTID":1771,"LOC_ID":"NC0212","FDMID":1389,"X_COORD":326847.26959,"Y_COORD":5355816.85616,"BEAT":"S 17","ROT_ANGLE":0,"NODE_ID":4402,"GLOBALID":"653e70af-e2a0-4f9c-ac24-af49843df152","CREATEDDATE":1520794199000,"LASTUPDATE":1643920980000}},{"type":"Feature","id":1772,"geometry":{"type":"Point","coordinates":[-89.3304127442134,48.3232204049692]},"properties":{"OBJECTID":1772,"LOC_ID":"NC0439","FDMID":1612,"X_COORD":327256.759,"Y_COORD":5354849.21763,"BEAT":"S 17","ROT_ANGLE":0,"NODE_ID":2062,"GLOBALID":"2cf5ab07-a142-45f5-8e11-94045f743656","CREATEDDATE":1520794199000,"LASTUPDATE":1643920980000}},{"type":"Feature","id":1773,"geometry":{"type":"Point","coordinates":[-89.3633009565111,48.320292838557]},"properties":{"OBJECTID":1773,"LOC_ID":"NC0527","FDMID":3453,"X_COORD":324809.01551,"Y_COORD":5354598.46922,"BEAT":"S 16","ROT_ANGLE":0,"NODE_ID":555,"GLOBALID":"29559d06-4653-43d9-9180-5b88ea8b8874","CREATEDDATE":1520794199000,"LASTUPDATE":1643920980000}},{"type":"Feature","id":1774,"geometry":{"type":"Point","coordinates":[-89.3484129099097,48.310314083608]},"properties":{"OBJECTID":1774,"LOC_ID":"NC0462","FDMID":1635,"X_COORD":325878.63036,"Y_COORD":5353455.50448,"BEAT":"S 17","ROT_ANGLE":0,"NODE_ID":1946,"GLOBALID":"eedbed57-02ab-4f1d-8572-31b065ea02fb","CREATEDDATE":1520794199000,"LASTUPDATE":1643920980000}},{"type":"Feature","id":1775,"geometry":{"type":"Point","coordinates":[-89.173695921351,48.4742459217356]},"properties":{"OBJECTID":1775,"LOC_ID":"PC0059","FDMID":1783,"X_COORD":339349.26512,"Y_COORD":5371293.62623,"BEAT":"N 11","ROT_ANGLE":0,"NODE_ID":5500,"GLOBALID":"435d6bf3-04e6-41d0-a9ab-ea9e3dd3d5f0","CREATEDDATE":1520794199000,"LASTUPDATE":1643920980000}},{"type":"Feature","id":1776,"geometry":{"type":"Point","coordinates":[-89.18478475606,48.465329600781]},"properties":{"OBJECTID":1776,"LOC_ID":"PC0044","FDMID":1768,"X_COORD":338501.47043,"Y_COORD":5370325.95237,"BEAT":"N 11","ROT_ANGLE":0,"NODE_ID":5866,"GLOBALID":"916299db-163c-403d-9f13-b4618797e145","CREATEDDATE":1520794199000,"LASTUPDATE":1644265883000}},{"type":"Feature","id":1777,"geometry":{"type":"Point","coordinates":[-89.2569574188841,48.4626117176051]},"properties":{"OBJECTID":1777,"LOC_ID":"MC0198","FDMID":3195,"X_COORD":333157.84137,"Y_COORD":5370178.75493,"BEAT":"N 12","ROT_ANGLE":0,"NODE_ID":5958,"GLOBALID":"cd5750f7-3f5e-4eb4-ab5b-a6c55b95ed7d","CREATEDDATE":1520794199000,"LASTUPDATE":1643920980000}},{"type":"Feature","id":1778,"geometry":{"type":"Point","coordinates":[-89.2472025564623,48.4631111130463]},"properties":{"OBJECTID":1778,"LOC_ID":"MC0190","FDMID":3187,"X_COORD":333880.54166,"Y_COORD":5370213.03103,"BEAT":"N 12","ROT_ANGLE":0,"NODE_ID":8378,"GLOBALID":"a4747857-40f4-42e8-a629-808d5aef6373","CREATEDDATE":1520794199000,"LASTUPDATE":1643920980000}},{"type":"Feature","id":1779,"geometry":{"type":"Point","coordinates":[-89.2566607166954,48.4609650985089]},"properties":{"OBJECTID":1779,"LOC_ID":"MC0296","FDMID":3450,"X_COORD":333174.37462,"Y_COORD":5369995.09618,"BEAT":"N 12","ROT_ANGLE":0,"NODE_ID":8766,"GLOBALID":"44af5887-70b1-48b2-ba2c-6137813a6036","CREATEDDATE":1520794199000,"LASTUPDATE":1643920980000}},{"type":"Feature","id":1780,"geometry":{"type":"Point","coordinates":[-89.2579957269996,48.4583012917033]},"properties":{"OBJECTID":1780,"LOC_ID":"MC0124","FDMID":3121,"X_COORD":333066.94959,"Y_COORD":5369701.9411,"BEAT":"N 12","ROT_ANGLE":0,"NODE_ID":828,"GLOBALID":"c7d67727-5820-495a-afd4-3d42a2c3118f","CREATEDDATE":1520794199000,"LASTUPDATE":1643920980000}},{"type":"Feature","id":1781,"geometry":{"type":"Point","coordinates":[-89.210424220812,48.4582905181352]},"properties":{"OBJECTID":1781,"LOC_ID":"PC0286","FDMID":2009,"X_COORD":336583.68432,"Y_COORD":5369598.04197,"BEAT":"N 9","ROT_ANGLE":0,"NODE_ID":9788,"GLOBALID":"c0166cfb-8b23-4cc2-bd61-ae2ef9607719","CREATEDDATE":1520794199000,"LASTUPDATE":1644267251000}},{"type":"Feature","id":1782,"geometry":{"type":"Point","coordinates":[-89.2764419371725,48.4519465925123]},"properties":{"OBJECTID":1782,"LOC_ID":"MC0260","FDMID":3414,"X_COORD":331682.30089,"Y_COORD":5369036.06309,"BEAT":"N 15","ROT_ANGLE":0,"NODE_ID":1747,"GLOBALID":"750f8904-6c45-4fa9-b773-650c40b62d86","CREATEDDATE":1520794199000,"LASTUPDATE":1643920980000}},{"type":"Feature","id":1783,"geometry":{"type":"Point","coordinates":[-89.2277251155737,48.4522151115216]},"properties":{"OBJECTID":1783,"LOC_ID":"PC0219","FDMID":1942,"X_COORD":335285.03472,"Y_COORD":5368959.89387,"BEAT":"N 8","ROT_ANGLE":0,"NODE_ID":8562,"GLOBALID":"e582d87d-57bb-4f0f-b51c-6d51ae538c93","CREATEDDATE":1520794199000,"LASTUPDATE":1644349632000}},{"type":"Feature","id":1784,"geometry":{"type":"Point","coordinates":[-89.2635637750979,48.4504485070634]},"properties":{"OBJECTID":1784,"LOC_ID":"MC0047","FDMID":3044,"X_COORD":332629.51062,"Y_COORD":5368841.30955,"BEAT":"N 13","ROT_ANGLE":0,"NODE_ID":9633,"GLOBALID":"85b45da3-98a0-4815-9631-5a049f4a435e","CREATEDDATE":1520794199000,"LASTUPDATE":1643920980000}},{"type":"Feature","id":1785,"geometry":{"type":"Point","coordinates":[-89.1982035019493,48.4500410213285]},"properties":{"OBJECTID":1785,"LOC_ID":"PC0164","FDMID":1887,"X_COORD":337460.77872,"Y_COORD":5368655.12306,"BEAT":"N 10","ROT_ANGLE":0,"NODE_ID":1597,"GLOBALID":"42c4d440-2b3f-4c0f-bbf8-df9163ad256b","CREATEDDATE":1520794199000,"LASTUPDATE":1644367199000}},{"type":"Feature","id":1786,"geometry":{"type":"Point","coordinates":[-89.246179499312,48.4480259759989]},"properties":{"OBJECTID":1786,"LOC_ID":"PC0769","FDMID":2486,"X_COORD":333906.94396,"Y_COORD":5368534.19019,"BEAT":"N 8","ROT_ANGLE":0,"NODE_ID":4800,"GLOBALID":"f3da1a7b-13f3-4e13-a20c-1f8550c48028","CREATEDDATE":1520794199000,"LASTUPDATE":1644366708000}},{"type":"Feature","id":1787,"geometry":{"type":"Point","coordinates":[-89.2312376940715,48.4480172586366]},"properties":{"OBJECTID":1787,"LOC_ID":"PC0379","FDMID":2102,"X_COORD":335011.72937,"Y_COORD":5368500.89355,"BEAT":"N 8","ROT_ANGLE":0,"NODE_ID":8064,"GLOBALID":"c8b5fe51-227a-4680-bb31-21736e15ade8","CREATEDDATE":1520794199000,"LASTUPDATE":1643920980000}},{"type":"Feature","id":1788,"geometry":{"type":"Point","coordinates":[-89.2568045613096,48.444633997993]},"properties":{"OBJECTID":1788,"LOC_ID":"PC0914","FDMID":2630,"X_COORD":333110.20079,"Y_COORD":5368180.30347,"BEAT":"N 4","ROT_ANGLE":0,"NODE_ID":3359,"GLOBALID":"2b698714-9407-4c83-b729-184c6e7cad9c","CREATEDDATE":1520794199000,"LASTUPDATE":1643920980000}},{"type":"Feature","id":1789,"geometry":{"type":"Point","coordinates":[-89.2591392681867,48.4406600902718]},"properties":{"OBJECTID":1789,"LOC_ID":"PC1009","FDMID":2723,"X_COORD":332924.52246,"Y_COORD":5367743.72491,"BEAT":"N 4","ROT_ANGLE":0,"NODE_ID":3995,"GLOBALID":"cf419d95-0386-49d0-a0bc-137c0625a592","CREATEDDATE":1520794199000,"LASTUPDATE":1643920980000}},{"type":"Feature","id":1790,"geometry":{"type":"Point","coordinates":[-89.2565072205546,48.4399189153384]},"properties":{"OBJECTID":1790,"LOC_ID":"PC0736","FDMID":2453,"X_COORD":333116.73878,"Y_COORD":5367655.60357,"BEAT":"N 4","ROT_ANGLE":0,"NODE_ID":6472,"GLOBALID":"8c88cbd8-b4a6-405e-b638-feee5e15bc83","CREATEDDATE":1520794199000,"LASTUPDATE":1643920980000}},{"type":"Feature","id":1791,"geometry":{"type":"Point","coordinates":[-89.2323648715229,48.4369333880953]},"properties":{"OBJECTID":1791,"LOC_ID":"PC0482","FDMID":2204,"X_COORD":334892.46435,"Y_COORD":5367271.40107,"BEAT":"N 6","ROT_ANGLE":0,"NODE_ID":224,"GLOBALID":"a36e2ed9-7878-4439-8bc0-6e3e84ceafa5","CREATEDDATE":1520794199000,"LASTUPDATE":1643920980000}},{"type":"Feature","id":1792,"geometry":{"type":"Point","coordinates":[-89.2247168991385,48.4364829999764]},"properties":{"OBJECTID":1792,"LOC_ID":"PC0461","FDMID":2183,"X_COORD":335456.63587,"Y_COORD":5367204.86769,"BEAT":"N 6","ROT_ANGLE":0,"NODE_ID":9208,"GLOBALID":"01be4fdb-7733-449a-903d-b01d7a254cb0","CREATEDDATE":1520794199000,"LASTUPDATE":1643920980000}},{"type":"Feature","id":1793,"geometry":{"type":"Point","coordinates":[-89.2317321758972,48.4355252825554]},"properties":{"OBJECTID":1793,"LOC_ID":"PC1169","FDMID":3664,"X_COORD":334934.69744,"Y_COORD":5367113.52792,"BEAT":"N 6","ROT_ANGLE":0,"NODE_ID":5036,"GLOBALID":"fca8aa35-683c-4ea8-9e73-ae93166faf5d","CREATEDDATE":1520794199000,"LASTUPDATE":1643920980000}},{"type":"Feature","id":1794,"geometry":{"type":"Point","coordinates":[-89.2241783619075,48.4355528444973]},"properties":{"OBJECTID":1794,"LOC_ID":"PC0419","FDMID":2141,"X_COORD":335493.46224,"Y_COORD":5367100.32651,"BEAT":"N7","ROT_ANGLE":0,"NODE_ID":5604,"GLOBALID":"638d76a4-7c86-4b88-8775-87a88fb36446","CREATEDDATE":1520794199000,"LASTUPDATE":1643920980000}},{"type":"Feature","id":1795,"geometry":{"type":"Point","coordinates":[-89.2668481620735,48.4347044588472]},"properties":{"OBJECTID":1795,"LOC_ID":"PC1155","FDMID":2869,"X_COORD":332334.83747,"Y_COORD":5367098.64331,"BEAT":"N 4","ROT_ANGLE":0,"NODE_ID":9013,"GLOBALID":"5419eede-2b2b-448c-bdd1-4fdc31204c7c","CREATEDDATE":1520794199000,"LASTUPDATE":1643920980000}},{"type":"Feature","id":1796,"geometry":{"type":"Point","coordinates":[-89.2697969401039,48.4331242492768]},"properties":{"OBJECTID":1796,"LOC_ID":"PC1137","FDMID":2851,"X_COORD":332111.54198,"Y_COORD":5366929.47211,"BEAT":"N 4","ROT_ANGLE":0,"NODE_ID":8894,"GLOBALID":"9861278b-6b7e-402e-8b8a-88a98c487599","CREATEDDATE":1520794199000,"LASTUPDATE":1643920980000}},{"type":"Feature","id":1797,"geometry":{"type":"Point","coordinates":[-89.2344236153193,48.4242410657243]},"properties":{"OBJECTID":1797,"LOC_ID":"PC0894","FDMID":3676,"X_COORD":334699.03536,"Y_COORD":5365865.15032,"BEAT":"N 3","ROT_ANGLE":0,"NODE_ID":1579,"GLOBALID":"3b62d0dc-e73d-46f8-aca3-5fdd27afb0d5","CREATEDDATE":1520794199000,"LASTUPDATE":1643920980000}},{"type":"Feature","id":1798,"geometry":{"type":"Point","coordinates":[-89.2606750380356,48.4224124390681]},"properties":{"OBJECTID":1798,"LOC_ID":"PP0040","FDMID":2907,"X_COORD":332751.06275,"Y_COORD":5365718.93822,"BEAT":"N 1","ROT_ANGLE":0,"NODE_ID":9603,"GLOBALID":"b76d2e0f-45b0-46b4-8d11-c6baf39c3c83","CREATEDDATE":1520794199000,"LASTUPDATE":1643920980000}},{"type":"Feature","id":1799,"geometry":{"type":"Point","coordinates":[-89.2460116938172,48.4200774269037]},"properties":{"OBJECTID":1799,"LOC_ID":"PP0080","FDMID":2947,"X_COORD":333828.22089,"Y_COORD":5365427.47864,"BEAT":"N 3","ROT_ANGLE":0,"NODE_ID":6875,"GLOBALID":"aa3db1db-eb84-4150-a4b9-b439264bca44","CREATEDDATE":1520794199000,"LASTUPDATE":1643920980000}},{"type":"Feature","id":1800,"geometry":{"type":"Point","coordinates":[-89.2523302627532,48.4191586664014]},"properties":{"OBJECTID":1800,"LOC_ID":"PP0135","FDMID":2997,"X_COORD":333357.75587,"Y_COORD":5365339.10257,"BEAT":"N 3","ROT_ANGLE":0,"NODE_ID":6210,"GLOBALID":"d665a272-2731-4657-a9c1-62ea7e53ac8b","CREATEDDATE":1520794199000,"LASTUPDATE":1643920980000}},{"type":"Feature","id":1801,"geometry":{"type":"Point","coordinates":[-89.2356047637471,48.4175188476501]},"properties":{"OBJECTID":1801,"LOC_ID":"PC0831","FDMID":2547,"X_COORD":334589.83804,"Y_COORD":5365120.56792,"BEAT":"N 2","ROT_ANGLE":0,"NODE_ID":6212,"GLOBALID":"0aab21cd-00c5-4d9b-83e4-8fab3b60085a","CREATEDDATE":1520794199000,"LASTUPDATE":1643920980000}},{"type":"Feature","id":1802,"geometry":{"type":"Point","coordinates":[-89.2803956230807,48.419334659899]},"properties":{"OBJECTID":1802,"LOC_ID":"PC1100","FDMID":2814,"X_COORD":331281.98678,"Y_COORD":5365420.13476,"BEAT":"N 1","ROT_ANGLE":0,"NODE_ID":7704,"GLOBALID":"185cf339-1ee7-48a3-a12b-47b2a2f7ac53","CREATEDDATE":1520794199000,"LASTUPDATE":1643920981000}},{"type":"Feature","id":1803,"geometry":{"type":"Point","coordinates":[-89.2234671523419,48.4150329245871]},"properties":{"OBJECTID":1803,"LOC_ID":"PP0170","FDMID":2404,"X_COORD":335479.8136,"Y_COORD":5364818.12337,"BEAT":"N 14","ROT_ANGLE":0,"NODE_ID":7595,"GLOBALID":"64cd591e-c0ba-4f8a-95b8-9bfa472bc5e2","CREATEDDATE":1520794199000,"LASTUPDATE":1643920981000}},{"type":"Feature","id":1804,"geometry":{"type":"Point","coordinates":[-89.2286532121104,48.4080370107296]},"properties":{"OBJECTID":1804,"LOC_ID":"PP0181","FDMID":3350,"X_COORD":335073.46966,"Y_COORD":5364051.72388,"BEAT":"N 14","ROT_ANGLE":0,"NODE_ID":4232,"GLOBALID":"d912c763-fffc-4035-8a43-69dda81d314c","CREATEDDATE":1520794199000,"LASTUPDATE":1643920981000}},{"type":"Feature","id":1805,"geometry":{"type":"Point","coordinates":[-89.2794239927732,48.4073750848405]},"properties":{"OBJECTID":1805,"LOC_ID":"PC0690","FDMID":3514,"X_COORD":331314.29654,"Y_COORD":5364088.7722,"BEAT":"N 1","ROT_ANGLE":0,"NODE_ID":5240,"GLOBALID":"b107e802-b5d1-4719-a57a-f37af64d2d52","CREATEDDATE":1520794199000,"LASTUPDATE":1643920981000}},{"type":"Feature","id":1806,"geometry":{"type":"Point","coordinates":[-89.2893789096639,48.401349527277]},"properties":{"OBJECTID":1806,"LOC_ID":"FC1086","FDMID":1077,"X_COORD":330557.60278,"Y_COORD":5363441.05099,"BEAT":"S 1","ROT_ANGLE":0,"NODE_ID":9665,"GLOBALID":"caa55e98-18d6-4888-a422-edf518a0c162","CREATEDDATE":1520794199000,"LASTUPDATE":1643920981000}},{"type":"Feature","id":1807,"geometry":{"type":"Point","coordinates":[-89.2949204257192,48.3966725559422]},"properties":{"OBJECTID":1807,"LOC_ID":"FC1103","FDMID":1092,"X_COORD":330131.91394,"Y_COORD":5362933.52612,"BEAT":"S 1","ROT_ANGLE":0,"NODE_ID":5801,"GLOBALID":"4d7f4db6-c6fb-4462-8ba5-c0bcb8289670","CREATEDDATE":1520794199000,"LASTUPDATE":1643920981000}},{"type":"Feature","id":1808,"geometry":{"type":"Point","coordinates":[-89.2551872287228,48.3965090413327]},"properties":{"OBJECTID":1808,"LOC_ID":"FC0609","FDMID":601,"X_COORD":333072.26467,"Y_COORD":5362827.9891,"BEAT":"S 9","ROT_ANGLE":0,"NODE_ID":5243,"GLOBALID":"8cbe8a44-34c2-42c7-828d-a50121c628d6","CREATEDDATE":1520794199000,"LASTUPDATE":1643920981000}},{"type":"Feature","id":1809,"geometry":{"type":"Point","coordinates":[-89.2970164654389,48.3948354177349]},"properties":{"OBJECTID":1809,"LOC_ID":"FC1101","FDMID":1090,"X_COORD":329970.65929,"Y_COORD":5362733.99793,"BEAT":"S 1","ROT_ANGLE":0,"NODE_ID":5688,"GLOBALID":"cf5dfc9a-0630-4dd7-9a50-700e35c702f2","CREATEDDATE":1520794199000,"LASTUPDATE":1643920981000}},{"type":"Feature","id":1810,"geometry":{"type":"Point","coordinates":[-89.2410841748486,48.3922872135632]},"properties":{"OBJECTID":1810,"LOC_ID":"FC0365","FDMID":360,"X_COORD":334101.48195,"Y_COORD":5362328.2515,"BEAT":"S 11","ROT_ANGLE":60,"NODE_ID":7824,"GLOBALID":"52831da3-8699-48ea-91ca-691614d8b353","CREATEDDATE":1520794199000,"LASTUPDATE":1672949078000}},{"type":"Feature","id":1811,"geometry":{"type":"Point","coordinates":[-89.3141591704673,48.3887969372481]},"properties":{"OBJECTID":1811,"LOC_ID":"NC0590","FDMID":3672,"X_COORD":328681.93429,"Y_COORD":5362109.23377,"BEAT":"S 13","ROT_ANGLE":0,"NODE_ID":9045,"GLOBALID":"01c06a6a-05ca-4089-90ab-817780cdd8d7","CREATEDDATE":1520794199000,"LASTUPDATE":1643920981000}},{"type":"Feature","id":1812,"geometry":{"type":"Point","coordinates":[-89.2898090566808,48.3840381093017]},"properties":{"OBJECTID":1812,"LOC_ID":"FC0949","FDMID":940,"X_COORD":330470.49852,"Y_COORD":5361516.73867,"BEAT":"S 2","ROT_ANGLE":0,"NODE_ID":731,"GLOBALID":"098cbab6-8467-417c-bf37-727fcd42020e","CREATEDDATE":1520794199000,"LASTUPDATE":1677707137000}},{"type":"Feature","id":1813,"geometry":{"type":"Point","coordinates":[-89.2927674119922,48.3833741293212]},"properties":{"OBJECTID":1813,"LOC_ID":"FC0942","FDMID":933,"X_COORD":330247.05148,"Y_COORD":5361450.72292,"BEAT":"S 2","ROT_ANGLE":0,"NODE_ID":3692,"GLOBALID":"bc90cb1f-cafc-4218-81b3-225dcc6fa98f","CREATEDDATE":1520794199000,"LASTUPDATE":1643920981000}},{"type":"Feature","id":1814,"geometry":{"type":"Point","coordinates":[-89.2512931699479,48.3826115078291]},"properties":{"OBJECTID":1814,"LOC_ID":"FC0749","FDMID":740,"X_COORD":333313.12483,"Y_COORD":5361276.36465,"BEAT":"S 10","ROT_ANGLE":0,"NODE_ID":8143,"GLOBALID":"64f9c885-5473-4068-bbe3-878993223f5a","CREATEDDATE":1520794199000,"LASTUPDATE":1643920981000}},{"type":"Feature","id":1815,"geometry":{"type":"Point","coordinates":[-89.2591977018981,48.3791541193009]},"properties":{"OBJECTID":1815,"LOC_ID":"FC0649","FDMID":641,"X_COORD":332718.51081,"Y_COORD":5360907.83806,"BEAT":"S 8","ROT_ANGLE":0,"NODE_ID":9905,"GLOBALID":"1417097f-c871-4208-a9b2-7311c45c5c5a","CREATEDDATE":1520794199000,"LASTUPDATE":1643920981000}},{"type":"Feature","id":1816,"geometry":{"type":"Point","coordinates":[-89.2490496613445,48.3791555252593]},"properties":{"OBJECTID":1816,"LOC_ID":"FC0658","FDMID":650,"X_COORD":333469.88028,"Y_COORD":5360885.87991,"BEAT":"S 10","ROT_ANGLE":0,"NODE_ID":9796,"GLOBALID":"55090783-1bb1-488c-adce-6bb0c3a2be35","CREATEDDATE":1520794199000,"LASTUPDATE":1644008429000}},{"type":"Feature","id":1817,"geometry":{"type":"Point","coordinates":[-89.2883505761393,48.3741322516738]},"properties":{"OBJECTID":1817,"LOC_ID":"FC0367","FDMID":362,"X_COORD":330547.05942,"Y_COORD":5360411.82449,"BEAT":"S 5","ROT_ANGLE":0,"NODE_ID":9906,"GLOBALID":"7ad17479-6984-4ce2-9fa9-2186250151f4","CREATEDDATE":1520794199000,"LASTUPDATE":1643920981000}},{"type":"Feature","id":1818,"geometry":{"type":"Point","coordinates":[-89.2935325141859,48.3682702769955]},"properties":{"OBJECTID":1818,"LOC_ID":"FC0086","FDMID":79,"X_COORD":330140.16431,"Y_COORD":5359773.73297,"BEAT":"S 2","ROT_ANGLE":0,"NODE_ID":161,"GLOBALID":"09e10d34-740c-4692-8878-50f0e43bee8e","CREATEDDATE":1520794199000,"LASTUPDATE":1643920981000}},{"type":"Feature","id":1819,"geometry":{"type":"Point","coordinates":[-89.2800007301948,48.36609872151]},"properties":{"OBJECTID":1819,"LOC_ID":"FC0014","FDMID":54,"X_COORD":331135.08732,"Y_COORD":5359502.4705,"BEAT":"S 6","ROT_ANGLE":0,"NODE_ID":6420,"GLOBALID":"3c79522c-3f77-480b-b6d6-8492039de451","CREATEDDATE":1520794199000,"LASTUPDATE":1643920981000}},{"type":"Feature","id":1820,"geometry":{"type":"Point","coordinates":[-89.2786563675007,48.3649920477263]},"properties":{"OBJECTID":1820,"LOC_ID":"FC0289","FDMID":284,"X_COORD":331230.99158,"Y_COORD":5359376.5098,"BEAT":"S 6","ROT_ANGLE":0,"NODE_ID":8579,"GLOBALID":"1e348017-efec-44aa-82cb-38cae7b13688","CREATEDDATE":1520794199000,"LASTUPDATE":1643920981000}},{"type":"Feature","id":1821,"geometry":{"type":"Point","coordinates":[-89.2730942614788,48.3650071653346]},"properties":{"OBJECTID":1821,"LOC_ID":"FC0287","FDMID":282,"X_COORD":331642.96674,"Y_COORD":5359365.95185,"BEAT":"S 6","ROT_ANGLE":0,"NODE_ID":9831,"GLOBALID":"42ce9996-070e-410a-92c9-44c9fcbd97f6","CREATEDDATE":1520794199000,"LASTUPDATE":1643920981000}},{"type":"Feature","id":1822,"geometry":{"type":"Point","coordinates":[-89.3314862082695,48.3504714082351]},"properties":{"OBJECTID":1822,"LOC_ID":"NC0152","FDMID":1330,"X_COORD":327269.30581,"Y_COORD":5357880.36644,"BEAT":"S 15","ROT_ANGLE":0,"NODE_ID":1703,"GLOBALID":"f52ad850-3f30-4627-8e39-4501232e2183","CREATEDDATE":1520794199000,"LASTUPDATE":1643920981000}},{"type":"Feature","id":1823,"geometry":{"type":"Point","coordinates":[-89.316317716285,48.3260988992063]},"properties":{"OBJECTID":1823,"LOC_ID":"NC0355","FDMID":1530,"X_COORD":328311.16873,"Y_COORD":5355137.47901,"BEAT":"S 17","ROT_ANGLE":0,"NODE_ID":3900,"GLOBALID":"028506ce-4d4b-4d84-91d0-7001e71d3fe5","CREATEDDATE":1520794199000,"LASTUPDATE":1643920981000}},{"type":"Feature","id":1824,"geometry":{"type":"Point","coordinates":[-89.3045477611571,48.3446742427596]},"properties":{"OBJECTID":1824,"LOC_ID":"NC0382","FDMID":1557,"X_COORD":329245.58562,"Y_COORD":5357175.68164,"BEAT":"S 17","ROT_ANGLE":0,"NODE_ID":4147,"GLOBALID":"4986fabd-cdf8-4c2e-a857-48fca3204e92","CREATEDDATE":1520794199000,"LASTUPDATE":1643920981000}},{"type":"Feature","id":1825,"geometry":{"type":"Point","coordinates":[-89.3015324364567,48.3467516356314]},"properties":{"OBJECTID":1825,"LOC_ID":"NC0384","FDMID":1559,"X_COORD":329475.92034,"Y_COORD":5357399.85597,"BEAT":"S 17","ROT_ANGLE":0,"NODE_ID":660,"GLOBALID":"76312a90-aa38-4559-91a2-81507c40036e","CREATEDDATE":1520794199000,"LASTUPDATE":1643920981000}},{"type":"Feature","id":1826,"geometry":{"type":"Point","coordinates":[-89.3496118630862,48.3481005798903]},"properties":{"OBJECTID":1826,"LOC_ID":"NC0303","FDMID":1479,"X_COORD":325918.44911,"Y_COORD":5357657.88477,"BEAT":"S 16","ROT_ANGLE":0,"NODE_ID":569,"GLOBALID":"12f92b3f-3efc-4286-a12c-f610cd96fdde","CREATEDDATE":1520794199000,"LASTUPDATE":1643920981000}},{"type":"Feature","id":1827,"geometry":{"type":"Point","coordinates":[-89.3372872268161,48.3505095185554]},"properties":{"OBJECTID":1827,"LOC_ID":"NC0310","FDMID":1486,"X_COORD":326839.6861,"Y_COORD":5357897.69482,"BEAT":"S 16","ROT_ANGLE":0,"NODE_ID":1614,"GLOBALID":"63f781cc-b303-4eff-be6c-cd80d3e75de7","CREATEDDATE":1520794199000,"LASTUPDATE":1643920981000}},{"type":"Feature","id":1828,"geometry":{"type":"Point","coordinates":[-89.3636265261781,48.3253243765342]},"properties":{"OBJECTID":1828,"LOC_ID":"NC0396","FDMID":1571,"X_COORD":324802.12245,"Y_COORD":5355158.42544,"BEAT":"S 16","ROT_ANGLE":0,"NODE_ID":2772,"GLOBALID":"ade0697e-1be2-4363-af93-3ffdc03a25da","CREATEDDATE":1520794199000,"LASTUPDATE":1643920981000}},{"type":"Feature","id":1829,"geometry":{"type":"Point","coordinates":[-89.3350530927926,48.3324857559539]},"properties":{"OBJECTID":1829,"LOC_ID":"NC0213","FDMID":1390,"X_COORD":326944.17608,"Y_COORD":5355889.44932,"BEAT":"S 17","ROT_ANGLE":0,"NODE_ID":9722,"GLOBALID":"dac8504f-8df8-4f4f-9156-f879af2ca330","CREATEDDATE":1520794199000,"LASTUPDATE":1643920981000}},{"type":"Feature","id":1830,"geometry":{"type":"Point","coordinates":[-89.3310160821933,48.3198196002833]},"properties":{"OBJECTID":1830,"LOC_ID":"NC0345","FDMID":1520,"X_COORD":327200.54703,"Y_COORD":5354472.60631,"BEAT":"S 17","ROT_ANGLE":0,"NODE_ID":4491,"GLOBALID":"9fe80a0e-2cd0-4d74-a6b2-12301ebaffbc","CREATEDDATE":1520794199000,"LASTUPDATE":1643920981000}},{"type":"Feature","id":1831,"geometry":{"type":"Point","coordinates":[-89.3775810603669,48.3107387951776]},"properties":{"OBJECTID":1831,"LOC_ID":"NP0071","FDMID":3611,"X_COORD":323717.57282,"Y_COORD":5353569.34973,"BEAT":"S 16","ROT_ANGLE":0,"NODE_ID":2859,"GLOBALID":"d059c942-9064-47b3-b343-b8ff0ca48380","CREATEDDATE":1520794199000,"LASTUPDATE":1643920981000}},{"type":"Feature","id":1832,"geometry":{"type":"Point","coordinates":[-89.3417965666131,48.3116361054155]},"properties":{"OBJECTID":1832,"LOC_ID":"NC0372","FDMID":1547,"X_COORD":326373.65244,"Y_COORD":5353587.43383,"BEAT":"S 17","ROT_ANGLE":0,"NODE_ID":8966,"GLOBALID":"375942c5-4e53-47b9-96c1-05198ab38d0c","CREATEDDATE":1520794199000,"LASTUPDATE":1643920981000}},{"type":"Feature","id":1833,"geometry":{"type":"Point","coordinates":[-89.3490246294339,48.3125157919762]},"properties":{"OBJECTID":1833,"LOC_ID":"NC0460","FDMID":1633,"X_COORD":325840.77359,"Y_COORD":5353701.59421,"BEAT":"S 17","ROT_ANGLE":0,"NODE_ID":8283,"GLOBALID":"9eee9d3e-24d9-4f14-844d-66fa4ad45e48","CREATEDDATE":1520794199000,"LASTUPDATE":1643920981000}},{"type":"Feature","id":1834,"geometry":{"type":"Point","coordinates":[-89.3595791437997,48.3156764693082]},"properties":{"OBJECTID":1834,"LOC_ID":"NP0049","FDMID":1718,"X_COORD":325069.1069,"Y_COORD":5354076.90199,"BEAT":"S 17","ROT_ANGLE":0,"NODE_ID":7430,"GLOBALID":"fd309cff-0fa2-47dc-8ac5-4796cd1d8c51","CREATEDDATE":1520794199000,"LASTUPDATE":1643920981000}},{"type":"Feature","id":1835,"geometry":{"type":"Point","coordinates":[-89.1920567405053,48.4680445229687]},"properties":{"OBJECTID":1835,"LOC_ID":"PC0912","FDMID":2628,"X_COORD":337972.59056,"Y_COORD":5370643.08978,"BEAT":"N 11","ROT_ANGLE":0,"NODE_ID":2081,"GLOBALID":"9bda077b-e78d-46ca-9ec3-223921ddf8bf","CREATEDDATE":1520794199000,"LASTUPDATE":1644265265000}},{"type":"Feature","id":1836,"geometry":{"type":"Point","coordinates":[-89.2190901075494,48.4631224475611]},"properties":{"OBJECTID":1836,"LOC_ID":"PP0063","FDMID":2930,"X_COORD":335946.39817,"Y_COORD":5370152.16011,"BEAT":"N 9","ROT_ANGLE":0,"NODE_ID":10153,"GLOBALID":"d5ef0b95-b18b-45e3-a2d6-b0b7b6317654","CREATEDDATE":1520794199000,"LASTUPDATE":1643920982000}},{"type":"Feature","id":1837,"geometry":{"type":"Point","coordinates":[-89.2094275972658,48.4620798153557]},"properties":{"OBJECTID":1837,"LOC_ID":"PC0289","FDMID":2012,"X_COORD":336669.52214,"Y_COORD":5370017.07915,"BEAT":"N 9","ROT_ANGLE":0,"NODE_ID":5789,"GLOBALID":"340c4d8f-425a-41d0-9d5a-328f633d02aa","CREATEDDATE":1520794199000,"LASTUPDATE":1644267226000}},{"type":"Feature","id":1838,"geometry":{"type":"Point","coordinates":[-89.2242930396418,48.4593665182328]},"properties":{"OBJECTID":1838,"LOC_ID":"PC0730","FDMID":2447,"X_COORD":335561.88899,"Y_COORD":5369747.35422,"BEAT":"N 9","ROT_ANGLE":0,"NODE_ID":5320,"GLOBALID":"0b3329c2-b5c8-4497-bbaf-51db1ff89071","CREATEDDATE":1520794199000,"LASTUPDATE":1644277738000}},{"type":"Feature","id":1839,"geometry":{"type":"Point","coordinates":[-89.2232762834945,48.4574625397911]},"properties":{"OBJECTID":1839,"LOC_ID":"PC1173","FDMID":3356,"X_COORD":335630.903,"Y_COORD":5369533.5507,"BEAT":"N 9","ROT_ANGLE":0,"NODE_ID":8559,"GLOBALID":"d2be0d23-87e4-452c-ab04-0aebf31b5634","CREATEDDATE":1520794199000,"LASTUPDATE":1643920982000}},{"type":"Feature","id":1840,"geometry":{"type":"Point","coordinates":[-89.2129314922865,48.4553421738396]},"properties":{"OBJECTID":1840,"LOC_ID":"PC0273","FDMID":1996,"X_COORD":336388.85373,"Y_COORD":5369275.70494,"BEAT":"N 9","ROT_ANGLE":0,"NODE_ID":8035,"GLOBALID":"2d9f73a4-6af0-45df-9c3f-11b3c11e8563","CREATEDDATE":1520794199000,"LASTUPDATE":1644347357000}},{"type":"Feature","id":1841,"geometry":{"type":"Point","coordinates":[-89.2154035433694,48.4487193515735]},"properties":{"OBJECTID":1841,"LOC_ID":"PC0117","FDMID":1840,"X_COORD":336184.78589,"Y_COORD":5368544.89765,"BEAT":"N 10","ROT_ANGLE":0,"NODE_ID":237,"GLOBALID":"57ed3f7f-b85d-4870-93ab-4f5b7e972f77","CREATEDDATE":1520794199000,"LASTUPDATE":1644348874000}},{"type":"Feature","id":1842,"geometry":{"type":"Point","coordinates":[-89.2845546948291,48.4445536711036]},"properties":{"OBJECTID":1842,"LOC_ID":"MC0210","FDMID":3207,"X_COORD":331057.95247,"Y_COORD":5368232.25739,"BEAT":"N 13","ROT_ANGLE":0,"NODE_ID":9107,"GLOBALID":"1e6204ec-08a3-4e44-8184-0e6125dec591","CREATEDDATE":1520794199000,"LASTUPDATE":1643920982000}},{"type":"Feature","id":1843,"geometry":{"type":"Point","coordinates":[-89.2374124702965,48.4454114397652]},"properties":{"OBJECTID":1843,"LOC_ID":"PC0365","FDMID":2088,"X_COORD":334545.09488,"Y_COORD":5368207.83883,"BEAT":"N 5","ROT_ANGLE":0,"NODE_ID":2376,"GLOBALID":"83035afd-b59a-4a6c-a1ba-1166be216906","CREATEDDATE":1520794199000,"LASTUPDATE":1644363511000}},{"type":"Feature","id":1844,"geometry":{"type":"Point","coordinates":[-89.278445738728,48.4445871763861]},"properties":{"OBJECTID":1844,"LOC_ID":"MC0206","FDMID":3203,"X_COORD":331509.7917,"Y_COORD":5368222.5171,"BEAT":"N 13","ROT_ANGLE":0,"NODE_ID":6004,"GLOBALID":"4298fc43-c532-4a37-ae4d-674eee7baec8","CREATEDDATE":1520794199000,"LASTUPDATE":1643920982000}},{"type":"Feature","id":1845,"geometry":{"type":"Point","coordinates":[-89.2191939174119,48.4426246452582]},"properties":{"OBJECTID":1845,"LOC_ID":"PP0199","FDMID":3561,"X_COORD":335884.89468,"Y_COORD":5367875.62891,"BEAT":"N 6","ROT_ANGLE":0,"NODE_ID":7199,"GLOBALID":"a732ae16-ac5b-4a67-b904-1fc2c3aa66b7","CREATEDDATE":1520794199000,"LASTUPDATE":1643920982000}},{"type":"Feature","id":1846,"geometry":{"type":"Point","coordinates":[-89.223478924635,48.4402530167957]},"properties":{"OBJECTID":1846,"LOC_ID":"PC0311","FDMID":2034,"X_COORD":335560.36297,"Y_COORD":5367621.23147,"BEAT":"N 6","ROT_ANGLE":0,"NODE_ID":9397,"GLOBALID":"d30351b5-fe02-4912-9637-0db459a90cd7","CREATEDDATE":1520794199000,"LASTUPDATE":1643920982000}},{"type":"Feature","id":1847,"geometry":{"type":"Point","coordinates":[-89.2243802710885,48.4407166384922]},"properties":{"OBJECTID":1847,"LOC_ID":"PC0312","FDMID":2035,"X_COORD":335494.46934,"Y_COORD":5367673.19409,"BEAT":"N 6","ROT_ANGLE":0,"NODE_ID":1157,"GLOBALID":"0db1c269-0036-4db0-981d-b3730f3ebade","CREATEDDATE":1520794199000,"LASTUPDATE":1643920982000}},{"type":"Feature","id":1848,"geometry":{"type":"Point","coordinates":[-89.2438553107612,48.4398424041605]},"properties":{"OBJECTID":1848,"LOC_ID":"PC1210","FDMID":0,"X_COORD":334052.13641,"Y_COORD":5367619.5836,"BEAT":"N 5","ROT_ANGLE":0,"NODE_ID":10200,"GLOBALID":"9019aeed-af83-47c0-9826-c9c2a72162b4","CREATEDDATE":1520794199000,"LASTUPDATE":1643920982000}},{"type":"Feature","id":1849,"geometry":{"type":"Point","coordinates":[-89.2254237387305,48.4312750927938]},"properties":{"OBJECTID":1849,"LOC_ID":"PC0443","FDMID":2165,"X_COORD":335387.53404,"Y_COORD":5366627.55006,"BEAT":"N7","ROT_ANGLE":0,"NODE_ID":7371,"GLOBALID":"594d07c5-ff29-4cf2-ba34-d0dc70413188","CREATEDDATE":1520794199000,"LASTUPDATE":1643920982000}},{"type":"Feature","id":1850,"geometry":{"type":"Point","coordinates":[-89.2420502151819,48.4289916545189]},"properties":{"OBJECTID":1850,"LOC_ID":"PC0557","FDMID":2277,"X_COORD":334148.84937,"Y_COORD":5366406.95333,"BEAT":"N 3","ROT_ANGLE":0,"NODE_ID":5596,"GLOBALID":"c0cb705b-a43f-406b-92a3-459a3333fd7e","CREATEDDATE":1520794199000,"LASTUPDATE":1677267203000}},{"type":"Feature","id":1851,"geometry":{"type":"Point","coordinates":[-89.2283460307635,48.4297875797419]},"properties":{"OBJECTID":1851,"LOC_ID":"PC0540","FDMID":2260,"X_COORD":335202.68873,"Y_COORD":5366491.26334,"BEAT":"N7","ROT_ANGLE":0,"NODE_ID":7600,"GLOBALID":"b499fcda-96b8-4105-bc7e-12fff7ba2aa2","CREATEDDATE":1520794199000,"LASTUPDATE":1643920982000}},{"type":"Feature","id":1852,"geometry":{"type":"Point","coordinates":[-89.2358846164882,48.4237689004685]},"properties":{"OBJECTID":1852,"LOC_ID":"PC1094","FDMID":3698,"X_COORD":334589.42384,"Y_COORD":5365815.82833,"BEAT":"N 3","ROT_ANGLE":0,"NODE_ID":3645,"GLOBALID":"ec888b54-9024-4b23-90f0-436276d8f229","CREATEDDATE":1520794199000,"LASTUPDATE":1643920982000}},{"type":"Feature","id":1853,"geometry":{"type":"Point","coordinates":[-89.2307398093231,48.4225105400474]},"properties":{"OBJECTID":1853,"LOC_ID":"PP0036","FDMID":2905,"X_COORD":334965.94044,"Y_COORD":5365664.86488,"BEAT":"N 14","ROT_ANGLE":0,"NODE_ID":9537,"GLOBALID":"fb3e79d4-d9ca-4a4c-984b-48678144a628","CREATEDDATE":1520794199000,"LASTUPDATE":1643920982000}},{"type":"Feature","id":1854,"geometry":{"type":"Point","coordinates":[-89.2332607280716,48.4234542408725]},"properties":{"OBJECTID":1854,"LOC_ID":"PC1219","FDMID":0,"X_COORD":334782.50902,"Y_COORD":5365775.18884,"BEAT":null,"ROT_ANGLE":0,"NODE_ID":2425,"GLOBALID":"89abc5c9-3e32-4910-a4c0-dc7d508befc9","CREATEDDATE":1520794199000,"LASTUPDATE":1643920982000}},{"type":"Feature","id":1855,"geometry":{"type":"Point","coordinates":[-89.2431799029825,48.4255212017219]},"properties":{"OBJECTID":1855,"LOC_ID":"PC0761","FDMID":2478,"X_COORD":334055.45187,"Y_COORD":5366026.37835,"BEAT":"N 3","ROT_ANGLE":0,"NODE_ID":9349,"GLOBALID":"63a0ddb1-b2f1-49ef-a95c-114599a8168d","CREATEDDATE":1520794199000,"LASTUPDATE":1643920982000}},{"type":"Feature","id":1856,"geometry":{"type":"Point","coordinates":[-89.2496534201032,48.4226088637947]},"properties":{"OBJECTID":1856,"LOC_ID":"PP0068","FDMID":2935,"X_COORD":333567.06607,"Y_COORD":5365716.74507,"BEAT":"N 3","ROT_ANGLE":0,"NODE_ID":9470,"GLOBALID":"2152aaf3-c679-4001-8b05-78f2cdd9146f","CREATEDDATE":1520794199000,"LASTUPDATE":1643920982000}},{"type":"Feature","id":1857,"geometry":{"type":"Point","coordinates":[-89.2784078869772,48.4196198659602]},"properties":{"OBJECTID":1857,"LOC_ID":"PC1099","FDMID":2813,"X_COORD":331429.98678,"Y_COORD":5365447.45534,"BEAT":"N 1","ROT_ANGLE":0,"NODE_ID":7703,"GLOBALID":"e74d6d8f-84d1-44c4-9fbe-17576c02d6e6","CREATEDDATE":1520794199000,"LASTUPDATE":1643920982000}},{"type":"Feature","id":1858,"geometry":{"type":"Point","coordinates":[-89.2840891599968,48.4090710275811]},"properties":{"OBJECTID":1858,"LOC_ID":"PC0682","FDMID":3508,"X_COORD":330974.70153,"Y_COORD":5364287.55236,"BEAT":"N 1","ROT_ANGLE":0,"NODE_ID":1448,"GLOBALID":"6f82cbb4-f098-49d2-b244-22397e2bc61e","CREATEDDATE":1520794199000,"LASTUPDATE":1643920982000}},{"type":"Feature","id":1859,"geometry":{"type":"Point","coordinates":[-89.2878518572764,48.4136965842612]},"properties":{"OBJECTID":1859,"LOC_ID":"MC0237","FDMID":3234,"X_COORD":330711.63695,"Y_COORD":5364809.95851,"BEAT":"N 1","ROT_ANGLE":0,"NODE_ID":1659,"GLOBALID":"7e7d79cf-c946-4332-8580-012136971da7","CREATEDDATE":1520794199000,"LASTUPDATE":1643920982000}},{"type":"Feature","id":1860,"geometry":{"type":"Point","coordinates":[-89.2899369669479,48.4186152682564]},"properties":{"OBJECTID":1860,"LOC_ID":"MC0229","FDMID":3226,"X_COORD":330573.71234,"Y_COORD":5365361.24555,"BEAT":"N 1","ROT_ANGLE":0,"NODE_ID":10207,"GLOBALID":"cc6d3834-cdc2-4823-96d2-da4fc46d6cd3","CREATEDDATE":1520794199000,"LASTUPDATE":1643920982000}},{"type":"Feature","id":1861,"geometry":{"type":"Point","coordinates":[-89.2773831467435,48.4132128427194]},"properties":{"OBJECTID":1861,"LOC_ID":"PC0178","FDMID":3494,"X_COORD":331484.61538,"Y_COORD":5364733.10372,"BEAT":"N 1","ROT_ANGLE":0,"NODE_ID":9329,"GLOBALID":"828d1fe0-9d60-45c8-9969-f4fdfbec3c62","CREATEDDATE":1520794199000,"LASTUPDATE":1643920982000}},{"type":"Feature","id":1862,"geometry":{"type":"Point","coordinates":[-89.2936373001592,48.41174310087]},"properties":{"OBJECTID":1862,"LOC_ID":"MC0311","FDMID":3568,"X_COORD":330277.06953,"Y_COORD":5364605.65003,"BEAT":"N 1","ROT_ANGLE":0,"NODE_ID":4720,"GLOBALID":"0b0d0ad2-bf7c-4bf4-9906-7f83f75e3a72","CREATEDDATE":1520794199000,"LASTUPDATE":1643920982000}},{"type":"Feature","id":1863,"geometry":{"type":"Point","coordinates":[-89.2417207703354,48.4109916540071]},"properties":{"OBJECTID":1863,"LOC_ID":"PC0728","FDMID":2445,"X_COORD":334116.10288,"Y_COORD":5364408.34571,"BEAT":"N 2","ROT_ANGLE":0,"NODE_ID":4235,"GLOBALID":"9c6d105f-2ca8-4ceb-8a2c-202b327ae576","CREATEDDATE":1520794199000,"LASTUPDATE":1643920982000}},{"type":"Feature","id":1864,"geometry":{"type":"Point","coordinates":[-89.2538365318347,48.410035368501]},"properties":{"OBJECTID":1864,"LOC_ID":"PC1027","FDMID":2741,"X_COORD":333216.47484,"Y_COORD":5364328.401,"BEAT":"N 2","ROT_ANGLE":0,"NODE_ID":8666,"GLOBALID":"e95d567e-0c0f-4f31-9160-3239c88baab5","CREATEDDATE":1520794199000,"LASTUPDATE":1643920982000}},{"type":"Feature","id":1865,"geometry":{"type":"Point","coordinates":[-89.2456593504175,48.4092493125309]},"properties":{"OBJECTID":1865,"LOC_ID":"PC0903","FDMID":2619,"X_COORD":333818.99081,"Y_COORD":5364223.2467,"BEAT":"N 2","ROT_ANGLE":0,"NODE_ID":6270,"GLOBALID":"78641ca1-4cc6-4228-bd82-1502887c27d1","CREATEDDATE":1520794199000,"LASTUPDATE":1644352471000}},{"type":"Feature","id":1866,"geometry":{"type":"Point","coordinates":[-89.2395175890707,48.405795366307]},"properties":{"OBJECTID":1866,"LOC_ID":"PP0232","FDMID":0,"X_COORD":334253.73769,"Y_COORD":5363826.78795,"BEAT":null,"ROT_ANGLE":0,"NODE_ID":5813,"GLOBALID":"edf5a665-9c99-4459-8327-3278e196a672","CREATEDDATE":1520794199000,"LASTUPDATE":1643920982000}},{"type":"Feature","id":1867,"geometry":{"type":"Point","coordinates":[-89.2404766245257,48.4026880202282]},"properties":{"OBJECTID":1867,"LOC_ID":"PP0226","FDMID":3652,"X_COORD":334181.14812,"Y_COORD":5363482.75851,"BEAT":"N 2","ROT_ANGLE":0,"NODE_ID":5818,"GLOBALID":"333e37e0-8e92-473f-9fcc-26eac1f51d90","CREATEDDATE":1520794199000,"LASTUPDATE":1643920982000}},{"type":"Feature","id":1868,"geometry":{"type":"Point","coordinates":[-89.2777582331482,48.3987399231267]},"properties":{"OBJECTID":1868,"LOC_ID":"FC1006","FDMID":997,"X_COORD":331409.0127,"Y_COORD":5363125.36766,"BEAT":"S 4","ROT_ANGLE":0,"NODE_ID":6336,"GLOBALID":"ee476259-0b83-475f-bcf0-c50fca841a7c","CREATEDDATE":1520794199000,"LASTUPDATE":1643920982000}},{"type":"Feature","id":1869,"geometry":{"type":"Point","coordinates":[-89.2497974849633,48.397399125895]},"properties":{"OBJECTID":1869,"LOC_ID":"FC1162","FDMID":3639,"X_COORD":333474.94422,"Y_COORD":5362909.1306,"BEAT":"S 9","ROT_ANGLE":0,"NODE_ID":5743,"GLOBALID":"afe1df41-4ef6-4602-958c-680ccd1b1aae","CREATEDDATE":1520794199000,"LASTUPDATE":1643920982000}},{"type":"Feature","id":1870,"geometry":{"type":"Point","coordinates":[-89.2547250394858,48.394017707554]},"properties":{"OBJECTID":1870,"LOC_ID":"FC0349","FDMID":344,"X_COORD":333098.31881,"Y_COORD":5362550.08241,"BEAT":"S 9","ROT_ANGLE":0,"NODE_ID":4943,"GLOBALID":"e4434100-b01b-42c1-83fd-68f257b09771","CREATEDDATE":1520794199000,"LASTUPDATE":1644009172000}},{"type":"Feature","id":1871,"geometry":{"type":"Point","coordinates":[-89.2881226607707,48.3908001664313]},"properties":{"OBJECTID":1871,"LOC_ID":"FC0930","FDMID":921,"X_COORD":330615.5599,"Y_COORD":5362265.79979,"BEAT":"S 1","ROT_ANGLE":0,"NODE_ID":7884,"GLOBALID":"e61a0130-c793-4e17-a219-256c887a46c4","CREATEDDATE":1520794199000,"LASTUPDATE":1643920982000}},{"type":"Feature","id":1872,"geometry":{"type":"Point","coordinates":[-89.2509712324978,48.3910381714322]},"properties":{"OBJECTID":1872,"LOC_ID":"FC0754","FDMID":745,"X_COORD":333366.43529,"Y_COORD":5362210.74545,"BEAT":"S 9","ROT_ANGLE":0,"NODE_ID":978,"GLOBALID":"9eeb59b6-6a3c-4f68-b002-a995d31e7155","CREATEDDATE":1520794199000,"LASTUPDATE":1643920982000}},{"type":"Feature","id":1873,"geometry":{"type":"Point","coordinates":[-89.3048003592267,48.3893818477731]},"properties":{"OBJECTID":1873,"LOC_ID":"NC0585","FDMID":3615,"X_COORD":329376.28821,"Y_COORD":5362145.18001,"BEAT":"S 13","ROT_ANGLE":0,"NODE_ID":8320,"GLOBALID":"98cd3dba-7b20-4309-946c-871553e0cf53","CREATEDDATE":1520794199000,"LASTUPDATE":1643920983000}},{"type":"Feature","id":1874,"geometry":{"type":"Point","coordinates":[-89.2908588631489,48.3878480211824]},"properties":{"OBJECTID":1874,"LOC_ID":"FC1022","FDMID":1013,"X_COORD":330403.20969,"Y_COORD":5361943.74308,"BEAT":"S 1","ROT_ANGLE":0,"NODE_ID":3437,"GLOBALID":"a7aba9b1-4d62-4f4f-b840-321d98dd5cc9","CREATEDDATE":1520794199000,"LASTUPDATE":1643920983000}},{"type":"Feature","id":1875,"geometry":{"type":"Point","coordinates":[-89.2909498008811,48.3871988171769]},"properties":{"OBJECTID":1875,"LOC_ID":"FC1025","FDMID":1016,"X_COORD":330394.32111,"Y_COORD":5361871.78916,"BEAT":"S 1","ROT_ANGLE":0,"NODE_ID":1983,"GLOBALID":"4fbf4970-215f-4dae-b0cb-d8c6dc8e4865","CREATEDDATE":1520794199000,"LASTUPDATE":1643920983000}},{"type":"Feature","id":1876,"geometry":{"type":"Point","coordinates":[-89.3332984243392,48.3841016849135]},"properties":{"OBJECTID":1876,"LOC_ID":"NC0019","FDMID":1197,"X_COORD":327248.84168,"Y_COORD":5361622.22347,"BEAT":"S 13","ROT_ANGLE":0,"NODE_ID":3520,"GLOBALID":"e898d620-a239-434d-ba23-274f5a6ccf50","CREATEDDATE":1520794199000,"LASTUPDATE":1643920983000}},{"type":"Feature","id":1877,"geometry":{"type":"Point","coordinates":[-89.2446690222618,48.3845509160801]},"properties":{"OBJECTID":1877,"LOC_ID":"FC0429","FDMID":422,"X_COORD":333811.80156,"Y_COORD":5361476.02878,"BEAT":"S 10","ROT_ANGLE":0,"NODE_ID":5510,"GLOBALID":"f5cc9080-036d-48ec-832e-2137a6721842","CREATEDDATE":1520794199000,"LASTUPDATE":1643920983000}},{"type":"Feature","id":1878,"geometry":{"type":"Point","coordinates":[-89.2949133754565,48.3829183767281]},"properties":{"OBJECTID":1878,"LOC_ID":"FC0888","FDMID":879,"X_COORD":330086.66082,"Y_COORD":5361404.82622,"BEAT":"S 2","ROT_ANGLE":0,"NODE_ID":7209,"GLOBALID":"0ec47ea6-63c2-4efe-8ebf-71835aa96968","CREATEDDATE":1520794199000,"LASTUPDATE":1644004491000}},{"type":"Feature","id":1879,"geometry":{"type":"Point","coordinates":[-89.2592249739714,48.3832257817302]},"properties":{"OBJECTID":1879,"LOC_ID":"FC0641","FDMID":633,"X_COORD":332731.93494,"Y_COORD":5361360.48113,"BEAT":"S 8","ROT_ANGLE":0,"NODE_ID":9320,"GLOBALID":"22ef2353-b531-4632-afd7-f4b6534f986d","CREATEDDATE":1520794199000,"LASTUPDATE":1643920983000}},{"type":"Feature","id":1880,"geometry":{"type":"Point","coordinates":[-89.283929702141,48.3824070569712]},"properties":{"OBJECTID":1880,"LOC_ID":"FC0213","FDMID":209,"X_COORD":330898.13244,"Y_COORD":5361323.69444,"BEAT":"S 5","ROT_ANGLE":0,"NODE_ID":8029,"GLOBALID":"7d42afa8-c8e4-4f95-939d-847857e12a97","CREATEDDATE":1520794199000,"LASTUPDATE":1643920993000}},{"type":"Feature","id":1881,"geometry":{"type":"Point","coordinates":[-89.2812071892069,48.3807384007418]},"properties":{"OBJECTID":1881,"LOC_ID":"FC0046","FDMID":25,"X_COORD":331095.7181,"Y_COORD":5361133.62519,"BEAT":"S 5","ROT_ANGLE":0,"NODE_ID":7210,"GLOBALID":"c3028ebd-d655-47ee-8e2b-74e4e0b3c131","CREATEDDATE":1520794199000,"LASTUPDATE":1643920993000}},{"type":"Feature","id":1882,"geometry":{"type":"Point","coordinates":[-89.3059020673118,48.3801478803588]},"properties":{"OBJECTID":1882,"LOC_ID":"FC0814","FDMID":805,"X_COORD":329263.84917,"Y_COORD":5361121.33745,"BEAT":"S 2","ROT_ANGLE":0,"NODE_ID":3404,"GLOBALID":"9517c556-98b9-493f-bf64-8ff31949a040","CREATEDDATE":1520794199000,"LASTUPDATE":1643920993000}},{"type":"Feature","id":1883,"geometry":{"type":"Point","coordinates":[-89.255185204673,48.3790993176008]},"properties":{"OBJECTID":1883,"LOC_ID":"FC0604","FDMID":596,"X_COORD":333015.41807,"Y_COORD":5360892.99108,"BEAT":"S 10","ROT_ANGLE":0,"NODE_ID":300,"GLOBALID":"886271bf-1aea-46a9-8fc8-8c86bcee8737","CREATEDDATE":1520794199000,"LASTUPDATE":1643920993000}},{"type":"Feature","id":1884,"geometry":{"type":"Point","coordinates":[-89.266050475,48.3760318560227]},"properties":{"OBJECTID":1884,"LOC_ID":"FC0528","FDMID":520,"X_COORD":332197.83011,"Y_COORD":5360577.78007,"BEAT":"S 8","ROT_ANGLE":0,"NODE_ID":10185,"GLOBALID":"42880105-10cd-405e-8a15-455656f5b027","CREATEDDATE":1520794199000,"LASTUPDATE":1676513167000}},{"type":"Feature","id":1885,"geometry":{"type":"Point","coordinates":[-89.2989060271392,48.3742028262802]},"properties":{"OBJECTID":1885,"LOC_ID":"FC0790","FDMID":781,"X_COORD":329768.78178,"Y_COORD":5360439.87185,"BEAT":"S 2","ROT_ANGLE":0,"NODE_ID":6848,"GLOBALID":"f258192d-e195-499c-aec6-c0c2c483f193","CREATEDDATE":1520794199000,"LASTUPDATE":1643920993000}},{"type":"Feature","id":1886,"geometry":{"type":"Point","coordinates":[-89.2892791420073,48.37251967622]},"properties":{"OBJECTID":1886,"LOC_ID":"FC0405","FDMID":399,"X_COORD":330469.26153,"Y_COORD":5360236.60196,"BEAT":"S 5","ROT_ANGLE":0,"NODE_ID":8786,"GLOBALID":"09c88291-1d6d-4502-a301-5933b25819cd","CREATEDDATE":1520794199000,"LASTUPDATE":1643920993000}},{"type":"Feature","id":1887,"geometry":{"type":"Point","coordinates":[-89.2935218193914,48.3701795695843]},"properties":{"OBJECTID":1887,"LOC_ID":"FC0088","FDMID":81,"X_COORD":330147.30774,"Y_COORD":5359985.9137,"BEAT":"S 2","ROT_ANGLE":0,"NODE_ID":6030,"GLOBALID":"f07a72d8-b49c-4179-955b-f0272873128a","CREATEDDATE":1520794199000,"LASTUPDATE":1644003674000}},{"type":"Feature","id":1888,"geometry":{"type":"Point","coordinates":[-89.2962021484896,48.3693222653656]},"properties":{"OBJECTID":1888,"LOC_ID":"FC0375","FDMID":370,"X_COORD":329945.96297,"Y_COORD":5359896.57585,"BEAT":"S 2","ROT_ANGLE":0,"NODE_ID":8529,"GLOBALID":"f75c9b5b-0f78-4f88-bb53-0c8cd7568eb0","CREATEDDATE":1520794199000,"LASTUPDATE":1643920993000}},{"type":"Feature","id":1889,"geometry":{"type":"Point","coordinates":[-89.363794758105,48.3676139908664]},"properties":{"OBJECTID":1889,"LOC_ID":"NC0233","FDMID":1409,"X_COORD":324934.60219,"Y_COORD":5359858.97406,"BEAT":"S 14","ROT_ANGLE":0,"NODE_ID":2307,"GLOBALID":"3b858de5-b99a-4f44-b2c9-b0639e91a624","CREATEDDATE":1520794199000,"LASTUPDATE":1643920993000}},{"type":"Feature","id":1890,"geometry":{"type":"Point","coordinates":[-89.2921683546428,48.3661460234926]},"properties":{"OBJECTID":1890,"LOC_ID":"FC0149","FDMID":145,"X_COORD":330234.12809,"Y_COORD":5359534.61412,"BEAT":"S 3","ROT_ANGLE":0,"NODE_ID":3096,"GLOBALID":"08ed21c7-f34a-4295-8dc6-21260b55117b","CREATEDDATE":1520794199000,"LASTUPDATE":1643920993000}},{"type":"Feature","id":1891,"geometry":{"type":"Point","coordinates":[-89.296545445165,48.3640721571848]},"properties":{"OBJECTID":1891,"LOC_ID":"FC0314","FDMID":309,"X_COORD":329907.02358,"Y_COORD":5359312.39639,"BEAT":"S 3","ROT_ANGLE":0,"NODE_ID":7175,"GLOBALID":"9fb7f41e-b098-43e8-94ce-cb3e57118073","CREATEDDATE":1520794199000,"LASTUPDATE":1643920993000}},{"type":"Feature","id":1892,"geometry":{"type":"Point","coordinates":[-89.323610351499,48.3540414753606]},"properties":{"OBJECTID":1892,"LOC_ID":"NC0137","FDMID":1315,"X_COORD":327864.78741,"Y_COORD":5358259.4305,"BEAT":"S 15","ROT_ANGLE":0,"NODE_ID":8056,"GLOBALID":"a37c1fed-43bd-4604-b4ab-98a9b5378301","CREATEDDATE":1520794199000,"LASTUPDATE":1643920993000}},{"type":"Feature","id":1893,"geometry":{"type":"Point","coordinates":[-89.3545492773707,48.3573292018657]},"properties":{"OBJECTID":1893,"LOC_ID":"NC0112","FDMID":1291,"X_COORD":325584.16866,"Y_COORD":5358694.80842,"BEAT":"S 15","ROT_ANGLE":0,"NODE_ID":4717,"GLOBALID":"4a39b606-a12a-47b8-b476-00b23c529c53","CREATEDDATE":1520794199000,"LASTUPDATE":1643920993000}},{"type":"Feature","id":1894,"geometry":{"type":"Point","coordinates":[-89.3512766387184,48.3568666470336]},"properties":{"OBJECTID":1894,"LOC_ID":"NC0114","FDMID":1293,"X_COORD":325833.78607,"Y_COORD":5358654.1354,"BEAT":"S 15","ROT_ANGLE":0,"NODE_ID":9790,"GLOBALID":"9c15701c-6c9b-4f2d-b269-bc647dca83b9","CREATEDDATE":1520794199000,"LASTUPDATE":1643920993000}},{"type":"Feature","id":1895,"geometry":{"type":"Point","coordinates":[-89.3560087678592,48.3574705618383]},"properties":{"OBJECTID":1895,"LOC_ID":"NC0109","FDMID":1288,"X_COORD":325476.54549,"Y_COORD":5358713.84305,"BEAT":"S 15","ROT_ANGLE":0,"NODE_ID":2435,"GLOBALID":"f6bad6ae-ff77-4bc8-b868-6967c0acffa1","CREATEDDATE":1520794199000,"LASTUPDATE":1643920993000}},{"type":"Feature","id":1896,"geometry":{"type":"Point","coordinates":[-89.3852617242766,48.3601192802852]},"properties":{"OBJECTID":1896,"LOC_ID":"NC0089","FDMID":1267,"X_COORD":323318.92015,"Y_COORD":5359075.26769,"BEAT":"S 14","ROT_ANGLE":0,"NODE_ID":6906,"GLOBALID":"555d509d-a7df-42ab-8ebb-9a3cbee8f136","CREATEDDATE":1520794199000,"LASTUPDATE":1643920993000}},{"type":"Feature","id":1897,"geometry":{"type":"Point","coordinates":[-89.3334023671564,48.3237567693812]},"properties":{"OBJECTID":1897,"LOC_ID":"NC0338","FDMID":1513,"X_COORD":327036.97839,"Y_COORD":5354915.57002,"BEAT":"S 17","ROT_ANGLE":0,"NODE_ID":9043,"GLOBALID":"e38d931b-fbd1-424a-baa5-bb20a56aa4e4","CREATEDDATE":1520794199000,"LASTUPDATE":1643920994000}},{"type":"Feature","id":1898,"geometry":{"type":"Point","coordinates":[-89.359653170243,48.3230735755428]},"properties":{"OBJECTID":1898,"LOC_ID":"NC0500","FDMID":1673,"X_COORD":325088.92053,"Y_COORD":5354899.19549,"BEAT":"S 16","ROT_ANGLE":0,"NODE_ID":8373,"GLOBALID":"e9e86022-9a0b-47b3-87ce-ce97e87e2171","CREATEDDATE":1520794199000,"LASTUPDATE":1643920994000}},{"type":"Feature","id":1899,"geometry":{"type":"Point","coordinates":[-89.3385789041802,48.3169891100137]},"properties":{"OBJECTID":1899,"LOC_ID":"NC0429","FDMID":1603,"X_COORD":326630.3485,"Y_COORD":5354175.0936,"BEAT":"S 17","ROT_ANGLE":0,"NODE_ID":5831,"GLOBALID":"ca3ad06f-b1a1-43fe-a262-7c190d4907df","CREATEDDATE":1520794199000,"LASTUPDATE":1643920994000}},{"type":"Feature","id":1900,"geometry":{"type":"Point","coordinates":[-89.3456763079312,48.3121466838796]},"properties":{"OBJECTID":1900,"LOC_ID":"NC0491","FDMID":1664,"X_COORD":326087.75215,"Y_COORD":5353652.97187,"BEAT":"S 17","ROT_ANGLE":0,"NODE_ID":1768,"GLOBALID":"76e514e3-16ba-48e2-a07a-fd64d92173e5","CREATEDDATE":1520794199000,"LASTUPDATE":1643920994000}},{"type":"Feature","id":1901,"geometry":{"type":"Point","coordinates":[-89.1606637200847,48.4739617466413]},"properties":{"OBJECTID":1901,"LOC_ID":"PP0003","FDMID":2874,"X_COORD":340311.48464,"Y_COORD":5371234.75826,"BEAT":"N 14","ROT_ANGLE":0,"NODE_ID":8432,"GLOBALID":"1ba84b71-7adf-4194-9297-2e67bdfaa2ce","CREATEDDATE":1520794199000,"LASTUPDATE":1643920994000}},{"type":"Feature","id":1902,"geometry":{"type":"Point","coordinates":[-89.1932759679112,48.4634093113646]},"properties":{"OBJECTID":1902,"LOC_ID":"PC0034","FDMID":1758,"X_COORD":337867.70326,"Y_COORD":5370130.49048,"BEAT":"N 11","ROT_ANGLE":0,"NODE_ID":9516,"GLOBALID":"1f4728fc-4c92-4d2c-956b-f7c8f4887e76","CREATEDDATE":1520794199000,"LASTUPDATE":1643920994000}},{"type":"Feature","id":1903,"geometry":{"type":"Point","coordinates":[-89.2377157760934,48.4622251737484]},"properties":{"OBJECTID":1903,"LOC_ID":"MP0016","FDMID":3259,"X_COORD":334578.91376,"Y_COORD":5370094.01227,"BEAT":"N 12","ROT_ANGLE":0,"NODE_ID":5996,"GLOBALID":"45515278-f444-404d-8bd2-bd4f8abfd572","CREATEDDATE":1520794199000,"LASTUPDATE":1643920994000}},{"type":"Feature","id":1904,"geometry":{"type":"Point","coordinates":[-89.1905960911229,48.4598253894027]},"properties":{"OBJECTID":1904,"LOC_ID":"PC0012","FDMID":1736,"X_COORD":338054.39075,"Y_COORD":5369726.47768,"BEAT":"N 11","ROT_ANGLE":0,"NODE_ID":7607,"GLOBALID":"6f6ddd39-6864-48f4-bb5f-cc0c1abb5116","CREATEDDATE":1520794199000,"LASTUPDATE":1643920994000}},{"type":"Feature","id":1905,"geometry":{"type":"Point","coordinates":[-89.2684673387491,48.4572394456225]},"properties":{"OBJECTID":1905,"LOC_ID":"MC0077","FDMID":3074,"X_COORD":332289.33807,"Y_COORD":5369606.82584,"BEAT":"N 15","ROT_ANGLE":0,"NODE_ID":5424,"GLOBALID":"a9d334d2-f44b-4eb7-aa7e-63b37ea1b254","CREATEDDATE":1520794199000,"LASTUPDATE":1643920994000}},{"type":"Feature","id":1906,"geometry":{"type":"Point","coordinates":[-89.2506009979819,48.4579810942744]},"properties":{"OBJECTID":1906,"LOC_ID":"MC0066","FDMID":3063,"X_COORD":333612.56214,"Y_COORD":5369650.25086,"BEAT":"N 12","ROT_ANGLE":0,"NODE_ID":8765,"GLOBALID":"9500c7af-43a1-4272-b81c-ac7623bc3a91","CREATEDDATE":1520794199000,"LASTUPDATE":1643920994000}},{"type":"Feature","id":1907,"geometry":{"type":"Point","coordinates":[-89.2434310386866,48.4566251856825]},"properties":{"OBJECTID":1907,"LOC_ID":"MC0104","FDMID":3101,"X_COORD":334138.18979,"Y_COORD":5369483.9804,"BEAT":"N 12","ROT_ANGLE":0,"NODE_ID":4062,"GLOBALID":"e96bceb7-aef3-456f-b664-827431b85529","CREATEDDATE":1520794199000,"LASTUPDATE":1643920994000}},{"type":"Feature","id":1908,"geometry":{"type":"Point","coordinates":[-89.2196894403002,48.4578117504786]},"properties":{"OBJECTID":1908,"LOC_ID":"PC0209","FDMID":1932,"X_COORD":335897.196,"Y_COORD":5369564.66238,"BEAT":"N 9","ROT_ANGLE":0,"NODE_ID":7048,"GLOBALID":"64032f23-591f-4178-9c66-91e0f08c2a83","CREATEDDATE":1520794199000,"LASTUPDATE":1643920994000}},{"type":"Feature","id":1909,"geometry":{"type":"Point","coordinates":[-89.2459109292298,48.4561682310888]},"properties":{"OBJECTID":1909,"LOC_ID":"MC0092","FDMID":3089,"X_COORD":333953.36496,"Y_COORD":5369438.57189,"BEAT":"N 12","ROT_ANGLE":0,"NODE_ID":6509,"GLOBALID":"8212ec68-48fd-4104-a1c8-c8baac994ae3","CREATEDDATE":1520794199000,"LASTUPDATE":1643920994000}},{"type":"Feature","id":1910,"geometry":{"type":"Point","coordinates":[-89.2182310248592,48.4538109456188]},"properties":{"OBJECTID":1910,"LOC_ID":"PC0563","FDMID":2283,"X_COORD":335992.32048,"Y_COORD":5369116.20056,"BEAT":"N 9","ROT_ANGLE":0,"NODE_ID":9553,"GLOBALID":"c246c5ad-c680-45c2-b3d5-be602dc0ce59","CREATEDDATE":1520794199000,"LASTUPDATE":1644347623000}},{"type":"Feature","id":1911,"geometry":{"type":"Point","coordinates":[-89.2423229817059,48.4532427312478]},"properties":{"OBJECTID":1911,"LOC_ID":"PC0879","FDMID":2595,"X_COORD":334210.97238,"Y_COORD":5369109.01438,"BEAT":"N 8","ROT_ANGLE":0,"NODE_ID":3383,"GLOBALID":"201a589d-da07-47e8-9dd3-33a105cde6d3","CREATEDDATE":1520794199000,"LASTUPDATE":1644350601000}},{"type":"Feature","id":1912,"geometry":{"type":"Point","coordinates":[-89.2783830237224,48.4519743568961]},"properties":{"OBJECTID":1912,"LOC_ID":"MC0251","FDMID":3372,"X_COORD":331538.87842,"Y_COORD":5369043.42002,"BEAT":"N 15","ROT_ANGLE":0,"NODE_ID":1748,"GLOBALID":"5885442a-52ae-4518-9d20-05ca93e803f1","CREATEDDATE":1520794199000,"LASTUPDATE":1643920994000}},{"type":"Feature","id":1913,"geometry":{"type":"Point","coordinates":[-89.2003255052539,48.4499946436462]},"properties":{"OBJECTID":1913,"LOC_ID":"PC0960","FDMID":2675,"X_COORD":337303.73321,"Y_COORD":5368654.47742,"BEAT":"N 10","ROT_ANGLE":0,"NODE_ID":706,"GLOBALID":"0342ed62-1962-4ffb-8df8-0efa8fc9b530","CREATEDDATE":1520794199000,"LASTUPDATE":1643920994000}},{"type":"Feature","id":1914,"geometry":{"type":"Point","coordinates":[-89.2583925877514,48.4494982550185]},"properties":{"OBJECTID":1914,"LOC_ID":"MC0017","FDMID":3015,"X_COORD":333008.727,"Y_COORD":5368724.39179,"BEAT":"N 13","ROT_ANGLE":0,"NODE_ID":2527,"GLOBALID":"196773aa-c0d5-45e2-ab3b-0c9a6167469a","CREATEDDATE":1520794199000,"LASTUPDATE":1643920994000}},{"type":"Feature","id":1915,"geometry":{"type":"Point","coordinates":[-89.2607835126124,48.4494974328268]},"properties":{"OBJECTID":1915,"LOC_ID":"MC0026","FDMID":3024,"X_COORD":332831.94671,"Y_COORD":5368729.52331,"BEAT":"N 13","ROT_ANGLE":0,"NODE_ID":8421,"GLOBALID":"9545973d-3416-4acd-8a36-934751a0fcf2","CREATEDDATE":1520794199000,"LASTUPDATE":1643920994000}},{"type":"Feature","id":1916,"geometry":{"type":"Point","coordinates":[-89.2331582328679,48.4495590937508]},"properties":{"OBJECTID":1916,"LOC_ID":"PC0376","FDMID":2099,"X_COORD":334874.72329,"Y_COORD":5368676.40306,"BEAT":"N 8","ROT_ANGLE":0,"NODE_ID":2499,"GLOBALID":"5c6ded5c-921d-4c78-93a3-703c5a47ba3c","CREATEDDATE":1520794199000,"LASTUPDATE":1643920994000}},{"type":"Feature","id":1917,"geometry":{"type":"Point","coordinates":[-89.2304260553918,48.4496194197634]},"properties":{"OBJECTID":1917,"LOC_ID":"PC0230","FDMID":1953,"X_COORD":335076.93257,"Y_COORD":5368677.21406,"BEAT":"N 8","ROT_ANGLE":0,"NODE_ID":4092,"GLOBALID":"1695f64f-58e2-4fe5-bf47-682b66114f11","CREATEDDATE":1520794199000,"LASTUPDATE":1643920994000}},{"type":"Feature","id":1918,"geometry":{"type":"Point","coordinates":[-89.2733841336054,48.4484510295258]},"properties":{"OBJECTID":1918,"LOC_ID":"MC0166","FDMID":3163,"X_COORD":331896.83478,"Y_COORD":5368640.83134,"BEAT":"N 15","ROT_ANGLE":0,"NODE_ID":788,"GLOBALID":"8fbfe4d1-8420-4ce2-a018-a742c6ea75e7","CREATEDDATE":1520794199000,"LASTUPDATE":1643920994000}},{"type":"Feature","id":1919,"geometry":{"type":"Point","coordinates":[-89.2203085306332,48.4492929178984]},"properties":{"OBJECTID":1919,"LOC_ID":"PC0780","FDMID":2497,"X_COORD":335823.95798,"Y_COORD":5368619.16094,"BEAT":"N 9","ROT_ANGLE":0,"NODE_ID":9381,"GLOBALID":"41712554-fc69-4b79-928e-05a6171b9c51","CREATEDDATE":1520794199000,"LASTUPDATE":1643920994000}},{"type":"Feature","id":1920,"geometry":{"type":"Point","coordinates":[-89.2318441958385,48.4471108550642]},"properties":{"OBJECTID":1920,"LOC_ID":"PC0375","FDMID":2098,"X_COORD":334963.94595,"Y_COORD":5368401.46059,"BEAT":"N 5","ROT_ANGLE":0,"NODE_ID":3389,"GLOBALID":"12d842d6-f229-48b4-9605-69b96800dce9","CREATEDDATE":1520794199000,"LASTUPDATE":1643920994000}},{"type":"Feature","id":1921,"geometry":{"type":"Point","coordinates":[-89.2130124621232,48.4461945012774]},"properties":{"OBJECTID":1921,"LOC_ID":"PC0107","FDMID":1830,"X_COORD":336347.75037,"Y_COORD":5368261.68664,"BEAT":"N 10","ROT_ANGLE":0,"NODE_ID":4387,"GLOBALID":"dc0f1462-b611-4608-b974-10bac2839f89","CREATEDDATE":1520794199000,"LASTUPDATE":1644365286000}},{"type":"Feature","id":1922,"geometry":{"type":"Point","coordinates":[-89.2406476343224,48.443057782994]},"properties":{"OBJECTID":1922,"LOC_ID":"PC0520","FDMID":2240,"X_COORD":334299.81232,"Y_COORD":5367970.00894,"BEAT":"N 5","ROT_ANGLE":0,"NODE_ID":3658,"GLOBALID":"0bba1e96-9b13-4930-97f0-5a94bf119d8d","CREATEDDATE":1520794199000,"LASTUPDATE":1644363357000}},{"type":"Feature","id":1923,"geometry":{"type":"Point","coordinates":[-89.2526238979605,48.4405104088831]},"properties":{"OBJECTID":1923,"LOC_ID":"PC0782","FDMID":2499,"X_COORD":333405.85494,"Y_COORD":5367712.8851,"BEAT":"N 4","ROT_ANGLE":0,"NODE_ID":7067,"GLOBALID":"48a2e778-bb57-4035-ab07-3615e4a6556f","CREATEDDATE":1520794199000,"LASTUPDATE":1643920994000}},{"type":"Feature","id":1924,"geometry":{"type":"Point","coordinates":[-89.2165247375663,48.4398137323445]},"properties":{"OBJECTID":1924,"LOC_ID":"PC0391","FDMID":2114,"X_COORD":336069.79581,"Y_COORD":5367561.05918,"BEAT":"N7","ROT_ANGLE":0,"NODE_ID":8563,"GLOBALID":"5d12af42-f845-4168-b4b1-c3b17ee8fbf3","CREATEDDATE":1520794199000,"LASTUPDATE":1643920994000}},{"type":"Feature","id":1925,"geometry":{"type":"Point","coordinates":[-89.2429413752919,48.4364160730776]},"properties":{"OBJECTID":1925,"LOC_ID":"PC0491","FDMID":2213,"X_COORD":334108.57289,"Y_COORD":5367236.77605,"BEAT":"N 5","ROT_ANGLE":0,"NODE_ID":3277,"GLOBALID":"26423f82-8f3a-477f-a737-0360e13fb115","CREATEDDATE":1520794199000,"LASTUPDATE":1643920994000}},{"type":"Feature","id":1926,"geometry":{"type":"Point","coordinates":[-89.2230644174262,48.4313788482476]},"properties":{"OBJECTID":1926,"LOC_ID":"PC0441","FDMID":2163,"X_COORD":335562.37692,"Y_COORD":5366634.01176,"BEAT":"N7","ROT_ANGLE":0,"NODE_ID":702,"GLOBALID":"d66b3b78-7c43-4999-afc6-ef1440382181","CREATEDDATE":1520794199000,"LASTUPDATE":1643920994000}},{"type":"Feature","id":1927,"geometry":{"type":"Point","coordinates":[-89.227325642407,48.4305232552982]},"properties":{"OBJECTID":1927,"LOC_ID":"PC0541","FDMID":2261,"X_COORD":335244.42774,"Y_COORD":5366548.07896,"BEAT":"N7","ROT_ANGLE":0,"NODE_ID":228,"GLOBALID":"701258cc-1d8f-4f2f-8a82-d7ddc133532b","CREATEDDATE":1520794199000,"LASTUPDATE":1643920994000}},{"type":"Feature","id":1928,"geometry":{"type":"Point","coordinates":[-89.2505996461134,48.4273127083474]},"properties":{"OBJECTID":1928,"LOC_ID":"PC0612","FDMID":2331,"X_COORD":333512.22294,"Y_COORD":5366245.20894,"BEAT":"N 5","ROT_ANGLE":0,"NODE_ID":536,"GLOBALID":"65ef2588-9244-4170-9925-30f2a6ab6be2","CREATEDDATE":1520794199000,"LASTUPDATE":1644354281000}},{"type":"Feature","id":1929,"geometry":{"type":"Point","coordinates":[-89.2548888541073,48.421689524394]},"properties":{"OBJECTID":1929,"LOC_ID":"PP0146","FDMID":3394,"X_COORD":333176.74799,"Y_COORD":5365625.96388,"BEAT":"N 1","ROT_ANGLE":0,"NODE_ID":4151,"GLOBALID":"db4f8ba0-fdce-4e16-b3b0-8202857e0ab7","CREATEDDATE":1520794199000,"LASTUPDATE":1643920994000}},{"type":"Feature","id":1930,"geometry":{"type":"Point","coordinates":[-89.2384618187033,48.417472675944]},"properties":{"OBJECTID":1930,"LOC_ID":"PC0704","FDMID":2423,"X_COORD":334377.71337,"Y_COORD":5365122.9116,"BEAT":"N 2","ROT_ANGLE":0,"NODE_ID":2725,"GLOBALID":"9e686708-ef4b-45f6-b7a0-0e0363e6e8ce","CREATEDDATE":1520794199000,"LASTUPDATE":1643920994000}},{"type":"Feature","id":1931,"geometry":{"type":"Point","coordinates":[-89.2397058955947,48.4163321408316]},"properties":{"OBJECTID":1931,"LOC_ID":"PC0706","FDMID":2425,"X_COORD":334284.18121,"Y_COORD":5364997.54072,"BEAT":"N 2","ROT_ANGLE":0,"NODE_ID":10063,"GLOBALID":"2be72be1-1c27-4b50-a653-537a03625e3b","CREATEDDATE":1520794199000,"LASTUPDATE":1643920995000}},{"type":"Feature","id":1932,"geometry":{"type":"Point","coordinates":[-89.2541223751117,48.4129611286178]},"properties":{"OBJECTID":1932,"LOC_ID":"PC1063","FDMID":2777,"X_COORD":333204.89315,"Y_COORD":5364654.1971,"BEAT":"N 3","ROT_ANGLE":0,"NODE_ID":9670,"GLOBALID":"be4da274-7c0f-44c1-aec9-10d6a16359ea","CREATEDDATE":1520794199000,"LASTUPDATE":1643920995000}},{"type":"Feature","id":1933,"geometry":{"type":"Point","coordinates":[-89.2405926215983,48.4146080942282]},"properties":{"OBJECTID":1933,"LOC_ID":"PC0713","FDMID":2432,"X_COORD":334211.34307,"Y_COORD":5364807.8442,"BEAT":"N 2","ROT_ANGLE":0,"NODE_ID":6829,"GLOBALID":"cab51407-c8a3-4247-b821-be7f14ab9bdc","CREATEDDATE":1520794199000,"LASTUPDATE":1644351278000}},{"type":"Feature","id":1934,"geometry":{"type":"Point","coordinates":[-89.2893759039149,48.4144298874788]},"properties":{"OBJECTID":1934,"LOC_ID":"MC0236","FDMID":3233,"X_COORD":330601.31068,"Y_COORD":5364894.82916,"BEAT":"N 1","ROT_ANGLE":0,"NODE_ID":5953,"GLOBALID":"27591862-79f7-4d23-acdf-2a0693e41935","CREATEDDATE":1520794199000,"LASTUPDATE":1643920995000}},{"type":"Feature","id":1935,"geometry":{"type":"Point","coordinates":[-89.247756755406,48.4089095274697]},"properties":{"OBJECTID":1935,"LOC_ID":"PP0143","FDMID":3365,"X_COORD":333662.68131,"Y_COORD":5364190.04171,"BEAT":"N 2","ROT_ANGLE":0,"NODE_ID":2708,"GLOBALID":"62c48a38-ab34-44fb-bf85-65edd2cbc988","CREATEDDATE":1520794199000,"LASTUPDATE":1643920995000}},{"type":"Feature","id":1936,"geometry":{"type":"Point","coordinates":[-89.2497903540499,48.4115025021162]},"properties":{"OBJECTID":1936,"LOC_ID":"PC0872","FDMID":3523,"X_COORD":333520.66659,"Y_COORD":5364482.65355,"BEAT":"N 2","ROT_ANGLE":0,"NODE_ID":6111,"GLOBALID":"789b5140-b3dd-420f-8f22-a49a3063a60c","CREATEDDATE":1520794199000,"LASTUPDATE":1643920995000}},{"type":"Feature","id":1937,"geometry":{"type":"Point","coordinates":[-89.2742609327744,48.4100318739303]},"properties":{"OBJECTID":1937,"LOC_ID":"PC1040","FDMID":2754,"X_COORD":331707.29417,"Y_COORD":5364374.12004,"BEAT":"N 1","ROT_ANGLE":0,"NODE_ID":5023,"GLOBALID":"ec0d2913-3e17-4767-b393-89974002dc47","CREATEDDATE":1520794199000,"LASTUPDATE":1643920995000}},{"type":"Feature","id":1938,"geometry":{"type":"Point","coordinates":[-89.2471445373693,48.4055807453306]},"properties":{"OBJECTID":1938,"LOC_ID":"PC0933","FDMID":2649,"X_COORD":333697.12483,"Y_COORD":5363818.73905,"BEAT":"N 2","ROT_ANGLE":0,"NODE_ID":934,"GLOBALID":"a1b64945-b599-4cb4-8c00-4aa37f648329","CREATEDDATE":1520794199000,"LASTUPDATE":1643920995000}},{"type":"Feature","id":1939,"geometry":{"type":"Point","coordinates":[-89.2874009942469,48.3985771380962]},"properties":{"OBJECTID":1939,"LOC_ID":"FC0970","FDMID":961,"X_COORD":330699.79004,"Y_COORD":5363125.79595,"BEAT":"S 4","ROT_ANGLE":0,"NODE_ID":7189,"GLOBALID":"be6cd88d-f7de-4c26-bddb-d7a59ac954a8","CREATEDDATE":1520794199000,"LASTUPDATE":1643920995000}},{"type":"Feature","id":1940,"geometry":{"type":"Point","coordinates":[-89.265066230067,48.3943893004875]},"properties":{"OBJECTID":1940,"LOC_ID":"FC1110","FDMID":1099,"X_COORD":332334.09046,"Y_COORD":5362613.97079,"BEAT":"S 4","ROT_ANGLE":0,"NODE_ID":8093,"GLOBALID":"38fcd17c-4826-49b1-903c-166a7be338f6","CREATEDDATE":1520794199000,"LASTUPDATE":1643920995000}},{"type":"Feature","id":1941,"geometry":{"type":"Point","coordinates":[-89.2358698155036,48.3949184260299]},"properties":{"OBJECTID":1941,"LOC_ID":"FC0001","FDMID":43,"X_COORD":334499.148,"Y_COORD":5362606.92567,"BEAT":"S 11","ROT_ANGLE":0,"NODE_ID":7832,"GLOBALID":"d22bb43f-61b2-48f7-a396-cae0d7da8417","CREATEDDATE":1520794199000,"LASTUPDATE":1690471464000}},{"type":"Feature","id":1942,"geometry":{"type":"Point","coordinates":[-89.2481257863524,48.3932879180129]},"properties":{"OBJECTID":1942,"LOC_ID":"FC0731","FDMID":722,"X_COORD":333584.53321,"Y_COORD":5362453.59371,"BEAT":"S 9","ROT_ANGLE":0,"NODE_ID":326,"GLOBALID":"9cc3b4e2-57ea-49af-ab79-fc6ded26f882","CREATEDDATE":1520794199000,"LASTUPDATE":1643920995000}},{"type":"Feature","id":1943,"geometry":{"type":"Point","coordinates":[-89.2924861883567,48.3919986547445]},"properties":{"OBJECTID":1943,"LOC_ID":"FC1040","FDMID":1031,"X_COORD":330296.54217,"Y_COORD":5362408.66647,"BEAT":"S 1","ROT_ANGLE":0,"NODE_ID":10434,"GLOBALID":"9c9a6eea-5d85-4272-affb-b8c83e8dc603","CREATEDDATE":1520794199000,"LASTUPDATE":1643920995000}},{"type":"Feature","id":1944,"geometry":{"type":"Point","coordinates":[-89.2528644730478,48.3915405394439]},"properties":{"OBJECTID":1944,"LOC_ID":"FC0661","FDMID":653,"X_COORD":333227.93468,"Y_COORD":5362270.70347,"BEAT":"S 9","ROT_ANGLE":0,"NODE_ID":6107,"GLOBALID":"f0308a33-8002-4ecf-9ca3-529fad61b214","CREATEDDATE":1520794199000,"LASTUPDATE":1643920995000}},{"type":"Feature","id":1945,"geometry":{"type":"Point","coordinates":[-89.2952461010258,48.3905425946274]},"properties":{"OBJECTID":1945,"LOC_ID":"FC1174","FDMID":3594,"X_COORD":330087.40604,"Y_COORD":5362252.95422,"BEAT":"S 1","ROT_ANGLE":0,"NODE_ID":10031,"GLOBALID":"e609623e-a3b8-4ef0-be5a-538588d22bf4","CREATEDDATE":1520794199000,"LASTUPDATE":1643920995000}},{"type":"Feature","id":1946,"geometry":{"type":"Point","coordinates":[-89.2742438634394,48.3904030203903]},"properties":{"OBJECTID":1946,"LOC_ID":"FC0955","FDMID":946,"X_COORD":331641.60943,"Y_COORD":5362191.05393,"BEAT":"S 4","ROT_ANGLE":0,"NODE_ID":7733,"GLOBALID":"ceefe2bd-8832-4270-9544-e15e07447e84","CREATEDDATE":1520794199000,"LASTUPDATE":1643920995000}},{"type":"Feature","id":1947,"geometry":{"type":"Point","coordinates":[-89.2993561519159,48.3900719417007]},"properties":{"OBJECTID":1947,"LOC_ID":"FC1160","FDMID":3408,"X_COORD":329781.60022,"Y_COORD":5362209.77035,"BEAT":"S 1","ROT_ANGLE":0,"NODE_ID":6816,"GLOBALID":"f665ebae-c0fb-4a9f-a8f3-8882bddb3fa7","CREATEDDATE":1520794199000,"LASTUPDATE":1643920995000}},{"type":"Feature","id":1948,"geometry":{"type":"Point","coordinates":[-89.2469724097707,48.3902143394934]},"properties":{"OBJECTID":1948,"LOC_ID":"FC0115","FDMID":108,"X_COORD":333677.16707,"Y_COORD":5362113.49361,"BEAT":"S 9","ROT_ANGLE":0,"NODE_ID":3790,"GLOBALID":"5350c6c1-ea99-45a1-aac5-ef3e05355c04","CREATEDDATE":1520794199000,"LASTUPDATE":1674503559000}},{"type":"Feature","id":1949,"geometry":{"type":"Point","coordinates":[-89.3033895672989,48.3887368350512]},"properties":{"OBJECTID":1949,"LOC_ID":"NC0584","FDMID":3614,"X_COORD":329478.56815,"Y_COORD":5362070.34942,"BEAT":"S 13","ROT_ANGLE":0,"NODE_ID":9406,"GLOBALID":"f4ef8a65-c46c-45c3-b874-d85a9d7b4be5","CREATEDDATE":1520794199000,"LASTUPDATE":1643920995000}},{"type":"Feature","id":1950,"geometry":{"type":"Point","coordinates":[-89.2557565486798,48.3893677511031]},"properties":{"OBJECTID":1950,"LOC_ID":"FC0075","FDMID":68,"X_COORD":333006.73993,"Y_COORD":5362035.51396,"BEAT":"S 9","ROT_ANGLE":0,"NODE_ID":7786,"GLOBALID":"8730840a-a463-4d83-b871-d3ebf317cadc","CREATEDDATE":1520794199000,"LASTUPDATE":1643920995000}},{"type":"Feature","id":1951,"geometry":{"type":"Point","coordinates":[-89.2731022659081,48.386692125926]},"properties":{"OBJECTID":1951,"LOC_ID":"FC0247","FDMID":242,"X_COORD":331713.87644,"Y_COORD":5361776.10379,"BEAT":"S 7","ROT_ANGLE":0,"NODE_ID":9963,"GLOBALID":"e9893eb5-8a3f-432d-8a4f-23bfda9d9bba","CREATEDDATE":1520794199000,"LASTUPDATE":1643920995000}},{"type":"Feature","id":1952,"geometry":{"type":"Point","coordinates":[-89.2467486470713,48.3839705822842]},"properties":{"OBJECTID":1952,"LOC_ID":"FC0119","FDMID":112,"X_COORD":333655.94953,"Y_COORD":5361416.0426,"BEAT":"S 10","ROT_ANGLE":0,"NODE_ID":8982,"GLOBALID":"d9634370-0ed4-4e57-9c59-ce965f8f6888","CREATEDDATE":1520794199000,"LASTUPDATE":1643920995000}},{"type":"Feature","id":1953,"geometry":{"type":"Point","coordinates":[-89.2772468454003,48.3839442685061]},"properties":{"OBJECTID":1953,"LOC_ID":"FC0453","FDMID":445,"X_COORD":331397.97679,"Y_COORD":5361479.81399,"BEAT":"S 7","ROT_ANGLE":0,"NODE_ID":3549,"GLOBALID":"5d8a84a5-11de-4f25-b60e-75d61f2726a4","CREATEDDATE":1520794199000,"LASTUPDATE":1643920995000}},{"type":"Feature","id":1954,"geometry":{"type":"Point","coordinates":[-89.2976232788687,48.3836193107637]},"properties":{"OBJECTID":1954,"LOC_ID":"FC0919","FDMID":910,"X_COORD":329888.3709,"Y_COORD":5361488.74378,"BEAT":"S 2","ROT_ANGLE":0,"NODE_ID":584,"GLOBALID":"8beb1ff3-8f8a-4770-a1dd-900fb1ff85e8","CREATEDDATE":1520794199000,"LASTUPDATE":1643920995000}},{"type":"Feature","id":1955,"geometry":{"type":"Point","coordinates":[-89.309527804472,48.3828389213378]},"properties":{"OBJECTID":1955,"LOC_ID":"NP0014","FDMID":1687,"X_COORD":329004.41877,"Y_COORD":5361428.51338,"BEAT":"S 13","ROT_ANGLE":0,"NODE_ID":7719,"GLOBALID":"fba05f0f-8fde-4bfd-a153-eebc93a21074","CREATEDDATE":1520794199000,"LASTUPDATE":1643920995000}},{"type":"Feature","id":1956,"geometry":{"type":"Point","coordinates":[-89.253829996103,48.3816879612341]},"properties":{"OBJECTID":1956,"LOC_ID":"FC0463","FDMID":455,"X_COORD":333124.22652,"Y_COORD":5361177.74858,"BEAT":"S 10","ROT_ANGLE":0,"NODE_ID":2798,"GLOBALID":"a020a105-cda6-4e93-b31d-353fefedae8c","CREATEDDATE":1520794199000,"LASTUPDATE":1643920995000}},{"type":"Feature","id":1957,"geometry":{"type":"Point","coordinates":[-89.2585994516891,48.3815992857689]},"properties":{"OBJECTID":1957,"LOC_ID":"FC0691","FDMID":682,"X_COORD":332780.01123,"Y_COORD":5361177.22199,"BEAT":"S 8","ROT_ANGLE":0,"NODE_ID":1427,"GLOBALID":"20fbde3d-8b9a-464f-8fc7-5041ec1d66b5","CREATEDDATE":1520794199000,"LASTUPDATE":1673903355000}},{"type":"Feature","id":1958,"geometry":{"type":"Point","coordinates":[-89.2592805144472,48.3815460339201]},"properties":{"OBJECTID":1958,"LOC_ID":"FC0676","FDMID":668,"X_COORD":332720.4454,"Y_COORD":5361173.87198,"BEAT":"S 8","ROT_ANGLE":0,"NODE_ID":10392,"GLOBALID":"69e7c004-30b1-4054-b1f3-a49cd1f70893","CREATEDDATE":1520794199000,"LASTUPDATE":1673903301000}},{"type":"Feature","id":1959,"geometry":{"type":"Point","coordinates":[-89.3322843976106,48.3778970880004]},"properties":{"OBJECTID":1959,"LOC_ID":"NP0048","FDMID":1717,"X_COORD":327302.92168,"Y_COORD":5360930.33508,"BEAT":"S 13","ROT_ANGLE":0,"NODE_ID":6913,"GLOBALID":"e493371b-9d97-4770-89cf-53a8fafa06e7","CREATEDDATE":1520794199000,"LASTUPDATE":1643920995000}},{"type":"Feature","id":1960,"geometry":{"type":"Point","coordinates":[-89.3127707251376,48.3807124887227]},"properties":{"OBJECTID":1960,"LOC_ID":"NC0006","FDMID":1184,"X_COORD":328757.19369,"Y_COORD":5361199.42103,"BEAT":"S 13","ROT_ANGLE":0,"NODE_ID":6068,"GLOBALID":"23f5f1b1-36c2-4f15-b588-38888c4733c6","CREATEDDATE":1520794199000,"LASTUPDATE":1643920995000}},{"type":"Feature","id":1961,"geometry":{"type":"Point","coordinates":[-89.259568554608,48.3775168231208]},"properties":{"OBJECTID":1961,"LOC_ID":"FC0381","FDMID":376,"X_COORD":332680.39497,"Y_COORD":5360726.89751,"BEAT":null,"ROT_ANGLE":0,"NODE_ID":2688,"GLOBALID":"ce15c7c1-6b70-472f-a4ab-dd09ced8e750","CREATEDDATE":1520794199000,"LASTUPDATE":1670281058000}},{"type":"Feature","id":1962,"geometry":{"type":"Point","coordinates":[-89.3607133647157,48.3702856120124]},"properties":{"OBJECTID":1962,"LOC_ID":"NC0053","FDMID":1231,"X_COORD":325171.94415,"Y_COORD":5360148.86999,"BEAT":"S 15","ROT_ANGLE":0,"NODE_ID":9558,"GLOBALID":"eb1a7af8-f2a0-47d3-b08e-764cb5bac240","CREATEDDATE":1520794199000,"LASTUPDATE":1643920995000}},{"type":"Feature","id":1963,"geometry":{"type":"Point","coordinates":[-89.2975298847509,48.3693242049044]},"properties":{"OBJECTID":1963,"LOC_ID":"FC0486","FDMID":478,"X_COORD":329847.64335,"Y_COORD":5359899.73924,"BEAT":"S 2","ROT_ANGLE":0,"NODE_ID":9222,"GLOBALID":"9374a607-4e3b-4d09-9a1f-3f765f44f6d4","CREATEDDATE":1520794199000,"LASTUPDATE":1644003728000}},{"type":"Feature","id":1964,"geometry":{"type":"Point","coordinates":[-89.2943578650359,48.3671852992205]},"properties":{"OBJECTID":1964,"LOC_ID":"FC0283","FDMID":278,"X_COORD":330075.43087,"Y_COORD":5359654.97534,"BEAT":"S 3","ROT_ANGLE":0,"NODE_ID":9483,"GLOBALID":"f55eaf63-6685-4ef8-864b-3c8467f1a609","CREATEDDATE":1520794199000,"LASTUPDATE":1643920996000}},{"type":"Feature","id":1965,"geometry":{"type":"Point","coordinates":[-89.2624560905107,48.367179034339]},"properties":{"OBJECTID":1965,"LOC_ID":"FC0269","FDMID":264,"X_COORD":332437.94044,"Y_COORD":5359584.00394,"BEAT":"S 6","ROT_ANGLE":0,"NODE_ID":9016,"GLOBALID":"15d66284-e596-4a3a-9e26-0e15a714dfc0","CREATEDDATE":1520794199000,"LASTUPDATE":1643920996000}},{"type":"Feature","id":1966,"geometry":{"type":"Point","coordinates":[-89.388431448498,48.3636363628149]},"properties":{"OBJECTID":1966,"LOC_ID":"NC0406","FDMID":1580,"X_COORD":323096.3261,"Y_COORD":5359473.47748,"BEAT":"S 14","ROT_ANGLE":0,"NODE_ID":1593,"GLOBALID":"ebb9f7de-8768-4fb7-95b1-9f61b7374fe8","CREATEDDATE":1520794199000,"LASTUPDATE":1643920996000}},{"type":"Feature","id":1967,"geometry":{"type":"Point","coordinates":[-89.2828659012142,48.3650202128744]},"properties":{"OBJECTID":1967,"LOC_ID":"FC0291","FDMID":286,"X_COORD":330919.32822,"Y_COORD":5359388.91889,"BEAT":"S 6","ROT_ANGLE":0,"NODE_ID":7165,"GLOBALID":"e8433882-24dd-48b0-b68c-c5a69ae274e2","CREATEDDATE":1520794199000,"LASTUPDATE":1643920996000}},{"type":"Feature","id":1968,"geometry":{"type":"Point","coordinates":[-89.3661921508868,48.3626174498323]},"properties":{"OBJECTID":1968,"LOC_ID":"NC0067","FDMID":1245,"X_COORD":324739.9165,"Y_COORD":5359309.12599,"BEAT":"S 14","ROT_ANGLE":0,"NODE_ID":550,"GLOBALID":"2536a13e-0478-4d16-b6f9-735ad3ae0acf","CREATEDDATE":1520794199000,"LASTUPDATE":1643920996000}},{"type":"Feature","id":1969,"geometry":{"type":"Point","coordinates":[-89.3684407385023,48.3626367626318]},"properties":{"OBJECTID":1969,"LOC_ID":"NC0068","FDMID":1246,"X_COORD":324573.4461,"Y_COORD":5359316.41789,"BEAT":"S 14","ROT_ANGLE":0,"NODE_ID":9270,"GLOBALID":"01b175a4-5394-4a41-9917-53f2ae109146","CREATEDDATE":1520794199000,"LASTUPDATE":1643920996000}},{"type":"Feature","id":1970,"geometry":{"type":"Point","coordinates":[-89.3883756770831,48.3624055026411]},"properties":{"OBJECTID":1970,"LOC_ID":"NC0086","FDMID":1264,"X_COORD":323096.19323,"Y_COORD":5359336.5482,"BEAT":"S 14","ROT_ANGLE":0,"NODE_ID":5322,"GLOBALID":"035ff0fe-5425-4f47-8b54-54abfe371d03","CREATEDDATE":1520794199000,"LASTUPDATE":1643920996000}},{"type":"Feature","id":1971,"geometry":{"type":"Point","coordinates":[-89.3640529058458,48.3581768565925]},"properties":{"OBJECTID":1971,"LOC_ID":"NC0104","FDMID":1282,"X_COORD":324883.13288,"Y_COORD":5358810.69604,"BEAT":"S 15","ROT_ANGLE":0,"NODE_ID":6070,"GLOBALID":"4ee7fd31-7ccb-4460-953a-ba94245a775c","CREATEDDATE":1520794199000,"LASTUPDATE":1643920996000}},{"type":"Feature","id":1972,"geometry":{"type":"Point","coordinates":[-89.3673449204123,48.3584842959481]},"properties":{"OBJECTID":1972,"LOC_ID":"NC0102","FDMID":1280,"X_COORD":324640.35093,"Y_COORD":5358852.39434,"BEAT":"S 15","ROT_ANGLE":0,"NODE_ID":5907,"GLOBALID":"a57ae460-a0dc-42c2-8d3c-c4c44ab79a05","CREATEDDATE":1520794199000,"LASTUPDATE":1643920996000}},{"type":"Feature","id":1973,"geometry":{"type":"Point","coordinates":[-89.3427378877659,48.3563053061265]},"properties":{"OBJECTID":1973,"LOC_ID":"NC0121","FDMID":1300,"X_COORD":326455.57679,"Y_COORD":5358554.18813,"BEAT":"S 15","ROT_ANGLE":0,"NODE_ID":1611,"GLOBALID":"5dc83402-f08f-439c-a61d-378b322c3634","CREATEDDATE":1520794199000,"LASTUPDATE":1643920996000}},{"type":"Feature","id":1974,"geometry":{"type":"Point","coordinates":[-89.2343486819164,48.3564854749651]},"properties":{"OBJECTID":1974,"LOC_ID":"FP0007","FDMID":1147,"X_COORD":334484.87011,"Y_COORD":5358334.40394,"BEAT":"S 12","ROT_ANGLE":0,"NODE_ID":6568,"GLOBALID":"b0e93592-4059-467c-854a-8b38080a264f","CREATEDDATE":1520794199000,"LASTUPDATE":1643920996000}},{"type":"Feature","id":1975,"geometry":{"type":"Point","coordinates":[-89.1822686509357,48.4760037967769]},"properties":{"OBJECTID":1975,"LOC_ID":"PC0080","FDMID":1804,"X_COORD":338718.11658,"Y_COORD":5371548.51723,"BEAT":"N 11","ROT_ANGLE":0,"NODE_ID":2682,"GLOBALID":"74c7835f-af4c-4dac-ae5a-467cde094cef","CREATEDDATE":1520794199000,"LASTUPDATE":1643920996000}},{"type":"Feature","id":1976,"geometry":{"type":"Point","coordinates":[-89.1558595393363,48.474418470549]},"properties":{"OBJECTID":1976,"LOC_ID":"PP0005","FDMID":2876,"X_COORD":340667.95875,"Y_COORD":5371275.50475,"BEAT":"N 14","ROT_ANGLE":0,"NODE_ID":3603,"GLOBALID":"ade98f29-5302-4aab-90fe-37d6a94f0f11","CREATEDDATE":1520794199000,"LASTUPDATE":1643920996000}},{"type":"Feature","id":1977,"geometry":{"type":"Point","coordinates":[-89.2634984384603,48.4624782329588]},"properties":{"OBJECTID":1977,"LOC_ID":"MC0294","FDMID":3448,"X_COORD":332673.89846,"Y_COORD":5370178.20658,"BEAT":"N 15","ROT_ANGLE":0,"NODE_ID":7102,"GLOBALID":"142fd13c-c05f-473a-8519-c930dd7f0ee2","CREATEDDATE":1520794199000,"LASTUPDATE":1643920996000}},{"type":"Feature","id":1978,"geometry":{"type":"Point","coordinates":[-89.1878186658506,48.4626405072485]},"properties":{"OBJECTID":1978,"LOC_ID":"PC0032","FDMID":1756,"X_COORD":338268.6607,"Y_COORD":5370033.48645,"BEAT":"N 11","ROT_ANGLE":0,"NODE_ID":8325,"GLOBALID":"a11bc384-6e8f-44c8-9fc6-ae6fbd6b35e0","CREATEDDATE":1520794199000,"LASTUPDATE":1643920996000}},{"type":"Feature","id":1979,"geometry":{"type":"Point","coordinates":[-89.2726170166693,48.4607228553467]},"properties":{"OBJECTID":1979,"LOC_ID":"MC0322","FDMID":3626,"X_COORD":331994.06332,"Y_COORD":5370003.0885,"BEAT":"N 15","ROT_ANGLE":0,"NODE_ID":4025,"GLOBALID":"da35f8a4-3d06-410e-9e4d-28568da7fe5c","CREATEDDATE":1520794199000,"LASTUPDATE":1643920996000}},{"type":"Feature","id":1980,"geometry":{"type":"Point","coordinates":[-89.2147730548331,48.4605919793595]},"properties":{"OBJECTID":1980,"LOC_ID":"PC0259","FDMID":1982,"X_COORD":336267.49641,"Y_COORD":5369862.6597,"BEAT":"N 9","ROT_ANGLE":0,"NODE_ID":1005,"GLOBALID":"c1e8e14b-50e2-47f1-9e32-342c00cb5f41","CREATEDDATE":1520794199000,"LASTUPDATE":1643920996000}},{"type":"Feature","id":1981,"geometry":{"type":"Point","coordinates":[-89.1921104563808,48.458892786333]},"properties":{"OBJECTID":1981,"LOC_ID":"PC1058","FDMID":2772,"X_COORD":337939.47235,"Y_COORD":5369626.03045,"BEAT":"N 11","ROT_ANGLE":0,"NODE_ID":8672,"GLOBALID":"c8a9ac58-fa22-4378-80e6-cc2a8cdaf2e1","CREATEDDATE":1520794199000,"LASTUPDATE":1644266150000}},{"type":"Feature","id":1982,"geometry":{"type":"Point","coordinates":[-89.2697998667562,48.4533777045028]},"properties":{"OBJECTID":1982,"LOC_ID":"MC0136","FDMID":3133,"X_COORD":332178.0966,"Y_COORD":5369180.53541,"BEAT":"N 15","ROT_ANGLE":0,"NODE_ID":8762,"GLOBALID":"38ac0ba9-54a8-493a-9673-e60a2ee26ff7","CREATEDDATE":1520794199000,"LASTUPDATE":1643920996000}},{"type":"Feature","id":1983,"geometry":{"type":"Point","coordinates":[-89.2735116753386,48.4526651445677]},"properties":{"OBJECTID":1983,"LOC_ID":"MC0099","FDMID":3096,"X_COORD":331901.32118,"Y_COORD":5369109.48517,"BEAT":"N 15","ROT_ANGLE":0,"NODE_ID":6488,"GLOBALID":"a0f7c375-0bb0-475f-a37c-a18b1a89029d","CREATEDDATE":1520794199000,"LASTUPDATE":1643920996000}},{"type":"Feature","id":1984,"geometry":{"type":"Point","coordinates":[-89.194100954185,48.4514867815468]},"properties":{"OBJECTID":1984,"LOC_ID":"PC0171","FDMID":1894,"X_COORD":337768.72137,"Y_COORD":5368807.10693,"BEAT":"N 10","ROT_ANGLE":0,"NODE_ID":2372,"GLOBALID":"937fff42-bdbd-40f9-89ef-c5e61698cf31","CREATEDDATE":1520794199000,"LASTUPDATE":1644367180000}},{"type":"Feature","id":1985,"geometry":{"type":"Point","coordinates":[-89.2567895690045,48.4502478556143]},"properties":{"OBJECTID":1985,"LOC_ID":"MC0018","FDMID":3016,"X_COORD":333129.70825,"Y_COORD":5368801.49464,"BEAT":"N 13","ROT_ANGLE":0,"NODE_ID":9110,"GLOBALID":"a80e38a9-8523-4fb2-a835-412411fd2550","CREATEDDATE":1520794199000,"LASTUPDATE":1643920996000}},{"type":"Feature","id":1986,"geometry":{"type":"Point","coordinates":[-89.234355588124,48.4497526138021]},"properties":{"OBJECTID":1986,"LOC_ID":"PC0852","FDMID":2568,"X_COORD":334786.82057,"Y_COORD":5368700.49701,"BEAT":"N 8","ROT_ANGLE":0,"NODE_ID":9650,"GLOBALID":"f66097c9-3b78-4ad5-84ef-b05440926132","CREATEDDATE":1520794199000,"LASTUPDATE":1643920996000}},{"type":"Feature","id":1987,"geometry":{"type":"Point","coordinates":[-89.2756708824188,48.4465903231745]},"properties":{"OBJECTID":1987,"LOC_ID":"MC0310","FDMID":3567,"X_COORD":331721.60201,"Y_COORD":5368439.05035,"BEAT":"N 13","ROT_ANGLE":0,"NODE_ID":4757,"GLOBALID":"e71a3240-7d7f-4212-bd12-1c048f3f3fb6","CREATEDDATE":1520794199000,"LASTUPDATE":1643920996000}},{"type":"Feature","id":1988,"geometry":{"type":"Point","coordinates":[-89.200878638137,48.4494961918787]},"properties":{"OBJECTID":1988,"LOC_ID":"PC0160","FDMID":1883,"X_COORD":337261.24233,"Y_COORD":5368600.25304,"BEAT":"N 10","ROT_ANGLE":0,"NODE_ID":7274,"GLOBALID":"5e177a8a-9843-4e27-b235-c23154465fdd","CREATEDDATE":1520794199000,"LASTUPDATE":1643920996000}},{"type":"Feature","id":1989,"geometry":{"type":"Point","coordinates":[-89.2786553323217,48.4471695062836]},"properties":{"OBJECTID":1989,"LOC_ID":"MC0215","FDMID":3212,"X_COORD":331502.84156,"Y_COORD":5368509.98898,"BEAT":"N 13","ROT_ANGLE":0,"NODE_ID":3349,"GLOBALID":"5df07753-6191-40ff-8820-d85d5cbeeea5","CREATEDDATE":1520794199000,"LASTUPDATE":1643920996000}},{"type":"Feature","id":1990,"geometry":{"type":"Point","coordinates":[-89.2472382919855,48.4471936428118]},"properties":{"OBJECTID":1990,"LOC_ID":"PC0765","FDMID":2482,"X_COORD":333825.93865,"Y_COORD":5368443.97938,"BEAT":"N 8","ROT_ANGLE":0,"NODE_ID":10538,"GLOBALID":"bf85792b-9d64-4a6b-8d2c-b14f09f18b5c","CREATEDDATE":1520794199000,"LASTUPDATE":1644366700000}},{"type":"Feature","id":1991,"geometry":{"type":"Point","coordinates":[-89.2466014500068,48.4438620998153]},"properties":{"OBJECTID":1991,"LOC_ID":"PC0495","FDMID":2217,"X_COORD":333862.16009,"Y_COORD":5368072.31422,"BEAT":"N 8","ROT_ANGLE":0,"NODE_ID":820,"GLOBALID":"15c660b9-30d2-4d38-afb7-d254e0c42e70","CREATEDDATE":1520794199000,"LASTUPDATE":1643920996000}},{"type":"Feature","id":1992,"geometry":{"type":"Point","coordinates":[-89.226905288162,48.4381891275461]},"properties":{"OBJECTID":1992,"LOC_ID":"PC0466","FDMID":2188,"X_COORD":335300.30076,"Y_COORD":5367399.20651,"BEAT":"N 6","ROT_ANGLE":0,"NODE_ID":222,"GLOBALID":"088f99d0-46d6-438e-928f-b062371ca965","CREATEDDATE":1520794199000,"LASTUPDATE":1643920997000}},{"type":"Feature","id":1993,"geometry":{"type":"Point","coordinates":[-89.2320980419061,48.4340697521166]},"properties":{"OBJECTID":1993,"LOC_ID":"PC0464","FDMID":2186,"X_COORD":334905.96272,"Y_COORD":5366945.25118,"BEAT":"N 6","ROT_ANGLE":0,"NODE_ID":5892,"GLOBALID":"59abf7dd-4b73-4dee-942b-78a3b04109a8","CREATEDDATE":1520794199000,"LASTUPDATE":1643920997000}},{"type":"Feature","id":1994,"geometry":{"type":"Point","coordinates":[-89.2524897599761,48.4321276428995]},"properties":{"OBJECTID":1994,"LOC_ID":"PC0624","FDMID":2343,"X_COORD":333388.36451,"Y_COORD":5366780.88485,"BEAT":"N 5","ROT_ANGLE":0,"NODE_ID":7366,"GLOBALID":"8d1e6c0c-840e-40bf-ab9b-2ef6ccf9e895","CREATEDDATE":1520794199000,"LASTUPDATE":1644362136000}},{"type":"Feature","id":1995,"geometry":{"type":"Point","coordinates":[-89.2670724374901,48.4205420452811]},"properties":{"OBJECTID":1995,"LOC_ID":"PP0051","FDMID":2918,"X_COORD":332271.64054,"Y_COORD":5365525.05508,"BEAT":"N 1","ROT_ANGLE":0,"NODE_ID":603,"GLOBALID":"45f379f3-4f64-40be-8bd3-943565365714","CREATEDDATE":1520794199000,"LASTUPDATE":1643920997000}},{"type":"Feature","id":1996,"geometry":{"type":"Point","coordinates":[-89.2537968859853,48.4177843641591]},"properties":{"OBJECTID":1996,"LOC_ID":"PC1160","FDMID":3343,"X_COORD":333244.75311,"Y_COORD":5365189.55198,"BEAT":"N 3","ROT_ANGLE":0,"NODE_ID":346,"GLOBALID":"db151291-713e-449a-ad02-a63456eddbdb","CREATEDDATE":1520794199000,"LASTUPDATE":1643920997000}},{"type":"Feature","id":1997,"geometry":{"type":"Point","coordinates":[-89.2405392806173,48.4182317455789]},"properties":{"OBJECTID":1997,"LOC_ID":"PC0809","FDMID":2525,"X_COORD":334227.07683,"Y_COORD":5365210.4746,"BEAT":"N 2","ROT_ANGLE":0,"NODE_ID":7151,"GLOBALID":"cd6271b3-b277-4bc3-a83c-237d1a9ec9eb","CREATEDDATE":1520794199000,"LASTUPDATE":1644351517000}},{"type":"Feature","id":1998,"geometry":{"type":"Point","coordinates":[-89.2503705990062,48.4184998464704]},"properties":{"OBJECTID":1998,"LOC_ID":"PC1011","FDMID":2725,"X_COORD":333500.5862,"Y_COORD":5365261.6147,"BEAT":"N 3","ROT_ANGLE":0,"NODE_ID":7858,"GLOBALID":"ea084132-857b-48d5-a6f1-716977d4badd","CREATEDDATE":1520794199000,"LASTUPDATE":1643920997000}},{"type":"Feature","id":1999,"geometry":{"type":"Point","coordinates":[-89.2806421845477,48.4040357165367]},"properties":{"OBJECTID":1999,"LOC_ID":"FC0860","FDMID":851,"X_COORD":331213.09513,"Y_COORD":5363720.30987,"BEAT":"S 1","ROT_ANGLE":0,"NODE_ID":434,"GLOBALID":"c65b7350-93e3-4f55-a2f0-995fcbeb0f5e","CREATEDDATE":1520794199000,"LASTUPDATE":1643920997000}},{"type":"Feature","id":2000,"geometry":{"type":"Point","coordinates":[-89.2333657786494,48.3948172011512]},"properties":{"OBJECTID":2000,"LOC_ID":"FC0627","FDMID":619,"X_COORD":334681.88848,"Y_COORD":5362592.59428,"BEAT":"S 11","ROT_ANGLE":0,"NODE_ID":3122,"GLOBALID":"f9fe8a91-5a75-4c47-9ec4-bdd9282a1180","CREATEDDATE":1520794199000,"LASTUPDATE":1643920997000}}]}