{"type": "FeatureCollection", "crs": {"type": "name", "properties": {"name": "EPSG:4326"}}, "features": [{"type": "Feature", "id": 3874, "geometry": {"type": "LineString", "coordinates": [[-89.25806100087, 48.4568705808063], [-89.2594016283949, 48.4568266160715]]}, "properties": {"OBJECTID": 3874, "ROAD_CLASS": null, "OP2002_ROW": "TBD", "OP2018_ROW": "20 m", "Shape__Length": 99.27306238809739}}, {"type": "Feature", "id": 3875, "geometry": {"type": "LineString", "coordinates": [[-89.2594016283949, 48.4568266160715], [-89.2622651310631, 48.4589853845736]]}, "properties": {"OBJECTID": 3875, "ROAD_CLASS": null, "OP2002_ROW": "TBD", "OP2018_ROW": "20 m", "Shape__Length": 320.10909612525245}}, {"type": "Feature", "id": 3876, "geometry": {"type": "LineString", "coordinates": [[-89.2398421952171, 48.4188413352369], [-89.2423760892461, 48.4191724091353], [-89.2435108003091, 48.4192393314103], [-89.2445998248337, 48.4192300493765], [-89.2447320753293, 48.4192226131659], [-89.2448640644667, 48.4192133452658], [-89.2449957349917, 48.4192022496967], [-89.2451270297884, 48.4191893312719], [-89.245257891904, 48.4191745955953], [-89.2453882645735, 48.4191580490592], [-89.2455180912447, 48.4191396988413], [-89.245647315602, 48.4191195529018], [-89.2457758815915, 48.4190976199797], [-89.245903733445, 48.4190739095892], [-89.2460308157045, 48.4190484320156], [-89.246157073246, 48.4190211983106], [-89.2462824513033, 48.4189922202876], [-89.2464068954923, 48.418961510517], [-89.246530351834, 48.4189290823198], [-89.2466527667785, 48.4188949497629], [-89.2467740872278, 48.418859127652], [-89.246894260559, 48.418821631526], [-89.2470132346471, 48.4187824776498], [-89.2471309578877, 48.4187416830072], [-89.2472473792193, 48.4186992652939], [-89.2473624481458, 48.4186552429093], [-89.2474761147576, 48.4186096349492], [-89.2475883297543, 48.4185624611967], [-89.2476990444651, 48.4185137421142], [-89.2478082108708, 48.4184634988343], [-89.247915781624, 48.4184117531509], [-89.2480217100698, 48.4183585275091], [-89.2481259502663, 48.4183038449963], [-89.2482284570042, 48.4182477293313], [-89.2483291858266, 48.4181902048549], [-89.2484280930482, 48.4181312965185], [-89.2485251357742, 48.418071029874], [-89.2486202719191, 48.418009431062], [-89.2487134602248, 48.4179465268013], [-89.2488046602786, 48.4178823443763], [-89.2488938325304, 48.4178169116261], [-89.2489809383105, 48.4177502569319], [-89.2490659398455, 48.4176824092047], [-89.2491488002754, 48.4176133978728], [-89.2492294836695, 48.4175432528694], [-89.2493079550414, 48.4174720046189], [-89.2493841803649, 48.4173996840243], [-89.2494581265882, 48.4173263224535], [-89.2495297616486, 48.4172519517258], [-89.2495990544861, 48.4171766040981], [-89.2496659750571, 48.4171003122508], [-89.2497304943472, 48.4170231092737], [-89.249792584384, 48.4169450286515], [-89.249852218249, 48.4168661042496], [-89.2499093700895, 48.4167863702991], [-89.2499640151294, 48.4167058613821], [-89.2500161296804, 48.4166246124165], [-89.2500656911521, 48.4165426586413], [-89.2501126780613, 48.4164600356007], [-89.2501570700423, 48.4163767791292], [-89.2501988478546, 48.4162929253356], [-89.2502379933922, 48.4162085105879], [-89.2502744896906, 48.416123571497], [-89.2503083209347, 48.416038144901], [-89.2503394724656, 48.4159522678495], [-89.2503679307865, 48.4158659775868], [-89.250393683569, 48.4157793115368], [-89.2504167196582, 48.4156923072857], [-89.2503887690135, 48.413555223789]]}, "properties": {"OBJECTID": 3876, "ROAD_CLASS": null, "OP2002_ROW": "24 m", "OP2018_ROW": "24 m", "Shape__Length": 1222.383350495099}}, {"type": "Feature", "id": 3877, "geometry": {"type": "LineString", "coordinates": [[-89.2079195706344, 48.4640016651824], [-89.2076704468148, 48.4609247983109], [-89.2076002345603, 48.460096622394], [-89.2074126832089, 48.4591869182222], [-89.2070208306384, 48.4580644613844], [-89.2062860460165, 48.4567843178177], [-89.2053529054468, 48.4556283648871], [-89.2035273974126, 48.4535810449444], [-89.2021982335722, 48.4521057018909], [-89.2021878647391, 48.4520941913486]]}, "properties": {"OBJECTID": 3877, "ROAD_CLASS": null, "OP2002_ROW": "26 m", "OP2018_ROW": "24 m", "Shape__Length": 1420.7353554965543}}, {"type": "Feature", "id": 3878, "geometry": {"type": "LineString", "coordinates": [[-89.2214800276363, 48.4296340058562], [-89.2218017622472, 48.4292988540403], [-89.2234867066412, 48.428381367036], [-89.224923952349, 48.4274358722422], [-89.2263147685183, 48.426556799737], [-89.226913392275, 48.42559472651], [-89.2273513878248, 48.4243407753021], [-89.2275981352316, 48.4232216255052], [-89.2276579480277, 48.4223355249377], [-89.2277947533179, 48.4209562989899], [-89.2277403409913, 48.4197118793387], [-89.2278379280609, 48.4185628417161], [-89.2279020301629, 48.4177749837595], [-89.228090718944, 48.4170709570141]]}, "properties": {"OBJECTID": 3878, "ROAD_CLASS": null, "OP2002_ROW": "TBD", "OP2018_ROW": "20 m", "Shape__Length": 1567.4757439025668}}, {"type": "Feature", "id": 3879, "geometry": {"type": "LineString", "coordinates": [[-89.2877328558233, 48.4054765538081], [-89.2896180875401, 48.4037267823545], [-89.2941677068524, 48.399958091756], [-89.2982178583156, 48.3966157262211], [-89.2994495146368, 48.3953888901507], [-89.3001400554904, 48.3945103248682], [-89.3006446637151, 48.3935718040424], [-89.3011421732119, 48.3924763026606], [-89.3015546274604, 48.3917752999442], [-89.3018269104168, 48.3914722845593], [-89.3021549018164, 48.3912157640267], [-89.3027307223682, 48.3909066738344], [-89.3033855524522, 48.3906245640787], [-89.3041207313777, 48.3901853120142], [-89.3043623617384, 48.3899280447231]]}, "properties": {"OBJECTID": 3879, "ROAD_CLASS": null, "OP2002_ROW": "TBD", "OP2018_ROW": "24 m", "Shape__Length": 2146.9880953007055}}, {"type": "Feature", "id": 3880, "geometry": {"type": "LineString", "coordinates": [[-89.3483289449276, 48.3808329436278], [-89.3483353429923, 48.3839242449696], [-89.3482603128928, 48.3855539076971], [-89.3478223964281, 48.3864389509941], [-89.3470123835688, 48.3870395588289], [-89.3458131771116, 48.3878924504939], [-89.3458032448985, 48.3899920179317], [-89.3457877565295, 48.3915206645878], [-89.3457538998755, 48.3926497586087], [-89.3456851287233, 48.3931686941677], [-89.3455217402861, 48.3936576708051], [-89.3452509197553, 48.3939869578607], [-89.3447420147236, 48.3943989153238], [-89.343964281081, 48.3947433000865], [-89.3429716024459, 48.39507777659], [-89.3407869111663, 48.3956103112126], [-89.3357207036581, 48.3966061060592], [-89.3353181563255, 48.3967928322749], [-89.3348649037005, 48.3971148940948], [-89.3345233961987, 48.3973922320958], [-89.3341900839055, 48.3978356484081], [-89.3323101346313, 48.4004199560091]]}, "properties": {"OBJECTID": 3880, "ROAD_CLASS": null, "OP2002_ROW": "30 m", "OP2018_ROW": "24 m", "Shape__Length": 2806.7655125053566}}, {"type": "Feature", "id": 3881, "geometry": {"type": "LineString", "coordinates": [[-89.3527101321213, 48.3882066951701], [-89.3507708353389, 48.3881974933506], [-89.3481236679519, 48.3881848800672], [-89.3458131771116, 48.3878924504939], [-89.3442217046616, 48.3874600390485], [-89.3426893794241, 48.3867939620646], [-89.3409940836901, 48.3859008602523], [-89.3400493429615, 48.3855630118712], [-89.3379716831624, 48.3850696618905], [-89.3252783909175, 48.3839652395926], [-89.3210586399169, 48.3840648194356], [-89.3188656501694, 48.3844090374862], [-89.3171834629383, 48.3849187720411], [-89.3165844242728, 48.3849736821212], [-89.3152635873912, 48.3850872512643], [-89.3142849816943, 48.3851603773936], [-89.3121171134956, 48.38532234097]]}, "properties": {"OBJECTID": 3881, "ROAD_CLASS": null, "OP2002_ROW": "30 m", "OP2018_ROW": "24 m", "Shape__Length": 3122.125821858521}}, {"type": "Feature", "id": 3882, "geometry": {"type": "LineString", "coordinates": [[-89.2664858259656, 48.4635602835941], [-89.2664773390353, 48.4629438809474]]}, "properties": {"OBJECTID": 3882, "ROAD_CLASS": null, "OP2002_ROW": "TBD", "OP2018_ROW": "20 m", "Shape__Length": 68.54264618636446}}, {"type": "Feature", "id": 3883, "geometry": {"type": "LineString", "coordinates": [[-89.2665308879409, 48.4659500208479], [-89.2665159623162, 48.4651983647042]]}, "properties": {"OBJECTID": 3883, "ROAD_CLASS": null, "OP2002_ROW": "TBD", "OP2018_ROW": "20 m", "Shape__Length": 83.58635923269733}}, {"type": "Feature", "id": 3884, "geometry": {"type": "LineString", "coordinates": [[-89.2664990986672, 48.4644061310448], [-89.2664858259656, 48.4635602835941]]}, "properties": {"OBJECTID": 3884, "ROAD_CLASS": null, "OP2002_ROW": "TBD", "OP2018_ROW": "20 m", "Shape__Length": 94.05760363194483}}, {"type": "Feature", "id": 3885, "geometry": {"type": "LineString", "coordinates": [[-89.2665159623162, 48.4651983647042], [-89.2664990986672, 48.4644061310448]]}, "properties": {"OBJECTID": 3885, "ROAD_CLASS": null, "OP2002_ROW": "TBD", "OP2018_ROW": "20 m", "Shape__Length": 88.0998317999868}}, {"type": "Feature", "id": 3886, "geometry": {"type": "LineString", "coordinates": [[-89.2665374515162, 48.4662077667123], [-89.2665308879409, 48.4659500208479]]}, "properties": {"OBJECTID": 3886, "ROAD_CLASS": null, "OP2002_ROW": "TBD", "OP2018_ROW": "20 m", "Shape__Length": 28.663706231042852}}, {"type": "Feature", "id": 3887, "geometry": {"type": "LineString", "coordinates": [[-89.266462802191, 48.4623920640282], [-89.2664773390353, 48.4629438809474]]}, "properties": {"OBJECTID": 3887, "ROAD_CLASS": null, "OP2002_ROW": "TBD", "OP2018_ROW": "20 m", "Shape__Length": 61.36769078224561}}, {"type": "Feature", "id": 3888, "geometry": {"type": "LineString", "coordinates": [[-89.2661408989475, 48.4616662053769], [-89.2661909394251, 48.4617091012173], [-89.2662432274395, 48.4617536775406], [-89.2662547202896, 48.4617636270709], [-89.2662659319963, 48.4617736730118], [-89.2662713399584, 48.4617787633115], [-89.266276536097, 48.4617839270634], [-89.266281436381, 48.4617891911155], [-89.2662859262526, 48.4617945955134], [-89.2662898743546, 48.461800106856], [-89.2662934213452, 48.4618057547623], [-89.2662966792389, 48.4618115028359], [-89.2662997278918, 48.4618173216117], [-89.2663054375635, 48.4618290945619], [-89.2663188559898, 48.4618588281107], [-89.2663318386383, 48.4618886485199], [-89.2663366369499, 48.4619006130718], [-89.2663388212633, 48.4619066162255], [-89.2663407807772, 48.4619126445019], [-89.2663424332425, 48.4619187040202], [-89.2663437136805, 48.4619248545429], [-89.2663446817432, 48.461931038212], [-89.2663460011881, 48.4619434707839], [-89.2664517332173, 48.4619854231237], [-89.266462802191, 48.4623920640282]]}, "properties": {"OBJECTID": 3888, "ROAD_CLASS": null, "OP2002_ROW": "TBD", "OP2018_ROW": "20 m", "Shape__Length": 89.40549466987648}}, {"type": "Feature", "id": 3889, "geometry": {"type": "LineString", "coordinates": [[-89.2654276635245, 48.46104668539], [-89.2658270890253, 48.4613963371379], [-89.2661388595526, 48.4616644577888], [-89.2661408989475, 48.4616662053769]]}, "properties": {"OBJECTID": 3889, "ROAD_CLASS": null, "OP2002_ROW": "TBD", "OP2018_ROW": "20 m", "Shape__Length": 86.76192819975985}}, {"type": "Feature", "id": 3890, "geometry": {"type": "LineString", "coordinates": [[-89.2627160172762, 48.4591632499626], [-89.2625731501933, 48.459127487796], [-89.2624933355385, 48.4591033469655], [-89.2624229664368, 48.4590823556062], [-89.2623885046888, 48.4590639887978], [-89.2623446835743, 48.4590443781806], [-89.2622651310631, 48.4589853845736]]}, "properties": {"OBJECTID": 3890, "ROAD_CLASS": null, "OP2002_ROW": "TBD", "OP2018_ROW": "20 m", "Shape__Length": 39.46141931692826}}, {"type": "Feature", "id": 3891, "geometry": {"type": "LineString", "coordinates": [[-89.2654276635245, 48.46104668539], [-89.2644973661295, 48.4600958707646], [-89.2644216738006, 48.4600437980555], [-89.2643254806338, 48.4600135541301], [-89.2642421709274, 48.459991389835], [-89.2641804246323, 48.4599711799324], [-89.2641222031633, 48.4599497120748], [-89.2640637157757, 48.4599222968045], [-89.2640088047099, 48.4598948111165], [-89.2639298014794, 48.459848754967], [-89.263864681554, 48.4597929045859], [-89.2637449564575, 48.4596762336161], [-89.26342616214, 48.4594225918059], [-89.2633985483851, 48.459405281796], [-89.2633591274709, 48.4593840383466], [-89.2633116857988, 48.45936354652], [-89.2632543587251, 48.4593420597277], [-89.263170787454, 48.4593139480891], [-89.2630979435384, 48.4592856244426], [-89.2630046670678, 48.4592616309457]]}, "properties": {"OBJECTID": 3891, "ROAD_CLASS": null, "OP2002_ROW": "TBD", "OP2018_ROW": "20 m", "Shape__Length": 273.34987818645044}}, {"type": "Feature", "id": 3892, "geometry": {"type": "LineString", "coordinates": [[-89.2628345615829, 48.4592835954329], [-89.2628419826766, 48.4592851400845], [-89.2628494995041, 48.459286464213], [-89.2628570972603, 48.4592875652105], [-89.2628647609805, 48.4592884409083], [-89.2628724755704, 48.4592890895819], [-89.2628802258353, 48.4592895099533], [-89.2628879965103, 48.4592897011949], [-89.2628957722902, 48.4592896629298], [-89.2629032022987, 48.4592894116501], [-89.2629106095718, 48.4592889508136], [-89.2629179807553, 48.4592882812512], [-89.2629253025597, 48.45928740417], [-89.262932561785, 48.4592863211512], [-89.2629397453437, 48.4592850341474], [-89.2629468402849, 48.4592835454788], [-89.2629538338172, 48.4592818578295], [-89.2629607133325, 48.4592799742418], [-89.2629674664278, 48.4592778981118], [-89.2629740809283, 48.4592756331823], [-89.2629805449089, 48.4592731835368], [-89.262986846716, 48.4592705535916], [-89.2629929749883, 48.4592677480882], [-89.2629989186774, 48.4592647720844], [-89.2630046670678, 48.4592616309457]]}, "properties": {"OBJECTID": 3892, "ROAD_CLASS": null, "OP2002_ROW": "TBD", "OP2018_ROW": "20 m", "Shape__Length": 13.405020768567375}}, {"type": "Feature", "id": 3893, "geometry": {"type": "LineString", "coordinates": [[-89.2627160172762, 48.4591632499626], [-89.2627153804891, 48.4591729293322], [-89.2627159547707, 48.4591826104314], [-89.2627177361522, 48.459192226343], [-89.2627207123209, 48.4592017106004], [-89.2627248627059, 48.4592109976466], [-89.2627301586197, 48.4592200232881], [-89.2627365634564, 48.4592287251382], [-89.2627440329453, 48.4592370430481], [-89.2627525154565, 48.4592449195228], [-89.2627619523577, 48.4592523001189], [-89.2627722784197, 48.4592591338203], [-89.2627834222672, 48.459265373391], [-89.2627953068721, 48.4592709757021], [-89.2628078500858, 48.4592759020293], [-89.2628209652075, 48.4592801183208], [-89.2628345615829, 48.4592835954329]]}, "properties": {"OBJECTID": 3893, "ROAD_CLASS": null, "OP2002_ROW": "TBD", "OP2018_ROW": "20 m", "Shape__Length": 17.241893638568357}}, {"type": "Feature", "id": 3894, "geometry": {"type": "LineString", "coordinates": [[-89.2630328227177, 48.4591051231384], [-89.2630246407764, 48.4590981351975], [-89.2630156845538, 48.4590915807355], [-89.2630060057828, 48.459085497612], [-89.2629956603697, 48.459079920964], [-89.2629847080715, 48.4590748830032], [-89.2629732121504, 48.4590704128296], [-89.2629612390086, 48.4590665362635], [-89.262948857805, 48.4590632756966], [-89.2629361400552, 48.4590606499624], [-89.2629231592189, 48.4590586742275], [-89.2629099902752, 48.4590573599042], [-89.26289670929, 48.459056714584], [-89.2628833929761, 48.4590567419945], [-89.2628701182504, 48.4590574419774], [-89.2628569617898, 48.4590588104895], [-89.2628439995878, 48.459060839626], [-89.262831306516, 48.4590635176664], [-89.2628189558915, 48.4590668291419], [-89.2628070190535, 48.4590707549249], [-89.262795564951, 48.4590752723396], [-89.2627846597447, 48.4590803552928], [-89.262774366425, 48.4590859744244], [-89.2627647444479, 48.4590920972775], [-89.2627558493917, 48.4590986884856], [-89.262747732636, 48.4591057099768], [-89.2627404410646, 48.4591131211938], [-89.2627340167954, 48.4591208793284], [-89.2627284969365, 48.4591289395681], [-89.2627239133718, 48.4591372553557], [-89.2627202925772, 48.4591457786577], [-89.2627176554677, 48.4591544602422], [-89.2627160172762, 48.4591632499626]]}, "properties": {"OBJECTID": 3894, "ROAD_CLASS": null, "OP2002_ROW": "TBD", "OP2018_ROW": "20 m", "Shape__Length": 31.52233959917058}}, {"type": "Feature", "id": 3895, "geometry": {"type": "LineString", "coordinates": [[-89.2610192008264, 48.4600834824998], [-89.2613714263264, 48.4599020713277], [-89.2617855874545, 48.4597018146577], [-89.2618589990732, 48.4596684721455], [-89.261930701073, 48.4596509930602], [-89.2620138652337, 48.4596297184039], [-89.2621035276266, 48.4596136710941], [-89.2621656862343, 48.4596029259719], [-89.2622287910709, 48.4595933525505], [-89.2622678709945, 48.4595851765078]]}, "properties": {"OBJECTID": 3895, "ROAD_CLASS": null, "OP2002_ROW": "TBD", "OP2018_ROW": "20 m", "Shape__Length": 109.05926244924987}}, {"type": "Feature", "id": 3896, "geometry": {"type": "LineString", "coordinates": [[-89.263964431343, 48.4586475916333], [-89.264097838111, 48.4585832245989], [-89.2642625702877, 48.4585209435926], [-89.2642678943483, 48.4585192660642], [-89.2642702208672, 48.4585185328745], [-89.2644334041036, 48.4584671121697], [-89.2645636877592, 48.4584350281267], [-89.2646956128347, 48.4584076720949], [-89.2648447869031, 48.458381881025], [-89.2649240033099, 48.4583684178583], [-89.2650611476433, 48.4583538148925], [-89.2651537528402, 48.4583436580595], [-89.2652696545787, 48.4583342336233], [-89.2654588618062, 48.4583233644815], [-89.2656780969092, 48.4583035720838], [-89.2658420604938, 48.4582884390395], [-89.2659520993537, 48.4582729392511]]}, "properties": {"OBJECTID": 3896, "ROAD_CLASS": null, "OP2002_ROW": "TBD", "OP2018_ROW": "20 m", "Shape__Length": 154.9430327369678}}, {"type": "Feature", "id": 3897, "geometry": {"type": "LineString", "coordinates": [[-89.2630046670678, 48.4592616309457], [-89.2630107152875, 48.4592580149489], [-89.2630165047128, 48.4592542161763], [-89.2630220228709, 48.459250242812], [-89.2630272578733, 48.4592461034166], [-89.2630321984413, 48.459241806908], [-89.263036833931, 48.459237362543], [-89.2630411543554, 48.4592327798967], [-89.2630451504065, 48.4592280688421], [-89.2630488134751, 48.459223239529], [-89.2630521356695, 48.4592183023618], [-89.2630551098323, 48.4592132679775], [-89.2630577295558, 48.4592081472224], [-89.2630599891962, 48.4592029511287], [-89.2630618838852, 48.4591976908913], [-89.2630634095411, 48.459192377843], [-89.2630645628769, 48.4591870234305], [-89.263065341408, 48.4591816391895], [-89.2630657434572, 48.45917623672], [-89.2630657681585, 48.4591708276614], [-89.2630654154588, 48.4591654236673], [-89.2630646861179, 48.45916003638], [-89.2630635817075, 48.4591546774063], [-89.2630621046069, 48.4591493582917], [-89.2630602579987, 48.4591440904958], [-89.2630580458612, 48.459138885368], [-89.2630554729607, 48.4591337541221], [-89.2630525448402, 48.4591287078133], [-89.2630492678084, 48.4591237573134], [-89.2630456489255, 48.4591189132879], [-89.2630416959882, 48.4591141861731], [-89.2630374175131, 48.4591095861531], [-89.2630328227177, 48.4591051231384]]}, "properties": {"OBJECTID": 3897, "ROAD_CLASS": null, "OP2002_ROW": "TBD", "OP2018_ROW": "20 m", "Shape__Length": 19.248198445313616}}, {"type": "Feature", "id": 3898, "geometry": {"type": "LineString", "coordinates": [[-89.2583544419464, 48.4615471241042], [-89.2584576141867, 48.4615403812594], [-89.258568264349, 48.4615334483119], [-89.258630637226, 48.4615274613815], [-89.2586925336821, 48.4615107724872], [-89.2592182427987, 48.4612588200395], [-89.2597492069489, 48.4610043821374], [-89.2598645521933, 48.4609396560123], [-89.2599476866233, 48.4608773179703], [-89.2600127711749, 48.460819619906], [-89.2600859311551, 48.4607503365695], [-89.2601749004967, 48.460674314887], [-89.2602351544507, 48.4606045715466]]}, "properties": {"OBJECTID": 3898, "ROAD_CLASS": null, "OP2002_ROW": "TBD", "OP2018_ROW": "20 m", "Shape__Length": 179.31952778810376}}, {"type": "Feature", "id": 3899, "geometry": {"type": "LineString", "coordinates": [[-89.2602351544507, 48.4606045715466], [-89.2603202150756, 48.4605332682575], [-89.2604045154704, 48.4604649552503], [-89.2604706827675, 48.4604074749708], [-89.2605525850146, 48.4603496836369], [-89.2606387783602, 48.4602918079133], [-89.2607658639473, 48.4602197980536], [-89.2608580739919, 48.4601684700148], [-89.2609389346036, 48.4601248237384], [-89.2610192008264, 48.4600834824998]]}, "properties": {"OBJECTID": 3899, "ROAD_CLASS": null, "OP2002_ROW": "TBD", "OP2018_ROW": "20 m", "Shape__Length": 82.33479462769267}}, {"type": "Feature", "id": 3900, "geometry": {"type": "LineString", "coordinates": [[-89.2622678709945, 48.4595851765078], [-89.2623041484017, 48.4595775873093], [-89.2623734580084, 48.4595667005363], [-89.2624202053396, 48.4595514979023], [-89.2624747883842, 48.4595313806596], [-89.2625301853507, 48.4595094596174], [-89.2626492602362, 48.4594505793224], [-89.2626828024701, 48.4594289702196], [-89.2627214374583, 48.4593963112095], [-89.2627571264851, 48.4593618045064], [-89.2627936151011, 48.4593291876921], [-89.2628345615829, 48.4592835954329]]}, "properties": {"OBJECTID": 3900, "ROAD_CLASS": null, "OP2002_ROW": "TBD", "OP2018_ROW": "20 m", "Shape__Length": 55.4405600681373}}, {"type": "Feature", "id": 3901, "geometry": {"type": "LineString", "coordinates": [[-89.2630328227177, 48.4591051231384], [-89.2636412081809, 48.4588035436923], [-89.263964431343, 48.4586475916333]]}, "properties": {"OBJECTID": 3901, "ROAD_CLASS": null, "OP2002_ROW": "TBD", "OP2018_ROW": "20 m", "Shape__Length": 85.64778119477029}}, {"type": "Feature", "id": 3902, "geometry": {"type": "LineString", "coordinates": [[-89.2659520993537, 48.4582729392511], [-89.2659966626673, 48.4582639674212], [-89.2661209205141, 48.4582412846322], [-89.2662251944661, 48.4582118542512], [-89.2663221014267, 48.4581778066437], [-89.2664030256962, 48.4581464554447], [-89.2666622986678, 48.4580105312905]]}, "properties": {"OBJECTID": 3902, "ROAD_CLASS": null, "OP2002_ROW": "TBD", "OP2018_ROW": "20 m", "Shape__Length": 60.79803242928466}}, {"type": "Feature", "id": 3903, "geometry": {"type": "LineString", "coordinates": [[-89.281016272202, 48.4523539513861], [-89.2818123542012, 48.4525131528742], [-89.2818744161091, 48.452524278381], [-89.281937754806, 48.4525315535953], [-89.2820018316707, 48.4525349166502], [-89.2820661018045, 48.452534338947], [-89.2837713090075, 48.4525228866121]]}, "properties": {"OBJECTID": 3903, "ROAD_CLASS": null, "OP2002_ROW": "TBD", "OP2018_ROW": "24 m", "Shape__Length": 206.64579921211117}}, {"type": "Feature", "id": 3904, "geometry": {"type": "LineString", "coordinates": [[-89.2740924285618, 48.452021288554], [-89.2780647756786, 48.4520651558383], [-89.2785604659197, 48.452069235941], [-89.2796637988766, 48.4520783093125]]}, "properties": {"OBJECTID": 3904, "ROAD_CLASS": null, "OP2002_ROW": "TBD", "OP2018_ROW": "24 m", "Shape__Length": 412.1484215057268}}, {"type": "Feature", "id": 3905, "geometry": {"type": "LineString", "coordinates": [[-89.2796637988766, 48.4520783093125], [-89.281016272202, 48.4523539513861]]}, "properties": {"OBJECTID": 3905, "ROAD_CLASS": null, "OP2002_ROW": "TBD", "OP2018_ROW": "24 m", "Shape__Length": 104.62838923184104}}, {"type": "Feature", "id": 3906, "geometry": {"type": "LineString", "coordinates": [[-89.273587013401, 48.4520154271857], [-89.2740924285618, 48.452021288554]]}, "properties": {"OBJECTID": 3906, "ROAD_CLASS": null, "OP2002_ROW": "TBD", "OP2018_ROW": "24 m", "Shape__Length": 37.38983557706762}}, {"type": "Feature", "id": 3907, "geometry": {"type": "LineString", "coordinates": [[-89.27265385781, 48.4518441278723], [-89.2727078826907, 48.4518630156004], [-89.2727626979091, 48.4518808672706], [-89.2728182585762, 48.4518976682637], [-89.272874519192, 48.4519134048208], [-89.2729314336837, 48.4519280640549], [-89.2729889554425, 48.451941633961], [-89.2730470373622, 48.4519541034263], [-89.273105631878, 48.4519654622393], [-89.273164691005, 48.4519757010978], [-89.2732241663779, 48.451984811617], [-89.2732840092902, 48.451992786336], [-89.2733441707345, 48.451999618724], [-89.2734046014426, 48.4520053031859], [-89.2734652519256, 48.4520098350665], [-89.2735260725144, 48.4520132106546], [-89.273587013401, 48.4520154271857]]}, "properties": {"OBJECTID": 3907, "ROAD_CLASS": null, "OP2002_ROW": "TBD", "OP2018_ROW": "24 m", "Shape__Length": 72.23223877882005}}, {"type": "Feature", "id": 3908, "geometry": {"type": "LineString", "coordinates": [[-89.2837713090075, 48.4525228866121], [-89.2845627423007, 48.4525167571658]]}, "properties": {"OBJECTID": 3908, "ROAD_CLASS": null, "OP2002_ROW": "TBD", "OP2018_ROW": "24 m", "Shape__Length": 58.543696895954}}, {"type": "Feature", "id": 3909, "geometry": {"type": "LineString", "coordinates": [[-89.2867617662728, 48.4525128335367], [-89.2880819165833, 48.4524935781219]]}, "properties": {"OBJECTID": 3909, "ROAD_CLASS": null, "OP2002_ROW": "TBD", "OP2018_ROW": "24 m", "Shape__Length": 97.67079625251449}}, {"type": "Feature", "id": 3910, "geometry": {"type": "LineString", "coordinates": [[-89.2845627423007, 48.4525167571658], [-89.2853889154911, 48.4525125142815]]}, "properties": {"OBJECTID": 3910, "ROAD_CLASS": null, "OP2002_ROW": "TBD", "OP2018_ROW": "24 m", "Shape__Length": 61.111168461690134}}, {"type": "Feature", "id": 3911, "geometry": {"type": "LineString", "coordinates": [[-89.2853889154911, 48.4525125142815], [-89.2867617662728, 48.4525128335367]]}, "properties": {"OBJECTID": 3911, "ROAD_CLASS": null, "OP2002_ROW": "TBD", "OP2018_ROW": "24 m", "Shape__Length": 101.54535747618668}}, {"type": "Feature", "id": 3912, "geometry": {"type": "LineString", "coordinates": [[-89.2880819165833, 48.4524935781219], [-89.2956735580409, 48.4524433943339]]}, "properties": {"OBJECTID": 3912, "ROAD_CLASS": null, "OP2002_ROW": "TBD", "OP2018_ROW": "24 m", "Shape__Length": 561.5584855569325}}, {"type": "Feature", "id": 3913, "geometry": {"type": "LineString", "coordinates": [[-89.2503887690135, 48.413555223789], [-89.2503886487114, 48.4133876269751]]}, "properties": {"OBJECTID": 3913, "ROAD_CLASS": null, "OP2002_ROW": "24 m", "OP2018_ROW": "24 m", "Shape__Length": 18.63538493548855}}, {"type": "Feature", "id": 3914, "geometry": {"type": "LineString", "coordinates": [[-89.2503886487114, 48.4133876269751], [-89.2503726465779, 48.4129045111739], [-89.2503619682473, 48.4128278239534], [-89.2503468942086, 48.4127514645399], [-89.2503274465177, 48.4126755445608], [-89.2503036536237, 48.4126001750005], [-89.2502755503275, 48.4125254660382], [-89.2502431777305, 48.4124515268872], [-89.2502065831747, 48.4123784656346], [-89.2501658201732, 48.4123063890841], [-89.2501115139102, 48.4121975038675]]}, "properties": {"OBJECTID": 3914, "ROAD_CLASS": null, "OP2002_ROW": "24 m", "OP2018_ROW": "24 m", "Shape__Length": 135.00114988575623}}, {"type": "Feature", "id": 3915, "geometry": {"type": "LineString", "coordinates": [[-89.2204511878656, 48.4323776493304], [-89.2206308187745, 48.4324531409151], [-89.2206780721439, 48.4324729008268], [-89.2214622812327, 48.4327983173743]]}, "properties": {"OBJECTID": 3915, "ROAD_CLASS": null, "OP2002_ROW": "TBD", "OP2018_ROW": "20 m", "Shape__Length": 88.23377498408688}}, {"type": "Feature", "id": 3916, "geometry": {"type": "LineString", "coordinates": [[-89.2749040073244, 48.4324490015967], [-89.2748851199033, 48.4323961549427], [-89.2748769347553, 48.4323719070237], [-89.2748674716015, 48.4323415059009], [-89.2747750682579, 48.432037178837], [-89.274769610901, 48.4320189096833], [-89.2747643887778, 48.4320006097845], [-89.2747595682896, 48.4319821300927], [-89.2747534825474, 48.4319574492579], [-89.2746335515284, 48.4314636028591], [-89.2746276636836, 48.4314389001078], [-89.27462355114, 48.4314203461262], [-89.2746210943123, 48.4314078668021], [-89.2746177005593, 48.4313891204575], [-89.2745348216919, 48.4309075855175], [-89.2745286541305, 48.4308700454714], [-89.2745261147828, 48.4308512660312], [-89.2745232492531, 48.4308262110904], [-89.2744780560171, 48.4304063571391], [-89.2744761321507, 48.4303875538288], [-89.2744744918694, 48.430368743111], [-89.2744737041924, 48.4303562496686], [-89.274472810213, 48.43033749977], [-89.2744492714046, 48.4297311046085], [-89.2744413347627, 48.4295266419488]]}, "properties": {"OBJECTID": 3916, "ROAD_CLASS": null, "OP2002_ROW": "36 m", "OP2018_ROW": "36 m", "Shape__Length": 327.42376291694296}}, {"type": "Feature", "id": 3917, "geometry": {"type": "LineString", "coordinates": [[-89.2956130518764, 48.4519883180311], [-89.2956735580409, 48.4524433943339], [-89.295807905592, 48.4534538015667], [-89.2958249356657, 48.4538313480381], [-89.2958419660913, 48.4542088944802], [-89.2959356145491, 48.4545849116284], [-89.2977079260385, 48.4563715660174], [-89.2984280096845, 48.4569914002636], [-89.2988570643464, 48.4573607125845], [-89.2992861252345, 48.4577300222861], [-89.2997572819024, 48.4580984896804], [-89.3011938917022, 48.45891256598], [-89.3025631415382, 48.4597753680611], [-89.3026530052988, 48.459831990694]]}, "properties": {"OBJECTID": 3917, "ROAD_CLASS": null, "OP2002_ROW": "30 m", "OP2018_ROW": "30 m", "Shape__Length": 1060.8984174946327}}, {"type": "Feature", "id": 3918, "geometry": {"type": "LineString", "coordinates": [[-89.2956794581372, 48.4292936274935], [-89.2956654926318, 48.433675423159]]}, "properties": {"OBJECTID": 3918, "ROAD_CLASS": null, "OP2002_ROW": "30 m", "OP2018_ROW": "30 m", "Shape__Length": 487.22877636075424}}, {"type": "Feature", "id": 3919, "geometry": {"type": "LineString", "coordinates": [[-89.3026492804509, 48.4622557523994], [-89.3026564147307, 48.462495004276], [-89.3028768887905, 48.4699912989337]]}, "properties": {"OBJECTID": 3919, "ROAD_CLASS": null, "OP2002_ROW": "30 m", "OP2018_ROW": "30 m", "Shape__Length": 860.3146741788431}}, {"type": "Feature", "id": 3920, "geometry": {"type": "LineString", "coordinates": [[-89.2956654926318, 48.433675423159], [-89.2955844365822, 48.4408762318335]]}, "properties": {"OBJECTID": 3920, "ROAD_CLASS": null, "OP2002_ROW": "30 m", "OP2018_ROW": "30 m", "Shape__Length": 800.707108121057}}, {"type": "Feature", "id": 3921, "geometry": {"type": "LineString", "coordinates": [[-89.2955844365822, 48.4408762318335], [-89.2955663045522, 48.4425588998944]]}, "properties": {"OBJECTID": 3921, "ROAD_CLASS": null, "OP2002_ROW": "30 m", "OP2018_ROW": "30 m", "Shape__Length": 187.10704775343743}}, {"type": "Feature", "id": 3922, "geometry": {"type": "LineString", "coordinates": [[-89.3028768887905, 48.4699912989337], [-89.3029289076623, 48.4715446939879]]}, "properties": {"OBJECTID": 3922, "ROAD_CLASS": null, "OP2002_ROW": "30 m", "OP2018_ROW": "30 m", "Shape__Length": 172.77189940991508}}, {"type": "Feature", "id": 3923, "geometry": {"type": "LineString", "coordinates": [[-89.2956191695266, 48.4482835772654], [-89.2956130518764, 48.4519883180311]]}, "properties": {"OBJECTID": 3923, "ROAD_CLASS": null, "OP2002_ROW": "30 m", "OP2018_ROW": "30 m", "Shape__Length": 411.944977436998}}, {"type": "Feature", "id": 3924, "geometry": {"type": "LineString", "coordinates": [[-89.2956526267749, 48.4173394403366], [-89.2956794581372, 48.4292936274935]]}, "properties": {"OBJECTID": 3924, "ROAD_CLASS": null, "OP2002_ROW": "30 m", "OP2018_ROW": "30 m", "Shape__Length": 1329.228966537565}}, {"type": "Feature", "id": 3925, "geometry": {"type": "LineString", "coordinates": [[-89.3026530052988, 48.459831990694], [-89.3026328391363, 48.4599002050295], [-89.302617998001, 48.4599690211637], [-89.3026085215457, 48.4600382553332], [-89.3026044350981, 48.4601077226576], [-89.3026492804509, 48.4622557523994]]}, "properties": {"OBJECTID": 3925, "ROAD_CLASS": null, "OP2002_ROW": "30 m", "OP2018_ROW": "30 m", "Shape__Length": 269.7964390337392}}, {"type": "Feature", "id": 3926, "geometry": {"type": "LineString", "coordinates": [[-89.2664773390353, 48.4629438809474], [-89.2667044087249, 48.4629586412203], [-89.2677079406407, 48.4629984325889], [-89.2677457395696, 48.4629984162101], [-89.2677646287528, 48.4629982228743], [-89.2677740684015, 48.4629980304814], [-89.267783488064, 48.462997753907], [-89.2678023175028, 48.4629970093084], [-89.2678399557757, 48.4629951489193], [-89.2682444819149, 48.4629736726072], [-89.2684514753095, 48.4629628338863], [-89.2684890606904, 48.4629606378283], [-89.2685077897671, 48.4629592508861], [-89.2685171219104, 48.4629584073478], [-89.2685263699665, 48.4629574377054], [-89.268544798665, 48.4629552001374], [-89.2685815330068, 48.4629501497924], [-89.2688108123044, 48.4629171811128], [-89.2689942653027, 48.4628909155626], [-89.2691135712317, 48.46287397398], [-89.2691410550259, 48.4628699606745], [-89.2691592897877, 48.462867106919], [-89.2691683570367, 48.4628655721617], [-89.2691773693029, 48.4628639269217], [-89.269186309794, 48.4628621283432], [-89.2691951540483, 48.4628601436188], [-89.2692039238641, 48.4628580065081], [-89.2692213188328, 48.4628534310297], [-89.2692558373028, 48.4628437140912], [-89.2693504986559, 48.4628164337674], [-89.2694710440063, 48.4627818515364], [-89.2696606342876, 48.4627277215432], [-89.2696778347407, 48.4627227602498], [-89.2696949408893, 48.4627176865487], [-89.2697118388678, 48.4627123740252], [-89.2697201536235, 48.4627095593593], [-89.2697283300109, 48.4627065845718], [-89.2697363766376, 48.4627034000076], [-89.2697442848157, 48.462700053524], [-89.2697520930846, 48.4626965902467], [-89.2697751655431, 48.4626857925881], [-89.2699652981556, 48.4625933147654], [-89.2702317930534, 48.4624641501221], [-89.2702543678288, 48.4624528754339], [-89.2702690652388, 48.4624450906108], [-89.2702762130839, 48.462441047409], [-89.270283155391, 48.4624368850002], [-89.2702966450835, 48.4624282593679], [-89.2703098239595, 48.4624193987406], [-89.2703228516401, 48.4624104241308], [-89.2704977288721, 48.462288501404], [-89.2706794139925, 48.4621622737688], [-89.2707051821879, 48.4621441402875], [-89.2707177669261, 48.4621349134537], [-89.2707238992293, 48.4621302145724], [-89.2707298707713, 48.4621254297909], [-89.270735688446, 48.4621205013904], [-89.2707468761851, 48.4621104059983], [-89.2707577173884, 48.4621001240037], [-89.2707683923005, 48.4620897535181], [-89.2708901907073, 48.4619699720343], [-89.27214695406, 48.4607366281587]]}, "properties": {"OBJECTID": 3926, "ROAD_CLASS": null, "OP2002_ROW": "30 m", "OP2018_ROW": "30 m", "Shape__Length": 530.8686316283778}}, {"type": "Feature", "id": 3927, "geometry": {"type": "LineString", "coordinates": [[-89.2785640418534, 48.4520734613287], [-89.2785604659197, 48.452069235941], [-89.2783382856545, 48.4518067141095], [-89.2782601396034, 48.4517140896095], [-89.2782508434806, 48.4517032385108], [-89.278241357862, 48.4516924748396], [-89.2782314773132, 48.4516818926381], [-89.2782262858901, 48.4516767167286], [-89.2782208819316, 48.451671657495], [-89.2782095744201, 48.4516617693564], [-89.2781919432355, 48.4516472450772], [-89.2780720521128, 48.4515514866152], [-89.2778805407136, 48.4513981202945], [-89.2778622703934, 48.4513839379239], [-89.2778497266096, 48.451374710343], [-89.2778366476729, 48.4513657344866], [-89.2778232477049, 48.4513569593282], [-89.2777960543139, 48.4513396534279], [-89.2775160643575, 48.4511630556812], [-89.2774956518349, 48.4511500826216], [-89.2774754245506, 48.4511369871261], [-89.2774556924813, 48.4511237747537], [-89.2774361429476, 48.4511104399993], [-89.2772412978957, 48.4509766502261], [-89.2772089218326, 48.4509542904239], [-89.2771896343205, 48.450940672423], [-89.2771513115441, 48.4509128160006], [-89.2765089408978, 48.4504421803237], [-89.276477187687, 48.4504188533729], [-89.2764583127625, 48.4504048348009], [-89.2764211013682, 48.4503768004872], [-89.2760931250304, 48.4501287465661], [-89.2759815292812, 48.4500445956895], [-89.2759693654164, 48.450035138153], [-89.2759634047783, 48.4500303543499], [-89.2759575740767, 48.4500255121921], [-89.2759519222646, 48.4500205873179], [-89.2759465183234, 48.450015549571], [-89.2759414150992, 48.4500103709138], [-89.2759365583543, 48.4500050785119], [-89.2759273353626, 48.4499942716652], [-89.2759141331528, 48.4499777735653], [-89.2758236863398, 48.4498613913272], [-89.2757113794909, 48.449717443624], [-89.2756464350952, 48.4496344406282], [-89.2756378702165, 48.4496233463198], [-89.2756294803109, 48.4496122026628], [-89.275621450997, 48.4496009564996], [-89.2756176667059, 48.4495952676785], [-89.2756140690894, 48.4495894887899], [-89.2756073385613, 48.4495777976556], [-89.275597858485, 48.4495600868205], [-89.2754908710158, 48.4493524216571], [-89.2754354755735, 48.4492456890292], [-89.2754293984758, 48.4492338185075], [-89.2754235215962, 48.4492219188322], [-89.2754180869192, 48.4492099573248], [-89.2754156592149, 48.4492039357519], [-89.2754135271447, 48.4491978714417], [-89.2754117687509, 48.4491918159347], [-89.2754103019774, 48.4491857186695], [-89.2754079395899, 48.4491734426613], [-89.2754060139978, 48.4491611049282], [-89.2753895279192, 48.4490373327033], [-89.2753559871403, 48.4487898597709], [-89.2753535520653, 48.4487712969659], [-89.2753513775052, 48.4487527227093], [-89.2753498262017, 48.4487341433217], [-89.2753484761276, 48.4487093544958], [-89.2753338517652, 48.4483807698203]]}, "properties": {"OBJECTID": 3927, "ROAD_CLASS": null, "OP2002_ROW": "30 m", "OP2018_ROW": "30 m", "Shape__Length": 491.48480650052187}}, {"type": "Feature", "id": 3928, "geometry": {"type": "LineString", "coordinates": [[-89.27214695406, 48.4607366281587], [-89.2721656525713, 48.4607182479997], [-89.2753597864226, 48.4575782345248], [-89.2781291532613, 48.4548169604647], [-89.2781500548435, 48.4547960083179], [-89.2781655110911, 48.4547802007153], [-89.2781805650451, 48.4547642598202], [-89.2781954163068, 48.4547482329642], [-89.2785599235002, 48.4543521190926], [-89.2786538798544, 48.454250517158], [-89.2786635783871, 48.4542397693728], [-89.2786729071256, 48.454228919145], [-89.2786773195342, 48.454223425244], [-89.2786814703216, 48.4542178582488], [-89.2786852582361, 48.4542121922736], [-89.2786885990075, 48.4542064181908], [-89.278691578298, 48.4542005460002], [-89.2786942986704, 48.454194600662], [-89.278696830093, 48.4541886041831], [-89.2787037971227, 48.4541704418268], [-89.2787321490514, 48.4540912282618], [-89.2787673706433, 48.4539938254652], [-89.2788908751339, 48.4536529758219], [-89.2789309171755, 48.4535434381441], [-89.2789351761111, 48.4535312559623], [-89.2789390742067, 48.4535190503385], [-89.2789407763754, 48.4535129317239], [-89.2789422249084, 48.4535067974405], [-89.2789433207518, 48.4535006404535], [-89.2789439843923, 48.4534944974278], [-89.2789443007894, 48.4534883324903], [-89.278944363511, 48.453482150985], [-89.2789442472054, 48.453475958631], [-89.2789436686624, 48.4534635510855], [-89.2789363656614, 48.4533641259758], [-89.2789217603274, 48.4531590954748], [-89.2789201416634, 48.4531342418414], [-89.2789193109133, 48.4531155969474], [-89.2789191279336, 48.4530969797077], [-89.2789193931275, 48.4530721499328], [-89.2789217450554, 48.4529355707188], [-89.2789233447683, 48.4528548438095], [-89.278923399449, 48.4528424408122], [-89.2789231118477, 48.4528300661898], [-89.2789227342284, 48.4528238979067], [-89.278922119412, 48.4528177487187], [-89.2789211758275, 48.4528116276379], [-89.2789198144516, 48.4528054797448], [-89.2789181216052, 48.4527993600124], [-89.2789161848455, 48.4527932604079], [-89.2789118423391, 48.4527810992817], [-89.2789047491453, 48.4527629059608], [-89.278877910322, 48.4526962672503], [-89.2788488801438, 48.4526235501665], [-89.2787766113351, 48.4524417099606], [-89.2787666870462, 48.4524175283133], [-89.2787613478582, 48.4524055200865], [-89.2787584813862, 48.4523995594616], [-89.2787522586361, 48.452387754983], [-89.278745611251, 48.4523760425914], [-89.2787387482724, 48.4523643785574], [-89.2785640418534, 48.4520734613287]]}, "properties": {"OBJECTID": 3928, "ROAD_CLASS": null, "OP2002_ROW": "36 m", "OP2018_ROW": "36 m", "Shape__Length": 1116.4171889315396}}, {"type": "Feature", "id": 3929, "geometry": {"type": "LineString", "coordinates": [[-89.2753338517652, 48.4483807698203], [-89.2753185258988, 48.4480393283245], [-89.2753176269707, 48.4480144954821], [-89.2753174252695, 48.4479958516067], [-89.2753177723201, 48.4479771698842], [-89.2753183493233, 48.4479584890115], [-89.2753351515852, 48.4474727596868], [-89.2753359238076, 48.4474416226456], [-89.2753358470315, 48.4474228386383], [-89.2753347975559, 48.4473851659824], [-89.2753017782329, 48.4463805680388], [-89.2753003522919, 48.4463303245541], [-89.2752798989967, 48.4446883757948]]}, "properties": {"OBJECTID": 3929, "ROAD_CLASS": null, "OP2002_ROW": "30 m", "OP2018_ROW": "30 m", "Shape__Length": 410.63688790127424}}, {"type": "Feature", "id": 3930, "geometry": {"type": "LineString", "coordinates": [[-89.2752798989967, 48.4446883757948], [-89.2752636995794, 48.4426844066447]]}, "properties": {"OBJECTID": 3930, "ROAD_CLASS": null, "OP2002_ROW": "30 m", "OP2018_ROW": "30 m", "Shape__Length": 222.83082835438086}}, {"type": "Feature", "id": 3931, "geometry": {"type": "LineString", "coordinates": [[-89.2752617768694, 48.4426842611324], [-89.2753043165463, 48.4385194302812], [-89.2753047925077, 48.4385006362149], [-89.2753054447106, 48.4384881170074], [-89.2753065373371, 48.4384755890876], [-89.2753079251624, 48.4384630706236], [-89.2753110609383, 48.4384380436666], [-89.2753443137726, 48.4381815581212], [-89.2753471316234, 48.4381628229948], [-89.2753493991027, 48.4381504121912], [-89.275352001227, 48.4381380766433], [-89.2753562192253, 48.4381195981344], [-89.27540729874, 48.4379041800705], [-89.2754392464422, 48.437768754355], [-89.275445280316, 48.4377441622126], [-89.2754485808568, 48.4377319037179], [-89.2754503767251, 48.4377257949832], [-89.275452309001, 48.4377196826501], [-89.2754564688013, 48.4377074989291], [-89.2754653569182, 48.4376832057142], [-89.2755404767701, 48.4374830339314], [-89.2756244660266, 48.4372585593348], [-89.2756313867499, 48.4372403818353], [-89.2756361755561, 48.4372282963292], [-89.2756412713386, 48.4372162722294], [-89.2756440177396, 48.4372102544525], [-89.275649797053, 48.4371982762111], [-89.275658841147, 48.4371803824028], [-89.2758249378815, 48.4368589472505], [-89.2758373327932, 48.4368351604452], [-89.2758436676422, 48.4368233007627], [-89.2758535011502, 48.4368057071244], [-89.2758670684451, 48.4367824369586], [-89.2760079158696, 48.4365443612674], [-89.2760212535389, 48.4365210389425], [-89.2760304213132, 48.4365036186142], [-89.2760418209414, 48.4364803778245], [-89.276075216174, 48.4364104644122], [-89.2760834132503, 48.4363929571195], [-89.2760912285636, 48.4363753791039], [-89.2760984058536, 48.4363575329962], [-89.2761051972482, 48.4363396144482], [-89.2761495725262, 48.4362199848296], [-89.2761583188758, 48.4361960416563], [-89.2761624894532, 48.4361840448373], [-89.2761663362571, 48.4361720040403], [-89.2761697469497, 48.4361597352434], [-89.2761742998637, 48.4361412572673], [-89.2762222837666, 48.4359313560072], [-89.2762262851153, 48.4359128205638], [-89.2762286416757, 48.4359004430642], [-89.2762296436324, 48.4358942420584], [-89.2762304886808, 48.4358880396592], [-89.2762318275219, 48.4358756112212], [-89.2762338216858, 48.4358507084895], [-89.2762402725879, 48.4357572567488], [-89.2762478056563, 48.435651351956], [-89.276248874232, 48.4356326649132], [-89.276249254526, 48.4356202086582], [-89.2762492587613, 48.435613980611], [-89.2762487992326, 48.4356016417466], [-89.276247939552, 48.4355893045032], [-89.2762468744524, 48.4355769695256], [-89.2762231333014, 48.4353302678528], [-89.2762210364995, 48.4353117901093], [-89.2762192728897, 48.4352994968463], [-89.2762170576459, 48.4352873843705], [-89.2762131956448, 48.435269253768], [-89.2761936806726, 48.4351847535967], [-89.2761865216558, 48.4351545985051], [-89.2761834405281, 48.435142564346], [-89.2761800012166, 48.4351303816212], [-89.2761722208889, 48.4351057470001], [-89.2761353741512, 48.4349951205101], [-89.2761290283782, 48.4349767169515], [-89.2761245567342, 48.4349644880736], [-89.276119783646, 48.4349523515353], [-89.2761122663338, 48.4349342059903], [-89.2760762683832, 48.4348496765845], [-89.2760657377284, 48.4348255804387], [-89.2760601698945, 48.4348136008833], [-89.2760541484486, 48.4348017274753], [-89.2760443342196, 48.4347841015389], [-89.27603067334, 48.4347607277379], [-89.2757412882326, 48.4342704489781], [-89.2757207416639, 48.4342353978617], [-89.2756974842138, 48.4341943550599], [-89.2755529749789, 48.4339359806686], [-89.2755334529013, 48.4339007032099], [-89.2755210429407, 48.4338772335197], [-89.2753888784545, 48.4336187370505], [-89.2753867264999, 48.4336142089695]]}, "properties": {"OBJECTID": 3931, "ROAD_CLASS": null, "OP2002_ROW": "30 m", "OP2018_ROW": "30 m", "Shape__Length": 1028.294665659234}}, {"type": "Feature", "id": 3932, "geometry": {"type": "LineString", "coordinates": [[-89.2753867264999, 48.4336142089695], [-89.275246745008, 48.4333196148577], [-89.2752382940683, 48.4333016523738], [-89.2752300495602, 48.4332836498164], [-89.275222209351, 48.433265617667], [-89.2752120510569, 48.4332415167738], [-89.2750508316255, 48.4328556397479], [-89.2750411027592, 48.4328314628646], [-89.275029919127, 48.4328012928296], [-89.2749040073244, 48.4324490015967], [-89.2748851199033, 48.4323961549427], [-89.2748769347553, 48.4323719070237], [-89.2748674716015, 48.4323415059009], [-89.2747750682579, 48.432037178837], [-89.274769610901, 48.4320189096833], [-89.2747643887778, 48.4320006097845], [-89.2747595682896, 48.4319821300927], [-89.2747534825474, 48.4319574492579], [-89.2746335515284, 48.4314636028591], [-89.2746276636836, 48.4314389001078], [-89.27462355114, 48.4314203461262], [-89.2746210943123, 48.4314078668021], [-89.2746177005593, 48.4313891204575], [-89.2745348216919, 48.4309075855175], [-89.2745286541305, 48.4308700454714], [-89.2745261147828, 48.4308512660312], [-89.2745232492531, 48.4308262110904], [-89.2744780560171, 48.4304063571391], [-89.2744761321507, 48.4303875538288], [-89.2744744918694, 48.430368743111], [-89.2744737041924, 48.4303562496686], [-89.274472810213, 48.43033749977], [-89.2744492714046, 48.4297311046085]]}, "properties": {"OBJECTID": 3932, "ROAD_CLASS": null, "OP2002_ROW": "36 m", "OP2018_ROW": "36 m", "Shape__Length": 439.13048560884397}}, {"type": "Feature", "id": 3933, "geometry": {"type": "LineString", "coordinates": [[-89.2955663045522, 48.4425588998944], [-89.2955608335687, 48.4448395153145]]}, "properties": {"OBJECTID": 3933, "ROAD_CLASS": null, "OP2002_ROW": "30 m", "OP2018_ROW": "30 m", "Shape__Length": 253.59067480276656}}, {"type": "Feature", "id": 3934, "geometry": {"type": "LineString", "coordinates": [[-89.2955608335687, 48.4448395153145], [-89.2956191695266, 48.4482835772654]]}, "properties": {"OBJECTID": 3934, "ROAD_CLASS": null, "OP2002_ROW": "30 m", "OP2018_ROW": "30 m", "Shape__Length": 382.9829148323673}}, {"type": "Feature", "id": 3935, "geometry": {"type": "LineString", "coordinates": [[-89.2710292219288, 48.4109836647063], [-89.2745046817604, 48.410969660268]]}, "properties": {"OBJECTID": 3935, "ROAD_CLASS": null, "OP2002_ROW": "36 m", "OP2018_ROW": "36 m", "Shape__Length": 257.28198174133894}}, {"type": "Feature", "id": 3936, "geometry": {"type": "LineString", "coordinates": [[-89.2375868559035, 48.4140203294765], [-89.2378224250337, 48.4140104376525], [-89.2406072211061, 48.413991421231], [-89.2407801120842, 48.4139811783885], [-89.2409519295848, 48.4139647802515], [-89.2411221794684, 48.4139422739813], [-89.2412903721059, 48.4139137243059], [-89.241456023787, 48.4138792133339], [-89.2416186581118, 48.4138388403177], [-89.2417778073618, 48.4137927213685], [-89.2419330138444, 48.4137409891222]]}, "properties": {"OBJECTID": 3936, "ROAD_CLASS": null, "OP2002_ROW": "36 m", "OP2018_ROW": "36 m", "Shape__Length": 326.41646718675634}}, {"type": "Feature", "id": 3937, "geometry": {"type": "LineString", "coordinates": [[-89.2515804903329, 48.4118915707761], [-89.253928643298, 48.4118523721471]]}, "properties": {"OBJECTID": 3937, "ROAD_CLASS": null, "OP2002_ROW": "36 m", "OP2018_ROW": "36 m", "Shape__Length": 173.8768409078163}}, {"type": "Feature", "id": 3938, "geometry": {"type": "LineString", "coordinates": [[-89.2419330138444, 48.4137409891222], [-89.242713573055, 48.4135103092783], [-89.242789047794, 48.4134945967652], [-89.2428653443594, 48.4134807546832], [-89.2429423582005, 48.4134688019999], [-89.243019983784, 48.4134587550941], [-89.2430981147386, 48.4134506277331], [-89.2431766440005, 48.4134444310537], [-89.2432554639605, 48.4134401735471], [-89.2433344666109, 48.4134378610473], [-89.2437438915485, 48.413435924912]]}, "properties": {"OBJECTID": 3938, "ROAD_CLASS": null, "OP2002_ROW": "36 m", "OP2018_ROW": "36 m", "Shape__Length": 140.35541342639146}}, {"type": "Feature", "id": 3939, "geometry": {"type": "LineString", "coordinates": [[-89.2501115139102, 48.4121975038675], [-89.2503629763657, 48.412098736828], [-89.2504546036895, 48.412066981104], [-89.2505482024935, 48.4120378851484], [-89.2506435986778, 48.4120115030801], [-89.2507406148003, 48.4119878839705], [-89.2508390704066, 48.4119670717512], [-89.2509387823655, 48.4119491051334], [-89.2510395652098, 48.4119340175348], [-89.2511412314807, 48.4119218370186], [-89.2515804903329, 48.4118915707761]]}, "properties": {"OBJECTID": 3939, "ROAD_CLASS": null, "OP2002_ROW": "36 m", "OP2018_ROW": "36 m", "Shape__Length": 115.48102947785978}}, {"type": "Feature", "id": 3940, "geometry": {"type": "LineString", "coordinates": [[-89.2678972644953, 48.4109832302698], [-89.2710292219288, 48.4109836647063]]}, "properties": {"OBJECTID": 3940, "ROAD_CLASS": null, "OP2002_ROW": "36 m", "OP2018_ROW": "36 m", "Shape__Length": 231.84861622110154}}, {"type": "Feature", "id": 3941, "geometry": {"type": "LineString", "coordinates": [[-89.2582055124096, 48.4118558970982], [-89.2606532419497, 48.4118246774195]]}, "properties": {"OBJECTID": 3941, "ROAD_CLASS": null, "OP2002_ROW": "36 m", "OP2018_ROW": "36 m", "Shape__Length": 181.22709769132157}}, {"type": "Feature", "id": 3942, "geometry": {"type": "LineString", "coordinates": [[-89.2606532419497, 48.4118246774195], [-89.2607774981636, 48.4118138295586], [-89.2609276939597, 48.4117868278657], [-89.2610748448481, 48.4117532070094], [-89.2612182934564, 48.4117131171877], [-89.2613573989563, 48.4116667374976], [-89.2625951587158, 48.4112206990149]]}, "properties": {"OBJECTID": 3942, "ROAD_CLASS": null, "OP2002_ROW": "36 m", "OP2018_ROW": "36 m", "Shape__Length": 159.53959861330313}}, {"type": "Feature", "id": 3943, "geometry": {"type": "LineString", "coordinates": [[-89.2481737599134, 48.4129477794029], [-89.248409458581, 48.4128559567791], [-89.2484419059092, 48.412843220987], [-89.2484660042368, 48.4128335932472], [-89.2489605533674, 48.4126324462831], [-89.2501115139102, 48.4121975038675]]}, "properties": {"OBJECTID": 3943, "ROAD_CLASS": null, "OP2002_ROW": "36 m", "OP2018_ROW": "36 m", "Shape__Length": 165.9517327106385}}, {"type": "Feature", "id": 3944, "geometry": {"type": "LineString", "coordinates": [[-89.2471377921447, 48.4133140432822], [-89.247402993008, 48.413239367491], [-89.2475228181582, 48.4131984362213], [-89.247640845766, 48.4131552523844], [-89.2477569803089, 48.413109850932], [-89.247871127797, 48.4130622686105], [-89.2481737599134, 48.4129477794029]]}, "properties": {"OBJECTID": 3944, "ROAD_CLASS": null, "OP2002_ROW": "36 m", "OP2018_ROW": "36 m", "Shape__Length": 86.95964461574252}}, {"type": "Feature", "id": 3945, "geometry": {"type": "LineString", "coordinates": [[-89.245555084092, 48.4133933588004], [-89.246570918869, 48.4133827540746], [-89.2467140616789, 48.4133712060443], [-89.2468564038791, 48.4133558878502], [-89.2469977214899, 48.4133368235966], [-89.2471377921447, 48.4133140432822]]}, "properties": {"OBJECTID": 3945, "ROAD_CLASS": null, "OP2002_ROW": "36 m", "OP2018_ROW": "36 m", "Shape__Length": 117.90027947288613}}, {"type": "Feature", "id": 3946, "geometry": {"type": "LineString", "coordinates": [[-89.2437438915485, 48.413435924912], [-89.2439558699555, 48.4134277466607], [-89.245555084092, 48.4133933588004]]}, "properties": {"OBJECTID": 3946, "ROAD_CLASS": null, "OP2002_ROW": "36 m", "OP2018_ROW": "36 m", "Shape__Length": 134.15734858984143}}, {"type": "Feature", "id": 3947, "geometry": {"type": "LineString", "coordinates": [[-89.2625951587158, 48.4112206990149], [-89.2627200475941, 48.4111721754104], [-89.2627422487537, 48.4111638191242], [-89.2627572219826, 48.4111584698055], [-89.2627646581923, 48.4111559535911], [-89.2627796638873, 48.4111510921878], [-89.2628023521603, 48.4111440282252], [-89.2629770242811, 48.4110908152098]]}, "properties": {"OBJECTID": 3947, "ROAD_CLASS": null, "OP2002_ROW": "36 m", "OP2018_ROW": "36 m", "Shape__Length": 31.77695124972325}}, {"type": "Feature", "id": 3948, "geometry": {"type": "LineString", "coordinates": [[-89.2629770242811, 48.4110908152098], [-89.2630896276337, 48.4110617711156], [-89.2631591578139, 48.4110454275798], [-89.2632296366899, 48.4110309971378], [-89.2633009455581, 48.4110185040936], [-89.2633729643178, 48.4110079694882], [-89.2634455716726, 48.4109994110641], [-89.263518645335, 48.4109928432355], [-89.2635920622326, 48.410988277064], [-89.2636656987148, 48.4109857202399], [-89.2647447314909, 48.4109944649331]]}, "properties": {"OBJECTID": 3948, "ROAD_CLASS": null, "OP2002_ROW": "36 m", "OP2018_ROW": "36 m", "Shape__Length": 132.4932315905007}}, {"type": "Feature", "id": 3949, "geometry": {"type": "LineString", "coordinates": [[-89.2647447314909, 48.4109944649331], [-89.2678972644953, 48.4109832302698]]}, "properties": {"OBJECTID": 3949, "ROAD_CLASS": null, "OP2002_ROW": "36 m", "OP2018_ROW": "36 m", "Shape__Length": 233.37484859307256}}, {"type": "Feature", "id": 3950, "geometry": {"type": "LineString", "coordinates": [[-89.253928643298, 48.4118523721471], [-89.2582055124096, 48.4118558970982]]}, "properties": {"OBJECTID": 3950, "ROAD_CLASS": null, "OP2002_ROW": "36 m", "OP2018_ROW": "36 m", "Shape__Length": 316.5962372975531}}, {"type": "Feature", "id": 3951, "geometry": {"type": "LineString", "coordinates": [[-89.3281688177318, 48.3359663495145], [-89.3282035938607, 48.3359526663468], [-89.3335150391602, 48.3334318705261]]}, "properties": {"OBJECTID": 3951, "ROAD_CLASS": null, "OP2002_ROW": "PROVINCIAL HIGHWAY", "OP2018_ROW": "PROVINCIAL HIGHWAY", "Shape__Length": 486.3483517236075}}, {"type": "Feature", "id": 3952, "geometry": {"type": "LineString", "coordinates": [[-89.3335150391602, 48.3334318705261], [-89.3349858588845, 48.3327612743451], [-89.3350557851939, 48.3327292139147], [-89.3398470730845, 48.3305004941714]]}, "properties": {"OBJECTID": 3952, "ROAD_CLASS": null, "OP2002_ROW": "PROVINCIAL HIGHWAY", "OP2018_ROW": "PROVINCIAL HIGHWAY", "Shape__Length": 571.5380148670228}}, {"type": "Feature", "id": 3953, "geometry": {"type": "LineString", "coordinates": [[-89.3477900923102, 48.3255242812499], [-89.3599735062321, 48.3171364518544]]}, "properties": {"OBJECTID": 3953, "ROAD_CLASS": null, "OP2002_ROW": "PROVINCIAL HIGHWAY", "OP2018_ROW": "PROVINCIAL HIGHWAY", "Shape__Length": 1298.539996727171}}, {"type": "Feature", "id": 3954, "geometry": {"type": "LineString", "coordinates": [[-89.3615092174949, 48.3161966991013], [-89.3616094253312, 48.3161425202959], [-89.3616451299785, 48.3161231042352], [-89.3616663725065, 48.3161113137958], [-89.3616948938409, 48.3160949047217], [-89.3628333166065, 48.3154269240629], [-89.362882945101, 48.3153979836092], [-89.3629331360396, 48.315369451759], [-89.3639826910872, 48.3147765012087], [-89.3646678059479, 48.3143890936708], [-89.3647176855622, 48.3143607851735], [-89.3647676721332, 48.3143319903845], [-89.3663505634523, 48.3134169054798], [-89.3663860959194, 48.3133962084121], [-89.3664071136622, 48.3133836011302], [-89.3664277853033, 48.3133708021229], [-89.3664551678456, 48.3133536055084], [-89.3678771246807, 48.3124580041389], [-89.3679112700751, 48.312436450701], [-89.3679384560902, 48.3124191093145], [-89.3697221658457, 48.3112668740796], [-89.3714579325015, 48.3101369446486], [-89.3714986347435, 48.3101106921817], [-89.3715192583715, 48.3100978437446], [-89.3715539985006, 48.310076761903], [-89.3728085539643, 48.3093205916883], [-89.3728708286082, 48.3092822730495], [-89.3733127837641, 48.3090089728908], [-89.3734369641933, 48.3089320070281], [-89.3734578010415, 48.3089192977955], [-89.3734719019157, 48.3089110023943], [-89.3734790745028, 48.3089069583424], [-89.3734863720189, 48.3089030196816], [-89.3734937935207, 48.3088992242212], [-89.3735089761232, 48.3088919178086], [-89.3735321964918, 48.3088813367632], [-89.3737119925392, 48.3088017250259], [-89.3741494320385, 48.3086075982269], [-89.374180780861, 48.308593843973], [-89.3742045682369, 48.3085838323232], [-89.374228922967, 48.3085743047172], [-89.3742617677599, 48.3085620086434], [-89.3750689077091, 48.3082634294736], [-89.3752417596445, 48.3081992942801], [-89.3752747890781, 48.3081872379331], [-89.3752914704119, 48.3081814577957], [-89.3752999002691, 48.3081787021966], [-89.3753084186641, 48.3081760815307], [-89.3753170153483, 48.3081736364988], [-89.3753257005287, 48.3081713255012], [-89.3753432491456, 48.3081669697482], [-89.3753697976636, 48.3081607778591], [-89.3755474677856, 48.3081205140118], [-89.3762222592032, 48.3079669720374], [-89.3762578110777, 48.3079589661632], [-89.3762846048875, 48.3079531234958], [-89.3763386108212, 48.3079418784742], [-89.3774019628715, 48.307723255162], [-89.3775821398479, 48.3076860080816], [-89.3776002081506, 48.3076824816079], [-89.3776092687479, 48.3076808230948], [-89.3776183588625, 48.30767927734], [-89.3776274872788, 48.3076778882502], [-89.3776366715758, 48.3076767148457], [-89.3776459100093, 48.3076758066494], [-89.3776552030599, 48.307675115964], [-89.3776738992418, 48.3076741588], [-89.3776926750986, 48.3076735229983], [-89.3777114902285, 48.3076730357412], [-89.3778056461327, 48.3076709333596], [-89.3778997705336, 48.3076687046863], [-89.3789820598899, 48.3076424852273], [-89.3790291203124, 48.307641507668], [-89.3790668275978, 48.3076411753461], [-89.3885939485578, 48.3076424850169]]}, "properties": {"OBJECTID": 3954, "ROAD_CLASS": null, "OP2002_ROW": "PROVINCIAL HIGHWAY", "OP2018_ROW": "PROVINCIAL HIGHWAY", "Shape__Length": 2355.268652033325}}, {"type": "Feature", "id": 3955, "geometry": {"type": "LineString", "coordinates": [[-89.3238293819829, 48.3385888227992], [-89.3238934245909, 48.3385570672307], [-89.3239090931093, 48.3385491800113], [-89.3239233996017, 48.338541819683], [-89.3239374973848, 48.3385342917192], [-89.3239447393621, 48.3385302629059], [-89.3239590367941, 48.338522050692], [-89.3239802441359, 48.3385095410494], [-89.3248803685153, 48.3379719474684], [-89.3256625532999, 48.3374992319792], [-89.3256974236782, 48.3374780932346], [-89.3257460316413, 48.3374483745692], [-89.3280421414371, 48.3360414284265], [-89.328099366483, 48.336006273406], [-89.3281688177318, 48.3359663495145]]}, "properties": {"OBJECTID": 3955, "ROAD_CLASS": null, "OP2002_ROW": "PROVINCIAL HIGHWAY", "OP2018_ROW": "PROVINCIAL HIGHWAY", "Shape__Length": 434.24491526945934}}, {"type": "Feature", "id": 3956, "geometry": {"type": "LineString", "coordinates": [[-89.3599735062321, 48.3171364518544], [-89.3612450266596, 48.316353241963], [-89.3612863779772, 48.3163276240757], [-89.3613321333258, 48.3162986693867], [-89.3613450981245, 48.3162906336733], [-89.3613661719706, 48.3162781377469], [-89.3613875250547, 48.3162658466237], [-89.3615092174949, 48.3161966991013]]}, "properties": {"OBJECTID": 3956, "ROAD_CLASS": null, "OP2002_ROW": "PROVINCIAL HIGHWAY", "OP2018_ROW": "PROVINCIAL HIGHWAY", "Shape__Length": 154.58013675672763}}, {"type": "Feature", "id": 3957, "geometry": {"type": "LineString", "coordinates": [[-89.3166812913742, 48.3530715939569], [-89.3166044699352, 48.3489167889865], [-89.3165784936491, 48.3448980491709], [-89.3165784004579, 48.3448728940488], [-89.3165785885317, 48.3448540315069], [-89.3165793654793, 48.3448351777938], [-89.3165815491154, 48.3448037685228], [-89.3166226174349, 48.3442698771247], [-89.3166330918326, 48.3441316840502], [-89.3166346686356, 48.344112849308], [-89.3166359464573, 48.3441003098409], [-89.3166376250115, 48.3440877973894], [-89.3166398942572, 48.3440753936019], [-89.3166425603117, 48.3440630196083], [-89.3166469025089, 48.3440444800462], [-89.3166783406812, 48.3439147828643], [-89.3167528022542, 48.3436059476977], [-89.3167588859137, 48.3435812565387], [-89.3167637978855, 48.3435627828675], [-89.3167693220847, 48.3435443274506], [-89.3167771532914, 48.3435197792261], [-89.3168726555808, 48.3432253910317], [-89.3169162671048, 48.3430904341424], [-89.3169224855916, 48.3430720825923], [-89.3169269883143, 48.3430599145091], [-89.3169320669237, 48.3430478562866], [-89.3169377241571, 48.3430359087691], [-89.3169498118612, 48.3430121601055], [-89.3171014124395, 48.3427218884957], [-89.3171477264212, 48.3426330045213], [-89.3171845684645, 48.3425618295622], [-89.317193963594, 48.3425440968815], [-89.3172005434542, 48.3425323781857], [-89.3172040258727, 48.3425265819894], [-89.317207708339, 48.3425208519416], [-89.3172116648088, 48.3425152117447], [-89.3172159684634, 48.3425096680214], [-89.3172205488591, 48.3425042149936], [-89.3172302535294, 48.3424934869228], [-89.3172403692428, 48.3424828945266], [-89.3172506713125, 48.3424723640552], [-89.3173078016472, 48.3424145957992], [-89.3173750940521, 48.3423462494666], [-89.3180991757516, 48.3416100176961], [-89.3182076455151, 48.3414995123808], [-89.3182285767532, 48.3414785985189], [-89.3182393877211, 48.3414683168223], [-89.3182449741041, 48.3414632663499], [-89.3182565997818, 48.3414533911065], [-89.3182686136911, 48.3414437140763], [-89.3182931288143, 48.3414246003165], [-89.3183918287612, 48.3413484706349], [-89.3187245091657, 48.3410913151916], [-89.3188721971556, 48.340976906928], [-89.3188845856289, 48.3409674292196], [-89.3188971385496, 48.3409580660603], [-89.3189100327906, 48.3409489380481], [-89.3189167021546, 48.3409445279148], [-89.3189235548037, 48.3409402607437], [-89.3189376990322, 48.34093203066], [-89.3189521832327, 48.3409240357501], [-89.3189668332698, 48.3409161562604], [-89.3190994550378, 48.3408457686564], [-89.3194011560498, 48.3406851710876], [-89.3194235041889, 48.3406736667991], [-89.3194310582423, 48.3406699279963], [-89.3194462195681, 48.3406627309375], [-89.3194615724277, 48.3406557099627], [-89.3194770395195, 48.3406487973504], [-89.3194925970643, 48.3406419746857], [-89.3195082651227, 48.3406352676566], [-89.3195161622332, 48.3406319807997], [-89.3195323138029, 48.3406254898497], [-89.3195649459904, 48.3406128594049], [-89.3208668873177, 48.3401161780334], [-89.3208996026804, 48.3401036400004], [-89.3209240335957, 48.34009411781], [-89.3209481686878, 48.3400844414306], [-89.3209802124687, 48.3400713806807], [-89.3218043310307, 48.3397339938104], [-89.3219724419801, 48.3396652902697], [-89.3219963653074, 48.3396553876085], [-89.3220121758551, 48.3396486521634], [-89.3220277381854, 48.3396416814959], [-89.3220353874591, 48.3396380557648], [-89.3220504630403, 48.3396305901649], [-89.3220801726356, 48.3396152377968], [-89.3222204826169, 48.3395415358351], [-89.3228337670711, 48.3392199166826], [-89.323062935514, 48.3390998770733], [-89.3230922924156, 48.3390842310495], [-89.3231066941665, 48.3390761994851], [-89.3231137511982, 48.3390720772891], [-89.3231207020376, 48.3390678456693], [-89.3231343172546, 48.3390591668782], [-89.323160988895, 48.3390413923011], [-89.3232866418858, 48.3389561930543], [-89.3238293819829, 48.3385888227992]]}, "properties": {"OBJECTID": 3957, "ROAD_CLASS": null, "OP2002_ROW": "PROVINCIAL HIGHWAY", "OP2018_ROW": "PROVINCIAL HIGHWAY", "Shape__Length": 1846.3315465991004}}, {"type": "Feature", "id": 3958, "geometry": {"type": "LineString", "coordinates": [[-89.3398470730845, 48.3305004941714], [-89.340878263222, 48.3300012054747], [-89.3411230424421, 48.3298788288407], [-89.3413653937522, 48.3297543226163], [-89.3416052754958, 48.329627708212], [-89.3418426464422, 48.3294990074006], [-89.3420774657933, 48.3293682423135], [-89.3423096931908, 48.3292354354371], [-89.342539288723, 48.3291006096083], [-89.3427662129316, 48.3289637880113], [-89.3477900923102, 48.3255242812499]]}, "properties": {"OBJECTID": 3958, "ROAD_CLASS": null, "OP2002_ROW": "PROVINCIAL HIGHWAY", "OP2018_ROW": "PROVINCIAL HIGHWAY", "Shape__Length": 809.8534763023749}}, {"type": "Feature", "id": 3959, "geometry": {"type": "LineString", "coordinates": [[-89.3007302281092, 48.3808615505378], [-89.3006826299986, 48.379299478702], [-89.3006818032919, 48.3792681103748], [-89.3006816199238, 48.3792430129874], [-89.3006820913748, 48.3792053582684], [-89.3006989053805, 48.3781510356302], [-89.300699842897, 48.3781008309469], [-89.3007012477187, 48.3780568575384], [-89.3007384839542, 48.3769952628515], [-89.3007424797741, 48.3768759002079], [-89.3007435408404, 48.3768507851103], [-89.3007444072654, 48.3768382487328], [-89.3007450206285, 48.3768319922352], [-89.3007458168815, 48.3768257482735], [-89.300748025204, 48.3768133793913], [-89.3007507725877, 48.3768010447103], [-89.3007553542185, 48.3767825730624], [-89.3007825064241, 48.3766779770542], [-89.3008189242149, 48.376536434788], [-89.3008256080379, 48.3765118693929], [-89.3008293367084, 48.3764996428382], [-89.3008313871836, 48.3764935393324], [-89.3008357735584, 48.3764813724966], [-89.3008451023105, 48.3764571194728], [-89.3010309707873, 48.3759847638466], [-89.3010879788976, 48.3758393859109], [-89.301095186556, 48.3758212314897], [-89.3011001526066, 48.3758091637103], [-89.301105415966, 48.375797160161], [-89.3011112341256, 48.3757852705734], [-89.3011176057358, 48.3757734949743], [-89.3011276711132, 48.3757559401759], [-89.3013958613765, 48.3753009426374]]}, "properties": {"OBJECTID": 3959, "ROAD_CLASS": null, "OP2002_ROW": "PROVINCIAL HIGHWAY", "OP2018_ROW": "PROVINCIAL HIGHWAY", "Shape__Length": 625.5974879410111}}, {"type": "Feature", "id": 3960, "geometry": {"type": "LineString", "coordinates": [[-89.3013958613765, 48.3753009426374], [-89.3014554313874, 48.3752101611315], [-89.3015178929155, 48.3751202464022], [-89.3015832175508, 48.3750312393239], [-89.3016513755825, 48.3749431803583], [-89.3017223360118, 48.374856109536], [-89.3017960665669, 48.374770066438], [-89.301872533717, 48.3746850901779], [-89.3019517026878, 48.3746012193843], [-89.3020335374774, 48.374518492183], [-89.3021180008726, 48.3744369461797], [-89.302205054466, 48.374356618443], [-89.302294658673, 48.3742775454876], [-89.3023867727504, 48.3741997632576], [-89.3024813548146, 48.3741233071101], [-89.3025783618606, 48.3740482117993], [-89.3026777497818, 48.3739745114608], [-89.30277947339, 48.3739022395956], [-89.3028834864356, 48.3738314290557], [-89.3029897416292, 48.3737621120283], [-89.3030981906628, 48.3736943200217], [-89.3032087842315, 48.3736280838508], [-89.3033214720565, 48.3735634336234], [-89.3034362029075, 48.373500398726], [-89.3035529246261, 48.3734390078109], [-89.3036715841497, 48.373379288783], [-89.3037921275353, 48.3733212687869], [-89.3039144999842, 48.3732649741953], [-89.3040386458669, 48.3732104305961], [-89.3041645087484, 48.3731576627815], [-89.3042920314139, 48.3731066947362], [-89.3044211558944, 48.3730575496269], [-89.3045518234936, 48.3730102497917], [-89.3045769650542, 48.3730016095067], [-89.3046021988227, 48.3729931572144], [-89.3046528764937, 48.3729766002015], [-89.3061155655904, 48.3725011725801]]}, "properties": {"OBJECTID": 3960, "ROAD_CLASS": null, "OP2002_ROW": "PROVINCIAL HIGHWAY", "OP2018_ROW": "PROVINCIAL HIGHWAY", "Shape__Length": 481.4784828545517}}, {"type": "Feature", "id": 3961, "geometry": {"type": "LineString", "coordinates": [[-89.3147402210971, 48.3596558560474], [-89.3147403845394, 48.3596556791057], [-89.3149256905451, 48.3594553463557], [-89.3150302226265, 48.3593453157565], [-89.3151304982064, 48.3592335396771], [-89.3152264517247, 48.3591200912287], [-89.3153180204495, 48.3590050446155], [-89.3154051445181, 48.3588884750867], [-89.3154877669764, 48.3587704588872], [-89.3155658338155, 48.3586510732074], [-89.3156392940073, 48.3585303961328], [-89.3157998680995, 48.3582560059975], [-89.3158773065314, 48.3581148105454], [-89.3159512680197, 48.3579727896002], [-89.316021732792, 48.357829981185], [-89.3160886820128, 48.3576864235332], [-89.3161520977881, 48.3575421550787], [-89.3162119631705, 48.3573972144451], [-89.3162682621632, 48.357251640436], [-89.3163209797249, 48.3571054720238], [-89.3163701017733, 48.3569587483401], [-89.316415615189, 48.3568115086644], [-89.3164575078191, 48.3566637924144], [-89.3164957684802, 48.3565156391347], [-89.3165303869614, 48.3563670884869], [-89.3165613540274, 48.3562181802382], [-89.3165886614202, 48.3560689542515], [-89.316612301862, 48.3559194504744], [-89.3166812913742, 48.3530715939569]]}, "properties": {"OBJECTID": 3961, "ROAD_CLASS": null, "OP2002_ROW": "PROVINCIAL HIGHWAY", "OP2018_ROW": "PROVINCIAL HIGHWAY", "Shape__Length": 758.9468636155455}}, {"type": "Feature", "id": 3962, "geometry": {"type": "LineString", "coordinates": [[-89.3007302281092, 48.3808615505378], [-89.3007364520103, 48.3817553141429], [-89.3007370024161, 48.3818056545819], [-89.3007725331182, 48.3832068106455], [-89.3007732473901, 48.3832382270909], [-89.300773480324, 48.383257081952], [-89.3007734326386, 48.3832948154454], [-89.3007637642567, 48.385250640492], [-89.3007769682999, 48.3876071001178], [-89.3007788103086, 48.3899924475601], [-89.3007790334988, 48.3901372080659], [-89.3007789476297, 48.3901623800804], [-89.3007784801588, 48.3901812480363], [-89.3007781448843, 48.3901875322477], [-89.3007771056091, 48.3902000423668], [-89.3007757471577, 48.390212544476], [-89.3007734382786, 48.3902312900195], [-89.3007564306591, 48.3903624843486], [-89.3006437766788, 48.3912371302545], [-89.3006213830581, 48.3914120724981], [-89.3006180366295, 48.3914370497134], [-89.3006161267116, 48.391449516964], [-89.3006138302158, 48.3914619496606], [-89.3006124591878, 48.3914681538206], [-89.300607697771, 48.3914867090912], [-89.3006007066468, 48.3915113903274], [-89.3005596314305, 48.3916532241843], [-89.3003923852409, 48.3922329736046], [-89.300385123661, 48.392257623345], [-89.300379267351, 48.3922760484492], [-89.300372724116, 48.3922943397366], [-89.300363457071, 48.3923186463024], [-89.3002245806141, 48.3926768458342], [-89.30016352197, 48.3928347239526], [-89.3001562598784, 48.3928528955426], [-89.3001511320856, 48.392864950283], [-89.3001455444344, 48.3928769035528], [-89.3001394941035, 48.3928887527094], [-89.3001235391967, 48.3929182054859], [-89.3000198687612, 48.3931063771824], [-89.2996121497517, 48.393847414215], [-89.2995443058869, 48.3939709522382], [-89.2995311580605, 48.3939944194935], [-89.2995242975112, 48.3940060733768], [-89.2995207187969, 48.3940118591992], [-89.2995169947624, 48.394017628133], [-89.2995092497736, 48.3940290828631], [-89.2994931837411, 48.3940518310902], [-89.2994117287586, 48.3941652599769], [-89.2989602578647, 48.3947949598443], [-89.2988546527615, 48.3949425115514], [-89.2988423894376, 48.394959507193], [-89.2988340577669, 48.3949707810581], [-89.2988254361349, 48.3949819464518], [-89.2988209384603, 48.3949874600046], [-89.2988162770768, 48.3949929084495], [-89.2988065832513, 48.3950036660983], [-89.2987864730225, 48.3950249169176], [-89.2986692387363, 48.3951465130298], [-89.297829198901, 48.3960191986091], [-89.2977223968497, 48.3961303228144], [-89.297701923758, 48.3961514259313], [-89.2976861557513, 48.3961670563811], [-89.2976751489929, 48.3961772310383], [-89.2976637123014, 48.3961871893492], [-89.2976402576982, 48.3962068305628], [-89.2975040953022, 48.3963191367995], [-89.296184969608, 48.3974085477251], [-89.2941405849088, 48.3990837275895], [-89.2910984996695, 48.4015960365879], [-89.2910689305335, 48.4016205623644], [-89.2910572226652, 48.4016304345279], [-89.2910456913894, 48.4016403877477], [-89.2910343353562, 48.4016504220507], [-89.291011847389, 48.401670606754], [-89.2899530766138, 48.4026262562533], [-89.2898185280259, 48.4027475624858], [-89.2897962061685, 48.4027678264125], [-89.2897852072935, 48.4027780316255], [-89.2897744758918, 48.4027883556758], [-89.2897641595029, 48.4027988343148], [-89.289754107847, 48.4028094309463], [-89.2897392544796, 48.4028254271489], [-89.2896261307565, 48.4029484002609], [-89.2893553335354, 48.4032423451876], [-89.2893358677049, 48.4032638100028], [-89.2893217712949, 48.4032801185858], [-89.2893082484832, 48.4032966829714], [-89.2892905704535, 48.4033189030606], [-89.2886391000513, 48.4041420485717], [-89.2885069414011, 48.4043088684693], [-89.2884894123019, 48.4043311403494], [-89.2884807958548, 48.4043423246264], [-89.2884724233894, 48.404353585924], [-89.2884644116797, 48.4043649669054], [-89.2884451960885, 48.4043936802847], [-89.2877328558233, 48.4054765538081]]}, "properties": {"OBJECTID": 3962, "ROAD_CLASS": null, "OP2002_ROW": "PROVINCIAL HIGHWAY", "OP2018_ROW": "PROVINCIAL HIGHWAY", "Shape__Length": 3027.244468743068}}, {"type": "Feature", "id": 3963, "geometry": {"type": "LineString", "coordinates": [[-89.3554551722943, 48.40014498332], [-89.3630859690721, 48.4001548356014], [-89.3631426265807, 48.4001547447136], [-89.3631709484996, 48.4001543039614], [-89.3631992727696, 48.4001534474713], [-89.363237026624, 48.4001520597864], [-89.3681259889585, 48.3999660654542], [-89.3681920473687, 48.3999634643332], [-89.3682673676177, 48.399960067803], [-89.3729083693426, 48.3997452203368], [-89.3729460281469, 48.3997435147093], [-89.3729742810078, 48.399742380159], [-89.373002543736, 48.3997415738058], [-89.3730496710614, 48.3997407290575], [-89.3761889310514, 48.3996929481207], [-89.3762360896861, 48.3996924001339], [-89.3762927734821, 48.3996921006722], [-89.3873749757977, 48.3996483193141], [-89.3874033185104, 48.3996483319253], [-89.3874221574366, 48.3996484671608], [-89.387469116921, 48.3996491801434], [-89.3888496611117, 48.3996746311787], [-89.3888778337141, 48.3996750212552], [-89.3888966095012, 48.399675106275], [-89.3889153772963, 48.3996749053379], [-89.388934135707, 48.3996744175731], [-89.3889810186737, 48.3996726887119], [-89.3892154176449, 48.3996632742636], [-89.3898623726816, 48.399637560922], [-89.3898998613052, 48.3996359558423], [-89.3899279323799, 48.3996344394058], [-89.3899559592768, 48.3996323840317], [-89.3899932670186, 48.3996292261167], [-89.3907950348029, 48.3995588888435], [-89.3910281341348, 48.3995385459791], [-89.3910560803737, 48.3995360115478], [-89.3910746701876, 48.3995341773166], [-89.3910931900282, 48.3995320899086], [-89.3911116405326, 48.3995296188472], [-89.3911300210209, 48.3995268937102], [-89.3911666943044, 48.3995211294393], [-89.3914507018352, 48.3994757065533], [-89.3925776803749, 48.3992958455303], [-89.3927701264634, 48.3992652150646], [-89.3928067115317, 48.3992592199688], [-89.3928249125903, 48.3992560151285], [-89.3928339676252, 48.3992543070338], [-89.3928429668943, 48.3992525047254], [-89.3928608690441, 48.3992486888719], [-89.3928964945243, 48.399240644294], [-89.3930831551364, 48.3991975597084], [-89.3943277829603, 48.3989108514373]]}, "properties": {"OBJECTID": 3963, "ROAD_CLASS": null, "OP2002_ROW": "PROVINCIAL HIGHWAY", "OP2018_ROW": "PROVINCIAL HIGHWAY", "Shape__Length": 2890.8627060254225}}, {"type": "Feature", "id": 3964, "geometry": {"type": "LineString", "coordinates": [[-89.3554551722943, 48.40014498332], [-89.3371626559921, 48.4002217606975], [-89.3366366543646, 48.4002280706795], [-89.33591986818, 48.400242589482], [-89.3352034666445, 48.4002639319923], [-89.3344875961562, 48.4002920938535], [-89.3337724030056, 48.4003270693152], [-89.3330580333457, 48.4003688512347], [-89.3323446331625, 48.400417431078], [-89.3316323482453, 48.4004727989222], [-89.3309213241569, 48.4005349434569], [-89.3302117062041, 48.400603851987], [-89.3295036394084, 48.4006795104349], [-89.3287972684761, 48.4007619033435], [-89.3280927377695, 48.4008510138794], [-89.3273901912768, 48.4009468238362], [-89.3266897725836, 48.4010493136382], [-89.3259916248431, 48.4011584623445], [-89.3252958907473, 48.4012742476532], [-89.3246027124981, 48.4013966459058], [-89.323912231778, 48.4015256320921], [-89.3232245897217, 48.4016611798555], [-89.3225399268871, 48.4018032614978], [-89.3218583832271, 48.4019518479854], [-89.3211800980605, 48.402106908955], [-89.3205052100442, 48.4022684127195], [-89.319833857145, 48.4024363262748], [-89.3191661766112, 48.4026106153064], [-89.3185023049447, 48.4027912441962], [-89.3178423778736, 48.4029781760302], [-89.3171865303243, 48.4031713726053], [-89.3165348963938, 48.4033707944376], [-89.3158876093229, 48.4035764007704], [-89.3152448014688, 48.4037881495822], [-89.3146066042781, 48.4040059975953], [-89.3145386822823, 48.4040279930126], [-89.3134713368397, 48.4043760579809], [-89.3105322128408, 48.4053169219477], [-89.3047779144614, 48.407158661397], [-89.3045217052553, 48.4072213682013], [-89.3042636723647, 48.4072806682051], [-89.3040039179786, 48.4073365379216], [-89.303742544969, 48.4073889552223], [-89.3034796568501, 48.4074378993462], [-89.303215357737, 48.4074833509075], [-89.3029497523046, 48.4075252919038], [-89.302682945746, 48.4075637057231], [-89.3024150437309, 48.4075985771503], [-89.3021461523637, 48.407629892373], [-89.3018763781411, 48.4076576389876], [-89.3016058279102, 48.4076818060037], [-89.3013346088259, 48.4077023838487], [-89.3010628283087, 48.4077193643715], [-89.3007905940017, 48.4077327408458], [-89.3005180137281, 48.4077425079725], [-89.3002451954485, 48.4077486618825], [-89.2999722472177, 48.4077512001373], [-89.2996992771425, 48.4077501217309], [-89.2994263933382, 48.4077454270893], [-89.2991537038858, 48.407737118071], [-89.2988813167896, 48.4077251979662], [-89.2986093399337, 48.4077096714949], [-89.2983378810397, 48.407690544806], [-89.2980670476235, 48.4076678254739], [-89.2977969469534, 48.4076415224961], [-89.2975276860067, 48.4076116462895], [-89.2972593714276, 48.4075782086861], [-89.2969921094852, 48.4075412229285], [-89.2967260060309, 48.4075007036647], [-89.2964611664566, 48.407456666942], [-89.2961976956529, 48.4074091302009], [-89.2877328558233, 48.4054765538081]]}, "properties": {"OBJECTID": 3964, "ROAD_CLASS": null, "OP2002_ROW": "PROVINCIAL HIGHWAY", "OP2018_ROW": "PROVINCIAL HIGHWAY", "Shape__Length": 5209.503686621802}}, {"type": "Feature", "id": 3965, "geometry": {"type": "LineString", "coordinates": [[-89.2636822963666, 48.4434850579604], [-89.2632709755525, 48.4437327567771], [-89.2628546164186, 48.4439767025632], [-89.2624332962766, 48.4442168499774], [-89.2620070933638, 48.4444531543835], [-89.261576086828, 48.444685571859], [-89.2611403567137, 48.4449140592034], [-89.2606999839463, 48.4451385739459], [-89.2602550503177, 48.4453590743533], [-89.250959934641, 48.4495985447971]]}, "properties": {"OBJECTID": 3965, "ROAD_CLASS": null, "OP2002_ROW": "PROVINCIAL HIGHWAY", "OP2018_ROW": "PROVINCIAL HIGHWAY", "Shape__Length": 1162.0103000002075}}, {"type": "Feature", "id": 3966, "geometry": {"type": "LineString", "coordinates": [[-89.2877328558233, 48.4054765538081], [-89.2873418699607, 48.406140880727], [-89.287328298632, 48.406164225368], [-89.2873185332796, 48.4061818313498], [-89.287309456391, 48.4061996323774], [-89.2872950480148, 48.406229470886], [-89.2870441425576, 48.4067552560759], [-89.2869670325315, 48.4069165526208], [-89.2869558060764, 48.4069404839996], [-89.2869504503616, 48.4069524967526], [-89.2869479046572, 48.4069585270433], [-89.2869431438536, 48.4069706674251], [-89.2869386719002, 48.4069828605458], [-89.2869300863025, 48.4070073116403], [-89.2868601547087, 48.4072092037483], [-89.2863888797506, 48.4085672371412], [-89.2863826031295, 48.408585600535], [-89.2863785786741, 48.4085978639102], [-89.2863748355208, 48.408610162181], [-89.2863731248384, 48.4086163432074], [-89.2863684629794, 48.4086349444194], [-89.2863627210745, 48.4086598067929], [-89.2858727276554, 48.4108176744369], [-89.2854257447153, 48.4128161910207], [-89.2849095126311, 48.4150875562194], [-89.2848970958142, 48.4151435713712], [-89.2846333387557, 48.4163448787244], [-89.2846172784416, 48.41641939824], [-89.2844390902205, 48.4172619990207], [-89.2844287536131, 48.4173116143337], [-89.2840965963953, 48.418996557674]]}, "properties": {"OBJECTID": 3966, "ROAD_CLASS": null, "OP2002_ROW": "PROVINCIAL HIGHWAY", "OP2018_ROW": "PROVINCIAL HIGHWAY", "Shape__Length": 1530.4857064460941}}, {"type": "Feature", "id": 3967, "geometry": {"type": "LineString", "coordinates": [[-89.2254822998488, 48.4617709976536], [-89.2251302409891, 48.4618978409661], [-89.2247805428242, 48.4620275417868], [-89.2244332577842, 48.4621600806775], [-89.224088437939, 48.4622954377743], [-89.2237461349902, 48.4624335927909], [-89.2234064002634, 48.4625745250213], [-89.2230692847005, 48.4627182133432], [-89.2227348388524, 48.4628646362209], [-89.2224031128709, 48.4630137717086], [-89.2220741565015, 48.463165597454], [-89.2217480190762, 48.4633200907009], [-89.2214247495054, 48.4634772282934], [-89.2211043962714, 48.4636369866789], [-89.2207870074204, 48.4637993419117], [-89.2204726305558, 48.4639642696566], [-89.2201613128311, 48.4641317451926], [-89.1917441034057, 48.4813982764627]]}, "properties": {"OBJECTID": 3967, "ROAD_CLASS": null, "OP2002_ROW": "PROVINCIAL HIGHWAY", "OP2018_ROW": "PROVINCIAL HIGHWAY", "Shape__Length": 3319.877459839525}}, {"type": "Feature", "id": 3968, "geometry": {"type": "LineString", "coordinates": [[-89.2305193199938, 48.4598605804679], [-89.2254822998488, 48.4617709976536]]}, "properties": {"OBJECTID": 3968, "ROAD_CLASS": null, "OP2002_ROW": "PROVINCIAL HIGHWAY", "OP2018_ROW": "PROVINCIAL HIGHWAY", "Shape__Length": 428.81614617868166}}, {"type": "Feature", "id": 3969, "geometry": {"type": "LineString", "coordinates": [[-89.250959934641, 48.4495985447971], [-89.2447273799331, 48.4530796446832], [-89.2443231278177, 48.453329022763], [-89.2439164141114, 48.4535766249555], [-89.2435072564227, 48.4538224405179], [-89.2430956724669, 48.4540664587852], [-89.2426816800653, 48.4543086691697], [-89.2422652971444, 48.4545490611623], [-89.2418465417353, 48.4547876243325], [-89.2414254319728, 48.4550243483291], [-89.2410019860946, 48.4552592228805], [-89.2405762224406, 48.455492237795], [-89.240148159452, 48.4557233829618], [-89.2397178156704, 48.4559526483507], [-89.2392852097374, 48.4561800240132], [-89.2388503603933, 48.4564055000825], [-89.2384132864766, 48.4566290667742], [-89.2379740069231, 48.4568507143865], [-89.2351478629897, 48.4580820380139], [-89.2305193199938, 48.4598605804679]]}, "properties": {"OBJECTID": 3969, "ROAD_CLASS": null, "OP2002_ROW": "PROVINCIAL HIGHWAY", "OP2018_ROW": "PROVINCIAL HIGHWAY", "Shape__Length": 1899.6180494840914}}, {"type": "Feature", "id": 3970, "geometry": {"type": "LineString", "coordinates": [[-89.1665691821146, 48.4842341201508], [-89.1663046372085, 48.4843032810589], [-89.1660417370216, 48.4843751608668], [-89.1657805447727, 48.4844497422925], [-89.1655211232706, 48.484527007404], [-89.1652635348994, 48.4846069376243], [-89.1650078416034, 48.4846895137353], [-89.1647541048718, 48.4847747158826], [-89.1645023857248, 48.4848625235803], [-89.1642527446979, 48.484952915716], [-89.1640052418284, 48.4850458705556], [-89.16375993664, 48.4851413657487], [-89.1635168881294, 48.485239378334], [-89.1632761547514, 48.4853398847447], [-89.1630377944054, 48.4854428608141], [-89.162801864421, 48.4855482817817], [-89.1625684215447, 48.4856561222989], [-89.1515738246683, 48.4903257768895]]}, "properties": {"OBJECTID": 3970, "ROAD_CLASS": null, "OP2002_ROW": "PROVINCIAL HIGHWAY", "OP2018_ROW": "PROVINCIAL HIGHWAY", "Shape__Length": 1300.5490029154716}}, {"type": "Feature", "id": 3971, "geometry": {"type": "LineString", "coordinates": [[-89.1917441034057, 48.4813982764627], [-89.1915369762978, 48.4815130853608], [-89.1913265847207, 48.4816252403788], [-89.1911130055846, 48.4817347005053], [-89.1908963169673, 48.4818414257143], [-89.1906765980849, 48.4819453769794], [-89.190453929263, 48.4820465162882], [-89.1902283919075, 48.4821448066566], [-89.1900000684748, 48.4822402121417], [-89.1897690424415, 48.4823326978557], [-89.1895353982738, 48.4824222299779], [-89.1892992213968, 48.4825087757677], [-89.1890605981631, 48.4825923035762], [-89.1888196158213, 48.4826727828582], [-89.1885763624839, 48.4827501841827], [-89.1883309270951, 48.4828244792446], [-89.1880833993986, 48.4828956408744], [-89.1878338699039, 48.4829636430481], [-89.1875824298542, 48.4830284608973], [-89.1873291711923, 48.4830900707178], [-89.187074186527, 48.4831484499785], [-89.1868175690996, 48.4832035773295], [-89.1865594127493, 48.4832554326103], [-89.1862998118789, 48.4833039968567], [-89.1860388614206, 48.4833492523079], [-89.1857766568009, 48.4833911824133], [-89.1855132939055, 48.4834297718381], [-89.1852488690449, 48.4834650064694], [-89.1849834789181, 48.4834968734208], [-89.1847172205782, 48.4835253610378], [-89.1844501913959, 48.4835504589015], [-89.1841824890247, 48.4835721578326], [-89.1839142113647, 48.4835904498948], [-89.1829129751639, 48.4836749136975], [-89.1820142587495, 48.483705740805], [-89.1818260099291, 48.4837121973267], [-89.1804467345036, 48.4837239814912]]}, "properties": {"OBJECTID": 3971, "ROAD_CLASS": null, "OP2002_ROW": "PROVINCIAL HIGHWAY", "OP2018_ROW": "PROVINCIAL HIGHWAY", "Shape__Length": 894.9495195072711}}, {"type": "Feature", "id": 3972, "geometry": {"type": "LineString", "coordinates": [[-89.1804467345036, 48.4837239814912], [-89.1789433014225, 48.4837451283774], [-89.1743846016497, 48.4836648931377], [-89.171911963312, 48.483648829118], [-89.1715714055028, 48.4836437210936], [-89.171230761852, 48.4836442250405], [-89.1708902415384, 48.483650340651], [-89.1705500536657, 48.4836620641713], [-89.1702104071335, 48.4836793884039], [-89.16987151051, 48.4837023027121], [-89.1695335719035, 48.4837307930265], [-89.1691967988352, 48.4837648418535], [-89.1688613981118, 48.4838044282862], [-89.1685275756988, 48.4838495280169], [-89.1681955365941, 48.4839001133524], [-89.1678654847024, 48.4839561532307], [-89.1675376227101, 48.4840176132401], [-89.1672121519609, 48.4840844556404], [-89.1668892723327, 48.484156639386], [-89.1665691821146, 48.4842341201508]]}, "properties": {"OBJECTID": 3972, "ROAD_CLASS": null, "OP2002_ROW": "PROVINCIAL HIGHWAY", "OP2018_ROW": "PROVINCIAL HIGHWAY", "Shape__Length": 1033.9253785942917}}, {"type": "Feature", "id": 3973, "geometry": {"type": "LineString", "coordinates": [[-89.3499628056494, 48.4884264330728], [-89.351768276576, 48.4885576101627], [-89.351815216867, 48.4885613822552], [-89.3518433476139, 48.4885637888827], [-89.351908860472, 48.4885698597525], [-89.3557449044446, 48.4889313733098], [-89.3558290926631, 48.4889394510153], [-89.3715126003303, 48.4905567831125]]}, "properties": {"OBJECTID": 3973, "ROAD_CLASS": null, "OP2002_ROW": "PROVINCIAL HIGHWAY", "OP2018_ROW": "PROVINCIAL HIGHWAY", "Shape__Length": 1610.4998137603632}}, {"type": "Feature", "id": 3974, "geometry": {"type": "LineString", "coordinates": [[-89.3253668041936, 48.4819955038192], [-89.3259489989339, 48.4822641751688], [-89.3267663750816, 48.4826761497229], [-89.3277908601063, 48.4832393809374], [-89.3283485582614, 48.4835480251303], [-89.3291288675234, 48.4839792631772], [-89.329957656705, 48.4844366518061], [-89.3306651986979, 48.4848265097974], [-89.331630775054, 48.4853638319868], [-89.3323805038377, 48.4857828215075], [-89.333626792836, 48.4864716789103], [-89.3344528285636, 48.4869291217582], [-89.3349731662492, 48.487217559847], [-89.3355933641093, 48.4875591974209], [-89.3362553702672, 48.4878752291975], [-89.336681575977, 48.4880475002129], [-89.3372115303698, 48.4882328997848], [-89.3377540536781, 48.4883799549417], [-89.3382057455, 48.488483146418], [-89.3386334019214, 48.4885620667971], [-89.3390749343285, 48.4886311833889], [-89.3395010170401, 48.4886758527392], [-89.3399751500951, 48.4887062145286], [-89.3403997449601, 48.4887185366396], [-89.3407550301647, 48.4887189343143], [-89.3410811648055, 48.4887084966016], [-89.3414667979985, 48.4886835165505], [-89.3419290099471, 48.488641741121], [-89.3426966108455, 48.4885747024622], [-89.3436607458014, 48.4884827082928], [-89.3444310288369, 48.4884117948177], [-89.3449759759594, 48.4883626059116], [-89.3453957715207, 48.4883331041235], [-89.3458102801523, 48.4883132313804], [-89.346299648507, 48.4883013531503], [-89.3466462513373, 48.4883000013474], [-89.3471077869555, 48.4883058291294], [-89.3475182398217, 48.4883222166385], [-89.3478942566028, 48.4883374016662], [-89.3482127638311, 48.4883480460575], [-89.3486327151062, 48.4883666892803], [-89.3497144443035, 48.4884136005412], [-89.3499628056494, 48.4884264330728]]}, "properties": {"OBJECTID": 3974, "ROAD_CLASS": null, "OP2002_ROW": "PROVINCIAL HIGHWAY", "OP2018_ROW": "PROVINCIAL HIGHWAY", "Shape__Length": 2072.09906900328}}, {"type": "Feature", "id": 3975, "geometry": {"type": "LineString", "coordinates": [[-89.3715126003303, 48.4905567831125], [-89.3721730106166, 48.4906248648689], [-89.3724978228828, 48.4906609751672], [-89.3740649438353, 48.4908378069337], [-89.3782994885529, 48.4913039586653], [-89.3790874034058, 48.4913805115451], [-89.3797010729279, 48.4914070987179], [-89.3804532801471, 48.4914093915415], [-89.3811499788066, 48.4913735468436], [-89.3817165316616, 48.4913118267364], [-89.3823731502609, 48.4912232413412], [-89.3834156920265, 48.4910016731665], [-89.384572102633, 48.4906884436737], [-89.3861420813054, 48.4902594934727], [-89.3866049682068, 48.4901641816387], [-89.386988860056, 48.4901026474195], [-89.3873685567746, 48.4900661963402], [-89.3877806229397, 48.4900326404958], [-89.3882639638576, 48.4900297420768], [-89.3887377453867, 48.4900520365916], [-89.3892667033273, 48.4901053208811], [-89.3899219515676, 48.4902166816594], [-89.3902914197385, 48.4903054148796], [-89.390808814997, 48.4904553471784], [-89.3911584987561, 48.4905801975243], [-89.3914873883314, 48.4907197624047], [-89.3917676437046, 48.4908531998954], [-89.3921706785233, 48.491084074056], [-89.3925540981247, 48.4913546363504], [-89.3928269898922, 48.4915596472861], [-89.3930885751485, 48.4917894555794], [-89.3931582183105, 48.4918524882273]]}, "properties": {"OBJECTID": 3975, "ROAD_CLASS": null, "OP2002_ROW": "PROVINCIAL HIGHWAY", "OP2018_ROW": "PROVINCIAL HIGHWAY", "Shape__Length": 1701.3216201630976}}, {"type": "Feature", "id": 3976, "geometry": {"type": "LineString", "coordinates": [[-89.3931582183105, 48.4918524882273], [-89.3935112575198, 48.4921375955621], [-89.3940437244915, 48.4926011438843], [-89.3943605692786, 48.4928266565302], [-89.3946876474588, 48.4930412439298], [-89.3950628641963, 48.4932512562526], [-89.3953875927604, 48.4934158976445], [-89.395782938283, 48.4935969227794], [-89.3962634877564, 48.4937618894108], [-89.3967809369894, 48.4939118028598], [-89.3973725216192, 48.4940387445631], [-89.3978981856615, 48.4941349187071], [-89.4002388769358, 48.4945539031514], [-89.4008910253581, 48.4947116891678], [-89.4016086631571, 48.4949137875802], [-89.4030253163087, 48.495357395089], [-89.403475678983, 48.4954851742132]]}, "properties": {"OBJECTID": 3976, "ROAD_CLASS": null, "OP2002_ROW": "PROVINCIAL HIGHWAY", "OP2018_ROW": "PROVINCIAL HIGHWAY", "Shape__Length": 884.0401394323425}}, {"type": "Feature", "id": 3977, "geometry": {"type": "LineString", "coordinates": [[-89.403475678983, 48.4954851742132], [-89.4053900316681, 48.4960831916174], [-89.4060387092755, 48.4962803045272], [-89.4064738389273, 48.4963926091643], [-89.4068759222132, 48.4964877509768], [-89.4075473915727, 48.4965986786322], [-89.4079794858381, 48.4966467675133], [-89.4083838982862, 48.4966775799134], [-89.4087611356879, 48.4967018168798], [-89.4092073053576, 48.4967067537686], [-89.4097762449568, 48.4966948331068], [-89.4102690278109, 48.4966630797959], [-89.4106854817089, 48.4966079300648], [-89.4111441964009, 48.4965376088614], [-89.4117087328326, 48.496432927929], [-89.4122304976245, 48.4963327130284], [-89.4126933895835, 48.4962373024261], [-89.4131417013142, 48.4961743317089], [-89.4134511406034, 48.4961285587594], [-89.4138628963724, 48.4960877784685], [-89.4143034433042, 48.4960649612596], [-89.4147367423074, 48.4960630055528], [-89.4152706821606, 48.4960684563374], [-89.4157915547173, 48.4961003659094], [-89.416122669494, 48.4961338797189], [-89.4163827855581, 48.4961670889166], [-89.4166952352552, 48.4962197202681], [-89.4171406109734, 48.4962956053294], [-89.4178355836405, 48.4964590150734]]}, "properties": {"OBJECTID": 3977, "ROAD_CLASS": null, "OP2002_ROW": "PROVINCIAL HIGHWAY", "OP2018_ROW": "PROVINCIAL HIGHWAY", "Shape__Length": 1101.2644329347675}}, {"type": "Feature", "id": 3978, "geometry": {"type": "LineString", "coordinates": [[-89.4178355836405, 48.4964590150734], [-89.4192878326048, 48.4969457465901], [-89.4194385853629, 48.496999472014], [-89.4196803337299, 48.4970741375911], [-89.420150230478, 48.4972011375255], [-89.4204970325432, 48.49727783177], [-89.4211126836554, 48.4973910613042], [-89.4216989531358, 48.4974568366642], [-89.4222569836899, 48.4974991671313], [-89.423066904795, 48.4975151610292], [-89.4238467240248, 48.4974686902247], [-89.4242558089561, 48.4974210145043], [-89.4246960719905, 48.497363666618], [-89.4257892153832, 48.4971573709019], [-89.4275432126581, 48.496827538836]]}, "properties": {"OBJECTID": 3978, "ROAD_CLASS": null, "OP2002_ROW": "PROVINCIAL HIGHWAY", "OP2018_ROW": "PROVINCIAL HIGHWAY", "Shape__Length": 750.0072729047633}}, {"type": "Feature", "id": 3979, "geometry": {"type": "LineString", "coordinates": [[-89.2745281173755, 48.4054949747113], [-89.2725182845029, 48.4056852885104], [-89.2724715259174, 48.4056896161788], [-89.2724434255295, 48.4056919862108], [-89.2724152708761, 48.4056941089803], [-89.272377704948, 48.4056967919933], [-89.2686393070317, 48.4059608672743], [-89.2685735416661, 48.4059654108373], [-89.268545313562, 48.4059671652135], [-89.2684982232505, 48.4059698512854], [-89.2633078511946, 48.4062591552829], [-89.2582109283939, 48.4065459002028]]}, "properties": {"OBJECTID": 3979, "ROAD_CLASS": null, "OP2002_ROW": "100 m", "OP2018_ROW": "100 m", "Shape__Length": 1213.8900883845708}}, {"type": "Feature", "id": 3980, "geometry": {"type": "LineString", "coordinates": [[-89.2582109283939, 48.4065459002028], [-89.2543025926232, 48.4066708747986], [-89.2542553866471, 48.4066723201565], [-89.254227057421, 48.4066729987076], [-89.254198709279, 48.406673371712], [-89.254151450316, 48.4066736798986], [-89.2499924771854, 48.4066951566315]]}, "properties": {"OBJECTID": 3980, "ROAD_CLASS": null, "OP2002_ROW": "100 m", "OP2018_ROW": "100 m", "Shape__Length": 608.7824755472973}}, {"type": "Feature", "id": 3981, "geometry": {"type": "LineString", "coordinates": [[-89.2499924771854, 48.4066951566315], [-89.2476695977136, 48.4067023055035], [-89.2455217735048, 48.4067363340446]]}, "properties": {"OBJECTID": 3981, "ROAD_CLASS": null, "OP2002_ROW": "100 m", "OP2018_ROW": "100 m", "Shape__Length": 331.0240593638822}}, {"type": "Feature", "id": 3982, "geometry": {"type": "LineString", "coordinates": [[-89.2431544769264, 48.4068390109866], [-89.2423928271887, 48.4067939372929], [-89.2422336495269, 48.4067793293043], [-89.2420749977025, 48.4067623742152], [-89.2419169497816, 48.4067430803681], [-89.2417595835336, 48.4067214572567], [-89.2416029763917, 48.4066975155204], [-89.2414472054155, 48.4066712669398], [-89.2412923472529, 48.4066427244304], [-89.2411384781021, 48.4066119020365], [-89.2408122301506, 48.406545338325]]}, "properties": {"OBJECTID": 3982, "ROAD_CLASS": null, "OP2002_ROW": "100 m", "OP2018_ROW": "100 m", "Shape__Length": 177.0379014684734}}, {"type": "Feature", "id": 3983, "geometry": {"type": "LineString", "coordinates": [[-89.2877328558233, 48.4054765538081], [-89.2865245302891, 48.4051539499649], [-89.2858782528102, 48.4050300696611], [-89.2857262564475, 48.4050070552342], [-89.2855736143125, 48.4049860209687], [-89.2854203845827, 48.4049669748818], [-89.2852666256593, 48.4049499242328], [-89.2851123961452, 48.4049348755205], [-89.2849577548224, 48.4049218344808], [-89.2848027606297, 48.4049108060843], [-89.2846474726405, 48.4049017945346], [-89.2844919500397, 48.4048948032667], [-89.2843362521019, 48.4048898349452], [-89.2841804381684, 48.4048868914642], [-89.2840245676245, 48.4048859739458], [-89.2838686998773, 48.4048870827399], [-89.2837128943326, 48.4048902174243], [-89.2835572103729, 48.4048953768044], [-89.2834017073342, 48.4049025589143], [-89.2802087869118, 48.4050876200715]]}, "properties": {"OBJECTID": 3983, "ROAD_CLASS": null, "OP2002_ROW": "100 m", "OP2018_ROW": "100 m", "Shape__Length": 568.1081839905388}}, {"type": "Feature", "id": 3984, "geometry": {"type": "LineString", "coordinates": [[-89.2455217735048, 48.4067363340446], [-89.244768390451, 48.4067701034239], [-89.2438625614387, 48.4068176886319], [-89.2431544769264, 48.4068390109866]]}, "properties": {"OBJECTID": 3984, "ROAD_CLASS": null, "OP2002_ROW": "100 m", "OP2018_ROW": "100 m", "Shape__Length": 175.6445790019486}}, {"type": "Feature", "id": 3985, "geometry": {"type": "LineString", "coordinates": [[-89.2802087869118, 48.4050876200715], [-89.2745281173755, 48.4054949747113]]}, "properties": {"OBJECTID": 3985, "ROAD_CLASS": null, "OP2002_ROW": "100 m", "OP2018_ROW": "100 m", "Shape__Length": 423.0015144529041}}, {"type": "Feature", "id": 3986, "geometry": {"type": "LineString", "coordinates": [[-89.3801898949432, 48.3808649980079], [-89.3832239864803, 48.3808796759373]]}, "properties": {"OBJECTID": 3986, "ROAD_CLASS": null, "OP2002_ROW": "36 m", "OP2018_ROW": "36 m", "Shape__Length": 224.75041543473154}}, {"type": "Feature", "id": 3987, "geometry": {"type": "LineString", "coordinates": [[-89.263949833305, 48.380850685267], [-89.2644968078464, 48.3808516064245]]}, "properties": {"OBJECTID": 3987, "ROAD_CLASS": null, "OP2002_ROW": "26 m", "OP2018_ROW": "24 m", "Shape__Length": 40.51474271797678}}, {"type": "Feature", "id": 3988, "geometry": {"type": "LineString", "coordinates": [[-89.2400444972417, 48.4399061294493], [-89.2408695383938, 48.4401124005728]]}, "properties": {"OBJECTID": 3988, "ROAD_CLASS": null, "OP2002_ROW": "26 m", "OP2018_ROW": "24 m", "Shape__Length": 65.20659667740529}}, {"type": "Feature", "id": 3989, "geometry": {"type": "LineString", "coordinates": [[-89.2632226321305, 48.4402632147973], [-89.2615392324904, 48.4413967820417]]}, "properties": {"OBJECTID": 3989, "ROAD_CLASS": null, "OP2002_ROW": "30 m", "OP2018_ROW": "30 m", "Shape__Length": 177.1954185190652}}, {"type": "Feature", "id": 3990, "geometry": {"type": "LineString", "coordinates": [[-89.2755881535545, 48.3962635108607], [-89.2751725889235, 48.3966918199644]]}, "properties": {"OBJECTID": 3990, "ROAD_CLASS": null, "OP2002_ROW": "30 m", "OP2018_ROW": "30 m", "Shape__Length": 56.701033327520626}}, {"type": "Feature", "id": 3991, "geometry": {"type": "LineString", "coordinates": [[-89.2621191548868, 48.384963362938], [-89.260747992338, 48.3865840986182]]}, "properties": {"OBJECTID": 3991, "ROAD_CLASS": null, "OP2002_ROW": "30 m", "OP2018_ROW": "30 m", "Shape__Length": 206.85596377022117}}, {"type": "Feature", "id": 3992, "geometry": {"type": "LineString", "coordinates": [[-89.2365615240073, 48.3917036838435], [-89.2359542984555, 48.3924585338278]]}, "properties": {"OBJECTID": 3992, "ROAD_CLASS": null, "OP2002_ROW": "26 m", "OP2018_ROW": "24 m", "Shape__Length": 95.21921598267377}}, {"type": "Feature", "id": 3993, "geometry": {"type": "LineString", "coordinates": [[-89.2372083229614, 48.3909307415758], [-89.2365615240073, 48.3917036838435]]}, "properties": {"OBJECTID": 3993, "ROAD_CLASS": null, "OP2002_ROW": "26 m", "OP2018_ROW": "24 m", "Shape__Length": 98.3903178850826}}, {"type": "Feature", "id": 3994, "geometry": {"type": "LineString", "coordinates": [[-89.244667302536, 48.4408154578585], [-89.2447433098507, 48.4408191500485], [-89.2448191032951, 48.4408244420532], [-89.2448946068285, 48.4408313285633], [-89.244969744701, 48.4408398026698], [-89.2450444415293, 48.4408498558707], [-89.2451186223725, 48.4408614780799], [-89.2451922128074, 48.4408746576372], [-89.2452651390027, 48.4408893813198], [-89.2453373277937, 48.4409056343559], [-89.2454087067551, 48.4409234004393], [-89.2454792042737, 48.4409426617456], [-89.2455487496208, 48.4409633989506], [-89.2456172730225, 48.4409855912491], [-89.2456847057299, 48.4410092163762], [-89.2457509800881, 48.4410342506293], [-89.2458160296043, 48.4410606688921]]}, "properties": {"OBJECTID": 3994, "ROAD_CLASS": null, "OP2002_ROW": "26 m", "OP2018_ROW": "24 m", "Shape__Length": 90.21503444607724}}, {"type": "Feature", "id": 3995, "geometry": {"type": "LineString", "coordinates": [[-89.2393129130015, 48.4101888083338], [-89.2400668222938, 48.4083086229872]]}, "properties": {"OBJECTID": 3995, "ROAD_CLASS": null, "OP2002_ROW": "36 m", "OP2018_ROW": "36 m", "Shape__Length": 216.38172401775472}}, {"type": "Feature", "id": 3996, "geometry": {"type": "LineString", "coordinates": [[-89.2649444886318, 48.3816577821673], [-89.2656470556791, 48.3808519700102]]}, "properties": {"OBJECTID": 3996, "ROAD_CLASS": null, "OP2002_ROW": "30 m", "OP2018_ROW": "30 m", "Shape__Length": 103.6153852081843}}, {"type": "Feature", "id": 3997, "geometry": {"type": "LineString", "coordinates": [[-89.2582140598204, 48.4047872607492], [-89.2582109283939, 48.4065459002028]]}, "properties": {"OBJECTID": 3997, "ROAD_CLASS": null, "OP2002_ROW": "36 m", "OP2018_ROW": "36 m", "Shape__Length": 195.54655168697303}}, {"type": "Feature", "id": 3998, "geometry": {"type": "LineString", "coordinates": [[-89.2331524766402, 48.4380548117019], [-89.2344070432913, 48.4383825446282]]}, "properties": {"OBJECTID": 3998, "ROAD_CLASS": null, "OP2002_ROW": "26 m", "OP2018_ROW": "24 m", "Shape__Length": 99.7179365020326}}, {"type": "Feature", "id": 3999, "geometry": {"type": "LineString", "coordinates": [[-89.2527162305879, 48.4297617326506], [-89.2527109807566, 48.4305686671283]]}, "properties": {"OBJECTID": 3999, "ROAD_CLASS": null, "OP2002_ROW": "30 m", "OP2018_ROW": "30 m", "Shape__Length": 89.72560127063852}}, {"type": "Feature", "id": 4000, "geometry": {"type": "LineString", "coordinates": [[-89.2785786779003, 48.3855462913874], [-89.2785824661341, 48.3868350769678]]}, "properties": {"OBJECTID": 4000, "ROAD_CLASS": null, "OP2002_ROW": "26 m", "OP2018_ROW": "24 m", "Shape__Length": 143.30319894146209}}, {"type": "Feature", "id": 4001, "geometry": {"type": "LineString", "coordinates": [[-89.2249960055443, 48.4297851897781], [-89.2256084945617, 48.4294782798781], [-89.225747472756, 48.4294073035665], [-89.2258846800882, 48.4293348174921], [-89.2260200795356, 48.4292608412181], [-89.2261536345639, 48.4291853947098], [-89.2262853091372, 48.4291084983292], [-89.2264150677275, 48.4290301728296], [-89.2265428753243, 48.4289504393496], [-89.2266686974443, 48.4288693194081], [-89.2267925001403, 48.4287868348977], [-89.2269142500109, 48.4287030080793], [-89.2270339142089, 48.428617861576], [-89.2271514604506, 48.4285314183668], [-89.2272668570244, 48.4284437017806], [-89.2273800727994, 48.4283547354899], [-89.2274910772334, 48.4282645435041], [-89.2275998403817, 48.4281731501636], [-89.228777135989, 48.4270156391956]]}, "properties": {"OBJECTID": 4001, "ROAD_CLASS": null, "OP2002_ROW": "36 m", "OP2018_ROW": "36 m", "Shape__Length": 419.5695792235115}}, {"type": "Feature", "id": 4002, "geometry": {"type": "LineString", "coordinates": [[-89.2377355633935, 48.3961859051266], [-89.2389280005504, 48.3976786782878]]}, "properties": {"OBJECTID": 4002, "ROAD_CLASS": null, "OP2002_ROW": "26 m", "OP2018_ROW": "24 m", "Shape__Length": 188.00664235202802}}, {"type": "Feature", "id": 4003, "geometry": {"type": "LineString", "coordinates": [[-89.2766104969772, 48.4200327069727], [-89.2788424763589, 48.419659926091], [-89.2790436912866, 48.4196262269776], [-89.2790803050611, 48.4196201965838], [-89.2791078570064, 48.4196159769762], [-89.2791170794698, 48.4196147055365], [-89.2791356220603, 48.4196124423373], [-89.2791542363169, 48.4196104215436], [-89.2791822196153, 48.4196075960599], [-89.2793782890464, 48.419588449904], [-89.2806385777368, 48.419464825452]]}, "properties": {"OBJECTID": 4003, "ROAD_CLASS": null, "OP2002_ROW": "36 m", "OP2018_ROW": "36 m", "Shape__Length": 305.0975100214158}}, {"type": "Feature", "id": 4004, "geometry": {"type": "LineString", "coordinates": [[-89.2149668543322, 48.4375636311087], [-89.2145787058034, 48.4379563917729], [-89.2145387712898, 48.4379999910434], [-89.2145012755024, 48.4380445388097], [-89.2144662692607, 48.4380899747021], [-89.214433800011, 48.4381362371472], [-89.214403911762, 48.4381832634512], [-89.2143766450248, 48.438230989885], [-89.2143520367585, 48.4382793517705], [-89.2143301203195, 48.4383282835683]]}, "properties": {"OBJECTID": 4004, "ROAD_CLASS": null, "OP2002_ROW": "36 m", "OP2018_ROW": "36 m", "Shape__Length": 97.68832086110059}}, {"type": "Feature", "id": 4005, "geometry": {"type": "LineString", "coordinates": [[-89.2785824661341, 48.3868350769678], [-89.2785749702137, 48.3873060727009]]}, "properties": {"OBJECTID": 4005, "ROAD_CLASS": null, "OP2002_ROW": "26 m", "OP2018_ROW": "24 m", "Shape__Length": 52.37400896389498}}, {"type": "Feature", "id": 4006, "geometry": {"type": "LineString", "coordinates": [[-89.269543842699, 48.4358914973513], [-89.2678766311731, 48.4371748255648]]}, "properties": {"OBJECTID": 4006, "ROAD_CLASS": null, "OP2002_ROW": "30 m", "OP2018_ROW": "30 m", "Shape__Length": 188.62441502797066}}, {"type": "Feature", "id": 4007, "geometry": {"type": "LineString", "coordinates": [[-89.2710562616547, 48.434589421899], [-89.269543842699, 48.4358914973513]]}, "properties": {"OBJECTID": 4007, "ROAD_CLASS": null, "OP2002_ROW": "30 m", "OP2018_ROW": "30 m", "Shape__Length": 182.98813144660505}}, {"type": "Feature", "id": 4008, "geometry": {"type": "LineString", "coordinates": [[-89.2870641511772, 48.3808473629764], [-89.2895124222093, 48.380835370446]]}, "properties": {"OBJECTID": 4008, "ROAD_CLASS": null, "OP2002_ROW": "30 m", "OP2018_ROW": "30 m", "Shape__Length": 181.35064644541526}}, {"type": "Feature", "id": 4009, "geometry": {"type": "LineString", "coordinates": [[-89.2527669864785, 48.4262159271437], [-89.2527186833094, 48.4288626175473]]}, "properties": {"OBJECTID": 4009, "ROAD_CLASS": null, "OP2002_ROW": "30 m", "OP2018_ROW": "30 m", "Shape__Length": 294.3127193443756}}, {"type": "Feature", "id": 4010, "geometry": {"type": "LineString", "coordinates": [[-89.2455217735048, 48.4067363340446], [-89.2455162953605, 48.4040086228093]]}, "properties": {"OBJECTID": 4010, "ROAD_CLASS": null, "OP2002_ROW": "36 m", "OP2018_ROW": "36 m", "Shape__Length": 303.2984103440439}}, {"type": "Feature", "id": 4011, "geometry": {"type": "LineString", "coordinates": [[-89.222064895073, 48.4357444244406], [-89.2231761832759, 48.4362320882103]]}, "properties": {"OBJECTID": 4011, "ROAD_CLASS": null, "OP2002_ROW": "TBD", "OP2018_ROW": "24 m", "Shape__Length": 98.4933561764341}}, {"type": "Feature", "id": 4012, "geometry": {"type": "LineString", "coordinates": [[-89.2216519379433, 48.4314412192962], [-89.2218503696415, 48.4313145806484], [-89.2220545251249, 48.431192037854], [-89.222264213555, 48.4310737054368], [-89.2224792389265, 48.4309596939849], [-89.2226994002508, 48.4308501100474], [-89.2229244917432, 48.4307450560351], [-89.2231543030159, 48.4306446301244], [-89.2233886192739, 48.4305489261663]]}, "properties": {"OBJECTID": 4012, "ROAD_CLASS": null, "OP2002_ROW": "36 m", "OP2018_ROW": "36 m", "Shape__Length": 162.75717270765304}}, {"type": "Feature", "id": 4013, "geometry": {"type": "LineString", "coordinates": [[-89.2635808314421, 48.4230073633391], [-89.2674870963753, 48.421779712749]]}, "properties": {"OBJECTID": 4013, "ROAD_CLASS": null, "OP2002_ROW": "36 m", "OP2018_ROW": "36 m", "Shape__Length": 319.70966536997753}}, {"type": "Feature", "id": 4014, "geometry": {"type": "LineString", "coordinates": [[-89.2581807945578, 48.3924045023999], [-89.2581657804496, 48.3948776459367]]}, "properties": {"OBJECTID": 4014, "ROAD_CLASS": null, "OP2002_ROW": "36 m", "OP2018_ROW": "36 m", "Shape__Length": 274.9951727426406}}, {"type": "Feature", "id": 4015, "geometry": {"type": "LineString", "coordinates": [[-89.2455368401666, 48.4093673117036], [-89.2455217735048, 48.4067363340446]]}, "properties": {"OBJECTID": 4015, "ROAD_CLASS": null, "OP2002_ROW": "36 m", "OP2018_ROW": "36 m", "Shape__Length": 292.5444472607673}}, {"type": "Feature", "id": 4016, "geometry": {"type": "LineString", "coordinates": [[-89.2891852977259, 48.4187971380847], [-89.2895215534622, 48.4187778330158], [-89.2895402135761, 48.4187766679735], [-89.289558838504, 48.4187753515728], [-89.2895773971924, 48.4187737341759], [-89.2895866820236, 48.4187727467692], [-89.2896051905074, 48.4187704933528], [-89.2896420860839, 48.4187654508845], [-89.2898078958723, 48.4187417994976], [-89.2899829774993, 48.4187170257298], [-89.2900105776872, 48.4187130076812], [-89.2900289124286, 48.4187101674278], [-89.29003803979, 48.418708654074], [-89.2900561898918, 48.4187053145393], [-89.2900742038611, 48.4187015926245], [-89.2901010829894, 48.4186956661719], [-89.2903155245857, 48.4186468292203], [-89.291495151989, 48.4183787164424], [-89.2915397896855, 48.4183684805712], [-89.2915753525289, 48.4183599919451], [-89.2916284627122, 48.4183467881379], [-89.2956526267749, 48.4173394403366]]}, "properties": {"OBJECTID": 4016, "ROAD_CLASS": null, "OP2002_ROW": "36 m", "OP2018_ROW": "36 m", "Shape__Length": 506.6278760890036}}, {"type": "Feature", "id": 4017, "geometry": {"type": "LineString", "coordinates": [[-89.2527186833094, 48.4288626175473], [-89.2527162305879, 48.4297617326506]]}, "properties": {"OBJECTID": 4017, "ROAD_CLASS": null, "OP2002_ROW": "30 m", "OP2018_ROW": "30 m", "Shape__Length": 99.97467115430716}}, {"type": "Feature", "id": 4018, "geometry": {"type": "LineString", "coordinates": [[-89.3007302281092, 48.3808615505378], [-89.3060120921449, 48.3808270493154]]}, "properties": {"OBJECTID": 4018, "ROAD_CLASS": null, "OP2002_ROW": "30 m", "OP2018_ROW": "30 m", "Shape__Length": 391.25326021590183}}, {"type": "Feature", "id": 4019, "geometry": {"type": "LineString", "coordinates": [[-89.2994886153246, 48.3808740200436], [-89.3007302281092, 48.3808615505378]]}, "properties": {"OBJECTID": 4019, "ROAD_CLASS": null, "OP2002_ROW": "30 m", "OP2018_ROW": "30 m", "Shape__Length": 91.97816917995152}}, {"type": "Feature", "id": 4020, "geometry": {"type": "LineString", "coordinates": [[-89.311582092595, 48.3808500793636], [-89.3115724632063, 48.3825801188522], [-89.3118114947968, 48.3844929113191]]}, "properties": {"OBJECTID": 4020, "ROAD_CLASS": null, "OP2002_ROW": "30 m", "OP2018_ROW": "30 m", "Shape__Length": 405.79538649886103}}, {"type": "Feature", "id": 4021, "geometry": {"type": "LineString", "coordinates": [[-89.3500961453728, 48.3810288131803], [-89.3519957799953, 48.3814959928097], [-89.3522254762837, 48.3815524897167], [-89.3523896852745, 48.3815896511427], [-89.352555347996, 48.3816238299677], [-89.3527223423815, 48.3816550010071], [-89.3528905453821, 48.3816831412932], [-89.3530598330577, 48.3817082300908], [-89.3532300806685, 48.3817302489138], [-89.3534011627669, 48.3817491815377], [-89.35357295329, 48.3817650140124], [-89.3537453256523, 48.3817777346722], [-89.3539181528396, 48.3817873341441], [-89.3540913075023, 48.3817938053553], [-89.3542646620491, 48.3817971435378], [-89.3544380887416, 48.3817973462324], [-89.3546114597881, 48.3817944132903], [-89.3547846474382, 48.381788346873], [-89.3549575240765, 48.3817791514514], [-89.3553447614847, 48.3817469836282]]}, "properties": {"OBJECTID": 4021, "ROAD_CLASS": null, "OP2002_ROW": "36 m", "OP2018_ROW": "36 m", "Shape__Length": 402.5753715085849}}, {"type": "Feature", "id": 4022, "geometry": {"type": "LineString", "coordinates": [[-89.255288724107, 48.3808388143026], [-89.2566655976449, 48.380859618833]]}, "properties": {"OBJECTID": 4022, "ROAD_CLASS": null, "OP2002_ROW": "26 m", "OP2018_ROW": "24 m", "Shape__Length": 102.01152895230368}}, {"type": "Feature", "id": 4023, "geometry": {"type": "LineString", "coordinates": [[-89.2194335678586, 48.4347651294068], [-89.2200208834785, 48.4349437597445]]}, "properties": {"OBJECTID": 4023, "ROAD_CLASS": null, "OP2002_ROW": "TBD", "OP2018_ROW": "24 m", "Shape__Length": 47.780026436424144}}, {"type": "Feature", "id": 4024, "geometry": {"type": "LineString", "coordinates": [[-89.2745656914306, 48.403308428913], [-89.2745281173755, 48.4054949747113]]}, "properties": {"OBJECTID": 4024, "ROAD_CLASS": null, "OP2002_ROW": "36 m", "OP2018_ROW": "36 m", "Shape__Length": 243.14319835587943}}, {"type": "Feature", "id": 4025, "geometry": {"type": "LineString", "coordinates": [[-89.3071597764931, 48.3808374308411], [-89.3082614403889, 48.3808414241864]]}, "properties": {"OBJECTID": 4025, "ROAD_CLASS": null, "OP2002_ROW": "30 m", "OP2018_ROW": "30 m", "Shape__Length": 81.60298538172214}}, {"type": "Feature", "id": 4026, "geometry": {"type": "LineString", "coordinates": [[-89.2431525979195, 48.3833020885722], [-89.2430611071807, 48.3836108264276], [-89.243057284696, 48.3836231491373], [-89.2430532240981, 48.3836354324041], [-89.2430487187503, 48.3836476460686], [-89.2430437712329, 48.3836597873812], [-89.243033284385, 48.3836839735806], [-89.2429556488288, 48.3838590637514], [-89.2429077341855, 48.3839678077485], [-89.2428995187189, 48.3839858691953], [-89.2428936831536, 48.3839978136834], [-89.242890550104, 48.3840037284939], [-89.2428871955763, 48.3840095828428], [-89.2428836559207, 48.3840152203664], [-89.2428798975255, 48.3840207982746], [-89.2428719392065, 48.3840318349395], [-89.2428551505392, 48.384053675148], [-89.2428079359025, 48.3841134533429]]}, "properties": {"OBJECTID": 4026, "ROAD_CLASS": null, "OP2002_ROW": "26 m", "OP2018_ROW": "24 m", "Shape__Length": 94.13543973627594}}, {"type": "Feature", "id": 4027, "geometry": {"type": "LineString", "coordinates": [[-89.2527134121846, 48.4313790931864], [-89.2527442036055, 48.4319227523714], [-89.2527484518839, 48.4319892628898], [-89.2527576222653, 48.432055553153], [-89.2527716924664, 48.4321214619431], [-89.2527906282874, 48.4321868289699]]}, "properties": {"OBJECTID": 4027, "ROAD_CLASS": null, "OP2002_ROW": "30 m", "OP2018_ROW": "30 m", "Shape__Length": 90.10506499477803}}, {"type": "Feature", "id": 4028, "geometry": {"type": "LineString", "coordinates": [[-89.2409528301477, 48.4173215895388], [-89.2424366063345, 48.4152563795011]]}, "properties": {"OBJECTID": 4028, "ROAD_CLASS": null, "OP2002_ROW": "36 m", "OP2018_ROW": "36 m", "Shape__Length": 254.54588349767374}}, {"type": "Feature", "id": 4029, "geometry": {"type": "LineString", "coordinates": [[-89.2785749702137, 48.3873060727009], [-89.2785789249056, 48.3880057041717]]}, "properties": {"OBJECTID": 4029, "ROAD_CLASS": null, "OP2002_ROW": "26 m", "OP2018_ROW": "24 m", "Shape__Length": 77.79414303509247}}, {"type": "Feature", "id": 4030, "geometry": {"type": "LineString", "coordinates": [[-89.2527109807566, 48.4305686671283], [-89.2527134121846, 48.4313790931864]]}, "properties": {"OBJECTID": 4030, "ROAD_CLASS": null, "OP2002_ROW": "30 m", "OP2018_ROW": "30 m", "Shape__Length": 90.11318784501391}}, {"type": "Feature", "id": 4031, "geometry": {"type": "LineString", "coordinates": [[-89.2403353240974, 48.3871260889051], [-89.2397123170202, 48.3879003362174]]}, "properties": {"OBJECTID": 4031, "ROAD_CLASS": null, "OP2002_ROW": "26 m", "OP2018_ROW": "24 m", "Shape__Length": 97.67427929248962}}, {"type": "Feature", "id": 4032, "geometry": {"type": "LineString", "coordinates": [[-89.241575733111, 48.3856280926746], [-89.240964577347, 48.3863851083271]]}, "properties": {"OBJECTID": 4032, "ROAD_CLASS": null, "OP2002_ROW": "26 m", "OP2018_ROW": "24 m", "Shape__Length": 95.57165237687175}}, {"type": "Feature", "id": 4033, "geometry": {"type": "LineString", "coordinates": [[-89.2689164690953, 48.3808494841999], [-89.2702798547454, 48.3808543016551]]}, "properties": {"OBJECTID": 4033, "ROAD_CLASS": null, "OP2002_ROW": "30 m", "OP2018_ROW": "30 m", "Shape__Length": 100.98808092395568}}, {"type": "Feature", "id": 4034, "geometry": {"type": "LineString", "coordinates": [[-89.2785801099586, 48.3901136686019], [-89.2785830853381, 48.3914179377656], [-89.2785573333353, 48.3919083757075]]}, "properties": {"OBJECTID": 4034, "ROAD_CLASS": null, "OP2002_ROW": "30 m", "OP2018_ROW": "30 m", "Shape__Length": 199.59111739228976}}, {"type": "Feature", "id": 4035, "geometry": {"type": "LineString", "coordinates": [[-89.2539202592521, 48.380840139322], [-89.255288724107, 48.3808388143026]]}, "properties": {"OBJECTID": 4035, "ROAD_CLASS": null, "OP2002_ROW": "26 m", "OP2018_ROW": "24 m", "Shape__Length": 101.36254809076266}}, {"type": "Feature", "id": 4036, "geometry": {"type": "LineString", "coordinates": [[-89.228777135989, 48.4270156391956], [-89.2296659092997, 48.4261567908908], [-89.2297987550221, 48.4260075042498], [-89.2299340335422, 48.4258591886711], [-89.2300717288187, 48.4257118617185], [-89.2302118245246, 48.4255655408383], [-89.230284815905, 48.42548318414], [-89.2303545584567, 48.425399589683], [-89.2304210048443, 48.4253148142238], [-89.2304841099707, 48.4252289153208], [-89.231439121316, 48.4237349658026]]}, "properties": {"OBJECTID": 4036, "ROAD_CLASS": null, "OP2002_ROW": "36 m", "OP2018_ROW": "36 m", "Shape__Length": 416.1772080104398}}, {"type": "Feature", "id": 4037, "geometry": {"type": "LineString", "coordinates": [[-89.2552744259535, 48.3743331695466], [-89.2566176353824, 48.3743331636689]]}, "properties": {"OBJECTID": 4037, "ROAD_CLASS": null, "OP2002_ROW": "TBD", "OP2018_ROW": "20 m", "Shape__Length": 99.50449459833277}}, {"type": "Feature", "id": 4038, "geometry": {"type": "LineString", "coordinates": [[-89.2566655976449, 48.380859618833], [-89.2593771164661, 48.380852853485]]}, "properties": {"OBJECTID": 4038, "ROAD_CLASS": null, "OP2002_ROW": "26 m", "OP2018_ROW": "24 m", "Shape__Length": 200.84424428542997}}, {"type": "Feature", "id": 4039, "geometry": {"type": "LineString", "coordinates": [[-89.2910520786002, 48.3808359853735], [-89.2950369133578, 48.3808357373657]]}, "properties": {"OBJECTID": 4039, "ROAD_CLASS": null, "OP2002_ROW": "30 m", "OP2018_ROW": "30 m", "Shape__Length": 295.16093415789993}}, {"type": "Feature", "id": 4040, "geometry": {"type": "LineString", "coordinates": [[-89.2531010864628, 48.43311521084], [-89.2531259309988, 48.433136172433], [-89.2531488757668, 48.4331580720536], [-89.2531698409855, 48.4331808335572], [-89.2531887537563, 48.4332043778019], [-89.2532055483165, 48.4332286229244], [-89.2532201662685, 48.4332534846244], [-89.2532325567822, 48.4332788764572], [-89.2532426767722, 48.4333047101352], [-89.2532669175983, 48.4334027542418], [-89.2532865272901, 48.4334458177297], [-89.2533085909439, 48.4334883521615], [-89.2533330764569, 48.4335302956371], [-89.2533599482013, 48.4335715871163], [-89.2533891670763, 48.4336121665078], [-89.253420690565, 48.4336519747562], [-89.2534544727964, 48.4336909539284], [-89.253490464612, 48.4337290472976], [-89.2536712384393, 48.433884876911], [-89.2537117663747, 48.4339276829738]]}, "properties": {"OBJECTID": 4040, "ROAD_CLASS": null, "OP2002_ROW": "30 m", "OP2018_ROW": "30 m", "Shape__Length": 102.34392277750766}}, {"type": "Feature", "id": 4041, "geometry": {"type": "LineString", "coordinates": [[-89.2527906282874, 48.4321868289699], [-89.2530203031681, 48.4326925393329], [-89.253043727266, 48.4327413749114], [-89.2530622497523, 48.4327911339903], [-89.2530757896078, 48.432841598957], [-89.2530842876033, 48.4328925491111], [-89.2531010864628, 48.43311521084]]}, "properties": {"OBJECTID": 4041, "ROAD_CLASS": null, "OP2002_ROW": "30 m", "OP2018_ROW": "30 m", "Shape__Length": 106.33689839973347}}, {"type": "Feature", "id": 4042, "geometry": {"type": "LineString", "coordinates": [[-89.310442241445, 48.3808483400345], [-89.311582092595, 48.3808500793636]]}, "properties": {"OBJECTID": 4042, "ROAD_CLASS": null, "OP2002_ROW": "30 m", "OP2018_ROW": "30 m", "Shape__Length": 84.43065238839034}}, {"type": "Feature", "id": 4043, "geometry": {"type": "LineString", "coordinates": [[-89.2527669864785, 48.4262159271437], [-89.2585460489299, 48.4244746213863]]}, "properties": {"OBJECTID": 4043, "ROAD_CLASS": null, "OP2002_ROW": "36 m", "OP2018_ROW": "36 m", "Shape__Length": 469.46895915489665}}, {"type": "Feature", "id": 4044, "geometry": {"type": "LineString", "coordinates": [[-89.2628350452042, 48.3841197037943], [-89.2621191548868, 48.384963362938]]}, "properties": {"OBJECTID": 4044, "ROAD_CLASS": null, "OP2002_ROW": "30 m", "OP2018_ROW": "30 m", "Shape__Length": 107.75568110076837}}, {"type": "Feature", "id": 4045, "geometry": {"type": "LineString", "coordinates": [[-89.3692922896192, 48.3808594733237], [-89.3801898949432, 48.3808649980079]]}, "properties": {"OBJECTID": 4045, "ROAD_CLASS": null, "OP2002_ROW": "36 m", "OP2018_ROW": "36 m", "Shape__Length": 807.2177254342445}}, {"type": "Feature", "id": 4046, "geometry": {"type": "LineString", "coordinates": [[-89.2806385777368, 48.419464825452], [-89.2840965963953, 48.418996557674]]}, "properties": {"OBJECTID": 4046, "ROAD_CLASS": null, "OP2002_ROW": "36 m", "OP2018_ROW": "36 m", "Shape__Length": 261.1879697693603}}, {"type": "Feature", "id": 4047, "geometry": {"type": "LineString", "coordinates": [[-89.245504164591, 48.399146463559], [-89.2454829958774, 48.400547271895]]}, "properties": {"OBJECTID": 4047, "ROAD_CLASS": null, "OP2002_ROW": "26 m", "OP2018_ROW": "24 m", "Shape__Length": 155.76564156943743}}, {"type": "Feature", "id": 4048, "geometry": {"type": "LineString", "coordinates": [[-89.2455005343215, 48.3967972291909], [-89.245504164591, 48.399146463559]]}, "properties": {"OBJECTID": 4048, "ROAD_CLASS": null, "OP2002_ROW": "26 m", "OP2018_ROW": "24 m", "Shape__Length": 261.2145766327878}}, {"type": "Feature", "id": 4049, "geometry": {"type": "LineString", "coordinates": [[-89.2378034249602, 48.4392843783554], [-89.2379291117944, 48.4393277325673], [-89.2380551942915, 48.4393705752543], [-89.2381816677491, 48.4394129048184], [-89.2383085274502, 48.4394547196805]]}, "properties": {"OBJECTID": 4049, "ROAD_CLASS": null, "OP2002_ROW": "26 m", "OP2018_ROW": "24 m", "Shape__Length": 41.89680096803019}}, {"type": "Feature", "id": 4050, "geometry": {"type": "LineString", "coordinates": [[-89.2582446833807, 48.389678088759], [-89.2582147667952, 48.3899719966903], [-89.2582130726554, 48.3899907616329], [-89.2582121934316, 48.3900032780781], [-89.2582116771712, 48.3900147472969], [-89.2582113529697, 48.3900262217416], [-89.2581807945578, 48.3924045023999]]}, "properties": {"OBJECTID": 4050, "ROAD_CLASS": null, "OP2002_ROW": "36 m", "OP2018_ROW": "36 m", "Shape__Length": 303.245110412239}}, {"type": "Feature", "id": 4051, "geometry": {"type": "LineString", "coordinates": [[-89.2527357950908, 48.4240907798831], [-89.2527669864785, 48.4262159271437]]}, "properties": {"OBJECTID": 4051, "ROAD_CLASS": null, "OP2002_ROW": "36 m", "OP2018_ROW": "36 m", "Shape__Length": 236.31072870094582}}, {"type": "Feature", "id": 4052, "geometry": {"type": "LineString", "coordinates": [[-89.2470326463138, 48.4434104603525], [-89.2473562486058, 48.4442033120645]]}, "properties": {"OBJECTID": 4052, "ROAD_CLASS": null, "OP2002_ROW": "26 m", "OP2018_ROW": "24 m", "Shape__Length": 91.35151928588061}}, {"type": "Feature", "id": 4053, "geometry": {"type": "LineString", "coordinates": [[-89.2524767876312, 48.3808433716689], [-89.2539202592521, 48.380840139322]]}, "properties": {"OBJECTID": 4053, "ROAD_CLASS": null, "OP2002_ROW": "26 m", "OP2018_ROW": "24 m", "Shape__Length": 106.91875949902878}}, {"type": "Feature", "id": 4054, "geometry": {"type": "LineString", "coordinates": [[-89.2377979578796, 48.4217176823939], [-89.2383546721272, 48.4209098127812]]}, "properties": {"OBJECTID": 4054, "ROAD_CLASS": null, "OP2002_ROW": "36 m", "OP2018_ROW": "36 m", "Shape__Length": 98.82709704177185}}, {"type": "Feature", "id": 4055, "geometry": {"type": "LineString", "coordinates": [[-89.2745656682513, 48.3991994927641], [-89.2745332266576, 48.4014485557279]]}, "properties": {"OBJECTID": 4055, "ROAD_CLASS": null, "OP2002_ROW": "36 m", "OP2018_ROW": "36 m", "Shape__Length": 250.09008981625473}}, {"type": "Feature", "id": 4056, "geometry": {"type": "LineString", "coordinates": [[-89.2785633861458, 48.3841167880746], [-89.2785763236849, 48.3824782171212]]}, "properties": {"OBJECTID": 4056, "ROAD_CLASS": null, "OP2002_ROW": "26 m", "OP2018_ROW": "24 m", "Shape__Length": 182.1987694228392}}, {"type": "Feature", "id": 4057, "geometry": {"type": "LineString", "coordinates": [[-89.2777449775022, 48.3940677631126], [-89.2774753814177, 48.3943882429681], [-89.2772354705237, 48.3946191500257], [-89.2755881535545, 48.3962635108607]]}, "properties": {"OBJECTID": 4057, "ROAD_CLASS": null, "OP2002_ROW": "30 m", "OP2018_ROW": "30 m", "Shape__Length": 291.8646177658919}}, {"type": "Feature", "id": 4058, "geometry": {"type": "LineString", "coordinates": [[-89.2628350452042, 48.3841197037943], [-89.2635851568599, 48.3832761284423]]}, "properties": {"OBJECTID": 4058, "ROAD_CLASS": null, "OP2002_ROW": "30 m", "OP2018_ROW": "30 m", "Shape__Length": 109.01765727323969}}, {"type": "Feature", "id": 4059, "geometry": {"type": "LineString", "coordinates": [[-89.2594983289557, 48.3880576348568], [-89.2587500198451, 48.3889520470249]]}, "properties": {"OBJECTID": 4059, "ROAD_CLASS": null, "OP2002_ROW": "30 m", "OP2018_ROW": "30 m", "Shape__Length": 113.84992608861153}}, {"type": "Feature", "id": 4060, "geometry": {"type": "LineString", "coordinates": [[-89.216318491161, 48.4360736845697], [-89.215626607664, 48.436832366795]]}, "properties": {"OBJECTID": 4060, "ROAD_CLASS": null, "OP2002_ROW": "36 m", "OP2018_ROW": "36 m", "Shape__Length": 98.67596484081919}}, {"type": "Feature", "id": 4061, "geometry": {"type": "LineString", "coordinates": [[-89.2616905761284, 48.4235901288863], [-89.2635808314421, 48.4230073633391]]}, "properties": {"OBJECTID": 4061, "ROAD_CLASS": null, "OP2002_ROW": "36 m", "OP2018_ROW": "36 m", "Shape__Length": 154.17400757892509}}, {"type": "Feature", "id": 4062, "geometry": {"type": "LineString", "coordinates": [[-89.2725740562356, 48.4332775629007], [-89.2724281213317, 48.4334324827013], [-89.2722736105033, 48.4335836752899], [-89.272110738401, 48.4337309305505], [-89.2719397313012, 48.4338740438367], [-89.2710562616547, 48.434589421899]]}, "properties": {"OBJECTID": 4062, "ROAD_CLASS": null, "OP2002_ROW": "30 m", "OP2018_ROW": "30 m", "Shape__Length": 184.2873660825836}}, {"type": "Feature", "id": 4063, "geometry": {"type": "LineString", "coordinates": [[-89.2240274471583, 48.4370199556755], [-89.2244745124857, 48.437293572186], [-89.2245630605956, 48.4373551410478], [-89.2246541017879, 48.4374150784552], [-89.2247475682055, 48.4374733397288], [-89.2248433901824, 48.4375298814384], [-89.2249414962964, 48.4375846614354], [-89.2250418134214, 48.4376376388845], [-89.2251442667828, 48.4376887742938], [-89.2252487800127, 48.4377380295446], [-89.2253920262995, 48.4377987617697], [-89.2255395431117, 48.4378547853874], [-89.2256909811599, 48.4379059677412], [-89.2258459818665, 48.4379521876376], [-89.2260041782146, 48.4379933356338], [-89.226165195618, 48.438029314296], [-89.2263286528076, 48.4380600384311], [-89.2264941627352, 48.4380854352879], [-89.2270932956286, 48.4381238208019]]}, "properties": {"OBJECTID": 4063, "ROAD_CLASS": null, "OP2002_ROW": "26 m", "OP2018_ROW": "24 m", "Shape__Length": 265.82654362860666}}, {"type": "Feature", "id": 4064, "geometry": {"type": "LineString", "coordinates": [[-89.2279311537869, 48.438139816051], [-89.2280137149216, 48.4381264847927], [-89.2280949266038, 48.4381098844786], [-89.2281744967594, 48.4380900748115], [-89.2282521392188, 48.4380671270365], [-89.2298308145358, 48.4374230357307], [-89.2298898236254, 48.4373973100255], [-89.2299518764804, 48.4373749793656], [-89.2300165329991, 48.4373562021267], [-89.2300833346157, 48.4373411114822], [-89.2301518075522, 48.4373298144592], [-89.2302214661782, 48.4373223911791], [-89.2302918164551, 48.4373188942897], [-89.2303623594392, 48.4373193485915]]}, "properties": {"OBJECTID": 4064, "ROAD_CLASS": null, "OP2002_ROW": "26 m", "OP2018_ROW": "24 m", "Shape__Length": 203.92484002181982}}, {"type": "Feature", "id": 4065, "geometry": {"type": "LineString", "coordinates": [[-89.2323078637552, 48.4378242089946], [-89.2331524766402, 48.4380548117019]]}, "properties": {"OBJECTID": 4065, "ROAD_CLASS": null, "OP2002_ROW": "26 m", "OP2018_ROW": "24 m", "Shape__Length": 67.54618108029936}}, {"type": "Feature", "id": 4066, "geometry": {"type": "LineString", "coordinates": [[-89.2344070432913, 48.4383825446282], [-89.2356083551075, 48.4386703504325]]}, "properties": {"OBJECTID": 4066, "ROAD_CLASS": null, "OP2002_ROW": "26 m", "OP2018_ROW": "24 m", "Shape__Length": 94.46583518335959}}, {"type": "Feature", "id": 4067, "geometry": {"type": "LineString", "coordinates": [[-89.2644968078464, 48.3808516064245], [-89.2656470556791, 48.3808519700102]]}, "properties": {"OBJECTID": 4067, "ROAD_CLASS": null, "OP2002_ROW": "26 m", "OP2018_ROW": "24 m", "Shape__Length": 85.19932700941679}}, {"type": "Feature", "id": 4068, "geometry": {"type": "LineString", "coordinates": [[-89.3093524103002, 48.3808355751922], [-89.310442241445, 48.3808483400345]]}, "properties": {"OBJECTID": 4068, "ROAD_CLASS": null, "OP2002_ROW": "30 m", "OP2018_ROW": "30 m", "Shape__Length": 80.73783698119921}}, {"type": "Feature", "id": 4069, "geometry": {"type": "LineString", "coordinates": [[-89.2394888148539, 48.4193289536872], [-89.2398421952171, 48.4188413352369], [-89.2402003235386, 48.4183471549662]]}, "properties": {"OBJECTID": 4069, "ROAD_CLASS": null, "OP2002_ROW": "36 m", "OP2018_ROW": "36 m", "Shape__Length": 121.20591336784622}}, {"type": "Feature", "id": 4070, "geometry": {"type": "LineString", "coordinates": [[-89.2383546721272, 48.4209098127812], [-89.2387846383336, 48.420332971509]]}, "properties": {"OBJECTID": 4070, "ROAD_CLASS": null, "OP2002_ROW": "36 m", "OP2018_ROW": "36 m", "Shape__Length": 71.60028921487404}}, {"type": "Feature", "id": 4071, "geometry": {"type": "LineString", "coordinates": [[-89.2587500198451, 48.3889520470249], [-89.2584031957305, 48.3893360026175], [-89.2583734428986, 48.3893763905071], [-89.2583464355484, 48.3894176253385], [-89.2583222278795, 48.3894596243701], [-89.2583008684742, 48.3895023033264], [-89.2582824001996, 48.3895455765677], [-89.2582668601217, 48.3895893572613], [-89.2582542794313, 48.3896335575561], [-89.2582446833807, 48.389678088759]]}, "properties": {"OBJECTID": 4071, "ROAD_CLASS": null, "OP2002_ROW": "30 m", "OP2018_ROW": "30 m", "Shape__Length": 89.84479431758132}}, {"type": "Feature", "id": 4072, "geometry": {"type": "LineString", "coordinates": [[-89.2434034039535, 48.4407589430172], [-89.2435158229037, 48.440768133658], [-89.2436285869923, 48.440775209142], [-89.243741606339, 48.4407801638298], [-89.2438547908599, 48.4407829937723], [-89.244667302536, 48.4408154578585]]}, "properties": {"OBJECTID": 4072, "ROAD_CLASS": null, "OP2002_ROW": "26 m", "OP2018_ROW": "24 m", "Shape__Length": 93.73984405347926}}, {"type": "Feature", "id": 4073, "geometry": {"type": "LineString", "coordinates": [[-89.2499976376941, 48.3808539896972], [-89.2510771995788, 48.3808467750283]]}, "properties": {"OBJECTID": 4073, "ROAD_CLASS": null, "OP2002_ROW": "26 m", "OP2018_ROW": "24 m", "Shape__Length": 79.96725347446223}}, {"type": "Feature", "id": 4074, "geometry": {"type": "LineString", "coordinates": [[-89.3118114947968, 48.3844929113191], [-89.3118537509798, 48.3846250088649], [-89.3118597256495, 48.3846429897973], [-89.3118661578241, 48.3846611405803], [-89.3118775274495, 48.3846914924974], [-89.3121171134956, 48.38532234097]]}, "properties": {"OBJECTID": 4074, "ROAD_CLASS": null, "OP2002_ROW": "30 m", "OP2018_ROW": "30 m", "Shape__Length": 94.97381523650955}}, {"type": "Feature", "id": 4075, "geometry": {"type": "LineString", "coordinates": [[-89.2745281173755, 48.4054949747113], [-89.2745162238155, 48.4065256597084]]}, "properties": {"OBJECTID": 4075, "ROAD_CLASS": null, "OP2002_ROW": "36 m", "OP2018_ROW": "36 m", "Shape__Length": 114.60775409887401}}, {"type": "Feature", "id": 4076, "geometry": {"type": "LineString", "coordinates": [[-89.2466153902645, 48.3808520270104], [-89.2477322302307, 48.3808501752131]]}, "properties": {"OBJECTID": 4076, "ROAD_CLASS": null, "OP2002_ROW": "26 m", "OP2018_ROW": "24 m", "Shape__Length": 82.7245906789824}}, {"type": "Feature", "id": 4077, "geometry": {"type": "LineString", "coordinates": [[-89.2582267739304, 48.4000113173964], [-89.2582140598204, 48.4047872607492]]}, "properties": {"OBJECTID": 4077, "ROAD_CLASS": null, "OP2002_ROW": "36 m", "OP2018_ROW": "36 m", "Shape__Length": 531.0466413334085}}, {"type": "Feature", "id": 4078, "geometry": {"type": "LineString", "coordinates": [[-89.2383085274502, 48.4394547196805], [-89.2384516111466, 48.4394952288216], [-89.2385955323658, 48.4395344025861], [-89.2387402629574, 48.4395722333113], [-89.2388857746124, 48.4396087135975]]}, "properties": {"OBJECTID": 4078, "ROAD_CLASS": null, "OP2002_ROW": "26 m", "OP2018_ROW": "24 m", "Shape__Length": 46.018098747279275}}, {"type": "Feature", "id": 4079, "geometry": {"type": "LineString", "coordinates": [[-89.2311962430286, 48.4375289931012], [-89.2317179419944, 48.4376667391864]]}, "properties": {"OBJECTID": 4079, "ROAD_CLASS": null, "OP2002_ROW": "26 m", "OP2018_ROW": "24 m", "Shape__Length": 41.52677997203805}}, {"type": "Feature", "id": 4080, "geometry": {"type": "LineString", "coordinates": [[-89.2389280005504, 48.3976786782878], [-89.2398509071655, 48.3988255368781], [-89.2399714629101, 48.3989536366761], [-89.2400997998249, 48.3990783394897], [-89.2402357024018, 48.3991994358597], [-89.2403789424197, 48.3993167223835]]}, "properties": {"OBJECTID": 4080, "ROAD_CLASS": null, "OP2002_ROW": "26 m", "OP2018_ROW": "24 m", "Shape__Length": 211.91929230824059}}, {"type": "Feature", "id": 4081, "geometry": {"type": "LineString", "coordinates": [[-89.2454827729273, 48.3808614513341], [-89.2449366574651, 48.3808741385179], [-89.2448560707121, 48.3808814697357], [-89.244776548182, 48.3808928434082], [-89.2446985461581, 48.3809081942759], [-89.2446225122006, 48.3809274342591], [-89.2445488825789, 48.3809504529634], [-89.2444780797681, 48.3809771183121], [-89.2444105100259, 48.381007277305], [-89.2443465610611, 48.3810407568956], [-89.2442991685755, 48.3810670543897], [-89.2442535493405, 48.3810947084817], [-89.2442097907931, 48.3811236661696], [-89.2441679768046, 48.3811538719532], [-89.2441281875194, 48.3811852679398], [-89.244090499202, 48.3812177939555], [-89.2440549840907, 48.3812513876605], [-89.2440217102588, 48.3812859846684], [-89.243943668026, 48.3813746955571], [-89.2438695773078, 48.3814648975103], [-89.2437995022653, 48.3815565124409], [-89.2437335035843, 48.3816494610385], [-89.2436716384224, 48.3817436628372], [-89.24361396036, 48.3818390362862], [-89.2435605193533, 48.3819354988197], [-89.2435113616914, 48.3820329669286], [-89.2433782839777, 48.3824883579078]]}, "properties": {"OBJECTID": 4081, "ROAD_CLASS": null, "OP2002_ROW": "26 m", "OP2018_ROW": "24 m", "Shape__Length": 268.28651930959}}, {"type": "Feature", "id": 4082, "geometry": {"type": "LineString", "coordinates": [[-89.2950369133578, 48.3808357373657], [-89.2994886153246, 48.3808740200436]]}, "properties": {"OBJECTID": 4082, "ROAD_CLASS": null, "OP2002_ROW": "30 m", "OP2018_ROW": "30 m", "Shape__Length": 329.7700637337093}}, {"type": "Feature", "id": 4083, "geometry": {"type": "LineString", "coordinates": [[-89.2455403033407, 48.4101886732162], [-89.2455368401666, 48.4093673117036]]}, "properties": {"OBJECTID": 4083, "ROAD_CLASS": null, "OP2002_ROW": "36 m", "OP2018_ROW": "36 m", "Shape__Length": 91.32879431860268}}, {"type": "Feature", "id": 4084, "geometry": {"type": "LineString", "coordinates": [[-89.2390859356742, 48.3886537105771], [-89.2384575551997, 48.3894121192206]]}, "properties": {"OBJECTID": 4084, "ROAD_CLASS": null, "OP2002_ROW": "26 m", "OP2018_ROW": "24 m", "Shape__Length": 96.31660779286628}}, {"type": "Feature", "id": 4085, "geometry": {"type": "LineString", "coordinates": [[-89.2745332266576, 48.4014485557279], [-89.2745656914306, 48.403308428913]]}, "properties": {"OBJECTID": 4085, "ROAD_CLASS": null, "OP2002_ROW": "36 m", "OP2018_ROW": "36 m", "Shape__Length": 206.81767201579746}}, {"type": "Feature", "id": 4086, "geometry": {"type": "LineString", "coordinates": [[-89.2143301203195, 48.4383282835683], [-89.2143106688881, 48.4383871114132], [-89.2142938240107, 48.4384462942085], [-89.2142796002472, 48.4385057808314], [-89.2142680098935, 48.4385655198967], [-89.2142590629708, 48.4386254598007], [-89.214252767217, 48.4386855487662], [-89.2142491280801, 48.438745734887], [-89.2142481487129, 48.4388059661727], [-89.2142731032641, 48.4391199035171]]}, "properties": {"OBJECTID": 4086, "ROAD_CLASS": null, "OP2002_ROW": "36 m", "OP2018_ROW": "36 m", "Shape__Length": 88.53827612328092}}, {"type": "Feature", "id": 4087, "geometry": {"type": "LineString", "coordinates": [[-89.2840965963953, 48.418996557674], [-89.284630325319, 48.4189672546144], [-89.284667769701, 48.4189651233923], [-89.284695818616, 48.4189633236593], [-89.2847237052141, 48.4189611897425], [-89.2847608460839, 48.4189580775073], [-89.2853270555885, 48.4189094707915]]}, "properties": {"OBJECTID": 4087, "ROAD_CLASS": null, "OP2002_ROW": "36 m", "OP2018_ROW": "36 m", "Shape__Length": 91.60930437333064}}, {"type": "Feature", "id": 4088, "geometry": {"type": "LineString", "coordinates": [[-89.2387846383336, 48.420332971509], [-89.2394888148539, 48.4193289536872]]}, "properties": {"OBJECTID": 4088, "ROAD_CLASS": null, "OP2002_ROW": "36 m", "OP2018_ROW": "36 m", "Shape__Length": 123.20478477047098}}, {"type": "Feature", "id": 4089, "geometry": {"type": "LineString", "coordinates": [[-89.2488914054156, 48.3808414950566], [-89.2499976376941, 48.3808539896972]]}, "properties": {"OBJECTID": 4089, "ROAD_CLASS": null, "OP2002_ROW": "26 m", "OP2018_ROW": "24 m", "Shape__Length": 81.95046184825598}}, {"type": "Feature", "id": 4090, "geometry": {"type": "LineString", "coordinates": [[-89.2200208834785, 48.4349437597445], [-89.2202165741763, 48.4350013990634], [-89.2207183251384, 48.4351775737781], [-89.222064895073, 48.4357444244406]]}, "properties": {"OBJECTID": 4090, "ROAD_CLASS": null, "OP2002_ROW": "TBD", "OP2018_ROW": "24 m", "Shape__Length": 175.70578658306397}}, {"type": "Feature", "id": 4091, "geometry": {"type": "LineString", "coordinates": [[-89.2455162953605, 48.4040086228093], [-89.2454829958774, 48.400547271895]]}, "properties": {"OBJECTID": 4091, "ROAD_CLASS": null, "OP2002_ROW": "36 m", "OP2018_ROW": "36 m", "Shape__Length": 384.88029357338394}}, {"type": "Feature", "id": 4092, "geometry": {"type": "LineString", "coordinates": [[-89.2330435317965, 48.4282260628948], [-89.2331888487046, 48.4280426894696], [-89.2332140653367, 48.4280096187422], [-89.2339590225764, 48.4270259581386]]}, "properties": {"OBJECTID": 4092, "ROAD_CLASS": null, "OP2002_ROW": "36 m", "OP2018_ROW": "36 m", "Shape__Length": 149.65751239019076}}, {"type": "Feature", "id": 4093, "geometry": {"type": "LineString", "coordinates": [[-89.2342484586301, 48.4193478222274], [-89.2369300316988, 48.4152785074212]]}, "properties": {"OBJECTID": 4093, "ROAD_CLASS": null, "OP2002_ROW": "36 m", "OP2018_ROW": "36 m", "Shape__Length": 494.0913187231675}}, {"type": "Feature", "id": 4094, "geometry": {"type": "LineString", "coordinates": [[-89.2843131704391, 48.3808514367786], [-89.2856139591456, 48.3808473933937]]}, "properties": {"OBJECTID": 4094, "ROAD_CLASS": null, "OP2002_ROW": "30 m", "OP2018_ROW": "30 m", "Shape__Length": 96.35158105939715}}, {"type": "Feature", "id": 4095, "geometry": {"type": "LineString", "coordinates": [[-89.3310326965037, 48.3808300037597], [-89.3334293501912, 48.3808415636513]]}, "properties": {"OBJECTID": 4095, "ROAD_CLASS": null, "OP2002_ROW": "36 m", "OP2018_ROW": "36 m", "Shape__Length": 177.52949932621777}}, {"type": "Feature", "id": 4096, "geometry": {"type": "LineString", "coordinates": [[-89.256304231709, 48.4443079687587], [-89.2579267719397, 48.443542097443]]}, "properties": {"OBJECTID": 4096, "ROAD_CLASS": null, "OP2002_ROW": "26 m", "OP2018_ROW": "24 m", "Shape__Length": 147.17359723966553}}, {"type": "Feature", "id": 4097, "geometry": {"type": "LineString", "coordinates": [[-89.2358492553864, 48.4244128341604], [-89.2362750361599, 48.4237903786278]]}, "properties": {"OBJECTID": 4097, "ROAD_CLASS": null, "OP2002_ROW": "36 m", "OP2018_ROW": "36 m", "Shape__Length": 76.04729433988403}}, {"type": "Feature", "id": 4098, "geometry": {"type": "LineString", "coordinates": [[-89.2339590225764, 48.4270259581386], [-89.2358492553864, 48.4244128341604]]}, "properties": {"OBJECTID": 4098, "ROAD_CLASS": null, "OP2002_ROW": "36 m", "OP2018_ROW": "36 m", "Shape__Length": 322.47704754311746}}, {"type": "Feature", "id": 4099, "geometry": {"type": "LineString", "coordinates": [[-89.2303623594392, 48.4373193485915], [-89.2304573090541, 48.4373308378179], [-89.2305583941223, 48.4373517280388], [-89.2310476662799, 48.4374851250767]]}, "properties": {"OBJECTID": 4099, "ROAD_CLASS": null, "OP2002_ROW": "26 m", "OP2018_ROW": "24 m", "Shape__Length": 54.09268225834332}}, {"type": "Feature", "id": 4100, "geometry": {"type": "LineString", "coordinates": [[-89.2424366063345, 48.4152563795011], [-89.2437438915485, 48.413435924912]]}, "properties": {"OBJECTID": 4100, "ROAD_CLASS": null, "OP2002_ROW": "36 m", "OP2018_ROW": "36 m", "Shape__Length": 224.35982477290358}}, {"type": "Feature", "id": 4101, "geometry": {"type": "LineString", "coordinates": [[-89.267532853802, 48.3808526019072], [-89.2689164690953, 48.3808494841999]]}, "properties": {"OBJECTID": 4101, "ROAD_CLASS": null, "OP2002_ROW": "30 m", "OP2018_ROW": "30 m", "Shape__Length": 102.4856251114572}}, {"type": "Feature", "id": 4102, "geometry": {"type": "LineString", "coordinates": [[-89.2362750361599, 48.4237903786278], [-89.2377979578796, 48.4217176823939]]}, "properties": {"OBJECTID": 4102, "ROAD_CLASS": null, "OP2002_ROW": "36 m", "OP2018_ROW": "36 m", "Shape__Length": 256.5504549941621}}, {"type": "Feature", "id": 4103, "geometry": {"type": "LineString", "coordinates": [[-89.2454136118187, 48.4110870559631], [-89.2454219894377, 48.4110668363905], [-89.2454418107815, 48.4110143911179], [-89.2454599183398, 48.4109616718898], [-89.2454763035934, 48.4109087035248], [-89.2454909588343, 48.4108555109585], [-89.2455038771686, 48.4108021192317], [-89.2455150525204, 48.4107485534794], [-89.2455244796344, 48.410694838918], [-89.2455321540783, 48.4106410008341], [-89.2455403033407, 48.4101886732162]]}, "properties": {"OBJECTID": 4103, "ROAD_CLASS": null, "OP2002_ROW": "36 m", "OP2018_ROW": "36 m", "Shape__Length": 100.73771632592675}}, {"type": "Feature", "id": 4104, "geometry": {"type": "LineString", "coordinates": [[-89.2581951098061, 48.3975490128379], [-89.2582267739304, 48.4000113173964]]}, "properties": {"OBJECTID": 4104, "ROAD_CLASS": null, "OP2002_ROW": "36 m", "OP2018_ROW": "36 m", "Shape__Length": 273.7979894893686}}, {"type": "Feature", "id": 4105, "geometry": {"type": "LineString", "coordinates": [[-89.2593771164661, 48.380852853485], [-89.262145404088, 48.3808468076419]]}, "properties": {"OBJECTID": 4105, "ROAD_CLASS": null, "OP2002_ROW": "26 m", "OP2018_ROW": "24 m", "Shape__Length": 205.04901265633052}}, {"type": "Feature", "id": 4106, "geometry": {"type": "LineString", "coordinates": [[-89.2317179419944, 48.4376667391864], [-89.2323078637552, 48.4378242089946]]}, "properties": {"OBJECTID": 4106, "ROAD_CLASS": null, "OP2002_ROW": "26 m", "OP2018_ROW": "24 m", "Shape__Length": 47.02763034041838}}, {"type": "Feature", "id": 4107, "geometry": {"type": "LineString", "coordinates": [[-89.2270932956286, 48.4381238208019], [-89.2271977016654, 48.438130392532], [-89.2273022745485, 48.4381356604399], [-89.2274069775037, 48.4381396226732], [-89.227511773711, 48.4381422778387], [-89.2276166263177, 48.4381436250027], [-89.2277214984512, 48.4381436636918], [-89.227826353232, 48.4381423938923], [-89.2279311537869, 48.438139816051]]}, "properties": {"OBJECTID": 4107, "ROAD_CLASS": null, "OP2002_ROW": "26 m", "OP2018_ROW": "24 m", "Shape__Length": 62.07377079572205}}, {"type": "Feature", "id": 4108, "geometry": {"type": "LineString", "coordinates": [[-89.2422150935231, 48.3848746327792], [-89.241575733111, 48.3856280926746]]}, "properties": {"OBJECTID": 4108, "ROAD_CLASS": null, "OP2002_ROW": "26 m", "OP2018_ROW": "24 m", "Shape__Length": 96.2344672702732}}, {"type": "Feature", "id": 4109, "geometry": {"type": "LineString", "coordinates": [[-89.2477322302307, 48.3808501752131], [-89.2488914054156, 48.3808414950566]]}, "properties": {"OBJECTID": 4109, "ROAD_CLASS": null, "OP2002_ROW": "26 m", "OP2018_ROW": "24 m", "Shape__Length": 85.86556696386317}}, {"type": "Feature", "id": 4110, "geometry": {"type": "LineString", "coordinates": [[-89.2814124119069, 48.3808174907055], [-89.284140060238, 48.380851973841]]}, "properties": {"OBJECTID": 4110, "ROAD_CLASS": null, "OP2002_ROW": "30 m", "OP2018_ROW": "30 m", "Shape__Length": 202.07554673163148}}, {"type": "Feature", "id": 4111, "geometry": {"type": "LineString", "coordinates": [[-89.2454769383976, 48.3957695534296], [-89.2455005343215, 48.3967972291909]]}, "properties": {"OBJECTID": 4111, "ROAD_CLASS": null, "OP2002_ROW": "26 m", "OP2018_ROW": "24 m", "Shape__Length": 114.28193595136497}}, {"type": "Feature", "id": 4112, "geometry": {"type": "LineString", "coordinates": [[-89.2433782839777, 48.3824883579078], [-89.2431525979195, 48.3833020885722]]}, "properties": {"OBJECTID": 4112, "ROAD_CLASS": null, "OP2002_ROW": "26 m", "OP2018_ROW": "24 m", "Shape__Length": 92.01064843467071}}, {"type": "Feature", "id": 4113, "geometry": {"type": "LineString", "coordinates": [[-89.2378252573163, 48.3901676232649], [-89.2372083229614, 48.3909307415758]]}, "properties": {"OBJECTID": 4113, "ROAD_CLASS": null, "OP2002_ROW": "26 m", "OP2018_ROW": "24 m", "Shape__Length": 96.37001037545843}}, {"type": "Feature", "id": 4114, "geometry": {"type": "LineString", "coordinates": [[-89.219286678425, 48.4332291317624], [-89.2198798085548, 48.4327920583373]]}, "properties": {"OBJECTID": 4114, "ROAD_CLASS": null, "OP2002_ROW": "36 m", "OP2018_ROW": "36 m", "Shape__Length": 65.48261934872325}}, {"type": "Feature", "id": 4115, "geometry": {"type": "LineString", "coordinates": [[-89.2179345598388, 48.4343037290023], [-89.219286678425, 48.4332291317624]]}, "properties": {"OBJECTID": 4115, "ROAD_CLASS": null, "OP2002_ROW": "36 m", "OP2018_ROW": "36 m", "Shape__Length": 155.84010960670773}}, {"type": "Feature", "id": 4116, "geometry": {"type": "LineString", "coordinates": [[-89.2407670779372, 48.4175758729313], [-89.2409528301477, 48.4173215895388]]}, "properties": {"OBJECTID": 4116, "ROAD_CLASS": null, "OP2002_ROW": "36 m", "OP2018_ROW": "36 m", "Shape__Length": 31.439724395093755}}, {"type": "Feature", "id": 4117, "geometry": {"type": "LineString", "coordinates": [[-89.2402003235386, 48.4183471549662], [-89.2407670779372, 48.4175758729313]]}, "properties": {"OBJECTID": 4117, "ROAD_CLASS": null, "OP2002_ROW": "36 m", "OP2018_ROW": "36 m", "Shape__Length": 95.46981650070258}}, {"type": "Feature", "id": 4118, "geometry": {"type": "LineString", "coordinates": [[-89.2179345598388, 48.4343037290023], [-89.2194335678586, 48.4347651294068]]}, "properties": {"OBJECTID": 4118, "ROAD_CLASS": null, "OP2002_ROW": "TBD", "OP2018_ROW": "24 m", "Shape__Length": 122.20436929145328}}, {"type": "Feature", "id": 4119, "geometry": {"type": "LineString", "coordinates": [[-89.2367325475926, 48.4389300224661], [-89.2370033620182, 48.4390105380434], [-89.2371147571705, 48.4390448631828], [-89.2372250263115, 48.4390807620359], [-89.2373341192333, 48.4391182182579], [-89.2374419862634, 48.4391572147947], [-89.2378034249602, 48.4392843783554]]}, "properties": {"OBJECTID": 4119, "ROAD_CLASS": null, "OP2002_ROW": "26 m", "OP2018_ROW": "24 m", "Shape__Length": 88.5251106462836}}, {"type": "Feature", "id": 4120, "geometry": {"type": "LineString", "coordinates": [[-89.3609623977741, 48.3810803433687], [-89.3611990673726, 48.3810434770705], [-89.3614368432908, 48.3810099186956], [-89.3616756213638, 48.380979682944], [-89.3619152969882, 48.3809527830604], [-89.3621557651683, 48.3809292308281], [-89.3623969205613, 48.3809090365639], [-89.3626386575242, 48.3808922091134], [-89.3628808701595, 48.3808787558475], [-89.3633943341822, 48.3808539226291], [-89.3692922896192, 48.3808594733237]]}, "properties": {"OBJECTID": 4120, "ROAD_CLASS": null, "OP2002_ROW": "36 m", "OP2018_ROW": "36 m", "Shape__Length": 619.0431206578737}}, {"type": "Feature", "id": 4121, "geometry": {"type": "LineString", "coordinates": [[-89.2553496570851, 48.4194347664833], [-89.2551256270365, 48.4194968902617], [-89.2549043919923, 48.4195633044351], [-89.2546861373414, 48.4196339533545], [-89.2544710459776, 48.4197087778222], [-89.2543442585027, 48.4197588870603], [-89.254220860886, 48.4198126152504], [-89.2541010861153, 48.419869860953], [-89.2539851603409, 48.4199305160875], [-89.2538733024483, 48.4199944661354], [-89.2537657236454, 48.4200615903572], [-89.2536626270632, 48.4201317620197], [-89.2535642073724, 48.4202048486355], [-89.2534706504162, 48.4202807122128], [-89.2533821328587, 48.4203592095165], [-89.253298821852, 48.4204401923377], [-89.2532208747196, 48.4205235077742], [-89.2531484386603, 48.4206089985187], [-89.2530816504691, 48.4206965031559], [-89.2530206362794, 48.4207858564673], [-89.2529655113246, 48.4208768897429], [-89.2529031863248, 48.4210188723295]]}, "properties": {"OBJECTID": 4121, "ROAD_CLASS": null, "OP2002_ROW": "36 m", "OP2018_ROW": "36 m", "Shape__Length": 262.93005222937717}}, {"type": "Feature", "id": 4122, "geometry": {"type": "LineString", "coordinates": [[-89.258223650082, 48.4155349799487], [-89.2581967877257, 48.4170303493111], [-89.2581926832768, 48.4172591049488], [-89.2581845251361, 48.4173269139754], [-89.25817328235, 48.4173945271827], [-89.2581589652429, 48.4174618824066], [-89.2581415869658, 48.41752891772], [-89.2581211634846, 48.4175955714897], [-89.2580977135649, 48.417661782433], [-89.2580712587554, 48.4177274896742], [-89.2580418233675, 48.4177926328004], [-89.2580094344537, 48.4178571519172], [-89.2579741217819, 48.4179209877035], [-89.257935917809, 48.4179840814665], [-89.2578948576505, 48.4180463751953], [-89.2578509790481, 48.4181078116144], [-89.2578043223358, 48.4181683342363], [-89.2577549304021, 48.4182278874136], [-89.2577028486508, 48.4182864163898], [-89.2576481249596, 48.4183438673501], [-89.2575908096357, 48.4184001874708], [-89.2575309553697, 48.4184553249675], [-89.2574686171871, 48.4185092291432], [-89.2574038523982, 48.4185618504347], [-89.2573367205446, 48.4186131404583], [-89.2572672833451, 48.418663052054], [-89.2571956046389, 48.4187115393291], [-89.2571217503266, 48.4187585577007], [-89.2570457883099, 48.418804063936], [-89.2569677884288, 48.4188480161926], [-89.2568878223982, 48.4188903740571], [-89.2568059637408, 48.4189310985816], [-89.2567222877206, 48.4189701523203], [-89.2566368712728, 48.4190074993633], [-89.2565497929339, 48.41904310537], [-89.2562555091283, 48.4191486607225], [-89.2559572611071, 48.4192491660706], [-89.2556552444184, 48.4193445555082], [-89.2553496570851, 48.4194347664833]]}, "properties": {"OBJECTID": 4122, "ROAD_CLASS": null, "OP2002_ROW": "36 m", "OP2018_ROW": "36 m", "Shape__Length": 532.7513672645089}}, {"type": "Feature", "id": 4123, "geometry": {"type": "LineString", "coordinates": [[-89.2582055124096, 48.4118558970982], [-89.258223650082, 48.4155349799487]]}, "properties": {"OBJECTID": 4123, "ROAD_CLASS": null, "OP2002_ROW": "36 m", "OP2018_ROW": "36 m", "Shape__Length": 409.0868446415107}}, {"type": "Feature", "id": 4124, "geometry": {"type": "LineString", "coordinates": [[-89.2421304892805, 48.4404449564238], [-89.2434034039535, 48.4407589430172]]}, "properties": {"OBJECTID": 4124, "ROAD_CLASS": null, "OP2002_ROW": "26 m", "OP2018_ROW": "24 m", "Shape__Length": 100.43745020798903}}, {"type": "Feature", "id": 4125, "geometry": {"type": "LineString", "coordinates": [[-89.2585460489299, 48.4244746213863], [-89.261576804904, 48.4236242878028], [-89.2616335510275, 48.4236075219602], [-89.2616905761284, 48.4235901288863]]}, "properties": {"OBJECTID": 4125, "ROAD_CLASS": null, "OP2002_ROW": "36 m", "OP2018_ROW": "36 m", "Shape__Length": 252.64995105301705}}, {"type": "Feature", "id": 4126, "geometry": {"type": "LineString", "coordinates": [[-89.3060120921449, 48.3808270493154], [-89.3071597764931, 48.3808374308411]]}, "properties": {"OBJECTID": 4126, "ROAD_CLASS": null, "OP2002_ROW": "30 m", "OP2018_ROW": "30 m", "Shape__Length": 85.01839558261655}}, {"type": "Feature", "id": 4127, "geometry": {"type": "LineString", "coordinates": [[-89.2355870996402, 48.3934941706417], [-89.2365907257186, 48.3947284181333]]}, "properties": {"OBJECTID": 4127, "ROAD_CLASS": null, "OP2002_ROW": "26 m", "OP2018_ROW": "24 m", "Shape__Length": 156.06838649290336}}, {"type": "Feature", "id": 4128, "geometry": {"type": "LineString", "coordinates": [[-89.2142767915249, 48.4393290898364], [-89.2142774539504, 48.4395554814452], [-89.2142761578464, 48.4395986925563], [-89.2142723695311, 48.4396418387047], [-89.2142660945834, 48.4396848562768], [-89.2142573422487, 48.4397276818485], [-89.214246125425, 48.4397702522787], [-89.2142324606441, 48.4398125048021], [-89.214216368047, 48.4398543771222], [-89.2141978713546, 48.4398958075027], [-89.2141023204725, 48.4400686224119]]}, "properties": {"OBJECTID": 4128, "ROAD_CLASS": null, "OP2002_ROW": "36 m", "OP2018_ROW": "36 m", "Shape__Length": 84.09482716305271}}, {"type": "Feature", "id": 4129, "geometry": {"type": "LineString", "coordinates": [[-89.2745111942935, 48.4099727370723], [-89.2745046817604, 48.410969660268]]}, "properties": {"OBJECTID": 4129, "ROAD_CLASS": null, "OP2002_ROW": "36 m", "OP2018_ROW": "36 m", "Shape__Length": 110.851442171158}}, {"type": "Feature", "id": 4130, "geometry": {"type": "LineString", "coordinates": [[-89.2635851568599, 48.3832761284423], [-89.264263815926, 48.382473843155]]}, "properties": {"OBJECTID": 4130, "ROAD_CLASS": null, "OP2002_ROW": "30 m", "OP2018_ROW": "30 m", "Shape__Length": 102.39477805264215}}, {"type": "Feature", "id": 4131, "geometry": {"type": "LineString", "coordinates": [[-89.2397123170202, 48.3879003362174], [-89.2390859356742, 48.3886537105771]]}, "properties": {"OBJECTID": 4131, "ROAD_CLASS": null, "OP2002_ROW": "26 m", "OP2018_ROW": "24 m", "Shape__Length": 95.75542783374846}}, {"type": "Feature", "id": 4132, "geometry": {"type": "LineString", "coordinates": [[-89.2785573333353, 48.3919083757075], [-89.2785508903071, 48.392257731388], [-89.2785149724762, 48.3924429236579], [-89.278468858875, 48.3926271116182], [-89.2784126117057, 48.3928100463787], [-89.2783463068659, 48.3929914807396], [-89.2782700338469, 48.3931711695263], [-89.2781838956131, 48.3933488699199], [-89.2780880084635, 48.3935243417865], [-89.2779825018753, 48.3936973480009], [-89.2777449775022, 48.3940677631126]]}, "properties": {"OBJECTID": 4132, "ROAD_CLASS": null, "OP2002_ROW": "30 m", "OP2018_ROW": "30 m", "Shape__Length": 249.74807509765301}}, {"type": "Feature", "id": 4133, "geometry": {"type": "LineString", "coordinates": [[-89.2356083551075, 48.4386703504325], [-89.2367325475926, 48.4389300224661]]}, "properties": {"OBJECTID": 4133, "ROAD_CLASS": null, "OP2002_ROW": "26 m", "OP2018_ROW": "24 m", "Shape__Length": 88.04313157893975}}, {"type": "Feature", "id": 4134, "geometry": {"type": "LineString", "coordinates": [[-89.3419651287166, 48.3808531475826], [-89.3480834504599, 48.3808338208346], [-89.3483289449276, 48.3808329436278], [-89.3483667066973, 48.380832911125], [-89.3483950023981, 48.3808332176952], [-89.3484044240046, 48.3808334679524], [-89.3484231406155, 48.3808342697663], [-89.3484418381883, 48.3808353328927], [-89.3484792078307, 48.3808377853658], [-89.3486473383599, 48.3808493096784], [-89.349319891781, 48.3808950430332], [-89.3495254564286, 48.3809088252865], [-89.3495441119235, 48.3809101761129], [-89.3495627045519, 48.380911716268], [-89.3495719588817, 48.3809126158662], [-89.3495811680607, 48.3809136495488], [-89.3495903168231, 48.380914867114], [-89.3495993745633, 48.3809163078761], [-89.34960837197, 48.3809179343186], [-89.3496262470113, 48.3809215486481], [-89.3496440307345, 48.3809254383639], [-89.3498035692767, 48.3809620190682], [-89.3500961453728, 48.3810288131803]]}, "properties": {"OBJECTID": 4134, "ROAD_CLASS": null, "OP2002_ROW": "36 m", "OP2018_ROW": "36 m", "Shape__Length": 604.8504333551167}}, {"type": "Feature", "id": 4135, "geometry": {"type": "LineString", "coordinates": [[-89.2582109283939, 48.4065459002028], [-89.2581963079721, 48.408722278718]]}, "properties": {"OBJECTID": 4135, "ROAD_CLASS": null, "OP2002_ROW": "36 m", "OP2018_ROW": "36 m", "Shape__Length": 241.99809941485984}}, {"type": "Feature", "id": 4136, "geometry": {"type": "LineString", "coordinates": [[-89.2581963079721, 48.408722278718], [-89.2582055124096, 48.4118558970982]]}, "properties": {"OBJECTID": 4136, "ROAD_CLASS": null, "OP2002_ROW": "36 m", "OP2018_ROW": "36 m", "Shape__Length": 348.43382058516266}}, {"type": "Feature", "id": 4137, "geometry": {"type": "LineString", "coordinates": [[-89.2745270237653, 48.4078441133715], [-89.2745390359492, 48.4087577884342], [-89.2745394138669, 48.4087892169093], [-89.2745394605939, 48.4088080735959], [-89.2745392176276, 48.4088268586344], [-89.2745386634999, 48.4088519057059], [-89.2745111942935, 48.4099727370723]]}, "properties": {"OBJECTID": 4137, "ROAD_CLASS": null, "OP2002_ROW": "36 m", "OP2018_ROW": "36 m", "Shape__Length": 236.70793250916054}}, {"type": "Feature", "id": 4138, "geometry": {"type": "LineString", "coordinates": [[-89.2785839673394, 48.3808202496574], [-89.2814124119069, 48.3808174907055]]}, "properties": {"OBJECTID": 4138, "ROAD_CLASS": null, "OP2002_ROW": "30 m", "OP2018_ROW": "30 m", "Shape__Length": 209.50533854602486}}, {"type": "Feature", "id": 4139, "geometry": {"type": "LineString", "coordinates": [[-89.3082614403889, 48.3808414241864], [-89.3093524103002, 48.3808355751922]]}, "properties": {"OBJECTID": 4139, "ROAD_CLASS": null, "OP2002_ROW": "30 m", "OP2018_ROW": "30 m", "Shape__Length": 80.81230509675925}}, {"type": "Feature", "id": 4140, "geometry": {"type": "LineString", "coordinates": [[-89.241868292772, 48.4015618210471], [-89.241709470118, 48.4011196076397], [-89.241625438824, 48.4009546795481], [-89.2415361576008, 48.4007909791724], [-89.2414416669079, 48.4006285806054], [-89.2413420095618, 48.4004675573504], [-89.2412372307159, 48.4003079822873], [-89.2411273778406, 48.4001499276398], [-89.2410125007012, 48.3999934649431], [-89.2408926513354, 48.3998386650112], [-89.2403789424197, 48.3993167223835]]}, "properties": {"OBJECTID": 4140, "ROAD_CLASS": null, "OP2002_ROW": "26 m", "OP2018_ROW": "24 m", "Shape__Length": 274.8709912002936}}, {"type": "Feature", "id": 4141, "geometry": {"type": "LineString", "coordinates": [[-89.240964577347, 48.3863851083271], [-89.2403353240974, 48.3871260889051]]}, "properties": {"OBJECTID": 4141, "ROAD_CLASS": null, "OP2002_ROW": "26 m", "OP2018_ROW": "24 m", "Shape__Length": 94.65745567070401}}, {"type": "Feature", "id": 4142, "geometry": {"type": "LineString", "coordinates": [[-89.262145404088, 48.3808468076419], [-89.2630568409273, 48.3808515943314], [-89.2631226165093, 48.3808518671901], [-89.2631884166392, 48.380851840814], [-89.263949833305, 48.380850685267]]}, "properties": {"OBJECTID": 4142, "ROAD_CLASS": null, "OP2002_ROW": "26 m", "OP2018_ROW": "24 m", "Shape__Length": 133.65705560866743}}, {"type": "Feature", "id": 4143, "geometry": {"type": "LineString", "coordinates": [[-89.2454827729273, 48.3808614513341], [-89.2466153902645, 48.3808520270104]]}, "properties": {"OBJECTID": 4143, "ROAD_CLASS": null, "OP2002_ROW": "26 m", "OP2018_ROW": "24 m", "Shape__Length": 83.89947080555511}}, {"type": "Feature", "id": 4144, "geometry": {"type": "LineString", "coordinates": [[-89.2856139591456, 48.3808473933937], [-89.2870641511772, 48.3808473629764]]}, "properties": {"OBJECTID": 4144, "ROAD_CLASS": null, "OP2002_ROW": "30 m", "OP2018_ROW": "30 m", "Shape__Length": 107.41701403526525}}, {"type": "Feature", "id": 4145, "geometry": {"type": "LineString", "coordinates": [[-89.2359542984555, 48.3924585338278], [-89.2354595717411, 48.3930523180341], [-89.2354392321356, 48.3930832559859], [-89.235423718287, 48.3931154102818], [-89.2354131908132, 48.3931484480408], [-89.2354077587113, 48.3931820272353]]}, "properties": {"OBJECTID": 4145, "ROAD_CLASS": null, "OP2002_ROW": "26 m", "OP2018_ROW": "24 m", "Shape__Length": 90.53443414212053}}, {"type": "Feature", "id": 4146, "geometry": {"type": "LineString", "coordinates": [[-89.2411691911561, 48.4401850171273], [-89.2421304892805, 48.4404449564238]]}, "properties": {"OBJECTID": 4146, "ROAD_CLASS": null, "OP2002_ROW": "26 m", "OP2018_ROW": "24 m", "Shape__Length": 76.7689782476475}}, {"type": "Feature", "id": 4147, "geometry": {"type": "LineString", "coordinates": [[-89.2365907257186, 48.3947284181333], [-89.2377355633935, 48.3961859051266]]}, "properties": {"OBJECTID": 4147, "ROAD_CLASS": null, "OP2002_ROW": "26 m", "OP2018_ROW": "24 m", "Shape__Length": 182.89290203240157}}, {"type": "Feature", "id": 4148, "geometry": {"type": "LineString", "coordinates": [[-89.245027970461, 48.4117152959665], [-89.2453084394112, 48.411293281811], [-89.2453889141648, 48.4111386962271], [-89.2454136118187, 48.4110870559631]]}, "properties": {"OBJECTID": 4148, "ROAD_CLASS": null, "OP2002_ROW": "36 m", "OP2018_ROW": "36 m", "Shape__Length": 75.52997810419299}}, {"type": "Feature", "id": 4149, "geometry": {"type": "LineString", "coordinates": [[-89.2437438915485, 48.413435924912], [-89.244825476063, 48.4119939315533], [-89.244858233505, 48.4119492258168], [-89.245027970461, 48.4117152959665]]}, "properties": {"OBJECTID": 4149, "ROAD_CLASS": null, "OP2002_ROW": "36 m", "OP2018_ROW": "36 m", "Shape__Length": 213.63298560861614}}, {"type": "Feature", "id": 4150, "geometry": {"type": "LineString", "coordinates": [[-89.311582092595, 48.3808500793636], [-89.3176595718594, 48.380839446297], [-89.3222569099328, 48.3808349208848], [-89.3278187396033, 48.3808318056892], [-89.3310326965037, 48.3808300037597]]}, "properties": {"OBJECTID": 4150, "ROAD_CLASS": null, "OP2002_ROW": "36 m", "OP2018_ROW": "36 m", "Shape__Length": 1440.7416116729207}}, {"type": "Feature", "id": 4151, "geometry": {"type": "LineString", "coordinates": [[-89.2678766311731, 48.4371748255648], [-89.2642789180705, 48.4395957228465]]}, "properties": {"OBJECTID": 4151, "ROAD_CLASS": null, "OP2002_ROW": "30 m", "OP2018_ROW": "30 m", "Shape__Length": 378.569467271841}}, {"type": "Feature", "id": 4152, "geometry": {"type": "LineString", "coordinates": [[-89.3553447614847, 48.3817469836282], [-89.3553493236257, 48.3817469729564], [-89.3553613273436, 48.3817464490552], [-89.3553713839851, 48.3817457922846], [-89.3553827842967, 48.3817448956492], [-89.3553949676054, 48.381743814721], [-89.355419456216, 48.3817413696404], [-89.3554497503832, 48.3817379067835], [-89.3609623977741, 48.3810803433687]]}, "properties": {"OBJECTID": 4152, "ROAD_CLASS": null, "OP2002_ROW": "36 m", "OP2018_ROW": "36 m", "Shape__Length": 422.675152216875}}, {"type": "Feature", "id": 4153, "geometry": {"type": "LineString", "coordinates": [[-89.335873747037, 48.3808479522729], [-89.3404628307721, 48.3808430486311]]}, "properties": {"OBJECTID": 4153, "ROAD_CLASS": null, "OP2002_ROW": "36 m", "OP2018_ROW": "36 m", "Shape__Length": 339.92345313645063}}, {"type": "Feature", "id": 4154, "geometry": {"type": "LineString", "coordinates": [[-89.2233886192739, 48.4305489261663], [-89.2249960055443, 48.4297851897781]]}, "properties": {"OBJECTID": 4154, "ROAD_CLASS": null, "OP2002_ROW": "36 m", "OP2018_ROW": "36 m", "Shape__Length": 146.14720562586072}}, {"type": "Feature", "id": 4155, "geometry": {"type": "LineString", "coordinates": [[-89.2656470556791, 48.3808519700102], [-89.267532853802, 48.3808526019072]]}, "properties": {"OBJECTID": 4155, "ROAD_CLASS": null, "OP2002_ROW": "30 m", "OP2018_ROW": "30 m", "Shape__Length": 139.6819028786883}}, {"type": "Feature", "id": 4156, "geometry": {"type": "LineString", "coordinates": [[-89.2745046817604, 48.410969660268], [-89.2745071251987, 48.4203992309888]]}, "properties": {"OBJECTID": 4156, "ROAD_CLASS": null, "OP2002_ROW": "36 m", "OP2018_ROW": "36 m", "Shape__Length": 1048.4985444643899}}, {"type": "Feature", "id": 4157, "geometry": {"type": "LineString", "coordinates": [[-89.2171215302684, 48.4351105240867], [-89.216318491161, 48.4360736845697]]}, "properties": {"OBJECTID": 4157, "ROAD_CLASS": null, "OP2002_ROW": "36 m", "OP2018_ROW": "36 m", "Shape__Length": 122.4730249034199}}, {"type": "Feature", "id": 4158, "geometry": {"type": "LineString", "coordinates": [[-89.2179345598388, 48.4343037290023], [-89.2178228263322, 48.4343998782901], [-89.2177139014468, 48.434497444376], [-89.217607825756, 48.4345963909326], [-89.2175046387731, 48.434696681118], [-89.2174043789367, 48.4347982775899], [-89.2173070835959, 48.4349011425194], [-89.2172127889966, 48.4350052376049], [-89.2171215302684, 48.4351105240867]]}, "properties": {"OBJECTID": 4158, "ROAD_CLASS": null, "OP2002_ROW": "36 m", "OP2018_ROW": "36 m", "Shape__Length": 108.11870617935033}}, {"type": "Feature", "id": 4159, "geometry": {"type": "LineString", "coordinates": [[-89.2674870963753, 48.421779712749], [-89.2682545818018, 48.4215800180022], [-89.2682982511964, 48.4215687863928], [-89.2683246534298, 48.4215622905304], [-89.2683424251881, 48.4215581107486], [-89.2683780672662, 48.4215499309796], [-89.2694215860406, 48.4213124590417], [-89.2694662626507, 48.4213024865362], [-89.2694842278868, 48.4212987094398], [-89.2694932839405, 48.4212969067159], [-89.2695205734231, 48.4212917642671], [-89.2695570821337, 48.4212851748576], [-89.2745071251987, 48.4203992309888]]}, "properties": {"OBJECTID": 4159, "ROAD_CLASS": null, "OP2002_ROW": "36 m", "OP2018_ROW": "36 m", "Shape__Length": 542.2015658424774}}, {"type": "Feature", "id": 4160, "geometry": {"type": "LineString", "coordinates": [[-89.2464932651579, 48.4420251391148], [-89.2468239415277, 48.4429008400925]]}, "properties": {"OBJECTID": 4160, "ROAD_CLASS": null, "OP2002_ROW": "26 m", "OP2018_ROW": "24 m", "Shape__Length": 100.39717519081245}}, {"type": "Feature", "id": 4161, "geometry": {"type": "LineString", "coordinates": [[-89.2785763236849, 48.3824782171212], [-89.2785839673394, 48.3808202496574]]}, "properties": {"OBJECTID": 4161, "ROAD_CLASS": null, "OP2002_ROW": "26 m", "OP2018_ROW": "24 m", "Shape__Length": 184.35381053374763}}, {"type": "Feature", "id": 4162, "geometry": {"type": "LineString", "coordinates": [[-89.264263815926, 48.382473843155], [-89.2649444886318, 48.3816577821673]]}, "properties": {"OBJECTID": 4162, "ROAD_CLASS": null, "OP2002_ROW": "30 m", "OP2018_ROW": "30 m", "Shape__Length": 103.80472886518444}}, {"type": "Feature", "id": 4163, "geometry": {"type": "LineString", "coordinates": [[-89.2529031863248, 48.4210188723295], [-89.2528467410947, 48.4211112048031], [-89.2528247607804, 48.4211690476017], [-89.2528054231471, 48.4212273070766], [-89.2527887459552, 48.4212859297479], [-89.252774744523, 48.4213448618017], [-89.2527634317128, 48.4214040491402], [-89.2527548179188, 48.4214634374309], [-89.2527489110578, 48.4215229721567], [-89.2527457165617, 48.421582598666], [-89.2527357950908, 48.4240907798831]]}, "properties": {"OBJECTID": 4163, "ROAD_CLASS": null, "OP2002_ROW": "36 m", "OP2018_ROW": "36 m", "Shape__Length": 343.05034645468936}}, {"type": "Feature", "id": 4164, "geometry": {"type": "LineString", "coordinates": [[-89.2458160296043, 48.4410606688921], [-89.2458591021358, 48.4410866673064], [-89.2459008083118, 48.4411136339487], [-89.2459410989945, 48.4411415370484], [-89.2459799267133, 48.4411703437316], [-89.2460172457212, 48.4412000200599], [-89.2460530120481, 48.44123053107], [-89.2460871835534, 48.4412618408156], [-89.2461197199747, 48.4412939124088], [-89.2461505829762, 48.4413267080645], [-89.2461797361933, 48.4413601891441], [-89.2462071452754, 48.4413943162018], [-89.2462327779268, 48.4414290490302], [-89.2462566039445, 48.4414643467086], [-89.2462785952537, 48.4415001676503], [-89.2462987259411, 48.4415364696524], [-89.2463169722854, 48.4415732099448], [-89.2464932651579, 48.4420251391148]]}, "properties": {"OBJECTID": 4164, "ROAD_CLASS": null, "OP2002_ROW": "26 m", "OP2018_ROW": "24 m", "Shape__Length": 120.75898860372891}}, {"type": "Feature", "id": 4165, "geometry": {"type": "LineString", "coordinates": [[-89.2428079359025, 48.3841134533429], [-89.2422150935231, 48.3848746327792]]}, "properties": {"OBJECTID": 4165, "ROAD_CLASS": null, "OP2002_ROW": "26 m", "OP2018_ROW": "24 m", "Shape__Length": 95.34813833417482}}, {"type": "Feature", "id": 4166, "geometry": {"type": "LineString", "coordinates": [[-89.2785633861458, 48.3841167880746], [-89.2785786779003, 48.3855462913874]]}, "properties": {"OBJECTID": 4166, "ROAD_CLASS": null, "OP2002_ROW": "26 m", "OP2018_ROW": "24 m", "Shape__Length": 158.95364054419406}}, {"type": "Feature", "id": 4167, "geometry": {"type": "LineString", "coordinates": [[-89.3832239864803, 48.3808796759373], [-89.3847612468897, 48.3807558296773], [-89.3884138174626, 48.3803229227553]]}, "properties": {"OBJECTID": 4167, "ROAD_CLASS": null, "OP2002_ROW": "36 m", "OP2018_ROW": "36 m", "Shape__Length": 389.50774727286534}}, {"type": "Feature", "id": 4168, "geometry": {"type": "LineString", "coordinates": [[-89.2231761832759, 48.4362320882103], [-89.2240274471583, 48.4370199556755]]}, "properties": {"OBJECTID": 4168, "ROAD_CLASS": null, "OP2002_ROW": "TBD", "OP2018_ROW": "24 m", "Shape__Length": 107.89534441616735}}, {"type": "Feature", "id": 4169, "geometry": {"type": "LineString", "coordinates": [[-89.2510771995788, 48.3808467750283], [-89.2524767876312, 48.3808433716689]]}, "properties": {"OBJECTID": 4169, "ROAD_CLASS": null, "OP2002_ROW": "26 m", "OP2018_ROW": "24 m", "Shape__Length": 103.66833225609142}}, {"type": "Feature", "id": 4170, "geometry": {"type": "LineString", "coordinates": [[-89.2328165454626, 48.4215750112658], [-89.2335950913468, 48.4203644688443]]}, "properties": {"OBJECTID": 4170, "ROAD_CLASS": null, "OP2002_ROW": "36 m", "OP2018_ROW": "36 m", "Shape__Length": 146.41672054007228}}, {"type": "Feature", "id": 4171, "geometry": {"type": "LineString", "coordinates": [[-89.2369300316988, 48.4152785074212], [-89.2375868559035, 48.4140203294765]]}, "properties": {"OBJECTID": 4171, "ROAD_CLASS": null, "OP2002_ROW": "36 m", "OP2018_ROW": "36 m", "Shape__Length": 148.10587733981006}}, {"type": "Feature", "id": 4172, "geometry": {"type": "LineString", "coordinates": [[-89.2384575551997, 48.3894121192206], [-89.2378252573163, 48.3901676232649]]}, "properties": {"OBJECTID": 4172, "ROAD_CLASS": null, "OP2002_ROW": "26 m", "OP2018_ROW": "24 m", "Shape__Length": 96.17454115712252}}, {"type": "Feature", "id": 4173, "geometry": {"type": "LineString", "coordinates": [[-89.2468239415277, 48.4429008400925], [-89.2470326463138, 48.4434104603525]]}, "properties": {"OBJECTID": 4173, "ROAD_CLASS": null, "OP2002_ROW": "26 m", "OP2018_ROW": "24 m", "Shape__Length": 58.7315957425604}}, {"type": "Feature", "id": 4174, "geometry": {"type": "LineString", "coordinates": [[-89.215626607664, 48.436832366795], [-89.2149668543322, 48.4375636311087]]}, "properties": {"OBJECTID": 4174, "ROAD_CLASS": null, "OP2002_ROW": "36 m", "OP2018_ROW": "36 m", "Shape__Length": 94.8370852973459}}, {"type": "Feature", "id": 4175, "geometry": {"type": "LineString", "coordinates": [[-89.2408695383938, 48.4401124005728], [-89.2411691911561, 48.4401850171273]]}, "properties": {"OBJECTID": 4175, "ROAD_CLASS": null, "OP2002_ROW": "26 m", "OP2018_ROW": "24 m", "Shape__Length": 23.59404901646224}}, {"type": "Feature", "id": 4176, "geometry": {"type": "LineString", "coordinates": [[-89.260747992338, 48.3865840986182], [-89.2594983289557, 48.3880576348568]]}, "properties": {"OBJECTID": 4176, "ROAD_CLASS": null, "OP2002_ROW": "30 m", "OP2018_ROW": "30 m", "Shape__Length": 188.17774180493643}}, {"type": "Feature", "id": 4177, "geometry": {"type": "LineString", "coordinates": [[-89.2389631793505, 48.4110920776703], [-89.2393129130015, 48.4101888083338]]}, "properties": {"OBJECTID": 4177, "ROAD_CLASS": null, "OP2002_ROW": "36 m", "OP2018_ROW": "36 m", "Shape__Length": 103.71886107802735}}, {"type": "Feature", "id": 4178, "geometry": {"type": "LineString", "coordinates": [[-89.2515844368462, 48.4466710294201], [-89.256304231709, 48.4443079687587]]}, "properties": {"OBJECTID": 4178, "ROAD_CLASS": null, "OP2002_ROW": "26 m", "OP2018_ROW": "24 m", "Shape__Length": 436.9754961721729}}, {"type": "Feature", "id": 4179, "geometry": {"type": "LineString", "coordinates": [[-89.2581657804496, 48.3948776459367], [-89.2581951098061, 48.3975490128379]]}, "properties": {"OBJECTID": 4179, "ROAD_CLASS": null, "OP2002_ROW": "36 m", "OP2018_ROW": "36 m", "Shape__Length": 297.0417724771796}}, {"type": "Feature", "id": 4180, "geometry": {"type": "LineString", "coordinates": [[-89.2728171421703, 48.3808436516384], [-89.2785839673394, 48.3808202496574]]}, "properties": {"OBJECTID": 4180, "ROAD_CLASS": null, "OP2002_ROW": "30 m", "OP2018_ROW": "30 m", "Shape__Length": 427.160529165856}}, {"type": "Feature", "id": 4181, "geometry": {"type": "LineString", "coordinates": [[-89.3334293501912, 48.3808415636513], [-89.335873747037, 48.3808479522729]]}, "properties": {"OBJECTID": 4181, "ROAD_CLASS": null, "OP2002_ROW": "36 m", "OP2018_ROW": "36 m", "Shape__Length": 181.06277485656219}}, {"type": "Feature", "id": 4182, "geometry": {"type": "LineString", "coordinates": [[-89.231439121316, 48.4237349658026], [-89.2328165454626, 48.4215750112658]]}, "properties": {"OBJECTID": 4182, "ROAD_CLASS": null, "OP2002_ROW": "36 m", "OP2018_ROW": "36 m", "Shape__Length": 260.907755708213}}, {"type": "Feature", "id": 4183, "geometry": {"type": "LineString", "coordinates": [[-89.2785780276714, 48.3882455344525], [-89.2785801099586, 48.3901136686019]]}, "properties": {"OBJECTID": 4183, "ROAD_CLASS": null, "OP2002_ROW": "30 m", "OP2018_ROW": "24 m", "Shape__Length": 207.72213240512647}}, {"type": "Feature", "id": 4184, "geometry": {"type": "LineString", "coordinates": [[-89.2375868559035, 48.4140203294765], [-89.2389631793505, 48.4110920776703]]}, "properties": {"OBJECTID": 4184, "ROAD_CLASS": null, "OP2002_ROW": "36 m", "OP2018_ROW": "36 m", "Shape__Length": 341.1635226371049}}, {"type": "Feature", "id": 4185, "geometry": {"type": "LineString", "coordinates": [[-89.2745071251987, 48.4203992309888], [-89.2766104969772, 48.4200327069727]]}, "properties": {"OBJECTID": 4185, "ROAD_CLASS": null, "OP2002_ROW": "36 m", "OP2018_ROW": "36 m", "Shape__Length": 160.92403676791446}}, {"type": "Feature", "id": 4186, "geometry": {"type": "LineString", "coordinates": [[-89.2400668222938, 48.4083086229872], [-89.2408122301506, 48.406545338325]]}, "properties": {"OBJECTID": 4186, "ROAD_CLASS": null, "OP2002_ROW": "36 m", "OP2018_ROW": "36 m", "Shape__Length": 203.67988310973536}}, {"type": "Feature", "id": 4187, "geometry": {"type": "LineString", "coordinates": [[-89.2408122301506, 48.406545338325], [-89.2418614753347, 48.4040572552689], [-89.241897004778, 48.4039485686183], [-89.2419291413296, 48.4038394147262], [-89.2419578711882, 48.4037298405441], [-89.241983182018, 48.4036198932043], [-89.2420050629541, 48.4035096199993], [-89.2420235046072, 48.4033990683612], [-89.2420384990674, 48.4032882858418], [-89.2420500399076, 48.4031773200918], [-89.2420581221864, 48.4030662188405], [-89.2420627424502, 48.402955029875], [-89.2420638987343, 48.40284380102], [-89.242061590564, 48.4027325801168], [-89.2420558189548, 48.4026214150034], [-89.2420465864118, 48.4025103534929], [-89.2420338969285, 48.4023994433541], [-89.2420177559853, 48.40228873229], [-89.241868292772, 48.4015618210471]]}, "properties": {"OBJECTID": 4187, "ROAD_CLASS": null, "OP2002_ROW": "36 m", "OP2018_ROW": "36 m", "Shape__Length": 566.823399155807}}, {"type": "Feature", "id": 4188, "geometry": {"type": "LineString", "coordinates": [[-89.2895124222093, 48.380835370446], [-89.2910520786002, 48.3808359853735]]}, "properties": {"OBJECTID": 4188, "ROAD_CLASS": null, "OP2002_ROW": "30 m", "OP2018_ROW": "30 m", "Shape__Length": 114.04390395934868}}, {"type": "Feature", "id": 4189, "geometry": {"type": "LineString", "coordinates": [[-89.2853270555885, 48.4189094707915], [-89.2854771280631, 48.4189004765938], [-89.2855146564223, 48.4188983209331], [-89.2855334295505, 48.4188973522384], [-89.2855522475867, 48.4188965410019], [-89.2855899744835, 48.4188953161984], [-89.2891852977259, 48.4187971380847]]}, "properties": {"OBJECTID": 4189, "ROAD_CLASS": null, "OP2002_ROW": "36 m", "OP2018_ROW": "36 m", "Shape__Length": 285.8600585631945}}, {"type": "Feature", "id": 4190, "geometry": {"type": "LineString", "coordinates": [[-89.2388857746124, 48.4396087135975], [-89.2400444972417, 48.4399061294493]]}, "properties": {"OBJECTID": 4190, "ROAD_CLASS": null, "OP2002_ROW": "26 m", "OP2018_ROW": "24 m", "Shape__Length": 91.88471088872426}}, {"type": "Feature", "id": 4191, "geometry": {"type": "LineString", "coordinates": [[-89.2746292808871, 48.3975662025186], [-89.2746035899678, 48.3976539813483], [-89.2745815705015, 48.3977422015466], [-89.2745632395015, 48.3978307950267], [-89.2745486111348, 48.3979196934134], [-89.2745376967108, 48.3980088280957], [-89.2745305046728, 48.39809813028], [-89.2745270405911, 48.3981875310431], [-89.274527307159, 48.3982769613851], [-89.2745656682513, 48.3991994927641]]}, "properties": {"OBJECTID": 4191, "ROAD_CLASS": null, "OP2002_ROW": "30 m", "OP2018_ROW": "30 m", "Shape__Length": 182.17214077989954}}, {"type": "Feature", "id": 4192, "geometry": {"type": "LineString", "coordinates": [[-89.2494355144221, 48.4476652737283], [-89.2515844368462, 48.4466710294201]]}, "properties": {"OBJECTID": 4192, "ROAD_CLASS": null, "OP2002_ROW": "26 m", "OP2018_ROW": "24 m", "Shape__Length": 193.62677651412204}}, {"type": "Feature", "id": 4193, "geometry": {"type": "LineString", "coordinates": [[-89.2204511878656, 48.4323776493304], [-89.2216519379433, 48.4314412192962]]}, "properties": {"OBJECTID": 4193, "ROAD_CLASS": null, "OP2002_ROW": "36 m", "OP2018_ROW": "36 m", "Shape__Length": 136.8788641818541}}, {"type": "Feature", "id": 4194, "geometry": {"type": "LineString", "coordinates": [[-89.2702798547454, 48.3808543016551], [-89.2728171421703, 48.3808436516384]]}, "properties": {"OBJECTID": 4194, "ROAD_CLASS": null, "OP2002_ROW": "30 m", "OP2018_ROW": "30 m", "Shape__Length": 187.94200832624992}}, {"type": "Feature", "id": 4195, "geometry": {"type": "LineString", "coordinates": [[-89.3404628307721, 48.3808430486311], [-89.3419651287166, 48.3808531475826]]}, "properties": {"OBJECTID": 4195, "ROAD_CLASS": null, "OP2002_ROW": "36 m", "OP2018_ROW": "36 m", "Shape__Length": 111.28411308322625}}, {"type": "Feature", "id": 4196, "geometry": {"type": "LineString", "coordinates": [[-89.2335950913468, 48.4203644688443], [-89.2342484586301, 48.4193478222274]]}, "properties": {"OBJECTID": 4196, "ROAD_CLASS": null, "OP2002_ROW": "36 m", "OP2018_ROW": "36 m", "Shape__Length": 122.95130354111834}}, {"type": "Feature", "id": 4197, "geometry": {"type": "LineString", "coordinates": [[-89.2198798085548, 48.4327920583373], [-89.2204511878656, 48.4323776493304]]}, "properties": {"OBJECTID": 4197, "ROAD_CLASS": null, "OP2002_ROW": "36 m", "OP2018_ROW": "36 m", "Shape__Length": 62.53584703636541}}, {"type": "Feature", "id": 4198, "geometry": {"type": "LineString", "coordinates": [[-89.2751725889235, 48.3966918199644], [-89.2751199463246, 48.3967369037071], [-89.2750420784128, 48.3968261633275], [-89.274969591402, 48.3969174106915], [-89.274902599545, 48.397010502014], [-89.2748412084372, 48.3971052906031], [-89.27478551485, 48.3972016270918], [-89.2747356065782, 48.3972993596729], [-89.2746915623015, 48.3973983343383], [-89.2746534514604, 48.3974983951219], [-89.2746292808871, 48.3975662025186]]}, "properties": {"OBJECTID": 4198, "ROAD_CLASS": null, "OP2002_ROW": "30 m", "OP2018_ROW": "30 m", "Shape__Length": 105.93168858925895}}, {"type": "Feature", "id": 4199, "geometry": {"type": "LineString", "coordinates": [[-89.2642789180705, 48.4395957228465], [-89.2632226321305, 48.4402632147973]]}, "properties": {"OBJECTID": 4199, "ROAD_CLASS": null, "OP2002_ROW": "30 m", "OP2018_ROW": "30 m", "Shape__Length": 107.77700785732753}}, {"type": "Feature", "id": 4200, "geometry": {"type": "LineString", "coordinates": [[-89.2744283126023, 48.4297305113665], [-89.2744214158842, 48.4298384801254], [-89.2744201015426, 48.4298573087846], [-89.2744190458808, 48.4298698494769], [-89.2744176731359, 48.4298823739459], [-89.2744168059404, 48.4298885983684], [-89.2744147816018, 48.4299010331527], [-89.2744113600697, 48.4299196614522], [-89.2743524017778, 48.430223753793], [-89.2743486572758, 48.4302423560855], [-89.2743445256728, 48.4302609183465], [-89.2743396596057, 48.4302795032283], [-89.2743344049654, 48.4302980454084], [-89.2742606562955, 48.4305512586073], [-89.2742230356737, 48.4306809750298], [-89.2742156318112, 48.4307056455083], [-89.2742116254678, 48.4307179305331], [-89.2742094636443, 48.430724047391], [-89.2742071663664, 48.4307301282385], [-89.2742022531959, 48.4307422395499], [-89.2741891612485, 48.4307723849179], [-89.2741411183914, 48.4308807641259], [-89.2739307854235, 48.4313565089664], [-89.2738510433471, 48.4315372011328], [-89.273840157761, 48.4315612350235], [-89.2738343836002, 48.4315731734944], [-89.2738313250658, 48.4315791029321], [-89.2738247908873, 48.4315908251958], [-89.2738178863822, 48.4316024594085], [-89.2738072093018, 48.4316198374326], [-89.2737278919695, 48.4317470336604], [-89.2734831820855, 48.4321402946715], [-89.2734686715748, 48.4321633924726], [-89.2734612594581, 48.4321748954374], [-89.273449650057, 48.432192079517], [-89.2734335596495, 48.4322148585451], [-89.2731324315889, 48.432635257845], [-89.2731201425046, 48.4326522735757], [-89.2731118096245, 48.432663567081], [-89.2731032268358, 48.4326747746514], [-89.2730942718273, 48.4326858519179], [-89.2730850695715, 48.4326968422971], [-89.2730710540453, 48.4327132551296], [-89.2729347061222, 48.432871607398], [-89.2728126288126, 48.4330136424291], [-89.2727936756443, 48.4330354225436], [-89.2727839724067, 48.4330462176577], [-89.2727790057239, 48.4330515666531], [-89.2727689894898, 48.4330619225821], [-89.2727483384432, 48.43308237674], [-89.2725740562356, 48.4332775629007]]}, "properties": {"OBJECTID": 4200, "ROAD_CLASS": null, "OP2002_ROW": "30 m", "OP2018_ROW": "30 m", "Shape__Length": 421.8094344721436}}, {"type": "Feature", "id": 4201, "geometry": {"type": "LineString", "coordinates": [[-89.2744683986954, 48.4280522807181], [-89.2744840638233, 48.4266001503111], [-89.2744923722408, 48.4249356753364]]}, "properties": {"OBJECTID": 4201, "ROAD_CLASS": null, "OP2002_ROW": "36 m", "OP2018_ROW": "36 m", "Shape__Length": 346.54925319054996}}, {"type": "Feature", "id": 4202, "geometry": {"type": "LineString", "coordinates": [[-89.2744923722408, 48.4249356753364], [-89.2745071251987, 48.4203992309888]]}, "properties": {"OBJECTID": 4202, "ROAD_CLASS": null, "OP2002_ROW": "36 m", "OP2018_ROW": "36 m", "Shape__Length": 504.4208103474723}}, {"type": "Feature", "id": 4203, "geometry": {"type": "LineString", "coordinates": [[-89.2745162238155, 48.4065256597084], [-89.2745270237653, 48.4078441133715]]}, "properties": {"OBJECTID": 4203, "ROAD_CLASS": null, "OP2002_ROW": "36 m", "OP2018_ROW": "36 m", "Shape__Length": 146.604277322429}}, {"type": "Feature", "id": 4204, "geometry": {"type": "LineString", "coordinates": [[-89.2354077587113, 48.3931820272353], [-89.2354088901501, 48.3931974765936], [-89.2354112911222, 48.3932128614437], [-89.2354149544131, 48.3932281355492], [-89.2354198690145, 48.3932432530067], [-89.2354260201575, 48.3932581683836], [-89.2354333893573, 48.3932728368543], [-89.2354419544679, 48.3932872143353], [-89.2354516897494, 48.3933012576179], [-89.2355870996402, 48.3934941706417]]}, "properties": {"OBJECTID": 4204, "ROAD_CLASS": null, "OP2002_ROW": "26 m", "OP2018_ROW": "24 m", "Shape__Length": 37.43887330221986}}, {"type": "Feature", "id": 4205, "geometry": {"type": "LineString", "coordinates": [[-89.284140060238, 48.380851973841], [-89.2843131704391, 48.3808514367786]]}, "properties": {"OBJECTID": 4205, "ROAD_CLASS": null, "OP2002_ROW": "30 m", "OP2018_ROW": "30 m", "Shape__Length": 12.822556238956135}}, {"type": "Feature", "id": 4206, "geometry": {"type": "LineString", "coordinates": [[-89.2310476662799, 48.4374851250767], [-89.2311962430286, 48.4375289931012]]}, "properties": {"OBJECTID": 4206, "ROAD_CLASS": null, "OP2002_ROW": "26 m", "OP2018_ROW": "24 m", "Shape__Length": 12.026393141865078}}, {"type": "Feature", "id": 4207, "geometry": {"type": "LineString", "coordinates": [[-89.1821544135851, 48.4706764038194], [-89.1821401344419, 48.4715772326599]]}, "properties": {"OBJECTID": 4207, "ROAD_CLASS": null, "OP2002_ROW": "26 m", "OP2018_ROW": "24 m", "Shape__Length": 100.16919517463317}}, {"type": "Feature", "id": 4208, "geometry": {"type": "LineString", "coordinates": [[-89.1982627264577, 48.4486657659864], [-89.1971656544614, 48.4492536255155]]}, "properties": {"OBJECTID": 4208, "ROAD_CLASS": null, "OP2002_ROW": "36 m", "OP2018_ROW": "36 m", "Shape__Length": 104.2012471430289}}, {"type": "Feature", "id": 4209, "geometry": {"type": "LineString", "coordinates": [[-89.2473562486058, 48.4442033120645], [-89.2484557927587, 48.4462920635436], [-89.2485205225414, 48.4464199810111], [-89.2485899659855, 48.4465467996279], [-89.2486640810368, 48.4466724425309], [-89.2487428228089, 48.4467968335691], [-89.2488261436101, 48.4469198973496], [-89.2489139929721, 48.4470415592835], [-89.2490063176811, 48.4471617456311], [-89.249103061809, 48.4472803835463], [-89.2494355144221, 48.4476652737283]]}, "properties": {"OBJECTID": 4209, "ROAD_CLASS": null, "OP2002_ROW": "26 m", "OP2018_ROW": "24 m", "Shape__Length": 415.50986242053835}}, {"type": "Feature", "id": 4210, "geometry": {"type": "LineString", "coordinates": [[-89.207544031966, 48.4437225937622], [-89.2062921175684, 48.4443856301151]]}, "properties": {"OBJECTID": 4210, "ROAD_CLASS": null, "OP2002_ROW": "36 m", "OP2018_ROW": "36 m", "Shape__Length": 118.37390000714437}}, {"type": "Feature", "id": 4211, "geometry": {"type": "LineString", "coordinates": [[-89.1971656544614, 48.4492536255155], [-89.1960816746669, 48.4498322254014]]}, "properties": {"OBJECTID": 4211, "ROAD_CLASS": null, "OP2002_ROW": "36 m", "OP2018_ROW": "36 m", "Shape__Length": 102.80063664820501}}, {"type": "Feature", "id": 4212, "geometry": {"type": "LineString", "coordinates": [[-89.2098200484528, 48.4425170968915], [-89.2087203400306, 48.4430995685606]]}, "properties": {"OBJECTID": 4212, "ROAD_CLASS": null, "OP2002_ROW": "36 m", "OP2018_ROW": "36 m", "Shape__Length": 103.98700001092296}}, {"type": "Feature", "id": 4213, "geometry": {"type": "LineString", "coordinates": [[-89.1820961374245, 48.4763189065433], [-89.1820910392135, 48.4772384375399]]}, "properties": {"OBJECTID": 4213, "ROAD_CLASS": null, "OP2002_ROW": "26 m", "OP2018_ROW": "24 m", "Shape__Length": 102.243920513939}}, {"type": "Feature", "id": 4214, "geometry": {"type": "LineString", "coordinates": [[-89.1821654978048, 48.4697751846961], [-89.1821544135851, 48.4706764038194]]}, "properties": {"OBJECTID": 4214, "ROAD_CLASS": null, "OP2002_ROW": "26 m", "OP2018_ROW": "24 m", "Shape__Length": 100.21036409742891}}, {"type": "Feature", "id": 4215, "geometry": {"type": "LineString", "coordinates": [[-89.2015553769621, 48.4469380825932], [-89.2004444655625, 48.4475172423767]]}, "properties": {"OBJECTID": 4215, "ROAD_CLASS": null, "OP2002_ROW": "36 m", "OP2018_ROW": "36 m", "Shape__Length": 104.40331074997653}}, {"type": "Feature", "id": 4216, "geometry": {"type": "LineString", "coordinates": [[-89.3018223461533, 48.4719994486039], [-89.3019595486012, 48.4720533762148], [-89.3020981244192, 48.4721057282783], [-89.3022380326922, 48.4721564893359], [-89.3023792321111, 48.4722056443989], [-89.3025216809855, 48.4722531789529], [-89.3026653372554, 48.4722990789617], [-89.3028101585041, 48.4723433308719], [-89.3029561019706, 48.4723859216168]]}, "properties": {"OBJECTID": 4216, "ROAD_CLASS": null, "OP2002_ROW": "36 m", "OP2018_ROW": "36 m", "Shape__Length": 94.2756542367979}}, {"type": "Feature", "id": 4217, "geometry": {"type": "LineString", "coordinates": [[-89.2727225109903, 48.4608884215835], [-89.2794797657652, 48.4629131481515]]}, "properties": {"OBJECTID": 4217, "ROAD_CLASS": null, "OP2002_ROW": "36 m", "OP2018_ROW": "36 m", "Shape__Length": 548.0922523760894}}, {"type": "Feature", "id": 4218, "geometry": {"type": "LineString", "coordinates": [[-89.182255351332, 48.4616847952436], [-89.1822522764539, 48.4625667605971]]}, "properties": {"OBJECTID": 4218, "ROAD_CLASS": null, "OP2002_ROW": "26 m", "OP2018_ROW": "24 m", "Shape__Length": 98.06631394617348}}, {"type": "Feature", "id": 4219, "geometry": {"type": "LineString", "coordinates": [[-89.2062921175684, 48.4443856301151], [-89.2047718276056, 48.4451907662419]]}, "properties": {"OBJECTID": 4219, "ROAD_CLASS": null, "OP2002_ROW": "36 m", "OP2018_ROW": "36 m", "Shape__Length": 143.74610000455584}}, {"type": "Feature", "id": 4220, "geometry": {"type": "LineString", "coordinates": [[-89.2597257388755, 48.4537444503439], [-89.2624588090556, 48.4548275353157]]}, "properties": {"OBJECTID": 4220, "ROAD_CLASS": null, "OP2002_ROW": "30 m", "OP2018_ROW": "30 m", "Shape__Length": 235.3028581756271}}, {"type": "Feature", "id": 4221, "geometry": {"type": "LineString", "coordinates": [[-89.1820910392135, 48.4772384375399], [-89.1820728018283, 48.4786156615124]]}, "properties": {"OBJECTID": 4221, "ROAD_CLASS": null, "OP2002_ROW": "26 m", "OP2018_ROW": "24 m", "Shape__Length": 153.14035668656638}}, {"type": "Feature", "id": 4222, "geometry": {"type": "LineString", "coordinates": [[-89.1821124436857, 48.4741979882398], [-89.1820961374245, 48.4763189065433]]}, "properties": {"OBJECTID": 4222, "ROAD_CLASS": null, "OP2002_ROW": "26 m", "OP2018_ROW": "24 m", "Shape__Length": 235.829254799317}}, {"type": "Feature", "id": 4223, "geometry": {"type": "LineString", "coordinates": [[-89.2037220540388, 48.4457568109118], [-89.2026347493242, 48.4463496224493]]}, "properties": {"OBJECTID": 4223, "ROAD_CLASS": null, "OP2002_ROW": "36 m", "OP2018_ROW": "36 m", "Shape__Length": 103.99142412939244}}, {"type": "Feature", "id": 4224, "geometry": {"type": "LineString", "coordinates": [[-89.2569914720357, 48.4526780546713], [-89.258046857379, 48.4530722617992]]}, "properties": {"OBJECTID": 4224, "ROAD_CLASS": null, "OP2002_ROW": "30 m", "OP2018_ROW": "30 m", "Shape__Length": 89.52674328620301}}, {"type": "Feature", "id": 4225, "geometry": {"type": "LineString", "coordinates": [[-89.1821655899918, 48.4688708305827], [-89.1821627093893, 48.4690321012507], [-89.1821651972381, 48.4692153510915], [-89.1821636397802, 48.4695129416172], [-89.1821654978048, 48.4697751846961]]}, "properties": {"OBJECTID": 4225, "ROAD_CLASS": null, "OP2002_ROW": "26 m", "OP2018_ROW": "24 m", "Shape__Length": 100.55819861356323}}, {"type": "Feature", "id": 4226, "geometry": {"type": "LineString", "coordinates": [[-89.2537459663325, 48.4515269883562], [-89.2551342687955, 48.451989653523]]}, "properties": {"OBJECTID": 4226, "ROAD_CLASS": null, "OP2002_ROW": "30 m", "OP2018_ROW": "30 m", "Shape__Length": 114.85455638784663}}, {"type": "Feature", "id": 4227, "geometry": {"type": "LineString", "coordinates": [[-89.258046857379, 48.4530722617992], [-89.2597257388755, 48.4537444503439]]}, "properties": {"OBJECTID": 4227, "ROAD_CLASS": null, "OP2002_ROW": "30 m", "OP2018_ROW": "30 m", "Shape__Length": 144.93679976536285}}, {"type": "Feature", "id": 4228, "geometry": {"type": "LineString", "coordinates": [[-89.2579267719397, 48.443542097443], [-89.2580897676309, 48.4434731703924], [-89.2582508645581, 48.4434022951068], [-89.2584100101232, 48.4433294947309], [-89.2585671523662, 48.4432547930377], [-89.2587222399819, 48.4431782144212], [-89.2588752223367, 48.4430997838879], [-89.2590260494852, 48.4430195270492], [-89.2591746721865, 48.4429374701124], [-89.2615392324904, 48.4413967820417]]}, "properties": {"OBJECTID": 4228, "ROAD_CLASS": null, "OP2002_ROW": "26 m", "OP2018_ROW": "24 m", "Shape__Length": 359.15060731370545}}, {"type": "Feature", "id": 4229, "geometry": {"type": "LineString", "coordinates": [[-89.1820728018283, 48.4786156615124], [-89.1820561081435, 48.4799193234479], [-89.1820477853106, 48.4805691569304], [-89.1820388190654, 48.481794058739], [-89.1820142587495, 48.483705740805]]}, "properties": {"OBJECTID": 4229, "ROAD_CLASS": null, "OP2002_ROW": "26 m", "OP2018_ROW": "24 m", "Shape__Length": 565.9867275045565}}, {"type": "Feature", "id": 4230, "geometry": {"type": "LineString", "coordinates": [[-89.1822011734906, 48.467967293954], [-89.1821655899918, 48.4688708305827]]}, "properties": {"OBJECTID": 4230, "ROAD_CLASS": null, "OP2002_ROW": "26 m", "OP2018_ROW": "24 m", "Shape__Length": 100.49911587139866}}, {"type": "Feature", "id": 4231, "geometry": {"type": "LineString", "coordinates": [[-89.3029561019706, 48.4723859216168], [-89.3084688255629, 48.4737928595155]]}, "properties": {"OBJECTID": 4231, "ROAD_CLASS": null, "OP2002_ROW": "36 m", "OP2018_ROW": "36 m", "Shape__Length": 436.5881579723123}}, {"type": "Feature", "id": 4232, "geometry": {"type": "LineString", "coordinates": [[-89.2624588090556, 48.4548275353157], [-89.2630973103689, 48.4551914927608], [-89.2632337285633, 48.4552691187621], [-89.2632622221859, 48.4552856143387], [-89.2632761822071, 48.45529405896], [-89.2632830132472, 48.4552983836214], [-89.263289683801, 48.4553027798197], [-89.263302730942, 48.4553117750404], [-89.2633282528752, 48.4553301564254], [-89.2634547312081, 48.4554228359029], [-89.2641003294419, 48.4558951206363]]}, "properties": {"OBJECTID": 4232, "ROAD_CLASS": null, "OP2002_ROW": "30 m", "OP2018_ROW": "30 m", "Shape__Length": 170.12031999211095}}, {"type": "Feature", "id": 4233, "geometry": {"type": "LineString", "coordinates": [[-89.1822688851786, 48.4607648888229], [-89.182255351332, 48.4616847952436]]}, "properties": {"OBJECTID": 4233, "ROAD_CLASS": null, "OP2002_ROW": "26 m", "OP2018_ROW": "24 m", "Shape__Length": 102.289613315126}}, {"type": "Feature", "id": 4234, "geometry": {"type": "LineString", "coordinates": [[-89.1856069541713, 48.4553318147334], [-89.1839433520177, 48.4562140317932], [-89.1838493849278, 48.4562618996714], [-89.1837575301527, 48.4563115484699], [-89.1836678639595, 48.456362936969], [-89.183580460799, 48.4564160225042], [-89.1834953932437, 48.4564707610022], [-89.1834127319278, 48.456527107017], [-89.1833325454883, 48.456585013768], [-89.1832549005083, 48.4566444331785], [-89.1831798614614, 48.4567053159158], [-89.1831074906585, 48.4567676114321], [-89.1830378481956, 48.4568312680065], [-89.1829709919044, 48.4568962327876], [-89.1829069773037, 48.456962451838], [-89.182845857554, 48.4570298701785], [-89.1827876834125, 48.4570984318339], [-89.1827325031916, 48.4571680798798], [-89.1826803627185, 48.4572387564892], [-89.182631305297, 48.4573104029811], [-89.1825853716717, 48.4573829598689], [-89.1825425999942, 48.4574563669098], [-89.1825030257909, 48.457530563155], [-89.1824666819343, 48.4576054870001], [-89.1824335986147, 48.4576810762361], [-89.1824038033158, 48.4577572681017], [-89.1823773207918, 48.4578339993345], [-89.1823541730461, 48.4579112062242], [-89.182334379314, 48.4579888246653], [-89.1823179560458, 48.4580667902101], [-89.1823049168936, 48.4581450381226], [-89.1822952726998, 48.458223503432], [-89.1822890314879, 48.4583021209865], [-89.1822861984559, 48.4583808255078], [-89.1822527411226, 48.4587967020724]]}, "properties": {"OBJECTID": 4234, "ROAD_CLASS": null, "OP2002_ROW": "26 m", "OP2018_ROW": "24 m", "Shape__Length": 483.7921734667323}}, {"type": "Feature", "id": 4235, "geometry": {"type": "LineString", "coordinates": [[-89.2111643509704, 48.4418050412915], [-89.2098200484528, 48.4425170968915]]}, "properties": {"OBJECTID": 4235, "ROAD_CLASS": null, "OP2002_ROW": "36 m", "OP2018_ROW": "36 m", "Shape__Length": 127.11876001319804}}, {"type": "Feature", "id": 4236, "geometry": {"type": "LineString", "coordinates": [[-89.2794797657652, 48.4629131481515], [-89.2850546102458, 48.4647279840355], [-89.2851222266376, 48.4647504954345], [-89.2871058294969, 48.4654148386326], [-89.2871310616842, 48.4654234269453], [-89.287147760859, 48.4654293012718], [-89.2871560370785, 48.4654323217684], [-89.2871642380527, 48.4654354139396], [-89.2871805012949, 48.4654417629897], [-89.2872207919882, 48.4654580693832], [-89.2878799349139, 48.465727453924], [-89.2879120363405, 48.4657406497286], [-89.2879359627706, 48.4657506710161], [-89.2879833761607, 48.4657710489199], [-89.2886458266867, 48.4660577479162], [-89.2888194215838, 48.4661327497081], [-89.2888429012762, 48.4661431476868], [-89.2888583040688, 48.466150299087], [-89.2888658656374, 48.4661539994822], [-89.2888806557041, 48.4661617254034], [-89.288895140053, 48.4661697228266], [-89.2889166036292, 48.4661819486731], [-89.2890589224597, 48.4662641386707], [-89.2895859190434, 48.4665678855333], [-89.2896214440823, 48.4665884696955], [-89.2896496034591, 48.4666051993489], [-89.2896914378046, 48.4666306946047], [-89.2920226231216, 48.4680576449475], [-89.2920505081206, 48.4680746449036], [-89.2920716076355, 48.4680872535059], [-89.2920930382009, 48.4680994920165], [-89.2921293126254, 48.4681193649835], [-89.2928362771239, 48.4685024265568], [-89.2930038146418, 48.4685933393852], [-89.2930257565904, 48.4686051167638], [-89.2930405183379, 48.4686128445166], [-89.2930555192944, 48.4686203560622], [-89.2930709275695, 48.4686275688732], [-89.2930865749724, 48.468634563679], [-89.2931181633792, 48.4686482829104], [-89.2932686681188, 48.468713034196], [-89.2938149171257, 48.4689484752229], [-89.2938466265283, 48.4689620784763], [-89.2938705270035, 48.4689721539363], [-89.2938946328148, 48.4689820120604], [-89.2939269322982, 48.4689949881085], [-89.2944201240444, 48.469192186715], [-89.2944606223201, 48.4692082669093], [-89.2944851164977, 48.469217731179], [-89.2945429317474, 48.4692392359154], [-89.2948339910029, 48.4693465819449]]}, "properties": {"OBJECTID": 4236, "ROAD_CLASS": null, "OP2002_ROW": "36 m", "OP2018_ROW": "36 m", "Shape__Length": 1351.046264719135}}, {"type": "Feature", "id": 4237, "geometry": {"type": "LineString", "coordinates": [[-89.1822522764539, 48.4625667605971], [-89.1822437798737, 48.4634446269717]]}, "properties": {"OBJECTID": 4237, "ROAD_CLASS": null, "OP2002_ROW": "26 m", "OP2018_ROW": "24 m", "Shape__Length": 97.61231930693123}}, {"type": "Feature", "id": 4238, "geometry": {"type": "LineString", "coordinates": [[-89.2989544084335, 48.4708661324042], [-89.3018223461533, 48.4719994486039]]}, "properties": {"OBJECTID": 4238, "ROAD_CLASS": null, "OP2002_ROW": "36 m", "OP2018_ROW": "36 m", "Shape__Length": 246.67313952727906}}, {"type": "Feature", "id": 4239, "geometry": {"type": "LineString", "coordinates": [[-89.2124770109591, 48.4411323108267], [-89.2111643509704, 48.4418050412915]]}, "properties": {"OBJECTID": 4239, "ROAD_CLASS": null, "OP2002_ROW": "36 m", "OP2018_ROW": "36 m", "Shape__Length": 122.58073212478466}}, {"type": "Feature", "id": 4240, "geometry": {"type": "LineString", "coordinates": [[-89.1822384700957, 48.4643217183956], [-89.1822248097274, 48.4651739962758], [-89.1822252602194, 48.465242853493]]}, "properties": {"OBJECTID": 4240, "ROAD_CLASS": null, "OP2002_ROW": "26 m", "OP2018_ROW": "24 m", "Shape__Length": 102.4268479152501}}, {"type": "Feature", "id": 4241, "geometry": {"type": "LineString", "coordinates": [[-89.1993605604748, 48.4480958740091], [-89.1982627264577, 48.4486657659864]]}, "properties": {"OBJECTID": 4241, "ROAD_CLASS": null, "OP2002_ROW": "36 m", "OP2018_ROW": "36 m", "Shape__Length": 103.00497803141135}}, {"type": "Feature", "id": 4242, "geometry": {"type": "LineString", "coordinates": [[-89.2004444655625, 48.4475172423767], [-89.1993605604748, 48.4480958740091]]}, "properties": {"OBJECTID": 4242, "ROAD_CLASS": null, "OP2002_ROW": "36 m", "OP2018_ROW": "36 m", "Shape__Length": 102.80075728492538}}, {"type": "Feature", "id": 4243, "geometry": {"type": "LineString", "coordinates": [[-89.2668234130436, 48.4579176136556], [-89.2688571107289, 48.4594415276619], [-89.2690063947141, 48.4595354579041], [-89.269159804137, 48.4596264002495], [-89.2693172038804, 48.4597142745875], [-89.2694784553101, 48.4597990035098], [-89.2696434163968, 48.4598805123787], [-89.2698119418412, 48.4599587293927], [-89.269983883202, 48.4600335856497], [-89.2701590890269, 48.4601050152081], [-89.272160697359, 48.46071673356]]}, "properties": {"OBJECTID": 4243, "ROAD_CLASS": null, "OP2002_ROW": "30 m", "OP2018_ROW": "30 m", "Shape__Length": 511.0690862401233}}, {"type": "Feature", "id": 4244, "geometry": {"type": "LineString", "coordinates": [[-89.1935160101396, 48.451176951787], [-89.1856069541713, 48.4553318147334]]}, "properties": {"OBJECTID": 4244, "ROAD_CLASS": null, "OP2002_ROW": "36 m", "OP2018_ROW": "24 m", "Shape__Length": 745.4061450380904}}, {"type": "Feature", "id": 4245, "geometry": {"type": "LineString", "coordinates": [[-89.249988061211, 48.4483752566981], [-89.250959934641, 48.4495985447971]]}, "properties": {"OBJECTID": 4245, "ROAD_CLASS": null, "OP2002_ROW": "26 m", "OP2018_ROW": "24 m", "Shape__Length": 153.8498610956147}}, {"type": "Feature", "id": 4246, "geometry": {"type": "LineString", "coordinates": [[-89.1960816746669, 48.4498322254014], [-89.1949710369372, 48.4504203235632]]}, "properties": {"OBJECTID": 4246, "ROAD_CLASS": null, "OP2002_ROW": "36 m", "OP2018_ROW": "36 m", "Shape__Length": 104.99960050475427}}, {"type": "Feature", "id": 4247, "geometry": {"type": "LineString", "coordinates": [[-89.1822252602194, 48.465242853493], [-89.1822175810723, 48.4661481842662]]}, "properties": {"OBJECTID": 4247, "ROAD_CLASS": null, "OP2002_ROW": "26 m", "OP2018_ROW": "24 m", "Shape__Length": 100.66571868316846}}, {"type": "Feature", "id": 4248, "geometry": {"type": "LineString", "coordinates": [[-89.2494355144221, 48.4476652737283], [-89.249988061211, 48.4483752566981]]}, "properties": {"OBJECTID": 4248, "ROAD_CLASS": null, "OP2002_ROW": "26 m", "OP2018_ROW": "24 m", "Shape__Length": 88.89817012408238}}, {"type": "Feature", "id": 4249, "geometry": {"type": "LineString", "coordinates": [[-89.1949710369372, 48.4504203235632], [-89.1935160101396, 48.451176951787]]}, "properties": {"OBJECTID": 4249, "ROAD_CLASS": null, "OP2002_ROW": "36 m", "OP2018_ROW": "36 m", "Shape__Length": 136.60465285715765}}, {"type": "Feature", "id": 4250, "geometry": {"type": "LineString", "coordinates": [[-89.2047718276056, 48.4451907662419], [-89.2037220540388, 48.4457568109118]]}, "properties": {"OBJECTID": 4250, "ROAD_CLASS": null, "OP2002_ROW": "36 m", "OP2018_ROW": "36 m", "Shape__Length": 99.95974782705362}}, {"type": "Feature", "id": 4251, "geometry": {"type": "LineString", "coordinates": [[-89.2141023204725, 48.4400686224119], [-89.2140679298041, 48.4401171079032], [-89.2140307470147, 48.4401646722862], [-89.2139908277173, 48.4402112444108], [-89.2139482316185, 48.4402567546109], [-89.2139030224297, 48.4403011348087], [-89.2138552677719, 48.4403443186166], [-89.213805039074, 48.4403862414364], [-89.2137524114665, 48.4404268405563], [-89.2136974636691, 48.4404660552442], [-89.2136402778727, 48.4405038268388], [-89.2135809396167, 48.4405400988375], [-89.2135195376606, 48.4405748169808], [-89.2134561638522, 48.4406079293335], [-89.2133909129889, 48.4406393863624], [-89.2133238826771, 48.4406691410105], [-89.2132551731853, 48.4406971487671]]}, "properties": {"OBJECTID": 4251, "ROAD_CLASS": null, "OP2002_ROW": "36 m", "OP2018_ROW": "36 m", "Shape__Length": 95.38813905877211}}, {"type": "Feature", "id": 4252, "geometry": {"type": "LineString", "coordinates": [[-89.1821382586237, 48.4724825622479], [-89.1821124436857, 48.4741979882398]]}, "properties": {"OBJECTID": 4252, "ROAD_CLASS": null, "OP2002_ROW": "26 m", "OP2018_ROW": "24 m", "Shape__Length": 190.7487318251177}}, {"type": "Feature", "id": 4253, "geometry": {"type": "LineString", "coordinates": [[-89.1822437798737, 48.4634446269717], [-89.1822374602653, 48.4642481779195], [-89.1822384700957, 48.4643217183956]]}, "properties": {"OBJECTID": 4253, "ROAD_CLASS": null, "OP2002_ROW": "26 m", "OP2018_ROW": "24 m", "Shape__Length": 97.52570678020733}}, {"type": "Feature", "id": 4254, "geometry": {"type": "LineString", "coordinates": [[-89.2641003294419, 48.4558951206363], [-89.2658025224295, 48.4571611009772]]}, "properties": {"OBJECTID": 4254, "ROAD_CLASS": null, "OP2002_ROW": "30 m", "OP2018_ROW": "30 m", "Shape__Length": 188.8523874626049}}, {"type": "Feature", "id": 4255, "geometry": {"type": "LineString", "coordinates": [[-89.1821401344419, 48.4715772326599], [-89.1821382586237, 48.4724825622479]]}, "properties": {"OBJECTID": 4255, "ROAD_CLASS": null, "OP2002_ROW": "26 m", "OP2018_ROW": "24 m", "Shape__Length": 100.66418175983446}}, {"type": "Feature", "id": 4256, "geometry": {"type": "LineString", "coordinates": [[-89.2658025224295, 48.4571611009772], [-89.2668234130436, 48.4579176136556]]}, "properties": {"OBJECTID": 4256, "ROAD_CLASS": null, "OP2002_ROW": "30 m", "OP2018_ROW": "30 m", "Shape__Length": 113.03480372875529}}, {"type": "Feature", "id": 4257, "geometry": {"type": "LineString", "coordinates": [[-89.2026347493242, 48.4463496224493], [-89.2015553769621, 48.4469380825932]]}, "properties": {"OBJECTID": 4257, "ROAD_CLASS": null, "OP2002_ROW": "36 m", "OP2018_ROW": "36 m", "Shape__Length": 103.23014324719624}}, {"type": "Feature", "id": 4258, "geometry": {"type": "LineString", "coordinates": [[-89.2087203400306, 48.4430995685606], [-89.207544031966, 48.4437225937622]]}, "properties": {"OBJECTID": 4258, "ROAD_CLASS": null, "OP2002_ROW": "36 m", "OP2018_ROW": "36 m", "Shape__Length": 111.22806000344956}}, {"type": "Feature", "id": 4259, "geometry": {"type": "LineString", "coordinates": [[-89.1822175810723, 48.4661481842662], [-89.1822122858404, 48.4670577361834]]}, "properties": {"OBJECTID": 4259, "ROAD_CLASS": null, "OP2002_ROW": "26 m", "OP2018_ROW": "24 m", "Shape__Length": 101.13424058360232}}, {"type": "Feature", "id": 4260, "geometry": {"type": "LineString", "coordinates": [[-89.3084688255629, 48.4737928595155], [-89.3139123521962, 48.4751713787097]]}, "properties": {"OBJECTID": 4260, "ROAD_CLASS": null, "OP2002_ROW": "36 m", "OP2018_ROW": "36 m", "Shape__Length": 430.67122458102517}}, {"type": "Feature", "id": 4261, "geometry": {"type": "LineString", "coordinates": [[-89.250959934641, 48.4495985447971], [-89.251500337067, 48.4503588227469], [-89.2515452542845, 48.4504148318052], [-89.2515932801711, 48.4504696875672], [-89.2516443479191, 48.4505233137135], [-89.2516983864882, 48.4505756356349], [-89.2517553207043, 48.4506265805368], [-89.2518150713636, 48.4506760775401], [-89.2518775553433, 48.45072405778], [-89.2519426857171, 48.4507704545017], [-89.2520103718757, 48.4508152031536], [-89.2520805196535, 48.4508582414766], [-89.2521530314591, 48.4508995095913], [-89.2522278064113, 48.4509389500809], [-89.2523047404796, 48.4509765080714], [-89.2523837266286, 48.4510121313079], [-89.2524646549671, 48.451045770227], [-89.2525474129011, 48.4510773780263], [-89.2537459663325, 48.4515269883562]]}, "properties": {"OBJECTID": 4261, "ROAD_CLASS": null, "OP2002_ROW": "30 m", "OP2018_ROW": "30 m", "Shape__Length": 308.23488926469054}}, {"type": "Feature", "id": 4262, "geometry": {"type": "LineString", "coordinates": [[-89.1822527411226, 48.4587967020724], [-89.1822688851786, 48.4607648888229]]}, "properties": {"OBJECTID": 4262, "ROAD_CLASS": null, "OP2002_ROW": "26 m", "OP2018_ROW": "24 m", "Shape__Length": 218.84657886600755}}, {"type": "Feature", "id": 4263, "geometry": {"type": "LineString", "coordinates": [[-89.2132551731853, 48.4406971487671], [-89.2124770109591, 48.4411323108267]]}, "properties": {"OBJECTID": 4263, "ROAD_CLASS": null, "OP2002_ROW": "36 m", "OP2018_ROW": "36 m", "Shape__Length": 75.20318540704594}}, {"type": "Feature", "id": 4264, "geometry": {"type": "LineString", "coordinates": [[-89.1822122858404, 48.4670577361834], [-89.1822011734906, 48.467967293954]]}, "properties": {"OBJECTID": 4264, "ROAD_CLASS": null, "OP2002_ROW": "26 m", "OP2018_ROW": "24 m", "Shape__Length": 101.1374859732119}}, {"type": "Feature", "id": 4265, "geometry": {"type": "LineString", "coordinates": [[-89.3139123521962, 48.4751713787097], [-89.3143120718728, 48.4752913499016], [-89.3147445663592, 48.4754522683441], [-89.3150140646671, 48.4755718288323], [-89.3154809785209, 48.4758004935881], [-89.3158123993541, 48.4760021255174], [-89.3160989727988, 48.47620168313], [-89.3164061433108, 48.476460340779], [-89.3166541041565, 48.476696382197], [-89.3168379741706, 48.4769009789273], [-89.3170066662596, 48.477112695642], [-89.3174289867177, 48.4776974730858]]}, "properties": {"OBJECTID": 4265, "ROAD_CLASS": null, "OP2002_ROW": "36 m", "OP2018_ROW": "36 m", "Shape__Length": 393.72390010066}}, {"type": "Feature", "id": 4266, "geometry": {"type": "LineString", "coordinates": [[-89.3174289867177, 48.4776974730858], [-89.3177334154134, 48.4781329996049], [-89.3178568381314, 48.4782813195042], [-89.3179873664314, 48.4784269257114], [-89.3181248655306, 48.4785696678084], [-89.3182691934415, 48.4787093983347], [-89.3184202011185, 48.4788459729401], [-89.3185777326114, 48.4789792505331], [-89.3187416252266, 48.4791090934275], [-89.3189117096952, 48.4792353674845], [-89.3190878103474, 48.4793579422512], [-89.3192697452944, 48.4794766910956], [-89.3194573266159, 48.4795914913375], [-89.3196503605542, 48.4797022243752], [-89.3198486477146, 48.4798087758085], [-89.3200519832714, 48.4799110355562], [-89.3202601571792, 48.4800088979709], [-89.3204729543905, 48.4801022619474], [-89.3230057262987, 48.4810553772563], [-89.3234083412345, 48.4812004107952], [-89.3238075013758, 48.4813496067481], [-89.3242031093724, 48.4815029287372], [-89.3245950687375, 48.4816603393783], [-89.3253668041936, 48.4819955038192]]}, "properties": {"OBJECTID": 4266, "ROAD_CLASS": null, "OP2002_ROW": "36 m", "OP2018_ROW": "36 m", "Shape__Length": 773.6973012345943}}, {"type": "Feature", "id": 4267, "geometry": {"type": "LineString", "coordinates": [[-89.2785789249056, 48.3880057041717], [-89.2785780276714, 48.3882455344525]]}, "properties": {"OBJECTID": 4267, "ROAD_CLASS": null, "OP2002_ROW": "30 m", "OP2018_ROW": "30 m", "Shape__Length": 26.66735139847827}}, {"type": "Feature", "id": 4268, "geometry": {"type": "LineString", "coordinates": [[-89.2525775503257, 48.3841333224493], [-89.253904668839, 48.3841083782568]]}, "properties": {"OBJECTID": 4268, "ROAD_CLASS": null, "OP2002_ROW": "26 m", "OP2018_ROW": "24 m", "Shape__Length": 98.33267056101997}}, {"type": "Feature", "id": 4269, "geometry": {"type": "LineString", "coordinates": [[-89.3031382826105, 48.3650709149841], [-89.3044980388056, 48.3650741826738]]}, "properties": {"OBJECTID": 4269, "ROAD_CLASS": null, "OP2002_ROW": "26 m", "OP2018_ROW": "24 m", "Shape__Length": 100.75068892260312}}, {"type": "Feature", "id": 4270, "geometry": {"type": "LineString", "coordinates": [[-89.2895263576894, 48.3967578172742], [-89.2895299072677, 48.3986401075601]]}, "properties": {"OBJECTID": 4270, "ROAD_CLASS": null, "OP2002_ROW": "30 m", "OP2018_ROW": "30 m", "Shape__Length": 209.29728474009596}}, {"type": "Feature", "id": 4271, "geometry": {"type": "LineString", "coordinates": [[-89.3061155655904, 48.3725011725801], [-89.3060815692316, 48.3723850098806], [-89.3060578779525, 48.3722933223115], [-89.3060298220422, 48.3720049470787]]}, "properties": {"OBJECTID": 4271, "ROAD_CLASS": null, "OP2002_ROW": "30 m", "OP2018_ROW": "30 m", "Shape__Length": 55.63728413435495}}, {"type": "Feature", "id": 4272, "geometry": {"type": "LineString", "coordinates": [[-89.3044980388056, 48.3650741826738], [-89.3060144437064, 48.3650686279168]]}, "properties": {"OBJECTID": 4272, "ROAD_CLASS": null, "OP2002_ROW": "26 m", "OP2018_ROW": "24 m", "Shape__Length": 112.35854306504385}}, {"type": "Feature", "id": 4273, "geometry": {"type": "LineString", "coordinates": [[-89.2785076417177, 48.3650755004771], [-89.272825233817, 48.3650913792126]]}, "properties": {"OBJECTID": 4273, "ROAD_CLASS": null, "OP2002_ROW": "26 m", "OP2018_ROW": "24 m", "Shape__Length": 421.03336352731014}}, {"type": "Feature", "id": 4274, "geometry": {"type": "LineString", "coordinates": [[-89.241868292772, 48.4015618210471], [-89.2429206190038, 48.4014293488937], [-89.2430404728923, 48.4014087628619], [-89.2431583986628, 48.401383721671], [-89.243274023136, 48.4013543045656], [-89.2433869804165, 48.4013206046381], [-89.2434969130518, 48.4012827285339], [-89.2436034731632, 48.4012407961136], [-89.2437063235469, 48.4011949400741], [-89.2438051387413, 48.4011453055281], [-89.2446201626518, 48.4006983881476], [-89.2446604447461, 48.4006777755753], [-89.2447024914725, 48.4006587898168], [-89.2447461548593, 48.400641497686], [-89.2447912812459, 48.4006259600371], [-89.2448377118236, 48.4006122315494], [-89.2448852831947, 48.4006003605357], [-89.244933827947, 48.4005903887721], [-89.2449831752432, 48.4005823513505], [-89.2454829958774, 48.400547271895]]}, "properties": {"OBJECTID": 4274, "ROAD_CLASS": null, "OP2002_ROW": "30 m", "OP2018_ROW": "30 m", "Shape__Length": 298.1004246902449}}, {"type": "Feature", "id": 4275, "geometry": {"type": "LineString", "coordinates": [[-89.2828246837514, 48.4003372337608], [-89.2795682509091, 48.4003338398753]]}, "properties": {"OBJECTID": 4275, "ROAD_CLASS": null, "OP2002_ROW": "30 m", "OP2018_ROW": "30 m", "Shape__Length": 241.11464206462387}}, {"type": "Feature", "id": 4276, "geometry": {"type": "LineString", "coordinates": [[-89.2895074583125, 48.374306178585], [-89.2895247201949, 48.3737064642505], [-89.2895258109236, 48.3736752340179], [-89.2895268999904, 48.3736565210546], [-89.2895284622481, 48.3736378499548], [-89.2895302232498, 48.3736191838952], [-89.2895818261838, 48.3730903522436], [-89.2896453548217, 48.3724858548164]]}, "properties": {"OBJECTID": 4276, "ROAD_CLASS": null, "OP2002_ROW": "30 m", "OP2018_ROW": "30 m", "Shape__Length": 202.71688450864002}}, {"type": "Feature", "id": 4277, "geometry": {"type": "LineString", "coordinates": [[-89.253904668839, 48.3841083782568], [-89.2552728196034, 48.3841022103456]]}, "properties": {"OBJECTID": 4277, "ROAD_CLASS": null, "OP2002_ROW": "26 m", "OP2018_ROW": "24 m", "Shape__Length": 101.33500963894822}}, {"type": "Feature", "id": 4278, "geometry": {"type": "LineString", "coordinates": [[-89.2510656220556, 48.3824834262564], [-89.2510727206534, 48.3816244522409]]}, "properties": {"OBJECTID": 4278, "ROAD_CLASS": null, "OP2002_ROW": "26 m", "OP2018_ROW": "24 m", "Shape__Length": 95.51180592461164}}, {"type": "Feature", "id": 4279, "geometry": {"type": "LineString", "coordinates": [[-89.3018003915331, 48.3650705891315], [-89.3031382826105, 48.3650709149841]]}, "properties": {"OBJECTID": 4279, "ROAD_CLASS": null, "OP2002_ROW": "26 m", "OP2018_ROW": "24 m", "Shape__Length": 99.12992415603436}}, {"type": "Feature", "id": 4280, "geometry": {"type": "LineString", "coordinates": [[-89.2607696171558, 48.3841228489517], [-89.2628350452042, 48.3841197037943]]}, "properties": {"OBJECTID": 4280, "ROAD_CLASS": null, "OP2002_ROW": "26 m", "OP2018_ROW": "24 m", "Shape__Length": 152.97752545993805}}, {"type": "Feature", "id": 4281, "geometry": {"type": "LineString", "coordinates": [[-89.2582267739304, 48.4000113173964], [-89.259802912756, 48.4000102280952]]}, "properties": {"OBJECTID": 4281, "ROAD_CLASS": null, "OP2002_ROW": "30 m", "OP2018_ROW": "30 m", "Shape__Length": 116.7012344237394}}, {"type": "Feature", "id": 4282, "geometry": {"type": "LineString", "coordinates": [[-89.2894289065037, 48.361020358817], [-89.2881844694124, 48.3594535139858]]}, "properties": {"OBJECTID": 4282, "ROAD_CLASS": null, "OP2002_ROW": "30 m", "OP2018_ROW": "30 m", "Shape__Length": 197.11994619832902}}, {"type": "Feature", "id": 4283, "geometry": {"type": "LineString", "coordinates": [[-89.3060357187734, 48.3625078541779], [-89.3073959586844, 48.3624978108174]]}, "properties": {"OBJECTID": 4283, "ROAD_CLASS": null, "OP2002_ROW": "30 m", "OP2018_ROW": "30 m", "Shape__Length": 100.7972250605606}}, {"type": "Feature", "id": 4284, "geometry": {"type": "LineString", "coordinates": [[-89.2687774017254, 48.3991540496987], [-89.2713190349052, 48.3991453437593]]}, "properties": {"OBJECTID": 4284, "ROAD_CLASS": null, "OP2002_ROW": "30 m", "OP2018_ROW": "30 m", "Shape__Length": 188.19503469081928}}, {"type": "Feature", "id": 4285, "geometry": {"type": "LineString", "coordinates": [[-89.2511389937469, 48.3841234130951], [-89.2511157511994, 48.3855716804116]]}, "properties": {"OBJECTID": 4285, "ROAD_CLASS": null, "OP2002_ROW": "26 m", "OP2018_ROW": "24 m", "Shape__Length": 161.04386907106502}}, {"type": "Feature", "id": 4286, "geometry": {"type": "LineString", "coordinates": [[-89.2785373686258, 48.3743065845476], [-89.2785531423354, 48.3734027986294]]}, "properties": {"OBJECTID": 4286, "ROAD_CLASS": null, "OP2002_ROW": "26 m", "OP2018_ROW": "24 m", "Shape__Length": 100.5005517620207}}, {"type": "Feature", "id": 4287, "geometry": {"type": "LineString", "coordinates": [[-89.2840752973001, 48.4003450900301], [-89.2828246837514, 48.4003372337608]]}, "properties": {"OBJECTID": 4287, "ROAD_CLASS": null, "OP2002_ROW": "30 m", "OP2018_ROW": "30 m", "Shape__Length": 92.60269651328268}}, {"type": "Feature", "id": 4288, "geometry": {"type": "LineString", "coordinates": [[-89.2908969572452, 48.365079106144], [-89.2922553826916, 48.3650732571828]]}, "properties": {"OBJECTID": 4288, "ROAD_CLASS": null, "OP2002_ROW": "26 m", "OP2018_ROW": "24 m", "Shape__Length": 100.65314530347523}}, {"type": "Feature", "id": 4289, "geometry": {"type": "LineString", "coordinates": [[-89.2510727206534, 48.3816244522409], [-89.2510771995788, 48.3808467750283]]}, "properties": {"OBJECTID": 4289, "ROAD_CLASS": null, "OP2002_ROW": "26 m", "OP2018_ROW": "24 m", "Shape__Length": 86.47149410736611}}, {"type": "Feature", "id": 4290, "geometry": {"type": "LineString", "coordinates": [[-89.2874083435303, 48.4446990516916], [-89.2915076534443, 48.444676604641], [-89.2915643233744, 48.4446764743351], [-89.2915832223788, 48.4446766214575], [-89.2916021313844, 48.4446769006385], [-89.293766986482, 48.4447223202835], [-89.2938047916227, 48.4447232218794], [-89.2938331135669, 48.4447242028148], [-89.2938613210645, 48.4447257051727], [-89.2938988898795, 48.4447281149074], [-89.2955608335687, 48.4448395153145]]}, "properties": {"OBJECTID": 4290, "ROAD_CLASS": null, "OP2002_ROW": "30 m", "OP2018_ROW": "30 m", "Shape__Length": 603.8438452938574}}, {"type": "Feature", "id": 4291, "geometry": {"type": "LineString", "coordinates": [[-89.2713190349052, 48.3991453437593], [-89.2727895548039, 48.3991682561801]]}, "properties": {"OBJECTID": 4291, "ROAD_CLASS": null, "OP2002_ROW": "30 m", "OP2018_ROW": "30 m", "Shape__Length": 108.91294642743242}}, {"type": "Feature", "id": 4292, "geometry": {"type": "LineString", "coordinates": [[-89.2558818848383, 48.3891961315695], [-89.2566884861033, 48.3891964200049]]}, "properties": {"OBJECTID": 4292, "ROAD_CLASS": null, "OP2002_ROW": "TBD", "OP2018_ROW": "20 m", "Shape__Length": 59.735355136843296}}, {"type": "Feature", "id": 4293, "geometry": {"type": "LineString", "coordinates": [[-89.259802912756, 48.4000102280952], [-89.2626196520198, 48.4000183107571], [-89.262805300019, 48.4000081216817], [-89.2629902121602, 48.3999931310234], [-89.2631741084667, 48.3999733614804], [-89.2633567105009, 48.3999488429869], [-89.263537741786, 48.3999196126671], [-89.2637169282249, 48.3998857147795], [-89.2638939985154, 48.3998472006497], [-89.2640686845612, 48.3998041285924], [-89.2652059849776, 48.399453230778], [-89.2653950024694, 48.3993985650057], [-89.2655873516382, 48.3993493218146], [-89.2657826818626, 48.3993055909637], [-89.2659806370904, 48.3992674521639], [-89.2661808564874, 48.3992349749329], [-89.2663829750945, 48.3992082184684], [-89.2665866244931, 48.3991872315403], [-89.2667914334758, 48.3991720524018], [-89.2687774017254, 48.3991540496987]]}, "properties": {"OBJECTID": 4293, "ROAD_CLASS": null, "OP2002_ROW": "30 m", "OP2018_ROW": "30 m", "Shape__Length": 680.8555220849566}}, {"type": "Feature", "id": 4294, "geometry": {"type": "LineString", "coordinates": [[-89.2628350452042, 48.3841197037943], [-89.2648047310996, 48.3841309477788]]}, "properties": {"OBJECTID": 4294, "ROAD_CLASS": null, "OP2002_ROW": "26 m", "OP2018_ROW": "24 m", "Shape__Length": 145.89136294391554}}, {"type": "Feature", "id": 4295, "geometry": {"type": "LineString", "coordinates": [[-89.3100650545461, 48.3624946336522], [-89.3114557048688, 48.3625001536763]]}, "properties": {"OBJECTID": 4295, "ROAD_CLASS": null, "OP2002_ROW": "30 m", "OP2018_ROW": "30 m", "Shape__Length": 103.04635753248759}}, {"type": "Feature", "id": 4296, "geometry": {"type": "LineString", "coordinates": [[-89.2895124222093, 48.380835370446], [-89.2894930641646, 48.3770335627867]]}, "properties": {"OBJECTID": 4296, "ROAD_CLASS": null, "OP2002_ROW": "30 m", "OP2018_ROW": "30 m", "Shape__Length": 422.73477671205507}}, {"type": "Feature", "id": 4297, "geometry": {"type": "LineString", "coordinates": [[-89.2858608218897, 48.3650844674575], [-89.2877707359983, 48.3650779808124]]}, "properties": {"OBJECTID": 4297, "ROAD_CLASS": null, "OP2002_ROW": "26 m", "OP2018_ROW": "24 m", "Shape__Length": 141.51460816617285}}, {"type": "Feature", "id": 4298, "geometry": {"type": "LineString", "coordinates": [[-89.267556505568, 48.3841347364436], [-89.2702435511654, 48.3841211718685]]}, "properties": {"OBJECTID": 4298, "ROAD_CLASS": null, "OP2002_ROW": "26 m", "OP2018_ROW": "24 m", "Shape__Length": 199.02371002752787}}, {"type": "Feature", "id": 4299, "geometry": {"type": "LineString", "coordinates": [[-89.2511389937469, 48.3841234130951], [-89.2510656220556, 48.3824834262564]]}, "properties": {"OBJECTID": 4299, "ROAD_CLASS": null, "OP2002_ROW": "26 m", "OP2018_ROW": "24 m", "Shape__Length": 182.43311557965333}}, {"type": "Feature", "id": 4300, "geometry": {"type": "LineString", "coordinates": [[-89.2896519475598, 48.3650776303833], [-89.2908969572452, 48.365079106144]]}, "properties": {"OBJECTID": 4300, "ROAD_CLASS": null, "OP2002_ROW": "26 m", "OP2018_ROW": "24 m", "Shape__Length": 92.24773260285191}}, {"type": "Feature", "id": 4301, "geometry": {"type": "LineString", "coordinates": [[-89.286831283342, 48.3580395943826], [-89.2868303323692, 48.3580387684352], [-89.2868279983967, 48.3580363324572], [-89.2868245847936, 48.3580325188472], [-89.2868204162289, 48.3580275532823], [-89.2868154284242, 48.3580211761145], [-89.2868101953999, 48.358014056135], [-89.2868049391493, 48.3580065380298], [-89.2867998644123, 48.3579989731264], [-89.2867951718815, 48.3579917128331], [-89.2867875169134, 48.3579792272518], [-89.2850036730845, 48.3549862021757]]}, "properties": {"OBJECTID": 4301, "ROAD_CLASS": null, "OP2002_ROW": "30 m", "OP2018_ROW": "30 m", "Shape__Length": 365.56102920799754}}, {"type": "Feature", "id": 4302, "geometry": {"type": "LineString", "coordinates": [[-89.2499794937493, 48.3855711949918], [-89.2511157511994, 48.3855716804116]]}, "properties": {"OBJECTID": 4302, "ROAD_CLASS": null, "OP2002_ROW": "TBD", "OP2018_ROW": "20 m", "Shape__Length": 84.15490383423746}}, {"type": "Feature", "id": 4303, "geometry": {"type": "LineString", "coordinates": [[-89.289513450937, 48.3901121401099], [-89.2895207676479, 48.3939465871007]]}, "properties": {"OBJECTID": 4303, "ROAD_CLASS": null, "OP2002_ROW": "30 m", "OP2018_ROW": "30 m", "Shape__Length": 426.36283611296886}}, {"type": "Feature", "id": 4304, "geometry": {"type": "LineString", "coordinates": [[-89.2895542844136, 48.3841046256463], [-89.289527791058, 48.382481968047]]}, "properties": {"OBJECTID": 4304, "ROAD_CLASS": null, "OP2002_ROW": "30 m", "OP2018_ROW": "30 m", "Shape__Length": 180.43808867036512}}, {"type": "Feature", "id": 4305, "geometry": {"type": "LineString", "coordinates": [[-89.2846468729857, 48.4446901464662], [-89.2874083435303, 48.4446990516916]]}, "properties": {"OBJECTID": 4305, "ROAD_CLASS": null, "OP2002_ROW": "30 m", "OP2018_ROW": "24 m", "Shape__Length": 204.29085736495787}}, {"type": "Feature", "id": 4306, "geometry": {"type": "LineString", "coordinates": [[-89.2774373309584, 48.3997002158464], [-89.2771578959678, 48.3995588677828], [-89.2770087888346, 48.3994966345599], [-89.2768548575471, 48.399439848119], [-89.2766965503635, 48.3993886738216], [-89.2765343282804, 48.3993432606863], [-89.2763686636905, 48.399303740955], [-89.2762000390076, 48.3992702297084], [-89.276028945262, 48.3992428245301], [-89.2758558806713, 48.3992216052235], [-89.2756520272043, 48.3992110203336]]}, "properties": {"OBJECTID": 4306, "ROAD_CLASS": null, "OP2002_ROW": "30 m", "OP2018_ROW": "30 m", "Shape__Length": 145.3737481491363}}, {"type": "Feature", "id": 4307, "geometry": {"type": "LineString", "coordinates": [[-89.2896519475598, 48.3650776303833], [-89.289526630872, 48.3647160187327], [-89.2895073152142, 48.3646606117707], [-89.2894912403171, 48.3646047471193], [-89.2894784303796, 48.3645485089137], [-89.2894689046836, 48.3644919818517], [-89.2894626775641, 48.3644352510657], [-89.2894597583886, 48.3643784019945], [-89.2894601515424, 48.364321520255], [-89.2894638564222, 48.3642646915128], [-89.2894604034291, 48.3639848837548]]}, "properties": {"OBJECTID": 4307, "ROAD_CLASS": null, "OP2002_ROW": "30 m", "OP2018_ROW": "30 m", "Shape__Length": 122.98223034639149}}, {"type": "Feature", "id": 4308, "geometry": {"type": "LineString", "coordinates": [[-89.2510952362036, 48.3891914449941], [-89.2525771894154, 48.3891899703777]]}, "properties": {"OBJECTID": 4308, "ROAD_CLASS": null, "OP2002_ROW": "TBD", "OP2018_ROW": "20 m", "Shape__Length": 109.75060588592305}}, {"type": "Feature", "id": 4309, "geometry": {"type": "LineString", "coordinates": [[-89.2543267220046, 48.3891871579485], [-89.2558818848383, 48.3891961315695]]}, "properties": {"OBJECTID": 4309, "ROAD_CLASS": null, "OP2002_ROW": "TBD", "OP2018_ROW": "20 m", "Shape__Length": 115.17667541237599}}, {"type": "Feature", "id": 4310, "geometry": {"type": "LineString", "coordinates": [[-89.2895207676479, 48.3939465871007], [-89.2895286818365, 48.3947385454163]]}, "properties": {"OBJECTID": 4310, "ROAD_CLASS": null, "OP2002_ROW": "30 m", "OP2018_ROW": "30 m", "Shape__Length": 88.06196192824876}}, {"type": "Feature", "id": 4311, "geometry": {"type": "LineString", "coordinates": [[-89.2657726015684, 48.3841291294647], [-89.267556505568, 48.3841347364436]]}, "properties": {"OBJECTID": 4311, "ROAD_CLASS": null, "OP2002_ROW": "26 m", "OP2018_ROW": "24 m", "Shape__Length": 132.12752309704942}}, {"type": "Feature", "id": 4312, "geometry": {"type": "LineString", "coordinates": [[-89.3073959586844, 48.3624978108174], [-89.3087209739921, 48.3624932731809]]}, "properties": {"OBJECTID": 4312, "ROAD_CLASS": null, "OP2002_ROW": "30 m", "OP2018_ROW": "30 m", "Shape__Length": 98.18231783877101}}, {"type": "Feature", "id": 4313, "geometry": {"type": "LineString", "coordinates": [[-89.2500052493771, 48.3892052026317], [-89.2510952362036, 48.3891914449941]]}, "properties": {"OBJECTID": 4313, "ROAD_CLASS": null, "OP2002_ROW": "TBD", "OP2018_ROW": "20 m", "Shape__Length": 80.73668862774656}}, {"type": "Feature", "id": 4314, "geometry": {"type": "LineString", "coordinates": [[-89.2963574430697, 48.3650818338354], [-89.2977139734063, 48.3650807682138]]}, "properties": {"OBJECTID": 4314, "ROAD_CLASS": null, "OP2002_ROW": "26 m", "OP2018_ROW": "24 m", "Shape__Length": 100.51085757724951}}, {"type": "Feature", "id": 4315, "geometry": {"type": "LineString", "coordinates": [[-89.2922553826916, 48.3650732571828], [-89.2936221393092, 48.3650732767584]]}, "properties": {"OBJECTID": 4315, "ROAD_CLASS": null, "OP2002_ROW": "26 m", "OP2018_ROW": "24 m", "Shape__Length": 101.26838161445568}}, {"type": "Feature", "id": 4316, "geometry": {"type": "LineString", "coordinates": [[-89.2539292397348, 48.3891934799998], [-89.2543267220046, 48.3891871579485]]}, "properties": {"OBJECTID": 4316, "ROAD_CLASS": null, "OP2002_ROW": "TBD", "OP2018_ROW": "20 m", "Shape__Length": 29.445152827377285}}, {"type": "Feature", "id": 4317, "geometry": {"type": "LineString", "coordinates": [[-89.245492443242, 48.3855723500496], [-89.2465923882418, 48.3855746680506]]}, "properties": {"OBJECTID": 4317, "ROAD_CLASS": null, "OP2002_ROW": "TBD", "OP2018_ROW": "20 m", "Shape__Length": 81.46576275329105}}, {"type": "Feature", "id": 4318, "geometry": {"type": "LineString", "coordinates": [[-89.2488960199457, 48.3855739983314], [-89.2499794937493, 48.3855711949918]]}, "properties": {"OBJECTID": 4318, "ROAD_CLASS": null, "OP2002_ROW": "TBD", "OP2018_ROW": "20 m", "Shape__Length": 80.24613623059949}}, {"type": "Feature", "id": 4319, "geometry": {"type": "LineString", "coordinates": [[-89.2752798989967, 48.4446883757948], [-89.2766997914362, 48.4446922367196]]}, "properties": {"OBJECTID": 4319, "ROAD_CLASS": null, "OP2002_ROW": "30 m", "OP2018_ROW": "24 m", "Shape__Length": 105.04156617947365}}, {"type": "Feature", "id": 4320, "geometry": {"type": "LineString", "coordinates": [[-89.2894658066626, 48.3993684037363], [-89.2894368147524, 48.3994421010226], [-89.2893890529979, 48.3995318328804], [-89.2893313913609, 48.3996189478214], [-89.2892641498505, 48.3997029623011], [-89.2891877016554, 48.3997834099824], [-89.2891024710738, 48.399859844324], [-89.2890089311584, 48.3999318410595], [-89.2889076010914, 48.3999990005525], [-89.2887990433032, 48.4000609500154], [-89.2886838603501, 48.4001173455788], [-89.2885626915702, 48.4001678742008], [-89.2884362095341, 48.4002122554048], [-89.2883051163114, 48.4002502428367], [-89.2881701395729, 48.4002816256326], [-89.2880320285512, 48.4003062295898], [-89.2878915498807, 48.4003239181337], [-89.2877494833416, 48.4003345930762], [-89.2863750299444, 48.4003394267378]]}, "properties": {"OBJECTID": 4320, "ROAD_CLASS": null, "OP2002_ROW": "30 m", "OP2018_ROW": "30 m", "Shape__Length": 279.6516698275907}}, {"type": "Feature", "id": 4321, "geometry": {"type": "LineString", "coordinates": [[-89.2465923882418, 48.3855746680506], [-89.2488960199457, 48.3855739983314]]}, "properties": {"OBJECTID": 4321, "ROAD_CLASS": null, "OP2002_ROW": "TBD", "OP2018_ROW": "20 m", "Shape__Length": 170.61424540520002}}, {"type": "Feature", "id": 4322, "geometry": {"type": "LineString", "coordinates": [[-89.2489064094581, 48.3892065123209], [-89.2500052493771, 48.3892052026317]]}, "properties": {"OBJECTID": 4322, "ROAD_CLASS": null, "OP2002_ROW": "TBD", "OP2018_ROW": "20 m", "Shape__Length": 81.37792853452999}}, {"type": "Feature", "id": 4323, "geometry": {"type": "LineString", "coordinates": [[-89.306019172633, 48.3672399748059], [-89.3060144437064, 48.3650686279168]]}, "properties": {"OBJECTID": 4323, "ROAD_CLASS": null, "OP2002_ROW": "30 m", "OP2018_ROW": "30 m", "Shape__Length": 241.43839447571574}}, {"type": "Feature", "id": 4324, "geometry": {"type": "LineString", "coordinates": [[-89.2727895548039, 48.3991682561801], [-89.2730491174367, 48.3991765591797], [-89.2737556368533, 48.3991916421388], [-89.2745656682513, 48.3991994927641]]}, "properties": {"OBJECTID": 4324, "ROAD_CLASS": null, "OP2002_ROW": "30 m", "OP2018_ROW": "30 m", "Shape__Length": 131.56588300937153}}, {"type": "Feature", "id": 4325, "geometry": {"type": "LineString", "coordinates": [[-89.2815071509855, 48.3650830631325], [-89.2858608218897, 48.3650844674575]]}, "properties": {"OBJECTID": 4325, "ROAD_CLASS": null, "OP2002_ROW": "26 m", "OP2018_ROW": "24 m", "Shape__Length": 322.57967731994415}}, {"type": "Feature", "id": 4326, "geometry": {"type": "LineString", "coordinates": [[-89.2977139734063, 48.3650807682138], [-89.299083546421, 48.3650718895151]]}, "properties": {"OBJECTID": 4326, "ROAD_CLASS": null, "OP2002_ROW": "26 m", "OP2018_ROW": "24 m", "Shape__Length": 101.48202712897938}}, {"type": "Feature", "id": 4327, "geometry": {"type": "LineString", "coordinates": [[-89.3060357187734, 48.3625078541779], [-89.3060402134118, 48.360199534983]]}, "properties": {"OBJECTID": 4327, "ROAD_CLASS": null, "OP2002_ROW": "30 m", "OP2018_ROW": "30 m", "Shape__Length": 256.66849434248815}}, {"type": "Feature", "id": 4328, "geometry": {"type": "LineString", "coordinates": [[-89.2477923531584, 48.3892006752881], [-89.2489064094581, 48.3892065123209]]}, "properties": {"OBJECTID": 4328, "ROAD_CLASS": null, "OP2002_ROW": "TBD", "OP2018_ROW": "20 m", "Shape__Length": 82.50722049716175}}, {"type": "Feature", "id": 4329, "geometry": {"type": "LineString", "coordinates": [[-89.2785233810783, 48.3705159223698], [-89.2785186541169, 48.3694318628717]]}, "properties": {"OBJECTID": 4329, "ROAD_CLASS": null, "OP2002_ROW": "26 m", "OP2018_ROW": "24 m", "Shape__Length": 120.5391695666091}}, {"type": "Feature", "id": 4330, "geometry": {"type": "LineString", "coordinates": [[-89.2552728196034, 48.3841022103456], [-89.2566618274014, 48.3841219801248]]}, "properties": {"OBJECTID": 4330, "ROAD_CLASS": null, "OP2002_ROW": "26 m", "OP2018_ROW": "24 m", "Shape__Length": 102.90098620524452}}, {"type": "Feature", "id": 4331, "geometry": {"type": "LineString", "coordinates": [[-89.251077631902, 48.3872468244618], [-89.251071141064, 48.3882059664164]]}, "properties": {"OBJECTID": 4331, "ROAD_CLASS": null, "OP2002_ROW": "26 m", "OP2018_ROW": "24 m", "Shape__Length": 106.64933400505592}}, {"type": "Feature", "id": 4332, "geometry": {"type": "LineString", "coordinates": [[-89.2511157511994, 48.3855716804116], [-89.251077631902, 48.3872468244618]]}, "properties": {"OBJECTID": 4332, "ROAD_CLASS": null, "OP2002_ROW": "26 m", "OP2018_ROW": "24 m", "Shape__Length": 186.28281800257534}}, {"type": "Feature", "id": 4333, "geometry": {"type": "LineString", "coordinates": [[-89.2304583126316, 48.406414776857], [-89.2323165039293, 48.4064067288088], [-89.2323730995765, 48.4064065254874], [-89.2324108915264, 48.4064065089948], [-89.2381678692873, 48.4064169113447], [-89.2381718726592, 48.4064169279059]]}, "properties": {"OBJECTID": 4333, "ROAD_CLASS": null, "OP2002_ROW": "30 m", "OP2018_ROW": "30 m", "Shape__Length": 571.0594201682263}}, {"type": "Feature", "id": 4334, "geometry": {"type": "LineString", "coordinates": [[-89.2785839673394, 48.3808202496574], [-89.2785754750543, 48.3800365724697]]}, "properties": {"OBJECTID": 4334, "ROAD_CLASS": null, "OP2002_ROW": "26 m", "OP2018_ROW": "24 m", "Shape__Length": 87.14099249953065}}, {"type": "Feature", "id": 4335, "geometry": {"type": "LineString", "coordinates": [[-89.2936221393092, 48.3650732767584], [-89.2949797890305, 48.3650740547739]]}, "properties": {"OBJECTID": 4335, "ROAD_CLASS": null, "OP2002_ROW": "26 m", "OP2018_ROW": "24 m", "Shape__Length": 100.59369455045882}}, {"type": "Feature", "id": 4336, "geometry": {"type": "LineString", "coordinates": [[-89.2786848768214, 48.4446976014406], [-89.2817202935878, 48.4446880834228]]}, "properties": {"OBJECTID": 4336, "ROAD_CLASS": null, "OP2002_ROW": "30 m", "OP2018_ROW": "24 m", "Shape__Length": 224.5565902445115}}, {"type": "Feature", "id": 4337, "geometry": {"type": "LineString", "coordinates": [[-89.2454989718402, 48.3882158992407], [-89.2455210272007, 48.3892074169309]]}, "properties": {"OBJECTID": 4337, "ROAD_CLASS": null, "OP2002_ROW": "26 m", "OP2018_ROW": "24 m", "Shape__Length": 110.26008196804784}}, {"type": "Feature", "id": 4338, "geometry": {"type": "LineString", "coordinates": [[-89.3060168522176, 48.3694039944922], [-89.306019172633, 48.3672399748059]]}, "properties": {"OBJECTID": 4338, "ROAD_CLASS": null, "OP2002_ROW": "30 m", "OP2018_ROW": "30 m", "Shape__Length": 240.62355331274497}}, {"type": "Feature", "id": 4339, "geometry": {"type": "LineString", "coordinates": [[-89.3060298220422, 48.3720049470787], [-89.3060255948385, 48.3716152432924], [-89.3060252438954, 48.3715712464853], [-89.3060259143239, 48.3707166530621], [-89.3060258353196, 48.3706663894668], [-89.3060168522176, 48.3694039944922]]}, "properties": {"OBJECTID": 4339, "ROAD_CLASS": null, "OP2002_ROW": "30 m", "OP2018_ROW": "30 m", "Shape__Length": 289.21020706801085}}, {"type": "Feature", "id": 4340, "geometry": {"type": "LineString", "coordinates": [[-89.2525771894154, 48.3891899703777], [-89.2539292397348, 48.3891934799998]]}, "properties": {"OBJECTID": 4340, "ROAD_CLASS": null, "OP2002_ROW": "TBD", "OP2018_ROW": "20 m", "Shape__Length": 100.13093715386111}}, {"type": "Feature", "id": 4341, "geometry": {"type": "LineString", "coordinates": [[-89.2949797890305, 48.3650740547739], [-89.2963574430697, 48.3650818338354]]}, "properties": {"OBJECTID": 4341, "ROAD_CLASS": null, "OP2002_ROW": "26 m", "OP2018_ROW": "24 m", "Shape__Length": 102.079556054441}}, {"type": "Feature", "id": 4342, "geometry": {"type": "LineString", "coordinates": [[-89.2785186541169, 48.3694318628717], [-89.2785106917002, 48.3683433919887]]}, "properties": {"OBJECTID": 4342, "ROAD_CLASS": null, "OP2002_ROW": "26 m", "OP2018_ROW": "24 m", "Shape__Length": 121.03058750554146}}, {"type": "Feature", "id": 4343, "geometry": {"type": "LineString", "coordinates": [[-89.2466588827501, 48.3892012871773], [-89.2477923531584, 48.3892006752881]]}, "properties": {"OBJECTID": 4343, "ROAD_CLASS": null, "OP2002_ROW": "TBD", "OP2018_ROW": "20 m", "Shape__Length": 83.94243913164225}}, {"type": "Feature", "id": 4344, "geometry": {"type": "LineString", "coordinates": [[-89.2454665681242, 48.3832967391383], [-89.2454585480097, 48.3824886598285]]}, "properties": {"OBJECTID": 4344, "ROAD_CLASS": null, "OP2002_ROW": "26 m", "OP2018_ROW": "24 m", "Shape__Length": 89.85313806992424}}, {"type": "Feature", "id": 4345, "geometry": {"type": "LineString", "coordinates": [[-89.2894930641646, 48.3770335627867], [-89.2895074583125, 48.374306178585]]}, "properties": {"OBJECTID": 4345, "ROAD_CLASS": null, "OP2002_ROW": "30 m", "OP2018_ROW": "30 m", "Shape__Length": 303.266272971696}}, {"type": "Feature", "id": 4346, "geometry": {"type": "LineString", "coordinates": [[-89.2581237269329, 48.3841289083622], [-89.2593859128474, 48.3841292475539]]}, "properties": {"OBJECTID": 4346, "ROAD_CLASS": null, "OP2002_ROW": "26 m", "OP2018_ROW": "24 m", "Shape__Length": 93.48443800770012}}, {"type": "Feature", "id": 4347, "geometry": {"type": "LineString", "coordinates": [[-89.2785576781937, 48.3752227510943], [-89.2785373686258, 48.3743065845476]]}, "properties": {"OBJECTID": 4347, "ROAD_CLASS": null, "OP2002_ROW": "26 m", "OP2018_ROW": "24 m", "Shape__Length": 101.88150952895359}}, {"type": "Feature", "id": 4348, "geometry": {"type": "LineString", "coordinates": [[-89.223431779409, 48.4063820989761], [-89.2304583126316, 48.406414776857]]}, "properties": {"OBJECTID": 4348, "ROAD_CLASS": null, "OP2002_ROW": "30 m", "OP2018_ROW": "30 m", "Shape__Length": 520.2041659024491}}, {"type": "Feature", "id": 4349, "geometry": {"type": "LineString", "coordinates": [[-89.2785633861458, 48.3841167880746], [-89.2841171635096, 48.3841234300298]]}, "properties": {"OBJECTID": 4349, "ROAD_CLASS": null, "OP2002_ROW": "26 m", "OP2018_ROW": "24 m", "Shape__Length": 411.3468716163153}}, {"type": "Feature", "id": 4350, "geometry": {"type": "LineString", "coordinates": [[-89.2785518301453, 48.3762239711701], [-89.2785576781937, 48.3752227510943]]}, "properties": {"OBJECTID": 4350, "ROAD_CLASS": null, "OP2002_ROW": "26 m", "OP2018_ROW": "24 m", "Shape__Length": 111.32853315983844}}, {"type": "Feature", "id": 4351, "geometry": {"type": "LineString", "coordinates": [[-89.2895034120719, 48.385791124984], [-89.2894982393902, 48.3864399052088]]}, "properties": {"OBJECTID": 4351, "ROAD_CLASS": null, "OP2002_ROW": "30 m", "OP2018_ROW": "30 m", "Shape__Length": 72.1405694708387}}, {"type": "Feature", "id": 4352, "geometry": {"type": "LineString", "coordinates": [[-89.2766997914362, 48.4446922367196], [-89.2786848768214, 48.4446976014406]]}, "properties": {"OBJECTID": 4352, "ROAD_CLASS": null, "OP2002_ROW": "30 m", "OP2018_ROW": "24 m", "Shape__Length": 146.85376196421953}}, {"type": "Feature", "id": 4353, "geometry": {"type": "LineString", "coordinates": [[-89.2454585480097, 48.3824886598285], [-89.2454827729273, 48.3808614513341]]}, "properties": {"OBJECTID": 4353, "ROAD_CLASS": null, "OP2002_ROW": "26 m", "OP2018_ROW": "24 m", "Shape__Length": 180.93985781282612}}, {"type": "Feature", "id": 4354, "geometry": {"type": "LineString", "coordinates": [[-89.2454770939213, 48.3919973099508], [-89.2454705742301, 48.3939594186935]]}, "properties": {"OBJECTID": 4354, "ROAD_CLASS": null, "OP2002_ROW": "26 m", "OP2018_ROW": "24 m", "Shape__Length": 218.16979092360117}}, {"type": "Feature", "id": 4355, "geometry": {"type": "LineString", "coordinates": [[-89.2511389937469, 48.3841234130951], [-89.2525775503257, 48.3841333224493]]}, "properties": {"OBJECTID": 4355, "ROAD_CLASS": null, "OP2002_ROW": "26 m", "OP2018_ROW": "24 m", "Shape__Length": 106.55288704072808}}, {"type": "Feature", "id": 4356, "geometry": {"type": "LineString", "coordinates": [[-89.2854403685626, 48.38413240564], [-89.2868171915178, 48.3841216282915]]}, "properties": {"OBJECTID": 4356, "ROAD_CLASS": null, "OP2002_ROW": "26 m", "OP2018_ROW": "24 m", "Shape__Length": 101.98297969337041}}, {"type": "Feature", "id": 4357, "geometry": {"type": "LineString", "coordinates": [[-89.2593859128474, 48.3841292475539], [-89.2607696171558, 48.3841228489517]]}, "properties": {"OBJECTID": 4357, "ROAD_CLASS": null, "OP2002_ROW": "26 m", "OP2018_ROW": "24 m", "Shape__Length": 102.48726786950837}}, {"type": "Feature", "id": 4358, "geometry": {"type": "LineString", "coordinates": [[-89.2785076417177, 48.3650755004771], [-89.2815071509855, 48.3650830631325]]}, "properties": {"OBJECTID": 4358, "ROAD_CLASS": null, "OP2002_ROW": "26 m", "OP2018_ROW": "24 m", "Shape__Length": 222.24613582783138}}, {"type": "Feature", "id": 4359, "geometry": {"type": "LineString", "coordinates": [[-89.299083546421, 48.3650718895151], [-89.3004224160851, 48.3650764994229]]}, "properties": {"OBJECTID": 4359, "ROAD_CLASS": null, "OP2002_ROW": "26 m", "OP2018_ROW": "24 m", "Shape__Length": 99.20365910256182}}, {"type": "Feature", "id": 4360, "geometry": {"type": "LineString", "coordinates": [[-89.2454705742301, 48.3939594186935], [-89.2454742732374, 48.3944374680925]]}, "properties": {"OBJECTID": 4360, "ROAD_CLASS": null, "OP2002_ROW": "26 m", "OP2018_ROW": "24 m", "Shape__Length": 53.15561008828036}}, {"type": "Feature", "id": 4361, "geometry": {"type": "LineString", "coordinates": [[-89.289527791058, 48.382481968047], [-89.2895234331803, 48.3816836132134]]}, "properties": {"OBJECTID": 4361, "ROAD_CLASS": null, "OP2002_ROW": "30 m", "OP2018_ROW": "30 m", "Shape__Length": 88.7716700276534}}, {"type": "Feature", "id": 4362, "geometry": {"type": "LineString", "coordinates": [[-89.2877707359983, 48.3650779808124], [-89.2896519475598, 48.3650776303833]]}, "properties": {"OBJECTID": 4362, "ROAD_CLASS": null, "OP2002_ROW": "26 m", "OP2018_ROW": "24 m", "Shape__Length": 139.3861859541229}}, {"type": "Feature", "id": 4363, "geometry": {"type": "LineString", "coordinates": [[-89.3004224160851, 48.3650764994229], [-89.3018003915331, 48.3650705891315]]}, "properties": {"OBJECTID": 4363, "ROAD_CLASS": null, "OP2002_ROW": "26 m", "OP2018_ROW": "24 m", "Shape__Length": 102.10200175570249}}, {"type": "Feature", "id": 4364, "geometry": {"type": "LineString", "coordinates": [[-89.2773397342455, 48.3841223286853], [-89.2785633861458, 48.3841167880746]]}, "properties": {"OBJECTID": 4364, "ROAD_CLASS": null, "OP2002_ROW": "26 m", "OP2018_ROW": "24 m", "Shape__Length": 90.63303181238093}}, {"type": "Feature", "id": 4365, "geometry": {"type": "LineString", "coordinates": [[-89.2785713643224, 48.3799380376802], [-89.2785705723212, 48.3789997211503]]}, "properties": {"OBJECTID": 4365, "ROAD_CLASS": null, "OP2002_ROW": "26 m", "OP2018_ROW": "24 m", "Shape__Length": 104.33339735836466}}, {"type": "Feature", "id": 4366, "geometry": {"type": "LineString", "coordinates": [[-89.2748950286773, 48.3841258929404], [-89.2773397342455, 48.3841223286853]]}, "properties": {"OBJECTID": 4366, "ROAD_CLASS": null, "OP2002_ROW": "26 m", "OP2018_ROW": "24 m", "Shape__Length": 181.06975099585975}}, {"type": "Feature", "id": 4367, "geometry": {"type": "LineString", "coordinates": [[-89.2422150935231, 48.3848746327792], [-89.2437670455932, 48.3854452380773]]}, "properties": {"OBJECTID": 4367, "ROAD_CLASS": null, "OP2002_ROW": "TBD", "OP2018_ROW": "20 m", "Shape__Length": 131.29113936968866}}, {"type": "Feature", "id": 4368, "geometry": {"type": "LineString", "coordinates": [[-89.3060144437064, 48.3650686279168], [-89.3060059452681, 48.3639868408725]]}, "properties": {"OBJECTID": 4368, "ROAD_CLASS": null, "OP2002_ROW": "30 m", "OP2018_ROW": "30 m", "Shape__Length": 120.28854691316167}}, {"type": "Feature", "id": 4369, "geometry": {"type": "LineString", "coordinates": [[-89.2841171635096, 48.3841234300298], [-89.2854403685626, 48.38413240564]]}, "properties": {"OBJECTID": 4369, "ROAD_CLASS": null, "OP2002_ROW": "26 m", "OP2018_ROW": "24 m", "Shape__Length": 98.00970759944475}}, {"type": "Feature", "id": 4370, "geometry": {"type": "LineString", "coordinates": [[-89.251071141064, 48.3882059664164], [-89.2510952362036, 48.3891914449941]]}, "properties": {"OBJECTID": 4370, "ROAD_CLASS": null, "OP2002_ROW": "26 m", "OP2018_ROW": "24 m", "Shape__Length": 109.59120067123175}}, {"type": "Feature", "id": 4371, "geometry": {"type": "LineString", "coordinates": [[-89.2566884861033, 48.3891964200049], [-89.2569265800535, 48.3892245528054], [-89.2571342866482, 48.3892740358451], [-89.2582446833807, 48.389678088759]]}, "properties": {"OBJECTID": 4371, "ROAD_CLASS": null, "OP2002_ROW": "TBD", "OP2018_ROW": "20 m", "Shape__Length": 127.95077191384321}}, {"type": "Feature", "id": 4372, "geometry": {"type": "LineString", "coordinates": [[-89.2895542844136, 48.3841046256463], [-89.2895034120719, 48.385791124984]]}, "properties": {"OBJECTID": 4372, "ROAD_CLASS": null, "OP2002_ROW": "30 m", "OP2018_ROW": "30 m", "Shape__Length": 187.5640413168275}}, {"type": "Feature", "id": 4373, "geometry": {"type": "LineString", "coordinates": [[-89.2785195012627, 48.3661668593128], [-89.2785076417177, 48.3650755004771]]}, "properties": {"OBJECTID": 4373, "ROAD_CLASS": null, "OP2002_ROW": "26 m", "OP2018_ROW": "24 m", "Shape__Length": 121.35338431455764}}, {"type": "Feature", "id": 4374, "geometry": {"type": "LineString", "coordinates": [[-89.2455210272007, 48.3892074169309], [-89.2466588827501, 48.3892012871773]]}, "properties": {"OBJECTID": 4374, "ROAD_CLASS": null, "OP2002_ROW": "TBD", "OP2018_ROW": "20 m", "Shape__Length": 84.2698876002182}}, {"type": "Feature", "id": 4375, "geometry": {"type": "LineString", "coordinates": [[-89.2437670455932, 48.3854452380773], [-89.244090132689, 48.3854657899162], [-89.244865772648, 48.3854669443486], [-89.2449179085536, 48.3854684822515], [-89.244969806423, 48.3854721363359], [-89.2450212728405, 48.3854778929835], [-89.2450721159984, 48.3854857307399], [-89.245492443242, 48.3855723500496]]}, "properties": {"OBJECTID": 4375, "ROAD_CLASS": null, "OP2002_ROW": "TBD", "OP2018_ROW": "20 m", "Shape__Length": 129.53385152577243}}, {"type": "Feature", "id": 4376, "geometry": {"type": "LineString", "coordinates": [[-89.2454742732374, 48.3944374680925], [-89.2454769383976, 48.3957695534296]]}, "properties": {"OBJECTID": 4376, "ROAD_CLASS": null, "OP2002_ROW": "26 m", "OP2018_ROW": "24 m", "Shape__Length": 148.11637057370896}}, {"type": "Feature", "id": 4377, "geometry": {"type": "LineString", "coordinates": [[-89.2455114558899, 48.3872443919595], [-89.2454989718402, 48.3882158992407]]}, "properties": {"OBJECTID": 4377, "ROAD_CLASS": null, "OP2002_ROW": "26 m", "OP2018_ROW": "24 m", "Shape__Length": 108.02694199299475}}, {"type": "Feature", "id": 4378, "geometry": {"type": "LineString", "coordinates": [[-89.2454684885735, 48.3841426833198], [-89.2454665681242, 48.3832967391383]]}, "properties": {"OBJECTID": 4378, "ROAD_CLASS": null, "OP2002_ROW": "26 m", "OP2018_ROW": "24 m", "Shape__Length": 94.06152896400566}}, {"type": "Feature", "id": 4379, "geometry": {"type": "LineString", "coordinates": [[-89.2454802649688, 48.3849441290867], [-89.245492443242, 48.3855723500496]]}, "properties": {"OBJECTID": 4379, "ROAD_CLASS": null, "OP2002_ROW": "26 m", "OP2018_ROW": "24 m", "Shape__Length": 69.85838899527388}}, {"type": "Feature", "id": 4380, "geometry": {"type": "LineString", "coordinates": [[-89.2454684885735, 48.3841426833198], [-89.2454802649688, 48.3849441290867]]}, "properties": {"OBJECTID": 4380, "ROAD_CLASS": null, "OP2002_ROW": "26 m", "OP2018_ROW": "24 m", "Shape__Length": 89.11787639505432}}, {"type": "Feature", "id": 4381, "geometry": {"type": "LineString", "coordinates": [[-89.2881844694124, 48.3594535139858], [-89.2880219495923, 48.3592348474583], [-89.2880134082922, 48.3592237139191], [-89.2880045709877, 48.3592126933392], [-89.287999963937, 48.3592072569782], [-89.2879951571924, 48.3592018533825], [-89.287985165477, 48.3591911922777], [-89.2879748751404, 48.3591806459834], [-89.287959199463, 48.3591649199444], [-89.2878488965009, 48.3590550550591], [-89.286831283342, 48.3580395943826]]}, "properties": {"OBJECTID": 4381, "ROAD_CLASS": null, "OP2002_ROW": "30 m", "OP2018_ROW": "30 m", "Shape__Length": 186.67658980038738}}, {"type": "Feature", "id": 4382, "geometry": {"type": "LineString", "coordinates": [[-89.2895299072677, 48.3986401075601], [-89.2895269376344, 48.3990201127092], [-89.2895272642578, 48.3990640834093], [-89.2895253027647, 48.3991080352426], [-89.2895210555046, 48.3991519154258], [-89.2895145275724, 48.3991956712619], [-89.2895057268019, 48.3992392502029], [-89.2894946637563, 48.399282599913], [-89.2894813517161, 48.3993256683317], [-89.2894658066626, 48.3993684037363]]}, "properties": {"OBJECTID": 4382, "ROAD_CLASS": null, "OP2002_ROW": "30 m", "OP2018_ROW": "30 m", "Shape__Length": 81.37065996485309}}, {"type": "Feature", "id": 4383, "geometry": {"type": "LineString", "coordinates": [[-89.2795682509091, 48.4003338398753], [-89.2794139712686, 48.400332333556], [-89.2793421610889, 48.400328388724], [-89.2792705400272, 48.4003231361809], [-89.2791991617815, 48.4003165798647], [-89.2791280798679, 48.4003087246909], [-89.2790573475801, 48.4002995765489], [-89.2789870179499, 48.4002891422974], [-89.2789171437067, 48.4002774297595], [-89.2788477772387, 48.4002644477166], [-89.2788044738682, 48.4002550226824]]}, "properties": {"OBJECTID": 4383, "ROAD_CLASS": null, "OP2002_ROW": "30 m", "OP2018_ROW": "30 m", "Shape__Length": 57.47952568548419}}, {"type": "Feature", "id": 4384, "geometry": {"type": "LineString", "coordinates": [[-89.2868171915178, 48.3841216282915], [-89.2895542844136, 48.3841046256463]]}, "properties": {"OBJECTID": 4384, "ROAD_CLASS": null, "OP2002_ROW": "26 m", "OP2018_ROW": "24 m", "Shape__Length": 202.73485878659213}}, {"type": "Feature", "id": 4385, "geometry": {"type": "LineString", "coordinates": [[-89.3060059452681, 48.3639868408725], [-89.3060085119499, 48.3637330267337], [-89.3060091386485, 48.36368950333], [-89.3060357187734, 48.3625078541779]]}, "properties": {"OBJECTID": 4385, "ROAD_CLASS": null, "OP2002_ROW": "30 m", "OP2018_ROW": "30 m", "Shape__Length": 164.4682189350813}}, {"type": "Feature", "id": 4386, "geometry": {"type": "LineString", "coordinates": [[-89.2896800929885, 48.3694203211752], [-89.2896409714316, 48.3672487074345]]}, "properties": {"OBJECTID": 4386, "ROAD_CLASS": null, "OP2002_ROW": "30 m", "OP2018_ROW": "30 m", "Shape__Length": 241.48406903898154}}, {"type": "Feature", "id": 4387, "geometry": {"type": "LineString", "coordinates": [[-89.2895183316767, 48.3955193334914], [-89.2895263576894, 48.3967578172742]]}, "properties": {"OBJECTID": 4387, "ROAD_CLASS": null, "OP2002_ROW": "30 m", "OP2018_ROW": "30 m", "Shape__Length": 137.71172221013438}}, {"type": "Feature", "id": 4388, "geometry": {"type": "LineString", "coordinates": [[-89.3087209739921, 48.3624932731809], [-89.3100650545461, 48.3624946336522]]}, "properties": {"OBJECTID": 4388, "ROAD_CLASS": null, "OP2002_ROW": "30 m", "OP2018_ROW": "30 m", "Shape__Length": 99.5938779168152}}, {"type": "Feature", "id": 4389, "geometry": {"type": "LineString", "coordinates": [[-89.2894981934025, 48.3874668375555], [-89.289513450937, 48.3901121401099]]}, "properties": {"OBJECTID": 4389, "ROAD_CLASS": null, "OP2002_ROW": "30 m", "OP2018_ROW": "30 m", "Shape__Length": 294.1403342983369}}, {"type": "Feature", "id": 4390, "geometry": {"type": "LineString", "coordinates": [[-89.2894982393902, 48.3864399052088], [-89.2895005453011, 48.3865596770608], [-89.2894981934025, 48.3874668375555]]}, "properties": {"OBJECTID": 4390, "ROAD_CLASS": null, "OP2002_ROW": "30 m", "OP2018_ROW": "30 m", "Shape__Length": 114.18852600153656}}, {"type": "Feature", "id": 4391, "geometry": {"type": "LineString", "coordinates": [[-89.2895286818365, 48.3947385454163], [-89.2895183316767, 48.3955193334914]]}, "properties": {"OBJECTID": 4391, "ROAD_CLASS": null, "OP2002_ROW": "30 m", "OP2018_ROW": "30 m", "Shape__Length": 86.82135611666156}}, {"type": "Feature", "id": 4392, "geometry": {"type": "LineString", "coordinates": [[-89.2728147101901, 48.384122192923], [-89.2748950286773, 48.3841258929404]]}, "properties": {"OBJECTID": 4392, "ROAD_CLASS": null, "OP2002_ROW": "26 m", "OP2018_ROW": "24 m", "Shape__Length": 154.08110293777497}}, {"type": "Feature", "id": 4393, "geometry": {"type": "LineString", "coordinates": [[-89.2785705222818, 48.3780757694727], [-89.2785624333935, 48.3772354676756]]}, "properties": {"OBJECTID": 4393, "ROAD_CLASS": null, "OP2002_ROW": "26 m", "OP2018_ROW": "24 m", "Shape__Length": 93.43681121963421}}, {"type": "Feature", "id": 4394, "geometry": {"type": "LineString", "coordinates": [[-89.2894604034291, 48.3639848837548], [-89.2894703691551, 48.3637668714207], [-89.2894711097211, 48.3637419535285], [-89.289471076715, 48.3637168270026], [-89.2894550204496, 48.3627807710581], [-89.2894358764582, 48.3618308682014]]}, "properties": {"OBJECTID": 4394, "ROAD_CLASS": null, "OP2002_ROW": "30 m", "OP2018_ROW": "30 m", "Shape__Length": 239.53777963925157}}, {"type": "Feature", "id": 4395, "geometry": {"type": "LineString", "coordinates": [[-89.2785152000593, 48.3672501319068], [-89.2785195012627, 48.3661668593128]]}, "properties": {"OBJECTID": 4395, "ROAD_CLASS": null, "OP2002_ROW": "26 m", "OP2018_ROW": "24 m", "Shape__Length": 120.45152160061666}}, {"type": "Feature", "id": 4396, "geometry": {"type": "LineString", "coordinates": [[-89.2894358764582, 48.3618308682014], [-89.2894289065037, 48.361020358817]]}, "properties": {"OBJECTID": 4396, "ROAD_CLASS": null, "OP2002_ROW": "30 m", "OP2018_ROW": "30 m", "Shape__Length": 90.12375622644578}}, {"type": "Feature", "id": 4397, "geometry": {"type": "LineString", "coordinates": [[-89.245503372526, 48.3901114608346], [-89.2454770939213, 48.3919973099508]]}, "properties": {"OBJECTID": 4397, "ROAD_CLASS": null, "OP2002_ROW": "26 m", "OP2018_ROW": "24 m", "Shape__Length": 209.6988223081603}}, {"type": "Feature", "id": 4398, "geometry": {"type": "LineString", "coordinates": [[-89.2455210272007, 48.3892074169309], [-89.245503372526, 48.3901114608346]]}, "properties": {"OBJECTID": 4398, "ROAD_CLASS": null, "OP2002_ROW": "26 m", "OP2018_ROW": "24 m", "Shape__Length": 100.53019065699492}}, {"type": "Feature", "id": 4399, "geometry": {"type": "LineString", "coordinates": [[-89.2896409714316, 48.3672487074345], [-89.2896519475598, 48.3650776303833]]}, "properties": {"OBJECTID": 4399, "ROAD_CLASS": null, "OP2002_ROW": "30 m", "OP2018_ROW": "30 m", "Shape__Length": 241.40828224546397}}, {"type": "Feature", "id": 4400, "geometry": {"type": "LineString", "coordinates": [[-89.2788044738682, 48.4002550226824], [-89.278706556072, 48.4002311737029], [-89.2786195025541, 48.4002104610431], [-89.2785337777741, 48.4001874217273], [-89.2784495219061, 48.400162093429], [-89.2783668727222, 48.4001345175645], [-89.278285965366, 48.400104739225], [-89.2782069321327, 48.4000728071034], [-89.2781299022522, 48.4000387734142], [-89.2780550016777, 48.4000026938082], [-89.2774373309584, 48.3997002158464]]}, "properties": {"OBJECTID": 4400, "ROAD_CLASS": null, "OP2002_ROW": "30 m", "OP2018_ROW": "30 m", "Shape__Length": 119.25159044650209}}, {"type": "Feature", "id": 4401, "geometry": {"type": "LineString", "coordinates": [[-89.2785106917002, 48.3683433919887], [-89.2785152000593, 48.3672501319068]]}, "properties": {"OBJECTID": 4401, "ROAD_CLASS": null, "OP2002_ROW": "26 m", "OP2018_ROW": "24 m", "Shape__Length": 121.56210746234729}}, {"type": "Feature", "id": 4402, "geometry": {"type": "LineString", "coordinates": [[-89.2895234331803, 48.3816836132134], [-89.2895124222093, 48.380835370446]]}, "properties": {"OBJECTID": 4402, "ROAD_CLASS": null, "OP2002_ROW": "30 m", "OP2018_ROW": "30 m", "Shape__Length": 94.32176157701514}}, {"type": "Feature", "id": 4403, "geometry": {"type": "LineString", "coordinates": [[-89.2817202935878, 48.4446880834228], [-89.2846468729857, 48.4446901464662]]}, "properties": {"OBJECTID": 4403, "ROAD_CLASS": null, "OP2002_ROW": "30 m", "OP2018_ROW": "24 m", "Shape__Length": 216.50285942455534}}, {"type": "Feature", "id": 4404, "geometry": {"type": "LineString", "coordinates": [[-89.2566618274014, 48.3841219801248], [-89.2581237269329, 48.3841289083622]]}, "properties": {"OBJECTID": 4404, "ROAD_CLASS": null, "OP2002_ROW": "26 m", "OP2018_ROW": "24 m", "Shape__Length": 108.27902251013481}}, {"type": "Feature", "id": 4405, "geometry": {"type": "LineString", "coordinates": [[-89.2681071681134, 48.4446726839038], [-89.2752798989967, 48.4446883757948]]}, "properties": {"OBJECTID": 4405, "ROAD_CLASS": null, "OP2002_ROW": "30 m", "OP2018_ROW": "24 m", "Shape__Length": 530.6259833128969}}, {"type": "Feature", "id": 4406, "geometry": {"type": "LineString", "coordinates": [[-89.2896453548217, 48.3724858548164], [-89.2896863473671, 48.3717211909307], [-89.2896877760197, 48.3716898495875], [-89.2896881759603, 48.3716710387709], [-89.2896882206244, 48.3716334096825], [-89.2896845445223, 48.3704103715047], [-89.2896800929885, 48.3694203211752]]}, "properties": {"OBJECTID": 4406, "ROAD_CLASS": null, "OP2002_ROW": "30 m", "OP2018_ROW": "30 m", "Shape__Length": 340.9206093384031}}, {"type": "Feature", "id": 4407, "geometry": {"type": "LineString", "coordinates": [[-89.2785531423354, 48.3734027986294], [-89.278541623835, 48.3725038253826]]}, "properties": {"OBJECTID": 4407, "ROAD_CLASS": null, "OP2002_ROW": "26 m", "OP2018_ROW": "24 m", "Shape__Length": 99.96225544522093}}, {"type": "Feature", "id": 4408, "geometry": {"type": "LineString", "coordinates": [[-89.2785624333935, 48.3772354676756], [-89.2785518301453, 48.3762239711701]]}, "properties": {"OBJECTID": 4408, "ROAD_CLASS": null, "OP2002_ROW": "26 m", "OP2018_ROW": "24 m", "Shape__Length": 112.47310826024074}}, {"type": "Feature", "id": 4409, "geometry": {"type": "LineString", "coordinates": [[-89.2650012140135, 48.4446937726437], [-89.2681071681134, 48.4446726839038]]}, "properties": {"OBJECTID": 4409, "ROAD_CLASS": null, "OP2002_ROW": "30 m", "OP2018_ROW": "24 m", "Shape__Length": 229.78335834059465}}, {"type": "Feature", "id": 4410, "geometry": {"type": "LineString", "coordinates": [[-89.27854444658, 48.3716074893026], [-89.2785233810783, 48.3705159223698]]}, "properties": {"OBJECTID": 4410, "ROAD_CLASS": null, "OP2002_ROW": "26 m", "OP2018_ROW": "24 m", "Shape__Length": 121.38348168384317}}, {"type": "Feature", "id": 4411, "geometry": {"type": "LineString", "coordinates": [[-89.2863750299444, 48.4003394267378], [-89.2840752973001, 48.4003450900301]]}, "properties": {"OBJECTID": 4411, "ROAD_CLASS": null, "OP2002_ROW": "30 m", "OP2018_ROW": "30 m", "Shape__Length": 170.27924922082283}}, {"type": "Feature", "id": 4412, "geometry": {"type": "LineString", "coordinates": [[-89.2648047310996, 48.3841309477788], [-89.2657726015684, 48.3841291294647]]}, "properties": {"OBJECTID": 4412, "ROAD_CLASS": null, "OP2002_ROW": "26 m", "OP2018_ROW": "24 m", "Shape__Length": 71.68623634543611}}, {"type": "Feature", "id": 4413, "geometry": {"type": "LineString", "coordinates": [[-89.2785705723212, 48.3789997211503], [-89.2785705222818, 48.3780757694727]]}, "properties": {"OBJECTID": 4413, "ROAD_CLASS": null, "OP2002_ROW": "26 m", "OP2018_ROW": "24 m", "Shape__Length": 102.73610750499682}}, {"type": "Feature", "id": 4414, "geometry": {"type": "LineString", "coordinates": [[-89.2702435511654, 48.3841211718685], [-89.2728147101901, 48.384122192923]]}, "properties": {"OBJECTID": 4414, "ROAD_CLASS": null, "OP2002_ROW": "26 m", "OP2018_ROW": "24 m", "Shape__Length": 190.43498156792342}}, {"type": "Feature", "id": 4415, "geometry": {"type": "LineString", "coordinates": [[-89.3060402134118, 48.360199534983], [-89.3066902596718, 48.3601995295028], [-89.3067976407994, 48.3601999050894], [-89.3069049845559, 48.3601979804071], [-89.3070121800145, 48.3601937574451], [-89.3071191164018, 48.3601872405675], [-89.3072256832119, 48.3601784365089], [-89.3073317703216, 48.3601673543675], [-89.307437268103, 48.3601540055956], [-89.3075420675379, 48.3601384039877], [-89.3117815385891, 48.3593931030249], [-89.3119079412495, 48.3593608588134], [-89.3120325288482, 48.3593256166498], [-89.3121551413463, 48.3592874218061], [-89.3122756212433, 48.3592463233468], [-89.3123938137792, 48.3592023740662], [-89.3125095671332, 48.3591556304207], [-89.3126227326195, 48.3591061524559], [-89.3127331648776, 48.3590540037297], [-89.3128407220593, 48.3589992512307], [-89.312945266011, 48.3589419652916], [-89.3130466624512, 48.3588822194996], [-89.3131447811427, 48.3588200906012], [-89.3132394960603, 48.3587556584037], [-89.3133306855525, 48.3586890056729], [-89.3134182324976, 48.3586202180268], [-89.3135020244543, 48.358549383825], [-89.3135819538059, 48.3584765940558], [-89.313657917899, 48.3584019422191], [-89.3137298191745, 48.3583255242061], [-89.3137975652936, 48.3582474381762], [-89.3138610692558, 48.3581677844311], [-89.3139202495111, 48.3580866652855], [-89.3139750300639, 48.3580041849362], [-89.3140253405716, 48.3579204493275], [-89.3140711164337, 48.3578355660158], [-89.3141122988755, 48.3577496440312], [-89.3141488350233, 48.3576627937373], [-89.3141806779718, 48.3575751266893], [-89.314207786845, 48.3574867554912], [-89.3142301268477, 48.3573977936508], [-89.3142476693107, 48.3573083554338], [-89.3142603917274, 48.3572185557173], [-89.3142351192407, 48.35503499365], [-89.3142646926109, 48.3531752845765], [-89.3142588516869, 48.3531338847827], [-89.3142603432108, 48.3530923142327], [-89.3142691465366, 48.353051147855], [-89.3142851398955, 48.3530109549865], [-89.3143081020808, 48.3529722914993], [-89.3143377155081, 48.3529356921127], [-89.3143735706081, 48.3529016629981], [-89.3144151714917, 48.3528706747789], [-89.3144619428087, 48.3528431560219], [-89.3145132377052, 48.3528194873109], [-89.3145683467692, 48.3527999959827], [-89.314626507842, 48.3527849516009], [-89.3146869165581, 48.3527745622279], [-89.3147487374694, 48.3527689715474], [-89.3148111155985, 48.3527682568779], [-89.3148731882623, 48.3527724281029], [-89.3166812913742, 48.3530715939569]]}, "properties": {"OBJECTID": 4415, "ROAD_CLASS": null, "OP2002_ROW": "30 m", "OP2018_ROW": "30 m", "Shape__Length": 1419.3838810376508}}, {"type": "Feature", "id": 4416, "geometry": {"type": "LineString", "coordinates": [[-89.2381718726592, 48.4064169279059], [-89.2395464069225, 48.4064235108816], [-89.2397067364998, 48.4064259606643], [-89.2398668441275, 48.4064320868965], [-89.2400265397055, 48.4064418823039], [-89.2401856336227, 48.4064553352555], [-89.2403439369819, 48.4064724297776], [-89.2405012618243, 48.4064931455731], [-89.2406574213521, 48.4065174580447], [-89.2408122301506, 48.406545338325]]}, "properties": {"OBJECTID": 4416, "ROAD_CLASS": null, "OP2002_ROW": "30 m", "OP2018_ROW": "30 m", "Shape__Length": 196.74984108542532}}, {"type": "Feature", "id": 4417, "geometry": {"type": "LineString", "coordinates": [[-89.278541623835, 48.3725038253826], [-89.2785451073725, 48.3719071186184], [-89.27854444658, 48.3716074893026]]}, "properties": {"OBJECTID": 4417, "ROAD_CLASS": null, "OP2002_ROW": "26 m", "OP2018_ROW": "24 m", "Shape__Length": 99.66590482640441}}, {"type": "Feature", "id": 4418, "geometry": {"type": "LineString", "coordinates": [[-89.245492443242, 48.3855723500496], [-89.2454970050933, 48.3862363601389]]}, "properties": {"OBJECTID": 4418, "ROAD_CLASS": null, "OP2002_ROW": "26 m", "OP2018_ROW": "24 m", "Shape__Length": 73.83277842331248}}, {"type": "Feature", "id": 4419, "geometry": {"type": "LineString", "coordinates": [[-89.2454970050933, 48.3862363601389], [-89.2455114558899, 48.3872443919595]]}, "properties": {"OBJECTID": 4419, "ROAD_CLASS": null, "OP2002_ROW": "26 m", "OP2018_ROW": "24 m", "Shape__Length": 112.08928155302523}}, {"type": "Feature", "id": 4420, "geometry": {"type": "LineString", "coordinates": [[-89.2756520272043, 48.3992110203336], [-89.2745656682513, 48.3991994927641]]}, "properties": {"OBJECTID": 4420, "ROAD_CLASS": null, "OP2002_ROW": "30 m", "OP2018_ROW": "30 m", "Shape__Length": 80.44855029856805}}, {"type": "Feature", "id": 4421, "geometry": {"type": "LineString", "coordinates": [[-89.2077502671264, 48.4491311980243], [-89.2066531365107, 48.4497192287793]]}, "properties": {"OBJECTID": 4421, "ROAD_CLASS": null, "OP2002_ROW": "26 m", "OP2018_ROW": "24 m", "Shape__Length": 104.21628524449892}}, {"type": "Feature", "id": 4422, "geometry": {"type": "LineString", "coordinates": [[-89.2266653874797, 48.4344825312112], [-89.2268305399875, 48.4343243606258]]}, "properties": {"OBJECTID": 4422, "ROAD_CLASS": null, "OP2002_ROW": "26 m", "OP2018_ROW": "24 m", "Shape__Length": 21.415791412140745}}, {"type": "Feature", "id": 4423, "geometry": {"type": "LineString", "coordinates": [[-89.2445157645406, 48.4313103800297], [-89.2451697647799, 48.4314794957991]]}, "properties": {"OBJECTID": 4423, "ROAD_CLASS": null, "OP2002_ROW": "26 m", "OP2018_ROW": "24 m", "Shape__Length": 51.918755502422904}}, {"type": "Feature", "id": 4424, "geometry": {"type": "LineString", "coordinates": [[-89.2255964869682, 48.4480103410811], [-89.2256038348952, 48.4487761222166], [-89.2256038466166, 48.4487949515222], [-89.2256036554735, 48.4488075010443], [-89.2256029137877, 48.4488262045693], [-89.2256015085289, 48.4488511371623], [-89.2255825688531, 48.449162784709], [-89.2255808724567, 48.4491877094374], [-89.2255791794298, 48.4492064313679], [-89.225577756809, 48.4492189642282], [-89.225574606653, 48.4492440160541], [-89.2254768638352, 48.4499954381499]]}, "properties": {"OBJECTID": 4424, "ROAD_CLASS": null, "OP2002_ROW": "26 m", "OP2018_ROW": "24 m", "Shape__Length": 221.09135183946952}}, {"type": "Feature", "id": 4425, "geometry": {"type": "LineString", "coordinates": [[-89.2353468807975, 48.4344167968636], [-89.2358688532759, 48.4335314399191]]}, "properties": {"OBJECTID": 4425, "ROAD_CLASS": null, "OP2002_ROW": "TBD", "OP2018_ROW": "20 m", "Shape__Length": 105.7494258532387}}, {"type": "Feature", "id": 4426, "geometry": {"type": "LineString", "coordinates": [[-89.1943586334319, 48.4518647313978], [-89.1951189089653, 48.4525180629603]]}, "properties": {"OBJECTID": 4426, "ROAD_CLASS": null, "OP2002_ROW": "26 m", "OP2018_ROW": "24 m", "Shape__Length": 91.8665020686395}}, {"type": "Feature", "id": 4427, "geometry": {"type": "LineString", "coordinates": [[-89.2343853759387, 48.4482113369698], [-89.2352432486747, 48.4484544001149]]}, "properties": {"OBJECTID": 4427, "ROAD_CLASS": null, "OP2002_ROW": "26 m", "OP2018_ROW": "24 m", "Shape__Length": 68.97387968614065}}, {"type": "Feature", "id": 4428, "geometry": {"type": "LineString", "coordinates": [[-89.2358688532759, 48.4335314399191], [-89.2361688500898, 48.4329687781157], [-89.2362051304045, 48.4329089789939], [-89.2362454253384, 48.4328503292354], [-89.2362896529235, 48.4327929481256], [-89.236337723194, 48.4327369523692], [-89.2363895383699, 48.4326824558529], [-89.2364449930553, 48.4326295694137], [-89.2365039744534, 48.4325784006138], [-89.2365663625958, 48.4325290535216], [-89.237424892305, 48.4312018707278]]}, "properties": {"OBJECTID": 4428, "ROAD_CLASS": null, "OP2002_ROW": "TBD", "OP2018_ROW": "20 m", "Shape__Length": 284.41914759287346}}, {"type": "Feature", "id": 4429, "geometry": {"type": "LineString", "coordinates": [[-89.2447490192416, 48.4632964488977], [-89.2471317777063, 48.4632694587963]]}, "properties": {"OBJECTID": 4429, "ROAD_CLASS": null, "OP2002_ROW": "30 m", "OP2018_ROW": "30 m", "Shape__Length": 176.23107037609466}}, {"type": "Feature", "id": 4430, "geometry": {"type": "LineString", "coordinates": [[-89.1877878205222, 48.468885089654], [-89.1906968442547, 48.4688984436303]]}, "properties": {"OBJECTID": 4430, "ROAD_CLASS": null, "OP2002_ROW": "30 m", "OP2018_ROW": "30 m", "Shape__Length": 215.10072301624118}}, {"type": "Feature", "id": 4431, "geometry": {"type": "LineString", "coordinates": [[-89.211763754731, 48.4468855609708], [-89.2110888374041, 48.4473860263188], [-89.2106484484889, 48.44767184637]]}, "properties": {"OBJECTID": 4431, "ROAD_CLASS": null, "OP2002_ROW": "26 m", "OP2018_ROW": "24 m", "Shape__Length": 120.27176567372734}}, {"type": "Feature", "id": 4432, "geometry": {"type": "LineString", "coordinates": [[-89.2160120937826, 48.4380332852786], [-89.2153057662838, 48.4387318005511]]}, "properties": {"OBJECTID": 4432, "ROAD_CLASS": null, "OP2002_ROW": "TBD", "OP2018_ROW": "20 m", "Shape__Length": 93.612673359995}}, {"type": "Feature", "id": 4433, "geometry": {"type": "LineString", "coordinates": [[-89.2310521933185, 48.4302344873737], [-89.2330435317965, 48.4282260628948]]}, "properties": {"OBJECTID": 4433, "ROAD_CLASS": null, "OP2002_ROW": "26 m", "OP2018_ROW": "24 m", "Shape__Length": 267.55553295647314}}, {"type": "Feature", "id": 4434, "geometry": {"type": "LineString", "coordinates": [[-89.2255039585098, 48.4578728151568], [-89.2254967720187, 48.4586837125094]]}, "properties": {"OBJECTID": 4434, "ROAD_CLASS": null, "OP2002_ROW": "26 m", "OP2018_ROW": "24 m", "Shape__Length": 90.1666378426904}}, {"type": "Feature", "id": 4435, "geometry": {"type": "LineString", "coordinates": [[-89.2066531365107, 48.4497192287793], [-89.2055557415081, 48.4502981766245]]}, "properties": {"OBJECTID": 4435, "ROAD_CLASS": null, "OP2002_ROW": "26 m", "OP2018_ROW": "24 m", "Shape__Length": 103.60021474178177}}, {"type": "Feature", "id": 4436, "geometry": {"type": "LineString", "coordinates": [[-89.2297056283402, 48.4272819586646], [-89.2305179982335, 48.4275103442316]]}, "properties": {"OBJECTID": 4436, "ROAD_CLASS": null, "OP2002_ROW": "26 m", "OP2018_ROW": "24 m", "Shape__Length": 65.26052074108723}}, {"type": "Feature", "id": 4437, "geometry": {"type": "LineString", "coordinates": [[-89.2383351384746, 48.4259391237687], [-89.2383300097567, 48.4248673290893]]}, "properties": {"OBJECTID": 4437, "ROAD_CLASS": null, "OP2002_ROW": "TBD", "OP2018_ROW": "20 m", "Shape__Length": 119.17512457973876}}, {"type": "Feature", "id": 4438, "geometry": {"type": "LineString", "coordinates": [[-89.200095461461, 48.4531922260429], [-89.197589755123, 48.4545290307447]]}, "properties": {"OBJECTID": 4438, "ROAD_CLASS": null, "OP2002_ROW": "26 m", "OP2018_ROW": "24 m", "Shape__Length": 237.57289067158257}}, {"type": "Feature", "id": 4439, "geometry": {"type": "LineString", "coordinates": [[-89.2194335678586, 48.4347651294068], [-89.2199661652298, 48.4342524461042]]}, "properties": {"OBJECTID": 4439, "ROAD_CLASS": null, "OP2002_ROW": "TBD", "OP2018_ROW": "20 m", "Shape__Length": 69.3009874469073}}, {"type": "Feature", "id": 4440, "geometry": {"type": "LineString", "coordinates": [[-89.231959426835, 48.4400091988041], [-89.2310572645511, 48.4415043595011]]}, "properties": {"OBJECTID": 4440, "ROAD_CLASS": null, "OP2002_ROW": "TBD", "OP2018_ROW": "20 m", "Shape__Length": 179.14698893815105}}, {"type": "Feature", "id": 4441, "geometry": {"type": "LineString", "coordinates": [[-89.2529528086342, 48.4336289623101], [-89.2533387687217, 48.4337417534972], [-89.2533912487777, 48.4337591937793], [-89.2534423142978, 48.4337784038009], [-89.2534918306273, 48.4337993329078], [-89.2535396671964, 48.4338219259124], [-89.2535856978639, 48.4338461232399], [-89.2536298012503, 48.433871861085], [-89.2536718610572, 48.4338990715799], [-89.2537117663747, 48.4339276829738]]}, "properties": {"OBJECTID": 4441, "ROAD_CLASS": null, "OP2002_ROW": "26 m", "OP2018_ROW": "24 m", "Shape__Length": 65.91849795218894}}, {"type": "Feature", "id": 4442, "geometry": {"type": "LineString", "coordinates": [[-89.2132551731853, 48.4406971487671], [-89.2148785345481, 48.4414430505509], [-89.2149733049676, 48.441493314736], [-89.2150663514029, 48.4415449851998], [-89.2151576267238, 48.4415980357727], [-89.2152470846964, 48.4416524395859], [-89.2153346800071, 48.4417081690852], [-89.2154203682849, 48.4417651960449], [-89.2155041061246, 48.4418234915821], [-89.2155858511081, 48.4418830261713]]}, "properties": {"OBJECTID": 4442, "ROAD_CLASS": null, "OP2002_ROW": "26 m", "OP2018_ROW": "24 m", "Shape__Length": 217.68507808133188}}, {"type": "Feature", "id": 4443, "geometry": {"type": "LineString", "coordinates": [[-89.2199661652298, 48.4342524461042], [-89.2204523603094, 48.4337669614797]]}, "properties": {"OBJECTID": 4443, "ROAD_CLASS": null, "OP2002_ROW": "TBD", "OP2018_ROW": "20 m", "Shape__Length": 64.87052489139418}}, {"type": "Feature", "id": 4444, "geometry": {"type": "LineString", "coordinates": [[-89.2504805525936, 48.427016551964], [-89.2507043002804, 48.4269385751488], [-89.2509267552551, 48.4268589773494], [-89.2511478910059, 48.4267777680546], [-89.2513676811786, 48.4266949569454]]}, "properties": {"OBJECTID": 4444, "ROAD_CLASS": null, "OP2002_ROW": "26 m", "OP2018_ROW": "24 m", "Shape__Length": 74.76333489461804}}, {"type": "Feature", "id": 4445, "geometry": {"type": "LineString", "coordinates": [[-89.24452240261, 48.4288463503891], [-89.2446979584554, 48.428824095031], [-89.2448723866923, 48.4287982091075], [-89.2450455178368, 48.4287687177717], [-89.2452171836661, 48.4287356496797], [-89.2453872173821, 48.4286990369631], [-89.2455554537737, 48.4286589151975], [-89.2457217293775, 48.428615323368], [-89.2458858826362, 48.4285683038313]]}, "properties": {"OBJECTID": 4445, "ROAD_CLASS": null, "OP2002_ROW": "26 m", "OP2018_ROW": "24 m", "Shape__Length": 105.80239766974263}}, {"type": "Feature", "id": 4446, "geometry": {"type": "LineString", "coordinates": [[-89.2365751501427, 48.4633935091975], [-89.2420470378977, 48.4633250438631]]}, "properties": {"OBJECTID": 4446, "ROAD_CLASS": null, "OP2002_ROW": "30 m", "OP2018_ROW": "30 m", "Shape__Length": 404.7174997525579}}, {"type": "Feature", "id": 4447, "geometry": {"type": "LineString", "coordinates": [[-89.2471317777063, 48.4632694587963], [-89.2496423072841, 48.4632434448535]]}, "properties": {"OBJECTID": 4447, "ROAD_CLASS": null, "OP2002_ROW": "30 m", "OP2018_ROW": "30 m", "Shape__Length": 185.67698318017517}}, {"type": "Feature", "id": 4448, "geometry": {"type": "LineString", "coordinates": [[-89.2167699389527, 48.4373084155568], [-89.2160120937826, 48.4380332852786]]}, "properties": {"OBJECTID": 4448, "ROAD_CLASS": null, "OP2002_ROW": "TBD", "OP2018_ROW": "20 m", "Shape__Length": 98.1840466508327}}, {"type": "Feature", "id": 4449, "geometry": {"type": "LineString", "coordinates": [[-89.237424892305, 48.4312018707278], [-89.2380871439388, 48.4300813875548], [-89.2381479342029, 48.4299681291978], [-89.2381991696637, 48.4298527969941], [-89.2382406919284, 48.4297357476372], [-89.2382723726479, 48.4296173431285]]}, "properties": {"OBJECTID": 4449, "ROAD_CLASS": null, "OP2002_ROW": "TBD", "OP2018_ROW": "20 m", "Shape__Length": 187.37721717748252}}, {"type": "Feature", "id": 4450, "geometry": {"type": "LineString", "coordinates": [[-89.2513676811786, 48.4266949569454], [-89.2527669864785, 48.4262159271437]]}, "properties": {"OBJECTID": 4450, "ROAD_CLASS": null, "OP2002_ROW": "26 m", "OP2018_ROW": "24 m", "Shape__Length": 116.44964633368386}}, {"type": "Feature", "id": 4451, "geometry": {"type": "LineString", "coordinates": [[-89.2383453803919, 48.4237619576246], [-89.2383583877225, 48.4222950992025]]}, "properties": {"OBJECTID": 4451, "ROAD_CLASS": null, "OP2002_ROW": "TBD", "OP2018_ROW": "20 m", "Shape__Length": 163.10505250481611}}, {"type": "Feature", "id": 4452, "geometry": {"type": "LineString", "coordinates": [[-89.1906968442547, 48.4688984436303], [-89.1917329055026, 48.4689016297113], [-89.1918695306609, 48.4689043422147]]}, "properties": {"OBJECTID": 4452, "ROAD_CLASS": null, "OP2002_ROW": "30 m", "OP2018_ROW": "30 m", "Shape__Length": 86.71475137600095}}, {"type": "Feature", "id": 4453, "geometry": {"type": "LineString", "coordinates": [[-89.2494355144221, 48.4476652737283], [-89.2478452120588, 48.4484253866248]]}, "properties": {"OBJECTID": 4453, "ROAD_CLASS": null, "OP2002_ROW": "26 m", "OP2018_ROW": "24 m", "Shape__Length": 144.85246102773058}}, {"type": "Feature", "id": 4454, "geometry": {"type": "LineString", "coordinates": [[-89.2383145371928, 48.428086119425], [-89.238338061182, 48.4270179476368]]}, "properties": {"OBJECTID": 4454, "ROAD_CLASS": null, "OP2002_ROW": "TBD", "OP2018_ROW": "20 m", "Shape__Length": 118.784483029192}}, {"type": "Feature", "id": 4455, "geometry": {"type": "LineString", "coordinates": [[-89.2620306662948, 48.4629906756943], [-89.263816492523, 48.4629836057036], [-89.2664773390353, 48.4629438809474]]}, "properties": {"OBJECTID": 4455, "ROAD_CLASS": null, "OP2002_ROW": "30 m", "OP2018_ROW": "30 m", "Shape__Length": 328.8881694758022}}, {"type": "Feature", "id": 4456, "geometry": {"type": "LineString", "coordinates": [[-89.2254791293726, 48.4548134612734], [-89.2254913902131, 48.4556250876155]]}, "properties": {"OBJECTID": 4456, "ROAD_CLASS": null, "OP2002_ROW": "26 m", "OP2018_ROW": "24 m", "Shape__Length": 90.25063997307578}}, {"type": "Feature", "id": 4457, "geometry": {"type": "LineString", "coordinates": [[-89.214932059788, 48.4445864456035], [-89.2137451485992, 48.4454497303343]]}, "properties": {"OBJECTID": 4457, "ROAD_CLASS": null, "OP2002_ROW": "26 m", "OP2018_ROW": "24 m", "Shape__Length": 130.08986060616633}}, {"type": "Feature", "id": 4458, "geometry": {"type": "LineString", "coordinates": [[-89.2326179250698, 48.438933550741], [-89.231959426835, 48.4400091988041]]}, "properties": {"OBJECTID": 4458, "ROAD_CLASS": null, "OP2002_ROW": "TBD", "OP2018_ROW": "20 m", "Shape__Length": 129.14486593011938}}, {"type": "Feature", "id": 4459, "geometry": {"type": "LineString", "coordinates": [[-89.2310546033018, 48.4472877992831], [-89.2315454648819, 48.4474163194314]]}, "properties": {"OBJECTID": 4459, "ROAD_CLASS": null, "OP2002_ROW": "26 m", "OP2018_ROW": "24 m", "Shape__Length": 39.0213955770465}}, {"type": "Feature", "id": 4460, "geometry": {"type": "LineString", "coordinates": [[-89.2268285770756, 48.4461179057238], [-89.2277913471244, 48.4463873862549], [-89.2280358055348, 48.4464623251665]]}, "properties": {"OBJECTID": 4460, "ROAD_CLASS": null, "OP2002_ROW": "26 m", "OP2018_ROW": "24 m", "Shape__Length": 97.178105230624}}, {"type": "Feature", "id": 4461, "geometry": {"type": "LineString", "coordinates": [[-89.2493310317787, 48.4274054804006], [-89.2494992933869, 48.4273500813262], [-89.249666413682, 48.4272931728413], [-89.2498323620957, 48.4272347653567], [-89.2499971082744, 48.4271748695574]]}, "properties": {"OBJECTID": 4461, "ROAD_CLASS": null, "OP2002_ROW": "26 m", "OP2018_ROW": "24 m", "Shape__Length": 55.5689733724419}}, {"type": "Feature", "id": 4462, "geometry": {"type": "LineString", "coordinates": [[-89.2482605463964, 48.4323662841652], [-89.2485209417577, 48.4324310006116]]}, "properties": {"OBJECTID": 4462, "ROAD_CLASS": null, "OP2002_ROW": "26 m", "OP2018_ROW": "24 m", "Shape__Length": 20.56787340698201}}, {"type": "Feature", "id": 4463, "geometry": {"type": "LineString", "coordinates": [[-89.2255436481265, 48.4457696794306], [-89.2257502349218, 48.4458299543532]]}, "properties": {"OBJECTID": 4463, "ROAD_CLASS": null, "OP2002_ROW": "26 m", "OP2018_ROW": "24 m", "Shape__Length": 16.687305151940677}}, {"type": "Feature", "id": 4464, "geometry": {"type": "LineString", "coordinates": [[-89.2383300097567, 48.4248673290893], [-89.2383453803919, 48.4237619576246]]}, "properties": {"OBJECTID": 4464, "ROAD_CLASS": null, "OP2002_ROW": "TBD", "OP2018_ROW": "20 m", "Shape__Length": 122.91321772267045}}, {"type": "Feature", "id": 4465, "geometry": {"type": "LineString", "coordinates": [[-89.2254805160535, 48.4531398467912], [-89.2254866466281, 48.4533776281162]]}, "properties": {"OBJECTID": 4465, "ROAD_CLASS": null, "OP2002_ROW": "26 m", "OP2018_ROW": "24 m", "Shape__Length": 26.443181028432814}}, {"type": "Feature", "id": 4466, "geometry": {"type": "LineString", "coordinates": [[-89.2636822963666, 48.4434850579604], [-89.2640291108968, 48.443817224322], [-89.2647035308424, 48.4444063545829]]}, "properties": {"OBJECTID": 4466, "ROAD_CLASS": null, "OP2002_ROW": "30 m", "OP2018_ROW": "30 m", "Shape__Length": 127.31497558434646}}, {"type": "Feature", "id": 4467, "geometry": {"type": "LineString", "coordinates": [[-89.2194335678586, 48.4347651294068], [-89.21843321585, 48.435702091659]]}, "properties": {"OBJECTID": 4467, "ROAD_CLASS": null, "OP2002_ROW": "TBD", "OP2018_ROW": "20 m", "Shape__Length": 127.79785000410972}}, {"type": "Feature", "id": 4468, "geometry": {"type": "LineString", "coordinates": [[-89.2440434145069, 48.4311882042396], [-89.2445157645406, 48.4313103800297]]}, "properties": {"OBJECTID": 4468, "ROAD_CLASS": null, "OP2002_ROW": "26 m", "OP2018_ROW": "24 m", "Shape__Length": 37.4995806496658}}, {"type": "Feature", "id": 4469, "geometry": {"type": "LineString", "coordinates": [[-89.2451697647799, 48.4314794957991], [-89.2463097613117, 48.431814404221]]}, "properties": {"OBJECTID": 4469, "ROAD_CLASS": null, "OP2002_ROW": "26 m", "OP2018_ROW": "24 m", "Shape__Length": 92.20946447107394}}, {"type": "Feature", "id": 4470, "geometry": {"type": "LineString", "coordinates": [[-89.2256540210664, 48.4354466856015], [-89.2261926578397, 48.4349593610817]]}, "properties": {"OBJECTID": 4470, "ROAD_CLASS": null, "OP2002_ROW": "26 m", "OP2018_ROW": "24 m", "Shape__Length": 67.2643716740791}}, {"type": "Feature", "id": 4471, "geometry": {"type": "LineString", "coordinates": [[-89.2601350916486, 48.440074443001], [-89.2615392324904, 48.4413967820417]]}, "properties": {"OBJECTID": 4471, "ROAD_CLASS": null, "OP2002_ROW": "30 m", "OP2018_ROW": "30 m", "Shape__Length": 180.02990150945683}}, {"type": "Feature", "id": 4472, "geometry": {"type": "LineString", "coordinates": [[-89.2420470378977, 48.4633250438631], [-89.2447490192416, 48.4632964488977]]}, "properties": {"OBJECTID": 4472, "ROAD_CLASS": null, "OP2002_ROW": "30 m", "OP2018_ROW": "30 m", "Shape__Length": 199.83715132779963}}, {"type": "Feature", "id": 4473, "geometry": {"type": "LineString", "coordinates": [[-89.2383162717233, 48.4292072562095], [-89.2383145371928, 48.428086119425]]}, "properties": {"OBJECTID": 4473, "ROAD_CLASS": null, "OP2002_ROW": "TBD", "OP2018_ROW": "20 m", "Shape__Length": 124.66107640139421}}, {"type": "Feature", "id": 4474, "geometry": {"type": "LineString", "coordinates": [[-89.2240274471583, 48.4370199556755], [-89.2231658668175, 48.4378892224414]]}, "properties": {"OBJECTID": 4474, "ROAD_CLASS": null, "OP2002_ROW": "26 m", "OP2018_ROW": "24 m", "Shape__Length": 115.78305529066199}}, {"type": "Feature", "id": 4475, "geometry": {"type": "LineString", "coordinates": [[-89.2255436481265, 48.4457696794306], [-89.2255426270883, 48.4464723312726]]}, "properties": {"OBJECTID": 4475, "ROAD_CLASS": null, "OP2002_ROW": "26 m", "OP2018_ROW": "24 m", "Shape__Length": 78.12895097497798}}, {"type": "Feature", "id": 4476, "geometry": {"type": "LineString", "coordinates": [[-89.2232810202838, 48.4451331440042], [-89.2241426739859, 48.445371977978]]}, "properties": {"OBJECTID": 4476, "ROAD_CLASS": null, "OP2002_ROW": "26 m", "OP2018_ROW": "24 m", "Shape__Length": 69.05239181705723}}, {"type": "Feature", "id": 4477, "geometry": {"type": "LineString", "coordinates": [[-89.2240274471583, 48.4370199556755], [-89.2245012101462, 48.4365539801828]]}, "properties": {"OBJECTID": 4477, "ROAD_CLASS": null, "OP2002_ROW": "26 m", "OP2018_ROW": "24 m", "Shape__Length": 62.55583037159668}}, {"type": "Feature", "id": 4478, "geometry": {"type": "LineString", "coordinates": [[-89.2044857489754, 48.4508855787647], [-89.2034767276988, 48.4514177904385], [-89.2021878647391, 48.4520941913486], [-89.200095461461, 48.4531922260429]]}, "properties": {"OBJECTID": 4478, "ROAD_CLASS": null, "OP2002_ROW": "26 m", "OP2018_ROW": "24 m", "Shape__Length": 413.8005598819909}}, {"type": "Feature", "id": 4479, "geometry": {"type": "LineString", "coordinates": [[-89.2106484484889, 48.44767184637], [-89.2101648162701, 48.4479179205512], [-89.2093774834854, 48.4482770064406], [-89.2081995325707, 48.4488863841074], [-89.2077502671264, 48.4491311980243]]}, "properties": {"OBJECTID": 4479, "ROAD_CLASS": null, "OP2002_ROW": "26 m", "OP2018_ROW": "24 m", "Shape__Length": 268.9872731673495}}, {"type": "Feature", "id": 4480, "geometry": {"type": "LineString", "coordinates": [[-89.2475216418895, 48.4425213928987], [-89.2485362852993, 48.4408329361533]]}, "properties": {"OBJECTID": 4480, "ROAD_CLASS": null, "OP2002_ROW": "TBD", "OP2018_ROW": "20 m", "Shape__Length": 202.19361285979002}}, {"type": "Feature", "id": 4481, "geometry": {"type": "LineString", "coordinates": [[-89.2507002788098, 48.437313214608], [-89.2518278285422, 48.4354583663656]]}, "properties": {"OBJECTID": 4481, "ROAD_CLASS": null, "OP2002_ROW": "TBD", "OP2018_ROW": "20 m", "Shape__Length": 222.47893093068814}}, {"type": "Feature", "id": 4482, "geometry": {"type": "LineString", "coordinates": [[-89.2615392324904, 48.4413967820417], [-89.2636822963666, 48.4434850579604]]}, "properties": {"OBJECTID": 4482, "ROAD_CLASS": null, "OP2002_ROW": "30 m", "OP2018_ROW": "30 m", "Shape__Length": 281.1655428969293}}, {"type": "Feature", "id": 4483, "geometry": {"type": "LineString", "coordinates": [[-89.227172671056, 48.4339833728205], [-89.227476833129, 48.4337026679936]]}, "properties": {"OBJECTID": 4483, "ROAD_CLASS": null, "OP2002_ROW": "26 m", "OP2018_ROW": "24 m", "Shape__Length": 38.47978614274825}}, {"type": "Feature", "id": 4484, "geometry": {"type": "LineString", "coordinates": [[-89.2255086459384, 48.4635255059769], [-89.2311885997757, 48.4634517921158]]}, "properties": {"OBJECTID": 4484, "ROAD_CLASS": null, "OP2002_ROW": "30 m", "OP2018_ROW": "30 m", "Shape__Length": 420.1098873949275}}, {"type": "Feature", "id": 4485, "geometry": {"type": "LineString", "coordinates": [[-89.238196534199, 48.4492431150582], [-89.2397729956143, 48.449672698129]]}, "properties": {"OBJECTID": 4485, "ROAD_CLASS": null, "OP2002_ROW": "26 m", "OP2018_ROW": "24 m", "Shape__Length": 126.0149197179591}}, {"type": "Feature", "id": 4486, "geometry": {"type": "LineString", "coordinates": [[-89.2397729956143, 48.449672698129], [-89.2426323737162, 48.4504544474236], [-89.2426926841593, 48.4504689685757], [-89.2427541055749, 48.4504812574226], [-89.2428164514089, 48.4504912766396], [-89.2428795322993, 48.4504989957956], [-89.2429431566509, 48.4505043914454], [-89.2430071312179, 48.4505074472009], [-89.2430712616906, 48.450508153781], [-89.2431353532858, 48.4505065090398]]}, "properties": {"OBJECTID": 4486, "ROAD_CLASS": null, "OP2002_ROW": "26 m", "OP2018_ROW": "24 m", "Shape__Length": 266.6309085286093}}, {"type": "Feature", "id": 4487, "geometry": {"type": "LineString", "coordinates": [[-89.2541842424089, 48.434413362913], [-89.2546753968995, 48.4348751188533]]}, "properties": {"OBJECTID": 4487, "ROAD_CLASS": null, "OP2002_ROW": "30 m", "OP2018_ROW": "30 m", "Shape__Length": 62.903738782235536}}, {"type": "Feature", "id": 4488, "geometry": {"type": "LineString", "coordinates": [[-89.2261926578397, 48.4349593610817], [-89.2266653874797, 48.4344825312112]]}, "properties": {"OBJECTID": 4488, "ROAD_CLASS": null, "OP2002_ROW": "26 m", "OP2018_ROW": "24 m", "Shape__Length": 63.51773867348539}}, {"type": "Feature", "id": 4489, "geometry": {"type": "LineString", "coordinates": [[-89.227476833129, 48.4337026679936], [-89.22942299428, 48.4317944552265]]}, "properties": {"OBJECTID": 4489, "ROAD_CLASS": null, "OP2002_ROW": "26 m", "OP2018_ROW": "24 m", "Shape__Length": 256.42995615487746}}, {"type": "Feature", "id": 4490, "geometry": {"type": "LineString", "coordinates": [[-89.2245012101462, 48.4365539801828], [-89.2251585347091, 48.4359136090069]]}, "properties": {"OBJECTID": 4490, "ROAD_CLASS": null, "OP2002_ROW": "26 m", "OP2018_ROW": "24 m", "Shape__Length": 86.22826753788682}}, {"type": "Feature", "id": 4491, "geometry": {"type": "LineString", "coordinates": [[-89.2224619104051, 48.4318204292781], [-89.2233806686042, 48.4309621699522], [-89.2234118848276, 48.4309352690204], [-89.223437489623, 48.4309058603446], [-89.2234570345237, 48.4308744590281], [-89.2234701772061, 48.4308416150748], [-89.2234766874851, 48.4308079037559], [-89.2234764513446, 48.4307739155335], [-89.2234694729343, 48.4307402457186], [-89.2234558744953, 48.4307074840442], [-89.2233886192739, 48.4305489261663]]}, "properties": {"OBJECTID": 4491, "ROAD_CLASS": null, "OP2002_ROW": "TBD", "OP2018_ROW": "20 m", "Shape__Length": 165.7456794400206}}, {"type": "Feature", "id": 4492, "geometry": {"type": "LineString", "coordinates": [[-89.2204523603094, 48.4337669614797], [-89.2209606493792, 48.4332904044092]]}, "properties": {"OBJECTID": 4492, "ROAD_CLASS": null, "OP2002_ROW": "TBD", "OP2018_ROW": "20 m", "Shape__Length": 64.97938660302749}}, {"type": "Feature", "id": 4493, "geometry": {"type": "LineString", "coordinates": [[-89.2546753968995, 48.4348751188533], [-89.2569571689922, 48.4370297617046]]}, "properties": {"OBJECTID": 4493, "ROAD_CLASS": null, "OP2002_ROW": "30 m", "OP2018_ROW": "30 m", "Shape__Length": 293.08973272320424}}, {"type": "Feature", "id": 4494, "geometry": {"type": "LineString", "coordinates": [[-89.2311885997757, 48.4634517921158], [-89.2365751501427, 48.4633935091975]]}, "properties": {"OBJECTID": 4494, "ROAD_CLASS": null, "OP2002_ROW": "30 m", "OP2018_ROW": "30 m", "Shape__Length": 398.3867654991883}}, {"type": "Feature", "id": 4495, "geometry": {"type": "LineString", "coordinates": [[-89.1935160101396, 48.451176951787], [-89.1943586334319, 48.4518647313978]]}, "properties": {"OBJECTID": 4495, "ROAD_CLASS": null, "OP2002_ROW": "26 m", "OP2018_ROW": "24 m", "Shape__Length": 98.65519121373717}}, {"type": "Feature", "id": 4496, "geometry": {"type": "LineString", "coordinates": [[-89.2331524766402, 48.4380548117019], [-89.2335306249709, 48.4373753961717]]}, "properties": {"OBJECTID": 4496, "ROAD_CLASS": null, "OP2002_ROW": "TBD", "OP2018_ROW": "20 m", "Shape__Length": 80.55971416618966}}, {"type": "Feature", "id": 4497, "geometry": {"type": "LineString", "coordinates": [[-89.2331524766402, 48.4380548117019], [-89.2326179250698, 48.438933550741]]}, "properties": {"OBJECTID": 4497, "ROAD_CLASS": null, "OP2002_ROW": "TBD", "OP2018_ROW": "20 m", "Shape__Length": 105.40911312661765}}, {"type": "Feature", "id": 4498, "geometry": {"type": "LineString", "coordinates": [[-89.2458858826362, 48.4285683038313], [-89.2464889665451, 48.4283760186129], [-89.2470884091815, 48.4281787579952], [-89.2476841178641, 48.4279765524942], [-89.2482760004924, 48.4277694333902]]}, "properties": {"OBJECTID": 4498, "ROAD_CLASS": null, "OP2002_ROW": "26 m", "OP2018_ROW": "24 m", "Shape__Length": 197.94466140737728}}, {"type": "Feature", "id": 4499, "geometry": {"type": "LineString", "coordinates": [[-89.238338061182, 48.4270179476368], [-89.2383351384746, 48.4259391237687]]}, "properties": {"OBJECTID": 4499, "ROAD_CLASS": null, "OP2002_ROW": "TBD", "OP2018_ROW": "20 m", "Shape__Length": 119.95632258220044}}, {"type": "Feature", "id": 4500, "geometry": {"type": "LineString", "coordinates": [[-89.267703506515, 48.4472915230879], [-89.2688772987618, 48.4483878203277]]}, "properties": {"OBJECTID": 4500, "ROAD_CLASS": null, "OP2002_ROW": "TBD", "OP2018_ROW": "30 m", "Shape__Length": 149.66309184585168}}, {"type": "Feature", "id": 4501, "geometry": {"type": "LineString", "coordinates": [[-89.2431353532858, 48.4505065090398], [-89.2431941122788, 48.4504966158811], [-89.2432521975853, 48.4504850959545], [-89.2433095074798, 48.4504719694351], [-89.2433659415951, 48.4504572593117], [-89.2434214010978, 48.4504409913465], [-89.2434757888621, 48.4504231940299], [-89.2435290096389, 48.4504038985307], [-89.2435809702236, 48.4503831386413], [-89.2448621146466, 48.4497978359788]]}, "properties": {"OBJECTID": 4501, "ROAD_CLASS": null, "OP2002_ROW": "26 m", "OP2018_ROW": "24 m", "Shape__Length": 150.83064346533877}}, {"type": "Feature", "id": 4502, "geometry": {"type": "LineString", "coordinates": [[-89.246831494419, 48.4488995085917], [-89.2448621146466, 48.4497978359788]]}, "properties": {"OBJECTID": 4502, "ROAD_CLASS": null, "OP2002_ROW": "26 m", "OP2018_ROW": "24 m", "Shape__Length": 176.63211049290592}}, {"type": "Feature", "id": 4503, "geometry": {"type": "LineString", "coordinates": [[-89.2478452120588, 48.4484253866248], [-89.246831494419, 48.4488995085917]]}, "properties": {"OBJECTID": 4503, "ROAD_CLASS": null, "OP2002_ROW": "26 m", "OP2018_ROW": "24 m", "Shape__Length": 91.6634836254128}}, {"type": "Feature", "id": 4504, "geometry": {"type": "LineString", "coordinates": [[-89.2669502390296, 48.4465513013501], [-89.267703506515, 48.4472915230879]]}, "properties": {"OBJECTID": 4504, "ROAD_CLASS": null, "OP2002_ROW": "TBD", "OP2018_ROW": "30 m", "Shape__Length": 99.39575346538446}}, {"type": "Feature", "id": 4505, "geometry": {"type": "LineString", "coordinates": [[-89.2331761004241, 48.4478686945038], [-89.2343853759387, 48.4482113369698]]}, "properties": {"OBJECTID": 4505, "ROAD_CLASS": null, "OP2002_ROW": "26 m", "OP2018_ROW": "24 m", "Shape__Length": 97.22815569018755}}, {"type": "Feature", "id": 4506, "geometry": {"type": "LineString", "coordinates": [[-89.2518278285422, 48.4354583663656], [-89.2529528086342, 48.4336289623101]]}, "properties": {"OBJECTID": 4506, "ROAD_CLASS": null, "OP2002_ROW": "TBD", "OP2018_ROW": "20 m", "Shape__Length": 219.7878274807871}}, {"type": "Feature", "id": 4507, "geometry": {"type": "LineString", "coordinates": [[-89.2288600484573, 48.4450966225943], [-89.2280358055348, 48.4464623251665]]}, "properties": {"OBJECTID": 4507, "ROAD_CLASS": null, "OP2002_ROW": "TBD", "OP2018_ROW": "20 m", "Shape__Length": 163.6386647176576}}, {"type": "Feature", "id": 4508, "geometry": {"type": "LineString", "coordinates": [[-89.2164750219317, 48.4434857062928], [-89.214932059788, 48.4445864456035]]}, "properties": {"OBJECTID": 4508, "ROAD_CLASS": null, "OP2002_ROW": "26 m", "OP2018_ROW": "24 m", "Shape__Length": 167.35855249874717}}, {"type": "Feature", "id": 4509, "geometry": {"type": "LineString", "coordinates": [[-89.2055557415081, 48.4502981766245], [-89.2044857489754, 48.4508855787647]]}, "properties": {"OBJECTID": 4509, "ROAD_CLASS": null, "OP2002_ROW": "26 m", "OP2018_ROW": "24 m", "Shape__Length": 102.61487656512412}}, {"type": "Feature", "id": 4510, "geometry": {"type": "LineString", "coordinates": [[-89.2597257388755, 48.4537444503439], [-89.2584571383303, 48.4548176161919], [-89.2584038133913, 48.4548552841303], [-89.2583534219725, 48.4548946985362], [-89.258306093169, 48.4549357584415], [-89.2582619482316, 48.4549783586622], [-89.2582211002555, 48.4550223900687], [-89.2581836538909, 48.4550677398643], [-89.258149705075, 48.4551142918748], [-89.2581193407855, 48.4551619268461], [-89.2580926388186, 48.4552105227493], [-89.2580696675888, 48.4552599550935], [-89.2580504859541, 48.4553100972445], [-89.2580351430646, 48.4553608207498], [-89.2580236782373, 48.4554119956667], [-89.2580161208542, 48.4554634908962], [-89.2580124902877, 48.4555151745178], [-89.2580127958506, 48.4555669141284], [-89.25806100087, 48.4568705808063], [-89.2581768517005, 48.460003580551]]}, "properties": {"OBJECTID": 4510, "ROAD_CLASS": null, "OP2002_ROW": "TBD", "OP2018_ROW": "24 m", "Shape__Length": 737.3346096903172}}, {"type": "Feature", "id": 4511, "geometry": {"type": "LineString", "coordinates": [[-89.2299233664983, 48.4433671283791], [-89.2288600484573, 48.4450966225943]]}, "properties": {"OBJECTID": 4511, "ROAD_CLASS": null, "OP2002_ROW": "TBD", "OP2018_ROW": "20 m", "Shape__Length": 207.7714015576266}}, {"type": "Feature", "id": 4512, "geometry": {"type": "LineString", "coordinates": [[-89.1821655899918, 48.4688708305827], [-89.1831707955534, 48.4688737236165], [-89.1850403600078, 48.4688768934301]]}, "properties": {"OBJECTID": 4512, "ROAD_CLASS": null, "OP2002_ROW": "30 m", "OP2018_ROW": "30 m", "Shape__Length": 212.56371692572662}}, {"type": "Feature", "id": 4513, "geometry": {"type": "LineString", "coordinates": [[-89.2647035308424, 48.4444063545829], [-89.2650012140135, 48.4446937726437]]}, "properties": {"OBJECTID": 4513, "ROAD_CLASS": null, "OP2002_ROW": "30 m", "OP2018_ROW": "30 m", "Shape__Length": 38.8115066613005}}, {"type": "Feature", "id": 4514, "geometry": {"type": "LineString", "coordinates": [[-89.2696302162397, 48.4491345207441], [-89.2713109118512, 48.4507124920441]]}, "properties": {"OBJECTID": 4514, "ROAD_CLASS": null, "OP2002_ROW": "TBD", "OP2018_ROW": "30 m", "Shape__Length": 215.03915032989073}}, {"type": "Feature", "id": 4515, "geometry": {"type": "LineString", "coordinates": [[-89.2127783834886, 48.4461611529139], [-89.211763754731, 48.4468855609708]]}, "properties": {"OBJECTID": 4515, "ROAD_CLASS": null, "OP2002_ROW": "26 m", "OP2018_ROW": "24 m", "Shape__Length": 110.09692642402165}}, {"type": "Feature", "id": 4516, "geometry": {"type": "LineString", "coordinates": [[-89.1918695306609, 48.4689043422147], [-89.1920001039138, 48.4689051077035], [-89.192151245659, 48.468911502878], [-89.1923018711051, 48.4689219813493], [-89.1924517309046, 48.4689365257708], [-89.1926005769769, 48.4689551120648], [-89.1927481629192, 48.4689777094628], [-89.1928942444136, 48.4690042805561], [-89.1930385796317, 48.4690347813578], [-89.193180929635, 48.4690691613758], [-89.1932851530294, 48.4690952646377]]}, "properties": {"OBJECTID": 4516, "ROAD_CLASS": null, "OP2002_ROW": "30 m", "OP2018_ROW": "30 m", "Shape__Length": 107.48125314372226}}, {"type": "Feature", "id": 4517, "geometry": {"type": "LineString", "coordinates": [[-89.2485362852993, 48.4408329361533], [-89.2495824501817, 48.4391532491615]]}, "properties": {"OBJECTID": 4517, "ROAD_CLASS": null, "OP2002_ROW": "TBD", "OP2018_ROW": "20 m", "Shape__Length": 202.17073650426454}}, {"type": "Feature", "id": 4518, "geometry": {"type": "LineString", "coordinates": [[-89.2310572645511, 48.4415043595011], [-89.2299233664983, 48.4433671283791]]}, "properties": {"OBJECTID": 4518, "ROAD_CLASS": null, "OP2002_ROW": "TBD", "OP2018_ROW": "20 m", "Shape__Length": 223.46658451844232}}, {"type": "Feature", "id": 4519, "geometry": {"type": "LineString", "coordinates": [[-89.21843321585, 48.435702091659], [-89.2174962745, 48.4365977061811]]}, "properties": {"OBJECTID": 4519, "ROAD_CLASS": null, "OP2002_ROW": "TBD", "OP2018_ROW": "20 m", "Shape__Length": 121.33743155190236}}, {"type": "Feature", "id": 4520, "geometry": {"type": "LineString", "coordinates": [[-89.2254899577542, 48.4557268278093], [-89.2254910611211, 48.4570688256945]]}, "properties": {"OBJECTID": 4520, "ROAD_CLASS": null, "OP2002_ROW": "26 m", "OP2018_ROW": "24 m", "Shape__Length": 149.21902963591813}}, {"type": "Feature", "id": 4521, "geometry": {"type": "LineString", "coordinates": [[-89.2495824501817, 48.4391532491615], [-89.2507002788098, 48.437313214608]]}, "properties": {"OBJECTID": 4521, "ROAD_CLASS": null, "OP2002_ROW": "TBD", "OP2018_ROW": "20 m", "Shape__Length": 220.68110767389982}}, {"type": "Feature", "id": 4522, "geometry": {"type": "LineString", "coordinates": [[-89.218987101063, 48.4438193218722], [-89.2191432145428, 48.4438952765142], [-89.2193028368628, 48.4439679314503], [-89.219465810524, 48.4440372149862], [-89.2196319747188, 48.4441030587542], [-89.2198011654889, 48.4441653977808], [-89.2199732158879, 48.4442241705507], [-89.2201479561455, 48.4442793190675], [-89.2203252138356, 48.4443307889113], [-89.2220068293958, 48.4447799444903]]}, "properties": {"OBJECTID": 4522, "ROAD_CLASS": null, "OP2002_ROW": "26 m", "OP2018_ROW": "24 m", "Shape__Length": 248.5159677695719}}, {"type": "Feature", "id": 4523, "geometry": {"type": "LineString", "coordinates": [[-89.2254910611211, 48.4570688256945], [-89.2255039585098, 48.4578728151568]]}, "properties": {"OBJECTID": 4523, "ROAD_CLASS": null, "OP2002_ROW": "26 m", "OP2018_ROW": "24 m", "Shape__Length": 89.40204818766605}}, {"type": "Feature", "id": 4524, "geometry": {"type": "LineString", "coordinates": [[-89.2254967720187, 48.4586837125094], [-89.225496779641, 48.4595260987112]]}, "properties": {"OBJECTID": 4524, "ROAD_CLASS": null, "OP2002_ROW": "26 m", "OP2018_ROW": "24 m", "Shape__Length": 93.66638307422846}}, {"type": "Feature", "id": 4525, "geometry": {"type": "LineString", "coordinates": [[-89.2209606493792, 48.4332904044092], [-89.2214622812327, 48.4327983173743]]}, "properties": {"OBJECTID": 4525, "ROAD_CLASS": null, "OP2002_ROW": "TBD", "OP2018_ROW": "20 m", "Shape__Length": 66.11748569673098}}, {"type": "Feature", "id": 4526, "geometry": {"type": "LineString", "coordinates": [[-89.225485155574, 48.4522627798131], [-89.2254805160535, 48.4531398467912]]}, "properties": {"OBJECTID": 4526, "ROAD_CLASS": null, "OP2002_ROW": "26 m", "OP2018_ROW": "24 m", "Shape__Length": 97.52310125807684}}, {"type": "Feature", "id": 4527, "geometry": {"type": "LineString", "coordinates": [[-89.1932851530294, 48.4690952646377], [-89.1934221499619, 48.4691391864501], [-89.1935572293574, 48.4691856606022], [-89.1936902837117, 48.4692346501083], [-89.1938212071313, 48.4692861159812], [-89.1939498954175, 48.4693400172627], [-89.1940762461498, 48.4693963110562], [-89.1942001587668, 48.4694549525612], [-89.1943215346463, 48.4695158951085]]}, "properties": {"OBJECTID": 4527, "ROAD_CLASS": null, "OP2002_ROW": "30 m", "OP2018_ROW": "30 m", "Shape__Length": 89.96654052339072}}, {"type": "Feature", "id": 4528, "geometry": {"type": "LineString", "coordinates": [[-89.2713109118512, 48.4507124920441], [-89.2721020820279, 48.4514419945508], [-89.2721590962607, 48.4514989114948], [-89.2722197721686, 48.4515541278117], [-89.2722839952946, 48.4516075393328], [-89.2723516444884, 48.4516590452941], [-89.272422592135, 48.451708548526], [-89.2724967043957, 48.4517559556373], [-89.27257384146, 48.4518011771908], [-89.27265385781, 48.4518441278723]]}, "properties": {"OBJECTID": 4528, "ROAD_CLASS": null, "OP2002_ROW": "TBD", "OP2018_ROW": "30 m", "Shape__Length": 160.86874480242187}}, {"type": "Feature", "id": 4529, "geometry": {"type": "LineString", "coordinates": [[-89.2383162717233, 48.4292072562095], [-89.2383472813292, 48.4292070153286], [-89.2384070014757, 48.4292062390856], [-89.2400360641139, 48.4291868156776], [-89.2402233820355, 48.4291877114933], [-89.2404106866333, 48.4291859762091], [-89.2405978944657, 48.4291816105984], [-89.2407849221343, 48.4291746166066]]}, "properties": {"OBJECTID": 4529, "ROAD_CLASS": null, "OP2002_ROW": "26 m", "OP2018_ROW": "24 m", "Shape__Length": 182.73259909755097}}, {"type": "Feature", "id": 4530, "geometry": {"type": "LineString", "coordinates": [[-89.2219540233574, 48.4323125606894], [-89.2224619104051, 48.4318204292781]]}, "properties": {"OBJECTID": 4530, "ROAD_CLASS": null, "OP2002_ROW": "TBD", "OP2018_ROW": "20 m", "Shape__Length": 66.38291459350002}}, {"type": "Feature", "id": 4531, "geometry": {"type": "LineString", "coordinates": [[-89.2537117663747, 48.4339276829738], [-89.2541842424089, 48.434413362913]]}, "properties": {"OBJECTID": 4531, "ROAD_CLASS": null, "OP2002_ROW": "30 m", "OP2018_ROW": "30 m", "Shape__Length": 64.33196029462087}}, {"type": "Feature", "id": 4532, "geometry": {"type": "LineString", "coordinates": [[-89.2268305399875, 48.4343243606258], [-89.227172671056, 48.4339833728205]]}, "properties": {"OBJECTID": 4532, "ROAD_CLASS": null, "OP2002_ROW": "26 m", "OP2018_ROW": "24 m", "Shape__Length": 45.58934620885423}}, {"type": "Feature", "id": 4533, "geometry": {"type": "LineString", "coordinates": [[-89.2357577374797, 48.4289800863387], [-89.2358380507184, 48.4290039303996], [-89.235919334757, 48.4290262700105], [-89.2360015259808, 48.4290470876876], [-89.2360845600646, 48.4290663671383], [-89.2361683720236, 48.4290840932739], [-89.2362528962637, 48.4291002522212], [-89.2363380666334, 48.4291148313338], [-89.2364238164751, 48.4291278192016], [-89.2370978417574, 48.4291635784876]]}, "properties": {"OBJECTID": 4533, "ROAD_CLASS": null, "OP2002_ROW": "26 m", "OP2018_ROW": "24 m", "Shape__Length": 102.09929093005547}}, {"type": "Feature", "id": 4534, "geometry": {"type": "LineString", "coordinates": [[-89.2342504618486, 48.4362160955441], [-89.2353468807975, 48.4344167968636]]}, "properties": {"OBJECTID": 4534, "ROAD_CLASS": null, "OP2002_ROW": "TBD", "OP2018_ROW": "20 m", "Shape__Length": 215.8888514826705}}, {"type": "Feature", "id": 4535, "geometry": {"type": "LineString", "coordinates": [[-89.2148300674581, 48.4637231755105], [-89.2166900290523, 48.463705068133], [-89.2178636109125, 48.4636854680511], [-89.2180811919995, 48.4636727237351], [-89.218297829102, 48.4636541845727], [-89.2185131734066, 48.4636298804156], [-89.218726878183, 48.4635998503978], [-89.2189385993423, 48.4635641428724], [-89.2191479959918, 48.463522815334], [-89.2193547309841, 48.4634759343259], [-89.2195584714597, 48.4634235753329], [-89.2199126875717, 48.4633215798219], [-89.2229805637143, 48.4622006129387], [-89.2235692098062, 48.4619740276879], [-89.2236295904144, 48.4619503733616], [-89.2236877490929, 48.4619243727788], [-89.2237434799859, 48.4618961179718], [-89.2237965858321, 48.4618657089516], [-89.2238468786628, 48.4618332533542], [-89.2238941804672, 48.4617988660594], [-89.2239383238228, 48.4617626687842], [-89.2239791524873, 48.461724789652], [-89.2240165219525, 48.4616853627388], [-89.2240502999548, 48.4616445275988], [-89.2240803669439, 48.4616024287705], [-89.2241066165056, 48.4615592152647], [-89.2241289557385, 48.4615150400375], [-89.2241473055825, 48.4614700594484], [-89.2241616010986, 48.4614244327073], [-89.2241717916986, 48.4613783213106], [-89.2241822894001, 48.4612097118594], [-89.2241764330586, 48.460296422649]]}, "properties": {"OBJECTID": 4535, "ROAD_CLASS": null, "OP2002_ROW": "30 m", "OP2018_ROW": "30 m", "Shape__Length": 894.5351966395831}}, {"type": "Feature", "id": 4536, "geometry": {"type": "LineString", "coordinates": [[-89.2120796549936, 48.4637492829221], [-89.2148300674581, 48.4637231755105]]}, "properties": {"OBJECTID": 4536, "ROAD_CLASS": null, "OP2002_ROW": "30 m", "OP2018_ROW": "30 m", "Shape__Length": 203.4105343284459}}, {"type": "Feature", "id": 4537, "geometry": {"type": "LineString", "coordinates": [[-89.2339859178951, 48.4366464488184], [-89.2342504618486, 48.4362160955441]]}, "properties": {"OBJECTID": 4537, "ROAD_CLASS": null, "OP2002_ROW": "TBD", "OP2018_ROW": "20 m", "Shape__Length": 51.700081328928555}}, {"type": "Feature", "id": 4538, "geometry": {"type": "LineString", "coordinates": [[-89.1777939407395, 48.4688152309681], [-89.1776925768126, 48.4688202934499], [-89.1776008607879, 48.4688287565885], [-89.1775099329416, 48.4688403878271], [-89.1774200405643, 48.4688551555333], [-89.1773314281315, 48.4688730195445], [-89.1772443366381, 48.4688939312774], [-89.1771590029438, 48.4689178338598], [-89.1770756591283, 48.4689446622853], [-89.1769945318609, 48.4689743435905], [-89.1769158417838, 48.4690067970526], [-89.1768398029118, 48.4690419344095], [-89.176766622051, 48.4690796600996], [-89.1766964982357, 48.4691198715216], [-89.1766296221876, 48.4691624593137], [-89.1765661757968, 48.4692073076508], [-89.1765063316272, 48.4692542945594], [-89.176450252447, 48.4693032922495], [-89.1736604427902, 48.4719042184918], [-89.1735840938833, 48.4719780391788], [-89.1735029447759, 48.4720495599456], [-89.1734171519219, 48.4721186428834], [-89.1733268807314, 48.472185154784], [-89.1732323052519, 48.4722489673959], [-89.1731336078327, 48.4723099576721], [-89.1730309787732, 48.4723680080072], [-89.1729246159564, 48.4724230064644], [-89.172395085512, 48.4726724618081], [-89.1720198772646, 48.4728556373302]]}, "properties": {"OBJECTID": 4538, "ROAD_CLASS": null, "OP2002_ROW": "30 m", "OP2018_ROW": "30 m", "Shape__Length": 634.3933888038557}}, {"type": "Feature", "id": 4539, "geometry": {"type": "LineString", "coordinates": [[-89.1720198772646, 48.4728556373302], [-89.1701044408913, 48.4737436121162], [-89.1689798661488, 48.4742599575], [-89.1688234788184, 48.4743217188636], [-89.168637277905, 48.4743796073672], [-89.1684488162213, 48.4744341658742], [-89.1682025036947, 48.4744859898133], [-89.1679533521678, 48.4745314198469], [-89.1677017369255, 48.4745703875432], [-89.1674480369667, 48.4746028342044], [-89.1673469593849, 48.4746093096776], [-89.1672454172541, 48.4746098736037], [-89.1671441910934, 48.4746045216474], [-89.1670440589923, 48.474593294947], [-89.1670226858409, 48.4745901103557], [-89.1669591995839, 48.4745789641376], [-89.1668967653232, 48.4745654436632], [-89.1668355837218, 48.474549592387], [-89.1667758514157, 48.474531461255], [-89.1667177603827, 48.4745111085402], [-89.1666614973246, 48.474488599656], [-89.1666072430677, 48.4744640069455], [-89.1665551719812, 48.474437409449], [-89.1664960570181, 48.4744081385198], [-89.1664353371466, 48.4743803580217], [-89.1663730973167, 48.47435410682], [-89.1663094246045, 48.4743294216404], [-89.1662444080902, 48.4743063370177], [-89.1661781387338, 48.4742848852473], [-89.1661107092475, 48.4742650963404], [-89.1660422139663, 48.4742469979817], [-89.165972748716, 48.474230615491], [-89.1659024106787, 48.4742159717873], [-89.1658312982578, 48.4742030873573], [-89.1657595109396, 48.4741919802262], [-89.1656871491542, 48.4741826659331], [-89.1656143141355, 48.4741751575085], [-89.1655411077791, 48.474169465457], [-89.1654676325002, 48.4741655977416], [-89.1653939910898, 48.4741635597735], [-89.1653202865717, 48.4741633544039], [-89.1652466220578, 48.4741649819201], [-89.1651731006038, 48.4741684400454], [-89.1650998250657, 48.4741737239421], [-89.1650268979555, 48.4741808262181], [-89.1649544212976, 48.4741897369376], [-89.1648824964868, 48.4742004436345], [-89.1648112241456, 48.4742129313304], [-89.1647407039842, 48.4742271825553], [-89.1646710346608, 48.4742431773717], [-89.1646023136434, 48.4742608934031], [-89.1645346370736, 48.4742803058649], [-89.1644680996323, 48.4743013875992], [-89.1644027944069, 48.4743241091126], [-89.1643388127616, 48.4743484386177], [-89.1636490217004, 48.4746500290202], [-89.1636434754408, 48.4746526750421], [-89.1633152914252, 48.4748219937143], [-89.1629830378851, 48.4749877673605], [-89.1626468014096, 48.4751499527573], [-89.1623066696286, 48.4753085076164], [-89.1619627311907, 48.4754633905955], [-89.1616150757391, 48.4756145613095], [-89.1612637938889, 48.4757619803406], [-89.1609089772033, 48.4759056092492], [-89.153602414706, 48.4788154780475]]}, "properties": {"OBJECTID": 4539, "ROAD_CLASS": null, "OP2002_ROW": "30 m", "OP2018_ROW": "30 m", "Shape__Length": 1575.6844316333668}}, {"type": "Feature", "id": 4540, "geometry": {"type": "LineString", "coordinates": [[-89.2582460718756, 48.4631590670371], [-89.2584648524605, 48.4631625806401], [-89.2588840438192, 48.4631187784999], [-89.2593046619094, 48.4630815157866], [-89.2597264761737, 48.4630508129226], [-89.2601492554007, 48.4630266867346], [-89.2605727678511, 48.4630091504444], [-89.2609967813848, 48.4629982136618], [-89.261421063588, 48.4629938823789], [-89.2618453819, 48.4629961589672], [-89.2620306662948, 48.4629906756943]]}, "properties": {"OBJECTID": 4540, "ROAD_CLASS": null, "OP2002_ROW": "30 m", "OP2018_ROW": "30 m", "Shape__Length": 280.94319643872086}}, {"type": "Feature", "id": 4541, "geometry": {"type": "LineString", "coordinates": [[-89.2370978417574, 48.4291635784876], [-89.2383162717233, 48.4292072562095]]}, "properties": {"OBJECTID": 4541, "ROAD_CLASS": null, "OP2002_ROW": "26 m", "OP2018_ROW": "24 m", "Shape__Length": 90.29402200078206}}, {"type": "Feature", "id": 4542, "geometry": {"type": "LineString", "coordinates": [[-89.2382723726479, 48.4296173431285], [-89.2382816167499, 48.4296004076952], [-89.2382888268127, 48.4295830401362], [-89.2382939579965, 48.4295653484666], [-89.2382969783906, 48.4295474427171], [-89.2383162717233, 48.4292072562095]]}, "properties": {"OBJECTID": 4542, "ROAD_CLASS": null, "OP2002_ROW": "TBD", "OP2018_ROW": "20 m", "Shape__Length": 45.8688061537768}}, {"type": "Feature", "id": 4543, "geometry": {"type": "LineString", "coordinates": [[-89.2137451485992, 48.4454497303343], [-89.2127783834886, 48.4461611529139]]}, "properties": {"OBJECTID": 4543, "ROAD_CLASS": null, "OP2002_ROW": "26 m", "OP2018_ROW": "24 m", "Shape__Length": 106.63961742105346}}, {"type": "Feature", "id": 4544, "geometry": {"type": "LineString", "coordinates": [[-89.1850403600078, 48.4688768934301], [-89.1877878205222, 48.468885089654]]}, "properties": {"OBJECTID": 4544, "ROAD_CLASS": null, "OP2002_ROW": "30 m", "OP2018_ROW": "30 m", "Shape__Length": 203.15139976872922}}, {"type": "Feature", "id": 4545, "geometry": {"type": "LineString", "coordinates": [[-89.1951189089653, 48.4525180629603], [-89.197589755123, 48.4545290307447]]}, "properties": {"OBJECTID": 4545, "ROAD_CLASS": null, "OP2002_ROW": "26 m", "OP2018_ROW": "24 m", "Shape__Length": 288.78300743033003}}, {"type": "Feature", "id": 4546, "geometry": {"type": "LineString", "coordinates": [[-89.22942299428, 48.4317944552265], [-89.2310521933185, 48.4302344873737]]}, "properties": {"OBJECTID": 4546, "ROAD_CLASS": null, "OP2002_ROW": "26 m", "OP2018_ROW": "24 m", "Shape__Length": 211.23506590858656}}, {"type": "Feature", "id": 4547, "geometry": {"type": "LineString", "coordinates": [[-89.2474142681977, 48.432116749706], [-89.2482605463964, 48.4323662841652]]}, "properties": {"OBJECTID": 4547, "ROAD_CLASS": null, "OP2002_ROW": "26 m", "OP2018_ROW": "24 m", "Shape__Length": 68.49235219319698}}, {"type": "Feature", "id": 4548, "geometry": {"type": "LineString", "coordinates": [[-89.2432483050719, 48.4290086331649], [-89.2435678120575, 48.428971546694], [-89.243886689458, 48.4289321342096], [-89.2442048990299, 48.4288904004392], [-89.24452240261, 48.4288463503891]]}, "properties": {"OBJECTID": 4548, "ROAD_CLASS": null, "OP2002_ROW": "26 m", "OP2018_ROW": "24 m", "Shape__Length": 96.00222081039996}}, {"type": "Feature", "id": 4549, "geometry": {"type": "LineString", "coordinates": [[-89.2241426739859, 48.445371977978], [-89.2245197207091, 48.4454805107668]]}, "properties": {"OBJECTID": 4549, "ROAD_CLASS": null, "OP2002_ROW": "26 m", "OP2018_ROW": "24 m", "Shape__Length": 30.391029470955402}}, {"type": "Feature", "id": 4550, "geometry": {"type": "LineString", "coordinates": [[-89.2470326463138, 48.4434104603525], [-89.2470382933931, 48.443401998727], [-89.2474312932319, 48.4427402823804], [-89.2474588771861, 48.4426865216261], [-89.2474831557432, 48.4426320596788], [-89.2475040888281, 48.4425769864596], [-89.2475216418895, 48.4425213928987]]}, "properties": {"OBJECTID": 4550, "ROAD_CLASS": null, "OP2002_ROW": "TBD", "OP2018_ROW": "20 m", "Shape__Length": 105.41082412643254}}, {"type": "Feature", "id": 4551, "geometry": {"type": "LineString", "coordinates": [[-89.2330435317965, 48.4282260628948], [-89.2344389328289, 48.4286185864054]]}, "properties": {"OBJECTID": 4551, "ROAD_CLASS": null, "OP2002_ROW": "26 m", "OP2018_ROW": "24 m", "Shape__Length": 112.10551070325883}}, {"type": "Feature", "id": 4552, "geometry": {"type": "LineString", "coordinates": [[-89.2581768517005, 48.460003580551], [-89.2582460718756, 48.4631590670371]]}, "properties": {"OBJECTID": 4552, "ROAD_CLASS": null, "OP2002_ROW": "TBD", "OP2018_ROW": "24 m", "Shape__Length": 350.9049530217731}}, {"type": "Feature", "id": 4553, "geometry": {"type": "LineString", "coordinates": [[-89.2251585347091, 48.4359136090069], [-89.2256540210664, 48.4354466856015]]}, "properties": {"OBJECTID": 4553, "ROAD_CLASS": null, "OP2002_ROW": "26 m", "OP2018_ROW": "24 m", "Shape__Length": 63.556965027328864}}, {"type": "Feature", "id": 4554, "geometry": {"type": "LineString", "coordinates": [[-89.2352432486747, 48.4484544001149], [-89.238196534199, 48.4492431150582]]}, "properties": {"OBJECTID": 4554, "ROAD_CLASS": null, "OP2002_ROW": "26 m", "OP2018_ROW": "24 m", "Shape__Length": 235.4033431786804}}, {"type": "Feature", "id": 4555, "geometry": {"type": "LineString", "coordinates": [[-89.2419333811135, 48.429108353679], [-89.2432483050719, 48.4290086331649]]}, "properties": {"OBJECTID": 4555, "ROAD_CLASS": null, "OP2002_ROW": "26 m", "OP2018_ROW": "24 m", "Shape__Length": 97.93394236046807}}, {"type": "Feature", "id": 4556, "geometry": {"type": "LineString", "coordinates": [[-89.2153057662838, 48.4387318005511], [-89.2146040100374, 48.4394852786743]]}, "properties": {"OBJECTID": 4556, "ROAD_CLASS": null, "OP2002_ROW": "TBD", "OP2018_ROW": "20 m", "Shape__Length": 98.56314196675845}}, {"type": "Feature", "id": 4557, "geometry": {"type": "LineString", "coordinates": [[-89.2280358055348, 48.4464623251665], [-89.2303794402197, 48.4471075750271]]}, "properties": {"OBJECTID": 4557, "ROAD_CLASS": null, "OP2002_ROW": "26 m", "OP2018_ROW": "24 m", "Shape__Length": 187.6269678747588}}, {"type": "Feature", "id": 4558, "geometry": {"type": "LineString", "coordinates": [[-89.2255826989137, 48.4476437180375], [-89.2255964869682, 48.4480103410811]]}, "properties": {"OBJECTID": 4558, "ROAD_CLASS": null, "OP2002_ROW": "26 m", "OP2018_ROW": "24 m", "Shape__Length": 40.778136251504534}}, {"type": "Feature", "id": 4559, "geometry": {"type": "LineString", "coordinates": [[-89.2335306249709, 48.4373753961717], [-89.2339859178951, 48.4366464488184]]}, "properties": {"OBJECTID": 4559, "ROAD_CLASS": null, "OP2002_ROW": "TBD", "OP2018_ROW": "20 m", "Shape__Length": 87.77429350042735}}, {"type": "Feature", "id": 4560, "geometry": {"type": "LineString", "coordinates": [[-89.2199596837616, 48.4409997429491], [-89.2187914987502, 48.4420589712535]]}, "properties": {"OBJECTID": 4560, "ROAD_CLASS": null, "OP2002_ROW": "26 m", "OP2018_ROW": "24 m", "Shape__Length": 146.08375945070856}}, {"type": "Feature", "id": 4561, "geometry": {"type": "LineString", "coordinates": [[-89.2187914987502, 48.4420589712535], [-89.2183192555562, 48.4425371762], [-89.2182866429076, 48.4425634271895], [-89.2182523713065, 48.4425887253471], [-89.2182165035706, 48.4426130243006], [-89.2181791054438, 48.4426362795098], [-89.2181402454757, 48.4426584483474], [-89.2180999948956, 48.4426794901772], [-89.218058427482, 48.4426993664291], [-89.2180156194276, 48.4427180406692]]}, "properties": {"OBJECTID": 4561, "ROAD_CLASS": null, "OP2002_ROW": "26 m", "OP2018_ROW": "24 m", "Shape__Length": 93.92046860490962}}, {"type": "Feature", "id": 4562, "geometry": {"type": "LineString", "coordinates": [[-89.2208985965939, 48.4400614939955], [-89.2205665007565, 48.4403766624279]]}, "properties": {"OBJECTID": 4562, "ROAD_CLASS": null, "OP2002_ROW": "26 m", "OP2018_ROW": "24 m", "Shape__Length": 42.798835859849866}}, {"type": "Feature", "id": 4563, "geometry": {"type": "LineString", "coordinates": [[-89.2214970771174, 48.4394804877703], [-89.2208985965939, 48.4400614939955]]}, "properties": {"OBJECTID": 4563, "ROAD_CLASS": null, "OP2002_ROW": "26 m", "OP2018_ROW": "24 m", "Shape__Length": 78.32020132092451}}, {"type": "Feature", "id": 4564, "geometry": {"type": "LineString", "coordinates": [[-89.2205665007565, 48.4403766624279], [-89.2199596837616, 48.4409997429491]]}, "properties": {"OBJECTID": 4564, "ROAD_CLASS": null, "OP2002_ROW": "26 m", "OP2018_ROW": "24 m", "Shape__Length": 82.55498498485316}}, {"type": "Feature", "id": 4565, "geometry": {"type": "LineString", "coordinates": [[-89.2172431344128, 48.4429945031523], [-89.2169133635108, 48.4431872230289], [-89.2164750219317, 48.4434857062928]]}, "properties": {"OBJECTID": 4565, "ROAD_CLASS": null, "OP2002_ROW": "26 m", "OP2018_ROW": "24 m", "Shape__Length": 78.8719706189629}}, {"type": "Feature", "id": 4566, "geometry": {"type": "LineString", "coordinates": [[-89.22185183467, 48.439146338974], [-89.2214970771174, 48.4394804877703]]}, "properties": {"OBJECTID": 4566, "ROAD_CLASS": null, "OP2002_ROW": "26 m", "OP2018_ROW": "24 m", "Shape__Length": 45.489926629956294}}, {"type": "Feature", "id": 4567, "geometry": {"type": "LineString", "coordinates": [[-89.2222233404126, 48.438764232855], [-89.22185183467, 48.439146338974]]}, "properties": {"OBJECTID": 4567, "ROAD_CLASS": null, "OP2002_ROW": "26 m", "OP2018_ROW": "24 m", "Shape__Length": 50.60243390330962}}, {"type": "Feature", "id": 4568, "geometry": {"type": "LineString", "coordinates": [[-89.2231658668175, 48.4378892224414], [-89.2225327670376, 48.4384814775193], [-89.2225016224839, 48.4385128383889], [-89.2224855915525, 48.4385282807067], [-89.2224635499526, 48.4385484898663], [-89.2222233404126, 48.438764232855]]}, "properties": {"OBJECTID": 4568, "ROAD_CLASS": null, "OP2002_ROW": "26 m", "OP2018_ROW": "24 m", "Shape__Length": 119.71065705057752}}, {"type": "Feature", "id": 4569, "geometry": {"type": "LineString", "coordinates": [[-89.2255755259512, 48.4472320236998], [-89.2255826989137, 48.4476437180375]]}, "properties": {"OBJECTID": 4569, "ROAD_CLASS": null, "OP2002_ROW": "26 m", "OP2018_ROW": "24 m", "Shape__Length": 45.77999747885748}}, {"type": "Feature", "id": 4570, "geometry": {"type": "LineString", "coordinates": [[-89.2257502349218, 48.4458299543532], [-89.2263410393116, 48.4459941003313], [-89.2263932593834, 48.4460084317849], [-89.2264193293682, 48.446015268977], [-89.2264541100877, 48.4460240861123], [-89.2268285770756, 48.4461179057238]]}, "properties": {"OBJECTID": 4570, "ROAD_CLASS": null, "OP2002_ROW": "26 m", "OP2018_ROW": "24 m", "Shape__Length": 85.96810853314462}}, {"type": "Feature", "id": 4571, "geometry": {"type": "LineString", "coordinates": [[-89.2255142501408, 48.4602754345255], [-89.2254822998488, 48.4617709976536]]}, "properties": {"OBJECTID": 4571, "ROAD_CLASS": null, "OP2002_ROW": "26 m", "OP2018_ROW": "24 m", "Shape__Length": 166.31109562110828}}, {"type": "Feature", "id": 4572, "geometry": {"type": "LineString", "coordinates": [[-89.2504777819663, 48.4329584876818], [-89.2507275959263, 48.4330322109729]]}, "properties": {"OBJECTID": 4572, "ROAD_CLASS": null, "OP2002_ROW": "26 m", "OP2018_ROW": "24 m", "Shape__Length": 20.22094737221308}}, {"type": "Feature", "id": 4573, "geometry": {"type": "LineString", "coordinates": [[-89.2587793308135, 48.4387858493722], [-89.2601350916486, 48.440074443001]]}, "properties": {"OBJECTID": 4573, "ROAD_CLASS": null, "OP2002_ROW": "30 m", "OP2018_ROW": "30 m", "Shape__Length": 174.90300807258765}}, {"type": "Feature", "id": 4574, "geometry": {"type": "LineString", "coordinates": [[-89.2485209417577, 48.4324310006116], [-89.2496302816725, 48.4327252272731]]}, "properties": {"OBJECTID": 4574, "ROAD_CLASS": null, "OP2002_ROW": "26 m", "OP2018_ROW": "24 m", "Shape__Length": 88.36484602480509}}, {"type": "Feature", "id": 4575, "geometry": {"type": "LineString", "coordinates": [[-89.2661622351282, 48.4458198935386], [-89.2669502390296, 48.4465513013501]]}, "properties": {"OBJECTID": 4575, "ROAD_CLASS": null, "OP2002_ROW": "TBD", "OP2018_ROW": "30 m", "Shape__Length": 100.061038323329}}, {"type": "Feature", "id": 4576, "geometry": {"type": "LineString", "coordinates": [[-89.2429389845441, 48.4308848397745], [-89.2440434145069, 48.4311882042396]]}, "properties": {"OBJECTID": 4576, "ROAD_CLASS": null, "OP2002_ROW": "26 m", "OP2018_ROW": "24 m", "Shape__Length": 88.41223961496313}}, {"type": "Feature", "id": 4577, "geometry": {"type": "LineString", "coordinates": [[-89.2418580907095, 48.4305898881484], [-89.2429389845441, 48.4308848397745]]}, "properties": {"OBJECTID": 4577, "ROAD_CLASS": null, "OP2002_ROW": "26 m", "OP2018_ROW": "24 m", "Shape__Length": 86.44611719566316}}, {"type": "Feature", "id": 4578, "geometry": {"type": "LineString", "coordinates": [[-89.1777939407395, 48.4688152309681], [-89.1779429600331, 48.4688155552576], [-89.1799867121187, 48.4688256312825], [-89.1821655899918, 48.4688708305827]]}, "properties": {"OBJECTID": 4578, "ROAD_CLASS": null, "OP2002_ROW": "30 m", "OP2018_ROW": "30 m", "Shape__Length": 323.3261340310005}}, {"type": "Feature", "id": 4579, "geometry": {"type": "LineString", "coordinates": [[-89.2507275959263, 48.4330322109729], [-89.251821394171, 48.4333293038229]]}, "properties": {"OBJECTID": 4579, "ROAD_CLASS": null, "OP2002_ROW": "26 m", "OP2018_ROW": "24 m", "Shape__Length": 87.41670782380046}}, {"type": "Feature", "id": 4580, "geometry": {"type": "LineString", "coordinates": [[-89.1969564168378, 48.4698950766637], [-89.1971148584908, 48.4698800628066], [-89.1972374912261, 48.469863313575], [-89.197359182568, 48.4698437626453], [-89.1974797878053, 48.469821433267], [-89.1975991635191, 48.4697963519941], [-89.197717167753, 48.4697685486527], [-89.1978336601823, 48.469738056306], [-89.1979485022809, 48.4697049112148], [-89.198061557486, 48.4696691527944], [-89.1991394087443, 48.4693202176529]]}, "properties": {"OBJECTID": 4580, "ROAD_CLASS": null, "OP2002_ROW": "30 m", "OP2018_ROW": "30 m", "Shape__Length": 174.5295269845544}}, {"type": "Feature", "id": 4581, "geometry": {"type": "LineString", "coordinates": [[-89.2555507964136, 48.4632002686394], [-89.2580584167396, 48.4631653519127], [-89.2582460718756, 48.4631590670371]]}, "properties": {"OBJECTID": 4581, "ROAD_CLASS": null, "OP2002_ROW": "30 m", "OP2018_ROW": "30 m", "Shape__Length": 199.3754981633496}}, {"type": "Feature", "id": 4582, "geometry": {"type": "LineString", "coordinates": [[-89.1991394087443, 48.4693202176529], [-89.2012526893459, 48.4686494572041]]}, "properties": {"OBJECTID": 4582, "ROAD_CLASS": null, "OP2002_ROW": "30 m", "OP2018_ROW": "30 m", "Shape__Length": 173.14472976833304}}, {"type": "Feature", "id": 4583, "geometry": {"type": "LineString", "coordinates": [[-89.2245197207091, 48.4454805107668], [-89.2255436481265, 48.4457696794306]]}, "properties": {"OBJECTID": 4583, "ROAD_CLASS": null, "OP2002_ROW": "26 m", "OP2018_ROW": "24 m", "Shape__Length": 82.28727880928605}}, {"type": "Feature", "id": 4584, "geometry": {"type": "LineString", "coordinates": [[-89.2254867234209, 48.4539973956271], [-89.2254791293726, 48.4548134612734]]}, "properties": {"OBJECTID": 4584, "ROAD_CLASS": null, "OP2002_ROW": "26 m", "OP2018_ROW": "24 m", "Shape__Length": 90.74142397684345}}, {"type": "Feature", "id": 4585, "geometry": {"type": "LineString", "coordinates": [[-89.2482760004924, 48.4277694333902], [-89.2483210426527, 48.4277566123879], [-89.2483658431781, 48.4277434217348], [-89.2484103952198, 48.4277298634474], [-89.2484546919671, 48.4277159395984], [-89.2484987266481, 48.4277016523165], [-89.2485424925313, 48.427687003786], [-89.2485859829261, 48.4276719962462], [-89.2486291911842, 48.4276566319915]]}, "properties": {"OBJECTID": 4585, "ROAD_CLASS": null, "OP2002_ROW": "26 m", "OP2018_ROW": "24 m", "Shape__Length": 29.002329815664602}}, {"type": "Feature", "id": 4586, "geometry": {"type": "LineString", "coordinates": [[-89.2254866466281, 48.4533776281162], [-89.2254867234209, 48.4539973956271]]}, "properties": {"OBJECTID": 4586, "ROAD_CLASS": null, "OP2002_ROW": "26 m", "OP2018_ROW": "24 m", "Shape__Length": 68.91296438832589}}, {"type": "Feature", "id": 4587, "geometry": {"type": "LineString", "coordinates": [[-89.1943215346463, 48.4695158951085], [-89.1945686831101, 48.4696096860105], [-89.1946896291951, 48.4696525165737], [-89.1948128332686, 48.4696924000009], [-89.1949381329943, 48.4697292837397], [-89.1950653632731, 48.46976311919], [-89.1951943564613, 48.4697938617683], [-89.1953249425913, 48.4698214709666], [-89.1954569495957, 48.4698459104052], [-89.195590203534, 48.4698671478814], [-89.195724528822, 48.4698851554116], [-89.1958597484633, 48.4698999092679], [-89.1959956842826, 48.46991139001], [-89.1961321571605, 48.4699195825104], [-89.1962689872694, 48.4699244759744], [-89.1964059943113, 48.4699260639544], [-89.1965429977546, 48.4699243443583], [-89.1966798170727, 48.4699193194523], [-89.1969564168378, 48.4698950766637]]}, "properties": {"OBJECTID": 4587, "ROAD_CLASS": null, "OP2002_ROW": "30 m", "OP2018_ROW": "30 m", "Shape__Length": 203.78618617743936}}, {"type": "Feature", "id": 4588, "geometry": {"type": "LineString", "coordinates": [[-89.2344389328289, 48.4286185864054], [-89.2357577374797, 48.4289800863387]]}, "properties": {"OBJECTID": 4588, "ROAD_CLASS": null, "OP2002_ROW": "26 m", "OP2018_ROW": "24 m", "Shape__Length": 105.54539110072933}}, {"type": "Feature", "id": 4589, "geometry": {"type": "LineString", "coordinates": [[-89.2012526893459, 48.4686494572041], [-89.2018563938922, 48.4684580578149], [-89.2027026703405, 48.4681755895582], [-89.2028100785638, 48.4681331626054], [-89.2029153606155, 48.4680884410318], [-89.2030184056862, 48.4680414719096], [-89.2031191053219, 48.4679923046766], [-89.2032173535382, 48.4679409910839], [-89.2033130469318, 48.4678875851417], [-89.2034060847896, 48.4678321430623], [-89.2034963691945, 48.467774723201], [-89.2035838051283, 48.4677153859943], [-89.203668300572, 48.4676541938968], [-89.2037497666027, 48.4675912113153], [-89.2038281174869, 48.4675265045405], [-89.2039032707706, 48.4674601416779], [-89.2039751473666, 48.4673921925757], [-89.2040436716372, 48.4673227287514], [-89.204108771474, 48.4672518233162], [-89.2060482284656, 48.4651298214686], [-89.206128861447, 48.4650373417425], [-89.2062151523583, 48.464947148731], [-89.2063069547774, 48.4648593954462], [-89.2064041129344, 48.4647742307599], [-89.2065064619757, 48.4646917991519], [-89.2066138282445, 48.4646122404646], [-89.2067260295744, 48.464535689666], [-89.2068428755997, 48.4644622766205], [-89.2069641680774, 48.464392125869], [-89.2070897012243, 48.4643253564176], [-89.2072192620654, 48.4642620815356], [-89.2073526307957, 48.4642024085636], [-89.207489581153, 48.4641464387316], [-89.2076298808014, 48.464094266987], [-89.2077732917255, 48.4640459818338], [-89.2079195706344, 48.4640016651824], [-89.2080422254674, 48.4639681474366], [-89.2081665214885, 48.4639374200952], [-89.2082923152224, 48.463909518626], [-89.208419461466, 48.4638844752346], [-89.2085478134556, 48.4638623188277], [-89.2086772230363, 48.4638430749796], [-89.2088075408334, 48.4638267659024], [-89.208938616424, 48.4638134104211], [-89.2093773609899, 48.4637900888782]]}, "properties": {"OBJECTID": 4589, "ROAD_CLASS": null, "OP2002_ROW": "30 m", "OP2018_ROW": "30 m", "Shape__Length": 844.5849268253786}}, {"type": "Feature", "id": 4590, "geometry": {"type": "LineString", "coordinates": [[-89.2254768638352, 48.4499954381499], [-89.2254752460374, 48.4502023981231]]}, "properties": {"OBJECTID": 4590, "ROAD_CLASS": null, "OP2002_ROW": "26 m", "OP2018_ROW": "24 m", "Shape__Length": 23.0125159630985}}, {"type": "Feature", "id": 4591, "geometry": {"type": "LineString", "coordinates": [[-89.2569571689922, 48.4370297617046], [-89.2587793308135, 48.4387858493722]]}, "properties": {"OBJECTID": 4591, "ROAD_CLASS": null, "OP2002_ROW": "30 m", "OP2018_ROW": "30 m", "Shape__Length": 237.28361217781864}}, {"type": "Feature", "id": 4592, "geometry": {"type": "LineString", "coordinates": [[-89.2305179982335, 48.4275103442316], [-89.2317974483889, 48.4278752033735]]}, "properties": {"OBJECTID": 4592, "ROAD_CLASS": null, "OP2002_ROW": "26 m", "OP2018_ROW": "24 m", "Shape__Length": 103.00690013178969}}, {"type": "Feature", "id": 4593, "geometry": {"type": "LineString", "coordinates": [[-89.2146040100374, 48.4394852786743], [-89.2144188472155, 48.4397551698148], [-89.2144109936255, 48.4397663660911], [-89.21440290918, 48.4397774777378], [-89.2143943712894, 48.4397884235661], [-89.2143899945515, 48.4397936254872], [-89.2143808481735, 48.4398038875377], [-89.2143665927247, 48.4398190848906], [-89.2143423623711, 48.4398442426346], [-89.2143130857694, 48.4398743506596], [-89.2143032189226, 48.4398843395597], [-89.2142875435673, 48.4398998782423], [-89.2142557126037, 48.4399307336155], [-89.2142395407752, 48.439945894965], [-89.214223237147, 48.4399606998572], [-89.2141023204725, 48.4400686224119]]}, "properties": {"OBJECTID": 4593, "ROAD_CLASS": null, "OP2002_ROW": "TBD", "OP2018_ROW": "20 m", "Shape__Length": 75.04418674276945}}, {"type": "Feature", "id": 4594, "geometry": {"type": "LineString", "coordinates": [[-89.2486291911842, 48.4276566319915], [-89.2487185242132, 48.4276272698349], [-89.2488074165306, 48.4275973211657], [-89.2488958594428, 48.427566788913], [-89.2489838443003, 48.4275356760631], [-89.2490713624983, 48.4275039856594], [-89.2491584054778, 48.4274717208012], [-89.2492449647263, 48.4274388846444], [-89.2493310317787, 48.4274054804006]]}, "properties": {"OBJECTID": 4594, "ROAD_CLASS": null, "OP2002_ROW": "26 m", "OP2018_ROW": "24 m", "Shape__Length": 58.98483160567825}}, {"type": "Feature", "id": 4595, "geometry": {"type": "LineString", "coordinates": [[-89.2496423072841, 48.4632434448535], [-89.2555507964136, 48.4632002686394]]}, "properties": {"OBJECTID": 4595, "ROAD_CLASS": null, "OP2002_ROW": "30 m", "OP2018_ROW": "30 m", "Shape__Length": 436.9618547883536}}, {"type": "Feature", "id": 4596, "geometry": {"type": "LineString", "coordinates": [[-89.2255426270883, 48.4464723312726], [-89.2255755259512, 48.4472320236998]]}, "properties": {"OBJECTID": 4596, "ROAD_CLASS": null, "OP2002_ROW": "26 m", "OP2018_ROW": "24 m", "Shape__Length": 84.50640313024414}}, {"type": "Feature", "id": 4597, "geometry": {"type": "LineString", "coordinates": [[-89.2176522858048, 48.4431986646726], [-89.218987101063, 48.4438193218722]]}, "properties": {"OBJECTID": 4597, "ROAD_CLASS": null, "OP2002_ROW": "26 m", "OP2018_ROW": "24 m", "Shape__Length": 120.47265000475696}}, {"type": "Feature", "id": 4598, "geometry": {"type": "LineString", "coordinates": [[-89.2303794402197, 48.4471075750271], [-89.2310546033018, 48.4472877992831]]}, "properties": {"OBJECTID": 4598, "ROAD_CLASS": null, "OP2002_ROW": "26 m", "OP2018_ROW": "24 m", "Shape__Length": 53.8143460761414}}, {"type": "Feature", "id": 4599, "geometry": {"type": "LineString", "coordinates": [[-89.2496302816725, 48.4327252272731], [-89.2504777819663, 48.4329584876818]]}, "properties": {"OBJECTID": 4599, "ROAD_CLASS": null, "OP2002_ROW": "26 m", "OP2018_ROW": "24 m", "Shape__Length": 67.86241920747109}}, {"type": "Feature", "id": 4600, "geometry": {"type": "LineString", "coordinates": [[-89.2093773609899, 48.4637900888782], [-89.2120796549936, 48.4637492829221]]}, "properties": {"OBJECTID": 4600, "ROAD_CLASS": null, "OP2002_ROW": "30 m", "OP2018_ROW": "30 m", "Shape__Length": 199.88272522839165}}, {"type": "Feature", "id": 4601, "geometry": {"type": "LineString", "coordinates": [[-89.2653723578829, 48.4450670793066], [-89.2661622351282, 48.4458198935386]]}, "properties": {"OBJECTID": 4601, "ROAD_CLASS": null, "OP2002_ROW": "TBD", "OP2018_ROW": "30 m", "Shape__Length": 102.08478402953729}}, {"type": "Feature", "id": 4602, "geometry": {"type": "LineString", "coordinates": [[-89.2407849221343, 48.4291746166066], [-89.2419333811135, 48.429108353679]]}, "properties": {"OBJECTID": 4602, "ROAD_CLASS": null, "OP2002_ROW": "26 m", "OP2018_ROW": "24 m", "Shape__Length": 85.30444447585077}}, {"type": "Feature", "id": 4603, "geometry": {"type": "LineString", "coordinates": [[-89.2688772987618, 48.4483878203277], [-89.2696302162397, 48.4491345207441]]}, "properties": {"OBJECTID": 4603, "ROAD_CLASS": null, "OP2002_ROW": "TBD", "OP2018_ROW": "30 m", "Shape__Length": 99.97763385785505}}, {"type": "Feature", "id": 4604, "geometry": {"type": "LineString", "coordinates": [[-89.2155858511081, 48.4418830261713], [-89.2156918282877, 48.4419776626418], [-89.2158025532285, 48.4420698614663], [-89.2159178993884, 48.4421595172548], [-89.2160377349413, 48.4422465275241], [-89.2172431344128, 48.4429945031523]]}, "properties": {"OBJECTID": 4604, "ROAD_CLASS": null, "OP2002_ROW": "26 m", "OP2018_ROW": "24 m", "Shape__Length": 174.43118458007726}}, {"type": "Feature", "id": 4605, "geometry": {"type": "LineString", "coordinates": [[-89.2174962745, 48.4365977061811], [-89.2167699389527, 48.4373084155568]]}, "properties": {"OBJECTID": 4605, "ROAD_CLASS": null, "OP2002_ROW": "TBD", "OP2018_ROW": "20 m", "Shape__Length": 95.56601968610376}}, {"type": "Feature", "id": 4606, "geometry": {"type": "LineString", "coordinates": [[-89.2317974483889, 48.4278752033735], [-89.2328891581684, 48.4281804977805], [-89.2330435317965, 48.4282260628948]]}, "properties": {"OBJECTID": 4606, "ROAD_CLASS": null, "OP2002_ROW": "26 m", "OP2018_ROW": "24 m", "Shape__Length": 100.12680299292538}}, {"type": "Feature", "id": 4607, "geometry": {"type": "LineString", "coordinates": [[-89.251821394171, 48.4333293038229], [-89.2529528086342, 48.4336289623101]]}, "properties": {"OBJECTID": 4607, "ROAD_CLASS": null, "OP2002_ROW": "26 m", "OP2018_ROW": "24 m", "Shape__Length": 90.10451708090913}}, {"type": "Feature", "id": 4608, "geometry": {"type": "LineString", "coordinates": [[-89.2315454648819, 48.4474163194314], [-89.2331761004241, 48.4478686945038]]}, "properties": {"OBJECTID": 4608, "ROAD_CLASS": null, "OP2002_ROW": "26 m", "OP2018_ROW": "24 m", "Shape__Length": 130.69009141059766}}, {"type": "Feature", "id": 4609, "geometry": {"type": "LineString", "coordinates": [[-89.225496779641, 48.4595260987112], [-89.2255142501408, 48.4602754345255]]}, "properties": {"OBJECTID": 4609, "ROAD_CLASS": null, "OP2002_ROW": "26 m", "OP2018_ROW": "24 m", "Shape__Length": 83.32997698619089}}, {"type": "Feature", "id": 4610, "geometry": {"type": "LineString", "coordinates": [[-89.2650012140135, 48.4446937726437], [-89.2653723578829, 48.4450670793066]]}, "properties": {"OBJECTID": 4610, "ROAD_CLASS": null, "OP2002_ROW": "TBD", "OP2018_ROW": "30 m", "Shape__Length": 49.767907624895976}}, {"type": "Feature", "id": 4611, "geometry": {"type": "LineString", "coordinates": [[-89.2227617549549, 48.4449894669822], [-89.2232810202838, 48.4451331440042]]}, "properties": {"OBJECTID": 4611, "ROAD_CLASS": null, "OP2002_ROW": "26 m", "OP2018_ROW": "24 m", "Shape__Length": 41.60289615791738}}, {"type": "Feature", "id": 4612, "geometry": {"type": "LineString", "coordinates": [[-89.2220068293958, 48.4447799444903], [-89.2227617549549, 48.4449894669822]]}, "properties": {"OBJECTID": 4612, "ROAD_CLASS": null, "OP2002_ROW": "26 m", "OP2018_ROW": "24 m", "Shape__Length": 60.51123011661241}}, {"type": "Feature", "id": 4613, "geometry": {"type": "LineString", "coordinates": [[-89.228777135989, 48.4270156391956], [-89.2297056283402, 48.4272819586646]]}, "properties": {"OBJECTID": 4613, "ROAD_CLASS": null, "OP2002_ROW": "26 m", "OP2018_ROW": "24 m", "Shape__Length": 74.82008139701375}}, {"type": "Feature", "id": 4614, "geometry": {"type": "LineString", "coordinates": [[-89.2463097613117, 48.431814404221], [-89.2474142681977, 48.432116749706]]}, "properties": {"OBJECTID": 4614, "ROAD_CLASS": null, "OP2002_ROW": "26 m", "OP2018_ROW": "24 m", "Shape__Length": 88.37305095864683}}, {"type": "Feature", "id": 4615, "geometry": {"type": "LineString", "coordinates": [[-89.2214622812327, 48.4327983173743], [-89.2219540233574, 48.4323125606894]]}, "properties": {"OBJECTID": 4615, "ROAD_CLASS": null, "OP2002_ROW": "TBD", "OP2018_ROW": "20 m", "Shape__Length": 65.12471951523231}}, {"type": "Feature", "id": 4616, "geometry": {"type": "LineString", "coordinates": [[-89.2254752460374, 48.4502023981231], [-89.2254746938249, 48.4510760590941], [-89.225485155574, 48.4522627798131]]}, "properties": {"OBJECTID": 4616, "ROAD_CLASS": null, "OP2002_ROW": "26 m", "OP2018_ROW": "24 m", "Shape__Length": 229.09939927579546}}, {"type": "Feature", "id": 4617, "geometry": {"type": "LineString", "coordinates": [[-89.2383583877225, 48.4222950992025], [-89.2383546721272, 48.4209098127812]]}, "properties": {"OBJECTID": 4617, "ROAD_CLASS": null, "OP2002_ROW": "TBD", "OP2018_ROW": "20 m", "Shape__Length": 154.03230746755347}}, {"type": "Feature", "id": 4618, "geometry": {"type": "LineString", "coordinates": [[-89.2382723726479, 48.4296173431285], [-89.2396132493814, 48.4299618764512]]}, "properties": {"OBJECTID": 4618, "ROAD_CLASS": null, "OP2002_ROW": "26 m", "OP2018_ROW": "24 m", "Shape__Length": 106.361827183331}}, {"type": "Feature", "id": 4619, "geometry": {"type": "LineString", "coordinates": [[-89.2396132493814, 48.4299618764512], [-89.2407494189243, 48.4302764427133]]}, "properties": {"OBJECTID": 4619, "ROAD_CLASS": null, "OP2002_ROW": "26 m", "OP2018_ROW": "24 m", "Shape__Length": 91.06009152253938}}, {"type": "Feature", "id": 4620, "geometry": {"type": "LineString", "coordinates": [[-89.2407494189243, 48.4302764427133], [-89.2418580907095, 48.4305898881484]]}, "properties": {"OBJECTID": 4620, "ROAD_CLASS": null, "OP2002_ROW": "26 m", "OP2018_ROW": "24 m", "Shape__Length": 89.13558592470945}}, {"type": "Feature", "id": 4621, "geometry": {"type": "LineString", "coordinates": [[-89.2172431344128, 48.4429945031523], [-89.2176522858048, 48.4431986646726]]}, "properties": {"OBJECTID": 4621, "ROAD_CLASS": null, "OP2002_ROW": "26 m", "OP2018_ROW": "24 m", "Shape__Length": 37.835441325257015}}, {"type": "Feature", "id": 4622, "geometry": {"type": "LineString", "coordinates": [[-89.2180156194276, 48.4427180406692], [-89.2179791624943, 48.4427326185712], [-89.2179419492475, 48.4427463244428], [-89.2172431344128, 48.4429945031523]]}, "properties": {"OBJECTID": 4622, "ROAD_CLASS": null, "OP2002_ROW": "26 m", "OP2018_ROW": "24 m", "Shape__Length": 64.89541859145739}}, {"type": "Feature", "id": 4623, "geometry": {"type": "LineString", "coordinates": [[-89.2727225109903, 48.4608884215835], [-89.2728521884369, 48.4608064302555], [-89.2728932935473, 48.4607797431211], [-89.2729383193127, 48.460756019217], [-89.2729867851099, 48.4607355117788], [-89.273038173598, 48.4607184397083], [-89.2730919362401, 48.460704985237], [-89.2731474991588, 48.4606952919813], [-89.2732042692612, 48.4606894634089], [-89.2732616405695, 48.4606875617354], [-89.2768868200916, 48.4606792528324], [-89.2875027973984, 48.4605579617822], [-89.2888000979471, 48.4605190309044], [-89.2889241840452, 48.4604985123727], [-89.2890456138031, 48.4604718759496], [-89.2891637063729, 48.4604392709853], [-89.2892777996217, 48.4604008802951], [-89.2893872538449, 48.4603569191341], [-89.2894914553532, 48.46030763399], [-89.289589819914, 48.4602533012009], [-89.2896817960272, 48.4601942254056], [-89.2897361496889, 48.4601540468373], [-89.2897929422492, 48.4601153893539], [-89.2898520775647, 48.4600783183944], [-89.2899134555267, 48.4600428967119], [-89.2899769722308, 48.4600091842676], [-89.2900425201529, 48.4599772381293], [-89.2901099883311, 48.4599471123746], [-89.2901792625537, 48.4599188579994], [-89.2902502255522, 48.4598925228318], [-89.2903227572002, 48.4598681514512], [-89.2903967347162, 48.4598457851123], [-89.2904720328719, 48.459825461676], [-89.2905485242041, 48.459807215545], [-89.29062607923, 48.4597910776053], [-89.2907045666667, 48.4597770751744], [-89.2907838536536, 48.4597652319549], [-89.3001093696408, 48.4595738937815], [-89.3008758672881, 48.4595848249279], [-89.3009576686751, 48.4595872483108], [-89.3010392073979, 48.4595922335476], [-89.3011203021957, 48.4595997695559], [-89.301200772794, 48.4596098395829], [-89.302466127543, 48.4597519356901], [-89.3025162794155, 48.4597606392788], [-89.3025631415382, 48.4597753680611], [-89.3025890513296, 48.4597869173314], [-89.3026128589402, 48.4598003195821], [-89.3026342662768, 48.4598154070055], [-89.3026530052988, 48.459831990694]]}, "properties": {"OBJECTID": 4623, "ROAD_CLASS": null, "OP2002_ROW": "TBD", "OP2018_ROW": "24 m", "Shape__Length": 2251.176083421895}}, {"type": "Feature", "id": 4624, "geometry": {"type": "LineString", "coordinates": [[-89.3222086438541, 48.3257194597157], [-89.3224339143385, 48.3255842686034], [-89.3225263307763, 48.3255165847696], [-89.3226247326709, 48.3254527635199], [-89.322728757694, 48.3253930398375], [-89.3228380228177, 48.3253376336178], [-89.3229521257246, 48.3252867488595], [-89.3230706462891, 48.3252405729127], [-89.3231931481244, 48.3251992757899], [-89.3233191801886, 48.3251630095403], [-89.3234282050421, 48.3251547148255], [-89.3246031910736, 48.3251823835978], [-89.3246629444482, 48.3251825925263], [-89.3247226180975, 48.325180524195], [-89.3247820170309, 48.3251761853626], [-89.3248409471555, 48.3251695902069], [-89.3248992159105, 48.3251607602783], [-89.3249566328966, 48.3251497244298], [-89.3250130104978, 48.3251365187225], [-89.3250681644953, 48.3251211863075]]}, "properties": {"OBJECTID": 4624, "ROAD_CLASS": null, "OP2002_ROW": "30 m", "OP2018_ROW": "24 m", "Shape__Length": 234.68424350930363}}, {"type": "Feature", "id": 4625, "geometry": {"type": "LineString", "coordinates": [[-89.3610028742682, 48.3234360893499], [-89.3609994792525, 48.3202148483135]]}, "properties": {"OBJECTID": 4625, "ROAD_CLASS": null, "OP2002_ROW": "30 m", "OP2018_ROW": "24 m", "Shape__Length": 358.1825545912802}}, {"type": "Feature", "id": 4626, "geometry": {"type": "LineString", "coordinates": [[-89.2867937964971, 48.354504998788], [-89.2886191474055, 48.3540187374565], [-89.288654062517, 48.3540093986054], [-89.2886801726856, 48.3540022765348], [-89.2887061156163, 48.3539948869636], [-89.2887490989952, 48.3539821663868], [-89.2897447276422, 48.3536845894983], [-89.2899508037191, 48.353623124721], [-89.2899763973822, 48.3536152397586], [-89.2899932496126, 48.3536097206757], [-89.2900015536184, 48.353606811958], [-89.2900177910708, 48.353600648301], [-89.2900417006733, 48.3535908516136], [-89.290349168087, 48.3534593556832], [-89.2905227539947, 48.3533853143955], [-89.2905384144397, 48.3533784783516], [-89.2905538782783, 48.3533714725712], [-89.2905614824226, 48.3533678597574], [-89.2905689559742, 48.3533641343772], [-89.2905763248777, 48.3533602428287], [-89.2905835604505, 48.3533562378686], [-89.2905977731471, 48.3533480036606], [-89.2906257168448, 48.3533311192554], [-89.2908063818795, 48.3532205282526], [-89.2957225056133, 48.3502164201266], [-89.302655432874, 48.3459558774586]]}, "properties": {"OBJECTID": 4626, "ROAD_CLASS": null, "OP2002_ROW": "30 m", "OP2018_ROW": "24 m", "Shape__Length": 1524.8537704537196}}, {"type": "Feature", "id": 4627, "geometry": {"type": "LineString", "coordinates": [[-89.3250681644953, 48.3251211863075], [-89.3251835449571, 48.3250960394771], [-89.3252189508821, 48.3250881595284], [-89.3252365107043, 48.3250840092037], [-89.3252452132252, 48.3250818195375], [-89.3252538376414, 48.3250795144826], [-89.3252623536426, 48.3250770505641], [-89.3252707832841, 48.3250743787493], [-89.3252791072883, 48.3250715498143], [-89.3252955442659, 48.3250655830969], [-89.3253280378196, 48.3250530878058], [-89.3254251263105, 48.3250150204714], [-89.3255628031437, 48.3249612824757], [-89.3255869340799, 48.3249516294441], [-89.3256028307106, 48.3249449969989], [-89.3256107025132, 48.3249415707539], [-89.3256340376097, 48.3249310025674], [-89.3256648679061, 48.324916618955], [-89.3258340689323, 48.3248371307893], [-89.3275497387775, 48.3240320155035], [-89.3277729377128, 48.3239273879634], [-89.3278036288026, 48.3239128770239], [-89.3278263348273, 48.3239017281871], [-89.3278337655119, 48.3238978950341], [-89.3278483523702, 48.3238899778555], [-89.3278626908206, 48.3238818497643], [-89.3278839866649, 48.3238694797136], [-89.3280536245438, 48.3237698977982], [-89.3302487872189, 48.3224892038964]]}, "properties": {"OBJECTID": 4627, "ROAD_CLASS": null, "OP2002_ROW": "30 m", "OP2018_ROW": "24 m", "Shape__Length": 484.6510753325317}}, {"type": "Feature", "id": 4628, "geometry": {"type": "LineString", "coordinates": [[-89.3428771651281, 48.3168388425804], [-89.3453320731434, 48.3168406675332]]}, "properties": {"OBJECTID": 4628, "ROAD_CLASS": null, "OP2002_ROW": "30 m", "OP2018_ROW": "24 m", "Shape__Length": 182.06863838687096}}, {"type": "Feature", "id": 4629, "geometry": {"type": "LineString", "coordinates": [[-89.2850036730845, 48.3549862021757], [-89.2850907528442, 48.3549625987506], [-89.2867937964971, 48.354504998788]]}, "properties": {"OBJECTID": 4629, "ROAD_CLASS": null, "OP2002_ROW": "30 m", "OP2018_ROW": "24 m", "Shape__Length": 143.04749783358437}}, {"type": "Feature", "id": 4630, "geometry": {"type": "LineString", "coordinates": [[-89.3335657180436, 48.3168642514254], [-89.3402493932879, 48.3168322030379]]}, "properties": {"OBJECTID": 4630, "ROAD_CLASS": null, "OP2002_ROW": "30 m", "OP2018_ROW": "24 m", "Shape__Length": 495.7071151450823}}, {"type": "Feature", "id": 4631, "geometry": {"type": "LineString", "coordinates": [[-89.3302487872189, 48.3224892038964], [-89.3303196537823, 48.3224596589483], [-89.3303874451038, 48.3224270620352], [-89.3304518661432, 48.3223915550279], [-89.3305126365305, 48.3223532924626], [-89.3305694917858, 48.322312440868], [-89.3306221844708, 48.3222691780404], [-89.3306704852656, 48.32222369227], [-89.3307141839664, 48.3221761815212], [-89.3307530904004, 48.3221268525709], [-89.3307870352531, 48.3220759201087], [-89.3308158708056, 48.3220236058022], [-89.3308394715762, 48.3219701373325], [-89.3308577348675, 48.3219157474029], [-89.330870581212, 48.3218606727265], [-89.3308779547184, 48.3218051529956], [-89.3308798233142, 48.3217494298386], [-89.3308482905692, 48.3184017518301], [-89.3308600226492, 48.3182104862442], [-89.3308681306983, 48.3181717699097], [-89.3308791309364, 48.3181333723887], [-89.3308929958399, 48.3180953897318], [-89.33090969072, 48.3180579169516], [-89.3309291738086, 48.3180210477853], [-89.3309513963635, 48.3179848744597], [-89.33097630279, 48.3179494874608], [-89.3310038307803, 48.3179149753077], [-89.3310339114692, 48.3178814243306], [-89.3310664696066, 48.3178489184555], [-89.3311014237456, 48.3178175389938], [-89.3311386864463, 48.3177873644391], [-89.3311781644947, 48.3177584702708], [-89.3312197591356, 48.3177309287655], [-89.3312633663199, 48.3177048088162], [-89.3313088769649, 48.3176801757595], [-89.3313675072533, 48.3176591138664], [-89.3335657180436, 48.3168642514254]]}, "properties": {"OBJECTID": 4631, "ROAD_CLASS": null, "OP2002_ROW": "30 m", "OP2018_ROW": "24 m", "Shape__Length": 752.6488746573334}}, {"type": "Feature", "id": 4632, "geometry": {"type": "LineString", "coordinates": [[-89.3402493932879, 48.3168322030379], [-89.341986270923, 48.3168389244264]]}, "properties": {"OBJECTID": 4632, "ROAD_CLASS": null, "OP2002_ROW": "30 m", "OP2018_ROW": "24 m", "Shape__Length": 128.81777938943907}}, {"type": "Feature", "id": 4633, "geometry": {"type": "LineString", "coordinates": [[-89.341986270923, 48.3168389244264], [-89.3428771651281, 48.3168388425804]]}, "properties": {"OBJECTID": 4633, "ROAD_CLASS": null, "OP2002_ROW": "30 m", "OP2018_ROW": "24 m", "Shape__Length": 66.07323433551613}}, {"type": "Feature", "id": 4634, "geometry": {"type": "LineString", "coordinates": [[-89.3488041719226, 48.3168366933576], [-89.3523624344459, 48.3168347200156], [-89.3563800441669, 48.3168160118511]]}, "properties": {"OBJECTID": 4634, "ROAD_CLASS": null, "OP2002_ROW": "30 m", "OP2018_ROW": "24 m", "Shape__Length": 561.87437549965}}, {"type": "Feature", "id": 4635, "geometry": {"type": "LineString", "coordinates": [[-89.2634272250851, 48.3570192094126], [-89.2585349600855, 48.3558573414952]]}, "properties": {"OBJECTID": 4635, "ROAD_CLASS": null, "OP2002_ROW": "30 m", "OP2018_ROW": "24 m", "Shape__Length": 384.8749444692718}}, {"type": "Feature", "id": 4636, "geometry": {"type": "LineString", "coordinates": [[-89.3124733744607, 48.3259782875749], [-89.3211453427917, 48.3259764434453], [-89.3213057349926, 48.3259757737287], [-89.3214189700318, 48.3259754118138], [-89.3214472668868, 48.3259752300082], [-89.3214661094176, 48.3259749502893], [-89.3214849128668, 48.3259743744383], [-89.3214942898029, 48.3259738971644], [-89.321503571569, 48.3259732553574], [-89.321512836265, 48.3259724753324], [-89.3215313278807, 48.3259706479168], [-89.3215590221159, 48.3259675648544], [-89.3216605325421, 48.3259557354881], [-89.3216881288177, 48.325952307968], [-89.3217063858119, 48.3259497114753], [-89.3217154310864, 48.3259482295595], [-89.3217243922195, 48.3259465585948], [-89.3217331029612, 48.3259446920414], [-89.3217417325023, 48.3259426417782], [-89.3217588239127, 48.3259381766373], [-89.3217757808574, 48.3259334244893], [-89.321801048944, 48.3259259986747], [-89.3218177384205, 48.3259208533319], [-89.3218341764019, 48.3259154287442], [-89.3218422335167, 48.3259125388685], [-89.3218501287559, 48.3259094714113], [-89.3218579443074, 48.3259061347376], [-89.321865592428, 48.3259026169955], [-89.3218731211533, 48.3258989658018], [-89.3218879431204, 48.3258914099398], [-89.3219098866854, 48.3258797648253], [-89.3220117969602, 48.3258249063036], [-89.3222086438541, 48.3257194597157]]}, "properties": {"OBJECTID": 4636, "ROAD_CLASS": null, "OP2002_ROW": "30 m", "OP2018_ROW": "24 m", "Shape__Length": 730.4300889831923}}, {"type": "Feature", "id": 4637, "geometry": {"type": "LineString", "coordinates": [[-89.3609994792525, 48.3202148483135], [-89.3610072537454, 48.3181488364805], [-89.3610001948102, 48.3180992076271], [-89.3609892164251, 48.3180498966419], [-89.3609743492367, 48.3180010411285], [-89.3609556347431, 48.3179527774189], [-89.3609331251781, 48.3179052401935], [-89.360906883365, 48.317858562105], [-89.3608769825414, 48.3178128734082], [-89.3608435061548, 48.3177683015969], [-89.3608065476293, 48.3177249710478], [-89.3607662101053, 48.3176830026736], [-89.3607226061511, 48.3176425135857], [-89.3606758574494, 48.3176036167671], [-89.3606260944568, 48.3175664207578], [-89.3605734560406, 48.3175310293512], [-89.3605180890908, 48.317497541305], [-89.3604601481103, 48.3174660500655], [-89.3599735062321, 48.3171364518544]]}, "properties": {"OBJECTID": 4637, "ROAD_CLASS": null, "OP2002_ROW": "30 m", "OP2018_ROW": "24 m", "Shape__Length": 369.8673019937412}}, {"type": "Feature", "id": 4638, "geometry": {"type": "LineString", "coordinates": [[-89.2850036730845, 48.3549862021757], [-89.2797754506889, 48.3564339839213], [-89.2796447593543, 48.3564702319336], [-89.2795489857256, 48.3564970078167], [-89.2795315424743, 48.3565017929845], [-89.2795140367608, 48.3565063886419], [-89.2795052381342, 48.3565085533149], [-89.2794963898448, 48.3565105732131], [-89.2794874732591, 48.3565123938213], [-89.2794784619567, 48.3565139373856], [-89.2794693436874, 48.3565151411665], [-89.2794601307819, 48.3565160697013], [-89.2794508495005, 48.3565167971482], [-89.2794415186771, 48.3565173825169], [-89.27942276803, 48.3565182832935], [-89.2794039496087, 48.3565189964641], [-89.2793003011825, 48.3565224511963], [-89.2791872973605, 48.3565264250891], [-89.2758824972438, 48.3566441831009], [-89.2758071637962, 48.3566467934944], [-89.2695303608088, 48.3568419556518]]}, "properties": {"OBJECTID": 4638, "ROAD_CLASS": null, "OP2002_ROW": "30 m", "OP2018_ROW": "24 m", "Shape__Length": 1181.4393912369878}}, {"type": "Feature", "id": 4639, "geometry": {"type": "LineString", "coordinates": [[-89.3067068244516, 48.326952992629], [-89.3063205649089, 48.3273198445634], [-89.3062523856216, 48.3273962671378], [-89.3061906106828, 48.3274750740061], [-89.3061354270256, 48.3275560267352], [-89.306087001643, 48.327638880398], [-89.3060454810829, 48.3277233843152], [-89.3060109910041, 48.3278092828131], [-89.3059836357956, 48.3278963159972], [-89.3059634982606, 48.3279842205386], [-89.3060363852064, 48.341071994623], [-89.3060296084971, 48.3412226829077], [-89.3060285456535, 48.3412415080872], [-89.306027556645, 48.3412540443374], [-89.3060269025231, 48.3412603044171], [-89.3060252255145, 48.3412725782438], [-89.3060232130487, 48.3412848354054], [-89.3060187728592, 48.3413093292654], [-89.3060073759089, 48.3413705590637], [-89.3060025177627, 48.3413950028221], [-89.3059996613514, 48.3414071608426], [-89.305998006913, 48.3414132061511], [-89.3059961228101, 48.341419216477], [-89.3059939152749, 48.3414252971723], [-89.3059914726001, 48.3414313411954], [-89.3059861198302, 48.3414433594384], [-89.3059804164935, 48.341455325329], [-89.3059478279427, 48.3415209561527], [-89.3059326904544, 48.3415507103559], [-89.3059231490754, 48.3415681859081], [-89.3059132672712, 48.3415854451493], [-89.3058965206389, 48.341614144724], [-89.3058829598117, 48.3416370579953], [-89.3058760193993, 48.3416484683531], [-89.3058688259999, 48.3416598055062], [-89.3058612321506, 48.3416710616151], [-89.305853382536, 48.3416822427753], [-89.3058413879721, 48.3416989514486], [-89.3057647926625, 48.3418045894997], [-89.305684354523, 48.3419158479179], [-89.3056720636862, 48.3419324536445], [-89.3056635889347, 48.3419434214907], [-89.3056591937117, 48.3419488469463], [-89.3056546392634, 48.3419542432039], [-89.3056452133237, 48.3419649188108], [-89.30563064963, 48.3419807756344], [-89.3055468530588, 48.3420701690148], [-89.3054780088148, 48.3421438578923], [-89.3054631826857, 48.342159613786], [-89.3054531712515, 48.3421700572852], [-89.3054429226938, 48.3421803903705], [-89.3054376488248, 48.3421854870327], [-89.3054321634559, 48.3421905924345], [-89.3054208879003, 48.3422006581917], [-89.3054035686077, 48.3422155688204], [-89.3052633648531, 48.3423340806497], [-89.3051642927232, 48.3424181691921], [-89.30515253805, 48.3424279979972], [-89.3051405956574, 48.3424377045999], [-89.3051282598142, 48.3424471563632], [-89.3051218388939, 48.3424517190637], [-89.3051151886286, 48.3424561343046], [-89.3051013888834, 48.3424646391876], [-89.3050871942984, 48.3424728883587], [-89.305072810686, 48.3424810162527], [-89.3049641791145, 48.3425414844168], [-89.3048268417938, 48.3426182636555], [-89.3048050123656, 48.3426302576449], [-89.3047902654716, 48.342638083272], [-89.304782785102, 48.3426418997057], [-89.3047676811241, 48.3426492295284], [-89.3047446258538, 48.3426598696643], [-89.3045350181139, 48.3427537673087], [-89.3045037555211, 48.342767460101], [-89.304487839969, 48.3427741835275], [-89.3044638242635, 48.3427841194592], [-89.3035079204007, 48.3431748807473], [-89.3034355740881, 48.3432043942841], [-89.3033550539856, 48.3432370784906], [-89.3033390244212, 48.3432436744764], [-89.3033231572702, 48.3432504003691], [-89.303315340584, 48.3432538563463], [-89.3033076484066, 48.3432574097007], [-89.303300128409, 48.3432610999659], [-89.3032928491773, 48.3432649815526], [-89.303285980587, 48.343269020466], [-89.3032793456557, 48.3432732427454], [-89.3032665350194, 48.3432820541984], [-89.3032479140701, 48.3432957462194], [-89.3031378507444, 48.3433792110037], [-89.303088745977, 48.3434161963212], [-89.3030394568399, 48.3434531052327], [-89.3030211314049, 48.343467008136], [-89.3030092241156, 48.3434763997975], [-89.3030034628388, 48.3434811714022], [-89.302997902244, 48.3434860235631], [-89.3029926260862, 48.3434909878933], [-89.3029877374849, 48.3434961064149], [-89.3029833407169, 48.3435013869366], [-89.3029793273792, 48.3435068199328], [-89.3029755944334, 48.3435123651796], [-89.3029720647858, 48.3435179891309], [-89.3029653863443, 48.3435293922589], [-89.3029589840853, 48.3435409041225], [-89.302927606583, 48.3435987215639], [-89.302892679229, 48.3436621957402], [-89.3028833176696, 48.3436795297652], [-89.3028773784291, 48.3436911340212], [-89.3028745869351, 48.343696965422], [-89.3028719790628, 48.3437028282351], [-89.3028696227214, 48.3437087318971], [-89.3028675441864, 48.3437147802527], [-89.3028657213494, 48.3437208720732], [-89.3028640901847, 48.3437269942448], [-89.3028611869272, 48.3437392997769], [-89.3028585528517, 48.3437516485036], [-89.3028398756968, 48.3438444447946], [-89.3028146189617, 48.3439681199799], [-89.3028109623787, 48.3439866803564], [-89.3028076700305, 48.3440052667279], [-89.3028050247955, 48.3440240164888], [-89.3028020150081, 48.344049051998], [-89.302655432874, 48.3459558774586]]}, "properties": {"OBJECTID": 4639, "ROAD_CLASS": null, "OP2002_ROW": "30 m", "OP2018_ROW": "24 m", "Shape__Length": 2229.076144129786}}, {"type": "Feature", "id": 4640, "geometry": {"type": "LineString", "coordinates": [[-89.3057647352551, 48.3441283672363], [-89.3064253574268, 48.3437641415419], [-89.3065776772768, 48.3436799581076], [-89.3065997149538, 48.3436682115352], [-89.3066071857607, 48.3436644221681], [-89.3066147626922, 48.3436607413405], [-89.3066224894984, 48.3436572113627], [-89.3066304105474, 48.3436538583369], [-89.3066384801227, 48.3436506561877], [-89.3066549119957, 48.3436445474309], [-89.3066883215572, 48.3436328804027], [-89.3067807238889, 48.3436013284688], [-89.3069149687069, 48.3435552778031], [-89.310379406078, 48.342365789547], [-89.3104464504418, 48.3423426755063], [-89.3156897916125, 48.3405076773669], [-89.3159235074869, 48.3404257819127], [-89.3159653430591, 48.3404112998646], [-89.3159822129741, 48.340405701893], [-89.3159907142734, 48.3404029969433], [-89.3159992508213, 48.340400384857], [-89.3160164550896, 48.3403953451879], [-89.3160511177542, 48.3403856323196], [-89.3162336234415, 48.340335381843], [-89.3174586478888, 48.339997496753], [-89.3178148135188, 48.3398991640861], [-89.3178496372242, 48.339889713751], [-89.3178671528764, 48.3398851794833], [-89.3178848204527, 48.33988093007], [-89.3179026359902, 48.3398769673905], [-89.3179474543099, 48.3398675692525], [-89.3181539971663, 48.3398250422003], [-89.3191595495841, 48.3396175361844], [-89.319195497774, 48.3396102131596], [-89.3192225642874, 48.3396049686637], [-89.3192498746528, 48.3396001313279], [-89.3192864267902, 48.3395940134537], [-89.321024415896, 48.3393075861271], [-89.3210609510461, 48.3393014302395], [-89.3210881970396, 48.3392964606015], [-89.3211151126244, 48.3392909019927], [-89.3211507948031, 48.3392830222796], [-89.3223888468508, 48.3390048121824], [-89.3226204802568, 48.3389528716899], [-89.3226560608697, 48.338944786616], [-89.3226825655046, 48.3389384189666], [-89.3227000253425, 48.3389338014088], [-89.3227173085069, 48.3389288599084], [-89.3227430545543, 48.3389211534457], [-89.3229312025706, 48.3388635262812], [-89.3238293819829, 48.3385888227992]]}, "properties": {"OBJECTID": 4640, "ROAD_CLASS": null, "OP2002_ROW": "30 m", "OP2018_ROW": "24 m", "Shape__Length": 1481.909881570917}}, {"type": "Feature", "id": 4641, "geometry": {"type": "LineString", "coordinates": [[-89.2695303608088, 48.3568419556518], [-89.2634272250851, 48.3570192094126]]}, "properties": {"OBJECTID": 4641, "ROAD_CLASS": null, "OP2002_ROW": "30 m", "OP2018_ROW": "24 m", "Shape__Length": 452.7030503409445}}, {"type": "Feature", "id": 4642, "geometry": {"type": "LineString", "coordinates": [[-89.2585349600855, 48.3558573414952], [-89.2542920035339, 48.354846848661], [-89.2445064801553, 48.3524913914576]]}, "properties": {"OBJECTID": 4642, "ROAD_CLASS": null, "OP2002_ROW": "30 m", "OP2018_ROW": "24 m", "Shape__Length": 1104.9498133183383}}, {"type": "Feature", "id": 4643, "geometry": {"type": "LineString", "coordinates": [[-89.302655432874, 48.3459558774586], [-89.305041325785, 48.3445298819348], [-89.3050834394729, 48.3445047596795], [-89.3051047678629, 48.34449241399], [-89.3051408546263, 48.3444722774905], [-89.3057647352551, 48.3441283672363]]}, "properties": {"OBJECTID": 4643, "ROAD_CLASS": null, "OP2002_ROW": "30 m", "OP2018_ROW": "24 m", "Shape__Length": 307.3010047364687}}, {"type": "Feature", "id": 4644, "geometry": {"type": "LineString", "coordinates": [[-89.2445064801553, 48.3524913914576], [-89.2394671869399, 48.3512647756991], [-89.2357039812605, 48.3503651150859], [-89.2327043274444, 48.3496337676838], [-89.2314781899869, 48.3493314788342], [-89.2306559875905, 48.3491129699526], [-89.2301357840323, 48.3489586672605], [-89.2299698978912, 48.3489119426686]]}, "properties": {"OBJECTID": 4644, "ROAD_CLASS": null, "OP2002_ROW": "30 m", "OP2018_ROW": "24 m", "Shape__Length": 1148.662895893281}}, {"type": "Feature", "id": 4645, "geometry": {"type": "LineString", "coordinates": [[-89.3067068244516, 48.326952992629], [-89.3075151017279, 48.3261767510623], [-89.3075504442406, 48.3261517137264], [-89.3075877145749, 48.326127952115], [-89.3076268093279, 48.3261055321505], [-89.3076676200356, 48.3260845160333], [-89.3077100334738, 48.3260649620688], [-89.3077539319722, 48.326046924506], [-89.3077991937409, 48.3260304533867], [-89.3078456932081, 48.326015594407], [-89.3078933013689, 48.3260023887902], [-89.3079418861426, 48.3259908731726], [-89.3079913127395, 48.3259810795021], [-89.3080414440347, 48.3259730349493], [-89.3080921409483, 48.3259667618321], [-89.3081432628317, 48.325962277554], [-89.3081946678572, 48.3259595945555], [-89.3082462134118, 48.3259587202801], [-89.3124733744607, 48.3259782875749]]}, "properties": {"OBJECTID": 4645, "ROAD_CLASS": null, "OP2002_ROW": "30 m", "OP2018_ROW": "24 m", "Shape__Length": 479.71755889412475}}, {"type": "Feature", "id": 4646, "geometry": {"type": "LineString", "coordinates": [[-89.3453320731434, 48.3168406675332], [-89.3488041719226, 48.3168366933576]]}, "properties": {"OBJECTID": 4646, "ROAD_CLASS": null, "OP2002_ROW": "30 m", "OP2018_ROW": "24 m", "Shape__Length": 257.50921750432235}}, {"type": "Feature", "id": 4647, "geometry": {"type": "LineString", "coordinates": [[-89.3610038770213, 48.33528989689], [-89.3610052007937, 48.3343575740363], [-89.3610065985558, 48.3343263409511], [-89.3610069219959, 48.3343137998312], [-89.361007111771, 48.3342949181884], [-89.3610068725906, 48.3253759352276]]}, "properties": {"OBJECTID": 4647, "ROAD_CLASS": null, "OP2002_ROW": "30 m", "OP2018_ROW": "24 m", "Shape__Length": 1102.3757552440945}}, {"type": "Feature", "id": 4648, "geometry": {"type": "LineString", "coordinates": [[-89.3610068725906, 48.3253759352276], [-89.3610028742682, 48.3234360893499]]}, "properties": {"OBJECTID": 4648, "ROAD_CLASS": null, "OP2002_ROW": "30 m", "OP2018_ROW": "24 m", "Shape__Length": 215.69938929825514}}, {"type": "Feature", "id": 4649, "geometry": {"type": "LineString", "coordinates": [[-89.3442796248904, 48.3388728282598], [-89.3439058263998, 48.3386231106179], [-89.3438285551583, 48.3385657072875], [-89.3437536936967, 48.3385069017371], [-89.343681299229, 48.338446738916], [-89.3436114270833, 48.3383852648111], [-89.3435441306587, 48.3383225264115], [-89.3434794613854, 48.3382585716723], [-89.3434174686844, 48.3381934494783], [-89.3433581999307, 48.3381272096065], [-89.34281939447, 48.3373561672566], [-89.342115486588, 48.3358647852211], [-89.3418739964085, 48.3352697963347], [-89.3418304788329, 48.3351536932369], [-89.3417962473114, 48.3350362160464], [-89.3417713979181, 48.3349176946933], [-89.3417560003757, 48.334798462038], [-89.3417411694591, 48.3338512883543], [-89.3417036739744, 48.3337012463253], [-89.3416556473008, 48.333552544634], [-89.341597195605, 48.3334055117157], [-89.341528448076, 48.333260472317], [-89.3412666644648, 48.3326896991989], [-89.3407024146467, 48.3314629621187], [-89.3406699606953, 48.3313977103435], [-89.3406337808205, 48.3313333357227], [-89.3405939281791, 48.3312699328134], [-89.340550461322, 48.3312075947449], [-89.3405034441081, 48.3311464130819], [-89.3404529456105, 48.3310864776904], [-89.3403990400148, 48.3310278766057], [-89.3403418065105, 48.3309706959025], [-89.3398470730845, 48.3305004941714]]}, "properties": {"OBJECTID": 4649, "ROAD_CLASS": null, "OP2002_ROW": "30 m", "OP2018_ROW": "24 m", "Shape__Length": 1005.1033902780053}}, {"type": "Feature", "id": 4650, "geometry": {"type": "LineString", "coordinates": [[-89.3442796248904, 48.3388728282598], [-89.3447803557295, 48.3391244799081], [-89.3448576279532, 48.3391727637825], [-89.3449413631239, 48.3392159935326], [-89.3450308203699, 48.339253786663], [-89.3451252081852, 48.339285808781], [-89.3452236914335, 48.3393117765549], [-89.3453253987375, 48.339331460222], [-89.3454294301902, 48.3393446856212], [-89.3455348653178, 48.339351335734], [-89.3464734899293, 48.3393797909312], [-89.3473212902589, 48.3393743844012], [-89.3475023240781, 48.3393663575405], [-89.3476824824774, 48.3393520409014], [-89.3478612741259, 48.3393314735295], [-89.3480382114218, 48.3393047115174], [-89.3482128118226, 48.339271827852], [-89.3483845991618, 48.3392329122148], [-89.3485531049478, 48.3391880707375], [-89.348717869642, 48.3391374257125], [-89.3490438353975, 48.3390399954967], [-89.3493685056216, 48.3389406620999], [-89.3496918553117, 48.3388394331748], [-89.3500138595672, 48.3387363165198], [-89.3503344935916, 48.3386313200789], [-89.3506537326947, 48.3385244519408], [-89.350971552294, 48.3384157203382], [-89.3512879279167, 48.3383051336473], [-89.3515319807173, 48.3382286507156], [-89.3517727228253, 48.3381476384567], [-89.3520099651756, 48.3380621604997], [-89.3522435214548, 48.3379722839804], [-89.3524732082472, 48.3378780794892], [-89.3526988451796, 48.3377796210152], [-89.3529202550623, 48.3376769858878], [-89.3531372640289, 48.3375702547165], [-89.3547049602597, 48.3366610432714], [-89.3567312014423, 48.3355872826671], [-89.3568309563808, 48.3355346341294], [-89.3569338821201, 48.3354847726874], [-89.3570398036092, 48.3354377831384], [-89.3571485407038, 48.335393745395], [-89.3572599084728, 48.3353527343499], [-89.3573737175127, 48.335314819748], [-89.3574897742697, 48.3352800660683], [-89.3576078813686, 48.3352485324138], [-89.3577278379485, 48.3352202724115], [-89.3578494400045, 48.3351953341209], [-89.3579724807342, 48.3351737599523], [-89.3580967508895, 48.3351555865951], [-89.3582220391323, 48.3351408449548], [-89.3583481323938, 48.3351295601011], [-89.3584748162366, 48.3351217512248], [-89.3586018752195, 48.3351174316055], [-89.3597087652816, 48.335118521329], [-89.360396523699, 48.3351282074593], [-89.3604779432553, 48.3351373016875], [-89.3605583777522, 48.3351496946141], [-89.3606375268591, 48.3351653399657], [-89.360715095044, 48.3351841793246], [-89.3607907926773, 48.3352061423472], [-89.3608643371125, 48.3352311470266], [-89.3609354537418, 48.3352590999985], [-89.3610038770213, 48.33528989689]]}, "properties": {"OBJECTID": 4650, "ROAD_CLASS": null, "OP2002_ROW": "30 m", "OP2018_ROW": "24 m", "Shape__Length": 1400.1284202853083}}, {"type": "Feature", "id": 4651, "geometry": {"type": "LineString", "coordinates": [[-89.3563800441669, 48.3168160118511], [-89.356686294233, 48.3168102890436], [-89.3590247690634, 48.3168248109529], [-89.3591113981164, 48.316828403268], [-89.3591973395359, 48.3168365086402], [-89.3592820656602, 48.316849077304], [-89.3593650562882, 48.3168660320902], [-89.3594458018734, 48.3168872688996], [-89.3595238066516, 48.3169126573421], [-89.3595985916846, 48.3169420415375], [-89.3596696978007, 48.3169752410719], [-89.3599735062321, 48.3171364518544]]}, "properties": {"OBJECTID": 4651, "ROAD_CLASS": null, "OP2002_ROW": "30 m", "OP2018_ROW": "24 m", "Shape__Length": 276.467889822668}}, {"type": "Feature", "id": 4652, "geometry": {"type": "LineString", "coordinates": [[-89.3609996658893, 48.3577959238419], [-89.372188634497, 48.358759642095]]}, "properties": {"OBJECTID": 4652, "ROAD_CLASS": null, "OP2002_ROW": "30 m", "OP2018_ROW": "24 m", "Shape__Length": 836.060283735343}}, {"type": "Feature", "id": 4653, "geometry": {"type": "LineString", "coordinates": [[-89.3459049006594, 48.3624892536451], [-89.3484730592968, 48.3624780174045]]}, "properties": {"OBJECTID": 4653, "ROAD_CLASS": null, "OP2002_ROW": "30 m", "OP2018_ROW": "24 m", "Shape__Length": 190.30197330423354}}, {"type": "Feature", "id": 4654, "geometry": {"type": "LineString", "coordinates": [[-89.3665114323418, 48.3624634715884], [-89.3683580561319, 48.3624695716959]]}, "properties": {"OBJECTID": 4654, "ROAD_CLASS": null, "OP2002_ROW": "30 m", "OP2018_ROW": "24 m", "Shape__Length": 136.83550102522088}}, {"type": "Feature", "id": 4655, "geometry": {"type": "LineString", "coordinates": [[-89.361007648662, 48.3624590062358], [-89.3665114323418, 48.3624634715884]]}, "properties": {"OBJECTID": 4655, "ROAD_CLASS": null, "OP2002_ROW": "30 m", "OP2018_ROW": "24 m", "Shape__Length": 407.82724764673515}}, {"type": "Feature", "id": 4656, "geometry": {"type": "LineString", "coordinates": [[-89.3213258999445, 48.3538441466092], [-89.3215281290998, 48.353857515013], [-89.3279262261342, 48.354149704871]]}, "properties": {"OBJECTID": 4656, "ROAD_CLASS": null, "OP2002_ROW": "30 m", "OP2018_ROW": "24 m", "Shape__Length": 490.34038701986367}}, {"type": "Feature", "id": 4657, "geometry": {"type": "LineString", "coordinates": [[-89.372188634497, 48.358759642095], [-89.3885497160044, 48.3602881544741]]}, "properties": {"OBJECTID": 4657, "ROAD_CLASS": null, "OP2002_ROW": "30 m", "OP2018_ROW": "24 m", "Shape__Length": 1224.2773496635782}}, {"type": "Feature", "id": 4658, "geometry": {"type": "LineString", "coordinates": [[-89.3610024322969, 48.3643660176115], [-89.3609755076309, 48.3666375167126]]}, "properties": {"OBJECTID": 4658, "ROAD_CLASS": null, "OP2002_ROW": "30 m", "OP2018_ROW": "24 m", "Shape__Length": 252.58656484263193}}, {"type": "Feature", "id": 4659, "geometry": {"type": "LineString", "coordinates": [[-89.3885497160044, 48.3602881544741], [-89.3885598223072, 48.3605550910844], [-89.3885618962328, 48.3605801754011], [-89.3885625160931, 48.3605927338724], [-89.388562807177, 48.3606053063719], [-89.3885629495402, 48.3606367506807], [-89.3885620151603, 48.3624921333589]]}, "properties": {"OBJECTID": 4659, "ROAD_CLASS": null, "OP2002_ROW": "30 m", "OP2018_ROW": "24 m", "Shape__Length": 245.08742388302107}}, {"type": "Feature", "id": 4660, "geometry": {"type": "LineString", "coordinates": [[-89.3166812913742, 48.3530715939569], [-89.3176600180643, 48.3532837037318], [-89.3180738801874, 48.3533679784395], [-89.3184899930941, 48.3534471779946], [-89.3189082166693, 48.353521275729], [-89.3193284100851, 48.3535902466928], [-89.3197504318487, 48.3536540676621], [-89.3201741398499, 48.3537127171474], [-89.3205993914094, 48.3537661754007], [-89.3210260433267, 48.3538144244218], [-89.3213258999445, 48.3538441466092]]}, "properties": {"OBJECTID": 4660, "ROAD_CLASS": null, "OP2002_ROW": "30 m", "OP2018_ROW": "24 m", "Shape__Length": 355.31584067649914}}, {"type": "Feature", "id": 4661, "geometry": {"type": "LineString", "coordinates": [[-89.3334767172107, 48.354388645738], [-89.3347209510688, 48.3544705145084], [-89.3351597848435, 48.3545377799009], [-89.3355684186621, 48.3546088916968], [-89.342147012957, 48.3560870891939]]}, "properties": {"OBJECTID": 4661, "ROAD_CLASS": null, "OP2002_ROW": "30 m", "OP2018_ROW": "24 m", "Shape__Length": 671.8245028758879}}, {"type": "Feature", "id": 4662, "geometry": {"type": "LineString", "coordinates": [[-89.3819945892153, 48.3624960164058], [-89.3857720027882, 48.3624890021822]]}, "properties": {"OBJECTID": 4662, "ROAD_CLASS": null, "OP2002_ROW": "30 m", "OP2018_ROW": "24 m", "Shape__Length": 279.90671277256774}}, {"type": "Feature", "id": 4663, "geometry": {"type": "LineString", "coordinates": [[-89.3857720027882, 48.3624890021822], [-89.3885620151603, 48.3624921333589]]}, "properties": {"OBJECTID": 4663, "ROAD_CLASS": null, "OP2002_ROW": "30 m", "OP2018_ROW": "24 m", "Shape__Length": 206.7399046273219}}, {"type": "Feature", "id": 4664, "geometry": {"type": "LineString", "coordinates": [[-89.3527092564907, 48.3624671607852], [-89.3540721645825, 48.3624612724628]]}, "properties": {"OBJECTID": 4664, "ROAD_CLASS": null, "OP2002_ROW": "30 m", "OP2018_ROW": "24 m", "Shape__Length": 100.9924249625415}}, {"type": "Feature", "id": 4665, "geometry": {"type": "LineString", "coordinates": [[-89.355426761385, 48.357310932777], [-89.3573058033299, 48.3574815509683]]}, "properties": {"OBJECTID": 4665, "ROAD_CLASS": null, "OP2002_ROW": "30 m", "OP2018_ROW": "24 m", "Shape__Length": 140.5357722462002}}, {"type": "Feature", "id": 4666, "geometry": {"type": "LineString", "coordinates": [[-89.3417913281737, 48.3624873539616], [-89.3459049006594, 48.3624892536451]]}, "properties": {"OBJECTID": 4666, "ROAD_CLASS": null, "OP2002_ROW": "30 m", "OP2018_ROW": "24 m", "Shape__Length": 304.8111466754249}}, {"type": "Feature", "id": 4667, "geometry": {"type": "LineString", "coordinates": [[-89.3609439058342, 48.3780808368082], [-89.3609623977741, 48.3810803433687]]}, "properties": {"OBJECTID": 4667, "ROAD_CLASS": null, "OP2002_ROW": "30 m", "OP2018_ROW": "24 m", "Shape__Length": 333.5328252940163}}, {"type": "Feature", "id": 4668, "geometry": {"type": "LineString", "coordinates": [[-89.3609755076309, 48.3666375167126], [-89.3609742035286, 48.3715284528181]]}, "properties": {"OBJECTID": 4668, "ROAD_CLASS": null, "OP2002_ROW": "30 m", "OP2018_ROW": "24 m", "Shape__Length": 543.846544893726}}, {"type": "Feature", "id": 4669, "geometry": {"type": "LineString", "coordinates": [[-89.3885620151603, 48.3624921333589], [-89.3885464705656, 48.3651702197755], [-89.3885158260322, 48.3734299341026]]}, "properties": {"OBJECTID": 4669, "ROAD_CLASS": null, "OP2002_ROW": "30 m", "OP2018_ROW": "24 m", "Shape__Length": 1216.2418307486425}}, {"type": "Feature", "id": 4670, "geometry": {"type": "LineString", "coordinates": [[-89.3885158260322, 48.3734299341026], [-89.3885302351404, 48.3776827183271], [-89.3885305267494, 48.3777015872409], [-89.3885313999515, 48.3777330261879], [-89.388553574526, 48.3784309250643], [-89.3885592563936, 48.3784888336484], [-89.388568652896, 48.3785465272068], [-89.3885817468305, 48.3786039000396], [-89.3885985142202, 48.3786608470342], [-89.3886189243576, 48.3787172638579], [-89.3886429398611, 48.378773047149], [-89.3886705167431, 48.3788280947059], [-89.3887016044908, 48.3788823056749], [-89.3887361461585, 48.3789355807348], [-89.3887740784718, 48.3789878222786], [-89.3888153319438, 48.3790389345925], [-89.3888598310018, 48.3790888240316], [-89.3889074941261, 48.3791373991911], [-89.3889582339993, 48.3791845710737], [-89.3890119576662, 48.3792302532533], [-89.3890685667038, 48.3792743620327], [-89.389127957402, 48.3793168165971], [-89.3891900209534, 48.3793575391627], [-89.3892546436525, 48.3793964551186], [-89.3893217071044, 48.3794334931637], [-89.3893910884413, 48.3794685854377], [-89.389462660548, 48.3795016676449], [-89.3895362922945, 48.3795326791726], [-89.3896118487763, 48.3795615632017], [-89.389689191562, 48.379588266811], [-89.3897681789463, 48.3796127410744], [-89.3898486662104, 48.3796349411501], [-89.3899305058865, 48.3796548263632], [-89.3900135480286, 48.37967236028], [-89.390097640487, 48.3796875107749], [-89.390182629187, 48.3797002500892], [-89.3902683584117, 48.3797105548818], [-89.3928703638225, 48.3800547579785], [-89.392923271105, 48.3800578124274], [-89.3929751102116, 48.3800654924206], [-89.3930249739476, 48.3800776635563], [-89.3930719896865, 48.3800941128373], [-89.3931153346402, 48.3801145523975], [-89.3931542502575, 48.3801386245397], [-89.3931880554989, 48.3801659079953], [-89.3932161587552, 48.3801959252964], [-89.3932380682005, 48.380228151131], [-89.3932534004003, 48.3802620215361], [-89.3932618870224, 48.3802969437673], [-89.3932633795334, 48.3803323066715], [-89.3932578517992, 48.3803674913823], [-89.3932454005434, 48.3804018821506], [-89.3932262436556, 48.3804348771207], [-89.3932007163789, 48.3804658988623]]}, "properties": {"OBJECTID": 4670, "ROAD_CLASS": null, "OP2002_ROW": "30 m", "OP2018_ROW": "24 m", "Shape__Length": 1022.111327191226}}, {"type": "Feature", "id": 4671, "geometry": {"type": "LineString", "coordinates": [[-89.3132601976012, 48.3624980595215], [-89.3133070598986, 48.3624977996098], [-89.322185624253, 48.3625055150089], [-89.3335217090201, 48.3624863608417]]}, "properties": {"OBJECTID": 4671, "ROAD_CLASS": null, "OP2002_ROW": "30 m", "OP2018_ROW": "24 m", "Shape__Length": 1501.34852438622}}, {"type": "Feature", "id": 4672, "geometry": {"type": "LineString", "coordinates": [[-89.3494280327466, 48.3569375806754], [-89.3507852306706, 48.356946026571], [-89.351401005185, 48.3569762827547], [-89.3519045452214, 48.3570165927775], [-89.3519421854499, 48.3570180559959], [-89.3519703720056, 48.3570194741553], [-89.3519985096339, 48.3570214421565], [-89.3520359705121, 48.3570244925743], [-89.355426761385, 48.357310932777]]}, "properties": {"OBJECTID": 4672, "ROAD_CLASS": null, "OP2002_ROW": "30 m", "OP2018_ROW": "24 m", "Shape__Length": 446.99710197602815}}, {"type": "Feature", "id": 4673, "geometry": {"type": "LineString", "coordinates": [[-89.3573058033299, 48.3574815509683], [-89.3609996658893, 48.3577959238419]]}, "properties": {"OBJECTID": 4673, "ROAD_CLASS": null, "OP2002_ROW": "30 m", "OP2018_ROW": "24 m", "Shape__Length": 275.9613292462862}}, {"type": "Feature", "id": 4674, "geometry": {"type": "LineString", "coordinates": [[-89.3279262261342, 48.354149704871], [-89.3334767172107, 48.354388645738]]}, "properties": {"OBJECTID": 4674, "ROAD_CLASS": null, "OP2002_ROW": "30 m", "OP2018_ROW": "24 m", "Shape__Length": 412.2067543820232}}, {"type": "Feature", "id": 4675, "geometry": {"type": "LineString", "coordinates": [[-89.361007648662, 48.3624590062358], [-89.3610024322969, 48.3643660176115]]}, "properties": {"OBJECTID": 4675, "ROAD_CLASS": null, "OP2002_ROW": "30 m", "OP2018_ROW": "24 m", "Shape__Length": 212.0498615298152}}, {"type": "Feature", "id": 4676, "geometry": {"type": "LineString", "coordinates": [[-89.3609552159084, 48.3763080978116], [-89.3609424656816, 48.3777779525091]]}, "properties": {"OBJECTID": 4676, "ROAD_CLASS": null, "OP2002_ROW": "30 m", "OP2018_ROW": "24 m", "Shape__Length": 163.44309712281637}}, {"type": "Feature", "id": 4677, "geometry": {"type": "LineString", "coordinates": [[-89.3721283239192, 48.3624667082536], [-89.3775081773086, 48.3624944304434]]}, "properties": {"OBJECTID": 4677, "ROAD_CLASS": null, "OP2002_ROW": "30 m", "OP2018_ROW": "24 m", "Shape__Length": 398.6569632581072}}, {"type": "Feature", "id": 4678, "geometry": {"type": "LineString", "coordinates": [[-89.3609742035286, 48.3715284528181], [-89.3609682893999, 48.3729846890345]]}, "properties": {"OBJECTID": 4678, "ROAD_CLASS": null, "OP2002_ROW": "30 m", "OP2018_ROW": "24 m", "Shape__Length": 161.9265321623701}}, {"type": "Feature", "id": 4679, "geometry": {"type": "LineString", "coordinates": [[-89.3609690974489, 48.3740595524227], [-89.3609552159084, 48.3763080978116]]}, "properties": {"OBJECTID": 4679, "ROAD_CLASS": null, "OP2002_ROW": "30 m", "OP2018_ROW": "24 m", "Shape__Length": 250.02885468823422}}, {"type": "Feature", "id": 4680, "geometry": {"type": "LineString", "coordinates": [[-89.3609682893999, 48.3729846890345], [-89.3609690974489, 48.3740595524227]]}, "properties": {"OBJECTID": 4680, "ROAD_CLASS": null, "OP2002_ROW": "30 m", "OP2018_ROW": "24 m", "Shape__Length": 119.51929144171893}}, {"type": "Feature", "id": 4681, "geometry": {"type": "LineString", "coordinates": [[-89.342147012957, 48.3560870891939], [-89.3444058885798, 48.3565844730982]]}, "properties": {"OBJECTID": 4681, "ROAD_CLASS": null, "OP2002_ROW": "30 m", "OP2018_ROW": "24 m", "Shape__Length": 176.29978005705019}}, {"type": "Feature", "id": 4682, "geometry": {"type": "LineString", "coordinates": [[-89.3335217090201, 48.3624863608417], [-89.3353679431002, 48.362434851119], [-89.3354150448137, 48.3624336874734], [-89.3354338884491, 48.3624334045988], [-89.3354527737505, 48.3624333242181], [-89.3355094438692, 48.3624336595073], [-89.3417913281737, 48.3624873539616]]}, "properties": {"OBJECTID": 4682, "ROAD_CLASS": null, "OP2002_ROW": "30 m", "OP2018_ROW": "24 m", "Shape__Length": 612.9296576457616}}, {"type": "Feature", "id": 4683, "geometry": {"type": "LineString", "coordinates": [[-89.3484730592968, 48.3624780174045], [-89.3527092564907, 48.3624671607852]]}, "properties": {"OBJECTID": 4683, "ROAD_CLASS": null, "OP2002_ROW": "30 m", "OP2018_ROW": "24 m", "Shape__Length": 313.9005135766723}}, {"type": "Feature", "id": 4684, "geometry": {"type": "LineString", "coordinates": [[-89.3683580561319, 48.3624695716959], [-89.3721283239192, 48.3624667082536]]}, "properties": {"OBJECTID": 4684, "ROAD_CLASS": null, "OP2002_ROW": "30 m", "OP2018_ROW": "24 m", "Shape__Length": 279.3752183283786}}, {"type": "Feature", "id": 4685, "geometry": {"type": "LineString", "coordinates": [[-89.3775081773086, 48.3624944304434], [-89.3819945892153, 48.3624960164058]]}, "properties": {"OBJECTID": 4685, "ROAD_CLASS": null, "OP2002_ROW": "30 m", "OP2018_ROW": "24 m", "Shape__Length": 332.4418555813091}}, {"type": "Feature", "id": 4686, "geometry": {"type": "LineString", "coordinates": [[-89.3540721645825, 48.3624612724628], [-89.361007648662, 48.3624590062358]]}, "properties": {"OBJECTID": 4686, "ROAD_CLASS": null, "OP2002_ROW": "30 m", "OP2018_ROW": "24 m", "Shape__Length": 513.9141095306214}}, {"type": "Feature", "id": 4687, "geometry": {"type": "LineString", "coordinates": [[-89.3444058885798, 48.3565844730982], [-89.3457064834562, 48.3568834783856], [-89.345954631543, 48.3569352068036], [-89.3462563634009, 48.3569718987124]]}, "properties": {"OBJECTID": 4687, "ROAD_CLASS": null, "OP2002_ROW": "30 m", "OP2018_ROW": "24 m", "Shape__Length": 143.954437605264}}, {"type": "Feature", "id": 4688, "geometry": {"type": "LineString", "coordinates": [[-89.3462563634009, 48.3569718987124], [-89.3465741186071, 48.3570063139475], [-89.3469738951774, 48.3570081107406], [-89.3478652601273, 48.3569774613247], [-89.3494280327466, 48.3569375806754]]}, "properties": {"OBJECTID": 4688, "ROAD_CLASS": null, "OP2002_ROW": "30 m", "OP2018_ROW": "24 m", "Shape__Length": 235.5251003620434}}, {"type": "Feature", "id": 4689, "geometry": {"type": "LineString", "coordinates": [[-89.3694889811565, 48.4164808576492], [-89.369827751673, 48.4182604542411], [-89.3699806667014, 48.4204473859501], [-89.3699894098524, 48.4213678334289], [-89.369961647326, 48.4215040102856], [-89.3699299572027, 48.4216398067677], [-89.3698943511616, 48.4217751726932], [-89.3698548423293, 48.4219100580389], [-89.369811445275, 48.4220444129587], [-89.369764176005, 48.4221781878022], [-89.3697130519572, 48.4223113331329], [-89.3696580919943, 48.4224437997466], [-89.3692416123152, 48.4234093861035], [-89.3690486288999, 48.4242203889633], [-89.3687019816147, 48.425880862708], [-89.3681424808546, 48.4288399940896], [-89.3679334948504, 48.4301926726652], [-89.3675299032871, 48.4335928651097], [-89.3674401772214, 48.4345716994049], [-89.367433993567, 48.435362177769], [-89.3675428505138, 48.4366264015086], [-89.3677114833639, 48.4380988847593], [-89.3678376703187, 48.4391199333743], [-89.3678738416832, 48.4392811322232], [-89.3679195601529, 48.4394412538608], [-89.3679747543698, 48.439600048054], [-89.3680393381649, 48.4397572666421], [-89.3681132106925, 48.4399126639242], [-89.3681962565877, 48.4400659970437], [-89.3682883461456, 48.4402170263679], [-89.3683893355239, 48.4403655158623], [-89.369486942395, 48.4418093409562], [-89.3701918258753, 48.4426540158859]]}, "properties": {"OBJECTID": 4689, "ROAD_CLASS": null, "OP2002_ROW": "30 m", "OP2018_ROW": "24 m", "Shape__Length": 2967.2696689750933}}, {"type": "Feature", "id": 4690, "geometry": {"type": "LineString", "coordinates": [[-89.3501491251514, 48.4176111327872], [-89.3509023218945, 48.4175930538212], [-89.3509493768995, 48.4175917131367], [-89.3509682099677, 48.4175909655517], [-89.350987060209, 48.4175900628568], [-89.351034160187, 48.4175875290591], [-89.355517428089, 48.4173392329102]]}, "properties": {"OBJECTID": 4690, "ROAD_CLASS": null, "OP2002_ROW": "36 m", "OP2018_ROW": "24 m", "Shape__Length": 398.5610050174452}}, {"type": "Feature", "id": 4691, "geometry": {"type": "LineString", "coordinates": [[-89.3596996984854, 48.4171090233332], [-89.3631284638305, 48.4169206525188], [-89.3664359646661, 48.416737436802]]}, "properties": {"OBJECTID": 4691, "ROAD_CLASS": null, "OP2002_ROW": "36 m", "OP2018_ROW": "24 m", "Shape__Length": 500.3293419324144}}, {"type": "Feature", "id": 4692, "geometry": {"type": "LineString", "coordinates": [[-89.3029289076623, 48.4715446939879], [-89.3083578411863, 48.4714996223761]]}, "properties": {"OBJECTID": 4692, "ROAD_CLASS": null, "OP2002_ROW": "30 m", "OP2018_ROW": "24 m", "Shape__Length": 401.44441504463964}}, {"type": "Feature", "id": 4693, "geometry": {"type": "LineString", "coordinates": [[-89.3943334406125, 48.442619293808], [-89.4052183206874, 48.4425907742547]]}, "properties": {"OBJECTID": 4693, "ROAD_CLASS": null, "OP2002_ROW": "30 m", "OP2018_ROW": "24 m", "Shape__Length": 805.3113346251318}}, {"type": "Feature", "id": 4694, "geometry": {"type": "LineString", "coordinates": [[-89.3697242859434, 48.500548232409], [-89.3707707366082, 48.5039218077536], [-89.3707824034168, 48.5039587119111], [-89.3707865581211, 48.5039709733302], [-89.3707909898358, 48.5039831939512], [-89.3708027008896, 48.5040136470093], [-89.3711078356376, 48.5047924385861], [-89.3711601261745, 48.5049263262057], [-89.3711673357419, 48.5049445663548], [-89.3711723020591, 48.5049566913669], [-89.3711775647171, 48.5049687544877], [-89.371183369922, 48.5049806930599], [-89.3711897203375, 48.5049925061286], [-89.3712031491317, 48.505015976903], [-89.3712854206447, 48.5051564372001], [-89.3724318410282, 48.5071174481935], [-89.3724729918836, 48.5071876811912], [-89.3725075027501, 48.5072461737313], [-89.3725176127104, 48.5072637592588], [-89.3725239462042, 48.5072755447098], [-89.3725268662801, 48.5072814758122], [-89.3725295294549, 48.5072874437028], [-89.3725318391719, 48.5072934683677], [-89.3725337138055, 48.507299541593], [-89.372535234855, 48.5073056688959], [-89.3725365004818, 48.507311835656], [-89.372538541013, 48.5073242440765], [-89.3725402170968, 48.507336705899], [-89.3725490855295, 48.507411666884], [-89.3725566543122, 48.5074741078978], [-89.3726261310418, 48.508042222044], [-89.3726415265561, 48.5081670798368], [-89.3726443505404, 48.5081920566561], [-89.372645439247, 48.5082045521827], [-89.3726458179093, 48.5082108038128], [-89.3726460456514, 48.5082170711516], [-89.3726461683584, 48.508229612692], [-89.3726457685937, 48.5082547108775], [-89.3726421759146, 48.5083927805435], [-89.3726163460251, 48.5094220331038]]}, "properties": {"OBJECTID": 4694, "ROAD_CLASS": null, "OP2002_ROW": "30 m", "OP2018_ROW": "24 m", "Shape__Length": 1017.5372894414951}}, {"type": "Feature", "id": 4695, "geometry": {"type": "LineString", "coordinates": [[-89.2420699985276, 48.4741940505395], [-89.2420764765491, 48.4760063413282]]}, "properties": {"OBJECTID": 4695, "ROAD_CLASS": null, "OP2002_ROW": "TBD", "OP2018_ROW": "24 m", "Shape__Length": 201.51384783630505}}, {"type": "Feature", "id": 4696, "geometry": {"type": "LineString", "coordinates": [[-89.3465190155971, 48.470623366877], [-89.3530554037895, 48.4705430224372], [-89.3739902468183, 48.4702688632011]]}, "properties": {"OBJECTID": 4696, "ROAD_CLASS": null, "OP2002_ROW": "30 m", "OP2018_ROW": "24 m", "Shape__Length": 2031.671998965481}}, {"type": "Feature", "id": 4697, "geometry": {"type": "LineString", "coordinates": [[-89.2420890102291, 48.4778151009485], [-89.2420990192545, 48.4813053139699], [-89.2420989629688, 48.4813367550944], [-89.2420985850728, 48.4813556234166], [-89.2420978327069, 48.4813745008364], [-89.2420966065654, 48.4813996675775], [-89.2416763308347, 48.4897298593348], [-89.241674561684, 48.4897676111743], [-89.2416740108083, 48.4897864882395], [-89.2416737457249, 48.4898305385373], [-89.241664539899, 48.5002709870833]]}, "properties": {"OBJECTID": 4697, "ROAD_CLASS": null, "OP2002_ROW": "TBD", "OP2018_ROW": "24 m", "Shape__Length": 2497.459798035072}}, {"type": "Feature", "id": 4698, "geometry": {"type": "LineString", "coordinates": [[-89.4056899599885, 48.3993354913747], [-89.4053230966291, 48.3996441659721], [-89.4052705332034, 48.3996882176586], [-89.4052235342959, 48.3997272951862], [-89.4052061322534, 48.3997420128676], [-89.4051949811344, 48.3997519552974], [-89.4051896892093, 48.3997570101045], [-89.4051847000076, 48.3997621521535], [-89.4051801327467, 48.3997674167405], [-89.4051761477324, 48.3997728508985], [-89.4051728722386, 48.3997784888552], [-89.4051701776419, 48.3997842964114], [-89.4051679062939, 48.3997902255785], [-89.4051659363628, 48.3997962429149], [-89.4051641787943, 48.3998023223911], [-89.4051610486014, 48.3998145929585], [-89.4051470922195, 48.399876437604], [-89.4051371673843, 48.3999196837876], [-89.405078206031, 48.4001727486571], [-89.405074052321, 48.4001912794884], [-89.4050714712919, 48.400203649236], [-89.4050680463005, 48.4002222179112], [-89.4050638744565, 48.4002470104753], [-89.4050019414587, 48.4006252421498], [-89.4049804602104, 48.4007554469186], [-89.4049775463039, 48.4007740525872], [-89.4049758360763, 48.4007864653024], [-89.4049745291691, 48.4007988920763], [-89.4049741091115, 48.4008051694128], [-89.4049735310961, 48.4008240258449], [-89.4049734493869, 48.400849193534], [-89.4049740072866, 48.4010442798421], [-89.4050005881894, 48.4136302175717]]}, "properties": {"OBJECTID": 4698, "ROAD_CLASS": null, "OP2002_ROW": "30 m", "OP2018_ROW": "24 m", "Shape__Length": 1603.7133705314848}}, {"type": "Feature", "id": 4699, "geometry": {"type": "LineString", "coordinates": [[-89.366225852179, 48.4059294151236], [-89.3662697264885, 48.4059537960976], [-89.3663313166787, 48.4059877520035], [-89.3663520560333, 48.4059995518875], [-89.3663587490564, 48.4060035664886], [-89.3663652414363, 48.4060076544983], [-89.3663714508471, 48.4060118473025], [-89.3663772630623, 48.4060161877401], [-89.3663825291298, 48.4060207274625], [-89.3663870565473, 48.4060255406111], [-89.3663907030561, 48.4060307065918], [-89.3663936121394, 48.4060361432745], [-89.3663959884915, 48.4060417771667], [-89.3663979835559, 48.4060475520671], [-89.3663997075922, 48.4060534270179], [-89.3664012469348, 48.4060593696511], [-89.3664039881749, 48.406071379728], [-89.3664064953129, 48.4060834702006], [-89.3664100390877, 48.4061016486126], [-89.3664122140602, 48.4061137738124], [-89.366414059622, 48.4061259057906], [-89.3664147698539, 48.406131977953], [-89.3664156613649, 48.4061445173536], [-89.3664160617503, 48.4061570731587], [-89.3664162553722, 48.40617591704], [-89.3664165229961, 48.4063015087846], [-89.3664218066871, 48.4076513391353], [-89.3664218885267, 48.4077015729224], [-89.3664037378032, 48.4104105647783]]}, "properties": {"OBJECTID": 4699, "ROAD_CLASS": null, "OP2002_ROW": "30 m", "OP2018_ROW": "24 m", "Shape__Length": 503.89544584886613}}, {"type": "Feature", "id": 4700, "geometry": {"type": "LineString", "coordinates": [[-89.3174610311582, 48.4444951504679], [-89.3205829922201, 48.4444784642097], [-89.3217496638354, 48.4444689228144], [-89.3259625494577, 48.4444398165327], [-89.3262821358064, 48.4444422628791], [-89.3266017001132, 48.4444387685108], [-89.326920992909, 48.4444293361575], [-89.3272397649371, 48.4444139731843], [-89.327400056749, 48.444400231551], [-89.3275597298889, 48.4443836048524], [-89.3277186670573, 48.4443641053033], [-89.3278767514959, 48.4443417472292], [-89.3280338670732, 48.444316547055], [-89.3281898983698, 48.4442885232939], [-89.3283447307637, 48.4442576965332], [-89.3284982505141, 48.4442240894193], [-89.3286503448453, 48.4441877266408], [-89.3288009020292, 48.4441486349111], [-89.3289498114679, 48.4441068429478], [-89.3290969637749, 48.4440623814522], [-89.329242250855, 48.4440152830868], [-89.3293855659844, 48.4439655824506], [-89.3295268038888, 48.4439133160546], [-89.3296658608207, 48.4438585222942], [-89.3305439172353, 48.4434584861656], [-89.3307861408627, 48.4433517426209], [-89.3310334960665, 48.4432503425764], [-89.3312857166479, 48.4431543951429], [-89.3315425311774, 48.4430640035637], [-89.3322402156189, 48.442863735353], [-89.3324195439262, 48.4428213893713], [-89.3326013597154, 48.4427840331152], [-89.3327853495144, 48.4427517309895], [-89.3329711961049, 48.4427245386851], [-89.3331585790693, 48.4427025030827], [-89.3333471753426, 48.4426856621728], [-89.3335366597691, 48.4426740449894], [-89.3337267056629, 48.4426676715605]]}, "properties": {"OBJECTID": 4700, "ROAD_CLASS": null, "OP2002_ROW": "30 m", "OP2018_ROW": "24 m", "Shape__Length": 1248.4115693927083}}, {"type": "Feature", "id": 4701, "geometry": {"type": "LineString", "coordinates": [[-89.3507640937762, 48.4426769961019], [-89.3538917327498, 48.4426778229724], [-89.3577910676834, 48.4426749484577]]}, "properties": {"OBJECTID": 4701, "ROAD_CLASS": null, "OP2002_ROW": "30 m", "OP2018_ROW": "24 m", "Shape__Length": 519.8743315986019}}, {"type": "Feature", "id": 4702, "geometry": {"type": "LineString", "coordinates": [[-89.3577910676834, 48.4426749484577], [-89.3659821413605, 48.4426654826356], [-89.3701918258753, 48.4426540158859]]}, "properties": {"OBJECTID": 4702, "ROAD_CLASS": null, "OP2002_ROW": "30 m", "OP2018_ROW": "24 m", "Shape__Length": 917.4474602319965}}, {"type": "Feature", "id": 4703, "geometry": {"type": "LineString", "coordinates": [[-89.3701918258753, 48.4426540158859], [-89.3705725398807, 48.4431089946532], [-89.3708283981991, 48.4435322234424], [-89.3710187511704, 48.4440853524922], [-89.3724861318473, 48.4490066783832], [-89.3725198325875, 48.4503438626517], [-89.3725006110037, 48.4534628060616], [-89.372499341805, 48.4566909965912]]}, "properties": {"OBJECTID": 4703, "ROAD_CLASS": null, "OP2002_ROW": "30 m", "OP2018_ROW": "24 m", "Shape__Length": 1584.1189654215432}}, {"type": "Feature", "id": 4704, "geometry": {"type": "LineString", "coordinates": [[-89.2420470378977, 48.4633250438631], [-89.2420443289849, 48.4651550505179]]}, "properties": {"OBJECTID": 4704, "ROAD_CLASS": null, "OP2002_ROW": "TBD", "OP2018_ROW": "24 m", "Shape__Length": 203.48289193365304}}, {"type": "Feature", "id": 4705, "geometry": {"type": "LineString", "coordinates": [[-89.241664539899, 48.5002709870833], [-89.2417177635935, 48.5008322232573], [-89.2417303128444, 48.5009631782137], [-89.2417318232824, 48.5009818873235], [-89.24173246832, 48.5009943602172], [-89.2417325235433, 48.5010068742939], [-89.2417323077488, 48.5010131531696], [-89.2417315782913, 48.5010257104266], [-89.2417295697486, 48.5010508257529], [-89.2417148473696, 48.5012203613747], [-89.2412498759567, 48.5066328818672], [-89.2412413635207, 48.5067333694577], [-89.241235925561, 48.5068025416931], [-89.2412347632806, 48.5068150821744], [-89.2412332006911, 48.5068275413809], [-89.241232139248, 48.5068337125609], [-89.2412307758128, 48.5068398212447], [-89.241228992891, 48.506845843629], [-89.2412266265947, 48.506851747817], [-89.2412235536214, 48.5068575011214], [-89.241219899979, 48.5068631361766], [-89.2412158241039, 48.506868684086], [-89.2412114489812, 48.5068741703452], [-89.2412068647313, 48.5068796120928], [-89.241197310999, 48.5068904185176], [-89.2411380481698, 48.5069548566811], [-89.241084055457, 48.5070139953631], [-89.2393401903893, 48.5089286147054], [-89.2392764324215, 48.5089985106992], [-89.2392222199639, 48.5090575834687], [-89.2392124783189, 48.5090683537909], [-89.2392029997557, 48.5090791945688], [-89.2391984461684, 48.5090846653269], [-89.2391940898153, 48.5090901871294], [-89.2391900129405, 48.5090957826682], [-89.2391863169665, 48.5091014796603], [-89.2391830982666, 48.509107283428], [-89.2391802591149, 48.5091131886754], [-89.2391776980493, 48.5091191667866], [-89.2391753329448, 48.5091251977665], [-89.2391689074798, 48.5091434657118], [-89.239132944401, 48.5092537679462], [-89.2390017350538, 48.5096517231033], [-89.2389773853964, 48.5097251940905], [-89.238952639266, 48.5097986727865], [-89.2389488645884, 48.5098109113811], [-89.2389471842263, 48.5098170262008], [-89.2389457283697, 48.5098231348523], [-89.2389445945084, 48.509829237238], [-89.2389439097379, 48.5098353290852], [-89.2389438458797, 48.5098414070504], [-89.2389445446681, 48.5098474917683], [-89.2389458671148, 48.5098535634506], [-89.2389476440647, 48.509859624489], [-89.2389497415788, 48.50986567749], [-89.2389520649525, 48.5098717242964], [-89.2389597738924, 48.5098898530375], [-89.2389922544315, 48.5099623260925], [-89.2390402381331, 48.5100710513509], [-89.2402373420244, 48.5127892406643], [-89.2402745087055, 48.5128738322242], [-89.2403034361561, 48.5129403882249], [-89.2403088134001, 48.5129524504619], [-89.2403144602266, 48.5129644228757], [-89.2403174759161, 48.5129703473066], [-89.2403206944479, 48.5129762039077], [-89.2403241985982, 48.5129819658749], [-89.240328097886, 48.5129875986858], [-89.2403324604869, 48.5129930515282], [-89.2403372154799, 48.512998374368], [-89.240342253465, 48.5130036044244], [-89.2403474957251, 48.5130087684222], [-89.2403528806961, 48.5130138828556], [-89.2403639084011, 48.5130240302261], [-89.2404314067861, 48.5130844746155], [-89.2404986530639, 48.5131450021504], [-89.2408344971876, 48.5134477691412], [-89.2409350443443, 48.5135387260534], [-89.2409463274206, 48.5135487631272], [-89.2409578280382, 48.5135586664029], [-89.2409637246866, 48.5135635279171], [-89.2409697728879, 48.5135682947078], [-89.2409760293939, 48.5135729332793], [-89.2409825624157, 48.513577424309], [-89.2409893050556, 48.5135817861942], [-89.2409962019544, 48.513586053303], [-89.241010286999, 48.5135944055011], [-89.2410245882717, 48.5136026248259], [-89.2411686899724, 48.5136841417678], [-89.2419960920404, 48.5141535976719], [-89.2421402555528, 48.5142350933039], [-89.242154391828, 48.5142434011777], [-89.2421613106458, 48.5142476389987], [-89.2421680709101, 48.5142519662823], [-89.2421746105361, 48.5142564184278], [-89.24218084364, 48.5142610438944], [-89.2421866972334, 48.5142658764945], [-89.242192244265, 48.5142708815168], [-89.242197572051, 48.5142760122737], [-89.242202739851, 48.514281230722], [-89.2422127850086, 48.5142918370271], [-89.242291030203, 48.5143779235047], [-89.2423004859235, 48.5143887662196], [-89.242305037805, 48.5143942350926], [-89.2423094009725, 48.5143997544286], [-89.24231349643, 48.5144053446614], [-89.2423172252032, 48.5144110338116], [-89.2423204597958, 48.5144167559853], [-89.2423233370166, 48.5144225732961], [-89.2423259533318, 48.514428462271], [-89.2423283822458, 48.5144344007837], [-89.2423328895076, 48.5144463737134], [-89.242372557527, 48.5145609791465], [-89.2423783914215, 48.5145791055081], [-89.2423817018441, 48.5145912376187], [-89.2423830299345, 48.5145973325421], [-89.2423840578943, 48.5146033775321], [-89.2423848497459, 48.5146094424187], [-89.2423859680773, 48.5146216136515], [-89.2423867301574, 48.5146338134205], [-89.2423915962749, 48.5147438130238], [-89.2423919454404, 48.5147621191531], [-89.24239157833, 48.5147742932433], [-89.2423910540675, 48.514780362186], [-89.2423902220669, 48.5147864236304], [-89.2423891335455, 48.5147924720797], [-89.2423878577074, 48.5147985106836], [-89.2423849368492, 48.5148105689946], [-89.2423783948501, 48.5148346515785], [-89.2423563310281, 48.5149128760026]]}, "properties": {"OBJECTID": 4705, "ROAD_CLASS": null, "OP2002_ROW": "TBD", "OP2018_ROW": "24 m", "Shape__Length": 1748.1802257415961}}, {"type": "Feature", "id": 4706, "geometry": {"type": "LineString", "coordinates": [[-89.3941394873959, 48.4136655783316], [-89.4050005881894, 48.4136302175717]]}, "properties": {"OBJECTID": 4706, "ROAD_CLASS": null, "OP2002_ROW": "36 m", "OP2018_ROW": "24 m", "Shape__Length": 804.0123655181651}}, {"type": "Feature", "id": 4707, "geometry": {"type": "LineString", "coordinates": [[-89.3739902468183, 48.4702688632011], [-89.3820660661658, 48.4701802016982]]}, "properties": {"OBJECTID": 4707, "ROAD_CLASS": null, "OP2002_ROW": "30 m", "OP2018_ROW": "24 m", "Shape__Length": 597.23299244602}}, {"type": "Feature", "id": 4708, "geometry": {"type": "LineString", "coordinates": [[-89.3147662524817, 48.4713209581311], [-89.3210242180973, 48.4711724381495]]}, "properties": {"OBJECTID": 4708, "ROAD_CLASS": null, "OP2002_ROW": "30 m", "OP2018_ROW": "24 m", "Shape__Length": 463.0103078470545}}, {"type": "Feature", "id": 4709, "geometry": {"type": "LineString", "coordinates": [[-89.2980649233975, 48.4171295608746], [-89.3080883544982, 48.4171173752316]]}, "properties": {"OBJECTID": 4709, "ROAD_CLASS": null, "OP2002_ROW": "36 m", "OP2018_ROW": "24 m", "Shape__Length": 741.9214794723805}}, {"type": "Feature", "id": 4710, "geometry": {"type": "LineString", "coordinates": [[-89.3210242180973, 48.4711724381495], [-89.3247223971982, 48.4710779405832]]}, "properties": {"OBJECTID": 4710, "ROAD_CLASS": null, "OP2002_ROW": "30 m", "OP2018_ROW": "24 m", "Shape__Length": 273.64726697473986}}, {"type": "Feature", "id": 4711, "geometry": {"type": "LineString", "coordinates": [[-89.3554551722943, 48.40014498332], [-89.355470533219, 48.4008680674661], [-89.3554715197974, 48.4009246709229], [-89.355519890375, 48.4054554172138], [-89.3555209605103, 48.40556240192], [-89.3555213693532, 48.4056379639936], [-89.3555217621939, 48.4056568199921], [-89.3555225345587, 48.4056693250174], [-89.3555232297571, 48.4056755388096], [-89.3555242460388, 48.4056817118349], [-89.3555257070271, 48.4056878289645], [-89.3555276845037, 48.4056938059516], [-89.3555300945782, 48.4056997281909], [-89.3555328230781, 48.4057056106172], [-89.355535775957, 48.4057114650541], [-89.3555421089971, 48.4057231210881], [-89.3555757466882, 48.405781215091], [-89.355605645125, 48.4058336893947], [-89.3556124769903, 48.4058452317364], [-89.3556160330496, 48.4058509208593], [-89.3556197483959, 48.4058565185443], [-89.3556236966798, 48.4058619809947], [-89.3556279726962, 48.4058672540837], [-89.3556327093532, 48.4058722604098], [-89.3556380804967, 48.4058769019388], [-89.3556442130947, 48.4058810896944], [-89.3556509775207, 48.4058849136068], [-89.3556582012788, 48.4058884716827], [-89.3556657554697, 48.4058918403413], [-89.35567353994, 48.4058950747191], [-89.3556895354599, 48.4059012999016], [-89.355771343504, 48.4059314462516], [-89.3558446794536, 48.4059588581264], [-89.3558610408795, 48.4059647248889], [-89.3558692727612, 48.4059675227093], [-89.3558775612426, 48.4059701709117], [-89.3558859305414, 48.4059726087171], [-89.3558944132461, 48.4059747517817], [-89.3559030515406, 48.4059764894724], [-89.3559120041082, 48.4059777465587], [-89.3559211172087, 48.4059785882726], [-89.3559303462066, 48.4059791306958], [-89.3559396571635, 48.4059794581997], [-89.3559584347494, 48.4059797096296], [-89.3559867826068, 48.4059796129343], [-89.3561003740473, 48.4059787001336], [-89.3562516614896, 48.4059779164074], [-89.366225852179, 48.4059294151236]]}, "properties": {"OBJECTID": 4711, "ROAD_CLASS": null, "OP2002_ROW": "30 m", "OP2018_ROW": "24 m", "Shape__Length": 1425.95549715789}}, {"type": "Feature", "id": 4712, "geometry": {"type": "LineString", "coordinates": [[-89.4148873822022, 48.3985774317933], [-89.4147574611358, 48.3986463844198], [-89.4146637682938, 48.3986963391325], [-89.4146420845955, 48.3987077992974], [-89.4146274970087, 48.3987152910143], [-89.414612657052, 48.3987225037076], [-89.4146050744689, 48.3987259290191], [-89.4145973264969, 48.3987291715547], [-89.4145892685364, 48.3987322307515], [-89.4145810409675, 48.3987351036619], [-89.4145642534885, 48.3987404794641], [-89.4145386437271, 48.3987480676455], [-89.4144353999437, 48.3987775203652], [-89.4143322616267, 48.3988070913436], [-89.4141518413166, 48.3988589492695], [-89.4140402401343, 48.3988913114265], [-89.4140144174838, 48.3988985728514], [-89.4139970850792, 48.3989030575603], [-89.4139883472469, 48.3989050854775], [-89.4139795367271, 48.3989068908821], [-89.4139706253511, 48.3989083924883], [-89.4139615102545, 48.3989095294729], [-89.4139522913045, 48.3989103564236], [-89.4139429982753, 48.3989109599912], [-89.4139336530429, 48.3989114026989], [-89.4139148631997, 48.3989119869824], [-89.4138960038798, 48.3989123594805], [-89.4138015454804, 48.3989137439546], [-89.4137071496599, 48.398915308787], [-89.4126169297776, 48.3989342033451], [-89.4125700595303, 48.3989349437694], [-89.4125324304822, 48.398935269857], [-89.4124757883474, 48.3989353460969], [-89.4072267719203, 48.3989355742025], [-89.4070851472287, 48.39893552558], [-89.4069812467613, 48.3989353061906], [-89.4069623743409, 48.3989353449171], [-89.4069435440242, 48.3989355600099], [-89.406934159166, 48.3989357942354], [-89.4069248063184, 48.3989361627526], [-89.4069154988256, 48.398936719267], [-89.4069062522299, 48.3989375354335], [-89.406897109529, 48.3989386634371], [-89.4068880304671, 48.3989400519351], [-89.4068789939749, 48.3989416266892], [-89.4068699908002, 48.3989433348079], [-89.4068430851212, 48.3989489131592], [-89.4067357603093, 48.3989724439253], [-89.4066283951511, 48.3989958089814], [-89.4064494178714, 48.3990346456866], [-89.4063061206296, 48.3990655581885], [-89.4062883569533, 48.3990696233747], [-89.406279552356, 48.3990717609708], [-89.4062708313497, 48.3990740092857], [-89.4062622257937, 48.39907641354], [-89.4062537789821, 48.3990790322112], [-89.4062455733465, 48.399081894166], [-89.4062375250628, 48.3990849696671], [-89.4062295907521, 48.3990881984395], [-89.4062139443794, 48.3990949563471], [-89.406198461094, 48.3991019348776], [-89.4060675962903, 48.3991622435719], [-89.4056899599885, 48.3993354913747]]}, "properties": {"OBJECTID": 4712, "ROAD_CLASS": null, "OP2002_ROW": "30 m", "OP2018_ROW": "24 m", "Shape__Length": 702.4134258508743}}, {"type": "Feature", "id": 4713, "geometry": {"type": "LineString", "coordinates": [[-89.3739902468183, 48.4702688632011], [-89.3740395333593, 48.4729575291249], [-89.3740914458345, 48.4746235608689], [-89.374093095253, 48.4746801418796], [-89.3741292432573, 48.4764023812097], [-89.3741927803753, 48.4788757747975], [-89.3741934660255, 48.4789072415259], [-89.374193555726, 48.4789198287872], [-89.3741933880992, 48.4789323826709], [-89.3741920906381, 48.4789636923862], [-89.3741703381595, 48.4793769494054], [-89.374163575719, 48.4795084486878], [-89.3741620013078, 48.4795334794573], [-89.3741608524539, 48.4795459735143], [-89.3741600893449, 48.4795522082417], [-89.3741580857064, 48.4795646839508], [-89.3741556709034, 48.4795771357551], [-89.3741516998086, 48.4795957900711], [-89.3741242074235, 48.479720099112], [-89.3739833410706, 48.4803603326756], [-89.3739763997866, 48.480391402557], [-89.3739705581104, 48.4804162559611], [-89.3725196626804, 48.4863657103997], [-89.3715126003303, 48.4905567831125]]}, "properties": {"OBJECTID": 4713, "ROAD_CLASS": null, "OP2002_ROW": "30 m", "OP2018_ROW": "24 m", "Shape__Length": 2271.6906651598183}}, {"type": "Feature", "id": 4714, "geometry": {"type": "LineString", "coordinates": [[-89.3314248604468, 48.4555736016702], [-89.3315618820206, 48.4590706047601]]}, "properties": {"OBJECTID": 4714, "ROAD_CLASS": null, "OP2002_ROW": "30 m", "OP2018_ROW": "24 m", "Shape__Length": 388.9823789202046}}, {"type": "Feature", "id": 4715, "geometry": {"type": "LineString", "coordinates": [[-89.2420506017458, 48.4687511148728], [-89.2420699985276, 48.4741940505395]]}, "properties": {"OBJECTID": 4715, "ROAD_CLASS": null, "OP2002_ROW": "TBD", "OP2018_ROW": "24 m", "Shape__Length": 605.2153728423766}}, {"type": "Feature", "id": 4716, "geometry": {"type": "LineString", "coordinates": [[-89.3080883544982, 48.4171173752316], [-89.3119152194692, 48.4170995095461]]}, "properties": {"OBJECTID": 4716, "ROAD_CLASS": null, "OP2002_ROW": "36 m", "OP2018_ROW": "24 m", "Shape__Length": 283.2668094525992}}, {"type": "Feature", "id": 4717, "geometry": {"type": "LineString", "coordinates": [[-89.3420929759558, 48.4173786177017], [-89.3446539558278, 48.4174517427691]]}, "properties": {"OBJECTID": 4717, "ROAD_CLASS": null, "OP2002_ROW": "36 m", "OP2018_ROW": "24 m", "Shape__Length": 189.73573318040656}}, {"type": "Feature", "id": 4718, "geometry": {"type": "LineString", "coordinates": [[-89.3315618820206, 48.4590706047601], [-89.331658951758, 48.4613201589407], [-89.3316660175163, 48.4614898776717], [-89.3316668636929, 48.4615024388209], [-89.3316674526926, 48.4615087088345], [-89.3316682142378, 48.4615149654535], [-89.3316692157827, 48.4615212046112], [-89.3316704343808, 48.4615270731769], [-89.3316718714363, 48.4615329265175], [-89.331675179677, 48.4615446010055], [-89.3316788317411, 48.4615562505292], [-89.3316847010583, 48.461573656602], [-89.3316889367939, 48.4615851422387], [-89.3316912296278, 48.4615908063824], [-89.3316937080547, 48.4615963875873], [-89.3316964501685, 48.461601848281], [-89.3316995594132, 48.4616071431791], [-89.3317031694535, 48.4616122074904], [-89.3317074620744, 48.4616169637518], [-89.3317127484786, 48.4616214722352], [-89.3317187531318, 48.4616256539507], [-89.3317252799586, 48.4616295992474], [-89.331732184482, 48.4616333731355], [-89.3317393554372, 48.461637027356], [-89.3317467106756, 48.4616405995635], [-89.3317617459836, 48.4616475997328], [-89.3318076256272, 48.4616682435448], [-89.3318229836708, 48.4616750239264], [-89.331838441233, 48.461681614244], [-89.3318462511146, 48.4616847750469], [-89.3318541503662, 48.4616877900799], [-89.3318621757111, 48.4616906046145], [-89.3318703790615, 48.4616931411206], [-89.3318789240709, 48.4616953692886], [-89.3318876522446, 48.461697313925], [-89.3318965115879, 48.461699050762], [-89.3319054657069, 48.4617006417193], [-89.3319235519097, 48.461703544705], [-89.3319508876954, 48.4617075782854], [-89.3320056951123, 48.4617154213378], [-89.3320422463859, 48.4617204611169], [-89.3320605640287, 48.4617226872866], [-89.3320697486508, 48.4617236401442], [-89.3320789609154, 48.4617244286889], [-89.3320883008705, 48.4617250221006], [-89.3320976696547, 48.4617254475762], [-89.3321164611557, 48.4617259699281], [-89.3321541459737, 48.4617264025378], [-89.332276727811, 48.4617271292301], [-89.3324935579545, 48.4617286951964], [-89.3325312636476, 48.4617287862594], [-89.3325501088663, 48.4617286506442], [-89.3325689489667, 48.4617283738713], [-89.3326160468706, 48.4617274241988], [-89.334612876395, 48.4616841795977], [-89.3346599701129, 48.4616832876549], [-89.3346882229736, 48.4616831271984], [-89.3347165444692, 48.4616835780618], [-89.3347448635738, 48.4616843600694], [-89.3348959901716, 48.4616889591781], [-89.3349148604303, 48.4616896054368], [-89.3349336627258, 48.4616904510138], [-89.3349430149364, 48.4616910160531], [-89.3349523159605, 48.4616917332862], [-89.3349615415723, 48.4616926643869], [-89.3349706657088, 48.4616938899609], [-89.3349792657786, 48.4616953987922], [-89.3349877741958, 48.4616971803038], [-89.3349962132989, 48.4616991611636], [-89.3350046062098, 48.4617012851187], [-89.3350296328722, 48.4617081459247], [-89.3350628795301, 48.4617177253125], [-89.3350876550585, 48.4617250680638], [-89.3351038818344, 48.4617301631634], [-89.3351118077063, 48.461732840032], [-89.3351195344134, 48.4617356577031], [-89.3351269792832, 48.4617386718391], [-89.3351340349536, 48.4617419601973], [-89.3351405638431, 48.4617456200431], [-89.335146667892, 48.461749897634], [-89.3351522084719, 48.4617545726501], [-89.335157341632, 48.4617595375541], [-89.3351621838654, 48.4617647072055], [-89.3351668230445, 48.4617700213376], [-89.335175729363, 48.4617809144784], [-89.3351843907831, 48.46179198354], [-89.3352100479351, 48.4618254025013], [-89.3352226174064, 48.4618421550288], [-89.3352305801934, 48.4618534173175], [-89.335234310074, 48.4618591098011], [-89.3352377844899, 48.4618648659538], [-89.3352409699192, 48.461870751237], [-89.3352438932082, 48.4618767021242], [-89.3352466292603, 48.4618826999998], [-89.3352517402414, 48.4618947858579], [-89.3352589733925, 48.4619130233124], [-89.3352778864483, 48.461961760414], [-89.3352871708108, 48.4619861356079], [-89.3352914680895, 48.4619983540497], [-89.3352934200001, 48.4620044803107], [-89.3352951671753, 48.4620106260237], [-89.3352966287278, 48.4620167973295], [-89.3352977444561, 48.4620230089464], [-89.3352985732098, 48.4620292461836], [-89.335299195835, 48.4620355020014], [-89.3353000451297, 48.4620480522666], [-89.335300603354, 48.4620606273356], [-89.3353032177447, 48.4621424654975], [-89.3353069162935, 48.4622494571503], [-89.3355743122258, 48.4699197379517]]}, "properties": {"OBJECTID": 4718, "ROAD_CLASS": null, "OP2002_ROW": "30 m", "OP2018_ROW": "24 m", "Shape__Length": 1453.7978462270776}}, {"type": "Feature", "id": 4719, "geometry": {"type": "LineString", "coordinates": [[-89.2420764765491, 48.4760063413282], [-89.2420890102291, 48.4778151009485]]}, "properties": {"OBJECTID": 4719, "ROAD_CLASS": null, "OP2002_ROW": "TBD", "OP2018_ROW": "24 m", "Shape__Length": 201.12283286027812}}, {"type": "Feature", "id": 4720, "geometry": {"type": "LineString", "coordinates": [[-89.3664037378032, 48.4104105647783], [-89.3664359646661, 48.416737436802]]}, "properties": {"OBJECTID": 4720, "ROAD_CLASS": null, "OP2002_ROW": "30 m", "OP2018_ROW": "24 m", "Shape__Length": 703.5253740797717}}, {"type": "Feature", "id": 4721, "geometry": {"type": "LineString", "coordinates": [[-89.3018223461533, 48.4719994486039], [-89.3018672941348, 48.4719517881403], [-89.3019165244045, 48.4719060366837], [-89.3019698541328, 48.4718623641333], [-89.3020270852684, 48.4718209326678], [-89.3020880052736, 48.4717818961433], [-89.3021523879136, 48.4717453995217], [-89.3022199940966, 48.4717115783328], [-89.302290572762, 48.4716805581709], [-89.3023638618122, 48.4716524542283], [-89.3024395890861, 48.4716273708681], [-89.3025174733699, 48.4716054012362], [-89.3025972254409, 48.4715866269157], [-89.3026785491414, 48.4715711176239], [-89.3027611424788, 48.4715589309535], [-89.3028446987464, 48.4715501121589], [-89.3029289076623, 48.4715446939879]]}, "properties": {"OBJECTID": 4721, "ROAD_CLASS": null, "OP2002_ROW": "30 m", "OP2018_ROW": "24 m", "Shape__Length": 100.10260595444163}}, {"type": "Feature", "id": 4722, "geometry": {"type": "LineString", "coordinates": [[-89.355517428089, 48.4173392329102], [-89.3596996984854, 48.4171090233332]]}, "properties": {"OBJECTID": 4722, "ROAD_CLASS": null, "OP2002_ROW": "36 m", "OP2018_ROW": "24 m", "Shape__Length": 310.62699379998213}}, {"type": "Feature", "id": 4723, "geometry": {"type": "LineString", "coordinates": [[-89.3715126003303, 48.4905567831125], [-89.370640061132, 48.4945088159444], [-89.370627556949, 48.4945647932488], [-89.3703663682795, 48.4956864463848], [-89.3698835298669, 48.4977239673654], [-89.3696260883922, 48.4988020199596], [-89.3695947982706, 48.4989321163078], [-89.3695890838172, 48.4989569083003], [-89.3695866086194, 48.4989693243195], [-89.3695855758568, 48.4989755411562], [-89.3695847494299, 48.4989817699381], [-89.3695841774424, 48.4989879970783], [-89.3695838144959, 48.4989942361081], [-89.3695834915557, 48.4990067328599], [-89.3695835329199, 48.4990255031477], [-89.3695855317782, 48.4991632408637], [-89.3695913438191, 48.499620249621], [-89.3695918830726, 48.4996452834931], [-89.3695924500042, 48.4996577889071], [-89.3695928876165, 48.4996640375394], [-89.3695934628514, 48.4996702761392], [-89.369594920178, 48.4996827434196], [-89.3695984322322, 48.4997076566781], [-89.3696171737529, 48.4998321788435], [-89.3697242859434, 48.500548232409]]}, "properties": {"OBJECTID": 4723, "ROAD_CLASS": null, "OP2002_ROW": "30 m", "OP2018_ROW": "24 m", "Shape__Length": 1122.2960433163732}}, {"type": "Feature", "id": 4724, "geometry": {"type": "LineString", "coordinates": [[-89.1819385850214, 48.4878286416552], [-89.1819227904366, 48.4879400099323], [-89.1819199994944, 48.4879585521244], [-89.1819178811916, 48.4879708806843], [-89.1819166655886, 48.4879770263381], [-89.1819152948479, 48.4879831524409], [-89.1819137064121, 48.4879892520819], [-89.1819118649279, 48.4879952899425], [-89.1819076022885, 48.4880072938828], [-89.1819004368496, 48.4880252055577], [-89.18186763249, 48.4881026035542], [-89.1818601869647, 48.4881204863486], [-89.1818529004245, 48.488138573063], [-89.1817892078256, 48.4883024819373], [-89.1817822440257, 48.4883207100804], [-89.1817777667516, 48.4883328863331], [-89.1817735768003, 48.4883451030227], [-89.1817716464861, 48.4883512478325], [-89.1817663429809, 48.4883697494944], [-89.1817385760694, 48.4884749351634], [-89.1817323151294, 48.4884997017402], [-89.1817295774331, 48.488512106821], [-89.1817284202546, 48.4885183215424], [-89.181727476137, 48.4885245493181], [-89.1817268083024, 48.4885306863811], [-89.1817263480806, 48.4885368357021], [-89.1817258414718, 48.4885491579865], [-89.1817256097879, 48.4885738471163], [-89.1817257104377, 48.4886788498066], [-89.1817259502623, 48.4886973687075], [-89.181726421407, 48.4887097030407], [-89.1817268306681, 48.4887158646642], [-89.1817274097078, 48.4887221346336], [-89.1817289272598, 48.4887346614574], [-89.1817326570829, 48.4887596920338], [-89.1817546091713, 48.4888973099867], [-89.1817578767865, 48.4889160485834], [-89.1817603917074, 48.4889285079079], [-89.1817632953303, 48.4889407205354], [-89.1817681454271, 48.4889589909582], [-89.1818056423043, 48.4890928096994], [-89.181809174984, 48.4891049510147], [-89.1818129465834, 48.489117045512], [-89.1818172135638, 48.4891290451413], [-89.1818196598353, 48.4891349845912], [-89.1818224073893, 48.4891409111297], [-89.1818285388028, 48.4891526414739], [-89.1818351669124, 48.4891642760251], [-89.1818420339434, 48.4891758637581], [-89.1818805292407, 48.4892394637389], [-89.1819223269063, 48.4893088897484], [-89.1819330530338, 48.4893261571016], [-89.1819405643409, 48.4893375544653], [-89.1819445215888, 48.4893431881426], [-89.1819528001819, 48.4893541084973], [-89.1819659618127, 48.4893702517923], [-89.1819840479521, 48.4893916064426], [-89.1820296930815, 48.4894448661417], [-89.1820431119216, 48.4894609145776], [-89.1820516561802, 48.4894717165218], [-89.1820556899702, 48.4894771777967], [-89.1820594787356, 48.4894827013007], [-89.182062934103, 48.4894883094036], [-89.1820660027837, 48.4894940535004], [-89.1820687340862, 48.489499884071], [-89.1820712190112, 48.4895057768965], [-89.1820735298955, 48.4895117144101], [-89.1820778115046, 48.4895236741642], [-89.1821193601257, 48.4896501300133], [-89.182126964272, 48.4896742512512], [-89.1821321009018, 48.4896926331864], [-89.1821367980225, 48.4897111818083], [-89.182154953478, 48.4897854800717], [-89.1821592661742, 48.4898040593766], [-89.1821617472054, 48.4898164509553], [-89.1821627469289, 48.4898226499621], [-89.1821634991171, 48.4898288527642], [-89.1821639063941, 48.4898350612086], [-89.1821639018096, 48.4898410084482], [-89.1821635779714, 48.4898469599437], [-89.1821630187695, 48.4898529150036], [-89.1821614404576, 48.4898648320471], [-89.1821574207795, 48.4898886780048], [-89.1821540963195, 48.4899065528268], [-89.1821517158519, 48.4899184499953], [-89.1821490548501, 48.4899303074986], [-89.182145846498, 48.4899420899099], [-89.1821438964023, 48.4899480263645], [-89.1821417583952, 48.4899539366923], [-89.1821346677288, 48.4899715761417], [-89.1821245321817, 48.489995000063], [-89.1821140389657, 48.4900183533909], [-89.1821085222165, 48.4900299645501], [-89.182105621662, 48.4900357372873], [-89.1820993876225, 48.4900471299225], [-89.182096055567, 48.490052751593], [-89.1820891137809, 48.4900639273226], [-89.1820674063117, 48.4900972436098], [-89.1820525887645, 48.4901193428625], [-89.1820449020062, 48.4901302861951], [-89.1820409058991, 48.4901357000266], [-89.1820367543016, 48.4901410547263], [-89.1820323921122, 48.4901463279465], [-89.1820276004177, 48.4901516857886], [-89.1820225831, 48.4901569588373], [-89.182012103979, 48.4901673352194], [-89.182001290497, 48.4901775847832], [-89.1819848156246, 48.4901928604886], [-89.1819296167593, 48.4902436717841], [-89.1819129359684, 48.4902588497157], [-89.1819016433831, 48.4902688807267], [-89.1818900713814, 48.4902788351609], [-89.1818606258762, 48.4903034584022], [-89.1807293135813, 48.491240781304], [-89.1806107494454, 48.4913388820507], [-89.1805930812471, 48.4913536520326], [-89.180581478026, 48.4913635844301], [-89.1805701884476, 48.4913736656339], [-89.1805647922991, 48.4913787280646], [-89.1805491151806, 48.4913941602849], [-89.1805287301661, 48.4914149855808], [-89.1804324307802, 48.4915141675921], [-89.1804173777466, 48.491529887573], [-89.1804075599097, 48.4915404528091], [-89.1804027735207, 48.491545783489], [-89.1803937849938, 48.4915562439348], [-89.1803807359242, 48.4915721058767], [-89.1803551444622, 48.4916040297886], [-89.1803384368078, 48.4916254187622], [-89.1803304603491, 48.4916362172121], [-89.1803266714512, 48.4916416720408], [-89.1803230825614, 48.4916471824606], [-89.1803196478733, 48.4916529112892], [-89.1803164228152, 48.4916586991254], [-89.1803103809838, 48.4916703894222], [-89.1802990834386, 48.4916939836462], [-89.1802882885753, 48.4917176844068], [-89.180283242378, 48.491729581664], [-89.180280906384, 48.4917355532885], [-89.1802787649916, 48.4917415491165], [-89.1802768916983, 48.4917475785518], [-89.1802753438103, 48.4917536522048], [-89.1802740640602, 48.4917597603642], [-89.1802729802645, 48.4917658927014], [-89.1802711828263, 48.4917782034448], [-89.1802696603268, 48.4917905494654], [-89.1802676022861, 48.4918090921102], [-89.1802657677918, 48.4918276395158], [-89.1802648238088, 48.4918399979658], [-89.1802645188507, 48.4918461740255], [-89.1802643883647, 48.4918523467789], [-89.1802644986234, 48.49185851497], [-89.1802648955048, 48.4918645805598], [-89.1802663290382, 48.4918767005152], [-89.1802693307957, 48.4918948656624], [-89.1802797129664, 48.4919493359101], [-89.1802821857312, 48.4919614163774], [-89.180284911225, 48.4919734560665], [-89.1802881637387, 48.4919854119912], [-89.1802901260972, 48.4919913363489], [-89.1802924230609, 48.4919972984519], [-89.1802949727532, 48.4920032197767], [-89.1803005669684, 48.4920149855697], [-89.1803126778635, 48.4920383746124], [-89.1803283768981, 48.4920675006496], [-89.1803349007014, 48.4920790688804], [-89.1803382927573, 48.4920848104915], [-89.1803418208413, 48.4920905045387], [-89.1803455437696, 48.4920961337123], [-89.1803495309469, 48.4921016751038], [-89.1803539093103, 48.4921071847892], [-89.1803585585311, 48.4921126029683], [-89.1803683961766, 48.4921232608598], [-89.1803838371752, 48.4921390174402], [-89.1804468436365, 48.4922016279161], [-89.180525331376, 48.4922799815595], [-89.1805359446032, 48.492290353022], [-89.1805467806215, 48.4923006167931], [-89.1805523391058, 48.4923056785368], [-89.1805638040364, 48.4923156145849], [-89.180575576506, 48.4923253990484], [-89.1805995018006, 48.4923447781198], [-89.1807077366355, 48.4924317053896], [-89.1812904477063, 48.4929004240688], [-89.1813987062098, 48.4929873421443], [-89.1814224928565, 48.4930067875539], [-89.1814340453775, 48.4930166750693], [-89.181439644569, 48.4930217036086], [-89.18145044116, 48.4930320184267], [-89.1814659762128, 48.4930478072681], [-89.1815317232752, 48.4931170024221], [-89.1815825018368, 48.4931701712426], [-89.1815924671994, 48.4931808607971], [-89.1816020715112, 48.493191653467], [-89.1816066283728, 48.4931971219319], [-89.1816109257766, 48.4932026636952], [-89.1816148688117, 48.4932083066484], [-89.1816183583958, 48.4932140445729], [-89.1816214976686, 48.4932198836106], [-89.1816243815407, 48.4932257958698], [-89.1816270849439, 48.4932317610356], [-89.1816321534968, 48.4932437895524], [-89.1816369787465, 48.4932558892619], [-89.1816485583051, 48.4932862412749], [-89.1816528656538, 48.4932984164838], [-89.1816548535267, 48.4933045202781], [-89.1816566702454, 48.4933106417133], [-89.1816582457096, 48.4933167875171], [-89.1816595012487, 48.4933228278221], [-89.1816605262762, 48.4933288904926], [-89.1816621195201, 48.4933410640833], [-89.1816639292427, 48.4933593849549], [-89.1816664668175, 48.4933899642056], [-89.1816677385427, 48.4934083024764], [-89.1816682409104, 48.4934205111481], [-89.1816682831861, 48.4934266050498], [-89.1816681111433, 48.49343268862], [-89.1816676447507, 48.4934387579779], [-89.1816668229915, 48.4934447791915], [-89.1816657096646, 48.4934507879395], [-89.1816643820188, 48.4934567863559], [-89.1816628997588, 48.4934627778073], [-89.1816596435928, 48.4934747464464], [-89.1816349430423, 48.4935584623162], [-89.1816313336985, 48.4935704025622], [-89.1816275315609, 48.4935822978789], [-89.1816233127673, 48.4935941048261], [-89.1816209321118, 48.4935999486634], [-89.1816182809126, 48.4936057337505], [-89.1816153390804, 48.4936113704964], [-89.1816121308006, 48.4936169493142], [-89.181608728491, 48.4936224859254], [-89.1816015372026, 48.4936334756075], [-89.1815940548866, 48.493644402429], [-89.1815556933238, 48.4936988233131], [-89.1815400561388, 48.4937204935625], [-89.1815231493548, 48.4937428923634], [-89.1807529536934, 48.4947406848969]]}, "properties": {"OBJECTID": 4724, "ROAD_CLASS": null, "OP2002_ROW": "30 m", "OP2018_ROW": "24 m", "Shape__Length": 869.3662794042499}}, {"type": "Feature", "id": 4725, "geometry": {"type": "LineString", "coordinates": [[-89.3337267056629, 48.4426676715605], [-89.3337053948741, 48.4429875271566], [-89.3338849706311, 48.4497327990129], [-89.3339336810504, 48.4515128275164], [-89.3339366957357, 48.4515360180143], [-89.3339360370407, 48.4515592909369], [-89.3339317122278, 48.4515823895103], [-89.3339237690085, 48.4516050588835], [-89.3339122950172, 48.4516270489407], [-89.3338974168443, 48.451648117061], [-89.33387929864, 48.4516680307947], [-89.3338581403032, 48.451686570429], [-89.333834175276, 48.4517035314111], [-89.3338076679682, 48.4517187266061], [-89.3337789108402, 48.451731988361], [-89.3337482211759, 48.451743170355], [-89.3337159375824, 48.4517521492139], [-89.3336824162535, 48.4517588258711], [-89.33364802704, 48.4517631266609], [-89.3336131493686, 48.4517650041313], [-89.3316617644152, 48.4517893513581], [-89.3316253050343, 48.4517896003195], [-89.3315890527538, 48.4517921937066], [-89.3315533474439, 48.451797107206], [-89.3315185238473, 48.4518042947531], [-89.3314849084408, 48.4518136889636], [-89.3314528163747, 48.4518252017654], [-89.3314225485183, 48.4518387252243], [-89.3313943886394, 48.4518541325557], [-89.3313686007438, 48.4518712793131], [-89.3313454266003, 48.4518900047426], [-89.3313250834739, 48.4519101332899], [-89.3313077620892, 48.4519314762456], [-89.3312936248418, 48.451953833515], [-89.3312828042759, 48.4519769954936], [-89.3312754018416, 48.4520007450323], [-89.3312714869432, 48.4520248594732], [-89.3314248604468, 48.4555736016702]]}, "properties": {"OBJECTID": 4725, "ROAD_CLASS": null, "OP2002_ROW": "30 m", "OP2018_ROW": "24 m", "Shape__Length": 1607.4585487056697}}, {"type": "Feature", "id": 4726, "geometry": {"type": "LineString", "coordinates": [[-89.372499341805, 48.4566909965912], [-89.3725194271062, 48.4600335356295], [-89.372521928961, 48.4608547826477], [-89.3725193371765, 48.460910528349], [-89.3725222220384, 48.4609662676812], [-89.3725305712595, 48.4610217628921], [-89.3725443492444, 48.4610767772702], [-89.372563497241, 48.4611310761541], [-89.3725879335913, 48.4611844279336], [-89.3726175540786, 48.4612366050376], [-89.3726522323725, 48.461287384905], [-89.3733716614726, 48.4621709661347], [-89.3734459323444, 48.4622796763738], [-89.3735139371372, 48.4623901854934], [-89.3735755775378, 48.4625023337983], [-89.3736307644278, 48.4626159592234], [-89.3736794180133, 48.4627308975681], [-89.3737214679402, 48.462846982733], [-89.3737568533959, 48.4629640469608], [-89.3737855231979, 48.4630819210779], [-89.3738534174944, 48.4652466418483], [-89.3739902468183, 48.4702688632011]]}, "properties": {"OBJECTID": 4726, "ROAD_CLASS": null, "OP2002_ROW": "30 m", "OP2018_ROW": "24 m", "Shape__Length": 1529.8953667136748}}, {"type": "Feature", "id": 4727, "geometry": {"type": "LineString", "coordinates": [[-89.3283840230013, 48.5004876683165], [-89.327240834936, 48.5030861261061], [-89.327175399489, 48.5032512021013], [-89.3271184642485, 48.5034176636509], [-89.3270700953927, 48.5035853175162], [-89.3270303491573, 48.5037539690722], [-89.3269992717692, 48.5039234225339], [-89.3269768993935, 48.5040934811834], [-89.32696325809, 48.5042639475981], [-89.3269583637833, 48.5044346238803], [-89.3271489618046, 48.5077596760818]]}, "properties": {"OBJECTID": 4727, "ROAD_CLASS": null, "OP2002_ROW": "30 m", "OP2018_ROW": "30 m", "Shape__Length": 822.8979446531638}}, {"type": "Feature", "id": 4728, "geometry": {"type": "LineString", "coordinates": [[-89.3726163460251, 48.5094220331038], [-89.3726137996606, 48.5126748728933], [-89.3726142328957, 48.5127252228557], [-89.3726325731565, 48.5143679223192], [-89.3726338521492, 48.5145064060428], [-89.372634174587, 48.5145252793636], [-89.3726346815418, 48.5145378408603], [-89.3726351111345, 48.5145441085295], [-89.3726357269686, 48.514550362461], [-89.372636597917, 48.5145565985352], [-89.3726377718964, 48.5145627698777], [-89.3726391983264, 48.5145689243177], [-89.3726408068973, 48.5145750642046], [-89.3726443777081, 48.5145873195901], [-89.3726501739515, 48.5146056715504], [-89.372679971529, 48.5146973668255], [-89.3727647049003, 48.5149602763515]]}, "properties": {"OBJECTID": 4728, "ROAD_CLASS": null, "OP2002_ROW": "30 m", "OP2018_ROW": "24 m", "Shape__Length": 616.8425182495507}}, {"type": "Feature", "id": 4729, "geometry": {"type": "LineString", "coordinates": [[-89.3820660661658, 48.4701802016982], [-89.4167173477557, 48.4697041269775], [-89.4169066005997, 48.4697015902274], [-89.4170296500344, 48.4696997487905], [-89.4170485672914, 48.4696995312364], [-89.4170674594115, 48.4696994680631], [-89.4170862918544, 48.4696997435436], [-89.4170956679378, 48.4697001043622], [-89.4171050047299, 48.4697006918406], [-89.4171141619271, 48.4697015431174], [-89.4171232809714, 48.4697026165314], [-89.4171323711236, 48.4697038507057], [-89.4171414410615, 48.469705200471], [-89.4171595412632, 48.4697081185704], [-89.4172769823547, 48.4697284554722], [-89.4173674461256, 48.4697438545845], [-89.4173945234384, 48.4697485598193], [-89.4174124417898, 48.4697518928824], [-89.4174213161918, 48.4697536831094], [-89.417430100819, 48.4697556056849], [-89.4174387628771, 48.4697577107839], [-89.4174472542488, 48.469760067798], [-89.4174554819395, 48.4697627128718], [-89.417463541562, 48.4697656080061], [-89.417471478573, 48.4697686847653], [-89.4174793256388, 48.4697718902778], [-89.4174948544076, 48.4697785513055], [-89.4175179472103, 48.4697888394698], [-89.4176024007772, 48.46982689423], [-89.4176947288532, 48.4698681592479], [-89.4177176819487, 48.4698785807712], [-89.4177327975672, 48.4698856859254], [-89.4177475920119, 48.4698930650516], [-89.4177621387982, 48.4699009838275], [-89.4177763552056, 48.4699091821674], [-89.4177973968988, 48.4699217186537], [-89.4179438204213, 48.4700102146952], [-89.4188370029304, 48.4705490416209], [-89.418955507756, 48.4706207098704], [-89.4189835419462, 48.4706374421437], [-89.4189977859441, 48.4706456145605], [-89.4190050287804, 48.4706495956566], [-89.4190123937623, 48.4706534707134], [-89.419019931699, 48.4706572269655], [-89.4190353442878, 48.4706644507683], [-89.4190589082915, 48.4706749014658], [-89.4192016845343, 48.4707364048064], [-89.4194394215999, 48.4708391198208], [-89.4194711794855, 48.4708527469245], [-89.419487161227, 48.4708594458432], [-89.4195033060888, 48.4708659613804], [-89.4195195488494, 48.4708721455509], [-89.4195441911273, 48.4708811104898], [-89.4200899116694, 48.4710742980166], [-89.4201228559508, 48.4710861499841], [-89.4201391565172, 48.4710922662704], [-89.4201472180882, 48.4710954221016], [-89.4201552303388, 48.4710986788412], [-89.4201710759784, 48.4711053859273], [-89.4202024228015, 48.4711191816326], [-89.4207877513581, 48.4713805345478], [-89.4208190408528, 48.4713943978733], [-89.4208426964341, 48.4714045970514], [-89.4208666689339, 48.4714144611495], [-89.4208988835323, 48.4714273485589], [-89.4212297985792, 48.471558699014], [-89.4213911374183, 48.4716228707436], [-89.4214154111103, 48.4716324062802], [-89.4214317007461, 48.4716386269843], [-89.4214481779215, 48.4716446089057], [-89.4214565159887, 48.4716474583115], [-89.4214733630732, 48.4716529393843], [-89.4214988633244, 48.4716608682378], [-89.4219684716931, 48.4718035802069], [-89.4221476837581, 48.4718582304809], [-89.4221819033919, 48.4718684858575], [-89.4221991393925, 48.4718733792016], [-89.4222078259179, 48.4718757020648], [-89.4222165821485, 48.4718778974959], [-89.4222254817875, 48.4718799504465], [-89.4222344497799, 48.4718818759934], [-89.4222525266554, 48.4718854748898], [-89.4222889328131, 48.4718922048919], [-89.4224805031359, 48.4719267371179], [-89.4240854384263, 48.4722172604771], [-89.4242586932634, 48.4722486487372], [-89.4243680855443, 48.4722685902151], [-89.4244046010366, 48.4722750473224], [-89.4244229316823, 48.4722780026133], [-89.4244321353055, 48.4722793327926], [-89.4244413791706, 48.4722805136657], [-89.4244505787215, 48.4722815029273], [-89.4244598186427, 48.4722823455793], [-89.4244783726383, 48.4722837414009], [-89.4245063056526, 48.4722854631836], [-89.4246835127648, 48.4722954373335], [-89.4247021462385, 48.4722962862004], [-89.4247114530165, 48.4722966010742], [-89.4247207515205, 48.4722967991553], [-89.4247300369042, 48.4722968355587], [-89.4247393047734, 48.4722966464956], [-89.4247485326663, 48.4722961865524], [-89.4247577418213, 48.4722955038677], [-89.4247761255295, 48.4722936965527], [-89.4248036590514, 48.4722904160248], [-89.4248953690134, 48.4722785945823], [-89.4249779291787, 48.4722680771392], [-89.4250054005986, 48.4722644595693], [-89.4250236470996, 48.4722618750314], [-89.4250327303397, 48.4722604814842], [-89.4250417734626, 48.4722589844121], [-89.425059928927, 48.4722555974189], [-89.4250779626867, 48.4722518998786], [-89.4251138793408, 48.4722441219811], [-89.4252752806885, 48.4722085497328], [-89.4262170234111, 48.4720016553769], [-89.4263694524927, 48.4719680460194], [-89.426405410678, 48.4719603811073], [-89.4264235065306, 48.4719568547954], [-89.4264326133904, 48.4719552491996], [-89.4264417501758, 48.4719537887299], [-89.426460141657, 48.4719511838096], [-89.4264971579709, 48.4719465826614], [-89.4266363171225, 48.4719302489916], [-89.4268032567843, 48.4719104885737], [-89.426831101426, 48.4719072981666], [-89.4268590053612, 48.4719043863214], [-89.4268864472223, 48.4719020276623], [-89.426913948078, 48.4718999412733], [-89.427216704863, 48.4718781514047]]}, "properties": {"OBJECTID": 4729, "ROAD_CLASS": null, "OP2002_ROW": "30 m", "OP2018_ROW": "24 m", "Shape__Length": 3426.485181996631}}, {"type": "Feature", "id": 4730, "geometry": {"type": "LineString", "coordinates": [[-89.4267949291714, 48.4135699784229], [-89.426868339602, 48.4141214617953], [-89.4268705355369, 48.4141402723937], [-89.4268716359686, 48.4141528231634], [-89.4268720012285, 48.4141591029013], [-89.4268724415406, 48.414171670301], [-89.4268727154332, 48.414190534957], [-89.426902321757, 48.4205244417498], [-89.4269021533434, 48.4205495977646], [-89.4269016449043, 48.420581038498], [-89.4268702719883, 48.4223102839599], [-89.4268697637897, 48.4223605734998], [-89.4268670539086, 48.4227691297413], [-89.4268668875385, 48.4228068434862], [-89.4268669751812, 48.4228383112191], [-89.4268985906833, 48.4286977644156], [-89.4269108722601, 48.4322823560604], [-89.4269114377334, 48.4323326705583], [-89.4269628303003, 48.4361753585828], [-89.4269926337104, 48.440353569862], [-89.4270035321524, 48.4425469796993]]}, "properties": {"OBJECTID": 4730, "ROAD_CLASS": null, "OP2002_ROW": "30 m", "OP2018_ROW": "24 m", "Shape__Length": 3222.4870275199123}}, {"type": "Feature", "id": 4731, "geometry": {"type": "LineString", "coordinates": [[-89.3247223971982, 48.4710779405832], [-89.3254649299186, 48.4710663782472], [-89.3266343415523, 48.4710338965972], [-89.3271030802557, 48.4710129830351], [-89.3276800272739, 48.4709784514116], [-89.3289479346988, 48.4708975466353], [-89.3294736379636, 48.4708697567713], [-89.3301661671989, 48.4708576281841], [-89.3323952477964, 48.4708771872841], [-89.3324608315686, 48.470872599219], [-89.3325260234219, 48.4708659876386], [-89.3325906822369, 48.4708573668552], [-89.3326546680479, 48.4708467555299], [-89.3327178423464, 48.4708341766332], [-89.3327800683809, 48.4708196573944], [-89.3328412114529, 48.4708032292432], [-89.3329011392086, 48.4707849277412], [-89.3329597219253, 48.4707647925053], [-89.3330168327924, 48.4707428671219], [-89.3330723481857, 48.4707191990522], [-89.3331261479354, 48.4706938395297], [-89.3331781155859, 48.4706668434495], [-89.3332281386478, 48.4706382692487], [-89.3332761088421, 48.4706081787809], [-89.3333219223336, 48.4705766371814], [-89.3334191838865, 48.470505362642], [-89.3335197578959, 48.4704361508342], [-89.3336235454718, 48.4703690698014], [-89.3337304445659, 48.4703041854922], [-89.3338403500722, 48.4702415616949], [-89.3339531539303, 48.4701812599756], [-89.3340687452316, 48.470123339617], [-89.3341870103284, 48.4700678575607], [-89.3343093370513, 48.4700222361214], [-89.3344365665271, 48.4699829897862], [-89.3345679488103, 48.4699503498859], [-89.3347027094825, 48.4699245088102], [-89.3348400542159, 48.4699056188739], [-89.3349791734552, 48.4698937914194], [-89.3351192471876, 48.4698890961605], [-89.335259449776, 48.4698915607714], [-89.3355743122258, 48.4699197379517]]}, "properties": {"OBJECTID": 4731, "ROAD_CLASS": null, "OP2002_ROW": "30 m", "OP2018_ROW": "24 m", "Shape__Length": 838.3847931832627}}, {"type": "Feature", "id": 4732, "geometry": {"type": "LineString", "coordinates": [[-89.3355743122258, 48.4699197379517], [-89.3358210665201, 48.4699533167391], [-89.3360695984716, 48.4699804871889], [-89.3363652040178, 48.4700037403397], [-89.3370070782758, 48.4700428989589], [-89.3375195731835, 48.4700832840431], [-89.3376275389867, 48.4700942594904], [-89.3377345856203, 48.4701086766434], [-89.3378404651251, 48.4701265021065], [-89.3379449322452, 48.4701476945891], [-89.3388429914323, 48.4703482344178], [-89.3397791625671, 48.4705739287137], [-89.340181203644, 48.4706665171331], [-89.3404565513389, 48.4707226343366], [-89.3405353356492, 48.4707352983771], [-89.3406147710437, 48.4707460141639], [-89.3406947486031, 48.470754767004], [-89.3407751586639, 48.4707615448958], [-89.3408558909698, 48.4707663385459], [-89.3409368348226, 48.4707691413813], [-89.3410178792338, 48.470769949559], [-89.3410989130769, 48.4707687619711], [-89.3465190155971, 48.470623366877]]}, "properties": {"OBJECTID": 4732, "ROAD_CLASS": null, "OP2002_ROW": "30 m", "OP2018_ROW": "24 m", "Shape__Length": 822.8686346995985}}, {"type": "Feature", "id": 4733, "geometry": {"type": "LineString", "coordinates": [[-89.2852484529557, 48.5003342329208], [-89.2852930004557, 48.5040778029723], [-89.2852927408662, 48.5041029752722], [-89.2852918354124, 48.5041344377912], [-89.2852649149406, 48.5049272903211], [-89.2852638722859, 48.5049524520796], [-89.285262553816, 48.5049713014392], [-89.2852603257457, 48.5049900662971], [-89.2852575970936, 48.5050088096074], [-89.2851026944682, 48.506008089101], [-89.285080673142, 48.5061517664496], [-89.2850765840524, 48.5061767205884], [-89.2850741343241, 48.5061891449735], [-89.2850726915385, 48.5061953286542], [-89.2850710281462, 48.5062014843261], [-89.2850691235873, 48.5062075161271], [-89.2850647261438, 48.5062195041401], [-89.2850573386905, 48.5062373835609], [-89.2850130880396, 48.506338392012], [-89.284956070343, 48.5064691425154], [-89.2849480676959, 48.5064869225799], [-89.2849395218835, 48.506504637854], [-89.2849334107903, 48.5065164277646], [-89.2849207771197, 48.5065399203858], [-89.284735384797, 48.5068800698551], [-89.2846748523527, 48.5069915557898], [-89.284665189627, 48.5070091276708], [-89.2846585538609, 48.5070207849277], [-89.2846515639742, 48.5070323358505], [-89.2846478412298, 48.5070380438572], [-89.2846438963602, 48.5070437202855], [-89.2846355468793, 48.5070549365151], [-89.2846268419242, 48.5070660464374], [-89.2843090077019, 48.5074578438581], [-89.2842372617545, 48.5075460999293], [-89.2842239859377, 48.5075627016212], [-89.2842153934373, 48.5075738470666], [-89.284207259404, 48.5075851309642], [-89.2842035482967, 48.5075907082643], [-89.2841999854759, 48.5075963312056], [-89.2841931534989, 48.5076076639293], [-89.2841800455532, 48.5076304991818], [-89.2841122085065, 48.5077506826101], [-89.2841028035635, 48.5077679119257], [-89.2840968699904, 48.5077794715331], [-89.2840912974074, 48.5077912902925], [-89.2840834539802, 48.5078091292114], [-89.2840457058699, 48.5078986545239], [-89.2840126963991, 48.507976215672], [-89.2840055369298, 48.507994149874], [-89.2840033760329, 48.5080001462559], [-89.2840014134977, 48.5080061575942], [-89.2839997267591, 48.5080121895495], [-89.2839984191579, 48.5080182517669], [-89.2839975676675, 48.5080244299916], [-89.2839971020789, 48.5080306383441], [-89.2839969191323, 48.5080368689772], [-89.283996935901, 48.5080431145399], [-89.2839976670079, 48.5080619051924], [-89.2840020231822, 48.508130935641], [-89.2840057932161, 48.5081936751465], [-89.2840849640173, 48.5095424331771], [-89.2840936376469, 48.5096867254064], [-89.2840942897331, 48.5096992699293], [-89.2840947356973, 48.5097118077474], [-89.2840947560094, 48.5097243351213], [-89.2840944929543, 48.5097305907362], [-89.2840939877531, 48.5097368214673], [-89.28409243224, 48.5097492658596], [-89.2840904524265, 48.5097616997809], [-89.2840882678423, 48.5097741269706], [-89.2840619496299, 48.5099170147942], [-89.2839348918555, 48.5106128510303], [-89.2839313949396, 48.5106314790807], [-89.2839289044688, 48.510643880847], [-89.2839261351159, 48.5106562539598], [-89.2839245899275, 48.5106624243582], [-89.2839212410429, 48.5106747378965], [-89.2839176948541, 48.510687030159], [-89.2838752967437, 48.5108282253243], [-89.2838478841141, 48.5109203534021], [-89.2838440993547, 48.5109326108094], [-89.2838400727438, 48.5109448199335], [-89.2838355473068, 48.510956927393], [-89.2838329634807, 48.5109629168682], [-89.2838301002246, 48.5109688354133], [-89.2838237355958, 48.5109805448125], [-89.2838133393653, 48.5109979377261], [-89.2837446766319, 48.5111075195869], [-89.2834420068787, 48.5115921680835], [-89.2834166349862, 48.5116325132486], [-89.2833905006694, 48.5116729185249], [-89.2828084616376, 48.5125666620153], [-89.2827633315763, 48.5126358420463], [-89.2827217158488, 48.5126992156877], [-89.2827106090258, 48.5127165416169], [-89.2827036226193, 48.5127281661148], [-89.2827003825704, 48.5127340219261], [-89.2826974046726, 48.5127399256202], [-89.2826947898125, 48.5127458922901], [-89.2826926612694, 48.5127518025258], [-89.282690882154, 48.5127577742081], [-89.2826893569512, 48.5127637912374], [-89.2826868033447, 48.5127759117102], [-89.2826835953573, 48.5127942019833], [-89.2826747090924, 48.5128492165178], [-89.28266251891, 48.5129225268252], [-89.2826607927005, 48.5129347379493], [-89.2826600892857, 48.5129408412428], [-89.2826595509729, 48.5129469421606], [-89.2826592467229, 48.5129530384347], [-89.2826592578349, 48.5129591311514], [-89.2826596684972, 48.5129653158106], [-89.2826604039926, 48.5129714967246], [-89.2826613762571, 48.5129776729412], [-89.2826625190764, 48.5129838475735], [-89.2826651240159, 48.5129961905034], [-89.282697047479, 48.5131319338571], [-89.2827002498622, 48.513144221746], [-89.2827019982351, 48.513150341177], [-89.28270390119, 48.513156435048], [-89.2827060165814, 48.5131624950133], [-89.2827084022444, 48.5131685424186], [-89.282711001697, 48.5131745558914], [-89.2827166240025, 48.5131865123556], [-89.2827286523136, 48.5132102963693], [-89.2827961813673, 48.5133408823344], [-89.283493716234, 48.5146946125968], [-89.2835674566077, 48.5148152480306], [-89.2836965289993, 48.51494758557], [-89.2837491967866, 48.514991965628], [-89.2838053806442, 48.5150343997269], [-89.2838649179794, 48.5150747650589], [-89.283927636493, 48.515112944803], [-89.283993354678, 48.5151488284631], [-89.2840618823449, 48.5151823121884], [-89.2841330211717, 48.5152132990731], [-89.2842065652788, 48.5152416994379], [-89.2844828105297, 48.5153323657878], [-89.2857207885421, 48.5156371124717]]}, "properties": {"OBJECTID": 4733, "ROAD_CLASS": null, "OP2002_ROW": "30 m", "OP2018_ROW": "24 m", "Shape__Length": 1844.7839790039532}}, {"type": "Feature", "id": 4734, "geometry": {"type": "LineString", "coordinates": [[-89.3083578411863, 48.4714996223761], [-89.309477442406, 48.4715102883237], [-89.309733111266, 48.4715111467781], [-89.3099886342496, 48.4715053414082], [-89.3102436186642, 48.4714928811372], [-89.3104976726459, 48.471473785116], [-89.3108612462227, 48.4714445960728], [-89.311260434744, 48.4714069700289], [-89.3116606094399, 48.4713743044987], [-89.3120616309522, 48.4713466108557], [-89.3124633596284, 48.4713238987422], [-89.3130820771895, 48.4713097975677], [-89.3136719400761, 48.4713081840786], [-89.3147662524817, 48.4713209581311]]}, "properties": {"OBJECTID": 4734, "ROAD_CLASS": null, "OP2002_ROW": "30 m", "OP2018_ROW": "24 m", "Shape__Length": 475.0531677359961}}, {"type": "Feature", "id": 4735, "geometry": {"type": "LineString", "coordinates": [[-89.4148873822022, 48.3985774317933], [-89.4151342520679, 48.398739662761], [-89.4152407415724, 48.3988100971766], [-89.4152542135047, 48.3988187325414], [-89.41526104459, 48.3988229474534], [-89.4152679798593, 48.398827051307], [-89.4152750656493, 48.3988309954421], [-89.4152823598488, 48.3988347183596], [-89.415289940879, 48.3988381356353], [-89.4152978181082, 48.3988411597967], [-89.4153059809885, 48.3988438819398], [-89.4153143496209, 48.3988463838208], [-89.415322866159, 48.3988487278375], [-89.4153401810085, 48.3988531175318], [-89.4153664869374, 48.3988593437077], [-89.4154457395322, 48.3988776732616], [-89.41552483534, 48.3988961716084], [-89.4156214238684, 48.3989189046586], [-89.4157179565892, 48.3989418268481], [-89.4157355297285, 48.3989459060417], [-89.4157531534048, 48.3989497970229], [-89.4157620001534, 48.3989516095158], [-89.4157708835387, 48.3989532826769], [-89.4157798170755, 48.3989547595379], [-89.4157888203039, 48.3989559677084], [-89.4157980450155, 48.3989568599116], [-89.415807343127, 48.3989574761483], [-89.4158166912619, 48.3989578933883], [-89.4158354896092, 48.3989583442274], [-89.4158638099206, 48.3989585464317], [-89.4159772810794, 48.3989586295891], [-89.4161285020373, 48.3989590243661], [-89.4267414956575, 48.39898937386]]}, "properties": {"OBJECTID": 4735, "ROAD_CLASS": null, "OP2002_ROW": "30 m", "OP2018_ROW": "24 m", "Shape__Length": 891.8694499981605}}, {"type": "Feature", "id": 4736, "geometry": {"type": "LineString", "coordinates": [[-89.3271489618046, 48.5077596760818], [-89.3273442420278, 48.5107978099624], [-89.3273510685521, 48.5109278960847], [-89.3273673274757, 48.5110576121854], [-89.3273929810468, 48.5111866565004], [-89.327427969657, 48.5113147288258], [-89.3278826752967, 48.512860742777]]}, "properties": {"OBJECTID": 4736, "ROAD_CLASS": null, "OP2002_ROW": "30 m", "OP2018_ROW": "30 m", "Shape__Length": 571.200103953281}}, {"type": "Feature", "id": 4737, "geometry": {"type": "LineString", "coordinates": [[-89.2794797657652, 48.4629131481515], [-89.279542257015, 48.4652301624751], [-89.279569577927, 48.4653420216682], [-89.2796067555476, 48.4654526169076], [-89.2796536609261, 48.4655615644044], [-89.2797101313513, 48.4656684860855], [-89.2797759709155, 48.4657730109054], [-89.2798509511935, 48.4658747761342], [-89.2799348120348, 48.4659734286164], [-89.2800272624655, 48.4660686259969], [-89.2805267165667, 48.4666300626758], [-89.2805843631835, 48.4667190526989], [-89.2806353604911, 48.4668098200584], [-89.2806795850866, 48.4669021451795], [-89.2807169299492, 48.4669958047178], [-89.2807473046992, 48.4670905720996], [-89.2807706358171, 48.4671862180699], [-89.2807868668217, 48.4672825112469], [-89.2807959584075, 48.4673792186822], [-89.2807978885395, 48.4674761064235], [-89.2807926525076, 48.4675729400813], [-89.2807802629378, 48.4676694853953], [-89.2807607497624, 48.4677655088018], [-89.2807341601481, 48.4678607779982], [-89.2807005583819, 48.4679550625051], [-89.280660025716, 48.4680481342242], [-89.2806126601719, 48.4681397679898], [-89.280588695269, 48.4681775652947], [-89.2805675426306, 48.4682160977131], [-89.2805492530249, 48.4682552727754], [-89.2805338703496, 48.4682949964701], [-89.2805214315269, 48.4683351734685], [-89.2805119664144, 48.468375707354], [-89.2805054977337, 48.4684165008534], [-89.2805020410157, 48.46845745607], [-89.2804948707191, 48.4689885877287], [-89.2806110522037, 48.4714358670771], [-89.2807388962456, 48.4744062763408], [-89.280764405191, 48.4753341828928], [-89.2807114449484, 48.4759494135684], [-89.2806428694502, 48.4765756659127], [-89.2807062677252, 48.4784279605721], [-89.2806642905805, 48.4786894623555], [-89.280629193658, 48.4788266587143], [-89.2806019093477, 48.4789646379698], [-89.2805824765874, 48.479103203533], [-89.2805709231291, 48.4792421579777], [-89.2805672654988, 48.4793813033224], [-89.2805715089728, 48.4795204413116], [-89.2805836475695, 48.4796593736988], [-89.2806036640583, 48.479797902529], [-89.2810349381935, 48.4815637616343], [-89.281076460674, 48.4819081652072], [-89.2810805518606, 48.4822546902408], [-89.2810123889394, 48.4833163361572], [-89.2810112329527, 48.4833890057906], [-89.2810136172011, 48.4834616621992], [-89.281019539199, 48.4835342291786], [-89.2810289927503, 48.4836066306178], [-89.2810419679548, 48.483678790579], [-89.2810584512183, 48.4837506333776], [-89.2810784252671, 48.4838220836612], [-89.2811018691661, 48.4838930664887], [-89.2811287583401, 48.4839635074093], [-89.2811590646003, 48.4840333325398], [-89.2811927561734, 48.484102468643], [-89.2812297977347, 48.4841708432039], [-89.2812701504455, 48.4842383845061], [-89.2813137719937, 48.4843050217069], [-89.2813606166379, 48.4843706849114], [-89.2814106352554, 48.4844353052464], [-89.2821611232485, 48.4852146507742], [-89.282812340372, 48.4860801488884], [-89.2830595387742, 48.4865608736862], [-89.283214543908, 48.4870220015566], [-89.2832278889945, 48.4870783394962], [-89.2832445136075, 48.487134290648], [-89.2832643927016, 48.4871897706843], [-89.2832874963262, 48.4872446959875], [-89.2833137896705, 48.4872989837755], [-89.2833432331158, 48.487352552227], [-89.2833757822952, 48.4874053206045], [-89.2834113881604, 48.4874572093763], [-89.2834499970558, 48.487508140336], [-89.283491550799, 48.4875580367207], [-89.2835359867685, 48.4876068233265], [-89.2835832379983, 48.487654426622], [-89.2836332332785, 48.4877007748591], [-89.2836858972628, 48.4877457981812], [-89.283741150582, 48.4877894287284], [-89.2837989099633, 48.4878316007399], [-89.2839670674973, 48.487962471896], [-89.2841315771976, 48.4880953761677], [-89.284292383424, 48.4882302686265], [-89.2844494317869, 48.4883671036718], [-89.2845593911353, 48.4884543971829], [-89.2846631204392, 48.4885449975732], [-89.284760394918, 48.4886387085412], [-89.2848510037733, 48.4887353270446], [-89.2849347506454, 48.4888346437403], [-89.2850114540395, 48.4889364434381], [-89.2850809477185, 48.4890405055664], [-89.2851430810641, 48.4891466046503], [-89.2852149245243, 48.4892550056229], [-89.2852505636681, 48.4893777664982], [-89.2853153183854, 48.4897494670201], [-89.2853050193074, 48.4925625983158], [-89.2853014546901, 48.4950776805124], [-89.2852465938165, 48.4989671114757], [-89.2852484529557, 48.5003342329208]]}, "properties": {"OBJECTID": 4737, "ROAD_CLASS": null, "OP2002_ROW": "30 m", "OP2018_ROW": "24 m", "Shape__Length": 4270.122007230306}}, {"type": "Feature", "id": 4738, "geometry": {"type": "LineString", "coordinates": [[-89.3553735267178, 48.3892984513684], [-89.3554551722943, 48.40014498332]]}, "properties": {"OBJECTID": 4738, "ROAD_CLASS": null, "OP2002_ROW": "30 m", "OP2018_ROW": "24 m", "Shape__Length": 1206.095641153756}}, {"type": "Feature", "id": 4739, "geometry": {"type": "LineString", "coordinates": [[-89.355355270962, 48.3845139535399], [-89.3553693635115, 48.3882078734915]]}, "properties": {"OBJECTID": 4739, "ROAD_CLASS": null, "OP2002_ROW": "30 m", "OP2018_ROW": "24 m", "Shape__Length": 410.7463239195851}}, {"type": "Feature", "id": 4740, "geometry": {"type": "LineString", "coordinates": [[-89.3553693635115, 48.3882078734915], [-89.3553735267178, 48.3892984513684]]}, "properties": {"OBJECTID": 4740, "ROAD_CLASS": null, "OP2002_ROW": "30 m", "OP2018_ROW": "24 m", "Shape__Length": 121.26711843584849}}, {"type": "Feature", "id": 4741, "geometry": {"type": "LineString", "coordinates": [[-89.3553447614847, 48.3817469836282], [-89.355355270962, 48.3845139535399]]}, "properties": {"OBJECTID": 4741, "ROAD_CLASS": null, "OP2002_ROW": "30 m", "OP2018_ROW": "24 m", "Shape__Length": 307.67372083782584}}, {"type": "Feature", "id": 4742, "geometry": {"type": "LineString", "coordinates": [[-89.3337267056629, 48.4426676715605], [-89.3347519641313, 48.4426408083867], [-89.3392766187283, 48.4425898757757], [-89.3443384374888, 48.4425673196966], [-89.3476536631683, 48.4426586747082], [-89.3490112801365, 48.4426766682622], [-89.3507640937762, 48.4426769961019]]}, "properties": {"OBJECTID": 4742, "ROAD_CLASS": null, "OP2002_ROW": "30 m", "OP2018_ROW": "24 m", "Shape__Length": 1260.813089116336}}, {"type": "Feature", "id": 4743, "geometry": {"type": "LineString", "coordinates": [[-89.3664359646661, 48.416737436802], [-89.3677127866549, 48.4166395828296], [-89.367778479409, 48.4166344064095], [-89.3678439337934, 48.4166286671212], [-89.3694889811565, 48.4164808576492]]}, "properties": {"OBJECTID": 4743, "ROAD_CLASS": null, "OP2002_ROW": "36 m", "OP2018_ROW": "24 m", "Shape__Length": 227.79115224949516}}, {"type": "Feature", "id": 4744, "geometry": {"type": "LineString", "coordinates": [[-89.2955608335687, 48.4448395153145], [-89.2966538416708, 48.4447798129583], [-89.2967009615582, 48.4447773182581], [-89.2967291797642, 48.4447759675388], [-89.2980075573646, 48.444721224175], [-89.3000026385012, 48.4446366097844], [-89.3000402868017, 48.4446350858794], [-89.3000591168707, 48.4446344250242], [-89.3000779768121, 48.4446339165235], [-89.3000968665855, 48.4446335594784], [-89.3001441087476, 48.4446329395672], [-89.3027426088485, 48.4446028534191], [-89.3028371299372, 48.4446018904831], [-89.3174610311582, 48.4444951504679]]}, "properties": {"OBJECTID": 4744, "ROAD_CLASS": null, "OP2002_ROW": "30 m", "OP2018_ROW": "24 m", "Shape__Length": 1621.037578117971}}, {"type": "Feature", "id": 4745, "geometry": {"type": "LineString", "coordinates": [[-89.4050005881894, 48.4136302175717], [-89.4267949291714, 48.4135699784229]]}, "properties": {"OBJECTID": 4745, "ROAD_CLASS": null, "OP2002_ROW": "36 m", "OP2018_ROW": "24 m", "Shape__Length": 1613.369636774178}}, {"type": "Feature", "id": 4746, "geometry": {"type": "LineString", "coordinates": [[-89.4052183206874, 48.4425907742547], [-89.4270035321524, 48.4425469796993]]}, "properties": {"OBJECTID": 4746, "ROAD_CLASS": null, "OP2002_ROW": "30 m", "OP2018_ROW": "24 m", "Shape__Length": 1611.7703491464606}}, {"type": "Feature", "id": 4747, "geometry": {"type": "LineString", "coordinates": [[-89.3337886796624, 48.4171648177325], [-89.3392264285321, 48.4172958967744]]}, "properties": {"OBJECTID": 4747, "ROAD_CLASS": null, "OP2002_ROW": "36 m", "OP2018_ROW": "24 m", "Shape__Length": 402.761676877237}}, {"type": "Feature", "id": 4748, "geometry": {"type": "LineString", "coordinates": [[-89.3392264285321, 48.4172958967744], [-89.3420929759558, 48.4173786177017]]}, "properties": {"OBJECTID": 4748, "ROAD_CLASS": null, "OP2002_ROW": "36 m", "OP2018_ROW": "24 m", "Shape__Length": 212.37868052214495}}, {"type": "Feature", "id": 4749, "geometry": {"type": "LineString", "coordinates": [[-89.3701918258753, 48.4426540158859], [-89.3943334406125, 48.442619293808]]}, "properties": {"OBJECTID": 4749, "ROAD_CLASS": null, "OP2002_ROW": "30 m", "OP2018_ROW": "24 m", "Shape__Length": 1786.0820723964164}}, {"type": "Feature", "id": 4750, "geometry": {"type": "LineString", "coordinates": [[-89.3173990137816, 48.4170716530956], [-89.3231216906946, 48.4170556905531]]}, "properties": {"OBJECTID": 4750, "ROAD_CLASS": null, "OP2002_ROW": "36 m", "OP2018_ROW": "24 m", "Shape__Length": 423.59095859508864}}, {"type": "Feature", "id": 4751, "geometry": {"type": "LineString", "coordinates": [[-89.3119152194692, 48.4170995095461], [-89.3173990137816, 48.4170716530956]]}, "properties": {"OBJECTID": 4751, "ROAD_CLASS": null, "OP2002_ROW": "36 m", "OP2018_ROW": "24 m", "Shape__Length": 405.91630588847283}}, {"type": "Feature", "id": 4752, "geometry": {"type": "LineString", "coordinates": [[-89.3694889811565, 48.4164808576492], [-89.3769331139538, 48.4158985419147], [-89.3771865955528, 48.4158788094772], [-89.377224120459, 48.4158757772471], [-89.3772428355754, 48.4158740866556], [-89.377261475243, 48.4158721115019], [-89.3772798205381, 48.4158697366452], [-89.3773072113544, 48.4158656947194], [-89.3779719420857, 48.4157606302717], [-89.3780265025316, 48.4157518083664], [-89.3780536742965, 48.4157470428979], [-89.378089788854, 48.4157403505932], [-89.378648896742, 48.4156348921181], [-89.3788292967848, 48.415600962548], [-89.3788652922041, 48.4155940097374], [-89.3788831841374, 48.415590323176], [-89.3788920744323, 48.4155883730765], [-89.3789009917627, 48.4155863072496], [-89.378918716262, 48.4155819583348], [-89.378953949613, 48.4155728393784], [-89.3792175895926, 48.4155032416766], [-89.3799032084567, 48.4153225736542], [-89.3799470690073, 48.4153108582414], [-89.3799644833475, 48.415305978435], [-89.3799816919593, 48.4153008320603], [-89.3799986989354, 48.4152954199322], [-89.3800324662442, 48.4152842345766], [-89.3802092437549, 48.4152247620518], [-89.3824910473964, 48.4144581060909], [-89.382516346612, 48.4144496786011], [-89.3825332832537, 48.414444161382], [-89.3825503432354, 48.4144388251531], [-89.3825676261233, 48.4144337470292], [-89.3825850337018, 48.4144288498676], [-89.3826112501843, 48.4144216566985], [-89.3836352753633, 48.4141434636393], [-89.3838802886399, 48.4140767947146], [-89.3839153702666, 48.4140674200441], [-89.383933015622, 48.4140629307311], [-89.3839418923545, 48.4140607870742], [-89.3839507498272, 48.4140587517853], [-89.3839685728405, 48.4140548823078], [-89.384004427659, 48.4140475331047], [-89.3842290247597, 48.4140025593478], [-89.3848397933223, 48.4138799606648], [-89.3848668415505, 48.4138748425382], [-89.384884993595, 48.4138717686677], [-89.3848941256255, 48.4138704033211], [-89.3849124861865, 48.4138679441471], [-89.3849493927979, 48.4138635527936], [-89.3851712743467, 48.4138384477045], [-89.3859107423302, 48.4137543400372], [-89.3859385230849, 48.4137515350023], [-89.3859571017352, 48.4137500698541], [-89.3859758833581, 48.4137491295424], [-89.3860041459258, 48.4137483308257], [-89.3862872732293, 48.4137438706681], [-89.3896469241578, 48.4136899927041], [-89.3897129864912, 48.4136890482347], [-89.3897884893586, 48.4136885364709], [-89.3941394873959, 48.4136655783316]]}, "properties": {"OBJECTID": 4752, "ROAD_CLASS": null, "OP2002_ROW": "36 m", "OP2018_ROW": "24 m", "Shape__Length": 1874.275770465969}}, {"type": "Feature", "id": 4753, "geometry": {"type": "LineString", "coordinates": [[-89.1807529536934, 48.4947406848969], [-89.1809575707794, 48.4951293306716], [-89.1809732959854, 48.4951587188348], [-89.1809831784766, 48.4951763351537], [-89.1810036587718, 48.4952114858504], [-89.1819177306932, 48.4967682898003], [-89.1819624575297, 48.496844365803], [-89.182000493957, 48.4969087031702], [-89.1820073255262, 48.4969204157182], [-89.1820139690039, 48.4969321615237], [-89.1820201986533, 48.4969439799569], [-89.182023041366, 48.4969499361711], [-89.1820256100337, 48.4969559416687], [-89.182027841816, 48.4969620147363], [-89.1820297982006, 48.4969681371131], [-89.1820315530417, 48.4969742948024], [-89.1820361188304, 48.4969928890881], [-89.1820672104013, 48.4971361348882], [-89.1821627200823, 48.4975719605234], [-89.1821679339236, 48.4975968801355], [-89.1821702080166, 48.4976093601996], [-89.1821711709385, 48.4976156120815], [-89.182171974983, 48.4976218525812], [-89.1821732401559, 48.4976343553798], [-89.1821751009015, 48.4976594042671], [-89.182183907758, 48.4977972577976], [-89.182251331939, 48.4988373726869], [-89.1822562980123, 48.4989125706069], [-89.1822615645919, 48.498987798815], [-89.1822621777215, 48.4990003112784], [-89.1822623291924, 48.4990065497582], [-89.1822623094913, 48.4990127743901], [-89.1822620463853, 48.4990189739478], [-89.182261443409, 48.4990251403643], [-89.182260370048, 48.4990312608197], [-89.1822587182801, 48.4990373418615], [-89.1822565960885, 48.4990433760432], [-89.1822541313207, 48.499049377135], [-89.1822514217945, 48.4990553531782], [-89.182245545998, 48.4990672617437], [-89.1822393466377, 48.4990791386578], [-89.1822076264183, 48.4991384496704], [-89.1821793158565, 48.4991918541274], [-89.1819004421139, 48.4997200733178], [-89.1818876729829, 48.4997437522546], [-89.1818775567922, 48.4997613653578], [-89.1818704426569, 48.4997730031776], [-89.181855825576, 48.4997961782226], [-89.1811511172239, 48.5009010420592], [-89.1811029990292, 48.5009762350368], [-89.1810580552511, 48.501045619513], [-89.1810510143492, 48.5010572055058], [-89.1810477597869, 48.5010630110062], [-89.1810447969511, 48.5010688316701], [-89.1810422506412, 48.501074673229], [-89.1810402877079, 48.5010805433169], [-89.1810391306957, 48.50108645391], [-89.1810389551142, 48.5010923935839], [-89.1810395799663, 48.5010983720677], [-89.1810407868818, 48.5011043800051], [-89.1810424075805, 48.5011104079899], [-89.181044320007, 48.5011164511381], [-89.1810486779946, 48.5011285624172], [-89.1810775409132, 48.5012013675622], [-89.1811035417758, 48.5012680827744], [-89.1811622371518, 48.5014197117612], [-89.1811970059848, 48.501510842853], [-89.1812019220406, 48.5015228958612], [-89.1812045488003, 48.5015288633838], [-89.1812073596552, 48.5015347671352], [-89.1812104345745, 48.501540577708], [-89.1812138777224, 48.5015462616373], [-89.1812178277017, 48.5015517677107], [-89.181222417702, 48.5015570763084], [-89.1812275158482, 48.5015622061254], [-89.1812329862044, 48.5015672074238], [-89.18123871935, 48.5015721173669], [-89.1812446392197, 48.5015769616893], [-89.1812568151104, 48.5015865332949], [-89.1813253605778, 48.501638626697], [-89.1813688273972, 48.5016718317803], [-89.1819326015125, 48.5021039374935], [-89.1820008871312, 48.5021561262938], [-89.1820633266916, 48.5022034558781], [-89.1820816453509, 48.5022177864747], [-89.1820875129275, 48.5022226389433], [-89.1820931614303, 48.5022275603463], [-89.1820984960478, 48.5022325812726], [-89.1821033912021, 48.5022377409926], [-89.1821076812728, 48.5022430921318], [-89.1821112257241, 48.5022486724447], [-89.1821141650529, 48.5022544432781], [-89.1821166662707, 48.5022603528797], [-89.1821188536026, 48.502266362005], [-89.1821226391845, 48.5022785659732], [-89.1821260107748, 48.5022909028538], [-89.1821419241153, 48.5023528795847], [-89.1821598271396, 48.5024209276677], [-89.1822615360678, 48.5028042276263], [-89.1822945818199, 48.5029278619114], [-89.1822990361098, 48.5029464285968], [-89.1823002947385, 48.5029526271793], [-89.1823013588358, 48.5029588357496], [-89.1823021539982, 48.5029650557187], [-89.1823026225187, 48.502971298978], [-89.1823028207899, 48.5029775545609], [-89.1823026903227, 48.5029900892183], [-89.1823014402636, 48.5030152033857], [-89.1822970539293, 48.5030843085067], [-89.1822924658545, 48.5031596866934], [-89.1821790827065, 48.5050440890062]]}, "properties": {"OBJECTID": 4753, "ROAD_CLASS": null, "OP2002_ROW": "30 m", "OP2018_ROW": "24 m", "Shape__Length": 1208.863457016207}}, {"type": "Feature", "id": 4754, "geometry": {"type": "LineString", "coordinates": [[-89.2956526267749, 48.4173394403366], [-89.2957885276408, 48.4173045178307], [-89.2959116196481, 48.4172743254505], [-89.2960363494776, 48.417247275214], [-89.2961625361979, 48.4172234063589], [-89.2962899967653, 48.4172027535084], [-89.2964185462888, 48.4171853466201], [-89.2965479982988, 48.4171712109434], [-89.296678165017, 48.4171603669827], [-89.2968088576289, 48.4171528304672], [-89.2971788811625, 48.4171345794428], [-89.2980649233975, 48.4171295608746]]}, "properties": {"OBJECTID": 4754, "ROAD_CLASS": null, "OP2002_ROW": "36 m", "OP2018_ROW": "24 m", "Shape__Length": 181.51590760370271}}, {"type": "Feature", "id": 4755, "geometry": {"type": "LineString", "coordinates": [[-89.3446539558278, 48.4174517427691], [-89.3501491251514, 48.4176111327872]]}, "properties": {"OBJECTID": 4755, "ROAD_CLASS": null, "OP2002_ROW": "36 m", "OP2018_ROW": "24 m", "Shape__Length": 407.1330232208987}}, {"type": "Feature", "id": 4756, "geometry": {"type": "LineString", "coordinates": [[-89.1820142587495, 48.483705740805], [-89.1819571407087, 48.4877182205982], [-89.1819385850214, 48.4878286416552]]}, "properties": {"OBJECTID": 4756, "ROAD_CLASS": null, "OP2002_ROW": "30 m", "OP2018_ROW": "24 m", "Shape__Length": 458.52491495543427}}, {"type": "Feature", "id": 4757, "geometry": {"type": "LineString", "coordinates": [[-89.2420443289849, 48.4651550505179], [-89.2420506017458, 48.4687511148728]]}, "properties": {"OBJECTID": 4757, "ROAD_CLASS": null, "OP2002_ROW": "TBD", "OP2018_ROW": "24 m", "Shape__Length": 399.8553944831703}}, {"type": "Feature", "id": 4758, "geometry": {"type": "LineString", "coordinates": [[-89.3284707737097, 48.4171105436533], [-89.3337886796624, 48.4171648177325]]}, "properties": {"OBJECTID": 4758, "ROAD_CLASS": null, "OP2002_ROW": "36 m", "OP2018_ROW": "24 m", "Shape__Length": 393.6734961641202}}, {"type": "Feature", "id": 4759, "geometry": {"type": "LineString", "coordinates": [[-89.3231216906946, 48.4170556905531], [-89.3284707737097, 48.4171105436533]]}, "properties": {"OBJECTID": 4759, "ROAD_CLASS": null, "OP2002_ROW": "36 m", "OP2018_ROW": "24 m", "Shape__Length": 395.9816771718639}}, {"type": "Feature", "id": 4760, "geometry": {"type": "LineString", "coordinates": [[-89.1821790827065, 48.5050440890062], [-89.182190296866, 48.5053042071595], [-89.182190980517, 48.5053289823365], [-89.1821909230576, 48.505354155749], [-89.1821477884794, 48.5078024828617], [-89.1821451518132, 48.5079598359814], [-89.182144467118, 48.5079850014859], [-89.1821437842978, 48.5079975700017], [-89.182142591929, 48.5080100968973], [-89.1821408914029, 48.5080225830461], [-89.1821368134229, 48.5080475258947], [-89.1821161561036, 48.5081659525778], [-89.182037284015, 48.5086209791284], [-89.1820126876945, 48.508764381076], [-89.182009207899, 48.5087830460372], [-89.1820064710848, 48.5087954285732], [-89.1820048601343, 48.5088015844033], [-89.1820030012094, 48.5088077044486], [-89.1820008544968, 48.5088137444783], [-89.1819958933763, 48.5088257265345], [-89.181990410406, 48.5088376330135], [-89.18198467397, 48.5088495020122], [-89.1819201533033, 48.5089798566746], [-89.1817798831848, 48.5092643388132], [-89.1817625528635, 48.5092999408701], [-89.1817542674289, 48.5093177873307], [-89.1817435775848, 48.5093416337154], [-89.1816301055803, 48.5095982812765], [-89.1816220212583, 48.5096161464061], [-89.1816163676113, 48.5096279922213], [-89.1816102555048, 48.509639725267], [-89.1816068985507, 48.5096455848989], [-89.1816033856198, 48.5096514070008], [-89.1815960490796, 48.5096629743207], [-89.1815846453936, 48.5096802284953], [-89.1815691883154, 48.5097031746607], [-89.1815107144014, 48.509789168998], [-89.1815031117536, 48.5098006576832], [-89.1814959579005, 48.5098121918419], [-89.1814926972186, 48.509817992063], [-89.1814897752028, 48.5098238272501], [-89.1814873237478, 48.5098297101977], [-89.1814855238033, 48.5098356608679], [-89.1814845210258, 48.5098416971926], [-89.1814841697593, 48.5098478012399], [-89.1814842917992, 48.5098539538955], [-89.1814847497999, 48.5098601415685], [-89.1814863009619, 48.5098725822478], [-89.1814882982173, 48.5098850684526], [-89.1815003665799, 48.5099538569933], [-89.1815130507025, 48.5100288482083], [-89.1816689765338, 48.5109598338801], [-89.1816917741843, 48.5110973247292], [-89.1816939596939, 48.5111098091584], [-89.1816963713519, 48.511122262308], [-89.1816992515419, 48.5111346525905], [-89.1817009932058, 48.5111408069246], [-89.1817030069812, 48.5111469282079], [-89.1817076377476, 48.5111590909581], [-89.1817127369702, 48.511171189043], [-89.1817180637343, 48.5111832567213], [-89.1817724705323, 48.5113037805317], [-89.1821192797861, 48.5120753246313], [-89.1821682984028, 48.5121837916489], [-89.1821761831134, 48.5122019054796], [-89.1821810130723, 48.5122140347412], [-89.1821831775656, 48.5122201315639], [-89.1821850874552, 48.512226259307], [-89.1821866796515, 48.5122323993732], [-89.1821880213032, 48.5122385702829], [-89.1821902035943, 48.5122509755871], [-89.1821936402228, 48.512275903663], [-89.1822021841199, 48.5123445682145], [-89.1822124861098, 48.512425691999], [-89.1822881469536, 48.5130184736235], [-89.1823042417859, 48.5131432677738], [-89.1823071194201, 48.5131682307379], [-89.1823081244656, 48.5131807177478], [-89.1823084050089, 48.5131869636635], [-89.1823083987359, 48.5131994878487], [-89.1823079065584, 48.5132120176508], [-89.1823067507555, 48.5132308175739], [-89.1822969475529, 48.5133686998518], [-89.1822198373802, 48.5144717410833], [-89.1822160895468, 48.5145281731483], [-89.1821227935038, 48.5163275646527], [-89.1821199431441, 48.5163778768977], [-89.1821167787158, 48.5164217936122], [-89.1819427228031, 48.5187617730944]]}, "properties": {"OBJECTID": 4760, "ROAD_CLASS": null, "OP2002_ROW": "30 m", "OP2018_ROW": "24 m", "Shape__Length": 1539.3732420207216}}, {"type": "Feature", "id": 4761, "geometry": {"type": "LineString", "coordinates": [[-89.3278826752967, 48.512860742777], [-89.3285099247478, 48.5149165488077], [-89.3286011037273, 48.5151468081549]]}, "properties": {"OBJECTID": 4761, "ROAD_CLASS": null, "OP2002_ROW": "30 m", "OP2018_ROW": "30 m", "Shape__Length": 259.72269352164597}}, {"type": "Feature", "id": 4762, "geometry": {"type": "LineString", "coordinates": [[-89.3253668041936, 48.4819955038192], [-89.3230769247848, 48.4839199899902], [-89.3227201519207, 48.4842263682967], [-89.3226528560341, 48.4842945933735], [-89.3225892686878, 48.4843643728778], [-89.3225294710477, 48.484435617757], [-89.322473539444, 48.484508237088], [-89.3224215452742, 48.4845821381933], [-89.3223735549116, 48.4846572267593], [-89.3223296296206, 48.4847334069561], [-89.3222898254784, 48.4848105815606], [-89.3222541933034, 48.4848886520799], [-89.3222227785903, 48.4849675188774], [-89.3221956214517, 48.4850470812998], [-89.3221727565672, 48.4851272378053], [-89.3221542131387, 48.4852078860937], [-89.3221400148532, 48.4852889232364], [-89.3221301798525, 48.4853702458083], [-89.3221247207095, 48.4854517500194], [-89.322123644413, 48.4855333318472], [-89.3221269523575, 48.48561488717], [-89.3221346403424, 48.4856963118991], [-89.3221466985764, 48.4857775021122], [-89.3221631116903, 48.4858583541857], [-89.3221838587565, 48.4859387649272], [-89.3222089133157, 48.4860186317069], [-89.3222382434101, 48.4860978525891], [-89.3222718116247, 48.4861763264617], [-89.3223095751345, 48.4862539531657], [-89.3223514857594, 48.4863306336231], [-89.3223974900252, 48.4864062699628], [-89.3224475292323, 48.4864807656464], [-89.32250153953, 48.4865540255906], [-89.3225594519983, 48.4866259562892], [-89.3226211927358, 48.4866964659322], [-89.3239087505236, 48.487873826597], [-89.3261092492023, 48.4899686753657], [-89.3270961062682, 48.4911865388737], [-89.3287665966991, 48.4932535049518], [-89.3288429354598, 48.4933514157781], [-89.3289138748372, 48.4934511045439], [-89.3289793212283, 48.4935524397566], [-89.3290391882742, 48.4936552877508], [-89.3290933969735, 48.4937595128651], [-89.3291418757872, 48.4938649776207], [-89.3291845607333, 48.4939715429028], [-89.3292213954707, 48.4940790681441], [-89.3292523313746, 48.4941874115103], [-89.3292773276, 48.4942964300869], [-89.3292963511363, 48.4944059800677], [-89.329309376851, 48.494515916945], [-89.3293163875227, 48.4946260956995], [-89.3293173738644, 48.494736370992], [-89.3293123345358, 48.494846597355], [-89.3293012761452, 48.4949566293847], [-89.3289768110944, 48.4988195749879], [-89.3289621514874, 48.4989244038531], [-89.3289435668352, 48.4990289574646], [-89.32892106865, 48.4991331709215], [-89.3288946708733, 48.4992369795336], [-89.3288643898676, 48.4993403188616], [-89.3288302444062, 48.4994431247571], [-89.3287922556618, 48.4995453334025], [-89.3287504471929, 48.4996468813506], [-89.3286551916148, 48.4998970252028], [-89.3285198088244, 48.5002029465402], [-89.3283840230013, 48.5004876683165]]}, "properties": {"OBJECTID": 4762, "ROAD_CLASS": null, "OP2002_ROW": "30 m", "OP2018_ROW": "30 m", "Shape__Length": 2284.3658265739805}}, {"type": "Feature", "id": 4763, "geometry": {"type": "LineString", "coordinates": [[-89.2949700576075, 48.3639978403311], [-89.2949836930055, 48.3631241068595], [-89.2949843184869, 48.3630738282852], [-89.2949861905311, 48.3614698321573]]}, "properties": {"OBJECTID": 4763, "ROAD_CLASS": null, "OP2002_ROW": "26 m", "OP2018_ROW": "24 m", "Shape__Length": 281.1006900306589}}, {"type": "Feature", "id": 4764, "geometry": {"type": "LineString", "coordinates": [[-89.2717340940239, 48.3716048612959], [-89.2726558212604, 48.3705210423781]]}, "properties": {"OBJECTID": 4764, "ROAD_CLASS": null, "OP2002_ROW": "26 m", "OP2018_ROW": "24 m", "Shape__Length": 138.5136834955635}}, {"type": "Feature", "id": 4765, "geometry": {"type": "LineString", "coordinates": [[-89.2693917565559, 48.3743261370685], [-89.271377119656, 48.3742912208269]]}, "properties": {"OBJECTID": 4765, "ROAD_CLASS": null, "OP2002_ROW": "30 m", "OP2018_ROW": "30 m", "Shape__Length": 147.1269703269923}}, {"type": "Feature", "id": 4766, "geometry": {"type": "LineString", "coordinates": [[-89.2785093081796, 48.3640127552282], [-89.2741097395969, 48.3639933512466], [-89.2738736979325, 48.3639921908362], [-89.2738359420959, 48.3639921331068], [-89.2738170833827, 48.3639923080996], [-89.2737982555898, 48.3639928135837], [-89.2737796209003, 48.3639938047068], [-89.2737610170101, 48.3639951236243], [-89.2736817059346, 48.3639941621727], [-89.2736025806962, 48.3639979037045], [-89.273524268071, 48.3640063185822], [-89.273447388399, 48.3640193401492], [-89.2733725506706, 48.3640368652576], [-89.2733003477027, 48.3640587550856], [-89.2732313514438, 48.3640848362366], [-89.2731661084433, 48.3641149021127], [-89.2731051355222, 48.3641487145512], [-89.2730489156795, 48.3641860057111], [-89.2729978942663, 48.3642264801942], [-89.2729524754576, 48.3642698173854], [-89.2729130190506, 48.3643156739917], [-89.2728798376142, 48.3643636867621], [-89.2728531940129, 48.3644134753642], [-89.2728332993235, 48.3644646453975]]}, "properties": {"OBJECTID": 4766, "ROAD_CLASS": null, "OP2002_ROW": "TBD", "OP2018_ROW": "20 m", "Shape__Length": 445.9177925230239}}, {"type": "Feature", "id": 4767, "geometry": {"type": "LineString", "coordinates": [[-89.2949727114758, 48.3694129873342], [-89.2963796665712, 48.3694256873301]]}, "properties": {"OBJECTID": 4767, "ROAD_CLASS": null, "OP2002_ROW": "26 m", "OP2018_ROW": "24 m", "Shape__Length": 104.24762262560303}}, {"type": "Feature", "id": 4768, "geometry": {"type": "LineString", "coordinates": [[-89.2728000907286, 48.3683387636401], [-89.267110774224, 48.3683611591649]]}, "properties": {"OBJECTID": 4768, "ROAD_CLASS": null, "OP2002_ROW": "TBD", "OP2018_ROW": "20 m", "Shape__Length": 421.5211876123075}}, {"type": "Feature", "id": 4769, "geometry": {"type": "LineString", "coordinates": [[-89.2990929692689, 48.3743033798187], [-89.2994286519828, 48.3742925323318], [-89.2995682537182, 48.3742671760245], [-89.2997056937321, 48.3742370303508], [-89.2998406021125, 48.3742021764476], [-89.2999726157638, 48.3741627081236], [-89.3001013793838, 48.3741187316068], [-89.30022654642, 48.3740703652583], [-89.3003477800032, 48.3740177392541], [-89.3004647538535, 48.3739609952343], [-89.3015111874357, 48.3733177538904]]}, "properties": {"OBJECTID": 4769, "ROAD_CLASS": null, "OP2002_ROW": "26 m", "OP2018_ROW": "24 m", "Shape__Length": 216.13661889517246}}, {"type": "Feature", "id": 4770, "geometry": {"type": "LineString", "coordinates": [[-89.2950072063588, 48.3743040881765], [-89.2990929692689, 48.3743033798187]]}, "properties": {"OBJECTID": 4770, "ROAD_CLASS": null, "OP2002_ROW": "26 m", "OP2018_ROW": "24 m", "Shape__Length": 302.67591899997774}}, {"type": "Feature", "id": 4771, "geometry": {"type": "LineString", "coordinates": [[-89.3004345821522, 48.3694213015817], [-89.3017952153169, 48.3694111195108]]}, "properties": {"OBJECTID": 4771, "ROAD_CLASS": null, "OP2002_ROW": "26 m", "OP2018_ROW": "24 m", "Shape__Length": 100.81270631284264}}, {"type": "Feature", "id": 4772, "geometry": {"type": "LineString", "coordinates": [[-89.2785186541169, 48.3694318628717], [-89.2815216935148, 48.3694316751377]]}, "properties": {"OBJECTID": 4772, "ROAD_CLASS": null, "OP2002_ROW": "26 m", "OP2018_ROW": "24 m", "Shape__Length": 222.48713473306137}}, {"type": "Feature", "id": 4773, "geometry": {"type": "LineString", "coordinates": [[-89.2785093081796, 48.3640127552282], [-89.2815319674452, 48.3640046876418]]}, "properties": {"OBJECTID": 4773, "ROAD_CLASS": null, "OP2002_ROW": "TBD", "OP2018_ROW": "20 m", "Shape__Length": 223.96630664979372}}, {"type": "Feature", "id": 4774, "geometry": {"type": "LineString", "coordinates": [[-89.2949861905311, 48.3614698321573], [-89.2949881483568, 48.3591562716551]]}, "properties": {"OBJECTID": 4774, "ROAD_CLASS": null, "OP2002_ROW": "26 m", "OP2018_ROW": "24 m", "Shape__Length": 257.25018954939003}}, {"type": "Feature", "id": 4775, "geometry": {"type": "LineString", "coordinates": [[-89.2898480138283, 48.3590866724777], [-89.2901155517167, 48.3588448944924], [-89.2901649676155, 48.3588042812532], [-89.2902170754105, 48.3587651909368], [-89.2902717695515, 48.3587277027203], [-89.2903289392506, 48.3586918925357], [-89.2903884687061, 48.3586578329158], [-89.2904502373376, 48.3586255928476], [-89.2905141200301, 48.3585952376327], [-89.290579987387, 48.3585668287544], [-89.2907368952354, 48.3585047685326]]}, "properties": {"OBJECTID": 4775, "ROAD_CLASS": null, "OP2002_ROW": "26 m", "OP2018_ROW": "24 m", "Shape__Length": 93.439970290644}}, {"type": "Feature", "id": 4776, "geometry": {"type": "LineString", "coordinates": [[-89.3045174977412, 48.3694091314356], [-89.3060168522176, 48.3694039944922]]}, "properties": {"OBJECTID": 4776, "ROAD_CLASS": null, "OP2002_ROW": "26 m", "OP2018_ROW": "24 m", "Shape__Length": 111.08554136786911}}, {"type": "Feature", "id": 4777, "geometry": {"type": "LineString", "coordinates": [[-89.2728040684669, 48.3694388028975], [-89.2728000907286, 48.3683387636401]]}, "properties": {"OBJECTID": 4777, "ROAD_CLASS": null, "OP2002_ROW": "26 m", "OP2018_ROW": "24 m", "Shape__Length": 122.31560011357134}}, {"type": "Feature", "id": 4778, "geometry": {"type": "LineString", "coordinates": [[-89.2922724331197, 48.3694186698358], [-89.2936288300962, 48.3694139405458]]}, "properties": {"OBJECTID": 4778, "ROAD_CLASS": null, "OP2002_ROW": "26 m", "OP2018_ROW": "24 m", "Shape__Length": 100.4936204216391}}, {"type": "Feature", "id": 4779, "geometry": {"type": "LineString", "coordinates": [[-89.294969963407, 48.3569733678129], [-89.2950307828197, 48.3569575368964], [-89.2950926480432, 48.356943621907], [-89.2951554232818, 48.3569316533883], [-89.2952189707428, 48.356921657611], [-89.2952831509385, 48.3569136565159], [-89.2953478229927, 48.3569076676653], [-89.2954128449497, 48.3569037042048], [-89.2954780740859, 48.3569017748339], [-89.306071734048, 48.3569063261161]]}, "properties": {"OBJECTID": 4779, "ROAD_CLASS": null, "OP2002_ROW": "26 m", "OP2018_ROW": "24 m", "Shape__Length": 823.7661645896504}}, {"type": "Feature", "id": 4780, "geometry": {"type": "LineString", "coordinates": [[-89.2949881483568, 48.3591562716551], [-89.2949833970903, 48.3571544534691], [-89.294969963407, 48.3569733678129]]}, "properties": {"OBJECTID": 4780, "ROAD_CLASS": null, "OP2002_ROW": "26 m", "OP2018_ROW": "24 m", "Shape__Length": 242.74691725507503}}, {"type": "Feature", "id": 4781, "geometry": {"type": "LineString", "coordinates": [[-89.2936288300962, 48.3694139405458], [-89.2949727114758, 48.3694129873342]]}, "properties": {"OBJECTID": 4781, "ROAD_CLASS": null, "OP2002_ROW": "26 m", "OP2018_ROW": "24 m", "Shape__Length": 99.56509708451166}}, {"type": "Feature", "id": 4782, "geometry": {"type": "LineString", "coordinates": [[-89.2693917565559, 48.3743261370685], [-89.2703075754118, 48.3732772420844]]}, "properties": {"OBJECTID": 4782, "ROAD_CLASS": null, "OP2002_ROW": "26 m", "OP2018_ROW": "24 m", "Shape__Length": 134.9261593516784}}, {"type": "Feature", "id": 4783, "geometry": {"type": "LineString", "coordinates": [[-89.2963796665712, 48.3694256873301], [-89.2977369259, 48.3694221105686]]}, "properties": {"OBJECTID": 4783, "ROAD_CLASS": null, "OP2002_ROW": "26 m", "OP2018_ROW": "24 m", "Shape__Length": 100.55703349349072}}, {"type": "Feature", "id": 4784, "geometry": {"type": "LineString", "coordinates": [[-89.2907368952354, 48.3585047685326], [-89.294969963407, 48.3569733678129]]}, "properties": {"OBJECTID": 4784, "ROAD_CLASS": null, "OP2002_ROW": "26 m", "OP2018_ROW": "24 m", "Shape__Length": 356.92642212544985}}, {"type": "Feature", "id": 4785, "geometry": {"type": "LineString", "coordinates": [[-89.2909132954198, 48.3694284375953], [-89.2922724331197, 48.3694186698358]]}, "properties": {"OBJECTID": 4785, "ROAD_CLASS": null, "OP2002_ROW": "26 m", "OP2018_ROW": "24 m", "Shape__Length": 100.70109889792883}}, {"type": "Feature", "id": 4786, "geometry": {"type": "LineString", "coordinates": [[-89.2858753427786, 48.3694223766233], [-89.2877859640049, 48.3694258446128]]}, "properties": {"OBJECTID": 4786, "ROAD_CLASS": null, "OP2002_ROW": "26 m", "OP2018_ROW": "24 m", "Shape__Length": 141.5536448617857}}, {"type": "Feature", "id": 4787, "geometry": {"type": "LineString", "coordinates": [[-89.2815216935148, 48.3694316751377], [-89.2858753427786, 48.3694223766233]]}, "properties": {"OBJECTID": 4787, "ROAD_CLASS": null, "OP2002_ROW": "26 m", "OP2018_ROW": "24 m", "Shape__Length": 322.55224786376135}}, {"type": "Feature", "id": 4788, "geometry": {"type": "LineString", "coordinates": [[-89.3017952153169, 48.3694111195108], [-89.303173451476, 48.3694106971643]]}, "properties": {"OBJECTID": 4788, "ROAD_CLASS": null, "OP2002_ROW": "26 m", "OP2018_ROW": "24 m", "Shape__Length": 102.11058103319225}}, {"type": "Feature", "id": 4789, "geometry": {"type": "LineString", "coordinates": [[-89.299081615708, 48.3694213144746], [-89.3004345821522, 48.3694213015817]]}, "properties": {"OBJECTID": 4789, "ROAD_CLASS": null, "OP2002_ROW": "26 m", "OP2018_ROW": "24 m", "Shape__Length": 100.23828591595948}}, {"type": "Feature", "id": 4790, "geometry": {"type": "LineString", "coordinates": [[-89.2815319674452, 48.3640046876418], [-89.2858901520367, 48.3640083870353]]}, "properties": {"OBJECTID": 4790, "ROAD_CLASS": null, "OP2002_ROW": "TBD", "OP2018_ROW": "20 m", "Shape__Length": 322.9211542818348}}, {"type": "Feature", "id": 4791, "geometry": {"type": "LineString", "coordinates": [[-89.303173451476, 48.3694106971643], [-89.3045174977412, 48.3694091314356]]}, "properties": {"OBJECTID": 4791, "ROAD_CLASS": null, "OP2002_ROW": "26 m", "OP2018_ROW": "24 m", "Shape__Length": 99.57771030632581}}, {"type": "Feature", "id": 4792, "geometry": {"type": "LineString", "coordinates": [[-89.2977369259, 48.3694221105686], [-89.299081615708, 48.3694213144746]]}, "properties": {"OBJECTID": 4792, "ROAD_CLASS": null, "OP2002_ROW": "26 m", "OP2018_ROW": "24 m", "Shape__Length": 99.62508516316964}}, {"type": "Feature", "id": 4793, "geometry": {"type": "LineString", "coordinates": [[-89.2896800929885, 48.3694203211752], [-89.2909132954198, 48.3694284375953]]}, "properties": {"OBJECTID": 4793, "ROAD_CLASS": null, "OP2002_ROW": "26 m", "OP2018_ROW": "24 m", "Shape__Length": 91.36941981998856}}, {"type": "Feature", "id": 4794, "geometry": {"type": "LineString", "coordinates": [[-89.2877859640049, 48.3694258446128], [-89.2896800929885, 48.3694203211752]]}, "properties": {"OBJECTID": 4794, "ROAD_CLASS": null, "OP2002_ROW": "26 m", "OP2018_ROW": "24 m", "Shape__Length": 140.3326799553847}}, {"type": "Feature", "id": 4795, "geometry": {"type": "LineString", "coordinates": [[-89.2728000907286, 48.3683387636401], [-89.2728060076034, 48.3672694186201]]}, "properties": {"OBJECTID": 4795, "ROAD_CLASS": null, "OP2002_ROW": "26 m", "OP2018_ROW": "24 m", "Shape__Length": 118.90308776175891}}, {"type": "Feature", "id": 4796, "geometry": {"type": "LineString", "coordinates": [[-89.2703075754118, 48.3732772420844], [-89.2717340940239, 48.3716048612959]]}, "properties": {"OBJECTID": 4796, "ROAD_CLASS": null, "OP2002_ROW": "26 m", "OP2018_ROW": "24 m", "Shape__Length": 213.8868124090679}}, {"type": "Feature", "id": 4797, "geometry": {"type": "LineString", "coordinates": [[-89.2726558212604, 48.3705210423781], [-89.2727310591627, 48.3704125479703], [-89.2727789932995, 48.3703440856123], [-89.2727906214188, 48.3703269190111], [-89.2727942867579, 48.3703211655851], [-89.2727977591501, 48.3703153853816], [-89.2728009555744, 48.370309563846], [-89.2728037674153, 48.3703036878297], [-89.272806045101, 48.3702977341965], [-89.2728076683938, 48.3702917017241], [-89.2728087629686, 48.3702855924273], [-89.2728094729205, 48.3702794277508], [-89.2728099083346, 48.3702732235136], [-89.2728102640172, 48.370260739746], [-89.2728102554752, 48.3702482037945], [-89.2728093904647, 48.3701854044292], [-89.2728088809955, 48.3701289223299], [-89.2728040684669, 48.3694388028975]]}, "properties": {"OBJECTID": 4797, "ROAD_CLASS": null, "OP2002_ROW": "26 m", "OP2018_ROW": "24 m", "Shape__Length": 122.75469776939597}}, {"type": "Feature", "id": 4798, "geometry": {"type": "LineString", "coordinates": [[-89.2894289065037, 48.361020358817], [-89.2894429952099, 48.3600191149312], [-89.2894478768379, 48.359922841357], [-89.2894603245652, 48.3598268706865], [-89.2894803041202, 48.3597314668209], [-89.2895077605212, 48.3596368921012], [-89.2895426182275, 48.3595434065873], [-89.2895847813481, 48.3594512673423], [-89.2896341339054, 48.359360727726], [-89.2896905401549, 48.3592720366985], [-89.2898480138283, 48.3590866724777]]}, "properties": {"OBJECTID": 4798, "ROAD_CLASS": null, "OP2002_ROW": "26 m", "OP2018_ROW": "24 m", "Shape__Length": 220.71805233374}}, {"type": "Feature", "id": 4799, "geometry": {"type": "LineString", "coordinates": [[-89.2728001130106, 48.3661754172907], [-89.272825233817, 48.3650913792126]]}, "properties": {"OBJECTID": 4799, "ROAD_CLASS": null, "OP2002_ROW": "26 m", "OP2018_ROW": "24 m", "Shape__Length": 120.55035344671367}}, {"type": "Feature", "id": 4800, "geometry": {"type": "LineString", "coordinates": [[-89.3015111874357, 48.3733177538904], [-89.3031993752079, 48.3723309470437], [-89.303253293775, 48.3722984049037], [-89.3033092768161, 48.3722674489417], [-89.3033672192985, 48.3722381372339], [-89.3034270125138, 48.3722105247712], [-89.3034885442824, 48.3721846633569], [-89.3035516991632, 48.3721606015087], [-89.3036163586709, 48.3721383843684], [-89.3036824014976, 48.3721180536169], [-89.3037497037408, 48.3720996473958], [-89.3038181391359, 48.3720832002363], [-89.3038875792924, 48.3720687429944], [-89.3039578939355, 48.3720563027925], [-89.3040289511501, 48.3720459029691], [-89.3041006176282, 48.3720375630347], [-89.304172758919, 48.3720312986354], [-89.3042452396812, 48.3720271215235], [-89.3060298220422, 48.3720049470787]]}, "properties": {"OBJECTID": 4800, "ROAD_CLASS": null, "OP2002_ROW": "26 m", "OP2018_ROW": "24 m", "Shape__Length": 384.85128335461354}}, {"type": "Feature", "id": 4801, "geometry": {"type": "LineString", "coordinates": [[-89.2728060076034, 48.3672694186201], [-89.2728001130106, 48.3661754172907]]}, "properties": {"OBJECTID": 4801, "ROAD_CLASS": null, "OP2002_ROW": "26 m", "OP2018_ROW": "24 m", "Shape__Length": 121.64461917133967}}, {"type": "Feature", "id": 4802, "geometry": {"type": "LineString", "coordinates": [[-89.2877830441743, 48.364005213875], [-89.2894604034291, 48.3639848837548]]}, "properties": {"OBJECTID": 4802, "ROAD_CLASS": null, "OP2002_ROW": "TBD", "OP2018_ROW": "20 m", "Shape__Length": 124.3051701340534}}, {"type": "Feature", "id": 4803, "geometry": {"type": "LineString", "coordinates": [[-89.2858901520367, 48.3640083870353], [-89.2877830441743, 48.364005213875]]}, "properties": {"OBJECTID": 4803, "ROAD_CLASS": null, "OP2002_ROW": "TBD", "OP2018_ROW": "20 m", "Shape__Length": 140.25494443642145}}, {"type": "Feature", "id": 4804, "geometry": {"type": "LineString", "coordinates": [[-89.272825233817, 48.3650913792126], [-89.2728332993235, 48.3644646453975]]}, "properties": {"OBJECTID": 4804, "ROAD_CLASS": null, "OP2002_ROW": "TBD", "OP2018_ROW": "20 m", "Shape__Length": 69.69012083226583}}, {"type": "Feature", "id": 4805, "geometry": {"type": "LineString", "coordinates": [[-89.2757626130721, 48.3743067864646], [-89.2771330199891, 48.3743023890881]]}, "properties": {"OBJECTID": 4805, "ROAD_CLASS": null, "OP2002_ROW": "30 m", "OP2018_ROW": "30 m", "Shape__Length": 101.52114515512191}}, {"type": "Feature", "id": 4806, "geometry": {"type": "LineString", "coordinates": [[-89.267110774224, 48.3683611591649], [-89.2614179196094, 48.3683442792902]]}, "properties": {"OBJECTID": 4806, "ROAD_CLASS": null, "OP2002_ROW": "TBD", "OP2018_ROW": "20 m", "Shape__Length": 421.7793855412619}}, {"type": "Feature", "id": 4807, "geometry": {"type": "LineString", "coordinates": [[-89.2499903869796, 48.4110436832794], [-89.2499766919603, 48.4077989346918], [-89.2499768225725, 48.4077738159941], [-89.2499772265396, 48.4077424594741], [-89.2499924771854, 48.4066951566315]]}, "properties": {"OBJECTID": 4807, "ROAD_CLASS": null, "OP2002_ROW": "24 m", "OP2018_ROW": "24 m", "Shape__Length": 483.52690651854306}}, {"type": "Feature", "id": 4808, "geometry": {"type": "LineString", "coordinates": [[-89.2785801099586, 48.3901136686019], [-89.2823176703291, 48.3901002699317]]}, "properties": {"OBJECTID": 4808, "ROAD_CLASS": null, "OP2002_ROW": "30 m", "OP2018_ROW": "30 m", "Shape__Length": 276.7976809858759}}, {"type": "Feature", "id": 4809, "geometry": {"type": "LineString", "coordinates": [[-89.2511157511994, 48.3855716804116], [-89.2525800466495, 48.3855700111445]]}, "properties": {"OBJECTID": 4809, "ROAD_CLASS": null, "OP2002_ROW": "TBD", "OP2018_ROW": "20 m", "Shape__Length": 108.45064022276145}}, {"type": "Feature", "id": 4810, "geometry": {"type": "LineString", "coordinates": [[-89.2477455805292, 48.3824734577369], [-89.2488858189496, 48.3824647070673]]}, "properties": {"OBJECTID": 4810, "ROAD_CLASS": null, "OP2002_ROW": "TBD", "OP2018_ROW": "20 m", "Shape__Length": 84.46041342540215}}, {"type": "Feature", "id": 4811, "geometry": {"type": "LineString", "coordinates": [[-89.263949833305, 48.380850685267], [-89.264211484675, 48.3804588203935]]}, "properties": {"OBJECTID": 4811, "ROAD_CLASS": null, "OP2002_ROW": "26 m", "OP2018_ROW": "24 m", "Shape__Length": 47.687926359086994}}, {"type": "Feature", "id": 4812, "geometry": {"type": "LineString", "coordinates": [[-89.228090718944, 48.4170709570141], [-89.2319846093207, 48.4170571207877], [-89.2321281265728, 48.4170532543492], [-89.2322713110918, 48.4170456900775], [-89.2324139479343, 48.4170344393285], [-89.2325558229795, 48.4170195189917], [-89.2326967232507, 48.4170009514654], [-89.2328364372352, 48.416978764623], [-89.2329747552018, 48.4169529917708], [-89.2331114695161, 48.4169236715983], [-89.2353224234421, 48.4164627409513], [-89.2353925090702, 48.4164493700281], [-89.2354606555321, 48.416432119982], [-89.2355263792679, 48.4164111132182], [-89.2355892139107, 48.4163864987992], [-89.2356487135966, 48.4163584513867], [-89.2357044561277, 48.4163271700025], [-89.2357560459692, 48.4162928766158], [-89.2358031170551, 48.4162558145679], [-89.2358453353863, 48.4162162468459], [-89.2358824014001, 48.416174454216], [-89.2359140520959, 48.4161307332312], [-89.235940062901, 48.4160853941271], [-89.2359602492636, 48.41603875862], [-89.2359744679623, 48.4159911576247], [-89.2359826181218, 48.4159429289057], [-89.2359846419281, 48.4158944146807], [-89.235999479494, 48.4156171465935], [-89.2360083095124, 48.4155369528478], [-89.2360208909356, 48.4154569813416], [-89.2360372115141, 48.4153773098233], [-89.2360572553635, 48.4152980157493], [-89.2360810029801, 48.4152191762089], [-89.2361084312594, 48.4151408678487], [-89.2361395135191, 48.415063166799], [-89.2361742195251, 48.4149861485989], [-89.2362125155204, 48.4149098881238], [-89.2362543642588, 48.4148344595117], [-89.2362997250405, 48.4147599360917], [-89.2363485537521, 48.4146863903126], [-89.2364008029094, 48.4146138936725], [-89.2364564217035, 48.4145425166491], [-89.2365153560504, 48.4144723286315], [-89.2365775486439, 48.4144033978526], [-89.2366744709162, 48.4143255351384], [-89.2367782616886, 48.4142516999447], [-89.2368885440819, 48.4141821603564], [-89.2370049176516, 48.4141171688606], [-89.2372755009849, 48.4140428500079], [-89.2375868559035, 48.4140203294765]]}, "properties": {"OBJECTID": 4812, "ROAD_CLASS": null, "OP2002_ROW": "30 m", "OP2018_ROW": "30 m", "Shape__Length": 894.8702290140876}}, {"type": "Feature", "id": 4813, "geometry": {"type": "LineString", "coordinates": [[-89.2539158691943, 48.3824823474899], [-89.2552741326856, 48.3824701955604]]}, "properties": {"OBJECTID": 4813, "ROAD_CLASS": null, "OP2002_ROW": "TBD", "OP2018_ROW": "20 m", "Shape__Length": 100.61266960316608}}, {"type": "Feature", "id": 4814, "geometry": {"type": "LineString", "coordinates": [[-89.2266139258493, 48.3947263653908], [-89.2233766380582, 48.394737744896]]}, "properties": {"OBJECTID": 4814, "ROAD_CLASS": null, "OP2002_ROW": "TBD", "OP2018_ROW": "20 m", "Shape__Length": 239.7223946225436}}, {"type": "Feature", "id": 4815, "geometry": {"type": "LineString", "coordinates": [[-89.256652006018, 48.3824789234019], [-89.2566655976449, 48.380859618833]]}, "properties": {"OBJECTID": 4815, "ROAD_CLASS": null, "OP2002_ROW": "TBD", "OP2018_ROW": "20 m", "Shape__Length": 180.05554052567575}}, {"type": "Feature", "id": 4816, "geometry": {"type": "LineString", "coordinates": [[-89.2657631769077, 48.3786206134539], [-89.2666120884767, 48.3775993031033]]}, "properties": {"OBJECTID": 4816, "ROAD_CLASS": null, "OP2002_ROW": "26 m", "OP2018_ROW": "24 m", "Shape__Length": 129.8089598070031}}, {"type": "Feature", "id": 4817, "geometry": {"type": "LineString", "coordinates": [[-89.2501115139102, 48.4121975038675], [-89.2500531745658, 48.4119535275098], [-89.2500484807053, 48.411929122233], [-89.2500453752717, 48.411910666424], [-89.2500435820031, 48.4118981780841], [-89.2500403160894, 48.4118731780366], [-89.2499978407194, 48.4115355652657]]}, "properties": {"OBJECTID": 4817, "ROAD_CLASS": null, "OP2002_ROW": "24 m", "OP2018_ROW": "24 m", "Shape__Length": 74.12693198343341}}, {"type": "Feature", "id": 4818, "geometry": {"type": "LineString", "coordinates": [[-89.2510656220556, 48.3824834262564], [-89.2525628622889, 48.3824872211594]]}, "properties": {"OBJECTID": 4818, "ROAD_CLASS": null, "OP2002_ROW": "TBD", "OP2018_ROW": "20 m", "Shape__Length": 110.89798801540483}}, {"type": "Feature", "id": 4819, "geometry": {"type": "LineString", "coordinates": [[-89.2716446874586, 48.3742972998687], [-89.2730202733315, 48.374281474692]]}, "properties": {"OBJECTID": 4819, "ROAD_CLASS": null, "OP2002_ROW": "30 m", "OP2018_ROW": "30 m", "Shape__Length": 101.91871855786418}}, {"type": "Feature", "id": 4820, "geometry": {"type": "LineString", "coordinates": [[-89.2388215296647, 48.3947106152393], [-89.2392300079417, 48.3947025443946]]}, "properties": {"OBJECTID": 4820, "ROAD_CLASS": null, "OP2002_ROW": "TBD", "OP2018_ROW": "20 m", "Shape__Length": 30.26100283543814}}, {"type": "Feature", "id": 4821, "geometry": {"type": "LineString", "coordinates": [[-89.2895074583125, 48.374306178585], [-89.2950072063588, 48.3743040881765]]}, "properties": {"OBJECTID": 4821, "ROAD_CLASS": null, "OP2002_ROW": "30 m", "OP2018_ROW": "30 m", "Shape__Length": 407.42427610564494}}, {"type": "Feature", "id": 4822, "geometry": {"type": "LineString", "coordinates": [[-89.2552823304835, 48.3855690829617], [-89.2566689944525, 48.3855700780231]]}, "properties": {"OBJECTID": 4822, "ROAD_CLASS": null, "OP2002_ROW": "TBD", "OP2018_ROW": "20 m", "Shape__Length": 102.70103238508845}}, {"type": "Feature", "id": 4823, "geometry": {"type": "LineString", "coordinates": [[-89.2566700769189, 48.3832930100281], [-89.256652006018, 48.3824789234019]]}, "properties": {"OBJECTID": 4823, "ROAD_CLASS": null, "OP2002_ROW": "TBD", "OP2018_ROW": "20 m", "Shape__Length": 90.52933652223213}}, {"type": "Feature", "id": 4824, "geometry": {"type": "LineString", "coordinates": [[-89.2654716992569, 48.3743392660849], [-89.2675511863677, 48.3743440072532]]}, "properties": {"OBJECTID": 4824, "ROAD_CLASS": null, "OP2002_ROW": "TBD", "OP2018_ROW": "20 m", "Shape__Length": 154.04906561591002}}, {"type": "Feature", "id": 4825, "geometry": {"type": "LineString", "coordinates": [[-89.2882065574878, 48.3742951155009], [-89.2895074583125, 48.374306178585]]}, "properties": {"OBJECTID": 4825, "ROAD_CLASS": null, "OP2002_ROW": "30 m", "OP2018_ROW": "30 m", "Shape__Length": 96.37917102953212}}, {"type": "Feature", "id": 4826, "geometry": {"type": "LineString", "coordinates": [[-89.2477455805292, 48.3824734577369], [-89.2477322302307, 48.3808501752131]]}, "properties": {"OBJECTID": 4826, "ROAD_CLASS": null, "OP2002_ROW": "TBD", "OP2018_ROW": "20 m", "Shape__Length": 180.49726041611402}}, {"type": "Feature", "id": 4827, "geometry": {"type": "LineString", "coordinates": [[-89.2929755012619, 48.3900913471985], [-89.2930372446518, 48.3900913459296], [-89.2930989283508, 48.3900895381534], [-89.2931604332617, 48.3900859273602], [-89.293221640633, 48.3900805205219], [-89.2932824322874, 48.3900733280778], [-89.2933426908507, 48.390064363915], [-89.2934022999779, 48.3900536453413], [-89.2934611445784, 48.3900411930518], [-89.29413963995, 48.3898774543861], [-89.2942818891283, 48.3898418137687], [-89.294427068869, 48.3898118707416], [-89.2945746652438, 48.3897877312998], [-89.2947241557725, 48.3897694808938], [-89.2948750112716, 48.3897571841274], [-89.2950266977276, 48.3897508845291], [-89.2951786781863, 48.3897506043981], [-89.2953304146534, 48.3897563447249], [-89.2956433121443, 48.3897834252151]]}, "properties": {"OBJECTID": 4827, "ROAD_CLASS": null, "OP2002_ROW": "30 m", "OP2018_ROW": "30 m", "Shape__Length": 203.45234549820387}}, {"type": "Feature", "id": 4828, "geometry": {"type": "LineString", "coordinates": [[-89.2566618274014, 48.3841219801248], [-89.2566689228118, 48.3855076545767], [-89.2566689944525, 48.3855700780231]]}, "properties": {"OBJECTID": 4828, "ROAD_CLASS": null, "OP2002_ROW": "TBD", "OP2018_ROW": "20 m", "Shape__Length": 161.01699943216}}, {"type": "Feature", "id": 4829, "geometry": {"type": "LineString", "coordinates": [[-89.2918304835059, 48.3939434155328], [-89.2929157282583, 48.393943199471]]}, "properties": {"OBJECTID": 4829, "ROAD_CLASS": null, "OP2002_ROW": "TBD", "OP2018_ROW": "20 m", "Shape__Length": 80.36456148517239}}, {"type": "Feature", "id": 4830, "geometry": {"type": "LineString", "coordinates": [[-89.2365415831834, 48.3947319813134], [-89.236463086972, 48.3947431274999], [-89.2363835773958, 48.3947504230046], [-89.2363034797855, 48.3947538288005], [-89.2362232226181, 48.3947533266683], [-89.2323031457759, 48.3947479610752]]}, "properties": {"OBJECTID": 4830, "ROAD_CLASS": null, "OP2002_ROW": "TBD", "OP2018_ROW": "20 m", "Shape__Length": 314.05884098604815}}, {"type": "Feature", "id": 4831, "geometry": {"type": "LineString", "coordinates": [[-89.289513450937, 48.3901121401099], [-89.2918054168613, 48.3900907573371]]}, "properties": {"OBJECTID": 4831, "ROAD_CLASS": null, "OP2002_ROW": "30 m", "OP2018_ROW": "30 m", "Shape__Length": 169.75403702994518}}, {"type": "Feature", "id": 4832, "geometry": {"type": "LineString", "coordinates": [[-89.2949790771965, 48.3930147921193], [-89.2960954403282, 48.3927532499152]]}, "properties": {"OBJECTID": 4832, "ROAD_CLASS": null, "OP2002_ROW": "TBD", "OP2018_ROW": "20 m", "Shape__Length": 87.63670550224538}}, {"type": "Feature", "id": 4833, "geometry": {"type": "LineString", "coordinates": [[-89.3553693635115, 48.3882078734915], [-89.3535664802738, 48.38820705537]]}, "properties": {"OBJECTID": 4833, "ROAD_CLASS": null, "OP2002_ROW": "30 m", "OP2018_ROW": "24 m", "Shape__Length": 133.52477339017298}}, {"type": "Feature", "id": 4834, "geometry": {"type": "LineString", "coordinates": [[-89.3535664802738, 48.38820705537], [-89.3527101321213, 48.3882066951701]]}, "properties": {"OBJECTID": 4834, "ROAD_CLASS": null, "OP2002_ROW": "30 m", "OP2018_ROW": "24 m", "Shape__Length": 63.422655444630756}}, {"type": "Feature", "id": 4835, "geometry": {"type": "LineString", "coordinates": [[-89.2287428953713, 48.3947193178143], [-89.2280864776845, 48.3947183893826]]}, "properties": {"OBJECTID": 4835, "ROAD_CLASS": null, "OP2002_ROW": "TBD", "OP2018_ROW": "20 m", "Shape__Length": 48.60747481675152}}, {"type": "Feature", "id": 4836, "geometry": {"type": "LineString", "coordinates": [[-89.2566762740757, 48.3800388009427], [-89.2566536202004, 48.3792247633808]]}, "properties": {"OBJECTID": 4836, "ROAD_CLASS": null, "OP2002_ROW": "TBD", "OP2018_ROW": "20 m", "Shape__Length": 90.52949146447698}}, {"type": "Feature", "id": 4837, "geometry": {"type": "LineString", "coordinates": [[-89.2465981980703, 48.3824877018073], [-89.2477455805292, 48.3824734577369]]}, "properties": {"OBJECTID": 4837, "ROAD_CLASS": null, "OP2002_ROW": "TBD", "OP2018_ROW": "20 m", "Shape__Length": 84.99865962295623}}, {"type": "Feature", "id": 4838, "geometry": {"type": "LineString", "coordinates": [[-89.2656470556791, 48.3808519700102], [-89.2657151223989, 48.3807935421171], [-89.265829376698, 48.3806634970389], [-89.2658462288102, 48.3806401571489], [-89.2658655845284, 48.3806176955509], [-89.2658873413274, 48.3805962312177], [-89.2659113839647, 48.3805758778397], [-89.2659375850908, 48.3805567432228], [-89.2659658059237, 48.3805389287174], [-89.2659958969842, 48.3805225286814], [-89.2660276988876, 48.3805076299807], [-89.266064677668, 48.3804913479152], [-89.266100141932, 48.3804736337051], [-89.2661339668564, 48.3804545496999], [-89.2661660333886, 48.3804341630701], [-89.2661962286653, 48.3804125455711], [-89.2662244464099, 48.3803897732907], [-89.2662505873066, 48.3803659263808], [-89.2662745593501, 48.3803410887757], [-89.2666100742629, 48.3799014259051]]}, "properties": {"OBJECTID": 4838, "ROAD_CLASS": null, "OP2002_ROW": "TBD", "OP2018_ROW": "24 m", "Shape__Length": 129.13273809154015}}, {"type": "Feature", "id": 4839, "geometry": {"type": "LineString", "coordinates": [[-89.2419537291255, 48.3946883097007], [-89.2430058549222, 48.394681898603]]}, "properties": {"OBJECTID": 4839, "ROAD_CLASS": null, "OP2002_ROW": "TBD", "OP2018_ROW": "20 m", "Shape__Length": 77.9129735734685}}, {"type": "Feature", "id": 4840, "geometry": {"type": "LineString", "coordinates": [[-89.2566176353824, 48.3743331636689], [-89.2593475960458, 48.3743490258659]]}, "properties": {"OBJECTID": 4840, "ROAD_CLASS": null, "OP2002_ROW": "TBD", "OP2018_ROW": "20 m", "Shape__Length": 202.24233594128145}}, {"type": "Feature", "id": 4841, "geometry": {"type": "LineString", "coordinates": [[-89.2956433121443, 48.3897834252151], [-89.2958158393358, 48.3898047382241], [-89.296439394825, 48.3899007640535]]}, "properties": {"OBJECTID": 4841, "ROAD_CLASS": null, "OP2002_ROW": "30 m", "OP2018_ROW": "30 m", "Shape__Length": 60.3925738846634}}, {"type": "Feature", "id": 4842, "geometry": {"type": "LineString", "coordinates": [[-89.2895207676479, 48.3939465871007], [-89.2918304835059, 48.3939434155328]]}, "properties": {"OBJECTID": 4842, "ROAD_CLASS": null, "OP2002_ROW": "TBD", "OP2018_ROW": "20 m", "Shape__Length": 171.03937571398674}}, {"type": "Feature", "id": 4843, "geometry": {"type": "LineString", "coordinates": [[-89.2500017201187, 48.4050636191294], [-89.2499977853341, 48.4040092261009]]}, "properties": {"OBJECTID": 4843, "ROAD_CLASS": null, "OP2002_ROW": "24 m", "OP2018_ROW": "24 m", "Shape__Length": 117.23998383872369}}, {"type": "Feature", "id": 4844, "geometry": {"type": "LineString", "coordinates": [[-89.2482465723632, 48.3946605644115], [-89.2482835832948, 48.3946544519184], [-89.248321133387, 48.3946500323057], [-89.2483590482647, 48.3946473260973], [-89.248397151859, 48.39464634586], [-89.249682142462, 48.3946463045678]]}, "properties": {"OBJECTID": 4844, "ROAD_CLASS": null, "OP2002_ROW": "TBD", "OP2018_ROW": "20 m", "Shape__Length": 106.4504555670539}}, {"type": "Feature", "id": 4845, "geometry": {"type": "LineString", "coordinates": [[-89.246860632055, 48.3951673402083], [-89.2479115524624, 48.394764900702], [-89.2480743831832, 48.3947023386049], [-89.2480906959893, 48.3946961291273], [-89.2481070834192, 48.3946900495504], [-89.2481236472937, 48.394684264335], [-89.2481320497063, 48.394681576311], [-89.2481405846236, 48.3946791052322], [-89.2481490624207, 48.3946769627739], [-89.2481577547074, 48.3946750275604], [-89.2481676921571, 48.3946730815002], [-89.2481904819528, 48.3946691449886], [-89.2482137072873, 48.3946654959716], [-89.2482465723632, 48.3946605644115]]}, "properties": {"OBJECTID": 4845, "ROAD_CLASS": null, "OP2002_ROW": "TBD", "OP2018_ROW": "20 m", "Shape__Length": 117.35575662147455}}, {"type": "Feature", "id": 4846, "geometry": {"type": "LineString", "coordinates": [[-89.228090718944, 48.4170709570141], [-89.2280883153307, 48.4160371034215], [-89.2280953332339, 48.4149154528623], [-89.228096135303, 48.4148527357684], [-89.228120996081, 48.4132905003511]]}, "properties": {"OBJECTID": 4846, "ROAD_CLASS": null, "OP2002_ROW": "30 m", "OP2018_ROW": "30 m", "Shape__Length": 420.36409948029984}}, {"type": "Feature", "id": 4847, "geometry": {"type": "LineString", "coordinates": [[-89.2647675071372, 48.374337177175], [-89.2654716992569, 48.3743392660849]]}, "properties": {"OBJECTID": 4847, "ROAD_CLASS": null, "OP2002_ROW": "TBD", "OP2018_ROW": "20 m", "Shape__Length": 52.166968816461306}}, {"type": "Feature", "id": 4848, "geometry": {"type": "LineString", "coordinates": [[-89.3143226315216, 48.3890344927756], [-89.3100750998564, 48.3890499366105]]}, "properties": {"OBJECTID": 4848, "ROAD_CLASS": null, "OP2002_ROW": "TBD", "OP2018_ROW": "24 m", "Shape__Length": 314.5751174311657}}, {"type": "Feature", "id": 4849, "geometry": {"type": "LineString", "coordinates": [[-89.2499977853341, 48.4040092261009], [-89.2499988762872, 48.3999980584514]]}, "properties": {"OBJECTID": 4849, "ROAD_CLASS": null, "OP2002_ROW": "24 m", "OP2018_ROW": "24 m", "Shape__Length": 446.007875070001}}, {"type": "Feature", "id": 4850, "geometry": {"type": "LineString", "coordinates": [[-89.2614189750071, 48.3716125723911], [-89.2614170999112, 48.370527334898]]}, "properties": {"OBJECTID": 4850, "ROAD_CLASS": null, "OP2002_ROW": "TBD", "OP2018_ROW": "20 m", "Shape__Length": 120.66911420210937}}, {"type": "Feature", "id": 4851, "geometry": {"type": "LineString", "coordinates": [[-89.262738122133, 48.374340101135], [-89.2640953095806, 48.3743351827811]]}, "properties": {"OBJECTID": 4851, "ROAD_CLASS": null, "OP2002_ROW": "TBD", "OP2018_ROW": "20 m", "Shape__Length": 100.541688678614}}, {"type": "Feature", "id": 4852, "geometry": {"type": "LineString", "coordinates": [[-89.2539055314433, 48.3951430940546], [-89.2557415783657, 48.3958402767188]]}, "properties": {"OBJECTID": 4852, "ROAD_CLASS": null, "OP2002_ROW": "TBD", "OP2018_ROW": "20 m", "Shape__Length": 156.50515015130705}}, {"type": "Feature", "id": 4853, "geometry": {"type": "LineString", "coordinates": [[-89.2365907257186, 48.3947284181333], [-89.2388215296647, 48.3947106152393]]}, "properties": {"OBJECTID": 4853, "ROAD_CLASS": null, "OP2002_ROW": "TBD", "OP2018_ROW": "20 m", "Shape__Length": 165.2021129387406}}, {"type": "Feature", "id": 4854, "geometry": {"type": "LineString", "coordinates": [[-89.2488858189496, 48.3824647070673], [-89.2499699884909, 48.3824722270494]]}, "properties": {"OBJECTID": 4854, "ROAD_CLASS": null, "OP2002_ROW": "TBD", "OP2018_ROW": "20 m", "Shape__Length": 80.3062983972661}}, {"type": "Feature", "id": 4855, "geometry": {"type": "LineString", "coordinates": [[-89.2960954403282, 48.3927532499152], [-89.2972970385231, 48.3924844237767]]}, "properties": {"OBJECTID": 4855, "ROAD_CLASS": null, "OP2002_ROW": "TBD", "OP2018_ROW": "20 m", "Shape__Length": 93.86966994437299}}, {"type": "Feature", "id": 4856, "geometry": {"type": "LineString", "coordinates": [[-89.2843367987121, 48.3743183180317], [-89.2856874983259, 48.3742938624165]]}, "properties": {"OBJECTID": 4856, "ROAD_CLASS": null, "OP2002_ROW": "30 m", "OP2018_ROW": "30 m", "Shape__Length": 100.09725104950513}}, {"type": "Feature", "id": 4857, "geometry": {"type": "LineString", "coordinates": [[-89.2566655976449, 48.380859618833], [-89.2566762740757, 48.3800388009427]]}, "properties": {"OBJECTID": 4857, "ROAD_CLASS": null, "OP2002_ROW": "TBD", "OP2018_ROW": "20 m", "Shape__Length": 91.27129071627299}}, {"type": "Feature", "id": 4858, "geometry": {"type": "LineString", "coordinates": [[-89.2918054168613, 48.3900907573371], [-89.2929755012619, 48.3900913471985]]}, "properties": {"OBJECTID": 4858, "ROAD_CLASS": null, "OP2002_ROW": "30 m", "OP2018_ROW": "30 m", "Shape__Length": 86.65367511202516}}, {"type": "Feature", "id": 4859, "geometry": {"type": "LineString", "coordinates": [[-89.2323031457759, 48.3947479610752], [-89.2309755412992, 48.3947165168031]]}, "properties": {"OBJECTID": 4859, "ROAD_CLASS": null, "OP2002_ROW": "TBD", "OP2018_ROW": "20 m", "Shape__Length": 98.37059672126769}}, {"type": "Feature", "id": 4860, "geometry": {"type": "LineString", "coordinates": [[-89.2566549416168, 48.377600564907], [-89.256649058731, 48.3767921119274]]}, "properties": {"OBJECTID": 4860, "ROAD_CLASS": null, "OP2002_ROW": "TBD", "OP2018_ROW": "20 m", "Shape__Length": 89.89400196950064}}, {"type": "Feature", "id": 4861, "geometry": {"type": "LineString", "coordinates": [[-89.2871073896156, 48.3939441036633], [-89.2895207676479, 48.3939465871007]]}, "properties": {"OBJECTID": 4861, "ROAD_CLASS": null, "OP2002_ROW": "TBD", "OP2018_ROW": "24 m", "Shape__Length": 178.7154825063132}}, {"type": "Feature", "id": 4862, "geometry": {"type": "LineString", "coordinates": [[-89.2614170999112, 48.370527334898], [-89.2614173644329, 48.3694400496262]]}, "properties": {"OBJECTID": 4862, "ROAD_CLASS": null, "OP2002_ROW": "TBD", "OP2018_ROW": "20 m", "Shape__Length": 120.89670994212052}}, {"type": "Feature", "id": 4863, "geometry": {"type": "LineString", "coordinates": [[-89.2614173644329, 48.3694400496262], [-89.2614179196094, 48.3683442792902]]}, "properties": {"OBJECTID": 4863, "ROAD_CLASS": null, "OP2002_ROW": "TBD", "OP2018_ROW": "20 m", "Shape__Length": 121.84015955388413}}, {"type": "Feature", "id": 4864, "geometry": {"type": "LineString", "coordinates": [[-89.256626965493, 48.3751639798396], [-89.2566176353824, 48.3743331636689]]}, "properties": {"OBJECTID": 4864, "ROAD_CLASS": null, "OP2002_ROW": "TBD", "OP2018_ROW": "20 m", "Shape__Length": 92.38208648404964}}, {"type": "Feature", "id": 4865, "geometry": {"type": "LineString", "coordinates": [[-89.3099731843057, 48.3854781943814], [-89.3121171134956, 48.38532234097]]}, "properties": {"OBJECTID": 4865, "ROAD_CLASS": null, "OP2002_ROW": "TBD", "OP2018_ROW": "24 m", "Shape__Length": 159.73265130086662}}, {"type": "Feature", "id": 4866, "geometry": {"type": "LineString", "coordinates": [[-89.286860109322, 48.3901099227702], [-89.289513450937, 48.3901121401099]]}, "properties": {"OBJECTID": 4866, "ROAD_CLASS": null, "OP2002_ROW": "30 m", "OP2018_ROW": "30 m", "Shape__Length": 196.49995254524939}}, {"type": "Feature", "id": 4867, "geometry": {"type": "LineString", "coordinates": [[-89.3088575466872, 48.3890554802604], [-89.3076367261479, 48.3890542871124]]}, "properties": {"OBJECTID": 4867, "ROAD_CLASS": null, "OP2002_ROW": "TBD", "OP2018_ROW": "24 m", "Shape__Length": 90.41342556943847}}, {"type": "Feature", "id": 4868, "geometry": {"type": "LineString", "coordinates": [[-89.2614150380846, 48.3743387039863], [-89.2614099359351, 48.3735601642098]]}, "properties": {"OBJECTID": 4868, "ROAD_CLASS": null, "OP2002_ROW": "TBD", "OP2018_ROW": "20 m", "Shape__Length": 86.5677627594189}}, {"type": "Feature", "id": 4869, "geometry": {"type": "LineString", "coordinates": [[-89.2566536202004, 48.3792247633808], [-89.2566583920872, 48.3784055826291]]}, "properties": {"OBJECTID": 4869, "ROAD_CLASS": null, "OP2002_ROW": "TBD", "OP2018_ROW": "20 m", "Shape__Length": 91.08649044759787}}, {"type": "Feature", "id": 4870, "geometry": {"type": "LineString", "coordinates": [[-89.2972970385231, 48.3924844237767], [-89.2975200657383, 48.3923945618935], [-89.2975524398825, 48.3923762714933], [-89.2975827395631, 48.3923564672775], [-89.2976108055779, 48.3923352533041], [-89.297636490462, 48.3923127410384], [-89.2976596592618, 48.392289048767], [-89.2976801902449, 48.3922643009767], [-89.2976979755392, 48.3922386276999], [-89.2977129216996, 48.3922121638317], [-89.2981379285088, 48.3908304198344]]}, "properties": {"OBJECTID": 4870, "ROAD_CLASS": null, "OP2002_ROW": "TBD", "OP2018_ROW": "20 m", "Shape__Length": 201.290880380344}}, {"type": "Feature", "id": 4871, "geometry": {"type": "LineString", "coordinates": [[-89.2392300079417, 48.3947025443946], [-89.2400942885888, 48.39470260303]]}, "properties": {"OBJECTID": 4871, "ROAD_CLASS": null, "OP2002_ROW": "TBD", "OP2018_ROW": "20 m", "Shape__Length": 63.999739282387594}}, {"type": "Feature", "id": 4872, "geometry": {"type": "LineString", "coordinates": [[-89.2823176703291, 48.3901002699317], [-89.286860109322, 48.3901099227702]]}, "properties": {"OBJECTID": 4872, "ROAD_CLASS": null, "OP2002_ROW": "30 m", "OP2018_ROW": "30 m", "Shape__Length": 336.4029709085631}}, {"type": "Feature", "id": 4873, "geometry": {"type": "LineString", "coordinates": [[-89.2454585480097, 48.3824886598285], [-89.2465981980703, 48.3824877018073]]}, "properties": {"OBJECTID": 4873, "ROAD_CLASS": null, "OP2002_ROW": "TBD", "OP2018_ROW": "20 m", "Shape__Length": 84.4112074322741}}, {"type": "Feature", "id": 4874, "geometry": {"type": "LineString", "coordinates": [[-89.2539197727181, 48.385567597782], [-89.2552823304835, 48.3855690829617]]}, "properties": {"OBJECTID": 4874, "ROAD_CLASS": null, "OP2002_ROW": "TBD", "OP2018_ROW": "20 m", "Shape__Length": 100.91568212502129}}, {"type": "Feature", "id": 4875, "geometry": {"type": "LineString", "coordinates": [[-89.2689280231148, 48.3743266237708], [-89.2693917565559, 48.3743261370685]]}, "properties": {"OBJECTID": 4875, "ROAD_CLASS": null, "OP2002_ROW": "TBD", "OP2018_ROW": "20 m", "Shape__Length": 34.35340013754846}}, {"type": "Feature", "id": 4876, "geometry": {"type": "LineString", "coordinates": [[-89.256649058731, 48.3767921119274], [-89.2566399481188, 48.3759792468824]]}, "properties": {"OBJECTID": 4876, "ROAD_CLASS": null, "OP2002_ROW": "TBD", "OP2018_ROW": "20 m", "Shape__Length": 90.38603663442893}}, {"type": "Feature", "id": 4877, "geometry": {"type": "LineString", "coordinates": [[-89.2525628622889, 48.3824872211594], [-89.2539158691943, 48.3824823474899]]}, "properties": {"OBJECTID": 4877, "ROAD_CLASS": null, "OP2002_ROW": "TBD", "OP2018_ROW": "20 m", "Shape__Length": 100.21565964515044}}, {"type": "Feature", "id": 4878, "geometry": {"type": "LineString", "coordinates": [[-89.2280864776845, 48.3947183893826], [-89.2266139258493, 48.3947263653908]]}, "properties": {"OBJECTID": 4878, "ROAD_CLASS": null, "OP2002_ROW": "TBD", "OP2018_ROW": "20 m", "Shape__Length": 109.04520974937323}}, {"type": "Feature", "id": 4879, "geometry": {"type": "LineString", "coordinates": [[-89.2644347424016, 48.3801792851478], [-89.2657631769077, 48.3786206134539]]}, "properties": {"OBJECTID": 4879, "ROAD_CLASS": null, "OP2002_ROW": "26 m", "OP2018_ROW": "24 m", "Shape__Length": 199.29737771362437}}, {"type": "Feature", "id": 4880, "geometry": {"type": "LineString", "coordinates": [[-89.2499699884909, 48.3824722270494], [-89.2510656220556, 48.3824834262564]]}, "properties": {"OBJECTID": 4880, "ROAD_CLASS": null, "OP2002_ROW": "TBD", "OP2018_ROW": "20 m", "Shape__Length": 81.16062455811681}}, {"type": "Feature", "id": 4881, "geometry": {"type": "LineString", "coordinates": [[-89.2981379285088, 48.3908304198344], [-89.2982559833828, 48.3903920912768], [-89.2982617461993, 48.3903703908737], [-89.2982644478617, 48.390348427236], [-89.2982640648643, 48.3903263914908], [-89.2982606005439, 48.3903044753922], [-89.2982540850507, 48.390282869653], [-89.2982445750861, 48.3902617622848], [-89.2982321534086, 48.3902413369627], [-89.2982169281141, 48.3902217714259]]}, "properties": {"OBJECTID": 4881, "ROAD_CLASS": null, "OP2002_ROW": "TBD", "OP2018_ROW": "20 m", "Shape__Length": 69.12716976809074}}, {"type": "Feature", "id": 4882, "geometry": {"type": "LineString", "coordinates": [[-89.296439394825, 48.3899007640535], [-89.2982169281141, 48.3902217714259]]}, "properties": {"OBJECTID": 4882, "ROAD_CLASS": null, "OP2002_ROW": "30 m", "OP2018_ROW": "30 m", "Shape__Length": 136.39343795443546}}, {"type": "Feature", "id": 4883, "geometry": {"type": "LineString", "coordinates": [[-89.2309755412992, 48.3947165168031], [-89.2296052977695, 48.3947193792803]]}, "properties": {"OBJECTID": 4883, "ROAD_CLASS": null, "OP2002_ROW": "TBD", "OP2018_ROW": "20 m", "Shape__Length": 101.46633059067833}}, {"type": "Feature", "id": 4884, "geometry": {"type": "LineString", "coordinates": [[-89.2566399481188, 48.3759792468824], [-89.256626965493, 48.3751639798396]]}, "properties": {"OBJECTID": 4884, "ROAD_CLASS": null, "OP2002_ROW": "TBD", "OP2018_ROW": "20 m", "Shape__Length": 90.6556874602663}}, {"type": "Feature", "id": 4885, "geometry": {"type": "LineString", "coordinates": [[-89.2487923735467, 48.3767711266403], [-89.2508401780892, 48.3746395874463]]}, "properties": {"OBJECTID": 4885, "ROAD_CLASS": null, "OP2002_ROW": "TBD", "OP2018_ROW": "20 m", "Shape__Length": 281.3975828169882}}, {"type": "Feature", "id": 4886, "geometry": {"type": "LineString", "coordinates": [[-89.2929157282583, 48.393943199471], [-89.2936168190051, 48.3936035433938]]}, "properties": {"OBJECTID": 4886, "ROAD_CLASS": null, "OP2002_ROW": "TBD", "OP2018_ROW": "20 m", "Shape__Length": 64.20112313973955}}, {"type": "Feature", "id": 4887, "geometry": {"type": "LineString", "coordinates": [[-89.2525800466495, 48.3855700111445], [-89.2539197727181, 48.385567597782]]}, "properties": {"OBJECTID": 4887, "ROAD_CLASS": null, "OP2002_ROW": "TBD", "OP2018_ROW": "20 m", "Shape__Length": 99.22487707469223}}, {"type": "Feature", "id": 4888, "geometry": {"type": "LineString", "coordinates": [[-89.3084739217594, 48.3855767743113], [-89.3099731843057, 48.3854781943814]]}, "properties": {"OBJECTID": 4888, "ROAD_CLASS": null, "OP2002_ROW": "TBD", "OP2018_ROW": "24 m", "Shape__Length": 111.5820207601989}}, {"type": "Feature", "id": 4889, "geometry": {"type": "LineString", "coordinates": [[-89.2679731834123, 48.3760229503999], [-89.2693917565559, 48.3743261370685]]}, "properties": {"OBJECTID": 4889, "ROAD_CLASS": null, "OP2002_ROW": "26 m", "OP2018_ROW": "24 m", "Shape__Length": 215.96303196588238}}, {"type": "Feature", "id": 4890, "geometry": {"type": "LineString", "coordinates": [[-89.2397123170202, 48.3879003362174], [-89.2417169245352, 48.3886350613068]]}, "properties": {"OBJECTID": 4890, "ROAD_CLASS": null, "OP2002_ROW": "TBD", "OP2018_ROW": "20 m", "Shape__Length": 169.45274636310887}}, {"type": "Feature", "id": 4891, "geometry": {"type": "LineString", "coordinates": [[-89.3039886140237, 48.3886056929845], [-89.3037855563987, 48.388281272272], [-89.3037710913141, 48.3882458530663], [-89.303736027145, 48.3881627378612], [-89.3037064224089, 48.3880786857248], [-89.3036823330833, 48.3879938556618], [-89.3036638047111, 48.3879084081478], [-89.303650872315, 48.3878225048255], [-89.3036435603311, 48.3877363081992], [-89.3036418825629, 48.3876499813273], [-89.3036458421558, 48.3875636875136], [-89.3036554315908, 48.3874775899986], [-89.3036706326994, 48.3873918516507], [-89.3036914166979, 48.3873066346579], [-89.3037177442421, 48.3872221002215], [-89.3037495655023, 48.3871384082504], [-89.3037868202571, 48.3870557170593], [-89.303829438008, 48.3869741830691], [-89.303877338113, 48.3868939605108], [-89.3039135171239, 48.3868403874453], [-89.3040417893016, 48.3866862223727]]}, "properties": {"OBJECTID": 4891, "ROAD_CLASS": null, "OP2002_ROW": "TBD", "OP2018_ROW": "24 m", "Shape__Length": 222.90265813952854}}, {"type": "Feature", "id": 4892, "geometry": {"type": "LineString", "coordinates": [[-89.2581657804496, 48.3948776459367], [-89.2569449582933, 48.3948839761809], [-89.2568580124107, 48.3948950581336], [-89.256773431821, 48.3949124578017], [-89.256692248229, 48.3949359629468], [-89.2566154519071, 48.3949652868567], [-89.2565439796169, 48.395000071842], [-89.2564787031833, 48.3950398935987], [-89.2564204188598, 48.3950842663836], [-89.2563698376166, 48.395132648939], [-89.2557415783657, 48.3958402767188]]}, "properties": {"OBJECTID": 4892, "ROAD_CLASS": null, "OP2002_ROW": "TBD", "OP2018_ROW": "20 m", "Shape__Length": 234.27934946418594}}, {"type": "Feature", "id": 4893, "geometry": {"type": "LineString", "coordinates": [[-89.2614099359351, 48.3735601642098], [-89.2614189750071, 48.3716125723911]]}, "properties": {"OBJECTID": 4893, "ROAD_CLASS": null, "OP2002_ROW": "TBD", "OP2018_ROW": "20 m", "Shape__Length": 216.5564736759161}}, {"type": "Feature", "id": 4894, "geometry": {"type": "LineString", "coordinates": [[-89.2296052977695, 48.3947193792803], [-89.2287428953713, 48.3947193178143]]}, "properties": {"OBJECTID": 4894, "ROAD_CLASS": null, "OP2002_ROW": "TBD", "OP2018_ROW": "20 m", "Shape__Length": 63.86043298625619}}, {"type": "Feature", "id": 4895, "geometry": {"type": "LineString", "coordinates": [[-89.3121171134956, 48.38532234097], [-89.3122013159607, 48.3856036173721], [-89.3122211755447, 48.3856918655445], [-89.3122489670305, 48.3857791584347], [-89.3122845898491, 48.3858651800306], [-89.3123279150795, 48.3859496189207], [-89.3123787859142, 48.3860321694217], [-89.3124370182271, 48.3861125326852], [-89.3125024012389, 48.3861904177797], [-89.31257469828, 48.386265542744], [-89.3139165778867, 48.3876535507548]]}, "properties": {"OBJECTID": 4895, "ROAD_CLASS": null, "OP2002_ROW": "TBD", "OP2018_ROW": "24 m", "Shape__Length": 294.84918296762015}}, {"type": "Feature", "id": 4896, "geometry": {"type": "LineString", "coordinates": [[-89.2856874983259, 48.3742938624165], [-89.286940809566, 48.3742971424181]]}, "properties": {"OBJECTID": 4896, "ROAD_CLASS": null, "OP2002_ROW": "30 m", "OP2018_ROW": "30 m", "Shape__Length": 92.8465153395052}}, {"type": "Feature", "id": 4897, "geometry": {"type": "LineString", "coordinates": [[-89.2813981469204, 48.3743050893895], [-89.2840935561761, 48.3743200440971]]}, "properties": {"OBJECTID": 4897, "ROAD_CLASS": null, "OP2002_ROW": "30 m", "OP2018_ROW": "30 m", "Shape__Length": 199.6836356247251}}, {"type": "Feature", "id": 4898, "geometry": {"type": "LineString", "coordinates": [[-89.2593475960458, 48.3743490258659], [-89.2614150380846, 48.3743387039863]]}, "properties": {"OBJECTID": 4898, "ROAD_CLASS": null, "OP2002_ROW": "TBD", "OP2018_ROW": "20 m", "Shape__Length": 153.159873197687}}, {"type": "Feature", "id": 4899, "geometry": {"type": "LineString", "coordinates": [[-89.2825902127144, 48.3941271365692], [-89.2827433498876, 48.3940927663929], [-89.2828981373198, 48.3940618485161], [-89.2830543995971, 48.3940344179755], [-89.2832119596353, 48.3940105058559], [-89.2833706388799, 48.393990139255], [-89.2835302575094, 48.3939733412522], [-89.283690634638, 48.3939601308831], [-89.2838515885211, 48.3939505231175], [-89.2848434778344, 48.3939417940154]]}, "properties": {"OBJECTID": 4899, "ROAD_CLASS": null, "OP2002_ROW": "TBD", "OP2018_ROW": "24 m", "Shape__Length": 169.19579651382935}}, {"type": "Feature", "id": 4900, "geometry": {"type": "LineString", "coordinates": [[-89.2868510932403, 48.3939432075222], [-89.2871073896156, 48.3939441036633]]}, "properties": {"OBJECTID": 4900, "ROAD_CLASS": null, "OP2002_ROW": "TBD", "OP2018_ROW": "24 m", "Shape__Length": 18.979492249315896}}, {"type": "Feature", "id": 4901, "geometry": {"type": "LineString", "coordinates": [[-89.2936168190051, 48.3936035433938], [-89.2947134356791, 48.3930931567375], [-89.2949790771965, 48.3930147921193]]}, "properties": {"OBJECTID": 4901, "ROAD_CLASS": null, "OP2002_ROW": "TBD", "OP2018_ROW": "20 m", "Shape__Length": 120.5878274244257}}, {"type": "Feature", "id": 4902, "geometry": {"type": "LineString", "coordinates": [[-89.2848434778344, 48.3939417940154], [-89.2868510932403, 48.3939432075222]]}, "properties": {"OBJECTID": 4902, "ROAD_CLASS": null, "OP2002_ROW": "TBD", "OP2018_ROW": "24 m", "Shape__Length": 148.66774737015524}}, {"type": "Feature", "id": 4903, "geometry": {"type": "LineString", "coordinates": [[-89.2499924771854, 48.4066951566315], [-89.2500017201187, 48.4050636191294]]}, "properties": {"OBJECTID": 4903, "ROAD_CLASS": null, "OP2002_ROW": "24 m", "OP2018_ROW": "24 m", "Shape__Length": 181.41455485483738}}, {"type": "Feature", "id": 4904, "geometry": {"type": "LineString", "coordinates": [[-89.2552741326856, 48.3824701955604], [-89.256652006018, 48.3824789234019]]}, "properties": {"OBJECTID": 4904, "ROAD_CLASS": null, "OP2002_ROW": "TBD", "OP2018_ROW": "20 m", "Shape__Length": 102.0607139615566}}, {"type": "Feature", "id": 4905, "geometry": {"type": "LineString", "coordinates": [[-89.2675511863677, 48.3743440072532], [-89.2689280231148, 48.3743266237708]]}, "properties": {"OBJECTID": 4905, "ROAD_CLASS": null, "OP2002_ROW": "TBD", "OP2018_ROW": "20 m", "Shape__Length": 102.01428603188229}}, {"type": "Feature", "id": 4906, "geometry": {"type": "LineString", "coordinates": [[-89.2566583920872, 48.3784055826291], [-89.2566549416168, 48.377600564907]]}, "properties": {"OBJECTID": 4906, "ROAD_CLASS": null, "OP2002_ROW": "TBD", "OP2018_ROW": "20 m", "Shape__Length": 89.51135159277685}}, {"type": "Feature", "id": 4907, "geometry": {"type": "LineString", "coordinates": [[-89.2499978407194, 48.4115355652657], [-89.2499903869796, 48.4110436832794]]}, "properties": {"OBJECTID": 4907, "ROAD_CLASS": null, "OP2002_ROW": "24 m", "OP2018_ROW": "24 m", "Shape__Length": 54.69597559738507}}, {"type": "Feature", "id": 4908, "geometry": {"type": "LineString", "coordinates": [[-89.2566618274014, 48.3841219801248], [-89.2566700769189, 48.3832930100281]]}, "properties": {"OBJECTID": 4908, "ROAD_CLASS": null, "OP2002_ROW": "TBD", "OP2018_ROW": "20 m", "Shape__Length": 92.17639306926401}}, {"type": "Feature", "id": 4909, "geometry": {"type": "LineString", "coordinates": [[-89.2743913580328, 48.3742922437863], [-89.2757626130721, 48.3743067864646]]}, "properties": {"OBJECTID": 4909, "ROAD_CLASS": null, "OP2002_ROW": "30 m", "OP2018_ROW": "30 m", "Shape__Length": 101.5956334935253}}, {"type": "Feature", "id": 4910, "geometry": {"type": "LineString", "coordinates": [[-89.2730202733315, 48.374281474692], [-89.2743913580328, 48.3742922437863]]}, "properties": {"OBJECTID": 4910, "ROAD_CLASS": null, "OP2002_ROW": "30 m", "OP2018_ROW": "30 m", "Shape__Length": 101.5771861398526}}, {"type": "Feature", "id": 4911, "geometry": {"type": "LineString", "coordinates": [[-89.2403789424197, 48.3993167223835], [-89.2429273015661, 48.3973102583939], [-89.2430072266128, 48.3972415414333], [-89.2430935637697, 48.3971763552886], [-89.243185962174, 48.3971149648493], [-89.243284046336, 48.3970576195797], [-89.2454769383976, 48.3957695534296]]}, "properties": {"OBJECTID": 4911, "ROAD_CLASS": null, "OP2002_ROW": "TBD", "OP2018_ROW": "20 m", "Shape__Length": 547.3771269526135}}, {"type": "Feature", "id": 4912, "geometry": {"type": "LineString", "coordinates": [[-89.2525747045954, 48.3946705084891], [-89.252837815669, 48.3947503914167], [-89.2539055314433, 48.3951430940546]]}, "properties": {"OBJECTID": 4912, "ROAD_CLASS": null, "OP2002_ROW": "TBD", "OP2018_ROW": "20 m", "Shape__Length": 111.73290119047599}}, {"type": "Feature", "id": 4913, "geometry": {"type": "LineString", "coordinates": [[-89.2454769383976, 48.3957695534296], [-89.2457689331785, 48.3956141847423], [-89.246860632055, 48.3951673402083]]}, "properties": {"OBJECTID": 4913, "ROAD_CLASS": null, "OP2002_ROW": "TBD", "OP2018_ROW": "20 m", "Shape__Length": 122.56293704014183}}, {"type": "Feature", "id": 4914, "geometry": {"type": "LineString", "coordinates": [[-89.249682142462, 48.3946463045678], [-89.2510951521677, 48.3946408818558]]}, "properties": {"OBJECTID": 4914, "ROAD_CLASS": null, "OP2002_ROW": "TBD", "OP2018_ROW": "20 m", "Shape__Length": 104.6351690694008}}, {"type": "Feature", "id": 4915, "geometry": {"type": "LineString", "coordinates": [[-89.2510951521677, 48.3946408818558], [-89.2523033527014, 48.3946409737664], [-89.2523686322428, 48.3946430239472], [-89.252433524747, 48.3946481764553], [-89.2524976982237, 48.3946564049305], [-89.2525608243607, 48.3946676672756], [-89.2525747045954, 48.3946705084891]]}, "properties": {"OBJECTID": 4915, "ROAD_CLASS": null, "OP2002_ROW": "TBD", "OP2018_ROW": "20 m", "Shape__Length": 109.90407348967807}}, {"type": "Feature", "id": 4916, "geometry": {"type": "LineString", "coordinates": [[-89.2510559988225, 48.3920682209164], [-89.2510724695093, 48.3926197855449]]}, "properties": {"OBJECTID": 4916, "ROAD_CLASS": null, "OP2002_ROW": "26 m", "OP2018_ROW": "24 m", "Shape__Length": 61.34136673374869}}, {"type": "Feature", "id": 4917, "geometry": {"type": "LineString", "coordinates": [[-89.2510951521677, 48.3946408818558], [-89.2510506191065, 48.3987186409348]]}, "properties": {"OBJECTID": 4917, "ROAD_CLASS": null, "OP2002_ROW": "26 m", "OP2018_ROW": "24 m", "Shape__Length": 453.4240200225227}}, {"type": "Feature", "id": 4918, "geometry": {"type": "LineString", "coordinates": [[-89.2510724695093, 48.3926197855449], [-89.2510951521677, 48.3946408818558]]}, "properties": {"OBJECTID": 4918, "ROAD_CLASS": null, "OP2002_ROW": "26 m", "OP2018_ROW": "24 m", "Shape__Length": 224.73483859224183}}, {"type": "Feature", "id": 4919, "geometry": {"type": "LineString", "coordinates": [[-89.2450383177824, 48.3946940527144], [-89.2454742732374, 48.3944374680925]]}, "properties": {"OBJECTID": 4919, "ROAD_CLASS": null, "OP2002_ROW": "TBD", "OP2018_ROW": "20 m", "Shape__Length": 43.08270886381555}}, {"type": "Feature", "id": 4920, "geometry": {"type": "LineString", "coordinates": [[-89.2479911232602, 48.377605534552], [-89.2487923735467, 48.3767711266403]]}, "properties": {"OBJECTID": 4920, "ROAD_CLASS": null, "OP2002_ROW": "TBD", "OP2018_ROW": "20 m", "Shape__Length": 110.13922201775299}}, {"type": "Feature", "id": 4921, "geometry": {"type": "LineString", "coordinates": [[-89.2400942885888, 48.39470260303], [-89.2415069895554, 48.3946951628773]]}, "properties": {"OBJECTID": 4921, "ROAD_CLASS": null, "OP2002_ROW": "TBD", "OP2018_ROW": "20 m", "Shape__Length": 104.61342401587771}}, {"type": "Feature", "id": 4922, "geometry": {"type": "LineString", "coordinates": [[-89.2415069895554, 48.3946951628773], [-89.2419537291255, 48.3946883097007]]}, "properties": {"OBJECTID": 4922, "ROAD_CLASS": null, "OP2002_ROW": "TBD", "OP2018_ROW": "20 m", "Shape__Length": 33.08974247829138}}, {"type": "Feature", "id": 4923, "geometry": {"type": "LineString", "coordinates": [[-89.2807219666919, 48.3946416398436], [-89.2808611645555, 48.3946150640245], [-89.2809991507888, 48.3945858199427], [-89.2811358100902, 48.3945539320354], [-89.2812710282677, 48.3945194269491], [-89.2825902127144, 48.3941271365692]]}, "properties": {"OBJECTID": 4923, "ROAD_CLASS": null, "OP2002_ROW": "TBD", "OP2018_ROW": "24 m", "Shape__Length": 149.87670019518654}}, {"type": "Feature", "id": 4924, "geometry": {"type": "LineString", "coordinates": [[-89.2777449775022, 48.3940677631126], [-89.2784449877472, 48.394354556792], [-89.2785978046597, 48.3944172630653], [-89.2787174263626, 48.394462835018], [-89.2788402130087, 48.394504506861], [-89.2789658781084, 48.3945421813626], [-89.2790941284539, 48.3945757706176], [-89.2792246648035, 48.3946051962529], [-89.2793571825801, 48.39463038961], [-89.2794913725818, 48.3946512919059], [-89.2796269217037, 48.3946678543695], [-89.2797635136686, 48.3946800383562], [-89.2799008297655, 48.3946878154374], [-89.2800385495931, 48.3946911674673], [-89.2801763518079, 48.3946900866253], [-89.2803139148743, 48.3946845754338], [-89.2804509178147, 48.3946746467526], [-89.2805870409594, 48.394660323749], [-89.2807219666919, 48.3946416398436]]}, "properties": {"OBJECTID": 4924, "ROAD_CLASS": null, "OP2002_ROW": "TBD", "OP2018_ROW": "24 m", "Shape__Length": 237.4487319101624}}, {"type": "Feature", "id": 4925, "geometry": {"type": "LineString", "coordinates": [[-89.2510952362036, 48.3891914449941], [-89.2510624616609, 48.3900659894816]]}, "properties": {"OBJECTID": 4925, "ROAD_CLASS": null, "OP2002_ROW": "26 m", "OP2018_ROW": "24 m", "Shape__Length": 97.27206456424389}}, {"type": "Feature", "id": 4926, "geometry": {"type": "LineString", "coordinates": [[-89.2417169245352, 48.3886350613068], [-89.2431785497701, 48.3891710113364], [-89.2432330726575, 48.3891904166721], [-89.2432914669869, 48.3892039312008], [-89.2433523084525, 48.3892112252873], [-89.2434141130575, 48.3892121210203], [-89.2455210272007, 48.3892074169309]]}, "properties": {"OBJECTID": 4926, "ROAD_CLASS": null, "OP2002_ROW": "TBD", "OP2018_ROW": "20 m", "Shape__Length": 297.9309540817998}}, {"type": "Feature", "id": 4927, "geometry": {"type": "LineString", "coordinates": [[-89.2510624616609, 48.3900659894816], [-89.2510559988225, 48.3920682209164]]}, "properties": {"OBJECTID": 4927, "ROAD_CLASS": null, "OP2002_ROW": "26 m", "OP2018_ROW": "24 m", "Shape__Length": 222.63136994998632}}, {"type": "Feature", "id": 4928, "geometry": {"type": "LineString", "coordinates": [[-89.2477423866376, 48.378883749711], [-89.2477399950755, 48.3781950732587], [-89.2477394164615, 48.3780761137199], [-89.2477394751763, 48.3780510755011], [-89.2477397859455, 48.378038567536], [-89.2477400914916, 48.3780323191658], [-89.247740549918, 48.3780260768046], [-89.2477419578869, 48.3780138874944], [-89.2477438028259, 48.3780017148353], [-89.2477469387608, 48.3779834670877], [-89.2477569746622, 48.3779287565533], [-89.247759484016, 48.3779166437854], [-89.2477608781954, 48.3779106116667], [-89.247762421998, 48.3779046036155], [-89.2477641685261, 48.3778986293906], [-89.2477661980287, 48.3778927018192], [-89.2477685570159, 48.3778868649792], [-89.2477711935401, 48.3778810739993], [-89.2477740340993, 48.3778753159203], [-89.247780111142, 48.3778638658015], [-89.2477864806423, 48.3778524630502], [-89.2478127442348, 48.3778069959387], [-89.2478230119434, 48.3777900843526], [-89.2478303547947, 48.3777789792804], [-89.2478343065096, 48.3777735197867], [-89.2478385783115, 48.3777680603339], [-89.2478477057498, 48.3777573342561], [-89.2478621728029, 48.3777415057412], [-89.2479911232602, 48.377605534552]]}, "properties": {"OBJECTID": 4928, "ROAD_CLASS": null, "OP2002_ROW": "TBD", "OP2018_ROW": "20 m", "Shape__Length": 146.51672791385462}}, {"type": "Feature", "id": 4929, "geometry": {"type": "LineString", "coordinates": [[-89.286940809566, 48.3742971424181], [-89.2882065574878, 48.3742951155009]]}, "properties": {"OBJECTID": 4929, "ROAD_CLASS": null, "OP2002_ROW": "30 m", "OP2018_ROW": "30 m", "Shape__Length": 93.76741949051063}}, {"type": "Feature", "id": 4930, "geometry": {"type": "LineString", "coordinates": [[-89.2614150380846, 48.3743387039863], [-89.2621278948639, 48.3743394580281]]}, "properties": {"OBJECTID": 4930, "ROAD_CLASS": null, "OP2002_ROW": "TBD", "OP2018_ROW": "20 m", "Shape__Length": 52.80834021912549}}, {"type": "Feature", "id": 4931, "geometry": {"type": "LineString", "coordinates": [[-89.2508401780892, 48.3746395874463], [-89.251177905754, 48.3743267727337]]}, "properties": {"OBJECTID": 4931, "ROAD_CLASS": null, "OP2002_ROW": "TBD", "OP2018_ROW": "20 m", "Shape__Length": 42.84546550331033}}, {"type": "Feature", "id": 4932, "geometry": {"type": "LineString", "coordinates": [[-89.2621278948639, 48.3743394580281], [-89.262738122133, 48.374340101135]]}, "properties": {"OBJECTID": 4932, "ROAD_CLASS": null, "OP2002_ROW": "TBD", "OP2018_ROW": "20 m", "Shape__Length": 45.205567140489045}}, {"type": "Feature", "id": 4933, "geometry": {"type": "LineString", "coordinates": [[-89.2671344220519, 48.3769947311062], [-89.2679731834123, 48.3760229503999]]}, "properties": {"OBJECTID": 4933, "ROAD_CLASS": null, "OP2002_ROW": "26 m", "OP2018_ROW": "24 m", "Shape__Length": 124.64399075356802}}, {"type": "Feature", "id": 4934, "geometry": {"type": "LineString", "coordinates": [[-89.264211484675, 48.3804588203935], [-89.2644347424016, 48.3801792851478]]}, "properties": {"OBJECTID": 4934, "ROAD_CLASS": null, "OP2002_ROW": "26 m", "OP2018_ROW": "24 m", "Shape__Length": 35.207390725485}}, {"type": "Feature", "id": 4935, "geometry": {"type": "LineString", "coordinates": [[-89.2689089552798, 48.3772175779403], [-89.269761106038, 48.3762101303412]]}, "properties": {"OBJECTID": 4935, "ROAD_CLASS": null, "OP2002_ROW": "TBD", "OP2018_ROW": "24 m", "Shape__Length": 128.58121397626292}}, {"type": "Feature", "id": 4936, "geometry": {"type": "LineString", "coordinates": [[-89.2442725451542, 48.3946824456987], [-89.2450383177824, 48.3946940527144]]}, "properties": {"OBJECTID": 4936, "ROAD_CLASS": null, "OP2002_ROW": "TBD", "OP2018_ROW": "20 m", "Shape__Length": 56.720034185632315}}, {"type": "Feature", "id": 4937, "geometry": {"type": "LineString", "coordinates": [[-89.2430058549222, 48.394681898603], [-89.2442725451542, 48.3946824456987]]}, "properties": {"OBJECTID": 4937, "ROAD_CLASS": null, "OP2002_ROW": "TBD", "OP2018_ROW": "20 m", "Shape__Length": 93.79822543434109}}, {"type": "Feature", "id": 4938, "geometry": {"type": "LineString", "coordinates": [[-89.2477322302307, 48.3808501752131], [-89.2477404907828, 48.3792225632064]]}, "properties": {"OBJECTID": 4938, "ROAD_CLASS": null, "OP2002_ROW": "TBD", "OP2018_ROW": "20 m", "Shape__Length": 180.97693842148007}}, {"type": "Feature", "id": 4939, "geometry": {"type": "LineString", "coordinates": [[-89.251177905754, 48.3743267727337], [-89.2524692310796, 48.374321549999]]}, "properties": {"OBJECTID": 4939, "ROAD_CLASS": null, "OP2002_ROW": "TBD", "OP2018_ROW": "20 m", "Shape__Length": 95.66259773570347}}, {"type": "Feature", "id": 4940, "geometry": {"type": "LineString", "coordinates": [[-89.2785373686258, 48.3743065845476], [-89.2813981469204, 48.3743050893895]]}, "properties": {"OBJECTID": 4940, "ROAD_CLASS": null, "OP2002_ROW": "30 m", "OP2018_ROW": "30 m", "Shape__Length": 211.92721119786805}}, {"type": "Feature", "id": 4941, "geometry": {"type": "LineString", "coordinates": [[-89.268146661982, 48.3781203529991], [-89.2689089552798, 48.3772175779403]]}, "properties": {"OBJECTID": 4941, "ROAD_CLASS": null, "OP2002_ROW": "TBD", "OP2018_ROW": "24 m", "Shape__Length": 115.17327962106354}}, {"type": "Feature", "id": 4942, "geometry": {"type": "LineString", "coordinates": [[-89.2539056866762, 48.3743201676155], [-89.2552744259535, 48.3743331695466]]}, "properties": {"OBJECTID": 4942, "ROAD_CLASS": null, "OP2002_ROW": "TBD", "OP2018_ROW": "20 m", "Shape__Length": 101.40601401937003}}, {"type": "Feature", "id": 4943, "geometry": {"type": "LineString", "coordinates": [[-89.2524692310796, 48.374321549999], [-89.2539056866762, 48.3743201676155]]}, "properties": {"OBJECTID": 4943, "ROAD_CLASS": null, "OP2002_ROW": "TBD", "OP2018_ROW": "20 m", "Shape__Length": 106.41218625916811}}, {"type": "Feature", "id": 4944, "geometry": {"type": "LineString", "coordinates": [[-89.269761106038, 48.3762101303412], [-89.271377119656, 48.3742912208269]]}, "properties": {"OBJECTID": 4944, "ROAD_CLASS": null, "OP2002_ROW": "TBD", "OP2018_ROW": "24 m", "Shape__Length": 244.65572845294548}}, {"type": "Feature", "id": 4945, "geometry": {"type": "LineString", "coordinates": [[-89.2666100742629, 48.3799014259051], [-89.267369179347, 48.3790068724246]]}, "properties": {"OBJECTID": 4945, "ROAD_CLASS": null, "OP2002_ROW": "TBD", "OP2018_ROW": "24 m", "Shape__Length": 114.25999130999129}}, {"type": "Feature", "id": 4946, "geometry": {"type": "LineString", "coordinates": [[-89.2666120884767, 48.3775993031033], [-89.2671344220519, 48.3769947311062]]}, "properties": {"OBJECTID": 4946, "ROAD_CLASS": null, "OP2002_ROW": "26 m", "OP2018_ROW": "24 m", "Shape__Length": 77.56329554076326}}, {"type": "Feature", "id": 4947, "geometry": {"type": "LineString", "coordinates": [[-89.267369179347, 48.3790068724246], [-89.268146661982, 48.3781203529991]]}, "properties": {"OBJECTID": 4947, "ROAD_CLASS": null, "OP2002_ROW": "TBD", "OP2018_ROW": "24 m", "Shape__Length": 114.1643086572683}}, {"type": "Feature", "id": 4948, "geometry": {"type": "LineString", "coordinates": [[-89.2771330199891, 48.3743023890881], [-89.2785373686258, 48.3743065845476]]}, "properties": {"OBJECTID": 4948, "ROAD_CLASS": null, "OP2002_ROW": "30 m", "OP2018_ROW": "30 m", "Shape__Length": 104.0354662240853}}, {"type": "Feature", "id": 4949, "geometry": {"type": "LineString", "coordinates": [[-89.2640953095806, 48.3743351827811], [-89.2647675071372, 48.374337177175]]}, "properties": {"OBJECTID": 4949, "ROAD_CLASS": null, "OP2002_ROW": "TBD", "OP2018_ROW": "20 m", "Shape__Length": 49.79678437837174}}, {"type": "Feature", "id": 4950, "geometry": {"type": "LineString", "coordinates": [[-89.2477404907828, 48.3792225632064], [-89.2477423866376, 48.378883749711]]}, "properties": {"OBJECTID": 4950, "ROAD_CLASS": null, "OP2002_ROW": "TBD", "OP2018_ROW": "20 m", "Shape__Length": 37.6732874772325}}, {"type": "Feature", "id": 4951, "geometry": {"type": "LineString", "coordinates": [[-89.2304621277257, 48.4081229165008], [-89.2304583126316, 48.406414776857]]}, "properties": {"OBJECTID": 4951, "ROAD_CLASS": null, "OP2002_ROW": "30 m", "OP2018_ROW": "30 m", "Shape__Length": 189.92991270367753}}, {"type": "Feature", "id": 4952, "geometry": {"type": "LineString", "coordinates": [[-89.3050596213599, 48.3894430701658], [-89.3049318849695, 48.3893572263366], [-89.3048162528193, 48.3892814103117], [-89.3047033905214, 48.3892037648903], [-89.3045933632918, 48.3891243349472], [-89.3044862347065, 48.3890431663878], [-89.3043820666657, 48.3889603061225], [-89.3042809193577, 48.3888758020391], [-89.304182851224, 48.388789702975], [-89.3040879189257, 48.3887020586893], [-89.3039886140237, 48.3886056929845]]}, "properties": {"OBJECTID": 4952, "ROAD_CLASS": null, "OP2002_ROW": "TBD", "OP2018_ROW": "24 m", "Shape__Length": 122.57209495818647}}, {"type": "Feature", "id": 4953, "geometry": {"type": "LineString", "coordinates": [[-89.228120996081, 48.4132905003511], [-89.2282949871988, 48.4132510911117], [-89.2284662837491, 48.41320675819], [-89.2286345715001, 48.4131575829144], [-89.2287995417421, 48.4131036554961], [-89.2289608918541, 48.4130450748638], [-89.2291183258592, 48.412981948482], [-89.2292715549676, 48.4129143921535], [-89.2294202981066, 48.4128425298073], [-89.2301902722542, 48.4124589677853], [-89.2302505159702, 48.412423460683], [-89.2303043048614, 48.4123836238109], [-89.2303509413329, 48.4123399738304], [-89.2303898205577, 48.4122930768552], [-89.2304204383194, 48.412243541109], [-89.2304423975513, 48.4121920090366], [-89.2304554134849, 48.4121391489719], [-89.2304593173413, 48.4120856464698], [-89.2304621277257, 48.4081229165008]]}, "properties": {"OBJECTID": 4953, "ROAD_CLASS": null, "OP2002_ROW": "30 m", "OP2018_ROW": "30 m", "Shape__Length": 668.3227418671437}}, {"type": "Feature", "id": 4954, "geometry": {"type": "LineString", "coordinates": [[-89.3040417893016, 48.3866862223727], [-89.3043137840506, 48.3864334166387], [-89.3045839291273, 48.3862423211142]]}, "properties": {"OBJECTID": 4954, "ROAD_CLASS": null, "OP2002_ROW": "TBD", "OP2018_ROW": "24 m", "Shape__Length": 63.769025308845826}}, {"type": "Feature", "id": 4955, "geometry": {"type": "LineString", "coordinates": [[-89.2234017896649, 48.3962147135543], [-89.2233766380582, 48.394737744896]]}, "properties": {"OBJECTID": 4955, "ROAD_CLASS": null, "OP2002_ROW": "30 m", "OP2018_ROW": "30 m", "Shape__Length": 164.2354761670999}}, {"type": "Feature", "id": 4956, "geometry": {"type": "LineString", "coordinates": [[-89.3045839291273, 48.3862423211142], [-89.3048293094083, 48.3861201171015], [-89.304903729864, 48.3860810235363], [-89.3049801685268, 48.3860436976411], [-89.3050585308054, 48.3860081856036], [-89.305138719729, 48.3859745313668], [-89.3052206360671, 48.385942776575], [-89.3053041784522, 48.3859129605217], [-89.3053892435053, 48.3858851201015], [-89.3054757259637, 48.3858592897642], [-89.3055635188115, 48.3858355014722], [-89.3056525134116, 48.3858137846611], [-89.3057425996404, 48.3857941662031], [-89.3058336660241, 48.385776670374], [-89.305925599876, 48.385761318823], [-89.3060182874369, 48.3857481305457], [-89.3061116140148, 48.3857371218612], [-89.3062054641276, 48.3857283063914], [-89.3084739217594, 48.3855767743113]]}, "properties": {"OBJECTID": 4956, "ROAD_CLASS": null, "OP2002_ROW": "TBD", "OP2018_ROW": "24 m", "Shape__Length": 303.86787443660864}}, {"type": "Feature", "id": 4957, "geometry": {"type": "LineString", "coordinates": [[-89.3076367261479, 48.3890542871124], [-89.306533343522, 48.3890690874503], [-89.3064085272403, 48.3890769451906], [-89.3062844393941, 48.3890888690712], [-89.3061613783923, 48.3891048304181], [-89.3060396401752, 48.3891247908475], [-89.3059195175028, 48.3891487023586], [-89.3058012992515, 48.3891765074489], [-89.3056852697193, 48.3892081392523], [-89.3055717079419, 48.3892435217002], [-89.3050596213599, 48.3894430701658]]}, "properties": {"OBJECTID": 4957, "ROAD_CLASS": null, "OP2002_ROW": "TBD", "OP2018_ROW": "24 m", "Shape__Length": 199.95870302855892}}, {"type": "Feature", "id": 4958, "geometry": {"type": "LineString", "coordinates": [[-89.3100750998564, 48.3890499366105], [-89.3088575466872, 48.3890554802604]]}, "properties": {"OBJECTID": 4958, "ROAD_CLASS": null, "OP2002_ROW": "TBD", "OP2018_ROW": "24 m", "Shape__Length": 90.17349346454468}}, {"type": "Feature", "id": 4959, "geometry": {"type": "LineString", "coordinates": [[-89.3139165778867, 48.3876535507548], [-89.3140961295601, 48.3878638931], [-89.3141480137775, 48.3879578054349], [-89.3141930887625, 48.388053264451], [-89.314231251119, 48.3881500512585], [-89.3142624133001, 48.3882479439218], [-89.3142865038091, 48.3883467179683], [-89.314303467364, 48.3884461469032], [-89.3143132650244, 48.3885460027286], [-89.3143158742815, 48.3886460564661], [-89.3143226315216, 48.3890344927756]]}, "properties": {"OBJECTID": 4959, "ROAD_CLASS": null, "OP2002_ROW": "TBD", "OP2018_ROW": "24 m", "Shape__Length": 159.1237378834817}}, {"type": "Feature", "id": 4960, "geometry": {"type": "LineString", "coordinates": [[-89.2840935561761, 48.3743200440971], [-89.2840973135719, 48.3743140106286], [-89.2841017414306, 48.374308182523], [-89.2841068146702, 48.3743025927941], [-89.2841125045527, 48.3742972731052], [-89.2841187788471, 48.3742922535901], [-89.2841256020122, 48.3742875626821], [-89.2841329353977, 48.3742832269533], [-89.2841407374628, 48.3742792709634], [-89.2841489640124, 48.3742757171216], [-89.2841575684466, 48.3742725855587], [-89.2841665020249, 48.3742698940137], [-89.2841757141426, 48.3742676577329], [-89.2841851526172, 48.3742658893839], [-89.2841947639838, 48.3742645989835], [-89.2842044937983, 48.3742637938414], [-89.2842142869458, 48.3742634785183], [-89.2842240879523, 48.3742636548003], [-89.2842338412996, 48.3742643216889], [-89.2842434917394, 48.3742654754065], [-89.2842529846062, 48.3742671094177], [-89.284262266127, 48.3742692144666], [-89.2842712837264, 48.3742717786291], [-89.2842799863235, 48.3742747873802], [-89.2842883246219, 48.3742782236768], [-89.2842962513888, 48.3742820680538], [-89.2843037217224, 48.3742862987344], [-89.2843106933066, 48.3742908917538], [-89.2843171266502, 48.3742958210944], [-89.284322985311, 48.3743010588338], [-89.284328236102, 48.3743065753024], [-89.2843328492797, 48.3743123392518], [-89.2843367987121, 48.3743183180317]]}, "properties": {"OBJECTID": 4960, "ROAD_CLASS": null, "OP2002_ROW": "30 m", "OP2018_ROW": "30 m", "Shape__Length": 23.247953686476997}}, {"type": "Feature", "id": 4961, "geometry": {"type": "LineString", "coordinates": [[-89.2840935561761, 48.3743200440971], [-89.2840967630902, 48.3743265498431], [-89.2841007548589, 48.3743328599063], [-89.2841055049457, 48.3743389323382], [-89.2841109817732, 48.3743447267703], [-89.2841171489324, 48.3743502046821], [-89.2841239654252, 48.3743553296573], [-89.2841313859367, 48.3743600676258], [-89.2841393611367, 48.3743643870903], [-89.2841478380073, 48.3743682593356], [-89.2841567601955, 48.3743716586197], [-89.2841660683882, 48.3743745623445], [-89.2841757007056, 48.3743769512065], [-89.2841855931137, 48.3743788093249], [-89.284195679849, 48.3743801243472], [-89.2842058938563, 48.3743808875313], [-89.2842161672345, 48.3743810938037], [-89.2842264316874, 48.3743807417931], [-89.2842366189784, 48.3743798338397], [-89.2842466613838, 48.3743783759793], [-89.2842564921432, 48.3743763779036], [-89.284266045903, 48.3743738528956], [-89.2842752591512, 48.3743708177412], [-89.2842840706396, 48.3743672926177], [-89.2842924217908, 48.3743633009595], [-89.2843002570876, 48.3743588693026], [-89.2843075244422, 48.3743540271081], [-89.2843141755426, 48.3743488065661], [-89.2843201661734, 48.3743432423821], [-89.2843254565101, 48.3743373715458], [-89.2843300113835, 48.3743312330856], [-89.2843338005139, 48.3743248678092], [-89.2843367987121, 48.3743183180317]]}, "properties": {"OBJECTID": 4961, "ROAD_CLASS": null, "OP2002_ROW": "30 m", "OP2018_ROW": "30 m", "Shape__Length": 24.371545368563844}}, {"type": "Feature", "id": 4962, "geometry": {"type": "LineString", "coordinates": [[-89.2271657720734, 48.4397095935655], [-89.2282482612737, 48.4402063748066]]}, "properties": {"OBJECTID": 4962, "ROAD_CLASS": null, "OP2002_ROW": "TBD", "OP2018_ROW": "20 m", "Shape__Length": 97.28862965112175}}, {"type": "Feature", "id": 4963, "geometry": {"type": "LineString", "coordinates": [[-89.2260526062826, 48.4392009265065], [-89.2271657720734, 48.4397095935655]]}, "properties": {"OBJECTID": 4963, "ROAD_CLASS": null, "OP2002_ROW": "TBD", "OP2018_ROW": "20 m", "Shape__Length": 99.90811060917753}}, {"type": "Feature", "id": 4964, "geometry": {"type": "LineString", "coordinates": [[-89.2249489813537, 48.4386965988064], [-89.2260526062826, 48.4392009265065]]}, "properties": {"OBJECTID": 4964, "ROAD_CLASS": null, "OP2002_ROW": "TBD", "OP2018_ROW": "20 m", "Shape__Length": 99.05372310526415}}, {"type": "Feature", "id": 4965, "geometry": {"type": "LineString", "coordinates": [[-89.2423635703867, 48.4445614419012], [-89.2434832840844, 48.4448645764813]]}, "properties": {"OBJECTID": 4965, "ROAD_CLASS": null, "OP2002_ROW": "TBD", "OP2018_ROW": "20 m", "Shape__Length": 89.42844985032632}}, {"type": "Feature", "id": 4966, "geometry": {"type": "LineString", "coordinates": [[-89.2481517871641, 48.4208556125784], [-89.2485770247838, 48.4208472474791]]}, "properties": {"OBJECTID": 4966, "ROAD_CLASS": null, "OP2002_ROW": "26 m", "OP2018_ROW": "24 m", "Shape__Length": 31.486400534018486}}, {"type": "Feature", "id": 4967, "geometry": {"type": "LineString", "coordinates": [[-89.2472976950835, 48.4208760985372], [-89.2481517871641, 48.4208556125784]]}, "properties": {"OBJECTID": 4967, "ROAD_CLASS": null, "OP2002_ROW": "26 m", "OP2018_ROW": "24 m", "Shape__Length": 63.25400570462706}}, {"type": "Feature", "id": 4968, "geometry": {"type": "LineString", "coordinates": [[-89.214445572182, 48.4565868382719], [-89.2144732150285, 48.4569102025589]]}, "properties": {"OBJECTID": 4968, "ROAD_CLASS": null, "OP2002_ROW": "TBD", "OP2018_ROW": "20 m", "Shape__Length": 36.013381013076334}}, {"type": "Feature", "id": 4969, "geometry": {"type": "LineString", "coordinates": [[-89.2439876312452, 48.4457686716548], [-89.2430473170879, 48.4462011303027]]}, "properties": {"OBJECTID": 4969, "ROAD_CLASS": null, "OP2002_ROW": "TBD", "OP2018_ROW": "20 m", "Shape__Length": 84.56275662549889}}, {"type": "Feature", "id": 4970, "geometry": {"type": "LineString", "coordinates": [[-89.2622195512894, 48.447662942393], [-89.2642943257855, 48.4466773458412]]}, "properties": {"OBJECTID": 4970, "ROAD_CLASS": null, "OP2002_ROW": "TBD", "OP2018_ROW": "24 m", "Shape__Length": 188.5899567858176}}, {"type": "Feature", "id": 4971, "geometry": {"type": "LineString", "coordinates": [[-89.2144732150285, 48.4569102025589], [-89.2145142512221, 48.4581600252924]]}, "properties": {"OBJECTID": 4971, "ROAD_CLASS": null, "OP2002_ROW": "TBD", "OP2018_ROW": "20 m", "Shape__Length": 139.0026027632481}}, {"type": "Feature", "id": 4972, "geometry": {"type": "LineString", "coordinates": [[-89.24435083121, 48.4455926718368], [-89.2439876312452, 48.4457686716548]]}, "properties": {"OBJECTID": 4972, "ROAD_CLASS": null, "OP2002_ROW": "TBD", "OP2018_ROW": "20 m", "Shape__Length": 33.2395239503354}}, {"type": "Feature", "id": 4973, "geometry": {"type": "LineString", "coordinates": [[-89.2184551478627, 48.4603747713644], [-89.2197008060799, 48.4603566916725]]}, "properties": {"OBJECTID": 4973, "ROAD_CLASS": null, "OP2002_ROW": "TBD", "OP2018_ROW": "24 m", "Shape__Length": 92.14317306431752}}, {"type": "Feature", "id": 4974, "geometry": {"type": "LineString", "coordinates": [[-89.2142784070546, 48.4527572464123], [-89.2143113671835, 48.45351237788]]}, "properties": {"OBJECTID": 4974, "ROAD_CLASS": null, "OP2002_ROW": "TBD", "OP2018_ROW": "20 m", "Shape__Length": 83.99940039155777}}, {"type": "Feature", "id": 4975, "geometry": {"type": "LineString", "coordinates": [[-89.2374777723563, 48.4432456928982], [-89.2387394651926, 48.4435786899726]]}, "properties": {"OBJECTID": 4975, "ROAD_CLASS": null, "OP2002_ROW": "TBD", "OP2018_ROW": "20 m", "Shape__Length": 100.41452282146955}}, {"type": "Feature", "id": 4976, "geometry": {"type": "LineString", "coordinates": [[-89.2159205596519, 48.460410061103], [-89.2171272666084, 48.4603940939237]]}, "properties": {"OBJECTID": 4976, "ROAD_CLASS": null, "OP2002_ROW": "TBD", "OP2018_ROW": "24 m", "Shape__Length": 89.25817174003929}}, {"type": "Feature", "id": 4977, "geometry": {"type": "LineString", "coordinates": [[-89.2495681781062, 48.4607515964956], [-89.2495567129865, 48.4602659047574], [-89.2495605375914, 48.4601860463795], [-89.2495699142141, 48.4601063912597], [-89.2495848227394, 48.4600271100573], [-89.2496052312005, 48.4599483726293]]}, "properties": {"OBJECTID": 4977, "ROAD_CLASS": null, "OP2002_ROW": "TBD", "OP2018_ROW": "20 m", "Shape__Length": 89.5517828574898}}, {"type": "Feature", "id": 4978, "geometry": {"type": "LineString", "coordinates": [[-89.2127783834886, 48.4461611529139], [-89.2139551586049, 48.4468972512768]]}, "properties": {"OBJECTID": 4978, "ROAD_CLASS": null, "OP2002_ROW": "TBD", "OP2018_ROW": "20 m", "Shape__Length": 119.48570098669788}}, {"type": "Feature", "id": 4979, "geometry": {"type": "LineString", "coordinates": [[-89.2049265418576, 48.4482678843774], [-89.2036607483926, 48.4487060956047]]}, "properties": {"OBJECTID": 4979, "ROAD_CLASS": null, "OP2002_ROW": "TBD", "OP2018_ROW": "20 m", "Shape__Length": 105.55112456096633}}, {"type": "Feature", "id": 4980, "geometry": {"type": "LineString", "coordinates": [[-89.2402893082539, 48.4479732685812], [-89.2398046106055, 48.4487736047841]]}, "properties": {"OBJECTID": 4980, "ROAD_CLASS": null, "OP2002_ROW": "TBD", "OP2018_ROW": "20 m", "Shape__Length": 95.9421902011541}}, {"type": "Feature", "id": 4981, "geometry": {"type": "LineString", "coordinates": [[-89.2147944428186, 48.4424384171972], [-89.2143800648471, 48.4427341700415]]}, "properties": {"OBJECTID": 4981, "ROAD_CLASS": null, "OP2002_ROW": "TBD", "OP2018_ROW": "20 m", "Shape__Length": 44.95763733070542}}, {"type": "Feature", "id": 4982, "geometry": {"type": "LineString", "coordinates": [[-89.2259174275201, 48.4302327980338], [-89.2262277704592, 48.4303710159276]]}, "properties": {"OBJECTID": 4982, "ROAD_CLASS": null, "OP2002_ROW": "TBD", "OP2018_ROW": "20 m", "Shape__Length": 27.632776720494938}}, {"type": "Feature", "id": 4983, "geometry": {"type": "LineString", "coordinates": [[-89.2287878821642, 48.429216075996], [-89.2305179982335, 48.4275103442316]]}, "properties": {"OBJECTID": 4983, "ROAD_CLASS": null, "OP2002_ROW": "TBD", "OP2018_ROW": "20 m", "Shape__Length": 228.83067468420566}}, {"type": "Feature", "id": 4984, "geometry": {"type": "LineString", "coordinates": [[-89.1987522702487, 48.4505997904119], [-89.1976682863316, 48.4511784069802]]}, "properties": {"OBJECTID": 4984, "ROAD_CLASS": null, "OP2002_ROW": "TBD", "OP2018_ROW": "20 m", "Shape__Length": 102.80043824567987}}, {"type": "Feature", "id": 4985, "geometry": {"type": "LineString", "coordinates": [[-89.2601127208909, 48.4486258350174], [-89.2622195512894, 48.447662942393]]}, "properties": {"OBJECTID": 4985, "ROAD_CLASS": null, "OP2002_ROW": "TBD", "OP2018_ROW": "24 m", "Shape__Length": 189.08135890804667}}, {"type": "Feature", "id": 4986, "geometry": {"type": "LineString", "coordinates": [[-89.2577594767685, 48.4392400721126], [-89.2587793308135, 48.4387858493722]]}, "properties": {"OBJECTID": 4986, "ROAD_CLASS": null, "OP2002_ROW": "TBD", "OP2018_ROW": "20 m", "Shape__Length": 90.79802287501934}}, {"type": "Feature", "id": 4987, "geometry": {"type": "LineString", "coordinates": [[-89.1965568572981, 48.4517485399872], [-89.1951189089653, 48.4525180629603]]}, "properties": {"OBJECTID": 4987, "ROAD_CLASS": null, "OP2002_ROW": "TBD", "OP2018_ROW": "20 m", "Shape__Length": 136.5036431902113}}, {"type": "Feature", "id": 4988, "geometry": {"type": "LineString", "coordinates": [[-89.1976682863316, 48.4511784069802], [-89.1965568572981, 48.4517485399872]]}, "properties": {"OBJECTID": 4988, "ROAD_CLASS": null, "OP2002_ROW": "TBD", "OP2018_ROW": "20 m", "Shape__Length": 103.81203735402379}}, {"type": "Feature", "id": 4989, "geometry": {"type": "LineString", "coordinates": [[-89.2192558726291, 48.4384562972509], [-89.2185178064178, 48.4391572172088]]}, "properties": {"OBJECTID": 4989, "ROAD_CLASS": null, "OP2002_ROW": "TBD", "OP2018_ROW": "20 m", "Shape__Length": 95.16221554513187}}, {"type": "Feature", "id": 4990, "geometry": {"type": "LineString", "coordinates": [[-89.2362275576176, 48.4429031340657], [-89.2373891473797, 48.4432215036714], [-89.2374777723563, 48.4432456928982]]}, "properties": {"OBJECTID": 4990, "ROAD_CLASS": null, "OP2002_ROW": "TBD", "OP2018_ROW": "20 m", "Shape__Length": 100.02626065404048}}, {"type": "Feature", "id": 4991, "geometry": {"type": "LineString", "coordinates": [[-89.2473562486058, 48.4442033120645], [-89.2461797671107, 48.4447398058056]]}, "properties": {"OBJECTID": 4991, "ROAD_CLASS": null, "OP2002_ROW": "TBD", "OP2018_ROW": "20 m", "Shape__Length": 105.51481603898327}}, {"type": "Feature", "id": 4992, "geometry": {"type": "LineString", "coordinates": [[-89.2483871749594, 48.4436121738633], [-89.2502270939614, 48.442741657684]]}, "properties": {"OBJECTID": 4992, "ROAD_CLASS": null, "OP2002_ROW": "TBD", "OP2018_ROW": "20 m", "Shape__Length": 167.02352261600936}}, {"type": "Feature", "id": 4993, "geometry": {"type": "LineString", "coordinates": [[-89.2449666955972, 48.4452983755107], [-89.24435083121, 48.4455926718368]]}, "properties": {"OBJECTID": 4993, "ROAD_CLASS": null, "OP2002_ROW": "TBD", "OP2018_ROW": "20 m", "Shape__Length": 56.093396027143164}}, {"type": "Feature", "id": 4994, "geometry": {"type": "LineString", "coordinates": [[-89.2407676209397, 48.447267501969], [-89.2407410057554, 48.4472889679973], [-89.2407169787395, 48.4473117452088], [-89.2406956852402, 48.4473356958189], [-89.240677254071, 48.4473606749451], [-89.2402893082539, 48.4479732685812]]}, "properties": {"OBJECTID": 4994, "ROAD_CLASS": null, "OP2002_ROW": "TBD", "OP2018_ROW": "20 m", "Shape__Length": 86.29334032474766}}, {"type": "Feature", "id": 4995, "geometry": {"type": "LineString", "coordinates": [[-89.2557347433874, 48.450626950457], [-89.2581890474509, 48.4495107148657]]}, "properties": {"OBJECTID": 4995, "ROAD_CLASS": null, "OP2002_ROW": "TBD", "OP2018_ROW": "24 m", "Shape__Length": 219.9166234155437}}, {"type": "Feature", "id": 4996, "geometry": {"type": "LineString", "coordinates": [[-89.2132449382973, 48.4435443182591], [-89.2125678055728, 48.4440858351539], [-89.2121301949338, 48.4444612567098]]}, "properties": {"OBJECTID": 4996, "ROAD_CLASS": null, "OP2002_ROW": "TBD", "OP2018_ROW": "20 m", "Shape__Length": 131.15023680716945}}, {"type": "Feature", "id": 4997, "geometry": {"type": "LineString", "coordinates": [[-89.2305179982335, 48.4275103442316], [-89.2310529556802, 48.4270449936552]]}, "properties": {"OBJECTID": 4997, "ROAD_CLASS": null, "OP2002_ROW": "TBD", "OP2018_ROW": "20 m", "Shape__Length": 65.15017696911704}}, {"type": "Feature", "id": 4998, "geometry": {"type": "LineString", "coordinates": [[-89.2262277704592, 48.4303710159276], [-89.2264313867632, 48.4304638300181]]}, "properties": {"OBJECTID": 4998, "ROAD_CLASS": null, "OP2002_ROW": "TBD", "OP2018_ROW": "20 m", "Shape__Length": 18.26259781533541}}, {"type": "Feature", "id": 4999, "geometry": {"type": "LineString", "coordinates": [[-89.2496220291058, 48.4626115865085], [-89.2495820454713, 48.4614184817862]]}, "properties": {"OBJECTID": 4999, "ROAD_CLASS": null, "OP2002_ROW": "TBD", "OP2018_ROW": "20 m", "Shape__Length": 132.6973549736217}}, {"type": "Feature", "id": 5000, "geometry": {"type": "LineString", "coordinates": [[-89.2430473170879, 48.4462011303027], [-89.2425634906105, 48.4464216679484]]}, "properties": {"OBJECTID": 5000, "ROAD_CLASS": null, "OP2002_ROW": "TBD", "OP2018_ROW": "20 m", "Shape__Length": 43.385762700005905}}, {"type": "Feature", "id": 5001, "geometry": {"type": "LineString", "coordinates": [[-89.2171272666084, 48.4603940939237], [-89.2184551478627, 48.4603747713644]]}, "properties": {"OBJECTID": 5001, "ROAD_CLASS": null, "OP2002_ROW": "TBD", "OP2018_ROW": "24 m", "Shape__Length": 98.22537864182718}}, {"type": "Feature", "id": 5002, "geometry": {"type": "LineString", "coordinates": [[-89.2386937045355, 48.4484771170007], [-89.2398046106055, 48.4487736047841]]}, "properties": {"OBJECTID": 5002, "ROAD_CLASS": null, "OP2002_ROW": "TBD", "OP2018_ROW": "20 m", "Shape__Length": 88.54151381736962}}, {"type": "Feature", "id": 5003, "geometry": {"type": "LineString", "coordinates": [[-89.2011024702131, 48.4495919857024], [-89.1998771616991, 48.4500293793144]]}, "properties": {"OBJECTID": 5003, "ROAD_CLASS": null, "OP2002_ROW": "TBD", "OP2018_ROW": "20 m", "Shape__Length": 102.85868024350167}}, {"type": "Feature", "id": 5004, "geometry": {"type": "LineString", "coordinates": [[-89.2121301949338, 48.4444612567098], [-89.2116920634058, 48.444833083154], [-89.2112338332574, 48.4451951246199]]}, "properties": {"OBJECTID": 5004, "ROAD_CLASS": null, "OP2002_ROW": "TBD", "OP2018_ROW": "20 m", "Shape__Length": 105.16090771778985}}, {"type": "Feature", "id": 5005, "geometry": {"type": "LineString", "coordinates": [[-89.2143381057696, 48.4541249700063], [-89.2144180995392, 48.4557509697613]]}, "properties": {"OBJECTID": 5005, "ROAD_CLASS": null, "OP2002_ROW": "TBD", "OP2018_ROW": "20 m", "Shape__Length": 180.8937928052989}}, {"type": "Feature", "id": 5006, "geometry": {"type": "LineString", "coordinates": [[-89.2387394651926, 48.4435786899726], [-89.239997903631, 48.4439240476424]]}, "properties": {"OBJECTID": 5006, "ROAD_CLASS": null, "OP2002_ROW": "TBD", "OP2018_ROW": "20 m", "Shape__Length": 100.70625747291953}}, {"type": "Feature", "id": 5007, "geometry": {"type": "LineString", "coordinates": [[-89.2424854517676, 48.4595776925356], [-89.2425042985532, 48.4601715583083], [-89.2425038047889, 48.4601950228391], [-89.2425000804972, 48.4602183585691], [-89.242493157008, 48.4602413691627], [-89.2424830925678, 48.4602638610201]]}, "properties": {"OBJECTID": 5007, "ROAD_CLASS": null, "OP2002_ROW": "26 m", "OP2018_ROW": "20 m", "Shape__Length": 76.48900607877671}}, {"type": "Feature", "id": 5008, "geometry": {"type": "LineString", "coordinates": [[-89.2036607483926, 48.4487060956047], [-89.2023814261876, 48.4491445535999]]}, "properties": {"OBJECTID": 5008, "ROAD_CLASS": null, "OP2002_ROW": "TBD", "OP2018_ROW": "20 m", "Shape__Length": 106.45165148465155}}, {"type": "Feature", "id": 5009, "geometry": {"type": "LineString", "coordinates": [[-89.2145495706821, 48.4589690862182], [-89.2145980165056, 48.4597688943676]]}, "properties": {"OBJECTID": 5009, "ROAD_CLASS": null, "OP2002_ROW": "TBD", "OP2018_ROW": "20 m", "Shape__Length": 89.00391155455424}}, {"type": "Feature", "id": 5010, "geometry": {"type": "LineString", "coordinates": [[-89.2642943257855, 48.4466773458412], [-89.2661622351282, 48.4458198935386]]}, "properties": {"OBJECTID": 5010, "ROAD_CLASS": null, "OP2002_ROW": "TBD", "OP2018_ROW": "24 m", "Shape__Length": 167.8801330818907}}, {"type": "Feature", "id": 5011, "geometry": {"type": "LineString", "coordinates": [[-89.2231658668175, 48.4378892224414], [-89.2249489813537, 48.4386965988064]]}, "properties": {"OBJECTID": 5011, "ROAD_CLASS": null, "OP2002_ROW": "TBD", "OP2018_ROW": "20 m", "Shape__Length": 159.5731824089824}}, {"type": "Feature", "id": 5012, "geometry": {"type": "LineString", "coordinates": [[-89.2461797671107, 48.4447398058056], [-89.2449666955972, 48.4452983755107]]}, "properties": {"OBJECTID": 5012, "ROAD_CLASS": null, "OP2002_ROW": "TBD", "OP2018_ROW": "20 m", "Shape__Length": 109.13560336946874}}, {"type": "Feature", "id": 5013, "geometry": {"type": "LineString", "coordinates": [[-89.2249960055443, 48.4297851897781], [-89.2253598708049, 48.4299804064101]]}, "properties": {"OBJECTID": 5013, "ROAD_CLASS": null, "OP2002_ROW": "TBD", "OP2018_ROW": "20 m", "Shape__Length": 34.585318778069926}}, {"type": "Feature", "id": 5014, "geometry": {"type": "LineString", "coordinates": [[-89.2345915294879, 48.4424603661327], [-89.2362275576176, 48.4429031340657]]}, "properties": {"OBJECTID": 5014, "ROAD_CLASS": null, "OP2002_ROW": "TBD", "OP2018_ROW": "20 m", "Shape__Length": 130.66311942868373}}, {"type": "Feature", "id": 5015, "geometry": {"type": "LineString", "coordinates": [[-89.2272093578264, 48.4308145018137], [-89.2282684407847, 48.4312694179952]]}, "properties": {"OBJECTID": 5015, "ROAD_CLASS": null, "OP2002_ROW": "TBD", "OP2018_ROW": "20 m", "Shape__Length": 93.27513892056632}}, {"type": "Feature", "id": 5016, "geometry": {"type": "LineString", "coordinates": [[-89.2255944076245, 48.4323492801055], [-89.2272093578264, 48.4308145018137]]}, "properties": {"OBJECTID": 5016, "ROAD_CLASS": null, "OP2002_ROW": "TBD", "OP2018_ROW": "20 m", "Shape__Length": 208.33369936561522}}, {"type": "Feature", "id": 5017, "geometry": {"type": "LineString", "coordinates": [[-89.2502270939614, 48.442741657684], [-89.2548551242215, 48.4406039399384]]}, "properties": {"OBJECTID": 5017, "ROAD_CLASS": null, "OP2002_ROW": "TBD", "OP2018_ROW": "20 m", "Shape__Length": 416.8106210790821}}, {"type": "Feature", "id": 5018, "geometry": {"type": "LineString", "coordinates": [[-89.2272093578264, 48.4308145018137], [-89.2287878821642, 48.429216075996]]}, "properties": {"OBJECTID": 5018, "ROAD_CLASS": null, "OP2002_ROW": "TBD", "OP2018_ROW": "20 m", "Shape__Length": 212.6791235022131}}, {"type": "Feature", "id": 5019, "geometry": {"type": "LineString", "coordinates": [[-89.222064895073, 48.4357444244406], [-89.2216524317576, 48.4361504831763]]}, "properties": {"OBJECTID": 5019, "ROAD_CLASS": null, "OP2002_ROW": "TBD", "OP2018_ROW": "20 m", "Shape__Length": 54.49660604484068}}, {"type": "Feature", "id": 5020, "geometry": {"type": "LineString", "coordinates": [[-89.2264313867632, 48.4304638300181], [-89.2272093578264, 48.4308145018137]]}, "properties": {"OBJECTID": 5020, "ROAD_CLASS": null, "OP2002_ROW": "TBD", "OP2018_ROW": "20 m", "Shape__Length": 69.52977168729166}}, {"type": "Feature", "id": 5021, "geometry": {"type": "LineString", "coordinates": [[-89.2216524317576, 48.4361504831763], [-89.2209039757595, 48.436839552465]]}, "properties": {"OBJECTID": 5021, "ROAD_CLASS": null, "OP2002_ROW": "TBD", "OP2018_ROW": "20 m", "Shape__Length": 94.53581479755222}}, {"type": "Feature", "id": 5022, "geometry": {"type": "LineString", "coordinates": [[-89.2144180995392, 48.4557509697613], [-89.214445572182, 48.4565868382719]]}, "properties": {"OBJECTID": 5022, "ROAD_CLASS": null, "OP2002_ROW": "TBD", "OP2018_ROW": "20 m", "Shape__Length": 92.96352658175377}}, {"type": "Feature", "id": 5023, "geometry": {"type": "LineString", "coordinates": [[-89.222064895073, 48.4357444244406], [-89.2229428128308, 48.4349066382274]]}, "properties": {"OBJECTID": 5023, "ROAD_CLASS": null, "OP2002_ROW": "TBD", "OP2018_ROW": "20 m", "Shape__Length": 113.56593167622985}}, {"type": "Feature", "id": 5024, "geometry": {"type": "LineString", "coordinates": [[-89.2229428128308, 48.4349066382274], [-89.2234575157098, 48.4344284616329]]}, "properties": {"OBJECTID": 5024, "ROAD_CLASS": null, "OP2002_ROW": "TBD", "OP2018_ROW": "20 m", "Shape__Length": 65.401088967467}}, {"type": "Feature", "id": 5025, "geometry": {"type": "LineString", "coordinates": [[-89.2434832840844, 48.4448645764813], [-89.2445744223312, 48.4451701949353]]}, "properties": {"OBJECTID": 5025, "ROAD_CLASS": null, "OP2002_ROW": "TBD", "OP2018_ROW": "20 m", "Shape__Length": 87.58042610866929}}, {"type": "Feature", "id": 5026, "geometry": {"type": "LineString", "coordinates": [[-89.2244637108499, 48.4334630706311], [-89.2249695908405, 48.4329793641771]]}, "properties": {"OBJECTID": 5026, "ROAD_CLASS": null, "OP2002_ROW": "TBD", "OP2018_ROW": "20 m", "Shape__Length": 65.52747461765445}}, {"type": "Feature", "id": 5027, "geometry": {"type": "LineString", "coordinates": [[-89.1998771616991, 48.4500293793144], [-89.1996041369944, 48.4501678599227], [-89.1995679284045, 48.4501864901595], [-89.1994749924568, 48.4502347993061], [-89.1994462475336, 48.4502495331301], [-89.1994164528708, 48.4502643877876], [-89.199334161781, 48.4503049256795], [-89.1993042510215, 48.450319912088], [-89.1987522702487, 48.4505997904119]]}, "properties": {"OBJECTID": 5027, "ROAD_CLASS": null, "OP2002_ROW": "TBD", "OP2018_ROW": "20 m", "Shape__Length": 104.62426058849509}}, {"type": "Feature", "id": 5028, "geometry": {"type": "LineString", "coordinates": [[-89.2386937045355, 48.4484771170007], [-89.238196534199, 48.4492431150582]]}, "properties": {"OBJECTID": 5028, "ROAD_CLASS": null, "OP2002_ROW": "TBD", "OP2018_ROW": "20 m", "Shape__Length": 92.77338887752097}}, {"type": "Feature", "id": 5029, "geometry": {"type": "LineString", "coordinates": [[-89.2581890474509, 48.4495107148657], [-89.2601127208909, 48.4486258350174]]}, "properties": {"OBJECTID": 5029, "ROAD_CLASS": null, "OP2002_ROW": "TBD", "OP2018_ROW": "24 m", "Shape__Length": 173.0008103269325}}, {"type": "Feature", "id": 5030, "geometry": {"type": "LineString", "coordinates": [[-89.2249695908405, 48.4329793641771], [-89.2255944076245, 48.4323492801055]]}, "properties": {"OBJECTID": 5030, "ROAD_CLASS": null, "OP2002_ROW": "TBD", "OP2018_ROW": "20 m", "Shape__Length": 83.93960750048625}}, {"type": "Feature", "id": 5031, "geometry": {"type": "LineString", "coordinates": [[-89.2498232419764, 48.4594925274867], [-89.2505464699377, 48.4585028149308], [-89.2505877077269, 48.4584411104654], [-89.2506220692964, 48.4583775698193], [-89.2506493716351, 48.4583125314608], [-89.250669469337, 48.4582463418351], [-89.2506836906733, 48.4581870879256], [-89.2506918652981, 48.4581273306127], [-89.2506939559329, 48.458067342563], [-89.2506899530598, 48.458007397495]]}, "properties": {"OBJECTID": 5031, "ROAD_CLASS": null, "OP2002_ROW": "TBD", "OP2018_ROW": "20 m", "Shape__Length": 179.09191984966122}}, {"type": "Feature", "id": 5032, "geometry": {"type": "LineString", "coordinates": [[-89.2476762994462, 48.4553860397812], [-89.2467117591011, 48.4558418204071]]}, "properties": {"OBJECTID": 5032, "ROAD_CLASS": null, "OP2002_ROW": "26 m", "OP2018_ROW": "20 m", "Shape__Length": 87.50778760700277}}, {"type": "Feature", "id": 5033, "geometry": {"type": "LineString", "coordinates": [[-89.2496052312005, 48.4599483726293], [-89.2496123939269, 48.4599187309506], [-89.2496204382988, 48.4598891894864], [-89.2496293611561, 48.4598597598358], [-89.2496391589937, 48.4598304535541], [-89.2496498279632, 48.4598012821482], [-89.249661363874, 48.459772257072], [-89.249673762195, 48.4597433897219], [-89.2496870180569, 48.4597146914323], [-89.2497011262533, 48.4596861734713], [-89.2497160812433, 48.4596578470361], [-89.2497318771538, 48.4596297232488], [-89.2497485077813, 48.4596018131516], [-89.2497659665945, 48.4595741277033], [-89.2497842467372, 48.4595466777739], [-89.2498033410306, 48.4595194741414], [-89.2498232419764, 48.4594925274867]]}, "properties": {"OBJECTID": 5033, "ROAD_CLASS": null, "OP2002_ROW": "TBD", "OP2018_ROW": "20 m", "Shape__Length": 53.41256666464398}}, {"type": "Feature", "id": 5034, "geometry": {"type": "LineString", "coordinates": [[-89.2199970748616, 48.4377393722486], [-89.2192558726291, 48.4384562972509]]}, "properties": {"OBJECTID": 5034, "ROAD_CLASS": null, "OP2002_ROW": "TBD", "OP2018_ROW": "20 m", "Shape__Length": 96.75684463496086}}, {"type": "Feature", "id": 5035, "geometry": {"type": "LineString", "coordinates": [[-89.2304794099865, 48.4412340452223], [-89.2309870890849, 48.441471802596], [-89.2310360069815, 48.4414946066658], [-89.2310572645511, 48.4415043595011]]}, "properties": {"OBJECTID": 5035, "ROAD_CLASS": null, "OP2002_ROW": "TBD", "OP2018_ROW": "20 m", "Shape__Length": 52.25929661340189}}, {"type": "Feature", "id": 5036, "geometry": {"type": "LineString", "coordinates": [[-89.2023814261876, 48.4491445535999], [-89.2011024702131, 48.4495919857024]]}, "properties": {"OBJECTID": 5036, "ROAD_CLASS": null, "OP2002_ROW": "TBD", "OP2018_ROW": "20 m", "Shape__Length": 106.88757411607465}}, {"type": "Feature", "id": 5037, "geometry": {"type": "LineString", "coordinates": [[-89.2234575157098, 48.4344284616329], [-89.2239603285213, 48.4339391372595]]}, "properties": {"OBJECTID": 5037, "ROAD_CLASS": null, "OP2002_ROW": "TBD", "OP2018_ROW": "20 m", "Shape__Length": 65.91237318774445}}, {"type": "Feature", "id": 5038, "geometry": {"type": "LineString", "coordinates": [[-89.2239603285213, 48.4339391372595], [-89.2261926578397, 48.4349593610817]]}, "properties": {"OBJECTID": 5038, "ROAD_CLASS": null, "OP2002_ROW": "TBD", "OP2018_ROW": "20 m", "Shape__Length": 200.37714691305422}}, {"type": "Feature", "id": 5039, "geometry": {"type": "LineString", "coordinates": [[-89.2214622812327, 48.4327983173743], [-89.2239603285213, 48.4339391372595]]}, "properties": {"OBJECTID": 5039, "ROAD_CLASS": null, "OP2002_ROW": "TBD", "OP2018_ROW": "20 m", "Shape__Length": 224.17839566575245}}, {"type": "Feature", "id": 5040, "geometry": {"type": "LineString", "coordinates": [[-89.2430827202054, 48.4577278748192], [-89.2429975613943, 48.4577756635862], [-89.2429359897158, 48.4578136417411], [-89.2428774519287, 48.457853686161], [-89.2428221045697, 48.4578956897675], [-89.2427700956452, 48.4579395402437], [-89.2427215642359, 48.4579851203335], [-89.2426766401248, 48.4580323081554], [-89.2426354434498, 48.4580809775289], [-89.2425980843825, 48.458130998311], [-89.2425646628339, 48.4581822367447], [-89.2425352681863, 48.4582345558167], [-89.2425099790551, 48.4582878156235], [-89.2424888630778, 48.4583418737456], [-89.2424719767332, 48.4583965856283], [-89.2424593651904, 48.4584518049682], [-89.2424510621876, 48.4585073841044], [-89.2424470899419, 48.4585631744136], [-89.2424854517676, 48.4595776925356]]}, "properties": {"OBJECTID": 5040, "ROAD_CLASS": null, "OP2002_ROW": "26 m", "OP2018_ROW": "20 m", "Shape__Length": 220.46015392842224}}, {"type": "Feature", "id": 5041, "geometry": {"type": "LineString", "coordinates": [[-89.2506899530598, 48.458007397495], [-89.2506265037821, 48.4552580681055], [-89.2506406512426, 48.4552235463772], [-89.2506613719805, 48.4551905260783], [-89.2506883200982, 48.4551595584069], [-89.2507210457486, 48.455131160296]]}, "properties": {"OBJECTID": 5041, "ROAD_CLASS": null, "OP2002_ROW": "TBD", "OP2018_ROW": "20 m", "Shape__Length": 321.6664830639838}}, {"type": "Feature", "id": 5042, "geometry": {"type": "LineString", "coordinates": [[-89.2239603285213, 48.4339391372595], [-89.2244637108499, 48.4334630706311]]}, "properties": {"OBJECTID": 5042, "ROAD_CLASS": null, "OP2002_ROW": "TBD", "OP2018_ROW": "20 m", "Shape__Length": 64.72531362829378}}, {"type": "Feature", "id": 5043, "geometry": {"type": "LineString", "coordinates": [[-89.2061919180412, 48.4478206662173], [-89.2049265418576, 48.4482678843774]]}, "properties": {"OBJECTID": 5043, "ROAD_CLASS": null, "OP2002_ROW": "TBD", "OP2018_ROW": "20 m", "Shape__Length": 105.99065669608613}}, {"type": "Feature", "id": 5044, "geometry": {"type": "LineString", "coordinates": [[-89.2461891927378, 48.4561023269529], [-89.2459405778874, 48.4562403371406], [-89.2456958874234, 48.4563814168491], [-89.2454552070095, 48.4565255167076], [-89.2452186209084, 48.4566725862881]]}, "properties": {"OBJECTID": 5044, "ROAD_CLASS": null, "OP2002_ROW": "26 m", "OP2018_ROW": "20 m", "Shape__Length": 95.80095251737622}}, {"type": "Feature", "id": 5045, "geometry": {"type": "LineString", "coordinates": [[-89.2420293698566, 48.4466802599591], [-89.2410679663159, 48.4471159618241], [-89.2409906940079, 48.4471518944975], [-89.2409148453015, 48.4471891455248], [-89.240840471005, 48.4472276899546], [-89.2407676209397, 48.447267501969]]}, "properties": {"OBJECTID": 5045, "ROAD_CLASS": null, "OP2002_ROW": "TBD", "OP2018_ROW": "20 m", "Shape__Length": 113.9490252430785}}, {"type": "Feature", "id": 5046, "geometry": {"type": "LineString", "coordinates": [[-89.2209039757595, 48.436839552465], [-89.2199970748616, 48.4377393722486]]}, "properties": {"OBJECTID": 5046, "ROAD_CLASS": null, "OP2002_ROW": "TBD", "OP2018_ROW": "20 m", "Shape__Length": 120.46874476509838}}, {"type": "Feature", "id": 5047, "geometry": {"type": "LineString", "coordinates": [[-89.2253598708049, 48.4299804064101], [-89.2259174275201, 48.4302327980338]]}, "properties": {"OBJECTID": 5047, "ROAD_CLASS": null, "OP2002_ROW": "TBD", "OP2018_ROW": "20 m", "Shape__Length": 49.89791204118492}}, {"type": "Feature", "id": 5048, "geometry": {"type": "LineString", "coordinates": [[-89.2310529556802, 48.4270449936552], [-89.2331563904235, 48.4252266551981]]}, "properties": {"OBJECTID": 5048, "ROAD_CLASS": null, "OP2002_ROW": "TBD", "OP2018_ROW": "20 m", "Shape__Length": 255.16455942922966}}, {"type": "Feature", "id": 5049, "geometry": {"type": "LineString", "coordinates": [[-89.2155858511081, 48.4418830261713], [-89.2147944428186, 48.4424384171972]]}, "properties": {"OBJECTID": 5049, "ROAD_CLASS": null, "OP2002_ROW": "TBD", "OP2018_ROW": "20 m", "Shape__Length": 85.0973430890789}}, {"type": "Feature", "id": 5050, "geometry": {"type": "LineString", "coordinates": [[-89.239997903631, 48.4439240476424], [-89.2412523961026, 48.4442637317884]]}, "properties": {"OBJECTID": 5050, "ROAD_CLASS": null, "OP2002_ROW": "TBD", "OP2018_ROW": "20 m", "Shape__Length": 100.19641462694304}}, {"type": "Feature", "id": 5051, "geometry": {"type": "LineString", "coordinates": [[-89.2074040092824, 48.4473924574241], [-89.2061919180412, 48.4478206662173]]}, "properties": {"OBJECTID": 5051, "ROAD_CLASS": null, "OP2002_ROW": "TBD", "OP2018_ROW": "20 m", "Shape__Length": 101.51887749780643}}, {"type": "Feature", "id": 5052, "geometry": {"type": "LineString", "coordinates": [[-89.2112338332574, 48.4451951246199], [-89.2102164753667, 48.4459322505475]]}, "properties": {"OBJECTID": 5052, "ROAD_CLASS": null, "OP2002_ROW": "TBD", "OP2018_ROW": "20 m", "Shape__Length": 111.2730257905355}}, {"type": "Feature", "id": 5053, "geometry": {"type": "LineString", "coordinates": [[-89.2467117591011, 48.4558418204071], [-89.2466446217369, 48.4558727346848], [-89.2465779881223, 48.4559041275171], [-89.2465118659671, 48.4559359952721], [-89.246446262922, 48.4559683342632], [-89.2463811865778, 48.4560011407489], [-89.246316644464, 48.456034410934], [-89.246252644049, 48.4560681409694], [-89.2461891927378, 48.4561023269529]]}, "properties": {"OBJECTID": 5053, "ROAD_CLASS": null, "OP2002_ROW": "26 m", "OP2018_ROW": "20 m", "Shape__Length": 48.31428168484672}}, {"type": "Feature", "id": 5054, "geometry": {"type": "LineString", "coordinates": [[-89.2293526594174, 48.4407088430377], [-89.2304794099865, 48.4412340452223]]}, "properties": {"OBJECTID": 5054, "ROAD_CLASS": null, "OP2002_ROW": "TBD", "OP2018_ROW": "20 m", "Shape__Length": 101.77992527432642}}, {"type": "Feature", "id": 5055, "geometry": {"type": "LineString", "coordinates": [[-89.2498044806479, 48.4548877909663], [-89.2494966128343, 48.4548305195778], [-89.2494374227489, 48.4548242457957], [-89.2493778177866, 48.4548200561276], [-89.2493179636798, 48.4548179622228], [-89.2492580268531, 48.4548179699038], [-89.2491981739613, 48.4548200791491], [-89.2491385714261, 48.4548242840942], [-89.2490793849729, 48.4548305730473], [-89.2490207791704, 48.454838928522], [-89.2489629169731, 48.4548493272858], [-89.2489059592681, 48.454861740425], [-89.248850064428, 48.4548761334249], [-89.2487953878703, 48.4548924662653], [-89.2487420816257, 48.4549106935327], [-89.2486902939149, 48.4549307645458], [-89.2486401687371, 48.4549526234967], [-89.248591845469, 48.454976209606], [-89.2476762994462, 48.4553860397812]]}, "properties": {"OBJECTID": 5055, "ROAD_CLASS": null, "OP2002_ROW": "26 m", "OP2018_ROW": "20 m", "Shape__Length": 176.20325216368985}}, {"type": "Feature", "id": 5056, "geometry": {"type": "LineString", "coordinates": [[-89.2145142512221, 48.4581600252924], [-89.2145495706821, 48.4589690862182]]}, "properties": {"OBJECTID": 5056, "ROAD_CLASS": null, "OP2002_ROW": "TBD", "OP2018_ROW": "20 m", "Shape__Length": 89.99850038341404}}, {"type": "Feature", "id": 5057, "geometry": {"type": "LineString", "coordinates": [[-89.2537459663325, 48.4515269883562], [-89.2557347433874, 48.450626950457]]}, "properties": {"OBJECTID": 5057, "ROAD_CLASS": null, "OP2002_ROW": "TBD", "OP2018_ROW": "24 m", "Shape__Length": 177.92059723806088}}, {"type": "Feature", "id": 5058, "geometry": {"type": "LineString", "coordinates": [[-89.2452186209084, 48.4566725862881], [-89.2450551379805, 48.4567725801486], [-89.2448887560686, 48.4568704358655], [-89.2447195383586, 48.4569661162668], [-89.2445475491146, 48.4570595850061], [-89.2430827202054, 48.4577278748192]]}, "properties": {"OBJECTID": 5058, "ROAD_CLASS": null, "OP2002_ROW": "26 m", "OP2018_ROW": "20 m", "Shape__Length": 197.0778512917738}}, {"type": "Feature", "id": 5059, "geometry": {"type": "LineString", "coordinates": [[-89.2507210457486, 48.455131160296], [-89.2498044806479, 48.4548877909663]]}, "properties": {"OBJECTID": 5059, "ROAD_CLASS": null, "OP2002_ROW": "26 m", "OP2018_ROW": "20 m", "Shape__Length": 72.99280708470765}}, {"type": "Feature", "id": 5060, "geometry": {"type": "LineString", "coordinates": [[-89.2424830925678, 48.4602638610201], [-89.2420982694677, 48.4608218388441], [-89.2420712869607, 48.4608567601112], [-89.2420476849045, 48.4608927481258], [-89.242027558124, 48.4609296583116], [-89.2420109874833, 48.4609673423872], [-89.2419980395608, 48.461005648962], [-89.2419887663813, 48.4610444241442], [-89.2419832052073, 48.461083512159], [-89.2419813783887, 48.4611227559746], [-89.2420470378977, 48.4633250438631]]}, "properties": {"OBJECTID": 5060, "ROAD_CLASS": null, "OP2002_ROW": "26 m", "OP2018_ROW": "20 m", "Shape__Length": 348.115803965816}}, {"type": "Feature", "id": 5061, "geometry": {"type": "LineString", "coordinates": [[-89.2143113671835, 48.45351237788], [-89.2143381057696, 48.4541249700063]]}, "properties": {"OBJECTID": 5061, "ROAD_CLASS": null, "OP2002_ROW": "TBD", "OP2018_ROW": "20 m", "Shape__Length": 68.14360031007566}}, {"type": "Feature", "id": 5062, "geometry": {"type": "LineString", "coordinates": [[-89.2328178815182, 48.44197922511], [-89.2345915294879, 48.4424603661327]]}, "properties": {"OBJECTID": 5062, "ROAD_CLASS": null, "OP2002_ROW": "TBD", "OP2018_ROW": "20 m", "Shape__Length": 141.70261733562887}}, {"type": "Feature", "id": 5063, "geometry": {"type": "LineString", "coordinates": [[-89.2412523961026, 48.4442637317884], [-89.2423635703867, 48.4445614419012]]}, "properties": {"OBJECTID": 5063, "ROAD_CLASS": null, "OP2002_ROW": "TBD", "OP2018_ROW": "20 m", "Shape__Length": 88.61698248286758}}, {"type": "Feature", "id": 5064, "geometry": {"type": "LineString", "coordinates": [[-89.2143800648471, 48.4427341700415], [-89.2132449382973, 48.4435443182591]]}, "properties": {"OBJECTID": 5064, "ROAD_CLASS": null, "OP2002_ROW": "TBD", "OP2018_ROW": "20 m", "Shape__Length": 123.15225549337944}}, {"type": "Feature", "id": 5065, "geometry": {"type": "LineString", "coordinates": [[-89.2283550823096, 48.4402537563912], [-89.228434262915, 48.4402877653455], [-89.22845792806, 48.4402981423145], [-89.2284814046898, 48.4403087226711], [-89.2293526594174, 48.4407088430377]]}, "properties": {"OBJECTID": 5065, "ROAD_CLASS": null, "OP2002_ROW": "TBD", "OP2018_ROW": "20 m", "Shape__Length": 89.48826090089923}}, {"type": "Feature", "id": 5066, "geometry": {"type": "LineString", "coordinates": [[-89.2147818509672, 48.4629231682427], [-89.2148300674581, 48.4637231755105]]}, "properties": {"OBJECTID": 5066, "ROAD_CLASS": null, "OP2002_ROW": "TBD", "OP2018_ROW": "20 m", "Shape__Length": 89.0254047784176}}, {"type": "Feature", "id": 5067, "geometry": {"type": "LineString", "coordinates": [[-89.2147425736988, 48.4621503395502], [-89.2147818509672, 48.4629231682427]]}, "properties": {"OBJECTID": 5067, "ROAD_CLASS": null, "OP2002_ROW": "TBD", "OP2018_ROW": "20 m", "Shape__Length": 85.98101024247553}}, {"type": "Feature", "id": 5068, "geometry": {"type": "LineString", "coordinates": [[-89.2425366705047, 48.421520986385], [-89.2428126663442, 48.4214365693204], [-89.2434473689172, 48.421212627061], [-89.2436641382392, 48.4211379646534]]}, "properties": {"OBJECTID": 5068, "ROAD_CLASS": null, "OP2002_ROW": "26 m", "OP2018_ROW": "24 m", "Shape__Length": 93.71083571981072}}, {"type": "Feature", "id": 5069, "geometry": {"type": "LineString", "coordinates": [[-89.2501014995697, 48.4208174318837], [-89.2512564627267, 48.4207970113455], [-89.2513779761349, 48.4207954116967], [-89.2514995090259, 48.4207960901583]]}, "properties": {"OBJECTID": 5069, "ROAD_CLASS": null, "OP2002_ROW": "26 m", "OP2018_ROW": "24 m", "Shape__Length": 103.50237615380225}}, {"type": "Feature", "id": 5070, "geometry": {"type": "LineString", "coordinates": [[-89.2446845537901, 48.4209299419753], [-89.2458972494277, 48.4209100842673]]}, "properties": {"OBJECTID": 5070, "ROAD_CLASS": null, "OP2002_ROW": "26 m", "OP2018_ROW": "24 m", "Shape__Length": 89.78090214271799}}, {"type": "Feature", "id": 5071, "geometry": {"type": "LineString", "coordinates": [[-89.2090068658979, 48.4466492526532], [-89.2081878299685, 48.4470835043063], [-89.2080945686694, 48.4471271586035], [-89.207999863463, 48.4471694147469], [-89.2079037616986, 48.4472102516081], [-89.2078063114242, 48.4472496487685], [-89.2077075613623, 48.447287586529], [-89.2076075608857, 48.4473240459205], [-89.2075063599927, 48.4473590087128], [-89.2074040092824, 48.4473924574241]]}, "properties": {"OBJECTID": 5071, "ROAD_CLASS": null, "OP2002_ROW": "TBD", "OP2018_ROW": "20 m", "Shape__Length": 144.95766350225952}}, {"type": "Feature", "id": 5072, "geometry": {"type": "LineString", "coordinates": [[-89.2102164753667, 48.4459322505475], [-89.2090068658979, 48.4466492526532]]}, "properties": {"OBJECTID": 5072, "ROAD_CLASS": null, "OP2002_ROW": "TBD", "OP2018_ROW": "20 m", "Shape__Length": 119.84396164523842}}, {"type": "Feature", "id": 5073, "geometry": {"type": "LineString", "coordinates": [[-89.2436641382392, 48.4211379646534], [-89.2437633221537, 48.4211022294224], [-89.2438589108921, 48.4210739967084], [-89.2439557509411, 48.4210477212456], [-89.2440537518725, 48.4210234275689], [-89.2441528221745, 48.4210011383628], [-89.2442528693374, 48.4209808744401], [-89.2443537999395, 48.4209626547223], [-89.2444555197344, 48.4209464962222], [-89.2445579337393, 48.4209324140278], [-89.2446845537901, 48.4209299419753]]}, "properties": {"OBJECTID": 5073, "ROAD_CLASS": null, "OP2002_ROW": "26 m", "OP2018_ROW": "24 m", "Shape__Length": 79.64399148168496}}, {"type": "Feature", "id": 5074, "geometry": {"type": "LineString", "coordinates": [[-89.2458972494277, 48.4209100842673], [-89.2472976950835, 48.4208760985372]]}, "properties": {"OBJECTID": 5074, "ROAD_CLASS": null, "OP2002_ROW": "26 m", "OP2018_ROW": "24 m", "Shape__Length": 103.71841780187076}}, {"type": "Feature", "id": 5075, "geometry": {"type": "LineString", "coordinates": [[-89.2407689914139, 48.4216145201795], [-89.2418556023578, 48.4216160128262], [-89.2419266080678, 48.4216135819548], [-89.241997456377, 48.4216096069112], [-89.2420680715064, 48.4216040919471], [-89.2421383779265, 48.4215970429615], [-89.2422083004382, 48.4215884674939], [-89.2422777642529, 48.4215783747167], [-89.2423466950731, 48.4215667754252], [-89.2424150191712, 48.4215536820259], [-89.2425366705047, 48.421520986385]]}, "properties": {"OBJECTID": 5075, "ROAD_CLASS": null, "OP2002_ROW": "26 m", "OP2018_ROW": "24 m", "Shape__Length": 132.22965674004948}}, {"type": "Feature", "id": 5076, "geometry": {"type": "LineString", "coordinates": [[-89.2395357708329, 48.4218077286691], [-89.2396147061634, 48.4217650206979], [-89.2396697110898, 48.4217432321075], [-89.2397259861397, 48.4217229313057], [-89.2397834405301, 48.4217041510411], [-89.2398419815755, 48.4216869216094], [-89.2399015148379, 48.4216712708049], [-89.2399619442789, 48.4216572238748], [-89.2400231724148, 48.4216448034791], [-89.2400851004735, 48.421634029654], [-89.2402001652886, 48.4216242442399]]}, "properties": {"OBJECTID": 5076, "ROAD_CLASS": null, "OP2002_ROW": "26 m", "OP2018_ROW": "24 m", "Shape__Length": 54.01484325869848}}, {"type": "Feature", "id": 5077, "geometry": {"type": "LineString", "coordinates": [[-89.2383583877225, 48.4222950992025], [-89.2383255526898, 48.4221905755529], [-89.2382412992716, 48.4220223032061], [-89.2382203101576, 48.4219924401266], [-89.2382002845487, 48.4219622652076], [-89.2381766096848, 48.4219332846496], [-89.2381494449665, 48.4219056935687], [-89.2381189732899, 48.4218796777263], [-89.2380853998146, 48.4218554122776], [-89.2380489505826, 48.421833060593], [-89.2380098709962, 48.421812773158], [-89.2379684241661, 48.4217946865602], [-89.2377979578796, 48.4217176823939]]}, "properties": {"OBJECTID": 5077, "ROAD_CLASS": null, "OP2002_ROW": "TBD", "OP2018_ROW": "20 m", "Shape__Length": 79.86083975249714}}, {"type": "Feature", "id": 5078, "geometry": {"type": "LineString", "coordinates": [[-89.2402001652886, 48.4216242442399], [-89.240329794935, 48.4216186691756], [-89.2407689914139, 48.4216145201795]]}, "properties": {"OBJECTID": 5078, "ROAD_CLASS": null, "OP2002_ROW": "26 m", "OP2018_ROW": "24 m", "Shape__Length": 42.122468702032535}}, {"type": "Feature", "id": 5079, "geometry": {"type": "LineString", "coordinates": [[-89.2425634906105, 48.4464216679484], [-89.2420293698566, 48.4466802599591]]}, "properties": {"OBJECTID": 5079, "ROAD_CLASS": null, "OP2002_ROW": "TBD", "OP2018_ROW": "20 m", "Shape__Length": 48.86613607180297}}, {"type": "Feature", "id": 5080, "geometry": {"type": "LineString", "coordinates": [[-89.2310572645511, 48.4415043595011], [-89.2328178815182, 48.44197922511]]}, "properties": {"OBJECTID": 5080, "ROAD_CLASS": null, "OP2002_ROW": "TBD", "OP2018_ROW": "20 m", "Shape__Length": 140.5478238694427}}, {"type": "Feature", "id": 5081, "geometry": {"type": "LineString", "coordinates": [[-89.2496423072841, 48.4632434448535], [-89.2496220291058, 48.4626115865085]]}, "properties": {"OBJECTID": 5081, "ROAD_CLASS": null, "OP2002_ROW": "TBD", "OP2018_ROW": "20 m", "Shape__Length": 70.27398017868543}}, {"type": "Feature", "id": 5082, "geometry": {"type": "LineString", "coordinates": [[-89.2142319370622, 48.4520023785081], [-89.2142784070546, 48.4527572464123]]}, "properties": {"OBJECTID": 5082, "ROAD_CLASS": null, "OP2002_ROW": "TBD", "OP2018_ROW": "20 m", "Shape__Length": 84.0050466542439}}, {"type": "Feature", "id": 5083, "geometry": {"type": "LineString", "coordinates": [[-89.255234632761, 48.453864620576], [-89.2527254929328, 48.4550747064965]]}, "properties": {"OBJECTID": 5083, "ROAD_CLASS": null, "OP2002_ROW": "26 m", "OP2018_ROW": "20 m", "Shape__Length": 229.2287921973875}}, {"type": "Feature", "id": 5084, "geometry": {"type": "LineString", "coordinates": [[-89.2517802352603, 48.4552554025411], [-89.2514497680624, 48.455262207687], [-89.2513955738767, 48.4552617784222], [-89.2513414781401, 48.4552595645476], [-89.2512876135941, 48.4552555714954], [-89.251234112413, 48.4552498090638], [-89.2511811058793, 48.4552422913928], [-89.2511287240617, 48.4552330369294], [-89.2510770954955, 48.4552220683821], [-89.2510263468678, 48.4552094126659], [-89.2507210457486, 48.455131160296]]}, "properties": {"OBJECTID": 5084, "ROAD_CLASS": null, "OP2002_ROW": "26 m", "OP2018_ROW": "20 m", "Shape__Length": 80.72489006770023}}, {"type": "Feature", "id": 5085, "geometry": {"type": "LineString", "coordinates": [[-89.2495820454713, 48.4614184817862], [-89.2495681781062, 48.4607515964956]]}, "properties": {"OBJECTID": 5085, "ROAD_CLASS": null, "OP2002_ROW": "TBD", "OP2018_ROW": "20 m", "Shape__Length": 74.15978390600193}}, {"type": "Feature", "id": 5086, "geometry": {"type": "LineString", "coordinates": [[-89.2282684407847, 48.4312694179952], [-89.22942299428, 48.4317944552265]]}, "properties": {"OBJECTID": 5086, "ROAD_CLASS": null, "OP2002_ROW": "TBD", "OP2018_ROW": "20 m", "Shape__Length": 103.47395417187077}}, {"type": "Feature", "id": 5087, "geometry": {"type": "LineString", "coordinates": [[-89.2569914720357, 48.4526780546713], [-89.2567231042966, 48.4530343006081], [-89.2566589359561, 48.4530932452985], [-89.2565901387616, 48.4531498327376], [-89.2565169080239, 48.4532039022648], [-89.2564394516433, 48.4532553003674], [-89.255234632761, 48.453864620576]]}, "properties": {"OBJECTID": 5087, "ROAD_CLASS": null, "OP2002_ROW": "26 m", "OP2018_ROW": "20 m", "Shape__Length": 188.62471058670923}}, {"type": "Feature", "id": 5088, "geometry": {"type": "LineString", "coordinates": [[-89.2473562486058, 48.4442033120645], [-89.2475238759474, 48.4441314988786], [-89.2476082365526, 48.4440888672025], [-89.2476909032879, 48.4440447912522], [-89.2477718203107, 48.4439993008043], [-89.247850932961, 48.4439524265906], [-89.2479281877981, 48.4439042002778], [-89.2480035326368, 48.4438546544461], [-89.2480769165829, 48.4438038225667], [-89.2481482900672, 48.4437517389797], [-89.2482043002612, 48.4437141220443], [-89.2482628691645, 48.4436782715683], [-89.2483238710476, 48.4436442645082], [-89.2483871749594, 48.4436121738633]]}, "properties": {"OBJECTID": 5088, "ROAD_CLASS": null, "OP2002_ROW": "TBD", "OP2018_ROW": "20 m", "Shape__Length": 100.99963187883651}}, {"type": "Feature", "id": 5089, "geometry": {"type": "LineString", "coordinates": [[-89.2485770247838, 48.4208472474791], [-89.2501014995697, 48.4208174318837]]}, "properties": {"OBJECTID": 5089, "ROAD_CLASS": null, "OP2002_ROW": "26 m", "OP2018_ROW": "24 m", "Shape__Length": 112.87809999943484}}, {"type": "Feature", "id": 5090, "geometry": {"type": "LineString", "coordinates": [[-89.2445744223312, 48.4451701949353], [-89.2449666955972, 48.4452983755107]]}, "properties": {"OBJECTID": 5090, "ROAD_CLASS": null, "OP2002_ROW": "TBD", "OP2018_ROW": "20 m", "Shape__Length": 32.33016450150456}}, {"type": "Feature", "id": 5091, "geometry": {"type": "LineString", "coordinates": [[-89.2383583877225, 48.4222950992025], [-89.2384813267191, 48.4222938932885], [-89.2385617901952, 48.4222812796788], [-89.2386407823629, 48.4222650611699], [-89.2387179391219, 48.4222453125184], [-89.2387929048334, 48.4222221247529], [-89.2388770791897, 48.42218430254], [-89.2389651221299, 48.4221368821736], [-89.2395357708329, 48.4218077286691]]}, "properties": {"OBJECTID": 5091, "ROAD_CLASS": null, "OP2002_ROW": "26 m", "OP2018_ROW": "24 m", "Shape__Length": 105.36035278365918}}, {"type": "Feature", "id": 5092, "geometry": {"type": "LineString", "coordinates": [[-89.2185178064178, 48.4391572172088], [-89.217781079058, 48.4398486943824]]}, "properties": {"OBJECTID": 5092, "ROAD_CLASS": null, "OP2002_ROW": "TBD", "OP2018_ROW": "20 m", "Shape__Length": 94.24648009132102}}, {"type": "Feature", "id": 5093, "geometry": {"type": "LineString", "coordinates": [[-89.217781079058, 48.4398486943824], [-89.2171079163948, 48.4404970833525]]}, "properties": {"OBJECTID": 5093, "ROAD_CLASS": null, "OP2002_ROW": "TBD", "OP2018_ROW": "20 m", "Shape__Length": 87.62427550711854}}, {"type": "Feature", "id": 5094, "geometry": {"type": "LineString", "coordinates": [[-89.2197008060799, 48.4603566916725], [-89.2241764330586, 48.460296422649]]}, "properties": {"OBJECTID": 5094, "ROAD_CLASS": null, "OP2002_ROW": "TBD", "OP2018_ROW": "24 m", "Shape__Length": 331.05828792870744}}, {"type": "Feature", "id": 5095, "geometry": {"type": "LineString", "coordinates": [[-89.2171079163948, 48.4404970833525], [-89.2167949626718, 48.4407979988583], [-89.2165573095622, 48.4410238942516]]}, "properties": {"OBJECTID": 5095, "ROAD_CLASS": null, "OP2002_ROW": "TBD", "OP2018_ROW": "20 m", "Shape__Length": 71.34857295579565}}, {"type": "Feature", "id": 5096, "geometry": {"type": "LineString", "coordinates": [[-89.2164370812324, 48.4411386889219], [-89.2159508210464, 48.4416098286454], [-89.2159123546594, 48.4416478922244], [-89.2158717161023, 48.4416849431333], [-89.2158289655255, 48.4417209265275], [-89.215784166206, 48.4417557891425], [-89.215737384454, 48.4417894793729], [-89.2156886895144, 48.4418219473485], [-89.2156381534647, 48.4418531450082], [-89.2155858511081, 48.4418830261713]]}, "properties": {"OBJECTID": 5096, "ROAD_CLASS": null, "OP2002_ROW": "TBD", "OP2018_ROW": "20 m", "Shape__Length": 104.35253440719751}}, {"type": "Feature", "id": 5097, "geometry": {"type": "LineString", "coordinates": [[-89.2139551586049, 48.4468972512768], [-89.2140586903599, 48.4486737086331]]}, "properties": {"OBJECTID": 5097, "ROAD_CLASS": null, "OP2002_ROW": "TBD", "OP2018_ROW": "20 m", "Shape__Length": 197.6747474087922}}, {"type": "Feature", "id": 5098, "geometry": {"type": "LineString", "coordinates": [[-89.2140586903599, 48.4486737086331], [-89.2140794410165, 48.4490681046191]]}, "properties": {"OBJECTID": 5098, "ROAD_CLASS": null, "OP2002_ROW": "TBD", "OP2018_ROW": "20 m", "Shape__Length": 43.88020624789515}}, {"type": "Feature", "id": 5099, "geometry": {"type": "LineString", "coordinates": [[-89.2145980165056, 48.4597688943676], [-89.214645650047, 48.4604853412612]]}, "properties": {"OBJECTID": 5099, "ROAD_CLASS": null, "OP2002_ROW": "TBD", "OP2018_ROW": "20 m", "Shape__Length": 79.74057678119227}}, {"type": "Feature", "id": 5100, "geometry": {"type": "LineString", "coordinates": [[-89.214645650047, 48.4604853412612], [-89.2147425736988, 48.4621503395502]]}, "properties": {"OBJECTID": 5100, "ROAD_CLASS": null, "OP2002_ROW": "TBD", "OP2018_ROW": "20 m", "Shape__Length": 185.27222102035577}}, {"type": "Feature", "id": 5101, "geometry": {"type": "LineString", "coordinates": [[-89.214645650047, 48.4604853412612], [-89.2146711821873, 48.4604659202306], [-89.214701040764, 48.460449453084], [-89.2147344628494, 48.4604363605776], [-89.2147705944658, 48.4604269772407], [-89.2159205596519, 48.460410061103]]}, "properties": {"OBJECTID": 5101, "ROAD_CLASS": null, "OP2002_ROW": "TBD", "OP2018_ROW": "24 m", "Shape__Length": 96.55138732917388}}, {"type": "Feature", "id": 5102, "geometry": {"type": "LineString", "coordinates": [[-89.2141949957234, 48.4513106868372], [-89.2142319370622, 48.4520023785081]]}, "properties": {"OBJECTID": 5102, "ROAD_CLASS": null, "OP2002_ROW": "TBD", "OP2018_ROW": "20 m", "Shape__Length": 76.95856808895367}}, {"type": "Feature", "id": 5103, "geometry": {"type": "LineString", "coordinates": [[-89.2140794410165, 48.4490681046191], [-89.2141022075104, 48.4495652152434]]}, "properties": {"OBJECTID": 5103, "ROAD_CLASS": null, "OP2002_ROW": "TBD", "OP2018_ROW": "20 m", "Shape__Length": 55.29996486618478}}, {"type": "Feature", "id": 5104, "geometry": {"type": "LineString", "coordinates": [[-89.2141022075104, 48.4495652152434], [-89.2141949957234, 48.4513106868372]]}, "properties": {"OBJECTID": 5104, "ROAD_CLASS": null, "OP2002_ROW": "TBD", "OP2018_ROW": "20 m", "Shape__Length": 194.20240426166504}}, {"type": "Feature", "id": 5105, "geometry": {"type": "LineString", "coordinates": [[-89.2527254929328, 48.4550747064965], [-89.252681260245, 48.4550934238386], [-89.2526361375437, 48.4551111763661], [-89.2525901723756, 48.4551279453726], [-89.2525434131746, 48.4551437131879], [-89.2524959092121, 48.4551584631969], [-89.2524477105439, 48.4551721798569], [-89.2523988679584, 48.4551848487141], [-89.2523494329222, 48.4551964564189], [-89.2522994575267, 48.4552069907396], [-89.2522489944327, 48.4552164405758], [-89.2521980968148, 48.4552247959697], [-89.2521468183058, 48.455232048117], [-89.2520952129398, 48.4552381893756], [-89.2520433350955, 48.4552432132742], [-89.2519912394387, 48.4552471145189], [-89.2519389808648, 48.4552498889986], [-89.2517802352603, 48.4552554025411]]}, "properties": {"OBJECTID": 5105, "ROAD_CLASS": null, "OP2002_ROW": "26 m", "OP2018_ROW": "20 m", "Shape__Length": 73.79894661293636}}, {"type": "Feature", "id": 5106, "geometry": {"type": "LineString", "coordinates": [[-89.2514995090259, 48.4207960901583], [-89.2515440316626, 48.4207964844943], [-89.2517007410522, 48.4208122168332], [-89.2518564214105, 48.4208319636612], [-89.2520108407202, 48.4208556955482], [-89.2521637688429, 48.4208833771251], [-89.2529031863248, 48.4210188723295]]}, "properties": {"OBJECTID": 5106, "ROAD_CLASS": null, "OP2002_ROW": "26 m", "OP2018_ROW": "24 m", "Shape__Length": 106.97831543039678}}, {"type": "Feature", "id": 5107, "geometry": {"type": "LineString", "coordinates": [[-89.2548551242215, 48.4406039399384], [-89.2558641028656, 48.4401411257051]]}, "properties": {"OBJECTID": 5107, "ROAD_CLASS": null, "OP2002_ROW": "TBD", "OP2018_ROW": "20 m", "Shape__Length": 90.66753877931713}}, {"type": "Feature", "id": 5108, "geometry": {"type": "LineString", "coordinates": [[-89.2558641028656, 48.4401411257051], [-89.257681186117, 48.4392770232428], [-89.2577381706271, 48.4392500274985], [-89.2577594767685, 48.4392400721126]]}, "properties": {"OBJECTID": 5108, "ROAD_CLASS": null, "OP2002_ROW": "TBD", "OP2018_ROW": "20 m", "Shape__Length": 172.34337251063408}}, {"type": "Feature", "id": 5109, "geometry": {"type": "LineString", "coordinates": [[-89.2282482612737, 48.4402063748066], [-89.2283550823096, 48.4402537563912]]}, "properties": {"OBJECTID": 5109, "ROAD_CLASS": null, "OP2002_ROW": "TBD", "OP2018_ROW": "20 m", "Shape__Length": 9.49807233757789}}, {"type": "Feature", "id": 5110, "geometry": {"type": "LineString", "coordinates": [[-89.2254822998488, 48.4617709976536], [-89.2255086459384, 48.4635255059769]]}, "properties": {"OBJECTID": 5110, "ROAD_CLASS": null, "OP2002_ROW": "30 m", "OP2018_ROW": "30 m", "Shape__Length": 195.0966641396395}}, {"type": "Feature", "id": 5111, "geometry": {"type": "LineString", "coordinates": [[-89.2499971082744, 48.4271748695574], [-89.2504805525936, 48.427016551964]]}, "properties": {"OBJECTID": 5111, "ROAD_CLASS": null, "OP2002_ROW": "26 m", "OP2018_ROW": "24 m", "Shape__Length": 39.87268421588835}}, {"type": "Feature", "id": 5112, "geometry": {"type": "LineString", "coordinates": [[-89.2142731032641, 48.4391199035171], [-89.2142767915249, 48.4393290898364]]}, "properties": {"OBJECTID": 5112, "ROAD_CLASS": null, "OP2002_ROW": "36 m", "OP2018_ROW": "36 m", "Shape__Length": 23.26123773234329}}, {"type": "Feature", "id": 5113, "geometry": {"type": "LineString", "coordinates": [[-89.2165573095622, 48.4410238942516], [-89.2164370812324, 48.4411386889219]]}, "properties": {"OBJECTID": 5113, "ROAD_CLASS": null, "OP2002_ROW": "TBD", "OP2018_ROW": "20 m", "Shape__Length": 15.557614274969493}}, {"type": "Feature", "id": 5114, "geometry": {"type": "LineString", "coordinates": [[-89.2510506191065, 48.3987186409348], [-89.2510616513772, 48.3990488581538]]}, "properties": {"OBJECTID": 5114, "ROAD_CLASS": null, "OP2002_ROW": "26 m", "OP2018_ROW": "24 m", "Shape__Length": 36.726436683267245}}, {"type": "Feature", "id": 5115, "geometry": {"type": "LineString", "coordinates": [[-89.272160697359, 48.46071673356], [-89.2721656525713, 48.4607182479997], [-89.2727225109903, 48.4608884215835]]}, "properties": {"OBJECTID": 5115, "ROAD_CLASS": null, "OP2002_ROW": "36 m", "OP2018_ROW": "36 m", "Shape__Length": 45.72456668721217}}, {"type": "Feature", "id": 5116, "geometry": {"type": "LineString", "coordinates": [[-89.2785754750543, 48.3800365724697], [-89.2785713643224, 48.3799380376802]]}, "properties": {"OBJECTID": 5116, "ROAD_CLASS": null, "OP2002_ROW": "26 m", "OP2018_ROW": "24 m", "Shape__Length": 10.960520891407425}}, {"type": "Feature", "id": 5117, "geometry": {"type": "LineString", "coordinates": [[-89.271377119656, 48.3742912208269], [-89.2716446874586, 48.3742972998687]]}, "properties": {"OBJECTID": 5117, "ROAD_CLASS": null, "OP2002_ROW": "30 m", "OP2018_ROW": "30 m", "Shape__Length": 19.83296233305795}}, {"type": "Feature", "id": 5118, "geometry": {"type": "LineString", "coordinates": [[-89.3609424656816, 48.3777779525091], [-89.3609439058342, 48.3780808368082]]}, "properties": {"OBJECTID": 5118, "ROAD_CLASS": null, "OP2002_ROW": "30 m", "OP2018_ROW": "24 m", "Shape__Length": 33.67936752789651}}, {"type": "Feature", "id": 5119, "geometry": {"type": "LineString", "coordinates": [[-89.2365415831834, 48.3947319813134], [-89.2365907257186, 48.3947284181333]]}, "properties": {"OBJECTID": 5119, "ROAD_CLASS": null, "OP2002_ROW": "TBD", "OP2018_ROW": "20 m", "Shape__Length": 3.6604897261820026}}, {"type": "Feature", "id": 5120, "geometry": {"type": "LineString", "coordinates": [[-89.2948339910029, 48.4693465819449], [-89.2989544084335, 48.4708661324042]]}, "properties": {"OBJECTID": 5120, "ROAD_CLASS": null, "OP2002_ROW": "36 m", "OP2018_ROW": "36 m", "Shape__Length": 348.38613896159353}}, {"type": "Feature", "id": 5121, "geometry": {"type": "LineString", "coordinates": [[-89.2744683986954, 48.4280522807181], [-89.2744809730631, 48.4285658296131], [-89.2744815251363, 48.4285908817268], [-89.2744817677858, 48.428609669703], [-89.2744817152118, 48.4286283555491], [-89.2744814215782, 48.4286532696324], [-89.2744754989904, 48.4290705859768], [-89.274474941255, 48.4291017269515], [-89.2744745535649, 48.4291141788585], [-89.274473935365, 48.4291266155298], [-89.2744721174874, 48.4291514553845], [-89.2744482723353, 48.4294308233015], [-89.2744447878568, 48.4294743539237], [-89.2744418679434, 48.4295182962569], [-89.2744413347627, 48.4295266419488], [-89.2744283126023, 48.4297305113665]]}, "properties": {"OBJECTID": 5121, "ROAD_CLASS": null, "OP2002_ROW": "36 m", "OP2018_ROW": "36 m", "Shape__Length": 186.70494750255517}}, {"type": "Feature", "id": 5122, "geometry": {"type": "LineString", "coordinates": [[-89.3125971305395, 48.3624952679142], [-89.3126369958453, 48.3623777951609], [-89.3126807739518, 48.362260942666], [-89.3127284431513, 48.3621447682993], [-89.3127799798095, 48.3620293295949], [-89.3128353583776, 48.3619146837217], [-89.3128945514044, 48.3618008874558], [-89.3129575295503, 48.3616879971521], [-89.3130242616019, 48.3615760687166], [-89.3130947144872, 48.3614651575784], [-89.3131688532927, 48.3613553186625], [-89.3132466412796, 48.3612466063627], [-89.3133280399032, 48.3611390745144], [-89.3134130088315, 48.361032776368], [-89.3135015059649, 48.3609277645627], [-89.3135934874578, 48.3608240911005], [-89.3136889077396, 48.3607218073201], [-89.3147400558169, 48.3596560222291], [-89.3147402210971, 48.3596558560474]]}, "properties": {"OBJECTID": 5122, "ROAD_CLASS": null, "OP2002_ROW": "PROVINCIAL HIGHWAY", "OP2018_ROW": "PROVINCIAL HIGHWAY", "Shape__Length": 356.1124476613633}}, {"type": "Feature", "id": 5123, "geometry": {"type": "LineString", "coordinates": [[-89.2241764330586, 48.460296422649], [-89.2255142501408, 48.4602754345255]]}, "properties": {"OBJECTID": 5123, "ROAD_CLASS": null, "OP2002_ROW": "TBD", "OP2018_ROW": "24 m", "Shape__Length": 98.96459022849234}}, {"type": "Feature", "id": 5124, "geometry": {"type": "LineString", "coordinates": [[-89.3061155655904, 48.3725011725801], [-89.3063858620933, 48.3724484618519], [-89.306653933954, 48.3723909292585], [-89.3069195874179, 48.3723286163855], [-89.3071826304804, 48.3722615682739], [-89.3074428730263, 48.3721898333866], [-89.3077001269667, 48.3721134635744], [-89.3079542063755, 48.3720325140374], [-89.3082049276236, 48.3719470432858], [-89.3084521095122, 48.3718571130974], [-89.3086955734032, 48.3717627884726], [-89.3089351433489, 48.3716641375877], [-89.3091706462191, 48.3715612317457], [-89.3094019118262, 48.3714541453239], [-89.3096287730483, 48.3713429557212], [-89.3098510659501, 48.3712277433012], [-89.3100686299013, 48.3711085913347], [-89.3100758171931, 48.3711045429436], [-89.310204286369, 48.3710167533334], [-89.3103297431161, 48.3709270506788], [-89.3104521232927, 48.3708354808534], [-89.3105713643316, 48.3707420906856], [-89.3106874052715, 48.3706469279344], [-89.3108001867892, 48.3705500412651], [-89.3109096512287, 48.370451480224], [-89.3110157426318, 48.3703512952137], [-89.3111184067658, 48.3702495374666], [-89.3112175911519, 48.3701462590194], [-89.3113132450913, 48.3700415126859], [-89.3114053196919, 48.3699353520302], [-89.3114937678925, 48.3698278313393], [-89.3115785444873, 48.3697190055954], [-89.311659606149, 48.3696089304477], [-89.3117369114506, 48.3694976621838], [-89.3118104208867, 48.3693852577011], [-89.3118800968938, 48.3692717744776], [-89.3119459038692, 48.3691572705425], [-89.3120078081894, 48.3690418044466], [-89.3120657782272, 48.3689254352323], [-89.3121197843676, 48.3688082224034], [-89.312169799023, 48.3686902258944], [-89.3122157966476, 48.3685715060404], [-89.3122577537499, 48.3684521235459], [-89.3122956489048, 48.3683321394536], [-89.3123294627648, 48.3682116151136], [-89.3123591780695, 48.3680906121517], [-89.3123847796544, 48.3679691924379], [-89.3124062544587, 48.367847418055], [-89.312423591532, 48.3677253512666], [-89.3124367820396, 48.3676030544854], [-89.312439155696, 48.3675842398394], [-89.3124405426942, 48.3675716946741], [-89.3124415662188, 48.3675591442222], [-89.312441844898, 48.3675528655862], [-89.312441913441, 48.3675466280658], [-89.3124415884898, 48.3675341479211], [-89.3124404903836, 48.3675154201912], [-89.3124314964878, 48.3673967850634], [-89.3124169557894, 48.3671442730522], [-89.3124224136083, 48.366870397448], [-89.3123938739733, 48.3647686901531], [-89.3123942121547, 48.3647498624503], [-89.3123956713832, 48.364712230889], [-89.3124092033317, 48.3637843756031], [-89.3124383570098, 48.3634301253996], [-89.3124592959861, 48.3630756173673], [-89.3124848709241, 48.3629296479046], [-89.3125163845847, 48.362784195068], [-89.3125538136749, 48.3626393661331], [-89.3125971305395, 48.3624952679142], [-89.3126369957844, 48.362377795149], [-89.3126807738386, 48.3622609426426], [-89.3127284429942, 48.3621447682652], [-89.3127799796172, 48.362029329551], [-89.3128353581583, 48.3619146836692], [-89.3128945511665, 48.3618008873962], [-89.3129575293019, 48.3616879970871], [-89.313024261351, 48.361576068648], [-89.3130947142419, 48.3614651575085], [-89.3131688530605, 48.3613553185937], [-89.3132466410682, 48.3612466062975], [-89.3133280397201, 48.3611390744556], [-89.3134130086838, 48.3610327763187], [-89.3135015058597, 48.3609277645263], [-89.3135934874018, 48.3608240910804], [-89.3136889077396, 48.3607218073201], [-89.3147400558169, 48.3596560222291], [-89.3147402210971, 48.3596558560474]]}, "properties": {"OBJECTID": 5124, "ROAD_CLASS": null, "OP2002_ROW": "PROVINCIAL HIGHWAY", "OP2018_ROW": "PROVINCIAL HIGHWAY", "Shape__Length": 1695.8866953545305}}, {"type": "Feature", "id": 5125, "geometry": {"type": "LineString", "coordinates": [[-89.3114557048688, 48.3625001536763], [-89.3120316842844, 48.3624966269379], [-89.3125072753071, 48.3624953053317], [-89.3125725529018, 48.3624951998988], [-89.3125971305395, 48.3624952679142]]}, "properties": {"OBJECTID": 5125, "ROAD_CLASS": null, "OP2002_ROW": "30 m", "OP2018_ROW": "30 m", "Shape__Length": 84.57963108581677}}, {"type": "Feature", "id": 5126, "geometry": {"type": "LineString", "coordinates": [[-89.2254913902131, 48.4556250876155], [-89.2254899577542, 48.4557268278093]]}, "properties": {"OBJECTID": 5126, "ROAD_CLASS": null, "OP2002_ROW": "26 m", "OP2018_ROW": "24 m", "Shape__Length": 11.313158448500685}}, {"type": "Feature", "id": 5127, "geometry": {"type": "LineString", "coordinates": [[-89.3050596213599, 48.3894430701658], [-89.304966475841, 48.3894997235288], [-89.3048749756779, 48.3895575541701], [-89.3047851544113, 48.3896165408947], [-89.3046970449672, 48.3896766620836], [-89.3046106796443, 48.3897378957023], [-89.3045260901026, 48.3898002193084], [-89.3044433073514, 48.3898636100597], [-89.3043623617384, 48.3899280447231]]}, "properties": {"OBJECTID": 5127, "ROAD_CLASS": null, "OP2002_ROW": "TBD", "OP2018_ROW": "24 m", "Shape__Length": 74.73547710089971}}, {"type": "Feature", "id": 5128, "geometry": {"type": "LineString", "coordinates": [[-89.2840965963953, 48.418996557674], [-89.2821881146223, 48.4267267782708], [-89.2821484938802, 48.4268418983774], [-89.2821060767679, 48.4269565762993], [-89.2820608743942, 48.4270707819514], [-89.2820128985988, 48.4271844853727], [-89.2819621619493, 48.4272976567335], [-89.281908677738, 48.4274102663435], [-89.281852459978, 48.4275222846597], [-89.2817935234001, 48.4276336822938], [-89.2817318834485, 48.4277444300204], [-89.281667556277, 48.4278544987843], [-89.2816005587448, 48.4279638597082], [-89.2815309084118, 48.4280724841003], [-89.2814586235345, 48.428180343462], [-89.2813837230608, 48.428287409495], [-89.2813062266253, 48.4283936541093], [-89.2812261545439, 48.4284990494298], [-89.2811435278087, 48.4286035678043], [-89.2810583680825, 48.4287071818106], [-89.2809706976931, 48.4288098642634], [-89.2808805396274, 48.4289115882216], [-89.2807879175254, 48.4290123269957], [-89.2806928556741, 48.4291120541543], [-89.2805953790009, 48.4292107435313], [-89.2804955130674, 48.4293083692327], [-89.2803932840625, 48.4294049056436], [-89.2802887187955, 48.4295003274346], [-89.2801818446892, 48.4295946095685], [-89.2800726897728, 48.4296877273073], [-89.2799612826742, 48.4297796562182], [-89.2798476526129, 48.42987037218], [-89.2797318293919, 48.42995985139], [-89.2796138433905, 48.4300480703697], [-89.2636822963666, 48.4434850579604]]}, "properties": {"OBJECTID": 5128, "ROAD_CLASS": null, "OP2002_ROW": "PROVINCIAL HIGHWAY", "OP2018_ROW": "PROVINCIAL HIGHWAY", "Shape__Length": 3194.4118118448105}}, {"type": "Feature", "id": 5129, "geometry": {"type": "LineString", "coordinates": [[-89.2564597648645, 48.4524553020332], [-89.2569914720357, 48.4526780546713]]}, "properties": {"OBJECTID": 5129, "ROAD_CLASS": null, "OP2002_ROW": "30 m", "OP2018_ROW": "30 m", "Shape__Length": 46.47784024016435}}, {"type": "Feature", "id": 5130, "geometry": {"type": "LineString", "coordinates": [[-89.2551342687955, 48.451989653523], [-89.2564597648645, 48.4524553020332]]}, "properties": {"OBJECTID": 5130, "ROAD_CLASS": null, "OP2002_ROW": "30 m", "OP2018_ROW": "30 m", "Shape__Length": 110.87435641684546}}, {"type": "Feature", "id": 5131, "geometry": {"type": "LineString", "coordinates": [[-89.2622944353327, 48.4536034206324], [-89.2626309075879, 48.4534787587856], [-89.2694064240627, 48.4504062209111]]}, "properties": {"OBJECTID": 5131, "ROAD_CLASS": null, "OP2002_ROW": null, "OP2018_ROW": "20 m", "Shape__Length": 635.0247577534038}}, {"type": "Feature", "id": 5132, "geometry": {"type": "LineString", "coordinates": [[-89.2702354130289, 48.4511995763899], [-89.2686579177296, 48.449689973513]]}, "properties": {"OBJECTID": 5132, "ROAD_CLASS": null, "OP2002_ROW": null, "OP2018_ROW": "20 m", "Shape__Length": 204.4304441633095}}, {"type": "Feature", "id": 5133, "geometry": {"type": "LineString", "coordinates": [[-89.2702354130289, 48.4511995763899], [-89.2708329427004, 48.4517753732907]]}, "properties": {"OBJECTID": 5133, "ROAD_CLASS": null, "OP2002_ROW": null, "OP2018_ROW": "20 m", "Shape__Length": 77.79859298750779}}, {"type": "Feature", "id": 5134, "geometry": {"type": "LineString", "coordinates": [[-89.271236694297, 48.4516007633066], [-89.2708329427004, 48.4517753732907], [-89.2644965616808, 48.4547021923572], [-89.2652054117607, 48.4553866626637]]}, "properties": {"OBJECTID": 5134, "ROAD_CLASS": null, "OP2002_ROW": null, "OP2018_ROW": "20 m", "Shape__Length": 698.6237156788044}}, {"type": "Feature", "id": 5135, "geometry": {"type": "LineString", "coordinates": [[-89.2653001392184, 48.455343076666], [-89.2659780511804, 48.4559846791818], [-89.2721633038262, 48.4531218933757]]}, "properties": {"OBJECTID": 5135, "ROAD_CLASS": null, "OP2002_ROW": null, "OP2018_ROW": "20 m", "Shape__Length": 644.5309054378362}}, {"type": "Feature", "id": 5136, "geometry": {"type": "LineString", "coordinates": [[-89.270325481576, 48.4539725793265], [-89.271089510052, 48.4547195941442]]}, "properties": {"OBJECTID": 5136, "ROAD_CLASS": null, "OP2002_ROW": null, "OP2018_ROW": "20 m", "Shape__Length": 100.46332989630261}}, {"type": "Feature", "id": 5137, "geometry": {"type": "LineString", "coordinates": [[-89.2874223323596, 48.4463880307385], [-89.2846295820174, 48.4463810747642]]}, "properties": {"OBJECTID": 5137, "ROAD_CLASS": null, "OP2002_ROW": null, "OP2018_ROW": "20 m", "Shape__Length": 206.59706758923022}}, {"type": "Feature", "id": 5138, "geometry": {"type": "LineString", "coordinates": [[-89.2860029342808, 48.4463845037026], [-89.2859922731, 48.4483270861973]]}, "properties": {"OBJECTID": 5138, "ROAD_CLASS": null, "OP2002_ROW": null, "OP2018_ROW": "20 m", "Shape__Length": 216.00410846786153}}, {"type": "Feature", "id": 5139, "geometry": {"type": "LineString", "coordinates": [[-89.2846365949878, 48.4456952131636], [-89.2817001403653, 48.4456962777407]]}, "properties": {"OBJECTID": 5139, "ROAD_CLASS": null, "OP2002_ROW": null, "OP2018_ROW": "20 m", "Shape__Length": 217.22902354168514}}, {"type": "Feature", "id": 5140, "geometry": {"type": "LineString", "coordinates": [[-89.283159395575, 48.4456957529772], [-89.2831142330043, 48.4483368720007]]}, "properties": {"OBJECTID": 5140, "ROAD_CLASS": null, "OP2002_ROW": null, "OP2018_ROW": "20 m", "Shape__Length": 293.6941627987252}}, {"type": "Feature", "id": 5141, "geometry": {"type": "LineString", "coordinates": [[-89.2817001403653, 48.4456962777407], [-89.2787103460122, 48.4456942050251]]}, "properties": {"OBJECTID": 5141, "ROAD_CLASS": null, "OP2002_ROW": null, "OP2018_ROW": "20 m", "Shape__Length": 221.17480565127562}}, {"type": "Feature", "id": 5142, "geometry": {"type": "LineString", "coordinates": [[-89.2802066764044, 48.4456952523847], [-89.2801860292892, 48.4483574187368]]}, "properties": {"OBJECTID": 5142, "ROAD_CLASS": null, "OP2002_ROW": null, "OP2018_ROW": "20 m", "Shape__Length": 296.01915946415437}}, {"type": "Feature", "id": 5143, "geometry": {"type": "LineString", "coordinates": [[-89.2801569968702, 48.4438107839599], [-89.2804926686476, 48.4438140883936], [-89.2812904994608, 48.4439720510087], [-89.281409856418, 48.4440006309325], [-89.2815229159526, 48.4440483803139], [-89.2816197016545, 48.4441321610396], [-89.2816561410743, 48.4442266597516], [-89.2816585348356, 48.4443599231436], [-89.2816660948819, 48.4446882543254]]}, "properties": {"OBJECTID": 5143, "ROAD_CLASS": null, "OP2002_ROW": null, "OP2018_ROW": "20 m", "Shape__Length": 179.636745815025}}, {"type": "Feature", "id": 5144, "geometry": {"type": "LineString", "coordinates": [[-89.2716803203772, 48.4465316056539], [-89.2716881108399, 48.444680574139]]}, "properties": {"OBJECTID": 5144, "ROAD_CLASS": null, "OP2002_ROW": null, "OP2018_ROW": "20 m", "Shape__Length": 205.82263587251424}}, {"type": "Feature", "id": 5145, "geometry": {"type": "LineString", "coordinates": [[-89.2716841875036, 48.4456127543875], [-89.2746826359907, 48.445603271758]]}, "properties": {"OBJECTID": 5145, "ROAD_CLASS": null, "OP2002_ROW": null, "OP2018_ROW": "20 m", "Shape__Length": 221.8172982193928}}, {"type": "Feature", "id": 5146, "geometry": {"type": "LineString", "coordinates": [[-89.2716803203772, 48.4465316056539], [-89.2716866171728, 48.4483684458797]]}, "properties": {"OBJECTID": 5146, "ROAD_CLASS": null, "OP2002_ROW": null, "OP2018_ROW": "20 m", "Shape__Length": 204.24444810523377}}, {"type": "Feature", "id": 5147, "geometry": {"type": "LineString", "coordinates": [[-89.2716834723943, 48.4474513573617], [-89.2746810739946, 48.447451035944]]}, "properties": {"OBJECTID": 5147, "ROAD_CLASS": null, "OP2002_ROW": null, "OP2018_ROW": "20 m", "Shape__Length": 221.74411554551597}}, {"type": "Feature", "id": 5148, "geometry": {"type": "LineString", "coordinates": [[-89.2716866171728, 48.4483684458797], [-89.2717086235578, 48.4495719470019]]}, "properties": {"OBJECTID": 5148, "ROAD_CLASS": null, "OP2002_ROW": null, "OP2018_ROW": "20 m", "Shape__Length": 133.8309269762656}}, {"type": "Feature", "id": 5149, "geometry": {"type": "LineString", "coordinates": [[-89.2717033360877, 48.4492827766315], [-89.2745622531626, 48.4492870214041], [-89.2745553273724, 48.4502081589094]]}, "properties": {"OBJECTID": 5149, "ROAD_CLASS": null, "OP2002_ROW": null, "OP2018_ROW": "20 m", "Shape__Length": 313.90351249185403}}, {"type": "Feature", "id": 5150, "geometry": {"type": "LineString", "coordinates": [[-89.3029289076623, 48.4715446939879], [-89.3029561019706, 48.4723859216168]]}, "properties": {"OBJECTID": 5150, "ROAD_CLASS": null, "OP2002_ROW": "30 m", "OP2018_ROW": "30 m", "Shape__Length": 93.56156401869951}}, {"type": "Feature", "id": 5151, "geometry": {"type": "LineString", "coordinates": [[-89.3125971305395, 48.3624952679142], [-89.3126384550852, 48.3624953805823], [-89.3132221739375, 48.362497612544], [-89.3132601976012, 48.3624980595215]]}, "properties": {"OBJECTID": 5151, "ROAD_CLASS": null, "OP2002_ROW": "30 m", "OP2018_ROW": "24 m", "Shape__Length": 49.133211299469316}}, {"type": "Feature", "id": 5152, "geometry": {"type": "LineString", "coordinates": [[-89.2949797890305, 48.3650740547739], [-89.2949700576075, 48.3639978403311]]}, "properties": {"OBJECTID": 5152, "ROAD_CLASS": null, "OP2002_ROW": "26 m", "OP2018_ROW": "24 m", "Shape__Length": 119.66902863762037}}, {"type": "Feature", "id": 5153, "geometry": {"type": "LineString", "coordinates": [[-89.223431779409, 48.4063820989761], [-89.2234173603898, 48.4037706363634], [-89.223401788315, 48.3962147135803]]}, "properties": {"OBJECTID": 5153, "ROAD_CLASS": null, "OP2002_ROW": "30 M", "OP2018_ROW": "30 m", "Shape__Length": 1130.520712740045}}, {"type": "Feature", "id": 5154, "geometry": {"type": "LineString", "coordinates": [[-89.2233766380974, 48.394737745795], [-89.2234189952017, 48.3940174563429], [-89.223449468412, 48.3939297321656], [-89.2234852868985, 48.3938429083966], [-89.2235263910647, 48.3937571294312], [-89.2235727125246, 48.3936725379264], [-89.2236241742164, 48.3935892745637], [-89.223680690531, 48.3935074778151], [-89.2237421674545, 48.3934272837129], [-89.2238085027246, 48.3933488256234], [-89.2239383228462, 48.3931611170039], [-89.2239653349442, 48.3931067424798], [-89.2239881843803, 48.3930515279132], [-89.2240068127167, 48.3929956145496], [-89.2240211723138, 48.3929391454214], [-89.2240312264529, 48.3928822649825], [-89.2240369494289, 48.3928251187382], [-89.2240383266166, 48.3927678528734], [-89.2240353545077, 48.3927106138786], [-89.2240857451416, 48.3917082144711]]}, "properties": {"OBJECTID": 5154, "ROAD_CLASS": null, "OP2002_ROW": "30 M", "OP2018_ROW": "Local Road", "Shape__Length": 345.700012525889}}, {"type": "Feature", "id": 5155, "geometry": {"type": "LineString", "coordinates": [[-89.2400161675311, 48.3742186491861], [-89.2400229008079, 48.3734059536189]]}, "properties": {"OBJECTID": 5155, "ROAD_CLASS": null, "OP2002_ROW": null, "OP2018_ROW": "Local Road", "Shape__Length": 90.3655565427778}}, {"type": "Feature", "id": 5156, "geometry": {"type": "LineString", "coordinates": [[-89.2395456900889, 48.3786368263477], [-89.2396125212804, 48.378492389679], [-89.2396727894729, 48.3783727441426], [-89.2397287589255, 48.3782521754761], [-89.2397803978562, 48.3781307522107], [-89.2398276769445, 48.3780085433628], [-89.2401784300301, 48.3764471970849], [-89.2401905117355, 48.3763977263516], [-89.240199807132, 48.3763479891461], [-89.2402063032154, 48.3762980550949], [-89.2402099909001, 48.3762479940997], [-89.2402108650321, 48.3761978762398], [-89.240208924396, 48.3761477716738], [-89.2402041717168, 48.3760977505415], [-89.2401966136558, 48.3760478828657], [-89.2401272668413, 48.3757600340086]]}, "properties": {"OBJECTID": 5156, "ROAD_CLASS": null, "OP2002_ROW": null, "OP2018_ROW": "Local Road", "Shape__Length": 325.48039938166426}}, {"type": "Feature", "id": 5157, "geometry": {"type": "LineString", "coordinates": [[-89.2401272668413, 48.3757600340086], [-89.2400529327331, 48.3753829029808], [-89.2400411089755, 48.3753332241962], [-89.2400330713777, 48.3752832106118], [-89.2400288404981, 48.3752329902195], [-89.2400284271527, 48.3751826915398], [-89.2400279850171, 48.3750058364491]]}, "properties": {"OBJECTID": 5157, "ROAD_CLASS": null, "OP2002_ROW": null, "OP2018_ROW": "Local Road", "Shape__Length": 84.33184435731786}}, {"type": "Feature", "id": 5158, "geometry": {"type": "LineString", "coordinates": [[-89.2400279850171, 48.3750058364491], [-89.2400161675311, 48.3742186491861]]}, "properties": {"OBJECTID": 5158, "ROAD_CLASS": null, "OP2002_ROW": null, "OP2018_ROW": "Local Road", "Shape__Length": 87.53228310128421}}, {"type": "Feature", "id": 5159, "geometry": {"type": "LineString", "coordinates": [[-89.224164703574, 48.389592444355], [-89.2242550103346, 48.3872519362517], [-89.2242648155068, 48.3871826362569], [-89.2242777017154, 48.3871135604101], [-89.2242936576136, 48.3870447694691], [-89.2243126691545, 48.3869763239409], [-89.2243347196037, 48.3869082840283], [-89.2243597895542, 48.3868407095772], [-89.2243878569432, 48.3867736600239], [-89.2244188970718, 48.3867071943425], [-89.2244528826267, 48.3866413709938], [-89.2244897837044, 48.3865762478729], [-89.2245295678372, 48.3865118822591], [-89.2245722000221, 48.3864483307651], [-89.2246176427513, 48.3863856492873], [-89.2246658560458, 48.3863238929568], [-89.2247167974899, 48.3862631160906], [-89.2247704222689, 48.3862033721443], [-89.2248266832087, 48.3861447136645], [-89.2248855308169, 48.3860871922432], [-89.2249469133267, 48.3860308584718], [-89.2250107767423, 48.3859757618973], [-89.2250770648863, 48.3859219509783], [-89.2251457194495, 48.3858694730423], [-89.2252166800417, 48.3858183742444], [-89.2252898842453, 48.3857686995266], [-89.2253652676698, 48.3857204925783], [-89.2254427640087, 48.3856737957978], [-89.2255223050979, 48.3856286502549], [-89.2256038209752, 48.3855850956553], [-89.2256872399423, 48.3855431703052], [-89.2257724886277, 48.3855029110776], [-89.2258594920513, 48.3854643533803], [-89.2259481736899, 48.3854275311245], [-89.2326193523027, 48.3832242401694], [-89.2328194190982, 48.3831525444542], [-89.233015632707, 48.3830762702656], [-89.2332077570885, 48.3829955093679], [-89.2333955611249, 48.3829103589222], [-89.2358674261862, 48.3817426696391], [-89.2360894148931, 48.3816276255512], [-89.2363169543264, 48.3815174992251], [-89.2365497990648, 48.3814124094238], [-89.2367876979699, 48.3813124694775], [-89.2370303944578, 48.3812177871623], [-89.2372776267752, 48.3811284645836], [-89.2375291282817, 48.3810445980662], [-89.2377846277375, 48.3809662780505], [-89.238923186641, 48.3806047405891], [-89.2390146258897, 48.3805715200023], [-89.2391019366835, 48.3805336903681], [-89.239184596559, 48.3804914780615], [-89.2392621108881, 48.3804451356834], [-89.2393340158374, 48.3803949405482], [-89.2393998811442, 48.3803411930245], [-89.2394593126907, 48.3802842147375], [-89.2395119548624, 48.380224346644], [-89.2395574926755, 48.3801619469921], [-89.2395956536617, 48.3800973891773], [-89.2396262094974, 48.3800310595079], [-89.2396489773703, 48.3799633548931], [-89.2396638210717, 48.3798946804683], [-89.2396706518116, 48.3798254471703], [-89.2396694287487, 48.3797560692785], [-89.2396601592344, 48.3796869619358], [-89.2394658820015, 48.3792908114405], [-89.2394417965481, 48.3792436552896], [-89.2394228929453, 48.3791954623332], [-89.2394092701572, 48.3791464849086], [-89.2394009994969, 48.37909697946], [-89.2393981242538, 48.3790472051954], [-89.2394006594666, 48.3789974227296], [-89.2394085918453, 48.3789478927197], [-89.2394218798411, 48.3788988745001], [-89.2395456900889, 48.3786368263477]]}, "properties": {"OBJECTID": 5159, "ROAD_CLASS": null, "OP2002_ROW": "30 M", "OP2018_ROW": "Local Road", "Shape__Length": 1856.0221368813127}}, {"type": "Feature", "id": 5160, "geometry": {"type": "LineString", "coordinates": [[-89.2240857451416, 48.3917082144711], [-89.224164703574, 48.389592444355]]}, "properties": {"OBJECTID": 5160, "ROAD_CLASS": null, "OP2002_ROW": "30 M", "OP2018_ROW": "Local Road", "Shape__Length": 235.32610842138314}}, {"type": "Feature", "id": 5161, "geometry": {"type": "LineString", "coordinates": [[-89.2331563904629, 48.4252266560971], [-89.233153797928, 48.425139132733], [-89.2331533894993, 48.4251203767336], [-89.2331531242123, 48.425095294632], [-89.2331470448726, 48.4237721483734]]}, "properties": {"OBJECTID": 5161, "ROAD_CLASS": null, "OP2002_ROW": null, "OP2018_ROW": "Local Road", "Shape__Length": 161.73157133477295}}, {"type": "Feature", "id": 5162, "geometry": {"type": "LineString", "coordinates": [[-89.2331470448726, 48.4237721483734], [-89.2331384972406, 48.4226814661713]]}, "properties": {"OBJECTID": 5162, "ROAD_CLASS": null, "OP2002_ROW": null, "OP2018_ROW": "Local Road", "Shape__Length": 121.27607126252038}}, {"type": "Feature", "id": 5163, "geometry": {"type": "LineString", "coordinates": [[-89.2331384972406, 48.4226814661713], [-89.2331643315755, 48.4219600604792], [-89.2331587298188, 48.4219174389276], [-89.2331474182744, 48.4218753222801], [-89.2331304877866, 48.4218340487277], [-89.2331080743179, 48.4217939496907], [-89.2330803578572, 48.4217553471574], [-89.2330475609738, 48.4217185510987], [-89.2330099470305, 48.4216838569795], [-89.232967818068, 48.4216515433856], [-89.2328165454626, 48.4215750112658]]}, "properties": {"OBJECTID": 5163, "ROAD_CLASS": null, "OP2002_ROW": null, "OP2018_ROW": "Local Road", "Shape__Length": 132.37027857794845}}, {"type": "Feature", "id": 5164, "geometry": {"type": "LineString", "coordinates": [[-89.3060402147607, 48.360199534956], [-89.3060405068166, 48.3597838586415], [-89.3060407793529, 48.3597338668368], [-89.3060717340885, 48.356906327015]]}, "properties": {"OBJECTID": 5164, "ROAD_CLASS": null, "OP2002_ROW": null, "OP2018_ROW": "30 M", "Shape__Length": 366.1889786593834}}]}